modelo,rmse,mae
ARIMA_WF_w30_p1_d1_q0,0.011537,0.008302
MLP_FINAL_w3_h128x64x32_actleaky_relu_d0.0_e50_lr0.001_b16,0.011695,0.007993
LSTM_FINAL_w6_h64_l1_d0.0_e50_lr0.001_b16,0.01173,0.007968
CNN_FINAL_w5_c16x32_k3_actrelu_d0.0_dense32_e50_lr0.001_b8,0.011925,0.008169
Persistencia_WF,0.013409,0.009766
