modelo,geocode,departamento,distrito,horizonte,y_true,y_pred,error,abs_error,squared_error,anio
MLP_FINAL_w6_h64x32_actleaky_relu_d0.0_e50_lr0.001_b16,010102,Amazonas,Asuncion,1,0.4378221021798675,0.44131350982131623,0.0034914076414487294,0.0034914076414487294,1.218992731876658e-05,2020
MLP_FINAL_w6_h64x32_actleaky_relu_d0.0_e50_lr0.001_b16,010102,Amazonas,Asuncion,2,0.4525182528641273,0.437759352585142,-0.014758900278985299,0.014758900278985299,0.00021782513744503232,2021
MLP_FINAL_w6_h64x32_actleaky_relu_d0.0_e50_lr0.001_b16,010102,Amazonas,Asuncion,3,0.44700721055427073,0.4482768913433536,0.0012696807890828499,0.0012696807890828499,1.6120893061660483e-06,2022
MLP_FINAL_w6_h64x32_actleaky_relu_d0.0_e50_lr0.001_b16,010102,Amazonas,Asuncion,4,0.44027146904012765,0.44358961965577764,0.003318150615649995,0.003318150615649995,1.1010123508138442e-05,2023
MLP_FINAL_w6_h64x32_actleaky_relu_d0.0_e50_lr0.001_b16,010102,Amazonas,Asuncion,5,0.4403990504182423,0.437287907213729,-0.003111143204513278,0.003111143204513278,9.679212038989148e-06,2024
MLP_FINAL_w6_h64x32_actleaky_relu_d0.0_e50_lr0.001_b16,010104,Amazonas,Cheto,1,0.5453453672764652,0.5531508584551793,0.007805491178714097,0.007805491178714097,6.092569254098358e-05,2020
MLP_FINAL_w6_h64x32_actleaky_relu_d0.0_e50_lr0.001_b16,010104,Amazonas,Cheto,2,0.5521104944668311,0.5402709914776771,-0.011839502989154038,0.011839502989154038,0.0001401738310301874,2021
MLP_FINAL_w6_h64x32_actleaky_relu_d0.0_e50_lr0.001_b16,010104,Amazonas,Cheto,3,0.5424875617582693,0.5500313928056743,0.00754383104740497,0.00754383104740497,5.690938687179116e-05,2022
MLP_FINAL_w6_h64x32_actleaky_relu_d0.0_e50_lr0.001_b16,010104,Amazonas,Cheto,4,0.5340911746190175,0.5405814647364066,0.006490290117389108,0.006490290117389108,4.212386580787872e-05,2023
MLP_FINAL_w6_h64x32_actleaky_relu_d0.0_e50_lr0.001_b16,010104,Amazonas,Cheto,5,0.5357477071328078,0.5307469982224882,-0.005000708910319673,0.005000708910319673,2.5007089605750574e-05,2024
MLP_FINAL_w6_h64x32_actleaky_relu_d0.0_e50_lr0.001_b16,010105,Amazonas,Chiliquin,1,0.5714303848457767,0.5730733421204467,0.0016429572746700094,0.0016429572746700094,2.6993086063911046e-06,2020
MLP_FINAL_w6_h64x32_actleaky_relu_d0.0_e50_lr0.001_b16,010105,Amazonas,Chiliquin,2,0.5850451003702989,0.5690878752767659,-0.015957225093533034,0.015957225093533034,0.0002546330326856803,2021
MLP_FINAL_w6_h64x32_actleaky_relu_d0.0_e50_lr0.001_b16,010105,Amazonas,Chiliquin,3,0.5817105193931944,0.5816989411622923,-1.1578230902142828e-05,1.1578230902142828e-05,1.3405543082333511e-10,2022
MLP_FINAL_w6_h64x32_actleaky_relu_d0.0_e50_lr0.001_b16,010105,Amazonas,Chiliquin,4,0.573408542946972,0.5799318444304652,0.006523301483493227,0.006523301483493227,4.255346224454493e-05,2023
MLP_FINAL_w6_h64x32_actleaky_relu_d0.0_e50_lr0.001_b16,010105,Amazonas,Chiliquin,5,0.5763412110347023,0.5722064197155288,-0.004134791319173492,0.004134791319173492,1.7096499253112464e-05,2024
MLP_FINAL_w6_h64x32_actleaky_relu_d0.0_e50_lr0.001_b16,010109,Amazonas,La Jalca,1,0.3125219384167383,0.2979991141645661,-0.014522824252172217,0.014522824252172217,0.00021091242425948153,2020
MLP_FINAL_w6_h64x32_actleaky_relu_d0.0_e50_lr0.001_b16,010109,Amazonas,La Jalca,2,0.31744416932084407,0.29433441163934293,-0.023109757681501142,0.023109757681501142,0.0005340609000977011,2021
MLP_FINAL_w6_h64x32_actleaky_relu_d0.0_e50_lr0.001_b16,010109,Amazonas,La Jalca,3,0.3227747994474942,0.2969277334522087,-0.025847065995285523,0.025847065995285523,0.0006680708205646452,2022
MLP_FINAL_w6_h64x32_actleaky_relu_d0.0_e50_lr0.001_b16,010109,Amazonas,La Jalca,4,0.3151442594389915,0.2980337668316584,-0.017110492607333105,0.017110492607333105,0.0002927689572656008,2023
MLP_FINAL_w6_h64x32_actleaky_relu_d0.0_e50_lr0.001_b16,010109,Amazonas,La Jalca,5,0.32066834382147724,0.29505209790404485,-0.02561624591743239,0.02561624591743239,0.0006561920549023716,2024
MLP_FINAL_w6_h64x32_actleaky_relu_d0.0_e50_lr0.001_b16,010111,Amazonas,Levanto,1,0.23986263997153984,0.22600689848988165,-0.01385574148165819,0.01385574148165819,0.0001919815720065435,2020
MLP_FINAL_w6_h64x32_actleaky_relu_d0.0_e50_lr0.001_b16,010111,Amazonas,Levanto,2,0.2406111678671134,0.231007937080073,-0.009603230787040395,0.009603230787040395,9.222204154916049e-05,2021
MLP_FINAL_w6_h64x32_actleaky_relu_d0.0_e50_lr0.001_b16,010111,Amazonas,Levanto,3,0.2381874497853912,0.23333186153784563,-0.004855588247545561,0.004855588247545561,2.3576737229702578e-05,2022
MLP_FINAL_w6_h64x32_actleaky_relu_d0.0_e50_lr0.001_b16,010111,Amazonas,Levanto,4,0.2314035024488546,0.2316543746345044,0.0002508721856497864,0.0002508721856497864,6.29368535327009e-08,2023
MLP_FINAL_w6_h64x32_actleaky_relu_d0.0_e50_lr0.001_b16,010111,Amazonas,Levanto,5,0.23357768599340184,0.22972096781541979,-0.0038567181779820547,0.0038567181779820547,1.487427510437722e-05,2024
MLP_FINAL_w6_h64x32_actleaky_relu_d0.0_e50_lr0.001_b16,010112,Amazonas,Magdalena,1,0.3664946788681671,0.3524709994062962,-0.014023679461870886,0.014023679461870886,0.0001966635856492993,2020
MLP_FINAL_w6_h64x32_actleaky_relu_d0.0_e50_lr0.001_b16,010112,Amazonas,Magdalena,2,0.37103041769833445,0.34809985443515457,-0.02293056326317988,0.02293056326317988,0.0005258107315666947,2021
MLP_FINAL_w6_h64x32_actleaky_relu_d0.0_e50_lr0.001_b16,010112,Amazonas,Magdalena,3,0.3810208472415263,0.3493713019297702,-0.03164954531175612,0.03164954531175612,0.0010016937184409039,2022
MLP_FINAL_w6_h64x32_actleaky_relu_d0.0_e50_lr0.001_b16,010112,Amazonas,Magdalena,4,0.37494912200186536,0.35253135763889,-0.02241776436297538,0.02241776436297538,0.0005025561590338888,2023
MLP_FINAL_w6_h64x32_actleaky_relu_d0.0_e50_lr0.001_b16,010112,Amazonas,Magdalena,5,0.38422406104294604,0.3514263842827599,-0.032797676760186134,0.032797676760186134,0.0010756876008656535,2024
MLP_FINAL_w6_h64x32_actleaky_relu_d0.0_e50_lr0.001_b16,010114,Amazonas,Molinopampa,1,0.5491697799818486,0.5428329463802584,-0.006336833601590208,0.006336833601590208,4.015546009424273e-05,2020
MLP_FINAL_w6_h64x32_actleaky_relu_d0.0_e50_lr0.001_b16,010114,Amazonas,Molinopampa,2,0.5483545668394921,0.5405266937100601,-0.007827873129432006,0.007827873129432006,6.127559773048362e-05,2021
MLP_FINAL_w6_h64x32_actleaky_relu_d0.0_e50_lr0.001_b16,010114,Amazonas,Molinopampa,3,0.536625504241246,0.5398593498772554,0.0032338456360093693,0.0032338456360093693,1.0457757597536842e-05,2022
MLP_FINAL_w6_h64x32_actleaky_relu_d0.0_e50_lr0.001_b16,010114,Amazonas,Molinopampa,4,0.5230152011426626,0.5294072825444808,0.006392081401818128,0.006392081401818128,4.0858704647469207e-05,2023
MLP_FINAL_w6_h64x32_actleaky_relu_d0.0_e50_lr0.001_b16,010114,Amazonas,Molinopampa,5,0.5128930814479307,0.515228303356619,0.0023352219086882897,0.0023352219086882897,5.453261362817779e-06,2024
MLP_FINAL_w6_h64x32_actleaky_relu_d0.0_e50_lr0.001_b16,010115,Amazonas,Montevideo,1,0.6583167263338214,0.6631018104112854,0.004785084077463919,0.004785084077463919,2.2897029628398728e-05,2020
MLP_FINAL_w6_h64x32_actleaky_relu_d0.0_e50_lr0.001_b16,010115,Amazonas,Montevideo,2,0.6555285999973202,0.6592692203831505,0.00374062038583034,0.00374062038583034,1.399224087088952e-05,2021
MLP_FINAL_w6_h64x32_actleaky_relu_d0.0_e50_lr0.001_b16,010115,Amazonas,Montevideo,3,0.6586850844373988,0.6586877471150232,2.662677624387655e-06,2.662677624387655e-06,7.089852131414686e-12,2022
MLP_FINAL_w6_h64x32_actleaky_relu_d0.0_e50_lr0.001_b16,010115,Amazonas,Montevideo,4,0.6546329307695194,0.6584194476412254,0.003786516871705947,0.003786516871705947,1.4337710019713793e-05,2023
MLP_FINAL_w6_h64x32_actleaky_relu_d0.0_e50_lr0.001_b16,010115,Amazonas,Montevideo,5,0.5954754332814817,0.642052586631275,0.04657715334979329,0.04657715334979329,0.00216943121417016,2024
MLP_FINAL_w6_h64x32_actleaky_relu_d0.0_e50_lr0.001_b16,010117,Amazonas,Quinjalca,1,0.34440442385298686,0.34822064661629337,0.0038162227633065093,0.0038162227633065093,1.456355617917877e-05,2020
MLP_FINAL_w6_h64x32_actleaky_relu_d0.0_e50_lr0.001_b16,010117,Amazonas,Quinjalca,2,0.34855606828101027,0.34000169271078484,-0.008554375570225425,0.008554375570225425,7.317734139646957e-05,2021
MLP_FINAL_w6_h64x32_actleaky_relu_d0.0_e50_lr0.001_b16,010117,Amazonas,Quinjalca,3,0.34124484767822594,0.34536515832169357,0.004120310643467628,0.004120310643467628,1.6976959798672622e-05,2022
MLP_FINAL_w6_h64x32_actleaky_relu_d0.0_e50_lr0.001_b16,010117,Amazonas,Quinjalca,4,0.33954104948177205,0.3371316417148651,-0.002409407766906957,0.002409407766906957,5.805245787231569e-06,2023
MLP_FINAL_w6_h64x32_actleaky_relu_d0.0_e50_lr0.001_b16,010117,Amazonas,Quinjalca,5,0.34265750542220874,0.3368416622403154,-0.005815843181893321,0.005815843181893321,3.3824031916375027e-05,2024
MLP_FINAL_w6_h64x32_actleaky_relu_d0.0_e50_lr0.001_b16,010119,Amazonas,San Isidro De Maino,1,0.3787988743123183,0.3691225271548728,-0.009676347157445475,0.009676347157445475,9.363169431140313e-05,2020
MLP_FINAL_w6_h64x32_actleaky_relu_d0.0_e50_lr0.001_b16,010119,Amazonas,San Isidro De Maino,2,0.3919599976558022,0.3678355452708943,-0.024124452384907902,0.024124452384907902,0.0005819892028716885,2021
MLP_FINAL_w6_h64x32_actleaky_relu_d0.0_e50_lr0.001_b16,010119,Amazonas,San Isidro De Maino,3,0.39453786079525643,0.3766321235503338,-0.017905737244922615,0.017905737244922615,0.0003206154262842089,2022
MLP_FINAL_w6_h64x32_actleaky_relu_d0.0_e50_lr0.001_b16,010119,Amazonas,San Isidro De Maino,4,0.37741520315839777,0.37865813097798473,0.0012429278195869586,0.0012429278195869586,1.5448695647031912e-06,2023
MLP_FINAL_w6_h64x32_actleaky_relu_d0.0_e50_lr0.001_b16,010119,Amazonas,San Isidro De Maino,5,0.38737255745015164,0.36967734840810607,-0.01769520904204558,0.01769520904204558,0.0003131204230416916,2024
MLP_FINAL_w6_h64x32_actleaky_relu_d0.0_e50_lr0.001_b16,010120,Amazonas,Soloco,1,0.5112683780272115,0.5168558855609071,0.005587507533695635,0.005587507533695635,3.122024043910548e-05,2020
MLP_FINAL_w6_h64x32_actleaky_relu_d0.0_e50_lr0.001_b16,010120,Amazonas,Soloco,2,0.5130760663960691,0.5104964822961361,-0.0025795840999329744,0.0025795840999329744,6.654254128627014e-06,2021
MLP_FINAL_w6_h64x32_actleaky_relu_d0.0_e50_lr0.001_b16,010120,Amazonas,Soloco,3,0.5114943396648496,0.5127984365086765,0.0013040968438269296,0.0013040968438269296,1.7006685780793592e-06,2022
MLP_FINAL_w6_h64x32_actleaky_relu_d0.0_e50_lr0.001_b16,010120,Amazonas,Soloco,4,0.4987691051665165,0.5098787000744797,0.01110959490796315,0.01110959490796315,0.00012342309901904074,2023
MLP_FINAL_w6_h64x32_actleaky_relu_d0.0_e50_lr0.001_b16,010120,Amazonas,Soloco,5,0.5010762822022882,0.4994483056440864,-0.0016279765582017935,0.0016279765582017935,2.6503076740545578e-06,2024
MLP_FINAL_w6_h64x32_actleaky_relu_d0.0_e50_lr0.001_b16,010202,Amazonas,Aramango,1,0.7765053513870049,0.7714336950528047,-0.0050716563342002585,0.0050716563342002585,2.5721697972233605e-05,2020
MLP_FINAL_w6_h64x32_actleaky_relu_d0.0_e50_lr0.001_b16,010202,Amazonas,Aramango,2,0.7667943768011176,0.7699626098329889,0.0031682330318713037,0.0031682330318713037,1.0037700544240433e-05,2021
MLP_FINAL_w6_h64x32_actleaky_relu_d0.0_e50_lr0.001_b16,010202,Amazonas,Aramango,3,0.7618061846840143,0.7593301216412218,-0.0024760630427924646,0.0024760630427924646,6.130888191882679e-06,2022
MLP_FINAL_w6_h64x32_actleaky_relu_d0.0_e50_lr0.001_b16,010202,Amazonas,Aramango,4,0.7634823844161817,0.751307814680833,-0.012174569735348695,0.012174569735348695,0.00014822014824086838,2023
MLP_FINAL_w6_h64x32_actleaky_relu_d0.0_e50_lr0.001_b16,010202,Amazonas,Aramango,5,0.7633451113962875,0.7540379047405836,-0.009307206655703837,0.009307206655703837,8.66240957319778e-05,2024
MLP_FINAL_w6_h64x32_actleaky_relu_d0.0_e50_lr0.001_b16,010203,Amazonas,Copallin,1,0.5152660012246317,0.5314305681414202,0.01616456691678847,0.01616456691678847,0.0002612932236073323,2020
MLP_FINAL_w6_h64x32_actleaky_relu_d0.0_e50_lr0.001_b16,010203,Amazonas,Copallin,2,0.5184765460653046,0.5210460615211165,0.002569515455811966,0.002569515455811966,6.602409677656575e-06,2021
MLP_FINAL_w6_h64x32_actleaky_relu_d0.0_e50_lr0.001_b16,010203,Amazonas,Copallin,3,0.5213543772695849,0.5236088098637719,0.002254432594187006,0.002254432594187006,5.082466321732753e-06,2022
MLP_FINAL_w6_h64x32_actleaky_relu_d0.0_e50_lr0.001_b16,010203,Amazonas,Copallin,4,0.5140968562335638,0.5264167800892035,0.012319923855639625,0.012319923855639625,0.00015178052380875832,2023
MLP_FINAL_w6_h64x32_actleaky_relu_d0.0_e50_lr0.001_b16,010203,Amazonas,Copallin,5,0.5169836877772134,0.5201889317125801,0.0032052439353666973,0.0032052439353666973,1.0273588685204992e-05,2024
MLP_FINAL_w6_h64x32_actleaky_relu_d0.0_e50_lr0.001_b16,010204,Amazonas,El Parco,1,0.2788386374116376,0.2909923347830494,0.012153697371411809,0.012153697371411809,0.0001477123597958623,2020
MLP_FINAL_w6_h64x32_actleaky_relu_d0.0_e50_lr0.001_b16,010204,Amazonas,El Parco,2,0.25944964991737385,0.2718711546088993,0.012421504691525476,0.012421504691525476,0.0001542937788015894,2021
MLP_FINAL_w6_h64x32_actleaky_relu_d0.0_e50_lr0.001_b16,010204,Amazonas,El Parco,3,0.2719839461378399,0.2530605612674058,-0.0189233848704341,0.0189233848704341,0.0003580944949545742,2022
MLP_FINAL_w6_h64x32_actleaky_relu_d0.0_e50_lr0.001_b16,010204,Amazonas,El Parco,4,0.28309831588298834,0.26784415125621114,-0.0152541646267772,0.0152541646267772,0.0002326895384608208,2023
MLP_FINAL_w6_h64x32_actleaky_relu_d0.0_e50_lr0.001_b16,010204,Amazonas,El Parco,5,0.2777124888277651,0.2797031116674602,0.0019906228396950887,0.0019906228396950887,3.962579289915739e-06,2024
MLP_FINAL_w6_h64x32_actleaky_relu_d0.0_e50_lr0.001_b16,010206,Amazonas,La Peca,1,0.3393517722225889,0.3424331464388754,0.0030813742162865143,0.0030813742162865143,9.49486706079533e-06,2020
MLP_FINAL_w6_h64x32_actleaky_relu_d0.0_e50_lr0.001_b16,010206,Amazonas,La Peca,2,0.3405636565021005,0.3404240741456884,-0.0001395823564120935,0.0001395823564120935,1.9483234221552695e-08,2021
MLP_FINAL_w6_h64x32_actleaky_relu_d0.0_e50_lr0.001_b16,010206,Amazonas,La Peca,3,0.33556150741128854,0.3406279141061914,0.005066406694902881,0.005066406694902881,2.566847679815673e-05,2022
MLP_FINAL_w6_h64x32_actleaky_relu_d0.0_e50_lr0.001_b16,010206,Amazonas,La Peca,4,0.3283419662063285,0.3363452179856141,0.008003251779285625,0.008003251779285625,6.405203904263852e-05,2023
MLP_FINAL_w6_h64x32_actleaky_relu_d0.0_e50_lr0.001_b16,010206,Amazonas,La Peca,5,0.32350742699327306,0.32907321824565683,0.005565791252383767,0.005565791252383767,3.0978032265111665e-05,2024
MLP_FINAL_w6_h64x32_actleaky_relu_d0.0_e50_lr0.001_b16,010301,Amazonas,Jumbilla,1,0.41393055837113896,0.4180049851480561,0.004074426776917162,0.004074426776917162,1.660095356045957e-05,2020
MLP_FINAL_w6_h64x32_actleaky_relu_d0.0_e50_lr0.001_b16,010301,Amazonas,Jumbilla,2,0.4207988406582136,0.41951777723776984,-0.001281063420443762,0.001281063420443762,1.6411234871990712e-06,2021
MLP_FINAL_w6_h64x32_actleaky_relu_d0.0_e50_lr0.001_b16,010301,Amazonas,Jumbilla,3,0.4122092950285613,0.42494836503959765,0.012739070011036357,0.012739070011036357,0.00016228390474608585,2022
MLP_FINAL_w6_h64x32_actleaky_relu_d0.0_e50_lr0.001_b16,010301,Amazonas,Jumbilla,4,0.4029637211572999,0.4176483630169463,0.014684641859646408,0.014684641859646408,0.00021563870654607952,2023
MLP_FINAL_w6_h64x32_actleaky_relu_d0.0_e50_lr0.001_b16,010301,Amazonas,Jumbilla,5,0.4043822595068417,0.41176123326680675,0.007378973759965046,0.007378973759965046,5.444925375025269e-05,2024
MLP_FINAL_w6_h64x32_actleaky_relu_d0.0_e50_lr0.001_b16,010302,Amazonas,Chisquilla,1,0.7520271414578154,0.7409439162073441,-0.01108322525047123,0.01108322525047123,0.00012283788195268305,2020
MLP_FINAL_w6_h64x32_actleaky_relu_d0.0_e50_lr0.001_b16,010302,Amazonas,Chisquilla,2,0.7532035654334197,0.7437037626359962,-0.009499802797423462,0.009499802797423462,9.024625318993464e-05,2021
MLP_FINAL_w6_h64x32_actleaky_relu_d0.0_e50_lr0.001_b16,010302,Amazonas,Chisquilla,3,0.7361508567163325,0.7453315041592655,0.00918064744293301,0.00918064744293301,8.428428747143241e-05,2022
MLP_FINAL_w6_h64x32_actleaky_relu_d0.0_e50_lr0.001_b16,010302,Amazonas,Chisquilla,4,0.7332482983386103,0.7302421226813924,-0.0030061756572178355,0.0030061756572178355,9.037092082049085e-06,2023
MLP_FINAL_w6_h64x32_actleaky_relu_d0.0_e50_lr0.001_b16,010302,Amazonas,Chisquilla,5,0.7342542983269309,0.7246138531497758,-0.009640445177155121,0.009640445177155121,9.293818321373343e-05,2024
MLP_FINAL_w6_h64x32_actleaky_relu_d0.0_e50_lr0.001_b16,010303,Amazonas,Churuja,1,0.7446820127281276,0.7450796476662476,0.00039763493811995065,0.00039763493811995065,1.5811354401365697e-07,2020
MLP_FINAL_w6_h64x32_actleaky_relu_d0.0_e50_lr0.001_b16,010303,Amazonas,Churuja,2,0.7587421620399244,0.7493832161507616,-0.00935894588916275,0.00935894588916275,8.758986815627635e-05,2021
MLP_FINAL_w6_h64x32_actleaky_relu_d0.0_e50_lr0.001_b16,010303,Amazonas,Churuja,3,0.774479394436655,0.7491528882265928,-0.025326506210062272,0.025326506210062272,0.0006414319168083229,2022
MLP_FINAL_w6_h64x32_actleaky_relu_d0.0_e50_lr0.001_b16,010303,Amazonas,Churuja,4,0.7756813094492317,0.7568989076803108,-0.018782401768920987,0.018782401768920987,0.0003527786162091662,2023
MLP_FINAL_w6_h64x32_actleaky_relu_d0.0_e50_lr0.001_b16,010303,Amazonas,Churuja,5,0.7752341058015931,0.7708088617831738,-0.004425244018419372,0.004425244018419372,1.958278462255643e-05,2024
MLP_FINAL_w6_h64x32_actleaky_relu_d0.0_e50_lr0.001_b16,010304,Amazonas,Corosha,1,0.7392527499554493,0.7235842928812435,-0.015668457074205833,0.015668457074205833,0.0002455005470862308,2020
MLP_FINAL_w6_h64x32_actleaky_relu_d0.0_e50_lr0.001_b16,010304,Amazonas,Corosha,2,0.7412899633439078,0.7268407349964997,-0.014449228347408138,0.014449228347408138,0.00020878019983554293,2021
MLP_FINAL_w6_h64x32_actleaky_relu_d0.0_e50_lr0.001_b16,010304,Amazonas,Corosha,3,0.7341805636095893,0.728794787031667,-0.005385776577922274,0.005385776577922274,2.9006589347296164e-05,2022
MLP_FINAL_w6_h64x32_actleaky_relu_d0.0_e50_lr0.001_b16,010304,Amazonas,Corosha,4,0.7282906702272234,0.723310781626124,-0.004979888601099325,0.004979888601099325,2.4799290479358992e-05,2023
MLP_FINAL_w6_h64x32_actleaky_relu_d0.0_e50_lr0.001_b16,010304,Amazonas,Corosha,5,0.7301616113864002,0.7168128386766884,-0.013348772709711798,0.013348772709711798,0.00017818973285554647,2024
MLP_FINAL_w6_h64x32_actleaky_relu_d0.0_e50_lr0.001_b16,010305,Amazonas,Cuispes,1,0.6648435044414166,0.65814965908705,-0.006693845354366568,0.006693845354366568,4.480756562817488e-05,2020
MLP_FINAL_w6_h64x32_actleaky_relu_d0.0_e50_lr0.001_b16,010305,Amazonas,Cuispes,2,0.6788076206881835,0.6580062025977911,-0.020801418090392376,0.020801418090392376,0.0004326989945713032,2021
MLP_FINAL_w6_h64x32_actleaky_relu_d0.0_e50_lr0.001_b16,010305,Amazonas,Cuispes,3,0.6911022633031326,0.6753325109052744,-0.015769752397858272,0.015769752397858272,0.0002486850906897567,2022
MLP_FINAL_w6_h64x32_actleaky_relu_d0.0_e50_lr0.001_b16,010305,Amazonas,Cuispes,4,0.6739745705555057,0.689425621894582,0.015451051339076316,0.015451051339076316,0.000238734987482772,2023
MLP_FINAL_w6_h64x32_actleaky_relu_d0.0_e50_lr0.001_b16,010305,Amazonas,Cuispes,5,0.6722867484247979,0.6711490279196859,-0.001137720505111961,0.001137720505111961,1.2944079477522156e-06,2024
MLP_FINAL_w6_h64x32_actleaky_relu_d0.0_e50_lr0.001_b16,010306,Amazonas,Florida,1,0.49302297744687784,0.4952108434948099,0.0021878660479320855,0.0021878660479320855,4.786757843693962e-06,2020
MLP_FINAL_w6_h64x32_actleaky_relu_d0.0_e50_lr0.001_b16,010306,Amazonas,Florida,2,0.5026181350205998,0.4942516170354687,-0.008366517985131106,0.008366517985131106,6.999862319552225e-05,2021
MLP_FINAL_w6_h64x32_actleaky_relu_d0.0_e50_lr0.001_b16,010306,Amazonas,Florida,3,0.49502214672458755,0.5058430998064759,0.010820953081888351,0.010820953081888351,0.00011709302560042902,2022
MLP_FINAL_w6_h64x32_actleaky_relu_d0.0_e50_lr0.001_b16,010306,Amazonas,Florida,4,0.48031088755319157,0.49792329804754626,0.01761241049435469,0.01761241049435469,0.0003101970034216553,2023
MLP_FINAL_w6_h64x32_actleaky_relu_d0.0_e50_lr0.001_b16,010306,Amazonas,Florida,5,0.48155686293982247,0.4809665592988628,-0.0005903036409596885,0.0005903036409596885,3.4845838853026477e-07,2024
MLP_FINAL_w6_h64x32_actleaky_relu_d0.0_e50_lr0.001_b16,010307,Amazonas,Jazan,1,0.3945542280600848,0.4000338040824706,0.0054795760223858014,0.0054795760223858014,3.00257533851054e-05,2020
MLP_FINAL_w6_h64x32_actleaky_relu_d0.0_e50_lr0.001_b16,010307,Amazonas,Jazan,2,0.3733253429467196,0.39886003016516536,0.025534687218445762,0.025534687218445762,0.0006520202513438574,2021
MLP_FINAL_w6_h64x32_actleaky_relu_d0.0_e50_lr0.001_b16,010307,Amazonas,Jazan,3,0.3791257148358761,0.38550393824681783,0.006378223410941741,0.006378223410941741,4.06817338798853e-05,2022
MLP_FINAL_w6_h64x32_actleaky_relu_d0.0_e50_lr0.001_b16,010307,Amazonas,Jazan,4,0.37791632918276086,0.38504257571626677,0.007126246533505909,0.007126246533505909,5.078338965630498e-05,2023
MLP_FINAL_w6_h64x32_actleaky_relu_d0.0_e50_lr0.001_b16,010307,Amazonas,Jazan,5,0.3614662815808687,0.3850478632135398,0.0235815816326711,0.0235815816326711,0.000556090992298331,2024
MLP_FINAL_w6_h64x32_actleaky_relu_d0.0_e50_lr0.001_b16,010308,Amazonas,Recta,1,0.3407029233753817,0.3452480762221735,0.0045451528467918,0.0045451528467918,2.0658414400699605e-05,2020
MLP_FINAL_w6_h64x32_actleaky_relu_d0.0_e50_lr0.001_b16,010308,Amazonas,Recta,2,0.34596839992584927,0.342528460202367,-0.003439939723482277,0.003439939723482277,1.1833185301191324e-05,2021
MLP_FINAL_w6_h64x32_actleaky_relu_d0.0_e50_lr0.001_b16,010308,Amazonas,Recta,3,0.3286493729690261,0.34652555575425087,0.017876182785224792,0.017876182785224792,0.00031955791097076723,2022
MLP_FINAL_w6_h64x32_actleaky_relu_d0.0_e50_lr0.001_b16,010308,Amazonas,Recta,4,0.31539046247430474,0.32968523028085006,0.014294767806545317,0.014294767806545317,0.0002043403866430444,2023
MLP_FINAL_w6_h64x32_actleaky_relu_d0.0_e50_lr0.001_b16,010308,Amazonas,Recta,5,0.31624689821995333,0.3156207651598233,-0.0006261330601300408,0.0006261330601300408,3.9204260898780923e-07,2024
MLP_FINAL_w6_h64x32_actleaky_relu_d0.0_e50_lr0.001_b16,010310,Amazonas,Shipasbamba,1,0.7187765823536353,0.7183154722095888,-0.00046111014404648376,0.00046111014404648376,2.12622564942569e-07,2020
MLP_FINAL_w6_h64x32_actleaky_relu_d0.0_e50_lr0.001_b16,010310,Amazonas,Shipasbamba,2,0.7318407892793228,0.7180125579266745,-0.013828231352648324,0.013828231352648324,0.00019121998234236608,2021
MLP_FINAL_w6_h64x32_actleaky_relu_d0.0_e50_lr0.001_b16,010310,Amazonas,Shipasbamba,3,0.7406684868147891,0.7321398925260165,-0.008528594288772617,0.008528594288772617,7.273692054248491e-05,2022
MLP_FINAL_w6_h64x32_actleaky_relu_d0.0_e50_lr0.001_b16,010310,Amazonas,Shipasbamba,4,0.7263908434325863,0.7406363075354427,0.014245464102856431,0.014245464102856431,0.00020293324750577117,2023
MLP_FINAL_w6_h64x32_actleaky_relu_d0.0_e50_lr0.001_b16,010310,Amazonas,Shipasbamba,5,0.722956304780304,0.7253330032562048,0.002376698475900718,0.002376698475900718,5.648695645348796e-06,2024
MLP_FINAL_w6_h64x32_actleaky_relu_d0.0_e50_lr0.001_b16,010311,Amazonas,Valera,1,0.37051602876315054,0.3684680006129665,-0.002048028150184067,0.002048028150184067,4.194419303946371e-06,2020
MLP_FINAL_w6_h64x32_actleaky_relu_d0.0_e50_lr0.001_b16,010311,Amazonas,Valera,2,0.3778681990763188,0.37040277031917634,-0.007465428757142456,0.007465428757142456,5.5732626527969555e-05,2021
MLP_FINAL_w6_h64x32_actleaky_relu_d0.0_e50_lr0.001_b16,010311,Amazonas,Valera,3,0.3777428260801201,0.37696036481899264,-0.0007824612611274651,0.0007824612611274651,6.12245625165183e-07,2022
MLP_FINAL_w6_h64x32_actleaky_relu_d0.0_e50_lr0.001_b16,010311,Amazonas,Valera,4,0.37440299546371825,0.37707008985190127,0.0026670943881830222,0.0026670943881830222,7.113392475477369e-06,2023
MLP_FINAL_w6_h64x32_actleaky_relu_d0.0_e50_lr0.001_b16,010311,Amazonas,Valera,5,0.37023105916071875,0.37598319998883145,0.005752140828112706,0.005752140828112706,3.308712410644113e-05,2024
MLP_FINAL_w6_h64x32_actleaky_relu_d0.0_e50_lr0.001_b16,010502,Amazonas,Camporredondo,1,0.6314155428630985,0.6322716378869657,0.0008560950238671872,0.0008560950238671872,7.328986898901597e-07,2020
MLP_FINAL_w6_h64x32_actleaky_relu_d0.0_e50_lr0.001_b16,010502,Amazonas,Camporredondo,2,0.6259368060258408,0.6274001366703003,0.0014633306444594707,0.0014633306444594707,2.14133657501417e-06,2021
MLP_FINAL_w6_h64x32_actleaky_relu_d0.0_e50_lr0.001_b16,010502,Amazonas,Camporredondo,3,0.6303018937208702,0.6227347595120052,-0.007567134208865012,0.007567134208865012,5.726152013497511e-05,2022
MLP_FINAL_w6_h64x32_actleaky_relu_d0.0_e50_lr0.001_b16,010502,Amazonas,Camporredondo,4,0.6253352743402542,0.6301052720144009,0.004769997674146764,0.004769997674146764,2.275287781136554e-05,2023
MLP_FINAL_w6_h64x32_actleaky_relu_d0.0_e50_lr0.001_b16,010502,Amazonas,Camporredondo,5,0.617462752460729,0.6262746758396529,0.008811923378923892,0.008811923378923892,7.764999363602546e-05,2024
MLP_FINAL_w6_h64x32_actleaky_relu_d0.0_e50_lr0.001_b16,010503,Amazonas,Cocabamba,1,0.4168783065525238,0.431716487742291,0.014838181189767208,0.014838181189767208,0.0002201716210203614,2020
MLP_FINAL_w6_h64x32_actleaky_relu_d0.0_e50_lr0.001_b16,010503,Amazonas,Cocabamba,2,0.4340696890346062,0.434003475435104,-6.621359950220729e-05,6.621359950220729e-05,4.3842407590387055e-09,2021
MLP_FINAL_w6_h64x32_actleaky_relu_d0.0_e50_lr0.001_b16,010503,Amazonas,Cocabamba,3,0.44108951048875206,0.44218035651028276,0.0010908460215307003,0.0010908460215307003,1.189945042689357e-06,2022
MLP_FINAL_w6_h64x32_actleaky_relu_d0.0_e50_lr0.001_b16,010503,Amazonas,Cocabamba,4,0.4439156651618457,0.4439846928708751,6.902770902939004e-05,6.902770902939004e-05,4.764824613846135e-09,2023
MLP_FINAL_w6_h64x32_actleaky_relu_d0.0_e50_lr0.001_b16,010503,Amazonas,Cocabamba,5,0.4519461368256609,0.4351431771742777,-0.01680295965138323,0.01680295965138323,0.00028233945304601286,2024
MLP_FINAL_w6_h64x32_actleaky_relu_d0.0_e50_lr0.001_b16,010507,Amazonas,Longuita,1,0.29933951365225964,0.3051894290122844,0.005849915360024771,0.005849915360024771,3.422150971945375e-05,2020
MLP_FINAL_w6_h64x32_actleaky_relu_d0.0_e50_lr0.001_b16,010507,Amazonas,Longuita,2,0.3056262343359304,0.30255660871143664,-0.0030696256244937548,0.0030696256244937548,9.422601474548673e-06,2021
MLP_FINAL_w6_h64x32_actleaky_relu_d0.0_e50_lr0.001_b16,010507,Amazonas,Longuita,3,0.30265710901759935,0.31583362793786857,0.01317651892026922,0.01317651892026922,0.00017362065085621274,2022
MLP_FINAL_w6_h64x32_actleaky_relu_d0.0_e50_lr0.001_b16,010507,Amazonas,Longuita,4,0.2989608077019905,0.3093831841286133,0.010422376426622804,0.010422376426622804,0.00010862593037822272,2023
MLP_FINAL_w6_h64x32_actleaky_relu_d0.0_e50_lr0.001_b16,010507,Amazonas,Longuita,5,0.30035448598082154,0.3059467904355217,0.005592304454700159,0.005592304454700159,3.127386911405924e-05,2024
MLP_FINAL_w6_h64x32_actleaky_relu_d0.0_e50_lr0.001_b16,010508,Amazonas,Lonya Chico,1,0.28718531150783844,0.28079849433641246,-0.006386817171425974,0.006386817171425974,4.0791433581221676e-05,2020
MLP_FINAL_w6_h64x32_actleaky_relu_d0.0_e50_lr0.001_b16,010508,Amazonas,Lonya Chico,2,0.2995676458138379,0.2836723437492276,-0.01589530206461026,0.01589530206461026,0.00025266062772520323,2021
MLP_FINAL_w6_h64x32_actleaky_relu_d0.0_e50_lr0.001_b16,010508,Amazonas,Lonya Chico,3,0.3008212243439223,0.2991322286159677,-0.0016889957279545564,0.0016889957279545564,2.852706569048742e-06,2022
MLP_FINAL_w6_h64x32_actleaky_relu_d0.0_e50_lr0.001_b16,010508,Amazonas,Lonya Chico,4,0.30504246435061055,0.29292960311565563,-0.01211286123495492,0.01211286123495492,0.00014672140729727362,2023
MLP_FINAL_w6_h64x32_actleaky_relu_d0.0_e50_lr0.001_b16,010508,Amazonas,Lonya Chico,5,0.30748566667049393,0.30153396383313247,-0.005951702837361461,0.005951702837361461,3.542276666425647e-05,2024
MLP_FINAL_w6_h64x32_actleaky_relu_d0.0_e50_lr0.001_b16,010510,Amazonas,Luya Viejo,1,0.6433222926590083,0.6373474838371436,-0.005974808821864741,0.005974808821864741,3.569834045783273e-05,2020
MLP_FINAL_w6_h64x32_actleaky_relu_d0.0_e50_lr0.001_b16,010510,Amazonas,Luya Viejo,2,0.6606007863431802,0.6338583539838996,-0.026742432359280643,0.026742432359280643,0.0007151576884907004,2021
MLP_FINAL_w6_h64x32_actleaky_relu_d0.0_e50_lr0.001_b16,010510,Amazonas,Luya Viejo,3,0.6585525815224429,0.651681800608972,-0.006870780913470931,0.006870780913470931,4.7207630360916436e-05,2022
MLP_FINAL_w6_h64x32_actleaky_relu_d0.0_e50_lr0.001_b16,010510,Amazonas,Luya Viejo,4,0.6525917675322627,0.6526361496991102,4.438216684754526e-05,4.438216684754526e-05,1.969776734083345e-09,2023
MLP_FINAL_w6_h64x32_actleaky_relu_d0.0_e50_lr0.001_b16,010510,Amazonas,Luya Viejo,5,0.6565175007999489,0.6463228400971717,-0.010194660702777192,0.010194660702777192,0.00010393110684474955,2024
MLP_FINAL_w6_h64x32_actleaky_relu_d0.0_e50_lr0.001_b16,010511,Amazonas,Maria,1,0.4967015706943522,0.4976479759192558,0.0009464052249035793,0.0009464052249035793,8.956828497247944e-07,2020
MLP_FINAL_w6_h64x32_actleaky_relu_d0.0_e50_lr0.001_b16,010511,Amazonas,Maria,2,0.49562740111111814,0.4968477340288738,0.00122033291775564,0.00122033291775564,1.4892124301579933e-06,2021
MLP_FINAL_w6_h64x32_actleaky_relu_d0.0_e50_lr0.001_b16,010511,Amazonas,Maria,3,0.48889878320606955,0.4989636415294909,0.010064858323421355,0.010064858323421355,0.00010130137307054413,2022
MLP_FINAL_w6_h64x32_actleaky_relu_d0.0_e50_lr0.001_b16,010511,Amazonas,Maria,4,0.48279845626576595,0.4912484573969819,0.008450001131215967,0.008450001131215967,7.140251911755113e-05,2023
MLP_FINAL_w6_h64x32_actleaky_relu_d0.0_e50_lr0.001_b16,010511,Amazonas,Maria,5,0.4833355252832265,0.4870144844911326,0.0036789592079061184,0.0036789592079061184,1.3534740853437215e-05,2024
MLP_FINAL_w6_h64x32_actleaky_relu_d0.0_e50_lr0.001_b16,010512,Amazonas,Ocalli,1,0.7514545269560022,0.7434998848175175,-0.007954642138484735,0.007954642138484735,6.3276331551357e-05,2020
MLP_FINAL_w6_h64x32_actleaky_relu_d0.0_e50_lr0.001_b16,010512,Amazonas,Ocalli,2,0.7490497126234804,0.7398397757266795,-0.009209936896800941,0.009209936896800941,8.482293764305534e-05,2021
MLP_FINAL_w6_h64x32_actleaky_relu_d0.0_e50_lr0.001_b16,010512,Amazonas,Ocalli,3,0.7596567854942264,0.7383235890384778,-0.021333196455748604,0.021333196455748604,0.0004551052710195648,2022
MLP_FINAL_w6_h64x32_actleaky_relu_d0.0_e50_lr0.001_b16,010512,Amazonas,Ocalli,4,0.7632873148867162,0.749644688569608,-0.01364262631710822,0.01364262631710822,0.00018612125282825378,2023
MLP_FINAL_w6_h64x32_actleaky_relu_d0.0_e50_lr0.001_b16,010512,Amazonas,Ocalli,5,0.7578053538118612,0.755053331364854,-0.0027520224470072296,0.0027520224470072296,7.57362754883166e-06,2024
MLP_FINAL_w6_h64x32_actleaky_relu_d0.0_e50_lr0.001_b16,010513,Amazonas,Ocumal,1,0.5724445558471863,0.5658153056638607,-0.006629250183325608,0.006629250183325608,4.3946957993122604e-05,2020
MLP_FINAL_w6_h64x32_actleaky_relu_d0.0_e50_lr0.001_b16,010513,Amazonas,Ocumal,2,0.579458771166097,0.5739242506016429,-0.005534520564454137,0.005534520564454137,3.0630917878365745e-05,2021
MLP_FINAL_w6_h64x32_actleaky_relu_d0.0_e50_lr0.001_b16,010513,Amazonas,Ocumal,3,0.5660875423671314,0.5820105249216423,0.015922982554510856,0.015922982554510856,0.0002535413734312571,2022
MLP_FINAL_w6_h64x32_actleaky_relu_d0.0_e50_lr0.001_b16,010513,Amazonas,Ocumal,4,0.5702701798579293,0.5726135128379115,0.0023433329799822378,0.0023433329799822378,5.491209455072435e-06,2023
MLP_FINAL_w6_h64x32_actleaky_relu_d0.0_e50_lr0.001_b16,010513,Amazonas,Ocumal,5,0.572224676724311,0.5736841237714297,0.001459447047118756,0.001459447047118756,2.1299856833436563e-06,2024
MLP_FINAL_w6_h64x32_actleaky_relu_d0.0_e50_lr0.001_b16,010514,Amazonas,Pisuquia,1,0.47308647844352253,0.48167832710003,0.008591848656507473,0.008591848656507473,7.381986333632926e-05,2020
MLP_FINAL_w6_h64x32_actleaky_relu_d0.0_e50_lr0.001_b16,010514,Amazonas,Pisuquia,2,0.4884350577068684,0.482401250384704,-0.006033807322164408,0.006033807322164408,3.640683080100483e-05,2021
MLP_FINAL_w6_h64x32_actleaky_relu_d0.0_e50_lr0.001_b16,010514,Amazonas,Pisuquia,3,0.48574858949962,0.4909446345226507,0.005196045023030671,0.005196045023030671,2.6998883881361807e-05,2022
MLP_FINAL_w6_h64x32_actleaky_relu_d0.0_e50_lr0.001_b16,010514,Amazonas,Pisuquia,4,0.48383843694211015,0.48949389165511203,0.005655454713001884,0.005655454713001884,3.198416801081522e-05,2023
MLP_FINAL_w6_h64x32_actleaky_relu_d0.0_e50_lr0.001_b16,010514,Amazonas,Pisuquia,5,0.49601155545505693,0.47560060768088297,-0.02041094777417396,0.02041094777417396,0.0004166067890400569,2024
MLP_FINAL_w6_h64x32_actleaky_relu_d0.0_e50_lr0.001_b16,010515,Amazonas,Providencia,1,0.7218613006911088,0.7148900068521498,-0.006971293838959003,0.006971293838959003,4.859893778910775e-05,2020
MLP_FINAL_w6_h64x32_actleaky_relu_d0.0_e50_lr0.001_b16,010515,Amazonas,Providencia,2,0.7229606458281845,0.7107155593034289,-0.012245086524755644,0.012245086524755644,0.00014994214399875226,2021
MLP_FINAL_w6_h64x32_actleaky_relu_d0.0_e50_lr0.001_b16,010515,Amazonas,Providencia,3,0.7061189953256342,0.7185941573880541,0.012475162062419942,0.012475162062419942,0.0001556296684836418,2022
MLP_FINAL_w6_h64x32_actleaky_relu_d0.0_e50_lr0.001_b16,010515,Amazonas,Providencia,4,0.713303025749386,0.7099780985560854,-0.0033249271933005753,0.0033249271933005753,1.1055140840749641e-05,2023
MLP_FINAL_w6_h64x32_actleaky_relu_d0.0_e50_lr0.001_b16,010515,Amazonas,Providencia,5,0.7031721431163409,0.7217814456010287,0.01860930248468784,0.01860930248468784,0.000346306138966609,2024
MLP_FINAL_w6_h64x32_actleaky_relu_d0.0_e50_lr0.001_b16,010516,Amazonas,San Cristobal,1,0.12910973778389828,0.12271512186947775,-0.006394615914420532,0.006394615914420532,4.0891112692960336e-05,2020
MLP_FINAL_w6_h64x32_actleaky_relu_d0.0_e50_lr0.001_b16,010516,Amazonas,San Cristobal,2,0.13386376570196146,0.12717481664578562,-0.006688949056175841,0.006688949056175841,4.474203947611568e-05,2021
MLP_FINAL_w6_h64x32_actleaky_relu_d0.0_e50_lr0.001_b16,010516,Amazonas,San Cristobal,3,0.13011060170684874,0.1351784974821293,0.005067895775280551,0.005067895775280551,2.5683567589106457e-05,2022
MLP_FINAL_w6_h64x32_actleaky_relu_d0.0_e50_lr0.001_b16,010516,Amazonas,San Cristobal,4,0.13223741230446795,0.12966761291383821,-0.0025697993906297345,0.0025697993906297345,6.603868908080955e-06,2023
MLP_FINAL_w6_h64x32_actleaky_relu_d0.0_e50_lr0.001_b16,010516,Amazonas,San Cristobal,5,0.12525647730103034,0.13105324006316998,0.00579676276213964,0.00579676276213964,3.360245852052879e-05,2024
MLP_FINAL_w6_h64x32_actleaky_relu_d0.0_e50_lr0.001_b16,010517,Amazonas,San Francisco Del Yeso,1,0.3325855424186807,0.34318982641855,0.01060428399986929,0.01060428399986929,0.00011245083914988384,2020
MLP_FINAL_w6_h64x32_actleaky_relu_d0.0_e50_lr0.001_b16,010517,Amazonas,San Francisco Del Yeso,2,0.3296529879048775,0.3398484057671687,0.010195417862291167,0.010195417862291167,0.0001039465453867258,2021
MLP_FINAL_w6_h64x32_actleaky_relu_d0.0_e50_lr0.001_b16,010517,Amazonas,San Francisco Del Yeso,3,0.32937928735987965,0.3404742990601193,0.011095011700239632,0.011095011700239632,0.00012309928462845432,2022
MLP_FINAL_w6_h64x32_actleaky_relu_d0.0_e50_lr0.001_b16,010517,Amazonas,San Francisco Del Yeso,4,0.32705765961929956,0.3351906633006401,0.008133003681340567,0.008133003681340567,6.614574888069922e-05,2023
MLP_FINAL_w6_h64x32_actleaky_relu_d0.0_e50_lr0.001_b16,010517,Amazonas,San Francisco Del Yeso,5,0.3292228834429307,0.33288974387276893,0.0036668604298382146,0.0036668604298382146,1.3445865411913297e-05,2024
MLP_FINAL_w6_h64x32_actleaky_relu_d0.0_e50_lr0.001_b16,010518,Amazonas,San Jeronimo,1,0.4425930652323946,0.44874254444448414,0.006149479212089526,0.006149479212089526,3.781609457992122e-05,2020
MLP_FINAL_w6_h64x32_actleaky_relu_d0.0_e50_lr0.001_b16,010518,Amazonas,San Jeronimo,2,0.4367522610251886,0.44724643510272966,0.010494174077541052,0.010494174077541052,0.00011012768956973459,2021
MLP_FINAL_w6_h64x32_actleaky_relu_d0.0_e50_lr0.001_b16,010518,Amazonas,San Jeronimo,3,0.4297261551470763,0.444655170239877,0.014929015092800701,0.014929015092800701,0.00022287549164107113,2022
MLP_FINAL_w6_h64x32_actleaky_relu_d0.0_e50_lr0.001_b16,010518,Amazonas,San Jeronimo,4,0.4264141880007909,0.4333609372521699,0.006946749251379003,0.006946749251379003,4.825732516153474e-05,2023
MLP_FINAL_w6_h64x32_actleaky_relu_d0.0_e50_lr0.001_b16,010518,Amazonas,San Jeronimo,5,0.4184467246278685,0.43105391007088545,0.012607185443016922,0.012607185443016922,0.00015894112479461776,2024
MLP_FINAL_w6_h64x32_actleaky_relu_d0.0_e50_lr0.001_b16,010519,Amazonas,San Juan De Lopecancha,1,0.16213294712466453,0.1740193671876225,0.01188642006295798,0.01188642006295798,0.00014128698191309,2020
MLP_FINAL_w6_h64x32_actleaky_relu_d0.0_e50_lr0.001_b16,010519,Amazonas,San Juan De Lopecancha,2,0.16046497519254965,0.16971799446569907,0.009253019273149421,0.009253019273149421,8.561836566927464e-05,2021
MLP_FINAL_w6_h64x32_actleaky_relu_d0.0_e50_lr0.001_b16,010519,Amazonas,San Juan De Lopecancha,3,0.1627095240946011,0.16970764661900728,0.006998122524406181,0.006998122524406181,4.8973718866601134e-05,2022
MLP_FINAL_w6_h64x32_actleaky_relu_d0.0_e50_lr0.001_b16,010519,Amazonas,San Juan De Lopecancha,4,0.16192702497549788,0.16277196451585835,0.0008449395403604676,0.0008449395403604676,7.139228268645582e-07,2023
MLP_FINAL_w6_h64x32_actleaky_relu_d0.0_e50_lr0.001_b16,010519,Amazonas,San Juan De Lopecancha,5,0.1634302642360096,0.1646207461399245,0.0011904819039149084,0.0011904819039149084,1.4172471635488651e-06,2024
MLP_FINAL_w6_h64x32_actleaky_relu_d0.0_e50_lr0.001_b16,010520,Amazonas,Santa Catalina,1,0.6896047027389762,0.6818636174414247,-0.007741085297551575,0.007741085297551575,5.992440158396916e-05,2020
MLP_FINAL_w6_h64x32_actleaky_relu_d0.0_e50_lr0.001_b16,010520,Amazonas,Santa Catalina,2,0.6847716021289975,0.6830460355965151,-0.0017255665324823477,0.0017255665324823477,2.9775798580231533e-06,2021
MLP_FINAL_w6_h64x32_actleaky_relu_d0.0_e50_lr0.001_b16,010520,Amazonas,Santa Catalina,3,0.6841073587066611,0.6792179254288382,-0.004889433277822874,0.004889433277822874,2.3906557778281737e-05,2022
MLP_FINAL_w6_h64x32_actleaky_relu_d0.0_e50_lr0.001_b16,010520,Amazonas,Santa Catalina,4,0.6827087336523384,0.6786869168423213,-0.00402181681001712,0.00402181681001712,1.6175010453336286e-05,2023
MLP_FINAL_w6_h64x32_actleaky_relu_d0.0_e50_lr0.001_b16,010520,Amazonas,Santa Catalina,5,0.6790474004869527,0.6775329931236089,-0.0015144073633437394,0.0015144073633437394,2.2934296621497365e-06,2024
MLP_FINAL_w6_h64x32_actleaky_relu_d0.0_e50_lr0.001_b16,010521,Amazonas,Santo Tomas,1,0.31352701719431686,0.31852462332804465,0.004997606133727794,0.004997606133727794,2.4976067067873674e-05,2020
MLP_FINAL_w6_h64x32_actleaky_relu_d0.0_e50_lr0.001_b16,010521,Amazonas,Santo Tomas,2,0.3137343779465602,0.3189919421801061,0.005257564233545953,0.005257564233545953,2.7641981669861643e-05,2021
MLP_FINAL_w6_h64x32_actleaky_relu_d0.0_e50_lr0.001_b16,010521,Amazonas,Santo Tomas,3,0.31368503638489564,0.3227531320660676,0.00906809568117195,0.00906809568117195,8.223035928288937e-05,2022
MLP_FINAL_w6_h64x32_actleaky_relu_d0.0_e50_lr0.001_b16,010521,Amazonas,Santo Tomas,4,0.3169240638313292,0.319144030287825,0.0022199664564958033,0.0022199664564958033,4.9282510679665336e-06,2023
MLP_FINAL_w6_h64x32_actleaky_relu_d0.0_e50_lr0.001_b16,010521,Amazonas,Santo Tomas,5,0.31714131813455587,0.3223405558468707,0.0051992377123148414,0.0051992377123148414,2.7032072789156865e-05,2024
MLP_FINAL_w6_h64x32_actleaky_relu_d0.0_e50_lr0.001_b16,010522,Amazonas,Tingo,1,0.21833821026119687,0.2278009627197336,0.009462752458536727,0.009462752458536727,8.954368409154287e-05,2020
MLP_FINAL_w6_h64x32_actleaky_relu_d0.0_e50_lr0.001_b16,010522,Amazonas,Tingo,2,0.21514188661135486,0.2264147046041401,0.011272817992785233,0.011272817992785233,0.0001270764254984625,2021
MLP_FINAL_w6_h64x32_actleaky_relu_d0.0_e50_lr0.001_b16,010522,Amazonas,Tingo,3,0.21920255832376706,0.22611302701509867,0.006910468691331606,0.006910468691331606,4.775457753387436e-05,2022
MLP_FINAL_w6_h64x32_actleaky_relu_d0.0_e50_lr0.001_b16,010522,Amazonas,Tingo,4,0.21749836892823093,0.22081586333896874,0.003317494410737809,0.003317494410737809,1.1005769165276603e-05,2023
MLP_FINAL_w6_h64x32_actleaky_relu_d0.0_e50_lr0.001_b16,010522,Amazonas,Tingo,5,0.22122472947654687,0.2229446930286254,0.0017199635520785406,0.0017199635520785406,2.9582746204786307e-06,2024
MLP_FINAL_w6_h64x32_actleaky_relu_d0.0_e50_lr0.001_b16,010523,Amazonas,Trita,1,0.14999045571406044,0.14687605672363685,-0.0031143989904235947,0.0031143989904235947,9.699481071551506e-06,2020
MLP_FINAL_w6_h64x32_actleaky_relu_d0.0_e50_lr0.001_b16,010523,Amazonas,Trita,2,0.1690732226621986,0.1470902823888074,-0.021982940273391205,0.021982940273391205,0.00048324966306348497,2021
MLP_FINAL_w6_h64x32_actleaky_relu_d0.0_e50_lr0.001_b16,010523,Amazonas,Trita,3,0.17263535531192065,0.1650179772596369,-0.007617378052283741,0.007617378052283741,5.802444839141404e-05,2022
MLP_FINAL_w6_h64x32_actleaky_relu_d0.0_e50_lr0.001_b16,010523,Amazonas,Trita,4,0.17409833892493626,0.1671819643893952,-0.006916374535541059,0.006916374535541059,4.78362367158808e-05,2023
MLP_FINAL_w6_h64x32_actleaky_relu_d0.0_e50_lr0.001_b16,010523,Amazonas,Trita,5,0.1788054481917798,0.17134904225217962,-0.007456405939600175,0.007456405939600175,5.5597989536104766e-05,2024
MLP_FINAL_w6_h64x32_actleaky_relu_d0.0_e50_lr0.001_b16,010601,Amazonas,San Nicolas,1,0.6677599566962213,0.6727319077417486,0.004971951045527279,0.004971951045527279,2.47202971991198e-05,2020
MLP_FINAL_w6_h64x32_actleaky_relu_d0.0_e50_lr0.001_b16,010601,Amazonas,San Nicolas,2,0.6688735490514861,0.6720675759841356,0.003194026932649474,0.003194026932649474,1.0201808046490208e-05,2021
MLP_FINAL_w6_h64x32_actleaky_relu_d0.0_e50_lr0.001_b16,010601,Amazonas,San Nicolas,3,0.6652195981913622,0.6712889005205783,0.0060693023292160975,0.0060693023292160975,3.683643076342794e-05,2022
MLP_FINAL_w6_h64x32_actleaky_relu_d0.0_e50_lr0.001_b16,010601,Amazonas,San Nicolas,4,0.6535443120588925,0.6658363046155426,0.012291992556650033,0.012291992556650033,0.00015109308101273982,2023
MLP_FINAL_w6_h64x32_actleaky_relu_d0.0_e50_lr0.001_b16,010601,Amazonas,San Nicolas,5,0.6457840201483349,0.652447187923058,0.006663167774723089,0.006663167774723089,4.439780479410824e-05,2024
MLP_FINAL_w6_h64x32_actleaky_relu_d0.0_e50_lr0.001_b16,010602,Amazonas,Chirimoto,1,0.7118476642088117,0.713743339245447,0.001895675036635236,0.001895675036635236,3.593583844522003e-06,2020
MLP_FINAL_w6_h64x32_actleaky_relu_d0.0_e50_lr0.001_b16,010602,Amazonas,Chirimoto,2,0.7038575365277693,0.7079475607906756,0.004090024262906278,0.004090024262906278,1.672829847116204e-05,2021
MLP_FINAL_w6_h64x32_actleaky_relu_d0.0_e50_lr0.001_b16,010602,Amazonas,Chirimoto,3,0.696358502507529,0.6969781366151636,0.000619634107634659,0.000619634107634659,3.8394642734420015e-07,2022
MLP_FINAL_w6_h64x32_actleaky_relu_d0.0_e50_lr0.001_b16,010602,Amazonas,Chirimoto,4,0.6909855597833696,0.6871102785779685,-0.0038752812054011487,0.0038752812054011487,1.5017804420935381e-05,2023
MLP_FINAL_w6_h64x32_actleaky_relu_d0.0_e50_lr0.001_b16,010602,Amazonas,Chirimoto,5,0.6800778441082513,0.6807881354483662,0.0007102913401149102,0.0007102913401149102,5.045137878422351e-07,2024
MLP_FINAL_w6_h64x32_actleaky_relu_d0.0_e50_lr0.001_b16,010603,Amazonas,Cochamal,1,0.8182399333232315,0.8112248504257109,-0.007015082897520619,0.007015082897520619,4.921138805908629e-05,2020
MLP_FINAL_w6_h64x32_actleaky_relu_d0.0_e50_lr0.001_b16,010603,Amazonas,Cochamal,2,0.8120494980910953,0.801324358813461,-0.010725139277634299,0.010725139277634299,0.00011502861252465397,2021
MLP_FINAL_w6_h64x32_actleaky_relu_d0.0_e50_lr0.001_b16,010603,Amazonas,Cochamal,3,0.8050969313307834,0.7944221431608324,-0.010674788169951044,0.010674788169951044,0.00011395110247332676,2022
MLP_FINAL_w6_h64x32_actleaky_relu_d0.0_e50_lr0.001_b16,010603,Amazonas,Cochamal,4,0.7972789312459313,0.7870394088419477,-0.010239522403983625,0.010239522403983625,0.0001048478190616826,2023
MLP_FINAL_w6_h64x32_actleaky_relu_d0.0_e50_lr0.001_b16,010603,Amazonas,Cochamal,5,0.7942648558911172,0.7792563138106925,-0.01500854208042468,0.01500854208042468,0.0002252563353798784,2024
MLP_FINAL_w6_h64x32_actleaky_relu_d0.0_e50_lr0.001_b16,010604,Amazonas,Huambo,1,0.23678097551077298,0.2431058822726015,0.006324906761828508,0.006324906761828508,4.000444554582399e-05,2020
MLP_FINAL_w6_h64x32_actleaky_relu_d0.0_e50_lr0.001_b16,010604,Amazonas,Huambo,2,0.2369641071585672,0.24241298036265896,0.005448873204091764,0.005448873204091764,2.969021919426925e-05,2021
MLP_FINAL_w6_h64x32_actleaky_relu_d0.0_e50_lr0.001_b16,010604,Amazonas,Huambo,3,0.23359853311868822,0.24133276612263782,0.007734233003949598,0.007734233003949598,5.9818360159383215e-05,2022
MLP_FINAL_w6_h64x32_actleaky_relu_d0.0_e50_lr0.001_b16,010604,Amazonas,Huambo,4,0.21361113722183328,0.23788615077610675,0.024275013554273472,0.024275013554273472,0.0005892762830601608,2023
MLP_FINAL_w6_h64x32_actleaky_relu_d0.0_e50_lr0.001_b16,010604,Amazonas,Huambo,5,0.20973041708725637,0.21373157606186555,0.004001158974609176,0.004001158974609176,1.6009273140095552e-05,2024
MLP_FINAL_w6_h64x32_actleaky_relu_d0.0_e50_lr0.001_b16,010605,Amazonas,Limabamba,1,0.806505853754497,0.797046155172667,-0.009459698581830045,0.009459698581830045,8.948589725907737e-05,2020
MLP_FINAL_w6_h64x32_actleaky_relu_d0.0_e50_lr0.001_b16,010605,Amazonas,Limabamba,2,0.7968726646893514,0.788571066822886,-0.008301597866465338,0.008301597866465338,6.891652713650185e-05,2021
MLP_FINAL_w6_h64x32_actleaky_relu_d0.0_e50_lr0.001_b16,010605,Amazonas,Limabamba,3,0.7915068266452987,0.7788349797797833,-0.012671846865515368,0.012671846865515368,0.00016057570298307167,2022
MLP_FINAL_w6_h64x32_actleaky_relu_d0.0_e50_lr0.001_b16,010605,Amazonas,Limabamba,4,0.7833278886201067,0.7724760260784737,-0.010851862541633062,0.010851862541633062,0.00011776292062249877,2023
MLP_FINAL_w6_h64x32_actleaky_relu_d0.0_e50_lr0.001_b16,010605,Amazonas,Limabamba,5,0.7546323001977504,0.7641544896781388,0.00952218948038841,0.00952218948038841,9.067209250041969e-05,2024
MLP_FINAL_w6_h64x32_actleaky_relu_d0.0_e50_lr0.001_b16,010606,Amazonas,Longar,1,0.704565821395172,0.7036621136571972,-0.0009037077379747682,0.0009037077379747682,8.166876756754724e-07,2020
MLP_FINAL_w6_h64x32_actleaky_relu_d0.0_e50_lr0.001_b16,010606,Amazonas,Longar,2,0.6976246246468959,0.6997529874215188,0.002128362774622916,0.002128362774622916,4.529928100400558e-06,2021
MLP_FINAL_w6_h64x32_actleaky_relu_d0.0_e50_lr0.001_b16,010606,Amazonas,Longar,3,0.6850504261200403,0.6917573198566987,0.006706893736658448,0.006706893736658448,4.498242359482832e-05,2022
MLP_FINAL_w6_h64x32_actleaky_relu_d0.0_e50_lr0.001_b16,010606,Amazonas,Longar,4,0.670194918596727,0.6779798055721654,0.007784886975438443,0.007784886975438443,6.060446522035111e-05,2023
MLP_FINAL_w6_h64x32_actleaky_relu_d0.0_e50_lr0.001_b16,010606,Amazonas,Longar,5,0.6654593401321558,0.6609218093578052,-0.0045375307743505955,0.0045375307743505955,2.0589185528178716e-05,2024
MLP_FINAL_w6_h64x32_actleaky_relu_d0.0_e50_lr0.001_b16,010608,Amazonas,Milpuc,1,0.39825826502206196,0.40416986364383006,0.005911598621768099,0.005911598621768099,3.494699826489049e-05,2020
MLP_FINAL_w6_h64x32_actleaky_relu_d0.0_e50_lr0.001_b16,010608,Amazonas,Milpuc,2,0.4143722978509513,0.4013858890653307,-0.012986408785620629,0.012986408785620629,0.00016864681314724466,2021
MLP_FINAL_w6_h64x32_actleaky_relu_d0.0_e50_lr0.001_b16,010608,Amazonas,Milpuc,3,0.4137310342198659,0.4159850349965175,0.00225400077665161,0.00225400077665161,5.080519501146062e-06,2022
MLP_FINAL_w6_h64x32_actleaky_relu_d0.0_e50_lr0.001_b16,010608,Amazonas,Milpuc,4,0.40345033495764404,0.4166551716437381,0.013204836686094068,0.013204836686094068,0.00017436771190641577,2023
MLP_FINAL_w6_h64x32_actleaky_relu_d0.0_e50_lr0.001_b16,010608,Amazonas,Milpuc,5,0.39327305106571386,0.40449940470298795,0.011226353637274089,0.011226353637274089,0.00012603101598913718,2024
MLP_FINAL_w6_h64x32_actleaky_relu_d0.0_e50_lr0.001_b16,010609,Amazonas,Omia,1,0.7124288093744829,0.7195793733477145,0.00715056397323155,0.00715056397323155,5.113056513527697e-05,2020
MLP_FINAL_w6_h64x32_actleaky_relu_d0.0_e50_lr0.001_b16,010609,Amazonas,Omia,2,0.7089551634333009,0.705779888817949,-0.0031752746153519418,0.0031752746153519418,1.0082368882898422e-05,2021
MLP_FINAL_w6_h64x32_actleaky_relu_d0.0_e50_lr0.001_b16,010609,Amazonas,Omia,3,0.7032829534112197,0.6980189911797803,-0.005263962231439434,0.005263962231439434,2.7709298374020825e-05,2022
MLP_FINAL_w6_h64x32_actleaky_relu_d0.0_e50_lr0.001_b16,010609,Amazonas,Omia,4,0.6997106622046844,0.6968548458076285,-0.002855816397055899,0.002855816397055899,8.155687293693338e-06,2023
MLP_FINAL_w6_h64x32_actleaky_relu_d0.0_e50_lr0.001_b16,010609,Amazonas,Omia,5,0.6896845704483815,0.697873250592654,0.008188680144272542,0.008188680144272542,6.705448250520338e-05,2024
MLP_FINAL_w6_h64x32_actleaky_relu_d0.0_e50_lr0.001_b16,010610,Amazonas,Santa Rosa,1,0.2150391400653005,0.2239983057310535,0.008959165665753,0.008959165665753,8.026664942640738e-05,2020
MLP_FINAL_w6_h64x32_actleaky_relu_d0.0_e50_lr0.001_b16,010610,Amazonas,Santa Rosa,2,0.24808826950009716,0.21897101894437565,-0.029117250555721508,0.029117250555721508,0.0008478142799246644,2021
MLP_FINAL_w6_h64x32_actleaky_relu_d0.0_e50_lr0.001_b16,010610,Amazonas,Santa Rosa,3,0.2527028286356754,0.2532328150568484,0.0005299864211730232,0.0005299864211730232,2.8088560662778913e-07,2022
MLP_FINAL_w6_h64x32_actleaky_relu_d0.0_e50_lr0.001_b16,010610,Amazonas,Santa Rosa,4,0.26522808941927395,0.2565623735425098,-0.008665715876764124,0.008665715876764124,7.509463165680181e-05,2023
MLP_FINAL_w6_h64x32_actleaky_relu_d0.0_e50_lr0.001_b16,010610,Amazonas,Santa Rosa,5,0.26092113895559704,0.26955063736893986,0.008629498413342818,0.008629498413342818,7.446824286588621e-05,2024
MLP_FINAL_w6_h64x32_actleaky_relu_d0.0_e50_lr0.001_b16,010611,Amazonas,Totora,1,0.2228216293689445,0.23409116633716892,0.011269536968224414,0.011269536968224414,0.0001270024634781767,2020
MLP_FINAL_w6_h64x32_actleaky_relu_d0.0_e50_lr0.001_b16,010611,Amazonas,Totora,2,0.22894760508778594,0.2207592025686686,-0.008188402519117344,0.008188402519117344,6.704993581508726e-05,2021
MLP_FINAL_w6_h64x32_actleaky_relu_d0.0_e50_lr0.001_b16,010611,Amazonas,Totora,3,0.22574747040172327,0.22930639774283595,0.003558927341112683,0.003558927341112683,1.2665963819319392e-05,2022
MLP_FINAL_w6_h64x32_actleaky_relu_d0.0_e50_lr0.001_b16,010611,Amazonas,Totora,4,0.21504984125309884,0.22566006895515334,0.010610227702054498,0.010610227702054498,0.00011257693188944467,2023
MLP_FINAL_w6_h64x32_actleaky_relu_d0.0_e50_lr0.001_b16,010611,Amazonas,Totora,5,0.18583706240535675,0.21370446975126317,0.027867407345906425,0.027867407345906425,0.0007765923921826794,2024
MLP_FINAL_w6_h64x32_actleaky_relu_d0.0_e50_lr0.001_b16,010701,Amazonas,Bagua Grande,1,0.4547301808104491,0.4550231447554165,0.00029296394496741707,0.00029296394496741707,8.582787305087177e-08,2020
MLP_FINAL_w6_h64x32_actleaky_relu_d0.0_e50_lr0.001_b16,010701,Amazonas,Bagua Grande,2,0.43231323039395125,0.45245342108073816,0.020140190686786907,0.020140190686786907,0.0004056272809001381,2021
MLP_FINAL_w6_h64x32_actleaky_relu_d0.0_e50_lr0.001_b16,010701,Amazonas,Bagua Grande,3,0.4285583186222936,0.428788804288028,0.00023048566573441454,0.00023048566573441454,5.312364210903627e-08,2022
MLP_FINAL_w6_h64x32_actleaky_relu_d0.0_e50_lr0.001_b16,010701,Amazonas,Bagua Grande,4,0.43437349928961216,0.4258578650478547,-0.008515634241757442,0.008515634241757442,7.251602653939184e-05,2023
MLP_FINAL_w6_h64x32_actleaky_relu_d0.0_e50_lr0.001_b16,010701,Amazonas,Bagua Grande,5,0.41003566673432434,0.4327164178351741,0.022680751100849772,0.022680751100849772,0.0005144164704986981,2024
MLP_FINAL_w6_h64x32_actleaky_relu_d0.0_e50_lr0.001_b16,010703,Amazonas,Cumba,1,0.3463667920234833,0.34687416461383713,0.0005073725903538273,0.0005073725903538273,2.5742694544235267e-07,2020
MLP_FINAL_w6_h64x32_actleaky_relu_d0.0_e50_lr0.001_b16,010703,Amazonas,Cumba,2,0.3446464498916477,0.3428783562331271,-0.0017680936585205975,0.0017680936585205975,3.1261551853007515e-06,2021
MLP_FINAL_w6_h64x32_actleaky_relu_d0.0_e50_lr0.001_b16,010703,Amazonas,Cumba,3,0.34793931137952905,0.3361753997259417,-0.011763911653587367,0.011763911653587367,0.00013838961739340866,2022
MLP_FINAL_w6_h64x32_actleaky_relu_d0.0_e50_lr0.001_b16,010703,Amazonas,Cumba,4,0.3448179086636006,0.3478524399446189,0.003034531281018271,0.003034531281018271,9.20838009547839e-06,2023
MLP_FINAL_w6_h64x32_actleaky_relu_d0.0_e50_lr0.001_b16,010703,Amazonas,Cumba,5,0.3392431072129999,0.3437939008981712,0.004550793685171306,0.004550793685171306,2.0709723164995037e-05,2024
MLP_FINAL_w6_h64x32_actleaky_relu_d0.0_e50_lr0.001_b16,010705,Amazonas,Jamalca,1,0.5213136077789394,0.5178127159258695,-0.0035008918530698985,0.0035008918530698985,1.2256243766891188e-05,2020
MLP_FINAL_w6_h64x32_actleaky_relu_d0.0_e50_lr0.001_b16,010705,Amazonas,Jamalca,2,0.4938946352535898,0.5204739959599511,0.026579360706361355,0.026579360706361355,0.000706462415558866,2021
MLP_FINAL_w6_h64x32_actleaky_relu_d0.0_e50_lr0.001_b16,010705,Amazonas,Jamalca,3,0.4911788681279796,0.4944601576946214,0.0032812895666418096,0.0032812895666418096,1.0766861220152394e-05,2022
MLP_FINAL_w6_h64x32_actleaky_relu_d0.0_e50_lr0.001_b16,010705,Amazonas,Jamalca,4,0.49352913858200925,0.4906763098102025,-0.002852828771806759,0.002852828771806759,8.138632001248462e-06,2023
MLP_FINAL_w6_h64x32_actleaky_relu_d0.0_e50_lr0.001_b16,010705,Amazonas,Jamalca,5,0.4755670718240739,0.49470778040402347,0.019140708579949595,0.019140708579949595,0.00036636672494255604,2024
MLP_FINAL_w6_h64x32_actleaky_relu_d0.0_e50_lr0.001_b16,010706,Amazonas,Lonya Grande,1,0.5421841143088638,0.5634695813217465,0.021285467012882697,0.021285467012882697,0.00045307110595651747,2020
MLP_FINAL_w6_h64x32_actleaky_relu_d0.0_e50_lr0.001_b16,010706,Amazonas,Lonya Grande,2,0.5344709752957506,0.5409602700638618,0.00648929476811122,0.00648929476811122,4.2110946587435654e-05,2021
MLP_FINAL_w6_h64x32_actleaky_relu_d0.0_e50_lr0.001_b16,010706,Amazonas,Lonya Grande,3,0.546537519663558,0.5328882114137383,-0.013649308249819692,0.013649308249819692,0.0001863036156985959,2022
MLP_FINAL_w6_h64x32_actleaky_relu_d0.0_e50_lr0.001_b16,010706,Amazonas,Lonya Grande,4,0.5301883219625728,0.5509871820763049,0.02079886011373211,0.02079886011373211,0.00043259258203059644,2023
MLP_FINAL_w6_h64x32_actleaky_relu_d0.0_e50_lr0.001_b16,010706,Amazonas,Lonya Grande,5,0.5252855419737226,0.534393116425181,0.009107574451458378,0.009107574451458378,8.294791238885737e-05,2024
MLP_FINAL_w6_h64x32_actleaky_relu_d0.0_e50_lr0.001_b16,010707,Amazonas,Yamon,1,0.49052214582348264,0.4970366137793121,0.006514467955829439,0.006514467955829439,4.2438292747528593e-05,2020
MLP_FINAL_w6_h64x32_actleaky_relu_d0.0_e50_lr0.001_b16,010707,Amazonas,Yamon,2,0.48389026451084577,0.4901917718888593,0.006301507378013549,0.006301507378013549,3.970899523515919e-05,2021
MLP_FINAL_w6_h64x32_actleaky_relu_d0.0_e50_lr0.001_b16,010707,Amazonas,Yamon,3,0.4922310390724997,0.4807729409917992,-0.01145809808070053,0.01145809808070053,0.00013128801162695316,2022
MLP_FINAL_w6_h64x32_actleaky_relu_d0.0_e50_lr0.001_b16,010707,Amazonas,Yamon,4,0.48527711573472526,0.49273991651738774,0.007462800782662482,0.007462800782662482,5.5693395521707756e-05,2023
MLP_FINAL_w6_h64x32_actleaky_relu_d0.0_e50_lr0.001_b16,010707,Amazonas,Yamon,5,0.48043957312226415,0.4867714047388148,0.006331831616550654,0.006331831616550654,4.009209162035047e-05,2024
MLP_FINAL_w6_h64x32_actleaky_relu_d0.0_e50_lr0.001_b16,050408,Ayacucho,Llochegua,1,0.5963197923328813,0.6047728536504665,0.008453061317585164,0.008453061317585164,7.145424563885463e-05,2020
MLP_FINAL_w6_h64x32_actleaky_relu_d0.0_e50_lr0.001_b16,050408,Ayacucho,Llochegua,2,0.5964061589947821,0.6000719152336623,0.0036657562388802134,0.0036657562388802134,1.3437768802889208e-05,2021
MLP_FINAL_w6_h64x32_actleaky_relu_d0.0_e50_lr0.001_b16,050408,Ayacucho,Llochegua,3,0.5938259928284727,0.5991021958053891,0.005276202976916444,0.005276202976916444,2.783831785362195e-05,2022
MLP_FINAL_w6_h64x32_actleaky_relu_d0.0_e50_lr0.001_b16,050408,Ayacucho,Llochegua,4,0.5919840319496955,0.5974176420799169,0.005433610130221367,0.005433610130221367,2.9524119047244258e-05,2023
MLP_FINAL_w6_h64x32_actleaky_relu_d0.0_e50_lr0.001_b16,050408,Ayacucho,Llochegua,5,0.5856252296802887,0.5958570732248676,0.010231843544578845,0.010231843544578845,0.00010469062232073978,2024
MLP_FINAL_w6_h64x32_actleaky_relu_d0.0_e50_lr0.001_b16,050409,Ayacucho,Canayre,1,0.6973024027963737,0.6969472697456415,-0.0003551330507322037,0.0003551330507322037,1.2611948372236195e-07,2020
MLP_FINAL_w6_h64x32_actleaky_relu_d0.0_e50_lr0.001_b16,050409,Ayacucho,Canayre,2,0.6945688171835332,0.6876216388750962,-0.006947178308437052,0.006947178308437052,4.82632864492183e-05,2021
MLP_FINAL_w6_h64x32_actleaky_relu_d0.0_e50_lr0.001_b16,050409,Ayacucho,Canayre,3,0.6886827979340142,0.6849587341028909,-0.0037240638311233365,0.0037240638311233365,1.3868651418281023e-05,2022
MLP_FINAL_w6_h64x32_actleaky_relu_d0.0_e50_lr0.001_b16,050409,Ayacucho,Canayre,4,0.6859037322730308,0.6816168212978254,-0.0042869109752053935,0.0042869109752053935,1.8377605709336458e-05,2023
MLP_FINAL_w6_h64x32_actleaky_relu_d0.0_e50_lr0.001_b16,050409,Ayacucho,Canayre,5,0.6771801694093946,0.6787292042011801,0.0015490347917854752,0.0015490347917854752,2.3995087861618705e-06,2024
MLP_FINAL_w6_h64x32_actleaky_relu_d0.0_e50_lr0.001_b16,050502,Ayacucho,Anco,1,0.502997935697333,0.5071998350106847,0.004201899313351687,0.004201899313351687,1.7655957839545377e-05,2020
MLP_FINAL_w6_h64x32_actleaky_relu_d0.0_e50_lr0.001_b16,050502,Ayacucho,Anco,2,0.5041596297655581,0.5113284207766744,0.007168791011116338,0.007168791011116338,5.1391564561062406e-05,2021
MLP_FINAL_w6_h64x32_actleaky_relu_d0.0_e50_lr0.001_b16,050502,Ayacucho,Anco,3,0.4993650338716992,0.5116602490885309,0.01229521521683169,0.01229521521683169,0.00015117231722820953,2022
MLP_FINAL_w6_h64x32_actleaky_relu_d0.0_e50_lr0.001_b16,050502,Ayacucho,Anco,4,0.4933877863652331,0.5075018280828569,0.014114041717623815,0.014114041717623815,0.00019920617360682542,2023
MLP_FINAL_w6_h64x32_actleaky_relu_d0.0_e50_lr0.001_b16,050502,Ayacucho,Anco,5,0.496194245426468,0.5016643238291997,0.005470078402731671,0.005470078402731671,2.9921757732031465e-05,2024
MLP_FINAL_w6_h64x32_actleaky_relu_d0.0_e50_lr0.001_b16,050507,Ayacucho,Santa Rosa,1,0.4456698586336212,0.4441294239119826,-0.0015404347216385617,0.0015404347216385617,2.372939131629673e-06,2020
MLP_FINAL_w6_h64x32_actleaky_relu_d0.0_e50_lr0.001_b16,050507,Ayacucho,Santa Rosa,2,0.4464544336317253,0.4527230077257098,0.006268574093984458,0.006268574093984458,3.929502117177307e-05,2021
MLP_FINAL_w6_h64x32_actleaky_relu_d0.0_e50_lr0.001_b16,050507,Ayacucho,Santa Rosa,3,0.44417020326147594,0.45221897925654286,0.008048775995066926,0.008048775995066926,6.478279501876559e-05,2022
MLP_FINAL_w6_h64x32_actleaky_relu_d0.0_e50_lr0.001_b16,050507,Ayacucho,Santa Rosa,4,0.44112160774248443,0.45098340219390465,0.009861794451420214,0.009861794451420214,9.725498980206251e-05,2023
MLP_FINAL_w6_h64x32_actleaky_relu_d0.0_e50_lr0.001_b16,050507,Ayacucho,Santa Rosa,5,0.4371494669062506,0.4471382874854752,0.009988820579224567,0.009988820579224567,9.97765365639402e-05,2024
MLP_FINAL_w6_h64x32_actleaky_relu_d0.0_e50_lr0.001_b16,050512,Ayacucho,Union Progreso,1,0.1262791726566354,0.10326742927422594,-0.023011743382409466,0.023011743382409466,0.0005295403334978658,2020
MLP_FINAL_w6_h64x32_actleaky_relu_d0.0_e50_lr0.001_b16,050512,Ayacucho,Union Progreso,2,0.12761687160872887,0.12206224845917713,-0.005554623149551741,0.005554623149551741,3.08538383335361e-05,2021
MLP_FINAL_w6_h64x32_actleaky_relu_d0.0_e50_lr0.001_b16,050512,Ayacucho,Union Progreso,3,0.12275656373354588,0.12217741242126162,-0.000579151312284254,0.000579151312284254,3.354162425205735e-07,2022
MLP_FINAL_w6_h64x32_actleaky_relu_d0.0_e50_lr0.001_b16,050512,Ayacucho,Union Progreso,4,0.11658084263463242,0.11946834615735064,0.0028875035227182155,0.0028875035227182155,8.337676593710105e-06,2023
MLP_FINAL_w6_h64x32_actleaky_relu_d0.0_e50_lr0.001_b16,050512,Ayacucho,Union Progreso,5,0.11160903040168274,0.1147270637577737,0.0031180333560909546,0.0031180333560909546,9.72213200969582e-06,2024
MLP_FINAL_w6_h64x32_actleaky_relu_d0.0_e50_lr0.001_b16,060801,Cajamarca,Jaen,1,0.3073087689693652,0.3046117667803778,-0.002697002188987385,0.002697002188987385,7.2738208074027476e-06,2020
MLP_FINAL_w6_h64x32_actleaky_relu_d0.0_e50_lr0.001_b16,060801,Cajamarca,Jaen,2,0.30153721961904284,0.30994948896780944,0.008412269348766599,0.008412269348766599,7.076627559619802e-05,2021
MLP_FINAL_w6_h64x32_actleaky_relu_d0.0_e50_lr0.001_b16,060801,Cajamarca,Jaen,3,0.3093953239194883,0.3041482842031874,-0.005247039716300916,0.005247039716300916,2.7531425784439202e-05,2022
MLP_FINAL_w6_h64x32_actleaky_relu_d0.0_e50_lr0.001_b16,060801,Cajamarca,Jaen,4,0.32238013005080424,0.31270022424364274,-0.009679905807161493,0.009679905807161493,9.37005764355188e-05,2023
MLP_FINAL_w6_h64x32_actleaky_relu_d0.0_e50_lr0.001_b16,060801,Cajamarca,Jaen,5,0.3145316164375366,0.3306222656567675,0.016090649219230924,0.016090649219230924,0.00025890899229633676,2024
MLP_FINAL_w6_h64x32_actleaky_relu_d0.0_e50_lr0.001_b16,060803,Cajamarca,Chontali,1,0.4911873924821751,0.49262822286974256,0.0014408303875674822,0.0014408303875674822,2.0759922057378607e-06,2020
MLP_FINAL_w6_h64x32_actleaky_relu_d0.0_e50_lr0.001_b16,060803,Cajamarca,Chontali,2,0.48131131926425275,0.49740299064882765,0.0160916713845749,0.0160916713845749,0.0002589418879491467,2021
MLP_FINAL_w6_h64x32_actleaky_relu_d0.0_e50_lr0.001_b16,060803,Cajamarca,Chontali,3,0.48446217233044575,0.49794266240211765,0.013480490071671902,0.013480490071671902,0.00018172361257244474,2022
MLP_FINAL_w6_h64x32_actleaky_relu_d0.0_e50_lr0.001_b16,060803,Cajamarca,Chontali,4,0.5387757418274541,0.5061271797464786,-0.03264856208097555,0.03264856208097555,0.0010659286059553146,2023
MLP_FINAL_w6_h64x32_actleaky_relu_d0.0_e50_lr0.001_b16,060803,Cajamarca,Chontali,5,0.5326125619716997,0.5620608955103811,0.02944833353868137,0.02944833353868137,0.0008672043482054261,2024
MLP_FINAL_w6_h64x32_actleaky_relu_d0.0_e50_lr0.001_b16,060804,Cajamarca,Colasay,1,0.2700840562465765,0.2721168023939023,0.0020327461473257924,0.0020327461473257924,4.132056899467852e-06,2020
MLP_FINAL_w6_h64x32_actleaky_relu_d0.0_e50_lr0.001_b16,060804,Cajamarca,Colasay,2,0.2565262822723409,0.2748184737332262,0.018292191460885288,0.018292191460885288,0.00033460426844168464,2021
MLP_FINAL_w6_h64x32_actleaky_relu_d0.0_e50_lr0.001_b16,060804,Cajamarca,Colasay,3,0.2795208381337818,0.2587524069595509,-0.02076843117423094,0.02076843117423094,0.0004313277334387675,2022
MLP_FINAL_w6_h64x32_actleaky_relu_d0.0_e50_lr0.001_b16,060804,Cajamarca,Colasay,4,0.30289942530074054,0.28623964451346107,-0.016659780787279477,0.016659780787279477,0.00027754829588020637,2023
MLP_FINAL_w6_h64x32_actleaky_relu_d0.0_e50_lr0.001_b16,060804,Cajamarca,Colasay,5,0.2988213389195056,0.31530328817558906,0.016481949256083483,0.016481949256083483,0.0002716546512801109,2024
MLP_FINAL_w6_h64x32_actleaky_relu_d0.0_e50_lr0.001_b16,060807,Cajamarca,Pomahuaca,1,0.39317440580036056,0.3931755289203064,1.1231199458228147e-06,1.1231199458228147e-06,1.2613984127050422e-12,2020
MLP_FINAL_w6_h64x32_actleaky_relu_d0.0_e50_lr0.001_b16,060807,Cajamarca,Pomahuaca,2,0.3856299548286035,0.39824957030697583,0.012619615478372315,0.012619615478372315,0.0001592546948219741,2021
MLP_FINAL_w6_h64x32_actleaky_relu_d0.0_e50_lr0.001_b16,060807,Cajamarca,Pomahuaca,3,0.39264889923964563,0.39124959274176024,-0.0013993064978853886,0.0013993064978853886,1.958058675024271e-06,2022
MLP_FINAL_w6_h64x32_actleaky_relu_d0.0_e50_lr0.001_b16,060807,Cajamarca,Pomahuaca,4,0.41954442925266383,0.39794579790994555,-0.021598631342718277,0.021598631342718277,0.00046650087587865233,2023
MLP_FINAL_w6_h64x32_actleaky_relu_d0.0_e50_lr0.001_b16,060807,Cajamarca,Pomahuaca,5,0.4155077973548222,0.4240240120855403,0.008516214730718119,0.008516214730718119,7.252591333970029e-05,2024
MLP_FINAL_w6_h64x32_actleaky_relu_d0.0_e50_lr0.001_b16,060809,Cajamarca,Sallique,1,0.2715509266117641,0.2698044877153448,-0.001746438896419289,0.001746438896419289,3.050048818926224e-06,2020
MLP_FINAL_w6_h64x32_actleaky_relu_d0.0_e50_lr0.001_b16,060809,Cajamarca,Sallique,2,0.26929951279678543,0.275280088650282,0.005980575853496539,0.005980575853496539,3.576728753942586e-05,2021
MLP_FINAL_w6_h64x32_actleaky_relu_d0.0_e50_lr0.001_b16,060809,Cajamarca,Sallique,3,0.2919427214050643,0.28529089840372657,-0.006651823001337709,0.006651823001337709,4.42467492411254e-05,2022
MLP_FINAL_w6_h64x32_actleaky_relu_d0.0_e50_lr0.001_b16,060809,Cajamarca,Sallique,4,0.29213723568421957,0.3005893821007252,0.008452146416505657,0.008452146416505657,7.143877904604942e-05,2023
MLP_FINAL_w6_h64x32_actleaky_relu_d0.0_e50_lr0.001_b16,060809,Cajamarca,Sallique,5,0.29897908048492916,0.3036228407390986,0.00464376025416946,0.00464376025416946,2.156450929820401e-05,2024
MLP_FINAL_w6_h64x32_actleaky_relu_d0.0_e50_lr0.001_b16,060810,Cajamarca,San Felipe,1,0.3377852722846797,0.3223602167555851,-0.015425055529094567,0.015425055529094567,0.00023793233807565086,2020
MLP_FINAL_w6_h64x32_actleaky_relu_d0.0_e50_lr0.001_b16,060810,Cajamarca,San Felipe,2,0.2851401479444825,0.3383826711412522,0.0532425231967697,0.0532425231967697,0.002834766276358559,2021
MLP_FINAL_w6_h64x32_actleaky_relu_d0.0_e50_lr0.001_b16,060810,Cajamarca,San Felipe,3,0.32470042014290945,0.300960137876097,-0.023740282266812462,0.023740282266812462,0.0005636010021079303,2022
MLP_FINAL_w6_h64x32_actleaky_relu_d0.0_e50_lr0.001_b16,060810,Cajamarca,San Felipe,4,0.3577373340708797,0.32760246112829716,-0.030134872942582547,0.030134872942582547,0.0009081105672655937,2023
MLP_FINAL_w6_h64x32_actleaky_relu_d0.0_e50_lr0.001_b16,060810,Cajamarca,San Felipe,5,0.3593837900534709,0.3595573183947621,0.0001735283412912514,0.0001735283412912514,3.011208523129302e-08,2024
MLP_FINAL_w6_h64x32_actleaky_relu_d0.0_e50_lr0.001_b16,060811,Cajamarca,San Jose Del Alto,1,0.4524487266917511,0.44431439167159836,-0.008134335020152761,0.008134335020152761,6.616740622008362e-05,2020
MLP_FINAL_w6_h64x32_actleaky_relu_d0.0_e50_lr0.001_b16,060811,Cajamarca,San Jose Del Alto,2,0.4435348202359495,0.45543297627137497,0.011898156035425489,0.011898156035425489,0.00014156611704333198,2021
MLP_FINAL_w6_h64x32_actleaky_relu_d0.0_e50_lr0.001_b16,060811,Cajamarca,San Jose Del Alto,3,0.4419900444664304,0.45048572124533043,0.008495676778900008,0.008495676778900008,7.21765239315408e-05,2022
MLP_FINAL_w6_h64x32_actleaky_relu_d0.0_e50_lr0.001_b16,060811,Cajamarca,San Jose Del Alto,4,0.4792927509288272,0.4602536594653236,-0.019039091463503632,0.019039091463503632,0.0003624870037556569,2023
MLP_FINAL_w6_h64x32_actleaky_relu_d0.0_e50_lr0.001_b16,060811,Cajamarca,San Jose Del Alto,5,0.46596693908137843,0.5096793683679164,0.04371242928653796,0.04371242928653796,0.0019107764741305812,2024
MLP_FINAL_w6_h64x32_actleaky_relu_d0.0_e50_lr0.001_b16,060812,Cajamarca,Santa Rosa,1,0.33029068026692177,0.33118532732937855,0.0008946470624567882,0.0008946470624567882,8.003933663625602e-07,2020
MLP_FINAL_w6_h64x32_actleaky_relu_d0.0_e50_lr0.001_b16,060812,Cajamarca,Santa Rosa,2,0.3372776220691707,0.33231084494698937,-0.004966777122181354,0.004966777122181354,2.466887498142409e-05,2021
MLP_FINAL_w6_h64x32_actleaky_relu_d0.0_e50_lr0.001_b16,060812,Cajamarca,Santa Rosa,3,0.3414995687580721,0.3397700649961167,-0.0017295037619553533,0.0017295037619553533,2.9911832626177194e-06,2022
MLP_FINAL_w6_h64x32_actleaky_relu_d0.0_e50_lr0.001_b16,060812,Cajamarca,Santa Rosa,4,0.3406151181104043,0.34483099490386815,0.0042158767934638575,0.0042158767934638575,1.7773617137667098e-05,2023
MLP_FINAL_w6_h64x32_actleaky_relu_d0.0_e50_lr0.001_b16,060812,Cajamarca,Santa Rosa,5,0.3324660374087157,0.34278329485614023,0.01031725744742451,0.01031725744742451,0.00010644580123643652,2024
MLP_FINAL_w6_h64x32_actleaky_relu_d0.0_e50_lr0.001_b16,060901,Cajamarca,San Ignacio,1,0.2714857099389553,0.2674365722898069,-0.004049137649148438,0.004049137649148438,1.6395515701751337e-05,2020
MLP_FINAL_w6_h64x32_actleaky_relu_d0.0_e50_lr0.001_b16,060901,Cajamarca,San Ignacio,2,0.2533380097519981,0.27717896899552663,0.023840959243528526,0.023840959243528526,0.0005683913376515882,2021
MLP_FINAL_w6_h64x32_actleaky_relu_d0.0_e50_lr0.001_b16,060901,Cajamarca,San Ignacio,3,0.25218033809369134,0.25445600625176956,0.0022756681580782256,0.0022756681580782256,5.1786655656911446e-06,2022
MLP_FINAL_w6_h64x32_actleaky_relu_d0.0_e50_lr0.001_b16,060901,Cajamarca,San Ignacio,4,0.32194578549557895,0.2535794174437225,-0.06836636805185647,0.06836636805185647,0.0046739602806019015,2023
MLP_FINAL_w6_h64x32_actleaky_relu_d0.0_e50_lr0.001_b16,060901,Cajamarca,San Ignacio,5,0.30731358955160454,0.3287358784435044,0.021422288891899843,0.021422288891899843,0.0004589144613680154,2024
MLP_FINAL_w6_h64x32_actleaky_relu_d0.0_e50_lr0.001_b16,060902,Cajamarca,Chirinos,1,0.3627244535453381,0.3679754935877382,0.005251040042400068,0.005251040042400068,2.757342152688891e-05,2020
MLP_FINAL_w6_h64x32_actleaky_relu_d0.0_e50_lr0.001_b16,060902,Cajamarca,Chirinos,2,0.35401946632844616,0.36445461351220565,0.010435147183759486,0.010435147183759486,0.00010889229674672352,2021
MLP_FINAL_w6_h64x32_actleaky_relu_d0.0_e50_lr0.001_b16,060902,Cajamarca,Chirinos,3,0.3544223004285625,0.3540060141277469,-0.0004162863008155826,0.0004162863008155826,1.7329428424672173e-07,2022
MLP_FINAL_w6_h64x32_actleaky_relu_d0.0_e50_lr0.001_b16,060902,Cajamarca,Chirinos,4,0.4178393438850361,0.3535758591884992,-0.06426348469653687,0.06426348469653687,0.004129795465342028,2023
MLP_FINAL_w6_h64x32_actleaky_relu_d0.0_e50_lr0.001_b16,060902,Cajamarca,Chirinos,5,0.40758803503128394,0.4180119510155852,0.010423915984301257,0.010423915984301257,0.00010865802444777126,2024
MLP_FINAL_w6_h64x32_actleaky_relu_d0.0_e50_lr0.001_b16,060903,Cajamarca,Huarango,1,0.6402933012617676,0.6394976780444213,-0.0007956232173463862,0.0007956232173463862,6.330163039806149e-07,2020
MLP_FINAL_w6_h64x32_actleaky_relu_d0.0_e50_lr0.001_b16,060903,Cajamarca,Huarango,2,0.6322724202851302,0.637515459675332,0.005243039390201765,0.005243039390201765,2.7489462047207292e-05,2021
MLP_FINAL_w6_h64x32_actleaky_relu_d0.0_e50_lr0.001_b16,060903,Cajamarca,Huarango,3,0.6351580056704129,0.6290215559116273,-0.006136449758785578,0.006136449758785578,3.765601564209958e-05,2022
MLP_FINAL_w6_h64x32_actleaky_relu_d0.0_e50_lr0.001_b16,060903,Cajamarca,Huarango,4,0.6410546882497545,0.6311941115632194,-0.009860576686535172,0.009860576686535172,9.723097259104095e-05,2023
MLP_FINAL_w6_h64x32_actleaky_relu_d0.0_e50_lr0.001_b16,060903,Cajamarca,Huarango,5,0.634883282960071,0.6385542068126345,0.0036709238525635124,0.0036709238525635124,1.347568193131974e-05,2024
MLP_FINAL_w6_h64x32_actleaky_relu_d0.0_e50_lr0.001_b16,060904,Cajamarca,La Coipa,1,0.35570028473364923,0.3353603048897593,-0.02033997984388991,0.02033997984388991,0.0004137147800498478,2020
MLP_FINAL_w6_h64x32_actleaky_relu_d0.0_e50_lr0.001_b16,060904,Cajamarca,La Coipa,2,0.35030696179923704,0.35679107396821635,0.006484112168979317,0.006484112168979317,4.204371061990566e-05,2021
MLP_FINAL_w6_h64x32_actleaky_relu_d0.0_e50_lr0.001_b16,060904,Cajamarca,La Coipa,3,0.3372076100527731,0.35589849647509797,0.01869088642232486,0.01869088642232486,0.0003493492352522478,2022
MLP_FINAL_w6_h64x32_actleaky_relu_d0.0_e50_lr0.001_b16,060904,Cajamarca,La Coipa,4,0.3998415739011827,0.3413682899176639,-0.05847328398351881,0.05847328398351881,0.0034191249398172374,2023
MLP_FINAL_w6_h64x32_actleaky_relu_d0.0_e50_lr0.001_b16,060904,Cajamarca,La Coipa,5,0.38975024023342064,0.40758152345946325,0.017831283226042605,0.017831283226042605,0.00031795466148734836,2024
MLP_FINAL_w6_h64x32_actleaky_relu_d0.0_e50_lr0.001_b16,060907,Cajamarca,Tabaconas,1,0.6360185679354129,0.6278730269544525,-0.00814554098096043,0.00814554098096043,6.634983787250582e-05,2020
MLP_FINAL_w6_h64x32_actleaky_relu_d0.0_e50_lr0.001_b16,060907,Cajamarca,Tabaconas,2,0.6268111485939962,0.631058340243028,0.004247191649031756,0.004247191649031756,1.803863690360509e-05,2021
MLP_FINAL_w6_h64x32_actleaky_relu_d0.0_e50_lr0.001_b16,060907,Cajamarca,Tabaconas,3,0.6272904873533429,0.6165133753847328,-0.010777111968610087,0.010777111968610087,0.00011614614238395879,2022
MLP_FINAL_w6_h64x32_actleaky_relu_d0.0_e50_lr0.001_b16,060907,Cajamarca,Tabaconas,4,0.6606140113960254,0.619095226230961,-0.041518785165064354,0.041518785165064354,0.0017238095215827678,2023
MLP_FINAL_w6_h64x32_actleaky_relu_d0.0_e50_lr0.001_b16,060907,Cajamarca,Tabaconas,5,0.6547734090980232,0.6504437690875757,-0.004329640010447444,0.004329640010447444,1.8745782620067345e-05,2024
MLP_FINAL_w6_h64x32_actleaky_relu_d0.0_e50_lr0.001_b16,080408,Cusco,Yanatile,1,0.5098485950967185,0.5149918519048803,0.005143256808161745,0.005143256808161745,2.645309059470214e-05,2020
MLP_FINAL_w6_h64x32_actleaky_relu_d0.0_e50_lr0.001_b16,080408,Cusco,Yanatile,2,0.5021753923044314,0.5155816917856376,0.013406299481206196,0.013406299481206196,0.00017972886577978953,2021
MLP_FINAL_w6_h64x32_actleaky_relu_d0.0_e50_lr0.001_b16,080408,Cusco,Yanatile,3,0.5000892884951854,0.5095238604230592,0.00943457192787378,0.00943457192787378,8.901114746222398e-05,2022
MLP_FINAL_w6_h64x32_actleaky_relu_d0.0_e50_lr0.001_b16,080408,Cusco,Yanatile,4,0.48616748800075904,0.5067862650196256,0.020618777018866608,0.020618777018866608,0.00042513396575374174,2023
MLP_FINAL_w6_h64x32_actleaky_relu_d0.0_e50_lr0.001_b16,080408,Cusco,Yanatile,5,0.48107463120016586,0.494754074398644,0.013679443198478136,0.013679443198478136,0.00018712716622038973,2024
MLP_FINAL_w6_h64x32_actleaky_relu_d0.0_e50_lr0.001_b16,080901,Cusco,Santa Ana,1,0.5770451422348992,0.5716051972034105,-0.005439945031488702,0.005439945031488702,2.9593001945618616e-05,2020
MLP_FINAL_w6_h64x32_actleaky_relu_d0.0_e50_lr0.001_b16,080901,Cusco,Santa Ana,2,0.5819228900175555,0.5759317770274887,-0.005991112990066827,0.005991112990066827,3.589343485974748e-05,2021
MLP_FINAL_w6_h64x32_actleaky_relu_d0.0_e50_lr0.001_b16,080901,Cusco,Santa Ana,3,0.5887918474385302,0.5759190630573156,-0.012872784381214641,0.012872784381214641,0.00016570857772524363,2022
MLP_FINAL_w6_h64x32_actleaky_relu_d0.0_e50_lr0.001_b16,080901,Cusco,Santa Ana,4,0.5843595239786546,0.5882405154287241,0.003880991450069482,0.003880991450069482,1.506209463551242e-05,2023
MLP_FINAL_w6_h64x32_actleaky_relu_d0.0_e50_lr0.001_b16,080901,Cusco,Santa Ana,5,0.5728912357928277,0.5880314699965621,0.015140234203734337,0.015140234203734337,0.00022922669174392713,2024
MLP_FINAL_w6_h64x32_actleaky_relu_d0.0_e50_lr0.001_b16,080903,Cusco,Huayopata,1,0.5421369069905795,0.5505721655950909,0.008435258604511442,0.008435258604511442,7.115358772498432e-05,2020
MLP_FINAL_w6_h64x32_actleaky_relu_d0.0_e50_lr0.001_b16,080903,Cusco,Huayopata,2,0.5416436191446024,0.5494534923840039,0.007809873239401521,0.007809873239401521,6.0994120015520016e-05,2021
MLP_FINAL_w6_h64x32_actleaky_relu_d0.0_e50_lr0.001_b16,080903,Cusco,Huayopata,3,0.5570627467456682,0.5475183362109587,-0.009544410534709558,0.009544410534709558,9.109577245507478e-05,2022
MLP_FINAL_w6_h64x32_actleaky_relu_d0.0_e50_lr0.001_b16,080903,Cusco,Huayopata,4,0.5489865552665307,0.5582928249373358,0.009306269670805056,0.009306269670805056,8.660665518574605e-05,2023
MLP_FINAL_w6_h64x32_actleaky_relu_d0.0_e50_lr0.001_b16,080903,Cusco,Huayopata,5,0.5366979833357268,0.5525269511285374,0.015828967792810622,0.015828967792810622,0.00025055622138583596,2024
MLP_FINAL_w6_h64x32_actleaky_relu_d0.0_e50_lr0.001_b16,080904,Cusco,Maranura,1,0.5512863405325465,0.5445554148683958,-0.006730925664150789,0.006730925664150789,4.5305360296323735e-05,2020
MLP_FINAL_w6_h64x32_actleaky_relu_d0.0_e50_lr0.001_b16,080904,Cusco,Maranura,2,0.5441462411347652,0.5500382214380415,0.005891980303276312,0.005891980303276312,3.471543189419602e-05,2021
MLP_FINAL_w6_h64x32_actleaky_relu_d0.0_e50_lr0.001_b16,080904,Cusco,Maranura,3,0.5495436795466192,0.5455723700084351,-0.003971309538184142,0.003971309538184142,1.5771299448072345e-05,2022
MLP_FINAL_w6_h64x32_actleaky_relu_d0.0_e50_lr0.001_b16,080904,Cusco,Maranura,4,0.5484578623261942,0.5496509185724567,0.001193056246262536,0.001193056246262536,1.4233832067460531e-06,2023
MLP_FINAL_w6_h64x32_actleaky_relu_d0.0_e50_lr0.001_b16,080904,Cusco,Maranura,5,0.5441886199837318,0.5510930203570416,0.006904400373309749,0.006904400373309749,4.7670744514959804e-05,2024
MLP_FINAL_w6_h64x32_actleaky_relu_d0.0_e50_lr0.001_b16,080905,Cusco,Ocobamba,1,0.47001304809247074,0.48279443070101635,0.01278138260854561,0.01278138260854561,0.00016336374138603218,2020
MLP_FINAL_w6_h64x32_actleaky_relu_d0.0_e50_lr0.001_b16,080905,Cusco,Ocobamba,2,0.45908039663069033,0.4775886309395798,0.018508234308889482,0.018508234308889482,0.0003425547372327537,2021
MLP_FINAL_w6_h64x32_actleaky_relu_d0.0_e50_lr0.001_b16,080905,Cusco,Ocobamba,3,0.46825900605259807,0.46585352920550144,-0.0024054768470966326,0.0024054768470966326,5.786318861917956e-06,2022
MLP_FINAL_w6_h64x32_actleaky_relu_d0.0_e50_lr0.001_b16,080905,Cusco,Ocobamba,4,0.45597368280933415,0.4727445515166476,0.01677086870731348,0.01677086870731348,0.0002812620371979465,2023
MLP_FINAL_w6_h64x32_actleaky_relu_d0.0_e50_lr0.001_b16,080905,Cusco,Ocobamba,5,0.44718328168959665,0.4627889954787396,0.015605713789142939,0.015605713789142939,0.00024353830286864605,2024
MLP_FINAL_w6_h64x32_actleaky_relu_d0.0_e50_lr0.001_b16,080906,Cusco,Quellouno,1,0.7427899720571597,0.7395243935504341,-0.003265578506725597,0.003265578506725597,1.066400298358818e-05,2020
MLP_FINAL_w6_h64x32_actleaky_relu_d0.0_e50_lr0.001_b16,080906,Cusco,Quellouno,2,0.7328648601413784,0.7373037204117252,0.004438860270346789,0.004438860270346789,1.970348049966317e-05,2021
MLP_FINAL_w6_h64x32_actleaky_relu_d0.0_e50_lr0.001_b16,080906,Cusco,Quellouno,3,0.727630250460433,0.7274602302915567,-0.00017002016887623927,0.00017002016887623927,2.8906857824704923e-08,2022
MLP_FINAL_w6_h64x32_actleaky_relu_d0.0_e50_lr0.001_b16,080906,Cusco,Quellouno,4,0.7151104790833112,0.7217042153305973,0.006593736247286097,0.006593736247286097,4.347735769877454e-05,2023
MLP_FINAL_w6_h64x32_actleaky_relu_d0.0_e50_lr0.001_b16,080906,Cusco,Quellouno,5,0.7143641090923526,0.7101588830093861,-0.004205226082966473,0.004205226082966473,1.768392640886155e-05,2024
MLP_FINAL_w6_h64x32_actleaky_relu_d0.0_e50_lr0.001_b16,080918,Cusco,Union Ashaninka,1,0.7492453374032562,0.7506032525143744,0.0013579151111182686,0.0013579151111182686,1.8439334490033396e-06,2020
MLP_FINAL_w6_h64x32_actleaky_relu_d0.0_e50_lr0.001_b16,080918,Cusco,Union Ashaninka,2,0.747896861547413,0.7385369944475082,-0.009359867099904773,0.009359867099904773,8.760711212787978e-05,2021
MLP_FINAL_w6_h64x32_actleaky_relu_d0.0_e50_lr0.001_b16,080918,Cusco,Union Ashaninka,3,0.7403803371423985,0.7356216653126493,-0.004758671829749206,0.004758671829749206,2.2644957583248656e-05,2022
MLP_FINAL_w6_h64x32_actleaky_relu_d0.0_e50_lr0.001_b16,080918,Cusco,Union Ashaninka,4,0.7370261583532057,0.7308016130849624,-0.006224545268243342,0.006224545268243342,3.874496379641058e-05,2023
MLP_FINAL_w6_h64x32_actleaky_relu_d0.0_e50_lr0.001_b16,080918,Cusco,Union Ashaninka,5,0.7306960271907303,0.728128675949196,-0.002567351241534399,0.002567351241534399,6.59129239740822e-06,2024
MLP_FINAL_w6_h64x32_actleaky_relu_d0.0_e50_lr0.001_b16,081304,Cusco,Machupicchu,1,0.36852336159276755,0.37359472768248747,0.00507136608971992,0.00507136608971992,2.571875401596111e-05,2020
MLP_FINAL_w6_h64x32_actleaky_relu_d0.0_e50_lr0.001_b16,081304,Cusco,Machupicchu,2,0.37399044448317187,0.37350007012390807,-0.000490374359263801,0.000490374359263801,2.404670122233834e-07,2021
MLP_FINAL_w6_h64x32_actleaky_relu_d0.0_e50_lr0.001_b16,081304,Cusco,Machupicchu,3,0.38114807527853445,0.3753602974759613,-0.0057877778025731685,0.0057877778025731685,3.349837189195869e-05,2022
MLP_FINAL_w6_h64x32_actleaky_relu_d0.0_e50_lr0.001_b16,081304,Cusco,Machupicchu,4,0.3760306486517109,0.3781916450013887,0.002160996349677813,0.002160996349677813,4.669905223320832e-06,2023
MLP_FINAL_w6_h64x32_actleaky_relu_d0.0_e50_lr0.001_b16,081304,Cusco,Machupicchu,5,0.36691239115273416,0.3769857927593389,0.010073401606604748,0.010073401606604748,0.00010147341992794712,2024
MLP_FINAL_w6_h64x32_actleaky_relu_d0.0_e50_lr0.001_b16,100103,Huanuco,Chinchao,1,0.6642708773202783,0.6718579311340249,0.00758705381374658,0.00758705381374658,5.756338557268653e-05,2020
MLP_FINAL_w6_h64x32_actleaky_relu_d0.0_e50_lr0.001_b16,100103,Huanuco,Chinchao,2,0.6620521475576554,0.6579991483949854,-0.00405299916266999,0.00405299916266999,1.6426802212603642e-05,2021
MLP_FINAL_w6_h64x32_actleaky_relu_d0.0_e50_lr0.001_b16,100103,Huanuco,Chinchao,3,0.6495956116192807,0.6574792448146742,0.007883633195393536,0.007883633195393536,6.215167235951089e-05,2022
MLP_FINAL_w6_h64x32_actleaky_relu_d0.0_e50_lr0.001_b16,100103,Huanuco,Chinchao,4,0.6588038827651507,0.6451034977964469,-0.013700384968703738,0.013700384968703738,0.00018770054829068332,2023
MLP_FINAL_w6_h64x32_actleaky_relu_d0.0_e50_lr0.001_b16,100103,Huanuco,Chinchao,5,0.645712317142356,0.6347229544329744,-0.010989362709381556,0.010989362709381556,0.00012076609275834593,2024
MLP_FINAL_w6_h64x32_actleaky_relu_d0.0_e50_lr0.001_b16,100113,Huanuco,San Pablo De Pillao,1,0.6673147721406201,0.7076267396852544,0.040311967544634286,0.040311967544634286,0.001625054727319648,2020
MLP_FINAL_w6_h64x32_actleaky_relu_d0.0_e50_lr0.001_b16,100113,Huanuco,San Pablo De Pillao,2,0.6708242317268159,0.6712310030564053,0.00040677132958932827,0.00040677132958932827,1.6546291457586992e-07,2021
MLP_FINAL_w6_h64x32_actleaky_relu_d0.0_e50_lr0.001_b16,100113,Huanuco,San Pablo De Pillao,3,0.6640891968948859,0.6711429706435736,0.007053773748687764,0.007053773748687764,4.975572409767663e-05,2022
MLP_FINAL_w6_h64x32_actleaky_relu_d0.0_e50_lr0.001_b16,100113,Huanuco,San Pablo De Pillao,4,0.661706390665572,0.6645640873420877,0.0028576966765156975,0.0028576966765156975,8.166430294968864e-06,2023
MLP_FINAL_w6_h64x32_actleaky_relu_d0.0_e50_lr0.001_b16,100113,Huanuco,San Pablo De Pillao,5,0.6585655794274339,0.6601045187590322,0.0015389393315983213,0.0015389393315983213,2.368334266340288e-06,2024
MLP_FINAL_w6_h64x32_actleaky_relu_d0.0_e50_lr0.001_b16,100505,Huanuco,Jircan,1,0.6996753154747042,0.7279537847207794,0.028278469246075244,0.028278469246075244,0.0007996718229012234,2020
MLP_FINAL_w6_h64x32_actleaky_relu_d0.0_e50_lr0.001_b16,100505,Huanuco,Jircan,2,0.714115621959172,0.7118008969894949,-0.0023147249696771066,0.0023147249696771066,5.357951685246682e-06,2021
MLP_FINAL_w6_h64x32_actleaky_relu_d0.0_e50_lr0.001_b16,100505,Huanuco,Jircan,3,0.6972051204181455,0.7150232416879693,0.01781812126982374,0.01781812126982374,0.00031748544558614513,2022
MLP_FINAL_w6_h64x32_actleaky_relu_d0.0_e50_lr0.001_b16,100505,Huanuco,Jircan,4,0.7262927912755189,0.7080050039591402,-0.0182877873163787,0.0182877873163787,0.0003344431649291017,2023
MLP_FINAL_w6_h64x32_actleaky_relu_d0.0_e50_lr0.001_b16,100505,Huanuco,Jircan,5,0.7219921378551337,0.7175275593999604,-0.00446457845517334,0.00446457845517334,1.993246078239797e-05,2024
MLP_FINAL_w6_h64x32_actleaky_relu_d0.0_e50_lr0.001_b16,100507,Huanuco,Monzon,1,0.700742178468628,0.7056566989650157,0.004914520496387742,0.004914520496387742,2.415251170941522e-05,2020
MLP_FINAL_w6_h64x32_actleaky_relu_d0.0_e50_lr0.001_b16,100507,Huanuco,Monzon,2,0.6982250773801749,0.7010769186897822,0.0028518413096072504,0.0028518413096072504,8.132998855182396e-06,2021
MLP_FINAL_w6_h64x32_actleaky_relu_d0.0_e50_lr0.001_b16,100507,Huanuco,Monzon,3,0.6938552826768333,0.6985784437253744,0.004723161048541091,0.004723161048541091,2.230825029045578e-05,2022
MLP_FINAL_w6_h64x32_actleaky_relu_d0.0_e50_lr0.001_b16,100507,Huanuco,Monzon,4,0.7037383343816099,0.6938176139910102,-0.009920720390599769,0.009920720390599769,9.842069306846203e-05,2023
MLP_FINAL_w6_h64x32_actleaky_relu_d0.0_e50_lr0.001_b16,100507,Huanuco,Monzon,5,0.6952081374385326,0.7010362592238786,0.005828121785345974,0.005828121785345974,3.396700354482435e-05,2024
MLP_FINAL_w6_h64x32_actleaky_relu_d0.0_e50_lr0.001_b16,100601,Huanuco,Rupa-Rupa,1,0.6205881807414071,0.6234079815842455,0.0028198008428383936,0.0028198008428383936,7.951276793272116e-06,2020
MLP_FINAL_w6_h64x32_actleaky_relu_d0.0_e50_lr0.001_b16,100601,Huanuco,Rupa-Rupa,2,0.6173130241668289,0.6169209417318119,-0.0003920824350169827,0.0003920824350169827,1.5372863584884646e-07,2021
MLP_FINAL_w6_h64x32_actleaky_relu_d0.0_e50_lr0.001_b16,100601,Huanuco,Rupa-Rupa,3,0.6174214494092385,0.6115754397303735,-0.00584600967886495,0.00584600967886495,3.417582916538267e-05,2022
MLP_FINAL_w6_h64x32_actleaky_relu_d0.0_e50_lr0.001_b16,100601,Huanuco,Rupa-Rupa,4,0.6159582701966818,0.610366798617447,-0.005591471579234786,0.005591471579234786,3.1264554421390346e-05,2023
MLP_FINAL_w6_h64x32_actleaky_relu_d0.0_e50_lr0.001_b16,100601,Huanuco,Rupa-Rupa,5,0.5999383333663989,0.6097888587603852,0.009850525393986342,0.009850525393986342,9.703285053756979e-05,2024
MLP_FINAL_w6_h64x32_actleaky_relu_d0.0_e50_lr0.001_b16,100605,Huanuco,Luyando,1,0.3667928609041188,0.36776794354561637,0.0009750826414975933,0.0009750826414975933,9.50786157749924e-07,2020
MLP_FINAL_w6_h64x32_actleaky_relu_d0.0_e50_lr0.001_b16,100605,Huanuco,Luyando,2,0.3682184534564663,0.36290313057132484,-0.005315322885141471,0.005315322885141471,2.8252657373308654e-05,2021
MLP_FINAL_w6_h64x32_actleaky_relu_d0.0_e50_lr0.001_b16,100605,Huanuco,Luyando,3,0.37195673926712824,0.3656133451938321,-0.006343394073296149,0.006343394073296149,4.023864836912871e-05,2022
MLP_FINAL_w6_h64x32_actleaky_relu_d0.0_e50_lr0.001_b16,100605,Huanuco,Luyando,4,0.3726616169167178,0.3686369986164988,-0.004024618300218996,0.004024618300218996,1.6197552462457642e-05,2023
MLP_FINAL_w6_h64x32_actleaky_relu_d0.0_e50_lr0.001_b16,100605,Huanuco,Luyando,5,0.35349512074565276,0.3691769290659561,0.01568180832030336,0.01568180832030336,0.00024591911219473564,2024
MLP_FINAL_w6_h64x32_actleaky_relu_d0.0_e50_lr0.001_b16,100606,Huanuco,Mariano Damaso Beraun,1,0.8509630046326349,0.8451520577489322,-0.00581094688370265,0.00581094688370265,3.376710368521354e-05,2020
MLP_FINAL_w6_h64x32_actleaky_relu_d0.0_e50_lr0.001_b16,100606,Huanuco,Mariano Damaso Beraun,2,0.8479986746578927,0.8375695342729446,-0.010429140384948132,0.010429140384948132,0.00010876696916895608,2021
MLP_FINAL_w6_h64x32_actleaky_relu_d0.0_e50_lr0.001_b16,100606,Huanuco,Mariano Damaso Beraun,3,0.8430416017968162,0.8364843227801309,-0.006557279016685347,0.006557279016685347,4.299790810266195e-05,2022
MLP_FINAL_w6_h64x32_actleaky_relu_d0.0_e50_lr0.001_b16,100606,Huanuco,Mariano Damaso Beraun,4,0.8419246653203645,0.8301533082648891,-0.011771357055475384,0.011771357055475384,0.00013856484692749012,2023
MLP_FINAL_w6_h64x32_actleaky_relu_d0.0_e50_lr0.001_b16,100606,Huanuco,Mariano Damaso Beraun,5,0.827717728017447,0.8294805467980197,0.001762818780572717,0.001762818780572717,3.1075300531398807e-06,2024
MLP_FINAL_w6_h64x32_actleaky_relu_d0.0_e50_lr0.001_b16,100608,Huanuco,Castillo Grande,1,0.5205296274665369,0.5185041145586936,-0.002025512907843252,0.002025512907843252,4.102702539839627e-06,2020
MLP_FINAL_w6_h64x32_actleaky_relu_d0.0_e50_lr0.001_b16,100608,Huanuco,Castillo Grande,2,0.5248445271192264,0.5170446817083157,-0.007799845410910611,0.007799845410910611,6.083758843410332e-05,2021
MLP_FINAL_w6_h64x32_actleaky_relu_d0.0_e50_lr0.001_b16,100608,Huanuco,Castillo Grande,3,0.5311391950201401,0.5214156878668799,-0.009723507153260202,0.009723507153260202,9.454659135950233e-05,2022
MLP_FINAL_w6_h64x32_actleaky_relu_d0.0_e50_lr0.001_b16,100608,Huanuco,Castillo Grande,4,0.5307331082889448,0.52713464617929,-0.0035984621096548652,0.0035984621096548652,1.2948929554621743e-05,2023
MLP_FINAL_w6_h64x32_actleaky_relu_d0.0_e50_lr0.001_b16,100608,Huanuco,Castillo Grande,5,0.5058251030712767,0.5266822496793175,0.020857146608040833,0.020857146608040833,0.00043502056462930923,2024
MLP_FINAL_w6_h64x32_actleaky_relu_d0.0_e50_lr0.001_b16,100609,Huanuco,Pueblo Nuevo,1,0.6958375010459226,0.6931494333392008,-0.0026880677067218084,0.0026880677067218084,7.225707995920642e-06,2020
MLP_FINAL_w6_h64x32_actleaky_relu_d0.0_e50_lr0.001_b16,100609,Huanuco,Pueblo Nuevo,2,0.6908856021081919,0.689906670572498,-0.0009789315356939499,0.0009789315356939499,9.58306951576115e-07,2021
MLP_FINAL_w6_h64x32_actleaky_relu_d0.0_e50_lr0.001_b16,100609,Huanuco,Pueblo Nuevo,3,0.6969018023168237,0.683072094503123,-0.013829707813700742,0.013829707813700742,0.00019126081821233538,2022
MLP_FINAL_w6_h64x32_actleaky_relu_d0.0_e50_lr0.001_b16,100609,Huanuco,Pueblo Nuevo,4,0.6933146707838134,0.6877565647004971,-0.005558106083316305,0.005558106083316305,3.089254323339772e-05,2023
MLP_FINAL_w6_h64x32_actleaky_relu_d0.0_e50_lr0.001_b16,100609,Huanuco,Pueblo Nuevo,5,0.6780785896500963,0.6846829261305789,0.006604336480482642,0.006604336480482642,4.361726034743385e-05,2024
MLP_FINAL_w6_h64x32_actleaky_relu_d0.0_e50_lr0.001_b16,100804,Huanuco,Umari,1,0.18797389274721166,0.22453896810137436,0.0365650753541627,0.0365650753541627,0.0013370047356555967,2020
MLP_FINAL_w6_h64x32_actleaky_relu_d0.0_e50_lr0.001_b16,100804,Huanuco,Umari,2,0.196380483399623,0.19327544794852297,-0.0031050354511000244,0.0031050354511000244,9.641245152587932e-06,2021
MLP_FINAL_w6_h64x32_actleaky_relu_d0.0_e50_lr0.001_b16,100804,Huanuco,Umari,3,0.18965074868429121,0.198556433649703,0.008905684965411775,0.008905684965411775,7.931122470316134e-05,2022
MLP_FINAL_w6_h64x32_actleaky_relu_d0.0_e50_lr0.001_b16,100804,Huanuco,Umari,4,0.20976716456233746,0.1957329353445711,-0.01403422921776637,0.01403422921776637,0.00019695958973680724,2023
MLP_FINAL_w6_h64x32_actleaky_relu_d0.0_e50_lr0.001_b16,100804,Huanuco,Umari,5,0.21326662964294807,0.20350777733712333,-0.009758852305824739,0.009758852305824739,9.523519832690082e-05,2024
MLP_FINAL_w6_h64x32_actleaky_relu_d0.0_e50_lr0.001_b16,100901,Huanuco,Puerto Inca,1,0.6642272523129447,0.6666245707662777,0.0023973184533330194,0.0023973184533330194,5.74713576669102e-06,2020
MLP_FINAL_w6_h64x32_actleaky_relu_d0.0_e50_lr0.001_b16,100901,Huanuco,Puerto Inca,2,0.6464933776583826,0.6472005141671888,0.000707136508806272,0.000707136508806272,5.000420420867227e-07,2021
MLP_FINAL_w6_h64x32_actleaky_relu_d0.0_e50_lr0.001_b16,100901,Huanuco,Puerto Inca,3,0.628276763336323,0.6291681419935442,0.0008913786572212201,0.0008913786572212201,7.945559105495055e-07,2022
MLP_FINAL_w6_h64x32_actleaky_relu_d0.0_e50_lr0.001_b16,100901,Huanuco,Puerto Inca,4,0.6187861537173325,0.6122424341656109,-0.006543719551721616,0.006543719551721616,4.2820265571583753e-05,2023
MLP_FINAL_w6_h64x32_actleaky_relu_d0.0_e50_lr0.001_b16,100901,Huanuco,Puerto Inca,5,0.6006510854749344,0.6028942525608727,0.0022431670859383024,0.0022431670859383024,5.0317985754369354e-06,2024
MLP_FINAL_w6_h64x32_actleaky_relu_d0.0_e50_lr0.001_b16,100902,Huanuco,Codo Del Pozuzo,1,0.7266625122662215,0.730164942888262,0.0035024306220404755,0.0035024306220404755,1.2267020262206832e-05,2020
MLP_FINAL_w6_h64x32_actleaky_relu_d0.0_e50_lr0.001_b16,100902,Huanuco,Codo Del Pozuzo,2,0.7152311829291733,0.710425352681025,-0.004805830248148291,0.004805830248148291,2.3096004374017062e-05,2021
MLP_FINAL_w6_h64x32_actleaky_relu_d0.0_e50_lr0.001_b16,100902,Huanuco,Codo Del Pozuzo,3,0.6996186420850788,0.6997960950365179,0.00017745295143900552,0.00017745295143900552,3.1489549974414055e-08,2022
MLP_FINAL_w6_h64x32_actleaky_relu_d0.0_e50_lr0.001_b16,100902,Huanuco,Codo Del Pozuzo,4,0.6923842984116194,0.6850900760399252,-0.007294222371694192,0.007294222371694192,5.320568000772405e-05,2023
MLP_FINAL_w6_h64x32_actleaky_relu_d0.0_e50_lr0.001_b16,100902,Huanuco,Codo Del Pozuzo,5,0.6740933057866314,0.679567745743647,0.0054744399570155755,0.0054744399570155755,2.9969492842968697e-05,2024
MLP_FINAL_w6_h64x32_actleaky_relu_d0.0_e50_lr0.001_b16,100903,Huanuco,Honoria,1,0.42782625263648766,0.4332686773653849,0.005442424728897222,0.005442424728897222,2.9619986929711995e-05,2020
MLP_FINAL_w6_h64x32_actleaky_relu_d0.0_e50_lr0.001_b16,100903,Huanuco,Honoria,2,0.4163712494453008,0.4147485682714503,-0.0016226811738505043,0.0016226811738505043,2.6330941919688503e-06,2021
MLP_FINAL_w6_h64x32_actleaky_relu_d0.0_e50_lr0.001_b16,100903,Huanuco,Honoria,3,0.39893179626777053,0.4032935776995886,0.00436178143181809,0.00436178143181809,1.902513725895307e-05,2022
MLP_FINAL_w6_h64x32_actleaky_relu_d0.0_e50_lr0.001_b16,100903,Huanuco,Honoria,4,0.36284792102342656,0.3913459791478967,0.02849805812447015,0.02849805812447015,0.0008121393168656791,2023
MLP_FINAL_w6_h64x32_actleaky_relu_d0.0_e50_lr0.001_b16,100903,Huanuco,Honoria,5,0.35079421918516807,0.3598707193369458,0.009076500151777744,0.009076500151777744,8.238285500522142e-05,2024
MLP_FINAL_w6_h64x32_actleaky_relu_d0.0_e50_lr0.001_b16,100904,Huanuco,Tournavista,1,0.5779380793787868,0.5823600676112959,0.004421988232509055,0.004421988232509055,1.955397992844856e-05,2020
MLP_FINAL_w6_h64x32_actleaky_relu_d0.0_e50_lr0.001_b16,100904,Huanuco,Tournavista,2,0.5558772684042086,0.5619866528651988,0.006109384460990186,0.006109384460990186,3.732457849218835e-05,2021
MLP_FINAL_w6_h64x32_actleaky_relu_d0.0_e50_lr0.001_b16,100904,Huanuco,Tournavista,3,0.5343623757489112,0.5394536251629527,0.005091249414041488,0.005091249414041488,2.592082059597779e-05,2022
MLP_FINAL_w6_h64x32_actleaky_relu_d0.0_e50_lr0.001_b16,100904,Huanuco,Tournavista,4,0.5072332036614344,0.5200640272088307,0.012830823547396286,0.012830823547396286,0.00016463003290441902,2023
MLP_FINAL_w6_h64x32_actleaky_relu_d0.0_e50_lr0.001_b16,100904,Huanuco,Tournavista,5,0.4849192190517668,0.4933459974697211,0.00842677841795425,0.00842677841795425,7.101059450529954e-05,2024
MLP_FINAL_w6_h64x32_actleaky_relu_d0.0_e50_lr0.001_b16,100905,Huanuco,Yuyapichis,1,0.6091182804367815,0.6114463818912066,0.00232810145442508,0.00232810145442508,5.4200563820961725e-06,2020
MLP_FINAL_w6_h64x32_actleaky_relu_d0.0_e50_lr0.001_b16,100905,Huanuco,Yuyapichis,2,0.5911847365087061,0.5878535185817764,-0.003331217926929697,0.003331217926929697,1.109701287669779e-05,2021
MLP_FINAL_w6_h64x32_actleaky_relu_d0.0_e50_lr0.001_b16,100905,Huanuco,Yuyapichis,3,0.5691707716242274,0.5718734714385578,0.002702699814330467,0.002702699814330467,7.304586286381941e-06,2022
MLP_FINAL_w6_h64x32_actleaky_relu_d0.0_e50_lr0.001_b16,100905,Huanuco,Yuyapichis,4,0.5613270407352233,0.5532192283818809,-0.008107812353342458,0.008107812353342458,6.573662115701257e-05,2023
MLP_FINAL_w6_h64x32_actleaky_relu_d0.0_e50_lr0.001_b16,100905,Huanuco,Yuyapichis,5,0.5434480911629409,0.5465896043510452,0.0031415131881042946,0.0031415131881042946,9.86910511103321e-06,2024
MLP_FINAL_w6_h64x32_actleaky_relu_d0.0_e50_lr0.001_b16,120209,Junin,Mariscal Castilla,1,0.3902123851621362,0.3611215089961535,-0.029090876165982715,0.029090876165982715,0.0008462790761045412,2020
MLP_FINAL_w6_h64x32_actleaky_relu_d0.0_e50_lr0.001_b16,120209,Junin,Mariscal Castilla,2,0.3518310734236856,0.37567350912826647,0.02384243570458089,0.02384243570458089,0.0005684617403270735,2021
MLP_FINAL_w6_h64x32_actleaky_relu_d0.0_e50_lr0.001_b16,120209,Junin,Mariscal Castilla,3,0.3644899097648849,0.3664556725338691,0.001965762768984247,0.001965762768984247,3.864223263924615e-06,2022
MLP_FINAL_w6_h64x32_actleaky_relu_d0.0_e50_lr0.001_b16,120209,Junin,Mariscal Castilla,4,0.35656451922229226,0.366908176298106,0.01034365707581375,0.01034365707581375,0.00010699124170203186,2023
MLP_FINAL_w6_h64x32_actleaky_relu_d0.0_e50_lr0.001_b16,120209,Junin,Mariscal Castilla,5,0.34947994170070873,0.36606381724670634,0.016583875545997606,0.016583875545997606,0.0002750249281251374,2024
MLP_FINAL_w6_h64x32_actleaky_relu_d0.0_e50_lr0.001_b16,120302,Junin,Perene,1,0.5873779656199998,0.5844011551326013,-0.002976810487398507,0.002976810487398507,8.861400677885736e-06,2020
MLP_FINAL_w6_h64x32_actleaky_relu_d0.0_e50_lr0.001_b16,120302,Junin,Perene,2,0.5792153475371665,0.581202149876147,0.00198680233898052,0.00198680233898052,3.947383534178465e-06,2021
MLP_FINAL_w6_h64x32_actleaky_relu_d0.0_e50_lr0.001_b16,120302,Junin,Perene,3,0.5696842078003561,0.5733813419914303,0.003697134191074203,0.003697134191074203,1.36688012268099e-05,2022
MLP_FINAL_w6_h64x32_actleaky_relu_d0.0_e50_lr0.001_b16,120302,Junin,Perene,4,0.5572062158542523,0.5636222562280888,0.0064160403738364735,0.0064160403738364735,4.1165574078699674e-05,2023
MLP_FINAL_w6_h64x32_actleaky_relu_d0.0_e50_lr0.001_b16,120302,Junin,Perene,5,0.544063986795475,0.5516672832582133,0.007603296462738385,0.007603296462738385,5.781011710029003e-05,2024
MLP_FINAL_w6_h64x32_actleaky_relu_d0.0_e50_lr0.001_b16,120303,Junin,Pichanaqui,1,0.6235338467341283,0.6225471984810538,-0.0009866482530744847,0.0009866482530744847,9.734747752949324e-07,2020
MLP_FINAL_w6_h64x32_actleaky_relu_d0.0_e50_lr0.001_b16,120303,Junin,Pichanaqui,2,0.6170480246465798,0.6168827114860158,-0.0001653131605640068,0.0001653131605640068,2.7328441055661092e-08,2021
MLP_FINAL_w6_h64x32_actleaky_relu_d0.0_e50_lr0.001_b16,120303,Junin,Pichanaqui,3,0.6084595327305845,0.6111287534750695,0.002669220744484946,0.002669220744484946,7.124739382788769e-06,2022
MLP_FINAL_w6_h64x32_actleaky_relu_d0.0_e50_lr0.001_b16,120303,Junin,Pichanaqui,4,0.5979025964389927,0.6018981398138729,0.003995543374880173,0.003995543374880173,1.596436686054884e-05,2023
MLP_FINAL_w6_h64x32_actleaky_relu_d0.0_e50_lr0.001_b16,120303,Junin,Pichanaqui,5,0.5880488720460596,0.592486388358269,0.004437516312209344,0.004437516312209344,1.9691551021124018e-05,2024
MLP_FINAL_w6_h64x32_actleaky_relu_d0.0_e50_lr0.001_b16,120304,Junin,San Luis De Shuaro,1,0.6637352752993761,0.6503005649848216,-0.013434710314554565,0.013434710314554565,0.00018049144123599882,2020
MLP_FINAL_w6_h64x32_actleaky_relu_d0.0_e50_lr0.001_b16,120304,Junin,San Luis De Shuaro,2,0.6560774396903926,0.65854027768034,0.0024628379899473973,0.0024628379899473973,6.065570964728137e-06,2021
MLP_FINAL_w6_h64x32_actleaky_relu_d0.0_e50_lr0.001_b16,120304,Junin,San Luis De Shuaro,3,0.6427469902409204,0.6534501592733225,0.010703169032402093,0.010703169032402093,0.00011455782733617116,2022
MLP_FINAL_w6_h64x32_actleaky_relu_d0.0_e50_lr0.001_b16,120304,Junin,San Luis De Shuaro,4,0.6282801642444735,0.6414682613956448,0.013188097151171307,0.013188097151171307,0.00017392590646873274,2023
MLP_FINAL_w6_h64x32_actleaky_relu_d0.0_e50_lr0.001_b16,120304,Junin,San Luis De Shuaro,5,0.5973749761413011,0.6291832978031501,0.03180832166184899,0.03180832166184899,0.0010117693269436519,2024
MLP_FINAL_w6_h64x32_actleaky_relu_d0.0_e50_lr0.001_b16,120601,Junin,Satipo,1,0.677461504646159,0.6710078681476195,-0.006453636498539472,0.006453636498539472,4.164942405528082e-05,2020
MLP_FINAL_w6_h64x32_actleaky_relu_d0.0_e50_lr0.001_b16,120601,Junin,Satipo,2,0.6688019596194343,0.6673550277881162,-0.0014469318313181656,0.0014469318313181656,2.0936117244817406e-06,2021
MLP_FINAL_w6_h64x32_actleaky_relu_d0.0_e50_lr0.001_b16,120601,Junin,Satipo,3,0.6549811358106983,0.6593219944012786,0.00434085859058031,0.00434085859058031,1.8843053303414873e-05,2022
MLP_FINAL_w6_h64x32_actleaky_relu_d0.0_e50_lr0.001_b16,120601,Junin,Satipo,4,0.6294436471020506,0.6436651218676375,0.014221474765586883,0.014221474765586883,0.0002022503445082245,2023
MLP_FINAL_w6_h64x32_actleaky_relu_d0.0_e50_lr0.001_b16,120601,Junin,Satipo,5,0.6126474135510169,0.6186008578552606,0.005953444304243716,0.005953444304243716,3.544349908373194e-05,2024
MLP_FINAL_w6_h64x32_actleaky_relu_d0.0_e50_lr0.001_b16,120602,Junin,Coviriali,1,0.6056987019945641,0.5925667482213584,-0.013131953773205751,0.013131953773205751,0.00017244820990161276,2020
MLP_FINAL_w6_h64x32_actleaky_relu_d0.0_e50_lr0.001_b16,120602,Junin,Coviriali,2,0.5973779543020563,0.5987391882957109,0.0013612339936546203,0.0013612339936546203,1.8529579854809068e-06,2021
MLP_FINAL_w6_h64x32_actleaky_relu_d0.0_e50_lr0.001_b16,120602,Junin,Coviriali,3,0.5809970479831206,0.5928609173118856,0.011863869328765042,0.011863869328765042,0.0001407513954500119,2022
MLP_FINAL_w6_h64x32_actleaky_relu_d0.0_e50_lr0.001_b16,120602,Junin,Coviriali,4,0.5661346913210366,0.5758778483411017,0.009743157020065119,0.009743157020065119,9.49291087176442e-05,2023
MLP_FINAL_w6_h64x32_actleaky_relu_d0.0_e50_lr0.001_b16,120602,Junin,Coviriali,5,0.5460516819517157,0.5610619591893602,0.015010277237644476,0.015010277237644476,0.00022530842275094787,2024
MLP_FINAL_w6_h64x32_actleaky_relu_d0.0_e50_lr0.001_b16,120603,Junin,Llaylla,1,0.6767777138890353,0.6594941724747698,-0.01728354141426547,0.01728354141426547,0.0002987208038186296,2020
MLP_FINAL_w6_h64x32_actleaky_relu_d0.0_e50_lr0.001_b16,120603,Junin,Llaylla,2,0.6766270391457426,0.6714265016429286,-0.005200537502814018,0.005200537502814018,2.704559031817506e-05,2021
MLP_FINAL_w6_h64x32_actleaky_relu_d0.0_e50_lr0.001_b16,120603,Junin,Llaylla,3,0.6652134651992986,0.6715912216952067,0.0063777564959081046,0.0063777564959081046,4.067577792109802e-05,2022
MLP_FINAL_w6_h64x32_actleaky_relu_d0.0_e50_lr0.001_b16,120603,Junin,Llaylla,4,0.6560251073486476,0.660528906666648,0.004503799318000379,0.004503799318000379,2.0284208296820677e-05,2023
MLP_FINAL_w6_h64x32_actleaky_relu_d0.0_e50_lr0.001_b16,120603,Junin,Llaylla,5,0.6417580894382917,0.6503579324373349,0.00859984299904315,0.00859984299904315,7.395729960819148e-05,2024
MLP_FINAL_w6_h64x32_actleaky_relu_d0.0_e50_lr0.001_b16,120604,Junin,Mazamari,1,0.7869618504690601,0.77037702847367,-0.01658482199539013,0.01658482199539013,0.0002750563206187763,2020
MLP_FINAL_w6_h64x32_actleaky_relu_d0.0_e50_lr0.001_b16,120604,Junin,Mazamari,2,0.7836341848821837,0.7776043684216245,-0.006029816460559223,0.006029816460559223,3.635868654803096e-05,2021
MLP_FINAL_w6_h64x32_actleaky_relu_d0.0_e50_lr0.001_b16,120604,Junin,Mazamari,3,0.7771747056360611,0.7754857603854074,-0.0016889452506536617,0.0016889452506536617,2.8525360597055605e-06,2022
MLP_FINAL_w6_h64x32_actleaky_relu_d0.0_e50_lr0.001_b16,120604,Junin,Mazamari,4,0.760666079126433,0.7675155964768849,0.006849517350451917,0.006849517350451917,4.691588793414185e-05,2023
MLP_FINAL_w6_h64x32_actleaky_relu_d0.0_e50_lr0.001_b16,120604,Junin,Mazamari,5,0.7365834093273746,0.749820097190359,0.013236687862984375,0.013236687862984375,0.00017520990558207787,2024
MLP_FINAL_w6_h64x32_actleaky_relu_d0.0_e50_lr0.001_b16,120607,Junin,Rio Negro,1,0.5116514565736742,0.5208576171373989,0.009206160563724697,0.009206160563724697,8.475339232507983e-05,2020
MLP_FINAL_w6_h64x32_actleaky_relu_d0.0_e50_lr0.001_b16,120607,Junin,Rio Negro,2,0.4943422679582864,0.5050544235276707,0.010712155569384318,0.010712155569384318,0.00011475027694269147,2021
MLP_FINAL_w6_h64x32_actleaky_relu_d0.0_e50_lr0.001_b16,120607,Junin,Rio Negro,3,0.4782368225802187,0.48634099110339984,0.008104168523181132,0.008104168523181132,6.567754745211985e-05,2022
MLP_FINAL_w6_h64x32_actleaky_relu_d0.0_e50_lr0.001_b16,120607,Junin,Rio Negro,4,0.45469671435992876,0.4671477798208147,0.012451065460885924,0.012451065460885924,0.00015502903111126642,2023
MLP_FINAL_w6_h64x32_actleaky_relu_d0.0_e50_lr0.001_b16,120607,Junin,Rio Negro,5,0.43790853193839446,0.4451880212478781,0.007279489309483633,0.007279489309483633,5.2990964606886506e-05,2024
MLP_FINAL_w6_h64x32_actleaky_relu_d0.0_e50_lr0.001_b16,120609,Junin,Vizcatán Del Ene,1,0.7585939102070767,0.7622738316385318,0.0036799214314551243,0.0036799214314551243,1.354182174168273e-05,2020
MLP_FINAL_w6_h64x32_actleaky_relu_d0.0_e50_lr0.001_b16,120609,Junin,Vizcatán Del Ene,2,0.7539951757053417,0.7412230809201683,-0.012772094785173382,0.012772094785173382,0.0001631264052014531,2021
MLP_FINAL_w6_h64x32_actleaky_relu_d0.0_e50_lr0.001_b16,120609,Junin,Vizcatán Del Ene,3,0.7469904911318139,0.737322270819819,-0.00966822031199488,0.00966822031199488,9.347448400127037e-05,2022
MLP_FINAL_w6_h64x32_actleaky_relu_d0.0_e50_lr0.001_b16,120609,Junin,Vizcatán Del Ene,4,0.7421298046768738,0.7336504762338144,-0.00847932844305943,0.00847932844305943,7.189901084527667e-05,2023
MLP_FINAL_w6_h64x32_actleaky_relu_d0.0_e50_lr0.001_b16,120609,Junin,Vizcatán Del Ene,5,0.7316185251039783,0.7302904673163635,-0.0013280577876148003,0.0013280577876148003,1.763737487244318e-06,2024
MLP_FINAL_w6_h64x32_actleaky_relu_d0.0_e50_lr0.001_b16,160101,Loreto,Iquitos,1,0.5134002568613278,0.5146175690281056,0.0012173121667777842,0.0012173121667777842,1.4818489113852238e-06,2020
MLP_FINAL_w6_h64x32_actleaky_relu_d0.0_e50_lr0.001_b16,160101,Loreto,Iquitos,2,0.5002260819807207,0.5120033401481586,0.01177725816743791,0.01177725816743791,0.00013870380994248296,2021
MLP_FINAL_w6_h64x32_actleaky_relu_d0.0_e50_lr0.001_b16,160101,Loreto,Iquitos,3,0.507711471355552,0.500200076706245,-0.007511394649306946,0.007511394649306946,5.642104957763702e-05,2022
MLP_FINAL_w6_h64x32_actleaky_relu_d0.0_e50_lr0.001_b16,160101,Loreto,Iquitos,4,0.5507128253263949,0.5061908505519462,-0.044521974774448636,0.044521974774448636,0.0019822062378166408,2023
MLP_FINAL_w6_h64x32_actleaky_relu_d0.0_e50_lr0.001_b16,160101,Loreto,Iquitos,5,0.554524779602941,0.5455613943503129,-0.008963385252628076,0.008963385252628076,8.034227518703047e-05,2024
MLP_FINAL_w6_h64x32_actleaky_relu_d0.0_e50_lr0.001_b16,160112,Loreto,Belen,1,0.5367406011631652,0.5323560528912095,-0.004384548271955779,0.004384548271955779,1.922426354911041e-05,2020
MLP_FINAL_w6_h64x32_actleaky_relu_d0.0_e50_lr0.001_b16,160112,Loreto,Belen,2,0.5371928809343792,0.5268398981772175,-0.010352982757161677,0.010352982757161677,0.000107184251970087,2021
MLP_FINAL_w6_h64x32_actleaky_relu_d0.0_e50_lr0.001_b16,160112,Loreto,Belen,3,0.54171258217959,0.5272619436225868,-0.014450638557003126,0.014450638557003126,0.0002088209547051454,2022
MLP_FINAL_w6_h64x32_actleaky_relu_d0.0_e50_lr0.001_b16,160112,Loreto,Belen,4,0.5596631164516771,0.5332721023292629,-0.02639101412241418,0.02639101412241418,0.0006964856264094647,2023
MLP_FINAL_w6_h64x32_actleaky_relu_d0.0_e50_lr0.001_b16,160112,Loreto,Belen,5,0.5613546360446785,0.5524025750590321,-0.008952060985646382,0.008952060985646382,8.013939589073206e-05,2024
MLP_FINAL_w6_h64x32_actleaky_relu_d0.0_e50_lr0.001_b16,160211,Loreto,Teniente Cesar Lopez Rojas,1,0.7889779138684268,0.779465037450061,-0.009512876418365734,0.009512876418365734,9.049481775109888e-05,2020
MLP_FINAL_w6_h64x32_actleaky_relu_d0.0_e50_lr0.001_b16,160211,Loreto,Teniente Cesar Lopez Rojas,2,0.7833592855012886,0.776097469556795,-0.007261815944493599,0.007261815944493599,5.2733970811701466e-05,2021
MLP_FINAL_w6_h64x32_actleaky_relu_d0.0_e50_lr0.001_b16,160211,Loreto,Teniente Cesar Lopez Rojas,3,0.7727246772628823,0.768459622958982,-0.00426505430390034,0.00426505430390034,1.8190688215218813e-05,2022
MLP_FINAL_w6_h64x32_actleaky_relu_d0.0_e50_lr0.001_b16,160211,Loreto,Teniente Cesar Lopez Rojas,4,0.7527026034602846,0.7552121329535973,0.0025095294933127343,0.0025095294933127343,6.297738277806469e-06,2023
MLP_FINAL_w6_h64x32_actleaky_relu_d0.0_e50_lr0.001_b16,160211,Loreto,Teniente Cesar Lopez Rojas,5,0.7325767861849392,0.7316462623808424,-0.0009305238040967501,0.0009305238040967501,8.658745499906869e-07,2024
MLP_FINAL_w6_h64x32_actleaky_relu_d0.0_e50_lr0.001_b16,160503,Loreto,Capelo,1,0.7554360502605475,0.7560744366854797,0.0006383864249321913,0.0006383864249321913,4.0753722753770436e-07,2020
MLP_FINAL_w6_h64x32_actleaky_relu_d0.0_e50_lr0.001_b16,160503,Loreto,Capelo,2,0.7583418518048548,0.7506568846466184,-0.007684967158236411,0.007684967158236411,5.9058720223172215e-05,2021
MLP_FINAL_w6_h64x32_actleaky_relu_d0.0_e50_lr0.001_b16,160503,Loreto,Capelo,3,0.7430871824050683,0.7521848830232389,0.009097700618170612,0.009097700618170612,8.276815653786194e-05,2022
MLP_FINAL_w6_h64x32_actleaky_relu_d0.0_e50_lr0.001_b16,160503,Loreto,Capelo,4,0.7359065465798044,0.738459448693946,0.0025529021141416086,0.0025529021141416086,6.517309204388695e-06,2023
MLP_FINAL_w6_h64x32_actleaky_relu_d0.0_e50_lr0.001_b16,160503,Loreto,Capelo,5,0.7223675249228664,0.7317102045018026,0.009342679578936197,0.009342679578936197,8.728566171467144e-05,2024
MLP_FINAL_w6_h64x32_actleaky_relu_d0.0_e50_lr0.001_b16,160603,Loreto,Padre Marquez,1,0.8489634977879752,0.8413290331693247,-0.007634464618650472,0.007634464618650472,5.828505001342589e-05,2020
MLP_FINAL_w6_h64x32_actleaky_relu_d0.0_e50_lr0.001_b16,160603,Loreto,Padre Marquez,2,0.8423532176053075,0.8343616513211882,-0.007991566284119234,0.007991566284119234,6.386513167347129e-05,2021
MLP_FINAL_w6_h64x32_actleaky_relu_d0.0_e50_lr0.001_b16,160603,Loreto,Padre Marquez,3,0.8218923193870263,0.8269695029856791,0.005077183598652724,0.005077183598652724,2.5777793294428222e-05,2022
MLP_FINAL_w6_h64x32_actleaky_relu_d0.0_e50_lr0.001_b16,160603,Loreto,Padre Marquez,4,0.8138833131954339,0.8087157499894562,-0.0051675632059777765,0.0051675632059777765,2.6703709487775315e-05,2023
MLP_FINAL_w6_h64x32_actleaky_relu_d0.0_e50_lr0.001_b16,160603,Loreto,Padre Marquez,5,0.7825643942048058,0.7981635711834776,0.015599176978671747,0.015599176978671747,0.00024333432241192262,2024
MLP_FINAL_w6_h64x32_actleaky_relu_d0.0_e50_lr0.001_b16,170102,Madre De Dios,Inambari,1,0.8478175873407863,0.8329131546935412,-0.014904432647245058,0.014904432647245058,0.00022214211253626434,2020
MLP_FINAL_w6_h64x32_actleaky_relu_d0.0_e50_lr0.001_b16,170102,Madre De Dios,Inambari,2,0.8411440843386968,0.8298680610373022,-0.011276023301394655,0.011276023301394655,0.00012714870149359522,2021
MLP_FINAL_w6_h64x32_actleaky_relu_d0.0_e50_lr0.001_b16,170102,Madre De Dios,Inambari,3,0.8289204759054892,0.8243845351661181,-0.004535940739371136,0.004535940739371136,2.0574758391086767e-05,2022
MLP_FINAL_w6_h64x32_actleaky_relu_d0.0_e50_lr0.001_b16,170102,Madre De Dios,Inambari,4,0.8187924578592722,0.8138594374320915,-0.00493302042718069,0.00493302042718069,2.4334690534981956e-05,2023
MLP_FINAL_w6_h64x32_actleaky_relu_d0.0_e50_lr0.001_b16,170102,Madre De Dios,Inambari,5,0.796142762917823,0.8041719347911391,0.008029171873316088,0.008029171873316088,6.446760097125017e-05,2024
MLP_FINAL_w6_h64x32_actleaky_relu_d0.0_e50_lr0.001_b16,170204,Madre De Dios,Huepetuhe,1,0.8092381900541393,0.7919520869168513,-0.017286103137288067,0.017286103137288067,0.00029880936167296033,2020
MLP_FINAL_w6_h64x32_actleaky_relu_d0.0_e50_lr0.001_b16,170204,Madre De Dios,Huepetuhe,2,0.8052862969252432,0.7967220909006606,-0.008564206024582632,0.008564206024582632,7.334562483149745e-05,2021
MLP_FINAL_w6_h64x32_actleaky_relu_d0.0_e50_lr0.001_b16,170204,Madre De Dios,Huepetuhe,3,0.7968474008002331,0.795639478988845,-0.0012079218113880685,0.0012079218113880685,1.4590751024270325e-06,2022
MLP_FINAL_w6_h64x32_actleaky_relu_d0.0_e50_lr0.001_b16,170204,Madre De Dios,Huepetuhe,4,0.7871135347583715,0.7876103828314803,0.000496848073108791,0.000496848073108791,2.468580077519185e-07,2023
MLP_FINAL_w6_h64x32_actleaky_relu_d0.0_e50_lr0.001_b16,170204,Madre De Dios,Huepetuhe,5,0.7681001993376703,0.7777962074038303,0.00969600806616,0.00969600806616,9.401257241903979e-05,2024
MLP_FINAL_w6_h64x32_actleaky_relu_d0.0_e50_lr0.001_b16,200303,Piura,El Carmen De La Frontera,1,0.5097815407346726,0.49198157078678223,-0.017799969947890404,0.017799969947890404,0.00031683893014580153,2020
MLP_FINAL_w6_h64x32_actleaky_relu_d0.0_e50_lr0.001_b16,200303,Piura,El Carmen De La Frontera,2,0.5007951851552875,0.5051434875703402,0.004348302415052685,0.004348302415052685,1.8907733892753013e-05,2021
MLP_FINAL_w6_h64x32_actleaky_relu_d0.0_e50_lr0.001_b16,200303,Piura,El Carmen De La Frontera,3,0.4958600383718049,0.49564181238053523,-0.00021822599126969378,0.00021822599126969378,4.762258326564046e-08,2022
MLP_FINAL_w6_h64x32_actleaky_relu_d0.0_e50_lr0.001_b16,200303,Piura,El Carmen De La Frontera,4,0.5164859886883592,0.4925953936951466,-0.023890594993212555,0.023890594993212555,0.0005707605291297128,2023
MLP_FINAL_w6_h64x32_actleaky_relu_d0.0_e50_lr0.001_b16,200303,Piura,El Carmen De La Frontera,5,0.5125405795265098,0.5092032286075164,-0.0033373509189933426,0.0033373509189933426,1.1137911156505707e-05,2024
MLP_FINAL_w6_h64x32_actleaky_relu_d0.0_e50_lr0.001_b16,200307,Piura,Sondor,1,0.3248289227317662,0.31447942290836917,-0.010349499823397057,0.010349499823397057,0.00010711214659449571,2020
MLP_FINAL_w6_h64x32_actleaky_relu_d0.0_e50_lr0.001_b16,200307,Piura,Sondor,2,0.31768772229785813,0.33013417539537104,0.01244645309751291,0.01244645309751291,0.00015491419470858872,2021
MLP_FINAL_w6_h64x32_actleaky_relu_d0.0_e50_lr0.001_b16,200307,Piura,Sondor,3,0.33615573881722727,0.32144344801599334,-0.01471229080123393,0.01471229080123393,0.0002164515006200725,2022
MLP_FINAL_w6_h64x32_actleaky_relu_d0.0_e50_lr0.001_b16,200307,Piura,Sondor,4,0.3486087287252113,0.33189477317470273,-0.016713955550508586,0.016713955550508586,0.0002793563101443768,2023
MLP_FINAL_w6_h64x32_actleaky_relu_d0.0_e50_lr0.001_b16,200307,Piura,Sondor,5,0.34554934999280745,0.34279312531049744,-0.0027562246823100156,0.0027562246823100156,7.5967744993749465e-06,2024
MLP_FINAL_w6_h64x32_actleaky_relu_d0.0_e50_lr0.001_b16,211205,Puno,Phara,1,0.47688466188140716,0.4827075781950941,0.005822916313686921,0.005822916313686921,3.390635439620128e-05,2020
MLP_FINAL_w6_h64x32_actleaky_relu_d0.0_e50_lr0.001_b16,211205,Puno,Phara,2,0.4763627928411909,0.48256432992470155,0.0062015370835106776,0.0062015370835106776,3.845906219815812e-05,2021
MLP_FINAL_w6_h64x32_actleaky_relu_d0.0_e50_lr0.001_b16,211205,Puno,Phara,3,0.479325352955569,0.4806370308590302,0.0013116779034612058,0.0013116779034612058,1.7204989224283844e-06,2022
MLP_FINAL_w6_h64x32_actleaky_relu_d0.0_e50_lr0.001_b16,211205,Puno,Phara,4,0.48032289799598293,0.4832889063409812,0.002966008344998272,0.002966008344998272,8.79720550259939e-06,2023
MLP_FINAL_w6_h64x32_actleaky_relu_d0.0_e50_lr0.001_b16,211205,Puno,Phara,5,0.4694140528912562,0.4843107562017956,0.014896703310539383,0.014896703310539383,0.000221911769522235,2024
MLP_FINAL_w6_h64x32_actleaky_relu_d0.0_e50_lr0.001_b16,220101,San Martin,Moyobamba,1,0.7150649990351682,0.707483093906117,-0.007581905129051214,0.007581905129051214,5.748528538593311e-05,2020
MLP_FINAL_w6_h64x32_actleaky_relu_d0.0_e50_lr0.001_b16,220101,San Martin,Moyobamba,2,0.7090317627374706,0.7074095358593286,-0.0016222268781419524,0.0016222268781419524,2.631620044166185e-06,2021
MLP_FINAL_w6_h64x32_actleaky_relu_d0.0_e50_lr0.001_b16,220101,San Martin,Moyobamba,3,0.7060308998161764,0.7017237600626209,-0.004307139753555456,0.004307139753555456,1.855145285665775e-05,2022
MLP_FINAL_w6_h64x32_actleaky_relu_d0.0_e50_lr0.001_b16,220101,San Martin,Moyobamba,4,0.6941648725827964,0.6998765432348839,0.005711670652087553,0.005711670652087553,3.262318163791825e-05,2023
MLP_FINAL_w6_h64x32_actleaky_relu_d0.0_e50_lr0.001_b16,220101,San Martin,Moyobamba,5,0.6824468321764342,0.6856356851857377,0.003188853009303494,0.003188853009303494,1.016878351494395e-05,2024
MLP_FINAL_w6_h64x32_actleaky_relu_d0.0_e50_lr0.001_b16,220102,San Martin,Calzada,1,0.19311023574256087,0.19098281941733042,-0.0021274163252304468,0.0021274163252304468,4.525900220857018e-06,2020
MLP_FINAL_w6_h64x32_actleaky_relu_d0.0_e50_lr0.001_b16,220102,San Martin,Calzada,2,0.18762325217626274,0.19250354906261624,0.004880296886353497,0.004880296886353497,2.3817297698951637e-05,2021
MLP_FINAL_w6_h64x32_actleaky_relu_d0.0_e50_lr0.001_b16,220102,San Martin,Calzada,3,0.18364811425028582,0.18251328357065238,-0.0011348306796334362,0.0011348306796334362,1.2878406714372867e-06,2022
MLP_FINAL_w6_h64x32_actleaky_relu_d0.0_e50_lr0.001_b16,220102,San Martin,Calzada,4,0.16440152322196133,0.19495843687766617,0.030556913655704843,0.030556913655704843,0.0009337249721622011,2023
MLP_FINAL_w6_h64x32_actleaky_relu_d0.0_e50_lr0.001_b16,220102,San Martin,Calzada,5,0.14866971713508131,0.15116190767552262,0.002492190540441308,0.002492190540441308,6.2110136898651395e-06,2024
MLP_FINAL_w6_h64x32_actleaky_relu_d0.0_e50_lr0.001_b16,220106,San Martin,Yantalo,1,0.33534333189731974,0.340744428336076,0.005401096438756248,0.005401096438756248,2.9171842740745422e-05,2020
MLP_FINAL_w6_h64x32_actleaky_relu_d0.0_e50_lr0.001_b16,220106,San Martin,Yantalo,2,0.3218779818610972,0.33402549576314444,0.012147513902047269,0.012147513902047269,0.00014756209400043166,2021
MLP_FINAL_w6_h64x32_actleaky_relu_d0.0_e50_lr0.001_b16,220106,San Martin,Yantalo,3,0.3256850808522596,0.3221725673893572,-0.0035125134629024335,0.0035125134629024335,1.2337750827070844e-05,2022
MLP_FINAL_w6_h64x32_actleaky_relu_d0.0_e50_lr0.001_b16,220106,San Martin,Yantalo,4,0.3097157538258273,0.325687907581112,0.015972153755284713,0.015972153755284713,0.00025510969558245557,2023
MLP_FINAL_w6_h64x32_actleaky_relu_d0.0_e50_lr0.001_b16,220106,San Martin,Yantalo,5,0.29572660083779634,0.3093519891566351,0.01362538831883875,0.01362538831883875,0.00018565120683914743,2024
MLP_FINAL_w6_h64x32_actleaky_relu_d0.0_e50_lr0.001_b16,220201,San Martin,Bellavista,1,0.17999418862881245,0.18895504528414675,0.008960856655334304,0.008960856655334304,8.029695199744908e-05,2020
MLP_FINAL_w6_h64x32_actleaky_relu_d0.0_e50_lr0.001_b16,220201,San Martin,Bellavista,2,0.17553249999911757,0.1796143974165732,0.004081897417455627,0.004081897417455627,1.6661886526630913e-05,2021
MLP_FINAL_w6_h64x32_actleaky_relu_d0.0_e50_lr0.001_b16,220201,San Martin,Bellavista,3,0.18650883956485775,0.17363838975881135,-0.012870449806046402,0.012870449806046402,0.00016564847820995987,2022
MLP_FINAL_w6_h64x32_actleaky_relu_d0.0_e50_lr0.001_b16,220201,San Martin,Bellavista,4,0.1812327754005189,0.18385567691173288,0.002622901511213971,0.002622901511213971,6.879612337528532e-06,2023
MLP_FINAL_w6_h64x32_actleaky_relu_d0.0_e50_lr0.001_b16,220201,San Martin,Bellavista,5,0.1615451894325708,0.18247789898269656,0.020932709550125772,0.020932709550125772,0.0004381783291099267,2024
MLP_FINAL_w6_h64x32_actleaky_relu_d0.0_e50_lr0.001_b16,220203,San Martin,Bajo Biavo,1,0.5235977770243322,0.5317681398236738,0.00817036279934158,0.00817036279934158,6.675482827286477e-05,2020
MLP_FINAL_w6_h64x32_actleaky_relu_d0.0_e50_lr0.001_b16,220203,San Martin,Bajo Biavo,2,0.5058841110360703,0.5075241737530148,0.0016400627169445015,0.0016400627169445015,2.6898057155113798e-06,2021
MLP_FINAL_w6_h64x32_actleaky_relu_d0.0_e50_lr0.001_b16,220203,San Martin,Bajo Biavo,3,0.49327725054067817,0.4889294544760505,-0.0043477960646276514,0.0043477960646276514,1.8903330619591693e-05,2022
MLP_FINAL_w6_h64x32_actleaky_relu_d0.0_e50_lr0.001_b16,220203,San Martin,Bajo Biavo,4,0.4901409444016485,0.47539500101484716,-0.014745943386801352,0.014745943386801352,0.00021744284636675054,2023
MLP_FINAL_w6_h64x32_actleaky_relu_d0.0_e50_lr0.001_b16,220203,San Martin,Bajo Biavo,5,0.46760270018583383,0.4756138705917038,0.00801117040586996,0.00801117040586996,6.417885127188668e-05,2024
MLP_FINAL_w6_h64x32_actleaky_relu_d0.0_e50_lr0.001_b16,220204,San Martin,Huallaga,1,0.497859835460945,0.5099264926139717,0.012066657153026739,0.012066657153026739,0.00014560421484869135,2020
MLP_FINAL_w6_h64x32_actleaky_relu_d0.0_e50_lr0.001_b16,220204,San Martin,Huallaga,2,0.47576272499733147,0.4894528157514757,0.013690090754144235,0.013690090754144235,0.00018741858485670548,2021
MLP_FINAL_w6_h64x32_actleaky_relu_d0.0_e50_lr0.001_b16,220204,San Martin,Huallaga,3,0.4629425095702099,0.46248820755212716,-0.00045430201808271953,0.00045430201808271953,2.0639032363403163e-07,2022
MLP_FINAL_w6_h64x32_actleaky_relu_d0.0_e50_lr0.001_b16,220204,San Martin,Huallaga,4,0.46690449184963045,0.45032208014535996,-0.016582411704270494,0.016582411704270494,0.00027497637792992706,2023
MLP_FINAL_w6_h64x32_actleaky_relu_d0.0_e50_lr0.001_b16,220204,San Martin,Huallaga,5,0.44801157633997357,0.4569561477560936,0.00894457141612004,0.00894457141612004,8.000535781807164e-05,2024
MLP_FINAL_w6_h64x32_actleaky_relu_d0.0_e50_lr0.001_b16,220205,San Martin,San Pablo,1,0.26421644859257376,0.2633056614131428,-0.0009107871794309386,0.0009107871794309386,8.295332862157647e-07,2020
MLP_FINAL_w6_h64x32_actleaky_relu_d0.0_e50_lr0.001_b16,220205,San Martin,San Pablo,2,0.25459380928332365,0.26182114923127825,0.007227339947954603,0.007227339947954603,5.2234442723300445e-05,2021
MLP_FINAL_w6_h64x32_actleaky_relu_d0.0_e50_lr0.001_b16,220205,San Martin,San Pablo,3,0.2590683948634075,0.2517543601510961,-0.007314034712311401,0.007314034712311401,5.349510377289612e-05,2022
MLP_FINAL_w6_h64x32_actleaky_relu_d0.0_e50_lr0.001_b16,220205,San Martin,San Pablo,4,0.255828559780159,0.25682308880184207,0.000994529021683066,0.000994529021683066,9.890879749698764e-07,2023
MLP_FINAL_w6_h64x32_actleaky_relu_d0.0_e50_lr0.001_b16,220205,San Martin,San Pablo,5,0.24098134315352437,0.25516402611334227,0.014182682959817894,0.014182682959817894,0.00020114849593870886,2024
MLP_FINAL_w6_h64x32_actleaky_relu_d0.0_e50_lr0.001_b16,220301,San Martin,San Jose De Sisa,1,0.35357850924679834,0.34980717342334877,-0.003771335823449573,0.003771335823449573,1.422297389323407e-05,2020
MLP_FINAL_w6_h64x32_actleaky_relu_d0.0_e50_lr0.001_b16,220301,San Martin,San Jose De Sisa,2,0.3351280966861305,0.35185521419285803,0.016727117506727507,0.016727117506727507,0.00027979646008386984,2021
MLP_FINAL_w6_h64x32_actleaky_relu_d0.0_e50_lr0.001_b16,220301,San Martin,San Jose De Sisa,3,0.3242386537939509,0.3314344454288208,0.007195791634869886,0.007195791634869886,5.177941725246342e-05,2022
MLP_FINAL_w6_h64x32_actleaky_relu_d0.0_e50_lr0.001_b16,220301,San Martin,San Jose De Sisa,4,0.3118375924093043,0.32082590871634764,0.008988316307043331,0.008988316307043331,8.078983003546107e-05,2023
MLP_FINAL_w6_h64x32_actleaky_relu_d0.0_e50_lr0.001_b16,220301,San Martin,San Jose De Sisa,5,0.29614263475210734,0.30925335651060704,0.0131107217584997,0.0131107217584997,0.00017189102502879745,2024
MLP_FINAL_w6_h64x32_actleaky_relu_d0.0_e50_lr0.001_b16,220302,San Martin,Agua Blanca,1,0.34556167907356095,0.3508822011206988,0.005320522047137843,0.005320522047137843,2.8307954854079867e-05,2020
MLP_FINAL_w6_h64x32_actleaky_relu_d0.0_e50_lr0.001_b16,220302,San Martin,Agua Blanca,2,0.3318985715915981,0.3447859565321084,0.012887384940510338,0.012887384940510338,0.00016608469060489265,2021
MLP_FINAL_w6_h64x32_actleaky_relu_d0.0_e50_lr0.001_b16,220302,San Martin,Agua Blanca,3,0.32969412690514,0.3273838691765957,-0.002310257728544318,0.002310257728544318,5.3372907722987524e-06,2022
MLP_FINAL_w6_h64x32_actleaky_relu_d0.0_e50_lr0.001_b16,220302,San Martin,Agua Blanca,4,0.31659522945438445,0.325681648395796,0.009086418941411545,0.009086418941411545,8.25630091788425e-05,2023
MLP_FINAL_w6_h64x32_actleaky_relu_d0.0_e50_lr0.001_b16,220302,San Martin,Agua Blanca,5,0.2872274095768187,0.31299478453325225,0.025767374956433553,0.025767374956433553,0.000663957612145439,2024
MLP_FINAL_w6_h64x32_actleaky_relu_d0.0_e50_lr0.001_b16,220303,San Martin,San Martin,1,0.7448397795322017,0.7423527881537567,-0.0024869913784449915,0.0024869913784449915,6.185126116459719e-06,2020
MLP_FINAL_w6_h64x32_actleaky_relu_d0.0_e50_lr0.001_b16,220303,San Martin,San Martin,2,0.725127396590169,0.7398197362382081,0.014692339648039066,0.014692339648039066,0.0002158648443333407,2021
MLP_FINAL_w6_h64x32_actleaky_relu_d0.0_e50_lr0.001_b16,220303,San Martin,San Martin,3,0.7045582498000316,0.7150260431781712,0.010467793378139634,0.010467793378139634,0.00010957469820742397,2022
MLP_FINAL_w6_h64x32_actleaky_relu_d0.0_e50_lr0.001_b16,220303,San Martin,San Martin,4,0.6793997825247838,0.6884828573450085,0.009083074820224635,0.009083074820224635,8.250224818979878e-05,2023
MLP_FINAL_w6_h64x32_actleaky_relu_d0.0_e50_lr0.001_b16,220303,San Martin,San Martin,5,0.658098462484576,0.6619749425258744,0.003876480041298369,0.003876480041298369,1.5027097510584605e-05,2024
MLP_FINAL_w6_h64x32_actleaky_relu_d0.0_e50_lr0.001_b16,220304,San Martin,Santa Rosa,1,0.3669703895715092,0.3687547621595815,0.0017843725880722916,0.0017843725880722916,3.183985533063808e-06,2020
MLP_FINAL_w6_h64x32_actleaky_relu_d0.0_e50_lr0.001_b16,220304,San Martin,Santa Rosa,2,0.350194031457719,0.36303386678074795,0.012839835323028959,0.012839835323028959,0.00016486137112250215,2021
MLP_FINAL_w6_h64x32_actleaky_relu_d0.0_e50_lr0.001_b16,220304,San Martin,Santa Rosa,3,0.3417167599646726,0.34270680912589757,0.0009900491612249707,0.0009900491612249707,9.80197341642268e-07,2022
MLP_FINAL_w6_h64x32_actleaky_relu_d0.0_e50_lr0.001_b16,220304,San Martin,Santa Rosa,4,0.3291344976889926,0.3342702349567305,0.0051357372677379165,0.0051357372677379165,2.637579728323212e-05,2023
MLP_FINAL_w6_h64x32_actleaky_relu_d0.0_e50_lr0.001_b16,220304,San Martin,Santa Rosa,5,0.30298647340620394,0.32319541417686504,0.0202089407706611,0.0202089407706611,0.0004084012870720884,2024
MLP_FINAL_w6_h64x32_actleaky_relu_d0.0_e50_lr0.001_b16,220305,San Martin,Shatoja,1,0.358218130362291,0.3593809002279923,0.0011627698657012964,0.0011627698657012964,1.3520337605830109e-06,2020
MLP_FINAL_w6_h64x32_actleaky_relu_d0.0_e50_lr0.001_b16,220305,San Martin,Shatoja,2,0.3286972633082887,0.3524714032247037,0.023774139916415027,0.023774139916415027,0.0005652097287652783,2021
MLP_FINAL_w6_h64x32_actleaky_relu_d0.0_e50_lr0.001_b16,220305,San Martin,Shatoja,3,0.31879967414084254,0.32239888236810177,0.003599208227259232,0.003599208227259232,1.2954299863170542e-05,2022
MLP_FINAL_w6_h64x32_actleaky_relu_d0.0_e50_lr0.001_b16,220305,San Martin,Shatoja,4,0.3109073967076637,0.31339572573458346,0.0024883290269197555,0.0024883290269197555,6.191781346211417e-06,2023
MLP_FINAL_w6_h64x32_actleaky_relu_d0.0_e50_lr0.001_b16,220305,San Martin,Shatoja,5,0.3010384534084985,0.30722209944365886,0.006183646035160362,0.006183646035160362,3.8237478288154463e-05,2024
MLP_FINAL_w6_h64x32_actleaky_relu_d0.0_e50_lr0.001_b16,220401,San Martin,Saposoa,1,0.6072256529671902,0.6131976476795278,0.005971994712337558,0.005971994712337558,3.5664720844187756e-05,2020
MLP_FINAL_w6_h64x32_actleaky_relu_d0.0_e50_lr0.001_b16,220401,San Martin,Saposoa,2,0.6000618323928004,0.600905749767817,0.0008439173750165452,0.0008439173750165452,7.121965358548162e-07,2021
MLP_FINAL_w6_h64x32_actleaky_relu_d0.0_e50_lr0.001_b16,220401,San Martin,Saposoa,3,0.5926665670839584,0.5899912196570724,-0.002675347426886021,0.002675347426886021,7.157483854545654e-06,2022
MLP_FINAL_w6_h64x32_actleaky_relu_d0.0_e50_lr0.001_b16,220401,San Martin,Saposoa,4,0.5851259839353855,0.5810134783445751,-0.004112505590810445,0.004112505590810445,1.6912702234447163e-05,2023
MLP_FINAL_w6_h64x32_actleaky_relu_d0.0_e50_lr0.001_b16,220401,San Martin,Saposoa,5,0.5671674600530096,0.5731258574424076,0.0059583973893980735,0.0059583973893980735,3.550249944998578e-05,2024
MLP_FINAL_w6_h64x32_actleaky_relu_d0.0_e50_lr0.001_b16,220403,San Martin,El Eslabon,1,0.4029776402730329,0.40920111289863137,0.00622347262559847,0.00622347262559847,3.873161152157351e-05,2020
MLP_FINAL_w6_h64x32_actleaky_relu_d0.0_e50_lr0.001_b16,220403,San Martin,El Eslabon,2,0.3985061969049323,0.40290333768605574,0.004397140781123465,0.004397140781123465,1.933484704901908e-05,2021
MLP_FINAL_w6_h64x32_actleaky_relu_d0.0_e50_lr0.001_b16,220403,San Martin,El Eslabon,3,0.39350787146966615,0.3926414916957333,-0.0008663797739328349,0.0008663797739328349,7.506139126799102e-07,2022
MLP_FINAL_w6_h64x32_actleaky_relu_d0.0_e50_lr0.001_b16,220403,San Martin,El Eslabon,4,0.3767470982225398,0.38671438392325275,0.009967285700712925,0.009967285700712925,9.934678423963633e-05,2023
MLP_FINAL_w6_h64x32_actleaky_relu_d0.0_e50_lr0.001_b16,220403,San Martin,El Eslabon,5,0.3564333918137869,0.3678377662721355,0.011404374458348576,0.011404374458348576,0.0001300597567862334,2024
MLP_FINAL_w6_h64x32_actleaky_relu_d0.0_e50_lr0.001_b16,220404,San Martin,Piscoyacu,1,0.39872494028853656,0.40220030245795035,0.003475362169413798,0.003475362169413798,1.2078142208592582e-05,2020
MLP_FINAL_w6_h64x32_actleaky_relu_d0.0_e50_lr0.001_b16,220404,San Martin,Piscoyacu,2,0.38772264277079027,0.39188462242618016,0.004161979655389891,0.004161979655389891,1.732207465187936e-05,2021
MLP_FINAL_w6_h64x32_actleaky_relu_d0.0_e50_lr0.001_b16,220404,San Martin,Piscoyacu,3,0.3699451431088945,0.37821501599172186,0.008269872882827378,0.008269872882827378,6.839079749812361e-05,2022
MLP_FINAL_w6_h64x32_actleaky_relu_d0.0_e50_lr0.001_b16,220404,San Martin,Piscoyacu,4,0.3545774550323132,0.360810707634968,0.006233252602654782,0.006233252602654782,3.885343800850261e-05,2023
MLP_FINAL_w6_h64x32_actleaky_relu_d0.0_e50_lr0.001_b16,220404,San Martin,Piscoyacu,5,0.34244924869787385,0.3468017927836208,0.004352544085746923,0.004352544085746923,1.894464001837052e-05,2024
MLP_FINAL_w6_h64x32_actleaky_relu_d0.0_e50_lr0.001_b16,220405,San Martin,Sacanche,1,0.37720733763314507,0.3808567833941605,0.0036494457610154463,0.0036494457610154463,1.3318454362593609e-05,2020
MLP_FINAL_w6_h64x32_actleaky_relu_d0.0_e50_lr0.001_b16,220405,San Martin,Sacanche,2,0.3649483572313069,0.37488552060268654,0.00993716337137962,0.00993716337137962,9.874721586948878e-05,2021
MLP_FINAL_w6_h64x32_actleaky_relu_d0.0_e50_lr0.001_b16,220405,San Martin,Sacanche,3,0.3496493435226485,0.3567655450732682,0.007116201550619705,0.007116201550619705,5.0640324509042294e-05,2022
MLP_FINAL_w6_h64x32_actleaky_relu_d0.0_e50_lr0.001_b16,220405,San Martin,Sacanche,4,0.32518079999658805,0.3417821406887094,0.016601340692121325,0.016601340692121325,0.0002756045127758833,2023
MLP_FINAL_w6_h64x32_actleaky_relu_d0.0_e50_lr0.001_b16,220405,San Martin,Sacanche,5,0.3092617105039118,0.32022336117507977,0.010961650671167944,0.010961650671167944,0.00012015778543671664,2024
MLP_FINAL_w6_h64x32_actleaky_relu_d0.0_e50_lr0.001_b16,220501,San Martin,Lamas,1,0.486327646166965,0.46578694964556744,-0.02054069652139756,0.02054069652139756,0.0004219202135841539,2020
MLP_FINAL_w6_h64x32_actleaky_relu_d0.0_e50_lr0.001_b16,220501,San Martin,Lamas,2,0.4735718366210059,0.47792627360553785,0.004354436984531973,0.004354436984531973,1.89611214522599e-05,2021
MLP_FINAL_w6_h64x32_actleaky_relu_d0.0_e50_lr0.001_b16,220501,San Martin,Lamas,3,0.4589143073816245,0.4636735660099971,0.00475925862837262,0.00475925862837262,2.2650542691739232e-05,2022
MLP_FINAL_w6_h64x32_actleaky_relu_d0.0_e50_lr0.001_b16,220501,San Martin,Lamas,4,0.4386409197169938,0.446636833358656,0.007995913641662189,0.007995913641662189,6.393463496491949e-05,2023
MLP_FINAL_w6_h64x32_actleaky_relu_d0.0_e50_lr0.001_b16,220501,San Martin,Lamas,5,0.41950720224322385,0.4251493782712483,0.00564217602802447,0.00564217602802447,3.183415033121399e-05,2024
MLP_FINAL_w6_h64x32_actleaky_relu_d0.0_e50_lr0.001_b16,220502,San Martin,Alonso De Alvarado,1,0.5448829541870884,0.5488722809668752,0.003989326779786806,0.003989326779786806,1.5914728155924168e-05,2020
MLP_FINAL_w6_h64x32_actleaky_relu_d0.0_e50_lr0.001_b16,220502,San Martin,Alonso De Alvarado,2,0.5277625322411542,0.5501169928435671,0.022354460602412862,0.022354460602412862,0.0004997219088248288,2021
MLP_FINAL_w6_h64x32_actleaky_relu_d0.0_e50_lr0.001_b16,220502,San Martin,Alonso De Alvarado,3,0.5124570727191902,0.5263916297740123,0.013934557054822161,0.013934557054822161,0.00019417188031409406,2022
MLP_FINAL_w6_h64x32_actleaky_relu_d0.0_e50_lr0.001_b16,220502,San Martin,Alonso De Alvarado,4,0.487398951163371,0.5106803963420948,0.023281445178723825,0.023281445178723825,0.0005420256896099229,2023
MLP_FINAL_w6_h64x32_actleaky_relu_d0.0_e50_lr0.001_b16,220502,San Martin,Alonso De Alvarado,5,0.4704975166075251,0.4813409494399019,0.01084343283237682,0.01084343283237682,0.00011758003559026759,2024
MLP_FINAL_w6_h64x32_actleaky_relu_d0.0_e50_lr0.001_b16,220503,San Martin,Barranquita,1,0.682234461552073,0.6775501049286261,-0.004684356623446906,0.004684356623446906,2.1943196975630898e-05,2020
MLP_FINAL_w6_h64x32_actleaky_relu_d0.0_e50_lr0.001_b16,220503,San Martin,Barranquita,2,0.678490345613153,0.6747878103508786,-0.0037025352622743757,0.0037025352622743757,1.370876736838518e-05,2021
MLP_FINAL_w6_h64x32_actleaky_relu_d0.0_e50_lr0.001_b16,220503,San Martin,Barranquita,3,0.6663369511055468,0.6705487897149358,0.004211838609389007,0.004211838609389007,1.7739584471539923e-05,2022
MLP_FINAL_w6_h64x32_actleaky_relu_d0.0_e50_lr0.001_b16,220503,San Martin,Barranquita,4,0.6581066271880025,0.6583025548315838,0.00019592764358133952,0.00019592764358133952,3.8387641519336415e-08,2023
MLP_FINAL_w6_h64x32_actleaky_relu_d0.0_e50_lr0.001_b16,220503,San Martin,Barranquita,5,0.6310163115803364,0.6497767620330132,0.018760450452676714,0.018760450452676714,0.0003519545011873379,2024
MLP_FINAL_w6_h64x32_actleaky_relu_d0.0_e50_lr0.001_b16,220504,San Martin,Caynarachi,1,0.7807769172627259,0.7745696478507278,-0.0062072694119981175,0.0062072694119981175,3.8530193553127456e-05,2020
MLP_FINAL_w6_h64x32_actleaky_relu_d0.0_e50_lr0.001_b16,220504,San Martin,Caynarachi,2,0.7806818432664138,0.7731311709673164,-0.0075506722990973385,0.0075506722990973385,5.701265216835589e-05,2021
MLP_FINAL_w6_h64x32_actleaky_relu_d0.0_e50_lr0.001_b16,220504,San Martin,Caynarachi,3,0.7709860875867586,0.7728063495357961,0.001820261949037505,0.001820261949037505,3.3133535631138164e-06,2022
MLP_FINAL_w6_h64x32_actleaky_relu_d0.0_e50_lr0.001_b16,220504,San Martin,Caynarachi,4,0.7615587701934786,0.7647098914203329,0.0031511212268542366,0.0031511212268542366,9.92956498633135e-06,2023
MLP_FINAL_w6_h64x32_actleaky_relu_d0.0_e50_lr0.001_b16,220504,San Martin,Caynarachi,5,0.7474159643013998,0.7559848647149695,0.008568900413569724,0.008568900413569724,7.342605429767539e-05,2024
MLP_FINAL_w6_h64x32_actleaky_relu_d0.0_e50_lr0.001_b16,220505,San Martin,Cuñumbuqui,1,0.3374020738546274,0.3350748809916192,-0.0023271928630081984,0.0023271928630081984,5.415826621636295e-06,2020
MLP_FINAL_w6_h64x32_actleaky_relu_d0.0_e50_lr0.001_b16,220505,San Martin,Cuñumbuqui,2,0.3226346366021214,0.33704797558856436,0.01441333898644298,0.01441333898644298,0.00020774434073811716,2021
MLP_FINAL_w6_h64x32_actleaky_relu_d0.0_e50_lr0.001_b16,220505,San Martin,Cuñumbuqui,3,0.31520455457495905,0.32058578819579714,0.005381233620838088,0.005381233620838088,2.8957675282038204e-05,2022
MLP_FINAL_w6_h64x32_actleaky_relu_d0.0_e50_lr0.001_b16,220505,San Martin,Cuñumbuqui,4,0.3092429329479638,0.3122476700021049,0.0030047370541411156,0.0030047370541411156,9.02844476452863e-06,2023
MLP_FINAL_w6_h64x32_actleaky_relu_d0.0_e50_lr0.001_b16,220505,San Martin,Cuñumbuqui,5,0.29940775896312455,0.306548227476169,0.007140468513044451,0.007140468513044451,5.098629058577924e-05,2024
MLP_FINAL_w6_h64x32_actleaky_relu_d0.0_e50_lr0.001_b16,220506,San Martin,Pinto Recodo,1,0.7941039847330356,0.7942484507683132,0.00014446603527762392,0.00014446603527762392,2.0870435348835677e-08,2020
MLP_FINAL_w6_h64x32_actleaky_relu_d0.0_e50_lr0.001_b16,220506,San Martin,Pinto Recodo,2,0.7839613030308967,0.7959534225620137,0.011992119531117007,0.011992119531117007,0.00014381093084859798,2021
MLP_FINAL_w6_h64x32_actleaky_relu_d0.0_e50_lr0.001_b16,220506,San Martin,Pinto Recodo,3,0.7766441134872768,0.784701401217214,0.00805728772993719,0.00805728772993719,6.491988556299641e-05,2022
MLP_FINAL_w6_h64x32_actleaky_relu_d0.0_e50_lr0.001_b16,220506,San Martin,Pinto Recodo,4,0.7632867091591049,0.7759369769784704,0.012650267819365513,0.012650267819365513,0.00016002927590167467,2023
MLP_FINAL_w6_h64x32_actleaky_relu_d0.0_e50_lr0.001_b16,220506,San Martin,Pinto Recodo,5,0.7511332641741978,0.762028133376228,0.0108948692020302,0.0108948692020302,0.00011869817492934616,2024
MLP_FINAL_w6_h64x32_actleaky_relu_d0.0_e50_lr0.001_b16,220507,San Martin,Rumisapa,1,0.2832593889502737,0.2851288915063739,0.0018695025561001888,0.0018695025561001888,3.4950398072651396e-06,2020
MLP_FINAL_w6_h64x32_actleaky_relu_d0.0_e50_lr0.001_b16,220507,San Martin,Rumisapa,2,0.2590731649683459,0.2743368445663495,0.015263679598003566,0.015263679598003566,0.0002329799148705103,2021
MLP_FINAL_w6_h64x32_actleaky_relu_d0.0_e50_lr0.001_b16,220507,San Martin,Rumisapa,3,0.22975572143711392,0.2513466549914395,0.021590933554325564,0.021590933554325564,0.00046616841174730155,2022
MLP_FINAL_w6_h64x32_actleaky_relu_d0.0_e50_lr0.001_b16,220507,San Martin,Rumisapa,4,0.20484792443831218,0.22214432494499103,0.017296400506678855,0.017296400506678855,0.00029916547048744056,2023
MLP_FINAL_w6_h64x32_actleaky_relu_d0.0_e50_lr0.001_b16,220507,San Martin,Rumisapa,5,0.18488427811154745,0.19795211940290236,0.013067841291354909,0.013067841291354909,0.00017076847601604035,2024
MLP_FINAL_w6_h64x32_actleaky_relu_d0.0_e50_lr0.001_b16,220510,San Martin,Tabalosos,1,0.6001993388702116,0.597369953649858,-0.0028293852203535863,0.0028293852203535863,8.005420725155312e-06,2020
MLP_FINAL_w6_h64x32_actleaky_relu_d0.0_e50_lr0.001_b16,220510,San Martin,Tabalosos,2,0.5865875478743123,0.6045135896135362,0.017926041739223852,0.017926041739223852,0.00032134297243639574,2021
MLP_FINAL_w6_h64x32_actleaky_relu_d0.0_e50_lr0.001_b16,220510,San Martin,Tabalosos,3,0.5743529196153442,0.5827094336303962,0.008356514015051997,0.008356514015051997,6.983132648376044e-05,2022
MLP_FINAL_w6_h64x32_actleaky_relu_d0.0_e50_lr0.001_b16,220510,San Martin,Tabalosos,4,0.556000950410826,0.5666845374052965,0.010683586994470473,0.010683586994470473,0.00011413903106841864,2023
MLP_FINAL_w6_h64x32_actleaky_relu_d0.0_e50_lr0.001_b16,220510,San Martin,Tabalosos,5,0.5390015843702103,0.5476184311212983,0.008616846751087981,0.008616846751087981,7.425004793173549e-05,2024
MLP_FINAL_w6_h64x32_actleaky_relu_d0.0_e50_lr0.001_b16,220511,San Martin,Zapatero,1,0.19388695521070687,0.19361904693599136,-0.0002679082747155115,0.0002679082747155115,7.177484366104197e-08,2020
MLP_FINAL_w6_h64x32_actleaky_relu_d0.0_e50_lr0.001_b16,220511,San Martin,Zapatero,2,0.18498525795206905,0.19626764139338154,0.011282383441312493,0.011282383441312493,0.00012729217611680234,2021
MLP_FINAL_w6_h64x32_actleaky_relu_d0.0_e50_lr0.001_b16,220511,San Martin,Zapatero,3,0.1884481522281518,0.18457432224515258,-0.003873829982999233,0.003873829982999233,1.5006558737183838e-05,2022
MLP_FINAL_w6_h64x32_actleaky_relu_d0.0_e50_lr0.001_b16,220511,San Martin,Zapatero,4,0.18719033360478887,0.18835057960544332,0.0011602460006544524,0.0011602460006544524,1.3461707820346515e-06,2023
MLP_FINAL_w6_h64x32_actleaky_relu_d0.0_e50_lr0.001_b16,220511,San Martin,Zapatero,5,0.178502508670215,0.18693792186146052,0.008435413191245522,0.008435413191245522,7.115619570703896e-05,2024
MLP_FINAL_w6_h64x32_actleaky_relu_d0.0_e50_lr0.001_b16,220601,San Martin,Juanjui,1,0.466442492043155,0.47309944480020033,0.006656952757045309,0.006656952757045309,4.431502000953314e-05,2020
MLP_FINAL_w6_h64x32_actleaky_relu_d0.0_e50_lr0.001_b16,220601,San Martin,Juanjui,2,0.44572279039331475,0.4652733620375359,0.019550571644221137,0.019550571644221137,0.0003822248516158236,2021
MLP_FINAL_w6_h64x32_actleaky_relu_d0.0_e50_lr0.001_b16,220601,San Martin,Juanjui,3,0.4332446123121639,0.4387631820495224,0.005518569737358536,0.005518569737358536,3.0454611946089464e-05,2022
MLP_FINAL_w6_h64x32_actleaky_relu_d0.0_e50_lr0.001_b16,220601,San Martin,Juanjui,4,0.43549573588266216,0.4257570240199107,-0.009738711862751437,0.009738711862751437,9.484250874569557e-05,2023
MLP_FINAL_w6_h64x32_actleaky_relu_d0.0_e50_lr0.001_b16,220601,San Martin,Juanjui,5,0.41543590505896466,0.43090700850583774,0.01547110344687308,0.01547110344687308,0.0002393550418638481,2024
MLP_FINAL_w6_h64x32_actleaky_relu_d0.0_e50_lr0.001_b16,220605,San Martin,Pajarillo,1,0.33335677248035,0.3338942800193624,0.0005375075390123829,0.0005375075390123829,2.8891435449514833e-07,2020
MLP_FINAL_w6_h64x32_actleaky_relu_d0.0_e50_lr0.001_b16,220605,San Martin,Pajarillo,2,0.3152320647039689,0.3299663636084107,0.014734298904441778,0.014734298904441778,0.0002170995642054342,2021
MLP_FINAL_w6_h64x32_actleaky_relu_d0.0_e50_lr0.001_b16,220605,San Martin,Pajarillo,3,0.3056933691461747,0.31031120930631373,0.004617840160139053,0.004617840160139053,2.1324447744593075e-05,2022
MLP_FINAL_w6_h64x32_actleaky_relu_d0.0_e50_lr0.001_b16,220605,San Martin,Pajarillo,4,0.3104666289158943,0.2997172352951605,-0.01074939362073385,0.01074939362073385,0.00011554946321347357,2023
MLP_FINAL_w6_h64x32_actleaky_relu_d0.0_e50_lr0.001_b16,220605,San Martin,Pajarillo,5,0.2918167300619291,0.30619665307515276,0.014379923013223661,0.014379923013223661,0.00020678218586623945,2024
MLP_FINAL_w6_h64x32_actleaky_relu_d0.0_e50_lr0.001_b16,220701,San Martin,Picota,1,0.3992403135310887,0.3921220928884316,-0.007118220642657103,0.007118220642657103,5.06690651175497e-05,2020
MLP_FINAL_w6_h64x32_actleaky_relu_d0.0_e50_lr0.001_b16,220701,San Martin,Picota,2,0.39866444324336525,0.3927120211044655,-0.005952422138899738,0.005952422138899738,3.543132931966373e-05,2021
MLP_FINAL_w6_h64x32_actleaky_relu_d0.0_e50_lr0.001_b16,220701,San Martin,Picota,3,0.3950457507779449,0.3909978624419946,-0.004047888335950323,0.004047888335950323,1.6385399980322673e-05,2022
MLP_FINAL_w6_h64x32_actleaky_relu_d0.0_e50_lr0.001_b16,220701,San Martin,Picota,4,0.38655039579183836,0.3854984614596664,-0.0010519343321719887,0.0010519343321719887,1.1065658392021279e-06,2023
MLP_FINAL_w6_h64x32_actleaky_relu_d0.0_e50_lr0.001_b16,220701,San Martin,Picota,5,0.3634251037209743,0.3766332971475806,0.013208193426606285,0.013208193426606285,0.00017445637359464548,2024
MLP_FINAL_w6_h64x32_actleaky_relu_d0.0_e50_lr0.001_b16,220702,San Martin,Buenos Aires,1,0.35205051087017775,0.341164727582316,-0.010885783287861772,0.010885783287861772,0.00011850027779029066,2020
MLP_FINAL_w6_h64x32_actleaky_relu_d0.0_e50_lr0.001_b16,220702,San Martin,Buenos Aires,2,0.33572515482092163,0.3484844409909827,0.012759286170061057,0.012759286170061057,0.00016279938356951137,2021
MLP_FINAL_w6_h64x32_actleaky_relu_d0.0_e50_lr0.001_b16,220702,San Martin,Buenos Aires,3,0.3342472551654796,0.3311839013456271,-0.00306335381985251,0.00306335381985251,9.384136625604964e-06,2022
MLP_FINAL_w6_h64x32_actleaky_relu_d0.0_e50_lr0.001_b16,220702,San Martin,Buenos Aires,4,0.33374798418192586,0.3289173443403678,-0.004830639841558071,0.004830639841558071,2.3335081278848184e-05,2023
MLP_FINAL_w6_h64x32_actleaky_relu_d0.0_e50_lr0.001_b16,220702,San Martin,Buenos Aires,5,0.32168513333287285,0.3296510571481167,0.007965923815243858,0.007965923815243858,6.345594223026927e-05,2024
MLP_FINAL_w6_h64x32_actleaky_relu_d0.0_e50_lr0.001_b16,220704,San Martin,Pilluana,1,0.5112912063865597,0.49793323576616794,-0.013357970620391735,0.013357970620391735,0.00017843537909524874,2020
MLP_FINAL_w6_h64x32_actleaky_relu_d0.0_e50_lr0.001_b16,220704,San Martin,Pilluana,2,0.5091485396067841,0.5068435725303441,-0.002304967076440012,0.002304967076440012,5.312873223472417e-06,2021
MLP_FINAL_w6_h64x32_actleaky_relu_d0.0_e50_lr0.001_b16,220704,San Martin,Pilluana,3,0.5087719568579855,0.49863398058674335,-0.010137976271242133,0.010137976271242133,0.00010277856287626854,2022
MLP_FINAL_w6_h64x32_actleaky_relu_d0.0_e50_lr0.001_b16,220704,San Martin,Pilluana,4,0.5014479165981793,0.49434663424481734,-0.007101282353361993,0.007101282353361993,5.0428211062170446e-05,2023
MLP_FINAL_w6_h64x32_actleaky_relu_d0.0_e50_lr0.001_b16,220704,San Martin,Pilluana,5,0.49199423112482316,0.4856108937323304,-0.0063833373924927495,0.0063833373924927495,4.0746996266396135e-05,2024
MLP_FINAL_w6_h64x32_actleaky_relu_d0.0_e50_lr0.001_b16,220705,San Martin,Pucacaca,1,0.475860922276639,0.4699568289985538,-0.005904093278085221,0.005904093278085221,3.4858317436331084e-05,2020
MLP_FINAL_w6_h64x32_actleaky_relu_d0.0_e50_lr0.001_b16,220705,San Martin,Pucacaca,2,0.48073422805681293,0.4647869816947086,-0.015947246362104317,0.015947246362104317,0.00025431466653364935,2021
MLP_FINAL_w6_h64x32_actleaky_relu_d0.0_e50_lr0.001_b16,220705,San Martin,Pucacaca,3,0.485493808477979,0.4685697064591817,-0.016924102018797293,0.016924102018797293,0.0002864252291426586,2022
MLP_FINAL_w6_h64x32_actleaky_relu_d0.0_e50_lr0.001_b16,220705,San Martin,Pucacaca,4,0.4750866288737692,0.47287916185891754,-0.0022074670148516384,0.0022074670148516384,4.872910621658004e-06,2023
MLP_FINAL_w6_h64x32_actleaky_relu_d0.0_e50_lr0.001_b16,220705,San Martin,Pucacaca,5,0.4454573996739834,0.46213809699283803,0.01668069731885463,0.01668069731885463,0.0002782456630432441,2024
MLP_FINAL_w6_h64x32_actleaky_relu_d0.0_e50_lr0.001_b16,220706,San Martin,San Cristobal,1,0.3861228278142636,0.38476978376268567,-0.001353044051577934,0.001353044051577934,1.830728205510431e-06,2020
MLP_FINAL_w6_h64x32_actleaky_relu_d0.0_e50_lr0.001_b16,220706,San Martin,San Cristobal,2,0.3917894096172905,0.3800403256708529,-0.011749083946437588,0.011749083946437588,0.00013804097358043746,2021
MLP_FINAL_w6_h64x32_actleaky_relu_d0.0_e50_lr0.001_b16,220706,San Martin,San Cristobal,3,0.40982204679676504,0.38481752267004554,-0.025004524126719496,0.025004524126719496,0.0006252262268036973,2022
MLP_FINAL_w6_h64x32_actleaky_relu_d0.0_e50_lr0.001_b16,220706,San Martin,San Cristobal,4,0.42614289774691266,0.4009747640685357,-0.025168133678376947,0.025168133678376947,0.0006334349528526519,2023
MLP_FINAL_w6_h64x32_actleaky_relu_d0.0_e50_lr0.001_b16,220706,San Martin,San Cristobal,5,0.4205353870053057,0.4257019911425657,0.00516660413726,0.00516660413726,2.6693798311152152e-05,2024
MLP_FINAL_w6_h64x32_actleaky_relu_d0.0_e50_lr0.001_b16,220707,San Martin,San Hilarion,1,0.31402356240362006,0.3149695575004535,0.0009459950968334629,0.0009459950968334629,8.949067232329529e-07,2020
MLP_FINAL_w6_h64x32_actleaky_relu_d0.0_e50_lr0.001_b16,220707,San Martin,San Hilarion,2,0.3142966950789824,0.30062852724760075,-0.013668167831381639,0.013668167831381639,0.00018681881186681585,2021
MLP_FINAL_w6_h64x32_actleaky_relu_d0.0_e50_lr0.001_b16,220707,San Martin,San Hilarion,3,0.32081768091629514,0.30885292008228515,-0.011964760834009991,0.011964760834009991,0.00014315550181505946,2022
MLP_FINAL_w6_h64x32_actleaky_relu_d0.0_e50_lr0.001_b16,220707,San Martin,San Hilarion,4,0.31746331283722384,0.30848648011614344,-0.008976832721080408,0.008976832721080408,8.058352570225988e-05,2023
MLP_FINAL_w6_h64x32_actleaky_relu_d0.0_e50_lr0.001_b16,220707,San Martin,San Hilarion,5,0.3020740709531431,0.31255944305133343,0.010485372098190338,0.010485372098190338,0.00010994302803750845,2024
MLP_FINAL_w6_h64x32_actleaky_relu_d0.0_e50_lr0.001_b16,220708,San Martin,Shamboyacu,1,0.5518028747530201,0.5721025689785165,0.02029969422549638,0.02029969422549638,0.000412077585648651,2020
MLP_FINAL_w6_h64x32_actleaky_relu_d0.0_e50_lr0.001_b16,220708,San Martin,Shamboyacu,2,0.5357739332454752,0.5451928453794415,0.009418912133966284,0.009418912133966284,8.87159057873773e-05,2021
MLP_FINAL_w6_h64x32_actleaky_relu_d0.0_e50_lr0.001_b16,220708,San Martin,Shamboyacu,3,0.523747205609258,0.5290289977641913,0.005281792154933296,0.005281792154933296,2.7897328367914908e-05,2022
MLP_FINAL_w6_h64x32_actleaky_relu_d0.0_e50_lr0.001_b16,220708,San Martin,Shamboyacu,4,0.5107277645567759,0.5173589123711336,0.006631147814357696,0.006631147814357696,4.397212133586085e-05,2023
MLP_FINAL_w6_h64x32_actleaky_relu_d0.0_e50_lr0.001_b16,220708,San Martin,Shamboyacu,5,0.4962160610849661,0.5046432953760445,0.00842723429107839,0.00842723429107839,7.101827779672748e-05,2024
MLP_FINAL_w6_h64x32_actleaky_relu_d0.0_e50_lr0.001_b16,220710,San Martin,Tres Unidos,1,0.6648895775978455,0.6635616081455074,-0.0013279694523381513,0.0013279694523381513,1.7635028663432895e-06,2020
MLP_FINAL_w6_h64x32_actleaky_relu_d0.0_e50_lr0.001_b16,220710,San Martin,Tres Unidos,2,0.6512029729322971,0.6536158888716191,0.0024129159393220245,0.0024129159393220245,5.822163330234288e-06,2021
MLP_FINAL_w6_h64x32_actleaky_relu_d0.0_e50_lr0.001_b16,220710,San Martin,Tres Unidos,3,0.6378470703038281,0.6391016331412808,0.0012545628374526219,0.0012545628374526219,1.5739279131171737e-06,2022
MLP_FINAL_w6_h64x32_actleaky_relu_d0.0_e50_lr0.001_b16,220710,San Martin,Tres Unidos,4,0.6259431850947464,0.6238488692596045,-0.002094315835141969,0.002094315835141969,4.386158817326402e-06,2023
MLP_FINAL_w6_h64x32_actleaky_relu_d0.0_e50_lr0.001_b16,220710,San Martin,Tres Unidos,5,0.601979673274209,0.6118682333144503,0.009888560040241301,0.009888560040241301,9.778361966945705e-05,2024
MLP_FINAL_w6_h64x32_actleaky_relu_d0.0_e50_lr0.001_b16,220802,San Martin,Awajun,1,0.535580933285348,0.5343879361921724,-0.0011929970931755518,0.0011929970931755518,1.4232420643253162e-06,2020
MLP_FINAL_w6_h64x32_actleaky_relu_d0.0_e50_lr0.001_b16,220802,San Martin,Awajun,2,0.5382086041127926,0.5357640042026396,-0.0024445999101530003,0.0024445999101530003,5.976068720720057e-06,2021
MLP_FINAL_w6_h64x32_actleaky_relu_d0.0_e50_lr0.001_b16,220802,San Martin,Awajun,3,0.5366646643735703,0.5387528125135042,0.002088148139933854,0.002088148139933854,4.360362654309215e-06,2022
MLP_FINAL_w6_h64x32_actleaky_relu_d0.0_e50_lr0.001_b16,220802,San Martin,Awajun,4,0.5258710979879169,0.5387468498823311,0.012875751894414256,0.012875751894414256,0.0001657849868465123,2023
MLP_FINAL_w6_h64x32_actleaky_relu_d0.0_e50_lr0.001_b16,220802,San Martin,Awajun,5,0.5191631320029675,0.5286064301942405,0.009443298191272986,0.009443298191272986,8.917588072929966e-05,2024
MLP_FINAL_w6_h64x32_actleaky_relu_d0.0_e50_lr0.001_b16,220803,San Martin,Elias Soplin Vargas,1,0.6579222083690344,0.6543161730868235,-0.0036060352822108177,0.0036060352822108177,1.3003490456549252e-05,2020
MLP_FINAL_w6_h64x32_actleaky_relu_d0.0_e50_lr0.001_b16,220803,San Martin,Elias Soplin Vargas,2,0.6578644497174388,0.6538768943754317,-0.003987555342007121,0.003987555342007121,1.5900597605569526e-05,2021
MLP_FINAL_w6_h64x32_actleaky_relu_d0.0_e50_lr0.001_b16,220803,San Martin,Elias Soplin Vargas,3,0.6580377761495263,0.6552438827813931,-0.0027938933681331823,0.0027938933681331823,7.805840152498579e-06,2022
MLP_FINAL_w6_h64x32_actleaky_relu_d0.0_e50_lr0.001_b16,220803,San Martin,Elias Soplin Vargas,4,0.6494578716843527,0.6567714521009558,0.007313580416603127,0.007313580416603127,5.348845851012077e-05,2023
MLP_FINAL_w6_h64x32_actleaky_relu_d0.0_e50_lr0.001_b16,220803,San Martin,Elias Soplin Vargas,5,0.6291843073491689,0.6469400765330118,0.017755769183842918,0.017755769183842918,0.0003152673393099058,2024
MLP_FINAL_w6_h64x32_actleaky_relu_d0.0_e50_lr0.001_b16,220804,San Martin,Nueva Cajamarca,1,0.5888559220624053,0.5859258030783723,-0.002930118984033059,0.002930118984033059,8.585597260590924e-06,2020
MLP_FINAL_w6_h64x32_actleaky_relu_d0.0_e50_lr0.001_b16,220804,San Martin,Nueva Cajamarca,2,0.5891461349944718,0.5863793163886278,-0.002766818605843935,0.002766818605843935,7.655285197644174e-06,2021
MLP_FINAL_w6_h64x32_actleaky_relu_d0.0_e50_lr0.001_b16,220804,San Martin,Nueva Cajamarca,3,0.5879800336269088,0.587867393529871,-0.00011264009703770839,0.00011264009703770839,1.2687791460664361e-08,2022
MLP_FINAL_w6_h64x32_actleaky_relu_d0.0_e50_lr0.001_b16,220804,San Martin,Nueva Cajamarca,4,0.5816676010680739,0.587223404124535,0.005555803056461084,0.005555803056461084,3.086694760218232e-05,2023
MLP_FINAL_w6_h64x32_actleaky_relu_d0.0_e50_lr0.001_b16,220804,San Martin,Nueva Cajamarca,5,0.5762816667485862,0.5820293529548912,0.005747686206305058,0.005747686206305058,3.3035896726149435e-05,2024
MLP_FINAL_w6_h64x32_actleaky_relu_d0.0_e50_lr0.001_b16,220806,San Martin,Posic,1,0.3292907754126891,0.33427694843775496,0.0049861730250658765,0.0049861730250658765,2.4861921435894594e-05,2020
MLP_FINAL_w6_h64x32_actleaky_relu_d0.0_e50_lr0.001_b16,220806,San Martin,Posic,2,0.3222881856471501,0.3265102332906533,0.004222047643503202,0.004222047643503202,1.782568630401094e-05,2021
MLP_FINAL_w6_h64x32_actleaky_relu_d0.0_e50_lr0.001_b16,220806,San Martin,Posic,3,0.32582330032154644,0.3128514794758962,-0.01297182084565024,0.01297182084565024,0.0001682681360516461,2022
MLP_FINAL_w6_h64x32_actleaky_relu_d0.0_e50_lr0.001_b16,220806,San Martin,Posic,4,0.3040713063192607,0.3252875216300911,0.0212162153108304,0.0212162153108304,0.0004501277921155143,2023
MLP_FINAL_w6_h64x32_actleaky_relu_d0.0_e50_lr0.001_b16,220806,San Martin,Posic,5,0.279460744907018,0.293324133699768,0.013863388792750009,0.013863388792750009,0.00019219354881894654,2024
MLP_FINAL_w6_h64x32_actleaky_relu_d0.0_e50_lr0.001_b16,220807,San Martin,San Fernando,1,0.16582372117582095,0.17382278333912898,0.007999062163308035,0.007999062163308035,6.398499549246623e-05,2020
MLP_FINAL_w6_h64x32_actleaky_relu_d0.0_e50_lr0.001_b16,220807,San Martin,San Fernando,2,0.15910584862620902,0.17005392090342525,0.010948072277216225,0.010948072277216225,0.00011986028658715046,2021
MLP_FINAL_w6_h64x32_actleaky_relu_d0.0_e50_lr0.001_b16,220807,San Martin,San Fernando,3,0.14751040496449414,0.15930856546676625,0.011798160502272115,0.011798160502272115,0.0001391965912373738,2022
MLP_FINAL_w6_h64x32_actleaky_relu_d0.0_e50_lr0.001_b16,220807,San Martin,San Fernando,4,0.13240158972576088,0.15814672943113228,0.0257451397053714,0.0257451397053714,0.000662812218449091,2023
MLP_FINAL_w6_h64x32_actleaky_relu_d0.0_e50_lr0.001_b16,220807,San Martin,San Fernando,5,0.12130806710589881,0.13270695215777062,0.01139888505187181,0.01139888505187181,0.0001299345804257866,2024
MLP_FINAL_w6_h64x32_actleaky_relu_d0.0_e50_lr0.001_b16,220808,San Martin,Yorongos,1,0.42663130349143996,0.41634901419423864,-0.010282289297201319,0.010282289297201319,0.0001057254731913408,2020
MLP_FINAL_w6_h64x32_actleaky_relu_d0.0_e50_lr0.001_b16,220808,San Martin,Yorongos,2,0.4260114990229148,0.42062468135066067,-0.0053868176722541294,0.0053868176722541294,2.9017804634109396e-05,2021
MLP_FINAL_w6_h64x32_actleaky_relu_d0.0_e50_lr0.001_b16,220808,San Martin,Yorongos,3,0.4283384394994183,0.4199984851939045,-0.00833995430551382,0.00833995430551382,6.955483781805849e-05,2022
MLP_FINAL_w6_h64x32_actleaky_relu_d0.0_e50_lr0.001_b16,220808,San Martin,Yorongos,4,0.41216956939272503,0.4231050728220083,0.010935503429283289,0.010935503429283289,0.00011958523525186657,2023
MLP_FINAL_w6_h64x32_actleaky_relu_d0.0_e50_lr0.001_b16,220808,San Martin,Yorongos,5,0.4044929183698177,0.4042420714228184,-0.00025084694699928356,0.00025084694699928356,6.292419081886138e-08,2024
MLP_FINAL_w6_h64x32_actleaky_relu_d0.0_e50_lr0.001_b16,220809,San Martin,Yuracyacu,1,0.1502809021036437,0.15199793797226796,0.0017170358686242615,0.0017170358686242615,2.9482121741422722e-06,2020
MLP_FINAL_w6_h64x32_actleaky_relu_d0.0_e50_lr0.001_b16,220809,San Martin,Yuracyacu,2,0.14312942953899527,0.1490834290935492,0.005953999554553946,0.005953999554553946,3.545011069562859e-05,2021
MLP_FINAL_w6_h64x32_actleaky_relu_d0.0_e50_lr0.001_b16,220809,San Martin,Yuracyacu,3,0.13867230910503509,0.1398076950349788,0.001135385929943722,0.001135385929943722,1.2891012099141702e-06,2022
MLP_FINAL_w6_h64x32_actleaky_relu_d0.0_e50_lr0.001_b16,220809,San Martin,Yuracyacu,4,0.1295574714431968,0.1392244550613188,0.009666983618122016,0.009666983618122016,9.345057227303942e-05,2023
MLP_FINAL_w6_h64x32_actleaky_relu_d0.0_e50_lr0.001_b16,220809,San Martin,Yuracyacu,5,0.12474203788854549,0.12361149777949154,-0.0011305401090539458,0.0011305401090539458,1.2781209381797076e-06,2024
MLP_FINAL_w6_h64x32_actleaky_relu_d0.0_e50_lr0.001_b16,220902,San Martin,Alberto Leveau,1,0.6091402191337006,0.6112832013966071,0.0021429822629064343,0.0021429822629064343,4.592372979131582e-06,2020
MLP_FINAL_w6_h64x32_actleaky_relu_d0.0_e50_lr0.001_b16,220902,San Martin,Alberto Leveau,2,0.5906471027764413,0.6094774895295643,0.018830386753122985,0.018830386753122985,0.0003545834652721896,2021
MLP_FINAL_w6_h64x32_actleaky_relu_d0.0_e50_lr0.001_b16,220902,San Martin,Alberto Leveau,3,0.6041995261567777,0.5798009630988018,-0.02439856305797594,0.02439856305797594,0.0005952898792940284,2022
MLP_FINAL_w6_h64x32_actleaky_relu_d0.0_e50_lr0.001_b16,220902,San Martin,Alberto Leveau,4,0.5961538545157183,0.5968127662731434,0.0006589117574250514,0.0006589117574250514,4.3416470407296975e-07,2023
MLP_FINAL_w6_h64x32_actleaky_relu_d0.0_e50_lr0.001_b16,220902,San Martin,Alberto Leveau,5,0.5823955531538536,0.588746140242533,0.006350587088679416,0.006350587088679416,4.0329956370901695e-05,2024
MLP_FINAL_w6_h64x32_actleaky_relu_d0.0_e50_lr0.001_b16,220906,San Martin,El Porvenir,1,0.6703442304528944,0.6686967523049594,-0.0016474781479349776,0.0016474781479349776,2.714184247923264e-06,2020
MLP_FINAL_w6_h64x32_actleaky_relu_d0.0_e50_lr0.001_b16,220906,San Martin,El Porvenir,2,0.6629443212323664,0.6563243998852198,-0.006619921347146507,0.006619921347146507,4.382335864240602e-05,2021
MLP_FINAL_w6_h64x32_actleaky_relu_d0.0_e50_lr0.001_b16,220906,San Martin,El Porvenir,3,0.6372517283972688,0.6478747520951105,0.010623023697841627,0.010623023697841627,0.0001128486324849048,2022
MLP_FINAL_w6_h64x32_actleaky_relu_d0.0_e50_lr0.001_b16,220906,San Martin,El Porvenir,4,0.6128608000310595,0.6185140810652898,0.005653281034230351,0.005653281034230351,3.1959586451988585e-05,2023
MLP_FINAL_w6_h64x32_actleaky_relu_d0.0_e50_lr0.001_b16,220906,San Martin,El Porvenir,5,0.5942177156127206,0.5906260158839755,-0.003591699728745179,0.003591699728745179,1.2900306941468194e-05,2024
MLP_FINAL_w6_h64x32_actleaky_relu_d0.0_e50_lr0.001_b16,220908,San Martin,Juan Guerra,1,0.28659177416478754,0.2674908606269631,-0.01910091353782445,0.01910091353782445,0.0003648448979794453,2020
MLP_FINAL_w6_h64x32_actleaky_relu_d0.0_e50_lr0.001_b16,220908,San Martin,Juan Guerra,2,0.28707241902429603,0.28133029794041914,-0.005742121083876894,0.005742121083876894,3.297195454190356e-05,2021
MLP_FINAL_w6_h64x32_actleaky_relu_d0.0_e50_lr0.001_b16,220908,San Martin,Juan Guerra,3,0.29683364376326477,0.28125849397983826,-0.0155751497834265,0.0155751497834265,0.00024258529077617058,2022
MLP_FINAL_w6_h64x32_actleaky_relu_d0.0_e50_lr0.001_b16,220908,San Martin,Juan Guerra,4,0.29771174689033986,0.29193676508355393,-0.005774981806785928,0.005774981806785928,3.335041486870846e-05,2023
MLP_FINAL_w6_h64x32_actleaky_relu_d0.0_e50_lr0.001_b16,220908,San Martin,Juan Guerra,5,0.2936260889139646,0.29320076717628146,-0.0004253217376831153,0.0004253217376831153,1.8089858054578475e-07,2024
MLP_FINAL_w6_h64x32_actleaky_relu_d0.0_e50_lr0.001_b16,220909,San Martin,La Banda De Shilcayo,1,0.7179674438389634,0.7171883519376734,-0.0007790919012899966,0.0007790919012899966,6.069841906556618e-07,2020
MLP_FINAL_w6_h64x32_actleaky_relu_d0.0_e50_lr0.001_b16,220909,San Martin,La Banda De Shilcayo,2,0.7108772380983255,0.7158746423228495,0.004997404224523994,0.004997404224523994,2.4974048983290258e-05,2021
MLP_FINAL_w6_h64x32_actleaky_relu_d0.0_e50_lr0.001_b16,220909,San Martin,La Banda De Shilcayo,3,0.7059627176019376,0.7081253418445707,0.0021626242426330267,0.0021626242426330267,4.6769436148240725e-06,2022
MLP_FINAL_w6_h64x32_actleaky_relu_d0.0_e50_lr0.001_b16,220909,San Martin,La Banda De Shilcayo,4,0.701091531868403,0.7029910179412588,0.0018994860728558383,0.0018994860728558383,3.608047340973295e-06,2023
MLP_FINAL_w6_h64x32_actleaky_relu_d0.0_e50_lr0.001_b16,220909,San Martin,La Banda De Shilcayo,5,0.6972964969521642,0.6988931192194067,0.0015966222672424424,0.0015966222672424424,2.549202664254397e-06,2024
MLP_FINAL_w6_h64x32_actleaky_relu_d0.0_e50_lr0.001_b16,220910,San Martin,Morales,1,0.11005750960282618,0.10849574191187972,-0.0015617676909464584,0.0015617676909464584,2.4391183204842323e-06,2020
MLP_FINAL_w6_h64x32_actleaky_relu_d0.0_e50_lr0.001_b16,220910,San Martin,Morales,2,0.10690247638514944,0.10777300791708422,0.0008705315319347817,0.0008705315319347817,7.578251480927178e-07,2021
MLP_FINAL_w6_h64x32_actleaky_relu_d0.0_e50_lr0.001_b16,220910,San Martin,Morales,3,0.10486925070346476,0.10152783005208343,-0.0033414206513813216,0.0033414206513813216,1.1165091969477575e-05,2022
MLP_FINAL_w6_h64x32_actleaky_relu_d0.0_e50_lr0.001_b16,220910,San Martin,Morales,4,0.1050269922688884,0.10208353465808312,-0.002943457610805278,0.002943457610805278,8.663942706607516e-06,2023
MLP_FINAL_w6_h64x32_actleaky_relu_d0.0_e50_lr0.001_b16,220910,San Martin,Morales,5,0.0945277893902417,0.10018785962144788,0.005660070231206182,0.005660070231206182,3.2036395022186405e-05,2024
MLP_FINAL_w6_h64x32_actleaky_relu_d0.0_e50_lr0.001_b16,220912,San Martin,San Antonio,1,0.7783376521723155,0.7861538098356835,0.007816157663367962,0.007816157663367962,6.109232061862571e-05,2020
MLP_FINAL_w6_h64x32_actleaky_relu_d0.0_e50_lr0.001_b16,220912,San Martin,San Antonio,2,0.7660016307899244,0.7750966561111455,0.009095025321221084,0.009095025321221084,8.271948559365268e-05,2021
MLP_FINAL_w6_h64x32_actleaky_relu_d0.0_e50_lr0.001_b16,220912,San Martin,San Antonio,3,0.7495460559235798,0.7638719682248024,0.014325912301222599,0.014325912301222599,0.00020523176326232097,2022
MLP_FINAL_w6_h64x32_actleaky_relu_d0.0_e50_lr0.001_b16,220912,San Martin,San Antonio,4,0.7346792793428326,0.74853928615642,0.013860006813587344,0.013860006813587344,0.00019209978887268762,2023
MLP_FINAL_w6_h64x32_actleaky_relu_d0.0_e50_lr0.001_b16,220912,San Martin,San Antonio,5,0.7255776541145142,0.734462025039606,0.008884370925091756,0.008884370925091756,7.893204673461574e-05,2024
MLP_FINAL_w6_h64x32_actleaky_relu_d0.0_e50_lr0.001_b16,220913,San Martin,Sauce,1,0.645235420222442,0.6429327971856642,-0.002302623036777751,0.002302623036777751,5.302072849499592e-06,2020
MLP_FINAL_w6_h64x32_actleaky_relu_d0.0_e50_lr0.001_b16,220913,San Martin,Sauce,2,0.6320173711028281,0.6413617542906708,0.009344383187842698,0.009344383187842698,8.731749716123726e-05,2021
MLP_FINAL_w6_h64x32_actleaky_relu_d0.0_e50_lr0.001_b16,220913,San Martin,Sauce,3,0.6290673577525637,0.6253284472853027,-0.0037389104672610474,0.0037389104672610474,1.3979451482194224e-05,2022
MLP_FINAL_w6_h64x32_actleaky_relu_d0.0_e50_lr0.001_b16,220913,San Martin,Sauce,4,0.6163952963585193,0.6205873604852669,0.004192064126747552,0.004192064126747552,1.7573401642763718e-05,2023
MLP_FINAL_w6_h64x32_actleaky_relu_d0.0_e50_lr0.001_b16,220913,San Martin,Sauce,5,0.5985980600719577,0.6076560855315931,0.00905802545963541,0.00905802545963541,8.20478252274033e-05,2024
MLP_FINAL_w6_h64x32_actleaky_relu_d0.0_e50_lr0.001_b16,220914,San Martin,Shapaja,1,0.6892116612352415,0.6931456980189316,0.003934036783690087,0.003934036783690087,1.5476645415426645e-05,2020
MLP_FINAL_w6_h64x32_actleaky_relu_d0.0_e50_lr0.001_b16,220914,San Martin,Shapaja,2,0.6752288936257789,0.6893903634998786,0.01416146987409972,0.01416146987409972,0.0002005472289950339,2021
MLP_FINAL_w6_h64x32_actleaky_relu_d0.0_e50_lr0.001_b16,220914,San Martin,Shapaja,3,0.6723076081694095,0.6763676867735358,0.0040600786041262715,0.0040600786041262715,1.6484238271683935e-05,2022
MLP_FINAL_w6_h64x32_actleaky_relu_d0.0_e50_lr0.001_b16,220914,San Martin,Shapaja,4,0.6692144222647041,0.6720244557498114,0.0028100334851073328,0.0028100334851073328,7.896288187424462e-06,2023
MLP_FINAL_w6_h64x32_actleaky_relu_d0.0_e50_lr0.001_b16,220914,San Martin,Shapaja,5,0.6604915282253052,0.6703471581363487,0.009855629911043495,0.009855629911043495,9.713344094345522e-05,2024
MLP_FINAL_w6_h64x32_actleaky_relu_d0.0_e50_lr0.001_b16,221001,San Martin,Tocache,1,0.6162955721408585,0.6086796011433383,-0.007615970997520205,0.007615970997520205,5.800301423506891e-05,2020
MLP_FINAL_w6_h64x32_actleaky_relu_d0.0_e50_lr0.001_b16,221001,San Martin,Tocache,2,0.6148580921841407,0.614562743186704,-0.0002953489974366619,0.0002953489974366619,8.72310302868413e-08,2021
MLP_FINAL_w6_h64x32_actleaky_relu_d0.0_e50_lr0.001_b16,221001,San Martin,Tocache,3,0.6148572529990126,0.6103915451142308,-0.004465707884781844,0.004465707884781844,1.9942546912202734e-05,2022
MLP_FINAL_w6_h64x32_actleaky_relu_d0.0_e50_lr0.001_b16,221001,San Martin,Tocache,4,0.6140387067773788,0.6089202011982477,-0.005118505579131072,0.005118505579131072,2.6199099363595908e-05,2023
MLP_FINAL_w6_h64x32_actleaky_relu_d0.0_e50_lr0.001_b16,221001,San Martin,Tocache,5,0.6039234973462742,0.6088170886917615,0.004893591345487391,0.004893591345487391,2.3947236256629098e-05,2024
MLP_FINAL_w6_h64x32_actleaky_relu_d0.0_e50_lr0.001_b16,221002,San Martin,Nuevo Progreso,1,0.6973143785360206,0.6968140475291473,-0.0005003310068733002,0.0005003310068733002,2.503311164388504e-07,2020
MLP_FINAL_w6_h64x32_actleaky_relu_d0.0_e50_lr0.001_b16,221002,San Martin,Nuevo Progreso,2,0.6897875693809405,0.6915719419690128,0.0017843725880722916,0.0017843725880722916,3.183985533063808e-06,2021
MLP_FINAL_w6_h64x32_actleaky_relu_d0.0_e50_lr0.001_b16,221002,San Martin,Nuevo Progreso,3,0.6870881316621831,0.6801857898163021,-0.00690234184588101,0.00690234184588101,4.7642322957400076e-05,2022
MLP_FINAL_w6_h64x32_actleaky_relu_d0.0_e50_lr0.001_b16,221002,San Martin,Nuevo Progreso,4,0.6772488311579923,0.676622685478537,-0.0006261456794552922,0.0006261456794552922,3.920584119005295e-07,2023
MLP_FINAL_w6_h64x32_actleaky_relu_d0.0_e50_lr0.001_b16,221002,San Martin,Nuevo Progreso,5,0.6710181276590347,0.667222449157209,-0.0037956785018257166,0.0037956785018257166,1.4407175289221917e-05,2024
MLP_FINAL_w6_h64x32_actleaky_relu_d0.0_e50_lr0.001_b16,221005,San Martin,Uchiza,1,0.5566792486066416,0.5632623467627556,0.006583098156113909,0.006583098156113909,4.3337181333030346e-05,2020
MLP_FINAL_w6_h64x32_actleaky_relu_d0.0_e50_lr0.001_b16,221005,San Martin,Uchiza,2,0.5523026599740771,0.5586185107926347,0.006315850818557567,0.006315850818557567,3.988997156227429e-05,2021
MLP_FINAL_w6_h64x32_actleaky_relu_d0.0_e50_lr0.001_b16,221005,San Martin,Uchiza,3,0.548494816442726,0.5495638862411499,0.0010690697984239161,0.0010690697984239161,1.1429102339021526e-06,2022
MLP_FINAL_w6_h64x32_actleaky_relu_d0.0_e50_lr0.001_b16,221005,San Martin,Uchiza,4,0.5418771507999651,0.5429684463849572,0.0010912955849921024,0.0010912955849921024,1.190926053823255e-06,2023
MLP_FINAL_w6_h64x32_actleaky_relu_d0.0_e50_lr0.001_b16,221005,San Martin,Uchiza,5,0.5332618357194774,0.5395193907764091,0.006257555056931707,0.006257555056931707,3.915699529053158e-05,2024
MLP_FINAL_w6_h64x32_actleaky_relu_d0.0_e50_lr0.001_b16,221006,San Martin,Santa Lucia,1,0.18282487994932767,0.18456049146469622,0.0017356115153685514,0.0017356115153685514,3.0123473322799195e-06,2020
MLP_FINAL_w6_h64x32_actleaky_relu_d0.0_e50_lr0.001_b16,221006,San Martin,Santa Lucia,2,0.1769483630517098,0.1827586284918497,0.005810265440139906,0.005810265440139906,3.375918448488417e-05,2021
MLP_FINAL_w6_h64x32_actleaky_relu_d0.0_e50_lr0.001_b16,221006,San Martin,Santa Lucia,3,0.177307811911672,0.1757413498317385,-0.001566462079933495,0.001566462079933495,2.4538034478695712e-06,2022
MLP_FINAL_w6_h64x32_actleaky_relu_d0.0_e50_lr0.001_b16,221006,San Martin,Santa Lucia,4,0.17461358597423604,0.17652738236190718,0.0019137963876711406,0.0019137963876711406,3.6626166134631067e-06,2023
MLP_FINAL_w6_h64x32_actleaky_relu_d0.0_e50_lr0.001_b16,221006,San Martin,Santa Lucia,5,0.1692812143807036,0.1742236488245088,0.00494243444380521,0.00494243444380521,2.442765823131212e-05,2024
MLP_FINAL_w6_h64x32_actleaky_relu_d0.0_e50_lr0.001_b16,250102,Ucayali,Campoverde,1,0.24821923285737452,0.25820808498491216,0.00998885212753764,0.00998885212753764,9.977716682581323e-05,2020
MLP_FINAL_w6_h64x32_actleaky_relu_d0.0_e50_lr0.001_b16,250102,Ucayali,Campoverde,2,0.23372959743056743,0.2367178788846035,0.002988281454036068,0.002988281454036068,8.929826048535918e-06,2021
MLP_FINAL_w6_h64x32_actleaky_relu_d0.0_e50_lr0.001_b16,250102,Ucayali,Campoverde,3,0.21248107664713828,0.223827137203581,0.011346060556442716,0.011346060556442716,0.0001287330901504652,2022
MLP_FINAL_w6_h64x32_actleaky_relu_d0.0_e50_lr0.001_b16,250102,Ucayali,Campoverde,4,0.18274664013287756,0.20453743856025752,0.021790798427379965,0.021790798427379965,0.00047483889610270516,2023
MLP_FINAL_w6_h64x32_actleaky_relu_d0.0_e50_lr0.001_b16,250102,Ucayali,Campoverde,5,0.15876643925471828,0.17848234298849125,0.019715903733772966,0.019715903733772966,0.00038871686003940276,2024
MLP_FINAL_w6_h64x32_actleaky_relu_d0.0_e50_lr0.001_b16,250105,Ucayali,Yarinacocha,1,0.2701689843054006,0.27068208606941063,0.0005131017640100377,0.0005131017640100377,2.632734202302124e-07,2020
MLP_FINAL_w6_h64x32_actleaky_relu_d0.0_e50_lr0.001_b16,250105,Ucayali,Yarinacocha,2,0.26252550948853315,0.26338516316211635,0.000859653673583205,0.000859653673583205,7.390044385050996e-07,2021
MLP_FINAL_w6_h64x32_actleaky_relu_d0.0_e50_lr0.001_b16,250105,Ucayali,Yarinacocha,3,0.24914168029332157,0.2553743650263408,0.006232684733019245,0.006232684733019245,3.884635898121117e-05,2022
MLP_FINAL_w6_h64x32_actleaky_relu_d0.0_e50_lr0.001_b16,250105,Ucayali,Yarinacocha,4,0.22689333037161113,0.241949144444362,0.015055814072750862,0.015055814072750862,0.0002266775373932429,2023
MLP_FINAL_w6_h64x32_actleaky_relu_d0.0_e50_lr0.001_b16,250105,Ucayali,Yarinacocha,5,0.1846394632020099,0.2213942827303894,0.0367548195283795,0.0367548195283795,0.0013509167585637472,2024
MLP_FINAL_w6_h64x32_actleaky_relu_d0.0_e50_lr0.001_b16,250106,Ucayali,Nueva Requena,1,0.7304465178922058,0.7367311437678878,0.006284625875682015,0.006284625875682015,3.949652239729193e-05,2020
MLP_FINAL_w6_h64x32_actleaky_relu_d0.0_e50_lr0.001_b16,250106,Ucayali,Nueva Requena,2,0.6957867713584823,0.7088464353270857,0.013059663968603363,0.013059663968603363,0.00017055482297283694,2021
MLP_FINAL_w6_h64x32_actleaky_relu_d0.0_e50_lr0.001_b16,250106,Ucayali,Nueva Requena,3,0.6512524533065392,0.6722952159920298,0.021042762685490546,0.021042762685490546,0.0004427978614378733,2022
MLP_FINAL_w6_h64x32_actleaky_relu_d0.0_e50_lr0.001_b16,250106,Ucayali,Nueva Requena,4,0.6156661517465051,0.6315998670371273,0.015933715290622263,0.015933715290622263,0.0002538832829626097,2023
MLP_FINAL_w6_h64x32_actleaky_relu_d0.0_e50_lr0.001_b16,250106,Ucayali,Nueva Requena,5,0.5708956693324723,0.5936909534291448,0.02279528409667253,0.02279528409667253,0.0005196249770480116,2024
MLP_FINAL_w6_h64x32_actleaky_relu_d0.0_e50_lr0.001_b16,250302,Ucayali,Irazola,1,0.7117496751483706,0.7060013201178281,-0.005748355030542496,0.005748355030542496,3.304358555716322e-05,2020
MLP_FINAL_w6_h64x32_actleaky_relu_d0.0_e50_lr0.001_b16,250302,Ucayali,Irazola,2,0.6837468750620297,0.692176988136677,0.00843011307464736,0.00843011307464736,7.106680645134037e-05,2021
MLP_FINAL_w6_h64x32_actleaky_relu_d0.0_e50_lr0.001_b16,250302,Ucayali,Irazola,3,0.6615776356902106,0.6628174465364648,0.0012398108462542412,0.0012398108462542412,1.5371309344896577e-06,2022
MLP_FINAL_w6_h64x32_actleaky_relu_d0.0_e50_lr0.001_b16,250302,Ucayali,Irazola,4,0.6501888082405503,0.6420955175757207,-0.008093290664829556,0.008093290664829556,6.550135378541723e-05,2023
MLP_FINAL_w6_h64x32_actleaky_relu_d0.0_e50_lr0.001_b16,250302,Ucayali,Irazola,5,0.625083026648154,0.6326000432068525,0.007517016558698519,0.007517016558698519,5.650553794374773e-05,2024
MLP_FINAL_w6_h64x32_actleaky_relu_d0.0_e50_lr0.001_b16,250304,Ucayali,Neshuya,1,0.33361011805374563,0.3288088433820068,-0.004801274671738853,0.004801274671738853,2.3052238473481033e-05,2020
MLP_FINAL_w6_h64x32_actleaky_relu_d0.0_e50_lr0.001_b16,250304,Ucayali,Neshuya,2,0.3085043743193251,0.31750601663381534,0.009001642314490244,0.009001642314490244,8.102956435802127e-05,2021
MLP_FINAL_w6_h64x32_actleaky_relu_d0.0_e50_lr0.001_b16,250304,Ucayali,Neshuya,3,0.2822012332907614,0.29413888781416897,0.01193765452340756,0.01193765452340756,0.00014250759552023295,2022
MLP_FINAL_w6_h64x32_actleaky_relu_d0.0_e50_lr0.001_b16,250304,Ucayali,Neshuya,4,0.26181567244412673,0.2714603703338857,0.009644697889758969,0.009644697889758969,9.30201973847211e-05,2023
MLP_FINAL_w6_h64x32_actleaky_relu_d0.0_e50_lr0.001_b16,250304,Ucayali,Neshuya,5,0.23561881137268292,0.253041581802254,0.017422770429571077,0.017422770429571077,0.00030355292944153633,2024
MLP_FINAL_w6_h64x32_actleaky_relu_d0.0_e50_lr0.001_b16,250305,Ucayali,Alexander Von Humboldt,1,0.2588474557172125,0.26496750035319405,0.006120044635981536,0.006120044635981536,3.7454946346406374e-05,2020
MLP_FINAL_w6_h64x32_actleaky_relu_d0.0_e50_lr0.001_b16,250305,Ucayali,Alexander Von Humboldt,2,0.23740522829144312,0.2505117351953147,0.013106506903871606,0.013106506903871606,0.0001717805232212341,2021
MLP_FINAL_w6_h64x32_actleaky_relu_d0.0_e50_lr0.001_b16,250305,Ucayali,Alexander Von Humboldt,3,0.21002674408239863,0.2302032279485582,0.020176483866159556,0.020176483866159556,0.0004070905012013969,2022
MLP_FINAL_w6_h64x32_actleaky_relu_d0.0_e50_lr0.001_b16,250305,Ucayali,Alexander Von Humboldt,4,0.1937933450561219,0.20409914415623398,0.01030579910011209,0.01030579910011209,0.00010620949509187116,2023
MLP_FINAL_w6_h64x32_actleaky_relu_d0.0_e50_lr0.001_b16,250305,Ucayali,Alexander Von Humboldt,5,0.17695298172474538,0.19000694175834304,0.013053960033597656,0.013053960033597656,0.0001704058725587649,2024
MLP_FINAL_w6_h64x32_actleaky_relu_d0.0_e50_lr0.001_b16,250306,Ucayali,Huipoca,1,0.703303636485278,0.7085140044424493,0.005210367957171225,0.005210367957171225,2.714793424911664e-05,2020
MLP_FINAL_w6_h64x32_actleaky_relu_d0.0_e50_lr0.001_b16,250306,Ucayali,Huipoca,2,0.6751924742531539,0.6800783615005859,0.004885887247431997,0.004885887247431997,2.3871894194618614e-05,2021
MLP_FINAL_w6_h64x32_actleaky_relu_d0.0_e50_lr0.001_b16,250306,Ucayali,Huipoca,3,0.646335535138357,0.646184734201812,-0.00015080093654495919,0.00015080093654495919,2.274092246283681e-08,2022
MLP_FINAL_w6_h64x32_actleaky_relu_d0.0_e50_lr0.001_b16,250306,Ucayali,Huipoca,4,0.6339151788054278,0.6210498903034021,-0.012865288502025729,0.012865288502025729,0.00016551564824035544,2023
MLP_FINAL_w6_h64x32_actleaky_relu_d0.0_e50_lr0.001_b16,250306,Ucayali,Huipoca,5,0.6053742780717886,0.6102830504655323,0.0049087723937437655,0.0049087723937437655,2.4096046413580896e-05,2024
