geocode,departamento,distrito,anio,pct_rios_lagos
250305,Ucayali,Alexander Von Humboldt,1985,0.0
220509,San Martin,Shanao,1985,0.016713
250304,Ucayali,Neshuya,1985,0.000235
220501,San Martin,Lamas,1985,0.004119
220902,San Martin,Alberto Leveau,1985,0.016589
250102,Ucayali,Campoverde,1985,0.002806
220702,San Martin,Buenos Aires,1985,0.020414
220502,San Martin,Alonso De Alvarado,1985,0.000699
220404,San Martin,Piscoyacu,1985,0.005472
220708,San Martin,Shamboyacu,1985,0.00021
220204,San Martin,Huallaga,1985,0.005228
220605,San Martin,Pajarillo,1985,0.020428
010703,Amazonas,Cumba,1985,0.006621
220704,San Martin,Pilluana,1985,0.024595
220104,San Martin,Jepelacio,1985,0.002809
220505,San Martin,Cuñumbuqui,1985,0.01046
220507,San Martin,Rumisapa,1985,0.002566
220913,San Martin,Sauce,1985,0.051895
010608,Amazonas,Milpuc,1985,0.000786
220405,San Martin,Sacanche,1985,0.009202
220709,San Martin,Tingo De Ponasa,1985,0.000818
220304,San Martin,Santa Rosa,1985,0.002355
100903,Huanuco,Honoria,1985,0.027037
220203,San Martin,Bajo Biavo,1985,0.009657
220710,San Martin,Tres Unidos,1985,0.000796
220510,San Martin,Tabalosos,1985,0.006876
100904,Huanuco,Tournavista,1985,0.014258
010701,Amazonas,Bagua Grande,1985,0.003376
220701,San Martin,Picota,1985,0.05981
220403,San Martin,El Eslabon,1985,0.008473
250105,Ucayali,Yarinacocha,1985,0.069135
220914,San Martin,Shapaja,1985,0.021611
010707,Amazonas,Yamon,1985,0.00372
010705,Amazonas,Jamalca,1985,0.001957
220205,San Martin,San Pablo,1985,0.007237
220705,San Martin,Pucacaca,1985,0.040299
220601,San Martin,Juanjui,1985,0.033067
100905,Huanuco,Yuyapichis,1985,0.011758
100608,Huanuco,Castillo Grande,1985,0.017911
220302,San Martin,Agua Blanca,1985,0.001786
250306,Ucayali,Huipoca,1985,0.007815
010611,Amazonas,Totora,1985,0.000594
010706,Amazonas,Lonya Grande,1985,0.000623
220706,San Martin,San Cristobal,1985,0.081811
010303,Amazonas,Churuja,1985,0.00847
220301,San Martin,San Jose De Sisa,1985,0.002093
010204,Amazonas,El Parco,1985,0.002007
010306,Amazonas,Florida,1985,0.019038
220303,San Martin,San Martin,1985,0.001411
220106,San Martin,Yantalo,1985,0.026765
220305,San Martin,Shatoja,1985,0.006575
010104,Amazonas,Cheto,1985,0.0
160201,Loreto,Yurimaguas,1985,0.033092
060901,Cajamarca,San Ignacio,1985,0.004448
220511,San Martin,Zapatero,1985,0.003264
060811,Cajamarca,San Jose Del Alto,1985,0.002313
010206,Amazonas,La Peca,1985,9e-05
220401,San Martin,Saposoa,1985,0.004565
060902,Cajamarca,Chirinos,1985,0.006861
220908,San Martin,Juan Guerra,1985,0.033517
060904,Cajamarca,La Coipa,1985,0.001466
220808,San Martin,Yorongos,1985,0.01457
120607,Junin,Rio Negro,1985,0.003951
060812,Cajamarca,Santa Rosa,1985,0.013467
250106,Ucayali,Nueva Requena,1985,0.023711
220802,San Martin,Awajun,1985,0.006427
250302,Ucayali,Irazola,1985,0.004216
010109,Amazonas,La Jalca,1985,0.0
220906,San Martin,El Porvenir,1985,0.021866
220707,San Martin,San Hilarion,1985,0.02162
220806,San Martin,Posic,1985,0.025761
220406,San Martin,Tingo De Saposoa,1985,0.087381
100901,Huanuco,Puerto Inca,1985,0.014638
010105,Amazonas,Chiliquin,1985,0.0
220105,San Martin,Soritor,1985,0.002846
220201,San Martin,Bellavista,1985,0.032679
060803,Cajamarca,Chontali,1985,0.003189
100605,Huanuco,Luyando,1985,0.024109
010307,Amazonas,Jazan,1985,0.002924
010502,Amazonas,Camporredondo,1985,0.000646
010515,Amazonas,Providencia,1985,0.002672
010102,Amazonas,Asuncion,1985,0.0
010510,Amazonas,Luya Viejo,1985,3.9e-05
100601,Huanuco,Rupa-Rupa,1985,0.014411
010514,Amazonas,Pisuquia,1985,0.00143
060810,Cajamarca,San Felipe,1985,0.004901
010305,Amazonas,Cuispes,1985,0.000203
060905,Cajamarca,Namballe,1985,0.00185
010119,Amazonas,San Isidro De Maino,1985,0.0
060801,Cajamarca,Jaen,1985,0.002621
010513,Amazonas,Ocumal,1985,0.001248
220912,San Martin,San Antonio,1985,0.002304
220903,San Martin,Cacatachi,1985,0.008011
120602,Junin,Coviriali,1985,0.000467
120304,Junin,San Luis De Shuaro,1985,0.00293
120601,Junin,Satipo,1985,0.004373
010203,Amazonas,Copallin,1985,0.007599
010112,Amazonas,Magdalena,1985,0.0
220102,San Martin,Calzada,1985,0.009485
060805,Cajamarca,Huabal,1985,0.0
010610,Amazonas,Santa Rosa,1985,0.0
220503,San Martin,Barranquita,1985,0.005828
220801,San Martin,Rioja,1985,0.004728
220703,San Martin,Caspisapa,1985,0.037808
080904,Cusco,Maranura,1985,0.014158
010117,Amazonas,Quinjalca,1985,0.0
250303,Ucayali,Curimana,1985,0.013315
010308,Amazonas,Recta,1985,0.0
010115,Amazonas,Montevideo,1985,0.0
010114,Amazonas,Molinopampa,1985,0.000408
010503,Amazonas,Cocabamba,1985,0.001433
060809,Cajamarca,Sallique,1985,0.00629
010120,Amazonas,Soloco,1985,0.0
010521,Amazonas,Santo Tomas,1985,0.0
100113,Huanuco,San Pablo De Pillao,1985,0.002129
010602,Amazonas,Chirimoto,1985,8.7e-05
100603,Huanuco,Hermilio Valdizan,1985,0.001885
010111,Amazonas,Levanto,1985,0.000202
010518,Amazonas,San Jeronimo,1985,0.000907
010609,Amazonas,Omia,1985,3.9e-05
100902,Huanuco,Codo Del Pozuzo,1985,0.007619
010113,Amazonas,Mariscal Castilla,1985,0.0
220101,San Martin,Moyobamba,1985,0.004011
010310,Amazonas,Shipasbamba,1985,0.003222
100103,Huanuco,Chinchao,1985,0.002026
010311,Amazonas,Valera,1985,0.002747
060907,Cajamarca,Tabaconas,1985,0.001289
160112,Loreto,Belen,1985,0.114622
200307,Piura,Sondor,1985,0.001889
220803,San Martin,Elias Soplin Vargas,1985,0.000362
010506,Amazonas,Inguilpata,1985,0.000578
220506,San Martin,Pinto Recodo,1985,0.003216
120303,Junin,Pichanaqui,1985,0.004108
010202,Amazonas,Aramango,1985,0.005595
010606,Amazonas,Longar,1985,2.2e-05
160101,Loreto,Iquitos,1985,0.042668
010507,Amazonas,Longuita,1985,0.000258
221001,San Martin,Tocache,1985,0.017135
010511,Amazonas,Maria,1985,0.0
080901,Cusco,Santa Ana,1985,0.010535
120302,Junin,Perene,1985,0.003391
050409,Ayacucho,Canayre,1985,0.016762
221002,San Martin,Nuevo Progreso,1985,0.009053
200303,Piura,El Carmen De La Frontera,1985,0.003992
100609,Huanuco,Pueblo Nuevo,1985,0.010383
080903,Cusco,Huayopata,1985,0.005843
010604,Amazonas,Huambo,1985,0.0
100505,Huanuco,Jircan,1985,0.001305
010512,Amazonas,Ocalli,1985,0.0
010101,Amazonas,Chachapoyas,1985,0.001231
060903,Cajamarca,Huarango,1985,0.004986
010116,Amazonas,Olleros,1985,0.0
010605,Amazonas,Limabamba,1985,0.000385
100804,Huanuco,Umari,1985,0.000768
220504,San Martin,Caynarachi,1985,0.003652
080905,Cusco,Ocobamba,1985,0.009578
010517,Amazonas,San Francisco Del Yeso,1985,0.0
120609,Junin,Vizcatán Del Ene,1985,0.01692
060807,Cajamarca,Pomahuaca,1985,0.002486
010304,Amazonas,Corosha,1985,0.0
221005,San Martin,Uchiza,1985,0.006008
220807,San Martin,San Fernando,1985,0.04126
050512,Ayacucho,Union Progreso,1985,0.007803
060804,Cajamarca,Colasay,1985,0.003839
160503,Loreto,Capelo,1985,0.090327
220910,San Martin,Morales,1985,0.013917
120604,Junin,Mazamari,1985,0.008815
120603,Junin,Llaylla,1985,0.001486
010520,Amazonas,Santa Catalina,1985,0.0
010603,Amazonas,Cochamal,1985,0.0
120209,Junin,Mariscal Castilla,1985,0.006259
010601,Amazonas,San Nicolas,1985,0.001392
010519,Amazonas,San Juan De Lopecancha,1985,0.0
160211,Loreto,Teniente Cesar Lopez Rojas,1985,0.024511
080408,Cusco,Yanatile,1985,0.010267
050408,Ayacucho,Llochegua,1985,0.009885
100507,Huanuco,Monzon,1985,0.004784
081304,Cusco,Machupicchu,1985,0.00715
220909,San Martin,La Banda De Shilcayo,1985,0.001423
220103,San Martin,Habana,1985,0.00752
100606,Huanuco,Mariano Damaso Beraun,1985,0.006563
010508,Amazonas,Lonya Chico,1985,0.000895
170102,Madre De Dios,Inambari,1985,0.025023
050502,Ayacucho,Anco,1985,0.00328
010523,Amazonas,Trita,1985,0.0
010516,Amazonas,San Cristobal,1985,0.001126
080918,Cusco,Union Ashaninka,1985,0.008398
221006,San Martin,Santa Lucia,1985,0.026322
100702,Huanuco,Cholon,1985,0.002583
211205,Puno,Phara,1985,0.003448
170204,Madre De Dios,Huepetuhe,1985,0.013798
010302,Amazonas,Chisquilla,1985,1.6e-05
050507,Ayacucho,Santa Rosa,1985,0.008043
220804,San Martin,Nueva Cajamarca,1985,0.001829
220809,San Martin,Yuracyacu,1985,0.03163
160603,Loreto,Padre Marquez,1985,0.044074
010522,Amazonas,Tingo,1985,4.1e-05
080906,Cusco,Quellouno,1985,0.009755
010301,Amazonas,Jumbilla,1985,0.000123
080917,Cusco,Manitea,1985,0.002538
250305,Ucayali,Alexander Von Humboldt,1986,0.0
220509,San Martin,Shanao,1986,0.016713
250304,Ucayali,Neshuya,1986,3.1e-05
220501,San Martin,Lamas,1986,0.004064
220902,San Martin,Alberto Leveau,1986,0.016537
250102,Ucayali,Campoverde,1986,0.002498
220702,San Martin,Buenos Aires,1986,0.020505
220502,San Martin,Alonso De Alvarado,1986,0.000702
220404,San Martin,Piscoyacu,1986,0.007057
220708,San Martin,Shamboyacu,1986,0.000158
220204,San Martin,Huallaga,1986,0.005208
220605,San Martin,Pajarillo,1986,0.020354
010703,Amazonas,Cumba,1986,0.006621
220704,San Martin,Pilluana,1986,0.025154
220104,San Martin,Jepelacio,1986,0.003587
220505,San Martin,Cuñumbuqui,1986,0.010435
220507,San Martin,Rumisapa,1986,0.002566
220913,San Martin,Sauce,1986,0.052634
010608,Amazonas,Milpuc,1986,0.000807
220405,San Martin,Sacanche,1986,0.009559
220709,San Martin,Tingo De Ponasa,1986,0.000863
220304,San Martin,Santa Rosa,1986,0.002391
100903,Huanuco,Honoria,1986,0.027409
220203,San Martin,Bajo Biavo,1986,0.009633
220710,San Martin,Tres Unidos,1986,0.000733
220510,San Martin,Tabalosos,1986,0.007193
100904,Huanuco,Tournavista,1986,0.014106
010701,Amazonas,Bagua Grande,1986,0.003437
220701,San Martin,Picota,1986,0.060035
220403,San Martin,El Eslabon,1986,0.008558
250105,Ucayali,Yarinacocha,1986,0.068046
220914,San Martin,Shapaja,1986,0.021738
010707,Amazonas,Yamon,1986,0.00372
010705,Amazonas,Jamalca,1986,0.001957
220205,San Martin,San Pablo,1986,0.007327
220705,San Martin,Pucacaca,1986,0.04029
220601,San Martin,Juanjui,1986,0.033162
100905,Huanuco,Yuyapichis,1986,0.011826
100608,Huanuco,Castillo Grande,1986,0.022091
220302,San Martin,Agua Blanca,1986,0.002065
250306,Ucayali,Huipoca,1986,0.007929
010611,Amazonas,Totora,1986,0.000411
010706,Amazonas,Lonya Grande,1986,0.000623
220706,San Martin,San Cristobal,1986,0.081634
010303,Amazonas,Churuja,1986,0.008861
220301,San Martin,San Jose De Sisa,1986,0.002303
010204,Amazonas,El Parco,1986,0.002007
010306,Amazonas,Florida,1986,0.020064
220303,San Martin,San Martin,1986,0.002499
220106,San Martin,Yantalo,1986,0.029358
220305,San Martin,Shatoja,1986,0.006804
010104,Amazonas,Cheto,1986,0.0
160201,Loreto,Yurimaguas,1986,0.033123
060901,Cajamarca,San Ignacio,1986,0.004426
220511,San Martin,Zapatero,1986,0.00329
060811,Cajamarca,San Jose Del Alto,1986,0.002136
010206,Amazonas,La Peca,1986,9e-05
220401,San Martin,Saposoa,1986,0.005329
060902,Cajamarca,Chirinos,1986,0.006896
220908,San Martin,Juan Guerra,1986,0.033697
060904,Cajamarca,La Coipa,1986,0.001435
220808,San Martin,Yorongos,1986,0.014842
120607,Junin,Rio Negro,1986,0.004287
060812,Cajamarca,Santa Rosa,1986,0.013467
250106,Ucayali,Nueva Requena,1986,0.022385
220802,San Martin,Awajun,1986,0.006803
250302,Ucayali,Irazola,1986,0.003664
010109,Amazonas,La Jalca,1986,0.00129
220906,San Martin,El Porvenir,1986,0.020647
220707,San Martin,San Hilarion,1986,0.021629
220806,San Martin,Posic,1986,0.025524
220406,San Martin,Tingo De Saposoa,1986,0.087248
100901,Huanuco,Puerto Inca,1986,0.014851
010105,Amazonas,Chiliquin,1986,0.0
220105,San Martin,Soritor,1986,0.005734
220201,San Martin,Bellavista,1986,0.032867
060803,Cajamarca,Chontali,1986,0.003253
100605,Huanuco,Luyando,1986,0.030595
010307,Amazonas,Jazan,1986,0.004086
010502,Amazonas,Camporredondo,1986,0.000646
010515,Amazonas,Providencia,1986,0.002672
010102,Amazonas,Asuncion,1986,0.0
010510,Amazonas,Luya Viejo,1986,3.9e-05
100601,Huanuco,Rupa-Rupa,1986,0.015258
010514,Amazonas,Pisuquia,1986,0.001427
060810,Cajamarca,San Felipe,1986,0.003929
010305,Amazonas,Cuispes,1986,0.000203
060905,Cajamarca,Namballe,1986,0.001905
010119,Amazonas,San Isidro De Maino,1986,0.0
060801,Cajamarca,Jaen,1986,0.002623
010513,Amazonas,Ocumal,1986,0.001248
220912,San Martin,San Antonio,1986,0.002406
220903,San Martin,Cacatachi,1986,0.008028
120602,Junin,Coviriali,1986,0.000575
120304,Junin,San Luis De Shuaro,1986,0.003701
120601,Junin,Satipo,1986,0.005602
010203,Amazonas,Copallin,1986,0.007599
010112,Amazonas,Magdalena,1986,0.001208
220102,San Martin,Calzada,1986,0.010989
060805,Cajamarca,Huabal,1986,0.0
010610,Amazonas,Santa Rosa,1986,0.0
220503,San Martin,Barranquita,1986,0.00643
220801,San Martin,Rioja,1986,0.00477
220703,San Martin,Caspisapa,1986,0.037902
080904,Cusco,Maranura,1986,0.014879
010117,Amazonas,Quinjalca,1986,0.0
250303,Ucayali,Curimana,1986,0.01308
010308,Amazonas,Recta,1986,0.001554
010115,Amazonas,Montevideo,1986,0.000404
010114,Amazonas,Molinopampa,1986,0.000423
010503,Amazonas,Cocabamba,1986,0.001427
060809,Cajamarca,Sallique,1986,0.006453
010120,Amazonas,Soloco,1986,0.0
010521,Amazonas,Santo Tomas,1986,0.000563
100113,Huanuco,San Pablo De Pillao,1986,0.001808
010602,Amazonas,Chirimoto,1986,0.000416
100603,Huanuco,Hermilio Valdizan,1986,0.002274
010111,Amazonas,Levanto,1986,0.002638
010518,Amazonas,San Jeronimo,1986,0.001074
010609,Amazonas,Omia,1986,3.2e-05
100902,Huanuco,Codo Del Pozuzo,1986,0.008616
010113,Amazonas,Mariscal Castilla,1986,0.001352
220101,San Martin,Moyobamba,1986,0.004459
010310,Amazonas,Shipasbamba,1986,0.003662
100103,Huanuco,Chinchao,1986,0.002184
010311,Amazonas,Valera,1986,0.003682
060907,Cajamarca,Tabaconas,1986,0.001496
160112,Loreto,Belen,1986,0.128631
200307,Piura,Sondor,1986,0.001759
220803,San Martin,Elias Soplin Vargas,1986,0.000362
010506,Amazonas,Inguilpata,1986,0.000683
220506,San Martin,Pinto Recodo,1986,0.003243
120303,Junin,Pichanaqui,1986,0.0043
010202,Amazonas,Aramango,1986,0.006428
010606,Amazonas,Longar,1986,2.2e-05
160101,Loreto,Iquitos,1986,0.043745
010507,Amazonas,Longuita,1986,0.000258
221001,San Martin,Tocache,1986,0.017983
010511,Amazonas,Maria,1986,0.0
080901,Cusco,Santa Ana,1986,0.01109
120302,Junin,Perene,1986,0.004296
050409,Ayacucho,Canayre,1986,0.014243
221002,San Martin,Nuevo Progreso,1986,0.010123
200303,Piura,El Carmen De La Frontera,1986,0.004124
100609,Huanuco,Pueblo Nuevo,1986,0.011307
080903,Cusco,Huayopata,1986,0.006246
010604,Amazonas,Huambo,1986,0.0
100505,Huanuco,Jircan,1986,0.00166
010512,Amazonas,Ocalli,1986,0.0
010101,Amazonas,Chachapoyas,1986,0.001974
060903,Cajamarca,Huarango,1986,0.005073
010116,Amazonas,Olleros,1986,0.00015
010605,Amazonas,Limabamba,1986,0.000425
100804,Huanuco,Umari,1986,0.000925
220504,San Martin,Caynarachi,1986,0.003923
080905,Cusco,Ocobamba,1986,0.009655
010517,Amazonas,San Francisco Del Yeso,1986,0.00151
120609,Junin,Vizcatán Del Ene,1986,0.015969
060807,Cajamarca,Pomahuaca,1986,0.002353
010304,Amazonas,Corosha,1986,0.004227
221005,San Martin,Uchiza,1986,0.008161
220807,San Martin,San Fernando,1986,0.041311
050512,Ayacucho,Union Progreso,1986,0.021426
060804,Cajamarca,Colasay,1986,0.00413
160503,Loreto,Capelo,1986,0.086613
220910,San Martin,Morales,1986,0.013987
120604,Junin,Mazamari,1986,0.010294
120603,Junin,Llaylla,1986,0.001674
010520,Amazonas,Santa Catalina,1986,0.0
010603,Amazonas,Cochamal,1986,0.0
120209,Junin,Mariscal Castilla,1986,0.005154
010601,Amazonas,San Nicolas,1986,0.011588
010519,Amazonas,San Juan De Lopecancha,1986,0.003326
160211,Loreto,Teniente Cesar Lopez Rojas,1986,0.02407
080408,Cusco,Yanatile,1986,0.010301
050408,Ayacucho,Llochegua,1986,0.009755
100507,Huanuco,Monzon,1986,0.005237
081304,Cusco,Machupicchu,1986,0.006974
220909,San Martin,La Banda De Shilcayo,1986,0.001376
220103,San Martin,Habana,1986,0.011086
100606,Huanuco,Mariano Damaso Beraun,1986,0.00553
010508,Amazonas,Lonya Chico,1986,0.000998
170102,Madre De Dios,Inambari,1986,0.022762
050502,Ayacucho,Anco,1986,0.004721
010523,Amazonas,Trita,1986,0.0
010516,Amazonas,San Cristobal,1986,0.001251
080918,Cusco,Union Ashaninka,1986,0.00792
221006,San Martin,Santa Lucia,1986,0.032525
100702,Huanuco,Cholon,1986,0.003001
211205,Puno,Phara,1986,0.003504
170204,Madre De Dios,Huepetuhe,1986,0.01269
010302,Amazonas,Chisquilla,1986,0.001644
050507,Ayacucho,Santa Rosa,1986,0.009184
220804,San Martin,Nueva Cajamarca,1986,0.002098
220809,San Martin,Yuracyacu,1986,0.031687
160603,Loreto,Padre Marquez,1986,0.046837
010522,Amazonas,Tingo,1986,0.0038
080906,Cusco,Quellouno,1986,0.009705
010301,Amazonas,Jumbilla,1986,0.000566
080917,Cusco,Manitea,1986,0.002997
250305,Ucayali,Alexander Von Humboldt,1987,0.0
220509,San Martin,Shanao,1987,0.016713
250304,Ucayali,Neshuya,1987,0.000177
220501,San Martin,Lamas,1987,0.003584
220902,San Martin,Alberto Leveau,1987,0.01357
250102,Ucayali,Campoverde,1987,0.002895
220702,San Martin,Buenos Aires,1987,0.016916
220502,San Martin,Alonso De Alvarado,1987,0.000585
220404,San Martin,Piscoyacu,1987,0.007141
220708,San Martin,Shamboyacu,1987,0.000269
220204,San Martin,Huallaga,1987,0.003419
220605,San Martin,Pajarillo,1987,0.015934
010703,Amazonas,Cumba,1987,0.005974
220704,San Martin,Pilluana,1987,0.022764
220104,San Martin,Jepelacio,1987,0.003546
220505,San Martin,Cuñumbuqui,1987,0.01023
220507,San Martin,Rumisapa,1987,0.004757
220913,San Martin,Sauce,1987,0.053066
010608,Amazonas,Milpuc,1987,0.001365
220405,San Martin,Sacanche,1987,0.009696
220709,San Martin,Tingo De Ponasa,1987,0.000315
220304,San Martin,Santa Rosa,1987,0.003164
100903,Huanuco,Honoria,1987,0.025661
220203,San Martin,Bajo Biavo,1987,0.007554
220710,San Martin,Tres Unidos,1987,0.000347
220510,San Martin,Tabalosos,1987,0.007055
100904,Huanuco,Tournavista,1987,0.013325
010701,Amazonas,Bagua Grande,1987,0.002674
220701,San Martin,Picota,1987,0.051205
220403,San Martin,El Eslabon,1987,0.009064
250105,Ucayali,Yarinacocha,1987,0.06487
220914,San Martin,Shapaja,1987,0.020894
010707,Amazonas,Yamon,1987,0.003497
010705,Amazonas,Jamalca,1987,0.001764
220205,San Martin,San Pablo,1987,0.006572
220705,San Martin,Pucacaca,1987,0.034778
220601,San Martin,Juanjui,1987,0.030309
100905,Huanuco,Yuyapichis,1987,0.014209
100608,Huanuco,Castillo Grande,1987,0.01649
220302,San Martin,Agua Blanca,1987,0.00267
250306,Ucayali,Huipoca,1987,0.008185
010611,Amazonas,Totora,1987,0.002789
010706,Amazonas,Lonya Grande,1987,0.000579
220706,San Martin,San Cristobal,1987,0.065815
010303,Amazonas,Churuja,1987,0.007939
220301,San Martin,San Jose De Sisa,1987,0.003003
010204,Amazonas,El Parco,1987,0.000294
010306,Amazonas,Florida,1987,0.019984
220303,San Martin,San Martin,1987,0.002922
220106,San Martin,Yantalo,1987,0.02711
220305,San Martin,Shatoja,1987,0.004627
010104,Amazonas,Cheto,1987,0.0
160201,Loreto,Yurimaguas,1987,0.031981
060901,Cajamarca,San Ignacio,1987,0.004696
220511,San Martin,Zapatero,1987,0.003234
060811,Cajamarca,San Jose Del Alto,1987,0.00218
010206,Amazonas,La Peca,1987,0.0
220401,San Martin,Saposoa,1987,0.005395
060902,Cajamarca,Chirinos,1987,0.006108
220908,San Martin,Juan Guerra,1987,0.032653
060904,Cajamarca,La Coipa,1987,0.001477
220808,San Martin,Yorongos,1987,0.014886
120607,Junin,Rio Negro,1987,0.004215
060812,Cajamarca,Santa Rosa,1987,0.010888
250106,Ucayali,Nueva Requena,1987,0.023171
220802,San Martin,Awajun,1987,0.006158
250302,Ucayali,Irazola,1987,0.004266
010109,Amazonas,La Jalca,1987,0.001232
220906,San Martin,El Porvenir,1987,0.021192
220707,San Martin,San Hilarion,1987,0.024496
220806,San Martin,Posic,1987,0.024475
220406,San Martin,Tingo De Saposoa,1987,0.076434
100901,Huanuco,Puerto Inca,1987,0.015391
010105,Amazonas,Chiliquin,1987,0.0
220105,San Martin,Soritor,1987,0.004745
220201,San Martin,Bellavista,1987,0.028611
060803,Cajamarca,Chontali,1987,0.003646
100605,Huanuco,Luyando,1987,0.024584
010307,Amazonas,Jazan,1987,0.003699
010502,Amazonas,Camporredondo,1987,0.000565
010515,Amazonas,Providencia,1987,0.002527
010102,Amazonas,Asuncion,1987,0.0
010510,Amazonas,Luya Viejo,1987,0.0
100601,Huanuco,Rupa-Rupa,1987,0.012792
010514,Amazonas,Pisuquia,1987,0.001302
060810,Cajamarca,San Felipe,1987,0.002772
010305,Amazonas,Cuispes,1987,0.000111
060905,Cajamarca,Namballe,1987,0.00197
010119,Amazonas,San Isidro De Maino,1987,0.0
060801,Cajamarca,Jaen,1987,0.001711
010513,Amazonas,Ocumal,1987,0.00118
220912,San Martin,San Antonio,1987,0.002485
220903,San Martin,Cacatachi,1987,0.015057
120602,Junin,Coviriali,1987,0.000539
120304,Junin,San Luis De Shuaro,1987,0.000224
120601,Junin,Satipo,1987,0.005443
010203,Amazonas,Copallin,1987,0.004533
010112,Amazonas,Magdalena,1987,0.001142
220102,San Martin,Calzada,1987,0.006485
060805,Cajamarca,Huabal,1987,0.0
010610,Amazonas,Santa Rosa,1987,0.0
220503,San Martin,Barranquita,1987,0.00611
220801,San Martin,Rioja,1987,0.004234
220703,San Martin,Caspisapa,1987,0.031176
080904,Cusco,Maranura,1987,0.012575
010117,Amazonas,Quinjalca,1987,0.0
250303,Ucayali,Curimana,1987,0.013702
010308,Amazonas,Recta,1987,0.000856
010115,Amazonas,Montevideo,1987,0.000376
010114,Amazonas,Molinopampa,1987,0.000384
010503,Amazonas,Cocabamba,1987,0.001229
060809,Cajamarca,Sallique,1987,0.006227
010120,Amazonas,Soloco,1987,0.0
010521,Amazonas,Santo Tomas,1987,0.000593
100113,Huanuco,San Pablo De Pillao,1987,0.001928
010602,Amazonas,Chirimoto,1987,0.000474
100603,Huanuco,Hermilio Valdizan,1987,0.001443
010111,Amazonas,Levanto,1987,0.002471
010518,Amazonas,San Jeronimo,1987,0.001018
010609,Amazonas,Omia,1987,0.000162
100902,Huanuco,Codo Del Pozuzo,1987,0.013164
010113,Amazonas,Mariscal Castilla,1987,0.001194
220101,San Martin,Moyobamba,1987,0.00429
010310,Amazonas,Shipasbamba,1987,0.003534
100103,Huanuco,Chinchao,1987,0.002244
010311,Amazonas,Valera,1987,0.003602
060907,Cajamarca,Tabaconas,1987,0.001391
160112,Loreto,Belen,1987,0.1177
200307,Piura,Sondor,1987,0.002221
220803,San Martin,Elias Soplin Vargas,1987,0.000289
010506,Amazonas,Inguilpata,1987,0.000458
220506,San Martin,Pinto Recodo,1987,0.002946
120303,Junin,Pichanaqui,1987,0.004101
010202,Amazonas,Aramango,1987,0.006729
010606,Amazonas,Longar,1987,2.2e-05
160101,Loreto,Iquitos,1987,0.043179
010507,Amazonas,Longuita,1987,0.000258
221001,San Martin,Tocache,1987,0.016836
010511,Amazonas,Maria,1987,0.0
080901,Cusco,Santa Ana,1987,0.008907
120302,Junin,Perene,1987,0.001981
050409,Ayacucho,Canayre,1987,0.009129
221002,San Martin,Nuevo Progreso,1987,0.008111
200303,Piura,El Carmen De La Frontera,1987,0.004427
100609,Huanuco,Pueblo Nuevo,1987,0.009441
080903,Cusco,Huayopata,1987,0.004334
010604,Amazonas,Huambo,1987,0.0
100505,Huanuco,Jircan,1987,0.001812
010512,Amazonas,Ocalli,1987,0.0
010101,Amazonas,Chachapoyas,1987,0.001817
060903,Cajamarca,Huarango,1987,0.004116
010116,Amazonas,Olleros,1987,0.00015
010605,Amazonas,Limabamba,1987,0.000444
100804,Huanuco,Umari,1987,0.000757
220504,San Martin,Caynarachi,1987,0.003712
080905,Cusco,Ocobamba,1987,0.009247
010517,Amazonas,San Francisco Del Yeso,1987,0.001486
120609,Junin,Vizcatán Del Ene,1987,0.007772
060807,Cajamarca,Pomahuaca,1987,0.001839
010304,Amazonas,Corosha,1987,0.004158
221005,San Martin,Uchiza,1987,0.007868
220807,San Martin,San Fernando,1987,0.032161
050512,Ayacucho,Union Progreso,1987,0.015696
060804,Cajamarca,Colasay,1987,0.003662
160503,Loreto,Capelo,1987,0.083505
220910,San Martin,Morales,1987,0.013321
120604,Junin,Mazamari,1987,0.009122
120603,Junin,Llaylla,1987,0.000909
010520,Amazonas,Santa Catalina,1987,0.0
010603,Amazonas,Cochamal,1987,0.0
120209,Junin,Mariscal Castilla,1987,0.002211
010601,Amazonas,San Nicolas,1987,0.013172
010519,Amazonas,San Juan De Lopecancha,1987,0.003161
160211,Loreto,Teniente Cesar Lopez Rojas,1987,0.025202
080408,Cusco,Yanatile,1987,0.009301
050408,Ayacucho,Llochegua,1987,0.009198
100507,Huanuco,Monzon,1987,0.004526
081304,Cusco,Machupicchu,1987,0.005291
220909,San Martin,La Banda De Shilcayo,1987,0.001906
220103,San Martin,Habana,1987,0.009252
100606,Huanuco,Mariano Damaso Beraun,1987,0.004996
010508,Amazonas,Lonya Chico,1987,0.000947
170102,Madre De Dios,Inambari,1987,0.025644
050502,Ayacucho,Anco,1987,0.003584
010523,Amazonas,Trita,1987,0.0
010516,Amazonas,San Cristobal,1987,0.001201
080918,Cusco,Union Ashaninka,1987,0.007616
221006,San Martin,Santa Lucia,1987,0.029541
100702,Huanuco,Cholon,1987,0.003074
211205,Puno,Phara,1987,0.003442
170204,Madre De Dios,Huepetuhe,1987,0.01346
010302,Amazonas,Chisquilla,1987,0.00155
050507,Ayacucho,Santa Rosa,1987,0.008106
220804,San Martin,Nueva Cajamarca,1987,0.001536
220809,San Martin,Yuracyacu,1987,0.024493
160603,Loreto,Padre Marquez,1987,0.042052
010522,Amazonas,Tingo,1987,0.003653
080906,Cusco,Quellouno,1987,0.009319
010301,Amazonas,Jumbilla,1987,0.000533
080917,Cusco,Manitea,1987,0.002342
250305,Ucayali,Alexander Von Humboldt,1988,2.6e-05
220509,San Martin,Shanao,1988,0.016676
250304,Ucayali,Neshuya,1988,9.1e-05
220501,San Martin,Lamas,1988,0.003536
220902,San Martin,Alberto Leveau,1988,0.012712
250102,Ucayali,Campoverde,1988,0.002298
220702,San Martin,Buenos Aires,1988,0.015509
220502,San Martin,Alonso De Alvarado,1988,0.000597
220404,San Martin,Piscoyacu,1988,0.006296
220708,San Martin,Shamboyacu,1988,0.000124
220204,San Martin,Huallaga,1988,0.002581
220605,San Martin,Pajarillo,1988,0.013119
010703,Amazonas,Cumba,1988,0.006556
220704,San Martin,Pilluana,1988,0.021414
220104,San Martin,Jepelacio,1988,0.003502
220505,San Martin,Cuñumbuqui,1988,0.010352
220507,San Martin,Rumisapa,1988,0.000989
220913,San Martin,Sauce,1988,0.053471
010608,Amazonas,Milpuc,1988,0.000724
220405,San Martin,Sacanche,1988,0.008725
220709,San Martin,Tingo De Ponasa,1988,0.000643
220304,San Martin,Santa Rosa,1988,0.003007
100903,Huanuco,Honoria,1988,0.024954
220203,San Martin,Bajo Biavo,1988,0.007949
220710,San Martin,Tres Unidos,1988,0.000201
220510,San Martin,Tabalosos,1988,0.007077
100904,Huanuco,Tournavista,1988,0.013357
010701,Amazonas,Bagua Grande,1988,0.002549
220701,San Martin,Picota,1988,0.045626
220403,San Martin,El Eslabon,1988,0.007611
250105,Ucayali,Yarinacocha,1988,0.06369
220914,San Martin,Shapaja,1988,0.019101
010707,Amazonas,Yamon,1988,0.003319
010705,Amazonas,Jamalca,1988,0.00164
220205,San Martin,San Pablo,1988,0.007311
220705,San Martin,Pucacaca,1988,0.028588
220601,San Martin,Juanjui,1988,0.02717
100905,Huanuco,Yuyapichis,1988,0.011687
100608,Huanuco,Castillo Grande,1988,0.025306
220302,San Martin,Agua Blanca,1988,0.003612
250306,Ucayali,Huipoca,1988,0.007944
010611,Amazonas,Totora,1988,0.001143
010706,Amazonas,Lonya Grande,1988,0.000552
220706,San Martin,San Cristobal,1988,0.05941
010303,Amazonas,Churuja,1988,0.007575
220301,San Martin,San Jose De Sisa,1988,0.002876
010204,Amazonas,El Parco,1988,0.0
010306,Amazonas,Florida,1988,0.0201
220303,San Martin,San Martin,1988,0.002478
220106,San Martin,Yantalo,1988,0.02642
220305,San Martin,Shatoja,1988,0.004712
010104,Amazonas,Cheto,1988,0.0
160201,Loreto,Yurimaguas,1988,0.029331
060901,Cajamarca,San Ignacio,1988,0.004461
220511,San Martin,Zapatero,1988,0.003178
060811,Cajamarca,San Jose Del Alto,1988,0.001575
010206,Amazonas,La Peca,1988,0.0
220401,San Martin,Saposoa,1988,0.005003
060902,Cajamarca,Chirinos,1988,0.00602
220908,San Martin,Juan Guerra,1988,0.030763
060904,Cajamarca,La Coipa,1988,0.001234
220808,San Martin,Yorongos,1988,0.013581
120607,Junin,Rio Negro,1988,0.001694
060812,Cajamarca,Santa Rosa,1988,0.011177
250106,Ucayali,Nueva Requena,1988,0.022043
220802,San Martin,Awajun,1988,0.007799
250302,Ucayali,Irazola,1988,0.004358
010109,Amazonas,La Jalca,1988,0.001311
220906,San Martin,El Porvenir,1988,0.01952
220707,San Martin,San Hilarion,1988,0.022089
220806,San Martin,Posic,1988,0.024357
220406,San Martin,Tingo De Saposoa,1988,0.059249
100901,Huanuco,Puerto Inca,1988,0.01487
010105,Amazonas,Chiliquin,1988,0.0
220105,San Martin,Soritor,1988,0.004398
220201,San Martin,Bellavista,1988,0.023284
060803,Cajamarca,Chontali,1988,0.002741
100605,Huanuco,Luyando,1988,0.036757
010307,Amazonas,Jazan,1988,0.003628
010502,Amazonas,Camporredondo,1988,0.000593
010515,Amazonas,Providencia,1988,0.002489
010102,Amazonas,Asuncion,1988,0.0
010510,Amazonas,Luya Viejo,1988,0.0
100601,Huanuco,Rupa-Rupa,1988,0.017178
010514,Amazonas,Pisuquia,1988,0.00132
060810,Cajamarca,San Felipe,1988,0.002463
010305,Amazonas,Cuispes,1988,6.5e-05
060905,Cajamarca,Namballe,1988,0.001535
010119,Amazonas,San Isidro De Maino,1988,0.0
060801,Cajamarca,Jaen,1988,0.001784
010513,Amazonas,Ocumal,1988,0.001134
220912,San Martin,San Antonio,1988,0.001555
220903,San Martin,Cacatachi,1988,0.014905
120602,Junin,Coviriali,1988,0.000198
120304,Junin,San Luis De Shuaro,1988,0.001533
120601,Junin,Satipo,1988,0.002738
010203,Amazonas,Copallin,1988,0.004326
010112,Amazonas,Magdalena,1988,0.001306
220102,San Martin,Calzada,1988,0.005648
060805,Cajamarca,Huabal,1988,0.0
010610,Amazonas,Santa Rosa,1988,0.0
220503,San Martin,Barranquita,1988,0.005343
220801,San Martin,Rioja,1988,0.004306
220703,San Martin,Caspisapa,1988,0.026155
080904,Cusco,Maranura,1988,0.008051
010117,Amazonas,Quinjalca,1988,2.2e-05
250303,Ucayali,Curimana,1988,0.013183
010308,Amazonas,Recta,1988,0.001015
010115,Amazonas,Montevideo,1988,0.000383
010114,Amazonas,Molinopampa,1988,0.000381
010503,Amazonas,Cocabamba,1988,0.001151
060809,Cajamarca,Sallique,1988,0.005337
010120,Amazonas,Soloco,1988,0.0
010521,Amazonas,Santo Tomas,1988,0.000622
100113,Huanuco,San Pablo De Pillao,1988,0.001907
010602,Amazonas,Chirimoto,1988,0.000601
100603,Huanuco,Hermilio Valdizan,1988,0.002425
010111,Amazonas,Levanto,1988,0.002483
010518,Amazonas,San Jeronimo,1988,0.001053
010609,Amazonas,Omia,1988,5.1e-05
100902,Huanuco,Codo Del Pozuzo,1988,0.009742
010113,Amazonas,Mariscal Castilla,1988,0.001296
220101,San Martin,Moyobamba,1988,0.004202
010310,Amazonas,Shipasbamba,1988,0.003399
100103,Huanuco,Chinchao,1988,0.002467
010311,Amazonas,Valera,1988,0.003374
060907,Cajamarca,Tabaconas,1988,0.001242
160112,Loreto,Belen,1988,0.096995
200307,Piura,Sondor,1988,0.00122
220803,San Martin,Elias Soplin Vargas,1988,0.00073
010506,Amazonas,Inguilpata,1988,0.000518
220506,San Martin,Pinto Recodo,1988,0.00286
120303,Junin,Pichanaqui,1988,0.001953
010202,Amazonas,Aramango,1988,0.006721
010606,Amazonas,Longar,1988,0.0
160101,Loreto,Iquitos,1988,0.040244
010507,Amazonas,Longuita,1988,0.000136
221001,San Martin,Tocache,1988,0.017305
010511,Amazonas,Maria,1988,0.0
080901,Cusco,Santa Ana,1988,0.007998
120302,Junin,Perene,1988,0.00139
050409,Ayacucho,Canayre,1988,0.008561
221002,San Martin,Nuevo Progreso,1988,0.009504
200303,Piura,El Carmen De La Frontera,1988,0.003192
100609,Huanuco,Pueblo Nuevo,1988,0.010408
080903,Cusco,Huayopata,1988,0.004548
010604,Amazonas,Huambo,1988,0.0
100505,Huanuco,Jircan,1988,0.001834
010512,Amazonas,Ocalli,1988,0.0
010101,Amazonas,Chachapoyas,1988,0.001857
060903,Cajamarca,Huarango,1988,0.004143
010116,Amazonas,Olleros,1988,0.00015
010605,Amazonas,Limabamba,1988,0.000418
100804,Huanuco,Umari,1988,0.000892
220504,San Martin,Caynarachi,1988,0.003533
080905,Cusco,Ocobamba,1988,0.007514
010517,Amazonas,San Francisco Del Yeso,1988,0.001471
120609,Junin,Vizcatán Del Ene,1988,0.009789
060807,Cajamarca,Pomahuaca,1988,0.001182
010304,Amazonas,Corosha,1988,0.004074
221005,San Martin,Uchiza,1988,0.008069
220807,San Martin,San Fernando,1988,0.035674
050512,Ayacucho,Union Progreso,1988,0.014492
060804,Cajamarca,Colasay,1988,0.003044
160503,Loreto,Capelo,1988,0.081168
220910,San Martin,Morales,1988,0.010324
120604,Junin,Mazamari,1988,0.006867
120603,Junin,Llaylla,1988,0.001208
010520,Amazonas,Santa Catalina,1988,5e-06
010603,Amazonas,Cochamal,1988,1e-05
120209,Junin,Mariscal Castilla,1988,0.002927
010601,Amazonas,San Nicolas,1988,0.012545
010519,Amazonas,San Juan De Lopecancha,1988,0.003418
160211,Loreto,Teniente Cesar Lopez Rojas,1988,0.020453
080408,Cusco,Yanatile,1988,0.007808
050408,Ayacucho,Llochegua,1988,0.006569
100507,Huanuco,Monzon,1988,0.005677
081304,Cusco,Machupicchu,1988,0.007249
220909,San Martin,La Banda De Shilcayo,1988,0.001173
220103,San Martin,Habana,1988,0.009562
100606,Huanuco,Mariano Damaso Beraun,1988,0.005718
010508,Amazonas,Lonya Chico,1988,0.000895
170102,Madre De Dios,Inambari,1988,0.023941
050502,Ayacucho,Anco,1988,0.003929
010523,Amazonas,Trita,1988,0.0
010516,Amazonas,San Cristobal,1988,0.001226
080918,Cusco,Union Ashaninka,1988,0.005522
221006,San Martin,Santa Lucia,1988,0.030979
100702,Huanuco,Cholon,1988,0.003147
211205,Puno,Phara,1988,0.003737
170204,Madre De Dios,Huepetuhe,1988,0.012402
010302,Amazonas,Chisquilla,1988,0.001374
050507,Ayacucho,Santa Rosa,1988,0.007384
220804,San Martin,Nueva Cajamarca,1988,0.003355
220809,San Martin,Yuracyacu,1988,0.030899
160603,Loreto,Padre Marquez,1988,0.041621
010522,Amazonas,Tingo,1988,0.003702
080906,Cusco,Quellouno,1988,0.007479
010301,Amazonas,Jumbilla,1988,0.000566
080917,Cusco,Manitea,1988,0.002452
250305,Ucayali,Alexander Von Humboldt,1989,0.0
220509,San Martin,Shanao,1989,0.016895
250304,Ucayali,Neshuya,1989,5.7e-05
220501,San Martin,Lamas,1989,0.003735
220902,San Martin,Alberto Leveau,1989,0.011511
250102,Ucayali,Campoverde,1989,0.002436
220702,San Martin,Buenos Aires,1989,0.015846
220502,San Martin,Alonso De Alvarado,1989,0.00075
220404,San Martin,Piscoyacu,1989,0.006869
220708,San Martin,Shamboyacu,1989,0.000305
220204,San Martin,Huallaga,1989,0.003388
220605,San Martin,Pajarillo,1989,0.01536
010703,Amazonas,Cumba,1989,0.007127
220704,San Martin,Pilluana,1989,0.02092
220104,San Martin,Jepelacio,1989,0.00513
220505,San Martin,Cuñumbuqui,1989,0.010089
220507,San Martin,Rumisapa,1989,0.003554
220913,San Martin,Sauce,1989,0.052414
010608,Amazonas,Milpuc,1989,0.000248
220405,San Martin,Sacanche,1989,0.009455
220709,San Martin,Tingo De Ponasa,1989,0.001202
220304,San Martin,Santa Rosa,1989,0.00264
100903,Huanuco,Honoria,1989,0.025526
220203,San Martin,Bajo Biavo,1989,0.00708
220710,San Martin,Tres Unidos,1989,0.000158
220510,San Martin,Tabalosos,1989,0.006837
100904,Huanuco,Tournavista,1989,0.013945
010701,Amazonas,Bagua Grande,1989,0.0033
220701,San Martin,Picota,1989,0.046279
220403,San Martin,El Eslabon,1989,0.008039
250105,Ucayali,Yarinacocha,1989,0.067566
220914,San Martin,Shapaja,1989,0.019205
010707,Amazonas,Yamon,1989,0.003766
010705,Amazonas,Jamalca,1989,0.001706
220205,San Martin,San Pablo,1989,0.007834
220705,San Martin,Pucacaca,1989,0.030574
220601,San Martin,Juanjui,1989,0.029534
100905,Huanuco,Yuyapichis,1989,0.011943
100608,Huanuco,Castillo Grande,1989,0.030297
220302,San Martin,Agua Blanca,1989,0.002856
250306,Ucayali,Huipoca,1989,0.007914
010611,Amazonas,Totora,1989,0.000869
010706,Amazonas,Lonya Grande,1989,0.000598
220706,San Martin,San Cristobal,1989,0.063483
010303,Amazonas,Churuja,1989,0.007771
220301,San Martin,San Jose De Sisa,1989,0.003524
010204,Amazonas,El Parco,1989,0.0
010306,Amazonas,Florida,1989,0.020072
220303,San Martin,San Martin,1989,0.003584
220106,San Martin,Yantalo,1989,0.02573
220305,San Martin,Shatoja,1989,0.005429
010104,Amazonas,Cheto,1989,0.0
160201,Loreto,Yurimaguas,1989,0.023832
060901,Cajamarca,San Ignacio,1989,0.001613
220511,San Martin,Zapatero,1989,0.003061
060811,Cajamarca,San Jose Del Alto,1989,0.001315
010206,Amazonas,La Peca,1989,5.2e-05
220401,San Martin,Saposoa,1989,0.00503
060902,Cajamarca,Chirinos,1989,0.005152
220908,San Martin,Juan Guerra,1989,0.030675
060904,Cajamarca,La Coipa,1989,0.000975
220808,San Martin,Yorongos,1989,0.012581
120607,Junin,Rio Negro,1989,0.00366
060812,Cajamarca,Santa Rosa,1989,0.014375
250106,Ucayali,Nueva Requena,1989,0.023948
220802,San Martin,Awajun,1989,0.006467
250302,Ucayali,Irazola,1989,0.004022
010109,Amazonas,La Jalca,1989,0.001383
220906,San Martin,El Porvenir,1989,0.021219
220707,San Martin,San Hilarion,1989,0.029601
220806,San Martin,Posic,1989,0.022429
220406,San Martin,Tingo De Saposoa,1989,0.077739
100901,Huanuco,Puerto Inca,1989,0.015177
010105,Amazonas,Chiliquin,1989,0.0
220105,San Martin,Soritor,1989,0.006468
220201,San Martin,Bellavista,1989,0.02741
060803,Cajamarca,Chontali,1989,0.002851
100605,Huanuco,Luyando,1989,0.038982
010307,Amazonas,Jazan,1989,0.003663
010502,Amazonas,Camporredondo,1989,0.000606
010515,Amazonas,Providencia,1989,0.002657
010102,Amazonas,Asuncion,1989,0.0
010510,Amazonas,Luya Viejo,1989,5.3e-05
100601,Huanuco,Rupa-Rupa,1989,0.018848
010514,Amazonas,Pisuquia,1989,0.00147
060810,Cajamarca,San Felipe,1989,0.003345
010305,Amazonas,Cuispes,1989,5.5e-05
060905,Cajamarca,Namballe,1989,0.001991
010119,Amazonas,San Isidro De Maino,1989,0.0
060801,Cajamarca,Jaen,1989,0.002453
010513,Amazonas,Ocumal,1989,0.001239
220912,San Martin,San Antonio,1989,0.001657
220903,San Martin,Cacatachi,1989,0.011416
120602,Junin,Coviriali,1989,0.001357
120304,Junin,San Luis De Shuaro,1989,0.004641
120601,Junin,Satipo,1989,0.006118
010203,Amazonas,Copallin,1989,0.005378
010112,Amazonas,Magdalena,1989,0.001313
220102,San Martin,Calzada,1989,0.008518
060805,Cajamarca,Huabal,1989,0.0
010610,Amazonas,Santa Rosa,1989,0.0
220503,San Martin,Barranquita,1989,0.005612
220801,San Martin,Rioja,1989,0.004562
220703,San Martin,Caspisapa,1989,0.029086
080904,Cusco,Maranura,1989,0.007903
010117,Amazonas,Quinjalca,1989,0.0
250303,Ucayali,Curimana,1989,0.013686
010308,Amazonas,Recta,1989,0.000952
010115,Amazonas,Montevideo,1989,0.000354
010114,Amazonas,Molinopampa,1989,0.000384
010503,Amazonas,Cocabamba,1989,0.001422
060809,Cajamarca,Sallique,1989,0.00592
010120,Amazonas,Soloco,1989,0.0
010521,Amazonas,Santo Tomas,1989,0.000593
100113,Huanuco,San Pablo De Pillao,1989,0.001968
010602,Amazonas,Chirimoto,1989,0.000549
100603,Huanuco,Hermilio Valdizan,1989,0.003105
010111,Amazonas,Levanto,1989,0.002388
010518,Amazonas,San Jeronimo,1989,0.001057
010609,Amazonas,Omia,1989,0.000111
100902,Huanuco,Codo Del Pozuzo,1989,0.009456
010113,Amazonas,Mariscal Castilla,1989,0.001341
220101,San Martin,Moyobamba,1989,0.004414
010310,Amazonas,Shipasbamba,1989,0.003293
100103,Huanuco,Chinchao,1989,0.00242
010311,Amazonas,Valera,1989,0.003568
060907,Cajamarca,Tabaconas,1989,0.001456
160112,Loreto,Belen,1989,0.106991
200307,Piura,Sondor,1989,0.001619
220803,San Martin,Elias Soplin Vargas,1989,0.000725
010506,Amazonas,Inguilpata,1989,0.000488
220506,San Martin,Pinto Recodo,1989,0.00314
120303,Junin,Pichanaqui,1989,0.003137
010202,Amazonas,Aramango,1989,0.006765
010606,Amazonas,Longar,1989,0.0
160101,Loreto,Iquitos,1989,0.040957
010507,Amazonas,Longuita,1989,0.000121
221001,San Martin,Tocache,1989,0.016229
010511,Amazonas,Maria,1989,0.0
080901,Cusco,Santa Ana,1989,0.007085
120302,Junin,Perene,1989,0.004012
050409,Ayacucho,Canayre,1989,0.013515
221002,San Martin,Nuevo Progreso,1989,0.010435
200303,Piura,El Carmen De La Frontera,1989,0.004465
100609,Huanuco,Pueblo Nuevo,1989,0.012997
080903,Cusco,Huayopata,1989,0.003946
010604,Amazonas,Huambo,1989,0.0
100505,Huanuco,Jircan,1989,0.001701
010512,Amazonas,Ocalli,1989,0.0
010101,Amazonas,Chachapoyas,1989,0.001869
060903,Cajamarca,Huarango,1989,0.004017
010116,Amazonas,Olleros,1989,0.00015
010605,Amazonas,Limabamba,1989,0.000432
100804,Huanuco,Umari,1989,0.000847
220504,San Martin,Caynarachi,1989,0.003229
080905,Cusco,Ocobamba,1989,0.006042
010517,Amazonas,San Francisco Del Yeso,1989,0.001481
120609,Junin,Vizcatán Del Ene,1989,0.015149
060807,Cajamarca,Pomahuaca,1989,0.001393
010304,Amazonas,Corosha,1989,0.004227
221005,San Martin,Uchiza,1989,0.009465
220807,San Martin,San Fernando,1989,0.035906
050512,Ayacucho,Union Progreso,1989,0.022451
060804,Cajamarca,Colasay,1989,0.002595
160503,Loreto,Capelo,1989,0.083199
220910,San Martin,Morales,1989,0.007572
120604,Junin,Mazamari,1989,0.010888
120603,Junin,Llaylla,1989,0.001691
010520,Amazonas,Santa Catalina,1989,5e-06
010603,Amazonas,Cochamal,1989,0.0
120209,Junin,Mariscal Castilla,1989,0.004609
010601,Amazonas,San Nicolas,1989,0.012067
010519,Amazonas,San Juan De Lopecancha,1989,0.003202
160211,Loreto,Teniente Cesar Lopez Rojas,1989,0.020427
080408,Cusco,Yanatile,1989,0.007418
050408,Ayacucho,Llochegua,1989,0.010498
100507,Huanuco,Monzon,1989,0.005756
081304,Cusco,Machupicchu,1989,0.006777
220909,San Martin,La Banda De Shilcayo,1989,0.002286
220103,San Martin,Habana,1989,0.01181
100606,Huanuco,Mariano Damaso Beraun,1989,0.005645
010508,Amazonas,Lonya Chico,1989,0.000755
170102,Madre De Dios,Inambari,1989,0.022507
050502,Ayacucho,Anco,1989,0.004914
010523,Amazonas,Trita,1989,0.0
010516,Amazonas,San Cristobal,1989,0.001201
080918,Cusco,Union Ashaninka,1989,0.008509
221006,San Martin,Santa Lucia,1989,0.030036
100702,Huanuco,Cholon,1989,0.003399
211205,Puno,Phara,1989,0.002846
170204,Madre De Dios,Huepetuhe,1989,0.012491
010302,Amazonas,Chisquilla,1989,0.001622
050507,Ayacucho,Santa Rosa,1989,0.009227
220804,San Martin,Nueva Cajamarca,1989,0.002316
220809,San Martin,Yuracyacu,1989,0.025023
160603,Loreto,Padre Marquez,1989,0.046847
010522,Amazonas,Tingo,1989,0.00358
080906,Cusco,Quellouno,1989,0.00697
010301,Amazonas,Jumbilla,1989,0.000639
080917,Cusco,Manitea,1989,0.003339
250305,Ucayali,Alexander Von Humboldt,1990,4e-06
220509,San Martin,Shanao,1990,0.017041
250304,Ucayali,Neshuya,1990,1.4e-05
220501,San Martin,Lamas,1990,0.003714
220902,San Martin,Alberto Leveau,1990,0.010602
250102,Ucayali,Campoverde,1990,0.002213
220702,San Martin,Buenos Aires,1990,0.014625
220502,San Martin,Alonso De Alvarado,1990,0.000741
220404,San Martin,Piscoyacu,1990,0.006815
220708,San Martin,Shamboyacu,1990,0.000776
220204,San Martin,Huallaga,1990,0.002616
220605,San Martin,Pajarillo,1990,0.012695
010703,Amazonas,Cumba,1990,0.00718
220704,San Martin,Pilluana,1990,0.019414
220104,San Martin,Jepelacio,1990,0.004508
220505,San Martin,Cuñumbuqui,1990,0.010401
220507,San Martin,Rumisapa,1990,0.0031
220913,San Martin,Sauce,1990,0.054369
010608,Amazonas,Milpuc,1990,0.000434
220405,San Martin,Sacanche,1990,0.00974
220709,San Martin,Tingo De Ponasa,1990,0.000961
220304,San Martin,Santa Rosa,1990,0.004112
100903,Huanuco,Honoria,1990,0.024832
220203,San Martin,Bajo Biavo,1990,0.007057
220710,San Martin,Tres Unidos,1990,0.000199
220510,San Martin,Tabalosos,1990,0.006829
100904,Huanuco,Tournavista,1990,0.012999
010701,Amazonas,Bagua Grande,1990,0.002812
220701,San Martin,Picota,1990,0.038703
220403,San Martin,El Eslabon,1990,0.008224
250105,Ucayali,Yarinacocha,1990,0.060626
220914,San Martin,Shapaja,1990,0.018858
010707,Amazonas,Yamon,1990,0.003865
010705,Amazonas,Jamalca,1990,0.001726
220205,San Martin,San Pablo,1990,0.009163
220705,San Martin,Pucacaca,1990,0.027066
220601,San Martin,Juanjui,1990,0.026433
100905,Huanuco,Yuyapichis,1990,0.01187
100608,Huanuco,Castillo Grande,1990,0.025559
220302,San Martin,Agua Blanca,1990,0.002902
250306,Ucayali,Huipoca,1990,0.007395
010611,Amazonas,Totora,1990,0.001051
010706,Amazonas,Lonya Grande,1990,0.000613
220706,San Martin,San Cristobal,1990,0.055574
010303,Amazonas,Churuja,1990,0.007575
220301,San Martin,San Jose De Sisa,1990,0.003052
010204,Amazonas,El Parco,1990,0.0
010306,Amazonas,Florida,1990,0.019835
220303,San Martin,San Martin,1990,0.002985
220106,San Martin,Yantalo,1990,0.027544
220305,San Martin,Shatoja,1990,0.005343
010104,Amazonas,Cheto,1990,0.0
160201,Loreto,Yurimaguas,1990,0.028468
060901,Cajamarca,San Ignacio,1990,0.002555
220511,San Martin,Zapatero,1990,0.003274
060811,Cajamarca,San Jose Del Alto,1990,0.00099
010206,Amazonas,La Peca,1990,0.0
220401,San Martin,Saposoa,1990,0.004977
060902,Cajamarca,Chirinos,1990,0.006375
220908,San Martin,Juan Guerra,1990,0.030458
060904,Cajamarca,La Coipa,1990,0.000992
220808,San Martin,Yorongos,1990,0.014266
120607,Junin,Rio Negro,1990,0.004359
060812,Cajamarca,Santa Rosa,1990,0.014787
250106,Ucayali,Nueva Requena,1990,0.020919
220802,San Martin,Awajun,1990,0.007412
250302,Ucayali,Irazola,1990,0.003437
010109,Amazonas,La Jalca,1990,0.001311
220906,San Martin,El Porvenir,1990,0.020627
220707,San Martin,San Hilarion,1990,0.033698
220806,San Martin,Posic,1990,0.022158
220406,San Martin,Tingo De Saposoa,1990,0.060724
100901,Huanuco,Puerto Inca,1990,0.014672
010105,Amazonas,Chiliquin,1990,0.0
220105,San Martin,Soritor,1990,0.007081
220201,San Martin,Bellavista,1990,0.026842
060803,Cajamarca,Chontali,1990,0.002262
100605,Huanuco,Luyando,1990,0.03214
010307,Amazonas,Jazan,1990,0.00337
010502,Amazonas,Camporredondo,1990,0.000614
010515,Amazonas,Providencia,1990,0.002672
010102,Amazonas,Asuncion,1990,0.0
010510,Amazonas,Luya Viejo,1990,5.3e-05
100601,Huanuco,Rupa-Rupa,1990,0.01815
010514,Amazonas,Pisuquia,1990,0.001516
060810,Cajamarca,San Felipe,1990,0.004137
010305,Amazonas,Cuispes,1990,5.5e-05
060905,Cajamarca,Namballe,1990,0.0018
010119,Amazonas,San Isidro De Maino,1990,0.0
060801,Cajamarca,Jaen,1990,0.002411
010513,Amazonas,Ocumal,1990,0.001234
220912,San Martin,San Antonio,1990,0.001907
220903,San Martin,Cacatachi,1990,0.041276
120602,Junin,Coviriali,1990,0.001168
120304,Junin,San Luis De Shuaro,1990,0.003509
120601,Junin,Satipo,1990,0.00551
010203,Amazonas,Copallin,1990,0.005207
010112,Amazonas,Magdalena,1990,0.001142
220102,San Martin,Calzada,1990,0.005878
060805,Cajamarca,Huabal,1990,6.3e-05
010610,Amazonas,Santa Rosa,1990,8.8e-05
220503,San Martin,Barranquita,1990,0.005634
220801,San Martin,Rioja,1990,0.004983
220703,San Martin,Caspisapa,1990,0.025641
080904,Cusco,Maranura,1990,0.007373
010117,Amazonas,Quinjalca,1990,0.0
250303,Ucayali,Curimana,1990,0.011912
010308,Amazonas,Recta,1990,0.000952
010115,Amazonas,Montevideo,1990,0.000368
010114,Amazonas,Molinopampa,1990,0.000405
010503,Amazonas,Cocabamba,1990,0.001571
060809,Cajamarca,Sallique,1990,0.00637
010120,Amazonas,Soloco,1990,0.0
010521,Amazonas,Santo Tomas,1990,0.000563
100113,Huanuco,San Pablo De Pillao,1990,0.002182
010602,Amazonas,Chirimoto,1990,0.000445
100603,Huanuco,Hermilio Valdizan,1990,0.004124
010111,Amazonas,Levanto,1990,0.002376
010518,Amazonas,San Jeronimo,1990,0.000971
010609,Amazonas,Omia,1990,0.000178
100902,Huanuco,Codo Del Pozuzo,1990,0.009063
010113,Amazonas,Mariscal Castilla,1990,0.001206
220101,San Martin,Moyobamba,1990,0.004462
010310,Amazonas,Shipasbamba,1990,0.003413
100103,Huanuco,Chinchao,1990,0.002196
010311,Amazonas,Valera,1990,0.003157
060907,Cajamarca,Tabaconas,1990,0.001263
160112,Loreto,Belen,1990,0.115767
200307,Piura,Sondor,1990,0.001256
220803,San Martin,Elias Soplin Vargas,1990,0.001208
010506,Amazonas,Inguilpata,1990,0.000405
220506,San Martin,Pinto Recodo,1990,0.003119
120303,Junin,Pichanaqui,1990,0.005179
010202,Amazonas,Aramango,1990,0.005935
010606,Amazonas,Longar,1990,1.1e-05
160101,Loreto,Iquitos,1990,0.042172
010507,Amazonas,Longuita,1990,0.000106
221001,San Martin,Tocache,1990,0.016492
010511,Amazonas,Maria,1990,0.0
080901,Cusco,Santa Ana,1990,0.006575
120302,Junin,Perene,1990,0.003955
050409,Ayacucho,Canayre,1990,0.01235
221002,San Martin,Nuevo Progreso,1990,0.011298
200303,Piura,El Carmen De La Frontera,1990,0.003362
100609,Huanuco,Pueblo Nuevo,1990,0.011484
080903,Cusco,Huayopata,1990,0.003584
010604,Amazonas,Huambo,1990,3.4e-05
100505,Huanuco,Jircan,1990,0.001879
010512,Amazonas,Ocalli,1990,0.0
010101,Amazonas,Chachapoyas,1990,0.001846
060903,Cajamarca,Huarango,1990,0.004416
010116,Amazonas,Olleros,1990,0.00015
010605,Amazonas,Limabamba,1990,0.000438
100804,Huanuco,Umari,1990,0.000819
220504,San Martin,Caynarachi,1990,0.003249
080905,Cusco,Ocobamba,1990,0.005639
010517,Amazonas,San Francisco Del Yeso,1990,0.001354
120609,Junin,Vizcatán Del Ene,1990,0.01436
060807,Cajamarca,Pomahuaca,1990,0.001717
010304,Amazonas,Corosha,1990,0.003991
221005,San Martin,Uchiza,1990,0.008303
220807,San Martin,San Fernando,1990,0.031646
050512,Ayacucho,Union Progreso,1990,0.019196
060804,Cajamarca,Colasay,1990,0.002911
160503,Loreto,Capelo,1990,0.088862
220910,San Martin,Morales,1990,0.014741
120604,Junin,Mazamari,1990,0.009801
120603,Junin,Llaylla,1990,0.001265
010520,Amazonas,Santa Catalina,1990,0.0
010603,Amazonas,Cochamal,1990,5e-06
120209,Junin,Mariscal Castilla,1990,0.006259
010601,Amazonas,San Nicolas,1990,0.012041
010519,Amazonas,San Juan De Lopecancha,1990,0.003264
160211,Loreto,Teniente Cesar Lopez Rojas,1990,0.022137
080408,Cusco,Yanatile,1990,0.006391
050408,Ayacucho,Llochegua,1990,0.009052
100507,Huanuco,Monzon,1990,0.005174
081304,Cusco,Machupicchu,1990,0.006159
220909,San Martin,La Banda De Shilcayo,1990,0.002929
220103,San Martin,Habana,1990,0.009458
100606,Huanuco,Mariano Damaso Beraun,1990,0.005411
010508,Amazonas,Lonya Chico,1990,0.000755
170102,Madre De Dios,Inambari,1990,0.024716
050502,Ayacucho,Anco,1990,0.004415
010523,Amazonas,Trita,1990,0.0
010516,Amazonas,San Cristobal,1990,0.001151
080918,Cusco,Union Ashaninka,1990,0.009283
221006,San Martin,Santa Lucia,1990,0.032822
100702,Huanuco,Cholon,1990,0.003223
211205,Puno,Phara,1990,0.003781
170204,Madre De Dios,Huepetuhe,1990,0.013915
010302,Amazonas,Chisquilla,1990,0.001209
050507,Ayacucho,Santa Rosa,1990,0.00863
220804,San Martin,Nueva Cajamarca,1990,0.003685
220809,San Martin,Yuracyacu,1990,0.025238
160603,Loreto,Padre Marquez,1990,0.04562
010522,Amazonas,Tingo,1990,0.003482
080906,Cusco,Quellouno,1990,0.006406
010301,Amazonas,Jumbilla,1990,0.000493
080917,Cusco,Manitea,1990,0.002868
250305,Ucayali,Alexander Von Humboldt,1991,4e-06
220509,San Martin,Shanao,1991,0.016968
250304,Ucayali,Neshuya,1991,3e-05
220501,San Martin,Lamas,1991,0.003893
220902,San Martin,Alberto Leveau,1991,0.012197
250102,Ucayali,Campoverde,1991,0.002329
220702,San Martin,Buenos Aires,1991,0.015997
220502,San Martin,Alonso De Alvarado,1991,0.000618
220404,San Martin,Piscoyacu,1991,0.006168
220708,San Martin,Shamboyacu,1991,0.000396
220204,San Martin,Huallaga,1991,0.002609
220605,San Martin,Pajarillo,1991,0.009933
010703,Amazonas,Cumba,1991,0.007044
220704,San Martin,Pilluana,1991,0.022128
220104,San Martin,Jepelacio,1991,0.004676
220505,San Martin,Cuñumbuqui,1991,0.010328
220507,San Martin,Rumisapa,1991,0.009568
220913,San Martin,Sauce,1991,0.054281
010608,Amazonas,Milpuc,1991,0.000579
220405,San Martin,Sacanche,1991,0.008467
220709,San Martin,Tingo De Ponasa,1991,0.000447
220304,San Martin,Santa Rosa,1991,0.002491
100903,Huanuco,Honoria,1991,0.028365
220203,San Martin,Bajo Biavo,1991,0.006266
220710,San Martin,Tres Unidos,1991,0.000355
220510,San Martin,Tabalosos,1991,0.006665
100904,Huanuco,Tournavista,1991,0.01457
010701,Amazonas,Bagua Grande,1991,0.00222
220701,San Martin,Picota,1991,0.044323
220403,San Martin,El Eslabon,1991,0.008416
250105,Ucayali,Yarinacocha,1991,0.072777
220914,San Martin,Shapaja,1991,0.020375
010707,Amazonas,Yamon,1991,0.003668
010705,Amazonas,Jamalca,1991,0.001388
220205,San Martin,San Pablo,1991,0.006924
220705,San Martin,Pucacaca,1991,0.030876
220601,San Martin,Juanjui,1991,0.022244
100905,Huanuco,Yuyapichis,1991,0.011574
100608,Huanuco,Castillo Grande,1991,0.023825
220302,San Martin,Agua Blanca,1991,0.001914
250306,Ucayali,Huipoca,1991,0.007187
010611,Amazonas,Totora,1991,0.00128
010706,Amazonas,Lonya Grande,1991,0.000649
220706,San Martin,San Cristobal,1991,0.059233
010303,Amazonas,Churuja,1991,0.006205
220301,San Martin,San Jose De Sisa,1991,0.002804
010204,Amazonas,El Parco,1991,0.0
010306,Amazonas,Florida,1991,0.019927
220303,San Martin,San Martin,1991,0.002782
220106,San Martin,Yantalo,1991,0.025462
220305,San Martin,Shatoja,1991,0.004297
010104,Amazonas,Cheto,1991,0.0
160201,Loreto,Yurimaguas,1991,0.031293
060901,Cajamarca,San Ignacio,1991,0.003075
220511,San Martin,Zapatero,1991,0.00301
060811,Cajamarca,San Jose Del Alto,1991,0.001818
010206,Amazonas,La Peca,1991,6e-06
220401,San Martin,Saposoa,1991,0.004222
060902,Cajamarca,Chirinos,1991,0.005885
220908,San Martin,Juan Guerra,1991,0.031377
060904,Cajamarca,La Coipa,1991,0.0013
220808,San Martin,Yorongos,1991,0.013657
120607,Junin,Rio Negro,1991,0.004044
060812,Cajamarca,Santa Rosa,1991,0.013204
250106,Ucayali,Nueva Requena,1991,0.024195
220802,San Martin,Awajun,1991,0.008786
250302,Ucayali,Irazola,1991,0.003687
010109,Amazonas,La Jalca,1991,0.001318
220906,San Martin,El Porvenir,1991,0.019905
220707,San Martin,San Hilarion,1991,0.022806
220806,San Martin,Posic,1991,0.021667
220406,San Martin,Tingo De Saposoa,1991,0.05112
100901,Huanuco,Puerto Inca,1991,0.014709
010105,Amazonas,Chiliquin,1991,0.0
220105,San Martin,Soritor,1991,0.006253
220201,San Martin,Bellavista,1991,0.022565
060803,Cajamarca,Chontali,1991,0.003461
100605,Huanuco,Luyando,1991,0.027411
010307,Amazonas,Jazan,1991,0.003358
010502,Amazonas,Camporredondo,1991,0.00061
010515,Amazonas,Providencia,1991,0.00268
010102,Amazonas,Asuncion,1991,0.0
010510,Amazonas,Luya Viejo,1991,9.2e-05
100601,Huanuco,Rupa-Rupa,1991,0.014902
010514,Amazonas,Pisuquia,1991,0.001433
060810,Cajamarca,San Felipe,1991,0.004422
010305,Amazonas,Cuispes,1991,6.5e-05
060905,Cajamarca,Namballe,1991,0.002023
010119,Amazonas,San Isidro De Maino,1991,0.0
060801,Cajamarca,Jaen,1991,0.002213
010513,Amazonas,Ocumal,1991,0.001234
220912,San Martin,San Antonio,1991,0.002031
220903,San Martin,Cacatachi,1991,0.030571
120602,Junin,Coviriali,1991,0.000683
120304,Junin,San Luis De Shuaro,1991,0.003911
120601,Junin,Satipo,1991,0.00452
010203,Amazonas,Copallin,1991,0.004191
010112,Amazonas,Magdalena,1991,0.001103
220102,San Martin,Calzada,1991,0.005648
060805,Cajamarca,Huabal,1991,0.0
010610,Amazonas,Santa Rosa,1991,0.0
220503,San Martin,Barranquita,1991,0.005064
220801,San Martin,Rioja,1991,0.004358
220703,San Martin,Caspisapa,1991,0.032098
080904,Cusco,Maranura,1991,0.007707
010117,Amazonas,Quinjalca,1991,0.0
250303,Ucayali,Curimana,1991,0.012484
010308,Amazonas,Recta,1991,0.000983
010115,Amazonas,Montevideo,1991,0.000419
010114,Amazonas,Molinopampa,1991,0.000415
010503,Amazonas,Cocabamba,1991,0.001435
060809,Cajamarca,Sallique,1991,0.006912
010120,Amazonas,Soloco,1991,0.0
010521,Amazonas,Santo Tomas,1991,0.000612
100113,Huanuco,San Pablo De Pillao,1991,0.002007
010602,Amazonas,Chirimoto,1991,0.00048
100603,Huanuco,Hermilio Valdizan,1991,0.001542
010111,Amazonas,Levanto,1991,0.002519
010518,Amazonas,San Jeronimo,1991,0.000911
010609,Amazonas,Omia,1991,7.9e-05
100902,Huanuco,Codo Del Pozuzo,1991,0.007872
010113,Amazonas,Mariscal Castilla,1991,0.001453
220101,San Martin,Moyobamba,1991,0.004446
010310,Amazonas,Shipasbamba,1991,0.002945
100103,Huanuco,Chinchao,1991,0.002273
010311,Amazonas,Valera,1991,0.002633
060907,Cajamarca,Tabaconas,1991,0.001435
160112,Loreto,Belen,1991,0.107818
200307,Piura,Sondor,1991,0.001928
220803,San Martin,Elias Soplin Vargas,1991,0.000903
010506,Amazonas,Inguilpata,1991,0.000263
220506,San Martin,Pinto Recodo,1991,0.003062
120303,Junin,Pichanaqui,1991,0.005154
010202,Amazonas,Aramango,1991,0.004582
010606,Amazonas,Longar,1991,0.0
160101,Loreto,Iquitos,1991,0.03988
010507,Amazonas,Longuita,1991,0.000121
221001,San Martin,Tocache,1991,0.016442
010511,Amazonas,Maria,1991,0.0
080901,Cusco,Santa Ana,1991,0.006858
120302,Junin,Perene,1991,0.004738
050409,Ayacucho,Canayre,1991,0.01198
221002,San Martin,Nuevo Progreso,1991,0.008752
200303,Piura,El Carmen De La Frontera,1991,0.004766
100609,Huanuco,Pueblo Nuevo,1991,0.010064
080903,Cusco,Huayopata,1991,0.003888
010604,Amazonas,Huambo,1991,0.0
100505,Huanuco,Jircan,1991,0.001764
010512,Amazonas,Ocalli,1991,0.0
010101,Amazonas,Chachapoyas,1991,0.001614
060903,Cajamarca,Huarango,1991,0.004028
010116,Amazonas,Olleros,1991,0.00015
010605,Amazonas,Limabamba,1991,0.00046
100804,Huanuco,Umari,1991,0.000566
220504,San Martin,Caynarachi,1991,0.002925
080905,Cusco,Ocobamba,1991,0.005286
010517,Amazonas,San Francisco Del Yeso,1991,0.001476
120609,Junin,Vizcatán Del Ene,1991,0.01368
060807,Cajamarca,Pomahuaca,1991,0.001904
010304,Amazonas,Corosha,1991,0.003936
221005,San Martin,Uchiza,1991,0.007478
220807,San Martin,San Fernando,1991,0.032496
050512,Ayacucho,Union Progreso,1991,0.020712
060804,Cajamarca,Colasay,1991,0.002635
160503,Loreto,Capelo,1991,0.089353
220910,San Martin,Morales,1991,0.017878
120604,Junin,Mazamari,1991,0.00898
120603,Junin,Llaylla,1991,0.001032
010520,Amazonas,Santa Catalina,1991,0.0
010603,Amazonas,Cochamal,1991,0.0
120209,Junin,Mariscal Castilla,1991,0.006181
010601,Amazonas,San Nicolas,1991,0.009239
010519,Amazonas,San Juan De Lopecancha,1991,0.003202
160211,Loreto,Teniente Cesar Lopez Rojas,1991,0.020283
080408,Cusco,Yanatile,1991,0.006457
050408,Ayacucho,Llochegua,1991,0.008208
100507,Huanuco,Monzon,1991,0.00478
081304,Cusco,Machupicchu,1991,0.006497
220909,San Martin,La Banda De Shilcayo,1991,0.002059
220103,San Martin,Habana,1991,0.011681
100606,Huanuco,Mariano Damaso Beraun,1991,0.00473
010508,Amazonas,Lonya Chico,1991,0.00078
170102,Madre De Dios,Inambari,1991,0.023095
050502,Ayacucho,Anco,1991,0.004617
010523,Amazonas,Trita,1991,0.0
010516,Amazonas,San Cristobal,1991,0.000976
080918,Cusco,Union Ashaninka,1991,0.007155
221006,San Martin,Santa Lucia,1991,0.031219
100702,Huanuco,Cholon,1991,0.003079
211205,Puno,Phara,1991,0.004153
170204,Madre De Dios,Huepetuhe,1991,0.011749
010302,Amazonas,Chisquilla,1991,0.001418
050507,Ayacucho,Santa Rosa,1991,0.00852
220804,San Martin,Nueva Cajamarca,1991,0.002433
220809,San Martin,Yuracyacu,1991,0.020064
160603,Loreto,Padre Marquez,1991,0.043948
010522,Amazonas,Tingo,1991,0.003604
080906,Cusco,Quellouno,1991,0.006513
010301,Amazonas,Jumbilla,1991,0.000594
080917,Cusco,Manitea,1991,0.002832
250305,Ucayali,Alexander Von Humboldt,1992,0.000176
220509,San Martin,Shanao,1992,0.017078
250304,Ucayali,Neshuya,1992,0.000334
220501,San Martin,Lamas,1992,0.004257
220902,San Martin,Alberto Leveau,1992,0.01043
250102,Ucayali,Campoverde,1992,0.002837
220702,San Martin,Buenos Aires,1992,0.015004
220502,San Martin,Alonso De Alvarado,1992,0.000984
220404,San Martin,Piscoyacu,1992,0.007249
220708,San Martin,Shamboyacu,1992,0.00047
220204,San Martin,Huallaga,1992,0.002955
220605,San Martin,Pajarillo,1992,0.013166
010703,Amazonas,Cumba,1992,0.006243
220704,San Martin,Pilluana,1992,0.019829
220104,San Martin,Jepelacio,1992,0.00432
220505,San Martin,Cuñumbuqui,1992,0.01063
220507,San Martin,Rumisapa,1992,0.001817
220913,San Martin,Sauce,1992,0.055127
010608,Amazonas,Milpuc,1992,8.3e-05
220405,San Martin,Sacanche,1992,0.009373
220709,San Martin,Tingo De Ponasa,1992,0.000376
220304,San Martin,Santa Rosa,1992,0.002986
100903,Huanuco,Honoria,1992,0.02888
220203,San Martin,Bajo Biavo,1992,0.006796
220710,San Martin,Tres Unidos,1992,0.000194
220510,San Martin,Tabalosos,1992,0.007841
100904,Huanuco,Tournavista,1992,0.015189
010701,Amazonas,Bagua Grande,1992,0.002449
220701,San Martin,Picota,1992,0.038686
220403,San Martin,El Eslabon,1992,0.008295
250105,Ucayali,Yarinacocha,1992,0.065972
220914,San Martin,Shapaja,1992,0.018537
010707,Amazonas,Yamon,1992,0.003674
010705,Amazonas,Jamalca,1992,0.001429
220205,San Martin,San Pablo,1992,0.008003
220705,San Martin,Pucacaca,1992,0.026589
220601,San Martin,Juanjui,1992,0.026292
100905,Huanuco,Yuyapichis,1992,0.012472
100608,Huanuco,Castillo Grande,1992,0.02924
220302,San Martin,Agua Blanca,1992,0.002769
250306,Ucayali,Huipoca,1992,0.007917
010611,Amazonas,Totora,1992,0.000549
010706,Amazonas,Lonya Grande,1992,0.000527
220706,San Martin,San Cristobal,1992,0.046926
010303,Amazonas,Churuja,1992,0.005339
220301,San Martin,San Jose De Sisa,1992,0.007391
010204,Amazonas,El Parco,1992,0.0
010306,Amazonas,Florida,1992,0.020008
220303,San Martin,San Martin,1992,0.003929
220106,San Martin,Yantalo,1992,0.030112
220305,San Martin,Shatoja,1992,0.018134
010104,Amazonas,Cheto,1992,0.0
160201,Loreto,Yurimaguas,1992,0.023969
060901,Cajamarca,San Ignacio,1992,0.002908
220511,San Martin,Zapatero,1992,0.003218
060811,Cajamarca,San Jose Del Alto,1992,0.001148
010206,Amazonas,La Peca,1992,6e-06
220401,San Martin,Saposoa,1992,0.006236
060902,Cajamarca,Chirinos,1992,0.005835
220908,San Martin,Juan Guerra,1992,0.029995
060904,Cajamarca,La Coipa,1992,0.001076
220808,San Martin,Yorongos,1992,0.015495
120607,Junin,Rio Negro,1992,0.003843
060812,Cajamarca,Santa Rosa,1992,0.013636
250106,Ucayali,Nueva Requena,1992,0.025566
220802,San Martin,Awajun,1992,0.007268
250302,Ucayali,Irazola,1992,0.003994
010109,Amazonas,La Jalca,1992,0.001146
220906,San Martin,El Porvenir,1992,0.020934
220707,San Martin,San Hilarion,1992,0.032315
220806,San Martin,Posic,1992,0.025253
220406,San Martin,Tingo De Saposoa,1992,0.058096
100901,Huanuco,Puerto Inca,1992,0.015804
010105,Amazonas,Chiliquin,1992,0.0
220105,San Martin,Soritor,1992,0.006988
220201,San Martin,Bellavista,1992,0.024491
060803,Cajamarca,Chontali,1992,0.002267
100605,Huanuco,Luyando,1992,0.033201
010307,Amazonas,Jazan,1992,0.002888
010502,Amazonas,Camporredondo,1992,0.000597
010515,Amazonas,Providencia,1992,0.002634
010102,Amazonas,Asuncion,1992,0.0
010510,Amazonas,Luya Viejo,1992,9.2e-05
100601,Huanuco,Rupa-Rupa,1992,0.019092
010514,Amazonas,Pisuquia,1992,0.001498
060810,Cajamarca,San Felipe,1992,0.004238
010305,Amazonas,Cuispes,1992,7.4e-05
060905,Cajamarca,Namballe,1992,0.001572
010119,Amazonas,San Isidro De Maino,1992,0.0
060801,Cajamarca,Jaen,1992,0.002165
010513,Amazonas,Ocumal,1992,0.001197
220912,San Martin,San Antonio,1992,0.003166
220903,San Martin,Cacatachi,1992,0.019833
120602,Junin,Coviriali,1992,0.00062
120304,Junin,San Luis De Shuaro,1992,0.003811
120601,Junin,Satipo,1992,0.004396
010203,Amazonas,Copallin,1992,0.004128
010112,Amazonas,Magdalena,1992,0.000939
220102,San Martin,Calzada,1992,0.008349
060805,Cajamarca,Huabal,1992,0.0
010610,Amazonas,Santa Rosa,1992,0.0
220503,San Martin,Barranquita,1992,0.005025
220801,San Martin,Rioja,1992,0.005417
220703,San Martin,Caspisapa,1992,0.025431
080904,Cusco,Maranura,1992,0.007193
010117,Amazonas,Quinjalca,1992,0.0
250303,Ucayali,Curimana,1992,0.013195
010308,Amazonas,Recta,1992,0.000666
010115,Amazonas,Montevideo,1992,0.000354
010114,Amazonas,Molinopampa,1992,0.000423
010503,Amazonas,Cocabamba,1992,0.00148
060809,Cajamarca,Sallique,1992,0.00665
010120,Amazonas,Soloco,1992,5.9e-05
010521,Amazonas,Santo Tomas,1992,0.000563
100113,Huanuco,San Pablo De Pillao,1992,0.002094
010602,Amazonas,Chirimoto,1992,0.000734
100603,Huanuco,Hermilio Valdizan,1992,0.003871
010111,Amazonas,Levanto,1992,0.002269
010518,Amazonas,San Jeronimo,1992,0.000877
010609,Amazonas,Omia,1992,0.000146
100902,Huanuco,Codo Del Pozuzo,1992,0.008285
010113,Amazonas,Mariscal Castilla,1992,0.001183
220101,San Martin,Moyobamba,1992,0.004717
010310,Amazonas,Shipasbamba,1992,0.002775
100103,Huanuco,Chinchao,1992,0.002548
010311,Amazonas,Valera,1992,0.002257
060907,Cajamarca,Tabaconas,1992,0.001233
160112,Loreto,Belen,1992,0.113618
200307,Piura,Sondor,1992,0.001484
220803,San Martin,Elias Soplin Vargas,1992,0.000845
010506,Amazonas,Inguilpata,1992,0.000278
220506,San Martin,Pinto Recodo,1992,0.003356
120303,Junin,Pichanaqui,1992,0.004996
010202,Amazonas,Aramango,1992,0.006333
010606,Amazonas,Longar,1992,2.2e-05
160101,Loreto,Iquitos,1992,0.039561
010507,Amazonas,Longuita,1992,0.000167
221001,San Martin,Tocache,1992,0.019646
010511,Amazonas,Maria,1992,0.0
080901,Cusco,Santa Ana,1992,0.006858
120302,Junin,Perene,1992,0.004699
050409,Ayacucho,Canayre,1992,0.010272
221002,San Martin,Nuevo Progreso,1992,0.010679
200303,Piura,El Carmen De La Frontera,1992,0.00341
100609,Huanuco,Pueblo Nuevo,1992,0.012052
080903,Cusco,Huayopata,1992,0.003494
010604,Amazonas,Huambo,1992,3.4e-05
100505,Huanuco,Jircan,1992,0.001764
010512,Amazonas,Ocalli,1992,0.0
010101,Amazonas,Chachapoyas,1992,0.001254
060903,Cajamarca,Huarango,1992,0.004186
010116,Amazonas,Olleros,1992,0.00015
010605,Amazonas,Limabamba,1992,0.000422
100804,Huanuco,Umari,1992,0.000886
220504,San Martin,Caynarachi,1992,0.003419
080905,Cusco,Ocobamba,1992,0.004684
010517,Amazonas,San Francisco Del Yeso,1992,0.00129
120609,Junin,Vizcatán Del Ene,1992,0.011792
060807,Cajamarca,Pomahuaca,1992,0.001277
010304,Amazonas,Corosha,1992,0.003908
221005,San Martin,Uchiza,1992,0.008542
220807,San Martin,San Fernando,1992,0.03247
050512,Ayacucho,Union Progreso,1992,0.017881
060804,Cajamarca,Colasay,1992,0.002526
160503,Loreto,Capelo,1992,0.080773
220910,San Martin,Morales,1992,0.019175
120604,Junin,Mazamari,1992,0.00895
120603,Junin,Llaylla,1992,0.001233
010520,Amazonas,Santa Catalina,1992,0.0
010603,Amazonas,Cochamal,1992,0.000103
120209,Junin,Mariscal Castilla,1992,0.003924
010601,Amazonas,San Nicolas,1992,0.007256
010519,Amazonas,San Juan De Lopecancha,1992,0.003017
160211,Loreto,Teniente Cesar Lopez Rojas,1992,0.021466
080408,Cusco,Yanatile,1992,0.005711
050408,Ayacucho,Llochegua,1992,0.008164
100507,Huanuco,Monzon,1992,0.006021
081304,Cusco,Machupicchu,1992,0.005626
220909,San Martin,La Banda De Shilcayo,1992,0.009309
220103,San Martin,Habana,1992,0.012314
100606,Huanuco,Mariano Damaso Beraun,1992,0.005697
010508,Amazonas,Lonya Chico,1992,0.000716
170102,Madre De Dios,Inambari,1992,0.024725
050502,Ayacucho,Anco,1992,0.004107
010523,Amazonas,Trita,1992,0.0
010516,Amazonas,San Cristobal,1992,0.000726
080918,Cusco,Union Ashaninka,1992,0.007149
221006,San Martin,Santa Lucia,1992,0.035233
100702,Huanuco,Cholon,1992,0.003294
211205,Puno,Phara,1992,0.003246
170204,Madre De Dios,Huepetuhe,1992,0.015337
010302,Amazonas,Chisquilla,1992,0.001154
050507,Ayacucho,Santa Rosa,1992,0.007859
220804,San Martin,Nueva Cajamarca,1992,0.004249
220809,San Martin,Yuracyacu,1992,0.027918
160603,Loreto,Padre Marquez,1992,0.046673
010522,Amazonas,Tingo,1992,0.003025
080906,Cusco,Quellouno,1992,0.006234
010301,Amazonas,Jumbilla,1992,0.000561
080917,Cusco,Manitea,1992,0.002348
250305,Ucayali,Alexander Von Humboldt,1993,3e-05
220509,San Martin,Shanao,1993,0.017662
250304,Ucayali,Neshuya,1993,0.000346
220501,San Martin,Lamas,1993,0.004154
220902,San Martin,Alberto Leveau,1993,0.011357
250102,Ucayali,Campoverde,1993,0.002847
220702,San Martin,Buenos Aires,1993,0.016987
220502,San Martin,Alonso De Alvarado,1993,0.000627
220404,San Martin,Piscoyacu,1993,0.006489
220708,San Martin,Shamboyacu,1993,0.000233
220204,San Martin,Huallaga,1993,0.003772
220605,San Martin,Pajarillo,1993,0.015548
010703,Amazonas,Cumba,1993,0.007183
220704,San Martin,Pilluana,1993,0.022115
220104,San Martin,Jepelacio,1993,0.004255
220505,San Martin,Cuñumbuqui,1993,0.010411
220507,San Martin,Rumisapa,1993,0.005505
220913,San Martin,Sauce,1993,0.066548
010608,Amazonas,Milpuc,1993,0.0006
220405,San Martin,Sacanche,1993,0.009159
220709,San Martin,Tingo De Ponasa,1993,0.001217
220304,San Martin,Santa Rosa,1993,0.003645
100903,Huanuco,Honoria,1993,0.026388
220203,San Martin,Bajo Biavo,1993,0.007168
220710,San Martin,Tres Unidos,1993,0.000443
220510,San Martin,Tabalosos,1993,0.006974
100904,Huanuco,Tournavista,1993,0.013861
010701,Amazonas,Bagua Grande,1993,0.002816
220701,San Martin,Picota,1993,0.047782
220403,San Martin,El Eslabon,1993,0.008573
250105,Ucayali,Yarinacocha,1993,0.063816
220914,San Martin,Shapaja,1993,0.020475
010707,Amazonas,Yamon,1993,0.003694
010705,Amazonas,Jamalca,1993,0.001523
220205,San Martin,San Pablo,1993,0.01312
220705,San Martin,Pucacaca,1993,0.031007
220601,San Martin,Juanjui,1993,0.031488
100905,Huanuco,Yuyapichis,1993,0.011858
100608,Huanuco,Castillo Grande,1993,0.028791
220302,San Martin,Agua Blanca,1993,0.003251
250306,Ucayali,Huipoca,1993,0.008151
010611,Amazonas,Totora,1993,0.000777
010706,Amazonas,Lonya Grande,1993,0.000537
220706,San Martin,San Cristobal,1993,0.057787
010303,Amazonas,Churuja,1993,0.006904
220301,San Martin,San Jose De Sisa,1993,0.003184
010204,Amazonas,El Parco,1993,0.0
010306,Amazonas,Florida,1993,0.02006
220303,San Martin,San Martin,1993,0.00339
220106,San Martin,Yantalo,1993,0.027646
220305,San Martin,Shatoja,1993,0.005601
010104,Amazonas,Cheto,1993,0.0
160201,Loreto,Yurimaguas,1993,0.032538
060901,Cajamarca,San Ignacio,1993,0.002848
220511,San Martin,Zapatero,1993,0.003605
060811,Cajamarca,San Jose Del Alto,1993,0.001645
010206,Amazonas,La Peca,1993,6e-06
220401,San Martin,Saposoa,1993,0.005832
060902,Cajamarca,Chirinos,1993,0.006696
220908,San Martin,Juan Guerra,1993,0.032736
060904,Cajamarca,La Coipa,1993,0.001195
220808,San Martin,Yorongos,1993,0.014516
120607,Junin,Rio Negro,1993,0.003575
060812,Cajamarca,Santa Rosa,1993,0.013026
250106,Ucayali,Nueva Requena,1993,0.024425
220802,San Martin,Awajun,1993,0.008326
250302,Ucayali,Irazola,1993,0.004586
010109,Amazonas,La Jalca,1993,0.001218
220906,San Martin,El Porvenir,1993,0.020382
220707,San Martin,San Hilarion,1993,0.04388
220806,San Martin,Posic,1993,0.023579
220406,San Martin,Tingo De Saposoa,1993,0.076907
100901,Huanuco,Puerto Inca,1993,0.014957
010105,Amazonas,Chiliquin,1993,0.0
220105,San Martin,Soritor,1993,0.006456
220201,San Martin,Bellavista,1993,0.031574
060803,Cajamarca,Chontali,1993,0.002972
100605,Huanuco,Luyando,1993,0.031656
010307,Amazonas,Jazan,1993,0.003499
010502,Amazonas,Camporredondo,1993,0.000606
010515,Amazonas,Providencia,1993,0.002382
010102,Amazonas,Asuncion,1993,0.0
010510,Amazonas,Luya Viejo,1993,0.000105
100601,Huanuco,Rupa-Rupa,1993,0.018343
010514,Amazonas,Pisuquia,1993,0.001427
060810,Cajamarca,San Felipe,1993,0.00355
010305,Amazonas,Cuispes,1993,0.000157
060905,Cajamarca,Namballe,1993,0.002005
010119,Amazonas,San Isidro De Maino,1993,0.0
060801,Cajamarca,Jaen,1993,0.00233
010513,Amazonas,Ocumal,1993,0.001141
220912,San Martin,San Antonio,1993,0.003371
220903,San Martin,Cacatachi,1993,0.015836
120602,Junin,Coviriali,1993,0.000656
120304,Junin,San Luis De Shuaro,1993,0.002186
120601,Junin,Satipo,1993,0.004128
010203,Amazonas,Copallin,1993,0.005441
010112,Amazonas,Magdalena,1993,0.001346
220102,San Martin,Calzada,1993,0.009224
060805,Cajamarca,Huabal,1993,0.0
010610,Amazonas,Santa Rosa,1993,0.0
220503,San Martin,Barranquita,1993,0.005697
220801,San Martin,Rioja,1993,0.006153
220703,San Martin,Caspisapa,1993,0.031304
080904,Cusco,Maranura,1993,0.008433
010117,Amazonas,Quinjalca,1993,0.0
250303,Ucayali,Curimana,1993,0.014501
010308,Amazonas,Recta,1993,0.001174
010115,Amazonas,Montevideo,1993,0.000404
010114,Amazonas,Molinopampa,1993,0.000418
010503,Amazonas,Cocabamba,1993,0.001451
060809,Cajamarca,Sallique,1993,0.006472
010120,Amazonas,Soloco,1993,5.9e-05
010521,Amazonas,Santo Tomas,1993,0.000573
100113,Huanuco,San Pablo De Pillao,1993,0.001977
010602,Amazonas,Chirimoto,1993,0.000532
100603,Huanuco,Hermilio Valdizan,1993,0.002456
010111,Amazonas,Levanto,1993,0.002507
010518,Amazonas,San Jeronimo,1993,0.00095
010609,Amazonas,Omia,1993,8.7e-05
100902,Huanuco,Codo Del Pozuzo,1993,0.008001
010113,Amazonas,Mariscal Castilla,1993,0.001476
220101,San Martin,Moyobamba,1993,0.004629
010310,Amazonas,Shipasbamba,1993,0.003044
100103,Huanuco,Chinchao,1993,0.002272
010311,Amazonas,Valera,1993,0.002964
060907,Cajamarca,Tabaconas,1993,0.001458
160112,Loreto,Belen,1993,0.122253
200307,Piura,Sondor,1993,0.001656
220803,San Martin,Elias Soplin Vargas,1993,0.001412
010506,Amazonas,Inguilpata,1993,0.000458
220506,San Martin,Pinto Recodo,1993,0.003248
120303,Junin,Pichanaqui,1993,0.004174
010202,Amazonas,Aramango,1993,0.006436
010606,Amazonas,Longar,1993,9.7e-05
160101,Loreto,Iquitos,1993,0.042505
010507,Amazonas,Longuita,1993,0.000182
221001,San Martin,Tocache,1993,0.018241
010511,Amazonas,Maria,1993,0.0
080901,Cusco,Santa Ana,1993,0.006504
120302,Junin,Perene,1993,0.003651
050409,Ayacucho,Canayre,1993,0.010834
221002,San Martin,Nuevo Progreso,1993,0.010196
200303,Piura,El Carmen De La Frontera,1993,0.0044
100609,Huanuco,Pueblo Nuevo,1993,0.011357
080903,Cusco,Huayopata,1993,0.003688
010604,Amazonas,Huambo,1993,3.4e-05
100505,Huanuco,Jircan,1993,0.001934
010512,Amazonas,Ocalli,1993,8.3e-05
010101,Amazonas,Chachapoyas,1993,0.00191
060903,Cajamarca,Huarango,1993,0.004411
010116,Amazonas,Olleros,1993,0.00015
010605,Amazonas,Limabamba,1993,0.000439
100804,Huanuco,Umari,1993,0.000533
220504,San Martin,Caynarachi,1993,0.003621
080905,Cusco,Ocobamba,1993,0.004356
010517,Amazonas,San Francisco Del Yeso,1993,0.001496
120609,Junin,Vizcatán Del Ene,1993,0.01217
060807,Cajamarca,Pomahuaca,1993,0.001479
010304,Amazonas,Corosha,1993,0.003991
221005,San Martin,Uchiza,1993,0.008738
220807,San Martin,San Fernando,1993,0.044001
050512,Ayacucho,Union Progreso,1993,0.021715
060804,Cajamarca,Colasay,1993,0.00288
160503,Loreto,Capelo,1993,0.079929
220910,San Martin,Morales,1993,0.015179
120604,Junin,Mazamari,1993,0.007858
120603,Junin,Llaylla,1993,0.001208
010520,Amazonas,Santa Catalina,1993,0.0
010603,Amazonas,Cochamal,1993,0.0
120209,Junin,Mariscal Castilla,1993,0.003036
010601,Amazonas,San Nicolas,1993,0.01338
010519,Amazonas,San Juan De Lopecancha,1993,0.003058
160211,Loreto,Teniente Cesar Lopez Rojas,1993,0.023852
080408,Cusco,Yanatile,1993,0.006131
050408,Ayacucho,Llochegua,1993,0.006665
100507,Huanuco,Monzon,1993,0.005528
081304,Cusco,Machupicchu,1993,0.005667
220909,San Martin,La Banda De Shilcayo,1993,0.006097
220103,San Martin,Habana,1993,0.015234
100606,Huanuco,Mariano Damaso Beraun,1993,0.005429
010508,Amazonas,Lonya Chico,1993,0.000895
170102,Madre De Dios,Inambari,1993,0.023037
050502,Ayacucho,Anco,1993,0.00401
010523,Amazonas,Trita,1993,0.0
010516,Amazonas,San Cristobal,1993,0.001126
080918,Cusco,Union Ashaninka,1993,0.006612
221006,San Martin,Santa Lucia,1993,0.031866
100702,Huanuco,Cholon,1993,0.00315
211205,Puno,Phara,1993,0.003264
170204,Madre De Dios,Huepetuhe,1993,0.013308
010302,Amazonas,Chisquilla,1993,0.001517
050507,Ayacucho,Santa Rosa,1993,0.007458
220804,San Martin,Nueva Cajamarca,1993,0.010945
220809,San Martin,Yuracyacu,1993,0.044929
160603,Loreto,Padre Marquez,1993,0.045501
010522,Amazonas,Tingo,1993,0.004216
080906,Cusco,Quellouno,1993,0.006123
010301,Amazonas,Jumbilla,1993,0.000538
080917,Cusco,Manitea,1993,0.002202
250305,Ucayali,Alexander Von Humboldt,1994,1.3e-05
220509,San Martin,Shanao,1994,0.016603
250304,Ucayali,Neshuya,1994,4.1e-05
220501,San Martin,Lamas,1994,0.003714
220902,San Martin,Alberto Leveau,1994,0.011648
250102,Ucayali,Campoverde,1994,0.002725
220702,San Martin,Buenos Aires,1994,0.01584
220502,San Martin,Alonso De Alvarado,1994,0.0006
220404,San Martin,Piscoyacu,1994,0.006449
220708,San Martin,Shamboyacu,1994,0.00035
220204,San Martin,Huallaga,1994,0.002889
220605,San Martin,Pajarillo,1994,0.014167
010703,Amazonas,Cumba,1994,0.007659
220704,San Martin,Pilluana,1994,0.019777
220104,San Martin,Jepelacio,1994,0.003831
220505,San Martin,Cuñumbuqui,1994,0.010543
220507,San Martin,Rumisapa,1994,0.002806
220913,San Martin,Sauce,1994,0.054669
010608,Amazonas,Milpuc,1994,0.00091
220405,San Martin,Sacanche,1994,0.009471
220709,San Martin,Tingo De Ponasa,1994,0.000585
220304,San Martin,Santa Rosa,1994,0.002452
100903,Huanuco,Honoria,1994,0.02554
220203,San Martin,Bajo Biavo,1994,0.006627
220710,San Martin,Tres Unidos,1994,0.000213
220510,San Martin,Tabalosos,1994,0.00693
100904,Huanuco,Tournavista,1994,0.013524
010701,Amazonas,Bagua Grande,1994,0.002625
220701,San Martin,Picota,1994,0.041043
220403,San Martin,El Eslabon,1994,0.007547
250105,Ucayali,Yarinacocha,1994,0.062484
220914,San Martin,Shapaja,1994,0.019426
010707,Amazonas,Yamon,1994,0.003753
010705,Amazonas,Jamalca,1994,0.001513
220205,San Martin,San Pablo,1994,0.007595
220705,San Martin,Pucacaca,1994,0.028343
220601,San Martin,Juanjui,1994,0.029593
100905,Huanuco,Yuyapichis,1994,0.012127
100608,Huanuco,Castillo Grande,1994,0.028571
220302,San Martin,Agua Blanca,1994,0.002239
250306,Ucayali,Huipoca,1994,0.007532
010611,Amazonas,Totora,1994,0.001417
010706,Amazonas,Lonya Grande,1994,0.000447
220706,San Martin,San Cristobal,1994,0.055131
010303,Amazonas,Churuja,1994,0.006988
220301,San Martin,San Jose De Sisa,1994,0.002649
010204,Amazonas,El Parco,1994,0.0
010306,Amazonas,Florida,1994,0.019683
220303,San Martin,San Martin,1994,0.002999
220106,San Martin,Yantalo,1994,0.027966
220305,San Martin,Shatoja,1994,0.004712
010104,Amazonas,Cheto,1994,0.0
160201,Loreto,Yurimaguas,1994,0.026503
060901,Cajamarca,San Ignacio,1994,0.002915
220511,San Martin,Zapatero,1994,0.003112
060811,Cajamarca,San Jose Del Alto,1994,0.00179
010206,Amazonas,La Peca,1994,0.0
220401,San Martin,Saposoa,1994,0.00504
060902,Cajamarca,Chirinos,1994,0.007662
220908,San Martin,Juan Guerra,1994,0.031692
060904,Cajamarca,La Coipa,1994,0.001386
220808,San Martin,Yorongos,1994,0.014179
120607,Junin,Rio Negro,1994,0.004409
060812,Cajamarca,Santa Rosa,1994,0.013067
250106,Ucayali,Nueva Requena,1994,0.023862
220802,San Martin,Awajun,1994,0.006683
250302,Ucayali,Irazola,1994,0.003519
010109,Amazonas,La Jalca,1994,0.001411
220906,San Martin,El Porvenir,1994,0.021553
220707,San Martin,San Hilarion,1994,0.026263
220806,San Martin,Posic,1994,0.02434
220406,San Martin,Tingo De Saposoa,1994,0.065413
100901,Huanuco,Puerto Inca,1994,0.014848
010105,Amazonas,Chiliquin,1994,0.0
220105,San Martin,Soritor,1994,0.005792
220201,San Martin,Bellavista,1994,0.02871
060803,Cajamarca,Chontali,1994,0.002924
100605,Huanuco,Luyando,1994,0.031585
010307,Amazonas,Jazan,1994,0.003804
010502,Amazonas,Camporredondo,1994,0.000602
010515,Amazonas,Providencia,1994,0.00271
010102,Amazonas,Asuncion,1994,0.0
010510,Amazonas,Luya Viejo,1994,9.2e-05
100601,Huanuco,Rupa-Rupa,1994,0.019647
010514,Amazonas,Pisuquia,1994,0.001476
060810,Cajamarca,San Felipe,1994,0.004811
010305,Amazonas,Cuispes,1994,0.000157
060905,Cajamarca,Namballe,1994,0.002066
010119,Amazonas,San Isidro De Maino,1994,0.0
060801,Cajamarca,Jaen,1994,0.002669
010513,Amazonas,Ocumal,1994,0.001236
220912,San Martin,San Antonio,1994,0.002599
220903,San Martin,Cacatachi,1994,0.026659
120602,Junin,Coviriali,1994,0.001213
120304,Junin,San Luis De Shuaro,1994,0.004751
120601,Junin,Satipo,1994,0.00563
010203,Amazonas,Copallin,1994,0.005774
010112,Amazonas,Magdalena,1994,0.001424
220102,San Martin,Calzada,1994,0.008204
060805,Cajamarca,Huabal,1994,0.0
010610,Amazonas,Santa Rosa,1994,4.4e-05
220503,San Martin,Barranquita,1994,0.005754
220801,San Martin,Rioja,1994,0.006409
220703,San Martin,Caspisapa,1994,0.025968
080904,Cusco,Maranura,1994,0.007951
010117,Amazonas,Quinjalca,1994,0.0
250303,Ucayali,Curimana,1994,0.013863
010308,Amazonas,Recta,1994,0.000508
010115,Amazonas,Montevideo,1994,0.000404
010114,Amazonas,Molinopampa,1994,0.0004
010503,Amazonas,Cocabamba,1994,0.001558
060809,Cajamarca,Sallique,1994,0.00699
010120,Amazonas,Soloco,1994,5.9e-05
010521,Amazonas,Santo Tomas,1994,0.000642
100113,Huanuco,San Pablo De Pillao,1994,0.00213
010602,Amazonas,Chirimoto,1994,0.000491
100603,Huanuco,Hermilio Valdizan,1994,0.002277
010111,Amazonas,Levanto,1994,0.002768
010518,Amazonas,San Jeronimo,1994,0.001061
010609,Amazonas,Omia,1994,4.3e-05
100902,Huanuco,Codo Del Pozuzo,1994,0.00908
010113,Amazonas,Mariscal Castilla,1994,0.001307
220101,San Martin,Moyobamba,1994,0.004533
010310,Amazonas,Shipasbamba,1994,0.003328
100103,Huanuco,Chinchao,1994,0.002327
010311,Amazonas,Valera,1994,0.002679
060907,Cajamarca,Tabaconas,1994,0.001479
160112,Loreto,Belen,1994,0.128404
200307,Piura,Sondor,1994,0.002058
220803,San Martin,Elias Soplin Vargas,1994,0.000499
010506,Amazonas,Inguilpata,1994,0.00051
220506,San Martin,Pinto Recodo,1994,0.003051
120303,Junin,Pichanaqui,1994,0.004668
010202,Amazonas,Aramango,1994,0.006528
010606,Amazonas,Longar,1994,3.2e-05
160101,Loreto,Iquitos,1994,0.043325
010507,Amazonas,Longuita,1994,0.000136
221001,San Martin,Tocache,1994,0.018426
010511,Amazonas,Maria,1994,0.0
080901,Cusco,Santa Ana,1994,0.007481
120302,Junin,Perene,1994,0.005202
050409,Ayacucho,Canayre,1994,0.016691
221002,San Martin,Nuevo Progreso,1994,0.013046
200303,Piura,El Carmen De La Frontera,1994,0.004911
100609,Huanuco,Pueblo Nuevo,1994,0.012291
080903,Cusco,Huayopata,1994,0.004618
010604,Amazonas,Huambo,1994,4.6e-05
100505,Huanuco,Jircan,1994,0.001886
010512,Amazonas,Ocalli,1994,0.0
010101,Amazonas,Chachapoyas,1994,0.001997
060903,Cajamarca,Huarango,1994,0.004176
010116,Amazonas,Olleros,1994,0.00015
010605,Amazonas,Limabamba,1994,0.000471
100804,Huanuco,Umari,1994,0.000875
220504,San Martin,Caynarachi,1994,0.003559
080905,Cusco,Ocobamba,1994,0.004934
010517,Amazonas,San Francisco Del Yeso,1994,0.001481
120609,Junin,Vizcatán Del Ene,1994,0.01504
060807,Cajamarca,Pomahuaca,1994,0.002147
010304,Amazonas,Corosha,1994,0.003825
221005,San Martin,Uchiza,1994,0.009341
220807,San Martin,San Fernando,1994,0.034181
050512,Ayacucho,Union Progreso,1994,0.023075
060804,Cajamarca,Colasay,1994,0.004081
160503,Loreto,Capelo,1994,0.081626
220910,San Martin,Morales,1994,0.013759
120604,Junin,Mazamari,1994,0.009571
120603,Junin,Llaylla,1994,0.001239
010520,Amazonas,Santa Catalina,1994,0.0
010603,Amazonas,Cochamal,1994,0.000197
120209,Junin,Mariscal Castilla,1994,0.006057
010601,Amazonas,San Nicolas,1994,0.013859
010519,Amazonas,San Juan De Lopecancha,1994,0.003357
160211,Loreto,Teniente Cesar Lopez Rojas,1994,0.021122
080408,Cusco,Yanatile,1994,0.006022
050408,Ayacucho,Llochegua,1994,0.008854
100507,Huanuco,Monzon,1994,0.004953
081304,Cusco,Machupicchu,1994,0.007881
220909,San Martin,La Banda De Shilcayo,1994,0.004445
220103,San Martin,Habana,1994,0.010389
100606,Huanuco,Mariano Damaso Beraun,1994,0.00527
010508,Amazonas,Lonya Chico,1994,0.000947
170102,Madre De Dios,Inambari,1994,0.022863
050502,Ayacucho,Anco,1994,0.004841
010523,Amazonas,Trita,1994,0.0
010516,Amazonas,San Cristobal,1994,0.001101
080918,Cusco,Union Ashaninka,1994,0.00936
221006,San Martin,Santa Lucia,1994,0.037749
100702,Huanuco,Cholon,1994,0.003706
211205,Puno,Phara,1994,0.003183
170204,Madre De Dios,Huepetuhe,1994,0.013215
010302,Amazonas,Chisquilla,1994,0.001451
050507,Ayacucho,Santa Rosa,1994,0.008411
220804,San Martin,Nueva Cajamarca,1994,0.003421
220809,San Martin,Yuracyacu,1994,0.01919
160603,Loreto,Padre Marquez,1994,0.047853
010522,Amazonas,Tingo,1994,0.004248
080906,Cusco,Quellouno,1994,0.006309
010301,Amazonas,Jumbilla,1994,0.000566
080917,Cusco,Manitea,1994,0.003339
250305,Ucayali,Alexander Von Humboldt,1995,0.000215
220509,San Martin,Shanao,1995,0.016421
250304,Ucayali,Neshuya,1995,0.000873
220501,San Martin,Lamas,1995,0.003742
220902,San Martin,Alberto Leveau,1995,0.010791
250102,Ucayali,Campoverde,1995,0.003016
220702,San Martin,Buenos Aires,1995,0.015361
220502,San Martin,Alonso De Alvarado,1995,0.000597
220404,San Martin,Piscoyacu,1995,0.006311
220708,San Martin,Shamboyacu,1995,0.000237
220204,San Martin,Huallaga,1995,0.002581
220605,San Martin,Pajarillo,1995,0.011774
010703,Amazonas,Cumba,1995,0.007806
220704,San Martin,Pilluana,1995,0.018596
220104,San Martin,Jepelacio,1995,0.003806
220505,San Martin,Cuñumbuqui,1995,0.009938
220507,San Martin,Rumisapa,1995,0.002031
220913,San Martin,Sauce,1995,0.054413
010608,Amazonas,Milpuc,1995,0.000455
220405,San Martin,Sacanche,1995,0.008654
220709,San Martin,Tingo De Ponasa,1995,0.00018
220304,San Martin,Santa Rosa,1995,0.002088
100903,Huanuco,Honoria,1995,0.026203
220203,San Martin,Bajo Biavo,1995,0.006857
220710,San Martin,Tres Unidos,1995,0.000196
220510,San Martin,Tabalosos,1995,0.006432
100904,Huanuco,Tournavista,1995,0.013552
010701,Amazonas,Bagua Grande,1995,0.002337
220701,San Martin,Picota,1995,0.039405
220403,San Martin,El Eslabon,1995,0.007305
250105,Ucayali,Yarinacocha,1995,0.060666
220914,San Martin,Shapaja,1995,0.018152
010707,Amazonas,Yamon,1995,0.003963
010705,Amazonas,Jamalca,1995,0.001503
220205,San Martin,San Pablo,1995,0.008431
220705,San Martin,Pucacaca,1995,0.027206
220601,San Martin,Juanjui,1995,0.027275
100905,Huanuco,Yuyapichis,1995,0.011293
100608,Huanuco,Castillo Grande,1995,0.029071
220302,San Martin,Agua Blanca,1995,0.001821
250306,Ucayali,Huipoca,1995,0.008341
010611,Amazonas,Totora,1995,0.001006
010706,Amazonas,Lonya Grande,1995,0.000488
220706,San Martin,San Cristobal,1995,0.049022
010303,Amazonas,Churuja,1995,0.006765
220301,San Martin,San Jose De Sisa,1995,0.002312
010204,Amazonas,El Parco,1995,0.0
010306,Amazonas,Florida,1995,0.019968
220303,San Martin,San Martin,1995,0.002611
220106,San Martin,Yantalo,1995,0.022625
220305,San Martin,Shatoja,1995,0.003968
010104,Amazonas,Cheto,1995,0.0
160201,Loreto,Yurimaguas,1995,0.028576
060901,Cajamarca,San Ignacio,1995,0.003005
220511,San Martin,Zapatero,1995,0.002979
060811,Cajamarca,San Jose Del Alto,1995,0.00194
010206,Amazonas,La Peca,1995,0.0
220401,San Martin,Saposoa,1995,0.004388
060902,Cajamarca,Chirinos,1995,0.006761
220908,San Martin,Juan Guerra,1995,0.02994
060904,Cajamarca,La Coipa,1995,0.001499
220808,San Martin,Yorongos,1995,0.013635
120607,Junin,Rio Negro,1995,0.00449
060812,Cajamarca,Santa Rosa,1995,0.01193
250106,Ucayali,Nueva Requena,1995,0.022493
220802,San Martin,Awajun,1995,0.007045
250302,Ucayali,Irazola,1995,0.004144
010109,Amazonas,La Jalca,1995,0.001368
220906,San Martin,El Porvenir,1995,0.020927
220707,San Martin,San Hilarion,1995,0.028124
220806,San Martin,Posic,1995,0.016982
220406,San Martin,Tingo De Saposoa,1995,0.060497
100901,Huanuco,Puerto Inca,1995,0.01444
010105,Amazonas,Chiliquin,1995,0.0
220105,San Martin,Soritor,1995,0.004971
220201,San Martin,Bellavista,1995,0.030815
060803,Cajamarca,Chontali,1995,0.003324
100605,Huanuco,Luyando,1995,0.031767
010307,Amazonas,Jazan,1995,0.003558
010502,Amazonas,Camporredondo,1995,0.000654
010515,Amazonas,Providencia,1995,0.002771
010102,Amazonas,Asuncion,1995,0.0
010510,Amazonas,Luya Viejo,1995,5.3e-05
100601,Huanuco,Rupa-Rupa,1995,0.020999
010514,Amazonas,Pisuquia,1995,0.001525
060810,Cajamarca,San Felipe,1995,0.004682
010305,Amazonas,Cuispes,1995,6.5e-05
060905,Cajamarca,Namballe,1995,0.002171
010119,Amazonas,San Isidro De Maino,1995,0.0
060801,Cajamarca,Jaen,1995,0.002555
010513,Amazonas,Ocumal,1995,0.001266
220912,San Martin,San Antonio,1995,0.00177
220903,San Martin,Cacatachi,1995,0.019715
120602,Junin,Coviriali,1995,0.001483
120304,Junin,San Luis De Shuaro,1995,0.00439
120601,Junin,Satipo,1995,0.005372
010203,Amazonas,Copallin,1995,0.005414
010112,Amazonas,Magdalena,1995,0.001293
220102,San Martin,Calzada,1995,0.007966
060805,Cajamarca,Huabal,1995,0.0
010610,Amazonas,Santa Rosa,1995,8.8e-05
220503,San Martin,Barranquita,1995,0.006156
220801,San Martin,Rioja,1995,0.004234
220703,San Martin,Caspisapa,1995,0.023645
080904,Cusco,Maranura,1995,0.007103
010117,Amazonas,Quinjalca,1995,0.0
250303,Ucayali,Curimana,1995,0.014383
010308,Amazonas,Recta,1995,0.000856
010115,Amazonas,Montevideo,1995,0.000397
010114,Amazonas,Molinopampa,1995,0.0004
010503,Amazonas,Cocabamba,1995,0.001558
060809,Cajamarca,Sallique,1995,0.007768
010120,Amazonas,Soloco,1995,4.8e-05
010521,Amazonas,Santo Tomas,1995,0.000642
100113,Huanuco,San Pablo De Pillao,1995,0.002395
010602,Amazonas,Chirimoto,1995,0.00063
100603,Huanuco,Hermilio Valdizan,1995,0.002487
010111,Amazonas,Levanto,1995,0.002661
010518,Amazonas,San Jeronimo,1995,0.001053
010609,Amazonas,Omia,1995,0.000111
100902,Huanuco,Codo Del Pozuzo,1995,0.009205
010113,Amazonas,Mariscal Castilla,1995,0.001408
220101,San Martin,Moyobamba,1995,0.004093
010310,Amazonas,Shipasbamba,1995,0.003243
100103,Huanuco,Chinchao,1995,0.002308
010311,Amazonas,Valera,1995,0.002599
060907,Cajamarca,Tabaconas,1995,0.001498
160112,Loreto,Belen,1995,0.119475
200307,Piura,Sondor,1995,0.002626
220803,San Martin,Elias Soplin Vargas,1995,0.000184
010506,Amazonas,Inguilpata,1995,0.00051
220506,San Martin,Pinto Recodo,1995,0.002997
120303,Junin,Pichanaqui,1995,0.004932
010202,Amazonas,Aramango,1995,0.006882
010606,Amazonas,Longar,1995,1.1e-05
160101,Loreto,Iquitos,1995,0.041628
010507,Amazonas,Longuita,1995,0.000227
221001,San Martin,Tocache,1995,0.017653
010511,Amazonas,Maria,1995,0.0
080901,Cusco,Santa Ana,1995,0.006793
120302,Junin,Perene,1995,0.004504
050409,Ayacucho,Canayre,1995,0.01745
221002,San Martin,Nuevo Progreso,1995,0.010977
200303,Piura,El Carmen De La Frontera,1995,0.00482
100609,Huanuco,Pueblo Nuevo,1995,0.012708
080903,Cusco,Huayopata,1995,0.005447
010604,Amazonas,Huambo,1995,3.4e-05
100505,Huanuco,Jircan,1995,0.002211
010512,Amazonas,Ocalli,1995,0.0
010101,Amazonas,Chachapoyas,1995,0.001799
060903,Cajamarca,Huarango,1995,0.003976
010116,Amazonas,Olleros,1995,0.00015
010605,Amazonas,Limabamba,1995,0.000442
100804,Huanuco,Umari,1995,0.000841
220504,San Martin,Caynarachi,1995,0.003968
080905,Cusco,Ocobamba,1995,0.004621
010517,Amazonas,San Francisco Del Yeso,1995,0.001432
120609,Junin,Vizcatán Del Ene,1995,0.015032
060807,Cajamarca,Pomahuaca,1995,0.001814
010304,Amazonas,Corosha,1995,0.003936
221005,San Martin,Uchiza,1995,0.007603
220807,San Martin,San Fernando,1995,0.034593
050512,Ayacucho,Union Progreso,1995,0.024502
060804,Cajamarca,Colasay,1995,0.003787
160503,Loreto,Capelo,1995,0.075808
220910,San Martin,Morales,1995,0.014951
120604,Junin,Mazamari,1995,0.009937
120603,Junin,Llaylla,1995,0.00114
010520,Amazonas,Santa Catalina,1995,0.0
010603,Amazonas,Cochamal,1995,0.0
120209,Junin,Mariscal Castilla,1995,0.008642
010601,Amazonas,San Nicolas,1995,0.010318
010519,Amazonas,San Juan De Lopecancha,1995,0.003377
160211,Loreto,Teniente Cesar Lopez Rojas,1995,0.02065
080408,Cusco,Yanatile,1995,0.005751
050408,Ayacucho,Llochegua,1995,0.009272
100507,Huanuco,Monzon,1995,0.005353
081304,Cusco,Machupicchu,1995,0.007633
220909,San Martin,La Banda De Shilcayo,1995,0.002952
220103,San Martin,Habana,1995,0.011939
100606,Huanuco,Mariano Damaso Beraun,1995,0.005342
010508,Amazonas,Lonya Chico,1995,0.000883
170102,Madre De Dios,Inambari,1995,0.02334
050502,Ayacucho,Anco,1995,0.004775
010523,Amazonas,Trita,1995,0.0
010516,Amazonas,San Cristobal,1995,0.001051
080918,Cusco,Union Ashaninka,1995,0.009101
221006,San Martin,Santa Lucia,1995,0.034705
100702,Huanuco,Cholon,1995,0.002997
211205,Puno,Phara,1995,0.002868
170204,Madre De Dios,Huepetuhe,1995,0.013192
010302,Amazonas,Chisquilla,1995,0.001495
050507,Ayacucho,Santa Rosa,1995,0.009345
220804,San Martin,Nueva Cajamarca,1995,0.006869
220809,San Martin,Yuracyacu,1995,0.035772
160603,Loreto,Padre Marquez,1995,0.0524
010522,Amazonas,Tingo,1995,0.00393
080906,Cusco,Quellouno,1995,0.006221
010301,Amazonas,Jumbilla,1995,0.000555
080917,Cusco,Manitea,1995,0.003541
250305,Ucayali,Alexander Von Humboldt,1996,1.3e-05
220509,San Martin,Shanao,1996,0.017041
250304,Ucayali,Neshuya,1996,0.000146
220501,San Martin,Lamas,1996,0.003652
220902,San Martin,Alberto Leveau,1996,0.011494
250102,Ucayali,Campoverde,1996,0.002618
220702,San Martin,Buenos Aires,1996,0.01576
220502,San Martin,Alonso De Alvarado,1996,0.000612
220404,San Martin,Piscoyacu,1996,0.007027
220708,San Martin,Shamboyacu,1996,0.0004
220204,San Martin,Huallaga,1996,0.002478
220605,San Martin,Pajarillo,1996,0.011477
010703,Amazonas,Cumba,1996,0.00718
220704,San Martin,Pilluana,1996,0.019907
220104,San Martin,Jepelacio,1996,0.003465
220505,San Martin,Cuñumbuqui,1996,0.010011
220507,San Martin,Rumisapa,1996,0.001497
220913,San Martin,Sauce,1996,0.054519
010608,Amazonas,Milpuc,1996,0.000228
220405,San Martin,Sacanche,1996,0.00889
220709,San Martin,Tingo De Ponasa,1996,0.000225
220304,San Martin,Santa Rosa,1996,0.002673
100903,Huanuco,Honoria,1996,0.027594
220203,San Martin,Bajo Biavo,1996,0.006929
220710,San Martin,Tres Unidos,1996,0.000268
220510,San Martin,Tabalosos,1996,0.006706
100904,Huanuco,Tournavista,1996,0.014425
010701,Amazonas,Bagua Grande,1996,0.002216
220701,San Martin,Picota,1996,0.040708
220403,San Martin,El Eslabon,1996,0.007391
250105,Ucayali,Yarinacocha,1996,0.067588
220914,San Martin,Shapaja,1996,0.018895
010707,Amazonas,Yamon,1996,0.003766
010705,Amazonas,Jamalca,1996,0.001497
220205,San Martin,San Pablo,1996,0.011095
220705,San Martin,Pucacaca,1996,0.027936
220601,San Martin,Juanjui,1996,0.026665
100905,Huanuco,Yuyapichis,1996,0.011919
100608,Huanuco,Castillo Grande,1996,0.025246
220302,San Martin,Agua Blanca,1996,0.001646
250306,Ucayali,Huipoca,1996,0.007146
010611,Amazonas,Totora,1996,0.001097
010706,Amazonas,Lonya Grande,1996,0.000466
220706,San Martin,San Cristobal,1996,0.046631
010303,Amazonas,Churuja,1996,0.006122
220301,San Martin,San Jose De Sisa,1996,0.002445
010204,Amazonas,El Parco,1996,0.0
010306,Amazonas,Florida,1996,0.019775
220303,San Martin,San Martin,1996,0.002336
220106,San Martin,Yantalo,1996,0.024478
220305,San Martin,Shatoja,1996,0.003724
010104,Amazonas,Cheto,1996,0.0
160201,Loreto,Yurimaguas,1996,0.027733
060901,Cajamarca,San Ignacio,1996,0.004273
220511,San Martin,Zapatero,1996,0.00304
060811,Cajamarca,San Jose Del Alto,1996,0.002166
010206,Amazonas,La Peca,1996,6e-06
220401,San Martin,Saposoa,1996,0.004831
060902,Cajamarca,Chirinos,1996,0.006721
220908,San Martin,Juan Guerra,1996,0.030559
060904,Cajamarca,La Coipa,1996,0.001606
220808,San Martin,Yorongos,1996,0.014864
120607,Junin,Rio Negro,1996,0.004558
060812,Cajamarca,Santa Rosa,1996,0.010788
250106,Ucayali,Nueva Requena,1996,0.024163
220802,San Martin,Awajun,1996,0.006418
250302,Ucayali,Irazola,1996,0.003672
010109,Amazonas,La Jalca,1996,0.001462
220906,San Martin,El Porvenir,1996,0.019623
220707,San Martin,San Hilarion,1996,0.030616
220806,San Martin,Posic,1996,0.020737
220406,San Martin,Tingo De Saposoa,1996,0.060856
100901,Huanuco,Puerto Inca,1996,0.015022
010105,Amazonas,Chiliquin,1996,0.0
220105,San Martin,Soritor,1996,0.005382
220201,San Martin,Bellavista,1996,0.02933
060803,Cajamarca,Chontali,1996,0.003709
100605,Huanuco,Luyando,1996,0.026556
010307,Amazonas,Jazan,1996,0.004039
010502,Amazonas,Camporredondo,1996,0.000634
010515,Amazonas,Providencia,1996,0.002855
010102,Amazonas,Asuncion,1996,0.0
010510,Amazonas,Luya Viejo,1996,5.3e-05
100601,Huanuco,Rupa-Rupa,1996,0.016247
010514,Amazonas,Pisuquia,1996,0.001485
060810,Cajamarca,San Felipe,1996,0.004026
010305,Amazonas,Cuispes,1996,0.000498
060905,Cajamarca,Namballe,1996,0.002196
010119,Amazonas,San Isidro De Maino,1996,0.0
060801,Cajamarca,Jaen,1996,0.002192
010513,Amazonas,Ocumal,1996,0.001263
220912,San Martin,San Antonio,1996,0.001952
220903,San Martin,Cacatachi,1996,0.009163
120602,Junin,Coviriali,1996,0.001842
120304,Junin,San Luis De Shuaro,1996,0.004518
120601,Junin,Satipo,1996,0.005737
010203,Amazonas,Copallin,1996,0.005971
010112,Amazonas,Magdalena,1996,0.001254
220102,San Martin,Calzada,1996,0.006254
060805,Cajamarca,Huabal,1996,0.0
010610,Amazonas,Santa Rosa,1996,4.4e-05
220503,San Martin,Barranquita,1996,0.005838
220801,San Martin,Rioja,1996,0.005251
220703,San Martin,Caspisapa,1996,0.023796
080904,Cusco,Maranura,1996,0.008109
010117,Amazonas,Quinjalca,1996,0.0
250303,Ucayali,Curimana,1996,0.012345
010308,Amazonas,Recta,1996,0.001269
010115,Amazonas,Montevideo,1996,0.000412
010114,Amazonas,Molinopampa,1996,0.000376
010503,Amazonas,Cocabamba,1996,0.001438
060809,Cajamarca,Sallique,1996,0.007459
010120,Amazonas,Soloco,1996,0.0
010521,Amazonas,Santo Tomas,1996,0.000672
100113,Huanuco,San Pablo De Pillao,1996,0.00197
010602,Amazonas,Chirimoto,1996,0.000497
100603,Huanuco,Hermilio Valdizan,1996,0.001705
010111,Amazonas,Levanto,1996,0.002673
010518,Amazonas,San Jeronimo,1996,0.001048
010609,Amazonas,Omia,1996,0.000126
100902,Huanuco,Codo Del Pozuzo,1996,0.006903
010113,Amazonas,Mariscal Castilla,1996,0.001532
220101,San Martin,Moyobamba,1996,0.004227
010310,Amazonas,Shipasbamba,1996,0.003626
100103,Huanuco,Chinchao,1996,0.002141
010311,Amazonas,Valera,1996,0.002382
060907,Cajamarca,Tabaconas,1996,0.001561
160112,Loreto,Belen,1996,0.114432
200307,Piura,Sondor,1996,0.00232
220803,San Martin,Elias Soplin Vargas,1996,0.000158
010506,Amazonas,Inguilpata,1996,0.00045
220506,San Martin,Pinto Recodo,1996,0.003057
120303,Junin,Pichanaqui,1996,0.005097
010202,Amazonas,Aramango,1996,0.006586
010606,Amazonas,Longar,1996,4.3e-05
160101,Loreto,Iquitos,1996,0.040614
010507,Amazonas,Longuita,1996,0.000288
221001,San Martin,Tocache,1996,0.016852
010511,Amazonas,Maria,1996,0.0
080901,Cusco,Santa Ana,1996,0.005933
120302,Junin,Perene,1996,0.004477
050409,Ayacucho,Canayre,1996,0.013785
221002,San Martin,Nuevo Progreso,1996,0.010152
200303,Piura,El Carmen De La Frontera,1996,0.00437
100609,Huanuco,Pueblo Nuevo,1996,0.010397
080903,Cusco,Huayopata,1996,0.00562
010604,Amazonas,Huambo,1996,3.4e-05
100505,Huanuco,Jircan,1996,0.001771
010512,Amazonas,Ocalli,1996,1e-05
010101,Amazonas,Chachapoyas,1996,0.001498
060903,Cajamarca,Huarango,1996,0.004062
010116,Amazonas,Olleros,1996,0.00015
010605,Amazonas,Limabamba,1996,0.000465
100804,Huanuco,Umari,1996,0.000667
220504,San Martin,Caynarachi,1996,0.004174
080905,Cusco,Ocobamba,1996,0.004675
010517,Amazonas,San Francisco Del Yeso,1996,0.001588
120609,Junin,Vizcatán Del Ene,1996,0.013153
060807,Cajamarca,Pomahuaca,1996,0.00218
010304,Amazonas,Corosha,1996,0.003922
221005,San Martin,Uchiza,1996,0.007859
220807,San Martin,San Fernando,1996,0.028326
050512,Ayacucho,Union Progreso,1996,0.021113
060804,Cajamarca,Colasay,1996,0.003521
160503,Loreto,Capelo,1996,0.075091
220910,San Martin,Morales,1996,0.011884
120604,Junin,Mazamari,1996,0.009947
120603,Junin,Llaylla,1996,0.001574
010520,Amazonas,Santa Catalina,1996,0.0
010603,Amazonas,Cochamal,1996,3.4e-05
120209,Junin,Mariscal Castilla,1996,0.008548
010601,Amazonas,San Nicolas,1996,0.012015
010519,Amazonas,San Juan De Lopecancha,1996,0.00347
160211,Loreto,Teniente Cesar Lopez Rojas,1996,0.02007
080408,Cusco,Yanatile,1996,0.006457
050408,Ayacucho,Llochegua,1996,0.00867
100507,Huanuco,Monzon,1996,0.004538
081304,Cusco,Machupicchu,1996,0.007587
220909,San Martin,La Banda De Shilcayo,1996,0.002725
220103,San Martin,Habana,1996,0.011358
100606,Huanuco,Mariano Damaso Beraun,1996,0.004863
010508,Amazonas,Lonya Chico,1996,0.001087
170102,Madre De Dios,Inambari,1996,0.023398
050502,Ayacucho,Anco,1996,0.004535
010523,Amazonas,Trita,1996,0.0
010516,Amazonas,San Cristobal,1996,0.001026
080918,Cusco,Union Ashaninka,1996,0.008393
221006,San Martin,Santa Lucia,1996,0.031572
100702,Huanuco,Cholon,1996,0.002859
211205,Puno,Phara,1996,0.003071
170204,Madre De Dios,Huepetuhe,1996,0.0115
010302,Amazonas,Chisquilla,1996,0.001605
050507,Ayacucho,Santa Rosa,1996,0.008379
220804,San Martin,Nueva Cajamarca,1996,0.002732
220809,San Martin,Yuracyacu,1996,0.028563
160603,Loreto,Padre Marquez,1996,0.050958
010522,Amazonas,Tingo,1996,0.0038
080906,Cusco,Quellouno,1996,0.00621
010301,Amazonas,Jumbilla,1996,0.000527
080917,Cusco,Manitea,1996,0.00296
250305,Ucayali,Alexander Von Humboldt,1997,0.000207
220509,San Martin,Shanao,1997,0.017406
250304,Ucayali,Neshuya,1997,6.5e-05
220501,San Martin,Lamas,1997,0.004105
220902,San Martin,Alberto Leveau,1997,0.011528
250102,Ucayali,Campoverde,1997,0.002654
220702,San Martin,Buenos Aires,1997,0.015387
220502,San Martin,Alonso De Alvarado,1997,0.00081
220404,San Martin,Piscoyacu,1997,0.006197
220708,San Martin,Shamboyacu,1997,0.000129
220204,San Martin,Huallaga,1997,0.002336
220605,San Martin,Pajarillo,1997,0.011665
010703,Amazonas,Cumba,1997,0.006905
220704,San Martin,Pilluana,1997,0.02066
220104,San Martin,Jepelacio,1997,0.003776
220505,San Martin,Cuñumbuqui,1997,0.010787
220507,San Martin,Rumisapa,1997,0.006173
220913,San Martin,Sauce,1997,0.05473
010608,Amazonas,Milpuc,1997,0.000269
220405,San Martin,Sacanche,1997,0.008379
220709,San Martin,Tingo De Ponasa,1997,0.000114
220304,San Martin,Santa Rosa,1997,0.002908
100903,Huanuco,Honoria,1997,0.025464
220203,San Martin,Bajo Biavo,1997,0.00688
220710,San Martin,Tres Unidos,1997,0.00022
220510,San Martin,Tabalosos,1997,0.007413
100904,Huanuco,Tournavista,1997,0.01324
010701,Amazonas,Bagua Grande,1997,0.002662
220701,San Martin,Picota,1997,0.040398
220403,San Martin,El Eslabon,1997,0.00717
250105,Ucayali,Yarinacocha,1997,0.059575
220914,San Martin,Shapaja,1997,0.01993
010707,Amazonas,Yamon,1997,0.003838
010705,Amazonas,Jamalca,1997,0.00168
220205,San Martin,San Pablo,1997,0.005332
220705,San Martin,Pucacaca,1997,0.026851
220601,San Martin,Juanjui,1997,0.026831
100905,Huanuco,Yuyapichis,1997,0.011361
100608,Huanuco,Castillo Grande,1997,0.02424
220302,San Martin,Agua Blanca,1997,0.002047
250306,Ucayali,Huipoca,1997,0.00744
010611,Amazonas,Totora,1997,0.001097
010706,Amazonas,Lonya Grande,1997,0.000486
220706,San Martin,San Cristobal,1997,0.060414
010303,Amazonas,Churuja,1997,0.006681
220301,San Martin,San Jose De Sisa,1997,0.002413
010204,Amazonas,El Parco,1997,0.0
010306,Amazonas,Florida,1997,0.020132
220303,San Martin,San Martin,1997,0.002087
220106,San Martin,Yantalo,1997,0.03038
220305,San Martin,Shatoja,1997,0.003366
010104,Amazonas,Cheto,1997,0.0
160201,Loreto,Yurimaguas,1997,0.030773
060901,Cajamarca,San Ignacio,1997,0.003866
220511,San Martin,Zapatero,1997,0.003193
060811,Cajamarca,San Jose Del Alto,1997,0.001622
010206,Amazonas,La Peca,1997,6e-06
220401,San Martin,Saposoa,1997,0.004445
060902,Cajamarca,Chirinos,1997,0.007139
220908,San Martin,Juan Guerra,1997,0.031474
060904,Cajamarca,La Coipa,1997,0.001336
220808,San Martin,Yorongos,1997,0.018213
120607,Junin,Rio Negro,1997,0.00384
060812,Cajamarca,Santa Rosa,1997,0.011627
250106,Ucayali,Nueva Requena,1997,0.022537
220802,San Martin,Awajun,1997,0.008551
250302,Ucayali,Irazola,1997,0.004363
010109,Amazonas,La Jalca,1997,0.001125
220906,San Martin,El Porvenir,1997,0.02013
220707,San Martin,San Hilarion,1997,0.030446
220806,San Martin,Posic,1997,0.026826
220406,San Martin,Tingo De Saposoa,1997,0.060989
100901,Huanuco,Puerto Inca,1997,0.014256
010105,Amazonas,Chiliquin,1997,0.0
220105,San Martin,Soritor,1997,0.005478
220201,San Martin,Bellavista,1997,0.040022
060803,Cajamarca,Chontali,1997,0.003274
100605,Huanuco,Luyando,1997,0.022762
010307,Amazonas,Jazan,1997,0.00344
010502,Amazonas,Camporredondo,1997,0.000638
010515,Amazonas,Providencia,1997,0.002871
010102,Amazonas,Asuncion,1997,0.0
010510,Amazonas,Luya Viejo,1997,5.3e-05
100601,Huanuco,Rupa-Rupa,1997,0.01748
010514,Amazonas,Pisuquia,1997,0.001507
060810,Cajamarca,San Felipe,1997,0.004606
010305,Amazonas,Cuispes,1997,0.000498
060905,Cajamarca,Namballe,1997,0.00206
010119,Amazonas,San Isidro De Maino,1997,0.0
060801,Cajamarca,Jaen,1997,0.002282
010513,Amazonas,Ocumal,1997,0.001266
220912,San Martin,San Antonio,1997,0.002134
220903,San Martin,Cacatachi,1997,0.021239
120602,Junin,Coviriali,1997,0.001105
120304,Junin,San Luis De Shuaro,1997,0.003217
120601,Junin,Satipo,1997,0.004977
010203,Amazonas,Copallin,1997,0.005873
010112,Amazonas,Magdalena,1997,0.001063
220102,San Martin,Calzada,1997,0.034595
060805,Cajamarca,Huabal,1997,0.0
010610,Amazonas,Santa Rosa,1997,0.0
220503,San Martin,Barranquita,1997,0.005027
220801,San Martin,Rioja,1997,0.006507
220703,San Martin,Caspisapa,1997,0.034691
080904,Cusco,Maranura,1997,0.009783
010117,Amazonas,Quinjalca,1997,0.0
250303,Ucayali,Curimana,1997,0.01347
010308,Amazonas,Recta,1997,0.000761
010115,Amazonas,Montevideo,1997,0.000376
010114,Amazonas,Molinopampa,1997,0.000392
010503,Amazonas,Cocabamba,1997,0.001503
060809,Cajamarca,Sallique,1997,0.006912
010120,Amazonas,Soloco,1997,0.0
010521,Amazonas,Santo Tomas,1997,0.000523
100113,Huanuco,San Pablo De Pillao,1997,0.002008
010602,Amazonas,Chirimoto,1997,0.000462
100603,Huanuco,Hermilio Valdizan,1997,0.002048
010111,Amazonas,Levanto,1997,0.002341
010518,Amazonas,San Jeronimo,1997,0.000899
010609,Amazonas,Omia,1997,8e-06
100902,Huanuco,Codo Del Pozuzo,1997,0.006636
010113,Amazonas,Mariscal Castilla,1997,0.001284
220101,San Martin,Moyobamba,1997,0.004839
010310,Amazonas,Shipasbamba,1997,0.003456
100103,Huanuco,Chinchao,1997,0.002269
010311,Amazonas,Valera,1997,0.002724
060907,Cajamarca,Tabaconas,1997,0.001403
160112,Loreto,Belen,1997,0.114423
200307,Piura,Sondor,1997,0.002263
220803,San Martin,Elias Soplin Vargas,1997,0.002872
010506,Amazonas,Inguilpata,1997,0.00045
220506,San Martin,Pinto Recodo,1997,0.003254
120303,Junin,Pichanaqui,1997,0.004418
010202,Amazonas,Aramango,1997,0.005844
010606,Amazonas,Longar,1997,2.2e-05
160101,Loreto,Iquitos,1997,0.035589
010507,Amazonas,Longuita,1997,0.000288
221001,San Martin,Tocache,1997,0.017563
010511,Amazonas,Maria,1997,0.0
080901,Cusco,Santa Ana,1997,0.006635
120302,Junin,Perene,1997,0.004075
050409,Ayacucho,Canayre,1997,0.01461
221002,San Martin,Nuevo Progreso,1997,0.010186
200303,Piura,El Carmen De La Frontera,1997,0.004252
100609,Huanuco,Pueblo Nuevo,1997,0.011023
080903,Cusco,Huayopata,1997,0.005779
010604,Amazonas,Huambo,1997,0.0
100505,Huanuco,Jircan,1997,0.001805
010512,Amazonas,Ocalli,1997,1e-05
010101,Amazonas,Chachapoyas,1997,0.001637
060903,Cajamarca,Huarango,1997,0.004018
010116,Amazonas,Olleros,1997,0.00015
010605,Amazonas,Limabamba,1997,0.000379
100804,Huanuco,Umari,1997,0.000791
220504,San Martin,Caynarachi,1997,0.004035
080905,Cusco,Ocobamba,1997,0.004431
010517,Amazonas,San Francisco Del Yeso,1997,0.00154
120609,Junin,Vizcatán Del Ene,1997,0.013324
060807,Cajamarca,Pomahuaca,1997,0.001858
010304,Amazonas,Corosha,1997,0.003936
221005,San Martin,Uchiza,1997,0.007696
220807,San Martin,San Fernando,1997,0.042096
050512,Ayacucho,Union Progreso,1997,0.020779
060804,Cajamarca,Colasay,1997,0.002326
160503,Loreto,Capelo,1997,0.080315
220910,San Martin,Morales,1997,0.023593
120604,Junin,Mazamari,1997,0.009029
120603,Junin,Llaylla,1997,0.001225
010520,Amazonas,Santa Catalina,1997,0.0
010603,Amazonas,Cochamal,1997,0.0
120209,Junin,Mariscal Castilla,1997,0.005901
010601,Amazonas,San Nicolas,1997,0.007934
010519,Amazonas,San Juan De Lopecancha,1997,0.002862
160211,Loreto,Teniente Cesar Lopez Rojas,1997,0.021213
080408,Cusco,Yanatile,1997,0.007173
050408,Ayacucho,Llochegua,1997,0.009389
100507,Huanuco,Monzon,1997,0.00477
081304,Cusco,Machupicchu,1997,0.008327
220909,San Martin,La Banda De Shilcayo,1997,0.003608
220103,San Martin,Habana,1997,0.065756
100606,Huanuco,Mariano Damaso Beraun,1997,0.00504
010508,Amazonas,Lonya Chico,1997,0.001074
170102,Madre De Dios,Inambari,1997,0.024709
050502,Ayacucho,Anco,1997,0.00444
010523,Amazonas,Trita,1997,0.0
010516,Amazonas,San Cristobal,1997,0.001126
080918,Cusco,Union Ashaninka,1997,0.010703
221006,San Martin,Santa Lucia,1997,0.032608
100702,Huanuco,Cholon,1997,0.002931
211205,Puno,Phara,1997,0.003338
170204,Madre De Dios,Huepetuhe,1997,0.012675
010302,Amazonas,Chisquilla,1997,0.001253
050507,Ayacucho,Santa Rosa,1997,0.008379
220804,San Martin,Nueva Cajamarca,1997,0.007369
220809,San Martin,Yuracyacu,1997,0.070769
160603,Loreto,Padre Marquez,1997,0.044376
010522,Amazonas,Tingo,1997,0.00371
080906,Cusco,Quellouno,1997,0.006151
010301,Amazonas,Jumbilla,1997,0.000589
080917,Cusco,Manitea,1997,0.002942
250305,Ucayali,Alexander Von Humboldt,1998,0.000116
220509,San Martin,Shanao,1998,0.016311
250304,Ucayali,Neshuya,1998,7.8e-05
220501,San Martin,Lamas,1998,0.00381
220902,San Martin,Alberto Leveau,1998,0.010533
250102,Ucayali,Campoverde,1998,0.002648
220702,San Martin,Buenos Aires,1998,0.014648
220502,San Martin,Alonso De Alvarado,1998,0.000795
220404,San Martin,Piscoyacu,1998,0.006528
220708,San Martin,Shamboyacu,1998,0.000131
220204,San Martin,Huallaga,1998,0.002176
220605,San Martin,Pajarillo,1998,0.011509
010703,Amazonas,Cumba,1998,0.006272
220704,San Martin,Pilluana,1998,0.020453
220104,San Martin,Jepelacio,1998,0.003624
220505,San Martin,Cuñumbuqui,1998,0.010362
220507,San Martin,Rumisapa,1998,0.002833
220913,San Martin,Sauce,1998,0.054836
010608,Amazonas,Milpuc,1998,0.000496
220405,San Martin,Sacanche,1998,0.008582
220709,San Martin,Tingo De Ponasa,1998,0.000122
220304,San Martin,Santa Rosa,1998,0.002423
100903,Huanuco,Honoria,1998,0.02551
220203,San Martin,Bajo Biavo,1998,0.007318
220710,San Martin,Tres Unidos,1998,0.000244
220510,San Martin,Tabalosos,1998,0.007008
100904,Huanuco,Tournavista,1998,0.013094
010701,Amazonas,Bagua Grande,1998,0.002231
220701,San Martin,Picota,1998,0.042558
220403,San Martin,El Eslabon,1998,0.007134
250105,Ucayali,Yarinacocha,1998,0.058306
220914,San Martin,Shapaja,1998,0.017827
010707,Amazonas,Yamon,1998,0.003589
010705,Amazonas,Jamalca,1998,0.001459
220205,San Martin,San Pablo,1998,0.00764
220705,San Martin,Pucacaca,1998,0.027096
220601,San Martin,Juanjui,1998,0.025866
100905,Huanuco,Yuyapichis,1998,0.011582
100608,Huanuco,Castillo Grande,1998,0.029612
220302,San Martin,Agua Blanca,1998,0.002583
250306,Ucayali,Huipoca,1998,0.007642
010611,Amazonas,Totora,1998,0.003429
010706,Amazonas,Lonya Grande,1998,0.000391
220706,San Martin,San Cristobal,1998,0.049759
010303,Amazonas,Churuja,1998,0.007827
220301,San Martin,San Jose De Sisa,1998,0.002951
010204,Amazonas,El Parco,1998,0.0
010306,Amazonas,Florida,1998,0.02008
220303,San Martin,San Martin,1998,0.002412
220106,San Martin,Yantalo,1998,0.026164
220305,San Martin,Shatoja,1998,0.00477
010104,Amazonas,Cheto,1998,0.0
160201,Loreto,Yurimaguas,1998,0.025678
060901,Cajamarca,San Ignacio,1998,0.004076
220511,San Martin,Zapatero,1998,0.002969
060811,Cajamarca,San Jose Del Alto,1998,0.002021
010206,Amazonas,La Peca,1998,0.0
220401,San Martin,Saposoa,1998,0.004509
060902,Cajamarca,Chirinos,1998,0.006653
220908,San Martin,Juan Guerra,1998,0.030305
060904,Cajamarca,La Coipa,1998,0.001446
220808,San Martin,Yorongos,1998,0.018561
120607,Junin,Rio Negro,1998,0.004104
060812,Cajamarca,Santa Rosa,1998,0.009955
250106,Ucayali,Nueva Requena,1998,0.022538
220802,San Martin,Awajun,1998,0.009668
250302,Ucayali,Irazola,1998,0.00445
010109,Amazonas,La Jalca,1998,0.001225
220906,San Martin,El Porvenir,1998,0.019121
220707,San Martin,San Hilarion,1998,0.040884
220806,San Martin,Posic,1998,0.026387
220406,San Martin,Tingo De Saposoa,1998,0.060497
100901,Huanuco,Puerto Inca,1998,0.01413
010105,Amazonas,Chiliquin,1998,0.0
220105,San Martin,Soritor,1998,0.005411
220201,San Martin,Bellavista,1998,0.031687
060803,Cajamarca,Chontali,1998,0.003413
100605,Huanuco,Luyando,1998,0.033343
010307,Amazonas,Jazan,1998,0.003757
010502,Amazonas,Camporredondo,1998,0.000719
010515,Amazonas,Providencia,1998,0.002382
010102,Amazonas,Asuncion,1998,0.0
010510,Amazonas,Luya Viejo,1998,5.3e-05
100601,Huanuco,Rupa-Rupa,1998,0.019881
010514,Amazonas,Pisuquia,1998,0.001262
060810,Cajamarca,San Felipe,1998,0.002723
010305,Amazonas,Cuispes,1998,5.5e-05
060905,Cajamarca,Namballe,1998,0.00199
010119,Amazonas,San Isidro De Maino,1998,0.0
060801,Cajamarca,Jaen,1998,0.001957
010513,Amazonas,Ocumal,1998,0.001046
220912,San Martin,San Antonio,1998,0.001385
220903,San Martin,Cacatachi,1998,0.018495
120602,Junin,Coviriali,1998,0.00168
120304,Junin,San Luis De Shuaro,1998,0.002501
120601,Junin,Satipo,1998,0.005419
010203,Amazonas,Copallin,1998,0.005216
010112,Amazonas,Magdalena,1998,0.001175
220102,San Martin,Calzada,1998,0.021633
060805,Cajamarca,Huabal,1998,0.0
010610,Amazonas,Santa Rosa,1998,0.0
220503,San Martin,Barranquita,1998,0.005142
220801,San Martin,Rioja,1998,0.005911
220703,San Martin,Caspisapa,1998,0.032635
080904,Cusco,Maranura,1998,0.010106
010117,Amazonas,Quinjalca,1998,0.0
250303,Ucayali,Curimana,1998,0.013072
010308,Amazonas,Recta,1998,0.000825
010115,Amazonas,Montevideo,1998,0.000383
010114,Amazonas,Molinopampa,1998,0.000413
010503,Amazonas,Cocabamba,1998,0.001047
060809,Cajamarca,Sallique,1998,0.005665
010120,Amazonas,Soloco,1998,0.0
010521,Amazonas,Santo Tomas,1998,0.000612
100113,Huanuco,San Pablo De Pillao,1998,0.002078
010602,Amazonas,Chirimoto,1998,0.000503
100603,Huanuco,Hermilio Valdizan,1998,0.002997
010111,Amazonas,Levanto,1998,0.002305
010518,Amazonas,San Jeronimo,1998,0.000946
010609,Amazonas,Omia,1998,0.000158
100902,Huanuco,Codo Del Pozuzo,1998,0.010534
010113,Amazonas,Mariscal Castilla,1998,0.001239
220101,San Martin,Moyobamba,1998,0.005025
010310,Amazonas,Shipasbamba,1998,0.0033
100103,Huanuco,Chinchao,1998,0.0023
010311,Amazonas,Valera,1998,0.002907
060907,Cajamarca,Tabaconas,1998,0.001632
160112,Loreto,Belen,1998,0.112627
200307,Piura,Sondor,1998,0.001438
220803,San Martin,Elias Soplin Vargas,1998,0.001418
010506,Amazonas,Inguilpata,1998,0.000803
220506,San Martin,Pinto Recodo,1998,0.005386
120303,Junin,Pichanaqui,1998,0.004831
010202,Amazonas,Aramango,1998,0.006581
010606,Amazonas,Longar,1998,3.2e-05
160101,Loreto,Iquitos,1998,0.040541
010507,Amazonas,Longuita,1998,0.0
221001,San Martin,Tocache,1998,0.016599
010511,Amazonas,Maria,1998,0.0
080901,Cusco,Santa Ana,1998,0.005227
120302,Junin,Perene,1998,0.004447
050409,Ayacucho,Canayre,1998,0.01286
221002,San Martin,Nuevo Progreso,1998,0.010613
200303,Piura,El Carmen De La Frontera,1998,0.004447
100609,Huanuco,Pueblo Nuevo,1998,0.013532
080903,Cusco,Huayopata,1998,0.005651
010604,Amazonas,Huambo,1998,0.0
100505,Huanuco,Jircan,1998,0.001705
010512,Amazonas,Ocalli,1998,0.0
010101,Amazonas,Chachapoyas,1998,0.002037
060903,Cajamarca,Huarango,1998,0.003743
010116,Amazonas,Olleros,1998,0.00015
010605,Amazonas,Limabamba,1998,0.000481
100804,Huanuco,Umari,1998,0.00083
220504,San Martin,Caynarachi,1998,0.003779
080905,Cusco,Ocobamba,1998,0.004957
010517,Amazonas,San Francisco Del Yeso,1998,0.001427
120609,Junin,Vizcatán Del Ene,1998,0.012957
060807,Cajamarca,Pomahuaca,1998,0.001402
010304,Amazonas,Corosha,1998,0.003894
221005,San Martin,Uchiza,1998,0.008165
220807,San Martin,San Fernando,1998,0.037515
050512,Ayacucho,Union Progreso,1998,0.020244
060804,Cajamarca,Colasay,1998,0.003057
160503,Loreto,Capelo,1998,0.066997
220910,San Martin,Morales,1998,0.01716
120604,Junin,Mazamari,1998,0.009576
120603,Junin,Llaylla,1998,0.000898
010520,Amazonas,Santa Catalina,1998,0.0
010603,Amazonas,Cochamal,1998,8.9e-05
120209,Junin,Mariscal Castilla,1998,0.003924
010601,Amazonas,San Nicolas,1998,0.010344
010519,Amazonas,San Juan De Lopecancha,1998,0.003079
160211,Loreto,Teniente Cesar Lopez Rojas,1998,0.018273
080408,Cusco,Yanatile,1998,0.006804
050408,Ayacucho,Llochegua,1998,0.007893
100507,Huanuco,Monzon,1998,0.005588
081304,Cusco,Machupicchu,1998,0.009528
220909,San Martin,La Banda De Shilcayo,1998,0.002719
220103,San Martin,Habana,1998,0.067992
100606,Huanuco,Mariano Damaso Beraun,1998,0.005349
010508,Amazonas,Lonya Chico,1998,0.00078
170102,Madre De Dios,Inambari,1998,0.023312
050502,Ayacucho,Anco,1998,0.004534
010523,Amazonas,Trita,1998,0.0
010516,Amazonas,San Cristobal,1998,0.001326
080918,Cusco,Union Ashaninka,1998,0.00862
221006,San Martin,Santa Lucia,1998,0.031371
100702,Huanuco,Cholon,1998,0.003014
211205,Puno,Phara,1998,0.003547
170204,Madre De Dios,Huepetuhe,1998,0.011955
010302,Amazonas,Chisquilla,1998,0.001424
050507,Ayacucho,Santa Rosa,1998,0.008565
220804,San Martin,Nueva Cajamarca,1998,0.003147
220809,San Martin,Yuracyacu,1998,0.032733
160603,Loreto,Padre Marquez,1998,0.045762
010522,Amazonas,Tingo,1998,0.003718
080906,Cusco,Quellouno,1998,0.006656
010301,Amazonas,Jumbilla,1998,0.000521
080917,Cusco,Manitea,1998,0.002887
250305,Ucayali,Alexander Von Humboldt,1999,9e-06
220509,San Martin,Shanao,1999,0.016968
250304,Ucayali,Neshuya,1999,0.000179
220501,San Martin,Lamas,1999,0.004112
220902,San Martin,Alberto Leveau,1999,0.010207
250102,Ucayali,Campoverde,1999,0.002786
220702,San Martin,Buenos Aires,1999,0.015007
220502,San Martin,Alonso De Alvarado,1999,0.000717
220404,San Martin,Piscoyacu,1999,0.007457
220708,San Martin,Shamboyacu,1999,0.000296
220204,San Martin,Huallaga,1999,0.002408
220605,San Martin,Pajarillo,1999,0.01268
010703,Amazonas,Cumba,1999,0.006473
220704,San Martin,Pilluana,1999,0.022427
220104,San Martin,Jepelacio,1999,0.003933
220505,San Martin,Cuñumbuqui,1999,0.01126
220507,San Martin,Rumisapa,1999,0.00743
220913,San Martin,Sauce,1999,0.054343
010608,Amazonas,Milpuc,1999,0.000559
220405,San Martin,Sacanche,1999,0.009389
220709,San Martin,Tingo De Ponasa,1999,0.000315
220304,San Martin,Santa Rosa,1999,0.003136
100903,Huanuco,Honoria,1999,0.025725
220203,San Martin,Bajo Biavo,1999,0.008251
220710,San Martin,Tres Unidos,1999,0.000268
220510,San Martin,Tabalosos,1999,0.007352
100904,Huanuco,Tournavista,1999,0.01357
010701,Amazonas,Bagua Grande,1999,0.002721
220701,San Martin,Picota,1999,0.04659
220403,San Martin,El Eslabon,1999,0.007419
250105,Ucayali,Yarinacocha,1999,0.060495
220914,San Martin,Shapaja,1999,0.019575
010707,Amazonas,Yamon,1999,0.003438
010705,Amazonas,Jamalca,1999,0.001916
220205,San Martin,San Pablo,1999,0.012503
220705,San Martin,Pucacaca,1999,0.029533
220601,San Martin,Juanjui,1999,0.027211
100905,Huanuco,Yuyapichis,1999,0.012316
100608,Huanuco,Castillo Grande,1999,0.025441
220302,San Martin,Agua Blanca,1999,0.002565
250306,Ucayali,Huipoca,1999,0.007305
010611,Amazonas,Totora,1999,0.000777
010706,Amazonas,Lonya Grande,1999,0.000388
220706,San Martin,San Cristobal,1999,0.064693
010303,Amazonas,Churuja,1999,0.007603
220301,San Martin,San Jose De Sisa,1999,0.003634
010204,Amazonas,El Parco,1999,0.0
010306,Amazonas,Florida,1999,0.02004
220303,San Martin,San Martin,1999,0.002466
220106,San Martin,Yantalo,1999,0.029511
220305,San Martin,Shatoja,1999,0.004755
010104,Amazonas,Cheto,1999,0.0
160201,Loreto,Yurimaguas,1999,0.027264
060901,Cajamarca,San Ignacio,1999,0.004886
220511,San Martin,Zapatero,1999,0.003295
060811,Cajamarca,San Jose Del Alto,1999,0.002136
010206,Amazonas,La Peca,1999,0.0
220401,San Martin,Saposoa,1999,0.004398
060902,Cajamarca,Chirinos,1999,0.007166
220908,San Martin,Juan Guerra,1999,0.031391
060904,Cajamarca,La Coipa,1999,0.00143
220808,San Martin,Yorongos,1999,0.019703
120607,Junin,Rio Negro,1999,0.004625
060812,Cajamarca,Santa Rosa,1999,0.013121
250106,Ucayali,Nueva Requena,1999,0.023379
220802,San Martin,Awajun,1999,0.009369
250302,Ucayali,Irazola,1999,0.004644
010109,Amazonas,La Jalca,1999,0.001304
220906,San Martin,El Porvenir,1999,0.020233
220707,San Martin,San Hilarion,1999,0.060763
220806,San Martin,Posic,1999,0.046853
220406,San Martin,Tingo De Saposoa,1999,0.070744
100901,Huanuco,Puerto Inca,1999,0.014614
010105,Amazonas,Chiliquin,1999,0.0
220105,San Martin,Soritor,1999,0.007381
220201,San Martin,Bellavista,1999,0.038383
060803,Cajamarca,Chontali,1999,0.003707
100605,Huanuco,Luyando,1999,0.028441
010307,Amazonas,Jazan,1999,0.003534
010502,Amazonas,Camporredondo,1999,0.000679
010515,Amazonas,Providencia,1999,0.002466
010102,Amazonas,Asuncion,1999,0.0
010510,Amazonas,Luya Viejo,1999,5.3e-05
100601,Huanuco,Rupa-Rupa,1999,0.019366
010514,Amazonas,Pisuquia,1999,0.001268
060810,Cajamarca,San Felipe,1999,0.002817
010305,Amazonas,Cuispes,1999,5.5e-05
060905,Cajamarca,Namballe,1999,0.002111
010119,Amazonas,San Isidro De Maino,1999,0.0
060801,Cajamarca,Jaen,1999,0.001811
010513,Amazonas,Ocumal,1999,0.001126
220912,San Martin,San Antonio,1999,0.000783
220903,San Martin,Cacatachi,1999,0.04778
120602,Junin,Coviriali,1999,0.001626
120304,Junin,San Luis De Shuaro,1999,0.00377
120601,Junin,Satipo,1999,0.005606
010203,Amazonas,Copallin,1999,0.006511
010112,Amazonas,Magdalena,1999,0.001392
220102,San Martin,Calzada,1999,0.03065
060805,Cajamarca,Huabal,1999,0.0
010610,Amazonas,Santa Rosa,1999,0.0
220503,San Martin,Barranquita,1999,0.004806
220801,San Martin,Rioja,1999,0.006643
220703,San Martin,Caspisapa,1999,0.040342
080904,Cusco,Maranura,1999,0.011568
010117,Amazonas,Quinjalca,1999,0.0
250303,Ucayali,Curimana,1999,0.013619
010308,Amazonas,Recta,1999,0.001047
010115,Amazonas,Montevideo,1999,0.000412
010114,Amazonas,Molinopampa,1999,0.000423
010503,Amazonas,Cocabamba,1999,0.001255
060809,Cajamarca,Sallique,1999,0.006103
010120,Amazonas,Soloco,1999,0.0
010521,Amazonas,Santo Tomas,1999,0.000563
100113,Huanuco,San Pablo De Pillao,1999,0.002023
010602,Amazonas,Chirimoto,1999,0.000566
100603,Huanuco,Hermilio Valdizan,1999,0.002224
010111,Amazonas,Levanto,1999,0.002733
010518,Amazonas,San Jeronimo,1999,0.001053
010609,Amazonas,Omia,1999,0.00017
100902,Huanuco,Codo Del Pozuzo,1999,0.009021
010113,Amazonas,Mariscal Castilla,1999,0.001296
220101,San Martin,Moyobamba,1999,0.005499
010310,Amazonas,Shipasbamba,1999,0.003321
100103,Huanuco,Chinchao,1999,0.002479
010311,Amazonas,Valera,1999,0.002895
060907,Cajamarca,Tabaconas,1999,0.001613
160112,Loreto,Belen,1999,0.101329
200307,Piura,Sondor,1999,0.001884
220803,San Martin,Elias Soplin Vargas,1999,0.000672
010506,Amazonas,Inguilpata,1999,0.000803
220506,San Martin,Pinto Recodo,1999,0.005492
120303,Junin,Pichanaqui,1999,0.005014
010202,Amazonas,Aramango,1999,0.006599
010606,Amazonas,Longar,1999,1.1e-05
160101,Loreto,Iquitos,1999,0.038501
010507,Amazonas,Longuita,1999,0.0
221001,San Martin,Tocache,1999,0.016922
010511,Amazonas,Maria,1999,0.0
080901,Cusco,Santa Ana,1999,0.007853
120302,Junin,Perene,1999,0.004936
050409,Ayacucho,Canayre,1999,0.015379
221002,San Martin,Nuevo Progreso,1999,0.010167
200303,Piura,El Carmen De La Frontera,1999,0.00432
100609,Huanuco,Pueblo Nuevo,1999,0.012418
080903,Cusco,Huayopata,1999,0.005436
010604,Amazonas,Huambo,1999,0.0
100505,Huanuco,Jircan,1999,0.001616
010512,Amazonas,Ocalli,1999,0.0
010101,Amazonas,Chachapoyas,1999,0.001974
060903,Cajamarca,Huarango,1999,0.003986
010116,Amazonas,Olleros,1999,0.00015
010605,Amazonas,Limabamba,1999,0.000445
100804,Huanuco,Umari,1999,0.000785
220504,San Martin,Caynarachi,1999,0.004162
080905,Cusco,Ocobamba,1999,0.00498
010517,Amazonas,San Francisco Del Yeso,1999,0.00154
120609,Junin,Vizcatán Del Ene,1999,0.015601
060807,Cajamarca,Pomahuaca,1999,0.001702
010304,Amazonas,Corosha,1999,0.004047
221005,San Martin,Uchiza,1999,0.008142
220807,San Martin,San Fernando,1999,0.047231
050512,Ayacucho,Union Progreso,1999,0.025974
060804,Cajamarca,Colasay,1999,0.003314
160503,Loreto,Capelo,1999,0.070026
220910,San Martin,Morales,1999,0.019351
120604,Junin,Mazamari,1999,0.010683
120603,Junin,Llaylla,1999,0.001032
010520,Amazonas,Santa Catalina,1999,0.0
010603,Amazonas,Cochamal,1999,0.0
120209,Junin,Mariscal Castilla,1999,0.004391
010601,Amazonas,San Nicolas,1999,0.013763
010519,Amazonas,San Juan De Lopecancha,1999,0.003274
160211,Loreto,Teniente Cesar Lopez Rojas,1999,0.019417
080408,Cusco,Yanatile,1999,0.006238
050408,Ayacucho,Llochegua,1999,0.009235
100507,Huanuco,Monzon,1999,0.00499
081304,Cusco,Machupicchu,1999,0.007884
220909,San Martin,La Banda De Shilcayo,1999,0.003782
220103,San Martin,Habana,1999,0.050121
100606,Huanuco,Mariano Damaso Beraun,1999,0.005235
010508,Amazonas,Lonya Chico,1999,0.000819
170102,Madre De Dios,Inambari,1999,0.022927
050502,Ayacucho,Anco,1999,0.004823
010523,Amazonas,Trita,1999,0.0
010516,Amazonas,San Cristobal,1999,0.001501
080918,Cusco,Union Ashaninka,1999,0.008965
221006,San Martin,Santa Lucia,1999,0.030883
100702,Huanuco,Cholon,1999,0.003003
211205,Puno,Phara,1999,0.003175
170204,Madre De Dios,Huepetuhe,1999,0.012219
010302,Amazonas,Chisquilla,1999,0.001457
050507,Ayacucho,Santa Rosa,1999,0.009141
220804,San Martin,Nueva Cajamarca,1999,0.004188
220809,San Martin,Yuracyacu,1999,0.034654
160603,Loreto,Padre Marquez,1999,0.047495
010522,Amazonas,Tingo,1999,0.004216
080906,Cusco,Quellouno,1999,0.007059
010301,Amazonas,Jumbilla,1999,0.000533
080917,Cusco,Manitea,1999,0.002911
250305,Ucayali,Alexander Von Humboldt,2000,9e-06
220509,San Martin,Shanao,2000,0.016859
250304,Ucayali,Neshuya,2000,0.000137
220501,San Martin,Lamas,2000,0.004009
220902,San Martin,Alberto Leveau,2000,0.011014
250102,Ucayali,Campoverde,2000,0.002722
220702,San Martin,Buenos Aires,2000,0.015418
220502,San Martin,Alonso De Alvarado,2000,0.000639
220404,San Martin,Piscoyacu,2000,0.005951
220708,San Martin,Shamboyacu,2000,0.000317
220204,San Martin,Huallaga,2000,0.003028
220605,San Martin,Pajarillo,2000,0.013984
010703,Amazonas,Cumba,2000,0.006728
220704,San Martin,Pilluana,2000,0.023621
220104,San Martin,Jepelacio,2000,0.003228
220505,San Martin,Cuñumbuqui,2000,0.010826
220507,San Martin,Rumisapa,2000,0.014993
220913,San Martin,Sauce,2000,0.054396
010608,Amazonas,Milpuc,2000,0.000393
220405,San Martin,Sacanche,2000,0.008473
220709,San Martin,Tingo De Ponasa,2000,0.000315
220304,San Martin,Santa Rosa,2000,0.002559
100903,Huanuco,Honoria,2000,0.02677
220203,San Martin,Bajo Biavo,2000,0.006556
220710,San Martin,Tres Unidos,2000,0.000216
220510,San Martin,Tabalosos,2000,0.007072
100904,Huanuco,Tournavista,2000,0.013864
010701,Amazonas,Bagua Grande,2000,0.002795
220701,San Martin,Picota,2000,0.04788
220403,San Martin,El Eslabon,2000,0.007583
250105,Ucayali,Yarinacocha,2000,0.065206
220914,San Martin,Shapaja,2000,0.01981
010707,Amazonas,Yamon,2000,0.003733
010705,Amazonas,Jamalca,2000,0.001779
220205,San Martin,San Pablo,2000,0.007378
220705,San Martin,Pucacaca,2000,0.029887
220601,San Martin,Juanjui,2000,0.029231
100905,Huanuco,Yuyapichis,2000,0.01225
100608,Huanuco,Castillo Grande,2000,0.028588
220302,San Martin,Agua Blanca,2000,0.001768
250306,Ucayali,Huipoca,2000,0.007188
010611,Amazonas,Totora,2000,0.000137
010706,Amazonas,Lonya Grande,2000,0.000415
220706,San Martin,San Cristobal,2000,0.065726
010303,Amazonas,Churuja,2000,0.006988
220301,San Martin,San Jose De Sisa,2000,0.002303
010204,Amazonas,El Parco,2000,0.0
010306,Amazonas,Florida,2000,0.019988
220303,San Martin,San Martin,2000,0.001939
220106,San Martin,Yantalo,2000,0.024912
220305,San Martin,Shatoja,2000,0.003595
010104,Amazonas,Cheto,2000,0.0
160201,Loreto,Yurimaguas,2000,0.029119
060901,Cajamarca,San Ignacio,2000,0.005091
220511,San Martin,Zapatero,2000,0.003168
060811,Cajamarca,San Jose Del Alto,2000,0.002244
010206,Amazonas,La Peca,2000,0.0
220401,San Martin,Saposoa,2000,0.003938
060902,Cajamarca,Chirinos,2000,0.007109
220908,San Martin,Juan Guerra,2000,0.031752
060904,Cajamarca,La Coipa,2000,0.001501
220808,San Martin,Yorongos,2000,0.011569
120607,Junin,Rio Negro,2000,0.004937
060812,Cajamarca,Santa Rosa,2000,0.012302
250106,Ucayali,Nueva Requena,2000,0.024289
220802,San Martin,Awajun,2000,0.009838
250302,Ucayali,Irazola,2000,0.004095
010109,Amazonas,La Jalca,2000,0.001182
220906,San Martin,El Porvenir,2000,0.020961
220707,San Martin,San Hilarion,2000,0.04808
220806,San Martin,Posic,2000,0.020856
220406,San Martin,Tingo De Saposoa,2000,0.0753
100901,Huanuco,Puerto Inca,2000,0.015284
010105,Amazonas,Chiliquin,2000,0.0
220105,San Martin,Soritor,2000,0.004808
220201,San Martin,Bellavista,2000,0.033733
060803,Cajamarca,Chontali,2000,0.003882
100605,Huanuco,Luyando,2000,0.028322
010307,Amazonas,Jazan,2000,0.003346
010502,Amazonas,Camporredondo,2000,0.000679
010515,Amazonas,Providencia,2000,0.002504
010102,Amazonas,Asuncion,2000,0.0
010510,Amazonas,Luya Viejo,2000,3.9e-05
100601,Huanuco,Rupa-Rupa,2000,0.019376
010514,Amazonas,Pisuquia,2000,0.001363
060810,Cajamarca,San Felipe,2000,0.00354
010305,Amazonas,Cuispes,2000,5.5e-05
060905,Cajamarca,Namballe,2000,0.002042
010119,Amazonas,San Isidro De Maino,2000,0.0
060801,Cajamarca,Jaen,2000,0.001735
010513,Amazonas,Ocumal,2000,0.001156
220912,San Martin,San Antonio,2000,0.000806
220903,San Martin,Cacatachi,2000,0.054944
120602,Junin,Coviriali,2000,0.001501
120304,Junin,San Luis De Shuaro,2000,0.004262
120601,Junin,Satipo,2000,0.005734
010203,Amazonas,Copallin,2000,0.005612
010112,Amazonas,Magdalena,2000,0.001201
220102,San Martin,Calzada,2000,0.009508
060805,Cajamarca,Huabal,2000,0.0
010610,Amazonas,Santa Rosa,2000,0.0
220503,San Martin,Barranquita,2000,0.005582
220801,San Martin,Rioja,2000,0.004736
220703,San Martin,Caspisapa,2000,0.040716
080904,Cusco,Maranura,2000,0.010869
010117,Amazonas,Quinjalca,2000,0.0
250303,Ucayali,Curimana,2000,0.013341
010308,Amazonas,Recta,2000,0.001015
010115,Amazonas,Montevideo,2000,0.000376
010114,Amazonas,Molinopampa,2000,0.000426
010503,Amazonas,Cocabamba,2000,0.001422
060809,Cajamarca,Sallique,2000,0.007997
010120,Amazonas,Soloco,2000,0.0
010521,Amazonas,Santo Tomas,2000,0.000583
100113,Huanuco,San Pablo De Pillao,2000,0.001946
010602,Amazonas,Chirimoto,2000,0.000584
100603,Huanuco,Hermilio Valdizan,2000,0.002944
010111,Amazonas,Levanto,2000,0.002341
010518,Amazonas,San Jeronimo,2000,0.000916
010609,Amazonas,Omia,2000,4e-06
100902,Huanuco,Codo Del Pozuzo,2000,0.008239
010113,Amazonas,Mariscal Castilla,2000,0.001127
220101,San Martin,Moyobamba,2000,0.004618
010310,Amazonas,Shipasbamba,2000,0.003137
100103,Huanuco,Chinchao,2000,0.002353
010311,Amazonas,Valera,2000,0.002884
060907,Cajamarca,Tabaconas,2000,0.001507
160112,Loreto,Belen,2000,0.120902
200307,Piura,Sondor,2000,0.002234
220803,San Martin,Elias Soplin Vargas,2000,0.001055
010506,Amazonas,Inguilpata,2000,0.000758
220506,San Martin,Pinto Recodo,2000,0.00533
120303,Junin,Pichanaqui,2000,0.005351
010202,Amazonas,Aramango,2000,0.006224
010606,Amazonas,Longar,2000,2.2e-05
160101,Loreto,Iquitos,2000,0.041744
010507,Amazonas,Longuita,2000,0.0
221001,San Martin,Tocache,2000,0.015962
010511,Amazonas,Maria,2000,0.0
080901,Cusco,Santa Ana,2000,0.006207
120302,Junin,Perene,2000,0.005075
050409,Ayacucho,Canayre,2000,0.017921
221002,San Martin,Nuevo Progreso,2000,0.01192
200303,Piura,El Carmen De La Frontera,2000,0.004286
100609,Huanuco,Pueblo Nuevo,2000,0.012793
080903,Cusco,Huayopata,2000,0.005395
010604,Amazonas,Huambo,2000,0.0
100505,Huanuco,Jircan,2000,0.001623
010512,Amazonas,Ocalli,2000,0.0
010101,Amazonas,Chachapoyas,2000,0.001904
060903,Cajamarca,Huarango,2000,0.003793
010116,Amazonas,Olleros,2000,0.00015
010605,Amazonas,Limabamba,2000,0.000429
100804,Huanuco,Umari,2000,0.000897
220504,San Martin,Caynarachi,2000,0.004077
080905,Cusco,Ocobamba,2000,0.004293
010517,Amazonas,San Francisco Del Yeso,2000,0.001388
120609,Junin,Vizcatán Del Ene,2000,0.016496
060807,Cajamarca,Pomahuaca,2000,0.00211
010304,Amazonas,Corosha,2000,0.003853
221005,San Martin,Uchiza,2000,0.008014
220807,San Martin,San Fernando,2000,0.035674
050512,Ayacucho,Union Progreso,2000,0.026977
060804,Cajamarca,Colasay,2000,0.00344
160503,Loreto,Capelo,2000,0.073139
220910,San Martin,Morales,2000,0.019754
120604,Junin,Mazamari,2000,0.010581
120603,Junin,Llaylla,2000,0.001052
010520,Amazonas,Santa Catalina,2000,0.0
010603,Amazonas,Cochamal,2000,0.0
120209,Junin,Mariscal Castilla,2000,0.004858
010601,Amazonas,San Nicolas,2000,0.012563
010519,Amazonas,San Juan De Lopecancha,2000,0.003171
160211,Loreto,Teniente Cesar Lopez Rojas,2000,0.020731
080408,Cusco,Yanatile,2000,0.005882
050408,Ayacucho,Llochegua,2000,0.009423
100507,Huanuco,Monzon,2000,0.004719
081304,Cusco,Machupicchu,2000,0.007575
220909,San Martin,La Banda De Shilcayo,2000,0.003872
220103,San Martin,Habana,2000,0.00982
100606,Huanuco,Mariano Damaso Beraun,2000,0.005485
010508,Amazonas,Lonya Chico,2000,0.000806
170102,Madre De Dios,Inambari,2000,0.022859
050502,Ayacucho,Anco,2000,0.004768
010523,Amazonas,Trita,2000,0.0
010516,Amazonas,San Cristobal,2000,0.001326
080918,Cusco,Union Ashaninka,2000,0.008982
221006,San Martin,Santa Lucia,2000,0.030319
100702,Huanuco,Cholon,2000,0.003137
211205,Puno,Phara,2000,0.003095
170204,Madre De Dios,Huepetuhe,2000,0.012423
010302,Amazonas,Chisquilla,2000,0.001429
050507,Ayacucho,Santa Rosa,2000,0.009948
220804,San Martin,Nueva Cajamarca,2000,0.003131
220809,San Martin,Yuracyacu,2000,0.029265
160603,Loreto,Padre Marquez,2000,0.049427
010522,Amazonas,Tingo,2000,0.003677
080906,Cusco,Quellouno,2000,0.006399
010301,Amazonas,Jumbilla,2000,0.000594
080917,Cusco,Manitea,2000,0.003125
250305,Ucayali,Alexander Von Humboldt,2001,4e-06
220509,San Martin,Shanao,2001,0.015691
250304,Ucayali,Neshuya,2001,0.000125
220501,San Martin,Lamas,2001,0.003858
220902,San Martin,Alberto Leveau,2001,0.009332
250102,Ucayali,Campoverde,2001,0.002876
220702,San Martin,Buenos Aires,2001,0.014825
220502,San Martin,Alonso De Alvarado,2001,0.000639
220404,San Martin,Piscoyacu,2001,0.006968
220708,San Martin,Shamboyacu,2001,0.000378
220204,San Martin,Huallaga,2001,0.002114
220605,San Martin,Pajarillo,2001,0.011077
010703,Amazonas,Cumba,2001,0.00585
220704,San Martin,Pilluana,2001,0.022024
220104,San Martin,Jepelacio,2001,0.00391
220505,San Martin,Cuñumbuqui,2001,0.010865
220507,San Martin,Rumisapa,2001,0.004329
220913,San Martin,Sauce,2001,0.056069
010608,Amazonas,Milpuc,2001,0.000662
220405,San Martin,Sacanche,2001,0.009076
220709,San Martin,Tingo De Ponasa,2001,0.000524
220304,San Martin,Santa Rosa,2001,0.003888
100903,Huanuco,Honoria,2001,0.02764
220203,San Martin,Bajo Biavo,2001,0.009003
220710,San Martin,Tres Unidos,2001,0.000441
220510,San Martin,Tabalosos,2001,0.007087
100904,Huanuco,Tournavista,2001,0.013922
010701,Amazonas,Bagua Grande,2001,0.003021
220701,San Martin,Picota,2001,0.039691
220403,San Martin,El Eslabon,2001,0.007718
250105,Ucayali,Yarinacocha,2001,0.080613
220914,San Martin,Shapaja,2001,0.018768
010707,Amazonas,Yamon,2001,0.00324
010705,Amazonas,Jamalca,2001,0.001695
220205,San Martin,San Pablo,2001,0.014286
220705,San Martin,Pucacaca,2001,0.027875
220601,San Martin,Juanjui,2001,0.024219
100905,Huanuco,Yuyapichis,2001,0.011815
100608,Huanuco,Castillo Grande,2001,0.025763
220302,San Martin,Agua Blanca,2001,0.002594
250306,Ucayali,Huipoca,2001,0.007014
010611,Amazonas,Totora,2001,0.000183
010706,Amazonas,Lonya Grande,2001,0.000408
220706,San Martin,San Cristobal,2001,0.057462
010303,Amazonas,Churuja,2001,0.00682
220301,San Martin,San Jose De Sisa,2001,0.003285
010204,Amazonas,El Parco,2001,0.0
010306,Amazonas,Florida,2001,0.020144
220303,San Martin,San Martin,2001,0.002516
220106,San Martin,Yantalo,2001,0.026432
220305,San Martin,Shatoja,2001,0.005028
010104,Amazonas,Cheto,2001,0.0
160201,Loreto,Yurimaguas,2001,0.027759
060901,Cajamarca,San Ignacio,2001,0.004788
220511,San Martin,Zapatero,2001,0.003198
060811,Cajamarca,San Jose Del Alto,2001,0.002127
010206,Amazonas,La Peca,2001,0.0
220401,San Martin,Saposoa,2001,0.004726
060902,Cajamarca,Chirinos,2001,0.007196
220908,San Martin,Juan Guerra,2001,0.031516
060904,Cajamarca,La Coipa,2001,0.001426
220808,San Martin,Yorongos,2001,0.014179
120607,Junin,Rio Negro,2001,0.004619
060812,Cajamarca,Santa Rosa,2001,0.012571
250106,Ucayali,Nueva Requena,2001,0.02558
220802,San Martin,Awajun,2001,0.006729
250302,Ucayali,Irazola,2001,0.004531
010109,Amazonas,La Jalca,2001,0.001283
220906,San Martin,El Porvenir,2001,0.020475
220707,San Martin,San Hilarion,2001,0.044008
220806,San Martin,Posic,2001,0.023849
220406,San Martin,Tingo De Saposoa,2001,0.057983
100901,Huanuco,Puerto Inca,2001,0.014868
010105,Amazonas,Chiliquin,2001,0.0
220105,San Martin,Soritor,2001,0.005697
220201,San Martin,Bellavista,2001,0.034226
060803,Cajamarca,Chontali,2001,0.003724
100605,Huanuco,Luyando,2001,0.024964
010307,Amazonas,Jazan,2001,0.003252
010502,Amazonas,Camporredondo,2001,0.000695
010515,Amazonas,Providencia,2001,0.002588
010102,Amazonas,Asuncion,2001,0.0
010510,Amazonas,Luya Viejo,2001,5.3e-05
100601,Huanuco,Rupa-Rupa,2001,0.01794
010514,Amazonas,Pisuquia,2001,0.001391
060810,Cajamarca,San Felipe,2001,0.003414
010305,Amazonas,Cuispes,2001,5.5e-05
060905,Cajamarca,Namballe,2001,0.001973
010119,Amazonas,San Isidro De Maino,2001,0.0
060801,Cajamarca,Jaen,2001,0.001354
010513,Amazonas,Ocumal,2001,0.001117
220912,San Martin,San Antonio,2001,0.00362
220903,San Martin,Cacatachi,2001,0.062481
120602,Junin,Coviriali,2001,0.00133
120304,Junin,San Luis De Shuaro,2001,0.003633
120601,Junin,Satipo,2001,0.00543
010203,Amazonas,Copallin,2001,0.005801
010112,Amazonas,Magdalena,2001,0.001241
220102,San Martin,Calzada,2001,0.011864
060805,Cajamarca,Huabal,2001,0.000231
010610,Amazonas,Santa Rosa,2001,0.0
220503,San Martin,Barranquita,2001,0.005581
220801,San Martin,Rioja,2001,0.005107
220703,San Martin,Caspisapa,2001,0.050384
080904,Cusco,Maranura,2001,0.011399
010117,Amazonas,Quinjalca,2001,2.2e-05
250303,Ucayali,Curimana,2001,0.013296
010308,Amazonas,Recta,2001,0.000761
010115,Amazonas,Montevideo,2001,0.000361
010114,Amazonas,Molinopampa,2001,0.000426
010503,Amazonas,Cocabamba,2001,0.001524
060809,Cajamarca,Sallique,2001,0.007216
010120,Amazonas,Soloco,2001,0.0
010521,Amazonas,Santo Tomas,2001,0.000593
100113,Huanuco,San Pablo De Pillao,2001,0.001971
010602,Amazonas,Chirimoto,2001,0.000508
100603,Huanuco,Hermilio Valdizan,2001,0.002082
010111,Amazonas,Levanto,2001,0.002519
010518,Amazonas,San Jeronimo,2001,0.000916
010609,Amazonas,Omia,2001,0.000233
100902,Huanuco,Codo Del Pozuzo,2001,0.009229
010113,Amazonas,Mariscal Castilla,2001,0.001014
220101,San Martin,Moyobamba,2001,0.004586
010310,Amazonas,Shipasbamba,2001,0.003101
100103,Huanuco,Chinchao,2001,0.002336
010311,Amazonas,Valera,2001,0.003374
060907,Cajamarca,Tabaconas,2001,0.001529
160112,Loreto,Belen,2001,0.118183
200307,Piura,Sondor,2001,0.002102
220803,San Martin,Elias Soplin Vargas,2001,0.0002
010506,Amazonas,Inguilpata,2001,0.000825
220506,San Martin,Pinto Recodo,2001,0.005732
120303,Junin,Pichanaqui,2001,0.004962
010202,Amazonas,Aramango,2001,0.006578
010606,Amazonas,Longar,2001,1.1e-05
160101,Loreto,Iquitos,2001,0.041752
010507,Amazonas,Longuita,2001,0.0
221001,San Martin,Tocache,2001,0.014752
010511,Amazonas,Maria,2001,0.0
080901,Cusco,Santa Ana,2001,0.006844
120302,Junin,Perene,2001,0.004458
050409,Ayacucho,Canayre,2001,0.015434
221002,San Martin,Nuevo Progreso,2001,0.010775
200303,Piura,El Carmen De La Frontera,2001,0.004359
100609,Huanuco,Pueblo Nuevo,2001,0.011994
080903,Cusco,Huayopata,2001,0.005557
010604,Amazonas,Huambo,2001,0.0
100505,Huanuco,Jircan,2001,0.001601
010512,Amazonas,Ocalli,2001,0.0
010101,Amazonas,Chachapoyas,2001,0.001898
060903,Cajamarca,Huarango,2001,0.003981
010116,Amazonas,Olleros,2001,0.00015
010605,Amazonas,Limabamba,2001,0.000383
100804,Huanuco,Umari,2001,0.000802
220504,San Martin,Caynarachi,2001,0.004574
080905,Cusco,Ocobamba,2001,0.004586
010517,Amazonas,San Francisco Del Yeso,2001,0.0013
120609,Junin,Vizcatán Del Ene,2001,0.014119
060807,Cajamarca,Pomahuaca,2001,0.00208
010304,Amazonas,Corosha,2001,0.004005
221005,San Martin,Uchiza,2001,0.00706
220807,San Martin,San Fernando,2001,0.027193
050512,Ayacucho,Union Progreso,2001,0.023521
060804,Cajamarca,Colasay,2001,0.003442
160503,Loreto,Capelo,2001,0.076238
220910,San Martin,Morales,2001,0.029657
120604,Junin,Mazamari,2001,0.010003
120603,Junin,Llaylla,2001,0.000938
010520,Amazonas,Santa Catalina,2001,0.0
010603,Amazonas,Cochamal,2001,2e-05
120209,Junin,Mariscal Castilla,2001,0.005419
010601,Amazonas,San Nicolas,2001,0.011823
010519,Amazonas,San Juan De Lopecancha,2001,0.00312
160211,Loreto,Teniente Cesar Lopez Rojas,2001,0.018976
080408,Cusco,Yanatile,2001,0.006151
050408,Ayacucho,Llochegua,2001,0.008604
100507,Huanuco,Monzon,2001,0.004821
081304,Cusco,Machupicchu,2001,0.007932
220909,San Martin,La Banda De Shilcayo,2001,0.00692
220103,San Martin,Habana,2001,0.015389
100606,Huanuco,Mariano Damaso Beraun,2001,0.005523
010508,Amazonas,Lonya Chico,2001,0.000729
170102,Madre De Dios,Inambari,2001,0.024834
050502,Ayacucho,Anco,2001,0.004696
010523,Amazonas,Trita,2001,0.0
010516,Amazonas,San Cristobal,2001,0.001326
080918,Cusco,Union Ashaninka,2001,0.008561
221006,San Martin,Santa Lucia,2001,0.028416
100702,Huanuco,Cholon,2001,0.00306
211205,Puno,Phara,2001,0.002838
170204,Madre De Dios,Huepetuhe,2001,0.012863
010302,Amazonas,Chisquilla,2001,0.001281
050507,Ayacucho,Santa Rosa,2001,0.008742
220804,San Martin,Nueva Cajamarca,2001,0.001155
220809,San Martin,Yuracyacu,2001,0.016639
160603,Loreto,Padre Marquez,2001,0.050157
010522,Amazonas,Tingo,2001,0.003889
080906,Cusco,Quellouno,2001,0.006749
010301,Amazonas,Jumbilla,2001,0.000538
080917,Cusco,Manitea,2001,0.003058
250305,Ucayali,Alexander Von Humboldt,2002,4e-06
220509,San Martin,Shanao,2002,0.016311
250304,Ucayali,Neshuya,2002,0.00014
220501,San Martin,Lamas,2002,0.003982
220902,San Martin,Alberto Leveau,2002,0.011923
250102,Ucayali,Campoverde,2002,0.002707
220702,San Martin,Buenos Aires,2002,0.015615
220502,San Martin,Alonso De Alvarado,2002,0.00057
220404,San Martin,Piscoyacu,2002,0.006489
220708,San Martin,Shamboyacu,2002,0.000181
220204,San Martin,Huallaga,2002,0.002294
220605,San Martin,Pajarillo,2002,0.012245
010703,Amazonas,Cumba,2002,0.005983
220704,San Martin,Pilluana,2002,0.019712
220104,San Martin,Jepelacio,2002,0.003896
220505,San Martin,Cuñumbuqui,2002,0.010396
220507,San Martin,Rumisapa,2002,0.005906
220913,San Martin,Sauce,2002,0.054378
010608,Amazonas,Milpuc,2002,0.000186
220405,San Martin,Sacanche,2002,0.008785
220709,San Martin,Tingo De Ponasa,2002,0.000151
220304,San Martin,Santa Rosa,2002,0.002573
100903,Huanuco,Honoria,2002,0.02783
220203,San Martin,Bajo Biavo,2002,0.006793
220710,San Martin,Tres Unidos,2002,0.000129
220510,San Martin,Tabalosos,2002,0.006972
100904,Huanuco,Tournavista,2002,0.014029
010701,Amazonas,Bagua Grande,2002,0.002826
220701,San Martin,Picota,2002,0.041345
220403,San Martin,El Eslabon,2002,0.007597
250105,Ucayali,Yarinacocha,2002,0.068886
220914,San Martin,Shapaja,2002,0.01981
010707,Amazonas,Yamon,2002,0.00395
010705,Amazonas,Jamalca,2002,0.001731
220205,San Martin,San Pablo,2002,0.005758
220705,San Martin,Pucacaca,2002,0.029227
220601,San Martin,Juanjui,2002,0.02612
100905,Huanuco,Yuyapichis,2002,0.012196
100608,Huanuco,Castillo Grande,2002,0.02616
220302,San Martin,Agua Blanca,2002,0.002175
250306,Ucayali,Huipoca,2002,0.00828
010611,Amazonas,Totora,2002,0.0
010706,Amazonas,Lonya Grande,2002,0.000403
220706,San Martin,San Cristobal,2002,0.048697
010303,Amazonas,Churuja,2002,0.007659
220301,San Martin,San Jose De Sisa,2002,0.003179
010204,Amazonas,El Parco,2002,0.0
010306,Amazonas,Florida,2002,0.020164
220303,San Martin,San Martin,2002,0.001944
220106,San Martin,Yantalo,2002,0.02923
220305,San Martin,Shatoja,2002,0.005601
010104,Amazonas,Cheto,2002,0.0
160201,Loreto,Yurimaguas,2002,0.03059
060901,Cajamarca,San Ignacio,2002,0.005081
220511,San Martin,Zapatero,2002,0.003096
060811,Cajamarca,San Jose Del Alto,2002,0.002119
010206,Amazonas,La Peca,2002,0.0
220401,San Martin,Saposoa,2002,0.004334
060902,Cajamarca,Chirinos,2002,0.007279
220908,San Martin,Juan Guerra,2002,0.031687
060904,Cajamarca,La Coipa,2002,0.001404
220808,San Martin,Yorongos,2002,0.012428
120607,Junin,Rio Negro,2002,0.004693
060812,Cajamarca,Santa Rosa,2002,0.011329
250106,Ucayali,Nueva Requena,2002,0.024343
220802,San Martin,Awajun,2002,0.007806
250302,Ucayali,Irazola,2002,0.005052
010109,Amazonas,La Jalca,2002,0.00134
220906,San Martin,El Porvenir,2002,0.021546
220707,San Martin,San Hilarion,2002,0.020715
220806,San Martin,Posic,2002,0.026031
220406,San Martin,Tingo De Saposoa,2002,0.065772
100901,Huanuco,Puerto Inca,2002,0.014926
010105,Amazonas,Chiliquin,2002,0.0
220105,San Martin,Soritor,2002,0.004831
220201,San Martin,Bellavista,2002,0.027961
060803,Cajamarca,Chontali,2002,0.003492
100605,Huanuco,Luyando,2002,0.027855
010307,Amazonas,Jazan,2002,0.004157
010502,Amazonas,Camporredondo,2002,0.000711
010515,Amazonas,Providencia,2002,0.002657
010102,Amazonas,Asuncion,2002,0.0
010510,Amazonas,Luya Viejo,2002,5.3e-05
100601,Huanuco,Rupa-Rupa,2002,0.018431
010514,Amazonas,Pisuquia,2002,0.00143
060810,Cajamarca,San Felipe,2002,0.003647
010305,Amazonas,Cuispes,2002,5.5e-05
060905,Cajamarca,Namballe,2002,0.001876
010119,Amazonas,San Isidro De Maino,2002,0.0
060801,Cajamarca,Jaen,2002,0.001763
010513,Amazonas,Ocumal,2002,0.001146
220912,San Martin,San Antonio,2002,0.00202
220903,San Martin,Cacatachi,2002,0.04507
120602,Junin,Coviriali,2002,0.001384
120304,Junin,San Luis De Shuaro,2002,0.003733
120601,Junin,Satipo,2002,0.005602
010203,Amazonas,Copallin,2002,0.005567
010112,Amazonas,Magdalena,2002,0.001313
220102,San Martin,Calzada,2002,0.010698
060805,Cajamarca,Huabal,2002,0.000441
010610,Amazonas,Santa Rosa,2002,0.0
220503,San Martin,Barranquita,2002,0.00572
220801,San Martin,Rioja,2002,0.004528
220703,San Martin,Caspisapa,2002,0.028922
080904,Cusco,Maranura,2002,0.010334
010117,Amazonas,Quinjalca,2002,0.0
250303,Ucayali,Curimana,2002,0.013979
010308,Amazonas,Recta,2002,0.001776
010115,Amazonas,Montevideo,2002,0.000412
010114,Amazonas,Molinopampa,2002,0.000413
010503,Amazonas,Cocabamba,2002,0.001321
060809,Cajamarca,Sallique,2002,0.007377
010120,Amazonas,Soloco,2002,0.0
010521,Amazonas,Santo Tomas,2002,0.000602
100113,Huanuco,San Pablo De Pillao,2002,0.001754
010602,Amazonas,Chirimoto,2002,0.000433
100603,Huanuco,Hermilio Valdizan,2002,0.002407
010111,Amazonas,Levanto,2002,0.002257
010518,Amazonas,San Jeronimo,2002,0.00101
010609,Amazonas,Omia,2002,0.0
100902,Huanuco,Codo Del Pozuzo,2002,0.008493
010113,Amazonas,Mariscal Castilla,2002,0.001183
220101,San Martin,Moyobamba,2002,0.005056
010310,Amazonas,Shipasbamba,2002,0.003484
100103,Huanuco,Chinchao,2002,0.002343
010311,Amazonas,Valera,2002,0.003636
060907,Cajamarca,Tabaconas,2002,0.001474
160112,Loreto,Belen,2002,0.112256
200307,Piura,Sondor,2002,0.002219
220803,San Martin,Elias Soplin Vargas,2002,0.000431
010506,Amazonas,Inguilpata,2002,0.000825
220506,San Martin,Pinto Recodo,2002,0.005456
120303,Junin,Pichanaqui,2002,0.005267
010202,Amazonas,Aramango,2002,0.0066
010606,Amazonas,Longar,2002,0.0
160101,Loreto,Iquitos,2002,0.042877
010507,Amazonas,Longuita,2002,0.0
221001,San Martin,Tocache,2002,0.015518
010511,Amazonas,Maria,2002,0.0
080901,Cusco,Santa Ana,2002,0.006766
120302,Junin,Perene,2002,0.005
050409,Ayacucho,Canayre,2002,0.019382
221002,San Martin,Nuevo Progreso,2002,0.010953
200303,Piura,El Carmen De La Frontera,2002,0.004246
100609,Huanuco,Pueblo Nuevo,2002,0.013154
080903,Cusco,Huayopata,2002,0.005049
010604,Amazonas,Huambo,2002,0.0
100505,Huanuco,Jircan,2002,0.001638
010512,Amazonas,Ocalli,2002,0.0
010101,Amazonas,Chachapoyas,2002,0.001916
060903,Cajamarca,Huarango,2002,0.003816
010116,Amazonas,Olleros,2002,0.00015
010605,Amazonas,Limabamba,2002,0.000344
100804,Huanuco,Umari,2002,0.00083
220504,San Martin,Caynarachi,2002,0.004179
080905,Cusco,Ocobamba,2002,0.004139
010517,Amazonas,San Francisco Del Yeso,2002,0.00172
120609,Junin,Vizcatán Del Ene,2002,0.016218
060807,Cajamarca,Pomahuaca,2002,0.002609
010304,Amazonas,Corosha,2002,0.003936
221005,San Martin,Uchiza,2002,0.008014
220807,San Martin,San Fernando,2002,0.037592
050512,Ayacucho,Union Progreso,2002,0.029519
060804,Cajamarca,Colasay,2002,0.003961
160503,Loreto,Capelo,2002,0.077322
220910,San Martin,Morales,2002,0.016616
120604,Junin,Mazamari,2002,0.010593
120603,Junin,Llaylla,2002,0.001114
010520,Amazonas,Santa Catalina,2002,0.0
010603,Amazonas,Cochamal,2002,5e-06
120209,Junin,Mariscal Castilla,2002,0.004671
010601,Amazonas,San Nicolas,2002,0.009961
010519,Amazonas,San Juan De Lopecancha,2002,0.003377
160211,Loreto,Teniente Cesar Lopez Rojas,2002,0.022871
080408,Cusco,Yanatile,2002,0.006336
050408,Ayacucho,Llochegua,2002,0.010336
100507,Huanuco,Monzon,2002,0.005002
081304,Cusco,Machupicchu,2002,0.007187
220909,San Martin,La Banda De Shilcayo,2002,0.003795
220103,San Martin,Habana,2002,0.011758
100606,Huanuco,Mariano Damaso Beraun,2002,0.005983
010508,Amazonas,Lonya Chico,2002,0.000716
170102,Madre De Dios,Inambari,2002,0.024368
050502,Ayacucho,Anco,2002,0.004845
010523,Amazonas,Trita,2002,0.0
010516,Amazonas,San Cristobal,2002,0.001476
080918,Cusco,Union Ashaninka,2002,0.010054
221006,San Martin,Santa Lucia,2002,0.030471
100702,Huanuco,Cholon,2002,0.003208
211205,Puno,Phara,2002,0.003175
170204,Madre De Dios,Huepetuhe,2002,0.012893
010302,Amazonas,Chisquilla,2002,0.001506
050507,Ayacucho,Santa Rosa,2002,0.010298
220804,San Martin,Nueva Cajamarca,2002,0.003064
220809,San Martin,Yuracyacu,2002,0.049387
160603,Loreto,Padre Marquez,2002,0.051145
010522,Amazonas,Tingo,2002,0.003987
080906,Cusco,Quellouno,2002,0.006802
010301,Amazonas,Jumbilla,2002,0.000589
080917,Cusco,Manitea,2002,0.003559
250305,Ucayali,Alexander Von Humboldt,2003,5.2e-05
220509,San Martin,Shanao,2003,0.015582
250304,Ucayali,Neshuya,2003,0.000177
220501,San Martin,Lamas,2003,0.003707
220902,San Martin,Alberto Leveau,2003,0.010567
250102,Ucayali,Campoverde,2003,0.00248
220702,San Martin,Buenos Aires,2003,0.015335
220502,San Martin,Alonso De Alvarado,2003,0.000618
220404,San Martin,Piscoyacu,2003,0.005886
220708,San Martin,Shamboyacu,2003,0.000224
220204,San Martin,Huallaga,2003,0.002523
220605,San Martin,Pajarillo,2003,0.012256
010703,Amazonas,Cumba,2003,0.006057
220704,San Martin,Pilluana,2003,0.02131
220104,San Martin,Jepelacio,2003,0.004269
220505,San Martin,Cuñumbuqui,2003,0.010879
220507,San Martin,Rumisapa,2003,0.008312
220913,San Martin,Sauce,2003,0.053832
010608,Amazonas,Milpuc,2003,0.000103
220405,San Martin,Sacanche,2003,0.008154
220709,San Martin,Tingo De Ponasa,2003,9.8e-05
220304,San Martin,Santa Rosa,2003,0.002309
100903,Huanuco,Honoria,2003,0.026212
220203,San Martin,Bajo Biavo,2003,0.006741
220710,San Martin,Tres Unidos,2003,0.000283
220510,San Martin,Tabalosos,2003,0.006937
100904,Huanuco,Tournavista,2003,0.013469
010701,Amazonas,Bagua Grande,2003,0.003013
220701,San Martin,Picota,2003,0.041958
220403,San Martin,El Eslabon,2003,0.006472
250105,Ucayali,Yarinacocha,2003,0.069175
220914,San Martin,Shapaja,2003,0.018731
010707,Amazonas,Yamon,2003,0.003884
010705,Amazonas,Jamalca,2003,0.001845
220205,San Martin,San Pablo,2003,0.004202
220705,San Martin,Pucacaca,2003,0.028964
220601,San Martin,Juanjui,2003,0.025723
100905,Huanuco,Yuyapichis,2003,0.011483
100608,Huanuco,Castillo Grande,2003,0.027861
220302,San Martin,Agua Blanca,2003,0.002315
250306,Ucayali,Huipoca,2003,0.007799
010611,Amazonas,Totora,2003,9.1e-05
010706,Amazonas,Lonya Grande,2003,0.000442
220706,San Martin,San Cristobal,2003,0.058761
010303,Amazonas,Churuja,2003,0.008134
220301,San Martin,San Jose De Sisa,2003,0.002534
010204,Amazonas,El Parco,2003,0.0
010306,Amazonas,Florida,2003,0.020092
220303,San Martin,San Martin,2003,0.001732
220106,San Martin,Yantalo,2003,0.029652
220305,San Martin,Shatoja,2003,0.00381
010104,Amazonas,Cheto,2003,0.0
160201,Loreto,Yurimaguas,2003,0.027658
060901,Cajamarca,San Ignacio,2003,0.004623
220511,San Martin,Zapatero,2003,0.002959
060811,Cajamarca,San Jose Del Alto,2003,0.00215
010206,Amazonas,La Peca,2003,0.0
220401,San Martin,Saposoa,2003,0.003847
060902,Cajamarca,Chirinos,2003,0.007106
220908,San Martin,Juan Guerra,2003,0.031521
060904,Cajamarca,La Coipa,2003,0.001426
220808,San Martin,Yorongos,2003,0.024128
120607,Junin,Rio Negro,2003,0.004125
060812,Cajamarca,Santa Rosa,2003,0.01199
250106,Ucayali,Nueva Requena,2003,0.022368
220802,San Martin,Awajun,2003,0.006892
250302,Ucayali,Irazola,2003,0.004465
010109,Amazonas,La Jalca,2003,0.001175
220906,San Martin,El Porvenir,2003,0.020504
220707,San Martin,San Hilarion,2003,0.041644
220806,San Martin,Posic,2003,0.042895
220406,San Martin,Tingo De Saposoa,2003,0.064448
100901,Huanuco,Puerto Inca,2003,0.014481
010105,Amazonas,Chiliquin,2003,0.0
220105,San Martin,Soritor,2003,0.005502
220201,San Martin,Bellavista,2003,0.034729
060803,Cajamarca,Chontali,2003,0.003261
100605,Huanuco,Luyando,2003,0.0265
010307,Amazonas,Jazan,2003,0.003769
010502,Amazonas,Camporredondo,2003,0.000691
010515,Amazonas,Providencia,2003,0.002695
010102,Amazonas,Asuncion,2003,0.0
010510,Amazonas,Luya Viejo,2003,5.3e-05
100601,Huanuco,Rupa-Rupa,2003,0.016477
010514,Amazonas,Pisuquia,2003,0.001424
060810,Cajamarca,San Felipe,2003,0.004054
010305,Amazonas,Cuispes,2003,6.5e-05
060905,Cajamarca,Namballe,2003,0.001981
010119,Amazonas,San Isidro De Maino,2003,0.0
060801,Cajamarca,Jaen,2003,0.001855
010513,Amazonas,Ocumal,2003,0.001121
220912,San Martin,San Antonio,2003,0.001543
220903,San Martin,Cacatachi,2003,0.026236
120602,Junin,Coviriali,2003,0.001519
120304,Junin,San Luis De Shuaro,2003,0.003546
120601,Junin,Satipo,2003,0.004817
010203,Amazonas,Copallin,2003,0.005333
010112,Amazonas,Magdalena,2003,0.001195
220102,San Martin,Calzada,2003,0.018356
060805,Cajamarca,Huabal,2003,0.000262
010610,Amazonas,Santa Rosa,2003,0.0
220503,San Martin,Barranquita,2003,0.005107
220801,San Martin,Rioja,2003,0.005834
220703,San Martin,Caspisapa,2003,0.036395
080904,Cusco,Maranura,2003,0.01062
010117,Amazonas,Quinjalca,2003,0.0
250303,Ucayali,Curimana,2003,0.013874
010308,Amazonas,Recta,2003,0.000761
010115,Amazonas,Montevideo,2003,0.00039
010114,Amazonas,Molinopampa,2003,0.000413
010503,Amazonas,Cocabamba,2003,0.001453
060809,Cajamarca,Sallique,2003,0.007068
010120,Amazonas,Soloco,2003,0.0
010521,Amazonas,Santo Tomas,2003,0.000563
100113,Huanuco,San Pablo De Pillao,2003,0.001751
010602,Amazonas,Chirimoto,2003,0.00048
100603,Huanuco,Hermilio Valdizan,2003,0.002061
010111,Amazonas,Levanto,2003,0.002459
010518,Amazonas,San Jeronimo,2003,0.001014
010609,Amazonas,Omia,2003,2e-05
100902,Huanuco,Codo Del Pozuzo,2003,0.008972
010113,Amazonas,Mariscal Castilla,2003,0.001183
220101,San Martin,Moyobamba,2003,0.00477
010310,Amazonas,Shipasbamba,2003,0.003335
100103,Huanuco,Chinchao,2003,0.002159
010311,Amazonas,Valera,2003,0.00391
060907,Cajamarca,Tabaconas,2003,0.001471
160112,Loreto,Belen,2003,0.110485
200307,Piura,Sondor,2003,0.002014
220803,San Martin,Elias Soplin Vargas,2003,0.000289
010506,Amazonas,Inguilpata,2003,0.000668
220506,San Martin,Pinto Recodo,2003,0.004968
120303,Junin,Pichanaqui,2003,0.004749
010202,Amazonas,Aramango,2003,0.006451
010606,Amazonas,Longar,2003,0.0
160101,Loreto,Iquitos,2003,0.03962
010507,Amazonas,Longuita,2003,0.0
221001,San Martin,Tocache,2003,0.016807
010511,Amazonas,Maria,2003,0.0
080901,Cusco,Santa Ana,2003,0.006922
120302,Junin,Perene,2003,0.004331
050409,Ayacucho,Canayre,2003,0.017135
221002,San Martin,Nuevo Progreso,2003,0.01052
200303,Piura,El Carmen De La Frontera,2003,0.004257
100609,Huanuco,Pueblo Nuevo,2003,0.013108
080903,Cusco,Huayopata,2003,0.005621
010604,Amazonas,Huambo,2003,0.0
100505,Huanuco,Jircan,2003,0.001609
010512,Amazonas,Ocalli,2003,0.0
010101,Amazonas,Chachapoyas,2003,0.002502
060903,Cajamarca,Huarango,2003,0.003793
010116,Amazonas,Olleros,2003,0.00015
010605,Amazonas,Limabamba,2003,0.000424
100804,Huanuco,Umari,2003,0.000796
220504,San Martin,Caynarachi,2003,0.003621
080905,Cusco,Ocobamba,2003,0.00451
010517,Amazonas,San Francisco Del Yeso,2003,0.001373
120609,Junin,Vizcatán Del Ene,2003,0.013051
060807,Cajamarca,Pomahuaca,2003,0.002189
010304,Amazonas,Corosha,2003,0.003922
221005,San Martin,Uchiza,2003,0.008388
220807,San Martin,San Fernando,2003,0.034452
050512,Ayacucho,Union Progreso,2003,0.02118
060804,Cajamarca,Colasay,2003,0.003554
160503,Loreto,Capelo,2003,0.075538
220910,San Martin,Morales,2003,0.019386
120604,Junin,Mazamari,2003,0.009339
120603,Junin,Llaylla,2003,0.000981
010520,Amazonas,Santa Catalina,2003,0.0
010603,Amazonas,Cochamal,2003,0.0
120209,Junin,Mariscal Castilla,2003,0.005325
010601,Amazonas,San Nicolas,2003,0.01285
010519,Amazonas,San Juan De Lopecancha,2003,0.00314
160211,Loreto,Teniente Cesar Lopez Rojas,2003,0.018835
080408,Cusco,Yanatile,2003,0.006968
050408,Ayacucho,Llochegua,2003,0.008467
100507,Huanuco,Monzon,2003,0.004907
081304,Cusco,Machupicchu,2003,0.005561
220909,San Martin,La Banda De Shilcayo,2003,0.003282
220103,San Martin,Habana,2003,0.039642
100606,Huanuco,Mariano Damaso Beraun,2003,0.005547
010508,Amazonas,Lonya Chico,2003,0.000678
170102,Madre De Dios,Inambari,2003,0.02606
050502,Ayacucho,Anco,2003,0.004558
010523,Amazonas,Trita,2003,0.0
010516,Amazonas,San Cristobal,2003,0.001401
080918,Cusco,Union Ashaninka,2003,0.007397
221006,San Martin,Santa Lucia,2003,0.03023
100702,Huanuco,Cholon,2003,0.003294
211205,Puno,Phara,2003,0.003191
170204,Madre De Dios,Huepetuhe,2003,0.013003
010302,Amazonas,Chisquilla,2003,0.001231
050507,Ayacucho,Santa Rosa,2003,0.008751
220804,San Martin,Nueva Cajamarca,2003,0.001765
220809,San Martin,Yuracyacu,2003,0.026757
160603,Loreto,Padre Marquez,2003,0.047617
010522,Amazonas,Tingo,2003,0.003922
080906,Cusco,Quellouno,2003,0.006675
010301,Amazonas,Jumbilla,2003,0.000533
080917,Cusco,Manitea,2003,0.002673
250305,Ucayali,Alexander Von Humboldt,2004,0.000263
220509,San Martin,Shanao,2004,0.015545
250304,Ucayali,Neshuya,2004,0.000281
220501,San Martin,Lamas,2004,0.00379
220902,San Martin,Alberto Leveau,2004,0.011511
250102,Ucayali,Campoverde,2004,0.002714
220702,San Martin,Buenos Aires,2004,0.016177
220502,San Martin,Alonso De Alvarado,2004,0.000603
220404,San Martin,Piscoyacu,2004,0.00677
220708,San Martin,Shamboyacu,2004,0.000549
220204,San Martin,Huallaga,2004,0.002723
220605,San Martin,Pajarillo,2004,0.013861
010703,Amazonas,Cumba,2004,0.006408
220704,San Martin,Pilluana,2004,0.021673
220104,San Martin,Jepelacio,2004,0.003852
220505,San Martin,Cuñumbuqui,2004,0.010928
220507,San Martin,Rumisapa,2004,0.006735
220913,San Martin,Sauce,2004,0.053057
010608,Amazonas,Milpuc,2004,0.0
220405,San Martin,Sacanche,2004,0.008324
220709,San Martin,Tingo De Ponasa,2004,0.000357
220304,San Martin,Santa Rosa,2004,0.002758
100903,Huanuco,Honoria,2004,0.027078
220203,San Martin,Bajo Biavo,2004,0.006649
220710,San Martin,Tres Unidos,2004,0.000508
220510,San Martin,Tabalosos,2004,0.007089
100904,Huanuco,Tournavista,2004,0.01427
010701,Amazonas,Bagua Grande,2004,0.003262
220701,San Martin,Picota,2004,0.044911
220403,San Martin,El Eslabon,2004,0.007975
250105,Ucayali,Yarinacocha,2004,0.07838
220914,San Martin,Shapaja,2004,0.019807
010707,Amazonas,Yamon,2004,0.00399
010705,Amazonas,Jamalca,2004,0.001942
220205,San Martin,San Pablo,2004,0.01101
220705,San Martin,Pucacaca,2004,0.029209
220601,San Martin,Juanjui,2004,0.027011
100905,Huanuco,Yuyapichis,2004,0.011447
100608,Huanuco,Castillo Grande,2004,0.027582
220302,San Martin,Agua Blanca,2004,0.003246
250306,Ucayali,Huipoca,2004,0.007193
010611,Amazonas,Totora,2004,0.0
010706,Amazonas,Lonya Grande,2004,0.000454
220706,San Martin,San Cristobal,2004,0.051855
010303,Amazonas,Churuja,2004,0.008749
220301,San Martin,San Jose De Sisa,2004,0.003064
010204,Amazonas,El Parco,2004,0.0
010306,Amazonas,Florida,2004,0.02012
220303,San Martin,San Martin,2004,0.00249
220106,San Martin,Yantalo,2004,0.026841
220305,San Martin,Shatoja,2004,0.005443
010104,Amazonas,Cheto,2004,0.0
160201,Loreto,Yurimaguas,2004,0.032062
060901,Cajamarca,San Ignacio,2004,0.004643
220511,San Martin,Zapatero,2004,0.00333
060811,Cajamarca,San Jose Del Alto,2004,0.002145
010206,Amazonas,La Peca,2004,0.0
220401,San Martin,Saposoa,2004,0.004276
060902,Cajamarca,Chirinos,2004,0.006838
220908,San Martin,Juan Guerra,2004,0.032302
060904,Cajamarca,La Coipa,2004,0.001404
220808,San Martin,Yorongos,2004,0.013766
120607,Junin,Rio Negro,2004,0.004443
060812,Cajamarca,Santa Rosa,2004,0.012113
250106,Ucayali,Nueva Requena,2004,0.0241
220802,San Martin,Awajun,2004,0.007281
250302,Ucayali,Irazola,2004,0.004486
010109,Amazonas,La Jalca,2004,0.001297
220906,San Martin,El Porvenir,2004,0.021034
220707,San Martin,San Hilarion,2004,0.03998
220806,San Martin,Posic,2004,0.02615
220406,San Martin,Tingo De Saposoa,2004,0.065035
100901,Huanuco,Puerto Inca,2004,0.014567
010105,Amazonas,Chiliquin,2004,0.0
220105,San Martin,Soritor,2004,0.004372
220201,San Martin,Bellavista,2004,0.03723
060803,Cajamarca,Chontali,2004,0.003282
100605,Huanuco,Luyando,2004,0.029035
010307,Amazonas,Jazan,2004,0.004063
010502,Amazonas,Camporredondo,2004,0.000711
010515,Amazonas,Providencia,2004,0.002787
010102,Amazonas,Asuncion,2004,0.0
010510,Amazonas,Luya Viejo,2004,6.6e-05
100601,Huanuco,Rupa-Rupa,2004,0.016254
010514,Amazonas,Pisuquia,2004,0.001488
060810,Cajamarca,San Felipe,2004,0.004019
010305,Amazonas,Cuispes,2004,9.2e-05
060905,Cajamarca,Namballe,2004,0.001981
010119,Amazonas,San Isidro De Maino,2004,0.0
060801,Cajamarca,Jaen,2004,0.001978
010513,Amazonas,Ocumal,2004,0.001197
220912,San Martin,San Antonio,2004,0.001169
220903,San Martin,Cacatachi,2004,0.042546
120602,Junin,Coviriali,2004,0.001653
120304,Junin,San Luis De Shuaro,2004,0.00392
120601,Junin,Satipo,2004,0.005159
010203,Amazonas,Copallin,2004,0.005387
010112,Amazonas,Magdalena,2004,0.001188
220102,San Martin,Calzada,2004,0.010283
060805,Cajamarca,Huabal,2004,0.000367
010610,Amazonas,Santa Rosa,2004,0.0
220503,San Martin,Barranquita,2004,0.005326
220801,San Martin,Rioja,2004,0.005741
220703,San Martin,Caspisapa,2004,0.035333
080904,Cusco,Maranura,2004,0.012225
010117,Amazonas,Quinjalca,2004,2.2e-05
250303,Ucayali,Curimana,2004,0.013007
010308,Amazonas,Recta,2004,0.000793
010115,Amazonas,Montevideo,2004,0.000383
010114,Amazonas,Molinopampa,2004,0.000444
010503,Amazonas,Cocabamba,2004,0.001628
060809,Cajamarca,Sallique,2004,0.006859
010120,Amazonas,Soloco,2004,0.0
010521,Amazonas,Santo Tomas,2004,0.000593
100113,Huanuco,San Pablo De Pillao,2004,0.001813
010602,Amazonas,Chirimoto,2004,0.000474
100603,Huanuco,Hermilio Valdizan,2004,0.002323
010111,Amazonas,Levanto,2004,0.002245
010518,Amazonas,San Jeronimo,2004,0.001031
010609,Amazonas,Omia,2004,1.6e-05
100902,Huanuco,Codo Del Pozuzo,2004,0.009639
010113,Amazonas,Mariscal Castilla,2004,0.001093
220101,San Martin,Moyobamba,2004,0.00452
010310,Amazonas,Shipasbamba,2004,0.003385
100103,Huanuco,Chinchao,2004,0.002247
010311,Amazonas,Valera,2004,0.004297
060907,Cajamarca,Tabaconas,2004,0.001386
160112,Loreto,Belen,2004,0.115423
200307,Piura,Sondor,2004,0.001967
220803,San Martin,Elias Soplin Vargas,2004,0.000504
010506,Amazonas,Inguilpata,2004,0.00078
220506,San Martin,Pinto Recodo,2004,0.004689
120303,Junin,Pichanaqui,2004,0.004833
010202,Amazonas,Aramango,2004,0.006461
010606,Amazonas,Longar,2004,0.0
160101,Loreto,Iquitos,2004,0.042043
010507,Amazonas,Longuita,2004,0.0
221001,San Martin,Tocache,2004,0.017543
010511,Amazonas,Maria,2004,0.0
080901,Cusco,Santa Ana,2004,0.007994
120302,Junin,Perene,2004,0.004572
050409,Ayacucho,Canayre,2004,0.017866
221002,San Martin,Nuevo Progreso,2004,0.011211
200303,Piura,El Carmen De La Frontera,2004,0.004127
100609,Huanuco,Pueblo Nuevo,2004,0.014362
080903,Cusco,Huayopata,2004,0.005954
010604,Amazonas,Huambo,2004,0.0
100505,Huanuco,Jircan,2004,0.001679
010512,Amazonas,Ocalli,2004,0.0
010101,Amazonas,Chachapoyas,2004,0.002148
060903,Cajamarca,Huarango,2004,0.00367
010116,Amazonas,Olleros,2004,0.00015
010605,Amazonas,Limabamba,2004,0.000434
100804,Huanuco,Umari,2004,0.00083
220504,San Martin,Caynarachi,2004,0.003901
080905,Cusco,Ocobamba,2004,0.004427
010517,Amazonas,San Francisco Del Yeso,2004,0.001364
120609,Junin,Vizcatán Del Ene,2004,0.014722
060807,Cajamarca,Pomahuaca,2004,0.002241
010304,Amazonas,Corosha,2004,0.003783
221005,San Martin,Uchiza,2004,0.009074
220807,San Martin,San Fernando,2004,0.029342
050512,Ayacucho,Union Progreso,2004,0.023544
060804,Cajamarca,Colasay,2004,0.003592
160503,Loreto,Capelo,2004,0.074958
220910,San Martin,Morales,2004,0.017651
120604,Junin,Mazamari,2004,0.009722
120603,Junin,Llaylla,2004,0.00102
010520,Amazonas,Santa Catalina,2004,0.0
010603,Amazonas,Cochamal,2004,5e-06
120209,Junin,Mariscal Castilla,2004,0.005605
010601,Amazonas,San Nicolas,2004,0.012728
010519,Amazonas,San Juan De Lopecancha,2004,0.00312
160211,Loreto,Teniente Cesar Lopez Rojas,2004,0.021229
080408,Cusco,Yanatile,2004,0.006495
050408,Ayacucho,Llochegua,2004,0.009103
100507,Huanuco,Monzon,2004,0.005237
081304,Cusco,Machupicchu,2004,0.0069
220909,San Martin,La Banda De Shilcayo,2004,0.003319
220103,San Martin,Habana,2004,0.012986
100606,Huanuco,Mariano Damaso Beraun,2004,0.005959
010508,Amazonas,Lonya Chico,2004,0.00055
170102,Madre De Dios,Inambari,2004,0.025657
050502,Ayacucho,Anco,2004,0.004715
010523,Amazonas,Trita,2004,0.0
010516,Amazonas,San Cristobal,2004,0.001501
080918,Cusco,Union Ashaninka,2004,0.008134
221006,San Martin,Santa Lucia,2004,0.031618
100702,Huanuco,Cholon,2004,0.003332
211205,Puno,Phara,2004,0.00337
170204,Madre De Dios,Huepetuhe,2004,0.014751
010302,Amazonas,Chisquilla,2004,0.001512
050507,Ayacucho,Santa Rosa,2004,0.009009
220804,San Martin,Nueva Cajamarca,2004,0.001983
220809,San Martin,Yuracyacu,2004,0.020594
160603,Loreto,Padre Marquez,2004,0.052173
010522,Amazonas,Tingo,2004,0.003841
080906,Cusco,Quellouno,2004,0.006753
010301,Amazonas,Jumbilla,2004,0.000606
080917,Cusco,Manitea,2004,0.003174
250305,Ucayali,Alexander Von Humboldt,2005,4e-06
220509,San Martin,Shanao,2005,0.014669
250304,Ucayali,Neshuya,2005,1.7e-05
220501,San Martin,Lamas,2005,0.003646
220902,San Martin,Alberto Leveau,2005,0.013724
250102,Ucayali,Campoverde,2005,0.002367
220702,San Martin,Buenos Aires,2005,0.01778
220502,San Martin,Alonso De Alvarado,2005,0.000555
220404,San Martin,Piscoyacu,2005,0.006395
220708,San Martin,Shamboyacu,2005,0.000188
220204,San Martin,Huallaga,2005,0.002263
220605,San Martin,Pajarillo,2005,0.010944
010703,Amazonas,Cumba,2005,0.007608
220704,San Martin,Pilluana,2005,0.024387
220104,San Martin,Jepelacio,2005,0.003511
220505,San Martin,Cuñumbuqui,2005,0.012138
220507,San Martin,Rumisapa,2005,0.005746
220913,San Martin,Sauce,2005,0.056509
010608,Amazonas,Milpuc,2005,0.0
220405,San Martin,Sacanche,2005,0.008056
220709,San Martin,Tingo De Ponasa,2005,0.000344
220304,San Martin,Santa Rosa,2005,0.002316
100903,Huanuco,Honoria,2005,0.023441
220203,San Martin,Bajo Biavo,2005,0.006336
220710,San Martin,Tres Unidos,2005,0.000367
220510,San Martin,Tabalosos,2005,0.006692
100904,Huanuco,Tournavista,2005,0.012922
010701,Amazonas,Bagua Grande,2005,0.003383
220701,San Martin,Picota,2005,0.046978
220403,San Martin,El Eslabon,2005,0.007526
250105,Ucayali,Yarinacocha,2005,0.059399
220914,San Martin,Shapaja,2005,0.019004
010707,Amazonas,Yamon,2005,0.004167
010705,Amazonas,Jamalca,2005,0.001893
220205,San Martin,San Pablo,2005,0.005329
220705,San Martin,Pucacaca,2005,0.032486
220601,San Martin,Juanjui,2005,0.024035
100905,Huanuco,Yuyapichis,2005,0.01181
100608,Huanuco,Castillo Grande,2005,0.02028
220302,San Martin,Agua Blanca,2005,0.00235
250306,Ucayali,Huipoca,2005,0.006215
010611,Amazonas,Totora,2005,0.0
010706,Amazonas,Lonya Grande,2005,0.000486
220706,San Martin,San Cristobal,2005,0.0734
010303,Amazonas,Churuja,2005,0.008358
220301,San Martin,San Jose De Sisa,2005,0.002928
010204,Amazonas,El Parco,2005,0.0
010306,Amazonas,Florida,2005,0.020308
220303,San Martin,San Martin,2005,0.002456
220106,San Martin,Yantalo,2005,0.022868
220305,San Martin,Shatoja,2005,0.004884
010104,Amazonas,Cheto,2005,0.0
160201,Loreto,Yurimaguas,2005,0.027109
060901,Cajamarca,San Ignacio,2005,0.004771
220511,San Martin,Zapatero,2005,0.002943
060811,Cajamarca,San Jose Del Alto,2005,0.002242
010206,Amazonas,La Peca,2005,0.0
220401,San Martin,Saposoa,2005,0.004217
060902,Cajamarca,Chirinos,2005,0.007506
220908,San Martin,Juan Guerra,2005,0.031964
060904,Cajamarca,La Coipa,2005,0.001556
220808,San Martin,Yorongos,2005,0.012472
120607,Junin,Rio Negro,2005,0.004379
060812,Cajamarca,Santa Rosa,2005,0.013619
250106,Ucayali,Nueva Requena,2005,0.020348
220802,San Martin,Awajun,2005,0.006629
250302,Ucayali,Irazola,2005,0.003645
010109,Amazonas,La Jalca,2005,0.001325
220906,San Martin,El Porvenir,2005,0.018981
220707,San Martin,San Hilarion,2005,0.049309
220806,San Martin,Posic,2005,0.022851
220406,San Martin,Tingo De Saposoa,2005,0.058928
100901,Huanuco,Puerto Inca,2005,0.014479
010105,Amazonas,Chiliquin,2005,0.0
220105,San Martin,Soritor,2005,0.004005
220201,San Martin,Bellavista,2005,0.024331
060803,Cajamarca,Chontali,2005,0.003318
100605,Huanuco,Luyando,2005,0.021606
010307,Amazonas,Jazan,2005,0.003992
010502,Amazonas,Camporredondo,2005,0.000736
010515,Amazonas,Providencia,2005,0.002955
010102,Amazonas,Asuncion,2005,0.0
010510,Amazonas,Luya Viejo,2005,6.6e-05
100601,Huanuco,Rupa-Rupa,2005,0.014584
010514,Amazonas,Pisuquia,2005,0.001574
060810,Cajamarca,San Felipe,2005,0.003553
010305,Amazonas,Cuispes,2005,8.3e-05
060905,Cajamarca,Namballe,2005,0.001854
010119,Amazonas,San Isidro De Maino,2005,0.0
060801,Cajamarca,Jaen,2005,0.002039
010513,Amazonas,Ocumal,2005,0.001244
220912,San Martin,San Antonio,2005,0.001271
220903,San Martin,Cacatachi,2005,0.04258
120602,Junin,Coviriali,2005,0.001617
120304,Junin,San Luis De Shuaro,2005,0.003628
120601,Junin,Satipo,2005,0.005323
010203,Amazonas,Copallin,2005,0.005045
010112,Amazonas,Magdalena,2005,0.001168
220102,San Martin,Calzada,2005,0.010137
060805,Cajamarca,Huabal,2005,0.0
010610,Amazonas,Santa Rosa,2005,0.0
220503,San Martin,Barranquita,2005,0.0046
220801,San Martin,Rioja,2005,0.005319
220703,San Martin,Caspisapa,2005,0.05196
080904,Cusco,Maranura,2005,0.013406
010117,Amazonas,Quinjalca,2005,2.2e-05
250303,Ucayali,Curimana,2005,0.01254
010308,Amazonas,Recta,2005,0.001237
010115,Amazonas,Montevideo,2005,0.00039
010114,Amazonas,Molinopampa,2005,0.000429
010503,Amazonas,Cocabamba,2005,0.001558
060809,Cajamarca,Sallique,2005,0.007129
010120,Amazonas,Soloco,2005,0.0
010521,Amazonas,Santo Tomas,2005,0.000612
100113,Huanuco,San Pablo De Pillao,2005,0.001868
010602,Amazonas,Chirimoto,2005,0.000474
100603,Huanuco,Hermilio Valdizan,2005,0.001511
010111,Amazonas,Levanto,2005,0.002578
010518,Amazonas,San Jeronimo,2005,0.000997
010609,Amazonas,Omia,2005,2e-05
100902,Huanuco,Codo Del Pozuzo,2005,0.008673
010113,Amazonas,Mariscal Castilla,2005,0.001431
220101,San Martin,Moyobamba,2005,0.004254
010310,Amazonas,Shipasbamba,2005,0.003506
100103,Huanuco,Chinchao,2005,0.002249
010311,Amazonas,Valera,2005,0.004047
060907,Cajamarca,Tabaconas,2005,0.001579
160112,Loreto,Belen,2005,0.096454
200307,Piura,Sondor,2005,0.001941
220803,San Martin,Elias Soplin Vargas,2005,9.5e-05
010506,Amazonas,Inguilpata,2005,0.000795
220506,San Martin,Pinto Recodo,2005,0.004731
120303,Junin,Pichanaqui,2005,0.004493
010202,Amazonas,Aramango,2005,0.006094
010606,Amazonas,Longar,2005,0.0
160101,Loreto,Iquitos,2005,0.03837
010507,Amazonas,Longuita,2005,0.0
221001,San Martin,Tocache,2005,0.015451
010511,Amazonas,Maria,2005,0.0
080901,Cusco,Santa Ana,2005,0.008165
120302,Junin,Perene,2005,0.004209
050409,Ayacucho,Canayre,2005,0.015155
221002,San Martin,Nuevo Progreso,2005,0.009313
200303,Piura,El Carmen De La Frontera,2005,0.004454
100609,Huanuco,Pueblo Nuevo,2005,0.010135
080903,Cusco,Huayopata,2005,0.00572
010604,Amazonas,Huambo,2005,0.0
100505,Huanuco,Jircan,2005,0.001668
010512,Amazonas,Ocalli,2005,0.0
010101,Amazonas,Chachapoyas,2005,0.002264
060903,Cajamarca,Huarango,2005,0.00384
010116,Amazonas,Olleros,2005,0.00015
010605,Amazonas,Limabamba,2005,0.000361
100804,Huanuco,Umari,2005,0.000774
220504,San Martin,Caynarachi,2005,0.003915
080905,Cusco,Ocobamba,2005,0.003983
010517,Amazonas,San Francisco Del Yeso,2005,0.001554
120609,Junin,Vizcatán Del Ene,2005,0.012393
060807,Cajamarca,Pomahuaca,2005,0.002054
010304,Amazonas,Corosha,2005,0.004171
221005,San Martin,Uchiza,2005,0.007221
220807,San Martin,San Fernando,2005,0.030282
050512,Ayacucho,Union Progreso,2005,0.02205
060804,Cajamarca,Colasay,2005,0.003478
160503,Loreto,Capelo,2005,0.065808
220910,San Martin,Morales,2005,0.030779
120604,Junin,Mazamari,2005,0.009655
120603,Junin,Llaylla,2005,0.000685
010520,Amazonas,Santa Catalina,2005,0.0
010603,Amazonas,Cochamal,2005,1.5e-05
120209,Junin,Mariscal Castilla,2005,0.005123
010601,Amazonas,San Nicolas,2005,0.01044
010519,Amazonas,San Juan De Lopecancha,2005,0.003295
160211,Loreto,Teniente Cesar Lopez Rojas,2005,0.017188
080408,Cusco,Yanatile,2005,0.006805
050408,Ayacucho,Llochegua,2005,0.008636
100507,Huanuco,Monzon,2005,0.004451
081304,Cusco,Machupicchu,2005,0.00579
220909,San Martin,La Banda De Shilcayo,2005,0.004128
220103,San Martin,Habana,2005,0.015867
100606,Huanuco,Mariano Damaso Beraun,2005,0.005445
010508,Amazonas,Lonya Chico,2005,0.000627
170102,Madre De Dios,Inambari,2005,0.023419
050502,Ayacucho,Anco,2005,0.004509
010523,Amazonas,Trita,2005,0.0
010516,Amazonas,San Cristobal,2005,0.001226
080918,Cusco,Union Ashaninka,2005,0.00672
221006,San Martin,Santa Lucia,2005,0.027028
100702,Huanuco,Cholon,2005,0.002897
211205,Puno,Phara,2005,0.003408
170204,Madre De Dios,Huepetuhe,2005,0.013518
010302,Amazonas,Chisquilla,2005,0.00149
050507,Ayacucho,Santa Rosa,2005,0.008507
220804,San Martin,Nueva Cajamarca,2005,0.001478
220809,San Martin,Yuracyacu,2005,0.016295
160603,Loreto,Padre Marquez,2005,0.042843
010522,Amazonas,Tingo,2005,0.003955
080906,Cusco,Quellouno,2005,0.006585
010301,Amazonas,Jumbilla,2005,0.000628
080917,Cusco,Manitea,2005,0.002624
250305,Ucayali,Alexander Von Humboldt,2006,0.000155
220509,San Martin,Shanao,2006,0.014523
250304,Ucayali,Neshuya,2006,0.000105
220501,San Martin,Lamas,2006,0.003735
220902,San Martin,Alberto Leveau,2006,0.009212
250102,Ucayali,Campoverde,2006,0.002427
220702,San Martin,Buenos Aires,2006,0.015889
220502,San Martin,Alonso De Alvarado,2006,0.000573
220404,San Martin,Piscoyacu,2006,0.008617
220708,San Martin,Shamboyacu,2006,0.000165
220204,San Martin,Huallaga,2006,0.001948
220605,San Martin,Pajarillo,2006,0.010851
010703,Amazonas,Cumba,2006,0.007996
220704,San Martin,Pilluana,2006,0.021089
220104,San Martin,Jepelacio,2006,0.003498
220505,San Martin,Cuñumbuqui,2006,0.010621
220507,San Martin,Rumisapa,2006,0.001443
220913,San Martin,Sauce,2006,0.054977
010608,Amazonas,Milpuc,2006,0.0
220405,San Martin,Sacanche,2006,0.007913
220709,San Martin,Tingo De Ponasa,2006,0.000222
220304,San Martin,Santa Rosa,2006,0.002469
100903,Huanuco,Honoria,2006,0.025066
220203,San Martin,Bajo Biavo,2006,0.00866
220710,San Martin,Tres Unidos,2006,0.000577
220510,San Martin,Tabalosos,2006,0.006726
100904,Huanuco,Tournavista,2006,0.013387
010701,Amazonas,Bagua Grande,2006,0.003309
220701,San Martin,Picota,2006,0.038156
220403,San Martin,El Eslabon,2006,0.010274
250105,Ucayali,Yarinacocha,2006,0.072167
220914,San Martin,Shapaja,2006,0.017879
010707,Amazonas,Yamon,2006,0.0042
010705,Amazonas,Jamalca,2006,0.001855
220205,San Martin,San Pablo,2006,0.007079
220705,San Martin,Pucacaca,2006,0.025447
220601,San Martin,Juanjui,2006,0.023002
100905,Huanuco,Yuyapichis,2006,0.01173
100608,Huanuco,Castillo Grande,2006,0.021355
220302,San Martin,Agua Blanca,2006,0.001809
250306,Ucayali,Huipoca,2006,0.006036
010611,Amazonas,Totora,2006,0.0
010706,Amazonas,Lonya Grande,2006,0.000447
220706,San Martin,San Cristobal,2006,0.057462
010303,Amazonas,Churuja,2006,0.007939
220301,San Martin,San Jose De Sisa,2006,0.003366
010204,Amazonas,El Parco,2006,0.0
010306,Amazonas,Florida,2006,0.02028
220303,San Martin,San Martin,2006,0.00192
220106,San Martin,Yantalo,2006,0.028962
220305,San Martin,Shatoja,2006,0.004412
010104,Amazonas,Cheto,2006,0.0
160201,Loreto,Yurimaguas,2006,0.025949
060901,Cajamarca,San Ignacio,2006,0.004396
220511,San Martin,Zapatero,2006,0.003076
060811,Cajamarca,San Jose Del Alto,2006,0.001905
010206,Amazonas,La Peca,2006,0.0
220401,San Martin,Saposoa,2006,0.004226
060902,Cajamarca,Chirinos,2006,0.006908
220908,San Martin,Juan Guerra,2006,0.029515
060904,Cajamarca,La Coipa,2006,0.001373
220808,San Martin,Yorongos,2006,0.016256
120607,Junin,Rio Negro,2006,0.004467
060812,Cajamarca,Santa Rosa,2006,0.012348
250106,Ucayali,Nueva Requena,2006,0.021406
220802,San Martin,Awajun,2006,0.011883
250302,Ucayali,Irazola,2006,0.003825
010109,Amazonas,La Jalca,2006,0.001411
220906,San Martin,El Porvenir,2006,0.019273
220707,San Martin,San Hilarion,2006,0.040167
220806,San Martin,Posic,2006,0.023765
220406,San Martin,Tingo De Saposoa,2006,0.052633
100901,Huanuco,Puerto Inca,2006,0.014514
010105,Amazonas,Chiliquin,2006,0.0
220105,San Martin,Soritor,2006,0.004305
220201,San Martin,Bellavista,2006,0.031051
060803,Cajamarca,Chontali,2006,0.003135
100605,Huanuco,Luyando,2006,0.024845
010307,Amazonas,Jazan,2006,0.003816
010502,Amazonas,Camporredondo,2006,0.000805
010515,Amazonas,Providencia,2006,0.002901
010102,Amazonas,Asuncion,2006,0.0
010510,Amazonas,Luya Viejo,2006,5.3e-05
100601,Huanuco,Rupa-Rupa,2006,0.014303
010514,Amazonas,Pisuquia,2006,0.001556
060810,Cajamarca,San Felipe,2006,0.00331
010305,Amazonas,Cuispes,2006,7.4e-05
060905,Cajamarca,Namballe,2006,0.001916
010119,Amazonas,San Isidro De Maino,2006,3.3e-05
060801,Cajamarca,Jaen,2006,0.002109
010513,Amazonas,Ocumal,2006,0.001214
220912,San Martin,San Antonio,2006,0.000794
220903,San Martin,Cacatachi,2006,0.015091
120602,Junin,Coviriali,2006,0.001716
120304,Junin,San Luis De Shuaro,2006,0.004075
120601,Junin,Satipo,2006,0.00537
010203,Amazonas,Copallin,2006,0.005261
010112,Amazonas,Magdalena,2006,0.001438
220102,San Martin,Calzada,2006,0.016745
060805,Cajamarca,Huabal,2006,0.0
010610,Amazonas,Santa Rosa,2006,0.0
220503,San Martin,Barranquita,2006,0.004478
220801,San Martin,Rioja,2006,0.004783
220703,San Martin,Caspisapa,2006,0.031818
080904,Cusco,Maranura,2006,0.012643
010117,Amazonas,Quinjalca,2006,0.0
250303,Ucayali,Curimana,2006,0.012621
010308,Amazonas,Recta,2006,0.001078
010115,Amazonas,Montevideo,2006,0.000376
010114,Amazonas,Molinopampa,2006,0.000434
010503,Amazonas,Cocabamba,2006,0.001508
060809,Cajamarca,Sallique,2006,0.006574
010120,Amazonas,Soloco,2006,0.0
010521,Amazonas,Santo Tomas,2006,0.000662
100113,Huanuco,San Pablo De Pillao,2006,0.001935
010602,Amazonas,Chirimoto,2006,0.000468
100603,Huanuco,Hermilio Valdizan,2006,0.001727
010111,Amazonas,Levanto,2006,0.002721
010518,Amazonas,San Jeronimo,2006,0.001044
010609,Amazonas,Omia,2006,6.3e-05
100902,Huanuco,Codo Del Pozuzo,2006,0.00812
010113,Amazonas,Mariscal Castilla,2006,0.001352
220101,San Martin,Moyobamba,2006,0.004346
010310,Amazonas,Shipasbamba,2006,0.003463
100103,Huanuco,Chinchao,2006,0.002012
010311,Amazonas,Valera,2006,0.003967
060907,Cajamarca,Tabaconas,2006,0.001531
160112,Loreto,Belen,2006,0.09889
200307,Piura,Sondor,2006,0.001803
220803,San Martin,Elias Soplin Vargas,2006,0.000872
010506,Amazonas,Inguilpata,2006,0.000698
220506,San Martin,Pinto Recodo,2006,0.00342
120303,Junin,Pichanaqui,2006,0.005114
010202,Amazonas,Aramango,2006,0.006154
010606,Amazonas,Longar,2006,0.0
160101,Loreto,Iquitos,2006,0.041222
010507,Amazonas,Longuita,2006,0.0
221001,San Martin,Tocache,2006,0.015724
010511,Amazonas,Maria,2006,0.0
080901,Cusco,Santa Ana,2006,0.006976
120302,Junin,Perene,2006,0.004603
050409,Ayacucho,Canayre,2006,0.017408
221002,San Martin,Nuevo Progreso,2006,0.010391
200303,Piura,El Carmen De La Frontera,2006,0.004341
100609,Huanuco,Pueblo Nuevo,2006,0.012082
080903,Cusco,Huayopata,2006,0.005276
010604,Amazonas,Huambo,2006,0.0
100505,Huanuco,Jircan,2006,0.00162
010512,Amazonas,Ocalli,2006,0.0
010101,Amazonas,Chachapoyas,2006,0.002055
060903,Cajamarca,Huarango,2006,0.003814
010116,Amazonas,Olleros,2006,0.00015
010605,Amazonas,Limabamba,2006,0.000356
100804,Huanuco,Umari,2006,0.000875
220504,San Martin,Caynarachi,2006,0.003934
080905,Cusco,Ocobamba,2006,0.004054
010517,Amazonas,San Francisco Del Yeso,2006,0.001398
120609,Junin,Vizcatán Del Ene,2006,0.014594
060807,Cajamarca,Pomahuaca,2006,0.001872
010304,Amazonas,Corosha,2006,0.00413
221005,San Martin,Uchiza,2006,0.008176
220807,San Martin,San Fernando,2006,0.032393
050512,Ayacucho,Union Progreso,2006,0.021849
060804,Cajamarca,Colasay,2006,0.003323
160503,Loreto,Capelo,2006,0.08056
220910,San Martin,Morales,2006,0.010043
120604,Junin,Mazamari,2006,0.009619
120603,Junin,Llaylla,2006,0.000992
010520,Amazonas,Santa Catalina,2006,0.0
010603,Amazonas,Cochamal,2006,0.0
120209,Junin,Mariscal Castilla,2006,0.005325
010601,Amazonas,San Nicolas,2006,0.00589
010519,Amazonas,San Juan De Lopecancha,2006,0.003429
160211,Loreto,Teniente Cesar Lopez Rojas,2006,0.017461
080408,Cusco,Yanatile,2006,0.006183
050408,Ayacucho,Llochegua,2006,0.009357
100507,Huanuco,Monzon,2006,0.004363
081304,Cusco,Machupicchu,2006,0.005607
220909,San Martin,La Banda De Shilcayo,2006,0.002685
220103,San Martin,Habana,2006,0.021901
100606,Huanuco,Mariano Damaso Beraun,2006,0.005149
010508,Amazonas,Lonya Chico,2006,0.000652
170102,Madre De Dios,Inambari,2006,0.024042
050502,Ayacucho,Anco,2006,0.00472
010523,Amazonas,Trita,2006,0.0
010516,Amazonas,San Cristobal,2006,0.001401
080918,Cusco,Union Ashaninka,2006,0.006347
221006,San Martin,Santa Lucia,2006,0.028472
100702,Huanuco,Cholon,2006,0.003148
211205,Puno,Phara,2006,0.003633
170204,Madre De Dios,Huepetuhe,2006,0.014921
010302,Amazonas,Chisquilla,2006,0.001545
050507,Ayacucho,Santa Rosa,2006,0.009285
220804,San Martin,Nueva Cajamarca,2006,0.002806
220809,San Martin,Yuracyacu,2006,0.024708
160603,Loreto,Padre Marquez,2006,0.051475
010522,Amazonas,Tingo,2006,0.004281
080906,Cusco,Quellouno,2006,0.006128
010301,Amazonas,Jumbilla,2006,0.0006
080917,Cusco,Manitea,2006,0.003419
250305,Ucayali,Alexander Von Humboldt,2007,9e-06
220509,San Martin,Shanao,2007,0.014414
250304,Ucayali,Neshuya,2007,0.000147
220501,San Martin,Lamas,2007,0.003625
220902,San Martin,Alberto Leveau,2007,0.010344
250102,Ucayali,Campoverde,2007,0.002996
220702,San Martin,Buenos Aires,2007,0.015572
220502,San Martin,Alonso De Alvarado,2007,0.000537
220404,San Martin,Piscoyacu,2007,0.006869
220708,San Martin,Shamboyacu,2007,0.000378
220204,San Martin,Huallaga,2007,0.002104
220605,San Martin,Pajarillo,2007,0.011643
010703,Amazonas,Cumba,2007,0.008525
220704,San Martin,Pilluana,2007,0.022219
220104,San Martin,Jepelacio,2007,0.004345
220505,San Martin,Cuñumbuqui,2007,0.010396
220507,San Martin,Rumisapa,2007,0.001657
220913,San Martin,Sauce,2007,0.053348
010608,Amazonas,Milpuc,2007,0.000207
220405,San Martin,Sacanche,2007,0.006788
220709,San Martin,Tingo De Ponasa,2007,7.1e-05
220304,San Martin,Santa Rosa,2007,0.001532
100903,Huanuco,Honoria,2007,0.027578
220203,San Martin,Bajo Biavo,2007,0.007872
220710,San Martin,Tres Unidos,2007,0.000522
220510,San Martin,Tabalosos,2007,0.006574
100904,Huanuco,Tournavista,2007,0.014123
010701,Amazonas,Bagua Grande,2007,0.003477
220701,San Martin,Picota,2007,0.041292
220403,San Martin,El Eslabon,2007,0.007412
250105,Ucayali,Yarinacocha,2007,0.089807
220914,San Martin,Shapaja,2007,0.018286
010707,Amazonas,Yamon,2007,0.004266
010705,Amazonas,Jamalca,2007,0.001909
220205,San Martin,San Pablo,2007,0.00452
220705,San Martin,Pucacaca,2007,0.027372
220601,San Martin,Juanjui,2007,0.024895
100905,Huanuco,Yuyapichis,2007,0.01186
100608,Huanuco,Castillo Grande,2007,0.022666
220302,San Martin,Agua Blanca,2007,0.00121
250306,Ucayali,Huipoca,2007,0.006195
010611,Amazonas,Totora,2007,0.0
010706,Amazonas,Lonya Grande,2007,0.000476
220706,San Martin,San Cristobal,2007,0.074551
010303,Amazonas,Churuja,2007,0.008386
220301,San Martin,San Jose De Sisa,2007,0.002257
010204,Amazonas,El Parco,2007,0.0
010306,Amazonas,Florida,2007,0.020236
220303,San Martin,San Martin,2007,0.001964
220106,San Martin,Yantalo,2007,0.024772
220305,San Martin,Shatoja,2007,0.004111
010104,Amazonas,Cheto,2007,0.0
160201,Loreto,Yurimaguas,2007,0.028448
060901,Cajamarca,San Ignacio,2007,0.004711
220511,San Martin,Zapatero,2007,0.002872
060811,Cajamarca,San Jose Del Alto,2007,0.002166
010206,Amazonas,La Peca,2007,0.0
220401,San Martin,Saposoa,2007,0.003751
060902,Cajamarca,Chirinos,2007,0.007301
220908,San Martin,Juan Guerra,2007,0.03122
060904,Cajamarca,La Coipa,2007,0.001448
220808,San Martin,Yorongos,2007,0.01282
120607,Junin,Rio Negro,2007,0.004326
060812,Cajamarca,Santa Rosa,2007,0.011993
250106,Ucayali,Nueva Requena,2007,0.02318
220802,San Martin,Awajun,2007,0.009397
250302,Ucayali,Irazola,2007,0.004078
010109,Amazonas,La Jalca,2007,0.001404
220906,San Martin,El Porvenir,2007,0.020553
220707,San Martin,San Hilarion,2007,0.054344
220806,San Martin,Posic,2007,0.024814
220406,San Martin,Tingo De Saposoa,2007,0.063409
100901,Huanuco,Puerto Inca,2007,0.014732
010105,Amazonas,Chiliquin,2007,0.0
220105,San Martin,Soritor,2007,0.004806
220201,San Martin,Bellavista,2007,0.028584
060803,Cajamarca,Chontali,2007,0.003388
100605,Huanuco,Luyando,2007,0.025914
010307,Amazonas,Jazan,2007,0.003781
010502,Amazonas,Camporredondo,2007,0.000768
010515,Amazonas,Providencia,2007,0.002901
010102,Amazonas,Asuncion,2007,0.0
010510,Amazonas,Luya Viejo,2007,5.3e-05
100601,Huanuco,Rupa-Rupa,2007,0.015031
010514,Amazonas,Pisuquia,2007,0.001605
060810,Cajamarca,San Felipe,2007,0.003793
010305,Amazonas,Cuispes,2007,6.5e-05
060905,Cajamarca,Namballe,2007,0.001999
010119,Amazonas,San Isidro De Maino,2007,0.0
060801,Cajamarca,Jaen,2007,0.002096
010513,Amazonas,Ocumal,2007,0.001236
220912,San Martin,San Antonio,2007,0.000965
220903,San Martin,Cacatachi,2007,0.023272
120602,Junin,Coviriali,2007,0.001465
120304,Junin,San Luis De Shuaro,2007,0.003779
120601,Junin,Satipo,2007,0.005078
010203,Amazonas,Copallin,2007,0.005792
010112,Amazonas,Magdalena,2007,0.00126
220102,San Martin,Calzada,2007,0.01379
060805,Cajamarca,Huabal,2007,0.0
010610,Amazonas,Santa Rosa,2007,0.0
220503,San Martin,Barranquita,2007,0.005374
220801,San Martin,Rioja,2007,0.005894
220703,San Martin,Caspisapa,2007,0.038158
080904,Cusco,Maranura,2007,0.01526
010117,Amazonas,Quinjalca,2007,0.0
250303,Ucayali,Curimana,2007,0.013173
010308,Amazonas,Recta,2007,0.001015
010115,Amazonas,Montevideo,2007,0.000376
010114,Amazonas,Molinopampa,2007,0.000447
010503,Amazonas,Cocabamba,2007,0.001649
060809,Cajamarca,Sallique,2007,0.007445
010120,Amazonas,Soloco,2007,0.0
010521,Amazonas,Santo Tomas,2007,0.000662
100113,Huanuco,San Pablo De Pillao,2007,0.001842
010602,Amazonas,Chirimoto,2007,0.000497
100603,Huanuco,Hermilio Valdizan,2007,0.002608
010111,Amazonas,Levanto,2007,0.002554
010518,Amazonas,San Jeronimo,2007,0.00104
010609,Amazonas,Omia,2007,4.3e-05
100902,Huanuco,Codo Del Pozuzo,2007,0.009332
010113,Amazonas,Mariscal Castilla,2007,0.001363
220101,San Martin,Moyobamba,2007,0.004776
010310,Amazonas,Shipasbamba,2007,0.003435
100103,Huanuco,Chinchao,2007,0.002238
010311,Amazonas,Valera,2007,0.003898
060907,Cajamarca,Tabaconas,2007,0.001531
160112,Loreto,Belen,2007,0.114647
200307,Piura,Sondor,2007,0.002206
220803,San Martin,Elias Soplin Vargas,2007,0.000772
010506,Amazonas,Inguilpata,2007,0.00063
220506,San Martin,Pinto Recodo,2007,0.003936
120303,Junin,Pichanaqui,2007,0.005132
010202,Amazonas,Aramango,2007,0.006447
010606,Amazonas,Longar,2007,0.0
160101,Loreto,Iquitos,2007,0.042124
010507,Amazonas,Longuita,2007,0.0
221001,San Martin,Tocache,2007,0.015899
010511,Amazonas,Maria,2007,0.0
080901,Cusco,Santa Ana,2007,0.007579
120302,Junin,Perene,2007,0.004403
050409,Ayacucho,Canayre,2007,0.018441
221002,San Martin,Nuevo Progreso,2007,0.010946
200303,Piura,El Carmen De La Frontera,2007,0.004549
100609,Huanuco,Pueblo Nuevo,2007,0.012862
080903,Cusco,Huayopata,2007,0.00594
010604,Amazonas,Huambo,2007,0.0
100505,Huanuco,Jircan,2007,0.001542
010512,Amazonas,Ocalli,2007,0.0
010101,Amazonas,Chachapoyas,2007,0.001828
060903,Cajamarca,Huarango,2007,0.003857
010116,Amazonas,Olleros,2007,0.00015
010605,Amazonas,Limabamba,2007,0.000408
100804,Huanuco,Umari,2007,0.000836
220504,San Martin,Caynarachi,2007,0.004245
080905,Cusco,Ocobamba,2007,0.003698
010517,Amazonas,San Francisco Del Yeso,2007,0.001417
120609,Junin,Vizcatán Del Ene,2007,0.014081
060807,Cajamarca,Pomahuaca,2007,0.002244
010304,Amazonas,Corosha,2007,0.003936
221005,San Martin,Uchiza,2007,0.007611
220807,San Martin,San Fernando,2007,0.05162
050512,Ayacucho,Union Progreso,2007,0.021269
060804,Cajamarca,Colasay,2007,0.003626
160503,Loreto,Capelo,2007,0.070636
220910,San Martin,Morales,2007,0.019929
120604,Junin,Mazamari,2007,0.009506
120603,Junin,Llaylla,2007,0.000955
010520,Amazonas,Santa Catalina,2007,0.0
010603,Amazonas,Cochamal,2007,0.0
120209,Junin,Mariscal Castilla,2007,0.003799
010601,Amazonas,San Nicolas,2007,0.006542
010519,Amazonas,San Juan De Lopecancha,2007,0.003284
160211,Loreto,Teniente Cesar Lopez Rojas,2007,0.018675
080408,Cusco,Yanatile,2007,0.006105
050408,Ayacucho,Llochegua,2007,0.010576
100507,Huanuco,Monzon,2007,0.004851
081304,Cusco,Machupicchu,2007,0.005457
220909,San Martin,La Banda De Shilcayo,2007,0.002752
220103,San Martin,Habana,2007,0.016914
100606,Huanuco,Mariano Damaso Beraun,2007,0.005462
010508,Amazonas,Lonya Chico,2007,0.000576
170102,Madre De Dios,Inambari,2007,0.024232
050502,Ayacucho,Anco,2007,0.004677
010523,Amazonas,Trita,2007,0.0
010516,Amazonas,San Cristobal,2007,0.001601
080918,Cusco,Union Ashaninka,2007,0.007736
221006,San Martin,Santa Lucia,2007,0.030088
100702,Huanuco,Cholon,2007,0.003118
211205,Puno,Phara,2007,0.003398
170204,Madre De Dios,Huepetuhe,2007,0.01503
010302,Amazonas,Chisquilla,2007,0.001385
050507,Ayacucho,Santa Rosa,2007,0.009166
220804,San Martin,Nueva Cajamarca,2007,0.003426
220809,San Martin,Yuracyacu,2007,0.046019
160603,Loreto,Padre Marquez,2007,0.053
010522,Amazonas,Tingo,2007,0.003816
080906,Cusco,Quellouno,2007,0.00642
010301,Amazonas,Jumbilla,2007,0.000572
080917,Cusco,Manitea,2007,0.00337
250305,Ucayali,Alexander Von Humboldt,2008,0.00022
220509,San Martin,Shanao,2008,0.015107
250304,Ucayali,Neshuya,2008,9.4e-05
220501,San Martin,Lamas,2008,0.003893
220902,San Martin,Alberto Leveau,2008,0.010276
250102,Ucayali,Campoverde,2008,0.002628
220702,San Martin,Buenos Aires,2008,0.01481
220502,San Martin,Alonso De Alvarado,2008,0.001011
220404,San Martin,Piscoyacu,2008,0.01
220708,San Martin,Shamboyacu,2008,0.000102
220204,San Martin,Huallaga,2008,0.002318
220605,San Martin,Pajarillo,2008,0.012897
010703,Amazonas,Cumba,2008,0.008628
220704,San Martin,Pilluana,2008,0.022284
220104,San Martin,Jepelacio,2008,0.004647
220505,San Martin,Cuñumbuqui,2008,0.011079
220507,San Martin,Rumisapa,2008,0.003367
220913,San Martin,Sauce,2008,0.054378
010608,Amazonas,Milpuc,2008,0.0
220405,San Martin,Sacanche,2008,0.008067
220709,San Martin,Tingo De Ponasa,2008,6.1e-05
220304,San Martin,Santa Rosa,2008,0.002847
100903,Huanuco,Honoria,2008,0.024057
220203,San Martin,Bajo Biavo,2008,0.010055
220710,San Martin,Tres Unidos,2008,0.000551
220510,San Martin,Tabalosos,2008,0.006805
100904,Huanuco,Tournavista,2008,0.013524
010701,Amazonas,Bagua Grande,2008,0.003795
220701,San Martin,Picota,2008,0.040725
220403,San Martin,El Eslabon,2008,0.009349
250105,Ucayali,Yarinacocha,2008,0.071414
220914,San Martin,Shapaja,2008,0.019732
010707,Amazonas,Yamon,2008,0.004246
010705,Amazonas,Jamalca,2008,0.002086
220205,San Martin,San Pablo,2008,0.007758
220705,San Martin,Pucacaca,2008,0.026099
220601,San Martin,Juanjui,2008,0.02495
100905,Huanuco,Yuyapichis,2008,0.011836
100608,Huanuco,Castillo Grande,2008,0.025822
220302,San Martin,Agua Blanca,2008,0.002187
250306,Ucayali,Huipoca,2008,0.005927
010611,Amazonas,Totora,2008,0.0
010706,Amazonas,Lonya Grande,2008,0.000466
220706,San Martin,San Cristobal,2008,0.066316
010303,Amazonas,Churuja,2008,0.00847
220301,San Martin,San Jose De Sisa,2008,0.00296
010204,Amazonas,El Parco,2008,0.0
010306,Amazonas,Florida,2008,0.020244
220303,San Martin,San Martin,2008,0.001852
220106,San Martin,Yantalo,2008,0.029345
220305,San Martin,Shatoja,2008,0.005558
010104,Amazonas,Cheto,2008,0.0
160201,Loreto,Yurimaguas,2008,0.027349
060901,Cajamarca,San Ignacio,2008,0.004576
220511,San Martin,Zapatero,2008,0.002964
060811,Cajamarca,San Jose Del Alto,2008,0.001808
010206,Amazonas,La Peca,2008,0.0
220401,San Martin,Saposoa,2008,0.004224
060902,Cajamarca,Chirinos,2008,0.007639
220908,San Martin,Juan Guerra,2008,0.031576
060904,Cajamarca,La Coipa,2008,0.001393
220808,San Martin,Yorongos,2008,0.028119
120607,Junin,Rio Negro,2008,0.003994
060812,Cajamarca,Santa Rosa,2008,0.012028
250106,Ucayali,Nueva Requena,2008,0.020741
220802,San Martin,Awajun,2008,0.018921
250302,Ucayali,Irazola,2008,0.003805
010109,Amazonas,La Jalca,2008,0.001605
220906,San Martin,El Porvenir,2008,0.020326
220707,San Martin,San Hilarion,2008,0.059952
220806,San Martin,Posic,2008,0.050828
220406,San Martin,Tingo De Saposoa,2008,0.066434
100901,Huanuco,Puerto Inca,2008,0.014867
010105,Amazonas,Chiliquin,2008,0.0
220105,San Martin,Soritor,2008,0.005784
220201,San Martin,Bellavista,2008,0.035553
060803,Cajamarca,Chontali,2008,0.00359
100605,Huanuco,Luyando,2008,0.029859
010307,Amazonas,Jazan,2008,0.004086
010502,Amazonas,Camporredondo,2008,0.000927
010515,Amazonas,Providencia,2008,0.002871
010102,Amazonas,Asuncion,2008,0.0
010510,Amazonas,Luya Viejo,2008,5.3e-05
100601,Huanuco,Rupa-Rupa,2008,0.016982
010514,Amazonas,Pisuquia,2008,0.001592
060810,Cajamarca,San Felipe,2008,0.003731
010305,Amazonas,Cuispes,2008,6.5e-05
060905,Cajamarca,Namballe,2008,0.001922
010119,Amazonas,San Isidro De Maino,2008,0.0
060801,Cajamarca,Jaen,2008,0.002914
010513,Amazonas,Ocumal,2008,0.001178
220912,San Martin,San Antonio,2008,0.001838
220903,San Martin,Cacatachi,2008,0.057586
120602,Junin,Coviriali,2008,0.000809
120304,Junin,San Luis De Shuaro,2008,0.003172
120601,Junin,Satipo,2008,0.004438
010203,Amazonas,Copallin,2008,0.006403
010112,Amazonas,Magdalena,2008,0.001208
220102,San Martin,Calzada,2008,0.033052
060805,Cajamarca,Huabal,2008,0.0
010610,Amazonas,Santa Rosa,2008,0.0
220503,San Martin,Barranquita,2008,0.004736
220801,San Martin,Rioja,2008,0.007711
220703,San Martin,Caspisapa,2008,0.031199
080904,Cusco,Maranura,2008,0.015461
010117,Amazonas,Quinjalca,2008,0.0
250303,Ucayali,Curimana,2008,0.01259
010308,Amazonas,Recta,2008,0.001618
010115,Amazonas,Montevideo,2008,0.000354
010114,Amazonas,Molinopampa,2008,0.000447
010503,Amazonas,Cocabamba,2008,0.001659
060809,Cajamarca,Sallique,2008,0.00699
010120,Amazonas,Soloco,2008,0.0
010521,Amazonas,Santo Tomas,2008,0.000593
100113,Huanuco,San Pablo De Pillao,2008,0.001989
010602,Amazonas,Chirimoto,2008,0.000485
100603,Huanuco,Hermilio Valdizan,2008,0.004106
010111,Amazonas,Levanto,2008,0.002305
010518,Amazonas,San Jeronimo,2008,0.001078
010609,Amazonas,Omia,2008,1.6e-05
100902,Huanuco,Codo Del Pozuzo,2008,0.009279
010113,Amazonas,Mariscal Castilla,2008,0.001025
220101,San Martin,Moyobamba,2008,0.00587
010310,Amazonas,Shipasbamba,2008,0.003506
100103,Huanuco,Chinchao,2008,0.002133
010311,Amazonas,Valera,2008,0.004092
060907,Cajamarca,Tabaconas,2008,0.0015
160112,Loreto,Belen,2008,0.111635
200307,Piura,Sondor,2008,0.002904
220803,San Martin,Elias Soplin Vargas,2008,0.000284
010506,Amazonas,Inguilpata,2008,0.0006
220506,San Martin,Pinto Recodo,2008,0.004031
120303,Junin,Pichanaqui,2008,0.004642
010202,Amazonas,Aramango,2008,0.006738
010606,Amazonas,Longar,2008,0.0
160101,Loreto,Iquitos,2008,0.041813
010507,Amazonas,Longuita,2008,0.0
221001,San Martin,Tocache,2008,0.016765
010511,Amazonas,Maria,2008,0.0
080901,Cusco,Santa Ana,2008,0.006913
120302,Junin,Perene,2008,0.004149
050409,Ayacucho,Canayre,2008,0.0141
221002,San Martin,Nuevo Progreso,2008,0.01196
200303,Piura,El Carmen De La Frontera,2008,0.004345
100609,Huanuco,Pueblo Nuevo,2008,0.015603
080903,Cusco,Huayopata,2008,0.006393
010604,Amazonas,Huambo,2008,0.0
100505,Huanuco,Jircan,2008,0.00162
010512,Amazonas,Ocalli,2008,0.0
010101,Amazonas,Chachapoyas,2008,0.001573
060903,Cajamarca,Huarango,2008,0.003966
010116,Amazonas,Olleros,2008,0.0
010605,Amazonas,Limabamba,2008,0.000382
100804,Huanuco,Umari,2008,0.000858
220504,San Martin,Caynarachi,2008,0.003719
080905,Cusco,Ocobamba,2008,0.003759
010517,Amazonas,San Francisco Del Yeso,2008,0.001246
120609,Junin,Vizcatán Del Ene,2008,0.012242
060807,Cajamarca,Pomahuaca,2008,0.002406
010304,Amazonas,Corosha,2008,0.003991
221005,San Martin,Uchiza,2008,0.009334
220807,San Martin,San Fernando,2008,0.059264
050512,Ayacucho,Union Progreso,2008,0.016833
060804,Cajamarca,Colasay,2008,0.003604
160503,Loreto,Capelo,2008,0.073001
220910,San Martin,Morales,2008,0.042242
120604,Junin,Mazamari,2008,0.00831
120603,Junin,Llaylla,2008,0.000878
010520,Amazonas,Santa Catalina,2008,0.0
010603,Amazonas,Cochamal,2008,2.5e-05
120209,Junin,Mariscal Castilla,2008,0.003503
010601,Amazonas,San Nicolas,2008,0.010518
010519,Amazonas,San Juan De Lopecancha,2008,0.003336
160211,Loreto,Teniente Cesar Lopez Rojas,2008,0.018689
080408,Cusco,Yanatile,2008,0.006483
050408,Ayacucho,Llochegua,2008,0.008211
100507,Huanuco,Monzon,2008,0.005252
081304,Cusco,Machupicchu,2008,0.00647
220909,San Martin,La Banda De Shilcayo,2008,0.003878
220103,San Martin,Habana,2008,0.091146
100606,Huanuco,Mariano Damaso Beraun,2008,0.00579
010508,Amazonas,Lonya Chico,2008,0.000588
170102,Madre De Dios,Inambari,2008,0.027695
050502,Ayacucho,Anco,2008,0.00439
010523,Amazonas,Trita,2008,0.0
010516,Amazonas,San Cristobal,2008,0.001751
080918,Cusco,Union Ashaninka,2008,0.005363
221006,San Martin,Santa Lucia,2008,0.035226
100702,Huanuco,Cholon,2008,0.003325
211205,Puno,Phara,2008,0.003442
170204,Madre De Dios,Huepetuhe,2008,0.016238
010302,Amazonas,Chisquilla,2008,0.001699
050507,Ayacucho,Santa Rosa,2008,0.00779
220804,San Martin,Nueva Cajamarca,2008,0.002889
220809,San Martin,Yuracyacu,2008,0.047266
160603,Loreto,Padre Marquez,2008,0.047286
010522,Amazonas,Tingo,2008,0.003629
080906,Cusco,Quellouno,2008,0.006376
010301,Amazonas,Jumbilla,2008,0.0006
080917,Cusco,Manitea,2008,0.002734
250305,Ucayali,Alexander Von Humboldt,2009,6.5e-05
220509,San Martin,Shanao,2009,0.014304
250304,Ucayali,Neshuya,2009,0.000132
220501,San Martin,Lamas,2009,0.003584
220902,San Martin,Alberto Leveau,2009,0.010173
250102,Ucayali,Campoverde,2009,0.003007
220702,San Martin,Buenos Aires,2009,0.015193
220502,San Martin,Alonso De Alvarado,2009,0.000666
220404,San Martin,Piscoyacu,2009,0.008731
220708,San Martin,Shamboyacu,2009,0.000167
220204,San Martin,Huallaga,2009,0.002
220605,San Martin,Pajarillo,2009,0.012108
010703,Amazonas,Cumba,2009,0.009163
220704,San Martin,Pilluana,2009,0.022414
220104,San Martin,Jepelacio,2009,0.004849
220505,San Martin,Cuñumbuqui,2009,0.010996
220507,San Martin,Rumisapa,2009,0.001844
220913,San Martin,Sauce,2009,0.054255
010608,Amazonas,Milpuc,2009,0.0
220405,San Martin,Sacanche,2009,0.008538
220709,San Martin,Tingo De Ponasa,2009,5e-05
220304,San Martin,Santa Rosa,2009,0.003325
100903,Huanuco,Honoria,2009,0.026609
220203,San Martin,Bajo Biavo,2009,0.010956
220710,San Martin,Tres Unidos,2009,0.000628
220510,San Martin,Tabalosos,2009,0.006787
100904,Huanuco,Tournavista,2009,0.014549
010701,Amazonas,Bagua Grande,2009,0.00402
220701,San Martin,Picota,2009,0.040937
220403,San Martin,El Eslabon,2009,0.009676
250105,Ucayali,Yarinacocha,2009,0.081112
220914,San Martin,Shapaja,2009,0.019093
010707,Amazonas,Yamon,2009,0.004469
010705,Amazonas,Jamalca,2009,0.002076
220205,San Martin,San Pablo,2009,0.013722
220705,San Martin,Pucacaca,2009,0.026353
220601,San Martin,Juanjui,2009,0.025156
100905,Huanuco,Yuyapichis,2009,0.011792
100608,Huanuco,Castillo Grande,2009,0.021397
220302,San Martin,Agua Blanca,2009,0.002891
250306,Ucayali,Huipoca,2009,0.005608
010611,Amazonas,Totora,2009,0.0
010706,Amazonas,Lonya Grande,2009,0.000486
220706,San Martin,San Cristobal,2009,0.058466
010303,Amazonas,Churuja,2009,0.008246
220301,San Martin,San Jose De Sisa,2009,0.003323
010204,Amazonas,El Parco,2009,0.0
010306,Amazonas,Florida,2009,0.020092
220303,San Martin,San Martin,2009,0.002976
220106,San Martin,Yantalo,2009,0.026458
220305,San Martin,Shatoja,2009,0.006503
010104,Amazonas,Cheto,2009,0.0
160201,Loreto,Yurimaguas,2009,0.029165
060901,Cajamarca,San Ignacio,2009,0.004713
220511,San Martin,Zapatero,2009,0.002979
060811,Cajamarca,San Jose Del Alto,2009,0.002182
010206,Amazonas,La Peca,2009,0.0
220401,San Martin,Saposoa,2009,0.004035
060902,Cajamarca,Chirinos,2009,0.007364
220908,San Martin,Juan Guerra,2009,0.031613
060904,Cajamarca,La Coipa,2009,0.001578
220808,San Martin,Yorongos,2009,0.031533
120607,Junin,Rio Negro,2009,0.004273
060812,Cajamarca,Santa Rosa,2009,0.012729
250106,Ucayali,Nueva Requena,2009,0.023098
220802,San Martin,Awajun,2009,0.013769
250302,Ucayali,Irazola,2009,0.003833
010109,Amazonas,La Jalca,2009,0.001727
220906,San Martin,El Porvenir,2009,0.020682
220707,San Martin,San Hilarion,2009,0.04662
220806,San Martin,Posic,2009,0.036298
220406,San Martin,Tingo De Saposoa,2009,0.065847
100901,Huanuco,Puerto Inca,2009,0.015098
010105,Amazonas,Chiliquin,2009,0.0
220105,San Martin,Soritor,2009,0.006983
220201,San Martin,Bellavista,2009,0.035742
060803,Cajamarca,Chontali,2009,0.003218
100605,Huanuco,Luyando,2009,0.023459
010307,Amazonas,Jazan,2009,0.003886
010502,Amazonas,Camporredondo,2009,0.000894
010515,Amazonas,Providencia,2009,0.002955
010102,Amazonas,Asuncion,2009,0.0
010510,Amazonas,Luya Viejo,2009,5.3e-05
100601,Huanuco,Rupa-Rupa,2009,0.015251
010514,Amazonas,Pisuquia,2009,0.00154
060810,Cajamarca,San Felipe,2009,0.00462
010305,Amazonas,Cuispes,2009,6.5e-05
060905,Cajamarca,Namballe,2009,0.001897
010119,Amazonas,San Isidro De Maino,2009,0.0
060801,Cajamarca,Jaen,2009,0.002427
010513,Amazonas,Ocumal,2009,0.001222
220912,San Martin,San Antonio,2009,0.002043
220903,San Martin,Cacatachi,2009,0.015514
120602,Junin,Coviriali,2009,0.000988
120304,Junin,San Luis De Shuaro,2009,0.00361
120601,Junin,Satipo,2009,0.005084
010203,Amazonas,Copallin,2009,0.00741
010112,Amazonas,Magdalena,2009,0.001332
220102,San Martin,Calzada,2009,0.023099
060805,Cajamarca,Huabal,2009,0.0
010610,Amazonas,Santa Rosa,2009,0.0
220503,San Martin,Barranquita,2009,0.005711
220801,San Martin,Rioja,2009,0.006945
220703,San Martin,Caspisapa,2009,0.033161
080904,Cusco,Maranura,2009,0.016086
010117,Amazonas,Quinjalca,2009,0.0
250303,Ucayali,Curimana,2009,0.013312
010308,Amazonas,Recta,2009,0.001332
010115,Amazonas,Montevideo,2009,0.000376
010114,Amazonas,Molinopampa,2009,0.000436
010503,Amazonas,Cocabamba,2009,0.001563
060809,Cajamarca,Sallique,2009,0.007406
010120,Amazonas,Soloco,2009,0.0
010521,Amazonas,Santo Tomas,2009,0.000612
100113,Huanuco,San Pablo De Pillao,2009,0.001767
010602,Amazonas,Chirimoto,2009,0.000549
100603,Huanuco,Hermilio Valdizan,2009,0.003225
010111,Amazonas,Levanto,2009,0.002531
010518,Amazonas,San Jeronimo,2009,0.001048
010609,Amazonas,Omia,2009,2.4e-05
100902,Huanuco,Codo Del Pozuzo,2009,0.008763
010113,Amazonas,Mariscal Castilla,2009,0.00107
220101,San Martin,Moyobamba,2009,0.00557
010310,Amazonas,Shipasbamba,2009,0.00352
100103,Huanuco,Chinchao,2009,0.001989
010311,Amazonas,Valera,2009,0.004058
060907,Cajamarca,Tabaconas,2009,0.001411
160112,Loreto,Belen,2009,0.102828
200307,Piura,Sondor,2009,0.002932
220803,San Martin,Elias Soplin Vargas,2009,0.000557
010506,Amazonas,Inguilpata,2009,0.000683
220506,San Martin,Pinto Recodo,2009,0.003834
120303,Junin,Pichanaqui,2009,0.005015
010202,Amazonas,Aramango,2009,0.006417
010606,Amazonas,Longar,2009,0.0
160101,Loreto,Iquitos,2009,0.041445
010507,Amazonas,Longuita,2009,0.0
221001,San Martin,Tocache,2009,0.016649
010511,Amazonas,Maria,2009,0.0
080901,Cusco,Santa Ana,2009,0.00753
120302,Junin,Perene,2009,0.004489
050409,Ayacucho,Canayre,2009,0.018937
221002,San Martin,Nuevo Progreso,2009,0.010863
200303,Piura,El Carmen De La Frontera,2009,0.004368
100609,Huanuco,Pueblo Nuevo,2009,0.012881
080903,Cusco,Huayopata,2009,0.006217
010604,Amazonas,Huambo,2009,0.0
100505,Huanuco,Jircan,2009,0.001616
010512,Amazonas,Ocalli,2009,0.0
010101,Amazonas,Chachapoyas,2009,0.001794
060903,Cajamarca,Huarango,2009,0.003898
010116,Amazonas,Olleros,2009,0.00015
010605,Amazonas,Limabamba,2009,0.000343
100804,Huanuco,Umari,2009,0.000656
220504,San Martin,Caynarachi,2009,0.003921
080905,Cusco,Ocobamba,2009,0.004401
010517,Amazonas,San Francisco Del Yeso,2009,0.001295
120609,Junin,Vizcatán Del Ene,2009,0.0139
060807,Cajamarca,Pomahuaca,2009,0.0027
010304,Amazonas,Corosha,2009,0.003964
221005,San Martin,Uchiza,2009,0.008113
220807,San Martin,San Fernando,2009,0.056922
050512,Ayacucho,Union Progreso,2009,0.019085
060804,Cajamarca,Colasay,2009,0.003902
160503,Loreto,Capelo,2009,0.067696
220910,San Martin,Morales,2009,0.02021
120604,Junin,Mazamari,2009,0.009083
120603,Junin,Llaylla,2009,0.001015
010520,Amazonas,Santa Catalina,2009,0.0
010603,Amazonas,Cochamal,2009,0.0
120209,Junin,Mariscal Castilla,2009,0.004329
010601,Amazonas,San Nicolas,2009,0.010179
010519,Amazonas,San Juan De Lopecancha,2009,0.003326
160211,Loreto,Teniente Cesar Lopez Rojas,2009,0.019931
080408,Cusco,Yanatile,2009,0.006493
050408,Ayacucho,Llochegua,2009,0.010654
100507,Huanuco,Monzon,2009,0.004803
081304,Cusco,Machupicchu,2009,0.006427
220909,San Martin,La Banda De Shilcayo,2009,0.003672
220103,San Martin,Habana,2009,0.088342
100606,Huanuco,Mariano Damaso Beraun,2009,0.005149
010508,Amazonas,Lonya Chico,2009,0.000499
170102,Madre De Dios,Inambari,2009,0.027555
050502,Ayacucho,Anco,2009,0.004528
010523,Amazonas,Trita,2009,0.0
010516,Amazonas,San Cristobal,2009,0.001751
080918,Cusco,Union Ashaninka,2009,0.007349
221006,San Martin,Santa Lucia,2009,0.032354
100702,Huanuco,Cholon,2009,0.003183
211205,Puno,Phara,2009,0.003452
170204,Madre De Dios,Huepetuhe,2009,0.017081
010302,Amazonas,Chisquilla,2009,0.001523
050507,Ayacucho,Santa Rosa,2009,0.009354
220804,San Martin,Nueva Cajamarca,2009,0.004305
220809,San Martin,Yuracyacu,2009,0.043883
160603,Loreto,Padre Marquez,2009,0.043641
010522,Amazonas,Tingo,2009,0.003832
080906,Cusco,Quellouno,2009,0.006525
010301,Amazonas,Jumbilla,2009,0.000606
080917,Cusco,Manitea,2009,0.003584
250305,Ucayali,Alexander Von Humboldt,2010,4e-06
220509,San Martin,Shanao,2010,0.014086
250304,Ucayali,Neshuya,2010,3.5e-05
220501,San Martin,Lamas,2010,0.003762
220902,San Martin,Alberto Leveau,2010,0.009847
250102,Ucayali,Campoverde,2010,0.0028
220702,San Martin,Buenos Aires,2010,0.01438
220502,San Martin,Alonso De Alvarado,2010,0.000594
220404,San Martin,Piscoyacu,2010,0.007516
220708,San Martin,Shamboyacu,2010,5.7e-05
220204,San Martin,Huallaga,2010,0.001806
220605,San Martin,Pajarillo,2010,0.011897
010703,Amazonas,Cumba,2010,0.008102
220704,San Martin,Pilluana,2010,0.019271
220104,San Martin,Jepelacio,2010,0.003898
220505,San Martin,Cuñumbuqui,2010,0.010328
220507,San Martin,Rumisapa,2010,0.002726
220913,San Martin,Sauce,2010,0.054404
010608,Amazonas,Milpuc,2010,0.0
220405,San Martin,Sacanche,2010,0.007534
220709,San Martin,Tingo De Ponasa,2010,0.000336
220304,San Martin,Santa Rosa,2010,0.00206
100903,Huanuco,Honoria,2010,0.02582
220203,San Martin,Bajo Biavo,2010,0.01142
220710,San Martin,Tres Unidos,2010,0.000367
220510,San Martin,Tabalosos,2010,0.006652
100904,Huanuco,Tournavista,2010,0.013662
010701,Amazonas,Bagua Grande,2010,0.003606
220701,San Martin,Picota,2010,0.039054
220403,San Martin,El Eslabon,2010,0.010103
250105,Ucayali,Yarinacocha,2010,0.083296
220914,San Martin,Shapaja,2010,0.017636
010707,Amazonas,Yamon,2010,0.004187
010705,Amazonas,Jamalca,2010,0.001858
220205,San Martin,San Pablo,2010,0.005049
220705,San Martin,Pucacaca,2010,0.025548
220601,San Martin,Juanjui,2010,0.024269
100905,Huanuco,Yuyapichis,2010,0.011686
100608,Huanuco,Castillo Grande,2010,0.022421
220302,San Martin,Agua Blanca,2010,0.00153
250306,Ucayali,Huipoca,2010,0.005569
010611,Amazonas,Totora,2010,0.0
010706,Amazonas,Lonya Grande,2010,0.000479
220706,San Martin,San Cristobal,2010,0.056518
010303,Amazonas,Churuja,2010,0.008022
220301,San Martin,San Jose De Sisa,2010,0.002819
010204,Amazonas,El Parco,2010,0.0
010306,Amazonas,Florida,2010,0.020096
220303,San Martin,San Martin,2010,0.001804
220106,San Martin,Yantalo,2010,0.025436
220305,San Martin,Shatoja,2010,0.004741
010104,Amazonas,Cheto,2010,0.0
160201,Loreto,Yurimaguas,2010,0.025832
060901,Cajamarca,San Ignacio,2010,0.004711
220511,San Martin,Zapatero,2010,0.002898
060811,Cajamarca,San Jose Del Alto,2010,0.00229
010206,Amazonas,La Peca,2010,0.0
220401,San Martin,Saposoa,2010,0.003312
060902,Cajamarca,Chirinos,2010,0.006883
220908,San Martin,Juan Guerra,2010,0.029773
060904,Cajamarca,La Coipa,2010,0.001589
220808,San Martin,Yorongos,2010,0.011656
120607,Junin,Rio Negro,2010,0.004321
060812,Cajamarca,Santa Rosa,2010,0.011862
250106,Ucayali,Nueva Requena,2010,0.020759
220802,San Martin,Awajun,2010,0.008916
250302,Ucayali,Irazola,2010,0.003864
010109,Amazonas,La Jalca,2010,0.001519
220906,San Martin,El Porvenir,2010,0.019769
220707,San Martin,San Hilarion,2010,0.050854
220806,San Martin,Posic,2010,0.021989
220406,San Martin,Tingo De Saposoa,2010,0.065639
100901,Huanuco,Puerto Inca,2010,0.014471
010105,Amazonas,Chiliquin,2010,0.0
220105,San Martin,Soritor,2010,0.003169
220201,San Martin,Bellavista,2010,0.028868
060803,Cajamarca,Chontali,2010,0.003526
100605,Huanuco,Luyando,2010,0.022794
010307,Amazonas,Jazan,2010,0.003992
010502,Amazonas,Camporredondo,2010,0.00089
010515,Amazonas,Providencia,2010,0.002863
010102,Amazonas,Asuncion,2010,0.0
010510,Amazonas,Luya Viejo,2010,2.6e-05
100601,Huanuco,Rupa-Rupa,2010,0.011922
010514,Amazonas,Pisuquia,2010,0.001449
060810,Cajamarca,San Felipe,2010,0.004154
010305,Amazonas,Cuispes,2010,2.8e-05
060905,Cajamarca,Namballe,2010,0.002015
010119,Amazonas,San Isidro De Maino,2010,0.0
060801,Cajamarca,Jaen,2010,0.002106
010513,Amazonas,Ocumal,2010,0.001197
220912,San Martin,San Antonio,2010,0.000443
220903,San Martin,Cacatachi,2010,0.038329
120602,Junin,Coviriali,2010,0.001276
120304,Junin,San Luis De Shuaro,2010,0.003564
120601,Junin,Satipo,2010,0.005362
010203,Amazonas,Copallin,2010,0.006151
010112,Amazonas,Magdalena,2010,0.001398
220102,San Martin,Calzada,2010,0.018019
060805,Cajamarca,Huabal,2010,0.0
010610,Amazonas,Santa Rosa,2010,0.0
220503,San Martin,Barranquita,2010,0.004563
220801,San Martin,Rioja,2010,0.005494
220703,San Martin,Caspisapa,2010,0.055521
080904,Cusco,Maranura,2010,0.015054
010117,Amazonas,Quinjalca,2010,0.0
250303,Ucayali,Curimana,2010,0.012451
010308,Amazonas,Recta,2010,0.001459
010115,Amazonas,Montevideo,2010,0.000376
010114,Amazonas,Molinopampa,2010,0.000447
010503,Amazonas,Cocabamba,2010,0.001349
060809,Cajamarca,Sallique,2010,0.006526
010120,Amazonas,Soloco,2010,0.0
010521,Amazonas,Santo Tomas,2010,0.000583
100113,Huanuco,San Pablo De Pillao,2010,0.001799
010602,Amazonas,Chirimoto,2010,0.000399
100603,Huanuco,Hermilio Valdizan,2010,0.00262
010111,Amazonas,Levanto,2010,0.002483
010518,Amazonas,San Jeronimo,2010,0.00107
010609,Amazonas,Omia,2010,1.2e-05
100902,Huanuco,Codo Del Pozuzo,2010,0.008392
010113,Amazonas,Mariscal Castilla,2010,0.001093
220101,San Martin,Moyobamba,2010,0.004665
010310,Amazonas,Shipasbamba,2010,0.003541
100103,Huanuco,Chinchao,2010,0.002042
010311,Amazonas,Valera,2010,0.004104
060907,Cajamarca,Tabaconas,2010,0.001373
160112,Loreto,Belen,2010,0.086782
200307,Piura,Sondor,2010,0.002758
220803,San Martin,Elias Soplin Vargas,2010,7.4e-05
010506,Amazonas,Inguilpata,2010,0.000638
220506,San Martin,Pinto Recodo,2010,0.002924
120303,Junin,Pichanaqui,2010,0.005175
010202,Amazonas,Aramango,2010,0.005771
010606,Amazonas,Longar,2010,0.0
160101,Loreto,Iquitos,2010,0.035912
010507,Amazonas,Longuita,2010,0.0
221001,San Martin,Tocache,2010,0.014676
010511,Amazonas,Maria,2010,0.0
080901,Cusco,Santa Ana,2010,0.00776
120302,Junin,Perene,2010,0.004603
050409,Ayacucho,Canayre,2010,0.015817
221002,San Martin,Nuevo Progreso,2010,0.010255
200303,Piura,El Carmen De La Frontera,2010,0.004515
100609,Huanuco,Pueblo Nuevo,2010,0.011018
080903,Cusco,Huayopata,2010,0.006213
010604,Amazonas,Huambo,2010,0.0
100505,Huanuco,Jircan,2010,0.001546
010512,Amazonas,Ocalli,2010,0.0
010101,Amazonas,Chachapoyas,2010,0.00177
060903,Cajamarca,Huarango,2010,0.003835
010116,Amazonas,Olleros,2010,0.00015
010605,Amazonas,Limabamba,2010,0.000309
100804,Huanuco,Umari,2010,0.000757
220504,San Martin,Caynarachi,2010,0.002927
080905,Cusco,Ocobamba,2010,0.004698
010517,Amazonas,San Francisco Del Yeso,2010,0.001373
120609,Junin,Vizcatán Del Ene,2010,0.013396
060807,Cajamarca,Pomahuaca,2010,0.002052
010304,Amazonas,Corosha,2010,0.003631
221005,San Martin,Uchiza,2010,0.007418
220807,San Martin,San Fernando,2010,0.033512
050512,Ayacucho,Union Progreso,2010,0.018639
060804,Cajamarca,Colasay,2010,0.003836
160503,Loreto,Capelo,2010,0.063457
220910,San Martin,Morales,2010,0.041331
120604,Junin,Mazamari,2010,0.008996
120603,Junin,Llaylla,2010,0.000909
010520,Amazonas,Santa Catalina,2010,0.0
010603,Amazonas,Cochamal,2010,0.0
120209,Junin,Mariscal Castilla,2010,0.004874
010601,Amazonas,San Nicolas,2010,0.006421
010519,Amazonas,San Juan De Lopecancha,2010,0.003212
160211,Loreto,Teniente Cesar Lopez Rojas,2010,0.017747
080408,Cusco,Yanatile,2010,0.006227
050408,Ayacucho,Llochegua,2010,0.008631
100507,Huanuco,Monzon,2010,0.004174
081304,Cusco,Machupicchu,2010,0.006506
220909,San Martin,La Banda De Shilcayo,2010,0.003802
220103,San Martin,Habana,2010,0.021591
100606,Huanuco,Mariano Damaso Beraun,2010,0.005182
010508,Amazonas,Lonya Chico,2010,0.000588
170102,Madre De Dios,Inambari,2010,0.026724
050502,Ayacucho,Anco,2010,0.004521
010523,Amazonas,Trita,2010,0.0
010516,Amazonas,San Cristobal,2010,0.001726
080918,Cusco,Union Ashaninka,2010,0.004415
221006,San Martin,Santa Lucia,2010,0.029712
100702,Huanuco,Cholon,2010,0.003159
211205,Puno,Phara,2010,0.00343
170204,Madre De Dios,Huepetuhe,2010,0.015887
010302,Amazonas,Chisquilla,2010,0.001512
050507,Ayacucho,Santa Rosa,2010,0.00861
220804,San Martin,Nueva Cajamarca,2010,0.001496
220809,San Martin,Yuracyacu,2010,0.020996
160603,Loreto,Padre Marquez,2010,0.045004
010522,Amazonas,Tingo,2010,0.003759
080906,Cusco,Quellouno,2010,0.006698
010301,Amazonas,Jumbilla,2010,0.000555
080917,Cusco,Manitea,2010,0.003541
250305,Ucayali,Alexander Von Humboldt,2011,9e-06
220509,San Martin,Shanao,2011,0.014742
250304,Ucayali,Neshuya,2011,6.4e-05
220501,San Martin,Lamas,2011,0.003996
220902,San Martin,Alberto Leveau,2011,0.009898
250102,Ucayali,Campoverde,2011,0.003215
220702,San Martin,Buenos Aires,2011,0.014565
220502,San Martin,Alonso De Alvarado,2011,0.000606
220404,San Martin,Piscoyacu,2011,0.008025
220708,San Martin,Shamboyacu,2011,7e-05
220204,San Martin,Huallaga,2011,0.001785
220605,San Martin,Pajarillo,2011,0.010974
010703,Amazonas,Cumba,2011,0.008463
220704,San Martin,Pilluana,2011,0.019557
220104,San Martin,Jepelacio,2011,0.004248
220505,San Martin,Cuñumbuqui,2011,0.010357
220507,San Martin,Rumisapa,2011,0.001604
220913,San Martin,Sauce,2011,0.055215
010608,Amazonas,Milpuc,2011,0.000331
220405,San Martin,Sacanche,2011,0.007002
220709,San Martin,Tingo De Ponasa,2011,0.000336
220304,San Martin,Santa Rosa,2011,0.002498
100903,Huanuco,Honoria,2011,0.027887
220203,San Martin,Bajo Biavo,2011,0.015053
220710,San Martin,Tres Unidos,2011,0.000589
220510,San Martin,Tabalosos,2011,0.006571
100904,Huanuco,Tournavista,2011,0.014827
010701,Amazonas,Bagua Grande,2011,0.003833
220701,San Martin,Picota,2011,0.040234
220403,San Martin,El Eslabon,2011,0.012218
250105,Ucayali,Yarinacocha,2011,0.081176
220914,San Martin,Shapaja,2011,0.017827
010707,Amazonas,Yamon,2011,0.004167
010705,Amazonas,Jamalca,2011,0.001817
220205,San Martin,San Pablo,2011,0.005061
220705,San Martin,Pucacaca,2011,0.025963
220601,San Martin,Juanjui,2011,0.023702
100905,Huanuco,Yuyapichis,2011,0.01237
100608,Huanuco,Castillo Grande,2011,0.022421
220302,San Martin,Agua Blanca,2011,0.001873
250306,Ucayali,Huipoca,2011,0.005971
010611,Amazonas,Totora,2011,0.0
010706,Amazonas,Lonya Grande,2011,0.000488
220706,San Martin,San Cristobal,2011,0.058141
010303,Amazonas,Churuja,2011,0.007491
220301,San Martin,San Jose De Sisa,2011,0.002827
010204,Amazonas,El Parco,2011,0.0
010306,Amazonas,Florida,2011,0.020196
220303,San Martin,San Martin,2011,0.002761
220106,San Martin,Yantalo,2011,0.029294
220305,San Martin,Shatoja,2011,0.005601
010104,Amazonas,Cheto,2011,0.0
160201,Loreto,Yurimaguas,2011,0.025574
060901,Cajamarca,San Ignacio,2011,0.005016
220511,San Martin,Zapatero,2011,0.002893
060811,Cajamarca,San Jose Del Alto,2011,0.0022
010206,Amazonas,La Peca,2011,0.0
220401,San Martin,Saposoa,2011,0.003675
060902,Cajamarca,Chirinos,2011,0.006721
220908,San Martin,Juan Guerra,2011,0.031063
060904,Cajamarca,La Coipa,2011,0.001543
220808,San Martin,Yorongos,2011,0.031305
120607,Junin,Rio Negro,2011,0.004578
060812,Cajamarca,Santa Rosa,2011,0.011953
250106,Ucayali,Nueva Requena,2011,0.024243
220802,San Martin,Awajun,2011,0.017979
250302,Ucayali,Irazola,2011,0.004149
010109,Amazonas,La Jalca,2011,0.001311
220906,San Martin,El Porvenir,2011,0.019627
220707,San Martin,San Hilarion,2011,0.061958
220806,San Martin,Posic,2011,0.02434
220406,San Martin,Tingo De Saposoa,2011,0.066339
100901,Huanuco,Puerto Inca,2011,0.015344
010105,Amazonas,Chiliquin,2011,0.0
220105,San Martin,Soritor,2011,0.006605
220201,San Martin,Bellavista,2011,0.034243
060803,Cajamarca,Chontali,2011,0.003669
100605,Huanuco,Luyando,2011,0.02513
010307,Amazonas,Jazan,2011,0.003793
010502,Amazonas,Camporredondo,2011,0.000963
010515,Amazonas,Providencia,2011,0.002756
010102,Amazonas,Asuncion,2011,0.0
010510,Amazonas,Luya Viejo,2011,1.3e-05
100601,Huanuco,Rupa-Rupa,2011,0.013967
010514,Amazonas,Pisuquia,2011,0.001574
060810,Cajamarca,San Felipe,2011,0.004272
010305,Amazonas,Cuispes,2011,1.8e-05
060905,Cajamarca,Namballe,2011,0.001974
010119,Amazonas,San Isidro De Maino,2011,0.0
060801,Cajamarca,Jaen,2011,0.001981
010513,Amazonas,Ocumal,2011,0.00118
220912,San Martin,San Antonio,2011,0.001532
220903,San Martin,Cacatachi,2011,0.07659
120602,Junin,Coviriali,2011,0.001411
120304,Junin,San Luis De Shuaro,2011,0.004235
120601,Junin,Satipo,2011,0.005843
010203,Amazonas,Copallin,2011,0.006133
010112,Amazonas,Magdalena,2011,0.001162
220102,San Martin,Calzada,2011,0.018594
060805,Cajamarca,Huabal,2011,0.0
010610,Amazonas,Santa Rosa,2011,0.0
220503,San Martin,Barranquita,2011,0.005267
220801,San Martin,Rioja,2011,0.006149
220703,San Martin,Caspisapa,2011,0.056514
080904,Cusco,Maranura,2011,0.01919
010117,Amazonas,Quinjalca,2011,0.0
250303,Ucayali,Curimana,2011,0.012975
010308,Amazonas,Recta,2011,0.001142
010115,Amazonas,Montevideo,2011,0.000361
010114,Amazonas,Molinopampa,2011,0.000447
010503,Amazonas,Cocabamba,2011,0.00167
060809,Cajamarca,Sallique,2011,0.007416
010120,Amazonas,Soloco,2011,0.0
010521,Amazonas,Santo Tomas,2011,0.000632
100113,Huanuco,San Pablo De Pillao,2011,0.001815
010602,Amazonas,Chirimoto,2011,0.000503
100603,Huanuco,Hermilio Valdizan,2011,0.003386
010111,Amazonas,Levanto,2011,0.002578
010518,Amazonas,San Jeronimo,2011,0.001065
010609,Amazonas,Omia,2011,3.6e-05
100902,Huanuco,Codo Del Pozuzo,2011,0.008598
010113,Amazonas,Mariscal Castilla,2011,0.001082
220101,San Martin,Moyobamba,2011,0.005564
010310,Amazonas,Shipasbamba,2011,0.003655
100103,Huanuco,Chinchao,2011,0.002055
010311,Amazonas,Valera,2011,0.003716
060907,Cajamarca,Tabaconas,2011,0.001403
160112,Loreto,Belen,2011,0.116722
200307,Piura,Sondor,2011,0.002777
220803,San Martin,Elias Soplin Vargas,2011,0.000546
010506,Amazonas,Inguilpata,2011,0.000615
220506,San Martin,Pinto Recodo,2011,0.003848
120303,Junin,Pichanaqui,2011,0.005653
010202,Amazonas,Aramango,2011,0.006509
010606,Amazonas,Longar,2011,0.0
160101,Loreto,Iquitos,2011,0.044156
010507,Amazonas,Longuita,2011,0.0
221001,San Martin,Tocache,2011,0.016628
010511,Amazonas,Maria,2011,0.0
080901,Cusco,Santa Ana,2011,0.009306
120302,Junin,Perene,2011,0.005089
050409,Ayacucho,Canayre,2011,0.016269
221002,San Martin,Nuevo Progreso,2011,0.01123
200303,Piura,El Carmen De La Frontera,2011,0.004486
100609,Huanuco,Pueblo Nuevo,2011,0.010918
080903,Cusco,Huayopata,2011,0.006044
010604,Amazonas,Huambo,2011,0.0
100505,Huanuco,Jircan,2011,0.001753
010512,Amazonas,Ocalli,2011,0.0
010101,Amazonas,Chachapoyas,2011,0.00177
060903,Cajamarca,Huarango,2011,0.00371
010116,Amazonas,Olleros,2011,0.00015
010605,Amazonas,Limabamba,2011,0.000334
100804,Huanuco,Umari,2011,0.000841
220504,San Martin,Caynarachi,2011,0.003962
080905,Cusco,Ocobamba,2011,0.006914
010517,Amazonas,San Francisco Del Yeso,2011,0.0013
120609,Junin,Vizcatán Del Ene,2011,0.014031
060807,Cajamarca,Pomahuaca,2011,0.002259
010304,Amazonas,Corosha,2011,0.004088
221005,San Martin,Uchiza,2011,0.008289
220807,San Martin,San Fernando,2011,0.052212
050512,Ayacucho,Union Progreso,2011,0.022117
060804,Cajamarca,Colasay,2011,0.003888
160503,Loreto,Capelo,2011,0.074161
220910,San Martin,Morales,2011,0.047115
120604,Junin,Mazamari,2011,0.010115
120603,Junin,Llaylla,2011,0.000995
010520,Amazonas,Santa Catalina,2011,0.0
010603,Amazonas,Cochamal,2011,1.5e-05
120209,Junin,Mariscal Castilla,2011,0.005372
010601,Amazonas,San Nicolas,2011,0.01245
010519,Amazonas,San Juan De Lopecancha,2011,0.003171
160211,Loreto,Teniente Cesar Lopez Rojas,2011,0.018266
080408,Cusco,Yanatile,2011,0.006565
050408,Ayacucho,Llochegua,2011,0.009752
100507,Huanuco,Monzon,2011,0.004213
081304,Cusco,Machupicchu,2011,0.006912
220909,San Martin,La Banda De Shilcayo,2011,0.005664
220103,San Martin,Habana,2011,0.046969
100606,Huanuco,Mariano Damaso Beraun,2011,0.005113
010508,Amazonas,Lonya Chico,2011,0.000576
170102,Madre De Dios,Inambari,2011,0.02704
050502,Ayacucho,Anco,2011,0.004686
010523,Amazonas,Trita,2011,0.0
010516,Amazonas,San Cristobal,2011,0.001676
080918,Cusco,Union Ashaninka,2011,0.005539
221006,San Martin,Santa Lucia,2011,0.032186
100702,Huanuco,Cholon,2011,0.003139
211205,Puno,Phara,2011,0.003314
170204,Madre De Dios,Huepetuhe,2011,0.015461
010302,Amazonas,Chisquilla,2011,0.001567
050507,Ayacucho,Santa Rosa,2011,0.008877
220804,San Martin,Nueva Cajamarca,2011,0.003783
220809,San Martin,Yuracyacu,2011,0.033851
160603,Loreto,Padre Marquez,2011,0.05193
010522,Amazonas,Tingo,2011,0.003514
080906,Cusco,Quellouno,2011,0.007121
010301,Amazonas,Jumbilla,2011,0.000577
080917,Cusco,Manitea,2011,0.004513
250305,Ucayali,Alexander Von Humboldt,2012,9e-06
220509,San Martin,Shanao,2012,0.013684
250304,Ucayali,Neshuya,2012,0.000145
220501,San Martin,Lamas,2012,0.003673
220902,San Martin,Alberto Leveau,2012,0.008663
250102,Ucayali,Campoverde,2012,0.003372
220702,San Martin,Buenos Aires,2012,0.014454
220502,San Martin,Alonso De Alvarado,2012,0.000582
220404,San Martin,Piscoyacu,2012,0.008657
220708,San Martin,Shamboyacu,2012,0.00017
220204,San Martin,Huallaga,2012,0.001606
220605,San Martin,Pajarillo,2012,0.011294
010703,Amazonas,Cumba,2012,0.008188
220704,San Martin,Pilluana,2012,0.019245
220104,San Martin,Jepelacio,2012,0.004241
220505,San Martin,Cuñumbuqui,2012,0.010055
220507,San Martin,Rumisapa,2012,0.00139
220913,San Martin,Sauce,2012,0.05525
010608,Amazonas,Milpuc,2012,0.00031
220405,San Martin,Sacanche,2012,0.007084
220709,San Martin,Tingo De Ponasa,2012,0.000363
220304,San Martin,Santa Rosa,2012,0.003114
100903,Huanuco,Honoria,2012,0.023952
220203,San Martin,Bajo Biavo,2012,0.010361
220710,San Martin,Tres Unidos,2012,0.000419
220510,San Martin,Tabalosos,2012,0.006589
100904,Huanuco,Tournavista,2012,0.013387
010701,Amazonas,Bagua Grande,2012,0.003849
220701,San Martin,Picota,2012,0.038392
220403,San Martin,El Eslabon,2012,0.008017
250105,Ucayali,Yarinacocha,2012,0.080355
220914,San Martin,Shapaja,2012,0.017532
010707,Amazonas,Yamon,2012,0.004266
010705,Amazonas,Jamalca,2012,0.001858
220205,San Martin,San Pablo,2012,0.005811
220705,San Martin,Pucacaca,2012,0.023304
220601,San Martin,Juanjui,2012,0.023878
100905,Huanuco,Yuyapichis,2012,0.011606
100608,Huanuco,Castillo Grande,2012,0.021566
220302,San Martin,Agua Blanca,2012,0.00203
250306,Ucayali,Huipoca,2012,0.006463
010611,Amazonas,Totora,2012,0.0
010706,Amazonas,Lonya Grande,2012,0.000476
220706,San Martin,San Cristobal,2012,0.04427
010303,Amazonas,Churuja,2012,0.006401
220301,San Martin,San Jose De Sisa,2012,0.002948
010204,Amazonas,El Parco,2012,0.0
010306,Amazonas,Florida,2012,0.02006
220303,San Martin,San Martin,2012,0.002372
220106,San Martin,Yantalo,2012,0.028873
220305,San Martin,Shatoja,2012,0.005257
010104,Amazonas,Cheto,2012,0.0
160201,Loreto,Yurimaguas,2012,0.026474
060901,Cajamarca,San Ignacio,2012,0.004403
220511,San Martin,Zapatero,2012,0.002684
060811,Cajamarca,San Jose Del Alto,2012,0.001614
010206,Amazonas,La Peca,2012,0.0
220401,San Martin,Saposoa,2012,0.003998
060902,Cajamarca,Chirinos,2012,0.006808
220908,San Martin,Juan Guerra,2012,0.030947
060904,Cajamarca,La Coipa,2012,0.001362
220808,San Martin,Yorongos,2012,0.028173
120607,Junin,Rio Negro,2012,0.00419
060812,Cajamarca,Santa Rosa,2012,0.013676
250106,Ucayali,Nueva Requena,2012,0.021942
220802,San Martin,Awajun,2012,0.011233
250302,Ucayali,Irazola,2012,0.004678
010109,Amazonas,La Jalca,2012,0.001333
220906,San Martin,El Porvenir,2012,0.020796
220707,San Martin,San Hilarion,2012,0.031034
220806,San Martin,Posic,2012,0.034861
220406,San Martin,Tingo De Saposoa,2012,0.066188
100901,Huanuco,Puerto Inca,2012,0.014632
010105,Amazonas,Chiliquin,2012,0.0
220105,San Martin,Soritor,2012,0.006477
220201,San Martin,Bellavista,2012,0.023728
060803,Cajamarca,Chontali,2012,0.003135
100605,Huanuco,Luyando,2012,0.023649
010307,Amazonas,Jazan,2012,0.003476
010502,Amazonas,Camporredondo,2012,0.000862
010515,Amazonas,Providencia,2012,0.002939
010102,Amazonas,Asuncion,2012,0.0
010510,Amazonas,Luya Viejo,2012,0.0
100601,Huanuco,Rupa-Rupa,2012,0.014188
010514,Amazonas,Pisuquia,2012,0.001565
060810,Cajamarca,San Felipe,2012,0.005898
010305,Amazonas,Cuispes,2012,4.6e-05
060905,Cajamarca,Namballe,2012,0.001843
010119,Amazonas,San Isidro De Maino,2012,0.0
060801,Cajamarca,Jaen,2012,0.00233
010513,Amazonas,Ocumal,2012,0.001204
220912,San Martin,San Antonio,2012,0.000306
220903,San Martin,Cacatachi,2012,0.041462
120602,Junin,Coviriali,2012,0.000854
120304,Junin,San Luis De Shuaro,2012,0.003446
120601,Junin,Satipo,2012,0.00524
010203,Amazonas,Copallin,2012,0.006304
010112,Amazonas,Magdalena,2012,0.001339
220102,San Martin,Calzada,2012,0.0357
060805,Cajamarca,Huabal,2012,0.0
010610,Amazonas,Santa Rosa,2012,0.0
220503,San Martin,Barranquita,2012,0.005474
220801,San Martin,Rioja,2012,0.008987
220703,San Martin,Caspisapa,2012,0.027661
080904,Cusco,Maranura,2012,0.021637
010117,Amazonas,Quinjalca,2012,1.1e-05
250303,Ucayali,Curimana,2012,0.0137
010308,Amazonas,Recta,2012,0.001205
010115,Amazonas,Montevideo,2012,0.000404
010114,Amazonas,Molinopampa,2012,0.000431
010503,Amazonas,Cocabamba,2012,0.001545
060809,Cajamarca,Sallique,2012,0.007253
010120,Amazonas,Soloco,2012,0.0
010521,Amazonas,Santo Tomas,2012,0.000583
100113,Huanuco,San Pablo De Pillao,2012,0.001803
010602,Amazonas,Chirimoto,2012,0.000462
100603,Huanuco,Hermilio Valdizan,2012,0.003117
010111,Amazonas,Levanto,2012,0.002602
010518,Amazonas,San Jeronimo,2012,0.001061
010609,Amazonas,Omia,2012,0.000257
100902,Huanuco,Codo Del Pozuzo,2012,0.009031
010113,Amazonas,Mariscal Castilla,2012,0.001093
220101,San Martin,Moyobamba,2012,0.006255
010310,Amazonas,Shipasbamba,2012,0.003456
100103,Huanuco,Chinchao,2012,0.001983
010311,Amazonas,Valera,2012,0.002394
060907,Cajamarca,Tabaconas,2012,0.001415
160112,Loreto,Belen,2012,0.094882
200307,Piura,Sondor,2012,0.002771
220803,San Martin,Elias Soplin Vargas,2012,0.000735
010506,Amazonas,Inguilpata,2012,0.000473
220506,San Martin,Pinto Recodo,2012,0.003237
120303,Junin,Pichanaqui,2012,0.004969
010202,Amazonas,Aramango,2012,0.006428
010606,Amazonas,Longar,2012,0.0
160101,Loreto,Iquitos,2012,0.038173
010507,Amazonas,Longuita,2012,0.0
221001,San Martin,Tocache,2012,0.015288
010511,Amazonas,Maria,2012,0.0
080901,Cusco,Santa Ana,2012,0.010127
120302,Junin,Perene,2012,0.00437
050409,Ayacucho,Canayre,2012,0.017746
221002,San Martin,Nuevo Progreso,2012,0.011062
200303,Piura,El Carmen De La Frontera,2012,0.004442
100609,Huanuco,Pueblo Nuevo,2012,0.010734
080903,Cusco,Huayopata,2012,0.005465
010604,Amazonas,Huambo,2012,0.0
100505,Huanuco,Jircan,2012,0.001583
010512,Amazonas,Ocalli,2012,0.0
010101,Amazonas,Chachapoyas,2012,0.001614
060903,Cajamarca,Huarango,2012,0.003758
010116,Amazonas,Olleros,2012,0.00015
010605,Amazonas,Limabamba,2012,0.000345
100804,Huanuco,Umari,2012,0.000836
220504,San Martin,Caynarachi,2012,0.003861
080905,Cusco,Ocobamba,2012,0.00645
010517,Amazonas,San Francisco Del Yeso,2012,0.001466
120609,Junin,Vizcatán Del Ene,2012,0.013818
060807,Cajamarca,Pomahuaca,2012,0.002331
010304,Amazonas,Corosha,2012,0.003867
221005,San Martin,Uchiza,2012,0.007732
220807,San Martin,San Fernando,2012,0.042521
050512,Ayacucho,Union Progreso,2012,0.02069
060804,Cajamarca,Colasay,2012,0.002914
160503,Loreto,Capelo,2012,0.0662
220910,San Martin,Morales,2012,0.024311
120604,Junin,Mazamari,2012,0.00929
120603,Junin,Llaylla,2012,0.000728
010520,Amazonas,Santa Catalina,2012,0.0
010603,Amazonas,Cochamal,2012,0.0
120209,Junin,Mariscal Castilla,2012,0.004313
010601,Amazonas,San Nicolas,2012,0.011301
010519,Amazonas,San Juan De Lopecancha,2012,0.003449
160211,Loreto,Teniente Cesar Lopez Rojas,2012,0.019437
080408,Cusco,Yanatile,2012,0.006485
050408,Ayacucho,Llochegua,2012,0.009873
100507,Huanuco,Monzon,2012,0.004422
081304,Cusco,Machupicchu,2012,0.006564
220909,San Martin,La Banda De Shilcayo,2012,0.003129
220103,San Martin,Habana,2012,0.051181
100606,Huanuco,Mariano Damaso Beraun,2012,0.005354
010508,Amazonas,Lonya Chico,2012,0.000588
170102,Madre De Dios,Inambari,2012,0.03082
050502,Ayacucho,Anco,2012,0.004648
010523,Amazonas,Trita,2012,0.0
010516,Amazonas,San Cristobal,2012,0.001476
080918,Cusco,Union Ashaninka,2012,0.004509
221006,San Martin,Santa Lucia,2012,0.030092
100702,Huanuco,Cholon,2012,0.003072
211205,Puno,Phara,2012,0.003288
170204,Madre De Dios,Huepetuhe,2012,0.01791
010302,Amazonas,Chisquilla,2012,0.001627
050507,Ayacucho,Santa Rosa,2012,0.008424
220804,San Martin,Nueva Cajamarca,2012,0.002897
220809,San Martin,Yuracyacu,2012,0.035227
160603,Loreto,Padre Marquez,2012,0.050533
010522,Amazonas,Tingo,2012,0.00393
080906,Cusco,Quellouno,2012,0.007198
010301,Amazonas,Jumbilla,2012,0.000566
080917,Cusco,Manitea,2012,0.003676
250305,Ucayali,Alexander Von Humboldt,2013,1.3e-05
220509,San Martin,Shanao,2013,0.014086
250304,Ucayali,Neshuya,2013,0.000239
220501,San Martin,Lamas,2013,0.003618
220902,San Martin,Alberto Leveau,2013,0.011288
250102,Ucayali,Campoverde,2013,0.00388
220702,San Martin,Buenos Aires,2013,0.016705
220502,San Martin,Alonso De Alvarado,2013,0.000576
220404,San Martin,Piscoyacu,2013,0.006346
220708,San Martin,Shamboyacu,2013,0.000228
220204,San Martin,Huallaga,2013,0.002121
220605,San Martin,Pajarillo,2013,0.012578
010703,Amazonas,Cumba,2013,0.008135
220704,San Martin,Pilluana,2013,0.022491
220104,San Martin,Jepelacio,2013,0.003861
220505,San Martin,Cuñumbuqui,2013,0.009713
220507,San Martin,Rumisapa,2013,0.002512
220913,San Martin,Sauce,2013,0.051137
010608,Amazonas,Milpuc,2013,0.000103
220405,San Martin,Sacanche,2013,0.008193
220709,San Martin,Tingo De Ponasa,2013,0.000434
220304,San Martin,Santa Rosa,2013,0.002067
100903,Huanuco,Honoria,2013,0.025608
220203,San Martin,Bajo Biavo,2013,0.013251
220710,San Martin,Tres Unidos,2013,0.000319
220510,San Martin,Tabalosos,2013,0.006792
100904,Huanuco,Tournavista,2013,0.013687
010701,Amazonas,Bagua Grande,2013,0.003896
220701,San Martin,Picota,2013,0.049069
220403,San Martin,El Eslabon,2013,0.010452
250105,Ucayali,Yarinacocha,2013,0.069939
220914,San Martin,Shapaja,2013,0.018835
010707,Amazonas,Yamon,2013,0.003845
010705,Amazonas,Jamalca,2013,0.002036
220205,San Martin,San Pablo,2013,0.003992
220705,San Martin,Pucacaca,2013,0.029975
220601,San Martin,Juanjui,2013,0.027102
100905,Huanuco,Yuyapichis,2013,0.011864
100608,Huanuco,Castillo Grande,2013,0.024451
220302,San Martin,Agua Blanca,2013,0.002647
250306,Ucayali,Huipoca,2013,0.006203
010611,Amazonas,Totora,2013,0.00032
010706,Amazonas,Lonya Grande,2013,0.000481
220706,San Martin,San Cristobal,2013,0.056666
010303,Amazonas,Churuja,2013,0.008246
220301,San Martin,San Jose De Sisa,2013,0.002545
010204,Amazonas,El Parco,2013,0.0
010306,Amazonas,Florida,2013,0.020064
220303,San Martin,San Martin,2013,0.001884
220106,San Martin,Yantalo,2013,0.046324
220305,San Martin,Shatoja,2013,0.005242
010104,Amazonas,Cheto,2013,0.0
160201,Loreto,Yurimaguas,2013,0.029367
060901,Cajamarca,San Ignacio,2013,0.004526
220511,San Martin,Zapatero,2013,0.003101
060811,Cajamarca,San Jose Del Alto,2013,0.00197
010206,Amazonas,La Peca,2013,0.0
220401,San Martin,Saposoa,2013,0.004055
060902,Cajamarca,Chirinos,2013,0.006511
220908,San Martin,Juan Guerra,2013,0.031581
060904,Cajamarca,La Coipa,2013,0.001338
220808,San Martin,Yorongos,2013,0.014603
120607,Junin,Rio Negro,2013,0.004319
060812,Cajamarca,Santa Rosa,2013,0.012746
250106,Ucayali,Nueva Requena,2013,0.022818
220802,San Martin,Awajun,2013,0.008106
250302,Ucayali,Irazola,2013,0.00433
010109,Amazonas,La Jalca,2013,0.001175
220906,San Martin,El Porvenir,2013,0.020927
220707,San Martin,San Hilarion,2013,0.022653
220806,San Martin,Posic,2013,0.043284
220406,San Martin,Tingo De Saposoa,2013,0.072521
100901,Huanuco,Puerto Inca,2013,0.014782
010105,Amazonas,Chiliquin,2013,0.0
220105,San Martin,Soritor,2013,0.003845
220201,San Martin,Bellavista,2013,0.030387
060803,Cajamarca,Chontali,2013,0.003085
100605,Huanuco,Luyando,2013,0.023356
010307,Amazonas,Jazan,2013,0.003346
010502,Amazonas,Camporredondo,2013,0.000919
010515,Amazonas,Providencia,2013,0.002787
010102,Amazonas,Asuncion,2013,0.0
010510,Amazonas,Luya Viejo,2013,1.3e-05
100601,Huanuco,Rupa-Rupa,2013,0.014875
010514,Amazonas,Pisuquia,2013,0.001507
060810,Cajamarca,San Felipe,2013,0.003915
010305,Amazonas,Cuispes,2013,3.7e-05
060905,Cajamarca,Namballe,2013,0.001997
010119,Amazonas,San Isidro De Maino,2013,0.0
060801,Cajamarca,Jaen,2013,0.002266
010513,Amazonas,Ocumal,2013,0.001148
220912,San Martin,San Antonio,2013,0.000931
220903,San Martin,Cacatachi,2013,0.022933
120602,Junin,Coviriali,2013,0.001384
120304,Junin,San Luis De Shuaro,2013,0.004089
120601,Junin,Satipo,2013,0.005389
010203,Amazonas,Copallin,2013,0.006304
010112,Amazonas,Magdalena,2013,0.001234
220102,San Martin,Calzada,2013,0.026606
060805,Cajamarca,Huabal,2013,0.0
010610,Amazonas,Santa Rosa,2013,0.0
220503,San Martin,Barranquita,2013,0.005452
220801,San Martin,Rioja,2013,0.007719
220703,San Martin,Caspisapa,2013,0.035041
080904,Cusco,Maranura,2013,0.018634
010117,Amazonas,Quinjalca,2013,0.0
250303,Ucayali,Curimana,2013,0.013788
010308,Amazonas,Recta,2013,0.001205
010115,Amazonas,Montevideo,2013,0.000361
010114,Amazonas,Molinopampa,2013,0.000447
010503,Amazonas,Cocabamba,2013,0.001469
060809,Cajamarca,Sallique,2013,0.006322
010120,Amazonas,Soloco,2013,0.0
010521,Amazonas,Santo Tomas,2013,0.000523
100113,Huanuco,San Pablo De Pillao,2013,0.001672
010602,Amazonas,Chirimoto,2013,0.000566
100603,Huanuco,Hermilio Valdizan,2013,0.00283
010111,Amazonas,Levanto,2013,0.002341
010518,Amazonas,San Jeronimo,2013,0.000976
010609,Amazonas,Omia,2013,1.6e-05
100902,Huanuco,Codo Del Pozuzo,2013,0.009123
010113,Amazonas,Mariscal Castilla,2013,0.001104
220101,San Martin,Moyobamba,2013,0.006053
010310,Amazonas,Shipasbamba,2013,0.003619
100103,Huanuco,Chinchao,2013,0.00199
010311,Amazonas,Valera,2013,0.003602
060907,Cajamarca,Tabaconas,2013,0.001532
160112,Loreto,Belen,2013,0.100561
200307,Piura,Sondor,2013,0.002221
220803,San Martin,Elias Soplin Vargas,2013,0.000688
010506,Amazonas,Inguilpata,2013,0.000615
220506,San Martin,Pinto Recodo,2013,0.003216
120303,Junin,Pichanaqui,2013,0.004858
010202,Amazonas,Aramango,2013,0.005992
010606,Amazonas,Longar,2013,0.0
160101,Loreto,Iquitos,2013,0.039471
010507,Amazonas,Longuita,2013,0.0
221001,San Martin,Tocache,2013,0.014562
010511,Amazonas,Maria,2013,0.0
080901,Cusco,Santa Ana,2013,0.008025
120302,Junin,Perene,2013,0.004832
050409,Ayacucho,Canayre,2013,0.016135
221002,San Martin,Nuevo Progreso,2013,0.011844
200303,Piura,El Carmen De La Frontera,2013,0.004442
100609,Huanuco,Pueblo Nuevo,2013,0.011897
080903,Cusco,Huayopata,2013,0.006226
010604,Amazonas,Huambo,2013,0.0
100505,Huanuco,Jircan,2013,0.001664
010512,Amazonas,Ocalli,2013,0.0
010101,Amazonas,Chachapoyas,2013,0.001857
060903,Cajamarca,Huarango,2013,0.003712
010116,Amazonas,Olleros,2013,0.00015
010605,Amazonas,Limabamba,2013,0.000422
100804,Huanuco,Umari,2013,0.000841
220504,San Martin,Caynarachi,2013,0.004034
080905,Cusco,Ocobamba,2013,0.007209
010517,Amazonas,San Francisco Del Yeso,2013,0.001315
120609,Junin,Vizcatán Del Ene,2013,0.013831
060807,Cajamarca,Pomahuaca,2013,0.001845
010304,Amazonas,Corosha,2013,0.0037
221005,San Martin,Uchiza,2013,0.009077
220807,San Martin,San Fernando,2013,0.104977
050512,Ayacucho,Union Progreso,2013,0.020578
060804,Cajamarca,Colasay,2013,0.003512
160503,Loreto,Capelo,2013,0.067198
220910,San Martin,Morales,2013,0.018089
120604,Junin,Mazamari,2013,0.00959
120603,Junin,Llaylla,2013,0.000929
010520,Amazonas,Santa Catalina,2013,0.0
010603,Amazonas,Cochamal,2013,0.0
120209,Junin,Mariscal Castilla,2013,0.00436
010601,Amazonas,San Nicolas,2013,0.0081
010519,Amazonas,San Juan De Lopecancha,2013,0.002883
160211,Loreto,Teniente Cesar Lopez Rojas,2013,0.020337
080408,Cusco,Yanatile,2013,0.006961
050408,Ayacucho,Llochegua,2013,0.009753
100507,Huanuco,Monzon,2013,0.00487
081304,Cusco,Machupicchu,2013,0.006738
220909,San Martin,La Banda De Shilcayo,2013,0.003209
220103,San Martin,Habana,2013,0.043506
100606,Huanuco,Mariano Damaso Beraun,2013,0.005456
010508,Amazonas,Lonya Chico,2013,0.000524
170102,Madre De Dios,Inambari,2013,0.029339
050502,Ayacucho,Anco,2013,0.00461
010523,Amazonas,Trita,2013,0.0
010516,Amazonas,San Cristobal,2013,0.001877
080918,Cusco,Union Ashaninka,2013,0.00629
221006,San Martin,Santa Lucia,2013,0.031124
100702,Huanuco,Cholon,2013,0.003171
211205,Puno,Phara,2013,0.003486
170204,Madre De Dios,Huepetuhe,2013,0.016513
010302,Amazonas,Chisquilla,2013,0.001418
050507,Ayacucho,Santa Rosa,2013,0.008341
220804,San Martin,Nueva Cajamarca,2013,0.005572
220809,San Martin,Yuracyacu,2013,0.115684
160603,Loreto,Padre Marquez,2013,0.04938
010522,Amazonas,Tingo,2013,0.003351
080906,Cusco,Quellouno,2013,0.007638
010301,Amazonas,Jumbilla,2013,0.000544
080917,Cusco,Manitea,2013,0.004
250305,Ucayali,Alexander Von Humboldt,2014,9e-06
220509,San Martin,Shanao,2014,0.014523
250304,Ucayali,Neshuya,2014,0.000187
220501,San Martin,Lamas,2014,0.003536
220902,San Martin,Alberto Leveau,2014,0.010928
250102,Ucayali,Campoverde,2014,0.003951
220702,San Martin,Buenos Aires,2014,0.015004
220502,San Martin,Alonso De Alvarado,2014,0.000576
220404,San Martin,Piscoyacu,2014,0.007684
220708,San Martin,Shamboyacu,2014,0.000208
220204,San Martin,Huallaga,2014,0.002599
220605,San Martin,Pajarillo,2014,0.013461
010703,Amazonas,Cumba,2014,0.007747
220704,San Martin,Pilluana,2014,0.019622
220104,San Martin,Jepelacio,2014,0.004819
220505,San Martin,Cuñumbuqui,2014,0.009825
220507,San Martin,Rumisapa,2014,0.001657
220913,San Martin,Sauce,2014,0.052159
010608,Amazonas,Milpuc,2014,0.000331
220405,San Martin,Sacanche,2014,0.007836
220709,San Martin,Tingo De Ponasa,2014,0.001061
220304,San Martin,Santa Rosa,2014,0.003011
100903,Huanuco,Honoria,2014,0.026962
220203,San Martin,Bajo Biavo,2014,0.011875
220710,San Martin,Tres Unidos,2014,0.000388
220510,San Martin,Tabalosos,2014,0.006888
100904,Huanuco,Tournavista,2014,0.014373
010701,Amazonas,Bagua Grande,2014,0.003485
220701,San Martin,Picota,2014,0.049199
220403,San Martin,El Eslabon,2014,0.009028
250105,Ucayali,Yarinacocha,2014,0.074473
220914,San Martin,Shapaja,2014,0.019164
010707,Amazonas,Yamon,2014,0.003641
010705,Amazonas,Jamalca,2014,0.001574
220205,San Martin,San Pablo,2014,0.009393
220705,San Martin,Pucacaca,2014,0.027276
220601,San Martin,Juanjui,2014,0.027955
100905,Huanuco,Yuyapichis,2014,0.012464
100608,Huanuco,Castillo Grande,2014,0.022894
220302,San Martin,Agua Blanca,2014,0.001995
250306,Ucayali,Huipoca,2014,0.006465
010611,Amazonas,Totora,2014,0.000457
010706,Amazonas,Lonya Grande,2014,0.000667
220706,San Martin,San Cristobal,2014,0.074934
010303,Amazonas,Churuja,2014,0.006737
220301,San Martin,San Jose De Sisa,2014,0.002813
010204,Amazonas,El Parco,2014,0.0
010306,Amazonas,Florida,2014,0.020112
220303,San Martin,San Martin,2014,0.00221
220106,San Martin,Yantalo,2014,0.027327
220305,San Martin,Shatoja,2014,0.006259
010104,Amazonas,Cheto,2014,0.0
160201,Loreto,Yurimaguas,2014,0.029405
060901,Cajamarca,San Ignacio,2014,0.003731
220511,San Martin,Zapatero,2014,0.002933
060811,Cajamarca,San Jose Del Alto,2014,0.002057
010206,Amazonas,La Peca,2014,0.0
220401,San Martin,Saposoa,2014,0.003704
060902,Cajamarca,Chirinos,2014,0.006706
220908,San Martin,Juan Guerra,2014,0.033013
060904,Cajamarca,La Coipa,2014,0.001402
220808,San Martin,Yorongos,2014,0.013168
120607,Junin,Rio Negro,2014,0.004659
060812,Cajamarca,Santa Rosa,2014,0.01258
250106,Ucayali,Nueva Requena,2014,0.024388
220802,San Martin,Awajun,2014,0.008162
250302,Ucayali,Irazola,2014,0.004074
010109,Amazonas,La Jalca,2014,0.001268
220906,San Martin,El Porvenir,2014,0.021479
220707,San Martin,San Hilarion,2014,0.048925
220806,San Martin,Posic,2014,0.029448
220406,San Martin,Tingo De Saposoa,2014,0.074865
100901,Huanuco,Puerto Inca,2014,0.015341
010105,Amazonas,Chiliquin,2014,0.0
220105,San Martin,Soritor,2014,0.004696
220201,San Martin,Bellavista,2014,0.034691
060803,Cajamarca,Chontali,2014,0.003005
100605,Huanuco,Luyando,2014,0.022556
010307,Amazonas,Jazan,2014,0.003828
010502,Amazonas,Camporredondo,2014,0.000898
010515,Amazonas,Providencia,2014,0.00268
010102,Amazonas,Asuncion,2014,0.0
010510,Amazonas,Luya Viejo,2014,2.6e-05
100601,Huanuco,Rupa-Rupa,2014,0.014106
010514,Amazonas,Pisuquia,2014,0.001485
060810,Cajamarca,San Felipe,2014,0.005374
010305,Amazonas,Cuispes,2014,3.7e-05
060905,Cajamarca,Namballe,2014,0.001878
010119,Amazonas,San Isidro De Maino,2014,0.0
060801,Cajamarca,Jaen,2014,0.002184
010513,Amazonas,Ocumal,2014,0.00116
220912,San Martin,San Antonio,2014,0.001464
220903,San Martin,Cacatachi,2014,0.026642
120602,Junin,Coviriali,2014,0.001177
120304,Junin,San Luis De Shuaro,2014,0.00403
120601,Junin,Satipo,2014,0.005681
010203,Amazonas,Copallin,2014,0.004892
010112,Amazonas,Magdalena,2014,0.001293
220102,San Martin,Calzada,2014,0.016929
060805,Cajamarca,Huabal,2014,0.0
010610,Amazonas,Santa Rosa,2014,0.0
220503,San Martin,Barranquita,2014,0.005549
220801,San Martin,Rioja,2014,0.00557
220703,San Martin,Caspisapa,2014,0.045118
080904,Cusco,Maranura,2014,0.017262
010117,Amazonas,Quinjalca,2014,0.0
250303,Ucayali,Curimana,2014,0.014159
010308,Amazonas,Recta,2014,0.001174
010115,Amazonas,Montevideo,2014,0.000368
010114,Amazonas,Molinopampa,2014,0.000444
010503,Amazonas,Cocabamba,2014,0.001521
060809,Cajamarca,Sallique,2014,0.007275
010120,Amazonas,Soloco,2014,0.0
010521,Amazonas,Santo Tomas,2014,0.000514
100113,Huanuco,San Pablo De Pillao,2014,0.001738
010602,Amazonas,Chirimoto,2014,0.000399
100603,Huanuco,Hermilio Valdizan,2014,0.002879
010111,Amazonas,Levanto,2014,0.002293
010518,Amazonas,San Jeronimo,2014,0.001014
010609,Amazonas,Omia,2014,9.1e-05
100902,Huanuco,Codo Del Pozuzo,2014,0.009982
010113,Amazonas,Mariscal Castilla,2014,0.001161
220101,San Martin,Moyobamba,2014,0.005928
010310,Amazonas,Shipasbamba,2014,0.003555
100103,Huanuco,Chinchao,2014,0.002215
010311,Amazonas,Valera,2014,0.003876
060907,Cajamarca,Tabaconas,2014,0.001486
160112,Loreto,Belen,2014,0.096483
200307,Piura,Sondor,2014,0.0032
220803,San Martin,Elias Soplin Vargas,2014,0.00125
010506,Amazonas,Inguilpata,2014,0.0006
220506,San Martin,Pinto Recodo,2014,0.003591
120303,Junin,Pichanaqui,2014,0.006328
010202,Amazonas,Aramango,2014,0.006136
010606,Amazonas,Longar,2014,0.000108
160101,Loreto,Iquitos,2014,0.03988
010507,Amazonas,Longuita,2014,0.0
221001,San Martin,Tocache,2014,0.014523
010511,Amazonas,Maria,2014,0.0
080901,Cusco,Santa Ana,2014,0.009361
120302,Junin,Perene,2014,0.005526
050409,Ayacucho,Canayre,2014,0.016077
221002,San Martin,Nuevo Progreso,2014,0.012431
200303,Piura,El Carmen De La Frontera,2014,0.004562
100609,Huanuco,Pueblo Nuevo,2014,0.012035
080903,Cusco,Huayopata,2014,0.005518
010604,Amazonas,Huambo,2014,3.4e-05
100505,Huanuco,Jircan,2014,0.001697
010512,Amazonas,Ocalli,2014,0.0
010101,Amazonas,Chachapoyas,2014,0.001886
060903,Cajamarca,Huarango,2014,0.003826
010116,Amazonas,Olleros,2014,0.00015
010605,Amazonas,Limabamba,2014,0.000425
100804,Huanuco,Umari,2014,0.000869
220504,San Martin,Caynarachi,2014,0.004197
080905,Cusco,Ocobamba,2014,0.00757
010517,Amazonas,San Francisco Del Yeso,2014,0.001339
120609,Junin,Vizcatán Del Ene,2014,0.014601
060807,Cajamarca,Pomahuaca,2014,0.002095
010304,Amazonas,Corosha,2014,0.00388
221005,San Martin,Uchiza,2014,0.009647
220807,San Martin,San Fernando,2014,0.058428
050512,Ayacucho,Union Progreso,2014,0.019731
060804,Cajamarca,Colasay,2014,0.003331
160503,Loreto,Capelo,2014,0.066853
220910,San Martin,Morales,2014,0.028851
120604,Junin,Mazamari,2014,0.01033
120603,Junin,Llaylla,2014,0.001316
010520,Amazonas,Santa Catalina,2014,0.0
010603,Amazonas,Cochamal,2014,5e-06
120209,Junin,Mariscal Castilla,2014,0.005419
010601,Amazonas,San Nicolas,2014,0.011988
010519,Amazonas,San Juan De Lopecancha,2014,0.002914
160211,Loreto,Teniente Cesar Lopez Rojas,2014,0.021178
080408,Cusco,Yanatile,2014,0.006779
050408,Ayacucho,Llochegua,2014,0.009479
100507,Huanuco,Monzon,2014,0.004584
081304,Cusco,Machupicchu,2014,0.006116
220909,San Martin,La Banda De Shilcayo,2014,0.003508
220103,San Martin,Habana,2014,0.030171
100606,Huanuco,Mariano Damaso Beraun,2014,0.005407
010508,Amazonas,Lonya Chico,2014,0.000486
170102,Madre De Dios,Inambari,2014,0.032292
050502,Ayacucho,Anco,2014,0.004749
010523,Amazonas,Trita,2014,0.0
010516,Amazonas,San Cristobal,2014,0.001751
080918,Cusco,Union Ashaninka,2014,0.005977
221006,San Martin,Santa Lucia,2014,0.03083
100702,Huanuco,Cholon,2014,0.003218
211205,Puno,Phara,2014,0.003627
170204,Madre De Dios,Huepetuhe,2014,0.019993
010302,Amazonas,Chisquilla,2014,0.001512
050507,Ayacucho,Santa Rosa,2014,0.00872
220804,San Martin,Nueva Cajamarca,2014,0.003075
220809,San Martin,Yuracyacu,2014,0.060049
160603,Loreto,Padre Marquez,2014,0.04749
010522,Amazonas,Tingo,2014,0.003514
080906,Cusco,Quellouno,2014,0.007684
010301,Amazonas,Jumbilla,2014,0.000667
080917,Cusco,Manitea,2014,0.003761
250305,Ucayali,Alexander Von Humboldt,2015,1.3e-05
220509,San Martin,Shanao,2015,0.01383
250304,Ucayali,Neshuya,2015,0.000346
220501,San Martin,Lamas,2015,0.003426
220902,San Martin,Alberto Leveau,2015,0.008938
250102,Ucayali,Campoverde,2015,0.003696
220702,San Martin,Buenos Aires,2015,0.015267
220502,San Martin,Alonso De Alvarado,2015,0.000654
220404,San Martin,Piscoyacu,2015,0.007304
220708,San Martin,Shamboyacu,2015,0.000283
220204,San Martin,Huallaga,2015,0.002145
220605,San Martin,Pajarillo,2015,0.01186
010703,Amazonas,Cumba,2015,0.007978
220704,San Martin,Pilluana,2015,0.021427
220104,San Martin,Jepelacio,2015,0.005229
220505,San Martin,Cuñumbuqui,2015,0.009591
220507,San Martin,Rumisapa,2015,0.032899
220913,San Martin,Sauce,2015,0.059618
010608,Amazonas,Milpuc,2015,0.000124
220405,San Martin,Sacanche,2015,0.008994
220709,San Martin,Tingo De Ponasa,2015,0.002919
220304,San Martin,Santa Rosa,2015,0.003328
100903,Huanuco,Honoria,2015,0.026067
220203,San Martin,Bajo Biavo,2015,0.012126
220710,San Martin,Tres Unidos,2015,0.000376
220510,San Martin,Tabalosos,2015,0.006616
100904,Huanuco,Tournavista,2015,0.013924
010701,Amazonas,Bagua Grande,2015,0.003913
220701,San Martin,Picota,2015,0.051707
220403,San Martin,El Eslabon,2015,0.011065
250105,Ucayali,Yarinacocha,2015,0.075424
220914,San Martin,Shapaja,2015,0.01776
010707,Amazonas,Yamon,2015,0.003911
010705,Amazonas,Jamalca,2015,0.001754
220205,San Martin,San Pablo,2015,0.008403
220705,San Martin,Pucacaca,2015,0.02347
220601,San Martin,Juanjui,2015,0.024913
100905,Huanuco,Yuyapichis,2015,0.012012
100608,Huanuco,Castillo Grande,2015,0.028064
220302,San Martin,Agua Blanca,2015,0.002833
250306,Ucayali,Huipoca,2015,0.00664
010611,Amazonas,Totora,2015,9.1e-05
010706,Amazonas,Lonya Grande,2015,0.000476
220706,San Martin,San Cristobal,2015,0.078033
010303,Amazonas,Churuja,2015,0.008498
220301,San Martin,San Jose De Sisa,2015,0.002819
010204,Amazonas,El Parco,2015,0.0
010306,Amazonas,Florida,2015,0.020164
220303,San Martin,San Martin,2015,0.002555
220106,San Martin,Yantalo,2015,0.031389
220305,San Martin,Shatoja,2015,0.00646
010104,Amazonas,Cheto,2015,0.0
160201,Loreto,Yurimaguas,2015,0.027561
060901,Cajamarca,San Ignacio,2015,0.004776
220511,San Martin,Zapatero,2015,0.00274
060811,Cajamarca,San Jose Del Alto,2015,0.002043
010206,Amazonas,La Peca,2015,0.0
220401,San Martin,Saposoa,2015,0.004264
060902,Cajamarca,Chirinos,2015,0.007376
220908,San Martin,Juan Guerra,2015,0.031525
060904,Cajamarca,La Coipa,2015,0.001514
220808,San Martin,Yorongos,2015,0.015636
120607,Junin,Rio Negro,2015,0.004414
060812,Cajamarca,Santa Rosa,2015,0.013819
250106,Ucayali,Nueva Requena,2015,0.023494
220802,San Martin,Awajun,2015,0.013449
250302,Ucayali,Irazola,2015,0.004297
010109,Amazonas,La Jalca,2015,0.001275
220906,San Martin,El Porvenir,2015,0.019549
220707,San Martin,San Hilarion,2015,0.04854
220806,San Martin,Posic,2015,0.04298
220406,San Martin,Tingo De Saposoa,2015,0.064732
100901,Huanuco,Puerto Inca,2015,0.01454
010105,Amazonas,Chiliquin,2015,0.0
220105,San Martin,Soritor,2015,0.003994
220201,San Martin,Bellavista,2015,0.030753
060803,Cajamarca,Chontali,2015,0.002931
100605,Huanuco,Luyando,2015,0.03035
010307,Amazonas,Jazan,2015,0.003828
010502,Amazonas,Camporredondo,2015,0.000927
010515,Amazonas,Providencia,2015,0.002657
010102,Amazonas,Asuncion,2015,0.0
010510,Amazonas,Luya Viejo,2015,1.3e-05
100601,Huanuco,Rupa-Rupa,2015,0.018591
010514,Amazonas,Pisuquia,2015,0.00151
060810,Cajamarca,San Felipe,2015,0.005884
010305,Amazonas,Cuispes,2015,3.7e-05
060905,Cajamarca,Namballe,2015,0.001953
010119,Amazonas,San Isidro De Maino,2015,0.0
060801,Cajamarca,Jaen,2015,0.002362
010513,Amazonas,Ocumal,2015,0.001148
220912,San Martin,San Antonio,2015,0.001316
220903,San Martin,Cacatachi,2015,0.02461
120602,Junin,Coviriali,2015,0.001024
120304,Junin,San Luis De Shuaro,2015,0.003879
120601,Junin,Satipo,2015,0.005408
010203,Amazonas,Copallin,2015,0.006781
010112,Amazonas,Magdalena,2015,0.001326
220102,San Martin,Calzada,2015,0.015816
060805,Cajamarca,Huabal,2015,0.0
010610,Amazonas,Santa Rosa,2015,0.0
220503,San Martin,Barranquita,2015,0.005006
220801,San Martin,Rioja,2015,0.005804
220703,San Martin,Caspisapa,2015,0.058405
080904,Cusco,Maranura,2015,0.012008
010117,Amazonas,Quinjalca,2015,0.0
250303,Ucayali,Curimana,2015,0.013648
010308,Amazonas,Recta,2015,0.001237
010115,Amazonas,Montevideo,2015,0.000332
010114,Amazonas,Molinopampa,2015,0.000452
010503,Amazonas,Cocabamba,2015,0.001498
060809,Cajamarca,Sallique,2015,0.006949
010120,Amazonas,Soloco,2015,0.0
010521,Amazonas,Santo Tomas,2015,0.000504
100113,Huanuco,San Pablo De Pillao,2015,0.001724
010602,Amazonas,Chirimoto,2015,0.000468
100603,Huanuco,Hermilio Valdizan,2015,0.003698
010111,Amazonas,Levanto,2015,0.002602
010518,Amazonas,San Jeronimo,2015,0.001074
010609,Amazonas,Omia,2015,0.000193
100902,Huanuco,Codo Del Pozuzo,2015,0.010245
010113,Amazonas,Mariscal Castilla,2015,0.001048
220101,San Martin,Moyobamba,2015,0.008677
010310,Amazonas,Shipasbamba,2015,0.003647
100103,Huanuco,Chinchao,2015,0.002138
010311,Amazonas,Valera,2015,0.002884
060907,Cajamarca,Tabaconas,2015,0.001567
160112,Loreto,Belen,2015,0.092463
200307,Piura,Sondor,2015,0.002958
220803,San Martin,Elias Soplin Vargas,2015,0.001932
010506,Amazonas,Inguilpata,2015,0.000645
220506,San Martin,Pinto Recodo,2015,0.003343
120303,Junin,Pichanaqui,2015,0.00495
010202,Amazonas,Aramango,2015,0.006225
010606,Amazonas,Longar,2015,0.000108
160101,Loreto,Iquitos,2015,0.038239
010507,Amazonas,Longuita,2015,0.0
221001,San Martin,Tocache,2015,0.014849
010511,Amazonas,Maria,2015,0.0
080901,Cusco,Santa Ana,2015,0.008058
120302,Junin,Perene,2015,0.004758
050409,Ayacucho,Canayre,2015,0.016509
221002,San Martin,Nuevo Progreso,2015,0.011605
200303,Piura,El Carmen De La Frontera,2015,0.004673
100609,Huanuco,Pueblo Nuevo,2015,0.013822
080903,Cusco,Huayopata,2015,0.004847
010604,Amazonas,Huambo,2015,1.1e-05
100505,Huanuco,Jircan,2015,0.001675
010512,Amazonas,Ocalli,2015,0.0
010101,Amazonas,Chachapoyas,2015,0.001979
060903,Cajamarca,Huarango,2015,0.003976
010116,Amazonas,Olleros,2015,0.00015
010605,Amazonas,Limabamba,2015,0.000515
100804,Huanuco,Umari,2015,0.000909
220504,San Martin,Caynarachi,2015,0.004103
080905,Cusco,Ocobamba,2015,0.00623
010517,Amazonas,San Francisco Del Yeso,2015,0.001266
120609,Junin,Vizcatán Del Ene,2015,0.014071
060807,Cajamarca,Pomahuaca,2015,0.002323
010304,Amazonas,Corosha,2015,0.003575
221005,San Martin,Uchiza,2015,0.009221
220807,San Martin,San Fernando,2015,0.094462
050512,Ayacucho,Union Progreso,2015,0.021359
060804,Cajamarca,Colasay,2015,0.003542
160503,Loreto,Capelo,2015,0.065084
220910,San Martin,Morales,2015,0.017738
120604,Junin,Mazamari,2015,0.00939
120603,Junin,Llaylla,2015,0.001322
010520,Amazonas,Santa Catalina,2015,0.0
010603,Amazonas,Cochamal,2015,0.0
120209,Junin,Mariscal Castilla,2015,0.005855
010601,Amazonas,San Nicolas,2015,0.009526
010519,Amazonas,San Juan De Lopecancha,2015,0.003006
160211,Loreto,Teniente Cesar Lopez Rojas,2015,0.018027
080408,Cusco,Yanatile,2015,0.006282
050408,Ayacucho,Llochegua,2015,0.00988
100507,Huanuco,Monzon,2015,0.006041
081304,Cusco,Machupicchu,2015,0.005337
220909,San Martin,La Banda De Shilcayo,2015,0.003552
220103,San Martin,Habana,2015,0.026553
100606,Huanuco,Mariano Damaso Beraun,2015,0.006099
010508,Amazonas,Lonya Chico,2015,0.000473
170102,Madre De Dios,Inambari,2015,0.033462
050502,Ayacucho,Anco,2015,0.004662
010523,Amazonas,Trita,2015,0.0
010516,Amazonas,San Cristobal,2015,0.001902
080918,Cusco,Union Ashaninka,2015,0.007107
221006,San Martin,Santa Lucia,2015,0.030438
100702,Huanuco,Cholon,2015,0.003153
211205,Puno,Phara,2015,0.003585
170204,Madre De Dios,Huepetuhe,2015,0.019285
010302,Amazonas,Chisquilla,2015,0.001407
050507,Ayacucho,Santa Rosa,2015,0.00863
220804,San Martin,Nueva Cajamarca,2015,0.005982
220809,San Martin,Yuracyacu,2015,0.068591
160603,Loreto,Padre Marquez,2015,0.046692
010522,Amazonas,Tingo,2015,0.003783
080906,Cusco,Quellouno,2015,0.007034
010301,Amazonas,Jumbilla,2015,0.000589
080917,Cusco,Manitea,2015,0.003847
250305,Ucayali,Alexander Von Humboldt,2016,1.3e-05
220509,San Martin,Shanao,2016,0.012991
250304,Ucayali,Neshuya,2016,0.000377
220501,San Martin,Lamas,2016,0.00346
220902,San Martin,Alberto Leveau,2016,0.010516
250102,Ucayali,Campoverde,2016,0.003874
220702,San Martin,Buenos Aires,2016,0.015201
220502,San Martin,Alonso De Alvarado,2016,0.000675
220404,San Martin,Piscoyacu,2016,0.00879
220708,San Martin,Shamboyacu,2016,7.2e-05
220204,San Martin,Huallaga,2016,0.003495
220605,San Martin,Pajarillo,2016,0.012859
010703,Amazonas,Cumba,2016,0.00791
220704,San Martin,Pilluana,2016,0.019297
220104,San Martin,Jepelacio,2016,0.003926
220505,San Martin,Cuñumbuqui,2016,0.009806
220507,San Martin,Rumisapa,2016,0.014913
220913,San Martin,Sauce,2016,0.052661
010608,Amazonas,Milpuc,2016,0.000352
220405,San Martin,Sacanche,2016,0.008961
220709,San Martin,Tingo De Ponasa,2016,0.001755
220304,San Martin,Santa Rosa,2016,0.003706
100903,Huanuco,Honoria,2016,0.02632
220203,San Martin,Bajo Biavo,2016,0.01346
220710,San Martin,Tres Unidos,2016,0.000376
220510,San Martin,Tabalosos,2016,0.00651
100904,Huanuco,Tournavista,2016,0.014369
010701,Amazonas,Bagua Grande,2016,0.003612
220701,San Martin,Picota,2016,0.057274
220403,San Martin,El Eslabon,2016,0.015999
250105,Ucayali,Yarinacocha,2016,0.07808
220914,San Martin,Shapaja,2016,0.018847
010707,Amazonas,Yamon,2016,0.003438
010705,Amazonas,Jamalca,2016,0.001627
220205,San Martin,San Pablo,2016,0.011518
220705,San Martin,Pucacaca,2016,0.029459
220601,San Martin,Juanjui,2016,0.024794
100905,Huanuco,Yuyapichis,2016,0.01192
100608,Huanuco,Castillo Grande,2016,0.023038
220302,San Martin,Agua Blanca,2016,0.002193
250306,Ucayali,Huipoca,2016,0.006095
010611,Amazonas,Totora,2016,0.000594
010706,Amazonas,Lonya Grande,2016,0.000454
220706,San Martin,San Cristobal,2016,0.091668
010303,Amazonas,Churuja,2016,0.008553
220301,San Martin,San Jose De Sisa,2016,0.002692
010204,Amazonas,El Parco,2016,0.0
010306,Amazonas,Florida,2016,0.020164
220303,San Martin,San Martin,2016,0.002563
220106,San Martin,Yantalo,2016,0.032207
220305,San Martin,Shatoja,2016,0.004827
010104,Amazonas,Cheto,2016,0.0
160201,Loreto,Yurimaguas,2016,0.027226
060901,Cajamarca,San Ignacio,2016,0.004771
220511,San Martin,Zapatero,2016,0.002612
060811,Cajamarca,San Jose Del Alto,2016,0.002092
010206,Amazonas,La Peca,2016,0.0
220401,San Martin,Saposoa,2016,0.004373
060902,Cajamarca,Chirinos,2016,0.007101
220908,San Martin,Juan Guerra,2016,0.036216
060904,Cajamarca,La Coipa,2016,0.001474
220808,San Martin,Yorongos,2016,0.020714
120607,Junin,Rio Negro,2016,0.004316
060812,Cajamarca,Santa Rosa,2016,0.012843
250106,Ucayali,Nueva Requena,2016,0.023773
220802,San Martin,Awajun,2016,0.010528
250302,Ucayali,Irazola,2016,0.004124
010109,Amazonas,La Jalca,2016,0.001325
220906,San Martin,El Porvenir,2016,0.021081
220707,San Martin,San Hilarion,2016,0.079012
220806,San Martin,Posic,2016,0.039495
220406,San Martin,Tingo De Saposoa,2016,0.059779
100901,Huanuco,Puerto Inca,2016,0.015129
010105,Amazonas,Chiliquin,2016,0.0
220105,San Martin,Soritor,2016,0.005492
220201,San Martin,Bellavista,2016,0.039019
060803,Cajamarca,Chontali,2016,0.003007
100605,Huanuco,Luyando,2016,0.024631
010307,Amazonas,Jazan,2016,0.003558
010502,Amazonas,Camporredondo,2016,0.000906
010515,Amazonas,Providencia,2016,0.002649
010102,Amazonas,Asuncion,2016,0.0
010510,Amazonas,Luya Viejo,2016,2.6e-05
100601,Huanuco,Rupa-Rupa,2016,0.014513
010514,Amazonas,Pisuquia,2016,0.001436
060810,Cajamarca,San Felipe,2016,0.005655
010305,Amazonas,Cuispes,2016,0.0
060905,Cajamarca,Namballe,2016,0.001949
010119,Amazonas,San Isidro De Maino,2016,0.0
060801,Cajamarca,Jaen,2016,0.002048
010513,Amazonas,Ocumal,2016,0.001141
220912,San Martin,San Antonio,2016,0.001668
220903,San Martin,Cacatachi,2016,0.033366
120602,Junin,Coviriali,2016,0.001267
120304,Junin,San Luis De Shuaro,2016,0.003706
120601,Junin,Satipo,2016,0.005266
010203,Amazonas,Copallin,2016,0.005998
010112,Amazonas,Magdalena,2016,0.001293
220102,San Martin,Calzada,2016,0.024764
060805,Cajamarca,Huabal,2016,0.0
010610,Amazonas,Santa Rosa,2016,0.0
220503,San Martin,Barranquita,2016,0.005387
220801,San Martin,Rioja,2016,0.007953
220703,San Martin,Caspisapa,2016,0.065364
080904,Cusco,Maranura,2016,0.011664
010117,Amazonas,Quinjalca,2016,0.0
250303,Ucayali,Curimana,2016,0.013954
010308,Amazonas,Recta,2016,0.001078
010115,Amazonas,Montevideo,2016,0.000354
010114,Amazonas,Molinopampa,2016,0.000449
010503,Amazonas,Cocabamba,2016,0.001443
060809,Cajamarca,Sallique,2016,0.006988
010120,Amazonas,Soloco,2016,0.0
010521,Amazonas,Santo Tomas,2016,0.000543
100113,Huanuco,San Pablo De Pillao,2016,0.004501
010602,Amazonas,Chirimoto,2016,0.000404
100603,Huanuco,Hermilio Valdizan,2016,0.002499
010111,Amazonas,Levanto,2016,0.002376
010518,Amazonas,San Jeronimo,2016,0.001001
010609,Amazonas,Omia,2016,3.2e-05
100902,Huanuco,Codo Del Pozuzo,2016,0.008877
010113,Amazonas,Mariscal Castilla,2016,0.001183
220101,San Martin,Moyobamba,2016,0.006848
010310,Amazonas,Shipasbamba,2016,0.003655
100103,Huanuco,Chinchao,2016,0.002153
010311,Amazonas,Valera,2016,0.002827
060907,Cajamarca,Tabaconas,2016,0.00158
160112,Loreto,Belen,2016,0.090594
200307,Piura,Sondor,2016,0.003257
220803,San Martin,Elias Soplin Vargas,2016,0.001339
010506,Amazonas,Inguilpata,2016,0.000645
220506,San Martin,Pinto Recodo,2016,0.003134
120303,Junin,Pichanaqui,2016,0.005198
010202,Amazonas,Aramango,2016,0.005969
010606,Amazonas,Longar,2016,8.6e-05
160101,Loreto,Iquitos,2016,0.041535
010507,Amazonas,Longuita,2016,0.0
221001,San Martin,Tocache,2016,0.014323
010511,Amazonas,Maria,2016,0.0
080901,Cusco,Santa Ana,2016,0.007392
120302,Junin,Perene,2016,0.004705
050409,Ayacucho,Canayre,2016,0.014447
221002,San Martin,Nuevo Progreso,2016,0.01063
200303,Piura,El Carmen De La Frontera,2016,0.004707
100609,Huanuco,Pueblo Nuevo,2016,0.011087
080903,Cusco,Huayopata,2016,0.005207
010604,Amazonas,Huambo,2016,0.0
100505,Huanuco,Jircan,2016,0.001708
010512,Amazonas,Ocalli,2016,0.0
010101,Amazonas,Chachapoyas,2016,0.001724
060903,Cajamarca,Huarango,2016,0.003901
010116,Amazonas,Olleros,2016,0.00015
010605,Amazonas,Limabamba,2016,0.000474
100804,Huanuco,Umari,2016,0.000836
220504,San Martin,Caynarachi,2016,0.003964
080905,Cusco,Ocobamba,2016,0.006173
010517,Amazonas,San Francisco Del Yeso,2016,0.001349
120609,Junin,Vizcatán Del Ene,2016,0.012569
060807,Cajamarca,Pomahuaca,2016,0.002052
010304,Amazonas,Corosha,2016,0.003672
221005,San Martin,Uchiza,2016,0.008671
220807,San Martin,San Fernando,2016,0.102673
050512,Ayacucho,Union Progreso,2016,0.020177
060804,Cajamarca,Colasay,2016,0.003258
160503,Loreto,Capelo,2016,0.061405
220910,San Martin,Morales,2016,0.021875
120604,Junin,Mazamari,2016,0.009126
120603,Junin,Llaylla,2016,0.001498
010520,Amazonas,Santa Catalina,2016,0.0
010603,Amazonas,Cochamal,2016,0.0
120209,Junin,Mariscal Castilla,2016,0.004453
010601,Amazonas,San Nicolas,2016,0.009996
010519,Amazonas,San Juan De Lopecancha,2016,0.002965
160211,Loreto,Teniente Cesar Lopez Rojas,2016,0.019706
080408,Cusco,Yanatile,2016,0.006197
050408,Ayacucho,Llochegua,2016,0.009129
100507,Huanuco,Monzon,2016,0.005203
081304,Cusco,Machupicchu,2016,0.005679
220909,San Martin,La Banda De Shilcayo,2016,0.003738
220103,San Martin,Habana,2016,0.049811
100606,Huanuco,Mariano Damaso Beraun,2016,0.005203
010508,Amazonas,Lonya Chico,2016,0.000499
170102,Madre De Dios,Inambari,2016,0.031282
050502,Ayacucho,Anco,2016,0.004414
010523,Amazonas,Trita,2016,0.0
010516,Amazonas,San Cristobal,2016,0.002127
080918,Cusco,Union Ashaninka,2016,0.006572
221006,San Martin,Santa Lucia,2016,0.029759
100702,Huanuco,Cholon,2016,0.003094
211205,Puno,Phara,2016,0.003382
170204,Madre De Dios,Huepetuhe,2016,0.017374
010302,Amazonas,Chisquilla,2016,0.001457
050507,Ayacucho,Santa Rosa,2016,0.008202
220804,San Martin,Nueva Cajamarca,2016,0.005242
220809,San Martin,Yuracyacu,2016,0.094961
160603,Loreto,Padre Marquez,2016,0.047982
010522,Amazonas,Tingo,2016,0.003343
080906,Cusco,Quellouno,2016,0.007218
010301,Amazonas,Jumbilla,2016,0.000589
080917,Cusco,Manitea,2016,0.003718
250305,Ucayali,Alexander Von Humboldt,2017,3.9e-05
220509,San Martin,Shanao,2017,0.013246
250304,Ucayali,Neshuya,2017,0.000483
220501,San Martin,Lamas,2017,0.003783
220902,San Martin,Alberto Leveau,2017,0.011614
250102,Ucayali,Campoverde,2017,0.004448
220702,San Martin,Buenos Aires,2017,0.015501
220502,San Martin,Alonso De Alvarado,2017,0.000561
220404,San Martin,Piscoyacu,2017,0.007906
220708,San Martin,Shamboyacu,2017,0.000142
220204,San Martin,Huallaga,2017,0.004242
220605,San Martin,Pajarillo,2017,0.016532
010703,Amazonas,Cumba,2017,0.008022
220704,San Martin,Pilluana,2017,0.020881
220104,San Martin,Jepelacio,2017,0.004103
220505,San Martin,Cuñumbuqui,2017,0.009703
220507,San Martin,Rumisapa,2017,0.008418
220913,San Martin,Sauce,2017,0.050882
010608,Amazonas,Milpuc,2017,0.000414
220405,San Martin,Sacanche,2017,0.013153
220709,San Martin,Tingo De Ponasa,2017,0.004539
220304,San Martin,Santa Rosa,2017,0.005131
100903,Huanuco,Honoria,2017,0.026888
220203,San Martin,Bajo Biavo,2017,0.014893
220710,San Martin,Tres Unidos,2017,0.000242
220510,San Martin,Tabalosos,2017,0.00611
100904,Huanuco,Tournavista,2017,0.01417
010701,Amazonas,Bagua Grande,2017,0.003812
220701,San Martin,Picota,2017,0.062281
220403,San Martin,El Eslabon,2017,0.018676
250105,Ucayali,Yarinacocha,2017,0.078991
220914,San Martin,Shapaja,2017,0.018708
010707,Amazonas,Yamon,2017,0.003654
010705,Amazonas,Jamalca,2017,0.00167
220205,San Martin,San Pablo,2017,0.010271
220705,San Martin,Pucacaca,2017,0.025762
220601,San Martin,Juanjui,2017,0.029411
100905,Huanuco,Yuyapichis,2017,0.012064
100608,Huanuco,Castillo Grande,2017,0.024079
220302,San Martin,Agua Blanca,2017,0.00242
250306,Ucayali,Huipoca,2017,0.006138
010611,Amazonas,Totora,2017,0.000457
010706,Amazonas,Lonya Grande,2017,0.000483
220706,San Martin,San Cristobal,2017,0.090016
010303,Amazonas,Churuja,2017,0.008302
220301,San Martin,San Jose De Sisa,2017,0.002957
010204,Amazonas,El Parco,2017,0.0
010306,Amazonas,Florida,2017,0.020148
220303,San Martin,San Martin,2017,0.00197
220106,San Martin,Yantalo,2017,0.039847
220305,San Martin,Shatoja,2017,0.004025
010104,Amazonas,Cheto,2017,0.0
160201,Loreto,Yurimaguas,2017,0.026127
060901,Cajamarca,San Ignacio,2017,0.004731
220511,San Martin,Zapatero,2017,0.002587
060811,Cajamarca,San Jose Del Alto,2017,0.001859
010206,Amazonas,La Peca,2017,0.0
220401,San Martin,Saposoa,2017,0.004248
060902,Cajamarca,Chirinos,2017,0.006971
220908,San Martin,Juan Guerra,2017,0.033702
060904,Cajamarca,La Coipa,2017,0.001347
220808,San Martin,Yorongos,2017,0.020344
120607,Junin,Rio Negro,2017,0.004443
060812,Cajamarca,Santa Rosa,2017,0.01179
250106,Ucayali,Nueva Requena,2017,0.024538
220802,San Martin,Awajun,2017,0.009397
250302,Ucayali,Irazola,2017,0.004153
010109,Amazonas,La Jalca,2017,0.001347
220906,San Martin,El Porvenir,2017,0.019965
220707,San Martin,San Hilarion,2017,0.07185
220806,San Martin,Posic,2017,0.048967
220406,San Martin,Tingo De Saposoa,2017,0.088874
100901,Huanuco,Puerto Inca,2017,0.015449
010105,Amazonas,Chiliquin,2017,0.0
220105,San Martin,Soritor,2017,0.00521
220201,San Martin,Bellavista,2017,0.040539
060803,Cajamarca,Chontali,2017,0.002926
100605,Huanuco,Luyando,2017,0.025019
010307,Amazonas,Jazan,2017,0.003534
010502,Amazonas,Camporredondo,2017,0.000817
010515,Amazonas,Providencia,2017,0.002657
010102,Amazonas,Asuncion,2017,0.0
010510,Amazonas,Luya Viejo,2017,2.6e-05
100601,Huanuco,Rupa-Rupa,2017,0.015532
010514,Amazonas,Pisuquia,2017,0.001485
060810,Cajamarca,San Felipe,2017,0.006075
010305,Amazonas,Cuispes,2017,3.7e-05
060905,Cajamarca,Namballe,2017,0.001833
010119,Amazonas,San Isidro De Maino,2017,0.0
060801,Cajamarca,Jaen,2017,0.002047
010513,Amazonas,Ocumal,2017,0.001163
220912,San Martin,San Antonio,2017,0.00126
220903,San Martin,Cacatachi,2017,0.042495
120602,Junin,Coviriali,2017,0.001321
120304,Junin,San Luis De Shuaro,2017,0.003491
120601,Junin,Satipo,2017,0.00517
010203,Amazonas,Copallin,2017,0.006817
010112,Amazonas,Magdalena,2017,0.00126
220102,San Martin,Calzada,2017,0.026667
060805,Cajamarca,Huabal,2017,0.0
010610,Amazonas,Santa Rosa,2017,8.8e-05
220503,San Martin,Barranquita,2017,0.005086
220801,San Martin,Rioja,2017,0.006962
220703,San Martin,Caspisapa,2017,0.080602
080904,Cusco,Maranura,2017,0.012151
010117,Amazonas,Quinjalca,2017,1.1e-05
250303,Ucayali,Curimana,2017,0.013992
010308,Amazonas,Recta,2017,0.001649
010115,Amazonas,Montevideo,2017,0.000361
010114,Amazonas,Molinopampa,2017,0.000457
010503,Amazonas,Cocabamba,2017,0.001539
060809,Cajamarca,Sallique,2017,0.007151
010120,Amazonas,Soloco,2017,0.0
010521,Amazonas,Santo Tomas,2017,0.000573
100113,Huanuco,San Pablo De Pillao,2017,0.004183
010602,Amazonas,Chirimoto,2017,0.000428
100603,Huanuco,Hermilio Valdizan,2017,0.00317
010111,Amazonas,Levanto,2017,0.002531
010518,Amazonas,San Jeronimo,2017,0.000984
010609,Amazonas,Omia,2017,2.4e-05
100902,Huanuco,Codo Del Pozuzo,2017,0.010741
010113,Amazonas,Mariscal Castilla,2017,0.000946
220101,San Martin,Moyobamba,2017,0.006864
010310,Amazonas,Shipasbamba,2017,0.003527
100103,Huanuco,Chinchao,2017,0.00198
010311,Amazonas,Valera,2017,0.003306
060907,Cajamarca,Tabaconas,2017,0.001506
160112,Loreto,Belen,2017,0.093506
200307,Piura,Sondor,2017,0.002948
220803,San Martin,Elias Soplin Vargas,2017,0.001817
010506,Amazonas,Inguilpata,2017,0.00063
220506,San Martin,Pinto Recodo,2017,0.003197
120303,Junin,Pichanaqui,2017,0.005216
010202,Amazonas,Aramango,2017,0.005641
010606,Amazonas,Longar,2017,0.0
160101,Loreto,Iquitos,2017,0.040694
010507,Amazonas,Longuita,2017,0.0
221001,San Martin,Tocache,2017,0.014308
010511,Amazonas,Maria,2017,0.0
080901,Cusco,Santa Ana,2017,0.007501
120302,Junin,Perene,2017,0.004831
050409,Ayacucho,Canayre,2017,0.017041
221002,San Martin,Nuevo Progreso,2017,0.012512
200303,Piura,El Carmen De La Frontera,2017,0.004657
100609,Huanuco,Pueblo Nuevo,2017,0.012862
080903,Cusco,Huayopata,2017,0.004814
010604,Amazonas,Huambo,2017,0.0
100505,Huanuco,Jircan,2017,0.001749
010512,Amazonas,Ocalli,2017,0.0
010101,Amazonas,Chachapoyas,2017,0.001794
060903,Cajamarca,Huarango,2017,0.003766
010116,Amazonas,Olleros,2017,0.00015
010605,Amazonas,Limabamba,2017,0.000468
100804,Huanuco,Umari,2017,0.000819
220504,San Martin,Caynarachi,2017,0.004258
080905,Cusco,Ocobamba,2017,0.006883
010517,Amazonas,San Francisco Del Yeso,2017,0.001315
120609,Junin,Vizcatán Del Ene,2017,0.01372
060807,Cajamarca,Pomahuaca,2017,0.001965
010304,Amazonas,Corosha,2017,0.003894
221005,San Martin,Uchiza,2017,0.009951
220807,San Martin,San Fernando,2017,0.090138
050512,Ayacucho,Union Progreso,2017,0.022473
060804,Cajamarca,Colasay,2017,0.002907
160503,Loreto,Capelo,2017,0.070947
220910,San Martin,Morales,2017,0.020753
120604,Junin,Mazamari,2017,0.008943
120603,Junin,Llaylla,2017,0.001731
010520,Amazonas,Santa Catalina,2017,0.0
010603,Amazonas,Cochamal,2017,0.0
120209,Junin,Mariscal Castilla,2017,0.005761
010601,Amazonas,San Nicolas,2017,0.010666
010519,Amazonas,San Juan De Lopecancha,2017,0.003068
160211,Loreto,Teniente Cesar Lopez Rojas,2017,0.019588
080408,Cusco,Yanatile,2017,0.006155
050408,Ayacucho,Llochegua,2017,0.008106
100507,Huanuco,Monzon,2017,0.005276
081304,Cusco,Machupicchu,2017,0.005455
220909,San Martin,La Banda De Shilcayo,2017,0.003915
220103,San Martin,Habana,2017,0.044165
100606,Huanuco,Mariano Damaso Beraun,2017,0.005288
010508,Amazonas,Lonya Chico,2017,0.000473
170102,Madre De Dios,Inambari,2017,0.034014
050502,Ayacucho,Anco,2017,0.004584
010523,Amazonas,Trita,2017,0.0
010516,Amazonas,San Cristobal,2017,0.002152
080918,Cusco,Union Ashaninka,2017,0.006669
221006,San Martin,Santa Lucia,2017,0.034095
100702,Huanuco,Cholon,2017,0.003209
211205,Puno,Phara,2017,0.003597
170204,Madre De Dios,Huepetuhe,2017,0.018049
010302,Amazonas,Chisquilla,2017,0.001495
050507,Ayacucho,Santa Rosa,2017,0.008428
220804,San Martin,Nueva Cajamarca,2017,0.004614
220809,San Martin,Yuracyacu,2017,0.067115
160603,Loreto,Padre Marquez,2017,0.051052
010522,Amazonas,Tingo,2017,0.003686
080906,Cusco,Quellouno,2017,0.007138
010301,Amazonas,Jumbilla,2017,0.000617
080917,Cusco,Manitea,2017,0.003767
250305,Ucayali,Alexander Von Humboldt,2018,1.3e-05
220509,San Martin,Shanao,2018,0.014013
250304,Ucayali,Neshuya,2018,0.000716
220501,San Martin,Lamas,2018,0.003913
220902,San Martin,Alberto Leveau,2018,0.01194
250102,Ucayali,Campoverde,2018,0.004244
220702,San Martin,Buenos Aires,2018,0.014565
220502,San Martin,Alonso De Alvarado,2018,0.000543
220404,San Martin,Piscoyacu,2018,0.008232
220708,San Martin,Shamboyacu,2018,0.000599
220204,San Martin,Huallaga,2018,0.003183
220605,San Martin,Pajarillo,2018,0.013718
010703,Amazonas,Cumba,2018,0.008448
220704,San Martin,Pilluana,2018,0.021453
220104,San Martin,Jepelacio,2018,0.004336
220505,San Martin,Cuñumbuqui,2018,0.009611
220507,San Martin,Rumisapa,2018,0.002245
220913,San Martin,Sauce,2018,0.051349
010608,Amazonas,Milpuc,2018,0.00031
220405,San Martin,Sacanche,2018,0.00856
220709,San Martin,Tingo De Ponasa,2018,0.002795
220304,San Martin,Santa Rosa,2018,0.004201
100903,Huanuco,Honoria,2018,0.025734
220203,San Martin,Bajo Biavo,2018,0.01546
220710,San Martin,Tres Unidos,2018,0.000853
220510,San Martin,Tabalosos,2018,0.006463
100904,Huanuco,Tournavista,2018,0.013468
010701,Amazonas,Bagua Grande,2018,0.003322
220701,San Martin,Picota,2018,0.048362
220403,San Martin,El Eslabon,2018,0.011392
250105,Ucayali,Yarinacocha,2018,0.07251
220914,San Martin,Shapaja,2018,0.018697
010707,Amazonas,Yamon,2018,0.003411
010705,Amazonas,Jamalca,2018,0.001629
220205,San Martin,San Pablo,2018,0.011294
220705,San Martin,Pucacaca,2018,0.035198
220601,San Martin,Juanjui,2018,0.025317
100905,Huanuco,Yuyapichis,2018,0.011859
100608,Huanuco,Castillo Grande,2018,0.027649
220302,San Martin,Agua Blanca,2018,0.003502
250306,Ucayali,Huipoca,2018,0.005876
010611,Amazonas,Totora,2018,0.000549
010706,Amazonas,Lonya Grande,2018,0.000452
220706,San Martin,San Cristobal,2018,0.074787
010303,Amazonas,Churuja,2018,0.007883
220301,San Martin,San Jose De Sisa,2018,0.003726
010204,Amazonas,El Parco,2018,0.0
010306,Amazonas,Florida,2018,0.020164
220303,San Martin,San Martin,2018,0.002336
220106,San Martin,Yantalo,2018,0.023826
220305,San Martin,Shatoja,2018,0.004913
010104,Amazonas,Cheto,2018,0.0
160201,Loreto,Yurimaguas,2018,0.02706
060901,Cajamarca,San Ignacio,2018,0.005196
220511,San Martin,Zapatero,2018,0.002541
060811,Cajamarca,San Jose Del Alto,2018,0.002293
010206,Amazonas,La Peca,2018,0.0
220401,San Martin,Saposoa,2018,0.004731
060902,Cajamarca,Chirinos,2018,0.007196
220908,San Martin,Juan Guerra,2018,0.031428
060904,Cajamarca,La Coipa,2018,0.001496
220808,San Martin,Yorongos,2018,0.012863
120607,Junin,Rio Negro,2018,0.00366
060812,Cajamarca,Santa Rosa,2018,0.011575
250106,Ucayali,Nueva Requena,2018,0.021916
220802,San Martin,Awajun,2018,0.006798
250302,Ucayali,Irazola,2018,0.003833
010109,Amazonas,La Jalca,2018,0.001225
220906,San Martin,El Porvenir,2018,0.020139
220707,San Martin,San Hilarion,2018,0.038998
220806,San Martin,Posic,2018,0.024052
220406,San Martin,Tingo De Saposoa,2018,0.06581
100901,Huanuco,Puerto Inca,2018,0.014757
010105,Amazonas,Chiliquin,2018,0.0
220105,San Martin,Soritor,2018,0.005402
220201,San Martin,Bellavista,2018,0.033463
060803,Cajamarca,Chontali,2018,0.003405
100605,Huanuco,Luyando,2018,0.028227
010307,Amazonas,Jazan,2018,0.003487
010502,Amazonas,Camporredondo,2018,0.000797
010515,Amazonas,Providencia,2018,0.002603
010102,Amazonas,Asuncion,2018,0.0
010510,Amazonas,Luya Viejo,2018,1.3e-05
100601,Huanuco,Rupa-Rupa,2018,0.015437
010514,Amazonas,Pisuquia,2018,0.001534
060810,Cajamarca,San Felipe,2018,0.005898
010305,Amazonas,Cuispes,2018,0.0
060905,Cajamarca,Namballe,2018,0.002015
010119,Amazonas,San Isidro De Maino,2018,0.0
060801,Cajamarca,Jaen,2018,0.001909
010513,Amazonas,Ocumal,2018,0.001204
220912,San Martin,San Antonio,2018,0.001838
220903,San Martin,Cacatachi,2018,0.011568
120602,Junin,Coviriali,2018,0.000943
120304,Junin,San Luis De Shuaro,2018,0.003569
120601,Junin,Satipo,2018,0.004762
010203,Amazonas,Copallin,2018,0.006034
010112,Amazonas,Magdalena,2018,0.00107
220102,San Martin,Calzada,2018,0.010452
060805,Cajamarca,Huabal,2018,0.0
010610,Amazonas,Santa Rosa,2018,0.0
220503,San Martin,Barranquita,2018,0.005369
220801,San Martin,Rioja,2018,0.007792
220703,San Martin,Caspisapa,2018,0.062761
080904,Cusco,Maranura,2018,0.011981
010117,Amazonas,Quinjalca,2018,0.0
250303,Ucayali,Curimana,2018,0.013568
010308,Amazonas,Recta,2018,0.001142
010115,Amazonas,Montevideo,2018,0.000332
010114,Amazonas,Molinopampa,2018,0.00046
010503,Amazonas,Cocabamba,2018,0.001513
060809,Cajamarca,Sallique,2018,0.007031
010120,Amazonas,Soloco,2018,0.0
010521,Amazonas,Santo Tomas,2018,0.000494
100113,Huanuco,San Pablo De Pillao,2018,0.004492
010602,Amazonas,Chirimoto,2018,0.000439
100603,Huanuco,Hermilio Valdizan,2018,0.003507
010111,Amazonas,Levanto,2018,0.00215
010518,Amazonas,San Jeronimo,2018,0.000937
010609,Amazonas,Omia,2018,4.3e-05
100902,Huanuco,Codo Del Pozuzo,2018,0.011962
010113,Amazonas,Mariscal Castilla,2018,0.00107
220101,San Martin,Moyobamba,2018,0.004997
010310,Amazonas,Shipasbamba,2018,0.00347
100103,Huanuco,Chinchao,2018,0.001987
010311,Amazonas,Valera,2018,0.003123
060907,Cajamarca,Tabaconas,2018,0.001618
160112,Loreto,Belen,2018,0.092052
200307,Piura,Sondor,2018,0.002751
220803,San Martin,Elias Soplin Vargas,2018,0.000441
010506,Amazonas,Inguilpata,2018,0.000645
220506,San Martin,Pinto Recodo,2018,0.003288
120303,Junin,Pichanaqui,2018,0.004751
010202,Amazonas,Aramango,2018,0.005628
010606,Amazonas,Longar,2018,1.1e-05
160101,Loreto,Iquitos,2018,0.039321
010507,Amazonas,Longuita,2018,0.0
221001,San Martin,Tocache,2018,0.014664
010511,Amazonas,Maria,2018,0.0
080901,Cusco,Santa Ana,2018,0.008214
120302,Junin,Perene,2018,0.004824
050409,Ayacucho,Canayre,2018,0.013528
221002,San Martin,Nuevo Progreso,2018,0.012579
200303,Piura,El Carmen De La Frontera,2018,0.004789
100609,Huanuco,Pueblo Nuevo,2018,0.012846
080903,Cusco,Huayopata,2018,0.005603
010604,Amazonas,Huambo,2018,0.0
100505,Huanuco,Jircan,2018,0.001816
010512,Amazonas,Ocalli,2018,0.0
010101,Amazonas,Chachapoyas,2018,0.001736
060903,Cajamarca,Huarango,2018,0.00371
010116,Amazonas,Olleros,2018,0.00015
010605,Amazonas,Limabamba,2018,0.000476
100804,Huanuco,Umari,2018,0.00078
220504,San Martin,Caynarachi,2018,0.003868
080905,Cusco,Ocobamba,2018,0.007078
010517,Amazonas,San Francisco Del Yeso,2018,0.001188
120609,Junin,Vizcatán Del Ene,2018,0.013635
060807,Cajamarca,Pomahuaca,2018,0.002305
010304,Amazonas,Corosha,2018,0.003465
221005,San Martin,Uchiza,2018,0.008623
220807,San Martin,San Fernando,2018,0.042418
050512,Ayacucho,Union Progreso,2018,0.021269
060804,Cajamarca,Colasay,2018,0.003837
160503,Loreto,Capelo,2018,0.066488
220910,San Martin,Morales,2018,0.013689
120604,Junin,Mazamari,2018,0.008696
120603,Junin,Llaylla,2018,0.001259
010520,Amazonas,Santa Catalina,2018,0.0
010603,Amazonas,Cochamal,2018,4.9e-05
120209,Junin,Mariscal Castilla,2018,0.005886
010601,Amazonas,San Nicolas,2018,0.010353
010519,Amazonas,San Juan De Lopecancha,2018,0.002749
160211,Loreto,Teniente Cesar Lopez Rojas,2018,0.019143
080408,Cusco,Yanatile,2018,0.006174
050408,Ayacucho,Llochegua,2018,0.008113
100507,Huanuco,Monzon,2018,0.005042
081304,Cusco,Machupicchu,2018,0.006012
220909,San Martin,La Banda De Shilcayo,2018,0.002975
220103,San Martin,Habana,2018,0.020803
100606,Huanuco,Mariano Damaso Beraun,2018,0.005209
010508,Amazonas,Lonya Chico,2018,0.000473
170102,Madre De Dios,Inambari,2018,0.032327
050502,Ayacucho,Anco,2018,0.004552
010523,Amazonas,Trita,2018,0.0
010516,Amazonas,San Cristobal,2018,0.002102
080918,Cusco,Union Ashaninka,2018,0.007167
221006,San Martin,Santa Lucia,2018,0.030942
100702,Huanuco,Cholon,2018,0.003111
211205,Puno,Phara,2018,0.003555
170204,Madre De Dios,Huepetuhe,2018,0.019105
010302,Amazonas,Chisquilla,2018,0.001396
050507,Ayacucho,Santa Rosa,2018,0.008213
220804,San Martin,Nueva Cajamarca,2018,0.001267
220809,San Martin,Yuracyacu,2018,0.025195
160603,Loreto,Padre Marquez,2018,0.049627
010522,Amazonas,Tingo,2018,0.003058
080906,Cusco,Quellouno,2018,0.006904
010301,Amazonas,Jumbilla,2018,0.000555
080917,Cusco,Manitea,2018,0.003027
250305,Ucayali,Alexander Von Humboldt,2019,1.3e-05
220509,San Martin,Shanao,2019,0.01321
250304,Ucayali,Neshuya,2019,0.000529
220501,San Martin,Lamas,2019,0.003838
220902,San Martin,Alberto Leveau,2019,0.012523
250102,Ucayali,Campoverde,2019,0.004725
220702,San Martin,Buenos Aires,2019,0.014245
220502,San Martin,Alonso De Alvarado,2019,0.000591
220404,San Martin,Piscoyacu,2019,0.013101
220708,San Martin,Shamboyacu,2019,0.000563
220204,San Martin,Huallaga,2019,0.002972
220605,San Martin,Pajarillo,2019,0.013387
010703,Amazonas,Cumba,2019,0.007286
220704,San Martin,Pilluana,2019,0.020232
220104,San Martin,Jepelacio,2019,0.003774
220505,San Martin,Cuñumbuqui,2019,0.009601
220507,San Martin,Rumisapa,2019,0.002619
220913,San Martin,Sauce,2019,0.055444
010608,Amazonas,Milpuc,2019,0.000352
220405,San Martin,Sacanche,2019,0.008143
220709,San Martin,Tingo De Ponasa,2019,0.0033
220304,San Martin,Santa Rosa,2019,0.005288
100903,Huanuco,Honoria,2019,0.026738
220203,San Martin,Bajo Biavo,2019,0.008992
220710,San Martin,Tres Unidos,2019,0.000486
220510,San Martin,Tabalosos,2019,0.006407
100904,Huanuco,Tournavista,2019,0.014318
010701,Amazonas,Bagua Grande,2019,0.003223
220701,San Martin,Picota,2019,0.043722
220403,San Martin,El Eslabon,2019,0.00937
250105,Ucayali,Yarinacocha,2019,0.0754
220914,San Martin,Shapaja,2019,0.018776
010707,Amazonas,Yamon,2019,0.003405
010705,Amazonas,Jamalca,2019,0.001607
220205,San Martin,San Pablo,2019,0.013304
220705,San Martin,Pucacaca,2019,0.036703
220601,San Martin,Juanjui,2019,0.026369
100905,Huanuco,Yuyapichis,2019,0.011641
100608,Huanuco,Castillo Grande,2019,0.026719
220302,San Martin,Agua Blanca,2019,0.002827
250306,Ucayali,Huipoca,2019,0.006011
010611,Amazonas,Totora,2019,0.00032
010706,Amazonas,Lonya Grande,2019,0.000432
220706,San Martin,San Cristobal,2019,0.08491
010303,Amazonas,Churuja,2019,0.007603
220301,San Martin,San Jose De Sisa,2019,0.003202
010204,Amazonas,El Parco,2019,0.000294
010306,Amazonas,Florida,2019,0.02016
220303,San Martin,San Martin,2019,0.002278
220106,San Martin,Yantalo,2019,0.027902
220305,San Martin,Shatoja,2019,0.004956
010104,Amazonas,Cheto,2019,0.0
160201,Loreto,Yurimaguas,2019,0.03215
060901,Cajamarca,San Ignacio,2019,0.005318
220511,San Martin,Zapatero,2019,0.002592
060811,Cajamarca,San Jose Del Alto,2019,0.002295
010206,Amazonas,La Peca,2019,1.3e-05
220401,San Martin,Saposoa,2019,0.004552
060902,Cajamarca,Chirinos,2019,0.006836
220908,San Martin,Juan Guerra,2019,0.035916
060904,Cajamarca,La Coipa,2019,0.001551
220808,San Martin,Yorongos,2019,0.013472
120607,Junin,Rio Negro,2019,0.004474
060812,Cajamarca,Santa Rosa,2019,0.011633
250106,Ucayali,Nueva Requena,2019,0.023112
220802,San Martin,Awajun,2019,0.007895
250302,Ucayali,Irazola,2019,0.004228
010109,Amazonas,La Jalca,2019,0.001383
220906,San Martin,El Porvenir,2019,0.020595
220707,San Martin,San Hilarion,2019,0.056811
220806,San Martin,Posic,2019,0.025169
220406,San Martin,Tingo De Saposoa,2019,0.070328
100901,Huanuco,Puerto Inca,2019,0.015255
010105,Amazonas,Chiliquin,2019,0.0
220105,San Martin,Soritor,2019,0.005493
220201,San Martin,Bellavista,2019,0.030804
060803,Cajamarca,Chontali,2019,0.003798
100605,Huanuco,Luyando,2019,0.027475
010307,Amazonas,Jazan,2019,0.003194
010502,Amazonas,Camporredondo,2019,0.000756
010515,Amazonas,Providencia,2019,0.00258
010102,Amazonas,Asuncion,2019,0.0
010510,Amazonas,Luya Viejo,2019,1.3e-05
100601,Huanuco,Rupa-Rupa,2019,0.015851
010514,Amazonas,Pisuquia,2019,0.001415
060810,Cajamarca,San Felipe,2019,0.005568
010305,Amazonas,Cuispes,2019,1.8e-05
060905,Cajamarca,Namballe,2019,0.002077
010119,Amazonas,San Isidro De Maino,2019,0.0
060801,Cajamarca,Jaen,2019,0.001863
010513,Amazonas,Ocumal,2019,0.001124
220912,San Martin,San Antonio,2019,0.00278
220903,San Martin,Cacatachi,2019,0.04319
120602,Junin,Coviriali,2019,0.001321
120304,Junin,San Luis De Shuaro,2019,0.003756
120601,Junin,Satipo,2019,0.005384
010203,Amazonas,Copallin,2019,0.00482
010112,Amazonas,Magdalena,2019,0.001339
220102,San Martin,Calzada,2019,0.011427
060805,Cajamarca,Huabal,2019,0.0
010610,Amazonas,Santa Rosa,2019,0.0
220503,San Martin,Barranquita,2019,0.006286
220801,San Martin,Rioja,2019,0.005438
220703,San Martin,Caspisapa,2019,0.063298
080904,Cusco,Maranura,2019,0.011383
010117,Amazonas,Quinjalca,2019,0.0
250303,Ucayali,Curimana,2019,0.014331
010308,Amazonas,Recta,2019,0.001142
010115,Amazonas,Montevideo,2019,0.000404
010114,Amazonas,Molinopampa,2019,0.000462
010503,Amazonas,Cocabamba,2019,0.001349
060809,Cajamarca,Sallique,2019,0.006873
010120,Amazonas,Soloco,2019,0.0
010521,Amazonas,Santo Tomas,2019,0.000622
100113,Huanuco,San Pablo De Pillao,2019,0.004565
010602,Amazonas,Chirimoto,2019,0.000474
100603,Huanuco,Hermilio Valdizan,2019,0.003917
010111,Amazonas,Levanto,2019,0.002673
010518,Amazonas,San Jeronimo,2019,0.000933
010609,Amazonas,Omia,2019,0.000118
100902,Huanuco,Codo Del Pozuzo,2019,0.010256
010113,Amazonas,Mariscal Castilla,2019,0.001296
220101,San Martin,Moyobamba,2019,0.006444
010310,Amazonas,Shipasbamba,2019,0.003406
100103,Huanuco,Chinchao,2019,0.00222
010311,Amazonas,Valera,2019,0.002986
060907,Cajamarca,Tabaconas,2019,0.001591
160112,Loreto,Belen,2019,0.093186
200307,Piura,Sondor,2019,0.002551
220803,San Martin,Elias Soplin Vargas,2019,0.000562
010506,Amazonas,Inguilpata,2019,0.000585
220506,San Martin,Pinto Recodo,2019,0.003467
120303,Junin,Pichanaqui,2019,0.00524
010202,Amazonas,Aramango,2019,0.006372
010606,Amazonas,Longar,2019,2.2e-05
160101,Loreto,Iquitos,2019,0.042488
010507,Amazonas,Longuita,2019,0.0
221001,San Martin,Tocache,2019,0.013678
010511,Amazonas,Maria,2019,0.0
080901,Cusco,Santa Ana,2019,0.008495
120302,Junin,Perene,2019,0.005049
050409,Ayacucho,Canayre,2019,0.019057
221002,San Martin,Nuevo Progreso,2019,0.013198
200303,Piura,El Carmen De La Frontera,2019,0.004702
100609,Huanuco,Pueblo Nuevo,2019,0.012416
080903,Cusco,Huayopata,2019,0.00511
010604,Amazonas,Huambo,2019,0.0
100505,Huanuco,Jircan,2019,0.001882
010512,Amazonas,Ocalli,2019,5e-06
010101,Amazonas,Chachapoyas,2019,0.00173
060903,Cajamarca,Huarango,2019,0.003732
010116,Amazonas,Olleros,2019,0.00015
010605,Amazonas,Limabamba,2019,0.000583
100804,Huanuco,Umari,2019,0.000824
220504,San Martin,Caynarachi,2019,0.004307
080905,Cusco,Ocobamba,2019,0.006149
010517,Amazonas,San Francisco Del Yeso,2019,0.00153
120609,Junin,Vizcatán Del Ene,2019,0.015592
060807,Cajamarca,Pomahuaca,2019,0.002267
010304,Amazonas,Corosha,2019,0.003853
221005,San Martin,Uchiza,2019,0.010313
220807,San Martin,San Fernando,2019,0.061478
050512,Ayacucho,Union Progreso,2019,0.024368
060804,Cajamarca,Colasay,2019,0.004068
160503,Loreto,Capelo,2019,0.063681
220910,San Martin,Morales,2019,0.028483
120604,Junin,Mazamari,2019,0.009692
120603,Junin,Llaylla,2019,0.00129
010520,Amazonas,Santa Catalina,2019,0.0
010603,Amazonas,Cochamal,2019,3.4e-05
120209,Junin,Mariscal Castilla,2019,0.003939
010601,Amazonas,San Nicolas,2019,0.012754
010519,Amazonas,San Juan De Lopecancha,2019,0.00314
160211,Loreto,Teniente Cesar Lopez Rojas,2019,0.02262
080408,Cusco,Yanatile,2019,0.005785
050408,Ayacucho,Llochegua,2019,0.010136
100507,Huanuco,Monzon,2019,0.005516
081304,Cusco,Machupicchu,2019,0.00579
220909,San Martin,La Banda De Shilcayo,2019,0.003045
220103,San Martin,Habana,2019,0.021139
100606,Huanuco,Mariano Damaso Beraun,2019,0.005505
010508,Amazonas,Lonya Chico,2019,0.000473
170102,Madre De Dios,Inambari,2019,0.03611
050502,Ayacucho,Anco,2019,0.004867
010523,Amazonas,Trita,2019,0.0
010516,Amazonas,San Cristobal,2019,0.001701
080918,Cusco,Union Ashaninka,2019,0.010228
221006,San Martin,Santa Lucia,2019,0.032555
100702,Huanuco,Cholon,2019,0.003173
211205,Puno,Phara,2019,0.003559
170204,Madre De Dios,Huepetuhe,2019,0.020616
010302,Amazonas,Chisquilla,2019,0.001396
050507,Ayacucho,Santa Rosa,2019,0.009482
220804,San Martin,Nueva Cajamarca,2019,0.002748
220809,San Martin,Yuracyacu,2019,0.042378
160603,Loreto,Padre Marquez,2019,0.051178
010522,Amazonas,Tingo,2019,0.003669
080906,Cusco,Quellouno,2019,0.006782
010301,Amazonas,Jumbilla,2019,0.000533
080917,Cusco,Manitea,2019,0.004159
250305,Ucayali,Alexander Von Humboldt,2020,1.3e-05
220509,San Martin,Shanao,2020,0.01383
250304,Ucayali,Neshuya,2020,0.000252
220501,San Martin,Lamas,2020,0.003851
220902,San Martin,Alberto Leveau,2020,0.011906
250102,Ucayali,Campoverde,2020,0.003828
220702,San Martin,Buenos Aires,2020,0.015837
220502,San Martin,Alonso De Alvarado,2020,0.000537
220404,San Martin,Piscoyacu,2020,0.010899
220708,San Martin,Shamboyacu,2020,0.000366
220204,San Martin,Huallaga,2020,0.003159
220605,San Martin,Pajarillo,2020,0.013633
010703,Amazonas,Cumba,2020,0.00723
220704,San Martin,Pilluana,2020,0.023751
220104,San Martin,Jepelacio,2020,0.00469
220505,San Martin,Cuñumbuqui,2020,0.00984
220507,San Martin,Rumisapa,2020,0.001577
220913,San Martin,Sauce,2020,0.052951
010608,Amazonas,Milpuc,2020,0.000165
220405,San Martin,Sacanche,2020,0.009499
220709,San Martin,Tingo De Ponasa,2020,0.002374
220304,San Martin,Santa Rosa,2020,0.004486
100903,Huanuco,Honoria,2020,0.02911
220203,San Martin,Bajo Biavo,2020,0.00944
220710,San Martin,Tres Unidos,2020,0.000403
220510,San Martin,Tabalosos,2020,0.00636
100904,Huanuco,Tournavista,2020,0.015363
010701,Amazonas,Bagua Grande,2020,0.003329
220701,San Martin,Picota,2020,0.048493
220403,San Martin,El Eslabon,2020,0.014411
250105,Ucayali,Yarinacocha,2020,0.0914
220914,San Martin,Shapaja,2020,0.019979
010707,Amazonas,Yamon,2020,0.003733
010705,Amazonas,Jamalca,2020,0.001678
220205,San Martin,San Pablo,2020,0.010482
220705,San Martin,Pucacaca,2020,0.027263
220601,San Martin,Juanjui,2020,0.026991
100905,Huanuco,Yuyapichis,2020,0.011658
100608,Huanuco,Castillo Grande,2020,0.028758
220302,San Martin,Agua Blanca,2020,0.002838
250306,Ucayali,Huipoca,2020,0.005927
010611,Amazonas,Totora,2020,0.000274
010706,Amazonas,Lonya Grande,2020,0.00043
220706,San Martin,San Cristobal,2020,0.088747
010303,Amazonas,Churuja,2020,0.008078
220301,San Martin,San Jose De Sisa,2020,0.003121
010204,Amazonas,El Parco,2020,0.0
010306,Amazonas,Florida,2020,0.020144
220303,San Martin,San Martin,2020,0.002185
220106,San Martin,Yantalo,2020,0.027212
220305,San Martin,Shatoja,2020,0.005028
010104,Amazonas,Cheto,2020,0.0
160201,Loreto,Yurimaguas,2020,0.028784
060901,Cajamarca,San Ignacio,2020,0.005101
220511,San Martin,Zapatero,2020,0.002582
060811,Cajamarca,San Jose Del Alto,2020,0.002323
010206,Amazonas,La Peca,2020,0.0
220401,San Martin,Saposoa,2020,0.004161
060902,Cajamarca,Chirinos,2020,0.006603
220908,San Martin,Juan Guerra,2020,0.033947
060904,Cajamarca,La Coipa,2020,0.001545
220808,San Martin,Yorongos,2020,0.012222
120607,Junin,Rio Negro,2020,0.004727
060812,Cajamarca,Santa Rosa,2020,0.01157
250106,Ucayali,Nueva Requena,2020,0.022479
220802,San Martin,Awajun,2020,0.009529
250302,Ucayali,Irazola,2020,0.003455
010109,Amazonas,La Jalca,2020,0.001361
220906,San Martin,El Porvenir,2020,0.020284
220707,San Martin,San Hilarion,2020,0.030241
220806,San Martin,Posic,2020,0.039326
220406,San Martin,Tingo De Saposoa,2020,0.072767
100901,Huanuco,Puerto Inca,2020,0.015427
010105,Amazonas,Chiliquin,2020,0.0
220105,San Martin,Soritor,2020,0.005639
220201,San Martin,Bellavista,2020,0.031218
060803,Cajamarca,Chontali,2020,0.003659
100605,Huanuco,Luyando,2020,0.026968
010307,Amazonas,Jazan,2020,0.003311
010502,Amazonas,Camporredondo,2020,0.000732
010515,Amazonas,Providencia,2020,0.002664
010102,Amazonas,Asuncion,2020,0.0
010510,Amazonas,Luya Viejo,2020,1.3e-05
100601,Huanuco,Rupa-Rupa,2020,0.015569
010514,Amazonas,Pisuquia,2020,0.001485
060810,Cajamarca,San Felipe,2020,0.005519
010305,Amazonas,Cuispes,2020,1.8e-05
060905,Cajamarca,Namballe,2020,0.002053
010119,Amazonas,San Isidro De Maino,2020,0.0
060801,Cajamarca,Jaen,2020,0.001811
010513,Amazonas,Ocumal,2020,0.001182
220912,San Martin,San Antonio,2020,0.002361
220903,San Martin,Cacatachi,2020,0.021002
120602,Junin,Coviriali,2020,0.001186
120304,Junin,San Luis De Shuaro,2020,0.003984
120601,Junin,Satipo,2020,0.005547
010203,Amazonas,Copallin,2020,0.005756
010112,Amazonas,Magdalena,2020,0.001168
220102,San Martin,Calzada,2020,0.022961
060805,Cajamarca,Huabal,2020,0.0
010610,Amazonas,Santa Rosa,2020,0.0
220503,San Martin,Barranquita,2020,0.005293
220801,San Martin,Rioja,2020,0.007456
220703,San Martin,Caspisapa,2020,0.041615
080904,Cusco,Maranura,2020,0.008364
010117,Amazonas,Quinjalca,2020,2.2e-05
250303,Ucayali,Curimana,2020,0.01298
010308,Amazonas,Recta,2020,0.00092
010115,Amazonas,Montevideo,2020,0.000368
010114,Amazonas,Molinopampa,2020,0.000462
010503,Amazonas,Cocabamba,2020,0.001412
060809,Cajamarca,Sallique,2020,0.006769
010120,Amazonas,Soloco,2020,0.0
010521,Amazonas,Santo Tomas,2020,0.000504
100113,Huanuco,San Pablo De Pillao,2020,0.004617
010602,Amazonas,Chirimoto,2020,0.000595
100603,Huanuco,Hermilio Valdizan,2020,0.003633
010111,Amazonas,Levanto,2020,0.002424
010518,Amazonas,San Jeronimo,2020,0.000941
010609,Amazonas,Omia,2020,9.1e-05
100902,Huanuco,Codo Del Pozuzo,2020,0.009675
010113,Amazonas,Mariscal Castilla,2020,0.001341
220101,San Martin,Moyobamba,2020,0.007276
010310,Amazonas,Shipasbamba,2020,0.003371
100103,Huanuco,Chinchao,2020,0.002105
010311,Amazonas,Valera,2020,0.003192
060907,Cajamarca,Tabaconas,2020,0.001561
160112,Loreto,Belen,2020,0.093789
200307,Piura,Sondor,2020,0.002579
220803,San Martin,Elias Soplin Vargas,2020,0.001418
010506,Amazonas,Inguilpata,2020,0.00063
220506,San Martin,Pinto Recodo,2020,0.00317
120303,Junin,Pichanaqui,2020,0.005669
010202,Amazonas,Aramango,2020,0.006172
010606,Amazonas,Longar,2020,4.3e-05
160101,Loreto,Iquitos,2020,0.040838
010507,Amazonas,Longuita,2020,0.0
221001,San Martin,Tocache,2020,0.015126
010511,Amazonas,Maria,2020,0.0
080901,Cusco,Santa Ana,2020,0.006978
120302,Junin,Perene,2020,0.005215
050409,Ayacucho,Canayre,2020,0.016496
221002,San Martin,Nuevo Progreso,2020,0.013219
200303,Piura,El Carmen De La Frontera,2020,0.004753
100609,Huanuco,Pueblo Nuevo,2020,0.013629
080903,Cusco,Huayopata,2020,0.004983
010604,Amazonas,Huambo,2020,0.0
100505,Huanuco,Jircan,2020,0.001838
010512,Amazonas,Ocalli,2020,5e-06
010101,Amazonas,Chachapoyas,2020,0.001666
060903,Cajamarca,Huarango,2020,0.003737
010116,Amazonas,Olleros,2020,0.00015
010605,Amazonas,Limabamba,2020,0.000523
100804,Huanuco,Umari,2020,0.000847
220504,San Martin,Caynarachi,2020,0.004529
080905,Cusco,Ocobamba,2020,0.005561
010517,Amazonas,San Francisco Del Yeso,2020,0.001383
120609,Junin,Vizcatán Del Ene,2020,0.014458
060807,Cajamarca,Pomahuaca,2020,0.002109
010304,Amazonas,Corosha,2020,0.003589
221005,San Martin,Uchiza,2020,0.00904
220807,San Martin,San Fernando,2020,0.07575
050512,Ayacucho,Union Progreso,2020,0.023655
060804,Cajamarca,Colasay,2020,0.00397
160503,Loreto,Capelo,2020,0.067359
220910,San Martin,Morales,2020,0.027081
120604,Junin,Mazamari,2020,0.009889
120603,Junin,Llaylla,2020,0.001546
010520,Amazonas,Santa Catalina,2020,0.0
010603,Amazonas,Cochamal,2020,0.0
120209,Junin,Mariscal Castilla,2020,0.005886
010601,Amazonas,San Nicolas,2020,0.00703
010519,Amazonas,San Juan De Lopecancha,2020,0.00277
160211,Loreto,Teniente Cesar Lopez Rojas,2020,0.020458
080408,Cusco,Yanatile,2020,0.005368
050408,Ayacucho,Llochegua,2020,0.008441
100507,Huanuco,Monzon,2020,0.005382
081304,Cusco,Machupicchu,2020,0.00518
220909,San Martin,La Banda De Shilcayo,2020,0.003059
220103,San Martin,Habana,2020,0.036903
100606,Huanuco,Mariano Damaso Beraun,2020,0.005144
010508,Amazonas,Lonya Chico,2020,0.000473
170102,Madre De Dios,Inambari,2020,0.03533
050502,Ayacucho,Anco,2020,0.004724
010523,Amazonas,Trita,2020,0.0
010516,Amazonas,San Cristobal,2020,0.001877
080918,Cusco,Union Ashaninka,2020,0.00695
221006,San Martin,Santa Lucia,2020,0.032163
100702,Huanuco,Cholon,2020,0.003051
211205,Puno,Phara,2020,0.003511
170204,Madre De Dios,Huepetuhe,2020,0.020407
010302,Amazonas,Chisquilla,2020,0.001429
050507,Ayacucho,Santa Rosa,2020,0.008142
220804,San Martin,Nueva Cajamarca,2020,0.002569
220809,San Martin,Yuracyacu,2020,0.055334
160603,Loreto,Padre Marquez,2020,0.050051
010522,Amazonas,Tingo,2020,0.003433
080906,Cusco,Quellouno,2020,0.006912
010301,Amazonas,Jumbilla,2020,0.000561
080917,Cusco,Manitea,2020,0.003584
250305,Ucayali,Alexander Von Humboldt,2021,1.7e-05
220509,San Martin,Shanao,2021,0.013064
250304,Ucayali,Neshuya,2021,0.000205
220501,San Martin,Lamas,2021,0.003742
220902,San Martin,Alberto Leveau,2021,0.011408
250102,Ucayali,Campoverde,2021,0.004589
220702,San Martin,Buenos Aires,2021,0.015381
220502,San Martin,Alonso De Alvarado,2021,0.000543
220404,San Martin,Piscoyacu,2021,0.007323
220708,San Martin,Shamboyacu,2021,0.000298
220204,San Martin,Huallaga,2021,0.003488
220605,San Martin,Pajarillo,2021,0.012278
010703,Amazonas,Cumba,2021,0.006997
220704,San Martin,Pilluana,2021,0.020531
220104,San Martin,Jepelacio,2021,0.00478
220505,San Martin,Cuñumbuqui,2021,0.009669
220507,San Martin,Rumisapa,2021,0.002245
220913,San Martin,Sauce,2021,0.053691
010608,Amazonas,Milpuc,2021,0.000165
220405,San Martin,Sacanche,2021,0.009252
220709,San Martin,Tingo De Ponasa,2021,0.006153
220304,San Martin,Santa Rosa,2021,0.00594
100903,Huanuco,Honoria,2021,0.027406
220203,San Martin,Bajo Biavo,2021,0.011766
220710,San Martin,Tres Unidos,2021,0.000846
220510,San Martin,Tabalosos,2021,0.006424
100904,Huanuco,Tournavista,2021,0.014483
010701,Amazonas,Bagua Grande,2021,0.002926
220701,San Martin,Picota,2021,0.044817
220403,San Martin,El Eslabon,2021,0.011257
250105,Ucayali,Yarinacocha,2021,0.084258
220914,San Martin,Shapaja,2021,0.018832
010707,Amazonas,Yamon,2021,0.003181
010705,Amazonas,Jamalca,2021,0.001462
220205,San Martin,San Pablo,2021,0.009498
220705,San Martin,Pucacaca,2021,0.028798
220601,San Martin,Juanjui,2021,0.024891
100905,Huanuco,Yuyapichis,2021,0.011948
100608,Huanuco,Castillo Grande,2021,0.0244
220302,San Martin,Agua Blanca,2021,0.003013
250306,Ucayali,Huipoca,2021,0.006147
010611,Amazonas,Totora,2021,0.000274
010706,Amazonas,Lonya Grande,2021,0.00043
220706,San Martin,San Cristobal,2021,0.079361
010303,Amazonas,Churuja,2021,0.007687
220301,San Martin,San Jose De Sisa,2021,0.003907
010204,Amazonas,El Parco,2021,0.0
010306,Amazonas,Florida,2021,0.020132
220303,San Martin,San Martin,2021,0.002386
220106,San Martin,Yantalo,2021,0.027723
220305,San Martin,Shatoja,2021,0.00477
010104,Amazonas,Cheto,2021,0.0
160201,Loreto,Yurimaguas,2021,0.027004
060901,Cajamarca,San Ignacio,2021,0.005366
220511,San Martin,Zapatero,2021,0.002602
060811,Cajamarca,San Jose Del Alto,2021,0.002235
010206,Amazonas,La Peca,2021,4.5e-05
220401,San Martin,Saposoa,2021,0.00421
060902,Cajamarca,Chirinos,2021,0.00627
220908,San Martin,Juan Guerra,2021,0.032292
060904,Cajamarca,La Coipa,2021,0.001439
220808,San Martin,Yorongos,2021,0.012798
120607,Junin,Rio Negro,2021,0.004168
060812,Cajamarca,Santa Rosa,2021,0.010307
250106,Ucayali,Nueva Requena,2021,0.024684
220802,San Martin,Awajun,2021,0.011203
250302,Ucayali,Irazola,2021,0.003845
010109,Amazonas,La Jalca,2021,0.001376
220906,San Martin,El Porvenir,2021,0.020735
220707,San Martin,San Hilarion,2021,0.049445
220806,San Martin,Posic,2021,0.021634
220406,San Martin,Tingo De Saposoa,2021,0.067473
100901,Huanuco,Puerto Inca,2021,0.015509
010105,Amazonas,Chiliquin,2021,0.0
220105,San Martin,Soritor,2021,0.005575
220201,San Martin,Bellavista,2021,0.028515
060803,Cajamarca,Chontali,2021,0.003761
100605,Huanuco,Luyando,2021,0.022049
010307,Amazonas,Jazan,2021,0.003335
010502,Amazonas,Camporredondo,2021,0.000772
010515,Amazonas,Providencia,2021,0.002703
010102,Amazonas,Asuncion,2021,0.0
010510,Amazonas,Luya Viejo,2021,5.3e-05
100601,Huanuco,Rupa-Rupa,2021,0.013493
010514,Amazonas,Pisuquia,2021,0.001326
060810,Cajamarca,San Felipe,2021,0.005408
010305,Amazonas,Cuispes,2021,0.0
060905,Cajamarca,Namballe,2021,0.002053
010119,Amazonas,San Isidro De Maino,2021,0.0
060801,Cajamarca,Jaen,2021,0.001883
010513,Amazonas,Ocumal,2021,0.001077
220912,San Martin,San Antonio,2021,0.002338
220903,San Martin,Cacatachi,2021,0.010196
120602,Junin,Coviriali,2021,0.001195
120304,Junin,San Luis De Shuaro,2021,0.003099
120601,Junin,Satipo,2021,0.005131
010203,Amazonas,Copallin,2021,0.006007
010112,Amazonas,Magdalena,2021,0.001418
220102,San Martin,Calzada,2021,0.016169
060805,Cajamarca,Huabal,2021,0.0
010610,Amazonas,Santa Rosa,2021,0.0
220503,San Martin,Barranquita,2021,0.005385
220801,San Martin,Rioja,2021,0.006315
220703,San Martin,Caspisapa,2021,0.049835
080904,Cusco,Maranura,2021,0.010048
010117,Amazonas,Quinjalca,2021,0.0
250303,Ucayali,Curimana,2021,0.013638
010308,Amazonas,Recta,2021,0.001047
010115,Amazonas,Montevideo,2021,0.000404
010114,Amazonas,Molinopampa,2021,0.000449
010503,Amazonas,Cocabamba,2021,0.001203
060809,Cajamarca,Sallique,2021,0.00639
010120,Amazonas,Soloco,2021,0.0
010521,Amazonas,Santo Tomas,2021,0.000543
100113,Huanuco,San Pablo De Pillao,2021,0.004381
010602,Amazonas,Chirimoto,2021,0.000416
100603,Huanuco,Hermilio Valdizan,2021,0.002138
010111,Amazonas,Levanto,2021,0.002649
010518,Amazonas,San Jeronimo,2021,0.000967
010609,Amazonas,Omia,2021,7.9e-05
100902,Huanuco,Codo Del Pozuzo,2021,0.00886
010113,Amazonas,Mariscal Castilla,2021,0.001194
220101,San Martin,Moyobamba,2021,0.005803
010310,Amazonas,Shipasbamba,2021,0.003442
100103,Huanuco,Chinchao,2021,0.00203
010311,Amazonas,Valera,2021,0.00285
060907,Cajamarca,Tabaconas,2021,0.001506
160112,Loreto,Belen,2021,0.079195
200307,Piura,Sondor,2021,0.002411
220803,San Martin,Elias Soplin Vargas,2021,0.002111
010506,Amazonas,Inguilpata,2021,0.0006
220506,San Martin,Pinto Recodo,2021,0.003582
120303,Junin,Pichanaqui,2021,0.004834
010202,Amazonas,Aramango,2021,0.006408
010606,Amazonas,Longar,2021,3.2e-05
160101,Loreto,Iquitos,2021,0.037653
010507,Amazonas,Longuita,2021,0.0
221001,San Martin,Tocache,2021,0.014235
010511,Amazonas,Maria,2021,0.0
080901,Cusco,Santa Ana,2021,0.008773
120302,Junin,Perene,2021,0.004036
050409,Ayacucho,Canayre,2021,0.015262
221002,San Martin,Nuevo Progreso,2021,0.011794
200303,Piura,El Carmen De La Frontera,2021,0.004615
100609,Huanuco,Pueblo Nuevo,2021,0.01104
080903,Cusco,Huayopata,2021,0.005373
010604,Amazonas,Huambo,2021,0.0
100505,Huanuco,Jircan,2021,0.001993
010512,Amazonas,Ocalli,2021,5e-06
010101,Amazonas,Chachapoyas,2021,0.001672
060903,Cajamarca,Huarango,2021,0.003752
010116,Amazonas,Olleros,2021,0.00015
010605,Amazonas,Limabamba,2021,0.00049
100804,Huanuco,Umari,2021,0.000858
220504,San Martin,Caynarachi,2021,0.003952
080905,Cusco,Ocobamba,2021,0.006452
010517,Amazonas,San Francisco Del Yeso,2021,0.001403
120609,Junin,Vizcatán Del Ene,2021,0.014324
060807,Cajamarca,Pomahuaca,2021,0.002334
010304,Amazonas,Corosha,2021,0.003908
221005,San Martin,Uchiza,2021,0.009054
220807,San Martin,San Fernando,2021,0.056806
050512,Ayacucho,Union Progreso,2021,0.024368
060804,Cajamarca,Colasay,2021,0.004121
160503,Loreto,Capelo,2021,0.069854
220910,San Martin,Morales,2021,0.017423
120604,Junin,Mazamari,2021,0.008946
120603,Junin,Llaylla,2021,0.001236
010520,Amazonas,Santa Catalina,2021,0.0
010603,Amazonas,Cochamal,2021,0.0
120209,Junin,Mariscal Castilla,2021,0.005232
010601,Amazonas,San Nicolas,2021,0.010074
010519,Amazonas,San Juan De Lopecancha,2021,0.003346
160211,Loreto,Teniente Cesar Lopez Rojas,2021,0.021809
080408,Cusco,Yanatile,2021,0.005481
050408,Ayacucho,Llochegua,2021,0.008218
100507,Huanuco,Monzon,2021,0.005071
081304,Cusco,Machupicchu,2021,0.005204
220909,San Martin,La Banda De Shilcayo,2021,0.002332
220103,San Martin,Habana,2021,0.02698
100606,Huanuco,Mariano Damaso Beraun,2021,0.005042
010508,Amazonas,Lonya Chico,2021,0.000499
170102,Madre De Dios,Inambari,2021,0.034662
050502,Ayacucho,Anco,2021,0.004677
010523,Amazonas,Trita,2021,0.0
010516,Amazonas,San Cristobal,2021,0.001952
080918,Cusco,Union Ashaninka,2021,0.006253
221006,San Martin,Santa Lucia,2021,0.032215
100702,Huanuco,Cholon,2021,0.003024
211205,Puno,Phara,2021,0.003685
170204,Madre De Dios,Huepetuhe,2021,0.017833
010302,Amazonas,Chisquilla,2021,0.00144
050507,Ayacucho,Santa Rosa,2021,0.0077
220804,San Martin,Nueva Cajamarca,2021,0.004617
220809,San Martin,Yuracyacu,2021,0.041146
160603,Loreto,Padre Marquez,2021,0.05237
010522,Amazonas,Tingo,2021,0.003775
080906,Cusco,Quellouno,2021,0.006979
010301,Amazonas,Jumbilla,2021,0.000555
080917,Cusco,Manitea,2021,0.003902
250305,Ucayali,Alexander Von Humboldt,2022,1.7e-05
220509,San Martin,Shanao,2022,0.013319
250304,Ucayali,Neshuya,2022,0.000247
220501,San Martin,Lamas,2022,0.003549
220902,San Martin,Alberto Leveau,2022,0.009555
250102,Ucayali,Campoverde,2022,0.004802
220702,San Martin,Buenos Aires,2022,0.014385
220502,San Martin,Alonso De Alvarado,2022,0.000588
220404,San Martin,Piscoyacu,2022,0.006988
220708,San Martin,Shamboyacu,2022,0.000443
220204,San Martin,Huallaga,2022,0.003055
220605,San Martin,Pajarillo,2022,0.011288
010703,Amazonas,Cumba,2022,0.006187
220704,San Martin,Pilluana,2022,0.021336
220104,San Martin,Jepelacio,2022,0.006928
220505,San Martin,Cuñumbuqui,2022,0.009474
220507,San Martin,Rumisapa,2022,0.000828
220913,San Martin,Sauce,2022,0.053762
010608,Amazonas,Milpuc,2022,0.00031
220405,San Martin,Sacanche,2022,0.007512
220709,San Martin,Tingo De Ponasa,2022,0.004187
220304,San Martin,Santa Rosa,2022,0.003104
100903,Huanuco,Honoria,2022,0.027736
220203,San Martin,Bajo Biavo,2022,0.008371
220710,San Martin,Tres Unidos,2022,0.00041
220510,San Martin,Tabalosos,2022,0.006454
100904,Huanuco,Tournavista,2022,0.014813
010701,Amazonas,Bagua Grande,2022,0.002741
220701,San Martin,Picota,2022,0.045221
220403,San Martin,El Eslabon,2022,0.010566
250105,Ucayali,Yarinacocha,2022,0.081477
220914,San Martin,Shapaja,2022,0.017285
010707,Amazonas,Yamon,2022,0.002774
010705,Amazonas,Jamalca,2022,0.001569
220205,San Martin,San Pablo,2022,0.009424
220705,San Martin,Pucacaca,2022,0.025101
220601,San Martin,Juanjui,2022,0.023855
100905,Huanuco,Yuyapichis,2022,0.011868
100608,Huanuco,Castillo Grande,2022,0.025213
220302,San Martin,Agua Blanca,2022,0.002873
250306,Ucayali,Huipoca,2022,0.006243
010611,Amazonas,Totora,2022,0.000731
010706,Amazonas,Lonya Grande,2022,0.000374
220706,San Martin,San Cristobal,2022,0.065136
010303,Amazonas,Churuja,2022,0.007296
220301,San Martin,San Jose De Sisa,2022,0.004048
010204,Amazonas,El Parco,2022,4.9e-05
010306,Amazonas,Florida,2022,0.020172
220303,San Martin,San Martin,2022,0.002425
220106,San Martin,Yantalo,2022,0.036065
220305,San Martin,Shatoja,2022,0.004655
010104,Amazonas,Cheto,2022,0.0
160201,Loreto,Yurimaguas,2022,0.03156
060901,Cajamarca,San Ignacio,2022,0.004441
220511,San Martin,Zapatero,2022,0.002607
060811,Cajamarca,San Jose Del Alto,2022,0.001801
010206,Amazonas,La Peca,2022,0.0
220401,San Martin,Saposoa,2022,0.004256
060902,Cajamarca,Chirinos,2022,0.005159
220908,San Martin,Juan Guerra,2022,0.036336
060904,Cajamarca,La Coipa,2022,0.001303
220808,San Martin,Yorongos,2022,0.015723
120607,Junin,Rio Negro,2022,0.004256
060812,Cajamarca,Santa Rosa,2022,0.009474
250106,Ucayali,Nueva Requena,2022,0.022239
220802,San Martin,Awajun,2022,0.015682
250302,Ucayali,Irazola,2022,0.004124
010109,Amazonas,La Jalca,2022,0.001211
220906,San Martin,El Porvenir,2022,0.020279
220707,San Martin,San Hilarion,2022,0.031504
220806,San Martin,Posic,2022,0.047242
220406,San Martin,Tingo De Saposoa,2022,0.061858
100901,Huanuco,Puerto Inca,2022,0.015333
010105,Amazonas,Chiliquin,2022,0.0
220105,San Martin,Soritor,2022,0.005041
220201,San Martin,Bellavista,2022,0.024837
060803,Cajamarca,Chontali,2022,0.002997
100605,Huanuco,Luyando,2022,0.022857
010307,Amazonas,Jazan,2022,0.003311
010502,Amazonas,Camporredondo,2022,0.00078
010515,Amazonas,Providencia,2022,0.002206
010102,Amazonas,Asuncion,2022,0.0
010510,Amazonas,Luya Viejo,2022,2.6e-05
100601,Huanuco,Rupa-Rupa,2022,0.013365
010514,Amazonas,Pisuquia,2022,0.001158
060810,Cajamarca,San Felipe,2022,0.004335
010305,Amazonas,Cuispes,2022,3.7e-05
060905,Cajamarca,Namballe,2022,0.002002
010119,Amazonas,San Isidro De Maino,2022,0.0
060801,Cajamarca,Jaen,2022,0.001573
010513,Amazonas,Ocumal,2022,0.000848
220912,San Martin,San Antonio,2022,0.000817
220903,San Martin,Cacatachi,2022,0.013668
120602,Junin,Coviriali,2022,0.001528
120304,Junin,San Luis De Shuaro,2022,0.003719
120601,Junin,Satipo,2022,0.005582
010203,Amazonas,Copallin,2022,0.004254
010112,Amazonas,Magdalena,2022,0.001385
220102,San Martin,Calzada,2022,0.063112
060805,Cajamarca,Huabal,2022,0.0
010610,Amazonas,Santa Rosa,2022,0.0
220503,San Martin,Barranquita,2022,0.005411
220801,San Martin,Rioja,2022,0.012962
220703,San Martin,Caspisapa,2022,0.03622
080904,Cusco,Maranura,2022,0.011579
010117,Amazonas,Quinjalca,2022,0.0
250303,Ucayali,Curimana,2022,0.014146
010308,Amazonas,Recta,2022,0.000888
010115,Amazonas,Montevideo,2022,0.000347
010114,Amazonas,Molinopampa,2022,0.000462
010503,Amazonas,Cocabamba,2022,0.000847
060809,Cajamarca,Sallique,2022,0.004958
010120,Amazonas,Soloco,2022,0.0
010521,Amazonas,Santo Tomas,2022,0.000533
100113,Huanuco,San Pablo De Pillao,2022,0.004525
010602,Amazonas,Chirimoto,2022,0.000428
100603,Huanuco,Hermilio Valdizan,2022,0.002496
010111,Amazonas,Levanto,2022,0.002673
010518,Amazonas,San Jeronimo,2022,0.000886
010609,Amazonas,Omia,2022,5.9e-05
100902,Huanuco,Codo Del Pozuzo,2022,0.008365
010113,Amazonas,Mariscal Castilla,2022,0.001149
220101,San Martin,Moyobamba,2022,0.009942
010310,Amazonas,Shipasbamba,2022,0.003293
100103,Huanuco,Chinchao,2022,0.002071
010311,Amazonas,Valera,2022,0.003192
060907,Cajamarca,Tabaconas,2022,0.001636
160112,Loreto,Belen,2022,0.084577
200307,Piura,Sondor,2022,0.001622
220803,San Martin,Elias Soplin Vargas,2022,0.002809
010506,Amazonas,Inguilpata,2022,0.000548
220506,San Martin,Pinto Recodo,2022,0.00317
120303,Junin,Pichanaqui,2022,0.005089
010202,Amazonas,Aramango,2022,0.005914
010606,Amazonas,Longar,2022,6.5e-05
160101,Loreto,Iquitos,2022,0.038329
010507,Amazonas,Longuita,2022,0.0
221001,San Martin,Tocache,2022,0.013734
010511,Amazonas,Maria,2022,0.0
080901,Cusco,Santa Ana,2022,0.008239
120302,Junin,Perene,2022,0.004447
050409,Ayacucho,Canayre,2022,0.014652
221002,San Martin,Nuevo Progreso,2022,0.011704
200303,Piura,El Carmen De La Frontera,2022,0.004752
100609,Huanuco,Pueblo Nuevo,2022,0.009995
080903,Cusco,Huayopata,2022,0.00522
010604,Amazonas,Huambo,2022,0.0
100505,Huanuco,Jircan,2022,0.001805
010512,Amazonas,Ocalli,2022,0.0
010101,Amazonas,Chachapoyas,2022,0.001741
060903,Cajamarca,Huarango,2022,0.003452
010116,Amazonas,Olleros,2022,0.00015
010605,Amazonas,Limabamba,2022,0.000463
100804,Huanuco,Umari,2022,0.000836
220504,San Martin,Caynarachi,2022,0.004476
080905,Cusco,Ocobamba,2022,0.006001
010517,Amazonas,San Francisco Del Yeso,2022,0.0013
120609,Junin,Vizcatán Del Ene,2022,0.01432
060807,Cajamarca,Pomahuaca,2022,0.001733
010304,Amazonas,Corosha,2022,0.003811
221005,San Martin,Uchiza,2022,0.00903
220807,San Martin,San Fernando,2022,0.089701
050512,Ayacucho,Union Progreso,2022,0.021113
060804,Cajamarca,Colasay,2022,0.002885
160503,Loreto,Capelo,2022,0.065406
220910,San Martin,Morales,2022,0.020753
120604,Junin,Mazamari,2022,0.009285
120603,Junin,Llaylla,2022,0.001239
010520,Amazonas,Santa Catalina,2022,0.0
010603,Amazonas,Cochamal,2022,0.0
120209,Junin,Mariscal Castilla,2022,0.003768
010601,Amazonas,San Nicolas,2022,0.007786
010519,Amazonas,San Juan De Lopecancha,2022,0.002955
160211,Loreto,Teniente Cesar Lopez Rojas,2022,0.021742
080408,Cusco,Yanatile,2022,0.005265
050408,Ayacucho,Llochegua,2022,0.00825
100507,Huanuco,Monzon,2022,0.005142
081304,Cusco,Machupicchu,2022,0.005771
220909,San Martin,La Banda De Shilcayo,2022,0.002482
220103,San Martin,Habana,2022,0.086844
100606,Huanuco,Mariano Damaso Beraun,2022,0.004632
010508,Amazonas,Lonya Chico,2022,0.000576
170102,Madre De Dios,Inambari,2022,0.03549
050502,Ayacucho,Anco,2022,0.004592
010523,Amazonas,Trita,2022,0.0
010516,Amazonas,San Cristobal,2022,0.001927
080918,Cusco,Union Ashaninka,2022,0.007124
221006,San Martin,Santa Lucia,2022,0.030919
100702,Huanuco,Cholon,2022,0.003036
211205,Puno,Phara,2022,0.003687
170204,Madre De Dios,Huepetuhe,2022,0.02204
010302,Amazonas,Chisquilla,2022,0.001237
050507,Ayacucho,Santa Rosa,2022,0.007238
220804,San Martin,Nueva Cajamarca,2022,0.004172
220809,San Martin,Yuracyacu,2022,0.060651
160603,Loreto,Padre Marquez,2022,0.049343
010522,Amazonas,Tingo,2022,0.003686
080906,Cusco,Quellouno,2022,0.006786
010301,Amazonas,Jumbilla,2022,0.000561
080917,Cusco,Manitea,2022,0.003205
250305,Ucayali,Alexander Von Humboldt,2023,1.3e-05
220509,San Martin,Shanao,2023,0.013137
250304,Ucayali,Neshuya,2023,0.000371
220501,San Martin,Lamas,2023,0.003735
220902,San Martin,Alberto Leveau,2023,0.011357
250102,Ucayali,Campoverde,2023,0.005207
220702,San Martin,Buenos Aires,2023,0.015047
220502,San Martin,Alonso De Alvarado,2023,0.00051
220404,San Martin,Piscoyacu,2023,0.007669
220708,San Martin,Shamboyacu,2023,0.000448
220204,San Martin,Huallaga,2023,0.00326
220605,San Martin,Pajarillo,2023,0.012756
010703,Amazonas,Cumba,2023,0.00692
220704,San Martin,Pilluana,2023,0.022063
220104,San Martin,Jepelacio,2023,0.00341
220505,San Martin,Cuñumbuqui,2023,0.009503
220507,San Martin,Rumisapa,2023,0.000828
220913,San Martin,Sauce,2023,0.053163
010608,Amazonas,Milpuc,2023,0.000103
220405,San Martin,Sacanche,2023,0.007534
220709,San Martin,Tingo De Ponasa,2023,0.00171
220304,San Martin,Santa Rosa,2023,0.003603
100903,Huanuco,Honoria,2023,0.026446
220203,San Martin,Bajo Biavo,2023,0.010972
220710,San Martin,Tres Unidos,2023,0.000288
220510,San Martin,Tabalosos,2023,0.006353
100904,Huanuco,Tournavista,2023,0.014403
010701,Amazonas,Bagua Grande,2023,0.003213
220701,San Martin,Picota,2023,0.044192
220403,San Martin,El Eslabon,2023,0.012154
250105,Ucayali,Yarinacocha,2023,0.06967
220914,San Martin,Shapaja,2023,0.018555
010707,Amazonas,Yamon,2023,0.003543
010705,Amazonas,Jamalca,2023,0.001848
220205,San Martin,San Pablo,2023,0.016776
220705,San Martin,Pucacaca,2023,0.023461
220601,San Martin,Juanjui,2023,0.025408
100905,Huanuco,Yuyapichis,2023,0.0118
100608,Huanuco,Castillo Grande,2023,0.025534
220302,San Martin,Agua Blanca,2023,0.003199
250306,Ucayali,Huipoca,2023,0.005831
010611,Amazonas,Totora,2023,0.0
010706,Amazonas,Lonya Grande,2023,0.0004
220706,San Martin,San Cristobal,2023,0.102205
010303,Amazonas,Churuja,2023,0.008246
220301,San Martin,San Jose De Sisa,2023,0.00351
010204,Amazonas,El Parco,2023,0.0
010306,Amazonas,Florida,2023,0.020244
220303,San Martin,San Martin,2023,0.002121
220106,San Martin,Yantalo,2023,0.026062
220305,San Martin,Shatoja,2023,0.004784
010104,Amazonas,Cheto,2023,0.0
160201,Loreto,Yurimaguas,2023,0.027786
060901,Cajamarca,San Ignacio,2023,0.005206
220511,San Martin,Zapatero,2023,0.002638
060811,Cajamarca,San Jose Del Alto,2023,0.002193
010206,Amazonas,La Peca,2023,0.0
220401,San Martin,Saposoa,2023,0.004488
060902,Cajamarca,Chirinos,2023,0.006563
220908,San Martin,Juan Guerra,2023,0.030767
060904,Cajamarca,La Coipa,2023,0.001472
220808,San Martin,Yorongos,2023,0.010134
120607,Junin,Rio Negro,2023,0.004143
060812,Cajamarca,Santa Rosa,2023,0.010777
250106,Ucayali,Nueva Requena,2023,0.021083
220802,San Martin,Awajun,2023,0.00656
250302,Ucayali,Irazola,2023,0.003736
010109,Amazonas,La Jalca,2023,0.001411
220906,San Martin,El Porvenir,2023,0.019689
220707,San Martin,San Hilarion,2023,0.054916
220806,San Martin,Posic,2023,0.020669
220406,San Martin,Tingo De Saposoa,2023,0.065091
100901,Huanuco,Puerto Inca,2023,0.015176
010105,Amazonas,Chiliquin,2023,0.0
220105,San Martin,Soritor,2023,0.004424
220201,San Martin,Bellavista,2023,0.03775
060803,Cajamarca,Chontali,2023,0.003595
100605,Huanuco,Luyando,2023,0.022936
010307,Amazonas,Jazan,2023,0.003135
010502,Amazonas,Camporredondo,2023,0.000841
010515,Amazonas,Providencia,2023,0.002733
010102,Amazonas,Asuncion,2023,0.0
010510,Amazonas,Luya Viejo,2023,5.3e-05
100601,Huanuco,Rupa-Rupa,2023,0.012846
010514,Amazonas,Pisuquia,2023,0.001278
060810,Cajamarca,San Felipe,2023,0.004672
010305,Amazonas,Cuispes,2023,9e-06
060905,Cajamarca,Namballe,2023,0.002001
010119,Amazonas,San Isidro De Maino,2023,0.0
060801,Cajamarca,Jaen,2023,0.001775
010513,Amazonas,Ocumal,2023,0.001114
220912,San Martin,San Antonio,2023,0.001918
220903,San Martin,Cacatachi,2023,0.001745
120602,Junin,Coviriali,2023,0.001411
120304,Junin,San Luis De Shuaro,2023,0.00303
120601,Junin,Satipo,2023,0.004873
010203,Amazonas,Copallin,2023,0.005945
010112,Amazonas,Magdalena,2023,0.00128
220102,San Martin,Calzada,2023,0.008019
060805,Cajamarca,Huabal,2023,0.0
010610,Amazonas,Santa Rosa,2023,0.0
220503,San Martin,Barranquita,2023,0.005167
220801,San Martin,Rioja,2023,0.004745
220703,San Martin,Caspisapa,2023,0.052976
080904,Cusco,Maranura,2023,0.010075
010117,Amazonas,Quinjalca,2023,0.0
250303,Ucayali,Curimana,2023,0.013537
010308,Amazonas,Recta,2023,0.001047
010115,Amazonas,Montevideo,2023,0.000368
010114,Amazonas,Molinopampa,2023,0.000465
010503,Amazonas,Cocabamba,2023,0.001318
060809,Cajamarca,Sallique,2023,0.005612
010120,Amazonas,Soloco,2023,0.0
010521,Amazonas,Santo Tomas,2023,0.000543
100113,Huanuco,San Pablo De Pillao,2023,0.004611
010602,Amazonas,Chirimoto,2023,0.000474
100603,Huanuco,Hermilio Valdizan,2023,0.0019
010111,Amazonas,Levanto,2023,0.002697
010518,Amazonas,San Jeronimo,2023,0.000886
010609,Amazonas,Omia,2023,6.3e-05
100902,Huanuco,Codo Del Pozuzo,2023,0.007634
010113,Amazonas,Mariscal Castilla,2023,0.001161
220101,San Martin,Moyobamba,2023,0.004088
010310,Amazonas,Shipasbamba,2023,0.003435
100103,Huanuco,Chinchao,2023,0.001905
010311,Amazonas,Valera,2023,0.003431
060907,Cajamarca,Tabaconas,2023,0.00156
160112,Loreto,Belen,2023,0.08925
200307,Piura,Sondor,2023,0.002138
220803,San Martin,Elias Soplin Vargas,2023,0.000683
010506,Amazonas,Inguilpata,2023,0.000653
220506,San Martin,Pinto Recodo,2023,0.002938
120303,Junin,Pichanaqui,2023,0.004562
010202,Amazonas,Aramango,2023,0.00574
010606,Amazonas,Longar,2023,6.5e-05
160101,Loreto,Iquitos,2023,0.040031
010507,Amazonas,Longuita,2023,0.0
221001,San Martin,Tocache,2023,0.014261
010511,Amazonas,Maria,2023,0.0
080901,Cusco,Santa Ana,2023,0.00764
120302,Junin,Perene,2023,0.004136
050409,Ayacucho,Canayre,2023,0.015246
221002,San Martin,Nuevo Progreso,2023,0.011689
200303,Piura,El Carmen De La Frontera,2023,0.004725
100609,Huanuco,Pueblo Nuevo,2023,0.009237
080903,Cusco,Huayopata,2023,0.00476
010604,Amazonas,Huambo,2023,0.0
100505,Huanuco,Jircan,2023,0.001945
010512,Amazonas,Ocalli,2023,5e-06
010101,Amazonas,Chachapoyas,2023,0.001666
060903,Cajamarca,Huarango,2023,0.003661
010116,Amazonas,Olleros,2023,0.00015
010605,Amazonas,Limabamba,2023,0.000455
100804,Huanuco,Umari,2023,0.000841
220504,San Martin,Caynarachi,2023,0.004095
080905,Cusco,Ocobamba,2023,0.005176
010517,Amazonas,San Francisco Del Yeso,2023,0.0013
120609,Junin,Vizcatán Del Ene,2023,0.013673
060807,Cajamarca,Pomahuaca,2023,0.002004
010304,Amazonas,Corosha,2023,0.003894
221005,San Martin,Uchiza,2023,0.008932
220807,San Martin,San Fernando,2023,0.025456
050512,Ayacucho,Union Progreso,2023,0.023031
060804,Cajamarca,Colasay,2023,0.00396
160503,Loreto,Capelo,2023,0.059611
220910,San Martin,Morales,2023,0.013374
120604,Junin,Mazamari,2023,0.008508
120603,Junin,Llaylla,2023,0.001114
010520,Amazonas,Santa Catalina,2023,0.0
010603,Amazonas,Cochamal,2023,2e-05
120209,Junin,Mariscal Castilla,2023,0.004951
010601,Amazonas,San Nicolas,2023,0.008291
010519,Amazonas,San Juan De Lopecancha,2023,0.003079
160211,Loreto,Teniente Cesar Lopez Rojas,2023,0.017877
080408,Cusco,Yanatile,2023,0.005546
050408,Ayacucho,Llochegua,2023,0.007994
100507,Huanuco,Monzon,2023,0.004791
081304,Cusco,Machupicchu,2023,0.006203
220909,San Martin,La Banda De Shilcayo,2023,0.002042
220103,San Martin,Habana,2023,0.012133
100606,Huanuco,Mariano Damaso Beraun,2023,0.00462
010508,Amazonas,Lonya Chico,2023,0.00046
170102,Madre De Dios,Inambari,2023,0.041443
050502,Ayacucho,Anco,2023,0.004519
010523,Amazonas,Trita,2023,0.0
010516,Amazonas,San Cristobal,2023,0.002052
080918,Cusco,Union Ashaninka,2023,0.006344
221006,San Martin,Santa Lucia,2023,0.03118
100702,Huanuco,Cholon,2023,0.003005
211205,Puno,Phara,2023,0.003633
170204,Madre De Dios,Huepetuhe,2023,0.027296
010302,Amazonas,Chisquilla,2023,0.001319
050507,Ayacucho,Santa Rosa,2023,0.007817
220804,San Martin,Nueva Cajamarca,2023,0.001014
220809,San Martin,Yuracyacu,2023,0.014891
160603,Loreto,Padre Marquez,2023,0.046268
010522,Amazonas,Tingo,2023,0.0034
080906,Cusco,Quellouno,2023,0.006474
010301,Amazonas,Jumbilla,2023,0.000521
080917,Cusco,Manitea,2023,0.003241
250305,Ucayali,Alexander Von Humboldt,2024,1.3e-05
220509,San Martin,Shanao,2024,0.01321
250304,Ucayali,Neshuya,2024,2.3e-05
220501,San Martin,Lamas,2024,0.0037
220902,San Martin,Alberto Leveau,2024,0.010482
250102,Ucayali,Campoverde,2024,0.002506
220702,San Martin,Buenos Aires,2024,0.014274
220502,San Martin,Alonso De Alvarado,2024,0.000552
220404,San Martin,Piscoyacu,2024,0.006039
220708,San Martin,Shamboyacu,2024,0.000246
220204,San Martin,Huallaga,2024,0.002685
220605,San Martin,Pajarillo,2024,0.012034
010703,Amazonas,Cumba,2024,0.007366
220704,San Martin,Pilluana,2024,0.018933
220104,San Martin,Jepelacio,2024,0.003868
220505,San Martin,Cuñumbuqui,2024,0.009421
220507,San Martin,Rumisapa,2024,0.000935
220913,San Martin,Sauce,2024,0.053594
010608,Amazonas,Milpuc,2024,2.1e-05
220405,San Martin,Sacanche,2024,0.006892
220709,San Martin,Tingo De Ponasa,2024,0.001739
220304,San Martin,Santa Rosa,2024,0.002751
100903,Huanuco,Honoria,2024,0.021915
220203,San Martin,Bajo Biavo,2024,0.00713
220710,San Martin,Tres Unidos,2024,0.0004
220510,San Martin,Tabalosos,2024,0.006422
100904,Huanuco,Tournavista,2024,0.011659
010701,Amazonas,Bagua Grande,2024,0.003446
220701,San Martin,Picota,2024,0.039454
220403,San Martin,El Eslabon,2024,0.007227
250105,Ucayali,Yarinacocha,2024,0.073004
220914,San Martin,Shapaja,2024,0.019624
010707,Amazonas,Yamon,2024,0.00353
010705,Amazonas,Jamalca,2024,0.001891
220205,San Martin,San Pablo,2024,0.006036
220705,San Martin,Pucacaca,2024,0.021891
220601,San Martin,Juanjui,2024,0.025733
100905,Huanuco,Yuyapichis,2024,0.00985
100608,Huanuco,Castillo Grande,2024,0.027192
220302,San Martin,Agua Blanca,2024,0.003345
250306,Ucayali,Huipoca,2024,0.003607
010611,Amazonas,Totora,2024,9.1e-05
010706,Amazonas,Lonya Grande,2024,0.000466
220706,San Martin,San Cristobal,2024,0.063395
010303,Amazonas,Churuja,2024,0.007994
220301,San Martin,San Jose De Sisa,2024,0.0037
010204,Amazonas,El Parco,2024,0.0
010306,Amazonas,Florida,2024,0.020164
220303,San Martin,San Martin,2024,0.002045
220106,San Martin,Yantalo,2024,0.025717
220305,San Martin,Shatoja,2024,0.004698
010104,Amazonas,Cheto,2024,0.0
160201,Loreto,Yurimaguas,2024,0.02832
060901,Cajamarca,San Ignacio,2024,0.005171
220511,San Martin,Zapatero,2024,0.002485
060811,Cajamarca,San Jose Del Alto,2024,0.002262
010206,Amazonas,La Peca,2024,0.0
220401,San Martin,Saposoa,2024,0.004138
060902,Cajamarca,Chirinos,2024,0.006258
220908,San Martin,Juan Guerra,2024,0.030587
060904,Cajamarca,La Coipa,2024,0.001472
220808,San Martin,Yorongos,2024,0.010265
120607,Junin,Rio Negro,2024,0.004582
060812,Cajamarca,Santa Rosa,2024,0.010138
250106,Ucayali,Nueva Requena,2024,0.016075
220802,San Martin,Awajun,2024,0.009199
250302,Ucayali,Irazola,2024,0.001831
010109,Amazonas,La Jalca,2024,0.001325
220906,San Martin,El Porvenir,2024,0.019311
220707,San Martin,San Hilarion,2024,0.018283
220806,San Martin,Posic,2024,0.025422
220406,San Martin,Tingo De Saposoa,2024,0.066301
100901,Huanuco,Puerto Inca,2024,0.012448
010105,Amazonas,Chiliquin,2024,0.0
220105,San Martin,Soritor,2024,0.004687
220201,San Martin,Bellavista,2024,0.024717
060803,Cajamarca,Chontali,2024,0.003567
100605,Huanuco,Luyando,2024,0.022794
010307,Amazonas,Jazan,2024,0.003511
010502,Amazonas,Camporredondo,2024,0.000849
010515,Amazonas,Providencia,2024,0.002779
010102,Amazonas,Asuncion,2024,0.0
010510,Amazonas,Luya Viejo,2024,5.3e-05
100601,Huanuco,Rupa-Rupa,2024,0.013751
010514,Amazonas,Pisuquia,2024,0.0014
060810,Cajamarca,San Felipe,2024,0.004759
010305,Amazonas,Cuispes,2024,3.7e-05
060905,Cajamarca,Namballe,2024,0.001976
010119,Amazonas,San Isidro De Maino,2024,0.0
060801,Cajamarca,Jaen,2024,0.001893
010513,Amazonas,Ocumal,2024,0.001131
220912,San Martin,San Antonio,2024,0.001089
220903,San Martin,Cacatachi,2024,0.000881
120602,Junin,Coviriali,2024,0.001833
120304,Junin,San Luis De Shuaro,2024,0.004632
120601,Junin,Satipo,2024,0.005447
010203,Amazonas,Copallin,2024,0.00652
010112,Amazonas,Magdalena,2024,0.001378
220102,San Martin,Calzada,2024,0.022454
060805,Cajamarca,Huabal,2024,0.0
010610,Amazonas,Santa Rosa,2024,0.0
220503,San Martin,Barranquita,2024,0.004959
220801,San Martin,Rioja,2024,0.004945
220703,San Martin,Caspisapa,2024,0.036243
080904,Cusco,Maranura,2024,0.010843
010117,Amazonas,Quinjalca,2024,0.0
250303,Ucayali,Curimana,2024,0.009669
010308,Amazonas,Recta,2024,0.001332
010115,Amazonas,Montevideo,2024,0.000368
010114,Amazonas,Molinopampa,2024,0.000465
010503,Amazonas,Cocabamba,2024,0.00137
060809,Cajamarca,Sallique,2024,0.005638
010120,Amazonas,Soloco,2024,0.0
010521,Amazonas,Santo Tomas,2024,0.000543
100113,Huanuco,San Pablo De Pillao,2024,0.004623
010602,Amazonas,Chirimoto,2024,0.000734
100603,Huanuco,Hermilio Valdizan,2024,0.00178
010111,Amazonas,Levanto,2024,0.002436
010518,Amazonas,San Jeronimo,2024,0.00098
010609,Amazonas,Omia,2024,5.9e-05
100902,Huanuco,Codo Del Pozuzo,2024,0.003974
010113,Amazonas,Mariscal Castilla,2024,0.001115
220101,San Martin,Moyobamba,2024,0.004448
010310,Amazonas,Shipasbamba,2024,0.003633
100103,Huanuco,Chinchao,2024,0.002199
010311,Amazonas,Valera,2024,0.003625
060907,Cajamarca,Tabaconas,2024,0.001532
160112,Loreto,Belen,2024,0.086845
200307,Piura,Sondor,2024,0.002099
220803,San Martin,Elias Soplin Vargas,2024,0.00074
010506,Amazonas,Inguilpata,2024,0.000608
220506,San Martin,Pinto Recodo,2024,0.003013
120303,Junin,Pichanaqui,2024,0.005687
010202,Amazonas,Aramango,2024,0.006541
010606,Amazonas,Longar,2024,0.000119
160101,Loreto,Iquitos,2024,0.039479
010507,Amazonas,Longuita,2024,0.0
221001,San Martin,Tocache,2024,0.013724
010511,Amazonas,Maria,2024,0.0
080901,Cusco,Santa Ana,2024,0.007069
120302,Junin,Perene,2024,0.005289
050409,Ayacucho,Canayre,2024,0.014421
221002,San Martin,Nuevo Progreso,2024,0.012092
200303,Piura,El Carmen De La Frontera,2024,0.00476
100609,Huanuco,Pueblo Nuevo,2024,0.010361
080903,Cusco,Huayopata,2024,0.004975
010604,Amazonas,Huambo,2024,0.0
100505,Huanuco,Jircan,2024,0.00193
010512,Amazonas,Ocalli,2024,5e-06
010101,Amazonas,Chachapoyas,2024,0.001811
060903,Cajamarca,Huarango,2024,0.003789
010116,Amazonas,Olleros,2024,0.00015
010605,Amazonas,Limabamba,2024,0.000454
100804,Huanuco,Umari,2024,0.00088
220504,San Martin,Caynarachi,2024,0.003554
080905,Cusco,Ocobamba,2024,0.0055
010517,Amazonas,San Francisco Del Yeso,2024,0.001329
120609,Junin,Vizcatán Del Ene,2024,0.015107
060807,Cajamarca,Pomahuaca,2024,0.002112
010304,Amazonas,Corosha,2024,0.003797
221005,San Martin,Uchiza,2024,0.008083
220807,San Martin,San Fernando,2024,0.047128
050512,Ayacucho,Union Progreso,2024,0.022696
060804,Cajamarca,Colasay,2024,0.00388
160503,Loreto,Capelo,2024,0.064972
220910,San Martin,Morales,2024,0.007257
120604,Junin,Mazamari,2024,0.009608
120603,Junin,Llaylla,2024,0.001796
010520,Amazonas,Santa Catalina,2024,0.0
010603,Amazonas,Cochamal,2024,5e-06
120209,Junin,Mariscal Castilla,2024,0.005232
010601,Amazonas,San Nicolas,2024,0.00656
010519,Amazonas,San Juan De Lopecancha,2024,0.003048
160211,Loreto,Teniente Cesar Lopez Rojas,2024,0.017767
080408,Cusco,Yanatile,2024,0.005815
050408,Ayacucho,Llochegua,2024,0.008219
100507,Huanuco,Monzon,2024,0.005202
081304,Cusco,Machupicchu,2024,0.007138
220909,San Martin,La Banda De Shilcayo,2024,0.001769
220103,San Martin,Habana,2024,0.033686
100606,Huanuco,Mariano Damaso Beraun,2024,0.00456
010508,Amazonas,Lonya Chico,2024,0.000448
170102,Madre De Dios,Inambari,2024,0.03719
050502,Ayacucho,Anco,2024,0.004662
010523,Amazonas,Trita,2024,0.0
010516,Amazonas,San Cristobal,2024,0.002252
080918,Cusco,Union Ashaninka,2024,0.007178
221006,San Martin,Santa Lucia,2024,0.033096
100702,Huanuco,Cholon,2024,0.003095
211205,Puno,Phara,2024,0.00387
170204,Madre De Dios,Huepetuhe,2024,0.022704
010302,Amazonas,Chisquilla,2024,0.001297
050507,Ayacucho,Santa Rosa,2024,0.008204
220804,San Martin,Nueva Cajamarca,2024,0.002029
220809,San Martin,Yuracyacu,2024,0.018301
160603,Loreto,Padre Marquez,2024,0.046702
010522,Amazonas,Tingo,2024,0.003278
080906,Cusco,Quellouno,2024,0.006247
010301,Amazonas,Jumbilla,2024,0.000533
080917,Cusco,Manitea,2024,0.004367
