geocode,departamento,distrito,anio,pix_total,pix_bosque,pix_no_bosque,pct_bosque,pct_no_bosque,pct_agropecuario,pct_anp,densidad_carreteras_km_km2,densidad_rios_km_km2,elev_media_m,pendiente_media_deg
010101,Amazonas,Chachapoyas,1985,172277,44566,127711,0.2586880430933903,0.7413119569066097,0.156057,0.0,0.7339235973235415,0.0555850285292218,2429.969330373659,20.772515585004104
010101,Amazonas,Chachapoyas,1986,172277,44472,127805,0.2581424101882433,0.7418575898117566,0.155726,0.0,0.7339235973235415,0.0555850285292218,2429.969330373659,20.772515585004104
010101,Amazonas,Chachapoyas,1987,172277,39411,132866,0.2287653023909169,0.771234697609083,0.212158,0.0,0.7339235973235415,0.0555850285292218,2429.969330373659,20.772515585004104
010101,Amazonas,Chachapoyas,1988,172277,38176,134101,0.2215966147541459,0.7784033852458541,0.238651,0.0,0.7339235973235415,0.0555850285292218,2429.969330373659,20.772515585004104
010101,Amazonas,Chachapoyas,1989,172277,38235,134042,0.2219390864712062,0.7780609135287937,0.240926,0.0,0.7339235973235415,0.0555850285292218,2429.969330373659,20.772515585004104
010101,Amazonas,Chachapoyas,1990,172277,39865,132412,0.2314005932306692,0.7685994067693308,0.240119,0.0,0.7339235973235415,0.0555850285292218,2429.969330373659,20.772515585004104
010101,Amazonas,Chachapoyas,1991,172277,39074,133203,0.2268091503799114,0.7731908496200885,0.234047,0.0,0.7339235973235415,0.0555850285292218,2429.969330373659,20.772515585004104
010101,Amazonas,Chachapoyas,1992,172277,38098,134179,0.2211438555349814,0.7788561444650185,0.197444,0.0,0.7339235973235415,0.0555850285292218,2429.969330373659,20.772515585004104
010101,Amazonas,Chachapoyas,1993,172277,36273,136004,0.2105504507276072,0.7894495492723927,0.173865,0.0,0.7339235973235415,0.0555850285292218,2429.969330373659,20.772515585004104
010101,Amazonas,Chachapoyas,1994,172277,33539,138738,0.1946806596353547,0.8053193403646454,0.183646,0.0,0.7339235973235415,0.0555850285292218,2429.969330373659,20.772515585004104
010101,Amazonas,Chachapoyas,1995,172277,35721,136556,0.2073463085612124,0.7926536914387875,0.211682,0.0,0.7339235973235415,0.0555850285292218,2429.969330373659,20.772515585004104
010101,Amazonas,Chachapoyas,1996,172277,36266,136011,0.2105098184899899,0.78949018151001,0.220447,0.0,0.7339235973235415,0.0555850285292218,2429.969330373659,20.772515585004104
010101,Amazonas,Chachapoyas,1997,172277,36369,135908,0.211107692843502,0.7888923071564979,0.237083,0.0,0.7339235973235415,0.0555850285292218,2429.969330373659,20.772515585004104
010101,Amazonas,Chachapoyas,1998,172277,37151,135126,0.2156468942458947,0.7843531057541053,0.251235,0.0,0.7339235973235415,0.0555850285292218,2429.969330373659,20.772515585004104
010101,Amazonas,Chachapoyas,1999,172277,38969,133308,0.2261996668156515,0.7738003331843485,0.256482,0.0,0.7339235973235415,0.0555850285292218,2429.969330373659,20.772515585004104
010101,Amazonas,Chachapoyas,2000,172277,39895,132382,0.2315747313918863,0.7684252686081137,0.250631,0.0,0.7339235973235415,0.0555850285292218,2429.969330373659,20.772515585004104
010101,Amazonas,Chachapoyas,2001,172277,39050,133227,0.2266698398509377,0.7733301601490623,0.254654,0.0,0.7339235973235415,0.0555850285292218,2429.969330373659,20.772515585004104
010101,Amazonas,Chachapoyas,2002,172277,39380,132897,0.2285853596243259,0.7714146403756741,0.254549,0.0,0.7339235973235415,0.0555850285292218,2429.969330373659,20.772515585004104
010101,Amazonas,Chachapoyas,2003,172277,39559,132718,0.2296243839862547,0.7703756160137453,0.252123,0.0,0.7339235973235415,0.0555850285292218,2429.969330373659,20.772515585004104
010101,Amazonas,Chachapoyas,2004,172277,38545,133732,0.2237385141371164,0.7762614858628836,0.263773,0.0,0.7339235973235415,0.0555850285292218,2429.969330373659,20.772515585004104
010101,Amazonas,Chachapoyas,2005,172277,36447,135830,0.2115604520626665,0.7884395479373335,0.264411,0.0,0.7339235973235415,0.0555850285292218,2429.969330373659,20.772515585004104
010101,Amazonas,Chachapoyas,2006,172277,35142,137135,0.2039854420497222,0.7960145579502778,0.261439,0.0,0.7339235973235415,0.0555850285292218,2429.969330373659,20.772515585004104
010101,Amazonas,Chachapoyas,2007,172277,35562,136715,0.2064233763067617,0.7935766236932382,0.248391,0.0233,0.7339235973235415,0.0555850285292218,2429.969330373659,20.772515585004104
010101,Amazonas,Chachapoyas,2008,172277,36215,136062,0.2102137836159208,0.7897862163840791,0.252198,0.0233,0.7339235973235415,0.0555850285292218,2429.969330373659,20.772515585004104
010101,Amazonas,Chachapoyas,2009,172277,37289,134988,0.2164479297874934,0.7835520702125066,0.250887,0.0233,0.7339235973235415,0.0555850285292218,2429.969330373659,20.772515585004104
010101,Amazonas,Chachapoyas,2010,172277,37853,134424,0.219721727218375,0.780278272781625,0.253696,0.04193,0.7339235973235415,0.0555850285292218,2429.969330373659,20.772515585004104
010101,Amazonas,Chachapoyas,2011,172277,38704,133573,0.224661446391567,0.775338553608433,0.250039,0.04193,0.7339235973235415,0.0555850285292218,2429.969330373659,20.772515585004104
010101,Amazonas,Chachapoyas,2012,172277,39573,132704,0.2297056484614893,0.7702943515385107,0.246313,0.04193,0.7339235973235415,0.0555850285292218,2429.969330373659,20.772515585004104
010101,Amazonas,Chachapoyas,2013,172277,40095,132182,0.232735652466667,0.767264347533333,0.242824,0.04193,0.7339235973235415,0.0555850285292218,2429.969330373659,20.772515585004104
010101,Amazonas,Chachapoyas,2014,172277,40422,131855,0.2346337584239335,0.7653662415760665,0.22952,0.04193,0.7339235973235415,0.0555850285292218,2429.969330373659,20.772515585004104
010101,Amazonas,Chachapoyas,2015,172277,41432,130845,0.2404964098515762,0.7595035901484237,0.218427,0.04193,0.7339235973235415,0.0555850285292218,2429.969330373659,20.772515585004104
010101,Amazonas,Chachapoyas,2016,172277,41605,130672,0.2415006065812615,0.7584993934187384,0.20968,0.04193,0.7339235973235415,0.0555850285292218,2429.969330373659,20.772515585004104
010101,Amazonas,Chachapoyas,2017,172277,41736,130541,0.2422610098852429,0.7577389901147571,0.218462,0.04193,0.7339235973235415,0.0555850285292218,2429.969330373659,20.772515585004104
010101,Amazonas,Chachapoyas,2018,172277,43182,129095,0.2506544692559076,0.7493455307440924,0.221196,0.04193,0.7339235973235415,0.0555850285292218,2429.969330373659,20.772515585004104
010101,Amazonas,Chachapoyas,2019,172277,43187,129090,0.2506834922827771,0.7493165077172228,0.227094,0.04193,0.7339235973235415,0.0555850285292218,2429.969330373659,20.772515585004104
010101,Amazonas,Chachapoyas,2020,172277,43326,128951,0.2514903324297498,0.7485096675702503,0.227024,0.04193,0.7339235973235415,0.0555850285292218,2429.969330373659,20.772515585004104
010101,Amazonas,Chachapoyas,2021,172277,43540,128737,0.2527325179797651,0.7472674820202349,0.222711,0.04193,0.7339235973235415,0.0555850285292218,2429.969330373659,20.772515585004104
010101,Amazonas,Chachapoyas,2022,172277,43252,129025,0.2510607916320809,0.7489392083679192,0.250446,0.04193,0.7339235973235415,0.0555850285292218,2429.969330373659,20.772515585004104
010101,Amazonas,Chachapoyas,2023,172277,43416,128861,0.2520127469134011,0.7479872530865989,0.251264,0.04193,0.7339235973235415,0.0555850285292218,2429.969330373659,20.772515585004104
010101,Amazonas,Chachapoyas,2024,172277,43485,128792,0.2524132646842004,0.7475867353157996,0.252233,0.04193,0.7339235973235415,0.0555850285292218,2429.969330373659,20.772515585004104
010113,Amazonas,Mariscal Castilla,1985,88754,27901,60853,0.3143632963021385,0.6856367036978616,0.251369,0.0,0.41977925192291,0.0426215370013919,2905.4881905787997,16.897575310522058
010113,Amazonas,Mariscal Castilla,1986,88754,27883,60871,0.3141604885413615,0.6858395114586385,0.250637,0.0,0.41977925192291,0.0426215370013919,2905.4881905787997,16.897575310522058
010113,Amazonas,Mariscal Castilla,1987,88754,24688,64066,0.2781621110034477,0.7218378889965522,0.304696,0.0,0.41977925192291,0.0426215370013919,2905.4881905787997,16.897575310522058
010113,Amazonas,Mariscal Castilla,1988,88754,23551,65203,0.2653514207810352,0.7346485792189648,0.307423,0.0,0.41977925192291,0.0426215370013919,2905.4881905787997,16.897575310522058
010113,Amazonas,Mariscal Castilla,1989,88754,23028,65726,0.2594587286206818,0.7405412713793181,0.317586,0.0,0.41977925192291,0.0426215370013919,2905.4881905787997,16.897575310522058
010113,Amazonas,Mariscal Castilla,1990,88754,22838,65916,0.2573179800347027,0.7426820199652974,0.318577,0.0,0.41977925192291,0.0426215370013919,2905.4881905787997,16.897575310522058
010113,Amazonas,Mariscal Castilla,1991,88754,23052,65702,0.2597291389683845,0.7402708610316154,0.323287,0.0,0.41977925192291,0.0426215370013919,2905.4881905787997,16.897575310522058
010113,Amazonas,Mariscal Castilla,1992,88754,23435,65319,0.2640444374338058,0.7359555625661942,0.323816,0.0,0.41977925192291,0.0426215370013919,2905.4881905787997,16.897575310522058
010113,Amazonas,Mariscal Castilla,1993,88754,23016,65738,0.2593235234468306,0.7406764765531695,0.321022,0.0,0.41977925192291,0.0426215370013919,2905.4881905787997,16.897575310522058
010113,Amazonas,Mariscal Castilla,1994,88754,21853,66901,0.2462198886810735,0.7537801113189264,0.308234,0.0,0.41977925192291,0.0426215370013919,2905.4881905787997,16.897575310522058
010113,Amazonas,Mariscal Castilla,1995,88754,22760,65994,0.2564391464046691,0.7435608535953309,0.284562,0.0,0.41977925192291,0.0426215370013919,2905.4881905787997,16.897575310522058
010113,Amazonas,Mariscal Castilla,1996,88754,23134,65620,0.2606530409897019,0.7393469590102981,0.274771,0.0,0.41977925192291,0.0426215370013919,2905.4881905787997,16.897575310522058
010113,Amazonas,Mariscal Castilla,1997,88754,22145,66609,0.2495098812447889,0.750490118755211,0.268326,0.0,0.41977925192291,0.0426215370013919,2905.4881905787997,16.897575310522058
010113,Amazonas,Mariscal Castilla,1998,88754,21182,67572,0.2386596660432206,0.7613403339567794,0.268686,0.0,0.41977925192291,0.0426215370013919,2905.4881905787997,16.897575310522058
010113,Amazonas,Mariscal Castilla,1999,88754,22213,66541,0.2502760438966131,0.7497239561033869,0.257318,0.0,0.41977925192291,0.0426215370013919,2905.4881905787997,16.897575310522058
010113,Amazonas,Mariscal Castilla,2000,88754,22643,66111,0.2551208959596187,0.7448791040403813,0.263695,0.0,0.41977925192291,0.0426215370013919,2905.4881905787997,16.897575310522058
010113,Amazonas,Mariscal Castilla,2001,88754,22808,65946,0.2569799671000743,0.7430200328999257,0.264698,0.0,0.41977925192291,0.0426215370013919,2905.4881905787997,16.897575310522058
010113,Amazonas,Mariscal Castilla,2002,88754,23185,65569,0.26122766297857,0.73877233702143,0.254896,0.0,0.41977925192291,0.0426215370013919,2905.4881905787997,16.897575310522058
010113,Amazonas,Mariscal Castilla,2003,88754,23402,65352,0.2636726232057146,0.7363273767942853,0.255819,0.0,0.41977925192291,0.0426215370013919,2905.4881905787997,16.897575310522058
010113,Amazonas,Mariscal Castilla,2004,88754,22615,66139,0.2548054172206323,0.7451945827793677,0.280607,0.0,0.41977925192291,0.0426215370013919,2905.4881905787997,16.897575310522058
010113,Amazonas,Mariscal Castilla,2005,88754,23414,65340,0.263807828379566,0.736192171620434,0.279334,0.0,0.41977925192291,0.0426215370013919,2905.4881905787997,16.897575310522058
010113,Amazonas,Mariscal Castilla,2006,88754,24146,64608,0.2720553439844965,0.7279446560155035,0.272675,0.0,0.41977925192291,0.0426215370013919,2905.4881905787997,16.897575310522058
010113,Amazonas,Mariscal Castilla,2007,88754,24391,64363,0.2748157829506276,0.7251842170493724,0.268191,0.0,0.41977925192291,0.0426215370013919,2905.4881905787997,16.897575310522058
010113,Amazonas,Mariscal Castilla,2008,88754,25129,63625,0.2831309011424837,0.7168690988575163,0.277689,0.0,0.41977925192291,0.0426215370013919,2905.4881905787997,16.897575310522058
010113,Amazonas,Mariscal Castilla,2009,88754,25308,63446,0.2851477116524326,0.7148522883475674,0.27868,0.0,0.41977925192291,0.0426215370013919,2905.4881905787997,16.897575310522058
010113,Amazonas,Mariscal Castilla,2010,88754,26174,62580,0.2949050183653695,0.7050949816346306,0.265374,0.0,0.41977925192291,0.0426215370013919,2905.4881905787997,16.897575310522058
010113,Amazonas,Mariscal Castilla,2011,88754,27083,61671,0.3051468102846069,0.6948531897153931,0.242288,0.0,0.41977925192291,0.0426215370013919,2905.4881905787997,16.897575310522058
010113,Amazonas,Mariscal Castilla,2012,88754,26925,61829,0.3033666088288979,0.6966333911711021,0.241105,0.0,0.41977925192291,0.0426215370013919,2905.4881905787997,16.897575310522058
010113,Amazonas,Mariscal Castilla,2013,88754,26346,62408,0.2968429591905717,0.7031570408094283,0.24711,0.0,0.41977925192291,0.0426215370013919,2905.4881905787997,16.897575310522058
010113,Amazonas,Mariscal Castilla,2014,88754,25604,63150,0.2884827726074317,0.7115172273925682,0.254321,0.0,0.41977925192291,0.0426215370013919,2905.4881905787997,16.897575310522058
010113,Amazonas,Mariscal Castilla,2015,88754,25374,63380,0.2858913401086148,0.7141086598913852,0.263853,0.011021,0.41977925192291,0.0426215370013919,2905.4881905787997,16.897575310522058
010113,Amazonas,Mariscal Castilla,2016,88754,25899,62855,0.29180656646461,0.70819343353539,0.245307,0.011021,0.41977925192291,0.0426215370013919,2905.4881905787997,16.897575310522058
010113,Amazonas,Mariscal Castilla,2017,88754,26183,62571,0.2950064222457579,0.7049935777542421,0.251211,0.011021,0.41977925192291,0.0426215370013919,2905.4881905787997,16.897575310522058
010113,Amazonas,Mariscal Castilla,2018,88754,25115,63639,0.2829731617729905,0.7170268382270095,0.247493,0.011021,0.41977925192291,0.0426215370013919,2905.4881905787997,16.897575310522058
010113,Amazonas,Mariscal Castilla,2019,88754,24337,64417,0.2742073596682966,0.7257926403317033,0.234942,0.011021,0.41977925192291,0.0426215370013919,2905.4881905787997,16.897575310522058
010113,Amazonas,Mariscal Castilla,2020,88754,24657,64097,0.2778128309709985,0.7221871690290015,0.227415,0.011021,0.41977925192291,0.0426215370013919,2905.4881905787997,16.897575310522058
010113,Amazonas,Mariscal Castilla,2021,88754,24577,64177,0.276911463145323,0.723088536854677,0.206819,0.011021,0.41977925192291,0.0426215370013919,2905.4881905787997,16.897575310522058
010113,Amazonas,Mariscal Castilla,2022,88754,24970,63784,0.2813394325889537,0.7186605674110462,0.213635,0.011021,0.41977925192291,0.0426215370013919,2905.4881905787997,16.897575310522058
010113,Amazonas,Mariscal Castilla,2023,88754,25164,63590,0.2835252495662167,0.7164747504337833,0.218751,0.011021,0.41977925192291,0.0426215370013919,2905.4881905787997,16.897575310522058
010113,Amazonas,Mariscal Castilla,2024,88754,24953,63801,0.2811478919259977,0.7188521080740023,0.233871,0.011021,0.41977925192291,0.0426215370013919,2905.4881905787997,16.897575310522058
010116,Amazonas,Olleros,1985,120055,63885,56170,0.5321311065761526,0.4678688934238474,0.058615,0.0,0.0435509746217802,0.0,3163.6466569921777,19.08743552341368
010116,Amazonas,Olleros,1986,120055,63885,56170,0.5321311065761526,0.4678688934238474,0.058615,0.0,0.0435509746217802,0.0,3163.6466569921777,19.08743552341368
010116,Amazonas,Olleros,1987,120055,61996,58059,0.5163966515347133,0.4836033484652867,0.067702,0.034633,0.0435509746217802,0.0,3163.6466569921777,19.08743552341368
010116,Amazonas,Olleros,1988,120055,61101,58954,0.5089417350381076,0.4910582649618925,0.072317,0.034633,0.0435509746217802,0.0,3163.6466569921777,19.08743552341368
010116,Amazonas,Olleros,1989,120055,60309,59746,0.5023447586522843,0.4976552413477156,0.077448,0.034633,0.0435509746217802,0.0,3163.6466569921777,19.08743552341368
010116,Amazonas,Olleros,1990,120055,59813,60242,0.4982133188955062,0.5017866811044938,0.081379,0.034633,0.0435509746217802,0.0,3163.6466569921777,19.08743552341368
010116,Amazonas,Olleros,1991,120055,60564,59491,0.5044687851401441,0.4955312148598559,0.079647,0.034633,0.0435509746217802,0.0,3163.6466569921777,19.08743552341368
010116,Amazonas,Olleros,1992,120055,60957,59098,0.5077422847861397,0.4922577152138603,0.073533,0.034633,0.0435509746217802,0.0,3163.6466569921777,19.08743552341368
010116,Amazonas,Olleros,1993,120055,59536,60519,0.4959060430635958,0.5040939569364041,0.077165,0.034633,0.0435509746217802,0.0,3163.6466569921777,19.08743552341368
010116,Amazonas,Olleros,1994,120055,58627,61428,0.4883345133480488,0.5116654866519512,0.081446,0.034633,0.0435509746217802,0.0,3163.6466569921777,19.08743552341368
010116,Amazonas,Olleros,1995,120055,58275,61780,0.4854025238432385,0.5145974761567614,0.071417,0.034633,0.0435509746217802,0.0,3163.6466569921777,19.08743552341368
010116,Amazonas,Olleros,1996,120055,57703,62352,0.4806380408979218,0.5193619591020782,0.074191,0.034633,0.0435509746217802,0.0,3163.6466569921777,19.08743552341368
010116,Amazonas,Olleros,1997,120055,56981,63074,0.4746241306068052,0.5253758693931948,0.076557,0.034633,0.0435509746217802,0.0,3163.6466569921777,19.08743552341368
010116,Amazonas,Olleros,1998,120055,57819,62236,0.481604264712007,0.518395735287993,0.071117,0.034633,0.0435509746217802,0.0,3163.6466569921777,19.08743552341368
010116,Amazonas,Olleros,1999,120055,57552,62503,0.4793802840364833,0.5206197159635167,0.072717,0.034633,0.0435509746217802,0.0,3163.6466569921777,19.08743552341368
010116,Amazonas,Olleros,2000,120055,57686,62369,0.4804964391320644,0.5195035608679355,0.07599,0.034633,0.0435509746217802,0.0,3163.6466569921777,19.08743552341368
010116,Amazonas,Olleros,2001,120055,57348,62707,0.4776810628461955,0.5223189371538045,0.080463,0.034633,0.0435509746217802,0.0,3163.6466569921777,19.08743552341368
010116,Amazonas,Olleros,2002,120055,56459,63596,0.4702761234434218,0.5297238765565783,0.081638,0.034633,0.0435509746217802,0.0,3163.6466569921777,19.08743552341368
010116,Amazonas,Olleros,2003,120055,57802,62253,0.4814626629461497,0.5185373370538503,0.079114,0.034633,0.0435509746217802,0.0,3163.6466569921777,19.08743552341368
010116,Amazonas,Olleros,2004,120055,57805,62250,0.4814876514930656,0.5185123485069343,0.082487,0.034633,0.0435509746217802,0.0,3163.6466569921777,19.08743552341368
010116,Amazonas,Olleros,2005,120055,56737,63318,0.4725917287909708,0.5274082712090292,0.092899,0.034633,0.0435509746217802,0.0,3163.6466569921777,19.08743552341368
010116,Amazonas,Olleros,2006,120055,55849,64206,0.4651951189038357,0.5348048810961643,0.105951,0.034633,0.0435509746217802,0.0,3163.6466569921777,19.08743552341368
010116,Amazonas,Olleros,2007,120055,56648,63407,0.4718504018991296,0.5281495981008705,0.099613,0.034633,0.0435509746217802,0.0,3163.6466569921777,19.08743552341368
010116,Amazonas,Olleros,2008,120055,56754,63301,0.4727333305568281,0.5272666694431719,0.096772,0.034633,0.0435509746217802,0.0,3163.6466569921777,19.08743552341368
010116,Amazonas,Olleros,2009,120055,55708,64347,0.4640206571987839,0.5359793428012161,0.099996,0.034633,0.0435509746217802,0.0,3163.6466569921777,19.08743552341368
010116,Amazonas,Olleros,2010,120055,54931,65124,0.4575486235475407,0.5424513764524593,0.103994,0.034633,0.0435509746217802,0.0,3163.6466569921777,19.08743552341368
010116,Amazonas,Olleros,2011,120055,54587,65468,0.4546832701678397,0.5453167298321603,0.098846,0.034633,0.0435509746217802,0.0,3163.6466569921777,19.08743552341368
010116,Amazonas,Olleros,2012,120055,53501,66554,0.4456374161842489,0.5543625838157511,0.101154,0.034633,0.0435509746217802,0.0,3163.6466569921777,19.08743552341368
010116,Amazonas,Olleros,2013,120055,51942,68113,0.4326517013035692,0.5673482986964308,0.103761,0.034633,0.0435509746217802,0.0,3163.6466569921777,19.08743552341368
010116,Amazonas,Olleros,2014,120055,52243,67812,0.4351588855108075,0.5648411144891925,0.100995,0.034633,0.0435509746217802,0.0,3163.6466569921777,19.08743552341368
010116,Amazonas,Olleros,2015,120055,52781,67274,0.4396401649244096,0.5603598350755904,0.09509,0.034633,0.0435509746217802,0.0,3163.6466569921777,19.08743552341368
010116,Amazonas,Olleros,2016,120055,51783,68272,0.4313273083170214,0.5686726916829786,0.096722,0.034633,0.0435509746217802,0.0,3163.6466569921777,19.08743552341368
010116,Amazonas,Olleros,2017,120055,51497,68558,0.428945066844363,0.571054933155637,0.096481,0.034633,0.0435509746217802,0.0,3163.6466569921777,19.08743552341368
010116,Amazonas,Olleros,2018,120055,51981,68074,0.4329765524134771,0.5670234475865228,0.096672,0.034633,0.0435509746217802,0.0,3163.6466569921777,19.08743552341368
010116,Amazonas,Olleros,2019,120055,53695,66360,0.44725334221815,0.55274665778185,0.092591,0.034633,0.0435509746217802,0.0,3163.6466569921777,19.08743552341368
010116,Amazonas,Olleros,2020,120055,53811,66244,0.4482195660322352,0.5517804339677648,0.094615,0.034633,0.0435509746217802,0.0,3163.6466569921777,19.08743552341368
010116,Amazonas,Olleros,2021,120055,55119,64936,0.4591145724876098,0.5408854275123901,0.087943,0.034633,0.0435509746217802,0.0,3163.6466569921777,19.08743552341368
010116,Amazonas,Olleros,2022,120055,55455,64600,0.4619132897422014,0.5380867102577985,0.089626,0.034633,0.0435509746217802,0.0,3163.6466569921777,19.08743552341368
010116,Amazonas,Olleros,2023,120055,55472,64583,0.4620548915080588,0.5379451084919412,0.092241,0.034633,0.0435509746217802,0.0,3163.6466569921777,19.08743552341368
010116,Amazonas,Olleros,2024,120055,55630,64425,0.4633709549789679,0.536629045021032,0.091258,0.034633,0.0435509746217802,0.0,3163.6466569921777,19.08743552341368
010506,Amazonas,Inguilpata,1985,133308,69846,63462,0.5239445494643983,0.4760554505356018,0.246204,0.0,0.1725366639126662,0.0168795890975058,2717.525520044632,22.54542002547287
010506,Amazonas,Inguilpata,1986,133308,69826,63482,0.5237945209589822,0.4762054790410178,0.246137,0.0,0.1725366639126662,0.0168795890975058,2717.525520044632,22.54542002547287
010506,Amazonas,Inguilpata,1987,133308,69153,64155,0.5187460617517329,0.4812539382482672,0.275782,0.0,0.1725366639126662,0.0168795890975058,2717.525520044632,22.54542002547287
010506,Amazonas,Inguilpata,1988,133308,67991,65317,0.5100294055870616,0.4899705944129384,0.286412,0.0,0.1725366639126662,0.0168795890975058,2717.525520044632,22.54542002547287
010506,Amazonas,Inguilpata,1989,133308,67024,66284,0.5027755273501965,0.4972244726498034,0.290418,0.0,0.1725366639126662,0.0168795890975058,2717.525520044632,22.54542002547287
010506,Amazonas,Inguilpata,1990,133308,65844,67464,0.4939238455306508,0.5060761544693492,0.30236,0.0,0.1725366639126662,0.0168795890975058,2717.525520044632,22.54542002547287
010506,Amazonas,Inguilpata,1991,133308,64982,68326,0.4874576169472199,0.51254238305278,0.309509,0.0,0.1725366639126662,0.0168795890975058,2717.525520044632,22.54542002547287
010506,Amazonas,Inguilpata,1992,133308,64259,69049,0.4820340864764305,0.5179659135235695,0.312922,0.0,0.1725366639126662,0.0168795890975058,2717.525520044632,22.54542002547287
010506,Amazonas,Inguilpata,1993,133308,63678,69630,0.4776757583940949,0.5223242416059051,0.316245,0.0,0.1725366639126662,0.0168795890975058,2717.525520044632,22.54542002547287
010506,Amazonas,Inguilpata,1994,133308,63350,69958,0.475215290905272,0.524784709094728,0.318601,0.0,0.1725366639126662,0.0168795890975058,2717.525520044632,22.54542002547287
010506,Amazonas,Inguilpata,1995,133308,63787,69521,0.4784934137486122,0.5215065862513878,0.313605,0.0,0.1725366639126662,0.0168795890975058,2717.525520044632,22.54542002547287
010506,Amazonas,Inguilpata,1996,133308,64522,68786,0.4840069613226513,0.5159930386773487,0.311309,0.0,0.1725366639126662,0.0168795890975058,2717.525520044632,22.54542002547287
010506,Amazonas,Inguilpata,1997,133308,64659,68649,0.4850346565847511,0.5149653434152489,0.311189,0.0,0.1725366639126662,0.0168795890975058,2717.525520044632,22.54542002547287
010506,Amazonas,Inguilpata,1998,133308,67966,65342,0.5098418699552915,0.4901581300447085,0.292068,0.0,0.1725366639126662,0.0168795890975058,2717.525520044632,22.54542002547287
010506,Amazonas,Inguilpata,1999,133308,68286,65022,0.512242326041948,0.487757673958052,0.290455,0.0,0.1725366639126662,0.0168795890975058,2717.525520044632,22.54542002547287
010506,Amazonas,Inguilpata,2000,133308,68606,64702,0.5146427821286045,0.4853572178713956,0.290463,0.0,0.1725366639126662,0.0168795890975058,2717.525520044632,22.54542002547287
010506,Amazonas,Inguilpata,2001,133308,66196,67112,0.4965643472259729,0.503435652774027,0.304295,0.0,0.1725366639126662,0.0168795890975058,2717.525520044632,22.54542002547287
010506,Amazonas,Inguilpata,2002,133308,65941,67367,0.4946514837819186,0.5053485162180814,0.307588,0.0,0.1725366639126662,0.0168795890975058,2717.525520044632,22.54542002547287
010506,Amazonas,Inguilpata,2003,133308,65750,67558,0.4932187115551955,0.5067812884448045,0.305398,0.0,0.1725366639126662,0.0168795890975058,2717.525520044632,22.54542002547287
010506,Amazonas,Inguilpata,2004,133308,64054,69254,0.4804962942959162,0.5195037057040838,0.310552,0.0,0.1725366639126662,0.0168795890975058,2717.525520044632,22.54542002547287
010506,Amazonas,Inguilpata,2005,133308,63377,69931,0.4754178293875836,0.5245821706124164,0.310356,0.0,0.1725366639126662,0.0168795890975058,2717.525520044632,22.54542002547287
010506,Amazonas,Inguilpata,2006,133308,63892,69416,0.4792810634020464,0.5207189365979537,0.300762,0.0,0.1725366639126662,0.0168795890975058,2717.525520044632,22.54542002547287
010506,Amazonas,Inguilpata,2007,133308,63967,69341,0.4798436702973565,0.5201563297026435,0.301265,0.0,0.1725366639126662,0.0168795890975058,2717.525520044632,22.54542002547287
010506,Amazonas,Inguilpata,2008,133308,63489,69819,0.4762579890179134,0.5237420109820866,0.305571,0.0,0.1725366639126662,0.0168795890975058,2717.525520044632,22.54542002547287
010506,Amazonas,Inguilpata,2009,133308,63252,70056,0.4744801512287334,0.5255198487712666,0.306126,0.0,0.1725366639126662,0.0168795890975058,2717.525520044632,22.54542002547287
010506,Amazonas,Inguilpata,2010,133308,62985,70323,0.4724772706814295,0.5275227293185706,0.311249,0.0,0.1725366639126662,0.0168795890975058,2717.525520044632,22.54542002547287
010506,Amazonas,Inguilpata,2011,133308,63855,69453,0.4790035106670267,0.5209964893329733,0.301197,0.02566,0.1725366639126662,0.0168795890975058,2717.525520044632,22.54542002547287
010506,Amazonas,Inguilpata,2012,133308,65754,67554,0.4932487172562786,0.5067512827437213,0.289262,0.02566,0.1725366639126662,0.0168795890975058,2717.525520044632,22.54542002547287
010506,Amazonas,Inguilpata,2013,133308,66967,66341,0.5023479461097609,0.4976520538902391,0.285437,0.02566,0.1725366639126662,0.0168795890975058,2717.525520044632,22.54542002547287
010506,Amazonas,Inguilpata,2014,133308,68497,64811,0.5138251267740871,0.4861748732259129,0.273479,0.02566,0.1725366639126662,0.0168795890975058,2717.525520044632,22.54542002547287
010506,Amazonas,Inguilpata,2015,133308,70304,63004,0.5273802022384253,0.4726197977615747,0.255784,0.02566,0.1725366639126662,0.0168795890975058,2717.525520044632,22.54542002547287
010506,Amazonas,Inguilpata,2016,133308,71019,62289,0.5327437213070484,0.4672562786929516,0.248597,0.02566,0.1725366639126662,0.0168795890975058,2717.525520044632,22.54542002547287
010506,Amazonas,Inguilpata,2017,133308,68776,64532,0.5159180244246406,0.4840819755753593,0.264823,0.02566,0.1725366639126662,0.0168795890975058,2717.525520044632,22.54542002547287
010506,Amazonas,Inguilpata,2018,133308,68181,65127,0.5114546763885138,0.4885453236114861,0.268559,0.02566,0.1725366639126662,0.0168795890975058,2717.525520044632,22.54542002547287
010506,Amazonas,Inguilpata,2019,133308,67408,65900,0.5056560746541843,0.4943439253458157,0.284349,0.02566,0.1725366639126662,0.0168795890975058,2717.525520044632,22.54542002547287
010506,Amazonas,Inguilpata,2020,133308,67598,65710,0.5070813454556365,0.4929186545443634,0.288407,0.02566,0.1725366639126662,0.0168795890975058,2717.525520044632,22.54542002547287
010506,Amazonas,Inguilpata,2021,133308,70241,63067,0.5269076124463649,0.4730923875536352,0.265918,0.02566,0.1725366639126662,0.0168795890975058,2717.525520044632,22.54542002547287
010506,Amazonas,Inguilpata,2022,133308,70037,63271,0.5253773216911213,0.4746226783088786,0.268446,0.02566,0.1725366639126662,0.0168795890975058,2717.525520044632,22.54542002547287
010506,Amazonas,Inguilpata,2023,133308,70439,62869,0.5283928946499835,0.4716071053500165,0.265558,0.02566,0.1725366639126662,0.0168795890975058,2717.525520044632,22.54542002547287
010506,Amazonas,Inguilpata,2024,133308,70475,62833,0.5286629459597324,0.4713370540402676,0.268559,0.02566,0.1725366639126662,0.0168795890975058,2717.525520044632,22.54542002547287
060805,Cajamarca,Huabal,1985,95324,22336,72988,0.2343166463849607,0.7656833536150393,0.660201,0.0,0.8663181538178245,0.0,1642.2664757404889,22.113339768339767
060805,Cajamarca,Huabal,1986,95324,21601,73723,0.2266061012966304,0.7733938987033696,0.698859,0.0,0.8663181538178245,0.0,1642.2664757404889,22.113339768339767
060805,Cajamarca,Huabal,1987,95324,16940,78384,0.1777097058453275,0.8222902941546725,0.758183,0.0,0.8663181538178245,0.0,1642.2664757404889,22.113339768339767
060805,Cajamarca,Huabal,1988,95324,15927,79397,0.1670827913222273,0.8329172086777726,0.766628,0.0,0.8663181538178245,0.0,1642.2664757404889,22.113339768339767
060805,Cajamarca,Huabal,1989,95324,18015,77309,0.1889870336956065,0.8110129663043935,0.747042,0.0,0.8663181538178245,0.0,1642.2664757404889,22.113339768339767
060805,Cajamarca,Huabal,1990,95324,18055,77269,0.1894066551970123,0.8105933448029877,0.744702,0.0,0.8663181538178245,0.0,1642.2664757404889,22.113339768339767
060805,Cajamarca,Huabal,1991,95324,19290,76034,0.2023624690529142,0.7976375309470858,0.733855,0.0,0.8663181538178245,0.0,1642.2664757404889,22.113339768339767
060805,Cajamarca,Huabal,1992,95324,23852,71472,0.250220301288238,0.749779698711762,0.68285,0.0,0.8663181538178245,0.0,1642.2664757404889,22.113339768339767
060805,Cajamarca,Huabal,1993,95324,24655,70669,0.258644202928958,0.7413557970710419,0.671877,0.0,0.8663181538178245,0.0,1642.2664757404889,22.113339768339767
060805,Cajamarca,Huabal,1994,95324,24557,70767,0.257616130250514,0.742383869749486,0.671877,0.0,0.8663181538178245,0.0,1642.2664757404889,22.113339768339767
060805,Cajamarca,Huabal,1995,95324,24512,70812,0.2571440560614326,0.7428559439385675,0.671489,0.0,0.8663181538178245,0.0,1642.2664757404889,22.113339768339767
060805,Cajamarca,Huabal,1996,95324,20188,75136,0.2117829717594729,0.7882170282405271,0.716011,0.0,0.8663181538178245,0.0,1642.2664757404889,22.113339768339767
060805,Cajamarca,Huabal,1997,95324,15124,80200,0.1586588896815073,0.8413411103184927,0.772764,0.0,0.8663181538178245,0.0,1642.2664757404889,22.113339768339767
060805,Cajamarca,Huabal,1998,95324,14952,80372,0.1568545172254626,0.8431454827745374,0.780569,0.0,0.8663181538178245,0.0,1642.2664757404889,22.113339768339767
060805,Cajamarca,Huabal,1999,95324,13436,81888,0.1409508623221854,0.8590491376778147,0.797952,0.0,0.8663181538178245,0.0,1642.2664757404889,22.113339768339767
060805,Cajamarca,Huabal,2000,95324,11886,83438,0.1246905291427132,0.8753094708572867,0.80497,0.0,0.8663181538178245,0.0,1642.2664757404889,22.113339768339767
060805,Cajamarca,Huabal,2001,95324,13688,81636,0.1435944777810415,0.8564055222189585,0.78207,0.0,0.8663181538178245,0.0,1642.2664757404889,22.113339768339767
060805,Cajamarca,Huabal,2002,95324,12886,82438,0.1351810666778565,0.8648189333221434,0.7887,0.0,0.8663181538178245,0.0,1642.2664757404889,22.113339768339767
060805,Cajamarca,Huabal,2003,95324,12260,83064,0.1286139901808568,0.8713860098191432,0.79791,0.0,0.8663181538178245,0.0,1642.2664757404889,22.113339768339767
060805,Cajamarca,Huabal,2004,95324,12039,83285,0.1262955813855902,0.8737044186144098,0.798613,0.0,0.8663181538178245,0.0,1642.2664757404889,22.113339768339767
060805,Cajamarca,Huabal,2005,95324,12243,83081,0.1284356510427594,0.8715643489572406,0.796819,0.0,0.8663181538178245,0.0,1642.2664757404889,22.113339768339767
060805,Cajamarca,Huabal,2006,95324,13187,82137,0.1383387184759347,0.8616612815240653,0.784734,0.0,0.8663181538178245,0.0,1642.2664757404889,22.113339768339767
060805,Cajamarca,Huabal,2007,95324,12960,82364,0.1359573664554571,0.8640426335445428,0.786318,0.0,0.8663181538178245,0.0,1642.2664757404889,22.113339768339767
060805,Cajamarca,Huabal,2008,95324,12379,82945,0.1298623641475389,0.8701376358524611,0.790829,0.0,0.8663181538178245,0.0,1642.2664757404889,22.113339768339767
060805,Cajamarca,Huabal,2009,95324,11385,83939,0.1194347698376064,0.8805652301623935,0.802023,0.0,0.8663181538178245,0.0,1642.2664757404889,22.113339768339767
060805,Cajamarca,Huabal,2010,95324,10394,84930,0.1090386471402794,0.8909613528597206,0.809807,0.0,0.8663181538178245,0.0,1642.2664757404889,22.113339768339767
060805,Cajamarca,Huabal,2011,95324,10379,84945,0.1088812890772523,0.8911187109227476,0.80775,0.0,0.8663181538178245,0.0,1642.2664757404889,22.113339768339767
060805,Cajamarca,Huabal,2012,95324,9717,85607,0.1019365532289874,0.8980634467710126,0.813982,0.0,0.8663181538178245,0.0,1642.2664757404889,22.113339768339767
060805,Cajamarca,Huabal,2013,95324,9926,85398,0.1041290755738324,0.8958709244261676,0.821136,0.0,0.8663181538178245,0.0,1642.2664757404889,22.113339768339767
060805,Cajamarca,Huabal,2014,95324,9842,85482,0.1032478704208803,0.8967521295791197,0.830672,0.0,0.8663181538178245,0.0,1642.2664757404889,22.113339768339767
060805,Cajamarca,Huabal,2015,95324,10558,84766,0.1107590952960429,0.889240904703957,0.830053,0.0,0.8663181538178245,0.0,1642.2664757404889,22.113339768339767
060805,Cajamarca,Huabal,2016,95324,9821,85503,0.1030275691326423,0.8969724308673577,0.839316,0.0,0.8663181538178245,0.0,1642.2664757404889,22.113339768339767
060805,Cajamarca,Huabal,2017,95324,9540,85784,0.100079728085267,0.8999202719147329,0.839201,0.0,0.8663181538178245,0.0,1642.2664757404889,22.113339768339767
060805,Cajamarca,Huabal,2018,95324,9453,85871,0.0991670513197096,0.9008329486802904,0.839851,0.0,0.8663181538178245,0.0,1642.2664757404889,22.113339768339767
060805,Cajamarca,Huabal,2019,95324,9290,86034,0.0974570937014812,0.9025429062985189,0.837764,0.0,0.8663181538178245,0.0,1642.2664757404889,22.113339768339767
060805,Cajamarca,Huabal,2020,95324,9842,85482,0.1032478704208803,0.8967521295791197,0.828102,0.0,0.8663181538178245,0.0,1642.2664757404889,22.113339768339767
060805,Cajamarca,Huabal,2021,95324,9527,85797,0.0999433510973102,0.9000566489026898,0.827347,0.0,0.8663181538178245,0.0,1642.2664757404889,22.113339768339767
060805,Cajamarca,Huabal,2022,95324,9234,86090,0.0968696235995132,0.9031303764004868,0.827609,0.0,0.8663181538178245,0.0,1642.2664757404889,22.113339768339767
060805,Cajamarca,Huabal,2023,95324,9796,85528,0.1027653056942637,0.8972346943057362,0.814842,0.0,0.8663181538178245,0.0,1642.2664757404889,22.113339768339767
060805,Cajamarca,Huabal,2024,95324,10515,84809,0.1103080021820318,0.8896919978179681,0.808097,0.0,0.8663181538178245,0.0,1642.2664757404889,22.113339768339767
060905,Cajamarca,Namballe,1985,710706,499994,210712,0.703517347538926,0.2964826524610739,0.214698,0.0,0.2605537314468907,0.0031114121771022,1988.5237150575329,25.167111566762344
060905,Cajamarca,Namballe,1986,710706,499875,210831,0.7033499084009421,0.2966500915990578,0.215071,0.0,0.2605537314468907,0.0031114121771022,1988.5237150575329,25.167111566762344
060905,Cajamarca,Namballe,1987,710706,485670,225036,0.683362740711349,0.316637259288651,0.239854,0.0,0.2605537314468907,0.0031114121771022,1988.5237150575329,25.167111566762344
060905,Cajamarca,Namballe,1988,710706,486496,224210,0.6845249653161786,0.3154750346838214,0.238832,0.354845,0.2605537314468907,0.0031114121771022,1988.5237150575329,25.167111566762344
060905,Cajamarca,Namballe,1989,710706,464970,245736,0.6542367730116251,0.3457632269883749,0.260714,0.354845,0.2605537314468907,0.0031114121771022,1988.5237150575329,25.167111566762344
060905,Cajamarca,Namballe,1990,710706,461854,248852,0.6498524002892898,0.3501475997107102,0.264444,0.354845,0.2605537314468907,0.0031114121771022,1988.5237150575329,25.167111566762344
060905,Cajamarca,Namballe,1991,710706,463106,247600,0.6516140288670702,0.3483859711329298,0.254402,0.354845,0.2605537314468907,0.0031114121771022,1988.5237150575329,25.167111566762344
060905,Cajamarca,Namballe,1992,710706,463377,247329,0.651995339845168,0.3480046601548319,0.254433,0.354845,0.2605537314468907,0.0031114121771022,1988.5237150575329,25.167111566762344
060905,Cajamarca,Namballe,1993,710706,463138,247568,0.6516590545176205,0.3483409454823795,0.254402,0.354845,0.2605537314468907,0.0031114121771022,1988.5237150575329,25.167111566762344
060905,Cajamarca,Namballe,1994,710706,463092,247614,0.6515943301449545,0.3484056698550455,0.25437,0.354845,0.2605537314468907,0.0031114121771022,1988.5237150575329,25.167111566762344
060905,Cajamarca,Namballe,1995,710706,463059,247647,0.6515478974428245,0.3484521025571755,0.254365,0.354845,0.2605537314468907,0.0031114121771022,1988.5237150575329,25.167111566762344
060905,Cajamarca,Namballe,1996,710706,438495,272211,0.6169850824391521,0.3830149175608479,0.29898,0.354845,0.2605537314468907,0.0031114121771022,1988.5237150575329,25.167111566762344
060905,Cajamarca,Namballe,1997,710706,432231,278475,0.6081713113439312,0.3918286886560687,0.312098,0.354845,0.2605537314468907,0.0031114121771022,1988.5237150575329,25.167111566762344
060905,Cajamarca,Namballe,1998,710706,434388,276318,0.6112063216013373,0.3887936783986627,0.309581,0.354845,0.2605537314468907,0.0031114121771022,1988.5237150575329,25.167111566762344
060905,Cajamarca,Namballe,1999,710706,428652,282054,0.6031354737401964,0.3968645262598036,0.315959,0.354845,0.2605537314468907,0.0031114121771022,1988.5237150575329,25.167111566762344
060905,Cajamarca,Namballe,2000,710706,426667,284039,0.6003424763544982,0.3996575236455018,0.314394,0.354845,0.2605537314468907,0.0031114121771022,1988.5237150575329,25.167111566762344
060905,Cajamarca,Namballe,2001,710706,420483,290223,0.5916412693856531,0.4083587306143468,0.324794,0.354845,0.2605537314468907,0.0031114121771022,1988.5237150575329,25.167111566762344
060905,Cajamarca,Namballe,2002,710706,432065,278641,0.6079377407817016,0.3920622592182984,0.308706,0.354845,0.2605537314468907,0.0031114121771022,1988.5237150575329,25.167111566762344
060905,Cajamarca,Namballe,2003,710706,430787,279919,0.606139528862849,0.3938604711371509,0.309874,0.354845,0.2605537314468907,0.0031114121771022,1988.5237150575329,25.167111566762344
060905,Cajamarca,Namballe,2004,710706,431729,278977,0.6074649714509235,0.3925350285490765,0.311995,0.354845,0.2605537314468907,0.0031114121771022,1988.5237150575329,25.167111566762344
060905,Cajamarca,Namballe,2005,710706,430065,280641,0.6051236376223079,0.394876362377692,0.316914,0.354845,0.2605537314468907,0.0031114121771022,1988.5237150575329,25.167111566762344
060905,Cajamarca,Namballe,2006,710706,430310,280396,0.6054683652593337,0.3945316347406663,0.31692,0.354845,0.2605537314468907,0.0031114121771022,1988.5237150575329,25.167111566762344
060905,Cajamarca,Namballe,2007,710706,421263,289443,0.5927387696178167,0.4072612303821833,0.3285,0.354845,0.2605537314468907,0.0031114121771022,1988.5237150575329,25.167111566762344
060905,Cajamarca,Namballe,2008,710706,413081,297625,0.5812262735927374,0.4187737264072626,0.339941,0.354845,0.2605537314468907,0.0031114121771022,1988.5237150575329,25.167111566762344
060905,Cajamarca,Namballe,2009,710706,408196,302510,0.5743528266259185,0.4256471733740815,0.344654,0.354845,0.2605537314468907,0.0031114121771022,1988.5237150575329,25.167111566762344
060905,Cajamarca,Namballe,2010,710706,404335,306371,0.5689202004767091,0.4310797995232909,0.349887,0.354845,0.2605537314468907,0.0031114121771022,1988.5237150575329,25.167111566762344
060905,Cajamarca,Namballe,2011,710706,401934,308772,0.565541869633857,0.4344581303661429,0.353661,0.354845,0.2605537314468907,0.0031114121771022,1988.5237150575329,25.167111566762344
060905,Cajamarca,Namballe,2012,710706,409148,301558,0.5756923397297898,0.4243076602702101,0.346101,0.354845,0.2605537314468907,0.0031114121771022,1988.5237150575329,25.167111566762344
060905,Cajamarca,Namballe,2013,710706,403201,307505,0.5673246039853329,0.4326753960146671,0.353565,0.354845,0.2605537314468907,0.0031114121771022,1988.5237150575329,25.167111566762344
060905,Cajamarca,Namballe,2014,710706,403416,307290,0.5676271200749677,0.4323728799250323,0.354232,0.354845,0.2605537314468907,0.0031114121771022,1988.5237150575329,25.167111566762344
060905,Cajamarca,Namballe,2015,710706,412803,297903,0.5808351132535816,0.4191648867464183,0.339921,0.354845,0.2605537314468907,0.0031114121771022,1988.5237150575329,25.167111566762344
060905,Cajamarca,Namballe,2016,710706,417555,293151,0.5875214223603009,0.4124785776396991,0.332959,0.354845,0.2605537314468907,0.0031114121771022,1988.5237150575329,25.167111566762344
060905,Cajamarca,Namballe,2017,710706,420901,289805,0.5922294169459664,0.4077705830540336,0.327268,0.354845,0.2605537314468907,0.0031114121771022,1988.5237150575329,25.167111566762344
060905,Cajamarca,Namballe,2018,710706,419588,291118,0.5903819582218245,0.4096180417781755,0.326174,0.354845,0.2605537314468907,0.0031114121771022,1988.5237150575329,25.167111566762344
060905,Cajamarca,Namballe,2019,710706,419527,291179,0.590296128075463,0.409703871924537,0.325327,0.541075,0.2605537314468907,0.0031114121771022,1988.5237150575329,25.167111566762344
060905,Cajamarca,Namballe,2020,710706,416305,294401,0.5857626078856799,0.4142373921143201,0.326844,0.541075,0.2605537314468907,0.0031114121771022,1988.5237150575329,25.167111566762344
060905,Cajamarca,Namballe,2021,710706,406929,303777,0.5725700922744426,0.4274299077255574,0.338549,0.541075,0.2605537314468907,0.0031114121771022,1988.5237150575329,25.167111566762344
060905,Cajamarca,Namballe,2022,710706,402320,308386,0.56608499154362,0.43391500845638,0.343947,0.541075,0.2605537314468907,0.0031114121771022,1988.5237150575329,25.167111566762344
060905,Cajamarca,Namballe,2023,710706,435091,275615,0.6121954788618641,0.3878045211381359,0.297997,0.541075,0.2605537314468907,0.0031114121771022,1988.5237150575329,25.167111566762344
060905,Cajamarca,Namballe,2024,710706,424821,285885,0.5977450591383779,0.4022549408616221,0.312297,0.541075,0.2605537314468907,0.0031114121771022,1988.5237150575329,25.167111566762344
080917,Cusco,Manitea,1985,163511,142762,20749,0.8731033386133044,0.1268966613866957,0.103351,0.0,0.5293383894220718,0.0587521182968027,1778.690527861524,26.06108726140232
080917,Cusco,Manitea,1986,163511,142537,20974,0.8717272844028842,0.1282727155971157,0.104305,0.0,0.5293383894220718,0.0587521182968027,1778.690527861524,26.06108726140232
080917,Cusco,Manitea,1987,163511,142566,20945,0.8719046425011161,0.1280953574988838,0.104121,0.0,0.5293383894220718,0.0587521182968027,1778.690527861524,26.06108726140232
080917,Cusco,Manitea,1988,163511,142337,21174,0.870504125104733,0.1294958748952669,0.105345,0.0,0.5293383894220718,0.0587521182968027,1778.690527861524,26.06108726140232
080917,Cusco,Manitea,1989,163511,141808,21703,0.8672688687611231,0.1327311312388769,0.107192,0.0,0.5293383894220718,0.0587521182968027,1778.690527861524,26.06108726140232
080917,Cusco,Manitea,1990,163511,141431,22080,0.8649632134841081,0.1350367865158919,0.107803,0.0,0.5293383894220718,0.0587521182968027,1778.690527861524,26.06108726140232
080917,Cusco,Manitea,1991,163511,141166,22345,0.8633425274140578,0.1366574725859422,0.110256,0.0,0.5293383894220718,0.0587521182968027,1778.690527861524,26.06108726140232
080917,Cusco,Manitea,1992,163511,140933,22578,0.8619175468317116,0.1380824531682883,0.11072,0.0,0.5293383894220718,0.0587521182968027,1778.690527861524,26.06108726140232
080917,Cusco,Manitea,1993,163511,141149,22362,0.8632385588737149,0.136761441126285,0.110457,0.0,0.5293383894220718,0.0587521182968027,1778.690527861524,26.06108726140232
080917,Cusco,Manitea,1994,163511,141595,21916,0.865966204108592,0.1340337958914079,0.109399,0.0,0.5293383894220718,0.0587521182968027,1778.690527861524,26.06108726140232
080917,Cusco,Manitea,1995,163511,141986,21525,0.8683574805364777,0.1316425194635223,0.109039,0.0,0.5293383894220718,0.0587521182968027,1778.690527861524,26.06108726140232
080917,Cusco,Manitea,1996,163511,142122,21389,0.8691892288592205,0.1308107711407795,0.108341,0.0,0.5293383894220718,0.0587521182968027,1778.690527861524,26.06108726140232
080917,Cusco,Manitea,1997,163511,142218,21293,0.869776345322333,0.1302236546776669,0.108029,0.0,0.5293383894220718,0.0587521182968027,1778.690527861524,26.06108726140232
080917,Cusco,Manitea,1998,163511,142282,21229,0.8701677562977415,0.1298322437022585,0.107681,0.0,0.5293383894220718,0.0587521182968027,1778.690527861524,26.06108726140232
080917,Cusco,Manitea,1999,163511,142212,21299,0.8697396505433885,0.1302603494566114,0.107852,0.0,0.5293383894220718,0.0587521182968027,1778.690527861524,26.06108726140232
080917,Cusco,Manitea,2000,163511,140460,23051,0.859024775091584,0.1409752249084159,0.117882,0.0,0.5293383894220718,0.0587521182968027,1778.690527861524,26.06108726140232
080917,Cusco,Manitea,2001,163511,138201,25310,0.8452091908189663,0.1547908091810337,0.131227,0.0,0.5293383894220718,0.0587521182968027,1778.690527861524,26.06108726140232
080917,Cusco,Manitea,2002,163511,137698,25813,0.8421329451841161,0.1578670548158839,0.134419,0.0,0.5293383894220718,0.0587521182968027,1778.690527861524,26.06108726140232
080917,Cusco,Manitea,2003,163511,137060,26451,0.8382310670230138,0.1617689329769862,0.137777,0.0,0.5293383894220718,0.0587521182968027,1778.690527861524,26.06108726140232
080917,Cusco,Manitea,2004,163511,137146,26365,0.8387570255212188,0.1612429744787812,0.136462,0.0,0.5293383894220718,0.0587521182968027,1778.690527861524,26.06108726140232
080917,Cusco,Manitea,2005,163511,138672,24839,0.8480897309661124,0.1519102690338876,0.127832,0.0,0.5293383894220718,0.0587521182968027,1778.690527861524,26.06108726140232
080917,Cusco,Manitea,2006,163511,138661,24850,0.848022457204714,0.1519775427952859,0.126193,0.0,0.5293383894220718,0.0587521182968027,1778.690527861524,26.06108726140232
080917,Cusco,Manitea,2007,163511,138129,25382,0.8447688534716319,0.1552311465283681,0.128799,0.0,0.5293383894220718,0.0587521182968027,1778.690527861524,26.06108726140232
080917,Cusco,Manitea,2008,163511,137987,25524,0.8439004103699446,0.1560995896300554,0.130211,0.0,0.5293383894220718,0.0587521182968027,1778.690527861524,26.06108726140232
080917,Cusco,Manitea,2009,163511,137118,26393,0.8385857832194776,0.1614142167805224,0.134431,0.0,0.5293383894220718,0.0587521182968027,1778.690527861524,26.06108726140232
080917,Cusco,Manitea,2010,163511,135465,28046,0.828476371620258,0.171523628379742,0.143287,0.0,0.5293383894220718,0.0587521182968027,1778.690527861524,26.06108726140232
080917,Cusco,Manitea,2011,163511,132723,30788,0.8117068576426051,0.1882931423573949,0.158161,0.0,0.5293383894220718,0.0587521182968027,1778.690527861524,26.06108726140232
080917,Cusco,Manitea,2012,163511,130393,33118,0.7974570518191436,0.2025429481808563,0.169401,0.0,0.5293383894220718,0.0587521182968027,1778.690527861524,26.06108726140232
080917,Cusco,Manitea,2013,163511,127679,35832,0.780858780143232,0.219141219856768,0.182049,0.0,0.5293383894220718,0.0587521182968027,1778.690527861524,26.06108726140232
080917,Cusco,Manitea,2014,163511,126168,37343,0.7716178116456996,0.2283821883543003,0.187792,0.0,0.5293383894220718,0.0587521182968027,1778.690527861524,26.06108726140232
080917,Cusco,Manitea,2015,163511,125687,37824,0.7686761135336461,0.2313238864663539,0.190721,0.0,0.5293383894220718,0.0587521182968027,1778.690527861524,26.06108726140232
080917,Cusco,Manitea,2016,163511,124934,38577,0.7640709187761068,0.2359290812238932,0.192788,0.0,0.5293383894220718,0.0587521182968027,1778.690527861524,26.06108726140232
080917,Cusco,Manitea,2017,163511,123288,40223,0.7540043177523225,0.2459956822476775,0.201454,0.0,0.5293383894220718,0.0587521182968027,1778.690527861524,26.06108726140232
080917,Cusco,Manitea,2018,163511,121930,41581,0.7456990661178758,0.2543009338821241,0.202574,0.0,0.5293383894220718,0.0587521182968027,1778.690527861524,26.06108726140232
080917,Cusco,Manitea,2019,163511,122742,40769,0.7506650928683697,0.2493349071316302,0.197363,0.0,0.5293383894220718,0.0587521182968027,1778.690527861524,26.06108726140232
080917,Cusco,Manitea,2020,163511,122811,40700,0.7510870828262318,0.2489129171737681,0.192079,0.0,0.5293383894220718,0.0587521182968027,1778.690527861524,26.06108726140232
080917,Cusco,Manitea,2021,163511,123779,39732,0.7570071738292836,0.2429928261707163,0.189749,0.0,0.5293383894220718,0.0587521182968027,1778.690527861524,26.06108726140232
080917,Cusco,Manitea,2022,163511,122622,40889,0.749931197289479,0.250068802710521,0.194397,0.0,0.5293383894220718,0.0587521182968027,1778.690527861524,26.06108726140232
080917,Cusco,Manitea,2023,163511,122425,41086,0.7487263853808,0.2512736146191999,0.194996,0.0,0.5293383894220718,0.0587521182968027,1778.690527861524,26.06108726140232
080917,Cusco,Manitea,2024,163511,122063,41448,0.7465124670511464,0.2534875329488535,0.194011,0.0,0.5293383894220718,0.0587521182968027,1778.690527861524,26.06108726140232
100603,Huanuco,Hermilio Valdizan,1985,323676,264298,59378,0.8165511190202548,0.1834488809797451,0.171313,0.0,0.4292382299819747,0.0,1299.0029148011502,18.403183682598787
100603,Huanuco,Hermilio Valdizan,1986,323676,263814,59862,0.815055796537278,0.1849442034627219,0.171174,0.0,0.4292382299819747,0.0,1299.0029148011502,18.403183682598787
100603,Huanuco,Hermilio Valdizan,1987,323676,265619,58057,0.8206323607558176,0.1793676392441824,0.166759,0.0,0.4292382299819747,0.0,1299.0029148011502,18.403183682598787
100603,Huanuco,Hermilio Valdizan,1988,323676,267614,56062,0.8267959317342033,0.1732040682657966,0.162057,0.0,0.4292382299819747,0.0,1299.0029148011502,18.403183682598787
100603,Huanuco,Hermilio Valdizan,1989,323676,268159,55517,0.8284797142821834,0.1715202857178165,0.161526,0.0,0.4292382299819747,0.0,1299.0029148011502,18.403183682598787
100603,Huanuco,Hermilio Valdizan,1990,323676,271646,52030,0.8392528330799935,0.1607471669200064,0.14863,0.0,0.4292382299819747,0.0,1299.0029148011502,18.403183682598787
100603,Huanuco,Hermilio Valdizan,1991,323676,272260,51416,0.8411497917670757,0.1588502082329242,0.151021,0.0,0.4292382299819747,0.0,1299.0029148011502,18.403183682598787
100603,Huanuco,Hermilio Valdizan,1992,323676,271991,51685,0.8403187137755039,0.1596812862244961,0.150802,0.0,0.4292382299819747,0.0,1299.0029148011502,18.403183682598787
100603,Huanuco,Hermilio Valdizan,1993,323676,272466,51210,0.8417862306751196,0.1582137693248804,0.149959,0.0,0.4292382299819747,0.0,1299.0029148011502,18.403183682598787
100603,Huanuco,Hermilio Valdizan,1994,323676,271805,51871,0.839744065052707,0.1602559349472929,0.149542,0.0,0.4292382299819747,0.0,1299.0029148011502,18.403183682598787
100603,Huanuco,Hermilio Valdizan,1995,323676,271841,51835,0.8398552873861516,0.1601447126138484,0.147394,0.0,0.4292382299819747,0.0,1299.0029148011502,18.403183682598787
100603,Huanuco,Hermilio Valdizan,1996,323676,267550,56126,0.826598203141413,0.1734017968585869,0.158798,0.0,0.4292382299819747,0.0,1299.0029148011502,18.403183682598787
100603,Huanuco,Hermilio Valdizan,1997,323676,266257,57419,0.8226034676651961,0.1773965323348039,0.165777,0.0,0.4292382299819747,0.0,1299.0029148011502,18.403183682598787
100603,Huanuco,Hermilio Valdizan,1998,323676,264995,58681,0.818704506976112,0.1812954930238881,0.170448,0.0,0.4292382299819747,0.0,1299.0029148011502,18.403183682598787
100603,Huanuco,Hermilio Valdizan,1999,323676,262531,61145,0.8110919561536846,0.1889080438463154,0.179661,0.0,0.4292382299819747,0.0,1299.0029148011502,18.403183682598787
100603,Huanuco,Hermilio Valdizan,2000,323676,262958,60718,0.8124111766087074,0.1875888233912925,0.17722,0.0,0.4292382299819747,0.0,1299.0029148011502,18.403183682598787
100603,Huanuco,Hermilio Valdizan,2001,323676,260611,63065,0.8051600983699749,0.1948399016300251,0.185287,0.0,0.4292382299819747,0.0,1299.0029148011502,18.403183682598787
100603,Huanuco,Hermilio Valdizan,2002,323676,261295,62381,0.8072733227054215,0.1927266772945785,0.181991,0.0,0.4292382299819747,0.0,1299.0029148011502,18.403183682598787
100603,Huanuco,Hermilio Valdizan,2003,323676,259850,63826,0.8028089818213275,0.1971910181786725,0.18529,0.0,0.4292382299819747,0.0,1299.0029148011502,18.403183682598787
100603,Huanuco,Hermilio Valdizan,2004,323676,259514,64162,0.8017709067091783,0.1982290932908217,0.182426,0.0,0.4292382299819747,0.0,1299.0029148011502,18.403183682598787
100603,Huanuco,Hermilio Valdizan,2005,323676,261781,61895,0.8087748242069229,0.191225175793077,0.176701,0.0,0.4292382299819747,0.0,1299.0029148011502,18.403183682598787
100603,Huanuco,Hermilio Valdizan,2006,323676,260174,63502,0.8038099828223285,0.1961900171776715,0.183433,0.0,0.4292382299819747,0.0,1299.0029148011502,18.403183682598787
100603,Huanuco,Hermilio Valdizan,2007,323676,261354,62322,0.8074556037519001,0.1925443962480999,0.177174,0.0,0.4292382299819747,0.0,1299.0029148011502,18.403183682598787
100603,Huanuco,Hermilio Valdizan,2008,323676,263397,60279,0.8137674711748786,0.1862325288251214,0.169466,0.0,0.4292382299819747,0.0,1299.0029148011502,18.403183682598787
100603,Huanuco,Hermilio Valdizan,2009,323676,262361,61315,0.8105667395790852,0.1894332604209147,0.17398,0.0,0.4292382299819747,0.0,1299.0029148011502,18.403183682598787
100603,Huanuco,Hermilio Valdizan,2010,323676,259864,63812,0.8028522349510003,0.1971477650489996,0.179856,0.0,0.4292382299819747,0.0,1299.0029148011502,18.403183682598787
100603,Huanuco,Hermilio Valdizan,2011,323676,261695,61981,0.808509126410361,0.191490873589639,0.176562,0.0,0.4292382299819747,0.0,1299.0029148011502,18.403183682598787
100603,Huanuco,Hermilio Valdizan,2012,323676,268060,55616,0.8281738528652108,0.1718261471347891,0.1578,0.0,0.4292382299819747,0.0,1299.0029148011502,18.403183682598787
100603,Huanuco,Hermilio Valdizan,2013,323676,269721,53955,0.8333055277499722,0.1666944722500278,0.153184,0.0,0.4292382299819747,0.0,1299.0029148011502,18.403183682598787
100603,Huanuco,Hermilio Valdizan,2014,323676,271297,52379,0.8381745943474338,0.1618254056525661,0.147904,0.0,0.4292382299819747,0.0,1299.0029148011502,18.403183682598787
100603,Huanuco,Hermilio Valdizan,2015,323676,271681,51995,0.8393609659041757,0.1606390340958242,0.148704,0.0,0.4292382299819747,0.0,1299.0029148011502,18.403183682598787
100603,Huanuco,Hermilio Valdizan,2016,323676,270394,53282,0.835384767483533,0.1646152325164671,0.154052,0.0,0.4292382299819747,0.0,1299.0029148011502,18.403183682598787
100603,Huanuco,Hermilio Valdizan,2017,323676,270805,52871,0.8366545557903583,0.1633454442096417,0.151587,0.0,0.4292382299819747,0.0,1299.0029148011502,18.403183682598787
100603,Huanuco,Hermilio Valdizan,2018,323676,274923,48753,0.8493771549327105,0.1506228450672895,0.13892,0.0,0.4292382299819747,0.0,1299.0029148011502,18.403183682598787
100603,Huanuco,Hermilio Valdizan,2019,323676,276619,47057,0.854616962641654,0.145383037358346,0.132373,0.0,0.4292382299819747,0.0,1299.0029148011502,18.403183682598787
100603,Huanuco,Hermilio Valdizan,2020,323676,275593,48083,0.8514471261384842,0.1485528738615158,0.135015,0.0,0.4292382299819747,0.0,1299.0029148011502,18.403183682598787
100603,Huanuco,Hermilio Valdizan,2021,323676,269594,54082,0.8329131600736539,0.1670868399263461,0.1518,0.0,0.4292382299819747,0.0,1299.0029148011502,18.403183682598787
100603,Huanuco,Hermilio Valdizan,2022,323676,266964,56712,0.8247877507136766,0.1752122492863233,0.159836,0.0,0.4292382299819747,0.0,1299.0029148011502,18.403183682598787
100603,Huanuco,Hermilio Valdizan,2023,323676,262283,61393,0.8103257578566221,0.1896742421433779,0.173272,0.0,0.4292382299819747,0.0,1299.0029148011502,18.403183682598787
100603,Huanuco,Hermilio Valdizan,2024,323676,256977,66699,0.7939328217105995,0.2060671782894005,0.186551,0.0,0.4292382299819747,0.0,1299.0029148011502,18.403183682598787
100702,Huanuco,Cholon,1985,2490435,1307177,1183258,0.5248789870042784,0.4751210129957216,0.131485,0.0,0.0685075603210123,0.0439013537138068,2648.3284217989703,24.557133004308376
100702,Huanuco,Cholon,1986,2490435,1299559,1190876,0.5218200836400066,0.4781799163599933,0.133746,0.0,0.0685075603210123,0.0439013537138068,2648.3284217989703,24.557133004308376
100702,Huanuco,Cholon,1987,2490435,1301341,1189094,0.5225356212870442,0.4774643787129558,0.134576,0.0,0.0685075603210123,0.0439013537138068,2648.3284217989703,24.557133004308376
100702,Huanuco,Cholon,1988,2490435,1297026,1193409,0.5208029922483421,0.4791970077516578,0.138593,0.0,0.0685075603210123,0.0439013537138068,2648.3284217989703,24.557133004308376
100702,Huanuco,Cholon,1989,2490435,1265997,1224438,0.5083437230845214,0.4916562769154786,0.138194,0.0,0.0685075603210123,0.0439013537138068,2648.3284217989703,24.557133004308376
100702,Huanuco,Cholon,1990,2490435,1267440,1222995,0.5089231399333851,0.4910768600666149,0.137876,0.0,0.0685075603210123,0.0439013537138068,2648.3284217989703,24.557133004308376
100702,Huanuco,Cholon,1991,2490435,1274313,1216122,0.5116828987706967,0.4883171012293033,0.140408,0.0,0.0685075603210123,0.0439013537138068,2648.3284217989703,24.557133004308376
100702,Huanuco,Cholon,1992,2490435,1270638,1219797,0.5102072529497859,0.4897927470502141,0.137954,0.0,0.0685075603210123,0.0439013537138068,2648.3284217989703,24.557133004308376
100702,Huanuco,Cholon,1993,2490435,1283603,1206832,0.5154131707914481,0.4845868292085519,0.137955,0.0,0.0685075603210123,0.0439013537138068,2648.3284217989703,24.557133004308376
100702,Huanuco,Cholon,1994,2490435,1284492,1205943,0.5157701365424112,0.4842298634575887,0.136274,0.0,0.0685075603210123,0.0439013537138068,2648.3284217989703,24.557133004308376
100702,Huanuco,Cholon,1995,2490435,1297686,1192749,0.5210680061916894,0.4789319938083106,0.130432,0.0,0.0685075603210123,0.0439013537138068,2648.3284217989703,24.557133004308376
100702,Huanuco,Cholon,1996,2490435,1300084,1190351,0.522030890185851,0.4779691098141489,0.128975,0.0,0.0685075603210123,0.0439013537138068,2648.3284217989703,24.557133004308376
100702,Huanuco,Cholon,1997,2490435,1307296,1183139,0.5249267698213365,0.4750732301786635,0.125535,0.0,0.0685075603210123,0.0439013537138068,2648.3284217989703,24.557133004308376
100702,Huanuco,Cholon,1998,2490435,1301505,1188930,0.5226014732366032,0.4773985267633968,0.131674,0.0,0.0685075603210123,0.0439013537138068,2648.3284217989703,24.557133004308376
100702,Huanuco,Cholon,1999,2490435,1302794,1187641,0.5231190534986859,0.476880946501314,0.134797,0.0,0.0685075603210123,0.0439013537138068,2648.3284217989703,24.557133004308376
100702,Huanuco,Cholon,2000,2490435,1313675,1176760,0.5274881697374153,0.4725118302625846,0.130654,0.0,0.0685075603210123,0.0439013537138068,2648.3284217989703,24.557133004308376
100702,Huanuco,Cholon,2001,2490435,1308772,1181663,0.5255194373673675,0.4744805626326324,0.126934,0.0,0.0685075603210123,0.0439013537138068,2648.3284217989703,24.557133004308376
100702,Huanuco,Cholon,2002,2490435,1312177,1178258,0.5268866683932727,0.4731133316067273,0.126687,0.0,0.0685075603210123,0.0439013537138068,2648.3284217989703,24.557133004308376
100702,Huanuco,Cholon,2003,2490435,1308192,1182243,0.5252865463262442,0.4747134536737558,0.122606,0.0,0.0685075603210123,0.0439013537138068,2648.3284217989703,24.557133004308376
100702,Huanuco,Cholon,2004,2490435,1309693,1180742,0.5258892522792203,0.4741107477207797,0.121947,0.0,0.0685075603210123,0.0439013537138068,2648.3284217989703,24.557133004308376
100702,Huanuco,Cholon,2005,2490435,1301376,1189059,0.5225496750567672,0.4774503249432328,0.125899,0.0,0.0685075603210123,0.0439013537138068,2648.3284217989703,24.557133004308376
100702,Huanuco,Cholon,2006,2490435,1282683,1207752,0.5150437574158732,0.4849562425841269,0.130334,0.0,0.0685075603210123,0.0439013537138068,2648.3284217989703,24.557133004308376
100702,Huanuco,Cholon,2007,2490435,1281406,1209029,0.514530995589124,0.485469004410876,0.131526,0.0,0.0685075603210123,0.0439013537138068,2648.3284217989703,24.557133004308376
100702,Huanuco,Cholon,2008,2490435,1274460,1215975,0.5117419246035331,0.4882580753964669,0.137281,0.0,0.0685075603210123,0.0439013537138068,2648.3284217989703,24.557133004308376
100702,Huanuco,Cholon,2009,2490435,1282670,1207765,0.5150385374442618,0.4849614625557382,0.137206,0.0,0.0685075603210123,0.0439013537138068,2648.3284217989703,24.557133004308376
100702,Huanuco,Cholon,2010,2490435,1289765,1200670,0.5178874373352447,0.4821125626647553,0.137752,0.0,0.0685075603210123,0.0439013537138068,2648.3284217989703,24.557133004308376
100702,Huanuco,Cholon,2011,2490435,1287593,1202842,0.5170153005398656,0.4829846994601344,0.137819,0.0,0.0685075603210123,0.0439013537138068,2648.3284217989703,24.557133004308376
100702,Huanuco,Cholon,2012,2490435,1282923,1207512,0.5151401261225449,0.4848598738774551,0.140753,0.0,0.0685075603210123,0.0439013537138068,2648.3284217989703,24.557133004308376
100702,Huanuco,Cholon,2013,2490435,1268660,1221775,0.5094130141922998,0.4905869858077002,0.144103,0.0,0.0685075603210123,0.0439013537138068,2648.3284217989703,24.557133004308376
100702,Huanuco,Cholon,2014,2490435,1264763,1225672,0.5078482273177176,0.4921517726822824,0.146771,0.0,0.0685075603210123,0.0439013537138068,2648.3284217989703,24.557133004308376
100702,Huanuco,Cholon,2015,2490435,1258515,1231920,0.5053394286540304,0.4946605713459697,0.147777,0.0,0.0685075603210123,0.0439013537138068,2648.3284217989703,24.557133004308376
100702,Huanuco,Cholon,2016,2490435,1251629,1238806,0.5025744498451074,0.4974255501548926,0.148058,0.0,0.0685075603210123,0.0439013537138068,2648.3284217989703,24.557133004308376
100702,Huanuco,Cholon,2017,2490435,1249062,1241373,0.5015437062199977,0.4984562937800023,0.145453,0.0,0.0685075603210123,0.0439013537138068,2648.3284217989703,24.557133004308376
100702,Huanuco,Cholon,2018,2490435,1259468,1230967,0.5057220927267726,0.4942779072732273,0.142367,1e-06,0.0685075603210123,0.0439013537138068,2648.3284217989703,24.557133004308376
100702,Huanuco,Cholon,2019,2490435,1269650,1220785,0.5098105351073207,0.4901894648926794,0.141386,1e-06,0.0685075603210123,0.0439013537138068,2648.3284217989703,24.557133004308376
100702,Huanuco,Cholon,2020,2490435,1275001,1215434,0.5119591557298223,0.4880408442701777,0.142912,1e-06,0.0685075603210123,0.0439013537138068,2648.3284217989703,24.557133004308376
100702,Huanuco,Cholon,2021,2490435,1275674,1214761,0.5122293896447809,0.487770610355219,0.143201,1e-06,0.0685075603210123,0.0439013537138068,2648.3284217989703,24.557133004308376
100702,Huanuco,Cholon,2022,2490435,1276368,1214067,0.5125080558215733,0.4874919441784267,0.143482,1e-06,0.0685075603210123,0.0439013537138068,2648.3284217989703,24.557133004308376
100702,Huanuco,Cholon,2023,2490435,1271930,1218505,0.510726037820702,0.4892739621792979,0.145356,1e-06,0.0685075603210123,0.0439013537138068,2648.3284217989703,24.557133004308376
100702,Huanuco,Cholon,2024,2490435,1245025,1245410,0.4999227042665237,0.5000772957334763,0.148907,1e-06,0.0685075603210123,0.0439013537138068,2648.3284217989703,24.557133004308376
160201,Loreto,Yurimaguas,1985,2513367,1899294,614073,0.755677145438768,0.244322854561232,0.162155,0.0,0.1010049569286553,0.0597736051124415,163.5726825655684,4.152954393385628
160201,Loreto,Yurimaguas,1986,2513367,1899050,614317,0.7555800645110722,0.2444199354889278,0.162181,0.0,0.1010049569286553,0.0597736051124415,163.5726825655684,4.152954393385628
160201,Loreto,Yurimaguas,1987,2513367,1810899,702468,0.7205071921450389,0.2794928078549611,0.212429,0.0,0.1010049569286553,0.0597736051124415,163.5726825655684,4.152954393385628
160201,Loreto,Yurimaguas,1988,2513367,1777690,735677,0.7072942391620484,0.2927057608379516,0.232798,0.0,0.1010049569286553,0.0597736051124415,163.5726825655684,4.152954393385628
160201,Loreto,Yurimaguas,1989,2513367,1774768,738599,0.7061316552656257,0.2938683447343742,0.231195,0.0,0.1010049569286553,0.0597736051124415,163.5726825655684,4.152954393385628
160201,Loreto,Yurimaguas,1990,2513367,1754640,758727,0.6981232744760315,0.3018767255239684,0.240476,0.0,0.1010049569286553,0.0597736051124415,163.5726825655684,4.152954393385628
160201,Loreto,Yurimaguas,1991,2513367,1765368,747999,0.7023916523134106,0.2976083476865893,0.234945,0.0,0.1010049569286553,0.0597736051124415,163.5726825655684,4.152954393385628
160201,Loreto,Yurimaguas,1992,2513367,1787031,726336,0.7110107676276485,0.2889892323723515,0.226901,0.0,0.1010049569286553,0.0597736051124415,163.5726825655684,4.152954393385628
160201,Loreto,Yurimaguas,1993,2513367,1785561,727806,0.7104258948255467,0.2895741051744532,0.228983,0.0,0.1010049569286553,0.0597736051124415,163.5726825655684,4.152954393385628
160201,Loreto,Yurimaguas,1994,2513367,1778737,734630,0.7077108118313004,0.2922891881686996,0.231162,0.0,0.1010049569286553,0.0597736051124415,163.5726825655684,4.152954393385628
160201,Loreto,Yurimaguas,1995,2513367,1771389,741978,0.7047872435661008,0.2952127564338992,0.238529,0.0,0.1010049569286553,0.0597736051124415,163.5726825655684,4.152954393385628
160201,Loreto,Yurimaguas,1996,2513367,1739244,774123,0.6919976270874886,0.3080023729125113,0.252918,0.0,0.1010049569286553,0.0597736051124415,163.5726825655684,4.152954393385628
160201,Loreto,Yurimaguas,1997,2513367,1720827,792540,0.6846700064097284,0.3153299935902715,0.25955,0.0,0.1010049569286553,0.0597736051124415,163.5726825655684,4.152954393385628
160201,Loreto,Yurimaguas,1998,2513367,1720342,793025,0.6844770381723003,0.3155229618276997,0.260944,0.0,0.1010049569286553,0.0597736051124415,163.5726825655684,4.152954393385628
160201,Loreto,Yurimaguas,1999,2513367,1707023,806344,0.6791777722871352,0.3208222277128648,0.263646,0.0,0.1010049569286553,0.0597736051124415,163.5726825655684,4.152954393385628
160201,Loreto,Yurimaguas,2000,2513367,1695590,817777,0.6746288942283399,0.32537110577166,0.266568,0.0,0.1010049569286553,0.0597736051124415,163.5726825655684,4.152954393385628
160201,Loreto,Yurimaguas,2001,2513367,1690155,823212,0.6724664563511815,0.3275335436488185,0.272879,0.0,0.1010049569286553,0.0597736051124415,163.5726825655684,4.152954393385628
160201,Loreto,Yurimaguas,2002,2513367,1679129,834238,0.6680795124627641,0.3319204875372359,0.276414,0.0,0.1010049569286553,0.0597736051124415,163.5726825655684,4.152954393385628
160201,Loreto,Yurimaguas,2003,2513367,1650821,862546,0.6568165333594338,0.3431834666405662,0.286644,0.0,0.1010049569286553,0.0597736051124415,163.5726825655684,4.152954393385628
160201,Loreto,Yurimaguas,2004,2513367,1634381,878986,0.6502755069196022,0.3497244930803977,0.294943,0.0,0.1010049569286553,0.0597736051124415,163.5726825655684,4.152954393385628
160201,Loreto,Yurimaguas,2005,2513367,1613868,899499,0.642113945158029,0.3578860548419709,0.304263,0.0,0.1010049569286553,0.0597736051124415,163.5726825655684,4.152954393385628
160201,Loreto,Yurimaguas,2006,2513367,1589034,924333,0.6322331756564004,0.3677668243435996,0.314162,0.0,0.1010049569286553,0.0597736051124415,163.5726825655684,4.152954393385628
160201,Loreto,Yurimaguas,2007,2513367,1570375,942992,0.6248092697962534,0.3751907302037466,0.320116,0.0,0.1010049569286553,0.0597736051124415,163.5726825655684,4.152954393385628
160201,Loreto,Yurimaguas,2008,2513367,1550167,963200,0.6167690591942999,0.3832309408057001,0.326341,0.0,0.1010049569286553,0.0597736051124415,163.5726825655684,4.152954393385628
160201,Loreto,Yurimaguas,2009,2513367,1530234,983133,0.6088382635723315,0.3911617364276685,0.332181,0.0,0.1010049569286553,0.0597736051124415,163.5726825655684,4.152954393385628
160201,Loreto,Yurimaguas,2010,2513367,1513016,1000351,0.601987692207306,0.398012307792694,0.341302,0.0,0.1010049569286553,0.0597736051124415,163.5726825655684,4.152954393385628
160201,Loreto,Yurimaguas,2011,2513367,1494812,1018555,0.5947448184049524,0.4052551815950476,0.344437,0.0,0.1010049569286553,0.0597736051124415,163.5726825655684,4.152954393385628
160201,Loreto,Yurimaguas,2012,2513367,1472873,1040494,0.5860158902380751,0.4139841097619249,0.358317,0.0,0.1010049569286553,0.0597736051124415,163.5726825655684,4.152954393385628
160201,Loreto,Yurimaguas,2013,2513367,1442002,1071365,0.5737331635212845,0.4262668364787156,0.36838,0.0,0.1010049569286553,0.0597736051124415,163.5726825655684,4.152954393385628
160201,Loreto,Yurimaguas,2014,2513367,1460895,1052472,0.5812501715825823,0.4187498284174177,0.362216,0.0,0.1010049569286553,0.0597736051124415,163.5726825655684,4.152954393385628
160201,Loreto,Yurimaguas,2015,2513367,1470205,1043162,0.5849543659958931,0.4150456340041068,0.358581,0.0,0.1010049569286553,0.0597736051124415,163.5726825655684,4.152954393385628
160201,Loreto,Yurimaguas,2016,2513367,1481056,1032311,0.5892716821697747,0.4107283178302253,0.355768,4.2e-05,0.1010049569286553,0.0597736051124415,163.5726825655684,4.152954393385628
160201,Loreto,Yurimaguas,2017,2513367,1466583,1046784,0.5835132712413269,0.4164867287586731,0.359414,4.2e-05,0.1010049569286553,0.0597736051124415,163.5726825655684,4.152954393385628
160201,Loreto,Yurimaguas,2018,2513367,1469447,1043920,0.584652778523789,0.415347221476211,0.3618,4.2e-05,0.1010049569286553,0.0597736051124415,163.5726825655684,4.152954393385628
160201,Loreto,Yurimaguas,2019,2513367,1478925,1034442,0.5884238155430545,0.4115761844569456,0.355493,4.2e-05,0.1010049569286553,0.0597736051124415,163.5726825655684,4.152954393385628
160201,Loreto,Yurimaguas,2020,2513367,1460991,1052376,0.5812883673574134,0.4187116326425866,0.364385,4.2e-05,0.1010049569286553,0.0597736051124415,163.5726825655684,4.152954393385628
160201,Loreto,Yurimaguas,2021,2513367,1436059,1077308,0.5713686063356446,0.4286313936643554,0.372501,4.2e-05,0.1010049569286553,0.0597736051124415,163.5726825655684,4.152954393385628
160201,Loreto,Yurimaguas,2022,2513367,1444333,1069034,0.5746606046789029,0.4253393953210971,0.368429,4.2e-05,0.1010049569286553,0.0597736051124415,163.5726825655684,4.152954393385628
160201,Loreto,Yurimaguas,2023,2513367,1403292,1110075,0.5583315130659391,0.4416684869340609,0.383802,4.2e-05,0.1010049569286553,0.0597736051124415,163.5726825655684,4.152954393385628
160201,Loreto,Yurimaguas,2024,2513367,1357131,1156236,0.5399653134619815,0.4600346865380185,0.39949,4.2e-05,0.1010049569286553,0.0597736051124415,163.5726825655684,4.152954393385628
220103,San Martin,Habana,1985,77392,11667,65725,0.1507520157122183,0.8492479842877817,0.609016,0.0,0.6492254630190248,0.0,837.2260341701917,2.3979100288595365
220103,San Martin,Habana,1986,77392,11517,65875,0.1488138308869133,0.8511861691130866,0.608551,0.0,0.6492254630190248,0.0,837.2260341701917,2.3979100288595365
220103,San Martin,Habana,1987,77392,8084,69308,0.1044552408517676,0.8955447591482324,0.788092,0.0,0.6492254630190248,0.0,837.2260341701917,2.3979100288595365
220103,San Martin,Habana,1988,77392,6161,71231,0.0796077113913582,0.9203922886086418,0.838782,0.0,0.6492254630190248,0.0,837.2260341701917,2.3979100288595365
220103,San Martin,Habana,1989,77392,5796,71596,0.0748914616497829,0.9251085383502172,0.81365,0.0,0.6492254630190248,0.0,837.2260341701917,2.3979100288595365
220103,San Martin,Habana,1990,77392,5458,71934,0.0705240851767624,0.9294759148232375,0.813831,0.0,0.6492254630190248,0.0,837.2260341701917,2.3979100288595365
220103,San Martin,Habana,1991,77392,4740,72652,0.0612466404796361,0.938753359520364,0.805691,0.0,0.6492254630190248,0.0,837.2260341701917,2.3979100288595365
220103,San Martin,Habana,1992,77392,4261,73131,0.055057370270829,0.944942629729171,0.792756,0.0,0.6492254630190248,0.0,837.2260341701917,2.3979100288595365
220103,San Martin,Habana,1993,77392,3959,73433,0.0511551581558817,0.9488448418441182,0.796891,0.0,0.6492254630190248,0.0,837.2260341701917,2.3979100288595365
220103,San Martin,Habana,1994,77392,3102,74290,0.0400816621873061,0.959918337812694,0.866394,0.0,0.6492254630190248,0.0,837.2260341701917,2.3979100288595365
220103,San Martin,Habana,1995,77392,3102,74290,0.0400816621873061,0.959918337812694,0.882197,0.0,0.6492254630190248,0.0,837.2260341701917,2.3979100288595365
220103,San Martin,Habana,1996,77392,3984,73408,0.0514781889600992,0.9485218110399009,0.886112,0.0,0.6492254630190248,0.0,837.2260341701917,2.3979100288595365
220103,San Martin,Habana,1997,77392,4243,73149,0.0548247880917924,0.9451752119082076,0.830577,0.0,0.6492254630190248,0.0,837.2260341701917,2.3979100288595365
220103,San Martin,Habana,1998,77392,5019,72373,0.0648516642547033,0.9351483357452968,0.818263,0.0,0.6492254630190248,0.0,837.2260341701917,2.3979100288595365
220103,San Martin,Habana,1999,77392,5224,72168,0.0675005168492867,0.9324994831507132,0.816958,0.0,0.6492254630190248,0.0,837.2260341701917,2.3979100288595365
220103,San Martin,Habana,2000,77392,5106,72286,0.0659758114533801,0.9340241885466198,0.865412,0.0,0.6492254630190248,0.0,837.2260341701917,2.3979100288595365
220103,San Martin,Habana,2001,77392,4807,72585,0.062112363034939,0.937887636965061,0.862738,0.0,0.6492254630190248,0.0,837.2260341701917,2.3979100288595365
220103,San Martin,Habana,2002,77392,4934,72458,0.0637533595203638,0.936246640479636,0.862634,0.0,0.6492254630190248,0.0,837.2260341701917,2.3979100288595365
220103,San Martin,Habana,2003,77392,4838,72554,0.0625129212321687,0.9374870787678312,0.833045,0.0,0.6492254630190248,0.0,837.2260341701917,2.3979100288595365
220103,San Martin,Habana,2004,77392,4938,72454,0.0638050444490386,0.9361949555509612,0.862221,0.0,0.6492254630190248,0.0,837.2260341701917,2.3979100288595365
220103,San Martin,Habana,2005,77392,4897,72495,0.0632752739301219,0.936724726069878,0.870633,0.0,0.6492254630190248,0.0,837.2260341701917,2.3979100288595365
220103,San Martin,Habana,2006,77392,4409,72983,0.0569697126317965,0.9430302873682034,0.875375,0.0,0.6492254630190248,0.0,837.2260341701917,2.3979100288595365
220103,San Martin,Habana,2007,77392,4345,73047,0.0561427537729997,0.9438572462270002,0.88137,0.0,0.6492254630190248,0.0,837.2260341701917,2.3979100288595365
220103,San Martin,Habana,2008,77392,4316,73076,0.0557680380401075,0.9442319619598925,0.80467,0.0,0.6492254630190248,0.0,837.2260341701917,2.3979100288595365
220103,San Martin,Habana,2009,77392,4206,73186,0.0543467025015505,0.9456532974984494,0.805639,0.0,0.6492254630190248,0.0,837.2260341701917,2.3979100288595365
220103,San Martin,Habana,2010,77392,4148,73244,0.0535972710357659,0.946402728964234,0.867131,0.0,0.6492254630190248,0.0,837.2260341701917,2.3979100288595365
220103,San Martin,Habana,2011,77392,3905,73487,0.0504574116187719,0.949542588381228,0.83988,0.0,0.6492254630190248,0.0,837.2260341701917,2.3979100288595365
220103,San Martin,Habana,2012,77392,3632,73760,0.0469299152367169,0.953070084763283,0.85191,0.0,0.6492254630190248,0.0,837.2260341701917,2.3979100288595365
220103,San Martin,Habana,2013,77392,3700,73692,0.0478085590241885,0.9521914409758114,0.8631,0.0,0.6492254630190248,0.0,837.2260341701917,2.3979100288595365
220103,San Martin,Habana,2014,77392,4141,73251,0.053506822410585,0.946493177589415,0.874767,0.0,0.6492254630190248,0.0,837.2260341701917,2.3979100288595365
220103,San Martin,Habana,2015,77392,4345,73047,0.0561427537729997,0.9438572462270002,0.877571,0.0,0.6492254630190248,0.0,837.2260341701917,2.3979100288595365
220103,San Martin,Habana,2016,77392,4074,73318,0.0526410998552822,0.9473589001447178,0.853228,0.0,0.6492254630190248,0.0,837.2260341701917,2.3979100288595365
220103,San Martin,Habana,2017,77392,4366,73026,0.0564140996485424,0.9435859003514576,0.848757,0.0,0.6492254630190248,0.0,837.2260341701917,2.3979100288595365
220103,San Martin,Habana,2018,77392,4840,72552,0.0625387636965061,0.937461236303494,0.870452,0.0,0.6492254630190248,0.0,837.2260341701917,2.3979100288595365
220103,San Martin,Habana,2019,77392,5159,72233,0.0666606367583212,0.9333393632416788,0.87049,0.0,0.6492254630190248,0.0,837.2260341701917,2.3979100288595365
220103,San Martin,Habana,2020,77392,5138,72254,0.0663892908827785,0.9336107091172214,0.849907,0.0,0.6492254630190248,0.0,837.2260341701917,2.3979100288595365
220103,San Martin,Habana,2021,77392,5218,72174,0.0674229894562745,0.9325770105437254,0.857892,0.0,0.6492254630190248,0.0,837.2260341701917,2.3979100288595365
220103,San Martin,Habana,2022,77392,5487,71905,0.0708988009096547,0.9291011990903452,0.786619,0.0,0.6492254630190248,0.0,837.2260341701917,2.3979100288595365
220103,San Martin,Habana,2023,77392,4626,72766,0.0597736200124043,0.9402263799875956,0.872726,0.0,0.6492254630190248,0.0,837.2260341701917,2.3979100288595365
220103,San Martin,Habana,2024,77392,3633,73759,0.0469428364688856,0.9530571635311144,0.853525,0.0,0.6492254630190248,0.0,837.2260341701917,2.3979100288595365
220104,San Martin,Jepelacio,1985,434300,281814,152486,0.6488924706424131,0.3511075293575869,0.296037,0.0,0.3174835168196232,0.0290866763360161,1215.484876654957,14.913068325518958
220104,San Martin,Jepelacio,1986,434300,281643,152657,0.6484987335942897,0.3515012664057103,0.295892,0.0,0.3174835168196232,0.0290866763360161,1215.484876654957,14.913068325518958
220104,San Martin,Jepelacio,1987,434300,274229,160071,0.631427584618927,0.368572415381073,0.321444,0.0,0.3174835168196232,0.0290866763360161,1215.484876654957,14.913068325518958
220104,San Martin,Jepelacio,1988,434300,262891,171409,0.6053212065392586,0.3946787934607414,0.348913,0.0,0.3174835168196232,0.0290866763360161,1215.484876654957,14.913068325518958
220104,San Martin,Jepelacio,1989,434300,261985,172315,0.6032350909509555,0.3967649090490444,0.345374,0.0,0.3174835168196232,0.0290866763360161,1215.484876654957,14.913068325518958
220104,San Martin,Jepelacio,1990,434300,256925,177375,0.5915841584158416,0.4084158415841584,0.365376,0.0,0.3174835168196232,0.0290866763360161,1215.484876654957,14.913068325518958
220104,San Martin,Jepelacio,1991,434300,254448,179852,0.5858807276076445,0.4141192723923555,0.364566,0.0,0.3174835168196232,0.0290866763360161,1215.484876654957,14.913068325518958
220104,San Martin,Jepelacio,1992,434300,252244,182056,0.5808058945429426,0.4191941054570573,0.370654,0.0,0.3174835168196232,0.0290866763360161,1215.484876654957,14.913068325518958
220104,San Martin,Jepelacio,1993,434300,252462,181838,0.5813078517154041,0.4186921482845959,0.37712,0.0,0.3174835168196232,0.0290866763360161,1215.484876654957,14.913068325518958
220104,San Martin,Jepelacio,1994,434300,242023,192277,0.5572714713331798,0.4427285286668201,0.403728,0.0,0.3174835168196232,0.0290866763360161,1215.484876654957,14.913068325518958
220104,San Martin,Jepelacio,1995,434300,233481,200819,0.5376030393737048,0.4623969606262952,0.419026,0.0,0.3174835168196232,0.0290866763360161,1215.484876654957,14.913068325518958
220104,San Martin,Jepelacio,1996,434300,227728,206572,0.5243564356435644,0.4756435643564356,0.434545,0.0,0.3174835168196232,0.0290866763360161,1215.484876654957,14.913068325518958
220104,San Martin,Jepelacio,1997,434300,215417,218883,0.4960096707345153,0.5039903292654847,0.456666,0.0,0.3174835168196232,0.0290866763360161,1215.484876654957,14.913068325518958
220104,San Martin,Jepelacio,1998,434300,195004,239296,0.449007598434262,0.5509924015657379,0.503587,0.0,0.3174835168196232,0.0290866763360161,1215.484876654957,14.913068325518958
220104,San Martin,Jepelacio,1999,434300,188203,246097,0.4333479161869675,0.5666520838130324,0.520555,0.0,0.3174835168196232,0.0290866763360161,1215.484876654957,14.913068325518958
220104,San Martin,Jepelacio,2000,434300,184889,249411,0.425717246143219,0.5742827538567811,0.532204,0.0,0.3174835168196232,0.0290866763360161,1215.484876654957,14.913068325518958
220104,San Martin,Jepelacio,2001,434300,191427,242873,0.440771356205388,0.559228643794612,0.522874,0.0,0.3174835168196232,0.0290866763360161,1215.484876654957,14.913068325518958
220104,San Martin,Jepelacio,2002,434300,199570,234730,0.4595210683859083,0.5404789316140917,0.504324,0.0,0.3174835168196232,0.0290866763360161,1215.484876654957,14.913068325518958
220104,San Martin,Jepelacio,2003,434300,198343,235957,0.4566958323739351,0.5433041676260649,0.508842,0.0,0.3174835168196232,0.0290866763360161,1215.484876654957,14.913068325518958
220104,San Martin,Jepelacio,2004,434300,195286,239014,0.4496569191802901,0.5503430808197098,0.51676,0.0,0.3174835168196232,0.0290866763360161,1215.484876654957,14.913068325518958
220104,San Martin,Jepelacio,2005,434300,187196,247104,0.4310292424591296,0.5689707575408703,0.538676,0.0,0.3174835168196232,0.0290866763360161,1215.484876654957,14.913068325518958
220104,San Martin,Jepelacio,2006,434300,176691,257609,0.4068408933916647,0.5931591066083353,0.561614,0.0,0.3174835168196232,0.0290866763360161,1215.484876654957,14.913068325518958
220104,San Martin,Jepelacio,2007,434300,174545,259755,0.4018996085655077,0.5981003914344923,0.56537,0.0,0.3174835168196232,0.0290866763360161,1215.484876654957,14.913068325518958
220104,San Martin,Jepelacio,2008,434300,177734,256566,0.4092424591296339,0.5907575408703661,0.557988,0.0,0.3174835168196232,0.0290866763360161,1215.484876654957,14.913068325518958
220104,San Martin,Jepelacio,2009,434300,175863,258437,0.4049343771586461,0.5950656228413539,0.562082,0.0,0.3174835168196232,0.0290866763360161,1215.484876654957,14.913068325518958
220104,San Martin,Jepelacio,2010,434300,169867,264433,0.3911282523601197,0.6088717476398803,0.576291,0.0,0.3174835168196232,0.0290866763360161,1215.484876654957,14.913068325518958
220104,San Martin,Jepelacio,2011,434300,171931,262369,0.3958807276076445,0.6041192723923555,0.572346,0.0,0.3174835168196232,0.0290866763360161,1215.484876654957,14.913068325518958
220104,San Martin,Jepelacio,2012,434300,166669,267631,0.3837646787934607,0.6162353212065392,0.585406,0.0,0.3174835168196232,0.0290866763360161,1215.484876654957,14.913068325518958
220104,San Martin,Jepelacio,2013,434300,167995,266305,0.3868178678332949,0.613182132166705,0.583108,0.0,0.3174835168196232,0.0290866763360161,1215.484876654957,14.913068325518958
220104,San Martin,Jepelacio,2014,434300,172029,262271,0.3961063780796684,0.6038936219203316,0.573247,0.0,0.3174835168196232,0.0290866763360161,1215.484876654957,14.913068325518958
220104,San Martin,Jepelacio,2015,434300,179313,254987,0.4128781947962238,0.5871218052037762,0.556468,0.0,0.3174835168196232,0.0290866763360161,1215.484876654957,14.913068325518958
220104,San Martin,Jepelacio,2016,434300,177102,257198,0.4077872438406631,0.5922127561593369,0.56259,0.0,0.3174835168196232,0.0290866763360161,1215.484876654957,14.913068325518958
220104,San Martin,Jepelacio,2017,434300,176143,258157,0.4055790927930002,0.5944209072069998,0.562869,0.0,0.3174835168196232,0.0290866763360161,1215.484876654957,14.913068325518958
220104,San Martin,Jepelacio,2018,434300,182139,252161,0.4193852175915266,0.5806147824084734,0.547446,0.0,0.3174835168196232,0.0290866763360161,1215.484876654957,14.913068325518958
220104,San Martin,Jepelacio,2019,434300,194893,239407,0.4487520147363573,0.5512479852636426,0.520785,0.0,0.3174835168196232,0.0290866763360161,1215.484876654957,14.913068325518958
220104,San Martin,Jepelacio,2020,434300,195766,238534,0.45076214598204,0.5492378540179599,0.516951,0.0,0.3174835168196232,0.0290866763360161,1215.484876654957,14.913068325518958
220104,San Martin,Jepelacio,2021,434300,191416,242884,0.4407460280911812,0.5592539719088188,0.526728,0.0,0.3174835168196232,0.0290866763360161,1215.484876654957,14.913068325518958
220104,San Martin,Jepelacio,2022,434300,185700,248600,0.427584618927009,0.5724153810729911,0.536472,0.0,0.3174835168196232,0.0290866763360161,1215.484876654957,14.913068325518958
220104,San Martin,Jepelacio,2023,434300,175814,258486,0.4048215519226341,0.5951784480773659,0.561761,0.0,0.3174835168196232,0.0290866763360161,1215.484876654957,14.913068325518958
220104,San Martin,Jepelacio,2024,434300,168577,265723,0.3881579553304167,0.6118420446695833,0.573903,0.0,0.3174835168196232,0.0290866763360161,1215.484876654957,14.913068325518958
220105,San Martin,Soritor,1985,656448,556755,99693,0.8481326776835332,0.1518673223164668,0.132183,0.0,0.1640451082734733,0.0,1456.326368040034,16.68475313737511
220105,San Martin,Soritor,1986,656448,555191,101257,0.8457501584283904,0.1542498415716096,0.13187,0.0,0.1640451082734733,0.0,1456.326368040034,16.68475313737511
220105,San Martin,Soritor,1987,656448,552645,103803,0.8418717095642001,0.1581282904357999,0.141763,0.0,0.1640451082734733,0.0,1456.326368040034,16.68475313737511
220105,San Martin,Soritor,1988,656448,546886,109562,0.8330987374475968,0.1669012625524032,0.152073,0.0,0.1640451082734733,0.0,1456.326368040034,16.68475313737511
220105,San Martin,Soritor,1989,656448,545637,110811,0.8311960734132787,0.1688039265867212,0.148467,0.0,0.1640451082734733,0.0,1456.326368040034,16.68475313737511
220105,San Martin,Soritor,1990,656448,542590,113858,0.8265544262454909,0.1734455737545091,0.154017,0.0,0.1640451082734733,0.0,1456.326368040034,16.68475313737511
220105,San Martin,Soritor,1991,656448,539634,116814,0.8220514039192747,0.1779485960807253,0.155845,0.0,0.1640451082734733,0.0,1456.326368040034,16.68475313737511
220105,San Martin,Soritor,1992,656448,536515,119933,0.8173000755581554,0.1826999244418446,0.159291,0.0,0.1640451082734733,0.0,1456.326368040034,16.68475313737511
220105,San Martin,Soritor,1993,656448,531477,124971,0.8096254387247733,0.1903745612752266,0.16878,0.0,0.1640451082734733,0.0,1456.326368040034,16.68475313737511
220105,San Martin,Soritor,1994,656448,522635,133813,0.7961559788437165,0.2038440211562835,0.185908,0.0,0.1640451082734733,0.0,1456.326368040034,16.68475313737511
220105,San Martin,Soritor,1995,656448,515772,140676,0.7857012284293653,0.2142987715706346,0.195603,0.0,0.1640451082734733,0.0,1456.326368040034,16.68475313737511
220105,San Martin,Soritor,1996,656448,512435,144013,0.7806178097884372,0.2193821902115628,0.203286,0.0,0.1640451082734733,0.0,1456.326368040034,16.68475313737511
220105,San Martin,Soritor,1997,656448,498059,158389,0.7587181315199376,0.2412818684800624,0.22158,0.0,0.1640451082734733,0.0,1456.326368040034,16.68475313737511
220105,San Martin,Soritor,1998,656448,486181,170267,0.7406237813200741,0.2593762186799259,0.242266,0.0,0.1640451082734733,0.0,1456.326368040034,16.68475313737511
220105,San Martin,Soritor,1999,656448,481230,175218,0.7330816759286342,0.2669183240713659,0.245931,0.0,0.1640451082734733,0.0,1456.326368040034,16.68475313737511
220105,San Martin,Soritor,2000,656448,477748,178700,0.7277773715511358,0.2722226284488642,0.254433,0.0,0.1640451082734733,0.0,1456.326368040034,16.68475313737511
220105,San Martin,Soritor,2001,656448,479892,176556,0.7310434337525592,0.2689565662474408,0.25248,0.0,0.1640451082734733,0.0,1456.326368040034,16.68475313737511
220105,San Martin,Soritor,2002,656448,483606,172842,0.7367011553085697,0.2632988446914302,0.247327,0.0,0.1640451082734733,0.0,1456.326368040034,16.68475313737511
220105,San Martin,Soritor,2003,656448,481361,175087,0.733281234766501,0.2667187652334991,0.249647,0.0,0.1640451082734733,0.0,1456.326368040034,16.68475313737511
220105,San Martin,Soritor,2004,656448,476694,179754,0.726171760748757,0.273828239251243,0.257339,0.0,0.1640451082734733,0.0,1456.326368040034,16.68475313737511
220105,San Martin,Soritor,2005,656448,467646,188802,0.7123884907867798,0.2876115092132202,0.272476,0.0,0.1640451082734733,0.0,1456.326368040034,16.68475313737511
220105,San Martin,Soritor,2006,656448,460202,196246,0.7010486740762406,0.2989513259237594,0.282408,0.0,0.1640451082734733,0.0,1456.326368040034,16.68475313737511
220105,San Martin,Soritor,2007,656448,457850,198598,0.697465755094082,0.3025342449059179,0.286113,0.0,0.1640451082734733,0.0,1456.326368040034,16.68475313737511
220105,San Martin,Soritor,2008,656448,461397,195051,0.7028690772155601,0.2971309227844399,0.279087,0.0,0.1640451082734733,0.0,1456.326368040034,16.68475313737511
220105,San Martin,Soritor,2009,656448,460538,195910,0.7015605196451205,0.2984394803548796,0.279341,0.0,0.1640451082734733,0.0,1456.326368040034,16.68475313737511
220105,San Martin,Soritor,2010,656448,457376,199072,0.6967436872379839,0.3032563127620162,0.287054,0.0,0.1640451082734733,0.0,1456.326368040034,16.68475313737511
220105,San Martin,Soritor,2011,656448,459894,196554,0.7005794823047675,0.2994205176952325,0.279274,0.0,0.1640451082734733,0.0,1456.326368040034,16.68475313737511
220105,San Martin,Soritor,2012,656448,451543,204905,0.6878579872282343,0.3121420127717656,0.292587,0.0,0.1640451082734733,0.0,1456.326368040034,16.68475313737511
220105,San Martin,Soritor,2013,656448,447737,208711,0.6820601174807449,0.3179398825192551,0.301704,0.0,0.1640451082734733,0.0,1456.326368040034,16.68475313737511
220105,San Martin,Soritor,2014,656448,447829,208619,0.6822002656722238,0.3177997343277761,0.30019,0.0,0.1640451082734733,0.0,1456.326368040034,16.68475313737511
220105,San Martin,Soritor,2015,656448,451595,204853,0.6879372014234182,0.3120627985765818,0.294456,0.0,0.1640451082734733,0.0,1456.326368040034,16.68475313737511
220105,San Martin,Soritor,2016,656448,448429,208019,0.6831142756166521,0.3168857243833479,0.297861,0.0,0.1640451082734733,0.0,1456.326368040034,16.68475313737511
220105,San Martin,Soritor,2017,656448,448699,207749,0.6835255800916448,0.3164744199083553,0.296459,0.0,0.1640451082734733,0.0,1456.326368040034,16.68475313737511
220105,San Martin,Soritor,2018,656448,452801,203647,0.6897743614117188,0.3102256385882811,0.289665,0.0,0.1640451082734733,0.0,1456.326368040034,16.68475313737511
220105,San Martin,Soritor,2019,656448,459621,196827,0.7001636077800526,0.2998363922199473,0.279137,0.0,0.1640451082734733,0.0,1456.326368040034,16.68475313737511
220105,San Martin,Soritor,2020,656448,456281,200167,0.6950756190894024,0.3049243809105976,0.28327,0.0,0.1640451082734733,0.0,1456.326368040034,16.68475313737511
220105,San Martin,Soritor,2021,656448,452920,203528,0.6899556400506971,0.3100443599493029,0.288213,0.0,0.1640451082734733,0.0,1456.326368040034,16.68475313737511
220105,San Martin,Soritor,2022,656448,450005,206443,0.6855150750706834,0.3144849249293165,0.291155,0.0,0.1640451082734733,0.0,1456.326368040034,16.68475313737511
220105,San Martin,Soritor,2023,656448,442631,213817,0.6742818928536609,0.3257181071463391,0.30354,0.0,0.1640451082734733,0.0,1456.326368040034,16.68475313737511
220105,San Martin,Soritor,2024,656448,424409,232039,0.6465234108413767,0.3534765891586234,0.324615,0.0,0.1640451082734733,0.0,1456.326368040034,16.68475313737511
220406,San Martin,Tingo De Saposoa,1985,52895,16092,36803,0.304225352112676,0.6957746478873239,0.537971,0.0,0.396889914763085,0.115968363647522,351.71266745666713,11.347344800672431
220406,San Martin,Tingo De Saposoa,1986,52895,16101,36794,0.3043955005198979,0.6956044994801021,0.537763,0.0,0.396889914763085,0.115968363647522,351.71266745666713,11.347344800672431
220406,San Martin,Tingo De Saposoa,1987,52895,17305,35590,0.327157576330466,0.672842423669534,0.550392,0.0,0.396889914763085,0.115968363647522,351.71266745666713,11.347344800672431
220406,San Martin,Tingo De Saposoa,1988,52895,13935,38960,0.2634464505151715,0.7365535494848284,0.591625,0.0,0.396889914763085,0.115968363647522,351.71266745666713,11.347344800672431
220406,San Martin,Tingo De Saposoa,1989,52895,13466,39429,0.2545798279610549,0.7454201720389451,0.622157,0.0,0.396889914763085,0.115968363647522,351.71266745666713,11.347344800672431
220406,San Martin,Tingo De Saposoa,1990,52895,13178,39717,0.2491350789299555,0.7508649210700444,0.619,0.0,0.396889914763085,0.115968363647522,351.71266745666713,11.347344800672431
220406,San Martin,Tingo De Saposoa,1991,52895,13335,39560,0.2521032233670479,0.7478967766329521,0.600302,0.0,0.396889914763085,0.115968363647522,351.71266745666713,11.347344800672431
220406,San Martin,Tingo De Saposoa,1992,52895,14548,38347,0.2750354475848379,0.7249645524151621,0.576954,0.0,0.396889914763085,0.115968363647522,351.71266745666713,11.347344800672431
220406,San Martin,Tingo De Saposoa,1993,52895,15026,37869,0.2840722185461763,0.7159277814538236,0.587371,0.0,0.396889914763085,0.115968363647522,351.71266745666713,11.347344800672431
220406,San Martin,Tingo De Saposoa,1994,52895,15562,37333,0.2942055014651668,0.7057944985348331,0.588109,0.0,0.396889914763085,0.115968363647522,351.71266745666713,11.347344800672431
220406,San Martin,Tingo De Saposoa,1995,52895,15647,37248,0.2958124586444843,0.7041875413555156,0.577087,0.0,0.396889914763085,0.115968363647522,351.71266745666713,11.347344800672431
220406,San Martin,Tingo De Saposoa,1996,52895,15555,37340,0.2940731638151054,0.7059268361848946,0.586237,0.0,0.396889914763085,0.115968363647522,351.71266745666713,11.347344800672431
220406,San Martin,Tingo De Saposoa,1997,52895,14868,38027,0.2810851687305038,0.7189148312694962,0.595387,0.0,0.396889914763085,0.115968363647522,351.71266745666713,11.347344800672431
220406,San Martin,Tingo De Saposoa,1998,52895,15420,37475,0.2915209377067775,0.7084790622932224,0.593478,0.0,0.396889914763085,0.115968363647522,351.71266745666713,11.347344800672431
220406,San Martin,Tingo De Saposoa,1999,52895,15531,37364,0.2936194347291804,0.7063805652708195,0.600095,0.0,0.396889914763085,0.115968363647522,351.71266745666713,11.347344800672431
220406,San Martin,Tingo De Saposoa,2000,52895,15058,37837,0.284677190660743,0.7153228093392571,0.612383,0.0,0.396889914763085,0.115968363647522,351.71266745666713,11.347344800672431
220406,San Martin,Tingo De Saposoa,2001,52895,14726,38169,0.2784006049721145,0.7215993950278854,0.613328,0.0,0.396889914763085,0.115968363647522,351.71266745666713,11.347344800672431
220406,San Martin,Tingo De Saposoa,2002,52895,14855,38040,0.2808393988089611,0.7191606011910389,0.614255,0.0,0.396889914763085,0.115968363647522,351.71266745666713,11.347344800672431
220406,San Martin,Tingo De Saposoa,2003,52895,14130,38765,0.2671329993383117,0.7328670006616882,0.620456,0.0,0.396889914763085,0.115968363647522,351.71266745666713,11.347344800672431
220406,San Martin,Tingo De Saposoa,2004,52895,14007,38888,0.2648076377729464,0.7351923622270536,0.61951,0.0,0.396889914763085,0.115968363647522,351.71266745666713,11.347344800672431
220406,San Martin,Tingo De Saposoa,2005,52895,12521,40374,0.2367142452027602,0.7632857547972398,0.644276,0.0,0.396889914763085,0.115968363647522,351.71266745666713,11.347344800672431
220406,San Martin,Tingo De Saposoa,2006,52895,12343,40552,0.2333490878154835,0.7666509121845165,0.634918,0.0,0.396889914763085,0.115968363647522,351.71266745666713,11.347344800672431
220406,San Martin,Tingo De Saposoa,2007,52895,12677,40218,0.2396634842612723,0.7603365157387276,0.641025,0.0,0.396889914763085,0.115968363647522,351.71266745666713,11.347344800672431
220406,San Martin,Tingo De Saposoa,2008,52895,12943,39952,0.2446923149636071,0.7553076850363929,0.628982,0.0,0.396889914763085,0.115968363647522,351.71266745666713,11.347344800672431
220406,San Martin,Tingo De Saposoa,2009,52895,12427,40468,0.2349371396162208,0.7650628603837791,0.635032,0.0,0.396889914763085,0.115968363647522,351.71266745666713,11.347344800672431
220406,San Martin,Tingo De Saposoa,2010,52895,11687,41208,0.2209471594668683,0.7790528405331317,0.670082,0.0,0.396889914763085,0.115968363647522,351.71266745666713,11.347344800672431
220406,San Martin,Tingo De Saposoa,2011,52895,11151,41744,0.2108138765478778,0.7891861234521221,0.688118,0.0,0.396889914763085,0.115968363647522,351.71266745666713,11.347344800672431
220406,San Martin,Tingo De Saposoa,2012,52895,11702,41193,0.2212307401455714,0.7787692598544286,0.678722,0.0,0.396889914763085,0.115968363647522,351.71266745666713,11.347344800672431
220406,San Martin,Tingo De Saposoa,2013,52895,12811,40084,0.2421968049910199,0.7578031950089801,0.65906,0.0,0.396889914763085,0.115968363647522,351.71266745666713,11.347344800672431
220406,San Martin,Tingo De Saposoa,2014,52895,13743,39152,0.259816617827772,0.740183382172228,0.640268,0.0,0.396889914763085,0.115968363647522,351.71266745666713,11.347344800672431
220406,San Martin,Tingo De Saposoa,2015,52895,13938,38957,0.2635031666509121,0.7364968333490878,0.615578,0.0,0.396889914763085,0.115968363647522,351.71266745666713,11.347344800672431
220406,San Martin,Tingo De Saposoa,2016,52895,13626,39269,0.2576046885338879,0.7423953114661122,0.629455,0.0,0.396889914763085,0.115968363647522,351.71266745666713,11.347344800672431
220406,San Martin,Tingo De Saposoa,2017,52895,15119,37776,0.2858304187541355,0.7141695812458645,0.59845,0.0,0.396889914763085,0.115968363647522,351.71266745666713,11.347344800672431
220406,San Martin,Tingo De Saposoa,2018,52895,15983,36912,0.3021646658474336,0.6978353341525664,0.592835,0.0,0.396889914763085,0.115968363647522,351.71266745666713,11.347344800672431
220406,San Martin,Tingo De Saposoa,2019,52895,16183,36712,0.3059457415634748,0.6940542584365252,0.591171,0.0,0.396889914763085,0.115968363647522,351.71266745666713,11.347344800672431
220406,San Martin,Tingo De Saposoa,2020,52895,15846,37049,0.2995746289819453,0.7004253710180547,0.58618,0.0,0.396889914763085,0.115968363647522,351.71266745666713,11.347344800672431
220406,San Martin,Tingo De Saposoa,2021,52895,15919,36976,0.3009547216183004,0.6990452783816996,0.58894,0.0,0.396889914763085,0.115968363647522,351.71266745666713,11.347344800672431
220406,San Martin,Tingo De Saposoa,2022,52895,15026,37869,0.2840722185461763,0.7159277814538236,0.611097,0.0,0.396889914763085,0.115968363647522,351.71266745666713,11.347344800672431
220406,San Martin,Tingo De Saposoa,2023,52895,14677,38218,0.2774742414216845,0.7225257585783156,0.616826,0.0,0.396889914763085,0.115968363647522,351.71266745666713,11.347344800672431
220406,San Martin,Tingo De Saposoa,2024,52895,14095,38800,0.2664713110880045,0.7335286889119954,0.624917,0.0,0.396889914763085,0.115968363647522,351.71266745666713,11.347344800672431
220509,San Martin,Shanao,1985,27404,14120,13284,0.5152532477010655,0.4847467522989344,0.401547,0.0,1.526969626647462,0.1230397450669395,501.2741197456181,12.59910462805772
220509,San Martin,Shanao,1986,27404,14120,13284,0.5152532477010655,0.4847467522989344,0.401547,0.0,1.526969626647462,0.1230397450669395,501.2741197456181,12.59910462805772
220509,San Martin,Shanao,1987,27404,14316,13088,0.5224054882498905,0.4775945117501095,0.394249,0.0,1.526969626647462,0.1230397450669395,501.2741197456181,12.59910462805772
220509,San Martin,Shanao,1988,27404,13154,14250,0.4800029192818567,0.5199970807181433,0.442563,0.0,1.526969626647462,0.1230397450669395,501.2741197456181,12.59910462805772
220509,San Martin,Shanao,1989,27404,11320,16084,0.4130783827178514,0.5869216172821486,0.442271,0.0,1.526969626647462,0.1230397450669395,501.2741197456181,12.59910462805772
220509,San Martin,Shanao,1990,27404,9744,17660,0.3555685301415852,0.6444314698584148,0.49449,0.0,1.526969626647462,0.1230397450669395,501.2741197456181,12.59910462805772
220509,San Martin,Shanao,1991,27404,8135,19269,0.2968544737994453,0.7031455262005547,0.542403,0.0,1.526969626647462,0.1230397450669395,501.2741197456181,12.59910462805772
220509,San Martin,Shanao,1992,27404,9129,18275,0.3331265508684863,0.6668734491315137,0.560867,0.0,1.526969626647462,0.1230397450669395,501.2741197456181,12.59910462805772
220509,San Martin,Shanao,1993,27404,10336,17068,0.3771712158808933,0.6228287841191067,0.538243,0.0,1.526969626647462,0.1230397450669395,501.2741197456181,12.59910462805772
220509,San Martin,Shanao,1994,27404,10212,17192,0.3726463290030652,0.6273536709969347,0.545285,0.0,1.526969626647462,0.1230397450669395,501.2741197456181,12.59910462805772
220509,San Martin,Shanao,1995,27404,9654,17750,0.352284338052839,0.647715661947161,0.565903,0.0,1.526969626647462,0.1230397450669395,501.2741197456181,12.59910462805772
220509,San Martin,Shanao,1996,27404,9814,17590,0.3581229017661655,0.6418770982338344,0.561925,0.0,1.526969626647462,0.1230397450669395,501.2741197456181,12.59910462805772
220509,San Martin,Shanao,1997,27404,9023,18381,0.3292585024084075,0.6707414975915925,0.581594,0.0,1.526969626647462,0.1230397450669395,501.2741197456181,12.59910462805772
220509,San Martin,Shanao,1998,27404,7817,19587,0.2852503284192089,0.7147496715807912,0.627098,0.0,1.526969626647462,0.1230397450669395,501.2741197456181,12.59910462805772
220509,San Martin,Shanao,1999,27404,7558,19846,0.2757991534082615,0.7242008465917384,0.63301,0.0,1.526969626647462,0.1230397450669395,501.2741197456181,12.59910462805772
220509,San Martin,Shanao,2000,27404,6904,20500,0.2519340242300394,0.7480659757699606,0.659356,0.0,1.526969626647462,0.1230397450669395,501.2741197456181,12.59910462805772
220509,San Martin,Shanao,2001,27404,7476,19928,0.2728068895051817,0.7271931104948183,0.640016,0.0,1.526969626647462,0.1230397450669395,501.2741197456181,12.59910462805772
220509,San Martin,Shanao,2002,27404,7785,19619,0.2840826156765436,0.7159173843234564,0.623449,0.0,1.526969626647462,0.1230397450669395,501.2741197456181,12.59910462805772
220509,San Martin,Shanao,2003,27404,7634,19770,0.2785724711720916,0.7214275288279083,0.633229,0.0,1.526969626647462,0.1230397450669395,501.2741197456181,12.59910462805772
220509,San Martin,Shanao,2004,27404,8056,19348,0.2939716829659903,0.7060283170340096,0.621406,0.0,1.526969626647462,0.1230397450669395,501.2741197456181,12.59910462805772
220509,San Martin,Shanao,2005,27404,7700,19704,0.2809808787038388,0.7190191212961612,0.637681,0.0,1.526969626647462,0.1230397450669395,501.2741197456181,12.59910462805772
220509,San Martin,Shanao,2006,27404,7696,19708,0.2808349146110057,0.7191650853889943,0.636695,0.0,1.526969626647462,0.1230397450669395,501.2741197456181,12.59910462805772
220509,San Martin,Shanao,2007,27404,8134,19270,0.296817982776237,0.703182017223763,0.626989,0.0,1.526969626647462,0.1230397450669395,501.2741197456181,12.59910462805772
220509,San Martin,Shanao,2008,27404,8678,18726,0.3166690994015472,0.6833309005984528,0.600277,0.0,1.526969626647462,0.1230397450669395,501.2741197456181,12.59910462805772
220509,San Martin,Shanao,2009,27404,8224,19180,0.3001021748649832,0.6998978251350167,0.613451,0.0,1.526969626647462,0.1230397450669395,501.2741197456181,12.59910462805772
220509,San Martin,Shanao,2010,27404,7405,19999,0.2702160268573931,0.7297839731426069,0.648555,0.0,1.526969626647462,0.1230397450669395,501.2741197456181,12.59910462805772
220509,San Martin,Shanao,2011,27404,7611,19793,0.2777331776383009,0.722266822361699,0.65173,0.0,1.526969626647462,0.1230397450669395,501.2741197456181,12.59910462805772
220509,San Martin,Shanao,2012,27404,6870,20534,0.2506933294409575,0.7493066705590424,0.683112,0.0,1.526969626647462,0.1230397450669395,501.2741197456181,12.59910462805772
220509,San Martin,Shanao,2013,27404,7292,20112,0.2660925412348562,0.7339074587651437,0.664903,0.0,1.526969626647462,0.1230397450669395,501.2741197456181,12.59910462805772
220509,San Martin,Shanao,2014,27404,8626,18778,0.3147715661947161,0.6852284338052839,0.626332,0.0,1.526969626647462,0.1230397450669395,501.2741197456181,12.59910462805772
220509,San Martin,Shanao,2015,27404,9127,18277,0.3330535688220697,0.6669464311779302,0.617939,0.0,1.526969626647462,0.1230397450669395,501.2741197456181,12.59910462805772
220509,San Martin,Shanao,2016,27404,9711,17693,0.3543643263757116,0.6456356736242884,0.600569,0.0,1.526969626647462,0.1230397450669395,501.2741197456181,12.59910462805772
220509,San Martin,Shanao,2017,27404,10166,17238,0.3709677419354839,0.6290322580645161,0.579769,0.0,1.526969626647462,0.1230397450669395,501.2741197456181,12.59910462805772
220509,San Martin,Shanao,2018,27404,10542,16862,0.3846883666618012,0.6153116333381988,0.563604,0.0,1.526969626647462,0.1230397450669395,501.2741197456181,12.59910462805772
220509,San Martin,Shanao,2019,27404,12015,15389,0.4384396438476134,0.5615603561523865,0.515363,0.0,1.526969626647462,0.1230397450669395,501.2741197456181,12.59910462805772
220509,San Martin,Shanao,2020,27404,12768,14636,0.4659173843234564,0.5340826156765436,0.48398,0.0,1.526969626647462,0.1230397450669395,501.2741197456181,12.59910462805772
220509,San Martin,Shanao,2021,27404,12742,14662,0.4649686177200409,0.5350313822799592,0.487374,0.0,1.526969626647462,0.1230397450669395,501.2741197456181,12.59910462805772
220509,San Martin,Shanao,2022,27404,12322,15082,0.4496423879725587,0.5503576120274413,0.496606,0.0,1.526969626647462,0.1230397450669395,501.2741197456181,12.59910462805772
220509,San Martin,Shanao,2023,27404,11969,15435,0.4367610567800321,0.5632389432199679,0.515947,0.0,1.526969626647462,0.1230397450669395,501.2741197456181,12.59910462805772
220509,San Martin,Shanao,2024,27404,12013,15391,0.4383666618011969,0.5616333381988031,0.511896,0.0,1.526969626647462,0.1230397450669395,501.2741197456181,12.59910462805772
220703,San Martin,Caspisapa,1985,85643,49684,35959,0.5801291407353782,0.4198708592646217,0.213584,0.0,0.564677922434135,0.0305891479331172,343.6773665409804,9.430268141822586
220703,San Martin,Caspisapa,1986,85643,49685,35958,0.5801408171128989,0.4198591828871011,0.213514,0.0,0.564677922434135,0.0305891479331172,343.6773665409804,9.430268141822586
220703,San Martin,Caspisapa,1987,85643,48415,37228,0.5653118176616886,0.4346881823383113,0.297666,0.0,0.564677922434135,0.0305891479331172,343.6773665409804,9.430268141822586
220703,San Martin,Caspisapa,1988,85643,44279,41364,0.5170183202363299,0.4829816797636701,0.379307,0.0,0.564677922434135,0.0305891479331172,343.6773665409804,9.430268141822586
220703,San Martin,Caspisapa,1989,85643,42417,43226,0.4952769052929019,0.5047230947070981,0.400978,0.0,0.564677922434135,0.0305891479331172,343.6773665409804,9.430268141822586
220703,San Martin,Caspisapa,1990,85643,41920,43723,0.4894737456651448,0.5105262543348551,0.404843,0.0,0.564677922434135,0.0305891479331172,343.6773665409804,9.430268141822586
220703,San Martin,Caspisapa,1991,85643,41497,44146,0.484534637973915,0.5154653620260851,0.422778,0.0,0.564677922434135,0.0305891479331172,343.6773665409804,9.430268141822586
220703,San Martin,Caspisapa,1992,85643,41294,44349,0.4821643333372254,0.5178356666627746,0.425172,0.0,0.564677922434135,0.0305891479331172,343.6773665409804,9.430268141822586
220703,San Martin,Caspisapa,1993,85643,40389,45254,0.471597211681048,0.5284027883189519,0.430636,0.0,0.564677922434135,0.0305891479331172,343.6773665409804,9.430268141822586
220703,San Martin,Caspisapa,1994,85643,40007,45636,0.4671368354681643,0.5328631645318357,0.445851,0.0,0.564677922434135,0.0305891479331172,343.6773665409804,9.430268141822586
220703,San Martin,Caspisapa,1995,85643,39763,45880,0.4642877993531287,0.5357122006468713,0.453966,0.0,0.564677922434135,0.0305891479331172,343.6773665409804,9.430268141822586
220703,San Martin,Caspisapa,1996,85643,40104,45539,0.4682694440876662,0.5317305559123338,0.447789,0.0,0.564677922434135,0.0305891479331172,343.6773665409804,9.430268141822586
220703,San Martin,Caspisapa,1997,85643,40321,45322,0.4708032180096447,0.5291967819903554,0.439207,0.0,0.564677922434135,0.0305891479331172,343.6773665409804,9.430268141822586
220703,San Martin,Caspisapa,1998,85643,41453,44190,0.4840208773630069,0.5159791226369931,0.436381,0.0,0.564677922434135,0.0305891479331172,343.6773665409804,9.430268141822586
220703,San Martin,Caspisapa,1999,85643,41447,44196,0.483950819097883,0.5160491809021169,0.418108,0.0,0.564677922434135,0.0305891479331172,343.6773665409804,9.430268141822586
220703,San Martin,Caspisapa,2000,85643,41672,43971,0.4865780040400266,0.5134219959599734,0.399764,0.0,0.564677922434135,0.0305891479331172,343.6773665409804,9.430268141822586
220703,San Martin,Caspisapa,2001,85643,41841,43802,0.4885513118410144,0.5114486881589856,0.39674,0.0,0.564677922434135,0.0305891479331172,343.6773665409804,9.430268141822586
220703,San Martin,Caspisapa,2002,85643,41122,44521,0.4801559964036757,0.5198440035963243,0.435424,0.0,0.564677922434135,0.0305891479331172,343.6773665409804,9.430268141822586
220703,San Martin,Caspisapa,2003,85643,41020,44623,0.4789650058965706,0.5210349941034293,0.436907,0.0,0.564677922434135,0.0305891479331172,343.6773665409804,9.430268141822586
220703,San Martin,Caspisapa,2004,85643,41179,44464,0.4808215499223521,0.519178450077648,0.436685,0.0,0.564677922434135,0.0305891479331172,343.6773665409804,9.430268141822586
220703,San Martin,Caspisapa,2005,85643,41310,44333,0.4823511553775557,0.5176488446224443,0.415562,0.0,0.564677922434135,0.0305891479331172,343.6773665409804,9.430268141822586
220703,San Martin,Caspisapa,2006,85643,40273,45370,0.470242751888654,0.529757248111346,0.44933,0.0,0.564677922434135,0.0305891479331172,343.6773665409804,9.430268141822586
220703,San Martin,Caspisapa,2007,85643,39924,45719,0.4661676961339514,0.5338323038660486,0.445372,0.0,0.564677922434135,0.0305891479331172,343.6773665409804,9.430268141822586
220703,San Martin,Caspisapa,2008,85643,39090,46553,0.4564295972817393,0.5435704027182607,0.458274,0.0,0.564677922434135,0.0305891479331172,343.6773665409804,9.430268141822586
220703,San Martin,Caspisapa,2009,85643,39555,46088,0.4618591128288359,0.538140887171164,0.466284,0.0,0.564677922434135,0.0305891479331172,343.6773665409804,9.430268141822586
220703,San Martin,Caspisapa,2010,85643,40192,45451,0.4692969653094824,0.5307030346905176,0.42836,0.0,0.564677922434135,0.0305891479331172,343.6773665409804,9.430268141822586
220703,San Martin,Caspisapa,2011,85643,40309,45334,0.470663101479397,0.529336898520603,0.422136,0.0,0.564677922434135,0.0305891479331172,343.6773665409804,9.430268141822586
220703,San Martin,Caspisapa,2012,85643,41222,44421,0.4813236341557395,0.5186763658442605,0.443761,0.0,0.564677922434135,0.0305891479331172,343.6773665409804,9.430268141822586
220703,San Martin,Caspisapa,2013,85643,41398,44245,0.4833786765993718,0.5166213234006282,0.450778,0.0,0.564677922434135,0.0305891479331172,343.6773665409804,9.430268141822586
220703,San Martin,Caspisapa,2014,85643,40537,45106,0.4733253155541025,0.5266746844458975,0.445057,0.0,0.564677922434135,0.0305891479331172,343.6773665409804,9.430268141822586
220703,San Martin,Caspisapa,2015,85643,40728,44915,0.4755555036605443,0.5244444963394557,0.408895,0.0,0.564677922434135,0.0305891479331172,343.6773665409804,9.430268141822586
220703,San Martin,Caspisapa,2016,85643,41401,44242,0.4834137057319337,0.5165862942680662,0.405287,0.0,0.564677922434135,0.0305891479331172,343.6773665409804,9.430268141822586
220703,San Martin,Caspisapa,2017,85643,41550,44093,0.4851534859825088,0.5148465140174913,0.387831,0.0,0.564677922434135,0.0305891479331172,343.6773665409804,9.430268141822586
220703,San Martin,Caspisapa,2018,85643,41464,44179,0.4841493175157339,0.5158506824842661,0.41833,0.0,0.564677922434135,0.0305891479331172,343.6773665409804,9.430268141822586
220703,San Martin,Caspisapa,2019,85643,40976,44667,0.4784512452856626,0.5215487547143374,0.417232,0.0,0.564677922434135,0.0305891479331172,343.6773665409804,9.430268141822586
220703,San Martin,Caspisapa,2020,85643,39824,45819,0.4650000583818876,0.5349999416181124,0.460248,0.0,0.564677922434135,0.0305891479331172,343.6773665409804,9.430268141822586
220703,San Martin,Caspisapa,2021,85643,40025,45618,0.4673470102635358,0.5326529897364641,0.452028,0.0,0.564677922434135,0.0305891479331172,343.6773665409804,9.430268141822586
220703,San Martin,Caspisapa,2022,85643,40103,45540,0.4682577677101456,0.5317422322898544,0.467791,0.0,0.564677922434135,0.0305891479331172,343.6773665409804,9.430268141822586
220703,San Martin,Caspisapa,2023,85643,39194,46449,0.4576439405438857,0.5423560594561143,0.459886,0.0,0.564677922434135,0.0305891479331172,343.6773665409804,9.430268141822586
220703,San Martin,Caspisapa,2024,85643,34659,50984,0.4046915684877923,0.5953084315122077,0.517777,0.0,0.564677922434135,0.0305891479331172,343.6773665409804,9.430268141822586
220709,San Martin,Tingo De Ponasa,1985,377839,258490,119349,0.6841273664179717,0.3158726335820283,0.28086,0.0,0.3467984711726868,0.0,460.3187831989674,11.118235386417256
220709,San Martin,Tingo De Ponasa,1986,377839,256598,121241,0.6791199426210635,0.3208800573789365,0.285108,0.0,0.3467984711726868,0.0,460.3187831989674,11.118235386417256
220709,San Martin,Tingo De Ponasa,1987,377839,258329,119510,0.68370125900185,0.31629874099815,0.29737,0.0,0.3467984711726868,0.0,460.3187831989674,11.118235386417256
220709,San Martin,Tingo De Ponasa,1988,377839,243158,134681,0.6435492365796014,0.3564507634203986,0.336604,0.0,0.3467984711726868,0.0,460.3187831989674,11.118235386417256
220709,San Martin,Tingo De Ponasa,1989,377839,238823,139016,0.6320760959032815,0.3679239040967184,0.351147,0.0,0.3467984711726868,0.0,460.3187831989674,11.118235386417256
220709,San Martin,Tingo De Ponasa,1990,377839,238930,138909,0.632359285304058,0.3676407146959419,0.355776,0.0,0.3467984711726868,0.0,460.3187831989674,11.118235386417256
220709,San Martin,Tingo De Ponasa,1991,377839,240732,137107,0.6371285124087244,0.3628714875912756,0.352023,0.0,0.3467984711726868,0.0,460.3187831989674,11.118235386417256
220709,San Martin,Tingo De Ponasa,1992,377839,238919,138920,0.6323301723750063,0.3676698276249937,0.357184,0.0,0.3467984711726868,0.0,460.3187831989674,11.118235386417256
220709,San Martin,Tingo De Ponasa,1993,377839,238262,139577,0.6305913365216401,0.3694086634783598,0.358002,0.0,0.3467984711726868,0.0,460.3187831989674,11.118235386417256
220709,San Martin,Tingo De Ponasa,1994,377839,239631,138208,0.6342145728736314,0.3657854271263686,0.353643,0.0,0.3467984711726868,0.0,460.3187831989674,11.118235386417256
220709,San Martin,Tingo De Ponasa,1995,377839,239028,138811,0.6326186550356104,0.3673813449643895,0.356578,0.0,0.3467984711726868,0.0,460.3187831989674,11.118235386417256
220709,San Martin,Tingo De Ponasa,1996,377839,233891,143948,0.6190229171684236,0.3809770828315764,0.369761,0.0,0.3467984711726868,0.0,460.3187831989674,11.118235386417256
220709,San Martin,Tingo De Ponasa,1997,377839,219804,158035,0.5817398415727334,0.4182601584272666,0.400369,0.0,0.3467984711726868,0.0,460.3187831989674,11.118235386417256
220709,San Martin,Tingo De Ponasa,1998,377839,213261,164578,0.5644229420467448,0.4355770579532552,0.419935,0.0,0.3467984711726868,0.0,460.3187831989674,11.118235386417256
220709,San Martin,Tingo De Ponasa,1999,377839,205871,171968,0.5448643469837682,0.4551356530162317,0.439637,0.0,0.3467984711726868,0.0,460.3187831989674,11.118235386417256
220709,San Martin,Tingo De Ponasa,2000,377839,200317,177522,0.5301649644425271,0.4698350355574729,0.453579,0.0,0.3467984711726868,0.0,460.3187831989674,11.118235386417256
220709,San Martin,Tingo De Ponasa,2001,377839,193286,184553,0.5115565095186044,0.4884434904813955,0.473215,0.0,0.3467984711726868,0.0,460.3187831989674,11.118235386417256
220709,San Martin,Tingo De Ponasa,2002,377839,180125,197714,0.4767242132230924,0.5232757867769077,0.504445,0.0,0.3467984711726868,0.0,460.3187831989674,11.118235386417256
220709,San Martin,Tingo De Ponasa,2003,377839,171521,206318,0.4539526094447635,0.5460473905552365,0.531356,0.0,0.3467984711726868,0.0,460.3187831989674,11.118235386417256
220709,San Martin,Tingo De Ponasa,2004,377839,166596,211243,0.4409179571193021,0.5590820428806978,0.544126,0.0,0.3467984711726868,0.0,460.3187831989674,11.118235386417256
220709,San Martin,Tingo De Ponasa,2005,377839,157536,220303,0.4169394901002808,0.5830605098997191,0.56595,0.0,0.3467984711726868,0.0,460.3187831989674,11.118235386417256
220709,San Martin,Tingo De Ponasa,2006,377839,152950,224889,0.4048020453155974,0.5951979546844026,0.576367,0.0,0.3467984711726868,0.0,460.3187831989674,11.118235386417256
220709,San Martin,Tingo De Ponasa,2007,377839,146301,231538,0.3872046030187461,0.612795396981254,0.595031,0.0,0.3467984711726868,0.0,460.3187831989674,11.118235386417256
220709,San Martin,Tingo De Ponasa,2008,377839,140812,237027,0.3726772514219019,0.6273227485780981,0.610683,0.0,0.3467984711726868,0.0,460.3187831989674,11.118235386417256
220709,San Martin,Tingo De Ponasa,2009,377839,141999,235840,0.3758188011295816,0.6241811988704183,0.610649,0.0,0.3467984711726868,0.0,460.3187831989674,11.118235386417256
220709,San Martin,Tingo De Ponasa,2010,377839,140392,237447,0.3715656668581062,0.6284343331418938,0.613452,0.0,0.3467984711726868,0.0,460.3187831989674,11.118235386417256
220709,San Martin,Tingo De Ponasa,2011,377839,143597,234242,0.3800481157318329,0.6199518842681672,0.605107,0.0,0.3467984711726868,0.0,460.3187831989674,11.118235386417256
220709,San Martin,Tingo De Ponasa,2012,377839,161377,216462,0.4271051955991838,0.5728948044008162,0.562872,0.0,0.3467984711726868,0.0,460.3187831989674,11.118235386417256
220709,San Martin,Tingo De Ponasa,2013,377839,165596,212243,0.4382713272055029,0.5617286727944971,0.551595,0.0,0.3467984711726868,0.0,460.3187831989674,11.118235386417256
220709,San Martin,Tingo De Ponasa,2014,377839,173895,203944,0.4602357088601229,0.539764291139877,0.527603,0.0,0.3467984711726868,0.0,460.3187831989674,11.118235386417256
220709,San Martin,Tingo De Ponasa,2015,377839,174679,203160,0.4623106667125415,0.5376893332874584,0.51853,0.0,0.3467984711726868,0.0,460.3187831989674,11.118235386417256
220709,San Martin,Tingo De Ponasa,2016,377839,181701,196138,0.48089530196724,0.5191046980327599,0.504617,0.0,0.3467984711726868,0.0,460.3187831989674,11.118235386417256
220709,San Martin,Tingo De Ponasa,2017,377839,185568,192271,0.4911298198439017,0.5088701801560982,0.495195,0.0,0.3467984711726868,0.0,460.3187831989674,11.118235386417256
220709,San Martin,Tingo De Ponasa,2018,377839,186943,190896,0.4947689359753757,0.5052310640246243,0.493713,0.0,0.3467984711726868,0.0,460.3187831989674,11.118235386417256
220709,San Martin,Tingo De Ponasa,2019,377839,187051,190788,0.495054772006066,0.5049452279939339,0.492228,0.0,0.3467984711726868,0.0,460.3187831989674,11.118235386417256
220709,San Martin,Tingo De Ponasa,2020,377839,182417,195422,0.4827902889855203,0.5172097110144798,0.505393,0.0,0.3467984711726868,0.0,460.3187831989674,11.118235386417256
220709,San Martin,Tingo De Ponasa,2021,377839,181798,196041,0.4811520250688785,0.5188479749311214,0.503752,0.0,0.3467984711726868,0.0,460.3187831989674,11.118235386417256
220709,San Martin,Tingo De Ponasa,2022,377839,182781,195058,0.4837536622741432,0.5162463377258568,0.504241,0.0,0.3467984711726868,0.0,460.3187831989674,11.118235386417256
220709,San Martin,Tingo De Ponasa,2023,377839,177601,200238,0.470044119320663,0.529955880679337,0.520444,0.0,0.3467984711726868,0.0,460.3187831989674,11.118235386417256
220709,San Martin,Tingo De Ponasa,2024,377839,167577,210262,0.4435143010647392,0.5564856989352608,0.544915,0.0,0.3467984711726868,0.0,460.3187831989674,11.118235386417256
220801,San Martin,Rioja,1985,234994,98752,136242,0.4202320059235555,0.5797679940764445,0.409768,0.0,0.3534362344437025,0.0,988.4761480664382,9.882533828101131
220801,San Martin,Rioja,1986,234994,98750,136244,0.4202234950679592,0.5797765049320408,0.409793,0.0,0.3534362344437025,0.0,988.4761480664382,9.882533828101131
220801,San Martin,Rioja,1987,234994,91844,143150,0.39083551069389,0.6091644893061099,0.488664,0.120253,0.3534362344437025,0.0,988.4761480664382,9.882533828101131
220801,San Martin,Rioja,1988,234994,88031,146963,0.3746095644995191,0.6253904355004809,0.510783,0.120253,0.3534362344437025,0.0,988.4761480664382,9.882533828101131
220801,San Martin,Rioja,1989,234994,89267,145727,0.3798692732580406,0.6201307267419593,0.512115,0.120253,0.3534362344437025,0.0,988.4761480664382,9.882533828101131
220801,San Martin,Rioja,1990,234994,87339,147655,0.3716648084631948,0.6283351915368052,0.521103,0.120253,0.3534362344437025,0.0,988.4761480664382,9.882533828101131
220801,San Martin,Rioja,1991,234994,88120,146874,0.374988297573555,0.6250117024264449,0.512154,0.120253,0.3534362344437025,0.0,988.4761480664382,9.882533828101131
220801,San Martin,Rioja,1992,234994,87831,147163,0.3737584789398878,0.6262415210601122,0.516094,0.120253,0.3534362344437025,0.0,988.4761480664382,9.882533828101131
220801,San Martin,Rioja,1993,234994,86950,148044,0.3700094470497119,0.629990552950288,0.514737,0.120253,0.3534362344437025,0.0,988.4761480664382,9.882533828101131
220801,San Martin,Rioja,1994,234994,83044,151950,0.3533877460701124,0.6466122539298875,0.547882,0.120253,0.3534362344437025,0.0,988.4761480664382,9.882533828101131
220801,San Martin,Rioja,1995,234994,80103,154891,0.340872532915734,0.659127467084266,0.577798,0.120253,0.3534362344437025,0.0,988.4761480664382,9.882533828101131
220801,San Martin,Rioja,1996,234994,80766,154228,0.3436938815459118,0.6563061184540881,0.581615,0.120253,0.3534362344437025,0.0,988.4761480664382,9.882533828101131
220801,San Martin,Rioja,1997,234994,77773,157221,0.3309573861460292,0.6690426138539708,0.584189,0.120253,0.3534362344437025,0.0,988.4761480664382,9.882533828101131
220801,San Martin,Rioja,1998,234994,75021,159973,0.3192464488455024,0.6807535511544975,0.594739,0.120253,0.3534362344437025,0.0,988.4761480664382,9.882533828101131
220801,San Martin,Rioja,1999,234994,74670,160324,0.3177527936883494,0.6822472063116505,0.603692,0.120253,0.3534362344437025,0.0,988.4761480664382,9.882533828101131
220801,San Martin,Rioja,2000,234994,72670,162324,0.3092419380920364,0.6907580619079636,0.614262,0.120253,0.3534362344437025,0.0,988.4761480664382,9.882533828101131
220801,San Martin,Rioja,2001,234994,72523,162471,0.3086163902057073,0.6913836097942926,0.61296,0.120253,0.3534362344437025,0.0,988.4761480664382,9.882533828101131
220801,San Martin,Rioja,2002,234994,73341,161653,0.3120973301445994,0.6879026698554006,0.608692,0.120253,0.3534362344437025,0.0,988.4761480664382,9.882533828101131
220801,San Martin,Rioja,2003,234994,72436,162558,0.3082461679872678,0.6917538320127322,0.606645,0.120253,0.3534362344437025,0.0,988.4761480664382,9.882533828101131
220801,San Martin,Rioja,2004,234994,72492,162502,0.3084844719439645,0.6915155280560354,0.612207,0.120253,0.3534362344437025,0.0,988.4761480664382,9.882533828101131
220801,San Martin,Rioja,2005,234994,72477,162517,0.3084206405269922,0.6915793594730079,0.622156,0.120253,0.3534362344437025,0.0,988.4761480664382,9.882533828101131
220801,San Martin,Rioja,2006,234994,71217,163777,0.3030588015013149,0.6969411984986851,0.63031,0.120253,0.3534362344437025,0.0,988.4761480664382,9.882533828101131
220801,San Martin,Rioja,2007,234994,71496,163498,0.3042460658570006,0.6957539341429994,0.624803,0.120253,0.3534362344437025,0.0,988.4761480664382,9.882533828101131
220801,San Martin,Rioja,2008,234994,71385,163609,0.3037737133714052,0.6962262866285948,0.613501,0.120253,0.3534362344437025,0.0,988.4761480664382,9.882533828101131
220801,San Martin,Rioja,2009,234994,71860,163134,0.3057950415755296,0.6942049584244704,0.605794,0.120253,0.3534362344437025,0.0,988.4761480664382,9.882533828101131
220801,San Martin,Rioja,2010,234994,71292,163702,0.3033779585861766,0.6966220414138233,0.609343,0.120253,0.3534362344437025,0.0,988.4761480664382,9.882533828101131
220801,San Martin,Rioja,2011,234994,70284,164710,0.2990884873656348,0.7009115126343651,0.607526,0.120253,0.3534362344437025,0.0,988.4761480664382,9.882533828101131
220801,San Martin,Rioja,2012,234994,68960,166034,0.2934543009608756,0.7065456990391245,0.614777,0.120253,0.3534362344437025,0.0,988.4761480664382,9.882533828101131
220801,San Martin,Rioja,2013,234994,68434,166560,0.2912159459390452,0.7087840540609548,0.624965,0.120253,0.3534362344437025,0.0,988.4761480664382,9.882533828101131
220801,San Martin,Rioja,2014,234994,69576,165418,0.29607564448454,0.70392435551546,0.624237,0.120253,0.3534362344437025,0.0,988.4761480664382,9.882533828101131
220801,San Martin,Rioja,2015,234994,70650,164344,0.3006459739397601,0.6993540260602399,0.616416,0.120253,0.3534362344437025,0.0,988.4761480664382,9.882533828101131
220801,San Martin,Rioja,2016,234994,70411,164583,0.2996289266960008,0.7003710733039993,0.606952,0.120253,0.3534362344437025,0.0,988.4761480664382,9.882533828101131
220801,San Martin,Rioja,2017,234994,70173,164821,0.2986161348800394,0.7013838651199605,0.605058,0.120253,0.3534362344437025,0.0,988.4761480664382,9.882533828101131
220801,San Martin,Rioja,2018,234994,70494,164500,0.2999821272032477,0.7000178727967522,0.610705,0.120253,0.3534362344437025,0.0,988.4761480664382,9.882533828101131
220801,San Martin,Rioja,2019,234994,70773,164221,0.3011693915589334,0.6988306084410666,0.616646,0.120253,0.3534362344437025,0.0,988.4761480664382,9.882533828101131
220801,San Martin,Rioja,2020,234994,71945,163049,0.3061567529383729,0.6938432470616271,0.606403,0.120253,0.3534362344437025,0.0,988.4761480664382,9.882533828101131
220801,San Martin,Rioja,2021,234994,73050,161944,0.3108590006553359,0.6891409993446641,0.600973,0.120253,0.3534362344437025,0.0,988.4761480664382,9.882533828101131
220801,San Martin,Rioja,2022,234994,73568,161426,0.3130633122547809,0.686936687745219,0.578759,0.120253,0.3534362344437025,0.0,988.4761480664382,9.882533828101131
220801,San Martin,Rioja,2023,234994,70692,164302,0.3008247019072827,0.6991752980927173,0.595747,0.120253,0.3534362344437025,0.0,988.4761480664382,9.882533828101131
220801,San Martin,Rioja,2024,234994,68054,166940,0.2895988833757457,0.7104011166242542,0.598858,0.120253,0.3534362344437025,0.0,988.4761480664382,9.882533828101131
220903,San Martin,Cacatachi,1985,59042,16305,42737,0.2761593441956573,0.7238406558043426,0.62442,0.0,0.6570503240238629,0.0,379.0114857688084,6.097718227319938
220903,San Martin,Cacatachi,1986,59042,16305,42737,0.2761593441956573,0.7238406558043426,0.624403,0.0,0.6570503240238629,0.0,379.0114857688084,6.097718227319938
220903,San Martin,Cacatachi,1987,59042,11009,48033,0.1864604857559025,0.8135395142440974,0.729701,0.0,0.6570503240238629,0.0,379.0114857688084,6.097718227319938
220903,San Martin,Cacatachi,1988,59042,6660,52382,0.1128010568747671,0.8871989431252328,0.79977,0.0,0.6570503240238629,0.0,379.0114857688084,6.097718227319938
220903,San Martin,Cacatachi,1989,59042,6521,52521,0.110446800582636,0.8895531994173639,0.792656,0.0,0.6570503240238629,0.0,379.0114857688084,6.097718227319938
220903,San Martin,Cacatachi,1990,59042,6139,52903,0.1039768300531824,0.8960231699468175,0.768317,0.0,0.6570503240238629,0.0,379.0114857688084,6.097718227319938
220903,San Martin,Cacatachi,1991,59042,5980,53062,0.1012838318485146,0.8987161681514854,0.779919,0.0,0.6570503240238629,0.0,379.0114857688084,6.097718227319938
220903,San Martin,Cacatachi,1992,59042,6430,52612,0.1089055248805934,0.8910944751194065,0.789336,0.0,0.6570503240238629,0.0,379.0114857688084,6.097718227319938
220903,San Martin,Cacatachi,1993,59042,7640,51402,0.1293994105890721,0.8706005894109278,0.778615,0.0,0.6570503240238629,0.0,379.0114857688084,6.097718227319938
220903,San Martin,Cacatachi,1994,59042,7664,51378,0.1298059008841164,0.8701940991158836,0.770265,0.0,0.6570503240238629,0.0,379.0114857688084,6.097718227319938
220903,San Martin,Cacatachi,1995,59042,6710,52332,0.1136479116561092,0.8863520883438908,0.794841,0.0,0.6570503240238629,0.0,379.0114857688084,6.097718227319938
220903,San Martin,Cacatachi,1996,59042,6326,52716,0.1071440669354019,0.8928559330645981,0.817757,0.0,0.6570503240238629,0.0,379.0114857688084,6.097718227319938
220903,San Martin,Cacatachi,1997,59042,6047,52995,0.102418617255513,0.897581382744487,0.809458,0.0,0.6570503240238629,0.0,379.0114857688084,6.097718227319938
220903,San Martin,Cacatachi,1998,59042,5246,53796,0.0888520036584126,0.9111479963415874,0.821077,0.0,0.6570503240238629,0.0,379.0114857688084,6.097718227319938
220903,San Martin,Cacatachi,1999,59042,4916,54126,0.0832627621015548,0.9167372378984452,0.772332,0.0,0.6570503240238629,0.0,379.0114857688084,6.097718227319938
220903,San Martin,Cacatachi,2000,59042,4956,54086,0.0839402459266285,0.9160597540733716,0.74298,0.0,0.6570503240238629,0.0,379.0114857688084,6.097718227319938
220903,San Martin,Cacatachi,2001,59042,6110,52932,0.103485654280004,0.8965143457199959,0.718946,0.0,0.6570503240238629,0.0,379.0114857688084,6.097718227319938
220903,San Martin,Cacatachi,2002,59042,6179,52863,0.1046543138782561,0.8953456861217438,0.740337,0.0,0.6570503240238629,0.0,379.0114857688084,6.097718227319938
220903,San Martin,Cacatachi,2003,59042,6347,52695,0.1074997459435656,0.8925002540564344,0.770807,0.0,0.6570503240238629,0.0,379.0114857688084,6.097718227319938
220903,San Martin,Cacatachi,2004,59042,6992,52050,0.1184241726228786,0.8815758273771214,0.745825,0.0,0.6570503240238629,0.0,379.0114857688084,6.097718227319938
220903,San Martin,Cacatachi,2005,59042,7116,51926,0.120524372480607,0.879475627519393,0.745842,0.0,0.6570503240238629,0.0,379.0114857688084,6.097718227319938
220903,San Martin,Cacatachi,2006,59042,6955,52087,0.1177975000846854,0.8822024999153145,0.787981,0.0,0.6570503240238629,0.0,379.0114857688084,6.097718227319938
220903,San Martin,Cacatachi,2007,59042,6875,52167,0.1164425324345381,0.8835574675654618,0.789811,0.0,0.6570503240238629,0.0,379.0114857688084,6.097718227319938
220903,San Martin,Cacatachi,2008,59042,6767,52275,0.1146133261068392,0.8853866738931608,0.759121,0.0,0.6570503240238629,0.0,379.0114857688084,6.097718227319938
220903,San Martin,Cacatachi,2009,59042,6637,52405,0.1124115036753497,0.8875884963246502,0.81376,0.0,0.6570503240238629,0.0,379.0114857688084,6.097718227319938
220903,San Martin,Cacatachi,2010,59042,6762,52280,0.1145286406287049,0.8854713593712951,0.788286,0.0,0.6570503240238629,0.0,379.0114857688084,6.097718227319938
220903,San Martin,Cacatachi,2011,59042,7035,52007,0.1191524677348328,0.8808475322651672,0.739626,0.0,0.6570503240238629,0.0,379.0114857688084,6.097718227319938
220903,San Martin,Cacatachi,2012,59042,7243,51799,0.1226753836252159,0.8773246163747841,0.77621,0.0,0.6570503240238629,0.0,379.0114857688084,6.097718227319938
220903,San Martin,Cacatachi,2013,59042,7516,51526,0.1272992107313438,0.8727007892686562,0.787863,0.0,0.6570503240238629,0.0,379.0114857688084,6.097718227319938
220903,San Martin,Cacatachi,2014,59042,7553,51489,0.1279258832695369,0.8720741167304631,0.78268,0.0,0.6570503240238629,0.0,379.0114857688084,6.097718227319938
220903,San Martin,Cacatachi,2015,59042,7647,51395,0.12951797025846,0.8704820297415399,0.77748,0.0,0.6570503240238629,0.0,379.0114857688084,6.097718227319938
220903,San Martin,Cacatachi,2016,59042,9667,49375,0.1637309034246807,0.8362690965753192,0.73927,0.0,0.6570503240238629,0.0,379.0114857688084,6.097718227319938
220903,San Martin,Cacatachi,2017,59042,10402,48640,0.1761796687104095,0.8238203312895904,0.712882,0.0,0.6570503240238629,0.0,379.0114857688084,6.097718227319938
220903,San Martin,Cacatachi,2018,59042,10108,48934,0.171200162596118,0.828799837403882,0.739795,0.0,0.6570503240238629,0.0,379.0114857688084,6.097718227319938
220903,San Martin,Cacatachi,2019,59042,10036,49006,0.1699806917109854,0.8300193082890146,0.701772,0.0,0.6570503240238629,0.0,379.0114857688084,6.097718227319938
220903,San Martin,Cacatachi,2020,59042,9663,49379,0.1636631550421733,0.8363368449578267,0.732258,0.0,0.6570503240238629,0.0,379.0114857688084,6.097718227319938
220903,San Martin,Cacatachi,2021,59042,8656,50386,0.1466074997459435,0.8533925002540564,0.759171,0.0,0.6570503240238629,0.0,379.0114857688084,6.097718227319938
220903,San Martin,Cacatachi,2022,59042,7607,51435,0.1288404864333864,0.8711595135666136,0.766573,0.0,0.6570503240238629,0.0,379.0114857688084,6.097718227319938
220903,San Martin,Cacatachi,2023,59042,7255,51787,0.122878628772738,0.877121371227262,0.781613,0.0,0.6570503240238629,0.0,379.0114857688084,6.097718227319938
220903,San Martin,Cacatachi,2024,59042,6296,52746,0.1066359540665966,0.8933640459334034,0.792724,0.0,0.6570503240238629,0.0,379.0114857688084,6.097718227319938
250303,Ucayali,Curimana,1985,2124247,2044840,79407,0.9626187538454803,0.0373812461545196,0.021103,0.0,0.0593633754762703,0.061196555176312,252.79056150913425,7.428274235888242
250303,Ucayali,Curimana,1986,2124247,2042837,81410,0.9616758314828736,0.0383241685171263,0.02335,0.0,0.0593633754762703,0.061196555176312,252.79056150913425,7.428274235888242
250303,Ucayali,Curimana,1987,2124247,2041222,83025,0.9609155620791744,0.0390844379208255,0.023325,0.0,0.0593633754762703,0.061196555176312,252.79056150913425,7.428274235888242
250303,Ucayali,Curimana,1988,2124247,2035037,89210,0.958003942102778,0.0419960578972219,0.025631,0.0,0.0593633754762703,0.061196555176312,252.79056150913425,7.428274235888242
250303,Ucayali,Curimana,1989,2124247,2034614,89633,0.9578048127171652,0.0421951872828348,0.026797,0.0,0.0593633754762703,0.061196555176312,252.79056150913425,7.428274235888242
250303,Ucayali,Curimana,1990,2124247,2037786,86461,0.9592980477317374,0.0407019522682625,0.026463,0.0,0.0593633754762703,0.061196555176312,252.79056150913425,7.428274235888242
250303,Ucayali,Curimana,1991,2124247,2035820,88427,0.9583725433059338,0.0416274566940661,0.026985,0.0,0.0593633754762703,0.061196555176312,252.79056150913425,7.428274235888242
250303,Ucayali,Curimana,1992,2124247,2035265,88982,0.9581112742538884,0.0418887257461114,0.026973,0.0,0.0593633754762703,0.061196555176312,252.79056150913425,7.428274235888242
250303,Ucayali,Curimana,1993,2124247,2024532,99715,0.9530586603158672,0.0469413396841327,0.030905,0.0,0.0593633754762703,0.061196555176312,252.79056150913425,7.428274235888242
250303,Ucayali,Curimana,1994,2124247,2024648,99599,0.95311326790152,0.04688673209848,0.031865,0.0,0.0593633754762703,0.061196555176312,252.79056150913425,7.428274235888242
250303,Ucayali,Curimana,1995,2124247,2016494,107753,0.9492747312341738,0.0507252687658262,0.034802,0.0,0.0593633754762703,0.061196555176312,252.79056150913425,7.428274235888242
250303,Ucayali,Curimana,1996,2124247,2002203,122044,0.9425471708327704,0.0574528291672296,0.039698,0.0,0.0593633754762703,0.061196555176312,252.79056150913425,7.428274235888242
250303,Ucayali,Curimana,1997,2124247,1994621,129626,0.938977906053298,0.061022093946702,0.044488,0.0,0.0593633754762703,0.061196555176312,252.79056150913425,7.428274235888242
250303,Ucayali,Curimana,1998,2124247,1989003,135244,0.9363332041895316,0.0636667958104683,0.048267,0.0,0.0593633754762703,0.061196555176312,252.79056150913425,7.428274235888242
250303,Ucayali,Curimana,1999,2124247,1984249,139998,0.9340952346878684,0.0659047653121317,0.050467,0.0,0.0593633754762703,0.061196555176312,252.79056150913425,7.428274235888242
250303,Ucayali,Curimana,2000,2124247,1982560,141687,0.933300129410563,0.0666998705894371,0.051935,0.0,0.0593633754762703,0.061196555176312,252.79056150913425,7.428274235888242
250303,Ucayali,Curimana,2001,2124247,1973270,150977,0.9289268150078592,0.0710731849921407,0.055955,0.0,0.0593633754762703,0.061196555176312,252.79056150913425,7.428274235888242
250303,Ucayali,Curimana,2002,2124247,1965955,158292,0.9254832418263976,0.0745167581736022,0.05852,0.0,0.0593633754762703,0.061196555176312,252.79056150913425,7.428274235888242
250303,Ucayali,Curimana,2003,2124247,1954429,169818,0.9200573191347334,0.0799426808652666,0.062778,0.0,0.0593633754762703,0.061196555176312,252.79056150913425,7.428274235888242
250303,Ucayali,Curimana,2004,2124247,1952750,171497,0.9192669214079152,0.0807330785920846,0.065219,0.0,0.0593633754762703,0.061196555176312,252.79056150913425,7.428274235888242
250303,Ucayali,Curimana,2005,2124247,1954695,169552,0.9201825399776956,0.0798174600223043,0.065105,0.0,0.0593633754762703,0.061196555176312,252.79056150913425,7.428274235888242
250303,Ucayali,Curimana,2006,2124247,1953354,170893,0.9195512574573484,0.0804487425426515,0.065607,0.0,0.0593633754762703,0.061196555176312,252.79056150913425,7.428274235888242
250303,Ucayali,Curimana,2007,2124247,1944247,180000,0.9152640912285624,0.0847359087714375,0.069505,0.0,0.0593633754762703,0.061196555176312,252.79056150913425,7.428274235888242
250303,Ucayali,Curimana,2008,2124247,1936662,187585,0.9116934141839438,0.0883065858160562,0.073162,0.0,0.0593633754762703,0.061196555176312,252.79056150913425,7.428274235888242
250303,Ucayali,Curimana,2009,2124247,1910009,214238,0.8991463798701375,0.1008536201298624,0.08565,0.0,0.0593633754762703,0.061196555176312,252.79056150913425,7.428274235888242
250303,Ucayali,Curimana,2010,2124247,1882946,241301,0.8864063359863519,0.1135936640136481,0.098359,0.0,0.0593633754762703,0.061196555176312,252.79056150913425,7.428274235888242
250303,Ucayali,Curimana,2011,2124247,1874740,249507,0.8825433200564717,0.1174566799435282,0.101239,0.0,0.0593633754762703,0.061196555176312,252.79056150913425,7.428274235888242
250303,Ucayali,Curimana,2012,2124247,1859896,264351,0.8755554321131206,0.1244445678868794,0.108393,0.0,0.0593633754762703,0.061196555176312,252.79056150913425,7.428274235888242
250303,Ucayali,Curimana,2013,2124247,1796070,328177,0.8455090203728662,0.1544909796271337,0.133881,0.0,0.0593633754762703,0.061196555176312,252.79056150913425,7.428274235888242
250303,Ucayali,Curimana,2014,2124247,1765265,358982,0.8310074110967322,0.1689925889032678,0.151809,0.0,0.0593633754762703,0.061196555176312,252.79056150913425,7.428274235888242
250303,Ucayali,Curimana,2015,2124247,1729746,394501,0.8142866625208839,0.1857133374791161,0.168269,0.0,0.0593633754762703,0.061196555176312,252.79056150913425,7.428274235888242
250303,Ucayali,Curimana,2016,2124247,1709345,414902,0.8046827887717389,0.1953172112282611,0.17865,0.0,0.0593633754762703,0.061196555176312,252.79056150913425,7.428274235888242
250303,Ucayali,Curimana,2017,2124247,1674760,449487,0.7884017254114046,0.2115982745885954,0.193821,0.0,0.0593633754762703,0.061196555176312,252.79056150913425,7.428274235888242
250303,Ucayali,Curimana,2018,2124247,1668083,456164,0.785258493951033,0.214741506048967,0.198479,0.0,0.0593633754762703,0.061196555176312,252.79056150913425,7.428274235888242
250303,Ucayali,Curimana,2019,2124247,1633288,490959,0.7688785720304654,0.2311214279695346,0.214468,0.0,0.0593633754762703,0.061196555176312,252.79056150913425,7.428274235888242
250303,Ucayali,Curimana,2020,2124247,1598067,526180,0.7522981084591387,0.2477018915408613,0.230836,0.0,0.0593633754762703,0.061196555176312,252.79056150913425,7.428274235888242
250303,Ucayali,Curimana,2021,2124247,1531288,592959,0.7208615570599841,0.2791384429400159,0.261841,0.0,0.0593633754762703,0.061196555176312,252.79056150913425,7.428274235888242
250303,Ucayali,Curimana,2022,2124247,1462267,661980,0.6883695728415763,0.3116304271584236,0.287511,0.0,0.0593633754762703,0.061196555176312,252.79056150913425,7.428274235888242
250303,Ucayali,Curimana,2023,2124247,1438559,685688,0.6772089121462805,0.3227910878537194,0.30097,0.0,0.0593633754762703,0.061196555176312,252.79056150913425,7.428274235888242
250303,Ucayali,Curimana,2024,2124247,1390051,734196,0.6543735262424756,0.3456264737575244,0.328473,0.0,0.0593633754762703,0.061196555176312,252.79056150913425,7.428274235888242
