geocode,departamento,distrito,anio,pct_agropecuario,pct_anp,densidad_carreteras_km_km2,densidad_rios_km_km2,elev_media_m,pendiente_media_deg
010101,Amazonas,Chachapoyas,1985,0.156057,0.0,0.7339235973235415,0.0555850285292218,2429.969330373659,20.772515585004104
010101,Amazonas,Chachapoyas,1986,0.155726,0.0,0.7339235973235415,0.0555850285292218,2429.969330373659,20.772515585004104
010101,Amazonas,Chachapoyas,1987,0.212158,0.0,0.7339235973235415,0.0555850285292218,2429.969330373659,20.772515585004104
010101,Amazonas,Chachapoyas,1988,0.238651,0.0,0.7339235973235415,0.0555850285292218,2429.969330373659,20.772515585004104
010101,Amazonas,Chachapoyas,1989,0.240926,0.0,0.7339235973235415,0.0555850285292218,2429.969330373659,20.772515585004104
010101,Amazonas,Chachapoyas,1990,0.240119,0.0,0.7339235973235415,0.0555850285292218,2429.969330373659,20.772515585004104
010101,Amazonas,Chachapoyas,1991,0.234047,0.0,0.7339235973235415,0.0555850285292218,2429.969330373659,20.772515585004104
010101,Amazonas,Chachapoyas,1992,0.197444,0.0,0.7339235973235415,0.0555850285292218,2429.969330373659,20.772515585004104
010101,Amazonas,Chachapoyas,1993,0.173865,0.0,0.7339235973235415,0.0555850285292218,2429.969330373659,20.772515585004104
010101,Amazonas,Chachapoyas,1994,0.183646,0.0,0.7339235973235415,0.0555850285292218,2429.969330373659,20.772515585004104
010101,Amazonas,Chachapoyas,1995,0.211682,0.0,0.7339235973235415,0.0555850285292218,2429.969330373659,20.772515585004104
010101,Amazonas,Chachapoyas,1996,0.220447,0.0,0.7339235973235415,0.0555850285292218,2429.969330373659,20.772515585004104
010101,Amazonas,Chachapoyas,1997,0.237083,0.0,0.7339235973235415,0.0555850285292218,2429.969330373659,20.772515585004104
010101,Amazonas,Chachapoyas,1998,0.251235,0.0,0.7339235973235415,0.0555850285292218,2429.969330373659,20.772515585004104
010101,Amazonas,Chachapoyas,1999,0.256482,0.0,0.7339235973235415,0.0555850285292218,2429.969330373659,20.772515585004104
010101,Amazonas,Chachapoyas,2000,0.250631,0.0,0.7339235973235415,0.0555850285292218,2429.969330373659,20.772515585004104
010101,Amazonas,Chachapoyas,2001,0.254654,0.0,0.7339235973235415,0.0555850285292218,2429.969330373659,20.772515585004104
010101,Amazonas,Chachapoyas,2002,0.254549,0.0,0.7339235973235415,0.0555850285292218,2429.969330373659,20.772515585004104
010101,Amazonas,Chachapoyas,2003,0.252123,0.0,0.7339235973235415,0.0555850285292218,2429.969330373659,20.772515585004104
010101,Amazonas,Chachapoyas,2004,0.263773,0.0,0.7339235973235415,0.0555850285292218,2429.969330373659,20.772515585004104
010101,Amazonas,Chachapoyas,2005,0.264411,0.0,0.7339235973235415,0.0555850285292218,2429.969330373659,20.772515585004104
010101,Amazonas,Chachapoyas,2006,0.261439,0.0,0.7339235973235415,0.0555850285292218,2429.969330373659,20.772515585004104
010101,Amazonas,Chachapoyas,2007,0.248391,0.0233,0.7339235973235415,0.0555850285292218,2429.969330373659,20.772515585004104
010101,Amazonas,Chachapoyas,2008,0.252198,0.0233,0.7339235973235415,0.0555850285292218,2429.969330373659,20.772515585004104
010101,Amazonas,Chachapoyas,2009,0.250887,0.0233,0.7339235973235415,0.0555850285292218,2429.969330373659,20.772515585004104
010101,Amazonas,Chachapoyas,2010,0.253696,0.04193,0.7339235973235415,0.0555850285292218,2429.969330373659,20.772515585004104
010101,Amazonas,Chachapoyas,2011,0.250039,0.04193,0.7339235973235415,0.0555850285292218,2429.969330373659,20.772515585004104
010101,Amazonas,Chachapoyas,2012,0.246313,0.04193,0.7339235973235415,0.0555850285292218,2429.969330373659,20.772515585004104
010101,Amazonas,Chachapoyas,2013,0.242824,0.04193,0.7339235973235415,0.0555850285292218,2429.969330373659,20.772515585004104
010101,Amazonas,Chachapoyas,2014,0.22952,0.04193,0.7339235973235415,0.0555850285292218,2429.969330373659,20.772515585004104
010101,Amazonas,Chachapoyas,2015,0.218427,0.04193,0.7339235973235415,0.0555850285292218,2429.969330373659,20.772515585004104
010101,Amazonas,Chachapoyas,2016,0.20968,0.04193,0.7339235973235415,0.0555850285292218,2429.969330373659,20.772515585004104
010101,Amazonas,Chachapoyas,2017,0.218462,0.04193,0.7339235973235415,0.0555850285292218,2429.969330373659,20.772515585004104
010101,Amazonas,Chachapoyas,2018,0.221196,0.04193,0.7339235973235415,0.0555850285292218,2429.969330373659,20.772515585004104
010101,Amazonas,Chachapoyas,2019,0.227094,0.04193,0.7339235973235415,0.0555850285292218,2429.969330373659,20.772515585004104
010101,Amazonas,Chachapoyas,2020,0.227024,0.04193,0.7339235973235415,0.0555850285292218,2429.969330373659,20.772515585004104
010101,Amazonas,Chachapoyas,2021,0.222711,0.04193,0.7339235973235415,0.0555850285292218,2429.969330373659,20.772515585004104
010101,Amazonas,Chachapoyas,2022,0.250446,0.04193,0.7339235973235415,0.0555850285292218,2429.969330373659,20.772515585004104
010101,Amazonas,Chachapoyas,2023,0.251264,0.04193,0.7339235973235415,0.0555850285292218,2429.969330373659,20.772515585004104
010101,Amazonas,Chachapoyas,2024,0.252233,0.04193,0.7339235973235415,0.0555850285292218,2429.969330373659,20.772515585004104
010102,Amazonas,Asuncion,1985,0.340562,0.0,0.4664911918996486,0.0,2836.789017184366,19.70264779484972
010102,Amazonas,Asuncion,1986,0.340562,0.0,0.4664911918996486,0.0,2836.789017184366,19.70264779484972
010102,Amazonas,Asuncion,1987,0.383145,0.0,0.4664911918996486,0.0,2836.789017184366,19.70264779484972
010102,Amazonas,Asuncion,1988,0.395698,0.0,0.4664911918996486,0.0,2836.789017184366,19.70264779484972
010102,Amazonas,Asuncion,1989,0.411951,0.0,0.4664911918996486,0.0,2836.789017184366,19.70264779484972
010102,Amazonas,Asuncion,1990,0.410752,0.0,0.4664911918996486,0.0,2836.789017184366,19.70264779484972
010102,Amazonas,Asuncion,1991,0.412487,0.0,0.4664911918996486,0.0,2836.789017184366,19.70264779484972
010102,Amazonas,Asuncion,1992,0.404679,0.0,0.4664911918996486,0.0,2836.789017184366,19.70264779484972
010102,Amazonas,Asuncion,1993,0.433459,0.0,0.4664911918996486,0.0,2836.789017184366,19.70264779484972
010102,Amazonas,Asuncion,1994,0.453768,0.0,0.4664911918996486,0.0,2836.789017184366,19.70264779484972
010102,Amazonas,Asuncion,1995,0.436597,0.0,0.4664911918996486,0.0,2836.789017184366,19.70264779484972
010102,Amazonas,Asuncion,1996,0.438562,0.0,0.4664911918996486,0.0,2836.789017184366,19.70264779484972
010102,Amazonas,Asuncion,1997,0.442619,0.0,0.4664911918996486,0.0,2836.789017184366,19.70264779484972
010102,Amazonas,Asuncion,1998,0.412231,0.0,0.4664911918996486,0.0,2836.789017184366,19.70264779484972
010102,Amazonas,Asuncion,1999,0.410394,0.0,0.4664911918996486,0.0,2836.789017184366,19.70264779484972
010102,Amazonas,Asuncion,2000,0.390162,0.0,0.4664911918996486,0.0,2836.789017184366,19.70264779484972
010102,Amazonas,Asuncion,2001,0.381972,0.0,0.4664911918996486,0.0,2836.789017184366,19.70264779484972
010102,Amazonas,Asuncion,2002,0.381844,0.0,0.4664911918996486,0.0,2836.789017184366,19.70264779484972
010102,Amazonas,Asuncion,2003,0.383426,0.0,0.4664911918996486,0.0,2836.789017184366,19.70264779484972
010102,Amazonas,Asuncion,2004,0.387661,0.0,0.4664911918996486,0.0,2836.789017184366,19.70264779484972
010102,Amazonas,Asuncion,2005,0.408073,0.0,0.4664911918996486,0.0,2836.789017184366,19.70264779484972
010102,Amazonas,Asuncion,2006,0.428509,0.0,0.4664911918996486,0.0,2836.789017184366,19.70264779484972
010102,Amazonas,Asuncion,2007,0.434276,0.0,0.4664911918996486,0.0,2836.789017184366,19.70264779484972
010102,Amazonas,Asuncion,2008,0.436751,0.0,0.4664911918996486,0.0,2836.789017184366,19.70264779484972
010102,Amazonas,Asuncion,2009,0.438894,0.0,0.4664911918996486,0.0,2836.789017184366,19.70264779484972
010102,Amazonas,Asuncion,2010,0.440399,0.0,0.4664911918996486,0.0,2836.789017184366,19.70264779484972
010102,Amazonas,Asuncion,2011,0.418967,0.0,0.4664911918996486,0.0,2836.789017184366,19.70264779484972
010102,Amazonas,Asuncion,2012,0.408966,0.0,0.4664911918996486,0.0,2836.789017184366,19.70264779484972
010102,Amazonas,Asuncion,2013,0.396285,0.0,0.4664911918996486,0.0,2836.789017184366,19.70264779484972
010102,Amazonas,Asuncion,2014,0.391488,0.0,0.4664911918996486,0.0,2836.789017184366,19.70264779484972
010102,Amazonas,Asuncion,2015,0.38016,0.0,0.4664911918996486,0.0,2836.789017184366,19.70264779484972
010102,Amazonas,Asuncion,2016,0.384523,0.0,0.4664911918996486,0.0,2836.789017184366,19.70264779484972
010102,Amazonas,Asuncion,2017,0.373909,0.0,0.4664911918996486,0.0,2836.789017184366,19.70264779484972
010102,Amazonas,Asuncion,2018,0.361867,0.0,0.4664911918996486,0.0,2836.789017184366,19.70264779484972
010102,Amazonas,Asuncion,2019,0.36003,0.0,0.4664911918996486,0.0,2836.789017184366,19.70264779484972
010102,Amazonas,Asuncion,2020,0.359698,0.0,0.4664911918996486,0.0,2836.789017184366,19.70264779484972
010102,Amazonas,Asuncion,2021,0.350436,0.0,0.4664911918996486,0.0,2836.789017184366,19.70264779484972
010102,Amazonas,Asuncion,2022,0.35656,0.0,0.4664911918996486,0.0,2836.789017184366,19.70264779484972
010102,Amazonas,Asuncion,2023,0.362071,0.0,0.4664911918996486,0.0,2836.789017184366,19.70264779484972
010102,Amazonas,Asuncion,2024,0.362351,0.0,0.4664911918996486,0.0,2836.789017184366,19.70264779484972
010104,Amazonas,Cheto,1985,0.179813,0.0,0.2577682138686949,0.0,2534.2782859829404,20.28710278003924
010104,Amazonas,Cheto,1986,0.179813,0.0,0.2577682138686949,0.0,2534.2782859829404,20.28710278003924
010104,Amazonas,Cheto,1987,0.215839,0.0,0.2577682138686949,0.0,2534.2782859829404,20.28710278003924
010104,Amazonas,Cheto,1988,0.228231,0.0,0.2577682138686949,0.0,2534.2782859829404,20.28710278003924
010104,Amazonas,Cheto,1989,0.233441,0.0,0.2577682138686949,0.0,2534.2782859829404,20.28710278003924
010104,Amazonas,Cheto,1990,0.242407,0.0,0.2577682138686949,0.0,2534.2782859829404,20.28710278003924
010104,Amazonas,Cheto,1991,0.2473,0.0,0.2577682138686949,0.0,2534.2782859829404,20.28710278003924
010104,Amazonas,Cheto,1992,0.238525,0.0,0.2577682138686949,0.0,2534.2782859829404,20.28710278003924
010104,Amazonas,Cheto,1993,0.249298,0.0,0.2577682138686949,0.0,2534.2782859829404,20.28710278003924
010104,Amazonas,Cheto,1994,0.263284,0.0,0.2577682138686949,0.0,2534.2782859829404,20.28710278003924
010104,Amazonas,Cheto,1995,0.255861,0.0,0.2577682138686949,0.0,2534.2782859829404,20.28710278003924
010104,Amazonas,Cheto,1996,0.267545,0.0,0.2577682138686949,0.0,2534.2782859829404,20.28710278003924
010104,Amazonas,Cheto,1997,0.274348,0.0,0.2577682138686949,0.0,2534.2782859829404,20.28710278003924
010104,Amazonas,Cheto,1998,0.273703,0.0,0.2577682138686949,0.0,2534.2782859829404,20.28710278003924
010104,Amazonas,Cheto,1999,0.27364,0.0,0.2577682138686949,0.0,2534.2782859829404,20.28710278003924
010104,Amazonas,Cheto,2000,0.261981,0.0,0.2577682138686949,0.0,2534.2782859829404,20.28710278003924
010104,Amazonas,Cheto,2001,0.264675,0.0,0.2577682138686949,0.0,2534.2782859829404,20.28710278003924
010104,Amazonas,Cheto,2002,0.268949,0.0,0.2577682138686949,0.0,2534.2782859829404,20.28710278003924
010104,Amazonas,Cheto,2003,0.270365,0.0,0.2577682138686949,0.0,2534.2782859829404,20.28710278003924
010104,Amazonas,Cheto,2004,0.275334,0.0,0.2577682138686949,0.0,2534.2782859829404,20.28710278003924
010104,Amazonas,Cheto,2005,0.268961,0.0,0.2577682138686949,0.0,2534.2782859829404,20.28710278003924
010104,Amazonas,Cheto,2006,0.269973,0.0,0.2577682138686949,0.0,2534.2782859829404,20.28710278003924
010104,Amazonas,Cheto,2007,0.266268,0.0,0.2577682138686949,0.0,2534.2782859829404,20.28710278003924
010104,Amazonas,Cheto,2008,0.265244,0.0,0.2577682138686949,0.0,2534.2782859829404,20.28710278003924
010104,Amazonas,Cheto,2009,0.264763,0.0,0.2577682138686949,0.0,2534.2782859829404,20.28710278003924
010104,Amazonas,Cheto,2010,0.267381,0.0,0.2577682138686949,0.0,2534.2782859829404,20.28710278003924
010104,Amazonas,Cheto,2011,0.253775,0.0,0.2577682138686949,0.0,2534.2782859829404,20.28710278003924
010104,Amazonas,Cheto,2012,0.240497,0.0,0.2577682138686949,0.0,2534.2782859829404,20.28710278003924
010104,Amazonas,Cheto,2013,0.243519,0.0,0.2577682138686949,0.0,2534.2782859829404,20.28710278003924
010104,Amazonas,Cheto,2014,0.241382,0.0,0.2577682138686949,0.0,2534.2782859829404,20.28710278003924
010104,Amazonas,Cheto,2015,0.226094,0.0,0.2577682138686949,0.0,2534.2782859829404,20.28710278003924
010104,Amazonas,Cheto,2016,0.220758,0.0,0.2577682138686949,0.0,2534.2782859829404,20.28710278003924
010104,Amazonas,Cheto,2017,0.222099,0.0,0.2577682138686949,0.0,2534.2782859829404,20.28710278003924
010104,Amazonas,Cheto,2018,0.222693,0.0,0.2577682138686949,0.0,2534.2782859829404,20.28710278003924
010104,Amazonas,Cheto,2019,0.235705,0.0,0.2577682138686949,0.0,2534.2782859829404,20.28710278003924
010104,Amazonas,Cheto,2020,0.245454,0.0,0.2577682138686949,0.0,2534.2782859829404,20.28710278003924
010104,Amazonas,Cheto,2021,0.237349,0.0,0.2577682138686949,0.0,2534.2782859829404,20.28710278003924
010104,Amazonas,Cheto,2022,0.245593,0.0,0.2577682138686949,0.0,2534.2782859829404,20.28710278003924
010104,Amazonas,Cheto,2023,0.253585,0.0,0.2577682138686949,0.0,2534.2782859829404,20.28710278003924
010104,Amazonas,Cheto,2024,0.254369,0.0,0.2577682138686949,0.0,2534.2782859829404,20.28710278003924
010105,Amazonas,Chiliquin,1985,0.12571,0.0,0.1164654245931143,0.0,2657.6969260230467,22.62638518145629
010105,Amazonas,Chiliquin,1986,0.12571,0.0,0.1164654245931143,0.0,2657.6969260230467,22.62638518145629
010105,Amazonas,Chiliquin,1987,0.146622,0.0,0.1164654245931143,0.0,2657.6969260230467,22.62638518145629
010105,Amazonas,Chiliquin,1988,0.155615,0.0,0.1164654245931143,0.0,2657.6969260230467,22.62638518145629
010105,Amazonas,Chiliquin,1989,0.157443,0.0,0.1164654245931143,0.0,2657.6969260230467,22.62638518145629
010105,Amazonas,Chiliquin,1990,0.148525,0.0,0.1164654245931143,0.0,2657.6969260230467,22.62638518145629
010105,Amazonas,Chiliquin,1991,0.145775,0.0,0.1164654245931143,0.0,2657.6969260230467,22.62638518145629
010105,Amazonas,Chiliquin,1992,0.144877,0.0,0.1164654245931143,0.0,2657.6969260230467,22.62638518145629
010105,Amazonas,Chiliquin,1993,0.155483,0.0,0.1164654245931143,0.0,2657.6969260230467,22.62638518145629
010105,Amazonas,Chiliquin,1994,0.164306,0.0,0.1164654245931143,0.0,2657.6969260230467,22.62638518145629
010105,Amazonas,Chiliquin,1995,0.163999,0.0,0.1164654245931143,0.0,2657.6969260230467,22.62638518145629
010105,Amazonas,Chiliquin,1996,0.170316,0.0,0.1164654245931143,0.0,2657.6969260230467,22.62638518145629
010105,Amazonas,Chiliquin,1997,0.175516,0.0,0.1164654245931143,0.0,2657.6969260230467,22.62638518145629
010105,Amazonas,Chiliquin,1998,0.172037,0.0,0.1164654245931143,0.0,2657.6969260230467,22.62638518145629
010105,Amazonas,Chiliquin,1999,0.163986,0.0,0.1164654245931143,0.0,2657.6969260230467,22.62638518145629
010105,Amazonas,Chiliquin,2000,0.159301,0.0,0.1164654245931143,0.0,2657.6969260230467,22.62638518145629
010105,Amazonas,Chiliquin,2001,0.165839,0.0,0.1164654245931143,0.0,2657.6969260230467,22.62638518145629
010105,Amazonas,Chiliquin,2002,0.170988,0.0,0.1164654245931143,0.0,2657.6969260230467,22.62638518145629
010105,Amazonas,Chiliquin,2003,0.168558,0.0,0.1164654245931143,0.0,2657.6969260230467,22.62638518145629
010105,Amazonas,Chiliquin,2004,0.177111,0.0,0.1164654245931143,0.0,2657.6969260230467,22.62638518145629
010105,Amazonas,Chiliquin,2005,0.182813,0.0,0.1164654245931143,0.0,2657.6969260230467,22.62638518145629
010105,Amazonas,Chiliquin,2006,0.188811,0.0,0.1164654245931143,0.0,2657.6969260230467,22.62638518145629
010105,Amazonas,Chiliquin,2007,0.187699,0.0,0.1164654245931143,0.0,2657.6969260230467,22.62638518145629
010105,Amazonas,Chiliquin,2008,0.187975,0.0,0.1164654245931143,0.0,2657.6969260230467,22.62638518145629
010105,Amazonas,Chiliquin,2009,0.191385,0.0,0.1164654245931143,0.0,2657.6969260230467,22.62638518145629
010105,Amazonas,Chiliquin,2010,0.193765,0.0,0.1164654245931143,0.0,2657.6969260230467,22.62638518145629
010105,Amazonas,Chiliquin,2011,0.183309,0.0,0.1164654245931143,0.0,2657.6969260230467,22.62638518145629
010105,Amazonas,Chiliquin,2012,0.177306,0.0,0.1164654245931143,0.0,2657.6969260230467,22.62638518145629
010105,Amazonas,Chiliquin,2013,0.175949,0.0,0.1164654245931143,0.0,2657.6969260230467,22.62638518145629
010105,Amazonas,Chiliquin,2014,0.181664,0.0,0.1164654245931143,0.0,2657.6969260230467,22.62638518145629
010105,Amazonas,Chiliquin,2015,0.17318,0.0,0.1164654245931143,0.0,2657.6969260230467,22.62638518145629
010105,Amazonas,Chiliquin,2016,0.169952,0.0,0.1164654245931143,0.0,2657.6969260230467,22.62638518145629
010105,Amazonas,Chiliquin,2017,0.173029,0.0,0.1164654245931143,0.0,2657.6969260230467,22.62638518145629
010105,Amazonas,Chiliquin,2018,0.167591,0.0,0.1164654245931143,0.0,2657.6969260230467,22.62638518145629
010105,Amazonas,Chiliquin,2019,0.171553,0.0,0.1164654245931143,0.0,2657.6969260230467,22.62638518145629
010105,Amazonas,Chiliquin,2020,0.177055,0.0,0.1164654245931143,0.0,2657.6969260230467,22.62638518145629
010105,Amazonas,Chiliquin,2021,0.165726,0.0,0.1164654245931143,0.0,2657.6969260230467,22.62638518145629
010105,Amazonas,Chiliquin,2022,0.165832,0.0,0.1164654245931143,0.0,2657.6969260230467,22.62638518145629
010105,Amazonas,Chiliquin,2023,0.17014,0.0,0.1164654245931143,0.0,2657.6969260230467,22.62638518145629
010105,Amazonas,Chiliquin,2024,0.170235,0.0,0.1164654245931143,0.0,2657.6969260230467,22.62638518145629
010109,Amazonas,La Jalca,1985,0.15835,0.0,0.4989664801413659,0.0427706543893707,2920.608450103895,18.356353852320773
010109,Amazonas,La Jalca,1986,0.157282,0.0,0.4989664801413659,0.0427706543893707,2920.608450103895,18.356353852320773
010109,Amazonas,La Jalca,1987,0.250224,0.0,0.4989664801413659,0.0427706543893707,2920.608450103895,18.356353852320773
010109,Amazonas,La Jalca,1988,0.259875,0.0,0.4989664801413659,0.0427706543893707,2920.608450103895,18.356353852320773
010109,Amazonas,La Jalca,1989,0.26441,0.0,0.4989664801413659,0.0427706543893707,2920.608450103895,18.356353852320773
010109,Amazonas,La Jalca,1990,0.270894,0.0,0.4989664801413659,0.0427706543893707,2920.608450103895,18.356353852320773
010109,Amazonas,La Jalca,1991,0.284551,0.0,0.4989664801413659,0.0427706543893707,2920.608450103895,18.356353852320773
010109,Amazonas,La Jalca,1992,0.287545,0.0,0.4989664801413659,0.0427706543893707,2920.608450103895,18.356353852320773
010109,Amazonas,La Jalca,1993,0.280861,0.0,0.4989664801413659,0.0427706543893707,2920.608450103895,18.356353852320773
010109,Amazonas,La Jalca,1994,0.266488,0.0,0.4989664801413659,0.0427706543893707,2920.608450103895,18.356353852320773
010109,Amazonas,La Jalca,1995,0.250647,0.0,0.4989664801413659,0.0427706543893707,2920.608450103895,18.356353852320773
010109,Amazonas,La Jalca,1996,0.263522,0.0,0.4989664801413659,0.0427706543893707,2920.608450103895,18.356353852320773
010109,Amazonas,La Jalca,1997,0.260033,0.0,0.4989664801413659,0.0427706543893707,2920.608450103895,18.356353852320773
010109,Amazonas,La Jalca,1998,0.25928,0.0,0.4989664801413659,0.0427706543893707,2920.608450103895,18.356353852320773
010109,Amazonas,La Jalca,1999,0.251342,0.0,0.4989664801413659,0.0427706543893707,2920.608450103895,18.356353852320773
010109,Amazonas,La Jalca,2000,0.255318,0.0,0.4989664801413659,0.0427706543893707,2920.608450103895,18.356353852320773
010109,Amazonas,La Jalca,2001,0.266259,0.0,0.4989664801413659,0.0427706543893707,2920.608450103895,18.356353852320773
010109,Amazonas,La Jalca,2002,0.256464,0.0,0.4989664801413659,0.0427706543893707,2920.608450103895,18.356353852320773
010109,Amazonas,La Jalca,2003,0.260642,0.0,0.4989664801413659,0.0427706543893707,2920.608450103895,18.356353852320773
010109,Amazonas,La Jalca,2004,0.291321,0.0,0.4989664801413659,0.0427706543893707,2920.608450103895,18.356353852320773
010109,Amazonas,La Jalca,2005,0.280875,0.0,0.4989664801413659,0.0427706543893707,2920.608450103895,18.356353852320773
010109,Amazonas,La Jalca,2006,0.26585,0.0,0.4989664801413659,0.0427706543893707,2920.608450103895,18.356353852320773
010109,Amazonas,La Jalca,2007,0.264317,0.0,0.4989664801413659,0.0427706543893707,2920.608450103895,18.356353852320773
010109,Amazonas,La Jalca,2008,0.265012,0.0,0.4989664801413659,0.0427706543893707,2920.608450103895,18.356353852320773
010109,Amazonas,La Jalca,2009,0.267548,0.0,0.4989664801413659,0.0427706543893707,2920.608450103895,18.356353852320773
010109,Amazonas,La Jalca,2010,0.2635,0.0,0.4989664801413659,0.0427706543893707,2920.608450103895,18.356353852320773
010109,Amazonas,La Jalca,2011,0.250905,0.0,0.4989664801413659,0.0427706543893707,2920.608450103895,18.356353852320773
010109,Amazonas,La Jalca,2012,0.248397,0.0,0.4989664801413659,0.0427706543893707,2920.608450103895,18.356353852320773
010109,Amazonas,La Jalca,2013,0.271167,0.0,0.4989664801413659,0.0427706543893707,2920.608450103895,18.356353852320773
010109,Amazonas,La Jalca,2014,0.281491,0.0,0.4989664801413659,0.0427706543893707,2920.608450103895,18.356353852320773
010109,Amazonas,La Jalca,2015,0.287696,0.47102,0.4989664801413659,0.0427706543893707,2920.608450103895,18.356353852320773
010109,Amazonas,La Jalca,2016,0.269397,0.47102,0.4989664801413659,0.0427706543893707,2920.608450103895,18.356353852320773
010109,Amazonas,La Jalca,2017,0.262032,0.47102,0.4989664801413659,0.0427706543893707,2920.608450103895,18.356353852320773
010109,Amazonas,La Jalca,2018,0.268408,0.47102,0.4989664801413659,0.0427706543893707,2920.608450103895,18.356353852320773
010109,Amazonas,La Jalca,2019,0.285769,0.47102,0.4989664801413659,0.0427706543893707,2920.608450103895,18.356353852320773
010109,Amazonas,La Jalca,2020,0.292274,0.47102,0.4989664801413659,0.0427706543893707,2920.608450103895,18.356353852320773
010109,Amazonas,La Jalca,2021,0.280416,0.47102,0.4989664801413659,0.0427706543893707,2920.608450103895,18.356353852320773
010109,Amazonas,La Jalca,2022,0.290368,0.47102,0.4989664801413659,0.0427706543893707,2920.608450103895,18.356353852320773
010109,Amazonas,La Jalca,2023,0.295212,0.47102,0.4989664801413659,0.0427706543893707,2920.608450103895,18.356353852320773
010109,Amazonas,La Jalca,2024,0.298787,0.47102,0.4989664801413659,0.0427706543893707,2920.608450103895,18.356353852320773
010111,Amazonas,Levanto,1985,0.145053,0.0,0.3338989547673074,0.0802552263729723,2747.453361105851,20.463671463671464
010111,Amazonas,Levanto,1986,0.143343,0.0,0.3338989547673074,0.0802552263729723,2747.453361105851,20.463671463671464
010111,Amazonas,Levanto,1987,0.196367,0.0,0.3338989547673074,0.0802552263729723,2747.453361105851,20.463671463671464
010111,Amazonas,Levanto,1988,0.212786,0.0,0.3338989547673074,0.0802552263729723,2747.453361105851,20.463671463671464
010111,Amazonas,Levanto,1989,0.21199,0.0,0.3338989547673074,0.0802552263729723,2747.453361105851,20.463671463671464
010111,Amazonas,Levanto,1990,0.222303,0.0,0.3338989547673074,0.0802552263729723,2747.453361105851,20.463671463671464
010111,Amazonas,Levanto,1991,0.220889,0.0,0.3338989547673074,0.0802552263729723,2747.453361105851,20.463671463671464
010111,Amazonas,Levanto,1992,0.201642,0.0,0.3338989547673074,0.0802552263729723,2747.453361105851,20.463671463671464
010111,Amazonas,Levanto,1993,0.195511,0.0,0.3338989547673074,0.0802552263729723,2747.453361105851,20.463671463671464
010111,Amazonas,Levanto,1994,0.206347,0.0,0.3338989547673074,0.0802552263729723,2747.453361105851,20.463671463671464
010111,Amazonas,Levanto,1995,0.194347,0.0,0.3338989547673074,0.0802552263729723,2747.453361105851,20.463671463671464
010111,Amazonas,Levanto,1996,0.207963,0.0,0.3338989547673074,0.0802552263729723,2747.453361105851,20.463671463671464
010111,Amazonas,Levanto,1997,0.21976,0.0,0.3338989547673074,0.0802552263729723,2747.453361105851,20.463671463671464
010111,Amazonas,Levanto,1998,0.225166,0.0,0.3338989547673074,0.0802552263729723,2747.453361105851,20.463671463671464
010111,Amazonas,Levanto,1999,0.218608,0.0,0.3338989547673074,0.0802552263729723,2747.453361105851,20.463671463671464
010111,Amazonas,Levanto,2000,0.212715,0.0,0.3338989547673074,0.0802552263729723,2747.453361105851,20.463671463671464
010111,Amazonas,Levanto,2001,0.210172,0.0,0.3338989547673074,0.0802552263729723,2747.453361105851,20.463671463671464
010111,Amazonas,Levanto,2002,0.20687,0.0,0.3338989547673074,0.0802552263729723,2747.453361105851,20.463671463671464
010111,Amazonas,Levanto,2003,0.203163,0.0,0.3338989547673074,0.0802552263729723,2747.453361105851,20.463671463671464
010111,Amazonas,Levanto,2004,0.212275,0.0,0.3338989547673074,0.0802552263729723,2747.453361105851,20.463671463671464
010111,Amazonas,Levanto,2005,0.218418,0.0,0.3338989547673074,0.0802552263729723,2747.453361105851,20.463671463671464
010111,Amazonas,Levanto,2006,0.216006,0.0,0.3338989547673074,0.0802552263729723,2747.453361105851,20.463671463671464
010111,Amazonas,Levanto,2007,0.209067,0.0,0.3338989547673074,0.0802552263729723,2747.453361105851,20.463671463671464
010111,Amazonas,Levanto,2008,0.208877,0.0,0.3338989547673074,0.0802552263729723,2747.453361105851,20.463671463671464
010111,Amazonas,Levanto,2009,0.211871,0.0,0.3338989547673074,0.0802552263729723,2747.453361105851,20.463671463671464
010111,Amazonas,Levanto,2010,0.211764,0.402725,0.3338989547673074,0.0802552263729723,2747.453361105851,20.463671463671464
010111,Amazonas,Levanto,2011,0.196545,0.402725,0.3338989547673074,0.0802552263729723,2747.453361105851,20.463671463671464
010111,Amazonas,Levanto,2012,0.194478,0.402725,0.3338989547673074,0.0802552263729723,2747.453361105851,20.463671463671464
010111,Amazonas,Levanto,2013,0.201131,0.402725,0.3338989547673074,0.0802552263729723,2747.453361105851,20.463671463671464
010111,Amazonas,Levanto,2014,0.190201,0.402725,0.3338989547673074,0.0802552263729723,2747.453361105851,20.463671463671464
010111,Amazonas,Levanto,2015,0.188989,0.405317,0.3338989547673074,0.0802552263729723,2747.453361105851,20.463671463671464
010111,Amazonas,Levanto,2016,0.188323,0.405317,0.3338989547673074,0.0802552263729723,2747.453361105851,20.463671463671464
010111,Amazonas,Levanto,2017,0.207143,0.405317,0.3338989547673074,0.0802552263729723,2747.453361105851,20.463671463671464
010111,Amazonas,Levanto,2018,0.212584,0.405317,0.3338989547673074,0.0802552263729723,2747.453361105851,20.463671463671464
010111,Amazonas,Levanto,2019,0.208117,0.405317,0.3338989547673074,0.0802552263729723,2747.453361105851,20.463671463671464
010111,Amazonas,Levanto,2020,0.202545,0.405317,0.3338989547673074,0.0802552263729723,2747.453361105851,20.463671463671464
010111,Amazonas,Levanto,2021,0.194715,0.405317,0.3338989547673074,0.0802552263729723,2747.453361105851,20.463671463671464
010111,Amazonas,Levanto,2022,0.212632,0.405317,0.3338989547673074,0.0802552263729723,2747.453361105851,20.463671463671464
010111,Amazonas,Levanto,2023,0.224821,0.405317,0.3338989547673074,0.0802552263729723,2747.453361105851,20.463671463671464
010111,Amazonas,Levanto,2024,0.229182,0.405317,0.3338989547673074,0.0802552263729723,2747.453361105851,20.463671463671464
010112,Amazonas,Magdalena,1985,0.078584,0.0,0.2659843236122057,0.0667262711573144,2705.943285018763,19.61419877101706
010112,Amazonas,Magdalena,1986,0.077829,0.0,0.2659843236122057,0.0667262711573144,2705.943285018763,19.61419877101706
010112,Amazonas,Magdalena,1987,0.101676,0.0,0.2659843236122057,0.0667262711573144,2705.943285018763,19.61419877101706
010112,Amazonas,Magdalena,1988,0.113748,0.0,0.2659843236122057,0.0667262711573144,2705.943285018763,19.61419877101706
010112,Amazonas,Magdalena,1989,0.105319,0.0,0.2659843236122057,0.0667262711573144,2705.943285018763,19.61419877101706
010112,Amazonas,Magdalena,1990,0.106823,0.0,0.2659843236122057,0.0667262711573144,2705.943285018763,19.61419877101706
010112,Amazonas,Magdalena,1991,0.113511,0.0,0.2659843236122057,0.0667262711573144,2705.943285018763,19.61419877101706
010112,Amazonas,Magdalena,1992,0.111588,0.0,0.2659843236122057,0.0667262711573144,2705.943285018763,19.61419877101706
010112,Amazonas,Magdalena,1993,0.111995,0.0,0.2659843236122057,0.0667262711573144,2705.943285018763,19.61419877101706
010112,Amazonas,Magdalena,1994,0.114995,0.0,0.2659843236122057,0.0667262711573144,2705.943285018763,19.61419877101706
010112,Amazonas,Magdalena,1995,0.112074,0.0,0.2659843236122057,0.0667262711573144,2705.943285018763,19.61419877101706
010112,Amazonas,Magdalena,1996,0.125523,0.0,0.2659843236122057,0.0667262711573144,2705.943285018763,19.61419877101706
010112,Amazonas,Magdalena,1997,0.135074,0.0,0.2659843236122057,0.0667262711573144,2705.943285018763,19.61419877101706
010112,Amazonas,Magdalena,1998,0.133584,0.0,0.2659843236122057,0.0667262711573144,2705.943285018763,19.61419877101706
010112,Amazonas,Magdalena,1999,0.128458,0.0,0.2659843236122057,0.0667262711573144,2705.943285018763,19.61419877101706
010112,Amazonas,Magdalena,2000,0.131319,0.0,0.2659843236122057,0.0667262711573144,2705.943285018763,19.61419877101706
010112,Amazonas,Magdalena,2001,0.14427,0.0,0.2659843236122057,0.0667262711573144,2705.943285018763,19.61419877101706
010112,Amazonas,Magdalena,2002,0.145268,0.0,0.2659843236122057,0.0667262711573144,2705.943285018763,19.61419877101706
010112,Amazonas,Magdalena,2003,0.135245,0.0,0.2659843236122057,0.0667262711573144,2705.943285018763,19.61419877101706
010112,Amazonas,Magdalena,2004,0.139872,0.0,0.2659843236122057,0.0667262711573144,2705.943285018763,19.61419877101706
010112,Amazonas,Magdalena,2005,0.13898,0.0,0.2659843236122057,0.0667262711573144,2705.943285018763,19.61419877101706
010112,Amazonas,Magdalena,2006,0.139091,0.0,0.2659843236122057,0.0667262711573144,2705.943285018763,19.61419877101706
010112,Amazonas,Magdalena,2007,0.134903,0.0,0.2659843236122057,0.0667262711573144,2705.943285018763,19.61419877101706
010112,Amazonas,Magdalena,2008,0.135691,0.0,0.2659843236122057,0.0667262711573144,2705.943285018763,19.61419877101706
010112,Amazonas,Magdalena,2009,0.141382,0.0,0.2659843236122057,0.0667262711573144,2705.943285018763,19.61419877101706
010112,Amazonas,Magdalena,2010,0.145636,0.0,0.2659843236122057,0.0667262711573144,2705.943285018763,19.61419877101706
010112,Amazonas,Magdalena,2011,0.141645,0.0,0.2659843236122057,0.0667262711573144,2705.943285018763,19.61419877101706
010112,Amazonas,Magdalena,2012,0.138317,0.0,0.2659843236122057,0.0667262711573144,2705.943285018763,19.61419877101706
010112,Amazonas,Magdalena,2013,0.143574,0.0,0.2659843236122057,0.0667262711573144,2705.943285018763,19.61419877101706
010112,Amazonas,Magdalena,2014,0.137266,0.0,0.2659843236122057,0.0667262711573144,2705.943285018763,19.61419877101706
010112,Amazonas,Magdalena,2015,0.130893,0.275769,0.2659843236122057,0.0667262711573144,2705.943285018763,19.61419877101706
010112,Amazonas,Magdalena,2016,0.117423,0.275769,0.2659843236122057,0.0667262711573144,2705.943285018763,19.61419877101706
010112,Amazonas,Magdalena,2017,0.130302,0.275769,0.2659843236122057,0.0667262711573144,2705.943285018763,19.61419877101706
010112,Amazonas,Magdalena,2018,0.129613,0.275769,0.2659843236122057,0.0667262711573144,2705.943285018763,19.61419877101706
010112,Amazonas,Magdalena,2019,0.134936,0.275769,0.2659843236122057,0.0667262711573144,2705.943285018763,19.61419877101706
010112,Amazonas,Magdalena,2020,0.135632,0.275769,0.2659843236122057,0.0667262711573144,2705.943285018763,19.61419877101706
010112,Amazonas,Magdalena,2021,0.131654,0.275769,0.2659843236122057,0.0667262711573144,2705.943285018763,19.61419877101706
010112,Amazonas,Magdalena,2022,0.153119,0.275769,0.2659843236122057,0.0667262711573144,2705.943285018763,19.61419877101706
010112,Amazonas,Magdalena,2023,0.16538,0.275769,0.2659843236122057,0.0667262711573144,2705.943285018763,19.61419877101706
010112,Amazonas,Magdalena,2024,0.168898,0.275769,0.2659843236122057,0.0667262711573144,2705.943285018763,19.61419877101706
010113,Amazonas,Mariscal Castilla,1985,0.251369,0.0,0.41977925192291,0.0426215370013919,2905.4881905787997,16.897575310522058
010113,Amazonas,Mariscal Castilla,1986,0.250637,0.0,0.41977925192291,0.0426215370013919,2905.4881905787997,16.897575310522058
010113,Amazonas,Mariscal Castilla,1987,0.304696,0.0,0.41977925192291,0.0426215370013919,2905.4881905787997,16.897575310522058
010113,Amazonas,Mariscal Castilla,1988,0.307423,0.0,0.41977925192291,0.0426215370013919,2905.4881905787997,16.897575310522058
010113,Amazonas,Mariscal Castilla,1989,0.317586,0.0,0.41977925192291,0.0426215370013919,2905.4881905787997,16.897575310522058
010113,Amazonas,Mariscal Castilla,1990,0.318577,0.0,0.41977925192291,0.0426215370013919,2905.4881905787997,16.897575310522058
010113,Amazonas,Mariscal Castilla,1991,0.323287,0.0,0.41977925192291,0.0426215370013919,2905.4881905787997,16.897575310522058
010113,Amazonas,Mariscal Castilla,1992,0.323816,0.0,0.41977925192291,0.0426215370013919,2905.4881905787997,16.897575310522058
010113,Amazonas,Mariscal Castilla,1993,0.321022,0.0,0.41977925192291,0.0426215370013919,2905.4881905787997,16.897575310522058
010113,Amazonas,Mariscal Castilla,1994,0.308234,0.0,0.41977925192291,0.0426215370013919,2905.4881905787997,16.897575310522058
010113,Amazonas,Mariscal Castilla,1995,0.284562,0.0,0.41977925192291,0.0426215370013919,2905.4881905787997,16.897575310522058
010113,Amazonas,Mariscal Castilla,1996,0.274771,0.0,0.41977925192291,0.0426215370013919,2905.4881905787997,16.897575310522058
010113,Amazonas,Mariscal Castilla,1997,0.268326,0.0,0.41977925192291,0.0426215370013919,2905.4881905787997,16.897575310522058
010113,Amazonas,Mariscal Castilla,1998,0.268686,0.0,0.41977925192291,0.0426215370013919,2905.4881905787997,16.897575310522058
010113,Amazonas,Mariscal Castilla,1999,0.257318,0.0,0.41977925192291,0.0426215370013919,2905.4881905787997,16.897575310522058
010113,Amazonas,Mariscal Castilla,2000,0.263695,0.0,0.41977925192291,0.0426215370013919,2905.4881905787997,16.897575310522058
010113,Amazonas,Mariscal Castilla,2001,0.264698,0.0,0.41977925192291,0.0426215370013919,2905.4881905787997,16.897575310522058
010113,Amazonas,Mariscal Castilla,2002,0.254896,0.0,0.41977925192291,0.0426215370013919,2905.4881905787997,16.897575310522058
010113,Amazonas,Mariscal Castilla,2003,0.255819,0.0,0.41977925192291,0.0426215370013919,2905.4881905787997,16.897575310522058
010113,Amazonas,Mariscal Castilla,2004,0.280607,0.0,0.41977925192291,0.0426215370013919,2905.4881905787997,16.897575310522058
010113,Amazonas,Mariscal Castilla,2005,0.279334,0.0,0.41977925192291,0.0426215370013919,2905.4881905787997,16.897575310522058
010113,Amazonas,Mariscal Castilla,2006,0.272675,0.0,0.41977925192291,0.0426215370013919,2905.4881905787997,16.897575310522058
010113,Amazonas,Mariscal Castilla,2007,0.268191,0.0,0.41977925192291,0.0426215370013919,2905.4881905787997,16.897575310522058
010113,Amazonas,Mariscal Castilla,2008,0.277689,0.0,0.41977925192291,0.0426215370013919,2905.4881905787997,16.897575310522058
010113,Amazonas,Mariscal Castilla,2009,0.27868,0.0,0.41977925192291,0.0426215370013919,2905.4881905787997,16.897575310522058
010113,Amazonas,Mariscal Castilla,2010,0.265374,0.0,0.41977925192291,0.0426215370013919,2905.4881905787997,16.897575310522058
010113,Amazonas,Mariscal Castilla,2011,0.242288,0.0,0.41977925192291,0.0426215370013919,2905.4881905787997,16.897575310522058
010113,Amazonas,Mariscal Castilla,2012,0.241105,0.0,0.41977925192291,0.0426215370013919,2905.4881905787997,16.897575310522058
010113,Amazonas,Mariscal Castilla,2013,0.24711,0.0,0.41977925192291,0.0426215370013919,2905.4881905787997,16.897575310522058
010113,Amazonas,Mariscal Castilla,2014,0.254321,0.0,0.41977925192291,0.0426215370013919,2905.4881905787997,16.897575310522058
010113,Amazonas,Mariscal Castilla,2015,0.263853,0.011021,0.41977925192291,0.0426215370013919,2905.4881905787997,16.897575310522058
010113,Amazonas,Mariscal Castilla,2016,0.245307,0.011021,0.41977925192291,0.0426215370013919,2905.4881905787997,16.897575310522058
010113,Amazonas,Mariscal Castilla,2017,0.251211,0.011021,0.41977925192291,0.0426215370013919,2905.4881905787997,16.897575310522058
010113,Amazonas,Mariscal Castilla,2018,0.247493,0.011021,0.41977925192291,0.0426215370013919,2905.4881905787997,16.897575310522058
010113,Amazonas,Mariscal Castilla,2019,0.234942,0.011021,0.41977925192291,0.0426215370013919,2905.4881905787997,16.897575310522058
010113,Amazonas,Mariscal Castilla,2020,0.227415,0.011021,0.41977925192291,0.0426215370013919,2905.4881905787997,16.897575310522058
010113,Amazonas,Mariscal Castilla,2021,0.206819,0.011021,0.41977925192291,0.0426215370013919,2905.4881905787997,16.897575310522058
010113,Amazonas,Mariscal Castilla,2022,0.213635,0.011021,0.41977925192291,0.0426215370013919,2905.4881905787997,16.897575310522058
010113,Amazonas,Mariscal Castilla,2023,0.218751,0.011021,0.41977925192291,0.0426215370013919,2905.4881905787997,16.897575310522058
010113,Amazonas,Mariscal Castilla,2024,0.233871,0.011021,0.41977925192291,0.0426215370013919,2905.4881905787997,16.897575310522058
010114,Amazonas,Molinopampa,1985,0.140354,0.0,0.1809986847992333,0.0,2765.6225796602644,15.803563008897871
010114,Amazonas,Molinopampa,1986,0.140354,0.0,0.1809986847992333,0.0,2765.6225796602644,15.803563008897871
010114,Amazonas,Molinopampa,1987,0.149086,0.0,0.1809986847992333,0.0,2765.6225796602644,15.803563008897871
010114,Amazonas,Molinopampa,1988,0.155605,0.0,0.1809986847992333,0.0,2765.6225796602644,15.803563008897871
010114,Amazonas,Molinopampa,1989,0.152851,0.0,0.1809986847992333,0.0,2765.6225796602644,15.803563008897871
010114,Amazonas,Molinopampa,1990,0.154832,0.0,0.1809986847992333,0.0,2765.6225796602644,15.803563008897871
010114,Amazonas,Molinopampa,1991,0.157719,0.0,0.1809986847992333,0.0,2765.6225796602644,15.803563008897871
010114,Amazonas,Molinopampa,1992,0.158453,0.0,0.1809986847992333,0.0,2765.6225796602644,15.803563008897871
010114,Amazonas,Molinopampa,1993,0.168136,0.0,0.1809986847992333,0.0,2765.6225796602644,15.803563008897871
010114,Amazonas,Molinopampa,1994,0.181781,0.0,0.1809986847992333,0.0,2765.6225796602644,15.803563008897871
010114,Amazonas,Molinopampa,1995,0.175737,0.0,0.1809986847992333,0.0,2765.6225796602644,15.803563008897871
010114,Amazonas,Molinopampa,1996,0.182909,0.0,0.1809986847992333,0.0,2765.6225796602644,15.803563008897871
010114,Amazonas,Molinopampa,1997,0.193599,0.0,0.1809986847992333,0.0,2765.6225796602644,15.803563008897871
010114,Amazonas,Molinopampa,1998,0.191004,0.0,0.1809986847992333,0.0,2765.6225796602644,15.803563008897871
010114,Amazonas,Molinopampa,1999,0.190191,0.0,0.1809986847992333,0.0,2765.6225796602644,15.803563008897871
010114,Amazonas,Molinopampa,2000,0.187176,0.0,0.1809986847992333,0.0,2765.6225796602644,15.803563008897871
010114,Amazonas,Molinopampa,2001,0.194571,0.0,0.1809986847992333,0.0,2765.6225796602644,15.803563008897871
010114,Amazonas,Molinopampa,2002,0.203791,0.0,0.1809986847992333,0.0,2765.6225796602644,15.803563008897871
010114,Amazonas,Molinopampa,2003,0.208907,0.0,0.1809986847992333,0.0,2765.6225796602644,15.803563008897871
010114,Amazonas,Molinopampa,2004,0.211541,0.0,0.1809986847992333,0.0,2765.6225796602644,15.803563008897871
010114,Amazonas,Molinopampa,2005,0.212299,0.0,0.1809986847992333,0.0,2765.6225796602644,15.803563008897871
010114,Amazonas,Molinopampa,2006,0.214627,0.0,0.1809986847992333,0.0,2765.6225796602644,15.803563008897871
010114,Amazonas,Molinopampa,2007,0.20927,0.0,0.1809986847992333,0.0,2765.6225796602644,15.803563008897871
010114,Amazonas,Molinopampa,2008,0.205479,0.0,0.1809986847992333,0.0,2765.6225796602644,15.803563008897871
010114,Amazonas,Molinopampa,2009,0.207407,0.0,0.1809986847992333,0.0,2765.6225796602644,15.803563008897871
010114,Amazonas,Molinopampa,2010,0.207582,0.0,0.1809986847992333,0.0,2765.6225796602644,15.803563008897871
010114,Amazonas,Molinopampa,2011,0.187978,0.0,0.1809986847992333,0.0,2765.6225796602644,15.803563008897871
010114,Amazonas,Molinopampa,2012,0.181849,0.252489,0.1809986847992333,0.0,2765.6225796602644,15.803563008897871
010114,Amazonas,Molinopampa,2013,0.18779,0.252489,0.1809986847992333,0.0,2765.6225796602644,15.803563008897871
010114,Amazonas,Molinopampa,2014,0.192067,0.252489,0.1809986847992333,0.0,2765.6225796602644,15.803563008897871
010114,Amazonas,Molinopampa,2015,0.186915,0.252489,0.1809986847992333,0.0,2765.6225796602644,15.803563008897871
010114,Amazonas,Molinopampa,2016,0.183941,0.252489,0.1809986847992333,0.0,2765.6225796602644,15.803563008897871
010114,Amazonas,Molinopampa,2017,0.185611,0.252489,0.1809986847992333,0.0,2765.6225796602644,15.803563008897871
010114,Amazonas,Molinopampa,2018,0.184953,0.252721,0.1809986847992333,0.0,2765.6225796602644,15.803563008897871
010114,Amazonas,Molinopampa,2019,0.186722,0.252721,0.1809986847992333,0.0,2765.6225796602644,15.803563008897871
010114,Amazonas,Molinopampa,2020,0.191341,0.252721,0.1809986847992333,0.0,2765.6225796602644,15.803563008897871
010114,Amazonas,Molinopampa,2021,0.192418,0.252721,0.1809986847992333,0.0,2765.6225796602644,15.803563008897871
010114,Amazonas,Molinopampa,2022,0.204734,0.252721,0.1809986847992333,0.0,2765.6225796602644,15.803563008897871
010114,Amazonas,Molinopampa,2023,0.216006,0.252721,0.1809986847992333,0.0,2765.6225796602644,15.803563008897871
010114,Amazonas,Molinopampa,2024,0.217741,0.252721,0.1809986847992333,0.0,2765.6225796602644,15.803563008897871
010115,Amazonas,Montevideo,1985,0.142296,0.0,0.2320613950413268,0.0228413281575524,2839.023661509179,20.65512481219064
010115,Amazonas,Montevideo,1986,0.142159,0.0,0.2320613950413268,0.0228413281575524,2839.023661509179,20.65512481219064
010115,Amazonas,Montevideo,1987,0.169975,0.0,0.2320613950413268,0.0228413281575524,2839.023661509179,20.65512481219064
010115,Amazonas,Montevideo,1988,0.167512,0.0,0.2320613950413268,0.0228413281575524,2839.023661509179,20.65512481219064
010115,Amazonas,Montevideo,1989,0.175031,0.0,0.2320613950413268,0.0228413281575524,2839.023661509179,20.65512481219064
010115,Amazonas,Montevideo,1990,0.175046,0.0,0.2320613950413268,0.0228413281575524,2839.023661509179,20.65512481219064
010115,Amazonas,Montevideo,1991,0.178404,0.0,0.2320613950413268,0.0228413281575524,2839.023661509179,20.65512481219064
010115,Amazonas,Montevideo,1992,0.184147,0.0,0.2320613950413268,0.0228413281575524,2839.023661509179,20.65512481219064
010115,Amazonas,Montevideo,1993,0.186176,0.0,0.2320613950413268,0.0228413281575524,2839.023661509179,20.65512481219064
010115,Amazonas,Montevideo,1994,0.184443,0.0,0.2320613950413268,0.0228413281575524,2839.023661509179,20.65512481219064
010115,Amazonas,Montevideo,1995,0.163712,0.0,0.2320613950413268,0.0228413281575524,2839.023661509179,20.65512481219064
010115,Amazonas,Montevideo,1996,0.161062,0.0,0.2320613950413268,0.0228413281575524,2839.023661509179,20.65512481219064
010115,Amazonas,Montevideo,1997,0.157248,0.0,0.2320613950413268,0.0228413281575524,2839.023661509179,20.65512481219064
010115,Amazonas,Montevideo,1998,0.158454,0.0,0.2320613950413268,0.0228413281575524,2839.023661509179,20.65512481219064
010115,Amazonas,Montevideo,1999,0.165244,0.0,0.2320613950413268,0.0228413281575524,2839.023661509179,20.65512481219064
010115,Amazonas,Montevideo,2000,0.174778,0.0,0.2320613950413268,0.0228413281575524,2839.023661509179,20.65512481219064
010115,Amazonas,Montevideo,2001,0.186198,0.0,0.2320613950413268,0.0228413281575524,2839.023661509179,20.65512481219064
010115,Amazonas,Montevideo,2002,0.183229,0.0,0.2320613950413268,0.0228413281575524,2839.023661509179,20.65512481219064
010115,Amazonas,Montevideo,2003,0.18203,0.0,0.2320613950413268,0.0228413281575524,2839.023661509179,20.65512481219064
010115,Amazonas,Montevideo,2004,0.192576,0.0,0.2320613950413268,0.0228413281575524,2839.023661509179,20.65512481219064
010115,Amazonas,Montevideo,2005,0.189983,0.0,0.2320613950413268,0.0228413281575524,2839.023661509179,20.65512481219064
010115,Amazonas,Montevideo,2006,0.179155,0.0,0.2320613950413268,0.0228413281575524,2839.023661509179,20.65512481219064
010115,Amazonas,Montevideo,2007,0.177639,0.0,0.2320613950413268,0.0228413281575524,2839.023661509179,20.65512481219064
010115,Amazonas,Montevideo,2008,0.177256,0.0,0.2320613950413268,0.0228413281575524,2839.023661509179,20.65512481219064
010115,Amazonas,Montevideo,2009,0.174273,0.0,0.2320613950413268,0.0228413281575524,2839.023661509179,20.65512481219064
010115,Amazonas,Montevideo,2010,0.171261,0.0,0.2320613950413268,0.0228413281575524,2839.023661509179,20.65512481219064
010115,Amazonas,Montevideo,2011,0.144781,0.0,0.2320613950413268,0.0228413281575524,2839.023661509179,20.65512481219064
010115,Amazonas,Montevideo,2012,0.132545,0.0,0.2320613950413268,0.0228413281575524,2839.023661509179,20.65512481219064
010115,Amazonas,Montevideo,2013,0.131071,0.0,0.2320613950413268,0.0228413281575524,2839.023661509179,20.65512481219064
010115,Amazonas,Montevideo,2014,0.138403,0.0,0.2320613950413268,0.0228413281575524,2839.023661509179,20.65512481219064
010115,Amazonas,Montevideo,2015,0.139305,0.0,0.2320613950413268,0.0228413281575524,2839.023661509179,20.65512481219064
010115,Amazonas,Montevideo,2016,0.130529,0.0,0.2320613950413268,0.0228413281575524,2839.023661509179,20.65512481219064
010115,Amazonas,Montevideo,2017,0.13318,0.0,0.2320613950413268,0.0228413281575524,2839.023661509179,20.65512481219064
010115,Amazonas,Montevideo,2018,0.134654,0.0,0.2320613950413268,0.0228413281575524,2839.023661509179,20.65512481219064
010115,Amazonas,Montevideo,2019,0.128095,0.0,0.2320613950413268,0.0228413281575524,2839.023661509179,20.65512481219064
010115,Amazonas,Montevideo,2020,0.121948,0.0,0.2320613950413268,0.0228413281575524,2839.023661509179,20.65512481219064
010115,Amazonas,Montevideo,2021,0.110984,0.0,0.2320613950413268,0.0228413281575524,2839.023661509179,20.65512481219064
010115,Amazonas,Montevideo,2022,0.111756,0.0,0.2320613950413268,0.0228413281575524,2839.023661509179,20.65512481219064
010115,Amazonas,Montevideo,2023,0.117383,0.26989,0.2320613950413268,0.0228413281575524,2839.023661509179,20.65512481219064
010115,Amazonas,Montevideo,2024,0.132133,0.26989,0.2320613950413268,0.0228413281575524,2839.023661509179,20.65512481219064
010116,Amazonas,Olleros,1985,0.058615,0.0,0.0435509746217802,0.0,3163.6466569921777,19.08743552341368
010116,Amazonas,Olleros,1986,0.058615,0.0,0.0435509746217802,0.0,3163.6466569921777,19.08743552341368
010116,Amazonas,Olleros,1987,0.067702,0.034633,0.0435509746217802,0.0,3163.6466569921777,19.08743552341368
010116,Amazonas,Olleros,1988,0.072317,0.034633,0.0435509746217802,0.0,3163.6466569921777,19.08743552341368
010116,Amazonas,Olleros,1989,0.077448,0.034633,0.0435509746217802,0.0,3163.6466569921777,19.08743552341368
010116,Amazonas,Olleros,1990,0.081379,0.034633,0.0435509746217802,0.0,3163.6466569921777,19.08743552341368
010116,Amazonas,Olleros,1991,0.079647,0.034633,0.0435509746217802,0.0,3163.6466569921777,19.08743552341368
010116,Amazonas,Olleros,1992,0.073533,0.034633,0.0435509746217802,0.0,3163.6466569921777,19.08743552341368
010116,Amazonas,Olleros,1993,0.077165,0.034633,0.0435509746217802,0.0,3163.6466569921777,19.08743552341368
010116,Amazonas,Olleros,1994,0.081446,0.034633,0.0435509746217802,0.0,3163.6466569921777,19.08743552341368
010116,Amazonas,Olleros,1995,0.071417,0.034633,0.0435509746217802,0.0,3163.6466569921777,19.08743552341368
010116,Amazonas,Olleros,1996,0.074191,0.034633,0.0435509746217802,0.0,3163.6466569921777,19.08743552341368
010116,Amazonas,Olleros,1997,0.076557,0.034633,0.0435509746217802,0.0,3163.6466569921777,19.08743552341368
010116,Amazonas,Olleros,1998,0.071117,0.034633,0.0435509746217802,0.0,3163.6466569921777,19.08743552341368
010116,Amazonas,Olleros,1999,0.072717,0.034633,0.0435509746217802,0.0,3163.6466569921777,19.08743552341368
010116,Amazonas,Olleros,2000,0.07599,0.034633,0.0435509746217802,0.0,3163.6466569921777,19.08743552341368
010116,Amazonas,Olleros,2001,0.080463,0.034633,0.0435509746217802,0.0,3163.6466569921777,19.08743552341368
010116,Amazonas,Olleros,2002,0.081638,0.034633,0.0435509746217802,0.0,3163.6466569921777,19.08743552341368
010116,Amazonas,Olleros,2003,0.079114,0.034633,0.0435509746217802,0.0,3163.6466569921777,19.08743552341368
010116,Amazonas,Olleros,2004,0.082487,0.034633,0.0435509746217802,0.0,3163.6466569921777,19.08743552341368
010116,Amazonas,Olleros,2005,0.092899,0.034633,0.0435509746217802,0.0,3163.6466569921777,19.08743552341368
010116,Amazonas,Olleros,2006,0.105951,0.034633,0.0435509746217802,0.0,3163.6466569921777,19.08743552341368
010116,Amazonas,Olleros,2007,0.099613,0.034633,0.0435509746217802,0.0,3163.6466569921777,19.08743552341368
010116,Amazonas,Olleros,2008,0.096772,0.034633,0.0435509746217802,0.0,3163.6466569921777,19.08743552341368
010116,Amazonas,Olleros,2009,0.099996,0.034633,0.0435509746217802,0.0,3163.6466569921777,19.08743552341368
010116,Amazonas,Olleros,2010,0.103994,0.034633,0.0435509746217802,0.0,3163.6466569921777,19.08743552341368
010116,Amazonas,Olleros,2011,0.098846,0.034633,0.0435509746217802,0.0,3163.6466569921777,19.08743552341368
010116,Amazonas,Olleros,2012,0.101154,0.034633,0.0435509746217802,0.0,3163.6466569921777,19.08743552341368
010116,Amazonas,Olleros,2013,0.103761,0.034633,0.0435509746217802,0.0,3163.6466569921777,19.08743552341368
010116,Amazonas,Olleros,2014,0.100995,0.034633,0.0435509746217802,0.0,3163.6466569921777,19.08743552341368
010116,Amazonas,Olleros,2015,0.09509,0.034633,0.0435509746217802,0.0,3163.6466569921777,19.08743552341368
010116,Amazonas,Olleros,2016,0.096722,0.034633,0.0435509746217802,0.0,3163.6466569921777,19.08743552341368
010116,Amazonas,Olleros,2017,0.096481,0.034633,0.0435509746217802,0.0,3163.6466569921777,19.08743552341368
010116,Amazonas,Olleros,2018,0.096672,0.034633,0.0435509746217802,0.0,3163.6466569921777,19.08743552341368
010116,Amazonas,Olleros,2019,0.092591,0.034633,0.0435509746217802,0.0,3163.6466569921777,19.08743552341368
010116,Amazonas,Olleros,2020,0.094615,0.034633,0.0435509746217802,0.0,3163.6466569921777,19.08743552341368
010116,Amazonas,Olleros,2021,0.087943,0.034633,0.0435509746217802,0.0,3163.6466569921777,19.08743552341368
010116,Amazonas,Olleros,2022,0.089626,0.034633,0.0435509746217802,0.0,3163.6466569921777,19.08743552341368
010116,Amazonas,Olleros,2023,0.092241,0.034633,0.0435509746217802,0.0,3163.6466569921777,19.08743552341368
010116,Amazonas,Olleros,2024,0.091258,0.034633,0.0435509746217802,0.0,3163.6466569921777,19.08743552341368
010117,Amazonas,Quinjalca,1985,0.412513,0.0,0.5086729745389581,0.0,3081.4945358321115,15.8860436741334
010117,Amazonas,Quinjalca,1986,0.412513,0.0,0.5086729745389581,0.0,3081.4945358321115,15.8860436741334
010117,Amazonas,Quinjalca,1987,0.440766,0.0,0.5086729745389581,0.0,3081.4945358321115,15.8860436741334
010117,Amazonas,Quinjalca,1988,0.435989,0.0,0.5086729745389581,0.0,3081.4945358321115,15.8860436741334
010117,Amazonas,Quinjalca,1989,0.435148,0.0,0.5086729745389581,0.0,3081.4945358321115,15.8860436741334
010117,Amazonas,Quinjalca,1990,0.43408,0.0,0.5086729745389581,0.0,3081.4945358321115,15.8860436741334
010117,Amazonas,Quinjalca,1991,0.426348,0.0,0.5086729745389581,0.0,3081.4945358321115,15.8860436741334
010117,Amazonas,Quinjalca,1992,0.421561,0.0,0.5086729745389581,0.0,3081.4945358321115,15.8860436741334
010117,Amazonas,Quinjalca,1993,0.449231,0.0,0.5086729745389581,0.0,3081.4945358321115,15.8860436741334
010117,Amazonas,Quinjalca,1994,0.461729,0.0,0.5086729745389581,0.0,3081.4945358321115,15.8860436741334
010117,Amazonas,Quinjalca,1995,0.450072,0.0,0.5086729745389581,0.0,3081.4945358321115,15.8860436741334
010117,Amazonas,Quinjalca,1996,0.451744,0.0,0.5086729745389581,0.0,3081.4945358321115,15.8860436741334
010117,Amazonas,Quinjalca,1997,0.451711,0.0,0.5086729745389581,0.0,3081.4945358321115,15.8860436741334
010117,Amazonas,Quinjalca,1998,0.419717,0.0,0.5086729745389581,0.0,3081.4945358321115,15.8860436741334
010117,Amazonas,Quinjalca,1999,0.405924,0.0,0.5086729745389581,0.0,3081.4945358321115,15.8860436741334
010117,Amazonas,Quinjalca,2000,0.398732,0.0,0.5086729745389581,0.0,3081.4945358321115,15.8860436741334
010117,Amazonas,Quinjalca,2001,0.409375,0.0,0.5086729745389581,0.0,3081.4945358321115,15.8860436741334
010117,Amazonas,Quinjalca,2002,0.416331,0.0,0.5086729745389581,0.0,3081.4945358321115,15.8860436741334
010117,Amazonas,Quinjalca,2003,0.426241,0.0,0.5086729745389581,0.0,3081.4945358321115,15.8860436741334
010117,Amazonas,Quinjalca,2004,0.440863,0.0,0.5086729745389581,0.0,3081.4945358321115,15.8860436741334
010117,Amazonas,Quinjalca,2005,0.436593,0.0,0.5086729745389581,0.0,3081.4945358321115,15.8860436741334
010117,Amazonas,Quinjalca,2006,0.445576,0.0,0.5086729745389581,0.0,3081.4945358321115,15.8860436741334
010117,Amazonas,Quinjalca,2007,0.436507,0.0,0.5086729745389581,0.0,3081.4945358321115,15.8860436741334
010117,Amazonas,Quinjalca,2008,0.430899,0.0,0.5086729745389581,0.0,3081.4945358321115,15.8860436741334
010117,Amazonas,Quinjalca,2009,0.423329,0.0,0.5086729745389581,0.0,3081.4945358321115,15.8860436741334
010117,Amazonas,Quinjalca,2010,0.420213,0.0,0.5086729745389581,0.0,3081.4945358321115,15.8860436741334
010117,Amazonas,Quinjalca,2011,0.387172,0.0,0.5086729745389581,0.0,3081.4945358321115,15.8860436741334
010117,Amazonas,Quinjalca,2012,0.378772,0.0,0.5086729745389581,0.0,3081.4945358321115,15.8860436741334
010117,Amazonas,Quinjalca,2013,0.372409,0.0,0.5086729745389581,0.0,3081.4945358321115,15.8860436741334
010117,Amazonas,Quinjalca,2014,0.371342,0.0,0.5086729745389581,0.0,3081.4945358321115,15.8860436741334
010117,Amazonas,Quinjalca,2015,0.343024,0.0,0.5086729745389581,0.0,3081.4945358321115,15.8860436741334
010117,Amazonas,Quinjalca,2016,0.323862,0.0,0.5086729745389581,0.0,3081.4945358321115,15.8860436741334
010117,Amazonas,Quinjalca,2017,0.327162,0.0,0.5086729745389581,0.0,3081.4945358321115,15.8860436741334
010117,Amazonas,Quinjalca,2018,0.313725,0.0,0.5086729745389581,0.0,3081.4945358321115,15.8860436741334
010117,Amazonas,Quinjalca,2019,0.328024,0.0,0.5086729745389581,0.0,3081.4945358321115,15.8860436741334
010117,Amazonas,Quinjalca,2020,0.342334,0.0,0.5086729745389581,0.0,3081.4945358321115,15.8860436741334
010117,Amazonas,Quinjalca,2021,0.337654,0.0,0.5086729745389581,0.0,3081.4945358321115,15.8860436741334
010117,Amazonas,Quinjalca,2022,0.349775,0.0,0.5086729745389581,0.0,3081.4945358321115,15.8860436741334
010117,Amazonas,Quinjalca,2023,0.350281,0.0,0.5086729745389581,0.0,3081.4945358321115,15.8860436741334
010117,Amazonas,Quinjalca,2024,0.352805,0.0,0.5086729745389581,0.0,3081.4945358321115,15.8860436741334
010119,Amazonas,San Isidro De Maino,1985,0.067255,0.0,0.2030657333799199,0.0,2857.1519308498537,19.48966026587888
010119,Amazonas,San Isidro De Maino,1986,0.067255,0.0,0.2030657333799199,0.0,2857.1519308498537,19.48966026587888
010119,Amazonas,San Isidro De Maino,1987,0.087293,0.0,0.2030657333799199,0.0,2857.1519308498537,19.48966026587888
010119,Amazonas,San Isidro De Maino,1988,0.091807,0.0,0.2030657333799199,0.0,2857.1519308498537,19.48966026587888
010119,Amazonas,San Isidro De Maino,1989,0.089007,0.0,0.2030657333799199,0.0,2857.1519308498537,19.48966026587888
010119,Amazonas,San Isidro De Maino,1990,0.088628,0.0,0.2030657333799199,0.0,2857.1519308498537,19.48966026587888
010119,Amazonas,San Isidro De Maino,1991,0.095801,0.0,0.2030657333799199,0.0,2857.1519308498537,19.48966026587888
010119,Amazonas,San Isidro De Maino,1992,0.089575,0.0,0.2030657333799199,0.0,2857.1519308498537,19.48966026587888
010119,Amazonas,San Isidro De Maino,1993,0.08918,0.0,0.2030657333799199,0.0,2857.1519308498537,19.48966026587888
010119,Amazonas,San Isidro De Maino,1994,0.099878,0.0,0.2030657333799199,0.0,2857.1519308498537,19.48966026587888
010119,Amazonas,San Isidro De Maino,1995,0.107208,0.0,0.2030657333799199,0.0,2857.1519308498537,19.48966026587888
010119,Amazonas,San Isidro De Maino,1996,0.116408,0.0,0.2030657333799199,0.0,2857.1519308498537,19.48966026587888
010119,Amazonas,San Isidro De Maino,1997,0.126538,0.0,0.2030657333799199,0.0,2857.1519308498537,19.48966026587888
010119,Amazonas,San Isidro De Maino,1998,0.12186,0.0,0.2030657333799199,0.0,2857.1519308498537,19.48966026587888
010119,Amazonas,San Isidro De Maino,1999,0.125467,0.0,0.2030657333799199,0.0,2857.1519308498537,19.48966026587888
010119,Amazonas,San Isidro De Maino,2000,0.130343,0.0,0.2030657333799199,0.0,2857.1519308498537,19.48966026587888
010119,Amazonas,San Isidro De Maino,2001,0.138003,0.0,0.2030657333799199,0.0,2857.1519308498537,19.48966026587888
010119,Amazonas,San Isidro De Maino,2002,0.142129,0.0,0.2030657333799199,0.0,2857.1519308498537,19.48966026587888
010119,Amazonas,San Isidro De Maino,2003,0.137179,0.0,0.2030657333799199,0.0,2857.1519308498537,19.48966026587888
010119,Amazonas,San Isidro De Maino,2004,0.142944,0.0,0.2030657333799199,0.0,2857.1519308498537,19.48966026587888
010119,Amazonas,San Isidro De Maino,2005,0.141775,0.0,0.2030657333799199,0.0,2857.1519308498537,19.48966026587888
010119,Amazonas,San Isidro De Maino,2006,0.132064,0.0,0.2030657333799199,0.0,2857.1519308498537,19.48966026587888
010119,Amazonas,San Isidro De Maino,2007,0.125311,0.0,0.2030657333799199,0.0,2857.1519308498537,19.48966026587888
010119,Amazonas,San Isidro De Maino,2008,0.129791,0.0,0.2030657333799199,0.0,2857.1519308498537,19.48966026587888
010119,Amazonas,San Isidro De Maino,2009,0.140284,0.0,0.2030657333799199,0.0,2857.1519308498537,19.48966026587888
010119,Amazonas,San Isidro De Maino,2010,0.146922,0.286684,0.2030657333799199,0.0,2857.1519308498537,19.48966026587888
010119,Amazonas,San Isidro De Maino,2011,0.142112,0.286684,0.2030657333799199,0.0,2857.1519308498537,19.48966026587888
010119,Amazonas,San Isidro De Maino,2012,0.138974,0.286684,0.2030657333799199,0.0,2857.1519308498537,19.48966026587888
010119,Amazonas,San Isidro De Maino,2013,0.142788,0.286684,0.2030657333799199,0.0,2857.1519308498537,19.48966026587888
010119,Amazonas,San Isidro De Maino,2014,0.133959,0.286684,0.2030657333799199,0.0,2857.1519308498537,19.48966026587888
010119,Amazonas,San Isidro De Maino,2015,0.126555,0.399689,0.2030657333799199,0.0,2857.1519308498537,19.48966026587888
010119,Amazonas,San Isidro De Maino,2016,0.111656,0.399689,0.2030657333799199,0.0,2857.1519308498537,19.48966026587888
010119,Amazonas,San Isidro De Maino,2017,0.118623,0.399689,0.2030657333799199,0.0,2857.1519308498537,19.48966026587888
010119,Amazonas,San Isidro De Maino,2018,0.123491,0.399689,0.2030657333799199,0.0,2857.1519308498537,19.48966026587888
010119,Amazonas,San Isidro De Maino,2019,0.127082,0.399689,0.2030657333799199,0.0,2857.1519308498537,19.48966026587888
010119,Amazonas,San Isidro De Maino,2020,0.131249,0.399689,0.2030657333799199,0.0,2857.1519308498537,19.48966026587888
010119,Amazonas,San Isidro De Maino,2021,0.126612,0.399689,0.2030657333799199,0.0,2857.1519308498537,19.48966026587888
010119,Amazonas,San Isidro De Maino,2022,0.138876,0.399689,0.2030657333799199,0.0,2857.1519308498537,19.48966026587888
010119,Amazonas,San Isidro De Maino,2023,0.150884,0.399689,0.2030657333799199,0.0,2857.1519308498537,19.48966026587888
010119,Amazonas,San Isidro De Maino,2024,0.155521,0.399689,0.2030657333799199,0.0,2857.1519308498537,19.48966026587888
010120,Amazonas,Soloco,1985,0.198418,0.0,0.1795186564373013,0.0,2927.779109870258,20.352337750338805
010120,Amazonas,Soloco,1986,0.198418,0.0,0.1795186564373013,0.0,2927.779109870258,20.352337750338805
010120,Amazonas,Soloco,1987,0.21332,0.0,0.1795186564373013,0.0,2927.779109870258,20.352337750338805
010120,Amazonas,Soloco,1988,0.221431,0.0,0.1795186564373013,0.0,2927.779109870258,20.352337750338805
010120,Amazonas,Soloco,1989,0.225605,0.0,0.1795186564373013,0.0,2927.779109870258,20.352337750338805
010120,Amazonas,Soloco,1990,0.227888,0.0,0.1795186564373013,0.0,2927.779109870258,20.352337750338805
010120,Amazonas,Soloco,1991,0.238045,0.0,0.1795186564373013,0.0,2927.779109870258,20.352337750338805
010120,Amazonas,Soloco,1992,0.233014,0.0,0.1795186564373013,0.0,2927.779109870258,20.352337750338805
010120,Amazonas,Soloco,1993,0.235191,0.0,0.1795186564373013,0.0,2927.779109870258,20.352337750338805
010120,Amazonas,Soloco,1994,0.254695,0.0,0.1795186564373013,0.0,2927.779109870258,20.352337750338805
010120,Amazonas,Soloco,1995,0.242065,0.0,0.1795186564373013,0.0,2927.779109870258,20.352337750338805
010120,Amazonas,Soloco,1996,0.24524,0.0,0.1795186564373013,0.0,2927.779109870258,20.352337750338805
010120,Amazonas,Soloco,1997,0.247726,0.0,0.1795186564373013,0.0,2927.779109870258,20.352337750338805
010120,Amazonas,Soloco,1998,0.232182,0.0,0.1795186564373013,0.0,2927.779109870258,20.352337750338805
010120,Amazonas,Soloco,1999,0.237819,0.0,0.1795186564373013,0.0,2927.779109870258,20.352337750338805
010120,Amazonas,Soloco,2000,0.241232,0.0,0.1795186564373013,0.0,2927.779109870258,20.352337750338805
010120,Amazonas,Soloco,2001,0.246548,0.0,0.1795186564373013,0.0,2927.779109870258,20.352337750338805
010120,Amazonas,Soloco,2002,0.249878,0.0,0.1795186564373013,0.0,2927.779109870258,20.352337750338805
010120,Amazonas,Soloco,2003,0.249949,0.0,0.1795186564373013,0.0,2927.779109870258,20.352337750338805
010120,Amazonas,Soloco,2004,0.251531,0.0,0.1795186564373013,0.0,2927.779109870258,20.352337750338805
010120,Amazonas,Soloco,2005,0.252292,0.0,0.1795186564373013,0.0,2927.779109870258,20.352337750338805
010120,Amazonas,Soloco,2006,0.251329,0.0,0.1795186564373013,0.0,2927.779109870258,20.352337750338805
010120,Amazonas,Soloco,2007,0.246774,0.0,0.1795186564373013,0.0,2927.779109870258,20.352337750338805
010120,Amazonas,Soloco,2008,0.250128,0.0,0.1795186564373013,0.0,2927.779109870258,20.352337750338805
010120,Amazonas,Soloco,2009,0.251852,0.0,0.1795186564373013,0.0,2927.779109870258,20.352337750338805
010120,Amazonas,Soloco,2010,0.257822,0.053287,0.1795186564373013,0.0,2927.779109870258,20.352337750338805
010120,Amazonas,Soloco,2011,0.240733,0.053287,0.1795186564373013,0.0,2927.779109870258,20.352337750338805
010120,Amazonas,Soloco,2012,0.219837,0.053287,0.1795186564373013,0.0,2927.779109870258,20.352337750338805
010120,Amazonas,Soloco,2013,0.213165,0.053287,0.1795186564373013,0.0,2927.779109870258,20.352337750338805
010120,Amazonas,Soloco,2014,0.210121,0.053287,0.1795186564373013,0.0,2927.779109870258,20.352337750338805
010120,Amazonas,Soloco,2015,0.195124,0.053287,0.1795186564373013,0.0,2927.779109870258,20.352337750338805
010120,Amazonas,Soloco,2016,0.188619,0.053287,0.1795186564373013,0.0,2927.779109870258,20.352337750338805
010120,Amazonas,Soloco,2017,0.196825,0.053287,0.1795186564373013,0.0,2927.779109870258,20.352337750338805
010120,Amazonas,Soloco,2018,0.193566,0.053287,0.1795186564373013,0.0,2927.779109870258,20.352337750338805
010120,Amazonas,Soloco,2019,0.197015,0.053287,0.1795186564373013,0.0,2927.779109870258,20.352337750338805
010120,Amazonas,Soloco,2020,0.203615,0.053287,0.1795186564373013,0.0,2927.779109870258,20.352337750338805
010120,Amazonas,Soloco,2021,0.201356,0.053287,0.1795186564373013,0.0,2927.779109870258,20.352337750338805
010120,Amazonas,Soloco,2022,0.210537,0.053287,0.1795186564373013,0.0,2927.779109870258,20.352337750338805
010120,Amazonas,Soloco,2023,0.222382,0.053287,0.1795186564373013,0.0,2927.779109870258,20.352337750338805
010120,Amazonas,Soloco,2024,0.226866,0.053287,0.1795186564373013,0.0,2927.779109870258,20.352337750338805
010202,Amazonas,Aramango,1985,0.148833,0.0,0.1300139178911739,0.0529709909519872,1268.881390643173,24.107581854043392
010202,Amazonas,Aramango,1986,0.148825,0.0,0.1300139178911739,0.0529709909519872,1268.881390643173,24.107581854043392
010202,Amazonas,Aramango,1987,0.169175,0.0,0.1300139178911739,0.0529709909519872,1268.881390643173,24.107581854043392
010202,Amazonas,Aramango,1988,0.149259,0.0,0.1300139178911739,0.0529709909519872,1268.881390643173,24.107581854043392
010202,Amazonas,Aramango,1989,0.146152,0.0,0.1300139178911739,0.0529709909519872,1268.881390643173,24.107581854043392
010202,Amazonas,Aramango,1990,0.142116,0.0,0.1300139178911739,0.0529709909519872,1268.881390643173,24.107581854043392
010202,Amazonas,Aramango,1991,0.135338,0.0,0.1300139178911739,0.0529709909519872,1268.881390643173,24.107581854043392
010202,Amazonas,Aramango,1992,0.121094,0.0,0.1300139178911739,0.0529709909519872,1268.881390643173,24.107581854043392
010202,Amazonas,Aramango,1993,0.119707,0.0,0.1300139178911739,0.0529709909519872,1268.881390643173,24.107581854043392
010202,Amazonas,Aramango,1994,0.122497,0.0,0.1300139178911739,0.0529709909519872,1268.881390643173,24.107581854043392
010202,Amazonas,Aramango,1995,0.126439,0.0,0.1300139178911739,0.0529709909519872,1268.881390643173,24.107581854043392
010202,Amazonas,Aramango,1996,0.15109,0.0,0.1300139178911739,0.0529709909519872,1268.881390643173,24.107581854043392
010202,Amazonas,Aramango,1997,0.172795,0.0,0.1300139178911739,0.0529709909519872,1268.881390643173,24.107581854043392
010202,Amazonas,Aramango,1998,0.193762,0.0,0.1300139178911739,0.0529709909519872,1268.881390643173,24.107581854043392
010202,Amazonas,Aramango,1999,0.199676,0.0,0.1300139178911739,0.0529709909519872,1268.881390643173,24.107581854043392
010202,Amazonas,Aramango,2000,0.212868,0.0,0.1300139178911739,0.0529709909519872,1268.881390643173,24.107581854043392
010202,Amazonas,Aramango,2001,0.197559,0.0,0.1300139178911739,0.0529709909519872,1268.881390643173,24.107581854043392
010202,Amazonas,Aramango,2002,0.217329,0.0,0.1300139178911739,0.0529709909519872,1268.881390643173,24.107581854043392
010202,Amazonas,Aramango,2003,0.198002,0.0,0.1300139178911739,0.0529709909519872,1268.881390643173,24.107581854043392
010202,Amazonas,Aramango,2004,0.201619,0.0,0.1300139178911739,0.0529709909519872,1268.881390643173,24.107581854043392
010202,Amazonas,Aramango,2005,0.206388,0.0,0.1300139178911739,0.0529709909519872,1268.881390643173,24.107581854043392
010202,Amazonas,Aramango,2006,0.198968,0.0,0.1300139178911739,0.0529709909519872,1268.881390643173,24.107581854043392
010202,Amazonas,Aramango,2007,0.20951,0.0,0.1300139178911739,0.0529709909519872,1268.881390643173,24.107581854043392
010202,Amazonas,Aramango,2008,0.207105,0.0,0.1300139178911739,0.0529709909519872,1268.881390643173,24.107581854043392
010202,Amazonas,Aramango,2009,0.218323,0.000764,0.1300139178911739,0.0529709909519872,1268.881390643173,24.107581854043392
010202,Amazonas,Aramango,2010,0.231284,0.000764,0.1300139178911739,0.0529709909519872,1268.881390643173,24.107581854043392
010202,Amazonas,Aramango,2011,0.217235,0.002068,0.1300139178911739,0.0529709909519872,1268.881390643173,24.107581854043392
010202,Amazonas,Aramango,2012,0.203258,0.002068,0.1300139178911739,0.0529709909519872,1268.881390643173,24.107581854043392
010202,Amazonas,Aramango,2013,0.198922,0.002068,0.1300139178911739,0.0529709909519872,1268.881390643173,24.107581854043392
010202,Amazonas,Aramango,2014,0.217612,0.002068,0.1300139178911739,0.0529709909519872,1268.881390643173,24.107581854043392
010202,Amazonas,Aramango,2015,0.195937,0.002068,0.1300139178911739,0.0529709909519872,1268.881390643173,24.107581854043392
010202,Amazonas,Aramango,2016,0.21077,0.002068,0.1300139178911739,0.0529709909519872,1268.881390643173,24.107581854043392
010202,Amazonas,Aramango,2017,0.210773,0.002068,0.1300139178911739,0.0529709909519872,1268.881390643173,24.107581854043392
010202,Amazonas,Aramango,2018,0.203021,0.002068,0.1300139178911739,0.0529709909519872,1268.881390643173,24.107581854043392
010202,Amazonas,Aramango,2019,0.196995,0.002068,0.1300139178911739,0.0529709909519872,1268.881390643173,24.107581854043392
010202,Amazonas,Aramango,2020,0.197111,0.002068,0.1300139178911739,0.0529709909519872,1268.881390643173,24.107581854043392
010202,Amazonas,Aramango,2021,0.203983,0.002068,0.1300139178911739,0.0529709909519872,1268.881390643173,24.107581854043392
010202,Amazonas,Aramango,2022,0.211058,0.002068,0.1300139178911739,0.0529709909519872,1268.881390643173,24.107581854043392
010202,Amazonas,Aramango,2023,0.207996,0.002068,0.1300139178911739,0.0529709909519872,1268.881390643173,24.107581854043392
010202,Amazonas,Aramango,2024,0.205454,0.002068,0.1300139178911739,0.0529709909519872,1268.881390643173,24.107581854043392
010203,Amazonas,Copallin,1985,0.565799,0.0,0.4149724055678508,0.0606880854740679,1311.1477787331614,15.96262022871857
010203,Amazonas,Copallin,1986,0.565799,0.0,0.4149724055678508,0.0606880854740679,1311.1477787331614,15.96262022871857
010203,Amazonas,Copallin,1987,0.499087,0.0,0.4149724055678508,0.0606880854740679,1311.1477787331614,15.96262022871857
010203,Amazonas,Copallin,1988,0.484671,0.0,0.4149724055678508,0.0606880854740679,1311.1477787331614,15.96262022871857
010203,Amazonas,Copallin,1989,0.479392,0.0,0.4149724055678508,0.0606880854740679,1311.1477787331614,15.96262022871857
010203,Amazonas,Copallin,1990,0.478781,0.0,0.4149724055678508,0.0606880854740679,1311.1477787331614,15.96262022871857
010203,Amazonas,Copallin,1991,0.47387,0.0,0.4149724055678508,0.0606880854740679,1311.1477787331614,15.96262022871857
010203,Amazonas,Copallin,1992,0.480588,0.0,0.4149724055678508,0.0606880854740679,1311.1477787331614,15.96262022871857
010203,Amazonas,Copallin,1993,0.478484,0.0,0.4149724055678508,0.0606880854740679,1311.1477787331614,15.96262022871857
010203,Amazonas,Copallin,1994,0.456495,0.0,0.4149724055678508,0.0606880854740679,1311.1477787331614,15.96262022871857
010203,Amazonas,Copallin,1995,0.455839,0.0,0.4149724055678508,0.0606880854740679,1311.1477787331614,15.96262022871857
010203,Amazonas,Copallin,1996,0.445128,0.0,0.4149724055678508,0.0606880854740679,1311.1477787331614,15.96262022871857
010203,Amazonas,Copallin,1997,0.445973,0.0,0.4149724055678508,0.0606880854740679,1311.1477787331614,15.96262022871857
010203,Amazonas,Copallin,1998,0.453573,0.0,0.4149724055678508,0.0606880854740679,1311.1477787331614,15.96262022871857
010203,Amazonas,Copallin,1999,0.465093,0.0,0.4149724055678508,0.0606880854740679,1311.1477787331614,15.96262022871857
010203,Amazonas,Copallin,2000,0.465839,0.0,0.4149724055678508,0.0606880854740679,1311.1477787331614,15.96262022871857
010203,Amazonas,Copallin,2001,0.459427,0.0,0.4149724055678508,0.0606880854740679,1311.1477787331614,15.96262022871857
010203,Amazonas,Copallin,2002,0.463105,0.0,0.4149724055678508,0.0606880854740679,1311.1477787331614,15.96262022871857
010203,Amazonas,Copallin,2003,0.462053,0.0,0.4149724055678508,0.0606880854740679,1311.1477787331614,15.96262022871857
010203,Amazonas,Copallin,2004,0.465327,0.0,0.4149724055678508,0.0606880854740679,1311.1477787331614,15.96262022871857
010203,Amazonas,Copallin,2005,0.456019,0.0,0.4149724055678508,0.0606880854740679,1311.1477787331614,15.96262022871857
010203,Amazonas,Copallin,2006,0.461648,0.0,0.4149724055678508,0.0606880854740679,1311.1477787331614,15.96262022871857
010203,Amazonas,Copallin,2007,0.483016,0.0,0.4149724055678508,0.0606880854740679,1311.1477787331614,15.96262022871857
010203,Amazonas,Copallin,2008,0.483367,0.0,0.4149724055678508,0.0606880854740679,1311.1477787331614,15.96262022871857
010203,Amazonas,Copallin,2009,0.486155,0.0,0.4149724055678508,0.0606880854740679,1311.1477787331614,15.96262022871857
010203,Amazonas,Copallin,2010,0.489285,0.0,0.4149724055678508,0.0606880854740679,1311.1477787331614,15.96262022871857
010203,Amazonas,Copallin,2011,0.484797,0.089031,0.4149724055678508,0.0606880854740679,1311.1477787331614,15.96262022871857
010203,Amazonas,Copallin,2012,0.474437,0.089031,0.4149724055678508,0.0606880854740679,1311.1477787331614,15.96262022871857
010203,Amazonas,Copallin,2013,0.470291,0.089031,0.4149724055678508,0.0606880854740679,1311.1477787331614,15.96262022871857
010203,Amazonas,Copallin,2014,0.467503,0.089031,0.4149724055678508,0.0606880854740679,1311.1477787331614,15.96262022871857
010203,Amazonas,Copallin,2015,0.458789,0.089031,0.4149724055678508,0.0606880854740679,1311.1477787331614,15.96262022871857
010203,Amazonas,Copallin,2016,0.46128,0.089031,0.4149724055678508,0.0606880854740679,1311.1477787331614,15.96262022871857
010203,Amazonas,Copallin,2017,0.468537,0.089031,0.4149724055678508,0.0606880854740679,1311.1477787331614,15.96262022871857
010203,Amazonas,Copallin,2018,0.457044,0.089031,0.4149724055678508,0.0606880854740679,1311.1477787331614,15.96262022871857
010203,Amazonas,Copallin,2019,0.452916,0.089031,0.4149724055678508,0.0606880854740679,1311.1477787331614,15.96262022871857
010203,Amazonas,Copallin,2020,0.466658,0.089031,0.4149724055678508,0.0606880854740679,1311.1477787331614,15.96262022871857
010203,Amazonas,Copallin,2021,0.462791,0.089031,0.4149724055678508,0.0606880854740679,1311.1477787331614,15.96262022871857
010203,Amazonas,Copallin,2022,0.458411,0.089031,0.4149724055678508,0.0606880854740679,1311.1477787331614,15.96262022871857
010203,Amazonas,Copallin,2023,0.465641,0.089031,0.4149724055678508,0.0606880854740679,1311.1477787331614,15.96262022871857
010203,Amazonas,Copallin,2024,0.461621,0.089031,0.4149724055678508,0.0606880854740679,1311.1477787331614,15.96262022871857
010204,Amazonas,El Parco,1985,0.748237,0.0,0.7121109190956683,0.0,657.573469600584,11.193380514895372
010204,Amazonas,El Parco,1986,0.748188,0.0,0.7121109190956683,0.0,657.573469600584,11.193380514895372
010204,Amazonas,El Parco,1987,0.774726,0.0,0.7121109190956683,0.0,657.573469600584,11.193380514895372
010204,Amazonas,El Parco,1988,0.732863,0.0,0.7121109190956683,0.0,657.573469600584,11.193380514895372
010204,Amazonas,El Parco,1989,0.706081,0.0,0.7121109190956683,0.0,657.573469600584,11.193380514895372
010204,Amazonas,El Parco,1990,0.701528,0.0,0.7121109190956683,0.0,657.573469600584,11.193380514895372
010204,Amazonas,El Parco,1991,0.720133,0.0,0.7121109190956683,0.0,657.573469600584,11.193380514895372
010204,Amazonas,El Parco,1992,0.727233,0.0,0.7121109190956683,0.0,657.573469600584,11.193380514895372
010204,Amazonas,El Parco,1993,0.731052,0.0,0.7121109190956683,0.0,657.573469600584,11.193380514895372
010204,Amazonas,El Parco,1994,0.736535,0.0,0.7121109190956683,0.0,657.573469600584,11.193380514895372
010204,Amazonas,El Parco,1995,0.703437,0.0,0.7121109190956683,0.0,657.573469600584,11.193380514895372
010204,Amazonas,El Parco,1996,0.693987,0.0,0.7121109190956683,0.0,657.573469600584,11.193380514895372
010204,Amazonas,El Parco,1997,0.696729,0.0,0.7121109190956683,0.0,657.573469600584,11.193380514895372
010204,Amazonas,El Parco,1998,0.698541,0.0,0.7121109190956683,0.0,657.573469600584,11.193380514895372
010204,Amazonas,El Parco,1999,0.712348,0.0,0.7121109190956683,0.0,657.573469600584,11.193380514895372
010204,Amazonas,El Parco,2000,0.714894,0.0,0.7121109190956683,0.0,657.573469600584,11.193380514895372
010204,Amazonas,El Parco,2001,0.712299,0.0,0.7121109190956683,0.0,657.573469600584,11.193380514895372
010204,Amazonas,El Parco,2002,0.736535,0.0,0.7121109190956683,0.0,657.573469600584,11.193380514895372
010204,Amazonas,El Parco,2003,0.731003,0.0,0.7121109190956683,0.0,657.573469600584,11.193380514895372
010204,Amazonas,El Parco,2004,0.729142,0.0,0.7121109190956683,0.0,657.573469600584,11.193380514895372
010204,Amazonas,El Parco,2005,0.686741,0.0,0.7121109190956683,0.0,657.573469600584,11.193380514895372
010204,Amazonas,El Parco,2006,0.671465,0.0,0.7121109190956683,0.0,657.573469600584,11.193380514895372
010204,Amazonas,El Parco,2007,0.675823,0.0,0.7121109190956683,0.0,657.573469600584,11.193380514895372
010204,Amazonas,El Parco,2008,0.674647,0.0,0.7121109190956683,0.0,657.573469600584,11.193380514895372
010204,Amazonas,El Parco,2009,0.674696,0.0,0.7121109190956683,0.0,657.573469600584,11.193380514895372
010204,Amazonas,El Parco,2010,0.660791,0.0,0.7121109190956683,0.0,657.573469600584,11.193380514895372
010204,Amazonas,El Parco,2011,0.612417,0.0,0.7121109190956683,0.0,657.573469600584,11.193380514895372
010204,Amazonas,El Parco,2012,0.616334,0.0,0.7121109190956683,0.0,657.573469600584,11.193380514895372
010204,Amazonas,El Parco,2013,0.625049,0.0,0.7121109190956683,0.0,657.573469600584,11.193380514895372
010204,Amazonas,El Parco,2014,0.623335,0.0,0.7121109190956683,0.0,657.573469600584,11.193380514895372
010204,Amazonas,El Parco,2015,0.648159,0.0,0.7121109190956683,0.0,657.573469600584,11.193380514895372
010204,Amazonas,El Parco,2016,0.648355,0.0,0.7121109190956683,0.0,657.573469600584,11.193380514895372
010204,Amazonas,El Parco,2017,0.65237,0.0,0.7121109190956683,0.0,657.573469600584,11.193380514895372
010204,Amazonas,El Parco,2018,0.663925,0.0,0.7121109190956683,0.0,657.573469600584,11.193380514895372
010204,Amazonas,El Parco,2019,0.688993,0.0,0.7121109190956683,0.0,657.573469600584,11.193380514895372
010204,Amazonas,El Parco,2020,0.707844,0.0,0.7121109190956683,0.0,657.573469600584,11.193380514895372
010204,Amazonas,El Parco,2021,0.725666,0.0,0.7121109190956683,0.0,657.573469600584,11.193380514895372
010204,Amazonas,El Parco,2022,0.712348,0.0,0.7121109190956683,0.0,657.573469600584,11.193380514895372
010204,Amazonas,El Parco,2023,0.70143,0.0,0.7121109190956683,0.0,657.573469600584,11.193380514895372
010204,Amazonas,El Parco,2024,0.703388,0.0,0.7121109190956683,0.0,657.573469600584,11.193380514895372
010206,Amazonas,La Peca,1985,0.654531,0.0,0.3024406725735014,0.0,1080.3470561256272,17.80880387967579
010206,Amazonas,La Peca,1986,0.654531,0.0,0.3024406725735014,0.0,1080.3470561256272,17.80880387967579
010206,Amazonas,La Peca,1987,0.637597,0.0,0.3024406725735014,0.0,1080.3470561256272,17.80880387967579
010206,Amazonas,La Peca,1988,0.633659,0.0,0.3024406725735014,0.0,1080.3470561256272,17.80880387967579
010206,Amazonas,La Peca,1989,0.623164,0.0,0.3024406725735014,0.0,1080.3470561256272,17.80880387967579
010206,Amazonas,La Peca,1990,0.617195,0.0,0.3024406725735014,0.0,1080.3470561256272,17.80880387967579
010206,Amazonas,La Peca,1991,0.590625,0.0,0.3024406725735014,0.0,1080.3470561256272,17.80880387967579
010206,Amazonas,La Peca,1992,0.584205,0.0,0.3024406725735014,0.0,1080.3470561256272,17.80880387967579
010206,Amazonas,La Peca,1993,0.581065,0.0,0.3024406725735014,0.0,1080.3470561256272,17.80880387967579
010206,Amazonas,La Peca,1994,0.593945,0.0,0.3024406725735014,0.0,1080.3470561256272,17.80880387967579
010206,Amazonas,La Peca,1995,0.602763,0.0,0.3024406725735014,0.0,1080.3470561256272,17.80880387967579
010206,Amazonas,La Peca,1996,0.605367,0.0,0.3024406725735014,0.0,1080.3470561256272,17.80880387967579
010206,Amazonas,La Peca,1997,0.605702,0.0,0.3024406725735014,0.0,1080.3470561256272,17.80880387967579
010206,Amazonas,La Peca,1998,0.609467,0.0,0.3024406725735014,0.0,1080.3470561256272,17.80880387967579
010206,Amazonas,La Peca,1999,0.623616,0.0,0.3024406725735014,0.0,1080.3470561256272,17.80880387967579
010206,Amazonas,La Peca,2000,0.624434,0.0,0.3024406725735014,0.0,1080.3470561256272,17.80880387967579
010206,Amazonas,La Peca,2001,0.625582,0.0,0.3024406725735014,0.0,1080.3470561256272,17.80880387967579
010206,Amazonas,La Peca,2002,0.636508,0.0,0.3024406725735014,0.0,1080.3470561256272,17.80880387967579
010206,Amazonas,La Peca,2003,0.636205,0.0,0.3024406725735014,0.0,1080.3470561256272,17.80880387967579
010206,Amazonas,La Peca,2004,0.634348,0.0,0.3024406725735014,0.0,1080.3470561256272,17.80880387967579
010206,Amazonas,La Peca,2005,0.624467,0.0,0.3024406725735014,0.0,1080.3470561256272,17.80880387967579
010206,Amazonas,La Peca,2006,0.619838,0.0,0.3024406725735014,0.0,1080.3470561256272,17.80880387967579
010206,Amazonas,La Peca,2007,0.622804,0.0,0.3024406725735014,0.0,1080.3470561256272,17.80880387967579
010206,Amazonas,La Peca,2008,0.618465,0.0,0.3024406725735014,0.0,1080.3470561256272,17.80880387967579
010206,Amazonas,La Peca,2009,0.617711,0.0,0.3024406725735014,0.0,1080.3470561256272,17.80880387967579
010206,Amazonas,La Peca,2010,0.623461,0.0,0.3024406725735014,0.0,1080.3470561256272,17.80880387967579
010206,Amazonas,La Peca,2011,0.62348,0.0,0.3024406725735014,0.0,1080.3470561256272,17.80880387967579
010206,Amazonas,La Peca,2012,0.628109,0.0,0.3024406725735014,0.0,1080.3470561256272,17.80880387967579
010206,Amazonas,La Peca,2013,0.632859,0.0,0.3024406725735014,0.0,1080.3470561256272,17.80880387967579
010206,Amazonas,La Peca,2014,0.636862,0.0,0.3024406725735014,0.0,1080.3470561256272,17.80880387967579
010206,Amazonas,La Peca,2015,0.638538,0.0,0.3024406725735014,0.0,1080.3470561256272,17.80880387967579
010206,Amazonas,La Peca,2016,0.640446,0.0,0.3024406725735014,0.0,1080.3470561256272,17.80880387967579
010206,Amazonas,La Peca,2017,0.641478,0.0,0.3024406725735014,0.0,1080.3470561256272,17.80880387967579
010206,Amazonas,La Peca,2018,0.63119,0.0,0.3024406725735014,0.0,1080.3470561256272,17.80880387967579
010206,Amazonas,La Peca,2019,0.632247,0.0,0.3024406725735014,0.0,1080.3470561256272,17.80880387967579
010206,Amazonas,La Peca,2020,0.629649,0.0,0.3024406725735014,0.0,1080.3470561256272,17.80880387967579
010206,Amazonas,La Peca,2021,0.630887,0.0,0.3024406725735014,0.0,1080.3470561256272,17.80880387967579
010206,Amazonas,La Peca,2022,0.631441,0.0,0.3024406725735014,0.0,1080.3470561256272,17.80880387967579
010206,Amazonas,La Peca,2023,0.637359,0.0,0.3024406725735014,0.0,1080.3470561256272,17.80880387967579
010206,Amazonas,La Peca,2024,0.639886,0.0,0.3024406725735014,0.0,1080.3470561256272,17.80880387967579
010301,Amazonas,Jumbilla,1985,0.163661,0.0,0.0543939795690573,0.0,2674.437859670444,20.682092543437008
010301,Amazonas,Jumbilla,1986,0.163375,0.0,0.0543939795690573,0.0,2674.437859670444,20.682092543437008
010301,Amazonas,Jumbilla,1987,0.194773,0.0,0.0543939795690573,0.0,2674.437859670444,20.682092543437008
010301,Amazonas,Jumbilla,1988,0.199119,0.0,0.0543939795690573,0.0,2674.437859670444,20.682092543437008
010301,Amazonas,Jumbilla,1989,0.200021,0.0,0.0543939795690573,0.0,2674.437859670444,20.682092543437008
010301,Amazonas,Jumbilla,1990,0.196102,0.0,0.0543939795690573,0.0,2674.437859670444,20.682092543437008
010301,Amazonas,Jumbilla,1991,0.19964,0.0,0.0543939795690573,0.0,2674.437859670444,20.682092543437008
010301,Amazonas,Jumbilla,1992,0.198507,0.0,0.0543939795690573,0.0,2674.437859670444,20.682092543437008
010301,Amazonas,Jumbilla,1993,0.198653,0.0,0.0543939795690573,0.0,2674.437859670444,20.682092543437008
010301,Amazonas,Jumbilla,1994,0.206721,0.0,0.0543939795690573,0.0,2674.437859670444,20.682092543437008
010301,Amazonas,Jumbilla,1995,0.204019,0.0,0.0543939795690573,0.0,2674.437859670444,20.682092543437008
010301,Amazonas,Jumbilla,1996,0.207232,0.0,0.0543939795690573,0.0,2674.437859670444,20.682092543437008
010301,Amazonas,Jumbilla,1997,0.210338,0.0,0.0543939795690573,0.0,2674.437859670444,20.682092543437008
010301,Amazonas,Jumbilla,1998,0.201283,0.0,0.0543939795690573,0.0,2674.437859670444,20.682092543437008
010301,Amazonas,Jumbilla,1999,0.202286,0.0,0.0543939795690573,0.0,2674.437859670444,20.682092543437008
010301,Amazonas,Jumbilla,2000,0.196685,0.0,0.0543939795690573,0.0,2674.437859670444,20.682092543437008
010301,Amazonas,Jumbilla,2001,0.195194,0.0,0.0543939795690573,0.0,2674.437859670444,20.682092543437008
010301,Amazonas,Jumbilla,2002,0.200532,0.0,0.0543939795690573,0.0,2674.437859670444,20.682092543437008
010301,Amazonas,Jumbilla,2003,0.20283,0.0,0.0543939795690573,0.0,2674.437859670444,20.682092543437008
010301,Amazonas,Jumbilla,2004,0.210584,0.0,0.0543939795690573,0.0,2674.437859670444,20.682092543437008
010301,Amazonas,Jumbilla,2005,0.218204,0.0,0.0543939795690573,0.0,2674.437859670444,20.682092543437008
010301,Amazonas,Jumbilla,2006,0.220312,0.0,0.0543939795690573,0.0,2674.437859670444,20.682092543437008
010301,Amazonas,Jumbilla,2007,0.218305,0.0,0.0543939795690573,0.0,2674.437859670444,20.682092543437008
010301,Amazonas,Jumbilla,2008,0.222381,0.0,0.0543939795690573,0.0,2674.437859670444,20.682092543437008
010301,Amazonas,Jumbilla,2009,0.225549,0.0,0.0543939795690573,0.0,2674.437859670444,20.682092543437008
010301,Amazonas,Jumbilla,2010,0.227511,0.0,0.0543939795690573,0.0,2674.437859670444,20.682092543437008
010301,Amazonas,Jumbilla,2011,0.217369,0.0,0.0543939795690573,0.0,2674.437859670444,20.682092543437008
010301,Amazonas,Jumbilla,2012,0.216662,0.0,0.0543939795690573,0.0,2674.437859670444,20.682092543437008
010301,Amazonas,Jumbilla,2013,0.216281,0.0,0.0543939795690573,0.0,2674.437859670444,20.682092543437008
010301,Amazonas,Jumbilla,2014,0.215373,0.0,0.0543939795690573,0.0,2674.437859670444,20.682092543437008
010301,Amazonas,Jumbilla,2015,0.214728,0.0,0.0543939795690573,0.0,2674.437859670444,20.682092543437008
010301,Amazonas,Jumbilla,2016,0.213169,0.0,0.0543939795690573,0.0,2674.437859670444,20.682092543437008
010301,Amazonas,Jumbilla,2017,0.216623,0.0,0.0543939795690573,0.0,2674.437859670444,20.682092543437008
010301,Amazonas,Jumbilla,2018,0.220486,0.0,0.0543939795690573,0.0,2674.437859670444,20.682092543437008
010301,Amazonas,Jumbilla,2019,0.221899,0.000704,0.0543939795690573,0.0,2674.437859670444,20.682092543437008
010301,Amazonas,Jumbilla,2020,0.219471,0.000704,0.0543939795690573,0.0,2674.437859670444,20.682092543437008
010301,Amazonas,Jumbilla,2021,0.212233,0.000704,0.0543939795690573,0.0,2674.437859670444,20.682092543437008
010301,Amazonas,Jumbilla,2022,0.222953,0.000704,0.0543939795690573,0.0,2674.437859670444,20.682092543437008
010301,Amazonas,Jumbilla,2023,0.226339,0.000704,0.0543939795690573,0.0,2674.437859670444,20.682092543437008
010301,Amazonas,Jumbilla,2024,0.227427,0.000704,0.0543939795690573,0.0,2674.437859670444,20.682092543437008
010302,Amazonas,Chisquilla,1985,0.034611,0.0,0.0589451764499934,0.0,2834.7008521549183,21.03622795626616
010302,Amazonas,Chisquilla,1986,0.034067,0.0,0.0589451764499934,0.0,2834.7008521549183,21.03622795626616
010302,Amazonas,Chisquilla,1987,0.039614,0.002463,0.0589451764499934,0.0,2834.7008521549183,21.03622795626616
010302,Amazonas,Chisquilla,1988,0.041631,0.002463,0.0589451764499934,0.0,2834.7008521549183,21.03622795626616
010302,Amazonas,Chisquilla,1989,0.03897,0.002463,0.0589451764499934,0.0,2834.7008521549183,21.03622795626616
010302,Amazonas,Chisquilla,1990,0.035793,0.002463,0.0589451764499934,0.0,2834.7008521549183,21.03622795626616
010302,Amazonas,Chisquilla,1991,0.035568,0.002463,0.0589451764499934,0.0,2834.7008521549183,21.03622795626616
010302,Amazonas,Chisquilla,1992,0.036194,0.002463,0.0589451764499934,0.0,2834.7008521549183,21.03622795626616
010302,Amazonas,Chisquilla,1993,0.037338,0.002463,0.0589451764499934,0.0,2834.7008521549183,21.03622795626616
010302,Amazonas,Chisquilla,1994,0.03974,0.002463,0.0589451764499934,0.0,2834.7008521549183,21.03622795626616
010302,Amazonas,Chisquilla,1995,0.033863,0.002463,0.0589451764499934,0.0,2834.7008521549183,21.03622795626616
010302,Amazonas,Chisquilla,1996,0.032583,0.002463,0.0589451764499934,0.0,2834.7008521549183,21.03622795626616
010302,Amazonas,Chisquilla,1997,0.033732,0.002463,0.0589451764499934,0.0,2834.7008521549183,21.03622795626616
010302,Amazonas,Chisquilla,1998,0.030389,0.002463,0.0589451764499934,0.0,2834.7008521549183,21.03622795626616
010302,Amazonas,Chisquilla,1999,0.033215,0.002463,0.0589451764499934,0.0,2834.7008521549183,21.03622795626616
010302,Amazonas,Chisquilla,2000,0.03167,0.002463,0.0589451764499934,0.0,2834.7008521549183,21.03622795626616
010302,Amazonas,Chisquilla,2001,0.031884,0.002463,0.0589451764499934,0.0,2834.7008521549183,21.03622795626616
010302,Amazonas,Chisquilla,2002,0.033803,0.002463,0.0589451764499934,0.0,2834.7008521549183,21.03622795626616
010302,Amazonas,Chisquilla,2003,0.036491,0.002463,0.0589451764499934,0.0,2834.7008521549183,21.03622795626616
010302,Amazonas,Chisquilla,2004,0.038569,0.002463,0.0589451764499934,0.0,2834.7008521549183,21.03622795626616
010302,Amazonas,Chisquilla,2005,0.042527,0.002463,0.0589451764499934,0.0,2834.7008521549183,21.03622795626616
010302,Amazonas,Chisquilla,2006,0.044649,0.002463,0.0589451764499934,0.0,2834.7008521549183,21.03622795626616
010302,Amazonas,Chisquilla,2007,0.040389,0.002463,0.0589451764499934,0.0,2834.7008521549183,21.03622795626616
010302,Amazonas,Chisquilla,2008,0.039856,0.002463,0.0589451764499934,0.0,2834.7008521549183,21.03622795626616
010302,Amazonas,Chisquilla,2009,0.03996,0.002463,0.0589451764499934,0.0,2834.7008521549183,21.03622795626616
010302,Amazonas,Chisquilla,2010,0.042505,0.002463,0.0589451764499934,0.0,2834.7008521549183,21.03622795626616
010302,Amazonas,Chisquilla,2011,0.041461,0.003421,0.0589451764499934,0.0,2834.7008521549183,21.03622795626616
010302,Amazonas,Chisquilla,2012,0.041439,0.003421,0.0589451764499934,0.0,2834.7008521549183,21.03622795626616
010302,Amazonas,Chisquilla,2013,0.042208,0.003421,0.0589451764499934,0.0,2834.7008521549183,21.03622795626616
010302,Amazonas,Chisquilla,2014,0.042533,0.003421,0.0589451764499934,0.0,2834.7008521549183,21.03622795626616
010302,Amazonas,Chisquilla,2015,0.043077,0.003421,0.0589451764499934,0.0,2834.7008521549183,21.03622795626616
010302,Amazonas,Chisquilla,2016,0.045936,0.003421,0.0589451764499934,0.0,2834.7008521549183,21.03622795626616
010302,Amazonas,Chisquilla,2017,0.046551,0.003421,0.0589451764499934,0.0,2834.7008521549183,21.03622795626616
010302,Amazonas,Chisquilla,2018,0.048184,0.003421,0.0589451764499934,0.0,2834.7008521549183,21.03622795626616
010302,Amazonas,Chisquilla,2019,0.046397,0.003421,0.0589451764499934,0.0,2834.7008521549183,21.03622795626616
010302,Amazonas,Chisquilla,2020,0.046397,0.003421,0.0589451764499934,0.0,2834.7008521549183,21.03622795626616
010302,Amazonas,Chisquilla,2021,0.046166,0.003421,0.0589451764499934,0.0,2834.7008521549183,21.03622795626616
010302,Amazonas,Chisquilla,2022,0.049855,0.003421,0.0589451764499934,0.0,2834.7008521549183,21.03622795626616
010302,Amazonas,Chisquilla,2023,0.051818,0.003421,0.0589451764499934,0.0,2834.7008521549183,21.03622795626616
010302,Amazonas,Chisquilla,2024,0.051884,0.003421,0.0589451764499934,0.0,2834.7008521549183,21.03622795626616
010303,Amazonas,Churuja,1985,0.210287,0.0,0.2371097046989013,0.1159808699902535,2226.622137744647,17.428574323527677
010303,Amazonas,Churuja,1986,0.209839,0.0,0.2371097046989013,0.1159808699902535,2226.622137744647,17.428574323527677
010303,Amazonas,Churuja,1987,0.176939,0.0,0.2371097046989013,0.1159808699902535,2226.622137744647,17.428574323527677
010303,Amazonas,Churuja,1988,0.176883,0.0,0.2371097046989013,0.1159808699902535,2226.622137744647,17.428574323527677
010303,Amazonas,Churuja,1989,0.165311,0.0,0.2371097046989013,0.1159808699902535,2226.622137744647,17.428574323527677
010303,Amazonas,Churuja,1990,0.158994,0.0,0.2371097046989013,0.1159808699902535,2226.622137744647,17.428574323527677
010303,Amazonas,Churuja,1991,0.154969,0.0,0.2371097046989013,0.1159808699902535,2226.622137744647,17.428574323527677
010303,Amazonas,Churuja,1992,0.155723,0.0,0.2371097046989013,0.1159808699902535,2226.622137744647,17.428574323527677
010303,Amazonas,Churuja,1993,0.158994,0.0,0.2371097046989013,0.1159808699902535,2226.622137744647,17.428574323527677
010303,Amazonas,Churuja,1994,0.165563,0.0,0.2371097046989013,0.1159808699902535,2226.622137744647,17.428574323527677
010303,Amazonas,Churuja,1995,0.165898,0.0,0.2371097046989013,0.1159808699902535,2226.622137744647,17.428574323527677
010303,Amazonas,Churuja,1996,0.174787,0.0,0.2371097046989013,0.1159808699902535,2226.622137744647,17.428574323527677
010303,Amazonas,Churuja,1997,0.185688,0.0,0.2371097046989013,0.1159808699902535,2226.622137744647,17.428574323527677
010303,Amazonas,Churuja,1998,0.172523,0.0,0.2371097046989013,0.1159808699902535,2226.622137744647,17.428574323527677
010303,Amazonas,Churuja,1999,0.168945,0.0,0.2371097046989013,0.1159808699902535,2226.622137744647,17.428574323527677
010303,Amazonas,Churuja,2000,0.152173,0.0,0.2371097046989013,0.1159808699902535,2226.622137744647,17.428574323527677
010303,Amazonas,Churuja,2001,0.159972,0.0,0.2371097046989013,0.1159808699902535,2226.622137744647,17.428574323527677
010303,Amazonas,Churuja,2002,0.172075,0.0,0.2371097046989013,0.1159808699902535,2226.622137744647,17.428574323527677
010303,Amazonas,Churuja,2003,0.170231,0.0,0.2371097046989013,0.1159808699902535,2226.622137744647,17.428574323527677
010303,Amazonas,Churuja,2004,0.195024,0.0,0.2371097046989013,0.1159808699902535,2226.622137744647,17.428574323527677
010303,Amazonas,Churuja,2005,0.197149,0.0,0.2371097046989013,0.1159808699902535,2226.622137744647,17.428574323527677
010303,Amazonas,Churuja,2006,0.198155,0.0,0.2371097046989013,0.1159808699902535,2226.622137744647,17.428574323527677
010303,Amazonas,Churuja,2007,0.189434,0.0,0.2371097046989013,0.1159808699902535,2226.622137744647,17.428574323527677
010303,Amazonas,Churuja,2008,0.188064,0.0,0.2371097046989013,0.1159808699902535,2226.622137744647,17.428574323527677
010303,Amazonas,Churuja,2009,0.185688,0.0,0.2371097046989013,0.1159808699902535,2226.622137744647,17.428574323527677
010303,Amazonas,Churuja,2010,0.189574,0.0,0.2371097046989013,0.1159808699902535,2226.622137744647,17.428574323527677
010303,Amazonas,Churuja,2011,0.183648,0.0,0.2371097046989013,0.1159808699902535,2226.622137744647,17.428574323527677
010303,Amazonas,Churuja,2012,0.178113,0.0,0.2371097046989013,0.1159808699902535,2226.622137744647,17.428574323527677
010303,Amazonas,Churuja,2013,0.181356,0.0,0.2371097046989013,0.1159808699902535,2226.622137744647,17.428574323527677
010303,Amazonas,Churuja,2014,0.191223,0.0,0.2371097046989013,0.1159808699902535,2226.622137744647,17.428574323527677
010303,Amazonas,Churuja,2015,0.18963,0.0,0.2371097046989013,0.1159808699902535,2226.622137744647,17.428574323527677
010303,Amazonas,Churuja,2016,0.192928,0.0,0.2371097046989013,0.1159808699902535,2226.622137744647,17.428574323527677
010303,Amazonas,Churuja,2017,0.194326,0.0,0.2371097046989013,0.1159808699902535,2226.622137744647,17.428574323527677
010303,Amazonas,Churuja,2018,0.198966,0.0,0.2371097046989013,0.1159808699902535,2226.622137744647,17.428574323527677
010303,Amazonas,Churuja,2019,0.198267,0.314078,0.2371097046989013,0.1159808699902535,2226.622137744647,17.428574323527677
010303,Amazonas,Churuja,2020,0.201481,0.314078,0.2371097046989013,0.1159808699902535,2226.622137744647,17.428574323527677
010303,Amazonas,Churuja,2021,0.181384,0.314078,0.2371097046989013,0.1159808699902535,2226.622137744647,17.428574323527677
010303,Amazonas,Churuja,2022,0.168078,0.314078,0.2371097046989013,0.1159808699902535,2226.622137744647,17.428574323527677
010303,Amazonas,Churuja,2023,0.168414,0.314078,0.2371097046989013,0.1159808699902535,2226.622137744647,17.428574323527677
010303,Amazonas,Churuja,2024,0.167296,0.314078,0.2371097046989013,0.1159808699902535,2226.622137744647,17.428574323527677
010304,Amazonas,Corosha,1985,0.090288,0.0,0.2237038410208839,0.0,2390.8234297916206,19.48062971243205
010304,Amazonas,Corosha,1986,0.090066,0.0,0.2237038410208839,0.0,2390.8234297916206,19.48062971243205
010304,Amazonas,Corosha,1987,0.1024,0.000488,0.2237038410208839,0.0,2390.8234297916206,19.48062971243205
010304,Amazonas,Corosha,1988,0.110244,0.000488,0.2237038410208839,0.0,2390.8234297916206,19.48062971243205
010304,Amazonas,Corosha,1989,0.113556,0.000488,0.2237038410208839,0.0,2390.8234297916206,19.48062971243205
010304,Amazonas,Corosha,1990,0.114305,0.000488,0.2237038410208839,0.0,2390.8234297916206,19.48062971243205
010304,Amazonas,Corosha,1991,0.107653,0.000488,0.2237038410208839,0.0,2390.8234297916206,19.48062971243205
010304,Amazonas,Corosha,1992,0.11084,0.000488,0.2237038410208839,0.0,2390.8234297916206,19.48062971243205
010304,Amazonas,Corosha,1993,0.110577,0.000488,0.2237038410208839,0.0,2390.8234297916206,19.48062971243205
010304,Amazonas,Corosha,1994,0.111187,0.000488,0.2237038410208839,0.0,2390.8234297916206,19.48062971243205
010304,Amazonas,Corosha,1995,0.098381,0.000488,0.2237038410208839,0.0,2390.8234297916206,19.48062971243205
010304,Amazonas,Corosha,1996,0.09852,0.000488,0.2237038410208839,0.0,2390.8234297916206,19.48062971243205
010304,Amazonas,Corosha,1997,0.102982,0.000488,0.2237038410208839,0.0,2390.8234297916206,19.48062971243205
010304,Amazonas,Corosha,1998,0.107098,0.000488,0.2237038410208839,0.0,2390.8234297916206,19.48062971243205
010304,Amazonas,Corosha,1999,0.112933,0.000488,0.2237038410208839,0.0,2390.8234297916206,19.48062971243205
010304,Amazonas,Corosha,2000,0.111505,0.000488,0.2237038410208839,0.0,2390.8234297916206,19.48062971243205
010304,Amazonas,Corosha,2001,0.113847,0.000488,0.2237038410208839,0.0,2390.8234297916206,19.48062971243205
010304,Amazonas,Corosha,2002,0.121192,0.000488,0.2237038410208839,0.0,2390.8234297916206,19.48062971243205
010304,Amazonas,Corosha,2003,0.120638,0.000488,0.2237038410208839,0.0,2390.8234297916206,19.48062971243205
010304,Amazonas,Corosha,2004,0.121677,0.000488,0.2237038410208839,0.0,2390.8234297916206,19.48062971243205
010304,Amazonas,Corosha,2005,0.127387,0.000488,0.2237038410208839,0.0,2390.8234297916206,19.48062971243205
010304,Amazonas,Corosha,2006,0.134053,0.000488,0.2237038410208839,0.0,2390.8234297916206,19.48062971243205
010304,Amazonas,Corosha,2007,0.121386,0.000488,0.2237038410208839,0.0,2390.8234297916206,19.48062971243205
010304,Amazonas,Corosha,2008,0.116217,0.000488,0.2237038410208839,0.0,2390.8234297916206,19.48062971243205
010304,Amazonas,Corosha,2009,0.122939,0.000488,0.2237038410208839,0.0,2390.8234297916206,19.48062971243205
010304,Amazonas,Corosha,2010,0.12851,0.000488,0.2237038410208839,0.0,2390.8234297916206,19.48062971243205
010304,Amazonas,Corosha,2011,0.124075,0.235643,0.2237038410208839,0.0,2390.8234297916206,19.48062971243205
010304,Amazonas,Corosha,2012,0.126528,0.235643,0.2237038410208839,0.0,2390.8234297916206,19.48062971243205
010304,Amazonas,Corosha,2013,0.126653,0.235643,0.2237038410208839,0.0,2390.8234297916206,19.48062971243205
010304,Amazonas,Corosha,2014,0.128773,0.235643,0.2237038410208839,0.0,2390.8234297916206,19.48062971243205
010304,Amazonas,Corosha,2015,0.132764,0.235643,0.2237038410208839,0.0,2390.8234297916206,19.48062971243205
010304,Amazonas,Corosha,2016,0.138349,0.235643,0.2237038410208839,0.0,2390.8234297916206,19.48062971243205
010304,Amazonas,Corosha,2017,0.145777,0.235643,0.2237038410208839,0.0,2390.8234297916206,19.48062971243205
010304,Amazonas,Corosha,2018,0.154328,0.235643,0.2237038410208839,0.0,2390.8234297916206,19.48062971243205
010304,Amazonas,Corosha,2019,0.153108,0.235643,0.2237038410208839,0.0,2390.8234297916206,19.48062971243205
010304,Amazonas,Corosha,2020,0.151238,0.235643,0.2237038410208839,0.0,2390.8234297916206,19.48062971243205
010304,Amazonas,Corosha,2021,0.149935,0.235643,0.2237038410208839,0.0,2390.8234297916206,19.48062971243205
010304,Amazonas,Corosha,2022,0.155007,0.235643,0.2237038410208839,0.0,2390.8234297916206,19.48062971243205
010304,Amazonas,Corosha,2023,0.159941,0.235643,0.2237038410208839,0.0,2390.8234297916206,19.48062971243205
010304,Amazonas,Corosha,2024,0.158042,0.235643,0.2237038410208839,0.0,2390.8234297916206,19.48062971243205
010305,Amazonas,Cuispes,1985,0.218076,0.0,0.2575358986539337,0.0,2234.198845822229,20.590673789201485
010305,Amazonas,Cuispes,1986,0.218067,0.0,0.2575358986539337,0.0,2234.198845822229,20.590673789201485
010305,Amazonas,Cuispes,1987,0.235231,0.0,0.2575358986539337,0.0,2234.198845822229,20.590673789201485
010305,Amazonas,Cuispes,1988,0.246521,0.0,0.2575358986539337,0.0,2234.198845822229,20.590673789201485
010305,Amazonas,Cuispes,1989,0.252626,0.0,0.2575358986539337,0.0,2234.198845822229,20.590673789201485
010305,Amazonas,Cuispes,1990,0.246336,0.0,0.2575358986539337,0.0,2234.198845822229,20.590673789201485
010305,Amazonas,Cuispes,1991,0.246668,0.0,0.2575358986539337,0.0,2234.198845822229,20.590673789201485
010305,Amazonas,Cuispes,1992,0.250191,0.0,0.2575358986539337,0.0,2234.198845822229,20.590673789201485
010305,Amazonas,Cuispes,1993,0.263814,0.0,0.2575358986539337,0.0,2234.198845822229,20.590673789201485
010305,Amazonas,Cuispes,1994,0.27799,0.0,0.2575358986539337,0.0,2234.198845822229,20.590673789201485
010305,Amazonas,Cuispes,1995,0.266627,0.0,0.2575358986539337,0.0,2234.198845822229,20.590673789201485
010305,Amazonas,Cuispes,1996,0.269671,0.0,0.2575358986539337,0.0,2234.198845822229,20.590673789201485
010305,Amazonas,Cuispes,1997,0.28156,0.0,0.2575358986539337,0.0,2234.198845822229,20.590673789201485
010305,Amazonas,Cuispes,1998,0.268749,0.0,0.2575358986539337,0.0,2234.198845822229,20.590673789201485
010305,Amazonas,Cuispes,1999,0.273738,0.0,0.2575358986539337,0.0,2234.198845822229,20.590673789201485
010305,Amazonas,Cuispes,2000,0.266314,0.0,0.2575358986539337,0.0,2234.198845822229,20.590673789201485
010305,Amazonas,Cuispes,2001,0.266212,0.0,0.2575358986539337,0.0,2234.198845822229,20.590673789201485
010305,Amazonas,Cuispes,2002,0.270178,0.0,0.2575358986539337,0.0,2234.198845822229,20.590673789201485
010305,Amazonas,Cuispes,2003,0.25603,0.0,0.2575358986539337,0.0,2234.198845822229,20.590673789201485
010305,Amazonas,Cuispes,2004,0.261564,0.0,0.2575358986539337,0.0,2234.198845822229,20.590673789201485
010305,Amazonas,Cuispes,2005,0.267153,0.0,0.2575358986539337,0.0,2234.198845822229,20.590673789201485
010305,Amazonas,Cuispes,2006,0.266701,0.0,0.2575358986539337,0.0,2234.198845822229,20.590673789201485
010305,Amazonas,Cuispes,2007,0.263501,0.0,0.2575358986539337,0.0,2234.198845822229,20.590673789201485
010305,Amazonas,Cuispes,2008,0.265659,0.0,0.2575358986539337,0.0,2234.198845822229,20.590673789201485
010305,Amazonas,Cuispes,2009,0.281634,0.0,0.2575358986539337,0.0,2234.198845822229,20.590673789201485
010305,Amazonas,Cuispes,2010,0.287269,0.0,0.2575358986539337,0.0,2234.198845822229,20.590673789201485
010305,Amazonas,Cuispes,2011,0.252036,0.0,0.2575358986539337,0.0,2234.198845822229,20.590673789201485
010305,Amazonas,Cuispes,2012,0.235102,0.0,0.2575358986539337,0.0,2234.198845822229,20.590673789201485
010305,Amazonas,Cuispes,2013,0.231865,0.0,0.2575358986539337,0.0,2234.198845822229,20.590673789201485
010305,Amazonas,Cuispes,2014,0.229522,0.0,0.2575358986539337,0.0,2234.198845822229,20.590673789201485
010305,Amazonas,Cuispes,2015,0.229697,0.0,0.2575358986539337,0.0,2234.198845822229,20.590673789201485
010305,Amazonas,Cuispes,2016,0.237104,0.0,0.2575358986539337,0.0,2234.198845822229,20.590673789201485
010305,Amazonas,Cuispes,2017,0.242748,0.0,0.2575358986539337,0.0,2234.198845822229,20.590673789201485
010305,Amazonas,Cuispes,2018,0.243643,0.0,0.2575358986539337,0.0,2234.198845822229,20.590673789201485
010305,Amazonas,Cuispes,2019,0.24581,0.0,0.2575358986539337,0.0,2234.198845822229,20.590673789201485
010305,Amazonas,Cuispes,2020,0.245063,0.0,0.2575358986539337,0.0,2234.198845822229,20.590673789201485
010305,Amazonas,Cuispes,2021,0.226109,0.0,0.2575358986539337,0.0,2234.198845822229,20.590673789201485
010305,Amazonas,Cuispes,2022,0.215041,0.0,0.2575358986539337,0.0,2234.198845822229,20.590673789201485
010305,Amazonas,Cuispes,2023,0.225261,0.0,0.2575358986539337,0.0,2234.198845822229,20.590673789201485
010305,Amazonas,Cuispes,2024,0.222937,0.0,0.2575358986539337,0.0,2234.198845822229,20.590673789201485
010306,Amazonas,Florida,1985,0.197284,0.0,0.247483985399499,0.0,2391.464979053847,20.641341159579408
010306,Amazonas,Florida,1986,0.197143,0.0,0.247483985399499,0.0,2391.464979053847,20.641341159579408
010306,Amazonas,Florida,1987,0.222423,0.0,0.247483985399499,0.0,2391.464979053847,20.641341159579408
010306,Amazonas,Florida,1988,0.229238,0.0,0.247483985399499,0.0,2391.464979053847,20.641341159579408
010306,Amazonas,Florida,1989,0.233008,0.0,0.247483985399499,0.0,2391.464979053847,20.641341159579408
010306,Amazonas,Florida,1990,0.238297,0.0,0.247483985399499,0.0,2391.464979053847,20.641341159579408
010306,Amazonas,Florida,1991,0.246097,0.0,0.247483985399499,0.0,2391.464979053847,20.641341159579408
010306,Amazonas,Florida,1992,0.250043,0.0,0.247483985399499,0.0,2391.464979053847,20.641341159579408
010306,Amazonas,Florida,1993,0.258681,0.0,0.247483985399499,0.0,2391.464979053847,20.641341159579408
010306,Amazonas,Florida,1994,0.271365,0.0,0.247483985399499,0.0,2391.464979053847,20.641341159579408
010306,Amazonas,Florida,1995,0.25923,0.0,0.247483985399499,0.0,2391.464979053847,20.641341159579408
010306,Amazonas,Florida,1996,0.266032,0.0,0.247483985399499,0.0,2391.464979053847,20.641341159579408
010306,Amazonas,Florida,1997,0.279602,0.0,0.247483985399499,0.0,2391.464979053847,20.641341159579408
010306,Amazonas,Florida,1998,0.283187,0.0,0.247483985399499,0.0,2391.464979053847,20.641341159579408
010306,Amazonas,Florida,1999,0.295222,0.0,0.247483985399499,0.0,2391.464979053847,20.641341159579408
010306,Amazonas,Florida,2000,0.302362,0.0,0.247483985399499,0.0,2391.464979053847,20.641341159579408
010306,Amazonas,Florida,2001,0.306304,0.0,0.247483985399499,0.0,2391.464979053847,20.641341159579408
010306,Amazonas,Florida,2002,0.325747,0.0,0.247483985399499,0.0,2391.464979053847,20.641341159579408
010306,Amazonas,Florida,2003,0.33152,0.0,0.247483985399499,0.0,2391.464979053847,20.641341159579408
010306,Amazonas,Florida,2004,0.345582,0.0,0.247483985399499,0.0,2391.464979053847,20.641341159579408
010306,Amazonas,Florida,2005,0.363418,0.0,0.247483985399499,0.0,2391.464979053847,20.641341159579408
010306,Amazonas,Florida,2006,0.372324,0.0,0.247483985399499,0.0,2391.464979053847,20.641341159579408
010306,Amazonas,Florida,2007,0.370834,0.0,0.247483985399499,0.0,2391.464979053847,20.641341159579408
010306,Amazonas,Florida,2008,0.380309,0.0,0.247483985399499,0.0,2391.464979053847,20.641341159579408
010306,Amazonas,Florida,2009,0.388314,0.0,0.247483985399499,0.0,2391.464979053847,20.641341159579408
010306,Amazonas,Florida,2010,0.395601,0.0,0.247483985399499,0.0,2391.464979053847,20.641341159579408
010306,Amazonas,Florida,2011,0.385874,0.0,0.247483985399499,0.0,2391.464979053847,20.641341159579408
010306,Amazonas,Florida,2012,0.381743,0.0,0.247483985399499,0.0,2391.464979053847,20.641341159579408
010306,Amazonas,Florida,2013,0.388718,0.0,0.247483985399499,0.0,2391.464979053847,20.641341159579408
010306,Amazonas,Florida,2014,0.392144,0.0,0.247483985399499,0.0,2391.464979053847,20.641341159579408
010306,Amazonas,Florida,2015,0.398065,0.0,0.247483985399499,0.0,2391.464979053847,20.641341159579408
010306,Amazonas,Florida,2016,0.407844,0.0,0.247483985399499,0.0,2391.464979053847,20.641341159579408
010306,Amazonas,Florida,2017,0.421742,0.0,0.247483985399499,0.0,2391.464979053847,20.641341159579408
010306,Amazonas,Florida,2018,0.426911,0.0,0.247483985399499,0.0,2391.464979053847,20.641341159579408
010306,Amazonas,Florida,2019,0.423109,0.002006,0.247483985399499,0.0,2391.464979053847,20.641341159579408
010306,Amazonas,Florida,2020,0.424326,0.002006,0.247483985399499,0.0,2391.464979053847,20.641341159579408
010306,Amazonas,Florida,2021,0.414715,0.009461,0.247483985399499,0.0,2391.464979053847,20.641341159579408
010306,Amazonas,Florida,2022,0.42276,0.009461,0.247483985399499,0.0,2391.464979053847,20.641341159579408
010306,Amazonas,Florida,2023,0.435933,0.009461,0.247483985399499,0.0,2391.464979053847,20.641341159579408
010306,Amazonas,Florida,2024,0.434062,0.009461,0.247483985399499,0.0,2391.464979053847,20.641341159579408
010307,Amazonas,Jazan,1985,0.275482,0.0,0.3960560785610571,0.1476486312501973,1926.997654749133,25.035460784435067
010307,Amazonas,Jazan,1986,0.274519,0.0,0.3960560785610571,0.1476486312501973,1926.997654749133,25.035460784435067
010307,Amazonas,Jazan,1987,0.373102,0.0,0.3960560785610571,0.1476486312501973,1926.997654749133,25.035460784435067
010307,Amazonas,Jazan,1988,0.393533,0.0,0.3960560785610571,0.1476486312501973,1926.997654749133,25.035460784435067
010307,Amazonas,Jazan,1989,0.400484,0.0,0.3960560785610571,0.1476486312501973,1926.997654749133,25.035460784435067
010307,Amazonas,Jazan,1990,0.385102,0.0,0.3960560785610571,0.1476486312501973,1926.997654749133,25.035460784435067
010307,Amazonas,Jazan,1991,0.389634,0.0,0.3960560785610571,0.1476486312501973,1926.997654749133,25.035460784435067
010307,Amazonas,Jazan,1992,0.38246,0.0,0.3960560785610571,0.1476486312501973,1926.997654749133,25.035460784435067
010307,Amazonas,Jazan,1993,0.380276,0.0,0.3960560785610571,0.1476486312501973,1926.997654749133,25.035460784435067
010307,Amazonas,Jazan,1994,0.370954,0.0,0.3960560785610571,0.1476486312501973,1926.997654749133,25.035460784435067
010307,Amazonas,Jazan,1995,0.372069,0.0,0.3960560785610571,0.1476486312501973,1926.997654749133,25.035460784435067
010307,Amazonas,Jazan,1996,0.392124,0.0,0.3960560785610571,0.1476486312501973,1926.997654749133,25.035460784435067
010307,Amazonas,Jazan,1997,0.431294,0.0,0.3960560785610571,0.1476486312501973,1926.997654749133,25.035460784435067
010307,Amazonas,Jazan,1998,0.430108,0.0,0.3960560785610571,0.1476486312501973,1926.997654749133,25.035460784435067
010307,Amazonas,Jazan,1999,0.431341,0.0,0.3960560785610571,0.1476486312501973,1926.997654749133,25.035460784435067
010307,Amazonas,Jazan,2000,0.434077,0.0,0.3960560785610571,0.1476486312501973,1926.997654749133,25.035460784435067
010307,Amazonas,Jazan,2001,0.438045,0.0,0.3960560785610571,0.1476486312501973,1926.997654749133,25.035460784435067
010307,Amazonas,Jazan,2002,0.43302,0.0,0.3960560785610571,0.1476486312501973,1926.997654749133,25.035460784435067
010307,Amazonas,Jazan,2003,0.427572,0.0,0.3960560785610571,0.1476486312501973,1926.997654749133,25.035460784435067
010307,Amazonas,Jazan,2004,0.428887,0.0,0.3960560785610571,0.1476486312501973,1926.997654749133,25.035460784435067
010307,Amazonas,Jazan,2005,0.398006,0.0,0.3960560785610571,0.1476486312501973,1926.997654749133,25.035460784435067
010307,Amazonas,Jazan,2006,0.401998,0.0,0.3960560785610571,0.1476486312501973,1926.997654749133,25.035460784435067
010307,Amazonas,Jazan,2007,0.398429,0.0,0.3960560785610571,0.1476486312501973,1926.997654749133,25.035460784435067
010307,Amazonas,Jazan,2008,0.401341,0.0,0.3960560785610571,0.1476486312501973,1926.997654749133,25.035460784435067
010307,Amazonas,Jazan,2009,0.406296,0.0,0.3960560785610571,0.1476486312501973,1926.997654749133,25.035460784435067
010307,Amazonas,Jazan,2010,0.410358,0.0,0.3960560785610571,0.1476486312501973,1926.997654749133,25.035460784435067
010307,Amazonas,Jazan,2011,0.412038,0.0,0.3960560785610571,0.1476486312501973,1926.997654749133,25.035460784435067
010307,Amazonas,Jazan,2012,0.417075,0.0,0.3960560785610571,0.1476486312501973,1926.997654749133,25.035460784435067
010307,Amazonas,Jazan,2013,0.415419,0.0,0.3960560785610571,0.1476486312501973,1926.997654749133,25.035460784435067
010307,Amazonas,Jazan,2014,0.423063,0.0,0.3960560785610571,0.1476486312501973,1926.997654749133,25.035460784435067
010307,Amazonas,Jazan,2015,0.420174,0.0,0.3960560785610571,0.1476486312501973,1926.997654749133,25.035460784435067
010307,Amazonas,Jazan,2016,0.436718,0.0,0.3960560785610571,0.1476486312501973,1926.997654749133,25.035460784435067
010307,Amazonas,Jazan,2017,0.424812,0.0,0.3960560785610571,0.1476486312501973,1926.997654749133,25.035460784435067
010307,Amazonas,Jazan,2018,0.411908,0.0,0.3960560785610571,0.1476486312501973,1926.997654749133,25.035460784435067
010307,Amazonas,Jazan,2019,0.417321,0.0,0.3960560785610571,0.1476486312501973,1926.997654749133,25.035460784435067
010307,Amazonas,Jazan,2020,0.410969,0.0,0.3960560785610571,0.1476486312501973,1926.997654749133,25.035460784435067
010307,Amazonas,Jazan,2021,0.410969,0.0,0.3960560785610571,0.1476486312501973,1926.997654749133,25.035460784435067
010307,Amazonas,Jazan,2022,0.411286,0.0,0.3960560785610571,0.1476486312501973,1926.997654749133,25.035460784435067
010307,Amazonas,Jazan,2023,0.413388,0.0,0.3960560785610571,0.1476486312501973,1926.997654749133,25.035460784435067
010307,Amazonas,Jazan,2024,0.411685,0.0,0.3960560785610571,0.1476486312501973,1926.997654749133,25.035460784435067
010308,Amazonas,Recta,1985,0.500508,0.0,0.5870700436019317,0.0,2471.9699245588035,16.85762565208668
010308,Amazonas,Recta,1986,0.499524,0.0,0.5870700436019317,0.0,2471.9699245588035,16.85762565208668
010308,Amazonas,Recta,1987,0.556747,0.0,0.5870700436019317,0.0,2471.9699245588035,16.85762565208668
010308,Amazonas,Recta,1988,0.566453,0.0,0.5870700436019317,0.0,2471.9699245588035,16.85762565208668
010308,Amazonas,Recta,1989,0.573971,0.0,0.5870700436019317,0.0,2471.9699245588035,16.85762565208668
010308,Amazonas,Recta,1990,0.579997,0.0,0.5870700436019317,0.0,2471.9699245588035,16.85762565208668
010308,Amazonas,Recta,1991,0.594049,0.0,0.5870700436019317,0.0,2471.9699245588035,16.85762565208668
010308,Amazonas,Recta,1992,0.593574,0.0,0.5870700436019317,0.0,2471.9699245588035,16.85762565208668
010308,Amazonas,Recta,1993,0.590909,0.0,0.5870700436019317,0.0,2471.9699245588035,16.85762565208668
010308,Amazonas,Recta,1994,0.593256,0.0,0.5870700436019317,0.0,2471.9699245588035,16.85762565208668
010308,Amazonas,Recta,1995,0.568896,0.0,0.5870700436019317,0.0,2471.9699245588035,16.85762565208668
010308,Amazonas,Recta,1996,0.562932,0.0,0.5870700436019317,0.0,2471.9699245588035,16.85762565208668
010308,Amazonas,Recta,1997,0.576762,0.0,0.5870700436019317,0.0,2471.9699245588035,16.85762565208668
010308,Amazonas,Recta,1998,0.571972,0.0,0.5870700436019317,0.0,2471.9699245588035,16.85762565208668
010308,Amazonas,Recta,1999,0.570894,0.0,0.5870700436019317,0.0,2471.9699245588035,16.85762565208668
010308,Amazonas,Recta,2000,0.561473,0.0,0.5870700436019317,0.0,2471.9699245588035,16.85762565208668
010308,Amazonas,Recta,2001,0.561695,0.0,0.5870700436019317,0.0,2471.9699245588035,16.85762565208668
010308,Amazonas,Recta,2002,0.575144,0.0,0.5870700436019317,0.0,2471.9699245588035,16.85762565208668
010308,Amazonas,Recta,2003,0.569974,0.0,0.5870700436019317,0.0,2471.9699245588035,16.85762565208668
010308,Amazonas,Recta,2004,0.577809,0.0,0.5870700436019317,0.0,2471.9699245588035,16.85762565208668
010308,Amazonas,Recta,2005,0.600266,0.0,0.5870700436019317,0.0,2471.9699245588035,16.85762565208668
010308,Amazonas,Recta,2006,0.603629,0.0,0.5870700436019317,0.0,2471.9699245588035,16.85762565208668
010308,Amazonas,Recta,2007,0.606008,0.0,0.5870700436019317,0.0,2471.9699245588035,16.85762565208668
010308,Amazonas,Recta,2008,0.61527,0.0,0.5870700436019317,0.0,2471.9699245588035,16.85762565208668
010308,Amazonas,Recta,2009,0.619964,0.0,0.5870700436019317,0.0,2471.9699245588035,16.85762565208668
010308,Amazonas,Recta,2010,0.62247,0.0,0.5870700436019317,0.0,2471.9699245588035,16.85762565208668
010308,Amazonas,Recta,2011,0.609402,0.0,0.5870700436019317,0.0,2471.9699245588035,16.85762565208668
010308,Amazonas,Recta,2012,0.60864,0.0,0.5870700436019317,0.0,2471.9699245588035,16.85762565208668
010308,Amazonas,Recta,2013,0.609719,0.0,0.5870700436019317,0.0,2471.9699245588035,16.85762565208668
010308,Amazonas,Recta,2014,0.60845,0.0,0.5870700436019317,0.0,2471.9699245588035,16.85762565208668
010308,Amazonas,Recta,2015,0.605405,0.0,0.5870700436019317,0.0,2471.9699245588035,16.85762565208668
010308,Amazonas,Recta,2016,0.607467,0.0,0.5870700436019317,0.0,2471.9699245588035,16.85762565208668
010308,Amazonas,Recta,2017,0.606959,0.0,0.5870700436019317,0.0,2471.9699245588035,16.85762565208668
010308,Amazonas,Recta,2018,0.613018,0.0,0.5870700436019317,0.0,2471.9699245588035,16.85762565208668
010308,Amazonas,Recta,2019,0.611368,0.0,0.5870700436019317,0.0,2471.9699245588035,16.85762565208668
010308,Amazonas,Recta,2020,0.613145,0.0,0.5870700436019317,0.0,2471.9699245588035,16.85762565208668
010308,Amazonas,Recta,2021,0.611464,0.0,0.5870700436019317,0.0,2471.9699245588035,16.85762565208668
010308,Amazonas,Recta,2022,0.629163,0.0,0.5870700436019317,0.0,2471.9699245588035,16.85762565208668
010308,Amazonas,Recta,2023,0.642073,0.0,0.5870700436019317,0.0,2471.9699245588035,16.85762565208668
010308,Amazonas,Recta,2024,0.641946,0.0,0.5870700436019317,0.0,2471.9699245588035,16.85762565208668
010310,Amazonas,Shipasbamba,1985,0.197594,0.0,0.0997540603233329,0.0780953697933901,2078.477058202654,29.559614363392942
010310,Amazonas,Shipasbamba,1986,0.197133,0.0,0.0997540603233329,0.0780953697933901,2078.477058202654,29.559614363392942
010310,Amazonas,Shipasbamba,1987,0.194777,0.0,0.0997540603233329,0.0780953697933901,2078.477058202654,29.559614363392942
010310,Amazonas,Shipasbamba,1988,0.195622,0.0,0.0997540603233329,0.0780953697933901,2078.477058202654,29.559614363392942
010310,Amazonas,Shipasbamba,1989,0.197069,0.0,0.0997540603233329,0.0780953697933901,2078.477058202654,29.559614363392942
010310,Amazonas,Shipasbamba,1990,0.190846,0.0,0.0997540603233329,0.0780953697933901,2078.477058202654,29.559614363392942
010310,Amazonas,Shipasbamba,1991,0.19648,0.0,0.0997540603233329,0.0780953697933901,2078.477058202654,29.559614363392942
010310,Amazonas,Shipasbamba,1992,0.187511,0.0,0.0997540603233329,0.0780953697933901,2078.477058202654,29.559614363392942
010310,Amazonas,Shipasbamba,1993,0.194259,0.0,0.0997540603233329,0.0780953697933901,2078.477058202654,29.559614363392942
010310,Amazonas,Shipasbamba,1994,0.202356,0.0,0.0997540603233329,0.0780953697933901,2078.477058202654,29.559614363392942
010310,Amazonas,Shipasbamba,1995,0.200312,0.0,0.0997540603233329,0.0780953697933901,2078.477058202654,29.559614363392942
010310,Amazonas,Shipasbamba,1996,0.210999,0.0,0.0997540603233329,0.0780953697933901,2078.477058202654,29.559614363392942
010310,Amazonas,Shipasbamba,1997,0.215307,0.0,0.0997540603233329,0.0780953697933901,2078.477058202654,29.559614363392942
010310,Amazonas,Shipasbamba,1998,0.217549,0.0,0.0997540603233329,0.0780953697933901,2078.477058202654,29.559614363392942
010310,Amazonas,Shipasbamba,1999,0.216981,0.0,0.0997540603233329,0.0780953697933901,2078.477058202654,29.559614363392942
010310,Amazonas,Shipasbamba,2000,0.218947,0.0,0.0997540603233329,0.0780953697933901,2078.477058202654,29.559614363392942
010310,Amazonas,Shipasbamba,2001,0.215988,0.0,0.0997540603233329,0.0780953697933901,2078.477058202654,29.559614363392942
010310,Amazonas,Shipasbamba,2002,0.227008,0.0,0.0997540603233329,0.0780953697933901,2078.477058202654,29.559614363392942
010310,Amazonas,Shipasbamba,2003,0.21972,0.0,0.0997540603233329,0.0780953697933901,2078.477058202654,29.559614363392942
010310,Amazonas,Shipasbamba,2004,0.22522,0.0,0.0997540603233329,0.0780953697933901,2078.477058202654,29.559614363392942
010310,Amazonas,Shipasbamba,2005,0.225156,0.0,0.0997540603233329,0.0780953697933901,2078.477058202654,29.559614363392942
010310,Amazonas,Shipasbamba,2006,0.220565,0.0,0.0997540603233329,0.0780953697933901,2078.477058202654,29.559614363392942
010310,Amazonas,Shipasbamba,2007,0.226653,0.0,0.0997540603233329,0.0780953697933901,2078.477058202654,29.559614363392942
010310,Amazonas,Shipasbamba,2008,0.224546,0.0,0.0997540603233329,0.0780953697933901,2078.477058202654,29.559614363392942
010310,Amazonas,Shipasbamba,2009,0.229861,0.0,0.0997540603233329,0.0780953697933901,2078.477058202654,29.559614363392942
010310,Amazonas,Shipasbamba,2010,0.238611,0.0,0.0997540603233329,0.0780953697933901,2078.477058202654,29.559614363392942
010310,Amazonas,Shipasbamba,2011,0.229577,0.0,0.0997540603233329,0.0780953697933901,2078.477058202654,29.559614363392942
010310,Amazonas,Shipasbamba,2012,0.222353,0.0,0.0997540603233329,0.0780953697933901,2078.477058202654,29.559614363392942
010310,Amazonas,Shipasbamba,2013,0.223758,0.0,0.0997540603233329,0.0780953697933901,2078.477058202654,29.559614363392942
010310,Amazonas,Shipasbamba,2014,0.223489,0.0,0.0997540603233329,0.0780953697933901,2078.477058202654,29.559614363392942
010310,Amazonas,Shipasbamba,2015,0.222183,0.0,0.0997540603233329,0.0780953697933901,2078.477058202654,29.559614363392942
010310,Amazonas,Shipasbamba,2016,0.231174,0.0,0.0997540603233329,0.0780953697933901,2078.477058202654,29.559614363392942
010310,Amazonas,Shipasbamba,2017,0.241697,0.0,0.0997540603233329,0.0780953697933901,2078.477058202654,29.559614363392942
010310,Amazonas,Shipasbamba,2018,0.254286,0.0,0.0997540603233329,0.0780953697933901,2078.477058202654,29.559614363392942
010310,Amazonas,Shipasbamba,2019,0.247743,0.0,0.0997540603233329,0.0780953697933901,2078.477058202654,29.559614363392942
010310,Amazonas,Shipasbamba,2020,0.250844,0.0,0.0997540603233329,0.0780953697933901,2078.477058202654,29.559614363392942
010310,Amazonas,Shipasbamba,2021,0.235659,0.0,0.0997540603233329,0.0780953697933901,2078.477058202654,29.559614363392942
010310,Amazonas,Shipasbamba,2022,0.229833,0.0,0.0997540603233329,0.0780953697933901,2078.477058202654,29.559614363392942
010310,Amazonas,Shipasbamba,2023,0.244344,0.0,0.0997540603233329,0.0780953697933901,2078.477058202654,29.559614363392942
010310,Amazonas,Shipasbamba,2024,0.242783,0.0,0.0997540603233329,0.0780953697933901,2078.477058202654,29.559614363392942
010311,Amazonas,Valera,1985,0.18597,0.0,0.2487004087300691,0.0638672018940908,2218.6366267803505,23.17973266981597
010311,Amazonas,Valera,1986,0.185059,0.0,0.2487004087300691,0.0638672018940908,2218.6366267803505,23.17973266981597
010311,Amazonas,Valera,1987,0.177513,0.0,0.2487004087300691,0.0638672018940908,2218.6366267803505,23.17973266981597
010311,Amazonas,Valera,1988,0.179564,0.0,0.2487004087300691,0.0638672018940908,2218.6366267803505,23.17973266981597
010311,Amazonas,Valera,1989,0.179302,0.0,0.2487004087300691,0.0638672018940908,2218.6366267803505,23.17973266981597
010311,Amazonas,Valera,1990,0.163845,0.0,0.2487004087300691,0.0638672018940908,2218.6366267803505,23.17973266981597
010311,Amazonas,Valera,1991,0.154692,0.0,0.2487004087300691,0.0638672018940908,2218.6366267803505,23.17973266981597
010311,Amazonas,Valera,1992,0.153678,0.0,0.2487004087300691,0.0638672018940908,2218.6366267803505,23.17973266981597
010311,Amazonas,Valera,1993,0.149768,0.0,0.2487004087300691,0.0638672018940908,2218.6366267803505,23.17973266981597
010311,Amazonas,Valera,1994,0.156698,0.0,0.2487004087300691,0.0638672018940908,2218.6366267803505,23.17973266981597
010311,Amazonas,Valera,1995,0.166216,0.0,0.2487004087300691,0.0638672018940908,2218.6366267803505,23.17973266981597
010311,Amazonas,Valera,1996,0.169545,0.0,0.2487004087300691,0.0638672018940908,2218.6366267803505,23.17973266981597
010311,Amazonas,Valera,1997,0.183383,0.0,0.2487004087300691,0.0638672018940908,2218.6366267803505,23.17973266981597
010311,Amazonas,Valera,1998,0.169055,0.0,0.2487004087300691,0.0638672018940908,2218.6366267803505,23.17973266981597
010311,Amazonas,Valera,1999,0.158465,0.0,0.2487004087300691,0.0638672018940908,2218.6366267803505,23.17973266981597
010311,Amazonas,Valera,2000,0.151466,0.0,0.2487004087300691,0.0638672018940908,2218.6366267803505,23.17973266981597
010311,Amazonas,Valera,2001,0.160243,0.0,0.2487004087300691,0.0638672018940908,2218.6366267803505,23.17973266981597
010311,Amazonas,Valera,2002,0.164199,0.0,0.2487004087300691,0.0638672018940908,2218.6366267803505,23.17973266981597
010311,Amazonas,Valera,2003,0.161873,0.0,0.2487004087300691,0.0638672018940908,2218.6366267803505,23.17973266981597
010311,Amazonas,Valera,2004,0.167425,0.0,0.2487004087300691,0.0638672018940908,2218.6366267803505,23.17973266981597
010311,Amazonas,Valera,2005,0.17081,0.0,0.2487004087300691,0.0638672018940908,2218.6366267803505,23.17973266981597
010311,Amazonas,Valera,2006,0.173831,0.0,0.2487004087300691,0.0638672018940908,2218.6366267803505,23.17973266981597
010311,Amazonas,Valera,2007,0.173386,0.0,0.2487004087300691,0.0638672018940908,2218.6366267803505,23.17973266981597
010311,Amazonas,Valera,2008,0.162694,0.0,0.2487004087300691,0.0638672018940908,2218.6366267803505,23.17973266981597
010311,Amazonas,Valera,2009,0.160129,0.0,0.2487004087300691,0.0638672018940908,2218.6366267803505,23.17973266981597
010311,Amazonas,Valera,2010,0.167983,0.0,0.2487004087300691,0.0638672018940908,2218.6366267803505,23.17973266981597
010311,Amazonas,Valera,2011,0.159571,0.0,0.2487004087300691,0.0638672018940908,2218.6366267803505,23.17973266981597
010311,Amazonas,Valera,2012,0.157154,0.0,0.2487004087300691,0.0638672018940908,2218.6366267803505,23.17973266981597
010311,Amazonas,Valera,2013,0.163515,0.0,0.2487004087300691,0.0638672018940908,2218.6366267803505,23.17973266981597
010311,Amazonas,Valera,2014,0.166661,0.0,0.2487004087300691,0.0638672018940908,2218.6366267803505,23.17973266981597
010311,Amazonas,Valera,2015,0.162535,0.0,0.2487004087300691,0.0638672018940908,2218.6366267803505,23.17973266981597
010311,Amazonas,Valera,2016,0.160848,0.0,0.2487004087300691,0.0638672018940908,2218.6366267803505,23.17973266981597
010311,Amazonas,Valera,2017,0.157816,0.0,0.2487004087300691,0.0638672018940908,2218.6366267803505,23.17973266981597
010311,Amazonas,Valera,2018,0.156892,0.0,0.2487004087300691,0.0638672018940908,2218.6366267803505,23.17973266981597
010311,Amazonas,Valera,2019,0.153701,0.016214,0.2487004087300691,0.0638672018940908,2218.6366267803505,23.17973266981597
010311,Amazonas,Valera,2020,0.151672,0.016214,0.2487004087300691,0.0638672018940908,2218.6366267803505,23.17973266981597
010311,Amazonas,Valera,2021,0.14229,0.016214,0.2487004087300691,0.0638672018940908,2218.6366267803505,23.17973266981597
010311,Amazonas,Valera,2022,0.142165,0.016214,0.2487004087300691,0.0638672018940908,2218.6366267803505,23.17973266981597
010311,Amazonas,Valera,2023,0.142587,0.016214,0.2487004087300691,0.0638672018940908,2218.6366267803505,23.17973266981597
010311,Amazonas,Valera,2024,0.144103,0.016214,0.2487004087300691,0.0638672018940908,2218.6366267803505,23.17973266981597
010502,Amazonas,Camporredondo,1985,0.272919,0.0,0.2191260583517021,0.0341713194838591,1684.3405460724323,24.571237048490797
010502,Amazonas,Camporredondo,1986,0.272898,0.0,0.2191260583517021,0.0341713194838591,1684.3405460724323,24.571237048490797
010502,Amazonas,Camporredondo,1987,0.32547,0.0,0.2191260583517021,0.0341713194838591,1684.3405460724323,24.571237048490797
010502,Amazonas,Camporredondo,1988,0.315305,0.0,0.2191260583517021,0.0341713194838591,1684.3405460724323,24.571237048490797
010502,Amazonas,Camporredondo,1989,0.315009,0.0,0.2191260583517021,0.0341713194838591,1684.3405460724323,24.571237048490797
010502,Amazonas,Camporredondo,1990,0.321869,0.0,0.2191260583517021,0.0341713194838591,1684.3405460724323,24.571237048490797
010502,Amazonas,Camporredondo,1991,0.31824,0.0,0.2191260583517021,0.0341713194838591,1684.3405460724323,24.571237048490797
010502,Amazonas,Camporredondo,1992,0.328356,0.0,0.2191260583517021,0.0341713194838591,1684.3405460724323,24.571237048490797
010502,Amazonas,Camporredondo,1993,0.328966,0.0,0.2191260583517021,0.0341713194838591,1684.3405460724323,24.571237048490797
010502,Amazonas,Camporredondo,1994,0.303247,0.0,0.2191260583517021,0.0341713194838591,1684.3405460724323,24.571237048490797
010502,Amazonas,Camporredondo,1995,0.314472,0.0,0.2191260583517021,0.0341713194838591,1684.3405460724323,24.571237048490797
010502,Amazonas,Camporredondo,1996,0.318447,0.0,0.2191260583517021,0.0341713194838591,1684.3405460724323,24.571237048490797
010502,Amazonas,Camporredondo,1997,0.319752,0.0,0.2191260583517021,0.0341713194838591,1684.3405460724323,24.571237048490797
010502,Amazonas,Camporredondo,1998,0.328848,0.0,0.2191260583517021,0.0341713194838591,1684.3405460724323,24.571237048490797
010502,Amazonas,Camporredondo,1999,0.318195,0.0,0.2191260583517021,0.0341713194838591,1684.3405460724323,24.571237048490797
010502,Amazonas,Camporredondo,2000,0.310424,0.0,0.2191260583517021,0.0341713194838591,1684.3405460724323,24.571237048490797
010502,Amazonas,Camporredondo,2001,0.312542,0.0,0.2191260583517021,0.0341713194838591,1684.3405460724323,24.571237048490797
010502,Amazonas,Camporredondo,2002,0.308977,0.0,0.2191260583517021,0.0341713194838591,1684.3405460724323,24.571237048490797
010502,Amazonas,Camporredondo,2003,0.311668,0.0,0.2191260583517021,0.0341713194838591,1684.3405460724323,24.571237048490797
010502,Amazonas,Camporredondo,2004,0.302507,0.0,0.2191260583517021,0.0341713194838591,1684.3405460724323,24.571237048490797
010502,Amazonas,Camporredondo,2005,0.297524,0.0,0.2191260583517021,0.0341713194838591,1684.3405460724323,24.571237048490797
010502,Amazonas,Camporredondo,2006,0.300775,0.0,0.2191260583517021,0.0341713194838591,1684.3405460724323,24.571237048490797
010502,Amazonas,Camporredondo,2007,0.303539,0.0,0.2191260583517021,0.0341713194838591,1684.3405460724323,24.571237048490797
010502,Amazonas,Camporredondo,2008,0.311928,0.0,0.2191260583517021,0.0341713194838591,1684.3405460724323,24.571237048490797
010502,Amazonas,Camporredondo,2009,0.320325,0.0,0.2191260583517021,0.0341713194838591,1684.3405460724323,24.571237048490797
010502,Amazonas,Camporredondo,2010,0.321735,0.0,0.2191260583517021,0.0341713194838591,1684.3405460724323,24.571237048490797
010502,Amazonas,Camporredondo,2011,0.321642,0.0,0.2191260583517021,0.0341713194838591,1684.3405460724323,24.571237048490797
010502,Amazonas,Camporredondo,2012,0.322532,0.0,0.2191260583517021,0.0341713194838591,1684.3405460724323,24.571237048490797
010502,Amazonas,Camporredondo,2013,0.320325,0.0,0.2191260583517021,0.0341713194838591,1684.3405460724323,24.571237048490797
010502,Amazonas,Camporredondo,2014,0.319366,0.0,0.2191260583517021,0.0341713194838591,1684.3405460724323,24.571237048490797
010502,Amazonas,Camporredondo,2015,0.318337,0.0,0.2191260583517021,0.0341713194838591,1684.3405460724323,24.571237048490797
010502,Amazonas,Camporredondo,2016,0.298284,0.0,0.2191260583517021,0.0341713194838591,1684.3405460724323,24.571237048490797
010502,Amazonas,Camporredondo,2017,0.306722,0.0,0.2191260583517021,0.0341713194838591,1684.3405460724323,24.571237048490797
010502,Amazonas,Camporredondo,2018,0.316126,0.0,0.2191260583517021,0.0341713194838591,1684.3405460724323,24.571237048490797
010502,Amazonas,Camporredondo,2019,0.323105,0.0,0.2191260583517021,0.0341713194838591,1684.3405460724323,24.571237048490797
010502,Amazonas,Camporredondo,2020,0.329441,0.0,0.2191260583517021,0.0341713194838591,1684.3405460724323,24.571237048490797
010502,Amazonas,Camporredondo,2021,0.335147,0.0,0.2191260583517021,0.0341713194838591,1684.3405460724323,24.571237048490797
010502,Amazonas,Camporredondo,2022,0.325552,0.0,0.2191260583517021,0.0341713194838591,1684.3405460724323,24.571237048490797
010502,Amazonas,Camporredondo,2023,0.32814,0.0,0.2191260583517021,0.0341713194838591,1684.3405460724323,24.571237048490797
010502,Amazonas,Camporredondo,2024,0.334302,0.0,0.2191260583517021,0.0341713194838591,1684.3405460724323,24.571237048490797
010503,Amazonas,Cocabamba,1985,0.113291,0.0,0.0952664228491007,0.0136005008242622,2238.088770577313,29.94299609343857
010503,Amazonas,Cocabamba,1986,0.113291,0.0,0.0952664228491007,0.0136005008242622,2238.088770577313,29.94299609343857
010503,Amazonas,Cocabamba,1987,0.10618,0.0,0.0952664228491007,0.0136005008242622,2238.088770577313,29.94299609343857
010503,Amazonas,Cocabamba,1988,0.115479,0.0,0.0952664228491007,0.0136005008242622,2238.088770577313,29.94299609343857
010503,Amazonas,Cocabamba,1989,0.12121,0.0,0.0952664228491007,0.0136005008242622,2238.088770577313,29.94299609343857
010503,Amazonas,Cocabamba,1990,0.123512,0.0,0.0952664228491007,0.0136005008242622,2238.088770577313,29.94299609343857
010503,Amazonas,Cocabamba,1991,0.122835,0.0,0.0952664228491007,0.0136005008242622,2238.088770577313,29.94299609343857
010503,Amazonas,Cocabamba,1992,0.127005,0.0,0.0952664228491007,0.0136005008242622,2238.088770577313,29.94299609343857
010503,Amazonas,Cocabamba,1993,0.128719,0.0,0.0952664228491007,0.0136005008242622,2238.088770577313,29.94299609343857
010503,Amazonas,Cocabamba,1994,0.127146,0.0,0.0952664228491007,0.0136005008242622,2238.088770577313,29.94299609343857
010503,Amazonas,Cocabamba,1995,0.130464,0.0,0.0952664228491007,0.0136005008242622,2238.088770577313,29.94299609343857
010503,Amazonas,Cocabamba,1996,0.123911,0.0,0.0952664228491007,0.0136005008242622,2238.088770577313,29.94299609343857
010503,Amazonas,Cocabamba,1997,0.118209,0.0,0.0952664228491007,0.0136005008242622,2238.088770577313,29.94299609343857
010503,Amazonas,Cocabamba,1998,0.121619,0.0,0.0952664228491007,0.0136005008242622,2238.088770577313,29.94299609343857
010503,Amazonas,Cocabamba,1999,0.118957,0.0,0.0952664228491007,0.0136005008242622,2238.088770577313,29.94299609343857
010503,Amazonas,Cocabamba,2000,0.120647,0.0,0.0952664228491007,0.0136005008242622,2238.088770577313,29.94299609343857
010503,Amazonas,Cocabamba,2001,0.120981,0.0,0.0952664228491007,0.0136005008242622,2238.088770577313,29.94299609343857
010503,Amazonas,Cocabamba,2002,0.118404,0.0,0.0952664228491007,0.0136005008242622,2238.088770577313,29.94299609343857
010503,Amazonas,Cocabamba,2003,0.123364,0.0,0.0952664228491007,0.0136005008242622,2238.088770577313,29.94299609343857
010503,Amazonas,Cocabamba,2004,0.132069,0.0,0.0952664228491007,0.0136005008242622,2238.088770577313,29.94299609343857
010503,Amazonas,Cocabamba,2005,0.136789,0.0,0.0952664228491007,0.0136005008242622,2238.088770577313,29.94299609343857
010503,Amazonas,Cocabamba,2006,0.135499,0.0,0.0952664228491007,0.0136005008242622,2238.088770577313,29.94299609343857
010503,Amazonas,Cocabamba,2007,0.138268,0.0,0.0952664228491007,0.0136005008242622,2238.088770577313,29.94299609343857
010503,Amazonas,Cocabamba,2008,0.144739,0.0,0.0952664228491007,0.0136005008242622,2238.088770577313,29.94299609343857
010503,Amazonas,Cocabamba,2009,0.143061,0.0,0.0952664228491007,0.0136005008242622,2238.088770577313,29.94299609343857
010503,Amazonas,Cocabamba,2010,0.137677,0.0,0.0952664228491007,0.0136005008242622,2238.088770577313,29.94299609343857
010503,Amazonas,Cocabamba,2011,0.127878,0.0,0.0952664228491007,0.0136005008242622,2238.088770577313,29.94299609343857
010503,Amazonas,Cocabamba,2012,0.124614,0.0,0.0952664228491007,0.0136005008242622,2238.088770577313,29.94299609343857
010503,Amazonas,Cocabamba,2013,0.124166,0.0,0.0952664228491007,0.0136005008242622,2238.088770577313,29.94299609343857
010503,Amazonas,Cocabamba,2014,0.123559,0.0,0.0952664228491007,0.0136005008242622,2238.088770577313,29.94299609343857
010503,Amazonas,Cocabamba,2015,0.121877,0.0,0.0952664228491007,0.0136005008242622,2238.088770577313,29.94299609343857
010503,Amazonas,Cocabamba,2016,0.114781,0.0,0.0952664228491007,0.0136005008242622,2238.088770577313,29.94299609343857
010503,Amazonas,Cocabamba,2017,0.114857,0.0,0.0952664228491007,0.0136005008242622,2238.088770577313,29.94299609343857
010503,Amazonas,Cocabamba,2018,0.118063,0.139053,0.0952664228491007,0.0136005008242622,2238.088770577313,29.94299609343857
010503,Amazonas,Cocabamba,2019,0.113169,0.139053,0.0952664228491007,0.0136005008242622,2238.088770577313,29.94299609343857
010503,Amazonas,Cocabamba,2020,0.117,0.139053,0.0952664228491007,0.0136005008242622,2238.088770577313,29.94299609343857
010503,Amazonas,Cocabamba,2021,0.111228,0.139053,0.0952664228491007,0.0136005008242622,2238.088770577313,29.94299609343857
010503,Amazonas,Cocabamba,2022,0.116227,0.139053,0.0952664228491007,0.0136005008242622,2238.088770577313,29.94299609343857
010503,Amazonas,Cocabamba,2023,0.126982,0.139053,0.0952664228491007,0.0136005008242622,2238.088770577313,29.94299609343857
010503,Amazonas,Cocabamba,2024,0.130431,0.139053,0.0952664228491007,0.0136005008242622,2238.088770577313,29.94299609343857
010506,Amazonas,Inguilpata,1985,0.246204,0.0,0.1725366639126662,0.0168795890975058,2717.525520044632,22.54542002547287
010506,Amazonas,Inguilpata,1986,0.246137,0.0,0.1725366639126662,0.0168795890975058,2717.525520044632,22.54542002547287
010506,Amazonas,Inguilpata,1987,0.275782,0.0,0.1725366639126662,0.0168795890975058,2717.525520044632,22.54542002547287
010506,Amazonas,Inguilpata,1988,0.286412,0.0,0.1725366639126662,0.0168795890975058,2717.525520044632,22.54542002547287
010506,Amazonas,Inguilpata,1989,0.290418,0.0,0.1725366639126662,0.0168795890975058,2717.525520044632,22.54542002547287
010506,Amazonas,Inguilpata,1990,0.30236,0.0,0.1725366639126662,0.0168795890975058,2717.525520044632,22.54542002547287
010506,Amazonas,Inguilpata,1991,0.309509,0.0,0.1725366639126662,0.0168795890975058,2717.525520044632,22.54542002547287
010506,Amazonas,Inguilpata,1992,0.312922,0.0,0.1725366639126662,0.0168795890975058,2717.525520044632,22.54542002547287
010506,Amazonas,Inguilpata,1993,0.316245,0.0,0.1725366639126662,0.0168795890975058,2717.525520044632,22.54542002547287
010506,Amazonas,Inguilpata,1994,0.318601,0.0,0.1725366639126662,0.0168795890975058,2717.525520044632,22.54542002547287
010506,Amazonas,Inguilpata,1995,0.313605,0.0,0.1725366639126662,0.0168795890975058,2717.525520044632,22.54542002547287
010506,Amazonas,Inguilpata,1996,0.311309,0.0,0.1725366639126662,0.0168795890975058,2717.525520044632,22.54542002547287
010506,Amazonas,Inguilpata,1997,0.311189,0.0,0.1725366639126662,0.0168795890975058,2717.525520044632,22.54542002547287
010506,Amazonas,Inguilpata,1998,0.292068,0.0,0.1725366639126662,0.0168795890975058,2717.525520044632,22.54542002547287
010506,Amazonas,Inguilpata,1999,0.290455,0.0,0.1725366639126662,0.0168795890975058,2717.525520044632,22.54542002547287
010506,Amazonas,Inguilpata,2000,0.290463,0.0,0.1725366639126662,0.0168795890975058,2717.525520044632,22.54542002547287
010506,Amazonas,Inguilpata,2001,0.304295,0.0,0.1725366639126662,0.0168795890975058,2717.525520044632,22.54542002547287
010506,Amazonas,Inguilpata,2002,0.307588,0.0,0.1725366639126662,0.0168795890975058,2717.525520044632,22.54542002547287
010506,Amazonas,Inguilpata,2003,0.305398,0.0,0.1725366639126662,0.0168795890975058,2717.525520044632,22.54542002547287
010506,Amazonas,Inguilpata,2004,0.310552,0.0,0.1725366639126662,0.0168795890975058,2717.525520044632,22.54542002547287
010506,Amazonas,Inguilpata,2005,0.310356,0.0,0.1725366639126662,0.0168795890975058,2717.525520044632,22.54542002547287
010506,Amazonas,Inguilpata,2006,0.300762,0.0,0.1725366639126662,0.0168795890975058,2717.525520044632,22.54542002547287
010506,Amazonas,Inguilpata,2007,0.301265,0.0,0.1725366639126662,0.0168795890975058,2717.525520044632,22.54542002547287
010506,Amazonas,Inguilpata,2008,0.305571,0.0,0.1725366639126662,0.0168795890975058,2717.525520044632,22.54542002547287
010506,Amazonas,Inguilpata,2009,0.306126,0.0,0.1725366639126662,0.0168795890975058,2717.525520044632,22.54542002547287
010506,Amazonas,Inguilpata,2010,0.311249,0.0,0.1725366639126662,0.0168795890975058,2717.525520044632,22.54542002547287
010506,Amazonas,Inguilpata,2011,0.301197,0.02566,0.1725366639126662,0.0168795890975058,2717.525520044632,22.54542002547287
010506,Amazonas,Inguilpata,2012,0.289262,0.02566,0.1725366639126662,0.0168795890975058,2717.525520044632,22.54542002547287
010506,Amazonas,Inguilpata,2013,0.285437,0.02566,0.1725366639126662,0.0168795890975058,2717.525520044632,22.54542002547287
010506,Amazonas,Inguilpata,2014,0.273479,0.02566,0.1725366639126662,0.0168795890975058,2717.525520044632,22.54542002547287
010506,Amazonas,Inguilpata,2015,0.255784,0.02566,0.1725366639126662,0.0168795890975058,2717.525520044632,22.54542002547287
010506,Amazonas,Inguilpata,2016,0.248597,0.02566,0.1725366639126662,0.0168795890975058,2717.525520044632,22.54542002547287
010506,Amazonas,Inguilpata,2017,0.264823,0.02566,0.1725366639126662,0.0168795890975058,2717.525520044632,22.54542002547287
010506,Amazonas,Inguilpata,2018,0.268559,0.02566,0.1725366639126662,0.0168795890975058,2717.525520044632,22.54542002547287
010506,Amazonas,Inguilpata,2019,0.284349,0.02566,0.1725366639126662,0.0168795890975058,2717.525520044632,22.54542002547287
010506,Amazonas,Inguilpata,2020,0.288407,0.02566,0.1725366639126662,0.0168795890975058,2717.525520044632,22.54542002547287
010506,Amazonas,Inguilpata,2021,0.265918,0.02566,0.1725366639126662,0.0168795890975058,2717.525520044632,22.54542002547287
010506,Amazonas,Inguilpata,2022,0.268446,0.02566,0.1725366639126662,0.0168795890975058,2717.525520044632,22.54542002547287
010506,Amazonas,Inguilpata,2023,0.265558,0.02566,0.1725366639126662,0.0168795890975058,2717.525520044632,22.54542002547287
010506,Amazonas,Inguilpata,2024,0.268559,0.02566,0.1725366639126662,0.0168795890975058,2717.525520044632,22.54542002547287
010507,Amazonas,Longuita,1985,0.295068,0.0,0.3075383243524835,0.0,3187.6877002076526,24.208840123387727
010507,Amazonas,Longuita,1986,0.295068,0.0,0.3075383243524835,0.0,3187.6877002076526,24.208840123387727
010507,Amazonas,Longuita,1987,0.353769,0.0,0.3075383243524835,0.0,3187.6877002076526,24.208840123387727
010507,Amazonas,Longuita,1988,0.360313,0.0,0.3075383243524835,0.0,3187.6877002076526,24.208840123387727
010507,Amazonas,Longuita,1989,0.367857,0.0,0.3075383243524835,0.0,3187.6877002076526,24.208840123387727
010507,Amazonas,Longuita,1990,0.367691,0.0,0.3075383243524835,0.0,3187.6877002076526,24.208840123387727
010507,Amazonas,Longuita,1991,0.363328,0.0,0.3075383243524835,0.0,3187.6877002076526,24.208840123387727
010507,Amazonas,Longuita,1992,0.356041,0.0,0.3075383243524835,0.0,3187.6877002076526,24.208840123387727
010507,Amazonas,Longuita,1993,0.3646,0.0,0.3075383243524835,0.0,3187.6877002076526,24.208840123387727
010507,Amazonas,Longuita,1994,0.379052,0.0,0.3075383243524835,0.0,3187.6877002076526,24.208840123387727
010507,Amazonas,Longuita,1995,0.374523,0.0,0.3075383243524835,0.0,3187.6877002076526,24.208840123387727
010507,Amazonas,Longuita,1996,0.365358,0.0,0.3075383243524835,0.0,3187.6877002076526,24.208840123387727
010507,Amazonas,Longuita,1997,0.365479,0.0,0.3075383243524835,0.0,3187.6877002076526,24.208840123387727
010507,Amazonas,Longuita,1998,0.362858,0.0,0.3075383243524835,0.0,3187.6877002076526,24.208840123387727
010507,Amazonas,Longuita,1999,0.368645,0.0,0.3075383243524835,0.0,3187.6877002076526,24.208840123387727
010507,Amazonas,Longuita,2000,0.379037,0.0,0.3075383243524835,0.0,3187.6877002076526,24.208840123387727
010507,Amazonas,Longuita,2001,0.387566,0.0,0.3075383243524835,0.0,3187.6877002076526,24.208840123387727
010507,Amazonas,Longuita,2002,0.387975,0.0,0.3075383243524835,0.0,3187.6877002076526,24.208840123387727
010507,Amazonas,Longuita,2003,0.386551,0.0,0.3075383243524835,0.0,3187.6877002076526,24.208840123387727
010507,Amazonas,Longuita,2004,0.386369,0.0,0.3075383243524835,0.0,3187.6877002076526,24.208840123387727
010507,Amazonas,Longuita,2005,0.368887,0.0,0.3075383243524835,0.0,3187.6877002076526,24.208840123387727
010507,Amazonas,Longuita,2006,0.364964,0.00079,0.3075383243524835,0.0,3187.6877002076526,24.208840123387727
010507,Amazonas,Longuita,2007,0.36254,0.00079,0.3075383243524835,0.0,3187.6877002076526,24.208840123387727
010507,Amazonas,Longuita,2008,0.372993,0.00079,0.3075383243524835,0.0,3187.6877002076526,24.208840123387727
010507,Amazonas,Longuita,2009,0.390596,0.00079,0.3075383243524835,0.0,3187.6877002076526,24.208840123387727
010507,Amazonas,Longuita,2010,0.390262,0.00079,0.3075383243524835,0.0,3187.6877002076526,24.208840123387727
010507,Amazonas,Longuita,2011,0.368978,0.016174,0.3075383243524835,0.0,3187.6877002076526,24.208840123387727
010507,Amazonas,Longuita,2012,0.359813,0.016174,0.3075383243524835,0.0,3187.6877002076526,24.208840123387727
010507,Amazonas,Longuita,2013,0.353057,0.016174,0.3075383243524835,0.0,3187.6877002076526,24.208840123387727
010507,Amazonas,Longuita,2014,0.354632,0.016174,0.3075383243524835,0.0,3187.6877002076526,24.208840123387727
010507,Amazonas,Longuita,2015,0.357193,0.016174,0.3075383243524835,0.0,3187.6877002076526,24.208840123387727
010507,Amazonas,Longuita,2016,0.365328,0.016174,0.3075383243524835,0.0,3187.6877002076526,24.208840123387727
010507,Amazonas,Longuita,2017,0.375083,0.016174,0.3075383243524835,0.0,3187.6877002076526,24.208840123387727
010507,Amazonas,Longuita,2018,0.368054,0.016174,0.3075383243524835,0.0,3187.6877002076526,24.208840123387727
010507,Amazonas,Longuita,2019,0.378643,0.016174,0.3075383243524835,0.0,3187.6877002076526,24.208840123387727
010507,Amazonas,Longuita,2020,0.386475,0.016174,0.3075383243524835,0.0,3187.6877002076526,24.208840123387727
010507,Amazonas,Longuita,2021,0.361874,0.016174,0.3075383243524835,0.0,3187.6877002076526,24.208840123387727
010507,Amazonas,Longuita,2022,0.364449,0.016174,0.3075383243524835,0.0,3187.6877002076526,24.208840123387727
010507,Amazonas,Longuita,2023,0.361419,0.016174,0.3075383243524835,0.0,3187.6877002076526,24.208840123387727
010507,Amazonas,Longuita,2024,0.36913,0.016174,0.3075383243524835,0.0,3187.6877002076526,24.208840123387727
010508,Amazonas,Lonya Chico,1985,0.179313,0.0,0.509234777604406,0.0111997855077129,2631.727549425912,18.688148380482147
010508,Amazonas,Lonya Chico,1986,0.179262,0.0,0.509234777604406,0.0111997855077129,2631.727549425912,18.688148380482147
010508,Amazonas,Lonya Chico,1987,0.217676,0.0,0.509234777604406,0.0111997855077129,2631.727549425912,18.688148380482147
010508,Amazonas,Lonya Chico,1988,0.220438,0.0,0.509234777604406,0.0111997855077129,2631.727549425912,18.688148380482147
010508,Amazonas,Lonya Chico,1989,0.220682,0.0,0.509234777604406,0.0111997855077129,2631.727549425912,18.688148380482147
010508,Amazonas,Lonya Chico,1990,0.232041,0.0,0.509234777604406,0.0111997855077129,2631.727549425912,18.688148380482147
010508,Amazonas,Lonya Chico,1991,0.237093,0.0,0.509234777604406,0.0111997855077129,2631.727549425912,18.688148380482147
010508,Amazonas,Lonya Chico,1992,0.236543,0.0,0.509234777604406,0.0111997855077129,2631.727549425912,18.688148380482147
010508,Amazonas,Lonya Chico,1993,0.23419,0.0,0.509234777604406,0.0111997855077129,2631.727549425912,18.688148380482147
010508,Amazonas,Lonya Chico,1994,0.232322,0.0,0.509234777604406,0.0111997855077129,2631.727549425912,18.688148380482147
010508,Amazonas,Lonya Chico,1995,0.238155,0.0,0.509234777604406,0.0111997855077129,2631.727549425912,18.688148380482147
010508,Amazonas,Lonya Chico,1996,0.244679,0.0,0.509234777604406,0.0111997855077129,2631.727549425912,18.688148380482147
010508,Amazonas,Lonya Chico,1997,0.243208,0.0,0.509234777604406,0.0111997855077129,2631.727549425912,18.688148380482147
010508,Amazonas,Lonya Chico,1998,0.246674,0.0,0.509234777604406,0.0111997855077129,2631.727549425912,18.688148380482147
010508,Amazonas,Lonya Chico,1999,0.260221,0.0,0.509234777604406,0.0111997855077129,2631.727549425912,18.688148380482147
010508,Amazonas,Lonya Chico,2000,0.261193,0.0,0.509234777604406,0.0111997855077129,2631.727549425912,18.688148380482147
010508,Amazonas,Lonya Chico,2001,0.264071,0.0,0.509234777604406,0.0111997855077129,2631.727549425912,18.688148380482147
010508,Amazonas,Lonya Chico,2002,0.272564,0.0,0.509234777604406,0.0111997855077129,2631.727549425912,18.688148380482147
010508,Amazonas,Lonya Chico,2003,0.26952,0.0,0.509234777604406,0.0111997855077129,2631.727549425912,18.688148380482147
010508,Amazonas,Lonya Chico,2004,0.274637,0.0,0.509234777604406,0.0111997855077129,2631.727549425912,18.688148380482147
010508,Amazonas,Lonya Chico,2005,0.274726,0.0,0.509234777604406,0.0111997855077129,2631.727549425912,18.688148380482147
010508,Amazonas,Lonya Chico,2006,0.261039,0.0,0.509234777604406,0.0111997855077129,2631.727549425912,18.688148380482147
010508,Amazonas,Lonya Chico,2007,0.255871,0.0,0.509234777604406,0.0111997855077129,2631.727549425912,18.688148380482147
010508,Amazonas,Lonya Chico,2008,0.258609,0.0,0.509234777604406,0.0111997855077129,2631.727549425912,18.688148380482147
010508,Amazonas,Lonya Chico,2009,0.261896,0.0,0.509234777604406,0.0111997855077129,2631.727549425912,18.688148380482147
010508,Amazonas,Lonya Chico,2010,0.265491,0.0,0.509234777604406,0.0111997855077129,2631.727549425912,18.688148380482147
010508,Amazonas,Lonya Chico,2011,0.26402,0.0,0.509234777604406,0.0111997855077129,2631.727549425912,18.688148380482147
010508,Amazonas,Lonya Chico,2012,0.262625,0.0,0.509234777604406,0.0111997855077129,2631.727549425912,18.688148380482147
010508,Amazonas,Lonya Chico,2013,0.265094,0.0,0.509234777604406,0.0111997855077129,2631.727549425912,18.688148380482147
010508,Amazonas,Lonya Chico,2014,0.258711,0.0,0.509234777604406,0.0111997855077129,2631.727549425912,18.688148380482147
010508,Amazonas,Lonya Chico,2015,0.237784,0.0,0.509234777604406,0.0111997855077129,2631.727549425912,18.688148380482147
010508,Amazonas,Lonya Chico,2016,0.226578,0.0,0.509234777604406,0.0111997855077129,2631.727549425912,18.688148380482147
010508,Amazonas,Lonya Chico,2017,0.248363,0.0,0.509234777604406,0.0111997855077129,2631.727549425912,18.688148380482147
010508,Amazonas,Lonya Chico,2018,0.252149,0.0,0.509234777604406,0.0111997855077129,2631.727549425912,18.688148380482147
010508,Amazonas,Lonya Chico,2019,0.270735,0.0,0.509234777604406,0.0111997855077129,2631.727549425912,18.688148380482147
010508,Amazonas,Lonya Chico,2020,0.274253,0.0,0.509234777604406,0.0111997855077129,2631.727549425912,18.688148380482147
010508,Amazonas,Lonya Chico,2021,0.257726,0.0,0.509234777604406,0.0111997855077129,2631.727549425912,18.688148380482147
010508,Amazonas,Lonya Chico,2022,0.289923,0.0,0.509234777604406,0.0111997855077129,2631.727549425912,18.688148380482147
010508,Amazonas,Lonya Chico,2023,0.292379,0.0,0.509234777604406,0.0111997855077129,2631.727549425912,18.688148380482147
010508,Amazonas,Lonya Chico,2024,0.294413,0.0,0.509234777604406,0.0111997855077129,2631.727549425912,18.688148380482147
010510,Amazonas,Luya Viejo,1985,0.125427,0.0,0.1661820268289029,0.0,2559.387569549999,21.26532006920415
010510,Amazonas,Luya Viejo,1986,0.125427,0.0,0.1661820268289029,0.0,2559.387569549999,21.26532006920415
010510,Amazonas,Luya Viejo,1987,0.138386,0.0,0.1661820268289029,0.0,2559.387569549999,21.26532006920415
010510,Amazonas,Luya Viejo,1988,0.155349,0.0,0.1661820268289029,0.0,2559.387569549999,21.26532006920415
010510,Amazonas,Luya Viejo,1989,0.164894,0.0,0.1661820268289029,0.0,2559.387569549999,21.26532006920415
010510,Amazonas,Luya Viejo,1990,0.168557,0.0,0.1661820268289029,0.0,2559.387569549999,21.26532006920415
010510,Amazonas,Luya Viejo,1991,0.171131,0.0,0.1661820268289029,0.0,2559.387569549999,21.26532006920415
010510,Amazonas,Luya Viejo,1992,0.181293,0.0,0.1661820268289029,0.0,2559.387569549999,21.26532006920415
010510,Amazonas,Luya Viejo,1993,0.185705,0.0,0.1661820268289029,0.0,2559.387569549999,21.26532006920415
010510,Amazonas,Luya Viejo,1994,0.194974,0.0,0.1661820268289029,0.0,2559.387569549999,21.26532006920415
010510,Amazonas,Luya Viejo,1995,0.194436,0.0,0.1661820268289029,0.0,2559.387569549999,21.26532006920415
010510,Amazonas,Luya Viejo,1996,0.196523,0.0,0.1661820268289029,0.0,2559.387569549999,21.26532006920415
010510,Amazonas,Luya Viejo,1997,0.195394,0.0,0.1661820268289029,0.0,2559.387569549999,21.26532006920415
010510,Amazonas,Luya Viejo,1998,0.184287,0.0,0.1661820268289029,0.0,2559.387569549999,21.26532006920415
010510,Amazonas,Luya Viejo,1999,0.188751,0.0,0.1661820268289029,0.0,2559.387569549999,21.26532006920415
010510,Amazonas,Luya Viejo,2000,0.188685,0.0,0.1661820268289029,0.0,2559.387569549999,21.26532006920415
010510,Amazonas,Luya Viejo,2001,0.193687,0.0,0.1661820268289029,0.0,2559.387569549999,21.26532006920415
010510,Amazonas,Luya Viejo,2002,0.196733,0.0,0.1661820268289029,0.0,2559.387569549999,21.26532006920415
010510,Amazonas,Luya Viejo,2003,0.210664,0.0,0.1661820268289029,0.0,2559.387569549999,21.26532006920415
010510,Amazonas,Luya Viejo,2004,0.221443,0.0,0.1661820268289029,0.0,2559.387569549999,21.26532006920415
010510,Amazonas,Luya Viejo,2005,0.221246,0.0,0.1661820268289029,0.0,2559.387569549999,21.26532006920415
010510,Amazonas,Luya Viejo,2006,0.223255,0.0,0.1661820268289029,0.0,2559.387569549999,21.26532006920415
010510,Amazonas,Luya Viejo,2007,0.23582,0.0,0.1661820268289029,0.0,2559.387569549999,21.26532006920415
010510,Amazonas,Luya Viejo,2008,0.235636,0.0,0.1661820268289029,0.0,2559.387569549999,21.26532006920415
010510,Amazonas,Luya Viejo,2009,0.242818,0.0,0.1661820268289029,0.0,2559.387569549999,21.26532006920415
010510,Amazonas,Luya Viejo,2010,0.249396,0.0,0.1661820268289029,0.0,2559.387569549999,21.26532006920415
010510,Amazonas,Luya Viejo,2011,0.251943,0.0,0.1661820268289029,0.0,2559.387569549999,21.26532006920415
010510,Amazonas,Luya Viejo,2012,0.248608,0.0,0.1661820268289029,0.0,2559.387569549999,21.26532006920415
010510,Amazonas,Luya Viejo,2013,0.244932,0.0,0.1661820268289029,0.0,2559.387569549999,21.26532006920415
010510,Amazonas,Luya Viejo,2014,0.242844,0.0,0.1661820268289029,0.0,2559.387569549999,21.26532006920415
010510,Amazonas,Luya Viejo,2015,0.240534,0.0,0.1661820268289029,0.0,2559.387569549999,21.26532006920415
010510,Amazonas,Luya Viejo,2016,0.237698,0.0,0.1661820268289029,0.0,2559.387569549999,21.26532006920415
010510,Amazonas,Luya Viejo,2017,0.256381,0.0,0.1661820268289029,0.0,2559.387569549999,21.26532006920415
010510,Amazonas,Luya Viejo,2018,0.258206,0.0,0.1661820268289029,0.0,2559.387569549999,21.26532006920415
010510,Amazonas,Luya Viejo,2019,0.2766,0.0,0.1661820268289029,0.0,2559.387569549999,21.26532006920415
010510,Amazonas,Luya Viejo,2020,0.282548,0.0,0.1661820268289029,0.0,2559.387569549999,21.26532006920415
010510,Amazonas,Luya Viejo,2021,0.266583,0.0,0.1661820268289029,0.0,2559.387569549999,21.26532006920415
010510,Amazonas,Luya Viejo,2022,0.268106,0.0,0.1661820268289029,0.0,2559.387569549999,21.26532006920415
010510,Amazonas,Luya Viejo,2023,0.271913,0.0,0.1661820268289029,0.0,2559.387569549999,21.26532006920415
010510,Amazonas,Luya Viejo,2024,0.269852,0.0,0.1661820268289029,0.0,2559.387569549999,21.26532006920415
010511,Amazonas,Maria,1985,0.175927,0.0,0.0320089463554676,0.0,3169.023111369459,26.070590876532783
010511,Amazonas,Maria,1986,0.175927,0.0,0.0320089463554676,0.0,3169.023111369459,26.070590876532783
010511,Amazonas,Maria,1987,0.187672,0.0,0.0320089463554676,0.0,3169.023111369459,26.070590876532783
010511,Amazonas,Maria,1988,0.179443,0.0,0.0320089463554676,0.0,3169.023111369459,26.070590876532783
010511,Amazonas,Maria,1989,0.184469,0.0,0.0320089463554676,0.0,3169.023111369459,26.070590876532783
010511,Amazonas,Maria,1990,0.170343,0.0,0.0320089463554676,0.0,3169.023111369459,26.070590876532783
010511,Amazonas,Maria,1991,0.168732,0.0,0.0320089463554676,0.0,3169.023111369459,26.070590876532783
010511,Amazonas,Maria,1992,0.169269,0.0,0.0320089463554676,0.0,3169.023111369459,26.070590876532783
010511,Amazonas,Maria,1993,0.177528,0.0,0.0320089463554676,0.0,3169.023111369459,26.070590876532783
010511,Amazonas,Maria,1994,0.195616,0.0,0.0320089463554676,0.0,3169.023111369459,26.070590876532783
010511,Amazonas,Maria,1995,0.194187,0.0,0.0320089463554676,0.0,3169.023111369459,26.070590876532783
010511,Amazonas,Maria,1996,0.189141,0.0,0.0320089463554676,0.0,3169.023111369459,26.070590876532783
010511,Amazonas,Maria,1997,0.188756,0.0,0.0320089463554676,0.0,3169.023111369459,26.070590876532783
010511,Amazonas,Maria,1998,0.18068,0.0,0.0320089463554676,0.0,3169.023111369459,26.070590876532783
010511,Amazonas,Maria,1999,0.184692,0.0,0.0320089463554676,0.0,3169.023111369459,26.070590876532783
010511,Amazonas,Maria,2000,0.192039,0.0,0.0320089463554676,0.0,3169.023111369459,26.070590876532783
010511,Amazonas,Maria,2001,0.197866,0.0,0.0320089463554676,0.0,3169.023111369459,26.070590876532783
010511,Amazonas,Maria,2002,0.201909,0.0,0.0320089463554676,0.0,3169.023111369459,26.070590876532783
010511,Amazonas,Maria,2003,0.21181,0.0,0.0320089463554676,0.0,3169.023111369459,26.070590876532783
010511,Amazonas,Maria,2004,0.209742,0.0,0.0320089463554676,0.0,3169.023111369459,26.070590876532783
010511,Amazonas,Maria,2005,0.194765,0.0,0.0320089463554676,0.0,3169.023111369459,26.070590876532783
010511,Amazonas,Maria,2006,0.187945,0.0,0.0320089463554676,0.0,3169.023111369459,26.070590876532783
010511,Amazonas,Maria,2007,0.1845,0.0,0.0320089463554676,0.0,3169.023111369459,26.070590876532783
010511,Amazonas,Maria,2008,0.190012,0.0,0.0320089463554676,0.0,3169.023111369459,26.070590876532783
010511,Amazonas,Maria,2009,0.199558,0.0,0.0320089463554676,0.0,3169.023111369459,26.070590876532783
010511,Amazonas,Maria,2010,0.198332,0.0,0.0320089463554676,0.0,3169.023111369459,26.070590876532783
010511,Amazonas,Maria,2011,0.182666,0.0,0.0320089463554676,0.0,3169.023111369459,26.070590876532783
010511,Amazonas,Maria,2012,0.173333,0.0,0.0320089463554676,0.0,3169.023111369459,26.070590876532783
010511,Amazonas,Maria,2013,0.172228,0.0,0.0320089463554676,0.0,3169.023111369459,26.070590876532783
010511,Amazonas,Maria,2014,0.183203,0.0,0.0320089463554676,0.0,3169.023111369459,26.070590876532783
010511,Amazonas,Maria,2015,0.186506,0.0,0.0320089463554676,0.0,3169.023111369459,26.070590876532783
010511,Amazonas,Maria,2016,0.180376,0.0,0.0320089463554676,0.0,3169.023111369459,26.070590876532783
010511,Amazonas,Maria,2017,0.178602,0.0,0.0320089463554676,0.0,3169.023111369459,26.070590876532783
010511,Amazonas,Maria,2018,0.172644,0.0,0.0320089463554676,0.0,3169.023111369459,26.070590876532783
010511,Amazonas,Maria,2019,0.17845,0.0,0.0320089463554676,0.0,3169.023111369459,26.070590876532783
010511,Amazonas,Maria,2020,0.181429,0.0,0.0320089463554676,0.0,3169.023111369459,26.070590876532783
010511,Amazonas,Maria,2021,0.172654,0.0,0.0320089463554676,0.0,3169.023111369459,26.070590876532783
010511,Amazonas,Maria,2022,0.174295,0.0,0.0320089463554676,0.0,3169.023111369459,26.070590876532783
010511,Amazonas,Maria,2023,0.169543,0.0,0.0320089463554676,0.0,3169.023111369459,26.070590876532783
010511,Amazonas,Maria,2024,0.174002,0.0,0.0320089463554676,0.0,3169.023111369459,26.070590876532783
010512,Amazonas,Ocalli,1985,0.187933,0.0,0.1062958897820338,0.0,2032.0289072287303,26.071972959712152
010512,Amazonas,Ocalli,1986,0.187923,0.0,0.1062958897820338,0.0,2032.0289072287303,26.071972959712152
010512,Amazonas,Ocalli,1987,0.216336,0.0,0.1062958897820338,0.0,2032.0289072287303,26.071972959712152
010512,Amazonas,Ocalli,1988,0.221327,0.0,0.1062958897820338,0.0,2032.0289072287303,26.071972959712152
010512,Amazonas,Ocalli,1989,0.219925,0.0,0.1062958897820338,0.0,2032.0289072287303,26.071972959712152
010512,Amazonas,Ocalli,1990,0.227497,0.0,0.1062958897820338,0.0,2032.0289072287303,26.071972959712152
010512,Amazonas,Ocalli,1991,0.228412,0.0,0.1062958897820338,0.0,2032.0289072287303,26.071972959712152
010512,Amazonas,Ocalli,1992,0.23226,0.0,0.1062958897820338,0.0,2032.0289072287303,26.071972959712152
010512,Amazonas,Ocalli,1993,0.231132,0.0,0.1062958897820338,0.0,2032.0289072287303,26.071972959712152
010512,Amazonas,Ocalli,1994,0.229602,0.0,0.1062958897820338,0.0,2032.0289072287303,26.071972959712152
010512,Amazonas,Ocalli,1995,0.243508,0.0,0.1062958897820338,0.0,2032.0289072287303,26.071972959712152
010512,Amazonas,Ocalli,1996,0.257193,0.0,0.1062958897820338,0.0,2032.0289072287303,26.071972959712152
010512,Amazonas,Ocalli,1997,0.258827,0.0,0.1062958897820338,0.0,2032.0289072287303,26.071972959712152
010512,Amazonas,Ocalli,1998,0.244113,0.0,0.1062958897820338,0.0,2032.0289072287303,26.071972959712152
010512,Amazonas,Ocalli,1999,0.237519,0.0,0.1062958897820338,0.0,2032.0289072287303,26.071972959712152
010512,Amazonas,Ocalli,2000,0.236842,0.0,0.1062958897820338,0.0,2032.0289072287303,26.071972959712152
010512,Amazonas,Ocalli,2001,0.239304,0.0,0.1062958897820338,0.0,2032.0289072287303,26.071972959712152
010512,Amazonas,Ocalli,2002,0.237597,0.0,0.1062958897820338,0.0,2032.0289072287303,26.071972959712152
010512,Amazonas,Ocalli,2003,0.241471,0.0,0.1062958897820338,0.0,2032.0289072287303,26.071972959712152
010512,Amazonas,Ocalli,2004,0.239107,0.0,0.1062958897820338,0.0,2032.0289072287303,26.071972959712152
010512,Amazonas,Ocalli,2005,0.233982,0.0,0.1062958897820338,0.0,2032.0289072287303,26.071972959712152
010512,Amazonas,Ocalli,2006,0.226773,0.0,0.1062958897820338,0.0,2032.0289072287303,26.071972959712152
010512,Amazonas,Ocalli,2007,0.230822,0.0,0.1062958897820338,0.0,2032.0289072287303,26.071972959712152
010512,Amazonas,Ocalli,2008,0.231779,0.0,0.1062958897820338,0.0,2032.0289072287303,26.071972959712152
010512,Amazonas,Ocalli,2009,0.231856,0.0,0.1062958897820338,0.0,2032.0289072287303,26.071972959712152
010512,Amazonas,Ocalli,2010,0.23016,0.0,0.1062958897820338,0.0,2032.0289072287303,26.071972959712152
010512,Amazonas,Ocalli,2011,0.226612,0.0,0.1062958897820338,0.0,2032.0289072287303,26.071972959712152
010512,Amazonas,Ocalli,2012,0.221317,0.0,0.1062958897820338,0.0,2032.0289072287303,26.071972959712152
010512,Amazonas,Ocalli,2013,0.208196,0.0,0.1062958897820338,0.0,2032.0289072287303,26.071972959712152
010512,Amazonas,Ocalli,2014,0.207312,0.0,0.1062958897820338,0.0,2032.0289072287303,26.071972959712152
010512,Amazonas,Ocalli,2015,0.207948,0.0,0.1062958897820338,0.0,2032.0289072287303,26.071972959712152
010512,Amazonas,Ocalli,2016,0.200123,0.0,0.1062958897820338,0.0,2032.0289072287303,26.071972959712152
010512,Amazonas,Ocalli,2017,0.215747,0.0,0.1062958897820338,0.0,2032.0289072287303,26.071972959712152
010512,Amazonas,Ocalli,2018,0.222801,0.0,0.1062958897820338,0.0,2032.0289072287303,26.071972959712152
010512,Amazonas,Ocalli,2019,0.232265,0.0,0.1062958897820338,0.0,2032.0289072287303,26.071972959712152
010512,Amazonas,Ocalli,2020,0.23708,0.0,0.1062958897820338,0.0,2032.0289072287303,26.071972959712152
010512,Amazonas,Ocalli,2021,0.23963,0.0,0.1062958897820338,0.0,2032.0289072287303,26.071972959712152
010512,Amazonas,Ocalli,2022,0.229059,0.0,0.1062958897820338,0.0,2032.0289072287303,26.071972959712152
010512,Amazonas,Ocalli,2023,0.225138,0.0,0.1062958897820338,0.0,2032.0289072287303,26.071972959712152
010512,Amazonas,Ocalli,2024,0.230398,0.0,0.1062958897820338,0.0,2032.0289072287303,26.071972959712152
010513,Amazonas,Ocumal,1985,0.180969,0.0,0.1358531151001833,0.0438599430326971,2057.531159226542,26.740778052318465
010513,Amazonas,Ocumal,1986,0.180964,0.0,0.1358531151001833,0.0438599430326971,2057.531159226542,26.740778052318465
010513,Amazonas,Ocumal,1987,0.22751,0.0,0.1358531151001833,0.0438599430326971,2057.531159226542,26.740778052318465
010513,Amazonas,Ocumal,1988,0.251517,0.0,0.1358531151001833,0.0438599430326971,2057.531159226542,26.740778052318465
010513,Amazonas,Ocumal,1989,0.260173,0.0,0.1358531151001833,0.0438599430326971,2057.531159226542,26.740778052318465
010513,Amazonas,Ocumal,1990,0.275203,0.0,0.1358531151001833,0.0438599430326971,2057.531159226542,26.740778052318465
010513,Amazonas,Ocumal,1991,0.287557,0.0,0.1358531151001833,0.0438599430326971,2057.531159226542,26.740778052318465
010513,Amazonas,Ocumal,1992,0.301578,0.0,0.1358531151001833,0.0438599430326971,2057.531159226542,26.740778052318465
010513,Amazonas,Ocumal,1993,0.300069,0.0,0.1358531151001833,0.0438599430326971,2057.531159226542,26.740778052318465
010513,Amazonas,Ocumal,1994,0.288288,0.0,0.1358531151001833,0.0438599430326971,2057.531159226542,26.740778052318465
010513,Amazonas,Ocumal,1995,0.298395,0.0,0.1358531151001833,0.0438599430326971,2057.531159226542,26.740778052318465
010513,Amazonas,Ocumal,1996,0.293802,0.0,0.1358531151001833,0.0438599430326971,2057.531159226542,26.740778052318465
010513,Amazonas,Ocumal,1997,0.285019,0.0,0.1358531151001833,0.0438599430326971,2057.531159226542,26.740778052318465
010513,Amazonas,Ocumal,1998,0.277211,0.0,0.1358531151001833,0.0438599430326971,2057.531159226542,26.740778052318465
010513,Amazonas,Ocumal,1999,0.27587,0.0,0.1358531151001833,0.0438599430326971,2057.531159226542,26.740778052318465
010513,Amazonas,Ocumal,2000,0.268941,0.0,0.1358531151001833,0.0438599430326971,2057.531159226542,26.740778052318465
010513,Amazonas,Ocumal,2001,0.26285,0.0,0.1358531151001833,0.0438599430326971,2057.531159226542,26.740778052318465
010513,Amazonas,Ocumal,2002,0.257644,0.0,0.1358531151001833,0.0438599430326971,2057.531159226542,26.740778052318465
010513,Amazonas,Ocumal,2003,0.262921,0.0,0.1358531151001833,0.0438599430326971,2057.531159226542,26.740778052318465
010513,Amazonas,Ocumal,2004,0.274352,0.0,0.1358531151001833,0.0438599430326971,2057.531159226542,26.740778052318465
010513,Amazonas,Ocumal,2005,0.279165,0.0,0.1358531151001833,0.0438599430326971,2057.531159226542,26.740778052318465
010513,Amazonas,Ocumal,2006,0.27908,0.0,0.1358531151001833,0.0438599430326971,2057.531159226542,26.740778052318465
010513,Amazonas,Ocumal,2007,0.291774,0.0,0.1358531151001833,0.0438599430326971,2057.531159226542,26.740778052318465
010513,Amazonas,Ocumal,2008,0.293531,0.0,0.1358531151001833,0.0438599430326971,2057.531159226542,26.740778052318465
010513,Amazonas,Ocumal,2009,0.294098,0.0,0.1358531151001833,0.0438599430326971,2057.531159226542,26.740778052318465
010513,Amazonas,Ocumal,2010,0.289522,0.0,0.1358531151001833,0.0438599430326971,2057.531159226542,26.740778052318465
010513,Amazonas,Ocumal,2011,0.279165,0.04999,0.1358531151001833,0.0438599430326971,2057.531159226542,26.740778052318465
010513,Amazonas,Ocumal,2012,0.287714,0.04999,0.1358531151001833,0.0438599430326971,2057.531159226542,26.740778052318465
010513,Amazonas,Ocumal,2013,0.280944,0.04999,0.1358531151001833,0.0438599430326971,2057.531159226542,26.740778052318465
010513,Amazonas,Ocumal,2014,0.271772,0.04999,0.1358531151001833,0.0438599430326971,2057.531159226542,26.740778052318465
010513,Amazonas,Ocumal,2015,0.263703,0.04999,0.1358531151001833,0.0438599430326971,2057.531159226542,26.740778052318465
010513,Amazonas,Ocumal,2016,0.262884,0.04999,0.1358531151001833,0.0438599430326971,2057.531159226542,26.740778052318465
010513,Amazonas,Ocumal,2017,0.293998,0.04999,0.1358531151001833,0.0438599430326971,2057.531159226542,26.740778052318465
010513,Amazonas,Ocumal,2018,0.305825,0.123303,0.1358531151001833,0.0438599430326971,2057.531159226542,26.740778052318465
010513,Amazonas,Ocumal,2019,0.320491,0.123303,0.1358531151001833,0.0438599430326971,2057.531159226542,26.740778052318465
010513,Amazonas,Ocumal,2020,0.321786,0.123303,0.1358531151001833,0.0438599430326971,2057.531159226542,26.740778052318465
010513,Amazonas,Ocumal,2021,0.314012,0.123303,0.1358531151001833,0.0438599430326971,2057.531159226542,26.740778052318465
010513,Amazonas,Ocumal,2022,0.327231,0.123303,0.1358531151001833,0.0438599430326971,2057.531159226542,26.740778052318465
010513,Amazonas,Ocumal,2023,0.327085,0.123303,0.1358531151001833,0.0438599430326971,2057.531159226542,26.740778052318465
010513,Amazonas,Ocumal,2024,0.330165,0.123303,0.1358531151001833,0.0438599430326971,2057.531159226542,26.740778052318465
010514,Amazonas,Pisuquia,1985,0.126533,0.0,0.0,0.0439643446125747,2379.0726116221454,28.50384170189167
010514,Amazonas,Pisuquia,1986,0.126533,0.0,0.0,0.0439643446125747,2379.0726116221454,28.50384170189167
010514,Amazonas,Pisuquia,1987,0.14259,0.0,0.0,0.0439643446125747,2379.0726116221454,28.50384170189167
010514,Amazonas,Pisuquia,1988,0.152065,0.0,0.0,0.0439643446125747,2379.0726116221454,28.50384170189167
010514,Amazonas,Pisuquia,1989,0.159437,0.0,0.0,0.0439643446125747,2379.0726116221454,28.50384170189167
010514,Amazonas,Pisuquia,1990,0.176011,0.0,0.0,0.0439643446125747,2379.0726116221454,28.50384170189167
010514,Amazonas,Pisuquia,1991,0.179675,0.0,0.0,0.0439643446125747,2379.0726116221454,28.50384170189167
010514,Amazonas,Pisuquia,1992,0.185366,0.0,0.0,0.0439643446125747,2379.0726116221454,28.50384170189167
010514,Amazonas,Pisuquia,1993,0.183254,0.0,0.0,0.0439643446125747,2379.0726116221454,28.50384170189167
010514,Amazonas,Pisuquia,1994,0.177841,0.0,0.0,0.0439643446125747,2379.0726116221454,28.50384170189167
010514,Amazonas,Pisuquia,1995,0.175992,0.0,0.0,0.0439643446125747,2379.0726116221454,28.50384170189167
010514,Amazonas,Pisuquia,1996,0.168474,0.0,0.0,0.0439643446125747,2379.0726116221454,28.50384170189167
010514,Amazonas,Pisuquia,1997,0.160161,0.0,0.0,0.0439643446125747,2379.0726116221454,28.50384170189167
010514,Amazonas,Pisuquia,1998,0.15907,0.0,0.0,0.0439643446125747,2379.0726116221454,28.50384170189167
010514,Amazonas,Pisuquia,1999,0.161203,0.0,0.0,0.0439643446125747,2379.0726116221454,28.50384170189167
010514,Amazonas,Pisuquia,2000,0.161234,0.0,0.0,0.0439643446125747,2379.0726116221454,28.50384170189167
010514,Amazonas,Pisuquia,2001,0.160396,0.0,0.0,0.0439643446125747,2379.0726116221454,28.50384170189167
010514,Amazonas,Pisuquia,2002,0.156084,0.0,0.0,0.0439643446125747,2379.0726116221454,28.50384170189167
010514,Amazonas,Pisuquia,2003,0.158789,0.0,0.0,0.0439643446125747,2379.0726116221454,28.50384170189167
010514,Amazonas,Pisuquia,2004,0.17098,0.0,0.0,0.0439643446125747,2379.0726116221454,28.50384170189167
010514,Amazonas,Pisuquia,2005,0.172637,0.0,0.0,0.0439643446125747,2379.0726116221454,28.50384170189167
010514,Amazonas,Pisuquia,2006,0.17149,0.0,0.0,0.0439643446125747,2379.0726116221454,28.50384170189167
010514,Amazonas,Pisuquia,2007,0.178355,0.0,0.0,0.0439643446125747,2379.0726116221454,28.50384170189167
010514,Amazonas,Pisuquia,2008,0.179049,0.0,0.0,0.0439643446125747,2379.0726116221454,28.50384170189167
010514,Amazonas,Pisuquia,2009,0.18407,0.0,0.0,0.0439643446125747,2379.0726116221454,28.50384170189167
010514,Amazonas,Pisuquia,2010,0.179443,0.0,0.0,0.0439643446125747,2379.0726116221454,28.50384170189167
010514,Amazonas,Pisuquia,2011,0.175613,0.0,0.0,0.0439643446125747,2379.0726116221454,28.50384170189167
010514,Amazonas,Pisuquia,2012,0.178116,0.0,0.0,0.0439643446125747,2379.0726116221454,28.50384170189167
010514,Amazonas,Pisuquia,2013,0.179794,0.0,0.0,0.0439643446125747,2379.0726116221454,28.50384170189167
010514,Amazonas,Pisuquia,2014,0.178315,0.0,0.0,0.0439643446125747,2379.0726116221454,28.50384170189167
010514,Amazonas,Pisuquia,2015,0.180491,0.0,0.0,0.0439643446125747,2379.0726116221454,28.50384170189167
010514,Amazonas,Pisuquia,2016,0.181313,0.0,0.0,0.0439643446125747,2379.0726116221454,28.50384170189167
010514,Amazonas,Pisuquia,2017,0.184837,0.0,0.0,0.0439643446125747,2379.0726116221454,28.50384170189167
010514,Amazonas,Pisuquia,2018,0.189357,0.134824,0.0,0.0439643446125747,2379.0726116221454,28.50384170189167
010514,Amazonas,Pisuquia,2019,0.195164,0.134824,0.0,0.0439643446125747,2379.0726116221454,28.50384170189167
010514,Amazonas,Pisuquia,2020,0.202441,0.134824,0.0,0.0439643446125747,2379.0726116221454,28.50384170189167
010514,Amazonas,Pisuquia,2021,0.1958,0.134824,0.0,0.0439643446125747,2379.0726116221454,28.50384170189167
010514,Amazonas,Pisuquia,2022,0.194568,0.134824,0.0,0.0439643446125747,2379.0726116221454,28.50384170189167
010514,Amazonas,Pisuquia,2023,0.199513,0.134824,0.0,0.0439643446125747,2379.0726116221454,28.50384170189167
010514,Amazonas,Pisuquia,2024,0.204712,0.134824,0.0,0.0439643446125747,2379.0726116221454,28.50384170189167
010515,Amazonas,Providencia,1985,0.155056,0.0,0.1062942646695983,0.0640344900214277,1668.5426128990398,30.55216817435534
010515,Amazonas,Providencia,1986,0.155056,0.0,0.1062942646695983,0.0640344900214277,1668.5426128990398,30.55216817435534
010515,Amazonas,Providencia,1987,0.206207,0.0,0.1062942646695983,0.0640344900214277,1668.5426128990398,30.55216817435534
010515,Amazonas,Providencia,1988,0.216246,0.0,0.1062942646695983,0.0640344900214277,1668.5426128990398,30.55216817435534
010515,Amazonas,Providencia,1989,0.20865,0.0,0.1062942646695983,0.0640344900214277,1668.5426128990398,30.55216817435534
010515,Amazonas,Providencia,1990,0.21162,0.0,0.1062942646695983,0.0640344900214277,1668.5426128990398,30.55216817435534
010515,Amazonas,Providencia,1991,0.214964,0.0,0.1062942646695983,0.0640344900214277,1668.5426128990398,30.55216817435534
010515,Amazonas,Providencia,1992,0.231034,0.0,0.1062942646695983,0.0640344900214277,1668.5426128990398,30.55216817435534
010515,Amazonas,Providencia,1993,0.218972,0.0,0.1062942646695983,0.0640344900214277,1668.5426128990398,30.55216817435534
010515,Amazonas,Providencia,1994,0.200817,0.0,0.1062942646695983,0.0640344900214277,1668.5426128990398,30.55216817435534
010515,Amazonas,Providencia,1995,0.202023,0.0,0.1062942646695983,0.0640344900214277,1668.5426128990398,30.55216817435534
010515,Amazonas,Providencia,1996,0.197473,0.0,0.1062942646695983,0.0640344900214277,1668.5426128990398,30.55216817435534
010515,Amazonas,Providencia,1997,0.194885,0.0,0.1062942646695983,0.0640344900214277,1668.5426128990398,30.55216817435534
010515,Amazonas,Providencia,1998,0.211108,0.0,0.1062942646695983,0.0640344900214277,1668.5426128990398,30.55216817435534
010515,Amazonas,Providencia,1999,0.187021,0.0,0.1062942646695983,0.0640344900214277,1668.5426128990398,30.55216817435534
010515,Amazonas,Providencia,2000,0.184197,0.0,0.1062942646695983,0.0640344900214277,1668.5426128990398,30.55216817435534
010515,Amazonas,Providencia,2001,0.186747,0.0,0.1062942646695983,0.0640344900214277,1668.5426128990398,30.55216817435534
010515,Amazonas,Providencia,2002,0.184914,0.0,0.1062942646695983,0.0640344900214277,1668.5426128990398,30.55216817435534
010515,Amazonas,Providencia,2003,0.199908,0.0,0.1062942646695983,0.0640344900214277,1668.5426128990398,30.55216817435534
010515,Amazonas,Providencia,2004,0.190487,0.0,0.1062942646695983,0.0640344900214277,1668.5426128990398,30.55216817435534
010515,Amazonas,Providencia,2005,0.192304,0.0,0.1062942646695983,0.0640344900214277,1668.5426128990398,30.55216817435534
010515,Amazonas,Providencia,2006,0.194625,0.0,0.1062942646695983,0.0640344900214277,1668.5426128990398,30.55216817435534
010515,Amazonas,Providencia,2007,0.192373,0.0,0.1062942646695983,0.0640344900214277,1668.5426128990398,30.55216817435534
010515,Amazonas,Providencia,2008,0.197977,0.0,0.1062942646695983,0.0640344900214277,1668.5426128990398,30.55216817435534
010515,Amazonas,Providencia,2009,0.20865,0.0,0.1062942646695983,0.0640344900214277,1668.5426128990398,30.55216817435534
010515,Amazonas,Providencia,2010,0.200374,0.0,0.1062942646695983,0.0640344900214277,1668.5426128990398,30.55216817435534
010515,Amazonas,Providencia,2011,0.192602,0.0,0.1062942646695983,0.0640344900214277,1668.5426128990398,30.55216817435534
010515,Amazonas,Providencia,2012,0.188816,0.0,0.1062942646695983,0.0640344900214277,1668.5426128990398,30.55216817435534
010515,Amazonas,Providencia,2013,0.189892,0.0,0.1062942646695983,0.0640344900214277,1668.5426128990398,30.55216817435534
010515,Amazonas,Providencia,2014,0.181868,0.0,0.1062942646695983,0.0640344900214277,1668.5426128990398,30.55216817435534
010515,Amazonas,Providencia,2015,0.178639,0.0,0.1062942646695983,0.0640344900214277,1668.5426128990398,30.55216817435534
010515,Amazonas,Providencia,2016,0.170325,0.0,0.1062942646695983,0.0640344900214277,1668.5426128990398,30.55216817435534
010515,Amazonas,Providencia,2017,0.182899,0.0,0.1062942646695983,0.0640344900214277,1668.5426128990398,30.55216817435534
010515,Amazonas,Providencia,2018,0.18864,0.218687,0.1062942646695983,0.0640344900214277,1668.5426128990398,30.55216817435534
010515,Amazonas,Providencia,2019,0.212337,0.218687,0.1062942646695983,0.0640344900214277,1668.5426128990398,30.55216817435534
010515,Amazonas,Providencia,2020,0.218704,0.218687,0.1062942646695983,0.0640344900214277,1668.5426128990398,30.55216817435534
010515,Amazonas,Providencia,2021,0.214421,0.218687,0.1062942646695983,0.0640344900214277,1668.5426128990398,30.55216817435534
010515,Amazonas,Providencia,2022,0.221964,0.218687,0.1062942646695983,0.0640344900214277,1668.5426128990398,30.55216817435534
010515,Amazonas,Providencia,2023,0.21701,0.218687,0.1062942646695983,0.0640344900214277,1668.5426128990398,30.55216817435534
010515,Amazonas,Providencia,2024,0.221857,0.218687,0.1062942646695983,0.0640344900214277,1668.5426128990398,30.55216817435534
010516,Amazonas,San Cristobal,1985,0.308687,0.0,0.2939556865563333,0.0544001126977274,2393.181093363808,23.199022272655306
010516,Amazonas,San Cristobal,1986,0.308462,0.0,0.2939556865563333,0.0544001126977274,2393.181093363808,23.199022272655306
010516,Amazonas,San Cristobal,1987,0.415878,0.0,0.2939556865563333,0.0544001126977274,2393.181093363808,23.199022272655306
010516,Amazonas,San Cristobal,1988,0.425612,0.0,0.2939556865563333,0.0544001126977274,2393.181093363808,23.199022272655306
010516,Amazonas,San Cristobal,1989,0.420307,0.0,0.2939556865563333,0.0544001126977274,2393.181093363808,23.199022272655306
010516,Amazonas,San Cristobal,1990,0.424811,0.0,0.2939556865563333,0.0544001126977274,2393.181093363808,23.199022272655306
010516,Amazonas,San Cristobal,1991,0.401641,0.0,0.2939556865563333,0.0544001126977274,2393.181093363808,23.199022272655306
010516,Amazonas,San Cristobal,1992,0.3823,0.0,0.2939556865563333,0.0544001126977274,2393.181093363808,23.199022272655306
010516,Amazonas,San Cristobal,1993,0.385528,0.0,0.2939556865563333,0.0544001126977274,2393.181093363808,23.199022272655306
010516,Amazonas,San Cristobal,1994,0.334384,0.0,0.2939556865563333,0.0544001126977274,2393.181093363808,23.199022272655306
010516,Amazonas,San Cristobal,1995,0.316919,0.0,0.2939556865563333,0.0544001126977274,2393.181093363808,23.199022272655306
010516,Amazonas,San Cristobal,1996,0.311089,0.0,0.2939556865563333,0.0544001126977274,2393.181093363808,23.199022272655306
010516,Amazonas,San Cristobal,1997,0.361357,0.0,0.2939556865563333,0.0544001126977274,2393.181093363808,23.199022272655306
010516,Amazonas,San Cristobal,1998,0.404344,0.0,0.2939556865563333,0.0544001126977274,2393.181093363808,23.199022272655306
010516,Amazonas,San Cristobal,1999,0.414252,0.0,0.2939556865563333,0.0544001126977274,2393.181093363808,23.199022272655306
010516,Amazonas,San Cristobal,2000,0.415553,0.0,0.2939556865563333,0.0544001126977274,2393.181093363808,23.199022272655306
010516,Amazonas,San Cristobal,2001,0.420082,0.0,0.2939556865563333,0.0544001126977274,2393.181093363808,23.199022272655306
010516,Amazonas,San Cristobal,2002,0.393259,0.0,0.2939556865563333,0.0544001126977274,2393.181093363808,23.199022272655306
010516,Amazonas,San Cristobal,2003,0.390407,0.0,0.2939556865563333,0.0544001126977274,2393.181093363808,23.199022272655306
010516,Amazonas,San Cristobal,2004,0.410774,0.0,0.2939556865563333,0.0544001126977274,2393.181093363808,23.199022272655306
010516,Amazonas,San Cristobal,2005,0.407571,0.0,0.2939556865563333,0.0544001126977274,2393.181093363808,23.199022272655306
010516,Amazonas,San Cristobal,2006,0.411124,0.0,0.2939556865563333,0.0544001126977274,2393.181093363808,23.199022272655306
010516,Amazonas,San Cristobal,2007,0.407672,0.0,0.2939556865563333,0.0544001126977274,2393.181093363808,23.199022272655306
010516,Amazonas,San Cristobal,2008,0.385903,0.0,0.2939556865563333,0.0544001126977274,2393.181093363808,23.199022272655306
010516,Amazonas,San Cristobal,2009,0.386704,0.0,0.2939556865563333,0.0544001126977274,2393.181093363808,23.199022272655306
010516,Amazonas,San Cristobal,2010,0.391908,0.0,0.2939556865563333,0.0544001126977274,2393.181093363808,23.199022272655306
010516,Amazonas,San Cristobal,2011,0.370865,0.0,0.2939556865563333,0.0544001126977274,2393.181093363808,23.199022272655306
010516,Amazonas,San Cristobal,2012,0.39949,0.0,0.2939556865563333,0.0544001126977274,2393.181093363808,23.199022272655306
010516,Amazonas,San Cristobal,2013,0.414352,0.0,0.2939556865563333,0.0544001126977274,2393.181093363808,23.199022272655306
010516,Amazonas,San Cristobal,2014,0.416379,0.0,0.2939556865563333,0.0544001126977274,2393.181093363808,23.199022272655306
010516,Amazonas,San Cristobal,2015,0.414828,0.0,0.2939556865563333,0.0544001126977274,2393.181093363808,23.199022272655306
010516,Amazonas,San Cristobal,2016,0.387179,0.0,0.2939556865563333,0.0544001126977274,2393.181093363808,23.199022272655306
010516,Amazonas,San Cristobal,2017,0.373042,0.0,0.2939556865563333,0.0544001126977274,2393.181093363808,23.199022272655306
010516,Amazonas,San Cristobal,2018,0.367162,0.0,0.2939556865563333,0.0544001126977274,2393.181093363808,23.199022272655306
010516,Amazonas,San Cristobal,2019,0.401942,0.0,0.2939556865563333,0.0544001126977274,2393.181093363808,23.199022272655306
010516,Amazonas,San Cristobal,2020,0.424486,0.0,0.2939556865563333,0.0544001126977274,2393.181093363808,23.199022272655306
010516,Amazonas,San Cristobal,2021,0.419882,0.0,0.2939556865563333,0.0544001126977274,2393.181093363808,23.199022272655306
010516,Amazonas,San Cristobal,2022,0.432167,0.0,0.2939556865563333,0.0544001126977274,2393.181093363808,23.199022272655306
010516,Amazonas,San Cristobal,2023,0.442301,0.0,0.2939556865563333,0.0544001126977274,2393.181093363808,23.199022272655306
010516,Amazonas,San Cristobal,2024,0.44743,0.0,0.2939556865563333,0.0544001126977274,2393.181093363808,23.199022272655306
010517,Amazonas,San Francisco Del Yeso,1985,0.317551,0.0,0.2187286546157395,0.0512820776181023,2895.44235482263,23.850756934698257
010517,Amazonas,San Francisco Del Yeso,1986,0.31654,0.0,0.2187286546157395,0.0512820776181023,2895.44235482263,23.850756934698257
010517,Amazonas,San Francisco Del Yeso,1987,0.338446,0.0,0.2187286546157395,0.0512820776181023,2895.44235482263,23.850756934698257
010517,Amazonas,San Francisco Del Yeso,1988,0.3465,0.0,0.2187286546157395,0.0512820776181023,2895.44235482263,23.850756934698257
010517,Amazonas,San Francisco Del Yeso,1989,0.349804,0.0,0.2187286546157395,0.0512820776181023,2895.44235482263,23.850756934698257
010517,Amazonas,San Francisco Del Yeso,1990,0.339536,0.0,0.2187286546157395,0.0512820776181023,2895.44235482263,23.850756934698257
010517,Amazonas,San Francisco Del Yeso,1991,0.342209,0.0,0.2187286546157395,0.0512820776181023,2895.44235482263,23.850756934698257
010517,Amazonas,San Francisco Del Yeso,1992,0.343793,0.0,0.2187286546157395,0.0512820776181023,2895.44235482263,23.850756934698257
010517,Amazonas,San Francisco Del Yeso,1993,0.340577,0.0,0.2187286546157395,0.0512820776181023,2895.44235482263,23.850756934698257
010517,Amazonas,San Francisco Del Yeso,1994,0.340841,0.0,0.2187286546157395,0.0512820776181023,2895.44235482263,23.850756934698257
010517,Amazonas,San Francisco Del Yeso,1995,0.341359,0.0,0.2187286546157395,0.0512820776181023,2895.44235482263,23.850756934698257
010517,Amazonas,San Francisco Del Yeso,1996,0.344106,0.0,0.2187286546157395,0.0512820776181023,2895.44235482263,23.850756934698257
010517,Amazonas,San Francisco Del Yeso,1997,0.34259,0.0,0.2187286546157395,0.0512820776181023,2895.44235482263,23.850756934698257
010517,Amazonas,San Francisco Del Yeso,1998,0.338021,0.0,0.2187286546157395,0.0512820776181023,2895.44235482263,23.850756934698257
010517,Amazonas,San Francisco Del Yeso,1999,0.339702,0.0,0.2187286546157395,0.0512820776181023,2895.44235482263,23.850756934698257
010517,Amazonas,San Francisco Del Yeso,2000,0.347962,0.0,0.2187286546157395,0.0512820776181023,2895.44235482263,23.850756934698257
010517,Amazonas,San Francisco Del Yeso,2001,0.357527,0.0,0.2187286546157395,0.0512820776181023,2895.44235482263,23.850756934698257
010517,Amazonas,San Francisco Del Yeso,2002,0.358514,0.0,0.2187286546157395,0.0512820776181023,2895.44235482263,23.850756934698257
010517,Amazonas,San Francisco Del Yeso,2003,0.361652,0.0,0.2187286546157395,0.0512820776181023,2895.44235482263,23.850756934698257
010517,Amazonas,San Francisco Del Yeso,2004,0.361891,0.0,0.2187286546157395,0.0512820776181023,2895.44235482263,23.850756934698257
010517,Amazonas,San Francisco Del Yeso,2005,0.352683,0.0,0.2187286546157395,0.0512820776181023,2895.44235482263,23.850756934698257
010517,Amazonas,San Francisco Del Yeso,2006,0.346222,0.0,0.2187286546157395,0.0512820776181023,2895.44235482263,23.850756934698257
010517,Amazonas,San Francisco Del Yeso,2007,0.348343,0.0,0.2187286546157395,0.0512820776181023,2895.44235482263,23.850756934698257
010517,Amazonas,San Francisco Del Yeso,2008,0.355147,0.0,0.2187286546157395,0.0512820776181023,2895.44235482263,23.850756934698257
010517,Amazonas,San Francisco Del Yeso,2009,0.353954,0.0,0.2187286546157395,0.0512820776181023,2895.44235482263,23.850756934698257
010517,Amazonas,San Francisco Del Yeso,2010,0.349765,0.0,0.2187286546157395,0.0512820776181023,2895.44235482263,23.850756934698257
010517,Amazonas,San Francisco Del Yeso,2011,0.336315,0.0,0.2187286546157395,0.0512820776181023,2895.44235482263,23.850756934698257
010517,Amazonas,San Francisco Del Yeso,2012,0.335762,0.0,0.2187286546157395,0.0512820776181023,2895.44235482263,23.850756934698257
010517,Amazonas,San Francisco Del Yeso,2013,0.342849,0.0,0.2187286546157395,0.0512820776181023,2895.44235482263,23.850756934698257
010517,Amazonas,San Francisco Del Yeso,2014,0.354648,0.0,0.2187286546157395,0.0512820776181023,2895.44235482263,23.850756934698257
010517,Amazonas,San Francisco Del Yeso,2015,0.357517,0.0,0.2187286546157395,0.0512820776181023,2895.44235482263,23.850756934698257
010517,Amazonas,San Francisco Del Yeso,2016,0.354413,0.0,0.2187286546157395,0.0512820776181023,2895.44235482263,23.850756934698257
010517,Amazonas,San Francisco Del Yeso,2017,0.358211,0.0,0.2187286546157395,0.0512820776181023,2895.44235482263,23.850756934698257
010517,Amazonas,San Francisco Del Yeso,2018,0.348338,0.0,0.2187286546157395,0.0512820776181023,2895.44235482263,23.850756934698257
010517,Amazonas,San Francisco Del Yeso,2019,0.340767,0.0,0.2187286546157395,0.0512820776181023,2895.44235482263,23.850756934698257
010517,Amazonas,San Francisco Del Yeso,2020,0.336227,0.0,0.2187286546157395,0.0512820776181023,2895.44235482263,23.850756934698257
010517,Amazonas,San Francisco Del Yeso,2021,0.316926,0.0,0.2187286546157395,0.0512820776181023,2895.44235482263,23.850756934698257
010517,Amazonas,San Francisco Del Yeso,2022,0.320826,0.0,0.2187286546157395,0.0512820776181023,2895.44235482263,23.850756934698257
010517,Amazonas,San Francisco Del Yeso,2023,0.320181,0.0,0.2187286546157395,0.0512820776181023,2895.44235482263,23.850756934698257
010517,Amazonas,San Francisco Del Yeso,2024,0.327884,0.0,0.2187286546157395,0.0512820776181023,2895.44235482263,23.850756934698257
010518,Amazonas,San Jeronimo,1985,0.287805,0.0,0.2279389174251433,0.0491589126098908,2207.9632325859507,24.9418976521798
010518,Amazonas,San Jeronimo,1986,0.287599,0.0,0.2279389174251433,0.0491589126098908,2207.9632325859507,24.9418976521798
010518,Amazonas,San Jeronimo,1987,0.307202,0.0,0.2279389174251433,0.0491589126098908,2207.9632325859507,24.9418976521798
010518,Amazonas,San Jeronimo,1988,0.318271,0.0,0.2279389174251433,0.0491589126098908,2207.9632325859507,24.9418976521798
010518,Amazonas,San Jeronimo,1989,0.325156,0.0,0.2279389174251433,0.0491589126098908,2207.9632325859507,24.9418976521798
010518,Amazonas,San Jeronimo,1990,0.327313,0.0,0.2279389174251433,0.0491589126098908,2207.9632325859507,24.9418976521798
010518,Amazonas,San Jeronimo,1991,0.326551,0.0,0.2279389174251433,0.0491589126098908,2207.9632325859507,24.9418976521798
010518,Amazonas,San Jeronimo,1992,0.323346,0.0,0.2279389174251433,0.0491589126098908,2207.9632325859507,24.9418976521798
010518,Amazonas,San Jeronimo,1993,0.322302,0.0,0.2279389174251433,0.0491589126098908,2207.9632325859507,24.9418976521798
010518,Amazonas,San Jeronimo,1994,0.329628,0.0,0.2279389174251433,0.0491589126098908,2207.9632325859507,24.9418976521798
010518,Amazonas,San Jeronimo,1995,0.324831,0.0,0.2279389174251433,0.0491589126098908,2207.9632325859507,24.9418976521798
010518,Amazonas,San Jeronimo,1996,0.330086,0.0,0.2279389174251433,0.0491589126098908,2207.9632325859507,24.9418976521798
010518,Amazonas,San Jeronimo,1997,0.359131,0.0,0.2279389174251433,0.0491589126098908,2207.9632325859507,24.9418976521798
010518,Amazonas,San Jeronimo,1998,0.343141,0.0,0.2279389174251433,0.0491589126098908,2207.9632325859507,24.9418976521798
010518,Amazonas,San Jeronimo,1999,0.34172,0.0,0.2279389174251433,0.0491589126098908,2207.9632325859507,24.9418976521798
010518,Amazonas,San Jeronimo,2000,0.336962,0.0,0.2279389174251433,0.0491589126098908,2207.9632325859507,24.9418976521798
010518,Amazonas,San Jeronimo,2001,0.336615,0.0,0.2279389174251433,0.0491589126098908,2207.9632325859507,24.9418976521798
010518,Amazonas,San Jeronimo,2002,0.33448,0.0,0.2279389174251433,0.0491589126098908,2207.9632325859507,24.9418976521798
010518,Amazonas,San Jeronimo,2003,0.346389,0.0,0.2279389174251433,0.0491589126098908,2207.9632325859507,24.9418976521798
010518,Amazonas,San Jeronimo,2004,0.35199,0.0,0.2279389174251433,0.0491589126098908,2207.9632325859507,24.9418976521798
010518,Amazonas,San Jeronimo,2005,0.34641,0.0,0.2279389174251433,0.0491589126098908,2207.9632325859507,24.9418976521798
010518,Amazonas,San Jeronimo,2006,0.350501,0.0,0.2279389174251433,0.0491589126098908,2207.9632325859507,24.9418976521798
010518,Amazonas,San Jeronimo,2007,0.348284,0.0,0.2279389174251433,0.0491589126098908,2207.9632325859507,24.9418976521798
010518,Amazonas,San Jeronimo,2008,0.347236,0.0,0.2279389174251433,0.0491589126098908,2207.9632325859507,24.9418976521798
010518,Amazonas,San Jeronimo,2009,0.351172,0.0,0.2279389174251433,0.0491589126098908,2207.9632325859507,24.9418976521798
010518,Amazonas,San Jeronimo,2010,0.360475,0.0,0.2279389174251433,0.0491589126098908,2207.9632325859507,24.9418976521798
010518,Amazonas,San Jeronimo,2011,0.350595,0.0,0.2279389174251433,0.0491589126098908,2207.9632325859507,24.9418976521798
010518,Amazonas,San Jeronimo,2012,0.353145,0.0,0.2279389174251433,0.0491589126098908,2207.9632325859507,24.9418976521798
010518,Amazonas,San Jeronimo,2013,0.352182,0.0,0.2279389174251433,0.0491589126098908,2207.9632325859507,24.9418976521798
010518,Amazonas,San Jeronimo,2014,0.358588,0.0,0.2279389174251433,0.0491589126098908,2207.9632325859507,24.9418976521798
010518,Amazonas,San Jeronimo,2015,0.346072,0.0,0.2279389174251433,0.0491589126098908,2207.9632325859507,24.9418976521798
010518,Amazonas,San Jeronimo,2016,0.345768,0.0,0.2279389174251433,0.0491589126098908,2207.9632325859507,24.9418976521798
010518,Amazonas,San Jeronimo,2017,0.334223,0.0,0.2279389174251433,0.0491589126098908,2207.9632325859507,24.9418976521798
010518,Amazonas,San Jeronimo,2018,0.328935,0.0,0.2279389174251433,0.0491589126098908,2207.9632325859507,24.9418976521798
010518,Amazonas,San Jeronimo,2019,0.332204,0.0,0.2279389174251433,0.0491589126098908,2207.9632325859507,24.9418976521798
010518,Amazonas,San Jeronimo,2020,0.331904,0.0,0.2279389174251433,0.0491589126098908,2207.9632325859507,24.9418976521798
010518,Amazonas,San Jeronimo,2021,0.327685,0.0,0.2279389174251433,0.0491589126098908,2207.9632325859507,24.9418976521798
010518,Amazonas,San Jeronimo,2022,0.336923,0.0,0.2279389174251433,0.0491589126098908,2207.9632325859507,24.9418976521798
010518,Amazonas,San Jeronimo,2023,0.340578,0.0,0.2279389174251433,0.0491589126098908,2207.9632325859507,24.9418976521798
010518,Amazonas,San Jeronimo,2024,0.342045,0.0,0.2279389174251433,0.0491589126098908,2207.9632325859507,24.9418976521798
010519,Amazonas,San Juan De Lopecancha,1985,0.324688,0.0,0.2356175674877359,0.0863405214314371,2613.6525519187235,25.725502608128668
010519,Amazonas,San Juan De Lopecancha,1986,0.321846,0.0,0.2356175674877359,0.0863405214314371,2613.6525519187235,25.725502608128668
010519,Amazonas,San Juan De Lopecancha,1987,0.3811,0.0,0.2356175674877359,0.0863405214314371,2613.6525519187235,25.725502608128668
010519,Amazonas,San Juan De Lopecancha,1988,0.395258,0.0,0.2356175674877359,0.0863405214314371,2613.6525519187235,25.725502608128668
010519,Amazonas,San Juan De Lopecancha,1989,0.393322,0.0,0.2356175674877359,0.0863405214314371,2613.6525519187235,25.725502608128668
010519,Amazonas,San Juan De Lopecancha,1990,0.39569,0.0,0.2356175674877359,0.0863405214314371,2613.6525519187235,25.725502608128668
010519,Amazonas,San Juan De Lopecancha,1991,0.402352,0.0,0.2356175674877359,0.0863405214314371,2613.6525519187235,25.725502608128668
010519,Amazonas,San Juan De Lopecancha,1992,0.387103,0.0,0.2356175674877359,0.0863405214314371,2613.6525519187235,25.725502608128668
010519,Amazonas,San Juan De Lopecancha,1993,0.38665,0.0,0.2356175674877359,0.0863405214314371,2613.6525519187235,25.725502608128668
010519,Amazonas,San Juan De Lopecancha,1994,0.377445,0.0,0.2356175674877359,0.0863405214314371,2613.6525519187235,25.725502608128668
010519,Amazonas,San Juan De Lopecancha,1995,0.36544,0.0,0.2356175674877359,0.0863405214314371,2613.6525519187235,25.725502608128668
010519,Amazonas,San Juan De Lopecancha,1996,0.361651,0.0,0.2356175674877359,0.0863405214314371,2613.6525519187235,25.725502608128668
010519,Amazonas,San Juan De Lopecancha,1997,0.371937,0.0,0.2356175674877359,0.0863405214314371,2613.6525519187235,25.725502608128668
010519,Amazonas,San Juan De Lopecancha,1998,0.412215,0.0,0.2356175674877359,0.0863405214314371,2613.6525519187235,25.725502608128668
010519,Amazonas,San Juan De Lopecancha,1999,0.416066,0.0,0.2356175674877359,0.0863405214314371,2613.6525519187235,25.725502608128668
010519,Amazonas,San Juan De Lopecancha,2000,0.427361,0.0,0.2356175674877359,0.0863405214314371,2613.6525519187235,25.725502608128668
010519,Amazonas,San Juan De Lopecancha,2001,0.427145,0.0,0.2356175674877359,0.0863405214314371,2613.6525519187235,25.725502608128668
010519,Amazonas,San Juan De Lopecancha,2002,0.417744,0.0,0.2356175674877359,0.0863405214314371,2613.6525519187235,25.725502608128668
010519,Amazonas,San Juan De Lopecancha,2003,0.400128,0.0,0.2356175674877359,0.0863405214314371,2613.6525519187235,25.725502608128668
010519,Amazonas,San Juan De Lopecancha,2004,0.409775,0.0,0.2356175674877359,0.0863405214314371,2613.6525519187235,25.725502608128668
010519,Amazonas,San Juan De Lopecancha,2005,0.410661,0.0,0.2356175674877359,0.0863405214314371,2613.6525519187235,25.725502608128668
010519,Amazonas,San Juan De Lopecancha,2006,0.398614,0.0,0.2356175674877359,0.0863405214314371,2613.6525519187235,25.725502608128668
010519,Amazonas,San Juan De Lopecancha,2007,0.400735,0.0,0.2356175674877359,0.0863405214314371,2613.6525519187235,25.725502608128668
010519,Amazonas,San Juan De Lopecancha,2008,0.416612,0.0,0.2356175674877359,0.0863405214314371,2613.6525519187235,25.725502608128668
010519,Amazonas,San Juan De Lopecancha,2009,0.423819,0.0,0.2356175674877359,0.0863405214314371,2613.6525519187235,25.725502608128668
010519,Amazonas,San Juan De Lopecancha,2010,0.415325,0.0,0.2356175674877359,0.0863405214314371,2613.6525519187235,25.725502608128668
010519,Amazonas,San Juan De Lopecancha,2011,0.392941,0.0,0.2356175674877359,0.0863405214314371,2613.6525519187235,25.725502608128668
010519,Amazonas,San Juan De Lopecancha,2012,0.38875,0.0,0.2356175674877359,0.0863405214314371,2613.6525519187235,25.725502608128668
010519,Amazonas,San Juan De Lopecancha,2013,0.401312,0.0,0.2356175674877359,0.0863405214314371,2613.6525519187235,25.725502608128668
010519,Amazonas,San Juan De Lopecancha,2014,0.412957,0.0,0.2356175674877359,0.0863405214314371,2613.6525519187235,25.725502608128668
010519,Amazonas,San Juan De Lopecancha,2015,0.415644,0.0,0.2356175674877359,0.0863405214314371,2613.6525519187235,25.725502608128668
010519,Amazonas,San Juan De Lopecancha,2016,0.394032,0.0,0.2356175674877359,0.0863405214314371,2613.6525519187235,25.725502608128668
010519,Amazonas,San Juan De Lopecancha,2017,0.386763,0.0,0.2356175674877359,0.0863405214314371,2613.6525519187235,25.725502608128668
010519,Amazonas,San Juan De Lopecancha,2018,0.36125,0.0,0.2356175674877359,0.0863405214314371,2613.6525519187235,25.725502608128668
010519,Amazonas,San Juan De Lopecancha,2019,0.351149,0.0,0.2356175674877359,0.0863405214314371,2613.6525519187235,25.725502608128668
010519,Amazonas,San Juan De Lopecancha,2020,0.349718,0.0,0.2356175674877359,0.0863405214314371,2613.6525519187235,25.725502608128668
010519,Amazonas,San Juan De Lopecancha,2021,0.338197,0.0,0.2356175674877359,0.0863405214314371,2613.6525519187235,25.725502608128668
010519,Amazonas,San Juan De Lopecancha,2022,0.381543,0.0,0.2356175674877359,0.0863405214314371,2613.6525519187235,25.725502608128668
010519,Amazonas,San Juan De Lopecancha,2023,0.394877,0.0,0.2356175674877359,0.0863405214314371,2613.6525519187235,25.725502608128668
010519,Amazonas,San Juan De Lopecancha,2024,0.408025,0.0,0.2356175674877359,0.0863405214314371,2613.6525519187235,25.725502608128668
010520,Amazonas,Santa Catalina,1985,0.135306,0.0,0.0510397265081071,0.0,2292.859504985714,23.196910273851746
010520,Amazonas,Santa Catalina,1986,0.135306,0.0,0.0510397265081071,0.0,2292.859504985714,23.196910273851746
010520,Amazonas,Santa Catalina,1987,0.155157,0.0,0.0510397265081071,0.0,2292.859504985714,23.196910273851746
010520,Amazonas,Santa Catalina,1988,0.161983,0.0,0.0510397265081071,0.0,2292.859504985714,23.196910273851746
010520,Amazonas,Santa Catalina,1989,0.166416,0.0,0.0510397265081071,0.0,2292.859504985714,23.196910273851746
010520,Amazonas,Santa Catalina,1990,0.172292,0.0,0.0510397265081071,0.0,2292.859504985714,23.196910273851746
010520,Amazonas,Santa Catalina,1991,0.175613,0.0,0.0510397265081071,0.0,2292.859504985714,23.196910273851746
010520,Amazonas,Santa Catalina,1992,0.178426,0.0,0.0510397265081071,0.0,2292.859504985714,23.196910273851746
010520,Amazonas,Santa Catalina,1993,0.184691,0.0,0.0510397265081071,0.0,2292.859504985714,23.196910273851746
010520,Amazonas,Santa Catalina,1994,0.191738,0.0,0.0510397265081071,0.0,2292.859504985714,23.196910273851746
010520,Amazonas,Santa Catalina,1995,0.19831,0.0,0.0510397265081071,0.0,2292.859504985714,23.196910273851746
010520,Amazonas,Santa Catalina,1996,0.200664,0.0,0.0510397265081071,0.0,2292.859504985714,23.196910273851746
010520,Amazonas,Santa Catalina,1997,0.201237,0.0,0.0510397265081071,0.0,2292.859504985714,23.196910273851746
010520,Amazonas,Santa Catalina,1998,0.190204,0.0,0.0510397265081071,0.0,2292.859504985714,23.196910273851746
010520,Amazonas,Santa Catalina,1999,0.188433,0.0,0.0510397265081071,0.0,2292.859504985714,23.196910273851746
010520,Amazonas,Santa Catalina,2000,0.184124,0.0,0.0510397265081071,0.0,2292.859504985714,23.196910273851746
010520,Amazonas,Santa Catalina,2001,0.184545,0.0,0.0510397265081071,0.0,2292.859504985714,23.196910273851746
010520,Amazonas,Santa Catalina,2002,0.187347,0.0,0.0510397265081071,0.0,2292.859504985714,23.196910273851746
010520,Amazonas,Santa Catalina,2003,0.182909,0.0,0.0510397265081071,0.0,2292.859504985714,23.196910273851746
010520,Amazonas,Santa Catalina,2004,0.183654,0.0,0.0510397265081071,0.0,2292.859504985714,23.196910273851746
010520,Amazonas,Santa Catalina,2005,0.182298,0.0,0.0510397265081071,0.0,2292.859504985714,23.196910273851746
010520,Amazonas,Santa Catalina,2006,0.183341,0.0,0.0510397265081071,0.0,2292.859504985714,23.196910273851746
010520,Amazonas,Santa Catalina,2007,0.18678,0.0,0.0510397265081071,0.0,2292.859504985714,23.196910273851746
010520,Amazonas,Santa Catalina,2008,0.190231,0.0,0.0510397265081071,0.0,2292.859504985714,23.196910273851746
010520,Amazonas,Santa Catalina,2009,0.193703,0.0,0.0510397265081071,0.0,2292.859504985714,23.196910273851746
010520,Amazonas,Santa Catalina,2010,0.195782,0.0,0.0510397265081071,0.0,2292.859504985714,23.196910273851746
010520,Amazonas,Santa Catalina,2011,0.195982,0.0,0.0510397265081071,0.0,2292.859504985714,23.196910273851746
010520,Amazonas,Santa Catalina,2012,0.198018,0.0,0.0510397265081071,0.0,2292.859504985714,23.196910273851746
010520,Amazonas,Santa Catalina,2013,0.196776,0.0,0.0510397265081071,0.0,2292.859504985714,23.196910273851746
010520,Amazonas,Santa Catalina,2014,0.199266,0.0,0.0510397265081071,0.0,2292.859504985714,23.196910273851746
010520,Amazonas,Santa Catalina,2015,0.194157,0.0,0.0510397265081071,0.0,2292.859504985714,23.196910273851746
010520,Amazonas,Santa Catalina,2016,0.189292,0.0,0.0510397265081071,0.0,2292.859504985714,23.196910273851746
010520,Amazonas,Santa Catalina,2017,0.190258,0.0,0.0510397265081071,0.0,2292.859504985714,23.196910273851746
010520,Amazonas,Santa Catalina,2018,0.192467,0.0,0.0510397265081071,0.0,2292.859504985714,23.196910273851746
010520,Amazonas,Santa Catalina,2019,0.200556,0.0,0.0510397265081071,0.0,2292.859504985714,23.196910273851746
010520,Amazonas,Santa Catalina,2020,0.200297,0.0,0.0510397265081071,0.0,2292.859504985714,23.196910273851746
010520,Amazonas,Santa Catalina,2021,0.205827,0.0,0.0510397265081071,0.0,2292.859504985714,23.196910273851746
010520,Amazonas,Santa Catalina,2022,0.206599,0.0,0.0510397265081071,0.0,2292.859504985714,23.196910273851746
010520,Amazonas,Santa Catalina,2023,0.207954,0.0,0.0510397265081071,0.0,2292.859504985714,23.196910273851746
010520,Amazonas,Santa Catalina,2024,0.211173,0.0,0.0510397265081071,0.0,2292.859504985714,23.196910273851746
010521,Amazonas,Santo Tomas,1985,0.327313,0.0,0.3204155453187475,0.0205203355202575,2940.7019937040923,22.980908749765465
010521,Amazonas,Santo Tomas,1986,0.326305,0.0,0.3204155453187475,0.0205203355202575,2940.7019937040923,22.980908749765465
010521,Amazonas,Santo Tomas,1987,0.361698,0.0,0.3204155453187475,0.0205203355202575,2940.7019937040923,22.980908749765465
010521,Amazonas,Santo Tomas,1988,0.372205,0.0,0.3204155453187475,0.0205203355202575,2940.7019937040923,22.980908749765465
010521,Amazonas,Santo Tomas,1989,0.383088,0.0,0.3204155453187475,0.0205203355202575,2940.7019937040923,22.980908749765465
010521,Amazonas,Santo Tomas,1990,0.372205,0.0,0.3204155453187475,0.0205203355202575,2940.7019937040923,22.980908749765465
010521,Amazonas,Santo Tomas,1991,0.378437,0.0,0.3204155453187475,0.0205203355202575,2940.7019937040923,22.980908749765465
010521,Amazonas,Santo Tomas,1992,0.380481,0.0,0.3204155453187475,0.0205203355202575,2940.7019937040923,22.980908749765465
010521,Amazonas,Santo Tomas,1993,0.390287,0.0,0.3204155453187475,0.0205203355202575,2940.7019937040923,22.980908749765465
010521,Amazonas,Santo Tomas,1994,0.395827,0.0,0.3204155453187475,0.0205203355202575,2940.7019937040923,22.980908749765465
010521,Amazonas,Santo Tomas,1995,0.386366,0.0,0.3204155453187475,0.0205203355202575,2940.7019937040923,22.980908749765465
010521,Amazonas,Santo Tomas,1996,0.38213,0.0,0.3204155453187475,0.0205203355202575,2940.7019937040923,22.980908749765465
010521,Amazonas,Santo Tomas,1997,0.377222,0.0,0.3204155453187475,0.0205203355202575,2940.7019937040923,22.980908749765465
010521,Amazonas,Santo Tomas,1998,0.365688,0.0,0.3204155453187475,0.0205203355202575,2940.7019937040923,22.980908749765465
010521,Amazonas,Santo Tomas,1999,0.359407,0.0,0.3204155453187475,0.0205203355202575,2940.7019937040923,22.980908749765465
010521,Amazonas,Santo Tomas,2000,0.362646,0.0,0.3204155453187475,0.0205203355202575,2940.7019937040923,22.980908749765465
010521,Amazonas,Santo Tomas,2001,0.374022,0.0,0.3204155453187475,0.0205203355202575,2940.7019937040923,22.980908749765465
010521,Amazonas,Santo Tomas,2002,0.373203,0.0,0.3204155453187475,0.0205203355202575,2940.7019937040923,22.980908749765465
010521,Amazonas,Santo Tomas,2003,0.376353,0.0,0.3204155453187475,0.0205203355202575,2940.7019937040923,22.980908749765465
010521,Amazonas,Santo Tomas,2004,0.389675,0.0,0.3204155453187475,0.0205203355202575,2940.7019937040923,22.980908749765465
010521,Amazonas,Santo Tomas,2005,0.381873,0.0,0.3204155453187475,0.0205203355202575,2940.7019937040923,22.980908749765465
010521,Amazonas,Santo Tomas,2006,0.373884,0.0,0.3204155453187475,0.0205203355202575,2940.7019937040923,22.980908749765465
010521,Amazonas,Santo Tomas,2007,0.371978,0.0,0.3204155453187475,0.0205203355202575,2940.7019937040923,22.980908749765465
010521,Amazonas,Santo Tomas,2008,0.376995,0.0,0.3204155453187475,0.0205203355202575,2940.7019937040923,22.980908749765465
010521,Amazonas,Santo Tomas,2009,0.378723,0.0,0.3204155453187475,0.0205203355202575,2940.7019937040923,22.980908749765465
010521,Amazonas,Santo Tomas,2010,0.371672,0.0,0.3204155453187475,0.0205203355202575,2940.7019937040923,22.980908749765465
010521,Amazonas,Santo Tomas,2011,0.3497,0.0,0.3204155453187475,0.0205203355202575,2940.7019937040923,22.980908749765465
010521,Amazonas,Santo Tomas,2012,0.340792,0.0,0.3204155453187475,0.0205203355202575,2940.7019937040923,22.980908749765465
010521,Amazonas,Santo Tomas,2013,0.351122,0.0,0.3204155453187475,0.0205203355202575,2940.7019937040923,22.980908749765465
010521,Amazonas,Santo Tomas,2014,0.363525,0.0,0.3204155453187475,0.0205203355202575,2940.7019937040923,22.980908749765465
010521,Amazonas,Santo Tomas,2015,0.370981,0.0,0.3204155453187475,0.0205203355202575,2940.7019937040923,22.980908749765465
010521,Amazonas,Santo Tomas,2016,0.363012,0.0,0.3204155453187475,0.0205203355202575,2940.7019937040923,22.980908749765465
010521,Amazonas,Santo Tomas,2017,0.364513,0.0,0.3204155453187475,0.0205203355202575,2940.7019937040923,22.980908749765465
010521,Amazonas,Santo Tomas,2018,0.355852,0.0,0.3204155453187475,0.0205203355202575,2940.7019937040923,22.980908749765465
010521,Amazonas,Santo Tomas,2019,0.354104,0.0,0.3204155453187475,0.0205203355202575,2940.7019937040923,22.980908749765465
010521,Amazonas,Santo Tomas,2020,0.350984,0.0,0.3204155453187475,0.0205203355202575,2940.7019937040923,22.980908749765465
010521,Amazonas,Santo Tomas,2021,0.332823,0.0,0.3204155453187475,0.0205203355202575,2940.7019937040923,22.980908749765465
010521,Amazonas,Santo Tomas,2022,0.334117,0.0,0.3204155453187475,0.0205203355202575,2940.7019937040923,22.980908749765465
010521,Amazonas,Santo Tomas,2023,0.328527,0.0,0.3204155453187475,0.0205203355202575,2940.7019937040923,22.980908749765465
010521,Amazonas,Santo Tomas,2024,0.337129,0.0,0.3204155453187475,0.0205203355202575,2940.7019937040923,22.980908749765465
010522,Amazonas,Tingo,1985,0.256173,0.0,0.338078885056415,0.0763734760593832,2675.138936535163,26.69485426954113
010522,Amazonas,Tingo,1986,0.254044,0.0,0.338078885056415,0.0763734760593832,2675.138936535163,26.69485426954113
010522,Amazonas,Tingo,1987,0.289555,0.0,0.338078885056415,0.0763734760593832,2675.138936535163,26.69485426954113
010522,Amazonas,Tingo,1988,0.29969,0.0,0.338078885056415,0.0763734760593832,2675.138936535163,26.69485426954113
010522,Amazonas,Tingo,1989,0.294822,0.0,0.338078885056415,0.0763734760593832,2675.138936535163,26.69485426954113
010522,Amazonas,Tingo,1990,0.300897,0.0,0.338078885056415,0.0763734760593832,2675.138936535163,26.69485426954113
010522,Amazonas,Tingo,1991,0.296062,0.0,0.338078885056415,0.0763734760593832,2675.138936535163,26.69485426954113
010522,Amazonas,Tingo,1992,0.272105,0.0,0.338078885056415,0.0763734760593832,2675.138936535163,26.69485426954113
010522,Amazonas,Tingo,1993,0.27403,0.0,0.338078885056415,0.0763734760593832,2675.138936535163,26.69485426954113
010522,Amazonas,Tingo,1994,0.279648,0.0,0.338078885056415,0.0763734760593832,2675.138936535163,26.69485426954113
010522,Amazonas,Tingo,1995,0.278009,0.0,0.338078885056415,0.0763734760593832,2675.138936535163,26.69485426954113
010522,Amazonas,Tingo,1996,0.27138,0.0,0.338078885056415,0.0763734760593832,2675.138936535163,26.69485426954113
010522,Amazonas,Tingo,1997,0.272211,0.0,0.338078885056415,0.0763734760593832,2675.138936535163,26.69485426954113
010522,Amazonas,Tingo,1998,0.302862,0.0,0.338078885056415,0.0763734760593832,2675.138936535163,26.69485426954113
010522,Amazonas,Tingo,1999,0.307175,0.0,0.338078885056415,0.0763734760593832,2675.138936535163,26.69485426954113
010522,Amazonas,Tingo,2000,0.3197,0.0,0.338078885056415,0.0763734760593832,2675.138936535163,26.69485426954113
010522,Amazonas,Tingo,2001,0.331058,0.0,0.338078885056415,0.0763734760593832,2675.138936535163,26.69485426954113
010522,Amazonas,Tingo,2002,0.323687,0.0,0.338078885056415,0.0763734760593832,2675.138936535163,26.69485426954113
010522,Amazonas,Tingo,2003,0.303498,0.0,0.338078885056415,0.0763734760593832,2675.138936535163,26.69485426954113
010522,Amazonas,Tingo,2004,0.308521,0.0,0.338078885056415,0.0763734760593832,2675.138936535163,26.69485426954113
010522,Amazonas,Tingo,2005,0.305235,0.0,0.338078885056415,0.0763734760593832,2675.138936535163,26.69485426954113
010522,Amazonas,Tingo,2006,0.288299,0.104067,0.338078885056415,0.0763734760593832,2675.138936535163,26.69485426954113
010522,Amazonas,Tingo,2007,0.278523,0.104067,0.338078885056415,0.0763734760593832,2675.138936535163,26.69485426954113
010522,Amazonas,Tingo,2008,0.297994,0.104067,0.338078885056415,0.0763734760593832,2675.138936535163,26.69485426954113
010522,Amazonas,Tingo,2009,0.324013,0.104067,0.338078885056415,0.0763734760593832,2675.138936535163,26.69485426954113
010522,Amazonas,Tingo,2010,0.327365,0.104067,0.338078885056415,0.0763734760593832,2675.138936535163,26.69485426954113
010522,Amazonas,Tingo,2011,0.302446,0.111164,0.338078885056415,0.0763734760593832,2675.138936535163,26.69485426954113
010522,Amazonas,Tingo,2012,0.291055,0.111164,0.338078885056415,0.0763734760593832,2675.138936535163,26.69485426954113
010522,Amazonas,Tingo,2013,0.290468,0.111164,0.338078885056415,0.0763734760593832,2675.138936535163,26.69485426954113
010522,Amazonas,Tingo,2014,0.263796,0.111164,0.338078885056415,0.0763734760593832,2675.138936535163,26.69485426954113
010522,Amazonas,Tingo,2015,0.250351,0.111164,0.338078885056415,0.0763734760593832,2675.138936535163,26.69485426954113
010522,Amazonas,Tingo,2016,0.241137,0.111164,0.338078885056415,0.0763734760593832,2675.138936535163,26.69485426954113
010522,Amazonas,Tingo,2017,0.262785,0.111164,0.338078885056415,0.0763734760593832,2675.138936535163,26.69485426954113
010522,Amazonas,Tingo,2018,0.265982,0.111164,0.338078885056415,0.0763734760593832,2675.138936535163,26.69485426954113
010522,Amazonas,Tingo,2019,0.27606,0.111164,0.338078885056415,0.0763734760593832,2675.138936535163,26.69485426954113
010522,Amazonas,Tingo,2020,0.283684,0.111164,0.338078885056415,0.0763734760593832,2675.138936535163,26.69485426954113
010522,Amazonas,Tingo,2021,0.278286,0.111164,0.338078885056415,0.0763734760593832,2675.138936535163,26.69485426954113
010522,Amazonas,Tingo,2022,0.327903,0.111164,0.338078885056415,0.0763734760593832,2675.138936535163,26.69485426954113
010522,Amazonas,Tingo,2023,0.350245,0.111164,0.338078885056415,0.0763734760593832,2675.138936535163,26.69485426954113
010522,Amazonas,Tingo,2024,0.36144,0.111164,0.338078885056415,0.0763734760593832,2675.138936535163,26.69485426954113
010523,Amazonas,Trita,1985,0.323453,0.0,0.4814065822727498,0.0,2887.96741989882,12.097082494969818
010523,Amazonas,Trita,1986,0.323262,0.0,0.4814065822727498,0.0,2887.96741989882,12.097082494969818
010523,Amazonas,Trita,1987,0.474206,0.0,0.4814065822727498,0.0,2887.96741989882,12.097082494969818
010523,Amazonas,Trita,1988,0.544813,0.0,0.4814065822727498,0.0,2887.96741989882,12.097082494969818
010523,Amazonas,Trita,1989,0.551746,0.0,0.4814065822727498,0.0,2887.96741989882,12.097082494969818
010523,Amazonas,Trita,1990,0.586795,0.0,0.4814065822727498,0.0,2887.96741989882,12.097082494969818
010523,Amazonas,Trita,1991,0.606005,0.0,0.4814065822727498,0.0,2887.96741989882,12.097082494969818
010523,Amazonas,Trita,1992,0.564977,0.0,0.4814065822727498,0.0,2887.96741989882,12.097082494969818
010523,Amazonas,Trita,1993,0.52662,0.0,0.4814065822727498,0.0,2887.96741989882,12.097082494969818
010523,Amazonas,Trita,1994,0.494816,0.0,0.4814065822727498,0.0,2887.96741989882,12.097082494969818
010523,Amazonas,Trita,1995,0.537052,0.0,0.4814065822727498,0.0,2887.96741989882,12.097082494969818
010523,Amazonas,Trita,1996,0.517461,0.0,0.4814065822727498,0.0,2887.96741989882,12.097082494969818
010523,Amazonas,Trita,1997,0.501686,0.0,0.4814065822727498,0.0,2887.96741989882,12.097082494969818
010523,Amazonas,Trita,1998,0.540233,0.0,0.4814065822727498,0.0,2887.96741989882,12.097082494969818
010523,Amazonas,Trita,1999,0.570384,0.0,0.4814065822727498,0.0,2887.96741989882,12.097082494969818
010523,Amazonas,Trita,2000,0.563069,0.0,0.4814065822727498,0.0,2887.96741989882,12.097082494969818
010523,Amazonas,Trita,2001,0.542077,0.0,0.4814065822727498,0.0,2887.96741989882,12.097082494969818
010523,Amazonas,Trita,2002,0.547993,0.0,0.4814065822727498,0.0,2887.96741989882,12.097082494969818
010523,Amazonas,Trita,2003,0.582406,0.0,0.4814065822727498,0.0,2887.96741989882,12.097082494969818
010523,Amazonas,Trita,2004,0.6179,0.0,0.4814065822727498,0.0,2887.96741989882,12.097082494969818
010523,Amazonas,Trita,2005,0.629731,0.0,0.4814065822727498,0.0,2887.96741989882,12.097082494969818
010523,Amazonas,Trita,2006,0.61173,0.0,0.4814065822727498,0.0,2887.96741989882,12.097082494969818
010523,Amazonas,Trita,2007,0.604542,0.0,0.4814065822727498,0.0,2887.96741989882,12.097082494969818
010523,Amazonas,Trita,2008,0.605623,0.0,0.4814065822727498,0.0,2887.96741989882,12.097082494969818
010523,Amazonas,Trita,2009,0.585586,0.0,0.4814065822727498,0.0,2887.96741989882,12.097082494969818
010523,Amazonas,Trita,2010,0.557026,0.0,0.4814065822727498,0.0,2887.96741989882,12.097082494969818
010523,Amazonas,Trita,2011,0.536607,0.0,0.4814065822727498,0.0,2887.96741989882,12.097082494969818
010523,Amazonas,Trita,2012,0.59112,0.0,0.4814065822727498,0.0,2887.96741989882,12.097082494969818
010523,Amazonas,Trita,2013,0.62019,0.0,0.4814065822727498,0.0,2887.96741989882,12.097082494969818
010523,Amazonas,Trita,2014,0.620508,0.0,0.4814065822727498,0.0,2887.96741989882,12.097082494969818
010523,Amazonas,Trita,2015,0.564595,0.0,0.4814065822727498,0.0,2887.96741989882,12.097082494969818
010523,Amazonas,Trita,2016,0.55181,0.0,0.4814065822727498,0.0,2887.96741989882,12.097082494969818
010523,Amazonas,Trita,2017,0.569747,0.0,0.4814065822727498,0.0,2887.96741989882,12.097082494969818
010523,Amazonas,Trita,2018,0.579989,0.0,0.4814065822727498,0.0,2887.96741989882,12.097082494969818
010523,Amazonas,Trita,2019,0.622034,0.0,0.4814065822727498,0.0,2887.96741989882,12.097082494969818
010523,Amazonas,Trita,2020,0.64328,0.0,0.4814065822727498,0.0,2887.96741989882,12.097082494969818
010523,Amazonas,Trita,2021,0.648241,0.0,0.4814065822727498,0.0,2887.96741989882,12.097082494969818
010523,Amazonas,Trita,2022,0.671204,0.0,0.4814065822727498,0.0,2887.96741989882,12.097082494969818
010523,Amazonas,Trita,2023,0.684117,0.0,0.4814065822727498,0.0,2887.96741989882,12.097082494969818
010523,Amazonas,Trita,2024,0.686343,0.0,0.4814065822727498,0.0,2887.96741989882,12.097082494969818
010601,Amazonas,San Nicolas,1985,0.15498,0.0,0.171752518819847,0.0564409887505244,2161.606776465369,18.538130844555493
010601,Amazonas,San Nicolas,1986,0.154841,0.0,0.171752518819847,0.0564409887505244,2161.606776465369,18.538130844555493
010601,Amazonas,San Nicolas,1987,0.178383,0.0,0.171752518819847,0.0564409887505244,2161.606776465369,18.538130844555493
010601,Amazonas,San Nicolas,1988,0.207623,0.0,0.171752518819847,0.0564409887505244,2161.606776465369,18.538130844555493
010601,Amazonas,San Nicolas,1989,0.212825,0.0,0.171752518819847,0.0564409887505244,2161.606776465369,18.538130844555493
010601,Amazonas,San Nicolas,1990,0.216819,0.0,0.171752518819847,0.0564409887505244,2161.606776465369,18.538130844555493
010601,Amazonas,San Nicolas,1991,0.207336,0.0,0.171752518819847,0.0564409887505244,2161.606776465369,18.538130844555493
010601,Amazonas,San Nicolas,1992,0.214017,0.0,0.171752518819847,0.0564409887505244,2161.606776465369,18.538130844555493
010601,Amazonas,San Nicolas,1993,0.21989,0.0,0.171752518819847,0.0564409887505244,2161.606776465369,18.538130844555493
010601,Amazonas,San Nicolas,1994,0.227902,0.0,0.171752518819847,0.0564409887505244,2161.606776465369,18.538130844555493
010601,Amazonas,San Nicolas,1995,0.239691,0.0,0.171752518819847,0.0564409887505244,2161.606776465369,18.538130844555493
010601,Amazonas,San Nicolas,1996,0.244458,0.0,0.171752518819847,0.0564409887505244,2161.606776465369,18.538130844555493
010601,Amazonas,San Nicolas,1997,0.272089,0.0,0.171752518819847,0.0564409887505244,2161.606776465369,18.538130844555493
010601,Amazonas,San Nicolas,1998,0.275151,0.0,0.171752518819847,0.0564409887505244,2161.606776465369,18.538130844555493
010601,Amazonas,San Nicolas,1999,0.267974,0.0,0.171752518819847,0.0564409887505244,2161.606776465369,18.538130844555493
010601,Amazonas,San Nicolas,2000,0.266443,0.0,0.171752518819847,0.0564409887505244,2161.606776465369,18.538130844555493
010601,Amazonas,San Nicolas,2001,0.263407,0.0,0.171752518819847,0.0564409887505244,2161.606776465369,18.538130844555493
010601,Amazonas,San Nicolas,2002,0.259753,0.0,0.171752518819847,0.0564409887505244,2161.606776465369,18.538130844555493
010601,Amazonas,San Nicolas,2003,0.268766,0.0,0.171752518819847,0.0564409887505244,2161.606776465369,18.538130844555493
010601,Amazonas,San Nicolas,2004,0.263163,0.0,0.171752518819847,0.0564409887505244,2161.606776465369,18.538130844555493
010601,Amazonas,San Nicolas,2005,0.268505,0.0,0.171752518819847,0.0564409887505244,2161.606776465369,18.538130844555493
010601,Amazonas,San Nicolas,2006,0.272515,0.0,0.171752518819847,0.0564409887505244,2161.606776465369,18.538130844555493
010601,Amazonas,San Nicolas,2007,0.273368,0.0,0.171752518819847,0.0564409887505244,2161.606776465369,18.538130844555493
010601,Amazonas,San Nicolas,2008,0.266782,0.0,0.171752518819847,0.0564409887505244,2161.606776465369,18.538130844555493
010601,Amazonas,San Nicolas,2009,0.269714,0.0,0.171752518819847,0.0564409887505244,2161.606776465369,18.538130844555493
010601,Amazonas,San Nicolas,2010,0.273881,0.0,0.171752518819847,0.0564409887505244,2161.606776465369,18.538130844555493
010601,Amazonas,San Nicolas,2011,0.261014,0.0,0.171752518819847,0.0564409887505244,2161.606776465369,18.538130844555493
010601,Amazonas,San Nicolas,2012,0.26178,0.0,0.171752518819847,0.0564409887505244,2161.606776465369,18.538130844555493
010601,Amazonas,San Nicolas,2013,0.263024,0.0,0.171752518819847,0.0564409887505244,2161.606776465369,18.538130844555493
010601,Amazonas,San Nicolas,2014,0.254185,0.0,0.171752518819847,0.0564409887505244,2161.606776465369,18.538130844555493
010601,Amazonas,San Nicolas,2015,0.248103,0.0,0.171752518819847,0.0564409887505244,2161.606776465369,18.538130844555493
010601,Amazonas,San Nicolas,2016,0.244632,0.0,0.171752518819847,0.0564409887505244,2161.606776465369,18.538130844555493
010601,Amazonas,San Nicolas,2017,0.236272,0.0,0.171752518819847,0.0564409887505244,2161.606776465369,18.538130844555493
010601,Amazonas,San Nicolas,2018,0.229007,0.001512,0.171752518819847,0.0564409887505244,2161.606776465369,18.538130844555493
010601,Amazonas,San Nicolas,2019,0.219011,0.001512,0.171752518819847,0.0564409887505244,2161.606776465369,18.538130844555493
010601,Amazonas,San Nicolas,2020,0.216514,0.001512,0.171752518819847,0.0564409887505244,2161.606776465369,18.538130844555493
010601,Amazonas,San Nicolas,2021,0.214835,0.001512,0.171752518819847,0.0564409887505244,2161.606776465369,18.538130844555493
010601,Amazonas,San Nicolas,2022,0.21815,0.001512,0.171752518819847,0.0564409887505244,2161.606776465369,18.538130844555493
010601,Amazonas,San Nicolas,2023,0.227894,0.001512,0.171752518819847,0.0564409887505244,2161.606776465369,18.538130844555493
010601,Amazonas,San Nicolas,2024,0.230434,0.001512,0.171752518819847,0.0564409887505244,2161.606776465369,18.538130844555493
010602,Amazonas,Chirimoto,1985,0.12203,0.0,0.2022532892951262,0.0473737389033235,1946.726739189156,20.01722854213456
010602,Amazonas,Chirimoto,1986,0.12203,0.0,0.2022532892951262,0.0473737389033235,1946.726739189156,20.01722854213456
010602,Amazonas,Chirimoto,1987,0.147363,0.0,0.2022532892951262,0.0473737389033235,1946.726739189156,20.01722854213456
010602,Amazonas,Chirimoto,1988,0.187164,0.0,0.2022532892951262,0.0473737389033235,1946.726739189156,20.01722854213456
010602,Amazonas,Chirimoto,1989,0.199955,0.0,0.2022532892951262,0.0473737389033235,1946.726739189156,20.01722854213456
010602,Amazonas,Chirimoto,1990,0.207044,0.0,0.2022532892951262,0.0473737389033235,1946.726739189156,20.01722854213456
010602,Amazonas,Chirimoto,1991,0.216368,0.0,0.2022532892951262,0.0473737389033235,1946.726739189156,20.01722854213456
010602,Amazonas,Chirimoto,1992,0.214491,0.0,0.2022532892951262,0.0473737389033235,1946.726739189156,20.01722854213456
010602,Amazonas,Chirimoto,1993,0.209707,0.0,0.2022532892951262,0.0473737389033235,1946.726739189156,20.01722854213456
010602,Amazonas,Chirimoto,1994,0.221389,0.0,0.2022532892951262,0.0473737389033235,1946.726739189156,20.01722854213456
010602,Amazonas,Chirimoto,1995,0.23589,0.0,0.2022532892951262,0.0473737389033235,1946.726739189156,20.01722854213456
010602,Amazonas,Chirimoto,1996,0.240177,0.0,0.2022532892951262,0.0473737389033235,1946.726739189156,20.01722854213456
010602,Amazonas,Chirimoto,1997,0.257434,0.0,0.2022532892951262,0.0473737389033235,1946.726739189156,20.01722854213456
010602,Amazonas,Chirimoto,1998,0.265736,0.0,0.2022532892951262,0.0473737389033235,1946.726739189156,20.01722854213456
010602,Amazonas,Chirimoto,1999,0.262957,0.0,0.2022532892951262,0.0473737389033235,1946.726739189156,20.01722854213456
010602,Amazonas,Chirimoto,2000,0.263697,0.0,0.2022532892951262,0.0473737389033235,1946.726739189156,20.01722854213456
010602,Amazonas,Chirimoto,2001,0.260912,0.0,0.2022532892951262,0.0473737389033235,1946.726739189156,20.01722854213456
010602,Amazonas,Chirimoto,2002,0.263021,0.0,0.2022532892951262,0.0473737389033235,1946.726739189156,20.01722854213456
010602,Amazonas,Chirimoto,2003,0.274691,0.0,0.2022532892951262,0.0473737389033235,1946.726739189156,20.01722854213456
010602,Amazonas,Chirimoto,2004,0.276095,0.0,0.2022532892951262,0.0473737389033235,1946.726739189156,20.01722854213456
010602,Amazonas,Chirimoto,2005,0.27888,0.0,0.2022532892951262,0.0473737389033235,1946.726739189156,20.01722854213456
010602,Amazonas,Chirimoto,2006,0.277586,0.0,0.2022532892951262,0.0473737389033235,1946.726739189156,20.01722854213456
010602,Amazonas,Chirimoto,2007,0.278649,0.0,0.2022532892951262,0.0473737389033235,1946.726739189156,20.01722854213456
010602,Amazonas,Chirimoto,2008,0.270797,0.0,0.2022532892951262,0.0473737389033235,1946.726739189156,20.01722854213456
010602,Amazonas,Chirimoto,2009,0.271669,0.0,0.2022532892951262,0.0473737389033235,1946.726739189156,20.01722854213456
010602,Amazonas,Chirimoto,2010,0.280601,0.0,0.2022532892951262,0.0473737389033235,1946.726739189156,20.01722854213456
010602,Amazonas,Chirimoto,2011,0.278019,0.0,0.2022532892951262,0.0473737389033235,1946.726739189156,20.01722854213456
010602,Amazonas,Chirimoto,2012,0.28364,0.0,0.2022532892951262,0.0473737389033235,1946.726739189156,20.01722854213456
010602,Amazonas,Chirimoto,2013,0.287638,0.0,0.2022532892951262,0.0473737389033235,1946.726739189156,20.01722854213456
010602,Amazonas,Chirimoto,2014,0.281231,0.0,0.2022532892951262,0.0473737389033235,1946.726739189156,20.01722854213456
010602,Amazonas,Chirimoto,2015,0.278776,0.0,0.2022532892951262,0.0473737389033235,1946.726739189156,20.01722854213456
010602,Amazonas,Chirimoto,2016,0.267914,0.0,0.2022532892951262,0.0473737389033235,1946.726739189156,20.01722854213456
010602,Amazonas,Chirimoto,2017,0.259947,0.0,0.2022532892951262,0.0473737389033235,1946.726739189156,20.01722854213456
010602,Amazonas,Chirimoto,2018,0.257082,0.0,0.2022532892951262,0.0473737389033235,1946.726739189156,20.01722854213456
010602,Amazonas,Chirimoto,2019,0.251374,0.0,0.2022532892951262,0.0473737389033235,1946.726739189156,20.01722854213456
010602,Amazonas,Chirimoto,2020,0.255158,0.0,0.2022532892951262,0.0473737389033235,1946.726739189156,20.01722854213456
010602,Amazonas,Chirimoto,2021,0.264003,0.0,0.2022532892951262,0.0473737389033235,1946.726739189156,20.01722854213456
010602,Amazonas,Chirimoto,2022,0.273045,0.0,0.2022532892951262,0.0473737389033235,1946.726739189156,20.01722854213456
010602,Amazonas,Chirimoto,2023,0.281023,0.0,0.2022532892951262,0.0473737389033235,1946.726739189156,20.01722854213456
010602,Amazonas,Chirimoto,2024,0.289961,0.0,0.2022532892951262,0.0473737389033235,1946.726739189156,20.01722854213456
010603,Amazonas,Cochamal,1985,0.075721,0.0,0.1759626023402993,0.0,2384.7797097209013,19.67883964624184
010603,Amazonas,Cochamal,1986,0.075721,0.0,0.1759626023402993,0.0,2384.7797097209013,19.67883964624184
010603,Amazonas,Cochamal,1987,0.081199,0.0,0.1759626023402993,0.0,2384.7797097209013,19.67883964624184
010603,Amazonas,Cochamal,1988,0.090206,0.0,0.1759626023402993,0.0,2384.7797097209013,19.67883964624184
010603,Amazonas,Cochamal,1989,0.093781,0.0,0.1759626023402993,0.0,2384.7797097209013,19.67883964624184
010603,Amazonas,Cochamal,1990,0.097931,0.0,0.1759626023402993,0.0,2384.7797097209013,19.67883964624184
010603,Amazonas,Cochamal,1991,0.097233,0.0,0.1759626023402993,0.0,2384.7797097209013,19.67883964624184
010603,Amazonas,Cochamal,1992,0.096653,0.0,0.1759626023402993,0.0,2384.7797097209013,19.67883964624184
010603,Amazonas,Cochamal,1993,0.100689,0.0,0.1759626023402993,0.0,2384.7797097209013,19.67883964624184
010603,Amazonas,Cochamal,1994,0.104195,0.0,0.1759626023402993,0.0,2384.7797097209013,19.67883964624184
010603,Amazonas,Cochamal,1995,0.104126,0.0,0.1759626023402993,0.0,2384.7797097209013,19.67883964624184
010603,Amazonas,Cochamal,1996,0.106983,0.0,0.1759626023402993,0.0,2384.7797097209013,19.67883964624184
010603,Amazonas,Cochamal,1997,0.111674,0.0,0.1759626023402993,0.0,2384.7797097209013,19.67883964624184
010603,Amazonas,Cochamal,1998,0.111875,0.0,0.1759626023402993,0.0,2384.7797097209013,19.67883964624184
010603,Amazonas,Cochamal,1999,0.119708,0.0,0.1759626023402993,0.0,2384.7797097209013,19.67883964624184
010603,Amazonas,Cochamal,2000,0.127177,0.0,0.1759626023402993,0.0,2384.7797097209013,19.67883964624184
010603,Amazonas,Cochamal,2001,0.134759,0.0,0.1759626023402993,0.0,2384.7797097209013,19.67883964624184
010603,Amazonas,Cochamal,2002,0.141648,0.0,0.1759626023402993,0.0,2384.7797097209013,19.67883964624184
010603,Amazonas,Cochamal,2003,0.145168,0.0,0.1759626023402993,0.0,2384.7797097209013,19.67883964624184
010603,Amazonas,Cochamal,2004,0.140286,0.0,0.1759626023402993,0.0,2384.7797097209013,19.67883964624184
010603,Amazonas,Cochamal,2005,0.141343,0.0,0.1759626023402993,0.0,2384.7797097209013,19.67883964624184
010603,Amazonas,Cochamal,2006,0.139278,0.0,0.1759626023402993,0.0,2384.7797097209013,19.67883964624184
010603,Amazonas,Cochamal,2007,0.140364,0.0,0.1759626023402993,0.0,2384.7797097209013,19.67883964624184
010603,Amazonas,Cochamal,2008,0.143762,0.0,0.1759626023402993,0.0,2384.7797097209013,19.67883964624184
010603,Amazonas,Cochamal,2009,0.149008,0.0,0.1759626023402993,0.0,2384.7797097209013,19.67883964624184
010603,Amazonas,Cochamal,2010,0.147268,0.0,0.1759626023402993,0.0,2384.7797097209013,19.67883964624184
010603,Amazonas,Cochamal,2011,0.136544,0.0,0.1759626023402993,0.0,2384.7797097209013,19.67883964624184
010603,Amazonas,Cochamal,2012,0.128908,0.0,0.1759626023402993,0.0,2384.7797097209013,19.67883964624184
010603,Amazonas,Cochamal,2013,0.126916,0.0,0.1759626023402993,0.0,2384.7797097209013,19.67883964624184
010603,Amazonas,Cochamal,2014,0.126843,0.0,0.1759626023402993,0.0,2384.7797097209013,19.67883964624184
010603,Amazonas,Cochamal,2015,0.121788,0.2495,0.1759626023402993,0.0,2384.7797097209013,19.67883964624184
010603,Amazonas,Cochamal,2016,0.116276,0.2495,0.1759626023402993,0.0,2384.7797097209013,19.67883964624184
010603,Amazonas,Cochamal,2017,0.110366,0.2495,0.1759626023402993,0.0,2384.7797097209013,19.67883964624184
010603,Amazonas,Cochamal,2018,0.111885,0.2495,0.1759626023402993,0.0,2384.7797097209013,19.67883964624184
010603,Amazonas,Cochamal,2019,0.114634,0.2495,0.1759626023402993,0.0,2384.7797097209013,19.67883964624184
010603,Amazonas,Cochamal,2020,0.119566,0.2495,0.1759626023402993,0.0,2384.7797097209013,19.67883964624184
010603,Amazonas,Cochamal,2021,0.126464,0.2495,0.1759626023402993,0.0,2384.7797097209013,19.67883964624184
010603,Amazonas,Cochamal,2022,0.134661,0.2495,0.1759626023402993,0.0,2384.7797097209013,19.67883964624184
010603,Amazonas,Cochamal,2023,0.142439,0.2495,0.1759626023402993,0.0,2384.7797097209013,19.67883964624184
010603,Amazonas,Cochamal,2024,0.145266,0.2495,0.1759626023402993,0.0,2384.7797097209013,19.67883964624184
010604,Amazonas,Huambo,1985,0.662309,0.0,0.4608437613009307,0.0,1769.6585585366447,10.865590853599574
010604,Amazonas,Huambo,1986,0.662309,0.0,0.4608437613009307,0.0,1769.6585585366447,10.865590853599574
010604,Amazonas,Huambo,1987,0.718116,0.0,0.4608437613009307,0.0,1769.6585585366447,10.865590853599574
010604,Amazonas,Huambo,1988,0.757553,0.0,0.4608437613009307,0.0,1769.6585585366447,10.865590853599574
010604,Amazonas,Huambo,1989,0.749757,0.0,0.4608437613009307,0.0,1769.6585585366447,10.865590853599574
010604,Amazonas,Huambo,1990,0.737897,0.0,0.4608437613009307,0.0,1769.6585585366447,10.865590853599574
010604,Amazonas,Huambo,1991,0.728178,0.0,0.4608437613009307,0.0,1769.6585585366447,10.865590853599574
010604,Amazonas,Huambo,1992,0.724137,0.0,0.4608437613009307,0.0,1769.6585585366447,10.865590853599574
010604,Amazonas,Huambo,1993,0.741389,0.0,0.4608437613009307,0.0,1769.6585585366447,10.865590853599574
010604,Amazonas,Huambo,1994,0.76109,0.0,0.4608437613009307,0.0,1769.6585585366447,10.865590853599574
010604,Amazonas,Huambo,1995,0.769092,0.0,0.4608437613009307,0.0,1769.6585585366447,10.865590853599574
010604,Amazonas,Huambo,1996,0.776349,0.0,0.4608437613009307,0.0,1769.6585585366447,10.865590853599574
010604,Amazonas,Huambo,1997,0.805277,0.0,0.4608437613009307,0.0,1769.6585585366447,10.865590853599574
010604,Amazonas,Huambo,1998,0.814584,0.0,0.4608437613009307,0.0,1769.6585585366447,10.865590853599574
010604,Amazonas,Huambo,1999,0.815145,0.0,0.4608437613009307,0.0,1769.6585585366447,10.865590853599574
010604,Amazonas,Huambo,2000,0.816427,0.0,0.4608437613009307,0.0,1769.6585585366447,10.865590853599574
010604,Amazonas,Huambo,2001,0.817103,0.0,0.4608437613009307,0.0,1769.6585585366447,10.865590853599574
010604,Amazonas,Huambo,2002,0.817961,0.0,0.4608437613009307,0.0,1769.6585585366447,10.865590853599574
010604,Amazonas,Huambo,2003,0.82404,0.0,0.4608437613009307,0.0,1769.6585585366447,10.865590853599574
010604,Amazonas,Huambo,2004,0.82175,0.0,0.4608437613009307,0.0,1769.6585585366447,10.865590853599574
010604,Amazonas,Huambo,2005,0.825276,0.0,0.4608437613009307,0.0,1769.6585585366447,10.865590853599574
010604,Amazonas,Huambo,2006,0.828401,0.0,0.4608437613009307,0.0,1769.6585585366447,10.865590853599574
010604,Amazonas,Huambo,2007,0.829569,0.0,0.4608437613009307,0.0,1769.6585585366447,10.865590853599574
010604,Amazonas,Huambo,2008,0.826158,0.0,0.4608437613009307,0.0,1769.6585585366447,10.865590853599574
010604,Amazonas,Huambo,2009,0.824864,0.0,0.4608437613009307,0.0,1769.6585585366447,10.865590853599574
010604,Amazonas,Huambo,2010,0.824143,0.0,0.4608437613009307,0.0,1769.6585585366447,10.865590853599574
010604,Amazonas,Huambo,2011,0.823696,0.0,0.4608437613009307,0.0,1769.6585585366447,10.865590853599574
010604,Amazonas,Huambo,2012,0.825562,0.0,0.4608437613009307,0.0,1769.6585585366447,10.865590853599574
010604,Amazonas,Huambo,2013,0.820457,0.0,0.4608437613009307,0.0,1769.6585585366447,10.865590853599574
010604,Amazonas,Huambo,2014,0.808517,0.0,0.4608437613009307,0.0,1769.6585585366447,10.865590853599574
010604,Amazonas,Huambo,2015,0.792193,0.0,0.4608437613009307,0.0,1769.6585585366447,10.865590853599574
010604,Amazonas,Huambo,2016,0.778605,0.0,0.4608437613009307,0.0,1769.6585585366447,10.865590853599574
010604,Amazonas,Huambo,2017,0.757312,0.0,0.4608437613009307,0.0,1769.6585585366447,10.865590853599574
010604,Amazonas,Huambo,2018,0.752035,0.0,0.4608437613009307,0.0,1769.6585585366447,10.865590853599574
010604,Amazonas,Huambo,2019,0.742144,0.0,0.4608437613009307,0.0,1769.6585585366447,10.865590853599574
010604,Amazonas,Huambo,2020,0.742568,0.0,0.4608437613009307,0.0,1769.6585585366447,10.865590853599574
010604,Amazonas,Huambo,2021,0.74235,0.0,0.4608437613009307,0.0,1769.6585585366447,10.865590853599574
010604,Amazonas,Huambo,2022,0.745052,0.0,0.4608437613009307,0.0,1769.6585585366447,10.865590853599574
010604,Amazonas,Huambo,2023,0.765131,0.0,0.4608437613009307,0.0,1769.6585585366447,10.865590853599574
010604,Amazonas,Huambo,2024,0.768119,0.0,0.4608437613009307,0.0,1769.6585585366447,10.865590853599574
010605,Amazonas,Limabamba,1985,0.082317,0.0,0.0679715986714816,0.0,2251.8572683490183,21.470242783955253
010605,Amazonas,Limabamba,1986,0.082315,0.0,0.0679715986714816,0.0,2251.8572683490183,21.470242783955253
010605,Amazonas,Limabamba,1987,0.088638,0.0,0.0679715986714816,0.0,2251.8572683490183,21.470242783955253
010605,Amazonas,Limabamba,1988,0.099217,0.0,0.0679715986714816,0.0,2251.8572683490183,21.470242783955253
010605,Amazonas,Limabamba,1989,0.103454,0.0,0.0679715986714816,0.0,2251.8572683490183,21.470242783955253
010605,Amazonas,Limabamba,1990,0.108136,0.0,0.0679715986714816,0.0,2251.8572683490183,21.470242783955253
010605,Amazonas,Limabamba,1991,0.11334,0.0,0.0679715986714816,0.0,2251.8572683490183,21.470242783955253
010605,Amazonas,Limabamba,1992,0.111797,0.0,0.0679715986714816,0.0,2251.8572683490183,21.470242783955253
010605,Amazonas,Limabamba,1993,0.113158,0.0,0.0679715986714816,0.0,2251.8572683490183,21.470242783955253
010605,Amazonas,Limabamba,1994,0.119603,0.0,0.0679715986714816,0.0,2251.8572683490183,21.470242783955253
010605,Amazonas,Limabamba,1995,0.123326,0.0,0.0679715986714816,0.0,2251.8572683490183,21.470242783955253
010605,Amazonas,Limabamba,1996,0.12711,0.0,0.0679715986714816,0.0,2251.8572683490183,21.470242783955253
010605,Amazonas,Limabamba,1997,0.138437,0.0,0.0679715986714816,0.0,2251.8572683490183,21.470242783955253
010605,Amazonas,Limabamba,1998,0.145031,0.0,0.0679715986714816,0.0,2251.8572683490183,21.470242783955253
010605,Amazonas,Limabamba,1999,0.152031,0.0,0.0679715986714816,0.0,2251.8572683490183,21.470242783955253
010605,Amazonas,Limabamba,2000,0.158081,0.0,0.0679715986714816,0.0,2251.8572683490183,21.470242783955253
010605,Amazonas,Limabamba,2001,0.162976,0.0,0.0679715986714816,0.0,2251.8572683490183,21.470242783955253
010605,Amazonas,Limabamba,2002,0.168681,0.0,0.0679715986714816,0.0,2251.8572683490183,21.470242783955253
010605,Amazonas,Limabamba,2003,0.172167,0.0,0.0679715986714816,0.0,2251.8572683490183,21.470242783955253
010605,Amazonas,Limabamba,2004,0.173326,0.0,0.0679715986714816,0.0,2251.8572683490183,21.470242783955253
010605,Amazonas,Limabamba,2005,0.178549,0.0,0.0679715986714816,0.0,2251.8572683490183,21.470242783955253
010605,Amazonas,Limabamba,2006,0.178414,0.0,0.0679715986714816,0.0,2251.8572683490183,21.470242783955253
010605,Amazonas,Limabamba,2007,0.178764,0.0,0.0679715986714816,0.0,2251.8572683490183,21.470242783955253
010605,Amazonas,Limabamba,2008,0.177459,0.0,0.0679715986714816,0.0,2251.8572683490183,21.470242783955253
010605,Amazonas,Limabamba,2009,0.178531,0.0,0.0679715986714816,0.0,2251.8572683490183,21.470242783955253
010605,Amazonas,Limabamba,2010,0.180082,0.0,0.0679715986714816,0.0,2251.8572683490183,21.470242783955253
010605,Amazonas,Limabamba,2011,0.173942,0.0,0.0679715986714816,0.0,2251.8572683490183,21.470242783955253
010605,Amazonas,Limabamba,2012,0.168268,0.0,0.0679715986714816,0.0,2251.8572683490183,21.470242783955253
010605,Amazonas,Limabamba,2013,0.162113,0.0,0.0679715986714816,0.0,2251.8572683490183,21.470242783955253
010605,Amazonas,Limabamba,2014,0.159308,0.0,0.0679715986714816,0.0,2251.8572683490183,21.470242783955253
010605,Amazonas,Limabamba,2015,0.15508,0.175305,0.0679715986714816,0.0,2251.8572683490183,21.470242783955253
010605,Amazonas,Limabamba,2016,0.153546,0.175305,0.0679715986714816,0.0,2251.8572683490183,21.470242783955253
010605,Amazonas,Limabamba,2017,0.150915,0.175305,0.0679715986714816,0.0,2251.8572683490183,21.470242783955253
010605,Amazonas,Limabamba,2018,0.153661,0.175305,0.0679715986714816,0.0,2251.8572683490183,21.470242783955253
010605,Amazonas,Limabamba,2019,0.155637,0.175305,0.0679715986714816,0.0,2251.8572683490183,21.470242783955253
010605,Amazonas,Limabamba,2020,0.159791,0.175305,0.0679715986714816,0.0,2251.8572683490183,21.470242783955253
010605,Amazonas,Limabamba,2021,0.168013,0.175305,0.0679715986714816,0.0,2251.8572683490183,21.470242783955253
010605,Amazonas,Limabamba,2022,0.174085,0.175305,0.0679715986714816,0.0,2251.8572683490183,21.470242783955253
010605,Amazonas,Limabamba,2023,0.183848,0.175305,0.0679715986714816,0.0,2251.8572683490183,21.470242783955253
010605,Amazonas,Limabamba,2024,0.190661,0.175305,0.0679715986714816,0.0,2251.8572683490183,21.470242783955253
010606,Amazonas,Longar,1985,0.240045,0.0,0.1151866265652105,0.0,2193.2367843812804,18.943098952389647
010606,Amazonas,Longar,1986,0.240045,0.0,0.1151866265652105,0.0,2193.2367843812804,18.943098952389647
010606,Amazonas,Longar,1987,0.250835,0.0,0.1151866265652105,0.0,2193.2367843812804,18.943098952389647
010606,Amazonas,Longar,1988,0.269518,0.0,0.1151866265652105,0.0,2193.2367843812804,18.943098952389647
010606,Amazonas,Longar,1989,0.261377,0.0,0.1151866265652105,0.0,2193.2367843812804,18.943098952389647
010606,Amazonas,Longar,1990,0.259701,0.0,0.1151866265652105,0.0,2193.2367843812804,18.943098952389647
010606,Amazonas,Longar,1991,0.245656,0.0,0.1151866265652105,0.0,2193.2367843812804,18.943098952389647
010606,Amazonas,Longar,1992,0.236758,0.0,0.1151866265652105,0.0,2193.2367843812804,18.943098952389647
010606,Amazonas,Longar,1993,0.239375,0.0,0.1151866265652105,0.0,2193.2367843812804,18.943098952389647
010606,Amazonas,Longar,1994,0.248316,0.0,0.1151866265652105,0.0,2193.2367843812804,18.943098952389647
010606,Amazonas,Longar,1995,0.254176,0.0,0.1151866265652105,0.0,2193.2367843812804,18.943098952389647
010606,Amazonas,Longar,1996,0.257095,0.0,0.1151866265652105,0.0,2193.2367843812804,18.943098952389647
010606,Amazonas,Longar,1997,0.275497,0.0,0.1151866265652105,0.0,2193.2367843812804,18.943098952389647
010606,Amazonas,Longar,1998,0.279595,0.0,0.1151866265652105,0.0,2193.2367843812804,18.943098952389647
010606,Amazonas,Longar,1999,0.2782,0.0,0.1151866265652105,0.0,2193.2367843812804,18.943098952389647
010606,Amazonas,Longar,2000,0.282482,0.0,0.1151866265652105,0.0,2193.2367843812804,18.943098952389647
010606,Amazonas,Longar,2001,0.282763,0.0,0.1151866265652105,0.0,2193.2367843812804,18.943098952389647
010606,Amazonas,Longar,2002,0.28579,0.0,0.1151866265652105,0.0,2193.2367843812804,18.943098952389647
010606,Amazonas,Longar,2003,0.293953,0.0,0.1151866265652105,0.0,2193.2367843812804,18.943098952389647
010606,Amazonas,Longar,2004,0.283173,0.0,0.1151866265652105,0.0,2193.2367843812804,18.943098952389647
010606,Amazonas,Longar,2005,0.284893,0.0,0.1151866265652105,0.0,2193.2367843812804,18.943098952389647
010606,Amazonas,Longar,2006,0.284817,0.0,0.1151866265652105,0.0,2193.2367843812804,18.943098952389647
010606,Amazonas,Longar,2007,0.283617,0.0,0.1151866265652105,0.0,2193.2367843812804,18.943098952389647
010606,Amazonas,Longar,2008,0.279649,0.0,0.1151866265652105,0.0,2193.2367843812804,18.943098952389647
010606,Amazonas,Longar,2009,0.280103,0.0,0.1151866265652105,0.0,2193.2367843812804,18.943098952389647
010606,Amazonas,Longar,2010,0.275486,0.0,0.1151866265652105,0.0,2193.2367843812804,18.943098952389647
010606,Amazonas,Longar,2011,0.270621,0.0,0.1151866265652105,0.0,2193.2367843812804,18.943098952389647
010606,Amazonas,Longar,2012,0.271486,5.2e-05,0.1151866265652105,0.0,2193.2367843812804,18.943098952389647
010606,Amazonas,Longar,2013,0.264707,5.2e-05,0.1151866265652105,0.0,2193.2367843812804,18.943098952389647
010606,Amazonas,Longar,2014,0.256457,5.2e-05,0.1151866265652105,0.0,2193.2367843812804,18.943098952389647
010606,Amazonas,Longar,2015,0.248673,5.2e-05,0.1151866265652105,0.0,2193.2367843812804,18.943098952389647
010606,Amazonas,Longar,2016,0.249916,5.2e-05,0.1151866265652105,0.0,2193.2367843812804,18.943098952389647
010606,Amazonas,Longar,2017,0.243678,5.2e-05,0.1151866265652105,0.0,2193.2367843812804,18.943098952389647
010606,Amazonas,Longar,2018,0.243429,5.2e-05,0.1151866265652105,0.0,2193.2367843812804,18.943098952389647
010606,Amazonas,Longar,2019,0.23812,5.2e-05,0.1151866265652105,0.0,2193.2367843812804,18.943098952389647
010606,Amazonas,Longar,2020,0.239526,5.2e-05,0.1151866265652105,0.0,2193.2367843812804,18.943098952389647
010606,Amazonas,Longar,2021,0.243451,5.2e-05,0.1151866265652105,0.0,2193.2367843812804,18.943098952389647
010606,Amazonas,Longar,2022,0.251495,5.2e-05,0.1151866265652105,0.0,2193.2367843812804,18.943098952389647
010606,Amazonas,Longar,2023,0.266696,5.2e-05,0.1151866265652105,0.0,2193.2367843812804,18.943098952389647
010606,Amazonas,Longar,2024,0.26914,5.2e-05,0.1151866265652105,0.0,2193.2367843812804,18.943098952389647
010608,Amazonas,Milpuc,1985,0.304098,0.0,0.5009939614856009,0.0912556920736283,1773.2947238886325,17.007620085666208
010608,Amazonas,Milpuc,1986,0.304098,0.0,0.5009939614856009,0.0912556920736283,1773.2947238886325,17.007620085666208
010608,Amazonas,Milpuc,1987,0.352502,0.0,0.5009939614856009,0.0912556920736283,1773.2947238886325,17.007620085666208
010608,Amazonas,Milpuc,1988,0.475457,0.0,0.5009939614856009,0.0912556920736283,1773.2947238886325,17.007620085666208
010608,Amazonas,Milpuc,1989,0.490267,0.0,0.5009939614856009,0.0912556920736283,1773.2947238886325,17.007620085666208
010608,Amazonas,Milpuc,1990,0.507643,0.0,0.5009939614856009,0.0912556920736283,1773.2947238886325,17.007620085666208
010608,Amazonas,Milpuc,1991,0.525474,0.0,0.5009939614856009,0.0912556920736283,1773.2947238886325,17.007620085666208
010608,Amazonas,Milpuc,1992,0.527253,0.0,0.5009939614856009,0.0912556920736283,1773.2947238886325,17.007620085666208
010608,Amazonas,Milpuc,1993,0.527232,0.0,0.5009939614856009,0.0912556920736283,1773.2947238886325,17.007620085666208
010608,Amazonas,Milpuc,1994,0.537534,0.0,0.5009939614856009,0.0912556920736283,1773.2947238886325,17.007620085666208
010608,Amazonas,Milpuc,1995,0.551972,0.0,0.5009939614856009,0.0912556920736283,1773.2947238886325,17.007620085666208
010608,Amazonas,Milpuc,1996,0.560205,0.0,0.5009939614856009,0.0912556920736283,1773.2947238886325,17.007620085666208
010608,Amazonas,Milpuc,1997,0.608982,0.0,0.5009939614856009,0.0912556920736283,1773.2947238886325,17.007620085666208
010608,Amazonas,Milpuc,1998,0.626957,0.0,0.5009939614856009,0.0912556920736283,1773.2947238886325,17.007620085666208
010608,Amazonas,Milpuc,1999,0.61407,0.0,0.5009939614856009,0.0912556920736283,1773.2947238886325,17.007620085666208
010608,Amazonas,Milpuc,2000,0.609333,0.0,0.5009939614856009,0.0912556920736283,1773.2947238886325,17.007620085666208
010608,Amazonas,Milpuc,2001,0.607099,0.0,0.5009939614856009,0.0912556920736283,1773.2947238886325,17.007620085666208
010608,Amazonas,Milpuc,2002,0.597729,0.0,0.5009939614856009,0.0912556920736283,1773.2947238886325,17.007620085666208
010608,Amazonas,Milpuc,2003,0.606665,0.0,0.5009939614856009,0.0912556920736283,1773.2947238886325,17.007620085666208
010608,Amazonas,Milpuc,2004,0.600335,0.0,0.5009939614856009,0.0912556920736283,1773.2947238886325,17.007620085666208
010608,Amazonas,Milpuc,2005,0.600252,0.0,0.5009939614856009,0.0912556920736283,1773.2947238886325,17.007620085666208
010608,Amazonas,Milpuc,2006,0.601204,0.0,0.5009939614856009,0.0912556920736283,1773.2947238886325,17.007620085666208
010608,Amazonas,Milpuc,2007,0.606996,0.0,0.5009939614856009,0.0912556920736283,1773.2947238886325,17.007620085666208
010608,Amazonas,Milpuc,2008,0.585297,0.0,0.5009939614856009,0.0912556920736283,1773.2947238886325,17.007620085666208
010608,Amazonas,Milpuc,2009,0.586021,0.0,0.5009939614856009,0.0912556920736283,1773.2947238886325,17.007620085666208
010608,Amazonas,Milpuc,2010,0.599032,0.0,0.5009939614856009,0.0912556920736283,1773.2947238886325,17.007620085666208
010608,Amazonas,Milpuc,2011,0.593509,0.0,0.5009939614856009,0.0912556920736283,1773.2947238886325,17.007620085666208
010608,Amazonas,Milpuc,2012,0.600376,0.0,0.5009939614856009,0.0912556920736283,1773.2947238886325,17.007620085666208
010608,Amazonas,Milpuc,2013,0.597191,0.0,0.5009939614856009,0.0912556920736283,1773.2947238886325,17.007620085666208
010608,Amazonas,Milpuc,2014,0.583704,0.0,0.5009939614856009,0.0912556920736283,1773.2947238886325,17.007620085666208
010608,Amazonas,Milpuc,2015,0.580291,0.0,0.5009939614856009,0.0912556920736283,1773.2947238886325,17.007620085666208
010608,Amazonas,Milpuc,2016,0.555282,0.0,0.5009939614856009,0.0912556920736283,1773.2947238886325,17.007620085666208
010608,Amazonas,Milpuc,2017,0.539023,0.0,0.5009939614856009,0.0912556920736283,1773.2947238886325,17.007620085666208
010608,Amazonas,Milpuc,2018,0.522682,0.0,0.5009939614856009,0.0912556920736283,1773.2947238886325,17.007620085666208
010608,Amazonas,Milpuc,2019,0.495418,0.0,0.5009939614856009,0.0912556920736283,1773.2947238886325,17.007620085666208
010608,Amazonas,Milpuc,2020,0.49788,0.0,0.5009939614856009,0.0912556920736283,1773.2947238886325,17.007620085666208
010608,Amazonas,Milpuc,2021,0.491612,0.0,0.5009939614856009,0.0912556920736283,1773.2947238886325,17.007620085666208
010608,Amazonas,Milpuc,2022,0.496618,0.0,0.5009939614856009,0.0912556920736283,1773.2947238886325,17.007620085666208
010608,Amazonas,Milpuc,2023,0.50665,0.0,0.5009939614856009,0.0912556920736283,1773.2947238886325,17.007620085666208
010608,Amazonas,Milpuc,2024,0.516497,0.0,0.5009939614856009,0.0912556920736283,1773.2947238886325,17.007620085666208
010609,Amazonas,Omia,1985,0.09001,0.0,0.0730619357619943,0.0739963090089006,2146.093969415061,21.75901128129873
010609,Amazonas,Omia,1986,0.09001,0.0,0.0730619357619943,0.0739963090089006,2146.093969415061,21.75901128129873
010609,Amazonas,Omia,1987,0.1018,0.0,0.0730619357619943,0.0739963090089006,2146.093969415061,21.75901128129873
010609,Amazonas,Omia,1988,0.134879,0.0,0.0730619357619943,0.0739963090089006,2146.093969415061,21.75901128129873
010609,Amazonas,Omia,1989,0.141684,0.0,0.0730619357619943,0.0739963090089006,2146.093969415061,21.75901128129873
010609,Amazonas,Omia,1990,0.148362,0.0,0.0730619357619943,0.0739963090089006,2146.093969415061,21.75901128129873
010609,Amazonas,Omia,1991,0.153131,0.0,0.0730619357619943,0.0739963090089006,2146.093969415061,21.75901128129873
010609,Amazonas,Omia,1992,0.156644,0.0,0.0730619357619943,0.0739963090089006,2146.093969415061,21.75901128129873
010609,Amazonas,Omia,1993,0.162004,0.0,0.0730619357619943,0.0739963090089006,2146.093969415061,21.75901128129873
010609,Amazonas,Omia,1994,0.160666,0.0,0.0730619357619943,0.0739963090089006,2146.093969415061,21.75901128129873
010609,Amazonas,Omia,1995,0.166595,0.0,0.0730619357619943,0.0739963090089006,2146.093969415061,21.75901128129873
010609,Amazonas,Omia,1996,0.165466,0.0,0.0730619357619943,0.0739963090089006,2146.093969415061,21.75901128129873
010609,Amazonas,Omia,1997,0.18392,0.0,0.0730619357619943,0.0739963090089006,2146.093969415061,21.75901128129873
010609,Amazonas,Omia,1998,0.18716,0.0,0.0730619357619943,0.0739963090089006,2146.093969415061,21.75901128129873
010609,Amazonas,Omia,1999,0.183466,0.0,0.0730619357619943,0.0739963090089006,2146.093969415061,21.75901128129873
010609,Amazonas,Omia,2000,0.182163,0.0,0.0730619357619943,0.0739963090089006,2146.093969415061,21.75901128129873
010609,Amazonas,Omia,2001,0.178409,0.0,0.0730619357619943,0.0739963090089006,2146.093969415061,21.75901128129873
010609,Amazonas,Omia,2002,0.175859,0.0,0.0730619357619943,0.0739963090089006,2146.093969415061,21.75901128129873
010609,Amazonas,Omia,2003,0.184674,0.0,0.0730619357619943,0.0739963090089006,2146.093969415061,21.75901128129873
010609,Amazonas,Omia,2004,0.180726,0.0,0.0730619357619943,0.0739963090089006,2146.093969415061,21.75901128129873
010609,Amazonas,Omia,2005,0.185408,0.0,0.0730619357619943,0.0739963090089006,2146.093969415061,21.75901128129873
010609,Amazonas,Omia,2006,0.185727,0.0,0.0730619357619943,0.0739963090089006,2146.093969415061,21.75901128129873
010609,Amazonas,Omia,2007,0.181792,0.0,0.0730619357619943,0.0739963090089006,2146.093969415061,21.75901128129873
010609,Amazonas,Omia,2008,0.178279,0.0,0.0730619357619943,0.0739963090089006,2146.093969415061,21.75901128129873
010609,Amazonas,Omia,2009,0.181354,0.0,0.0730619357619943,0.0739963090089006,2146.093969415061,21.75901128129873
010609,Amazonas,Omia,2010,0.189675,0.0,0.0730619357619943,0.0739963090089006,2146.093969415061,21.75901128129873
010609,Amazonas,Omia,2011,0.189967,0.0,0.0730619357619943,0.0739963090089006,2146.093969415061,21.75901128129873
010609,Amazonas,Omia,2012,0.192509,0.0,0.0730619357619943,0.0739963090089006,2146.093969415061,21.75901128129873
010609,Amazonas,Omia,2013,0.196559,0.0,0.0730619357619943,0.0739963090089006,2146.093969415061,21.75901128129873
010609,Amazonas,Omia,2014,0.188641,0.000555,0.0730619357619943,0.0739963090089006,2146.093969415061,21.75901128129873
010609,Amazonas,Omia,2015,0.182652,0.000555,0.0730619357619943,0.0739963090089006,2146.093969415061,21.75901128129873
010609,Amazonas,Omia,2016,0.176313,0.000555,0.0730619357619943,0.0739963090089006,2146.093969415061,21.75901128129873
010609,Amazonas,Omia,2017,0.16849,0.000555,0.0730619357619943,0.0739963090089006,2146.093969415061,21.75901128129873
010609,Amazonas,Omia,2018,0.161858,0.359048,0.0730619357619943,0.0739963090089006,2146.093969415061,21.75901128129873
010609,Amazonas,Omia,2019,0.15407,0.359048,0.0730619357619943,0.0739963090089006,2146.093969415061,21.75901128129873
010609,Amazonas,Omia,2020,0.158061,0.359048,0.0730619357619943,0.0739963090089006,2146.093969415061,21.75901128129873
010609,Amazonas,Omia,2021,0.159573,0.359048,0.0730619357619943,0.0739963090089006,2146.093969415061,21.75901128129873
010609,Amazonas,Omia,2022,0.167159,0.359048,0.0730619357619943,0.0739963090089006,2146.093969415061,21.75901128129873
010609,Amazonas,Omia,2023,0.172326,0.359048,0.0730619357619943,0.0739963090089006,2146.093969415061,21.75901128129873
010609,Amazonas,Omia,2024,0.176404,0.359048,0.0730619357619943,0.0739963090089006,2146.093969415061,21.75901128129873
010610,Amazonas,Santa Rosa,1985,0.452492,0.0,0.2912198234651831,0.0,1920.025064177363,13.483855302222016
010610,Amazonas,Santa Rosa,1986,0.452492,0.0,0.2912198234651831,0.0,1920.025064177363,13.483855302222016
010610,Amazonas,Santa Rosa,1987,0.506285,0.0,0.2912198234651831,0.0,1920.025064177363,13.483855302222016
010610,Amazonas,Santa Rosa,1988,0.556386,0.0,0.2912198234651831,0.0,1920.025064177363,13.483855302222016
010610,Amazonas,Santa Rosa,1989,0.551112,0.0,0.2912198234651831,0.0,1920.025064177363,13.483855302222016
010610,Amazonas,Santa Rosa,1990,0.543773,0.0,0.2912198234651831,0.0,1920.025064177363,13.483855302222016
010610,Amazonas,Santa Rosa,1991,0.531599,0.0,0.2912198234651831,0.0,1920.025064177363,13.483855302222016
010610,Amazonas,Santa Rosa,1992,0.533269,0.0,0.2912198234651831,0.0,1920.025064177363,13.483855302222016
010610,Amazonas,Santa Rosa,1993,0.538894,0.0,0.2912198234651831,0.0,1920.025064177363,13.483855302222016
010610,Amazonas,Santa Rosa,1994,0.546673,0.0,0.2912198234651831,0.0,1920.025064177363,13.483855302222016
010610,Amazonas,Santa Rosa,1995,0.566186,0.0,0.2912198234651831,0.0,1920.025064177363,13.483855302222016
010610,Amazonas,Santa Rosa,1996,0.578624,0.0,0.2912198234651831,0.0,1920.025064177363,13.483855302222016
010610,Amazonas,Santa Rosa,1997,0.629032,0.0,0.2912198234651831,0.0,1920.025064177363,13.483855302222016
010610,Amazonas,Santa Rosa,1998,0.640195,0.0,0.2912198234651831,0.0,1920.025064177363,13.483855302222016
010610,Amazonas,Santa Rosa,1999,0.641909,0.0,0.2912198234651831,0.0,1920.025064177363,13.483855302222016
010610,Amazonas,Santa Rosa,2000,0.644194,0.0,0.2912198234651831,0.0,1920.025064177363,13.483855302222016
010610,Amazonas,Santa Rosa,2001,0.643096,0.0,0.2912198234651831,0.0,1920.025064177363,13.483855302222016
010610,Amazonas,Santa Rosa,2002,0.646084,0.0,0.2912198234651831,0.0,1920.025064177363,13.483855302222016
010610,Amazonas,Santa Rosa,2003,0.651402,0.0,0.2912198234651831,0.0,1920.025064177363,13.483855302222016
010610,Amazonas,Santa Rosa,2004,0.650787,0.0,0.2912198234651831,0.0,1920.025064177363,13.483855302222016
010610,Amazonas,Santa Rosa,2005,0.66797,0.0,0.2912198234651831,0.0,1920.025064177363,13.483855302222016
010610,Amazonas,Santa Rosa,2006,0.675222,0.0,0.2912198234651831,0.0,1920.025064177363,13.483855302222016
010610,Amazonas,Santa Rosa,2007,0.684231,0.0,0.2912198234651831,0.0,1920.025064177363,13.483855302222016
010610,Amazonas,Santa Rosa,2008,0.680012,0.0,0.2912198234651831,0.0,1920.025064177363,13.483855302222016
010610,Amazonas,Santa Rosa,2009,0.682957,0.0,0.2912198234651831,0.0,1920.025064177363,13.483855302222016
010610,Amazonas,Santa Rosa,2010,0.684891,0.0,0.2912198234651831,0.0,1920.025064177363,13.483855302222016
010610,Amazonas,Santa Rosa,2011,0.674607,0.0,0.2912198234651831,0.0,1920.025064177363,13.483855302222016
010610,Amazonas,Santa Rosa,2012,0.675617,0.0,0.2912198234651831,0.0,1920.025064177363,13.483855302222016
010610,Amazonas,Santa Rosa,2013,0.668674,0.0,0.2912198234651831,0.0,1920.025064177363,13.483855302222016
010610,Amazonas,Santa Rosa,2014,0.650479,0.0,0.2912198234651831,0.0,1920.025064177363,13.483855302222016
010610,Amazonas,Santa Rosa,2015,0.636723,0.0,0.2912198234651831,0.0,1920.025064177363,13.483855302222016
010610,Amazonas,Santa Rosa,2016,0.607981,0.0,0.2912198234651831,0.0,1920.025064177363,13.483855302222016
010610,Amazonas,Santa Rosa,2017,0.598972,0.0,0.2912198234651831,0.0,1920.025064177363,13.483855302222016
010610,Amazonas,Santa Rosa,2018,0.585348,0.0,0.2912198234651831,0.0,1920.025064177363,13.483855302222016
010610,Amazonas,Santa Rosa,2019,0.579415,0.0,0.2912198234651831,0.0,1920.025064177363,13.483855302222016
010610,Amazonas,Santa Rosa,2020,0.581568,0.0,0.2912198234651831,0.0,1920.025064177363,13.483855302222016
010610,Amazonas,Santa Rosa,2021,0.5541,0.0,0.2912198234651831,0.0,1920.025064177363,13.483855302222016
010610,Amazonas,Santa Rosa,2022,0.556957,0.0,0.2912198234651831,0.0,1920.025064177363,13.483855302222016
010610,Amazonas,Santa Rosa,2023,0.543685,0.0,0.2912198234651831,0.0,1920.025064177363,13.483855302222016
010610,Amazonas,Santa Rosa,2024,0.54786,0.0,0.2912198234651831,0.0,1920.025064177363,13.483855302222016
010611,Amazonas,Totora,1985,0.333044,0.0,0.5491289210611894,0.0,1813.6953439821332,16.01095747889023
010611,Amazonas,Totora,1986,0.333135,0.0,0.5491289210611894,0.0,1813.6953439821332,16.01095747889023
010611,Amazonas,Totora,1987,0.387903,0.0,0.5491289210611894,0.0,1813.6953439821332,16.01095747889023
010611,Amazonas,Totora,1988,0.452684,0.0,0.5491289210611894,0.0,1813.6953439821332,16.01095747889023
010611,Amazonas,Totora,1989,0.459998,0.0,0.5491289210611894,0.0,1813.6953439821332,16.01095747889023
010611,Amazonas,Totora,1990,0.453324,0.0,0.5491289210611894,0.0,1813.6953439821332,16.01095747889023
010611,Amazonas,Totora,1991,0.441346,0.0,0.5491289210611894,0.0,1813.6953439821332,16.01095747889023
010611,Amazonas,Totora,1992,0.431151,0.0,0.5491289210611894,0.0,1813.6953439821332,16.01095747889023
010611,Amazonas,Totora,1993,0.426214,0.0,0.5491289210611894,0.0,1813.6953439821332,16.01095747889023
010611,Amazonas,Totora,1994,0.476913,0.0,0.5491289210611894,0.0,1813.6953439821332,16.01095747889023
010611,Amazonas,Totora,1995,0.507772,0.0,0.5491289210611894,0.0,1813.6953439821332,16.01095747889023
010611,Amazonas,Totora,1996,0.515955,0.0,0.5491289210611894,0.0,1813.6953439821332,16.01095747889023
010611,Amazonas,Totora,1997,0.591113,0.0,0.5491289210611894,0.0,1813.6953439821332,16.01095747889023
010611,Amazonas,Totora,1998,0.62028,0.0,0.5491289210611894,0.0,1813.6953439821332,16.01095747889023
010611,Amazonas,Totora,1999,0.626772,0.0,0.5491289210611894,0.0,1813.6953439821332,16.01095747889023
010611,Amazonas,Totora,2000,0.6206,0.0,0.5491289210611894,0.0,1813.6953439821332,16.01095747889023
010611,Amazonas,Totora,2001,0.625263,0.0,0.5491289210611894,0.0,1813.6953439821332,16.01095747889023
010611,Amazonas,Totora,2002,0.615297,0.0,0.5491289210611894,0.0,1813.6953439821332,16.01095747889023
010611,Amazonas,Totora,2003,0.639161,0.0,0.5491289210611894,0.0,1813.6953439821332,16.01095747889023
010611,Amazonas,Totora,2004,0.630475,0.0,0.5491289210611894,0.0,1813.6953439821332,16.01095747889023
010611,Amazonas,Totora,2005,0.633629,0.0,0.5491289210611894,0.0,1813.6953439821332,16.01095747889023
010611,Amazonas,Totora,2006,0.624714,0.0,0.5491289210611894,0.0,1813.6953439821332,16.01095747889023
010611,Amazonas,Totora,2007,0.629606,0.0,0.5491289210611894,0.0,1813.6953439821332,16.01095747889023
010611,Amazonas,Totora,2008,0.609125,0.0,0.5491289210611894,0.0,1813.6953439821332,16.01095747889023
010611,Amazonas,Totora,2009,0.610496,0.0,0.5491289210611894,0.0,1813.6953439821332,16.01095747889023
010611,Amazonas,Totora,2010,0.616348,0.0,0.5491289210611894,0.0,1813.6953439821332,16.01095747889023
010611,Amazonas,Totora,2011,0.601765,0.0,0.5491289210611894,0.0,1813.6953439821332,16.01095747889023
010611,Amazonas,Totora,2012,0.606016,0.0,0.5491289210611894,0.0,1813.6953439821332,16.01095747889023
010611,Amazonas,Totora,2013,0.620737,0.0,0.5491289210611894,0.0,1813.6953439821332,16.01095747889023
010611,Amazonas,Totora,2014,0.608988,0.0,0.5491289210611894,0.0,1813.6953439821332,16.01095747889023
010611,Amazonas,Totora,2015,0.615571,0.0,0.5491289210611894,0.0,1813.6953439821332,16.01095747889023
010611,Amazonas,Totora,2016,0.598793,0.0,0.5491289210611894,0.0,1813.6953439821332,16.01095747889023
010611,Amazonas,Totora,2017,0.588415,0.0,0.5491289210611894,0.0,1813.6953439821332,16.01095747889023
010611,Amazonas,Totora,2018,0.575706,0.0,0.5491289210611894,0.0,1813.6953439821332,16.01095747889023
010611,Amazonas,Totora,2019,0.563363,0.0,0.5491289210611894,0.0,1813.6953439821332,16.01095747889023
010611,Amazonas,Totora,2020,0.582609,0.0,0.5491289210611894,0.0,1813.6953439821332,16.01095747889023
010611,Amazonas,Totora,2021,0.573238,0.0,0.5491289210611894,0.0,1813.6953439821332,16.01095747889023
010611,Amazonas,Totora,2022,0.576895,0.0,0.5491289210611894,0.0,1813.6953439821332,16.01095747889023
010611,Amazonas,Totora,2023,0.586815,0.0,0.5491289210611894,0.0,1813.6953439821332,16.01095747889023
010611,Amazonas,Totora,2024,0.593353,0.0,0.5491289210611894,0.0,1813.6953439821332,16.01095747889023
010701,Amazonas,Bagua Grande,1985,0.328877,0.0,0.3500102128022332,0.0230956921436331,1300.200308144391,12.392623874236348
010701,Amazonas,Bagua Grande,1986,0.328862,0.0,0.3500102128022332,0.0230956921436331,1300.200308144391,12.392623874236348
010701,Amazonas,Bagua Grande,1987,0.372251,0.0,0.3500102128022332,0.0230956921436331,1300.200308144391,12.392623874236348
010701,Amazonas,Bagua Grande,1988,0.376704,0.0,0.3500102128022332,0.0230956921436331,1300.200308144391,12.392623874236348
010701,Amazonas,Bagua Grande,1989,0.371402,0.0,0.3500102128022332,0.0230956921436331,1300.200308144391,12.392623874236348
010701,Amazonas,Bagua Grande,1990,0.395605,0.0,0.3500102128022332,0.0230956921436331,1300.200308144391,12.392623874236348
010701,Amazonas,Bagua Grande,1991,0.38491,0.0,0.3500102128022332,0.0230956921436331,1300.200308144391,12.392623874236348
010701,Amazonas,Bagua Grande,1992,0.387429,0.0,0.3500102128022332,0.0230956921436331,1300.200308144391,12.392623874236348
010701,Amazonas,Bagua Grande,1993,0.388711,0.0,0.3500102128022332,0.0230956921436331,1300.200308144391,12.392623874236348
010701,Amazonas,Bagua Grande,1994,0.384346,0.0,0.3500102128022332,0.0230956921436331,1300.200308144391,12.392623874236348
010701,Amazonas,Bagua Grande,1995,0.388859,0.0,0.3500102128022332,0.0230956921436331,1300.200308144391,12.392623874236348
010701,Amazonas,Bagua Grande,1996,0.388492,0.0,0.3500102128022332,0.0230956921436331,1300.200308144391,12.392623874236348
010701,Amazonas,Bagua Grande,1997,0.381235,0.0,0.3500102128022332,0.0230956921436331,1300.200308144391,12.392623874236348
010701,Amazonas,Bagua Grande,1998,0.389782,0.0,0.3500102128022332,0.0230956921436331,1300.200308144391,12.392623874236348
010701,Amazonas,Bagua Grande,1999,0.400971,0.0,0.3500102128022332,0.0230956921436331,1300.200308144391,12.392623874236348
010701,Amazonas,Bagua Grande,2000,0.421163,0.0,0.3500102128022332,0.0230956921436331,1300.200308144391,12.392623874236348
010701,Amazonas,Bagua Grande,2001,0.417885,0.0,0.3500102128022332,0.0230956921436331,1300.200308144391,12.392623874236348
010701,Amazonas,Bagua Grande,2002,0.432011,0.0,0.3500102128022332,0.0230956921436331,1300.200308144391,12.392623874236348
010701,Amazonas,Bagua Grande,2003,0.41315,0.0,0.3500102128022332,0.0230956921436331,1300.200308144391,12.392623874236348
010701,Amazonas,Bagua Grande,2004,0.409467,0.0,0.3500102128022332,0.0230956921436331,1300.200308144391,12.392623874236348
010701,Amazonas,Bagua Grande,2005,0.406862,0.0,0.3500102128022332,0.0230956921436331,1300.200308144391,12.392623874236348
010701,Amazonas,Bagua Grande,2006,0.408063,0.0,0.3500102128022332,0.0230956921436331,1300.200308144391,12.392623874236348
010701,Amazonas,Bagua Grande,2007,0.415658,0.0,0.3500102128022332,0.0230956921436331,1300.200308144391,12.392623874236348
010701,Amazonas,Bagua Grande,2008,0.424141,0.0,0.3500102128022332,0.0230956921436331,1300.200308144391,12.392623874236348
010701,Amazonas,Bagua Grande,2009,0.424556,0.0,0.3500102128022332,0.0230956921436331,1300.200308144391,12.392623874236348
010701,Amazonas,Bagua Grande,2010,0.430138,0.0,0.3500102128022332,0.0230956921436331,1300.200308144391,12.392623874236348
010701,Amazonas,Bagua Grande,2011,0.433574,0.0,0.3500102128022332,0.0230956921436331,1300.200308144391,12.392623874236348
010701,Amazonas,Bagua Grande,2012,0.429162,0.0,0.3500102128022332,0.0230956921436331,1300.200308144391,12.392623874236348
010701,Amazonas,Bagua Grande,2013,0.426151,0.00081,0.3500102128022332,0.0230956921436331,1300.200308144391,12.392623874236348
010701,Amazonas,Bagua Grande,2014,0.425372,0.00081,0.3500102128022332,0.0230956921436331,1300.200308144391,12.392623874236348
010701,Amazonas,Bagua Grande,2015,0.4282,0.00081,0.3500102128022332,0.0230956921436331,1300.200308144391,12.392623874236348
010701,Amazonas,Bagua Grande,2016,0.430943,0.00081,0.3500102128022332,0.0230956921436331,1300.200308144391,12.392623874236348
010701,Amazonas,Bagua Grande,2017,0.433394,0.00081,0.3500102128022332,0.0230956921436331,1300.200308144391,12.392623874236348
010701,Amazonas,Bagua Grande,2018,0.422057,0.00081,0.3500102128022332,0.0230956921436331,1300.200308144391,12.392623874236348
010701,Amazonas,Bagua Grande,2019,0.418046,0.00081,0.3500102128022332,0.0230956921436331,1300.200308144391,12.392623874236348
010701,Amazonas,Bagua Grande,2020,0.419054,0.00081,0.3500102128022332,0.0230956921436331,1300.200308144391,12.392623874236348
010701,Amazonas,Bagua Grande,2021,0.436924,0.00081,0.3500102128022332,0.0230956921436331,1300.200308144391,12.392623874236348
010701,Amazonas,Bagua Grande,2022,0.434012,0.00081,0.3500102128022332,0.0230956921436331,1300.200308144391,12.392623874236348
010701,Amazonas,Bagua Grande,2023,0.426479,0.00081,0.3500102128022332,0.0230956921436331,1300.200308144391,12.392623874236348
010701,Amazonas,Bagua Grande,2024,0.433289,0.00081,0.3500102128022332,0.0230956921436331,1300.200308144391,12.392623874236348
010703,Amazonas,Cumba,1985,0.395328,0.0,0.3771014266980359,0.0678207645053631,1247.8038709596387,16.294408764756767
010703,Amazonas,Cumba,1986,0.395319,0.0,0.3771014266980359,0.0678207645053631,1247.8038709596387,16.294408764756767
010703,Amazonas,Cumba,1987,0.401139,0.0,0.3771014266980359,0.0678207645053631,1247.8038709596387,16.294408764756767
010703,Amazonas,Cumba,1988,0.413646,0.0,0.3771014266980359,0.0678207645053631,1247.8038709596387,16.294408764756767
010703,Amazonas,Cumba,1989,0.411624,0.0,0.3771014266980359,0.0678207645053631,1247.8038709596387,16.294408764756767
010703,Amazonas,Cumba,1990,0.432392,0.0,0.3771014266980359,0.0678207645053631,1247.8038709596387,16.294408764756767
010703,Amazonas,Cumba,1991,0.419161,0.0,0.3771014266980359,0.0678207645053631,1247.8038709596387,16.294408764756767
010703,Amazonas,Cumba,1992,0.422176,0.0,0.3771014266980359,0.0678207645053631,1247.8038709596387,16.294408764756767
010703,Amazonas,Cumba,1993,0.428939,0.0,0.3771014266980359,0.0678207645053631,1247.8038709596387,16.294408764756767
010703,Amazonas,Cumba,1994,0.430943,0.0,0.3771014266980359,0.0678207645053631,1247.8038709596387,16.294408764756767
010703,Amazonas,Cumba,1995,0.440015,0.0,0.3771014266980359,0.0678207645053631,1247.8038709596387,16.294408764756767
010703,Amazonas,Cumba,1996,0.44167,0.0,0.3771014266980359,0.0678207645053631,1247.8038709596387,16.294408764756767
010703,Amazonas,Cumba,1997,0.442028,0.0,0.3771014266980359,0.0678207645053631,1247.8038709596387,16.294408764756767
010703,Amazonas,Cumba,1998,0.471681,0.0,0.3771014266980359,0.0678207645053631,1247.8038709596387,16.294408764756767
010703,Amazonas,Cumba,1999,0.475296,0.0,0.3771014266980359,0.0678207645053631,1247.8038709596387,16.294408764756767
010703,Amazonas,Cumba,2000,0.483605,0.0,0.3771014266980359,0.0678207645053631,1247.8038709596387,16.294408764756767
010703,Amazonas,Cumba,2001,0.473156,0.0,0.3771014266980359,0.0678207645053631,1247.8038709596387,16.294408764756767
010703,Amazonas,Cumba,2002,0.461569,0.0,0.3771014266980359,0.0678207645053631,1247.8038709596387,16.294408764756767
010703,Amazonas,Cumba,2003,0.456337,0.0,0.3771014266980359,0.0678207645053631,1247.8038709596387,16.294408764756767
010703,Amazonas,Cumba,2004,0.438094,0.0,0.3771014266980359,0.0678207645053631,1247.8038709596387,16.294408764756767
010703,Amazonas,Cumba,2005,0.435847,0.0,0.3771014266980359,0.0678207645053631,1247.8038709596387,16.294408764756767
010703,Amazonas,Cumba,2006,0.435549,0.0,0.3771014266980359,0.0678207645053631,1247.8038709596387,16.294408764756767
010703,Amazonas,Cumba,2007,0.438998,0.0,0.3771014266980359,0.0678207645053631,1247.8038709596387,16.294408764756767
010703,Amazonas,Cumba,2008,0.44856,0.0,0.3771014266980359,0.0678207645053631,1247.8038709596387,16.294408764756767
010703,Amazonas,Cumba,2009,0.451596,0.0,0.3771014266980359,0.0678207645053631,1247.8038709596387,16.294408764756767
010703,Amazonas,Cumba,2010,0.450177,0.0,0.3771014266980359,0.0678207645053631,1247.8038709596387,16.294408764756767
010703,Amazonas,Cumba,2011,0.460659,0.0,0.3771014266980359,0.0678207645053631,1247.8038709596387,16.294408764756767
010703,Amazonas,Cumba,2012,0.443991,0.0,0.3771014266980359,0.0678207645053631,1247.8038709596387,16.294408764756767
010703,Amazonas,Cumba,2013,0.408053,0.0,0.3771014266980359,0.0678207645053631,1247.8038709596387,16.294408764756767
010703,Amazonas,Cumba,2014,0.410867,0.0,0.3771014266980359,0.0678207645053631,1247.8038709596387,16.294408764756767
010703,Amazonas,Cumba,2015,0.420261,0.0,0.3771014266980359,0.0678207645053631,1247.8038709596387,16.294408764756767
010703,Amazonas,Cumba,2016,0.422492,0.0,0.3771014266980359,0.0678207645053631,1247.8038709596387,16.294408764756767
010703,Amazonas,Cumba,2017,0.448711,0.0,0.3771014266980359,0.0678207645053631,1247.8038709596387,16.294408764756767
010703,Amazonas,Cumba,2018,0.458575,0.0,0.3771014266980359,0.0678207645053631,1247.8038709596387,16.294408764756767
010703,Amazonas,Cumba,2019,0.463759,0.0,0.3771014266980359,0.0678207645053631,1247.8038709596387,16.294408764756767
010703,Amazonas,Cumba,2020,0.462828,0.0,0.3771014266980359,0.0678207645053631,1247.8038709596387,16.294408764756767
010703,Amazonas,Cumba,2021,0.484193,0.0,0.3771014266980359,0.0678207645053631,1247.8038709596387,16.294408764756767
010703,Amazonas,Cumba,2022,0.462453,0.0,0.3771014266980359,0.0678207645053631,1247.8038709596387,16.294408764756767
010703,Amazonas,Cumba,2023,0.456432,0.0,0.3771014266980359,0.0678207645053631,1247.8038709596387,16.294408764756767
010703,Amazonas,Cumba,2024,0.461232,0.0,0.3771014266980359,0.0678207645053631,1247.8038709596387,16.294408764756767
010705,Amazonas,Jamalca,1985,0.382762,0.0,0.3353562609449402,0.0411768380132122,1720.4212381124437,18.656199357119554
010705,Amazonas,Jamalca,1986,0.382759,0.0,0.3353562609449402,0.0411768380132122,1720.4212381124437,18.656199357119554
010705,Amazonas,Jamalca,1987,0.38534,0.0,0.3353562609449402,0.0411768380132122,1720.4212381124437,18.656199357119554
010705,Amazonas,Jamalca,1988,0.368401,0.0,0.3353562609449402,0.0411768380132122,1720.4212381124437,18.656199357119554
010705,Amazonas,Jamalca,1989,0.35752,0.0,0.3353562609449402,0.0411768380132122,1720.4212381124437,18.656199357119554
010705,Amazonas,Jamalca,1990,0.350383,0.0,0.3353562609449402,0.0411768380132122,1720.4212381124437,18.656199357119554
010705,Amazonas,Jamalca,1991,0.34999,0.0,0.3353562609449402,0.0411768380132122,1720.4212381124437,18.656199357119554
010705,Amazonas,Jamalca,1992,0.335013,0.0,0.3353562609449402,0.0411768380132122,1720.4212381124437,18.656199357119554
010705,Amazonas,Jamalca,1993,0.34797,0.0,0.3353562609449402,0.0411768380132122,1720.4212381124437,18.656199357119554
010705,Amazonas,Jamalca,1994,0.339444,0.0,0.3353562609449402,0.0411768380132122,1720.4212381124437,18.656199357119554
010705,Amazonas,Jamalca,1995,0.339432,0.0,0.3353562609449402,0.0411768380132122,1720.4212381124437,18.656199357119554
010705,Amazonas,Jamalca,1996,0.348028,0.0,0.3353562609449402,0.0411768380132122,1720.4212381124437,18.656199357119554
010705,Amazonas,Jamalca,1997,0.338355,0.0,0.3353562609449402,0.0411768380132122,1720.4212381124437,18.656199357119554
010705,Amazonas,Jamalca,1998,0.336069,0.0,0.3353562609449402,0.0411768380132122,1720.4212381124437,18.656199357119554
010705,Amazonas,Jamalca,1999,0.335673,0.0,0.3353562609449402,0.0411768380132122,1720.4212381124437,18.656199357119554
010705,Amazonas,Jamalca,2000,0.333627,0.0,0.3353562609449402,0.0411768380132122,1720.4212381124437,18.656199357119554
010705,Amazonas,Jamalca,2001,0.331081,0.0,0.3353562609449402,0.0411768380132122,1720.4212381124437,18.656199357119554
010705,Amazonas,Jamalca,2002,0.329571,0.0,0.3353562609449402,0.0411768380132122,1720.4212381124437,18.656199357119554
010705,Amazonas,Jamalca,2003,0.332777,0.0,0.3353562609449402,0.0411768380132122,1720.4212381124437,18.656199357119554
010705,Amazonas,Jamalca,2004,0.333426,0.0,0.3353562609449402,0.0411768380132122,1720.4212381124437,18.656199357119554
010705,Amazonas,Jamalca,2005,0.338558,0.0,0.3353562609449402,0.0411768380132122,1720.4212381124437,18.656199357119554
010705,Amazonas,Jamalca,2006,0.346046,0.0,0.3353562609449402,0.0411768380132122,1720.4212381124437,18.656199357119554
010705,Amazonas,Jamalca,2007,0.339046,0.0,0.3353562609449402,0.0411768380132122,1720.4212381124437,18.656199357119554
010705,Amazonas,Jamalca,2008,0.34515,0.0,0.3353562609449402,0.0411768380132122,1720.4212381124437,18.656199357119554
010705,Amazonas,Jamalca,2009,0.344137,0.0,0.3353562609449402,0.0411768380132122,1720.4212381124437,18.656199357119554
010705,Amazonas,Jamalca,2010,0.344015,0.0,0.3353562609449402,0.0411768380132122,1720.4212381124437,18.656199357119554
010705,Amazonas,Jamalca,2011,0.347462,0.0,0.3353562609449402,0.0411768380132122,1720.4212381124437,18.656199357119554
010705,Amazonas,Jamalca,2012,0.345086,0.0,0.3353562609449402,0.0411768380132122,1720.4212381124437,18.656199357119554
010705,Amazonas,Jamalca,2013,0.340888,0.0,0.3353562609449402,0.0411768380132122,1720.4212381124437,18.656199357119554
010705,Amazonas,Jamalca,2014,0.340893,0.0,0.3353562609449402,0.0411768380132122,1720.4212381124437,18.656199357119554
010705,Amazonas,Jamalca,2015,0.330812,0.0,0.3353562609449402,0.0411768380132122,1720.4212381124437,18.656199357119554
010705,Amazonas,Jamalca,2016,0.336079,0.0,0.3353562609449402,0.0411768380132122,1720.4212381124437,18.656199357119554
010705,Amazonas,Jamalca,2017,0.330363,0.0,0.3353562609449402,0.0411768380132122,1720.4212381124437,18.656199357119554
010705,Amazonas,Jamalca,2018,0.318977,0.0,0.3353562609449402,0.0411768380132122,1720.4212381124437,18.656199357119554
010705,Amazonas,Jamalca,2019,0.313959,0.0,0.3353562609449402,0.0411768380132122,1720.4212381124437,18.656199357119554
010705,Amazonas,Jamalca,2020,0.31249,0.0,0.3353562609449402,0.0411768380132122,1720.4212381124437,18.656199357119554
010705,Amazonas,Jamalca,2021,0.328911,0.0,0.3353562609449402,0.0411768380132122,1720.4212381124437,18.656199357119554
010705,Amazonas,Jamalca,2022,0.331272,0.0,0.3353562609449402,0.0411768380132122,1720.4212381124437,18.656199357119554
010705,Amazonas,Jamalca,2023,0.328883,0.0,0.3353562609449402,0.0411768380132122,1720.4212381124437,18.656199357119554
010705,Amazonas,Jamalca,2024,0.338498,0.0,0.3353562609449402,0.0411768380132122,1720.4212381124437,18.656199357119554
010706,Amazonas,Lonya Grande,1985,0.267122,0.0,0.4420509630359754,0.0334511200359774,1695.2981732530209,21.597909319834454
010706,Amazonas,Lonya Grande,1986,0.267122,0.0,0.4420509630359754,0.0334511200359774,1695.2981732530209,21.597909319834454
010706,Amazonas,Lonya Grande,1987,0.30213,0.0,0.4420509630359754,0.0334511200359774,1695.2981732530209,21.597909319834454
010706,Amazonas,Lonya Grande,1988,0.310639,0.0,0.4420509630359754,0.0334511200359774,1695.2981732530209,21.597909319834454
010706,Amazonas,Lonya Grande,1989,0.306747,0.0,0.4420509630359754,0.0334511200359774,1695.2981732530209,21.597909319834454
010706,Amazonas,Lonya Grande,1990,0.307362,0.0,0.4420509630359754,0.0334511200359774,1695.2981732530209,21.597909319834454
010706,Amazonas,Lonya Grande,1991,0.302924,0.0,0.4420509630359754,0.0334511200359774,1695.2981732530209,21.597909319834454
010706,Amazonas,Lonya Grande,1992,0.308925,0.0,0.4420509630359754,0.0334511200359774,1695.2981732530209,21.597909319834454
010706,Amazonas,Lonya Grande,1993,0.307043,0.0,0.4420509630359754,0.0334511200359774,1695.2981732530209,21.597909319834454
010706,Amazonas,Lonya Grande,1994,0.286511,0.0,0.4420509630359754,0.0334511200359774,1695.2981732530209,21.597909319834454
010706,Amazonas,Lonya Grande,1995,0.30086,0.0,0.4420509630359754,0.0334511200359774,1695.2981732530209,21.597909319834454
010706,Amazonas,Lonya Grande,1996,0.305944,0.0,0.4420509630359754,0.0334511200359774,1695.2981732530209,21.597909319834454
010706,Amazonas,Lonya Grande,1997,0.306781,0.0,0.4420509630359754,0.0334511200359774,1695.2981732530209,21.597909319834454
010706,Amazonas,Lonya Grande,1998,0.321382,0.0,0.4420509630359754,0.0334511200359774,1695.2981732530209,21.597909319834454
010706,Amazonas,Lonya Grande,1999,0.321155,0.0,0.4420509630359754,0.0334511200359774,1695.2981732530209,21.597909319834454
010706,Amazonas,Lonya Grande,2000,0.311735,0.0,0.4420509630359754,0.0334511200359774,1695.2981732530209,21.597909319834454
010706,Amazonas,Lonya Grande,2001,0.322103,0.0,0.4420509630359754,0.0334511200359774,1695.2981732530209,21.597909319834454
010706,Amazonas,Lonya Grande,2002,0.314805,0.0,0.4420509630359754,0.0334511200359774,1695.2981732530209,21.597909319834454
010706,Amazonas,Lonya Grande,2003,0.310163,0.0,0.4420509630359754,0.0334511200359774,1695.2981732530209,21.597909319834454
010706,Amazonas,Lonya Grande,2004,0.31102,0.0,0.4420509630359754,0.0334511200359774,1695.2981732530209,21.597909319834454
010706,Amazonas,Lonya Grande,2005,0.305119,0.0,0.4420509630359754,0.0334511200359774,1695.2981732530209,21.597909319834454
010706,Amazonas,Lonya Grande,2006,0.310349,0.0,0.4420509630359754,0.0334511200359774,1695.2981732530209,21.597909319834454
010706,Amazonas,Lonya Grande,2007,0.315081,0.0,0.4420509630359754,0.0334511200359774,1695.2981732530209,21.597909319834454
010706,Amazonas,Lonya Grande,2008,0.32073,0.0,0.4420509630359754,0.0334511200359774,1695.2981732530209,21.597909319834454
010706,Amazonas,Lonya Grande,2009,0.323575,0.0,0.4420509630359754,0.0334511200359774,1695.2981732530209,21.597909319834454
010706,Amazonas,Lonya Grande,2010,0.3198,0.0,0.4420509630359754,0.0334511200359774,1695.2981732530209,21.597909319834454
010706,Amazonas,Lonya Grande,2011,0.313218,0.0,0.4420509630359754,0.0334511200359774,1695.2981732530209,21.597909319834454
010706,Amazonas,Lonya Grande,2012,0.314285,0.0,0.4420509630359754,0.0334511200359774,1695.2981732530209,21.597909319834454
010706,Amazonas,Lonya Grande,2013,0.311677,0.0,0.4420509630359754,0.0334511200359774,1695.2981732530209,21.597909319834454
010706,Amazonas,Lonya Grande,2014,0.316096,0.0,0.4420509630359754,0.0334511200359774,1695.2981732530209,21.597909319834454
010706,Amazonas,Lonya Grande,2015,0.318152,0.0,0.4420509630359754,0.0334511200359774,1695.2981732530209,21.597909319834454
010706,Amazonas,Lonya Grande,2016,0.305541,0.0,0.4420509630359754,0.0334511200359774,1695.2981732530209,21.597909319834454
010706,Amazonas,Lonya Grande,2017,0.310522,0.0,0.4420509630359754,0.0334511200359774,1695.2981732530209,21.597909319834454
010706,Amazonas,Lonya Grande,2018,0.313713,7.2e-05,0.4420509630359754,0.0334511200359774,1695.2981732530209,21.597909319834454
010706,Amazonas,Lonya Grande,2019,0.32076,7.2e-05,0.4420509630359754,0.0334511200359774,1695.2981732530209,21.597909319834454
010706,Amazonas,Lonya Grande,2020,0.33928,7.2e-05,0.4420509630359754,0.0334511200359774,1695.2981732530209,21.597909319834454
010706,Amazonas,Lonya Grande,2021,0.351417,7.2e-05,0.4420509630359754,0.0334511200359774,1695.2981732530209,21.597909319834454
010706,Amazonas,Lonya Grande,2022,0.326647,7.2e-05,0.4420509630359754,0.0334511200359774,1695.2981732530209,21.597909319834454
010706,Amazonas,Lonya Grande,2023,0.335209,7.2e-05,0.4420509630359754,0.0334511200359774,1695.2981732530209,21.597909319834454
010706,Amazonas,Lonya Grande,2024,0.33863,7.2e-05,0.4420509630359754,0.0334511200359774,1695.2981732530209,21.597909319834454
010707,Amazonas,Yamon,1985,0.322714,0.0,0.3976320745125635,0.0475183405689463,1426.0115560520894,21.272441310004982
010707,Amazonas,Yamon,1986,0.322714,0.0,0.3976320745125635,0.0475183405689463,1426.0115560520894,21.272441310004982
010707,Amazonas,Yamon,1987,0.353027,0.0,0.3976320745125635,0.0475183405689463,1426.0115560520894,21.272441310004982
010707,Amazonas,Yamon,1988,0.35795,0.0,0.3976320745125635,0.0475183405689463,1426.0115560520894,21.272441310004982
010707,Amazonas,Yamon,1989,0.369788,0.0,0.3976320745125635,0.0475183405689463,1426.0115560520894,21.272441310004982
010707,Amazonas,Yamon,1990,0.387068,0.0,0.3976320745125635,0.0475183405689463,1426.0115560520894,21.272441310004982
010707,Amazonas,Yamon,1991,0.376275,0.0,0.3976320745125635,0.0475183405689463,1426.0115560520894,21.272441310004982
010707,Amazonas,Yamon,1992,0.382177,0.0,0.3976320745125635,0.0475183405689463,1426.0115560520894,21.272441310004982
010707,Amazonas,Yamon,1993,0.395474,0.0,0.3976320745125635,0.0475183405689463,1426.0115560520894,21.272441310004982
010707,Amazonas,Yamon,1994,0.366061,0.0,0.3976320745125635,0.0475183405689463,1426.0115560520894,21.272441310004982
010707,Amazonas,Yamon,1995,0.375743,0.0,0.3976320745125635,0.0475183405689463,1426.0115560520894,21.272441310004982
010707,Amazonas,Yamon,1996,0.379331,0.0,0.3976320745125635,0.0475183405689463,1426.0115560520894,21.272441310004982
010707,Amazonas,Yamon,1997,0.379949,0.0,0.3976320745125635,0.0475183405689463,1426.0115560520894,21.272441310004982
010707,Amazonas,Yamon,1998,0.40906,0.0,0.3976320745125635,0.0475183405689463,1426.0115560520894,21.272441310004982
010707,Amazonas,Yamon,1999,0.417184,0.0,0.3976320745125635,0.0475183405689463,1426.0115560520894,21.272441310004982
010707,Amazonas,Yamon,2000,0.415015,0.0,0.3976320745125635,0.0475183405689463,1426.0115560520894,21.272441310004982
010707,Amazonas,Yamon,2001,0.42068,0.0,0.3976320745125635,0.0475183405689463,1426.0115560520894,21.272441310004982
010707,Amazonas,Yamon,2002,0.415449,0.0,0.3976320745125635,0.0475183405689463,1426.0115560520894,21.272441310004982
010707,Amazonas,Yamon,2003,0.422028,0.0,0.3976320745125635,0.0475183405689463,1426.0115560520894,21.272441310004982
010707,Amazonas,Yamon,2004,0.405497,0.0,0.3976320745125635,0.0475183405689463,1426.0115560520894,21.272441310004982
010707,Amazonas,Yamon,2005,0.403815,0.0,0.3976320745125635,0.0475183405689463,1426.0115560520894,21.272441310004982
010707,Amazonas,Yamon,2006,0.415672,0.0,0.3976320745125635,0.0475183405689463,1426.0115560520894,21.272441310004982
010707,Amazonas,Yamon,2007,0.416592,0.0,0.3976320745125635,0.0475183405689463,1426.0115560520894,21.272441310004982
010707,Amazonas,Yamon,2008,0.424565,0.0,0.3976320745125635,0.0475183405689463,1426.0115560520894,21.272441310004982
010707,Amazonas,Yamon,2009,0.427141,0.0,0.3976320745125635,0.0475183405689463,1426.0115560520894,21.272441310004982
010707,Amazonas,Yamon,2010,0.423592,0.0,0.3976320745125635,0.0475183405689463,1426.0115560520894,21.272441310004982
010707,Amazonas,Yamon,2011,0.409573,0.0,0.3976320745125635,0.0475183405689463,1426.0115560520894,21.272441310004982
010707,Amazonas,Yamon,2012,0.398846,0.0,0.3976320745125635,0.0475183405689463,1426.0115560520894,21.272441310004982
010707,Amazonas,Yamon,2013,0.384386,0.0,0.3976320745125635,0.0475183405689463,1426.0115560520894,21.272441310004982
010707,Amazonas,Yamon,2014,0.398359,0.0,0.3976320745125635,0.0475183405689463,1426.0115560520894,21.272441310004982
010707,Amazonas,Yamon,2015,0.395264,0.0,0.3976320745125635,0.0475183405689463,1426.0115560520894,21.272441310004982
010707,Amazonas,Yamon,2016,0.392838,0.0,0.3976320745125635,0.0475183405689463,1426.0115560520894,21.272441310004982
010707,Amazonas,Yamon,2017,0.406122,0.0,0.3976320745125635,0.0475183405689463,1426.0115560520894,21.272441310004982
010707,Amazonas,Yamon,2018,0.40929,0.000318,0.3976320745125635,0.0475183405689463,1426.0115560520894,21.272441310004982
010707,Amazonas,Yamon,2019,0.411886,0.000318,0.3976320745125635,0.0475183405689463,1426.0115560520894,21.272441310004982
010707,Amazonas,Yamon,2020,0.417033,0.000318,0.3976320745125635,0.0475183405689463,1426.0115560520894,21.272441310004982
010707,Amazonas,Yamon,2021,0.4338,0.000318,0.3976320745125635,0.0475183405689463,1426.0115560520894,21.272441310004982
010707,Amazonas,Yamon,2022,0.420187,0.000318,0.3976320745125635,0.0475183405689463,1426.0115560520894,21.272441310004982
010707,Amazonas,Yamon,2023,0.417959,0.000318,0.3976320745125635,0.0475183405689463,1426.0115560520894,21.272441310004982
010707,Amazonas,Yamon,2024,0.421094,0.000318,0.3976320745125635,0.0475183405689463,1426.0115560520894,21.272441310004982
050408,Ayacucho,Llochegua,1985,0.152077,0.0,0.2882711338306091,0.0743328004050935,1909.9369111557985,25.684925543850447
050408,Ayacucho,Llochegua,1986,0.152238,0.0,0.2882711338306091,0.0743328004050935,1909.9369111557985,25.684925543850447
050408,Ayacucho,Llochegua,1987,0.153516,0.0,0.2882711338306091,0.0743328004050935,1909.9369111557985,25.684925543850447
050408,Ayacucho,Llochegua,1988,0.155028,0.0,0.2882711338306091,0.0743328004050935,1909.9369111557985,25.684925543850447
050408,Ayacucho,Llochegua,1989,0.157786,0.0,0.2882711338306091,0.0743328004050935,1909.9369111557985,25.684925543850447
050408,Ayacucho,Llochegua,1990,0.157407,0.0,0.2882711338306091,0.0743328004050935,1909.9369111557985,25.684925543850447
050408,Ayacucho,Llochegua,1991,0.160136,0.0,0.2882711338306091,0.0743328004050935,1909.9369111557985,25.684925543850447
050408,Ayacucho,Llochegua,1992,0.154519,0.0,0.2882711338306091,0.0743328004050935,1909.9369111557985,25.684925543850447
050408,Ayacucho,Llochegua,1993,0.152683,0.0,0.2882711338306091,0.0743328004050935,1909.9369111557985,25.684925543850447
050408,Ayacucho,Llochegua,1994,0.152341,0.0,0.2882711338306091,0.0743328004050935,1909.9369111557985,25.684925543850447
050408,Ayacucho,Llochegua,1995,0.152585,0.0,0.2882711338306091,0.0743328004050935,1909.9369111557985,25.684925543850447
050408,Ayacucho,Llochegua,1996,0.151415,0.0,0.2882711338306091,0.0743328004050935,1909.9369111557985,25.684925543850447
050408,Ayacucho,Llochegua,1997,0.152834,0.0,0.2882711338306091,0.0743328004050935,1909.9369111557985,25.684925543850447
050408,Ayacucho,Llochegua,1998,0.149524,0.0,0.2882711338306091,0.0743328004050935,1909.9369111557985,25.684925543850447
050408,Ayacucho,Llochegua,1999,0.148586,0.0,0.2882711338306091,0.0743328004050935,1909.9369111557985,25.684925543850447
050408,Ayacucho,Llochegua,2000,0.150312,0.0,0.2882711338306091,0.0743328004050935,1909.9369111557985,25.684925543850447
050408,Ayacucho,Llochegua,2001,0.15696,0.0,0.2882711338306091,0.0743328004050935,1909.9369111557985,25.684925543850447
050408,Ayacucho,Llochegua,2002,0.164993,0.0,0.2882711338306091,0.0743328004050935,1909.9369111557985,25.684925543850447
050408,Ayacucho,Llochegua,2003,0.171117,0.0,0.2882711338306091,0.0743328004050935,1909.9369111557985,25.684925543850447
050408,Ayacucho,Llochegua,2004,0.176483,0.0,0.2882711338306091,0.0743328004050935,1909.9369111557985,25.684925543850447
050408,Ayacucho,Llochegua,2005,0.180179,0.0,0.2882711338306091,0.0743328004050935,1909.9369111557985,25.684925543850447
050408,Ayacucho,Llochegua,2006,0.187342,0.0,0.2882711338306091,0.0743328004050935,1909.9369111557985,25.684925543850447
050408,Ayacucho,Llochegua,2007,0.189579,0.0,0.2882711338306091,0.0743328004050935,1909.9369111557985,25.684925543850447
050408,Ayacucho,Llochegua,2008,0.194678,0.0,0.2882711338306091,0.0743328004050935,1909.9369111557985,25.684925543850447
050408,Ayacucho,Llochegua,2009,0.199992,0.0,0.2882711338306091,0.0743328004050935,1909.9369111557985,25.684925543850447
050408,Ayacucho,Llochegua,2010,0.209979,0.0,0.2882711338306091,0.0743328004050935,1909.9369111557985,25.684925543850447
050408,Ayacucho,Llochegua,2011,0.215674,0.0,0.2882711338306091,0.0743328004050935,1909.9369111557985,25.684925543850447
050408,Ayacucho,Llochegua,2012,0.219484,0.0,0.2882711338306091,0.0743328004050935,1909.9369111557985,25.684925543850447
050408,Ayacucho,Llochegua,2013,0.22343,0.0,0.2882711338306091,0.0743328004050935,1909.9369111557985,25.684925543850447
050408,Ayacucho,Llochegua,2014,0.229843,0.0,0.2882711338306091,0.0743328004050935,1909.9369111557985,25.684925543850447
050408,Ayacucho,Llochegua,2015,0.235398,0.0,0.2882711338306091,0.0743328004050935,1909.9369111557985,25.684925543850447
050408,Ayacucho,Llochegua,2016,0.243839,0.0,0.2882711338306091,0.0743328004050935,1909.9369111557985,25.684925543850447
050408,Ayacucho,Llochegua,2017,0.256761,0.0,0.2882711338306091,0.0743328004050935,1909.9369111557985,25.684925543850447
050408,Ayacucho,Llochegua,2018,0.254835,0.0,0.2882711338306091,0.0743328004050935,1909.9369111557985,25.684925543850447
050408,Ayacucho,Llochegua,2019,0.263765,0.0,0.2882711338306091,0.0743328004050935,1909.9369111557985,25.684925543850447
050408,Ayacucho,Llochegua,2020,0.267481,0.0,0.2882711338306091,0.0743328004050935,1909.9369111557985,25.684925543850447
050408,Ayacucho,Llochegua,2021,0.270883,0.0,0.2882711338306091,0.0743328004050935,1909.9369111557985,25.684925543850447
050408,Ayacucho,Llochegua,2022,0.273385,0.0,0.2882711338306091,0.0743328004050935,1909.9369111557985,25.684925543850447
050408,Ayacucho,Llochegua,2023,0.274941,0.0,0.2882711338306091,0.0743328004050935,1909.9369111557985,25.684925543850447
050408,Ayacucho,Llochegua,2024,0.277644,0.0,0.2882711338306091,0.0743328004050935,1909.9369111557985,25.684925543850447
050409,Ayacucho,Canayre,1985,0.115688,0.0,0.26644371652782,0.0727220381424607,1200.9488810178273,24.08094742685179
050409,Ayacucho,Canayre,1986,0.116046,0.0,0.26644371652782,0.0727220381424607,1200.9488810178273,24.08094742685179
050409,Ayacucho,Canayre,1987,0.115802,0.0,0.26644371652782,0.0727220381424607,1200.9488810178273,24.08094742685179
050409,Ayacucho,Canayre,1988,0.118344,0.0,0.26644371652782,0.0727220381424607,1200.9488810178273,24.08094742685179
050409,Ayacucho,Canayre,1989,0.120026,0.0,0.26644371652782,0.0727220381424607,1200.9488810178273,24.08094742685179
050409,Ayacucho,Canayre,1990,0.119938,0.0,0.26644371652782,0.0727220381424607,1200.9488810178273,24.08094742685179
050409,Ayacucho,Canayre,1991,0.120217,0.0,0.26644371652782,0.0727220381424607,1200.9488810178273,24.08094742685179
050409,Ayacucho,Canayre,1992,0.115825,0.0,0.26644371652782,0.0727220381424607,1200.9488810178273,24.08094742685179
050409,Ayacucho,Canayre,1993,0.113068,0.0,0.26644371652782,0.0727220381424607,1200.9488810178273,24.08094742685179
050409,Ayacucho,Canayre,1994,0.11101,0.0,0.26644371652782,0.0727220381424607,1200.9488810178273,24.08094742685179
050409,Ayacucho,Canayre,1995,0.111341,0.0,0.26644371652782,0.0727220381424607,1200.9488810178273,24.08094742685179
050409,Ayacucho,Canayre,1996,0.110458,0.0,0.26644371652782,0.0727220381424607,1200.9488810178273,24.08094742685179
050409,Ayacucho,Canayre,1997,0.110971,0.0,0.26644371652782,0.0727220381424607,1200.9488810178273,24.08094742685179
050409,Ayacucho,Canayre,1998,0.110773,0.0,0.26644371652782,0.0727220381424607,1200.9488810178273,24.08094742685179
050409,Ayacucho,Canayre,1999,0.109166,0.0,0.26644371652782,0.0727220381424607,1200.9488810178273,24.08094742685179
050409,Ayacucho,Canayre,2000,0.111767,0.0,0.26644371652782,0.0727220381424607,1200.9488810178273,24.08094742685179
050409,Ayacucho,Canayre,2001,0.111909,0.0,0.26644371652782,0.0727220381424607,1200.9488810178273,24.08094742685179
050409,Ayacucho,Canayre,2002,0.115611,0.0,0.26644371652782,0.0727220381424607,1200.9488810178273,24.08094742685179
050409,Ayacucho,Canayre,2003,0.116945,0.0,0.26644371652782,0.0727220381424607,1200.9488810178273,24.08094742685179
050409,Ayacucho,Canayre,2004,0.119877,0.0,0.26644371652782,0.0727220381424607,1200.9488810178273,24.08094742685179
050409,Ayacucho,Canayre,2005,0.124376,0.0,0.26644371652782,0.0727220381424607,1200.9488810178273,24.08094742685179
050409,Ayacucho,Canayre,2006,0.135437,0.0,0.26644371652782,0.0727220381424607,1200.9488810178273,24.08094742685179
050409,Ayacucho,Canayre,2007,0.13822,0.0,0.26644371652782,0.0727220381424607,1200.9488810178273,24.08094742685179
050409,Ayacucho,Canayre,2008,0.141726,0.0,0.26644371652782,0.0727220381424607,1200.9488810178273,24.08094742685179
050409,Ayacucho,Canayre,2009,0.149813,0.0,0.26644371652782,0.0727220381424607,1200.9488810178273,24.08094742685179
050409,Ayacucho,Canayre,2010,0.155852,0.0,0.26644371652782,0.0727220381424607,1200.9488810178273,24.08094742685179
050409,Ayacucho,Canayre,2011,0.161527,0.0,0.26644371652782,0.0727220381424607,1200.9488810178273,24.08094742685179
050409,Ayacucho,Canayre,2012,0.163293,0.0,0.26644371652782,0.0727220381424607,1200.9488810178273,24.08094742685179
050409,Ayacucho,Canayre,2013,0.171666,0.0,0.26644371652782,0.0727220381424607,1200.9488810178273,24.08094742685179
050409,Ayacucho,Canayre,2014,0.178308,0.0,0.26644371652782,0.0727220381424607,1200.9488810178273,24.08094742685179
050409,Ayacucho,Canayre,2015,0.189973,0.0,0.26644371652782,0.0727220381424607,1200.9488810178273,24.08094742685179
050409,Ayacucho,Canayre,2016,0.209199,0.0,0.26644371652782,0.0727220381424607,1200.9488810178273,24.08094742685179
050409,Ayacucho,Canayre,2017,0.230039,0.0,0.26644371652782,0.0727220381424607,1200.9488810178273,24.08094742685179
050409,Ayacucho,Canayre,2018,0.231361,0.0,0.26644371652782,0.0727220381424607,1200.9488810178273,24.08094742685179
050409,Ayacucho,Canayre,2019,0.247704,0.0,0.26644371652782,0.0727220381424607,1200.9488810178273,24.08094742685179
050409,Ayacucho,Canayre,2020,0.256992,0.0,0.26644371652782,0.0727220381424607,1200.9488810178273,24.08094742685179
050409,Ayacucho,Canayre,2021,0.262255,0.0,0.26644371652782,0.0727220381424607,1200.9488810178273,24.08094742685179
050409,Ayacucho,Canayre,2022,0.265502,0.0,0.26644371652782,0.0727220381424607,1200.9488810178273,24.08094742685179
050409,Ayacucho,Canayre,2023,0.269716,0.0,0.26644371652782,0.0727220381424607,1200.9488810178273,24.08094742685179
050409,Ayacucho,Canayre,2024,0.275066,0.0,0.26644371652782,0.0727220381424607,1200.9488810178273,24.08094742685179
050502,Ayacucho,Anco,1985,0.146196,0.0,0.281722203182438,0.0743287012822816,2749.336784739123,28.890622588259507
050502,Ayacucho,Anco,1986,0.154037,0.0,0.281722203182438,0.0743287012822816,2749.336784739123,28.890622588259507
050502,Ayacucho,Anco,1987,0.145592,0.0,0.281722203182438,0.0743287012822816,2749.336784739123,28.890622588259507
050502,Ayacucho,Anco,1988,0.144986,0.0,0.281722203182438,0.0743287012822816,2749.336784739123,28.890622588259507
050502,Ayacucho,Anco,1989,0.136369,0.0,0.281722203182438,0.0743287012822816,2749.336784739123,28.890622588259507
050502,Ayacucho,Anco,1990,0.138505,0.0,0.281722203182438,0.0743287012822816,2749.336784739123,28.890622588259507
050502,Ayacucho,Anco,1991,0.14652,0.0,0.281722203182438,0.0743287012822816,2749.336784739123,28.890622588259507
050502,Ayacucho,Anco,1992,0.150196,0.0,0.281722203182438,0.0743287012822816,2749.336784739123,28.890622588259507
050502,Ayacucho,Anco,1993,0.151716,0.0,0.281722203182438,0.0743287012822816,2749.336784739123,28.890622588259507
050502,Ayacucho,Anco,1994,0.155798,0.0,0.281722203182438,0.0743287012822816,2749.336784739123,28.890622588259507
050502,Ayacucho,Anco,1995,0.160453,0.0,0.281722203182438,0.0743287012822816,2749.336784739123,28.890622588259507
050502,Ayacucho,Anco,1996,0.156541,0.0,0.281722203182438,0.0743287012822816,2749.336784739123,28.890622588259507
050502,Ayacucho,Anco,1997,0.155424,0.0,0.281722203182438,0.0743287012822816,2749.336784739123,28.890622588259507
050502,Ayacucho,Anco,1998,0.151383,0.0,0.281722203182438,0.0743287012822816,2749.336784739123,28.890622588259507
050502,Ayacucho,Anco,1999,0.152397,0.0,0.281722203182438,0.0743287012822816,2749.336784739123,28.890622588259507
050502,Ayacucho,Anco,2000,0.152138,0.0,0.281722203182438,0.0743287012822816,2749.336784739123,28.890622588259507
050502,Ayacucho,Anco,2001,0.152559,0.0,0.281722203182438,0.0743287012822816,2749.336784739123,28.890622588259507
050502,Ayacucho,Anco,2002,0.153238,0.0,0.281722203182438,0.0743287012822816,2749.336784739123,28.890622588259507
050502,Ayacucho,Anco,2003,0.143517,0.0,0.281722203182438,0.0743287012822816,2749.336784739123,28.890622588259507
050502,Ayacucho,Anco,2004,0.140382,0.0,0.281722203182438,0.0743287012822816,2749.336784739123,28.890622588259507
050502,Ayacucho,Anco,2005,0.143814,0.0,0.281722203182438,0.0743287012822816,2749.336784739123,28.890622588259507
050502,Ayacucho,Anco,2006,0.14552,0.0,0.281722203182438,0.0743287012822816,2749.336784739123,28.890622588259507
050502,Ayacucho,Anco,2007,0.149861,0.0,0.281722203182438,0.0743287012822816,2749.336784739123,28.890622588259507
050502,Ayacucho,Anco,2008,0.149409,0.0,0.281722203182438,0.0743287012822816,2749.336784739123,28.890622588259507
050502,Ayacucho,Anco,2009,0.147147,0.0,0.281722203182438,0.0743287012822816,2749.336784739123,28.890622588259507
050502,Ayacucho,Anco,2010,0.152242,0.0,0.281722203182438,0.0743287012822816,2749.336784739123,28.890622588259507
050502,Ayacucho,Anco,2011,0.157523,0.0,0.281722203182438,0.0743287012822816,2749.336784739123,28.890622588259507
050502,Ayacucho,Anco,2012,0.158478,0.0,0.281722203182438,0.0743287012822816,2749.336784739123,28.890622588259507
050502,Ayacucho,Anco,2013,0.16234,0.0,0.281722203182438,0.0743287012822816,2749.336784739123,28.890622588259507
050502,Ayacucho,Anco,2014,0.165625,0.0,0.281722203182438,0.0743287012822816,2749.336784739123,28.890622588259507
050502,Ayacucho,Anco,2015,0.162322,0.0,0.281722203182438,0.0743287012822816,2749.336784739123,28.890622588259507
050502,Ayacucho,Anco,2016,0.172776,0.0,0.281722203182438,0.0743287012822816,2749.336784739123,28.890622588259507
050502,Ayacucho,Anco,2017,0.175008,0.0,0.281722203182438,0.0743287012822816,2749.336784739123,28.890622588259507
050502,Ayacucho,Anco,2018,0.181719,0.0,0.281722203182438,0.0743287012822816,2749.336784739123,28.890622588259507
050502,Ayacucho,Anco,2019,0.18136,0.0,0.281722203182438,0.0743287012822816,2749.336784739123,28.890622588259507
050502,Ayacucho,Anco,2020,0.17505,0.0,0.281722203182438,0.0743287012822816,2749.336784739123,28.890622588259507
050502,Ayacucho,Anco,2021,0.177818,0.0,0.281722203182438,0.0743287012822816,2749.336784739123,28.890622588259507
050502,Ayacucho,Anco,2022,0.181024,0.0,0.281722203182438,0.0743287012822816,2749.336784739123,28.890622588259507
050502,Ayacucho,Anco,2023,0.184784,0.0,0.281722203182438,0.0743287012822816,2749.336784739123,28.890622588259507
050502,Ayacucho,Anco,2024,0.188037,0.0,0.281722203182438,0.0743287012822816,2749.336784739123,28.890622588259507
050507,Ayacucho,Santa Rosa,1985,0.277683,0.0,0.277166026556628,0.0257221455796398,2121.2721992136053,24.37865880007049
050507,Ayacucho,Santa Rosa,1986,0.271617,0.0,0.277166026556628,0.0257221455796398,2121.2721992136053,24.37865880007049
050507,Ayacucho,Santa Rosa,1987,0.26274,0.0,0.277166026556628,0.0257221455796398,2121.2721992136053,24.37865880007049
050507,Ayacucho,Santa Rosa,1988,0.251644,0.0,0.277166026556628,0.0257221455796398,2121.2721992136053,24.37865880007049
050507,Ayacucho,Santa Rosa,1989,0.249382,0.0,0.277166026556628,0.0257221455796398,2121.2721992136053,24.37865880007049
050507,Ayacucho,Santa Rosa,1990,0.249167,0.0,0.277166026556628,0.0257221455796398,2121.2721992136053,24.37865880007049
050507,Ayacucho,Santa Rosa,1991,0.248313,0.0,0.277166026556628,0.0257221455796398,2121.2721992136053,24.37865880007049
050507,Ayacucho,Santa Rosa,1992,0.245359,0.0,0.277166026556628,0.0257221455796398,2121.2721992136053,24.37865880007049
050507,Ayacucho,Santa Rosa,1993,0.246885,0.0,0.277166026556628,0.0257221455796398,2121.2721992136053,24.37865880007049
050507,Ayacucho,Santa Rosa,1994,0.24381,0.0,0.277166026556628,0.0257221455796398,2121.2721992136053,24.37865880007049
050507,Ayacucho,Santa Rosa,1995,0.244207,0.0,0.277166026556628,0.0257221455796398,2121.2721992136053,24.37865880007049
050507,Ayacucho,Santa Rosa,1996,0.243774,0.0,0.277166026556628,0.0257221455796398,2121.2721992136053,24.37865880007049
050507,Ayacucho,Santa Rosa,1997,0.244709,0.0,0.277166026556628,0.0257221455796398,2121.2721992136053,24.37865880007049
050507,Ayacucho,Santa Rosa,1998,0.243092,0.0,0.277166026556628,0.0257221455796398,2121.2721992136053,24.37865880007049
050507,Ayacucho,Santa Rosa,1999,0.242095,0.0,0.277166026556628,0.0257221455796398,2121.2721992136053,24.37865880007049
050507,Ayacucho,Santa Rosa,2000,0.253355,0.0,0.277166026556628,0.0257221455796398,2121.2721992136053,24.37865880007049
050507,Ayacucho,Santa Rosa,2001,0.264859,0.0,0.277166026556628,0.0257221455796398,2121.2721992136053,24.37865880007049
050507,Ayacucho,Santa Rosa,2002,0.27209,0.0,0.277166026556628,0.0257221455796398,2121.2721992136053,24.37865880007049
050507,Ayacucho,Santa Rosa,2003,0.277784,0.0,0.277166026556628,0.0257221455796398,2121.2721992136053,24.37865880007049
050507,Ayacucho,Santa Rosa,2004,0.281942,0.0,0.277166026556628,0.0257221455796398,2121.2721992136053,24.37865880007049
050507,Ayacucho,Santa Rosa,2005,0.282182,0.0,0.277166026556628,0.0257221455796398,2121.2721992136053,24.37865880007049
050507,Ayacucho,Santa Rosa,2006,0.286712,0.0,0.277166026556628,0.0257221455796398,2121.2721992136053,24.37865880007049
050507,Ayacucho,Santa Rosa,2007,0.291023,0.0,0.277166026556628,0.0257221455796398,2121.2721992136053,24.37865880007049
050507,Ayacucho,Santa Rosa,2008,0.29888,0.0,0.277166026556628,0.0257221455796398,2121.2721992136053,24.37865880007049
050507,Ayacucho,Santa Rosa,2009,0.300597,0.0,0.277166026556628,0.0257221455796398,2121.2721992136053,24.37865880007049
050507,Ayacucho,Santa Rosa,2010,0.306882,0.0,0.277166026556628,0.0257221455796398,2121.2721992136053,24.37865880007049
050507,Ayacucho,Santa Rosa,2011,0.319117,0.0,0.277166026556628,0.0257221455796398,2121.2721992136053,24.37865880007049
050507,Ayacucho,Santa Rosa,2012,0.325178,0.0,0.277166026556628,0.0257221455796398,2121.2721992136053,24.37865880007049
050507,Ayacucho,Santa Rosa,2013,0.330962,0.0,0.277166026556628,0.0257221455796398,2121.2721992136053,24.37865880007049
050507,Ayacucho,Santa Rosa,2014,0.331311,0.0,0.277166026556628,0.0257221455796398,2121.2721992136053,24.37865880007049
050507,Ayacucho,Santa Rosa,2015,0.334396,0.0,0.277166026556628,0.0257221455796398,2121.2721992136053,24.37865880007049
050507,Ayacucho,Santa Rosa,2016,0.343535,0.0,0.277166026556628,0.0257221455796398,2121.2721992136053,24.37865880007049
050507,Ayacucho,Santa Rosa,2017,0.348166,0.0,0.277166026556628,0.0257221455796398,2121.2721992136053,24.37865880007049
050507,Ayacucho,Santa Rosa,2018,0.35115,0.0,0.277166026556628,0.0257221455796398,2121.2721992136053,24.37865880007049
050507,Ayacucho,Santa Rosa,2019,0.350188,0.0,0.277166026556628,0.0257221455796398,2121.2721992136053,24.37865880007049
050507,Ayacucho,Santa Rosa,2020,0.338646,0.0,0.277166026556628,0.0257221455796398,2121.2721992136053,24.37865880007049
050507,Ayacucho,Santa Rosa,2021,0.339058,0.0,0.277166026556628,0.0257221455796398,2121.2721992136053,24.37865880007049
050507,Ayacucho,Santa Rosa,2022,0.335176,0.0,0.277166026556628,0.0257221455796398,2121.2721992136053,24.37865880007049
050507,Ayacucho,Santa Rosa,2023,0.338924,0.0,0.277166026556628,0.0257221455796398,2121.2721992136053,24.37865880007049
050507,Ayacucho,Santa Rosa,2024,0.336857,0.0,0.277166026556628,0.0257221455796398,2121.2721992136053,24.37865880007049
050512,Ayacucho,Union Progreso,1985,0.72178,0.0,1.029059403521684,0.1399265805241421,1140.9740982984977,16.903493751502044
050512,Ayacucho,Union Progreso,1986,0.722493,0.0,1.029059403521684,0.1399265805241421,1140.9740982984977,16.903493751502044
050512,Ayacucho,Union Progreso,1987,0.721646,0.0,1.029059403521684,0.1399265805241421,1140.9740982984977,16.903493751502044
050512,Ayacucho,Union Progreso,1988,0.719015,0.0,1.029059403521684,0.1399265805241421,1140.9740982984977,16.903493751502044
050512,Ayacucho,Union Progreso,1989,0.716452,0.0,1.029059403521684,0.1399265805241421,1140.9740982984977,16.903493751502044
050512,Ayacucho,Union Progreso,1990,0.713308,0.0,1.029059403521684,0.1399265805241421,1140.9740982984977,16.903493751502044
050512,Ayacucho,Union Progreso,1991,0.715471,0.0,1.029059403521684,0.1399265805241421,1140.9740982984977,16.903493751502044
050512,Ayacucho,Union Progreso,1992,0.717009,0.0,1.029059403521684,0.1399265805241421,1140.9740982984977,16.903493751502044
050512,Ayacucho,Union Progreso,1993,0.714824,0.0,1.029059403521684,0.1399265805241421,1140.9740982984977,16.903493751502044
050512,Ayacucho,Union Progreso,1994,0.71498,0.0,1.029059403521684,0.1399265805241421,1140.9740982984977,16.903493751502044
050512,Ayacucho,Union Progreso,1995,0.714244,0.0,1.029059403521684,0.1399265805241421,1140.9740982984977,16.903493751502044
050512,Ayacucho,Union Progreso,1996,0.714958,0.0,1.029059403521684,0.1399265805241421,1140.9740982984977,16.903493751502044
050512,Ayacucho,Union Progreso,1997,0.715359,0.0,1.029059403521684,0.1399265805241421,1140.9740982984977,16.903493751502044
050512,Ayacucho,Union Progreso,1998,0.718391,0.0,1.029059403521684,0.1399265805241421,1140.9740982984977,16.903493751502044
050512,Ayacucho,Union Progreso,1999,0.716964,0.0,1.029059403521684,0.1399265805241421,1140.9740982984977,16.903493751502044
050512,Ayacucho,Union Progreso,2000,0.726618,0.0,1.029059403521684,0.1399265805241421,1140.9740982984977,16.903493751502044
050512,Ayacucho,Union Progreso,2001,0.737186,0.0,1.029059403521684,0.1399265805241421,1140.9740982984977,16.903493751502044
050512,Ayacucho,Union Progreso,2002,0.74033,0.0,1.029059403521684,0.1399265805241421,1140.9740982984977,16.903493751502044
050512,Ayacucho,Union Progreso,2003,0.740976,0.0,1.029059403521684,0.1399265805241421,1140.9740982984977,16.903493751502044
050512,Ayacucho,Union Progreso,2004,0.734533,0.0,1.029059403521684,0.1399265805241421,1140.9740982984977,16.903493751502044
050512,Ayacucho,Union Progreso,2005,0.721401,0.0,1.029059403521684,0.1399265805241421,1140.9740982984977,16.903493751502044
050512,Ayacucho,Union Progreso,2006,0.709964,0.0,1.029059403521684,0.1399265805241421,1140.9740982984977,16.903493751502044
050512,Ayacucho,Union Progreso,2007,0.711413,0.0,1.029059403521684,0.1399265805241421,1140.9740982984977,16.903493751502044
050512,Ayacucho,Union Progreso,2008,0.718792,0.0,1.029059403521684,0.1399265805241421,1140.9740982984977,16.903493751502044
050512,Ayacucho,Union Progreso,2009,0.715337,0.0,1.029059403521684,0.1399265805241421,1140.9740982984977,16.903493751502044
050512,Ayacucho,Union Progreso,2010,0.742804,0.0,1.029059403521684,0.1399265805241421,1140.9740982984977,16.903493751502044
050512,Ayacucho,Union Progreso,2011,0.770963,0.0,1.029059403521684,0.1399265805241421,1140.9740982984977,16.903493751502044
050512,Ayacucho,Union Progreso,2012,0.782935,0.0,1.029059403521684,0.1399265805241421,1140.9740982984977,16.903493751502044
050512,Ayacucho,Union Progreso,2013,0.796112,0.0,1.029059403521684,0.1399265805241421,1140.9740982984977,16.903493751502044
050512,Ayacucho,Union Progreso,2014,0.811049,0.0,1.029059403521684,0.1399265805241421,1140.9740982984977,16.903493751502044
050512,Ayacucho,Union Progreso,2015,0.81504,0.0,1.029059403521684,0.1399265805241421,1140.9740982984977,16.903493751502044
050512,Ayacucho,Union Progreso,2016,0.830803,0.0,1.029059403521684,0.1399265805241421,1140.9740982984977,16.903493751502044
050512,Ayacucho,Union Progreso,2017,0.848371,0.0,1.029059403521684,0.1399265805241421,1140.9740982984977,16.903493751502044
050512,Ayacucho,Union Progreso,2018,0.845986,0.0,1.029059403521684,0.1399265805241421,1140.9740982984977,16.903493751502044
050512,Ayacucho,Union Progreso,2019,0.839988,0.0,1.029059403521684,0.1399265805241421,1140.9740982984977,16.903493751502044
050512,Ayacucho,Union Progreso,2020,0.814015,0.0,1.029059403521684,0.1399265805241421,1140.9740982984977,16.903493751502044
050512,Ayacucho,Union Progreso,2021,0.814305,0.0,1.029059403521684,0.1399265805241421,1140.9740982984977,16.903493751502044
050512,Ayacucho,Union Progreso,2022,0.814059,0.0,1.029059403521684,0.1399265805241421,1140.9740982984977,16.903493751502044
050512,Ayacucho,Union Progreso,2023,0.818986,0.0,1.029059403521684,0.1399265805241421,1140.9740982984977,16.903493751502044
050512,Ayacucho,Union Progreso,2024,0.81484,0.0,1.029059403521684,0.1399265805241421,1140.9740982984977,16.903493751502044
060801,Cajamarca,Jaen,1985,0.350231,0.0,0.4571931885820437,0.0230146510328266,1473.0141133350787,21.516720077558
060801,Cajamarca,Jaen,1986,0.350308,0.0,0.4571931885820437,0.0230146510328266,1473.0141133350787,21.516720077558
060801,Cajamarca,Jaen,1987,0.406934,0.0,0.4571931885820437,0.0230146510328266,1473.0141133350787,21.516720077558
060801,Cajamarca,Jaen,1988,0.412973,0.0,0.4571931885820437,0.0230146510328266,1473.0141133350787,21.516720077558
060801,Cajamarca,Jaen,1989,0.417949,0.0,0.4571931885820437,0.0230146510328266,1473.0141133350787,21.516720077558
060801,Cajamarca,Jaen,1990,0.419401,0.0,0.4571931885820437,0.0230146510328266,1473.0141133350787,21.516720077558
060801,Cajamarca,Jaen,1991,0.402744,0.0,0.4571931885820437,0.0230146510328266,1473.0141133350787,21.516720077558
060801,Cajamarca,Jaen,1992,0.386115,0.0,0.4571931885820437,0.0230146510328266,1473.0141133350787,21.516720077558
060801,Cajamarca,Jaen,1993,0.384498,0.0,0.4571931885820437,0.0230146510328266,1473.0141133350787,21.516720077558
060801,Cajamarca,Jaen,1994,0.366583,0.0,0.4571931885820437,0.0230146510328266,1473.0141133350787,21.516720077558
060801,Cajamarca,Jaen,1995,0.369393,0.0,0.4571931885820437,0.0230146510328266,1473.0141133350787,21.516720077558
060801,Cajamarca,Jaen,1996,0.368289,0.0,0.4571931885820437,0.0230146510328266,1473.0141133350787,21.516720077558
060801,Cajamarca,Jaen,1997,0.378664,0.0,0.4571931885820437,0.0230146510328266,1473.0141133350787,21.516720077558
060801,Cajamarca,Jaen,1998,0.433669,0.0,0.4571931885820437,0.0230146510328266,1473.0141133350787,21.516720077558
060801,Cajamarca,Jaen,1999,0.46957,0.0,0.4571931885820437,0.0230146510328266,1473.0141133350787,21.516720077558
060801,Cajamarca,Jaen,2000,0.471257,0.0,0.4571931885820437,0.0230146510328266,1473.0141133350787,21.516720077558
060801,Cajamarca,Jaen,2001,0.445615,0.0,0.4571931885820437,0.0230146510328266,1473.0141133350787,21.516720077558
060801,Cajamarca,Jaen,2002,0.444263,0.0,0.4571931885820437,0.0230146510328266,1473.0141133350787,21.516720077558
060801,Cajamarca,Jaen,2003,0.456574,0.0,0.4571931885820437,0.0230146510328266,1473.0141133350787,21.516720077558
060801,Cajamarca,Jaen,2004,0.472884,0.0,0.4571931885820437,0.0230146510328266,1473.0141133350787,21.516720077558
060801,Cajamarca,Jaen,2005,0.479081,0.0,0.4571931885820437,0.0230146510328266,1473.0141133350787,21.516720077558
060801,Cajamarca,Jaen,2006,0.479448,0.0,0.4571931885820437,0.0230146510328266,1473.0141133350787,21.516720077558
060801,Cajamarca,Jaen,2007,0.487106,0.0,0.4571931885820437,0.0230146510328266,1473.0141133350787,21.516720077558
060801,Cajamarca,Jaen,2008,0.485065,0.0,0.4571931885820437,0.0230146510328266,1473.0141133350787,21.516720077558
060801,Cajamarca,Jaen,2009,0.494069,0.0,0.4571931885820437,0.0230146510328266,1473.0141133350787,21.516720077558
060801,Cajamarca,Jaen,2010,0.497473,0.0,0.4571931885820437,0.0230146510328266,1473.0141133350787,21.516720077558
060801,Cajamarca,Jaen,2011,0.491371,0.0,0.4571931885820437,0.0230146510328266,1473.0141133350787,21.516720077558
060801,Cajamarca,Jaen,2012,0.489605,4.2e-05,0.4571931885820437,0.0230146510328266,1473.0141133350787,21.516720077558
060801,Cajamarca,Jaen,2013,0.492261,4.2e-05,0.4571931885820437,0.0230146510328266,1473.0141133350787,21.516720077558
060801,Cajamarca,Jaen,2014,0.498564,4.2e-05,0.4571931885820437,0.0230146510328266,1473.0141133350787,21.516720077558
060801,Cajamarca,Jaen,2015,0.500633,4.2e-05,0.4571931885820437,0.0230146510328266,1473.0141133350787,21.516720077558
060801,Cajamarca,Jaen,2016,0.500777,4.2e-05,0.4571931885820437,0.0230146510328266,1473.0141133350787,21.516720077558
060801,Cajamarca,Jaen,2017,0.501586,4.2e-05,0.4571931885820437,0.0230146510328266,1473.0141133350787,21.516720077558
060801,Cajamarca,Jaen,2018,0.515751,4.2e-05,0.4571931885820437,0.0230146510328266,1473.0141133350787,21.516720077558
060801,Cajamarca,Jaen,2019,0.514283,4.2e-05,0.4571931885820437,0.0230146510328266,1473.0141133350787,21.516720077558
060801,Cajamarca,Jaen,2020,0.506251,4.2e-05,0.4571931885820437,0.0230146510328266,1473.0141133350787,21.516720077558
060801,Cajamarca,Jaen,2021,0.503529,4.2e-05,0.4571931885820437,0.0230146510328266,1473.0141133350787,21.516720077558
060801,Cajamarca,Jaen,2022,0.490821,4.2e-05,0.4571931885820437,0.0230146510328266,1473.0141133350787,21.516720077558
060801,Cajamarca,Jaen,2023,0.46064,4.2e-05,0.4571931885820437,0.0230146510328266,1473.0141133350787,21.516720077558
060801,Cajamarca,Jaen,2024,0.464931,4.2e-05,0.4571931885820437,0.0230146510328266,1473.0141133350787,21.516720077558
060803,Cajamarca,Chontali,1985,0.262768,0.0,0.1069324304692039,0.0,2399.218192006512,25.005791185584943
060803,Cajamarca,Chontali,1986,0.27582,0.0,0.1069324304692039,0.0,2399.218192006512,25.005791185584943
060803,Cajamarca,Chontali,1987,0.285353,0.0,0.1069324304692039,0.0,2399.218192006512,25.005791185584943
060803,Cajamarca,Chontali,1988,0.287593,0.0,0.1069324304692039,0.0,2399.218192006512,25.005791185584943
060803,Cajamarca,Chontali,1989,0.324728,0.0,0.1069324304692039,0.0,2399.218192006512,25.005791185584943
060803,Cajamarca,Chontali,1990,0.323693,0.0,0.1069324304692039,0.0,2399.218192006512,25.005791185584943
060803,Cajamarca,Chontali,1991,0.28226,0.0,0.1069324304692039,0.0,2399.218192006512,25.005791185584943
060803,Cajamarca,Chontali,1992,0.275419,0.0,0.1069324304692039,0.0,2399.218192006512,25.005791185584943
060803,Cajamarca,Chontali,1993,0.275061,0.0,0.1069324304692039,0.0,2399.218192006512,25.005791185584943
060803,Cajamarca,Chontali,1994,0.273448,0.0,0.1069324304692039,0.0,2399.218192006512,25.005791185584943
060803,Cajamarca,Chontali,1995,0.273467,0.0,0.1069324304692039,0.0,2399.218192006512,25.005791185584943
060803,Cajamarca,Chontali,1996,0.307811,0.0,0.1069324304692039,0.0,2399.218192006512,25.005791185584943
060803,Cajamarca,Chontali,1997,0.326745,0.0,0.1069324304692039,0.0,2399.218192006512,25.005791185584943
060803,Cajamarca,Chontali,1998,0.351906,0.0,0.1069324304692039,0.0,2399.218192006512,25.005791185584943
060803,Cajamarca,Chontali,1999,0.353885,0.0,0.1069324304692039,0.0,2399.218192006512,25.005791185584943
060803,Cajamarca,Chontali,2000,0.354405,0.0,0.1069324304692039,0.0,2399.218192006512,25.005791185584943
060803,Cajamarca,Chontali,2001,0.354266,0.0,0.1069324304692039,0.0,2399.218192006512,25.005791185584943
060803,Cajamarca,Chontali,2002,0.355284,0.0,0.1069324304692039,0.0,2399.218192006512,25.005791185584943
060803,Cajamarca,Chontali,2003,0.359665,0.0,0.1069324304692039,0.0,2399.218192006512,25.005791185584943
060803,Cajamarca,Chontali,2004,0.369837,0.0,0.1069324304692039,0.0,2399.218192006512,25.005791185584943
060803,Cajamarca,Chontali,2005,0.374384,0.0,0.1069324304692039,0.0,2399.218192006512,25.005791185584943
060803,Cajamarca,Chontali,2006,0.361646,0.0,0.1069324304692039,0.0,2399.218192006512,25.005791185584943
060803,Cajamarca,Chontali,2007,0.363137,0.0,0.1069324304692039,0.0,2399.218192006512,25.005791185584943
060803,Cajamarca,Chontali,2008,0.364933,0.0,0.1069324304692039,0.0,2399.218192006512,25.005791185584943
060803,Cajamarca,Chontali,2009,0.366178,0.0,0.1069324304692039,0.0,2399.218192006512,25.005791185584943
060803,Cajamarca,Chontali,2010,0.364548,0.0,0.1069324304692039,0.0,2399.218192006512,25.005791185584943
060803,Cajamarca,Chontali,2011,0.370731,0.0,0.1069324304692039,0.0,2399.218192006512,25.005791185584943
060803,Cajamarca,Chontali,2012,0.373256,0.0,0.1069324304692039,0.0,2399.218192006512,25.005791185584943
060803,Cajamarca,Chontali,2013,0.366275,0.0,0.1069324304692039,0.0,2399.218192006512,25.005791185584943
060803,Cajamarca,Chontali,2014,0.377962,0.0,0.1069324304692039,0.0,2399.218192006512,25.005791185584943
060803,Cajamarca,Chontali,2015,0.365299,0.0,0.1069324304692039,0.0,2399.218192006512,25.005791185584943
060803,Cajamarca,Chontali,2016,0.365561,0.0,0.1069324304692039,0.0,2399.218192006512,25.005791185584943
060803,Cajamarca,Chontali,2017,0.355357,0.000274,0.1069324304692039,0.0,2399.218192006512,25.005791185584943
060803,Cajamarca,Chontali,2018,0.359954,0.000274,0.1069324304692039,0.0,2399.218192006512,25.005791185584943
060803,Cajamarca,Chontali,2019,0.361332,0.000274,0.1069324304692039,0.0,2399.218192006512,25.005791185584943
060803,Cajamarca,Chontali,2020,0.357552,0.000274,0.1069324304692039,0.0,2399.218192006512,25.005791185584943
060803,Cajamarca,Chontali,2021,0.367432,0.262256,0.1069324304692039,0.0,2399.218192006512,25.005791185584943
060803,Cajamarca,Chontali,2022,0.361694,0.262256,0.1069324304692039,0.0,2399.218192006512,25.005791185584943
060803,Cajamarca,Chontali,2023,0.30467,0.262256,0.1069324304692039,0.0,2399.218192006512,25.005791185584943
060803,Cajamarca,Chontali,2024,0.311686,0.262256,0.1069324304692039,0.0,2399.218192006512,25.005791185584943
060804,Cajamarca,Colasay,1985,0.352172,0.0,0.3427858955308687,0.0161503405491909,1694.3354215347338,24.76462217250808
060804,Cajamarca,Colasay,1986,0.390458,0.0,0.3427858955308687,0.0161503405491909,1694.3354215347338,24.76462217250808
060804,Cajamarca,Colasay,1987,0.420197,0.0,0.3427858955308687,0.0161503405491909,1694.3354215347338,24.76462217250808
060804,Cajamarca,Colasay,1988,0.4275,0.0,0.3427858955308687,0.0161503405491909,1694.3354215347338,24.76462217250808
060804,Cajamarca,Colasay,1989,0.449252,0.0,0.3427858955308687,0.0161503405491909,1694.3354215347338,24.76462217250808
060804,Cajamarca,Colasay,1990,0.445937,0.0,0.3427858955308687,0.0161503405491909,1694.3354215347338,24.76462217250808
060804,Cajamarca,Colasay,1991,0.433783,0.0,0.3427858955308687,0.0161503405491909,1694.3354215347338,24.76462217250808
060804,Cajamarca,Colasay,1992,0.419671,0.0,0.3427858955308687,0.0161503405491909,1694.3354215347338,24.76462217250808
060804,Cajamarca,Colasay,1993,0.416016,0.0,0.3427858955308687,0.0161503405491909,1694.3354215347338,24.76462217250808
060804,Cajamarca,Colasay,1994,0.379388,0.0,0.3427858955308687,0.0161503405491909,1694.3354215347338,24.76462217250808
060804,Cajamarca,Colasay,1995,0.377581,0.0,0.3427858955308687,0.0161503405491909,1694.3354215347338,24.76462217250808
060804,Cajamarca,Colasay,1996,0.383318,0.0,0.3427858955308687,0.0161503405491909,1694.3354215347338,24.76462217250808
060804,Cajamarca,Colasay,1997,0.391894,0.0,0.3427858955308687,0.0161503405491909,1694.3354215347338,24.76462217250808
060804,Cajamarca,Colasay,1998,0.448976,0.0,0.3427858955308687,0.0161503405491909,1694.3354215347338,24.76462217250808
060804,Cajamarca,Colasay,1999,0.472681,0.0,0.3427858955308687,0.0161503405491909,1694.3354215347338,24.76462217250808
060804,Cajamarca,Colasay,2000,0.474972,0.0,0.3427858955308687,0.0161503405491909,1694.3354215347338,24.76462217250808
060804,Cajamarca,Colasay,2001,0.455613,0.0,0.3427858955308687,0.0161503405491909,1694.3354215347338,24.76462217250808
060804,Cajamarca,Colasay,2002,0.449008,0.0,0.3427858955308687,0.0161503405491909,1694.3354215347338,24.76462217250808
060804,Cajamarca,Colasay,2003,0.461015,0.0,0.3427858955308687,0.0161503405491909,1694.3354215347338,24.76462217250808
060804,Cajamarca,Colasay,2004,0.470444,0.0,0.3427858955308687,0.0161503405491909,1694.3354215347338,24.76462217250808
060804,Cajamarca,Colasay,2005,0.480494,0.0,0.3427858955308687,0.0161503405491909,1694.3354215347338,24.76462217250808
060804,Cajamarca,Colasay,2006,0.478763,0.0,0.3427858955308687,0.0161503405491909,1694.3354215347338,24.76462217250808
060804,Cajamarca,Colasay,2007,0.479274,0.0,0.3427858955308687,0.0161503405491909,1694.3354215347338,24.76462217250808
060804,Cajamarca,Colasay,2008,0.485792,0.0,0.3427858955308687,0.0161503405491909,1694.3354215347338,24.76462217250808
060804,Cajamarca,Colasay,2009,0.497879,0.0,0.3427858955308687,0.0161503405491909,1694.3354215347338,24.76462217250808
060804,Cajamarca,Colasay,2010,0.491095,0.0,0.3427858955308687,0.0161503405491909,1694.3354215347338,24.76462217250808
060804,Cajamarca,Colasay,2011,0.478974,0.0,0.3427858955308687,0.0161503405491909,1694.3354215347338,24.76462217250808
060804,Cajamarca,Colasay,2012,0.469069,0.0,0.3427858955308687,0.0161503405491909,1694.3354215347338,24.76462217250808
060804,Cajamarca,Colasay,2013,0.486007,0.0,0.3427858955308687,0.0161503405491909,1694.3354215347338,24.76462217250808
060804,Cajamarca,Colasay,2014,0.49307,0.0,0.3427858955308687,0.0161503405491909,1694.3354215347338,24.76462217250808
060804,Cajamarca,Colasay,2015,0.49855,0.0,0.3427858955308687,0.0161503405491909,1694.3354215347338,24.76462217250808
060804,Cajamarca,Colasay,2016,0.516592,0.0,0.3427858955308687,0.0161503405491909,1694.3354215347338,24.76462217250808
060804,Cajamarca,Colasay,2017,0.516961,0.0,0.3427858955308687,0.0161503405491909,1694.3354215347338,24.76462217250808
060804,Cajamarca,Colasay,2018,0.525836,0.0,0.3427858955308687,0.0161503405491909,1694.3354215347338,24.76462217250808
060804,Cajamarca,Colasay,2019,0.523423,0.0,0.3427858955308687,0.0161503405491909,1694.3354215347338,24.76462217250808
060804,Cajamarca,Colasay,2020,0.519503,0.0,0.3427858955308687,0.0161503405491909,1694.3354215347338,24.76462217250808
060804,Cajamarca,Colasay,2021,0.533867,0.0,0.3427858955308687,0.0161503405491909,1694.3354215347338,24.76462217250808
060804,Cajamarca,Colasay,2022,0.507503,0.0,0.3427858955308687,0.0161503405491909,1694.3354215347338,24.76462217250808
060804,Cajamarca,Colasay,2023,0.474183,0.0,0.3427858955308687,0.0161503405491909,1694.3354215347338,24.76462217250808
060804,Cajamarca,Colasay,2024,0.478146,0.0,0.3427858955308687,0.0161503405491909,1694.3354215347338,24.76462217250808
060805,Cajamarca,Huabal,1985,0.660201,0.0,0.8663181538178245,0.0,1642.2664757404889,22.113339768339767
060805,Cajamarca,Huabal,1986,0.698859,0.0,0.8663181538178245,0.0,1642.2664757404889,22.113339768339767
060805,Cajamarca,Huabal,1987,0.758183,0.0,0.8663181538178245,0.0,1642.2664757404889,22.113339768339767
060805,Cajamarca,Huabal,1988,0.766628,0.0,0.8663181538178245,0.0,1642.2664757404889,22.113339768339767
060805,Cajamarca,Huabal,1989,0.747042,0.0,0.8663181538178245,0.0,1642.2664757404889,22.113339768339767
060805,Cajamarca,Huabal,1990,0.744702,0.0,0.8663181538178245,0.0,1642.2664757404889,22.113339768339767
060805,Cajamarca,Huabal,1991,0.733855,0.0,0.8663181538178245,0.0,1642.2664757404889,22.113339768339767
060805,Cajamarca,Huabal,1992,0.68285,0.0,0.8663181538178245,0.0,1642.2664757404889,22.113339768339767
060805,Cajamarca,Huabal,1993,0.671877,0.0,0.8663181538178245,0.0,1642.2664757404889,22.113339768339767
060805,Cajamarca,Huabal,1994,0.671877,0.0,0.8663181538178245,0.0,1642.2664757404889,22.113339768339767
060805,Cajamarca,Huabal,1995,0.671489,0.0,0.8663181538178245,0.0,1642.2664757404889,22.113339768339767
060805,Cajamarca,Huabal,1996,0.716011,0.0,0.8663181538178245,0.0,1642.2664757404889,22.113339768339767
060805,Cajamarca,Huabal,1997,0.772764,0.0,0.8663181538178245,0.0,1642.2664757404889,22.113339768339767
060805,Cajamarca,Huabal,1998,0.780569,0.0,0.8663181538178245,0.0,1642.2664757404889,22.113339768339767
060805,Cajamarca,Huabal,1999,0.797952,0.0,0.8663181538178245,0.0,1642.2664757404889,22.113339768339767
060805,Cajamarca,Huabal,2000,0.80497,0.0,0.8663181538178245,0.0,1642.2664757404889,22.113339768339767
060805,Cajamarca,Huabal,2001,0.78207,0.0,0.8663181538178245,0.0,1642.2664757404889,22.113339768339767
060805,Cajamarca,Huabal,2002,0.7887,0.0,0.8663181538178245,0.0,1642.2664757404889,22.113339768339767
060805,Cajamarca,Huabal,2003,0.79791,0.0,0.8663181538178245,0.0,1642.2664757404889,22.113339768339767
060805,Cajamarca,Huabal,2004,0.798613,0.0,0.8663181538178245,0.0,1642.2664757404889,22.113339768339767
060805,Cajamarca,Huabal,2005,0.796819,0.0,0.8663181538178245,0.0,1642.2664757404889,22.113339768339767
060805,Cajamarca,Huabal,2006,0.784734,0.0,0.8663181538178245,0.0,1642.2664757404889,22.113339768339767
060805,Cajamarca,Huabal,2007,0.786318,0.0,0.8663181538178245,0.0,1642.2664757404889,22.113339768339767
060805,Cajamarca,Huabal,2008,0.790829,0.0,0.8663181538178245,0.0,1642.2664757404889,22.113339768339767
060805,Cajamarca,Huabal,2009,0.802023,0.0,0.8663181538178245,0.0,1642.2664757404889,22.113339768339767
060805,Cajamarca,Huabal,2010,0.809807,0.0,0.8663181538178245,0.0,1642.2664757404889,22.113339768339767
060805,Cajamarca,Huabal,2011,0.80775,0.0,0.8663181538178245,0.0,1642.2664757404889,22.113339768339767
060805,Cajamarca,Huabal,2012,0.813982,0.0,0.8663181538178245,0.0,1642.2664757404889,22.113339768339767
060805,Cajamarca,Huabal,2013,0.821136,0.0,0.8663181538178245,0.0,1642.2664757404889,22.113339768339767
060805,Cajamarca,Huabal,2014,0.830672,0.0,0.8663181538178245,0.0,1642.2664757404889,22.113339768339767
060805,Cajamarca,Huabal,2015,0.830053,0.0,0.8663181538178245,0.0,1642.2664757404889,22.113339768339767
060805,Cajamarca,Huabal,2016,0.839316,0.0,0.8663181538178245,0.0,1642.2664757404889,22.113339768339767
060805,Cajamarca,Huabal,2017,0.839201,0.0,0.8663181538178245,0.0,1642.2664757404889,22.113339768339767
060805,Cajamarca,Huabal,2018,0.839851,0.0,0.8663181538178245,0.0,1642.2664757404889,22.113339768339767
060805,Cajamarca,Huabal,2019,0.837764,0.0,0.8663181538178245,0.0,1642.2664757404889,22.113339768339767
060805,Cajamarca,Huabal,2020,0.828102,0.0,0.8663181538178245,0.0,1642.2664757404889,22.113339768339767
060805,Cajamarca,Huabal,2021,0.827347,0.0,0.8663181538178245,0.0,1642.2664757404889,22.113339768339767
060805,Cajamarca,Huabal,2022,0.827609,0.0,0.8663181538178245,0.0,1642.2664757404889,22.113339768339767
060805,Cajamarca,Huabal,2023,0.814842,0.0,0.8663181538178245,0.0,1642.2664757404889,22.113339768339767
060805,Cajamarca,Huabal,2024,0.808097,0.0,0.8663181538178245,0.0,1642.2664757404889,22.113339768339767
060807,Cajamarca,Pomahuaca,1985,0.157102,0.0,0.1047890105398881,0.033378246833807,2035.1726339884945,27.159193782462133
060807,Cajamarca,Pomahuaca,1986,0.174497,0.0,0.1047890105398881,0.033378246833807,2035.1726339884945,27.159193782462133
060807,Cajamarca,Pomahuaca,1987,0.187429,0.0,0.1047890105398881,0.033378246833807,2035.1726339884945,27.159193782462133
060807,Cajamarca,Pomahuaca,1988,0.186457,0.0,0.1047890105398881,0.033378246833807,2035.1726339884945,27.159193782462133
060807,Cajamarca,Pomahuaca,1989,0.207726,0.0,0.1047890105398881,0.033378246833807,2035.1726339884945,27.159193782462133
060807,Cajamarca,Pomahuaca,1990,0.205648,0.0,0.1047890105398881,0.033378246833807,2035.1726339884945,27.159193782462133
060807,Cajamarca,Pomahuaca,1991,0.202622,0.0,0.1047890105398881,0.033378246833807,2035.1726339884945,27.159193782462133
060807,Cajamarca,Pomahuaca,1992,0.196491,0.0,0.1047890105398881,0.033378246833807,2035.1726339884945,27.159193782462133
060807,Cajamarca,Pomahuaca,1993,0.195959,0.0,0.1047890105398881,0.033378246833807,2035.1726339884945,27.159193782462133
060807,Cajamarca,Pomahuaca,1994,0.193864,0.0,0.1047890105398881,0.033378246833807,2035.1726339884945,27.159193782462133
060807,Cajamarca,Pomahuaca,1995,0.193016,0.0,0.1047890105398881,0.033378246833807,2035.1726339884945,27.159193782462133
060807,Cajamarca,Pomahuaca,1996,0.210875,0.0,0.1047890105398881,0.033378246833807,2035.1726339884945,27.159193782462133
060807,Cajamarca,Pomahuaca,1997,0.21129,0.0,0.1047890105398881,0.033378246833807,2035.1726339884945,27.159193782462133
060807,Cajamarca,Pomahuaca,1998,0.216803,0.0,0.1047890105398881,0.033378246833807,2035.1726339884945,27.159193782462133
060807,Cajamarca,Pomahuaca,1999,0.221986,0.0,0.1047890105398881,0.033378246833807,2035.1726339884945,27.159193782462133
060807,Cajamarca,Pomahuaca,2000,0.228755,0.0,0.1047890105398881,0.033378246833807,2035.1726339884945,27.159193782462133
060807,Cajamarca,Pomahuaca,2001,0.231332,0.0,0.1047890105398881,0.033378246833807,2035.1726339884945,27.159193782462133
060807,Cajamarca,Pomahuaca,2002,0.233839,0.0,0.1047890105398881,0.033378246833807,2035.1726339884945,27.159193782462133
060807,Cajamarca,Pomahuaca,2003,0.232171,0.0,0.1047890105398881,0.033378246833807,2035.1726339884945,27.159193782462133
060807,Cajamarca,Pomahuaca,2004,0.232171,0.0,0.1047890105398881,0.033378246833807,2035.1726339884945,27.159193782462133
060807,Cajamarca,Pomahuaca,2005,0.235219,0.0,0.1047890105398881,0.033378246833807,2035.1726339884945,27.159193782462133
060807,Cajamarca,Pomahuaca,2006,0.22887,0.0,0.1047890105398881,0.033378246833807,2035.1726339884945,27.159193782462133
060807,Cajamarca,Pomahuaca,2007,0.227595,0.0,0.1047890105398881,0.033378246833807,2035.1726339884945,27.159193782462133
060807,Cajamarca,Pomahuaca,2008,0.226535,0.0,0.1047890105398881,0.033378246833807,2035.1726339884945,27.159193782462133
060807,Cajamarca,Pomahuaca,2009,0.231576,0.0,0.1047890105398881,0.033378246833807,2035.1726339884945,27.159193782462133
060807,Cajamarca,Pomahuaca,2010,0.232496,0.0,0.1047890105398881,0.033378246833807,2035.1726339884945,27.159193782462133
060807,Cajamarca,Pomahuaca,2011,0.237604,0.0,0.1047890105398881,0.033378246833807,2035.1726339884945,27.159193782462133
060807,Cajamarca,Pomahuaca,2012,0.239684,0.0,0.1047890105398881,0.033378246833807,2035.1726339884945,27.159193782462133
060807,Cajamarca,Pomahuaca,2013,0.238243,0.0,0.1047890105398881,0.033378246833807,2035.1726339884945,27.159193782462133
060807,Cajamarca,Pomahuaca,2014,0.236629,0.0,0.1047890105398881,0.033378246833807,2035.1726339884945,27.159193782462133
060807,Cajamarca,Pomahuaca,2015,0.230595,0.0,0.1047890105398881,0.033378246833807,2035.1726339884945,27.159193782462133
060807,Cajamarca,Pomahuaca,2016,0.235058,0.0,0.1047890105398881,0.033378246833807,2035.1726339884945,27.159193782462133
060807,Cajamarca,Pomahuaca,2017,0.234505,0.0,0.1047890105398881,0.033378246833807,2035.1726339884945,27.159193782462133
060807,Cajamarca,Pomahuaca,2018,0.232225,0.0,0.1047890105398881,0.033378246833807,2035.1726339884945,27.159193782462133
060807,Cajamarca,Pomahuaca,2019,0.230133,0.000132,0.1047890105398881,0.033378246833807,2035.1726339884945,27.159193782462133
060807,Cajamarca,Pomahuaca,2020,0.226948,0.000132,0.1047890105398881,0.033378246833807,2035.1726339884945,27.159193782462133
060807,Cajamarca,Pomahuaca,2021,0.237107,0.000132,0.1047890105398881,0.033378246833807,2035.1726339884945,27.159193782462133
060807,Cajamarca,Pomahuaca,2022,0.23269,0.000132,0.1047890105398881,0.033378246833807,2035.1726339884945,27.159193782462133
060807,Cajamarca,Pomahuaca,2023,0.204784,0.000132,0.1047890105398881,0.033378246833807,2035.1726339884945,27.159193782462133
060807,Cajamarca,Pomahuaca,2024,0.207018,0.000132,0.1047890105398881,0.033378246833807,2035.1726339884945,27.159193782462133
060809,Cajamarca,Sallique,1985,0.108203,0.0,0.2327760414472397,0.0515032071803654,2416.3483328038187,25.90949698127471
060809,Cajamarca,Sallique,1986,0.140635,0.0,0.2327760414472397,0.0515032071803654,2416.3483328038187,25.90949698127471
060809,Cajamarca,Sallique,1987,0.127148,0.0,0.2327760414472397,0.0515032071803654,2416.3483328038187,25.90949698127471
060809,Cajamarca,Sallique,1988,0.125312,0.0,0.2327760414472397,0.0515032071803654,2416.3483328038187,25.90949698127471
060809,Cajamarca,Sallique,1989,0.121969,0.0,0.2327760414472397,0.0515032071803654,2416.3483328038187,25.90949698127471
060809,Cajamarca,Sallique,1990,0.122001,0.0,0.2327760414472397,0.0515032071803654,2416.3483328038187,25.90949698127471
060809,Cajamarca,Sallique,1991,0.125023,0.0,0.2327760414472397,0.0515032071803654,2416.3483328038187,25.90949698127471
060809,Cajamarca,Sallique,1992,0.125028,0.0,0.2327760414472397,0.0515032071803654,2416.3483328038187,25.90949698127471
060809,Cajamarca,Sallique,1993,0.124984,0.0,0.2327760414472397,0.0515032071803654,2416.3483328038187,25.90949698127471
060809,Cajamarca,Sallique,1994,0.12495,0.0,0.2327760414472397,0.0515032071803654,2416.3483328038187,25.90949698127471
060809,Cajamarca,Sallique,1995,0.124884,0.0,0.2327760414472397,0.0515032071803654,2416.3483328038187,25.90949698127471
060809,Cajamarca,Sallique,1996,0.145894,0.0,0.2327760414472397,0.0515032071803654,2416.3483328038187,25.90949698127471
060809,Cajamarca,Sallique,1997,0.153,0.0,0.2327760414472397,0.0515032071803654,2416.3483328038187,25.90949698127471
060809,Cajamarca,Sallique,1998,0.150708,0.0,0.2327760414472397,0.0515032071803654,2416.3483328038187,25.90949698127471
060809,Cajamarca,Sallique,1999,0.163217,0.0,0.2327760414472397,0.0515032071803654,2416.3483328038187,25.90949698127471
060809,Cajamarca,Sallique,2000,0.165964,0.0,0.2327760414472397,0.0515032071803654,2416.3483328038187,25.90949698127471
060809,Cajamarca,Sallique,2001,0.166565,0.0,0.2327760414472397,0.0515032071803654,2416.3483328038187,25.90949698127471
060809,Cajamarca,Sallique,2002,0.18623,0.0,0.2327760414472397,0.0515032071803654,2416.3483328038187,25.90949698127471
060809,Cajamarca,Sallique,2003,0.188063,0.0,0.2327760414472397,0.0515032071803654,2416.3483328038187,25.90949698127471
060809,Cajamarca,Sallique,2004,0.172232,0.0,0.2327760414472397,0.0515032071803654,2416.3483328038187,25.90949698127471
060809,Cajamarca,Sallique,2005,0.174722,0.0,0.2327760414472397,0.0515032071803654,2416.3483328038187,25.90949698127471
060809,Cajamarca,Sallique,2006,0.161075,0.0,0.2327760414472397,0.0515032071803654,2416.3483328038187,25.90949698127471
060809,Cajamarca,Sallique,2007,0.167129,0.0,0.2327760414472397,0.0515032071803654,2416.3483328038187,25.90949698127471
060809,Cajamarca,Sallique,2008,0.179138,0.0,0.2327760414472397,0.0515032071803654,2416.3483328038187,25.90949698127471
060809,Cajamarca,Sallique,2009,0.177577,0.0,0.2327760414472397,0.0515032071803654,2416.3483328038187,25.90949698127471
060809,Cajamarca,Sallique,2010,0.169974,0.0,0.2327760414472397,0.0515032071803654,2416.3483328038187,25.90949698127471
060809,Cajamarca,Sallique,2011,0.185724,0.0,0.2327760414472397,0.0515032071803654,2416.3483328038187,25.90949698127471
060809,Cajamarca,Sallique,2012,0.19774,0.0,0.2327760414472397,0.0515032071803654,2416.3483328038187,25.90949698127471
060809,Cajamarca,Sallique,2013,0.171078,0.0,0.2327760414472397,0.0515032071803654,2416.3483328038187,25.90949698127471
060809,Cajamarca,Sallique,2014,0.163803,0.0,0.2327760414472397,0.0515032071803654,2416.3483328038187,25.90949698127471
060809,Cajamarca,Sallique,2015,0.160416,0.0,0.2327760414472397,0.0515032071803654,2416.3483328038187,25.90949698127471
060809,Cajamarca,Sallique,2016,0.175974,0.0,0.2327760414472397,0.0515032071803654,2416.3483328038187,25.90949698127471
060809,Cajamarca,Sallique,2017,0.179539,0.091403,0.2327760414472397,0.0515032071803654,2416.3483328038187,25.90949698127471
060809,Cajamarca,Sallique,2018,0.176086,0.091403,0.2327760414472397,0.0515032071803654,2416.3483328038187,25.90949698127471
060809,Cajamarca,Sallique,2019,0.170044,0.091403,0.2327760414472397,0.0515032071803654,2416.3483328038187,25.90949698127471
060809,Cajamarca,Sallique,2020,0.163516,0.091403,0.2327760414472397,0.0515032071803654,2416.3483328038187,25.90949698127471
060809,Cajamarca,Sallique,2021,0.174712,0.255554,0.2327760414472397,0.0515032071803654,2416.3483328038187,25.90949698127471
060809,Cajamarca,Sallique,2022,0.170518,0.255554,0.2327760414472397,0.0515032071803654,2416.3483328038187,25.90949698127471
060809,Cajamarca,Sallique,2023,0.168722,0.255554,0.2327760414472397,0.0515032071803654,2416.3483328038187,25.90949698127471
060809,Cajamarca,Sallique,2024,0.164175,0.255554,0.2327760414472397,0.0515032071803654,2416.3483328038187,25.90949698127471
060810,Cajamarca,San Felipe,1985,0.080882,0.0,0.1761433997087974,0.083578778820735,2131.0026126425328,24.40207731919257
060810,Cajamarca,San Felipe,1986,0.102345,0.0,0.1761433997087974,0.083578778820735,2131.0026126425328,24.40207731919257
060810,Cajamarca,San Felipe,1987,0.097096,0.0,0.1761433997087974,0.083578778820735,2131.0026126425328,24.40207731919257
060810,Cajamarca,San Felipe,1988,0.094585,0.0,0.1761433997087974,0.083578778820735,2131.0026126425328,24.40207731919257
060810,Cajamarca,San Felipe,1989,0.102838,0.0,0.1761433997087974,0.083578778820735,2131.0026126425328,24.40207731919257
060810,Cajamarca,San Felipe,1990,0.101487,0.0,0.1761433997087974,0.083578778820735,2131.0026126425328,24.40207731919257
060810,Cajamarca,San Felipe,1991,0.101455,0.0,0.1761433997087974,0.083578778820735,2131.0026126425328,24.40207731919257
060810,Cajamarca,San Felipe,1992,0.101452,0.0,0.1761433997087974,0.083578778820735,2131.0026126425328,24.40207731919257
060810,Cajamarca,San Felipe,1993,0.101403,0.0,0.1761433997087974,0.083578778820735,2131.0026126425328,24.40207731919257
060810,Cajamarca,San Felipe,1994,0.101118,0.0,0.1761433997087974,0.083578778820735,2131.0026126425328,24.40207731919257
060810,Cajamarca,San Felipe,1995,0.101198,0.0,0.1761433997087974,0.083578778820735,2131.0026126425328,24.40207731919257
060810,Cajamarca,San Felipe,1996,0.104554,0.0,0.1761433997087974,0.083578778820735,2131.0026126425328,24.40207731919257
060810,Cajamarca,San Felipe,1997,0.104057,0.0,0.1761433997087974,0.083578778820735,2131.0026126425328,24.40207731919257
060810,Cajamarca,San Felipe,1998,0.10223,0.0,0.1761433997087974,0.083578778820735,2131.0026126425328,24.40207731919257
060810,Cajamarca,San Felipe,1999,0.108284,0.0,0.1761433997087974,0.083578778820735,2131.0026126425328,24.40207731919257
060810,Cajamarca,San Felipe,2000,0.107954,0.0,0.1761433997087974,0.083578778820735,2131.0026126425328,24.40207731919257
060810,Cajamarca,San Felipe,2001,0.102685,0.0,0.1761433997087974,0.083578778820735,2131.0026126425328,24.40207731919257
060810,Cajamarca,San Felipe,2002,0.125996,0.0,0.1761433997087974,0.083578778820735,2131.0026126425328,24.40207731919257
060810,Cajamarca,San Felipe,2003,0.132568,0.0,0.1761433997087974,0.083578778820735,2131.0026126425328,24.40207731919257
060810,Cajamarca,San Felipe,2004,0.124631,0.0,0.1761433997087974,0.083578778820735,2131.0026126425328,24.40207731919257
060810,Cajamarca,San Felipe,2005,0.138619,0.0,0.1761433997087974,0.083578778820735,2131.0026126425328,24.40207731919257
060810,Cajamarca,San Felipe,2006,0.134739,0.0,0.1761433997087974,0.083578778820735,2131.0026126425328,24.40207731919257
060810,Cajamarca,San Felipe,2007,0.135979,0.0,0.1761433997087974,0.083578778820735,2131.0026126425328,24.40207731919257
060810,Cajamarca,San Felipe,2008,0.157716,0.0,0.1761433997087974,0.083578778820735,2131.0026126425328,24.40207731919257
060810,Cajamarca,San Felipe,2009,0.142839,0.0,0.1761433997087974,0.083578778820735,2131.0026126425328,24.40207731919257
060810,Cajamarca,San Felipe,2010,0.12981,0.0,0.1761433997087974,0.083578778820735,2131.0026126425328,24.40207731919257
060810,Cajamarca,San Felipe,2011,0.139831,0.0,0.1761433997087974,0.083578778820735,2131.0026126425328,24.40207731919257
060810,Cajamarca,San Felipe,2012,0.153805,0.0,0.1761433997087974,0.083578778820735,2131.0026126425328,24.40207731919257
060810,Cajamarca,San Felipe,2013,0.127698,0.0,0.1761433997087974,0.083578778820735,2131.0026126425328,24.40207731919257
060810,Cajamarca,San Felipe,2014,0.120497,0.0,0.1761433997087974,0.083578778820735,2131.0026126425328,24.40207731919257
060810,Cajamarca,San Felipe,2015,0.117965,0.0,0.1761433997087974,0.083578778820735,2131.0026126425328,24.40207731919257
060810,Cajamarca,San Felipe,2016,0.131189,0.0,0.1761433997087974,0.083578778820735,2131.0026126425328,24.40207731919257
060810,Cajamarca,San Felipe,2017,0.138348,0.007357,0.1761433997087974,0.083578778820735,2131.0026126425328,24.40207731919257
060810,Cajamarca,San Felipe,2018,0.134906,0.007357,0.1761433997087974,0.083578778820735,2131.0026126425328,24.40207731919257
060810,Cajamarca,San Felipe,2019,0.122623,0.083354,0.1761433997087974,0.083578778820735,2131.0026126425328,24.40207731919257
060810,Cajamarca,San Felipe,2020,0.118834,0.083354,0.1761433997087974,0.083578778820735,2131.0026126425328,24.40207731919257
060810,Cajamarca,San Felipe,2021,0.148119,0.083354,0.1761433997087974,0.083578778820735,2131.0026126425328,24.40207731919257
060810,Cajamarca,San Felipe,2022,0.124832,0.083354,0.1761433997087974,0.083578778820735,2131.0026126425328,24.40207731919257
060810,Cajamarca,San Felipe,2023,0.128341,0.083354,0.1761433997087974,0.083578778820735,2131.0026126425328,24.40207731919257
060810,Cajamarca,San Felipe,2024,0.127559,0.083354,0.1761433997087974,0.083578778820735,2131.0026126425328,24.40207731919257
060811,Cajamarca,San Jose Del Alto,1985,0.309,0.0,0.3160424243947457,0.0,1779.043928836036,25.31547619047619
060811,Cajamarca,San Jose Del Alto,1986,0.318748,0.0,0.3160424243947457,0.0,1779.043928836036,25.31547619047619
060811,Cajamarca,San Jose Del Alto,1987,0.352514,0.0,0.3160424243947457,0.0,1779.043928836036,25.31547619047619
060811,Cajamarca,San Jose Del Alto,1988,0.356458,0.0,0.3160424243947457,0.0,1779.043928836036,25.31547619047619
060811,Cajamarca,San Jose Del Alto,1989,0.369484,0.0,0.3160424243947457,0.0,1779.043928836036,25.31547619047619
060811,Cajamarca,San Jose Del Alto,1990,0.372174,0.0,0.3160424243947457,0.0,1779.043928836036,25.31547619047619
060811,Cajamarca,San Jose Del Alto,1991,0.370116,0.0,0.3160424243947457,0.0,1779.043928836036,25.31547619047619
060811,Cajamarca,San Jose Del Alto,1992,0.339725,0.0,0.3160424243947457,0.0,1779.043928836036,25.31547619047619
060811,Cajamarca,San Jose Del Alto,1993,0.336755,0.0,0.3160424243947457,0.0,1779.043928836036,25.31547619047619
060811,Cajamarca,San Jose Del Alto,1994,0.340246,0.0,0.3160424243947457,0.0,1779.043928836036,25.31547619047619
060811,Cajamarca,San Jose Del Alto,1995,0.338652,0.0,0.3160424243947457,0.0,1779.043928836036,25.31547619047619
060811,Cajamarca,San Jose Del Alto,1996,0.379321,0.0,0.3160424243947457,0.0,1779.043928836036,25.31547619047619
060811,Cajamarca,San Jose Del Alto,1997,0.405898,0.0,0.3160424243947457,0.0,1779.043928836036,25.31547619047619
060811,Cajamarca,San Jose Del Alto,1998,0.410618,0.0,0.3160424243947457,0.0,1779.043928836036,25.31547619047619
060811,Cajamarca,San Jose Del Alto,1999,0.413518,0.0,0.3160424243947457,0.0,1779.043928836036,25.31547619047619
060811,Cajamarca,San Jose Del Alto,2000,0.433908,0.0,0.3160424243947457,0.0,1779.043928836036,25.31547619047619
060811,Cajamarca,San Jose Del Alto,2001,0.432788,0.0,0.3160424243947457,0.0,1779.043928836036,25.31547619047619
060811,Cajamarca,San Jose Del Alto,2002,0.428993,0.0,0.3160424243947457,0.0,1779.043928836036,25.31547619047619
060811,Cajamarca,San Jose Del Alto,2003,0.43565,0.0,0.3160424243947457,0.0,1779.043928836036,25.31547619047619
060811,Cajamarca,San Jose Del Alto,2004,0.451861,0.0,0.3160424243947457,0.0,1779.043928836036,25.31547619047619
060811,Cajamarca,San Jose Del Alto,2005,0.456594,0.0,0.3160424243947457,0.0,1779.043928836036,25.31547619047619
060811,Cajamarca,San Jose Del Alto,2006,0.44595,0.0,0.3160424243947457,0.0,1779.043928836036,25.31547619047619
060811,Cajamarca,San Jose Del Alto,2007,0.446284,0.0,0.3160424243947457,0.0,1779.043928836036,25.31547619047619
060811,Cajamarca,San Jose Del Alto,2008,0.457992,0.0,0.3160424243947457,0.0,1779.043928836036,25.31547619047619
060811,Cajamarca,San Jose Del Alto,2009,0.463875,0.0,0.3160424243947457,0.0,1779.043928836036,25.31547619047619
060811,Cajamarca,San Jose Del Alto,2010,0.462759,0.0,0.3160424243947457,0.0,1779.043928836036,25.31547619047619
060811,Cajamarca,San Jose Del Alto,2011,0.465079,0.0,0.3160424243947457,0.0,1779.043928836036,25.31547619047619
060811,Cajamarca,San Jose Del Alto,2012,0.478297,0.0,0.3160424243947457,0.0,1779.043928836036,25.31547619047619
060811,Cajamarca,San Jose Del Alto,2013,0.465672,0.0,0.3160424243947457,0.0,1779.043928836036,25.31547619047619
060811,Cajamarca,San Jose Del Alto,2014,0.478165,0.0,0.3160424243947457,0.0,1779.043928836036,25.31547619047619
060811,Cajamarca,San Jose Del Alto,2015,0.470368,0.0,0.3160424243947457,0.0,1779.043928836036,25.31547619047619
060811,Cajamarca,San Jose Del Alto,2016,0.46551,0.0,0.3160424243947457,0.0,1779.043928836036,25.31547619047619
060811,Cajamarca,San Jose Del Alto,2017,0.468843,0.0,0.3160424243947457,0.0,1779.043928836036,25.31547619047619
060811,Cajamarca,San Jose Del Alto,2018,0.471632,0.0,0.3160424243947457,0.0,1779.043928836036,25.31547619047619
060811,Cajamarca,San Jose Del Alto,2019,0.479646,0.0,0.3160424243947457,0.0,1779.043928836036,25.31547619047619
060811,Cajamarca,San Jose Del Alto,2020,0.467205,0.0,0.3160424243947457,0.0,1779.043928836036,25.31547619047619
060811,Cajamarca,San Jose Del Alto,2021,0.475931,0.144431,0.3160424243947457,0.0,1779.043928836036,25.31547619047619
060811,Cajamarca,San Jose Del Alto,2022,0.477527,0.144431,0.3160424243947457,0.0,1779.043928836036,25.31547619047619
060811,Cajamarca,San Jose Del Alto,2023,0.438883,0.144431,0.3160424243947457,0.0,1779.043928836036,25.31547619047619
060811,Cajamarca,San Jose Del Alto,2024,0.452044,0.144431,0.3160424243947457,0.0,1779.043928836036,25.31547619047619
060812,Cajamarca,Santa Rosa,1985,0.610227,0.0,0.5393791849546642,0.0613766530909506,1067.1961357975506,17.998033653730335
060812,Cajamarca,Santa Rosa,1986,0.610227,0.0,0.5393791849546642,0.0613766530909506,1067.1961357975506,17.998033653730335
060812,Cajamarca,Santa Rosa,1987,0.640058,0.0,0.5393791849546642,0.0613766530909506,1067.1961357975506,17.998033653730335
060812,Cajamarca,Santa Rosa,1988,0.636664,0.0,0.5393791849546642,0.0613766530909506,1067.1961357975506,17.998033653730335
060812,Cajamarca,Santa Rosa,1989,0.633541,0.0,0.5393791849546642,0.0613766530909506,1067.1961357975506,17.998033653730335
060812,Cajamarca,Santa Rosa,1990,0.630012,0.0,0.5393791849546642,0.0613766530909506,1067.1961357975506,17.998033653730335
060812,Cajamarca,Santa Rosa,1991,0.632719,0.0,0.5393791849546642,0.0613766530909506,1067.1961357975506,17.998033653730335
060812,Cajamarca,Santa Rosa,1992,0.63221,0.0,0.5393791849546642,0.0613766530909506,1067.1961357975506,17.998033653730335
060812,Cajamarca,Santa Rosa,1993,0.6345,0.0,0.5393791849546642,0.0613766530909506,1067.1961357975506,17.998033653730335
060812,Cajamarca,Santa Rosa,1994,0.658151,0.0,0.5393791849546642,0.0613766530909506,1067.1961357975506,17.998033653730335
060812,Cajamarca,Santa Rosa,1995,0.665193,0.0,0.5393791849546642,0.0613766530909506,1067.1961357975506,17.998033653730335
060812,Cajamarca,Santa Rosa,1996,0.663406,0.0,0.5393791849546642,0.0613766530909506,1067.1961357975506,17.998033653730335
060812,Cajamarca,Santa Rosa,1997,0.666858,0.0,0.5393791849546642,0.0613766530909506,1067.1961357975506,17.998033653730335
060812,Cajamarca,Santa Rosa,1998,0.646639,0.0,0.5393791849546642,0.0613766530909506,1067.1961357975506,17.998033653730335
060812,Cajamarca,Santa Rosa,1999,0.647649,0.0,0.5393791849546642,0.0613766530909506,1067.1961357975506,17.998033653730335
060812,Cajamarca,Santa Rosa,2000,0.646258,0.0,0.5393791849546642,0.0613766530909506,1067.1961357975506,17.998033653730335
060812,Cajamarca,Santa Rosa,2001,0.625881,0.0,0.5393791849546642,0.0613766530909506,1067.1961357975506,17.998033653730335
060812,Cajamarca,Santa Rosa,2002,0.626291,0.0,0.5393791849546642,0.0613766530909506,1067.1961357975506,17.998033653730335
060812,Cajamarca,Santa Rosa,2003,0.626059,0.0,0.5393791849546642,0.0613766530909506,1067.1961357975506,17.998033653730335
060812,Cajamarca,Santa Rosa,2004,0.62441,0.0,0.5393791849546642,0.0613766530909506,1067.1961357975506,17.998033653730335
060812,Cajamarca,Santa Rosa,2005,0.627404,0.0,0.5393791849546642,0.0613766530909506,1067.1961357975506,17.998033653730335
060812,Cajamarca,Santa Rosa,2006,0.626437,0.0,0.5393791849546642,0.0613766530909506,1067.1961357975506,17.998033653730335
060812,Cajamarca,Santa Rosa,2007,0.627727,0.0,0.5393791849546642,0.0613766530909506,1067.1961357975506,17.998033653730335
060812,Cajamarca,Santa Rosa,2008,0.622927,0.0,0.5393791849546642,0.0613766530909506,1067.1961357975506,17.998033653730335
060812,Cajamarca,Santa Rosa,2009,0.629559,0.0,0.5393791849546642,0.0613766530909506,1067.1961357975506,17.998033653730335
060812,Cajamarca,Santa Rosa,2010,0.633982,0.0,0.5393791849546642,0.0613766530909506,1067.1961357975506,17.998033653730335
060812,Cajamarca,Santa Rosa,2011,0.637502,0.0,0.5393791849546642,0.0613766530909506,1067.1961357975506,17.998033653730335
060812,Cajamarca,Santa Rosa,2012,0.639125,0.0,0.5393791849546642,0.0613766530909506,1067.1961357975506,17.998033653730335
060812,Cajamarca,Santa Rosa,2013,0.632133,0.0,0.5393791849546642,0.0613766530909506,1067.1961357975506,17.998033653730335
060812,Cajamarca,Santa Rosa,2014,0.632324,0.0,0.5393791849546642,0.0613766530909506,1067.1961357975506,17.998033653730335
060812,Cajamarca,Santa Rosa,2015,0.623299,0.0,0.5393791849546642,0.0613766530909506,1067.1961357975506,17.998033653730335
060812,Cajamarca,Santa Rosa,2016,0.629408,0.0,0.5393791849546642,0.0613766530909506,1067.1961357975506,17.998033653730335
060812,Cajamarca,Santa Rosa,2017,0.639311,0.0,0.5393791849546642,0.0613766530909506,1067.1961357975506,17.998033653730335
060812,Cajamarca,Santa Rosa,2018,0.643422,0.0,0.5393791849546642,0.0613766530909506,1067.1961357975506,17.998033653730335
060812,Cajamarca,Santa Rosa,2019,0.634179,0.0,0.5393791849546642,0.0613766530909506,1067.1961357975506,17.998033653730335
060812,Cajamarca,Santa Rosa,2020,0.631489,0.0,0.5393791849546642,0.0613766530909506,1067.1961357975506,17.998033653730335
060812,Cajamarca,Santa Rosa,2021,0.62374,0.0,0.5393791849546642,0.0613766530909506,1067.1961357975506,17.998033653730335
060812,Cajamarca,Santa Rosa,2022,0.619616,0.0,0.5393791849546642,0.0613766530909506,1067.1961357975506,17.998033653730335
060812,Cajamarca,Santa Rosa,2023,0.618954,0.0,0.5393791849546642,0.0613766530909506,1067.1961357975506,17.998033653730335
060812,Cajamarca,Santa Rosa,2024,0.624576,0.0,0.5393791849546642,0.0613766530909506,1067.1961357975506,17.998033653730335
060901,Cajamarca,San Ignacio,1985,0.475059,0.0,0.7907506983447118,0.0175751939442494,1295.5834896162612,21.174424590043387
060901,Cajamarca,San Ignacio,1986,0.492739,0.0,0.7907506983447118,0.0175751939442494,1295.5834896162612,21.174424590043387
060901,Cajamarca,San Ignacio,1987,0.533598,0.0,0.7907506983447118,0.0175751939442494,1295.5834896162612,21.174424590043387
060901,Cajamarca,San Ignacio,1988,0.53397,0.0,0.7907506983447118,0.0175751939442494,1295.5834896162612,21.174424590043387
060901,Cajamarca,San Ignacio,1989,0.54705,0.0,0.7907506983447118,0.0175751939442494,1295.5834896162612,21.174424590043387
060901,Cajamarca,San Ignacio,1990,0.550708,0.0,0.7907506983447118,0.0175751939442494,1295.5834896162612,21.174424590043387
060901,Cajamarca,San Ignacio,1991,0.530762,0.0,0.7907506983447118,0.0175751939442494,1295.5834896162612,21.174424590043387
060901,Cajamarca,San Ignacio,1992,0.511154,0.0,0.7907506983447118,0.0175751939442494,1295.5834896162612,21.174424590043387
060901,Cajamarca,San Ignacio,1993,0.509776,0.0,0.7907506983447118,0.0175751939442494,1295.5834896162612,21.174424590043387
060901,Cajamarca,San Ignacio,1994,0.509939,0.0,0.7907506983447118,0.0175751939442494,1295.5834896162612,21.174424590043387
060901,Cajamarca,San Ignacio,1995,0.511252,0.0,0.7907506983447118,0.0175751939442494,1295.5834896162612,21.174424590043387
060901,Cajamarca,San Ignacio,1996,0.571846,0.0,0.7907506983447118,0.0175751939442494,1295.5834896162612,21.174424590043387
060901,Cajamarca,San Ignacio,1997,0.607329,0.0,0.7907506983447118,0.0175751939442494,1295.5834896162612,21.174424590043387
060901,Cajamarca,San Ignacio,1998,0.589576,0.0,0.7907506983447118,0.0175751939442494,1295.5834896162612,21.174424590043387
060901,Cajamarca,San Ignacio,1999,0.599255,0.0,0.7907506983447118,0.0175751939442494,1295.5834896162612,21.174424590043387
060901,Cajamarca,San Ignacio,2000,0.607491,0.0,0.7907506983447118,0.0175751939442494,1295.5834896162612,21.174424590043387
060901,Cajamarca,San Ignacio,2001,0.615207,0.0,0.7907506983447118,0.0175751939442494,1295.5834896162612,21.174424590043387
060901,Cajamarca,San Ignacio,2002,0.61387,0.0,0.7907506983447118,0.0175751939442494,1295.5834896162612,21.174424590043387
060901,Cajamarca,San Ignacio,2003,0.620663,0.0,0.7907506983447118,0.0175751939442494,1295.5834896162612,21.174424590043387
060901,Cajamarca,San Ignacio,2004,0.629729,0.0,0.7907506983447118,0.0175751939442494,1295.5834896162612,21.174424590043387
060901,Cajamarca,San Ignacio,2005,0.628444,0.0,0.7907506983447118,0.0175751939442494,1295.5834896162612,21.174424590043387
060901,Cajamarca,San Ignacio,2006,0.615342,0.0,0.7907506983447118,0.0175751939442494,1295.5834896162612,21.174424590043387
060901,Cajamarca,San Ignacio,2007,0.610189,0.0,0.7907506983447118,0.0175751939442494,1295.5834896162612,21.174424590043387
060901,Cajamarca,San Ignacio,2008,0.620998,0.0,0.7907506983447118,0.0175751939442494,1295.5834896162612,21.174424590043387
060901,Cajamarca,San Ignacio,2009,0.624471,0.0,0.7907506983447118,0.0175751939442494,1295.5834896162612,21.174424590043387
060901,Cajamarca,San Ignacio,2010,0.626316,0.0,0.7907506983447118,0.0175751939442494,1295.5834896162612,21.174424590043387
060901,Cajamarca,San Ignacio,2011,0.640641,0.0,0.7907506983447118,0.0175751939442494,1295.5834896162612,21.174424590043387
060901,Cajamarca,San Ignacio,2012,0.6345,0.0,0.7907506983447118,0.0175751939442494,1295.5834896162612,21.174424590043387
060901,Cajamarca,San Ignacio,2013,0.637848,0.0,0.7907506983447118,0.0175751939442494,1295.5834896162612,21.174424590043387
060901,Cajamarca,San Ignacio,2014,0.654556,0.0,0.7907506983447118,0.0175751939442494,1295.5834896162612,21.174424590043387
060901,Cajamarca,San Ignacio,2015,0.64803,0.0,0.7907506983447118,0.0175751939442494,1295.5834896162612,21.174424590043387
060901,Cajamarca,San Ignacio,2016,0.659991,0.0,0.7907506983447118,0.0175751939442494,1295.5834896162612,21.174424590043387
060901,Cajamarca,San Ignacio,2017,0.63224,0.0,0.7907506983447118,0.0175751939442494,1295.5834896162612,21.174424590043387
060901,Cajamarca,San Ignacio,2018,0.631765,0.0,0.7907506983447118,0.0175751939442494,1295.5834896162612,21.174424590043387
060901,Cajamarca,San Ignacio,2019,0.629692,0.036734,0.7907506983447118,0.0175751939442494,1295.5834896162612,21.174424590043387
060901,Cajamarca,San Ignacio,2020,0.621408,0.036734,0.7907506983447118,0.0175751939442494,1295.5834896162612,21.174424590043387
060901,Cajamarca,San Ignacio,2021,0.638076,0.036734,0.7907506983447118,0.0175751939442494,1295.5834896162612,21.174424590043387
060901,Cajamarca,San Ignacio,2022,0.63625,0.036734,0.7907506983447118,0.0175751939442494,1295.5834896162612,21.174424590043387
060901,Cajamarca,San Ignacio,2023,0.563832,0.036734,0.7907506983447118,0.0175751939442494,1295.5834896162612,21.174424590043387
060901,Cajamarca,San Ignacio,2024,0.577132,0.036734,0.7907506983447118,0.0175751939442494,1295.5834896162612,21.174424590043387
060902,Cajamarca,Chirinos,1985,0.466028,0.0,0.7228812578565643,0.0544801815211462,1193.2115071727087,19.376185792320985
060902,Cajamarca,Chirinos,1986,0.477886,0.0,0.7228812578565643,0.0544801815211462,1193.2115071727087,19.376185792320985
060902,Cajamarca,Chirinos,1987,0.461279,0.0,0.7228812578565643,0.0544801815211462,1193.2115071727087,19.376185792320985
060902,Cajamarca,Chirinos,1988,0.466731,0.0,0.7228812578565643,0.0544801815211462,1193.2115071727087,19.376185792320985
060902,Cajamarca,Chirinos,1989,0.463846,0.0,0.7228812578565643,0.0544801815211462,1193.2115071727087,19.376185792320985
060902,Cajamarca,Chirinos,1990,0.458927,0.0,0.7228812578565643,0.0544801815211462,1193.2115071727087,19.376185792320985
060902,Cajamarca,Chirinos,1991,0.479532,0.0,0.7228812578565643,0.0544801815211462,1193.2115071727087,19.376185792320985
060902,Cajamarca,Chirinos,1992,0.462293,0.0,0.7228812578565643,0.0544801815211462,1193.2115071727087,19.376185792320985
060902,Cajamarca,Chirinos,1993,0.454836,0.0,0.7228812578565643,0.0544801815211462,1193.2115071727087,19.376185792320985
060902,Cajamarca,Chirinos,1994,0.466371,0.0,0.7228812578565643,0.0544801815211462,1193.2115071727087,19.376185792320985
060902,Cajamarca,Chirinos,1995,0.487131,0.0,0.7228812578565643,0.0544801815211462,1193.2115071727087,19.376185792320985
060902,Cajamarca,Chirinos,1996,0.491388,0.0,0.7228812578565643,0.0544801815211462,1193.2115071727087,19.376185792320985
060902,Cajamarca,Chirinos,1997,0.482437,0.0,0.7228812578565643,0.0544801815211462,1193.2115071727087,19.376185792320985
060902,Cajamarca,Chirinos,1998,0.486796,0.0,0.7228812578565643,0.0544801815211462,1193.2115071727087,19.376185792320985
060902,Cajamarca,Chirinos,1999,0.520428,0.0,0.7228812578565643,0.0544801815211462,1193.2115071727087,19.376185792320985
060902,Cajamarca,Chirinos,2000,0.527836,0.0,0.7228812578565643,0.0544801815211462,1193.2115071727087,19.376185792320985
060902,Cajamarca,Chirinos,2001,0.51114,0.0,0.7228812578565643,0.0544801815211462,1193.2115071727087,19.376185792320985
060902,Cajamarca,Chirinos,2002,0.519639,0.0,0.7228812578565643,0.0544801815211462,1193.2115071727087,19.376185792320985
060902,Cajamarca,Chirinos,2003,0.515934,0.0,0.7228812578565643,0.0544801815211462,1193.2115071727087,19.376185792320985
060902,Cajamarca,Chirinos,2004,0.514105,0.0,0.7228812578565643,0.0544801815211462,1193.2115071727087,19.376185792320985
060902,Cajamarca,Chirinos,2005,0.526715,0.0,0.7228812578565643,0.0544801815211462,1193.2115071727087,19.376185792320985
060902,Cajamarca,Chirinos,2006,0.547363,0.0,0.7228812578565643,0.0544801815211462,1193.2115071727087,19.376185792320985
060902,Cajamarca,Chirinos,2007,0.564028,0.0,0.7228812578565643,0.0544801815211462,1193.2115071727087,19.376185792320985
060902,Cajamarca,Chirinos,2008,0.576991,0.0,0.7228812578565643,0.0544801815211462,1193.2115071727087,19.376185792320985
060902,Cajamarca,Chirinos,2009,0.578548,0.0,0.7228812578565643,0.0544801815211462,1193.2115071727087,19.376185792320985
060902,Cajamarca,Chirinos,2010,0.574827,0.0,0.7228812578565643,0.0544801815211462,1193.2115071727087,19.376185792320985
060902,Cajamarca,Chirinos,2011,0.581408,0.0,0.7228812578565643,0.0544801815211462,1193.2115071727087,19.376185792320985
060902,Cajamarca,Chirinos,2012,0.58399,0.0,0.7228812578565643,0.0544801815211462,1193.2115071727087,19.376185792320985
060902,Cajamarca,Chirinos,2013,0.578147,0.0,0.7228812578565643,0.0544801815211462,1193.2115071727087,19.376185792320985
060902,Cajamarca,Chirinos,2014,0.581182,0.0,0.7228812578565643,0.0544801815211462,1193.2115071727087,19.376185792320985
060902,Cajamarca,Chirinos,2015,0.559561,0.0,0.7228812578565643,0.0544801815211462,1193.2115071727087,19.376185792320985
060902,Cajamarca,Chirinos,2016,0.56718,0.0,0.7228812578565643,0.0544801815211462,1193.2115071727087,19.376185792320985
060902,Cajamarca,Chirinos,2017,0.562771,0.0,0.7228812578565643,0.0544801815211462,1193.2115071727087,19.376185792320985
060902,Cajamarca,Chirinos,2018,0.554712,0.0,0.7228812578565643,0.0544801815211462,1193.2115071727087,19.376185792320985
060902,Cajamarca,Chirinos,2019,0.544266,0.040808,0.7228812578565643,0.0544801815211462,1193.2115071727087,19.376185792320985
060902,Cajamarca,Chirinos,2020,0.550383,0.040808,0.7228812578565643,0.0544801815211462,1193.2115071727087,19.376185792320985
060902,Cajamarca,Chirinos,2021,0.556619,0.040808,0.7228812578565643,0.0544801815211462,1193.2115071727087,19.376185792320985
060902,Cajamarca,Chirinos,2022,0.555368,0.040808,0.7228812578565643,0.0544801815211462,1193.2115071727087,19.376185792320985
060902,Cajamarca,Chirinos,2023,0.484915,0.040808,0.7228812578565643,0.0544801815211462,1193.2115071727087,19.376185792320985
060902,Cajamarca,Chirinos,2024,0.492704,0.040808,0.7228812578565643,0.0544801815211462,1193.2115071727087,19.376185792320985
060903,Cajamarca,Huarango,1985,0.251963,0.0,0.2913971175803383,0.0127858568902407,1427.6046526900416,19.82789147985485
060903,Cajamarca,Huarango,1986,0.253985,0.0,0.2913971175803383,0.0127858568902407,1427.6046526900416,19.82789147985485
060903,Cajamarca,Huarango,1987,0.287281,0.0,0.2913971175803383,0.0127858568902407,1427.6046526900416,19.82789147985485
060903,Cajamarca,Huarango,1988,0.287469,0.0,0.2913971175803383,0.0127858568902407,1427.6046526900416,19.82789147985485
060903,Cajamarca,Huarango,1989,0.282168,0.0,0.2913971175803383,0.0127858568902407,1427.6046526900416,19.82789147985485
060903,Cajamarca,Huarango,1990,0.280946,0.0,0.2913971175803383,0.0127858568902407,1427.6046526900416,19.82789147985485
060903,Cajamarca,Huarango,1991,0.284499,0.0,0.2913971175803383,0.0127858568902407,1427.6046526900416,19.82789147985485
060903,Cajamarca,Huarango,1992,0.27589,0.0,0.2913971175803383,0.0127858568902407,1427.6046526900416,19.82789147985485
060903,Cajamarca,Huarango,1993,0.269849,0.0,0.2913971175803383,0.0127858568902407,1427.6046526900416,19.82789147985485
060903,Cajamarca,Huarango,1994,0.273075,0.0,0.2913971175803383,0.0127858568902407,1427.6046526900416,19.82789147985485
060903,Cajamarca,Huarango,1995,0.276403,0.0,0.2913971175803383,0.0127858568902407,1427.6046526900416,19.82789147985485
060903,Cajamarca,Huarango,1996,0.283268,0.0,0.2913971175803383,0.0127858568902407,1427.6046526900416,19.82789147985485
060903,Cajamarca,Huarango,1997,0.286272,0.0,0.2913971175803383,0.0127858568902407,1427.6046526900416,19.82789147985485
060903,Cajamarca,Huarango,1998,0.29461,0.0,0.2913971175803383,0.0127858568902407,1427.6046526900416,19.82789147985485
060903,Cajamarca,Huarango,1999,0.310762,0.0,0.2913971175803383,0.0127858568902407,1427.6046526900416,19.82789147985485
060903,Cajamarca,Huarango,2000,0.315604,0.0,0.2913971175803383,0.0127858568902407,1427.6046526900416,19.82789147985485
060903,Cajamarca,Huarango,2001,0.307262,0.0,0.2913971175803383,0.0127858568902407,1427.6046526900416,19.82789147985485
060903,Cajamarca,Huarango,2002,0.311924,0.0,0.2913971175803383,0.0127858568902407,1427.6046526900416,19.82789147985485
060903,Cajamarca,Huarango,2003,0.300299,0.0,0.2913971175803383,0.0127858568902407,1427.6046526900416,19.82789147985485
060903,Cajamarca,Huarango,2004,0.303076,0.0,0.2913971175803383,0.0127858568902407,1427.6046526900416,19.82789147985485
060903,Cajamarca,Huarango,2005,0.308353,0.0,0.2913971175803383,0.0127858568902407,1427.6046526900416,19.82789147985485
060903,Cajamarca,Huarango,2006,0.318993,0.0,0.2913971175803383,0.0127858568902407,1427.6046526900416,19.82789147985485
060903,Cajamarca,Huarango,2007,0.331877,0.0,0.2913971175803383,0.0127858568902407,1427.6046526900416,19.82789147985485
060903,Cajamarca,Huarango,2008,0.328563,0.0,0.2913971175803383,0.0127858568902407,1427.6046526900416,19.82789147985485
060903,Cajamarca,Huarango,2009,0.33002,0.0,0.2913971175803383,0.0127858568902407,1427.6046526900416,19.82789147985485
060903,Cajamarca,Huarango,2010,0.327934,0.0,0.2913971175803383,0.0127858568902407,1427.6046526900416,19.82789147985485
060903,Cajamarca,Huarango,2011,0.328316,0.0,0.2913971175803383,0.0127858568902407,1427.6046526900416,19.82789147985485
060903,Cajamarca,Huarango,2012,0.322334,0.0,0.2913971175803383,0.0127858568902407,1427.6046526900416,19.82789147985485
060903,Cajamarca,Huarango,2013,0.310916,0.0,0.2913971175803383,0.0127858568902407,1427.6046526900416,19.82789147985485
060903,Cajamarca,Huarango,2014,0.310693,0.0,0.2913971175803383,0.0127858568902407,1427.6046526900416,19.82789147985485
060903,Cajamarca,Huarango,2015,0.299007,0.0,0.2913971175803383,0.0127858568902407,1427.6046526900416,19.82789147985485
060903,Cajamarca,Huarango,2016,0.303893,0.0,0.2913971175803383,0.0127858568902407,1427.6046526900416,19.82789147985485
060903,Cajamarca,Huarango,2017,0.306256,0.0,0.2913971175803383,0.0127858568902407,1427.6046526900416,19.82789147985485
060903,Cajamarca,Huarango,2018,0.307758,0.0,0.2913971175803383,0.0127858568902407,1427.6046526900416,19.82789147985485
060903,Cajamarca,Huarango,2019,0.300968,0.0,0.2913971175803383,0.0127858568902407,1427.6046526900416,19.82789147985485
060903,Cajamarca,Huarango,2020,0.302878,0.0,0.2913971175803383,0.0127858568902407,1427.6046526900416,19.82789147985485
060903,Cajamarca,Huarango,2021,0.307215,0.0,0.2913971175803383,0.0127858568902407,1427.6046526900416,19.82789147985485
060903,Cajamarca,Huarango,2022,0.304331,0.0,0.2913971175803383,0.0127858568902407,1427.6046526900416,19.82789147985485
060903,Cajamarca,Huarango,2023,0.29722,0.0,0.2913971175803383,0.0127858568902407,1427.6046526900416,19.82789147985485
060903,Cajamarca,Huarango,2024,0.300738,0.0,0.2913971175803383,0.0127858568902407,1427.6046526900416,19.82789147985485
060904,Cajamarca,La Coipa,1985,0.375232,0.0,0.7665317866655343,0.0,1473.729672549263,22.57160926902701
060904,Cajamarca,La Coipa,1986,0.40048,0.0,0.7665317866655343,0.0,1473.729672549263,22.57160926902701
060904,Cajamarca,La Coipa,1987,0.441285,0.0,0.7665317866655343,0.0,1473.729672549263,22.57160926902701
060904,Cajamarca,La Coipa,1988,0.447556,0.0,0.7665317866655343,0.0,1473.729672549263,22.57160926902701
060904,Cajamarca,La Coipa,1989,0.485818,0.0,0.7665317866655343,0.0,1473.729672549263,22.57160926902701
060904,Cajamarca,La Coipa,1990,0.47943,0.0,0.7665317866655343,0.0,1473.729672549263,22.57160926902701
060904,Cajamarca,La Coipa,1991,0.444707,0.0,0.7665317866655343,0.0,1473.729672549263,22.57160926902701
060904,Cajamarca,La Coipa,1992,0.416147,0.0,0.7665317866655343,0.0,1473.729672549263,22.57160926902701
060904,Cajamarca,La Coipa,1993,0.407889,0.0,0.7665317866655343,0.0,1473.729672549263,22.57160926902701
060904,Cajamarca,La Coipa,1994,0.411946,0.0,0.7665317866655343,0.0,1473.729672549263,22.57160926902701
060904,Cajamarca,La Coipa,1995,0.421226,0.0,0.7665317866655343,0.0,1473.729672549263,22.57160926902701
060904,Cajamarca,La Coipa,1996,0.46406,0.0,0.7665317866655343,0.0,1473.729672549263,22.57160926902701
060904,Cajamarca,La Coipa,1997,0.478132,0.0,0.7665317866655343,0.0,1473.729672549263,22.57160926902701
060904,Cajamarca,La Coipa,1998,0.495676,0.0,0.7665317866655343,0.0,1473.729672549263,22.57160926902701
060904,Cajamarca,La Coipa,1999,0.51352,0.0,0.7665317866655343,0.0,1473.729672549263,22.57160926902701
060904,Cajamarca,La Coipa,2000,0.521349,0.0,0.7665317866655343,0.0,1473.729672549263,22.57160926902701
060904,Cajamarca,La Coipa,2001,0.52296,0.0,0.7665317866655343,0.0,1473.729672549263,22.57160926902701
060904,Cajamarca,La Coipa,2002,0.522896,0.0,0.7665317866655343,0.0,1473.729672549263,22.57160926902701
060904,Cajamarca,La Coipa,2003,0.526399,0.0,0.7665317866655343,0.0,1473.729672549263,22.57160926902701
060904,Cajamarca,La Coipa,2004,0.528067,0.0,0.7665317866655343,0.0,1473.729672549263,22.57160926902701
060904,Cajamarca,La Coipa,2005,0.52808,0.0,0.7665317866655343,0.0,1473.729672549263,22.57160926902701
060904,Cajamarca,La Coipa,2006,0.530963,0.0,0.7665317866655343,0.0,1473.729672549263,22.57160926902701
060904,Cajamarca,La Coipa,2007,0.524944,0.0,0.7665317866655343,0.0,1473.729672549263,22.57160926902701
060904,Cajamarca,La Coipa,2008,0.534708,0.0,0.7665317866655343,0.0,1473.729672549263,22.57160926902701
060904,Cajamarca,La Coipa,2009,0.533084,0.0,0.7665317866655343,0.0,1473.729672549263,22.57160926902701
060904,Cajamarca,La Coipa,2010,0.52821,0.0,0.7665317866655343,0.0,1473.729672549263,22.57160926902701
060904,Cajamarca,La Coipa,2011,0.521796,0.0,0.7665317866655343,0.0,1473.729672549263,22.57160926902701
060904,Cajamarca,La Coipa,2012,0.537412,0.0,0.7665317866655343,0.0,1473.729672549263,22.57160926902701
060904,Cajamarca,La Coipa,2013,0.553713,0.0,0.7665317866655343,0.0,1473.729672549263,22.57160926902701
060904,Cajamarca,La Coipa,2014,0.58367,0.0,0.7665317866655343,0.0,1473.729672549263,22.57160926902701
060904,Cajamarca,La Coipa,2015,0.580108,0.0,0.7665317866655343,0.0,1473.729672549263,22.57160926902701
060904,Cajamarca,La Coipa,2016,0.572882,0.0,0.7665317866655343,0.0,1473.729672549263,22.57160926902701
060904,Cajamarca,La Coipa,2017,0.566005,0.0,0.7665317866655343,0.0,1473.729672549263,22.57160926902701
060904,Cajamarca,La Coipa,2018,0.571031,0.0,0.7665317866655343,0.0,1473.729672549263,22.57160926902701
060904,Cajamarca,La Coipa,2019,0.577043,0.06732,0.7665317866655343,0.0,1473.729672549263,22.57160926902701
060904,Cajamarca,La Coipa,2020,0.554655,0.06732,0.7665317866655343,0.0,1473.729672549263,22.57160926902701
060904,Cajamarca,La Coipa,2021,0.556867,0.06732,0.7665317866655343,0.0,1473.729672549263,22.57160926902701
060904,Cajamarca,La Coipa,2022,0.568157,0.06732,0.7665317866655343,0.0,1473.729672549263,22.57160926902701
060904,Cajamarca,La Coipa,2023,0.499778,0.06732,0.7665317866655343,0.0,1473.729672549263,22.57160926902701
060904,Cajamarca,La Coipa,2024,0.509227,0.06732,0.7665317866655343,0.0,1473.729672549263,22.57160926902701
060905,Cajamarca,Namballe,1985,0.214698,0.0,0.2605537314468907,0.0031114121771022,1988.5237150575329,25.167111566762344
060905,Cajamarca,Namballe,1986,0.215071,0.0,0.2605537314468907,0.0031114121771022,1988.5237150575329,25.167111566762344
060905,Cajamarca,Namballe,1987,0.239854,0.0,0.2605537314468907,0.0031114121771022,1988.5237150575329,25.167111566762344
060905,Cajamarca,Namballe,1988,0.238832,0.354845,0.2605537314468907,0.0031114121771022,1988.5237150575329,25.167111566762344
060905,Cajamarca,Namballe,1989,0.260714,0.354845,0.2605537314468907,0.0031114121771022,1988.5237150575329,25.167111566762344
060905,Cajamarca,Namballe,1990,0.264444,0.354845,0.2605537314468907,0.0031114121771022,1988.5237150575329,25.167111566762344
060905,Cajamarca,Namballe,1991,0.254402,0.354845,0.2605537314468907,0.0031114121771022,1988.5237150575329,25.167111566762344
060905,Cajamarca,Namballe,1992,0.254433,0.354845,0.2605537314468907,0.0031114121771022,1988.5237150575329,25.167111566762344
060905,Cajamarca,Namballe,1993,0.254402,0.354845,0.2605537314468907,0.0031114121771022,1988.5237150575329,25.167111566762344
060905,Cajamarca,Namballe,1994,0.25437,0.354845,0.2605537314468907,0.0031114121771022,1988.5237150575329,25.167111566762344
060905,Cajamarca,Namballe,1995,0.254365,0.354845,0.2605537314468907,0.0031114121771022,1988.5237150575329,25.167111566762344
060905,Cajamarca,Namballe,1996,0.29898,0.354845,0.2605537314468907,0.0031114121771022,1988.5237150575329,25.167111566762344
060905,Cajamarca,Namballe,1997,0.312098,0.354845,0.2605537314468907,0.0031114121771022,1988.5237150575329,25.167111566762344
060905,Cajamarca,Namballe,1998,0.309581,0.354845,0.2605537314468907,0.0031114121771022,1988.5237150575329,25.167111566762344
060905,Cajamarca,Namballe,1999,0.315959,0.354845,0.2605537314468907,0.0031114121771022,1988.5237150575329,25.167111566762344
060905,Cajamarca,Namballe,2000,0.314394,0.354845,0.2605537314468907,0.0031114121771022,1988.5237150575329,25.167111566762344
060905,Cajamarca,Namballe,2001,0.324794,0.354845,0.2605537314468907,0.0031114121771022,1988.5237150575329,25.167111566762344
060905,Cajamarca,Namballe,2002,0.308706,0.354845,0.2605537314468907,0.0031114121771022,1988.5237150575329,25.167111566762344
060905,Cajamarca,Namballe,2003,0.309874,0.354845,0.2605537314468907,0.0031114121771022,1988.5237150575329,25.167111566762344
060905,Cajamarca,Namballe,2004,0.311995,0.354845,0.2605537314468907,0.0031114121771022,1988.5237150575329,25.167111566762344
060905,Cajamarca,Namballe,2005,0.316914,0.354845,0.2605537314468907,0.0031114121771022,1988.5237150575329,25.167111566762344
060905,Cajamarca,Namballe,2006,0.31692,0.354845,0.2605537314468907,0.0031114121771022,1988.5237150575329,25.167111566762344
060905,Cajamarca,Namballe,2007,0.3285,0.354845,0.2605537314468907,0.0031114121771022,1988.5237150575329,25.167111566762344
060905,Cajamarca,Namballe,2008,0.339941,0.354845,0.2605537314468907,0.0031114121771022,1988.5237150575329,25.167111566762344
060905,Cajamarca,Namballe,2009,0.344654,0.354845,0.2605537314468907,0.0031114121771022,1988.5237150575329,25.167111566762344
060905,Cajamarca,Namballe,2010,0.349887,0.354845,0.2605537314468907,0.0031114121771022,1988.5237150575329,25.167111566762344
060905,Cajamarca,Namballe,2011,0.353661,0.354845,0.2605537314468907,0.0031114121771022,1988.5237150575329,25.167111566762344
060905,Cajamarca,Namballe,2012,0.346101,0.354845,0.2605537314468907,0.0031114121771022,1988.5237150575329,25.167111566762344
060905,Cajamarca,Namballe,2013,0.353565,0.354845,0.2605537314468907,0.0031114121771022,1988.5237150575329,25.167111566762344
060905,Cajamarca,Namballe,2014,0.354232,0.354845,0.2605537314468907,0.0031114121771022,1988.5237150575329,25.167111566762344
060905,Cajamarca,Namballe,2015,0.339921,0.354845,0.2605537314468907,0.0031114121771022,1988.5237150575329,25.167111566762344
060905,Cajamarca,Namballe,2016,0.332959,0.354845,0.2605537314468907,0.0031114121771022,1988.5237150575329,25.167111566762344
060905,Cajamarca,Namballe,2017,0.327268,0.354845,0.2605537314468907,0.0031114121771022,1988.5237150575329,25.167111566762344
060905,Cajamarca,Namballe,2018,0.326174,0.354845,0.2605537314468907,0.0031114121771022,1988.5237150575329,25.167111566762344
060905,Cajamarca,Namballe,2019,0.325327,0.541075,0.2605537314468907,0.0031114121771022,1988.5237150575329,25.167111566762344
060905,Cajamarca,Namballe,2020,0.326844,0.541075,0.2605537314468907,0.0031114121771022,1988.5237150575329,25.167111566762344
060905,Cajamarca,Namballe,2021,0.338549,0.541075,0.2605537314468907,0.0031114121771022,1988.5237150575329,25.167111566762344
060905,Cajamarca,Namballe,2022,0.343947,0.541075,0.2605537314468907,0.0031114121771022,1988.5237150575329,25.167111566762344
060905,Cajamarca,Namballe,2023,0.297997,0.541075,0.2605537314468907,0.0031114121771022,1988.5237150575329,25.167111566762344
060905,Cajamarca,Namballe,2024,0.312297,0.541075,0.2605537314468907,0.0031114121771022,1988.5237150575329,25.167111566762344
060907,Cajamarca,Tabaconas,1985,0.175965,0.0,0.1883671317260873,0.0,2247.3821730354216,26.72921297601574
060907,Cajamarca,Tabaconas,1986,0.176687,0.0,0.1883671317260873,0.0,2247.3821730354216,26.72921297601574
060907,Cajamarca,Tabaconas,1987,0.195802,0.0,0.1883671317260873,0.0,2247.3821730354216,26.72921297601574
060907,Cajamarca,Tabaconas,1988,0.198523,0.124004,0.1883671317260873,0.0,2247.3821730354216,26.72921297601574
060907,Cajamarca,Tabaconas,1989,0.214793,0.124004,0.1883671317260873,0.0,2247.3821730354216,26.72921297601574
060907,Cajamarca,Tabaconas,1990,0.214804,0.124004,0.1883671317260873,0.0,2247.3821730354216,26.72921297601574
060907,Cajamarca,Tabaconas,1991,0.204849,0.124004,0.1883671317260873,0.0,2247.3821730354216,26.72921297601574
060907,Cajamarca,Tabaconas,1992,0.204861,0.124004,0.1883671317260873,0.0,2247.3821730354216,26.72921297601574
060907,Cajamarca,Tabaconas,1993,0.204851,0.124004,0.1883671317260873,0.0,2247.3821730354216,26.72921297601574
060907,Cajamarca,Tabaconas,1994,0.204844,0.124004,0.1883671317260873,0.0,2247.3821730354216,26.72921297601574
060907,Cajamarca,Tabaconas,1995,0.204847,0.124004,0.1883671317260873,0.0,2247.3821730354216,26.72921297601574
060907,Cajamarca,Tabaconas,1996,0.224716,0.124004,0.1883671317260873,0.0,2247.3821730354216,26.72921297601574
060907,Cajamarca,Tabaconas,1997,0.237803,0.124004,0.1883671317260873,0.0,2247.3821730354216,26.72921297601574
060907,Cajamarca,Tabaconas,1998,0.241284,0.124004,0.1883671317260873,0.0,2247.3821730354216,26.72921297601574
060907,Cajamarca,Tabaconas,1999,0.245912,0.124004,0.1883671317260873,0.0,2247.3821730354216,26.72921297601574
060907,Cajamarca,Tabaconas,2000,0.24396,0.124004,0.1883671317260873,0.0,2247.3821730354216,26.72921297601574
060907,Cajamarca,Tabaconas,2001,0.25145,0.124004,0.1883671317260873,0.0,2247.3821730354216,26.72921297601574
060907,Cajamarca,Tabaconas,2002,0.246705,0.124004,0.1883671317260873,0.0,2247.3821730354216,26.72921297601574
060907,Cajamarca,Tabaconas,2003,0.244521,0.124004,0.1883671317260873,0.0,2247.3821730354216,26.72921297601574
060907,Cajamarca,Tabaconas,2004,0.257952,0.124004,0.1883671317260873,0.0,2247.3821730354216,26.72921297601574
060907,Cajamarca,Tabaconas,2005,0.25634,0.124004,0.1883671317260873,0.0,2247.3821730354216,26.72921297601574
060907,Cajamarca,Tabaconas,2006,0.248997,0.124004,0.1883671317260873,0.0,2247.3821730354216,26.72921297601574
060907,Cajamarca,Tabaconas,2007,0.254554,0.124004,0.1883671317260873,0.0,2247.3821730354216,26.72921297601574
060907,Cajamarca,Tabaconas,2008,0.260846,0.124004,0.1883671317260873,0.0,2247.3821730354216,26.72921297601574
060907,Cajamarca,Tabaconas,2009,0.259086,0.124004,0.1883671317260873,0.0,2247.3821730354216,26.72921297601574
060907,Cajamarca,Tabaconas,2010,0.257338,0.124004,0.1883671317260873,0.0,2247.3821730354216,26.72921297601574
060907,Cajamarca,Tabaconas,2011,0.258621,0.124004,0.1883671317260873,0.0,2247.3821730354216,26.72921297601574
060907,Cajamarca,Tabaconas,2012,0.262333,0.124004,0.1883671317260873,0.0,2247.3821730354216,26.72921297601574
060907,Cajamarca,Tabaconas,2013,0.25643,0.124004,0.1883671317260873,0.0,2247.3821730354216,26.72921297601574
060907,Cajamarca,Tabaconas,2014,0.269941,0.124004,0.1883671317260873,0.0,2247.3821730354216,26.72921297601574
060907,Cajamarca,Tabaconas,2015,0.263561,0.124004,0.1883671317260873,0.0,2247.3821730354216,26.72921297601574
060907,Cajamarca,Tabaconas,2016,0.256744,0.124004,0.1883671317260873,0.0,2247.3821730354216,26.72921297601574
060907,Cajamarca,Tabaconas,2017,0.249558,0.124004,0.1883671317260873,0.0,2247.3821730354216,26.72921297601574
060907,Cajamarca,Tabaconas,2018,0.254665,0.351153,0.1883671317260873,0.0,2247.3821730354216,26.72921297601574
060907,Cajamarca,Tabaconas,2019,0.266184,0.41059,0.1883671317260873,0.0,2247.3821730354216,26.72921297601574
060907,Cajamarca,Tabaconas,2020,0.260884,0.41059,0.1883671317260873,0.0,2247.3821730354216,26.72921297601574
060907,Cajamarca,Tabaconas,2021,0.269028,0.490008,0.1883671317260873,0.0,2247.3821730354216,26.72921297601574
060907,Cajamarca,Tabaconas,2022,0.266327,0.490008,0.1883671317260873,0.0,2247.3821730354216,26.72921297601574
060907,Cajamarca,Tabaconas,2023,0.230458,0.490008,0.1883671317260873,0.0,2247.3821730354216,26.72921297601574
060907,Cajamarca,Tabaconas,2024,0.237067,0.490008,0.1883671317260873,0.0,2247.3821730354216,26.72921297601574
080408,Cusco,Yanatile,1985,0.159166,0.0,0.2068697704310403,0.0631204821435818,2883.6342946338705,29.7851926129169
080408,Cusco,Yanatile,1986,0.159161,0.0,0.2068697704310403,0.0631204821435818,2883.6342946338705,29.7851926129169
080408,Cusco,Yanatile,1987,0.151902,0.0,0.2068697704310403,0.0631204821435818,2883.6342946338705,29.7851926129169
080408,Cusco,Yanatile,1988,0.160331,0.0,0.2068697704310403,0.0631204821435818,2883.6342946338705,29.7851926129169
080408,Cusco,Yanatile,1989,0.16585,0.0,0.2068697704310403,0.0631204821435818,2883.6342946338705,29.7851926129169
080408,Cusco,Yanatile,1990,0.168933,0.0,0.2068697704310403,0.0631204821435818,2883.6342946338705,29.7851926129169
080408,Cusco,Yanatile,1991,0.173376,0.0,0.2068697704310403,0.0631204821435818,2883.6342946338705,29.7851926129169
080408,Cusco,Yanatile,1992,0.176562,0.0,0.2068697704310403,0.0631204821435818,2883.6342946338705,29.7851926129169
080408,Cusco,Yanatile,1993,0.175106,0.0,0.2068697704310403,0.0631204821435818,2883.6342946338705,29.7851926129169
080408,Cusco,Yanatile,1994,0.173622,0.0,0.2068697704310403,0.0631204821435818,2883.6342946338705,29.7851926129169
080408,Cusco,Yanatile,1995,0.174424,0.0,0.2068697704310403,0.0631204821435818,2883.6342946338705,29.7851926129169
080408,Cusco,Yanatile,1996,0.174022,0.0,0.2068697704310403,0.0631204821435818,2883.6342946338705,29.7851926129169
080408,Cusco,Yanatile,1997,0.174732,0.0,0.2068697704310403,0.0631204821435818,2883.6342946338705,29.7851926129169
080408,Cusco,Yanatile,1998,0.177045,0.0,0.2068697704310403,0.0631204821435818,2883.6342946338705,29.7851926129169
080408,Cusco,Yanatile,1999,0.181222,0.0,0.2068697704310403,0.0631204821435818,2883.6342946338705,29.7851926129169
080408,Cusco,Yanatile,2000,0.17942,0.0,0.2068697704310403,0.0631204821435818,2883.6342946338705,29.7851926129169
080408,Cusco,Yanatile,2001,0.179553,0.0,0.2068697704310403,0.0631204821435818,2883.6342946338705,29.7851926129169
080408,Cusco,Yanatile,2002,0.179594,0.0,0.2068697704310403,0.0631204821435818,2883.6342946338705,29.7851926129169
080408,Cusco,Yanatile,2003,0.179837,0.0,0.2068697704310403,0.0631204821435818,2883.6342946338705,29.7851926129169
080408,Cusco,Yanatile,2004,0.17797,0.0,0.2068697704310403,0.0631204821435818,2883.6342946338705,29.7851926129169
080408,Cusco,Yanatile,2005,0.180211,0.0,0.2068697704310403,0.0631204821435818,2883.6342946338705,29.7851926129169
080408,Cusco,Yanatile,2006,0.181318,0.0,0.2068697704310403,0.0631204821435818,2883.6342946338705,29.7851926129169
080408,Cusco,Yanatile,2007,0.181956,0.0,0.2068697704310403,0.0631204821435818,2883.6342946338705,29.7851926129169
080408,Cusco,Yanatile,2008,0.180349,0.0,0.2068697704310403,0.0631204821435818,2883.6342946338705,29.7851926129169
080408,Cusco,Yanatile,2009,0.177114,0.0,0.2068697704310403,0.0631204821435818,2883.6342946338705,29.7851926129169
080408,Cusco,Yanatile,2010,0.176793,0.0,0.2068697704310403,0.0631204821435818,2883.6342946338705,29.7851926129169
080408,Cusco,Yanatile,2011,0.179537,0.0,0.2068697704310403,0.0631204821435818,2883.6342946338705,29.7851926129169
080408,Cusco,Yanatile,2012,0.180406,0.0,0.2068697704310403,0.0631204821435818,2883.6342946338705,29.7851926129169
080408,Cusco,Yanatile,2013,0.179031,0.0,0.2068697704310403,0.0631204821435818,2883.6342946338705,29.7851926129169
080408,Cusco,Yanatile,2014,0.178188,0.0,0.2068697704310403,0.0631204821435818,2883.6342946338705,29.7851926129169
080408,Cusco,Yanatile,2015,0.176665,0.0,0.2068697704310403,0.0631204821435818,2883.6342946338705,29.7851926129169
080408,Cusco,Yanatile,2016,0.174006,0.0,0.2068697704310403,0.0631204821435818,2883.6342946338705,29.7851926129169
080408,Cusco,Yanatile,2017,0.172819,0.0,0.2068697704310403,0.0631204821435818,2883.6342946338705,29.7851926129169
080408,Cusco,Yanatile,2018,0.171021,0.0,0.2068697704310403,0.0631204821435818,2883.6342946338705,29.7851926129169
080408,Cusco,Yanatile,2019,0.173601,0.0,0.2068697704310403,0.0631204821435818,2883.6342946338705,29.7851926129169
080408,Cusco,Yanatile,2020,0.17334,0.0,0.2068697704310403,0.0631204821435818,2883.6342946338705,29.7851926129169
080408,Cusco,Yanatile,2021,0.17665,0.0,0.2068697704310403,0.0631204821435818,2883.6342946338705,29.7851926129169
080408,Cusco,Yanatile,2022,0.180163,0.0,0.2068697704310403,0.0631204821435818,2883.6342946338705,29.7851926129169
080408,Cusco,Yanatile,2023,0.189549,0.0,0.2068697704310403,0.0631204821435818,2883.6342946338705,29.7851926129169
080408,Cusco,Yanatile,2024,0.192066,0.0,0.2068697704310403,0.0631204821435818,2883.6342946338705,29.7851926129169
080901,Cusco,Santa Ana,1985,0.269301,0.0,0.661097849390589,0.0531826237686204,2176.9210419826827,28.10083918799393
080901,Cusco,Santa Ana,1986,0.269281,0.0,0.661097849390589,0.0531826237686204,2176.9210419826827,28.10083918799393
080901,Cusco,Santa Ana,1987,0.273696,0.0,0.661097849390589,0.0531826237686204,2176.9210419826827,28.10083918799393
080901,Cusco,Santa Ana,1988,0.308553,0.0,0.661097849390589,0.0531826237686204,2176.9210419826827,28.10083918799393
080901,Cusco,Santa Ana,1989,0.322843,0.0,0.661097849390589,0.0531826237686204,2176.9210419826827,28.10083918799393
080901,Cusco,Santa Ana,1990,0.327865,0.0,0.661097849390589,0.0531826237686204,2176.9210419826827,28.10083918799393
080901,Cusco,Santa Ana,1991,0.328872,0.0,0.661097849390589,0.0531826237686204,2176.9210419826827,28.10083918799393
080901,Cusco,Santa Ana,1992,0.333166,0.0,0.661097849390589,0.0531826237686204,2176.9210419826827,28.10083918799393
080901,Cusco,Santa Ana,1993,0.337886,0.0,0.661097849390589,0.0531826237686204,2176.9210419826827,28.10083918799393
080901,Cusco,Santa Ana,1994,0.341385,0.0,0.661097849390589,0.0531826237686204,2176.9210419826827,28.10083918799393
080901,Cusco,Santa Ana,1995,0.345461,0.0,0.661097849390589,0.0531826237686204,2176.9210419826827,28.10083918799393
080901,Cusco,Santa Ana,1996,0.349316,0.0,0.661097849390589,0.0531826237686204,2176.9210419826827,28.10083918799393
080901,Cusco,Santa Ana,1997,0.350644,0.0,0.661097849390589,0.0531826237686204,2176.9210419826827,28.10083918799393
080901,Cusco,Santa Ana,1998,0.346327,0.0,0.661097849390589,0.0531826237686204,2176.9210419826827,28.10083918799393
080901,Cusco,Santa Ana,1999,0.343632,0.0,0.661097849390589,0.0531826237686204,2176.9210419826827,28.10083918799393
080901,Cusco,Santa Ana,2000,0.334079,0.0,0.661097849390589,0.0531826237686204,2176.9210419826827,28.10083918799393
080901,Cusco,Santa Ana,2001,0.328101,0.0,0.661097849390589,0.0531826237686204,2176.9210419826827,28.10083918799393
080901,Cusco,Santa Ana,2002,0.327139,0.0,0.661097849390589,0.0531826237686204,2176.9210419826827,28.10083918799393
080901,Cusco,Santa Ana,2003,0.329493,0.0,0.661097849390589,0.0531826237686204,2176.9210419826827,28.10083918799393
080901,Cusco,Santa Ana,2004,0.325349,0.0,0.661097849390589,0.0531826237686204,2176.9210419826827,28.10083918799393
080901,Cusco,Santa Ana,2005,0.32828,0.0,0.661097849390589,0.0531826237686204,2176.9210419826827,28.10083918799393
080901,Cusco,Santa Ana,2006,0.330362,0.0,0.661097849390589,0.0531826237686204,2176.9210419826827,28.10083918799393
080901,Cusco,Santa Ana,2007,0.333251,0.0,0.661097849390589,0.0531826237686204,2176.9210419826827,28.10083918799393
080901,Cusco,Santa Ana,2008,0.328605,0.0,0.661097849390589,0.0531826237686204,2176.9210419826827,28.10083918799393
080901,Cusco,Santa Ana,2009,0.324943,0.0,0.661097849390589,0.0531826237686204,2176.9210419826827,28.10083918799393
080901,Cusco,Santa Ana,2010,0.324337,0.0,0.661097849390589,0.0531826237686204,2176.9210419826827,28.10083918799393
080901,Cusco,Santa Ana,2011,0.325625,0.0,0.661097849390589,0.0531826237686204,2176.9210419826827,28.10083918799393
080901,Cusco,Santa Ana,2012,0.322591,0.0,0.661097849390589,0.0531826237686204,2176.9210419826827,28.10083918799393
080901,Cusco,Santa Ana,2013,0.326941,0.0,0.661097849390589,0.0531826237686204,2176.9210419826827,28.10083918799393
080901,Cusco,Santa Ana,2014,0.326718,0.0,0.661097849390589,0.0531826237686204,2176.9210419826827,28.10083918799393
080901,Cusco,Santa Ana,2015,0.323781,0.0,0.661097849390589,0.0531826237686204,2176.9210419826827,28.10083918799393
080901,Cusco,Santa Ana,2016,0.318226,0.0,0.661097849390589,0.0531826237686204,2176.9210419826827,28.10083918799393
080901,Cusco,Santa Ana,2017,0.31884,0.0,0.661097849390589,0.0531826237686204,2176.9210419826827,28.10083918799393
080901,Cusco,Santa Ana,2018,0.312072,0.0,0.661097849390589,0.0531826237686204,2176.9210419826827,28.10083918799393
080901,Cusco,Santa Ana,2019,0.308087,0.0,0.661097849390589,0.0531826237686204,2176.9210419826827,28.10083918799393
080901,Cusco,Santa Ana,2020,0.305831,0.0,0.661097849390589,0.0531826237686204,2176.9210419826827,28.10083918799393
080901,Cusco,Santa Ana,2021,0.301296,0.194846,0.661097849390589,0.0531826237686204,2176.9210419826827,28.10083918799393
080901,Cusco,Santa Ana,2022,0.29532,0.194846,0.661097849390589,0.0531826237686204,2176.9210419826827,28.10083918799393
080901,Cusco,Santa Ana,2023,0.300403,0.194846,0.661097849390589,0.0531826237686204,2176.9210419826827,28.10083918799393
080901,Cusco,Santa Ana,2024,0.308305,0.194846,0.661097849390589,0.0531826237686204,2176.9210419826827,28.10083918799393
080903,Cusco,Huayopata,1985,0.177064,0.0,0.3559708947525078,0.0094587373038623,3033.497780634838,30.182889570964807
080903,Cusco,Huayopata,1986,0.177038,0.0,0.3559708947525078,0.0094587373038623,3033.497780634838,30.182889570964807
080903,Cusco,Huayopata,1987,0.18663,0.0,0.3559708947525078,0.0094587373038623,3033.497780634838,30.182889570964807
080903,Cusco,Huayopata,1988,0.186384,0.0,0.3559708947525078,0.0094587373038623,3033.497780634838,30.182889570964807
080903,Cusco,Huayopata,1989,0.186193,0.0,0.3559708947525078,0.0094587373038623,3033.497780634838,30.182889570964807
080903,Cusco,Huayopata,1990,0.185864,0.0,0.3559708947525078,0.0094587373038623,3033.497780634838,30.182889570964807
080903,Cusco,Huayopata,1991,0.189726,0.0,0.3559708947525078,0.0094587373038623,3033.497780634838,30.182889570964807
080903,Cusco,Huayopata,1992,0.19065,0.0,0.3559708947525078,0.0094587373038623,3033.497780634838,30.182889570964807
080903,Cusco,Huayopata,1993,0.190971,0.0,0.3559708947525078,0.0094587373038623,3033.497780634838,30.182889570964807
080903,Cusco,Huayopata,1994,0.190757,0.0,0.3559708947525078,0.0094587373038623,3033.497780634838,30.182889570964807
080903,Cusco,Huayopata,1995,0.184531,0.0,0.3559708947525078,0.0094587373038623,3033.497780634838,30.182889570964807
080903,Cusco,Huayopata,1996,0.184253,0.0,0.3559708947525078,0.0094587373038623,3033.497780634838,30.182889570964807
080903,Cusco,Huayopata,1997,0.183403,0.0,0.3559708947525078,0.0094587373038623,3033.497780634838,30.182889570964807
080903,Cusco,Huayopata,1998,0.182066,0.0,0.3559708947525078,0.0094587373038623,3033.497780634838,30.182889570964807
080903,Cusco,Huayopata,1999,0.181763,0.0,0.3559708947525078,0.0094587373038623,3033.497780634838,30.182889570964807
080903,Cusco,Huayopata,2000,0.182661,0.0,0.3559708947525078,0.0094587373038623,3033.497780634838,30.182889570964807
080903,Cusco,Huayopata,2001,0.181153,0.0,0.3559708947525078,0.0094587373038623,3033.497780634838,30.182889570964807
080903,Cusco,Huayopata,2002,0.181533,0.0,0.3559708947525078,0.0094587373038623,3033.497780634838,30.182889570964807
080903,Cusco,Huayopata,2003,0.186518,0.0,0.3559708947525078,0.0094587373038623,3033.497780634838,30.182889570964807
080903,Cusco,Huayopata,2004,0.188731,0.0,0.3559708947525078,0.0094587373038623,3033.497780634838,30.182889570964807
080903,Cusco,Huayopata,2005,0.192566,0.0,0.3559708947525078,0.0094587373038623,3033.497780634838,30.182889570964807
080903,Cusco,Huayopata,2006,0.1938,0.0,0.3559708947525078,0.0094587373038623,3033.497780634838,30.182889570964807
080903,Cusco,Huayopata,2007,0.195949,0.0,0.3559708947525078,0.0094587373038623,3033.497780634838,30.182889570964807
080903,Cusco,Huayopata,2008,0.197645,0.0,0.3559708947525078,0.0094587373038623,3033.497780634838,30.182889570964807
080903,Cusco,Huayopata,2009,0.199116,0.0,0.3559708947525078,0.0094587373038623,3033.497780634838,30.182889570964807
080903,Cusco,Huayopata,2010,0.197745,0.0,0.3559708947525078,0.0094587373038623,3033.497780634838,30.182889570964807
080903,Cusco,Huayopata,2011,0.194333,0.0,0.3559708947525078,0.0094587373038623,3033.497780634838,30.182889570964807
080903,Cusco,Huayopata,2012,0.189036,0.0,0.3559708947525078,0.0094587373038623,3033.497780634838,30.182889570964807
080903,Cusco,Huayopata,2013,0.18188,0.0,0.3559708947525078,0.0094587373038623,3033.497780634838,30.182889570964807
080903,Cusco,Huayopata,2014,0.1803,0.0,0.3559708947525078,0.0094587373038623,3033.497780634838,30.182889570964807
080903,Cusco,Huayopata,2015,0.179141,0.021277,0.3559708947525078,0.0094587373038623,3033.497780634838,30.182889570964807
080903,Cusco,Huayopata,2016,0.180313,0.021277,0.3559708947525078,0.0094587373038623,3033.497780634838,30.182889570964807
080903,Cusco,Huayopata,2017,0.181218,0.021277,0.3559708947525078,0.0094587373038623,3033.497780634838,30.182889570964807
080903,Cusco,Huayopata,2018,0.174161,0.021277,0.3559708947525078,0.0094587373038623,3033.497780634838,30.182889570964807
080903,Cusco,Huayopata,2019,0.171913,0.021277,0.3559708947525078,0.0094587373038623,3033.497780634838,30.182889570964807
080903,Cusco,Huayopata,2020,0.167699,0.021277,0.3559708947525078,0.0094587373038623,3033.497780634838,30.182889570964807
080903,Cusco,Huayopata,2021,0.167791,0.021277,0.3559708947525078,0.0094587373038623,3033.497780634838,30.182889570964807
080903,Cusco,Huayopata,2022,0.167028,0.021277,0.3559708947525078,0.0094587373038623,3033.497780634838,30.182889570964807
080903,Cusco,Huayopata,2023,0.172229,0.021277,0.3559708947525078,0.0094587373038623,3033.497780634838,30.182889570964807
080903,Cusco,Huayopata,2024,0.17712,0.021277,0.3559708947525078,0.0094587373038623,3033.497780634838,30.182889570964807
080904,Cusco,Maranura,1985,0.19782,0.0,0.7470617226138732,0.086356132180616,2090.5303958808136,27.839070366801423
080904,Cusco,Maranura,1986,0.197815,0.0,0.7470617226138732,0.086356132180616,2090.5303958808136,27.839070366801423
080904,Cusco,Maranura,1987,0.196819,0.0,0.7470617226138732,0.086356132180616,2090.5303958808136,27.839070366801423
080904,Cusco,Maranura,1988,0.233346,0.0,0.7470617226138732,0.086356132180616,2090.5303958808136,27.839070366801423
080904,Cusco,Maranura,1989,0.246625,0.0,0.7470617226138732,0.086356132180616,2090.5303958808136,27.839070366801423
080904,Cusco,Maranura,1990,0.249162,0.0,0.7470617226138732,0.086356132180616,2090.5303958808136,27.839070366801423
080904,Cusco,Maranura,1991,0.251047,0.0,0.7470617226138732,0.086356132180616,2090.5303958808136,27.839070366801423
080904,Cusco,Maranura,1992,0.255465,0.0,0.7470617226138732,0.086356132180616,2090.5303958808136,27.839070366801423
080904,Cusco,Maranura,1993,0.257478,0.0,0.7470617226138732,0.086356132180616,2090.5303958808136,27.839070366801423
080904,Cusco,Maranura,1994,0.263776,0.0,0.7470617226138732,0.086356132180616,2090.5303958808136,27.839070366801423
080904,Cusco,Maranura,1995,0.26644,0.0,0.7470617226138732,0.086356132180616,2090.5303958808136,27.839070366801423
080904,Cusco,Maranura,1996,0.272081,0.0,0.7470617226138732,0.086356132180616,2090.5303958808136,27.839070366801423
080904,Cusco,Maranura,1997,0.27876,0.0,0.7470617226138732,0.086356132180616,2090.5303958808136,27.839070366801423
080904,Cusco,Maranura,1998,0.283104,0.0,0.7470617226138732,0.086356132180616,2090.5303958808136,27.839070366801423
080904,Cusco,Maranura,1999,0.28866,0.0,0.7470617226138732,0.086356132180616,2090.5303958808136,27.839070366801423
080904,Cusco,Maranura,2000,0.285148,0.0,0.7470617226138732,0.086356132180616,2090.5303958808136,27.839070366801423
080904,Cusco,Maranura,2001,0.283289,0.0,0.7470617226138732,0.086356132180616,2090.5303958808136,27.839070366801423
080904,Cusco,Maranura,2002,0.281462,0.0,0.7470617226138732,0.086356132180616,2090.5303958808136,27.839070366801423
080904,Cusco,Maranura,2003,0.284656,0.0,0.7470617226138732,0.086356132180616,2090.5303958808136,27.839070366801423
080904,Cusco,Maranura,2004,0.278368,0.0,0.7470617226138732,0.086356132180616,2090.5303958808136,27.839070366801423
080904,Cusco,Maranura,2005,0.280138,0.0,0.7470617226138732,0.086356132180616,2090.5303958808136,27.839070366801423
080904,Cusco,Maranura,2006,0.280747,0.0,0.7470617226138732,0.086356132180616,2090.5303958808136,27.839070366801423
080904,Cusco,Maranura,2007,0.274883,0.0,0.7470617226138732,0.086356132180616,2090.5303958808136,27.839070366801423
080904,Cusco,Maranura,2008,0.267838,0.0,0.7470617226138732,0.086356132180616,2090.5303958808136,27.839070366801423
080904,Cusco,Maranura,2009,0.261556,0.0,0.7470617226138732,0.086356132180616,2090.5303958808136,27.839070366801423
080904,Cusco,Maranura,2010,0.255947,0.0,0.7470617226138732,0.086356132180616,2090.5303958808136,27.839070366801423
080904,Cusco,Maranura,2011,0.256418,0.0,0.7470617226138732,0.086356132180616,2090.5303958808136,27.839070366801423
080904,Cusco,Maranura,2012,0.253881,0.0,0.7470617226138732,0.086356132180616,2090.5303958808136,27.839070366801423
080904,Cusco,Maranura,2013,0.260968,0.0,0.7470617226138732,0.086356132180616,2090.5303958808136,27.839070366801423
080904,Cusco,Maranura,2014,0.264634,0.0,0.7470617226138732,0.086356132180616,2090.5303958808136,27.839070366801423
080904,Cusco,Maranura,2015,0.267457,0.0,0.7470617226138732,0.086356132180616,2090.5303958808136,27.839070366801423
080904,Cusco,Maranura,2016,0.26252,0.0,0.7470617226138732,0.086356132180616,2090.5303958808136,27.839070366801423
080904,Cusco,Maranura,2017,0.260508,0.0,0.7470617226138732,0.086356132180616,2090.5303958808136,27.839070366801423
080904,Cusco,Maranura,2018,0.25939,0.0,0.7470617226138732,0.086356132180616,2090.5303958808136,27.839070366801423
080904,Cusco,Maranura,2019,0.267616,0.0,0.7470617226138732,0.086356132180616,2090.5303958808136,27.839070366801423
080904,Cusco,Maranura,2020,0.270031,0.0,0.7470617226138732,0.086356132180616,2090.5303958808136,27.839070366801423
080904,Cusco,Maranura,2021,0.278861,0.0,0.7470617226138732,0.086356132180616,2090.5303958808136,27.839070366801423
080904,Cusco,Maranura,2022,0.283771,0.0,0.7470617226138732,0.086356132180616,2090.5303958808136,27.839070366801423
080904,Cusco,Maranura,2023,0.282706,0.0,0.7470617226138732,0.086356132180616,2090.5303958808136,27.839070366801423
080904,Cusco,Maranura,2024,0.283893,0.0,0.7470617226138732,0.086356132180616,2090.5303958808136,27.839070366801423
080905,Cusco,Ocobamba,1985,0.173046,0.0,0.2008312896809406,0.0033236259788823,2955.750988133802,29.35571747257181
080905,Cusco,Ocobamba,1986,0.173037,0.0,0.2008312896809406,0.0033236259788823,2955.750988133802,29.35571747257181
080905,Cusco,Ocobamba,1987,0.17335,0.0,0.2008312896809406,0.0033236259788823,2955.750988133802,29.35571747257181
080905,Cusco,Ocobamba,1988,0.183286,0.0,0.2008312896809406,0.0033236259788823,2955.750988133802,29.35571747257181
080905,Cusco,Ocobamba,1989,0.19317,0.0,0.2008312896809406,0.0033236259788823,2955.750988133802,29.35571747257181
080905,Cusco,Ocobamba,1990,0.193975,0.0,0.2008312896809406,0.0033236259788823,2955.750988133802,29.35571747257181
080905,Cusco,Ocobamba,1991,0.194672,0.0,0.2008312896809406,0.0033236259788823,2955.750988133802,29.35571747257181
080905,Cusco,Ocobamba,1992,0.197602,0.0,0.2008312896809406,0.0033236259788823,2955.750988133802,29.35571747257181
080905,Cusco,Ocobamba,1993,0.202703,0.0,0.2008312896809406,0.0033236259788823,2955.750988133802,29.35571747257181
080905,Cusco,Ocobamba,1994,0.203822,0.0,0.2008312896809406,0.0033236259788823,2955.750988133802,29.35571747257181
080905,Cusco,Ocobamba,1995,0.201227,0.0,0.2008312896809406,0.0033236259788823,2955.750988133802,29.35571747257181
080905,Cusco,Ocobamba,1996,0.206486,0.0,0.2008312896809406,0.0033236259788823,2955.750988133802,29.35571747257181
080905,Cusco,Ocobamba,1997,0.210855,0.0,0.2008312896809406,0.0033236259788823,2955.750988133802,29.35571747257181
080905,Cusco,Ocobamba,1998,0.212033,0.0,0.2008312896809406,0.0033236259788823,2955.750988133802,29.35571747257181
080905,Cusco,Ocobamba,1999,0.213253,0.0,0.2008312896809406,0.0033236259788823,2955.750988133802,29.35571747257181
080905,Cusco,Ocobamba,2000,0.211992,0.0,0.2008312896809406,0.0033236259788823,2955.750988133802,29.35571747257181
080905,Cusco,Ocobamba,2001,0.213132,0.0,0.2008312896809406,0.0033236259788823,2955.750988133802,29.35571747257181
080905,Cusco,Ocobamba,2002,0.213687,0.0,0.2008312896809406,0.0033236259788823,2955.750988133802,29.35571747257181
080905,Cusco,Ocobamba,2003,0.215993,0.0,0.2008312896809406,0.0033236259788823,2955.750988133802,29.35571747257181
080905,Cusco,Ocobamba,2004,0.216185,0.0,0.2008312896809406,0.0033236259788823,2955.750988133802,29.35571747257181
080905,Cusco,Ocobamba,2005,0.218741,0.0,0.2008312896809406,0.0033236259788823,2955.750988133802,29.35571747257181
080905,Cusco,Ocobamba,2006,0.219957,0.0,0.2008312896809406,0.0033236259788823,2955.750988133802,29.35571747257181
080905,Cusco,Ocobamba,2007,0.221582,0.0,0.2008312896809406,0.0033236259788823,2955.750988133802,29.35571747257181
080905,Cusco,Ocobamba,2008,0.218979,0.0,0.2008312896809406,0.0033236259788823,2955.750988133802,29.35571747257181
080905,Cusco,Ocobamba,2009,0.214772,0.0,0.2008312896809406,0.0033236259788823,2955.750988133802,29.35571747257181
080905,Cusco,Ocobamba,2010,0.209807,0.0,0.2008312896809406,0.0033236259788823,2955.750988133802,29.35571747257181
080905,Cusco,Ocobamba,2011,0.210292,0.0,0.2008312896809406,0.0033236259788823,2955.750988133802,29.35571747257181
080905,Cusco,Ocobamba,2012,0.207706,0.0,0.2008312896809406,0.0033236259788823,2955.750988133802,29.35571747257181
080905,Cusco,Ocobamba,2013,0.202187,0.0,0.2008312896809406,0.0033236259788823,2955.750988133802,29.35571747257181
080905,Cusco,Ocobamba,2014,0.200894,0.0,0.2008312896809406,0.0033236259788823,2955.750988133802,29.35571747257181
080905,Cusco,Ocobamba,2015,0.198593,0.000174,0.2008312896809406,0.0033236259788823,2955.750988133802,29.35571747257181
080905,Cusco,Ocobamba,2016,0.195413,0.000174,0.2008312896809406,0.0033236259788823,2955.750988133802,29.35571747257181
080905,Cusco,Ocobamba,2017,0.193879,0.000174,0.2008312896809406,0.0033236259788823,2955.750988133802,29.35571747257181
080905,Cusco,Ocobamba,2018,0.193021,0.000174,0.2008312896809406,0.0033236259788823,2955.750988133802,29.35571747257181
080905,Cusco,Ocobamba,2019,0.196366,0.000174,0.2008312896809406,0.0033236259788823,2955.750988133802,29.35571747257181
080905,Cusco,Ocobamba,2020,0.196907,0.000174,0.2008312896809406,0.0033236259788823,2955.750988133802,29.35571747257181
080905,Cusco,Ocobamba,2021,0.201204,0.000174,0.2008312896809406,0.0033236259788823,2955.750988133802,29.35571747257181
080905,Cusco,Ocobamba,2022,0.203801,0.000174,0.2008312896809406,0.0033236259788823,2955.750988133802,29.35571747257181
080905,Cusco,Ocobamba,2023,0.210578,0.000174,0.2008312896809406,0.0033236259788823,2955.750988133802,29.35571747257181
080905,Cusco,Ocobamba,2024,0.217176,0.000174,0.2008312896809406,0.0033236259788823,2955.750988133802,29.35571747257181
080906,Cusco,Quellouno,1985,0.13927,0.0,0.4639830513685265,0.0709746432470777,1870.435487184428,26.929302248288785
080906,Cusco,Quellouno,1986,0.13927,0.0,0.4639830513685265,0.0709746432470777,1870.435487184428,26.929302248288785
080906,Cusco,Quellouno,1987,0.138762,0.0,0.4639830513685265,0.0709746432470777,1870.435487184428,26.929302248288785
080906,Cusco,Quellouno,1988,0.144363,0.0,0.4639830513685265,0.0709746432470777,1870.435487184428,26.929302248288785
080906,Cusco,Quellouno,1989,0.151141,0.0,0.4639830513685265,0.0709746432470777,1870.435487184428,26.929302248288785
080906,Cusco,Quellouno,1990,0.153053,0.0,0.4639830513685265,0.0709746432470777,1870.435487184428,26.929302248288785
080906,Cusco,Quellouno,1991,0.154966,0.0,0.4639830513685265,0.0709746432470777,1870.435487184428,26.929302248288785
080906,Cusco,Quellouno,1992,0.157259,0.0,0.4639830513685265,0.0709746432470777,1870.435487184428,26.929302248288785
080906,Cusco,Quellouno,1993,0.16254,0.0,0.4639830513685265,0.0709746432470777,1870.435487184428,26.929302248288785
080906,Cusco,Quellouno,1994,0.162502,0.0,0.4639830513685265,0.0709746432470777,1870.435487184428,26.929302248288785
080906,Cusco,Quellouno,1995,0.161358,0.0,0.4639830513685265,0.0709746432470777,1870.435487184428,26.929302248288785
080906,Cusco,Quellouno,1996,0.170925,0.0,0.4639830513685265,0.0709746432470777,1870.435487184428,26.929302248288785
080906,Cusco,Quellouno,1997,0.179085,0.0,0.4639830513685265,0.0709746432470777,1870.435487184428,26.929302248288785
080906,Cusco,Quellouno,1998,0.184326,0.0,0.4639830513685265,0.0709746432470777,1870.435487184428,26.929302248288785
080906,Cusco,Quellouno,1999,0.186477,0.0,0.4639830513685265,0.0709746432470777,1870.435487184428,26.929302248288785
080906,Cusco,Quellouno,2000,0.188104,0.0,0.4639830513685265,0.0709746432470777,1870.435487184428,26.929302248288785
080906,Cusco,Quellouno,2001,0.187966,0.0,0.4639830513685265,0.0709746432470777,1870.435487184428,26.929302248288785
080906,Cusco,Quellouno,2002,0.189447,0.0,0.4639830513685265,0.0709746432470777,1870.435487184428,26.929302248288785
080906,Cusco,Quellouno,2003,0.198036,0.0,0.4639830513685265,0.0709746432470777,1870.435487184428,26.929302248288785
080906,Cusco,Quellouno,2004,0.19773,0.000344,0.4639830513685265,0.0709746432470777,1870.435487184428,26.929302248288785
080906,Cusco,Quellouno,2005,0.202249,0.000344,0.4639830513685265,0.0709746432470777,1870.435487184428,26.929302248288785
080906,Cusco,Quellouno,2006,0.204729,0.000344,0.4639830513685265,0.0709746432470777,1870.435487184428,26.929302248288785
080906,Cusco,Quellouno,2007,0.205291,0.000344,0.4639830513685265,0.0709746432470777,1870.435487184428,26.929302248288785
080906,Cusco,Quellouno,2008,0.199479,0.000344,0.4639830513685265,0.0709746432470777,1870.435487184428,26.929302248288785
080906,Cusco,Quellouno,2009,0.191161,0.000344,0.4639830513685265,0.0709746432470777,1870.435487184428,26.929302248288785
080906,Cusco,Quellouno,2010,0.186297,0.000344,0.4639830513685265,0.0709746432470777,1870.435487184428,26.929302248288785
080906,Cusco,Quellouno,2011,0.184198,0.000344,0.4639830513685265,0.0709746432470777,1870.435487184428,26.929302248288785
080906,Cusco,Quellouno,2012,0.183023,0.000344,0.4639830513685265,0.0709746432470777,1870.435487184428,26.929302248288785
080906,Cusco,Quellouno,2013,0.185567,0.000344,0.4639830513685265,0.0709746432470777,1870.435487184428,26.929302248288785
080906,Cusco,Quellouno,2014,0.187631,0.000344,0.4639830513685265,0.0709746432470777,1870.435487184428,26.929302248288785
080906,Cusco,Quellouno,2015,0.186441,0.000344,0.4639830513685265,0.0709746432470777,1870.435487184428,26.929302248288785
080906,Cusco,Quellouno,2016,0.180322,0.000344,0.4639830513685265,0.0709746432470777,1870.435487184428,26.929302248288785
080906,Cusco,Quellouno,2017,0.17664,0.003393,0.4639830513685265,0.0709746432470777,1870.435487184428,26.929302248288785
080906,Cusco,Quellouno,2018,0.17807,0.003393,0.4639830513685265,0.0709746432470777,1870.435487184428,26.929302248288785
080906,Cusco,Quellouno,2019,0.182302,0.003393,0.4639830513685265,0.0709746432470777,1870.435487184428,26.929302248288785
080906,Cusco,Quellouno,2020,0.182888,0.003393,0.4639830513685265,0.0709746432470777,1870.435487184428,26.929302248288785
080906,Cusco,Quellouno,2021,0.191376,0.003393,0.4639830513685265,0.0709746432470777,1870.435487184428,26.929302248288785
080906,Cusco,Quellouno,2022,0.196272,0.003393,0.4639830513685265,0.0709746432470777,1870.435487184428,26.929302248288785
080906,Cusco,Quellouno,2023,0.205195,0.003393,0.4639830513685265,0.0709746432470777,1870.435487184428,26.929302248288785
080906,Cusco,Quellouno,2024,0.20832,0.003393,0.4639830513685265,0.0709746432470777,1870.435487184428,26.929302248288785
080917,Cusco,Manitea,1985,0.103351,0.0,0.5293383894220718,0.0587521182968027,1778.690527861524,26.06108726140232
080917,Cusco,Manitea,1986,0.104305,0.0,0.5293383894220718,0.0587521182968027,1778.690527861524,26.06108726140232
080917,Cusco,Manitea,1987,0.104121,0.0,0.5293383894220718,0.0587521182968027,1778.690527861524,26.06108726140232
080917,Cusco,Manitea,1988,0.105345,0.0,0.5293383894220718,0.0587521182968027,1778.690527861524,26.06108726140232
080917,Cusco,Manitea,1989,0.107192,0.0,0.5293383894220718,0.0587521182968027,1778.690527861524,26.06108726140232
080917,Cusco,Manitea,1990,0.107803,0.0,0.5293383894220718,0.0587521182968027,1778.690527861524,26.06108726140232
080917,Cusco,Manitea,1991,0.110256,0.0,0.5293383894220718,0.0587521182968027,1778.690527861524,26.06108726140232
080917,Cusco,Manitea,1992,0.11072,0.0,0.5293383894220718,0.0587521182968027,1778.690527861524,26.06108726140232
080917,Cusco,Manitea,1993,0.110457,0.0,0.5293383894220718,0.0587521182968027,1778.690527861524,26.06108726140232
080917,Cusco,Manitea,1994,0.109399,0.0,0.5293383894220718,0.0587521182968027,1778.690527861524,26.06108726140232
080917,Cusco,Manitea,1995,0.109039,0.0,0.5293383894220718,0.0587521182968027,1778.690527861524,26.06108726140232
080917,Cusco,Manitea,1996,0.108341,0.0,0.5293383894220718,0.0587521182968027,1778.690527861524,26.06108726140232
080917,Cusco,Manitea,1997,0.108029,0.0,0.5293383894220718,0.0587521182968027,1778.690527861524,26.06108726140232
080917,Cusco,Manitea,1998,0.107681,0.0,0.5293383894220718,0.0587521182968027,1778.690527861524,26.06108726140232
080917,Cusco,Manitea,1999,0.107852,0.0,0.5293383894220718,0.0587521182968027,1778.690527861524,26.06108726140232
080917,Cusco,Manitea,2000,0.117882,0.0,0.5293383894220718,0.0587521182968027,1778.690527861524,26.06108726140232
080917,Cusco,Manitea,2001,0.131227,0.0,0.5293383894220718,0.0587521182968027,1778.690527861524,26.06108726140232
080917,Cusco,Manitea,2002,0.134419,0.0,0.5293383894220718,0.0587521182968027,1778.690527861524,26.06108726140232
080917,Cusco,Manitea,2003,0.137777,0.0,0.5293383894220718,0.0587521182968027,1778.690527861524,26.06108726140232
080917,Cusco,Manitea,2004,0.136462,0.0,0.5293383894220718,0.0587521182968027,1778.690527861524,26.06108726140232
080917,Cusco,Manitea,2005,0.127832,0.0,0.5293383894220718,0.0587521182968027,1778.690527861524,26.06108726140232
080917,Cusco,Manitea,2006,0.126193,0.0,0.5293383894220718,0.0587521182968027,1778.690527861524,26.06108726140232
080917,Cusco,Manitea,2007,0.128799,0.0,0.5293383894220718,0.0587521182968027,1778.690527861524,26.06108726140232
080917,Cusco,Manitea,2008,0.130211,0.0,0.5293383894220718,0.0587521182968027,1778.690527861524,26.06108726140232
080917,Cusco,Manitea,2009,0.134431,0.0,0.5293383894220718,0.0587521182968027,1778.690527861524,26.06108726140232
080917,Cusco,Manitea,2010,0.143287,0.0,0.5293383894220718,0.0587521182968027,1778.690527861524,26.06108726140232
080917,Cusco,Manitea,2011,0.158161,0.0,0.5293383894220718,0.0587521182968027,1778.690527861524,26.06108726140232
080917,Cusco,Manitea,2012,0.169401,0.0,0.5293383894220718,0.0587521182968027,1778.690527861524,26.06108726140232
080917,Cusco,Manitea,2013,0.182049,0.0,0.5293383894220718,0.0587521182968027,1778.690527861524,26.06108726140232
080917,Cusco,Manitea,2014,0.187792,0.0,0.5293383894220718,0.0587521182968027,1778.690527861524,26.06108726140232
080917,Cusco,Manitea,2015,0.190721,0.0,0.5293383894220718,0.0587521182968027,1778.690527861524,26.06108726140232
080917,Cusco,Manitea,2016,0.192788,0.0,0.5293383894220718,0.0587521182968027,1778.690527861524,26.06108726140232
080917,Cusco,Manitea,2017,0.201454,0.0,0.5293383894220718,0.0587521182968027,1778.690527861524,26.06108726140232
080917,Cusco,Manitea,2018,0.202574,0.0,0.5293383894220718,0.0587521182968027,1778.690527861524,26.06108726140232
080917,Cusco,Manitea,2019,0.197363,0.0,0.5293383894220718,0.0587521182968027,1778.690527861524,26.06108726140232
080917,Cusco,Manitea,2020,0.192079,0.0,0.5293383894220718,0.0587521182968027,1778.690527861524,26.06108726140232
080917,Cusco,Manitea,2021,0.189749,0.0,0.5293383894220718,0.0587521182968027,1778.690527861524,26.06108726140232
080917,Cusco,Manitea,2022,0.194397,0.0,0.5293383894220718,0.0587521182968027,1778.690527861524,26.06108726140232
080917,Cusco,Manitea,2023,0.194996,0.0,0.5293383894220718,0.0587521182968027,1778.690527861524,26.06108726140232
080917,Cusco,Manitea,2024,0.194011,0.0,0.5293383894220718,0.0587521182968027,1778.690527861524,26.06108726140232
080918,Cusco,Union Ashaninka,1985,0.065583,0.0,0.1733585284491873,0.018136706264125,1619.2947957311635,20.509164798120544
080918,Cusco,Union Ashaninka,1986,0.064741,0.0,0.1733585284491873,0.018136706264125,1619.2947957311635,20.509164798120544
080918,Cusco,Union Ashaninka,1987,0.062126,0.0,0.1733585284491873,0.018136706264125,1619.2947957311635,20.509164798120544
080918,Cusco,Union Ashaninka,1988,0.063557,0.0,0.1733585284491873,0.018136706264125,1619.2947957311635,20.509164798120544
080918,Cusco,Union Ashaninka,1989,0.063958,0.0,0.1733585284491873,0.018136706264125,1619.2947957311635,20.509164798120544
080918,Cusco,Union Ashaninka,1990,0.063819,0.0,0.1733585284491873,0.018136706264125,1619.2947957311635,20.509164798120544
080918,Cusco,Union Ashaninka,1991,0.063719,0.0,0.1733585284491873,0.018136706264125,1619.2947957311635,20.509164798120544
080918,Cusco,Union Ashaninka,1992,0.059819,0.0,0.1733585284491873,0.018136706264125,1619.2947957311635,20.509164798120544
080918,Cusco,Union Ashaninka,1993,0.058533,0.0,0.1733585284491873,0.018136706264125,1619.2947957311635,20.509164798120544
080918,Cusco,Union Ashaninka,1994,0.058595,0.0,0.1733585284491873,0.018136706264125,1619.2947957311635,20.509164798120544
080918,Cusco,Union Ashaninka,1995,0.059099,0.0,0.1733585284491873,0.018136706264125,1619.2947957311635,20.509164798120544
080918,Cusco,Union Ashaninka,1996,0.058624,0.0,0.1733585284491873,0.018136706264125,1619.2947957311635,20.509164798120544
080918,Cusco,Union Ashaninka,1997,0.060376,0.0,0.1733585284491873,0.018136706264125,1619.2947957311635,20.509164798120544
080918,Cusco,Union Ashaninka,1998,0.060772,0.0,0.1733585284491873,0.018136706264125,1619.2947957311635,20.509164798120544
080918,Cusco,Union Ashaninka,1999,0.059876,0.0,0.1733585284491873,0.018136706264125,1619.2947957311635,20.509164798120544
080918,Cusco,Union Ashaninka,2000,0.059898,0.0,0.1733585284491873,0.018136706264125,1619.2947957311635,20.509164798120544
080918,Cusco,Union Ashaninka,2001,0.065267,0.0,0.1733585284491873,0.018136706264125,1619.2947957311635,20.509164798120544
080918,Cusco,Union Ashaninka,2002,0.071074,0.0,0.1733585284491873,0.018136706264125,1619.2947957311635,20.509164798120544
080918,Cusco,Union Ashaninka,2003,0.075856,0.07284,0.1733585284491873,0.018136706264125,1619.2947957311635,20.509164798120544
080918,Cusco,Union Ashaninka,2004,0.079537,0.07284,0.1733585284491873,0.018136706264125,1619.2947957311635,20.509164798120544
080918,Cusco,Union Ashaninka,2005,0.081099,0.07284,0.1733585284491873,0.018136706264125,1619.2947957311635,20.509164798120544
080918,Cusco,Union Ashaninka,2006,0.088092,0.07284,0.1733585284491873,0.018136706264125,1619.2947957311635,20.509164798120544
080918,Cusco,Union Ashaninka,2007,0.092209,0.07284,0.1733585284491873,0.018136706264125,1619.2947957311635,20.509164798120544
080918,Cusco,Union Ashaninka,2008,0.09834,0.07284,0.1733585284491873,0.018136706264125,1619.2947957311635,20.509164798120544
080918,Cusco,Union Ashaninka,2009,0.103942,0.07284,0.1733585284491873,0.018136706264125,1619.2947957311635,20.509164798120544
080918,Cusco,Union Ashaninka,2010,0.118349,0.07284,0.1733585284491873,0.018136706264125,1619.2947957311635,20.509164798120544
080918,Cusco,Union Ashaninka,2011,0.128488,0.07284,0.1733585284491873,0.018136706264125,1619.2947957311635,20.509164798120544
080918,Cusco,Union Ashaninka,2012,0.133826,0.07284,0.1733585284491873,0.018136706264125,1619.2947957311635,20.509164798120544
080918,Cusco,Union Ashaninka,2013,0.143931,0.07284,0.1733585284491873,0.018136706264125,1619.2947957311635,20.509164798120544
080918,Cusco,Union Ashaninka,2014,0.149624,0.07284,0.1733585284491873,0.018136706264125,1619.2947957311635,20.509164798120544
080918,Cusco,Union Ashaninka,2015,0.15524,0.07284,0.1733585284491873,0.018136706264125,1619.2947957311635,20.509164798120544
080918,Cusco,Union Ashaninka,2016,0.164028,0.07284,0.1733585284491873,0.018136706264125,1619.2947957311635,20.509164798120544
080918,Cusco,Union Ashaninka,2017,0.177468,0.07284,0.1733585284491873,0.018136706264125,1619.2947957311635,20.509164798120544
080918,Cusco,Union Ashaninka,2018,0.183547,0.07284,0.1733585284491873,0.018136706264125,1619.2947957311635,20.509164798120544
080918,Cusco,Union Ashaninka,2019,0.189192,0.07284,0.1733585284491873,0.018136706264125,1619.2947957311635,20.509164798120544
080918,Cusco,Union Ashaninka,2020,0.200532,0.07284,0.1733585284491873,0.018136706264125,1619.2947957311635,20.509164798120544
080918,Cusco,Union Ashaninka,2021,0.206441,0.07284,0.1733585284491873,0.018136706264125,1619.2947957311635,20.509164798120544
080918,Cusco,Union Ashaninka,2022,0.210925,0.07284,0.1733585284491873,0.018136706264125,1619.2947957311635,20.509164798120544
080918,Cusco,Union Ashaninka,2023,0.21293,0.07284,0.1733585284491873,0.018136706264125,1619.2947957311635,20.509164798120544
080918,Cusco,Union Ashaninka,2024,0.201664,0.07284,0.1733585284491873,0.018136706264125,1619.2947957311635,20.509164798120544
081304,Cusco,Machupicchu,1985,0.133453,0.0,0.025512710877318,0.1046237472066864,3455.241695426816,35.08118162664609
081304,Cusco,Machupicchu,1986,0.133489,0.0,0.025512710877318,0.1046237472066864,3455.241695426816,35.08118162664609
081304,Cusco,Machupicchu,1987,0.132008,0.0,0.025512710877318,0.1046237472066864,3455.241695426816,35.08118162664609
081304,Cusco,Machupicchu,1988,0.113774,0.0,0.025512710877318,0.1046237472066864,3455.241695426816,35.08118162664609
081304,Cusco,Machupicchu,1989,0.112178,0.0,0.025512710877318,0.1046237472066864,3455.241695426816,35.08118162664609
081304,Cusco,Machupicchu,1990,0.111505,0.0,0.025512710877318,0.1046237472066864,3455.241695426816,35.08118162664609
081304,Cusco,Machupicchu,1991,0.109149,0.0,0.025512710877318,0.1046237472066864,3455.241695426816,35.08118162664609
081304,Cusco,Machupicchu,1992,0.107531,0.0,0.025512710877318,0.1046237472066864,3455.241695426816,35.08118162664609
081304,Cusco,Machupicchu,1993,0.10599,0.0,0.025512710877318,0.1046237472066864,3455.241695426816,35.08118162664609
081304,Cusco,Machupicchu,1994,0.105081,0.0,0.025512710877318,0.1046237472066864,3455.241695426816,35.08118162664609
081304,Cusco,Machupicchu,1995,0.103383,0.0,0.025512710877318,0.1046237472066864,3455.241695426816,35.08118162664609
081304,Cusco,Machupicchu,1996,0.105544,0.0,0.025512710877318,0.1046237472066864,3455.241695426816,35.08118162664609
081304,Cusco,Machupicchu,1997,0.106537,0.0,0.025512710877318,0.1046237472066864,3455.241695426816,35.08118162664609
081304,Cusco,Machupicchu,1998,0.104798,0.0,0.025512710877318,0.1046237472066864,3455.241695426816,35.08118162664609
081304,Cusco,Machupicchu,1999,0.104948,0.0,0.025512710877318,0.1046237472066864,3455.241695426816,35.08118162664609
081304,Cusco,Machupicchu,2000,0.102285,0.0,0.025512710877318,0.1046237472066864,3455.241695426816,35.08118162664609
081304,Cusco,Machupicchu,2001,0.102428,0.0,0.025512710877318,0.1046237472066864,3455.241695426816,35.08118162664609
081304,Cusco,Machupicchu,2002,0.103035,0.0,0.025512710877318,0.1046237472066864,3455.241695426816,35.08118162664609
081304,Cusco,Machupicchu,2003,0.107482,0.0,0.025512710877318,0.1046237472066864,3455.241695426816,35.08118162664609
081304,Cusco,Machupicchu,2004,0.104895,0.0,0.025512710877318,0.1046237472066864,3455.241695426816,35.08118162664609
081304,Cusco,Machupicchu,2005,0.104736,0.0,0.025512710877318,0.1046237472066864,3455.241695426816,35.08118162664609
081304,Cusco,Machupicchu,2006,0.105982,0.0,0.025512710877318,0.1046237472066864,3455.241695426816,35.08118162664609
081304,Cusco,Machupicchu,2007,0.106581,0.0,0.025512710877318,0.1046237472066864,3455.241695426816,35.08118162664609
081304,Cusco,Machupicchu,2008,0.107321,0.0,0.025512710877318,0.1046237472066864,3455.241695426816,35.08118162664609
081304,Cusco,Machupicchu,2009,0.105394,0.0,0.025512710877318,0.1046237472066864,3455.241695426816,35.08118162664609
081304,Cusco,Machupicchu,2010,0.104871,1.7e-05,0.025512710877318,0.1046237472066864,3455.241695426816,35.08118162664609
081304,Cusco,Machupicchu,2011,0.103585,1.7e-05,0.025512710877318,0.1046237472066864,3455.241695426816,35.08118162664609
081304,Cusco,Machupicchu,2012,0.101193,1.7e-05,0.025512710877318,0.1046237472066864,3455.241695426816,35.08118162664609
081304,Cusco,Machupicchu,2013,0.096633,1.7e-05,0.025512710877318,0.1046237472066864,3455.241695426816,35.08118162664609
081304,Cusco,Machupicchu,2014,0.097014,1.7e-05,0.025512710877318,0.1046237472066864,3455.241695426816,35.08118162664609
081304,Cusco,Machupicchu,2015,0.091942,1.7e-05,0.025512710877318,0.1046237472066864,3455.241695426816,35.08118162664609
081304,Cusco,Machupicchu,2016,0.092289,1.7e-05,0.025512710877318,0.1046237472066864,3455.241695426816,35.08118162664609
081304,Cusco,Machupicchu,2017,0.090425,1.7e-05,0.025512710877318,0.1046237472066864,3455.241695426816,35.08118162664609
081304,Cusco,Machupicchu,2018,0.088525,1.7e-05,0.025512710877318,0.1046237472066864,3455.241695426816,35.08118162664609
081304,Cusco,Machupicchu,2019,0.087416,1.7e-05,0.025512710877318,0.1046237472066864,3455.241695426816,35.08118162664609
081304,Cusco,Machupicchu,2020,0.084375,1.7e-05,0.025512710877318,0.1046237472066864,3455.241695426816,35.08118162664609
081304,Cusco,Machupicchu,2021,0.082549,1.7e-05,0.025512710877318,0.1046237472066864,3455.241695426816,35.08118162664609
081304,Cusco,Machupicchu,2022,0.081917,1.7e-05,0.025512710877318,0.1046237472066864,3455.241695426816,35.08118162664609
081304,Cusco,Machupicchu,2023,0.08526,1.7e-05,0.025512710877318,0.1046237472066864,3455.241695426816,35.08118162664609
081304,Cusco,Machupicchu,2024,0.086849,1.7e-05,0.025512710877318,0.1046237472066864,3455.241695426816,35.08118162664609
100103,Huanuco,Chinchao,1985,0.144026,0.0,0.2779660099304906,0.0104513839195248,2397.954925642464,27.301161120797797
100103,Huanuco,Chinchao,1986,0.154145,0.0,0.2779660099304906,0.0104513839195248,2397.954925642464,27.301161120797797
100103,Huanuco,Chinchao,1987,0.143354,0.0,0.2779660099304906,0.0104513839195248,2397.954925642464,27.301161120797797
100103,Huanuco,Chinchao,1988,0.136454,0.0,0.2779660099304906,0.0104513839195248,2397.954925642464,27.301161120797797
100103,Huanuco,Chinchao,1989,0.140537,0.0,0.2779660099304906,0.0104513839195248,2397.954925642464,27.301161120797797
100103,Huanuco,Chinchao,1990,0.13766,0.0,0.2779660099304906,0.0104513839195248,2397.954925642464,27.301161120797797
100103,Huanuco,Chinchao,1991,0.14358,0.0,0.2779660099304906,0.0104513839195248,2397.954925642464,27.301161120797797
100103,Huanuco,Chinchao,1992,0.149716,0.0,0.2779660099304906,0.0104513839195248,2397.954925642464,27.301161120797797
100103,Huanuco,Chinchao,1993,0.150856,0.0,0.2779660099304906,0.0104513839195248,2397.954925642464,27.301161120797797
100103,Huanuco,Chinchao,1994,0.148952,0.0,0.2779660099304906,0.0104513839195248,2397.954925642464,27.301161120797797
100103,Huanuco,Chinchao,1995,0.152458,0.0,0.2779660099304906,0.0104513839195248,2397.954925642464,27.301161120797797
100103,Huanuco,Chinchao,1996,0.159922,0.0,0.2779660099304906,0.0104513839195248,2397.954925642464,27.301161120797797
100103,Huanuco,Chinchao,1997,0.160159,0.0,0.2779660099304906,0.0104513839195248,2397.954925642464,27.301161120797797
100103,Huanuco,Chinchao,1998,0.159139,0.0,0.2779660099304906,0.0104513839195248,2397.954925642464,27.301161120797797
100103,Huanuco,Chinchao,1999,0.159516,0.0,0.2779660099304906,0.0104513839195248,2397.954925642464,27.301161120797797
100103,Huanuco,Chinchao,2000,0.162066,0.0,0.2779660099304906,0.0104513839195248,2397.954925642464,27.301161120797797
100103,Huanuco,Chinchao,2001,0.162625,0.0,0.2779660099304906,0.0104513839195248,2397.954925642464,27.301161120797797
100103,Huanuco,Chinchao,2002,0.16182,0.0,0.2779660099304906,0.0104513839195248,2397.954925642464,27.301161120797797
100103,Huanuco,Chinchao,2003,0.1598,0.0,0.2779660099304906,0.0104513839195248,2397.954925642464,27.301161120797797
100103,Huanuco,Chinchao,2004,0.159863,0.0,0.2779660099304906,0.0104513839195248,2397.954925642464,27.301161120797797
100103,Huanuco,Chinchao,2005,0.157547,0.0,0.2779660099304906,0.0104513839195248,2397.954925642464,27.301161120797797
100103,Huanuco,Chinchao,2006,0.159785,0.0,0.2779660099304906,0.0104513839195248,2397.954925642464,27.301161120797797
100103,Huanuco,Chinchao,2007,0.1643,0.0,0.2779660099304906,0.0104513839195248,2397.954925642464,27.301161120797797
100103,Huanuco,Chinchao,2008,0.165008,0.0,0.2779660099304906,0.0104513839195248,2397.954925642464,27.301161120797797
100103,Huanuco,Chinchao,2009,0.160005,0.0,0.2779660099304906,0.0104513839195248,2397.954925642464,27.301161120797797
100103,Huanuco,Chinchao,2010,0.155356,0.0,0.2779660099304906,0.0104513839195248,2397.954925642464,27.301161120797797
100103,Huanuco,Chinchao,2011,0.172832,0.0,0.2779660099304906,0.0104513839195248,2397.954925642464,27.301161120797797
100103,Huanuco,Chinchao,2012,0.174627,0.0,0.2779660099304906,0.0104513839195248,2397.954925642464,27.301161120797797
100103,Huanuco,Chinchao,2013,0.171736,0.0,0.2779660099304906,0.0104513839195248,2397.954925642464,27.301161120797797
100103,Huanuco,Chinchao,2014,0.167495,0.0,0.2779660099304906,0.0104513839195248,2397.954925642464,27.301161120797797
100103,Huanuco,Chinchao,2015,0.166851,0.0,0.2779660099304906,0.0104513839195248,2397.954925642464,27.301161120797797
100103,Huanuco,Chinchao,2016,0.167926,0.0,0.2779660099304906,0.0104513839195248,2397.954925642464,27.301161120797797
100103,Huanuco,Chinchao,2017,0.170316,0.0,0.2779660099304906,0.0104513839195248,2397.954925642464,27.301161120797797
100103,Huanuco,Chinchao,2018,0.165388,0.0,0.2779660099304906,0.0104513839195248,2397.954925642464,27.301161120797797
100103,Huanuco,Chinchao,2019,0.156185,0.0,0.2779660099304906,0.0104513839195248,2397.954925642464,27.301161120797797
100103,Huanuco,Chinchao,2020,0.162667,0.512323,0.2779660099304906,0.0104513839195248,2397.954925642464,27.301161120797797
100103,Huanuco,Chinchao,2021,0.154973,0.512323,0.2779660099304906,0.0104513839195248,2397.954925642464,27.301161120797797
100103,Huanuco,Chinchao,2022,0.159981,0.512323,0.2779660099304906,0.0104513839195248,2397.954925642464,27.301161120797797
100103,Huanuco,Chinchao,2023,0.164168,0.512323,0.2779660099304906,0.0104513839195248,2397.954925642464,27.301161120797797
100103,Huanuco,Chinchao,2024,0.169908,0.512323,0.2779660099304906,0.0104513839195248,2397.954925642464,27.301161120797797
100113,Huanuco,San Pablo De Pillao,1985,0.114459,0.0,0.1104355906058263,0.0370036782151756,2376.588094561304,26.33539956361977
100113,Huanuco,San Pablo De Pillao,1986,0.129172,0.0,0.1104355906058263,0.0370036782151756,2376.588094561304,26.33539956361977
100113,Huanuco,San Pablo De Pillao,1987,0.117755,0.0,0.1104355906058263,0.0370036782151756,2376.588094561304,26.33539956361977
100113,Huanuco,San Pablo De Pillao,1988,0.101457,0.0,0.1104355906058263,0.0370036782151756,2376.588094561304,26.33539956361977
100113,Huanuco,San Pablo De Pillao,1989,0.105077,0.0,0.1104355906058263,0.0370036782151756,2376.588094561304,26.33539956361977
100113,Huanuco,San Pablo De Pillao,1990,0.103277,0.0,0.1104355906058263,0.0370036782151756,2376.588094561304,26.33539956361977
100113,Huanuco,San Pablo De Pillao,1991,0.112363,0.0,0.1104355906058263,0.0370036782151756,2376.588094561304,26.33539956361977
100113,Huanuco,San Pablo De Pillao,1992,0.11337,0.0,0.1104355906058263,0.0370036782151756,2376.588094561304,26.33539956361977
100113,Huanuco,San Pablo De Pillao,1993,0.113319,0.0,0.1104355906058263,0.0370036782151756,2376.588094561304,26.33539956361977
100113,Huanuco,San Pablo De Pillao,1994,0.110713,0.0,0.1104355906058263,0.0370036782151756,2376.588094561304,26.33539956361977
100113,Huanuco,San Pablo De Pillao,1995,0.120179,0.0,0.1104355906058263,0.0370036782151756,2376.588094561304,26.33539956361977
100113,Huanuco,San Pablo De Pillao,1996,0.129655,0.0,0.1104355906058263,0.0370036782151756,2376.588094561304,26.33539956361977
100113,Huanuco,San Pablo De Pillao,1997,0.130153,0.0,0.1104355906058263,0.0370036782151756,2376.588094561304,26.33539956361977
100113,Huanuco,San Pablo De Pillao,1998,0.129686,0.0,0.1104355906058263,0.0370036782151756,2376.588094561304,26.33539956361977
100113,Huanuco,San Pablo De Pillao,1999,0.128707,0.0,0.1104355906058263,0.0370036782151756,2376.588094561304,26.33539956361977
100113,Huanuco,San Pablo De Pillao,2000,0.130366,0.0,0.1104355906058263,0.0370036782151756,2376.588094561304,26.33539956361977
100113,Huanuco,San Pablo De Pillao,2001,0.131897,0.0,0.1104355906058263,0.0370036782151756,2376.588094561304,26.33539956361977
100113,Huanuco,San Pablo De Pillao,2002,0.132805,0.0,0.1104355906058263,0.0370036782151756,2376.588094561304,26.33539956361977
100113,Huanuco,San Pablo De Pillao,2003,0.128458,0.0,0.1104355906058263,0.0370036782151756,2376.588094561304,26.33539956361977
100113,Huanuco,San Pablo De Pillao,2004,0.134999,0.0,0.1104355906058263,0.0370036782151756,2376.588094561304,26.33539956361977
100113,Huanuco,San Pablo De Pillao,2005,0.129291,0.0,0.1104355906058263,0.0370036782151756,2376.588094561304,26.33539956361977
100113,Huanuco,San Pablo De Pillao,2006,0.132365,0.0,0.1104355906058263,0.0370036782151756,2376.588094561304,26.33539956361977
100113,Huanuco,San Pablo De Pillao,2007,0.142871,0.0,0.1104355906058263,0.0370036782151756,2376.588094561304,26.33539956361977
100113,Huanuco,San Pablo De Pillao,2008,0.142097,0.0,0.1104355906058263,0.0370036782151756,2376.588094561304,26.33539956361977
100113,Huanuco,San Pablo De Pillao,2009,0.139665,0.0,0.1104355906058263,0.0370036782151756,2376.588094561304,26.33539956361977
100113,Huanuco,San Pablo De Pillao,2010,0.138911,0.0,0.1104355906058263,0.0370036782151756,2376.588094561304,26.33539956361977
100113,Huanuco,San Pablo De Pillao,2011,0.161179,0.0,0.1104355906058263,0.0370036782151756,2376.588094561304,26.33539956361977
100113,Huanuco,San Pablo De Pillao,2012,0.167961,0.0,0.1104355906058263,0.0370036782151756,2376.588094561304,26.33539956361977
100113,Huanuco,San Pablo De Pillao,2013,0.163437,0.0,0.1104355906058263,0.0370036782151756,2376.588094561304,26.33539956361977
100113,Huanuco,San Pablo De Pillao,2014,0.159519,0.0,0.1104355906058263,0.0370036782151756,2376.588094561304,26.33539956361977
100113,Huanuco,San Pablo De Pillao,2015,0.158233,0.0,0.1104355906058263,0.0370036782151756,2376.588094561304,26.33539956361977
100113,Huanuco,San Pablo De Pillao,2016,0.15669,0.0,0.1104355906058263,0.0370036782151756,2376.588094561304,26.33539956361977
100113,Huanuco,San Pablo De Pillao,2017,0.161639,0.0,0.1104355906058263,0.0370036782151756,2376.588094561304,26.33539956361977
100113,Huanuco,San Pablo De Pillao,2018,0.156331,0.0,0.1104355906058263,0.0370036782151756,2376.588094561304,26.33539956361977
100113,Huanuco,San Pablo De Pillao,2019,0.150681,0.0,0.1104355906058263,0.0370036782151756,2376.588094561304,26.33539956361977
100113,Huanuco,San Pablo De Pillao,2020,0.17331,0.0,0.1104355906058263,0.0370036782151756,2376.588094561304,26.33539956361977
100113,Huanuco,San Pablo De Pillao,2021,0.161218,0.0,0.1104355906058263,0.0370036782151756,2376.588094561304,26.33539956361977
100113,Huanuco,San Pablo De Pillao,2022,0.166737,0.0,0.1104355906058263,0.0370036782151756,2376.588094561304,26.33539956361977
100113,Huanuco,San Pablo De Pillao,2023,0.173237,0.0,0.1104355906058263,0.0370036782151756,2376.588094561304,26.33539956361977
100113,Huanuco,San Pablo De Pillao,2024,0.175894,0.0,0.1104355906058263,0.0370036782151756,2376.588094561304,26.33539956361977
100505,Huanuco,Jircan,1985,0.042126,0.0,0.3305399287075291,0.1296095133180759,2962.761674439804,25.65778166866676
100505,Huanuco,Jircan,1986,0.047326,0.0,0.3305399287075291,0.1296095133180759,2962.761674439804,25.65778166866676
100505,Huanuco,Jircan,1987,0.03733,0.0,0.3305399287075291,0.1296095133180759,2962.761674439804,25.65778166866676
100505,Huanuco,Jircan,1988,0.033976,0.0,0.3305399287075291,0.1296095133180759,2962.761674439804,25.65778166866676
100505,Huanuco,Jircan,1989,0.035126,0.0,0.3305399287075291,0.1296095133180759,2962.761674439804,25.65778166866676
100505,Huanuco,Jircan,1990,0.03432,0.0,0.3305399287075291,0.1296095133180759,2962.761674439804,25.65778166866676
100505,Huanuco,Jircan,1991,0.045251,0.0,0.3305399287075291,0.1296095133180759,2962.761674439804,25.65778166866676
100505,Huanuco,Jircan,1992,0.038229,0.0,0.3305399287075291,0.1296095133180759,2962.761674439804,25.65778166866676
100505,Huanuco,Jircan,1993,0.037034,0.0,0.3305399287075291,0.1296095133180759,2962.761674439804,25.65778166866676
100505,Huanuco,Jircan,1994,0.032726,0.0,0.3305399287075291,0.1296095133180759,2962.761674439804,25.65778166866676
100505,Huanuco,Jircan,1995,0.033433,0.0,0.3305399287075291,0.1296095133180759,2962.761674439804,25.65778166866676
100505,Huanuco,Jircan,1996,0.038543,0.0,0.3305399287075291,0.1296095133180759,2962.761674439804,25.65778166866676
100505,Huanuco,Jircan,1997,0.043399,0.0,0.3305399287075291,0.1296095133180759,2962.761674439804,25.65778166866676
100505,Huanuco,Jircan,1998,0.038939,0.0,0.3305399287075291,0.1296095133180759,2962.761674439804,25.65778166866676
100505,Huanuco,Jircan,1999,0.042585,0.0,0.3305399287075291,0.1296095133180759,2962.761674439804,25.65778166866676
100505,Huanuco,Jircan,2000,0.046941,0.0,0.3305399287075291,0.1296095133180759,2962.761674439804,25.65778166866676
100505,Huanuco,Jircan,2001,0.041398,0.0,0.3305399287075291,0.1296095133180759,2962.761674439804,25.65778166866676
100505,Huanuco,Jircan,2002,0.043084,0.0,0.3305399287075291,0.1296095133180759,2962.761674439804,25.65778166866676
100505,Huanuco,Jircan,2003,0.041091,0.0,0.3305399287075291,0.1296095133180759,2962.761674439804,25.65778166866676
100505,Huanuco,Jircan,2004,0.037944,0.0,0.3305399287075291,0.1296095133180759,2962.761674439804,25.65778166866676
100505,Huanuco,Jircan,2005,0.042995,0.0,0.3305399287075291,0.1296095133180759,2962.761674439804,25.65778166866676
100505,Huanuco,Jircan,2006,0.042411,0.0,0.3305399287075291,0.1296095133180759,2962.761674439804,25.65778166866676
100505,Huanuco,Jircan,2007,0.048709,0.0,0.3305399287075291,0.1296095133180759,2962.761674439804,25.65778166866676
100505,Huanuco,Jircan,2008,0.056082,0.0,0.3305399287075291,0.1296095133180759,2962.761674439804,25.65778166866676
100505,Huanuco,Jircan,2009,0.049256,0.0,0.3305399287075291,0.1296095133180759,2962.761674439804,25.65778166866676
100505,Huanuco,Jircan,2010,0.050924,0.0,0.3305399287075291,0.1296095133180759,2962.761674439804,25.65778166866676
100505,Huanuco,Jircan,2011,0.050314,0.0,0.3305399287075291,0.1296095133180759,2962.761674439804,25.65778166866676
100505,Huanuco,Jircan,2012,0.04308,0.0,0.3305399287075291,0.1296095133180759,2962.761674439804,25.65778166866676
100505,Huanuco,Jircan,2013,0.047562,0.0,0.3305399287075291,0.1296095133180759,2962.761674439804,25.65778166866676
100505,Huanuco,Jircan,2014,0.041812,0.0,0.3305399287075291,0.1296095133180759,2962.761674439804,25.65778166866676
100505,Huanuco,Jircan,2015,0.041446,0.0,0.3305399287075291,0.1296095133180759,2962.761674439804,25.65778166866676
100505,Huanuco,Jircan,2016,0.036827,0.0,0.3305399287075291,0.1296095133180759,2962.761674439804,25.65778166866676
100505,Huanuco,Jircan,2017,0.03838,0.0,0.3305399287075291,0.1296095133180759,2962.761674439804,25.65778166866676
100505,Huanuco,Jircan,2018,0.044467,0.0,0.3305399287075291,0.1296095133180759,2962.761674439804,25.65778166866676
100505,Huanuco,Jircan,2019,0.03861,0.0,0.3305399287075291,0.1296095133180759,2962.761674439804,25.65778166866676
100505,Huanuco,Jircan,2020,0.041505,0.0,0.3305399287075291,0.1296095133180759,2962.761674439804,25.65778166866676
100505,Huanuco,Jircan,2021,0.04781,0.0,0.3305399287075291,0.1296095133180759,2962.761674439804,25.65778166866676
100505,Huanuco,Jircan,2022,0.046723,0.0,0.3305399287075291,0.1296095133180759,2962.761674439804,25.65778166866676
100505,Huanuco,Jircan,2023,0.051371,0.0,0.3305399287075291,0.1296095133180759,2962.761674439804,25.65778166866676
100505,Huanuco,Jircan,2024,0.052236,0.0,0.3305399287075291,0.1296095133180759,2962.761674439804,25.65778166866676
100507,Huanuco,Monzon,1985,0.142993,0.0,0.0945910580381855,0.0461845251436775,2213.7139763803198,26.449981663557057
100507,Huanuco,Monzon,1986,0.14598,0.0,0.0945910580381855,0.0461845251436775,2213.7139763803198,26.449981663557057
100507,Huanuco,Monzon,1987,0.140874,0.0,0.0945910580381855,0.0461845251436775,2213.7139763803198,26.449981663557057
100507,Huanuco,Monzon,1988,0.140468,0.0,0.0945910580381855,0.0461845251436775,2213.7139763803198,26.449981663557057
100507,Huanuco,Monzon,1989,0.146598,0.0,0.0945910580381855,0.0461845251436775,2213.7139763803198,26.449981663557057
100507,Huanuco,Monzon,1990,0.14363,0.0,0.0945910580381855,0.0461845251436775,2213.7139763803198,26.449981663557057
100507,Huanuco,Monzon,1991,0.145984,0.0,0.0945910580381855,0.0461845251436775,2213.7139763803198,26.449981663557057
100507,Huanuco,Monzon,1992,0.150974,0.0,0.0945910580381855,0.0461845251436775,2213.7139763803198,26.449981663557057
100507,Huanuco,Monzon,1993,0.156322,0.0,0.0945910580381855,0.0461845251436775,2213.7139763803198,26.449981663557057
100507,Huanuco,Monzon,1994,0.154917,0.0,0.0945910580381855,0.0461845251436775,2213.7139763803198,26.449981663557057
100507,Huanuco,Monzon,1995,0.155768,0.0,0.0945910580381855,0.0461845251436775,2213.7139763803198,26.449981663557057
100507,Huanuco,Monzon,1996,0.156619,0.0,0.0945910580381855,0.0461845251436775,2213.7139763803198,26.449981663557057
100507,Huanuco,Monzon,1997,0.15636,0.0,0.0945910580381855,0.0461845251436775,2213.7139763803198,26.449981663557057
100507,Huanuco,Monzon,1998,0.156466,0.0,0.0945910580381855,0.0461845251436775,2213.7139763803198,26.449981663557057
100507,Huanuco,Monzon,1999,0.157436,0.0,0.0945910580381855,0.0461845251436775,2213.7139763803198,26.449981663557057
100507,Huanuco,Monzon,2000,0.157366,0.0,0.0945910580381855,0.0461845251436775,2213.7139763803198,26.449981663557057
100507,Huanuco,Monzon,2001,0.159272,0.0,0.0945910580381855,0.0461845251436775,2213.7139763803198,26.449981663557057
100507,Huanuco,Monzon,2002,0.157499,0.0,0.0945910580381855,0.0461845251436775,2213.7139763803198,26.449981663557057
100507,Huanuco,Monzon,2003,0.156447,0.0,0.0945910580381855,0.0461845251436775,2213.7139763803198,26.449981663557057
100507,Huanuco,Monzon,2004,0.153957,0.0,0.0945910580381855,0.0461845251436775,2213.7139763803198,26.449981663557057
100507,Huanuco,Monzon,2005,0.146364,0.0,0.0945910580381855,0.0461845251436775,2213.7139763803198,26.449981663557057
100507,Huanuco,Monzon,2006,0.149469,0.0,0.0945910580381855,0.0461845251436775,2213.7139763803198,26.449981663557057
100507,Huanuco,Monzon,2007,0.149017,0.0,0.0945910580381855,0.0461845251436775,2213.7139763803198,26.449981663557057
100507,Huanuco,Monzon,2008,0.152944,0.0,0.0945910580381855,0.0461845251436775,2213.7139763803198,26.449981663557057
100507,Huanuco,Monzon,2009,0.156528,0.0,0.0945910580381855,0.0461845251436775,2213.7139763803198,26.449981663557057
100507,Huanuco,Monzon,2010,0.156164,0.0,0.0945910580381855,0.0461845251436775,2213.7139763803198,26.449981663557057
100507,Huanuco,Monzon,2011,0.159987,0.0,0.0945910580381855,0.0461845251436775,2213.7139763803198,26.449981663557057
100507,Huanuco,Monzon,2012,0.156904,0.0,0.0945910580381855,0.0461845251436775,2213.7139763803198,26.449981663557057
100507,Huanuco,Monzon,2013,0.156152,0.0,0.0945910580381855,0.0461845251436775,2213.7139763803198,26.449981663557057
100507,Huanuco,Monzon,2014,0.149944,0.0,0.0945910580381855,0.0461845251436775,2213.7139763803198,26.449981663557057
100507,Huanuco,Monzon,2015,0.146918,0.0,0.0945910580381855,0.0461845251436775,2213.7139763803198,26.449981663557057
100507,Huanuco,Monzon,2016,0.143093,0.0,0.0945910580381855,0.0461845251436775,2213.7139763803198,26.449981663557057
100507,Huanuco,Monzon,2017,0.13994,0.0,0.0945910580381855,0.0461845251436775,2213.7139763803198,26.449981663557057
100507,Huanuco,Monzon,2018,0.136198,0.0,0.0945910580381855,0.0461845251436775,2213.7139763803198,26.449981663557057
100507,Huanuco,Monzon,2019,0.13304,0.0,0.0945910580381855,0.0461845251436775,2213.7139763803198,26.449981663557057
100507,Huanuco,Monzon,2020,0.133819,0.019657,0.0945910580381855,0.0461845251436775,2213.7139763803198,26.449981663557057
100507,Huanuco,Monzon,2021,0.134079,0.019657,0.0945910580381855,0.0461845251436775,2213.7139763803198,26.449981663557057
100507,Huanuco,Monzon,2022,0.137636,0.019657,0.0945910580381855,0.0461845251436775,2213.7139763803198,26.449981663557057
100507,Huanuco,Monzon,2023,0.138312,0.019657,0.0945910580381855,0.0461845251436775,2213.7139763803198,26.449981663557057
100507,Huanuco,Monzon,2024,0.143591,0.019657,0.0945910580381855,0.0461845251436775,2213.7139763803198,26.449981663557057
100601,Huanuco,Rupa-Rupa,1985,0.401616,0.0,0.2345308720343012,0.0862020485503361,854.8664982692487,15.712467913590215
100601,Huanuco,Rupa-Rupa,1986,0.402598,0.0,0.2345308720343012,0.0862020485503361,854.8664982692487,15.712467913590215
100601,Huanuco,Rupa-Rupa,1987,0.404614,0.0,0.2345308720343012,0.0862020485503361,854.8664982692487,15.712467913590215
100601,Huanuco,Rupa-Rupa,1988,0.405968,0.0,0.2345308720343012,0.0862020485503361,854.8664982692487,15.712467913590215
100601,Huanuco,Rupa-Rupa,1989,0.412502,0.0,0.2345308720343012,0.0862020485503361,854.8664982692487,15.712467913590215
100601,Huanuco,Rupa-Rupa,1990,0.397186,0.0,0.2345308720343012,0.0862020485503361,854.8664982692487,15.712467913590215
100601,Huanuco,Rupa-Rupa,1991,0.396712,0.0,0.2345308720343012,0.0862020485503361,854.8664982692487,15.712467913590215
100601,Huanuco,Rupa-Rupa,1992,0.395303,0.0,0.2345308720343012,0.0862020485503361,854.8664982692487,15.712467913590215
100601,Huanuco,Rupa-Rupa,1993,0.386534,0.0,0.2345308720343012,0.0862020485503361,854.8664982692487,15.712467913590215
100601,Huanuco,Rupa-Rupa,1994,0.377735,0.0,0.2345308720343012,0.0862020485503361,854.8664982692487,15.712467913590215
100601,Huanuco,Rupa-Rupa,1995,0.372113,0.0,0.2345308720343012,0.0862020485503361,854.8664982692487,15.712467913590215
100601,Huanuco,Rupa-Rupa,1996,0.376516,0.0,0.2345308720343012,0.0862020485503361,854.8664982692487,15.712467913590215
100601,Huanuco,Rupa-Rupa,1997,0.377806,0.0,0.2345308720343012,0.0862020485503361,854.8664982692487,15.712467913590215
100601,Huanuco,Rupa-Rupa,1998,0.37653,0.0,0.2345308720343012,0.0862020485503361,854.8664982692487,15.712467913590215
100601,Huanuco,Rupa-Rupa,1999,0.378562,0.0,0.2345308720343012,0.0862020485503361,854.8664982692487,15.712467913590215
100601,Huanuco,Rupa-Rupa,2000,0.373498,0.0,0.2345308720343012,0.0862020485503361,854.8664982692487,15.712467913590215
100601,Huanuco,Rupa-Rupa,2001,0.374684,0.0,0.2345308720343012,0.0862020485503361,854.8664982692487,15.712467913590215
100601,Huanuco,Rupa-Rupa,2002,0.375778,0.0,0.2345308720343012,0.0862020485503361,854.8664982692487,15.712467913590215
100601,Huanuco,Rupa-Rupa,2003,0.38078,0.0,0.2345308720343012,0.0862020485503361,854.8664982692487,15.712467913590215
100601,Huanuco,Rupa-Rupa,2004,0.385617,0.0,0.2345308720343012,0.0862020485503361,854.8664982692487,15.712467913590215
100601,Huanuco,Rupa-Rupa,2005,0.37738,0.0,0.2345308720343012,0.0862020485503361,854.8664982692487,15.712467913590215
100601,Huanuco,Rupa-Rupa,2006,0.387429,0.0,0.2345308720343012,0.0862020485503361,854.8664982692487,15.712467913590215
100601,Huanuco,Rupa-Rupa,2007,0.387418,0.0,0.2345308720343012,0.0862020485503361,854.8664982692487,15.712467913590215
100601,Huanuco,Rupa-Rupa,2008,0.380997,0.0,0.2345308720343012,0.0862020485503361,854.8664982692487,15.712467913590215
100601,Huanuco,Rupa-Rupa,2009,0.39467,0.0,0.2345308720343012,0.0862020485503361,854.8664982692487,15.712467913590215
100601,Huanuco,Rupa-Rupa,2010,0.400529,0.0,0.2345308720343012,0.0862020485503361,854.8664982692487,15.712467913590215
100601,Huanuco,Rupa-Rupa,2011,0.39743,0.0,0.2345308720343012,0.0862020485503361,854.8664982692487,15.712467913590215
100601,Huanuco,Rupa-Rupa,2012,0.380455,0.0,0.2345308720343012,0.0862020485503361,854.8664982692487,15.712467913590215
100601,Huanuco,Rupa-Rupa,2013,0.371605,0.0,0.2345308720343012,0.0862020485503361,854.8664982692487,15.712467913590215
100601,Huanuco,Rupa-Rupa,2014,0.356181,0.0,0.2345308720343012,0.0862020485503361,854.8664982692487,15.712467913590215
100601,Huanuco,Rupa-Rupa,2015,0.348439,0.0,0.2345308720343012,0.0862020485503361,854.8664982692487,15.712467913590215
100601,Huanuco,Rupa-Rupa,2016,0.347379,0.0,0.2345308720343012,0.0862020485503361,854.8664982692487,15.712467913590215
100601,Huanuco,Rupa-Rupa,2017,0.343568,0.0,0.2345308720343012,0.0862020485503361,854.8664982692487,15.712467913590215
100601,Huanuco,Rupa-Rupa,2018,0.334705,0.0,0.2345308720343012,0.0862020485503361,854.8664982692487,15.712467913590215
100601,Huanuco,Rupa-Rupa,2019,0.330244,0.0,0.2345308720343012,0.0862020485503361,854.8664982692487,15.712467913590215
100601,Huanuco,Rupa-Rupa,2020,0.331647,0.0,0.2345308720343012,0.0862020485503361,854.8664982692487,15.712467913590215
100601,Huanuco,Rupa-Rupa,2021,0.334051,0.0,0.2345308720343012,0.0862020485503361,854.8664982692487,15.712467913590215
100601,Huanuco,Rupa-Rupa,2022,0.336649,0.0,0.2345308720343012,0.0862020485503361,854.8664982692487,15.712467913590215
100601,Huanuco,Rupa-Rupa,2023,0.336663,0.0,0.2345308720343012,0.0862020485503361,854.8664982692487,15.712467913590215
100601,Huanuco,Rupa-Rupa,2024,0.35018,0.0,0.2345308720343012,0.0862020485503361,854.8664982692487,15.712467913590215
100603,Huanuco,Hermilio Valdizan,1985,0.171313,0.0,0.4292382299819747,0.0,1299.0029148011502,18.403183682598787
100603,Huanuco,Hermilio Valdizan,1986,0.171174,0.0,0.4292382299819747,0.0,1299.0029148011502,18.403183682598787
100603,Huanuco,Hermilio Valdizan,1987,0.166759,0.0,0.4292382299819747,0.0,1299.0029148011502,18.403183682598787
100603,Huanuco,Hermilio Valdizan,1988,0.162057,0.0,0.4292382299819747,0.0,1299.0029148011502,18.403183682598787
100603,Huanuco,Hermilio Valdizan,1989,0.161526,0.0,0.4292382299819747,0.0,1299.0029148011502,18.403183682598787
100603,Huanuco,Hermilio Valdizan,1990,0.14863,0.0,0.4292382299819747,0.0,1299.0029148011502,18.403183682598787
100603,Huanuco,Hermilio Valdizan,1991,0.151021,0.0,0.4292382299819747,0.0,1299.0029148011502,18.403183682598787
100603,Huanuco,Hermilio Valdizan,1992,0.150802,0.0,0.4292382299819747,0.0,1299.0029148011502,18.403183682598787
100603,Huanuco,Hermilio Valdizan,1993,0.149959,0.0,0.4292382299819747,0.0,1299.0029148011502,18.403183682598787
100603,Huanuco,Hermilio Valdizan,1994,0.149542,0.0,0.4292382299819747,0.0,1299.0029148011502,18.403183682598787
100603,Huanuco,Hermilio Valdizan,1995,0.147394,0.0,0.4292382299819747,0.0,1299.0029148011502,18.403183682598787
100603,Huanuco,Hermilio Valdizan,1996,0.158798,0.0,0.4292382299819747,0.0,1299.0029148011502,18.403183682598787
100603,Huanuco,Hermilio Valdizan,1997,0.165777,0.0,0.4292382299819747,0.0,1299.0029148011502,18.403183682598787
100603,Huanuco,Hermilio Valdizan,1998,0.170448,0.0,0.4292382299819747,0.0,1299.0029148011502,18.403183682598787
100603,Huanuco,Hermilio Valdizan,1999,0.179661,0.0,0.4292382299819747,0.0,1299.0029148011502,18.403183682598787
100603,Huanuco,Hermilio Valdizan,2000,0.17722,0.0,0.4292382299819747,0.0,1299.0029148011502,18.403183682598787
100603,Huanuco,Hermilio Valdizan,2001,0.185287,0.0,0.4292382299819747,0.0,1299.0029148011502,18.403183682598787
100603,Huanuco,Hermilio Valdizan,2002,0.181991,0.0,0.4292382299819747,0.0,1299.0029148011502,18.403183682598787
100603,Huanuco,Hermilio Valdizan,2003,0.18529,0.0,0.4292382299819747,0.0,1299.0029148011502,18.403183682598787
100603,Huanuco,Hermilio Valdizan,2004,0.182426,0.0,0.4292382299819747,0.0,1299.0029148011502,18.403183682598787
100603,Huanuco,Hermilio Valdizan,2005,0.176701,0.0,0.4292382299819747,0.0,1299.0029148011502,18.403183682598787
100603,Huanuco,Hermilio Valdizan,2006,0.183433,0.0,0.4292382299819747,0.0,1299.0029148011502,18.403183682598787
100603,Huanuco,Hermilio Valdizan,2007,0.177174,0.0,0.4292382299819747,0.0,1299.0029148011502,18.403183682598787
100603,Huanuco,Hermilio Valdizan,2008,0.169466,0.0,0.4292382299819747,0.0,1299.0029148011502,18.403183682598787
100603,Huanuco,Hermilio Valdizan,2009,0.17398,0.0,0.4292382299819747,0.0,1299.0029148011502,18.403183682598787
100603,Huanuco,Hermilio Valdizan,2010,0.179856,0.0,0.4292382299819747,0.0,1299.0029148011502,18.403183682598787
100603,Huanuco,Hermilio Valdizan,2011,0.176562,0.0,0.4292382299819747,0.0,1299.0029148011502,18.403183682598787
100603,Huanuco,Hermilio Valdizan,2012,0.1578,0.0,0.4292382299819747,0.0,1299.0029148011502,18.403183682598787
100603,Huanuco,Hermilio Valdizan,2013,0.153184,0.0,0.4292382299819747,0.0,1299.0029148011502,18.403183682598787
100603,Huanuco,Hermilio Valdizan,2014,0.147904,0.0,0.4292382299819747,0.0,1299.0029148011502,18.403183682598787
100603,Huanuco,Hermilio Valdizan,2015,0.148704,0.0,0.4292382299819747,0.0,1299.0029148011502,18.403183682598787
100603,Huanuco,Hermilio Valdizan,2016,0.154052,0.0,0.4292382299819747,0.0,1299.0029148011502,18.403183682598787
100603,Huanuco,Hermilio Valdizan,2017,0.151587,0.0,0.4292382299819747,0.0,1299.0029148011502,18.403183682598787
100603,Huanuco,Hermilio Valdizan,2018,0.13892,0.0,0.4292382299819747,0.0,1299.0029148011502,18.403183682598787
100603,Huanuco,Hermilio Valdizan,2019,0.132373,0.0,0.4292382299819747,0.0,1299.0029148011502,18.403183682598787
100603,Huanuco,Hermilio Valdizan,2020,0.135015,0.0,0.4292382299819747,0.0,1299.0029148011502,18.403183682598787
100603,Huanuco,Hermilio Valdizan,2021,0.1518,0.0,0.4292382299819747,0.0,1299.0029148011502,18.403183682598787
100603,Huanuco,Hermilio Valdizan,2022,0.159836,0.0,0.4292382299819747,0.0,1299.0029148011502,18.403183682598787
100603,Huanuco,Hermilio Valdizan,2023,0.173272,0.0,0.4292382299819747,0.0,1299.0029148011502,18.403183682598787
100603,Huanuco,Hermilio Valdizan,2024,0.186551,0.0,0.4292382299819747,0.0,1299.0029148011502,18.403183682598787
100605,Huanuco,Luyando,1985,0.647796,0.0,0.8123526732604107,0.0963500490104887,736.2571176099306,12.595581351214577
100605,Huanuco,Luyando,1986,0.644208,0.0,0.8123526732604107,0.0963500490104887,736.2571176099306,12.595581351214577
100605,Huanuco,Luyando,1987,0.62813,0.0,0.8123526732604107,0.0963500490104887,736.2571176099306,12.595581351214577
100605,Huanuco,Luyando,1988,0.629556,0.0,0.8123526732604107,0.0963500490104887,736.2571176099306,12.595581351214577
100605,Huanuco,Luyando,1989,0.641024,0.0,0.8123526732604107,0.0963500490104887,736.2571176099306,12.595581351214577
100605,Huanuco,Luyando,1990,0.63883,0.0,0.8123526732604107,0.0963500490104887,736.2571176099306,12.595581351214577
100605,Huanuco,Luyando,1991,0.658092,0.0,0.8123526732604107,0.0963500490104887,736.2571176099306,12.595581351214577
100605,Huanuco,Luyando,1992,0.656476,0.0,0.8123526732604107,0.0963500490104887,736.2571176099306,12.595581351214577
100605,Huanuco,Luyando,1993,0.651962,0.0,0.8123526732604107,0.0963500490104887,736.2571176099306,12.595581351214577
100605,Huanuco,Luyando,1994,0.640929,0.0,0.8123526732604107,0.0963500490104887,736.2571176099306,12.595581351214577
100605,Huanuco,Luyando,1995,0.612116,0.0,0.8123526732604107,0.0963500490104887,736.2571176099306,12.595581351214577
100605,Huanuco,Luyando,1996,0.633841,0.0,0.8123526732604107,0.0963500490104887,736.2571176099306,12.595581351214577
100605,Huanuco,Luyando,1997,0.699585,0.0,0.8123526732604107,0.0963500490104887,736.2571176099306,12.595581351214577
100605,Huanuco,Luyando,1998,0.716431,0.0,0.8123526732604107,0.0963500490104887,736.2571176099306,12.595581351214577
100605,Huanuco,Luyando,1999,0.723258,0.0,0.8123526732604107,0.0963500490104887,736.2571176099306,12.595581351214577
100605,Huanuco,Luyando,2000,0.707735,0.0,0.8123526732604107,0.0963500490104887,736.2571176099306,12.595581351214577
100605,Huanuco,Luyando,2001,0.708764,0.0,0.8123526732604107,0.0963500490104887,736.2571176099306,12.595581351214577
100605,Huanuco,Luyando,2002,0.700813,0.0,0.8123526732604107,0.0963500490104887,736.2571176099306,12.595581351214577
100605,Huanuco,Luyando,2003,0.698445,0.0,0.8123526732604107,0.0963500490104887,736.2571176099306,12.595581351214577
100605,Huanuco,Luyando,2004,0.689907,0.0,0.8123526732604107,0.0963500490104887,736.2571176099306,12.595581351214577
100605,Huanuco,Luyando,2005,0.67436,0.0,0.8123526732604107,0.0963500490104887,736.2571176099306,12.595581351214577
100605,Huanuco,Luyando,2006,0.675421,0.0,0.8123526732604107,0.0963500490104887,736.2571176099306,12.595581351214577
100605,Huanuco,Luyando,2007,0.666796,0.0,0.8123526732604107,0.0963500490104887,736.2571176099306,12.595581351214577
100605,Huanuco,Luyando,2008,0.649998,0.0,0.8123526732604107,0.0963500490104887,736.2571176099306,12.595581351214577
100605,Huanuco,Luyando,2009,0.649031,0.0,0.8123526732604107,0.0963500490104887,736.2571176099306,12.595581351214577
100605,Huanuco,Luyando,2010,0.649459,0.0,0.8123526732604107,0.0963500490104887,736.2571176099306,12.595581351214577
100605,Huanuco,Luyando,2011,0.644359,0.0,0.8123526732604107,0.0963500490104887,736.2571176099306,12.595581351214577
100605,Huanuco,Luyando,2012,0.625572,0.0,0.8123526732604107,0.0963500490104887,736.2571176099306,12.595581351214577
100605,Huanuco,Luyando,2013,0.617343,0.0,0.8123526732604107,0.0963500490104887,736.2571176099306,12.595581351214577
100605,Huanuco,Luyando,2014,0.60597,0.0,0.8123526732604107,0.0963500490104887,736.2571176099306,12.595581351214577
100605,Huanuco,Luyando,2015,0.598929,0.0,0.8123526732604107,0.0963500490104887,736.2571176099306,12.595581351214577
100605,Huanuco,Luyando,2016,0.606453,0.0,0.8123526732604107,0.0963500490104887,736.2571176099306,12.595581351214577
100605,Huanuco,Luyando,2017,0.609209,0.0,0.8123526732604107,0.0963500490104887,736.2571176099306,12.595581351214577
100605,Huanuco,Luyando,2018,0.58282,0.0,0.8123526732604107,0.0963500490104887,736.2571176099306,12.595581351214577
100605,Huanuco,Luyando,2019,0.571304,0.0,0.8123526732604107,0.0963500490104887,736.2571176099306,12.595581351214577
100605,Huanuco,Luyando,2020,0.569752,0.0,0.8123526732604107,0.0963500490104887,736.2571176099306,12.595581351214577
100605,Huanuco,Luyando,2021,0.563788,0.0,0.8123526732604107,0.0963500490104887,736.2571176099306,12.595581351214577
100605,Huanuco,Luyando,2022,0.558284,0.0,0.8123526732604107,0.0963500490104887,736.2571176099306,12.595581351214577
100605,Huanuco,Luyando,2023,0.552621,0.0,0.8123526732604107,0.0963500490104887,736.2571176099306,12.595581351214577
100605,Huanuco,Luyando,2024,0.569728,0.0,0.8123526732604107,0.0963500490104887,736.2571176099306,12.595581351214577
100606,Huanuco,Mariano Damaso Beraun,1985,0.148312,0.0,0.1852287545138463,0.0435908018176441,1408.1728231361706,24.511239716854792
100606,Huanuco,Mariano Damaso Beraun,1986,0.151638,0.0,0.1852287545138463,0.0435908018176441,1408.1728231361706,24.511239716854792
100606,Huanuco,Mariano Damaso Beraun,1987,0.146485,0.0,0.1852287545138463,0.0435908018176441,1408.1728231361706,24.511239716854792
100606,Huanuco,Mariano Damaso Beraun,1988,0.14108,0.0,0.1852287545138463,0.0435908018176441,1408.1728231361706,24.511239716854792
100606,Huanuco,Mariano Damaso Beraun,1989,0.141404,0.0,0.1852287545138463,0.0435908018176441,1408.1728231361706,24.511239716854792
100606,Huanuco,Mariano Damaso Beraun,1990,0.132847,0.0,0.1852287545138463,0.0435908018176441,1408.1728231361706,24.511239716854792
100606,Huanuco,Mariano Damaso Beraun,1991,0.135657,0.0,0.1852287545138463,0.0435908018176441,1408.1728231361706,24.511239716854792
100606,Huanuco,Mariano Damaso Beraun,1992,0.137145,0.0,0.1852287545138463,0.0435908018176441,1408.1728231361706,24.511239716854792
100606,Huanuco,Mariano Damaso Beraun,1993,0.140464,0.0,0.1852287545138463,0.0435908018176441,1408.1728231361706,24.511239716854792
100606,Huanuco,Mariano Damaso Beraun,1994,0.14275,0.0,0.1852287545138463,0.0435908018176441,1408.1728231361706,24.511239716854792
100606,Huanuco,Mariano Damaso Beraun,1995,0.143508,0.0,0.1852287545138463,0.0435908018176441,1408.1728231361706,24.511239716854792
100606,Huanuco,Mariano Damaso Beraun,1996,0.152557,0.0,0.1852287545138463,0.0435908018176441,1408.1728231361706,24.511239716854792
100606,Huanuco,Mariano Damaso Beraun,1997,0.155269,0.0,0.1852287545138463,0.0435908018176441,1408.1728231361706,24.511239716854792
100606,Huanuco,Mariano Damaso Beraun,1998,0.159072,0.0,0.1852287545138463,0.0435908018176441,1408.1728231361706,24.511239716854792
100606,Huanuco,Mariano Damaso Beraun,1999,0.162792,0.0,0.1852287545138463,0.0435908018176441,1408.1728231361706,24.511239716854792
100606,Huanuco,Mariano Damaso Beraun,2000,0.163951,0.0,0.1852287545138463,0.0435908018176441,1408.1728231361706,24.511239716854792
100606,Huanuco,Mariano Damaso Beraun,2001,0.165823,0.0,0.1852287545138463,0.0435908018176441,1408.1728231361706,24.511239716854792
100606,Huanuco,Mariano Damaso Beraun,2002,0.164388,0.0,0.1852287545138463,0.0435908018176441,1408.1728231361706,24.511239716854792
100606,Huanuco,Mariano Damaso Beraun,2003,0.163333,0.0,0.1852287545138463,0.0435908018176441,1408.1728231361706,24.511239716854792
100606,Huanuco,Mariano Damaso Beraun,2004,0.160515,0.0,0.1852287545138463,0.0435908018176441,1408.1728231361706,24.511239716854792
100606,Huanuco,Mariano Damaso Beraun,2005,0.152472,0.0,0.1852287545138463,0.0435908018176441,1408.1728231361706,24.511239716854792
100606,Huanuco,Mariano Damaso Beraun,2006,0.151667,0.0,0.1852287545138463,0.0435908018176441,1408.1728231361706,24.511239716854792
100606,Huanuco,Mariano Damaso Beraun,2007,0.153824,0.0,0.1852287545138463,0.0435908018176441,1408.1728231361706,24.511239716854792
100606,Huanuco,Mariano Damaso Beraun,2008,0.150505,0.0,0.1852287545138463,0.0435908018176441,1408.1728231361706,24.511239716854792
100606,Huanuco,Mariano Damaso Beraun,2009,0.15408,0.0,0.1852287545138463,0.0435908018176441,1408.1728231361706,24.511239716854792
100606,Huanuco,Mariano Damaso Beraun,2010,0.155067,0.0,0.1852287545138463,0.0435908018176441,1408.1728231361706,24.511239716854792
100606,Huanuco,Mariano Damaso Beraun,2011,0.157068,0.0,0.1852287545138463,0.0435908018176441,1408.1728231361706,24.511239716854792
100606,Huanuco,Mariano Damaso Beraun,2012,0.151442,0.0,0.1852287545138463,0.0435908018176441,1408.1728231361706,24.511239716854792
100606,Huanuco,Mariano Damaso Beraun,2013,0.149987,0.0,0.1852287545138463,0.0435908018176441,1408.1728231361706,24.511239716854792
100606,Huanuco,Mariano Damaso Beraun,2014,0.147584,0.0,0.1852287545138463,0.0435908018176441,1408.1728231361706,24.511239716854792
100606,Huanuco,Mariano Damaso Beraun,2015,0.143242,0.0,0.1852287545138463,0.0435908018176441,1408.1728231361706,24.511239716854792
100606,Huanuco,Mariano Damaso Beraun,2016,0.141554,0.0,0.1852287545138463,0.0435908018176441,1408.1728231361706,24.511239716854792
100606,Huanuco,Mariano Damaso Beraun,2017,0.139167,0.0,0.1852287545138463,0.0435908018176441,1408.1728231361706,24.511239716854792
100606,Huanuco,Mariano Damaso Beraun,2018,0.134849,0.0,0.1852287545138463,0.0435908018176441,1408.1728231361706,24.511239716854792
100606,Huanuco,Mariano Damaso Beraun,2019,0.131146,0.0,0.1852287545138463,0.0435908018176441,1408.1728231361706,24.511239716854792
100606,Huanuco,Mariano Damaso Beraun,2020,0.136055,0.087146,0.1852287545138463,0.0435908018176441,1408.1728231361706,24.511239716854792
100606,Huanuco,Mariano Damaso Beraun,2021,0.138632,0.087146,0.1852287545138463,0.0435908018176441,1408.1728231361706,24.511239716854792
100606,Huanuco,Mariano Damaso Beraun,2022,0.143247,0.087146,0.1852287545138463,0.0435908018176441,1408.1728231361706,24.511239716854792
100606,Huanuco,Mariano Damaso Beraun,2023,0.144176,0.087146,0.1852287545138463,0.0435908018176441,1408.1728231361706,24.511239716854792
100606,Huanuco,Mariano Damaso Beraun,2024,0.15511,0.087146,0.1852287545138463,0.0435908018176441,1408.1728231361706,24.511239716854792
100608,Huanuco,Castillo Grande,1985,0.564339,0.0,0.4849993430496783,0.1045499114137911,743.8856352151528,14.469489633317428
100608,Huanuco,Castillo Grande,1986,0.56653,0.0,0.4849993430496783,0.1045499114137911,743.8856352151528,14.469489633317428
100608,Huanuco,Castillo Grande,1987,0.571801,0.0,0.4849993430496783,0.1045499114137911,743.8856352151528,14.469489633317428
100608,Huanuco,Castillo Grande,1988,0.564186,0.0,0.4849993430496783,0.1045499114137911,743.8856352151528,14.469489633317428
100608,Huanuco,Castillo Grande,1989,0.560988,0.0,0.4849993430496783,0.1045499114137911,743.8856352151528,14.469489633317428
100608,Huanuco,Castillo Grande,1990,0.540209,0.0,0.4849993430496783,0.1045499114137911,743.8856352151528,14.469489633317428
100608,Huanuco,Castillo Grande,1991,0.548424,0.0,0.4849993430496783,0.1045499114137911,743.8856352151528,14.469489633317428
100608,Huanuco,Castillo Grande,1992,0.54746,0.0,0.4849993430496783,0.1045499114137911,743.8856352151528,14.469489633317428
100608,Huanuco,Castillo Grande,1993,0.536165,0.0,0.4849993430496783,0.1045499114137911,743.8856352151528,14.469489633317428
100608,Huanuco,Castillo Grande,1994,0.527747,0.0,0.4849993430496783,0.1045499114137911,743.8856352151528,14.469489633317428
100608,Huanuco,Castillo Grande,1995,0.517501,0.0,0.4849993430496783,0.1045499114137911,743.8856352151528,14.469489633317428
100608,Huanuco,Castillo Grande,1996,0.539921,0.0,0.4849993430496783,0.1045499114137911,743.8856352151528,14.469489633317428
100608,Huanuco,Castillo Grande,1997,0.559736,0.0,0.4849993430496783,0.1045499114137911,743.8856352151528,14.469489633317428
100608,Huanuco,Castillo Grande,1998,0.572148,0.0,0.4849993430496783,0.1045499114137911,743.8856352151528,14.469489633317428
100608,Huanuco,Castillo Grande,1999,0.578992,0.0,0.4849993430496783,0.1045499114137911,743.8856352151528,14.469489633317428
100608,Huanuco,Castillo Grande,2000,0.571124,0.0,0.4849993430496783,0.1045499114137911,743.8856352151528,14.469489633317428
100608,Huanuco,Castillo Grande,2001,0.575591,0.0,0.4849993430496783,0.1045499114137911,743.8856352151528,14.469489633317428
100608,Huanuco,Castillo Grande,2002,0.569796,0.0,0.4849993430496783,0.1045499114137911,743.8856352151528,14.469489633317428
100608,Huanuco,Castillo Grande,2003,0.57065,0.0,0.4849993430496783,0.1045499114137911,743.8856352151528,14.469489633317428
100608,Huanuco,Castillo Grande,2004,0.568408,0.0,0.4849993430496783,0.1045499114137911,743.8856352151528,14.469489633317428
100608,Huanuco,Castillo Grande,2005,0.54713,0.0,0.4849993430496783,0.1045499114137911,743.8856352151528,14.469489633317428
100608,Huanuco,Castillo Grande,2006,0.547409,0.0,0.4849993430496783,0.1045499114137911,743.8856352151528,14.469489633317428
100608,Huanuco,Castillo Grande,2007,0.537662,0.0,0.4849993430496783,0.1045499114137911,743.8856352151528,14.469489633317428
100608,Huanuco,Castillo Grande,2008,0.52498,0.0,0.4849993430496783,0.1045499114137911,743.8856352151528,14.469489633317428
100608,Huanuco,Castillo Grande,2009,0.530149,0.0,0.4849993430496783,0.1045499114137911,743.8856352151528,14.469489633317428
100608,Huanuco,Castillo Grande,2010,0.537637,0.0,0.4849993430496783,0.1045499114137911,743.8856352151528,14.469489633317428
100608,Huanuco,Castillo Grande,2011,0.535759,0.0,0.4849993430496783,0.1045499114137911,743.8856352151528,14.469489633317428
100608,Huanuco,Castillo Grande,2012,0.506333,0.0,0.4849993430496783,0.1045499114137911,743.8856352151528,14.469489633317428
100608,Huanuco,Castillo Grande,2013,0.491298,0.0,0.4849993430496783,0.1045499114137911,743.8856352151528,14.469489633317428
100608,Huanuco,Castillo Grande,2014,0.471881,0.0,0.4849993430496783,0.1045499114137911,743.8856352151528,14.469489633317428
100608,Huanuco,Castillo Grande,2015,0.457693,0.0,0.4849993430496783,0.1045499114137911,743.8856352151528,14.469489633317428
100608,Huanuco,Castillo Grande,2016,0.451533,0.0,0.4849993430496783,0.1045499114137911,743.8856352151528,14.469489633317428
100608,Huanuco,Castillo Grande,2017,0.441753,0.0,0.4849993430496783,0.1045499114137911,743.8856352151528,14.469489633317428
100608,Huanuco,Castillo Grande,2018,0.425339,0.0,0.4849993430496783,0.1045499114137911,743.8856352151528,14.469489633317428
100608,Huanuco,Castillo Grande,2019,0.417463,0.0,0.4849993430496783,0.1045499114137911,743.8856352151528,14.469489633317428
100608,Huanuco,Castillo Grande,2020,0.415161,0.0,0.4849993430496783,0.1045499114137911,743.8856352151528,14.469489633317428
100608,Huanuco,Castillo Grande,2021,0.408054,0.0,0.4849993430496783,0.1045499114137911,743.8856352151528,14.469489633317428
100608,Huanuco,Castillo Grande,2022,0.404983,0.0,0.4849993430496783,0.1045499114137911,743.8856352151528,14.469489633317428
100608,Huanuco,Castillo Grande,2023,0.404696,0.0,0.4849993430496783,0.1045499114137911,743.8856352151528,14.469489633317428
100608,Huanuco,Castillo Grande,2024,0.42528,0.0,0.4849993430496783,0.1045499114137911,743.8856352151528,14.469489633317428
100609,Huanuco,Pueblo Nuevo,1985,0.352799,0.0,0.2307568782798471,0.0359180626472986,1010.6349405813276,13.91843716716009
100609,Huanuco,Pueblo Nuevo,1986,0.354398,0.0,0.2307568782798471,0.0359180626472986,1010.6349405813276,13.91843716716009
100609,Huanuco,Pueblo Nuevo,1987,0.35729,0.0,0.2307568782798471,0.0359180626472986,1010.6349405813276,13.91843716716009
100609,Huanuco,Pueblo Nuevo,1988,0.360811,0.0,0.2307568782798471,0.0359180626472986,1010.6349405813276,13.91843716716009
100609,Huanuco,Pueblo Nuevo,1989,0.363968,0.0,0.2307568782798471,0.0359180626472986,1010.6349405813276,13.91843716716009
100609,Huanuco,Pueblo Nuevo,1990,0.347974,0.0,0.2307568782798471,0.0359180626472986,1010.6349405813276,13.91843716716009
100609,Huanuco,Pueblo Nuevo,1991,0.348953,0.0,0.2307568782798471,0.0359180626472986,1010.6349405813276,13.91843716716009
100609,Huanuco,Pueblo Nuevo,1992,0.345495,0.0,0.2307568782798471,0.0359180626472986,1010.6349405813276,13.91843716716009
100609,Huanuco,Pueblo Nuevo,1993,0.336796,0.0,0.2307568782798471,0.0359180626472986,1010.6349405813276,13.91843716716009
100609,Huanuco,Pueblo Nuevo,1994,0.327615,0.0,0.2307568782798471,0.0359180626472986,1010.6349405813276,13.91843716716009
100609,Huanuco,Pueblo Nuevo,1995,0.320722,0.0,0.2307568782798471,0.0359180626472986,1010.6349405813276,13.91843716716009
100609,Huanuco,Pueblo Nuevo,1996,0.324651,0.0,0.2307568782798471,0.0359180626472986,1010.6349405813276,13.91843716716009
100609,Huanuco,Pueblo Nuevo,1997,0.327124,0.0,0.2307568782798471,0.0359180626472986,1010.6349405813276,13.91843716716009
100609,Huanuco,Pueblo Nuevo,1998,0.323052,0.0,0.2307568782798471,0.0359180626472986,1010.6349405813276,13.91843716716009
100609,Huanuco,Pueblo Nuevo,1999,0.323314,0.0,0.2307568782798471,0.0359180626472986,1010.6349405813276,13.91843716716009
100609,Huanuco,Pueblo Nuevo,2000,0.306547,0.0,0.2307568782798471,0.0359180626472986,1010.6349405813276,13.91843716716009
100609,Huanuco,Pueblo Nuevo,2001,0.305059,0.0,0.2307568782798471,0.0359180626472986,1010.6349405813276,13.91843716716009
100609,Huanuco,Pueblo Nuevo,2002,0.303867,0.0,0.2307568782798471,0.0359180626472986,1010.6349405813276,13.91843716716009
100609,Huanuco,Pueblo Nuevo,2003,0.307796,0.0,0.2307568782798471,0.0359180626472986,1010.6349405813276,13.91843716716009
100609,Huanuco,Pueblo Nuevo,2004,0.310714,0.0,0.2307568782798471,0.0359180626472986,1010.6349405813276,13.91843716716009
100609,Huanuco,Pueblo Nuevo,2005,0.30778,0.0,0.2307568782798471,0.0359180626472986,1010.6349405813276,13.91843716716009
100609,Huanuco,Pueblo Nuevo,2006,0.316738,0.0,0.2307568782798471,0.0359180626472986,1010.6349405813276,13.91843716716009
100609,Huanuco,Pueblo Nuevo,2007,0.318274,0.0,0.2307568782798471,0.0359180626472986,1010.6349405813276,13.91843716716009
100609,Huanuco,Pueblo Nuevo,2008,0.31344,0.0,0.2307568782798471,0.0359180626472986,1010.6349405813276,13.91843716716009
100609,Huanuco,Pueblo Nuevo,2009,0.322616,0.0,0.2307568782798471,0.0359180626472986,1010.6349405813276,13.91843716716009
100609,Huanuco,Pueblo Nuevo,2010,0.327629,0.0,0.2307568782798471,0.0359180626472986,1010.6349405813276,13.91843716716009
100609,Huanuco,Pueblo Nuevo,2011,0.322354,0.0,0.2307568782798471,0.0359180626472986,1010.6349405813276,13.91843716716009
100609,Huanuco,Pueblo Nuevo,2012,0.309283,0.0,0.2307568782798471,0.0359180626472986,1010.6349405813276,13.91843716716009
100609,Huanuco,Pueblo Nuevo,2013,0.302238,0.0,0.2307568782798471,0.0359180626472986,1010.6349405813276,13.91843716716009
100609,Huanuco,Pueblo Nuevo,2014,0.293909,0.0,0.2307568782798471,0.0359180626472986,1010.6349405813276,13.91843716716009
100609,Huanuco,Pueblo Nuevo,2015,0.291548,0.0,0.2307568782798471,0.0359180626472986,1010.6349405813276,13.91843716716009
100609,Huanuco,Pueblo Nuevo,2016,0.297121,0.0,0.2307568782798471,0.0359180626472986,1010.6349405813276,13.91843716716009
100609,Huanuco,Pueblo Nuevo,2017,0.291929,0.0,0.2307568782798471,0.0359180626472986,1010.6349405813276,13.91843716716009
100609,Huanuco,Pueblo Nuevo,2018,0.2824,0.0,0.2307568782798471,0.0359180626472986,1010.6349405813276,13.91843716716009
100609,Huanuco,Pueblo Nuevo,2019,0.281281,0.0,0.2307568782798471,0.0359180626472986,1010.6349405813276,13.91843716716009
100609,Huanuco,Pueblo Nuevo,2020,0.281504,0.0,0.2307568782798471,0.0359180626472986,1010.6349405813276,13.91843716716009
100609,Huanuco,Pueblo Nuevo,2021,0.285598,0.0,0.2307568782798471,0.0359180626472986,1010.6349405813276,13.91843716716009
100609,Huanuco,Pueblo Nuevo,2022,0.282855,0.0,0.2307568782798471,0.0359180626472986,1010.6349405813276,13.91843716716009
100609,Huanuco,Pueblo Nuevo,2023,0.286506,0.0,0.2307568782798471,0.0359180626472986,1010.6349405813276,13.91843716716009
100609,Huanuco,Pueblo Nuevo,2024,0.299743,0.0,0.2307568782798471,0.0359180626472986,1010.6349405813276,13.91843716716009
100702,Huanuco,Cholon,1985,0.131485,0.0,0.0685075603210123,0.0439013537138068,2648.3284217989703,24.557133004308376
100702,Huanuco,Cholon,1986,0.133746,0.0,0.0685075603210123,0.0439013537138068,2648.3284217989703,24.557133004308376
100702,Huanuco,Cholon,1987,0.134576,0.0,0.0685075603210123,0.0439013537138068,2648.3284217989703,24.557133004308376
100702,Huanuco,Cholon,1988,0.138593,0.0,0.0685075603210123,0.0439013537138068,2648.3284217989703,24.557133004308376
100702,Huanuco,Cholon,1989,0.138194,0.0,0.0685075603210123,0.0439013537138068,2648.3284217989703,24.557133004308376
100702,Huanuco,Cholon,1990,0.137876,0.0,0.0685075603210123,0.0439013537138068,2648.3284217989703,24.557133004308376
100702,Huanuco,Cholon,1991,0.140408,0.0,0.0685075603210123,0.0439013537138068,2648.3284217989703,24.557133004308376
100702,Huanuco,Cholon,1992,0.137954,0.0,0.0685075603210123,0.0439013537138068,2648.3284217989703,24.557133004308376
100702,Huanuco,Cholon,1993,0.137955,0.0,0.0685075603210123,0.0439013537138068,2648.3284217989703,24.557133004308376
100702,Huanuco,Cholon,1994,0.136274,0.0,0.0685075603210123,0.0439013537138068,2648.3284217989703,24.557133004308376
100702,Huanuco,Cholon,1995,0.130432,0.0,0.0685075603210123,0.0439013537138068,2648.3284217989703,24.557133004308376
100702,Huanuco,Cholon,1996,0.128975,0.0,0.0685075603210123,0.0439013537138068,2648.3284217989703,24.557133004308376
100702,Huanuco,Cholon,1997,0.125535,0.0,0.0685075603210123,0.0439013537138068,2648.3284217989703,24.557133004308376
100702,Huanuco,Cholon,1998,0.131674,0.0,0.0685075603210123,0.0439013537138068,2648.3284217989703,24.557133004308376
100702,Huanuco,Cholon,1999,0.134797,0.0,0.0685075603210123,0.0439013537138068,2648.3284217989703,24.557133004308376
100702,Huanuco,Cholon,2000,0.130654,0.0,0.0685075603210123,0.0439013537138068,2648.3284217989703,24.557133004308376
100702,Huanuco,Cholon,2001,0.126934,0.0,0.0685075603210123,0.0439013537138068,2648.3284217989703,24.557133004308376
100702,Huanuco,Cholon,2002,0.126687,0.0,0.0685075603210123,0.0439013537138068,2648.3284217989703,24.557133004308376
100702,Huanuco,Cholon,2003,0.122606,0.0,0.0685075603210123,0.0439013537138068,2648.3284217989703,24.557133004308376
100702,Huanuco,Cholon,2004,0.121947,0.0,0.0685075603210123,0.0439013537138068,2648.3284217989703,24.557133004308376
100702,Huanuco,Cholon,2005,0.125899,0.0,0.0685075603210123,0.0439013537138068,2648.3284217989703,24.557133004308376
100702,Huanuco,Cholon,2006,0.130334,0.0,0.0685075603210123,0.0439013537138068,2648.3284217989703,24.557133004308376
100702,Huanuco,Cholon,2007,0.131526,0.0,0.0685075603210123,0.0439013537138068,2648.3284217989703,24.557133004308376
100702,Huanuco,Cholon,2008,0.137281,0.0,0.0685075603210123,0.0439013537138068,2648.3284217989703,24.557133004308376
100702,Huanuco,Cholon,2009,0.137206,0.0,0.0685075603210123,0.0439013537138068,2648.3284217989703,24.557133004308376
100702,Huanuco,Cholon,2010,0.137752,0.0,0.0685075603210123,0.0439013537138068,2648.3284217989703,24.557133004308376
100702,Huanuco,Cholon,2011,0.137819,0.0,0.0685075603210123,0.0439013537138068,2648.3284217989703,24.557133004308376
100702,Huanuco,Cholon,2012,0.140753,0.0,0.0685075603210123,0.0439013537138068,2648.3284217989703,24.557133004308376
100702,Huanuco,Cholon,2013,0.144103,0.0,0.0685075603210123,0.0439013537138068,2648.3284217989703,24.557133004308376
100702,Huanuco,Cholon,2014,0.146771,0.0,0.0685075603210123,0.0439013537138068,2648.3284217989703,24.557133004308376
100702,Huanuco,Cholon,2015,0.147777,0.0,0.0685075603210123,0.0439013537138068,2648.3284217989703,24.557133004308376
100702,Huanuco,Cholon,2016,0.148058,0.0,0.0685075603210123,0.0439013537138068,2648.3284217989703,24.557133004308376
100702,Huanuco,Cholon,2017,0.145453,0.0,0.0685075603210123,0.0439013537138068,2648.3284217989703,24.557133004308376
100702,Huanuco,Cholon,2018,0.142367,1e-06,0.0685075603210123,0.0439013537138068,2648.3284217989703,24.557133004308376
100702,Huanuco,Cholon,2019,0.141386,1e-06,0.0685075603210123,0.0439013537138068,2648.3284217989703,24.557133004308376
100702,Huanuco,Cholon,2020,0.142912,1e-06,0.0685075603210123,0.0439013537138068,2648.3284217989703,24.557133004308376
100702,Huanuco,Cholon,2021,0.143201,1e-06,0.0685075603210123,0.0439013537138068,2648.3284217989703,24.557133004308376
100702,Huanuco,Cholon,2022,0.143482,1e-06,0.0685075603210123,0.0439013537138068,2648.3284217989703,24.557133004308376
100702,Huanuco,Cholon,2023,0.145356,1e-06,0.0685075603210123,0.0439013537138068,2648.3284217989703,24.557133004308376
100702,Huanuco,Cholon,2024,0.148907,1e-06,0.0685075603210123,0.0439013537138068,2648.3284217989703,24.557133004308376
100804,Huanuco,Umari,1985,0.297322,0.0,1.360077095168165,0.0649881811968642,2764.322945146322,24.210960157385205
100804,Huanuco,Umari,1986,0.355332,0.0,1.360077095168165,0.0649881811968642,2764.322945146322,24.210960157385205
100804,Huanuco,Umari,1987,0.332496,0.0,1.360077095168165,0.0649881811968642,2764.322945146322,24.210960157385205
100804,Huanuco,Umari,1988,0.301629,0.0,1.360077095168165,0.0649881811968642,2764.322945146322,24.210960157385205
100804,Huanuco,Umari,1989,0.302128,0.0,1.360077095168165,0.0649881811968642,2764.322945146322,24.210960157385205
100804,Huanuco,Umari,1990,0.29712,0.0,1.360077095168165,0.0649881811968642,2764.322945146322,24.210960157385205
100804,Huanuco,Umari,1991,0.297809,0.0,1.360077095168165,0.0649881811968642,2764.322945146322,24.210960157385205
100804,Huanuco,Umari,1992,0.288119,0.0,1.360077095168165,0.0649881811968642,2764.322945146322,24.210960157385205
100804,Huanuco,Umari,1993,0.263555,0.0,1.360077095168165,0.0649881811968642,2764.322945146322,24.210960157385205
100804,Huanuco,Umari,1994,0.247173,0.0,1.360077095168165,0.0649881811968642,2764.322945146322,24.210960157385205
100804,Huanuco,Umari,1995,0.265035,0.0,1.360077095168165,0.0649881811968642,2764.322945146322,24.210960157385205
100804,Huanuco,Umari,1996,0.274042,0.0,1.360077095168165,0.0649881811968642,2764.322945146322,24.210960157385205
100804,Huanuco,Umari,1997,0.292353,0.0,1.360077095168165,0.0649881811968642,2764.322945146322,24.210960157385205
100804,Huanuco,Umari,1998,0.280991,0.0,1.360077095168165,0.0649881811968642,2764.322945146322,24.210960157385205
100804,Huanuco,Umari,1999,0.294142,0.0,1.360077095168165,0.0649881811968642,2764.322945146322,24.210960157385205
100804,Huanuco,Umari,2000,0.289868,0.0,1.360077095168165,0.0649881811968642,2764.322945146322,24.210960157385205
100804,Huanuco,Umari,2001,0.275988,0.0,1.360077095168165,0.0649881811968642,2764.322945146322,24.210960157385205
100804,Huanuco,Umari,2002,0.295269,0.0,1.360077095168165,0.0649881811968642,2764.322945146322,24.210960157385205
100804,Huanuco,Umari,2003,0.300591,0.0,1.360077095168165,0.0649881811968642,2764.322945146322,24.210960157385205
100804,Huanuco,Umari,2004,0.311415,0.0,1.360077095168165,0.0649881811968642,2764.322945146322,24.210960157385205
100804,Huanuco,Umari,2005,0.300322,0.0,1.360077095168165,0.0649881811968642,2764.322945146322,24.210960157385205
100804,Huanuco,Umari,2006,0.294388,0.0,1.360077095168165,0.0649881811968642,2764.322945146322,24.210960157385205
100804,Huanuco,Umari,2007,0.325031,0.0,1.360077095168165,0.0649881811968642,2764.322945146322,24.210960157385205
100804,Huanuco,Umari,2008,0.321184,0.0,1.360077095168165,0.0649881811968642,2764.322945146322,24.210960157385205
100804,Huanuco,Umari,2009,0.309889,0.0,1.360077095168165,0.0649881811968642,2764.322945146322,24.210960157385205
100804,Huanuco,Umari,2010,0.310675,0.0,1.360077095168165,0.0649881811968642,2764.322945146322,24.210960157385205
100804,Huanuco,Umari,2011,0.363683,0.062776,1.360077095168165,0.0649881811968642,2764.322945146322,24.210960157385205
100804,Huanuco,Umari,2012,0.373491,0.062776,1.360077095168165,0.0649881811968642,2764.322945146322,24.210960157385205
100804,Huanuco,Umari,2013,0.359611,0.062776,1.360077095168165,0.0649881811968642,2764.322945146322,24.210960157385205
100804,Huanuco,Umari,2014,0.351855,0.062776,1.360077095168165,0.0649881811968642,2764.322945146322,24.210960157385205
100804,Huanuco,Umari,2015,0.354412,0.062776,1.360077095168165,0.0649881811968642,2764.322945146322,24.210960157385205
100804,Huanuco,Umari,2016,0.359746,0.062776,1.360077095168165,0.0649881811968642,2764.322945146322,24.210960157385205
100804,Huanuco,Umari,2017,0.382307,0.062776,1.360077095168165,0.0649881811968642,2764.322945146322,24.210960157385205
100804,Huanuco,Umari,2018,0.371444,0.062776,1.360077095168165,0.0649881811968642,2764.322945146322,24.210960157385205
100804,Huanuco,Umari,2019,0.355013,0.062776,1.360077095168165,0.0649881811968642,2764.322945146322,24.210960157385205
100804,Huanuco,Umari,2020,0.387181,0.062776,1.360077095168165,0.0649881811968642,2764.322945146322,24.210960157385205
100804,Huanuco,Umari,2021,0.356409,0.062776,1.360077095168165,0.0649881811968642,2764.322945146322,24.210960157385205
100804,Huanuco,Umari,2022,0.345765,0.062776,1.360077095168165,0.0649881811968642,2764.322945146322,24.210960157385205
100804,Huanuco,Umari,2023,0.349023,0.062776,1.360077095168165,0.0649881811968642,2764.322945146322,24.210960157385205
100804,Huanuco,Umari,2024,0.333578,0.062776,1.360077095168165,0.0649881811968642,2764.322945146322,24.210960157385205
100901,Huanuco,Puerto Inca,1985,0.054673,0.0,0.0817129516975521,0.0643421409564766,408.6469846468011,9.59642829628302
100901,Huanuco,Puerto Inca,1986,0.055657,0.0,0.0817129516975521,0.0643421409564766,408.6469846468011,9.59642829628302
100901,Huanuco,Puerto Inca,1987,0.065822,0.0,0.0817129516975521,0.0643421409564766,408.6469846468011,9.59642829628302
100901,Huanuco,Puerto Inca,1988,0.069773,0.0,0.0817129516975521,0.0643421409564766,408.6469846468011,9.59642829628302
100901,Huanuco,Puerto Inca,1989,0.074842,0.0,0.0817129516975521,0.0643421409564766,408.6469846468011,9.59642829628302
100901,Huanuco,Puerto Inca,1990,0.077478,0.0,0.0817129516975521,0.0643421409564766,408.6469846468011,9.59642829628302
100901,Huanuco,Puerto Inca,1991,0.080543,0.0,0.0817129516975521,0.0643421409564766,408.6469846468011,9.59642829628302
100901,Huanuco,Puerto Inca,1992,0.084836,0.0,0.0817129516975521,0.0643421409564766,408.6469846468011,9.59642829628302
100901,Huanuco,Puerto Inca,1993,0.088737,0.0,0.0817129516975521,0.0643421409564766,408.6469846468011,9.59642829628302
100901,Huanuco,Puerto Inca,1994,0.091027,0.0,0.0817129516975521,0.0643421409564766,408.6469846468011,9.59642829628302
100901,Huanuco,Puerto Inca,1995,0.094141,0.0,0.0817129516975521,0.0643421409564766,408.6469846468011,9.59642829628302
100901,Huanuco,Puerto Inca,1996,0.099706,0.0,0.0817129516975521,0.0643421409564766,408.6469846468011,9.59642829628302
100901,Huanuco,Puerto Inca,1997,0.103191,0.0,0.0817129516975521,0.0643421409564766,408.6469846468011,9.59642829628302
100901,Huanuco,Puerto Inca,1998,0.111427,0.0,0.0817129516975521,0.0643421409564766,408.6469846468011,9.59642829628302
100901,Huanuco,Puerto Inca,1999,0.118949,0.0,0.0817129516975521,0.0643421409564766,408.6469846468011,9.59642829628302
100901,Huanuco,Puerto Inca,2000,0.120981,0.0,0.0817129516975521,0.0643421409564766,408.6469846468011,9.59642829628302
100901,Huanuco,Puerto Inca,2001,0.128001,0.107885,0.0817129516975521,0.0643421409564766,408.6469846468011,9.59642829628302
100901,Huanuco,Puerto Inca,2002,0.142006,0.107885,0.0817129516975521,0.0643421409564766,408.6469846468011,9.59642829628302
100901,Huanuco,Puerto Inca,2003,0.150028,0.107885,0.0817129516975521,0.0643421409564766,408.6469846468011,9.59642829628302
100901,Huanuco,Puerto Inca,2004,0.152115,0.107885,0.0817129516975521,0.0643421409564766,408.6469846468011,9.59642829628302
100901,Huanuco,Puerto Inca,2005,0.162079,0.107885,0.0817129516975521,0.0643421409564766,408.6469846468011,9.59642829628302
100901,Huanuco,Puerto Inca,2006,0.159163,0.107885,0.0817129516975521,0.0643421409564766,408.6469846468011,9.59642829628302
100901,Huanuco,Puerto Inca,2007,0.161529,0.107885,0.0817129516975521,0.0643421409564766,408.6469846468011,9.59642829628302
100901,Huanuco,Puerto Inca,2008,0.169247,0.107885,0.0817129516975521,0.0643421409564766,408.6469846468011,9.59642829628302
100901,Huanuco,Puerto Inca,2009,0.179798,0.107885,0.0817129516975521,0.0643421409564766,408.6469846468011,9.59642829628302
100901,Huanuco,Puerto Inca,2010,0.191083,0.107885,0.0817129516975521,0.0643421409564766,408.6469846468011,9.59642829628302
100901,Huanuco,Puerto Inca,2011,0.201572,0.107885,0.0817129516975521,0.0643421409564766,408.6469846468011,9.59642829628302
100901,Huanuco,Puerto Inca,2012,0.219084,0.107885,0.0817129516975521,0.0643421409564766,408.6469846468011,9.59642829628302
100901,Huanuco,Puerto Inca,2013,0.229813,0.107885,0.0817129516975521,0.0643421409564766,408.6469846468011,9.59642829628302
100901,Huanuco,Puerto Inca,2014,0.237808,0.107885,0.0817129516975521,0.0643421409564766,408.6469846468011,9.59642829628302
100901,Huanuco,Puerto Inca,2015,0.253714,0.107885,0.0817129516975521,0.0643421409564766,408.6469846468011,9.59642829628302
100901,Huanuco,Puerto Inca,2016,0.26131,0.107885,0.0817129516975521,0.0643421409564766,408.6469846468011,9.59642829628302
100901,Huanuco,Puerto Inca,2017,0.273217,0.107885,0.0817129516975521,0.0643421409564766,408.6469846468011,9.59642829628302
100901,Huanuco,Puerto Inca,2018,0.284403,0.107885,0.0817129516975521,0.0643421409564766,408.6469846468011,9.59642829628302
100901,Huanuco,Puerto Inca,2019,0.298803,0.107885,0.0817129516975521,0.0643421409564766,408.6469846468011,9.59642829628302
100901,Huanuco,Puerto Inca,2020,0.316935,0.107885,0.0817129516975521,0.0643421409564766,408.6469846468011,9.59642829628302
100901,Huanuco,Puerto Inca,2021,0.334337,0.107885,0.0817129516975521,0.0643421409564766,408.6469846468011,9.59642829628302
100901,Huanuco,Puerto Inca,2022,0.348888,0.107885,0.0817129516975521,0.0643421409564766,408.6469846468011,9.59642829628302
100901,Huanuco,Puerto Inca,2023,0.359113,0.107885,0.0817129516975521,0.0643421409564766,408.6469846468011,9.59642829628302
100901,Huanuco,Puerto Inca,2024,0.380047,0.107885,0.0817129516975521,0.0643421409564766,408.6469846468011,9.59642829628302
100902,Huanuco,Codo Del Pozuzo,1985,0.054406,0.0,0.0789305995228275,0.0521923706770149,856.8109574925909,14.550160434667884
100902,Huanuco,Codo Del Pozuzo,1986,0.056372,0.0,0.0789305995228275,0.0521923706770149,856.8109574925909,14.550160434667884
100902,Huanuco,Codo Del Pozuzo,1987,0.052547,0.0,0.0789305995228275,0.0521923706770149,856.8109574925909,14.550160434667884
100902,Huanuco,Codo Del Pozuzo,1988,0.058838,0.0,0.0789305995228275,0.0521923706770149,856.8109574925909,14.550160434667884
100902,Huanuco,Codo Del Pozuzo,1989,0.062244,0.0,0.0789305995228275,0.0521923706770149,856.8109574925909,14.550160434667884
100902,Huanuco,Codo Del Pozuzo,1990,0.063242,0.0,0.0789305995228275,0.0521923706770149,856.8109574925909,14.550160434667884
100902,Huanuco,Codo Del Pozuzo,1991,0.070102,0.0,0.0789305995228275,0.0521923706770149,856.8109574925909,14.550160434667884
100902,Huanuco,Codo Del Pozuzo,1992,0.06898,0.0,0.0789305995228275,0.0521923706770149,856.8109574925909,14.550160434667884
100902,Huanuco,Codo Del Pozuzo,1993,0.069497,0.0,0.0789305995228275,0.0521923706770149,856.8109574925909,14.550160434667884
100902,Huanuco,Codo Del Pozuzo,1994,0.070679,0.0,0.0789305995228275,0.0521923706770149,856.8109574925909,14.550160434667884
100902,Huanuco,Codo Del Pozuzo,1995,0.067965,0.0,0.0789305995228275,0.0521923706770149,856.8109574925909,14.550160434667884
100902,Huanuco,Codo Del Pozuzo,1996,0.069788,0.0,0.0789305995228275,0.0521923706770149,856.8109574925909,14.550160434667884
100902,Huanuco,Codo Del Pozuzo,1997,0.074133,0.0,0.0789305995228275,0.0521923706770149,856.8109574925909,14.550160434667884
100902,Huanuco,Codo Del Pozuzo,1998,0.075252,0.0,0.0789305995228275,0.0521923706770149,856.8109574925909,14.550160434667884
100902,Huanuco,Codo Del Pozuzo,1999,0.080279,0.0,0.0789305995228275,0.0521923706770149,856.8109574925909,14.550160434667884
100902,Huanuco,Codo Del Pozuzo,2000,0.093071,0.0,0.0789305995228275,0.0521923706770149,856.8109574925909,14.550160434667884
100902,Huanuco,Codo Del Pozuzo,2001,0.099647,0.0,0.0789305995228275,0.0521923706770149,856.8109574925909,14.550160434667884
100902,Huanuco,Codo Del Pozuzo,2002,0.107429,0.0,0.0789305995228275,0.0521923706770149,856.8109574925909,14.550160434667884
100902,Huanuco,Codo Del Pozuzo,2003,0.115763,0.0,0.0789305995228275,0.0521923706770149,856.8109574925909,14.550160434667884
100902,Huanuco,Codo Del Pozuzo,2004,0.117207,0.0,0.0789305995228275,0.0521923706770149,856.8109574925909,14.550160434667884
100902,Huanuco,Codo Del Pozuzo,2005,0.122227,0.0,0.0789305995228275,0.0521923706770149,856.8109574925909,14.550160434667884
100902,Huanuco,Codo Del Pozuzo,2006,0.120624,0.0,0.0789305995228275,0.0521923706770149,856.8109574925909,14.550160434667884
100902,Huanuco,Codo Del Pozuzo,2007,0.129487,0.0,0.0789305995228275,0.0521923706770149,856.8109574925909,14.550160434667884
100902,Huanuco,Codo Del Pozuzo,2008,0.135566,0.0,0.0789305995228275,0.0521923706770149,856.8109574925909,14.550160434667884
100902,Huanuco,Codo Del Pozuzo,2009,0.14507,0.0,0.0789305995228275,0.0521923706770149,856.8109574925909,14.550160434667884
100902,Huanuco,Codo Del Pozuzo,2010,0.160396,0.0,0.0789305995228275,0.0521923706770149,856.8109574925909,14.550160434667884
100902,Huanuco,Codo Del Pozuzo,2011,0.167669,0.0,0.0789305995228275,0.0521923706770149,856.8109574925909,14.550160434667884
100902,Huanuco,Codo Del Pozuzo,2012,0.17071,0.0,0.0789305995228275,0.0521923706770149,856.8109574925909,14.550160434667884
100902,Huanuco,Codo Del Pozuzo,2013,0.186314,0.0,0.0789305995228275,0.0521923706770149,856.8109574925909,14.550160434667884
100902,Huanuco,Codo Del Pozuzo,2014,0.192781,0.0,0.0789305995228275,0.0521923706770149,856.8109574925909,14.550160434667884
100902,Huanuco,Codo Del Pozuzo,2015,0.19947,0.0,0.0789305995228275,0.0521923706770149,856.8109574925909,14.550160434667884
100902,Huanuco,Codo Del Pozuzo,2016,0.210062,0.0,0.0789305995228275,0.0521923706770149,856.8109574925909,14.550160434667884
100902,Huanuco,Codo Del Pozuzo,2017,0.214266,0.0,0.0789305995228275,0.0521923706770149,856.8109574925909,14.550160434667884
100902,Huanuco,Codo Del Pozuzo,2018,0.217534,0.0,0.0789305995228275,0.0521923706770149,856.8109574925909,14.550160434667884
100902,Huanuco,Codo Del Pozuzo,2019,0.231052,0.0,0.0789305995228275,0.0521923706770149,856.8109574925909,14.550160434667884
100902,Huanuco,Codo Del Pozuzo,2020,0.248966,0.0,0.0789305995228275,0.0521923706770149,856.8109574925909,14.550160434667884
100902,Huanuco,Codo Del Pozuzo,2021,0.260236,0.032451,0.0789305995228275,0.0521923706770149,856.8109574925909,14.550160434667884
100902,Huanuco,Codo Del Pozuzo,2022,0.275133,0.032451,0.0789305995228275,0.0521923706770149,856.8109574925909,14.550160434667884
100902,Huanuco,Codo Del Pozuzo,2023,0.28327,0.032451,0.0789305995228275,0.0521923706770149,856.8109574925909,14.550160434667884
100902,Huanuco,Codo Del Pozuzo,2024,0.30418,0.032451,0.0789305995228275,0.0521923706770149,856.8109574925909,14.550160434667884
100903,Huanuco,Honoria,1985,0.099237,0.0,0.1927031800190452,0.0484835219585707,184.19913401498903,3.742297173930694
100903,Huanuco,Honoria,1986,0.102762,0.0,0.1927031800190452,0.0484835219585707,184.19913401498903,3.742297173930694
100903,Huanuco,Honoria,1987,0.123413,0.0,0.1927031800190452,0.0484835219585707,184.19913401498903,3.742297173930694
100903,Huanuco,Honoria,1988,0.138345,0.0,0.1927031800190452,0.0484835219585707,184.19913401498903,3.742297173930694
100903,Huanuco,Honoria,1989,0.144192,0.0,0.1927031800190452,0.0484835219585707,184.19913401498903,3.742297173930694
100903,Huanuco,Honoria,1990,0.148513,0.0,0.1927031800190452,0.0484835219585707,184.19913401498903,3.742297173930694
100903,Huanuco,Honoria,1991,0.154329,0.0,0.1927031800190452,0.0484835219585707,184.19913401498903,3.742297173930694
100903,Huanuco,Honoria,1992,0.162619,0.0,0.1927031800190452,0.0484835219585707,184.19913401498903,3.742297173930694
100903,Huanuco,Honoria,1993,0.170638,0.0,0.1927031800190452,0.0484835219585707,184.19913401498903,3.742297173930694
100903,Huanuco,Honoria,1994,0.179623,0.0,0.1927031800190452,0.0484835219585707,184.19913401498903,3.742297173930694
100903,Huanuco,Honoria,1995,0.182494,0.0,0.1927031800190452,0.0484835219585707,184.19913401498903,3.742297173930694
100903,Huanuco,Honoria,1996,0.192642,0.0,0.1927031800190452,0.0484835219585707,184.19913401498903,3.742297173930694
100903,Huanuco,Honoria,1997,0.200415,0.0,0.1927031800190452,0.0484835219585707,184.19913401498903,3.742297173930694
100903,Huanuco,Honoria,1998,0.215572,0.0,0.1927031800190452,0.0484835219585707,184.19913401498903,3.742297173930694
100903,Huanuco,Honoria,1999,0.228519,0.0,0.1927031800190452,0.0484835219585707,184.19913401498903,3.742297173930694
100903,Huanuco,Honoria,2000,0.237917,0.0,0.1927031800190452,0.0484835219585707,184.19913401498903,3.742297173930694
100903,Huanuco,Honoria,2001,0.251387,0.051579,0.1927031800190452,0.0484835219585707,184.19913401498903,3.742297173930694
100903,Huanuco,Honoria,2002,0.272438,0.051579,0.1927031800190452,0.0484835219585707,184.19913401498903,3.742297173930694
100903,Huanuco,Honoria,2003,0.28154,0.051579,0.1927031800190452,0.0484835219585707,184.19913401498903,3.742297173930694
100903,Huanuco,Honoria,2004,0.289023,0.051579,0.1927031800190452,0.0484835219585707,184.19913401498903,3.742297173930694
100903,Huanuco,Honoria,2005,0.311078,0.051579,0.1927031800190452,0.0484835219585707,184.19913401498903,3.742297173930694
100903,Huanuco,Honoria,2006,0.32003,0.051579,0.1927031800190452,0.0484835219585707,184.19913401498903,3.742297173930694
100903,Huanuco,Honoria,2007,0.319033,0.051579,0.1927031800190452,0.0484835219585707,184.19913401498903,3.742297173930694
100903,Huanuco,Honoria,2008,0.33577,0.051579,0.1927031800190452,0.0484835219585707,184.19913401498903,3.742297173930694
100903,Huanuco,Honoria,2009,0.34083,0.051579,0.1927031800190452,0.0484835219585707,184.19913401498903,3.742297173930694
100903,Huanuco,Honoria,2010,0.34674,0.051579,0.1927031800190452,0.0484835219585707,184.19913401498903,3.742297173930694
100903,Huanuco,Honoria,2011,0.368793,0.051579,0.1927031800190452,0.0484835219585707,184.19913401498903,3.742297173930694
100903,Huanuco,Honoria,2012,0.384333,0.051579,0.1927031800190452,0.0484835219585707,184.19913401498903,3.742297173930694
100903,Huanuco,Honoria,2013,0.393475,0.051579,0.1927031800190452,0.0484835219585707,184.19913401498903,3.742297173930694
100903,Huanuco,Honoria,2014,0.405753,0.051579,0.1927031800190452,0.0484835219585707,184.19913401498903,3.742297173930694
100903,Huanuco,Honoria,2015,0.418952,0.051579,0.1927031800190452,0.0484835219585707,184.19913401498903,3.742297173930694
100903,Huanuco,Honoria,2016,0.428932,0.051579,0.1927031800190452,0.0484835219585707,184.19913401498903,3.742297173930694
100903,Huanuco,Honoria,2017,0.445209,0.051579,0.1927031800190452,0.0484835219585707,184.19913401498903,3.742297173930694
100903,Huanuco,Honoria,2018,0.450191,0.051579,0.1927031800190452,0.0484835219585707,184.19913401498903,3.742297173930694
100903,Huanuco,Honoria,2019,0.459621,0.051579,0.1927031800190452,0.0484835219585707,184.19913401498903,3.742297173930694
100903,Huanuco,Honoria,2020,0.479651,0.051579,0.1927031800190452,0.0484835219585707,184.19913401498903,3.742297173930694
100903,Huanuco,Honoria,2021,0.49236,0.051579,0.1927031800190452,0.0484835219585707,184.19913401498903,3.742297173930694
100903,Huanuco,Honoria,2022,0.506732,0.079065,0.1927031800190452,0.0484835219585707,184.19913401498903,3.742297173930694
100903,Huanuco,Honoria,2023,0.532462,0.079065,0.1927031800190452,0.0484835219585707,184.19913401498903,3.742297173930694
100903,Huanuco,Honoria,2024,0.55779,0.079065,0.1927031800190452,0.0484835219585707,184.19913401498903,3.742297173930694
100904,Huanuco,Tournavista,1985,0.066365,0.0,0.0797599168597456,0.0354358658182773,280.9408856559951,7.610008984027436
100904,Huanuco,Tournavista,1986,0.068679,0.0,0.0797599168597456,0.0354358658182773,280.9408856559951,7.610008984027436
100904,Huanuco,Tournavista,1987,0.073157,0.0,0.0797599168597456,0.0354358658182773,280.9408856559951,7.610008984027436
100904,Huanuco,Tournavista,1988,0.075032,0.0,0.0797599168597456,0.0354358658182773,280.9408856559951,7.610008984027436
100904,Huanuco,Tournavista,1989,0.078049,0.0,0.0797599168597456,0.0354358658182773,280.9408856559951,7.610008984027436
100904,Huanuco,Tournavista,1990,0.080221,0.0,0.0797599168597456,0.0354358658182773,280.9408856559951,7.610008984027436
100904,Huanuco,Tournavista,1991,0.083638,0.0,0.0797599168597456,0.0354358658182773,280.9408856559951,7.610008984027436
100904,Huanuco,Tournavista,1992,0.088923,0.0,0.0797599168597456,0.0354358658182773,280.9408856559951,7.610008984027436
100904,Huanuco,Tournavista,1993,0.096377,0.0,0.0797599168597456,0.0354358658182773,280.9408856559951,7.610008984027436
100904,Huanuco,Tournavista,1994,0.103232,0.0,0.0797599168597456,0.0354358658182773,280.9408856559951,7.610008984027436
100904,Huanuco,Tournavista,1995,0.103268,0.0,0.0797599168597456,0.0354358658182773,280.9408856559951,7.610008984027436
100904,Huanuco,Tournavista,1996,0.105132,0.0,0.0797599168597456,0.0354358658182773,280.9408856559951,7.610008984027436
100904,Huanuco,Tournavista,1997,0.10731,0.0,0.0797599168597456,0.0354358658182773,280.9408856559951,7.610008984027436
100904,Huanuco,Tournavista,1998,0.114311,0.0,0.0797599168597456,0.0354358658182773,280.9408856559951,7.610008984027436
100904,Huanuco,Tournavista,1999,0.119182,0.0,0.0797599168597456,0.0354358658182773,280.9408856559951,7.610008984027436
100904,Huanuco,Tournavista,2000,0.121386,0.0,0.0797599168597456,0.0354358658182773,280.9408856559951,7.610008984027436
100904,Huanuco,Tournavista,2001,0.127338,0.058333,0.0797599168597456,0.0354358658182773,280.9408856559951,7.610008984027436
100904,Huanuco,Tournavista,2002,0.140625,0.058333,0.0797599168597456,0.0354358658182773,280.9408856559951,7.610008984027436
100904,Huanuco,Tournavista,2003,0.147293,0.058333,0.0797599168597456,0.0354358658182773,280.9408856559951,7.610008984027436
100904,Huanuco,Tournavista,2004,0.150675,0.058333,0.0797599168597456,0.0354358658182773,280.9408856559951,7.610008984027436
100904,Huanuco,Tournavista,2005,0.169682,0.058333,0.0797599168597456,0.0354358658182773,280.9408856559951,7.610008984027436
100904,Huanuco,Tournavista,2006,0.175934,0.058333,0.0797599168597456,0.0354358658182773,280.9408856559951,7.610008984027436
100904,Huanuco,Tournavista,2007,0.180004,0.058333,0.0797599168597456,0.0354358658182773,280.9408856559951,7.610008984027436
100904,Huanuco,Tournavista,2008,0.200239,0.058333,0.0797599168597456,0.0354358658182773,280.9408856559951,7.610008984027436
100904,Huanuco,Tournavista,2009,0.217907,0.058333,0.0797599168597456,0.0354358658182773,280.9408856559951,7.610008984027436
100904,Huanuco,Tournavista,2010,0.234886,0.058333,0.0797599168597456,0.0354358658182773,280.9408856559951,7.610008984027436
100904,Huanuco,Tournavista,2011,0.254565,0.058333,0.0797599168597456,0.0354358658182773,280.9408856559951,7.610008984027436
100904,Huanuco,Tournavista,2012,0.278576,0.058333,0.0797599168597456,0.0354358658182773,280.9408856559951,7.610008984027436
100904,Huanuco,Tournavista,2013,0.294756,0.058333,0.0797599168597456,0.0354358658182773,280.9408856559951,7.610008984027436
100904,Huanuco,Tournavista,2014,0.309791,0.058333,0.0797599168597456,0.0354358658182773,280.9408856559951,7.610008984027436
100904,Huanuco,Tournavista,2015,0.329298,0.058333,0.0797599168597456,0.0354358658182773,280.9408856559951,7.610008984027436
100904,Huanuco,Tournavista,2016,0.33634,0.058333,0.0797599168597456,0.0354358658182773,280.9408856559951,7.610008984027436
100904,Huanuco,Tournavista,2017,0.356221,0.058333,0.0797599168597456,0.0354358658182773,280.9408856559951,7.610008984027436
100904,Huanuco,Tournavista,2018,0.363642,0.058333,0.0797599168597456,0.0354358658182773,280.9408856559951,7.610008984027436
100904,Huanuco,Tournavista,2019,0.382702,0.058333,0.0797599168597456,0.0354358658182773,280.9408856559951,7.610008984027436
100904,Huanuco,Tournavista,2020,0.403245,0.058333,0.0797599168597456,0.0354358658182773,280.9408856559951,7.610008984027436
100904,Huanuco,Tournavista,2021,0.425988,0.058333,0.0797599168597456,0.0354358658182773,280.9408856559951,7.610008984027436
100904,Huanuco,Tournavista,2022,0.443912,0.058333,0.0797599168597456,0.0354358658182773,280.9408856559951,7.610008984027436
100904,Huanuco,Tournavista,2023,0.469454,0.058333,0.0797599168597456,0.0354358658182773,280.9408856559951,7.610008984027436
100904,Huanuco,Tournavista,2024,0.49794,0.058333,0.0797599168597456,0.0354358658182773,280.9408856559951,7.610008984027436
100905,Huanuco,Yuyapichis,1985,0.039543,0.0,0.0850487163332136,0.0468125171075265,332.4015640721168,7.566246895376754
100905,Huanuco,Yuyapichis,1986,0.039814,0.0,0.0850487163332136,0.0468125171075265,332.4015640721168,7.566246895376754
100905,Huanuco,Yuyapichis,1987,0.046232,0.0,0.0850487163332136,0.0468125171075265,332.4015640721168,7.566246895376754
100905,Huanuco,Yuyapichis,1988,0.055666,0.0,0.0850487163332136,0.0468125171075265,332.4015640721168,7.566246895376754
100905,Huanuco,Yuyapichis,1989,0.062841,0.0,0.0850487163332136,0.0468125171075265,332.4015640721168,7.566246895376754
100905,Huanuco,Yuyapichis,1990,0.066787,0.0,0.0850487163332136,0.0468125171075265,332.4015640721168,7.566246895376754
100905,Huanuco,Yuyapichis,1991,0.069428,0.0,0.0850487163332136,0.0468125171075265,332.4015640721168,7.566246895376754
100905,Huanuco,Yuyapichis,1992,0.075835,0.0,0.0850487163332136,0.0468125171075265,332.4015640721168,7.566246895376754
100905,Huanuco,Yuyapichis,1993,0.083349,0.0,0.0850487163332136,0.0468125171075265,332.4015640721168,7.566246895376754
100905,Huanuco,Yuyapichis,1994,0.086746,0.0,0.0850487163332136,0.0468125171075265,332.4015640721168,7.566246895376754
100905,Huanuco,Yuyapichis,1995,0.092579,0.0,0.0850487163332136,0.0468125171075265,332.4015640721168,7.566246895376754
100905,Huanuco,Yuyapichis,1996,0.095167,0.0,0.0850487163332136,0.0468125171075265,332.4015640721168,7.566246895376754
100905,Huanuco,Yuyapichis,1997,0.092333,0.0,0.0850487163332136,0.0468125171075265,332.4015640721168,7.566246895376754
100905,Huanuco,Yuyapichis,1998,0.091982,0.0,0.0850487163332136,0.0468125171075265,332.4015640721168,7.566246895376754
100905,Huanuco,Yuyapichis,1999,0.099025,0.0,0.0850487163332136,0.0468125171075265,332.4015640721168,7.566246895376754
100905,Huanuco,Yuyapichis,2000,0.103603,0.0,0.0850487163332136,0.0468125171075265,332.4015640721168,7.566246895376754
100905,Huanuco,Yuyapichis,2001,0.113364,0.080361,0.0850487163332136,0.0468125171075265,332.4015640721168,7.566246895376754
100905,Huanuco,Yuyapichis,2002,0.127017,0.080361,0.0850487163332136,0.0468125171075265,332.4015640721168,7.566246895376754
100905,Huanuco,Yuyapichis,2003,0.139662,0.080361,0.0850487163332136,0.0468125171075265,332.4015640721168,7.566246895376754
100905,Huanuco,Yuyapichis,2004,0.140604,0.080361,0.0850487163332136,0.0468125171075265,332.4015640721168,7.566246895376754
100905,Huanuco,Yuyapichis,2005,0.15251,0.080361,0.0850487163332136,0.0468125171075265,332.4015640721168,7.566246895376754
100905,Huanuco,Yuyapichis,2006,0.160474,0.080361,0.0850487163332136,0.0468125171075265,332.4015640721168,7.566246895376754
100905,Huanuco,Yuyapichis,2007,0.171243,0.080361,0.0850487163332136,0.0468125171075265,332.4015640721168,7.566246895376754
100905,Huanuco,Yuyapichis,2008,0.188793,0.080361,0.0850487163332136,0.0468125171075265,332.4015640721168,7.566246895376754
100905,Huanuco,Yuyapichis,2009,0.201305,0.080361,0.0850487163332136,0.0468125171075265,332.4015640721168,7.566246895376754
100905,Huanuco,Yuyapichis,2010,0.22393,0.080361,0.0850487163332136,0.0468125171075265,332.4015640721168,7.566246895376754
100905,Huanuco,Yuyapichis,2011,0.232517,0.080991,0.0850487163332136,0.0468125171075265,332.4015640721168,7.566246895376754
100905,Huanuco,Yuyapichis,2012,0.253095,0.080991,0.0850487163332136,0.0468125171075265,332.4015640721168,7.566246895376754
100905,Huanuco,Yuyapichis,2013,0.266393,0.080991,0.0850487163332136,0.0468125171075265,332.4015640721168,7.566246895376754
100905,Huanuco,Yuyapichis,2014,0.275652,0.080991,0.0850487163332136,0.0468125171075265,332.4015640721168,7.566246895376754
100905,Huanuco,Yuyapichis,2015,0.286916,0.080991,0.0850487163332136,0.0468125171075265,332.4015640721168,7.566246895376754
100905,Huanuco,Yuyapichis,2016,0.298299,0.080991,0.0850487163332136,0.0468125171075265,332.4015640721168,7.566246895376754
100905,Huanuco,Yuyapichis,2017,0.311221,0.080991,0.0850487163332136,0.0468125171075265,332.4015640721168,7.566246895376754
100905,Huanuco,Yuyapichis,2018,0.329911,0.080991,0.0850487163332136,0.0468125171075265,332.4015640721168,7.566246895376754
100905,Huanuco,Yuyapichis,2019,0.352867,0.080991,0.0850487163332136,0.0468125171075265,332.4015640721168,7.566246895376754
100905,Huanuco,Yuyapichis,2020,0.377669,0.080991,0.0850487163332136,0.0468125171075265,332.4015640721168,7.566246895376754
100905,Huanuco,Yuyapichis,2021,0.395136,0.080991,0.0850487163332136,0.0468125171075265,332.4015640721168,7.566246895376754
100905,Huanuco,Yuyapichis,2022,0.415718,0.080991,0.0850487163332136,0.0468125171075265,332.4015640721168,7.566246895376754
100905,Huanuco,Yuyapichis,2023,0.424466,0.080991,0.0850487163332136,0.0468125171075265,332.4015640721168,7.566246895376754
100905,Huanuco,Yuyapichis,2024,0.443117,0.080991,0.0850487163332136,0.0468125171075265,332.4015640721168,7.566246895376754
120209,Junin,Mariscal Castilla,1985,0.173751,0.0,1.068553736183893,0.2069595805907695,3003.4100587310777,32.66741138542746
120209,Junin,Mariscal Castilla,1986,0.173642,0.0,1.068553736183893,0.2069595805907695,3003.4100587310777,32.66741138542746
120209,Junin,Mariscal Castilla,1987,0.172583,0.0,1.068553736183893,0.2069595805907695,3003.4100587310777,32.66741138542746
120209,Junin,Mariscal Castilla,1988,0.18244,0.0,1.068553736183893,0.2069595805907695,3003.4100587310777,32.66741138542746
120209,Junin,Mariscal Castilla,1989,0.184308,0.0,1.068553736183893,0.2069595805907695,3003.4100587310777,32.66741138542746
120209,Junin,Mariscal Castilla,1990,0.183203,0.0,1.068553736183893,0.2069595805907695,3003.4100587310777,32.66741138542746
120209,Junin,Mariscal Castilla,1991,0.184526,0.0,1.068553736183893,0.2069595805907695,3003.4100587310777,32.66741138542746
120209,Junin,Mariscal Castilla,1992,0.185663,0.0,1.068553736183893,0.2069595805907695,3003.4100587310777,32.66741138542746
120209,Junin,Mariscal Castilla,1993,0.178422,0.0,1.068553736183893,0.2069595805907695,3003.4100587310777,32.66741138542746
120209,Junin,Mariscal Castilla,1994,0.183234,0.0,1.068553736183893,0.2069595805907695,3003.4100587310777,32.66741138542746
120209,Junin,Mariscal Castilla,1995,0.180867,0.0,1.068553736183893,0.2069595805907695,3003.4100587310777,32.66741138542746
120209,Junin,Mariscal Castilla,1996,0.182393,0.0,1.068553736183893,0.2069595805907695,3003.4100587310777,32.66741138542746
120209,Junin,Mariscal Castilla,1997,0.181412,0.0,1.068553736183893,0.2069595805907695,3003.4100587310777,32.66741138542746
120209,Junin,Mariscal Castilla,1998,0.178313,0.0,1.068553736183893,0.2069595805907695,3003.4100587310777,32.66741138542746
120209,Junin,Mariscal Castilla,1999,0.180571,0.0,1.068553736183893,0.2069595805907695,3003.4100587310777,32.66741138542746
120209,Junin,Mariscal Castilla,2000,0.207555,0.0,1.068553736183893,0.2069595805907695,3003.4100587310777,32.66741138542746
120209,Junin,Mariscal Castilla,2001,0.218952,0.0,1.068553736183893,0.2069595805907695,3003.4100587310777,32.66741138542746
120209,Junin,Mariscal Castilla,2002,0.223203,0.0,1.068553736183893,0.2069595805907695,3003.4100587310777,32.66741138542746
120209,Junin,Mariscal Castilla,2003,0.241483,0.0,1.068553736183893,0.2069595805907695,3003.4100587310777,32.66741138542746
120209,Junin,Mariscal Castilla,2004,0.23826,0.0,1.068553736183893,0.2069595805907695,3003.4100587310777,32.66741138542746
120209,Junin,Mariscal Castilla,2005,0.240315,0.0,1.068553736183893,0.2069595805907695,3003.4100587310777,32.66741138542746
120209,Junin,Mariscal Castilla,2006,0.237855,0.0,1.068553736183893,0.2069595805907695,3003.4100587310777,32.66741138542746
120209,Junin,Mariscal Castilla,2007,0.23418,0.0,1.068553736183893,0.2069595805907695,3003.4100587310777,32.66741138542746
120209,Junin,Mariscal Castilla,2008,0.243616,0.0,1.068553736183893,0.2069595805907695,3003.4100587310777,32.66741138542746
120209,Junin,Mariscal Castilla,2009,0.225181,0.0,1.068553736183893,0.2069595805907695,3003.4100587310777,32.66741138542746
120209,Junin,Mariscal Castilla,2010,0.228357,0.0,1.068553736183893,0.2069595805907695,3003.4100587310777,32.66741138542746
120209,Junin,Mariscal Castilla,2011,0.222674,0.0,1.068553736183893,0.2069595805907695,3003.4100587310777,32.66741138542746
120209,Junin,Mariscal Castilla,2012,0.219669,0.0,1.068553736183893,0.2069595805907695,3003.4100587310777,32.66741138542746
120209,Junin,Mariscal Castilla,2013,0.21056,0.0,1.068553736183893,0.2069595805907695,3003.4100587310777,32.66741138542746
120209,Junin,Mariscal Castilla,2014,0.21056,0.0,1.068553736183893,0.2069595805907695,3003.4100587310777,32.66741138542746
120209,Junin,Mariscal Castilla,2015,0.204986,0.0,1.068553736183893,0.2069595805907695,3003.4100587310777,32.66741138542746
120209,Junin,Mariscal Castilla,2016,0.200112,0.0,1.068553736183893,0.2069595805907695,3003.4100587310777,32.66741138542746
120209,Junin,Mariscal Castilla,2017,0.212646,0.0,1.068553736183893,0.2069595805907695,3003.4100587310777,32.66741138542746
120209,Junin,Mariscal Castilla,2018,0.210716,0.0,1.068553736183893,0.2069595805907695,3003.4100587310777,32.66741138542746
120209,Junin,Mariscal Castilla,2019,0.2133,0.0,1.068553736183893,0.2069595805907695,3003.4100587310777,32.66741138542746
120209,Junin,Mariscal Castilla,2020,0.213643,0.0,1.068553736183893,0.2069595805907695,3003.4100587310777,32.66741138542746
120209,Junin,Mariscal Castilla,2021,0.209408,0.0,1.068553736183893,0.2069595805907695,3003.4100587310777,32.66741138542746
120209,Junin,Mariscal Castilla,2022,0.207726,0.0,1.068553736183893,0.2069595805907695,3003.4100587310777,32.66741138542746
120209,Junin,Mariscal Castilla,2023,0.208069,0.0,1.068553736183893,0.2069595805907695,3003.4100587310777,32.66741138542746
120209,Junin,Mariscal Castilla,2024,0.188995,0.0,1.068553736183893,0.2069595805907695,3003.4100587310777,32.66741138542746
120302,Junin,Perene,1985,0.331131,0.049855,0.5427850657179372,0.0317459066103657,1479.809598558527,21.58271792324624
120302,Junin,Perene,1986,0.332766,0.049855,0.5427850657179372,0.0317459066103657,1479.809598558527,21.58271792324624
120302,Junin,Perene,1987,0.33248,0.050018,0.5427850657179372,0.0317459066103657,1479.809598558527,21.58271792324624
120302,Junin,Perene,1988,0.319665,0.050018,0.5427850657179372,0.0317459066103657,1479.809598558527,21.58271792324624
120302,Junin,Perene,1989,0.318588,0.050018,0.5427850657179372,0.0317459066103657,1479.809598558527,21.58271792324624
120302,Junin,Perene,1990,0.316803,0.050018,0.5427850657179372,0.0317459066103657,1479.809598558527,21.58271792324624
120302,Junin,Perene,1991,0.317474,0.050018,0.5427850657179372,0.0317459066103657,1479.809598558527,21.58271792324624
120302,Junin,Perene,1992,0.31674,0.050018,0.5427850657179372,0.0317459066103657,1479.809598558527,21.58271792324624
120302,Junin,Perene,1993,0.318096,0.050018,0.5427850657179372,0.0317459066103657,1479.809598558527,21.58271792324624
120302,Junin,Perene,1994,0.3173,0.050018,0.5427850657179372,0.0317459066103657,1479.809598558527,21.58271792324624
120302,Junin,Perene,1995,0.315299,0.050018,0.5427850657179372,0.0317459066103657,1479.809598558527,21.58271792324624
120302,Junin,Perene,1996,0.31641,0.050018,0.5427850657179372,0.0317459066103657,1479.809598558527,21.58271792324624
120302,Junin,Perene,1997,0.310403,0.050018,0.5427850657179372,0.0317459066103657,1479.809598558527,21.58271792324624
120302,Junin,Perene,1998,0.307645,0.050018,0.5427850657179372,0.0317459066103657,1479.809598558527,21.58271792324624
120302,Junin,Perene,1999,0.306581,0.050018,0.5427850657179372,0.0317459066103657,1479.809598558527,21.58271792324624
120302,Junin,Perene,2000,0.313353,0.050018,0.5427850657179372,0.0317459066103657,1479.809598558527,21.58271792324624
120302,Junin,Perene,2001,0.313932,0.050018,0.5427850657179372,0.0317459066103657,1479.809598558527,21.58271792324624
120302,Junin,Perene,2002,0.310728,0.050018,0.5427850657179372,0.0317459066103657,1479.809598558527,21.58271792324624
120302,Junin,Perene,2003,0.309366,0.050018,0.5427850657179372,0.0317459066103657,1479.809598558527,21.58271792324624
120302,Junin,Perene,2004,0.31487,0.050018,0.5427850657179372,0.0317459066103657,1479.809598558527,21.58271792324624
120302,Junin,Perene,2005,0.314604,0.050018,0.5427850657179372,0.0317459066103657,1479.809598558527,21.58271792324624
120302,Junin,Perene,2006,0.318949,0.050018,0.5427850657179372,0.0317459066103657,1479.809598558527,21.58271792324624
120302,Junin,Perene,2007,0.322331,0.050018,0.5427850657179372,0.0317459066103657,1479.809598558527,21.58271792324624
120302,Junin,Perene,2008,0.318994,0.050018,0.5427850657179372,0.0317459066103657,1479.809598558527,21.58271792324624
120302,Junin,Perene,2009,0.319335,0.050018,0.5427850657179372,0.0317459066103657,1479.809598558527,21.58271792324624
120302,Junin,Perene,2010,0.320067,0.050018,0.5427850657179372,0.0317459066103657,1479.809598558527,21.58271792324624
120302,Junin,Perene,2011,0.321745,0.050018,0.5427850657179372,0.0317459066103657,1479.809598558527,21.58271792324624
120302,Junin,Perene,2012,0.32914,0.050018,0.5427850657179372,0.0317459066103657,1479.809598558527,21.58271792324624
120302,Junin,Perene,2013,0.337629,0.050018,0.5427850657179372,0.0317459066103657,1479.809598558527,21.58271792324624
120302,Junin,Perene,2014,0.335622,0.050018,0.5427850657179372,0.0317459066103657,1479.809598558527,21.58271792324624
120302,Junin,Perene,2015,0.33773,0.050018,0.5427850657179372,0.0317459066103657,1479.809598558527,21.58271792324624
120302,Junin,Perene,2016,0.331447,0.050018,0.5427850657179372,0.0317459066103657,1479.809598558527,21.58271792324624
120302,Junin,Perene,2017,0.342536,0.050018,0.5427850657179372,0.0317459066103657,1479.809598558527,21.58271792324624
120302,Junin,Perene,2018,0.34491,0.050018,0.5427850657179372,0.0317459066103657,1479.809598558527,21.58271792324624
120302,Junin,Perene,2019,0.357046,0.050018,0.5427850657179372,0.0317459066103657,1479.809598558527,21.58271792324624
120302,Junin,Perene,2020,0.360456,0.050018,0.5427850657179372,0.0317459066103657,1479.809598558527,21.58271792324624
120302,Junin,Perene,2021,0.368353,0.050018,0.5427850657179372,0.0317459066103657,1479.809598558527,21.58271792324624
120302,Junin,Perene,2022,0.37716,0.050018,0.5427850657179372,0.0317459066103657,1479.809598558527,21.58271792324624
120302,Junin,Perene,2023,0.387006,0.050018,0.5427850657179372,0.0317459066103657,1479.809598558527,21.58271792324624
120302,Junin,Perene,2024,0.39821,0.050018,0.5427850657179372,0.0317459066103657,1479.809598558527,21.58271792324624
120303,Junin,Pichanaqui,1985,0.231558,0.105639,0.5747013621217788,0.0264730332731465,1375.8819852946692,21.32905354224278
120303,Junin,Pichanaqui,1986,0.231329,0.105639,0.5747013621217788,0.0264730332731465,1375.8819852946692,21.32905354224278
120303,Junin,Pichanaqui,1987,0.231595,0.106598,0.5747013621217788,0.0264730332731465,1375.8819852946692,21.32905354224278
120303,Junin,Pichanaqui,1988,0.231233,0.106598,0.5747013621217788,0.0264730332731465,1375.8819852946692,21.32905354224278
120303,Junin,Pichanaqui,1989,0.229846,0.106598,0.5747013621217788,0.0264730332731465,1375.8819852946692,21.32905354224278
120303,Junin,Pichanaqui,1990,0.226484,0.106598,0.5747013621217788,0.0264730332731465,1375.8819852946692,21.32905354224278
120303,Junin,Pichanaqui,1991,0.226006,0.106598,0.5747013621217788,0.0264730332731465,1375.8819852946692,21.32905354224278
120303,Junin,Pichanaqui,1992,0.225474,0.106598,0.5747013621217788,0.0264730332731465,1375.8819852946692,21.32905354224278
120303,Junin,Pichanaqui,1993,0.224203,0.106598,0.5747013621217788,0.0264730332731465,1375.8819852946692,21.32905354224278
120303,Junin,Pichanaqui,1994,0.224148,0.106598,0.5747013621217788,0.0264730332731465,1375.8819852946692,21.32905354224278
120303,Junin,Pichanaqui,1995,0.223675,0.106598,0.5747013621217788,0.0264730332731465,1375.8819852946692,21.32905354224278
120303,Junin,Pichanaqui,1996,0.224847,0.106598,0.5747013621217788,0.0264730332731465,1375.8819852946692,21.32905354224278
120303,Junin,Pichanaqui,1997,0.224523,0.106598,0.5747013621217788,0.0264730332731465,1375.8819852946692,21.32905354224278
120303,Junin,Pichanaqui,1998,0.22473,0.106598,0.5747013621217788,0.0264730332731465,1375.8819852946692,21.32905354224278
120303,Junin,Pichanaqui,1999,0.228233,0.106598,0.5747013621217788,0.0264730332731465,1375.8819852946692,21.32905354224278
120303,Junin,Pichanaqui,2000,0.23594,0.106598,0.5747013621217788,0.0264730332731465,1375.8819852946692,21.32905354224278
120303,Junin,Pichanaqui,2001,0.239612,0.106598,0.5747013621217788,0.0264730332731465,1375.8819852946692,21.32905354224278
120303,Junin,Pichanaqui,2002,0.241193,0.106598,0.5747013621217788,0.0264730332731465,1375.8819852946692,21.32905354224278
120303,Junin,Pichanaqui,2003,0.241561,0.106598,0.5747013621217788,0.0264730332731465,1375.8819852946692,21.32905354224278
120303,Junin,Pichanaqui,2004,0.245404,0.106598,0.5747013621217788,0.0264730332731465,1375.8819852946692,21.32905354224278
120303,Junin,Pichanaqui,2005,0.248705,0.106598,0.5747013621217788,0.0264730332731465,1375.8819852946692,21.32905354224278
120303,Junin,Pichanaqui,2006,0.255611,0.106598,0.5747013621217788,0.0264730332731465,1375.8819852946692,21.32905354224278
120303,Junin,Pichanaqui,2007,0.258768,0.106598,0.5747013621217788,0.0264730332731465,1375.8819852946692,21.32905354224278
120303,Junin,Pichanaqui,2008,0.262229,0.106598,0.5747013621217788,0.0264730332731465,1375.8819852946692,21.32905354224278
120303,Junin,Pichanaqui,2009,0.265821,0.106598,0.5747013621217788,0.0264730332731465,1375.8819852946692,21.32905354224278
120303,Junin,Pichanaqui,2010,0.266859,0.106598,0.5747013621217788,0.0264730332731465,1375.8819852946692,21.32905354224278
120303,Junin,Pichanaqui,2011,0.274317,0.106598,0.5747013621217788,0.0264730332731465,1375.8819852946692,21.32905354224278
120303,Junin,Pichanaqui,2012,0.283389,0.106598,0.5747013621217788,0.0264730332731465,1375.8819852946692,21.32905354224278
120303,Junin,Pichanaqui,2013,0.293009,0.106598,0.5747013621217788,0.0264730332731465,1375.8819852946692,21.32905354224278
120303,Junin,Pichanaqui,2014,0.295908,0.106598,0.5747013621217788,0.0264730332731465,1375.8819852946692,21.32905354224278
120303,Junin,Pichanaqui,2015,0.2961,0.106598,0.5747013621217788,0.0264730332731465,1375.8819852946692,21.32905354224278
120303,Junin,Pichanaqui,2016,0.293129,0.106598,0.5747013621217788,0.0264730332731465,1375.8819852946692,21.32905354224278
120303,Junin,Pichanaqui,2017,0.302649,0.106598,0.5747013621217788,0.0264730332731465,1375.8819852946692,21.32905354224278
120303,Junin,Pichanaqui,2018,0.304963,0.106598,0.5747013621217788,0.0264730332731465,1375.8819852946692,21.32905354224278
120303,Junin,Pichanaqui,2019,0.316442,0.106598,0.5747013621217788,0.0264730332731465,1375.8819852946692,21.32905354224278
120303,Junin,Pichanaqui,2020,0.32266,0.106598,0.5747013621217788,0.0264730332731465,1375.8819852946692,21.32905354224278
120303,Junin,Pichanaqui,2021,0.328524,0.106598,0.5747013621217788,0.0264730332731465,1375.8819852946692,21.32905354224278
120303,Junin,Pichanaqui,2022,0.337004,0.106598,0.5747013621217788,0.0264730332731465,1375.8819852946692,21.32905354224278
120303,Junin,Pichanaqui,2023,0.344054,0.106598,0.5747013621217788,0.0264730332731465,1375.8819852946692,21.32905354224278
120303,Junin,Pichanaqui,2024,0.350172,0.106598,0.5747013621217788,0.0264730332731465,1375.8819852946692,21.32905354224278
120304,Junin,San Luis De Shuaro,1985,0.37261,0.0,0.9431358858739894,0.0483353150089281,1402.0785492629946,20.145522041876635
120304,Junin,San Luis De Shuaro,1986,0.381331,0.0,0.9431358858739894,0.0483353150089281,1402.0785492629946,20.145522041876635
120304,Junin,San Luis De Shuaro,1987,0.382139,0.0,0.9431358858739894,0.0483353150089281,1402.0785492629946,20.145522041876635
120304,Junin,San Luis De Shuaro,1988,0.362771,0.0,0.9431358858739894,0.0483353150089281,1402.0785492629946,20.145522041876635
120304,Junin,San Luis De Shuaro,1989,0.361187,0.0,0.9431358858739894,0.0483353150089281,1402.0785492629946,20.145522041876635
120304,Junin,San Luis De Shuaro,1990,0.354223,0.0,0.9431358858739894,0.0483353150089281,1402.0785492629946,20.145522041876635
120304,Junin,San Luis De Shuaro,1991,0.352781,0.0,0.9431358858739894,0.0483353150089281,1402.0785492629946,20.145522041876635
120304,Junin,San Luis De Shuaro,1992,0.350759,0.0,0.9431358858739894,0.0483353150089281,1402.0785492629946,20.145522041876635
120304,Junin,San Luis De Shuaro,1993,0.348874,0.0,0.9431358858739894,0.0483353150089281,1402.0785492629946,20.145522041876635
120304,Junin,San Luis De Shuaro,1994,0.332568,0.0,0.9431358858739894,0.0483353150089281,1402.0785492629946,20.145522041876635
120304,Junin,San Luis De Shuaro,1995,0.324687,0.0,0.9431358858739894,0.0483353150089281,1402.0785492629946,20.145522041876635
120304,Junin,San Luis De Shuaro,1996,0.322254,0.0,0.9431358858739894,0.0483353150089281,1402.0785492629946,20.145522041876635
120304,Junin,San Luis De Shuaro,1997,0.311922,0.0,0.9431358858739894,0.0483353150089281,1402.0785492629946,20.145522041876635
120304,Junin,San Luis De Shuaro,1998,0.305716,0.0,0.9431358858739894,0.0483353150089281,1402.0785492629946,20.145522041876635
120304,Junin,San Luis De Shuaro,1999,0.306939,0.0,0.9431358858739894,0.0483353150089281,1402.0785492629946,20.145522041876635
120304,Junin,San Luis De Shuaro,2000,0.311525,0.0,0.9431358858739894,0.0483353150089281,1402.0785492629946,20.145522041876635
120304,Junin,San Luis De Shuaro,2001,0.311105,0.0,0.9431358858739894,0.0483353150089281,1402.0785492629946,20.145522041876635
120304,Junin,San Luis De Shuaro,2002,0.3063,0.0,0.9431358858739894,0.0483353150089281,1402.0785492629946,20.145522041876635
120304,Junin,San Luis De Shuaro,2003,0.305825,0.0,0.9431358858739894,0.0483353150089281,1402.0785492629946,20.145522041876635
120304,Junin,San Luis De Shuaro,2004,0.312223,0.0,0.9431358858739894,0.0483353150089281,1402.0785492629946,20.145522041876635
120304,Junin,San Luis De Shuaro,2005,0.307582,0.0,0.9431358858739894,0.0483353150089281,1402.0785492629946,20.145522041876635
120304,Junin,San Luis De Shuaro,2006,0.304597,0.0,0.9431358858739894,0.0483353150089281,1402.0785492629946,20.145522041876635
120304,Junin,San Luis De Shuaro,2007,0.311657,0.0,0.9431358858739894,0.0483353150089281,1402.0785492629946,20.145522041876635
120304,Junin,San Luis De Shuaro,2008,0.305008,0.0,0.9431358858739894,0.0483353150089281,1402.0785492629946,20.145522041876635
120304,Junin,San Luis De Shuaro,2009,0.304365,0.0,0.9431358858739894,0.0483353150089281,1402.0785492629946,20.145522041876635
120304,Junin,San Luis De Shuaro,2010,0.305492,0.0,0.9431358858739894,0.0483353150089281,1402.0785492629946,20.145522041876635
120304,Junin,San Luis De Shuaro,2011,0.296255,0.0,0.9431358858739894,0.0483353150089281,1402.0785492629946,20.145522041876635
120304,Junin,San Luis De Shuaro,2012,0.298998,0.0,0.9431358858739894,0.0483353150089281,1402.0785492629946,20.145522041876635
120304,Junin,San Luis De Shuaro,2013,0.305214,0.0,0.9431358858739894,0.0483353150089281,1402.0785492629946,20.145522041876635
120304,Junin,San Luis De Shuaro,2014,0.297633,0.0,0.9431358858739894,0.0483353150089281,1402.0785492629946,20.145522041876635
120304,Junin,San Luis De Shuaro,2015,0.306058,0.0,0.9431358858739894,0.0483353150089281,1402.0785492629946,20.145522041876635
120304,Junin,San Luis De Shuaro,2016,0.300435,0.0,0.9431358858739894,0.0483353150089281,1402.0785492629946,20.145522041876635
120304,Junin,San Luis De Shuaro,2017,0.317745,0.0,0.9431358858739894,0.0483353150089281,1402.0785492629946,20.145522041876635
120304,Junin,San Luis De Shuaro,2018,0.310959,0.0,0.9431358858739894,0.0483353150089281,1402.0785492629946,20.145522041876635
120304,Junin,San Luis De Shuaro,2019,0.335982,0.0,0.9431358858739894,0.0483353150089281,1402.0785492629946,20.145522041876635
120304,Junin,San Luis De Shuaro,2020,0.324367,0.0,0.9431358858739894,0.0483353150089281,1402.0785492629946,20.145522041876635
120304,Junin,San Luis De Shuaro,2021,0.332486,0.0,0.9431358858739894,0.0483353150089281,1402.0785492629946,20.145522041876635
120304,Junin,San Luis De Shuaro,2022,0.345771,0.0,0.9431358858739894,0.0483353150089281,1402.0785492629946,20.145522041876635
120304,Junin,San Luis De Shuaro,2023,0.35906,0.0,0.9431358858739894,0.0483353150089281,1402.0785492629946,20.145522041876635
120304,Junin,San Luis De Shuaro,2024,0.389377,0.0,0.9431358858739894,0.0483353150089281,1402.0785492629946,20.145522041876635
120601,Junin,Satipo,1985,0.222935,0.0,0.596742784816265,0.0189970868561298,1110.050610183981,21.0923445819588
120601,Junin,Satipo,1986,0.222521,0.0,0.596742784816265,0.0189970868561298,1110.050610183981,21.0923445819588
120601,Junin,Satipo,1987,0.222515,0.0,0.596742784816265,0.0189970868561298,1110.050610183981,21.0923445819588
120601,Junin,Satipo,1988,0.218952,0.0,0.596742784816265,0.0189970868561298,1110.050610183981,21.0923445819588
120601,Junin,Satipo,1989,0.214019,0.0,0.596742784816265,0.0189970868561298,1110.050610183981,21.0923445819588
120601,Junin,Satipo,1990,0.208665,0.0,0.596742784816265,0.0189970868561298,1110.050610183981,21.0923445819588
120601,Junin,Satipo,1991,0.20284,0.0,0.596742784816265,0.0189970868561298,1110.050610183981,21.0923445819588
120601,Junin,Satipo,1992,0.20141,0.0,0.596742784816265,0.0189970868561298,1110.050610183981,21.0923445819588
120601,Junin,Satipo,1993,0.208581,0.0,0.596742784816265,0.0189970868561298,1110.050610183981,21.0923445819588
120601,Junin,Satipo,1994,0.209774,0.0,0.596742784816265,0.0189970868561298,1110.050610183981,21.0923445819588
120601,Junin,Satipo,1995,0.210462,0.0,0.596742784816265,0.0189970868561298,1110.050610183981,21.0923445819588
120601,Junin,Satipo,1996,0.213179,0.0,0.596742784816265,0.0189970868561298,1110.050610183981,21.0923445819588
120601,Junin,Satipo,1997,0.211221,0.0,0.596742784816265,0.0189970868561298,1110.050610183981,21.0923445819588
120601,Junin,Satipo,1998,0.210007,0.0,0.596742784816265,0.0189970868561298,1110.050610183981,21.0923445819588
120601,Junin,Satipo,1999,0.213477,0.0,0.596742784816265,0.0189970868561298,1110.050610183981,21.0923445819588
120601,Junin,Satipo,2000,0.216335,0.0,0.596742784816265,0.0189970868561298,1110.050610183981,21.0923445819588
120601,Junin,Satipo,2001,0.221661,0.0,0.596742784816265,0.0189970868561298,1110.050610183981,21.0923445819588
120601,Junin,Satipo,2002,0.221246,0.0,0.596742784816265,0.0189970868561298,1110.050610183981,21.0923445819588
120601,Junin,Satipo,2003,0.223871,0.0,0.596742784816265,0.0189970868561298,1110.050610183981,21.0923445819588
120601,Junin,Satipo,2004,0.227641,0.0,0.596742784816265,0.0189970868561298,1110.050610183981,21.0923445819588
120601,Junin,Satipo,2005,0.234138,0.0,0.596742784816265,0.0189970868561298,1110.050610183981,21.0923445819588
120601,Junin,Satipo,2006,0.244319,0.0,0.596742784816265,0.0189970868561298,1110.050610183981,21.0923445819588
120601,Junin,Satipo,2007,0.251486,0.0,0.596742784816265,0.0189970868561298,1110.050610183981,21.0923445819588
120601,Junin,Satipo,2008,0.258849,0.0,0.596742784816265,0.0189970868561298,1110.050610183981,21.0923445819588
120601,Junin,Satipo,2009,0.261918,0.0,0.596742784816265,0.0189970868561298,1110.050610183981,21.0923445819588
120601,Junin,Satipo,2010,0.262285,0.0,0.596742784816265,0.0189970868561298,1110.050610183981,21.0923445819588
120601,Junin,Satipo,2011,0.268952,0.0,0.596742784816265,0.0189970868561298,1110.050610183981,21.0923445819588
120601,Junin,Satipo,2012,0.28159,0.0,0.596742784816265,0.0189970868561298,1110.050610183981,21.0923445819588
120601,Junin,Satipo,2013,0.290228,0.0,0.596742784816265,0.0189970868561298,1110.050610183981,21.0923445819588
120601,Junin,Satipo,2014,0.290078,0.0,0.596742784816265,0.0189970868561298,1110.050610183981,21.0923445819588
120601,Junin,Satipo,2015,0.289955,0.0,0.596742784816265,0.0189970868561298,1110.050610183981,21.0923445819588
120601,Junin,Satipo,2016,0.282521,0.0,0.596742784816265,0.0189970868561298,1110.050610183981,21.0923445819588
120601,Junin,Satipo,2017,0.293999,0.0,0.596742784816265,0.0189970868561298,1110.050610183981,21.0923445819588
120601,Junin,Satipo,2018,0.299552,0.0,0.596742784816265,0.0189970868561298,1110.050610183981,21.0923445819588
120601,Junin,Satipo,2019,0.299847,0.0,0.596742784816265,0.0189970868561298,1110.050610183981,21.0923445819588
120601,Junin,Satipo,2020,0.304532,0.0,0.596742784816265,0.0189970868561298,1110.050610183981,21.0923445819588
120601,Junin,Satipo,2021,0.310413,0.0,0.596742784816265,0.0189970868561298,1110.050610183981,21.0923445819588
120601,Junin,Satipo,2022,0.325436,0.0,0.596742784816265,0.0189970868561298,1110.050610183981,21.0923445819588
120601,Junin,Satipo,2023,0.34525,0.0,0.596742784816265,0.0189970868561298,1110.050610183981,21.0923445819588
120601,Junin,Satipo,2024,0.359054,0.0,0.596742784816265,0.0189970868561298,1110.050610183981,21.0923445819588
120602,Junin,Coviriali,1985,0.408418,0.0,1.025471888866678,0.0,1045.3431773060477,20.88094940060661
120602,Junin,Coviriali,1986,0.407537,0.0,1.025471888866678,0.0,1045.3431773060477,20.88094940060661
120602,Junin,Coviriali,1987,0.407537,0.0,1.025471888866678,0.0,1045.3431773060477,20.88094940060661
120602,Junin,Coviriali,1988,0.413225,0.0,1.025471888866678,0.0,1045.3431773060477,20.88094940060661
120602,Junin,Coviriali,1989,0.403305,0.0,1.025471888866678,0.0,1045.3431773060477,20.88094940060661
120602,Junin,Coviriali,1990,0.395254,0.0,1.025471888866678,0.0,1045.3431773060477,20.88094940060661
120602,Junin,Coviriali,1991,0.389925,0.0,1.025471888866678,0.0,1045.3431773060477,20.88094940060661
120602,Junin,Coviriali,1992,0.387409,0.0,1.025471888866678,0.0,1045.3431773060477,20.88094940060661
120602,Junin,Coviriali,1993,0.393618,0.0,1.025471888866678,0.0,1045.3431773060477,20.88094940060661
120602,Junin,Coviriali,1994,0.390563,0.0,1.025471888866678,0.0,1045.3431773060477,20.88094940060661
120602,Junin,Coviriali,1995,0.389476,0.0,1.025471888866678,0.0,1045.3431773060477,20.88094940060661
120602,Junin,Coviriali,1996,0.388452,0.0,1.025471888866678,0.0,1045.3431773060477,20.88094940060661
120602,Junin,Coviriali,1997,0.382853,0.0,1.025471888866678,0.0,1045.3431773060477,20.88094940060661
120602,Junin,Coviriali,1998,0.380634,0.0,1.025471888866678,0.0,1045.3431773060477,20.88094940060661
120602,Junin,Coviriali,1999,0.383644,0.0,1.025471888866678,0.0,1045.3431773060477,20.88094940060661
120602,Junin,Coviriali,2000,0.386061,0.0,1.025471888866678,0.0,1045.3431773060477,20.88094940060661
120602,Junin,Coviriali,2001,0.395389,0.0,1.025471888866678,0.0,1045.3431773060477,20.88094940060661
120602,Junin,Coviriali,2002,0.39493,0.0,1.025471888866678,0.0,1045.3431773060477,20.88094940060661
120602,Junin,Coviriali,2003,0.395398,0.0,1.025471888866678,0.0,1045.3431773060477,20.88094940060661
120602,Junin,Coviriali,2004,0.39759,0.0,1.025471888866678,0.0,1045.3431773060477,20.88094940060661
120602,Junin,Coviriali,2005,0.398201,0.0,1.025471888866678,0.0,1045.3431773060477,20.88094940060661
120602,Junin,Coviriali,2006,0.404653,0.0,1.025471888866678,0.0,1045.3431773060477,20.88094940060661
120602,Junin,Coviriali,2007,0.408903,0.0,1.025471888866678,0.0,1045.3431773060477,20.88094940060661
120602,Junin,Coviriali,2008,0.410413,0.0,1.025471888866678,0.0,1045.3431773060477,20.88094940060661
120602,Junin,Coviriali,2009,0.411275,0.0,1.025471888866678,0.0,1045.3431773060477,20.88094940060661
120602,Junin,Coviriali,2010,0.409101,0.0,1.025471888866678,0.0,1045.3431773060477,20.88094940060661
120602,Junin,Coviriali,2011,0.407942,0.0,1.025471888866678,0.0,1045.3431773060477,20.88094940060661
120602,Junin,Coviriali,2012,0.410997,0.0,1.025471888866678,0.0,1045.3431773060477,20.88094940060661
120602,Junin,Coviriali,2013,0.410368,0.0,1.025471888866678,0.0,1045.3431773060477,20.88094940060661
120602,Junin,Coviriali,2014,0.39927,0.0,1.025471888866678,0.0,1045.3431773060477,20.88094940060661
120602,Junin,Coviriali,2015,0.395047,0.0,1.025471888866678,0.0,1045.3431773060477,20.88094940060661
120602,Junin,Coviriali,2016,0.381263,0.0,1.025471888866678,0.0,1045.3431773060477,20.88094940060661
120602,Junin,Coviriali,2017,0.381533,0.0,1.025471888866678,0.0,1045.3431773060477,20.88094940060661
120602,Junin,Coviriali,2018,0.391111,0.0,1.025471888866678,0.0,1045.3431773060477,20.88094940060661
120602,Junin,Coviriali,2019,0.386879,0.0,1.025471888866678,0.0,1045.3431773060477,20.88094940060661
120602,Junin,Coviriali,2020,0.380778,0.0,1.025471888866678,0.0,1045.3431773060477,20.88094940060661
120602,Junin,Coviriali,2021,0.386322,0.0,1.025471888866678,0.0,1045.3431773060477,20.88094940060661
120602,Junin,Coviriali,2022,0.402478,0.0,1.025471888866678,0.0,1045.3431773060477,20.88094940060661
120602,Junin,Coviriali,2023,0.414825,0.0,1.025471888866678,0.0,1045.3431773060477,20.88094940060661
120602,Junin,Coviriali,2024,0.428052,0.0,1.025471888866678,0.0,1045.3431773060477,20.88094940060661
120603,Junin,Llaylla,1985,0.210817,0.0,0.2546424823718743,0.0,2147.637952955175,23.788711835172435
120603,Junin,Llaylla,1986,0.210697,0.0,0.2546424823718743,0.0,2147.637952955175,23.788711835172435
120603,Junin,Llaylla,1987,0.210891,0.0,0.2546424823718743,0.0,2147.637952955175,23.788711835172435
120603,Junin,Llaylla,1988,0.21151,0.0,0.2546424823718743,0.0,2147.637952955175,23.788711835172435
120603,Junin,Llaylla,1989,0.206571,0.0,0.2546424823718743,0.0,2147.637952955175,23.788711835172435
120603,Junin,Llaylla,1990,0.203604,0.0,0.2546424823718743,0.0,2147.637952955175,23.788711835172435
120603,Junin,Llaylla,1991,0.201469,0.0,0.2546424823718743,0.0,2147.637952955175,23.788711835172435
120603,Junin,Llaylla,1992,0.203621,0.0,0.2546424823718743,0.0,2147.637952955175,23.788711835172435
120603,Junin,Llaylla,1993,0.201401,0.0,0.2546424823718743,0.0,2147.637952955175,23.788711835172435
120603,Junin,Llaylla,1994,0.200202,0.0,0.2546424823718743,0.0,2147.637952955175,23.788711835172435
120603,Junin,Llaylla,1995,0.202697,0.0,0.2546424823718743,0.0,2147.637952955175,23.788711835172435
120603,Junin,Llaylla,1996,0.20102,0.0,0.2546424823718743,0.0,2147.637952955175,23.788711835172435
120603,Junin,Llaylla,1997,0.202038,0.0,0.2546424823718743,0.0,2147.637952955175,23.788711835172435
120603,Junin,Llaylla,1998,0.196959,0.0,0.2546424823718743,0.0,2147.637952955175,23.788711835172435
120603,Junin,Llaylla,1999,0.199812,0.0,0.2546424823718743,0.0,2147.637952955175,23.788711835172435
120603,Junin,Llaylla,2000,0.19817,0.0,0.2546424823718743,0.0,2147.637952955175,23.788711835172435
120603,Junin,Llaylla,2001,0.199099,0.0,0.2546424823718743,0.0,2147.637952955175,23.788711835172435
120603,Junin,Llaylla,2002,0.198437,0.0,0.2546424823718743,0.0,2147.637952955175,23.788711835172435
120603,Junin,Llaylla,2003,0.19815,0.0,0.2546424823718743,0.0,2147.637952955175,23.788711835172435
120603,Junin,Llaylla,2004,0.200054,0.0,0.2546424823718743,0.0,2147.637952955175,23.788711835172435
120603,Junin,Llaylla,2005,0.203905,0.0,0.2546424823718743,0.0,2147.637952955175,23.788711835172435
120603,Junin,Llaylla,2006,0.210686,0.0,0.2546424823718743,0.0,2147.637952955175,23.788711835172435
120603,Junin,Llaylla,2007,0.211098,0.0,0.2546424823718743,0.0,2147.637952955175,23.788711835172435
120603,Junin,Llaylla,2008,0.213687,0.0,0.2546424823718743,0.0,2147.637952955175,23.788711835172435
120603,Junin,Llaylla,2009,0.217299,0.0,0.2546424823718743,0.0,2147.637952955175,23.788711835172435
120603,Junin,Llaylla,2010,0.215853,0.0,0.2546424823718743,0.0,2147.637952955175,23.788711835172435
120603,Junin,Llaylla,2011,0.226601,0.0,0.2546424823718743,0.0,2147.637952955175,23.788711835172435
120603,Junin,Llaylla,2012,0.234642,0.0,0.2546424823718743,0.0,2147.637952955175,23.788711835172435
120603,Junin,Llaylla,2013,0.236355,0.0,0.2546424823718743,0.0,2147.637952955175,23.788711835172435
120603,Junin,Llaylla,2014,0.235662,0.0,0.2546424823718743,0.0,2147.637952955175,23.788711835172435
120603,Junin,Llaylla,2015,0.235284,0.0,0.2546424823718743,0.0,2147.637952955175,23.788711835172435
120603,Junin,Llaylla,2016,0.228682,0.0,0.2546424823718743,0.0,2147.637952955175,23.788711835172435
120603,Junin,Llaylla,2017,0.233306,0.0,0.2546424823718743,0.0,2147.637952955175,23.788711835172435
120603,Junin,Llaylla,2018,0.235844,0.0,0.2546424823718743,0.0,2147.637952955175,23.788711835172435
120603,Junin,Llaylla,2019,0.236839,0.0,0.2546424823718743,0.0,2147.637952955175,23.788711835172435
120603,Junin,Llaylla,2020,0.227261,0.0,0.2546424823718743,0.0,2147.637952955175,23.788711835172435
120603,Junin,Llaylla,2021,0.229318,0.010881,0.2546424823718743,0.0,2147.637952955175,23.788711835172435
120603,Junin,Llaylla,2022,0.237958,0.010881,0.2546424823718743,0.0,2147.637952955175,23.788711835172435
120603,Junin,Llaylla,2023,0.24549,0.010881,0.2546424823718743,0.0,2147.637952955175,23.788711835172435
120603,Junin,Llaylla,2024,0.248067,0.010881,0.2546424823718743,0.0,2147.637952955175,23.788711835172435
120604,Junin,Mazamari,1985,0.127358,0.0,0.3510645908099912,0.0552992465792949,931.507738453375,17.395317655841733
120604,Junin,Mazamari,1986,0.127368,0.0,0.3510645908099912,0.0552992465792949,931.507738453375,17.395317655841733
120604,Junin,Mazamari,1987,0.127585,0.0,0.3510645908099912,0.0552992465792949,931.507738453375,17.395317655841733
120604,Junin,Mazamari,1988,0.127064,0.0,0.3510645908099912,0.0552992465792949,931.507738453375,17.395317655841733
120604,Junin,Mazamari,1989,0.12481,0.0,0.3510645908099912,0.0552992465792949,931.507738453375,17.395317655841733
120604,Junin,Mazamari,1990,0.121065,0.0,0.3510645908099912,0.0552992465792949,931.507738453375,17.395317655841733
120604,Junin,Mazamari,1991,0.113112,0.0,0.3510645908099912,0.0552992465792949,931.507738453375,17.395317655841733
120604,Junin,Mazamari,1992,0.112223,0.0,0.3510645908099912,0.0552992465792949,931.507738453375,17.395317655841733
120604,Junin,Mazamari,1993,0.117137,0.0,0.3510645908099912,0.0552992465792949,931.507738453375,17.395317655841733
120604,Junin,Mazamari,1994,0.118321,0.0,0.3510645908099912,0.0552992465792949,931.507738453375,17.395317655841733
120604,Junin,Mazamari,1995,0.120179,0.0,0.3510645908099912,0.0552992465792949,931.507738453375,17.395317655841733
120604,Junin,Mazamari,1996,0.118879,0.0,0.3510645908099912,0.0552992465792949,931.507738453375,17.395317655841733
120604,Junin,Mazamari,1997,0.119349,0.0,0.3510645908099912,0.0552992465792949,931.507738453375,17.395317655841733
120604,Junin,Mazamari,1998,0.118062,0.0,0.3510645908099912,0.0552992465792949,931.507738453375,17.395317655841733
120604,Junin,Mazamari,1999,0.120712,0.0,0.3510645908099912,0.0552992465792949,931.507738453375,17.395317655841733
120604,Junin,Mazamari,2000,0.121394,0.0,0.3510645908099912,0.0552992465792949,931.507738453375,17.395317655841733
120604,Junin,Mazamari,2001,0.126991,0.0,0.3510645908099912,0.0552992465792949,931.507738453375,17.395317655841733
120604,Junin,Mazamari,2002,0.130223,0.0,0.3510645908099912,0.0552992465792949,931.507738453375,17.395317655841733
120604,Junin,Mazamari,2003,0.133091,0.0,0.3510645908099912,0.0552992465792949,931.507738453375,17.395317655841733
120604,Junin,Mazamari,2004,0.137722,0.0,0.3510645908099912,0.0552992465792949,931.507738453375,17.395317655841733
120604,Junin,Mazamari,2005,0.13906,0.0,0.3510645908099912,0.0552992465792949,931.507738453375,17.395317655841733
120604,Junin,Mazamari,2006,0.14455,0.0,0.3510645908099912,0.0552992465792949,931.507738453375,17.395317655841733
120604,Junin,Mazamari,2007,0.146447,0.0,0.3510645908099912,0.0552992465792949,931.507738453375,17.395317655841733
120604,Junin,Mazamari,2008,0.148259,0.0,0.3510645908099912,0.0552992465792949,931.507738453375,17.395317655841733
120604,Junin,Mazamari,2009,0.150455,0.0,0.3510645908099912,0.0552992465792949,931.507738453375,17.395317655841733
120604,Junin,Mazamari,2010,0.152147,0.0,0.3510645908099912,0.0552992465792949,931.507738453375,17.395317655841733
120604,Junin,Mazamari,2011,0.156041,0.0,0.3510645908099912,0.0552992465792949,931.507738453375,17.395317655841733
120604,Junin,Mazamari,2012,0.15991,0.0,0.3510645908099912,0.0552992465792949,931.507738453375,17.395317655841733
120604,Junin,Mazamari,2013,0.164121,0.0,0.3510645908099912,0.0552992465792949,931.507738453375,17.395317655841733
120604,Junin,Mazamari,2014,0.166596,0.0,0.3510645908099912,0.0552992465792949,931.507738453375,17.395317655841733
120604,Junin,Mazamari,2015,0.169372,0.0,0.3510645908099912,0.0552992465792949,931.507738453375,17.395317655841733
120604,Junin,Mazamari,2016,0.169096,0.0,0.3510645908099912,0.0552992465792949,931.507738453375,17.395317655841733
120604,Junin,Mazamari,2017,0.202733,0.0,0.3510645908099912,0.0552992465792949,931.507738453375,17.395317655841733
120604,Junin,Mazamari,2018,0.203606,0.0,0.3510645908099912,0.0552992465792949,931.507738453375,17.395317655841733
120604,Junin,Mazamari,2019,0.196887,0.0,0.3510645908099912,0.0552992465792949,931.507738453375,17.395317655841733
120604,Junin,Mazamari,2020,0.194287,0.0,0.3510645908099912,0.0552992465792949,931.507738453375,17.395317655841733
120604,Junin,Mazamari,2021,0.195431,0.0,0.3510645908099912,0.0552992465792949,931.507738453375,17.395317655841733
120604,Junin,Mazamari,2022,0.202552,0.0,0.3510645908099912,0.0552992465792949,931.507738453375,17.395317655841733
120604,Junin,Mazamari,2023,0.213557,0.0,0.3510645908099912,0.0552992465792949,931.507738453375,17.395317655841733
120604,Junin,Mazamari,2024,0.23577,0.0,0.3510645908099912,0.0552992465792949,931.507738453375,17.395317655841733
120607,Junin,Rio Negro,1985,0.372987,0.0,0.8299735911930337,0.0333698239440649,983.2371977070692,20.84518261686055
120607,Junin,Rio Negro,1986,0.372121,0.0,0.8299735911930337,0.0333698239440649,983.2371977070692,20.84518261686055
120607,Junin,Rio Negro,1987,0.372118,0.0,0.8299735911930337,0.0333698239440649,983.2371977070692,20.84518261686055
120607,Junin,Rio Negro,1988,0.370066,0.0,0.8299735911930337,0.0333698239440649,983.2371977070692,20.84518261686055
120607,Junin,Rio Negro,1989,0.35992,0.0,0.8299735911930337,0.0333698239440649,983.2371977070692,20.84518261686055
120607,Junin,Rio Negro,1990,0.351831,0.0,0.8299735911930337,0.0333698239440649,983.2371977070692,20.84518261686055
120607,Junin,Rio Negro,1991,0.345933,0.0,0.8299735911930337,0.0333698239440649,983.2371977070692,20.84518261686055
120607,Junin,Rio Negro,1992,0.34403,0.0,0.8299735911930337,0.0333698239440649,983.2371977070692,20.84518261686055
120607,Junin,Rio Negro,1993,0.349338,0.0,0.8299735911930337,0.0333698239440649,983.2371977070692,20.84518261686055
120607,Junin,Rio Negro,1994,0.350685,0.0,0.8299735911930337,0.0333698239440649,983.2371977070692,20.84518261686055
120607,Junin,Rio Negro,1995,0.351319,0.0,0.8299735911930337,0.0333698239440649,983.2371977070692,20.84518261686055
120607,Junin,Rio Negro,1996,0.355328,0.0,0.8299735911930337,0.0333698239440649,983.2371977070692,20.84518261686055
120607,Junin,Rio Negro,1997,0.351393,0.0,0.8299735911930337,0.0333698239440649,983.2371977070692,20.84518261686055
120607,Junin,Rio Negro,1998,0.351758,0.0,0.8299735911930337,0.0333698239440649,983.2371977070692,20.84518261686055
120607,Junin,Rio Negro,1999,0.356041,0.0,0.8299735911930337,0.0333698239440649,983.2371977070692,20.84518261686055
120607,Junin,Rio Negro,2000,0.359421,0.0,0.8299735911930337,0.0333698239440649,983.2371977070692,20.84518261686055
120607,Junin,Rio Negro,2001,0.369539,0.0,0.8299735911930337,0.0333698239440649,983.2371977070692,20.84518261686055
120607,Junin,Rio Negro,2002,0.373409,0.0,0.8299735911930337,0.0333698239440649,983.2371977070692,20.84518261686055
120607,Junin,Rio Negro,2003,0.377373,0.0,0.8299735911930337,0.0333698239440649,983.2371977070692,20.84518261686055
120607,Junin,Rio Negro,2004,0.381561,0.0,0.8299735911930337,0.0333698239440649,983.2371977070692,20.84518261686055
120607,Junin,Rio Negro,2005,0.389174,0.0,0.8299735911930337,0.0333698239440649,983.2371977070692,20.84518261686055
120607,Junin,Rio Negro,2006,0.402943,0.0,0.8299735911930337,0.0333698239440649,983.2371977070692,20.84518261686055
120607,Junin,Rio Negro,2007,0.409611,0.0,0.8299735911930337,0.0333698239440649,983.2371977070692,20.84518261686055
120607,Junin,Rio Negro,2008,0.415861,0.0,0.8299735911930337,0.0333698239440649,983.2371977070692,20.84518261686055
120607,Junin,Rio Negro,2009,0.414629,0.0,0.8299735911930337,0.0333698239440649,983.2371977070692,20.84518261686055
120607,Junin,Rio Negro,2010,0.411589,0.0,0.8299735911930337,0.0333698239440649,983.2371977070692,20.84518261686055
120607,Junin,Rio Negro,2011,0.41701,0.0,0.8299735911930337,0.0333698239440649,983.2371977070692,20.84518261686055
120607,Junin,Rio Negro,2012,0.426131,0.0,0.8299735911930337,0.0333698239440649,983.2371977070692,20.84518261686055
120607,Junin,Rio Negro,2013,0.441667,0.0,0.8299735911930337,0.0333698239440649,983.2371977070692,20.84518261686055
120607,Junin,Rio Negro,2014,0.445911,0.0,0.8299735911930337,0.0333698239440649,983.2371977070692,20.84518261686055
120607,Junin,Rio Negro,2015,0.444292,0.0,0.8299735911930337,0.0333698239440649,983.2371977070692,20.84518261686055
120607,Junin,Rio Negro,2016,0.44012,0.0,0.8299735911930337,0.0333698239440649,983.2371977070692,20.84518261686055
120607,Junin,Rio Negro,2017,0.454377,0.0,0.8299735911930337,0.0333698239440649,983.2371977070692,20.84518261686055
120607,Junin,Rio Negro,2018,0.453175,0.0,0.8299735911930337,0.0333698239440649,983.2371977070692,20.84518261686055
120607,Junin,Rio Negro,2019,0.459251,0.0,0.8299735911930337,0.0333698239440649,983.2371977070692,20.84518261686055
120607,Junin,Rio Negro,2020,0.474915,0.0,0.8299735911930337,0.0333698239440649,983.2371977070692,20.84518261686055
120607,Junin,Rio Negro,2021,0.48853,0.0,0.8299735911930337,0.0333698239440649,983.2371977070692,20.84518261686055
120607,Junin,Rio Negro,2022,0.506581,0.0,0.8299735911930337,0.0333698239440649,983.2371977070692,20.84518261686055
120607,Junin,Rio Negro,2023,0.523475,0.0,0.8299735911930337,0.0333698239440649,983.2371977070692,20.84518261686055
120607,Junin,Rio Negro,2024,0.531395,0.0,0.8299735911930337,0.0333698239440649,983.2371977070692,20.84518261686055
120609,Junin,Vizcatán Del Ene,1985,0.054853,0.0,0.0553917085703856,0.0841044330223175,1353.3759787929469,25.915460412861275
120609,Junin,Vizcatán Del Ene,1986,0.055692,0.0,0.0553917085703856,0.0841044330223175,1353.3759787929469,25.915460412861275
120609,Junin,Vizcatán Del Ene,1987,0.057879,0.0,0.0553917085703856,0.0841044330223175,1353.3759787929469,25.915460412861275
120609,Junin,Vizcatán Del Ene,1988,0.060417,0.0,0.0553917085703856,0.0841044330223175,1353.3759787929469,25.915460412861275
120609,Junin,Vizcatán Del Ene,1989,0.063025,0.0,0.0553917085703856,0.0841044330223175,1353.3759787929469,25.915460412861275
120609,Junin,Vizcatán Del Ene,1990,0.061953,0.0,0.0553917085703856,0.0841044330223175,1353.3759787929469,25.915460412861275
120609,Junin,Vizcatán Del Ene,1991,0.062891,0.0,0.0553917085703856,0.0841044330223175,1353.3759787929469,25.915460412861275
120609,Junin,Vizcatán Del Ene,1992,0.059227,0.0,0.0553917085703856,0.0841044330223175,1353.3759787929469,25.915460412861275
120609,Junin,Vizcatán Del Ene,1993,0.054244,0.0,0.0553917085703856,0.0841044330223175,1353.3759787929469,25.915460412861275
120609,Junin,Vizcatán Del Ene,1994,0.053538,0.0,0.0553917085703856,0.0841044330223175,1353.3759787929469,25.915460412861275
120609,Junin,Vizcatán Del Ene,1995,0.053348,0.0,0.0553917085703856,0.0841044330223175,1353.3759787929469,25.915460412861275
120609,Junin,Vizcatán Del Ene,1996,0.052221,0.0,0.0553917085703856,0.0841044330223175,1353.3759787929469,25.915460412861275
120609,Junin,Vizcatán Del Ene,1997,0.05268,0.0,0.0553917085703856,0.0841044330223175,1353.3759787929469,25.915460412861275
120609,Junin,Vizcatán Del Ene,1998,0.052221,0.0,0.0553917085703856,0.0841044330223175,1353.3759787929469,25.915460412861275
120609,Junin,Vizcatán Del Ene,1999,0.0504,0.0,0.0553917085703856,0.0841044330223175,1353.3759787929469,25.915460412861275
120609,Junin,Vizcatán Del Ene,2000,0.050164,0.0,0.0553917085703856,0.0841044330223175,1353.3759787929469,25.915460412861275
120609,Junin,Vizcatán Del Ene,2001,0.051486,0.0,0.0553917085703856,0.0841044330223175,1353.3759787929469,25.915460412861275
120609,Junin,Vizcatán Del Ene,2002,0.053738,0.0,0.0553917085703856,0.0841044330223175,1353.3759787929469,25.915460412861275
120609,Junin,Vizcatán Del Ene,2003,0.057224,0.0,0.0553917085703856,0.0841044330223175,1353.3759787929469,25.915460412861275
120609,Junin,Vizcatán Del Ene,2004,0.058983,0.0,0.0553917085703856,0.0841044330223175,1353.3759787929469,25.915460412861275
120609,Junin,Vizcatán Del Ene,2005,0.065733,0.0,0.0553917085703856,0.0841044330223175,1353.3759787929469,25.915460412861275
120609,Junin,Vizcatán Del Ene,2006,0.073391,0.0,0.0553917085703856,0.0841044330223175,1353.3759787929469,25.915460412861275
120609,Junin,Vizcatán Del Ene,2007,0.081332,0.0,0.0553917085703856,0.0841044330223175,1353.3759787929469,25.915460412861275
120609,Junin,Vizcatán Del Ene,2008,0.089459,0.0,0.0553917085703856,0.0841044330223175,1353.3759787929469,25.915460412861275
120609,Junin,Vizcatán Del Ene,2009,0.095989,0.0,0.0553917085703856,0.0841044330223175,1353.3759787929469,25.915460412861275
120609,Junin,Vizcatán Del Ene,2010,0.102917,0.0,0.0553917085703856,0.0841044330223175,1353.3759787929469,25.915460412861275
120609,Junin,Vizcatán Del Ene,2011,0.107982,0.0,0.0553917085703856,0.0841044330223175,1353.3759787929469,25.915460412861275
120609,Junin,Vizcatán Del Ene,2012,0.111368,0.0,0.0553917085703856,0.0841044330223175,1353.3759787929469,25.915460412861275
120609,Junin,Vizcatán Del Ene,2013,0.116967,0.0,0.0553917085703856,0.0841044330223175,1353.3759787929469,25.915460412861275
120609,Junin,Vizcatán Del Ene,2014,0.119609,0.0,0.0553917085703856,0.0841044330223175,1353.3759787929469,25.915460412861275
120609,Junin,Vizcatán Del Ene,2015,0.124354,0.0,0.0553917085703856,0.0841044330223175,1353.3759787929469,25.915460412861275
120609,Junin,Vizcatán Del Ene,2016,0.134847,0.0,0.0553917085703856,0.0841044330223175,1353.3759787929469,25.915460412861275
120609,Junin,Vizcatán Del Ene,2017,0.152489,0.0,0.0553917085703856,0.0841044330223175,1353.3759787929469,25.915460412861275
120609,Junin,Vizcatán Del Ene,2018,0.159746,0.0,0.0553917085703856,0.0841044330223175,1353.3759787929469,25.915460412861275
120609,Junin,Vizcatán Del Ene,2019,0.181209,0.0,0.0553917085703856,0.0841044330223175,1353.3759787929469,25.915460412861275
120609,Junin,Vizcatán Del Ene,2020,0.203234,0.0,0.0553917085703856,0.0841044330223175,1353.3759787929469,25.915460412861275
120609,Junin,Vizcatán Del Ene,2021,0.209784,0.0,0.0553917085703856,0.0841044330223175,1353.3759787929469,25.915460412861275
120609,Junin,Vizcatán Del Ene,2022,0.216025,0.0,0.0553917085703856,0.0841044330223175,1353.3759787929469,25.915460412861275
120609,Junin,Vizcatán Del Ene,2023,0.220735,0.0,0.0553917085703856,0.0841044330223175,1353.3759787929469,25.915460412861275
120609,Junin,Vizcatán Del Ene,2024,0.223854,0.0,0.0553917085703856,0.0841044330223175,1353.3759787929469,25.915460412861275
160101,Loreto,Iquitos,1985,0.23165,0.0,0.0183751592871275,0.129921200396326,107.39396812030697,2.978914810728903
160101,Loreto,Iquitos,1986,0.225567,0.0,0.0183751592871275,0.129921200396326,107.39396812030697,2.978914810728903
160101,Loreto,Iquitos,1987,0.236843,0.0,0.0183751592871275,0.129921200396326,107.39396812030697,2.978914810728903
160101,Loreto,Iquitos,1988,0.247671,0.0,0.0183751592871275,0.129921200396326,107.39396812030697,2.978914810728903
160101,Loreto,Iquitos,1989,0.253143,0.0,0.0183751592871275,0.129921200396326,107.39396812030697,2.978914810728903
160101,Loreto,Iquitos,1990,0.270202,0.0,0.0183751592871275,0.129921200396326,107.39396812030697,2.978914810728903
160101,Loreto,Iquitos,1991,0.277617,0.0,0.0183751592871275,0.129921200396326,107.39396812030697,2.978914810728903
160101,Loreto,Iquitos,1992,0.289987,0.0,0.0183751592871275,0.129921200396326,107.39396812030697,2.978914810728903
160101,Loreto,Iquitos,1993,0.28987,0.0,0.0183751592871275,0.129921200396326,107.39396812030697,2.978914810728903
160101,Loreto,Iquitos,1994,0.287167,0.0,0.0183751592871275,0.129921200396326,107.39396812030697,2.978914810728903
160101,Loreto,Iquitos,1995,0.289459,0.0,0.0183751592871275,0.129921200396326,107.39396812030697,2.978914810728903
160101,Loreto,Iquitos,1996,0.292092,0.0,0.0183751592871275,0.129921200396326,107.39396812030697,2.978914810728903
160101,Loreto,Iquitos,1997,0.290913,0.0,0.0183751592871275,0.129921200396326,107.39396812030697,2.978914810728903
160101,Loreto,Iquitos,1998,0.296043,0.0,0.0183751592871275,0.129921200396326,107.39396812030697,2.978914810728903
160101,Loreto,Iquitos,1999,0.301984,0.0,0.0183751592871275,0.129921200396326,107.39396812030697,2.978914810728903
160101,Loreto,Iquitos,2000,0.305441,0.0,0.0183751592871275,0.129921200396326,107.39396812030697,2.978914810728903
160101,Loreto,Iquitos,2001,0.305201,0.0,0.0183751592871275,0.129921200396326,107.39396812030697,2.978914810728903
160101,Loreto,Iquitos,2002,0.313889,0.0,0.0183751592871275,0.129921200396326,107.39396812030697,2.978914810728903
160101,Loreto,Iquitos,2003,0.3188,0.0,0.0183751592871275,0.129921200396326,107.39396812030697,2.978914810728903
160101,Loreto,Iquitos,2004,0.327119,0.148529,0.0183751592871275,0.129921200396326,107.39396812030697,2.978914810728903
160101,Loreto,Iquitos,2005,0.335991,0.148529,0.0183751592871275,0.129921200396326,107.39396812030697,2.978914810728903
160101,Loreto,Iquitos,2006,0.337157,0.148529,0.0183751592871275,0.129921200396326,107.39396812030697,2.978914810728903
160101,Loreto,Iquitos,2007,0.341745,0.148529,0.0183751592871275,0.129921200396326,107.39396812030697,2.978914810728903
160101,Loreto,Iquitos,2008,0.342973,0.148529,0.0183751592871275,0.129921200396326,107.39396812030697,2.978914810728903
160101,Loreto,Iquitos,2009,0.348219,0.148529,0.0183751592871275,0.129921200396326,107.39396812030697,2.978914810728903
160101,Loreto,Iquitos,2010,0.356971,0.148529,0.0183751592871275,0.129921200396326,107.39396812030697,2.978914810728903
160101,Loreto,Iquitos,2011,0.35648,0.148529,0.0183751592871275,0.129921200396326,107.39396812030697,2.978914810728903
160101,Loreto,Iquitos,2012,0.373155,0.148529,0.0183751592871275,0.129921200396326,107.39396812030697,2.978914810728903
160101,Loreto,Iquitos,2013,0.372537,0.148529,0.0183751592871275,0.129921200396326,107.39396812030697,2.978914810728903
160101,Loreto,Iquitos,2014,0.380883,0.148529,0.0183751592871275,0.129921200396326,107.39396812030697,2.978914810728903
160101,Loreto,Iquitos,2015,0.384489,0.148529,0.0183751592871275,0.129921200396326,107.39396812030697,2.978914810728903
160101,Loreto,Iquitos,2016,0.392696,0.148529,0.0183751592871275,0.129921200396326,107.39396812030697,2.978914810728903
160101,Loreto,Iquitos,2017,0.400682,0.148529,0.0183751592871275,0.129921200396326,107.39396812030697,2.978914810728903
160101,Loreto,Iquitos,2018,0.400084,0.148529,0.0183751592871275,0.129921200396326,107.39396812030697,2.978914810728903
160101,Loreto,Iquitos,2019,0.395008,0.148529,0.0183751592871275,0.129921200396326,107.39396812030697,2.978914810728903
160101,Loreto,Iquitos,2020,0.397529,0.148529,0.0183751592871275,0.129921200396326,107.39396812030697,2.978914810728903
160101,Loreto,Iquitos,2021,0.408817,0.148529,0.0183751592871275,0.129921200396326,107.39396812030697,2.978914810728903
160101,Loreto,Iquitos,2022,0.403923,0.148529,0.0183751592871275,0.129921200396326,107.39396812030697,2.978914810728903
160101,Loreto,Iquitos,2023,0.358483,0.148529,0.0183751592871275,0.129921200396326,107.39396812030697,2.978914810728903
160101,Loreto,Iquitos,2024,0.354644,0.148529,0.0183751592871275,0.129921200396326,107.39396812030697,2.978914810728903
160112,Loreto,Belen,1985,0.234095,0.0,0.0002380188977315,0.1157206411060157,97.3236830607597,2.511585044003032
160112,Loreto,Belen,1986,0.22545,0.0,0.0002380188977315,0.1157206411060157,97.3236830607597,2.511585044003032
160112,Loreto,Belen,1987,0.235801,0.0,0.0002380188977315,0.1157206411060157,97.3236830607597,2.511585044003032
160112,Loreto,Belen,1988,0.245936,0.0,0.0002380188977315,0.1157206411060157,97.3236830607597,2.511585044003032
160112,Loreto,Belen,1989,0.250628,0.0,0.0002380188977315,0.1157206411060157,97.3236830607597,2.511585044003032
160112,Loreto,Belen,1990,0.255656,0.0,0.0002380188977315,0.1157206411060157,97.3236830607597,2.511585044003032
160112,Loreto,Belen,1991,0.251956,0.0,0.0002380188977315,0.1157206411060157,97.3236830607597,2.511585044003032
160112,Loreto,Belen,1992,0.266614,0.0,0.0002380188977315,0.1157206411060157,97.3236830607597,2.511585044003032
160112,Loreto,Belen,1993,0.262187,0.0,0.0002380188977315,0.1157206411060157,97.3236830607597,2.511585044003032
160112,Loreto,Belen,1994,0.259135,0.0,0.0002380188977315,0.1157206411060157,97.3236830607597,2.511585044003032
160112,Loreto,Belen,1995,0.254973,0.0,0.0002380188977315,0.1157206411060157,97.3236830607597,2.511585044003032
160112,Loreto,Belen,1996,0.25807,0.0,0.0002380188977315,0.1157206411060157,97.3236830607597,2.511585044003032
160112,Loreto,Belen,1997,0.252198,0.0,0.0002380188977315,0.1157206411060157,97.3236830607597,2.511585044003032
160112,Loreto,Belen,1998,0.257215,0.0,0.0002380188977315,0.1157206411060157,97.3236830607597,2.511585044003032
160112,Loreto,Belen,1999,0.261855,0.0,0.0002380188977315,0.1157206411060157,97.3236830607597,2.511585044003032
160112,Loreto,Belen,2000,0.256196,0.0,0.0002380188977315,0.1157206411060157,97.3236830607597,2.511585044003032
160112,Loreto,Belen,2001,0.25558,0.0,0.0002380188977315,0.1157206411060157,97.3236830607597,2.511585044003032
160112,Loreto,Belen,2002,0.263562,0.0,0.0002380188977315,0.1157206411060157,97.3236830607597,2.511585044003032
160112,Loreto,Belen,2003,0.26545,0.0,0.0002380188977315,0.1157206411060157,97.3236830607597,2.511585044003032
160112,Loreto,Belen,2004,0.274018,0.0,0.0002380188977315,0.1157206411060157,97.3236830607597,2.511585044003032
160112,Loreto,Belen,2005,0.286003,0.0,0.0002380188977315,0.1157206411060157,97.3236830607597,2.511585044003032
160112,Loreto,Belen,2006,0.284064,0.0,0.0002380188977315,0.1157206411060157,97.3236830607597,2.511585044003032
160112,Loreto,Belen,2007,0.283343,0.0,0.0002380188977315,0.1157206411060157,97.3236830607597,2.511585044003032
160112,Loreto,Belen,2008,0.278393,0.0,0.0002380188977315,0.1157206411060157,97.3236830607597,2.511585044003032
160112,Loreto,Belen,2009,0.279624,0.0,0.0002380188977315,0.1157206411060157,97.3236830607597,2.511585044003032
160112,Loreto,Belen,2010,0.28604,0.0,0.0002380188977315,0.1157206411060157,97.3236830607597,2.511585044003032
160112,Loreto,Belen,2011,0.276704,0.0,0.0002380188977315,0.1157206411060157,97.3236830607597,2.511585044003032
160112,Loreto,Belen,2012,0.293538,0.0,0.0002380188977315,0.1157206411060157,97.3236830607597,2.511585044003032
160112,Loreto,Belen,2013,0.291512,0.0,0.0002380188977315,0.1157206411060157,97.3236830607597,2.511585044003032
160112,Loreto,Belen,2014,0.305033,0.0,0.0002380188977315,0.1157206411060157,97.3236830607597,2.511585044003032
160112,Loreto,Belen,2015,0.307457,0.0,0.0002380188977315,0.1157206411060157,97.3236830607597,2.511585044003032
160112,Loreto,Belen,2016,0.313291,0.0,0.0002380188977315,0.1157206411060157,97.3236830607597,2.511585044003032
160112,Loreto,Belen,2017,0.343452,0.0,0.0002380188977315,0.1157206411060157,97.3236830607597,2.511585044003032
160112,Loreto,Belen,2018,0.339637,0.0,0.0002380188977315,0.1157206411060157,97.3236830607597,2.511585044003032
160112,Loreto,Belen,2019,0.339971,0.0,0.0002380188977315,0.1157206411060157,97.3236830607597,2.511585044003032
160112,Loreto,Belen,2020,0.348387,0.0,0.0002380188977315,0.1157206411060157,97.3236830607597,2.511585044003032
160112,Loreto,Belen,2021,0.352294,0.0,0.0002380188977315,0.1157206411060157,97.3236830607597,2.511585044003032
160112,Loreto,Belen,2022,0.348542,0.0,0.0002380188977315,0.1157206411060157,97.3236830607597,2.511585044003032
160112,Loreto,Belen,2023,0.33037,0.0,0.0002380188977315,0.1157206411060157,97.3236830607597,2.511585044003032
160112,Loreto,Belen,2024,0.327863,0.0,0.0002380188977315,0.1157206411060157,97.3236830607597,2.511585044003032
160201,Loreto,Yurimaguas,1985,0.162155,0.0,0.1010049569286553,0.0597736051124415,163.5726825655684,4.152954393385628
160201,Loreto,Yurimaguas,1986,0.162181,0.0,0.1010049569286553,0.0597736051124415,163.5726825655684,4.152954393385628
160201,Loreto,Yurimaguas,1987,0.212429,0.0,0.1010049569286553,0.0597736051124415,163.5726825655684,4.152954393385628
160201,Loreto,Yurimaguas,1988,0.232798,0.0,0.1010049569286553,0.0597736051124415,163.5726825655684,4.152954393385628
160201,Loreto,Yurimaguas,1989,0.231195,0.0,0.1010049569286553,0.0597736051124415,163.5726825655684,4.152954393385628
160201,Loreto,Yurimaguas,1990,0.240476,0.0,0.1010049569286553,0.0597736051124415,163.5726825655684,4.152954393385628
160201,Loreto,Yurimaguas,1991,0.234945,0.0,0.1010049569286553,0.0597736051124415,163.5726825655684,4.152954393385628
160201,Loreto,Yurimaguas,1992,0.226901,0.0,0.1010049569286553,0.0597736051124415,163.5726825655684,4.152954393385628
160201,Loreto,Yurimaguas,1993,0.228983,0.0,0.1010049569286553,0.0597736051124415,163.5726825655684,4.152954393385628
160201,Loreto,Yurimaguas,1994,0.231162,0.0,0.1010049569286553,0.0597736051124415,163.5726825655684,4.152954393385628
160201,Loreto,Yurimaguas,1995,0.238529,0.0,0.1010049569286553,0.0597736051124415,163.5726825655684,4.152954393385628
160201,Loreto,Yurimaguas,1996,0.252918,0.0,0.1010049569286553,0.0597736051124415,163.5726825655684,4.152954393385628
160201,Loreto,Yurimaguas,1997,0.25955,0.0,0.1010049569286553,0.0597736051124415,163.5726825655684,4.152954393385628
160201,Loreto,Yurimaguas,1998,0.260944,0.0,0.1010049569286553,0.0597736051124415,163.5726825655684,4.152954393385628
160201,Loreto,Yurimaguas,1999,0.263646,0.0,0.1010049569286553,0.0597736051124415,163.5726825655684,4.152954393385628
160201,Loreto,Yurimaguas,2000,0.266568,0.0,0.1010049569286553,0.0597736051124415,163.5726825655684,4.152954393385628
160201,Loreto,Yurimaguas,2001,0.272879,0.0,0.1010049569286553,0.0597736051124415,163.5726825655684,4.152954393385628
160201,Loreto,Yurimaguas,2002,0.276414,0.0,0.1010049569286553,0.0597736051124415,163.5726825655684,4.152954393385628
160201,Loreto,Yurimaguas,2003,0.286644,0.0,0.1010049569286553,0.0597736051124415,163.5726825655684,4.152954393385628
160201,Loreto,Yurimaguas,2004,0.294943,0.0,0.1010049569286553,0.0597736051124415,163.5726825655684,4.152954393385628
160201,Loreto,Yurimaguas,2005,0.304263,0.0,0.1010049569286553,0.0597736051124415,163.5726825655684,4.152954393385628
160201,Loreto,Yurimaguas,2006,0.314162,0.0,0.1010049569286553,0.0597736051124415,163.5726825655684,4.152954393385628
160201,Loreto,Yurimaguas,2007,0.320116,0.0,0.1010049569286553,0.0597736051124415,163.5726825655684,4.152954393385628
160201,Loreto,Yurimaguas,2008,0.326341,0.0,0.1010049569286553,0.0597736051124415,163.5726825655684,4.152954393385628
160201,Loreto,Yurimaguas,2009,0.332181,0.0,0.1010049569286553,0.0597736051124415,163.5726825655684,4.152954393385628
160201,Loreto,Yurimaguas,2010,0.341302,0.0,0.1010049569286553,0.0597736051124415,163.5726825655684,4.152954393385628
160201,Loreto,Yurimaguas,2011,0.344437,0.0,0.1010049569286553,0.0597736051124415,163.5726825655684,4.152954393385628
160201,Loreto,Yurimaguas,2012,0.358317,0.0,0.1010049569286553,0.0597736051124415,163.5726825655684,4.152954393385628
160201,Loreto,Yurimaguas,2013,0.36838,0.0,0.1010049569286553,0.0597736051124415,163.5726825655684,4.152954393385628
160201,Loreto,Yurimaguas,2014,0.362216,0.0,0.1010049569286553,0.0597736051124415,163.5726825655684,4.152954393385628
160201,Loreto,Yurimaguas,2015,0.358581,0.0,0.1010049569286553,0.0597736051124415,163.5726825655684,4.152954393385628
160201,Loreto,Yurimaguas,2016,0.355768,4.2e-05,0.1010049569286553,0.0597736051124415,163.5726825655684,4.152954393385628
160201,Loreto,Yurimaguas,2017,0.359414,4.2e-05,0.1010049569286553,0.0597736051124415,163.5726825655684,4.152954393385628
160201,Loreto,Yurimaguas,2018,0.3618,4.2e-05,0.1010049569286553,0.0597736051124415,163.5726825655684,4.152954393385628
160201,Loreto,Yurimaguas,2019,0.355493,4.2e-05,0.1010049569286553,0.0597736051124415,163.5726825655684,4.152954393385628
160201,Loreto,Yurimaguas,2020,0.364385,4.2e-05,0.1010049569286553,0.0597736051124415,163.5726825655684,4.152954393385628
160201,Loreto,Yurimaguas,2021,0.372501,4.2e-05,0.1010049569286553,0.0597736051124415,163.5726825655684,4.152954393385628
160201,Loreto,Yurimaguas,2022,0.368429,4.2e-05,0.1010049569286553,0.0597736051124415,163.5726825655684,4.152954393385628
160201,Loreto,Yurimaguas,2023,0.383802,4.2e-05,0.1010049569286553,0.0597736051124415,163.5726825655684,4.152954393385628
160201,Loreto,Yurimaguas,2024,0.39949,4.2e-05,0.1010049569286553,0.0597736051124415,163.5726825655684,4.152954393385628
160211,Loreto,Teniente Cesar Lopez Rojas,1985,0.112419,0.0,0.0281156679611607,0.0348738226750398,178.91973961716656,4.403054750818555
160211,Loreto,Teniente Cesar Lopez Rojas,1986,0.112033,0.0,0.0281156679611607,0.0348738226750398,178.91973961716656,4.403054750818555
160211,Loreto,Teniente Cesar Lopez Rojas,1987,0.120069,0.0,0.0281156679611607,0.0348738226750398,178.91973961716656,4.403054750818555
160211,Loreto,Teniente Cesar Lopez Rojas,1988,0.13381,0.0,0.0281156679611607,0.0348738226750398,178.91973961716656,4.403054750818555
160211,Loreto,Teniente Cesar Lopez Rojas,1989,0.135331,0.0,0.0281156679611607,0.0348738226750398,178.91973961716656,4.403054750818555
160211,Loreto,Teniente Cesar Lopez Rojas,1990,0.139283,0.0,0.0281156679611607,0.0348738226750398,178.91973961716656,4.403054750818555
160211,Loreto,Teniente Cesar Lopez Rojas,1991,0.141501,0.0,0.0281156679611607,0.0348738226750398,178.91973961716656,4.403054750818555
160211,Loreto,Teniente Cesar Lopez Rojas,1992,0.144225,0.0,0.0281156679611607,0.0348738226750398,178.91973961716656,4.403054750818555
160211,Loreto,Teniente Cesar Lopez Rojas,1993,0.141846,0.0,0.0281156679611607,0.0348738226750398,178.91973961716656,4.403054750818555
160211,Loreto,Teniente Cesar Lopez Rojas,1994,0.143112,0.0,0.0281156679611607,0.0348738226750398,178.91973961716656,4.403054750818555
160211,Loreto,Teniente Cesar Lopez Rojas,1995,0.142088,0.0,0.0281156679611607,0.0348738226750398,178.91973961716656,4.403054750818555
160211,Loreto,Teniente Cesar Lopez Rojas,1996,0.147441,0.0,0.0281156679611607,0.0348738226750398,178.91973961716656,4.403054750818555
160211,Loreto,Teniente Cesar Lopez Rojas,1997,0.154005,0.0,0.0281156679611607,0.0348738226750398,178.91973961716656,4.403054750818555
160211,Loreto,Teniente Cesar Lopez Rojas,1998,0.157644,0.0,0.0281156679611607,0.0348738226750398,178.91973961716656,4.403054750818555
160211,Loreto,Teniente Cesar Lopez Rojas,1999,0.163237,0.0,0.0281156679611607,0.0348738226750398,178.91973961716656,4.403054750818555
160211,Loreto,Teniente Cesar Lopez Rojas,2000,0.168363,0.0,0.0281156679611607,0.0348738226750398,178.91973961716656,4.403054750818555
160211,Loreto,Teniente Cesar Lopez Rojas,2001,0.172067,0.0,0.0281156679611607,0.0348738226750398,178.91973961716656,4.403054750818555
160211,Loreto,Teniente Cesar Lopez Rojas,2002,0.170513,0.0,0.0281156679611607,0.0348738226750398,178.91973961716656,4.403054750818555
160211,Loreto,Teniente Cesar Lopez Rojas,2003,0.172817,0.0,0.0281156679611607,0.0348738226750398,178.91973961716656,4.403054750818555
160211,Loreto,Teniente Cesar Lopez Rojas,2004,0.1775,0.0,0.0281156679611607,0.0348738226750398,178.91973961716656,4.403054750818555
160211,Loreto,Teniente Cesar Lopez Rojas,2005,0.178662,0.0,0.0281156679611607,0.0348738226750398,178.91973961716656,4.403054750818555
160211,Loreto,Teniente Cesar Lopez Rojas,2006,0.180044,0.0,0.0281156679611607,0.0348738226750398,178.91973961716656,4.403054750818555
160211,Loreto,Teniente Cesar Lopez Rojas,2007,0.175108,0.0,0.0281156679611607,0.0348738226750398,178.91973961716656,4.403054750818555
160211,Loreto,Teniente Cesar Lopez Rojas,2008,0.177067,0.0,0.0281156679611607,0.0348738226750398,178.91973961716656,4.403054750818555
160211,Loreto,Teniente Cesar Lopez Rojas,2009,0.17662,0.0,0.0281156679611607,0.0348738226750398,178.91973961716656,4.403054750818555
160211,Loreto,Teniente Cesar Lopez Rojas,2010,0.179559,0.0,0.0281156679611607,0.0348738226750398,178.91973961716656,4.403054750818555
160211,Loreto,Teniente Cesar Lopez Rojas,2011,0.180652,0.0,0.0281156679611607,0.0348738226750398,178.91973961716656,4.403054750818555
160211,Loreto,Teniente Cesar Lopez Rojas,2012,0.181651,0.0,0.0281156679611607,0.0348738226750398,178.91973961716656,4.403054750818555
160211,Loreto,Teniente Cesar Lopez Rojas,2013,0.184701,0.0,0.0281156679611607,0.0348738226750398,178.91973961716656,4.403054750818555
160211,Loreto,Teniente Cesar Lopez Rojas,2014,0.182892,0.0,0.0281156679611607,0.0348738226750398,178.91973961716656,4.403054750818555
160211,Loreto,Teniente Cesar Lopez Rojas,2015,0.18542,0.0,0.0281156679611607,0.0348738226750398,178.91973961716656,4.403054750818555
160211,Loreto,Teniente Cesar Lopez Rojas,2016,0.186455,0.0,0.0281156679611607,0.0348738226750398,178.91973961716656,4.403054750818555
160211,Loreto,Teniente Cesar Lopez Rojas,2017,0.189357,0.0,0.0281156679611607,0.0348738226750398,178.91973961716656,4.403054750818555
160211,Loreto,Teniente Cesar Lopez Rojas,2018,0.186025,0.0,0.0281156679611607,0.0348738226750398,178.91973961716656,4.403054750818555
160211,Loreto,Teniente Cesar Lopez Rojas,2019,0.182611,0.0,0.0281156679611607,0.0348738226750398,178.91973961716656,4.403054750818555
160211,Loreto,Teniente Cesar Lopez Rojas,2020,0.185672,0.0,0.0281156679611607,0.0348738226750398,178.91973961716656,4.403054750818555
160211,Loreto,Teniente Cesar Lopez Rojas,2021,0.191833,0.0,0.0281156679611607,0.0348738226750398,178.91973961716656,4.403054750818555
160211,Loreto,Teniente Cesar Lopez Rojas,2022,0.202962,0.0,0.0281156679611607,0.0348738226750398,178.91973961716656,4.403054750818555
160211,Loreto,Teniente Cesar Lopez Rojas,2023,0.223255,0.0,0.0281156679611607,0.0348738226750398,178.91973961716656,4.403054750818555
160211,Loreto,Teniente Cesar Lopez Rojas,2024,0.241971,0.0,0.0281156679611607,0.0348738226750398,178.91973961716656,4.403054750818555
160503,Loreto,Capelo,1985,0.090688,0.0,0.0,0.0919898018170609,109.59856247439524,2.1739910561151348
160503,Loreto,Capelo,1986,0.087833,0.0,0.0,0.0919898018170609,109.59856247439524,2.1739910561151348
160503,Loreto,Capelo,1987,0.104458,0.0,0.0,0.0919898018170609,109.59856247439524,2.1739910561151348
160503,Loreto,Capelo,1988,0.120561,0.0,0.0,0.0919898018170609,109.59856247439524,2.1739910561151348
160503,Loreto,Capelo,1989,0.131281,0.0,0.0,0.0919898018170609,109.59856247439524,2.1739910561151348
160503,Loreto,Capelo,1990,0.137162,0.0,0.0,0.0919898018170609,109.59856247439524,2.1739910561151348
160503,Loreto,Capelo,1991,0.142208,0.0,0.0,0.0919898018170609,109.59856247439524,2.1739910561151348
160503,Loreto,Capelo,1992,0.155682,0.0,0.0,0.0919898018170609,109.59856247439524,2.1739910561151348
160503,Loreto,Capelo,1993,0.145745,0.0,0.0,0.0919898018170609,109.59856247439524,2.1739910561151348
160503,Loreto,Capelo,1994,0.142344,0.0,0.0,0.0919898018170609,109.59856247439524,2.1739910561151348
160503,Loreto,Capelo,1995,0.142725,0.0,0.0,0.0919898018170609,109.59856247439524,2.1739910561151348
160503,Loreto,Capelo,1996,0.135652,0.0,0.0,0.0919898018170609,109.59856247439524,2.1739910561151348
160503,Loreto,Capelo,1997,0.129355,0.0,0.0,0.0919898018170609,109.59856247439524,2.1739910561151348
160503,Loreto,Capelo,1998,0.130218,0.0,0.0,0.0919898018170609,109.59856247439524,2.1739910561151348
160503,Loreto,Capelo,1999,0.126573,0.0,0.0,0.0919898018170609,109.59856247439524,2.1739910561151348
160503,Loreto,Capelo,2000,0.123013,0.0,0.0,0.0919898018170609,109.59856247439524,2.1739910561151348
160503,Loreto,Capelo,2001,0.112794,0.0,0.0,0.0919898018170609,109.59856247439524,2.1739910561151348
160503,Loreto,Capelo,2002,0.105217,0.0,0.0,0.0919898018170609,109.59856247439524,2.1739910561151348
160503,Loreto,Capelo,2003,0.096712,0.0,0.0,0.0919898018170609,109.59856247439524,2.1739910561151348
160503,Loreto,Capelo,2004,0.093709,0.0,0.0,0.0919898018170609,109.59856247439524,2.1739910561151348
160503,Loreto,Capelo,2005,0.093884,0.0,0.0,0.0919898018170609,109.59856247439524,2.1739910561151348
160503,Loreto,Capelo,2006,0.085601,0.0,0.0,0.0919898018170609,109.59856247439524,2.1739910561151348
160503,Loreto,Capelo,2007,0.081962,0.0,0.0,0.0919898018170609,109.59856247439524,2.1739910561151348
160503,Loreto,Capelo,2008,0.08323,0.0,0.0,0.0919898018170609,109.59856247439524,2.1739910561151348
160503,Loreto,Capelo,2009,0.085313,0.0,0.0,0.0919898018170609,109.59856247439524,2.1739910561151348
160503,Loreto,Capelo,2010,0.092707,0.0,0.0,0.0919898018170609,109.59856247439524,2.1739910561151348
160503,Loreto,Capelo,2011,0.090486,0.0,0.0,0.0919898018170609,109.59856247439524,2.1739910561151348
160503,Loreto,Capelo,2012,0.095473,0.0,0.0,0.0919898018170609,109.59856247439524,2.1739910561151348
160503,Loreto,Capelo,2013,0.103541,0.0,0.0,0.0919898018170609,109.59856247439524,2.1739910561151348
160503,Loreto,Capelo,2014,0.118114,0.0,0.0,0.0919898018170609,109.59856247439524,2.1739910561151348
160503,Loreto,Capelo,2015,0.123139,0.0,0.0,0.0919898018170609,109.59856247439524,2.1739910561151348
160503,Loreto,Capelo,2016,0.126087,0.0,0.0,0.0919898018170609,109.59856247439524,2.1739910561151348
160503,Loreto,Capelo,2017,0.126578,0.0,0.0,0.0919898018170609,109.59856247439524,2.1739910561151348
160503,Loreto,Capelo,2018,0.122836,0.0,0.0,0.0919898018170609,109.59856247439524,2.1739910561151348
160503,Loreto,Capelo,2019,0.122636,0.0,0.0,0.0919898018170609,109.59856247439524,2.1739910561151348
160503,Loreto,Capelo,2020,0.130227,0.0,0.0,0.0919898018170609,109.59856247439524,2.1739910561151348
160503,Loreto,Capelo,2021,0.130092,0.0,0.0,0.0919898018170609,109.59856247439524,2.1739910561151348
160503,Loreto,Capelo,2022,0.146392,0.0,0.0,0.0919898018170609,109.59856247439524,2.1739910561151348
160503,Loreto,Capelo,2023,0.151332,0.0,0.0,0.0919898018170609,109.59856247439524,2.1739910561151348
160503,Loreto,Capelo,2024,0.151982,0.0,0.0,0.0919898018170609,109.59856247439524,2.1739910561151348
160603,Loreto,Padre Marquez,1985,0.035372,0.0,0.0149072930527522,0.0364354357964467,176.57926290985174,3.890004543704809
160603,Loreto,Padre Marquez,1986,0.031099,0.0,0.0149072930527522,0.0364354357964467,176.57926290985174,3.890004543704809
160603,Loreto,Padre Marquez,1987,0.032265,0.0,0.0149072930527522,0.0364354357964467,176.57926290985174,3.890004543704809
160603,Loreto,Padre Marquez,1988,0.035515,0.0,0.0149072930527522,0.0364354357964467,176.57926290985174,3.890004543704809
160603,Loreto,Padre Marquez,1989,0.037393,0.0,0.0149072930527522,0.0364354357964467,176.57926290985174,3.890004543704809
160603,Loreto,Padre Marquez,1990,0.039011,0.0,0.0149072930527522,0.0364354357964467,176.57926290985174,3.890004543704809
160603,Loreto,Padre Marquez,1991,0.040911,0.0,0.0149072930527522,0.0364354357964467,176.57926290985174,3.890004543704809
160603,Loreto,Padre Marquez,1992,0.043332,0.0,0.0149072930527522,0.0364354357964467,176.57926290985174,3.890004543704809
160603,Loreto,Padre Marquez,1993,0.041869,0.0,0.0149072930527522,0.0364354357964467,176.57926290985174,3.890004543704809
160603,Loreto,Padre Marquez,1994,0.041881,0.0,0.0149072930527522,0.0364354357964467,176.57926290985174,3.890004543704809
160603,Loreto,Padre Marquez,1995,0.0416,0.0,0.0149072930527522,0.0364354357964467,176.57926290985174,3.890004543704809
160603,Loreto,Padre Marquez,1996,0.044357,0.0,0.0149072930527522,0.0364354357964467,176.57926290985174,3.890004543704809
160603,Loreto,Padre Marquez,1997,0.048582,0.0,0.0149072930527522,0.0364354357964467,176.57926290985174,3.890004543704809
160603,Loreto,Padre Marquez,1998,0.049332,0.0,0.0149072930527522,0.0364354357964467,176.57926290985174,3.890004543704809
160603,Loreto,Padre Marquez,1999,0.049851,0.0,0.0149072930527522,0.0364354357964467,176.57926290985174,3.890004543704809
160603,Loreto,Padre Marquez,2000,0.049141,0.0,0.0149072930527522,0.0364354357964467,176.57926290985174,3.890004543704809
160603,Loreto,Padre Marquez,2001,0.050503,0.0,0.0149072930527522,0.0364354357964467,176.57926290985174,3.890004543704809
160603,Loreto,Padre Marquez,2002,0.051211,0.0,0.0149072930527522,0.0364354357964467,176.57926290985174,3.890004543704809
160603,Loreto,Padre Marquez,2003,0.051663,0.0,0.0149072930527522,0.0364354357964467,176.57926290985174,3.890004543704809
160603,Loreto,Padre Marquez,2004,0.049075,0.0,0.0149072930527522,0.0364354357964467,176.57926290985174,3.890004543704809
160603,Loreto,Padre Marquez,2005,0.054763,0.0,0.0149072930527522,0.0364354357964467,176.57926290985174,3.890004543704809
160603,Loreto,Padre Marquez,2006,0.048925,0.0,0.0149072930527522,0.0364354357964467,176.57926290985174,3.890004543704809
160603,Loreto,Padre Marquez,2007,0.047559,0.0,0.0149072930527522,0.0364354357964467,176.57926290985174,3.890004543704809
160603,Loreto,Padre Marquez,2008,0.049676,0.0,0.0149072930527522,0.0364354357964467,176.57926290985174,3.890004543704809
160603,Loreto,Padre Marquez,2009,0.053287,0.0,0.0149072930527522,0.0364354357964467,176.57926290985174,3.890004543704809
160603,Loreto,Padre Marquez,2010,0.052089,0.0,0.0149072930527522,0.0364354357964467,176.57926290985174,3.890004543704809
160603,Loreto,Padre Marquez,2011,0.050533,0.0,0.0149072930527522,0.0364354357964467,176.57926290985174,3.890004543704809
160603,Loreto,Padre Marquez,2012,0.050125,0.0,0.0149072930527522,0.0364354357964467,176.57926290985174,3.890004543704809
160603,Loreto,Padre Marquez,2013,0.055009,0.0,0.0149072930527522,0.0364354357964467,176.57926290985174,3.890004543704809
160603,Loreto,Padre Marquez,2014,0.055588,0.0,0.0149072930527522,0.0364354357964467,176.57926290985174,3.890004543704809
160603,Loreto,Padre Marquez,2015,0.056948,0.000835,0.0149072930527522,0.0364354357964467,176.57926290985174,3.890004543704809
160603,Loreto,Padre Marquez,2016,0.060597,0.000835,0.0149072930527522,0.0364354357964467,176.57926290985174,3.890004543704809
160603,Loreto,Padre Marquez,2017,0.059216,0.000835,0.0149072930527522,0.0364354357964467,176.57926290985174,3.890004543704809
160603,Loreto,Padre Marquez,2018,0.060099,0.000835,0.0149072930527522,0.0364354357964467,176.57926290985174,3.890004543704809
160603,Loreto,Padre Marquez,2019,0.061765,0.000835,0.0149072930527522,0.0364354357964467,176.57926290985174,3.890004543704809
160603,Loreto,Padre Marquez,2020,0.067433,0.000835,0.0149072930527522,0.0364354357964467,176.57926290985174,3.890004543704809
160603,Loreto,Padre Marquez,2021,0.073184,0.000835,0.0149072930527522,0.0364354357964467,176.57926290985174,3.890004543704809
160603,Loreto,Padre Marquez,2022,0.082994,0.000835,0.0149072930527522,0.0364354357964467,176.57926290985174,3.890004543704809
160603,Loreto,Padre Marquez,2023,0.091287,0.000835,0.0149072930527522,0.0364354357964467,176.57926290985174,3.890004543704809
160603,Loreto,Padre Marquez,2024,0.121596,0.000835,0.0149072930527522,0.0364354357964467,176.57926290985174,3.890004543704809
170102,Madre De Dios,Inambari,1985,0.019826,0.0,0.0576885612055383,0.0298455073297366,277.2809822142412,3.7853558509142102
170102,Madre De Dios,Inambari,1986,0.015546,0.0,0.0576885612055383,0.0298455073297366,277.2809822142412,3.7853558509142102
170102,Madre De Dios,Inambari,1987,0.016175,0.0,0.0576885612055383,0.0298455073297366,277.2809822142412,3.7853558509142102
170102,Madre De Dios,Inambari,1988,0.016755,0.0,0.0576885612055383,0.0298455073297366,277.2809822142412,3.7853558509142102
170102,Madre De Dios,Inambari,1989,0.017746,0.0,0.0576885612055383,0.0298455073297366,277.2809822142412,3.7853558509142102
170102,Madre De Dios,Inambari,1990,0.019389,0.0,0.0576885612055383,0.0298455073297366,277.2809822142412,3.7853558509142102
170102,Madre De Dios,Inambari,1991,0.021903,0.0,0.0576885612055383,0.0298455073297366,277.2809822142412,3.7853558509142102
170102,Madre De Dios,Inambari,1992,0.021907,0.0,0.0576885612055383,0.0298455073297366,277.2809822142412,3.7853558509142102
170102,Madre De Dios,Inambari,1993,0.019741,0.0,0.0576885612055383,0.0298455073297366,277.2809822142412,3.7853558509142102
170102,Madre De Dios,Inambari,1994,0.019897,0.0,0.0576885612055383,0.0298455073297366,277.2809822142412,3.7853558509142102
170102,Madre De Dios,Inambari,1995,0.019713,0.0,0.0576885612055383,0.0298455073297366,277.2809822142412,3.7853558509142102
170102,Madre De Dios,Inambari,1996,0.019656,0.203168,0.0576885612055383,0.0298455073297366,277.2809822142412,3.7853558509142102
170102,Madre De Dios,Inambari,1997,0.020331,0.203168,0.0576885612055383,0.0298455073297366,277.2809822142412,3.7853558509142102
170102,Madre De Dios,Inambari,1998,0.020947,0.203168,0.0576885612055383,0.0298455073297366,277.2809822142412,3.7853558509142102
170102,Madre De Dios,Inambari,1999,0.020305,0.203168,0.0576885612055383,0.0298455073297366,277.2809822142412,3.7853558509142102
170102,Madre De Dios,Inambari,2000,0.019011,0.372706,0.0576885612055383,0.0298455073297366,277.2809822142412,3.7853558509142102
170102,Madre De Dios,Inambari,2001,0.020576,0.372706,0.0576885612055383,0.0298455073297366,277.2809822142412,3.7853558509142102
170102,Madre De Dios,Inambari,2002,0.02107,0.372706,0.0576885612055383,0.0298455073297366,277.2809822142412,3.7853558509142102
170102,Madre De Dios,Inambari,2003,0.021647,0.372706,0.0576885612055383,0.0298455073297366,277.2809822142412,3.7853558509142102
170102,Madre De Dios,Inambari,2004,0.022648,0.372706,0.0576885612055383,0.0298455073297366,277.2809822142412,3.7853558509142102
170102,Madre De Dios,Inambari,2005,0.023554,0.372706,0.0576885612055383,0.0298455073297366,277.2809822142412,3.7853558509142102
170102,Madre De Dios,Inambari,2006,0.023394,0.372706,0.0576885612055383,0.0298455073297366,277.2809822142412,3.7853558509142102
170102,Madre De Dios,Inambari,2007,0.025293,0.372706,0.0576885612055383,0.0298455073297366,277.2809822142412,3.7853558509142102
170102,Madre De Dios,Inambari,2008,0.026248,0.372706,0.0576885612055383,0.0298455073297366,277.2809822142412,3.7853558509142102
170102,Madre De Dios,Inambari,2009,0.028678,0.372706,0.0576885612055383,0.0298455073297366,277.2809822142412,3.7853558509142102
170102,Madre De Dios,Inambari,2010,0.031358,0.372706,0.0576885612055383,0.0298455073297366,277.2809822142412,3.7853558509142102
170102,Madre De Dios,Inambari,2011,0.030866,0.372706,0.0576885612055383,0.0298455073297366,277.2809822142412,3.7853558509142102
170102,Madre De Dios,Inambari,2012,0.031116,0.37275,0.0576885612055383,0.0298455073297366,277.2809822142412,3.7853558509142102
170102,Madre De Dios,Inambari,2013,0.0311,0.37275,0.0576885612055383,0.0298455073297366,277.2809822142412,3.7853558509142102
170102,Madre De Dios,Inambari,2014,0.033825,0.37275,0.0576885612055383,0.0298455073297366,277.2809822142412,3.7853558509142102
170102,Madre De Dios,Inambari,2015,0.03605,0.37275,0.0576885612055383,0.0298455073297366,277.2809822142412,3.7853558509142102
170102,Madre De Dios,Inambari,2016,0.041043,0.37275,0.0576885612055383,0.0298455073297366,277.2809822142412,3.7853558509142102
170102,Madre De Dios,Inambari,2017,0.046015,0.37275,0.0576885612055383,0.0298455073297366,277.2809822142412,3.7853558509142102
170102,Madre De Dios,Inambari,2018,0.046746,0.372804,0.0576885612055383,0.0298455073297366,277.2809822142412,3.7853558509142102
170102,Madre De Dios,Inambari,2019,0.051198,0.372804,0.0576885612055383,0.0298455073297366,277.2809822142412,3.7853558509142102
170102,Madre De Dios,Inambari,2020,0.052265,0.372804,0.0576885612055383,0.0298455073297366,277.2809822142412,3.7853558509142102
170102,Madre De Dios,Inambari,2021,0.05451,0.372804,0.0576885612055383,0.0298455073297366,277.2809822142412,3.7853558509142102
170102,Madre De Dios,Inambari,2022,0.057411,0.372804,0.0576885612055383,0.0298455073297366,277.2809822142412,3.7853558509142102
170102,Madre De Dios,Inambari,2023,0.058523,0.372953,0.0576885612055383,0.0298455073297366,277.2809822142412,3.7853558509142102
170102,Madre De Dios,Inambari,2024,0.074916,0.372953,0.0576885612055383,0.0298455073297366,277.2809822142412,3.7853558509142102
170204,Madre De Dios,Huepetuhe,1985,0.01733,0.0,0.0839868389975973,0.0288708003069496,481.9148615770333,11.623843746797348
170204,Madre De Dios,Huepetuhe,1986,0.015384,0.0,0.0839868389975973,0.0288708003069496,481.9148615770333,11.623843746797348
170204,Madre De Dios,Huepetuhe,1987,0.018987,0.0,0.0839868389975973,0.0288708003069496,481.9148615770333,11.623843746797348
170204,Madre De Dios,Huepetuhe,1988,0.018917,0.0,0.0839868389975973,0.0288708003069496,481.9148615770333,11.623843746797348
170204,Madre De Dios,Huepetuhe,1989,0.022334,0.0,0.0839868389975973,0.0288708003069496,481.9148615770333,11.623843746797348
170204,Madre De Dios,Huepetuhe,1990,0.02683,0.0,0.0839868389975973,0.0288708003069496,481.9148615770333,11.623843746797348
170204,Madre De Dios,Huepetuhe,1991,0.032224,0.0,0.0839868389975973,0.0288708003069496,481.9148615770333,11.623843746797348
170204,Madre De Dios,Huepetuhe,1992,0.030086,0.0,0.0839868389975973,0.0288708003069496,481.9148615770333,11.623843746797348
170204,Madre De Dios,Huepetuhe,1993,0.024508,0.0,0.0839868389975973,0.0288708003069496,481.9148615770333,11.623843746797348
170204,Madre De Dios,Huepetuhe,1994,0.026568,0.0,0.0839868389975973,0.0288708003069496,481.9148615770333,11.623843746797348
170204,Madre De Dios,Huepetuhe,1995,0.027121,0.0,0.0839868389975973,0.0288708003069496,481.9148615770333,11.623843746797348
170204,Madre De Dios,Huepetuhe,1996,0.024238,0.0,0.0839868389975973,0.0288708003069496,481.9148615770333,11.623843746797348
170204,Madre De Dios,Huepetuhe,1997,0.023934,0.0,0.0839868389975973,0.0288708003069496,481.9148615770333,11.623843746797348
170204,Madre De Dios,Huepetuhe,1998,0.023842,0.0,0.0839868389975973,0.0288708003069496,481.9148615770333,11.623843746797348
170204,Madre De Dios,Huepetuhe,1999,0.023305,0.0,0.0839868389975973,0.0288708003069496,481.9148615770333,11.623843746797348
170204,Madre De Dios,Huepetuhe,2000,0.023654,0.0,0.0839868389975973,0.0288708003069496,481.9148615770333,11.623843746797348
170204,Madre De Dios,Huepetuhe,2001,0.028478,0.0,0.0839868389975973,0.0288708003069496,481.9148615770333,11.623843746797348
170204,Madre De Dios,Huepetuhe,2002,0.033944,0.362182,0.0839868389975973,0.0288708003069496,481.9148615770333,11.623843746797348
170204,Madre De Dios,Huepetuhe,2003,0.035824,0.362182,0.0839868389975973,0.0288708003069496,481.9148615770333,11.623843746797348
170204,Madre De Dios,Huepetuhe,2004,0.038356,0.362182,0.0839868389975973,0.0288708003069496,481.9148615770333,11.623843746797348
170204,Madre De Dios,Huepetuhe,2005,0.041722,0.362182,0.0839868389975973,0.0288708003069496,481.9148615770333,11.623843746797348
170204,Madre De Dios,Huepetuhe,2006,0.03886,0.362182,0.0839868389975973,0.0288708003069496,481.9148615770333,11.623843746797348
170204,Madre De Dios,Huepetuhe,2007,0.03971,0.362182,0.0839868389975973,0.0288708003069496,481.9148615770333,11.623843746797348
170204,Madre De Dios,Huepetuhe,2008,0.035321,0.362182,0.0839868389975973,0.0288708003069496,481.9148615770333,11.623843746797348
170204,Madre De Dios,Huepetuhe,2009,0.033462,0.362182,0.0839868389975973,0.0288708003069496,481.9148615770333,11.623843746797348
170204,Madre De Dios,Huepetuhe,2010,0.034254,0.362182,0.0839868389975973,0.0288708003069496,481.9148615770333,11.623843746797348
170204,Madre De Dios,Huepetuhe,2011,0.03297,0.362182,0.0839868389975973,0.0288708003069496,481.9148615770333,11.623843746797348
170204,Madre De Dios,Huepetuhe,2012,0.031853,0.362182,0.0839868389975973,0.0288708003069496,481.9148615770333,11.623843746797348
170204,Madre De Dios,Huepetuhe,2013,0.033026,0.362182,0.0839868389975973,0.0288708003069496,481.9148615770333,11.623843746797348
170204,Madre De Dios,Huepetuhe,2014,0.038407,0.362182,0.0839868389975973,0.0288708003069496,481.9148615770333,11.623843746797348
170204,Madre De Dios,Huepetuhe,2015,0.040756,0.362182,0.0839868389975973,0.0288708003069496,481.9148615770333,11.623843746797348
170204,Madre De Dios,Huepetuhe,2016,0.043128,0.362182,0.0839868389975973,0.0288708003069496,481.9148615770333,11.623843746797348
170204,Madre De Dios,Huepetuhe,2017,0.045104,0.362182,0.0839868389975973,0.0288708003069496,481.9148615770333,11.623843746797348
170204,Madre De Dios,Huepetuhe,2018,0.046261,0.362182,0.0839868389975973,0.0288708003069496,481.9148615770333,11.623843746797348
170204,Madre De Dios,Huepetuhe,2019,0.04424,0.362182,0.0839868389975973,0.0288708003069496,481.9148615770333,11.623843746797348
170204,Madre De Dios,Huepetuhe,2020,0.035077,0.362182,0.0839868389975973,0.0288708003069496,481.9148615770333,11.623843746797348
170204,Madre De Dios,Huepetuhe,2021,0.029449,0.362182,0.0839868389975973,0.0288708003069496,481.9148615770333,11.623843746797348
170204,Madre De Dios,Huepetuhe,2022,0.028907,0.362182,0.0839868389975973,0.0288708003069496,481.9148615770333,11.623843746797348
170204,Madre De Dios,Huepetuhe,2023,0.029326,0.362182,0.0839868389975973,0.0288708003069496,481.9148615770333,11.623843746797348
170204,Madre De Dios,Huepetuhe,2024,0.044093,0.362182,0.0839868389975973,0.0288708003069496,481.9148615770333,11.623843746797348
200303,Piura,El Carmen De La Frontera,1985,0.17264,0.0,0.1815276902370509,0.0438963888217288,2733.3487151341765,26.39749608763693
200303,Piura,El Carmen De La Frontera,1986,0.174665,0.0,0.1815276902370509,0.0438963888217288,2733.3487151341765,26.39749608763693
200303,Piura,El Carmen De La Frontera,1987,0.18267,0.0,0.1815276902370509,0.0438963888217288,2733.3487151341765,26.39749608763693
200303,Piura,El Carmen De La Frontera,1988,0.183139,0.001006,0.1815276902370509,0.0438963888217288,2733.3487151341765,26.39749608763693
200303,Piura,El Carmen De La Frontera,1989,0.178215,0.001006,0.1815276902370509,0.0438963888217288,2733.3487151341765,26.39749608763693
200303,Piura,El Carmen De La Frontera,1990,0.17849,0.001006,0.1815276902370509,0.0438963888217288,2733.3487151341765,26.39749608763693
200303,Piura,El Carmen De La Frontera,1991,0.173505,0.001006,0.1815276902370509,0.0438963888217288,2733.3487151341765,26.39749608763693
200303,Piura,El Carmen De La Frontera,1992,0.1738,0.001006,0.1815276902370509,0.0438963888217288,2733.3487151341765,26.39749608763693
200303,Piura,El Carmen De La Frontera,1993,0.173623,0.001006,0.1815276902370509,0.0438963888217288,2733.3487151341765,26.39749608763693
200303,Piura,El Carmen De La Frontera,1994,0.173354,0.001006,0.1815276902370509,0.0438963888217288,2733.3487151341765,26.39749608763693
200303,Piura,El Carmen De La Frontera,1995,0.173464,0.001006,0.1815276902370509,0.0438963888217288,2733.3487151341765,26.39749608763693
200303,Piura,El Carmen De La Frontera,1996,0.207065,0.001006,0.1815276902370509,0.0438963888217288,2733.3487151341765,26.39749608763693
200303,Piura,El Carmen De La Frontera,1997,0.219379,0.001006,0.1815276902370509,0.0438963888217288,2733.3487151341765,26.39749608763693
200303,Piura,El Carmen De La Frontera,1998,0.218892,0.001006,0.1815276902370509,0.0438963888217288,2733.3487151341765,26.39749608763693
200303,Piura,El Carmen De La Frontera,1999,0.22361,0.001006,0.1815276902370509,0.0438963888217288,2733.3487151341765,26.39749608763693
200303,Piura,El Carmen De La Frontera,2000,0.226907,0.001006,0.1815276902370509,0.0438963888217288,2733.3487151341765,26.39749608763693
200303,Piura,El Carmen De La Frontera,2001,0.238079,0.001006,0.1815276902370509,0.0438963888217288,2733.3487151341765,26.39749608763693
200303,Piura,El Carmen De La Frontera,2002,0.230875,0.001006,0.1815276902370509,0.0438963888217288,2733.3487151341765,26.39749608763693
200303,Piura,El Carmen De La Frontera,2003,0.233814,0.001006,0.1815276902370509,0.0438963888217288,2733.3487151341765,26.39749608763693
200303,Piura,El Carmen De La Frontera,2004,0.241167,0.001006,0.1815276902370509,0.0438963888217288,2733.3487151341765,26.39749608763693
200303,Piura,El Carmen De La Frontera,2005,0.239332,0.001006,0.1815276902370509,0.0438963888217288,2733.3487151341765,26.39749608763693
200303,Piura,El Carmen De La Frontera,2006,0.235525,0.001006,0.1815276902370509,0.0438963888217288,2733.3487151341765,26.39749608763693
200303,Piura,El Carmen De La Frontera,2007,0.241125,0.001006,0.1815276902370509,0.0438963888217288,2733.3487151341765,26.39749608763693
200303,Piura,El Carmen De La Frontera,2008,0.25814,0.001006,0.1815276902370509,0.0438963888217288,2733.3487151341765,26.39749608763693
200303,Piura,El Carmen De La Frontera,2009,0.261955,0.001006,0.1815276902370509,0.0438963888217288,2733.3487151341765,26.39749608763693
200303,Piura,El Carmen De La Frontera,2010,0.254933,0.001006,0.1815276902370509,0.0438963888217288,2733.3487151341765,26.39749608763693
200303,Piura,El Carmen De La Frontera,2011,0.253776,0.001006,0.1815276902370509,0.0438963888217288,2733.3487151341765,26.39749608763693
200303,Piura,El Carmen De La Frontera,2012,0.251482,0.001006,0.1815276902370509,0.0438963888217288,2733.3487151341765,26.39749608763693
200303,Piura,El Carmen De La Frontera,2013,0.243156,0.001006,0.1815276902370509,0.0438963888217288,2733.3487151341765,26.39749608763693
200303,Piura,El Carmen De La Frontera,2014,0.249627,0.001006,0.1815276902370509,0.0438963888217288,2733.3487151341765,26.39749608763693
200303,Piura,El Carmen De La Frontera,2015,0.241496,0.001006,0.1815276902370509,0.0438963888217288,2733.3487151341765,26.39749608763693
200303,Piura,El Carmen De La Frontera,2016,0.234039,0.376112,0.1815276902370509,0.0438963888217288,2733.3487151341765,26.39749608763693
200303,Piura,El Carmen De La Frontera,2017,0.233838,0.376112,0.1815276902370509,0.0438963888217288,2733.3487151341765,26.39749608763693
200303,Piura,El Carmen De La Frontera,2018,0.232497,0.376112,0.1815276902370509,0.0438963888217288,2733.3487151341765,26.39749608763693
200303,Piura,El Carmen De La Frontera,2019,0.235266,0.376112,0.1815276902370509,0.0438963888217288,2733.3487151341765,26.39749608763693
200303,Piura,El Carmen De La Frontera,2020,0.23355,0.376112,0.1815276902370509,0.0438963888217288,2733.3487151341765,26.39749608763693
200303,Piura,El Carmen De La Frontera,2021,0.240387,0.376112,0.1815276902370509,0.0438963888217288,2733.3487151341765,26.39749608763693
200303,Piura,El Carmen De La Frontera,2022,0.232916,0.376112,0.1815276902370509,0.0438963888217288,2733.3487151341765,26.39749608763693
200303,Piura,El Carmen De La Frontera,2023,0.207098,0.376112,0.1815276902370509,0.0438963888217288,2733.3487151341765,26.39749608763693
200303,Piura,El Carmen De La Frontera,2024,0.211585,0.376112,0.1815276902370509,0.0438963888217288,2733.3487151341765,26.39749608763693
200307,Piura,Sondor,1985,0.195716,0.0,0.4320131625911204,0.0799128809834401,2387.273363068984,27.113876356741205
200307,Piura,Sondor,1986,0.222794,0.0,0.4320131625911204,0.0799128809834401,2387.273363068984,27.113876356741205
200307,Piura,Sondor,1987,0.221037,0.0,0.4320131625911204,0.0799128809834401,2387.273363068984,27.113876356741205
200307,Piura,Sondor,1988,0.222078,0.0,0.4320131625911204,0.0799128809834401,2387.273363068984,27.113876356741205
200307,Piura,Sondor,1989,0.209586,0.0,0.4320131625911204,0.0799128809834401,2387.273363068984,27.113876356741205
200307,Piura,Sondor,1990,0.209716,0.0,0.4320131625911204,0.0799128809834401,2387.273363068984,27.113876356741205
200307,Piura,Sondor,1991,0.201957,0.0,0.4320131625911204,0.0799128809834401,2387.273363068984,27.113876356741205
200307,Piura,Sondor,1992,0.202076,0.0,0.4320131625911204,0.0799128809834401,2387.273363068984,27.113876356741205
200307,Piura,Sondor,1993,0.20197,0.0,0.4320131625911204,0.0799128809834401,2387.273363068984,27.113876356741205
200307,Piura,Sondor,1994,0.201879,0.0,0.4320131625911204,0.0799128809834401,2387.273363068984,27.113876356741205
200307,Piura,Sondor,1995,0.201814,0.0,0.4320131625911204,0.0799128809834401,2387.273363068984,27.113876356741205
200307,Piura,Sondor,1996,0.228488,0.0,0.4320131625911204,0.0799128809834401,2387.273363068984,27.113876356741205
200307,Piura,Sondor,1997,0.254717,0.0,0.4320131625911204,0.0799128809834401,2387.273363068984,27.113876356741205
200307,Piura,Sondor,1998,0.25186,0.0,0.4320131625911204,0.0799128809834401,2387.273363068984,27.113876356741205
200307,Piura,Sondor,1999,0.253798,0.0,0.4320131625911204,0.0799128809834401,2387.273363068984,27.113876356741205
200307,Piura,Sondor,2000,0.265021,0.0,0.4320131625911204,0.0799128809834401,2387.273363068984,27.113876356741205
200307,Piura,Sondor,2001,0.275058,0.0,0.4320131625911204,0.0799128809834401,2387.273363068984,27.113876356741205
200307,Piura,Sondor,2002,0.289375,0.0,0.4320131625911204,0.0799128809834401,2387.273363068984,27.113876356741205
200307,Piura,Sondor,2003,0.29225,0.0,0.4320131625911204,0.0799128809834401,2387.273363068984,27.113876356741205
200307,Piura,Sondor,2004,0.284795,0.0,0.4320131625911204,0.0799128809834401,2387.273363068984,27.113876356741205
200307,Piura,Sondor,2005,0.292312,0.0,0.4320131625911204,0.0799128809834401,2387.273363068984,27.113876356741205
200307,Piura,Sondor,2006,0.271488,0.0,0.4320131625911204,0.0799128809834401,2387.273363068984,27.113876356741205
200307,Piura,Sondor,2007,0.260589,0.0,0.4320131625911204,0.0799128809834401,2387.273363068984,27.113876356741205
200307,Piura,Sondor,2008,0.270849,0.0,0.4320131625911204,0.0799128809834401,2387.273363068984,27.113876356741205
200307,Piura,Sondor,2009,0.280837,0.0,0.4320131625911204,0.0799128809834401,2387.273363068984,27.113876356741205
200307,Piura,Sondor,2010,0.276893,0.0,0.4320131625911204,0.0799128809834401,2387.273363068984,27.113876356741205
200307,Piura,Sondor,2011,0.287309,0.0,0.4320131625911204,0.0799128809834401,2387.273363068984,27.113876356741205
200307,Piura,Sondor,2012,0.291515,0.0,0.4320131625911204,0.0799128809834401,2387.273363068984,27.113876356741205
200307,Piura,Sondor,2013,0.274763,0.0,0.4320131625911204,0.0799128809834401,2387.273363068984,27.113876356741205
200307,Piura,Sondor,2014,0.270349,0.0,0.4320131625911204,0.0799128809834401,2387.273363068984,27.113876356741205
200307,Piura,Sondor,2015,0.27045,0.0,0.4320131625911204,0.0799128809834401,2387.273363068984,27.113876356741205
200307,Piura,Sondor,2016,0.281478,0.172426,0.4320131625911204,0.0799128809834401,2387.273363068984,27.113876356741205
200307,Piura,Sondor,2017,0.271049,0.172426,0.4320131625911204,0.0799128809834401,2387.273363068984,27.113876356741205
200307,Piura,Sondor,2018,0.26751,0.172631,0.4320131625911204,0.0799128809834401,2387.273363068984,27.113876356741205
200307,Piura,Sondor,2019,0.26451,0.172631,0.4320131625911204,0.0799128809834401,2387.273363068984,27.113876356741205
200307,Piura,Sondor,2020,0.254164,0.172631,0.4320131625911204,0.0799128809834401,2387.273363068984,27.113876356741205
200307,Piura,Sondor,2021,0.262157,0.172631,0.4320131625911204,0.0799128809834401,2387.273363068984,27.113876356741205
200307,Piura,Sondor,2022,0.257073,0.172631,0.4320131625911204,0.0799128809834401,2387.273363068984,27.113876356741205
200307,Piura,Sondor,2023,0.237668,0.172631,0.4320131625911204,0.0799128809834401,2387.273363068984,27.113876356741205
200307,Piura,Sondor,2024,0.238849,0.172631,0.4320131625911204,0.0799128809834401,2387.273363068984,27.113876356741205
211205,Puno,Phara,1985,0.007828,0.0,0.1080876885068616,0.0096718045279361,2815.437818392731,30.305472684003583
211205,Puno,Phara,1986,0.018869,0.0,0.1080876885068616,0.0096718045279361,2815.437818392731,30.305472684003583
211205,Puno,Phara,1987,0.01899,0.0,0.1080876885068616,0.0096718045279361,2815.437818392731,30.305472684003583
211205,Puno,Phara,1988,0.02632,0.0,0.1080876885068616,0.0096718045279361,2815.437818392731,30.305472684003583
211205,Puno,Phara,1989,0.026998,0.0,0.1080876885068616,0.0096718045279361,2815.437818392731,30.305472684003583
211205,Puno,Phara,1990,0.026755,0.0,0.1080876885068616,0.0096718045279361,2815.437818392731,30.305472684003583
211205,Puno,Phara,1991,0.02746,0.0,0.1080876885068616,0.0096718045279361,2815.437818392731,30.305472684003583
211205,Puno,Phara,1992,0.025386,0.0,0.1080876885068616,0.0096718045279361,2815.437818392731,30.305472684003583
211205,Puno,Phara,1993,0.024927,0.0,0.1080876885068616,0.0096718045279361,2815.437818392731,30.305472684003583
211205,Puno,Phara,1994,0.025816,0.0,0.1080876885068616,0.0096718045279361,2815.437818392731,30.305472684003583
211205,Puno,Phara,1995,0.025115,0.0,0.1080876885068616,0.0096718045279361,2815.437818392731,30.305472684003583
211205,Puno,Phara,1996,0.025282,0.0,0.1080876885068616,0.0096718045279361,2815.437818392731,30.305472684003583
211205,Puno,Phara,1997,0.022546,0.0,0.1080876885068616,0.0096718045279361,2815.437818392731,30.305472684003583
211205,Puno,Phara,1998,0.019495,0.0,0.1080876885068616,0.0096718045279361,2815.437818392731,30.305472684003583
211205,Puno,Phara,1999,0.020029,0.0,0.1080876885068616,0.0096718045279361,2815.437818392731,30.305472684003583
211205,Puno,Phara,2000,0.023124,0.0,0.1080876885068616,0.0096718045279361,2815.437818392731,30.305472684003583
211205,Puno,Phara,2001,0.024869,0.0,0.1080876885068616,0.0096718045279361,2815.437818392731,30.305472684003583
211205,Puno,Phara,2002,0.026001,0.0,0.1080876885068616,0.0096718045279361,2815.437818392731,30.305472684003583
211205,Puno,Phara,2003,0.024194,0.0,0.1080876885068616,0.0096718045279361,2815.437818392731,30.305472684003583
211205,Puno,Phara,2004,0.023823,0.0,0.1080876885068616,0.0096718045279361,2815.437818392731,30.305472684003583
211205,Puno,Phara,2005,0.02188,0.0,0.1080876885068616,0.0096718045279361,2815.437818392731,30.305472684003583
211205,Puno,Phara,2006,0.023136,0.0,0.1080876885068616,0.0096718045279361,2815.437818392731,30.305472684003583
211205,Puno,Phara,2007,0.02571,0.0,0.1080876885068616,0.0096718045279361,2815.437818392731,30.305472684003583
211205,Puno,Phara,2008,0.026055,0.0,0.1080876885068616,0.0096718045279361,2815.437818392731,30.305472684003583
211205,Puno,Phara,2009,0.027006,0.0,0.1080876885068616,0.0096718045279361,2815.437818392731,30.305472684003583
211205,Puno,Phara,2010,0.027223,0.0,0.1080876885068616,0.0096718045279361,2815.437818392731,30.305472684003583
211205,Puno,Phara,2011,0.029088,0.0,0.1080876885068616,0.0096718045279361,2815.437818392731,30.305472684003583
211205,Puno,Phara,2012,0.030679,0.0,0.1080876885068616,0.0096718045279361,2815.437818392731,30.305472684003583
211205,Puno,Phara,2013,0.027644,0.0,0.1080876885068616,0.0096718045279361,2815.437818392731,30.305472684003583
211205,Puno,Phara,2014,0.027004,0.0,0.1080876885068616,0.0096718045279361,2815.437818392731,30.305472684003583
211205,Puno,Phara,2015,0.024254,0.0,0.1080876885068616,0.0096718045279361,2815.437818392731,30.305472684003583
211205,Puno,Phara,2016,0.02134,0.0,0.1080876885068616,0.0096718045279361,2815.437818392731,30.305472684003583
211205,Puno,Phara,2017,0.021587,0.0,0.1080876885068616,0.0096718045279361,2815.437818392731,30.305472684003583
211205,Puno,Phara,2018,0.022356,0.0,0.1080876885068616,0.0096718045279361,2815.437818392731,30.305472684003583
211205,Puno,Phara,2019,0.021137,0.0,0.1080876885068616,0.0096718045279361,2815.437818392731,30.305472684003583
211205,Puno,Phara,2020,0.020993,0.0,0.1080876885068616,0.0096718045279361,2815.437818392731,30.305472684003583
211205,Puno,Phara,2021,0.02692,0.0,0.1080876885068616,0.0096718045279361,2815.437818392731,30.305472684003583
211205,Puno,Phara,2022,0.027271,0.0,0.1080876885068616,0.0096718045279361,2815.437818392731,30.305472684003583
211205,Puno,Phara,2023,0.028654,0.0,0.1080876885068616,0.0096718045279361,2815.437818392731,30.305472684003583
211205,Puno,Phara,2024,0.027783,0.0,0.1080876885068616,0.0096718045279361,2815.437818392731,30.305472684003583
220101,San Martin,Moyobamba,1985,0.084605,0.0,0.0720281022524617,0.0503281527486681,1127.273970010879,11.582030490166431
220101,San Martin,Moyobamba,1986,0.084561,0.0,0.0720281022524617,0.0503281527486681,1127.273970010879,11.582030490166431
220101,San Martin,Moyobamba,1987,0.107153,0.176117,0.0720281022524617,0.0503281527486681,1127.273970010879,11.582030490166431
220101,San Martin,Moyobamba,1988,0.119359,0.176117,0.0720281022524617,0.0503281527486681,1127.273970010879,11.582030490166431
220101,San Martin,Moyobamba,1989,0.120397,0.176117,0.0720281022524617,0.0503281527486681,1127.273970010879,11.582030490166431
220101,San Martin,Moyobamba,1990,0.130219,0.176117,0.0720281022524617,0.0503281527486681,1127.273970010879,11.582030490166431
220101,San Martin,Moyobamba,1991,0.130929,0.176117,0.0720281022524617,0.0503281527486681,1127.273970010879,11.582030490166431
220101,San Martin,Moyobamba,1992,0.133055,0.176117,0.0720281022524617,0.0503281527486681,1127.273970010879,11.582030490166431
220101,San Martin,Moyobamba,1993,0.138322,0.176117,0.0720281022524617,0.0503281527486681,1127.273970010879,11.582030490166431
220101,San Martin,Moyobamba,1994,0.144282,0.176117,0.0720281022524617,0.0503281527486681,1127.273970010879,11.582030490166431
220101,San Martin,Moyobamba,1995,0.150447,0.176117,0.0720281022524617,0.0503281527486681,1127.273970010879,11.582030490166431
220101,San Martin,Moyobamba,1996,0.152574,0.176117,0.0720281022524617,0.0503281527486681,1127.273970010879,11.582030490166431
220101,San Martin,Moyobamba,1997,0.156684,0.176117,0.0720281022524617,0.0503281527486681,1127.273970010879,11.582030490166431
220101,San Martin,Moyobamba,1998,0.158329,0.176117,0.0720281022524617,0.0503281527486681,1127.273970010879,11.582030490166431
220101,San Martin,Moyobamba,1999,0.158785,0.176117,0.0720281022524617,0.0503281527486681,1127.273970010879,11.582030490166431
220101,San Martin,Moyobamba,2000,0.166157,0.176117,0.0720281022524617,0.0503281527486681,1127.273970010879,11.582030490166431
220101,San Martin,Moyobamba,2001,0.168751,0.176117,0.0720281022524617,0.0503281527486681,1127.273970010879,11.582030490166431
220101,San Martin,Moyobamba,2002,0.169651,0.176117,0.0720281022524617,0.0503281527486681,1127.273970010879,11.582030490166431
220101,San Martin,Moyobamba,2003,0.17479,0.176117,0.0720281022524617,0.0503281527486681,1127.273970010879,11.582030490166431
220101,San Martin,Moyobamba,2004,0.182053,0.176117,0.0720281022524617,0.0503281527486681,1127.273970010879,11.582030490166431
220101,San Martin,Moyobamba,2005,0.188668,0.179031,0.0720281022524617,0.0503281527486681,1127.273970010879,11.582030490166431
220101,San Martin,Moyobamba,2006,0.198424,0.179031,0.0720281022524617,0.0503281527486681,1127.273970010879,11.582030490166431
220101,San Martin,Moyobamba,2007,0.20754,0.179031,0.0720281022524617,0.0503281527486681,1127.273970010879,11.582030490166431
220101,San Martin,Moyobamba,2008,0.210512,0.179031,0.0720281022524617,0.0503281527486681,1127.273970010879,11.582030490166431
220101,San Martin,Moyobamba,2009,0.216112,0.179031,0.0720281022524617,0.0503281527486681,1127.273970010879,11.582030490166431
220101,San Martin,Moyobamba,2010,0.234148,0.179031,0.0720281022524617,0.0503281527486681,1127.273970010879,11.582030490166431
220101,San Martin,Moyobamba,2011,0.237101,0.179031,0.0720281022524617,0.0503281527486681,1127.273970010879,11.582030490166431
220101,San Martin,Moyobamba,2012,0.254195,0.179031,0.0720281022524617,0.0503281527486681,1127.273970010879,11.582030490166431
220101,San Martin,Moyobamba,2013,0.260191,0.179031,0.0720281022524617,0.0503281527486681,1127.273970010879,11.582030490166431
220101,San Martin,Moyobamba,2014,0.259184,0.179031,0.0720281022524617,0.0503281527486681,1127.273970010879,11.582030490166431
220101,San Martin,Moyobamba,2015,0.253415,0.180379,0.0720281022524617,0.0503281527486681,1127.273970010879,11.582030490166431
220101,San Martin,Moyobamba,2016,0.253396,0.180379,0.0720281022524617,0.0503281527486681,1127.273970010879,11.582030490166431
220101,San Martin,Moyobamba,2017,0.258055,0.180379,0.0720281022524617,0.0503281527486681,1127.273970010879,11.582030490166431
220101,San Martin,Moyobamba,2018,0.264776,0.180379,0.0720281022524617,0.0503281527486681,1127.273970010879,11.582030490166431
220101,San Martin,Moyobamba,2019,0.260228,0.180379,0.0720281022524617,0.0503281527486681,1127.273970010879,11.582030490166431
220101,San Martin,Moyobamba,2020,0.259968,0.180379,0.0720281022524617,0.0503281527486681,1127.273970010879,11.582030490166431
220101,San Martin,Moyobamba,2021,0.265379,0.180379,0.0720281022524617,0.0503281527486681,1127.273970010879,11.582030490166431
220101,San Martin,Moyobamba,2022,0.261892,0.180622,0.0720281022524617,0.0503281527486681,1127.273970010879,11.582030490166431
220101,San Martin,Moyobamba,2023,0.280282,0.180622,0.0720281022524617,0.0503281527486681,1127.273970010879,11.582030490166431
220101,San Martin,Moyobamba,2024,0.287319,0.180622,0.0720281022524617,0.0503281527486681,1127.273970010879,11.582030490166431
220102,San Martin,Calzada,1985,0.495453,0.0,0.5288353505529625,0.0,837.8105580693816,3.7176856487782746
220102,San Martin,Calzada,1986,0.494732,0.0,0.5288353505529625,0.0,837.8105580693816,3.7176856487782746
220102,San Martin,Calzada,1987,0.621162,0.0,0.5288353505529625,0.0,837.8105580693816,3.7176856487782746
220102,San Martin,Calzada,1988,0.656271,0.0,0.5288353505529625,0.0,837.8105580693816,3.7176856487782746
220102,San Martin,Calzada,1989,0.656624,0.0,0.5288353505529625,0.0,837.8105580693816,3.7176856487782746
220102,San Martin,Calzada,1990,0.685317,0.0,0.5288353505529625,0.0,837.8105580693816,3.7176856487782746
220102,San Martin,Calzada,1991,0.678656,0.0,0.5288353505529625,0.0,837.8105580693816,3.7176856487782746
220102,San Martin,Calzada,1992,0.682393,0.0,0.5288353505529625,0.0,837.8105580693816,3.7176856487782746
220102,San Martin,Calzada,1993,0.690397,0.0,0.5288353505529625,0.0,837.8105580693816,3.7176856487782746
220102,San Martin,Calzada,1994,0.715576,0.0,0.5288353505529625,0.0,837.8105580693816,3.7176856487782746
220102,San Martin,Calzada,1995,0.734255,0.0,0.5288353505529625,0.0,837.8105580693816,3.7176856487782746
220102,San Martin,Calzada,1996,0.741369,0.0,0.5288353505529625,0.0,837.8105580693816,3.7176856487782746
220102,San Martin,Calzada,1997,0.7055,0.0,0.5288353505529625,0.0,837.8105580693816,3.7176856487782746
220102,San Martin,Calzada,1998,0.708831,0.0,0.5288353505529625,0.0,837.8105580693816,3.7176856487782746
220102,San Martin,Calzada,1999,0.702085,0.0,0.5288353505529625,0.0,837.8105580693816,3.7176856487782746
220102,San Martin,Calzada,2000,0.726473,0.0,0.5288353505529625,0.0,837.8105580693816,3.7176856487782746
220102,San Martin,Calzada,2001,0.724378,0.0,0.5288353505529625,0.0,837.8105580693816,3.7176856487782746
220102,San Martin,Calzada,2002,0.720526,0.0,0.5288353505529625,0.0,837.8105580693816,3.7176856487782746
220102,San Martin,Calzada,2003,0.714417,0.0,0.5288353505529625,0.0,837.8105580693816,3.7176856487782746
220102,San Martin,Calzada,2004,0.730602,0.0,0.5288353505529625,0.0,837.8105580693816,3.7176856487782746
220102,San Martin,Calzada,2005,0.738752,0.0,0.5288353505529625,0.0,837.8105580693816,3.7176856487782746
220102,San Martin,Calzada,2006,0.741606,0.0,0.5288353505529625,0.0,837.8105580693816,3.7176856487782746
220102,San Martin,Calzada,2007,0.740179,0.0,0.5288353505529625,0.0,837.8105580693816,3.7176856487782746
220102,San Martin,Calzada,2008,0.719996,0.0,0.5288353505529625,0.0,837.8105580693816,3.7176856487782746
220102,San Martin,Calzada,2009,0.722782,0.0,0.5288353505529625,0.0,837.8105580693816,3.7176856487782746
220102,San Martin,Calzada,2010,0.70484,0.0,0.5288353505529625,0.0,837.8105580693816,3.7176856487782746
220102,San Martin,Calzada,2011,0.695447,0.0,0.5288353505529625,0.0,837.8105580693816,3.7176856487782746
220102,San Martin,Calzada,2012,0.700535,0.0,0.5288353505529625,0.0,837.8105580693816,3.7176856487782746
220102,San Martin,Calzada,2013,0.722421,0.0,0.5288353505529625,0.0,837.8105580693816,3.7176856487782746
220102,San Martin,Calzada,2014,0.730801,0.0,0.5288353505529625,0.0,837.8105580693816,3.7176856487782746
220102,San Martin,Calzada,2015,0.730671,0.0,0.5288353505529625,0.0,837.8105580693816,3.7176856487782746
220102,San Martin,Calzada,2016,0.724716,0.0,0.5288353505529625,0.0,837.8105580693816,3.7176856487782746
220102,San Martin,Calzada,2017,0.719267,0.0,0.5288353505529625,0.0,837.8105580693816,3.7176856487782746
220102,San Martin,Calzada,2018,0.732682,0.0,0.5288353505529625,0.0,837.8105580693816,3.7176856487782746
220102,San Martin,Calzada,2019,0.728668,0.0,0.5288353505529625,0.0,837.8105580693816,3.7176856487782746
220102,San Martin,Calzada,2020,0.71507,0.0,0.5288353505529625,0.0,837.8105580693816,3.7176856487782746
220102,San Martin,Calzada,2021,0.726074,0.0,0.5288353505529625,0.0,837.8105580693816,3.7176856487782746
220102,San Martin,Calzada,2022,0.662303,0.0,0.5288353505529625,0.0,837.8105580693816,3.7176856487782746
220102,San Martin,Calzada,2023,0.742266,0.0,0.5288353505529625,0.0,837.8105580693816,3.7176856487782746
220102,San Martin,Calzada,2024,0.732137,0.0,0.5288353505529625,0.0,837.8105580693816,3.7176856487782746
220103,San Martin,Habana,1985,0.609016,0.0,0.6492254630190248,0.0,837.2260341701917,2.3979100288595365
220103,San Martin,Habana,1986,0.608551,0.0,0.6492254630190248,0.0,837.2260341701917,2.3979100288595365
220103,San Martin,Habana,1987,0.788092,0.0,0.6492254630190248,0.0,837.2260341701917,2.3979100288595365
220103,San Martin,Habana,1988,0.838782,0.0,0.6492254630190248,0.0,837.2260341701917,2.3979100288595365
220103,San Martin,Habana,1989,0.81365,0.0,0.6492254630190248,0.0,837.2260341701917,2.3979100288595365
220103,San Martin,Habana,1990,0.813831,0.0,0.6492254630190248,0.0,837.2260341701917,2.3979100288595365
220103,San Martin,Habana,1991,0.805691,0.0,0.6492254630190248,0.0,837.2260341701917,2.3979100288595365
220103,San Martin,Habana,1992,0.792756,0.0,0.6492254630190248,0.0,837.2260341701917,2.3979100288595365
220103,San Martin,Habana,1993,0.796891,0.0,0.6492254630190248,0.0,837.2260341701917,2.3979100288595365
220103,San Martin,Habana,1994,0.866394,0.0,0.6492254630190248,0.0,837.2260341701917,2.3979100288595365
220103,San Martin,Habana,1995,0.882197,0.0,0.6492254630190248,0.0,837.2260341701917,2.3979100288595365
220103,San Martin,Habana,1996,0.886112,0.0,0.6492254630190248,0.0,837.2260341701917,2.3979100288595365
220103,San Martin,Habana,1997,0.830577,0.0,0.6492254630190248,0.0,837.2260341701917,2.3979100288595365
220103,San Martin,Habana,1998,0.818263,0.0,0.6492254630190248,0.0,837.2260341701917,2.3979100288595365
220103,San Martin,Habana,1999,0.816958,0.0,0.6492254630190248,0.0,837.2260341701917,2.3979100288595365
220103,San Martin,Habana,2000,0.865412,0.0,0.6492254630190248,0.0,837.2260341701917,2.3979100288595365
220103,San Martin,Habana,2001,0.862738,0.0,0.6492254630190248,0.0,837.2260341701917,2.3979100288595365
220103,San Martin,Habana,2002,0.862634,0.0,0.6492254630190248,0.0,837.2260341701917,2.3979100288595365
220103,San Martin,Habana,2003,0.833045,0.0,0.6492254630190248,0.0,837.2260341701917,2.3979100288595365
220103,San Martin,Habana,2004,0.862221,0.0,0.6492254630190248,0.0,837.2260341701917,2.3979100288595365
220103,San Martin,Habana,2005,0.870633,0.0,0.6492254630190248,0.0,837.2260341701917,2.3979100288595365
220103,San Martin,Habana,2006,0.875375,0.0,0.6492254630190248,0.0,837.2260341701917,2.3979100288595365
220103,San Martin,Habana,2007,0.88137,0.0,0.6492254630190248,0.0,837.2260341701917,2.3979100288595365
220103,San Martin,Habana,2008,0.80467,0.0,0.6492254630190248,0.0,837.2260341701917,2.3979100288595365
220103,San Martin,Habana,2009,0.805639,0.0,0.6492254630190248,0.0,837.2260341701917,2.3979100288595365
220103,San Martin,Habana,2010,0.867131,0.0,0.6492254630190248,0.0,837.2260341701917,2.3979100288595365
220103,San Martin,Habana,2011,0.83988,0.0,0.6492254630190248,0.0,837.2260341701917,2.3979100288595365
220103,San Martin,Habana,2012,0.85191,0.0,0.6492254630190248,0.0,837.2260341701917,2.3979100288595365
220103,San Martin,Habana,2013,0.8631,0.0,0.6492254630190248,0.0,837.2260341701917,2.3979100288595365
220103,San Martin,Habana,2014,0.874767,0.0,0.6492254630190248,0.0,837.2260341701917,2.3979100288595365
220103,San Martin,Habana,2015,0.877571,0.0,0.6492254630190248,0.0,837.2260341701917,2.3979100288595365
220103,San Martin,Habana,2016,0.853228,0.0,0.6492254630190248,0.0,837.2260341701917,2.3979100288595365
220103,San Martin,Habana,2017,0.848757,0.0,0.6492254630190248,0.0,837.2260341701917,2.3979100288595365
220103,San Martin,Habana,2018,0.870452,0.0,0.6492254630190248,0.0,837.2260341701917,2.3979100288595365
220103,San Martin,Habana,2019,0.87049,0.0,0.6492254630190248,0.0,837.2260341701917,2.3979100288595365
220103,San Martin,Habana,2020,0.849907,0.0,0.6492254630190248,0.0,837.2260341701917,2.3979100288595365
220103,San Martin,Habana,2021,0.857892,0.0,0.6492254630190248,0.0,837.2260341701917,2.3979100288595365
220103,San Martin,Habana,2022,0.786619,0.0,0.6492254630190248,0.0,837.2260341701917,2.3979100288595365
220103,San Martin,Habana,2023,0.872726,0.0,0.6492254630190248,0.0,837.2260341701917,2.3979100288595365
220103,San Martin,Habana,2024,0.853525,0.0,0.6492254630190248,0.0,837.2260341701917,2.3979100288595365
220104,San Martin,Jepelacio,1985,0.296037,0.0,0.3174835168196232,0.0290866763360161,1215.484876654957,14.913068325518958
220104,San Martin,Jepelacio,1986,0.295892,0.0,0.3174835168196232,0.0290866763360161,1215.484876654957,14.913068325518958
220104,San Martin,Jepelacio,1987,0.321444,0.0,0.3174835168196232,0.0290866763360161,1215.484876654957,14.913068325518958
220104,San Martin,Jepelacio,1988,0.348913,0.0,0.3174835168196232,0.0290866763360161,1215.484876654957,14.913068325518958
220104,San Martin,Jepelacio,1989,0.345374,0.0,0.3174835168196232,0.0290866763360161,1215.484876654957,14.913068325518958
220104,San Martin,Jepelacio,1990,0.365376,0.0,0.3174835168196232,0.0290866763360161,1215.484876654957,14.913068325518958
220104,San Martin,Jepelacio,1991,0.364566,0.0,0.3174835168196232,0.0290866763360161,1215.484876654957,14.913068325518958
220104,San Martin,Jepelacio,1992,0.370654,0.0,0.3174835168196232,0.0290866763360161,1215.484876654957,14.913068325518958
220104,San Martin,Jepelacio,1993,0.37712,0.0,0.3174835168196232,0.0290866763360161,1215.484876654957,14.913068325518958
220104,San Martin,Jepelacio,1994,0.403728,0.0,0.3174835168196232,0.0290866763360161,1215.484876654957,14.913068325518958
220104,San Martin,Jepelacio,1995,0.419026,0.0,0.3174835168196232,0.0290866763360161,1215.484876654957,14.913068325518958
220104,San Martin,Jepelacio,1996,0.434545,0.0,0.3174835168196232,0.0290866763360161,1215.484876654957,14.913068325518958
220104,San Martin,Jepelacio,1997,0.456666,0.0,0.3174835168196232,0.0290866763360161,1215.484876654957,14.913068325518958
220104,San Martin,Jepelacio,1998,0.503587,0.0,0.3174835168196232,0.0290866763360161,1215.484876654957,14.913068325518958
220104,San Martin,Jepelacio,1999,0.520555,0.0,0.3174835168196232,0.0290866763360161,1215.484876654957,14.913068325518958
220104,San Martin,Jepelacio,2000,0.532204,0.0,0.3174835168196232,0.0290866763360161,1215.484876654957,14.913068325518958
220104,San Martin,Jepelacio,2001,0.522874,0.0,0.3174835168196232,0.0290866763360161,1215.484876654957,14.913068325518958
220104,San Martin,Jepelacio,2002,0.504324,0.0,0.3174835168196232,0.0290866763360161,1215.484876654957,14.913068325518958
220104,San Martin,Jepelacio,2003,0.508842,0.0,0.3174835168196232,0.0290866763360161,1215.484876654957,14.913068325518958
220104,San Martin,Jepelacio,2004,0.51676,0.0,0.3174835168196232,0.0290866763360161,1215.484876654957,14.913068325518958
220104,San Martin,Jepelacio,2005,0.538676,0.0,0.3174835168196232,0.0290866763360161,1215.484876654957,14.913068325518958
220104,San Martin,Jepelacio,2006,0.561614,0.0,0.3174835168196232,0.0290866763360161,1215.484876654957,14.913068325518958
220104,San Martin,Jepelacio,2007,0.56537,0.0,0.3174835168196232,0.0290866763360161,1215.484876654957,14.913068325518958
220104,San Martin,Jepelacio,2008,0.557988,0.0,0.3174835168196232,0.0290866763360161,1215.484876654957,14.913068325518958
220104,San Martin,Jepelacio,2009,0.562082,0.0,0.3174835168196232,0.0290866763360161,1215.484876654957,14.913068325518958
220104,San Martin,Jepelacio,2010,0.576291,0.0,0.3174835168196232,0.0290866763360161,1215.484876654957,14.913068325518958
220104,San Martin,Jepelacio,2011,0.572346,0.0,0.3174835168196232,0.0290866763360161,1215.484876654957,14.913068325518958
220104,San Martin,Jepelacio,2012,0.585406,0.0,0.3174835168196232,0.0290866763360161,1215.484876654957,14.913068325518958
220104,San Martin,Jepelacio,2013,0.583108,0.0,0.3174835168196232,0.0290866763360161,1215.484876654957,14.913068325518958
220104,San Martin,Jepelacio,2014,0.573247,0.0,0.3174835168196232,0.0290866763360161,1215.484876654957,14.913068325518958
220104,San Martin,Jepelacio,2015,0.556468,0.0,0.3174835168196232,0.0290866763360161,1215.484876654957,14.913068325518958
220104,San Martin,Jepelacio,2016,0.56259,0.0,0.3174835168196232,0.0290866763360161,1215.484876654957,14.913068325518958
220104,San Martin,Jepelacio,2017,0.562869,0.0,0.3174835168196232,0.0290866763360161,1215.484876654957,14.913068325518958
220104,San Martin,Jepelacio,2018,0.547446,0.0,0.3174835168196232,0.0290866763360161,1215.484876654957,14.913068325518958
220104,San Martin,Jepelacio,2019,0.520785,0.0,0.3174835168196232,0.0290866763360161,1215.484876654957,14.913068325518958
220104,San Martin,Jepelacio,2020,0.516951,0.0,0.3174835168196232,0.0290866763360161,1215.484876654957,14.913068325518958
220104,San Martin,Jepelacio,2021,0.526728,0.0,0.3174835168196232,0.0290866763360161,1215.484876654957,14.913068325518958
220104,San Martin,Jepelacio,2022,0.536472,0.0,0.3174835168196232,0.0290866763360161,1215.484876654957,14.913068325518958
220104,San Martin,Jepelacio,2023,0.561761,0.0,0.3174835168196232,0.0290866763360161,1215.484876654957,14.913068325518958
220104,San Martin,Jepelacio,2024,0.573903,0.0,0.3174835168196232,0.0290866763360161,1215.484876654957,14.913068325518958
220105,San Martin,Soritor,1985,0.132183,0.0,0.1640451082734733,0.0,1456.326368040034,16.68475313737511
220105,San Martin,Soritor,1986,0.13187,0.0,0.1640451082734733,0.0,1456.326368040034,16.68475313737511
220105,San Martin,Soritor,1987,0.141763,0.0,0.1640451082734733,0.0,1456.326368040034,16.68475313737511
220105,San Martin,Soritor,1988,0.152073,0.0,0.1640451082734733,0.0,1456.326368040034,16.68475313737511
220105,San Martin,Soritor,1989,0.148467,0.0,0.1640451082734733,0.0,1456.326368040034,16.68475313737511
220105,San Martin,Soritor,1990,0.154017,0.0,0.1640451082734733,0.0,1456.326368040034,16.68475313737511
220105,San Martin,Soritor,1991,0.155845,0.0,0.1640451082734733,0.0,1456.326368040034,16.68475313737511
220105,San Martin,Soritor,1992,0.159291,0.0,0.1640451082734733,0.0,1456.326368040034,16.68475313737511
220105,San Martin,Soritor,1993,0.16878,0.0,0.1640451082734733,0.0,1456.326368040034,16.68475313737511
220105,San Martin,Soritor,1994,0.185908,0.0,0.1640451082734733,0.0,1456.326368040034,16.68475313737511
220105,San Martin,Soritor,1995,0.195603,0.0,0.1640451082734733,0.0,1456.326368040034,16.68475313737511
220105,San Martin,Soritor,1996,0.203286,0.0,0.1640451082734733,0.0,1456.326368040034,16.68475313737511
220105,San Martin,Soritor,1997,0.22158,0.0,0.1640451082734733,0.0,1456.326368040034,16.68475313737511
220105,San Martin,Soritor,1998,0.242266,0.0,0.1640451082734733,0.0,1456.326368040034,16.68475313737511
220105,San Martin,Soritor,1999,0.245931,0.0,0.1640451082734733,0.0,1456.326368040034,16.68475313737511
220105,San Martin,Soritor,2000,0.254433,0.0,0.1640451082734733,0.0,1456.326368040034,16.68475313737511
220105,San Martin,Soritor,2001,0.25248,0.0,0.1640451082734733,0.0,1456.326368040034,16.68475313737511
220105,San Martin,Soritor,2002,0.247327,0.0,0.1640451082734733,0.0,1456.326368040034,16.68475313737511
220105,San Martin,Soritor,2003,0.249647,0.0,0.1640451082734733,0.0,1456.326368040034,16.68475313737511
220105,San Martin,Soritor,2004,0.257339,0.0,0.1640451082734733,0.0,1456.326368040034,16.68475313737511
220105,San Martin,Soritor,2005,0.272476,0.0,0.1640451082734733,0.0,1456.326368040034,16.68475313737511
220105,San Martin,Soritor,2006,0.282408,0.0,0.1640451082734733,0.0,1456.326368040034,16.68475313737511
220105,San Martin,Soritor,2007,0.286113,0.0,0.1640451082734733,0.0,1456.326368040034,16.68475313737511
220105,San Martin,Soritor,2008,0.279087,0.0,0.1640451082734733,0.0,1456.326368040034,16.68475313737511
220105,San Martin,Soritor,2009,0.279341,0.0,0.1640451082734733,0.0,1456.326368040034,16.68475313737511
220105,San Martin,Soritor,2010,0.287054,0.0,0.1640451082734733,0.0,1456.326368040034,16.68475313737511
220105,San Martin,Soritor,2011,0.279274,0.0,0.1640451082734733,0.0,1456.326368040034,16.68475313737511
220105,San Martin,Soritor,2012,0.292587,0.0,0.1640451082734733,0.0,1456.326368040034,16.68475313737511
220105,San Martin,Soritor,2013,0.301704,0.0,0.1640451082734733,0.0,1456.326368040034,16.68475313737511
220105,San Martin,Soritor,2014,0.30019,0.0,0.1640451082734733,0.0,1456.326368040034,16.68475313737511
220105,San Martin,Soritor,2015,0.294456,0.0,0.1640451082734733,0.0,1456.326368040034,16.68475313737511
220105,San Martin,Soritor,2016,0.297861,0.0,0.1640451082734733,0.0,1456.326368040034,16.68475313737511
220105,San Martin,Soritor,2017,0.296459,0.0,0.1640451082734733,0.0,1456.326368040034,16.68475313737511
220105,San Martin,Soritor,2018,0.289665,0.0,0.1640451082734733,0.0,1456.326368040034,16.68475313737511
220105,San Martin,Soritor,2019,0.279137,0.0,0.1640451082734733,0.0,1456.326368040034,16.68475313737511
220105,San Martin,Soritor,2020,0.28327,0.0,0.1640451082734733,0.0,1456.326368040034,16.68475313737511
220105,San Martin,Soritor,2021,0.288213,0.0,0.1640451082734733,0.0,1456.326368040034,16.68475313737511
220105,San Martin,Soritor,2022,0.291155,0.0,0.1640451082734733,0.0,1456.326368040034,16.68475313737511
220105,San Martin,Soritor,2023,0.30354,0.0,0.1640451082734733,0.0,1456.326368040034,16.68475313737511
220105,San Martin,Soritor,2024,0.324615,0.0,0.1640451082734733,0.0,1456.326368040034,16.68475313737511
220106,San Martin,Yantalo,1985,0.446745,0.0,0.3904184192114604,0.2159022024218717,830.0125802380338,3.965808436918597
220106,San Martin,Yantalo,1986,0.446171,0.0,0.3904184192114604,0.2159022024218717,830.0125802380338,3.965808436918597
220106,San Martin,Yantalo,1987,0.534756,0.0,0.3904184192114604,0.2159022024218717,830.0125802380338,3.965808436918597
220106,San Martin,Yantalo,1988,0.566298,0.0,0.3904184192114604,0.2159022024218717,830.0125802380338,3.965808436918597
220106,San Martin,Yantalo,1989,0.560779,0.0,0.3904184192114604,0.2159022024218717,830.0125802380338,3.965808436918597
220106,San Martin,Yantalo,1990,0.582587,0.0,0.3904184192114604,0.2159022024218717,830.0125802380338,3.965808436918597
220106,San Martin,Yantalo,1991,0.574615,0.0,0.3904184192114604,0.2159022024218717,830.0125802380338,3.965808436918597
220106,San Martin,Yantalo,1992,0.576046,0.0,0.3904184192114604,0.2159022024218717,830.0125802380338,3.965808436918597
220106,San Martin,Yantalo,1993,0.595503,0.0,0.3904184192114604,0.2159022024218717,830.0125802380338,3.965808436918597
220106,San Martin,Yantalo,1994,0.60976,0.0,0.3904184192114604,0.2159022024218717,830.0125802380338,3.965808436918597
220106,San Martin,Yantalo,1995,0.611932,0.0,0.3904184192114604,0.2159022024218717,830.0125802380338,3.965808436918597
220106,San Martin,Yantalo,1996,0.605864,0.0,0.3904184192114604,0.2159022024218717,830.0125802380338,3.965808436918597
220106,San Martin,Yantalo,1997,0.594966,0.0,0.3904184192114604,0.2159022024218717,830.0125802380338,3.965808436918597
220106,San Martin,Yantalo,1998,0.578397,0.0,0.3904184192114604,0.2159022024218717,830.0125802380338,3.965808436918597
220106,San Martin,Yantalo,1999,0.559387,0.0,0.3904184192114604,0.2159022024218717,830.0125802380338,3.965808436918597
220106,San Martin,Yantalo,2000,0.558697,0.0,0.3904184192114604,0.2159022024218717,830.0125802380338,3.965808436918597
220106,San Martin,Yantalo,2001,0.560741,0.0,0.3904184192114604,0.2159022024218717,830.0125802380338,3.965808436918597
220106,San Martin,Yantalo,2002,0.559591,0.0,0.3904184192114604,0.2159022024218717,830.0125802380338,3.965808436918597
220106,San Martin,Yantalo,2003,0.571294,0.0,0.3904184192114604,0.2159022024218717,830.0125802380338,3.965808436918597
220106,San Martin,Yantalo,2004,0.590048,0.0,0.3904184192114604,0.2159022024218717,830.0125802380338,3.965808436918597
220106,San Martin,Yantalo,2005,0.598876,0.0,0.3904184192114604,0.2159022024218717,830.0125802380338,3.965808436918597
220106,San Martin,Yantalo,2006,0.597253,0.0,0.3904184192114604,0.2159022024218717,830.0125802380338,3.965808436918597
220106,San Martin,Yantalo,2007,0.596436,0.0,0.3904184192114604,0.2159022024218717,830.0125802380338,3.965808436918597
220106,San Martin,Yantalo,2008,0.584273,0.0,0.3904184192114604,0.2159022024218717,830.0125802380338,3.965808436918597
220106,San Martin,Yantalo,2009,0.582983,0.0,0.3904184192114604,0.2159022024218717,830.0125802380338,3.965808436918597
220106,San Martin,Yantalo,2010,0.570616,0.0,0.3904184192114604,0.2159022024218717,830.0125802380338,3.965808436918597
220106,San Martin,Yantalo,2011,0.566656,0.0,0.3904184192114604,0.2159022024218717,830.0125802380338,3.965808436918597
220106,San Martin,Yantalo,2012,0.579061,0.0,0.3904184192114604,0.2159022024218717,830.0125802380338,3.965808436918597
220106,San Martin,Yantalo,2013,0.560102,0.0,0.3904184192114604,0.2159022024218717,830.0125802380338,3.965808436918597
220106,San Martin,Yantalo,2014,0.567946,0.0,0.3904184192114604,0.2159022024218717,830.0125802380338,3.965808436918597
220106,San Martin,Yantalo,2015,0.561009,0.0,0.3904184192114604,0.2159022024218717,830.0125802380338,3.965808436918597
220106,San Martin,Yantalo,2016,0.558889,0.0,0.3904184192114604,0.2159022024218717,830.0125802380338,3.965808436918597
220106,San Martin,Yantalo,2017,0.549,0.0,0.3904184192114604,0.2159022024218717,830.0125802380338,3.965808436918597
220106,San Martin,Yantalo,2018,0.568419,0.0,0.3904184192114604,0.2159022024218717,830.0125802380338,3.965808436918597
220106,San Martin,Yantalo,2019,0.567078,0.0,0.3904184192114604,0.2159022024218717,830.0125802380338,3.965808436918597
220106,San Martin,Yantalo,2020,0.573734,0.0,0.3904184192114604,0.2159022024218717,830.0125802380338,3.965808436918597
220106,San Martin,Yantalo,2021,0.586177,0.0,0.3904184192114604,0.2159022024218717,830.0125802380338,3.965808436918597
220106,San Martin,Yantalo,2022,0.574245,0.0,0.3904184192114604,0.2159022024218717,830.0125802380338,3.965808436918597
220106,San Martin,Yantalo,2023,0.60419,0.0,0.3904184192114604,0.2159022024218717,830.0125802380338,3.965808436918597
220106,San Martin,Yantalo,2024,0.608879,0.0,0.3904184192114604,0.2159022024218717,830.0125802380338,3.965808436918597
220201,San Martin,Bellavista,1985,0.591333,0.0,0.4377541562180752,0.0503853520930433,402.3244507611556,9.245639713816052
220201,San Martin,Bellavista,1986,0.591152,0.0,0.4377541562180752,0.0503853520930433,402.3244507611556,9.245639713816052
220201,San Martin,Bellavista,1987,0.626726,0.0,0.4377541562180752,0.0503853520930433,402.3244507611556,9.245639713816052
220201,San Martin,Bellavista,1988,0.652213,0.0,0.4377541562180752,0.0503853520930433,402.3244507611556,9.245639713816052
220201,San Martin,Bellavista,1989,0.672472,0.0,0.4377541562180752,0.0503853520930433,402.3244507611556,9.245639713816052
220201,San Martin,Bellavista,1990,0.678542,0.0,0.4377541562180752,0.0503853520930433,402.3244507611556,9.245639713816052
220201,San Martin,Bellavista,1991,0.687356,0.0,0.4377541562180752,0.0503853520930433,402.3244507611556,9.245639713816052
220201,San Martin,Bellavista,1992,0.68352,0.0,0.4377541562180752,0.0503853520930433,402.3244507611556,9.245639713816052
220201,San Martin,Bellavista,1993,0.678638,0.0,0.4377541562180752,0.0503853520930433,402.3244507611556,9.245639713816052
220201,San Martin,Bellavista,1994,0.691266,0.0,0.4377541562180752,0.0503853520930433,402.3244507611556,9.245639713816052
220201,San Martin,Bellavista,1995,0.695821,0.0,0.4377541562180752,0.0503853520930433,402.3244507611556,9.245639713816052
220201,San Martin,Bellavista,1996,0.696758,0.0,0.4377541562180752,0.0503853520930433,402.3244507611556,9.245639713816052
220201,San Martin,Bellavista,1997,0.68843,0.0,0.4377541562180752,0.0503853520930433,402.3244507611556,9.245639713816052
220201,San Martin,Bellavista,1998,0.693159,0.0,0.4377541562180752,0.0503853520930433,402.3244507611556,9.245639713816052
220201,San Martin,Bellavista,1999,0.683729,0.0,0.4377541562180752,0.0503853520930433,402.3244507611556,9.245639713816052
220201,San Martin,Bellavista,2000,0.690777,0.0,0.4377541562180752,0.0503853520930433,402.3244507611556,9.245639713816052
220201,San Martin,Bellavista,2001,0.690671,0.0,0.4377541562180752,0.0503853520930433,402.3244507611556,9.245639713816052
220201,San Martin,Bellavista,2002,0.712408,0.0,0.4377541562180752,0.0503853520930433,402.3244507611556,9.245639713816052
220201,San Martin,Bellavista,2003,0.720791,0.0,0.4377541562180752,0.0503853520930433,402.3244507611556,9.245639713816052
220201,San Martin,Bellavista,2004,0.723012,0.0,0.4377541562180752,0.0503853520930433,402.3244507611556,9.245639713816052
220201,San Martin,Bellavista,2005,0.751219,0.0,0.4377541562180752,0.0503853520930433,402.3244507611556,9.245639713816052
220201,San Martin,Bellavista,2006,0.738946,0.0,0.4377541562180752,0.0503853520930433,402.3244507611556,9.245639713816052
220201,San Martin,Bellavista,2007,0.744342,0.0,0.4377541562180752,0.0503853520930433,402.3244507611556,9.245639713816052
220201,San Martin,Bellavista,2008,0.72309,0.0,0.4377541562180752,0.0503853520930433,402.3244507611556,9.245639713816052
220201,San Martin,Bellavista,2009,0.720394,0.0,0.4377541562180752,0.0503853520930433,402.3244507611556,9.245639713816052
220201,San Martin,Bellavista,2010,0.74415,0.0,0.4377541562180752,0.0503853520930433,402.3244507611556,9.245639713816052
220201,San Martin,Bellavista,2011,0.757672,0.0,0.4377541562180752,0.0503853520930433,402.3244507611556,9.245639713816052
220201,San Martin,Bellavista,2012,0.770787,0.0,0.4377541562180752,0.0503853520930433,402.3244507611556,9.245639713816052
220201,San Martin,Bellavista,2013,0.763793,0.0,0.4377541562180752,0.0503853520930433,402.3244507611556,9.245639713816052
220201,San Martin,Bellavista,2014,0.753665,0.0,0.4377541562180752,0.0503853520930433,402.3244507611556,9.245639713816052
220201,San Martin,Bellavista,2015,0.749183,0.0,0.4377541562180752,0.0503853520930433,402.3244507611556,9.245639713816052
220201,San Martin,Bellavista,2016,0.742549,0.0,0.4377541562180752,0.0503853520930433,402.3244507611556,9.245639713816052
220201,San Martin,Bellavista,2017,0.741307,0.0,0.4377541562180752,0.0503853520930433,402.3244507611556,9.245639713816052
220201,San Martin,Bellavista,2018,0.73589,0.0,0.4377541562180752,0.0503853520930433,402.3244507611556,9.245639713816052
220201,San Martin,Bellavista,2019,0.728811,0.0,0.4377541562180752,0.0503853520930433,402.3244507611556,9.245639713816052
220201,San Martin,Bellavista,2020,0.729998,0.0,0.4377541562180752,0.0503853520930433,402.3244507611556,9.245639713816052
220201,San Martin,Bellavista,2021,0.73574,0.0,0.4377541562180752,0.0503853520930433,402.3244507611556,9.245639713816052
220201,San Martin,Bellavista,2022,0.730505,0.0,0.4377541562180752,0.0503853520930433,402.3244507611556,9.245639713816052
220201,San Martin,Bellavista,2023,0.718478,0.0,0.4377541562180752,0.0503853520930433,402.3244507611556,9.245639713816052
220201,San Martin,Bellavista,2024,0.748143,0.0,0.4377541562180752,0.0503853520930433,402.3244507611556,9.245639713816052
220203,San Martin,Bajo Biavo,1985,0.133426,0.0,0.2083140990633359,0.0504213141191906,545.4695343451324,11.940898450021804
220203,San Martin,Bajo Biavo,1986,0.134092,0.0,0.2083140990633359,0.0504213141191906,545.4695343451324,11.940898450021804
220203,San Martin,Bajo Biavo,1987,0.148057,0.0,0.2083140990633359,0.0504213141191906,545.4695343451324,11.940898450021804
220203,San Martin,Bajo Biavo,1988,0.165149,0.0,0.2083140990633359,0.0504213141191906,545.4695343451324,11.940898450021804
220203,San Martin,Bajo Biavo,1989,0.180093,0.0,0.2083140990633359,0.0504213141191906,545.4695343451324,11.940898450021804
220203,San Martin,Bajo Biavo,1990,0.189064,0.0,0.2083140990633359,0.0504213141191906,545.4695343451324,11.940898450021804
220203,San Martin,Bajo Biavo,1991,0.193828,0.0,0.2083140990633359,0.0504213141191906,545.4695343451324,11.940898450021804
220203,San Martin,Bajo Biavo,1992,0.196973,0.0,0.2083140990633359,0.0504213141191906,545.4695343451324,11.940898450021804
220203,San Martin,Bajo Biavo,1993,0.199219,0.0,0.2083140990633359,0.0504213141191906,545.4695343451324,11.940898450021804
220203,San Martin,Bajo Biavo,1994,0.196702,0.0,0.2083140990633359,0.0504213141191906,545.4695343451324,11.940898450021804
220203,San Martin,Bajo Biavo,1995,0.195712,0.0,0.2083140990633359,0.0504213141191906,545.4695343451324,11.940898450021804
220203,San Martin,Bajo Biavo,1996,0.200473,0.0,0.2083140990633359,0.0504213141191906,545.4695343451324,11.940898450021804
220203,San Martin,Bajo Biavo,1997,0.208271,0.0,0.2083140990633359,0.0504213141191906,545.4695343451324,11.940898450021804
220203,San Martin,Bajo Biavo,1998,0.212706,0.0,0.2083140990633359,0.0504213141191906,545.4695343451324,11.940898450021804
220203,San Martin,Bajo Biavo,1999,0.220976,0.0,0.2083140990633359,0.0504213141191906,545.4695343451324,11.940898450021804
220203,San Martin,Bajo Biavo,2000,0.238112,0.0,0.2083140990633359,0.0504213141191906,545.4695343451324,11.940898450021804
220203,San Martin,Bajo Biavo,2001,0.253934,0.000233,0.2083140990633359,0.0504213141191906,545.4695343451324,11.940898450021804
220203,San Martin,Bajo Biavo,2002,0.28407,0.000233,0.2083140990633359,0.0504213141191906,545.4695343451324,11.940898450021804
220203,San Martin,Bajo Biavo,2003,0.304684,0.000233,0.2083140990633359,0.0504213141191906,545.4695343451324,11.940898450021804
220203,San Martin,Bajo Biavo,2004,0.320784,0.000233,0.2083140990633359,0.0504213141191906,545.4695343451324,11.940898450021804
220203,San Martin,Bajo Biavo,2005,0.339374,0.000233,0.2083140990633359,0.0504213141191906,545.4695343451324,11.940898450021804
220203,San Martin,Bajo Biavo,2006,0.338251,0.000233,0.2083140990633359,0.0504213141191906,545.4695343451324,11.940898450021804
220203,San Martin,Bajo Biavo,2007,0.355501,0.000233,0.2083140990633359,0.0504213141191906,545.4695343451324,11.940898450021804
220203,San Martin,Bajo Biavo,2008,0.365517,0.000233,0.2083140990633359,0.0504213141191906,545.4695343451324,11.940898450021804
220203,San Martin,Bajo Biavo,2009,0.376427,0.000233,0.2083140990633359,0.0504213141191906,545.4695343451324,11.940898450021804
220203,San Martin,Bajo Biavo,2010,0.387303,0.000233,0.2083140990633359,0.0504213141191906,545.4695343451324,11.940898450021804
220203,San Martin,Bajo Biavo,2011,0.392668,0.000233,0.2083140990633359,0.0504213141191906,545.4695343451324,11.940898450021804
220203,San Martin,Bajo Biavo,2012,0.409673,0.000233,0.2083140990633359,0.0504213141191906,545.4695343451324,11.940898450021804
220203,San Martin,Bajo Biavo,2013,0.411501,0.000233,0.2083140990633359,0.0504213141191906,545.4695343451324,11.940898450021804
220203,San Martin,Bajo Biavo,2014,0.412937,0.000233,0.2083140990633359,0.0504213141191906,545.4695343451324,11.940898450021804
220203,San Martin,Bajo Biavo,2015,0.410536,0.000233,0.2083140990633359,0.0504213141191906,545.4695343451324,11.940898450021804
220203,San Martin,Bajo Biavo,2016,0.417766,0.000233,0.2083140990633359,0.0504213141191906,545.4695343451324,11.940898450021804
220203,San Martin,Bajo Biavo,2017,0.41933,0.000233,0.2083140990633359,0.0504213141191906,545.4695343451324,11.940898450021804
220203,San Martin,Bajo Biavo,2018,0.421136,0.000233,0.2083140990633359,0.0504213141191906,545.4695343451324,11.940898450021804
220203,San Martin,Bajo Biavo,2019,0.434797,0.000233,0.2083140990633359,0.0504213141191906,545.4695343451324,11.940898450021804
220203,San Martin,Bajo Biavo,2020,0.455638,0.000233,0.2083140990633359,0.0504213141191906,545.4695343451324,11.940898450021804
220203,San Martin,Bajo Biavo,2021,0.470921,0.000233,0.2083140990633359,0.0504213141191906,545.4695343451324,11.940898450021804
220203,San Martin,Bajo Biavo,2022,0.489754,0.000233,0.2083140990633359,0.0504213141191906,545.4695343451324,11.940898450021804
220203,San Martin,Bajo Biavo,2023,0.489229,0.000233,0.2083140990633359,0.0504213141191906,545.4695343451324,11.940898450021804
220203,San Martin,Bajo Biavo,2024,0.513617,0.000233,0.2083140990633359,0.0504213141191906,545.4695343451324,11.940898450021804
220204,San Martin,Huallaga,1985,0.152503,0.0,0.1629320111673391,0.0019682078225603,460.7713320367504,11.824228026327363
220204,San Martin,Huallaga,1986,0.152534,0.0,0.1629320111673391,0.0019682078225603,460.7713320367504,11.824228026327363
220204,San Martin,Huallaga,1987,0.14504,0.0,0.1629320111673391,0.0019682078225603,460.7713320367504,11.824228026327363
220204,San Martin,Huallaga,1988,0.157095,0.0,0.1629320111673391,0.0019682078225603,460.7713320367504,11.824228026327363
220204,San Martin,Huallaga,1989,0.163638,0.0,0.1629320111673391,0.0019682078225603,460.7713320367504,11.824228026327363
220204,San Martin,Huallaga,1990,0.171957,0.0,0.1629320111673391,0.0019682078225603,460.7713320367504,11.824228026327363
220204,San Martin,Huallaga,1991,0.172656,0.0,0.1629320111673391,0.0019682078225603,460.7713320367504,11.824228026327363
220204,San Martin,Huallaga,1992,0.165009,0.0,0.1629320111673391,0.0019682078225603,460.7713320367504,11.824228026327363
220204,San Martin,Huallaga,1993,0.164784,0.0,0.1629320111673391,0.0019682078225603,460.7713320367504,11.824228026327363
220204,San Martin,Huallaga,1994,0.160282,0.0,0.1629320111673391,0.0019682078225603,460.7713320367504,11.824228026327363
220204,San Martin,Huallaga,1995,0.157313,0.0,0.1629320111673391,0.0019682078225603,460.7713320367504,11.824228026327363
220204,San Martin,Huallaga,1996,0.162849,0.0,0.1629320111673391,0.0019682078225603,460.7713320367504,11.824228026327363
220204,San Martin,Huallaga,1997,0.171116,0.0,0.1629320111673391,0.0019682078225603,460.7713320367504,11.824228026327363
220204,San Martin,Huallaga,1998,0.180583,0.0,0.1629320111673391,0.0019682078225603,460.7713320367504,11.824228026327363
220204,San Martin,Huallaga,1999,0.18894,0.0,0.1629320111673391,0.0019682078225603,460.7713320367504,11.824228026327363
220204,San Martin,Huallaga,2000,0.200262,0.0,0.1629320111673391,0.0019682078225603,460.7713320367504,11.824228026327363
220204,San Martin,Huallaga,2001,0.224193,0.0,0.1629320111673391,0.0019682078225603,460.7713320367504,11.824228026327363
220204,San Martin,Huallaga,2002,0.256608,0.0,0.1629320111673391,0.0019682078225603,460.7713320367504,11.824228026327363
220204,San Martin,Huallaga,2003,0.278698,0.0,0.1629320111673391,0.0019682078225603,460.7713320367504,11.824228026327363
220204,San Martin,Huallaga,2004,0.288314,0.0,0.1629320111673391,0.0019682078225603,460.7713320367504,11.824228026327363
220204,San Martin,Huallaga,2005,0.332934,0.0,0.1629320111673391,0.0019682078225603,460.7713320367504,11.824228026327363
220204,San Martin,Huallaga,2006,0.353796,0.0,0.1629320111673391,0.0019682078225603,460.7713320367504,11.824228026327363
220204,San Martin,Huallaga,2007,0.380834,0.0,0.1629320111673391,0.0019682078225603,460.7713320367504,11.824228026327363
220204,San Martin,Huallaga,2008,0.392309,0.0,0.1629320111673391,0.0019682078225603,460.7713320367504,11.824228026327363
220204,San Martin,Huallaga,2009,0.413617,0.0,0.1629320111673391,0.0019682078225603,460.7713320367504,11.824228026327363
220204,San Martin,Huallaga,2010,0.452403,0.0,0.1629320111673391,0.0019682078225603,460.7713320367504,11.824228026327363
220204,San Martin,Huallaga,2011,0.478694,0.0,0.1629320111673391,0.0019682078225603,460.7713320367504,11.824228026327363
220204,San Martin,Huallaga,2012,0.490361,0.0,0.1629320111673391,0.0019682078225603,460.7713320367504,11.824228026327363
220204,San Martin,Huallaga,2013,0.495479,0.0,0.1629320111673391,0.0019682078225603,460.7713320367504,11.824228026327363
220204,San Martin,Huallaga,2014,0.485787,0.0,0.1629320111673391,0.0019682078225603,460.7713320367504,11.824228026327363
220204,San Martin,Huallaga,2015,0.487579,0.0,0.1629320111673391,0.0019682078225603,460.7713320367504,11.824228026327363
220204,San Martin,Huallaga,2016,0.494368,0.0,0.1629320111673391,0.0019682078225603,460.7713320367504,11.824228026327363
220204,San Martin,Huallaga,2017,0.487555,0.0,0.1629320111673391,0.0019682078225603,460.7713320367504,11.824228026327363
220204,San Martin,Huallaga,2018,0.484469,0.0,0.1629320111673391,0.0019682078225603,460.7713320367504,11.824228026327363
220204,San Martin,Huallaga,2019,0.477825,0.0,0.1629320111673391,0.0019682078225603,460.7713320367504,11.824228026327363
220204,San Martin,Huallaga,2020,0.491652,0.0,0.1629320111673391,0.0019682078225603,460.7713320367504,11.824228026327363
220204,San Martin,Huallaga,2021,0.51394,0.0,0.1629320111673391,0.0019682078225603,460.7713320367504,11.824228026327363
220204,San Martin,Huallaga,2022,0.527552,0.0,0.1629320111673391,0.0019682078225603,460.7713320367504,11.824228026327363
220204,San Martin,Huallaga,2023,0.523853,0.0,0.1629320111673391,0.0019682078225603,460.7713320367504,11.824228026327363
220204,San Martin,Huallaga,2024,0.542563,0.0,0.1629320111673391,0.0019682078225603,460.7713320367504,11.824228026327363
220205,San Martin,San Pablo,1985,0.541158,0.0,0.3702128190014858,0.0,415.85294053872383,11.386668303991923
220205,San Martin,San Pablo,1986,0.541099,0.0,0.3702128190014858,0.0,415.85294053872383,11.386668303991923
220205,San Martin,San Pablo,1987,0.541122,0.0,0.3702128190014858,0.0,415.85294053872383,11.386668303991923
220205,San Martin,San Pablo,1988,0.574406,0.0,0.3702128190014858,0.0,415.85294053872383,11.386668303991923
220205,San Martin,San Pablo,1989,0.584658,0.0,0.3702128190014858,0.0,415.85294053872383,11.386668303991923
220205,San Martin,San Pablo,1990,0.585914,0.0,0.3702128190014858,0.0,415.85294053872383,11.386668303991923
220205,San Martin,San Pablo,1991,0.593291,0.0,0.3702128190014858,0.0,415.85294053872383,11.386668303991923
220205,San Martin,San Pablo,1992,0.586975,0.0,0.3702128190014858,0.0,415.85294053872383,11.386668303991923
220205,San Martin,San Pablo,1993,0.589113,0.0,0.3702128190014858,0.0,415.85294053872383,11.386668303991923
220205,San Martin,San Pablo,1994,0.600758,0.0,0.3702128190014858,0.0,415.85294053872383,11.386668303991923
220205,San Martin,San Pablo,1995,0.62084,0.0,0.3702128190014858,0.0,415.85294053872383,11.386668303991923
220205,San Martin,San Pablo,1996,0.620302,0.0,0.3702128190014858,0.0,415.85294053872383,11.386668303991923
220205,San Martin,San Pablo,1997,0.64916,0.0,0.3702128190014858,0.0,415.85294053872383,11.386668303991923
220205,San Martin,San Pablo,1998,0.649004,0.0,0.3702128190014858,0.0,415.85294053872383,11.386668303991923
220205,San Martin,San Pablo,1999,0.641805,0.0,0.3702128190014858,0.0,415.85294053872383,11.386668303991923
220205,San Martin,San Pablo,2000,0.670614,0.0,0.3702128190014858,0.0,415.85294053872383,11.386668303991923
220205,San Martin,San Pablo,2001,0.68003,0.0,0.3702128190014858,0.0,415.85294053872383,11.386668303991923
220205,San Martin,San Pablo,2002,0.708449,0.0,0.3702128190014858,0.0,415.85294053872383,11.386668303991923
220205,San Martin,San Pablo,2003,0.733391,0.0,0.3702128190014858,0.0,415.85294053872383,11.386668303991923
220205,San Martin,San Pablo,2004,0.742182,0.0,0.3702128190014858,0.0,415.85294053872383,11.386668303991923
220205,San Martin,San Pablo,2005,0.762435,0.0,0.3702128190014858,0.0,415.85294053872383,11.386668303991923
220205,San Martin,San Pablo,2006,0.758016,0.0,0.3702128190014858,0.0,415.85294053872383,11.386668303991923
220205,San Martin,San Pablo,2007,0.765279,0.0,0.3702128190014858,0.0,415.85294053872383,11.386668303991923
220205,San Martin,San Pablo,2008,0.755325,0.0,0.3702128190014858,0.0,415.85294053872383,11.386668303991923
220205,San Martin,San Pablo,2009,0.747251,0.0,0.3702128190014858,0.0,415.85294053872383,11.386668303991923
220205,San Martin,San Pablo,2010,0.763057,0.0,0.3702128190014858,0.0,415.85294053872383,11.386668303991923
220205,San Martin,San Pablo,2011,0.760963,0.0,0.3702128190014858,0.0,415.85294053872383,11.386668303991923
220205,San Martin,San Pablo,2012,0.75911,0.0,0.3702128190014858,0.0,415.85294053872383,11.386668303991923
220205,San Martin,San Pablo,2013,0.757131,0.0,0.3702128190014858,0.0,415.85294053872383,11.386668303991923
220205,San Martin,San Pablo,2014,0.743455,0.0,0.3702128190014858,0.0,415.85294053872383,11.386668303991923
220205,San Martin,San Pablo,2015,0.739883,0.0,0.3702128190014858,0.0,415.85294053872383,11.386668303991923
220205,San Martin,San Pablo,2016,0.735733,0.0,0.3702128190014858,0.0,415.85294053872383,11.386668303991923
220205,San Martin,San Pablo,2017,0.728309,0.0,0.3702128190014858,0.0,415.85294053872383,11.386668303991923
220205,San Martin,San Pablo,2018,0.717128,0.0,0.3702128190014858,0.0,415.85294053872383,11.386668303991923
220205,San Martin,San Pablo,2019,0.706365,0.0,0.3702128190014858,0.0,415.85294053872383,11.386668303991923
220205,San Martin,San Pablo,2020,0.710301,0.0,0.3702128190014858,0.0,415.85294053872383,11.386668303991923
220205,San Martin,San Pablo,2021,0.721299,0.0,0.3702128190014858,0.0,415.85294053872383,11.386668303991923
220205,San Martin,San Pablo,2022,0.717102,0.0,0.3702128190014858,0.0,415.85294053872383,11.386668303991923
220205,San Martin,San Pablo,2023,0.712806,0.0,0.3702128190014858,0.0,415.85294053872383,11.386668303991923
220205,San Martin,San Pablo,2024,0.737161,0.0,0.3702128190014858,0.0,415.85294053872383,11.386668303991923
220301,San Martin,San Jose De Sisa,1985,0.460849,0.0,0.3062165708437953,0.0,699.3621269775239,14.752049610779446
220301,San Martin,San Jose De Sisa,1986,0.460803,0.0,0.3062165708437953,0.0,699.3621269775239,14.752049610779446
220301,San Martin,San Jose De Sisa,1987,0.474243,0.0,0.3062165708437953,0.0,699.3621269775239,14.752049610779446
220301,San Martin,San Jose De Sisa,1988,0.51595,0.0,0.3062165708437953,0.0,699.3621269775239,14.752049610779446
220301,San Martin,San Jose De Sisa,1989,0.51369,0.0,0.3062165708437953,0.0,699.3621269775239,14.752049610779446
220301,San Martin,San Jose De Sisa,1990,0.514847,0.0,0.3062165708437953,0.0,699.3621269775239,14.752049610779446
220301,San Martin,San Jose De Sisa,1991,0.520709,0.0,0.3062165708437953,0.0,699.3621269775239,14.752049610779446
220301,San Martin,San Jose De Sisa,1992,0.517533,0.0,0.3062165708437953,0.0,699.3621269775239,14.752049610779446
220301,San Martin,San Jose De Sisa,1993,0.53024,0.0,0.3062165708437953,0.0,699.3621269775239,14.752049610779446
220301,San Martin,San Jose De Sisa,1994,0.545293,0.0,0.3062165708437953,0.0,699.3621269775239,14.752049610779446
220301,San Martin,San Jose De Sisa,1995,0.568877,0.0,0.3062165708437953,0.0,699.3621269775239,14.752049610779446
220301,San Martin,San Jose De Sisa,1996,0.570299,0.0,0.3062165708437953,0.0,699.3621269775239,14.752049610779446
220301,San Martin,San Jose De Sisa,1997,0.588819,0.0,0.3062165708437953,0.0,699.3621269775239,14.752049610779446
220301,San Martin,San Jose De Sisa,1998,0.596302,0.0,0.3062165708437953,0.0,699.3621269775239,14.752049610779446
220301,San Martin,San Jose De Sisa,1999,0.600903,0.0,0.3062165708437953,0.0,699.3621269775239,14.752049610779446
220301,San Martin,San Jose De Sisa,2000,0.614401,0.0,0.3062165708437953,0.0,699.3621269775239,14.752049610779446
220301,San Martin,San Jose De Sisa,2001,0.616837,0.0,0.3062165708437953,0.0,699.3621269775239,14.752049610779446
220301,San Martin,San Jose De Sisa,2002,0.619742,0.0,0.3062165708437953,0.0,699.3621269775239,14.752049610779446
220301,San Martin,San Jose De Sisa,2003,0.634599,0.0,0.3062165708437953,0.0,699.3621269775239,14.752049610779446
220301,San Martin,San Jose De Sisa,2004,0.643228,0.0,0.3062165708437953,0.0,699.3621269775239,14.752049610779446
220301,San Martin,San Jose De Sisa,2005,0.654527,0.0,0.3062165708437953,0.0,699.3621269775239,14.752049610779446
220301,San Martin,San Jose De Sisa,2006,0.65584,0.0,0.3062165708437953,0.0,699.3621269775239,14.752049610779446
220301,San Martin,San Jose De Sisa,2007,0.671106,0.0,0.3062165708437953,0.0,699.3621269775239,14.752049610779446
220301,San Martin,San Jose De Sisa,2008,0.6652,0.0,0.3062165708437953,0.0,699.3621269775239,14.752049610779446
220301,San Martin,San Jose De Sisa,2009,0.659574,0.0,0.3062165708437953,0.0,699.3621269775239,14.752049610779446
220301,San Martin,San Jose De Sisa,2010,0.660302,0.0,0.3062165708437953,0.0,699.3621269775239,14.752049610779446
220301,San Martin,San Jose De Sisa,2011,0.657849,0.0,0.3062165708437953,0.0,699.3621269775239,14.752049610779446
220301,San Martin,San Jose De Sisa,2012,0.664682,0.0,0.3062165708437953,0.0,699.3621269775239,14.752049610779446
220301,San Martin,San Jose De Sisa,2013,0.670734,0.0,0.3062165708437953,0.0,699.3621269775239,14.752049610779446
220301,San Martin,San Jose De Sisa,2014,0.67467,0.0,0.3062165708437953,0.0,699.3621269775239,14.752049610779446
220301,San Martin,San Jose De Sisa,2015,0.671178,0.0,0.3062165708437953,0.0,699.3621269775239,14.752049610779446
220301,San Martin,San Jose De Sisa,2016,0.671281,0.0,0.3062165708437953,0.0,699.3621269775239,14.752049610779446
220301,San Martin,San Jose De Sisa,2017,0.659606,0.0,0.3062165708437953,0.0,699.3621269775239,14.752049610779446
220301,San Martin,San Jose De Sisa,2018,0.648129,0.0,0.3062165708437953,0.0,699.3621269775239,14.752049610779446
220301,San Martin,San Jose De Sisa,2019,0.635175,0.0,0.3062165708437953,0.0,699.3621269775239,14.752049610779446
220301,San Martin,San Jose De Sisa,2020,0.63269,0.0,0.3062165708437953,0.0,699.3621269775239,14.752049610779446
220301,San Martin,San Jose De Sisa,2021,0.650023,0.0,0.3062165708437953,0.0,699.3621269775239,14.752049610779446
220301,San Martin,San Jose De Sisa,2022,0.66087,0.0,0.3062165708437953,0.0,699.3621269775239,14.752049610779446
220301,San Martin,San Jose De Sisa,2023,0.673386,0.0,0.3062165708437953,0.0,699.3621269775239,14.752049610779446
220301,San Martin,San Jose De Sisa,2024,0.687601,0.0,0.3062165708437953,0.0,699.3621269775239,14.752049610779446
220302,San Martin,Agua Blanca,1985,0.531849,0.0,0.2030801630989264,0.0,545.425566503072,14.271170589140132
220302,San Martin,Agua Blanca,1986,0.531616,0.0,0.2030801630989264,0.0,545.425566503072,14.271170589140132
220302,San Martin,Agua Blanca,1987,0.537805,0.0,0.2030801630989264,0.0,545.425566503072,14.271170589140132
220302,San Martin,Agua Blanca,1988,0.567673,0.0,0.2030801630989264,0.0,545.425566503072,14.271170589140132
220302,San Martin,Agua Blanca,1989,0.570697,0.0,0.2030801630989264,0.0,545.425566503072,14.271170589140132
220302,San Martin,Agua Blanca,1990,0.572675,0.0,0.2030801630989264,0.0,545.425566503072,14.271170589140132
220302,San Martin,Agua Blanca,1991,0.592573,0.0,0.2030801630989264,0.0,545.425566503072,14.271170589140132
220302,San Martin,Agua Blanca,1992,0.595377,0.0,0.2030801630989264,0.0,545.425566503072,14.271170589140132
220302,San Martin,Agua Blanca,1993,0.611966,0.0,0.2030801630989264,0.0,545.425566503072,14.271170589140132
220302,San Martin,Agua Blanca,1994,0.632405,0.0,0.2030801630989264,0.0,545.425566503072,14.271170589140132
220302,San Martin,Agua Blanca,1995,0.653042,0.0,0.2030801630989264,0.0,545.425566503072,14.271170589140132
220302,San Martin,Agua Blanca,1996,0.651367,0.0,0.2030801630989264,0.0,545.425566503072,14.271170589140132
220302,San Martin,Agua Blanca,1997,0.663477,0.0,0.2030801630989264,0.0,545.425566503072,14.271170589140132
220302,San Martin,Agua Blanca,1998,0.659342,0.0,0.2030801630989264,0.0,545.425566503072,14.271170589140132
220302,San Martin,Agua Blanca,1999,0.653554,0.0,0.2030801630989264,0.0,545.425566503072,14.271170589140132
220302,San Martin,Agua Blanca,2000,0.667025,0.0,0.2030801630989264,0.0,545.425566503072,14.271170589140132
220302,San Martin,Agua Blanca,2001,0.671411,0.0,0.2030801630989264,0.0,545.425566503072,14.271170589140132
220302,San Martin,Agua Blanca,2002,0.680502,0.0,0.2030801630989264,0.0,545.425566503072,14.271170589140132
220302,San Martin,Agua Blanca,2003,0.703303,0.0,0.2030801630989264,0.0,545.425566503072,14.271170589140132
220302,San Martin,Agua Blanca,2004,0.712941,0.0,0.2030801630989264,0.0,545.425566503072,14.271170589140132
220302,San Martin,Agua Blanca,2005,0.723673,0.0,0.2030801630989264,0.0,545.425566503072,14.271170589140132
220302,San Martin,Agua Blanca,2006,0.722271,0.0,0.2030801630989264,0.0,545.425566503072,14.271170589140132
220302,San Martin,Agua Blanca,2007,0.723871,0.0,0.2030801630989264,0.0,545.425566503072,14.271170589140132
220302,San Martin,Agua Blanca,2008,0.705566,0.0,0.2030801630989264,0.0,545.425566503072,14.271170589140132
220302,San Martin,Agua Blanca,2009,0.698435,0.0,0.2030801630989264,0.0,545.425566503072,14.271170589140132
220302,San Martin,Agua Blanca,2010,0.695811,0.0,0.2030801630989264,0.0,545.425566503072,14.271170589140132
220302,San Martin,Agua Blanca,2011,0.698697,0.0,0.2030801630989264,0.0,545.425566503072,14.271170589140132
220302,San Martin,Agua Blanca,2012,0.710935,0.0,0.2030801630989264,0.0,545.425566503072,14.271170589140132
220302,San Martin,Agua Blanca,2013,0.721271,0.0,0.2030801630989264,0.0,545.425566503072,14.271170589140132
220302,San Martin,Agua Blanca,2014,0.71728,0.0,0.2030801630989264,0.0,545.425566503072,14.271170589140132
220302,San Martin,Agua Blanca,2015,0.712982,0.0,0.2030801630989264,0.0,545.425566503072,14.271170589140132
220302,San Martin,Agua Blanca,2016,0.699348,0.0,0.2030801630989264,0.0,545.425566503072,14.271170589140132
220302,San Martin,Agua Blanca,2017,0.68141,0.0,0.2030801630989264,0.0,545.425566503072,14.271170589140132
220302,San Martin,Agua Blanca,2018,0.663826,0.0,0.2030801630989264,0.0,545.425566503072,14.271170589140132
220302,San Martin,Agua Blanca,2019,0.644062,0.0,0.2030801630989264,0.0,545.425566503072,14.271170589140132
220302,San Martin,Agua Blanca,2020,0.646499,0.0,0.2030801630989264,0.0,545.425566503072,14.271170589140132
220302,San Martin,Agua Blanca,2021,0.660761,0.0,0.2030801630989264,0.0,545.425566503072,14.271170589140132
220302,San Martin,Agua Blanca,2022,0.663343,0.0,0.2030801630989264,0.0,545.425566503072,14.271170589140132
220302,San Martin,Agua Blanca,2023,0.6755,0.0,0.2030801630989264,0.0,545.425566503072,14.271170589140132
220302,San Martin,Agua Blanca,2024,0.704368,0.0,0.2030801630989264,0.0,545.425566503072,14.271170589140132
220303,San Martin,San Martin,1985,0.089871,0.0,0.1435531833521734,0.0,1267.2709838265157,18.197936392853663
220303,San Martin,San Martin,1986,0.089726,0.0,0.1435531833521734,0.0,1267.2709838265157,18.197936392853663
220303,San Martin,San Martin,1987,0.090027,0.0,0.1435531833521734,0.0,1267.2709838265157,18.197936392853663
220303,San Martin,San Martin,1988,0.099144,0.0,0.1435531833521734,0.0,1267.2709838265157,18.197936392853663
220303,San Martin,San Martin,1989,0.098502,0.0,0.1435531833521734,0.0,1267.2709838265157,18.197936392853663
220303,San Martin,San Martin,1990,0.102433,0.0,0.1435531833521734,0.0,1267.2709838265157,18.197936392853663
220303,San Martin,San Martin,1991,0.103974,0.0,0.1435531833521734,0.0,1267.2709838265157,18.197936392853663
220303,San Martin,San Martin,1992,0.103392,0.0,0.1435531833521734,0.0,1267.2709838265157,18.197936392853663
220303,San Martin,San Martin,1993,0.108002,0.0,0.1435531833521734,0.0,1267.2709838265157,18.197936392853663
220303,San Martin,San Martin,1994,0.117769,0.0,0.1435531833521734,0.0,1267.2709838265157,18.197936392853663
220303,San Martin,San Martin,1995,0.127071,0.0,0.1435531833521734,0.0,1267.2709838265157,18.197936392853663
220303,San Martin,San Martin,1996,0.13115,0.0,0.1435531833521734,0.0,1267.2709838265157,18.197936392853663
220303,San Martin,San Martin,1997,0.141139,0.0,0.1435531833521734,0.0,1267.2709838265157,18.197936392853663
220303,San Martin,San Martin,1998,0.157206,0.0,0.1435531833521734,0.0,1267.2709838265157,18.197936392853663
220303,San Martin,San Martin,1999,0.16569,0.0,0.1435531833521734,0.0,1267.2709838265157,18.197936392853663
220303,San Martin,San Martin,2000,0.17886,0.0,0.1435531833521734,0.0,1267.2709838265157,18.197936392853663
220303,San Martin,San Martin,2001,0.191487,0.0,0.1435531833521734,0.0,1267.2709838265157,18.197936392853663
220303,San Martin,San Martin,2002,0.194647,0.0,0.1435531833521734,0.0,1267.2709838265157,18.197936392853663
220303,San Martin,San Martin,2003,0.211947,0.0,0.1435531833521734,0.0,1267.2709838265157,18.197936392853663
220303,San Martin,San Martin,2004,0.226261,0.0,0.1435531833521734,0.0,1267.2709838265157,18.197936392853663
220303,San Martin,San Martin,2005,0.240812,0.0,0.1435531833521734,0.0,1267.2709838265157,18.197936392853663
220303,San Martin,San Martin,2006,0.251153,0.0,0.1435531833521734,0.0,1267.2709838265157,18.197936392853663
220303,San Martin,San Martin,2007,0.270111,0.0,0.1435531833521734,0.0,1267.2709838265157,18.197936392853663
220303,San Martin,San Martin,2008,0.276313,0.0,0.1435531833521734,0.0,1267.2709838265157,18.197936392853663
220303,San Martin,San Martin,2009,0.276393,0.0,0.1435531833521734,0.0,1267.2709838265157,18.197936392853663
220303,San Martin,San Martin,2010,0.285615,0.0,0.1435531833521734,0.0,1267.2709838265157,18.197936392853663
220303,San Martin,San Martin,2011,0.281914,0.0,0.1435531833521734,0.0,1267.2709838265157,18.197936392853663
220303,San Martin,San Martin,2012,0.298036,0.0,0.1435531833521734,0.0,1267.2709838265157,18.197936392853663
220303,San Martin,San Martin,2013,0.300854,0.0,0.1435531833521734,0.0,1267.2709838265157,18.197936392853663
220303,San Martin,San Martin,2014,0.297183,0.0,0.1435531833521734,0.0,1267.2709838265157,18.197936392853663
220303,San Martin,San Martin,2015,0.283524,0.0,0.1435531833521734,0.0,1267.2709838265157,18.197936392853663
220303,San Martin,San Martin,2016,0.282387,0.0,0.1435531833521734,0.0,1267.2709838265157,18.197936392853663
220303,San Martin,San Martin,2017,0.27007,0.0,0.1435531833521734,0.0,1267.2709838265157,18.197936392853663
220303,San Martin,San Martin,2018,0.260458,0.0,0.1435531833521734,0.0,1267.2709838265157,18.197936392853663
220303,San Martin,San Martin,2019,0.243968,0.0,0.1435531833521734,0.0,1267.2709838265157,18.197936392853663
220303,San Martin,San Martin,2020,0.245732,0.0,0.1435531833521734,0.0,1267.2709838265157,18.197936392853663
220303,San Martin,San Martin,2021,0.264994,0.0,0.1435531833521734,0.0,1267.2709838265157,18.197936392853663
220303,San Martin,San Martin,2022,0.285297,0.0,0.1435531833521734,0.0,1267.2709838265157,18.197936392853663
220303,San Martin,San Martin,2023,0.309529,0.0,0.1435531833521734,0.0,1267.2709838265157,18.197936392853663
220303,San Martin,San Martin,2024,0.325929,0.0,0.1435531833521734,0.0,1267.2709838265157,18.197936392853663
220304,San Martin,Santa Rosa,1985,0.464297,0.0,0.3898528149454632,0.0,588.9756909088844,13.011476049246864
220304,San Martin,Santa Rosa,1986,0.464279,0.0,0.3898528149454632,0.0,588.9756909088844,13.011476049246864
220304,San Martin,Santa Rosa,1987,0.465462,0.0,0.3898528149454632,0.0,588.9756909088844,13.011476049246864
220304,San Martin,Santa Rosa,1988,0.484533,0.0,0.3898528149454632,0.0,588.9756909088844,13.011476049246864
220304,San Martin,Santa Rosa,1989,0.488093,0.0,0.3898528149454632,0.0,588.9756909088844,13.011476049246864
220304,San Martin,Santa Rosa,1990,0.487405,0.0,0.3898528149454632,0.0,588.9756909088844,13.011476049246864
220304,San Martin,Santa Rosa,1991,0.494193,0.0,0.3898528149454632,0.0,588.9756909088844,13.011476049246864
220304,San Martin,Santa Rosa,1992,0.490359,0.0,0.3898528149454632,0.0,588.9756909088844,13.011476049246864
220304,San Martin,Santa Rosa,1993,0.498003,0.0,0.3898528149454632,0.0,588.9756909088844,13.011476049246864
220304,San Martin,Santa Rosa,1994,0.510813,0.0,0.3898528149454632,0.0,588.9756909088844,13.011476049246864
220304,San Martin,Santa Rosa,1995,0.527564,0.0,0.3898528149454632,0.0,588.9756909088844,13.011476049246864
220304,San Martin,Santa Rosa,1996,0.526267,0.0,0.3898528149454632,0.0,588.9756909088844,13.011476049246864
220304,San Martin,Santa Rosa,1997,0.556317,0.0,0.3898528149454632,0.0,588.9756909088844,13.011476049246864
220304,San Martin,Santa Rosa,1998,0.569712,0.0,0.3898528149454632,0.0,588.9756909088844,13.011476049246864
220304,San Martin,Santa Rosa,1999,0.576322,0.0,0.3898528149454632,0.0,588.9756909088844,13.011476049246864
220304,San Martin,Santa Rosa,2000,0.60149,0.0,0.3898528149454632,0.0,588.9756909088844,13.011476049246864
220304,San Martin,Santa Rosa,2001,0.607847,0.0,0.3898528149454632,0.0,588.9756909088844,13.011476049246864
220304,San Martin,Santa Rosa,2002,0.619599,0.0,0.3898528149454632,0.0,588.9756909088844,13.011476049246864
220304,San Martin,Santa Rosa,2003,0.637833,0.0,0.3898528149454632,0.0,588.9756909088844,13.011476049246864
220304,San Martin,Santa Rosa,2004,0.644632,0.0,0.3898528149454632,0.0,588.9756909088844,13.011476049246864
220304,San Martin,Santa Rosa,2005,0.654702,0.0,0.3898528149454632,0.0,588.9756909088844,13.011476049246864
220304,San Martin,Santa Rosa,2006,0.649941,0.0,0.3898528149454632,0.0,588.9756909088844,13.011476049246864
220304,San Martin,Santa Rosa,2007,0.65963,0.0,0.3898528149454632,0.0,588.9756909088844,13.011476049246864
220304,San Martin,Santa Rosa,2008,0.653227,0.0,0.3898528149454632,0.0,588.9756909088844,13.011476049246864
220304,San Martin,Santa Rosa,2009,0.650601,0.0,0.3898528149454632,0.0,588.9756909088844,13.011476049246864
220304,San Martin,Santa Rosa,2010,0.651263,0.0,0.3898528149454632,0.0,588.9756909088844,13.011476049246864
220304,San Martin,Santa Rosa,2011,0.657086,0.0,0.3898528149454632,0.0,588.9756909088844,13.011476049246864
220304,San Martin,Santa Rosa,2012,0.669565,0.0,0.3898528149454632,0.0,588.9756909088844,13.011476049246864
220304,San Martin,Santa Rosa,2013,0.679022,0.0,0.3898528149454632,0.0,588.9756909088844,13.011476049246864
220304,San Martin,Santa Rosa,2014,0.676891,0.0,0.3898528149454632,0.0,588.9756909088844,13.011476049246864
220304,San Martin,Santa Rosa,2015,0.675017,0.0,0.3898528149454632,0.0,588.9756909088844,13.011476049246864
220304,San Martin,Santa Rosa,2016,0.668817,0.0,0.3898528149454632,0.0,588.9756909088844,13.011476049246864
220304,San Martin,Santa Rosa,2017,0.650244,0.0,0.3898528149454632,0.0,588.9756909088844,13.011476049246864
220304,San Martin,Santa Rosa,2018,0.639472,0.0,0.3898528149454632,0.0,588.9756909088844,13.011476049246864
220304,San Martin,Santa Rosa,2019,0.615377,0.0,0.3898528149454632,0.0,588.9756909088844,13.011476049246864
220304,San Martin,Santa Rosa,2020,0.619453,0.0,0.3898528149454632,0.0,588.9756909088844,13.011476049246864
220304,San Martin,Santa Rosa,2021,0.635068,0.0,0.3898528149454632,0.0,588.9756909088844,13.011476049246864
220304,San Martin,Santa Rosa,2022,0.648758,0.0,0.3898528149454632,0.0,588.9756909088844,13.011476049246864
220304,San Martin,Santa Rosa,2023,0.659195,0.0,0.3898528149454632,0.0,588.9756909088844,13.011476049246864
220304,San Martin,Santa Rosa,2024,0.684723,0.0,0.3898528149454632,0.0,588.9756909088844,13.011476049246864
220305,San Martin,Shatoja,1985,0.415928,0.0,0.413376904514267,0.0,672.3575494672755,12.188995464389018
220305,San Martin,Shatoja,1986,0.415956,0.0,0.413376904514267,0.0,672.3575494672755,12.188995464389018
220305,San Martin,Shatoja,1987,0.445606,0.0,0.413376904514267,0.0,672.3575494672755,12.188995464389018
220305,San Martin,Shatoja,1988,0.501998,0.0,0.413376904514267,0.0,672.3575494672755,12.188995464389018
220305,San Martin,Shatoja,1989,0.505393,0.0,0.413376904514267,0.0,672.3575494672755,12.188995464389018
220305,San Martin,Shatoja,1990,0.507756,0.0,0.413376904514267,0.0,672.3575494672755,12.188995464389018
220305,San Martin,Shatoja,1991,0.513829,0.0,0.413376904514267,0.0,672.3575494672755,12.188995464389018
220305,San Martin,Shatoja,1992,0.504032,0.0,0.413376904514267,0.0,672.3575494672755,12.188995464389018
220305,San Martin,Shatoja,1993,0.513915,0.0,0.413376904514267,0.0,672.3575494672755,12.188995464389018
220305,San Martin,Shatoja,1994,0.528969,0.0,0.413376904514267,0.0,672.3575494672755,12.188995464389018
220305,San Martin,Shatoja,1995,0.54547,0.0,0.413376904514267,0.0,672.3575494672755,12.188995464389018
220305,San Martin,Shatoja,1996,0.551257,0.0,0.413376904514267,0.0,672.3575494672755,12.188995464389018
220305,San Martin,Shatoja,1997,0.567586,0.0,0.413376904514267,0.0,672.3575494672755,12.188995464389018
220305,San Martin,Shatoja,1998,0.578257,0.0,0.413376904514267,0.0,672.3575494672755,12.188995464389018
220305,San Martin,Shatoja,1999,0.587051,0.0,0.413376904514267,0.0,672.3575494672755,12.188995464389018
220305,San Martin,Shatoja,2000,0.600143,0.0,0.413376904514267,0.0,672.3575494672755,12.188995464389018
220305,San Martin,Shatoja,2001,0.600043,0.0,0.413376904514267,0.0,672.3575494672755,12.188995464389018
220305,San Martin,Shatoja,2002,0.595388,0.0,0.413376904514267,0.0,672.3575494672755,12.188995464389018
220305,San Martin,Shatoja,2003,0.602263,0.0,0.413376904514267,0.0,672.3575494672755,12.188995464389018
220305,San Martin,Shatoja,2004,0.608351,0.0,0.413376904514267,0.0,672.3575494672755,12.188995464389018
220305,San Martin,Shatoja,2005,0.614094,0.0,0.413376904514267,0.0,672.3575494672755,12.188995464389018
220305,San Martin,Shatoja,2006,0.613779,0.0,0.413376904514267,0.0,672.3575494672755,12.188995464389018
220305,San Martin,Shatoja,2007,0.625639,0.0,0.413376904514267,0.0,672.3575494672755,12.188995464389018
220305,San Martin,Shatoja,2008,0.618119,0.0,0.413376904514267,0.0,672.3575494672755,12.188995464389018
220305,San Martin,Shatoja,2009,0.617188,0.0,0.413376904514267,0.0,672.3575494672755,12.188995464389018
220305,San Martin,Shatoja,2010,0.623018,0.0,0.413376904514267,0.0,672.3575494672755,12.188995464389018
220305,San Martin,Shatoja,2011,0.620211,0.0,0.413376904514267,0.0,672.3575494672755,12.188995464389018
220305,San Martin,Shatoja,2012,0.633231,0.0,0.413376904514267,0.0,672.3575494672755,12.188995464389018
220305,San Martin,Shatoja,2013,0.636038,0.0,0.413376904514267,0.0,672.3575494672755,12.188995464389018
220305,San Martin,Shatoja,2014,0.640192,0.0,0.413376904514267,0.0,672.3575494672755,12.188995464389018
220305,San Martin,Shatoja,2015,0.643601,0.0,0.413376904514267,0.0,672.3575494672755,12.188995464389018
220305,San Martin,Shatoja,2016,0.646122,0.0,0.413376904514267,0.0,672.3575494672755,12.188995464389018
220305,San Martin,Shatoja,2017,0.635078,0.0,0.413376904514267,0.0,672.3575494672755,12.188995464389018
220305,San Martin,Shatoja,2018,0.628747,0.0,0.413376904514267,0.0,672.3575494672755,12.188995464389018
220305,San Martin,Shatoja,2019,0.621729,0.0,0.413376904514267,0.0,672.3575494672755,12.188995464389018
220305,San Martin,Shatoja,2020,0.627559,0.0,0.413376904514267,0.0,672.3575494672755,12.188995464389018
220305,San Martin,Shatoja,2021,0.656005,0.0,0.413376904514267,0.0,672.3575494672755,12.188995464389018
220305,San Martin,Shatoja,2022,0.666848,0.0,0.413376904514267,0.0,672.3575494672755,12.188995464389018
220305,San Martin,Shatoja,2023,0.672835,0.0,0.413376904514267,0.0,672.3575494672755,12.188995464389018
220305,San Martin,Shatoja,2024,0.67994,0.0,0.413376904514267,0.0,672.3575494672755,12.188995464389018
220401,San Martin,Saposoa,1985,0.241025,0.0,0.2370819416526954,0.0,818.0099583393912,15.29412942080526
220401,San Martin,Saposoa,1986,0.240766,0.0,0.2370819416526954,0.0,818.0099583393912,15.29412942080526
220401,San Martin,Saposoa,1987,0.226175,0.0,0.2370819416526954,0.0,818.0099583393912,15.29412942080526
220401,San Martin,Saposoa,1988,0.23008,0.0,0.2370819416526954,0.0,818.0099583393912,15.29412942080526
220401,San Martin,Saposoa,1989,0.229997,0.0,0.2370819416526954,0.0,818.0099583393912,15.29412942080526
220401,San Martin,Saposoa,1990,0.236358,0.0,0.2370819416526954,0.0,818.0099583393912,15.29412942080526
220401,San Martin,Saposoa,1991,0.233838,0.0,0.2370819416526954,0.0,818.0099583393912,15.29412942080526
220401,San Martin,Saposoa,1992,0.231599,0.0,0.2370819416526954,0.0,818.0099583393912,15.29412942080526
220401,San Martin,Saposoa,1993,0.233711,0.0,0.2370819416526954,0.0,818.0099583393912,15.29412942080526
220401,San Martin,Saposoa,1994,0.243389,0.0,0.2370819416526954,0.0,818.0099583393912,15.29412942080526
220401,San Martin,Saposoa,1995,0.251527,0.0,0.2370819416526954,0.0,818.0099583393912,15.29412942080526
220401,San Martin,Saposoa,1996,0.251644,0.0,0.2370819416526954,0.0,818.0099583393912,15.29412942080526
220401,San Martin,Saposoa,1997,0.265801,0.0,0.2370819416526954,0.0,818.0099583393912,15.29412942080526
220401,San Martin,Saposoa,1998,0.268742,0.0,0.2370819416526954,0.0,818.0099583393912,15.29412942080526
220401,San Martin,Saposoa,1999,0.267085,0.0,0.2370819416526954,0.0,818.0099583393912,15.29412942080526
220401,San Martin,Saposoa,2000,0.272542,0.0,0.2370819416526954,0.0,818.0099583393912,15.29412942080526
220401,San Martin,Saposoa,2001,0.272764,0.0,0.2370819416526954,0.0,818.0099583393912,15.29412942080526
220401,San Martin,Saposoa,2002,0.276359,0.0,0.2370819416526954,0.0,818.0099583393912,15.29412942080526
220401,San Martin,Saposoa,2003,0.292434,0.0,0.2370819416526954,0.0,818.0099583393912,15.29412942080526
220401,San Martin,Saposoa,2004,0.305193,0.0,0.2370819416526954,0.0,818.0099583393912,15.29412942080526
220401,San Martin,Saposoa,2005,0.321907,0.0,0.2370819416526954,0.0,818.0099583393912,15.29412942080526
220401,San Martin,Saposoa,2006,0.316789,0.0,0.2370819416526954,0.0,818.0099583393912,15.29412942080526
220401,San Martin,Saposoa,2007,0.319879,0.0,0.2370819416526954,0.0,818.0099583393912,15.29412942080526
220401,San Martin,Saposoa,2008,0.320844,0.0,0.2370819416526954,0.0,818.0099583393912,15.29412942080526
220401,San Martin,Saposoa,2009,0.334394,0.0,0.2370819416526954,0.0,818.0099583393912,15.29412942080526
220401,San Martin,Saposoa,2010,0.345833,0.0,0.2370819416526954,0.0,818.0099583393912,15.29412942080526
220401,San Martin,Saposoa,2011,0.353233,0.0,0.2370819416526954,0.0,818.0099583393912,15.29412942080526
220401,San Martin,Saposoa,2012,0.36626,0.0,0.2370819416526954,0.0,818.0099583393912,15.29412942080526
220401,San Martin,Saposoa,2013,0.369737,0.0,0.2370819416526954,0.0,818.0099583393912,15.29412942080526
220401,San Martin,Saposoa,2014,0.379839,0.0,0.2370819416526954,0.0,818.0099583393912,15.29412942080526
220401,San Martin,Saposoa,2015,0.380226,0.0,0.2370819416526954,0.0,818.0099583393912,15.29412942080526
220401,San Martin,Saposoa,2016,0.386835,0.0,0.2370819416526954,0.0,818.0099583393912,15.29412942080526
220401,San Martin,Saposoa,2017,0.386756,0.0,0.2370819416526954,0.0,818.0099583393912,15.29412942080526
220401,San Martin,Saposoa,2018,0.379966,0.0,0.2370819416526954,0.0,818.0099583393912,15.29412942080526
220401,San Martin,Saposoa,2019,0.372472,0.0,0.2370819416526954,0.0,818.0099583393912,15.29412942080526
220401,San Martin,Saposoa,2020,0.381927,0.0,0.2370819416526954,0.0,818.0099583393912,15.29412942080526
220401,San Martin,Saposoa,2021,0.389314,0.0,0.2370819416526954,0.0,818.0099583393912,15.29412942080526
220401,San Martin,Saposoa,2022,0.397272,0.0,0.2370819416526954,0.0,818.0099583393912,15.29412942080526
220401,San Martin,Saposoa,2023,0.403914,0.0,0.2370819416526954,0.0,818.0099583393912,15.29412942080526
220401,San Martin,Saposoa,2024,0.419882,0.0,0.2370819416526954,0.0,818.0099583393912,15.29412942080526
220403,San Martin,El Eslabon,1985,0.544412,0.0,0.1564131575650219,0.0,498.1815038959074,13.132414711510933
220403,San Martin,El Eslabon,1986,0.544376,0.0,0.1564131575650219,0.0,498.1815038959074,13.132414711510933
220403,San Martin,El Eslabon,1987,0.541642,0.0,0.1564131575650219,0.0,498.1815038959074,13.132414711510933
220403,San Martin,El Eslabon,1988,0.559264,0.0,0.1564131575650219,0.0,498.1815038959074,13.132414711510933
220403,San Martin,El Eslabon,1989,0.559912,0.0,0.1564131575650219,0.0,498.1815038959074,13.132414711510933
220403,San Martin,El Eslabon,1990,0.558438,0.0,0.1564131575650219,0.0,498.1815038959074,13.132414711510933
220403,San Martin,El Eslabon,1991,0.546911,0.0,0.1564131575650219,0.0,498.1815038959074,13.132414711510933
220403,San Martin,El Eslabon,1992,0.543621,0.0,0.1564131575650219,0.0,498.1815038959074,13.132414711510933
220403,San Martin,El Eslabon,1993,0.548114,0.0,0.1564131575650219,0.0,498.1815038959074,13.132414711510933
220403,San Martin,El Eslabon,1994,0.554885,0.0,0.1564131575650219,0.0,498.1815038959074,13.132414711510933
220403,San Martin,El Eslabon,1995,0.561343,0.0,0.1564131575650219,0.0,498.1815038959074,13.132414711510933
220403,San Martin,El Eslabon,1996,0.557292,0.0,0.1564131575650219,0.0,498.1815038959074,13.132414711510933
220403,San Martin,El Eslabon,1997,0.56783,0.0,0.1564131575650219,0.0,498.1815038959074,13.132414711510933
220403,San Martin,El Eslabon,1998,0.572686,0.0,0.1564131575650219,0.0,498.1815038959074,13.132414711510933
220403,San Martin,El Eslabon,1999,0.574822,0.0,0.1564131575650219,0.0,498.1815038959074,13.132414711510933
220403,San Martin,El Eslabon,2000,0.587367,0.0,0.1564131575650219,0.0,498.1815038959074,13.132414711510933
220403,San Martin,El Eslabon,2001,0.595905,0.0,0.1564131575650219,0.0,498.1815038959074,13.132414711510933
220403,San Martin,El Eslabon,2002,0.602341,0.0,0.1564131575650219,0.0,498.1815038959074,13.132414711510933
220403,San Martin,El Eslabon,2003,0.621096,0.0,0.1564131575650219,0.0,498.1815038959074,13.132414711510933
220403,San Martin,El Eslabon,2004,0.625588,0.0,0.1564131575650219,0.0,498.1815038959074,13.132414711510933
220403,San Martin,El Eslabon,2005,0.635678,0.0,0.1564131575650219,0.0,498.1815038959074,13.132414711510933
220403,San Martin,El Eslabon,2006,0.622776,0.0,0.1564131575650219,0.0,498.1815038959074,13.132414711510933
220403,San Martin,El Eslabon,2007,0.622306,0.0,0.1564131575650219,0.0,498.1815038959074,13.132414711510933
220403,San Martin,El Eslabon,2008,0.609554,0.0,0.1564131575650219,0.0,498.1815038959074,13.132414711510933
220403,San Martin,El Eslabon,2009,0.609675,0.0,0.1564131575650219,0.0,498.1815038959074,13.132414711510933
220403,San Martin,El Eslabon,2010,0.621416,0.0,0.1564131575650219,0.0,498.1815038959074,13.132414711510933
220403,San Martin,El Eslabon,2011,0.624762,0.0,0.1564131575650219,0.0,498.1815038959074,13.132414711510933
220403,San Martin,El Eslabon,2012,0.622242,0.0,0.1564131575650219,0.0,498.1815038959074,13.132414711510933
220403,San Martin,El Eslabon,2013,0.613249,0.0,0.1564131575650219,0.0,498.1815038959074,13.132414711510933
220403,San Martin,El Eslabon,2014,0.615342,0.0,0.1564131575650219,0.0,498.1815038959074,13.132414711510933
220403,San Martin,El Eslabon,2015,0.613869,0.0,0.1564131575650219,0.0,498.1815038959074,13.132414711510933
220403,San Martin,El Eslabon,2016,0.611619,0.0,0.1564131575650219,0.0,498.1815038959074,13.132414711510933
220403,San Martin,El Eslabon,2017,0.594445,0.0,0.1564131575650219,0.0,498.1815038959074,13.132414711510933
220403,San Martin,El Eslabon,2018,0.584975,0.0,0.1564131575650219,0.0,498.1815038959074,13.132414711510933
220403,San Martin,El Eslabon,2019,0.574452,0.0,0.1564131575650219,0.0,498.1815038959074,13.132414711510933
220403,San Martin,El Eslabon,2020,0.572251,0.0,0.1564131575650219,0.0,498.1815038959074,13.132414711510933
220403,San Martin,El Eslabon,2021,0.58222,0.0,0.1564131575650219,0.0,498.1815038959074,13.132414711510933
220403,San Martin,El Eslabon,2022,0.589133,0.0,0.1564131575650219,0.0,498.1815038959074,13.132414711510933
220403,San Martin,El Eslabon,2023,0.603858,0.0,0.1564131575650219,0.0,498.1815038959074,13.132414711510933
220403,San Martin,El Eslabon,2024,0.626614,0.0,0.1564131575650219,0.0,498.1815038959074,13.132414711510933
220404,San Martin,Piscoyacu,1985,0.316963,0.0,0.4287104514627561,0.0,625.347656844281,13.709944614259216
220404,San Martin,Piscoyacu,1986,0.316697,0.0,0.4287104514627561,0.0,625.347656844281,13.709944614259216
220404,San Martin,Piscoyacu,1987,0.320815,0.0,0.4287104514627561,0.0,625.347656844281,13.709944614259216
220404,San Martin,Piscoyacu,1988,0.343205,0.0,0.4287104514627561,0.0,625.347656844281,13.709944614259216
220404,San Martin,Piscoyacu,1989,0.351308,0.0,0.4287104514627561,0.0,625.347656844281,13.709944614259216
220404,San Martin,Piscoyacu,1990,0.361674,0.0,0.4287104514627561,0.0,625.347656844281,13.709944614259216
220404,San Martin,Piscoyacu,1991,0.36513,0.0,0.4287104514627561,0.0,625.347656844281,13.709944614259216
220404,San Martin,Piscoyacu,1992,0.361763,0.0,0.4287104514627561,0.0,625.347656844281,13.709944614259216
220404,San Martin,Piscoyacu,1993,0.363397,0.0,0.4287104514627561,0.0,625.347656844281,13.709944614259216
220404,San Martin,Piscoyacu,1994,0.37079,0.0,0.4287104514627561,0.0,625.347656844281,13.709944614259216
220404,San Martin,Piscoyacu,1995,0.376627,0.0,0.4287104514627561,0.0,625.347656844281,13.709944614259216
220404,San Martin,Piscoyacu,1996,0.381135,0.0,0.4287104514627561,0.0,625.347656844281,13.709944614259216
220404,San Martin,Piscoyacu,1997,0.393347,0.0,0.4287104514627561,0.0,625.347656844281,13.709944614259216
220404,San Martin,Piscoyacu,1998,0.403989,0.0,0.4287104514627561,0.0,625.347656844281,13.709944614259216
220404,San Martin,Piscoyacu,1999,0.408083,0.0,0.4287104514627561,0.0,625.347656844281,13.709944614259216
220404,San Martin,Piscoyacu,2000,0.42067,0.0,0.4287104514627561,0.0,625.347656844281,13.709944614259216
220404,San Martin,Piscoyacu,2001,0.429678,0.0,0.4287104514627561,0.0,625.347656844281,13.709944614259216
220404,San Martin,Piscoyacu,2002,0.443845,0.0,0.4287104514627561,0.0,625.347656844281,13.709944614259216
220404,San Martin,Piscoyacu,2003,0.476645,0.0,0.4287104514627561,0.0,625.347656844281,13.709944614259216
220404,San Martin,Piscoyacu,2004,0.489208,0.0,0.4287104514627561,0.0,625.347656844281,13.709944614259216
220404,San Martin,Piscoyacu,2005,0.516417,0.0,0.4287104514627561,0.0,625.347656844281,13.709944614259216
220404,San Martin,Piscoyacu,2006,0.513183,0.0,0.4287104514627561,0.0,625.347656844281,13.709944614259216
220404,San Martin,Piscoyacu,2007,0.521079,0.0,0.4287104514627561,0.0,625.347656844281,13.709944614259216
220404,San Martin,Piscoyacu,2008,0.518205,0.0,0.4287104514627561,0.0,625.347656844281,13.709944614259216
220404,San Martin,Piscoyacu,2009,0.543508,0.0,0.4287104514627561,0.0,625.347656844281,13.709944614259216
220404,San Martin,Piscoyacu,2010,0.565498,0.0,0.4287104514627561,0.0,625.347656844281,13.709944614259216
220404,San Martin,Piscoyacu,2011,0.581438,0.0,0.4287104514627561,0.0,625.347656844281,13.709944614259216
220404,San Martin,Piscoyacu,2012,0.589769,0.0,0.4287104514627561,0.0,625.347656844281,13.709944614259216
220404,San Martin,Piscoyacu,2013,0.589063,0.0,0.4287104514627561,0.0,625.347656844281,13.709944614259216
220404,San Martin,Piscoyacu,2014,0.598268,0.0,0.4287104514627561,0.0,625.347656844281,13.709944614259216
220404,San Martin,Piscoyacu,2015,0.600199,0.0,0.4287104514627561,0.0,625.347656844281,13.709944614259216
220404,San Martin,Piscoyacu,2016,0.616658,0.0,0.4287104514627561,0.0,625.347656844281,13.709944614259216
220404,San Martin,Piscoyacu,2017,0.604569,0.0,0.4287104514627561,0.0,625.347656844281,13.709944614259216
220404,San Martin,Piscoyacu,2018,0.589186,0.0,0.4287104514627561,0.0,625.347656844281,13.709944614259216
220404,San Martin,Piscoyacu,2019,0.572599,0.0,0.4287104514627561,0.0,625.347656844281,13.709944614259216
220404,San Martin,Piscoyacu,2020,0.581789,0.0,0.4287104514627561,0.0,625.347656844281,13.709944614259216
220404,San Martin,Piscoyacu,2021,0.596342,0.0,0.4287104514627561,0.0,625.347656844281,13.709944614259216
220404,San Martin,Piscoyacu,2022,0.615976,0.0,0.4287104514627561,0.0,625.347656844281,13.709944614259216
220404,San Martin,Piscoyacu,2023,0.630109,0.0,0.4287104514627561,0.0,625.347656844281,13.709944614259216
220404,San Martin,Piscoyacu,2024,0.643151,0.0,0.4287104514627561,0.0,625.347656844281,13.709944614259216
220405,San Martin,Sacanche,1985,0.436159,0.0,0.3021163673072444,0.0,519.2969666235325,14.62604030548538
220405,San Martin,Sacanche,1986,0.435846,0.0,0.3021163673072444,0.0,519.2969666235325,14.62604030548538
220405,San Martin,Sacanche,1987,0.460287,0.0,0.3021163673072444,0.0,519.2969666235325,14.62604030548538
220405,San Martin,Sacanche,1988,0.495533,0.0,0.3021163673072444,0.0,519.2969666235325,14.62604030548538
220405,San Martin,Sacanche,1989,0.520024,0.0,0.3021163673072444,0.0,519.2969666235325,14.62604030548538
220405,San Martin,Sacanche,1990,0.521494,0.0,0.3021163673072444,0.0,519.2969666235325,14.62604030548538
220405,San Martin,Sacanche,1991,0.517735,0.0,0.3021163673072444,0.0,519.2969666235325,14.62604030548538
220405,San Martin,Sacanche,1992,0.513302,0.0,0.3021163673072444,0.0,519.2969666235325,14.62604030548538
220405,San Martin,Sacanche,1993,0.518032,0.0,0.3021163673072444,0.0,519.2969666235325,14.62604030548538
220405,San Martin,Sacanche,1994,0.520995,0.0,0.3021163673072444,0.0,519.2969666235325,14.62604030548538
220405,San Martin,Sacanche,1995,0.521,0.0,0.3021163673072444,0.0,519.2969666235325,14.62604030548538
220405,San Martin,Sacanche,1996,0.532985,0.0,0.3021163673072444,0.0,519.2969666235325,14.62604030548538
220405,San Martin,Sacanche,1997,0.545348,0.0,0.3021163673072444,0.0,519.2969666235325,14.62604030548538
220405,San Martin,Sacanche,1998,0.553069,0.0,0.3021163673072444,0.0,519.2969666235325,14.62604030548538
220405,San Martin,Sacanche,1999,0.556208,0.0,0.3021163673072444,0.0,519.2969666235325,14.62604030548538
220405,San Martin,Sacanche,2000,0.566162,0.0,0.3021163673072444,0.0,519.2969666235325,14.62604030548538
220405,San Martin,Sacanche,2001,0.581522,0.0,0.3021163673072444,0.0,519.2969666235325,14.62604030548538
220405,San Martin,Sacanche,2002,0.593413,0.0,0.3021163673072444,0.0,519.2969666235325,14.62604030548538
220405,San Martin,Sacanche,2003,0.61426,0.0,0.3021163673072444,0.0,519.2969666235325,14.62604030548538
220405,San Martin,Sacanche,2004,0.620406,0.0,0.3021163673072444,0.0,519.2969666235325,14.62604030548538
220405,San Martin,Sacanche,2005,0.648183,0.0,0.3021163673072444,0.0,519.2969666235325,14.62604030548538
220405,San Martin,Sacanche,2006,0.637795,0.0,0.3021163673072444,0.0,519.2969666235325,14.62604030548538
220405,San Martin,Sacanche,2007,0.642586,0.0,0.3021163673072444,0.0,519.2969666235325,14.62604030548538
220405,San Martin,Sacanche,2008,0.632533,0.0,0.3021163673072444,0.0,519.2969666235325,14.62604030548538
220405,San Martin,Sacanche,2009,0.641944,0.0,0.3021163673072444,0.0,519.2969666235325,14.62604030548538
220405,San Martin,Sacanche,2010,0.654346,0.0,0.3021163673072444,0.0,519.2969666235325,14.62604030548538
220405,San Martin,Sacanche,2011,0.663866,0.0,0.3021163673072444,0.0,519.2969666235325,14.62604030548538
220405,San Martin,Sacanche,2012,0.679396,0.0,0.3021163673072444,0.0,519.2969666235325,14.62604030548538
220405,San Martin,Sacanche,2013,0.671236,0.0,0.3021163673072444,0.0,519.2969666235325,14.62604030548538
220405,San Martin,Sacanche,2014,0.665957,0.0,0.3021163673072444,0.0,519.2969666235325,14.62604030548538
220405,San Martin,Sacanche,2015,0.655492,0.0,0.3021163673072444,0.0,519.2969666235325,14.62604030548538
220405,San Martin,Sacanche,2016,0.658752,0.0,0.3021163673072444,0.0,519.2969666235325,14.62604030548538
220405,San Martin,Sacanche,2017,0.624532,0.0,0.3021163673072444,0.0,519.2969666235325,14.62604030548538
220405,San Martin,Sacanche,2018,0.612992,0.0,0.3021163673072444,0.0,519.2969666235325,14.62604030548538
220405,San Martin,Sacanche,2019,0.600256,0.0,0.3021163673072444,0.0,519.2969666235325,14.62604030548538
220405,San Martin,Sacanche,2020,0.597578,0.0,0.3021163673072444,0.0,519.2969666235325,14.62604030548538
220405,San Martin,Sacanche,2021,0.614457,0.0,0.3021163673072444,0.0,519.2969666235325,14.62604030548538
220405,San Martin,Sacanche,2022,0.632352,0.0,0.3021163673072444,0.0,519.2969666235325,14.62604030548538
220405,San Martin,Sacanche,2023,0.654691,0.0,0.3021163673072444,0.0,519.2969666235325,14.62604030548538
220405,San Martin,Sacanche,2024,0.669107,0.0,0.3021163673072444,0.0,519.2969666235325,14.62604030548538
220406,San Martin,Tingo De Saposoa,1985,0.537971,0.0,0.396889914763085,0.115968363647522,351.71266745666713,11.347344800672431
220406,San Martin,Tingo De Saposoa,1986,0.537763,0.0,0.396889914763085,0.115968363647522,351.71266745666713,11.347344800672431
220406,San Martin,Tingo De Saposoa,1987,0.550392,0.0,0.396889914763085,0.115968363647522,351.71266745666713,11.347344800672431
220406,San Martin,Tingo De Saposoa,1988,0.591625,0.0,0.396889914763085,0.115968363647522,351.71266745666713,11.347344800672431
220406,San Martin,Tingo De Saposoa,1989,0.622157,0.0,0.396889914763085,0.115968363647522,351.71266745666713,11.347344800672431
220406,San Martin,Tingo De Saposoa,1990,0.619,0.0,0.396889914763085,0.115968363647522,351.71266745666713,11.347344800672431
220406,San Martin,Tingo De Saposoa,1991,0.600302,0.0,0.396889914763085,0.115968363647522,351.71266745666713,11.347344800672431
220406,San Martin,Tingo De Saposoa,1992,0.576954,0.0,0.396889914763085,0.115968363647522,351.71266745666713,11.347344800672431
220406,San Martin,Tingo De Saposoa,1993,0.587371,0.0,0.396889914763085,0.115968363647522,351.71266745666713,11.347344800672431
220406,San Martin,Tingo De Saposoa,1994,0.588109,0.0,0.396889914763085,0.115968363647522,351.71266745666713,11.347344800672431
220406,San Martin,Tingo De Saposoa,1995,0.577087,0.0,0.396889914763085,0.115968363647522,351.71266745666713,11.347344800672431
220406,San Martin,Tingo De Saposoa,1996,0.586237,0.0,0.396889914763085,0.115968363647522,351.71266745666713,11.347344800672431
220406,San Martin,Tingo De Saposoa,1997,0.595387,0.0,0.396889914763085,0.115968363647522,351.71266745666713,11.347344800672431
220406,San Martin,Tingo De Saposoa,1998,0.593478,0.0,0.396889914763085,0.115968363647522,351.71266745666713,11.347344800672431
220406,San Martin,Tingo De Saposoa,1999,0.600095,0.0,0.396889914763085,0.115968363647522,351.71266745666713,11.347344800672431
220406,San Martin,Tingo De Saposoa,2000,0.612383,0.0,0.396889914763085,0.115968363647522,351.71266745666713,11.347344800672431
220406,San Martin,Tingo De Saposoa,2001,0.613328,0.0,0.396889914763085,0.115968363647522,351.71266745666713,11.347344800672431
220406,San Martin,Tingo De Saposoa,2002,0.614255,0.0,0.396889914763085,0.115968363647522,351.71266745666713,11.347344800672431
220406,San Martin,Tingo De Saposoa,2003,0.620456,0.0,0.396889914763085,0.115968363647522,351.71266745666713,11.347344800672431
220406,San Martin,Tingo De Saposoa,2004,0.61951,0.0,0.396889914763085,0.115968363647522,351.71266745666713,11.347344800672431
220406,San Martin,Tingo De Saposoa,2005,0.644276,0.0,0.396889914763085,0.115968363647522,351.71266745666713,11.347344800672431
220406,San Martin,Tingo De Saposoa,2006,0.634918,0.0,0.396889914763085,0.115968363647522,351.71266745666713,11.347344800672431
220406,San Martin,Tingo De Saposoa,2007,0.641025,0.0,0.396889914763085,0.115968363647522,351.71266745666713,11.347344800672431
220406,San Martin,Tingo De Saposoa,2008,0.628982,0.0,0.396889914763085,0.115968363647522,351.71266745666713,11.347344800672431
220406,San Martin,Tingo De Saposoa,2009,0.635032,0.0,0.396889914763085,0.115968363647522,351.71266745666713,11.347344800672431
220406,San Martin,Tingo De Saposoa,2010,0.670082,0.0,0.396889914763085,0.115968363647522,351.71266745666713,11.347344800672431
220406,San Martin,Tingo De Saposoa,2011,0.688118,0.0,0.396889914763085,0.115968363647522,351.71266745666713,11.347344800672431
220406,San Martin,Tingo De Saposoa,2012,0.678722,0.0,0.396889914763085,0.115968363647522,351.71266745666713,11.347344800672431
220406,San Martin,Tingo De Saposoa,2013,0.65906,0.0,0.396889914763085,0.115968363647522,351.71266745666713,11.347344800672431
220406,San Martin,Tingo De Saposoa,2014,0.640268,0.0,0.396889914763085,0.115968363647522,351.71266745666713,11.347344800672431
220406,San Martin,Tingo De Saposoa,2015,0.615578,0.0,0.396889914763085,0.115968363647522,351.71266745666713,11.347344800672431
220406,San Martin,Tingo De Saposoa,2016,0.629455,0.0,0.396889914763085,0.115968363647522,351.71266745666713,11.347344800672431
220406,San Martin,Tingo De Saposoa,2017,0.59845,0.0,0.396889914763085,0.115968363647522,351.71266745666713,11.347344800672431
220406,San Martin,Tingo De Saposoa,2018,0.592835,0.0,0.396889914763085,0.115968363647522,351.71266745666713,11.347344800672431
220406,San Martin,Tingo De Saposoa,2019,0.591171,0.0,0.396889914763085,0.115968363647522,351.71266745666713,11.347344800672431
220406,San Martin,Tingo De Saposoa,2020,0.58618,0.0,0.396889914763085,0.115968363647522,351.71266745666713,11.347344800672431
220406,San Martin,Tingo De Saposoa,2021,0.58894,0.0,0.396889914763085,0.115968363647522,351.71266745666713,11.347344800672431
220406,San Martin,Tingo De Saposoa,2022,0.611097,0.0,0.396889914763085,0.115968363647522,351.71266745666713,11.347344800672431
220406,San Martin,Tingo De Saposoa,2023,0.616826,0.0,0.396889914763085,0.115968363647522,351.71266745666713,11.347344800672431
220406,San Martin,Tingo De Saposoa,2024,0.624917,0.0,0.396889914763085,0.115968363647522,351.71266745666713,11.347344800672431
220501,San Martin,Lamas,1985,0.410376,0.0,0.5349848499969997,0.0482386601808269,666.9343310578214,11.7498140447889
220501,San Martin,Lamas,1986,0.410383,0.0,0.5349848499969997,0.0482386601808269,666.9343310578214,11.7498140447889
220501,San Martin,Lamas,1987,0.487296,0.0,0.5349848499969997,0.0482386601808269,666.9343310578214,11.7498140447889
220501,San Martin,Lamas,1988,0.560638,0.0,0.5349848499969997,0.0482386601808269,666.9343310578214,11.7498140447889
220501,San Martin,Lamas,1989,0.541484,0.0,0.5349848499969997,0.0482386601808269,666.9343310578214,11.7498140447889
220501,San Martin,Lamas,1990,0.556979,0.0,0.5349848499969997,0.0482386601808269,666.9343310578214,11.7498140447889
220501,San Martin,Lamas,1991,0.573401,0.0,0.5349848499969997,0.0482386601808269,666.9343310578214,11.7498140447889
220501,San Martin,Lamas,1992,0.563377,0.0,0.5349848499969997,0.0482386601808269,666.9343310578214,11.7498140447889
220501,San Martin,Lamas,1993,0.535779,0.0,0.5349848499969997,0.0482386601808269,666.9343310578214,11.7498140447889
220501,San Martin,Lamas,1994,0.544113,0.0,0.5349848499969997,0.0482386601808269,666.9343310578214,11.7498140447889
220501,San Martin,Lamas,1995,0.565925,0.0,0.5349848499969997,0.0482386601808269,666.9343310578214,11.7498140447889
220501,San Martin,Lamas,1996,0.57176,0.0,0.5349848499969997,0.0482386601808269,666.9343310578214,11.7498140447889
220501,San Martin,Lamas,1997,0.583383,0.0,0.5349848499969997,0.0482386601808269,666.9343310578214,11.7498140447889
220501,San Martin,Lamas,1998,0.623868,0.0,0.5349848499969997,0.0482386601808269,666.9343310578214,11.7498140447889
220501,San Martin,Lamas,1999,0.642089,0.0,0.5349848499969997,0.0482386601808269,666.9343310578214,11.7498140447889
220501,San Martin,Lamas,2000,0.651137,0.0,0.5349848499969997,0.0482386601808269,666.9343310578214,11.7498140447889
220501,San Martin,Lamas,2001,0.622234,0.0,0.5349848499969997,0.0482386601808269,666.9343310578214,11.7498140447889
220501,San Martin,Lamas,2002,0.605792,0.0,0.5349848499969997,0.0482386601808269,666.9343310578214,11.7498140447889
220501,San Martin,Lamas,2003,0.613769,0.0,0.5349848499969997,0.0482386601808269,666.9343310578214,11.7498140447889
220501,San Martin,Lamas,2004,0.600698,0.0,0.5349848499969997,0.0482386601808269,666.9343310578214,11.7498140447889
220501,San Martin,Lamas,2005,0.601322,0.0,0.5349848499969997,0.0482386601808269,666.9343310578214,11.7498140447889
220501,San Martin,Lamas,2006,0.604062,0.0,0.5349848499969997,0.0482386601808269,666.9343310578214,11.7498140447889
220501,San Martin,Lamas,2007,0.600492,0.0,0.5349848499969997,0.0482386601808269,666.9343310578214,11.7498140447889
220501,San Martin,Lamas,2008,0.590036,0.0,0.5349848499969997,0.0482386601808269,666.9343310578214,11.7498140447889
220501,San Martin,Lamas,2009,0.59237,0.0,0.5349848499969997,0.0482386601808269,666.9343310578214,11.7498140447889
220501,San Martin,Lamas,2010,0.599311,0.0,0.5349848499969997,0.0482386601808269,666.9343310578214,11.7498140447889
220501,San Martin,Lamas,2011,0.591848,0.0,0.5349848499969997,0.0482386601808269,666.9343310578214,11.7498140447889
220501,San Martin,Lamas,2012,0.610391,0.0,0.5349848499969997,0.0482386601808269,666.9343310578214,11.7498140447889
220501,San Martin,Lamas,2013,0.614765,0.0,0.5349848499969997,0.0482386601808269,666.9343310578214,11.7498140447889
220501,San Martin,Lamas,2014,0.605702,0.0,0.5349848499969997,0.0482386601808269,666.9343310578214,11.7498140447889
220501,San Martin,Lamas,2015,0.609458,0.0,0.5349848499969997,0.0482386601808269,666.9343310578214,11.7498140447889
220501,San Martin,Lamas,2016,0.577939,0.0,0.5349848499969997,0.0482386601808269,666.9343310578214,11.7498140447889
220501,San Martin,Lamas,2017,0.551267,0.0,0.5349848499969997,0.0482386601808269,666.9343310578214,11.7498140447889
220501,San Martin,Lamas,2018,0.532277,0.0,0.5349848499969997,0.0482386601808269,666.9343310578214,11.7498140447889
220501,San Martin,Lamas,2019,0.482298,0.0,0.5349848499969997,0.0482386601808269,666.9343310578214,11.7498140447889
220501,San Martin,Lamas,2020,0.464331,0.0,0.5349848499969997,0.0482386601808269,666.9343310578214,11.7498140447889
220501,San Martin,Lamas,2021,0.478014,0.0,0.5349848499969997,0.0482386601808269,666.9343310578214,11.7498140447889
220501,San Martin,Lamas,2022,0.492946,0.0,0.5349848499969997,0.0482386601808269,666.9343310578214,11.7498140447889
220501,San Martin,Lamas,2023,0.512739,0.0,0.5349848499969997,0.0482386601808269,666.9343310578214,11.7498140447889
220501,San Martin,Lamas,2024,0.530197,0.0,0.5349848499969997,0.0482386601808269,666.9343310578214,11.7498140447889
220502,San Martin,Alonso De Alvarado,1985,0.202235,0.0,0.2419452074753492,0.0262978103047101,1241.415865376954,16.75566845258853
220502,San Martin,Alonso De Alvarado,1986,0.202235,0.0,0.2419452074753492,0.0262978103047101,1241.415865376954,16.75566845258853
220502,San Martin,Alonso De Alvarado,1987,0.23572,0.0,0.2419452074753492,0.0262978103047101,1241.415865376954,16.75566845258853
220502,San Martin,Alonso De Alvarado,1988,0.272933,0.0,0.2419452074753492,0.0262978103047101,1241.415865376954,16.75566845258853
220502,San Martin,Alonso De Alvarado,1989,0.274325,0.0,0.2419452074753492,0.0262978103047101,1241.415865376954,16.75566845258853
220502,San Martin,Alonso De Alvarado,1990,0.288512,0.0,0.2419452074753492,0.0262978103047101,1241.415865376954,16.75566845258853
220502,San Martin,Alonso De Alvarado,1991,0.302866,0.0,0.2419452074753492,0.0262978103047101,1241.415865376954,16.75566845258853
220502,San Martin,Alonso De Alvarado,1992,0.310147,0.0,0.2419452074753492,0.0262978103047101,1241.415865376954,16.75566845258853
220502,San Martin,Alonso De Alvarado,1993,0.334902,0.0,0.2419452074753492,0.0262978103047101,1241.415865376954,16.75566845258853
220502,San Martin,Alonso De Alvarado,1994,0.360647,0.0,0.2419452074753492,0.0262978103047101,1241.415865376954,16.75566845258853
220502,San Martin,Alonso De Alvarado,1995,0.37703,0.0,0.2419452074753492,0.0262978103047101,1241.415865376954,16.75566845258853
220502,San Martin,Alonso De Alvarado,1996,0.383,0.0,0.2419452074753492,0.0262978103047101,1241.415865376954,16.75566845258853
220502,San Martin,Alonso De Alvarado,1997,0.404671,0.0,0.2419452074753492,0.0262978103047101,1241.415865376954,16.75566845258853
220502,San Martin,Alonso De Alvarado,1998,0.442179,0.0,0.2419452074753492,0.0262978103047101,1241.415865376954,16.75566845258853
220502,San Martin,Alonso De Alvarado,1999,0.455627,0.0,0.2419452074753492,0.0262978103047101,1241.415865376954,16.75566845258853
220502,San Martin,Alonso De Alvarado,2000,0.463073,0.0,0.2419452074753492,0.0262978103047101,1241.415865376954,16.75566845258853
220502,San Martin,Alonso De Alvarado,2001,0.453377,0.0,0.2419452074753492,0.0262978103047101,1241.415865376954,16.75566845258853
220502,San Martin,Alonso De Alvarado,2002,0.433728,0.0,0.2419452074753492,0.0262978103047101,1241.415865376954,16.75566845258853
220502,San Martin,Alonso De Alvarado,2003,0.434754,0.0,0.2419452074753492,0.0262978103047101,1241.415865376954,16.75566845258853
220502,San Martin,Alonso De Alvarado,2004,0.443897,0.0,0.2419452074753492,0.0262978103047101,1241.415865376954,16.75566845258853
220502,San Martin,Alonso De Alvarado,2005,0.46184,0.0,0.2419452074753492,0.0262978103047101,1241.415865376954,16.75566845258853
220502,San Martin,Alonso De Alvarado,2006,0.480325,0.0,0.2419452074753492,0.0262978103047101,1241.415865376954,16.75566845258853
220502,San Martin,Alonso De Alvarado,2007,0.498382,0.0,0.2419452074753492,0.0262978103047101,1241.415865376954,16.75566845258853
220502,San Martin,Alonso De Alvarado,2008,0.497842,0.0,0.2419452074753492,0.0262978103047101,1241.415865376954,16.75566845258853
220502,San Martin,Alonso De Alvarado,2009,0.492844,0.0,0.2419452074753492,0.0262978103047101,1241.415865376954,16.75566845258853
220502,San Martin,Alonso De Alvarado,2010,0.48892,0.0,0.2419452074753492,0.0262978103047101,1241.415865376954,16.75566845258853
220502,San Martin,Alonso De Alvarado,2011,0.474931,0.0,0.2419452074753492,0.0262978103047101,1241.415865376954,16.75566845258853
220502,San Martin,Alonso De Alvarado,2012,0.492376,0.0,0.2419452074753492,0.0262978103047101,1241.415865376954,16.75566845258853
220502,San Martin,Alonso De Alvarado,2013,0.502068,0.0,0.2419452074753492,0.0262978103047101,1241.415865376954,16.75566845258853
220502,San Martin,Alonso De Alvarado,2014,0.498595,0.0,0.2419452074753492,0.0262978103047101,1241.415865376954,16.75566845258853
220502,San Martin,Alonso De Alvarado,2015,0.481297,0.0,0.2419452074753492,0.0262978103047101,1241.415865376954,16.75566845258853
220502,San Martin,Alonso De Alvarado,2016,0.485167,0.0,0.2419452074753492,0.0262978103047101,1241.415865376954,16.75566845258853
220502,San Martin,Alonso De Alvarado,2017,0.484639,0.0,0.2419452074753492,0.0262978103047101,1241.415865376954,16.75566845258853
220502,San Martin,Alonso De Alvarado,2018,0.470396,0.0,0.2419452074753492,0.0262978103047101,1241.415865376954,16.75566845258853
220502,San Martin,Alonso De Alvarado,2019,0.440949,0.0,0.2419452074753492,0.0262978103047101,1241.415865376954,16.75566845258853
220502,San Martin,Alonso De Alvarado,2020,0.435273,0.0,0.2419452074753492,0.0262978103047101,1241.415865376954,16.75566845258853
220502,San Martin,Alonso De Alvarado,2021,0.451352,0.0,0.2419452074753492,0.0262978103047101,1241.415865376954,16.75566845258853
220502,San Martin,Alonso De Alvarado,2022,0.463574,0.0,0.2419452074753492,0.0262978103047101,1241.415865376954,16.75566845258853
220502,San Martin,Alonso De Alvarado,2023,0.486289,0.0,0.2419452074753492,0.0262978103047101,1241.415865376954,16.75566845258853
220502,San Martin,Alonso De Alvarado,2024,0.496507,0.0,0.2419452074753492,0.0262978103047101,1241.415865376954,16.75566845258853
220503,San Martin,Barranquita,1985,0.143859,0.0,0.0495178684294539,0.0,295.77149734773707,8.565092411586992
220503,San Martin,Barranquita,1986,0.144078,0.0,0.0495178684294539,0.0,295.77149734773707,8.565092411586992
220503,San Martin,Barranquita,1987,0.157291,0.0,0.0495178684294539,0.0,295.77149734773707,8.565092411586992
220503,San Martin,Barranquita,1988,0.173894,0.0,0.0495178684294539,0.0,295.77149734773707,8.565092411586992
220503,San Martin,Barranquita,1989,0.178041,0.0,0.0495178684294539,0.0,295.77149734773707,8.565092411586992
220503,San Martin,Barranquita,1990,0.187817,0.0,0.0495178684294539,0.0,295.77149734773707,8.565092411586992
220503,San Martin,Barranquita,1991,0.191005,0.0,0.0495178684294539,0.0,295.77149734773707,8.565092411586992
220503,San Martin,Barranquita,1992,0.192196,0.0,0.0495178684294539,0.0,295.77149734773707,8.565092411586992
220503,San Martin,Barranquita,1993,0.189468,0.0,0.0495178684294539,0.0,295.77149734773707,8.565092411586992
220503,San Martin,Barranquita,1994,0.189155,0.0,0.0495178684294539,0.0,295.77149734773707,8.565092411586992
220503,San Martin,Barranquita,1995,0.185648,0.0,0.0495178684294539,0.0,295.77149734773707,8.565092411586992
220503,San Martin,Barranquita,1996,0.191662,0.0,0.0495178684294539,0.0,295.77149734773707,8.565092411586992
220503,San Martin,Barranquita,1997,0.198658,0.0,0.0495178684294539,0.0,295.77149734773707,8.565092411586992
220503,San Martin,Barranquita,1998,0.203904,0.0,0.0495178684294539,0.0,295.77149734773707,8.565092411586992
220503,San Martin,Barranquita,1999,0.213184,0.0,0.0495178684294539,0.0,295.77149734773707,8.565092411586992
220503,San Martin,Barranquita,2000,0.220765,0.0,0.0495178684294539,0.0,295.77149734773707,8.565092411586992
220503,San Martin,Barranquita,2001,0.229004,0.0,0.0495178684294539,0.0,295.77149734773707,8.565092411586992
220503,San Martin,Barranquita,2002,0.232761,0.0,0.0495178684294539,0.0,295.77149734773707,8.565092411586992
220503,San Martin,Barranquita,2003,0.235041,0.0,0.0495178684294539,0.0,295.77149734773707,8.565092411586992
220503,San Martin,Barranquita,2004,0.244776,0.0,0.0495178684294539,0.0,295.77149734773707,8.565092411586992
220503,San Martin,Barranquita,2005,0.248887,0.234862,0.0495178684294539,0.0,295.77149734773707,8.565092411586992
220503,San Martin,Barranquita,2006,0.25131,0.234862,0.0495178684294539,0.0,295.77149734773707,8.565092411586992
220503,San Martin,Barranquita,2007,0.257376,0.234862,0.0495178684294539,0.0,295.77149734773707,8.565092411586992
220503,San Martin,Barranquita,2008,0.262717,0.234862,0.0495178684294539,0.0,295.77149734773707,8.565092411586992
220503,San Martin,Barranquita,2009,0.288464,0.234862,0.0495178684294539,0.0,295.77149734773707,8.565092411586992
220503,San Martin,Barranquita,2010,0.302698,0.234862,0.0495178684294539,0.0,295.77149734773707,8.565092411586992
220503,San Martin,Barranquita,2011,0.299749,0.234862,0.0495178684294539,0.0,295.77149734773707,8.565092411586992
220503,San Martin,Barranquita,2012,0.300501,0.234862,0.0495178684294539,0.0,295.77149734773707,8.565092411586992
220503,San Martin,Barranquita,2013,0.305004,0.234862,0.0495178684294539,0.0,295.77149734773707,8.565092411586992
220503,San Martin,Barranquita,2014,0.302611,0.234862,0.0495178684294539,0.0,295.77149734773707,8.565092411586992
220503,San Martin,Barranquita,2015,0.304687,0.234862,0.0495178684294539,0.0,295.77149734773707,8.565092411586992
220503,San Martin,Barranquita,2016,0.306907,0.234862,0.0495178684294539,0.0,295.77149734773707,8.565092411586992
220503,San Martin,Barranquita,2017,0.312758,0.234862,0.0495178684294539,0.0,295.77149734773707,8.565092411586992
220503,San Martin,Barranquita,2018,0.310133,0.234862,0.0495178684294539,0.0,295.77149734773707,8.565092411586992
220503,San Martin,Barranquita,2019,0.305404,0.234862,0.0495178684294539,0.0,295.77149734773707,8.565092411586992
220503,San Martin,Barranquita,2020,0.309147,0.234862,0.0495178684294539,0.0,295.77149734773707,8.565092411586992
220503,San Martin,Barranquita,2021,0.312689,0.234862,0.0495178684294539,0.0,295.77149734773707,8.565092411586992
220503,San Martin,Barranquita,2022,0.325068,0.234862,0.0495178684294539,0.0,295.77149734773707,8.565092411586992
220503,San Martin,Barranquita,2023,0.332848,0.234862,0.0495178684294539,0.0,295.77149734773707,8.565092411586992
220503,San Martin,Barranquita,2024,0.359214,0.234862,0.0495178684294539,0.0,295.77149734773707,8.565092411586992
220504,San Martin,Caynarachi,1985,0.112062,0.0,0.0911469844490868,0.0,373.8554154506501,12.326034651011437
220504,San Martin,Caynarachi,1986,0.112057,0.0,0.0911469844490868,0.0,373.8554154506501,12.326034651011437
220504,San Martin,Caynarachi,1987,0.124693,0.0,0.0911469844490868,0.0,373.8554154506501,12.326034651011437
220504,San Martin,Caynarachi,1988,0.130054,0.0,0.0911469844490868,0.0,373.8554154506501,12.326034651011437
220504,San Martin,Caynarachi,1989,0.129185,0.0,0.0911469844490868,0.0,373.8554154506501,12.326034651011437
220504,San Martin,Caynarachi,1990,0.135867,0.0,0.0911469844490868,0.0,373.8554154506501,12.326034651011437
220504,San Martin,Caynarachi,1991,0.135098,0.0,0.0911469844490868,0.0,373.8554154506501,12.326034651011437
220504,San Martin,Caynarachi,1992,0.130307,0.0,0.0911469844490868,0.0,373.8554154506501,12.326034651011437
220504,San Martin,Caynarachi,1993,0.133535,0.0,0.0911469844490868,0.0,373.8554154506501,12.326034651011437
220504,San Martin,Caynarachi,1994,0.129583,0.0,0.0911469844490868,0.0,373.8554154506501,12.326034651011437
220504,San Martin,Caynarachi,1995,0.129878,0.0,0.0911469844490868,0.0,373.8554154506501,12.326034651011437
220504,San Martin,Caynarachi,1996,0.132245,0.0,0.0911469844490868,0.0,373.8554154506501,12.326034651011437
220504,San Martin,Caynarachi,1997,0.129754,0.0,0.0911469844490868,0.0,373.8554154506501,12.326034651011437
220504,San Martin,Caynarachi,1998,0.126201,0.0,0.0911469844490868,0.0,373.8554154506501,12.326034651011437
220504,San Martin,Caynarachi,1999,0.124748,0.0,0.0911469844490868,0.0,373.8554154506501,12.326034651011437
220504,San Martin,Caynarachi,2000,0.123686,0.0,0.0911469844490868,0.0,373.8554154506501,12.326034651011437
220504,San Martin,Caynarachi,2001,0.132587,0.0,0.0911469844490868,0.0,373.8554154506501,12.326034651011437
220504,San Martin,Caynarachi,2002,0.13654,0.0,0.0911469844490868,0.0,373.8554154506501,12.326034651011437
220504,San Martin,Caynarachi,2003,0.145355,0.0,0.0911469844490868,0.0,373.8554154506501,12.326034651011437
220504,San Martin,Caynarachi,2004,0.152004,0.0,0.0911469844490868,0.0,373.8554154506501,12.326034651011437
220504,San Martin,Caynarachi,2005,0.156782,0.375236,0.0911469844490868,0.0,373.8554154506501,12.326034651011437
220504,San Martin,Caynarachi,2006,0.167082,0.375236,0.0911469844490868,0.0,373.8554154506501,12.326034651011437
220504,San Martin,Caynarachi,2007,0.175318,0.375236,0.0911469844490868,0.0,373.8554154506501,12.326034651011437
220504,San Martin,Caynarachi,2008,0.182006,0.375236,0.0911469844490868,0.0,373.8554154506501,12.326034651011437
220504,San Martin,Caynarachi,2009,0.185968,0.375236,0.0911469844490868,0.0,373.8554154506501,12.326034651011437
220504,San Martin,Caynarachi,2010,0.194133,0.375236,0.0911469844490868,0.0,373.8554154506501,12.326034651011437
220504,San Martin,Caynarachi,2011,0.187851,0.375236,0.0911469844490868,0.0,373.8554154506501,12.326034651011437
220504,San Martin,Caynarachi,2012,0.191978,0.375236,0.0911469844490868,0.0,373.8554154506501,12.326034651011437
220504,San Martin,Caynarachi,2013,0.200628,0.375236,0.0911469844490868,0.0,373.8554154506501,12.326034651011437
220504,San Martin,Caynarachi,2014,0.199278,0.375236,0.0911469844490868,0.0,373.8554154506501,12.326034651011437
220504,San Martin,Caynarachi,2015,0.2012,0.375236,0.0911469844490868,0.0,373.8554154506501,12.326034651011437
220504,San Martin,Caynarachi,2016,0.20341,0.375236,0.0911469844490868,0.0,373.8554154506501,12.326034651011437
220504,San Martin,Caynarachi,2017,0.207532,0.375236,0.0911469844490868,0.0,373.8554154506501,12.326034651011437
220504,San Martin,Caynarachi,2018,0.207783,0.375236,0.0911469844490868,0.0,373.8554154506501,12.326034651011437
220504,San Martin,Caynarachi,2019,0.205777,0.375236,0.0911469844490868,0.0,373.8554154506501,12.326034651011437
220504,San Martin,Caynarachi,2020,0.208363,0.375236,0.0911469844490868,0.0,373.8554154506501,12.326034651011437
220504,San Martin,Caynarachi,2021,0.208735,0.375236,0.0911469844490868,0.0,373.8554154506501,12.326034651011437
220504,San Martin,Caynarachi,2022,0.216425,0.375236,0.0911469844490868,0.0,373.8554154506501,12.326034651011437
220504,San Martin,Caynarachi,2023,0.223149,0.375236,0.0911469844490868,0.0,373.8554154506501,12.326034651011437
220504,San Martin,Caynarachi,2024,0.237486,0.375236,0.0911469844490868,0.0,373.8554154506501,12.326034651011437
220505,San Martin,Cuñumbuqui,1985,0.431066,0.0,0.3583874381387696,0.1065729840734862,614.7638829858915,13.7082982906027
220505,San Martin,Cuñumbuqui,1986,0.431095,0.0,0.3583874381387696,0.1065729840734862,614.7638829858915,13.7082982906027
220505,San Martin,Cuñumbuqui,1987,0.492219,0.0,0.3583874381387696,0.1065729840734862,614.7638829858915,13.7082982906027
220505,San Martin,Cuñumbuqui,1988,0.542312,0.0,0.3583874381387696,0.1065729840734862,614.7638829858915,13.7082982906027
220505,San Martin,Cuñumbuqui,1989,0.551815,0.0,0.3583874381387696,0.1065729840734862,614.7638829858915,13.7082982906027
220505,San Martin,Cuñumbuqui,1990,0.554152,0.0,0.3583874381387696,0.1065729840734862,614.7638829858915,13.7082982906027
220505,San Martin,Cuñumbuqui,1991,0.553616,0.0,0.3583874381387696,0.1065729840734862,614.7638829858915,13.7082982906027
220505,San Martin,Cuñumbuqui,1992,0.566778,0.0,0.3583874381387696,0.1065729840734862,614.7638829858915,13.7082982906027
220505,San Martin,Cuñumbuqui,1993,0.583282,0.0,0.3583874381387696,0.1065729840734862,614.7638829858915,13.7082982906027
220505,San Martin,Cuñumbuqui,1994,0.578628,0.0,0.3583874381387696,0.1065729840734862,614.7638829858915,13.7082982906027
220505,San Martin,Cuñumbuqui,1995,0.595708,0.0,0.3583874381387696,0.1065729840734862,614.7638829858915,13.7082982906027
220505,San Martin,Cuñumbuqui,1996,0.6163,0.0,0.3583874381387696,0.1065729840734862,614.7638829858915,13.7082982906027
220505,San Martin,Cuñumbuqui,1997,0.621535,0.0,0.3583874381387696,0.1065729840734862,614.7638829858915,13.7082982906027
220505,San Martin,Cuñumbuqui,1998,0.630907,0.0,0.3583874381387696,0.1065729840734862,614.7638829858915,13.7082982906027
220505,San Martin,Cuñumbuqui,1999,0.621959,0.0,0.3583874381387696,0.1065729840734862,614.7638829858915,13.7082982906027
220505,San Martin,Cuñumbuqui,2000,0.617944,0.0,0.3583874381387696,0.1065729840734862,614.7638829858915,13.7082982906027
220505,San Martin,Cuñumbuqui,2001,0.631019,0.0,0.3583874381387696,0.1065729840734862,614.7638829858915,13.7082982906027
220505,San Martin,Cuñumbuqui,2002,0.654802,0.0,0.3583874381387696,0.1065729840734862,614.7638829858915,13.7082982906027
220505,San Martin,Cuñumbuqui,2003,0.652114,0.0,0.3583874381387696,0.1065729840734862,614.7638829858915,13.7082982906027
220505,San Martin,Cuñumbuqui,2004,0.639059,0.0,0.3583874381387696,0.1065729840734862,614.7638829858915,13.7082982906027
220505,San Martin,Cuñumbuqui,2005,0.63237,0.0,0.3583874381387696,0.1065729840734862,614.7638829858915,13.7082982906027
220505,San Martin,Cuñumbuqui,2006,0.650377,0.0,0.3583874381387696,0.1065729840734862,614.7638829858915,13.7082982906027
220505,San Martin,Cuñumbuqui,2007,0.663461,0.0,0.3583874381387696,0.1065729840734862,614.7638829858915,13.7082982906027
220505,San Martin,Cuñumbuqui,2008,0.663837,0.0,0.3583874381387696,0.1065729840734862,614.7638829858915,13.7082982906027
220505,San Martin,Cuñumbuqui,2009,0.6774,0.0,0.3583874381387696,0.1065729840734862,614.7638829858915,13.7082982906027
220505,San Martin,Cuñumbuqui,2010,0.689976,0.0,0.3583874381387696,0.1065729840734862,614.7638829858915,13.7082982906027
220505,San Martin,Cuñumbuqui,2011,0.692982,0.0,0.3583874381387696,0.1065729840734862,614.7638829858915,13.7082982906027
220505,San Martin,Cuñumbuqui,2012,0.699885,0.0,0.3583874381387696,0.1065729840734862,614.7638829858915,13.7082982906027
220505,San Martin,Cuñumbuqui,2013,0.693474,0.0,0.3583874381387696,0.1065729840734862,614.7638829858915,13.7082982906027
220505,San Martin,Cuñumbuqui,2014,0.685781,0.0,0.3583874381387696,0.1065729840734862,614.7638829858915,13.7082982906027
220505,San Martin,Cuñumbuqui,2015,0.680117,0.0,0.3583874381387696,0.1065729840734862,614.7638829858915,13.7082982906027
220505,San Martin,Cuñumbuqui,2016,0.665032,0.0,0.3583874381387696,0.1065729840734862,614.7638829858915,13.7082982906027
220505,San Martin,Cuñumbuqui,2017,0.653265,0.0,0.3583874381387696,0.1065729840734862,614.7638829858915,13.7082982906027
220505,San Martin,Cuñumbuqui,2018,0.648704,0.0,0.3583874381387696,0.1065729840734862,614.7638829858915,13.7082982906027
220505,San Martin,Cuñumbuqui,2019,0.64084,0.0,0.3583874381387696,0.1065729840734862,614.7638829858915,13.7082982906027
220505,San Martin,Cuñumbuqui,2020,0.637293,0.0,0.3583874381387696,0.1065729840734862,614.7638829858915,13.7082982906027
220505,San Martin,Cuñumbuqui,2021,0.651563,0.0,0.3583874381387696,0.1065729840734862,614.7638829858915,13.7082982906027
220505,San Martin,Cuñumbuqui,2022,0.662169,0.0,0.3583874381387696,0.1065729840734862,614.7638829858915,13.7082982906027
220505,San Martin,Cuñumbuqui,2023,0.670428,0.0,0.3583874381387696,0.1065729840734862,614.7638829858915,13.7082982906027
220505,San Martin,Cuñumbuqui,2024,0.679292,0.0,0.3583874381387696,0.1065729840734862,614.7638829858915,13.7082982906027
220506,San Martin,Pinto Recodo,1985,0.092655,0.0,0.0491224123982373,0.0450607171133446,1112.628085521398,17.7338493184701
220506,San Martin,Pinto Recodo,1986,0.092655,0.0,0.0491224123982373,0.0450607171133446,1112.628085521398,17.7338493184701
220506,San Martin,Pinto Recodo,1987,0.100762,0.0,0.0491224123982373,0.0450607171133446,1112.628085521398,17.7338493184701
220506,San Martin,Pinto Recodo,1988,0.125239,0.0,0.0491224123982373,0.0450607171133446,1112.628085521398,17.7338493184701
220506,San Martin,Pinto Recodo,1989,0.120256,0.0,0.0491224123982373,0.0450607171133446,1112.628085521398,17.7338493184701
220506,San Martin,Pinto Recodo,1990,0.127496,0.0,0.0491224123982373,0.0450607171133446,1112.628085521398,17.7338493184701
220506,San Martin,Pinto Recodo,1991,0.13194,0.0,0.0491224123982373,0.0450607171133446,1112.628085521398,17.7338493184701
220506,San Martin,Pinto Recodo,1992,0.134725,0.0,0.0491224123982373,0.0450607171133446,1112.628085521398,17.7338493184701
220506,San Martin,Pinto Recodo,1993,0.136669,0.0,0.0491224123982373,0.0450607171133446,1112.628085521398,17.7338493184701
220506,San Martin,Pinto Recodo,1994,0.147881,0.0,0.0491224123982373,0.0450607171133446,1112.628085521398,17.7338493184701
220506,San Martin,Pinto Recodo,1995,0.159037,0.0,0.0491224123982373,0.0450607171133446,1112.628085521398,17.7338493184701
220506,San Martin,Pinto Recodo,1996,0.163891,0.0,0.0491224123982373,0.0450607171133446,1112.628085521398,17.7338493184701
220506,San Martin,Pinto Recodo,1997,0.170514,0.0,0.0491224123982373,0.0450607171133446,1112.628085521398,17.7338493184701
220506,San Martin,Pinto Recodo,1998,0.188816,0.0,0.0491224123982373,0.0450607171133446,1112.628085521398,17.7338493184701
220506,San Martin,Pinto Recodo,1999,0.194483,0.0,0.0491224123982373,0.0450607171133446,1112.628085521398,17.7338493184701
220506,San Martin,Pinto Recodo,2000,0.198601,0.0,0.0491224123982373,0.0450607171133446,1112.628085521398,17.7338493184701
220506,San Martin,Pinto Recodo,2001,0.193984,0.0,0.0491224123982373,0.0450607171133446,1112.628085521398,17.7338493184701
220506,San Martin,Pinto Recodo,2002,0.185385,0.0,0.0491224123982373,0.0450607171133446,1112.628085521398,17.7338493184701
220506,San Martin,Pinto Recodo,2003,0.189726,0.0,0.0491224123982373,0.0450607171133446,1112.628085521398,17.7338493184701
220506,San Martin,Pinto Recodo,2004,0.192618,0.0,0.0491224123982373,0.0450607171133446,1112.628085521398,17.7338493184701
220506,San Martin,Pinto Recodo,2005,0.199784,0.405655,0.0491224123982373,0.0450607171133446,1112.628085521398,17.7338493184701
220506,San Martin,Pinto Recodo,2006,0.209581,0.405655,0.0491224123982373,0.0450607171133446,1112.628085521398,17.7338493184701
220506,San Martin,Pinto Recodo,2007,0.21544,0.405655,0.0491224123982373,0.0450607171133446,1112.628085521398,17.7338493184701
220506,San Martin,Pinto Recodo,2008,0.214938,0.405655,0.0491224123982373,0.0450607171133446,1112.628085521398,17.7338493184701
220506,San Martin,Pinto Recodo,2009,0.21726,0.405655,0.0491224123982373,0.0450607171133446,1112.628085521398,17.7338493184701
220506,San Martin,Pinto Recodo,2010,0.224033,0.405655,0.0491224123982373,0.0450607171133446,1112.628085521398,17.7338493184701
220506,San Martin,Pinto Recodo,2011,0.219476,0.405655,0.0491224123982373,0.0450607171133446,1112.628085521398,17.7338493184701
220506,San Martin,Pinto Recodo,2012,0.22881,0.405655,0.0491224123982373,0.0450607171133446,1112.628085521398,17.7338493184701
220506,San Martin,Pinto Recodo,2013,0.223288,0.405655,0.0491224123982373,0.0450607171133446,1112.628085521398,17.7338493184701
220506,San Martin,Pinto Recodo,2014,0.220777,0.405655,0.0491224123982373,0.0450607171133446,1112.628085521398,17.7338493184701
220506,San Martin,Pinto Recodo,2015,0.216175,0.405655,0.0491224123982373,0.0450607171133446,1112.628085521398,17.7338493184701
220506,San Martin,Pinto Recodo,2016,0.214665,0.405655,0.0491224123982373,0.0450607171133446,1112.628085521398,17.7338493184701
220506,San Martin,Pinto Recodo,2017,0.210748,0.405655,0.0491224123982373,0.0450607171133446,1112.628085521398,17.7338493184701
220506,San Martin,Pinto Recodo,2018,0.208091,0.405655,0.0491224123982373,0.0450607171133446,1112.628085521398,17.7338493184701
220506,San Martin,Pinto Recodo,2019,0.194046,0.405655,0.0491224123982373,0.0450607171133446,1112.628085521398,17.7338493184701
220506,San Martin,Pinto Recodo,2020,0.193852,0.405655,0.0491224123982373,0.0450607171133446,1112.628085521398,17.7338493184701
220506,San Martin,Pinto Recodo,2021,0.204254,0.405655,0.0491224123982373,0.0450607171133446,1112.628085521398,17.7338493184701
220506,San Martin,Pinto Recodo,2022,0.210219,0.405655,0.0491224123982373,0.0450607171133446,1112.628085521398,17.7338493184701
220506,San Martin,Pinto Recodo,2023,0.223165,0.405655,0.0491224123982373,0.0450607171133446,1112.628085521398,17.7338493184701
220506,San Martin,Pinto Recodo,2024,0.232508,0.405655,0.0491224123982373,0.0450607171133446,1112.628085521398,17.7338493184701
220507,San Martin,Rumisapa,1985,0.488802,0.0,0.930559164926899,0.0098728266613684,519.9323020153279,9.31102291990394
220507,San Martin,Rumisapa,1986,0.488802,0.0,0.930559164926899,0.0098728266613684,519.9323020153279,9.31102291990394
220507,San Martin,Rumisapa,1987,0.608477,0.0,0.930559164926899,0.0098728266613684,519.9323020153279,9.31102291990394
220507,San Martin,Rumisapa,1988,0.718023,0.0,0.930559164926899,0.0098728266613684,519.9323020153279,9.31102291990394
220507,San Martin,Rumisapa,1989,0.708429,0.0,0.930559164926899,0.0098728266613684,519.9323020153279,9.31102291990394
220507,San Martin,Rumisapa,1990,0.726495,0.0,0.930559164926899,0.0098728266613684,519.9323020153279,9.31102291990394
220507,San Martin,Rumisapa,1991,0.722299,0.0,0.930559164926899,0.0098728266613684,519.9323020153279,9.31102291990394
220507,San Martin,Rumisapa,1992,0.734834,0.0,0.930559164926899,0.0098728266613684,519.9323020153279,9.31102291990394
220507,San Martin,Rumisapa,1993,0.71364,0.0,0.930559164926899,0.0098728266613684,519.9323020153279,9.31102291990394
220507,San Martin,Rumisapa,1994,0.702977,0.0,0.930559164926899,0.0098728266613684,519.9323020153279,9.31102291990394
220507,San Martin,Rumisapa,1995,0.727992,0.0,0.930559164926899,0.0098728266613684,519.9323020153279,9.31102291990394
220507,San Martin,Rumisapa,1996,0.743279,0.0,0.930559164926899,0.0098728266613684,519.9323020153279,9.31102291990394
220507,San Martin,Rumisapa,1997,0.760383,0.0,0.930559164926899,0.0098728266613684,519.9323020153279,9.31102291990394
220507,San Martin,Rumisapa,1998,0.787616,0.0,0.930559164926899,0.0098728266613684,519.9323020153279,9.31102291990394
220507,San Martin,Rumisapa,1999,0.782965,0.0,0.930559164926899,0.0098728266613684,519.9323020153279,9.31102291990394
220507,San Martin,Rumisapa,2000,0.773157,0.0,0.930559164926899,0.0098728266613684,519.9323020153279,9.31102291990394
220507,San Martin,Rumisapa,2001,0.747581,0.0,0.930559164926899,0.0098728266613684,519.9323020153279,9.31102291990394
220507,San Martin,Rumisapa,2002,0.735742,0.0,0.930559164926899,0.0098728266613684,519.9323020153279,9.31102291990394
220507,San Martin,Rumisapa,2003,0.744561,0.0,0.930559164926899,0.0098728266613684,519.9323020153279,9.31102291990394
220507,San Martin,Rumisapa,2004,0.746593,0.0,0.930559164926899,0.0098728266613684,519.9323020153279,9.31102291990394
220507,San Martin,Rumisapa,2005,0.747581,0.0,0.930559164926899,0.0098728266613684,519.9323020153279,9.31102291990394
220507,San Martin,Rumisapa,2006,0.762013,0.0,0.930559164926899,0.0098728266613684,519.9323020153279,9.31102291990394
220507,San Martin,Rumisapa,2007,0.755251,0.0,0.930559164926899,0.0098728266613684,519.9323020153279,9.31102291990394
220507,San Martin,Rumisapa,2008,0.74833,0.0,0.930559164926899,0.0098728266613684,519.9323020153279,9.31102291990394
220507,San Martin,Rumisapa,2009,0.757977,0.0,0.930559164926899,0.0098728266613684,519.9323020153279,9.31102291990394
220507,San Martin,Rumisapa,2010,0.739056,0.0,0.930559164926899,0.0098728266613684,519.9323020153279,9.31102291990394
220507,San Martin,Rumisapa,2011,0.727912,0.0,0.930559164926899,0.0098728266613684,519.9323020153279,9.31102291990394
220507,San Martin,Rumisapa,2012,0.729007,0.0,0.930559164926899,0.0098728266613684,519.9323020153279,9.31102291990394
220507,San Martin,Rumisapa,2013,0.7378,0.0,0.930559164926899,0.0098728266613684,519.9323020153279,9.31102291990394
220507,San Martin,Rumisapa,2014,0.741408,0.0,0.930559164926899,0.0098728266613684,519.9323020153279,9.31102291990394
220507,San Martin,Rumisapa,2015,0.695307,0.0,0.930559164926899,0.0098728266613684,519.9323020153279,9.31102291990394
220507,San Martin,Rumisapa,2016,0.662408,0.0,0.930559164926899,0.0098728266613684,519.9323020153279,9.31102291990394
220507,San Martin,Rumisapa,2017,0.649607,0.0,0.930559164926899,0.0098728266613684,519.9323020153279,9.31102291990394
220507,San Martin,Rumisapa,2018,0.655086,0.0,0.930559164926899,0.0098728266613684,519.9323020153279,9.31102291990394
220507,San Martin,Rumisapa,2019,0.643434,0.0,0.930559164926899,0.0098728266613684,519.9323020153279,9.31102291990394
220507,San Martin,Rumisapa,2020,0.658533,0.0,0.930559164926899,0.0098728266613684,519.9323020153279,9.31102291990394
220507,San Martin,Rumisapa,2021,0.680047,0.0,0.930559164926899,0.0098728266613684,519.9323020153279,9.31102291990394
220507,San Martin,Rumisapa,2022,0.705917,0.0,0.930559164926899,0.0098728266613684,519.9323020153279,9.31102291990394
220507,San Martin,Rumisapa,2023,0.727431,0.0,0.930559164926899,0.0098728266613684,519.9323020153279,9.31102291990394
220507,San Martin,Rumisapa,2024,0.74384,0.0,0.930559164926899,0.0098728266613684,519.9323020153279,9.31102291990394
220509,San Martin,Shanao,1985,0.401547,0.0,1.526969626647462,0.1230397450669395,501.2741197456181,12.59910462805772
220509,San Martin,Shanao,1986,0.401547,0.0,1.526969626647462,0.1230397450669395,501.2741197456181,12.59910462805772
220509,San Martin,Shanao,1987,0.394249,0.0,1.526969626647462,0.1230397450669395,501.2741197456181,12.59910462805772
220509,San Martin,Shanao,1988,0.442563,0.0,1.526969626647462,0.1230397450669395,501.2741197456181,12.59910462805772
220509,San Martin,Shanao,1989,0.442271,0.0,1.526969626647462,0.1230397450669395,501.2741197456181,12.59910462805772
220509,San Martin,Shanao,1990,0.49449,0.0,1.526969626647462,0.1230397450669395,501.2741197456181,12.59910462805772
220509,San Martin,Shanao,1991,0.542403,0.0,1.526969626647462,0.1230397450669395,501.2741197456181,12.59910462805772
220509,San Martin,Shanao,1992,0.560867,0.0,1.526969626647462,0.1230397450669395,501.2741197456181,12.59910462805772
220509,San Martin,Shanao,1993,0.538243,0.0,1.526969626647462,0.1230397450669395,501.2741197456181,12.59910462805772
220509,San Martin,Shanao,1994,0.545285,0.0,1.526969626647462,0.1230397450669395,501.2741197456181,12.59910462805772
220509,San Martin,Shanao,1995,0.565903,0.0,1.526969626647462,0.1230397450669395,501.2741197456181,12.59910462805772
220509,San Martin,Shanao,1996,0.561925,0.0,1.526969626647462,0.1230397450669395,501.2741197456181,12.59910462805772
220509,San Martin,Shanao,1997,0.581594,0.0,1.526969626647462,0.1230397450669395,501.2741197456181,12.59910462805772
220509,San Martin,Shanao,1998,0.627098,0.0,1.526969626647462,0.1230397450669395,501.2741197456181,12.59910462805772
220509,San Martin,Shanao,1999,0.63301,0.0,1.526969626647462,0.1230397450669395,501.2741197456181,12.59910462805772
220509,San Martin,Shanao,2000,0.659356,0.0,1.526969626647462,0.1230397450669395,501.2741197456181,12.59910462805772
220509,San Martin,Shanao,2001,0.640016,0.0,1.526969626647462,0.1230397450669395,501.2741197456181,12.59910462805772
220509,San Martin,Shanao,2002,0.623449,0.0,1.526969626647462,0.1230397450669395,501.2741197456181,12.59910462805772
220509,San Martin,Shanao,2003,0.633229,0.0,1.526969626647462,0.1230397450669395,501.2741197456181,12.59910462805772
220509,San Martin,Shanao,2004,0.621406,0.0,1.526969626647462,0.1230397450669395,501.2741197456181,12.59910462805772
220509,San Martin,Shanao,2005,0.637681,0.0,1.526969626647462,0.1230397450669395,501.2741197456181,12.59910462805772
220509,San Martin,Shanao,2006,0.636695,0.0,1.526969626647462,0.1230397450669395,501.2741197456181,12.59910462805772
220509,San Martin,Shanao,2007,0.626989,0.0,1.526969626647462,0.1230397450669395,501.2741197456181,12.59910462805772
220509,San Martin,Shanao,2008,0.600277,0.0,1.526969626647462,0.1230397450669395,501.2741197456181,12.59910462805772
220509,San Martin,Shanao,2009,0.613451,0.0,1.526969626647462,0.1230397450669395,501.2741197456181,12.59910462805772
220509,San Martin,Shanao,2010,0.648555,0.0,1.526969626647462,0.1230397450669395,501.2741197456181,12.59910462805772
220509,San Martin,Shanao,2011,0.65173,0.0,1.526969626647462,0.1230397450669395,501.2741197456181,12.59910462805772
220509,San Martin,Shanao,2012,0.683112,0.0,1.526969626647462,0.1230397450669395,501.2741197456181,12.59910462805772
220509,San Martin,Shanao,2013,0.664903,0.0,1.526969626647462,0.1230397450669395,501.2741197456181,12.59910462805772
220509,San Martin,Shanao,2014,0.626332,0.0,1.526969626647462,0.1230397450669395,501.2741197456181,12.59910462805772
220509,San Martin,Shanao,2015,0.617939,0.0,1.526969626647462,0.1230397450669395,501.2741197456181,12.59910462805772
220509,San Martin,Shanao,2016,0.600569,0.0,1.526969626647462,0.1230397450669395,501.2741197456181,12.59910462805772
220509,San Martin,Shanao,2017,0.579769,0.0,1.526969626647462,0.1230397450669395,501.2741197456181,12.59910462805772
220509,San Martin,Shanao,2018,0.563604,0.0,1.526969626647462,0.1230397450669395,501.2741197456181,12.59910462805772
220509,San Martin,Shanao,2019,0.515363,0.0,1.526969626647462,0.1230397450669395,501.2741197456181,12.59910462805772
220509,San Martin,Shanao,2020,0.48398,0.0,1.526969626647462,0.1230397450669395,501.2741197456181,12.59910462805772
220509,San Martin,Shanao,2021,0.487374,0.0,1.526969626647462,0.1230397450669395,501.2741197456181,12.59910462805772
220509,San Martin,Shanao,2022,0.496606,0.0,1.526969626647462,0.1230397450669395,501.2741197456181,12.59910462805772
220509,San Martin,Shanao,2023,0.515947,0.0,1.526969626647462,0.1230397450669395,501.2741197456181,12.59910462805772
220509,San Martin,Shanao,2024,0.511896,0.0,1.526969626647462,0.1230397450669395,501.2741197456181,12.59910462805772
220510,San Martin,Tabalosos,1985,0.350641,0.0,0.2677480539189125,0.0726201460367951,899.2602381356043,18.68911569568162
220510,San Martin,Tabalosos,1986,0.350636,0.0,0.2677480539189125,0.0726201460367951,899.2602381356043,18.68911569568162
220510,San Martin,Tabalosos,1987,0.359194,0.0,0.2677480539189125,0.0726201460367951,899.2602381356043,18.68911569568162
220510,San Martin,Tabalosos,1988,0.371855,0.0,0.2677480539189125,0.0726201460367951,899.2602381356043,18.68911569568162
220510,San Martin,Tabalosos,1989,0.369916,0.0,0.2677480539189125,0.0726201460367951,899.2602381356043,18.68911569568162
220510,San Martin,Tabalosos,1990,0.378744,0.0,0.2677480539189125,0.0726201460367951,899.2602381356043,18.68911569568162
220510,San Martin,Tabalosos,1991,0.388904,0.0,0.2677480539189125,0.0726201460367951,899.2602381356043,18.68911569568162
220510,San Martin,Tabalosos,1992,0.392282,0.0,0.2677480539189125,0.0726201460367951,899.2602381356043,18.68911569568162
220510,San Martin,Tabalosos,1993,0.392174,0.0,0.2677480539189125,0.0726201460367951,899.2602381356043,18.68911569568162
220510,San Martin,Tabalosos,1994,0.394307,0.0,0.2677480539189125,0.0726201460367951,899.2602381356043,18.68911569568162
220510,San Martin,Tabalosos,1995,0.401224,0.0,0.2677480539189125,0.0726201460367951,899.2602381356043,18.68911569568162
220510,San Martin,Tabalosos,1996,0.395794,0.0,0.2677480539189125,0.0726201460367951,899.2602381356043,18.68911569568162
220510,San Martin,Tabalosos,1997,0.393757,0.0,0.2677480539189125,0.0726201460367951,899.2602381356043,18.68911569568162
220510,San Martin,Tabalosos,1998,0.409195,0.0,0.2677480539189125,0.0726201460367951,899.2602381356043,18.68911569568162
220510,San Martin,Tabalosos,1999,0.411721,0.0,0.2677480539189125,0.0726201460367951,899.2602381356043,18.68911569568162
220510,San Martin,Tabalosos,2000,0.418214,0.0,0.2677480539189125,0.0726201460367951,899.2602381356043,18.68911569568162
220510,San Martin,Tabalosos,2001,0.418943,0.0,0.2677480539189125,0.0726201460367951,899.2602381356043,18.68911569568162
220510,San Martin,Tabalosos,2002,0.416007,0.0,0.2677480539189125,0.0726201460367951,899.2602381356043,18.68911569568162
220510,San Martin,Tabalosos,2003,0.423219,0.0,0.2677480539189125,0.0726201460367951,899.2602381356043,18.68911569568162
220510,San Martin,Tabalosos,2004,0.425291,0.0,0.2677480539189125,0.0726201460367951,899.2602381356043,18.68911569568162
220510,San Martin,Tabalosos,2005,0.434634,1.7e-05,0.2677480539189125,0.0726201460367951,899.2602381356043,18.68911569568162
220510,San Martin,Tabalosos,2006,0.443199,1.7e-05,0.2677480539189125,0.0726201460367951,899.2602381356043,18.68911569568162
220510,San Martin,Tabalosos,2007,0.463505,1.7e-05,0.2677480539189125,0.0726201460367951,899.2602381356043,18.68911569568162
220510,San Martin,Tabalosos,2008,0.467889,1.7e-05,0.2677480539189125,0.0726201460367951,899.2602381356043,18.68911569568162
220510,San Martin,Tabalosos,2009,0.469251,1.7e-05,0.2677480539189125,0.0726201460367951,899.2602381356043,18.68911569568162
220510,San Martin,Tabalosos,2010,0.478543,1.7e-05,0.2677480539189125,0.0726201460367951,899.2602381356043,18.68911569568162
220510,San Martin,Tabalosos,2011,0.471571,1.7e-05,0.2677480539189125,0.0726201460367951,899.2602381356043,18.68911569568162
220510,San Martin,Tabalosos,2012,0.479056,1.7e-05,0.2677480539189125,0.0726201460367951,899.2602381356043,18.68911569568162
220510,San Martin,Tabalosos,2013,0.469394,1.7e-05,0.2677480539189125,0.0726201460367951,899.2602381356043,18.68911569568162
220510,San Martin,Tabalosos,2014,0.459899,1.7e-05,0.2677480539189125,0.0726201460367951,899.2602381356043,18.68911569568162
220510,San Martin,Tabalosos,2015,0.453889,1.7e-05,0.2677480539189125,0.0726201460367951,899.2602381356043,18.68911569568162
220510,San Martin,Tabalosos,2016,0.45481,1.7e-05,0.2677480539189125,0.0726201460367951,899.2602381356043,18.68911569568162
220510,San Martin,Tabalosos,2017,0.432945,1.7e-05,0.2677480539189125,0.0726201460367951,899.2602381356043,18.68911569568162
220510,San Martin,Tabalosos,2018,0.423313,1.7e-05,0.2677480539189125,0.0726201460367951,899.2602381356043,18.68911569568162
220510,San Martin,Tabalosos,2019,0.389488,1.7e-05,0.2677480539189125,0.0726201460367951,899.2602381356043,18.68911569568162
220510,San Martin,Tabalosos,2020,0.381648,1.7e-05,0.2677480539189125,0.0726201460367951,899.2602381356043,18.68911569568162
220510,San Martin,Tabalosos,2021,0.395242,1.7e-05,0.2677480539189125,0.0726201460367951,899.2602381356043,18.68911569568162
220510,San Martin,Tabalosos,2022,0.406799,1.7e-05,0.2677480539189125,0.0726201460367951,899.2602381356043,18.68911569568162
220510,San Martin,Tabalosos,2023,0.42441,1.7e-05,0.2677480539189125,0.0726201460367951,899.2602381356043,18.68911569568162
220510,San Martin,Tabalosos,2024,0.439612,1.7e-05,0.2677480539189125,0.0726201460367951,899.2602381356043,18.68911569568162
220511,San Martin,Zapatero,1985,0.702022,0.0,0.3719206523770633,0.0260336753922779,707.533092014847,11.752656151555458
220511,San Martin,Zapatero,1986,0.702012,0.0,0.3719206523770633,0.0260336753922779,707.533092014847,11.752656151555458
220511,San Martin,Zapatero,1987,0.733193,0.0,0.3719206523770633,0.0260336753922779,707.533092014847,11.752656151555458
220511,San Martin,Zapatero,1988,0.753635,0.0,0.3719206523770633,0.0260336753922779,707.533092014847,11.752656151555458
220511,San Martin,Zapatero,1989,0.751873,0.0,0.3719206523770633,0.0260336753922779,707.533092014847,11.752656151555458
220511,San Martin,Zapatero,1990,0.751425,0.0,0.3719206523770633,0.0260336753922779,707.533092014847,11.752656151555458
220511,San Martin,Zapatero,1991,0.754694,0.0,0.3719206523770633,0.0260336753922779,707.533092014847,11.752656151555458
220511,San Martin,Zapatero,1992,0.757765,0.0,0.3719206523770633,0.0260336753922779,707.533092014847,11.752656151555458
220511,San Martin,Zapatero,1993,0.761554,0.0,0.3719206523770633,0.0260336753922779,707.533092014847,11.752656151555458
220511,San Martin,Zapatero,1994,0.76161,0.0,0.3719206523770633,0.0260336753922779,707.533092014847,11.752656151555458
220511,San Martin,Zapatero,1995,0.769299,0.0,0.3719206523770633,0.0260336753922779,707.533092014847,11.752656151555458
220511,San Martin,Zapatero,1996,0.779398,0.0,0.3719206523770633,0.0260336753922779,707.533092014847,11.752656151555458
220511,San Martin,Zapatero,1997,0.790123,0.0,0.3719206523770633,0.0260336753922779,707.533092014847,11.752656151555458
220511,San Martin,Zapatero,1998,0.823484,0.0,0.3719206523770633,0.0260336753922779,707.533092014847,11.752656151555458
220511,San Martin,Zapatero,1999,0.822928,0.0,0.3719206523770633,0.0260336753922779,707.533092014847,11.752656151555458
220511,San Martin,Zapatero,2000,0.82441,0.0,0.3719206523770633,0.0260336753922779,707.533092014847,11.752656151555458
220511,San Martin,Zapatero,2001,0.823051,0.0,0.3719206523770633,0.0260336753922779,707.533092014847,11.752656151555458
220511,San Martin,Zapatero,2002,0.826473,0.0,0.3719206523770633,0.0260336753922779,707.533092014847,11.752656151555458
220511,San Martin,Zapatero,2003,0.832538,0.0,0.3719206523770633,0.0260336753922779,707.533092014847,11.752656151555458
220511,San Martin,Zapatero,2004,0.828882,0.0,0.3719206523770633,0.0260336753922779,707.533092014847,11.752656151555458
220511,San Martin,Zapatero,2005,0.827064,0.0,0.3719206523770633,0.0260336753922779,707.533092014847,11.752656151555458
220511,San Martin,Zapatero,2006,0.829849,0.0,0.3719206523770633,0.0260336753922779,707.533092014847,11.752656151555458
220511,San Martin,Zapatero,2007,0.834096,0.0,0.3719206523770633,0.0260336753922779,707.533092014847,11.752656151555458
220511,San Martin,Zapatero,2008,0.828973,0.0,0.3719206523770633,0.0260336753922779,707.533092014847,11.752656151555458
220511,San Martin,Zapatero,2009,0.826035,0.0,0.3719206523770633,0.0260336753922779,707.533092014847,11.752656151555458
220511,San Martin,Zapatero,2010,0.83211,0.0,0.3719206523770633,0.0260336753922779,707.533092014847,11.752656151555458
220511,San Martin,Zapatero,2011,0.831968,0.0,0.3719206523770633,0.0260336753922779,707.533092014847,11.752656151555458
220511,San Martin,Zapatero,2012,0.837086,0.0,0.3719206523770633,0.0260336753922779,707.533092014847,11.752656151555458
220511,San Martin,Zapatero,2013,0.831825,0.0,0.3719206523770633,0.0260336753922779,707.533092014847,11.752656151555458
220511,San Martin,Zapatero,2014,0.828759,0.0,0.3719206523770633,0.0260336753922779,707.533092014847,11.752656151555458
220511,San Martin,Zapatero,2015,0.830302,0.0,0.3719206523770633,0.0260336753922779,707.533092014847,11.752656151555458
220511,San Martin,Zapatero,2016,0.826743,0.0,0.3719206523770633,0.0260336753922779,707.533092014847,11.752656151555458
220511,San Martin,Zapatero,2017,0.815921,0.0,0.3719206523770633,0.0260336753922779,707.533092014847,11.752656151555458
220511,San Martin,Zapatero,2018,0.81008,0.0,0.3719206523770633,0.0260336753922779,707.533092014847,11.752656151555458
220511,San Martin,Zapatero,2019,0.794808,0.0,0.3719206523770633,0.0260336753922779,707.533092014847,11.752656151555458
220511,San Martin,Zapatero,2020,0.791543,0.0,0.3719206523770633,0.0260336753922779,707.533092014847,11.752656151555458
220511,San Martin,Zapatero,2021,0.801565,0.0,0.3719206523770633,0.0260336753922779,707.533092014847,11.752656151555458
220511,San Martin,Zapatero,2022,0.799518,0.0,0.3719206523770633,0.0260336753922779,707.533092014847,11.752656151555458
220511,San Martin,Zapatero,2023,0.800384,0.0,0.3719206523770633,0.0260336753922779,707.533092014847,11.752656151555458
220511,San Martin,Zapatero,2024,0.808812,0.0,0.3719206523770633,0.0260336753922779,707.533092014847,11.752656151555458
220601,San Martin,Juanjui,1985,0.290131,0.0,0.1948976095620585,0.0538212350644783,493.0858627434055,14.148443842179566
220601,San Martin,Juanjui,1986,0.290091,0.0,0.1948976095620585,0.0538212350644783,493.0858627434055,14.148443842179566
220601,San Martin,Juanjui,1987,0.321318,0.0,0.1948976095620585,0.0538212350644783,493.0858627434055,14.148443842179566
220601,San Martin,Juanjui,1988,0.343082,0.0,0.1948976095620585,0.0538212350644783,493.0858627434055,14.148443842179566
220601,San Martin,Juanjui,1989,0.356509,0.0,0.1948976095620585,0.0538212350644783,493.0858627434055,14.148443842179566
220601,San Martin,Juanjui,1990,0.359957,0.0,0.1948976095620585,0.0538212350644783,493.0858627434055,14.148443842179566
220601,San Martin,Juanjui,1991,0.349026,0.0,0.1948976095620585,0.0538212350644783,493.0858627434055,14.148443842179566
220601,San Martin,Juanjui,1992,0.343508,0.0,0.1948976095620585,0.0538212350644783,493.0858627434055,14.148443842179566
220601,San Martin,Juanjui,1993,0.342505,0.0,0.1948976095620585,0.0538212350644783,493.0858627434055,14.148443842179566
220601,San Martin,Juanjui,1994,0.344381,0.0,0.1948976095620585,0.0538212350644783,493.0858627434055,14.148443842179566
220601,San Martin,Juanjui,1995,0.35009,0.0,0.1948976095620585,0.0538212350644783,493.0858627434055,14.148443842179566
220601,San Martin,Juanjui,1996,0.361291,0.0,0.1948976095620585,0.0538212350644783,493.0858627434055,14.148443842179566
220601,San Martin,Juanjui,1997,0.371783,0.0,0.1948976095620585,0.0538212350644783,493.0858627434055,14.148443842179566
220601,San Martin,Juanjui,1998,0.387743,0.0,0.1948976095620585,0.0538212350644783,493.0858627434055,14.148443842179566
220601,San Martin,Juanjui,1999,0.393507,0.0,0.1948976095620585,0.0538212350644783,493.0858627434055,14.148443842179566
220601,San Martin,Juanjui,2000,0.396961,0.0,0.1948976095620585,0.0538212350644783,493.0858627434055,14.148443842179566
220601,San Martin,Juanjui,2001,0.404864,0.0,0.1948976095620585,0.0538212350644783,493.0858627434055,14.148443842179566
220601,San Martin,Juanjui,2002,0.421579,0.0,0.1948976095620585,0.0538212350644783,493.0858627434055,14.148443842179566
220601,San Martin,Juanjui,2003,0.43327,0.0,0.1948976095620585,0.0538212350644783,493.0858627434055,14.148443842179566
220601,San Martin,Juanjui,2004,0.433042,0.0,0.1948976095620585,0.0538212350644783,493.0858627434055,14.148443842179566
220601,San Martin,Juanjui,2005,0.458867,0.0,0.1948976095620585,0.0538212350644783,493.0858627434055,14.148443842179566
220601,San Martin,Juanjui,2006,0.466046,0.0,0.1948976095620585,0.0538212350644783,493.0858627434055,14.148443842179566
220601,San Martin,Juanjui,2007,0.48069,0.0,0.1948976095620585,0.0538212350644783,493.0858627434055,14.148443842179566
220601,San Martin,Juanjui,2008,0.479448,0.0,0.1948976095620585,0.0538212350644783,493.0858627434055,14.148443842179566
220601,San Martin,Juanjui,2009,0.48805,0.0,0.1948976095620585,0.0538212350644783,493.0858627434055,14.148443842179566
220601,San Martin,Juanjui,2010,0.496664,0.0,0.1948976095620585,0.0538212350644783,493.0858627434055,14.148443842179566
220601,San Martin,Juanjui,2011,0.511552,0.0,0.1948976095620585,0.0538212350644783,493.0858627434055,14.148443842179566
220601,San Martin,Juanjui,2012,0.520986,0.0,0.1948976095620585,0.0538212350644783,493.0858627434055,14.148443842179566
220601,San Martin,Juanjui,2013,0.520243,0.000525,0.1948976095620585,0.0538212350644783,493.0858627434055,14.148443842179566
220601,San Martin,Juanjui,2014,0.514433,0.000525,0.1948976095620585,0.0538212350644783,493.0858627434055,14.148443842179566
220601,San Martin,Juanjui,2015,0.5077,0.000525,0.1948976095620585,0.0538212350644783,493.0858627434055,14.148443842179566
220601,San Martin,Juanjui,2016,0.515814,0.000525,0.1948976095620585,0.0538212350644783,493.0858627434055,14.148443842179566
220601,San Martin,Juanjui,2017,0.501196,0.000525,0.1948976095620585,0.0538212350644783,493.0858627434055,14.148443842179566
220601,San Martin,Juanjui,2018,0.490392,0.000525,0.1948976095620585,0.0538212350644783,493.0858627434055,14.148443842179566
220601,San Martin,Juanjui,2019,0.478841,0.000525,0.1948976095620585,0.0538212350644783,493.0858627434055,14.148443842179566
220601,San Martin,Juanjui,2020,0.480445,0.000525,0.1948976095620585,0.0538212350644783,493.0858627434055,14.148443842179566
220601,San Martin,Juanjui,2021,0.501864,0.000525,0.1948976095620585,0.0538212350644783,493.0858627434055,14.148443842179566
220601,San Martin,Juanjui,2022,0.51605,0.000525,0.1948976095620585,0.0538212350644783,493.0858627434055,14.148443842179566
220601,San Martin,Juanjui,2023,0.513676,0.000525,0.1948976095620585,0.0538212350644783,493.0858627434055,14.148443842179566
220601,San Martin,Juanjui,2024,0.532061,0.000525,0.1948976095620585,0.0538212350644783,493.0858627434055,14.148443842179566
220605,San Martin,Pajarillo,1985,0.352959,0.0,0.2341578282054298,0.052557895829539,413.12013597089776,10.681869017840532
220605,San Martin,Pajarillo,1986,0.353076,0.0,0.2341578282054298,0.052557895829539,413.12013597089776,10.681869017840532
220605,San Martin,Pajarillo,1987,0.360954,0.0,0.2341578282054298,0.052557895829539,413.12013597089776,10.681869017840532
220605,San Martin,Pajarillo,1988,0.387676,0.0,0.2341578282054298,0.052557895829539,413.12013597089776,10.681869017840532
220605,San Martin,Pajarillo,1989,0.398195,0.0,0.2341578282054298,0.052557895829539,413.12013597089776,10.681869017840532
220605,San Martin,Pajarillo,1990,0.41048,0.0,0.2341578282054298,0.052557895829539,413.12013597089776,10.681869017840532
220605,San Martin,Pajarillo,1991,0.408973,0.0,0.2341578282054298,0.052557895829539,413.12013597089776,10.681869017840532
220605,San Martin,Pajarillo,1992,0.404038,0.0,0.2341578282054298,0.052557895829539,413.12013597089776,10.681869017840532
220605,San Martin,Pajarillo,1993,0.404225,0.0,0.2341578282054298,0.052557895829539,413.12013597089776,10.681869017840532
220605,San Martin,Pajarillo,1994,0.396897,0.0,0.2341578282054298,0.052557895829539,413.12013597089776,10.681869017840532
220605,San Martin,Pajarillo,1995,0.394691,0.0,0.2341578282054298,0.052557895829539,413.12013597089776,10.681869017840532
220605,San Martin,Pajarillo,1996,0.415318,0.0,0.2341578282054298,0.052557895829539,413.12013597089776,10.681869017840532
220605,San Martin,Pajarillo,1997,0.433033,0.0,0.2341578282054298,0.052557895829539,413.12013597089776,10.681869017840532
220605,San Martin,Pajarillo,1998,0.457809,0.0,0.2341578282054298,0.052557895829539,413.12013597089776,10.681869017840532
220605,San Martin,Pajarillo,1999,0.470092,0.0,0.2341578282054298,0.052557895829539,413.12013597089776,10.681869017840532
220605,San Martin,Pajarillo,2000,0.478989,0.0,0.2341578282054298,0.052557895829539,413.12013597089776,10.681869017840532
220605,San Martin,Pajarillo,2001,0.501528,0.0,0.2341578282054298,0.052557895829539,413.12013597089776,10.681869017840532
220605,San Martin,Pajarillo,2002,0.53154,0.0,0.2341578282054298,0.052557895829539,413.12013597089776,10.681869017840532
220605,San Martin,Pajarillo,2003,0.548682,0.0,0.2341578282054298,0.052557895829539,413.12013597089776,10.681869017840532
220605,San Martin,Pajarillo,2004,0.554,0.0,0.2341578282054298,0.052557895829539,413.12013597089776,10.681869017840532
220605,San Martin,Pajarillo,2005,0.596021,0.0,0.2341578282054298,0.052557895829539,413.12013597089776,10.681869017840532
220605,San Martin,Pajarillo,2006,0.605866,0.0,0.2341578282054298,0.052557895829539,413.12013597089776,10.681869017840532
220605,San Martin,Pajarillo,2007,0.624082,0.0,0.2341578282054298,0.052557895829539,413.12013597089776,10.681869017840532
220605,San Martin,Pajarillo,2008,0.628151,0.0,0.2341578282054298,0.052557895829539,413.12013597089776,10.681869017840532
220605,San Martin,Pajarillo,2009,0.641524,0.0,0.2341578282054298,0.052557895829539,413.12013597089776,10.681869017840532
220605,San Martin,Pajarillo,2010,0.668802,0.0,0.2341578282054298,0.052557895829539,413.12013597089776,10.681869017840532
220605,San Martin,Pajarillo,2011,0.683243,0.0,0.2341578282054298,0.052557895829539,413.12013597089776,10.681869017840532
220605,San Martin,Pajarillo,2012,0.691507,0.0,0.2341578282054298,0.052557895829539,413.12013597089776,10.681869017840532
220605,San Martin,Pajarillo,2013,0.689811,0.0,0.2341578282054298,0.052557895829539,413.12013597089776,10.681869017840532
220605,San Martin,Pajarillo,2014,0.677291,0.0,0.2341578282054298,0.052557895829539,413.12013597089776,10.681869017840532
220605,San Martin,Pajarillo,2015,0.671059,0.0,0.2341578282054298,0.052557895829539,413.12013597089776,10.681869017840532
220605,San Martin,Pajarillo,2016,0.673244,0.0,0.2341578282054298,0.052557895829539,413.12013597089776,10.681869017840532
220605,San Martin,Pajarillo,2017,0.658838,0.0,0.2341578282054298,0.052557895829539,413.12013597089776,10.681869017840532
220605,San Martin,Pajarillo,2018,0.649631,0.0,0.2341578282054298,0.052557895829539,413.12013597089776,10.681869017840532
220605,San Martin,Pajarillo,2019,0.641531,0.0,0.2341578282054298,0.052557895829539,413.12013597089776,10.681869017840532
220605,San Martin,Pajarillo,2020,0.642812,0.0,0.2341578282054298,0.052557895829539,413.12013597089776,10.681869017840532
220605,San Martin,Pajarillo,2021,0.662819,0.0,0.2341578282054298,0.052557895829539,413.12013597089776,10.681869017840532
220605,San Martin,Pajarillo,2022,0.673349,0.0,0.2341578282054298,0.052557895829539,413.12013597089776,10.681869017840532
220605,San Martin,Pajarillo,2023,0.668775,0.0,0.2341578282054298,0.052557895829539,413.12013597089776,10.681869017840532
220605,San Martin,Pajarillo,2024,0.687159,0.0,0.2341578282054298,0.052557895829539,413.12013597089776,10.681869017840532
220701,San Martin,Picota,1985,0.267652,0.0,0.3210306363111721,0.0727445774880512,323.3041712232464,9.13230303318519
220701,San Martin,Picota,1986,0.267493,0.0,0.3210306363111721,0.0727445774880512,323.3041712232464,9.13230303318519
220701,San Martin,Picota,1987,0.302953,0.0,0.3210306363111721,0.0727445774880512,323.3041712232464,9.13230303318519
220701,San Martin,Picota,1988,0.408516,0.0,0.3210306363111721,0.0727445774880512,323.3041712232464,9.13230303318519
220701,San Martin,Picota,1989,0.434329,0.0,0.3210306363111721,0.0727445774880512,323.3041712232464,9.13230303318519
220701,San Martin,Picota,1990,0.439622,0.0,0.3210306363111721,0.0727445774880512,323.3041712232464,9.13230303318519
220701,San Martin,Picota,1991,0.438233,0.0,0.3210306363111721,0.0727445774880512,323.3041712232464,9.13230303318519
220701,San Martin,Picota,1992,0.436563,0.0,0.3210306363111721,0.0727445774880512,323.3041712232464,9.13230303318519
220701,San Martin,Picota,1993,0.430685,0.0,0.3210306363111721,0.0727445774880512,323.3041712232464,9.13230303318519
220701,San Martin,Picota,1994,0.450715,0.0,0.3210306363111721,0.0727445774880512,323.3041712232464,9.13230303318519
220701,San Martin,Picota,1995,0.459717,0.0,0.3210306363111721,0.0727445774880512,323.3041712232464,9.13230303318519
220701,San Martin,Picota,1996,0.482952,0.0,0.3210306363111721,0.0727445774880512,323.3041712232464,9.13230303318519
220701,San Martin,Picota,1997,0.486338,0.0,0.3210306363111721,0.0727445774880512,323.3041712232464,9.13230303318519
220701,San Martin,Picota,1998,0.494886,0.0,0.3210306363111721,0.0727445774880512,323.3041712232464,9.13230303318519
220701,San Martin,Picota,1999,0.477573,0.0,0.3210306363111721,0.0727445774880512,323.3041712232464,9.13230303318519
220701,San Martin,Picota,2000,0.472088,0.0,0.3210306363111721,0.0727445774880512,323.3041712232464,9.13230303318519
220701,San Martin,Picota,2001,0.481429,0.0,0.3210306363111721,0.0727445774880512,323.3041712232464,9.13230303318519
220701,San Martin,Picota,2002,0.501001,0.0,0.3210306363111721,0.0727445774880512,323.3041712232464,9.13230303318519
220701,San Martin,Picota,2003,0.528586,0.0,0.3210306363111721,0.0727445774880512,323.3041712232464,9.13230303318519
220701,San Martin,Picota,2004,0.517464,0.0,0.3210306363111721,0.0727445774880512,323.3041712232464,9.13230303318519
220701,San Martin,Picota,2005,0.505885,0.0,0.3210306363111721,0.0727445774880512,323.3041712232464,9.13230303318519
220701,San Martin,Picota,2006,0.511608,0.0,0.3210306363111721,0.0727445774880512,323.3041712232464,9.13230303318519
220701,San Martin,Picota,2007,0.518923,0.0,0.3210306363111721,0.0727445774880512,323.3041712232464,9.13230303318519
220701,San Martin,Picota,2008,0.512457,0.0,0.3210306363111721,0.0727445774880512,323.3041712232464,9.13230303318519
220701,San Martin,Picota,2009,0.528635,0.0,0.3210306363111721,0.0727445774880512,323.3041712232464,9.13230303318519
220701,San Martin,Picota,2010,0.522492,0.0,0.3210306363111721,0.0727445774880512,323.3041712232464,9.13230303318519
220701,San Martin,Picota,2011,0.514998,0.0,0.3210306363111721,0.0727445774880512,323.3041712232464,9.13230303318519
220701,San Martin,Picota,2012,0.527749,0.0,0.3210306363111721,0.0727445774880512,323.3041712232464,9.13230303318519
220701,San Martin,Picota,2013,0.534537,0.0,0.3210306363111721,0.0727445774880512,323.3041712232464,9.13230303318519
220701,San Martin,Picota,2014,0.521418,0.0,0.3210306363111721,0.0727445774880512,323.3041712232464,9.13230303318519
220701,San Martin,Picota,2015,0.497619,0.0,0.3210306363111721,0.0727445774880512,323.3041712232464,9.13230303318519
220701,San Martin,Picota,2016,0.509933,0.0,0.3210306363111721,0.0727445774880512,323.3041712232464,9.13230303318519
220701,San Martin,Picota,2017,0.50832,0.0,0.3210306363111721,0.0727445774880512,323.3041712232464,9.13230303318519
220701,San Martin,Picota,2018,0.50981,0.0,0.3210306363111721,0.0727445774880512,323.3041712232464,9.13230303318519
220701,San Martin,Picota,2019,0.506645,0.0,0.3210306363111721,0.0727445774880512,323.3041712232464,9.13230303318519
220701,San Martin,Picota,2020,0.504015,0.0,0.3210306363111721,0.0727445774880512,323.3041712232464,9.13230303318519
220701,San Martin,Picota,2021,0.508463,0.0,0.3210306363111721,0.0727445774880512,323.3041712232464,9.13230303318519
220701,San Martin,Picota,2022,0.520078,0.0,0.3210306363111721,0.0727445774880512,323.3041712232464,9.13230303318519
220701,San Martin,Picota,2023,0.532164,0.0,0.3210306363111721,0.0727445774880512,323.3041712232464,9.13230303318519
220701,San Martin,Picota,2024,0.552246,0.0,0.3210306363111721,0.0727445774880512,323.3041712232464,9.13230303318519
220702,San Martin,Buenos Aires,1985,0.357702,0.0,0.3475398874734894,0.0317471914123457,507.9364375058722,12.869905166065026
220702,San Martin,Buenos Aires,1986,0.357677,0.0,0.3475398874734894,0.0317471914123457,507.9364375058722,12.869905166065026
220702,San Martin,Buenos Aires,1987,0.416388,0.0,0.3475398874734894,0.0317471914123457,507.9364375058722,12.869905166065026
220702,San Martin,Buenos Aires,1988,0.479321,0.0,0.3475398874734894,0.0317471914123457,507.9364375058722,12.869905166065026
220702,San Martin,Buenos Aires,1989,0.496919,0.0,0.3475398874734894,0.0317471914123457,507.9364375058722,12.869905166065026
220702,San Martin,Buenos Aires,1990,0.499803,0.0,0.3475398874734894,0.0317471914123457,507.9364375058722,12.869905166065026
220702,San Martin,Buenos Aires,1991,0.498693,0.0,0.3475398874734894,0.0317471914123457,507.9364375058722,12.869905166065026
220702,San Martin,Buenos Aires,1992,0.497669,0.0,0.3475398874734894,0.0317471914123457,507.9364375058722,12.869905166065026
220702,San Martin,Buenos Aires,1993,0.505409,0.0,0.3475398874734894,0.0317471914123457,507.9364375058722,12.869905166065026
220702,San Martin,Buenos Aires,1994,0.518933,0.0,0.3475398874734894,0.0317471914123457,507.9364375058722,12.869905166065026
220702,San Martin,Buenos Aires,1995,0.540291,0.0,0.3475398874734894,0.0317471914123457,507.9364375058722,12.869905166065026
220702,San Martin,Buenos Aires,1996,0.567695,0.0,0.3475398874734894,0.0317471914123457,507.9364375058722,12.869905166065026
220702,San Martin,Buenos Aires,1997,0.577675,0.0,0.3475398874734894,0.0317471914123457,507.9364375058722,12.869905166065026
220702,San Martin,Buenos Aires,1998,0.579113,0.0,0.3475398874734894,0.0317471914123457,507.9364375058722,12.869905166065026
220702,San Martin,Buenos Aires,1999,0.567669,0.0,0.3475398874734894,0.0317471914123457,507.9364375058722,12.869905166065026
220702,San Martin,Buenos Aires,2000,0.553852,0.0,0.3475398874734894,0.0317471914123457,507.9364375058722,12.869905166065026
220702,San Martin,Buenos Aires,2001,0.574192,0.0,0.3475398874734894,0.0317471914123457,507.9364375058722,12.869905166065026
220702,San Martin,Buenos Aires,2002,0.606974,0.0,0.3475398874734894,0.0317471914123457,507.9364375058722,12.869905166065026
220702,San Martin,Buenos Aires,2003,0.615869,0.0,0.3475398874734894,0.0317471914123457,507.9364375058722,12.869905166065026
220702,San Martin,Buenos Aires,2004,0.599384,0.0,0.3475398874734894,0.0317471914123457,507.9364375058722,12.869905166065026
220702,San Martin,Buenos Aires,2005,0.571846,0.0,0.3475398874734894,0.0317471914123457,507.9364375058722,12.869905166065026
220702,San Martin,Buenos Aires,2006,0.577955,0.0,0.3475398874734894,0.0317471914123457,507.9364375058722,12.869905166065026
220702,San Martin,Buenos Aires,2007,0.609156,0.0,0.3475398874734894,0.0317471914123457,507.9364375058722,12.869905166065026
220702,San Martin,Buenos Aires,2008,0.622043,0.0,0.3475398874734894,0.0317471914123457,507.9364375058722,12.869905166065026
220702,San Martin,Buenos Aires,2009,0.625176,0.0,0.3475398874734894,0.0317471914123457,507.9364375058722,12.869905166065026
220702,San Martin,Buenos Aires,2010,0.604471,0.0,0.3475398874734894,0.0317471914123457,507.9364375058722,12.869905166065026
220702,San Martin,Buenos Aires,2011,0.590055,0.0,0.3475398874734894,0.0317471914123457,507.9364375058722,12.869905166065026
220702,San Martin,Buenos Aires,2012,0.610865,0.0,0.3475398874734894,0.0317471914123457,507.9364375058722,12.869905166065026
220702,San Martin,Buenos Aires,2013,0.628979,0.0,0.3475398874734894,0.0317471914123457,507.9364375058722,12.869905166065026
220702,San Martin,Buenos Aires,2014,0.638674,0.0,0.3475398874734894,0.0317471914123457,507.9364375058722,12.869905166065026
220702,San Martin,Buenos Aires,2015,0.640677,0.0,0.3475398874734894,0.0317471914123457,507.9364375058722,12.869905166065026
220702,San Martin,Buenos Aires,2016,0.637273,0.0,0.3475398874734894,0.0317471914123457,507.9364375058722,12.869905166065026
220702,San Martin,Buenos Aires,2017,0.631695,0.0,0.3475398874734894,0.0317471914123457,507.9364375058722,12.869905166065026
220702,San Martin,Buenos Aires,2018,0.633507,0.0,0.3475398874734894,0.0317471914123457,507.9364375058722,12.869905166065026
220702,San Martin,Buenos Aires,2019,0.619627,0.0,0.3475398874734894,0.0317471914123457,507.9364375058722,12.869905166065026
220702,San Martin,Buenos Aires,2020,0.611142,0.0,0.3475398874734894,0.0317471914123457,507.9364375058722,12.869905166065026
220702,San Martin,Buenos Aires,2021,0.627299,0.0,0.3475398874734894,0.0317471914123457,507.9364375058722,12.869905166065026
220702,San Martin,Buenos Aires,2022,0.635039,0.0,0.3475398874734894,0.0317471914123457,507.9364375058722,12.869905166065026
220702,San Martin,Buenos Aires,2023,0.638086,0.0,0.3475398874734894,0.0317471914123457,507.9364375058722,12.869905166065026
220702,San Martin,Buenos Aires,2024,0.647938,0.0,0.3475398874734894,0.0317471914123457,507.9364375058722,12.869905166065026
220703,San Martin,Caspisapa,1985,0.213584,0.0,0.564677922434135,0.0305891479331172,343.6773665409804,9.430268141822586
220703,San Martin,Caspisapa,1986,0.213514,0.0,0.564677922434135,0.0305891479331172,343.6773665409804,9.430268141822586
220703,San Martin,Caspisapa,1987,0.297666,0.0,0.564677922434135,0.0305891479331172,343.6773665409804,9.430268141822586
220703,San Martin,Caspisapa,1988,0.379307,0.0,0.564677922434135,0.0305891479331172,343.6773665409804,9.430268141822586
220703,San Martin,Caspisapa,1989,0.400978,0.0,0.564677922434135,0.0305891479331172,343.6773665409804,9.430268141822586
220703,San Martin,Caspisapa,1990,0.404843,0.0,0.564677922434135,0.0305891479331172,343.6773665409804,9.430268141822586
220703,San Martin,Caspisapa,1991,0.422778,0.0,0.564677922434135,0.0305891479331172,343.6773665409804,9.430268141822586
220703,San Martin,Caspisapa,1992,0.425172,0.0,0.564677922434135,0.0305891479331172,343.6773665409804,9.430268141822586
220703,San Martin,Caspisapa,1993,0.430636,0.0,0.564677922434135,0.0305891479331172,343.6773665409804,9.430268141822586
220703,San Martin,Caspisapa,1994,0.445851,0.0,0.564677922434135,0.0305891479331172,343.6773665409804,9.430268141822586
220703,San Martin,Caspisapa,1995,0.453966,0.0,0.564677922434135,0.0305891479331172,343.6773665409804,9.430268141822586
220703,San Martin,Caspisapa,1996,0.447789,0.0,0.564677922434135,0.0305891479331172,343.6773665409804,9.430268141822586
220703,San Martin,Caspisapa,1997,0.439207,0.0,0.564677922434135,0.0305891479331172,343.6773665409804,9.430268141822586
220703,San Martin,Caspisapa,1998,0.436381,0.0,0.564677922434135,0.0305891479331172,343.6773665409804,9.430268141822586
220703,San Martin,Caspisapa,1999,0.418108,0.0,0.564677922434135,0.0305891479331172,343.6773665409804,9.430268141822586
220703,San Martin,Caspisapa,2000,0.399764,0.0,0.564677922434135,0.0305891479331172,343.6773665409804,9.430268141822586
220703,San Martin,Caspisapa,2001,0.39674,0.0,0.564677922434135,0.0305891479331172,343.6773665409804,9.430268141822586
220703,San Martin,Caspisapa,2002,0.435424,0.0,0.564677922434135,0.0305891479331172,343.6773665409804,9.430268141822586
220703,San Martin,Caspisapa,2003,0.436907,0.0,0.564677922434135,0.0305891479331172,343.6773665409804,9.430268141822586
220703,San Martin,Caspisapa,2004,0.436685,0.0,0.564677922434135,0.0305891479331172,343.6773665409804,9.430268141822586
220703,San Martin,Caspisapa,2005,0.415562,0.0,0.564677922434135,0.0305891479331172,343.6773665409804,9.430268141822586
220703,San Martin,Caspisapa,2006,0.44933,0.0,0.564677922434135,0.0305891479331172,343.6773665409804,9.430268141822586
220703,San Martin,Caspisapa,2007,0.445372,0.0,0.564677922434135,0.0305891479331172,343.6773665409804,9.430268141822586
220703,San Martin,Caspisapa,2008,0.458274,0.0,0.564677922434135,0.0305891479331172,343.6773665409804,9.430268141822586
220703,San Martin,Caspisapa,2009,0.466284,0.0,0.564677922434135,0.0305891479331172,343.6773665409804,9.430268141822586
220703,San Martin,Caspisapa,2010,0.42836,0.0,0.564677922434135,0.0305891479331172,343.6773665409804,9.430268141822586
220703,San Martin,Caspisapa,2011,0.422136,0.0,0.564677922434135,0.0305891479331172,343.6773665409804,9.430268141822586
220703,San Martin,Caspisapa,2012,0.443761,0.0,0.564677922434135,0.0305891479331172,343.6773665409804,9.430268141822586
220703,San Martin,Caspisapa,2013,0.450778,0.0,0.564677922434135,0.0305891479331172,343.6773665409804,9.430268141822586
220703,San Martin,Caspisapa,2014,0.445057,0.0,0.564677922434135,0.0305891479331172,343.6773665409804,9.430268141822586
220703,San Martin,Caspisapa,2015,0.408895,0.0,0.564677922434135,0.0305891479331172,343.6773665409804,9.430268141822586
220703,San Martin,Caspisapa,2016,0.405287,0.0,0.564677922434135,0.0305891479331172,343.6773665409804,9.430268141822586
220703,San Martin,Caspisapa,2017,0.387831,0.0,0.564677922434135,0.0305891479331172,343.6773665409804,9.430268141822586
220703,San Martin,Caspisapa,2018,0.41833,0.0,0.564677922434135,0.0305891479331172,343.6773665409804,9.430268141822586
220703,San Martin,Caspisapa,2019,0.417232,0.0,0.564677922434135,0.0305891479331172,343.6773665409804,9.430268141822586
220703,San Martin,Caspisapa,2020,0.460248,0.0,0.564677922434135,0.0305891479331172,343.6773665409804,9.430268141822586
220703,San Martin,Caspisapa,2021,0.452028,0.0,0.564677922434135,0.0305891479331172,343.6773665409804,9.430268141822586
220703,San Martin,Caspisapa,2022,0.467791,0.0,0.564677922434135,0.0305891479331172,343.6773665409804,9.430268141822586
220703,San Martin,Caspisapa,2023,0.459886,0.0,0.564677922434135,0.0305891479331172,343.6773665409804,9.430268141822586
220703,San Martin,Caspisapa,2024,0.517777,0.0,0.564677922434135,0.0305891479331172,343.6773665409804,9.430268141822586
220704,San Martin,Pilluana,1985,0.355214,0.0,0.3378477963765124,0.0711139864206752,400.8367225870537,12.106168947137048
220704,San Martin,Pilluana,1986,0.354981,0.0,0.3378477963765124,0.0711139864206752,400.8367225870537,12.106168947137048
220704,San Martin,Pilluana,1987,0.400821,0.0,0.3378477963765124,0.0711139864206752,400.8367225870537,12.106168947137048
220704,San Martin,Pilluana,1988,0.454413,0.0,0.3378477963765124,0.0711139864206752,400.8367225870537,12.106168947137048
220704,San Martin,Pilluana,1989,0.441791,0.0,0.3378477963765124,0.0711139864206752,400.8367225870537,12.106168947137048
220704,San Martin,Pilluana,1990,0.436207,0.0,0.3378477963765124,0.0711139864206752,400.8367225870537,12.106168947137048
220704,San Martin,Pilluana,1991,0.422793,0.0,0.3378477963765124,0.0711139864206752,400.8367225870537,12.106168947137048
220704,San Martin,Pilluana,1992,0.420442,0.0,0.3378477963765124,0.0711139864206752,400.8367225870537,12.106168947137048
220704,San Martin,Pilluana,1993,0.404067,0.0,0.3378477963765124,0.0711139864206752,400.8367225870537,12.106168947137048
220704,San Martin,Pilluana,1994,0.42226,0.0,0.3378477963765124,0.0711139864206752,400.8367225870537,12.106168947137048
220704,San Martin,Pilluana,1995,0.445609,0.0,0.3378477963765124,0.0711139864206752,400.8367225870537,12.106168947137048
220704,San Martin,Pilluana,1996,0.478281,0.0,0.3378477963765124,0.0711139864206752,400.8367225870537,12.106168947137048
220704,San Martin,Pilluana,1997,0.49763,0.0,0.3378477963765124,0.0711139864206752,400.8367225870537,12.106168947137048
220704,San Martin,Pilluana,1998,0.4955,0.0,0.3378477963765124,0.0711139864206752,400.8367225870537,12.106168947137048
220704,San Martin,Pilluana,1999,0.487384,0.0,0.3378477963765124,0.0711139864206752,400.8367225870537,12.106168947137048
220704,San Martin,Pilluana,2000,0.473645,0.0,0.3378477963765124,0.0711139864206752,400.8367225870537,12.106168947137048
220704,San Martin,Pilluana,2001,0.493202,0.0,0.3378477963765124,0.0711139864206752,400.8367225870537,12.106168947137048
220704,San Martin,Pilluana,2002,0.502474,0.0,0.3378477963765124,0.0711139864206752,400.8367225870537,12.106168947137048
220704,San Martin,Pilluana,2003,0.5005,0.0,0.3378477963765124,0.0711139864206752,400.8367225870537,12.106168947137048
220704,San Martin,Pilluana,2004,0.474892,0.0,0.3378477963765124,0.0711139864206752,400.8367225870537,12.106168947137048
220704,San Martin,Pilluana,2005,0.43996,0.0,0.3378477963765124,0.0711139864206752,400.8367225870537,12.106168947137048
220704,San Martin,Pilluana,2006,0.453543,0.0,0.3378477963765124,0.0711139864206752,400.8367225870537,12.106168947137048
220704,San Martin,Pilluana,2007,0.484995,0.0,0.3378477963765124,0.0711139864206752,400.8367225870537,12.106168947137048
220704,San Martin,Pilluana,2008,0.486151,0.0,0.3378477963765124,0.0711139864206752,400.8367225870537,12.106168947137048
220704,San Martin,Pilluana,2009,0.468711,0.0,0.3378477963765124,0.0711139864206752,400.8367225870537,12.106168947137048
220704,San Martin,Pilluana,2010,0.445466,0.0,0.3378477963765124,0.0711139864206752,400.8367225870537,12.106168947137048
220704,San Martin,Pilluana,2011,0.434597,0.0,0.3378477963765124,0.0711139864206752,400.8367225870537,12.106168947137048
220704,San Martin,Pilluana,2012,0.455088,0.0,0.3378477963765124,0.0711139864206752,400.8367225870537,12.106168947137048
220704,San Martin,Pilluana,2013,0.487267,0.0,0.3378477963765124,0.0711139864206752,400.8367225870537,12.106168947137048
220704,San Martin,Pilluana,2014,0.486229,0.0,0.3378477963765124,0.0711139864206752,400.8367225870537,12.106168947137048
220704,San Martin,Pilluana,2015,0.50124,0.0,0.3378477963765124,0.0711139864206752,400.8367225870537,12.106168947137048
220704,San Martin,Pilluana,2016,0.507058,0.0,0.3378477963765124,0.0711139864206752,400.8367225870537,12.106168947137048
220704,San Martin,Pilluana,2017,0.496487,0.0,0.3378477963765124,0.0711139864206752,400.8367225870537,12.106168947137048
220704,San Martin,Pilluana,2018,0.467944,0.0,0.3378477963765124,0.0711139864206752,400.8367225870537,12.106168947137048
220704,San Martin,Pilluana,2019,0.443609,0.0,0.3378477963765124,0.0711139864206752,400.8367225870537,12.106168947137048
220704,San Martin,Pilluana,2020,0.430156,0.0,0.3378477963765124,0.0711139864206752,400.8367225870537,12.106168947137048
220704,San Martin,Pilluana,2021,0.43522,0.0,0.3378477963765124,0.0711139864206752,400.8367225870537,12.106168947137048
220704,San Martin,Pilluana,2022,0.440427,0.0,0.3378477963765124,0.0711139864206752,400.8367225870537,12.106168947137048
220704,San Martin,Pilluana,2023,0.451401,0.0,0.3378477963765124,0.0711139864206752,400.8367225870537,12.106168947137048
220704,San Martin,Pilluana,2024,0.460062,0.0,0.3378477963765124,0.0711139864206752,400.8367225870537,12.106168947137048
220705,San Martin,Pucacaca,1985,0.332448,0.0,0.3744432330465783,0.0575408748908773,378.299776421536,10.201618913164229
220705,San Martin,Pucacaca,1986,0.332444,0.0,0.3744432330465783,0.0575408748908773,378.299776421536,10.201618913164229
220705,San Martin,Pucacaca,1987,0.366557,0.0,0.3744432330465783,0.0575408748908773,378.299776421536,10.201618913164229
220705,San Martin,Pucacaca,1988,0.423777,0.0,0.3744432330465783,0.0575408748908773,378.299776421536,10.201618913164229
220705,San Martin,Pucacaca,1989,0.443493,0.0,0.3744432330465783,0.0575408748908773,378.299776421536,10.201618913164229
220705,San Martin,Pucacaca,1990,0.448025,0.0,0.3744432330465783,0.0575408748908773,378.299776421536,10.201618913164229
220705,San Martin,Pucacaca,1991,0.448126,0.0,0.3744432330465783,0.0575408748908773,378.299776421536,10.201618913164229
220705,San Martin,Pucacaca,1992,0.433935,0.0,0.3744432330465783,0.0575408748908773,378.299776421536,10.201618913164229
220705,San Martin,Pucacaca,1993,0.428668,0.0,0.3744432330465783,0.0575408748908773,378.299776421536,10.201618913164229
220705,San Martin,Pucacaca,1994,0.44593,0.0,0.3744432330465783,0.0575408748908773,378.299776421536,10.201618913164229
220705,San Martin,Pucacaca,1995,0.454382,0.0,0.3744432330465783,0.0575408748908773,378.299776421536,10.201618913164229
220705,San Martin,Pucacaca,1996,0.469526,0.0,0.3744432330465783,0.0575408748908773,378.299776421536,10.201618913164229
220705,San Martin,Pucacaca,1997,0.470821,0.0,0.3744432330465783,0.0575408748908773,378.299776421536,10.201618913164229
220705,San Martin,Pucacaca,1998,0.475126,0.0,0.3744432330465783,0.0575408748908773,378.299776421536,10.201618913164229
220705,San Martin,Pucacaca,1999,0.456123,0.0,0.3744432330465783,0.0575408748908773,378.299776421536,10.201618913164229
220705,San Martin,Pucacaca,2000,0.4496,0.0,0.3744432330465783,0.0575408748908773,378.299776421536,10.201618913164229
220705,San Martin,Pucacaca,2001,0.463354,0.0,0.3744432330465783,0.0575408748908773,378.299776421536,10.201618913164229
220705,San Martin,Pucacaca,2002,0.481666,0.0,0.3744432330465783,0.0575408748908773,378.299776421536,10.201618913164229
220705,San Martin,Pucacaca,2003,0.494265,0.0,0.3744432330465783,0.0575408748908773,378.299776421536,10.201618913164229
220705,San Martin,Pucacaca,2004,0.495529,0.0,0.3744432330465783,0.0575408748908773,378.299776421536,10.201618913164229
220705,San Martin,Pucacaca,2005,0.483643,0.0,0.3744432330465783,0.0575408748908773,378.299776421536,10.201618913164229
220705,San Martin,Pucacaca,2006,0.503832,0.0,0.3744432330465783,0.0575408748908773,378.299776421536,10.201618913164229
220705,San Martin,Pucacaca,2007,0.517437,0.0,0.3744432330465783,0.0575408748908773,378.299776421536,10.201618913164229
220705,San Martin,Pucacaca,2008,0.51343,0.0,0.3744432330465783,0.0575408748908773,378.299776421536,10.201618913164229
220705,San Martin,Pucacaca,2009,0.518246,0.0,0.3744432330465783,0.0575408748908773,378.299776421536,10.201618913164229
220705,San Martin,Pucacaca,2010,0.508377,0.0,0.3744432330465783,0.0575408748908773,378.299776421536,10.201618913164229
220705,San Martin,Pucacaca,2011,0.496903,0.0,0.3744432330465783,0.0575408748908773,378.299776421536,10.201618913164229
220705,San Martin,Pucacaca,2012,0.499729,0.0,0.3744432330465783,0.0575408748908773,378.299776421536,10.201618913164229
220705,San Martin,Pucacaca,2013,0.505569,0.0,0.3744432330465783,0.0575408748908773,378.299776421536,10.201618913164229
220705,San Martin,Pucacaca,2014,0.490835,0.0,0.3744432330465783,0.0575408748908773,378.299776421536,10.201618913164229
220705,San Martin,Pucacaca,2015,0.474159,0.0,0.3744432330465783,0.0575408748908773,378.299776421536,10.201618913164229
220705,San Martin,Pucacaca,2016,0.47706,0.0,0.3744432330465783,0.0575408748908773,378.299776421536,10.201618913164229
220705,San Martin,Pucacaca,2017,0.474181,0.0,0.3744432330465783,0.0575408748908773,378.299776421536,10.201618913164229
220705,San Martin,Pucacaca,2018,0.455366,0.0,0.3744432330465783,0.0575408748908773,378.299776421536,10.201618913164229
220705,San Martin,Pucacaca,2019,0.447273,0.0,0.3744432330465783,0.0575408748908773,378.299776421536,10.201618913164229
220705,San Martin,Pucacaca,2020,0.456381,0.0,0.3744432330465783,0.0575408748908773,378.299776421536,10.201618913164229
220705,San Martin,Pucacaca,2021,0.457059,0.0,0.3744432330465783,0.0575408748908773,378.299776421536,10.201618913164229
220705,San Martin,Pucacaca,2022,0.458852,0.0,0.3744432330465783,0.0575408748908773,378.299776421536,10.201618913164229
220705,San Martin,Pucacaca,2023,0.47167,0.0,0.3744432330465783,0.0575408748908773,378.299776421536,10.201618913164229
220705,San Martin,Pucacaca,2024,0.497638,0.0,0.3744432330465783,0.0575408748908773,378.299776421536,10.201618913164229
220706,San Martin,San Cristobal,1985,0.213795,0.0,0.565097674548324,0.1083911379595907,310.05177222727133,9.44159679282993
220706,San Martin,San Cristobal,1986,0.213795,0.0,0.565097674548324,0.1083911379595907,310.05177222727133,9.44159679282993
220706,San Martin,San Cristobal,1987,0.335567,0.0,0.565097674548324,0.1083911379595907,310.05177222727133,9.44159679282993
220706,San Martin,San Cristobal,1988,0.438361,0.0,0.565097674548324,0.1083911379595907,310.05177222727133,9.44159679282993
220706,San Martin,San Cristobal,1989,0.471239,0.0,0.565097674548324,0.1083911379595907,310.05177222727133,9.44159679282993
220706,San Martin,San Cristobal,1990,0.462444,0.0,0.565097674548324,0.1083911379595907,310.05177222727133,9.44159679282993
220706,San Martin,San Cristobal,1991,0.48151,0.0,0.565097674548324,0.1083911379595907,310.05177222727133,9.44159679282993
220706,San Martin,San Cristobal,1992,0.471918,0.0,0.565097674548324,0.1083911379595907,310.05177222727133,9.44159679282993
220706,San Martin,San Cristobal,1993,0.47481,0.0,0.565097674548324,0.1083911379595907,310.05177222727133,9.44159679282993
220706,San Martin,San Cristobal,1994,0.476847,0.0,0.565097674548324,0.1083911379595907,310.05177222727133,9.44159679282993
220706,San Martin,San Cristobal,1995,0.487413,0.0,0.565097674548324,0.1083911379595907,310.05177222727133,9.44159679282993
220706,San Martin,San Cristobal,1996,0.496857,0.0,0.565097674548324,0.1083911379595907,310.05177222727133,9.44159679282993
220706,San Martin,San Cristobal,1997,0.495647,0.0,0.565097674548324,0.1083911379595907,310.05177222727133,9.44159679282993
220706,San Martin,San Cristobal,1998,0.491161,0.0,0.565097674548324,0.1083911379595907,310.05177222727133,9.44159679282993
220706,San Martin,San Cristobal,1999,0.462031,0.0,0.565097674548324,0.1083911379595907,310.05177222727133,9.44159679282993
220706,San Martin,San Cristobal,2000,0.45663,0.0,0.565097674548324,0.1083911379595907,310.05177222727133,9.44159679282993
220706,San Martin,San Cristobal,2001,0.451613,0.0,0.565097674548324,0.1083911379595907,310.05177222727133,9.44159679282993
220706,San Martin,San Cristobal,2002,0.475696,0.0,0.565097674548324,0.1083911379595907,310.05177222727133,9.44159679282993
220706,San Martin,San Cristobal,2003,0.48148,0.0,0.565097674548324,0.1083911379595907,310.05177222727133,9.44159679282993
220706,San Martin,San Cristobal,2004,0.477732,0.0,0.565097674548324,0.1083911379595907,310.05177222727133,9.44159679282993
220706,San Martin,San Cristobal,2005,0.445976,0.0,0.565097674548324,0.1083911379595907,310.05177222727133,9.44159679282993
220706,San Martin,San Cristobal,2006,0.482277,0.0,0.565097674548324,0.1083911379595907,310.05177222727133,9.44159679282993
220706,San Martin,San Cristobal,2007,0.468642,0.0,0.565097674548324,0.1083911379595907,310.05177222727133,9.44159679282993
220706,San Martin,San Cristobal,2008,0.47121,0.0,0.565097674548324,0.1083911379595907,310.05177222727133,9.44159679282993
220706,San Martin,San Cristobal,2009,0.516867,0.0,0.565097674548324,0.1083911379595907,310.05177222727133,9.44159679282993
220706,San Martin,San Cristobal,2010,0.510581,0.0,0.565097674548324,0.1083911379595907,310.05177222727133,9.44159679282993
220706,San Martin,San Cristobal,2011,0.505563,0.0,0.565097674548324,0.1083911379595907,310.05177222727133,9.44159679282993
220706,San Martin,San Cristobal,2012,0.532893,0.0,0.565097674548324,0.1083911379595907,310.05177222727133,9.44159679282993
220706,San Martin,San Cristobal,2013,0.540625,0.0,0.565097674548324,0.1083911379595907,310.05177222727133,9.44159679282993
220706,San Martin,San Cristobal,2014,0.512824,0.0,0.565097674548324,0.1083911379595907,310.05177222727133,9.44159679282993
220706,San Martin,San Cristobal,2015,0.483694,0.0,0.565097674548324,0.1083911379595907,310.05177222727133,9.44159679282993
220706,San Martin,San Cristobal,2016,0.481746,0.0,0.565097674548324,0.1083911379595907,310.05177222727133,9.44159679282993
220706,San Martin,San Cristobal,2017,0.473482,0.0,0.565097674548324,0.1083911379595907,310.05177222727133,9.44159679282993
220706,San Martin,San Cristobal,2018,0.48517,0.0,0.565097674548324,0.1083911379595907,310.05177222727133,9.44159679282993
220706,San Martin,San Cristobal,2019,0.471711,0.0,0.565097674548324,0.1083911379595907,310.05177222727133,9.44159679282993
220706,San Martin,San Cristobal,2020,0.480565,0.0,0.565097674548324,0.1083911379595907,310.05177222727133,9.44159679282993
220706,San Martin,San Cristobal,2021,0.483487,0.0,0.565097674548324,0.1083911379595907,310.05177222727133,9.44159679282993
220706,San Martin,San Cristobal,2022,0.480005,0.0,0.565097674548324,0.1083911379595907,310.05177222727133,9.44159679282993
220706,San Martin,San Cristobal,2023,0.438273,0.0,0.565097674548324,0.1083911379595907,310.05177222727133,9.44159679282993
220706,San Martin,San Cristobal,2024,0.468642,0.0,0.565097674548324,0.1083911379595907,310.05177222727133,9.44159679282993
220707,San Martin,San Hilarion,1985,0.322363,0.0,0.4410148331428954,0.0001845852852225,314.5989407144736,7.2678721462837315
220707,San Martin,San Hilarion,1986,0.32232,0.0,0.4410148331428954,0.0001845852852225,314.5989407144736,7.2678721462837315
220707,San Martin,San Hilarion,1987,0.374659,0.0,0.4410148331428954,0.0001845852852225,314.5989407144736,7.2678721462837315
220707,San Martin,San Hilarion,1988,0.453047,0.0,0.4410148331428954,0.0001845852852225,314.5989407144736,7.2678721462837315
220707,San Martin,San Hilarion,1989,0.481914,0.0,0.4410148331428954,0.0001845852852225,314.5989407144736,7.2678721462837315
220707,San Martin,San Hilarion,1990,0.482844,0.0,0.4410148331428954,0.0001845852852225,314.5989407144736,7.2678721462837315
220707,San Martin,San Hilarion,1991,0.508382,0.0,0.4410148331428954,0.0001845852852225,314.5989407144736,7.2678721462837315
220707,San Martin,San Hilarion,1992,0.486642,0.0,0.4410148331428954,0.0001845852852225,314.5989407144736,7.2678721462837315
220707,San Martin,San Hilarion,1993,0.460174,0.0,0.4410148331428954,0.0001845852852225,314.5989407144736,7.2678721462837315
220707,San Martin,San Hilarion,1994,0.4669,0.0,0.4410148331428954,0.0001845852852225,314.5989407144736,7.2678721462837315
220707,San Martin,San Hilarion,1995,0.465637,0.0,0.4410148331428954,0.0001845852852225,314.5989407144736,7.2678721462837315
220707,San Martin,San Hilarion,1996,0.453209,0.0,0.4410148331428954,0.0001845852852225,314.5989407144736,7.2678721462837315
220707,San Martin,San Hilarion,1997,0.456632,0.0,0.4410148331428954,0.0001845852852225,314.5989407144736,7.2678721462837315
220707,San Martin,San Hilarion,1998,0.439126,0.0,0.4410148331428954,0.0001845852852225,314.5989407144736,7.2678721462837315
220707,San Martin,San Hilarion,1999,0.396057,0.0,0.4410148331428954,0.0001845852852225,314.5989407144736,7.2678721462837315
220707,San Martin,San Hilarion,2000,0.399906,0.0,0.4410148331428954,0.0001845852852225,314.5989407144736,7.2678721462837315
220707,San Martin,San Hilarion,2001,0.413068,0.0,0.4410148331428954,0.0001845852852225,314.5989407144736,7.2678721462837315
220707,San Martin,San Hilarion,2002,0.457195,0.0,0.4410148331428954,0.0001845852852225,314.5989407144736,7.2678721462837315
220707,San Martin,San Hilarion,2003,0.461821,0.0,0.4410148331428954,0.0001845852852225,314.5989407144736,7.2678721462837315
220707,San Martin,San Hilarion,2004,0.4771,0.0,0.4410148331428954,0.0001845852852225,314.5989407144736,7.2678721462837315
220707,San Martin,San Hilarion,2005,0.475623,0.0,0.4410148331428954,0.0001845852852225,314.5989407144736,7.2678721462837315
220707,San Martin,San Hilarion,2006,0.515381,0.0,0.4410148331428954,0.0001845852852225,314.5989407144736,7.2678721462837315
220707,San Martin,San Hilarion,2007,0.515893,0.0,0.4410148331428954,0.0001845852852225,314.5989407144736,7.2678721462837315
220707,San Martin,San Hilarion,2008,0.507468,0.0,0.4410148331428954,0.0001845852852225,314.5989407144736,7.2678721462837315
220707,San Martin,San Hilarion,2009,0.52104,0.0,0.4410148331428954,0.0001845852852225,314.5989407144736,7.2678721462837315
220707,San Martin,San Hilarion,2010,0.51579,0.0,0.4410148331428954,0.0001845852852225,314.5989407144736,7.2678721462837315
220707,San Martin,San Hilarion,2011,0.508561,0.0,0.4410148331428954,0.0001845852852225,314.5989407144736,7.2678721462837315
220707,San Martin,San Hilarion,2012,0.550418,0.0,0.4410148331428954,0.0001845852852225,314.5989407144736,7.2678721462837315
220707,San Martin,San Hilarion,2013,0.573925,0.0,0.4410148331428954,0.0001845852852225,314.5989407144736,7.2678721462837315
220707,San Martin,San Hilarion,2014,0.556427,0.0,0.4410148331428954,0.0001845852852225,314.5989407144736,7.2678721462837315
220707,San Martin,San Hilarion,2015,0.551297,0.0,0.4410148331428954,0.0001845852852225,314.5989407144736,7.2678721462837315
220707,San Martin,San Hilarion,2016,0.53578,0.0,0.4410148331428954,0.0001845852852225,314.5989407144736,7.2678721462837315
220707,San Martin,San Hilarion,2017,0.543112,0.0,0.4410148331428954,0.0001845852852225,314.5989407144736,7.2678721462837315
220707,San Martin,San Hilarion,2018,0.592796,0.0,0.4410148331428954,0.0001845852852225,314.5989407144736,7.2678721462837315
220707,San Martin,San Hilarion,2019,0.584082,0.0,0.4410148331428954,0.0001845852852225,314.5989407144736,7.2678721462837315
220707,San Martin,San Hilarion,2020,0.615517,0.0,0.4410148331428954,0.0001845852852225,314.5989407144736,7.2678721462837315
220707,San Martin,San Hilarion,2021,0.599104,0.0,0.4410148331428954,0.0001845852852225,314.5989407144736,7.2678721462837315
220707,San Martin,San Hilarion,2022,0.615517,0.0,0.4410148331428954,0.0001845852852225,314.5989407144736,7.2678721462837315
220707,San Martin,San Hilarion,2023,0.59586,0.0,0.4410148331428954,0.0001845852852225,314.5989407144736,7.2678721462837315
220707,San Martin,San Hilarion,2024,0.641422,0.0,0.4410148331428954,0.0001845852852225,314.5989407144736,7.2678721462837315
220708,San Martin,Shamboyacu,1985,0.091502,0.0,0.3413659357983773,0.0,794.7104442618777,12.287494074779868
220708,San Martin,Shamboyacu,1986,0.094738,0.0,0.3413659357983773,0.0,794.7104442618777,12.287494074779868
220708,San Martin,Shamboyacu,1987,0.095011,0.0,0.3413659357983773,0.0,794.7104442618777,12.287494074779868
220708,San Martin,Shamboyacu,1988,0.09618,0.0,0.3413659357983773,0.0,794.7104442618777,12.287494074779868
220708,San Martin,Shamboyacu,1989,0.098414,0.0,0.3413659357983773,0.0,794.7104442618777,12.287494074779868
220708,San Martin,Shamboyacu,1990,0.09138,0.0,0.3413659357983773,0.0,794.7104442618777,12.287494074779868
220708,San Martin,Shamboyacu,1991,0.090955,0.0,0.3413659357983773,0.0,794.7104442618777,12.287494074779868
220708,San Martin,Shamboyacu,1992,0.097372,0.0,0.3413659357983773,0.0,794.7104442618777,12.287494074779868
220708,San Martin,Shamboyacu,1993,0.103854,0.0,0.3413659357983773,0.0,794.7104442618777,12.287494074779868
220708,San Martin,Shamboyacu,1994,0.109656,0.0,0.3413659357983773,0.0,794.7104442618777,12.287494074779868
220708,San Martin,Shamboyacu,1995,0.116903,0.0,0.3413659357983773,0.0,794.7104442618777,12.287494074779868
220708,San Martin,Shamboyacu,1996,0.126092,0.0,0.3413659357983773,0.0,794.7104442618777,12.287494074779868
220708,San Martin,Shamboyacu,1997,0.151998,0.0,0.3413659357983773,0.0,794.7104442618777,12.287494074779868
220708,San Martin,Shamboyacu,1998,0.167097,0.0,0.3413659357983773,0.0,794.7104442618777,12.287494074779868
220708,San Martin,Shamboyacu,1999,0.183644,0.0,0.3413659357983773,0.0,794.7104442618777,12.287494074779868
220708,San Martin,Shamboyacu,2000,0.190009,0.0,0.3413659357983773,0.0,794.7104442618777,12.287494074779868
220708,San Martin,Shamboyacu,2001,0.204928,0.065954,0.3413659357983773,0.0,794.7104442618777,12.287494074779868
220708,San Martin,Shamboyacu,2002,0.230517,0.065954,0.3413659357983773,0.0,794.7104442618777,12.287494074779868
220708,San Martin,Shamboyacu,2003,0.242125,0.065954,0.3413659357983773,0.0,794.7104442618777,12.287494074779868
220708,San Martin,Shamboyacu,2004,0.250466,0.065954,0.3413659357983773,0.0,794.7104442618777,12.287494074779868
220708,San Martin,Shamboyacu,2005,0.276523,0.065954,0.3413659357983773,0.0,794.7104442618777,12.287494074779868
220708,San Martin,Shamboyacu,2006,0.296041,0.065954,0.3413659357983773,0.0,794.7104442618777,12.287494074779868
220708,San Martin,Shamboyacu,2007,0.325851,0.065954,0.3413659357983773,0.0,794.7104442618777,12.287494074779868
220708,San Martin,Shamboyacu,2008,0.357276,0.065954,0.3413659357983773,0.0,794.7104442618777,12.287494074779868
220708,San Martin,Shamboyacu,2009,0.372195,0.065954,0.3413659357983773,0.0,794.7104442618777,12.287494074779868
220708,San Martin,Shamboyacu,2010,0.391021,0.065954,0.3413659357983773,0.0,794.7104442618777,12.287494074779868
220708,San Martin,Shamboyacu,2011,0.401555,0.065954,0.3413659357983773,0.0,794.7104442618777,12.287494074779868
220708,San Martin,Shamboyacu,2012,0.380253,0.065954,0.3413659357983773,0.0,794.7104442618777,12.287494074779868
220708,San Martin,Shamboyacu,2013,0.376204,0.065954,0.3413659357983773,0.0,794.7104442618777,12.287494074779868
220708,San Martin,Shamboyacu,2014,0.37759,0.065954,0.3413659357983773,0.0,794.7104442618777,12.287494074779868
220708,San Martin,Shamboyacu,2015,0.389949,0.065954,0.3413659357983773,0.0,794.7104442618777,12.287494074779868
220708,San Martin,Shamboyacu,2016,0.400076,0.065954,0.3413659357983773,0.0,794.7104442618777,12.287494074779868
220708,San Martin,Shamboyacu,2017,0.417971,0.065954,0.3413659357983773,0.0,794.7104442618777,12.287494074779868
220708,San Martin,Shamboyacu,2018,0.413738,0.065954,0.3413659357983773,0.0,794.7104442618777,12.287494074779868
220708,San Martin,Shamboyacu,2019,0.418425,0.065954,0.3413659357983773,0.0,794.7104442618777,12.287494074779868
220708,San Martin,Shamboyacu,2020,0.444616,0.065954,0.3413659357983773,0.0,794.7104442618777,12.287494074779868
220708,San Martin,Shamboyacu,2021,0.461257,0.065954,0.3413659357983773,0.0,794.7104442618777,12.287494074779868
220708,San Martin,Shamboyacu,2022,0.472773,0.065954,0.3413659357983773,0.0,794.7104442618777,12.287494074779868
220708,San Martin,Shamboyacu,2023,0.484958,0.065954,0.3413659357983773,0.0,794.7104442618777,12.287494074779868
220708,San Martin,Shamboyacu,2024,0.497717,0.065954,0.3413659357983773,0.0,794.7104442618777,12.287494074779868
220709,San Martin,Tingo De Ponasa,1985,0.28086,0.0,0.3467984711726868,0.0,460.3187831989674,11.118235386417256
220709,San Martin,Tingo De Ponasa,1986,0.285108,0.0,0.3467984711726868,0.0,460.3187831989674,11.118235386417256
220709,San Martin,Tingo De Ponasa,1987,0.29737,0.0,0.3467984711726868,0.0,460.3187831989674,11.118235386417256
220709,San Martin,Tingo De Ponasa,1988,0.336604,0.0,0.3467984711726868,0.0,460.3187831989674,11.118235386417256
220709,San Martin,Tingo De Ponasa,1989,0.351147,0.0,0.3467984711726868,0.0,460.3187831989674,11.118235386417256
220709,San Martin,Tingo De Ponasa,1990,0.355776,0.0,0.3467984711726868,0.0,460.3187831989674,11.118235386417256
220709,San Martin,Tingo De Ponasa,1991,0.352023,0.0,0.3467984711726868,0.0,460.3187831989674,11.118235386417256
220709,San Martin,Tingo De Ponasa,1992,0.357184,0.0,0.3467984711726868,0.0,460.3187831989674,11.118235386417256
220709,San Martin,Tingo De Ponasa,1993,0.358002,0.0,0.3467984711726868,0.0,460.3187831989674,11.118235386417256
220709,San Martin,Tingo De Ponasa,1994,0.353643,0.0,0.3467984711726868,0.0,460.3187831989674,11.118235386417256
220709,San Martin,Tingo De Ponasa,1995,0.356578,0.0,0.3467984711726868,0.0,460.3187831989674,11.118235386417256
220709,San Martin,Tingo De Ponasa,1996,0.369761,0.0,0.3467984711726868,0.0,460.3187831989674,11.118235386417256
220709,San Martin,Tingo De Ponasa,1997,0.400369,0.0,0.3467984711726868,0.0,460.3187831989674,11.118235386417256
220709,San Martin,Tingo De Ponasa,1998,0.419935,0.0,0.3467984711726868,0.0,460.3187831989674,11.118235386417256
220709,San Martin,Tingo De Ponasa,1999,0.439637,0.0,0.3467984711726868,0.0,460.3187831989674,11.118235386417256
220709,San Martin,Tingo De Ponasa,2000,0.453579,0.0,0.3467984711726868,0.0,460.3187831989674,11.118235386417256
220709,San Martin,Tingo De Ponasa,2001,0.473215,0.0,0.3467984711726868,0.0,460.3187831989674,11.118235386417256
220709,San Martin,Tingo De Ponasa,2002,0.504445,0.0,0.3467984711726868,0.0,460.3187831989674,11.118235386417256
220709,San Martin,Tingo De Ponasa,2003,0.531356,0.0,0.3467984711726868,0.0,460.3187831989674,11.118235386417256
220709,San Martin,Tingo De Ponasa,2004,0.544126,0.0,0.3467984711726868,0.0,460.3187831989674,11.118235386417256
220709,San Martin,Tingo De Ponasa,2005,0.56595,0.0,0.3467984711726868,0.0,460.3187831989674,11.118235386417256
220709,San Martin,Tingo De Ponasa,2006,0.576367,0.0,0.3467984711726868,0.0,460.3187831989674,11.118235386417256
220709,San Martin,Tingo De Ponasa,2007,0.595031,0.0,0.3467984711726868,0.0,460.3187831989674,11.118235386417256
220709,San Martin,Tingo De Ponasa,2008,0.610683,0.0,0.3467984711726868,0.0,460.3187831989674,11.118235386417256
220709,San Martin,Tingo De Ponasa,2009,0.610649,0.0,0.3467984711726868,0.0,460.3187831989674,11.118235386417256
220709,San Martin,Tingo De Ponasa,2010,0.613452,0.0,0.3467984711726868,0.0,460.3187831989674,11.118235386417256
220709,San Martin,Tingo De Ponasa,2011,0.605107,0.0,0.3467984711726868,0.0,460.3187831989674,11.118235386417256
220709,San Martin,Tingo De Ponasa,2012,0.562872,0.0,0.3467984711726868,0.0,460.3187831989674,11.118235386417256
220709,San Martin,Tingo De Ponasa,2013,0.551595,0.0,0.3467984711726868,0.0,460.3187831989674,11.118235386417256
220709,San Martin,Tingo De Ponasa,2014,0.527603,0.0,0.3467984711726868,0.0,460.3187831989674,11.118235386417256
220709,San Martin,Tingo De Ponasa,2015,0.51853,0.0,0.3467984711726868,0.0,460.3187831989674,11.118235386417256
220709,San Martin,Tingo De Ponasa,2016,0.504617,0.0,0.3467984711726868,0.0,460.3187831989674,11.118235386417256
220709,San Martin,Tingo De Ponasa,2017,0.495195,0.0,0.3467984711726868,0.0,460.3187831989674,11.118235386417256
220709,San Martin,Tingo De Ponasa,2018,0.493713,0.0,0.3467984711726868,0.0,460.3187831989674,11.118235386417256
220709,San Martin,Tingo De Ponasa,2019,0.492228,0.0,0.3467984711726868,0.0,460.3187831989674,11.118235386417256
220709,San Martin,Tingo De Ponasa,2020,0.505393,0.0,0.3467984711726868,0.0,460.3187831989674,11.118235386417256
220709,San Martin,Tingo De Ponasa,2021,0.503752,0.0,0.3467984711726868,0.0,460.3187831989674,11.118235386417256
220709,San Martin,Tingo De Ponasa,2022,0.504241,0.0,0.3467984711726868,0.0,460.3187831989674,11.118235386417256
220709,San Martin,Tingo De Ponasa,2023,0.520444,0.0,0.3467984711726868,0.0,460.3187831989674,11.118235386417256
220709,San Martin,Tingo De Ponasa,2024,0.544915,0.0,0.3467984711726868,0.0,460.3187831989674,11.118235386417256
220710,San Martin,Tres Unidos,1985,0.126876,0.0,0.2667356521456751,0.0,817.7414673139637,12.317190816618949
220710,San Martin,Tres Unidos,1986,0.130914,0.0,0.2667356521456751,0.0,817.7414673139637,12.317190816618949
220710,San Martin,Tres Unidos,1987,0.128309,0.0,0.2667356521456751,0.0,817.7414673139637,12.317190816618949
220710,San Martin,Tres Unidos,1988,0.141047,0.0,0.2667356521456751,0.0,817.7414673139637,12.317190816618949
220710,San Martin,Tres Unidos,1989,0.150454,0.0,0.2667356521456751,0.0,817.7414673139637,12.317190816618949
220710,San Martin,Tres Unidos,1990,0.147771,0.0,0.2667356521456751,0.0,817.7414673139637,12.317190816618949
220710,San Martin,Tres Unidos,1991,0.142482,0.0,0.2667356521456751,0.0,817.7414673139637,12.317190816618949
220710,San Martin,Tres Unidos,1992,0.143903,0.0,0.2667356521456751,0.0,817.7414673139637,12.317190816618949
220710,San Martin,Tres Unidos,1993,0.147102,0.0,0.2667356521456751,0.0,817.7414673139637,12.317190816618949
220710,San Martin,Tres Unidos,1994,0.13799,0.0,0.2667356521456751,0.0,817.7414673139637,12.317190816618949
220710,San Martin,Tres Unidos,1995,0.131,0.0,0.2667356521456751,0.0,817.7414673139637,12.317190816618949
220710,San Martin,Tres Unidos,1996,0.131015,0.0,0.2667356521456751,0.0,817.7414673139637,12.317190816618949
220710,San Martin,Tres Unidos,1997,0.142449,0.0,0.2667356521456751,0.0,817.7414673139637,12.317190816618949
220710,San Martin,Tres Unidos,1998,0.160103,0.0,0.2667356521456751,0.0,817.7414673139637,12.317190816618949
220710,San Martin,Tres Unidos,1999,0.188308,0.0,0.2667356521456751,0.0,817.7414673139637,12.317190816618949
220710,San Martin,Tres Unidos,2000,0.204326,0.0,0.2667356521456751,0.0,817.7414673139637,12.317190816618949
220710,San Martin,Tres Unidos,2001,0.223315,0.080633,0.2667356521456751,0.0,817.7414673139637,12.317190816618949
220710,San Martin,Tres Unidos,2002,0.244923,0.080633,0.2667356521456751,0.0,817.7414673139637,12.317190816618949
220710,San Martin,Tres Unidos,2003,0.243982,0.080633,0.2667356521456751,0.0,817.7414673139637,12.317190816618949
220710,San Martin,Tres Unidos,2004,0.246179,0.080633,0.2667356521456751,0.0,817.7414673139637,12.317190816618949
220710,San Martin,Tres Unidos,2005,0.260999,0.080633,0.2667356521456751,0.0,817.7414673139637,12.317190816618949
220710,San Martin,Tres Unidos,2006,0.277668,0.080633,0.2667356521456751,0.0,817.7414673139637,12.317190816618949
220710,San Martin,Tres Unidos,2007,0.303947,0.080633,0.2667356521456751,0.0,817.7414673139637,12.317190816618949
220710,San Martin,Tres Unidos,2008,0.324704,0.080633,0.2667356521456751,0.0,817.7414673139637,12.317190816618949
220710,San Martin,Tres Unidos,2009,0.334147,0.080633,0.2667356521456751,0.0,817.7414673139637,12.317190816618949
220710,San Martin,Tres Unidos,2010,0.339754,0.080633,0.2667356521456751,0.0,817.7414673139637,12.317190816618949
220710,San Martin,Tres Unidos,2011,0.339601,0.080633,0.2667356521456751,0.0,817.7414673139637,12.317190816618949
220710,San Martin,Tres Unidos,2012,0.311442,0.080633,0.2667356521456751,0.0,817.7414673139637,12.317190816618949
220710,San Martin,Tres Unidos,2013,0.299753,0.080633,0.2667356521456751,0.0,817.7414673139637,12.317190816618949
220710,San Martin,Tres Unidos,2014,0.296538,0.080633,0.2667356521456751,0.0,817.7414673139637,12.317190816618949
220710,San Martin,Tres Unidos,2015,0.303695,0.080633,0.2667356521456751,0.0,817.7414673139637,12.317190816618949
220710,San Martin,Tres Unidos,2016,0.312764,0.080633,0.2667356521456751,0.0,817.7414673139637,12.317190816618949
220710,San Martin,Tres Unidos,2017,0.324625,0.080633,0.2667356521456751,0.0,817.7414673139637,12.317190816618949
220710,San Martin,Tres Unidos,2018,0.319428,0.080633,0.2667356521456751,0.0,817.7414673139637,12.317190816618949
220710,San Martin,Tres Unidos,2019,0.318513,0.080633,0.2667356521456751,0.0,817.7414673139637,12.317190816618949
220710,San Martin,Tres Unidos,2020,0.329242,0.080633,0.2667356521456751,0.0,817.7414673139637,12.317190816618949
220710,San Martin,Tres Unidos,2021,0.343113,0.080633,0.2667356521456751,0.0,817.7414673139637,12.317190816618949
220710,San Martin,Tres Unidos,2022,0.356556,0.080633,0.2667356521456751,0.0,817.7414673139637,12.317190816618949
220710,San Martin,Tres Unidos,2023,0.368256,0.080633,0.2667356521456751,0.0,817.7414673139637,12.317190816618949
220710,San Martin,Tres Unidos,2024,0.388783,0.080633,0.2667356521456751,0.0,817.7414673139637,12.317190816618949
220801,San Martin,Rioja,1985,0.409768,0.0,0.3534362344437025,0.0,988.4761480664382,9.882533828101131
220801,San Martin,Rioja,1986,0.409793,0.0,0.3534362344437025,0.0,988.4761480664382,9.882533828101131
220801,San Martin,Rioja,1987,0.488664,0.120253,0.3534362344437025,0.0,988.4761480664382,9.882533828101131
220801,San Martin,Rioja,1988,0.510783,0.120253,0.3534362344437025,0.0,988.4761480664382,9.882533828101131
220801,San Martin,Rioja,1989,0.512115,0.120253,0.3534362344437025,0.0,988.4761480664382,9.882533828101131
220801,San Martin,Rioja,1990,0.521103,0.120253,0.3534362344437025,0.0,988.4761480664382,9.882533828101131
220801,San Martin,Rioja,1991,0.512154,0.120253,0.3534362344437025,0.0,988.4761480664382,9.882533828101131
220801,San Martin,Rioja,1992,0.516094,0.120253,0.3534362344437025,0.0,988.4761480664382,9.882533828101131
220801,San Martin,Rioja,1993,0.514737,0.120253,0.3534362344437025,0.0,988.4761480664382,9.882533828101131
220801,San Martin,Rioja,1994,0.547882,0.120253,0.3534362344437025,0.0,988.4761480664382,9.882533828101131
220801,San Martin,Rioja,1995,0.577798,0.120253,0.3534362344437025,0.0,988.4761480664382,9.882533828101131
220801,San Martin,Rioja,1996,0.581615,0.120253,0.3534362344437025,0.0,988.4761480664382,9.882533828101131
220801,San Martin,Rioja,1997,0.584189,0.120253,0.3534362344437025,0.0,988.4761480664382,9.882533828101131
220801,San Martin,Rioja,1998,0.594739,0.120253,0.3534362344437025,0.0,988.4761480664382,9.882533828101131
220801,San Martin,Rioja,1999,0.603692,0.120253,0.3534362344437025,0.0,988.4761480664382,9.882533828101131
220801,San Martin,Rioja,2000,0.614262,0.120253,0.3534362344437025,0.0,988.4761480664382,9.882533828101131
220801,San Martin,Rioja,2001,0.61296,0.120253,0.3534362344437025,0.0,988.4761480664382,9.882533828101131
220801,San Martin,Rioja,2002,0.608692,0.120253,0.3534362344437025,0.0,988.4761480664382,9.882533828101131
220801,San Martin,Rioja,2003,0.606645,0.120253,0.3534362344437025,0.0,988.4761480664382,9.882533828101131
220801,San Martin,Rioja,2004,0.612207,0.120253,0.3534362344437025,0.0,988.4761480664382,9.882533828101131
220801,San Martin,Rioja,2005,0.622156,0.120253,0.3534362344437025,0.0,988.4761480664382,9.882533828101131
220801,San Martin,Rioja,2006,0.63031,0.120253,0.3534362344437025,0.0,988.4761480664382,9.882533828101131
220801,San Martin,Rioja,2007,0.624803,0.120253,0.3534362344437025,0.0,988.4761480664382,9.882533828101131
220801,San Martin,Rioja,2008,0.613501,0.120253,0.3534362344437025,0.0,988.4761480664382,9.882533828101131
220801,San Martin,Rioja,2009,0.605794,0.120253,0.3534362344437025,0.0,988.4761480664382,9.882533828101131
220801,San Martin,Rioja,2010,0.609343,0.120253,0.3534362344437025,0.0,988.4761480664382,9.882533828101131
220801,San Martin,Rioja,2011,0.607526,0.120253,0.3534362344437025,0.0,988.4761480664382,9.882533828101131
220801,San Martin,Rioja,2012,0.614777,0.120253,0.3534362344437025,0.0,988.4761480664382,9.882533828101131
220801,San Martin,Rioja,2013,0.624965,0.120253,0.3534362344437025,0.0,988.4761480664382,9.882533828101131
220801,San Martin,Rioja,2014,0.624237,0.120253,0.3534362344437025,0.0,988.4761480664382,9.882533828101131
220801,San Martin,Rioja,2015,0.616416,0.120253,0.3534362344437025,0.0,988.4761480664382,9.882533828101131
220801,San Martin,Rioja,2016,0.606952,0.120253,0.3534362344437025,0.0,988.4761480664382,9.882533828101131
220801,San Martin,Rioja,2017,0.605058,0.120253,0.3534362344437025,0.0,988.4761480664382,9.882533828101131
220801,San Martin,Rioja,2018,0.610705,0.120253,0.3534362344437025,0.0,988.4761480664382,9.882533828101131
220801,San Martin,Rioja,2019,0.616646,0.120253,0.3534362344437025,0.0,988.4761480664382,9.882533828101131
220801,San Martin,Rioja,2020,0.606403,0.120253,0.3534362344437025,0.0,988.4761480664382,9.882533828101131
220801,San Martin,Rioja,2021,0.600973,0.120253,0.3534362344437025,0.0,988.4761480664382,9.882533828101131
220801,San Martin,Rioja,2022,0.578759,0.120253,0.3534362344437025,0.0,988.4761480664382,9.882533828101131
220801,San Martin,Rioja,2023,0.595747,0.120253,0.3534362344437025,0.0,988.4761480664382,9.882533828101131
220801,San Martin,Rioja,2024,0.598858,0.120253,0.3534362344437025,0.0,988.4761480664382,9.882533828101131
220802,San Martin,Awajun,1985,0.090374,0.0,0.1598807394137874,0.0425345836371109,1540.2639292958888,15.279624729951568
220802,San Martin,Awajun,1986,0.090306,0.0,0.1598807394137874,0.0425345836371109,1540.2639292958888,15.279624729951568
220802,San Martin,Awajun,1987,0.111118,0.34834,0.1598807394137874,0.0425345836371109,1540.2639292958888,15.279624729951568
220802,San Martin,Awajun,1988,0.123507,0.34834,0.1598807394137874,0.0425345836371109,1540.2639292958888,15.279624729951568
220802,San Martin,Awajun,1989,0.12609,0.34834,0.1598807394137874,0.0425345836371109,1540.2639292958888,15.279624729951568
220802,San Martin,Awajun,1990,0.138918,0.34834,0.1598807394137874,0.0425345836371109,1540.2639292958888,15.279624729951568
220802,San Martin,Awajun,1991,0.145714,0.34834,0.1598807394137874,0.0425345836371109,1540.2639292958888,15.279624729951568
220802,San Martin,Awajun,1992,0.154203,0.34834,0.1598807394137874,0.0425345836371109,1540.2639292958888,15.279624729951568
220802,San Martin,Awajun,1993,0.167002,0.34834,0.1598807394137874,0.0425345836371109,1540.2639292958888,15.279624729951568
220802,San Martin,Awajun,1994,0.177578,0.34834,0.1598807394137874,0.0425345836371109,1540.2639292958888,15.279624729951568
220802,San Martin,Awajun,1995,0.182926,0.34834,0.1598807394137874,0.0425345836371109,1540.2639292958888,15.279624729951568
220802,San Martin,Awajun,1996,0.194249,0.34834,0.1598807394137874,0.0425345836371109,1540.2639292958888,15.279624729951568
220802,San Martin,Awajun,1997,0.193957,0.34834,0.1598807394137874,0.0425345836371109,1540.2639292958888,15.279624729951568
220802,San Martin,Awajun,1998,0.200423,0.34834,0.1598807394137874,0.0425345836371109,1540.2639292958888,15.279624729951568
220802,San Martin,Awajun,1999,0.206172,0.34834,0.1598807394137874,0.0425345836371109,1540.2639292958888,15.279624729951568
220802,San Martin,Awajun,2000,0.215035,0.34834,0.1598807394137874,0.0425345836371109,1540.2639292958888,15.279624729951568
220802,San Martin,Awajun,2001,0.225567,0.34834,0.1598807394137874,0.0425345836371109,1540.2639292958888,15.279624729951568
220802,San Martin,Awajun,2002,0.232798,0.34834,0.1598807394137874,0.0425345836371109,1540.2639292958888,15.279624729951568
220802,San Martin,Awajun,2003,0.25061,0.34834,0.1598807394137874,0.0425345836371109,1540.2639292958888,15.279624729951568
220802,San Martin,Awajun,2004,0.268388,0.34834,0.1598807394137874,0.0425345836371109,1540.2639292958888,15.279624729951568
220802,San Martin,Awajun,2005,0.285338,0.34834,0.1598807394137874,0.0425345836371109,1540.2639292958888,15.279624729951568
220802,San Martin,Awajun,2006,0.305853,0.34834,0.1598807394137874,0.0425345836371109,1540.2639292958888,15.279624729951568
220802,San Martin,Awajun,2007,0.32528,0.34834,0.1598807394137874,0.0425345836371109,1540.2639292958888,15.279624729951568
220802,San Martin,Awajun,2008,0.333597,0.34834,0.1598807394137874,0.0425345836371109,1540.2639292958888,15.279624729951568
220802,San Martin,Awajun,2009,0.358033,0.34834,0.1598807394137874,0.0425345836371109,1540.2639292958888,15.279624729951568
220802,San Martin,Awajun,2010,0.377344,0.34834,0.1598807394137874,0.0425345836371109,1540.2639292958888,15.279624729951568
220802,San Martin,Awajun,2011,0.374777,0.34834,0.1598807394137874,0.0425345836371109,1540.2639292958888,15.279624729951568
220802,San Martin,Awajun,2012,0.389286,0.34834,0.1598807394137874,0.0425345836371109,1540.2639292958888,15.279624729951568
220802,San Martin,Awajun,2013,0.394264,0.34834,0.1598807394137874,0.0425345836371109,1540.2639292958888,15.279624729951568
220802,San Martin,Awajun,2014,0.396212,0.34834,0.1598807394137874,0.0425345836371109,1540.2639292958888,15.279624729951568
220802,San Martin,Awajun,2015,0.392507,0.34834,0.1598807394137874,0.0425345836371109,1540.2639292958888,15.279624729951568
220802,San Martin,Awajun,2016,0.399375,0.34834,0.1598807394137874,0.0425345836371109,1540.2639292958888,15.279624729951568
220802,San Martin,Awajun,2017,0.404732,0.34834,0.1598807394137874,0.0425345836371109,1540.2639292958888,15.279624729951568
220802,San Martin,Awajun,2018,0.410906,0.34834,0.1598807394137874,0.0425345836371109,1540.2639292958888,15.279624729951568
220802,San Martin,Awajun,2019,0.410439,0.34834,0.1598807394137874,0.0425345836371109,1540.2639292958888,15.279624729951568
220802,San Martin,Awajun,2020,0.406487,0.34834,0.1598807394137874,0.0425345836371109,1540.2639292958888,15.279624729951568
220802,San Martin,Awajun,2021,0.3983,0.34834,0.1598807394137874,0.0425345836371109,1540.2639292958888,15.279624729951568
220802,San Martin,Awajun,2022,0.392683,0.34834,0.1598807394137874,0.0425345836371109,1540.2639292958888,15.279624729951568
220802,San Martin,Awajun,2023,0.409654,0.34834,0.1598807394137874,0.0425345836371109,1540.2639292958888,15.279624729951568
220802,San Martin,Awajun,2024,0.409605,0.34834,0.1598807394137874,0.0425345836371109,1540.2639292958888,15.279624729951568
220803,San Martin,Elias Soplin Vargas,1985,0.256116,0.0,0.1361003123266273,0.0,1388.3426639742058,19.06820801400872
220803,San Martin,Elias Soplin Vargas,1986,0.256116,0.0,0.1361003123266273,0.0,1388.3426639742058,19.06820801400872
220803,San Martin,Elias Soplin Vargas,1987,0.277403,0.415131,0.1361003123266273,0.0,1388.3426639742058,19.06820801400872
220803,San Martin,Elias Soplin Vargas,1988,0.2831,0.415131,0.1361003123266273,0.0,1388.3426639742058,19.06820801400872
220803,San Martin,Elias Soplin Vargas,1989,0.27442,0.415131,0.1361003123266273,0.0,1388.3426639742058,19.06820801400872
220803,San Martin,Elias Soplin Vargas,1990,0.277891,0.415131,0.1361003123266273,0.0,1388.3426639742058,19.06820801400872
220803,San Martin,Elias Soplin Vargas,1991,0.274021,0.415131,0.1361003123266273,0.0,1388.3426639742058,19.06820801400872
220803,San Martin,Elias Soplin Vargas,1992,0.278579,0.415131,0.1361003123266273,0.0,1388.3426639742058,19.06820801400872
220803,San Martin,Elias Soplin Vargas,1993,0.279976,0.415131,0.1361003123266273,0.0,1388.3426639742058,19.06820801400872
220803,San Martin,Elias Soplin Vargas,1994,0.293229,0.415131,0.1361003123266273,0.0,1388.3426639742058,19.06820801400872
220803,San Martin,Elias Soplin Vargas,1995,0.302371,0.415131,0.1361003123266273,0.0,1388.3426639742058,19.06820801400872
220803,San Martin,Elias Soplin Vargas,1996,0.305836,0.415131,0.1361003123266273,0.0,1388.3426639742058,19.06820801400872
220803,San Martin,Elias Soplin Vargas,1997,0.324871,0.415131,0.1361003123266273,0.0,1388.3426639742058,19.06820801400872
220803,San Martin,Elias Soplin Vargas,1998,0.340571,0.415131,0.1361003123266273,0.0,1388.3426639742058,19.06820801400872
220803,San Martin,Elias Soplin Vargas,1999,0.35332,0.415131,0.1361003123266273,0.0,1388.3426639742058,19.06820801400872
220803,San Martin,Elias Soplin Vargas,2000,0.358712,0.415131,0.1361003123266273,0.0,1388.3426639742058,19.06820801400872
220803,San Martin,Elias Soplin Vargas,2001,0.367917,0.415131,0.1361003123266273,0.0,1388.3426639742058,19.06820801400872
220803,San Martin,Elias Soplin Vargas,2002,0.355441,0.415131,0.1361003123266273,0.0,1388.3426639742058,19.06820801400872
220803,San Martin,Elias Soplin Vargas,2003,0.35771,0.415131,0.1361003123266273,0.0,1388.3426639742058,19.06820801400872
220803,San Martin,Elias Soplin Vargas,2004,0.358014,0.415131,0.1361003123266273,0.0,1388.3426639742058,19.06820801400872
220803,San Martin,Elias Soplin Vargas,2005,0.356134,0.415131,0.1361003123266273,0.0,1388.3426639742058,19.06820801400872
220803,San Martin,Elias Soplin Vargas,2006,0.35343,0.415131,0.1361003123266273,0.0,1388.3426639742058,19.06820801400872
220803,San Martin,Elias Soplin Vargas,2007,0.345585,0.415131,0.1361003123266273,0.0,1388.3426639742058,19.06820801400872
220803,San Martin,Elias Soplin Vargas,2008,0.343333,0.415131,0.1361003123266273,0.0,1388.3426639742058,19.06820801400872
220803,San Martin,Elias Soplin Vargas,2009,0.33742,0.415131,0.1361003123266273,0.0,1388.3426639742058,19.06820801400872
220803,San Martin,Elias Soplin Vargas,2010,0.332999,0.415131,0.1361003123266273,0.0,1388.3426639742058,19.06820801400872
220803,San Martin,Elias Soplin Vargas,2011,0.331308,0.415131,0.1361003123266273,0.0,1388.3426639742058,19.06820801400872
220803,San Martin,Elias Soplin Vargas,2012,0.33543,0.415131,0.1361003123266273,0.0,1388.3426639742058,19.06820801400872
220803,San Martin,Elias Soplin Vargas,2013,0.335666,0.415131,0.1361003123266273,0.0,1388.3426639742058,19.06820801400872
220803,San Martin,Elias Soplin Vargas,2014,0.328567,0.415131,0.1361003123266273,0.0,1388.3426639742058,19.06820801400872
220803,San Martin,Elias Soplin Vargas,2015,0.31597,0.415131,0.1361003123266273,0.0,1388.3426639742058,19.06820801400872
220803,San Martin,Elias Soplin Vargas,2016,0.310882,0.415131,0.1361003123266273,0.0,1388.3426639742058,19.06820801400872
220803,San Martin,Elias Soplin Vargas,2017,0.31187,0.415131,0.1361003123266273,0.0,1388.3426639742058,19.06820801400872
220803,San Martin,Elias Soplin Vargas,2018,0.313067,0.415131,0.1361003123266273,0.0,1388.3426639742058,19.06820801400872
220803,San Martin,Elias Soplin Vargas,2019,0.309801,0.415131,0.1361003123266273,0.0,1388.3426639742058,19.06820801400872
220803,San Martin,Elias Soplin Vargas,2020,0.308309,0.415131,0.1361003123266273,0.0,1388.3426639742058,19.06820801400872
220803,San Martin,Elias Soplin Vargas,2021,0.301336,0.415131,0.1361003123266273,0.0,1388.3426639742058,19.06820801400872
220803,San Martin,Elias Soplin Vargas,2022,0.293161,0.415131,0.1361003123266273,0.0,1388.3426639742058,19.06820801400872
220803,San Martin,Elias Soplin Vargas,2023,0.300181,0.415131,0.1361003123266273,0.0,1388.3426639742058,19.06820801400872
220803,San Martin,Elias Soplin Vargas,2024,0.313781,0.415131,0.1361003123266273,0.0,1388.3426639742058,19.06820801400872
220804,San Martin,Nueva Cajamarca,1985,0.248613,0.0,0.2745860367102919,0.0,1457.961795006704,17.94593474577938
220804,San Martin,Nueva Cajamarca,1986,0.248504,0.0,0.2745860367102919,0.0,1457.961795006704,17.94593474577938
220804,San Martin,Nueva Cajamarca,1987,0.29821,0.40854,0.2745860367102919,0.0,1457.961795006704,17.94593474577938
220804,San Martin,Nueva Cajamarca,1988,0.301077,0.40854,0.2745860367102919,0.0,1457.961795006704,17.94593474577938
220804,San Martin,Nueva Cajamarca,1989,0.293684,0.40854,0.2745860367102919,0.0,1457.961795006704,17.94593474577938
220804,San Martin,Nueva Cajamarca,1990,0.297741,0.40854,0.2745860367102919,0.0,1457.961795006704,17.94593474577938
220804,San Martin,Nueva Cajamarca,1991,0.30109,0.40854,0.2745860367102919,0.0,1457.961795006704,17.94593474577938
220804,San Martin,Nueva Cajamarca,1992,0.310105,0.40854,0.2745860367102919,0.0,1457.961795006704,17.94593474577938
220804,San Martin,Nueva Cajamarca,1993,0.30969,0.40854,0.2745860367102919,0.0,1457.961795006704,17.94593474577938
220804,San Martin,Nueva Cajamarca,1994,0.326441,0.40854,0.2745860367102919,0.0,1457.961795006704,17.94593474577938
220804,San Martin,Nueva Cajamarca,1995,0.334247,0.40854,0.2745860367102919,0.0,1457.961795006704,17.94593474577938
220804,San Martin,Nueva Cajamarca,1996,0.351018,0.40854,0.2745860367102919,0.0,1457.961795006704,17.94593474577938
220804,San Martin,Nueva Cajamarca,1997,0.359178,0.40854,0.2745860367102919,0.0,1457.961795006704,17.94593474577938
220804,San Martin,Nueva Cajamarca,1998,0.372753,0.40854,0.2745860367102919,0.0,1457.961795006704,17.94593474577938
220804,San Martin,Nueva Cajamarca,1999,0.381022,0.40854,0.2745860367102919,0.0,1457.961795006704,17.94593474577938
220804,San Martin,Nueva Cajamarca,2000,0.388631,0.40854,0.2745860367102919,0.0,1457.961795006704,17.94593474577938
220804,San Martin,Nueva Cajamarca,2001,0.395553,0.40854,0.2745860367102919,0.0,1457.961795006704,17.94593474577938
220804,San Martin,Nueva Cajamarca,2002,0.390514,0.40854,0.2745860367102919,0.0,1457.961795006704,17.94593474577938
220804,San Martin,Nueva Cajamarca,2003,0.390873,0.40854,0.2745860367102919,0.0,1457.961795006704,17.94593474577938
220804,San Martin,Nueva Cajamarca,2004,0.390322,0.40854,0.2745860367102919,0.0,1457.961795006704,17.94593474577938
220804,San Martin,Nueva Cajamarca,2005,0.39213,0.40854,0.2745860367102919,0.0,1457.961795006704,17.94593474577938
220804,San Martin,Nueva Cajamarca,2006,0.390623,0.40854,0.2745860367102919,0.0,1457.961795006704,17.94593474577938
220804,San Martin,Nueva Cajamarca,2007,0.389089,0.40854,0.2745860367102919,0.0,1457.961795006704,17.94593474577938
220804,San Martin,Nueva Cajamarca,2008,0.391238,0.40854,0.2745860367102919,0.0,1457.961795006704,17.94593474577938
220804,San Martin,Nueva Cajamarca,2009,0.386054,0.40854,0.2745860367102919,0.0,1457.961795006704,17.94593474577938
220804,San Martin,Nueva Cajamarca,2010,0.383677,0.40854,0.2745860367102919,0.0,1457.961795006704,17.94593474577938
220804,San Martin,Nueva Cajamarca,2011,0.377758,0.40854,0.2745860367102919,0.0,1457.961795006704,17.94593474577938
220804,San Martin,Nueva Cajamarca,2012,0.375011,0.40854,0.2745860367102919,0.0,1457.961795006704,17.94593474577938
220804,San Martin,Nueva Cajamarca,2013,0.361797,0.40854,0.2745860367102919,0.0,1457.961795006704,17.94593474577938
220804,San Martin,Nueva Cajamarca,2014,0.358153,0.40854,0.2745860367102919,0.0,1457.961795006704,17.94593474577938
220804,San Martin,Nueva Cajamarca,2015,0.350778,0.40854,0.2745860367102919,0.0,1457.961795006704,17.94593474577938
220804,San Martin,Nueva Cajamarca,2016,0.351862,0.40854,0.2745860367102919,0.0,1457.961795006704,17.94593474577938
220804,San Martin,Nueva Cajamarca,2017,0.349854,0.40854,0.2745860367102919,0.0,1457.961795006704,17.94593474577938
220804,San Martin,Nueva Cajamarca,2018,0.361915,0.40854,0.2745860367102919,0.0,1457.961795006704,17.94593474577938
220804,San Martin,Nueva Cajamarca,2019,0.361499,0.40854,0.2745860367102919,0.0,1457.961795006704,17.94593474577938
220804,San Martin,Nueva Cajamarca,2020,0.359492,0.40854,0.2745860367102919,0.0,1457.961795006704,17.94593474577938
220804,San Martin,Nueva Cajamarca,2021,0.351185,0.40854,0.2745860367102919,0.0,1457.961795006704,17.94593474577938
220804,San Martin,Nueva Cajamarca,2022,0.347961,0.40854,0.2745860367102919,0.0,1457.961795006704,17.94593474577938
220804,San Martin,Nueva Cajamarca,2023,0.353704,0.40854,0.2745860367102919,0.0,1457.961795006704,17.94593474577938
220804,San Martin,Nueva Cajamarca,2024,0.356055,0.40854,0.2745860367102919,0.0,1457.961795006704,17.94593474577938
220806,San Martin,Posic,1985,0.38247,0.0,0.5342219096979377,0.0113487255221432,817.9373865209341,2.373367553970323
220806,San Martin,Posic,1986,0.38247,0.0,0.5342219096979377,0.0113487255221432,817.9373865209341,2.373367553970323
220806,San Martin,Posic,1987,0.445933,0.0,0.5342219096979377,0.0113487255221432,817.9373865209341,2.373367553970323
220806,San Martin,Posic,1988,0.465469,0.0,0.5342219096979377,0.0113487255221432,817.9373865209341,2.373367553970323
220806,San Martin,Posic,1989,0.467888,0.0,0.5342219096979377,0.0113487255221432,817.9373865209341,2.373367553970323
220806,San Martin,Posic,1990,0.48783,0.0,0.5342219096979377,0.0113487255221432,817.9373865209341,2.373367553970323
220806,San Martin,Posic,1991,0.486748,0.0,0.5342219096979377,0.0113487255221432,817.9373865209341,2.373367553970323
220806,San Martin,Posic,1992,0.490722,0.0,0.5342219096979377,0.0113487255221432,817.9373865209341,2.373367553970323
220806,San Martin,Posic,1993,0.492397,0.0,0.5342219096979377,0.0113487255221432,817.9373865209341,2.373367553970323
220806,San Martin,Posic,1994,0.510631,0.0,0.5342219096979377,0.0113487255221432,817.9373865209341,2.373367553970323
220806,San Martin,Posic,1995,0.518513,0.0,0.5342219096979377,0.0113487255221432,817.9373865209341,2.373367553970323
220806,San Martin,Posic,1996,0.519342,0.0,0.5342219096979377,0.0113487255221432,817.9373865209341,2.373367553970323
220806,San Martin,Posic,1997,0.505945,0.0,0.5342219096979377,0.0113487255221432,817.9373865209341,2.373367553970323
220806,San Martin,Posic,1998,0.495814,0.0,0.5342219096979377,0.0113487255221432,817.9373865209341,2.373367553970323
220806,San Martin,Posic,1999,0.47325,0.0,0.5342219096979377,0.0113487255221432,817.9373865209341,2.373367553970323
220806,San Martin,Posic,2000,0.501125,0.0,0.5342219096979377,0.0113487255221432,817.9373865209341,2.373367553970323
220806,San Martin,Posic,2001,0.498216,0.0,0.5342219096979377,0.0113487255221432,817.9373865209341,2.373367553970323
220806,San Martin,Posic,2002,0.485445,0.0,0.5342219096979377,0.0113487255221432,817.9373865209341,2.373367553970323
220806,San Martin,Posic,2003,0.469444,0.0,0.5342219096979377,0.0113487255221432,817.9373865209341,2.373367553970323
220806,San Martin,Posic,2004,0.492701,0.0,0.5342219096979377,0.0113487255221432,817.9373865209341,2.373367553970323
220806,San Martin,Posic,2005,0.496355,0.0,0.5342219096979377,0.0113487255221432,817.9373865209341,2.373367553970323
220806,San Martin,Posic,2006,0.506115,0.0,0.5342219096979377,0.0113487255221432,817.9373865209341,2.373367553970323
220806,San Martin,Posic,2007,0.50422,0.0,0.5342219096979377,0.0113487255221432,817.9373865209341,2.373367553970323
220806,San Martin,Posic,2008,0.477715,0.0,0.5342219096979377,0.0113487255221432,817.9373865209341,2.373367553970323
220806,San Martin,Posic,2009,0.48306,0.0,0.5342219096979377,0.0113487255221432,817.9373865209341,2.373367553970323
220806,San Martin,Posic,2010,0.481369,0.0,0.5342219096979377,0.0113487255221432,817.9373865209341,2.373367553970323
220806,San Martin,Posic,2011,0.474586,0.0,0.5342219096979377,0.0113487255221432,817.9373865209341,2.373367553970323
220806,San Martin,Posic,2012,0.476836,0.0,0.5342219096979377,0.0113487255221432,817.9373865209341,2.373367553970323
220806,San Martin,Posic,2013,0.470408,0.0,0.5342219096979377,0.0113487255221432,817.9373865209341,2.373367553970323
220806,San Martin,Posic,2014,0.479745,0.0,0.5342219096979377,0.0113487255221432,817.9373865209341,2.373367553970323
220806,San Martin,Posic,2015,0.45779,0.0,0.5342219096979377,0.0113487255221432,817.9373865209341,2.373367553970323
220806,San Martin,Posic,2016,0.457722,0.0,0.5342219096979377,0.0113487255221432,817.9373865209341,2.373367553970323
220806,San Martin,Posic,2017,0.441721,0.0,0.5342219096979377,0.0113487255221432,817.9373865209341,2.373367553970323
220806,San Martin,Posic,2018,0.488591,0.0,0.5342219096979377,0.0113487255221432,817.9373865209341,2.373367553970323
220806,San Martin,Posic,2019,0.497894,0.0,0.5342219096979377,0.0113487255221432,817.9373865209341,2.373367553970323
220806,San Martin,Posic,2020,0.483568,0.0,0.5342219096979377,0.0113487255221432,817.9373865209341,2.373367553970323
220806,San Martin,Posic,2021,0.497996,0.0,0.5342219096979377,0.0113487255221432,817.9373865209341,2.373367553970323
220806,San Martin,Posic,2022,0.463101,0.0,0.5342219096979377,0.0113487255221432,817.9373865209341,2.373367553970323
220806,San Martin,Posic,2023,0.514487,0.0,0.5342219096979377,0.0113487255221432,817.9373865209341,2.373367553970323
220806,San Martin,Posic,2024,0.516517,0.0,0.5342219096979377,0.0113487255221432,817.9373865209341,2.373367553970323
220807,San Martin,San Fernando,1985,0.475632,0.0,0.6555145419165492,0.2599587109266135,822.922207337744,2.0946915692424675
220807,San Martin,San Fernando,1986,0.47558,0.0,0.6555145419165492,0.2599587109266135,822.922207337744,2.0946915692424675
220807,San Martin,San Fernando,1987,0.666821,0.0,0.6555145419165492,0.2599587109266135,822.922207337744,2.0946915692424675
220807,San Martin,San Fernando,1988,0.643399,0.0,0.6555145419165492,0.2599587109266135,822.922207337744,2.0946915692424675
220807,San Martin,San Fernando,1989,0.564496,0.0,0.6555145419165492,0.2599587109266135,822.922207337744,2.0946915692424675
220807,San Martin,San Fernando,1990,0.546993,0.0,0.6555145419165492,0.2599587109266135,822.922207337744,2.0946915692424675
220807,San Martin,San Fernando,1991,0.54689,0.0,0.6555145419165492,0.2599587109266135,822.922207337744,2.0946915692424675
220807,San Martin,San Fernando,1992,0.610594,0.0,0.6555145419165492,0.2599587109266135,822.922207337744,2.0946915692424675
220807,San Martin,San Fernando,1993,0.635587,0.0,0.6555145419165492,0.2599587109266135,822.922207337744,2.0946915692424675
220807,San Martin,San Fernando,1994,0.661931,0.0,0.6555145419165492,0.2599587109266135,822.922207337744,2.0946915692424675
220807,San Martin,San Fernando,1995,0.676151,0.0,0.6555145419165492,0.2599587109266135,822.922207337744,2.0946915692424675
220807,San Martin,San Fernando,1996,0.699741,0.0,0.6555145419165492,0.2599587109266135,822.922207337744,2.0946915692424675
220807,San Martin,San Fernando,1997,0.693474,0.0,0.6555145419165492,0.2599587109266135,822.922207337744,2.0946915692424675
220807,San Martin,San Fernando,1998,0.694002,0.0,0.6555145419165492,0.2599587109266135,822.922207337744,2.0946915692424675
220807,San Martin,San Fernando,1999,0.691621,0.0,0.6555145419165492,0.2599587109266135,822.922207337744,2.0946915692424675
220807,San Martin,San Fernando,2000,0.723241,0.0,0.6555145419165492,0.2599587109266135,822.922207337744,2.0946915692424675
220807,San Martin,San Fernando,2001,0.748594,0.0,0.6555145419165492,0.2599587109266135,822.922207337744,2.0946915692424675
220807,San Martin,San Fernando,2002,0.735918,0.0,0.6555145419165492,0.2599587109266135,822.922207337744,2.0946915692424675
220807,San Martin,San Fernando,2003,0.736046,0.0,0.6555145419165492,0.2599587109266135,822.922207337744,2.0946915692424675
220807,San Martin,San Fernando,2004,0.757989,0.0,0.6555145419165492,0.2599587109266135,822.922207337744,2.0946915692424675
220807,San Martin,San Fernando,2005,0.76405,0.0,0.6555145419165492,0.2599587109266135,822.922207337744,2.0946915692424675
220807,San Martin,San Fernando,2006,0.762506,0.0,0.6555145419165492,0.2599587109266135,822.922207337744,2.0946915692424675
220807,San Martin,San Fernando,2007,0.743588,0.0,0.6555145419165492,0.2599587109266135,822.922207337744,2.0946915692424675
220807,San Martin,San Fernando,2008,0.733846,0.0,0.6555145419165492,0.2599587109266135,822.922207337744,2.0946915692424675
220807,San Martin,San Fernando,2009,0.745081,0.0,0.6555145419165492,0.2599587109266135,822.922207337744,2.0946915692424675
220807,San Martin,San Fernando,2010,0.7662,0.0,0.6555145419165492,0.2599587109266135,822.922207337744,2.0946915692424675
220807,San Martin,San Fernando,2011,0.746175,0.0,0.6555145419165492,0.2599587109266135,822.922207337744,2.0946915692424675
220807,San Martin,San Fernando,2012,0.756457,0.0,0.6555145419165492,0.2599587109266135,822.922207337744,2.0946915692424675
220807,San Martin,San Fernando,2013,0.698197,0.0,0.6555145419165492,0.2599587109266135,822.922207337744,2.0946915692424675
220807,San Martin,San Fernando,2014,0.72512,0.0,0.6555145419165492,0.2599587109266135,822.922207337744,2.0946915692424675
220807,San Martin,San Fernando,2015,0.667413,0.0,0.6555145419165492,0.2599587109266135,822.922207337744,2.0946915692424675
220807,San Martin,San Fernando,2016,0.661673,0.0,0.6555145419165492,0.2599587109266135,822.922207337744,2.0946915692424675
220807,San Martin,San Fernando,2017,0.661493,0.0,0.6555145419165492,0.2599587109266135,822.922207337744,2.0946915692424675
220807,San Martin,San Fernando,2018,0.750293,0.0,0.6555145419165492,0.2599587109266135,822.922207337744,2.0946915692424675
220807,San Martin,San Fernando,2019,0.737166,0.0,0.6555145419165492,0.2599587109266135,822.922207337744,2.0946915692424675
220807,San Martin,San Fernando,2020,0.721092,0.0,0.6555145419165492,0.2599587109266135,822.922207337744,2.0946915692424675
220807,San Martin,San Fernando,2021,0.735428,0.0,0.6555145419165492,0.2599587109266135,822.922207337744,2.0946915692424675
220807,San Martin,San Fernando,2022,0.702997,0.0,0.6555145419165492,0.2599587109266135,822.922207337744,2.0946915692424675
220807,San Martin,San Fernando,2023,0.788258,0.0,0.6555145419165492,0.2599587109266135,822.922207337744,2.0946915692424675
220807,San Martin,San Fernando,2024,0.768954,0.0,0.6555145419165492,0.2599587109266135,822.922207337744,2.0946915692424675
220808,San Martin,Yorongos,1985,0.345526,0.0,0.4216860754498142,0.0,1120.1155192127785,13.80771184981054
220808,San Martin,Yorongos,1986,0.345504,0.0,0.4216860754498142,0.0,1120.1155192127785,13.80771184981054
220808,San Martin,Yorongos,1987,0.392739,0.0,0.4216860754498142,0.0,1120.1155192127785,13.80771184981054
220808,San Martin,Yorongos,1988,0.421825,0.0,0.4216860754498142,0.0,1120.1155192127785,13.80771184981054
220808,San Martin,Yorongos,1989,0.404275,0.0,0.4216860754498142,0.0,1120.1155192127785,13.80771184981054
220808,San Martin,Yorongos,1990,0.41566,0.0,0.4216860754498142,0.0,1120.1155192127785,13.80771184981054
220808,San Martin,Yorongos,1991,0.403319,0.0,0.4216860754498142,0.0,1120.1155192127785,13.80771184981054
220808,San Martin,Yorongos,1992,0.402177,0.0,0.4216860754498142,0.0,1120.1155192127785,13.80771184981054
220808,San Martin,Yorongos,1993,0.399632,0.0,0.4216860754498142,0.0,1120.1155192127785,13.80771184981054
220808,San Martin,Yorongos,1994,0.442354,0.0,0.4216860754498142,0.0,1120.1155192127785,13.80771184981054
220808,San Martin,Yorongos,1995,0.470843,0.0,0.4216860754498142,0.0,1120.1155192127785,13.80771184981054
220808,San Martin,Yorongos,1996,0.480205,0.0,0.4216860754498142,0.0,1120.1155192127785,13.80771184981054
220808,San Martin,Yorongos,1997,0.507008,0.0,0.4216860754498142,0.0,1120.1155192127785,13.80771184981054
220808,San Martin,Yorongos,1998,0.526221,0.0,0.4216860754498142,0.0,1120.1155192127785,13.80771184981054
220808,San Martin,Yorongos,1999,0.532245,0.0,0.4216860754498142,0.0,1120.1155192127785,13.80771184981054
220808,San Martin,Yorongos,2000,0.55036,0.0,0.4216860754498142,0.0,1120.1155192127785,13.80771184981054
220808,San Martin,Yorongos,2001,0.552992,0.0,0.4216860754498142,0.0,1120.1155192127785,13.80771184981054
220808,San Martin,Yorongos,2002,0.552611,0.0,0.4216860754498142,0.0,1120.1155192127785,13.80771184981054
220808,San Martin,Yorongos,2003,0.542836,0.0,0.4216860754498142,0.0,1120.1155192127785,13.80771184981054
220808,San Martin,Yorongos,2004,0.553775,0.0,0.4216860754498142,0.0,1120.1155192127785,13.80771184981054
220808,San Martin,Yorongos,2005,0.560973,0.0,0.4216860754498142,0.0,1120.1155192127785,13.80771184981054
220808,San Martin,Yorongos,2006,0.567519,0.0,0.4216860754498142,0.0,1120.1155192127785,13.80771184981054
220808,San Martin,Yorongos,2007,0.573238,0.0,0.4216860754498142,0.0,1120.1155192127785,13.80771184981054
220808,San Martin,Yorongos,2008,0.56031,0.0,0.4216860754498142,0.0,1120.1155192127785,13.80771184981054
220808,San Martin,Yorongos,2009,0.552829,0.0,0.4216860754498142,0.0,1120.1155192127785,13.80771184981054
220808,San Martin,Yorongos,2010,0.573651,0.0,0.4216860754498142,0.0,1120.1155192127785,13.80771184981054
220808,San Martin,Yorongos,2011,0.548545,0.0,0.4216860754498142,0.0,1120.1155192127785,13.80771184981054
220808,San Martin,Yorongos,2012,0.562702,0.0,0.4216860754498142,0.0,1120.1155192127785,13.80771184981054
220808,San Martin,Yorongos,2013,0.584579,0.0,0.4216860754498142,0.0,1120.1155192127785,13.80771184981054
220808,San Martin,Yorongos,2014,0.582883,0.0,0.4216860754498142,0.0,1120.1155192127785,13.80771184981054
220808,San Martin,Yorongos,2015,0.571238,0.0,0.4216860754498142,0.0,1120.1155192127785,13.80771184981054
220808,San Martin,Yorongos,2016,0.559929,0.0,0.4216860754498142,0.0,1120.1155192127785,13.80771184981054
220808,San Martin,Yorongos,2017,0.556656,0.0,0.4216860754498142,0.0,1120.1155192127785,13.80771184981054
220808,San Martin,Yorongos,2018,0.559973,0.0,0.4216860754498142,0.0,1120.1155192127785,13.80771184981054
220808,San Martin,Yorongos,2019,0.549588,0.0,0.4216860754498142,0.0,1120.1155192127785,13.80771184981054
220808,San Martin,Yorongos,2020,0.545544,0.0,0.4216860754498142,0.0,1120.1155192127785,13.80771184981054
220808,San Martin,Yorongos,2021,0.544858,0.0,0.4216860754498142,0.0,1120.1155192127785,13.80771184981054
220808,San Martin,Yorongos,2022,0.537388,0.0,0.4216860754498142,0.0,1120.1155192127785,13.80771184981054
220808,San Martin,Yorongos,2023,0.559864,0.0,0.4216860754498142,0.0,1120.1155192127785,13.80771184981054
220808,San Martin,Yorongos,2024,0.565366,0.0,0.4216860754498142,0.0,1120.1155192127785,13.80771184981054
220809,San Martin,Yuracyacu,1985,0.461419,0.0,0.8894585671616939,0.1686049140391356,818.7037358421629,2.0030946161523
220809,San Martin,Yuracyacu,1986,0.461391,0.0,0.8894585671616939,0.1686049140391356,818.7037358421629,2.0030946161523
220809,San Martin,Yuracyacu,1987,0.679804,0.0,0.8894585671616939,0.1686049140391356,818.7037358421629,2.0030946161523
220809,San Martin,Yuracyacu,1988,0.678629,0.0,0.8894585671616939,0.1686049140391356,818.7037358421629,2.0030946161523
220809,San Martin,Yuracyacu,1989,0.612775,0.0,0.8894585671616939,0.1686049140391356,818.7037358421629,2.0030946161523
220809,San Martin,Yuracyacu,1990,0.577763,0.0,0.8894585671616939,0.1686049140391356,818.7037358421629,2.0030946161523
220809,San Martin,Yuracyacu,1991,0.594244,0.0,0.8894585671616939,0.1686049140391356,818.7037358421629,2.0030946161523
220809,San Martin,Yuracyacu,1992,0.644032,0.0,0.8894585671616939,0.1686049140391356,818.7037358421629,2.0030946161523
220809,San Martin,Yuracyacu,1993,0.652674,0.0,0.8894585671616939,0.1686049140391356,818.7037358421629,2.0030946161523
220809,San Martin,Yuracyacu,1994,0.719144,0.0,0.8894585671616939,0.1686049140391356,818.7037358421629,2.0030946161523
220809,San Martin,Yuracyacu,1995,0.721494,0.0,0.8894585671616939,0.1686049140391356,818.7037358421629,2.0030946161523
220809,San Martin,Yuracyacu,1996,0.738004,0.0,0.8894585671616939,0.1686049140391356,818.7037358421629,2.0030946161523
220809,San Martin,Yuracyacu,1997,0.699567,0.0,0.8894585671616939,0.1686049140391356,818.7037358421629,2.0030946161523
220809,San Martin,Yuracyacu,1998,0.723444,0.0,0.8894585671616939,0.1686049140391356,818.7037358421629,2.0030946161523
220809,San Martin,Yuracyacu,1999,0.733805,0.0,0.8894585671616939,0.1686049140391356,818.7037358421629,2.0030946161523
220809,San Martin,Yuracyacu,2000,0.753225,0.0,0.8894585671616939,0.1686049140391356,818.7037358421629,2.0030946161523
220809,San Martin,Yuracyacu,2001,0.773661,0.0,0.8894585671616939,0.1686049140391356,818.7037358421629,2.0030946161523
220809,San Martin,Yuracyacu,2002,0.741086,0.0,0.8894585671616939,0.1686049140391356,818.7037358421629,2.0030946161523
220809,San Martin,Yuracyacu,2003,0.764059,0.0,0.8894585671616939,0.1686049140391356,818.7037358421629,2.0030946161523
220809,San Martin,Yuracyacu,2004,0.779752,0.0,0.8894585671616939,0.1686049140391356,818.7037358421629,2.0030946161523
220809,San Martin,Yuracyacu,2005,0.788695,0.0,0.8894585671616939,0.1686049140391356,818.7037358421629,2.0030946161523
220809,San Martin,Yuracyacu,2006,0.782963,0.0,0.8894585671616939,0.1686049140391356,818.7037358421629,2.0030946161523
220809,San Martin,Yuracyacu,2007,0.761695,0.0,0.8894585671616939,0.1686049140391356,818.7037358421629,2.0030946161523
220809,San Martin,Yuracyacu,2008,0.755518,0.0,0.8894585671616939,0.1686049140391356,818.7037358421629,2.0030946161523
220809,San Martin,Yuracyacu,2009,0.757352,0.0,0.8894585671616939,0.1686049140391356,818.7037358421629,2.0030946161523
220809,San Martin,Yuracyacu,2010,0.772744,0.0,0.8894585671616939,0.1686049140391356,818.7037358421629,2.0030946161523
220809,San Martin,Yuracyacu,2011,0.758728,0.0,0.8894585671616939,0.1686049140391356,818.7037358421629,2.0030946161523
220809,San Martin,Yuracyacu,2012,0.764131,0.0,0.8894585671616939,0.1686049140391356,818.7037358421629,2.0030946161523
220809,San Martin,Yuracyacu,2013,0.679116,0.0,0.8894585671616939,0.1686049140391356,818.7037358421629,2.0030946161523
220809,San Martin,Yuracyacu,2014,0.708897,0.0,0.8894585671616939,0.1686049140391356,818.7037358421629,2.0030946161523
220809,San Martin,Yuracyacu,2015,0.687801,0.0,0.8894585671616939,0.1686049140391356,818.7037358421629,2.0030946161523
220809,San Martin,Yuracyacu,2016,0.683014,0.0,0.8894585671616939,0.1686049140391356,818.7037358421629,2.0030946161523
220809,San Martin,Yuracyacu,2017,0.695526,0.0,0.8894585671616939,0.1686049140391356,818.7037358421629,2.0030946161523
220809,San Martin,Yuracyacu,2018,0.778677,0.0,0.8894585671616939,0.1686049140391356,818.7037358421629,2.0030946161523
220809,San Martin,Yuracyacu,2019,0.768617,0.0,0.8894585671616939,0.1686049140391356,818.7037358421629,2.0030946161523
220809,San Martin,Yuracyacu,2020,0.751247,0.0,0.8894585671616939,0.1686049140391356,818.7037358421629,2.0030946161523
220809,San Martin,Yuracyacu,2021,0.754973,0.0,0.8894585671616939,0.1686049140391356,818.7037358421629,2.0030946161523
220809,San Martin,Yuracyacu,2022,0.745328,0.0,0.8894585671616939,0.1686049140391356,818.7037358421629,2.0030946161523
220809,San Martin,Yuracyacu,2023,0.812428,0.0,0.8894585671616939,0.1686049140391356,818.7037358421629,2.0030946161523
220809,San Martin,Yuracyacu,2024,0.810766,0.0,0.8894585671616939,0.1686049140391356,818.7037358421629,2.0030946161523
220902,San Martin,Alberto Leveau,1985,0.302374,0.0,0.1288603966160159,0.0425720931733457,570.5563913882919,13.261002267573696
220902,San Martin,Alberto Leveau,1986,0.302443,0.0,0.1288603966160159,0.0425720931733457,570.5563913882919,13.261002267573696
220902,San Martin,Alberto Leveau,1987,0.327163,0.0,0.1288603966160159,0.0425720931733457,570.5563913882919,13.261002267573696
220902,San Martin,Alberto Leveau,1988,0.372744,0.0,0.1288603966160159,0.0425720931733457,570.5563913882919,13.261002267573696
220902,San Martin,Alberto Leveau,1989,0.365316,0.0,0.1288603966160159,0.0425720931733457,570.5563913882919,13.261002267573696
220902,San Martin,Alberto Leveau,1990,0.338263,0.0,0.1288603966160159,0.0425720931733457,570.5563913882919,13.261002267573696
220902,San Martin,Alberto Leveau,1991,0.304965,0.0,0.1288603966160159,0.0425720931733457,570.5563913882919,13.261002267573696
220902,San Martin,Alberto Leveau,1992,0.299835,0.0,0.1288603966160159,0.0425720931733457,570.5563913882919,13.261002267573696
220902,San Martin,Alberto Leveau,1993,0.29697,0.0,0.1288603966160159,0.0425720931733457,570.5563913882919,13.261002267573696
220902,San Martin,Alberto Leveau,1994,0.307023,0.0,0.1288603966160159,0.0425720931733457,570.5563913882919,13.261002267573696
220902,San Martin,Alberto Leveau,1995,0.328965,0.0,0.1288603966160159,0.0425720931733457,570.5563913882919,13.261002267573696
220902,San Martin,Alberto Leveau,1996,0.353616,0.0,0.1288603966160159,0.0425720931733457,570.5563913882919,13.261002267573696
220902,San Martin,Alberto Leveau,1997,0.378783,0.0,0.1288603966160159,0.0425720931733457,570.5563913882919,13.261002267573696
220902,San Martin,Alberto Leveau,1998,0.384478,0.0,0.1288603966160159,0.0425720931733457,570.5563913882919,13.261002267573696
220902,San Martin,Alberto Leveau,1999,0.386348,0.0,0.1288603966160159,0.0425720931733457,570.5563913882919,13.261002267573696
220902,San Martin,Alberto Leveau,2000,0.367169,0.0,0.1288603966160159,0.0425720931733457,570.5563913882919,13.261002267573696
220902,San Martin,Alberto Leveau,2001,0.373242,0.0,0.1288603966160159,0.0425720931733457,570.5563913882919,13.261002267573696
220902,San Martin,Alberto Leveau,2002,0.416489,0.0,0.1288603966160159,0.0425720931733457,570.5563913882919,13.261002267573696
220902,San Martin,Alberto Leveau,2003,0.419097,0.0,0.1288603966160159,0.0425720931733457,570.5563913882919,13.261002267573696
220902,San Martin,Alberto Leveau,2004,0.406539,0.0,0.1288603966160159,0.0425720931733457,570.5563913882919,13.261002267573696
220902,San Martin,Alberto Leveau,2005,0.37705,0.0,0.1288603966160159,0.0425720931733457,570.5563913882919,13.261002267573696
220902,San Martin,Alberto Leveau,2006,0.394548,0.0,0.1288603966160159,0.0425720931733457,570.5563913882919,13.261002267573696
220902,San Martin,Alberto Leveau,2007,0.416592,0.0,0.1288603966160159,0.0425720931733457,570.5563913882919,13.261002267573696
220902,San Martin,Alberto Leveau,2008,0.406934,0.0,0.1288603966160159,0.0425720931733457,570.5563913882919,13.261002267573696
220902,San Martin,Alberto Leveau,2009,0.394257,0.0,0.1288603966160159,0.0425720931733457,570.5563913882919,13.261002267573696
220902,San Martin,Alberto Leveau,2010,0.390465,0.0,0.1288603966160159,0.0425720931733457,570.5563913882919,13.261002267573696
220902,San Martin,Alberto Leveau,2011,0.388527,0.0,0.1288603966160159,0.0425720931733457,570.5563913882919,13.261002267573696
220902,San Martin,Alberto Leveau,2012,0.403229,0.0,0.1288603966160159,0.0425720931733457,570.5563913882919,13.261002267573696
220902,San Martin,Alberto Leveau,2013,0.416284,0.0,0.1288603966160159,0.0425720931733457,570.5563913882919,13.261002267573696
220902,San Martin,Alberto Leveau,2014,0.398803,0.0,0.1288603966160159,0.0425720931733457,570.5563913882919,13.261002267573696
220902,San Martin,Alberto Leveau,2015,0.405253,0.0,0.1288603966160159,0.0425720931733457,570.5563913882919,13.261002267573696
220902,San Martin,Alberto Leveau,2016,0.38971,0.0,0.1288603966160159,0.0425720931733457,570.5563913882919,13.261002267573696
220902,San Martin,Alberto Leveau,2017,0.389659,0.0,0.1288603966160159,0.0425720931733457,570.5563913882919,13.261002267573696
220902,San Martin,Alberto Leveau,2018,0.395783,0.0,0.1288603966160159,0.0425720931733457,570.5563913882919,13.261002267573696
220902,San Martin,Alberto Leveau,2019,0.357185,0.0,0.1288603966160159,0.0425720931733457,570.5563913882919,13.261002267573696
220902,San Martin,Alberto Leveau,2020,0.358282,0.0,0.1288603966160159,0.0425720931733457,570.5563913882919,13.261002267573696
220902,San Martin,Alberto Leveau,2021,0.380189,0.0,0.1288603966160159,0.0425720931733457,570.5563913882919,13.261002267573696
220902,San Martin,Alberto Leveau,2022,0.367495,0.0,0.1288603966160159,0.0425720931733457,570.5563913882919,13.261002267573696
220902,San Martin,Alberto Leveau,2023,0.374768,0.0,0.1288603966160159,0.0425720931733457,570.5563913882919,13.261002267573696
220902,San Martin,Alberto Leveau,2024,0.387343,0.0,0.1288603966160159,0.0425720931733457,570.5563913882919,13.261002267573696
220903,San Martin,Cacatachi,1985,0.62442,0.0,0.6570503240238629,0.0,379.0114857688084,6.097718227319938
220903,San Martin,Cacatachi,1986,0.624403,0.0,0.6570503240238629,0.0,379.0114857688084,6.097718227319938
220903,San Martin,Cacatachi,1987,0.729701,0.0,0.6570503240238629,0.0,379.0114857688084,6.097718227319938
220903,San Martin,Cacatachi,1988,0.79977,0.0,0.6570503240238629,0.0,379.0114857688084,6.097718227319938
220903,San Martin,Cacatachi,1989,0.792656,0.0,0.6570503240238629,0.0,379.0114857688084,6.097718227319938
220903,San Martin,Cacatachi,1990,0.768317,0.0,0.6570503240238629,0.0,379.0114857688084,6.097718227319938
220903,San Martin,Cacatachi,1991,0.779919,0.0,0.6570503240238629,0.0,379.0114857688084,6.097718227319938
220903,San Martin,Cacatachi,1992,0.789336,0.0,0.6570503240238629,0.0,379.0114857688084,6.097718227319938
220903,San Martin,Cacatachi,1993,0.778615,0.0,0.6570503240238629,0.0,379.0114857688084,6.097718227319938
220903,San Martin,Cacatachi,1994,0.770265,0.0,0.6570503240238629,0.0,379.0114857688084,6.097718227319938
220903,San Martin,Cacatachi,1995,0.794841,0.0,0.6570503240238629,0.0,379.0114857688084,6.097718227319938
220903,San Martin,Cacatachi,1996,0.817757,0.0,0.6570503240238629,0.0,379.0114857688084,6.097718227319938
220903,San Martin,Cacatachi,1997,0.809458,0.0,0.6570503240238629,0.0,379.0114857688084,6.097718227319938
220903,San Martin,Cacatachi,1998,0.821077,0.0,0.6570503240238629,0.0,379.0114857688084,6.097718227319938
220903,San Martin,Cacatachi,1999,0.772332,0.0,0.6570503240238629,0.0,379.0114857688084,6.097718227319938
220903,San Martin,Cacatachi,2000,0.74298,0.0,0.6570503240238629,0.0,379.0114857688084,6.097718227319938
220903,San Martin,Cacatachi,2001,0.718946,0.0,0.6570503240238629,0.0,379.0114857688084,6.097718227319938
220903,San Martin,Cacatachi,2002,0.740337,0.0,0.6570503240238629,0.0,379.0114857688084,6.097718227319938
220903,San Martin,Cacatachi,2003,0.770807,0.0,0.6570503240238629,0.0,379.0114857688084,6.097718227319938
220903,San Martin,Cacatachi,2004,0.745825,0.0,0.6570503240238629,0.0,379.0114857688084,6.097718227319938
220903,San Martin,Cacatachi,2005,0.745842,0.0,0.6570503240238629,0.0,379.0114857688084,6.097718227319938
220903,San Martin,Cacatachi,2006,0.787981,0.0,0.6570503240238629,0.0,379.0114857688084,6.097718227319938
220903,San Martin,Cacatachi,2007,0.789811,0.0,0.6570503240238629,0.0,379.0114857688084,6.097718227319938
220903,San Martin,Cacatachi,2008,0.759121,0.0,0.6570503240238629,0.0,379.0114857688084,6.097718227319938
220903,San Martin,Cacatachi,2009,0.81376,0.0,0.6570503240238629,0.0,379.0114857688084,6.097718227319938
220903,San Martin,Cacatachi,2010,0.788286,0.0,0.6570503240238629,0.0,379.0114857688084,6.097718227319938
220903,San Martin,Cacatachi,2011,0.739626,0.0,0.6570503240238629,0.0,379.0114857688084,6.097718227319938
220903,San Martin,Cacatachi,2012,0.77621,0.0,0.6570503240238629,0.0,379.0114857688084,6.097718227319938
220903,San Martin,Cacatachi,2013,0.787863,0.0,0.6570503240238629,0.0,379.0114857688084,6.097718227319938
220903,San Martin,Cacatachi,2014,0.78268,0.0,0.6570503240238629,0.0,379.0114857688084,6.097718227319938
220903,San Martin,Cacatachi,2015,0.77748,0.0,0.6570503240238629,0.0,379.0114857688084,6.097718227319938
220903,San Martin,Cacatachi,2016,0.73927,0.0,0.6570503240238629,0.0,379.0114857688084,6.097718227319938
220903,San Martin,Cacatachi,2017,0.712882,0.0,0.6570503240238629,0.0,379.0114857688084,6.097718227319938
220903,San Martin,Cacatachi,2018,0.739795,0.0,0.6570503240238629,0.0,379.0114857688084,6.097718227319938
220903,San Martin,Cacatachi,2019,0.701772,0.0,0.6570503240238629,0.0,379.0114857688084,6.097718227319938
220903,San Martin,Cacatachi,2020,0.732258,0.0,0.6570503240238629,0.0,379.0114857688084,6.097718227319938
220903,San Martin,Cacatachi,2021,0.759171,0.0,0.6570503240238629,0.0,379.0114857688084,6.097718227319938
220903,San Martin,Cacatachi,2022,0.766573,0.0,0.6570503240238629,0.0,379.0114857688084,6.097718227319938
220903,San Martin,Cacatachi,2023,0.781613,0.0,0.6570503240238629,0.0,379.0114857688084,6.097718227319938
220903,San Martin,Cacatachi,2024,0.792724,0.0,0.6570503240238629,0.0,379.0114857688084,6.097718227319938
220906,San Martin,El Porvenir,1985,0.113999,0.0,0.0921353026708422,0.039323618886043,188.98554646289503,4.8934193377493616
220906,San Martin,El Porvenir,1986,0.116642,0.0,0.0921353026708422,0.039323618886043,188.98554646289503,4.8934193377493616
220906,San Martin,El Porvenir,1987,0.120028,0.0,0.0921353026708422,0.039323618886043,188.98554646289503,4.8934193377493616
220906,San Martin,El Porvenir,1988,0.12286,0.0,0.0921353026708422,0.039323618886043,188.98554646289503,4.8934193377493616
220906,San Martin,El Porvenir,1989,0.12625,0.0,0.0921353026708422,0.039323618886043,188.98554646289503,4.8934193377493616
220906,San Martin,El Porvenir,1990,0.128521,0.0,0.0921353026708422,0.039323618886043,188.98554646289503,4.8934193377493616
220906,San Martin,El Porvenir,1991,0.13143,0.0,0.0921353026708422,0.039323618886043,188.98554646289503,4.8934193377493616
220906,San Martin,El Porvenir,1992,0.131871,0.0,0.0921353026708422,0.039323618886043,188.98554646289503,4.8934193377493616
220906,San Martin,El Porvenir,1993,0.133693,0.0,0.0921353026708422,0.039323618886043,188.98554646289503,4.8934193377493616
220906,San Martin,El Porvenir,1994,0.131217,0.0,0.0921353026708422,0.039323618886043,188.98554646289503,4.8934193377493616
220906,San Martin,El Porvenir,1995,0.127014,0.0,0.0921353026708422,0.039323618886043,188.98554646289503,4.8934193377493616
220906,San Martin,El Porvenir,1996,0.128392,0.0,0.0921353026708422,0.039323618886043,188.98554646289503,4.8934193377493616
220906,San Martin,El Porvenir,1997,0.13241,0.0,0.0921353026708422,0.039323618886043,188.98554646289503,4.8934193377493616
220906,San Martin,El Porvenir,1998,0.136384,0.0,0.0921353026708422,0.039323618886043,188.98554646289503,4.8934193377493616
220906,San Martin,El Porvenir,1999,0.143326,0.0,0.0921353026708422,0.039323618886043,188.98554646289503,4.8934193377493616
220906,San Martin,El Porvenir,2000,0.145632,0.0,0.0921353026708422,0.039323618886043,188.98554646289503,4.8934193377493616
220906,San Martin,El Porvenir,2001,0.152013,0.0,0.0921353026708422,0.039323618886043,188.98554646289503,4.8934193377493616
220906,San Martin,El Porvenir,2002,0.152393,0.0,0.0921353026708422,0.039323618886043,188.98554646289503,4.8934193377493616
220906,San Martin,El Porvenir,2003,0.15376,0.0,0.0921353026708422,0.039323618886043,188.98554646289503,4.8934193377493616
220906,San Martin,El Porvenir,2004,0.163431,0.0,0.0921353026708422,0.039323618886043,188.98554646289503,4.8934193377493616
220906,San Martin,El Porvenir,2005,0.166047,0.0,0.0921353026708422,0.039323618886043,188.98554646289503,4.8934193377493616
220906,San Martin,El Porvenir,2006,0.172441,0.0,0.0921353026708422,0.039323618886043,188.98554646289503,4.8934193377493616
220906,San Martin,El Porvenir,2007,0.177239,0.0,0.0921353026708422,0.039323618886043,188.98554646289503,4.8934193377493616
220906,San Martin,El Porvenir,2008,0.199599,0.0,0.0921353026708422,0.039323618886043,188.98554646289503,4.8934193377493616
220906,San Martin,El Porvenir,2009,0.21175,0.0,0.0921353026708422,0.039323618886043,188.98554646289503,4.8934193377493616
220906,San Martin,El Porvenir,2010,0.23455,0.0,0.0921353026708422,0.039323618886043,188.98554646289503,4.8934193377493616
220906,San Martin,El Porvenir,2011,0.244563,0.0,0.0921353026708422,0.039323618886043,188.98554646289503,4.8934193377493616
220906,San Martin,El Porvenir,2012,0.248722,0.0,0.0921353026708422,0.039323618886043,188.98554646289503,4.8934193377493616
220906,San Martin,El Porvenir,2013,0.255308,0.0,0.0921353026708422,0.039323618886043,188.98554646289503,4.8934193377493616
220906,San Martin,El Porvenir,2014,0.258983,0.0,0.0921353026708422,0.039323618886043,188.98554646289503,4.8934193377493616
220906,San Martin,El Porvenir,2015,0.271793,0.0,0.0921353026708422,0.039323618886043,188.98554646289503,4.8934193377493616
220906,San Martin,El Porvenir,2016,0.281001,0.0,0.0921353026708422,0.039323618886043,188.98554646289503,4.8934193377493616
220906,San Martin,El Porvenir,2017,0.289038,0.0,0.0921353026708422,0.039323618886043,188.98554646289503,4.8934193377493616
220906,San Martin,El Porvenir,2018,0.291769,0.0,0.0921353026708422,0.039323618886043,188.98554646289503,4.8934193377493616
220906,San Martin,El Porvenir,2019,0.291834,0.0,0.0921353026708422,0.039323618886043,188.98554646289503,4.8934193377493616
220906,San Martin,El Porvenir,2020,0.304301,0.0,0.0921353026708422,0.039323618886043,188.98554646289503,4.8934193377493616
220906,San Martin,El Porvenir,2021,0.312561,0.0,0.0921353026708422,0.039323618886043,188.98554646289503,4.8934193377493616
220906,San Martin,El Porvenir,2022,0.335621,0.0,0.0921353026708422,0.039323618886043,188.98554646289503,4.8934193377493616
220906,San Martin,El Porvenir,2023,0.359103,0.0,0.0921353026708422,0.039323618886043,188.98554646289503,4.8934193377493616
220906,San Martin,El Porvenir,2024,0.377862,0.0,0.0921353026708422,0.039323618886043,188.98554646289503,4.8934193377493616
220908,San Martin,Juan Guerra,1985,0.492168,0.0,0.2878388226757273,0.1673067658161977,344.095331866664,10.917960500586624
220908,San Martin,Juan Guerra,1986,0.49209,0.0,0.2878388226757273,0.1673067658161977,344.095331866664,10.917960500586624
220908,San Martin,Juan Guerra,1987,0.541122,0.0,0.2878388226757273,0.1673067658161977,344.095331866664,10.917960500586624
220908,San Martin,Juan Guerra,1988,0.594647,0.0,0.2878388226757273,0.1673067658161977,344.095331866664,10.917960500586624
220908,San Martin,Juan Guerra,1989,0.60231,0.0,0.2878388226757273,0.1673067658161977,344.095331866664,10.917960500586624
220908,San Martin,Juan Guerra,1990,0.610698,0.0,0.2878388226757273,0.1673067658161977,344.095331866664,10.917960500586624
220908,San Martin,Juan Guerra,1991,0.612861,0.0,0.2878388226757273,0.1673067658161977,344.095331866664,10.917960500586624
220908,San Martin,Juan Guerra,1992,0.622905,0.0,0.2878388226757273,0.1673067658161977,344.095331866664,10.917960500586624
220908,San Martin,Juan Guerra,1993,0.644978,0.0,0.2878388226757273,0.1673067658161977,344.095331866664,10.917960500586624
220908,San Martin,Juan Guerra,1994,0.651264,0.0,0.2878388226757273,0.1673067658161977,344.095331866664,10.917960500586624
220908,San Martin,Juan Guerra,1995,0.656838,0.0,0.2878388226757273,0.1673067658161977,344.095331866664,10.917960500586624
220908,San Martin,Juan Guerra,1996,0.660711,0.0,0.2878388226757273,0.1673067658161977,344.095331866664,10.917960500586624
220908,San Martin,Juan Guerra,1997,0.662596,0.0,0.2878388226757273,0.1673067658161977,344.095331866664,10.917960500586624
220908,San Martin,Juan Guerra,1998,0.656094,0.0,0.2878388226757273,0.1673067658161977,344.095331866664,10.917960500586624
220908,San Martin,Juan Guerra,1999,0.628178,0.0,0.2878388226757273,0.1673067658161977,344.095331866664,10.917960500586624
220908,San Martin,Juan Guerra,2000,0.602763,0.0,0.2878388226757273,0.1673067658161977,344.095331866664,10.917960500586624
220908,San Martin,Juan Guerra,2001,0.617811,0.0,0.2878388226757273,0.1673067658161977,344.095331866664,10.917960500586624
220908,San Martin,Juan Guerra,2002,0.645607,0.0,0.2878388226757273,0.1673067658161977,344.095331866664,10.917960500586624
220908,San Martin,Juan Guerra,2003,0.629472,0.0,0.2878388226757273,0.1673067658161977,344.095331866664,10.917960500586624
220908,San Martin,Juan Guerra,2004,0.608859,0.0,0.2878388226757273,0.1673067658161977,344.095331866664,10.917960500586624
220908,San Martin,Juan Guerra,2005,0.607357,0.0,0.2878388226757273,0.1673067658161977,344.095331866664,10.917960500586624
220908,San Martin,Juan Guerra,2006,0.643601,0.0,0.2878388226757273,0.1673067658161977,344.095331866664,10.917960500586624
220908,San Martin,Juan Guerra,2007,0.672261,0.0,0.2878388226757273,0.1673067658161977,344.095331866664,10.917960500586624
220908,San Martin,Juan Guerra,2008,0.670948,0.0,0.2878388226757273,0.1673067658161977,344.095331866664,10.917960500586624
220908,San Martin,Juan Guerra,2009,0.686676,0.0,0.2878388226757273,0.1673067658161977,344.095331866664,10.917960500586624
220908,San Martin,Juan Guerra,2010,0.698129,0.0,0.2878388226757273,0.1673067658161977,344.095331866664,10.917960500586624
220908,San Martin,Juan Guerra,2011,0.692259,0.0,0.2878388226757273,0.1673067658161977,344.095331866664,10.917960500586624
220908,San Martin,Juan Guerra,2012,0.693909,0.0,0.2878388226757273,0.1673067658161977,344.095331866664,10.917960500586624
220908,San Martin,Juan Guerra,2013,0.703129,0.0,0.2878388226757273,0.1673067658161977,344.095331866664,10.917960500586624
220908,San Martin,Juan Guerra,2014,0.701664,0.0,0.2878388226757273,0.1673067658161977,344.095331866664,10.917960500586624
220908,San Martin,Juan Guerra,2015,0.693997,0.0,0.2878388226757273,0.1673067658161977,344.095331866664,10.917960500586624
220908,San Martin,Juan Guerra,2016,0.69341,0.0,0.2878388226757273,0.1673067658161977,344.095331866664,10.917960500586624
220908,San Martin,Juan Guerra,2017,0.682969,0.0,0.2878388226757273,0.1673067658161977,344.095331866664,10.917960500586624
220908,San Martin,Juan Guerra,2018,0.683565,0.0,0.2878388226757273,0.1673067658161977,344.095331866664,10.917960500586624
220908,San Martin,Juan Guerra,2019,0.662485,0.0,0.2878388226757273,0.1673067658161977,344.095331866664,10.917960500586624
220908,San Martin,Juan Guerra,2020,0.643615,0.0,0.2878388226757273,0.1673067658161977,344.095331866664,10.917960500586624
220908,San Martin,Juan Guerra,2021,0.650302,0.0,0.2878388226757273,0.1673067658161977,344.095331866664,10.917960500586624
220908,San Martin,Juan Guerra,2022,0.640726,0.0,0.2878388226757273,0.1673067658161977,344.095331866664,10.917960500586624
220908,San Martin,Juan Guerra,2023,0.647691,0.0,0.2878388226757273,0.1673067658161977,344.095331866664,10.917960500586624
220908,San Martin,Juan Guerra,2024,0.649397,0.0,0.2878388226757273,0.1673067658161977,344.095331866664,10.917960500586624
220909,San Martin,La Banda De Shilcayo,1985,0.186111,0.0,0.2781028450580932,0.0,678.4161165055417,17.86704146244349
220909,San Martin,La Banda De Shilcayo,1986,0.186188,0.0,0.2781028450580932,0.0,678.4161165055417,17.86704146244349
220909,San Martin,La Banda De Shilcayo,1987,0.216265,0.0,0.2781028450580932,0.0,678.4161165055417,17.86704146244349
220909,San Martin,La Banda De Shilcayo,1988,0.240154,0.0,0.2781028450580932,0.0,678.4161165055417,17.86704146244349
220909,San Martin,La Banda De Shilcayo,1989,0.240271,0.0,0.2781028450580932,0.0,678.4161165055417,17.86704146244349
220909,San Martin,La Banda De Shilcayo,1990,0.244009,0.0,0.2781028450580932,0.0,678.4161165055417,17.86704146244349
220909,San Martin,La Banda De Shilcayo,1991,0.242983,0.0,0.2781028450580932,0.0,678.4161165055417,17.86704146244349
220909,San Martin,La Banda De Shilcayo,1992,0.238792,0.0,0.2781028450580932,0.0,678.4161165055417,17.86704146244349
220909,San Martin,La Banda De Shilcayo,1993,0.24141,0.0,0.2781028450580932,0.0,678.4161165055417,17.86704146244349
220909,San Martin,La Banda De Shilcayo,1994,0.238398,0.0,0.2781028450580932,0.0,678.4161165055417,17.86704146244349
220909,San Martin,La Banda De Shilcayo,1995,0.241344,0.0,0.2781028450580932,0.0,678.4161165055417,17.86704146244349
220909,San Martin,La Banda De Shilcayo,1996,0.245742,0.0,0.2781028450580932,0.0,678.4161165055417,17.86704146244349
220909,San Martin,La Banda De Shilcayo,1997,0.248334,0.0,0.2781028450580932,0.0,678.4161165055417,17.86704146244349
220909,San Martin,La Banda De Shilcayo,1998,0.25682,0.0,0.2781028450580932,0.0,678.4161165055417,17.86704146244349
220909,San Martin,La Banda De Shilcayo,1999,0.256077,0.0,0.2781028450580932,0.0,678.4161165055417,17.86704146244349
220909,San Martin,La Banda De Shilcayo,2000,0.252639,0.0,0.2781028450580932,0.0,678.4161165055417,17.86704146244349
220909,San Martin,La Banda De Shilcayo,2001,0.244219,0.0,0.2781028450580932,0.0,678.4161165055417,17.86704146244349
220909,San Martin,La Banda De Shilcayo,2002,0.24148,0.0,0.2781028450580932,0.0,678.4161165055417,17.86704146244349
220909,San Martin,La Banda De Shilcayo,2003,0.245445,0.0,0.2781028450580932,0.0,678.4161165055417,17.86704146244349
220909,San Martin,La Banda De Shilcayo,2004,0.245352,0.0,0.2781028450580932,0.0,678.4161165055417,17.86704146244349
220909,San Martin,La Banda De Shilcayo,2005,0.248181,0.541966,0.2781028450580932,0.0,678.4161165055417,17.86704146244349
220909,San Martin,La Banda De Shilcayo,2006,0.253342,0.541966,0.2781028450580932,0.0,678.4161165055417,17.86704146244349
220909,San Martin,La Banda De Shilcayo,2007,0.255941,0.541966,0.2781028450580932,0.0,678.4161165055417,17.86704146244349
220909,San Martin,La Banda De Shilcayo,2008,0.2578,0.541966,0.2781028450580932,0.0,678.4161165055417,17.86704146244349
220909,San Martin,La Banda De Shilcayo,2009,0.261372,0.541966,0.2781028450580932,0.0,678.4161165055417,17.86704146244349
220909,San Martin,La Banda De Shilcayo,2010,0.25863,0.542502,0.2781028450580932,0.0,678.4161165055417,17.86704146244349
220909,San Martin,La Banda De Shilcayo,2011,0.250583,0.542502,0.2781028450580932,0.0,678.4161165055417,17.86704146244349
220909,San Martin,La Banda De Shilcayo,2012,0.253788,0.542502,0.2781028450580932,0.0,678.4161165055417,17.86704146244349
220909,San Martin,La Banda De Shilcayo,2013,0.248301,0.542502,0.2781028450580932,0.0,678.4161165055417,17.86704146244349
220909,San Martin,La Banda De Shilcayo,2014,0.247571,0.542502,0.2781028450580932,0.0,678.4161165055417,17.86704146244349
220909,San Martin,La Banda De Shilcayo,2015,0.246635,0.542502,0.2781028450580932,0.0,678.4161165055417,17.86704146244349
220909,San Martin,La Banda De Shilcayo,2016,0.235636,0.542502,0.2781028450580932,0.0,678.4161165055417,17.86704146244349
220909,San Martin,La Banda De Shilcayo,2017,0.235227,0.542502,0.2781028450580932,0.0,678.4161165055417,17.86704146244349
220909,San Martin,La Banda De Shilcayo,2018,0.234394,0.543628,0.2781028450580932,0.0,678.4161165055417,17.86704146244349
220909,San Martin,La Banda De Shilcayo,2019,0.229756,0.543628,0.2781028450580932,0.0,678.4161165055417,17.86704146244349
220909,San Martin,La Banda De Shilcayo,2020,0.230615,0.543628,0.2781028450580932,0.0,678.4161165055417,17.86704146244349
220909,San Martin,La Banda De Shilcayo,2021,0.238442,0.543628,0.2781028450580932,0.0,678.4161165055417,17.86704146244349
220909,San Martin,La Banda De Shilcayo,2022,0.241217,0.543628,0.2781028450580932,0.0,678.4161165055417,17.86704146244349
220909,San Martin,La Banda De Shilcayo,2023,0.244546,0.543628,0.2781028450580932,0.0,678.4161165055417,17.86704146244349
220909,San Martin,La Banda De Shilcayo,2024,0.246821,0.543628,0.2781028450580932,0.0,678.4161165055417,17.86704146244349
220910,San Martin,Morales,1985,0.673351,0.0,0.8611208509257079,0.0,319.3084413166518,6.294031405242085
220910,San Martin,Morales,1986,0.673368,0.0,0.8611208509257079,0.0,319.3084413166518,6.294031405242085
220910,San Martin,Morales,1987,0.735189,0.0,0.8611208509257079,0.0,319.3084413166518,6.294031405242085
220910,San Martin,Morales,1988,0.777712,0.0,0.8611208509257079,0.0,319.3084413166518,6.294031405242085
220910,San Martin,Morales,1989,0.779219,0.0,0.8611208509257079,0.0,319.3084413166518,6.294031405242085
220910,San Martin,Morales,1990,0.780604,0.0,0.8611208509257079,0.0,319.3084413166518,6.294031405242085
220910,San Martin,Morales,1991,0.767528,0.0,0.8611208509257079,0.0,319.3084413166518,6.294031405242085
220910,San Martin,Morales,1992,0.771331,0.0,0.8611208509257079,0.0,319.3084413166518,6.294031405242085
220910,San Martin,Morales,1993,0.782164,0.0,0.8611208509257079,0.0,319.3084413166518,6.294031405242085
220910,San Martin,Morales,1994,0.777414,0.0,0.8611208509257079,0.0,319.3084413166518,6.294031405242085
220910,San Martin,Morales,1995,0.780867,0.0,0.8611208509257079,0.0,319.3084413166518,6.294031405242085
220910,San Martin,Morales,1996,0.78602,0.0,0.8611208509257079,0.0,319.3084413166518,6.294031405242085
220910,San Martin,Morales,1997,0.774206,0.0,0.8611208509257079,0.0,319.3084413166518,6.294031405242085
220910,San Martin,Morales,1998,0.780586,0.0,0.8611208509257079,0.0,319.3084413166518,6.294031405242085
220910,San Martin,Morales,1999,0.748528,0.0,0.8611208509257079,0.0,319.3084413166518,6.294031405242085
220910,San Martin,Morales,2000,0.720676,0.0,0.8611208509257079,0.0,319.3084413166518,6.294031405242085
220910,San Martin,Morales,2001,0.722692,0.0,0.8611208509257079,0.0,319.3084413166518,6.294031405242085
220910,San Martin,Morales,2002,0.755083,0.0,0.8611208509257079,0.0,319.3084413166518,6.294031405242085
220910,San Martin,Morales,2003,0.749562,0.0,0.8611208509257079,0.0,319.3084413166518,6.294031405242085
220910,San Martin,Morales,2004,0.728108,0.0,0.8611208509257079,0.0,319.3084413166518,6.294031405242085
220910,San Martin,Morales,2005,0.721009,0.0,0.8611208509257079,0.0,319.3084413166518,6.294031405242085
220910,San Martin,Morales,2006,0.776975,0.0,0.8611208509257079,0.0,319.3084413166518,6.294031405242085
220910,San Martin,Morales,2007,0.780008,0.0,0.8611208509257079,0.0,319.3084413166518,6.294031405242085
220910,San Martin,Morales,2008,0.758133,0.0,0.8611208509257079,0.0,319.3084413166518,6.294031405242085
220910,San Martin,Morales,2009,0.79254,0.0,0.8611208509257079,0.0,319.3084413166518,6.294031405242085
220910,San Martin,Morales,2010,0.769947,0.0,0.8611208509257079,0.0,319.3084413166518,6.294031405242085
220910,San Martin,Morales,2011,0.757625,0.0,0.8611208509257079,0.0,319.3084413166518,6.294031405242085
220910,San Martin,Morales,2012,0.776818,0.0,0.8611208509257079,0.0,319.3084413166518,6.294031405242085
220910,San Martin,Morales,2013,0.782058,0.0,0.8611208509257079,0.0,319.3084413166518,6.294031405242085
220910,San Martin,Morales,2014,0.768299,0.0,0.8611208509257079,0.0,319.3084413166518,6.294031405242085
220910,San Martin,Morales,2015,0.77517,0.0,0.8611208509257079,0.0,319.3084413166518,6.294031405242085
220910,San Martin,Morales,2016,0.7595,0.0,0.8611208509257079,0.0,319.3084413166518,6.294031405242085
220910,San Martin,Morales,2017,0.753576,0.0,0.8611208509257079,0.0,319.3084413166518,6.294031405242085
220910,San Martin,Morales,2018,0.749684,0.0,0.8611208509257079,0.0,319.3084413166518,6.294031405242085
220910,San Martin,Morales,2019,0.720343,0.0,0.8611208509257079,0.0,319.3084413166518,6.294031405242085
220910,San Martin,Morales,2020,0.717994,0.0,0.8611208509257079,0.0,319.3084413166518,6.294031405242085
220910,San Martin,Morales,2021,0.732244,0.0,0.8611208509257079,0.0,319.3084413166518,6.294031405242085
220910,San Martin,Morales,2022,0.732297,0.0,0.8611208509257079,0.0,319.3084413166518,6.294031405242085
220910,San Martin,Morales,2023,0.737976,0.0,0.8611208509257079,0.0,319.3084413166518,6.294031405242085
220910,San Martin,Morales,2024,0.749632,0.0,0.8611208509257079,0.0,319.3084413166518,6.294031405242085
220912,San Martin,San Antonio,1985,0.219041,0.0,0.1490172017882182,0.0,750.8958315748857,17.889018677574914
220912,San Martin,San Antonio,1986,0.218973,0.0,0.1490172017882182,0.0,750.8958315748857,17.889018677574914
220912,San Martin,San Antonio,1987,0.268918,0.0,0.1490172017882182,0.0,750.8958315748857,17.889018677574914
220912,San Martin,San Antonio,1988,0.312577,0.0,0.1490172017882182,0.0,750.8958315748857,17.889018677574914
220912,San Martin,San Antonio,1989,0.313961,0.0,0.1490172017882182,0.0,750.8958315748857,17.889018677574914
220912,San Martin,San Antonio,1990,0.31639,0.0,0.1490172017882182,0.0,750.8958315748857,17.889018677574914
220912,San Martin,San Antonio,1991,0.313507,0.0,0.1490172017882182,0.0,750.8958315748857,17.889018677574914
220912,San Martin,San Antonio,1992,0.309365,0.0,0.1490172017882182,0.0,750.8958315748857,17.889018677574914
220912,San Martin,San Antonio,1993,0.288597,0.0,0.1490172017882182,0.0,750.8958315748857,17.889018677574914
220912,San Martin,San Antonio,1994,0.280732,0.0,0.1490172017882182,0.0,750.8958315748857,17.889018677574914
220912,San Martin,San Antonio,1995,0.288143,0.0,0.1490172017882182,0.0,750.8958315748857,17.889018677574914
220912,San Martin,San Antonio,1996,0.292172,0.0,0.1490172017882182,0.0,750.8958315748857,17.889018677574914
220912,San Martin,San Antonio,1997,0.285124,0.0,0.1490172017882182,0.0,750.8958315748857,17.889018677574914
220912,San Martin,San Antonio,1998,0.290708,0.0,0.1490172017882182,0.0,750.8958315748857,17.889018677574914
220912,San Martin,San Antonio,1999,0.29973,0.0,0.1490172017882182,0.0,750.8958315748857,17.889018677574914
220912,San Martin,San Antonio,2000,0.302159,0.0,0.1490172017882182,0.0,750.8958315748857,17.889018677574914
220912,San Martin,San Antonio,2001,0.285635,0.0,0.1490172017882182,0.0,750.8958315748857,17.889018677574914
220912,San Martin,San Antonio,2002,0.282684,0.0,0.1490172017882182,0.0,750.8958315748857,17.889018677574914
220912,San Martin,San Antonio,2003,0.280108,0.0,0.1490172017882182,0.0,750.8958315748857,17.889018677574914
220912,San Martin,San Antonio,2004,0.268215,0.0,0.1490172017882182,0.0,750.8958315748857,17.889018677574914
220912,San Martin,San Antonio,2005,0.258829,0.48684,0.1490172017882182,0.0,750.8958315748857,17.889018677574914
220912,San Martin,San Antonio,2006,0.252951,0.48684,0.1490172017882182,0.0,750.8958315748857,17.889018677574914
220912,San Martin,San Antonio,2007,0.254415,0.48684,0.1490172017882182,0.0,750.8958315748857,17.889018677574914
220912,San Martin,San Antonio,2008,0.25833,0.48684,0.1490172017882182,0.0,750.8958315748857,17.889018677574914
220912,San Martin,San Antonio,2009,0.262257,0.48684,0.1490172017882182,0.0,750.8958315748857,17.889018677574914
220912,San Martin,San Antonio,2010,0.262098,0.48684,0.1490172017882182,0.0,750.8958315748857,17.889018677574914
220912,San Martin,San Antonio,2011,0.256128,0.48684,0.1490172017882182,0.0,750.8958315748857,17.889018677574914
220912,San Martin,San Antonio,2012,0.256991,0.48684,0.1490172017882182,0.0,750.8958315748857,17.889018677574914
220912,San Martin,San Antonio,2013,0.23401,0.48684,0.1490172017882182,0.0,750.8958315748857,17.889018677574914
220912,San Martin,San Antonio,2014,0.231048,0.48684,0.1490172017882182,0.0,750.8958315748857,17.889018677574914
220912,San Martin,San Antonio,2015,0.229414,0.48684,0.1490172017882182,0.0,750.8958315748857,17.889018677574914
220912,San Martin,San Antonio,2016,0.191282,0.48684,0.1490172017882182,0.0,750.8958315748857,17.889018677574914
220912,San Martin,San Antonio,2017,0.186833,0.48684,0.1490172017882182,0.0,750.8958315748857,17.889018677574914
220912,San Martin,San Antonio,2018,0.194426,0.48684,0.1490172017882182,0.0,750.8958315748857,17.889018677574914
220912,San Martin,San Antonio,2019,0.193699,0.48684,0.1490172017882182,0.0,750.8958315748857,17.889018677574914
220912,San Martin,San Antonio,2020,0.205888,0.48684,0.1490172017882182,0.0,750.8958315748857,17.889018677574914
220912,San Martin,San Antonio,2021,0.2176,0.48684,0.1490172017882182,0.0,750.8958315748857,17.889018677574914
220912,San Martin,San Antonio,2022,0.23443,0.48684,0.1490172017882182,0.0,750.8958315748857,17.889018677574914
220912,San Martin,San Antonio,2023,0.249047,0.48684,0.1490172017882182,0.0,750.8958315748857,17.889018677574914
220912,San Martin,San Antonio,2024,0.256889,0.48684,0.1490172017882182,0.0,750.8958315748857,17.889018677574914
220913,San Martin,Sauce,1985,0.289995,0.0,0.1776957561655139,0.0,777.3322915399515,12.637643956617346
220913,San Martin,Sauce,1986,0.290048,0.0,0.1776957561655139,0.0,777.3322915399515,12.637643956617346
220913,San Martin,Sauce,1987,0.305353,0.0,0.1776957561655139,0.0,777.3322915399515,12.637643956617346
220913,San Martin,Sauce,1988,0.324278,0.0,0.1776957561655139,0.0,777.3322915399515,12.637643956617346
220913,San Martin,Sauce,1989,0.33252,0.0,0.1776957561655139,0.0,777.3322915399515,12.637643956617346
220913,San Martin,Sauce,1990,0.32212,0.0,0.1776957561655139,0.0,777.3322915399515,12.637643956617346
220913,San Martin,Sauce,1991,0.304164,0.0,0.1776957561655139,0.0,777.3322915399515,12.637643956617346
220913,San Martin,Sauce,1992,0.301126,0.0,0.1776957561655139,0.0,777.3322915399515,12.637643956617346
220913,San Martin,Sauce,1993,0.266615,0.0,0.1776957561655139,0.0,777.3322915399515,12.637643956617346
220913,San Martin,Sauce,1994,0.279754,0.0,0.1776957561655139,0.0,777.3322915399515,12.637643956617346
220913,San Martin,Sauce,1995,0.297102,0.0,0.1776957561655139,0.0,777.3322915399515,12.637643956617346
220913,San Martin,Sauce,1996,0.314239,0.0,0.1776957561655139,0.0,777.3322915399515,12.637643956617346
220913,San Martin,Sauce,1997,0.324559,0.0,0.1776957561655139,0.0,777.3322915399515,12.637643956617346
220913,San Martin,Sauce,1998,0.330037,0.0,0.1776957561655139,0.0,777.3322915399515,12.637643956617346
220913,San Martin,Sauce,1999,0.332969,0.0,0.1776957561655139,0.0,777.3322915399515,12.637643956617346
220913,San Martin,Sauce,2000,0.329341,0.0,0.1776957561655139,0.0,777.3322915399515,12.637643956617346
220913,San Martin,Sauce,2001,0.319628,0.0,0.1776957561655139,0.0,777.3322915399515,12.637643956617346
220913,San Martin,Sauce,2002,0.332274,0.0,0.1776957561655139,0.0,777.3322915399515,12.637643956617346
220913,San Martin,Sauce,2003,0.331384,0.0,0.1776957561655139,0.0,777.3322915399515,12.637643956617346
220913,San Martin,Sauce,2004,0.330002,0.0,0.1776957561655139,0.0,777.3322915399515,12.637643956617346
220913,San Martin,Sauce,2005,0.323195,0.0,0.1776957561655139,0.0,777.3322915399515,12.637643956617346
220913,San Martin,Sauce,2006,0.322983,0.0,0.1776957561655139,0.0,777.3322915399515,12.637643956617346
220913,San Martin,Sauce,2007,0.329324,0.0,0.1776957561655139,0.0,777.3322915399515,12.637643956617346
220913,San Martin,Sauce,2008,0.339327,0.0,0.1776957561655139,0.0,777.3322915399515,12.637643956617346
220913,San Martin,Sauce,2009,0.338544,0.0,0.1776957561655139,0.0,777.3322915399515,12.637643956617346
220913,San Martin,Sauce,2010,0.32227,0.0,0.1776957561655139,0.0,777.3322915399515,12.637643956617346
220913,San Martin,Sauce,2011,0.315119,0.0,0.1776957561655139,0.0,777.3322915399515,12.637643956617346
220913,San Martin,Sauce,2012,0.308691,0.0,0.1776957561655139,0.0,777.3322915399515,12.637643956617346
220913,San Martin,Sauce,2013,0.313543,0.0,0.1776957561655139,0.0,777.3322915399515,12.637643956617346
220913,San Martin,Sauce,2014,0.293245,0.0,0.1776957561655139,0.0,777.3322915399515,12.637643956617346
220913,San Martin,Sauce,2015,0.282352,0.0,0.1776957561655139,0.0,777.3322915399515,12.637643956617346
220913,San Martin,Sauce,2016,0.279868,0.0,0.1776957561655139,0.0,777.3322915399515,12.637643956617346
220913,San Martin,Sauce,2017,0.292426,0.0,0.1776957561655139,0.0,777.3322915399515,12.637643956617346
220913,San Martin,Sauce,2018,0.291149,0.0,0.1776957561655139,0.0,777.3322915399515,12.637643956617346
220913,San Martin,Sauce,2019,0.278239,0.0,0.1776957561655139,0.0,777.3322915399515,12.637643956617346
220913,San Martin,Sauce,2020,0.281453,0.0,0.1776957561655139,0.0,777.3322915399515,12.637643956617346
220913,San Martin,Sauce,2021,0.294874,0.0,0.1776957561655139,0.0,777.3322915399515,12.637643956617346
220913,San Martin,Sauce,2022,0.298167,0.0,0.1776957561655139,0.0,777.3322915399515,12.637643956617346
220913,San Martin,Sauce,2023,0.309607,0.0,0.1776957561655139,0.0,777.3322915399515,12.637643956617346
220913,San Martin,Sauce,2024,0.326673,0.0,0.1776957561655139,0.0,777.3322915399515,12.637643956617346
220914,San Martin,Shapaja,1985,0.288553,0.0,0.1189435494317422,0.1034910333896846,602.9940457997086,17.90913347928143
220914,San Martin,Shapaja,1986,0.290589,0.0,0.1189435494317422,0.1034910333896846,602.9940457997086,17.90913347928143
220914,San Martin,Shapaja,1987,0.292326,0.0,0.1189435494317422,0.1034910333896846,602.9940457997086,17.90913347928143
220914,San Martin,Shapaja,1988,0.311039,0.0,0.1189435494317422,0.1034910333896846,602.9940457997086,17.90913347928143
220914,San Martin,Shapaja,1989,0.31099,0.0,0.1189435494317422,0.1034910333896846,602.9940457997086,17.90913347928143
220914,San Martin,Shapaja,1990,0.308592,0.0,0.1189435494317422,0.1034910333896846,602.9940457997086,17.90913347928143
220914,San Martin,Shapaja,1991,0.296906,0.0,0.1189435494317422,0.1034910333896846,602.9940457997086,17.90913347928143
220914,San Martin,Shapaja,1992,0.29567,0.0,0.1189435494317422,0.1034910333896846,602.9940457997086,17.90913347928143
220914,San Martin,Shapaja,1993,0.301617,0.0,0.1189435494317422,0.1034910333896846,602.9940457997086,17.90913347928143
220914,San Martin,Shapaja,1994,0.301128,0.0,0.1189435494317422,0.1034910333896846,602.9940457997086,17.90913347928143
220914,San Martin,Shapaja,1995,0.310841,0.0,0.1189435494317422,0.1034910333896846,602.9940457997086,17.90913347928143
220914,San Martin,Shapaja,1996,0.322119,0.0,0.1189435494317422,0.1034910333896846,602.9940457997086,17.90913347928143
220914,San Martin,Shapaja,1997,0.328522,0.0,0.1189435494317422,0.1034910333896846,602.9940457997086,17.90913347928143
220914,San Martin,Shapaja,1998,0.340218,0.0,0.1189435494317422,0.1034910333896846,602.9940457997086,17.90913347928143
220914,San Martin,Shapaja,1999,0.345822,0.0,0.1189435494317422,0.1034910333896846,602.9940457997086,17.90913347928143
220914,San Martin,Shapaja,2000,0.34788,0.0,0.1189435494317422,0.1034910333896846,602.9940457997086,17.90913347928143
220914,San Martin,Shapaja,2001,0.345609,0.0,0.1189435494317422,0.1034910333896846,602.9940457997086,17.90913347928143
220914,San Martin,Shapaja,2002,0.356375,0.0,0.1189435494317422,0.1034910333896846,602.9940457997086,17.90913347928143
220914,San Martin,Shapaja,2003,0.353054,0.0,0.1189435494317422,0.1034910333896846,602.9940457997086,17.90913347928143
220914,San Martin,Shapaja,2004,0.351881,0.0,0.1189435494317422,0.1034910333896846,602.9940457997086,17.90913347928143
220914,San Martin,Shapaja,2005,0.340745,0.215793,0.1189435494317422,0.1034910333896846,602.9940457997086,17.90913347928143
220914,San Martin,Shapaja,2006,0.33553,0.215793,0.1189435494317422,0.1034910333896846,602.9940457997086,17.90913347928143
220914,San Martin,Shapaja,2007,0.33931,0.215793,0.1189435494317422,0.1034910333896846,602.9940457997086,17.90913347928143
220914,San Martin,Shapaja,2008,0.344081,0.215793,0.1189435494317422,0.1034910333896846,602.9940457997086,17.90913347928143
220914,San Martin,Shapaja,2009,0.347073,0.215793,0.1189435494317422,0.1034910333896846,602.9940457997086,17.90913347928143
220914,San Martin,Shapaja,2010,0.34061,0.215793,0.1189435494317422,0.1034910333896846,602.9940457997086,17.90913347928143
220914,San Martin,Shapaja,2011,0.328286,0.215793,0.1189435494317422,0.1034910333896846,602.9940457997086,17.90913347928143
220914,San Martin,Shapaja,2012,0.321573,0.215793,0.1189435494317422,0.1034910333896846,602.9940457997086,17.90913347928143
220914,San Martin,Shapaja,2013,0.309578,0.215793,0.1189435494317422,0.1034910333896846,602.9940457997086,17.90913347928143
220914,San Martin,Shapaja,2014,0.297299,0.215793,0.1189435494317422,0.1034910333896846,602.9940457997086,17.90913347928143
220914,San Martin,Shapaja,2015,0.291273,0.215793,0.1189435494317422,0.1034910333896846,602.9940457997086,17.90913347928143
220914,San Martin,Shapaja,2016,0.270092,0.215793,0.1189435494317422,0.1034910333896846,602.9940457997086,17.90913347928143
220914,San Martin,Shapaja,2017,0.271459,0.215793,0.1189435494317422,0.1034910333896846,602.9940457997086,17.90913347928143
220914,San Martin,Shapaja,2018,0.277477,0.215793,0.1189435494317422,0.1034910333896846,602.9940457997086,17.90913347928143
220914,San Martin,Shapaja,2019,0.275019,0.215793,0.1189435494317422,0.1034910333896846,602.9940457997086,17.90913347928143
220914,San Martin,Shapaja,2020,0.27967,0.215793,0.1189435494317422,0.1034910333896846,602.9940457997086,17.90913347928143
220914,San Martin,Shapaja,2021,0.294568,0.215793,0.1189435494317422,0.1034910333896846,602.9940457997086,17.90913347928143
220914,San Martin,Shapaja,2022,0.298128,0.215793,0.1189435494317422,0.1034910333896846,602.9940457997086,17.90913347928143
220914,San Martin,Shapaja,2023,0.301442,0.215793,0.1189435494317422,0.1034910333896846,602.9940457997086,17.90913347928143
220914,San Martin,Shapaja,2024,0.30932,0.215793,0.1189435494317422,0.1034910333896846,602.9940457997086,17.90913347928143
221001,San Martin,Tocache,1985,0.26844,0.0,0.2206617382837626,0.0342074922932891,969.1671618454836,15.741078302285583
221001,San Martin,Tocache,1986,0.270797,0.0,0.2206617382837626,0.0342074922932891,969.1671618454836,15.741078302285583
221001,San Martin,Tocache,1987,0.314336,0.0,0.2206617382837626,0.0342074922932891,969.1671618454836,15.741078302285583
221001,San Martin,Tocache,1988,0.327473,0.0,0.2206617382837626,0.0342074922932891,969.1671618454836,15.741078302285583
221001,San Martin,Tocache,1989,0.343951,0.0,0.2206617382837626,0.0342074922932891,969.1671618454836,15.741078302285583
221001,San Martin,Tocache,1990,0.344766,0.0,0.2206617382837626,0.0342074922932891,969.1671618454836,15.741078302285583
221001,San Martin,Tocache,1991,0.350099,0.0,0.2206617382837626,0.0342074922932891,969.1671618454836,15.741078302285583
221001,San Martin,Tocache,1992,0.349182,0.0,0.2206617382837626,0.0342074922932891,969.1671618454836,15.741078302285583
221001,San Martin,Tocache,1993,0.35422,0.0,0.2206617382837626,0.0342074922932891,969.1671618454836,15.741078302285583
221001,San Martin,Tocache,1994,0.346221,0.0,0.2206617382837626,0.0342074922932891,969.1671618454836,15.741078302285583
221001,San Martin,Tocache,1995,0.336304,0.0,0.2206617382837626,0.0342074922932891,969.1671618454836,15.741078302285583
221001,San Martin,Tocache,1996,0.337496,0.0,0.2206617382837626,0.0342074922932891,969.1671618454836,15.741078302285583
221001,San Martin,Tocache,1997,0.330017,0.0,0.2206617382837626,0.0342074922932891,969.1671618454836,15.741078302285583
221001,San Martin,Tocache,1998,0.332357,0.0,0.2206617382837626,0.0342074922932891,969.1671618454836,15.741078302285583
221001,San Martin,Tocache,1999,0.345238,0.0,0.2206617382837626,0.0342074922932891,969.1671618454836,15.741078302285583
221001,San Martin,Tocache,2000,0.355548,0.0,0.2206617382837626,0.0342074922932891,969.1671618454836,15.741078302285583
221001,San Martin,Tocache,2001,0.354241,0.0,0.2206617382837626,0.0342074922932891,969.1671618454836,15.741078302285583
221001,San Martin,Tocache,2002,0.35112,0.0,0.2206617382837626,0.0342074922932891,969.1671618454836,15.741078302285583
221001,San Martin,Tocache,2003,0.335193,0.0,0.2206617382837626,0.0342074922932891,969.1671618454836,15.741078302285583
221001,San Martin,Tocache,2004,0.334839,0.0,0.2206617382837626,0.0342074922932891,969.1671618454836,15.741078302285583
221001,San Martin,Tocache,2005,0.328691,0.0,0.2206617382837626,0.0342074922932891,969.1671618454836,15.741078302285583
221001,San Martin,Tocache,2006,0.332441,0.0,0.2206617382837626,0.0342074922932891,969.1671618454836,15.741078302285583
221001,San Martin,Tocache,2007,0.336448,0.0,0.2206617382837626,0.0342074922932891,969.1671618454836,15.741078302285583
221001,San Martin,Tocache,2008,0.335919,0.0,0.2206617382837626,0.0342074922932891,969.1671618454836,15.741078302285583
221001,San Martin,Tocache,2009,0.338662,0.0,0.2206617382837626,0.0342074922932891,969.1671618454836,15.741078302285583
221001,San Martin,Tocache,2010,0.344322,0.0,0.2206617382837626,0.0342074922932891,969.1671618454836,15.741078302285583
221001,San Martin,Tocache,2011,0.341215,0.0,0.2206617382837626,0.0342074922932891,969.1671618454836,15.741078302285583
221001,San Martin,Tocache,2012,0.341662,0.0,0.2206617382837626,0.0342074922932891,969.1671618454836,15.741078302285583
221001,San Martin,Tocache,2013,0.343707,0.0,0.2206617382837626,0.0342074922932891,969.1671618454836,15.741078302285583
221001,San Martin,Tocache,2014,0.347415,0.0,0.2206617382837626,0.0342074922932891,969.1671618454836,15.741078302285583
221001,San Martin,Tocache,2015,0.346405,0.0,0.2206617382837626,0.0342074922932891,969.1671618454836,15.741078302285583
221001,San Martin,Tocache,2016,0.348201,0.0,0.2206617382837626,0.0342074922932891,969.1671618454836,15.741078302285583
221001,San Martin,Tocache,2017,0.349854,0.0,0.2206617382837626,0.0342074922932891,969.1671618454836,15.741078302285583
221001,San Martin,Tocache,2018,0.349836,0.032324,0.2206617382837626,0.0342074922932891,969.1671618454836,15.741078302285583
221001,San Martin,Tocache,2019,0.348925,0.032324,0.2206617382837626,0.0342074922932891,969.1671618454836,15.741078302285583
221001,San Martin,Tocache,2020,0.342808,0.032324,0.2206617382837626,0.0342074922932891,969.1671618454836,15.741078302285583
221001,San Martin,Tocache,2021,0.344629,0.032324,0.2206617382837626,0.0342074922932891,969.1671618454836,15.741078302285583
221001,San Martin,Tocache,2022,0.343524,0.032324,0.2206617382837626,0.0342074922932891,969.1671618454836,15.741078302285583
221001,San Martin,Tocache,2023,0.3416,0.032324,0.2206617382837626,0.0342074922932891,969.1671618454836,15.741078302285583
221001,San Martin,Tocache,2024,0.348872,0.032324,0.2206617382837626,0.0342074922932891,969.1671618454836,15.741078302285583
221002,San Martin,Nuevo Progreso,1985,0.282486,0.0,0.1799192047420081,0.046369520002783,905.0152231826088,15.379469365208626
221002,San Martin,Nuevo Progreso,1986,0.287814,0.0,0.1799192047420081,0.046369520002783,905.0152231826088,15.379469365208626
221002,San Martin,Nuevo Progreso,1987,0.294458,0.0,0.1799192047420081,0.046369520002783,905.0152231826088,15.379469365208626
221002,San Martin,Nuevo Progreso,1988,0.302405,0.0,0.1799192047420081,0.046369520002783,905.0152231826088,15.379469365208626
221002,San Martin,Nuevo Progreso,1989,0.309479,0.0,0.1799192047420081,0.046369520002783,905.0152231826088,15.379469365208626
221002,San Martin,Nuevo Progreso,1990,0.310172,0.0,0.1799192047420081,0.046369520002783,905.0152231826088,15.379469365208626
221002,San Martin,Nuevo Progreso,1991,0.320292,0.0,0.1799192047420081,0.046369520002783,905.0152231826088,15.379469365208626
221002,San Martin,Nuevo Progreso,1992,0.316955,0.0,0.1799192047420081,0.046369520002783,905.0152231826088,15.379469365208626
221002,San Martin,Nuevo Progreso,1993,0.316153,0.0,0.1799192047420081,0.046369520002783,905.0152231826088,15.379469365208626
221002,San Martin,Nuevo Progreso,1994,0.311188,0.0,0.1799192047420081,0.046369520002783,905.0152231826088,15.379469365208626
221002,San Martin,Nuevo Progreso,1995,0.291436,0.0,0.1799192047420081,0.046369520002783,905.0152231826088,15.379469365208626
221002,San Martin,Nuevo Progreso,1996,0.287444,0.0,0.1799192047420081,0.046369520002783,905.0152231826088,15.379469365208626
221002,San Martin,Nuevo Progreso,1997,0.280552,0.0,0.1799192047420081,0.046369520002783,905.0152231826088,15.379469365208626
221002,San Martin,Nuevo Progreso,1998,0.280399,0.0,0.1799192047420081,0.046369520002783,905.0152231826088,15.379469365208626
221002,San Martin,Nuevo Progreso,1999,0.283165,0.0,0.1799192047420081,0.046369520002783,905.0152231826088,15.379469365208626
221002,San Martin,Nuevo Progreso,2000,0.275223,0.0,0.1799192047420081,0.046369520002783,905.0152231826088,15.379469365208626
221002,San Martin,Nuevo Progreso,2001,0.273335,0.001566,0.1799192047420081,0.046369520002783,905.0152231826088,15.379469365208626
221002,San Martin,Nuevo Progreso,2002,0.275972,0.001566,0.1799192047420081,0.046369520002783,905.0152231826088,15.379469365208626
221002,San Martin,Nuevo Progreso,2003,0.279297,0.001566,0.1799192047420081,0.046369520002783,905.0152231826088,15.379469365208626
221002,San Martin,Nuevo Progreso,2004,0.277457,0.001566,0.1799192047420081,0.046369520002783,905.0152231826088,15.379469365208626
221002,San Martin,Nuevo Progreso,2005,0.270417,0.001566,0.1799192047420081,0.046369520002783,905.0152231826088,15.379469365208626
221002,San Martin,Nuevo Progreso,2006,0.274982,0.001566,0.1799192047420081,0.046369520002783,905.0152231826088,15.379469365208626
221002,San Martin,Nuevo Progreso,2007,0.275865,0.001566,0.1799192047420081,0.046369520002783,905.0152231826088,15.379469365208626
221002,San Martin,Nuevo Progreso,2008,0.275203,0.001566,0.1799192047420081,0.046369520002783,905.0152231826088,15.379469365208626
221002,San Martin,Nuevo Progreso,2009,0.276492,0.001566,0.1799192047420081,0.046369520002783,905.0152231826088,15.379469365208626
221002,San Martin,Nuevo Progreso,2010,0.272228,0.001566,0.1799192047420081,0.046369520002783,905.0152231826088,15.379469365208626
221002,San Martin,Nuevo Progreso,2011,0.267691,0.001566,0.1799192047420081,0.046369520002783,905.0152231826088,15.379469365208626
221002,San Martin,Nuevo Progreso,2012,0.262106,0.001566,0.1799192047420081,0.046369520002783,905.0152231826088,15.379469365208626
221002,San Martin,Nuevo Progreso,2013,0.266632,0.001566,0.1799192047420081,0.046369520002783,905.0152231826088,15.379469365208626
221002,San Martin,Nuevo Progreso,2014,0.273466,0.001566,0.1799192047420081,0.046369520002783,905.0152231826088,15.379469365208626
221002,San Martin,Nuevo Progreso,2015,0.276871,0.001566,0.1799192047420081,0.046369520002783,905.0152231826088,15.379469365208626
221002,San Martin,Nuevo Progreso,2016,0.284585,0.001566,0.1799192047420081,0.046369520002783,905.0152231826088,15.379469365208626
221002,San Martin,Nuevo Progreso,2017,0.282953,0.001566,0.1799192047420081,0.046369520002783,905.0152231826088,15.379469365208626
221002,San Martin,Nuevo Progreso,2018,0.276403,0.001566,0.1799192047420081,0.046369520002783,905.0152231826088,15.379469365208626
221002,San Martin,Nuevo Progreso,2019,0.276499,0.001566,0.1799192047420081,0.046369520002783,905.0152231826088,15.379469365208626
221002,San Martin,Nuevo Progreso,2020,0.277897,0.001566,0.1799192047420081,0.046369520002783,905.0152231826088,15.379469365208626
221002,San Martin,Nuevo Progreso,2021,0.288202,0.001566,0.1799192047420081,0.046369520002783,905.0152231826088,15.379469365208626
221002,San Martin,Nuevo Progreso,2022,0.290734,0.001566,0.1799192047420081,0.046369520002783,905.0152231826088,15.379469365208626
221002,San Martin,Nuevo Progreso,2023,0.29838,0.001566,0.1799192047420081,0.046369520002783,905.0152231826088,15.379469365208626
221002,San Martin,Nuevo Progreso,2024,0.303144,0.001566,0.1799192047420081,0.046369520002783,905.0152231826088,15.379469365208626
221005,San Martin,Uchiza,1985,0.402717,0.0,0.22823588984156,0.0549351915327796,991.25616955672,14.324145841893593
221005,San Martin,Uchiza,1986,0.406269,0.0,0.22823588984156,0.0549351915327796,991.25616955672,14.324145841893593
221005,San Martin,Uchiza,1987,0.402722,0.0,0.22823588984156,0.0549351915327796,991.25616955672,14.324145841893593
221005,San Martin,Uchiza,1988,0.406177,0.0,0.22823588984156,0.0549351915327796,991.25616955672,14.324145841893593
221005,San Martin,Uchiza,1989,0.41243,0.0,0.22823588984156,0.0549351915327796,991.25616955672,14.324145841893593
221005,San Martin,Uchiza,1990,0.409872,0.0,0.22823588984156,0.0549351915327796,991.25616955672,14.324145841893593
221005,San Martin,Uchiza,1991,0.411067,0.0,0.22823588984156,0.0549351915327796,991.25616955672,14.324145841893593
221005,San Martin,Uchiza,1992,0.411937,0.0,0.22823588984156,0.0549351915327796,991.25616955672,14.324145841893593
221005,San Martin,Uchiza,1993,0.417696,0.0,0.22823588984156,0.0549351915327796,991.25616955672,14.324145841893593
221005,San Martin,Uchiza,1994,0.414725,0.0,0.22823588984156,0.0549351915327796,991.25616955672,14.324145841893593
221005,San Martin,Uchiza,1995,0.40769,0.0,0.22823588984156,0.0549351915327796,991.25616955672,14.324145841893593
221005,San Martin,Uchiza,1996,0.403467,0.0,0.22823588984156,0.0549351915327796,991.25616955672,14.324145841893593
221005,San Martin,Uchiza,1997,0.402457,0.0,0.22823588984156,0.0549351915327796,991.25616955672,14.324145841893593
221005,San Martin,Uchiza,1998,0.40845,0.0,0.22823588984156,0.0549351915327796,991.25616955672,14.324145841893593
221005,San Martin,Uchiza,1999,0.413538,0.0,0.22823588984156,0.0549351915327796,991.25616955672,14.324145841893593
221005,San Martin,Uchiza,2000,0.415965,0.0,0.22823588984156,0.0549351915327796,991.25616955672,14.324145841893593
221005,San Martin,Uchiza,2001,0.416525,0.000699,0.22823588984156,0.0549351915327796,991.25616955672,14.324145841893593
221005,San Martin,Uchiza,2002,0.410381,0.000699,0.22823588984156,0.0549351915327796,991.25616955672,14.324145841893593
221005,San Martin,Uchiza,2003,0.397264,0.000699,0.22823588984156,0.0549351915327796,991.25616955672,14.324145841893593
221005,San Martin,Uchiza,2004,0.393185,0.000699,0.22823588984156,0.0549351915327796,991.25616955672,14.324145841893593
221005,San Martin,Uchiza,2005,0.383771,0.000699,0.22823588984156,0.0549351915327796,991.25616955672,14.324145841893593
221005,San Martin,Uchiza,2006,0.388759,0.000699,0.22823588984156,0.0549351915327796,991.25616955672,14.324145841893593
221005,San Martin,Uchiza,2007,0.39072,0.000699,0.22823588984156,0.0549351915327796,991.25616955672,14.324145841893593
221005,San Martin,Uchiza,2008,0.392443,0.000699,0.22823588984156,0.0549351915327796,991.25616955672,14.324145841893593
221005,San Martin,Uchiza,2009,0.396691,0.000699,0.22823588984156,0.0549351915327796,991.25616955672,14.324145841893593
221005,San Martin,Uchiza,2010,0.39942,0.000699,0.22823588984156,0.0549351915327796,991.25616955672,14.324145841893593
221005,San Martin,Uchiza,2011,0.397248,0.000699,0.22823588984156,0.0549351915327796,991.25616955672,14.324145841893593
221005,San Martin,Uchiza,2012,0.392822,0.000699,0.22823588984156,0.0549351915327796,991.25616955672,14.324145841893593
221005,San Martin,Uchiza,2013,0.395985,0.000699,0.22823588984156,0.0549351915327796,991.25616955672,14.324145841893593
221005,San Martin,Uchiza,2014,0.402337,0.000699,0.22823588984156,0.0549351915327796,991.25616955672,14.324145841893593
221005,San Martin,Uchiza,2015,0.406643,0.000699,0.22823588984156,0.0549351915327796,991.25616955672,14.324145841893593
221005,San Martin,Uchiza,2016,0.410715,0.000699,0.22823588984156,0.0549351915327796,991.25616955672,14.324145841893593
221005,San Martin,Uchiza,2017,0.410278,0.000699,0.22823588984156,0.0549351915327796,991.25616955672,14.324145841893593
221005,San Martin,Uchiza,2018,0.408672,0.059995,0.22823588984156,0.0549351915327796,991.25616955672,14.324145841893593
221005,San Martin,Uchiza,2019,0.403743,0.059995,0.22823588984156,0.0549351915327796,991.25616955672,14.324145841893593
221005,San Martin,Uchiza,2020,0.405292,0.059995,0.22823588984156,0.0549351915327796,991.25616955672,14.324145841893593
221005,San Martin,Uchiza,2021,0.410372,0.059995,0.22823588984156,0.0549351915327796,991.25616955672,14.324145841893593
221005,San Martin,Uchiza,2022,0.412317,0.059995,0.22823588984156,0.0549351915327796,991.25616955672,14.324145841893593
221005,San Martin,Uchiza,2023,0.41747,0.059995,0.22823588984156,0.0549351915327796,991.25616955672,14.324145841893593
221005,San Martin,Uchiza,2024,0.423308,0.059995,0.22823588984156,0.0549351915327796,991.25616955672,14.324145841893593
221006,San Martin,Santa Lucia,1985,0.713109,0.0,0.1973645652175109,0.1045464956448072,597.7268248929626,5.389060356052757
221006,San Martin,Santa Lucia,1986,0.716285,0.0,0.1973645652175109,0.1045464956448072,597.7268248929626,5.389060356052757
221006,San Martin,Santa Lucia,1987,0.710336,0.0,0.1973645652175109,0.1045464956448072,597.7268248929626,5.389060356052757
221006,San Martin,Santa Lucia,1988,0.712532,0.0,0.1973645652175109,0.1045464956448072,597.7268248929626,5.389060356052757
221006,San Martin,Santa Lucia,1989,0.715738,0.0,0.1973645652175109,0.1045464956448072,597.7268248929626,5.389060356052757
221006,San Martin,Santa Lucia,1990,0.705172,0.0,0.1973645652175109,0.1045464956448072,597.7268248929626,5.389060356052757
221006,San Martin,Santa Lucia,1991,0.719863,0.0,0.1973645652175109,0.1045464956448072,597.7268248929626,5.389060356052757
221006,San Martin,Santa Lucia,1992,0.729637,0.0,0.1973645652175109,0.1045464956448072,597.7268248929626,5.389060356052757
221006,San Martin,Santa Lucia,1993,0.743442,0.0,0.1973645652175109,0.1045464956448072,597.7268248929626,5.389060356052757
221006,San Martin,Santa Lucia,1994,0.733542,0.0,0.1973645652175109,0.1045464956448072,597.7268248929626,5.389060356052757
221006,San Martin,Santa Lucia,1995,0.729947,0.0,0.1973645652175109,0.1045464956448072,597.7268248929626,5.389060356052757
221006,San Martin,Santa Lucia,1996,0.728853,0.0,0.1973645652175109,0.1045464956448072,597.7268248929626,5.389060356052757
221006,San Martin,Santa Lucia,1997,0.722099,0.0,0.1973645652175109,0.1045464956448072,597.7268248929626,5.389060356052757
221006,San Martin,Santa Lucia,1998,0.730027,0.0,0.1973645652175109,0.1045464956448072,597.7268248929626,5.389060356052757
221006,San Martin,Santa Lucia,1999,0.747425,0.0,0.1973645652175109,0.1045464956448072,597.7268248929626,5.389060356052757
221006,San Martin,Santa Lucia,2000,0.757154,0.0,0.1973645652175109,0.1045464956448072,597.7268248929626,5.389060356052757
221006,San Martin,Santa Lucia,2001,0.760616,0.0,0.1973645652175109,0.1045464956448072,597.7268248929626,5.389060356052757
221006,San Martin,Santa Lucia,2002,0.755465,0.0,0.1973645652175109,0.1045464956448072,597.7268248929626,5.389060356052757
221006,San Martin,Santa Lucia,2003,0.744774,0.0,0.1973645652175109,0.1045464956448072,597.7268248929626,5.389060356052757
221006,San Martin,Santa Lucia,2004,0.740583,0.0,0.1973645652175109,0.1045464956448072,597.7268248929626,5.389060356052757
221006,San Martin,Santa Lucia,2005,0.744494,0.0,0.1973645652175109,0.1045464956448072,597.7268248929626,5.389060356052757
221006,San Martin,Santa Lucia,2006,0.753519,0.0,0.1973645652175109,0.1045464956448072,597.7268248929626,5.389060356052757
221006,San Martin,Santa Lucia,2007,0.753984,0.0,0.1973645652175109,0.1045464956448072,597.7268248929626,5.389060356052757
221006,San Martin,Santa Lucia,2008,0.752642,0.0,0.1973645652175109,0.1045464956448072,597.7268248929626,5.389060356052757
221006,San Martin,Santa Lucia,2009,0.760962,0.0,0.1973645652175109,0.1045464956448072,597.7268248929626,5.389060356052757
221006,San Martin,Santa Lucia,2010,0.763759,0.0,0.1973645652175109,0.1045464956448072,597.7268248929626,5.389060356052757
221006,San Martin,Santa Lucia,2011,0.758918,0.0,0.1973645652175109,0.1045464956448072,597.7268248929626,5.389060356052757
221006,San Martin,Santa Lucia,2012,0.757124,0.0,0.1973645652175109,0.1045464956448072,597.7268248929626,5.389060356052757
221006,San Martin,Santa Lucia,2013,0.75783,0.0,0.1973645652175109,0.1045464956448072,597.7268248929626,5.389060356052757
221006,San Martin,Santa Lucia,2014,0.763518,0.0,0.1973645652175109,0.1045464956448072,597.7268248929626,5.389060356052757
221006,San Martin,Santa Lucia,2015,0.76829,0.0,0.1973645652175109,0.1045464956448072,597.7268248929626,5.389060356052757
221006,San Martin,Santa Lucia,2016,0.77383,0.0,0.1973645652175109,0.1045464956448072,597.7268248929626,5.389060356052757
221006,San Martin,Santa Lucia,2017,0.771142,0.0,0.1973645652175109,0.1045464956448072,597.7268248929626,5.389060356052757
221006,San Martin,Santa Lucia,2018,0.772494,0.0,0.1973645652175109,0.1045464956448072,597.7268248929626,5.389060356052757
221006,San Martin,Santa Lucia,2019,0.769672,0.0,0.1973645652175109,0.1045464956448072,597.7268248929626,5.389060356052757
221006,San Martin,Santa Lucia,2020,0.767291,0.0,0.1973645652175109,0.1045464956448072,597.7268248929626,5.389060356052757
221006,San Martin,Santa Lucia,2021,0.77631,0.0,0.1973645652175109,0.1045464956448072,597.7268248929626,5.389060356052757
221006,San Martin,Santa Lucia,2022,0.776537,0.0,0.1973645652175109,0.1045464956448072,597.7268248929626,5.389060356052757
221006,San Martin,Santa Lucia,2023,0.778974,0.0,0.1973645652175109,0.1045464956448072,597.7268248929626,5.389060356052757
221006,San Martin,Santa Lucia,2024,0.782579,0.0,0.1973645652175109,0.1045464956448072,597.7268248929626,5.389060356052757
250102,Ucayali,Campoverde,1985,0.313753,0.0,0.3176645072483526,0.0077625256336061,190.13452432672636,3.085072601553909
250102,Ucayali,Campoverde,1986,0.326663,0.0,0.3176645072483526,0.0077625256336061,190.13452432672636,3.085072601553909
250102,Ucayali,Campoverde,1987,0.343642,0.0,0.3176645072483526,0.0077625256336061,190.13452432672636,3.085072601553909
250102,Ucayali,Campoverde,1988,0.362127,0.0,0.3176645072483526,0.0077625256336061,190.13452432672636,3.085072601553909
250102,Ucayali,Campoverde,1989,0.371657,0.0,0.3176645072483526,0.0077625256336061,190.13452432672636,3.085072601553909
250102,Ucayali,Campoverde,1990,0.384476,0.0,0.3176645072483526,0.0077625256336061,190.13452432672636,3.085072601553909
250102,Ucayali,Campoverde,1991,0.400738,0.0,0.3176645072483526,0.0077625256336061,190.13452432672636,3.085072601553909
250102,Ucayali,Campoverde,1992,0.416805,0.0,0.3176645072483526,0.0077625256336061,190.13452432672636,3.085072601553909
250102,Ucayali,Campoverde,1993,0.433605,0.0,0.3176645072483526,0.0077625256336061,190.13452432672636,3.085072601553909
250102,Ucayali,Campoverde,1994,0.454292,0.0,0.3176645072483526,0.0077625256336061,190.13452432672636,3.085072601553909
250102,Ucayali,Campoverde,1995,0.460762,0.0,0.3176645072483526,0.0077625256336061,190.13452432672636,3.085072601553909
250102,Ucayali,Campoverde,1996,0.479748,0.0,0.3176645072483526,0.0077625256336061,190.13452432672636,3.085072601553909
250102,Ucayali,Campoverde,1997,0.482551,0.0,0.3176645072483526,0.0077625256336061,190.13452432672636,3.085072601553909
250102,Ucayali,Campoverde,1998,0.499959,0.0,0.3176645072483526,0.0077625256336061,190.13452432672636,3.085072601553909
250102,Ucayali,Campoverde,1999,0.510655,0.0,0.3176645072483526,0.0077625256336061,190.13452432672636,3.085072601553909
250102,Ucayali,Campoverde,2000,0.513292,0.0,0.3176645072483526,0.0077625256336061,190.13452432672636,3.085072601553909
250102,Ucayali,Campoverde,2001,0.525939,0.0,0.3176645072483526,0.0077625256336061,190.13452432672636,3.085072601553909
250102,Ucayali,Campoverde,2002,0.541484,0.0,0.3176645072483526,0.0077625256336061,190.13452432672636,3.085072601553909
250102,Ucayali,Campoverde,2003,0.543624,0.0,0.3176645072483526,0.0077625256336061,190.13452432672636,3.085072601553909
250102,Ucayali,Campoverde,2004,0.552839,0.0,0.3176645072483526,0.0077625256336061,190.13452432672636,3.085072601553909
250102,Ucayali,Campoverde,2005,0.588834,0.0,0.3176645072483526,0.0077625256336061,190.13452432672636,3.085072601553909
250102,Ucayali,Campoverde,2006,0.600517,0.0,0.3176645072483526,0.0077625256336061,190.13452432672636,3.085072601553909
250102,Ucayali,Campoverde,2007,0.606882,0.0,0.3176645072483526,0.0077625256336061,190.13452432672636,3.085072601553909
250102,Ucayali,Campoverde,2008,0.621822,0.0,0.3176645072483526,0.0077625256336061,190.13452432672636,3.085072601553909
250102,Ucayali,Campoverde,2009,0.628159,0.0,0.3176645072483526,0.0077625256336061,190.13452432672636,3.085072601553909
250102,Ucayali,Campoverde,2010,0.637463,0.0,0.3176645072483526,0.0077625256336061,190.13452432672636,3.085072601553909
250102,Ucayali,Campoverde,2011,0.648758,0.0,0.3176645072483526,0.0077625256336061,190.13452432672636,3.085072601553909
250102,Ucayali,Campoverde,2012,0.656593,0.0,0.3176645072483526,0.0077625256336061,190.13452432672636,3.085072601553909
250102,Ucayali,Campoverde,2013,0.665383,0.0,0.3176645072483526,0.0077625256336061,190.13452432672636,3.085072601553909
250102,Ucayali,Campoverde,2014,0.67469,0.0,0.3176645072483526,0.0077625256336061,190.13452432672636,3.085072601553909
250102,Ucayali,Campoverde,2015,0.685051,0.0,0.3176645072483526,0.0077625256336061,190.13452432672636,3.085072601553909
250102,Ucayali,Campoverde,2016,0.692078,0.0,0.3176645072483526,0.0077625256336061,190.13452432672636,3.085072601553909
250102,Ucayali,Campoverde,2017,0.703335,0.0,0.3176645072483526,0.0077625256336061,190.13452432672636,3.085072601553909
250102,Ucayali,Campoverde,2018,0.706419,0.0,0.3176645072483526,0.0077625256336061,190.13452432672636,3.085072601553909
250102,Ucayali,Campoverde,2019,0.714318,0.0,0.3176645072483526,0.0077625256336061,190.13452432672636,3.085072601553909
250102,Ucayali,Campoverde,2020,0.735299,0.0,0.3176645072483526,0.0077625256336061,190.13452432672636,3.085072601553909
250102,Ucayali,Campoverde,2021,0.74811,0.0,0.3176645072483526,0.0077625256336061,190.13452432672636,3.085072601553909
250102,Ucayali,Campoverde,2022,0.76407,0.002331,0.3176645072483526,0.0077625256336061,190.13452432672636,3.085072601553909
250102,Ucayali,Campoverde,2023,0.7775,0.002331,0.3176645072483526,0.0077625256336061,190.13452432672636,3.085072601553909
250102,Ucayali,Campoverde,2024,0.818359,0.002331,0.3176645072483526,0.0077625256336061,190.13452432672636,3.085072601553909
250105,Ucayali,Yarinacocha,1985,0.422811,0.0,0.1902231377085763,0.0374168140624473,152.17344325935778,2.457767916372505
250105,Ucayali,Yarinacocha,1986,0.437094,0.0,0.1902231377085763,0.0374168140624473,152.17344325935778,2.457767916372505
250105,Ucayali,Yarinacocha,1987,0.46936,0.0,0.1902231377085763,0.0374168140624473,152.17344325935778,2.457767916372505
250105,Ucayali,Yarinacocha,1988,0.486658,0.0,0.1902231377085763,0.0374168140624473,152.17344325935778,2.457767916372505
250105,Ucayali,Yarinacocha,1989,0.493114,0.0,0.1902231377085763,0.0374168140624473,152.17344325935778,2.457767916372505
250105,Ucayali,Yarinacocha,1990,0.504745,0.0,0.1902231377085763,0.0374168140624473,152.17344325935778,2.457767916372505
250105,Ucayali,Yarinacocha,1991,0.505515,0.0,0.1902231377085763,0.0374168140624473,152.17344325935778,2.457767916372505
250105,Ucayali,Yarinacocha,1992,0.514565,0.0,0.1902231377085763,0.0374168140624473,152.17344325935778,2.457767916372505
250105,Ucayali,Yarinacocha,1993,0.518465,0.0,0.1902231377085763,0.0374168140624473,152.17344325935778,2.457767916372505
250105,Ucayali,Yarinacocha,1994,0.525292,0.0,0.1902231377085763,0.0374168140624473,152.17344325935778,2.457767916372505
250105,Ucayali,Yarinacocha,1995,0.527703,0.0,0.1902231377085763,0.0374168140624473,152.17344325935778,2.457767916372505
250105,Ucayali,Yarinacocha,1996,0.529692,0.0,0.1902231377085763,0.0374168140624473,152.17344325935778,2.457767916372505
250105,Ucayali,Yarinacocha,1997,0.533386,0.0,0.1902231377085763,0.0374168140624473,152.17344325935778,2.457767916372505
250105,Ucayali,Yarinacocha,1998,0.541159,0.0,0.1902231377085763,0.0374168140624473,152.17344325935778,2.457767916372505
250105,Ucayali,Yarinacocha,1999,0.543961,0.0,0.1902231377085763,0.0374168140624473,152.17344325935778,2.457767916372505
250105,Ucayali,Yarinacocha,2000,0.548387,0.0,0.1902231377085763,0.0374168140624473,152.17344325935778,2.457767916372505
250105,Ucayali,Yarinacocha,2001,0.544535,0.0,0.1902231377085763,0.0374168140624473,152.17344325935778,2.457767916372505
250105,Ucayali,Yarinacocha,2002,0.555242,0.0,0.1902231377085763,0.0374168140624473,152.17344325935778,2.457767916372505
250105,Ucayali,Yarinacocha,2003,0.552775,0.0,0.1902231377085763,0.0374168140624473,152.17344325935778,2.457767916372505
250105,Ucayali,Yarinacocha,2004,0.552101,0.0,0.1902231377085763,0.0374168140624473,152.17344325935778,2.457767916372505
250105,Ucayali,Yarinacocha,2005,0.583525,0.0,0.1902231377085763,0.0374168140624473,152.17344325935778,2.457767916372505
250105,Ucayali,Yarinacocha,2006,0.576644,0.0,0.1902231377085763,0.0374168140624473,152.17344325935778,2.457767916372505
250105,Ucayali,Yarinacocha,2007,0.56314,0.0,0.1902231377085763,0.0374168140624473,152.17344325935778,2.457767916372505
250105,Ucayali,Yarinacocha,2008,0.577456,0.0,0.1902231377085763,0.0374168140624473,152.17344325935778,2.457767916372505
250105,Ucayali,Yarinacocha,2009,0.569183,0.0,0.1902231377085763,0.0374168140624473,152.17344325935778,2.457767916372505
250105,Ucayali,Yarinacocha,2010,0.568083,0.0,0.1902231377085763,0.0374168140624473,152.17344325935778,2.457767916372505
250105,Ucayali,Yarinacocha,2011,0.574744,0.0,0.1902231377085763,0.0374168140624473,152.17344325935778,2.457767916372505
250105,Ucayali,Yarinacocha,2012,0.58291,0.0,0.1902231377085763,0.0374168140624473,152.17344325935778,2.457767916372505
250105,Ucayali,Yarinacocha,2013,0.594093,0.0,0.1902231377085763,0.0374168140624473,152.17344325935778,2.457767916372505
250105,Ucayali,Yarinacocha,2014,0.596533,0.0,0.1902231377085763,0.0374168140624473,152.17344325935778,2.457767916372505
250105,Ucayali,Yarinacocha,2015,0.595244,0.0,0.1902231377085763,0.0374168140624473,152.17344325935778,2.457767916372505
250105,Ucayali,Yarinacocha,2016,0.596816,0.0,0.1902231377085763,0.0374168140624473,152.17344325935778,2.457767916372505
250105,Ucayali,Yarinacocha,2017,0.592434,0.0,0.1902231377085763,0.0374168140624473,152.17344325935778,2.457767916372505
250105,Ucayali,Yarinacocha,2018,0.588375,0.0,0.1902231377085763,0.0374168140624473,152.17344325935778,2.457767916372505
250105,Ucayali,Yarinacocha,2019,0.588225,0.0,0.1902231377085763,0.0374168140624473,152.17344325935778,2.457767916372505
250105,Ucayali,Yarinacocha,2020,0.590959,0.0,0.1902231377085763,0.0374168140624473,152.17344325935778,2.457767916372505
250105,Ucayali,Yarinacocha,2021,0.597175,0.0,0.1902231377085763,0.0374168140624473,152.17344325935778,2.457767916372505
250105,Ucayali,Yarinacocha,2022,0.609289,0.0,0.1902231377085763,0.0374168140624473,152.17344325935778,2.457767916372505
250105,Ucayali,Yarinacocha,2023,0.625409,0.0,0.1902231377085763,0.0374168140624473,152.17344325935778,2.457767916372505
250105,Ucayali,Yarinacocha,2024,0.678208,0.0,0.1902231377085763,0.0374168140624473,152.17344325935778,2.457767916372505
250106,Ucayali,Nueva Requena,1985,0.063,0.0,0.0507158669666049,0.050507969556008,201.11080305748544,4.179550950512095
250106,Ucayali,Nueva Requena,1986,0.065542,0.0,0.0507158669666049,0.050507969556008,201.11080305748544,4.179550950512095
250106,Ucayali,Nueva Requena,1987,0.066965,0.0,0.0507158669666049,0.050507969556008,201.11080305748544,4.179550950512095
250106,Ucayali,Nueva Requena,1988,0.075219,0.0,0.0507158669666049,0.050507969556008,201.11080305748544,4.179550950512095
250106,Ucayali,Nueva Requena,1989,0.080196,0.0,0.0507158669666049,0.050507969556008,201.11080305748544,4.179550950512095
250106,Ucayali,Nueva Requena,1990,0.083285,0.0,0.0507158669666049,0.050507969556008,201.11080305748544,4.179550950512095
250106,Ucayali,Nueva Requena,1991,0.087159,0.0,0.0507158669666049,0.050507969556008,201.11080305748544,4.179550950512095
250106,Ucayali,Nueva Requena,1992,0.087772,0.0,0.0507158669666049,0.050507969556008,201.11080305748544,4.179550950512095
250106,Ucayali,Nueva Requena,1993,0.090341,0.0,0.0507158669666049,0.050507969556008,201.11080305748544,4.179550950512095
250106,Ucayali,Nueva Requena,1994,0.092114,0.0,0.0507158669666049,0.050507969556008,201.11080305748544,4.179550950512095
250106,Ucayali,Nueva Requena,1995,0.092786,0.0,0.0507158669666049,0.050507969556008,201.11080305748544,4.179550950512095
250106,Ucayali,Nueva Requena,1996,0.09759,0.0,0.0507158669666049,0.050507969556008,201.11080305748544,4.179550950512095
250106,Ucayali,Nueva Requena,1997,0.098977,0.0,0.0507158669666049,0.050507969556008,201.11080305748544,4.179550950512095
250106,Ucayali,Nueva Requena,1998,0.097703,0.0,0.0507158669666049,0.050507969556008,201.11080305748544,4.179550950512095
250106,Ucayali,Nueva Requena,1999,0.097032,0.0,0.0507158669666049,0.050507969556008,201.11080305748544,4.179550950512095
250106,Ucayali,Nueva Requena,2000,0.095768,0.0,0.0507158669666049,0.050507969556008,201.11080305748544,4.179550950512095
250106,Ucayali,Nueva Requena,2001,0.09704,0.0,0.0507158669666049,0.050507969556008,201.11080305748544,4.179550950512095
250106,Ucayali,Nueva Requena,2002,0.098875,0.0,0.0507158669666049,0.050507969556008,201.11080305748544,4.179550950512095
250106,Ucayali,Nueva Requena,2003,0.097763,0.0,0.0507158669666049,0.050507969556008,201.11080305748544,4.179550950512095
250106,Ucayali,Nueva Requena,2004,0.097515,0.0,0.0507158669666049,0.050507969556008,201.11080305748544,4.179550950512095
250106,Ucayali,Nueva Requena,2005,0.099661,0.0,0.0507158669666049,0.050507969556008,201.11080305748544,4.179550950512095
250106,Ucayali,Nueva Requena,2006,0.095316,0.0,0.0507158669666049,0.050507969556008,201.11080305748544,4.179550950512095
250106,Ucayali,Nueva Requena,2007,0.095465,0.0,0.0507158669666049,0.050507969556008,201.11080305748544,4.179550950512095
250106,Ucayali,Nueva Requena,2008,0.096913,0.0,0.0507158669666049,0.050507969556008,201.11080305748544,4.179550950512095
250106,Ucayali,Nueva Requena,2009,0.097123,0.0,0.0507158669666049,0.050507969556008,201.11080305748544,4.179550950512095
250106,Ucayali,Nueva Requena,2010,0.102556,0.0,0.0507158669666049,0.050507969556008,201.11080305748544,4.179550950512095
250106,Ucayali,Nueva Requena,2011,0.101907,0.0,0.0507158669666049,0.050507969556008,201.11080305748544,4.179550950512095
250106,Ucayali,Nueva Requena,2012,0.103893,0.0,0.0507158669666049,0.050507969556008,201.11080305748544,4.179550950512095
250106,Ucayali,Nueva Requena,2013,0.121708,0.0,0.0507158669666049,0.050507969556008,201.11080305748544,4.179550950512095
250106,Ucayali,Nueva Requena,2014,0.148305,0.0,0.0507158669666049,0.050507969556008,201.11080305748544,4.179550950512095
250106,Ucayali,Nueva Requena,2015,0.162105,0.0,0.0507158669666049,0.050507969556008,201.11080305748544,4.179550950512095
250106,Ucayali,Nueva Requena,2016,0.174627,0.0,0.0507158669666049,0.050507969556008,201.11080305748544,4.179550950512095
250106,Ucayali,Nueva Requena,2017,0.188535,0.0,0.0507158669666049,0.050507969556008,201.11080305748544,4.179550950512095
250106,Ucayali,Nueva Requena,2018,0.196792,0.0,0.0507158669666049,0.050507969556008,201.11080305748544,4.179550950512095
250106,Ucayali,Nueva Requena,2019,0.21381,0.0,0.0507158669666049,0.050507969556008,201.11080305748544,4.179550950512095
250106,Ucayali,Nueva Requena,2020,0.239777,0.0,0.0507158669666049,0.050507969556008,201.11080305748544,4.179550950512095
250106,Ucayali,Nueva Requena,2021,0.273423,0.0,0.0507158669666049,0.050507969556008,201.11080305748544,4.179550950512095
250106,Ucayali,Nueva Requena,2022,0.310097,0.0,0.0507158669666049,0.050507969556008,201.11080305748544,4.179550950512095
250106,Ucayali,Nueva Requena,2023,0.345734,0.0,0.0507158669666049,0.050507969556008,201.11080305748544,4.179550950512095
250106,Ucayali,Nueva Requena,2024,0.39774,0.0,0.0507158669666049,0.050507969556008,201.11080305748544,4.179550950512095
250302,Ucayali,Irazola,1985,0.05238,0.0,0.0704322263678917,0.0,273.4233371856733,6.919961047416163
250302,Ucayali,Irazola,1986,0.057627,0.0,0.0704322263678917,0.0,273.4233371856733,6.919961047416163
250302,Ucayali,Irazola,1987,0.058869,0.0,0.0704322263678917,0.0,273.4233371856733,6.919961047416163
250302,Ucayali,Irazola,1988,0.062575,0.0,0.0704322263678917,0.0,273.4233371856733,6.919961047416163
250302,Ucayali,Irazola,1989,0.064053,0.0,0.0704322263678917,0.0,273.4233371856733,6.919961047416163
250302,Ucayali,Irazola,1990,0.06436,0.0,0.0704322263678917,0.0,273.4233371856733,6.919961047416163
250302,Ucayali,Irazola,1991,0.063843,0.0,0.0704322263678917,0.0,273.4233371856733,6.919961047416163
250302,Ucayali,Irazola,1992,0.063597,0.0,0.0704322263678917,0.0,273.4233371856733,6.919961047416163
250302,Ucayali,Irazola,1993,0.072733,0.0,0.0704322263678917,0.0,273.4233371856733,6.919961047416163
250302,Ucayali,Irazola,1994,0.079025,0.0,0.0704322263678917,0.0,273.4233371856733,6.919961047416163
250302,Ucayali,Irazola,1995,0.08587,0.0,0.0704322263678917,0.0,273.4233371856733,6.919961047416163
250302,Ucayali,Irazola,1996,0.092568,0.0,0.0704322263678917,0.0,273.4233371856733,6.919961047416163
250302,Ucayali,Irazola,1997,0.098407,0.0,0.0704322263678917,0.0,273.4233371856733,6.919961047416163
250302,Ucayali,Irazola,1998,0.100063,0.0,0.0704322263678917,0.0,273.4233371856733,6.919961047416163
250302,Ucayali,Irazola,1999,0.099066,0.0,0.0704322263678917,0.0,273.4233371856733,6.919961047416163
250302,Ucayali,Irazola,2000,0.100408,0.0,0.0704322263678917,0.0,273.4233371856733,6.919961047416163
250302,Ucayali,Irazola,2001,0.104109,0.0,0.0704322263678917,0.0,273.4233371856733,6.919961047416163
250302,Ucayali,Irazola,2002,0.104152,0.0,0.0704322263678917,0.0,273.4233371856733,6.919961047416163
250302,Ucayali,Irazola,2003,0.114181,0.0,0.0704322263678917,0.0,273.4233371856733,6.919961047416163
250302,Ucayali,Irazola,2004,0.118322,0.0,0.0704322263678917,0.0,273.4233371856733,6.919961047416163
250302,Ucayali,Irazola,2005,0.127178,0.0,0.0704322263678917,0.0,273.4233371856733,6.919961047416163
250302,Ucayali,Irazola,2006,0.128296,0.0,0.0704322263678917,0.0,273.4233371856733,6.919961047416163
250302,Ucayali,Irazola,2007,0.14418,0.0,0.0704322263678917,0.0,273.4233371856733,6.919961047416163
250302,Ucayali,Irazola,2008,0.15123,0.0,0.0704322263678917,0.0,273.4233371856733,6.919961047416163
250302,Ucayali,Irazola,2009,0.166653,0.0,0.0704322263678917,0.0,273.4233371856733,6.919961047416163
250302,Ucayali,Irazola,2010,0.184379,0.0,0.0704322263678917,0.0,273.4233371856733,6.919961047416163
250302,Ucayali,Irazola,2011,0.188149,0.0,0.0704322263678917,0.0,273.4233371856733,6.919961047416163
250302,Ucayali,Irazola,2012,0.19042,0.0,0.0704322263678917,0.0,273.4233371856733,6.919961047416163
250302,Ucayali,Irazola,2013,0.208864,0.0,0.0704322263678917,0.0,273.4233371856733,6.919961047416163
250302,Ucayali,Irazola,2014,0.219934,0.0,0.0704322263678917,0.0,273.4233371856733,6.919961047416163
250302,Ucayali,Irazola,2015,0.233931,0.0,0.0704322263678917,0.0,273.4233371856733,6.919961047416163
250302,Ucayali,Irazola,2016,0.243803,0.0,0.0704322263678917,0.0,273.4233371856733,6.919961047416163
250302,Ucayali,Irazola,2017,0.255537,0.0,0.0704322263678917,0.0,273.4233371856733,6.919961047416163
250302,Ucayali,Irazola,2018,0.254276,0.0,0.0704322263678917,0.0,273.4233371856733,6.919961047416163
250302,Ucayali,Irazola,2019,0.269778,0.0,0.0704322263678917,0.0,273.4233371856733,6.919961047416163
250302,Ucayali,Irazola,2020,0.282719,0.0,0.0704322263678917,0.0,273.4233371856733,6.919961047416163
250302,Ucayali,Irazola,2021,0.310473,0.0,0.0704322263678917,0.0,273.4233371856733,6.919961047416163
250302,Ucayali,Irazola,2022,0.329395,0.0,0.0704322263678917,0.0,273.4233371856733,6.919961047416163
250302,Ucayali,Irazola,2023,0.342854,0.0,0.0704322263678917,0.0,273.4233371856733,6.919961047416163
250302,Ucayali,Irazola,2024,0.370469,0.0,0.0704322263678917,0.0,273.4233371856733,6.919961047416163
250303,Ucayali,Curimana,1985,0.021103,0.0,0.0593633754762703,0.061196555176312,252.79056150913425,7.428274235888242
250303,Ucayali,Curimana,1986,0.02335,0.0,0.0593633754762703,0.061196555176312,252.79056150913425,7.428274235888242
250303,Ucayali,Curimana,1987,0.023325,0.0,0.0593633754762703,0.061196555176312,252.79056150913425,7.428274235888242
250303,Ucayali,Curimana,1988,0.025631,0.0,0.0593633754762703,0.061196555176312,252.79056150913425,7.428274235888242
250303,Ucayali,Curimana,1989,0.026797,0.0,0.0593633754762703,0.061196555176312,252.79056150913425,7.428274235888242
250303,Ucayali,Curimana,1990,0.026463,0.0,0.0593633754762703,0.061196555176312,252.79056150913425,7.428274235888242
250303,Ucayali,Curimana,1991,0.026985,0.0,0.0593633754762703,0.061196555176312,252.79056150913425,7.428274235888242
250303,Ucayali,Curimana,1992,0.026973,0.0,0.0593633754762703,0.061196555176312,252.79056150913425,7.428274235888242
250303,Ucayali,Curimana,1993,0.030905,0.0,0.0593633754762703,0.061196555176312,252.79056150913425,7.428274235888242
250303,Ucayali,Curimana,1994,0.031865,0.0,0.0593633754762703,0.061196555176312,252.79056150913425,7.428274235888242
250303,Ucayali,Curimana,1995,0.034802,0.0,0.0593633754762703,0.061196555176312,252.79056150913425,7.428274235888242
250303,Ucayali,Curimana,1996,0.039698,0.0,0.0593633754762703,0.061196555176312,252.79056150913425,7.428274235888242
250303,Ucayali,Curimana,1997,0.044488,0.0,0.0593633754762703,0.061196555176312,252.79056150913425,7.428274235888242
250303,Ucayali,Curimana,1998,0.048267,0.0,0.0593633754762703,0.061196555176312,252.79056150913425,7.428274235888242
250303,Ucayali,Curimana,1999,0.050467,0.0,0.0593633754762703,0.061196555176312,252.79056150913425,7.428274235888242
250303,Ucayali,Curimana,2000,0.051935,0.0,0.0593633754762703,0.061196555176312,252.79056150913425,7.428274235888242
250303,Ucayali,Curimana,2001,0.055955,0.0,0.0593633754762703,0.061196555176312,252.79056150913425,7.428274235888242
250303,Ucayali,Curimana,2002,0.05852,0.0,0.0593633754762703,0.061196555176312,252.79056150913425,7.428274235888242
250303,Ucayali,Curimana,2003,0.062778,0.0,0.0593633754762703,0.061196555176312,252.79056150913425,7.428274235888242
250303,Ucayali,Curimana,2004,0.065219,0.0,0.0593633754762703,0.061196555176312,252.79056150913425,7.428274235888242
250303,Ucayali,Curimana,2005,0.065105,0.0,0.0593633754762703,0.061196555176312,252.79056150913425,7.428274235888242
250303,Ucayali,Curimana,2006,0.065607,0.0,0.0593633754762703,0.061196555176312,252.79056150913425,7.428274235888242
250303,Ucayali,Curimana,2007,0.069505,0.0,0.0593633754762703,0.061196555176312,252.79056150913425,7.428274235888242
250303,Ucayali,Curimana,2008,0.073162,0.0,0.0593633754762703,0.061196555176312,252.79056150913425,7.428274235888242
250303,Ucayali,Curimana,2009,0.08565,0.0,0.0593633754762703,0.061196555176312,252.79056150913425,7.428274235888242
250303,Ucayali,Curimana,2010,0.098359,0.0,0.0593633754762703,0.061196555176312,252.79056150913425,7.428274235888242
250303,Ucayali,Curimana,2011,0.101239,0.0,0.0593633754762703,0.061196555176312,252.79056150913425,7.428274235888242
250303,Ucayali,Curimana,2012,0.108393,0.0,0.0593633754762703,0.061196555176312,252.79056150913425,7.428274235888242
250303,Ucayali,Curimana,2013,0.133881,0.0,0.0593633754762703,0.061196555176312,252.79056150913425,7.428274235888242
250303,Ucayali,Curimana,2014,0.151809,0.0,0.0593633754762703,0.061196555176312,252.79056150913425,7.428274235888242
250303,Ucayali,Curimana,2015,0.168269,0.0,0.0593633754762703,0.061196555176312,252.79056150913425,7.428274235888242
250303,Ucayali,Curimana,2016,0.17865,0.0,0.0593633754762703,0.061196555176312,252.79056150913425,7.428274235888242
250303,Ucayali,Curimana,2017,0.193821,0.0,0.0593633754762703,0.061196555176312,252.79056150913425,7.428274235888242
250303,Ucayali,Curimana,2018,0.198479,0.0,0.0593633754762703,0.061196555176312,252.79056150913425,7.428274235888242
250303,Ucayali,Curimana,2019,0.214468,0.0,0.0593633754762703,0.061196555176312,252.79056150913425,7.428274235888242
250303,Ucayali,Curimana,2020,0.230836,0.0,0.0593633754762703,0.061196555176312,252.79056150913425,7.428274235888242
250303,Ucayali,Curimana,2021,0.261841,0.0,0.0593633754762703,0.061196555176312,252.79056150913425,7.428274235888242
250303,Ucayali,Curimana,2022,0.287511,0.0,0.0593633754762703,0.061196555176312,252.79056150913425,7.428274235888242
250303,Ucayali,Curimana,2023,0.30097,0.0,0.0593633754762703,0.061196555176312,252.79056150913425,7.428274235888242
250303,Ucayali,Curimana,2024,0.328473,0.0,0.0593633754762703,0.061196555176312,252.79056150913425,7.428274235888242
250304,Ucayali,Neshuya,1985,0.126443,0.0,0.2338030685620483,0.0,219.36252130343925,4.308462760058822
250304,Ucayali,Neshuya,1986,0.133351,0.0,0.2338030685620483,0.0,219.36252130343925,4.308462760058822
250304,Ucayali,Neshuya,1987,0.144173,0.0,0.2338030685620483,0.0,219.36252130343925,4.308462760058822
250304,Ucayali,Neshuya,1988,0.156828,0.0,0.2338030685620483,0.0,219.36252130343925,4.308462760058822
250304,Ucayali,Neshuya,1989,0.168294,0.0,0.2338030685620483,0.0,219.36252130343925,4.308462760058822
250304,Ucayali,Neshuya,1990,0.181002,0.0,0.2338030685620483,0.0,219.36252130343925,4.308462760058822
250304,Ucayali,Neshuya,1991,0.197463,0.0,0.2338030685620483,0.0,219.36252130343925,4.308462760058822
250304,Ucayali,Neshuya,1992,0.207635,0.0,0.2338030685620483,0.0,219.36252130343925,4.308462760058822
250304,Ucayali,Neshuya,1993,0.236731,0.0,0.2338030685620483,0.0,219.36252130343925,4.308462760058822
250304,Ucayali,Neshuya,1994,0.249446,0.0,0.2338030685620483,0.0,219.36252130343925,4.308462760058822
250304,Ucayali,Neshuya,1995,0.259915,0.0,0.2338030685620483,0.0,219.36252130343925,4.308462760058822
250304,Ucayali,Neshuya,1996,0.287991,0.0,0.2338030685620483,0.0,219.36252130343925,4.308462760058822
250304,Ucayali,Neshuya,1997,0.292503,0.0,0.2338030685620483,0.0,219.36252130343925,4.308462760058822
250304,Ucayali,Neshuya,1998,0.315435,0.0,0.2338030685620483,0.0,219.36252130343925,4.308462760058822
250304,Ucayali,Neshuya,1999,0.327987,0.0,0.2338030685620483,0.0,219.36252130343925,4.308462760058822
250304,Ucayali,Neshuya,2000,0.33624,0.0,0.2338030685620483,0.0,219.36252130343925,4.308462760058822
250304,Ucayali,Neshuya,2001,0.358369,0.0,0.2338030685620483,0.0,219.36252130343925,4.308462760058822
250304,Ucayali,Neshuya,2002,0.378598,0.0,0.2338030685620483,0.0,219.36252130343925,4.308462760058822
250304,Ucayali,Neshuya,2003,0.403346,0.0,0.2338030685620483,0.0,219.36252130343925,4.308462760058822
250304,Ucayali,Neshuya,2004,0.419915,0.0,0.2338030685620483,0.0,219.36252130343925,4.308462760058822
250304,Ucayali,Neshuya,2005,0.461185,0.0,0.2338030685620483,0.0,219.36252130343925,4.308462760058822
250304,Ucayali,Neshuya,2006,0.470196,0.0,0.2338030685620483,0.0,219.36252130343925,4.308462760058822
250304,Ucayali,Neshuya,2007,0.501724,0.0,0.2338030685620483,0.0,219.36252130343925,4.308462760058822
250304,Ucayali,Neshuya,2008,0.518067,0.0,0.2338030685620483,0.0,219.36252130343925,4.308462760058822
250304,Ucayali,Neshuya,2009,0.539577,0.0,0.2338030685620483,0.0,219.36252130343925,4.308462760058822
250304,Ucayali,Neshuya,2010,0.55702,0.0,0.2338030685620483,0.0,219.36252130343925,4.308462760058822
250304,Ucayali,Neshuya,2011,0.557364,0.0,0.2338030685620483,0.0,219.36252130343925,4.308462760058822
250304,Ucayali,Neshuya,2012,0.557307,0.0,0.2338030685620483,0.0,219.36252130343925,4.308462760058822
250304,Ucayali,Neshuya,2013,0.574529,0.0,0.2338030685620483,0.0,219.36252130343925,4.308462760058822
250304,Ucayali,Neshuya,2014,0.582638,0.0,0.2338030685620483,0.0,219.36252130343925,4.308462760058822
250304,Ucayali,Neshuya,2015,0.599613,0.0,0.2338030685620483,0.0,219.36252130343925,4.308462760058822
250304,Ucayali,Neshuya,2016,0.617041,0.0,0.2338030685620483,0.0,219.36252130343925,4.308462760058822
250304,Ucayali,Neshuya,2017,0.630162,0.0,0.2338030685620483,0.0,219.36252130343925,4.308462760058822
250304,Ucayali,Neshuya,2018,0.634144,0.0,0.2338030685620483,0.0,219.36252130343925,4.308462760058822
250304,Ucayali,Neshuya,2019,0.646146,0.0,0.2338030685620483,0.0,219.36252130343925,4.308462760058822
250304,Ucayali,Neshuya,2020,0.65859,0.0,0.2338030685620483,0.0,219.36252130343925,4.308462760058822
250304,Ucayali,Neshuya,2021,0.682879,0.0,0.2338030685620483,0.0,219.36252130343925,4.308462760058822
250304,Ucayali,Neshuya,2022,0.703373,0.0,0.2338030685620483,0.0,219.36252130343925,4.308462760058822
250304,Ucayali,Neshuya,2023,0.719628,0.0,0.2338030685620483,0.0,219.36252130343925,4.308462760058822
250304,Ucayali,Neshuya,2024,0.753004,0.0,0.2338030685620483,0.0,219.36252130343925,4.308462760058822
250305,Ucayali,Alexander Von Humboldt,1985,0.206368,0.0,0.2759279032117589,0.0,244.2809365925045,5.6317592779115655
250305,Ucayali,Alexander Von Humboldt,1986,0.21564,0.0,0.2759279032117589,0.0,244.2809365925045,5.6317592779115655
250305,Ucayali,Alexander Von Humboldt,1987,0.226983,0.0,0.2759279032117589,0.0,244.2809365925045,5.6317592779115655
250305,Ucayali,Alexander Von Humboldt,1988,0.242149,0.0,0.2759279032117589,0.0,244.2809365925045,5.6317592779115655
250305,Ucayali,Alexander Von Humboldt,1989,0.256058,0.0,0.2759279032117589,0.0,244.2809365925045,5.6317592779115655
250305,Ucayali,Alexander Von Humboldt,1990,0.273221,0.0,0.2759279032117589,0.0,244.2809365925045,5.6317592779115655
250305,Ucayali,Alexander Von Humboldt,1991,0.295589,0.0,0.2759279032117589,0.0,244.2809365925045,5.6317592779115655
250305,Ucayali,Alexander Von Humboldt,1992,0.32481,0.0,0.2759279032117589,0.0,244.2809365925045,5.6317592779115655
250305,Ucayali,Alexander Von Humboldt,1993,0.376239,0.0,0.2759279032117589,0.0,244.2809365925045,5.6317592779115655
250305,Ucayali,Alexander Von Humboldt,1994,0.402016,0.0,0.2759279032117589,0.0,244.2809365925045,5.6317592779115655
250305,Ucayali,Alexander Von Humboldt,1995,0.422559,0.0,0.2759279032117589,0.0,244.2809365925045,5.6317592779115655
250305,Ucayali,Alexander Von Humboldt,1996,0.457617,0.0,0.2759279032117589,0.0,244.2809365925045,5.6317592779115655
250305,Ucayali,Alexander Von Humboldt,1997,0.472034,0.0,0.2759279032117589,0.0,244.2809365925045,5.6317592779115655
250305,Ucayali,Alexander Von Humboldt,1998,0.501621,0.0,0.2759279032117589,0.0,244.2809365925045,5.6317592779115655
250305,Ucayali,Alexander Von Humboldt,1999,0.521444,0.0,0.2759279032117589,0.0,244.2809365925045,5.6317592779115655
250305,Ucayali,Alexander Von Humboldt,2000,0.540472,0.0,0.2759279032117589,0.0,244.2809365925045,5.6317592779115655
250305,Ucayali,Alexander Von Humboldt,2001,0.563782,0.0,0.2759279032117589,0.0,244.2809365925045,5.6317592779115655
250305,Ucayali,Alexander Von Humboldt,2002,0.587876,0.0,0.2759279032117589,0.0,244.2809365925045,5.6317592779115655
250305,Ucayali,Alexander Von Humboldt,2003,0.609658,0.0,0.2759279032117589,0.0,244.2809365925045,5.6317592779115655
250305,Ucayali,Alexander Von Humboldt,2004,0.608767,0.0,0.2759279032117589,0.0,244.2809365925045,5.6317592779115655
250305,Ucayali,Alexander Von Humboldt,2005,0.631729,0.0,0.2759279032117589,0.0,244.2809365925045,5.6317592779115655
250305,Ucayali,Alexander Von Humboldt,2006,0.631346,0.0,0.2759279032117589,0.0,244.2809365925045,5.6317592779115655
250305,Ucayali,Alexander Von Humboldt,2007,0.645638,0.0,0.2759279032117589,0.0,244.2809365925045,5.6317592779115655
250305,Ucayali,Alexander Von Humboldt,2008,0.64866,0.0,0.2759279032117589,0.0,244.2809365925045,5.6317592779115655
250305,Ucayali,Alexander Von Humboldt,2009,0.663421,0.0,0.2759279032117589,0.0,244.2809365925045,5.6317592779115655
250305,Ucayali,Alexander Von Humboldt,2010,0.673227,0.0,0.2759279032117589,0.0,244.2809365925045,5.6317592779115655
250305,Ucayali,Alexander Von Humboldt,2011,0.679732,0.0,0.2759279032117589,0.0,244.2809365925045,5.6317592779115655
250305,Ucayali,Alexander Von Humboldt,2012,0.675444,0.0,0.2759279032117589,0.0,244.2809365925045,5.6317592779115655
250305,Ucayali,Alexander Von Humboldt,2013,0.683701,0.0,0.2759279032117589,0.0,244.2809365925045,5.6317592779115655
250305,Ucayali,Alexander Von Humboldt,2014,0.679667,0.0,0.2759279032117589,0.0,244.2809365925045,5.6317592779115655
250305,Ucayali,Alexander Von Humboldt,2015,0.691746,0.0,0.2759279032117589,0.0,244.2809365925045,5.6317592779115655
250305,Ucayali,Alexander Von Humboldt,2016,0.699517,0.0,0.2759279032117589,0.0,244.2809365925045,5.6317592779115655
250305,Ucayali,Alexander Von Humboldt,2017,0.707618,0.0,0.2759279032117589,0.0,244.2809365925045,5.6317592779115655
250305,Ucayali,Alexander Von Humboldt,2018,0.704923,0.0,0.2759279032117589,0.0,244.2809365925045,5.6317592779115655
250305,Ucayali,Alexander Von Humboldt,2019,0.717257,0.0,0.2759279032117589,0.0,244.2809365925045,5.6317592779115655
250305,Ucayali,Alexander Von Humboldt,2020,0.731803,0.0,0.2759279032117589,0.0,244.2809365925045,5.6317592779115655
250305,Ucayali,Alexander Von Humboldt,2021,0.751661,0.0,0.2759279032117589,0.0,244.2809365925045,5.6317592779115655
250305,Ucayali,Alexander Von Humboldt,2022,0.77436,0.0,0.2759279032117589,0.0,244.2809365925045,5.6317592779115655
250305,Ucayali,Alexander Von Humboldt,2023,0.782126,0.0,0.2759279032117589,0.0,244.2809365925045,5.6317592779115655
250305,Ucayali,Alexander Von Humboldt,2024,0.807098,0.0,0.2759279032117589,0.0,244.2809365925045,5.6317592779115655
250306,Ucayali,Huipoca,1985,0.076892,0.0,0.1528100931241088,0.0607081432804501,290.6336072771701,6.934779492684263
250306,Ucayali,Huipoca,1986,0.08465,0.0,0.1528100931241088,0.0607081432804501,290.6336072771701,6.934779492684263
250306,Ucayali,Huipoca,1987,0.090084,0.0,0.1528100931241088,0.0607081432804501,290.6336072771701,6.934779492684263
250306,Ucayali,Huipoca,1988,0.107488,0.0,0.1528100931241088,0.0607081432804501,290.6336072771701,6.934779492684263
250306,Ucayali,Huipoca,1989,0.112545,0.0,0.1528100931241088,0.0607081432804501,290.6336072771701,6.934779492684263
250306,Ucayali,Huipoca,1990,0.114426,0.0,0.1528100931241088,0.0607081432804501,290.6336072771701,6.934779492684263
250306,Ucayali,Huipoca,1991,0.125206,0.0,0.1528100931241088,0.0607081432804501,290.6336072771701,6.934779492684263
250306,Ucayali,Huipoca,1992,0.123841,0.0,0.1528100931241088,0.0607081432804501,290.6336072771701,6.934779492684263
250306,Ucayali,Huipoca,1993,0.148174,0.0,0.1528100931241088,0.0607081432804501,290.6336072771701,6.934779492684263
250306,Ucayali,Huipoca,1994,0.158903,0.0,0.1528100931241088,0.0607081432804501,290.6336072771701,6.934779492684263
250306,Ucayali,Huipoca,1995,0.162783,0.0,0.1528100931241088,0.0607081432804501,290.6336072771701,6.934779492684263
250306,Ucayali,Huipoca,1996,0.169094,0.0,0.1528100931241088,0.0607081432804501,290.6336072771701,6.934779492684263
250306,Ucayali,Huipoca,1997,0.169336,0.0,0.1528100931241088,0.0607081432804501,290.6336072771701,6.934779492684263
250306,Ucayali,Huipoca,1998,0.16094,0.0,0.1528100931241088,0.0607081432804501,290.6336072771701,6.934779492684263
250306,Ucayali,Huipoca,1999,0.152458,0.0,0.1528100931241088,0.0607081432804501,290.6336072771701,6.934779492684263
250306,Ucayali,Huipoca,2000,0.141727,0.0,0.1528100931241088,0.0607081432804501,290.6336072771701,6.934779492684263
250306,Ucayali,Huipoca,2001,0.131202,0.0,0.1528100931241088,0.0607081432804501,290.6336072771701,6.934779492684263
250306,Ucayali,Huipoca,2002,0.117177,0.0,0.1528100931241088,0.0607081432804501,290.6336072771701,6.934779492684263
250306,Ucayali,Huipoca,2003,0.120506,0.0,0.1528100931241088,0.0607081432804501,290.6336072771701,6.934779492684263
250306,Ucayali,Huipoca,2004,0.119628,0.0,0.1528100931241088,0.0607081432804501,290.6336072771701,6.934779492684263
250306,Ucayali,Huipoca,2005,0.119037,0.0,0.1528100931241088,0.0607081432804501,290.6336072771701,6.934779492684263
250306,Ucayali,Huipoca,2006,0.118833,0.0,0.1528100931241088,0.0607081432804501,290.6336072771701,6.934779492684263
250306,Ucayali,Huipoca,2007,0.141911,0.0,0.1528100931241088,0.0607081432804501,290.6336072771701,6.934779492684263
250306,Ucayali,Huipoca,2008,0.148434,0.0,0.1528100931241088,0.0607081432804501,290.6336072771701,6.934779492684263
250306,Ucayali,Huipoca,2009,0.165409,0.0,0.1528100931241088,0.0607081432804501,290.6336072771701,6.934779492684263
250306,Ucayali,Huipoca,2010,0.185909,0.0,0.1528100931241088,0.0607081432804501,290.6336072771701,6.934779492684263
250306,Ucayali,Huipoca,2011,0.186088,0.0,0.1528100931241088,0.0607081432804501,290.6336072771701,6.934779492684263
250306,Ucayali,Huipoca,2012,0.187745,0.0,0.1528100931241088,0.0607081432804501,290.6336072771701,6.934779492684263
250306,Ucayali,Huipoca,2013,0.20511,0.0,0.1528100931241088,0.0607081432804501,290.6336072771701,6.934779492684263
250306,Ucayali,Huipoca,2014,0.209652,0.0,0.1528100931241088,0.0607081432804501,290.6336072771701,6.934779492684263
250306,Ucayali,Huipoca,2015,0.220425,0.0,0.1528100931241088,0.0607081432804501,290.6336072771701,6.934779492684263
250306,Ucayali,Huipoca,2016,0.233196,0.0,0.1528100931241088,0.0607081432804501,290.6336072771701,6.934779492684263
250306,Ucayali,Huipoca,2017,0.245783,0.0,0.1528100931241088,0.0607081432804501,290.6336072771701,6.934779492684263
250306,Ucayali,Huipoca,2018,0.245715,0.0,0.1528100931241088,0.0607081432804501,290.6336072771701,6.934779492684263
250306,Ucayali,Huipoca,2019,0.264403,0.0,0.1528100931241088,0.0607081432804501,290.6336072771701,6.934779492684263
250306,Ucayali,Huipoca,2020,0.286963,0.0,0.1528100931241088,0.0607081432804501,290.6336072771701,6.934779492684263
250306,Ucayali,Huipoca,2021,0.315271,0.0,0.1528100931241088,0.0607081432804501,290.6336072771701,6.934779492684263
250306,Ucayali,Huipoca,2022,0.339974,0.0,0.1528100931241088,0.0607081432804501,290.6336072771701,6.934779492684263
250306,Ucayali,Huipoca,2023,0.355313,0.0,0.1528100931241088,0.0607081432804501,290.6336072771701,6.934779492684263
250306,Ucayali,Huipoca,2024,0.386044,0.0,0.1528100931241088,0.0607081432804501,290.6336072771701,6.934779492684263
