window,p,d,q,rmse,mae
3,0,1,2,0.01258,0.009061
4,0,1,1,0.012554,0.009129
5,1,1,0,0.012216,0.008677
10,1,1,0,0.012098,0.008632
15,1,1,0,0.011766,0.008429
20,1,1,0,0.011653,0.008375
25,1,1,0,0.011549,0.008304
30,1,1,0,0.011537,0.008302
35,1,1,0,0.011547,0.008283
