window,p,d,q,rmse,mae
20,1,1,0,0.011653,0.008375
20,1,1,1,0.011866,0.00852
20,2,1,1,0.011905,0.008585
20,2,1,0,0.01193,0.008522
20,0,1,2,0.012093,0.008796
20,1,1,2,0.012099,0.00876
20,0,1,1,0.01213,0.008896
20,2,1,2,0.012346,0.008874
20,0,1,0,0.013409,0.009766
