departamento,rmse,mae
Ucayali,0.017566,0.015827
Cajamarca,0.021763,0.015126
Loreto,0.014867,0.011038
Huanuco,0.014241,0.010718
Piura,0.012701,0.010679
Junin,0.012925,0.009786
Madre De Dios,0.010294,0.008986
San Martin,0.011368,0.008948
Amazonas,0.010156,0.007209
Cusco,0.008093,0.00669
Ayacucho,0.006068,0.004804
Puno,0.005369,0.003844
