window,p,d,q,rmse,mae
4,0,1,1,0.012554,0.009129
4,1,1,0,0.012607,0.008925
4,0,1,2,0.012718,0.009154
4,1,1,2,0.012804,0.009189
4,1,1,1,0.012917,0.009256
4,0,1,0,0.013409,0.009766
4,2,1,2,0.014486,0.010323
4,2,1,1,0.014531,0.010335
4,2,1,0,0.015255,0.010598
