modelo,window,p,d,q,rmse,mae
ARIMA_WF_w6_p1_d1_q0,6,1,1,0,0.012072,0.008564
ARIMA_WF_w6_p1_d1_q2,6,1,1,2,0.01278,0.009145
ARIMA_WF_w6_p0_d1_q1,6,0,1,1,0.012787,0.009297
ARIMA_WF_w6_p0_d1_q2,6,0,1,2,0.012902,0.00929
ARIMA_WF_w6_p1_d1_q1,6,1,1,1,0.012931,0.009278
ARIMA_WF_w6_p0_d1_q0,6,0,1,0,0.013409,0.009766
ARIMA_WF_w6_p2_d1_q0,6,2,1,0,0.01355,0.009607
ARIMA_WF_w6_p2_d1_q1,6,2,1,1,0.013846,0.009914
ARIMA_WF_w6_p2_d1_q2,6,2,1,2,0.013909,0.009917
