departamento,rmse,mae
Cajamarca,0.022634,0.015422
Piura,0.013103,0.010867
Loreto,0.014036,0.010416
Ucayali,0.011978,0.010066
Junin,0.012137,0.009302
Huanuco,0.012151,0.008891
San Martin,0.010143,0.008083
Madre De Dios,0.008674,0.007788
Amazonas,0.00925,0.006729
Cusco,0.007695,0.006568
Ayacucho,0.005467,0.004236
Puno,0.005415,0.003669
