departamento,rmse,mae
Cajamarca,0.022229,0.015447
Ucayali,0.016167,0.0138
Piura,0.014861,0.012387
Loreto,0.014548,0.01103
Huanuco,0.014407,0.010779
Junin,0.012752,0.008943
San Martin,0.011395,0.008878
Madre De Dios,0.009496,0.00781
Amazonas,0.010141,0.007305
Cusco,0.008599,0.00704
Ayacucho,0.00663,0.004814
Puno,0.005114,0.003339
