modelo,geocode,departamento,distrito,horizonte,anio,y_true,y_pred,error,abs_error,squared_error
ARIMA_WF_w32_p1_d1_q0,010102,Amazonas,Asuncion,1,2020,0.4378221156299433,0.44300788219304843,0.005185766563105154,0.005185766563105154,2.6892174847019444e-05
ARIMA_WF_w32_p1_d1_q0,010102,Amazonas,Asuncion,2,2021,0.4525182425881512,0.4361903877603928,-0.016327854827758392,0.016327854827758392,0.00026659884327635304
ARIMA_WF_w32_p1_d1_q0,010102,Amazonas,Asuncion,3,2022,0.4470071949788233,0.4563789463528425,0.009371751374019188,0.009371751374019188,8.782972381643054e-05
ARIMA_WF_w32_p1_d1_q0,010102,Amazonas,Asuncion,4,2023,0.440271470122978,0.4457643417615317,0.005492871638553665,0.005492871638553665,3.017163883762722e-05
ARIMA_WF_w32_p1_d1_q0,010102,Amazonas,Asuncion,5,2024,0.4403990406694902,0.438749893192244,-0.0016491474772462045,0.0016491474772462045,2.7196874017075206e-06
ARIMA_WF_w32_p1_d1_q0,010104,Amazonas,Cheto,1,2020,0.5453453377506892,0.5528806000806008,0.007535262329911641,0.007535262329911641,5.6780178380585404e-05
ARIMA_WF_w32_p1_d1_q0,010104,Amazonas,Cheto,2,2021,0.5521104676158923,0.5423970619768717,-0.009713405639020678,0.009713405639020678,9.43502491081587e-05
ARIMA_WF_w32_p1_d1_q0,010104,Amazonas,Cheto,3,2022,0.5424875445739865,0.5538673162428708,0.011379771668884264,0.011379771668884264,0.00012949920323594095
ARIMA_WF_w32_p1_d1_q0,010104,Amazonas,Cheto,4,2023,0.5340911964796035,0.5410413135580227,0.0069501170784191935,0.0069501170784191935,4.8304127403734146e-05
ARIMA_WF_w32_p1_d1_q0,010104,Amazonas,Cheto,5,2024,0.5357477049138869,0.5319390499320599,-0.003808654981827031,0.003808654981827031,1.4505852770595862e-05
ARIMA_WF_w32_p1_d1_q0,010105,Amazonas,Chiliquin,1,2020,0.5714303656767501,0.5740859040065676,0.002655538329817464,0.002655538329817464,7.051883821129726e-06
ARIMA_WF_w32_p1_d1_q0,010105,Amazonas,Chiliquin,2,2021,0.5850451208560717,0.5708644379367398,-0.014180682919331944,0.014180682919331944,0.00020109176805863276
ARIMA_WF_w32_p1_d1_q0,010105,Amazonas,Chiliquin,3,2022,0.5817105106161179,0.5866714320820066,0.004960921465888668,0.004960921465888668,2.461074179071497e-05
ARIMA_WF_w32_p1_d1_q0,010105,Amazonas,Chiliquin,4,2023,0.5734085242936717,0.581393668826589,0.007985144532917321,0.007985144532917321,6.376253321157939e-05
ARIMA_WF_w32_p1_d1_q0,010105,Amazonas,Chiliquin,5,2024,0.576341222941616,0.5725552261554527,-0.003785996786163315,0.003785996786163315,1.433377166483895e-05
ARIMA_WF_w32_p1_d1_q0,010109,Amazonas,La Jalca,1,2020,0.3125219422372842,0.30926268893375275,-0.0032592533035314397,0.0032592533035314397,1.0622732096580602e-05
ARIMA_WF_w32_p1_d1_q0,010109,Amazonas,La Jalca,2,2021,0.3174441682011306,0.3124980903519844,-0.004946077849146191,0.004946077849146191,2.446368608981461e-05
ARIMA_WF_w32_p1_d1_q0,010109,Amazonas,La Jalca,3,2022,0.3227747884589205,0.31733116284348806,-0.005443625615432435,0.005443625615432435,2.9633059840992153e-05
ARIMA_WF_w32_p1_d1_q0,010109,Amazonas,La Jalca,4,2023,0.3151442634931325,0.3225270932846392,0.007382829791506673,0.007382829791506673,5.450617573035847e-05
ARIMA_WF_w32_p1_d1_q0,010109,Amazonas,La Jalca,5,2024,0.3206683336796326,0.31562170258265665,-0.005046631096975951,0.005046631096975951,2.546848542896469e-05
ARIMA_WF_w32_p1_d1_q0,010111,Amazonas,Levanto,1,2020,0.2398626572728676,0.23046136367496484,-0.00940129359790276,0.00940129359790276,8.838432131396743e-05
ARIMA_WF_w32_p1_d1_q0,010111,Amazonas,Levanto,2,2021,0.2406111513740213,0.2405621634230938,-4.898795092750374e-05,4.898795092750374e-05,2.399819336075515e-09
ARIMA_WF_w32_p1_d1_q0,010111,Amazonas,Levanto,3,2022,0.2381874561893333,0.24065945898128394,0.002472002791950645,0.002472002791950645,6.110797803411783e-06
ARIMA_WF_w32_p1_d1_q0,010111,Amazonas,Levanto,4,2023,0.2314034858439568,0.23802068368885032,0.006617197844893508,0.006617197844893508,4.378730731846328e-05
ARIMA_WF_w32_p1_d1_q0,010111,Amazonas,Levanto,5,2024,0.2335776829949268,0.2309122055077088,-0.0026654774872179876,0.0026654774872179876,7.104770234865917e-06
ARIMA_WF_w32_p1_d1_q0,010112,Amazonas,Magdalena,1,2020,0.3664946897194544,0.3640674479271256,-0.002427241792328838,0.002427241792328838,5.89150271842771e-06
ARIMA_WF_w32_p1_d1_q0,010112,Amazonas,Magdalena,2,2021,0.3710304176020375,0.36633397135719903,-0.004696446244838448,0.004696446244838448,2.205660733065716e-05
ARIMA_WF_w32_p1_d1_q0,010112,Amazonas,Magdalena,3,2022,0.381020834153834,0.37077322349056185,-0.010247610663272122,0.010247610663272122,0.0001050135243060085
ARIMA_WF_w32_p1_d1_q0,010112,Amazonas,Magdalena,4,2023,0.3749491289564544,0.38058352562267184,0.005634396666217456,0.005634396666217456,3.1746425792282384e-05
ARIMA_WF_w32_p1_d1_q0,010112,Amazonas,Magdalena,5,2024,0.3842240688958029,0.3753537060430782,-0.00887036285272469,0.00887036285272469,7.868333713899808e-05
ARIMA_WF_w32_p1_d1_q0,010114,Amazonas,Molinopampa,1,2020,0.549169769416683,0.5508386720339996,0.0016689026173165589,0.0016689026173165589,2.7852359460860604e-06
ARIMA_WF_w32_p1_d1_q0,010114,Amazonas,Molinopampa,2,2021,0.5483545626755504,0.5486788882149432,0.00032432553939276687,0.00032432553939276687,1.0518705550240918e-07
ARIMA_WF_w32_p1_d1_q0,010114,Amazonas,Molinopampa,3,2022,0.5366255144032922,0.5481527136944806,0.011527199291188395,0.011527199291188395,0.00013287632349877422
ARIMA_WF_w32_p1_d1_q0,010114,Amazonas,Molinopampa,4,2023,0.5230152198053433,0.5337329023917415,0.01071768258639827,0.01071768258639827,0.00011486872002278469
ARIMA_WF_w32_p1_d1_q0,010114,Amazonas,Molinopampa,5,2024,0.5128930694362793,0.5183078823536729,0.005414812917393541,0.005414812917393541,2.9320198930371952e-05
ARIMA_WF_w32_p1_d1_q0,010115,Amazonas,Montevideo,1,2020,0.6583167201178816,0.6529240902455403,-0.005392629872341237,0.005392629872341237,2.9080456940067065e-05
ARIMA_WF_w32_p1_d1_q0,010115,Amazonas,Montevideo,2,2021,0.6555285891768513,0.6571068428384741,0.001578253661622786,0.001578253661622786,2.4908846204257317e-06
ARIMA_WF_w32_p1_d1_q0,010115,Amazonas,Montevideo,3,2022,0.6586851001126809,0.6543668085576212,-0.0043182915550596945,0.0043182915550596945,1.8647641954499876e-05
ARIMA_WF_w32_p1_d1_q0,010115,Amazonas,Montevideo,4,2023,0.6546329201698882,0.6599812425447141,0.0053483223748259645,0.0053483223748259645,2.8604552225064046e-05
ARIMA_WF_w32_p1_d1_q0,010115,Amazonas,Montevideo,5,2024,0.5954754268874057,0.6529702769550827,0.05749485006767696,0.05749485006767696,0.0033056577843046534
ARIMA_WF_w32_p1_d1_q0,010117,Amazonas,Quinjalca,1,2020,0.3444044255612828,0.35324720479093885,0.00884277922965604,0.00884277922965604,7.819474450443625e-05
ARIMA_WF_w32_p1_d1_q0,010117,Amazonas,Quinjalca,2,2021,0.3485560851467638,0.34250814355626935,-0.006047941590494432,0.006047941590494432,3.657759748203232e-05
ARIMA_WF_w32_p1_d1_q0,010117,Amazonas,Quinjalca,3,2022,0.3412448508637609,0.34937751175016596,0.008132660886405074,0.008132660886405074,6.614017309326296e-05
ARIMA_WF_w32_p1_d1_q0,010117,Amazonas,Quinjalca,4,2023,0.339541052904005,0.3398693556113513,0.0003283027073462952,0.0003283027073462952,1.0778266765090714e-07
ARIMA_WF_w32_p1_d1_q0,010117,Amazonas,Quinjalca,5,2024,0.3426574934759635,0.33923127640207257,-0.003426217073890958,0.003426217073890958,1.1738963437421918e-05
ARIMA_WF_w32_p1_d1_q0,010119,Amazonas,San Isidro De Maino,1,2020,0.3787988601360589,0.3691649276446418,-0.009633932491417085,0.009633932491417085,9.281265524918181e-05
ARIMA_WF_w32_p1_d1_q0,010119,Amazonas,San Isidro De Maino,2,2021,0.391960005929928,0.37929926727535107,-0.012660738654576953,0.012660738654576953,0.00016029430327949904
ARIMA_WF_w32_p1_d1_q0,010119,Amazonas,San Isidro De Maino,3,2022,0.3945378774152103,0.3933243923419929,-0.0012134850732173907,0.0012134850732173907,1.4725460229214162e-06
ARIMA_WF_w32_p1_d1_q0,010119,Amazonas,San Isidro De Maino,4,2023,0.3774152102653643,0.39483436571501934,0.017419155449655055,0.017419155449655055,0.0003034269765792474
ARIMA_WF_w32_p1_d1_q0,010119,Amazonas,San Isidro De Maino,5,2024,0.3873725477276845,0.3755593323325228,-0.01181321539516167,0.01181321539516167,0.00013955205797248468
ARIMA_WF_w32_p1_d1_q0,010120,Amazonas,Soloco,1,2020,0.511268359398228,0.5163929919692927,0.005124632571064658,0.005124632571064658,2.6261858988416765e-05
ARIMA_WF_w32_p1_d1_q0,010120,Amazonas,Soloco,2,2021,0.5130760539929833,0.5105999924720477,-0.002476061520935602,0.002476061520935602,6.130880655457926e-06
ARIMA_WF_w32_p1_d1_q0,010120,Amazonas,Soloco,3,2022,0.5114943212225724,0.5132831405661308,0.0017888193435583455,0.0017888193435583455,3.19987464388851e-06
ARIMA_WF_w32_p1_d1_q0,010120,Amazonas,Soloco,4,2023,0.4987691026937028,0.5113117322943757,0.012542629600672872,0.012542629600672872,0.00015731755729967532
ARIMA_WF_w32_p1_d1_q0,010120,Amazonas,Soloco,5,2024,0.5010762918475352,0.4971625742388415,-0.00391371760869369,0.00391371760869369,1.5317185520599055e-05
ARIMA_WF_w32_p1_d1_q0,010202,Amazonas,Aramango,1,2020,0.7765053590401141,0.777768514182823,0.001263155142708916,0.001263155142708916,1.595560914551982e-06
ARIMA_WF_w32_p1_d1_q0,010202,Amazonas,Aramango,2,2021,0.7667943699796851,0.7765853566755975,0.009790986695912385,0.009790986695912385,9.586342047953331e-05
ARIMA_WF_w32_p1_d1_q0,010202,Amazonas,Aramango,3,2022,0.7618062116644921,0.7673315280413724,0.005525316376880252,0.005525316376880252,3.052912106462111e-05
ARIMA_WF_w32_p1_d1_q0,010202,Amazonas,Aramango,4,2023,0.7634823897477427,0.7621192929420858,-0.0013630968056569381,0.0013630968056569381,1.8580329015921485e-06
ARIMA_WF_w32_p1_d1_q0,010202,Amazonas,Aramango,5,2024,0.7633451115702432,0.7633621614734439,1.7049903200727634e-05,1.7049903200727634e-05,2.9069919915418243e-10
ARIMA_WF_w32_p1_d1_q0,010203,Amazonas,Copallin,1,2020,0.5152659741894869,0.5279849469605011,0.012718972771014192,0.012718972771014192,0.00016177226834980044
ARIMA_WF_w32_p1_d1_q0,010203,Amazonas,Copallin,2,2021,0.5184765502045955,0.513226404402441,-0.005250145802154438,0.005250145802154438,2.7564030943879866e-05
ARIMA_WF_w32_p1_d1_q0,010203,Amazonas,Copallin,3,2022,0.521354377445029,0.5189066882934493,-0.0024476891515796684,0.0024476891515796684,5.991182182760797e-06
ARIMA_WF_w32_p1_d1_q0,010203,Amazonas,Copallin,4,2023,0.5140968568730608,0.5217544629177631,0.007657606044702225,0.007657606044702225,5.8638930335860064e-05
ARIMA_WF_w32_p1_d1_q0,010203,Amazonas,Copallin,5,2024,0.5169836773236207,0.5131465410184344,-0.0038371363051863394,0.0038371363051863394,1.4723615024579072e-05
ARIMA_WF_w32_p1_d1_q0,010204,Amazonas,El Parco,1,2020,0.2788386212299256,0.2927577455797444,0.01391912434981879,0.01391912434981879,0.00019374202266571834
ARIMA_WF_w32_p1_d1_q0,010204,Amazonas,El Parco,2,2021,0.2594496670583627,0.2748333987255606,0.01538373166719792,0.01538373166719792,0.00023665920000834808
ARIMA_WF_w32_p1_d1_q0,010204,Amazonas,El Parco,3,2022,0.2719839404622013,0.2541982693970175,-0.017785671065183806,0.017785671065183806,0.00031633009523891645
ARIMA_WF_w32_p1_d1_q0,010204,Amazonas,El Parco,4,2023,0.2830983157070114,0.27490331358242676,-0.008195002124584627,0.008195002124584627,6.715805982194656e-05
ARIMA_WF_w32_p1_d1_q0,010204,Amazonas,El Parco,5,2024,0.2777124951037995,0.2858125115744116,0.008100016470612148,0.008100016470612148,6.561026682418807e-05
ARIMA_WF_w32_p1_d1_q0,010206,Amazonas,La Peca,1,2020,0.3393517861977387,0.34213099170828143,0.002779205510542726,0.002779205510542726,7.723983269831054e-06
ARIMA_WF_w32_p1_d1_q0,010206,Amazonas,La Peca,2,2021,0.34056364175487,0.338775096054873,-0.0017885456999969795,0.0017885456999969795,3.1988957209776854e-06
ARIMA_WF_w32_p1_d1_q0,010206,Amazonas,La Peca,3,2022,0.3355615145616048,0.34078460371533076,0.005223089153725935,0.005223089153725935,2.7280660307769505e-05
ARIMA_WF_w32_p1_d1_q0,010206,Amazonas,La Peca,4,2023,0.3283419495403973,0.33486606779977063,0.006524118259373324,0.006524118259373324,4.256411906228841e-05
ARIMA_WF_w32_p1_d1_q0,010206,Amazonas,La Peca,5,2024,0.3235074193922673,0.32717167975897327,0.0036642603667059737,0.0036642603667059737,1.3426804035012196e-05
ARIMA_WF_w32_p1_d1_q0,010301,Amazonas,Jumbilla,1,2020,0.4139305658346229,0.4126304766493104,-0.0013000891853124918,0.0013000891853124918,1.6902318897664988e-06
ARIMA_WF_w32_p1_d1_q0,010301,Amazonas,Jumbilla,2,2021,0.4207988517347328,0.4140378010715984,-0.006761050663134427,0.006761050663134427,4.571180606947047e-05
ARIMA_WF_w32_p1_d1_q0,010301,Amazonas,Jumbilla,3,2022,0.4122092892865953,0.42156440982978416,0.009355120543188877,0.009355120543188877,8.751828037759455e-05
ARIMA_WF_w32_p1_d1_q0,010301,Amazonas,Jumbilla,4,2023,0.4029637354504474,0.41218103904206094,0.009217303591613546,0.009217303591613546,8.495868549997197e-05
ARIMA_WF_w32_p1_d1_q0,010301,Amazonas,Jumbilla,5,2024,0.4043822467424701,0.4019617033493132,-0.002420543393156893,0.002420543393156893,5.859030318155486e-06
ARIMA_WF_w32_p1_d1_q0,010302,Amazonas,Chisquilla,1,2020,0.7520271347446772,0.750574407324464,-0.0014527274202131846,0.0014527274202131846,2.1104169574392545e-06
ARIMA_WF_w32_p1_d1_q0,010302,Amazonas,Chisquilla,2,2021,0.7532035600609103,0.7530307077599382,-0.0001728523009720817,0.0001728523009720817,2.987791795134312e-08
ARIMA_WF_w32_p1_d1_q0,010302,Amazonas,Chisquilla,3,2022,0.7361508902900933,0.7536048828110021,0.017453992520908845,0.017453992520908845,0.0003046418549199419
ARIMA_WF_w32_p1_d1_q0,010302,Amazonas,Chisquilla,4,2023,0.7332483082014436,0.7288986593980694,-0.004349648803374184,0.004349648803374184,1.891944471269447e-05
ARIMA_WF_w32_p1_d1_q0,010302,Amazonas,Chisquilla,5,2024,0.7342543167662596,0.732271982166647,-0.001982334599612612,0.001982334599612612,3.929650464821294e-06
ARIMA_WF_w32_p1_d1_q0,010303,Amazonas,Churuja,1,2020,0.7446820405310971,0.7539753203339759,0.009293279802878751,0.009293279802878751,8.636504949459412e-05
ARIMA_WF_w32_p1_d1_q0,010303,Amazonas,Churuja,2,2021,0.7587421383647799,0.7432934603426279,-0.015448678022151996,0.015448678022151996,0.0002386616526321221
ARIMA_WF_w32_p1_d1_q0,010303,Amazonas,Churuja,3,2022,0.7744793850454228,0.7595406462641175,-0.01493873878130525,0.01493873878130525,0.00022316591637607346
ARIMA_WF_w32_p1_d1_q0,010303,Amazonas,Churuja,4,2023,0.7756813417190775,0.7766343937299449,0.0009530520108673723,0.0009530520108673723,9.08308135418342e-07
ARIMA_WF_w32_p1_d1_q0,010303,Amazonas,Churuja,5,2024,0.7752341020265548,0.775896683630037,0.0006625816034822041,0.0006625816034822041,4.390143812730487e-07
ARIMA_WF_w32_p1_d1_q0,010304,Amazonas,Corosha,1,2020,0.7392527509077302,0.7369223742416467,-0.002330376666083489,0.002330376666083489,5.430655405826397e-06
ARIMA_WF_w32_p1_d1_q0,010304,Amazonas,Corosha,2,2021,0.741289947060617,0.7399743719949727,-0.001315575065644281,0.001315575065644281,1.7307377533449544e-06
ARIMA_WF_w32_p1_d1_q0,010304,Amazonas,Corosha,3,2022,0.7341805482413593,0.7417371005750786,0.007556552333719324,0.007556552333719324,5.710148317223896e-05
ARIMA_WF_w32_p1_d1_q0,010304,Amazonas,Corosha,4,2023,0.7282906954183874,0.7321547131955232,0.003864017777135742,0.003864017777135742,1.493063338202104e-05
ARIMA_WF_w32_p1_d1_q0,010304,Amazonas,Corosha,5,2024,0.7301615898445079,0.726512250021469,-0.003649339823038833,0.003649339823038833,1.3317681144017101e-05
ARIMA_WF_w32_p1_d1_q0,010305,Amazonas,Cuispes,1,2020,0.6648435266230712,0.6654844078672774,0.0006408812442061373,0.0006408812442061373,4.1072876917520665e-07
ARIMA_WF_w32_p1_d1_q0,010305,Amazonas,Cuispes,2,2021,0.6788076110716559,0.664860558917155,-0.013947052154500872,0.013947052154500872,0.0001945202638003674
ARIMA_WF_w32_p1_d1_q0,010305,Amazonas,Cuispes,3,2022,0.6911022772341152,0.6787722758606435,-0.012330001373471733,0.012330001373471733,0.00015202893386981483
ARIMA_WF_w32_p1_d1_q0,010305,Amazonas,Cuispes,4,2023,0.6739745990167957,0.6920696687097851,0.018095069692989463,0.018095069692989463,0.0003274315471941458
ARIMA_WF_w32_p1_d1_q0,010305,Amazonas,Cuispes,5,2024,0.6722867341197738,0.6743993844308538,0.002112650311079989,0.002112650311079989,4.4632913369063736e-06
ARIMA_WF_w32_p1_d1_q0,010306,Amazonas,Florida,1,2020,0.493022976302558,0.497192823787725,0.004169847485167022,0.004169847485167022,1.7387628049553737e-05
ARIMA_WF_w32_p1_d1_q0,010306,Amazonas,Florida,2,2021,0.5026181366559164,0.49201679428176825,-0.010601342374148115,0.010601342374148115,0.00011238846013390839
ARIMA_WF_w32_p1_d1_q0,010306,Amazonas,Florida,3,2022,0.4950221349732577,0.5078239795506717,0.012801844577414012,0.012801844577414012,0.00016388722458426455
ARIMA_WF_w32_p1_d1_q0,010306,Amazonas,Florida,4,2023,0.4803108912081088,0.49124615872033367,0.010935267512224844,0.010935267512224844,0.00011958007556392014
ARIMA_WF_w32_p1_d1_q0,010306,Amazonas,Florida,5,2024,0.4815568598385449,0.47275589740927065,-0.00880096242927425,0.00880096242927425,7.745693968149692e-05
ARIMA_WF_w32_p1_d1_q0,010307,Amazonas,Jazan,1,2020,0.3945542287505724,0.40127450092075484,0.006720272170182451,0.006720272170182451,4.516205804132875e-05
ARIMA_WF_w32_p1_d1_q0,010307,Amazonas,Jazan,2,2021,0.3733253490201604,0.39392159597035087,0.020596246950190467,0.020596246950190467,0.0004242053884332301
ARIMA_WF_w32_p1_d1_q0,010307,Amazonas,Jazan,3,2022,0.3791257177075628,0.3794335950256524,0.00030787731808956664,0.00030787731808956664,9.47884429940242e-08
ARIMA_WF_w32_p1_d1_q0,010307,Amazonas,Jazan,4,2023,0.3779163290946024,0.37746099375730785,-0.0004553353372945268,0.0004553353372945268,2.073302693891205e-07
ARIMA_WF_w32_p1_d1_q0,010307,Amazonas,Jazan,5,2024,0.3614662956309368,0.378264182026853,0.01679788639591623,0.01679788639591623,0.0002821689873701075
ARIMA_WF_w32_p1_d1_q0,010308,Amazonas,Recta,1,2020,0.3407029118822559,0.3441134471993437,0.0034105353170878483,0.0034105353170878483,1.163175114910351e-05
ARIMA_WF_w32_p1_d1_q0,010308,Amazonas,Recta,2,2021,0.3459684070291188,0.3403022698641471,-0.0056661371649717185,0.0056661371649717185,3.2105110372273744e-05
ARIMA_WF_w32_p1_d1_q0,010308,Amazonas,Recta,3,2022,0.3286493687749793,0.3463902238281256,0.01774085505314632,0.01774085505314632,0.00031473793801674733
ARIMA_WF_w32_p1_d1_q0,010308,Amazonas,Recta,4,2023,0.3153904713569752,0.32784575093125207,0.01245527957427689,0.01245527957427689,0.0001551339892733991
ARIMA_WF_w32_p1_d1_q0,010308,Amazonas,Recta,5,2024,0.3162469073145975,0.31368255157681557,-0.0025643557377819093,0.0025643557377819093,6.5759203498950004e-06
ARIMA_WF_w32_p1_d1_q0,010310,Amazonas,Shipasbamba,1,2020,0.7187766108430315,0.7201282526168954,0.001351641773863932,0.001351641773863932,1.8269354848540364e-06
ARIMA_WF_w32_p1_d1_q0,010310,Amazonas,Shipasbamba,2,2021,0.7318407607152995,0.7193580444320932,-0.012482716283206297,0.012482716283206297,0.0001558182058070236
ARIMA_WF_w32_p1_d1_q0,010310,Amazonas,Shipasbamba,3,2022,0.7406684643769514,0.7290478803034364,-0.011620584073515072,0.011620584073515072,0.00013503797420963214
ARIMA_WF_w32_p1_d1_q0,010310,Amazonas,Shipasbamba,4,2023,0.7263908600624468,0.7397862549455242,0.013395394883077394,0.013395394883077394,0.00017943660407357604
ARIMA_WF_w32_p1_d1_q0,010310,Amazonas,Shipasbamba,5,2024,0.7229562872551802,0.7288087832500857,0.005852495994905449,0.005852495994905449,3.425170937038432e-05
ARIMA_WF_w32_p1_d1_q0,010311,Amazonas,Valera,1,2020,0.3705160209280853,0.3702941811519023,-0.0002218397761829527,0.0002218397761829527,4.9212886296902547e-08
ARIMA_WF_w32_p1_d1_q0,010311,Amazonas,Valera,2,2021,0.3778682077762199,0.370907994021597,-0.006960213754622857,0.006960213754622857,4.8444575510041206e-05
ARIMA_WF_w32_p1_d1_q0,010311,Amazonas,Valera,3,2022,0.3777428216439262,0.3792730676631599,0.001530246019233683,0.001530246019233683,2.3416528793805336e-06
ARIMA_WF_w32_p1_d1_q0,010311,Amazonas,Valera,4,2023,0.3744029910291921,0.37771357005548517,0.003310579026293059,0.003310579026293059,1.0959933489331498e-05
ARIMA_WF_w32_p1_d1_q0,010311,Amazonas,Valera,5,2024,0.3702310524455995,0.3736620505160157,0.0034309980704161913,0.0034309980704161913,1.1771747759199628e-05
ARIMA_WF_w32_p1_d1_q0,010502,Amazonas,Camporredondo,1,2020,0.631415519175432,0.6372002417831516,0.005784722607719561,0.005784722607719561,3.34630156482618e-05
ARIMA_WF_w32_p1_d1_q0,010502,Amazonas,Camporredondo,2,2021,0.6259368243078474,0.6288711845491602,0.0029343602413128833,0.0029343602413128833,8.610470025797803e-06
ARIMA_WF_w32_p1_d1_q0,010502,Amazonas,Camporredondo,3,2022,0.6303018972216352,0.6237168333367805,-0.006585063884854692,0.006585063884854692,4.336306636761756e-05
ARIMA_WF_w32_p1_d1_q0,010502,Amazonas,Camporredondo,4,2023,0.6253353058802491,0.6320385925556601,0.00670328667541098,0.00670328667541098,4.493405225274239e-05
ARIMA_WF_w32_p1_d1_q0,010502,Amazonas,Camporredondo,5,2024,0.6174627302433711,0.6232993773144574,0.005836647071086332,0.005836647071086332,3.406644903242065e-05
ARIMA_WF_w32_p1_d1_q0,010503,Amazonas,Cocabamba,1,2020,0.4168783031572257,0.40790350074349546,-0.00897480241373022,0.00897480241373022,8.054707836549779e-05
ARIMA_WF_w32_p1_d1_q0,010503,Amazonas,Cocabamba,2,2021,0.4340696980826385,0.4192289505572681,-0.014840747525370401,0.014840747525370401,0.0002202477871117877
ARIMA_WF_w32_p1_d1_q0,010503,Amazonas,Cocabamba,3,2022,0.4410895176771821,0.4384638185962861,-0.0026256990808959935,0.0026256990808959935,6.894295663418065e-06
ARIMA_WF_w32_p1_d1_q0,010503,Amazonas,Cocabamba,4,2023,0.4439156788126476,0.4427650914790265,-0.0011505873336211114,0.0011505873336211114,1.3238512122893388e-06
ARIMA_WF_w32_p1_d1_q0,010503,Amazonas,Cocabamba,5,2024,0.4519461440482609,0.4442795581944432,-0.007666585853817687,0.007666585853817687,5.877653865395747e-05
ARIMA_WF_w32_p1_d1_q0,010507,Amazonas,Longuita,1,2020,0.2993395140277525,0.30337510346253177,0.004035589434779274,0.004035589434779274,1.6285982086102102e-05
ARIMA_WF_w32_p1_d1_q0,010507,Amazonas,Longuita,2,2021,0.3056262497727686,0.2978737226972695,-0.0077525270754990605,0.0077525270754990605,6.0101676056346016e-05
ARIMA_WF_w32_p1_d1_q0,010507,Amazonas,Longuita,3,2022,0.3026570926498212,0.3083074303135524,0.005650337663731186,0.005650337663731186,3.1926315714179205e-05
ARIMA_WF_w32_p1_d1_q0,010507,Amazonas,Longuita,4,2023,0.2989607950069684,0.301501592117673,0.0025407971107045957,0.0025407971107045957,6.455649957764821e-06
ARIMA_WF_w32_p1_d1_q0,010507,Amazonas,Longuita,5,2024,0.3003544810034539,0.29756637266264674,-0.0027881083408071716,0.0027881083408071716,7.77354812007852e-06
ARIMA_WF_w32_p1_d1_q0,010508,Amazonas,Lonya Chico,1,2020,0.2871853254195661,0.28341136822993807,-0.00377395718962803,0.00377395718962803,1.4242752869145099e-05
ARIMA_WF_w32_p1_d1_q0,010508,Amazonas,Lonya Chico,2,2021,0.2995676422431437,0.28912168172790176,-0.010445960515241937,0.010445960515241937,0.00010911809108599359
ARIMA_WF_w32_p1_d1_q0,010508,Amazonas,Lonya Chico,3,2022,0.3008212239050348,0.30779959583976413,0.006978371934729333,0.006978371934729333,4.869767485941801e-05
ARIMA_WF_w32_p1_d1_q0,010508,Amazonas,Lonya Chico,4,2023,0.3050424682767089,0.30154970901048406,-0.003492759266224832,0.003492759266224832,1.2199367291799427e-05
ARIMA_WF_w32_p1_d1_q0,010508,Amazonas,Lonya Chico,5,2024,0.3074856733524355,0.30754002535638314,5.435200394765527e-05,5.435200394765527e-05,2.954140333125934e-09
ARIMA_WF_w32_p1_d1_q0,010510,Amazonas,Luya Viejo,1,2020,0.6433223045008141,0.6473483782579588,0.004026073757144699,0.004026073757144699,1.6209269897969236e-05
ARIMA_WF_w32_p1_d1_q0,010510,Amazonas,Luya Viejo,2,2021,0.6606008087810514,0.6417475668621593,-0.01885324191889215,0.01885324191889215,0.00035544473085227216
ARIMA_WF_w32_p1_d1_q0,010510,Amazonas,Luya Viejo,3,2022,0.658552597027467,0.6644243439137418,0.005871746886274787,0.005871746886274787,3.4477411496477655e-05
ARIMA_WF_w32_p1_d1_q0,010510,Amazonas,Luya Viejo,4,2023,0.6525917756420356,0.6581787190642563,0.005586943422220658,0.005586943422220658,3.121393680309468e-05
ARIMA_WF_w32_p1_d1_q0,010510,Amazonas,Luya Viejo,5,2024,0.6565175148364056,0.6515861517653255,-0.004931363071080108,0.004931363071080108,2.4318341738812636e-05
ARIMA_WF_w32_p1_d1_q0,010511,Amazonas,Maria,1,2020,0.4967015595391303,0.4968098223958657,0.00010826285673537495,0.00010826285673537495,1.1720846148504321e-08
ARIMA_WF_w32_p1_d1_q0,010511,Amazonas,Maria,2,2021,0.4956274130295998,0.49642116025353683,0.0007937472239370469,0.0007937472239370469,6.300346555077684e-07
ARIMA_WF_w32_p1_d1_q0,010511,Amazonas,Maria,3,2022,0.4888987971585785,0.4950485151769516,0.006149718018373107,0.006149718018373107,3.781903170550285e-05
ARIMA_WF_w32_p1_d1_q0,010511,Amazonas,Maria,4,2023,0.4827984556610561,0.48528002135487747,0.0024815656938213526,0.0024815656938213526,6.158168292751051e-06
ARIMA_WF_w32_p1_d1_q0,010511,Amazonas,Maria,5,2024,0.4833355289158214,0.4802288346753347,-0.0031066942404866515,0.0031066942404866515,9.651549103872932e-06
ARIMA_WF_w32_p1_d1_q0,010512,Amazonas,Ocalli,1,2020,0.7514545332305894,0.7535145157995241,0.002059982568934693,0.002059982568934693,4.243528184314777e-06
ARIMA_WF_w32_p1_d1_q0,010512,Amazonas,Ocalli,2,2021,0.7490497049560149,0.7500773044852702,0.001027599529255352,0.001027599529255352,1.055960792525821e-06
ARIMA_WF_w32_p1_d1_q0,010512,Amazonas,Ocalli,3,2022,0.7596568077326865,0.7482868735636622,-0.01136993416902432,0.01136993416902432,0.00012927540300794677
ARIMA_WF_w32_p1_d1_q0,010512,Amazonas,Ocalli,4,2023,0.7632873226762377,0.7629125275391545,-0.0003747951370831615,0.0003747951370831615,1.404713947811858e-07
ARIMA_WF_w32_p1_d1_q0,010512,Amazonas,Ocalli,5,2024,0.7578053485449496,0.7644124752443909,0.006607126699441301,0.006607126699441301,4.36541232224701e-05
ARIMA_WF_w32_p1_d1_q0,010513,Amazonas,Ocumal,1,2020,0.5724445595424529,0.5666630770886747,-0.005781482453778186,0.005781482453778186,3.3425539363345036e-05
ARIMA_WF_w32_p1_d1_q0,010513,Amazonas,Ocumal,2,2021,0.5794587516155119,0.5745835723117929,-0.004875179303718946,0.004875179303718946,2.376737324340955e-05
ARIMA_WF_w32_p1_d1_q0,010513,Amazonas,Ocumal,3,2022,0.5660875662390396,0.5820066880373468,0.015919121798307234,0.015919121798307234,0.00025341843882934053
ARIMA_WF_w32_p1_d1_q0,010513,Amazonas,Ocumal,4,2023,0.5702701844309855,0.5622734665466345,-0.007996717884351079,0.007996717884351079,6.39474969219004e-05
ARIMA_WF_w32_p1_d1_q0,010513,Amazonas,Ocumal,5,2024,0.5722246789132034,0.5714345746085274,-0.0007901043046759648,0.0007901043046759648,6.242648122674899e-07
ARIMA_WF_w32_p1_d1_q0,010514,Amazonas,Pisuquia,1,2020,0.4730864680497316,0.47952982365824,0.006443355608508394,0.006443355608508394,4.151683149769658e-05
ARIMA_WF_w32_p1_d1_q0,010514,Amazonas,Pisuquia,2,2021,0.488435066443355,0.47445485113034613,-0.013980215313008859,0.013980215313008859,0.0001954464201980874
ARIMA_WF_w32_p1_d1_q0,010514,Amazonas,Pisuquia,3,2022,0.4857486032836587,0.4930716369319836,0.007323033648324873,0.007323033648324873,5.3626821814498294e-05
ARIMA_WF_w32_p1_d1_q0,010514,Amazonas,Pisuquia,4,2023,0.4838384332326801,0.48519363747437294,0.0013552042416928312,0.0013552042416928312,1.8365785367022415e-06
ARIMA_WF_w32_p1_d1_q0,010514,Amazonas,Pisuquia,5,2024,0.4960115649335566,0.4834085257795156,-0.012603039154040985,0.012603039154040985,0.0001588365959182901
ARIMA_WF_w32_p1_d1_q0,010515,Amazonas,Providencia,1,2020,0.7218612818261633,0.7183789978197775,-0.0034822840063857274,0.0034822840063857274,1.2126301901129833e-05
ARIMA_WF_w32_p1_d1_q0,010515,Amazonas,Providencia,2,2021,0.7229606443485895,0.7221810674559637,-0.0007795768926258662,0.0007795768926258662,6.077401315162013e-07
ARIMA_WF_w32_p1_d1_q0,010515,Amazonas,Providencia,3,2022,0.7061190212619766,0.7231057132715004,0.01698669200952385,0.01698669200952385,0.0002885477054264215
ARIMA_WF_w32_p1_d1_q0,010515,Amazonas,Providencia,4,2023,0.7133030499675536,0.7040269390821252,-0.009276110885428346,0.009276110885428346,8.604623315876224e-05
ARIMA_WF_w32_p1_d1_q0,010515,Amazonas,Providencia,5,2024,0.7031721189449174,0.7138995877150386,0.010727468770121207,0.010727468770121207,0.0001150785862139258
ARIMA_WF_w32_p1_d1_q0,010516,Amazonas,San Cristobal,1,2020,0.1291097432817895,0.12471708750506136,-0.004392655776728149,0.004392655776728149,1.9295424772823182e-05
ARIMA_WF_w32_p1_d1_q0,010516,Amazonas,San Cristobal,2,2021,0.1338637842165841,0.12883148780101708,-0.005032296415567017,0.005032296415567017,2.5324007214128648e-05
ARIMA_WF_w32_p1_d1_q0,010516,Amazonas,San Cristobal,3,2022,0.1301105940049041,0.13358894282557776,0.00347834882067366,0.00347834882067366,1.2098910518281841e-05
ARIMA_WF_w32_p1_d1_q0,010516,Amazonas,San Cristobal,4,2023,0.1322374017915228,0.1303685552745929,-0.0018688465169298951,0.0018688465169298951,3.492587303841001e-06
ARIMA_WF_w32_p1_d1_q0,010516,Amazonas,San Cristobal,5,2024,0.1252564679977981,0.13213591312669926,0.0068794451289011516,0.0068794451289011516,4.732676528156178e-05
ARIMA_WF_w32_p1_d1_q0,010517,Amazonas,San Francisco Del Yeso,1,2020,0.332585532746823,0.3347138537056774,0.0021283209588544016,0.0021283209588544016,4.52975010389892e-06
ARIMA_WF_w32_p1_d1_q0,010517,Amazonas,San Francisco Del Yeso,2,2021,0.329652981427175,0.33120545692922637,0.001552475502051398,0.001552475502051398,2.4101801844697403e-06
ARIMA_WF_w32_p1_d1_q0,010517,Amazonas,San Francisco Del Yeso,3,2022,0.3293792766373412,0.3283168973377685,-0.0010623792995727022,0.0010623792995727022,1.1286497761605852e-06
ARIMA_WF_w32_p1_d1_q0,010517,Amazonas,San Francisco Del Yeso,4,2023,0.3270576735092864,0.3292618833180744,0.0022042098087879936,0.0022042098087879936,4.858540881157203e-06
ARIMA_WF_w32_p1_d1_q0,010517,Amazonas,San Francisco Del Yeso,5,2024,0.3292228739002932,0.32620571607873133,-0.0030171578215618666,0.0030171578215618666,9.103241320211949e-06
ARIMA_WF_w32_p1_d1_q0,010518,Amazonas,San Jeronimo,1,2020,0.4425930680359435,0.4408313260045585,-0.0017617420313850163,0.0017617420313850163,3.1037349851486037e-06
ARIMA_WF_w32_p1_d1_q0,010518,Amazonas,San Jeronimo,2,2021,0.4367522464698331,0.4425970320882379,0.005844785618404791,0.005844785618404791,3.416151892511147e-05
ARIMA_WF_w32_p1_d1_q0,010518,Amazonas,San Jeronimo,3,2022,0.4297261446298673,0.43580443526218204,0.006078290632314742,0.006078290632314742,3.694561701088515e-05
ARIMA_WF_w32_p1_d1_q0,010518,Amazonas,San Jeronimo,4,2023,0.4264142062473256,0.4284083053739904,0.001994099126664761,0.001994099126664761,3.976431326965164e-06
ARIMA_WF_w32_p1_d1_q0,010518,Amazonas,San Jeronimo,5,2024,0.4184467265725289,0.42575780857207707,0.0073110819995481635,0.0073110819995481635,5.345192000411717e-05
ARIMA_WF_w32_p1_d1_q0,010519,Amazonas,San Juan De Lopecancha,1,2020,0.1621329434537292,0.16441706452807794,0.0022841210743487494,0.0022841210743487494,5.217209082284085e-06
ARIMA_WF_w32_p1_d1_q0,010519,Amazonas,San Juan De Lopecancha,2,2021,0.1604649726123306,0.16064829388125001,0.00018332126891942857,0.00018332126891942857,3.3606687638229446e-08
ARIMA_WF_w32_p1_d1_q0,010519,Amazonas,San Juan De Lopecancha,3,2022,0.1627095259668053,0.15992490604701537,-0.002784619919789927,0.002784619919789927,7.754108097690859e-06
ARIMA_WF_w32_p1_d1_q0,010519,Amazonas,San Juan De Lopecancha,4,2023,0.1619270211276306,0.1632691245375913,0.0013421034099606877,0.0013421034099606877,1.8012415630281057e-06
ARIMA_WF_w32_p1_d1_q0,010519,Amazonas,San Juan De Lopecancha,5,2024,0.1634302541081504,0.1617887936440059,-0.0016414604641445119,0.0016414604641445119,2.694392455349516e-06
ARIMA_WF_w32_p1_d1_q0,010520,Amazonas,Santa Catalina,1,2020,0.6896047089318501,0.6888495242955534,-0.0007551846362967574,0.0007551846362967574,5.703038348986656e-07
ARIMA_WF_w32_p1_d1_q0,010520,Amazonas,Santa Catalina,2,2021,0.6847715736040609,0.6896625494195053,0.004890975815444398,0.004890975815444398,2.3921644427261998e-05
ARIMA_WF_w32_p1_d1_q0,010520,Amazonas,Santa Catalina,3,2022,0.6841073550059402,0.683077296579253,-0.0010300584266872415,0.0010300584266872415,1.0610203623893953e-06
ARIMA_WF_w32_p1_d1_q0,010520,Amazonas,Santa Catalina,4,2023,0.6827087158440436,0.6838690637066971,0.0011603478626535102,0.0011603478626535102,1.3464071623645694e-06
ARIMA_WF_w32_p1_d1_q0,010520,Amazonas,Santa Catalina,5,2024,0.6790474133275731,0.6822215171257058,0.0031741037981326548,0.0031741037981326548,1.0074934921320144e-05
ARIMA_WF_w32_p1_d1_q0,010521,Amazonas,Santo Tomas,1,2020,0.3135270184863327,0.31166866180763786,-0.001858356678694828,0.001858356678694828,3.4534895452496724e-06
ARIMA_WF_w32_p1_d1_q0,010521,Amazonas,Santo Tomas,2,2021,0.3137343972191499,0.31387588375875247,0.0001414865396025533,0.0001414865396025533,2.0018440888704886e-08
ARIMA_WF_w32_p1_d1_q0,010521,Amazonas,Santo Tomas,3,2022,0.3136850213303839,0.3138077667558572,0.00012274542547330292,0.00012274542547330292,1.5066439474622162e-08
ARIMA_WF_w32_p1_d1_q0,010521,Amazonas,Santo Tomas,4,2023,0.3169240796334334,0.31366874813804974,-0.003255331495383651,0.003255331495383651,1.0597183144836757e-05
ARIMA_WF_w32_p1_d1_q0,010521,Amazonas,Santo Tomas,5,2024,0.3171413335440038,0.3178002193139814,0.0006588857699775796,0.0006588857699775796,4.34130457878948e-07
ARIMA_WF_w32_p1_d1_q0,010522,Amazonas,Tingo,1,2020,0.2183382257012394,0.22249506316857579,0.004156837467336388,0.004156837467336388,1.7279297729851598e-05
ARIMA_WF_w32_p1_d1_q0,010522,Amazonas,Tingo,2,2021,0.2151418786692759,0.21769434961983905,0.002552470950563157,0.002552470950563157,6.515107953468787e-06
ARIMA_WF_w32_p1_d1_q0,010522,Amazonas,Tingo,3,2022,0.2192025440313111,0.2143773164429512,-0.004825227588359904,0.004825227588359904,2.3282821279469533e-05
ARIMA_WF_w32_p1_d1_q0,010522,Amazonas,Tingo,4,2023,0.2174983692106979,0.21996265089499453,0.002464281684296632,0.002464281684296632,6.0726842195598455e-06
ARIMA_WF_w32_p1_d1_q0,010522,Amazonas,Tingo,5,2024,0.2212247227658186,0.21722204544088985,-0.004002677324928733,0.004002677324928733,1.6021425767498638e-05
ARIMA_WF_w32_p1_d1_q0,010523,Amazonas,Trita,1,2020,0.149990458622225,0.1502044984820279,0.0002140398598029225,0.0002140398598029225,4.581306158445472e-08
ARIMA_WF_w32_p1_d1_q0,010523,Amazonas,Trita,2,2021,0.1690732141721264,0.15000211432682997,-0.019071099845296424,0.019071099845296424,0.0003637068493092653
ARIMA_WF_w32_p1_d1_q0,010523,Amazonas,Trita,3,2022,0.1726353285414414,0.17286338565055243,0.0002280571091110295,0.0002280571091110295,5.201004501608001e-08
ARIMA_WF_w32_p1_d1_q0,010523,Amazonas,Trita,4,2023,0.1740983398002671,0.17331621343296888,-0.0007821263672982137,0.0007821263672982137,6.117216544231004e-07
ARIMA_WF_w32_p1_d1_q0,010523,Amazonas,Trita,5,2024,0.1788054195025761,0.17439217039731922,-0.0044132491052568945,0.0044132491052568945,1.947676766505078e-05
ARIMA_WF_w32_p1_d1_q0,010601,Amazonas,San Nicolas,1,2020,0.6677599526726058,0.6702482401434341,0.0024882874708282987,0.0024882874708282987,6.191574537481091e-06
ARIMA_WF_w32_p1_d1_q0,010601,Amazonas,San Nicolas,2,2021,0.6688735384187082,0.6678063605491358,-0.0010671778695724443,0.0010671778695724443,1.138868605305181e-06
ARIMA_WF_w32_p1_d1_q0,010601,Amazonas,San Nicolas,3,2022,0.6652195851893096,0.6692820407990179,0.004062455609708304,0.004062455609708304,1.650354558085047e-05
ARIMA_WF_w32_p1_d1_q0,010601,Amazonas,San Nicolas,4,2023,0.6535443346325167,0.663893008459546,0.010348673827029309,0.010348673827029309,0.00010709504997824144
ARIMA_WF_w32_p1_d1_q0,010601,Amazonas,San Nicolas,5,2024,0.6457840339643652,0.6488987105345563,0.003114676570191044,0.003114676570191044,9.701210136897045e-06
ARIMA_WF_w32_p1_d1_q0,010602,Amazonas,Chirimoto,1,2020,0.7118476621853498,0.7199269930476995,0.008079330862349687,0.008079330862349687,6.527558718331614e-05
ARIMA_WF_w32_p1_d1_q0,010602,Amazonas,Chirimoto,2,2021,0.7038575530507427,0.710391831078604,0.006534278027861329,0.006534278027861329,4.2696789345391336e-05
ARIMA_WF_w32_p1_d1_q0,010602,Amazonas,Chirimoto,3,2022,0.6963585207609958,0.7014223440120848,0.005063823251089006,0.005063823251089006,2.5642305918269628e-05
ARIMA_WF_w32_p1_d1_q0,010602,Amazonas,Chirimoto,4,2023,0.6909855623407611,0.6939793676644157,0.0029938053236545636,0.0029938053236545636,8.962870315942407e-06
ARIMA_WF_w32_p1_d1_q0,010602,Amazonas,Chirimoto,5,2024,0.6800778790102202,0.6894041769857625,0.009326297975542297,0.009326297975542297,8.697983392860435e-05
ARIMA_WF_w32_p1_d1_q0,010603,Amazonas,Cochamal,1,2020,0.8182399276224567,0.8207011585035366,0.0024612308810799677,0.0024612308810799677,6.057657449981674e-06
ARIMA_WF_w32_p1_d1_q0,010603,Amazonas,Cochamal,2,2021,0.812049484211665,0.8155671778086714,0.003517693597006377,0.003517693597006377,1.2374168242419664e-05
ARIMA_WF_w32_p1_d1_q0,010603,Amazonas,Cochamal,3,2022,0.8050969131371142,0.8087684362295955,0.0036715230924813103,0.0036715230924813103,1.3480081818623524e-05
ARIMA_WF_w32_p1_d1_q0,010603,Amazonas,Cochamal,4,2023,0.7972789583927465,0.8013368110153987,0.004057852622652125,0.004057852622652125,1.646616790716473e-05
ARIMA_WF_w32_p1_d1_q0,010603,Amazonas,Cochamal,5,2024,0.7942648664063959,0.7926380798535297,-0.0016267865528661885,0.0016267865528661885,2.646434488586256e-06
ARIMA_WF_w32_p1_d1_q0,010604,Amazonas,Huambo,1,2020,0.2367809512907103,0.2435822028971128,0.006801251606402492,0.006801251606402492,4.625702341359248e-05
ARIMA_WF_w32_p1_d1_q0,010604,Amazonas,Huambo,2,2021,0.2369641119569572,0.23664650271357832,-0.00031760924337889684,0.00031760924337889684,1.0087563147971533e-07
ARIMA_WF_w32_p1_d1_q0,010604,Amazonas,Huambo,3,2022,0.23359853471467,0.23707208526563595,0.003473550550965959,0.003473550550965959,1.2065553430115919e-05
ARIMA_WF_w32_p1_d1_q0,010604,Amazonas,Huambo,4,2023,0.2136111270104745,0.23152620126013146,0.017915074249656965,0.017915074249656965,0.00032094988537072206
ARIMA_WF_w32_p1_d1_q0,010604,Amazonas,Huambo,5,2024,0.2097304103943678,0.20107026204800227,-0.008660148346365526,0.008660148346365526,7.499816938105755e-05
ARIMA_WF_w32_p1_d1_q0,010605,Amazonas,Limabamba,1,2020,0.806505844360474,0.8079886347000904,0.0014827903396164022,0.0014827903396164022,2.198667191259725e-06
ARIMA_WF_w32_p1_d1_q0,010605,Amazonas,Limabamba,2,2021,0.7968726961539685,0.8014736513323054,0.0046009551783369185,0.0046009551783369185,2.1168788553065305e-05
ARIMA_WF_w32_p1_d1_q0,010605,Amazonas,Limabamba,3,2022,0.7915068128792763,0.788606239665363,-0.002900573213913238,0.002900573213913238,8.41332496927097e-06
ARIMA_WF_w32_p1_d1_q0,010605,Amazonas,Limabamba,4,2023,0.7833278884266339,0.7870836970894899,0.003755808662855964,0.003755808662855964,1.4106098711983903e-05
ARIMA_WF_w32_p1_d1_q0,010605,Amazonas,Limabamba,5,2024,0.7546322664207303,0.7763871705317208,0.02175490411099046,0.02175490411099046,0.00047327585287838955
ARIMA_WF_w32_p1_d1_q0,010606,Amazonas,Longar,1,2020,0.7045658496502363,0.707331650280074,0.002765800629837778,0.002765800629837778,7.64965312401105e-06
ARIMA_WF_w32_p1_d1_q0,010606,Amazonas,Longar,2,2021,0.6976246337481484,0.703623490059756,0.00599885631160757,0.00599885631160757,3.598627704731398e-05
ARIMA_WF_w32_p1_d1_q0,010606,Amazonas,Longar,3,2022,0.6850504373398493,0.6951288144440737,0.010078377104224434,0.010078377104224434,0.00010157368505495529
ARIMA_WF_w32_p1_d1_q0,010606,Amazonas,Longar,4,2023,0.6701949378858484,0.6801980384429387,0.010003100557090305,0.010003100557090305,0.00010006202075526038
ARIMA_WF_w32_p1_d1_q0,010606,Amazonas,Longar,5,2024,0.6654593419900314,0.6626571011502788,-0.0028022408397526677,0.0028022408397526677,7.852553723977737e-06
ARIMA_WF_w32_p1_d1_q0,010608,Amazonas,Milpuc,1,2020,0.398258279378607,0.41522568002113436,0.01696740064252733,0.01696740064252733,0.00028789268456403685
ARIMA_WF_w32_p1_d1_q0,010608,Amazonas,Milpuc,2,2021,0.4143722979542023,0.39782050685323084,-0.016551791100971436,0.016551791100971436,0.0002739617886501972
ARIMA_WF_w32_p1_d1_q0,010608,Amazonas,Milpuc,3,2022,0.4137310468940695,0.4205025341480078,0.006771487253938335,0.006771487253938335,4.5853039630249335e-05
ARIMA_WF_w32_p1_d1_q0,010608,Amazonas,Milpuc,4,2023,0.4034503444138758,0.4135088157208648,0.010058471306989003,0.010058471306989003,0.00010117284503352106
ARIMA_WF_w32_p1_d1_q0,010608,Amazonas,Milpuc,5,2024,0.3932730695240262,0.4000851019840847,0.006812032460058515,0.006812032460058515,4.640378623689086e-05
ARIMA_WF_w32_p1_d1_q0,010609,Amazonas,Omia,1,2020,0.712428800934716,0.7209485819075293,0.008519780972813362,0.008519780972813362,7.25866678247126e-05
ARIMA_WF_w32_p1_d1_q0,010609,Amazonas,Omia,2,2021,0.7089551944232826,0.7102826543095969,0.0013274598863143305,0.0013274598863143305,1.7621497497736553e-06
ARIMA_WF_w32_p1_d1_q0,010609,Amazonas,Omia,3,2022,0.7032829528813171,0.7075852308268623,0.004302277945545163,0.004302277945545163,1.850959552072431e-05
ARIMA_WF_w32_p1_d1_q0,010609,Amazonas,Omia,4,2023,0.6997106643667181,0.7009636642608594,0.0012529998941412934,0.0012529998941412934,1.5700087347180924e-06
ARIMA_WF_w32_p1_d1_q0,010609,Amazonas,Omia,5,2024,0.6896845728450811,0.6982279881159343,0.008543415270853227,0.008543415270853227,7.298994449024813e-05
ARIMA_WF_w32_p1_d1_q0,010610,Amazonas,Santa Rosa,1,2020,0.2150391140019337,0.2222310415356336,0.0071919275336999045,0.0071919275336999045,5.172382164999079e-05
ARIMA_WF_w32_p1_d1_q0,010610,Amazonas,Santa Rosa,2,2021,0.2480882482200931,0.21356160819056919,-0.03452664002952391,0.03452664002952391,0.0011920888717283228
ARIMA_WF_w32_p1_d1_q0,010610,Amazonas,Santa Rosa,3,2022,0.2527028214819372,0.25997041464099147,0.007267593159054286,0.007267593159054286,5.281791032553266e-05
ARIMA_WF_w32_p1_d1_q0,010610,Amazonas,Santa Rosa,4,2023,0.2652280917640854,0.25417141325629916,-0.011056678507786244,0.011056678507786244,0.00012225013962454225
ARIMA_WF_w32_p1_d1_q0,010610,Amazonas,Santa Rosa,5,2024,0.2609211567196976,0.2692633196085596,0.00834216288886197,0.00834216288886197,6.95916816643059e-05
ARIMA_WF_w32_p1_d1_q0,010611,Amazonas,Totora,1,2020,0.2228216147023864,0.23551357578574086,0.012691961083354464,0.012691961083354464,0.0001610858761413842
ARIMA_WF_w32_p1_d1_q0,010611,Amazonas,Totora,2,2021,0.2289476090335558,0.2199266152470065,-0.009020993786549303,0.009020993786549303,8.137832889696113e-05
ARIMA_WF_w32_p1_d1_q0,010611,Amazonas,Totora,3,2022,0.2257474627411538,0.230963974580273,0.0052165118391192256,0.0052165118391192256,2.7211995767671045e-05
ARIMA_WF_w32_p1_d1_q0,010611,Amazonas,Totora,4,2023,0.2150498308494102,0.22472488745560137,0.009675056606191168,0.009675056606191168,9.360672033300337e-05
ARIMA_WF_w32_p1_d1_q0,010611,Amazonas,Totora,5,2024,0.1858370668373411,0.21150308435966675,0.02566601752232564,0.02566601752232564,0.0006587444554563268
ARIMA_WF_w32_p1_d1_q0,010701,Amazonas,Bagua Grande,1,2020,0.4547301931986164,0.45668677145081527,0.0019565782521988595,0.0019565782521988595,3.828198456977544e-06
ARIMA_WF_w32_p1_d1_q0,010701,Amazonas,Bagua Grande,2,2021,0.4323132358353416,0.4545662617915619,0.022253025956220307,0.022253025956220307,0.0004951971642082147
ARIMA_WF_w32_p1_d1_q0,010701,Amazonas,Bagua Grande,3,2022,0.4285583282285664,0.42989400173339315,0.0013356735048267732,0.0013356735048267732,1.784023711496236e-06
ARIMA_WF_w32_p1_d1_q0,010701,Amazonas,Bagua Grande,4,2023,0.4343734830894661,0.4280985590024661,-0.006274924087000033,0.006274924087000033,3.93746722976132e-05
ARIMA_WF_w32_p1_d1_q0,010701,Amazonas,Bagua Grande,5,2024,0.4100356661201204,0.4349573826204634,0.024921716500343027,0.024921716500343027,0.0006210919533234699
ARIMA_WF_w32_p1_d1_q0,010703,Amazonas,Cumba,1,2020,0.3463667830297154,0.34943189301398697,0.0030651099842715634,0.0030651099842715634,9.394899215681224e-06
ARIMA_WF_w32_p1_d1_q0,010703,Amazonas,Cumba,2,2021,0.3446464622578766,0.34515598821963955,0.0005095259617629577,0.0005095259617629577,2.5961670571046705e-07
ARIMA_WF_w32_p1_d1_q0,010703,Amazonas,Cumba,3,2022,0.347939309920812,0.34396696958160494,-0.00397234033920707,0.00397234033920707,1.577948777049174e-05
ARIMA_WF_w32_p1_d1_q0,010703,Amazonas,Cumba,4,2023,0.3448179031595376,0.349241729569657,0.0044238264101194025,0.0044238264101194025,1.957024010686992e-05
ARIMA_WF_w32_p1_d1_q0,010703,Amazonas,Cumba,5,2024,0.3392431179779432,0.34358674529155236,0.004343627313609155,0.004343627313609155,1.8867098239531487e-05
ARIMA_WF_w32_p1_d1_q0,010705,Amazonas,Jamalca,1,2020,0.5213136140630512,0.5163740155630959,-0.004939598499955289,0.004939598499955289,2.439963334076054e-05
ARIMA_WF_w32_p1_d1_q0,010705,Amazonas,Jamalca,2,2021,0.4938946235631236,0.5208790035845831,0.026984380021459475,0.026984380021459475,0.0007281567651425413
ARIMA_WF_w32_p1_d1_q0,010705,Amazonas,Jamalca,3,2022,0.4911788668441638,0.49813457281289,0.006955705968726189,0.006955705968726189,4.8381845523373135e-05
ARIMA_WF_w32_p1_d1_q0,010705,Amazonas,Jamalca,4,2023,0.4935291385467402,0.49137795338978796,-0.002151185156952229,0.002151185156952229,4.627597579491586e-06
ARIMA_WF_w32_p1_d1_q0,010705,Amazonas,Jamalca,5,2024,0.4755670728457323,0.4932966146992836,0.0177295418535513,0.0177295418535513,0.0003143366543368273
ARIMA_WF_w32_p1_d1_q0,010706,Amazonas,Lonya Grande,1,2020,0.5421840893442262,0.5678673485040756,0.02568325915984937,0.02568325915984937,0.0006596298010719865
ARIMA_WF_w32_p1_d1_q0,010706,Amazonas,Lonya Grande,2,2021,0.5344709714280134,0.5528035222007858,0.018332550772772405,0.018332550772772405,0.0003360824178362781
ARIMA_WF_w32_p1_d1_q0,010706,Amazonas,Lonya Grande,3,2022,0.5465375205707561,0.5361458198455511,-0.010391700725205011,0.010391700725205011,0.00010798744396222635
ARIMA_WF_w32_p1_d1_q0,010706,Amazonas,Lonya Grande,4,2023,0.5301883475517748,0.5434591753745452,0.013270827822770448,0.013270827822770448,0.00017611487110161822
ARIMA_WF_w32_p1_d1_q0,010706,Amazonas,Lonya Grande,5,2024,0.5252855489522954,0.5335865311649134,0.008300982212617991,0.008300982212617991,6.890630569420028e-05
ARIMA_WF_w32_p1_d1_q0,010707,Amazonas,Yamon,1,2020,0.4905221369229151,0.5004706941127912,0.00994855718987614,0.00994855718987614,9.897379016023622e-05
ARIMA_WF_w32_p1_d1_q0,010707,Amazonas,Yamon,2,2021,0.4838902618571879,0.49000480377510874,0.006114541917920824,0.006114541917920824,3.7387622866010864e-05
ARIMA_WF_w32_p1_d1_q0,010707,Amazonas,Yamon,3,2022,0.4922310442738458,0.4834239909515809,-0.00880705332226489,0.00880705332226489,7.756418822121705e-05
ARIMA_WF_w32_p1_d1_q0,010707,Amazonas,Yamon,4,2023,0.485277105899674,0.49264527549883674,0.007368169599162755,0.007368169599162755,5.4289923242026234e-05
ARIMA_WF_w32_p1_d1_q0,010707,Amazonas,Yamon,5,2024,0.480439583552424,0.4848479615065704,0.004408377954146392,0.004408377954146392,1.943379618660393e-05
ARIMA_WF_w32_p1_d1_q0,050408,Ayacucho,Llochegua,1,2020,0.5963197911534809,0.5976565016245943,0.0013367104711133893,0.0013367104711133893,1.786794883584179e-06
ARIMA_WF_w32_p1_d1_q0,050408,Ayacucho,Llochegua,2,2021,0.596406133342814,0.590757027627872,-0.005649105714942038,0.005649105714942038,3.191239537859079e-05
ARIMA_WF_w32_p1_d1_q0,050408,Ayacucho,Llochegua,3,2022,0.5938260255674459,0.5964755530409132,0.0026495274734672503,0.0026495274734672503,7.0199958326577506e-06
ARIMA_WF_w32_p1_d1_q0,050408,Ayacucho,Llochegua,4,2023,0.5919840588616714,0.5917581477187902,-0.00022591114288117442,0.00022591114288117442,5.1035844477878404e-08
ARIMA_WF_w32_p1_d1_q0,050408,Ayacucho,Llochegua,5,2024,0.585625210564898,0.5905101190902572,0.004884908525359166,0.004884908525359166,2.3862331301126662e-05
ARIMA_WF_w32_p1_d1_q0,050409,Ayacucho,Canayre,1,2020,0.6973024216195859,0.6958935368535598,-0.001408884766026075,0.001408884766026075,1.9849562839403484e-06
ARIMA_WF_w32_p1_d1_q0,050409,Ayacucho,Canayre,2,2021,0.6945688062671865,0.6885591193801233,-0.00600968688706327,0.00600968688706327,3.611633648054022e-05
ARIMA_WF_w32_p1_d1_q0,050409,Ayacucho,Canayre,3,2022,0.6886827675095855,0.6923612105080119,0.0036784429984264566,0.0036784429984264566,1.353094289267262e-05
ARIMA_WF_w32_p1_d1_q0,050409,Ayacucho,Canayre,4,2023,0.6859037001204479,0.6839083024591587,-0.0019953976612892,0.0019953976612892,3.981611826678409e-06
ARIMA_WF_w32_p1_d1_q0,050409,Ayacucho,Canayre,5,2024,0.6771801556407601,0.6836574628045298,0.006477307163769708,0.006477307163769708,4.1955508093822374e-05
ARIMA_WF_w32_p1_d1_q0,050502,Ayacucho,Anco,1,2020,0.5029979361906946,0.5004114083866338,-0.0025865278040607675,0.0025865278040607675,6.690126081179417e-06
ARIMA_WF_w32_p1_d1_q0,050502,Ayacucho,Anco,2,2021,0.5041596291894572,0.5035377921453649,-0.0006218370440923549,0.0006218370440923549,3.866813094055173e-07
ARIMA_WF_w32_p1_d1_q0,050502,Ayacucho,Anco,3,2022,0.4993650265222194,0.5043930719755971,0.005028045453377705,0.005028045453377705,2.5281241081232215e-05
ARIMA_WF_w32_p1_d1_q0,050502,Ayacucho,Anco,4,2023,0.4933877784774838,0.49841430141172977,0.005026522934245992,0.005026522934245992,2.5265932808500933e-05
ARIMA_WF_w32_p1_d1_q0,050502,Ayacucho,Anco,5,2024,0.4961942332069594,0.49193484115435454,-0.004259392052604838,0.004259392052604838,1.8142420657793253e-05
ARIMA_WF_w32_p1_d1_q0,050507,Ayacucho,Santa Rosa,1,2020,0.4456698632163656,0.4385150874160118,-0.007154775800353785,0.007154775800353785,5.119081675332815e-05
ARIMA_WF_w32_p1_d1_q0,050507,Ayacucho,Santa Rosa,2,2021,0.4464544301130224,0.4510080502869776,0.0045536201739552196,0.0045536201739552196,2.0735456688651963e-05
ARIMA_WF_w32_p1_d1_q0,050507,Ayacucho,Santa Rosa,3,2022,0.4441702196338987,0.44700427071106297,0.002834051077164279,0.002834051077164279,8.03184550797601e-06
ARIMA_WF_w32_p1_d1_q0,050507,Ayacucho,Santa Rosa,4,2023,0.4411216168354606,0.4425820735379198,0.0014604567024592008,0.0014604567024592008,2.1329337797580023e-06
ARIMA_WF_w32_p1_d1_q0,050507,Ayacucho,Santa Rosa,5,2024,0.4371494667186722,0.43897773196310635,0.0018282652444341352,0.0018282652444341352,3.3425538040058082e-06
ARIMA_WF_w32_p1_d1_q0,050512,Ayacucho,Union Progreso,1,2020,0.1262791786502575,0.11026371339809365,-0.016015465252163852,0.016015465252163852,0.00025649512724326776
ARIMA_WF_w32_p1_d1_q0,050512,Ayacucho,Union Progreso,2,2021,0.1276168818139255,0.13938468310459481,0.011767801290669316,0.011767801290669316,0.00013848114721667844
ARIMA_WF_w32_p1_d1_q0,050512,Ayacucho,Union Progreso,3,2022,0.1227565603192651,0.12842788051379295,0.005671320194527846,0.005671320194527846,3.2163872748859364e-05
ARIMA_WF_w32_p1_d1_q0,050512,Ayacucho,Union Progreso,4,2023,0.1165808307136646,0.11981264353359924,0.0032318128199346485,0.0032318128199346485,1.0444614103093945e-05
ARIMA_WF_w32_p1_d1_q0,050512,Ayacucho,Union Progreso,5,2024,0.1116090339553653,0.1128190220696056,0.0012099881142403068,0.0012099881142403068,1.4640712366028138e-06
ARIMA_WF_w32_p1_d1_q0,060801,Cajamarca,Jaen,1,2020,0.3073087760676266,0.3042723809824265,-0.0030363950852000943,0.0030363950852000943,9.219695113427287e-06
ARIMA_WF_w32_p1_d1_q0,060801,Cajamarca,Jaen,2,2021,0.3015372159222735,0.30845602836409675,0.006918812441823241,0.006918812441823241,4.786996560512808e-05
ARIMA_WF_w32_p1_d1_q0,060801,Cajamarca,Jaen,3,2022,0.3093953062671111,0.29944997866972406,-0.009945327597387033,0.009945327597387033,9.890954101934812e-05
ARIMA_WF_w32_p1_d1_q0,060801,Cajamarca,Jaen,4,2023,0.3223801165192708,0.3121218057648164,-0.01025831075445438,0.01025831075445438,0.0001052329395349544
ARIMA_WF_w32_p1_d1_q0,060801,Cajamarca,Jaen,5,2024,0.3145316267735106,0.32717892436348245,0.012647297589971851,0.012647297589971851,0.00015995413632930778
ARIMA_WF_w32_p1_d1_q0,060803,Cajamarca,Chontali,1,2020,0.4911873795807437,0.48717867761999817,-0.004008701960745542,0.004008701960745542,1.6069691410085155e-05
ARIMA_WF_w32_p1_d1_q0,060803,Cajamarca,Chontali,2,2021,0.4813113163785587,0.4918885729621572,0.010577256583598538,0.010577256583598538,0.00011187835683527861
ARIMA_WF_w32_p1_d1_q0,060803,Cajamarca,Chontali,3,2022,0.4844621866693357,0.4785786885441392,-0.005883498125196507,0.005883498125196507,3.461555018919081e-05
ARIMA_WF_w32_p1_d1_q0,060803,Cajamarca,Chontali,4,2023,0.5387757223230595,0.48521270029332414,-0.05356302202973534,0.05356302202973534,0.0028689973289579133
ARIMA_WF_w32_p1_d1_q0,060803,Cajamarca,Chontali,5,2024,0.5326125661403668,0.5529676309030723,0.020355064762705544,0.020355064762705544,0.0004143286614939369
ARIMA_WF_w32_p1_d1_q0,060804,Cajamarca,Colasay,1,2020,0.2700840435431221,0.27014045663751307,5.641309439097242e-05,5.641309439097242e-05,3.182437218764764e-09
ARIMA_WF_w32_p1_d1_q0,060804,Cajamarca,Colasay,2,2021,0.2565262986869119,0.2700981204603798,0.013571821773467885,0.013571821773467885,0.00018419434625077696
ARIMA_WF_w32_p1_d1_q0,060804,Cajamarca,Colasay,3,2022,0.2795208484114441,0.25560770126417365,-0.02391314714727044,0.02391314714727044,0.0005718386064870085
ARIMA_WF_w32_p1_d1_q0,060804,Cajamarca,Colasay,4,2023,0.3028994283857436,0.27736817871650643,-0.025531249669237144,0.025531249669237144,0.0006518447096729217
ARIMA_WF_w32_p1_d1_q0,060804,Cajamarca,Colasay,5,2024,0.2988213225410986,0.3057143100223736,0.006892987481274981,0.006892987481274981,4.751327641701361e-05
ARIMA_WF_w32_p1_d1_q0,060807,Cajamarca,Pomahuaca,1,2020,0.3931744081910605,0.38652959704415707,-0.006644811146903407,0.006644811146903407,4.4153515178011764e-05
ARIMA_WF_w32_p1_d1_q0,060807,Cajamarca,Pomahuaca,2,2021,0.3856299527253538,0.3920572389659879,0.0064272862406341,0.0064272862406341,4.131000841904442e-05
ARIMA_WF_w32_p1_d1_q0,060807,Cajamarca,Pomahuaca,3,2022,0.3926488910493482,0.387379027536587,-0.005269863512761208,0.005269863512761208,2.77714614431319e-05
ARIMA_WF_w32_p1_d1_q0,060807,Cajamarca,Pomahuaca,4,2023,0.4195444204312306,0.39065745635495774,-0.028886964076272836,0.028886964076272836,0.0008344566935438774
ARIMA_WF_w32_p1_d1_q0,060807,Cajamarca,Pomahuaca,5,2024,0.4155077918864532,0.41857046436793877,0.003062672481485562,0.003062672481485562,9.379962728848931e-06
ARIMA_WF_w32_p1_d1_q0,060809,Cajamarca,Sallique,1,2020,0.2715509381389909,0.2628328560065824,-0.008718082132408489,0.008718082132408489,7.600495606742015e-05
ARIMA_WF_w32_p1_d1_q0,060809,Cajamarca,Sallique,2,2021,0.2692995018150078,0.2730264770500956,0.003726975235087804,0.003726975235087804,1.389034440295779e-05
ARIMA_WF_w32_p1_d1_q0,060809,Cajamarca,Sallique,3,2022,0.2919427269610715,0.26886489270657266,-0.02307783425449883,0.02307783425449883,0.0005325864338781196
ARIMA_WF_w32_p1_d1_q0,060809,Cajamarca,Sallique,4,2023,0.2921372354987807,0.2963982579079078,0.004261022409127124,0.004261022409127124,1.8156311971083522e-05
ARIMA_WF_w32_p1_d1_q0,060809,Cajamarca,Sallique,5,2024,0.2989790733126992,0.29217039259902505,-0.006808680713674131,0.006808680713674131,4.6358133060758076e-05
ARIMA_WF_w32_p1_d1_q0,060810,Cajamarca,San Felipe,1,2020,0.3377852652054604,0.3133347379908732,-0.024450527214587237,0.024450527214587237,0.0005978282810712711
ARIMA_WF_w32_p1_d1_q0,060810,Cajamarca,San Felipe,2,2021,0.2851401576991212,0.3395804297588998,0.05444027205977858,0.05444027205977858,0.0029637432219427086
ARIMA_WF_w32_p1_d1_q0,060810,Cajamarca,San Felipe,3,2022,0.3247004064052242,0.2936079316642237,-0.031092474741000464,0.031092474741000464,0.0009667419855197519
ARIMA_WF_w32_p1_d1_q0,060810,Cajamarca,San Felipe,4,2023,0.3577373302302963,0.31124653476809055,-0.04649079546220575,0.04649079546220575,0.0021613940627086504
ARIMA_WF_w32_p1_d1_q0,060810,Cajamarca,San Felipe,5,2024,0.3593837924207162,0.35200627856523475,-0.007377513855481466,0.007377513855481466,5.4427710687821e-05
ARIMA_WF_w32_p1_d1_q0,060811,Cajamarca,San Jose Del Alto,1,2020,0.4524487129691748,0.4404578651849591,-0.011990847784215719,0.011990847784215719,0.000143780430584231
ARIMA_WF_w32_p1_d1_q0,060811,Cajamarca,San Jose Del Alto,2,2021,0.4435348328095759,0.4540289705548144,0.010494137745238497,0.010494137745238497,0.00011012692701603931
ARIMA_WF_w32_p1_d1_q0,060811,Cajamarca,San Jose Del Alto,3,2022,0.44199004272448,0.4422637720505807,0.00027372932610070233,0.00027372932610070233,7.492774396754464e-08
ARIMA_WF_w32_p1_d1_q0,060811,Cajamarca,San Jose Del Alto,4,2023,0.4792927509621835,0.441801747002818,-0.0374910039593655,0.0374910039593655,0.0014055753778811596
ARIMA_WF_w32_p1_d1_q0,060811,Cajamarca,San Jose Del Alto,5,2024,0.4659669503195509,0.483442069585393,0.01747511926584211,0.01747511926584211,0.00030537979335540605
ARIMA_WF_w32_p1_d1_q0,060812,Cajamarca,Santa Rosa,1,2020,0.3302906702159632,0.3313184750039667,0.0010278047880035168,0.0010278047880035168,1.056382682242954e-06
ARIMA_WF_w32_p1_d1_q0,060812,Cajamarca,Santa Rosa,2,2021,0.3372776322757002,0.3302836429084131,-0.006993989367287068,0.006993989367287068,4.891588726972456e-05
ARIMA_WF_w32_p1_d1_q0,060812,Cajamarca,Santa Rosa,3,2022,0.341499577805447,0.33776536338058494,-0.003734214424862048,0.003734214424862048,1.3944357370847794e-05
ARIMA_WF_w32_p1_d1_q0,060812,Cajamarca,Santa Rosa,4,2023,0.3406151159961644,0.34185320238332695,0.0012380863871625514,0.0012380863871625514,1.532857902077219e-06
ARIMA_WF_w32_p1_d1_q0,060812,Cajamarca,Santa Rosa,5,2024,0.332466045539765,0.3405453889653718,0.008079343425606789,0.008079343425606789,6.527579018889564e-05
ARIMA_WF_w32_p1_d1_q0,060901,Cajamarca,San Ignacio,1,2020,0.2714857228584287,0.2648891625671533,-0.006596560291275422,0.006596560291275422,4.351460767643168e-05
ARIMA_WF_w32_p1_d1_q0,060901,Cajamarca,San Ignacio,2,2021,0.253338000700105,0.2716878881289308,0.018349887428825817,0.018349887428825817,0.00033671836865057975
ARIMA_WF_w32_p1_d1_q0,060901,Cajamarca,San Ignacio,3,2022,0.2521803270490573,0.2528405250024018,0.0006601979533444879,0.0006601979533444879,4.3586133760025066e-07
ARIMA_WF_w32_p1_d1_q0,060901,Cajamarca,San Ignacio,4,2023,0.3219457918687803,0.2522024341272734,-0.06974335774150692,0.06974335774150692,0.004864135949059813
ARIMA_WF_w32_p1_d1_q0,060901,Cajamarca,San Ignacio,5,2024,0.3073135970395559,0.31913666307578553,0.011823066036229624,0.011823066036229624,0.00013978489049704647
ARIMA_WF_w32_p1_d1_q0,060902,Cajamarca,Chirinos,1,2020,0.362724443020998,0.3677556122545612,0.005031169233563226,0.005031169233563226,2.5312663856753183e-05
ARIMA_WF_w32_p1_d1_q0,060902,Cajamarca,Chirinos,2,2021,0.3540194567327901,0.3622201705407149,0.008200713807924809,0.008200713807924809,6.725170695948861e-05
ARIMA_WF_w32_p1_d1_q0,060902,Cajamarca,Chirinos,3,2022,0.3544223031807354,0.35265734154807377,-0.0017649616326616546,0.0017649616326616546,3.1150895647676934e-06
ARIMA_WF_w32_p1_d1_q0,060902,Cajamarca,Chirinos,4,2023,0.4178393418339772,0.3544838974056985,-0.06335544442827867,0.06335544442827867,0.004013912338704707
ARIMA_WF_w32_p1_d1_q0,060902,Cajamarca,Chirinos,5,2024,0.4075880257021038,0.42754200146949634,0.01995397576739255,0.01995397576739255,0.0003981611489256891
ARIMA_WF_w32_p1_d1_q0,060903,Cajamarca,Huarango,1,2020,0.6402933249346798,0.6441555610289735,0.003862236094293703,0.003862236094293703,1.4916867648065077e-05
ARIMA_WF_w32_p1_d1_q0,060903,Cajamarca,Huarango,2,2021,0.6322724146423067,0.6398554890088004,0.007583074366493747,0.007583074366493747,5.750301684777455e-05
ARIMA_WF_w32_p1_d1_q0,060903,Cajamarca,Huarango,3,2022,0.6351579800453488,0.6309542184101081,-0.0042037616352407214,0.0042037616352407214,1.7671611885921743e-05
ARIMA_WF_w32_p1_d1_q0,060903,Cajamarca,Huarango,4,2023,0.641054698193014,0.6355815741835472,-0.005473124009466757,0.005473124009466757,2.9955086423001466e-05
ARIMA_WF_w32_p1_d1_q0,060903,Cajamarca,Huarango,5,2024,0.6348832577356406,0.6418491373840438,0.006965879648403228,0.006965879648403228,4.852347927603828e-05
ARIMA_WF_w32_p1_d1_q0,060904,Cajamarca,La Coipa,1,2020,0.3557002970623831,0.3315771724849294,-0.024123124577453692,0.024123124577453692,0.0005819251393793504
ARIMA_WF_w32_p1_d1_q0,060904,Cajamarca,La Coipa,2,2021,0.3503069644625371,0.36341782633202396,0.013110861869486845,0.013110861869486845,0.0001718946989607641
ARIMA_WF_w32_p1_d1_q0,060904,Cajamarca,La Coipa,3,2022,0.3372076135988557,0.3480210524233683,0.010813438824512578,0.010813438824512578,0.00011693045921147597
ARIMA_WF_w32_p1_d1_q0,060904,Cajamarca,La Coipa,4,2023,0.3998415667290131,0.33322102789956054,-0.06662053882945257,0.06662053882945257,0.004438296193926597
ARIMA_WF_w32_p1_d1_q0,060904,Cajamarca,La Coipa,5,2024,0.3897502475519859,0.40887841250140944,0.019128164949423543,0.019128164949423543,0.0003658866943323554
ARIMA_WF_w32_p1_d1_q0,060907,Cajamarca,Tabaconas,1,2020,0.6360185969339256,0.6289975146024585,-0.007021082331467143,0.007021082331467143,4.92955971052401e-05
ARIMA_WF_w32_p1_d1_q0,060907,Cajamarca,Tabaconas,2,2021,0.6268111558559025,0.6368483019199841,0.01003714606408157,0.01003714606408157,0.00010074430111170815
ARIMA_WF_w32_p1_d1_q0,060907,Cajamarca,Tabaconas,3,2022,0.62729048203391,0.6254106283270228,-0.0018798537068872578,0.0018798537068872578,3.5338499592977643e-06
ARIMA_WF_w32_p1_d1_q0,060907,Cajamarca,Tabaconas,4,2023,0.6606140214429331,0.6273702008080796,-0.03324382063485354,0.03324382063485354,0.001105151610402314
ARIMA_WF_w32_p1_d1_q0,060907,Cajamarca,Tabaconas,5,2024,0.6547733858748567,0.6664530516685547,0.011679665793698057,0.011679665793698057,0.00013641459305248048
ARIMA_WF_w32_p1_d1_q0,080408,Cusco,Yanatile,1,2020,0.5098486022567379,0.5094890449563343,-0.00035955730040360123,0.00035955730040360123,1.2928145227352555e-07
ARIMA_WF_w32_p1_d1_q0,080408,Cusco,Yanatile,2,2021,0.5021753958309801,0.5098921127134802,0.007716716882500085,0.007716716882500085,5.9547719444661836e-05
ARIMA_WF_w32_p1_d1_q0,080408,Cusco,Yanatile,3,2022,0.5000893098711049,0.5017263148994382,0.0016370050283333049,0.0016370050283333049,2.6797854627885243e-06
ARIMA_WF_w32_p1_d1_q0,080408,Cusco,Yanatile,4,2023,0.4861674770224089,0.49992750074906606,0.013760023726657133,0.013760023726657133,0.00018933825295816727
ARIMA_WF_w32_p1_d1_q0,080408,Cusco,Yanatile,5,2024,0.4810746254020038,0.4843412135403718,0.0032665881383679984,0.0032665881383679984,1.0670598065726506e-05
ARIMA_WF_w32_p1_d1_q0,080901,Cusco,Santa Ana,1,2020,0.5770451493060892,0.5810325321142541,0.003987382808164908,0.003987382808164908,1.5899221658849063e-05
ARIMA_WF_w32_p1_d1_q0,080901,Cusco,Santa Ana,2,2021,0.5819229047367682,0.5788429295804837,-0.0030799751562845534,0.0030799751562845534,9.48624696333006e-06
ARIMA_WF_w32_p1_d1_q0,080901,Cusco,Santa Ana,3,2022,0.5887918534802451,0.5847874790247307,-0.004004374455514381,0.004004374455514381,1.6035014779976096e-05
ARIMA_WF_w32_p1_d1_q0,080901,Cusco,Santa Ana,4,2023,0.584359555166523,0.5928883984051186,0.008528843238595596,0.008528843238595596,7.274116698853781e-05
ARIMA_WF_w32_p1_d1_q0,080901,Cusco,Santa Ana,5,2024,0.5728912616904652,0.5820091158799445,0.009117854189479302,0.009117854189479302,8.313526502060526e-05
ARIMA_WF_w32_p1_d1_q0,080903,Cusco,Huayopata,1,2020,0.5421369005340279,0.5444768773023125,0.0023399767682846795,0.0023399767682846795,5.475491276112013e-06
ARIMA_WF_w32_p1_d1_q0,080903,Cusco,Huayopata,2,2021,0.5416436482256071,0.5417766289805023,0.00013298075489520667,0.00013298075489520667,1.768388117249903e-08
ARIMA_WF_w32_p1_d1_q0,080903,Cusco,Huayopata,3,2022,0.5570627153868414,0.5414988493177927,-0.015563866069048693,0.015563866069048693,0.0002422339270152852
ARIMA_WF_w32_p1_d1_q0,080903,Cusco,Huayopata,4,2023,0.5489865309236314,0.5611992064253316,0.012212675501700243,0.012212675501700243,0.0001491494429098293
ARIMA_WF_w32_p1_d1_q0,080903,Cusco,Huayopata,5,2024,0.5366979717465078,0.5485849595000077,0.011886987753499945,0.011886987753499945,0.00014130047785185766
ARIMA_WF_w32_p1_d1_q0,080904,Cusco,Maranura,1,2020,0.5512863294719613,0.5458073755167819,-0.005478953955179389,0.005478953955179389,3.0018936442975866e-05
ARIMA_WF_w32_p1_d1_q0,080904,Cusco,Maranura,2,2021,0.5441462342353794,0.5538745824317598,0.009728348196380354,0.009728348196380354,9.46407586300169e-05
ARIMA_WF_w32_p1_d1_q0,080904,Cusco,Maranura,3,2022,0.5495436801152586,0.5412687601000717,-0.008274920015186815,0.008274920015186815,6.847430125773936e-05
ARIMA_WF_w32_p1_d1_q0,080904,Cusco,Maranura,4,2023,0.5484578347714163,0.551608671814668,0.0031508370432516974,0.0031508370432516974,9.9277740731271e-06
ARIMA_WF_w32_p1_d1_q0,080904,Cusco,Maranura,5,2024,0.5441886086878222,0.5480629424041592,0.003874333716337053,0.003874333716337053,1.5010461745546079e-05
ARIMA_WF_w32_p1_d1_q0,080905,Cusco,Ocobamba,1,2020,0.4700130516495526,0.47715817777964686,0.00714512613009427,0.00714512613009427,5.1052827414955926e-05
ARIMA_WF_w32_p1_d1_q0,080905,Cusco,Ocobamba,2,2021,0.4590803995766049,0.4700141083721613,0.010933708795556385,0.010933708795556385,0.00011954598802602705
ARIMA_WF_w32_p1_d1_q0,080905,Cusco,Ocobamba,3,2022,0.4682590150907802,0.4584075337882068,-0.009851481302573406,0.009851481302573406,9.705168385495341e-05
ARIMA_WF_w32_p1_d1_q0,080905,Cusco,Ocobamba,4,2023,0.4559736823748138,0.4681875611229263,0.012213878748112528,0.012213878748112528,0.00014917883407359486
ARIMA_WF_w32_p1_d1_q0,080905,Cusco,Ocobamba,5,2024,0.4471832801393524,0.457778725145947,0.010595445006594595,0.010595445006594595,0.00011226345488777033
ARIMA_WF_w32_p1_d1_q0,080906,Cusco,Quellouno,1,2020,0.7427899703241935,0.7438119286487141,0.0010219583245206776,0.0010219583245206776,1.0443988170571105e-06
ARIMA_WF_w32_p1_d1_q0,080906,Cusco,Quellouno,2,2021,0.7328648443931574,0.7417443847246863,0.008879540331528935,0.008879540331528935,7.884623649924897e-05
ARIMA_WF_w32_p1_d1_q0,080906,Cusco,Quellouno,3,2022,0.7276302383843843,0.7284141836078152,0.0007839452234308375,0.0007839452234308375,6.145701133400257e-07
ARIMA_WF_w32_p1_d1_q0,080906,Cusco,Quellouno,4,2023,0.7151104797025662,0.7251708297775806,0.01006035007501438,0.01006035007501438,0.00010121064363184182
ARIMA_WF_w32_p1_d1_q0,080906,Cusco,Quellouno,5,2024,0.7143641393927217,0.7087454812936975,-0.005618658099024176,0.005618658099024176,3.156931883372997e-05
ARIMA_WF_w32_p1_d1_q0,080918,Cusco,Union Ashaninka,1,2020,0.7492453662214257,0.7591954602139657,0.009950093992539988,0.009950093992539988,9.900437046038035e-05
ARIMA_WF_w32_p1_d1_q0,080918,Cusco,Union Ashaninka,2,2021,0.7478968406378469,0.7380190660675339,-0.009877774570313025,0.009877774570313025,9.757043046192266e-05
ARIMA_WF_w32_p1_d1_q0,080918,Cusco,Union Ashaninka,3,2022,0.740380375254271,0.7468806298952083,0.006500254640937286,0.006500254640937286,4.225331039702673e-05
ARIMA_WF_w32_p1_d1_q0,080918,Cusco,Union Ashaninka,4,2023,0.7370261312394202,0.7346748561906227,-0.0023512750487975076,0.0023512750487975076,5.528494355097722e-06
ARIMA_WF_w32_p1_d1_q0,080918,Cusco,Union Ashaninka,5,2024,0.7306960269705117,0.734586373578859,0.003890346608347306,0.003890346608347306,1.5134796733079386e-05
ARIMA_WF_w32_p1_d1_q0,081304,Cusco,Machupicchu,1,2020,0.3685233551100532,0.3695105394655069,0.0009871843554536963,0.0009871843554536963,9.745329516525298e-07
ARIMA_WF_w32_p1_d1_q0,081304,Cusco,Machupicchu,2,2021,0.3739904452531332,0.3684791184175892,-0.005511326835544006,0.005511326835544006,3.0374723488187506e-05
ARIMA_WF_w32_p1_d1_q0,081304,Cusco,Machupicchu,3,2022,0.3811480648140779,0.3747066429665249,-0.0064414218475530305,0.0064414218475530305,4.1491915418133494e-05
ARIMA_WF_w32_p1_d1_q0,081304,Cusco,Machupicchu,4,2023,0.3760306562196289,0.38272192287717793,0.006691266657549044,0.006691266657549044,4.477304948242756e-05
ARIMA_WF_w32_p1_d1_q0,081304,Cusco,Machupicchu,5,2024,0.3669124083894632,0.37532711020377296,0.008414701814309755,0.008414701814309755,7.080720662374788e-05
ARIMA_WF_w32_p1_d1_q0,100103,Huanuco,Chinchao,1,2020,0.6642708811506766,0.6750832104913498,0.010812329340673221,0.010812329340673221,0.00011690646577118301
ARIMA_WF_w32_p1_d1_q0,100103,Huanuco,Chinchao,2,2021,0.6620521564255579,0.6661435214160909,0.004091364990532975,0.004091364990532975,1.673926748575889e-05
ARIMA_WF_w32_p1_d1_q0,100103,Huanuco,Chinchao,3,2022,0.6495956018973922,0.6623722043682239,0.012776602470831677,0.012776602470831677,0.00016324157069766212
ARIMA_WF_w32_p1_d1_q0,100103,Huanuco,Chinchao,4,2023,0.6588038559905568,0.6499524575958364,-0.008851398394720378,0.008851398394720378,7.834725354205848e-05
ARIMA_WF_w32_p1_d1_q0,100103,Huanuco,Chinchao,5,2024,0.6457122871445122,0.6577909515922334,0.01207866444772121,0.01207866444772121,0.00014589413484064433
ARIMA_WF_w32_p1_d1_q0,100113,Huanuco,San Pablo De Pillao,1,2020,0.6673147557699998,0.7104849306084724,0.04317017483847263,0.04317017483847263,0.0018636639955842953
ARIMA_WF_w32_p1_d1_q0,100113,Huanuco,San Pablo De Pillao,2,2021,0.670824247451122,0.6810117332270944,0.010187485775972394,0.010187485775972394,0.00010378486643563984
ARIMA_WF_w32_p1_d1_q0,100113,Huanuco,San Pablo De Pillao,3,2022,0.66408917468231,0.6700117081408106,0.0059225334585005784,0.0059225334585005784,3.5076402567058825e-05
ARIMA_WF_w32_p1_d1_q0,100113,Huanuco,San Pablo De Pillao,4,2023,0.6617064067175328,0.6656300097320849,0.0039236030145520795,0.0039236030145520795,1.5394660615802166e-05
ARIMA_WF_w32_p1_d1_q0,100113,Huanuco,San Pablo De Pillao,5,2024,0.6585655528750035,0.6622544963747534,0.003688943499749908,0.003688943499749908,1.3608304144347102e-05
ARIMA_WF_w32_p1_d1_q0,100505,Huanuco,Jircan,1,2020,0.6996753246753247,0.721142725703594,0.021467401028269273,0.021467401028269273,0.0004608493069085366
ARIMA_WF_w32_p1_d1_q0,100505,Huanuco,Jircan,2,2021,0.7141156110404402,0.7169190603567929,0.0028034493163526797,0.0028034493163526797,7.859328069358306e-06
ARIMA_WF_w32_p1_d1_q0,100505,Huanuco,Jircan,3,2022,0.697205129722214,0.7062219958061273,0.009016866083913277,0.009016866083913277,8.130387397522557e-05
ARIMA_WF_w32_p1_d1_q0,100505,Huanuco,Jircan,4,2023,0.7262927846640831,0.7071454927448949,-0.01914729191918818,0.01914729191918818,0.000366618787838609
ARIMA_WF_w32_p1_d1_q0,100505,Huanuco,Jircan,5,2024,0.7219921308759577,0.7066864550100707,-0.015305675865887047,0.015305675865887047,0.00023426371371159722
ARIMA_WF_w32_p1_d1_q0,100507,Huanuco,Monzon,1,2020,0.7007421880402489,0.7054858052901418,0.0047436172498929174,0.0047436172498929174,2.2501904613481647e-05
ARIMA_WF_w32_p1_d1_q0,100507,Huanuco,Monzon,2,2021,0.6982250603821457,0.6986670411219866,0.00044198073984091923,0.00044198073984091923,1.9534697439032633e-07
ARIMA_WF_w32_p1_d1_q0,100507,Huanuco,Monzon,3,2022,0.693855291563096,0.6970366872645634,0.00318139570146736,0.00318139570146736,1.0121278609314996e-05
ARIMA_WF_w32_p1_d1_q0,100507,Huanuco,Monzon,4,2023,0.7037383494834356,0.6916602721834626,-0.012078077299973011,0.012078077299973011,0.00014587995126412334
ARIMA_WF_w32_p1_d1_q0,100507,Huanuco,Monzon,5,2024,0.6952081533813373,0.7070641250831539,0.011855971701816514,0.011855971701816514,0.000140564064994274
ARIMA_WF_w32_p1_d1_q0,100601,Huanuco,Rupa-Rupa,1,2020,0.6205881655642372,0.6265566950919146,0.0059685295276773465,0.0059685295276773465,3.562334472275637e-05
ARIMA_WF_w32_p1_d1_q0,100601,Huanuco,Rupa-Rupa,2,2021,0.6173130526964644,0.6181784663309385,0.0008654136344741215,0.0008654136344741215,7.489407587337083e-07
ARIMA_WF_w32_p1_d1_q0,100601,Huanuco,Rupa-Rupa,3,2022,0.6174214328534124,0.615697006378714,-0.0017244264746983928,0.0017244264746983928,2.973646666640727e-06
ARIMA_WF_w32_p1_d1_q0,100601,Huanuco,Rupa-Rupa,4,2023,0.6159583007346142,0.6174739958539581,0.0015156951193439072,0.0015156951193439072,2.297331694802941e-06
ARIMA_WF_w32_p1_d1_q0,100601,Huanuco,Rupa-Rupa,5,2024,0.5999383587857359,0.6152793946141002,0.015341035828364324,0.015341035828364324,0.00023534738028715787
ARIMA_WF_w32_p1_d1_q0,100605,Huanuco,Luyando,1,2020,0.3667928592925821,0.3782770006886784,0.011484141396096326,0.011484141396096326,0.00013188550360553327
ARIMA_WF_w32_p1_d1_q0,100605,Huanuco,Luyando,2,2021,0.3682184663635932,0.36425687280920993,-0.003961593554383247,0.003961593554383247,1.5694223490130888e-05
ARIMA_WF_w32_p1_d1_q0,100605,Huanuco,Luyando,3,2022,0.3719567249053555,0.36886073230380334,-0.0030959926015521333,0.0030959926015521333,9.585170188865546e-06
ARIMA_WF_w32_p1_d1_q0,100605,Huanuco,Luyando,4,2023,0.3726616084015777,0.3737443762655483,0.0010827678639706018,0.0010827678639706018,1.1723862472474596e-06
ARIMA_WF_w32_p1_d1_q0,100605,Huanuco,Luyando,5,2024,0.3534951133357621,0.37299924710837346,0.019504133772611343,0.019504133772611343,0.00038041123421991835
ARIMA_WF_w32_p1_d1_q0,100606,Huanuco,Mariano Damaso Beraun,1,2020,0.8509629874773215,0.8574532484062832,0.006490260928961766,0.006490260928961766,4.212348692600765e-05
ARIMA_WF_w32_p1_d1_q0,100606,Huanuco,Mariano Damaso Beraun,2,2021,0.84799867622464,0.8493421536619189,0.001343477437278917,0.001343477437278917,1.8049316244775267e-06
ARIMA_WF_w32_p1_d1_q0,100606,Huanuco,Mariano Damaso Beraun,3,2022,0.8430416102781702,0.8468493308795082,0.0038077206013380493,0.0038077206013380493,1.4498736177854195e-05
ARIMA_WF_w32_p1_d1_q0,100606,Huanuco,Mariano Damaso Beraun,4,2023,0.8419246748181286,0.8409795068429696,-0.0009451679751589781,0.0009451679751589781,8.933425012661226e-07
ARIMA_WF_w32_p1_d1_q0,100606,Huanuco,Mariano Damaso Beraun,5,2024,0.8277177285433153,0.8414816824961995,0.013763953952884211,0.013763953952884211,0.0001894464284171169
ARIMA_WF_w32_p1_d1_q0,100608,Huanuco,Castillo Grande,1,2020,0.5205296332332163,0.5239657518432883,0.003436118610071981,0.003436118610071981,1.1806911102483003e-05
ARIMA_WF_w32_p1_d1_q0,100608,Huanuco,Castillo Grande,2,2021,0.5248445365709209,0.5200988001189703,-0.004745736451950644,0.004745736451950644,2.2522014471373087e-05
ARIMA_WF_w32_p1_d1_q0,100608,Huanuco,Castillo Grande,3,2022,0.5311392190871018,0.5270392969809392,-0.004099922106162612,0.004099922106162612,1.680936127660087e-05
ARIMA_WF_w32_p1_d1_q0,100608,Huanuco,Castillo Grande,4,2023,0.5307331105376708,0.5344034316015882,0.0036703210639174033,0.0036703210639174033,1.3471256712235779e-05
ARIMA_WF_w32_p1_d1_q0,100608,Huanuco,Castillo Grande,5,2024,0.5058251195059013,0.5305269406456613,0.02470182113976005,0.02470182113976005,0.0006101799676206964
ARIMA_WF_w32_p1_d1_q0,100609,Huanuco,Pueblo Nuevo,1,2020,0.6958375035498537,0.6986822085015503,0.0028447049516965306,0.0028447049516965306,8.09234626220676e-06
ARIMA_WF_w32_p1_d1_q0,100609,Huanuco,Pueblo Nuevo,2,2021,0.6908856299163751,0.6949532900211595,0.004067660104784321,0.004067660104784321,1.6545858728053992e-05
ARIMA_WF_w32_p1_d1_q0,100609,Huanuco,Pueblo Nuevo,3,2022,0.696901770377539,0.689025892540263,-0.007875877837275946,0.007875877837275946,6.202945170769444e-05
ARIMA_WF_w32_p1_d1_q0,100609,Huanuco,Pueblo Nuevo,4,2023,0.6933146948780091,0.6989089320761661,0.005594237198156993,0.005594237198156993,3.12954898292434e-05
ARIMA_WF_w32_p1_d1_q0,100609,Huanuco,Pueblo Nuevo,5,2024,0.6780785848008359,0.6923286822160066,0.014250097415170693,0.014250097415170693,0.00020306527634185445
ARIMA_WF_w32_p1_d1_q0,100804,Huanuco,Umari,1,2020,0.1879738884651622,0.231763254267276,0.04378936580211382,0.04378936580211382,0.001917508557351335
ARIMA_WF_w32_p1_d1_q0,100804,Huanuco,Umari,2,2021,0.1963805015927139,0.21887552192651927,0.022495020333805377,0.022495020333805377,0.0005060259398183174
ARIMA_WF_w32_p1_d1_q0,100804,Huanuco,Umari,3,2022,0.1896507245726591,0.19188993543063562,0.0022392108579765146,0.0022392108579765146,5.014065266479919e-06
ARIMA_WF_w32_p1_d1_q0,100804,Huanuco,Umari,4,2023,0.2097671497151061,0.19321125403578368,-0.01655589567932242,0.01655589567932242,0.00027409768174460673
ARIMA_WF_w32_p1_d1_q0,100804,Huanuco,Umari,5,2024,0.2132666337655345,0.19907520701850345,-0.014191426747031055,0.014191426747031055,0.00020139659311634844
ARIMA_WF_w32_p1_d1_q0,100901,Huanuco,Puerto Inca,1,2020,0.6642272323979114,0.6706086855954387,0.006381453197527365,0.006381453197527365,4.072294491223223e-05
ARIMA_WF_w32_p1_d1_q0,100901,Huanuco,Puerto Inca,2,2021,0.6464933855150087,0.6478669859612106,0.001373600446201939,0.001373600446201939,1.8867781858061662e-06
ARIMA_WF_w32_p1_d1_q0,100901,Huanuco,Puerto Inca,3,2022,0.6282767941633685,0.630537172670844,0.0022603785074755134,0.0022603785074755134,5.109310997057229e-06
ARIMA_WF_w32_p1_d1_q0,100901,Huanuco,Puerto Inca,4,2023,0.6187861412477837,0.6117084113172856,-0.007077729930498156,0.007077729930498156,5.0094260969069426e-05
ARIMA_WF_w32_p1_d1_q0,100901,Huanuco,Puerto Inca,5,2024,0.600651114519684,0.6104783450662824,0.009827230546598398,0.009827230546598398,9.657446021599665e-05
ARIMA_WF_w32_p1_d1_q0,100902,Huanuco,Codo Del Pozuzo,1,2020,0.7266625257202279,0.7354125596296168,0.008750033909388888,0.008750033909388888,7.656309341545539e-05
ARIMA_WF_w32_p1_d1_q0,100902,Huanuco,Codo Del Pozuzo,2,2021,0.7152311613604294,0.712842701109237,-0.002388460251192437,0.002388460251192437,5.704742371526239e-06
ARIMA_WF_w32_p1_d1_q0,100902,Huanuco,Codo Del Pozuzo,3,2022,0.6996186445429629,0.706550747451287,0.006932102908324134,0.006932102908324134,4.805405073159591e-05
ARIMA_WF_w32_p1_d1_q0,100902,Huanuco,Codo Del Pozuzo,4,2023,0.6923842962401355,0.6871514291104064,-0.005232867129729146,0.005232867129729146,2.7382898397399754e-05
ARIMA_WF_w32_p1_d1_q0,100902,Huanuco,Codo Del Pozuzo,5,2024,0.6740932927334595,0.6868476737102608,0.01275438097680126,0.01275438097680126,0.00016267423410138988
ARIMA_WF_w32_p1_d1_q0,100903,Huanuco,Honoria,1,2020,0.4278262440371602,0.4392423670323437,0.01141612299518352,0.01141612299518352,0.00013032786424115793
ARIMA_WF_w32_p1_d1_q0,100903,Huanuco,Honoria,2,2021,0.4163712599272028,0.415319247319739,-0.0010520126074637925,0.0010520126074637925,1.1067305262627677e-06
ARIMA_WF_w32_p1_d1_q0,100903,Huanuco,Honoria,3,2022,0.398931786882544,0.40888927259151914,0.009957485708975145,0.009957485708975145,9.915152164444423e-05
ARIMA_WF_w32_p1_d1_q0,100903,Huanuco,Honoria,4,2023,0.3628479351324977,0.38703652316121734,0.02418858802871965,0.02418858802871965,0.0005850877908231195
ARIMA_WF_w32_p1_d1_q0,100903,Huanuco,Honoria,5,2024,0.3507942227846357,0.3364828862187644,-0.014311336565871302,0.014311336565871302,0.00020481435430164498
ARIMA_WF_w32_p1_d1_q0,100904,Huanuco,Tournavista,1,2020,0.5779380757077947,0.5829177713076517,0.004979695599857004,0.004979695599857004,2.4797368267235202e-05
ARIMA_WF_w32_p1_d1_q0,100904,Huanuco,Tournavista,2,2021,0.55587726757082,0.5609325674638461,0.005055299893026111,0.005055299893026111,2.5556057008429804e-05
ARIMA_WF_w32_p1_d1_q0,100904,Huanuco,Tournavista,3,2022,0.5343623608103693,0.5367796608824932,0.002417300072123929,0.002417300072123929,5.843339638690353e-06
ARIMA_WF_w32_p1_d1_q0,100904,Huanuco,Tournavista,4,2023,0.5072331932389404,0.5155858445029813,0.008352651264040833,0.008352651264040833,6.976678313868293e-05
ARIMA_WF_w32_p1_d1_q0,100904,Huanuco,Tournavista,5,2024,0.4849192208018865,0.4828017416688004,-0.0021174791330860754,0.0021174791330860754,4.483717879054957e-06
ARIMA_WF_w32_p1_d1_q0,100905,Huanuco,Yuyapichis,1,2020,0.6091182575888785,0.615314058766522,0.006195801177643512,0.006195801177643512,3.838795223288873e-05
ARIMA_WF_w32_p1_d1_q0,100905,Huanuco,Yuyapichis,2,2021,0.5911847088544524,0.585407692111674,-0.005777016742778418,0.005777016742778418,3.3373922446342164e-05
ARIMA_WF_w32_p1_d1_q0,100905,Huanuco,Yuyapichis,3,2022,0.5691707967991864,0.5748399121319211,0.005669115332734731,0.005669115332734731,3.213886865584802e-05
ARIMA_WF_w32_p1_d1_q0,100905,Huanuco,Yuyapichis,4,2023,0.5613270288556127,0.5487365249631425,-0.012590503892470184,0.012590503892470184,0.00015852078826630685
ARIMA_WF_w32_p1_d1_q0,100905,Huanuco,Yuyapichis,5,2024,0.54344808404226,0.5544651857795893,0.011017101737329282,0.011017101737329282,0.0001213765306906639
ARIMA_WF_w32_p1_d1_q0,120209,Junin,Mariscal Castilla,1,2020,0.3902123816641754,0.35084889850269,-0.03936348316148536,0.03936348316148536,0.0015494838066045413
ARIMA_WF_w32_p1_d1_q0,120209,Junin,Mariscal Castilla,2,2021,0.351831091180867,0.36740138813093787,0.015570296950070894,0.015570296950070894,0.000242434147113387
ARIMA_WF_w32_p1_d1_q0,120209,Junin,Mariscal Castilla,3,2022,0.3644899103139013,0.37084279717047164,0.006352886856570317,0.006352886856570317,4.035917141238388e-05
ARIMA_WF_w32_p1_d1_q0,120209,Junin,Mariscal Castilla,4,2023,0.356564524165421,0.3579609276346001,0.001396403469179075,0.001396403469179075,1.9499426487353558e-06
ARIMA_WF_w32_p1_d1_q0,120209,Junin,Mariscal Castilla,5,2024,0.3494799451918286,0.36046285947878665,0.010982914286958023,0.010982914286958023,0.00012062440623466666
ARIMA_WF_w32_p1_d1_q0,120302,Junin,Perene,1,2020,0.5873779747024782,0.5871515626980232,-0.0002264120044550566,0.0002264120044550566,5.1262395761356573e-08
ARIMA_WF_w32_p1_d1_q0,120302,Junin,Perene,2,2021,0.57921537520221,0.5869449190895399,0.007729543887329937,0.007729543887329937,5.9745848706159595e-05
ARIMA_WF_w32_p1_d1_q0,120302,Junin,Perene,3,2022,0.5696841961450105,0.5775332856174298,0.007849089472419246,0.007849089472419246,6.160820554604264e-05
ARIMA_WF_w32_p1_d1_q0,120302,Junin,Perene,4,2023,0.5572062132569662,0.5669338777703902,0.009727664513423995,0.009727664513423995,9.462745688572848e-05
ARIMA_WF_w32_p1_d1_q0,120302,Junin,Perene,5,2024,0.5440639628387073,0.5522663980121636,0.008202435173456313,0.008202435173456313,6.727994277475329e-05
ARIMA_WF_w32_p1_d1_q0,120303,Junin,Pichanaqui,1,2020,0.6235338723844114,0.6220691846919607,-0.0014646876924506724,0.0014646876924506724,2.1453100364164755e-06
ARIMA_WF_w32_p1_d1_q0,120303,Junin,Pichanaqui,2,2021,0.6170480316539529,0.6209334929132275,0.0038854612592745807,0.0038854612592745807,1.509680919732361e-05
ARIMA_WF_w32_p1_d1_q0,120303,Junin,Pichanaqui,3,2022,0.6084595528116606,0.6131400716433477,0.004680518831687075,0.004680518831687075,2.190725653377734e-05
ARIMA_WF_w32_p1_d1_q0,120303,Junin,Pichanaqui,4,2023,0.5979025867108753,0.602982358643322,0.005079771932446686,0.005079771932446686,2.580408288567314e-05
ARIMA_WF_w32_p1_d1_q0,120303,Junin,Pichanaqui,5,2024,0.5880488535044439,0.5906809477642345,0.002632094259790607,0.002632094259790607,6.927920192422664e-06
ARIMA_WF_w32_p1_d1_q0,120304,Junin,San Luis De Shuaro,1,2020,0.6637352707624063,0.6590467617001403,-0.004688509062266033,0.004688509062266033,2.1982117226950715e-05
ARIMA_WF_w32_p1_d1_q0,120304,Junin,San Luis De Shuaro,2,2021,0.6560774363140168,0.6600434768959885,0.003966040581971697,0.003966040581971697,1.57294778978464e-05
ARIMA_WF_w32_p1_d1_q0,120304,Junin,San Luis De Shuaro,3,2022,0.6427469628791267,0.6587556642955361,0.01600870141640942,0.01600870141640942,0.000256278521039749
ARIMA_WF_w32_p1_d1_q0,120304,Junin,San Luis De Shuaro,4,2023,0.628280136179845,0.6467107248852793,0.018430588705434237,0.018430588705434237,0.00033968660002888006
ARIMA_WF_w32_p1_d1_q0,120304,Junin,San Luis De Shuaro,5,2024,0.5973749783225782,0.6311881068676002,0.03381312854502194,0.03381312854502194,0.0011433276620021777
ARIMA_WF_w32_p1_d1_q0,120601,Junin,Satipo,1,2020,0.6774614812830716,0.6818712723157115,0.0044097910326399425,0.0044097910326399425,1.944625695155165e-05
ARIMA_WF_w32_p1_d1_q0,120601,Junin,Satipo,2,2021,0.6688019638279585,0.6752862567583913,0.0064842929304327335,0.0064842929304327335,4.2046054807659926e-05
ARIMA_WF_w32_p1_d1_q0,120601,Junin,Satipo,3,2022,0.6549811588263073,0.6642530884846051,0.009271929658297817,0.009271929658297817,8.596867958842267e-05
ARIMA_WF_w32_p1_d1_q0,120601,Junin,Satipo,4,2023,0.6294436502071292,0.6466544645831288,0.017210814375999584,0.017210814375999584,0.00029621213148511394
ARIMA_WF_w32_p1_d1_q0,120601,Junin,Satipo,5,2024,0.6126474134935721,0.609018381827951,-0.0036290316656211186,0.0036290316656211186,1.316987083008079e-05
ARIMA_WF_w32_p1_d1_q0,120602,Junin,Coviriali,1,2020,0.60569872762562,0.6011361530219405,-0.004562574603679592,0.004562574603679592,2.081708701414199e-05
ARIMA_WF_w32_p1_d1_q0,120602,Junin,Coviriali,2,2021,0.5973779742649702,0.6070044823946941,0.009626508129723876,0.009626508129723876,9.266965877163989e-05
ARIMA_WF_w32_p1_d1_q0,120602,Junin,Coviriali,3,2022,0.5809970526921141,0.595913046697704,0.01491599400558985,0.01491599400558985,0.00022248687717479234
ARIMA_WF_w32_p1_d1_q0,120602,Junin,Coviriali,4,2023,0.5661347135360506,0.5758337910567894,0.009699077520738841,0.009699077520738841,9.407210475330151e-05
ARIMA_WF_w32_p1_d1_q0,120602,Junin,Coviriali,5,2024,0.5460516857163396,0.5594224082909661,0.01337072257462657,0.01337072257462657,0.00017877622216762857
ARIMA_WF_w32_p1_d1_q0,120603,Junin,Llaylla,1,2020,0.6767776956744159,0.6654437183059394,-0.011333977368476522,0.011333977368476522,0.00012845904298913798
ARIMA_WF_w32_p1_d1_q0,120603,Junin,Llaylla,2,2021,0.6766270675836981,0.6753982209456489,-0.0012288466380491192,0.0012288466380491192,1.510064059844623e-06
ARIMA_WF_w32_p1_d1_q0,120603,Junin,Llaylla,3,2022,0.6652134371625078,0.6766450091731904,0.011431572010682567,0.011431572010682567,0.00013068083863542105
ARIMA_WF_w32_p1_d1_q0,120603,Junin,Llaylla,4,2023,0.656025123628716,0.6665364609340477,0.010511337305331714,0.010511337305331714,0.00011048821194645818
ARIMA_WF_w32_p1_d1_q0,120603,Junin,Llaylla,5,2024,0.6417580856022281,0.6558835407915196,0.014125455189291425,0.014125455189291425,0.00019952848430468005
ARIMA_WF_w32_p1_d1_q0,120604,Junin,Mazamari,1,2020,0.7869618370595345,0.7850910331187873,-0.0018708039407472343,0.0018708039407472343,3.4999073847153814e-06
ARIMA_WF_w32_p1_d1_q0,120604,Junin,Mazamari,2,2021,0.7836342041928035,0.7873525378006593,0.003718333607855784,0.003718333607855784,1.382600481930981e-05
ARIMA_WF_w32_p1_d1_q0,120604,Junin,Mazamari,3,2022,0.7771746815691493,0.7832283909420675,0.00605370937291827,0.00605370937291827,3.664739717175851e-05
ARIMA_WF_w32_p1_d1_q0,120604,Junin,Mazamari,4,2023,0.7606660838491036,0.7762984392693237,0.015632355420220123,0.015632355420220123,0.00024437053598408545
ARIMA_WF_w32_p1_d1_q0,120604,Junin,Mazamari,5,2024,0.7365834119904845,0.7572964891589394,0.02071307716845494,0.02071307716845494,0.0004290315657863693
ARIMA_WF_w32_p1_d1_q0,120607,Junin,Rio Negro,1,2020,0.5116514727389675,0.523607147481378,0.01195567474241055,0.01195567474241055,0.00014293815854631356
ARIMA_WF_w32_p1_d1_q0,120607,Junin,Rio Negro,2,2021,0.4943422532528899,0.5052403709530604,0.010898117700170518,0.010898117700170518,0.00011876896940676993
ARIMA_WF_w32_p1_d1_q0,120607,Junin,Rio Negro,3,2022,0.4782368096704528,0.4851369536414183,0.0069001439709655,0.0069001439709655,4.761198682005154e-05
ARIMA_WF_w32_p1_d1_q0,120607,Junin,Rio Negro,4,2023,0.4546967023726962,0.4683687091571832,0.01367200678448699,0.01367200678448699,0.00018692376951505828
ARIMA_WF_w32_p1_d1_q0,120607,Junin,Rio Negro,5,2024,0.4379085202180451,0.4377383001683429,-0.00017022004970218552,0.00017022004970218552,2.8974865320614507e-08
ARIMA_WF_w32_p1_d1_q0,120609,Junin,Vizcatán Del Ene,1,2020,0.7585939456030942,0.7534877208350408,-0.005106224768053447,0.005106224768053447,2.6073531381882475e-05
ARIMA_WF_w32_p1_d1_q0,120609,Junin,Vizcatán Del Ene,2,2021,0.7539951594754276,0.7416977115724888,-0.012297447902938852,0.012297447902938852,0.00015122722492549517
ARIMA_WF_w32_p1_d1_q0,120609,Junin,Vizcatán Del Ene,3,2022,0.7469905002546887,0.7501152310601258,0.0031247308054370704,0.0031247308054370704,9.763942606447402e-06
ARIMA_WF_w32_p1_d1_q0,120609,Junin,Vizcatán Del Ene,4,2023,0.742129830811867,0.7410352842700589,-0.0010945465418080724,0.0010945465418080724,1.1980321321840104e-06
ARIMA_WF_w32_p1_d1_q0,120609,Junin,Vizcatán Del Ene,5,2024,0.7316185252228167,0.7380166327492756,0.006398107526458974,0.006398107526458974,4.093577992013097e-05
ARIMA_WF_w32_p1_d1_q0,160101,Loreto,Iquitos,1,2020,0.5134002372756092,0.5205872729468932,0.007187035671283981,0.007187035671283981,5.1653481740308386e-05
ARIMA_WF_w32_p1_d1_q0,160101,Loreto,Iquitos,2,2021,0.5002260925374876,0.5118590145769913,0.011632922039503724,0.011632922039503724,0.00013532487517717146
ARIMA_WF_w32_p1_d1_q0,160101,Loreto,Iquitos,3,2022,0.5077114573001148,0.4934776950707112,-0.01423376222940359,0.01423376222940359,0.00020259998720319625
ARIMA_WF_w32_p1_d1_q0,160101,Loreto,Iquitos,4,2023,0.5507127992687244,0.5102826096329394,-0.04043018963578504,0.04043018963578504,0.00163460023398554
ARIMA_WF_w32_p1_d1_q0,160101,Loreto,Iquitos,5,2024,0.5545247680728164,0.5758943313722575,0.021369563299441174,0.021369563299441174,0.00045665823560882317
ARIMA_WF_w32_p1_d1_q0,160112,Loreto,Belen,1,2020,0.5367406247566269,0.5405767153569401,0.0038360906003132023,0.0038360906003132023,1.4715591093811305e-05
ARIMA_WF_w32_p1_d1_q0,160112,Loreto,Belen,2,2021,0.5371928717135241,0.5368168801285189,-0.0003759915850052309,0.0003759915850052309,1.4136967199474578e-07
ARIMA_WF_w32_p1_d1_q0,160112,Loreto,Belen,3,2022,0.5417126086724844,0.5371776568093689,-0.004534951863115477,0.004534951863115477,2.056578840077454e-05
ARIMA_WF_w32_p1_d1_q0,160112,Loreto,Belen,4,2023,0.5596631238377868,0.5414532114708048,-0.018209912366981995,0.018209912366981995,0.0003316009084131638
ARIMA_WF_w32_p1_d1_q0,160112,Loreto,Belen,5,2024,0.5613546094348826,0.5596529361124717,-0.0017016733224108904,0.0017016733224108904,2.8956920962049182e-06
ARIMA_WF_w32_p1_d1_q0,160211,Loreto,Teniente Cesar Lopez Rojas,1,2020,0.7889779389087833,0.7915614998193785,0.002583560910595195,0.002583560910595195,6.674786978755474e-06
ARIMA_WF_w32_p1_d1_q0,160211,Loreto,Teniente Cesar Lopez Rojas,2,2021,0.7833593031383286,0.7885528899577551,0.005193586819426499,0.005193586819426499,2.6973344050920658e-05
ARIMA_WF_w32_p1_d1_q0,160211,Loreto,Teniente Cesar Lopez Rojas,3,2022,0.7727247016614839,0.7821104963260005,0.009385794664516611,0.009385794664516611,8.809314148446848e-05
ARIMA_WF_w32_p1_d1_q0,160211,Loreto,Teniente Cesar Lopez Rojas,4,2023,0.7527025880470661,0.7686865573594981,0.015983969312431956,0.015983969312431956,0.0002554872749807665
ARIMA_WF_w32_p1_d1_q0,160211,Loreto,Teniente Cesar Lopez Rojas,5,2024,0.7325767747791668,0.7370077932408152,0.004431018461648395,0.004431018461648395,1.963392460746891e-05
ARIMA_WF_w32_p1_d1_q0,160503,Loreto,Capelo,1,2020,0.7554360387590008,0.7586786615109475,0.0032426227519467554,0.0032426227519467554,1.0514602311442749e-05
ARIMA_WF_w32_p1_d1_q0,160503,Loreto,Capelo,2,2021,0.7583418526091208,0.7539624911609353,-0.004379361448185515,0.004379361448185515,1.917880669385353e-05
ARIMA_WF_w32_p1_d1_q0,160503,Loreto,Capelo,3,2022,0.7430871633034047,0.759408147384961,0.016320984081556245,0.016320984081556245,0.00026637452139041234
ARIMA_WF_w32_p1_d1_q0,160503,Loreto,Capelo,4,2023,0.7359065250244466,0.7377115618209091,0.0018050367964624892,0.0018050367964624892,3.2581578365835654e-06
ARIMA_WF_w32_p1_d1_q0,160503,Loreto,Capelo,5,2024,0.7223675437816695,0.732561451012587,0.01019390723091751,0.01019390723091751,0.00010391574463255228
ARIMA_WF_w32_p1_d1_q0,160603,Loreto,Padre Marquez,1,2020,0.8489635243443651,0.8558676931259518,0.006904168781586728,0.006904168781586728,4.766754656463677e-05
ARIMA_WF_w32_p1_d1_q0,160603,Loreto,Padre Marquez,2,2021,0.8423531977536667,0.8490625505069339,0.006709352753267228,0.006709352753267228,4.501541436777454e-05
ARIMA_WF_w32_p1_d1_q0,160603,Loreto,Padre Marquez,3,2022,0.8218922995838104,0.8413969430798198,0.019504643496009444,0.019504643496009444,0.0003804311179064235
ARIMA_WF_w32_p1_d1_q0,160603,Loreto,Padre Marquez,4,2023,0.8138832851716555,0.8107563692871544,-0.0031269158845010914,0.0031269158845010914,9.777602948745243e-06
ARIMA_WF_w32_p1_d1_q0,160603,Loreto,Padre Marquez,5,2024,0.7825643821674573,0.8101744999554633,0.02761011778800604,0.02761011778800604,0.0007623186042675675
ARIMA_WF_w32_p1_d1_q0,170102,Madre De Dios,Inambari,1,2020,0.8478175829478117,0.8407220637949226,-0.007095519152889085,0.007095519152889085,5.034639204901584e-05
ARIMA_WF_w32_p1_d1_q0,170102,Madre De Dios,Inambari,2,2021,0.8411440777450233,0.8474051307641921,0.006261053019168794,0.006261053019168794,3.920078490884267e-05
ARIMA_WF_w32_p1_d1_q0,170102,Madre De Dios,Inambari,3,2022,0.8289204640856406,0.8368897093860964,0.00796924530045584,0.00796924530045584,6.35088706588375e-05
ARIMA_WF_w32_p1_d1_q0,170102,Madre De Dios,Inambari,4,2023,0.8187924554623257,0.8202696263114956,0.0014771708491698732,0.0014771708491698732,2.1820337176372443e-06
ARIMA_WF_w32_p1_d1_q0,170102,Madre De Dios,Inambari,5,2024,0.7961427708008171,0.8114181610388791,0.015275390238062014,0.015275390238062014,0.00023333754692508028
ARIMA_WF_w32_p1_d1_q0,170204,Madre De Dios,Huepetuhe,1,2020,0.8092381784585945,0.8019225848305712,-0.007315593628023254,0.007315593628023254,5.351791013037443e-05
ARIMA_WF_w32_p1_d1_q0,170204,Madre De Dios,Huepetuhe,2,2021,0.8052862674813119,0.8116478948036426,0.0063616273223306985,0.0063616273223306985,4.047030218822445e-05
ARIMA_WF_w32_p1_d1_q0,170204,Madre De Dios,Huepetuhe,3,2022,0.7968473982108246,0.8036210367662994,0.006773638555474748,0.006773638555474748,4.588217928021403e-05
ARIMA_WF_w32_p1_d1_q0,170204,Madre De Dios,Huepetuhe,4,2023,0.7871135427628699,0.7927112918273703,0.00559774906450039,0.00559774906450039,3.133479458911499e-05
ARIMA_WF_w32_p1_d1_q0,170204,Madre De Dios,Huepetuhe,5,2024,0.7681001929031553,0.7819632288663865,0.01386303596323113,0.01386303596323113,0.00019218376611783965
ARIMA_WF_w32_p1_d1_q0,200303,Piura,El Carmen De La Frontera,1,2020,0.5097815107821005,0.5066221355679429,-0.003159375214157656,0.003159375214157656,9.981651743833733e-06
ARIMA_WF_w32_p1_d1_q0,200303,Piura,El Carmen De La Frontera,2,2021,0.5007951841532611,0.5104518495656085,0.009656665412347443,0.009656665412347443,9.325118688602741e-05
ARIMA_WF_w32_p1_d1_q0,200303,Piura,El Carmen De La Frontera,3,2022,0.4958600258960227,0.49864896557965466,0.0027889396836319746,0.0027889396836319746,7.778184558937219e-06
ARIMA_WF_w32_p1_d1_q0,200303,Piura,El Carmen De La Frontera,4,2023,0.5164860046233213,0.49445678373757274,-0.022029220885748546,0.022029220885748546,0.00048528657283309994
ARIMA_WF_w32_p1_d1_q0,200303,Piura,El Carmen De La Frontera,5,2024,0.5125405896429467,0.520414065935794,0.007873476292847292,0.007873476292847292,6.199162893402835e-05
ARIMA_WF_w32_p1_d1_q0,200307,Piura,Sondor,1,2020,0.3248289301941775,0.30803013111193556,-0.016798799082241966,0.016798799082241966,0.00028219965060553354
ARIMA_WF_w32_p1_d1_q0,200307,Piura,Sondor,2,2021,0.3176877226761883,0.3238018842380091,0.006114161561820819,0.006114161561820819,3.738297160404719e-05
ARIMA_WF_w32_p1_d1_q0,200307,Piura,Sondor,3,2022,0.3361557364499998,0.3183788320648479,-0.017776904385151893,0.017776904385151893,0.00031601832951883257
ARIMA_WF_w32_p1_d1_q0,200307,Piura,Sondor,4,2023,0.3486087360425981,0.33357206361150316,-0.015036672431094966,0.015036672431094966,0.0002261015178000514
ARIMA_WF_w32_p1_d1_q0,200307,Piura,Sondor,5,2024,0.345549330641541,0.3479212826161838,0.0023719519746428497,0.0023719519746428497,5.626156170012114e-06
ARIMA_WF_w32_p1_d1_q0,211205,Puno,Phara,1,2020,0.4768846631702123,0.4737860198701405,-0.0030986433000717573,0.0030986433000717573,9.60159030107959e-06
ARIMA_WF_w32_p1_d1_q0,211205,Puno,Phara,2,2021,0.4763628043089484,0.4773897359908275,0.0010269316818791174,0.0010269316818791174,1.0545886792470729e-06
ARIMA_WF_w32_p1_d1_q0,211205,Puno,Phara,3,2022,0.4793253569213538,0.4761910400375841,-0.0031343168837696944,0.0031343168837696944,9.823942327883768e-06
ARIMA_WF_w32_p1_d1_q0,211205,Puno,Phara,4,2023,0.4803229102061543,0.4803573844455926,3.447423943830907e-05,3.447423943830907e-05,1.1884731848498646e-09
ARIMA_WF_w32_p1_d1_q0,211205,Puno,Phara,5,2024,0.469414052856274,0.4806605033536643,0.011246450497390259,0.011246450497390259,0.0001264826487902496
ARIMA_WF_w32_p1_d1_q0,220101,San Martin,Moyobamba,1,2020,0.7150650226108247,0.7192549478233731,0.004189925212548351,0.004189925212548351,1.7555473286748345e-05
ARIMA_WF_w32_p1_d1_q0,220101,San Martin,Moyobamba,2,2021,0.709031731667291,0.7140806706470382,0.00504893897974712,0.00504893897974712,2.5491784821209886e-05
ARIMA_WF_w32_p1_d1_q0,220101,San Martin,Moyobamba,3,2022,0.7060309164111845,0.7062535567664036,0.00022264035521901704,0.00022264035521901704,4.9568727772050085e-08
ARIMA_WF_w32_p1_d1_q0,220101,San Martin,Moyobamba,4,2023,0.6941648505891479,0.7046447312748666,0.010479880685718701,0.010479880685718701,0.00010982789918689987
ARIMA_WF_w32_p1_d1_q0,220101,San Martin,Moyobamba,5,2024,0.6824468632427669,0.6884353810199463,0.005988517777179347,0.005988517777179347,3.586234516759307e-05
ARIMA_WF_w32_p1_d1_q0,220102,San Martin,Calzada,1,2020,0.1931102226246844,0.19907618588287065,0.005965963258186241,0.005965963258186241,3.559271759802819e-05
ARIMA_WF_w32_p1_d1_q0,220102,San Martin,Calzada,2,2021,0.1876232647015939,0.1918440868514955,0.004220822149901604,0.004220822149901604,1.78153396211e-05
ARIMA_WF_w32_p1_d1_q0,220102,San Martin,Calzada,3,2022,0.1836480979824877,0.18523548689958103,0.001587388917093313,0.001587388917093313,2.5198035741106814e-06
ARIMA_WF_w32_p1_d1_q0,220102,San Martin,Calzada,4,2023,0.1644015378830318,0.1820610899836136,0.017659552100581788,0.017659552100581788,0.00031185978039316263
ARIMA_WF_w32_p1_d1_q0,220102,San Martin,Calzada,5,2024,0.148669700481164,0.15549407912550034,0.006824378644336326,0.006824378644336326,4.657214388127372e-05
ARIMA_WF_w32_p1_d1_q0,220106,San Martin,Yantalo,1,2020,0.3353433407856914,0.3432442122537343,0.007900871468042914,0.007900871468042914,6.242376995453459e-05
ARIMA_WF_w32_p1_d1_q0,220106,San Martin,Yantalo,2,2021,0.321877994251038,0.33075334548216273,0.008875351231124706,0.008875351231124706,7.877185947582683e-05
ARIMA_WF_w32_p1_d1_q0,220106,San Martin,Yantalo,3,2022,0.325685084637496,0.31311992443039,-0.012565160207106019,0.012565160207106019,0.00015788325103024056
ARIMA_WF_w32_p1_d1_q0,220106,San Martin,Yantalo,4,2023,0.3097157457681252,0.3278561428846472,0.01814039711652199,0.01814039711652199,0.0003290740075451193
ARIMA_WF_w32_p1_d1_q0,220106,San Martin,Yantalo,5,2024,0.2957266049185563,0.3006399463480375,0.004913341429481188,0.004913341429481188,2.4140924002656248e-05
ARIMA_WF_w32_p1_d1_q0,220201,San Martin,Bellavista,1,2020,0.1799941833609908,0.19435684102527148,0.014362657664280687,0.014362657664280687,0.00020628593518132076
ARIMA_WF_w32_p1_d1_q0,220201,San Martin,Bellavista,2,2021,0.1755324790857612,0.17793883936225266,0.002406360276491465,0.002406360276491465,5.7905697802760795e-06
ARIMA_WF_w32_p1_d1_q0,220201,San Martin,Bellavista,3,2022,0.1865088190512035,0.17476112186494192,-0.011747697186261591,0.011747697186261591,0.0001380083891800985
ARIMA_WF_w32_p1_d1_q0,220201,San Martin,Bellavista,4,2023,0.1812327853146972,0.18833541208339397,0.007102626768696774,0.007102626768696774,5.044730701540797e-05
ARIMA_WF_w32_p1_d1_q0,220201,San Martin,Bellavista,5,2024,0.1615451730450105,0.1804473296515766,0.01890215660656608,0.01890215660656608,0.00035729152437914967
ARIMA_WF_w32_p1_d1_q0,220203,San Martin,Bajo Biavo,1,2020,0.523597772021913,0.5436318951206212,0.020034123098708112,0.020034123098708112,0.0004013660883341899
ARIMA_WF_w32_p1_d1_q0,220203,San Martin,Bajo Biavo,2,2021,0.5058841290153282,0.5040303536137739,-0.0018537754015542918,0.0018537754015542918,3.4364832394077756e-06
ARIMA_WF_w32_p1_d1_q0,220203,San Martin,Bajo Biavo,3,2022,0.4932772571240682,0.4902632746445708,-0.0030139824794974124,0.0030139824794974124,9.08409038671737e-06
ARIMA_WF_w32_p1_d1_q0,220203,San Martin,Bajo Biavo,4,2023,0.4901409519413397,0.48225378913151984,-0.007887162809819881,0.007887162809819881,6.220733718860584e-05
ARIMA_WF_w32_p1_d1_q0,220203,San Martin,Bajo Biavo,5,2024,0.4676027104379366,0.4874622119426167,0.019859501504680077,0.019859501504680077,0.00039439980001439027
ARIMA_WF_w32_p1_d1_q0,220204,San Martin,Huallaga,1,2020,0.4978598393754952,0.5202258427122652,0.022366003336770024,0.022366003336770024,0.0005002381052604079
ARIMA_WF_w32_p1_d1_q0,220204,San Martin,Huallaga,2,2021,0.4757627241805278,0.485611234009663,0.00984850982913521,0.00984850982913521,9.699314585457284e-05
ARIMA_WF_w32_p1_d1_q0,220204,San Martin,Huallaga,3,2022,0.4629425218946909,0.4588110668000965,-0.004131455094594394,0.004131455094594394,1.7068921198649974e-05
ARIMA_WF_w32_p1_d1_q0,220204,San Martin,Huallaga,4,2023,0.466904500738762,0.45343133135663266,-0.013473169382129335,0.013473169382129335,0.00018152629319954737
ARIMA_WF_w32_p1_d1_q0,220204,San Martin,Huallaga,5,2024,0.4480115710543708,0.4698652123573928,0.02185364130302203,0.02185364130302203,0.00047758163820115044
ARIMA_WF_w32_p1_d1_q0,220205,San Martin,San Pablo,1,2020,0.2642164528448212,0.2678996625973898,0.0036832097525685836,0.0036832097525685836,1.3566034081416327e-05
ARIMA_WF_w32_p1_d1_q0,220205,San Martin,San Pablo,2,2021,0.2545938320327148,0.2645374504989105,0.00994361846619568,0.00994361846619568,9.887554820126774e-05
ARIMA_WF_w32_p1_d1_q0,220205,San Martin,San Pablo,3,2022,0.2590684017316635,0.24898866038761241,-0.010079741344051096,0.010079741344051096,0.000101601185562973
ARIMA_WF_w32_p1_d1_q0,220205,San Martin,San Pablo,4,2023,0.2558285479587646,0.2615602563441674,0.005731708385402823,0.005731708385402823,3.2852481015297035e-05
ARIMA_WF_w32_p1_d1_q0,220205,San Martin,San Pablo,5,2024,0.2409813440546132,0.25405337250127297,0.013072028446659778,0.013072028446659778,0.00017087792771028245
ARIMA_WF_w32_p1_d1_q0,220301,San Martin,San Jose De Sisa,1,2020,0.3535785136578666,0.3585649023335329,0.004986388675666309,0.004986388675666309,2.4864072024813205e-05
ARIMA_WF_w32_p1_d1_q0,220301,San Martin,San Jose De Sisa,2,2021,0.3351280847890495,0.3551971018816832,0.0200690170926337,0.0200690170926337,0.00040276544706442365
ARIMA_WF_w32_p1_d1_q0,220301,San Martin,San Jose De Sisa,3,2022,0.3242386462775223,0.324946680869204,0.0007080345916816722,0.0007080345916816722,5.013129830178322e-07
ARIMA_WF_w32_p1_d1_q0,220301,San Martin,San Jose De Sisa,4,2023,0.3118375855506192,0.3181721132258263,0.006334527675207091,0.006334527675207091,4.012624086796455e-05
ARIMA_WF_w32_p1_d1_q0,220301,San Martin,San Jose De Sisa,5,2024,0.2961426280344016,0.30471442521781744,0.00857179718341583,0.00857179718341583,7.347570695361556e-05
ARIMA_WF_w32_p1_d1_q0,220302,San Martin,Agua Blanca,1,2020,0.3455616758665216,0.35977937529016746,0.014217699423645869,0.014217699423645869,0.00020214297690114008
ARIMA_WF_w32_p1_d1_q0,220302,San Martin,Agua Blanca,2,2021,0.3318985825049586,0.34457691630008613,0.012678333795127561,0.012678333795127561,0.00016074014782067363
ARIMA_WF_w32_p1_d1_q0,220302,San Martin,Agua Blanca,3,2022,0.3296941072456855,0.32375787766900593,-0.0059362295766795525,0.0059362295766795525,3.52388215870451e-05
ARIMA_WF_w32_p1_d1_q0,220302,San Martin,Agua Blanca,4,2023,0.3165952199531185,0.32843131846432355,0.01183609851120504,0.01183609851120504,0.00014009322796695016
ARIMA_WF_w32_p1_d1_q0,220302,San Martin,Agua Blanca,5,2024,0.2872274215782647,0.30925096470991764,0.022023543131652945,0.022023543131652945,0.00048503645207177763
ARIMA_WF_w32_p1_d1_q0,220303,San Martin,San Martin,1,2020,0.7448397920556521,0.7577869269126492,0.012947134856997056,0.012947134856997056,0.00016762830100526817
ARIMA_WF_w32_p1_d1_q0,220303,San Martin,San Martin,2,2021,0.7251274051672054,0.7438262884064851,0.018698883239279707,0.018698883239279707,0.00034964823439621553
ARIMA_WF_w32_p1_d1_q0,220303,San Martin,San Martin,3,2022,0.7045582547966808,0.7124571702275562,0.007898915430875397,0.007898915430875397,6.239286498412146e-05
ARIMA_WF_w32_p1_d1_q0,220303,San Martin,San Martin,4,2023,0.6793997876864997,0.6904964838186871,0.011096696132187445,0.011096696132187445,0.00012313666505010378
ARIMA_WF_w32_p1_d1_q0,220303,San Martin,San Martin,5,2024,0.6580984629458327,0.6608532346065933,0.0027547716607605466,0.0027547716607605466,7.58876690292942e-06
ARIMA_WF_w32_p1_d1_q0,220304,San Martin,Santa Rosa,1,2020,0.3669703848086291,0.38624154081387074,0.019271156005241652,0.019271156005241652,0.0003713774537783614
ARIMA_WF_w32_p1_d1_q0,220304,San Martin,Santa Rosa,2,2021,0.3501940256491574,0.3649894497017388,0.014795424052581385,0.014795424052581385,0.00021890457289570377
ARIMA_WF_w32_p1_d1_q0,220304,San Martin,Santa Rosa,3,2022,0.3417167617493309,0.3404797978547431,-0.001236963894587828,0.001236963894587828,1.5300796765138874e-06
ARIMA_WF_w32_p1_d1_q0,220304,San Martin,Santa Rosa,4,2023,0.3291344923797272,0.3367802146998245,0.0076457223200973035,0.0076457223200973035,5.845706979603409e-05
ARIMA_WF_w32_p1_d1_q0,220304,San Martin,Santa Rosa,5,2024,0.302986462746719,0.321593235628376,0.01860677288165702,0.01860677288165702,0.000346211997069567
ARIMA_WF_w32_p1_d1_q0,220305,San Martin,Shatoja,1,2020,0.3582181479624722,0.36805765580961997,0.009839507847147766,0.009839507847147766,9.681591467408246e-05
ARIMA_WF_w32_p1_d1_q0,220305,San Martin,Shatoja,2,2021,0.3286972713600229,0.3551366276601548,0.02643935630013189,0.02643935630013189,0.0006990395615653238
ARIMA_WF_w32_p1_d1_q0,220305,San Martin,Shatoja,3,2022,0.3187996848814725,0.31194050357278785,-0.006859181308684625,0.006859181308684625,4.704836822540853e-05
ARIMA_WF_w32_p1_d1_q0,220305,San Martin,Shatoja,4,2023,0.3109073981236124,0.31393856731235037,0.00303116918873797,0.00303116918873797,9.187986650754403e-06
ARIMA_WF_w32_p1_d1_q0,220305,San Martin,Shatoja,5,2024,0.3010384587839289,0.3068842479645148,0.005845789180585925,0.005845789180585925,3.417325114385546e-05
ARIMA_WF_w32_p1_d1_q0,220401,San Martin,Saposoa,1,2020,0.6072256464322885,0.6201637830030375,0.012938136570749048,0.012938136570749048,0.00016739537792335394
ARIMA_WF_w32_p1_d1_q0,220401,San Martin,Saposoa,2,2021,0.6000618385304732,0.6033751074246986,0.0033132688942253408,0.0033132688942253408,1.0977750765441213e-05
ARIMA_WF_w32_p1_d1_q0,220401,San Martin,Saposoa,3,2022,0.5926665585337172,0.5969061633343661,0.0042396048006488884,0.0042396048006488884,1.79742488656851e-05
ARIMA_WF_w32_p1_d1_q0,220401,San Martin,Saposoa,4,2023,0.5851259748861225,0.5892842814751614,0.004158306589038929,0.004158306589038929,1.7291513688444575e-05
ARIMA_WF_w32_p1_d1_q0,220401,San Martin,Saposoa,5,2024,0.5671674573888597,0.58155796645928,0.014390509070420388,0.014390509070420388,0.00020708675130585145
ARIMA_WF_w32_p1_d1_q0,220403,San Martin,El Eslabon,1,2020,0.4029776356917556,0.4140545720465958,0.011076936354840194,0.011076936354840194,0.00012269851900918038
ARIMA_WF_w32_p1_d1_q0,220403,San Martin,El Eslabon,2,2021,0.3985061980675984,0.4009752077538479,0.002469009686249468,0.002469009686249468,6.096008830793697e-06
ARIMA_WF_w32_p1_d1_q0,220403,San Martin,El Eslabon,3,2022,0.3935078712966457,0.3968422998116013,0.0033344285149555786,0.0033344285149555786,1.1118413521348864e-05
ARIMA_WF_w32_p1_d1_q0,220403,San Martin,El Eslabon,4,2023,0.3767471003296617,0.391612680863121,0.014865580533459322,0.014865580533459322,0.00022098548459676472
ARIMA_WF_w32_p1_d1_q0,220403,San Martin,El Eslabon,5,2024,0.3564333876836102,0.3698564068582677,0.013423019174657491,0.013423019174657491,0.00018017744376322268
ARIMA_WF_w32_p1_d1_q0,220404,San Martin,Piscoyacu,1,2020,0.3987249571611285,0.4134325014028505,0.014707544241721993,0.014707544241721993,0.00021631185762220975
ARIMA_WF_w32_p1_d1_q0,220404,San Martin,Piscoyacu,2,2021,0.387722651022454,0.39464956561404924,0.0069269145915952235,0.0069269145915952235,4.798214575925482e-05
ARIMA_WF_w32_p1_d1_q0,220404,San Martin,Piscoyacu,3,2022,0.36994513661526,0.3819089371905839,0.011963800575323869,0.011963800575323869,0.00014313252420611973
ARIMA_WF_w32_p1_d1_q0,220404,San Martin,Piscoyacu,4,2023,0.3545774630499301,0.3604274753477172,0.005850012297787088,0.005850012297787088,3.422264388426017e-05
ARIMA_WF_w32_p1_d1_q0,220404,San Martin,Piscoyacu,5,2024,0.3424492476654667,0.34600862719178194,0.003559379526315243,0.003559379526315243,1.2669182612352122e-05
ARIMA_WF_w32_p1_d1_q0,220405,San Martin,Sacanche,1,2020,0.3772073268435089,0.3877158592601411,0.010508532416632244,0.010508532416632244,0.0001104292535514107
ARIMA_WF_w32_p1_d1_q0,220405,San Martin,Sacanche,2,2021,0.3649483630936049,0.3751886247437246,0.010240261650119709,0.010240261650119709,0.00010486295866291241
ARIMA_WF_w32_p1_d1_q0,220405,San Martin,Sacanche,3,2022,0.3496493519321312,0.35994943114959416,0.010300079217462954,0.010300079217462954,0.00010609163188601226
ARIMA_WF_w32_p1_d1_q0,220405,San Martin,Sacanche,4,2023,0.3251808114841358,0.34322461174420676,0.018043800260070963,0.018043800260070963,0.000325578727825337
ARIMA_WF_w32_p1_d1_q0,220405,San Martin,Sacanche,5,2024,0.3092617184499051,0.3131480372410177,0.0038863187911126196,0.0038863187911126196,1.5103473746155053e-05
ARIMA_WF_w32_p1_d1_q0,220501,San Martin,Lamas,1,2020,0.4863276556889722,0.48860704001745514,0.0022793843284829585,0.0022793843284829585,5.195592916933707e-06
ARIMA_WF_w32_p1_d1_q0,220501,San Martin,Lamas,2,2021,0.4735718355886008,0.49394343449197586,0.020371598903375088,0.020371598903375088,0.00041500204187999305
ARIMA_WF_w32_p1_d1_q0,220501,San Martin,Lamas,3,2022,0.458914313567991,0.4688143924345196,0.009900078866528605,0.009900078866528605,9.801156156348631e-05
ARIMA_WF_w32_p1_d1_q0,220501,San Martin,Lamas,4,2023,0.4386409353352694,0.45232416664515174,0.01368323130988236,0.01368323130988236,0.00018723081907974493
ARIMA_WF_w32_p1_d1_q0,220501,San Martin,Lamas,5,2024,0.4195072051847122,0.4294514686778895,0.009944263493177341,0.009944263493177341,9.888837642173961e-05
ARIMA_WF_w32_p1_d1_q0,220502,San Martin,Alonso De Alvarado,1,2020,0.5448829290974816,0.5603614621166593,0.015478533019177676,0.015478533019177676,0.00023958498442577358
ARIMA_WF_w32_p1_d1_q0,220502,San Martin,Alonso De Alvarado,2,2021,0.527762528311509,0.547966141336216,0.020203613024706968,0.020203613024706968,0.000408185979252109
ARIMA_WF_w32_p1_d1_q0,220502,San Martin,Alonso De Alvarado,3,2022,0.5124570640027599,0.5184484986983641,0.0059914346956041475,0.0059914346956041475,3.589728971168917e-05
ARIMA_WF_w32_p1_d1_q0,220502,San Martin,Alonso De Alvarado,4,2023,0.4873989410370637,0.5040120412350461,0.016613100197982344,0.016613100197982344,0.000275995098188201
ARIMA_WF_w32_p1_d1_q0,220502,San Martin,Alonso De Alvarado,5,2024,0.4704975325863594,0.4727971341623952,0.0022996015760358146,0.0022996015760358146,5.288167408506403e-06
ARIMA_WF_w32_p1_d1_q0,220503,San Martin,Barranquita,1,2020,0.6822344607104468,0.6878545947290791,0.005620134018632261,0.005620134018632261,3.158590638738761e-05
ARIMA_WF_w32_p1_d1_q0,220503,San Martin,Barranquita,2,2021,0.6784903573580665,0.68047102202041,0.0019806646623434787,0.0019806646623434787,3.923032504656206e-06
ARIMA_WF_w32_p1_d1_q0,220503,San Martin,Barranquita,3,2022,0.6663369390463336,0.6764411989034836,0.010104259857150022,0.010104259857150022,0.00010209606726081338
ARIMA_WF_w32_p1_d1_q0,220503,San Martin,Barranquita,4,2023,0.6581066350890139,0.659372286806079,0.0012656517170650528,0.0012656517170650528,1.6018742689097163e-06
ARIMA_WF_w32_p1_d1_q0,220503,San Martin,Barranquita,5,2024,0.6310163034480208,0.6533025011372801,0.022286197689259213,0.022286197689259213,0.0004966746074447426
ARIMA_WF_w32_p1_d1_q0,220504,San Martin,Caynarachi,1,2020,0.7807769331585845,0.7834332618119959,0.002656328653411366,0.002656328653411366,7.056081914934242e-06
ARIMA_WF_w32_p1_d1_q0,220504,San Martin,Caynarachi,2,2021,0.780681869812145,0.7800726181057008,-0.0006092517064442138,0.0006092517064442138,3.7118764180518645e-07
ARIMA_WF_w32_p1_d1_q0,220504,San Martin,Caynarachi,3,2022,0.7709861074705111,0.7806396301177723,0.009653522647261159,0.009653522647261159,9.31904995011841e-05
ARIMA_WF_w32_p1_d1_q0,220504,San Martin,Caynarachi,4,2023,0.7615587592835299,0.766683405606433,0.005124646322903104,0.005124646322903104,2.62619999348443e-05
ARIMA_WF_w32_p1_d1_q0,220504,San Martin,Caynarachi,5,2024,0.747415989515072,0.7567777567056513,0.00936176719057924,0.00936176719057924,8.764268493060591e-05
ARIMA_WF_w32_p1_d1_q0,220505,San Martin,Cuñumbuqui,1,2020,0.3374020626603831,0.33941820869965356,0.002016146039270472,0.002016146039270472,4.0648448516660125e-06
ARIMA_WF_w32_p1_d1_q0,220505,San Martin,Cuñumbuqui,2,2021,0.3226346242035731,0.3388533040766518,0.016218679873078734,0.016218679873078734,0.0002630455768254092
ARIMA_WF_w32_p1_d1_q0,220505,San Martin,Cuñumbuqui,3,2022,0.3152045585379894,0.3144318023440038,-0.0007727561939855909,0.0007727561939855909,5.971521353430962e-07
ARIMA_WF_w32_p1_d1_q0,220505,San Martin,Cuñumbuqui,4,2023,0.309242943145118,0.3111590034509616,0.00191606030584357,0.00191606030584357,3.6712870956293546e-06
ARIMA_WF_w32_p1_d1_q0,220505,San Martin,Cuñumbuqui,5,2024,0.2994077413185805,0.3060888978941858,0.006681156575605307,0.006681156575605307,4.4637853187754034e-05
ARIMA_WF_w32_p1_d1_q0,220506,San Martin,Pinto Recodo,1,2020,0.7941040065818105,0.8009475217933996,0.006843515211589102,0.006843515211589102,4.683370045125143e-05
ARIMA_WF_w32_p1_d1_q0,220506,San Martin,Pinto Recodo,2,2021,0.7839612842154081,0.7939041628315525,0.009942878616144402,0.009942878616144402,9.886083517538161e-05
ARIMA_WF_w32_p1_d1_q0,220506,San Martin,Pinto Recodo,3,2022,0.7766441025771346,0.78035489564436,0.0037107930672254374,0.0037107930672254374,1.376998518776837e-05
ARIMA_WF_w32_p1_d1_q0,220506,San Martin,Pinto Recodo,4,2023,0.7632867121760316,0.7737689257520741,0.01048221357604251,0.01048221357604251,0.00010987680145376989
ARIMA_WF_w32_p1_d1_q0,220506,San Martin,Pinto Recodo,5,2024,0.7511332340132209,0.7573966954878857,0.006263461474664833,0.006263461474664833,3.923094964461056e-05
ARIMA_WF_w32_p1_d1_q0,220507,San Martin,Rumisapa,1,2020,0.2832593938746058,0.2930580923886799,0.009798698514074111,0.009798698514074111,9.60144925697182e-05
ARIMA_WF_w32_p1_d1_q0,220507,San Martin,Rumisapa,2,2021,0.2590731733390347,0.28065588231398525,0.02158270897495057,0.02158270897495057,0.00046581332669741194
ARIMA_WF_w32_p1_d1_q0,220507,San Martin,Rumisapa,3,2022,0.2297557325351435,0.25110870299135274,0.021352970456209236,0.021352970456209236,0.00045594934730374445
ARIMA_WF_w32_p1_d1_q0,220507,San Martin,Rumisapa,4,2023,0.2048479341493398,0.21856044740198977,0.013712513252649966,0.013712513252649966,0.00018803301970410095
ARIMA_WF_w32_p1_d1_q0,220507,San Martin,Rumisapa,5,2024,0.1848842802929071,0.19458176264073956,0.009697482347832465,0.009697482347832465,9.404116388652225e-05
ARIMA_WF_w32_p1_d1_q0,220510,San Martin,Tabalosos,1,2020,0.6001993283713989,0.6077489788482694,0.007549650476870506,0.007549650476870506,5.699722232291107e-05
ARIMA_WF_w32_p1_d1_q0,220510,San Martin,Tabalosos,2,2021,0.5865875571964415,0.603109957357581,0.016522400161139483,0.016522400161139483,0.000272989707084822
ARIMA_WF_w32_p1_d1_q0,220510,San Martin,Tabalosos,3,2022,0.5743529192278235,0.5823018118814038,0.007948892653580342,0.007948892653580342,6.318489441814352e-05
ARIMA_WF_w32_p1_d1_q0,220510,San Martin,Tabalosos,4,2023,0.5560009622748964,0.5701001524488876,0.014099190173991194,0.014099190173991194,0.00019878716356236983
ARIMA_WF_w32_p1_d1_q0,220510,San Martin,Tabalosos,5,2024,0.5390015906993185,0.5486979956818536,0.0096964049825351,0.0096964049825351,9.402026958533153e-05
ARIMA_WF_w32_p1_d1_q0,220511,San Martin,Zapatero,1,2020,0.1938869565660217,0.1972902564430942,0.0034032998770724965,0.0034032998770724965,1.158245005328167e-05
ARIMA_WF_w32_p1_d1_q0,220511,San Martin,Zapatero,2,2021,0.1849852571969832,0.19512851190039796,0.010143254703414761,0.010143254703414761,0.00010288561597834568
ARIMA_WF_w32_p1_d1_q0,220511,San Martin,Zapatero,3,2022,0.1884481608416892,0.18134179465580627,-0.007106366185882923,0.007106366185882923,5.05004403678602e-05
ARIMA_WF_w32_p1_d1_q0,220511,San Martin,Zapatero,4,2023,0.1871903120178034,0.1897681506715584,0.0025778386537549935,0.0025778386537549935,6.6452521247933574e-06
ARIMA_WF_w32_p1_d1_q0,220511,San Martin,Zapatero,5,2024,0.178502497873879,0.186712654384467,0.008210156510587985,0.008210156510587985,6.740666992835027e-05
ARIMA_WF_w32_p1_d1_q0,220601,San Martin,Juanjui,1,2020,0.4664424808923571,0.4789372273670567,0.012494746474699558,0.012494746474699558,0.00015611868946701705
ARIMA_WF_w32_p1_d1_q0,220601,San Martin,Juanjui,2,2021,0.4457228009614756,0.4633654398138107,0.01764263885233508,0.01764263885233508,0.00031126270567392324
ARIMA_WF_w32_p1_d1_q0,220601,San Martin,Juanjui,3,2022,0.4332446234055497,0.4335722612094732,0.0003276378039234751,0.0003276378039234751,1.073465305597975e-07
ARIMA_WF_w32_p1_d1_q0,220601,San Martin,Juanjui,4,2023,0.4354957286467013,0.42589873256952604,-0.009596996077175235,0.009596996077175235,9.210233370531685e-05
ARIMA_WF_w32_p1_d1_q0,220601,San Martin,Juanjui,5,2024,0.4154359237556996,0.4367439579543685,0.02130803419866889,0.02130803419866889,0.000454032321411643
ARIMA_WF_w32_p1_d1_q0,220605,San Martin,Pajarillo,1,2020,0.3333567603552317,0.34380810186785465,0.010451341512622947,0.010451341512622947,0.00010923053941347572
ARIMA_WF_w32_p1_d1_q0,220605,San Martin,Pajarillo,2,2021,0.3152320544131629,0.33069670823262715,0.015464653819464269,0.015464653819464269,0.0002391555177558708
ARIMA_WF_w32_p1_d1_q0,220605,San Martin,Pajarillo,3,2022,0.3056933519968607,0.30327827897726717,-0.002415073019593539,0.002415073019593539,5.832577689968654e-06
ARIMA_WF_w32_p1_d1_q0,220605,San Martin,Pajarillo,4,2023,0.3104666077086616,0.2996352068759562,-0.010831400832705396,0.010831400832705396,0.00011731924399873114
ARIMA_WF_w32_p1_d1_q0,220605,San Martin,Pajarillo,5,2024,0.2918167460257033,0.3135297537024868,0.021713007676783525,0.021713007676783525,0.00047145470237206026
ARIMA_WF_w32_p1_d1_q0,220701,San Martin,Picota,1,2020,0.3992403202091161,0.4019854405709598,0.0027451203618437114,0.0027451203618437114,7.535685801008949e-06
ARIMA_WF_w32_p1_d1_q0,220701,San Martin,Picota,2,2021,0.3986644339160268,0.39922187060647696,0.0005574366904501638,0.0005574366904501638,3.107356638600317e-07
ARIMA_WF_w32_p1_d1_q0,220701,San Martin,Picota,3,2022,0.3950457441594511,0.3983813062935987,0.003335562134147596,0.003335562134147596,1.1125974750759266e-05
ARIMA_WF_w32_p1_d1_q0,220701,San Martin,Picota,4,2023,0.3865504002613952,0.39341371695469673,0.0068633166933015355,0.0068633166933015355,4.7105116032551525e-05
ARIMA_WF_w32_p1_d1_q0,220701,San Martin,Picota,5,2024,0.3634250939388989,0.38251131876196676,0.019086224823067877,0.019086224823067877,0.0003642839779966924
ARIMA_WF_w32_p1_d1_q0,220702,San Martin,Buenos Aires,1,2020,0.3520505109872239,0.34966340629915815,-0.0023871046880657443,0.0023871046880657443,5.698268791785455e-06
ARIMA_WF_w32_p1_d1_q0,220702,San Martin,Buenos Aires,2,2021,0.3357251681892621,0.3553706468974343,0.01964547870817218,0.01964547870817218,0.00038594483367324653
ARIMA_WF_w32_p1_d1_q0,220702,San Martin,Buenos Aires,3,2022,0.3342472710257976,0.32903962168302603,-0.00520764934277157,0.00520764934277157,2.711961167726916e-05
ARIMA_WF_w32_p1_d1_q0,220702,San Martin,Buenos Aires,4,2023,0.333747981443546,0.3336410829826828,-0.00010689846086320287,0.00010689846086320287,1.1427280934921716e-08
ARIMA_WF_w32_p1_d1_q0,220702,San Martin,Buenos Aires,5,2024,0.3216851451363488,0.33354633461787847,0.011861189481529644,0.011861189481529644,0.00014068781591674946
ARIMA_WF_w32_p1_d1_q0,220704,San Martin,Pilluana,1,2020,0.5112911813211786,0.506599219280648,-0.004691962040530573,0.004691962040530573,2.201450778977982e-05
ARIMA_WF_w32_p1_d1_q0,220704,San Martin,Pilluana,2,2021,0.5091485189658083,0.516533023795698,0.0073845048298897265,0.0073845048298897265,5.4530911582664695e-05
ARIMA_WF_w32_p1_d1_q0,220704,San Martin,Pilluana,3,2022,0.5087719298245614,0.5082990705193795,-0.0004728593051819274,0.0004728593051819274,2.2359592249713517e-07
ARIMA_WF_w32_p1_d1_q0,220704,San Martin,Pilluana,4,2023,0.501447920318932,0.5086217061168214,0.007173785797889409,0.007173785797889409,5.146320267399979e-05
ARIMA_WF_w32_p1_d1_q0,220704,San Martin,Pilluana,5,2024,0.4919942342903892,0.4984136153237713,0.006419381033382132,0.006419381033382132,4.120845285174625e-05
ARIMA_WF_w32_p1_d1_q0,220705,San Martin,Pucacaca,1,2020,0.4758609225169735,0.4764335116529242,0.0005725891359507074,0.0005725891359507074,3.278583186087776e-07
ARIMA_WF_w32_p1_d1_q0,220705,San Martin,Pucacaca,2,2021,0.4807342339189473,0.4763210774788556,-0.0044131564400917145,0.0044131564400917145,1.9475949764722973e-05
ARIMA_WF_w32_p1_d1_q0,220705,San Martin,Pucacaca,3,2022,0.4854938055574998,0.48344779990784426,-0.002046005649655569,0.002046005649655569,4.186139118422507e-06
ARIMA_WF_w32_p1_d1_q0,220705,San Martin,Pucacaca,4,2023,0.4750866172044516,0.48811809710968135,0.013031479905229737,0.013031479905229737,0.00016981946852040643
ARIMA_WF_w32_p1_d1_q0,220705,San Martin,Pucacaca,5,2024,0.445457408833205,0.46931132832230593,0.023853919489100928,0.023853919489100928,0.0005690094749925091
ARIMA_WF_w32_p1_d1_q0,220706,San Martin,San Cristobal,1,2020,0.3861228344597586,0.3886880667135241,0.002565232253765537,0.002565232253765537,6.5804165157590165e-06
ARIMA_WF_w32_p1_d1_q0,220706,San Martin,San Cristobal,2,2021,0.3917893929108992,0.3856248343358832,-0.0061645585750160214,0.0061645585750160214,3.800178242480356e-05
ARIMA_WF_w32_p1_d1_q0,220706,San Martin,San Cristobal,3,2022,0.4098220346486438,0.39345992672459507,-0.01636210792404874,0.01636210792404874,0.0002677185757182186
ARIMA_WF_w32_p1_d1_q0,220706,San Martin,San Cristobal,4,2023,0.4261429035209397,0.41437008261503117,-0.011772820905908532,0.011772820905908532,0.00013859931208259698
ARIMA_WF_w32_p1_d1_q0,220706,San Martin,San Cristobal,5,2024,0.4205353717203317,0.43290219563363164,0.012366823913299962,0.012366823913299962,0.0001529383337025678
ARIMA_WF_w32_p1_d1_q0,220707,San Martin,San Hilarion,1,2020,0.3140235575281666,0.31129274267522133,-0.0027308148529452403,0.0027308148529452403,7.457349761066335e-06
ARIMA_WF_w32_p1_d1_q0,220707,San Martin,San Hilarion,2,2021,0.3142966882895186,0.309520938735541,-0.004775749553977637,0.004775749553977637,2.2807783802317603e-05
ARIMA_WF_w32_p1_d1_q0,220707,San Martin,San Hilarion,3,2022,0.3208176852167975,0.3144852235369594,-0.006332461679838086,0.006332461679838086,4.0100070926617795e-05
ARIMA_WF_w32_p1_d1_q0,220707,San Martin,San Hilarion,4,2023,0.3174632980539433,0.3257058613162304,0.008242563262287117,0.008242563262287117,6.793984913280524e-05
ARIMA_WF_w32_p1_d1_q0,220707,San Martin,San Hilarion,5,2024,0.3020740867190167,0.3150438016487224,0.012969714929705722,0.012969714929705722,0.00016821350535783152
ARIMA_WF_w32_p1_d1_q0,220708,San Martin,Shamboyacu,1,2020,0.5518028865177508,0.5752094798528286,0.023406593335077774,0.023406593335077774,0.0005478686115537073
ARIMA_WF_w32_p1_d1_q0,220708,San Martin,Shamboyacu,2,2021,0.5357739625516944,0.5323799696723808,-0.0033939928793136342,0.0033939928793136342,1.1519187664831653e-05
ARIMA_WF_w32_p1_d1_q0,220708,San Martin,Shamboyacu,3,2022,0.5237471821065746,0.5241755029591442,0.00042832085256960806,0.00042832085256960806,1.8345875274595593e-07
ARIMA_WF_w32_p1_d1_q0,220708,San Martin,Shamboyacu,4,2023,0.5107277796243411,0.5147454897709883,0.004017710146647202,0.004017710146647202,1.614199482247188e-05
ARIMA_WF_w32_p1_d1_q0,220708,San Martin,Shamboyacu,5,2024,0.4962160524393856,0.5009231633884366,0.004707110949050963,0.004707110949050963,2.215689348667546e-05
ARIMA_WF_w32_p1_d1_q0,220710,San Martin,Tres Unidos,1,2020,0.6648895512803618,0.6756916134132434,0.010802062132881596,0.010802062132881596,0.0001166845463226345
ARIMA_WF_w32_p1_d1_q0,220710,San Martin,Tres Unidos,2,2021,0.6512029673434082,0.6574035673399453,0.006200599996537104,0.006200599996537104,3.8447440317055935e-05
ARIMA_WF_w32_p1_d1_q0,220710,San Martin,Tres Unidos,3,2022,0.6378470466738391,0.6413357432257374,0.003488696551898318,0.003488696551898318,1.2171003631227215e-05
ARIMA_WF_w32_p1_d1_q0,220710,San Martin,Tres Unidos,4,2023,0.6259431690480013,0.6280384450137602,0.0020952759657588693,0.0020952759657588693,4.390181372686762e-06
ARIMA_WF_w32_p1_d1_q0,220710,San Martin,Tres Unidos,5,2024,0.6019796666051664,0.617154475558249,0.015174808953082541,0.015174808953082541,0.00023027482676255405
ARIMA_WF_w32_p1_d1_q0,220802,San Martin,Awajun,1,2020,0.5355809190581077,0.5345547744882445,-0.0010261445698631633,0.0010261445698631633,1.0529726782596564e-06
ARIMA_WF_w32_p1_d1_q0,220802,San Martin,Awajun,2,2021,0.5382086060261153,0.5361306082198689,-0.002077997806246401,0.002077997806246401,4.318074882764855e-06
ARIMA_WF_w32_p1_d1_q0,220802,San Martin,Awajun,3,2022,0.5366646642848862,0.5403746728652186,0.0037100085803323246,0.0037100085803323246,1.3764163666139471e-05
ARIMA_WF_w32_p1_d1_q0,220802,San Martin,Awajun,4,2023,0.5258711238982509,0.535370196403703,0.009499072505452122,0.009499072505452122,9.023237846383645e-05
ARIMA_WF_w32_p1_d1_q0,220802,San Martin,Awajun,5,2024,0.5191631449337984,0.5167274459505806,-0.0024356989832178266,0.0024356989832178266,5.9326295368483545e-06
ARIMA_WF_w32_p1_d1_q0,220803,San Martin,Elias Soplin Vargas,1,2020,0.6579222347659429,0.6612341735687736,0.0033119388028306496,0.0033119388028306496,1.0968938633695316e-05
ARIMA_WF_w32_p1_d1_q0,220803,San Martin,Elias Soplin Vargas,2,2021,0.6578644753078317,0.6572324006274365,-0.0006320746803951671,0.0006320746803951671,3.9951840159665265e-07
ARIMA_WF_w32_p1_d1_q0,220803,San Martin,Elias Soplin Vargas,3,2022,0.6580377536821654,0.6578433194161903,-0.0001944342659750964,0.0001944342659750964,3.7804683785274526e-08
ARIMA_WF_w32_p1_d1_q0,220803,San Martin,Elias Soplin Vargas,4,2023,0.6494578487227284,0.6580991845765598,0.008641335853831422,0.008641335853831422,7.467268533871244e-05
ARIMA_WF_w32_p1_d1_q0,220803,San Martin,Elias Soplin Vargas,5,2024,0.6291842789256741,0.6463292293923582,0.017144950466684072,0.017144950466684072,0.0002939493265050504
ARIMA_WF_w32_p1_d1_q0,220804,San Martin,Nueva Cajamarca,1,2020,0.5888559349108645,0.5882296689291996,-0.0006262659816649307,0.0006262659816649307,3.922090797907394e-07
ARIMA_WF_w32_p1_d1_q0,220804,San Martin,Nueva Cajamarca,2,2021,0.5891461310728205,0.5884497785265459,-0.0006963525462746478,0.0006963525462746478,4.849068687031855e-07
ARIMA_WF_w32_p1_d1_q0,220804,San Martin,Nueva Cajamarca,3,2022,0.5879800217247769,0.589346715687184,0.0013666939624070729,0.0013666939624070729,1.8678523868799455e-06
ARIMA_WF_w32_p1_d1_q0,220804,San Martin,Nueva Cajamarca,4,2023,0.5816675896147047,0.5871452039308797,0.005477614316174995,0.005477614316174995,3.0004258596765254e-05
ARIMA_WF_w32_p1_d1_q0,220804,San Martin,Nueva Cajamarca,5,2024,0.5762816553428042,0.5770846221774611,0.0008029668346569707,0.0008029668346569707,6.44755737559035e-07
ARIMA_WF_w32_p1_d1_q0,220806,San Martin,Posic,1,2020,0.3292907765430219,0.3436567637955088,0.01436598725248689,0.01436598725248689,0.0002063815897386158
ARIMA_WF_w32_p1_d1_q0,220806,San Martin,Posic,2,2021,0.3222881886300976,0.3237259059289187,0.001437717298821084,0.001437717298821084,2.067031031329394e-06
ARIMA_WF_w32_p1_d1_q0,220806,San Martin,Posic,3,2022,0.3258233115136753,0.3196592996060618,-0.006164011907613454,0.006164011907613454,3.799504279720045e-05
ARIMA_WF_w32_p1_d1_q0,220806,San Martin,Posic,4,2023,0.3040713113783596,0.32712195461272464,0.023050643234365065,0.023050643234365065,0.0005313321535179799
ARIMA_WF_w32_p1_d1_q0,220806,San Martin,Posic,5,2024,0.2794607669017777,0.2970543005820192,0.017593533680241524,0.017593533680241524,0.0003095324273577929
ARIMA_WF_w32_p1_d1_q0,220807,San Martin,San Fernando,1,2020,0.1658237133701401,0.1683077147410392,0.0024840013708991027,0.0024840013708991027,6.170262810628622e-06
ARIMA_WF_w32_p1_d1_q0,220807,San Martin,San Fernando,2,2021,0.159105826029883,0.16545200711165264,0.006346181081769653,0.006346181081769653,4.0274014322611044e-05
ARIMA_WF_w32_p1_d1_q0,220807,San Martin,San Fernando,3,2022,0.1475103921341518,0.15813098739376324,0.010620595259611454,0.010620595259611454,0.00011279704366848129
ARIMA_WF_w32_p1_d1_q0,220807,San Martin,San Fernando,4,2023,0.132401580376562,0.14480547543923888,0.01240389506267689,0.01240389506267689,0.0001538566127259001
ARIMA_WF_w32_p1_d1_q0,220807,San Martin,San Fernando,5,2024,0.1213080576039535,0.12676391479270188,0.005455857188748386,0.005455857188748386,2.9766377664017446e-05
ARIMA_WF_w32_p1_d1_q0,220808,San Martin,Yorongos,1,2020,0.4266312916589646,0.42910720126342516,0.002475909604460591,0.002475909604460591,6.1301283694602005e-06
ARIMA_WF_w32_p1_d1_q0,220808,San Martin,Yorongos,2,2021,0.4260115041264801,0.42882745264124505,0.0028159485147649654,0.0028159485147649654,7.929566037807016e-06
ARIMA_WF_w32_p1_d1_q0,220808,San Martin,Yorongos,3,2022,0.4283384257396675,0.4256876830522806,-0.002650742687386909,0.002650742687386909,7.026436794735172e-06
ARIMA_WF_w32_p1_d1_q0,220808,San Martin,Yorongos,4,2023,0.4121695825676601,0.4295819156306537,0.017412333062993557,0.017412333062993557,0.0003031893426966186
ARIMA_WF_w32_p1_d1_q0,220808,San Martin,Yorongos,5,2024,0.4044929159372383,0.40369992175634806,-0.0007929941808902385,0.0007929941808902385,6.288397709257804e-07
ARIMA_WF_w32_p1_d1_q0,220809,San Martin,Yuracyacu,1,2020,0.1502808988764045,0.1520320839713594,0.0017511850949548935,0.0017511850949548935,3.0666492367921794e-06
ARIMA_WF_w32_p1_d1_q0,220809,San Martin,Yuracyacu,2,2021,0.1431294427883513,0.14934202391095036,0.006212581122599065,0.006212581122599065,3.8596164204874254e-05
ARIMA_WF_w32_p1_d1_q0,220809,San Martin,Yuracyacu,3,2022,0.1386723228617289,0.1402094679577328,0.001537145096003889,0.001537145096003889,2.3628150461688054e-06
ARIMA_WF_w32_p1_d1_q0,220809,San Martin,Yuracyacu,4,2023,0.1295574409539096,0.1366391393019997,0.00708169834809011,0.00708169834809011,5.015045149334219e-05
ARIMA_WF_w32_p1_d1_q0,220809,San Martin,Yuracyacu,5,2024,0.1247420316441183,0.12602714115792973,0.0012851095138114305,0.0012851095138114305,1.6515064624886511e-06
ARIMA_WF_w32_p1_d1_q0,220902,San Martin,Alberto Leveau,1,2020,0.6091401907637412,0.6190739449861086,0.009933754222367419,0.009933754222367419,9.867947295040252e-05
ARIMA_WF_w32_p1_d1_q0,220902,San Martin,Alberto Leveau,2,2021,0.5906470870788444,0.6090882594612479,0.018441172382403503,0.018441172382403503,0.0003400768388375217
ARIMA_WF_w32_p1_d1_q0,220902,San Martin,Alberto Leveau,3,2022,0.6041995471076649,0.5881050493254449,-0.01609449778221994,0.01609449778221994,0.00025903285886188257
ARIMA_WF_w32_p1_d1_q0,220902,San Martin,Alberto Leveau,4,2023,0.5961538461538461,0.6054979519750512,0.00934410582120504,0.00934410582120504,8.731231359787791e-05
ARIMA_WF_w32_p1_d1_q0,220902,San Martin,Alberto Leveau,5,2024,0.5823955259726892,0.5954609288215602,0.013065402848871033,0.013065402848871033,0.0001707047516032873
ARIMA_WF_w32_p1_d1_q0,220906,San Martin,El Porvenir,1,2020,0.670344214080825,0.6801890282867277,0.009844814205902663,0.009844814205902663,9.69203667487429e-05
ARIMA_WF_w32_p1_d1_q0,220906,San Martin,El Porvenir,2,2021,0.6629443375331324,0.6610274961791353,-0.0019168413539971674,0.0019168413539971674,3.674280776393694e-06
ARIMA_WF_w32_p1_d1_q0,220906,San Martin,El Porvenir,3,2022,0.6372517337787299,0.6570319736539362,0.019780239875206274,0.019780239875206274,0.0003912578895207003
ARIMA_WF_w32_p1_d1_q0,220906,San Martin,El Porvenir,4,2023,0.61286082567808,0.6148622317699646,0.0020014060918845944,0.0020014060918845944,4.005626344632766e-06
ARIMA_WF_w32_p1_d1_q0,220906,San Martin,El Porvenir,5,2024,0.5942177117751716,0.5911579676137558,-0.003059744161415745,0.003059744161415745,9.36203433331774e-06
ARIMA_WF_w32_p1_d1_q0,220908,San Martin,Juan Guerra,1,2020,0.2865917630692296,0.27680240710831483,-0.009789355960914792,0.009789355960914792,9.583149012949797e-05
ARIMA_WF_w32_p1_d1_q0,220908,San Martin,Juan Guerra,2,2021,0.2870724278656172,0.2916888404714466,0.004616412605829401,0.004616412605829401,2.13112653472606e-05
ARIMA_WF_w32_p1_d1_q0,220908,San Martin,Juan Guerra,3,2022,0.2968336206537965,0.2872279876747824,-0.009605632979014067,0.009605632979014067,9.226818492752265e-05
ARIMA_WF_w32_p1_d1_q0,220908,San Martin,Juan Guerra,4,2023,0.2977117582625816,0.2998726443169844,0.0021608860544027886,0.0021608860544027886,4.6694285401124516e-06
ARIMA_WF_w32_p1_d1_q0,220908,San Martin,Juan Guerra,5,2024,0.2936261074932869,0.2979285104202899,0.004302402927003013,0.004302402927003013,1.8510670946284094e-05
ARIMA_WF_w32_p1_d1_q0,220909,San Martin,La Banda De Shilcayo,1,2020,0.7179674276651606,0.718825710088008,0.0008582824228473562,0.0008582824228473562,7.36648717368728e-07
ARIMA_WF_w32_p1_d1_q0,220909,San Martin,La Banda De Shilcayo,2,2021,0.7108772140258286,0.7178605761676412,0.00698336214181261,0.00698336214181261,4.8767346803701604e-05
ARIMA_WF_w32_p1_d1_q0,220909,San Martin,La Banda De Shilcayo,3,2022,0.7059627097410472,0.7093475550292313,0.0033848452881840574,0.0033848452881840574,1.1457177624941815e-05
ARIMA_WF_w32_p1_d1_q0,220909,San Martin,La Banda De Shilcayo,4,2023,0.7010915197313182,0.7046657370719712,0.0035742173406529965,0.0035742173406529965,1.2775029598224578e-05
ARIMA_WF_w32_p1_d1_q0,220909,San Martin,La Banda De Shilcayo,5,2024,0.6972965228632735,0.6996578513862117,0.002361328522938244,0.002361328522938244,5.57587239324171e-06
ARIMA_WF_w32_p1_d1_q0,220910,San Martin,Morales,1,2020,0.110057491411344,0.10747460631608402,-0.0025828850952599736,0.0025828850952599736,6.671295415316123e-06
ARIMA_WF_w32_p1_d1_q0,220910,San Martin,Morales,2,2021,0.1069024749351468,0.11048746978484945,0.0035849948497026496,0.0035849948497026496,1.2852188072394523e-05
ARIMA_WF_w32_p1_d1_q0,220910,San Martin,Morales,3,2022,0.1048692420949309,0.10657207310389244,0.0017028310089615417,0.0017028310089615417,2.899633445080982e-06
ARIMA_WF_w32_p1_d1_q0,220910,San Martin,Morales,4,2023,0.1050269929187407,0.10464647837077266,-0.0003805145479680305,0.0003805145479680305,1.447913212153146e-07
ARIMA_WF_w32_p1_d1_q0,220910,San Martin,Morales,5,2024,0.0945277992007291,0.10504548420663302,0.010517685005903929,0.010517685005903929,0.00011062169788341634
ARIMA_WF_w32_p1_d1_q0,220912,San Martin,San Antonio,1,2020,0.7783376458304961,0.7889903461316687,0.010652700301172602,0.010652700301172602,0.00011348002370660285
ARIMA_WF_w32_p1_d1_q0,220912,San Martin,San Antonio,2,2021,0.7660016342094512,0.776087795110968,0.010086160901516816,0.010086160901516816,0.00010173064173128652
ARIMA_WF_w32_p1_d1_q0,220912,San Martin,San Antonio,3,2022,0.7495460529302284,0.7631486067591122,0.013602553828883868,0.013602553828883868,0.00018502947066768318
ARIMA_WF_w32_p1_d1_q0,220912,San Martin,San Antonio,4,2023,0.7346792863952063,0.7451164967138428,0.010437210318636536,0.010437210318636536,0.00010893535923545299
ARIMA_WF_w32_p1_d1_q0,220912,San Martin,San Antonio,5,2024,0.7255776476462844,0.730111151613547,0.004533503967262598,0.004533503967262598,2.0552658221185713e-05
ARIMA_WF_w32_p1_d1_q0,220913,San Martin,Sauce,1,2020,0.6452354324260063,0.6481600429924569,0.0029246105664505473,0.0029246105664505473,8.553346965394191e-06
ARIMA_WF_w32_p1_d1_q0,220913,San Martin,Sauce,2,2021,0.6320174009528254,0.6449134429341401,0.012896041981314665,0.012896041981314665,0.00016630789878383027
ARIMA_WF_w32_p1_d1_q0,220913,San Martin,Sauce,3,2022,0.6290673406306965,0.6296347734733779,0.000567432842681459,0.000567432842681459,3.219800309535614e-07
ARIMA_WF_w32_p1_d1_q0,220913,San Martin,Sauce,4,2023,0.6163952904708648,0.6284699711938696,0.012074680723004771,0.012074680723004771,0.00014579791456250304
ARIMA_WF_w32_p1_d1_q0,220913,San Martin,Sauce,5,2024,0.5985980608857225,0.6137099701339792,0.015111909248256672,0.015111909248256672,0.00022836980112754554
ARIMA_WF_w32_p1_d1_q0,220914,San Martin,Shapaja,1,2020,0.6892116539092298,0.694638611271537,0.00542695736230725,0.00542695736230725,2.9451866212300862e-05
ARIMA_WF_w32_p1_d1_q0,220914,San Martin,Shapaja,2,2021,0.6752289054007106,0.6871880126169481,0.011959107216237497,0.011959107216237497,0.00014302024540946377
ARIMA_WF_w32_p1_d1_q0,220914,San Martin,Shapaja,3,2022,0.6723075831101248,0.6692282060953981,-0.003079377014726714,0.003079377014726714,9.48256279882721e-06
ARIMA_WF_w32_p1_d1_q0,220914,San Martin,Shapaja,4,2023,0.6692144183318577,0.6710755030473036,0.001861084715445882,0.001861084715445882,3.46363631806628e-06
ARIMA_WF_w32_p1_d1_q0,220914,San Martin,Shapaja,5,2024,0.6604915442288942,0.6678589308471855,0.007367386618291283,0.007367386618291283,5.427838558337747e-05
ARIMA_WF_w32_p1_d1_q0,221001,San Martin,Tocache,1,2020,0.6162956007522427,0.6137410840401684,-0.002554516712074295,0.002554516712074295,6.525555632266867e-06
ARIMA_WF_w32_p1_d1_q0,221001,San Martin,Tocache,2,2021,0.6148581104783809,0.6179088786982301,0.003050768219849176,0.003050768219849176,9.30718673124171e-06
ARIMA_WF_w32_p1_d1_q0,221001,San Martin,Tocache,3,2022,0.6148572312794367,0.6141653605425532,-0.000691870736883482,0.000691870736883482,4.786851165556923e-07
ARIMA_WF_w32_p1_d1_q0,221001,San Martin,Tocache,4,2023,0.6140386970623326,0.6148568087282257,0.0008181116658930732,0.0008181116658930732,6.693066978703394e-07
ARIMA_WF_w32_p1_d1_q0,221001,San Martin,Tocache,5,2024,0.6039235132086453,0.6136449913723515,0.009721478163706165,0.009721478163706165,9.45071376874158e-05
ARIMA_WF_w32_p1_d1_q0,221002,San Martin,Nuevo Progreso,1,2020,0.6973144095206546,0.7021987959663816,0.004884386445726974,0.004884386445726974,2.385723095120138e-05
ARIMA_WF_w32_p1_d1_q0,221002,San Martin,Nuevo Progreso,2,2021,0.6897875520077874,0.6962986685889825,0.0065111165811950755,0.0065111165811950755,4.239463913391345e-05
ARIMA_WF_w32_p1_d1_q0,221002,San Martin,Nuevo Progreso,3,2022,0.6870881320936156,0.6878180106938824,0.0007298786002667423,0.0007298786002667423,5.32722771127339e-07
ARIMA_WF_w32_p1_d1_q0,221002,San Martin,Nuevo Progreso,4,2023,0.6772488644318729,0.6863431473636333,0.0090942829317604,0.0090942829317604,8.270598204290854e-05
ARIMA_WF_w32_p1_d1_q0,221002,San Martin,Nuevo Progreso,5,2024,0.6710181144155242,0.6742523822141869,0.00323426779866276,0.00323426779866276,1.0460488193466855e-05
ARIMA_WF_w32_p1_d1_q0,221005,San Martin,Uchiza,1,2020,0.5566792570085992,0.5608926848258508,0.004213427817251536,0.004213427817251536,1.7752973971189045e-05
ARIMA_WF_w32_p1_d1_q0,221005,San Martin,Uchiza,2,2021,0.5523026841319186,0.5554012872035973,0.0030986030716786406,0.0030986030716786406,9.601340995816307e-06
ARIMA_WF_w32_p1_d1_q0,221005,San Martin,Uchiza,3,2022,0.548494801903648,0.5504660821405282,0.001971280236880202,0.001971280236880202,3.885945772314464e-06
ARIMA_WF_w32_p1_d1_q0,221005,San Martin,Uchiza,4,2023,0.5418771774769189,0.546852224673315,0.004975047196396076,0.004975047196396076,2.475109460636846e-05
ARIMA_WF_w32_p1_d1_q0,221005,San Martin,Uchiza,5,2024,0.5332618072930179,0.5388276221713724,0.0055658148783545025,0.0055658148783545025,3.097829526011235e-05
ARIMA_WF_w32_p1_d1_q0,221006,San Martin,Santa Lucia,1,2020,0.182824881859643,0.18674768011319368,0.0039227982535506856,0.0039227982535506856,1.5388346138060308e-05
ARIMA_WF_w32_p1_d1_q0,221006,San Martin,Santa Lucia,2,2021,0.1769483677998687,0.18167590193317845,0.004727534133309758,0.004727534133309758,2.234957898160884e-05
ARIMA_WF_w32_p1_d1_q0,221006,San Martin,Santa Lucia,3,2022,0.177307817874232,0.1742185962328415,-0.0030892216413904994,0.0030892216413904994,9.54329034963541e-06
ARIMA_WF_w32_p1_d1_q0,221006,San Martin,Santa Lucia,4,2023,0.1746135911700594,0.17744550434617587,0.002831913176116474,0.002831913176116474,8.019732237062096e-06
ARIMA_WF_w32_p1_d1_q0,221006,San Martin,Santa Lucia,5,2024,0.1692811987824865,0.17353571260224146,0.004254513819754946,0.004254513819754946,1.810088784248582e-05
ARIMA_WF_w32_p1_d1_q0,250102,Ucayali,Campoverde,1,2020,0.2482192292554717,0.2615070443360933,0.013287815080621573,0.013287815080621573,0.00017656602961679411
ARIMA_WF_w32_p1_d1_q0,250102,Ucayali,Campoverde,2,2021,0.2337295790056501,0.2334785356226983,-0.0002510433829518155,0.0002510433829518155,6.302278012389189e-08
ARIMA_WF_w32_p1_d1_q0,250102,Ucayali,Campoverde,3,2022,0.2124810715977239,0.22328382647273018,0.010802754875006287,0.010802754875006287,0.0001166995128894721
ARIMA_WF_w32_p1_d1_q0,250102,Ucayali,Campoverde,4,2023,0.182746636247807,0.1967741713767849,0.01402753512897792,0.01402753512897792,0.00019677174179470958
ARIMA_WF_w32_p1_d1_q0,250102,Ucayali,Campoverde,5,2024,0.1587664351898177,0.15960485605584734,0.0008384208660296433,0.0008384208660296433,7.029495485938971e-07
ARIMA_WF_w32_p1_d1_q0,250105,Ucayali,Yarinacocha,1,2020,0.2701689860170256,0.27680584577254735,0.006636859755521751,0.006636859755521751,4.404790741446424e-05
ARIMA_WF_w32_p1_d1_q0,250105,Ucayali,Yarinacocha,2,2021,0.2625254950213657,0.26676443569055336,0.004238940669187674,0.004238940669187674,1.7968617996893248e-05
ARIMA_WF_w32_p1_d1_q0,250105,Ucayali,Yarinacocha,3,2022,0.2491416954774339,0.25926845285774236,0.010126757380308465,0.010126757380308465,0.00010255121503963198
ARIMA_WF_w32_p1_d1_q0,250105,Ucayali,Yarinacocha,4,2023,0.2268933187997779,0.24270537999459882,0.015812061194820926,0.015812061194820926,0.00025002127922876176
ARIMA_WF_w32_p1_d1_q0,250105,Ucayali,Yarinacocha,5,2024,0.1846394586027725,0.21332770706698834,0.028688248464215832,0.028688248464215832,0.000823015599944582
ARIMA_WF_w32_p1_d1_q0,250106,Ucayali,Nueva Requena,1,2020,0.7304465280109362,0.7422958394492013,0.011849311438265064,0.011849311438265064,0.0001404061815609993
ARIMA_WF_w32_p1_d1_q0,250106,Ucayali,Nueva Requena,2,2021,0.6957867457578508,0.7131538494422659,0.017367103684415075,0.017367103684415075,0.00030161629038522367
ARIMA_WF_w32_p1_d1_q0,250106,Ucayali,Nueva Requena,3,2022,0.6512524440498282,0.6654372747901314,0.01418483074030319,0.01418483074030319,0.00020120942313105032
ARIMA_WF_w32_p1_d1_q0,250106,Ucayali,Nueva Requena,4,2023,0.6156661339918922,0.6105178044862205,-0.005148329505671678,0.005148329505671678,2.6505296698969587e-05
ARIMA_WF_w32_p1_d1_q0,250106,Ucayali,Nueva Requena,5,2024,0.5708956922038567,0.5823554342143933,0.011459742010536567,0.011459742010536567,0.00013132568694805666
ARIMA_WF_w32_p1_d1_q0,250302,Ucayali,Irazola,1,2020,0.7117497004163131,0.7148493613369205,0.0030996609206073167,0.0030996609206073167,9.607897822740198e-06
ARIMA_WF_w32_p1_d1_q0,250302,Ucayali,Irazola,2,2021,0.6837468560173523,0.7034602475328853,0.019713391515532974,0.019713391515532974,0.00038861780504468744
ARIMA_WF_w32_p1_d1_q0,250302,Ucayali,Irazola,3,2022,0.6615776631908061,0.6626866082520625,0.0011089450612563612,0.0011089450612563612,1.2297591488848747e-06
ARIMA_WF_w32_p1_d1_q0,250302,Ucayali,Irazola,4,2023,0.650188780050078,0.645334880208783,-0.0048538998412949175,0.0048538998412949175,2.3560343669322826e-05
ARIMA_WF_w32_p1_d1_q0,250302,Ucayali,Irazola,5,2024,0.6250830086667633,0.6418710393783582,0.01678803071159496,0.01678803071159496,0.00028183797517345556
ARIMA_WF_w32_p1_d1_q0,250304,Ucayali,Neshuya,1,2020,0.3336101290217445,0.3360441235838609,0.002433994562116404,0.002433994562116404,5.924329528412224e-06
ARIMA_WF_w32_p1_d1_q0,250304,Ucayali,Neshuya,2,2021,0.3085043822047768,0.3239593025842832,0.01545492037950641,0.01545492037950641,0.00023885456393688253
ARIMA_WF_w32_p1_d1_q0,250304,Ucayali,Neshuya,3,2022,0.2822012342442556,0.2889205386449452,0.00671930440068963,0.00671930440068963,4.5149051629127024e-05
ARIMA_WF_w32_p1_d1_q0,250304,Ucayali,Neshuya,4,2023,0.2618156569056037,0.2611761662873368,-0.0006394906182669025,0.0006394906182669025,4.0894825085138513e-07
ARIMA_WF_w32_p1_d1_q0,250304,Ucayali,Neshuya,5,2024,0.2356187871530902,0.24594268886026371,0.01032390170717351,0.01032390170717351,0.00010658294645938012
ARIMA_WF_w32_p1_d1_q0,250305,Ucayali,Alexander Von Humboldt,1,2020,0.2588474336953667,0.2641359501716951,0.0052885164763283865,0.0052885164763283865,2.7968406520396813e-05
ARIMA_WF_w32_p1_d1_q0,250305,Ucayali,Alexander Von Humboldt,2,2021,0.237405240659667,0.24688248565560078,0.009477244995933776,0.009477244995933776,8.98181727129518e-05
ARIMA_WF_w32_p1_d1_q0,250305,Ucayali,Alexander Von Humboldt,3,2022,0.210026732788346,0.22048535477787673,0.010458621989530736,0.010458621989530736,0.00010938277391989587
ARIMA_WF_w32_p1_d1_q0,250305,Ucayali,Alexander Von Humboldt,4,2023,0.1937933439231335,0.18694335176500948,-0.006849992158124013,0.006849992158124013,4.692239256636048e-05
ARIMA_WF_w32_p1_d1_q0,250305,Ucayali,Alexander Von Humboldt,5,2024,0.17695297870417,0.1802493414060602,0.003296362701890182,0.003296362701890182,1.0866007062412742e-05
ARIMA_WF_w32_p1_d1_q0,250306,Ucayali,Huipoca,1,2020,0.7033036477746314,0.7187094297424781,0.015405781967846699,0.015405781967846699,0.0002373381180408305
ARIMA_WF_w32_p1_d1_q0,250306,Ucayali,Huipoca,2,2021,0.675192466946301,0.6915696952396586,0.016377228293357637,0.016377228293357637,0.0002682136065727539
ARIMA_WF_w32_p1_d1_q0,250306,Ucayali,Huipoca,3,2022,0.6463355281778198,0.6588163121040971,0.012480783926277272,0.012480783926277272,0.00015576996741442113
ARIMA_WF_w32_p1_d1_q0,250306,Ucayali,Huipoca,4,2023,0.633915214210732,0.6272155717466437,-0.0066996424640883845,0.0066996424640883845,4.488520914661628e-05
ARIMA_WF_w32_p1_d1_q0,250306,Ucayali,Huipoca,5,2024,0.6053742491879774,0.6260485701509513,0.020674320962973836,0.020674320962973836,0.0004274275472800594
