modelo,window,p,d,q,rmse,mae
ARIMA_WF_w10_p1_d1_q0,10,1,1,0,0.0121,0.008635
ARIMA_WF_w10_p1_d1_q1,10,1,1,1,0.01235,0.008917
ARIMA_WF_w10_p0_d1_q1,10,0,1,1,0.01248,0.009174
ARIMA_WF_w10_p2_d1_q0,10,2,1,0,0.012711,0.009036
ARIMA_WF_w10_p1_d1_q2,10,1,1,2,0.012857,0.009329
ARIMA_WF_w10_p0_d1_q2,10,0,1,2,0.012873,0.009268
ARIMA_WF_w10_p2_d1_q1,10,2,1,1,0.012876,0.009263
ARIMA_WF_w10_p2_d1_q2,10,2,1,2,0.013283,0.00955
ARIMA_WF_w10_p0_d1_q0,10,0,1,0,0.013409,0.009766
