window,p,d,q,rmse,mae
30,1,1,0,0.011537,0.008302
30,1,1,1,0.01164,0.008384
30,2,1,1,0.011658,0.008476
30,2,1,0,0.011733,0.008397
30,1,1,2,0.011772,0.008464
30,2,1,2,0.011846,0.008527
30,0,1,1,0.011962,0.008806
30,0,1,2,0.012052,0.008775
30,0,1,0,0.013409,0.009766
