modelo,window,p,d,q,rmse,mae
ARIMA_WF_w25_p1_d1_q0,25,1,1,0,0.011549,0.008305
ARIMA_WF_w25_p1_d1_q1,25,1,1,1,0.011754,0.008473
ARIMA_WF_w25_p2_d1_q1,25,2,1,1,0.011785,0.008525
ARIMA_WF_w25_p2_d1_q0,25,2,1,0,0.011807,0.008422
ARIMA_WF_w25_p1_d1_q2,25,1,1,2,0.01188,0.008578
ARIMA_WF_w25_p0_d1_q1,25,0,1,1,0.011999,0.008799
ARIMA_WF_w25_p0_d1_q2,25,0,1,2,0.012073,0.008812
ARIMA_WF_w25_p2_d1_q2,25,2,1,2,0.012169,0.008768
ARIMA_WF_w25_p0_d1_q0,25,0,1,0,0.013409,0.009766
