window,p,d,q,rmse,mae
10,1,1,0,0.012098,0.008632
10,1,1,1,0.012411,0.008967
10,0,1,1,0.012467,0.009168
10,2,1,0,0.012712,0.009043
10,1,1,2,0.012804,0.00924
10,0,1,2,0.012816,0.009262
10,2,1,1,0.012887,0.009269
10,2,1,2,0.013253,0.009486
10,0,1,0,0.013409,0.009766
