modelo,window,p,d,q,rmse,mae
ARIMA_WF_w7_p1_d1_q0,7,1,1,0,0.01206,0.008624
ARIMA_WF_w7_p1_d1_q1,7,1,1,1,0.012641,0.009138
ARIMA_WF_w7_p0_d1_q1,7,0,1,1,0.012662,0.009234
ARIMA_WF_w7_p1_d1_q2,7,1,1,2,0.012665,0.009194
ARIMA_WF_w7_p0_d1_q2,7,0,1,2,0.012994,0.009348
ARIMA_WF_w7_p2_d1_q0,7,2,1,0,0.013087,0.009414
ARIMA_WF_w7_p2_d1_q1,7,2,1,1,0.013253,0.00951
ARIMA_WF_w7_p0_d1_q0,7,0,1,0,0.013409,0.009766
ARIMA_WF_w7_p2_d1_q2,7,2,1,2,0.013437,0.009551
