window,p,d,q,rmse,mae
15,1,1,0,0.011766,0.008429
15,1,1,1,0.011867,0.008565
15,0,1,1,0.012281,0.00902
15,2,1,1,0.012308,0.00888
15,2,1,0,0.012375,0.008816
15,1,1,2,0.012402,0.008984
15,0,1,2,0.012495,0.009108
15,2,1,2,0.012607,0.009021
15,0,1,0,0.013409,0.009766
