departamento,rmse,mae
Cajamarca,0.022961,0.014843
Loreto,0.013913,0.010713
Piura,0.012931,0.010038
Ucayali,0.011468,0.009954
Junin,0.012537,0.009703
Huanuco,0.013313,0.009201
San Martin,0.010802,0.008569
Madre De Dios,0.008411,0.007628
Amazonas,0.010045,0.007269
Cusco,0.008285,0.007021
Ayacucho,0.005756,0.004569
Puno,0.005455,0.00378
