window,p,d,q,rmse,mae
25,1,1,0,0.011549,0.008304
25,1,1,1,0.011761,0.008484
25,2,1,1,0.011763,0.008522
25,2,1,0,0.011815,0.008431
25,1,1,2,0.011923,0.008591
25,0,1,1,0.012,0.008799
25,0,1,2,0.01206,0.008814
25,2,1,2,0.012137,0.008747
25,0,1,0,0.013409,0.009766
