departamento,rmse,mae
Cajamarca,0.022659,0.01446
Loreto,0.013752,0.010352
Ucayali,0.011529,0.010109
Piura,0.01228,0.010002
Junin,0.0122,0.009412
Huanuco,0.012145,0.008748
San Martin,0.010547,0.008407
Madre De Dios,0.00832,0.007449
Amazonas,0.009741,0.007098
Cusco,0.008102,0.00691
Ayacucho,0.005692,0.004366
Puno,0.005394,0.003693
