window,p,d,q,rmse,mae
35,1,1,0,0.011547,0.008283
35,1,1,1,0.011658,0.008325
35,2,1,0,0.011692,0.00834
35,1,1,2,0.011713,0.008406
35,2,1,1,0.011735,0.008387
35,2,1,2,0.011805,0.008458
35,0,1,2,0.011968,0.008673
35,0,1,1,0.012003,0.0088
35,0,1,0,0.013409,0.009766
