departamento,rmse,mae
Cajamarca,0.022628,0.015397
Loreto,0.014096,0.010797
Piura,0.013436,0.01068
Ucayali,0.011799,0.010446
Huanuco,0.013323,0.009032
San Martin,0.011036,0.008705
Junin,0.012196,0.008588
Madre De Dios,0.008967,0.008418
Amazonas,0.010363,0.007287
Cusco,0.008451,0.006947
Ayacucho,0.005658,0.004591
Puno,0.005282,0.0038
