modelo,rmse,mae
ARIMA_WF_w5,0.013512537236060244,0.00960763199935113
