window,p,d,q,rmse,mae
5,1,1,0,0.012216,0.008677
5,0,1,1,0.012672,0.009176
5,1,1,1,0.012815,0.009201
5,0,1,2,0.012941,0.009317
5,1,1,2,0.01308,0.009285
5,0,1,0,0.013409,0.009766
5,2,1,0,0.013694,0.009844
5,2,1,1,0.014174,0.010201
5,2,1,2,0.014444,0.010253
