departamento,rmse,mae
Cajamarca,0.022007,0.014223
Loreto,0.013967,0.010375
Ucayali,0.011967,0.010138
Piura,0.012082,0.009816
Junin,0.012285,0.009337
Huanuco,0.012185,0.008989
San Martin,0.010342,0.008298
Madre De Dios,0.008321,0.00747
Amazonas,0.009404,0.00688
Cusco,0.007748,0.006495
Ayacucho,0.005502,0.004293
Puno,0.005372,0.003644
