modelo,window,p,d,q,rmse,mae
ARIMA_WF_w20_p1_d1_q0,20,1,1,0,0.011654,0.008378
ARIMA_WF_w20_p1_d1_q1,20,1,1,1,0.011859,0.008525
ARIMA_WF_w20_p2_d1_q0,20,2,1,0,0.011926,0.008518
ARIMA_WF_w20_p2_d1_q1,20,2,1,1,0.011938,0.008602
ARIMA_WF_w20_p0_d1_q2,20,0,1,2,0.01208,0.008785
ARIMA_WF_w20_p0_d1_q1,20,0,1,1,0.012131,0.008895
ARIMA_WF_w20_p1_d1_q2,20,1,1,2,0.012133,0.008775
ARIMA_WF_w20_p2_d1_q2,20,2,1,2,0.012349,0.008852
ARIMA_WF_w20_p0_d1_q0,20,0,1,0,0.013409,0.009766
