modelo,window,p,d,q,rmse,mae
ARIMA_WF_w30_p1_d1_q0,30,1,1,0,0.011536,0.008301
ARIMA_WF_w25_p1_d1_q0,25,1,1,0,0.011549,0.008305
ARIMA_WF_w35_p1_d1_q0,35,1,1,0,0.01155,0.008284
ARIMA_WF_wfull_p1_d1_q0,full,1,1,0,0.011586,0.008289
ARIMA_WF_w30_p2_d1_q1,30,2,1,1,0.011615,0.008428
