modelo,window,p,d,q,rmse,mae
ARIMA_WF_w5_p1_d1_q0,5,1,1,0,0.012213,0.008675
ARIMA_WF_w5_p0_d1_q1,5,0,1,1,0.012671,0.009173
ARIMA_WF_w5_p1_d1_q1,5,1,1,1,0.012897,0.009293
ARIMA_WF_w5_p0_d1_q2,5,0,1,2,0.012951,0.009343
ARIMA_WF_w5_p1_d1_q2,5,1,1,2,0.013087,0.009298
ARIMA_WF_w5_p0_d1_q0,5,0,1,0,0.013409,0.009766
ARIMA_WF_w5_p2_d1_q0,5,2,1,0,0.013625,0.009791
ARIMA_WF_w5_p2_d1_q1,5,2,1,1,0.014159,0.01017
ARIMA_WF_w5_p2_d1_q2,5,2,1,2,0.014425,0.010222
