departamento,rmse,mae
Cajamarca,0.022141,0.014304
Loreto,0.014309,0.010878
Ucayali,0.012623,0.010715
Piura,0.012001,0.00967
Junin,0.012167,0.009323
Huanuco,0.012134,0.008904
San Martin,0.010393,0.008277
Madre De Dios,0.008479,0.007586
Amazonas,0.009547,0.006974
Cusco,0.007965,0.006778
Ayacucho,0.005512,0.004321
Puno,0.00536,0.003643
