modelo,window,p,d,q,rmse,mae
ARIMA_WF_w4_p0_d1_q1,4,0,1,1,0.012548,0.009121
ARIMA_WF_w4_p1_d1_q0,4,1,1,0,0.012603,0.008931
ARIMA_WF_w4_p0_d1_q2,4,0,1,2,0.012632,0.009124
ARIMA_WF_w4_p1_d1_q2,4,1,1,2,0.01284,0.009212
ARIMA_WF_w4_p1_d1_q1,4,1,1,1,0.012931,0.009256
ARIMA_WF_w4_p0_d1_q0,4,0,1,0,0.013409,0.009766
ARIMA_WF_w4_p2_d1_q2,4,2,1,2,0.014392,0.010275
ARIMA_WF_w4_p2_d1_q1,4,2,1,1,0.01455,0.010286
ARIMA_WF_w4_p2_d1_q0,4,2,1,0,0.01528,0.010614
