modelo,window,p,d,q,rmse,mae
ARIMA_WF_w30_p1_d1_q0,30,1,1,0,0.011536,0.008301
ARIMA_WF_w30_p2_d1_q1,30,2,1,1,0.011615,0.008428
ARIMA_WF_w30_p1_d1_q1,30,1,1,1,0.011637,0.008374
ARIMA_WF_w30_p2_d1_q0,30,2,1,0,0.011735,0.008397
ARIMA_WF_w30_p1_d1_q2,30,1,1,2,0.011755,0.008447
ARIMA_WF_w30_p2_d1_q2,30,2,1,2,0.011861,0.008532
ARIMA_WF_w30_p0_d1_q1,30,0,1,1,0.011962,0.008806
ARIMA_WF_w30_p0_d1_q2,30,0,1,2,0.012055,0.008781
ARIMA_WF_w30_p0_d1_q0,30,0,1,0,0.013409,0.009766
