modelo,window,p,d,q,rmse,mae
ARIMA_WF_w15_p1_d1_q0,15,1,1,0,0.011764,0.008428
ARIMA_WF_w15_p1_d1_q1,15,1,1,1,0.011867,0.008568
ARIMA_WF_w15_p0_d1_q1,15,0,1,1,0.012277,0.009013
ARIMA_WF_w15_p2_d1_q1,15,2,1,1,0.012316,0.008889
ARIMA_WF_w15_p2_d1_q0,15,2,1,0,0.012373,0.008821
ARIMA_WF_w15_p1_d1_q2,15,1,1,2,0.012464,0.00902
ARIMA_WF_w15_p0_d1_q2,15,0,1,2,0.012489,0.009098
ARIMA_WF_w15_p2_d1_q2,15,2,1,2,0.012527,0.008959
ARIMA_WF_w15_p0_d1_q0,15,0,1,0,0.013409,0.009766
