modelo,window,p,d,q,rmse,mae
ARIMA_WF_w35_p1_d1_q0,35,1,1,0,0.01155,0.008284
ARIMA_WF_w35_p1_d1_q1,35,1,1,1,0.011665,0.008328
ARIMA_WF_w35_p2_d1_q0,35,2,1,0,0.011697,0.008346
ARIMA_WF_w35_p1_d1_q2,35,1,1,2,0.011718,0.008394
ARIMA_WF_w35_p2_d1_q1,35,2,1,1,0.011737,0.008387
ARIMA_WF_w35_p2_d1_q2,35,2,1,2,0.011813,0.008454
ARIMA_WF_w35_p0_d1_q2,35,0,1,2,0.011977,0.008672
ARIMA_WF_w35_p0_d1_q1,35,0,1,1,0.012004,0.0088
ARIMA_WF_w35_p0_d1_q0,35,0,1,0,0.013409,0.009766
