modelo,window,p,d,q,rmse,mae
ARIMA_WF_w3_p0_d1_q1,3,0,1,1,0.012623,0.009211
ARIMA_WF_w3_p0_d1_q2,3,0,1,2,0.012641,0.009094
ARIMA_WF_w3_p1_d1_q1,3,1,1,1,0.012988,0.009287
ARIMA_WF_w3_p2_d1_q1,3,2,1,1,0.013,0.009292
ARIMA_WF_w3_p2_d1_q2,3,2,1,2,0.013003,0.009285
ARIMA_WF_w3_p1_d1_q2,3,1,1,2,0.013012,0.009294
ARIMA_WF_w3_p2_d1_q0,3,2,1,0,0.01305,0.009244
ARIMA_WF_w3_p1_d1_q0,3,1,1,0,0.013067,0.009265
ARIMA_WF_w3_p0_d1_q0,3,0,1,0,0.013409,0.009766
