geocode,departamento,distrito,anio,pct_anp,tiene_anp
250305,Ucayali,Alexander Von Humboldt,1985,0.0,0
220509,San Martin,Shanao,1985,0.0,0
250304,Ucayali,Neshuya,1985,0.0,0
220501,San Martin,Lamas,1985,0.0,0
220902,San Martin,Alberto Leveau,1985,0.0,0
250102,Ucayali,Campoverde,1985,0.0,0
220702,San Martin,Buenos Aires,1985,0.0,0
220502,San Martin,Alonso De Alvarado,1985,0.0,0
220404,San Martin,Piscoyacu,1985,0.0,0
220708,San Martin,Shamboyacu,1985,0.0,0
220204,San Martin,Huallaga,1985,0.0,0
220605,San Martin,Pajarillo,1985,0.0,0
010703,Amazonas,Cumba,1985,0.0,0
220704,San Martin,Pilluana,1985,0.0,0
220104,San Martin,Jepelacio,1985,0.0,0
220505,San Martin,Cuñumbuqui,1985,0.0,0
220507,San Martin,Rumisapa,1985,0.0,0
220913,San Martin,Sauce,1985,0.0,0
010608,Amazonas,Milpuc,1985,0.0,0
220405,San Martin,Sacanche,1985,0.0,0
220709,San Martin,Tingo De Ponasa,1985,0.0,0
220304,San Martin,Santa Rosa,1985,0.0,0
100903,Huanuco,Honoria,1985,0.0,0
220203,San Martin,Bajo Biavo,1985,0.0,0
220710,San Martin,Tres Unidos,1985,0.0,0
220510,San Martin,Tabalosos,1985,0.0,0
100904,Huanuco,Tournavista,1985,0.0,0
010701,Amazonas,Bagua Grande,1985,0.0,0
220701,San Martin,Picota,1985,0.0,0
220403,San Martin,El Eslabon,1985,0.0,0
250105,Ucayali,Yarinacocha,1985,0.0,0
220914,San Martin,Shapaja,1985,0.0,0
010707,Amazonas,Yamon,1985,0.0,0
010705,Amazonas,Jamalca,1985,0.0,0
220205,San Martin,San Pablo,1985,0.0,0
220705,San Martin,Pucacaca,1985,0.0,0
220601,San Martin,Juanjui,1985,0.0,0
100905,Huanuco,Yuyapichis,1985,0.0,0
100608,Huanuco,Castillo Grande,1985,0.0,0
220302,San Martin,Agua Blanca,1985,0.0,0
250306,Ucayali,Huipoca,1985,0.0,0
010611,Amazonas,Totora,1985,0.0,0
010706,Amazonas,Lonya Grande,1985,0.0,0
220706,San Martin,San Cristobal,1985,0.0,0
010303,Amazonas,Churuja,1985,0.0,0
220301,San Martin,San Jose De Sisa,1985,0.0,0
010204,Amazonas,El Parco,1985,0.0,0
010306,Amazonas,Florida,1985,0.0,0
220303,San Martin,San Martin,1985,0.0,0
220106,San Martin,Yantalo,1985,0.0,0
220305,San Martin,Shatoja,1985,0.0,0
010104,Amazonas,Cheto,1985,0.0,0
160201,Loreto,Yurimaguas,1985,0.0,0
060901,Cajamarca,San Ignacio,1985,0.0,0
220511,San Martin,Zapatero,1985,0.0,0
060811,Cajamarca,San Jose Del Alto,1985,0.0,0
010206,Amazonas,La Peca,1985,0.0,0
220401,San Martin,Saposoa,1985,0.0,0
060902,Cajamarca,Chirinos,1985,0.0,0
220908,San Martin,Juan Guerra,1985,0.0,0
060904,Cajamarca,La Coipa,1985,0.0,0
220808,San Martin,Yorongos,1985,0.0,0
120607,Junin,Rio Negro,1985,0.0,0
060812,Cajamarca,Santa Rosa,1985,0.0,0
250106,Ucayali,Nueva Requena,1985,0.0,0
220802,San Martin,Awajun,1985,0.0,0
250302,Ucayali,Irazola,1985,0.0,0
010109,Amazonas,La Jalca,1985,0.0,0
220906,San Martin,El Porvenir,1985,0.0,0
220707,San Martin,San Hilarion,1985,0.0,0
220806,San Martin,Posic,1985,0.0,0
220406,San Martin,Tingo De Saposoa,1985,0.0,0
100901,Huanuco,Puerto Inca,1985,0.0,0
010105,Amazonas,Chiliquin,1985,0.0,0
220105,San Martin,Soritor,1985,0.0,0
220201,San Martin,Bellavista,1985,0.0,0
060803,Cajamarca,Chontali,1985,0.0,0
100605,Huanuco,Luyando,1985,0.0,0
010307,Amazonas,Jazan,1985,0.0,0
010502,Amazonas,Camporredondo,1985,0.0,0
010515,Amazonas,Providencia,1985,0.0,0
010102,Amazonas,Asuncion,1985,0.0,0
010510,Amazonas,Luya Viejo,1985,0.0,0
100601,Huanuco,Rupa-Rupa,1985,0.0,0
010514,Amazonas,Pisuquia,1985,0.0,0
060810,Cajamarca,San Felipe,1985,0.0,0
010305,Amazonas,Cuispes,1985,0.0,0
060905,Cajamarca,Namballe,1985,0.0,0
010119,Amazonas,San Isidro De Maino,1985,0.0,0
060801,Cajamarca,Jaen,1985,0.0,0
010513,Amazonas,Ocumal,1985,0.0,0
220912,San Martin,San Antonio,1985,0.0,0
220903,San Martin,Cacatachi,1985,0.0,0
120602,Junin,Coviriali,1985,0.0,0
120304,Junin,San Luis De Shuaro,1985,0.0,0
120601,Junin,Satipo,1985,0.0,0
010203,Amazonas,Copallin,1985,0.0,0
010112,Amazonas,Magdalena,1985,0.0,0
220102,San Martin,Calzada,1985,0.0,0
060805,Cajamarca,Huabal,1985,0.0,0
010610,Amazonas,Santa Rosa,1985,0.0,0
220503,San Martin,Barranquita,1985,0.0,0
220801,San Martin,Rioja,1985,0.0,0
220703,San Martin,Caspisapa,1985,0.0,0
080904,Cusco,Maranura,1985,0.0,0
010117,Amazonas,Quinjalca,1985,0.0,0
250303,Ucayali,Curimana,1985,0.0,0
010308,Amazonas,Recta,1985,0.0,0
010115,Amazonas,Montevideo,1985,0.0,0
010114,Amazonas,Molinopampa,1985,0.0,0
010503,Amazonas,Cocabamba,1985,0.0,0
060809,Cajamarca,Sallique,1985,0.0,0
010120,Amazonas,Soloco,1985,0.0,0
010521,Amazonas,Santo Tomas,1985,0.0,0
100113,Huanuco,San Pablo De Pillao,1985,0.0,0
010602,Amazonas,Chirimoto,1985,0.0,0
100603,Huanuco,Hermilio Valdizan,1985,0.0,0
010111,Amazonas,Levanto,1985,0.0,0
010518,Amazonas,San Jeronimo,1985,0.0,0
010609,Amazonas,Omia,1985,0.0,0
100902,Huanuco,Codo Del Pozuzo,1985,0.0,0
010113,Amazonas,Mariscal Castilla,1985,0.0,0
220101,San Martin,Moyobamba,1985,0.0,0
010310,Amazonas,Shipasbamba,1985,0.0,0
100103,Huanuco,Chinchao,1985,0.0,0
010311,Amazonas,Valera,1985,0.0,0
060907,Cajamarca,Tabaconas,1985,0.0,0
160112,Loreto,Belen,1985,0.0,0
200307,Piura,Sondor,1985,0.0,0
220803,San Martin,Elias Soplin Vargas,1985,0.0,0
010506,Amazonas,Inguilpata,1985,0.0,0
220506,San Martin,Pinto Recodo,1985,0.0,0
120303,Junin,Pichanaqui,1985,0.105639,1
010202,Amazonas,Aramango,1985,0.0,0
010606,Amazonas,Longar,1985,0.0,0
160101,Loreto,Iquitos,1985,0.0,0
010507,Amazonas,Longuita,1985,0.0,0
221001,San Martin,Tocache,1985,0.0,0
010511,Amazonas,Maria,1985,0.0,0
080901,Cusco,Santa Ana,1985,0.0,0
120302,Junin,Perene,1985,0.049855,1
050409,Ayacucho,Canayre,1985,0.0,0
221002,San Martin,Nuevo Progreso,1985,0.0,0
200303,Piura,El Carmen De La Frontera,1985,0.0,0
100609,Huanuco,Pueblo Nuevo,1985,0.0,0
080903,Cusco,Huayopata,1985,0.000284,1
010604,Amazonas,Huambo,1985,0.0,0
100505,Huanuco,Jircan,1985,0.0,0
010512,Amazonas,Ocalli,1985,0.0,0
010101,Amazonas,Chachapoyas,1985,0.0,0
060903,Cajamarca,Huarango,1985,0.0,0
010116,Amazonas,Olleros,1985,0.0,0
010605,Amazonas,Limabamba,1985,0.0,0
100804,Huanuco,Umari,1985,0.0,0
220504,San Martin,Caynarachi,1985,0.0,0
080905,Cusco,Ocobamba,1985,0.0,0
010517,Amazonas,San Francisco Del Yeso,1985,0.0,0
120609,Junin,Vizcatán Del Ene,1985,0.0,0
060807,Cajamarca,Pomahuaca,1985,0.0,0
010304,Amazonas,Corosha,1985,0.0,0
221005,San Martin,Uchiza,1985,0.0,0
220807,San Martin,San Fernando,1985,0.0,0
050512,Ayacucho,Union Progreso,1985,0.0,0
060804,Cajamarca,Colasay,1985,0.0,0
160503,Loreto,Capelo,1985,0.0,0
220910,San Martin,Morales,1985,0.0,0
120604,Junin,Mazamari,1985,0.0,0
120603,Junin,Llaylla,1985,0.0,0
010520,Amazonas,Santa Catalina,1985,0.0,0
010603,Amazonas,Cochamal,1985,0.0,0
120209,Junin,Mariscal Castilla,1985,0.0,0
010601,Amazonas,San Nicolas,1985,0.0,0
010519,Amazonas,San Juan De Lopecancha,1985,0.0,0
160211,Loreto,Teniente Cesar Lopez Rojas,1985,0.0,0
080408,Cusco,Yanatile,1985,0.002679,1
050408,Ayacucho,Llochegua,1985,0.0,0
100507,Huanuco,Monzon,1985,0.0,0
081304,Cusco,Machupicchu,1985,0.905961,1
220909,San Martin,La Banda De Shilcayo,1985,0.0,0
220103,San Martin,Habana,1985,0.0,0
100606,Huanuco,Mariano Damaso Beraun,1985,0.06402,1
010508,Amazonas,Lonya Chico,1985,0.0,0
170102,Madre De Dios,Inambari,1985,0.0,0
050502,Ayacucho,Anco,1985,0.0,0
010523,Amazonas,Trita,1985,0.0,0
010516,Amazonas,San Cristobal,1985,0.0,0
080918,Cusco,Union Ashaninka,1985,0.0,0
221006,San Martin,Santa Lucia,1985,0.0,0
100702,Huanuco,Cholon,1985,0.0,0
211205,Puno,Phara,1985,0.0,0
170204,Madre De Dios,Huepetuhe,1985,0.0,0
010302,Amazonas,Chisquilla,1985,0.0,0
050507,Ayacucho,Santa Rosa,1985,0.0,0
220804,San Martin,Nueva Cajamarca,1985,0.0,0
220809,San Martin,Yuracyacu,1985,0.0,0
160603,Loreto,Padre Marquez,1985,0.0,0
010522,Amazonas,Tingo,1985,0.0,0
080906,Cusco,Quellouno,1985,5.5e-05,1
010301,Amazonas,Jumbilla,1985,0.0,0
080917,Cusco,Manitea,1985,0.0,0
250305,Ucayali,Alexander Von Humboldt,1986,0.0,0
220509,San Martin,Shanao,1986,0.0,0
250304,Ucayali,Neshuya,1986,0.0,0
220501,San Martin,Lamas,1986,0.0,0
220902,San Martin,Alberto Leveau,1986,0.0,0
250102,Ucayali,Campoverde,1986,0.0,0
220702,San Martin,Buenos Aires,1986,0.0,0
220502,San Martin,Alonso De Alvarado,1986,0.0,0
220404,San Martin,Piscoyacu,1986,0.0,0
220708,San Martin,Shamboyacu,1986,0.0,0
220204,San Martin,Huallaga,1986,0.0,0
220605,San Martin,Pajarillo,1986,0.0,0
010703,Amazonas,Cumba,1986,0.0,0
220704,San Martin,Pilluana,1986,0.0,0
220104,San Martin,Jepelacio,1986,0.0,0
220505,San Martin,Cuñumbuqui,1986,0.0,0
220507,San Martin,Rumisapa,1986,0.0,0
220913,San Martin,Sauce,1986,0.0,0
010608,Amazonas,Milpuc,1986,0.0,0
220405,San Martin,Sacanche,1986,0.0,0
220709,San Martin,Tingo De Ponasa,1986,0.0,0
220304,San Martin,Santa Rosa,1986,0.0,0
100903,Huanuco,Honoria,1986,0.0,0
220203,San Martin,Bajo Biavo,1986,0.0,0
220710,San Martin,Tres Unidos,1986,0.0,0
220510,San Martin,Tabalosos,1986,0.0,0
100904,Huanuco,Tournavista,1986,0.0,0
010701,Amazonas,Bagua Grande,1986,0.0,0
220701,San Martin,Picota,1986,0.0,0
220403,San Martin,El Eslabon,1986,0.0,0
250105,Ucayali,Yarinacocha,1986,0.0,0
220914,San Martin,Shapaja,1986,0.0,0
010707,Amazonas,Yamon,1986,0.0,0
010705,Amazonas,Jamalca,1986,0.0,0
220205,San Martin,San Pablo,1986,0.0,0
220705,San Martin,Pucacaca,1986,0.0,0
220601,San Martin,Juanjui,1986,0.0,0
100905,Huanuco,Yuyapichis,1986,0.0,0
100608,Huanuco,Castillo Grande,1986,0.0,0
220302,San Martin,Agua Blanca,1986,0.0,0
250306,Ucayali,Huipoca,1986,0.0,0
010611,Amazonas,Totora,1986,0.0,0
010706,Amazonas,Lonya Grande,1986,0.0,0
220706,San Martin,San Cristobal,1986,0.0,0
010303,Amazonas,Churuja,1986,0.0,0
220301,San Martin,San Jose De Sisa,1986,0.0,0
010204,Amazonas,El Parco,1986,0.0,0
010306,Amazonas,Florida,1986,0.0,0
220303,San Martin,San Martin,1986,0.0,0
220106,San Martin,Yantalo,1986,0.0,0
220305,San Martin,Shatoja,1986,0.0,0
010104,Amazonas,Cheto,1986,0.0,0
160201,Loreto,Yurimaguas,1986,0.0,0
060901,Cajamarca,San Ignacio,1986,0.0,0
220511,San Martin,Zapatero,1986,0.0,0
060811,Cajamarca,San Jose Del Alto,1986,0.0,0
010206,Amazonas,La Peca,1986,0.0,0
220401,San Martin,Saposoa,1986,0.0,0
060902,Cajamarca,Chirinos,1986,0.0,0
220908,San Martin,Juan Guerra,1986,0.0,0
060904,Cajamarca,La Coipa,1986,0.0,0
220808,San Martin,Yorongos,1986,0.0,0
120607,Junin,Rio Negro,1986,0.0,0
060812,Cajamarca,Santa Rosa,1986,0.0,0
250106,Ucayali,Nueva Requena,1986,0.0,0
220802,San Martin,Awajun,1986,0.0,0
250302,Ucayali,Irazola,1986,0.0,0
010109,Amazonas,La Jalca,1986,0.0,0
220906,San Martin,El Porvenir,1986,0.0,0
220707,San Martin,San Hilarion,1986,0.0,0
220806,San Martin,Posic,1986,0.0,0
220406,San Martin,Tingo De Saposoa,1986,0.0,0
100901,Huanuco,Puerto Inca,1986,0.0,0
010105,Amazonas,Chiliquin,1986,0.0,0
220105,San Martin,Soritor,1986,0.0,0
220201,San Martin,Bellavista,1986,0.0,0
060803,Cajamarca,Chontali,1986,0.0,0
100605,Huanuco,Luyando,1986,0.0,0
010307,Amazonas,Jazan,1986,0.0,0
010502,Amazonas,Camporredondo,1986,0.0,0
010515,Amazonas,Providencia,1986,0.0,0
010102,Amazonas,Asuncion,1986,0.0,0
010510,Amazonas,Luya Viejo,1986,0.0,0
100601,Huanuco,Rupa-Rupa,1986,0.0,0
010514,Amazonas,Pisuquia,1986,0.0,0
060810,Cajamarca,San Felipe,1986,0.0,0
010305,Amazonas,Cuispes,1986,0.0,0
060905,Cajamarca,Namballe,1986,0.0,0
010119,Amazonas,San Isidro De Maino,1986,0.0,0
060801,Cajamarca,Jaen,1986,0.0,0
010513,Amazonas,Ocumal,1986,0.0,0
220912,San Martin,San Antonio,1986,0.0,0
220903,San Martin,Cacatachi,1986,0.0,0
120602,Junin,Coviriali,1986,0.0,0
120304,Junin,San Luis De Shuaro,1986,0.0,0
120601,Junin,Satipo,1986,0.0,0
010203,Amazonas,Copallin,1986,0.0,0
010112,Amazonas,Magdalena,1986,0.0,0
220102,San Martin,Calzada,1986,0.0,0
060805,Cajamarca,Huabal,1986,0.0,0
010610,Amazonas,Santa Rosa,1986,0.0,0
220503,San Martin,Barranquita,1986,0.0,0
220801,San Martin,Rioja,1986,0.0,0
220703,San Martin,Caspisapa,1986,0.0,0
080904,Cusco,Maranura,1986,0.0,0
010117,Amazonas,Quinjalca,1986,0.0,0
250303,Ucayali,Curimana,1986,0.0,0
010308,Amazonas,Recta,1986,0.0,0
010115,Amazonas,Montevideo,1986,0.0,0
010114,Amazonas,Molinopampa,1986,0.0,0
010503,Amazonas,Cocabamba,1986,0.0,0
060809,Cajamarca,Sallique,1986,0.0,0
010120,Amazonas,Soloco,1986,0.0,0
010521,Amazonas,Santo Tomas,1986,0.0,0
100113,Huanuco,San Pablo De Pillao,1986,0.0,0
010602,Amazonas,Chirimoto,1986,0.0,0
100603,Huanuco,Hermilio Valdizan,1986,0.0,0
010111,Amazonas,Levanto,1986,0.0,0
010518,Amazonas,San Jeronimo,1986,0.0,0
010609,Amazonas,Omia,1986,0.0,0
100902,Huanuco,Codo Del Pozuzo,1986,0.0,0
010113,Amazonas,Mariscal Castilla,1986,0.0,0
220101,San Martin,Moyobamba,1986,0.0,0
010310,Amazonas,Shipasbamba,1986,0.0,0
100103,Huanuco,Chinchao,1986,0.0,0
010311,Amazonas,Valera,1986,0.0,0
060907,Cajamarca,Tabaconas,1986,0.0,0
160112,Loreto,Belen,1986,0.0,0
200307,Piura,Sondor,1986,0.0,0
220803,San Martin,Elias Soplin Vargas,1986,0.0,0
010506,Amazonas,Inguilpata,1986,0.0,0
220506,San Martin,Pinto Recodo,1986,0.0,0
120303,Junin,Pichanaqui,1986,0.105639,1
010202,Amazonas,Aramango,1986,0.0,0
010606,Amazonas,Longar,1986,0.0,0
160101,Loreto,Iquitos,1986,0.0,0
010507,Amazonas,Longuita,1986,0.0,0
221001,San Martin,Tocache,1986,0.0,0
010511,Amazonas,Maria,1986,0.0,0
080901,Cusco,Santa Ana,1986,0.0,0
120302,Junin,Perene,1986,0.049855,1
050409,Ayacucho,Canayre,1986,0.0,0
221002,San Martin,Nuevo Progreso,1986,0.0,0
200303,Piura,El Carmen De La Frontera,1986,0.0,0
100609,Huanuco,Pueblo Nuevo,1986,0.0,0
080903,Cusco,Huayopata,1986,0.000284,1
010604,Amazonas,Huambo,1986,0.0,0
100505,Huanuco,Jircan,1986,0.0,0
010512,Amazonas,Ocalli,1986,0.0,0
010101,Amazonas,Chachapoyas,1986,0.0,0
060903,Cajamarca,Huarango,1986,0.0,0
010116,Amazonas,Olleros,1986,0.0,0
010605,Amazonas,Limabamba,1986,0.0,0
100804,Huanuco,Umari,1986,0.0,0
220504,San Martin,Caynarachi,1986,0.0,0
080905,Cusco,Ocobamba,1986,0.0,0
010517,Amazonas,San Francisco Del Yeso,1986,0.0,0
120609,Junin,Vizcatán Del Ene,1986,0.0,0
060807,Cajamarca,Pomahuaca,1986,0.0,0
010304,Amazonas,Corosha,1986,0.0,0
221005,San Martin,Uchiza,1986,0.0,0
220807,San Martin,San Fernando,1986,0.0,0
050512,Ayacucho,Union Progreso,1986,0.0,0
060804,Cajamarca,Colasay,1986,0.0,0
160503,Loreto,Capelo,1986,0.0,0
220910,San Martin,Morales,1986,0.0,0
120604,Junin,Mazamari,1986,0.0,0
120603,Junin,Llaylla,1986,0.0,0
010520,Amazonas,Santa Catalina,1986,0.0,0
010603,Amazonas,Cochamal,1986,0.0,0
120209,Junin,Mariscal Castilla,1986,0.0,0
010601,Amazonas,San Nicolas,1986,0.0,0
010519,Amazonas,San Juan De Lopecancha,1986,0.0,0
160211,Loreto,Teniente Cesar Lopez Rojas,1986,0.0,0
080408,Cusco,Yanatile,1986,0.002679,1
050408,Ayacucho,Llochegua,1986,0.0,0
100507,Huanuco,Monzon,1986,0.0,0
081304,Cusco,Machupicchu,1986,0.905961,1
220909,San Martin,La Banda De Shilcayo,1986,0.0,0
220103,San Martin,Habana,1986,0.0,0
100606,Huanuco,Mariano Damaso Beraun,1986,0.06402,1
010508,Amazonas,Lonya Chico,1986,0.0,0
170102,Madre De Dios,Inambari,1986,0.0,0
050502,Ayacucho,Anco,1986,0.0,0
010523,Amazonas,Trita,1986,0.0,0
010516,Amazonas,San Cristobal,1986,0.0,0
080918,Cusco,Union Ashaninka,1986,0.0,0
221006,San Martin,Santa Lucia,1986,0.0,0
100702,Huanuco,Cholon,1986,0.0,0
211205,Puno,Phara,1986,0.0,0
170204,Madre De Dios,Huepetuhe,1986,0.0,0
010302,Amazonas,Chisquilla,1986,0.0,0
050507,Ayacucho,Santa Rosa,1986,0.0,0
220804,San Martin,Nueva Cajamarca,1986,0.0,0
220809,San Martin,Yuracyacu,1986,0.0,0
160603,Loreto,Padre Marquez,1986,0.0,0
010522,Amazonas,Tingo,1986,0.0,0
080906,Cusco,Quellouno,1986,5.5e-05,1
010301,Amazonas,Jumbilla,1986,0.0,0
080917,Cusco,Manitea,1986,0.0,0
250305,Ucayali,Alexander Von Humboldt,1987,0.0,0
220509,San Martin,Shanao,1987,0.0,0
250304,Ucayali,Neshuya,1987,0.0,0
220501,San Martin,Lamas,1987,0.0,0
220902,San Martin,Alberto Leveau,1987,0.0,0
250102,Ucayali,Campoverde,1987,0.0,0
220702,San Martin,Buenos Aires,1987,0.0,0
220502,San Martin,Alonso De Alvarado,1987,0.0,0
220404,San Martin,Piscoyacu,1987,0.0,0
220708,San Martin,Shamboyacu,1987,0.0,0
220204,San Martin,Huallaga,1987,0.0,0
220605,San Martin,Pajarillo,1987,0.0,0
010703,Amazonas,Cumba,1987,0.0,0
220704,San Martin,Pilluana,1987,0.0,0
220104,San Martin,Jepelacio,1987,0.0,0
220505,San Martin,Cuñumbuqui,1987,0.0,0
220507,San Martin,Rumisapa,1987,0.0,0
220913,San Martin,Sauce,1987,0.0,0
010608,Amazonas,Milpuc,1987,0.0,0
220405,San Martin,Sacanche,1987,0.0,0
220709,San Martin,Tingo De Ponasa,1987,0.0,0
220304,San Martin,Santa Rosa,1987,0.0,0
100903,Huanuco,Honoria,1987,0.0,0
220203,San Martin,Bajo Biavo,1987,0.0,0
220710,San Martin,Tres Unidos,1987,0.0,0
220510,San Martin,Tabalosos,1987,0.0,0
100904,Huanuco,Tournavista,1987,0.0,0
010701,Amazonas,Bagua Grande,1987,0.0,0
220701,San Martin,Picota,1987,0.0,0
220403,San Martin,El Eslabon,1987,0.0,0
250105,Ucayali,Yarinacocha,1987,0.0,0
220914,San Martin,Shapaja,1987,0.0,0
010707,Amazonas,Yamon,1987,0.0,0
010705,Amazonas,Jamalca,1987,0.0,0
220205,San Martin,San Pablo,1987,0.0,0
220705,San Martin,Pucacaca,1987,0.0,0
220601,San Martin,Juanjui,1987,0.0,0
100905,Huanuco,Yuyapichis,1987,0.0,0
100608,Huanuco,Castillo Grande,1987,0.0,0
220302,San Martin,Agua Blanca,1987,0.0,0
250306,Ucayali,Huipoca,1987,0.0,0
010611,Amazonas,Totora,1987,0.0,0
010706,Amazonas,Lonya Grande,1987,0.0,0
220706,San Martin,San Cristobal,1987,0.0,0
010303,Amazonas,Churuja,1987,0.0,0
220301,San Martin,San Jose De Sisa,1987,0.0,0
010204,Amazonas,El Parco,1987,0.0,0
010306,Amazonas,Florida,1987,0.0,0
220303,San Martin,San Martin,1987,0.0,0
220106,San Martin,Yantalo,1987,0.0,0
220305,San Martin,Shatoja,1987,0.0,0
010104,Amazonas,Cheto,1987,0.0,0
160201,Loreto,Yurimaguas,1987,0.0,0
060901,Cajamarca,San Ignacio,1987,0.0,0
220511,San Martin,Zapatero,1987,0.0,0
060811,Cajamarca,San Jose Del Alto,1987,0.0,0
010206,Amazonas,La Peca,1987,0.0,0
220401,San Martin,Saposoa,1987,0.0,0
060902,Cajamarca,Chirinos,1987,0.0,0
220908,San Martin,Juan Guerra,1987,0.0,0
060904,Cajamarca,La Coipa,1987,0.0,0
220808,San Martin,Yorongos,1987,0.0,0
120607,Junin,Rio Negro,1987,0.0,0
060812,Cajamarca,Santa Rosa,1987,0.0,0
250106,Ucayali,Nueva Requena,1987,0.0,0
220802,San Martin,Awajun,1987,0.34834,1
250302,Ucayali,Irazola,1987,0.0,0
010109,Amazonas,La Jalca,1987,0.0,0
220906,San Martin,El Porvenir,1987,0.0,0
220707,San Martin,San Hilarion,1987,0.0,0
220806,San Martin,Posic,1987,0.0,0
220406,San Martin,Tingo De Saposoa,1987,0.0,0
100901,Huanuco,Puerto Inca,1987,0.0,0
010105,Amazonas,Chiliquin,1987,0.0,0
220105,San Martin,Soritor,1987,0.0,0
220201,San Martin,Bellavista,1987,0.0,0
060803,Cajamarca,Chontali,1987,0.0,0
100605,Huanuco,Luyando,1987,0.0,0
010307,Amazonas,Jazan,1987,0.0,0
010502,Amazonas,Camporredondo,1987,0.0,0
010515,Amazonas,Providencia,1987,0.0,0
010102,Amazonas,Asuncion,1987,0.0,0
010510,Amazonas,Luya Viejo,1987,0.0,0
100601,Huanuco,Rupa-Rupa,1987,0.0,0
010514,Amazonas,Pisuquia,1987,0.0,0
060810,Cajamarca,San Felipe,1987,0.0,0
010305,Amazonas,Cuispes,1987,0.0,0
060905,Cajamarca,Namballe,1987,0.0,0
010119,Amazonas,San Isidro De Maino,1987,0.0,0
060801,Cajamarca,Jaen,1987,0.0,0
010513,Amazonas,Ocumal,1987,0.0,0
220912,San Martin,San Antonio,1987,0.0,0
220903,San Martin,Cacatachi,1987,0.0,0
120602,Junin,Coviriali,1987,0.0,0
120304,Junin,San Luis De Shuaro,1987,0.0,0
120601,Junin,Satipo,1987,0.0,0
010203,Amazonas,Copallin,1987,0.0,0
010112,Amazonas,Magdalena,1987,0.0,0
220102,San Martin,Calzada,1987,0.0,0
060805,Cajamarca,Huabal,1987,0.0,0
010610,Amazonas,Santa Rosa,1987,0.0,0
220503,San Martin,Barranquita,1987,0.0,0
220801,San Martin,Rioja,1987,0.120253,1
220703,San Martin,Caspisapa,1987,0.0,0
080904,Cusco,Maranura,1987,0.0,0
010117,Amazonas,Quinjalca,1987,0.0,0
250303,Ucayali,Curimana,1987,0.0,0
010308,Amazonas,Recta,1987,0.0,0
010115,Amazonas,Montevideo,1987,0.0,0
010114,Amazonas,Molinopampa,1987,0.0,0
010503,Amazonas,Cocabamba,1987,0.0,0
060809,Cajamarca,Sallique,1987,0.0,0
010120,Amazonas,Soloco,1987,0.0,0
010521,Amazonas,Santo Tomas,1987,0.0,0
100113,Huanuco,San Pablo De Pillao,1987,0.0,0
010602,Amazonas,Chirimoto,1987,0.0,0
100603,Huanuco,Hermilio Valdizan,1987,0.0,0
010111,Amazonas,Levanto,1987,0.0,0
010518,Amazonas,San Jeronimo,1987,0.0,0
010609,Amazonas,Omia,1987,0.0,0
100902,Huanuco,Codo Del Pozuzo,1987,0.0,0
010113,Amazonas,Mariscal Castilla,1987,0.0,0
220101,San Martin,Moyobamba,1987,0.176117,1
010310,Amazonas,Shipasbamba,1987,0.0,0
100103,Huanuco,Chinchao,1987,0.0,0
010311,Amazonas,Valera,1987,0.0,0
060907,Cajamarca,Tabaconas,1987,0.0,0
160112,Loreto,Belen,1987,0.0,0
200307,Piura,Sondor,1987,0.0,0
220803,San Martin,Elias Soplin Vargas,1987,0.415131,1
010506,Amazonas,Inguilpata,1987,0.0,0
220506,San Martin,Pinto Recodo,1987,0.0,0
120303,Junin,Pichanaqui,1987,0.106598,1
010202,Amazonas,Aramango,1987,0.0,0
010606,Amazonas,Longar,1987,0.0,0
160101,Loreto,Iquitos,1987,0.0,0
010507,Amazonas,Longuita,1987,0.0,0
221001,San Martin,Tocache,1987,0.0,0
010511,Amazonas,Maria,1987,0.0,0
080901,Cusco,Santa Ana,1987,0.0,0
120302,Junin,Perene,1987,0.050018,1
050409,Ayacucho,Canayre,1987,0.0,0
221002,San Martin,Nuevo Progreso,1987,0.0,0
200303,Piura,El Carmen De La Frontera,1987,0.0,0
100609,Huanuco,Pueblo Nuevo,1987,0.0,0
080903,Cusco,Huayopata,1987,0.000284,1
010604,Amazonas,Huambo,1987,0.0,0
100505,Huanuco,Jircan,1987,0.0,0
010512,Amazonas,Ocalli,1987,0.0,0
010101,Amazonas,Chachapoyas,1987,0.0,0
060903,Cajamarca,Huarango,1987,0.0,0
010116,Amazonas,Olleros,1987,0.034633,1
010605,Amazonas,Limabamba,1987,0.0,0
100804,Huanuco,Umari,1987,0.0,0
220504,San Martin,Caynarachi,1987,0.0,0
080905,Cusco,Ocobamba,1987,0.0,0
010517,Amazonas,San Francisco Del Yeso,1987,0.0,0
120609,Junin,Vizcatán Del Ene,1987,0.0,0
060807,Cajamarca,Pomahuaca,1987,0.0,0
010304,Amazonas,Corosha,1987,0.000488,1
221005,San Martin,Uchiza,1987,0.0,0
220807,San Martin,San Fernando,1987,0.0,0
050512,Ayacucho,Union Progreso,1987,0.0,0
060804,Cajamarca,Colasay,1987,0.0,0
160503,Loreto,Capelo,1987,0.0,0
220910,San Martin,Morales,1987,0.0,0
120604,Junin,Mazamari,1987,0.0,0
120603,Junin,Llaylla,1987,0.0,0
010520,Amazonas,Santa Catalina,1987,0.0,0
010603,Amazonas,Cochamal,1987,0.0,0
120209,Junin,Mariscal Castilla,1987,0.0,0
010601,Amazonas,San Nicolas,1987,0.0,0
010519,Amazonas,San Juan De Lopecancha,1987,0.0,0
160211,Loreto,Teniente Cesar Lopez Rojas,1987,0.0,0
080408,Cusco,Yanatile,1987,0.002679,1
050408,Ayacucho,Llochegua,1987,0.0,0
100507,Huanuco,Monzon,1987,0.0,0
081304,Cusco,Machupicchu,1987,0.905961,1
220909,San Martin,La Banda De Shilcayo,1987,0.0,0
220103,San Martin,Habana,1987,0.0,0
100606,Huanuco,Mariano Damaso Beraun,1987,0.06402,1
010508,Amazonas,Lonya Chico,1987,0.0,0
170102,Madre De Dios,Inambari,1987,0.0,0
050502,Ayacucho,Anco,1987,0.0,0
010523,Amazonas,Trita,1987,0.0,0
010516,Amazonas,San Cristobal,1987,0.0,0
080918,Cusco,Union Ashaninka,1987,0.0,0
221006,San Martin,Santa Lucia,1987,0.0,0
100702,Huanuco,Cholon,1987,0.0,0
211205,Puno,Phara,1987,0.0,0
170204,Madre De Dios,Huepetuhe,1987,0.0,0
010302,Amazonas,Chisquilla,1987,0.002463,1
050507,Ayacucho,Santa Rosa,1987,0.0,0
220804,San Martin,Nueva Cajamarca,1987,0.40854,1
220809,San Martin,Yuracyacu,1987,0.0,0
160603,Loreto,Padre Marquez,1987,0.0,0
010522,Amazonas,Tingo,1987,0.0,0
080906,Cusco,Quellouno,1987,5.5e-05,1
010301,Amazonas,Jumbilla,1987,0.0,0
080917,Cusco,Manitea,1987,0.0,0
250305,Ucayali,Alexander Von Humboldt,1988,0.0,0
220509,San Martin,Shanao,1988,0.0,0
250304,Ucayali,Neshuya,1988,0.0,0
220501,San Martin,Lamas,1988,0.0,0
220902,San Martin,Alberto Leveau,1988,0.0,0
250102,Ucayali,Campoverde,1988,0.0,0
220702,San Martin,Buenos Aires,1988,0.0,0
220502,San Martin,Alonso De Alvarado,1988,0.0,0
220404,San Martin,Piscoyacu,1988,0.0,0
220708,San Martin,Shamboyacu,1988,0.0,0
220204,San Martin,Huallaga,1988,0.0,0
220605,San Martin,Pajarillo,1988,0.0,0
010703,Amazonas,Cumba,1988,0.0,0
220704,San Martin,Pilluana,1988,0.0,0
220104,San Martin,Jepelacio,1988,0.0,0
220505,San Martin,Cuñumbuqui,1988,0.0,0
220507,San Martin,Rumisapa,1988,0.0,0
220913,San Martin,Sauce,1988,0.0,0
010608,Amazonas,Milpuc,1988,0.0,0
220405,San Martin,Sacanche,1988,0.0,0
220709,San Martin,Tingo De Ponasa,1988,0.0,0
220304,San Martin,Santa Rosa,1988,0.0,0
100903,Huanuco,Honoria,1988,0.0,0
220203,San Martin,Bajo Biavo,1988,0.0,0
220710,San Martin,Tres Unidos,1988,0.0,0
220510,San Martin,Tabalosos,1988,0.0,0
100904,Huanuco,Tournavista,1988,0.0,0
010701,Amazonas,Bagua Grande,1988,0.0,0
220701,San Martin,Picota,1988,0.0,0
220403,San Martin,El Eslabon,1988,0.0,0
250105,Ucayali,Yarinacocha,1988,0.0,0
220914,San Martin,Shapaja,1988,0.0,0
010707,Amazonas,Yamon,1988,0.0,0
010705,Amazonas,Jamalca,1988,0.0,0
220205,San Martin,San Pablo,1988,0.0,0
220705,San Martin,Pucacaca,1988,0.0,0
220601,San Martin,Juanjui,1988,0.0,0
100905,Huanuco,Yuyapichis,1988,0.0,0
100608,Huanuco,Castillo Grande,1988,0.0,0
220302,San Martin,Agua Blanca,1988,0.0,0
250306,Ucayali,Huipoca,1988,0.0,0
010611,Amazonas,Totora,1988,0.0,0
010706,Amazonas,Lonya Grande,1988,0.0,0
220706,San Martin,San Cristobal,1988,0.0,0
010303,Amazonas,Churuja,1988,0.0,0
220301,San Martin,San Jose De Sisa,1988,0.0,0
010204,Amazonas,El Parco,1988,0.0,0
010306,Amazonas,Florida,1988,0.0,0
220303,San Martin,San Martin,1988,0.0,0
220106,San Martin,Yantalo,1988,0.0,0
220305,San Martin,Shatoja,1988,0.0,0
010104,Amazonas,Cheto,1988,0.0,0
160201,Loreto,Yurimaguas,1988,0.0,0
060901,Cajamarca,San Ignacio,1988,0.0,0
220511,San Martin,Zapatero,1988,0.0,0
060811,Cajamarca,San Jose Del Alto,1988,0.0,0
010206,Amazonas,La Peca,1988,0.0,0
220401,San Martin,Saposoa,1988,0.0,0
060902,Cajamarca,Chirinos,1988,0.0,0
220908,San Martin,Juan Guerra,1988,0.0,0
060904,Cajamarca,La Coipa,1988,0.0,0
220808,San Martin,Yorongos,1988,0.0,0
120607,Junin,Rio Negro,1988,0.0,0
060812,Cajamarca,Santa Rosa,1988,0.0,0
250106,Ucayali,Nueva Requena,1988,0.0,0
220802,San Martin,Awajun,1988,0.34834,1
250302,Ucayali,Irazola,1988,0.0,0
010109,Amazonas,La Jalca,1988,0.0,0
220906,San Martin,El Porvenir,1988,0.0,0
220707,San Martin,San Hilarion,1988,0.0,0
220806,San Martin,Posic,1988,0.0,0
220406,San Martin,Tingo De Saposoa,1988,0.0,0
100901,Huanuco,Puerto Inca,1988,0.0,0
010105,Amazonas,Chiliquin,1988,0.0,0
220105,San Martin,Soritor,1988,0.0,0
220201,San Martin,Bellavista,1988,0.0,0
060803,Cajamarca,Chontali,1988,0.0,0
100605,Huanuco,Luyando,1988,0.0,0
010307,Amazonas,Jazan,1988,0.0,0
010502,Amazonas,Camporredondo,1988,0.0,0
010515,Amazonas,Providencia,1988,0.0,0
010102,Amazonas,Asuncion,1988,0.0,0
010510,Amazonas,Luya Viejo,1988,0.0,0
100601,Huanuco,Rupa-Rupa,1988,0.0,0
010514,Amazonas,Pisuquia,1988,0.0,0
060810,Cajamarca,San Felipe,1988,0.0,0
010305,Amazonas,Cuispes,1988,0.0,0
060905,Cajamarca,Namballe,1988,0.354845,1
010119,Amazonas,San Isidro De Maino,1988,0.0,0
060801,Cajamarca,Jaen,1988,0.0,0
010513,Amazonas,Ocumal,1988,0.0,0
220912,San Martin,San Antonio,1988,0.0,0
220903,San Martin,Cacatachi,1988,0.0,0
120602,Junin,Coviriali,1988,0.0,0
120304,Junin,San Luis De Shuaro,1988,0.0,0
120601,Junin,Satipo,1988,0.0,0
010203,Amazonas,Copallin,1988,0.0,0
010112,Amazonas,Magdalena,1988,0.0,0
220102,San Martin,Calzada,1988,0.0,0
060805,Cajamarca,Huabal,1988,0.0,0
010610,Amazonas,Santa Rosa,1988,0.0,0
220503,San Martin,Barranquita,1988,0.0,0
220801,San Martin,Rioja,1988,0.120253,1
220703,San Martin,Caspisapa,1988,0.0,0
080904,Cusco,Maranura,1988,0.0,0
010117,Amazonas,Quinjalca,1988,0.0,0
250303,Ucayali,Curimana,1988,0.0,0
010308,Amazonas,Recta,1988,0.0,0
010115,Amazonas,Montevideo,1988,0.0,0
010114,Amazonas,Molinopampa,1988,0.0,0
010503,Amazonas,Cocabamba,1988,0.0,0
060809,Cajamarca,Sallique,1988,0.0,0
010120,Amazonas,Soloco,1988,0.0,0
010521,Amazonas,Santo Tomas,1988,0.0,0
100113,Huanuco,San Pablo De Pillao,1988,0.0,0
010602,Amazonas,Chirimoto,1988,0.0,0
100603,Huanuco,Hermilio Valdizan,1988,0.0,0
010111,Amazonas,Levanto,1988,0.0,0
010518,Amazonas,San Jeronimo,1988,0.0,0
010609,Amazonas,Omia,1988,0.0,0
100902,Huanuco,Codo Del Pozuzo,1988,0.0,0
010113,Amazonas,Mariscal Castilla,1988,0.0,0
220101,San Martin,Moyobamba,1988,0.176117,1
010310,Amazonas,Shipasbamba,1988,0.0,0
100103,Huanuco,Chinchao,1988,0.0,0
010311,Amazonas,Valera,1988,0.0,0
060907,Cajamarca,Tabaconas,1988,0.124004,1
160112,Loreto,Belen,1988,0.0,0
200307,Piura,Sondor,1988,0.0,0
220803,San Martin,Elias Soplin Vargas,1988,0.415131,1
010506,Amazonas,Inguilpata,1988,0.0,0
220506,San Martin,Pinto Recodo,1988,0.0,0
120303,Junin,Pichanaqui,1988,0.106598,1
010202,Amazonas,Aramango,1988,0.0,0
010606,Amazonas,Longar,1988,0.0,0
160101,Loreto,Iquitos,1988,0.0,0
010507,Amazonas,Longuita,1988,0.0,0
221001,San Martin,Tocache,1988,0.0,0
010511,Amazonas,Maria,1988,0.0,0
080901,Cusco,Santa Ana,1988,0.0,0
120302,Junin,Perene,1988,0.050018,1
050409,Ayacucho,Canayre,1988,0.0,0
221002,San Martin,Nuevo Progreso,1988,0.0,0
200303,Piura,El Carmen De La Frontera,1988,0.001006,1
100609,Huanuco,Pueblo Nuevo,1988,0.0,0
080903,Cusco,Huayopata,1988,0.000284,1
010604,Amazonas,Huambo,1988,0.0,0
100505,Huanuco,Jircan,1988,0.0,0
010512,Amazonas,Ocalli,1988,0.0,0
010101,Amazonas,Chachapoyas,1988,0.0,0
060903,Cajamarca,Huarango,1988,0.0,0
010116,Amazonas,Olleros,1988,0.034633,1
010605,Amazonas,Limabamba,1988,0.0,0
100804,Huanuco,Umari,1988,0.0,0
220504,San Martin,Caynarachi,1988,0.0,0
080905,Cusco,Ocobamba,1988,0.0,0
010517,Amazonas,San Francisco Del Yeso,1988,0.0,0
120609,Junin,Vizcatán Del Ene,1988,0.0,0
060807,Cajamarca,Pomahuaca,1988,0.0,0
010304,Amazonas,Corosha,1988,0.000488,1
221005,San Martin,Uchiza,1988,0.0,0
220807,San Martin,San Fernando,1988,0.0,0
050512,Ayacucho,Union Progreso,1988,0.0,0
060804,Cajamarca,Colasay,1988,0.0,0
160503,Loreto,Capelo,1988,0.0,0
220910,San Martin,Morales,1988,0.0,0
120604,Junin,Mazamari,1988,0.0,0
120603,Junin,Llaylla,1988,0.0,0
010520,Amazonas,Santa Catalina,1988,0.0,0
010603,Amazonas,Cochamal,1988,0.0,0
120209,Junin,Mariscal Castilla,1988,0.0,0
010601,Amazonas,San Nicolas,1988,0.0,0
010519,Amazonas,San Juan De Lopecancha,1988,0.0,0
160211,Loreto,Teniente Cesar Lopez Rojas,1988,0.0,0
080408,Cusco,Yanatile,1988,0.002679,1
050408,Ayacucho,Llochegua,1988,0.0,0
100507,Huanuco,Monzon,1988,0.0,0
081304,Cusco,Machupicchu,1988,0.905961,1
220909,San Martin,La Banda De Shilcayo,1988,0.0,0
220103,San Martin,Habana,1988,0.0,0
100606,Huanuco,Mariano Damaso Beraun,1988,0.06402,1
010508,Amazonas,Lonya Chico,1988,0.0,0
170102,Madre De Dios,Inambari,1988,0.0,0
050502,Ayacucho,Anco,1988,0.0,0
010523,Amazonas,Trita,1988,0.0,0
010516,Amazonas,San Cristobal,1988,0.0,0
080918,Cusco,Union Ashaninka,1988,0.0,0
221006,San Martin,Santa Lucia,1988,0.0,0
100702,Huanuco,Cholon,1988,0.0,0
211205,Puno,Phara,1988,0.0,0
170204,Madre De Dios,Huepetuhe,1988,0.0,0
010302,Amazonas,Chisquilla,1988,0.002463,1
050507,Ayacucho,Santa Rosa,1988,0.0,0
220804,San Martin,Nueva Cajamarca,1988,0.40854,1
220809,San Martin,Yuracyacu,1988,0.0,0
160603,Loreto,Padre Marquez,1988,0.0,0
010522,Amazonas,Tingo,1988,0.0,0
080906,Cusco,Quellouno,1988,5.5e-05,1
010301,Amazonas,Jumbilla,1988,0.0,0
080917,Cusco,Manitea,1988,0.0,0
250305,Ucayali,Alexander Von Humboldt,1989,0.0,0
220509,San Martin,Shanao,1989,0.0,0
250304,Ucayali,Neshuya,1989,0.0,0
220501,San Martin,Lamas,1989,0.0,0
220902,San Martin,Alberto Leveau,1989,0.0,0
250102,Ucayali,Campoverde,1989,0.0,0
220702,San Martin,Buenos Aires,1989,0.0,0
220502,San Martin,Alonso De Alvarado,1989,0.0,0
220404,San Martin,Piscoyacu,1989,0.0,0
220708,San Martin,Shamboyacu,1989,0.0,0
220204,San Martin,Huallaga,1989,0.0,0
220605,San Martin,Pajarillo,1989,0.0,0
010703,Amazonas,Cumba,1989,0.0,0
220704,San Martin,Pilluana,1989,0.0,0
220104,San Martin,Jepelacio,1989,0.0,0
220505,San Martin,Cuñumbuqui,1989,0.0,0
220507,San Martin,Rumisapa,1989,0.0,0
220913,San Martin,Sauce,1989,0.0,0
010608,Amazonas,Milpuc,1989,0.0,0
220405,San Martin,Sacanche,1989,0.0,0
220709,San Martin,Tingo De Ponasa,1989,0.0,0
220304,San Martin,Santa Rosa,1989,0.0,0
100903,Huanuco,Honoria,1989,0.0,0
220203,San Martin,Bajo Biavo,1989,0.0,0
220710,San Martin,Tres Unidos,1989,0.0,0
220510,San Martin,Tabalosos,1989,0.0,0
100904,Huanuco,Tournavista,1989,0.0,0
010701,Amazonas,Bagua Grande,1989,0.0,0
220701,San Martin,Picota,1989,0.0,0
220403,San Martin,El Eslabon,1989,0.0,0
250105,Ucayali,Yarinacocha,1989,0.0,0
220914,San Martin,Shapaja,1989,0.0,0
010707,Amazonas,Yamon,1989,0.0,0
010705,Amazonas,Jamalca,1989,0.0,0
220205,San Martin,San Pablo,1989,0.0,0
220705,San Martin,Pucacaca,1989,0.0,0
220601,San Martin,Juanjui,1989,0.0,0
100905,Huanuco,Yuyapichis,1989,0.0,0
100608,Huanuco,Castillo Grande,1989,0.0,0
220302,San Martin,Agua Blanca,1989,0.0,0
250306,Ucayali,Huipoca,1989,0.0,0
010611,Amazonas,Totora,1989,0.0,0
010706,Amazonas,Lonya Grande,1989,0.0,0
220706,San Martin,San Cristobal,1989,0.0,0
010303,Amazonas,Churuja,1989,0.0,0
220301,San Martin,San Jose De Sisa,1989,0.0,0
010204,Amazonas,El Parco,1989,0.0,0
010306,Amazonas,Florida,1989,0.0,0
220303,San Martin,San Martin,1989,0.0,0
220106,San Martin,Yantalo,1989,0.0,0
220305,San Martin,Shatoja,1989,0.0,0
010104,Amazonas,Cheto,1989,0.0,0
160201,Loreto,Yurimaguas,1989,0.0,0
060901,Cajamarca,San Ignacio,1989,0.0,0
220511,San Martin,Zapatero,1989,0.0,0
060811,Cajamarca,San Jose Del Alto,1989,0.0,0
010206,Amazonas,La Peca,1989,0.0,0
220401,San Martin,Saposoa,1989,0.0,0
060902,Cajamarca,Chirinos,1989,0.0,0
220908,San Martin,Juan Guerra,1989,0.0,0
060904,Cajamarca,La Coipa,1989,0.0,0
220808,San Martin,Yorongos,1989,0.0,0
120607,Junin,Rio Negro,1989,0.0,0
060812,Cajamarca,Santa Rosa,1989,0.0,0
250106,Ucayali,Nueva Requena,1989,0.0,0
220802,San Martin,Awajun,1989,0.34834,1
250302,Ucayali,Irazola,1989,0.0,0
010109,Amazonas,La Jalca,1989,0.0,0
220906,San Martin,El Porvenir,1989,0.0,0
220707,San Martin,San Hilarion,1989,0.0,0
220806,San Martin,Posic,1989,0.0,0
220406,San Martin,Tingo De Saposoa,1989,0.0,0
100901,Huanuco,Puerto Inca,1989,0.0,0
010105,Amazonas,Chiliquin,1989,0.0,0
220105,San Martin,Soritor,1989,0.0,0
220201,San Martin,Bellavista,1989,0.0,0
060803,Cajamarca,Chontali,1989,0.0,0
100605,Huanuco,Luyando,1989,0.0,0
010307,Amazonas,Jazan,1989,0.0,0
010502,Amazonas,Camporredondo,1989,0.0,0
010515,Amazonas,Providencia,1989,0.0,0
010102,Amazonas,Asuncion,1989,0.0,0
010510,Amazonas,Luya Viejo,1989,0.0,0
100601,Huanuco,Rupa-Rupa,1989,0.0,0
010514,Amazonas,Pisuquia,1989,0.0,0
060810,Cajamarca,San Felipe,1989,0.0,0
010305,Amazonas,Cuispes,1989,0.0,0
060905,Cajamarca,Namballe,1989,0.354845,1
010119,Amazonas,San Isidro De Maino,1989,0.0,0
060801,Cajamarca,Jaen,1989,0.0,0
010513,Amazonas,Ocumal,1989,0.0,0
220912,San Martin,San Antonio,1989,0.0,0
220903,San Martin,Cacatachi,1989,0.0,0
120602,Junin,Coviriali,1989,0.0,0
120304,Junin,San Luis De Shuaro,1989,0.0,0
120601,Junin,Satipo,1989,0.0,0
010203,Amazonas,Copallin,1989,0.0,0
010112,Amazonas,Magdalena,1989,0.0,0
220102,San Martin,Calzada,1989,0.0,0
060805,Cajamarca,Huabal,1989,0.0,0
010610,Amazonas,Santa Rosa,1989,0.0,0
220503,San Martin,Barranquita,1989,0.0,0
220801,San Martin,Rioja,1989,0.120253,1
220703,San Martin,Caspisapa,1989,0.0,0
080904,Cusco,Maranura,1989,0.0,0
010117,Amazonas,Quinjalca,1989,0.0,0
250303,Ucayali,Curimana,1989,0.0,0
010308,Amazonas,Recta,1989,0.0,0
010115,Amazonas,Montevideo,1989,0.0,0
010114,Amazonas,Molinopampa,1989,0.0,0
010503,Amazonas,Cocabamba,1989,0.0,0
060809,Cajamarca,Sallique,1989,0.0,0
010120,Amazonas,Soloco,1989,0.0,0
010521,Amazonas,Santo Tomas,1989,0.0,0
100113,Huanuco,San Pablo De Pillao,1989,0.0,0
010602,Amazonas,Chirimoto,1989,0.0,0
100603,Huanuco,Hermilio Valdizan,1989,0.0,0
010111,Amazonas,Levanto,1989,0.0,0
010518,Amazonas,San Jeronimo,1989,0.0,0
010609,Amazonas,Omia,1989,0.0,0
100902,Huanuco,Codo Del Pozuzo,1989,0.0,0
010113,Amazonas,Mariscal Castilla,1989,0.0,0
220101,San Martin,Moyobamba,1989,0.176117,1
010310,Amazonas,Shipasbamba,1989,0.0,0
100103,Huanuco,Chinchao,1989,0.0,0
010311,Amazonas,Valera,1989,0.0,0
060907,Cajamarca,Tabaconas,1989,0.124004,1
160112,Loreto,Belen,1989,0.0,0
200307,Piura,Sondor,1989,0.0,0
220803,San Martin,Elias Soplin Vargas,1989,0.415131,1
010506,Amazonas,Inguilpata,1989,0.0,0
220506,San Martin,Pinto Recodo,1989,0.0,0
120303,Junin,Pichanaqui,1989,0.106598,1
010202,Amazonas,Aramango,1989,0.0,0
010606,Amazonas,Longar,1989,0.0,0
160101,Loreto,Iquitos,1989,0.0,0
010507,Amazonas,Longuita,1989,0.0,0
221001,San Martin,Tocache,1989,0.0,0
010511,Amazonas,Maria,1989,0.0,0
080901,Cusco,Santa Ana,1989,0.0,0
120302,Junin,Perene,1989,0.050018,1
050409,Ayacucho,Canayre,1989,0.0,0
221002,San Martin,Nuevo Progreso,1989,0.0,0
200303,Piura,El Carmen De La Frontera,1989,0.001006,1
100609,Huanuco,Pueblo Nuevo,1989,0.0,0
080903,Cusco,Huayopata,1989,0.000284,1
010604,Amazonas,Huambo,1989,0.0,0
100505,Huanuco,Jircan,1989,0.0,0
010512,Amazonas,Ocalli,1989,0.0,0
010101,Amazonas,Chachapoyas,1989,0.0,0
060903,Cajamarca,Huarango,1989,0.0,0
010116,Amazonas,Olleros,1989,0.034633,1
010605,Amazonas,Limabamba,1989,0.0,0
100804,Huanuco,Umari,1989,0.0,0
220504,San Martin,Caynarachi,1989,0.0,0
080905,Cusco,Ocobamba,1989,0.0,0
010517,Amazonas,San Francisco Del Yeso,1989,0.0,0
120609,Junin,Vizcatán Del Ene,1989,0.0,0
060807,Cajamarca,Pomahuaca,1989,0.0,0
010304,Amazonas,Corosha,1989,0.000488,1
221005,San Martin,Uchiza,1989,0.0,0
220807,San Martin,San Fernando,1989,0.0,0
050512,Ayacucho,Union Progreso,1989,0.0,0
060804,Cajamarca,Colasay,1989,0.0,0
160503,Loreto,Capelo,1989,0.0,0
220910,San Martin,Morales,1989,0.0,0
120604,Junin,Mazamari,1989,0.0,0
120603,Junin,Llaylla,1989,0.0,0
010520,Amazonas,Santa Catalina,1989,0.0,0
010603,Amazonas,Cochamal,1989,0.0,0
120209,Junin,Mariscal Castilla,1989,0.0,0
010601,Amazonas,San Nicolas,1989,0.0,0
010519,Amazonas,San Juan De Lopecancha,1989,0.0,0
160211,Loreto,Teniente Cesar Lopez Rojas,1989,0.0,0
080408,Cusco,Yanatile,1989,0.002679,1
050408,Ayacucho,Llochegua,1989,0.0,0
100507,Huanuco,Monzon,1989,0.0,0
081304,Cusco,Machupicchu,1989,0.905961,1
220909,San Martin,La Banda De Shilcayo,1989,0.0,0
220103,San Martin,Habana,1989,0.0,0
100606,Huanuco,Mariano Damaso Beraun,1989,0.06402,1
010508,Amazonas,Lonya Chico,1989,0.0,0
170102,Madre De Dios,Inambari,1989,0.0,0
050502,Ayacucho,Anco,1989,0.0,0
010523,Amazonas,Trita,1989,0.0,0
010516,Amazonas,San Cristobal,1989,0.0,0
080918,Cusco,Union Ashaninka,1989,0.0,0
221006,San Martin,Santa Lucia,1989,0.0,0
100702,Huanuco,Cholon,1989,0.0,0
211205,Puno,Phara,1989,0.0,0
170204,Madre De Dios,Huepetuhe,1989,0.0,0
010302,Amazonas,Chisquilla,1989,0.002463,1
050507,Ayacucho,Santa Rosa,1989,0.0,0
220804,San Martin,Nueva Cajamarca,1989,0.40854,1
220809,San Martin,Yuracyacu,1989,0.0,0
160603,Loreto,Padre Marquez,1989,0.0,0
010522,Amazonas,Tingo,1989,0.0,0
080906,Cusco,Quellouno,1989,5.5e-05,1
010301,Amazonas,Jumbilla,1989,0.0,0
080917,Cusco,Manitea,1989,0.0,0
250305,Ucayali,Alexander Von Humboldt,1990,0.0,0
220509,San Martin,Shanao,1990,0.0,0
250304,Ucayali,Neshuya,1990,0.0,0
220501,San Martin,Lamas,1990,0.0,0
220902,San Martin,Alberto Leveau,1990,0.0,0
250102,Ucayali,Campoverde,1990,0.0,0
220702,San Martin,Buenos Aires,1990,0.0,0
220502,San Martin,Alonso De Alvarado,1990,0.0,0
220404,San Martin,Piscoyacu,1990,0.0,0
220708,San Martin,Shamboyacu,1990,0.0,0
220204,San Martin,Huallaga,1990,0.0,0
220605,San Martin,Pajarillo,1990,0.0,0
010703,Amazonas,Cumba,1990,0.0,0
220704,San Martin,Pilluana,1990,0.0,0
220104,San Martin,Jepelacio,1990,0.0,0
220505,San Martin,Cuñumbuqui,1990,0.0,0
220507,San Martin,Rumisapa,1990,0.0,0
220913,San Martin,Sauce,1990,0.0,0
010608,Amazonas,Milpuc,1990,0.0,0
220405,San Martin,Sacanche,1990,0.0,0
220709,San Martin,Tingo De Ponasa,1990,0.0,0
220304,San Martin,Santa Rosa,1990,0.0,0
100903,Huanuco,Honoria,1990,0.0,0
220203,San Martin,Bajo Biavo,1990,0.0,0
220710,San Martin,Tres Unidos,1990,0.0,0
220510,San Martin,Tabalosos,1990,0.0,0
100904,Huanuco,Tournavista,1990,0.0,0
010701,Amazonas,Bagua Grande,1990,0.0,0
220701,San Martin,Picota,1990,0.0,0
220403,San Martin,El Eslabon,1990,0.0,0
250105,Ucayali,Yarinacocha,1990,0.0,0
220914,San Martin,Shapaja,1990,0.0,0
010707,Amazonas,Yamon,1990,0.0,0
010705,Amazonas,Jamalca,1990,0.0,0
220205,San Martin,San Pablo,1990,0.0,0
220705,San Martin,Pucacaca,1990,0.0,0
220601,San Martin,Juanjui,1990,0.0,0
100905,Huanuco,Yuyapichis,1990,0.0,0
100608,Huanuco,Castillo Grande,1990,0.0,0
220302,San Martin,Agua Blanca,1990,0.0,0
250306,Ucayali,Huipoca,1990,0.0,0
010611,Amazonas,Totora,1990,0.0,0
010706,Amazonas,Lonya Grande,1990,0.0,0
220706,San Martin,San Cristobal,1990,0.0,0
010303,Amazonas,Churuja,1990,0.0,0
220301,San Martin,San Jose De Sisa,1990,0.0,0
010204,Amazonas,El Parco,1990,0.0,0
010306,Amazonas,Florida,1990,0.0,0
220303,San Martin,San Martin,1990,0.0,0
220106,San Martin,Yantalo,1990,0.0,0
220305,San Martin,Shatoja,1990,0.0,0
010104,Amazonas,Cheto,1990,0.0,0
160201,Loreto,Yurimaguas,1990,0.0,0
060901,Cajamarca,San Ignacio,1990,0.0,0
220511,San Martin,Zapatero,1990,0.0,0
060811,Cajamarca,San Jose Del Alto,1990,0.0,0
010206,Amazonas,La Peca,1990,0.0,0
220401,San Martin,Saposoa,1990,0.0,0
060902,Cajamarca,Chirinos,1990,0.0,0
220908,San Martin,Juan Guerra,1990,0.0,0
060904,Cajamarca,La Coipa,1990,0.0,0
220808,San Martin,Yorongos,1990,0.0,0
120607,Junin,Rio Negro,1990,0.0,0
060812,Cajamarca,Santa Rosa,1990,0.0,0
250106,Ucayali,Nueva Requena,1990,0.0,0
220802,San Martin,Awajun,1990,0.34834,1
250302,Ucayali,Irazola,1990,0.0,0
010109,Amazonas,La Jalca,1990,0.0,0
220906,San Martin,El Porvenir,1990,0.0,0
220707,San Martin,San Hilarion,1990,0.0,0
220806,San Martin,Posic,1990,0.0,0
220406,San Martin,Tingo De Saposoa,1990,0.0,0
100901,Huanuco,Puerto Inca,1990,0.0,0
010105,Amazonas,Chiliquin,1990,0.0,0
220105,San Martin,Soritor,1990,0.0,0
220201,San Martin,Bellavista,1990,0.0,0
060803,Cajamarca,Chontali,1990,0.0,0
100605,Huanuco,Luyando,1990,0.0,0
010307,Amazonas,Jazan,1990,0.0,0
010502,Amazonas,Camporredondo,1990,0.0,0
010515,Amazonas,Providencia,1990,0.0,0
010102,Amazonas,Asuncion,1990,0.0,0
010510,Amazonas,Luya Viejo,1990,0.0,0
100601,Huanuco,Rupa-Rupa,1990,0.0,0
010514,Amazonas,Pisuquia,1990,0.0,0
060810,Cajamarca,San Felipe,1990,0.0,0
010305,Amazonas,Cuispes,1990,0.0,0
060905,Cajamarca,Namballe,1990,0.354845,1
010119,Amazonas,San Isidro De Maino,1990,0.0,0
060801,Cajamarca,Jaen,1990,0.0,0
010513,Amazonas,Ocumal,1990,0.0,0
220912,San Martin,San Antonio,1990,0.0,0
220903,San Martin,Cacatachi,1990,0.0,0
120602,Junin,Coviriali,1990,0.0,0
120304,Junin,San Luis De Shuaro,1990,0.0,0
120601,Junin,Satipo,1990,0.0,0
010203,Amazonas,Copallin,1990,0.0,0
010112,Amazonas,Magdalena,1990,0.0,0
220102,San Martin,Calzada,1990,0.0,0
060805,Cajamarca,Huabal,1990,0.0,0
010610,Amazonas,Santa Rosa,1990,0.0,0
220503,San Martin,Barranquita,1990,0.0,0
220801,San Martin,Rioja,1990,0.120253,1
220703,San Martin,Caspisapa,1990,0.0,0
080904,Cusco,Maranura,1990,0.0,0
010117,Amazonas,Quinjalca,1990,0.0,0
250303,Ucayali,Curimana,1990,0.0,0
010308,Amazonas,Recta,1990,0.0,0
010115,Amazonas,Montevideo,1990,0.0,0
010114,Amazonas,Molinopampa,1990,0.0,0
010503,Amazonas,Cocabamba,1990,0.0,0
060809,Cajamarca,Sallique,1990,0.0,0
010120,Amazonas,Soloco,1990,0.0,0
010521,Amazonas,Santo Tomas,1990,0.0,0
100113,Huanuco,San Pablo De Pillao,1990,0.0,0
010602,Amazonas,Chirimoto,1990,0.0,0
100603,Huanuco,Hermilio Valdizan,1990,0.0,0
010111,Amazonas,Levanto,1990,0.0,0
010518,Amazonas,San Jeronimo,1990,0.0,0
010609,Amazonas,Omia,1990,0.0,0
100902,Huanuco,Codo Del Pozuzo,1990,0.0,0
010113,Amazonas,Mariscal Castilla,1990,0.0,0
220101,San Martin,Moyobamba,1990,0.176117,1
010310,Amazonas,Shipasbamba,1990,0.0,0
100103,Huanuco,Chinchao,1990,0.0,0
010311,Amazonas,Valera,1990,0.0,0
060907,Cajamarca,Tabaconas,1990,0.124004,1
160112,Loreto,Belen,1990,0.0,0
200307,Piura,Sondor,1990,0.0,0
220803,San Martin,Elias Soplin Vargas,1990,0.415131,1
010506,Amazonas,Inguilpata,1990,0.0,0
220506,San Martin,Pinto Recodo,1990,0.0,0
120303,Junin,Pichanaqui,1990,0.106598,1
010202,Amazonas,Aramango,1990,0.0,0
010606,Amazonas,Longar,1990,0.0,0
160101,Loreto,Iquitos,1990,0.0,0
010507,Amazonas,Longuita,1990,0.0,0
221001,San Martin,Tocache,1990,0.0,0
010511,Amazonas,Maria,1990,0.0,0
080901,Cusco,Santa Ana,1990,0.0,0
120302,Junin,Perene,1990,0.050018,1
050409,Ayacucho,Canayre,1990,0.0,0
221002,San Martin,Nuevo Progreso,1990,0.0,0
200303,Piura,El Carmen De La Frontera,1990,0.001006,1
100609,Huanuco,Pueblo Nuevo,1990,0.0,0
080903,Cusco,Huayopata,1990,0.000284,1
010604,Amazonas,Huambo,1990,0.0,0
100505,Huanuco,Jircan,1990,0.0,0
010512,Amazonas,Ocalli,1990,0.0,0
010101,Amazonas,Chachapoyas,1990,0.0,0
060903,Cajamarca,Huarango,1990,0.0,0
010116,Amazonas,Olleros,1990,0.034633,1
010605,Amazonas,Limabamba,1990,0.0,0
100804,Huanuco,Umari,1990,0.0,0
220504,San Martin,Caynarachi,1990,0.0,0
080905,Cusco,Ocobamba,1990,0.0,0
010517,Amazonas,San Francisco Del Yeso,1990,0.0,0
120609,Junin,Vizcatán Del Ene,1990,0.0,0
060807,Cajamarca,Pomahuaca,1990,0.0,0
010304,Amazonas,Corosha,1990,0.000488,1
221005,San Martin,Uchiza,1990,0.0,0
220807,San Martin,San Fernando,1990,0.0,0
050512,Ayacucho,Union Progreso,1990,0.0,0
060804,Cajamarca,Colasay,1990,0.0,0
160503,Loreto,Capelo,1990,0.0,0
220910,San Martin,Morales,1990,0.0,0
120604,Junin,Mazamari,1990,0.0,0
120603,Junin,Llaylla,1990,0.0,0
010520,Amazonas,Santa Catalina,1990,0.0,0
010603,Amazonas,Cochamal,1990,0.0,0
120209,Junin,Mariscal Castilla,1990,0.0,0
010601,Amazonas,San Nicolas,1990,0.0,0
010519,Amazonas,San Juan De Lopecancha,1990,0.0,0
160211,Loreto,Teniente Cesar Lopez Rojas,1990,0.0,0
080408,Cusco,Yanatile,1990,0.002679,1
050408,Ayacucho,Llochegua,1990,0.0,0
100507,Huanuco,Monzon,1990,0.0,0
081304,Cusco,Machupicchu,1990,0.905961,1
220909,San Martin,La Banda De Shilcayo,1990,0.0,0
220103,San Martin,Habana,1990,0.0,0
100606,Huanuco,Mariano Damaso Beraun,1990,0.06402,1
010508,Amazonas,Lonya Chico,1990,0.0,0
170102,Madre De Dios,Inambari,1990,0.0,0
050502,Ayacucho,Anco,1990,0.0,0
010523,Amazonas,Trita,1990,0.0,0
010516,Amazonas,San Cristobal,1990,0.0,0
080918,Cusco,Union Ashaninka,1990,0.0,0
221006,San Martin,Santa Lucia,1990,0.0,0
100702,Huanuco,Cholon,1990,0.0,0
211205,Puno,Phara,1990,0.0,0
170204,Madre De Dios,Huepetuhe,1990,0.0,0
010302,Amazonas,Chisquilla,1990,0.002463,1
050507,Ayacucho,Santa Rosa,1990,0.0,0
220804,San Martin,Nueva Cajamarca,1990,0.40854,1
220809,San Martin,Yuracyacu,1990,0.0,0
160603,Loreto,Padre Marquez,1990,0.0,0
010522,Amazonas,Tingo,1990,0.0,0
080906,Cusco,Quellouno,1990,5.5e-05,1
010301,Amazonas,Jumbilla,1990,0.0,0
080917,Cusco,Manitea,1990,0.0,0
250305,Ucayali,Alexander Von Humboldt,1991,0.0,0
220509,San Martin,Shanao,1991,0.0,0
250304,Ucayali,Neshuya,1991,0.0,0
220501,San Martin,Lamas,1991,0.0,0
220902,San Martin,Alberto Leveau,1991,0.0,0
250102,Ucayali,Campoverde,1991,0.0,0
220702,San Martin,Buenos Aires,1991,0.0,0
220502,San Martin,Alonso De Alvarado,1991,0.0,0
220404,San Martin,Piscoyacu,1991,0.0,0
220708,San Martin,Shamboyacu,1991,0.0,0
220204,San Martin,Huallaga,1991,0.0,0
220605,San Martin,Pajarillo,1991,0.0,0
010703,Amazonas,Cumba,1991,0.0,0
220704,San Martin,Pilluana,1991,0.0,0
220104,San Martin,Jepelacio,1991,0.0,0
220505,San Martin,Cuñumbuqui,1991,0.0,0
220507,San Martin,Rumisapa,1991,0.0,0
220913,San Martin,Sauce,1991,0.0,0
010608,Amazonas,Milpuc,1991,0.0,0
220405,San Martin,Sacanche,1991,0.0,0
220709,San Martin,Tingo De Ponasa,1991,0.0,0
220304,San Martin,Santa Rosa,1991,0.0,0
100903,Huanuco,Honoria,1991,0.0,0
220203,San Martin,Bajo Biavo,1991,0.0,0
220710,San Martin,Tres Unidos,1991,0.0,0
220510,San Martin,Tabalosos,1991,0.0,0
100904,Huanuco,Tournavista,1991,0.0,0
010701,Amazonas,Bagua Grande,1991,0.0,0
220701,San Martin,Picota,1991,0.0,0
220403,San Martin,El Eslabon,1991,0.0,0
250105,Ucayali,Yarinacocha,1991,0.0,0
220914,San Martin,Shapaja,1991,0.0,0
010707,Amazonas,Yamon,1991,0.0,0
010705,Amazonas,Jamalca,1991,0.0,0
220205,San Martin,San Pablo,1991,0.0,0
220705,San Martin,Pucacaca,1991,0.0,0
220601,San Martin,Juanjui,1991,0.0,0
100905,Huanuco,Yuyapichis,1991,0.0,0
100608,Huanuco,Castillo Grande,1991,0.0,0
220302,San Martin,Agua Blanca,1991,0.0,0
250306,Ucayali,Huipoca,1991,0.0,0
010611,Amazonas,Totora,1991,0.0,0
010706,Amazonas,Lonya Grande,1991,0.0,0
220706,San Martin,San Cristobal,1991,0.0,0
010303,Amazonas,Churuja,1991,0.0,0
220301,San Martin,San Jose De Sisa,1991,0.0,0
010204,Amazonas,El Parco,1991,0.0,0
010306,Amazonas,Florida,1991,0.0,0
220303,San Martin,San Martin,1991,0.0,0
220106,San Martin,Yantalo,1991,0.0,0
220305,San Martin,Shatoja,1991,0.0,0
010104,Amazonas,Cheto,1991,0.0,0
160201,Loreto,Yurimaguas,1991,0.0,0
060901,Cajamarca,San Ignacio,1991,0.0,0
220511,San Martin,Zapatero,1991,0.0,0
060811,Cajamarca,San Jose Del Alto,1991,0.0,0
010206,Amazonas,La Peca,1991,0.0,0
220401,San Martin,Saposoa,1991,0.0,0
060902,Cajamarca,Chirinos,1991,0.0,0
220908,San Martin,Juan Guerra,1991,0.0,0
060904,Cajamarca,La Coipa,1991,0.0,0
220808,San Martin,Yorongos,1991,0.0,0
120607,Junin,Rio Negro,1991,0.0,0
060812,Cajamarca,Santa Rosa,1991,0.0,0
250106,Ucayali,Nueva Requena,1991,0.0,0
220802,San Martin,Awajun,1991,0.34834,1
250302,Ucayali,Irazola,1991,0.0,0
010109,Amazonas,La Jalca,1991,0.0,0
220906,San Martin,El Porvenir,1991,0.0,0
220707,San Martin,San Hilarion,1991,0.0,0
220806,San Martin,Posic,1991,0.0,0
220406,San Martin,Tingo De Saposoa,1991,0.0,0
100901,Huanuco,Puerto Inca,1991,0.0,0
010105,Amazonas,Chiliquin,1991,0.0,0
220105,San Martin,Soritor,1991,0.0,0
220201,San Martin,Bellavista,1991,0.0,0
060803,Cajamarca,Chontali,1991,0.0,0
100605,Huanuco,Luyando,1991,0.0,0
010307,Amazonas,Jazan,1991,0.0,0
010502,Amazonas,Camporredondo,1991,0.0,0
010515,Amazonas,Providencia,1991,0.0,0
010102,Amazonas,Asuncion,1991,0.0,0
010510,Amazonas,Luya Viejo,1991,0.0,0
100601,Huanuco,Rupa-Rupa,1991,0.0,0
010514,Amazonas,Pisuquia,1991,0.0,0
060810,Cajamarca,San Felipe,1991,0.0,0
010305,Amazonas,Cuispes,1991,0.0,0
060905,Cajamarca,Namballe,1991,0.354845,1
010119,Amazonas,San Isidro De Maino,1991,0.0,0
060801,Cajamarca,Jaen,1991,0.0,0
010513,Amazonas,Ocumal,1991,0.0,0
220912,San Martin,San Antonio,1991,0.0,0
220903,San Martin,Cacatachi,1991,0.0,0
120602,Junin,Coviriali,1991,0.0,0
120304,Junin,San Luis De Shuaro,1991,0.0,0
120601,Junin,Satipo,1991,0.0,0
010203,Amazonas,Copallin,1991,0.0,0
010112,Amazonas,Magdalena,1991,0.0,0
220102,San Martin,Calzada,1991,0.0,0
060805,Cajamarca,Huabal,1991,0.0,0
010610,Amazonas,Santa Rosa,1991,0.0,0
220503,San Martin,Barranquita,1991,0.0,0
220801,San Martin,Rioja,1991,0.120253,1
220703,San Martin,Caspisapa,1991,0.0,0
080904,Cusco,Maranura,1991,0.0,0
010117,Amazonas,Quinjalca,1991,0.0,0
250303,Ucayali,Curimana,1991,0.0,0
010308,Amazonas,Recta,1991,0.0,0
010115,Amazonas,Montevideo,1991,0.0,0
010114,Amazonas,Molinopampa,1991,0.0,0
010503,Amazonas,Cocabamba,1991,0.0,0
060809,Cajamarca,Sallique,1991,0.0,0
010120,Amazonas,Soloco,1991,0.0,0
010521,Amazonas,Santo Tomas,1991,0.0,0
100113,Huanuco,San Pablo De Pillao,1991,0.0,0
010602,Amazonas,Chirimoto,1991,0.0,0
100603,Huanuco,Hermilio Valdizan,1991,0.0,0
010111,Amazonas,Levanto,1991,0.0,0
010518,Amazonas,San Jeronimo,1991,0.0,0
010609,Amazonas,Omia,1991,0.0,0
100902,Huanuco,Codo Del Pozuzo,1991,0.0,0
010113,Amazonas,Mariscal Castilla,1991,0.0,0
220101,San Martin,Moyobamba,1991,0.176117,1
010310,Amazonas,Shipasbamba,1991,0.0,0
100103,Huanuco,Chinchao,1991,0.0,0
010311,Amazonas,Valera,1991,0.0,0
060907,Cajamarca,Tabaconas,1991,0.124004,1
160112,Loreto,Belen,1991,0.0,0
200307,Piura,Sondor,1991,0.0,0
220803,San Martin,Elias Soplin Vargas,1991,0.415131,1
010506,Amazonas,Inguilpata,1991,0.0,0
220506,San Martin,Pinto Recodo,1991,0.0,0
120303,Junin,Pichanaqui,1991,0.106598,1
010202,Amazonas,Aramango,1991,0.0,0
010606,Amazonas,Longar,1991,0.0,0
160101,Loreto,Iquitos,1991,0.0,0
010507,Amazonas,Longuita,1991,0.0,0
221001,San Martin,Tocache,1991,0.0,0
010511,Amazonas,Maria,1991,0.0,0
080901,Cusco,Santa Ana,1991,0.0,0
120302,Junin,Perene,1991,0.050018,1
050409,Ayacucho,Canayre,1991,0.0,0
221002,San Martin,Nuevo Progreso,1991,0.0,0
200303,Piura,El Carmen De La Frontera,1991,0.001006,1
100609,Huanuco,Pueblo Nuevo,1991,0.0,0
080903,Cusco,Huayopata,1991,0.000284,1
010604,Amazonas,Huambo,1991,0.0,0
100505,Huanuco,Jircan,1991,0.0,0
010512,Amazonas,Ocalli,1991,0.0,0
010101,Amazonas,Chachapoyas,1991,0.0,0
060903,Cajamarca,Huarango,1991,0.0,0
010116,Amazonas,Olleros,1991,0.034633,1
010605,Amazonas,Limabamba,1991,0.0,0
100804,Huanuco,Umari,1991,0.0,0
220504,San Martin,Caynarachi,1991,0.0,0
080905,Cusco,Ocobamba,1991,0.0,0
010517,Amazonas,San Francisco Del Yeso,1991,0.0,0
120609,Junin,Vizcatán Del Ene,1991,0.0,0
060807,Cajamarca,Pomahuaca,1991,0.0,0
010304,Amazonas,Corosha,1991,0.000488,1
221005,San Martin,Uchiza,1991,0.0,0
220807,San Martin,San Fernando,1991,0.0,0
050512,Ayacucho,Union Progreso,1991,0.0,0
060804,Cajamarca,Colasay,1991,0.0,0
160503,Loreto,Capelo,1991,0.0,0
220910,San Martin,Morales,1991,0.0,0
120604,Junin,Mazamari,1991,0.0,0
120603,Junin,Llaylla,1991,0.0,0
010520,Amazonas,Santa Catalina,1991,0.0,0
010603,Amazonas,Cochamal,1991,0.0,0
120209,Junin,Mariscal Castilla,1991,0.0,0
010601,Amazonas,San Nicolas,1991,0.0,0
010519,Amazonas,San Juan De Lopecancha,1991,0.0,0
160211,Loreto,Teniente Cesar Lopez Rojas,1991,0.0,0
080408,Cusco,Yanatile,1991,0.002679,1
050408,Ayacucho,Llochegua,1991,0.0,0
100507,Huanuco,Monzon,1991,0.0,0
081304,Cusco,Machupicchu,1991,0.905961,1
220909,San Martin,La Banda De Shilcayo,1991,0.0,0
220103,San Martin,Habana,1991,0.0,0
100606,Huanuco,Mariano Damaso Beraun,1991,0.06402,1
010508,Amazonas,Lonya Chico,1991,0.0,0
170102,Madre De Dios,Inambari,1991,0.0,0
050502,Ayacucho,Anco,1991,0.0,0
010523,Amazonas,Trita,1991,0.0,0
010516,Amazonas,San Cristobal,1991,0.0,0
080918,Cusco,Union Ashaninka,1991,0.0,0
221006,San Martin,Santa Lucia,1991,0.0,0
100702,Huanuco,Cholon,1991,0.0,0
211205,Puno,Phara,1991,0.0,0
170204,Madre De Dios,Huepetuhe,1991,0.0,0
010302,Amazonas,Chisquilla,1991,0.002463,1
050507,Ayacucho,Santa Rosa,1991,0.0,0
220804,San Martin,Nueva Cajamarca,1991,0.40854,1
220809,San Martin,Yuracyacu,1991,0.0,0
160603,Loreto,Padre Marquez,1991,0.0,0
010522,Amazonas,Tingo,1991,0.0,0
080906,Cusco,Quellouno,1991,5.5e-05,1
010301,Amazonas,Jumbilla,1991,0.0,0
080917,Cusco,Manitea,1991,0.0,0
250305,Ucayali,Alexander Von Humboldt,1992,0.0,0
220509,San Martin,Shanao,1992,0.0,0
250304,Ucayali,Neshuya,1992,0.0,0
220501,San Martin,Lamas,1992,0.0,0
220902,San Martin,Alberto Leveau,1992,0.0,0
250102,Ucayali,Campoverde,1992,0.0,0
220702,San Martin,Buenos Aires,1992,0.0,0
220502,San Martin,Alonso De Alvarado,1992,0.0,0
220404,San Martin,Piscoyacu,1992,0.0,0
220708,San Martin,Shamboyacu,1992,0.0,0
220204,San Martin,Huallaga,1992,0.0,0
220605,San Martin,Pajarillo,1992,0.0,0
010703,Amazonas,Cumba,1992,0.0,0
220704,San Martin,Pilluana,1992,0.0,0
220104,San Martin,Jepelacio,1992,0.0,0
220505,San Martin,Cuñumbuqui,1992,0.0,0
220507,San Martin,Rumisapa,1992,0.0,0
220913,San Martin,Sauce,1992,0.0,0
010608,Amazonas,Milpuc,1992,0.0,0
220405,San Martin,Sacanche,1992,0.0,0
220709,San Martin,Tingo De Ponasa,1992,0.0,0
220304,San Martin,Santa Rosa,1992,0.0,0
100903,Huanuco,Honoria,1992,0.0,0
220203,San Martin,Bajo Biavo,1992,0.0,0
220710,San Martin,Tres Unidos,1992,0.0,0
220510,San Martin,Tabalosos,1992,0.0,0
100904,Huanuco,Tournavista,1992,0.0,0
010701,Amazonas,Bagua Grande,1992,0.0,0
220701,San Martin,Picota,1992,0.0,0
220403,San Martin,El Eslabon,1992,0.0,0
250105,Ucayali,Yarinacocha,1992,0.0,0
220914,San Martin,Shapaja,1992,0.0,0
010707,Amazonas,Yamon,1992,0.0,0
010705,Amazonas,Jamalca,1992,0.0,0
220205,San Martin,San Pablo,1992,0.0,0
220705,San Martin,Pucacaca,1992,0.0,0
220601,San Martin,Juanjui,1992,0.0,0
100905,Huanuco,Yuyapichis,1992,0.0,0
100608,Huanuco,Castillo Grande,1992,0.0,0
220302,San Martin,Agua Blanca,1992,0.0,0
250306,Ucayali,Huipoca,1992,0.0,0
010611,Amazonas,Totora,1992,0.0,0
010706,Amazonas,Lonya Grande,1992,0.0,0
220706,San Martin,San Cristobal,1992,0.0,0
010303,Amazonas,Churuja,1992,0.0,0
220301,San Martin,San Jose De Sisa,1992,0.0,0
010204,Amazonas,El Parco,1992,0.0,0
010306,Amazonas,Florida,1992,0.0,0
220303,San Martin,San Martin,1992,0.0,0
220106,San Martin,Yantalo,1992,0.0,0
220305,San Martin,Shatoja,1992,0.0,0
010104,Amazonas,Cheto,1992,0.0,0
160201,Loreto,Yurimaguas,1992,0.0,0
060901,Cajamarca,San Ignacio,1992,0.0,0
220511,San Martin,Zapatero,1992,0.0,0
060811,Cajamarca,San Jose Del Alto,1992,0.0,0
010206,Amazonas,La Peca,1992,0.0,0
220401,San Martin,Saposoa,1992,0.0,0
060902,Cajamarca,Chirinos,1992,0.0,0
220908,San Martin,Juan Guerra,1992,0.0,0
060904,Cajamarca,La Coipa,1992,0.0,0
220808,San Martin,Yorongos,1992,0.0,0
120607,Junin,Rio Negro,1992,0.0,0
060812,Cajamarca,Santa Rosa,1992,0.0,0
250106,Ucayali,Nueva Requena,1992,0.0,0
220802,San Martin,Awajun,1992,0.34834,1
250302,Ucayali,Irazola,1992,0.0,0
010109,Amazonas,La Jalca,1992,0.0,0
220906,San Martin,El Porvenir,1992,0.0,0
220707,San Martin,San Hilarion,1992,0.0,0
220806,San Martin,Posic,1992,0.0,0
220406,San Martin,Tingo De Saposoa,1992,0.0,0
100901,Huanuco,Puerto Inca,1992,0.0,0
010105,Amazonas,Chiliquin,1992,0.0,0
220105,San Martin,Soritor,1992,0.0,0
220201,San Martin,Bellavista,1992,0.0,0
060803,Cajamarca,Chontali,1992,0.0,0
100605,Huanuco,Luyando,1992,0.0,0
010307,Amazonas,Jazan,1992,0.0,0
010502,Amazonas,Camporredondo,1992,0.0,0
010515,Amazonas,Providencia,1992,0.0,0
010102,Amazonas,Asuncion,1992,0.0,0
010510,Amazonas,Luya Viejo,1992,0.0,0
100601,Huanuco,Rupa-Rupa,1992,0.0,0
010514,Amazonas,Pisuquia,1992,0.0,0
060810,Cajamarca,San Felipe,1992,0.0,0
010305,Amazonas,Cuispes,1992,0.0,0
060905,Cajamarca,Namballe,1992,0.354845,1
010119,Amazonas,San Isidro De Maino,1992,0.0,0
060801,Cajamarca,Jaen,1992,0.0,0
010513,Amazonas,Ocumal,1992,0.0,0
220912,San Martin,San Antonio,1992,0.0,0
220903,San Martin,Cacatachi,1992,0.0,0
120602,Junin,Coviriali,1992,0.0,0
120304,Junin,San Luis De Shuaro,1992,0.0,0
120601,Junin,Satipo,1992,0.0,0
010203,Amazonas,Copallin,1992,0.0,0
010112,Amazonas,Magdalena,1992,0.0,0
220102,San Martin,Calzada,1992,0.0,0
060805,Cajamarca,Huabal,1992,0.0,0
010610,Amazonas,Santa Rosa,1992,0.0,0
220503,San Martin,Barranquita,1992,0.0,0
220801,San Martin,Rioja,1992,0.120253,1
220703,San Martin,Caspisapa,1992,0.0,0
080904,Cusco,Maranura,1992,0.0,0
010117,Amazonas,Quinjalca,1992,0.0,0
250303,Ucayali,Curimana,1992,0.0,0
010308,Amazonas,Recta,1992,0.0,0
010115,Amazonas,Montevideo,1992,0.0,0
010114,Amazonas,Molinopampa,1992,0.0,0
010503,Amazonas,Cocabamba,1992,0.0,0
060809,Cajamarca,Sallique,1992,0.0,0
010120,Amazonas,Soloco,1992,0.0,0
010521,Amazonas,Santo Tomas,1992,0.0,0
100113,Huanuco,San Pablo De Pillao,1992,0.0,0
010602,Amazonas,Chirimoto,1992,0.0,0
100603,Huanuco,Hermilio Valdizan,1992,0.0,0
010111,Amazonas,Levanto,1992,0.0,0
010518,Amazonas,San Jeronimo,1992,0.0,0
010609,Amazonas,Omia,1992,0.0,0
100902,Huanuco,Codo Del Pozuzo,1992,0.0,0
010113,Amazonas,Mariscal Castilla,1992,0.0,0
220101,San Martin,Moyobamba,1992,0.176117,1
010310,Amazonas,Shipasbamba,1992,0.0,0
100103,Huanuco,Chinchao,1992,0.0,0
010311,Amazonas,Valera,1992,0.0,0
060907,Cajamarca,Tabaconas,1992,0.124004,1
160112,Loreto,Belen,1992,0.0,0
200307,Piura,Sondor,1992,0.0,0
220803,San Martin,Elias Soplin Vargas,1992,0.415131,1
010506,Amazonas,Inguilpata,1992,0.0,0
220506,San Martin,Pinto Recodo,1992,0.0,0
120303,Junin,Pichanaqui,1992,0.106598,1
010202,Amazonas,Aramango,1992,0.0,0
010606,Amazonas,Longar,1992,0.0,0
160101,Loreto,Iquitos,1992,0.0,0
010507,Amazonas,Longuita,1992,0.0,0
221001,San Martin,Tocache,1992,0.0,0
010511,Amazonas,Maria,1992,0.0,0
080901,Cusco,Santa Ana,1992,0.0,0
120302,Junin,Perene,1992,0.050018,1
050409,Ayacucho,Canayre,1992,0.0,0
221002,San Martin,Nuevo Progreso,1992,0.0,0
200303,Piura,El Carmen De La Frontera,1992,0.001006,1
100609,Huanuco,Pueblo Nuevo,1992,0.0,0
080903,Cusco,Huayopata,1992,0.000284,1
010604,Amazonas,Huambo,1992,0.0,0
100505,Huanuco,Jircan,1992,0.0,0
010512,Amazonas,Ocalli,1992,0.0,0
010101,Amazonas,Chachapoyas,1992,0.0,0
060903,Cajamarca,Huarango,1992,0.0,0
010116,Amazonas,Olleros,1992,0.034633,1
010605,Amazonas,Limabamba,1992,0.0,0
100804,Huanuco,Umari,1992,0.0,0
220504,San Martin,Caynarachi,1992,0.0,0
080905,Cusco,Ocobamba,1992,0.0,0
010517,Amazonas,San Francisco Del Yeso,1992,0.0,0
120609,Junin,Vizcatán Del Ene,1992,0.0,0
060807,Cajamarca,Pomahuaca,1992,0.0,0
010304,Amazonas,Corosha,1992,0.000488,1
221005,San Martin,Uchiza,1992,0.0,0
220807,San Martin,San Fernando,1992,0.0,0
050512,Ayacucho,Union Progreso,1992,0.0,0
060804,Cajamarca,Colasay,1992,0.0,0
160503,Loreto,Capelo,1992,0.0,0
220910,San Martin,Morales,1992,0.0,0
120604,Junin,Mazamari,1992,0.0,0
120603,Junin,Llaylla,1992,0.0,0
010520,Amazonas,Santa Catalina,1992,0.0,0
010603,Amazonas,Cochamal,1992,0.0,0
120209,Junin,Mariscal Castilla,1992,0.0,0
010601,Amazonas,San Nicolas,1992,0.0,0
010519,Amazonas,San Juan De Lopecancha,1992,0.0,0
160211,Loreto,Teniente Cesar Lopez Rojas,1992,0.0,0
080408,Cusco,Yanatile,1992,0.002679,1
050408,Ayacucho,Llochegua,1992,0.0,0
100507,Huanuco,Monzon,1992,0.0,0
081304,Cusco,Machupicchu,1992,0.905961,1
220909,San Martin,La Banda De Shilcayo,1992,0.0,0
220103,San Martin,Habana,1992,0.0,0
100606,Huanuco,Mariano Damaso Beraun,1992,0.06402,1
010508,Amazonas,Lonya Chico,1992,0.0,0
170102,Madre De Dios,Inambari,1992,0.0,0
050502,Ayacucho,Anco,1992,0.0,0
010523,Amazonas,Trita,1992,0.0,0
010516,Amazonas,San Cristobal,1992,0.0,0
080918,Cusco,Union Ashaninka,1992,0.0,0
221006,San Martin,Santa Lucia,1992,0.0,0
100702,Huanuco,Cholon,1992,0.0,0
211205,Puno,Phara,1992,0.0,0
170204,Madre De Dios,Huepetuhe,1992,0.0,0
010302,Amazonas,Chisquilla,1992,0.002463,1
050507,Ayacucho,Santa Rosa,1992,0.0,0
220804,San Martin,Nueva Cajamarca,1992,0.40854,1
220809,San Martin,Yuracyacu,1992,0.0,0
160603,Loreto,Padre Marquez,1992,0.0,0
010522,Amazonas,Tingo,1992,0.0,0
080906,Cusco,Quellouno,1992,5.5e-05,1
010301,Amazonas,Jumbilla,1992,0.0,0
080917,Cusco,Manitea,1992,0.0,0
250305,Ucayali,Alexander Von Humboldt,1993,0.0,0
220509,San Martin,Shanao,1993,0.0,0
250304,Ucayali,Neshuya,1993,0.0,0
220501,San Martin,Lamas,1993,0.0,0
220902,San Martin,Alberto Leveau,1993,0.0,0
250102,Ucayali,Campoverde,1993,0.0,0
220702,San Martin,Buenos Aires,1993,0.0,0
220502,San Martin,Alonso De Alvarado,1993,0.0,0
220404,San Martin,Piscoyacu,1993,0.0,0
220708,San Martin,Shamboyacu,1993,0.0,0
220204,San Martin,Huallaga,1993,0.0,0
220605,San Martin,Pajarillo,1993,0.0,0
010703,Amazonas,Cumba,1993,0.0,0
220704,San Martin,Pilluana,1993,0.0,0
220104,San Martin,Jepelacio,1993,0.0,0
220505,San Martin,Cuñumbuqui,1993,0.0,0
220507,San Martin,Rumisapa,1993,0.0,0
220913,San Martin,Sauce,1993,0.0,0
010608,Amazonas,Milpuc,1993,0.0,0
220405,San Martin,Sacanche,1993,0.0,0
220709,San Martin,Tingo De Ponasa,1993,0.0,0
220304,San Martin,Santa Rosa,1993,0.0,0
100903,Huanuco,Honoria,1993,0.0,0
220203,San Martin,Bajo Biavo,1993,0.0,0
220710,San Martin,Tres Unidos,1993,0.0,0
220510,San Martin,Tabalosos,1993,0.0,0
100904,Huanuco,Tournavista,1993,0.0,0
010701,Amazonas,Bagua Grande,1993,0.0,0
220701,San Martin,Picota,1993,0.0,0
220403,San Martin,El Eslabon,1993,0.0,0
250105,Ucayali,Yarinacocha,1993,0.0,0
220914,San Martin,Shapaja,1993,0.0,0
010707,Amazonas,Yamon,1993,0.0,0
010705,Amazonas,Jamalca,1993,0.0,0
220205,San Martin,San Pablo,1993,0.0,0
220705,San Martin,Pucacaca,1993,0.0,0
220601,San Martin,Juanjui,1993,0.0,0
100905,Huanuco,Yuyapichis,1993,0.0,0
100608,Huanuco,Castillo Grande,1993,0.0,0
220302,San Martin,Agua Blanca,1993,0.0,0
250306,Ucayali,Huipoca,1993,0.0,0
010611,Amazonas,Totora,1993,0.0,0
010706,Amazonas,Lonya Grande,1993,0.0,0
220706,San Martin,San Cristobal,1993,0.0,0
010303,Amazonas,Churuja,1993,0.0,0
220301,San Martin,San Jose De Sisa,1993,0.0,0
010204,Amazonas,El Parco,1993,0.0,0
010306,Amazonas,Florida,1993,0.0,0
220303,San Martin,San Martin,1993,0.0,0
220106,San Martin,Yantalo,1993,0.0,0
220305,San Martin,Shatoja,1993,0.0,0
010104,Amazonas,Cheto,1993,0.0,0
160201,Loreto,Yurimaguas,1993,0.0,0
060901,Cajamarca,San Ignacio,1993,0.0,0
220511,San Martin,Zapatero,1993,0.0,0
060811,Cajamarca,San Jose Del Alto,1993,0.0,0
010206,Amazonas,La Peca,1993,0.0,0
220401,San Martin,Saposoa,1993,0.0,0
060902,Cajamarca,Chirinos,1993,0.0,0
220908,San Martin,Juan Guerra,1993,0.0,0
060904,Cajamarca,La Coipa,1993,0.0,0
220808,San Martin,Yorongos,1993,0.0,0
120607,Junin,Rio Negro,1993,0.0,0
060812,Cajamarca,Santa Rosa,1993,0.0,0
250106,Ucayali,Nueva Requena,1993,0.0,0
220802,San Martin,Awajun,1993,0.34834,1
250302,Ucayali,Irazola,1993,0.0,0
010109,Amazonas,La Jalca,1993,0.0,0
220906,San Martin,El Porvenir,1993,0.0,0
220707,San Martin,San Hilarion,1993,0.0,0
220806,San Martin,Posic,1993,0.0,0
220406,San Martin,Tingo De Saposoa,1993,0.0,0
100901,Huanuco,Puerto Inca,1993,0.0,0
010105,Amazonas,Chiliquin,1993,0.0,0
220105,San Martin,Soritor,1993,0.0,0
220201,San Martin,Bellavista,1993,0.0,0
060803,Cajamarca,Chontali,1993,0.0,0
100605,Huanuco,Luyando,1993,0.0,0
010307,Amazonas,Jazan,1993,0.0,0
010502,Amazonas,Camporredondo,1993,0.0,0
010515,Amazonas,Providencia,1993,0.0,0
010102,Amazonas,Asuncion,1993,0.0,0
010510,Amazonas,Luya Viejo,1993,0.0,0
100601,Huanuco,Rupa-Rupa,1993,0.0,0
010514,Amazonas,Pisuquia,1993,0.0,0
060810,Cajamarca,San Felipe,1993,0.0,0
010305,Amazonas,Cuispes,1993,0.0,0
060905,Cajamarca,Namballe,1993,0.354845,1
010119,Amazonas,San Isidro De Maino,1993,0.0,0
060801,Cajamarca,Jaen,1993,0.0,0
010513,Amazonas,Ocumal,1993,0.0,0
220912,San Martin,San Antonio,1993,0.0,0
220903,San Martin,Cacatachi,1993,0.0,0
120602,Junin,Coviriali,1993,0.0,0
120304,Junin,San Luis De Shuaro,1993,0.0,0
120601,Junin,Satipo,1993,0.0,0
010203,Amazonas,Copallin,1993,0.0,0
010112,Amazonas,Magdalena,1993,0.0,0
220102,San Martin,Calzada,1993,0.0,0
060805,Cajamarca,Huabal,1993,0.0,0
010610,Amazonas,Santa Rosa,1993,0.0,0
220503,San Martin,Barranquita,1993,0.0,0
220801,San Martin,Rioja,1993,0.120253,1
220703,San Martin,Caspisapa,1993,0.0,0
080904,Cusco,Maranura,1993,0.0,0
010117,Amazonas,Quinjalca,1993,0.0,0
250303,Ucayali,Curimana,1993,0.0,0
010308,Amazonas,Recta,1993,0.0,0
010115,Amazonas,Montevideo,1993,0.0,0
010114,Amazonas,Molinopampa,1993,0.0,0
010503,Amazonas,Cocabamba,1993,0.0,0
060809,Cajamarca,Sallique,1993,0.0,0
010120,Amazonas,Soloco,1993,0.0,0
010521,Amazonas,Santo Tomas,1993,0.0,0
100113,Huanuco,San Pablo De Pillao,1993,0.0,0
010602,Amazonas,Chirimoto,1993,0.0,0
100603,Huanuco,Hermilio Valdizan,1993,0.0,0
010111,Amazonas,Levanto,1993,0.0,0
010518,Amazonas,San Jeronimo,1993,0.0,0
010609,Amazonas,Omia,1993,0.0,0
100902,Huanuco,Codo Del Pozuzo,1993,0.0,0
010113,Amazonas,Mariscal Castilla,1993,0.0,0
220101,San Martin,Moyobamba,1993,0.176117,1
010310,Amazonas,Shipasbamba,1993,0.0,0
100103,Huanuco,Chinchao,1993,0.0,0
010311,Amazonas,Valera,1993,0.0,0
060907,Cajamarca,Tabaconas,1993,0.124004,1
160112,Loreto,Belen,1993,0.0,0
200307,Piura,Sondor,1993,0.0,0
220803,San Martin,Elias Soplin Vargas,1993,0.415131,1
010506,Amazonas,Inguilpata,1993,0.0,0
220506,San Martin,Pinto Recodo,1993,0.0,0
120303,Junin,Pichanaqui,1993,0.106598,1
010202,Amazonas,Aramango,1993,0.0,0
010606,Amazonas,Longar,1993,0.0,0
160101,Loreto,Iquitos,1993,0.0,0
010507,Amazonas,Longuita,1993,0.0,0
221001,San Martin,Tocache,1993,0.0,0
010511,Amazonas,Maria,1993,0.0,0
080901,Cusco,Santa Ana,1993,0.0,0
120302,Junin,Perene,1993,0.050018,1
050409,Ayacucho,Canayre,1993,0.0,0
221002,San Martin,Nuevo Progreso,1993,0.0,0
200303,Piura,El Carmen De La Frontera,1993,0.001006,1
100609,Huanuco,Pueblo Nuevo,1993,0.0,0
080903,Cusco,Huayopata,1993,0.000284,1
010604,Amazonas,Huambo,1993,0.0,0
100505,Huanuco,Jircan,1993,0.0,0
010512,Amazonas,Ocalli,1993,0.0,0
010101,Amazonas,Chachapoyas,1993,0.0,0
060903,Cajamarca,Huarango,1993,0.0,0
010116,Amazonas,Olleros,1993,0.034633,1
010605,Amazonas,Limabamba,1993,0.0,0
100804,Huanuco,Umari,1993,0.0,0
220504,San Martin,Caynarachi,1993,0.0,0
080905,Cusco,Ocobamba,1993,0.0,0
010517,Amazonas,San Francisco Del Yeso,1993,0.0,0
120609,Junin,Vizcatán Del Ene,1993,0.0,0
060807,Cajamarca,Pomahuaca,1993,0.0,0
010304,Amazonas,Corosha,1993,0.000488,1
221005,San Martin,Uchiza,1993,0.0,0
220807,San Martin,San Fernando,1993,0.0,0
050512,Ayacucho,Union Progreso,1993,0.0,0
060804,Cajamarca,Colasay,1993,0.0,0
160503,Loreto,Capelo,1993,0.0,0
220910,San Martin,Morales,1993,0.0,0
120604,Junin,Mazamari,1993,0.0,0
120603,Junin,Llaylla,1993,0.0,0
010520,Amazonas,Santa Catalina,1993,0.0,0
010603,Amazonas,Cochamal,1993,0.0,0
120209,Junin,Mariscal Castilla,1993,0.0,0
010601,Amazonas,San Nicolas,1993,0.0,0
010519,Amazonas,San Juan De Lopecancha,1993,0.0,0
160211,Loreto,Teniente Cesar Lopez Rojas,1993,0.0,0
080408,Cusco,Yanatile,1993,0.002679,1
050408,Ayacucho,Llochegua,1993,0.0,0
100507,Huanuco,Monzon,1993,0.0,0
081304,Cusco,Machupicchu,1993,0.905961,1
220909,San Martin,La Banda De Shilcayo,1993,0.0,0
220103,San Martin,Habana,1993,0.0,0
100606,Huanuco,Mariano Damaso Beraun,1993,0.06402,1
010508,Amazonas,Lonya Chico,1993,0.0,0
170102,Madre De Dios,Inambari,1993,0.0,0
050502,Ayacucho,Anco,1993,0.0,0
010523,Amazonas,Trita,1993,0.0,0
010516,Amazonas,San Cristobal,1993,0.0,0
080918,Cusco,Union Ashaninka,1993,0.0,0
221006,San Martin,Santa Lucia,1993,0.0,0
100702,Huanuco,Cholon,1993,0.0,0
211205,Puno,Phara,1993,0.0,0
170204,Madre De Dios,Huepetuhe,1993,0.0,0
010302,Amazonas,Chisquilla,1993,0.002463,1
050507,Ayacucho,Santa Rosa,1993,0.0,0
220804,San Martin,Nueva Cajamarca,1993,0.40854,1
220809,San Martin,Yuracyacu,1993,0.0,0
160603,Loreto,Padre Marquez,1993,0.0,0
010522,Amazonas,Tingo,1993,0.0,0
080906,Cusco,Quellouno,1993,5.5e-05,1
010301,Amazonas,Jumbilla,1993,0.0,0
080917,Cusco,Manitea,1993,0.0,0
250305,Ucayali,Alexander Von Humboldt,1994,0.0,0
220509,San Martin,Shanao,1994,0.0,0
250304,Ucayali,Neshuya,1994,0.0,0
220501,San Martin,Lamas,1994,0.0,0
220902,San Martin,Alberto Leveau,1994,0.0,0
250102,Ucayali,Campoverde,1994,0.0,0
220702,San Martin,Buenos Aires,1994,0.0,0
220502,San Martin,Alonso De Alvarado,1994,0.0,0
220404,San Martin,Piscoyacu,1994,0.0,0
220708,San Martin,Shamboyacu,1994,0.0,0
220204,San Martin,Huallaga,1994,0.0,0
220605,San Martin,Pajarillo,1994,0.0,0
010703,Amazonas,Cumba,1994,0.0,0
220704,San Martin,Pilluana,1994,0.0,0
220104,San Martin,Jepelacio,1994,0.0,0
220505,San Martin,Cuñumbuqui,1994,0.0,0
220507,San Martin,Rumisapa,1994,0.0,0
220913,San Martin,Sauce,1994,0.0,0
010608,Amazonas,Milpuc,1994,0.0,0
220405,San Martin,Sacanche,1994,0.0,0
220709,San Martin,Tingo De Ponasa,1994,0.0,0
220304,San Martin,Santa Rosa,1994,0.0,0
100903,Huanuco,Honoria,1994,0.0,0
220203,San Martin,Bajo Biavo,1994,0.0,0
220710,San Martin,Tres Unidos,1994,0.0,0
220510,San Martin,Tabalosos,1994,0.0,0
100904,Huanuco,Tournavista,1994,0.0,0
010701,Amazonas,Bagua Grande,1994,0.0,0
220701,San Martin,Picota,1994,0.0,0
220403,San Martin,El Eslabon,1994,0.0,0
250105,Ucayali,Yarinacocha,1994,0.0,0
220914,San Martin,Shapaja,1994,0.0,0
010707,Amazonas,Yamon,1994,0.0,0
010705,Amazonas,Jamalca,1994,0.0,0
220205,San Martin,San Pablo,1994,0.0,0
220705,San Martin,Pucacaca,1994,0.0,0
220601,San Martin,Juanjui,1994,0.0,0
100905,Huanuco,Yuyapichis,1994,0.0,0
100608,Huanuco,Castillo Grande,1994,0.0,0
220302,San Martin,Agua Blanca,1994,0.0,0
250306,Ucayali,Huipoca,1994,0.0,0
010611,Amazonas,Totora,1994,0.0,0
010706,Amazonas,Lonya Grande,1994,0.0,0
220706,San Martin,San Cristobal,1994,0.0,0
010303,Amazonas,Churuja,1994,0.0,0
220301,San Martin,San Jose De Sisa,1994,0.0,0
010204,Amazonas,El Parco,1994,0.0,0
010306,Amazonas,Florida,1994,0.0,0
220303,San Martin,San Martin,1994,0.0,0
220106,San Martin,Yantalo,1994,0.0,0
220305,San Martin,Shatoja,1994,0.0,0
010104,Amazonas,Cheto,1994,0.0,0
160201,Loreto,Yurimaguas,1994,0.0,0
060901,Cajamarca,San Ignacio,1994,0.0,0
220511,San Martin,Zapatero,1994,0.0,0
060811,Cajamarca,San Jose Del Alto,1994,0.0,0
010206,Amazonas,La Peca,1994,0.0,0
220401,San Martin,Saposoa,1994,0.0,0
060902,Cajamarca,Chirinos,1994,0.0,0
220908,San Martin,Juan Guerra,1994,0.0,0
060904,Cajamarca,La Coipa,1994,0.0,0
220808,San Martin,Yorongos,1994,0.0,0
120607,Junin,Rio Negro,1994,0.0,0
060812,Cajamarca,Santa Rosa,1994,0.0,0
250106,Ucayali,Nueva Requena,1994,0.0,0
220802,San Martin,Awajun,1994,0.34834,1
250302,Ucayali,Irazola,1994,0.0,0
010109,Amazonas,La Jalca,1994,0.0,0
220906,San Martin,El Porvenir,1994,0.0,0
220707,San Martin,San Hilarion,1994,0.0,0
220806,San Martin,Posic,1994,0.0,0
220406,San Martin,Tingo De Saposoa,1994,0.0,0
100901,Huanuco,Puerto Inca,1994,0.0,0
010105,Amazonas,Chiliquin,1994,0.0,0
220105,San Martin,Soritor,1994,0.0,0
220201,San Martin,Bellavista,1994,0.0,0
060803,Cajamarca,Chontali,1994,0.0,0
100605,Huanuco,Luyando,1994,0.0,0
010307,Amazonas,Jazan,1994,0.0,0
010502,Amazonas,Camporredondo,1994,0.0,0
010515,Amazonas,Providencia,1994,0.0,0
010102,Amazonas,Asuncion,1994,0.0,0
010510,Amazonas,Luya Viejo,1994,0.0,0
100601,Huanuco,Rupa-Rupa,1994,0.0,0
010514,Amazonas,Pisuquia,1994,0.0,0
060810,Cajamarca,San Felipe,1994,0.0,0
010305,Amazonas,Cuispes,1994,0.0,0
060905,Cajamarca,Namballe,1994,0.354845,1
010119,Amazonas,San Isidro De Maino,1994,0.0,0
060801,Cajamarca,Jaen,1994,0.0,0
010513,Amazonas,Ocumal,1994,0.0,0
220912,San Martin,San Antonio,1994,0.0,0
220903,San Martin,Cacatachi,1994,0.0,0
120602,Junin,Coviriali,1994,0.0,0
120304,Junin,San Luis De Shuaro,1994,0.0,0
120601,Junin,Satipo,1994,0.0,0
010203,Amazonas,Copallin,1994,0.0,0
010112,Amazonas,Magdalena,1994,0.0,0
220102,San Martin,Calzada,1994,0.0,0
060805,Cajamarca,Huabal,1994,0.0,0
010610,Amazonas,Santa Rosa,1994,0.0,0
220503,San Martin,Barranquita,1994,0.0,0
220801,San Martin,Rioja,1994,0.120253,1
220703,San Martin,Caspisapa,1994,0.0,0
080904,Cusco,Maranura,1994,0.0,0
010117,Amazonas,Quinjalca,1994,0.0,0
250303,Ucayali,Curimana,1994,0.0,0
010308,Amazonas,Recta,1994,0.0,0
010115,Amazonas,Montevideo,1994,0.0,0
010114,Amazonas,Molinopampa,1994,0.0,0
010503,Amazonas,Cocabamba,1994,0.0,0
060809,Cajamarca,Sallique,1994,0.0,0
010120,Amazonas,Soloco,1994,0.0,0
010521,Amazonas,Santo Tomas,1994,0.0,0
100113,Huanuco,San Pablo De Pillao,1994,0.0,0
010602,Amazonas,Chirimoto,1994,0.0,0
100603,Huanuco,Hermilio Valdizan,1994,0.0,0
010111,Amazonas,Levanto,1994,0.0,0
010518,Amazonas,San Jeronimo,1994,0.0,0
010609,Amazonas,Omia,1994,0.0,0
100902,Huanuco,Codo Del Pozuzo,1994,0.0,0
010113,Amazonas,Mariscal Castilla,1994,0.0,0
220101,San Martin,Moyobamba,1994,0.176117,1
010310,Amazonas,Shipasbamba,1994,0.0,0
100103,Huanuco,Chinchao,1994,0.0,0
010311,Amazonas,Valera,1994,0.0,0
060907,Cajamarca,Tabaconas,1994,0.124004,1
160112,Loreto,Belen,1994,0.0,0
200307,Piura,Sondor,1994,0.0,0
220803,San Martin,Elias Soplin Vargas,1994,0.415131,1
010506,Amazonas,Inguilpata,1994,0.0,0
220506,San Martin,Pinto Recodo,1994,0.0,0
120303,Junin,Pichanaqui,1994,0.106598,1
010202,Amazonas,Aramango,1994,0.0,0
010606,Amazonas,Longar,1994,0.0,0
160101,Loreto,Iquitos,1994,0.0,0
010507,Amazonas,Longuita,1994,0.0,0
221001,San Martin,Tocache,1994,0.0,0
010511,Amazonas,Maria,1994,0.0,0
080901,Cusco,Santa Ana,1994,0.0,0
120302,Junin,Perene,1994,0.050018,1
050409,Ayacucho,Canayre,1994,0.0,0
221002,San Martin,Nuevo Progreso,1994,0.0,0
200303,Piura,El Carmen De La Frontera,1994,0.001006,1
100609,Huanuco,Pueblo Nuevo,1994,0.0,0
080903,Cusco,Huayopata,1994,0.000284,1
010604,Amazonas,Huambo,1994,0.0,0
100505,Huanuco,Jircan,1994,0.0,0
010512,Amazonas,Ocalli,1994,0.0,0
010101,Amazonas,Chachapoyas,1994,0.0,0
060903,Cajamarca,Huarango,1994,0.0,0
010116,Amazonas,Olleros,1994,0.034633,1
010605,Amazonas,Limabamba,1994,0.0,0
100804,Huanuco,Umari,1994,0.0,0
220504,San Martin,Caynarachi,1994,0.0,0
080905,Cusco,Ocobamba,1994,0.0,0
010517,Amazonas,San Francisco Del Yeso,1994,0.0,0
120609,Junin,Vizcatán Del Ene,1994,0.0,0
060807,Cajamarca,Pomahuaca,1994,0.0,0
010304,Amazonas,Corosha,1994,0.000488,1
221005,San Martin,Uchiza,1994,0.0,0
220807,San Martin,San Fernando,1994,0.0,0
050512,Ayacucho,Union Progreso,1994,0.0,0
060804,Cajamarca,Colasay,1994,0.0,0
160503,Loreto,Capelo,1994,0.0,0
220910,San Martin,Morales,1994,0.0,0
120604,Junin,Mazamari,1994,0.0,0
120603,Junin,Llaylla,1994,0.0,0
010520,Amazonas,Santa Catalina,1994,0.0,0
010603,Amazonas,Cochamal,1994,0.0,0
120209,Junin,Mariscal Castilla,1994,0.0,0
010601,Amazonas,San Nicolas,1994,0.0,0
010519,Amazonas,San Juan De Lopecancha,1994,0.0,0
160211,Loreto,Teniente Cesar Lopez Rojas,1994,0.0,0
080408,Cusco,Yanatile,1994,0.002679,1
050408,Ayacucho,Llochegua,1994,0.0,0
100507,Huanuco,Monzon,1994,0.0,0
081304,Cusco,Machupicchu,1994,0.905961,1
220909,San Martin,La Banda De Shilcayo,1994,0.0,0
220103,San Martin,Habana,1994,0.0,0
100606,Huanuco,Mariano Damaso Beraun,1994,0.06402,1
010508,Amazonas,Lonya Chico,1994,0.0,0
170102,Madre De Dios,Inambari,1994,0.0,0
050502,Ayacucho,Anco,1994,0.0,0
010523,Amazonas,Trita,1994,0.0,0
010516,Amazonas,San Cristobal,1994,0.0,0
080918,Cusco,Union Ashaninka,1994,0.0,0
221006,San Martin,Santa Lucia,1994,0.0,0
100702,Huanuco,Cholon,1994,0.0,0
211205,Puno,Phara,1994,0.0,0
170204,Madre De Dios,Huepetuhe,1994,0.0,0
010302,Amazonas,Chisquilla,1994,0.002463,1
050507,Ayacucho,Santa Rosa,1994,0.0,0
220804,San Martin,Nueva Cajamarca,1994,0.40854,1
220809,San Martin,Yuracyacu,1994,0.0,0
160603,Loreto,Padre Marquez,1994,0.0,0
010522,Amazonas,Tingo,1994,0.0,0
080906,Cusco,Quellouno,1994,5.5e-05,1
010301,Amazonas,Jumbilla,1994,0.0,0
080917,Cusco,Manitea,1994,0.0,0
250305,Ucayali,Alexander Von Humboldt,1995,0.0,0
220509,San Martin,Shanao,1995,0.0,0
250304,Ucayali,Neshuya,1995,0.0,0
220501,San Martin,Lamas,1995,0.0,0
220902,San Martin,Alberto Leveau,1995,0.0,0
250102,Ucayali,Campoverde,1995,0.0,0
220702,San Martin,Buenos Aires,1995,0.0,0
220502,San Martin,Alonso De Alvarado,1995,0.0,0
220404,San Martin,Piscoyacu,1995,0.0,0
220708,San Martin,Shamboyacu,1995,0.0,0
220204,San Martin,Huallaga,1995,0.0,0
220605,San Martin,Pajarillo,1995,0.0,0
010703,Amazonas,Cumba,1995,0.0,0
220704,San Martin,Pilluana,1995,0.0,0
220104,San Martin,Jepelacio,1995,0.0,0
220505,San Martin,Cuñumbuqui,1995,0.0,0
220507,San Martin,Rumisapa,1995,0.0,0
220913,San Martin,Sauce,1995,0.0,0
010608,Amazonas,Milpuc,1995,0.0,0
220405,San Martin,Sacanche,1995,0.0,0
220709,San Martin,Tingo De Ponasa,1995,0.0,0
220304,San Martin,Santa Rosa,1995,0.0,0
100903,Huanuco,Honoria,1995,0.0,0
220203,San Martin,Bajo Biavo,1995,0.0,0
220710,San Martin,Tres Unidos,1995,0.0,0
220510,San Martin,Tabalosos,1995,0.0,0
100904,Huanuco,Tournavista,1995,0.0,0
010701,Amazonas,Bagua Grande,1995,0.0,0
220701,San Martin,Picota,1995,0.0,0
220403,San Martin,El Eslabon,1995,0.0,0
250105,Ucayali,Yarinacocha,1995,0.0,0
220914,San Martin,Shapaja,1995,0.0,0
010707,Amazonas,Yamon,1995,0.0,0
010705,Amazonas,Jamalca,1995,0.0,0
220205,San Martin,San Pablo,1995,0.0,0
220705,San Martin,Pucacaca,1995,0.0,0
220601,San Martin,Juanjui,1995,0.0,0
100905,Huanuco,Yuyapichis,1995,0.0,0
100608,Huanuco,Castillo Grande,1995,0.0,0
220302,San Martin,Agua Blanca,1995,0.0,0
250306,Ucayali,Huipoca,1995,0.0,0
010611,Amazonas,Totora,1995,0.0,0
010706,Amazonas,Lonya Grande,1995,0.0,0
220706,San Martin,San Cristobal,1995,0.0,0
010303,Amazonas,Churuja,1995,0.0,0
220301,San Martin,San Jose De Sisa,1995,0.0,0
010204,Amazonas,El Parco,1995,0.0,0
010306,Amazonas,Florida,1995,0.0,0
220303,San Martin,San Martin,1995,0.0,0
220106,San Martin,Yantalo,1995,0.0,0
220305,San Martin,Shatoja,1995,0.0,0
010104,Amazonas,Cheto,1995,0.0,0
160201,Loreto,Yurimaguas,1995,0.0,0
060901,Cajamarca,San Ignacio,1995,0.0,0
220511,San Martin,Zapatero,1995,0.0,0
060811,Cajamarca,San Jose Del Alto,1995,0.0,0
010206,Amazonas,La Peca,1995,0.0,0
220401,San Martin,Saposoa,1995,0.0,0
060902,Cajamarca,Chirinos,1995,0.0,0
220908,San Martin,Juan Guerra,1995,0.0,0
060904,Cajamarca,La Coipa,1995,0.0,0
220808,San Martin,Yorongos,1995,0.0,0
120607,Junin,Rio Negro,1995,0.0,0
060812,Cajamarca,Santa Rosa,1995,0.0,0
250106,Ucayali,Nueva Requena,1995,0.0,0
220802,San Martin,Awajun,1995,0.34834,1
250302,Ucayali,Irazola,1995,0.0,0
010109,Amazonas,La Jalca,1995,0.0,0
220906,San Martin,El Porvenir,1995,0.0,0
220707,San Martin,San Hilarion,1995,0.0,0
220806,San Martin,Posic,1995,0.0,0
220406,San Martin,Tingo De Saposoa,1995,0.0,0
100901,Huanuco,Puerto Inca,1995,0.0,0
010105,Amazonas,Chiliquin,1995,0.0,0
220105,San Martin,Soritor,1995,0.0,0
220201,San Martin,Bellavista,1995,0.0,0
060803,Cajamarca,Chontali,1995,0.0,0
100605,Huanuco,Luyando,1995,0.0,0
010307,Amazonas,Jazan,1995,0.0,0
010502,Amazonas,Camporredondo,1995,0.0,0
010515,Amazonas,Providencia,1995,0.0,0
010102,Amazonas,Asuncion,1995,0.0,0
010510,Amazonas,Luya Viejo,1995,0.0,0
100601,Huanuco,Rupa-Rupa,1995,0.0,0
010514,Amazonas,Pisuquia,1995,0.0,0
060810,Cajamarca,San Felipe,1995,0.0,0
010305,Amazonas,Cuispes,1995,0.0,0
060905,Cajamarca,Namballe,1995,0.354845,1
010119,Amazonas,San Isidro De Maino,1995,0.0,0
060801,Cajamarca,Jaen,1995,0.0,0
010513,Amazonas,Ocumal,1995,0.0,0
220912,San Martin,San Antonio,1995,0.0,0
220903,San Martin,Cacatachi,1995,0.0,0
120602,Junin,Coviriali,1995,0.0,0
120304,Junin,San Luis De Shuaro,1995,0.0,0
120601,Junin,Satipo,1995,0.0,0
010203,Amazonas,Copallin,1995,0.0,0
010112,Amazonas,Magdalena,1995,0.0,0
220102,San Martin,Calzada,1995,0.0,0
060805,Cajamarca,Huabal,1995,0.0,0
010610,Amazonas,Santa Rosa,1995,0.0,0
220503,San Martin,Barranquita,1995,0.0,0
220801,San Martin,Rioja,1995,0.120253,1
220703,San Martin,Caspisapa,1995,0.0,0
080904,Cusco,Maranura,1995,0.0,0
010117,Amazonas,Quinjalca,1995,0.0,0
250303,Ucayali,Curimana,1995,0.0,0
010308,Amazonas,Recta,1995,0.0,0
010115,Amazonas,Montevideo,1995,0.0,0
010114,Amazonas,Molinopampa,1995,0.0,0
010503,Amazonas,Cocabamba,1995,0.0,0
060809,Cajamarca,Sallique,1995,0.0,0
010120,Amazonas,Soloco,1995,0.0,0
010521,Amazonas,Santo Tomas,1995,0.0,0
100113,Huanuco,San Pablo De Pillao,1995,0.0,0
010602,Amazonas,Chirimoto,1995,0.0,0
100603,Huanuco,Hermilio Valdizan,1995,0.0,0
010111,Amazonas,Levanto,1995,0.0,0
010518,Amazonas,San Jeronimo,1995,0.0,0
010609,Amazonas,Omia,1995,0.0,0
100902,Huanuco,Codo Del Pozuzo,1995,0.0,0
010113,Amazonas,Mariscal Castilla,1995,0.0,0
220101,San Martin,Moyobamba,1995,0.176117,1
010310,Amazonas,Shipasbamba,1995,0.0,0
100103,Huanuco,Chinchao,1995,0.0,0
010311,Amazonas,Valera,1995,0.0,0
060907,Cajamarca,Tabaconas,1995,0.124004,1
160112,Loreto,Belen,1995,0.0,0
200307,Piura,Sondor,1995,0.0,0
220803,San Martin,Elias Soplin Vargas,1995,0.415131,1
010506,Amazonas,Inguilpata,1995,0.0,0
220506,San Martin,Pinto Recodo,1995,0.0,0
120303,Junin,Pichanaqui,1995,0.106598,1
010202,Amazonas,Aramango,1995,0.0,0
010606,Amazonas,Longar,1995,0.0,0
160101,Loreto,Iquitos,1995,0.0,0
010507,Amazonas,Longuita,1995,0.0,0
221001,San Martin,Tocache,1995,0.0,0
010511,Amazonas,Maria,1995,0.0,0
080901,Cusco,Santa Ana,1995,0.0,0
120302,Junin,Perene,1995,0.050018,1
050409,Ayacucho,Canayre,1995,0.0,0
221002,San Martin,Nuevo Progreso,1995,0.0,0
200303,Piura,El Carmen De La Frontera,1995,0.001006,1
100609,Huanuco,Pueblo Nuevo,1995,0.0,0
080903,Cusco,Huayopata,1995,0.000284,1
010604,Amazonas,Huambo,1995,0.0,0
100505,Huanuco,Jircan,1995,0.0,0
010512,Amazonas,Ocalli,1995,0.0,0
010101,Amazonas,Chachapoyas,1995,0.0,0
060903,Cajamarca,Huarango,1995,0.0,0
010116,Amazonas,Olleros,1995,0.034633,1
010605,Amazonas,Limabamba,1995,0.0,0
100804,Huanuco,Umari,1995,0.0,0
220504,San Martin,Caynarachi,1995,0.0,0
080905,Cusco,Ocobamba,1995,0.0,0
010517,Amazonas,San Francisco Del Yeso,1995,0.0,0
120609,Junin,Vizcatán Del Ene,1995,0.0,0
060807,Cajamarca,Pomahuaca,1995,0.0,0
010304,Amazonas,Corosha,1995,0.000488,1
221005,San Martin,Uchiza,1995,0.0,0
220807,San Martin,San Fernando,1995,0.0,0
050512,Ayacucho,Union Progreso,1995,0.0,0
060804,Cajamarca,Colasay,1995,0.0,0
160503,Loreto,Capelo,1995,0.0,0
220910,San Martin,Morales,1995,0.0,0
120604,Junin,Mazamari,1995,0.0,0
120603,Junin,Llaylla,1995,0.0,0
010520,Amazonas,Santa Catalina,1995,0.0,0
010603,Amazonas,Cochamal,1995,0.0,0
120209,Junin,Mariscal Castilla,1995,0.0,0
010601,Amazonas,San Nicolas,1995,0.0,0
010519,Amazonas,San Juan De Lopecancha,1995,0.0,0
160211,Loreto,Teniente Cesar Lopez Rojas,1995,0.0,0
080408,Cusco,Yanatile,1995,0.002679,1
050408,Ayacucho,Llochegua,1995,0.0,0
100507,Huanuco,Monzon,1995,0.0,0
081304,Cusco,Machupicchu,1995,0.905961,1
220909,San Martin,La Banda De Shilcayo,1995,0.0,0
220103,San Martin,Habana,1995,0.0,0
100606,Huanuco,Mariano Damaso Beraun,1995,0.06402,1
010508,Amazonas,Lonya Chico,1995,0.0,0
170102,Madre De Dios,Inambari,1995,0.0,0
050502,Ayacucho,Anco,1995,0.0,0
010523,Amazonas,Trita,1995,0.0,0
010516,Amazonas,San Cristobal,1995,0.0,0
080918,Cusco,Union Ashaninka,1995,0.0,0
221006,San Martin,Santa Lucia,1995,0.0,0
100702,Huanuco,Cholon,1995,0.0,0
211205,Puno,Phara,1995,0.0,0
170204,Madre De Dios,Huepetuhe,1995,0.0,0
010302,Amazonas,Chisquilla,1995,0.002463,1
050507,Ayacucho,Santa Rosa,1995,0.0,0
220804,San Martin,Nueva Cajamarca,1995,0.40854,1
220809,San Martin,Yuracyacu,1995,0.0,0
160603,Loreto,Padre Marquez,1995,0.0,0
010522,Amazonas,Tingo,1995,0.0,0
080906,Cusco,Quellouno,1995,5.5e-05,1
010301,Amazonas,Jumbilla,1995,0.0,0
080917,Cusco,Manitea,1995,0.0,0
250305,Ucayali,Alexander Von Humboldt,1996,0.0,0
220509,San Martin,Shanao,1996,0.0,0
250304,Ucayali,Neshuya,1996,0.0,0
220501,San Martin,Lamas,1996,0.0,0
220902,San Martin,Alberto Leveau,1996,0.0,0
250102,Ucayali,Campoverde,1996,0.0,0
220702,San Martin,Buenos Aires,1996,0.0,0
220502,San Martin,Alonso De Alvarado,1996,0.0,0
220404,San Martin,Piscoyacu,1996,0.0,0
220708,San Martin,Shamboyacu,1996,0.0,0
220204,San Martin,Huallaga,1996,0.0,0
220605,San Martin,Pajarillo,1996,0.0,0
010703,Amazonas,Cumba,1996,0.0,0
220704,San Martin,Pilluana,1996,0.0,0
220104,San Martin,Jepelacio,1996,0.0,0
220505,San Martin,Cuñumbuqui,1996,0.0,0
220507,San Martin,Rumisapa,1996,0.0,0
220913,San Martin,Sauce,1996,0.0,0
010608,Amazonas,Milpuc,1996,0.0,0
220405,San Martin,Sacanche,1996,0.0,0
220709,San Martin,Tingo De Ponasa,1996,0.0,0
220304,San Martin,Santa Rosa,1996,0.0,0
100903,Huanuco,Honoria,1996,0.0,0
220203,San Martin,Bajo Biavo,1996,0.0,0
220710,San Martin,Tres Unidos,1996,0.0,0
220510,San Martin,Tabalosos,1996,0.0,0
100904,Huanuco,Tournavista,1996,0.0,0
010701,Amazonas,Bagua Grande,1996,0.0,0
220701,San Martin,Picota,1996,0.0,0
220403,San Martin,El Eslabon,1996,0.0,0
250105,Ucayali,Yarinacocha,1996,0.0,0
220914,San Martin,Shapaja,1996,0.0,0
010707,Amazonas,Yamon,1996,0.0,0
010705,Amazonas,Jamalca,1996,0.0,0
220205,San Martin,San Pablo,1996,0.0,0
220705,San Martin,Pucacaca,1996,0.0,0
220601,San Martin,Juanjui,1996,0.0,0
100905,Huanuco,Yuyapichis,1996,0.0,0
100608,Huanuco,Castillo Grande,1996,0.0,0
220302,San Martin,Agua Blanca,1996,0.0,0
250306,Ucayali,Huipoca,1996,0.0,0
010611,Amazonas,Totora,1996,0.0,0
010706,Amazonas,Lonya Grande,1996,0.0,0
220706,San Martin,San Cristobal,1996,0.0,0
010303,Amazonas,Churuja,1996,0.0,0
220301,San Martin,San Jose De Sisa,1996,0.0,0
010204,Amazonas,El Parco,1996,0.0,0
010306,Amazonas,Florida,1996,0.0,0
220303,San Martin,San Martin,1996,0.0,0
220106,San Martin,Yantalo,1996,0.0,0
220305,San Martin,Shatoja,1996,0.0,0
010104,Amazonas,Cheto,1996,0.0,0
160201,Loreto,Yurimaguas,1996,0.0,0
060901,Cajamarca,San Ignacio,1996,0.0,0
220511,San Martin,Zapatero,1996,0.0,0
060811,Cajamarca,San Jose Del Alto,1996,0.0,0
010206,Amazonas,La Peca,1996,0.0,0
220401,San Martin,Saposoa,1996,0.0,0
060902,Cajamarca,Chirinos,1996,0.0,0
220908,San Martin,Juan Guerra,1996,0.0,0
060904,Cajamarca,La Coipa,1996,0.0,0
220808,San Martin,Yorongos,1996,0.0,0
120607,Junin,Rio Negro,1996,0.0,0
060812,Cajamarca,Santa Rosa,1996,0.0,0
250106,Ucayali,Nueva Requena,1996,0.0,0
220802,San Martin,Awajun,1996,0.34834,1
250302,Ucayali,Irazola,1996,0.0,0
010109,Amazonas,La Jalca,1996,0.0,0
220906,San Martin,El Porvenir,1996,0.0,0
220707,San Martin,San Hilarion,1996,0.0,0
220806,San Martin,Posic,1996,0.0,0
220406,San Martin,Tingo De Saposoa,1996,0.0,0
100901,Huanuco,Puerto Inca,1996,0.0,0
010105,Amazonas,Chiliquin,1996,0.0,0
220105,San Martin,Soritor,1996,0.0,0
220201,San Martin,Bellavista,1996,0.0,0
060803,Cajamarca,Chontali,1996,0.0,0
100605,Huanuco,Luyando,1996,0.0,0
010307,Amazonas,Jazan,1996,0.0,0
010502,Amazonas,Camporredondo,1996,0.0,0
010515,Amazonas,Providencia,1996,0.0,0
010102,Amazonas,Asuncion,1996,0.0,0
010510,Amazonas,Luya Viejo,1996,0.0,0
100601,Huanuco,Rupa-Rupa,1996,0.0,0
010514,Amazonas,Pisuquia,1996,0.0,0
060810,Cajamarca,San Felipe,1996,0.0,0
010305,Amazonas,Cuispes,1996,0.0,0
060905,Cajamarca,Namballe,1996,0.354845,1
010119,Amazonas,San Isidro De Maino,1996,0.0,0
060801,Cajamarca,Jaen,1996,0.0,0
010513,Amazonas,Ocumal,1996,0.0,0
220912,San Martin,San Antonio,1996,0.0,0
220903,San Martin,Cacatachi,1996,0.0,0
120602,Junin,Coviriali,1996,0.0,0
120304,Junin,San Luis De Shuaro,1996,0.0,0
120601,Junin,Satipo,1996,0.0,0
010203,Amazonas,Copallin,1996,0.0,0
010112,Amazonas,Magdalena,1996,0.0,0
220102,San Martin,Calzada,1996,0.0,0
060805,Cajamarca,Huabal,1996,0.0,0
010610,Amazonas,Santa Rosa,1996,0.0,0
220503,San Martin,Barranquita,1996,0.0,0
220801,San Martin,Rioja,1996,0.120253,1
220703,San Martin,Caspisapa,1996,0.0,0
080904,Cusco,Maranura,1996,0.0,0
010117,Amazonas,Quinjalca,1996,0.0,0
250303,Ucayali,Curimana,1996,0.0,0
010308,Amazonas,Recta,1996,0.0,0
010115,Amazonas,Montevideo,1996,0.0,0
010114,Amazonas,Molinopampa,1996,0.0,0
010503,Amazonas,Cocabamba,1996,0.0,0
060809,Cajamarca,Sallique,1996,0.0,0
010120,Amazonas,Soloco,1996,0.0,0
010521,Amazonas,Santo Tomas,1996,0.0,0
100113,Huanuco,San Pablo De Pillao,1996,0.0,0
010602,Amazonas,Chirimoto,1996,0.0,0
100603,Huanuco,Hermilio Valdizan,1996,0.0,0
010111,Amazonas,Levanto,1996,0.0,0
010518,Amazonas,San Jeronimo,1996,0.0,0
010609,Amazonas,Omia,1996,0.0,0
100902,Huanuco,Codo Del Pozuzo,1996,0.0,0
010113,Amazonas,Mariscal Castilla,1996,0.0,0
220101,San Martin,Moyobamba,1996,0.176117,1
010310,Amazonas,Shipasbamba,1996,0.0,0
100103,Huanuco,Chinchao,1996,0.0,0
010311,Amazonas,Valera,1996,0.0,0
060907,Cajamarca,Tabaconas,1996,0.124004,1
160112,Loreto,Belen,1996,0.0,0
200307,Piura,Sondor,1996,0.0,0
220803,San Martin,Elias Soplin Vargas,1996,0.415131,1
010506,Amazonas,Inguilpata,1996,0.0,0
220506,San Martin,Pinto Recodo,1996,0.0,0
120303,Junin,Pichanaqui,1996,0.106598,1
010202,Amazonas,Aramango,1996,0.0,0
010606,Amazonas,Longar,1996,0.0,0
160101,Loreto,Iquitos,1996,0.0,0
010507,Amazonas,Longuita,1996,0.0,0
221001,San Martin,Tocache,1996,0.0,0
010511,Amazonas,Maria,1996,0.0,0
080901,Cusco,Santa Ana,1996,0.0,0
120302,Junin,Perene,1996,0.050018,1
050409,Ayacucho,Canayre,1996,0.0,0
221002,San Martin,Nuevo Progreso,1996,0.0,0
200303,Piura,El Carmen De La Frontera,1996,0.001006,1
100609,Huanuco,Pueblo Nuevo,1996,0.0,0
080903,Cusco,Huayopata,1996,0.000284,1
010604,Amazonas,Huambo,1996,0.0,0
100505,Huanuco,Jircan,1996,0.0,0
010512,Amazonas,Ocalli,1996,0.0,0
010101,Amazonas,Chachapoyas,1996,0.0,0
060903,Cajamarca,Huarango,1996,0.0,0
010116,Amazonas,Olleros,1996,0.034633,1
010605,Amazonas,Limabamba,1996,0.0,0
100804,Huanuco,Umari,1996,0.0,0
220504,San Martin,Caynarachi,1996,0.0,0
080905,Cusco,Ocobamba,1996,0.0,0
010517,Amazonas,San Francisco Del Yeso,1996,0.0,0
120609,Junin,Vizcatán Del Ene,1996,0.0,0
060807,Cajamarca,Pomahuaca,1996,0.0,0
010304,Amazonas,Corosha,1996,0.000488,1
221005,San Martin,Uchiza,1996,0.0,0
220807,San Martin,San Fernando,1996,0.0,0
050512,Ayacucho,Union Progreso,1996,0.0,0
060804,Cajamarca,Colasay,1996,0.0,0
160503,Loreto,Capelo,1996,0.0,0
220910,San Martin,Morales,1996,0.0,0
120604,Junin,Mazamari,1996,0.0,0
120603,Junin,Llaylla,1996,0.0,0
010520,Amazonas,Santa Catalina,1996,0.0,0
010603,Amazonas,Cochamal,1996,0.0,0
120209,Junin,Mariscal Castilla,1996,0.0,0
010601,Amazonas,San Nicolas,1996,0.0,0
010519,Amazonas,San Juan De Lopecancha,1996,0.0,0
160211,Loreto,Teniente Cesar Lopez Rojas,1996,0.0,0
080408,Cusco,Yanatile,1996,0.002679,1
050408,Ayacucho,Llochegua,1996,0.0,0
100507,Huanuco,Monzon,1996,0.0,0
081304,Cusco,Machupicchu,1996,0.905961,1
220909,San Martin,La Banda De Shilcayo,1996,0.0,0
220103,San Martin,Habana,1996,0.0,0
100606,Huanuco,Mariano Damaso Beraun,1996,0.06402,1
010508,Amazonas,Lonya Chico,1996,0.0,0
170102,Madre De Dios,Inambari,1996,0.203168,1
050502,Ayacucho,Anco,1996,0.0,0
010523,Amazonas,Trita,1996,0.0,0
010516,Amazonas,San Cristobal,1996,0.0,0
080918,Cusco,Union Ashaninka,1996,0.0,0
221006,San Martin,Santa Lucia,1996,0.0,0
100702,Huanuco,Cholon,1996,0.0,0
211205,Puno,Phara,1996,0.0,0
170204,Madre De Dios,Huepetuhe,1996,0.0,0
010302,Amazonas,Chisquilla,1996,0.002463,1
050507,Ayacucho,Santa Rosa,1996,0.0,0
220804,San Martin,Nueva Cajamarca,1996,0.40854,1
220809,San Martin,Yuracyacu,1996,0.0,0
160603,Loreto,Padre Marquez,1996,0.0,0
010522,Amazonas,Tingo,1996,0.0,0
080906,Cusco,Quellouno,1996,5.5e-05,1
010301,Amazonas,Jumbilla,1996,0.0,0
080917,Cusco,Manitea,1996,0.0,0
250305,Ucayali,Alexander Von Humboldt,1997,0.0,0
220509,San Martin,Shanao,1997,0.0,0
250304,Ucayali,Neshuya,1997,0.0,0
220501,San Martin,Lamas,1997,0.0,0
220902,San Martin,Alberto Leveau,1997,0.0,0
250102,Ucayali,Campoverde,1997,0.0,0
220702,San Martin,Buenos Aires,1997,0.0,0
220502,San Martin,Alonso De Alvarado,1997,0.0,0
220404,San Martin,Piscoyacu,1997,0.0,0
220708,San Martin,Shamboyacu,1997,0.0,0
220204,San Martin,Huallaga,1997,0.0,0
220605,San Martin,Pajarillo,1997,0.0,0
010703,Amazonas,Cumba,1997,0.0,0
220704,San Martin,Pilluana,1997,0.0,0
220104,San Martin,Jepelacio,1997,0.0,0
220505,San Martin,Cuñumbuqui,1997,0.0,0
220507,San Martin,Rumisapa,1997,0.0,0
220913,San Martin,Sauce,1997,0.0,0
010608,Amazonas,Milpuc,1997,0.0,0
220405,San Martin,Sacanche,1997,0.0,0
220709,San Martin,Tingo De Ponasa,1997,0.0,0
220304,San Martin,Santa Rosa,1997,0.0,0
100903,Huanuco,Honoria,1997,0.0,0
220203,San Martin,Bajo Biavo,1997,0.0,0
220710,San Martin,Tres Unidos,1997,0.0,0
220510,San Martin,Tabalosos,1997,0.0,0
100904,Huanuco,Tournavista,1997,0.0,0
010701,Amazonas,Bagua Grande,1997,0.0,0
220701,San Martin,Picota,1997,0.0,0
220403,San Martin,El Eslabon,1997,0.0,0
250105,Ucayali,Yarinacocha,1997,0.0,0
220914,San Martin,Shapaja,1997,0.0,0
010707,Amazonas,Yamon,1997,0.0,0
010705,Amazonas,Jamalca,1997,0.0,0
220205,San Martin,San Pablo,1997,0.0,0
220705,San Martin,Pucacaca,1997,0.0,0
220601,San Martin,Juanjui,1997,0.0,0
100905,Huanuco,Yuyapichis,1997,0.0,0
100608,Huanuco,Castillo Grande,1997,0.0,0
220302,San Martin,Agua Blanca,1997,0.0,0
250306,Ucayali,Huipoca,1997,0.0,0
010611,Amazonas,Totora,1997,0.0,0
010706,Amazonas,Lonya Grande,1997,0.0,0
220706,San Martin,San Cristobal,1997,0.0,0
010303,Amazonas,Churuja,1997,0.0,0
220301,San Martin,San Jose De Sisa,1997,0.0,0
010204,Amazonas,El Parco,1997,0.0,0
010306,Amazonas,Florida,1997,0.0,0
220303,San Martin,San Martin,1997,0.0,0
220106,San Martin,Yantalo,1997,0.0,0
220305,San Martin,Shatoja,1997,0.0,0
010104,Amazonas,Cheto,1997,0.0,0
160201,Loreto,Yurimaguas,1997,0.0,0
060901,Cajamarca,San Ignacio,1997,0.0,0
220511,San Martin,Zapatero,1997,0.0,0
060811,Cajamarca,San Jose Del Alto,1997,0.0,0
010206,Amazonas,La Peca,1997,0.0,0
220401,San Martin,Saposoa,1997,0.0,0
060902,Cajamarca,Chirinos,1997,0.0,0
220908,San Martin,Juan Guerra,1997,0.0,0
060904,Cajamarca,La Coipa,1997,0.0,0
220808,San Martin,Yorongos,1997,0.0,0
120607,Junin,Rio Negro,1997,0.0,0
060812,Cajamarca,Santa Rosa,1997,0.0,0
250106,Ucayali,Nueva Requena,1997,0.0,0
220802,San Martin,Awajun,1997,0.34834,1
250302,Ucayali,Irazola,1997,0.0,0
010109,Amazonas,La Jalca,1997,0.0,0
220906,San Martin,El Porvenir,1997,0.0,0
220707,San Martin,San Hilarion,1997,0.0,0
220806,San Martin,Posic,1997,0.0,0
220406,San Martin,Tingo De Saposoa,1997,0.0,0
100901,Huanuco,Puerto Inca,1997,0.0,0
010105,Amazonas,Chiliquin,1997,0.0,0
220105,San Martin,Soritor,1997,0.0,0
220201,San Martin,Bellavista,1997,0.0,0
060803,Cajamarca,Chontali,1997,0.0,0
100605,Huanuco,Luyando,1997,0.0,0
010307,Amazonas,Jazan,1997,0.0,0
010502,Amazonas,Camporredondo,1997,0.0,0
010515,Amazonas,Providencia,1997,0.0,0
010102,Amazonas,Asuncion,1997,0.0,0
010510,Amazonas,Luya Viejo,1997,0.0,0
100601,Huanuco,Rupa-Rupa,1997,0.0,0
010514,Amazonas,Pisuquia,1997,0.0,0
060810,Cajamarca,San Felipe,1997,0.0,0
010305,Amazonas,Cuispes,1997,0.0,0
060905,Cajamarca,Namballe,1997,0.354845,1
010119,Amazonas,San Isidro De Maino,1997,0.0,0
060801,Cajamarca,Jaen,1997,0.0,0
010513,Amazonas,Ocumal,1997,0.0,0
220912,San Martin,San Antonio,1997,0.0,0
220903,San Martin,Cacatachi,1997,0.0,0
120602,Junin,Coviriali,1997,0.0,0
120304,Junin,San Luis De Shuaro,1997,0.0,0
120601,Junin,Satipo,1997,0.0,0
010203,Amazonas,Copallin,1997,0.0,0
010112,Amazonas,Magdalena,1997,0.0,0
220102,San Martin,Calzada,1997,0.0,0
060805,Cajamarca,Huabal,1997,0.0,0
010610,Amazonas,Santa Rosa,1997,0.0,0
220503,San Martin,Barranquita,1997,0.0,0
220801,San Martin,Rioja,1997,0.120253,1
220703,San Martin,Caspisapa,1997,0.0,0
080904,Cusco,Maranura,1997,0.0,0
010117,Amazonas,Quinjalca,1997,0.0,0
250303,Ucayali,Curimana,1997,0.0,0
010308,Amazonas,Recta,1997,0.0,0
010115,Amazonas,Montevideo,1997,0.0,0
010114,Amazonas,Molinopampa,1997,0.0,0
010503,Amazonas,Cocabamba,1997,0.0,0
060809,Cajamarca,Sallique,1997,0.0,0
010120,Amazonas,Soloco,1997,0.0,0
010521,Amazonas,Santo Tomas,1997,0.0,0
100113,Huanuco,San Pablo De Pillao,1997,0.0,0
010602,Amazonas,Chirimoto,1997,0.0,0
100603,Huanuco,Hermilio Valdizan,1997,0.0,0
010111,Amazonas,Levanto,1997,0.0,0
010518,Amazonas,San Jeronimo,1997,0.0,0
010609,Amazonas,Omia,1997,0.0,0
100902,Huanuco,Codo Del Pozuzo,1997,0.0,0
010113,Amazonas,Mariscal Castilla,1997,0.0,0
220101,San Martin,Moyobamba,1997,0.176117,1
010310,Amazonas,Shipasbamba,1997,0.0,0
100103,Huanuco,Chinchao,1997,0.0,0
010311,Amazonas,Valera,1997,0.0,0
060907,Cajamarca,Tabaconas,1997,0.124004,1
160112,Loreto,Belen,1997,0.0,0
200307,Piura,Sondor,1997,0.0,0
220803,San Martin,Elias Soplin Vargas,1997,0.415131,1
010506,Amazonas,Inguilpata,1997,0.0,0
220506,San Martin,Pinto Recodo,1997,0.0,0
120303,Junin,Pichanaqui,1997,0.106598,1
010202,Amazonas,Aramango,1997,0.0,0
010606,Amazonas,Longar,1997,0.0,0
160101,Loreto,Iquitos,1997,0.0,0
010507,Amazonas,Longuita,1997,0.0,0
221001,San Martin,Tocache,1997,0.0,0
010511,Amazonas,Maria,1997,0.0,0
080901,Cusco,Santa Ana,1997,0.0,0
120302,Junin,Perene,1997,0.050018,1
050409,Ayacucho,Canayre,1997,0.0,0
221002,San Martin,Nuevo Progreso,1997,0.0,0
200303,Piura,El Carmen De La Frontera,1997,0.001006,1
100609,Huanuco,Pueblo Nuevo,1997,0.0,0
080903,Cusco,Huayopata,1997,0.000284,1
010604,Amazonas,Huambo,1997,0.0,0
100505,Huanuco,Jircan,1997,0.0,0
010512,Amazonas,Ocalli,1997,0.0,0
010101,Amazonas,Chachapoyas,1997,0.0,0
060903,Cajamarca,Huarango,1997,0.0,0
010116,Amazonas,Olleros,1997,0.034633,1
010605,Amazonas,Limabamba,1997,0.0,0
100804,Huanuco,Umari,1997,0.0,0
220504,San Martin,Caynarachi,1997,0.0,0
080905,Cusco,Ocobamba,1997,0.0,0
010517,Amazonas,San Francisco Del Yeso,1997,0.0,0
120609,Junin,Vizcatán Del Ene,1997,0.0,0
060807,Cajamarca,Pomahuaca,1997,0.0,0
010304,Amazonas,Corosha,1997,0.000488,1
221005,San Martin,Uchiza,1997,0.0,0
220807,San Martin,San Fernando,1997,0.0,0
050512,Ayacucho,Union Progreso,1997,0.0,0
060804,Cajamarca,Colasay,1997,0.0,0
160503,Loreto,Capelo,1997,0.0,0
220910,San Martin,Morales,1997,0.0,0
120604,Junin,Mazamari,1997,0.0,0
120603,Junin,Llaylla,1997,0.0,0
010520,Amazonas,Santa Catalina,1997,0.0,0
010603,Amazonas,Cochamal,1997,0.0,0
120209,Junin,Mariscal Castilla,1997,0.0,0
010601,Amazonas,San Nicolas,1997,0.0,0
010519,Amazonas,San Juan De Lopecancha,1997,0.0,0
160211,Loreto,Teniente Cesar Lopez Rojas,1997,0.0,0
080408,Cusco,Yanatile,1997,0.002679,1
050408,Ayacucho,Llochegua,1997,0.0,0
100507,Huanuco,Monzon,1997,0.0,0
081304,Cusco,Machupicchu,1997,0.905961,1
220909,San Martin,La Banda De Shilcayo,1997,0.0,0
220103,San Martin,Habana,1997,0.0,0
100606,Huanuco,Mariano Damaso Beraun,1997,0.06402,1
010508,Amazonas,Lonya Chico,1997,0.0,0
170102,Madre De Dios,Inambari,1997,0.203168,1
050502,Ayacucho,Anco,1997,0.0,0
010523,Amazonas,Trita,1997,0.0,0
010516,Amazonas,San Cristobal,1997,0.0,0
080918,Cusco,Union Ashaninka,1997,0.0,0
221006,San Martin,Santa Lucia,1997,0.0,0
100702,Huanuco,Cholon,1997,0.0,0
211205,Puno,Phara,1997,0.0,0
170204,Madre De Dios,Huepetuhe,1997,0.0,0
010302,Amazonas,Chisquilla,1997,0.002463,1
050507,Ayacucho,Santa Rosa,1997,0.0,0
220804,San Martin,Nueva Cajamarca,1997,0.40854,1
220809,San Martin,Yuracyacu,1997,0.0,0
160603,Loreto,Padre Marquez,1997,0.0,0
010522,Amazonas,Tingo,1997,0.0,0
080906,Cusco,Quellouno,1997,5.5e-05,1
010301,Amazonas,Jumbilla,1997,0.0,0
080917,Cusco,Manitea,1997,0.0,0
250305,Ucayali,Alexander Von Humboldt,1998,0.0,0
220509,San Martin,Shanao,1998,0.0,0
250304,Ucayali,Neshuya,1998,0.0,0
220501,San Martin,Lamas,1998,0.0,0
220902,San Martin,Alberto Leveau,1998,0.0,0
250102,Ucayali,Campoverde,1998,0.0,0
220702,San Martin,Buenos Aires,1998,0.0,0
220502,San Martin,Alonso De Alvarado,1998,0.0,0
220404,San Martin,Piscoyacu,1998,0.0,0
220708,San Martin,Shamboyacu,1998,0.0,0
220204,San Martin,Huallaga,1998,0.0,0
220605,San Martin,Pajarillo,1998,0.0,0
010703,Amazonas,Cumba,1998,0.0,0
220704,San Martin,Pilluana,1998,0.0,0
220104,San Martin,Jepelacio,1998,0.0,0
220505,San Martin,Cuñumbuqui,1998,0.0,0
220507,San Martin,Rumisapa,1998,0.0,0
220913,San Martin,Sauce,1998,0.0,0
010608,Amazonas,Milpuc,1998,0.0,0
220405,San Martin,Sacanche,1998,0.0,0
220709,San Martin,Tingo De Ponasa,1998,0.0,0
220304,San Martin,Santa Rosa,1998,0.0,0
100903,Huanuco,Honoria,1998,0.0,0
220203,San Martin,Bajo Biavo,1998,0.0,0
220710,San Martin,Tres Unidos,1998,0.0,0
220510,San Martin,Tabalosos,1998,0.0,0
100904,Huanuco,Tournavista,1998,0.0,0
010701,Amazonas,Bagua Grande,1998,0.0,0
220701,San Martin,Picota,1998,0.0,0
220403,San Martin,El Eslabon,1998,0.0,0
250105,Ucayali,Yarinacocha,1998,0.0,0
220914,San Martin,Shapaja,1998,0.0,0
010707,Amazonas,Yamon,1998,0.0,0
010705,Amazonas,Jamalca,1998,0.0,0
220205,San Martin,San Pablo,1998,0.0,0
220705,San Martin,Pucacaca,1998,0.0,0
220601,San Martin,Juanjui,1998,0.0,0
100905,Huanuco,Yuyapichis,1998,0.0,0
100608,Huanuco,Castillo Grande,1998,0.0,0
220302,San Martin,Agua Blanca,1998,0.0,0
250306,Ucayali,Huipoca,1998,0.0,0
010611,Amazonas,Totora,1998,0.0,0
010706,Amazonas,Lonya Grande,1998,0.0,0
220706,San Martin,San Cristobal,1998,0.0,0
010303,Amazonas,Churuja,1998,0.0,0
220301,San Martin,San Jose De Sisa,1998,0.0,0
010204,Amazonas,El Parco,1998,0.0,0
010306,Amazonas,Florida,1998,0.0,0
220303,San Martin,San Martin,1998,0.0,0
220106,San Martin,Yantalo,1998,0.0,0
220305,San Martin,Shatoja,1998,0.0,0
010104,Amazonas,Cheto,1998,0.0,0
160201,Loreto,Yurimaguas,1998,0.0,0
060901,Cajamarca,San Ignacio,1998,0.0,0
220511,San Martin,Zapatero,1998,0.0,0
060811,Cajamarca,San Jose Del Alto,1998,0.0,0
010206,Amazonas,La Peca,1998,0.0,0
220401,San Martin,Saposoa,1998,0.0,0
060902,Cajamarca,Chirinos,1998,0.0,0
220908,San Martin,Juan Guerra,1998,0.0,0
060904,Cajamarca,La Coipa,1998,0.0,0
220808,San Martin,Yorongos,1998,0.0,0
120607,Junin,Rio Negro,1998,0.0,0
060812,Cajamarca,Santa Rosa,1998,0.0,0
250106,Ucayali,Nueva Requena,1998,0.0,0
220802,San Martin,Awajun,1998,0.34834,1
250302,Ucayali,Irazola,1998,0.0,0
010109,Amazonas,La Jalca,1998,0.0,0
220906,San Martin,El Porvenir,1998,0.0,0
220707,San Martin,San Hilarion,1998,0.0,0
220806,San Martin,Posic,1998,0.0,0
220406,San Martin,Tingo De Saposoa,1998,0.0,0
100901,Huanuco,Puerto Inca,1998,0.0,0
010105,Amazonas,Chiliquin,1998,0.0,0
220105,San Martin,Soritor,1998,0.0,0
220201,San Martin,Bellavista,1998,0.0,0
060803,Cajamarca,Chontali,1998,0.0,0
100605,Huanuco,Luyando,1998,0.0,0
010307,Amazonas,Jazan,1998,0.0,0
010502,Amazonas,Camporredondo,1998,0.0,0
010515,Amazonas,Providencia,1998,0.0,0
010102,Amazonas,Asuncion,1998,0.0,0
010510,Amazonas,Luya Viejo,1998,0.0,0
100601,Huanuco,Rupa-Rupa,1998,0.0,0
010514,Amazonas,Pisuquia,1998,0.0,0
060810,Cajamarca,San Felipe,1998,0.0,0
010305,Amazonas,Cuispes,1998,0.0,0
060905,Cajamarca,Namballe,1998,0.354845,1
010119,Amazonas,San Isidro De Maino,1998,0.0,0
060801,Cajamarca,Jaen,1998,0.0,0
010513,Amazonas,Ocumal,1998,0.0,0
220912,San Martin,San Antonio,1998,0.0,0
220903,San Martin,Cacatachi,1998,0.0,0
120602,Junin,Coviriali,1998,0.0,0
120304,Junin,San Luis De Shuaro,1998,0.0,0
120601,Junin,Satipo,1998,0.0,0
010203,Amazonas,Copallin,1998,0.0,0
010112,Amazonas,Magdalena,1998,0.0,0
220102,San Martin,Calzada,1998,0.0,0
060805,Cajamarca,Huabal,1998,0.0,0
010610,Amazonas,Santa Rosa,1998,0.0,0
220503,San Martin,Barranquita,1998,0.0,0
220801,San Martin,Rioja,1998,0.120253,1
220703,San Martin,Caspisapa,1998,0.0,0
080904,Cusco,Maranura,1998,0.0,0
010117,Amazonas,Quinjalca,1998,0.0,0
250303,Ucayali,Curimana,1998,0.0,0
010308,Amazonas,Recta,1998,0.0,0
010115,Amazonas,Montevideo,1998,0.0,0
010114,Amazonas,Molinopampa,1998,0.0,0
010503,Amazonas,Cocabamba,1998,0.0,0
060809,Cajamarca,Sallique,1998,0.0,0
010120,Amazonas,Soloco,1998,0.0,0
010521,Amazonas,Santo Tomas,1998,0.0,0
100113,Huanuco,San Pablo De Pillao,1998,0.0,0
010602,Amazonas,Chirimoto,1998,0.0,0
100603,Huanuco,Hermilio Valdizan,1998,0.0,0
010111,Amazonas,Levanto,1998,0.0,0
010518,Amazonas,San Jeronimo,1998,0.0,0
010609,Amazonas,Omia,1998,0.0,0
100902,Huanuco,Codo Del Pozuzo,1998,0.0,0
010113,Amazonas,Mariscal Castilla,1998,0.0,0
220101,San Martin,Moyobamba,1998,0.176117,1
010310,Amazonas,Shipasbamba,1998,0.0,0
100103,Huanuco,Chinchao,1998,0.0,0
010311,Amazonas,Valera,1998,0.0,0
060907,Cajamarca,Tabaconas,1998,0.124004,1
160112,Loreto,Belen,1998,0.0,0
200307,Piura,Sondor,1998,0.0,0
220803,San Martin,Elias Soplin Vargas,1998,0.415131,1
010506,Amazonas,Inguilpata,1998,0.0,0
220506,San Martin,Pinto Recodo,1998,0.0,0
120303,Junin,Pichanaqui,1998,0.106598,1
010202,Amazonas,Aramango,1998,0.0,0
010606,Amazonas,Longar,1998,0.0,0
160101,Loreto,Iquitos,1998,0.0,0
010507,Amazonas,Longuita,1998,0.0,0
221001,San Martin,Tocache,1998,0.0,0
010511,Amazonas,Maria,1998,0.0,0
080901,Cusco,Santa Ana,1998,0.0,0
120302,Junin,Perene,1998,0.050018,1
050409,Ayacucho,Canayre,1998,0.0,0
221002,San Martin,Nuevo Progreso,1998,0.0,0
200303,Piura,El Carmen De La Frontera,1998,0.001006,1
100609,Huanuco,Pueblo Nuevo,1998,0.0,0
080903,Cusco,Huayopata,1998,0.000284,1
010604,Amazonas,Huambo,1998,0.0,0
100505,Huanuco,Jircan,1998,0.0,0
010512,Amazonas,Ocalli,1998,0.0,0
010101,Amazonas,Chachapoyas,1998,0.0,0
060903,Cajamarca,Huarango,1998,0.0,0
010116,Amazonas,Olleros,1998,0.034633,1
010605,Amazonas,Limabamba,1998,0.0,0
100804,Huanuco,Umari,1998,0.0,0
220504,San Martin,Caynarachi,1998,0.0,0
080905,Cusco,Ocobamba,1998,0.0,0
010517,Amazonas,San Francisco Del Yeso,1998,0.0,0
120609,Junin,Vizcatán Del Ene,1998,0.0,0
060807,Cajamarca,Pomahuaca,1998,0.0,0
010304,Amazonas,Corosha,1998,0.000488,1
221005,San Martin,Uchiza,1998,0.0,0
220807,San Martin,San Fernando,1998,0.0,0
050512,Ayacucho,Union Progreso,1998,0.0,0
060804,Cajamarca,Colasay,1998,0.0,0
160503,Loreto,Capelo,1998,0.0,0
220910,San Martin,Morales,1998,0.0,0
120604,Junin,Mazamari,1998,0.0,0
120603,Junin,Llaylla,1998,0.0,0
010520,Amazonas,Santa Catalina,1998,0.0,0
010603,Amazonas,Cochamal,1998,0.0,0
120209,Junin,Mariscal Castilla,1998,0.0,0
010601,Amazonas,San Nicolas,1998,0.0,0
010519,Amazonas,San Juan De Lopecancha,1998,0.0,0
160211,Loreto,Teniente Cesar Lopez Rojas,1998,0.0,0
080408,Cusco,Yanatile,1998,0.002679,1
050408,Ayacucho,Llochegua,1998,0.0,0
100507,Huanuco,Monzon,1998,0.0,0
081304,Cusco,Machupicchu,1998,0.905961,1
220909,San Martin,La Banda De Shilcayo,1998,0.0,0
220103,San Martin,Habana,1998,0.0,0
100606,Huanuco,Mariano Damaso Beraun,1998,0.06402,1
010508,Amazonas,Lonya Chico,1998,0.0,0
170102,Madre De Dios,Inambari,1998,0.203168,1
050502,Ayacucho,Anco,1998,0.0,0
010523,Amazonas,Trita,1998,0.0,0
010516,Amazonas,San Cristobal,1998,0.0,0
080918,Cusco,Union Ashaninka,1998,0.0,0
221006,San Martin,Santa Lucia,1998,0.0,0
100702,Huanuco,Cholon,1998,0.0,0
211205,Puno,Phara,1998,0.0,0
170204,Madre De Dios,Huepetuhe,1998,0.0,0
010302,Amazonas,Chisquilla,1998,0.002463,1
050507,Ayacucho,Santa Rosa,1998,0.0,0
220804,San Martin,Nueva Cajamarca,1998,0.40854,1
220809,San Martin,Yuracyacu,1998,0.0,0
160603,Loreto,Padre Marquez,1998,0.0,0
010522,Amazonas,Tingo,1998,0.0,0
080906,Cusco,Quellouno,1998,5.5e-05,1
010301,Amazonas,Jumbilla,1998,0.0,0
080917,Cusco,Manitea,1998,0.0,0
250305,Ucayali,Alexander Von Humboldt,1999,0.0,0
220509,San Martin,Shanao,1999,0.0,0
250304,Ucayali,Neshuya,1999,0.0,0
220501,San Martin,Lamas,1999,0.0,0
220902,San Martin,Alberto Leveau,1999,0.0,0
250102,Ucayali,Campoverde,1999,0.0,0
220702,San Martin,Buenos Aires,1999,0.0,0
220502,San Martin,Alonso De Alvarado,1999,0.0,0
220404,San Martin,Piscoyacu,1999,0.0,0
220708,San Martin,Shamboyacu,1999,0.0,0
220204,San Martin,Huallaga,1999,0.0,0
220605,San Martin,Pajarillo,1999,0.0,0
010703,Amazonas,Cumba,1999,0.0,0
220704,San Martin,Pilluana,1999,0.0,0
220104,San Martin,Jepelacio,1999,0.0,0
220505,San Martin,Cuñumbuqui,1999,0.0,0
220507,San Martin,Rumisapa,1999,0.0,0
220913,San Martin,Sauce,1999,0.0,0
010608,Amazonas,Milpuc,1999,0.0,0
220405,San Martin,Sacanche,1999,0.0,0
220709,San Martin,Tingo De Ponasa,1999,0.0,0
220304,San Martin,Santa Rosa,1999,0.0,0
100903,Huanuco,Honoria,1999,0.0,0
220203,San Martin,Bajo Biavo,1999,0.0,0
220710,San Martin,Tres Unidos,1999,0.0,0
220510,San Martin,Tabalosos,1999,0.0,0
100904,Huanuco,Tournavista,1999,0.0,0
010701,Amazonas,Bagua Grande,1999,0.0,0
220701,San Martin,Picota,1999,0.0,0
220403,San Martin,El Eslabon,1999,0.0,0
250105,Ucayali,Yarinacocha,1999,0.0,0
220914,San Martin,Shapaja,1999,0.0,0
010707,Amazonas,Yamon,1999,0.0,0
010705,Amazonas,Jamalca,1999,0.0,0
220205,San Martin,San Pablo,1999,0.0,0
220705,San Martin,Pucacaca,1999,0.0,0
220601,San Martin,Juanjui,1999,0.0,0
100905,Huanuco,Yuyapichis,1999,0.0,0
100608,Huanuco,Castillo Grande,1999,0.0,0
220302,San Martin,Agua Blanca,1999,0.0,0
250306,Ucayali,Huipoca,1999,0.0,0
010611,Amazonas,Totora,1999,0.0,0
010706,Amazonas,Lonya Grande,1999,0.0,0
220706,San Martin,San Cristobal,1999,0.0,0
010303,Amazonas,Churuja,1999,0.0,0
220301,San Martin,San Jose De Sisa,1999,0.0,0
010204,Amazonas,El Parco,1999,0.0,0
010306,Amazonas,Florida,1999,0.0,0
220303,San Martin,San Martin,1999,0.0,0
220106,San Martin,Yantalo,1999,0.0,0
220305,San Martin,Shatoja,1999,0.0,0
010104,Amazonas,Cheto,1999,0.0,0
160201,Loreto,Yurimaguas,1999,0.0,0
060901,Cajamarca,San Ignacio,1999,0.0,0
220511,San Martin,Zapatero,1999,0.0,0
060811,Cajamarca,San Jose Del Alto,1999,0.0,0
010206,Amazonas,La Peca,1999,0.0,0
220401,San Martin,Saposoa,1999,0.0,0
060902,Cajamarca,Chirinos,1999,0.0,0
220908,San Martin,Juan Guerra,1999,0.0,0
060904,Cajamarca,La Coipa,1999,0.0,0
220808,San Martin,Yorongos,1999,0.0,0
120607,Junin,Rio Negro,1999,0.0,0
060812,Cajamarca,Santa Rosa,1999,0.0,0
250106,Ucayali,Nueva Requena,1999,0.0,0
220802,San Martin,Awajun,1999,0.34834,1
250302,Ucayali,Irazola,1999,0.0,0
010109,Amazonas,La Jalca,1999,0.0,0
220906,San Martin,El Porvenir,1999,0.0,0
220707,San Martin,San Hilarion,1999,0.0,0
220806,San Martin,Posic,1999,0.0,0
220406,San Martin,Tingo De Saposoa,1999,0.0,0
100901,Huanuco,Puerto Inca,1999,0.0,0
010105,Amazonas,Chiliquin,1999,0.0,0
220105,San Martin,Soritor,1999,0.0,0
220201,San Martin,Bellavista,1999,0.0,0
060803,Cajamarca,Chontali,1999,0.0,0
100605,Huanuco,Luyando,1999,0.0,0
010307,Amazonas,Jazan,1999,0.0,0
010502,Amazonas,Camporredondo,1999,0.0,0
010515,Amazonas,Providencia,1999,0.0,0
010102,Amazonas,Asuncion,1999,0.0,0
010510,Amazonas,Luya Viejo,1999,0.0,0
100601,Huanuco,Rupa-Rupa,1999,0.0,0
010514,Amazonas,Pisuquia,1999,0.0,0
060810,Cajamarca,San Felipe,1999,0.0,0
010305,Amazonas,Cuispes,1999,0.0,0
060905,Cajamarca,Namballe,1999,0.354845,1
010119,Amazonas,San Isidro De Maino,1999,0.0,0
060801,Cajamarca,Jaen,1999,0.0,0
010513,Amazonas,Ocumal,1999,0.0,0
220912,San Martin,San Antonio,1999,0.0,0
220903,San Martin,Cacatachi,1999,0.0,0
120602,Junin,Coviriali,1999,0.0,0
120304,Junin,San Luis De Shuaro,1999,0.0,0
120601,Junin,Satipo,1999,0.0,0
010203,Amazonas,Copallin,1999,0.0,0
010112,Amazonas,Magdalena,1999,0.0,0
220102,San Martin,Calzada,1999,0.0,0
060805,Cajamarca,Huabal,1999,0.0,0
010610,Amazonas,Santa Rosa,1999,0.0,0
220503,San Martin,Barranquita,1999,0.0,0
220801,San Martin,Rioja,1999,0.120253,1
220703,San Martin,Caspisapa,1999,0.0,0
080904,Cusco,Maranura,1999,0.0,0
010117,Amazonas,Quinjalca,1999,0.0,0
250303,Ucayali,Curimana,1999,0.0,0
010308,Amazonas,Recta,1999,0.0,0
010115,Amazonas,Montevideo,1999,0.0,0
010114,Amazonas,Molinopampa,1999,0.0,0
010503,Amazonas,Cocabamba,1999,0.0,0
060809,Cajamarca,Sallique,1999,0.0,0
010120,Amazonas,Soloco,1999,0.0,0
010521,Amazonas,Santo Tomas,1999,0.0,0
100113,Huanuco,San Pablo De Pillao,1999,0.0,0
010602,Amazonas,Chirimoto,1999,0.0,0
100603,Huanuco,Hermilio Valdizan,1999,0.0,0
010111,Amazonas,Levanto,1999,0.0,0
010518,Amazonas,San Jeronimo,1999,0.0,0
010609,Amazonas,Omia,1999,0.0,0
100902,Huanuco,Codo Del Pozuzo,1999,0.0,0
010113,Amazonas,Mariscal Castilla,1999,0.0,0
220101,San Martin,Moyobamba,1999,0.176117,1
010310,Amazonas,Shipasbamba,1999,0.0,0
100103,Huanuco,Chinchao,1999,0.0,0
010311,Amazonas,Valera,1999,0.0,0
060907,Cajamarca,Tabaconas,1999,0.124004,1
160112,Loreto,Belen,1999,0.0,0
200307,Piura,Sondor,1999,0.0,0
220803,San Martin,Elias Soplin Vargas,1999,0.415131,1
010506,Amazonas,Inguilpata,1999,0.0,0
220506,San Martin,Pinto Recodo,1999,0.0,0
120303,Junin,Pichanaqui,1999,0.106598,1
010202,Amazonas,Aramango,1999,0.0,0
010606,Amazonas,Longar,1999,0.0,0
160101,Loreto,Iquitos,1999,0.0,0
010507,Amazonas,Longuita,1999,0.0,0
221001,San Martin,Tocache,1999,0.0,0
010511,Amazonas,Maria,1999,0.0,0
080901,Cusco,Santa Ana,1999,0.0,0
120302,Junin,Perene,1999,0.050018,1
050409,Ayacucho,Canayre,1999,0.0,0
221002,San Martin,Nuevo Progreso,1999,0.0,0
200303,Piura,El Carmen De La Frontera,1999,0.001006,1
100609,Huanuco,Pueblo Nuevo,1999,0.0,0
080903,Cusco,Huayopata,1999,0.000284,1
010604,Amazonas,Huambo,1999,0.0,0
100505,Huanuco,Jircan,1999,0.0,0
010512,Amazonas,Ocalli,1999,0.0,0
010101,Amazonas,Chachapoyas,1999,0.0,0
060903,Cajamarca,Huarango,1999,0.0,0
010116,Amazonas,Olleros,1999,0.034633,1
010605,Amazonas,Limabamba,1999,0.0,0
100804,Huanuco,Umari,1999,0.0,0
220504,San Martin,Caynarachi,1999,0.0,0
080905,Cusco,Ocobamba,1999,0.0,0
010517,Amazonas,San Francisco Del Yeso,1999,0.0,0
120609,Junin,Vizcatán Del Ene,1999,0.0,0
060807,Cajamarca,Pomahuaca,1999,0.0,0
010304,Amazonas,Corosha,1999,0.000488,1
221005,San Martin,Uchiza,1999,0.0,0
220807,San Martin,San Fernando,1999,0.0,0
050512,Ayacucho,Union Progreso,1999,0.0,0
060804,Cajamarca,Colasay,1999,0.0,0
160503,Loreto,Capelo,1999,0.0,0
220910,San Martin,Morales,1999,0.0,0
120604,Junin,Mazamari,1999,0.0,0
120603,Junin,Llaylla,1999,0.0,0
010520,Amazonas,Santa Catalina,1999,0.0,0
010603,Amazonas,Cochamal,1999,0.0,0
120209,Junin,Mariscal Castilla,1999,0.0,0
010601,Amazonas,San Nicolas,1999,0.0,0
010519,Amazonas,San Juan De Lopecancha,1999,0.0,0
160211,Loreto,Teniente Cesar Lopez Rojas,1999,0.0,0
080408,Cusco,Yanatile,1999,0.002679,1
050408,Ayacucho,Llochegua,1999,0.0,0
100507,Huanuco,Monzon,1999,0.0,0
081304,Cusco,Machupicchu,1999,0.905961,1
220909,San Martin,La Banda De Shilcayo,1999,0.0,0
220103,San Martin,Habana,1999,0.0,0
100606,Huanuco,Mariano Damaso Beraun,1999,0.06402,1
010508,Amazonas,Lonya Chico,1999,0.0,0
170102,Madre De Dios,Inambari,1999,0.203168,1
050502,Ayacucho,Anco,1999,0.0,0
010523,Amazonas,Trita,1999,0.0,0
010516,Amazonas,San Cristobal,1999,0.0,0
080918,Cusco,Union Ashaninka,1999,0.0,0
221006,San Martin,Santa Lucia,1999,0.0,0
100702,Huanuco,Cholon,1999,0.0,0
211205,Puno,Phara,1999,0.0,0
170204,Madre De Dios,Huepetuhe,1999,0.0,0
010302,Amazonas,Chisquilla,1999,0.002463,1
050507,Ayacucho,Santa Rosa,1999,0.0,0
220804,San Martin,Nueva Cajamarca,1999,0.40854,1
220809,San Martin,Yuracyacu,1999,0.0,0
160603,Loreto,Padre Marquez,1999,0.0,0
010522,Amazonas,Tingo,1999,0.0,0
080906,Cusco,Quellouno,1999,5.5e-05,1
010301,Amazonas,Jumbilla,1999,0.0,0
080917,Cusco,Manitea,1999,0.0,0
250305,Ucayali,Alexander Von Humboldt,2000,0.0,0
220509,San Martin,Shanao,2000,0.0,0
250304,Ucayali,Neshuya,2000,0.0,0
220501,San Martin,Lamas,2000,0.0,0
220902,San Martin,Alberto Leveau,2000,0.0,0
250102,Ucayali,Campoverde,2000,0.0,0
220702,San Martin,Buenos Aires,2000,0.0,0
220502,San Martin,Alonso De Alvarado,2000,0.0,0
220404,San Martin,Piscoyacu,2000,0.0,0
220708,San Martin,Shamboyacu,2000,0.0,0
220204,San Martin,Huallaga,2000,0.0,0
220605,San Martin,Pajarillo,2000,0.0,0
010703,Amazonas,Cumba,2000,0.0,0
220704,San Martin,Pilluana,2000,0.0,0
220104,San Martin,Jepelacio,2000,0.0,0
220505,San Martin,Cuñumbuqui,2000,0.0,0
220507,San Martin,Rumisapa,2000,0.0,0
220913,San Martin,Sauce,2000,0.0,0
010608,Amazonas,Milpuc,2000,0.0,0
220405,San Martin,Sacanche,2000,0.0,0
220709,San Martin,Tingo De Ponasa,2000,0.0,0
220304,San Martin,Santa Rosa,2000,0.0,0
100903,Huanuco,Honoria,2000,0.0,0
220203,San Martin,Bajo Biavo,2000,0.0,0
220710,San Martin,Tres Unidos,2000,0.0,0
220510,San Martin,Tabalosos,2000,0.0,0
100904,Huanuco,Tournavista,2000,0.0,0
010701,Amazonas,Bagua Grande,2000,0.0,0
220701,San Martin,Picota,2000,0.0,0
220403,San Martin,El Eslabon,2000,0.0,0
250105,Ucayali,Yarinacocha,2000,0.0,0
220914,San Martin,Shapaja,2000,0.0,0
010707,Amazonas,Yamon,2000,0.0,0
010705,Amazonas,Jamalca,2000,0.0,0
220205,San Martin,San Pablo,2000,0.0,0
220705,San Martin,Pucacaca,2000,0.0,0
220601,San Martin,Juanjui,2000,0.0,0
100905,Huanuco,Yuyapichis,2000,0.0,0
100608,Huanuco,Castillo Grande,2000,0.0,0
220302,San Martin,Agua Blanca,2000,0.0,0
250306,Ucayali,Huipoca,2000,0.0,0
010611,Amazonas,Totora,2000,0.0,0
010706,Amazonas,Lonya Grande,2000,0.0,0
220706,San Martin,San Cristobal,2000,0.0,0
010303,Amazonas,Churuja,2000,0.0,0
220301,San Martin,San Jose De Sisa,2000,0.0,0
010204,Amazonas,El Parco,2000,0.0,0
010306,Amazonas,Florida,2000,0.0,0
220303,San Martin,San Martin,2000,0.0,0
220106,San Martin,Yantalo,2000,0.0,0
220305,San Martin,Shatoja,2000,0.0,0
010104,Amazonas,Cheto,2000,0.0,0
160201,Loreto,Yurimaguas,2000,0.0,0
060901,Cajamarca,San Ignacio,2000,0.0,0
220511,San Martin,Zapatero,2000,0.0,0
060811,Cajamarca,San Jose Del Alto,2000,0.0,0
010206,Amazonas,La Peca,2000,0.0,0
220401,San Martin,Saposoa,2000,0.0,0
060902,Cajamarca,Chirinos,2000,0.0,0
220908,San Martin,Juan Guerra,2000,0.0,0
060904,Cajamarca,La Coipa,2000,0.0,0
220808,San Martin,Yorongos,2000,0.0,0
120607,Junin,Rio Negro,2000,0.0,0
060812,Cajamarca,Santa Rosa,2000,0.0,0
250106,Ucayali,Nueva Requena,2000,0.0,0
220802,San Martin,Awajun,2000,0.34834,1
250302,Ucayali,Irazola,2000,0.0,0
010109,Amazonas,La Jalca,2000,0.0,0
220906,San Martin,El Porvenir,2000,0.0,0
220707,San Martin,San Hilarion,2000,0.0,0
220806,San Martin,Posic,2000,0.0,0
220406,San Martin,Tingo De Saposoa,2000,0.0,0
100901,Huanuco,Puerto Inca,2000,0.0,0
010105,Amazonas,Chiliquin,2000,0.0,0
220105,San Martin,Soritor,2000,0.0,0
220201,San Martin,Bellavista,2000,0.0,0
060803,Cajamarca,Chontali,2000,0.0,0
100605,Huanuco,Luyando,2000,0.0,0
010307,Amazonas,Jazan,2000,0.0,0
010502,Amazonas,Camporredondo,2000,0.0,0
010515,Amazonas,Providencia,2000,0.0,0
010102,Amazonas,Asuncion,2000,0.0,0
010510,Amazonas,Luya Viejo,2000,0.0,0
100601,Huanuco,Rupa-Rupa,2000,0.0,0
010514,Amazonas,Pisuquia,2000,0.0,0
060810,Cajamarca,San Felipe,2000,0.0,0
010305,Amazonas,Cuispes,2000,0.0,0
060905,Cajamarca,Namballe,2000,0.354845,1
010119,Amazonas,San Isidro De Maino,2000,0.0,0
060801,Cajamarca,Jaen,2000,0.0,0
010513,Amazonas,Ocumal,2000,0.0,0
220912,San Martin,San Antonio,2000,0.0,0
220903,San Martin,Cacatachi,2000,0.0,0
120602,Junin,Coviriali,2000,0.0,0
120304,Junin,San Luis De Shuaro,2000,0.0,0
120601,Junin,Satipo,2000,0.0,0
010203,Amazonas,Copallin,2000,0.0,0
010112,Amazonas,Magdalena,2000,0.0,0
220102,San Martin,Calzada,2000,0.0,0
060805,Cajamarca,Huabal,2000,0.0,0
010610,Amazonas,Santa Rosa,2000,0.0,0
220503,San Martin,Barranquita,2000,0.0,0
220801,San Martin,Rioja,2000,0.120253,1
220703,San Martin,Caspisapa,2000,0.0,0
080904,Cusco,Maranura,2000,0.0,0
010117,Amazonas,Quinjalca,2000,0.0,0
250303,Ucayali,Curimana,2000,0.0,0
010308,Amazonas,Recta,2000,0.0,0
010115,Amazonas,Montevideo,2000,0.0,0
010114,Amazonas,Molinopampa,2000,0.0,0
010503,Amazonas,Cocabamba,2000,0.0,0
060809,Cajamarca,Sallique,2000,0.0,0
010120,Amazonas,Soloco,2000,0.0,0
010521,Amazonas,Santo Tomas,2000,0.0,0
100113,Huanuco,San Pablo De Pillao,2000,0.0,0
010602,Amazonas,Chirimoto,2000,0.0,0
100603,Huanuco,Hermilio Valdizan,2000,0.0,0
010111,Amazonas,Levanto,2000,0.0,0
010518,Amazonas,San Jeronimo,2000,0.0,0
010609,Amazonas,Omia,2000,0.0,0
100902,Huanuco,Codo Del Pozuzo,2000,0.0,0
010113,Amazonas,Mariscal Castilla,2000,0.0,0
220101,San Martin,Moyobamba,2000,0.176117,1
010310,Amazonas,Shipasbamba,2000,0.0,0
100103,Huanuco,Chinchao,2000,0.0,0
010311,Amazonas,Valera,2000,0.0,0
060907,Cajamarca,Tabaconas,2000,0.124004,1
160112,Loreto,Belen,2000,0.0,0
200307,Piura,Sondor,2000,0.0,0
220803,San Martin,Elias Soplin Vargas,2000,0.415131,1
010506,Amazonas,Inguilpata,2000,0.0,0
220506,San Martin,Pinto Recodo,2000,0.0,0
120303,Junin,Pichanaqui,2000,0.106598,1
010202,Amazonas,Aramango,2000,0.0,0
010606,Amazonas,Longar,2000,0.0,0
160101,Loreto,Iquitos,2000,0.0,0
010507,Amazonas,Longuita,2000,0.0,0
221001,San Martin,Tocache,2000,0.0,0
010511,Amazonas,Maria,2000,0.0,0
080901,Cusco,Santa Ana,2000,0.0,0
120302,Junin,Perene,2000,0.050018,1
050409,Ayacucho,Canayre,2000,0.0,0
221002,San Martin,Nuevo Progreso,2000,0.0,0
200303,Piura,El Carmen De La Frontera,2000,0.001006,1
100609,Huanuco,Pueblo Nuevo,2000,0.0,0
080903,Cusco,Huayopata,2000,0.000284,1
010604,Amazonas,Huambo,2000,0.0,0
100505,Huanuco,Jircan,2000,0.0,0
010512,Amazonas,Ocalli,2000,0.0,0
010101,Amazonas,Chachapoyas,2000,0.0,0
060903,Cajamarca,Huarango,2000,0.0,0
010116,Amazonas,Olleros,2000,0.034633,1
010605,Amazonas,Limabamba,2000,0.0,0
100804,Huanuco,Umari,2000,0.0,0
220504,San Martin,Caynarachi,2000,0.0,0
080905,Cusco,Ocobamba,2000,0.0,0
010517,Amazonas,San Francisco Del Yeso,2000,0.0,0
120609,Junin,Vizcatán Del Ene,2000,0.0,0
060807,Cajamarca,Pomahuaca,2000,0.0,0
010304,Amazonas,Corosha,2000,0.000488,1
221005,San Martin,Uchiza,2000,0.0,0
220807,San Martin,San Fernando,2000,0.0,0
050512,Ayacucho,Union Progreso,2000,0.0,0
060804,Cajamarca,Colasay,2000,0.0,0
160503,Loreto,Capelo,2000,0.0,0
220910,San Martin,Morales,2000,0.0,0
120604,Junin,Mazamari,2000,0.0,0
120603,Junin,Llaylla,2000,0.0,0
010520,Amazonas,Santa Catalina,2000,0.0,0
010603,Amazonas,Cochamal,2000,0.0,0
120209,Junin,Mariscal Castilla,2000,0.0,0
010601,Amazonas,San Nicolas,2000,0.0,0
010519,Amazonas,San Juan De Lopecancha,2000,0.0,0
160211,Loreto,Teniente Cesar Lopez Rojas,2000,0.0,0
080408,Cusco,Yanatile,2000,0.002679,1
050408,Ayacucho,Llochegua,2000,0.0,0
100507,Huanuco,Monzon,2000,0.0,0
081304,Cusco,Machupicchu,2000,0.905961,1
220909,San Martin,La Banda De Shilcayo,2000,0.0,0
220103,San Martin,Habana,2000,0.0,0
100606,Huanuco,Mariano Damaso Beraun,2000,0.06402,1
010508,Amazonas,Lonya Chico,2000,0.0,0
170102,Madre De Dios,Inambari,2000,0.372706,1
050502,Ayacucho,Anco,2000,0.0,0
010523,Amazonas,Trita,2000,0.0,0
010516,Amazonas,San Cristobal,2000,0.0,0
080918,Cusco,Union Ashaninka,2000,0.0,0
221006,San Martin,Santa Lucia,2000,0.0,0
100702,Huanuco,Cholon,2000,0.0,0
211205,Puno,Phara,2000,0.0,0
170204,Madre De Dios,Huepetuhe,2000,0.0,0
010302,Amazonas,Chisquilla,2000,0.002463,1
050507,Ayacucho,Santa Rosa,2000,0.0,0
220804,San Martin,Nueva Cajamarca,2000,0.40854,1
220809,San Martin,Yuracyacu,2000,0.0,0
160603,Loreto,Padre Marquez,2000,0.0,0
010522,Amazonas,Tingo,2000,0.0,0
080906,Cusco,Quellouno,2000,5.5e-05,1
010301,Amazonas,Jumbilla,2000,0.0,0
080917,Cusco,Manitea,2000,0.0,0
250305,Ucayali,Alexander Von Humboldt,2001,0.0,0
220509,San Martin,Shanao,2001,0.0,0
250304,Ucayali,Neshuya,2001,0.0,0
220501,San Martin,Lamas,2001,0.0,0
220902,San Martin,Alberto Leveau,2001,0.0,0
250102,Ucayali,Campoverde,2001,0.0,0
220702,San Martin,Buenos Aires,2001,0.0,0
220502,San Martin,Alonso De Alvarado,2001,0.0,0
220404,San Martin,Piscoyacu,2001,0.0,0
220708,San Martin,Shamboyacu,2001,0.065954,1
220204,San Martin,Huallaga,2001,0.0,0
220605,San Martin,Pajarillo,2001,0.0,0
010703,Amazonas,Cumba,2001,0.0,0
220704,San Martin,Pilluana,2001,0.0,0
220104,San Martin,Jepelacio,2001,0.0,0
220505,San Martin,Cuñumbuqui,2001,0.0,0
220507,San Martin,Rumisapa,2001,0.0,0
220913,San Martin,Sauce,2001,0.0,0
010608,Amazonas,Milpuc,2001,0.0,0
220405,San Martin,Sacanche,2001,0.0,0
220709,San Martin,Tingo De Ponasa,2001,0.0,0
220304,San Martin,Santa Rosa,2001,0.0,0
100903,Huanuco,Honoria,2001,0.051579,1
220203,San Martin,Bajo Biavo,2001,0.000233,1
220710,San Martin,Tres Unidos,2001,0.080633,1
220510,San Martin,Tabalosos,2001,0.0,0
100904,Huanuco,Tournavista,2001,0.058333,1
010701,Amazonas,Bagua Grande,2001,0.0,0
220701,San Martin,Picota,2001,0.0,0
220403,San Martin,El Eslabon,2001,0.0,0
250105,Ucayali,Yarinacocha,2001,0.0,0
220914,San Martin,Shapaja,2001,0.0,0
010707,Amazonas,Yamon,2001,0.0,0
010705,Amazonas,Jamalca,2001,0.0,0
220205,San Martin,San Pablo,2001,0.0,0
220705,San Martin,Pucacaca,2001,0.0,0
220601,San Martin,Juanjui,2001,0.0,0
100905,Huanuco,Yuyapichis,2001,0.080361,1
100608,Huanuco,Castillo Grande,2001,0.0,0
220302,San Martin,Agua Blanca,2001,0.0,0
250306,Ucayali,Huipoca,2001,0.0,0
010611,Amazonas,Totora,2001,0.0,0
010706,Amazonas,Lonya Grande,2001,0.0,0
220706,San Martin,San Cristobal,2001,0.0,0
010303,Amazonas,Churuja,2001,0.0,0
220301,San Martin,San Jose De Sisa,2001,0.0,0
010204,Amazonas,El Parco,2001,0.0,0
010306,Amazonas,Florida,2001,0.0,0
220303,San Martin,San Martin,2001,0.0,0
220106,San Martin,Yantalo,2001,0.0,0
220305,San Martin,Shatoja,2001,0.0,0
010104,Amazonas,Cheto,2001,0.0,0
160201,Loreto,Yurimaguas,2001,0.0,0
060901,Cajamarca,San Ignacio,2001,0.0,0
220511,San Martin,Zapatero,2001,0.0,0
060811,Cajamarca,San Jose Del Alto,2001,0.0,0
010206,Amazonas,La Peca,2001,0.0,0
220401,San Martin,Saposoa,2001,0.0,0
060902,Cajamarca,Chirinos,2001,0.0,0
220908,San Martin,Juan Guerra,2001,0.0,0
060904,Cajamarca,La Coipa,2001,0.0,0
220808,San Martin,Yorongos,2001,0.0,0
120607,Junin,Rio Negro,2001,0.0,0
060812,Cajamarca,Santa Rosa,2001,0.0,0
250106,Ucayali,Nueva Requena,2001,0.0,0
220802,San Martin,Awajun,2001,0.34834,1
250302,Ucayali,Irazola,2001,0.0,0
010109,Amazonas,La Jalca,2001,0.0,0
220906,San Martin,El Porvenir,2001,0.0,0
220707,San Martin,San Hilarion,2001,0.0,0
220806,San Martin,Posic,2001,0.0,0
220406,San Martin,Tingo De Saposoa,2001,0.0,0
100901,Huanuco,Puerto Inca,2001,0.107885,1
010105,Amazonas,Chiliquin,2001,0.0,0
220105,San Martin,Soritor,2001,0.0,0
220201,San Martin,Bellavista,2001,0.0,0
060803,Cajamarca,Chontali,2001,0.0,0
100605,Huanuco,Luyando,2001,0.0,0
010307,Amazonas,Jazan,2001,0.0,0
010502,Amazonas,Camporredondo,2001,0.0,0
010515,Amazonas,Providencia,2001,0.0,0
010102,Amazonas,Asuncion,2001,0.0,0
010510,Amazonas,Luya Viejo,2001,0.0,0
100601,Huanuco,Rupa-Rupa,2001,0.0,0
010514,Amazonas,Pisuquia,2001,0.0,0
060810,Cajamarca,San Felipe,2001,0.0,0
010305,Amazonas,Cuispes,2001,0.0,0
060905,Cajamarca,Namballe,2001,0.354845,1
010119,Amazonas,San Isidro De Maino,2001,0.0,0
060801,Cajamarca,Jaen,2001,0.0,0
010513,Amazonas,Ocumal,2001,0.0,0
220912,San Martin,San Antonio,2001,0.0,0
220903,San Martin,Cacatachi,2001,0.0,0
120602,Junin,Coviriali,2001,0.0,0
120304,Junin,San Luis De Shuaro,2001,0.0,0
120601,Junin,Satipo,2001,0.0,0
010203,Amazonas,Copallin,2001,0.0,0
010112,Amazonas,Magdalena,2001,0.0,0
220102,San Martin,Calzada,2001,0.0,0
060805,Cajamarca,Huabal,2001,0.0,0
010610,Amazonas,Santa Rosa,2001,0.0,0
220503,San Martin,Barranquita,2001,0.0,0
220801,San Martin,Rioja,2001,0.120253,1
220703,San Martin,Caspisapa,2001,0.0,0
080904,Cusco,Maranura,2001,0.0,0
010117,Amazonas,Quinjalca,2001,0.0,0
250303,Ucayali,Curimana,2001,0.0,0
010308,Amazonas,Recta,2001,0.0,0
010115,Amazonas,Montevideo,2001,0.0,0
010114,Amazonas,Molinopampa,2001,0.0,0
010503,Amazonas,Cocabamba,2001,0.0,0
060809,Cajamarca,Sallique,2001,0.0,0
010120,Amazonas,Soloco,2001,0.0,0
010521,Amazonas,Santo Tomas,2001,0.0,0
100113,Huanuco,San Pablo De Pillao,2001,0.0,0
010602,Amazonas,Chirimoto,2001,0.0,0
100603,Huanuco,Hermilio Valdizan,2001,0.0,0
010111,Amazonas,Levanto,2001,0.0,0
010518,Amazonas,San Jeronimo,2001,0.0,0
010609,Amazonas,Omia,2001,0.0,0
100902,Huanuco,Codo Del Pozuzo,2001,0.0,0
010113,Amazonas,Mariscal Castilla,2001,0.0,0
220101,San Martin,Moyobamba,2001,0.176117,1
010310,Amazonas,Shipasbamba,2001,0.0,0
100103,Huanuco,Chinchao,2001,0.0,0
010311,Amazonas,Valera,2001,0.0,0
060907,Cajamarca,Tabaconas,2001,0.124004,1
160112,Loreto,Belen,2001,0.0,0
200307,Piura,Sondor,2001,0.0,0
220803,San Martin,Elias Soplin Vargas,2001,0.415131,1
010506,Amazonas,Inguilpata,2001,0.0,0
220506,San Martin,Pinto Recodo,2001,0.0,0
120303,Junin,Pichanaqui,2001,0.106598,1
010202,Amazonas,Aramango,2001,0.0,0
010606,Amazonas,Longar,2001,0.0,0
160101,Loreto,Iquitos,2001,0.0,0
010507,Amazonas,Longuita,2001,0.0,0
221001,San Martin,Tocache,2001,0.0,0
010511,Amazonas,Maria,2001,0.0,0
080901,Cusco,Santa Ana,2001,0.0,0
120302,Junin,Perene,2001,0.050018,1
050409,Ayacucho,Canayre,2001,0.0,0
221002,San Martin,Nuevo Progreso,2001,0.001566,1
200303,Piura,El Carmen De La Frontera,2001,0.001006,1
100609,Huanuco,Pueblo Nuevo,2001,0.0,0
080903,Cusco,Huayopata,2001,0.000284,1
010604,Amazonas,Huambo,2001,0.0,0
100505,Huanuco,Jircan,2001,0.0,0
010512,Amazonas,Ocalli,2001,0.0,0
010101,Amazonas,Chachapoyas,2001,0.0,0
060903,Cajamarca,Huarango,2001,0.0,0
010116,Amazonas,Olleros,2001,0.034633,1
010605,Amazonas,Limabamba,2001,0.0,0
100804,Huanuco,Umari,2001,0.0,0
220504,San Martin,Caynarachi,2001,0.0,0
080905,Cusco,Ocobamba,2001,0.0,0
010517,Amazonas,San Francisco Del Yeso,2001,0.0,0
120609,Junin,Vizcatán Del Ene,2001,0.0,0
060807,Cajamarca,Pomahuaca,2001,0.0,0
010304,Amazonas,Corosha,2001,0.000488,1
221005,San Martin,Uchiza,2001,0.000699,1
220807,San Martin,San Fernando,2001,0.0,0
050512,Ayacucho,Union Progreso,2001,0.0,0
060804,Cajamarca,Colasay,2001,0.0,0
160503,Loreto,Capelo,2001,0.0,0
220910,San Martin,Morales,2001,0.0,0
120604,Junin,Mazamari,2001,0.0,0
120603,Junin,Llaylla,2001,0.0,0
010520,Amazonas,Santa Catalina,2001,0.0,0
010603,Amazonas,Cochamal,2001,0.0,0
120209,Junin,Mariscal Castilla,2001,0.0,0
010601,Amazonas,San Nicolas,2001,0.0,0
010519,Amazonas,San Juan De Lopecancha,2001,0.0,0
160211,Loreto,Teniente Cesar Lopez Rojas,2001,0.0,0
080408,Cusco,Yanatile,2001,0.002679,1
050408,Ayacucho,Llochegua,2001,0.0,0
100507,Huanuco,Monzon,2001,0.0,0
081304,Cusco,Machupicchu,2001,0.905961,1
220909,San Martin,La Banda De Shilcayo,2001,0.0,0
220103,San Martin,Habana,2001,0.0,0
100606,Huanuco,Mariano Damaso Beraun,2001,0.06402,1
010508,Amazonas,Lonya Chico,2001,0.0,0
170102,Madre De Dios,Inambari,2001,0.372706,1
050502,Ayacucho,Anco,2001,0.0,0
010523,Amazonas,Trita,2001,0.0,0
010516,Amazonas,San Cristobal,2001,0.0,0
080918,Cusco,Union Ashaninka,2001,0.0,0
221006,San Martin,Santa Lucia,2001,0.0,0
100702,Huanuco,Cholon,2001,0.0,0
211205,Puno,Phara,2001,0.0,0
170204,Madre De Dios,Huepetuhe,2001,0.0,0
010302,Amazonas,Chisquilla,2001,0.002463,1
050507,Ayacucho,Santa Rosa,2001,0.0,0
220804,San Martin,Nueva Cajamarca,2001,0.40854,1
220809,San Martin,Yuracyacu,2001,0.0,0
160603,Loreto,Padre Marquez,2001,0.0,0
010522,Amazonas,Tingo,2001,0.0,0
080906,Cusco,Quellouno,2001,5.5e-05,1
010301,Amazonas,Jumbilla,2001,0.0,0
080917,Cusco,Manitea,2001,0.0,0
250305,Ucayali,Alexander Von Humboldt,2002,0.0,0
220509,San Martin,Shanao,2002,0.0,0
250304,Ucayali,Neshuya,2002,0.0,0
220501,San Martin,Lamas,2002,0.0,0
220902,San Martin,Alberto Leveau,2002,0.0,0
250102,Ucayali,Campoverde,2002,0.0,0
220702,San Martin,Buenos Aires,2002,0.0,0
220502,San Martin,Alonso De Alvarado,2002,0.0,0
220404,San Martin,Piscoyacu,2002,0.0,0
220708,San Martin,Shamboyacu,2002,0.065954,1
220204,San Martin,Huallaga,2002,0.0,0
220605,San Martin,Pajarillo,2002,0.0,0
010703,Amazonas,Cumba,2002,0.0,0
220704,San Martin,Pilluana,2002,0.0,0
220104,San Martin,Jepelacio,2002,0.0,0
220505,San Martin,Cuñumbuqui,2002,0.0,0
220507,San Martin,Rumisapa,2002,0.0,0
220913,San Martin,Sauce,2002,0.0,0
010608,Amazonas,Milpuc,2002,0.0,0
220405,San Martin,Sacanche,2002,0.0,0
220709,San Martin,Tingo De Ponasa,2002,0.0,0
220304,San Martin,Santa Rosa,2002,0.0,0
100903,Huanuco,Honoria,2002,0.051579,1
220203,San Martin,Bajo Biavo,2002,0.000233,1
220710,San Martin,Tres Unidos,2002,0.080633,1
220510,San Martin,Tabalosos,2002,0.0,0
100904,Huanuco,Tournavista,2002,0.058333,1
010701,Amazonas,Bagua Grande,2002,0.0,0
220701,San Martin,Picota,2002,0.0,0
220403,San Martin,El Eslabon,2002,0.0,0
250105,Ucayali,Yarinacocha,2002,0.0,0
220914,San Martin,Shapaja,2002,0.0,0
010707,Amazonas,Yamon,2002,0.0,0
010705,Amazonas,Jamalca,2002,0.0,0
220205,San Martin,San Pablo,2002,0.0,0
220705,San Martin,Pucacaca,2002,0.0,0
220601,San Martin,Juanjui,2002,0.0,0
100905,Huanuco,Yuyapichis,2002,0.080361,1
100608,Huanuco,Castillo Grande,2002,0.0,0
220302,San Martin,Agua Blanca,2002,0.0,0
250306,Ucayali,Huipoca,2002,0.0,0
010611,Amazonas,Totora,2002,0.0,0
010706,Amazonas,Lonya Grande,2002,0.0,0
220706,San Martin,San Cristobal,2002,0.0,0
010303,Amazonas,Churuja,2002,0.0,0
220301,San Martin,San Jose De Sisa,2002,0.0,0
010204,Amazonas,El Parco,2002,0.0,0
010306,Amazonas,Florida,2002,0.0,0
220303,San Martin,San Martin,2002,0.0,0
220106,San Martin,Yantalo,2002,0.0,0
220305,San Martin,Shatoja,2002,0.0,0
010104,Amazonas,Cheto,2002,0.0,0
160201,Loreto,Yurimaguas,2002,0.0,0
060901,Cajamarca,San Ignacio,2002,0.0,0
220511,San Martin,Zapatero,2002,0.0,0
060811,Cajamarca,San Jose Del Alto,2002,0.0,0
010206,Amazonas,La Peca,2002,0.0,0
220401,San Martin,Saposoa,2002,0.0,0
060902,Cajamarca,Chirinos,2002,0.0,0
220908,San Martin,Juan Guerra,2002,0.0,0
060904,Cajamarca,La Coipa,2002,0.0,0
220808,San Martin,Yorongos,2002,0.0,0
120607,Junin,Rio Negro,2002,0.0,0
060812,Cajamarca,Santa Rosa,2002,0.0,0
250106,Ucayali,Nueva Requena,2002,0.0,0
220802,San Martin,Awajun,2002,0.34834,1
250302,Ucayali,Irazola,2002,0.0,0
010109,Amazonas,La Jalca,2002,0.0,0
220906,San Martin,El Porvenir,2002,0.0,0
220707,San Martin,San Hilarion,2002,0.0,0
220806,San Martin,Posic,2002,0.0,0
220406,San Martin,Tingo De Saposoa,2002,0.0,0
100901,Huanuco,Puerto Inca,2002,0.107885,1
010105,Amazonas,Chiliquin,2002,0.0,0
220105,San Martin,Soritor,2002,0.0,0
220201,San Martin,Bellavista,2002,0.0,0
060803,Cajamarca,Chontali,2002,0.0,0
100605,Huanuco,Luyando,2002,0.0,0
010307,Amazonas,Jazan,2002,0.0,0
010502,Amazonas,Camporredondo,2002,0.0,0
010515,Amazonas,Providencia,2002,0.0,0
010102,Amazonas,Asuncion,2002,0.0,0
010510,Amazonas,Luya Viejo,2002,0.0,0
100601,Huanuco,Rupa-Rupa,2002,0.0,0
010514,Amazonas,Pisuquia,2002,0.0,0
060810,Cajamarca,San Felipe,2002,0.0,0
010305,Amazonas,Cuispes,2002,0.0,0
060905,Cajamarca,Namballe,2002,0.354845,1
010119,Amazonas,San Isidro De Maino,2002,0.0,0
060801,Cajamarca,Jaen,2002,0.0,0
010513,Amazonas,Ocumal,2002,0.0,0
220912,San Martin,San Antonio,2002,0.0,0
220903,San Martin,Cacatachi,2002,0.0,0
120602,Junin,Coviriali,2002,0.0,0
120304,Junin,San Luis De Shuaro,2002,0.0,0
120601,Junin,Satipo,2002,0.0,0
010203,Amazonas,Copallin,2002,0.0,0
010112,Amazonas,Magdalena,2002,0.0,0
220102,San Martin,Calzada,2002,0.0,0
060805,Cajamarca,Huabal,2002,0.0,0
010610,Amazonas,Santa Rosa,2002,0.0,0
220503,San Martin,Barranquita,2002,0.0,0
220801,San Martin,Rioja,2002,0.120253,1
220703,San Martin,Caspisapa,2002,0.0,0
080904,Cusco,Maranura,2002,0.0,0
010117,Amazonas,Quinjalca,2002,0.0,0
250303,Ucayali,Curimana,2002,0.0,0
010308,Amazonas,Recta,2002,0.0,0
010115,Amazonas,Montevideo,2002,0.0,0
010114,Amazonas,Molinopampa,2002,0.0,0
010503,Amazonas,Cocabamba,2002,0.0,0
060809,Cajamarca,Sallique,2002,0.0,0
010120,Amazonas,Soloco,2002,0.0,0
010521,Amazonas,Santo Tomas,2002,0.0,0
100113,Huanuco,San Pablo De Pillao,2002,0.0,0
010602,Amazonas,Chirimoto,2002,0.0,0
100603,Huanuco,Hermilio Valdizan,2002,0.0,0
010111,Amazonas,Levanto,2002,0.0,0
010518,Amazonas,San Jeronimo,2002,0.0,0
010609,Amazonas,Omia,2002,0.0,0
100902,Huanuco,Codo Del Pozuzo,2002,0.0,0
010113,Amazonas,Mariscal Castilla,2002,0.0,0
220101,San Martin,Moyobamba,2002,0.176117,1
010310,Amazonas,Shipasbamba,2002,0.0,0
100103,Huanuco,Chinchao,2002,0.0,0
010311,Amazonas,Valera,2002,0.0,0
060907,Cajamarca,Tabaconas,2002,0.124004,1
160112,Loreto,Belen,2002,0.0,0
200307,Piura,Sondor,2002,0.0,0
220803,San Martin,Elias Soplin Vargas,2002,0.415131,1
010506,Amazonas,Inguilpata,2002,0.0,0
220506,San Martin,Pinto Recodo,2002,0.0,0
120303,Junin,Pichanaqui,2002,0.106598,1
010202,Amazonas,Aramango,2002,0.0,0
010606,Amazonas,Longar,2002,0.0,0
160101,Loreto,Iquitos,2002,0.0,0
010507,Amazonas,Longuita,2002,0.0,0
221001,San Martin,Tocache,2002,0.0,0
010511,Amazonas,Maria,2002,0.0,0
080901,Cusco,Santa Ana,2002,0.0,0
120302,Junin,Perene,2002,0.050018,1
050409,Ayacucho,Canayre,2002,0.0,0
221002,San Martin,Nuevo Progreso,2002,0.001566,1
200303,Piura,El Carmen De La Frontera,2002,0.001006,1
100609,Huanuco,Pueblo Nuevo,2002,0.0,0
080903,Cusco,Huayopata,2002,0.000284,1
010604,Amazonas,Huambo,2002,0.0,0
100505,Huanuco,Jircan,2002,0.0,0
010512,Amazonas,Ocalli,2002,0.0,0
010101,Amazonas,Chachapoyas,2002,0.0,0
060903,Cajamarca,Huarango,2002,0.0,0
010116,Amazonas,Olleros,2002,0.034633,1
010605,Amazonas,Limabamba,2002,0.0,0
100804,Huanuco,Umari,2002,0.0,0
220504,San Martin,Caynarachi,2002,0.0,0
080905,Cusco,Ocobamba,2002,0.0,0
010517,Amazonas,San Francisco Del Yeso,2002,0.0,0
120609,Junin,Vizcatán Del Ene,2002,0.0,0
060807,Cajamarca,Pomahuaca,2002,0.0,0
010304,Amazonas,Corosha,2002,0.000488,1
221005,San Martin,Uchiza,2002,0.000699,1
220807,San Martin,San Fernando,2002,0.0,0
050512,Ayacucho,Union Progreso,2002,0.0,0
060804,Cajamarca,Colasay,2002,0.0,0
160503,Loreto,Capelo,2002,0.0,0
220910,San Martin,Morales,2002,0.0,0
120604,Junin,Mazamari,2002,0.0,0
120603,Junin,Llaylla,2002,0.0,0
010520,Amazonas,Santa Catalina,2002,0.0,0
010603,Amazonas,Cochamal,2002,0.0,0
120209,Junin,Mariscal Castilla,2002,0.0,0
010601,Amazonas,San Nicolas,2002,0.0,0
010519,Amazonas,San Juan De Lopecancha,2002,0.0,0
160211,Loreto,Teniente Cesar Lopez Rojas,2002,0.0,0
080408,Cusco,Yanatile,2002,0.002679,1
050408,Ayacucho,Llochegua,2002,0.0,0
100507,Huanuco,Monzon,2002,0.0,0
081304,Cusco,Machupicchu,2002,0.905961,1
220909,San Martin,La Banda De Shilcayo,2002,0.0,0
220103,San Martin,Habana,2002,0.0,0
100606,Huanuco,Mariano Damaso Beraun,2002,0.06402,1
010508,Amazonas,Lonya Chico,2002,0.0,0
170102,Madre De Dios,Inambari,2002,0.372706,1
050502,Ayacucho,Anco,2002,0.0,0
010523,Amazonas,Trita,2002,0.0,0
010516,Amazonas,San Cristobal,2002,0.0,0
080918,Cusco,Union Ashaninka,2002,0.0,0
221006,San Martin,Santa Lucia,2002,0.0,0
100702,Huanuco,Cholon,2002,0.0,0
211205,Puno,Phara,2002,0.0,0
170204,Madre De Dios,Huepetuhe,2002,0.362182,1
010302,Amazonas,Chisquilla,2002,0.002463,1
050507,Ayacucho,Santa Rosa,2002,0.0,0
220804,San Martin,Nueva Cajamarca,2002,0.40854,1
220809,San Martin,Yuracyacu,2002,0.0,0
160603,Loreto,Padre Marquez,2002,0.0,0
010522,Amazonas,Tingo,2002,0.0,0
080906,Cusco,Quellouno,2002,5.5e-05,1
010301,Amazonas,Jumbilla,2002,0.0,0
080917,Cusco,Manitea,2002,0.0,0
250305,Ucayali,Alexander Von Humboldt,2003,0.0,0
220509,San Martin,Shanao,2003,0.0,0
250304,Ucayali,Neshuya,2003,0.0,0
220501,San Martin,Lamas,2003,0.0,0
220902,San Martin,Alberto Leveau,2003,0.0,0
250102,Ucayali,Campoverde,2003,0.0,0
220702,San Martin,Buenos Aires,2003,0.0,0
220502,San Martin,Alonso De Alvarado,2003,0.0,0
220404,San Martin,Piscoyacu,2003,0.0,0
220708,San Martin,Shamboyacu,2003,0.065954,1
220204,San Martin,Huallaga,2003,0.0,0
220605,San Martin,Pajarillo,2003,0.0,0
010703,Amazonas,Cumba,2003,0.0,0
220704,San Martin,Pilluana,2003,0.0,0
220104,San Martin,Jepelacio,2003,0.0,0
220505,San Martin,Cuñumbuqui,2003,0.0,0
220507,San Martin,Rumisapa,2003,0.0,0
220913,San Martin,Sauce,2003,0.0,0
010608,Amazonas,Milpuc,2003,0.0,0
220405,San Martin,Sacanche,2003,0.0,0
220709,San Martin,Tingo De Ponasa,2003,0.0,0
220304,San Martin,Santa Rosa,2003,0.0,0
100903,Huanuco,Honoria,2003,0.051579,1
220203,San Martin,Bajo Biavo,2003,0.000233,1
220710,San Martin,Tres Unidos,2003,0.080633,1
220510,San Martin,Tabalosos,2003,0.0,0
100904,Huanuco,Tournavista,2003,0.058333,1
010701,Amazonas,Bagua Grande,2003,0.0,0
220701,San Martin,Picota,2003,0.0,0
220403,San Martin,El Eslabon,2003,0.0,0
250105,Ucayali,Yarinacocha,2003,0.0,0
220914,San Martin,Shapaja,2003,0.0,0
010707,Amazonas,Yamon,2003,0.0,0
010705,Amazonas,Jamalca,2003,0.0,0
220205,San Martin,San Pablo,2003,0.0,0
220705,San Martin,Pucacaca,2003,0.0,0
220601,San Martin,Juanjui,2003,0.0,0
100905,Huanuco,Yuyapichis,2003,0.080361,1
100608,Huanuco,Castillo Grande,2003,0.0,0
220302,San Martin,Agua Blanca,2003,0.0,0
250306,Ucayali,Huipoca,2003,0.0,0
010611,Amazonas,Totora,2003,0.0,0
010706,Amazonas,Lonya Grande,2003,0.0,0
220706,San Martin,San Cristobal,2003,0.0,0
010303,Amazonas,Churuja,2003,0.0,0
220301,San Martin,San Jose De Sisa,2003,0.0,0
010204,Amazonas,El Parco,2003,0.0,0
010306,Amazonas,Florida,2003,0.0,0
220303,San Martin,San Martin,2003,0.0,0
220106,San Martin,Yantalo,2003,0.0,0
220305,San Martin,Shatoja,2003,0.0,0
010104,Amazonas,Cheto,2003,0.0,0
160201,Loreto,Yurimaguas,2003,0.0,0
060901,Cajamarca,San Ignacio,2003,0.0,0
220511,San Martin,Zapatero,2003,0.0,0
060811,Cajamarca,San Jose Del Alto,2003,0.0,0
010206,Amazonas,La Peca,2003,0.0,0
220401,San Martin,Saposoa,2003,0.0,0
060902,Cajamarca,Chirinos,2003,0.0,0
220908,San Martin,Juan Guerra,2003,0.0,0
060904,Cajamarca,La Coipa,2003,0.0,0
220808,San Martin,Yorongos,2003,0.0,0
120607,Junin,Rio Negro,2003,0.0,0
060812,Cajamarca,Santa Rosa,2003,0.0,0
250106,Ucayali,Nueva Requena,2003,0.0,0
220802,San Martin,Awajun,2003,0.34834,1
250302,Ucayali,Irazola,2003,0.0,0
010109,Amazonas,La Jalca,2003,0.0,0
220906,San Martin,El Porvenir,2003,0.0,0
220707,San Martin,San Hilarion,2003,0.0,0
220806,San Martin,Posic,2003,0.0,0
220406,San Martin,Tingo De Saposoa,2003,0.0,0
100901,Huanuco,Puerto Inca,2003,0.107885,1
010105,Amazonas,Chiliquin,2003,0.0,0
220105,San Martin,Soritor,2003,0.0,0
220201,San Martin,Bellavista,2003,0.0,0
060803,Cajamarca,Chontali,2003,0.0,0
100605,Huanuco,Luyando,2003,0.0,0
010307,Amazonas,Jazan,2003,0.0,0
010502,Amazonas,Camporredondo,2003,0.0,0
010515,Amazonas,Providencia,2003,0.0,0
010102,Amazonas,Asuncion,2003,0.0,0
010510,Amazonas,Luya Viejo,2003,0.0,0
100601,Huanuco,Rupa-Rupa,2003,0.0,0
010514,Amazonas,Pisuquia,2003,0.0,0
060810,Cajamarca,San Felipe,2003,0.0,0
010305,Amazonas,Cuispes,2003,0.0,0
060905,Cajamarca,Namballe,2003,0.354845,1
010119,Amazonas,San Isidro De Maino,2003,0.0,0
060801,Cajamarca,Jaen,2003,0.0,0
010513,Amazonas,Ocumal,2003,0.0,0
220912,San Martin,San Antonio,2003,0.0,0
220903,San Martin,Cacatachi,2003,0.0,0
120602,Junin,Coviriali,2003,0.0,0
120304,Junin,San Luis De Shuaro,2003,0.0,0
120601,Junin,Satipo,2003,0.0,0
010203,Amazonas,Copallin,2003,0.0,0
010112,Amazonas,Magdalena,2003,0.0,0
220102,San Martin,Calzada,2003,0.0,0
060805,Cajamarca,Huabal,2003,0.0,0
010610,Amazonas,Santa Rosa,2003,0.0,0
220503,San Martin,Barranquita,2003,0.0,0
220801,San Martin,Rioja,2003,0.120253,1
220703,San Martin,Caspisapa,2003,0.0,0
080904,Cusco,Maranura,2003,0.0,0
010117,Amazonas,Quinjalca,2003,0.0,0
250303,Ucayali,Curimana,2003,0.0,0
010308,Amazonas,Recta,2003,0.0,0
010115,Amazonas,Montevideo,2003,0.0,0
010114,Amazonas,Molinopampa,2003,0.0,0
010503,Amazonas,Cocabamba,2003,0.0,0
060809,Cajamarca,Sallique,2003,0.0,0
010120,Amazonas,Soloco,2003,0.0,0
010521,Amazonas,Santo Tomas,2003,0.0,0
100113,Huanuco,San Pablo De Pillao,2003,0.0,0
010602,Amazonas,Chirimoto,2003,0.0,0
100603,Huanuco,Hermilio Valdizan,2003,0.0,0
010111,Amazonas,Levanto,2003,0.0,0
010518,Amazonas,San Jeronimo,2003,0.0,0
010609,Amazonas,Omia,2003,0.0,0
100902,Huanuco,Codo Del Pozuzo,2003,0.0,0
010113,Amazonas,Mariscal Castilla,2003,0.0,0
220101,San Martin,Moyobamba,2003,0.176117,1
010310,Amazonas,Shipasbamba,2003,0.0,0
100103,Huanuco,Chinchao,2003,0.0,0
010311,Amazonas,Valera,2003,0.0,0
060907,Cajamarca,Tabaconas,2003,0.124004,1
160112,Loreto,Belen,2003,0.0,0
200307,Piura,Sondor,2003,0.0,0
220803,San Martin,Elias Soplin Vargas,2003,0.415131,1
010506,Amazonas,Inguilpata,2003,0.0,0
220506,San Martin,Pinto Recodo,2003,0.0,0
120303,Junin,Pichanaqui,2003,0.106598,1
010202,Amazonas,Aramango,2003,0.0,0
010606,Amazonas,Longar,2003,0.0,0
160101,Loreto,Iquitos,2003,0.0,0
010507,Amazonas,Longuita,2003,0.0,0
221001,San Martin,Tocache,2003,0.0,0
010511,Amazonas,Maria,2003,0.0,0
080901,Cusco,Santa Ana,2003,0.0,0
120302,Junin,Perene,2003,0.050018,1
050409,Ayacucho,Canayre,2003,0.0,0
221002,San Martin,Nuevo Progreso,2003,0.001566,1
200303,Piura,El Carmen De La Frontera,2003,0.001006,1
100609,Huanuco,Pueblo Nuevo,2003,0.0,0
080903,Cusco,Huayopata,2003,0.000284,1
010604,Amazonas,Huambo,2003,0.0,0
100505,Huanuco,Jircan,2003,0.0,0
010512,Amazonas,Ocalli,2003,0.0,0
010101,Amazonas,Chachapoyas,2003,0.0,0
060903,Cajamarca,Huarango,2003,0.0,0
010116,Amazonas,Olleros,2003,0.034633,1
010605,Amazonas,Limabamba,2003,0.0,0
100804,Huanuco,Umari,2003,0.0,0
220504,San Martin,Caynarachi,2003,0.0,0
080905,Cusco,Ocobamba,2003,0.0,0
010517,Amazonas,San Francisco Del Yeso,2003,0.0,0
120609,Junin,Vizcatán Del Ene,2003,0.0,0
060807,Cajamarca,Pomahuaca,2003,0.0,0
010304,Amazonas,Corosha,2003,0.000488,1
221005,San Martin,Uchiza,2003,0.000699,1
220807,San Martin,San Fernando,2003,0.0,0
050512,Ayacucho,Union Progreso,2003,0.0,0
060804,Cajamarca,Colasay,2003,0.0,0
160503,Loreto,Capelo,2003,0.0,0
220910,San Martin,Morales,2003,0.0,0
120604,Junin,Mazamari,2003,0.0,0
120603,Junin,Llaylla,2003,0.0,0
010520,Amazonas,Santa Catalina,2003,0.0,0
010603,Amazonas,Cochamal,2003,0.0,0
120209,Junin,Mariscal Castilla,2003,0.0,0
010601,Amazonas,San Nicolas,2003,0.0,0
010519,Amazonas,San Juan De Lopecancha,2003,0.0,0
160211,Loreto,Teniente Cesar Lopez Rojas,2003,0.0,0
080408,Cusco,Yanatile,2003,0.002679,1
050408,Ayacucho,Llochegua,2003,0.0,0
100507,Huanuco,Monzon,2003,0.0,0
081304,Cusco,Machupicchu,2003,0.905961,1
220909,San Martin,La Banda De Shilcayo,2003,0.0,0
220103,San Martin,Habana,2003,0.0,0
100606,Huanuco,Mariano Damaso Beraun,2003,0.06402,1
010508,Amazonas,Lonya Chico,2003,0.0,0
170102,Madre De Dios,Inambari,2003,0.372706,1
050502,Ayacucho,Anco,2003,0.0,0
010523,Amazonas,Trita,2003,0.0,0
010516,Amazonas,San Cristobal,2003,0.0,0
080918,Cusco,Union Ashaninka,2003,0.07284,1
221006,San Martin,Santa Lucia,2003,0.0,0
100702,Huanuco,Cholon,2003,0.0,0
211205,Puno,Phara,2003,0.0,0
170204,Madre De Dios,Huepetuhe,2003,0.362182,1
010302,Amazonas,Chisquilla,2003,0.002463,1
050507,Ayacucho,Santa Rosa,2003,0.0,0
220804,San Martin,Nueva Cajamarca,2003,0.40854,1
220809,San Martin,Yuracyacu,2003,0.0,0
160603,Loreto,Padre Marquez,2003,0.0,0
010522,Amazonas,Tingo,2003,0.0,0
080906,Cusco,Quellouno,2003,5.5e-05,1
010301,Amazonas,Jumbilla,2003,0.0,0
080917,Cusco,Manitea,2003,0.0,0
250305,Ucayali,Alexander Von Humboldt,2004,0.0,0
220509,San Martin,Shanao,2004,0.0,0
250304,Ucayali,Neshuya,2004,0.0,0
220501,San Martin,Lamas,2004,0.0,0
220902,San Martin,Alberto Leveau,2004,0.0,0
250102,Ucayali,Campoverde,2004,0.0,0
220702,San Martin,Buenos Aires,2004,0.0,0
220502,San Martin,Alonso De Alvarado,2004,0.0,0
220404,San Martin,Piscoyacu,2004,0.0,0
220708,San Martin,Shamboyacu,2004,0.065954,1
220204,San Martin,Huallaga,2004,0.0,0
220605,San Martin,Pajarillo,2004,0.0,0
010703,Amazonas,Cumba,2004,0.0,0
220704,San Martin,Pilluana,2004,0.0,0
220104,San Martin,Jepelacio,2004,0.0,0
220505,San Martin,Cuñumbuqui,2004,0.0,0
220507,San Martin,Rumisapa,2004,0.0,0
220913,San Martin,Sauce,2004,0.0,0
010608,Amazonas,Milpuc,2004,0.0,0
220405,San Martin,Sacanche,2004,0.0,0
220709,San Martin,Tingo De Ponasa,2004,0.0,0
220304,San Martin,Santa Rosa,2004,0.0,0
100903,Huanuco,Honoria,2004,0.051579,1
220203,San Martin,Bajo Biavo,2004,0.000233,1
220710,San Martin,Tres Unidos,2004,0.080633,1
220510,San Martin,Tabalosos,2004,0.0,0
100904,Huanuco,Tournavista,2004,0.058333,1
010701,Amazonas,Bagua Grande,2004,0.0,0
220701,San Martin,Picota,2004,0.0,0
220403,San Martin,El Eslabon,2004,0.0,0
250105,Ucayali,Yarinacocha,2004,0.0,0
220914,San Martin,Shapaja,2004,0.0,0
010707,Amazonas,Yamon,2004,0.0,0
010705,Amazonas,Jamalca,2004,0.0,0
220205,San Martin,San Pablo,2004,0.0,0
220705,San Martin,Pucacaca,2004,0.0,0
220601,San Martin,Juanjui,2004,0.0,0
100905,Huanuco,Yuyapichis,2004,0.080361,1
100608,Huanuco,Castillo Grande,2004,0.0,0
220302,San Martin,Agua Blanca,2004,0.0,0
250306,Ucayali,Huipoca,2004,0.0,0
010611,Amazonas,Totora,2004,0.0,0
010706,Amazonas,Lonya Grande,2004,0.0,0
220706,San Martin,San Cristobal,2004,0.0,0
010303,Amazonas,Churuja,2004,0.0,0
220301,San Martin,San Jose De Sisa,2004,0.0,0
010204,Amazonas,El Parco,2004,0.0,0
010306,Amazonas,Florida,2004,0.0,0
220303,San Martin,San Martin,2004,0.0,0
220106,San Martin,Yantalo,2004,0.0,0
220305,San Martin,Shatoja,2004,0.0,0
010104,Amazonas,Cheto,2004,0.0,0
160201,Loreto,Yurimaguas,2004,0.0,0
060901,Cajamarca,San Ignacio,2004,0.0,0
220511,San Martin,Zapatero,2004,0.0,0
060811,Cajamarca,San Jose Del Alto,2004,0.0,0
010206,Amazonas,La Peca,2004,0.0,0
220401,San Martin,Saposoa,2004,0.0,0
060902,Cajamarca,Chirinos,2004,0.0,0
220908,San Martin,Juan Guerra,2004,0.0,0
060904,Cajamarca,La Coipa,2004,0.0,0
220808,San Martin,Yorongos,2004,0.0,0
120607,Junin,Rio Negro,2004,0.0,0
060812,Cajamarca,Santa Rosa,2004,0.0,0
250106,Ucayali,Nueva Requena,2004,0.0,0
220802,San Martin,Awajun,2004,0.34834,1
250302,Ucayali,Irazola,2004,0.0,0
010109,Amazonas,La Jalca,2004,0.0,0
220906,San Martin,El Porvenir,2004,0.0,0
220707,San Martin,San Hilarion,2004,0.0,0
220806,San Martin,Posic,2004,0.0,0
220406,San Martin,Tingo De Saposoa,2004,0.0,0
100901,Huanuco,Puerto Inca,2004,0.107885,1
010105,Amazonas,Chiliquin,2004,0.0,0
220105,San Martin,Soritor,2004,0.0,0
220201,San Martin,Bellavista,2004,0.0,0
060803,Cajamarca,Chontali,2004,0.0,0
100605,Huanuco,Luyando,2004,0.0,0
010307,Amazonas,Jazan,2004,0.0,0
010502,Amazonas,Camporredondo,2004,0.0,0
010515,Amazonas,Providencia,2004,0.0,0
010102,Amazonas,Asuncion,2004,0.0,0
010510,Amazonas,Luya Viejo,2004,0.0,0
100601,Huanuco,Rupa-Rupa,2004,0.0,0
010514,Amazonas,Pisuquia,2004,0.0,0
060810,Cajamarca,San Felipe,2004,0.0,0
010305,Amazonas,Cuispes,2004,0.0,0
060905,Cajamarca,Namballe,2004,0.354845,1
010119,Amazonas,San Isidro De Maino,2004,0.0,0
060801,Cajamarca,Jaen,2004,0.0,0
010513,Amazonas,Ocumal,2004,0.0,0
220912,San Martin,San Antonio,2004,0.0,0
220903,San Martin,Cacatachi,2004,0.0,0
120602,Junin,Coviriali,2004,0.0,0
120304,Junin,San Luis De Shuaro,2004,0.0,0
120601,Junin,Satipo,2004,0.0,0
010203,Amazonas,Copallin,2004,0.0,0
010112,Amazonas,Magdalena,2004,0.0,0
220102,San Martin,Calzada,2004,0.0,0
060805,Cajamarca,Huabal,2004,0.0,0
010610,Amazonas,Santa Rosa,2004,0.0,0
220503,San Martin,Barranquita,2004,0.0,0
220801,San Martin,Rioja,2004,0.120253,1
220703,San Martin,Caspisapa,2004,0.0,0
080904,Cusco,Maranura,2004,0.0,0
010117,Amazonas,Quinjalca,2004,0.0,0
250303,Ucayali,Curimana,2004,0.0,0
010308,Amazonas,Recta,2004,0.0,0
010115,Amazonas,Montevideo,2004,0.0,0
010114,Amazonas,Molinopampa,2004,0.0,0
010503,Amazonas,Cocabamba,2004,0.0,0
060809,Cajamarca,Sallique,2004,0.0,0
010120,Amazonas,Soloco,2004,0.0,0
010521,Amazonas,Santo Tomas,2004,0.0,0
100113,Huanuco,San Pablo De Pillao,2004,0.0,0
010602,Amazonas,Chirimoto,2004,0.0,0
100603,Huanuco,Hermilio Valdizan,2004,0.0,0
010111,Amazonas,Levanto,2004,0.0,0
010518,Amazonas,San Jeronimo,2004,0.0,0
010609,Amazonas,Omia,2004,0.0,0
100902,Huanuco,Codo Del Pozuzo,2004,0.0,0
010113,Amazonas,Mariscal Castilla,2004,0.0,0
220101,San Martin,Moyobamba,2004,0.176117,1
010310,Amazonas,Shipasbamba,2004,0.0,0
100103,Huanuco,Chinchao,2004,0.0,0
010311,Amazonas,Valera,2004,0.0,0
060907,Cajamarca,Tabaconas,2004,0.124004,1
160112,Loreto,Belen,2004,0.0,0
200307,Piura,Sondor,2004,0.0,0
220803,San Martin,Elias Soplin Vargas,2004,0.415131,1
010506,Amazonas,Inguilpata,2004,0.0,0
220506,San Martin,Pinto Recodo,2004,0.0,0
120303,Junin,Pichanaqui,2004,0.106598,1
010202,Amazonas,Aramango,2004,0.0,0
010606,Amazonas,Longar,2004,0.0,0
160101,Loreto,Iquitos,2004,0.148529,1
010507,Amazonas,Longuita,2004,0.0,0
221001,San Martin,Tocache,2004,0.0,0
010511,Amazonas,Maria,2004,0.0,0
080901,Cusco,Santa Ana,2004,0.0,0
120302,Junin,Perene,2004,0.050018,1
050409,Ayacucho,Canayre,2004,0.0,0
221002,San Martin,Nuevo Progreso,2004,0.001566,1
200303,Piura,El Carmen De La Frontera,2004,0.001006,1
100609,Huanuco,Pueblo Nuevo,2004,0.0,0
080903,Cusco,Huayopata,2004,0.000284,1
010604,Amazonas,Huambo,2004,0.0,0
100505,Huanuco,Jircan,2004,0.0,0
010512,Amazonas,Ocalli,2004,0.0,0
010101,Amazonas,Chachapoyas,2004,0.0,0
060903,Cajamarca,Huarango,2004,0.0,0
010116,Amazonas,Olleros,2004,0.034633,1
010605,Amazonas,Limabamba,2004,0.0,0
100804,Huanuco,Umari,2004,0.0,0
220504,San Martin,Caynarachi,2004,0.0,0
080905,Cusco,Ocobamba,2004,0.0,0
010517,Amazonas,San Francisco Del Yeso,2004,0.0,0
120609,Junin,Vizcatán Del Ene,2004,0.0,0
060807,Cajamarca,Pomahuaca,2004,0.0,0
010304,Amazonas,Corosha,2004,0.000488,1
221005,San Martin,Uchiza,2004,0.000699,1
220807,San Martin,San Fernando,2004,0.0,0
050512,Ayacucho,Union Progreso,2004,0.0,0
060804,Cajamarca,Colasay,2004,0.0,0
160503,Loreto,Capelo,2004,0.0,0
220910,San Martin,Morales,2004,0.0,0
120604,Junin,Mazamari,2004,0.0,0
120603,Junin,Llaylla,2004,0.0,0
010520,Amazonas,Santa Catalina,2004,0.0,0
010603,Amazonas,Cochamal,2004,0.0,0
120209,Junin,Mariscal Castilla,2004,0.0,0
010601,Amazonas,San Nicolas,2004,0.0,0
010519,Amazonas,San Juan De Lopecancha,2004,0.0,0
160211,Loreto,Teniente Cesar Lopez Rojas,2004,0.0,0
080408,Cusco,Yanatile,2004,0.002679,1
050408,Ayacucho,Llochegua,2004,0.0,0
100507,Huanuco,Monzon,2004,0.0,0
081304,Cusco,Machupicchu,2004,0.905961,1
220909,San Martin,La Banda De Shilcayo,2004,0.0,0
220103,San Martin,Habana,2004,0.0,0
100606,Huanuco,Mariano Damaso Beraun,2004,0.06402,1
010508,Amazonas,Lonya Chico,2004,0.0,0
170102,Madre De Dios,Inambari,2004,0.372706,1
050502,Ayacucho,Anco,2004,0.0,0
010523,Amazonas,Trita,2004,0.0,0
010516,Amazonas,San Cristobal,2004,0.0,0
080918,Cusco,Union Ashaninka,2004,0.07284,1
221006,San Martin,Santa Lucia,2004,0.0,0
100702,Huanuco,Cholon,2004,0.0,0
211205,Puno,Phara,2004,0.0,0
170204,Madre De Dios,Huepetuhe,2004,0.362182,1
010302,Amazonas,Chisquilla,2004,0.002463,1
050507,Ayacucho,Santa Rosa,2004,0.0,0
220804,San Martin,Nueva Cajamarca,2004,0.40854,1
220809,San Martin,Yuracyacu,2004,0.0,0
160603,Loreto,Padre Marquez,2004,0.0,0
010522,Amazonas,Tingo,2004,0.0,0
080906,Cusco,Quellouno,2004,0.000399,1
010301,Amazonas,Jumbilla,2004,0.0,0
080917,Cusco,Manitea,2004,0.0,0
250305,Ucayali,Alexander Von Humboldt,2005,0.0,0
220509,San Martin,Shanao,2005,0.0,0
250304,Ucayali,Neshuya,2005,0.0,0
220501,San Martin,Lamas,2005,0.0,0
220902,San Martin,Alberto Leveau,2005,0.0,0
250102,Ucayali,Campoverde,2005,0.0,0
220702,San Martin,Buenos Aires,2005,0.0,0
220502,San Martin,Alonso De Alvarado,2005,0.0,0
220404,San Martin,Piscoyacu,2005,0.0,0
220708,San Martin,Shamboyacu,2005,0.065954,1
220204,San Martin,Huallaga,2005,0.0,0
220605,San Martin,Pajarillo,2005,0.0,0
010703,Amazonas,Cumba,2005,0.0,0
220704,San Martin,Pilluana,2005,0.0,0
220104,San Martin,Jepelacio,2005,0.0,0
220505,San Martin,Cuñumbuqui,2005,0.0,0
220507,San Martin,Rumisapa,2005,0.0,0
220913,San Martin,Sauce,2005,0.0,0
010608,Amazonas,Milpuc,2005,0.0,0
220405,San Martin,Sacanche,2005,0.0,0
220709,San Martin,Tingo De Ponasa,2005,0.0,0
220304,San Martin,Santa Rosa,2005,0.0,0
100903,Huanuco,Honoria,2005,0.051579,1
220203,San Martin,Bajo Biavo,2005,0.000233,1
220710,San Martin,Tres Unidos,2005,0.080633,1
220510,San Martin,Tabalosos,2005,1.7e-05,1
100904,Huanuco,Tournavista,2005,0.058333,1
010701,Amazonas,Bagua Grande,2005,0.0,0
220701,San Martin,Picota,2005,0.0,0
220403,San Martin,El Eslabon,2005,0.0,0
250105,Ucayali,Yarinacocha,2005,0.0,0
220914,San Martin,Shapaja,2005,0.215793,1
010707,Amazonas,Yamon,2005,0.0,0
010705,Amazonas,Jamalca,2005,0.0,0
220205,San Martin,San Pablo,2005,0.0,0
220705,San Martin,Pucacaca,2005,0.0,0
220601,San Martin,Juanjui,2005,0.0,0
100905,Huanuco,Yuyapichis,2005,0.080361,1
100608,Huanuco,Castillo Grande,2005,0.0,0
220302,San Martin,Agua Blanca,2005,0.0,0
250306,Ucayali,Huipoca,2005,0.0,0
010611,Amazonas,Totora,2005,0.0,0
010706,Amazonas,Lonya Grande,2005,0.0,0
220706,San Martin,San Cristobal,2005,0.0,0
010303,Amazonas,Churuja,2005,0.0,0
220301,San Martin,San Jose De Sisa,2005,0.0,0
010204,Amazonas,El Parco,2005,0.0,0
010306,Amazonas,Florida,2005,0.0,0
220303,San Martin,San Martin,2005,0.0,0
220106,San Martin,Yantalo,2005,0.0,0
220305,San Martin,Shatoja,2005,0.0,0
010104,Amazonas,Cheto,2005,0.0,0
160201,Loreto,Yurimaguas,2005,0.0,0
060901,Cajamarca,San Ignacio,2005,0.0,0
220511,San Martin,Zapatero,2005,0.0,0
060811,Cajamarca,San Jose Del Alto,2005,0.0,0
010206,Amazonas,La Peca,2005,0.0,0
220401,San Martin,Saposoa,2005,0.0,0
060902,Cajamarca,Chirinos,2005,0.0,0
220908,San Martin,Juan Guerra,2005,0.0,0
060904,Cajamarca,La Coipa,2005,0.0,0
220808,San Martin,Yorongos,2005,0.0,0
120607,Junin,Rio Negro,2005,0.0,0
060812,Cajamarca,Santa Rosa,2005,0.0,0
250106,Ucayali,Nueva Requena,2005,0.0,0
220802,San Martin,Awajun,2005,0.34834,1
250302,Ucayali,Irazola,2005,0.0,0
010109,Amazonas,La Jalca,2005,0.0,0
220906,San Martin,El Porvenir,2005,0.0,0
220707,San Martin,San Hilarion,2005,0.0,0
220806,San Martin,Posic,2005,0.0,0
220406,San Martin,Tingo De Saposoa,2005,0.0,0
100901,Huanuco,Puerto Inca,2005,0.107885,1
010105,Amazonas,Chiliquin,2005,0.0,0
220105,San Martin,Soritor,2005,0.0,0
220201,San Martin,Bellavista,2005,0.0,0
060803,Cajamarca,Chontali,2005,0.0,0
100605,Huanuco,Luyando,2005,0.0,0
010307,Amazonas,Jazan,2005,0.0,0
010502,Amazonas,Camporredondo,2005,0.0,0
010515,Amazonas,Providencia,2005,0.0,0
010102,Amazonas,Asuncion,2005,0.0,0
010510,Amazonas,Luya Viejo,2005,0.0,0
100601,Huanuco,Rupa-Rupa,2005,0.0,0
010514,Amazonas,Pisuquia,2005,0.0,0
060810,Cajamarca,San Felipe,2005,0.0,0
010305,Amazonas,Cuispes,2005,0.0,0
060905,Cajamarca,Namballe,2005,0.354845,1
010119,Amazonas,San Isidro De Maino,2005,0.0,0
060801,Cajamarca,Jaen,2005,0.0,0
010513,Amazonas,Ocumal,2005,0.0,0
220912,San Martin,San Antonio,2005,0.48684,1
220903,San Martin,Cacatachi,2005,0.0,0
120602,Junin,Coviriali,2005,0.0,0
120304,Junin,San Luis De Shuaro,2005,0.0,0
120601,Junin,Satipo,2005,0.0,0
010203,Amazonas,Copallin,2005,0.0,0
010112,Amazonas,Magdalena,2005,0.0,0
220102,San Martin,Calzada,2005,0.0,0
060805,Cajamarca,Huabal,2005,0.0,0
010610,Amazonas,Santa Rosa,2005,0.0,0
220503,San Martin,Barranquita,2005,0.234862,1
220801,San Martin,Rioja,2005,0.120253,1
220703,San Martin,Caspisapa,2005,0.0,0
080904,Cusco,Maranura,2005,0.0,0
010117,Amazonas,Quinjalca,2005,0.0,0
250303,Ucayali,Curimana,2005,0.0,0
010308,Amazonas,Recta,2005,0.0,0
010115,Amazonas,Montevideo,2005,0.0,0
010114,Amazonas,Molinopampa,2005,0.0,0
010503,Amazonas,Cocabamba,2005,0.0,0
060809,Cajamarca,Sallique,2005,0.0,0
010120,Amazonas,Soloco,2005,0.0,0
010521,Amazonas,Santo Tomas,2005,0.0,0
100113,Huanuco,San Pablo De Pillao,2005,0.0,0
010602,Amazonas,Chirimoto,2005,0.0,0
100603,Huanuco,Hermilio Valdizan,2005,0.0,0
010111,Amazonas,Levanto,2005,0.0,0
010518,Amazonas,San Jeronimo,2005,0.0,0
010609,Amazonas,Omia,2005,0.0,0
100902,Huanuco,Codo Del Pozuzo,2005,0.0,0
010113,Amazonas,Mariscal Castilla,2005,0.0,0
220101,San Martin,Moyobamba,2005,0.179031,1
010310,Amazonas,Shipasbamba,2005,0.0,0
100103,Huanuco,Chinchao,2005,0.0,0
010311,Amazonas,Valera,2005,0.0,0
060907,Cajamarca,Tabaconas,2005,0.124004,1
160112,Loreto,Belen,2005,0.0,0
200307,Piura,Sondor,2005,0.0,0
220803,San Martin,Elias Soplin Vargas,2005,0.415131,1
010506,Amazonas,Inguilpata,2005,0.0,0
220506,San Martin,Pinto Recodo,2005,0.405655,1
120303,Junin,Pichanaqui,2005,0.106598,1
010202,Amazonas,Aramango,2005,0.0,0
010606,Amazonas,Longar,2005,0.0,0
160101,Loreto,Iquitos,2005,0.148529,1
010507,Amazonas,Longuita,2005,0.0,0
221001,San Martin,Tocache,2005,0.0,0
010511,Amazonas,Maria,2005,0.0,0
080901,Cusco,Santa Ana,2005,0.0,0
120302,Junin,Perene,2005,0.050018,1
050409,Ayacucho,Canayre,2005,0.0,0
221002,San Martin,Nuevo Progreso,2005,0.001566,1
200303,Piura,El Carmen De La Frontera,2005,0.001006,1
100609,Huanuco,Pueblo Nuevo,2005,0.0,0
080903,Cusco,Huayopata,2005,0.000284,1
010604,Amazonas,Huambo,2005,0.0,0
100505,Huanuco,Jircan,2005,0.0,0
010512,Amazonas,Ocalli,2005,0.0,0
010101,Amazonas,Chachapoyas,2005,0.0,0
060903,Cajamarca,Huarango,2005,0.0,0
010116,Amazonas,Olleros,2005,0.034633,1
010605,Amazonas,Limabamba,2005,0.0,0
100804,Huanuco,Umari,2005,0.0,0
220504,San Martin,Caynarachi,2005,0.375236,1
080905,Cusco,Ocobamba,2005,0.0,0
010517,Amazonas,San Francisco Del Yeso,2005,0.0,0
120609,Junin,Vizcatán Del Ene,2005,0.0,0
060807,Cajamarca,Pomahuaca,2005,0.0,0
010304,Amazonas,Corosha,2005,0.000488,1
221005,San Martin,Uchiza,2005,0.000699,1
220807,San Martin,San Fernando,2005,0.0,0
050512,Ayacucho,Union Progreso,2005,0.0,0
060804,Cajamarca,Colasay,2005,0.0,0
160503,Loreto,Capelo,2005,0.0,0
220910,San Martin,Morales,2005,0.0,0
120604,Junin,Mazamari,2005,0.0,0
120603,Junin,Llaylla,2005,0.0,0
010520,Amazonas,Santa Catalina,2005,0.0,0
010603,Amazonas,Cochamal,2005,0.0,0
120209,Junin,Mariscal Castilla,2005,0.0,0
010601,Amazonas,San Nicolas,2005,0.0,0
010519,Amazonas,San Juan De Lopecancha,2005,0.0,0
160211,Loreto,Teniente Cesar Lopez Rojas,2005,0.0,0
080408,Cusco,Yanatile,2005,0.002679,1
050408,Ayacucho,Llochegua,2005,0.0,0
100507,Huanuco,Monzon,2005,0.0,0
081304,Cusco,Machupicchu,2005,0.905961,1
220909,San Martin,La Banda De Shilcayo,2005,0.541966,1
220103,San Martin,Habana,2005,0.0,0
100606,Huanuco,Mariano Damaso Beraun,2005,0.06402,1
010508,Amazonas,Lonya Chico,2005,0.0,0
170102,Madre De Dios,Inambari,2005,0.372706,1
050502,Ayacucho,Anco,2005,0.0,0
010523,Amazonas,Trita,2005,0.0,0
010516,Amazonas,San Cristobal,2005,0.0,0
080918,Cusco,Union Ashaninka,2005,0.07284,1
221006,San Martin,Santa Lucia,2005,0.0,0
100702,Huanuco,Cholon,2005,0.0,0
211205,Puno,Phara,2005,0.0,0
170204,Madre De Dios,Huepetuhe,2005,0.362182,1
010302,Amazonas,Chisquilla,2005,0.002463,1
050507,Ayacucho,Santa Rosa,2005,0.0,0
220804,San Martin,Nueva Cajamarca,2005,0.40854,1
220809,San Martin,Yuracyacu,2005,0.0,0
160603,Loreto,Padre Marquez,2005,0.0,0
010522,Amazonas,Tingo,2005,0.0,0
080906,Cusco,Quellouno,2005,0.000399,1
010301,Amazonas,Jumbilla,2005,0.0,0
080917,Cusco,Manitea,2005,0.0,0
250305,Ucayali,Alexander Von Humboldt,2006,0.0,0
220509,San Martin,Shanao,2006,0.0,0
250304,Ucayali,Neshuya,2006,0.0,0
220501,San Martin,Lamas,2006,0.0,0
220902,San Martin,Alberto Leveau,2006,0.0,0
250102,Ucayali,Campoverde,2006,0.0,0
220702,San Martin,Buenos Aires,2006,0.0,0
220502,San Martin,Alonso De Alvarado,2006,0.0,0
220404,San Martin,Piscoyacu,2006,0.0,0
220708,San Martin,Shamboyacu,2006,0.065954,1
220204,San Martin,Huallaga,2006,0.0,0
220605,San Martin,Pajarillo,2006,0.0,0
010703,Amazonas,Cumba,2006,0.0,0
220704,San Martin,Pilluana,2006,0.0,0
220104,San Martin,Jepelacio,2006,0.0,0
220505,San Martin,Cuñumbuqui,2006,0.0,0
220507,San Martin,Rumisapa,2006,0.0,0
220913,San Martin,Sauce,2006,0.0,0
010608,Amazonas,Milpuc,2006,0.0,0
220405,San Martin,Sacanche,2006,0.0,0
220709,San Martin,Tingo De Ponasa,2006,0.0,0
220304,San Martin,Santa Rosa,2006,0.0,0
100903,Huanuco,Honoria,2006,0.051579,1
220203,San Martin,Bajo Biavo,2006,0.000233,1
220710,San Martin,Tres Unidos,2006,0.080633,1
220510,San Martin,Tabalosos,2006,1.7e-05,1
100904,Huanuco,Tournavista,2006,0.058333,1
010701,Amazonas,Bagua Grande,2006,0.0,0
220701,San Martin,Picota,2006,0.0,0
220403,San Martin,El Eslabon,2006,0.0,0
250105,Ucayali,Yarinacocha,2006,0.0,0
220914,San Martin,Shapaja,2006,0.215793,1
010707,Amazonas,Yamon,2006,0.0,0
010705,Amazonas,Jamalca,2006,0.0,0
220205,San Martin,San Pablo,2006,0.0,0
220705,San Martin,Pucacaca,2006,0.0,0
220601,San Martin,Juanjui,2006,0.0,0
100905,Huanuco,Yuyapichis,2006,0.080361,1
100608,Huanuco,Castillo Grande,2006,0.0,0
220302,San Martin,Agua Blanca,2006,0.0,0
250306,Ucayali,Huipoca,2006,0.0,0
010611,Amazonas,Totora,2006,0.0,0
010706,Amazonas,Lonya Grande,2006,0.0,0
220706,San Martin,San Cristobal,2006,0.0,0
010303,Amazonas,Churuja,2006,0.0,0
220301,San Martin,San Jose De Sisa,2006,0.0,0
010204,Amazonas,El Parco,2006,0.0,0
010306,Amazonas,Florida,2006,0.0,0
220303,San Martin,San Martin,2006,0.0,0
220106,San Martin,Yantalo,2006,0.0,0
220305,San Martin,Shatoja,2006,0.0,0
010104,Amazonas,Cheto,2006,0.0,0
160201,Loreto,Yurimaguas,2006,0.0,0
060901,Cajamarca,San Ignacio,2006,0.0,0
220511,San Martin,Zapatero,2006,0.0,0
060811,Cajamarca,San Jose Del Alto,2006,0.0,0
010206,Amazonas,La Peca,2006,0.0,0
220401,San Martin,Saposoa,2006,0.0,0
060902,Cajamarca,Chirinos,2006,0.0,0
220908,San Martin,Juan Guerra,2006,0.0,0
060904,Cajamarca,La Coipa,2006,0.0,0
220808,San Martin,Yorongos,2006,0.0,0
120607,Junin,Rio Negro,2006,0.0,0
060812,Cajamarca,Santa Rosa,2006,0.0,0
250106,Ucayali,Nueva Requena,2006,0.0,0
220802,San Martin,Awajun,2006,0.34834,1
250302,Ucayali,Irazola,2006,0.0,0
010109,Amazonas,La Jalca,2006,0.0,0
220906,San Martin,El Porvenir,2006,0.0,0
220707,San Martin,San Hilarion,2006,0.0,0
220806,San Martin,Posic,2006,0.0,0
220406,San Martin,Tingo De Saposoa,2006,0.0,0
100901,Huanuco,Puerto Inca,2006,0.107885,1
010105,Amazonas,Chiliquin,2006,0.0,0
220105,San Martin,Soritor,2006,0.0,0
220201,San Martin,Bellavista,2006,0.0,0
060803,Cajamarca,Chontali,2006,0.0,0
100605,Huanuco,Luyando,2006,0.0,0
010307,Amazonas,Jazan,2006,0.0,0
010502,Amazonas,Camporredondo,2006,0.0,0
010515,Amazonas,Providencia,2006,0.0,0
010102,Amazonas,Asuncion,2006,0.0,0
010510,Amazonas,Luya Viejo,2006,0.0,0
100601,Huanuco,Rupa-Rupa,2006,0.0,0
010514,Amazonas,Pisuquia,2006,0.0,0
060810,Cajamarca,San Felipe,2006,0.0,0
010305,Amazonas,Cuispes,2006,0.0,0
060905,Cajamarca,Namballe,2006,0.354845,1
010119,Amazonas,San Isidro De Maino,2006,0.0,0
060801,Cajamarca,Jaen,2006,0.0,0
010513,Amazonas,Ocumal,2006,0.0,0
220912,San Martin,San Antonio,2006,0.48684,1
220903,San Martin,Cacatachi,2006,0.0,0
120602,Junin,Coviriali,2006,0.0,0
120304,Junin,San Luis De Shuaro,2006,0.0,0
120601,Junin,Satipo,2006,0.0,0
010203,Amazonas,Copallin,2006,0.0,0
010112,Amazonas,Magdalena,2006,0.0,0
220102,San Martin,Calzada,2006,0.0,0
060805,Cajamarca,Huabal,2006,0.0,0
010610,Amazonas,Santa Rosa,2006,0.0,0
220503,San Martin,Barranquita,2006,0.234862,1
220801,San Martin,Rioja,2006,0.120253,1
220703,San Martin,Caspisapa,2006,0.0,0
080904,Cusco,Maranura,2006,0.0,0
010117,Amazonas,Quinjalca,2006,0.0,0
250303,Ucayali,Curimana,2006,0.0,0
010308,Amazonas,Recta,2006,0.0,0
010115,Amazonas,Montevideo,2006,0.0,0
010114,Amazonas,Molinopampa,2006,0.0,0
010503,Amazonas,Cocabamba,2006,0.0,0
060809,Cajamarca,Sallique,2006,0.0,0
010120,Amazonas,Soloco,2006,0.0,0
010521,Amazonas,Santo Tomas,2006,0.0,0
100113,Huanuco,San Pablo De Pillao,2006,0.0,0
010602,Amazonas,Chirimoto,2006,0.0,0
100603,Huanuco,Hermilio Valdizan,2006,0.0,0
010111,Amazonas,Levanto,2006,0.0,0
010518,Amazonas,San Jeronimo,2006,0.0,0
010609,Amazonas,Omia,2006,0.0,0
100902,Huanuco,Codo Del Pozuzo,2006,0.0,0
010113,Amazonas,Mariscal Castilla,2006,0.0,0
220101,San Martin,Moyobamba,2006,0.179031,1
010310,Amazonas,Shipasbamba,2006,0.0,0
100103,Huanuco,Chinchao,2006,0.0,0
010311,Amazonas,Valera,2006,0.0,0
060907,Cajamarca,Tabaconas,2006,0.124004,1
160112,Loreto,Belen,2006,0.0,0
200307,Piura,Sondor,2006,0.0,0
220803,San Martin,Elias Soplin Vargas,2006,0.415131,1
010506,Amazonas,Inguilpata,2006,0.0,0
220506,San Martin,Pinto Recodo,2006,0.405655,1
120303,Junin,Pichanaqui,2006,0.106598,1
010202,Amazonas,Aramango,2006,0.0,0
010606,Amazonas,Longar,2006,0.0,0
160101,Loreto,Iquitos,2006,0.148529,1
010507,Amazonas,Longuita,2006,0.00079,1
221001,San Martin,Tocache,2006,0.0,0
010511,Amazonas,Maria,2006,0.0,0
080901,Cusco,Santa Ana,2006,0.0,0
120302,Junin,Perene,2006,0.050018,1
050409,Ayacucho,Canayre,2006,0.0,0
221002,San Martin,Nuevo Progreso,2006,0.001566,1
200303,Piura,El Carmen De La Frontera,2006,0.001006,1
100609,Huanuco,Pueblo Nuevo,2006,0.0,0
080903,Cusco,Huayopata,2006,0.000284,1
010604,Amazonas,Huambo,2006,0.0,0
100505,Huanuco,Jircan,2006,0.0,0
010512,Amazonas,Ocalli,2006,0.0,0
010101,Amazonas,Chachapoyas,2006,0.0,0
060903,Cajamarca,Huarango,2006,0.0,0
010116,Amazonas,Olleros,2006,0.034633,1
010605,Amazonas,Limabamba,2006,0.0,0
100804,Huanuco,Umari,2006,0.0,0
220504,San Martin,Caynarachi,2006,0.375236,1
080905,Cusco,Ocobamba,2006,0.0,0
010517,Amazonas,San Francisco Del Yeso,2006,0.0,0
120609,Junin,Vizcatán Del Ene,2006,0.0,0
060807,Cajamarca,Pomahuaca,2006,0.0,0
010304,Amazonas,Corosha,2006,0.000488,1
221005,San Martin,Uchiza,2006,0.000699,1
220807,San Martin,San Fernando,2006,0.0,0
050512,Ayacucho,Union Progreso,2006,0.0,0
060804,Cajamarca,Colasay,2006,0.0,0
160503,Loreto,Capelo,2006,0.0,0
220910,San Martin,Morales,2006,0.0,0
120604,Junin,Mazamari,2006,0.0,0
120603,Junin,Llaylla,2006,0.0,0
010520,Amazonas,Santa Catalina,2006,0.0,0
010603,Amazonas,Cochamal,2006,0.0,0
120209,Junin,Mariscal Castilla,2006,0.0,0
010601,Amazonas,San Nicolas,2006,0.0,0
010519,Amazonas,San Juan De Lopecancha,2006,0.0,0
160211,Loreto,Teniente Cesar Lopez Rojas,2006,0.0,0
080408,Cusco,Yanatile,2006,0.002679,1
050408,Ayacucho,Llochegua,2006,0.0,0
100507,Huanuco,Monzon,2006,0.0,0
081304,Cusco,Machupicchu,2006,0.905961,1
220909,San Martin,La Banda De Shilcayo,2006,0.541966,1
220103,San Martin,Habana,2006,0.0,0
100606,Huanuco,Mariano Damaso Beraun,2006,0.06402,1
010508,Amazonas,Lonya Chico,2006,0.0,0
170102,Madre De Dios,Inambari,2006,0.372706,1
050502,Ayacucho,Anco,2006,0.0,0
010523,Amazonas,Trita,2006,0.0,0
010516,Amazonas,San Cristobal,2006,0.0,0
080918,Cusco,Union Ashaninka,2006,0.07284,1
221006,San Martin,Santa Lucia,2006,0.0,0
100702,Huanuco,Cholon,2006,0.0,0
211205,Puno,Phara,2006,0.0,0
170204,Madre De Dios,Huepetuhe,2006,0.362182,1
010302,Amazonas,Chisquilla,2006,0.002463,1
050507,Ayacucho,Santa Rosa,2006,0.0,0
220804,San Martin,Nueva Cajamarca,2006,0.40854,1
220809,San Martin,Yuracyacu,2006,0.0,0
160603,Loreto,Padre Marquez,2006,0.0,0
010522,Amazonas,Tingo,2006,0.104067,1
080906,Cusco,Quellouno,2006,0.000399,1
010301,Amazonas,Jumbilla,2006,0.0,0
080917,Cusco,Manitea,2006,0.0,0
250305,Ucayali,Alexander Von Humboldt,2007,0.0,0
220509,San Martin,Shanao,2007,0.0,0
250304,Ucayali,Neshuya,2007,0.0,0
220501,San Martin,Lamas,2007,0.0,0
220902,San Martin,Alberto Leveau,2007,0.0,0
250102,Ucayali,Campoverde,2007,0.0,0
220702,San Martin,Buenos Aires,2007,0.0,0
220502,San Martin,Alonso De Alvarado,2007,0.0,0
220404,San Martin,Piscoyacu,2007,0.0,0
220708,San Martin,Shamboyacu,2007,0.065954,1
220204,San Martin,Huallaga,2007,0.0,0
220605,San Martin,Pajarillo,2007,0.0,0
010703,Amazonas,Cumba,2007,0.0,0
220704,San Martin,Pilluana,2007,0.0,0
220104,San Martin,Jepelacio,2007,0.0,0
220505,San Martin,Cuñumbuqui,2007,0.0,0
220507,San Martin,Rumisapa,2007,0.0,0
220913,San Martin,Sauce,2007,0.0,0
010608,Amazonas,Milpuc,2007,0.0,0
220405,San Martin,Sacanche,2007,0.0,0
220709,San Martin,Tingo De Ponasa,2007,0.0,0
220304,San Martin,Santa Rosa,2007,0.0,0
100903,Huanuco,Honoria,2007,0.051579,1
220203,San Martin,Bajo Biavo,2007,0.000233,1
220710,San Martin,Tres Unidos,2007,0.080633,1
220510,San Martin,Tabalosos,2007,1.7e-05,1
100904,Huanuco,Tournavista,2007,0.058333,1
010701,Amazonas,Bagua Grande,2007,0.0,0
220701,San Martin,Picota,2007,0.0,0
220403,San Martin,El Eslabon,2007,0.0,0
250105,Ucayali,Yarinacocha,2007,0.0,0
220914,San Martin,Shapaja,2007,0.215793,1
010707,Amazonas,Yamon,2007,0.0,0
010705,Amazonas,Jamalca,2007,0.0,0
220205,San Martin,San Pablo,2007,0.0,0
220705,San Martin,Pucacaca,2007,0.0,0
220601,San Martin,Juanjui,2007,0.0,0
100905,Huanuco,Yuyapichis,2007,0.080361,1
100608,Huanuco,Castillo Grande,2007,0.0,0
220302,San Martin,Agua Blanca,2007,0.0,0
250306,Ucayali,Huipoca,2007,0.0,0
010611,Amazonas,Totora,2007,0.0,0
010706,Amazonas,Lonya Grande,2007,0.0,0
220706,San Martin,San Cristobal,2007,0.0,0
010303,Amazonas,Churuja,2007,0.0,0
220301,San Martin,San Jose De Sisa,2007,0.0,0
010204,Amazonas,El Parco,2007,0.0,0
010306,Amazonas,Florida,2007,0.0,0
220303,San Martin,San Martin,2007,0.0,0
220106,San Martin,Yantalo,2007,0.0,0
220305,San Martin,Shatoja,2007,0.0,0
010104,Amazonas,Cheto,2007,0.0,0
160201,Loreto,Yurimaguas,2007,0.0,0
060901,Cajamarca,San Ignacio,2007,0.0,0
220511,San Martin,Zapatero,2007,0.0,0
060811,Cajamarca,San Jose Del Alto,2007,0.0,0
010206,Amazonas,La Peca,2007,0.0,0
220401,San Martin,Saposoa,2007,0.0,0
060902,Cajamarca,Chirinos,2007,0.0,0
220908,San Martin,Juan Guerra,2007,0.0,0
060904,Cajamarca,La Coipa,2007,0.0,0
220808,San Martin,Yorongos,2007,0.0,0
120607,Junin,Rio Negro,2007,0.0,0
060812,Cajamarca,Santa Rosa,2007,0.0,0
250106,Ucayali,Nueva Requena,2007,0.0,0
220802,San Martin,Awajun,2007,0.34834,1
250302,Ucayali,Irazola,2007,0.0,0
010109,Amazonas,La Jalca,2007,0.0,0
220906,San Martin,El Porvenir,2007,0.0,0
220707,San Martin,San Hilarion,2007,0.0,0
220806,San Martin,Posic,2007,0.0,0
220406,San Martin,Tingo De Saposoa,2007,0.0,0
100901,Huanuco,Puerto Inca,2007,0.107885,1
010105,Amazonas,Chiliquin,2007,0.0,0
220105,San Martin,Soritor,2007,0.0,0
220201,San Martin,Bellavista,2007,0.0,0
060803,Cajamarca,Chontali,2007,0.0,0
100605,Huanuco,Luyando,2007,0.0,0
010307,Amazonas,Jazan,2007,0.0,0
010502,Amazonas,Camporredondo,2007,0.0,0
010515,Amazonas,Providencia,2007,0.0,0
010102,Amazonas,Asuncion,2007,0.0,0
010510,Amazonas,Luya Viejo,2007,0.0,0
100601,Huanuco,Rupa-Rupa,2007,0.0,0
010514,Amazonas,Pisuquia,2007,0.0,0
060810,Cajamarca,San Felipe,2007,0.0,0
010305,Amazonas,Cuispes,2007,0.0,0
060905,Cajamarca,Namballe,2007,0.354845,1
010119,Amazonas,San Isidro De Maino,2007,0.0,0
060801,Cajamarca,Jaen,2007,0.0,0
010513,Amazonas,Ocumal,2007,0.0,0
220912,San Martin,San Antonio,2007,0.48684,1
220903,San Martin,Cacatachi,2007,0.0,0
120602,Junin,Coviriali,2007,0.0,0
120304,Junin,San Luis De Shuaro,2007,0.0,0
120601,Junin,Satipo,2007,0.0,0
010203,Amazonas,Copallin,2007,0.0,0
010112,Amazonas,Magdalena,2007,0.0,0
220102,San Martin,Calzada,2007,0.0,0
060805,Cajamarca,Huabal,2007,0.0,0
010610,Amazonas,Santa Rosa,2007,0.0,0
220503,San Martin,Barranquita,2007,0.234862,1
220801,San Martin,Rioja,2007,0.120253,1
220703,San Martin,Caspisapa,2007,0.0,0
080904,Cusco,Maranura,2007,0.0,0
010117,Amazonas,Quinjalca,2007,0.0,0
250303,Ucayali,Curimana,2007,0.0,0
010308,Amazonas,Recta,2007,0.0,0
010115,Amazonas,Montevideo,2007,0.0,0
010114,Amazonas,Molinopampa,2007,0.0,0
010503,Amazonas,Cocabamba,2007,0.0,0
060809,Cajamarca,Sallique,2007,0.0,0
010120,Amazonas,Soloco,2007,0.0,0
010521,Amazonas,Santo Tomas,2007,0.0,0
100113,Huanuco,San Pablo De Pillao,2007,0.0,0
010602,Amazonas,Chirimoto,2007,0.0,0
100603,Huanuco,Hermilio Valdizan,2007,0.0,0
010111,Amazonas,Levanto,2007,0.0,0
010518,Amazonas,San Jeronimo,2007,0.0,0
010609,Amazonas,Omia,2007,0.0,0
100902,Huanuco,Codo Del Pozuzo,2007,0.0,0
010113,Amazonas,Mariscal Castilla,2007,0.0,0
220101,San Martin,Moyobamba,2007,0.179031,1
010310,Amazonas,Shipasbamba,2007,0.0,0
100103,Huanuco,Chinchao,2007,0.0,0
010311,Amazonas,Valera,2007,0.0,0
060907,Cajamarca,Tabaconas,2007,0.124004,1
160112,Loreto,Belen,2007,0.0,0
200307,Piura,Sondor,2007,0.0,0
220803,San Martin,Elias Soplin Vargas,2007,0.415131,1
010506,Amazonas,Inguilpata,2007,0.0,0
220506,San Martin,Pinto Recodo,2007,0.405655,1
120303,Junin,Pichanaqui,2007,0.106598,1
010202,Amazonas,Aramango,2007,0.0,0
010606,Amazonas,Longar,2007,0.0,0
160101,Loreto,Iquitos,2007,0.148529,1
010507,Amazonas,Longuita,2007,0.00079,1
221001,San Martin,Tocache,2007,0.0,0
010511,Amazonas,Maria,2007,0.0,0
080901,Cusco,Santa Ana,2007,0.0,0
120302,Junin,Perene,2007,0.050018,1
050409,Ayacucho,Canayre,2007,0.0,0
221002,San Martin,Nuevo Progreso,2007,0.001566,1
200303,Piura,El Carmen De La Frontera,2007,0.001006,1
100609,Huanuco,Pueblo Nuevo,2007,0.0,0
080903,Cusco,Huayopata,2007,0.000284,1
010604,Amazonas,Huambo,2007,0.0,0
100505,Huanuco,Jircan,2007,0.0,0
010512,Amazonas,Ocalli,2007,0.0,0
010101,Amazonas,Chachapoyas,2007,0.0233,1
060903,Cajamarca,Huarango,2007,0.0,0
010116,Amazonas,Olleros,2007,0.034633,1
010605,Amazonas,Limabamba,2007,0.0,0
100804,Huanuco,Umari,2007,0.0,0
220504,San Martin,Caynarachi,2007,0.375236,1
080905,Cusco,Ocobamba,2007,0.0,0
010517,Amazonas,San Francisco Del Yeso,2007,0.0,0
120609,Junin,Vizcatán Del Ene,2007,0.0,0
060807,Cajamarca,Pomahuaca,2007,0.0,0
010304,Amazonas,Corosha,2007,0.000488,1
221005,San Martin,Uchiza,2007,0.000699,1
220807,San Martin,San Fernando,2007,0.0,0
050512,Ayacucho,Union Progreso,2007,0.0,0
060804,Cajamarca,Colasay,2007,0.0,0
160503,Loreto,Capelo,2007,0.0,0
220910,San Martin,Morales,2007,0.0,0
120604,Junin,Mazamari,2007,0.0,0
120603,Junin,Llaylla,2007,0.0,0
010520,Amazonas,Santa Catalina,2007,0.0,0
010603,Amazonas,Cochamal,2007,0.0,0
120209,Junin,Mariscal Castilla,2007,0.0,0
010601,Amazonas,San Nicolas,2007,0.0,0
010519,Amazonas,San Juan De Lopecancha,2007,0.0,0
160211,Loreto,Teniente Cesar Lopez Rojas,2007,0.0,0
080408,Cusco,Yanatile,2007,0.002679,1
050408,Ayacucho,Llochegua,2007,0.0,0
100507,Huanuco,Monzon,2007,0.0,0
081304,Cusco,Machupicchu,2007,0.905961,1
220909,San Martin,La Banda De Shilcayo,2007,0.541966,1
220103,San Martin,Habana,2007,0.0,0
100606,Huanuco,Mariano Damaso Beraun,2007,0.06402,1
010508,Amazonas,Lonya Chico,2007,0.0,0
170102,Madre De Dios,Inambari,2007,0.372706,1
050502,Ayacucho,Anco,2007,0.0,0
010523,Amazonas,Trita,2007,0.0,0
010516,Amazonas,San Cristobal,2007,0.0,0
080918,Cusco,Union Ashaninka,2007,0.07284,1
221006,San Martin,Santa Lucia,2007,0.0,0
100702,Huanuco,Cholon,2007,0.0,0
211205,Puno,Phara,2007,0.0,0
170204,Madre De Dios,Huepetuhe,2007,0.362182,1
010302,Amazonas,Chisquilla,2007,0.002463,1
050507,Ayacucho,Santa Rosa,2007,0.0,0
220804,San Martin,Nueva Cajamarca,2007,0.40854,1
220809,San Martin,Yuracyacu,2007,0.0,0
160603,Loreto,Padre Marquez,2007,0.0,0
010522,Amazonas,Tingo,2007,0.104067,1
080906,Cusco,Quellouno,2007,0.000399,1
010301,Amazonas,Jumbilla,2007,0.0,0
080917,Cusco,Manitea,2007,0.0,0
250305,Ucayali,Alexander Von Humboldt,2008,0.0,0
220509,San Martin,Shanao,2008,0.0,0
250304,Ucayali,Neshuya,2008,0.0,0
220501,San Martin,Lamas,2008,0.0,0
220902,San Martin,Alberto Leveau,2008,0.0,0
250102,Ucayali,Campoverde,2008,0.0,0
220702,San Martin,Buenos Aires,2008,0.0,0
220502,San Martin,Alonso De Alvarado,2008,0.0,0
220404,San Martin,Piscoyacu,2008,0.0,0
220708,San Martin,Shamboyacu,2008,0.065954,1
220204,San Martin,Huallaga,2008,0.0,0
220605,San Martin,Pajarillo,2008,0.0,0
010703,Amazonas,Cumba,2008,0.0,0
220704,San Martin,Pilluana,2008,0.0,0
220104,San Martin,Jepelacio,2008,0.0,0
220505,San Martin,Cuñumbuqui,2008,0.0,0
220507,San Martin,Rumisapa,2008,0.0,0
220913,San Martin,Sauce,2008,0.0,0
010608,Amazonas,Milpuc,2008,0.0,0
220405,San Martin,Sacanche,2008,0.0,0
220709,San Martin,Tingo De Ponasa,2008,0.0,0
220304,San Martin,Santa Rosa,2008,0.0,0
100903,Huanuco,Honoria,2008,0.051579,1
220203,San Martin,Bajo Biavo,2008,0.000233,1
220710,San Martin,Tres Unidos,2008,0.080633,1
220510,San Martin,Tabalosos,2008,1.7e-05,1
100904,Huanuco,Tournavista,2008,0.058333,1
010701,Amazonas,Bagua Grande,2008,0.0,0
220701,San Martin,Picota,2008,0.0,0
220403,San Martin,El Eslabon,2008,0.0,0
250105,Ucayali,Yarinacocha,2008,0.0,0
220914,San Martin,Shapaja,2008,0.215793,1
010707,Amazonas,Yamon,2008,0.0,0
010705,Amazonas,Jamalca,2008,0.0,0
220205,San Martin,San Pablo,2008,0.0,0
220705,San Martin,Pucacaca,2008,0.0,0
220601,San Martin,Juanjui,2008,0.0,0
100905,Huanuco,Yuyapichis,2008,0.080361,1
100608,Huanuco,Castillo Grande,2008,0.0,0
220302,San Martin,Agua Blanca,2008,0.0,0
250306,Ucayali,Huipoca,2008,0.0,0
010611,Amazonas,Totora,2008,0.0,0
010706,Amazonas,Lonya Grande,2008,0.0,0
220706,San Martin,San Cristobal,2008,0.0,0
010303,Amazonas,Churuja,2008,0.0,0
220301,San Martin,San Jose De Sisa,2008,0.0,0
010204,Amazonas,El Parco,2008,0.0,0
010306,Amazonas,Florida,2008,0.0,0
220303,San Martin,San Martin,2008,0.0,0
220106,San Martin,Yantalo,2008,0.0,0
220305,San Martin,Shatoja,2008,0.0,0
010104,Amazonas,Cheto,2008,0.0,0
160201,Loreto,Yurimaguas,2008,0.0,0
060901,Cajamarca,San Ignacio,2008,0.0,0
220511,San Martin,Zapatero,2008,0.0,0
060811,Cajamarca,San Jose Del Alto,2008,0.0,0
010206,Amazonas,La Peca,2008,0.0,0
220401,San Martin,Saposoa,2008,0.0,0
060902,Cajamarca,Chirinos,2008,0.0,0
220908,San Martin,Juan Guerra,2008,0.0,0
060904,Cajamarca,La Coipa,2008,0.0,0
220808,San Martin,Yorongos,2008,0.0,0
120607,Junin,Rio Negro,2008,0.0,0
060812,Cajamarca,Santa Rosa,2008,0.0,0
250106,Ucayali,Nueva Requena,2008,0.0,0
220802,San Martin,Awajun,2008,0.34834,1
250302,Ucayali,Irazola,2008,0.0,0
010109,Amazonas,La Jalca,2008,0.0,0
220906,San Martin,El Porvenir,2008,0.0,0
220707,San Martin,San Hilarion,2008,0.0,0
220806,San Martin,Posic,2008,0.0,0
220406,San Martin,Tingo De Saposoa,2008,0.0,0
100901,Huanuco,Puerto Inca,2008,0.107885,1
010105,Amazonas,Chiliquin,2008,0.0,0
220105,San Martin,Soritor,2008,0.0,0
220201,San Martin,Bellavista,2008,0.0,0
060803,Cajamarca,Chontali,2008,0.0,0
100605,Huanuco,Luyando,2008,0.0,0
010307,Amazonas,Jazan,2008,0.0,0
010502,Amazonas,Camporredondo,2008,0.0,0
010515,Amazonas,Providencia,2008,0.0,0
010102,Amazonas,Asuncion,2008,0.0,0
010510,Amazonas,Luya Viejo,2008,0.0,0
100601,Huanuco,Rupa-Rupa,2008,0.0,0
010514,Amazonas,Pisuquia,2008,0.0,0
060810,Cajamarca,San Felipe,2008,0.0,0
010305,Amazonas,Cuispes,2008,0.0,0
060905,Cajamarca,Namballe,2008,0.354845,1
010119,Amazonas,San Isidro De Maino,2008,0.0,0
060801,Cajamarca,Jaen,2008,0.0,0
010513,Amazonas,Ocumal,2008,0.0,0
220912,San Martin,San Antonio,2008,0.48684,1
220903,San Martin,Cacatachi,2008,0.0,0
120602,Junin,Coviriali,2008,0.0,0
120304,Junin,San Luis De Shuaro,2008,0.0,0
120601,Junin,Satipo,2008,0.0,0
010203,Amazonas,Copallin,2008,0.0,0
010112,Amazonas,Magdalena,2008,0.0,0
220102,San Martin,Calzada,2008,0.0,0
060805,Cajamarca,Huabal,2008,0.0,0
010610,Amazonas,Santa Rosa,2008,0.0,0
220503,San Martin,Barranquita,2008,0.234862,1
220801,San Martin,Rioja,2008,0.120253,1
220703,San Martin,Caspisapa,2008,0.0,0
080904,Cusco,Maranura,2008,0.0,0
010117,Amazonas,Quinjalca,2008,0.0,0
250303,Ucayali,Curimana,2008,0.0,0
010308,Amazonas,Recta,2008,0.0,0
010115,Amazonas,Montevideo,2008,0.0,0
010114,Amazonas,Molinopampa,2008,0.0,0
010503,Amazonas,Cocabamba,2008,0.0,0
060809,Cajamarca,Sallique,2008,0.0,0
010120,Amazonas,Soloco,2008,0.0,0
010521,Amazonas,Santo Tomas,2008,0.0,0
100113,Huanuco,San Pablo De Pillao,2008,0.0,0
010602,Amazonas,Chirimoto,2008,0.0,0
100603,Huanuco,Hermilio Valdizan,2008,0.0,0
010111,Amazonas,Levanto,2008,0.0,0
010518,Amazonas,San Jeronimo,2008,0.0,0
010609,Amazonas,Omia,2008,0.0,0
100902,Huanuco,Codo Del Pozuzo,2008,0.0,0
010113,Amazonas,Mariscal Castilla,2008,0.0,0
220101,San Martin,Moyobamba,2008,0.179031,1
010310,Amazonas,Shipasbamba,2008,0.0,0
100103,Huanuco,Chinchao,2008,0.0,0
010311,Amazonas,Valera,2008,0.0,0
060907,Cajamarca,Tabaconas,2008,0.124004,1
160112,Loreto,Belen,2008,0.0,0
200307,Piura,Sondor,2008,0.0,0
220803,San Martin,Elias Soplin Vargas,2008,0.415131,1
010506,Amazonas,Inguilpata,2008,0.0,0
220506,San Martin,Pinto Recodo,2008,0.405655,1
120303,Junin,Pichanaqui,2008,0.106598,1
010202,Amazonas,Aramango,2008,0.0,0
010606,Amazonas,Longar,2008,0.0,0
160101,Loreto,Iquitos,2008,0.148529,1
010507,Amazonas,Longuita,2008,0.00079,1
221001,San Martin,Tocache,2008,0.0,0
010511,Amazonas,Maria,2008,0.0,0
080901,Cusco,Santa Ana,2008,0.0,0
120302,Junin,Perene,2008,0.050018,1
050409,Ayacucho,Canayre,2008,0.0,0
221002,San Martin,Nuevo Progreso,2008,0.001566,1
200303,Piura,El Carmen De La Frontera,2008,0.001006,1
100609,Huanuco,Pueblo Nuevo,2008,0.0,0
080903,Cusco,Huayopata,2008,0.000284,1
010604,Amazonas,Huambo,2008,0.0,0
100505,Huanuco,Jircan,2008,0.0,0
010512,Amazonas,Ocalli,2008,0.0,0
010101,Amazonas,Chachapoyas,2008,0.0233,1
060903,Cajamarca,Huarango,2008,0.0,0
010116,Amazonas,Olleros,2008,0.034633,1
010605,Amazonas,Limabamba,2008,0.0,0
100804,Huanuco,Umari,2008,0.0,0
220504,San Martin,Caynarachi,2008,0.375236,1
080905,Cusco,Ocobamba,2008,0.0,0
010517,Amazonas,San Francisco Del Yeso,2008,0.0,0
120609,Junin,Vizcatán Del Ene,2008,0.0,0
060807,Cajamarca,Pomahuaca,2008,0.0,0
010304,Amazonas,Corosha,2008,0.000488,1
221005,San Martin,Uchiza,2008,0.000699,1
220807,San Martin,San Fernando,2008,0.0,0
050512,Ayacucho,Union Progreso,2008,0.0,0
060804,Cajamarca,Colasay,2008,0.0,0
160503,Loreto,Capelo,2008,0.0,0
220910,San Martin,Morales,2008,0.0,0
120604,Junin,Mazamari,2008,0.0,0
120603,Junin,Llaylla,2008,0.0,0
010520,Amazonas,Santa Catalina,2008,0.0,0
010603,Amazonas,Cochamal,2008,0.0,0
120209,Junin,Mariscal Castilla,2008,0.0,0
010601,Amazonas,San Nicolas,2008,0.0,0
010519,Amazonas,San Juan De Lopecancha,2008,0.0,0
160211,Loreto,Teniente Cesar Lopez Rojas,2008,0.0,0
080408,Cusco,Yanatile,2008,0.002679,1
050408,Ayacucho,Llochegua,2008,0.0,0
100507,Huanuco,Monzon,2008,0.0,0
081304,Cusco,Machupicchu,2008,0.905961,1
220909,San Martin,La Banda De Shilcayo,2008,0.541966,1
220103,San Martin,Habana,2008,0.0,0
100606,Huanuco,Mariano Damaso Beraun,2008,0.06402,1
010508,Amazonas,Lonya Chico,2008,0.0,0
170102,Madre De Dios,Inambari,2008,0.372706,1
050502,Ayacucho,Anco,2008,0.0,0
010523,Amazonas,Trita,2008,0.0,0
010516,Amazonas,San Cristobal,2008,0.0,0
080918,Cusco,Union Ashaninka,2008,0.07284,1
221006,San Martin,Santa Lucia,2008,0.0,0
100702,Huanuco,Cholon,2008,0.0,0
211205,Puno,Phara,2008,0.0,0
170204,Madre De Dios,Huepetuhe,2008,0.362182,1
010302,Amazonas,Chisquilla,2008,0.002463,1
050507,Ayacucho,Santa Rosa,2008,0.0,0
220804,San Martin,Nueva Cajamarca,2008,0.40854,1
220809,San Martin,Yuracyacu,2008,0.0,0
160603,Loreto,Padre Marquez,2008,0.0,0
010522,Amazonas,Tingo,2008,0.104067,1
080906,Cusco,Quellouno,2008,0.000399,1
010301,Amazonas,Jumbilla,2008,0.0,0
080917,Cusco,Manitea,2008,0.0,0
250305,Ucayali,Alexander Von Humboldt,2009,0.0,0
220509,San Martin,Shanao,2009,0.0,0
250304,Ucayali,Neshuya,2009,0.0,0
220501,San Martin,Lamas,2009,0.0,0
220902,San Martin,Alberto Leveau,2009,0.0,0
250102,Ucayali,Campoverde,2009,0.0,0
220702,San Martin,Buenos Aires,2009,0.0,0
220502,San Martin,Alonso De Alvarado,2009,0.0,0
220404,San Martin,Piscoyacu,2009,0.0,0
220708,San Martin,Shamboyacu,2009,0.065954,1
220204,San Martin,Huallaga,2009,0.0,0
220605,San Martin,Pajarillo,2009,0.0,0
010703,Amazonas,Cumba,2009,0.0,0
220704,San Martin,Pilluana,2009,0.0,0
220104,San Martin,Jepelacio,2009,0.0,0
220505,San Martin,Cuñumbuqui,2009,0.0,0
220507,San Martin,Rumisapa,2009,0.0,0
220913,San Martin,Sauce,2009,0.0,0
010608,Amazonas,Milpuc,2009,0.0,0
220405,San Martin,Sacanche,2009,0.0,0
220709,San Martin,Tingo De Ponasa,2009,0.0,0
220304,San Martin,Santa Rosa,2009,0.0,0
100903,Huanuco,Honoria,2009,0.051579,1
220203,San Martin,Bajo Biavo,2009,0.000233,1
220710,San Martin,Tres Unidos,2009,0.080633,1
220510,San Martin,Tabalosos,2009,1.7e-05,1
100904,Huanuco,Tournavista,2009,0.058333,1
010701,Amazonas,Bagua Grande,2009,0.0,0
220701,San Martin,Picota,2009,0.0,0
220403,San Martin,El Eslabon,2009,0.0,0
250105,Ucayali,Yarinacocha,2009,0.0,0
220914,San Martin,Shapaja,2009,0.215793,1
010707,Amazonas,Yamon,2009,0.0,0
010705,Amazonas,Jamalca,2009,0.0,0
220205,San Martin,San Pablo,2009,0.0,0
220705,San Martin,Pucacaca,2009,0.0,0
220601,San Martin,Juanjui,2009,0.0,0
100905,Huanuco,Yuyapichis,2009,0.080361,1
100608,Huanuco,Castillo Grande,2009,0.0,0
220302,San Martin,Agua Blanca,2009,0.0,0
250306,Ucayali,Huipoca,2009,0.0,0
010611,Amazonas,Totora,2009,0.0,0
010706,Amazonas,Lonya Grande,2009,0.0,0
220706,San Martin,San Cristobal,2009,0.0,0
010303,Amazonas,Churuja,2009,0.0,0
220301,San Martin,San Jose De Sisa,2009,0.0,0
010204,Amazonas,El Parco,2009,0.0,0
010306,Amazonas,Florida,2009,0.0,0
220303,San Martin,San Martin,2009,0.0,0
220106,San Martin,Yantalo,2009,0.0,0
220305,San Martin,Shatoja,2009,0.0,0
010104,Amazonas,Cheto,2009,0.0,0
160201,Loreto,Yurimaguas,2009,0.0,0
060901,Cajamarca,San Ignacio,2009,0.0,0
220511,San Martin,Zapatero,2009,0.0,0
060811,Cajamarca,San Jose Del Alto,2009,0.0,0
010206,Amazonas,La Peca,2009,0.0,0
220401,San Martin,Saposoa,2009,0.0,0
060902,Cajamarca,Chirinos,2009,0.0,0
220908,San Martin,Juan Guerra,2009,0.0,0
060904,Cajamarca,La Coipa,2009,0.0,0
220808,San Martin,Yorongos,2009,0.0,0
120607,Junin,Rio Negro,2009,0.0,0
060812,Cajamarca,Santa Rosa,2009,0.0,0
250106,Ucayali,Nueva Requena,2009,0.0,0
220802,San Martin,Awajun,2009,0.34834,1
250302,Ucayali,Irazola,2009,0.0,0
010109,Amazonas,La Jalca,2009,0.0,0
220906,San Martin,El Porvenir,2009,0.0,0
220707,San Martin,San Hilarion,2009,0.0,0
220806,San Martin,Posic,2009,0.0,0
220406,San Martin,Tingo De Saposoa,2009,0.0,0
100901,Huanuco,Puerto Inca,2009,0.107885,1
010105,Amazonas,Chiliquin,2009,0.0,0
220105,San Martin,Soritor,2009,0.0,0
220201,San Martin,Bellavista,2009,0.0,0
060803,Cajamarca,Chontali,2009,0.0,0
100605,Huanuco,Luyando,2009,0.0,0
010307,Amazonas,Jazan,2009,0.0,0
010502,Amazonas,Camporredondo,2009,0.0,0
010515,Amazonas,Providencia,2009,0.0,0
010102,Amazonas,Asuncion,2009,0.0,0
010510,Amazonas,Luya Viejo,2009,0.0,0
100601,Huanuco,Rupa-Rupa,2009,0.0,0
010514,Amazonas,Pisuquia,2009,0.0,0
060810,Cajamarca,San Felipe,2009,0.0,0
010305,Amazonas,Cuispes,2009,0.0,0
060905,Cajamarca,Namballe,2009,0.354845,1
010119,Amazonas,San Isidro De Maino,2009,0.0,0
060801,Cajamarca,Jaen,2009,0.0,0
010513,Amazonas,Ocumal,2009,0.0,0
220912,San Martin,San Antonio,2009,0.48684,1
220903,San Martin,Cacatachi,2009,0.0,0
120602,Junin,Coviriali,2009,0.0,0
120304,Junin,San Luis De Shuaro,2009,0.0,0
120601,Junin,Satipo,2009,0.0,0
010203,Amazonas,Copallin,2009,0.0,0
010112,Amazonas,Magdalena,2009,0.0,0
220102,San Martin,Calzada,2009,0.0,0
060805,Cajamarca,Huabal,2009,0.0,0
010610,Amazonas,Santa Rosa,2009,0.0,0
220503,San Martin,Barranquita,2009,0.234862,1
220801,San Martin,Rioja,2009,0.120253,1
220703,San Martin,Caspisapa,2009,0.0,0
080904,Cusco,Maranura,2009,0.0,0
010117,Amazonas,Quinjalca,2009,0.0,0
250303,Ucayali,Curimana,2009,0.0,0
010308,Amazonas,Recta,2009,0.0,0
010115,Amazonas,Montevideo,2009,0.0,0
010114,Amazonas,Molinopampa,2009,0.0,0
010503,Amazonas,Cocabamba,2009,0.0,0
060809,Cajamarca,Sallique,2009,0.0,0
010120,Amazonas,Soloco,2009,0.0,0
010521,Amazonas,Santo Tomas,2009,0.0,0
100113,Huanuco,San Pablo De Pillao,2009,0.0,0
010602,Amazonas,Chirimoto,2009,0.0,0
100603,Huanuco,Hermilio Valdizan,2009,0.0,0
010111,Amazonas,Levanto,2009,0.0,0
010518,Amazonas,San Jeronimo,2009,0.0,0
010609,Amazonas,Omia,2009,0.0,0
100902,Huanuco,Codo Del Pozuzo,2009,0.0,0
010113,Amazonas,Mariscal Castilla,2009,0.0,0
220101,San Martin,Moyobamba,2009,0.179031,1
010310,Amazonas,Shipasbamba,2009,0.0,0
100103,Huanuco,Chinchao,2009,0.0,0
010311,Amazonas,Valera,2009,0.0,0
060907,Cajamarca,Tabaconas,2009,0.124004,1
160112,Loreto,Belen,2009,0.0,0
200307,Piura,Sondor,2009,0.0,0
220803,San Martin,Elias Soplin Vargas,2009,0.415131,1
010506,Amazonas,Inguilpata,2009,0.0,0
220506,San Martin,Pinto Recodo,2009,0.405655,1
120303,Junin,Pichanaqui,2009,0.106598,1
010202,Amazonas,Aramango,2009,0.000764,1
010606,Amazonas,Longar,2009,0.0,0
160101,Loreto,Iquitos,2009,0.148529,1
010507,Amazonas,Longuita,2009,0.00079,1
221001,San Martin,Tocache,2009,0.0,0
010511,Amazonas,Maria,2009,0.0,0
080901,Cusco,Santa Ana,2009,0.0,0
120302,Junin,Perene,2009,0.050018,1
050409,Ayacucho,Canayre,2009,0.0,0
221002,San Martin,Nuevo Progreso,2009,0.001566,1
200303,Piura,El Carmen De La Frontera,2009,0.001006,1
100609,Huanuco,Pueblo Nuevo,2009,0.0,0
080903,Cusco,Huayopata,2009,0.000284,1
010604,Amazonas,Huambo,2009,0.0,0
100505,Huanuco,Jircan,2009,0.0,0
010512,Amazonas,Ocalli,2009,0.0,0
010101,Amazonas,Chachapoyas,2009,0.0233,1
060903,Cajamarca,Huarango,2009,0.0,0
010116,Amazonas,Olleros,2009,0.034633,1
010605,Amazonas,Limabamba,2009,0.0,0
100804,Huanuco,Umari,2009,0.0,0
220504,San Martin,Caynarachi,2009,0.375236,1
080905,Cusco,Ocobamba,2009,0.0,0
010517,Amazonas,San Francisco Del Yeso,2009,0.0,0
120609,Junin,Vizcatán Del Ene,2009,0.0,0
060807,Cajamarca,Pomahuaca,2009,0.0,0
010304,Amazonas,Corosha,2009,0.000488,1
221005,San Martin,Uchiza,2009,0.000699,1
220807,San Martin,San Fernando,2009,0.0,0
050512,Ayacucho,Union Progreso,2009,0.0,0
060804,Cajamarca,Colasay,2009,0.0,0
160503,Loreto,Capelo,2009,0.0,0
220910,San Martin,Morales,2009,0.0,0
120604,Junin,Mazamari,2009,0.0,0
120603,Junin,Llaylla,2009,0.0,0
010520,Amazonas,Santa Catalina,2009,0.0,0
010603,Amazonas,Cochamal,2009,0.0,0
120209,Junin,Mariscal Castilla,2009,0.0,0
010601,Amazonas,San Nicolas,2009,0.0,0
010519,Amazonas,San Juan De Lopecancha,2009,0.0,0
160211,Loreto,Teniente Cesar Lopez Rojas,2009,0.0,0
080408,Cusco,Yanatile,2009,0.002679,1
050408,Ayacucho,Llochegua,2009,0.0,0
100507,Huanuco,Monzon,2009,0.0,0
081304,Cusco,Machupicchu,2009,0.905961,1
220909,San Martin,La Banda De Shilcayo,2009,0.541966,1
220103,San Martin,Habana,2009,0.0,0
100606,Huanuco,Mariano Damaso Beraun,2009,0.06402,1
010508,Amazonas,Lonya Chico,2009,0.0,0
170102,Madre De Dios,Inambari,2009,0.372706,1
050502,Ayacucho,Anco,2009,0.0,0
010523,Amazonas,Trita,2009,0.0,0
010516,Amazonas,San Cristobal,2009,0.0,0
080918,Cusco,Union Ashaninka,2009,0.07284,1
221006,San Martin,Santa Lucia,2009,0.0,0
100702,Huanuco,Cholon,2009,0.0,0
211205,Puno,Phara,2009,0.0,0
170204,Madre De Dios,Huepetuhe,2009,0.362182,1
010302,Amazonas,Chisquilla,2009,0.002463,1
050507,Ayacucho,Santa Rosa,2009,0.0,0
220804,San Martin,Nueva Cajamarca,2009,0.40854,1
220809,San Martin,Yuracyacu,2009,0.0,0
160603,Loreto,Padre Marquez,2009,0.0,0
010522,Amazonas,Tingo,2009,0.104067,1
080906,Cusco,Quellouno,2009,0.000399,1
010301,Amazonas,Jumbilla,2009,0.0,0
080917,Cusco,Manitea,2009,0.0,0
250305,Ucayali,Alexander Von Humboldt,2010,0.0,0
220509,San Martin,Shanao,2010,0.0,0
250304,Ucayali,Neshuya,2010,0.0,0
220501,San Martin,Lamas,2010,0.0,0
220902,San Martin,Alberto Leveau,2010,0.0,0
250102,Ucayali,Campoverde,2010,0.0,0
220702,San Martin,Buenos Aires,2010,0.0,0
220502,San Martin,Alonso De Alvarado,2010,0.0,0
220404,San Martin,Piscoyacu,2010,0.0,0
220708,San Martin,Shamboyacu,2010,0.065954,1
220204,San Martin,Huallaga,2010,0.0,0
220605,San Martin,Pajarillo,2010,0.0,0
010703,Amazonas,Cumba,2010,0.0,0
220704,San Martin,Pilluana,2010,0.0,0
220104,San Martin,Jepelacio,2010,0.0,0
220505,San Martin,Cuñumbuqui,2010,0.0,0
220507,San Martin,Rumisapa,2010,0.0,0
220913,San Martin,Sauce,2010,0.0,0
010608,Amazonas,Milpuc,2010,0.0,0
220405,San Martin,Sacanche,2010,0.0,0
220709,San Martin,Tingo De Ponasa,2010,0.0,0
220304,San Martin,Santa Rosa,2010,0.0,0
100903,Huanuco,Honoria,2010,0.051579,1
220203,San Martin,Bajo Biavo,2010,0.000233,1
220710,San Martin,Tres Unidos,2010,0.080633,1
220510,San Martin,Tabalosos,2010,1.7e-05,1
100904,Huanuco,Tournavista,2010,0.058333,1
010701,Amazonas,Bagua Grande,2010,0.0,0
220701,San Martin,Picota,2010,0.0,0
220403,San Martin,El Eslabon,2010,0.0,0
250105,Ucayali,Yarinacocha,2010,0.0,0
220914,San Martin,Shapaja,2010,0.215793,1
010707,Amazonas,Yamon,2010,0.0,0
010705,Amazonas,Jamalca,2010,0.0,0
220205,San Martin,San Pablo,2010,0.0,0
220705,San Martin,Pucacaca,2010,0.0,0
220601,San Martin,Juanjui,2010,0.0,0
100905,Huanuco,Yuyapichis,2010,0.080361,1
100608,Huanuco,Castillo Grande,2010,0.0,0
220302,San Martin,Agua Blanca,2010,0.0,0
250306,Ucayali,Huipoca,2010,0.0,0
010611,Amazonas,Totora,2010,0.0,0
010706,Amazonas,Lonya Grande,2010,0.0,0
220706,San Martin,San Cristobal,2010,0.0,0
010303,Amazonas,Churuja,2010,0.0,0
220301,San Martin,San Jose De Sisa,2010,0.0,0
010204,Amazonas,El Parco,2010,0.0,0
010306,Amazonas,Florida,2010,0.0,0
220303,San Martin,San Martin,2010,0.0,0
220106,San Martin,Yantalo,2010,0.0,0
220305,San Martin,Shatoja,2010,0.0,0
010104,Amazonas,Cheto,2010,0.0,0
160201,Loreto,Yurimaguas,2010,0.0,0
060901,Cajamarca,San Ignacio,2010,0.0,0
220511,San Martin,Zapatero,2010,0.0,0
060811,Cajamarca,San Jose Del Alto,2010,0.0,0
010206,Amazonas,La Peca,2010,0.0,0
220401,San Martin,Saposoa,2010,0.0,0
060902,Cajamarca,Chirinos,2010,0.0,0
220908,San Martin,Juan Guerra,2010,0.0,0
060904,Cajamarca,La Coipa,2010,0.0,0
220808,San Martin,Yorongos,2010,0.0,0
120607,Junin,Rio Negro,2010,0.0,0
060812,Cajamarca,Santa Rosa,2010,0.0,0
250106,Ucayali,Nueva Requena,2010,0.0,0
220802,San Martin,Awajun,2010,0.34834,1
250302,Ucayali,Irazola,2010,0.0,0
010109,Amazonas,La Jalca,2010,0.0,0
220906,San Martin,El Porvenir,2010,0.0,0
220707,San Martin,San Hilarion,2010,0.0,0
220806,San Martin,Posic,2010,0.0,0
220406,San Martin,Tingo De Saposoa,2010,0.0,0
100901,Huanuco,Puerto Inca,2010,0.107885,1
010105,Amazonas,Chiliquin,2010,0.0,0
220105,San Martin,Soritor,2010,0.0,0
220201,San Martin,Bellavista,2010,0.0,0
060803,Cajamarca,Chontali,2010,0.0,0
100605,Huanuco,Luyando,2010,0.0,0
010307,Amazonas,Jazan,2010,0.0,0
010502,Amazonas,Camporredondo,2010,0.0,0
010515,Amazonas,Providencia,2010,0.0,0
010102,Amazonas,Asuncion,2010,0.0,0
010510,Amazonas,Luya Viejo,2010,0.0,0
100601,Huanuco,Rupa-Rupa,2010,0.0,0
010514,Amazonas,Pisuquia,2010,0.0,0
060810,Cajamarca,San Felipe,2010,0.0,0
010305,Amazonas,Cuispes,2010,0.0,0
060905,Cajamarca,Namballe,2010,0.354845,1
010119,Amazonas,San Isidro De Maino,2010,0.286684,1
060801,Cajamarca,Jaen,2010,0.0,0
010513,Amazonas,Ocumal,2010,0.0,0
220912,San Martin,San Antonio,2010,0.48684,1
220903,San Martin,Cacatachi,2010,0.0,0
120602,Junin,Coviriali,2010,0.0,0
120304,Junin,San Luis De Shuaro,2010,0.0,0
120601,Junin,Satipo,2010,0.0,0
010203,Amazonas,Copallin,2010,0.0,0
010112,Amazonas,Magdalena,2010,0.0,0
220102,San Martin,Calzada,2010,0.0,0
060805,Cajamarca,Huabal,2010,0.0,0
010610,Amazonas,Santa Rosa,2010,0.0,0
220503,San Martin,Barranquita,2010,0.234862,1
220801,San Martin,Rioja,2010,0.120253,1
220703,San Martin,Caspisapa,2010,0.0,0
080904,Cusco,Maranura,2010,0.0,0
010117,Amazonas,Quinjalca,2010,0.0,0
250303,Ucayali,Curimana,2010,0.0,0
010308,Amazonas,Recta,2010,0.0,0
010115,Amazonas,Montevideo,2010,0.0,0
010114,Amazonas,Molinopampa,2010,0.0,0
010503,Amazonas,Cocabamba,2010,0.0,0
060809,Cajamarca,Sallique,2010,0.0,0
010120,Amazonas,Soloco,2010,0.053287,1
010521,Amazonas,Santo Tomas,2010,0.0,0
100113,Huanuco,San Pablo De Pillao,2010,0.0,0
010602,Amazonas,Chirimoto,2010,0.0,0
100603,Huanuco,Hermilio Valdizan,2010,0.0,0
010111,Amazonas,Levanto,2010,0.402725,1
010518,Amazonas,San Jeronimo,2010,0.0,0
010609,Amazonas,Omia,2010,0.0,0
100902,Huanuco,Codo Del Pozuzo,2010,0.0,0
010113,Amazonas,Mariscal Castilla,2010,0.0,0
220101,San Martin,Moyobamba,2010,0.179031,1
010310,Amazonas,Shipasbamba,2010,0.0,0
100103,Huanuco,Chinchao,2010,0.0,0
010311,Amazonas,Valera,2010,0.0,0
060907,Cajamarca,Tabaconas,2010,0.124004,1
160112,Loreto,Belen,2010,0.0,0
200307,Piura,Sondor,2010,0.0,0
220803,San Martin,Elias Soplin Vargas,2010,0.415131,1
010506,Amazonas,Inguilpata,2010,0.0,0
220506,San Martin,Pinto Recodo,2010,0.405655,1
120303,Junin,Pichanaqui,2010,0.106598,1
010202,Amazonas,Aramango,2010,0.000764,1
010606,Amazonas,Longar,2010,0.0,0
160101,Loreto,Iquitos,2010,0.148529,1
010507,Amazonas,Longuita,2010,0.00079,1
221001,San Martin,Tocache,2010,0.0,0
010511,Amazonas,Maria,2010,0.0,0
080901,Cusco,Santa Ana,2010,0.0,0
120302,Junin,Perene,2010,0.050018,1
050409,Ayacucho,Canayre,2010,0.0,0
221002,San Martin,Nuevo Progreso,2010,0.001566,1
200303,Piura,El Carmen De La Frontera,2010,0.001006,1
100609,Huanuco,Pueblo Nuevo,2010,0.0,0
080903,Cusco,Huayopata,2010,0.000284,1
010604,Amazonas,Huambo,2010,0.0,0
100505,Huanuco,Jircan,2010,0.0,0
010512,Amazonas,Ocalli,2010,0.0,0
010101,Amazonas,Chachapoyas,2010,0.04193,1
060903,Cajamarca,Huarango,2010,0.0,0
010116,Amazonas,Olleros,2010,0.034633,1
010605,Amazonas,Limabamba,2010,0.0,0
100804,Huanuco,Umari,2010,0.0,0
220504,San Martin,Caynarachi,2010,0.375236,1
080905,Cusco,Ocobamba,2010,0.0,0
010517,Amazonas,San Francisco Del Yeso,2010,0.0,0
120609,Junin,Vizcatán Del Ene,2010,0.0,0
060807,Cajamarca,Pomahuaca,2010,0.0,0
010304,Amazonas,Corosha,2010,0.000488,1
221005,San Martin,Uchiza,2010,0.000699,1
220807,San Martin,San Fernando,2010,0.0,0
050512,Ayacucho,Union Progreso,2010,0.0,0
060804,Cajamarca,Colasay,2010,0.0,0
160503,Loreto,Capelo,2010,0.0,0
220910,San Martin,Morales,2010,0.0,0
120604,Junin,Mazamari,2010,0.0,0
120603,Junin,Llaylla,2010,0.0,0
010520,Amazonas,Santa Catalina,2010,0.0,0
010603,Amazonas,Cochamal,2010,0.0,0
120209,Junin,Mariscal Castilla,2010,0.0,0
010601,Amazonas,San Nicolas,2010,0.0,0
010519,Amazonas,San Juan De Lopecancha,2010,0.0,0
160211,Loreto,Teniente Cesar Lopez Rojas,2010,0.0,0
080408,Cusco,Yanatile,2010,0.002679,1
050408,Ayacucho,Llochegua,2010,0.0,0
100507,Huanuco,Monzon,2010,0.0,0
081304,Cusco,Machupicchu,2010,0.905978,1
220909,San Martin,La Banda De Shilcayo,2010,0.542502,1
220103,San Martin,Habana,2010,0.0,0
100606,Huanuco,Mariano Damaso Beraun,2010,0.06402,1
010508,Amazonas,Lonya Chico,2010,0.0,0
170102,Madre De Dios,Inambari,2010,0.372706,1
050502,Ayacucho,Anco,2010,0.0,0
010523,Amazonas,Trita,2010,0.0,0
010516,Amazonas,San Cristobal,2010,0.0,0
080918,Cusco,Union Ashaninka,2010,0.07284,1
221006,San Martin,Santa Lucia,2010,0.0,0
100702,Huanuco,Cholon,2010,0.0,0
211205,Puno,Phara,2010,0.0,0
170204,Madre De Dios,Huepetuhe,2010,0.362182,1
010302,Amazonas,Chisquilla,2010,0.002463,1
050507,Ayacucho,Santa Rosa,2010,0.0,0
220804,San Martin,Nueva Cajamarca,2010,0.40854,1
220809,San Martin,Yuracyacu,2010,0.0,0
160603,Loreto,Padre Marquez,2010,0.0,0
010522,Amazonas,Tingo,2010,0.104067,1
080906,Cusco,Quellouno,2010,0.000399,1
010301,Amazonas,Jumbilla,2010,0.0,0
080917,Cusco,Manitea,2010,0.0,0
250305,Ucayali,Alexander Von Humboldt,2011,0.0,0
220509,San Martin,Shanao,2011,0.0,0
250304,Ucayali,Neshuya,2011,0.0,0
220501,San Martin,Lamas,2011,0.0,0
220902,San Martin,Alberto Leveau,2011,0.0,0
250102,Ucayali,Campoverde,2011,0.0,0
220702,San Martin,Buenos Aires,2011,0.0,0
220502,San Martin,Alonso De Alvarado,2011,0.0,0
220404,San Martin,Piscoyacu,2011,0.0,0
220708,San Martin,Shamboyacu,2011,0.065954,1
220204,San Martin,Huallaga,2011,0.0,0
220605,San Martin,Pajarillo,2011,0.0,0
010703,Amazonas,Cumba,2011,0.0,0
220704,San Martin,Pilluana,2011,0.0,0
220104,San Martin,Jepelacio,2011,0.0,0
220505,San Martin,Cuñumbuqui,2011,0.0,0
220507,San Martin,Rumisapa,2011,0.0,0
220913,San Martin,Sauce,2011,0.0,0
010608,Amazonas,Milpuc,2011,0.0,0
220405,San Martin,Sacanche,2011,0.0,0
220709,San Martin,Tingo De Ponasa,2011,0.0,0
220304,San Martin,Santa Rosa,2011,0.0,0
100903,Huanuco,Honoria,2011,0.051579,1
220203,San Martin,Bajo Biavo,2011,0.000233,1
220710,San Martin,Tres Unidos,2011,0.080633,1
220510,San Martin,Tabalosos,2011,1.7e-05,1
100904,Huanuco,Tournavista,2011,0.058333,1
010701,Amazonas,Bagua Grande,2011,0.0,0
220701,San Martin,Picota,2011,0.0,0
220403,San Martin,El Eslabon,2011,0.0,0
250105,Ucayali,Yarinacocha,2011,0.0,0
220914,San Martin,Shapaja,2011,0.215793,1
010707,Amazonas,Yamon,2011,0.0,0
010705,Amazonas,Jamalca,2011,0.0,0
220205,San Martin,San Pablo,2011,0.0,0
220705,San Martin,Pucacaca,2011,0.0,0
220601,San Martin,Juanjui,2011,0.0,0
100905,Huanuco,Yuyapichis,2011,0.080991,1
100608,Huanuco,Castillo Grande,2011,0.0,0
220302,San Martin,Agua Blanca,2011,0.0,0
250306,Ucayali,Huipoca,2011,0.0,0
010611,Amazonas,Totora,2011,0.0,0
010706,Amazonas,Lonya Grande,2011,0.0,0
220706,San Martin,San Cristobal,2011,0.0,0
010303,Amazonas,Churuja,2011,0.0,0
220301,San Martin,San Jose De Sisa,2011,0.0,0
010204,Amazonas,El Parco,2011,0.0,0
010306,Amazonas,Florida,2011,0.0,0
220303,San Martin,San Martin,2011,0.0,0
220106,San Martin,Yantalo,2011,0.0,0
220305,San Martin,Shatoja,2011,0.0,0
010104,Amazonas,Cheto,2011,0.0,0
160201,Loreto,Yurimaguas,2011,0.0,0
060901,Cajamarca,San Ignacio,2011,0.0,0
220511,San Martin,Zapatero,2011,0.0,0
060811,Cajamarca,San Jose Del Alto,2011,0.0,0
010206,Amazonas,La Peca,2011,0.0,0
220401,San Martin,Saposoa,2011,0.0,0
060902,Cajamarca,Chirinos,2011,0.0,0
220908,San Martin,Juan Guerra,2011,0.0,0
060904,Cajamarca,La Coipa,2011,0.0,0
220808,San Martin,Yorongos,2011,0.0,0
120607,Junin,Rio Negro,2011,0.0,0
060812,Cajamarca,Santa Rosa,2011,0.0,0
250106,Ucayali,Nueva Requena,2011,0.0,0
220802,San Martin,Awajun,2011,0.34834,1
250302,Ucayali,Irazola,2011,0.0,0
010109,Amazonas,La Jalca,2011,0.0,0
220906,San Martin,El Porvenir,2011,0.0,0
220707,San Martin,San Hilarion,2011,0.0,0
220806,San Martin,Posic,2011,0.0,0
220406,San Martin,Tingo De Saposoa,2011,0.0,0
100901,Huanuco,Puerto Inca,2011,0.107885,1
010105,Amazonas,Chiliquin,2011,0.0,0
220105,San Martin,Soritor,2011,0.0,0
220201,San Martin,Bellavista,2011,0.0,0
060803,Cajamarca,Chontali,2011,0.0,0
100605,Huanuco,Luyando,2011,0.0,0
010307,Amazonas,Jazan,2011,0.0,0
010502,Amazonas,Camporredondo,2011,0.0,0
010515,Amazonas,Providencia,2011,0.0,0
010102,Amazonas,Asuncion,2011,0.0,0
010510,Amazonas,Luya Viejo,2011,0.0,0
100601,Huanuco,Rupa-Rupa,2011,0.0,0
010514,Amazonas,Pisuquia,2011,0.0,0
060810,Cajamarca,San Felipe,2011,0.0,0
010305,Amazonas,Cuispes,2011,0.0,0
060905,Cajamarca,Namballe,2011,0.354845,1
010119,Amazonas,San Isidro De Maino,2011,0.286684,1
060801,Cajamarca,Jaen,2011,0.0,0
010513,Amazonas,Ocumal,2011,0.04999,1
220912,San Martin,San Antonio,2011,0.48684,1
220903,San Martin,Cacatachi,2011,0.0,0
120602,Junin,Coviriali,2011,0.0,0
120304,Junin,San Luis De Shuaro,2011,0.0,0
120601,Junin,Satipo,2011,0.0,0
010203,Amazonas,Copallin,2011,0.089031,1
010112,Amazonas,Magdalena,2011,0.0,0
220102,San Martin,Calzada,2011,0.0,0
060805,Cajamarca,Huabal,2011,0.0,0
010610,Amazonas,Santa Rosa,2011,0.0,0
220503,San Martin,Barranquita,2011,0.234862,1
220801,San Martin,Rioja,2011,0.120253,1
220703,San Martin,Caspisapa,2011,0.0,0
080904,Cusco,Maranura,2011,0.0,0
010117,Amazonas,Quinjalca,2011,0.0,0
250303,Ucayali,Curimana,2011,0.0,0
010308,Amazonas,Recta,2011,0.0,0
010115,Amazonas,Montevideo,2011,0.0,0
010114,Amazonas,Molinopampa,2011,0.0,0
010503,Amazonas,Cocabamba,2011,0.0,0
060809,Cajamarca,Sallique,2011,0.0,0
010120,Amazonas,Soloco,2011,0.053287,1
010521,Amazonas,Santo Tomas,2011,0.0,0
100113,Huanuco,San Pablo De Pillao,2011,0.0,0
010602,Amazonas,Chirimoto,2011,0.0,0
100603,Huanuco,Hermilio Valdizan,2011,0.0,0
010111,Amazonas,Levanto,2011,0.402725,1
010518,Amazonas,San Jeronimo,2011,0.0,0
010609,Amazonas,Omia,2011,0.0,0
100902,Huanuco,Codo Del Pozuzo,2011,0.0,0
010113,Amazonas,Mariscal Castilla,2011,0.0,0
220101,San Martin,Moyobamba,2011,0.179031,1
010310,Amazonas,Shipasbamba,2011,0.0,0
100103,Huanuco,Chinchao,2011,0.0,0
010311,Amazonas,Valera,2011,0.0,0
060907,Cajamarca,Tabaconas,2011,0.124004,1
160112,Loreto,Belen,2011,0.0,0
200307,Piura,Sondor,2011,0.0,0
220803,San Martin,Elias Soplin Vargas,2011,0.415131,1
010506,Amazonas,Inguilpata,2011,0.02566,1
220506,San Martin,Pinto Recodo,2011,0.405655,1
120303,Junin,Pichanaqui,2011,0.106598,1
010202,Amazonas,Aramango,2011,0.002068,1
010606,Amazonas,Longar,2011,0.0,0
160101,Loreto,Iquitos,2011,0.148529,1
010507,Amazonas,Longuita,2011,0.016174,1
221001,San Martin,Tocache,2011,0.0,0
010511,Amazonas,Maria,2011,0.0,0
080901,Cusco,Santa Ana,2011,0.0,0
120302,Junin,Perene,2011,0.050018,1
050409,Ayacucho,Canayre,2011,0.0,0
221002,San Martin,Nuevo Progreso,2011,0.001566,1
200303,Piura,El Carmen De La Frontera,2011,0.001006,1
100609,Huanuco,Pueblo Nuevo,2011,0.0,0
080903,Cusco,Huayopata,2011,0.000284,1
010604,Amazonas,Huambo,2011,0.0,0
100505,Huanuco,Jircan,2011,0.0,0
010512,Amazonas,Ocalli,2011,0.0,0
010101,Amazonas,Chachapoyas,2011,0.04193,1
060903,Cajamarca,Huarango,2011,0.0,0
010116,Amazonas,Olleros,2011,0.034633,1
010605,Amazonas,Limabamba,2011,0.0,0
100804,Huanuco,Umari,2011,0.062776,1
220504,San Martin,Caynarachi,2011,0.375236,1
080905,Cusco,Ocobamba,2011,0.0,0
010517,Amazonas,San Francisco Del Yeso,2011,0.0,0
120609,Junin,Vizcatán Del Ene,2011,0.0,0
060807,Cajamarca,Pomahuaca,2011,0.0,0
010304,Amazonas,Corosha,2011,0.235643,1
221005,San Martin,Uchiza,2011,0.000699,1
220807,San Martin,San Fernando,2011,0.0,0
050512,Ayacucho,Union Progreso,2011,0.0,0
060804,Cajamarca,Colasay,2011,0.0,0
160503,Loreto,Capelo,2011,0.0,0
220910,San Martin,Morales,2011,0.0,0
120604,Junin,Mazamari,2011,0.0,0
120603,Junin,Llaylla,2011,0.0,0
010520,Amazonas,Santa Catalina,2011,0.0,0
010603,Amazonas,Cochamal,2011,0.0,0
120209,Junin,Mariscal Castilla,2011,0.0,0
010601,Amazonas,San Nicolas,2011,0.0,0
010519,Amazonas,San Juan De Lopecancha,2011,0.0,0
160211,Loreto,Teniente Cesar Lopez Rojas,2011,0.0,0
080408,Cusco,Yanatile,2011,0.002679,1
050408,Ayacucho,Llochegua,2011,0.0,0
100507,Huanuco,Monzon,2011,0.0,0
081304,Cusco,Machupicchu,2011,0.905978,1
220909,San Martin,La Banda De Shilcayo,2011,0.542502,1
220103,San Martin,Habana,2011,0.0,0
100606,Huanuco,Mariano Damaso Beraun,2011,0.06402,1
010508,Amazonas,Lonya Chico,2011,0.0,0
170102,Madre De Dios,Inambari,2011,0.372706,1
050502,Ayacucho,Anco,2011,0.0,0
010523,Amazonas,Trita,2011,0.0,0
010516,Amazonas,San Cristobal,2011,0.0,0
080918,Cusco,Union Ashaninka,2011,0.07284,1
221006,San Martin,Santa Lucia,2011,0.0,0
100702,Huanuco,Cholon,2011,0.0,0
211205,Puno,Phara,2011,0.0,0
170204,Madre De Dios,Huepetuhe,2011,0.362182,1
010302,Amazonas,Chisquilla,2011,0.003421,1
050507,Ayacucho,Santa Rosa,2011,0.0,0
220804,San Martin,Nueva Cajamarca,2011,0.40854,1
220809,San Martin,Yuracyacu,2011,0.0,0
160603,Loreto,Padre Marquez,2011,0.0,0
010522,Amazonas,Tingo,2011,0.111164,1
080906,Cusco,Quellouno,2011,0.000399,1
010301,Amazonas,Jumbilla,2011,0.0,0
080917,Cusco,Manitea,2011,0.0,0
250305,Ucayali,Alexander Von Humboldt,2012,0.0,0
220509,San Martin,Shanao,2012,0.0,0
250304,Ucayali,Neshuya,2012,0.0,0
220501,San Martin,Lamas,2012,0.0,0
220902,San Martin,Alberto Leveau,2012,0.0,0
250102,Ucayali,Campoverde,2012,0.0,0
220702,San Martin,Buenos Aires,2012,0.0,0
220502,San Martin,Alonso De Alvarado,2012,0.0,0
220404,San Martin,Piscoyacu,2012,0.0,0
220708,San Martin,Shamboyacu,2012,0.065954,1
220204,San Martin,Huallaga,2012,0.0,0
220605,San Martin,Pajarillo,2012,0.0,0
010703,Amazonas,Cumba,2012,0.0,0
220704,San Martin,Pilluana,2012,0.0,0
220104,San Martin,Jepelacio,2012,0.0,0
220505,San Martin,Cuñumbuqui,2012,0.0,0
220507,San Martin,Rumisapa,2012,0.0,0
220913,San Martin,Sauce,2012,0.0,0
010608,Amazonas,Milpuc,2012,0.0,0
220405,San Martin,Sacanche,2012,0.0,0
220709,San Martin,Tingo De Ponasa,2012,0.0,0
220304,San Martin,Santa Rosa,2012,0.0,0
100903,Huanuco,Honoria,2012,0.051579,1
220203,San Martin,Bajo Biavo,2012,0.000233,1
220710,San Martin,Tres Unidos,2012,0.080633,1
220510,San Martin,Tabalosos,2012,1.7e-05,1
100904,Huanuco,Tournavista,2012,0.058333,1
010701,Amazonas,Bagua Grande,2012,0.0,0
220701,San Martin,Picota,2012,0.0,0
220403,San Martin,El Eslabon,2012,0.0,0
250105,Ucayali,Yarinacocha,2012,0.0,0
220914,San Martin,Shapaja,2012,0.215793,1
010707,Amazonas,Yamon,2012,0.0,0
010705,Amazonas,Jamalca,2012,0.0,0
220205,San Martin,San Pablo,2012,0.0,0
220705,San Martin,Pucacaca,2012,0.0,0
220601,San Martin,Juanjui,2012,0.0,0
100905,Huanuco,Yuyapichis,2012,0.080991,1
100608,Huanuco,Castillo Grande,2012,0.0,0
220302,San Martin,Agua Blanca,2012,0.0,0
250306,Ucayali,Huipoca,2012,0.0,0
010611,Amazonas,Totora,2012,0.0,0
010706,Amazonas,Lonya Grande,2012,0.0,0
220706,San Martin,San Cristobal,2012,0.0,0
010303,Amazonas,Churuja,2012,0.0,0
220301,San Martin,San Jose De Sisa,2012,0.0,0
010204,Amazonas,El Parco,2012,0.0,0
010306,Amazonas,Florida,2012,0.0,0
220303,San Martin,San Martin,2012,0.0,0
220106,San Martin,Yantalo,2012,0.0,0
220305,San Martin,Shatoja,2012,0.0,0
010104,Amazonas,Cheto,2012,0.0,0
160201,Loreto,Yurimaguas,2012,0.0,0
060901,Cajamarca,San Ignacio,2012,0.0,0
220511,San Martin,Zapatero,2012,0.0,0
060811,Cajamarca,San Jose Del Alto,2012,0.0,0
010206,Amazonas,La Peca,2012,0.0,0
220401,San Martin,Saposoa,2012,0.0,0
060902,Cajamarca,Chirinos,2012,0.0,0
220908,San Martin,Juan Guerra,2012,0.0,0
060904,Cajamarca,La Coipa,2012,0.0,0
220808,San Martin,Yorongos,2012,0.0,0
120607,Junin,Rio Negro,2012,0.0,0
060812,Cajamarca,Santa Rosa,2012,0.0,0
250106,Ucayali,Nueva Requena,2012,0.0,0
220802,San Martin,Awajun,2012,0.34834,1
250302,Ucayali,Irazola,2012,0.0,0
010109,Amazonas,La Jalca,2012,0.0,0
220906,San Martin,El Porvenir,2012,0.0,0
220707,San Martin,San Hilarion,2012,0.0,0
220806,San Martin,Posic,2012,0.0,0
220406,San Martin,Tingo De Saposoa,2012,0.0,0
100901,Huanuco,Puerto Inca,2012,0.107885,1
010105,Amazonas,Chiliquin,2012,0.0,0
220105,San Martin,Soritor,2012,0.0,0
220201,San Martin,Bellavista,2012,0.0,0
060803,Cajamarca,Chontali,2012,0.0,0
100605,Huanuco,Luyando,2012,0.0,0
010307,Amazonas,Jazan,2012,0.0,0
010502,Amazonas,Camporredondo,2012,0.0,0
010515,Amazonas,Providencia,2012,0.0,0
010102,Amazonas,Asuncion,2012,0.0,0
010510,Amazonas,Luya Viejo,2012,0.0,0
100601,Huanuco,Rupa-Rupa,2012,0.0,0
010514,Amazonas,Pisuquia,2012,0.0,0
060810,Cajamarca,San Felipe,2012,0.0,0
010305,Amazonas,Cuispes,2012,0.0,0
060905,Cajamarca,Namballe,2012,0.354845,1
010119,Amazonas,San Isidro De Maino,2012,0.286684,1
060801,Cajamarca,Jaen,2012,4.2e-05,1
010513,Amazonas,Ocumal,2012,0.04999,1
220912,San Martin,San Antonio,2012,0.48684,1
220903,San Martin,Cacatachi,2012,0.0,0
120602,Junin,Coviriali,2012,0.0,0
120304,Junin,San Luis De Shuaro,2012,0.0,0
120601,Junin,Satipo,2012,0.0,0
010203,Amazonas,Copallin,2012,0.089031,1
010112,Amazonas,Magdalena,2012,0.0,0
220102,San Martin,Calzada,2012,0.0,0
060805,Cajamarca,Huabal,2012,0.0,0
010610,Amazonas,Santa Rosa,2012,0.0,0
220503,San Martin,Barranquita,2012,0.234862,1
220801,San Martin,Rioja,2012,0.120253,1
220703,San Martin,Caspisapa,2012,0.0,0
080904,Cusco,Maranura,2012,0.0,0
010117,Amazonas,Quinjalca,2012,0.0,0
250303,Ucayali,Curimana,2012,0.0,0
010308,Amazonas,Recta,2012,0.0,0
010115,Amazonas,Montevideo,2012,0.0,0
010114,Amazonas,Molinopampa,2012,0.252489,1
010503,Amazonas,Cocabamba,2012,0.0,0
060809,Cajamarca,Sallique,2012,0.0,0
010120,Amazonas,Soloco,2012,0.053287,1
010521,Amazonas,Santo Tomas,2012,0.0,0
100113,Huanuco,San Pablo De Pillao,2012,0.0,0
010602,Amazonas,Chirimoto,2012,0.0,0
100603,Huanuco,Hermilio Valdizan,2012,0.0,0
010111,Amazonas,Levanto,2012,0.402725,1
010518,Amazonas,San Jeronimo,2012,0.0,0
010609,Amazonas,Omia,2012,0.0,0
100902,Huanuco,Codo Del Pozuzo,2012,0.0,0
010113,Amazonas,Mariscal Castilla,2012,0.0,0
220101,San Martin,Moyobamba,2012,0.179031,1
010310,Amazonas,Shipasbamba,2012,0.0,0
100103,Huanuco,Chinchao,2012,0.0,0
010311,Amazonas,Valera,2012,0.0,0
060907,Cajamarca,Tabaconas,2012,0.124004,1
160112,Loreto,Belen,2012,0.0,0
200307,Piura,Sondor,2012,0.0,0
220803,San Martin,Elias Soplin Vargas,2012,0.415131,1
010506,Amazonas,Inguilpata,2012,0.02566,1
220506,San Martin,Pinto Recodo,2012,0.405655,1
120303,Junin,Pichanaqui,2012,0.106598,1
010202,Amazonas,Aramango,2012,0.002068,1
010606,Amazonas,Longar,2012,5.2e-05,1
160101,Loreto,Iquitos,2012,0.148529,1
010507,Amazonas,Longuita,2012,0.016174,1
221001,San Martin,Tocache,2012,0.0,0
010511,Amazonas,Maria,2012,0.0,0
080901,Cusco,Santa Ana,2012,0.0,0
120302,Junin,Perene,2012,0.050018,1
050409,Ayacucho,Canayre,2012,0.0,0
221002,San Martin,Nuevo Progreso,2012,0.001566,1
200303,Piura,El Carmen De La Frontera,2012,0.001006,1
100609,Huanuco,Pueblo Nuevo,2012,0.0,0
080903,Cusco,Huayopata,2012,0.000284,1
010604,Amazonas,Huambo,2012,0.0,0
100505,Huanuco,Jircan,2012,0.0,0
010512,Amazonas,Ocalli,2012,0.0,0
010101,Amazonas,Chachapoyas,2012,0.04193,1
060903,Cajamarca,Huarango,2012,0.0,0
010116,Amazonas,Olleros,2012,0.034633,1
010605,Amazonas,Limabamba,2012,0.0,0
100804,Huanuco,Umari,2012,0.062776,1
220504,San Martin,Caynarachi,2012,0.375236,1
080905,Cusco,Ocobamba,2012,0.0,0
010517,Amazonas,San Francisco Del Yeso,2012,0.0,0
120609,Junin,Vizcatán Del Ene,2012,0.0,0
060807,Cajamarca,Pomahuaca,2012,0.0,0
010304,Amazonas,Corosha,2012,0.235643,1
221005,San Martin,Uchiza,2012,0.000699,1
220807,San Martin,San Fernando,2012,0.0,0
050512,Ayacucho,Union Progreso,2012,0.0,0
060804,Cajamarca,Colasay,2012,0.0,0
160503,Loreto,Capelo,2012,0.0,0
220910,San Martin,Morales,2012,0.0,0
120604,Junin,Mazamari,2012,0.0,0
120603,Junin,Llaylla,2012,0.0,0
010520,Amazonas,Santa Catalina,2012,0.0,0
010603,Amazonas,Cochamal,2012,0.0,0
120209,Junin,Mariscal Castilla,2012,0.0,0
010601,Amazonas,San Nicolas,2012,0.0,0
010519,Amazonas,San Juan De Lopecancha,2012,0.0,0
160211,Loreto,Teniente Cesar Lopez Rojas,2012,0.0,0
080408,Cusco,Yanatile,2012,0.002679,1
050408,Ayacucho,Llochegua,2012,0.0,0
100507,Huanuco,Monzon,2012,0.0,0
081304,Cusco,Machupicchu,2012,0.905978,1
220909,San Martin,La Banda De Shilcayo,2012,0.542502,1
220103,San Martin,Habana,2012,0.0,0
100606,Huanuco,Mariano Damaso Beraun,2012,0.06402,1
010508,Amazonas,Lonya Chico,2012,0.0,0
170102,Madre De Dios,Inambari,2012,0.37275,1
050502,Ayacucho,Anco,2012,0.0,0
010523,Amazonas,Trita,2012,0.0,0
010516,Amazonas,San Cristobal,2012,0.0,0
080918,Cusco,Union Ashaninka,2012,0.07284,1
221006,San Martin,Santa Lucia,2012,0.0,0
100702,Huanuco,Cholon,2012,0.0,0
211205,Puno,Phara,2012,0.0,0
170204,Madre De Dios,Huepetuhe,2012,0.362182,1
010302,Amazonas,Chisquilla,2012,0.003421,1
050507,Ayacucho,Santa Rosa,2012,0.0,0
220804,San Martin,Nueva Cajamarca,2012,0.40854,1
220809,San Martin,Yuracyacu,2012,0.0,0
160603,Loreto,Padre Marquez,2012,0.0,0
010522,Amazonas,Tingo,2012,0.111164,1
080906,Cusco,Quellouno,2012,0.000399,1
010301,Amazonas,Jumbilla,2012,0.0,0
080917,Cusco,Manitea,2012,0.0,0
250305,Ucayali,Alexander Von Humboldt,2013,0.0,0
220509,San Martin,Shanao,2013,0.0,0
250304,Ucayali,Neshuya,2013,0.0,0
220501,San Martin,Lamas,2013,0.0,0
220902,San Martin,Alberto Leveau,2013,0.0,0
250102,Ucayali,Campoverde,2013,0.0,0
220702,San Martin,Buenos Aires,2013,0.0,0
220502,San Martin,Alonso De Alvarado,2013,0.0,0
220404,San Martin,Piscoyacu,2013,0.0,0
220708,San Martin,Shamboyacu,2013,0.065954,1
220204,San Martin,Huallaga,2013,0.0,0
220605,San Martin,Pajarillo,2013,0.0,0
010703,Amazonas,Cumba,2013,0.0,0
220704,San Martin,Pilluana,2013,0.0,0
220104,San Martin,Jepelacio,2013,0.0,0
220505,San Martin,Cuñumbuqui,2013,0.0,0
220507,San Martin,Rumisapa,2013,0.0,0
220913,San Martin,Sauce,2013,0.0,0
010608,Amazonas,Milpuc,2013,0.0,0
220405,San Martin,Sacanche,2013,0.0,0
220709,San Martin,Tingo De Ponasa,2013,0.0,0
220304,San Martin,Santa Rosa,2013,0.0,0
100903,Huanuco,Honoria,2013,0.051579,1
220203,San Martin,Bajo Biavo,2013,0.000233,1
220710,San Martin,Tres Unidos,2013,0.080633,1
220510,San Martin,Tabalosos,2013,1.7e-05,1
100904,Huanuco,Tournavista,2013,0.058333,1
010701,Amazonas,Bagua Grande,2013,0.00081,1
220701,San Martin,Picota,2013,0.0,0
220403,San Martin,El Eslabon,2013,0.0,0
250105,Ucayali,Yarinacocha,2013,0.0,0
220914,San Martin,Shapaja,2013,0.215793,1
010707,Amazonas,Yamon,2013,0.0,0
010705,Amazonas,Jamalca,2013,0.0,0
220205,San Martin,San Pablo,2013,0.0,0
220705,San Martin,Pucacaca,2013,0.0,0
220601,San Martin,Juanjui,2013,0.000525,1
100905,Huanuco,Yuyapichis,2013,0.080991,1
100608,Huanuco,Castillo Grande,2013,0.0,0
220302,San Martin,Agua Blanca,2013,0.0,0
250306,Ucayali,Huipoca,2013,0.0,0
010611,Amazonas,Totora,2013,0.0,0
010706,Amazonas,Lonya Grande,2013,0.0,0
220706,San Martin,San Cristobal,2013,0.0,0
010303,Amazonas,Churuja,2013,0.0,0
220301,San Martin,San Jose De Sisa,2013,0.0,0
010204,Amazonas,El Parco,2013,0.0,0
010306,Amazonas,Florida,2013,0.0,0
220303,San Martin,San Martin,2013,0.0,0
220106,San Martin,Yantalo,2013,0.0,0
220305,San Martin,Shatoja,2013,0.0,0
010104,Amazonas,Cheto,2013,0.0,0
160201,Loreto,Yurimaguas,2013,0.0,0
060901,Cajamarca,San Ignacio,2013,0.0,0
220511,San Martin,Zapatero,2013,0.0,0
060811,Cajamarca,San Jose Del Alto,2013,0.0,0
010206,Amazonas,La Peca,2013,0.0,0
220401,San Martin,Saposoa,2013,0.0,0
060902,Cajamarca,Chirinos,2013,0.0,0
220908,San Martin,Juan Guerra,2013,0.0,0
060904,Cajamarca,La Coipa,2013,0.0,0
220808,San Martin,Yorongos,2013,0.0,0
120607,Junin,Rio Negro,2013,0.0,0
060812,Cajamarca,Santa Rosa,2013,0.0,0
250106,Ucayali,Nueva Requena,2013,0.0,0
220802,San Martin,Awajun,2013,0.34834,1
250302,Ucayali,Irazola,2013,0.0,0
010109,Amazonas,La Jalca,2013,0.0,0
220906,San Martin,El Porvenir,2013,0.0,0
220707,San Martin,San Hilarion,2013,0.0,0
220806,San Martin,Posic,2013,0.0,0
220406,San Martin,Tingo De Saposoa,2013,0.0,0
100901,Huanuco,Puerto Inca,2013,0.107885,1
010105,Amazonas,Chiliquin,2013,0.0,0
220105,San Martin,Soritor,2013,0.0,0
220201,San Martin,Bellavista,2013,0.0,0
060803,Cajamarca,Chontali,2013,0.0,0
100605,Huanuco,Luyando,2013,0.0,0
010307,Amazonas,Jazan,2013,0.0,0
010502,Amazonas,Camporredondo,2013,0.0,0
010515,Amazonas,Providencia,2013,0.0,0
010102,Amazonas,Asuncion,2013,0.0,0
010510,Amazonas,Luya Viejo,2013,0.0,0
100601,Huanuco,Rupa-Rupa,2013,0.0,0
010514,Amazonas,Pisuquia,2013,0.0,0
060810,Cajamarca,San Felipe,2013,0.0,0
010305,Amazonas,Cuispes,2013,0.0,0
060905,Cajamarca,Namballe,2013,0.354845,1
010119,Amazonas,San Isidro De Maino,2013,0.286684,1
060801,Cajamarca,Jaen,2013,4.2e-05,1
010513,Amazonas,Ocumal,2013,0.04999,1
220912,San Martin,San Antonio,2013,0.48684,1
220903,San Martin,Cacatachi,2013,0.0,0
120602,Junin,Coviriali,2013,0.0,0
120304,Junin,San Luis De Shuaro,2013,0.0,0
120601,Junin,Satipo,2013,0.0,0
010203,Amazonas,Copallin,2013,0.089031,1
010112,Amazonas,Magdalena,2013,0.0,0
220102,San Martin,Calzada,2013,0.0,0
060805,Cajamarca,Huabal,2013,0.0,0
010610,Amazonas,Santa Rosa,2013,0.0,0
220503,San Martin,Barranquita,2013,0.234862,1
220801,San Martin,Rioja,2013,0.120253,1
220703,San Martin,Caspisapa,2013,0.0,0
080904,Cusco,Maranura,2013,0.0,0
010117,Amazonas,Quinjalca,2013,0.0,0
250303,Ucayali,Curimana,2013,0.0,0
010308,Amazonas,Recta,2013,0.0,0
010115,Amazonas,Montevideo,2013,0.0,0
010114,Amazonas,Molinopampa,2013,0.252489,1
010503,Amazonas,Cocabamba,2013,0.0,0
060809,Cajamarca,Sallique,2013,0.0,0
010120,Amazonas,Soloco,2013,0.053287,1
010521,Amazonas,Santo Tomas,2013,0.0,0
100113,Huanuco,San Pablo De Pillao,2013,0.0,0
010602,Amazonas,Chirimoto,2013,0.0,0
100603,Huanuco,Hermilio Valdizan,2013,0.0,0
010111,Amazonas,Levanto,2013,0.402725,1
010518,Amazonas,San Jeronimo,2013,0.0,0
010609,Amazonas,Omia,2013,0.0,0
100902,Huanuco,Codo Del Pozuzo,2013,0.0,0
010113,Amazonas,Mariscal Castilla,2013,0.0,0
220101,San Martin,Moyobamba,2013,0.179031,1
010310,Amazonas,Shipasbamba,2013,0.0,0
100103,Huanuco,Chinchao,2013,0.0,0
010311,Amazonas,Valera,2013,0.0,0
060907,Cajamarca,Tabaconas,2013,0.124004,1
160112,Loreto,Belen,2013,0.0,0
200307,Piura,Sondor,2013,0.0,0
220803,San Martin,Elias Soplin Vargas,2013,0.415131,1
010506,Amazonas,Inguilpata,2013,0.02566,1
220506,San Martin,Pinto Recodo,2013,0.405655,1
120303,Junin,Pichanaqui,2013,0.106598,1
010202,Amazonas,Aramango,2013,0.002068,1
010606,Amazonas,Longar,2013,5.2e-05,1
160101,Loreto,Iquitos,2013,0.148529,1
010507,Amazonas,Longuita,2013,0.016174,1
221001,San Martin,Tocache,2013,0.0,0
010511,Amazonas,Maria,2013,0.0,0
080901,Cusco,Santa Ana,2013,0.0,0
120302,Junin,Perene,2013,0.050018,1
050409,Ayacucho,Canayre,2013,0.0,0
221002,San Martin,Nuevo Progreso,2013,0.001566,1
200303,Piura,El Carmen De La Frontera,2013,0.001006,1
100609,Huanuco,Pueblo Nuevo,2013,0.0,0
080903,Cusco,Huayopata,2013,0.000284,1
010604,Amazonas,Huambo,2013,0.0,0
100505,Huanuco,Jircan,2013,0.0,0
010512,Amazonas,Ocalli,2013,0.0,0
010101,Amazonas,Chachapoyas,2013,0.04193,1
060903,Cajamarca,Huarango,2013,0.0,0
010116,Amazonas,Olleros,2013,0.034633,1
010605,Amazonas,Limabamba,2013,0.0,0
100804,Huanuco,Umari,2013,0.062776,1
220504,San Martin,Caynarachi,2013,0.375236,1
080905,Cusco,Ocobamba,2013,0.0,0
010517,Amazonas,San Francisco Del Yeso,2013,0.0,0
120609,Junin,Vizcatán Del Ene,2013,0.0,0
060807,Cajamarca,Pomahuaca,2013,0.0,0
010304,Amazonas,Corosha,2013,0.235643,1
221005,San Martin,Uchiza,2013,0.000699,1
220807,San Martin,San Fernando,2013,0.0,0
050512,Ayacucho,Union Progreso,2013,0.0,0
060804,Cajamarca,Colasay,2013,0.0,0
160503,Loreto,Capelo,2013,0.0,0
220910,San Martin,Morales,2013,0.0,0
120604,Junin,Mazamari,2013,0.0,0
120603,Junin,Llaylla,2013,0.0,0
010520,Amazonas,Santa Catalina,2013,0.0,0
010603,Amazonas,Cochamal,2013,0.0,0
120209,Junin,Mariscal Castilla,2013,0.0,0
010601,Amazonas,San Nicolas,2013,0.0,0
010519,Amazonas,San Juan De Lopecancha,2013,0.0,0
160211,Loreto,Teniente Cesar Lopez Rojas,2013,0.0,0
080408,Cusco,Yanatile,2013,0.002679,1
050408,Ayacucho,Llochegua,2013,0.0,0
100507,Huanuco,Monzon,2013,0.0,0
081304,Cusco,Machupicchu,2013,0.905978,1
220909,San Martin,La Banda De Shilcayo,2013,0.542502,1
220103,San Martin,Habana,2013,0.0,0
100606,Huanuco,Mariano Damaso Beraun,2013,0.06402,1
010508,Amazonas,Lonya Chico,2013,0.0,0
170102,Madre De Dios,Inambari,2013,0.37275,1
050502,Ayacucho,Anco,2013,0.0,0
010523,Amazonas,Trita,2013,0.0,0
010516,Amazonas,San Cristobal,2013,0.0,0
080918,Cusco,Union Ashaninka,2013,0.07284,1
221006,San Martin,Santa Lucia,2013,0.0,0
100702,Huanuco,Cholon,2013,0.0,0
211205,Puno,Phara,2013,0.0,0
170204,Madre De Dios,Huepetuhe,2013,0.362182,1
010302,Amazonas,Chisquilla,2013,0.003421,1
050507,Ayacucho,Santa Rosa,2013,0.0,0
220804,San Martin,Nueva Cajamarca,2013,0.40854,1
220809,San Martin,Yuracyacu,2013,0.0,0
160603,Loreto,Padre Marquez,2013,0.0,0
010522,Amazonas,Tingo,2013,0.111164,1
080906,Cusco,Quellouno,2013,0.000399,1
010301,Amazonas,Jumbilla,2013,0.0,0
080917,Cusco,Manitea,2013,0.0,0
250305,Ucayali,Alexander Von Humboldt,2014,0.0,0
220509,San Martin,Shanao,2014,0.0,0
250304,Ucayali,Neshuya,2014,0.0,0
220501,San Martin,Lamas,2014,0.0,0
220902,San Martin,Alberto Leveau,2014,0.0,0
250102,Ucayali,Campoverde,2014,0.0,0
220702,San Martin,Buenos Aires,2014,0.0,0
220502,San Martin,Alonso De Alvarado,2014,0.0,0
220404,San Martin,Piscoyacu,2014,0.0,0
220708,San Martin,Shamboyacu,2014,0.065954,1
220204,San Martin,Huallaga,2014,0.0,0
220605,San Martin,Pajarillo,2014,0.0,0
010703,Amazonas,Cumba,2014,0.0,0
220704,San Martin,Pilluana,2014,0.0,0
220104,San Martin,Jepelacio,2014,0.0,0
220505,San Martin,Cuñumbuqui,2014,0.0,0
220507,San Martin,Rumisapa,2014,0.0,0
220913,San Martin,Sauce,2014,0.0,0
010608,Amazonas,Milpuc,2014,0.0,0
220405,San Martin,Sacanche,2014,0.0,0
220709,San Martin,Tingo De Ponasa,2014,0.0,0
220304,San Martin,Santa Rosa,2014,0.0,0
100903,Huanuco,Honoria,2014,0.051579,1
220203,San Martin,Bajo Biavo,2014,0.000233,1
220710,San Martin,Tres Unidos,2014,0.080633,1
220510,San Martin,Tabalosos,2014,1.7e-05,1
100904,Huanuco,Tournavista,2014,0.058333,1
010701,Amazonas,Bagua Grande,2014,0.00081,1
220701,San Martin,Picota,2014,0.0,0
220403,San Martin,El Eslabon,2014,0.0,0
250105,Ucayali,Yarinacocha,2014,0.0,0
220914,San Martin,Shapaja,2014,0.215793,1
010707,Amazonas,Yamon,2014,0.0,0
010705,Amazonas,Jamalca,2014,0.0,0
220205,San Martin,San Pablo,2014,0.0,0
220705,San Martin,Pucacaca,2014,0.0,0
220601,San Martin,Juanjui,2014,0.000525,1
100905,Huanuco,Yuyapichis,2014,0.080991,1
100608,Huanuco,Castillo Grande,2014,0.0,0
220302,San Martin,Agua Blanca,2014,0.0,0
250306,Ucayali,Huipoca,2014,0.0,0
010611,Amazonas,Totora,2014,0.0,0
010706,Amazonas,Lonya Grande,2014,0.0,0
220706,San Martin,San Cristobal,2014,0.0,0
010303,Amazonas,Churuja,2014,0.0,0
220301,San Martin,San Jose De Sisa,2014,0.0,0
010204,Amazonas,El Parco,2014,0.0,0
010306,Amazonas,Florida,2014,0.0,0
220303,San Martin,San Martin,2014,0.0,0
220106,San Martin,Yantalo,2014,0.0,0
220305,San Martin,Shatoja,2014,0.0,0
010104,Amazonas,Cheto,2014,0.0,0
160201,Loreto,Yurimaguas,2014,0.0,0
060901,Cajamarca,San Ignacio,2014,0.0,0
220511,San Martin,Zapatero,2014,0.0,0
060811,Cajamarca,San Jose Del Alto,2014,0.0,0
010206,Amazonas,La Peca,2014,0.0,0
220401,San Martin,Saposoa,2014,0.0,0
060902,Cajamarca,Chirinos,2014,0.0,0
220908,San Martin,Juan Guerra,2014,0.0,0
060904,Cajamarca,La Coipa,2014,0.0,0
220808,San Martin,Yorongos,2014,0.0,0
120607,Junin,Rio Negro,2014,0.0,0
060812,Cajamarca,Santa Rosa,2014,0.0,0
250106,Ucayali,Nueva Requena,2014,0.0,0
220802,San Martin,Awajun,2014,0.34834,1
250302,Ucayali,Irazola,2014,0.0,0
010109,Amazonas,La Jalca,2014,0.0,0
220906,San Martin,El Porvenir,2014,0.0,0
220707,San Martin,San Hilarion,2014,0.0,0
220806,San Martin,Posic,2014,0.0,0
220406,San Martin,Tingo De Saposoa,2014,0.0,0
100901,Huanuco,Puerto Inca,2014,0.107885,1
010105,Amazonas,Chiliquin,2014,0.0,0
220105,San Martin,Soritor,2014,0.0,0
220201,San Martin,Bellavista,2014,0.0,0
060803,Cajamarca,Chontali,2014,0.0,0
100605,Huanuco,Luyando,2014,0.0,0
010307,Amazonas,Jazan,2014,0.0,0
010502,Amazonas,Camporredondo,2014,0.0,0
010515,Amazonas,Providencia,2014,0.0,0
010102,Amazonas,Asuncion,2014,0.0,0
010510,Amazonas,Luya Viejo,2014,0.0,0
100601,Huanuco,Rupa-Rupa,2014,0.0,0
010514,Amazonas,Pisuquia,2014,0.0,0
060810,Cajamarca,San Felipe,2014,0.0,0
010305,Amazonas,Cuispes,2014,0.0,0
060905,Cajamarca,Namballe,2014,0.354845,1
010119,Amazonas,San Isidro De Maino,2014,0.286684,1
060801,Cajamarca,Jaen,2014,4.2e-05,1
010513,Amazonas,Ocumal,2014,0.04999,1
220912,San Martin,San Antonio,2014,0.48684,1
220903,San Martin,Cacatachi,2014,0.0,0
120602,Junin,Coviriali,2014,0.0,0
120304,Junin,San Luis De Shuaro,2014,0.0,0
120601,Junin,Satipo,2014,0.0,0
010203,Amazonas,Copallin,2014,0.089031,1
010112,Amazonas,Magdalena,2014,0.0,0
220102,San Martin,Calzada,2014,0.0,0
060805,Cajamarca,Huabal,2014,0.0,0
010610,Amazonas,Santa Rosa,2014,0.0,0
220503,San Martin,Barranquita,2014,0.234862,1
220801,San Martin,Rioja,2014,0.120253,1
220703,San Martin,Caspisapa,2014,0.0,0
080904,Cusco,Maranura,2014,0.0,0
010117,Amazonas,Quinjalca,2014,0.0,0
250303,Ucayali,Curimana,2014,0.0,0
010308,Amazonas,Recta,2014,0.0,0
010115,Amazonas,Montevideo,2014,0.0,0
010114,Amazonas,Molinopampa,2014,0.252489,1
010503,Amazonas,Cocabamba,2014,0.0,0
060809,Cajamarca,Sallique,2014,0.0,0
010120,Amazonas,Soloco,2014,0.053287,1
010521,Amazonas,Santo Tomas,2014,0.0,0
100113,Huanuco,San Pablo De Pillao,2014,0.0,0
010602,Amazonas,Chirimoto,2014,0.0,0
100603,Huanuco,Hermilio Valdizan,2014,0.0,0
010111,Amazonas,Levanto,2014,0.402725,1
010518,Amazonas,San Jeronimo,2014,0.0,0
010609,Amazonas,Omia,2014,0.000555,1
100902,Huanuco,Codo Del Pozuzo,2014,0.0,0
010113,Amazonas,Mariscal Castilla,2014,0.0,0
220101,San Martin,Moyobamba,2014,0.179031,1
010310,Amazonas,Shipasbamba,2014,0.0,0
100103,Huanuco,Chinchao,2014,0.0,0
010311,Amazonas,Valera,2014,0.0,0
060907,Cajamarca,Tabaconas,2014,0.124004,1
160112,Loreto,Belen,2014,0.0,0
200307,Piura,Sondor,2014,0.0,0
220803,San Martin,Elias Soplin Vargas,2014,0.415131,1
010506,Amazonas,Inguilpata,2014,0.02566,1
220506,San Martin,Pinto Recodo,2014,0.405655,1
120303,Junin,Pichanaqui,2014,0.106598,1
010202,Amazonas,Aramango,2014,0.002068,1
010606,Amazonas,Longar,2014,5.2e-05,1
160101,Loreto,Iquitos,2014,0.148529,1
010507,Amazonas,Longuita,2014,0.016174,1
221001,San Martin,Tocache,2014,0.0,0
010511,Amazonas,Maria,2014,0.0,0
080901,Cusco,Santa Ana,2014,0.0,0
120302,Junin,Perene,2014,0.050018,1
050409,Ayacucho,Canayre,2014,0.0,0
221002,San Martin,Nuevo Progreso,2014,0.001566,1
200303,Piura,El Carmen De La Frontera,2014,0.001006,1
100609,Huanuco,Pueblo Nuevo,2014,0.0,0
080903,Cusco,Huayopata,2014,0.000284,1
010604,Amazonas,Huambo,2014,0.0,0
100505,Huanuco,Jircan,2014,0.0,0
010512,Amazonas,Ocalli,2014,0.0,0
010101,Amazonas,Chachapoyas,2014,0.04193,1
060903,Cajamarca,Huarango,2014,0.0,0
010116,Amazonas,Olleros,2014,0.034633,1
010605,Amazonas,Limabamba,2014,0.0,0
100804,Huanuco,Umari,2014,0.062776,1
220504,San Martin,Caynarachi,2014,0.375236,1
080905,Cusco,Ocobamba,2014,0.0,0
010517,Amazonas,San Francisco Del Yeso,2014,0.0,0
120609,Junin,Vizcatán Del Ene,2014,0.0,0
060807,Cajamarca,Pomahuaca,2014,0.0,0
010304,Amazonas,Corosha,2014,0.235643,1
221005,San Martin,Uchiza,2014,0.000699,1
220807,San Martin,San Fernando,2014,0.0,0
050512,Ayacucho,Union Progreso,2014,0.0,0
060804,Cajamarca,Colasay,2014,0.0,0
160503,Loreto,Capelo,2014,0.0,0
220910,San Martin,Morales,2014,0.0,0
120604,Junin,Mazamari,2014,0.0,0
120603,Junin,Llaylla,2014,0.0,0
010520,Amazonas,Santa Catalina,2014,0.0,0
010603,Amazonas,Cochamal,2014,0.0,0
120209,Junin,Mariscal Castilla,2014,0.0,0
010601,Amazonas,San Nicolas,2014,0.0,0
010519,Amazonas,San Juan De Lopecancha,2014,0.0,0
160211,Loreto,Teniente Cesar Lopez Rojas,2014,0.0,0
080408,Cusco,Yanatile,2014,0.002679,1
050408,Ayacucho,Llochegua,2014,0.0,0
100507,Huanuco,Monzon,2014,0.0,0
081304,Cusco,Machupicchu,2014,0.905978,1
220909,San Martin,La Banda De Shilcayo,2014,0.542502,1
220103,San Martin,Habana,2014,0.0,0
100606,Huanuco,Mariano Damaso Beraun,2014,0.06402,1
010508,Amazonas,Lonya Chico,2014,0.0,0
170102,Madre De Dios,Inambari,2014,0.37275,1
050502,Ayacucho,Anco,2014,0.0,0
010523,Amazonas,Trita,2014,0.0,0
010516,Amazonas,San Cristobal,2014,0.0,0
080918,Cusco,Union Ashaninka,2014,0.07284,1
221006,San Martin,Santa Lucia,2014,0.0,0
100702,Huanuco,Cholon,2014,0.0,0
211205,Puno,Phara,2014,0.0,0
170204,Madre De Dios,Huepetuhe,2014,0.362182,1
010302,Amazonas,Chisquilla,2014,0.003421,1
050507,Ayacucho,Santa Rosa,2014,0.0,0
220804,San Martin,Nueva Cajamarca,2014,0.40854,1
220809,San Martin,Yuracyacu,2014,0.0,0
160603,Loreto,Padre Marquez,2014,0.0,0
010522,Amazonas,Tingo,2014,0.111164,1
080906,Cusco,Quellouno,2014,0.000399,1
010301,Amazonas,Jumbilla,2014,0.0,0
080917,Cusco,Manitea,2014,0.0,0
250305,Ucayali,Alexander Von Humboldt,2015,0.0,0
220509,San Martin,Shanao,2015,0.0,0
250304,Ucayali,Neshuya,2015,0.0,0
220501,San Martin,Lamas,2015,0.0,0
220902,San Martin,Alberto Leveau,2015,0.0,0
250102,Ucayali,Campoverde,2015,0.0,0
220702,San Martin,Buenos Aires,2015,0.0,0
220502,San Martin,Alonso De Alvarado,2015,0.0,0
220404,San Martin,Piscoyacu,2015,0.0,0
220708,San Martin,Shamboyacu,2015,0.065954,1
220204,San Martin,Huallaga,2015,0.0,0
220605,San Martin,Pajarillo,2015,0.0,0
010703,Amazonas,Cumba,2015,0.0,0
220704,San Martin,Pilluana,2015,0.0,0
220104,San Martin,Jepelacio,2015,0.0,0
220505,San Martin,Cuñumbuqui,2015,0.0,0
220507,San Martin,Rumisapa,2015,0.0,0
220913,San Martin,Sauce,2015,0.0,0
010608,Amazonas,Milpuc,2015,0.0,0
220405,San Martin,Sacanche,2015,0.0,0
220709,San Martin,Tingo De Ponasa,2015,0.0,0
220304,San Martin,Santa Rosa,2015,0.0,0
100903,Huanuco,Honoria,2015,0.051579,1
220203,San Martin,Bajo Biavo,2015,0.000233,1
220710,San Martin,Tres Unidos,2015,0.080633,1
220510,San Martin,Tabalosos,2015,1.7e-05,1
100904,Huanuco,Tournavista,2015,0.058333,1
010701,Amazonas,Bagua Grande,2015,0.00081,1
220701,San Martin,Picota,2015,0.0,0
220403,San Martin,El Eslabon,2015,0.0,0
250105,Ucayali,Yarinacocha,2015,0.0,0
220914,San Martin,Shapaja,2015,0.215793,1
010707,Amazonas,Yamon,2015,0.0,0
010705,Amazonas,Jamalca,2015,0.0,0
220205,San Martin,San Pablo,2015,0.0,0
220705,San Martin,Pucacaca,2015,0.0,0
220601,San Martin,Juanjui,2015,0.000525,1
100905,Huanuco,Yuyapichis,2015,0.080991,1
100608,Huanuco,Castillo Grande,2015,0.0,0
220302,San Martin,Agua Blanca,2015,0.0,0
250306,Ucayali,Huipoca,2015,0.0,0
010611,Amazonas,Totora,2015,0.0,0
010706,Amazonas,Lonya Grande,2015,0.0,0
220706,San Martin,San Cristobal,2015,0.0,0
010303,Amazonas,Churuja,2015,0.0,0
220301,San Martin,San Jose De Sisa,2015,0.0,0
010204,Amazonas,El Parco,2015,0.0,0
010306,Amazonas,Florida,2015,0.0,0
220303,San Martin,San Martin,2015,0.0,0
220106,San Martin,Yantalo,2015,0.0,0
220305,San Martin,Shatoja,2015,0.0,0
010104,Amazonas,Cheto,2015,0.0,0
160201,Loreto,Yurimaguas,2015,0.0,0
060901,Cajamarca,San Ignacio,2015,0.0,0
220511,San Martin,Zapatero,2015,0.0,0
060811,Cajamarca,San Jose Del Alto,2015,0.0,0
010206,Amazonas,La Peca,2015,0.0,0
220401,San Martin,Saposoa,2015,0.0,0
060902,Cajamarca,Chirinos,2015,0.0,0
220908,San Martin,Juan Guerra,2015,0.0,0
060904,Cajamarca,La Coipa,2015,0.0,0
220808,San Martin,Yorongos,2015,0.0,0
120607,Junin,Rio Negro,2015,0.0,0
060812,Cajamarca,Santa Rosa,2015,0.0,0
250106,Ucayali,Nueva Requena,2015,0.0,0
220802,San Martin,Awajun,2015,0.34834,1
250302,Ucayali,Irazola,2015,0.0,0
010109,Amazonas,La Jalca,2015,0.47102,1
220906,San Martin,El Porvenir,2015,0.0,0
220707,San Martin,San Hilarion,2015,0.0,0
220806,San Martin,Posic,2015,0.0,0
220406,San Martin,Tingo De Saposoa,2015,0.0,0
100901,Huanuco,Puerto Inca,2015,0.107885,1
010105,Amazonas,Chiliquin,2015,0.0,0
220105,San Martin,Soritor,2015,0.0,0
220201,San Martin,Bellavista,2015,0.0,0
060803,Cajamarca,Chontali,2015,0.0,0
100605,Huanuco,Luyando,2015,0.0,0
010307,Amazonas,Jazan,2015,0.0,0
010502,Amazonas,Camporredondo,2015,0.0,0
010515,Amazonas,Providencia,2015,0.0,0
010102,Amazonas,Asuncion,2015,0.0,0
010510,Amazonas,Luya Viejo,2015,0.0,0
100601,Huanuco,Rupa-Rupa,2015,0.0,0
010514,Amazonas,Pisuquia,2015,0.0,0
060810,Cajamarca,San Felipe,2015,0.0,0
010305,Amazonas,Cuispes,2015,0.0,0
060905,Cajamarca,Namballe,2015,0.354845,1
010119,Amazonas,San Isidro De Maino,2015,0.399689,1
060801,Cajamarca,Jaen,2015,4.2e-05,1
010513,Amazonas,Ocumal,2015,0.04999,1
220912,San Martin,San Antonio,2015,0.48684,1
220903,San Martin,Cacatachi,2015,0.0,0
120602,Junin,Coviriali,2015,0.0,0
120304,Junin,San Luis De Shuaro,2015,0.0,0
120601,Junin,Satipo,2015,0.0,0
010203,Amazonas,Copallin,2015,0.089031,1
010112,Amazonas,Magdalena,2015,0.275769,1
220102,San Martin,Calzada,2015,0.0,0
060805,Cajamarca,Huabal,2015,0.0,0
010610,Amazonas,Santa Rosa,2015,0.0,0
220503,San Martin,Barranquita,2015,0.234862,1
220801,San Martin,Rioja,2015,0.120253,1
220703,San Martin,Caspisapa,2015,0.0,0
080904,Cusco,Maranura,2015,0.0,0
010117,Amazonas,Quinjalca,2015,0.0,0
250303,Ucayali,Curimana,2015,0.0,0
010308,Amazonas,Recta,2015,0.0,0
010115,Amazonas,Montevideo,2015,0.0,0
010114,Amazonas,Molinopampa,2015,0.252489,1
010503,Amazonas,Cocabamba,2015,0.0,0
060809,Cajamarca,Sallique,2015,0.0,0
010120,Amazonas,Soloco,2015,0.053287,1
010521,Amazonas,Santo Tomas,2015,0.0,0
100113,Huanuco,San Pablo De Pillao,2015,0.0,0
010602,Amazonas,Chirimoto,2015,0.0,0
100603,Huanuco,Hermilio Valdizan,2015,0.0,0
010111,Amazonas,Levanto,2015,0.405317,1
010518,Amazonas,San Jeronimo,2015,0.0,0
010609,Amazonas,Omia,2015,0.000555,1
100902,Huanuco,Codo Del Pozuzo,2015,0.0,0
010113,Amazonas,Mariscal Castilla,2015,0.011021,1
220101,San Martin,Moyobamba,2015,0.180379,1
010310,Amazonas,Shipasbamba,2015,0.0,0
100103,Huanuco,Chinchao,2015,0.0,0
010311,Amazonas,Valera,2015,0.0,0
060907,Cajamarca,Tabaconas,2015,0.124004,1
160112,Loreto,Belen,2015,0.0,0
200307,Piura,Sondor,2015,0.0,0
220803,San Martin,Elias Soplin Vargas,2015,0.415131,1
010506,Amazonas,Inguilpata,2015,0.02566,1
220506,San Martin,Pinto Recodo,2015,0.405655,1
120303,Junin,Pichanaqui,2015,0.106598,1
010202,Amazonas,Aramango,2015,0.002068,1
010606,Amazonas,Longar,2015,5.2e-05,1
160101,Loreto,Iquitos,2015,0.148529,1
010507,Amazonas,Longuita,2015,0.016174,1
221001,San Martin,Tocache,2015,0.0,0
010511,Amazonas,Maria,2015,0.0,0
080901,Cusco,Santa Ana,2015,0.0,0
120302,Junin,Perene,2015,0.050018,1
050409,Ayacucho,Canayre,2015,0.0,0
221002,San Martin,Nuevo Progreso,2015,0.001566,1
200303,Piura,El Carmen De La Frontera,2015,0.001006,1
100609,Huanuco,Pueblo Nuevo,2015,0.0,0
080903,Cusco,Huayopata,2015,0.021561,1
010604,Amazonas,Huambo,2015,0.0,0
100505,Huanuco,Jircan,2015,0.0,0
010512,Amazonas,Ocalli,2015,0.0,0
010101,Amazonas,Chachapoyas,2015,0.04193,1
060903,Cajamarca,Huarango,2015,0.0,0
010116,Amazonas,Olleros,2015,0.034633,1
010605,Amazonas,Limabamba,2015,0.175305,1
100804,Huanuco,Umari,2015,0.062776,1
220504,San Martin,Caynarachi,2015,0.375236,1
080905,Cusco,Ocobamba,2015,0.000174,1
010517,Amazonas,San Francisco Del Yeso,2015,0.0,0
120609,Junin,Vizcatán Del Ene,2015,0.0,0
060807,Cajamarca,Pomahuaca,2015,0.0,0
010304,Amazonas,Corosha,2015,0.235643,1
221005,San Martin,Uchiza,2015,0.000699,1
220807,San Martin,San Fernando,2015,0.0,0
050512,Ayacucho,Union Progreso,2015,0.0,0
060804,Cajamarca,Colasay,2015,0.0,0
160503,Loreto,Capelo,2015,0.0,0
220910,San Martin,Morales,2015,0.0,0
120604,Junin,Mazamari,2015,0.0,0
120603,Junin,Llaylla,2015,0.0,0
010520,Amazonas,Santa Catalina,2015,0.0,0
010603,Amazonas,Cochamal,2015,0.2495,1
120209,Junin,Mariscal Castilla,2015,0.0,0
010601,Amazonas,San Nicolas,2015,0.0,0
010519,Amazonas,San Juan De Lopecancha,2015,0.0,0
160211,Loreto,Teniente Cesar Lopez Rojas,2015,0.0,0
080408,Cusco,Yanatile,2015,0.002679,1
050408,Ayacucho,Llochegua,2015,0.0,0
100507,Huanuco,Monzon,2015,0.0,0
081304,Cusco,Machupicchu,2015,0.905978,1
220909,San Martin,La Banda De Shilcayo,2015,0.542502,1
220103,San Martin,Habana,2015,0.0,0
100606,Huanuco,Mariano Damaso Beraun,2015,0.06402,1
010508,Amazonas,Lonya Chico,2015,0.0,0
170102,Madre De Dios,Inambari,2015,0.37275,1
050502,Ayacucho,Anco,2015,0.0,0
010523,Amazonas,Trita,2015,0.0,0
010516,Amazonas,San Cristobal,2015,0.0,0
080918,Cusco,Union Ashaninka,2015,0.07284,1
221006,San Martin,Santa Lucia,2015,0.0,0
100702,Huanuco,Cholon,2015,0.0,0
211205,Puno,Phara,2015,0.0,0
170204,Madre De Dios,Huepetuhe,2015,0.362182,1
010302,Amazonas,Chisquilla,2015,0.003421,1
050507,Ayacucho,Santa Rosa,2015,0.0,0
220804,San Martin,Nueva Cajamarca,2015,0.40854,1
220809,San Martin,Yuracyacu,2015,0.0,0
160603,Loreto,Padre Marquez,2015,0.000835,1
010522,Amazonas,Tingo,2015,0.111164,1
080906,Cusco,Quellouno,2015,0.000399,1
010301,Amazonas,Jumbilla,2015,0.0,0
080917,Cusco,Manitea,2015,0.0,0
250305,Ucayali,Alexander Von Humboldt,2016,0.0,0
220509,San Martin,Shanao,2016,0.0,0
250304,Ucayali,Neshuya,2016,0.0,0
220501,San Martin,Lamas,2016,0.0,0
220902,San Martin,Alberto Leveau,2016,0.0,0
250102,Ucayali,Campoverde,2016,0.0,0
220702,San Martin,Buenos Aires,2016,0.0,0
220502,San Martin,Alonso De Alvarado,2016,0.0,0
220404,San Martin,Piscoyacu,2016,0.0,0
220708,San Martin,Shamboyacu,2016,0.065954,1
220204,San Martin,Huallaga,2016,0.0,0
220605,San Martin,Pajarillo,2016,0.0,0
010703,Amazonas,Cumba,2016,0.0,0
220704,San Martin,Pilluana,2016,0.0,0
220104,San Martin,Jepelacio,2016,0.0,0
220505,San Martin,Cuñumbuqui,2016,0.0,0
220507,San Martin,Rumisapa,2016,0.0,0
220913,San Martin,Sauce,2016,0.0,0
010608,Amazonas,Milpuc,2016,0.0,0
220405,San Martin,Sacanche,2016,0.0,0
220709,San Martin,Tingo De Ponasa,2016,0.0,0
220304,San Martin,Santa Rosa,2016,0.0,0
100903,Huanuco,Honoria,2016,0.051579,1
220203,San Martin,Bajo Biavo,2016,0.000233,1
220710,San Martin,Tres Unidos,2016,0.080633,1
220510,San Martin,Tabalosos,2016,1.7e-05,1
100904,Huanuco,Tournavista,2016,0.058333,1
010701,Amazonas,Bagua Grande,2016,0.00081,1
220701,San Martin,Picota,2016,0.0,0
220403,San Martin,El Eslabon,2016,0.0,0
250105,Ucayali,Yarinacocha,2016,0.0,0
220914,San Martin,Shapaja,2016,0.215793,1
010707,Amazonas,Yamon,2016,0.0,0
010705,Amazonas,Jamalca,2016,0.0,0
220205,San Martin,San Pablo,2016,0.0,0
220705,San Martin,Pucacaca,2016,0.0,0
220601,San Martin,Juanjui,2016,0.000525,1
100905,Huanuco,Yuyapichis,2016,0.080991,1
100608,Huanuco,Castillo Grande,2016,0.0,0
220302,San Martin,Agua Blanca,2016,0.0,0
250306,Ucayali,Huipoca,2016,0.0,0
010611,Amazonas,Totora,2016,0.0,0
010706,Amazonas,Lonya Grande,2016,0.0,0
220706,San Martin,San Cristobal,2016,0.0,0
010303,Amazonas,Churuja,2016,0.0,0
220301,San Martin,San Jose De Sisa,2016,0.0,0
010204,Amazonas,El Parco,2016,0.0,0
010306,Amazonas,Florida,2016,0.0,0
220303,San Martin,San Martin,2016,0.0,0
220106,San Martin,Yantalo,2016,0.0,0
220305,San Martin,Shatoja,2016,0.0,0
010104,Amazonas,Cheto,2016,0.0,0
160201,Loreto,Yurimaguas,2016,4.2e-05,1
060901,Cajamarca,San Ignacio,2016,0.0,0
220511,San Martin,Zapatero,2016,0.0,0
060811,Cajamarca,San Jose Del Alto,2016,0.0,0
010206,Amazonas,La Peca,2016,0.0,0
220401,San Martin,Saposoa,2016,0.0,0
060902,Cajamarca,Chirinos,2016,0.0,0
220908,San Martin,Juan Guerra,2016,0.0,0
060904,Cajamarca,La Coipa,2016,0.0,0
220808,San Martin,Yorongos,2016,0.0,0
120607,Junin,Rio Negro,2016,0.0,0
060812,Cajamarca,Santa Rosa,2016,0.0,0
250106,Ucayali,Nueva Requena,2016,0.0,0
220802,San Martin,Awajun,2016,0.34834,1
250302,Ucayali,Irazola,2016,0.0,0
010109,Amazonas,La Jalca,2016,0.47102,1
220906,San Martin,El Porvenir,2016,0.0,0
220707,San Martin,San Hilarion,2016,0.0,0
220806,San Martin,Posic,2016,0.0,0
220406,San Martin,Tingo De Saposoa,2016,0.0,0
100901,Huanuco,Puerto Inca,2016,0.107885,1
010105,Amazonas,Chiliquin,2016,0.0,0
220105,San Martin,Soritor,2016,0.0,0
220201,San Martin,Bellavista,2016,0.0,0
060803,Cajamarca,Chontali,2016,0.0,0
100605,Huanuco,Luyando,2016,0.0,0
010307,Amazonas,Jazan,2016,0.0,0
010502,Amazonas,Camporredondo,2016,0.0,0
010515,Amazonas,Providencia,2016,0.0,0
010102,Amazonas,Asuncion,2016,0.0,0
010510,Amazonas,Luya Viejo,2016,0.0,0
100601,Huanuco,Rupa-Rupa,2016,0.0,0
010514,Amazonas,Pisuquia,2016,0.0,0
060810,Cajamarca,San Felipe,2016,0.0,0
010305,Amazonas,Cuispes,2016,0.0,0
060905,Cajamarca,Namballe,2016,0.354845,1
010119,Amazonas,San Isidro De Maino,2016,0.399689,1
060801,Cajamarca,Jaen,2016,4.2e-05,1
010513,Amazonas,Ocumal,2016,0.04999,1
220912,San Martin,San Antonio,2016,0.48684,1
220903,San Martin,Cacatachi,2016,0.0,0
120602,Junin,Coviriali,2016,0.0,0
120304,Junin,San Luis De Shuaro,2016,0.0,0
120601,Junin,Satipo,2016,0.0,0
010203,Amazonas,Copallin,2016,0.089031,1
010112,Amazonas,Magdalena,2016,0.275769,1
220102,San Martin,Calzada,2016,0.0,0
060805,Cajamarca,Huabal,2016,0.0,0
010610,Amazonas,Santa Rosa,2016,0.0,0
220503,San Martin,Barranquita,2016,0.234862,1
220801,San Martin,Rioja,2016,0.120253,1
220703,San Martin,Caspisapa,2016,0.0,0
080904,Cusco,Maranura,2016,0.0,0
010117,Amazonas,Quinjalca,2016,0.0,0
250303,Ucayali,Curimana,2016,0.0,0
010308,Amazonas,Recta,2016,0.0,0
010115,Amazonas,Montevideo,2016,0.0,0
010114,Amazonas,Molinopampa,2016,0.252489,1
010503,Amazonas,Cocabamba,2016,0.0,0
060809,Cajamarca,Sallique,2016,0.0,0
010120,Amazonas,Soloco,2016,0.053287,1
010521,Amazonas,Santo Tomas,2016,0.0,0
100113,Huanuco,San Pablo De Pillao,2016,0.0,0
010602,Amazonas,Chirimoto,2016,0.0,0
100603,Huanuco,Hermilio Valdizan,2016,0.0,0
010111,Amazonas,Levanto,2016,0.405317,1
010518,Amazonas,San Jeronimo,2016,0.0,0
010609,Amazonas,Omia,2016,0.000555,1
100902,Huanuco,Codo Del Pozuzo,2016,0.0,0
010113,Amazonas,Mariscal Castilla,2016,0.011021,1
220101,San Martin,Moyobamba,2016,0.180379,1
010310,Amazonas,Shipasbamba,2016,0.0,0
100103,Huanuco,Chinchao,2016,0.0,0
010311,Amazonas,Valera,2016,0.0,0
060907,Cajamarca,Tabaconas,2016,0.124004,1
160112,Loreto,Belen,2016,0.0,0
200307,Piura,Sondor,2016,0.172426,1
220803,San Martin,Elias Soplin Vargas,2016,0.415131,1
010506,Amazonas,Inguilpata,2016,0.02566,1
220506,San Martin,Pinto Recodo,2016,0.405655,1
120303,Junin,Pichanaqui,2016,0.106598,1
010202,Amazonas,Aramango,2016,0.002068,1
010606,Amazonas,Longar,2016,5.2e-05,1
160101,Loreto,Iquitos,2016,0.148529,1
010507,Amazonas,Longuita,2016,0.016174,1
221001,San Martin,Tocache,2016,0.0,0
010511,Amazonas,Maria,2016,0.0,0
080901,Cusco,Santa Ana,2016,0.0,0
120302,Junin,Perene,2016,0.050018,1
050409,Ayacucho,Canayre,2016,0.0,0
221002,San Martin,Nuevo Progreso,2016,0.001566,1
200303,Piura,El Carmen De La Frontera,2016,0.376112,1
100609,Huanuco,Pueblo Nuevo,2016,0.0,0
080903,Cusco,Huayopata,2016,0.021561,1
010604,Amazonas,Huambo,2016,0.0,0
100505,Huanuco,Jircan,2016,0.0,0
010512,Amazonas,Ocalli,2016,0.0,0
010101,Amazonas,Chachapoyas,2016,0.04193,1
060903,Cajamarca,Huarango,2016,0.0,0
010116,Amazonas,Olleros,2016,0.034633,1
010605,Amazonas,Limabamba,2016,0.175305,1
100804,Huanuco,Umari,2016,0.062776,1
220504,San Martin,Caynarachi,2016,0.375236,1
080905,Cusco,Ocobamba,2016,0.000174,1
010517,Amazonas,San Francisco Del Yeso,2016,0.0,0
120609,Junin,Vizcatán Del Ene,2016,0.0,0
060807,Cajamarca,Pomahuaca,2016,0.0,0
010304,Amazonas,Corosha,2016,0.235643,1
221005,San Martin,Uchiza,2016,0.000699,1
220807,San Martin,San Fernando,2016,0.0,0
050512,Ayacucho,Union Progreso,2016,0.0,0
060804,Cajamarca,Colasay,2016,0.0,0
160503,Loreto,Capelo,2016,0.0,0
220910,San Martin,Morales,2016,0.0,0
120604,Junin,Mazamari,2016,0.0,0
120603,Junin,Llaylla,2016,0.0,0
010520,Amazonas,Santa Catalina,2016,0.0,0
010603,Amazonas,Cochamal,2016,0.2495,1
120209,Junin,Mariscal Castilla,2016,0.0,0
010601,Amazonas,San Nicolas,2016,0.0,0
010519,Amazonas,San Juan De Lopecancha,2016,0.0,0
160211,Loreto,Teniente Cesar Lopez Rojas,2016,0.0,0
080408,Cusco,Yanatile,2016,0.002679,1
050408,Ayacucho,Llochegua,2016,0.0,0
100507,Huanuco,Monzon,2016,0.0,0
081304,Cusco,Machupicchu,2016,0.905978,1
220909,San Martin,La Banda De Shilcayo,2016,0.542502,1
220103,San Martin,Habana,2016,0.0,0
100606,Huanuco,Mariano Damaso Beraun,2016,0.06402,1
010508,Amazonas,Lonya Chico,2016,0.0,0
170102,Madre De Dios,Inambari,2016,0.37275,1
050502,Ayacucho,Anco,2016,0.0,0
010523,Amazonas,Trita,2016,0.0,0
010516,Amazonas,San Cristobal,2016,0.0,0
080918,Cusco,Union Ashaninka,2016,0.07284,1
221006,San Martin,Santa Lucia,2016,0.0,0
100702,Huanuco,Cholon,2016,0.0,0
211205,Puno,Phara,2016,0.0,0
170204,Madre De Dios,Huepetuhe,2016,0.362182,1
010302,Amazonas,Chisquilla,2016,0.003421,1
050507,Ayacucho,Santa Rosa,2016,0.0,0
220804,San Martin,Nueva Cajamarca,2016,0.40854,1
220809,San Martin,Yuracyacu,2016,0.0,0
160603,Loreto,Padre Marquez,2016,0.000835,1
010522,Amazonas,Tingo,2016,0.111164,1
080906,Cusco,Quellouno,2016,0.000399,1
010301,Amazonas,Jumbilla,2016,0.0,0
080917,Cusco,Manitea,2016,0.0,0
250305,Ucayali,Alexander Von Humboldt,2017,0.0,0
220509,San Martin,Shanao,2017,0.0,0
250304,Ucayali,Neshuya,2017,0.0,0
220501,San Martin,Lamas,2017,0.0,0
220902,San Martin,Alberto Leveau,2017,0.0,0
250102,Ucayali,Campoverde,2017,0.0,0
220702,San Martin,Buenos Aires,2017,0.0,0
220502,San Martin,Alonso De Alvarado,2017,0.0,0
220404,San Martin,Piscoyacu,2017,0.0,0
220708,San Martin,Shamboyacu,2017,0.065954,1
220204,San Martin,Huallaga,2017,0.0,0
220605,San Martin,Pajarillo,2017,0.0,0
010703,Amazonas,Cumba,2017,0.0,0
220704,San Martin,Pilluana,2017,0.0,0
220104,San Martin,Jepelacio,2017,0.0,0
220505,San Martin,Cuñumbuqui,2017,0.0,0
220507,San Martin,Rumisapa,2017,0.0,0
220913,San Martin,Sauce,2017,0.0,0
010608,Amazonas,Milpuc,2017,0.0,0
220405,San Martin,Sacanche,2017,0.0,0
220709,San Martin,Tingo De Ponasa,2017,0.0,0
220304,San Martin,Santa Rosa,2017,0.0,0
100903,Huanuco,Honoria,2017,0.051579,1
220203,San Martin,Bajo Biavo,2017,0.000233,1
220710,San Martin,Tres Unidos,2017,0.080633,1
220510,San Martin,Tabalosos,2017,1.7e-05,1
100904,Huanuco,Tournavista,2017,0.058333,1
010701,Amazonas,Bagua Grande,2017,0.00081,1
220701,San Martin,Picota,2017,0.0,0
220403,San Martin,El Eslabon,2017,0.0,0
250105,Ucayali,Yarinacocha,2017,0.0,0
220914,San Martin,Shapaja,2017,0.215793,1
010707,Amazonas,Yamon,2017,0.0,0
010705,Amazonas,Jamalca,2017,0.0,0
220205,San Martin,San Pablo,2017,0.0,0
220705,San Martin,Pucacaca,2017,0.0,0
220601,San Martin,Juanjui,2017,0.000525,1
100905,Huanuco,Yuyapichis,2017,0.080991,1
100608,Huanuco,Castillo Grande,2017,0.0,0
220302,San Martin,Agua Blanca,2017,0.0,0
250306,Ucayali,Huipoca,2017,0.0,0
010611,Amazonas,Totora,2017,0.0,0
010706,Amazonas,Lonya Grande,2017,0.0,0
220706,San Martin,San Cristobal,2017,0.0,0
010303,Amazonas,Churuja,2017,0.0,0
220301,San Martin,San Jose De Sisa,2017,0.0,0
010204,Amazonas,El Parco,2017,0.0,0
010306,Amazonas,Florida,2017,0.0,0
220303,San Martin,San Martin,2017,0.0,0
220106,San Martin,Yantalo,2017,0.0,0
220305,San Martin,Shatoja,2017,0.0,0
010104,Amazonas,Cheto,2017,0.0,0
160201,Loreto,Yurimaguas,2017,4.2e-05,1
060901,Cajamarca,San Ignacio,2017,0.0,0
220511,San Martin,Zapatero,2017,0.0,0
060811,Cajamarca,San Jose Del Alto,2017,0.0,0
010206,Amazonas,La Peca,2017,0.0,0
220401,San Martin,Saposoa,2017,0.0,0
060902,Cajamarca,Chirinos,2017,0.0,0
220908,San Martin,Juan Guerra,2017,0.0,0
060904,Cajamarca,La Coipa,2017,0.0,0
220808,San Martin,Yorongos,2017,0.0,0
120607,Junin,Rio Negro,2017,0.0,0
060812,Cajamarca,Santa Rosa,2017,0.0,0
250106,Ucayali,Nueva Requena,2017,0.0,0
220802,San Martin,Awajun,2017,0.34834,1
250302,Ucayali,Irazola,2017,0.0,0
010109,Amazonas,La Jalca,2017,0.47102,1
220906,San Martin,El Porvenir,2017,0.0,0
220707,San Martin,San Hilarion,2017,0.0,0
220806,San Martin,Posic,2017,0.0,0
220406,San Martin,Tingo De Saposoa,2017,0.0,0
100901,Huanuco,Puerto Inca,2017,0.107885,1
010105,Amazonas,Chiliquin,2017,0.0,0
220105,San Martin,Soritor,2017,0.0,0
220201,San Martin,Bellavista,2017,0.0,0
060803,Cajamarca,Chontali,2017,0.000274,1
100605,Huanuco,Luyando,2017,0.0,0
010307,Amazonas,Jazan,2017,0.0,0
010502,Amazonas,Camporredondo,2017,0.0,0
010515,Amazonas,Providencia,2017,0.0,0
010102,Amazonas,Asuncion,2017,0.0,0
010510,Amazonas,Luya Viejo,2017,0.0,0
100601,Huanuco,Rupa-Rupa,2017,0.0,0
010514,Amazonas,Pisuquia,2017,0.0,0
060810,Cajamarca,San Felipe,2017,0.007357,1
010305,Amazonas,Cuispes,2017,0.0,0
060905,Cajamarca,Namballe,2017,0.354845,1
010119,Amazonas,San Isidro De Maino,2017,0.399689,1
060801,Cajamarca,Jaen,2017,4.2e-05,1
010513,Amazonas,Ocumal,2017,0.04999,1
220912,San Martin,San Antonio,2017,0.48684,1
220903,San Martin,Cacatachi,2017,0.0,0
120602,Junin,Coviriali,2017,0.0,0
120304,Junin,San Luis De Shuaro,2017,0.0,0
120601,Junin,Satipo,2017,0.0,0
010203,Amazonas,Copallin,2017,0.089031,1
010112,Amazonas,Magdalena,2017,0.275769,1
220102,San Martin,Calzada,2017,0.0,0
060805,Cajamarca,Huabal,2017,0.0,0
010610,Amazonas,Santa Rosa,2017,0.0,0
220503,San Martin,Barranquita,2017,0.234862,1
220801,San Martin,Rioja,2017,0.120253,1
220703,San Martin,Caspisapa,2017,0.0,0
080904,Cusco,Maranura,2017,0.0,0
010117,Amazonas,Quinjalca,2017,0.0,0
250303,Ucayali,Curimana,2017,0.0,0
010308,Amazonas,Recta,2017,0.0,0
010115,Amazonas,Montevideo,2017,0.0,0
010114,Amazonas,Molinopampa,2017,0.252489,1
010503,Amazonas,Cocabamba,2017,0.0,0
060809,Cajamarca,Sallique,2017,0.091403,1
010120,Amazonas,Soloco,2017,0.053287,1
010521,Amazonas,Santo Tomas,2017,0.0,0
100113,Huanuco,San Pablo De Pillao,2017,0.0,0
010602,Amazonas,Chirimoto,2017,0.0,0
100603,Huanuco,Hermilio Valdizan,2017,0.0,0
010111,Amazonas,Levanto,2017,0.405317,1
010518,Amazonas,San Jeronimo,2017,0.0,0
010609,Amazonas,Omia,2017,0.000555,1
100902,Huanuco,Codo Del Pozuzo,2017,0.0,0
010113,Amazonas,Mariscal Castilla,2017,0.011021,1
220101,San Martin,Moyobamba,2017,0.180379,1
010310,Amazonas,Shipasbamba,2017,0.0,0
100103,Huanuco,Chinchao,2017,0.0,0
010311,Amazonas,Valera,2017,0.0,0
060907,Cajamarca,Tabaconas,2017,0.124004,1
160112,Loreto,Belen,2017,0.0,0
200307,Piura,Sondor,2017,0.172426,1
220803,San Martin,Elias Soplin Vargas,2017,0.415131,1
010506,Amazonas,Inguilpata,2017,0.02566,1
220506,San Martin,Pinto Recodo,2017,0.405655,1
120303,Junin,Pichanaqui,2017,0.106598,1
010202,Amazonas,Aramango,2017,0.002068,1
010606,Amazonas,Longar,2017,5.2e-05,1
160101,Loreto,Iquitos,2017,0.148529,1
010507,Amazonas,Longuita,2017,0.016174,1
221001,San Martin,Tocache,2017,0.0,0
010511,Amazonas,Maria,2017,0.0,0
080901,Cusco,Santa Ana,2017,0.0,0
120302,Junin,Perene,2017,0.050018,1
050409,Ayacucho,Canayre,2017,0.0,0
221002,San Martin,Nuevo Progreso,2017,0.001566,1
200303,Piura,El Carmen De La Frontera,2017,0.376112,1
100609,Huanuco,Pueblo Nuevo,2017,0.0,0
080903,Cusco,Huayopata,2017,0.021561,1
010604,Amazonas,Huambo,2017,0.0,0
100505,Huanuco,Jircan,2017,0.0,0
010512,Amazonas,Ocalli,2017,0.0,0
010101,Amazonas,Chachapoyas,2017,0.04193,1
060903,Cajamarca,Huarango,2017,0.0,0
010116,Amazonas,Olleros,2017,0.034633,1
010605,Amazonas,Limabamba,2017,0.175305,1
100804,Huanuco,Umari,2017,0.062776,1
220504,San Martin,Caynarachi,2017,0.375236,1
080905,Cusco,Ocobamba,2017,0.000174,1
010517,Amazonas,San Francisco Del Yeso,2017,0.0,0
120609,Junin,Vizcatán Del Ene,2017,0.0,0
060807,Cajamarca,Pomahuaca,2017,0.0,0
010304,Amazonas,Corosha,2017,0.235643,1
221005,San Martin,Uchiza,2017,0.000699,1
220807,San Martin,San Fernando,2017,0.0,0
050512,Ayacucho,Union Progreso,2017,0.0,0
060804,Cajamarca,Colasay,2017,0.0,0
160503,Loreto,Capelo,2017,0.0,0
220910,San Martin,Morales,2017,0.0,0
120604,Junin,Mazamari,2017,0.0,0
120603,Junin,Llaylla,2017,0.0,0
010520,Amazonas,Santa Catalina,2017,0.0,0
010603,Amazonas,Cochamal,2017,0.2495,1
120209,Junin,Mariscal Castilla,2017,0.0,0
010601,Amazonas,San Nicolas,2017,0.0,0
010519,Amazonas,San Juan De Lopecancha,2017,0.0,0
160211,Loreto,Teniente Cesar Lopez Rojas,2017,0.0,0
080408,Cusco,Yanatile,2017,0.002679,1
050408,Ayacucho,Llochegua,2017,0.0,0
100507,Huanuco,Monzon,2017,0.0,0
081304,Cusco,Machupicchu,2017,0.905978,1
220909,San Martin,La Banda De Shilcayo,2017,0.542502,1
220103,San Martin,Habana,2017,0.0,0
100606,Huanuco,Mariano Damaso Beraun,2017,0.06402,1
010508,Amazonas,Lonya Chico,2017,0.0,0
170102,Madre De Dios,Inambari,2017,0.37275,1
050502,Ayacucho,Anco,2017,0.0,0
010523,Amazonas,Trita,2017,0.0,0
010516,Amazonas,San Cristobal,2017,0.0,0
080918,Cusco,Union Ashaninka,2017,0.07284,1
221006,San Martin,Santa Lucia,2017,0.0,0
100702,Huanuco,Cholon,2017,0.0,0
211205,Puno,Phara,2017,0.0,0
170204,Madre De Dios,Huepetuhe,2017,0.362182,1
010302,Amazonas,Chisquilla,2017,0.003421,1
050507,Ayacucho,Santa Rosa,2017,0.0,0
220804,San Martin,Nueva Cajamarca,2017,0.40854,1
220809,San Martin,Yuracyacu,2017,0.0,0
160603,Loreto,Padre Marquez,2017,0.000835,1
010522,Amazonas,Tingo,2017,0.111164,1
080906,Cusco,Quellouno,2017,0.003448,1
010301,Amazonas,Jumbilla,2017,0.0,0
080917,Cusco,Manitea,2017,0.0,0
250305,Ucayali,Alexander Von Humboldt,2018,0.0,0
220509,San Martin,Shanao,2018,0.0,0
250304,Ucayali,Neshuya,2018,0.0,0
220501,San Martin,Lamas,2018,0.0,0
220902,San Martin,Alberto Leveau,2018,0.0,0
250102,Ucayali,Campoverde,2018,0.0,0
220702,San Martin,Buenos Aires,2018,0.0,0
220502,San Martin,Alonso De Alvarado,2018,0.0,0
220404,San Martin,Piscoyacu,2018,0.0,0
220708,San Martin,Shamboyacu,2018,0.065954,1
220204,San Martin,Huallaga,2018,0.0,0
220605,San Martin,Pajarillo,2018,0.0,0
010703,Amazonas,Cumba,2018,0.0,0
220704,San Martin,Pilluana,2018,0.0,0
220104,San Martin,Jepelacio,2018,0.0,0
220505,San Martin,Cuñumbuqui,2018,0.0,0
220507,San Martin,Rumisapa,2018,0.0,0
220913,San Martin,Sauce,2018,0.0,0
010608,Amazonas,Milpuc,2018,0.0,0
220405,San Martin,Sacanche,2018,0.0,0
220709,San Martin,Tingo De Ponasa,2018,0.0,0
220304,San Martin,Santa Rosa,2018,0.0,0
100903,Huanuco,Honoria,2018,0.051579,1
220203,San Martin,Bajo Biavo,2018,0.000233,1
220710,San Martin,Tres Unidos,2018,0.080633,1
220510,San Martin,Tabalosos,2018,1.7e-05,1
100904,Huanuco,Tournavista,2018,0.058333,1
010701,Amazonas,Bagua Grande,2018,0.00081,1
220701,San Martin,Picota,2018,0.0,0
220403,San Martin,El Eslabon,2018,0.0,0
250105,Ucayali,Yarinacocha,2018,0.0,0
220914,San Martin,Shapaja,2018,0.215793,1
010707,Amazonas,Yamon,2018,0.000318,1
010705,Amazonas,Jamalca,2018,0.0,0
220205,San Martin,San Pablo,2018,0.0,0
220705,San Martin,Pucacaca,2018,0.0,0
220601,San Martin,Juanjui,2018,0.000525,1
100905,Huanuco,Yuyapichis,2018,0.080991,1
100608,Huanuco,Castillo Grande,2018,0.0,0
220302,San Martin,Agua Blanca,2018,0.0,0
250306,Ucayali,Huipoca,2018,0.0,0
010611,Amazonas,Totora,2018,0.0,0
010706,Amazonas,Lonya Grande,2018,7.2e-05,1
220706,San Martin,San Cristobal,2018,0.0,0
010303,Amazonas,Churuja,2018,0.0,0
220301,San Martin,San Jose De Sisa,2018,0.0,0
010204,Amazonas,El Parco,2018,0.0,0
010306,Amazonas,Florida,2018,0.0,0
220303,San Martin,San Martin,2018,0.0,0
220106,San Martin,Yantalo,2018,0.0,0
220305,San Martin,Shatoja,2018,0.0,0
010104,Amazonas,Cheto,2018,0.0,0
160201,Loreto,Yurimaguas,2018,4.2e-05,1
060901,Cajamarca,San Ignacio,2018,0.0,0
220511,San Martin,Zapatero,2018,0.0,0
060811,Cajamarca,San Jose Del Alto,2018,0.0,0
010206,Amazonas,La Peca,2018,0.0,0
220401,San Martin,Saposoa,2018,0.0,0
060902,Cajamarca,Chirinos,2018,0.0,0
220908,San Martin,Juan Guerra,2018,0.0,0
060904,Cajamarca,La Coipa,2018,0.0,0
220808,San Martin,Yorongos,2018,0.0,0
120607,Junin,Rio Negro,2018,0.0,0
060812,Cajamarca,Santa Rosa,2018,0.0,0
250106,Ucayali,Nueva Requena,2018,0.0,0
220802,San Martin,Awajun,2018,0.34834,1
250302,Ucayali,Irazola,2018,0.0,0
010109,Amazonas,La Jalca,2018,0.47102,1
220906,San Martin,El Porvenir,2018,0.0,0
220707,San Martin,San Hilarion,2018,0.0,0
220806,San Martin,Posic,2018,0.0,0
220406,San Martin,Tingo De Saposoa,2018,0.0,0
100901,Huanuco,Puerto Inca,2018,0.107885,1
010105,Amazonas,Chiliquin,2018,0.0,0
220105,San Martin,Soritor,2018,0.0,0
220201,San Martin,Bellavista,2018,0.0,0
060803,Cajamarca,Chontali,2018,0.000274,1
100605,Huanuco,Luyando,2018,0.0,0
010307,Amazonas,Jazan,2018,0.0,0
010502,Amazonas,Camporredondo,2018,0.0,0
010515,Amazonas,Providencia,2018,0.218687,1
010102,Amazonas,Asuncion,2018,0.0,0
010510,Amazonas,Luya Viejo,2018,0.0,0
100601,Huanuco,Rupa-Rupa,2018,0.0,0
010514,Amazonas,Pisuquia,2018,0.134824,1
060810,Cajamarca,San Felipe,2018,0.007357,1
010305,Amazonas,Cuispes,2018,0.0,0
060905,Cajamarca,Namballe,2018,0.354845,1
010119,Amazonas,San Isidro De Maino,2018,0.399689,1
060801,Cajamarca,Jaen,2018,4.2e-05,1
010513,Amazonas,Ocumal,2018,0.123303,1
220912,San Martin,San Antonio,2018,0.48684,1
220903,San Martin,Cacatachi,2018,0.0,0
120602,Junin,Coviriali,2018,0.0,0
120304,Junin,San Luis De Shuaro,2018,0.0,0
120601,Junin,Satipo,2018,0.0,0
010203,Amazonas,Copallin,2018,0.089031,1
010112,Amazonas,Magdalena,2018,0.275769,1
220102,San Martin,Calzada,2018,0.0,0
060805,Cajamarca,Huabal,2018,0.0,0
010610,Amazonas,Santa Rosa,2018,0.0,0
220503,San Martin,Barranquita,2018,0.234862,1
220801,San Martin,Rioja,2018,0.120253,1
220703,San Martin,Caspisapa,2018,0.0,0
080904,Cusco,Maranura,2018,0.0,0
010117,Amazonas,Quinjalca,2018,0.0,0
250303,Ucayali,Curimana,2018,0.0,0
010308,Amazonas,Recta,2018,0.0,0
010115,Amazonas,Montevideo,2018,0.0,0
010114,Amazonas,Molinopampa,2018,0.252721,1
010503,Amazonas,Cocabamba,2018,0.139053,1
060809,Cajamarca,Sallique,2018,0.091403,1
010120,Amazonas,Soloco,2018,0.053287,1
010521,Amazonas,Santo Tomas,2018,0.0,0
100113,Huanuco,San Pablo De Pillao,2018,0.0,0
010602,Amazonas,Chirimoto,2018,0.0,0
100603,Huanuco,Hermilio Valdizan,2018,0.0,0
010111,Amazonas,Levanto,2018,0.405317,1
010518,Amazonas,San Jeronimo,2018,0.0,0
010609,Amazonas,Omia,2018,0.359048,1
100902,Huanuco,Codo Del Pozuzo,2018,0.0,0
010113,Amazonas,Mariscal Castilla,2018,0.011021,1
220101,San Martin,Moyobamba,2018,0.180379,1
010310,Amazonas,Shipasbamba,2018,0.0,0
100103,Huanuco,Chinchao,2018,0.0,0
010311,Amazonas,Valera,2018,0.0,0
060907,Cajamarca,Tabaconas,2018,0.351153,1
160112,Loreto,Belen,2018,0.0,0
200307,Piura,Sondor,2018,0.172631,1
220803,San Martin,Elias Soplin Vargas,2018,0.415131,1
010506,Amazonas,Inguilpata,2018,0.02566,1
220506,San Martin,Pinto Recodo,2018,0.405655,1
120303,Junin,Pichanaqui,2018,0.106598,1
010202,Amazonas,Aramango,2018,0.002068,1
010606,Amazonas,Longar,2018,5.2e-05,1
160101,Loreto,Iquitos,2018,0.148529,1
010507,Amazonas,Longuita,2018,0.016174,1
221001,San Martin,Tocache,2018,0.032324,1
010511,Amazonas,Maria,2018,0.0,0
080901,Cusco,Santa Ana,2018,0.0,0
120302,Junin,Perene,2018,0.050018,1
050409,Ayacucho,Canayre,2018,0.0,0
221002,San Martin,Nuevo Progreso,2018,0.001566,1
200303,Piura,El Carmen De La Frontera,2018,0.376112,1
100609,Huanuco,Pueblo Nuevo,2018,0.0,0
080903,Cusco,Huayopata,2018,0.021561,1
010604,Amazonas,Huambo,2018,0.0,0
100505,Huanuco,Jircan,2018,0.0,0
010512,Amazonas,Ocalli,2018,0.0,0
010101,Amazonas,Chachapoyas,2018,0.04193,1
060903,Cajamarca,Huarango,2018,0.0,0
010116,Amazonas,Olleros,2018,0.034633,1
010605,Amazonas,Limabamba,2018,0.175305,1
100804,Huanuco,Umari,2018,0.062776,1
220504,San Martin,Caynarachi,2018,0.375236,1
080905,Cusco,Ocobamba,2018,0.000174,1
010517,Amazonas,San Francisco Del Yeso,2018,0.0,0
120609,Junin,Vizcatán Del Ene,2018,0.0,0
060807,Cajamarca,Pomahuaca,2018,0.0,0
010304,Amazonas,Corosha,2018,0.235643,1
221005,San Martin,Uchiza,2018,0.059995,1
220807,San Martin,San Fernando,2018,0.0,0
050512,Ayacucho,Union Progreso,2018,0.0,0
060804,Cajamarca,Colasay,2018,0.0,0
160503,Loreto,Capelo,2018,0.0,0
220910,San Martin,Morales,2018,0.0,0
120604,Junin,Mazamari,2018,0.0,0
120603,Junin,Llaylla,2018,0.0,0
010520,Amazonas,Santa Catalina,2018,0.0,0
010603,Amazonas,Cochamal,2018,0.2495,1
120209,Junin,Mariscal Castilla,2018,0.0,0
010601,Amazonas,San Nicolas,2018,0.001512,1
010519,Amazonas,San Juan De Lopecancha,2018,0.0,0
160211,Loreto,Teniente Cesar Lopez Rojas,2018,0.0,0
080408,Cusco,Yanatile,2018,0.002679,1
050408,Ayacucho,Llochegua,2018,0.0,0
100507,Huanuco,Monzon,2018,0.0,0
081304,Cusco,Machupicchu,2018,0.905978,1
220909,San Martin,La Banda De Shilcayo,2018,0.543628,1
220103,San Martin,Habana,2018,0.0,0
100606,Huanuco,Mariano Damaso Beraun,2018,0.06402,1
010508,Amazonas,Lonya Chico,2018,0.0,0
170102,Madre De Dios,Inambari,2018,0.372804,1
050502,Ayacucho,Anco,2018,0.0,0
010523,Amazonas,Trita,2018,0.0,0
010516,Amazonas,San Cristobal,2018,0.0,0
080918,Cusco,Union Ashaninka,2018,0.07284,1
221006,San Martin,Santa Lucia,2018,0.0,0
100702,Huanuco,Cholon,2018,1e-06,1
211205,Puno,Phara,2018,0.0,0
170204,Madre De Dios,Huepetuhe,2018,0.362182,1
010302,Amazonas,Chisquilla,2018,0.003421,1
050507,Ayacucho,Santa Rosa,2018,0.0,0
220804,San Martin,Nueva Cajamarca,2018,0.40854,1
220809,San Martin,Yuracyacu,2018,0.0,0
160603,Loreto,Padre Marquez,2018,0.000835,1
010522,Amazonas,Tingo,2018,0.111164,1
080906,Cusco,Quellouno,2018,0.003448,1
010301,Amazonas,Jumbilla,2018,0.0,0
080917,Cusco,Manitea,2018,0.0,0
250305,Ucayali,Alexander Von Humboldt,2019,0.0,0
220509,San Martin,Shanao,2019,0.0,0
250304,Ucayali,Neshuya,2019,0.0,0
220501,San Martin,Lamas,2019,0.0,0
220902,San Martin,Alberto Leveau,2019,0.0,0
250102,Ucayali,Campoverde,2019,0.0,0
220702,San Martin,Buenos Aires,2019,0.0,0
220502,San Martin,Alonso De Alvarado,2019,0.0,0
220404,San Martin,Piscoyacu,2019,0.0,0
220708,San Martin,Shamboyacu,2019,0.065954,1
220204,San Martin,Huallaga,2019,0.0,0
220605,San Martin,Pajarillo,2019,0.0,0
010703,Amazonas,Cumba,2019,0.0,0
220704,San Martin,Pilluana,2019,0.0,0
220104,San Martin,Jepelacio,2019,0.0,0
220505,San Martin,Cuñumbuqui,2019,0.0,0
220507,San Martin,Rumisapa,2019,0.0,0
220913,San Martin,Sauce,2019,0.0,0
010608,Amazonas,Milpuc,2019,0.0,0
220405,San Martin,Sacanche,2019,0.0,0
220709,San Martin,Tingo De Ponasa,2019,0.0,0
220304,San Martin,Santa Rosa,2019,0.0,0
100903,Huanuco,Honoria,2019,0.051579,1
220203,San Martin,Bajo Biavo,2019,0.000233,1
220710,San Martin,Tres Unidos,2019,0.080633,1
220510,San Martin,Tabalosos,2019,1.7e-05,1
100904,Huanuco,Tournavista,2019,0.058333,1
010701,Amazonas,Bagua Grande,2019,0.00081,1
220701,San Martin,Picota,2019,0.0,0
220403,San Martin,El Eslabon,2019,0.0,0
250105,Ucayali,Yarinacocha,2019,0.0,0
220914,San Martin,Shapaja,2019,0.215793,1
010707,Amazonas,Yamon,2019,0.000318,1
010705,Amazonas,Jamalca,2019,0.0,0
220205,San Martin,San Pablo,2019,0.0,0
220705,San Martin,Pucacaca,2019,0.0,0
220601,San Martin,Juanjui,2019,0.000525,1
100905,Huanuco,Yuyapichis,2019,0.080991,1
100608,Huanuco,Castillo Grande,2019,0.0,0
220302,San Martin,Agua Blanca,2019,0.0,0
250306,Ucayali,Huipoca,2019,0.0,0
010611,Amazonas,Totora,2019,0.0,0
010706,Amazonas,Lonya Grande,2019,7.2e-05,1
220706,San Martin,San Cristobal,2019,0.0,0
010303,Amazonas,Churuja,2019,0.314078,1
220301,San Martin,San Jose De Sisa,2019,0.0,0
010204,Amazonas,El Parco,2019,0.0,0
010306,Amazonas,Florida,2019,0.002006,1
220303,San Martin,San Martin,2019,0.0,0
220106,San Martin,Yantalo,2019,0.0,0
220305,San Martin,Shatoja,2019,0.0,0
010104,Amazonas,Cheto,2019,0.0,0
160201,Loreto,Yurimaguas,2019,4.2e-05,1
060901,Cajamarca,San Ignacio,2019,0.036734,1
220511,San Martin,Zapatero,2019,0.0,0
060811,Cajamarca,San Jose Del Alto,2019,0.0,0
010206,Amazonas,La Peca,2019,0.0,0
220401,San Martin,Saposoa,2019,0.0,0
060902,Cajamarca,Chirinos,2019,0.040808,1
220908,San Martin,Juan Guerra,2019,0.0,0
060904,Cajamarca,La Coipa,2019,0.06732,1
220808,San Martin,Yorongos,2019,0.0,0
120607,Junin,Rio Negro,2019,0.0,0
060812,Cajamarca,Santa Rosa,2019,0.0,0
250106,Ucayali,Nueva Requena,2019,0.0,0
220802,San Martin,Awajun,2019,0.34834,1
250302,Ucayali,Irazola,2019,0.0,0
010109,Amazonas,La Jalca,2019,0.47102,1
220906,San Martin,El Porvenir,2019,0.0,0
220707,San Martin,San Hilarion,2019,0.0,0
220806,San Martin,Posic,2019,0.0,0
220406,San Martin,Tingo De Saposoa,2019,0.0,0
100901,Huanuco,Puerto Inca,2019,0.107885,1
010105,Amazonas,Chiliquin,2019,0.0,0
220105,San Martin,Soritor,2019,0.0,0
220201,San Martin,Bellavista,2019,0.0,0
060803,Cajamarca,Chontali,2019,0.000274,1
100605,Huanuco,Luyando,2019,0.0,0
010307,Amazonas,Jazan,2019,0.0,0
010502,Amazonas,Camporredondo,2019,0.0,0
010515,Amazonas,Providencia,2019,0.218687,1
010102,Amazonas,Asuncion,2019,0.0,0
010510,Amazonas,Luya Viejo,2019,0.0,0
100601,Huanuco,Rupa-Rupa,2019,0.0,0
010514,Amazonas,Pisuquia,2019,0.134824,1
060810,Cajamarca,San Felipe,2019,0.083354,1
010305,Amazonas,Cuispes,2019,0.0,0
060905,Cajamarca,Namballe,2019,0.541075,1
010119,Amazonas,San Isidro De Maino,2019,0.399689,1
060801,Cajamarca,Jaen,2019,4.2e-05,1
010513,Amazonas,Ocumal,2019,0.123303,1
220912,San Martin,San Antonio,2019,0.48684,1
220903,San Martin,Cacatachi,2019,0.0,0
120602,Junin,Coviriali,2019,0.0,0
120304,Junin,San Luis De Shuaro,2019,0.0,0
120601,Junin,Satipo,2019,0.0,0
010203,Amazonas,Copallin,2019,0.089031,1
010112,Amazonas,Magdalena,2019,0.275769,1
220102,San Martin,Calzada,2019,0.0,0
060805,Cajamarca,Huabal,2019,0.0,0
010610,Amazonas,Santa Rosa,2019,0.0,0
220503,San Martin,Barranquita,2019,0.234862,1
220801,San Martin,Rioja,2019,0.120253,1
220703,San Martin,Caspisapa,2019,0.0,0
080904,Cusco,Maranura,2019,0.0,0
010117,Amazonas,Quinjalca,2019,0.0,0
250303,Ucayali,Curimana,2019,0.0,0
010308,Amazonas,Recta,2019,0.0,0
010115,Amazonas,Montevideo,2019,0.0,0
010114,Amazonas,Molinopampa,2019,0.252721,1
010503,Amazonas,Cocabamba,2019,0.139053,1
060809,Cajamarca,Sallique,2019,0.091403,1
010120,Amazonas,Soloco,2019,0.053287,1
010521,Amazonas,Santo Tomas,2019,0.0,0
100113,Huanuco,San Pablo De Pillao,2019,0.0,0
010602,Amazonas,Chirimoto,2019,0.0,0
100603,Huanuco,Hermilio Valdizan,2019,0.0,0
010111,Amazonas,Levanto,2019,0.405317,1
010518,Amazonas,San Jeronimo,2019,0.0,0
010609,Amazonas,Omia,2019,0.359048,1
100902,Huanuco,Codo Del Pozuzo,2019,0.0,0
010113,Amazonas,Mariscal Castilla,2019,0.011021,1
220101,San Martin,Moyobamba,2019,0.180379,1
010310,Amazonas,Shipasbamba,2019,0.0,0
100103,Huanuco,Chinchao,2019,0.0,0
010311,Amazonas,Valera,2019,0.016214,1
060907,Cajamarca,Tabaconas,2019,0.41059,1
160112,Loreto,Belen,2019,0.0,0
200307,Piura,Sondor,2019,0.172631,1
220803,San Martin,Elias Soplin Vargas,2019,0.415131,1
010506,Amazonas,Inguilpata,2019,0.02566,1
220506,San Martin,Pinto Recodo,2019,0.405655,1
120303,Junin,Pichanaqui,2019,0.106598,1
010202,Amazonas,Aramango,2019,0.002068,1
010606,Amazonas,Longar,2019,5.2e-05,1
160101,Loreto,Iquitos,2019,0.148529,1
010507,Amazonas,Longuita,2019,0.016174,1
221001,San Martin,Tocache,2019,0.032324,1
010511,Amazonas,Maria,2019,0.0,0
080901,Cusco,Santa Ana,2019,0.0,0
120302,Junin,Perene,2019,0.050018,1
050409,Ayacucho,Canayre,2019,0.0,0
221002,San Martin,Nuevo Progreso,2019,0.001566,1
200303,Piura,El Carmen De La Frontera,2019,0.376112,1
100609,Huanuco,Pueblo Nuevo,2019,0.0,0
080903,Cusco,Huayopata,2019,0.021561,1
010604,Amazonas,Huambo,2019,0.0,0
100505,Huanuco,Jircan,2019,0.0,0
010512,Amazonas,Ocalli,2019,0.0,0
010101,Amazonas,Chachapoyas,2019,0.04193,1
060903,Cajamarca,Huarango,2019,0.0,0
010116,Amazonas,Olleros,2019,0.034633,1
010605,Amazonas,Limabamba,2019,0.175305,1
100804,Huanuco,Umari,2019,0.062776,1
220504,San Martin,Caynarachi,2019,0.375236,1
080905,Cusco,Ocobamba,2019,0.000174,1
010517,Amazonas,San Francisco Del Yeso,2019,0.0,0
120609,Junin,Vizcatán Del Ene,2019,0.0,0
060807,Cajamarca,Pomahuaca,2019,0.000132,1
010304,Amazonas,Corosha,2019,0.235643,1
221005,San Martin,Uchiza,2019,0.059995,1
220807,San Martin,San Fernando,2019,0.0,0
050512,Ayacucho,Union Progreso,2019,0.0,0
060804,Cajamarca,Colasay,2019,0.0,0
160503,Loreto,Capelo,2019,0.0,0
220910,San Martin,Morales,2019,0.0,0
120604,Junin,Mazamari,2019,0.0,0
120603,Junin,Llaylla,2019,0.0,0
010520,Amazonas,Santa Catalina,2019,0.0,0
010603,Amazonas,Cochamal,2019,0.2495,1
120209,Junin,Mariscal Castilla,2019,0.0,0
010601,Amazonas,San Nicolas,2019,0.001512,1
010519,Amazonas,San Juan De Lopecancha,2019,0.0,0
160211,Loreto,Teniente Cesar Lopez Rojas,2019,0.0,0
080408,Cusco,Yanatile,2019,0.002679,1
050408,Ayacucho,Llochegua,2019,0.0,0
100507,Huanuco,Monzon,2019,0.0,0
081304,Cusco,Machupicchu,2019,0.905978,1
220909,San Martin,La Banda De Shilcayo,2019,0.543628,1
220103,San Martin,Habana,2019,0.0,0
100606,Huanuco,Mariano Damaso Beraun,2019,0.06402,1
010508,Amazonas,Lonya Chico,2019,0.0,0
170102,Madre De Dios,Inambari,2019,0.372804,1
050502,Ayacucho,Anco,2019,0.0,0
010523,Amazonas,Trita,2019,0.0,0
010516,Amazonas,San Cristobal,2019,0.0,0
080918,Cusco,Union Ashaninka,2019,0.07284,1
221006,San Martin,Santa Lucia,2019,0.0,0
100702,Huanuco,Cholon,2019,1e-06,1
211205,Puno,Phara,2019,0.0,0
170204,Madre De Dios,Huepetuhe,2019,0.362182,1
010302,Amazonas,Chisquilla,2019,0.003421,1
050507,Ayacucho,Santa Rosa,2019,0.0,0
220804,San Martin,Nueva Cajamarca,2019,0.40854,1
220809,San Martin,Yuracyacu,2019,0.0,0
160603,Loreto,Padre Marquez,2019,0.000835,1
010522,Amazonas,Tingo,2019,0.111164,1
080906,Cusco,Quellouno,2019,0.003448,1
010301,Amazonas,Jumbilla,2019,0.000704,1
080917,Cusco,Manitea,2019,0.0,0
250305,Ucayali,Alexander Von Humboldt,2020,0.0,0
220509,San Martin,Shanao,2020,0.0,0
250304,Ucayali,Neshuya,2020,0.0,0
220501,San Martin,Lamas,2020,0.0,0
220902,San Martin,Alberto Leveau,2020,0.0,0
250102,Ucayali,Campoverde,2020,0.0,0
220702,San Martin,Buenos Aires,2020,0.0,0
220502,San Martin,Alonso De Alvarado,2020,0.0,0
220404,San Martin,Piscoyacu,2020,0.0,0
220708,San Martin,Shamboyacu,2020,0.065954,1
220204,San Martin,Huallaga,2020,0.0,0
220605,San Martin,Pajarillo,2020,0.0,0
010703,Amazonas,Cumba,2020,0.0,0
220704,San Martin,Pilluana,2020,0.0,0
220104,San Martin,Jepelacio,2020,0.0,0
220505,San Martin,Cuñumbuqui,2020,0.0,0
220507,San Martin,Rumisapa,2020,0.0,0
220913,San Martin,Sauce,2020,0.0,0
010608,Amazonas,Milpuc,2020,0.0,0
220405,San Martin,Sacanche,2020,0.0,0
220709,San Martin,Tingo De Ponasa,2020,0.0,0
220304,San Martin,Santa Rosa,2020,0.0,0
100903,Huanuco,Honoria,2020,0.051579,1
220203,San Martin,Bajo Biavo,2020,0.000233,1
220710,San Martin,Tres Unidos,2020,0.080633,1
220510,San Martin,Tabalosos,2020,1.7e-05,1
100904,Huanuco,Tournavista,2020,0.058333,1
010701,Amazonas,Bagua Grande,2020,0.00081,1
220701,San Martin,Picota,2020,0.0,0
220403,San Martin,El Eslabon,2020,0.0,0
250105,Ucayali,Yarinacocha,2020,0.0,0
220914,San Martin,Shapaja,2020,0.215793,1
010707,Amazonas,Yamon,2020,0.000318,1
010705,Amazonas,Jamalca,2020,0.0,0
220205,San Martin,San Pablo,2020,0.0,0
220705,San Martin,Pucacaca,2020,0.0,0
220601,San Martin,Juanjui,2020,0.000525,1
100905,Huanuco,Yuyapichis,2020,0.080991,1
100608,Huanuco,Castillo Grande,2020,0.0,0
220302,San Martin,Agua Blanca,2020,0.0,0
250306,Ucayali,Huipoca,2020,0.0,0
010611,Amazonas,Totora,2020,0.0,0
010706,Amazonas,Lonya Grande,2020,7.2e-05,1
220706,San Martin,San Cristobal,2020,0.0,0
010303,Amazonas,Churuja,2020,0.314078,1
220301,San Martin,San Jose De Sisa,2020,0.0,0
010204,Amazonas,El Parco,2020,0.0,0
010306,Amazonas,Florida,2020,0.002006,1
220303,San Martin,San Martin,2020,0.0,0
220106,San Martin,Yantalo,2020,0.0,0
220305,San Martin,Shatoja,2020,0.0,0
010104,Amazonas,Cheto,2020,0.0,0
160201,Loreto,Yurimaguas,2020,4.2e-05,1
060901,Cajamarca,San Ignacio,2020,0.036734,1
220511,San Martin,Zapatero,2020,0.0,0
060811,Cajamarca,San Jose Del Alto,2020,0.0,0
010206,Amazonas,La Peca,2020,0.0,0
220401,San Martin,Saposoa,2020,0.0,0
060902,Cajamarca,Chirinos,2020,0.040808,1
220908,San Martin,Juan Guerra,2020,0.0,0
060904,Cajamarca,La Coipa,2020,0.06732,1
220808,San Martin,Yorongos,2020,0.0,0
120607,Junin,Rio Negro,2020,0.0,0
060812,Cajamarca,Santa Rosa,2020,0.0,0
250106,Ucayali,Nueva Requena,2020,0.0,0
220802,San Martin,Awajun,2020,0.34834,1
250302,Ucayali,Irazola,2020,0.0,0
010109,Amazonas,La Jalca,2020,0.47102,1
220906,San Martin,El Porvenir,2020,0.0,0
220707,San Martin,San Hilarion,2020,0.0,0
220806,San Martin,Posic,2020,0.0,0
220406,San Martin,Tingo De Saposoa,2020,0.0,0
100901,Huanuco,Puerto Inca,2020,0.107885,1
010105,Amazonas,Chiliquin,2020,0.0,0
220105,San Martin,Soritor,2020,0.0,0
220201,San Martin,Bellavista,2020,0.0,0
060803,Cajamarca,Chontali,2020,0.000274,1
100605,Huanuco,Luyando,2020,0.0,0
010307,Amazonas,Jazan,2020,0.0,0
010502,Amazonas,Camporredondo,2020,0.0,0
010515,Amazonas,Providencia,2020,0.218687,1
010102,Amazonas,Asuncion,2020,0.0,0
010510,Amazonas,Luya Viejo,2020,0.0,0
100601,Huanuco,Rupa-Rupa,2020,0.0,0
010514,Amazonas,Pisuquia,2020,0.134824,1
060810,Cajamarca,San Felipe,2020,0.083354,1
010305,Amazonas,Cuispes,2020,0.0,0
060905,Cajamarca,Namballe,2020,0.541075,1
010119,Amazonas,San Isidro De Maino,2020,0.399689,1
060801,Cajamarca,Jaen,2020,4.2e-05,1
010513,Amazonas,Ocumal,2020,0.123303,1
220912,San Martin,San Antonio,2020,0.48684,1
220903,San Martin,Cacatachi,2020,0.0,0
120602,Junin,Coviriali,2020,0.0,0
120304,Junin,San Luis De Shuaro,2020,0.0,0
120601,Junin,Satipo,2020,0.0,0
010203,Amazonas,Copallin,2020,0.089031,1
010112,Amazonas,Magdalena,2020,0.275769,1
220102,San Martin,Calzada,2020,0.0,0
060805,Cajamarca,Huabal,2020,0.0,0
010610,Amazonas,Santa Rosa,2020,0.0,0
220503,San Martin,Barranquita,2020,0.234862,1
220801,San Martin,Rioja,2020,0.120253,1
220703,San Martin,Caspisapa,2020,0.0,0
080904,Cusco,Maranura,2020,0.0,0
010117,Amazonas,Quinjalca,2020,0.0,0
250303,Ucayali,Curimana,2020,0.0,0
010308,Amazonas,Recta,2020,0.0,0
010115,Amazonas,Montevideo,2020,0.0,0
010114,Amazonas,Molinopampa,2020,0.252721,1
010503,Amazonas,Cocabamba,2020,0.139053,1
060809,Cajamarca,Sallique,2020,0.091403,1
010120,Amazonas,Soloco,2020,0.053287,1
010521,Amazonas,Santo Tomas,2020,0.0,0
100113,Huanuco,San Pablo De Pillao,2020,0.0,0
010602,Amazonas,Chirimoto,2020,0.0,0
100603,Huanuco,Hermilio Valdizan,2020,0.0,0
010111,Amazonas,Levanto,2020,0.405317,1
010518,Amazonas,San Jeronimo,2020,0.0,0
010609,Amazonas,Omia,2020,0.359048,1
100902,Huanuco,Codo Del Pozuzo,2020,0.0,0
010113,Amazonas,Mariscal Castilla,2020,0.011021,1
220101,San Martin,Moyobamba,2020,0.180379,1
010310,Amazonas,Shipasbamba,2020,0.0,0
100103,Huanuco,Chinchao,2020,0.512323,1
010311,Amazonas,Valera,2020,0.016214,1
060907,Cajamarca,Tabaconas,2020,0.41059,1
160112,Loreto,Belen,2020,0.0,0
200307,Piura,Sondor,2020,0.172631,1
220803,San Martin,Elias Soplin Vargas,2020,0.415131,1
010506,Amazonas,Inguilpata,2020,0.02566,1
220506,San Martin,Pinto Recodo,2020,0.405655,1
120303,Junin,Pichanaqui,2020,0.106598,1
010202,Amazonas,Aramango,2020,0.002068,1
010606,Amazonas,Longar,2020,5.2e-05,1
160101,Loreto,Iquitos,2020,0.148529,1
010507,Amazonas,Longuita,2020,0.016174,1
221001,San Martin,Tocache,2020,0.032324,1
010511,Amazonas,Maria,2020,0.0,0
080901,Cusco,Santa Ana,2020,0.0,0
120302,Junin,Perene,2020,0.050018,1
050409,Ayacucho,Canayre,2020,0.0,0
221002,San Martin,Nuevo Progreso,2020,0.001566,1
200303,Piura,El Carmen De La Frontera,2020,0.376112,1
100609,Huanuco,Pueblo Nuevo,2020,0.0,0
080903,Cusco,Huayopata,2020,0.021561,1
010604,Amazonas,Huambo,2020,0.0,0
100505,Huanuco,Jircan,2020,0.0,0
010512,Amazonas,Ocalli,2020,0.0,0
010101,Amazonas,Chachapoyas,2020,0.04193,1
060903,Cajamarca,Huarango,2020,0.0,0
010116,Amazonas,Olleros,2020,0.034633,1
010605,Amazonas,Limabamba,2020,0.175305,1
100804,Huanuco,Umari,2020,0.062776,1
220504,San Martin,Caynarachi,2020,0.375236,1
080905,Cusco,Ocobamba,2020,0.000174,1
010517,Amazonas,San Francisco Del Yeso,2020,0.0,0
120609,Junin,Vizcatán Del Ene,2020,0.0,0
060807,Cajamarca,Pomahuaca,2020,0.000132,1
010304,Amazonas,Corosha,2020,0.235643,1
221005,San Martin,Uchiza,2020,0.059995,1
220807,San Martin,San Fernando,2020,0.0,0
050512,Ayacucho,Union Progreso,2020,0.0,0
060804,Cajamarca,Colasay,2020,0.0,0
160503,Loreto,Capelo,2020,0.0,0
220910,San Martin,Morales,2020,0.0,0
120604,Junin,Mazamari,2020,0.0,0
120603,Junin,Llaylla,2020,0.0,0
010520,Amazonas,Santa Catalina,2020,0.0,0
010603,Amazonas,Cochamal,2020,0.2495,1
120209,Junin,Mariscal Castilla,2020,0.0,0
010601,Amazonas,San Nicolas,2020,0.001512,1
010519,Amazonas,San Juan De Lopecancha,2020,0.0,0
160211,Loreto,Teniente Cesar Lopez Rojas,2020,0.0,0
080408,Cusco,Yanatile,2020,0.002679,1
050408,Ayacucho,Llochegua,2020,0.0,0
100507,Huanuco,Monzon,2020,0.019657,1
081304,Cusco,Machupicchu,2020,0.905978,1
220909,San Martin,La Banda De Shilcayo,2020,0.543628,1
220103,San Martin,Habana,2020,0.0,0
100606,Huanuco,Mariano Damaso Beraun,2020,0.151166,1
010508,Amazonas,Lonya Chico,2020,0.0,0
170102,Madre De Dios,Inambari,2020,0.372804,1
050502,Ayacucho,Anco,2020,0.0,0
010523,Amazonas,Trita,2020,0.0,0
010516,Amazonas,San Cristobal,2020,0.0,0
080918,Cusco,Union Ashaninka,2020,0.07284,1
221006,San Martin,Santa Lucia,2020,0.0,0
100702,Huanuco,Cholon,2020,1e-06,1
211205,Puno,Phara,2020,0.0,0
170204,Madre De Dios,Huepetuhe,2020,0.362182,1
010302,Amazonas,Chisquilla,2020,0.003421,1
050507,Ayacucho,Santa Rosa,2020,0.0,0
220804,San Martin,Nueva Cajamarca,2020,0.40854,1
220809,San Martin,Yuracyacu,2020,0.0,0
160603,Loreto,Padre Marquez,2020,0.000835,1
010522,Amazonas,Tingo,2020,0.111164,1
080906,Cusco,Quellouno,2020,0.003448,1
010301,Amazonas,Jumbilla,2020,0.000704,1
080917,Cusco,Manitea,2020,0.0,0
250305,Ucayali,Alexander Von Humboldt,2021,0.0,0
220509,San Martin,Shanao,2021,0.0,0
250304,Ucayali,Neshuya,2021,0.0,0
220501,San Martin,Lamas,2021,0.0,0
220902,San Martin,Alberto Leveau,2021,0.0,0
250102,Ucayali,Campoverde,2021,0.0,0
220702,San Martin,Buenos Aires,2021,0.0,0
220502,San Martin,Alonso De Alvarado,2021,0.0,0
220404,San Martin,Piscoyacu,2021,0.0,0
220708,San Martin,Shamboyacu,2021,0.065954,1
220204,San Martin,Huallaga,2021,0.0,0
220605,San Martin,Pajarillo,2021,0.0,0
010703,Amazonas,Cumba,2021,0.0,0
220704,San Martin,Pilluana,2021,0.0,0
220104,San Martin,Jepelacio,2021,0.0,0
220505,San Martin,Cuñumbuqui,2021,0.0,0
220507,San Martin,Rumisapa,2021,0.0,0
220913,San Martin,Sauce,2021,0.0,0
010608,Amazonas,Milpuc,2021,0.0,0
220405,San Martin,Sacanche,2021,0.0,0
220709,San Martin,Tingo De Ponasa,2021,0.0,0
220304,San Martin,Santa Rosa,2021,0.0,0
100903,Huanuco,Honoria,2021,0.051579,1
220203,San Martin,Bajo Biavo,2021,0.000233,1
220710,San Martin,Tres Unidos,2021,0.080633,1
220510,San Martin,Tabalosos,2021,1.7e-05,1
100904,Huanuco,Tournavista,2021,0.058333,1
010701,Amazonas,Bagua Grande,2021,0.00081,1
220701,San Martin,Picota,2021,0.0,0
220403,San Martin,El Eslabon,2021,0.0,0
250105,Ucayali,Yarinacocha,2021,0.0,0
220914,San Martin,Shapaja,2021,0.215793,1
010707,Amazonas,Yamon,2021,0.000318,1
010705,Amazonas,Jamalca,2021,0.0,0
220205,San Martin,San Pablo,2021,0.0,0
220705,San Martin,Pucacaca,2021,0.0,0
220601,San Martin,Juanjui,2021,0.000525,1
100905,Huanuco,Yuyapichis,2021,0.080991,1
100608,Huanuco,Castillo Grande,2021,0.0,0
220302,San Martin,Agua Blanca,2021,0.0,0
250306,Ucayali,Huipoca,2021,0.0,0
010611,Amazonas,Totora,2021,0.0,0
010706,Amazonas,Lonya Grande,2021,7.2e-05,1
220706,San Martin,San Cristobal,2021,0.0,0
010303,Amazonas,Churuja,2021,0.314078,1
220301,San Martin,San Jose De Sisa,2021,0.0,0
010204,Amazonas,El Parco,2021,0.0,0
010306,Amazonas,Florida,2021,0.009461,1
220303,San Martin,San Martin,2021,0.0,0
220106,San Martin,Yantalo,2021,0.0,0
220305,San Martin,Shatoja,2021,0.0,0
010104,Amazonas,Cheto,2021,0.0,0
160201,Loreto,Yurimaguas,2021,4.2e-05,1
060901,Cajamarca,San Ignacio,2021,0.036734,1
220511,San Martin,Zapatero,2021,0.0,0
060811,Cajamarca,San Jose Del Alto,2021,0.144431,1
010206,Amazonas,La Peca,2021,0.0,0
220401,San Martin,Saposoa,2021,0.0,0
060902,Cajamarca,Chirinos,2021,0.040808,1
220908,San Martin,Juan Guerra,2021,0.0,0
060904,Cajamarca,La Coipa,2021,0.06732,1
220808,San Martin,Yorongos,2021,0.0,0
120607,Junin,Rio Negro,2021,0.0,0
060812,Cajamarca,Santa Rosa,2021,0.0,0
250106,Ucayali,Nueva Requena,2021,0.0,0
220802,San Martin,Awajun,2021,0.34834,1
250302,Ucayali,Irazola,2021,0.0,0
010109,Amazonas,La Jalca,2021,0.47102,1
220906,San Martin,El Porvenir,2021,0.0,0
220707,San Martin,San Hilarion,2021,0.0,0
220806,San Martin,Posic,2021,0.0,0
220406,San Martin,Tingo De Saposoa,2021,0.0,0
100901,Huanuco,Puerto Inca,2021,0.107885,1
010105,Amazonas,Chiliquin,2021,0.0,0
220105,San Martin,Soritor,2021,0.0,0
220201,San Martin,Bellavista,2021,0.0,0
060803,Cajamarca,Chontali,2021,0.262256,1
100605,Huanuco,Luyando,2021,0.0,0
010307,Amazonas,Jazan,2021,0.0,0
010502,Amazonas,Camporredondo,2021,0.0,0
010515,Amazonas,Providencia,2021,0.218687,1
010102,Amazonas,Asuncion,2021,0.0,0
010510,Amazonas,Luya Viejo,2021,0.0,0
100601,Huanuco,Rupa-Rupa,2021,0.0,0
010514,Amazonas,Pisuquia,2021,0.134824,1
060810,Cajamarca,San Felipe,2021,0.083354,1
010305,Amazonas,Cuispes,2021,0.0,0
060905,Cajamarca,Namballe,2021,0.541075,1
010119,Amazonas,San Isidro De Maino,2021,0.399689,1
060801,Cajamarca,Jaen,2021,4.2e-05,1
010513,Amazonas,Ocumal,2021,0.123303,1
220912,San Martin,San Antonio,2021,0.48684,1
220903,San Martin,Cacatachi,2021,0.0,0
120602,Junin,Coviriali,2021,0.0,0
120304,Junin,San Luis De Shuaro,2021,0.0,0
120601,Junin,Satipo,2021,0.0,0
010203,Amazonas,Copallin,2021,0.089031,1
010112,Amazonas,Magdalena,2021,0.275769,1
220102,San Martin,Calzada,2021,0.0,0
060805,Cajamarca,Huabal,2021,0.0,0
010610,Amazonas,Santa Rosa,2021,0.0,0
220503,San Martin,Barranquita,2021,0.234862,1
220801,San Martin,Rioja,2021,0.120253,1
220703,San Martin,Caspisapa,2021,0.0,0
080904,Cusco,Maranura,2021,0.0,0
010117,Amazonas,Quinjalca,2021,0.0,0
250303,Ucayali,Curimana,2021,0.0,0
010308,Amazonas,Recta,2021,0.0,0
010115,Amazonas,Montevideo,2021,0.0,0
010114,Amazonas,Molinopampa,2021,0.252721,1
010503,Amazonas,Cocabamba,2021,0.139053,1
060809,Cajamarca,Sallique,2021,0.255554,1
010120,Amazonas,Soloco,2021,0.053287,1
010521,Amazonas,Santo Tomas,2021,0.0,0
100113,Huanuco,San Pablo De Pillao,2021,0.0,0
010602,Amazonas,Chirimoto,2021,0.0,0
100603,Huanuco,Hermilio Valdizan,2021,0.0,0
010111,Amazonas,Levanto,2021,0.405317,1
010518,Amazonas,San Jeronimo,2021,0.0,0
010609,Amazonas,Omia,2021,0.359048,1
100902,Huanuco,Codo Del Pozuzo,2021,0.032451,1
010113,Amazonas,Mariscal Castilla,2021,0.011021,1
220101,San Martin,Moyobamba,2021,0.180379,1
010310,Amazonas,Shipasbamba,2021,0.0,0
100103,Huanuco,Chinchao,2021,0.512323,1
010311,Amazonas,Valera,2021,0.016214,1
060907,Cajamarca,Tabaconas,2021,0.490008,1
160112,Loreto,Belen,2021,0.0,0
200307,Piura,Sondor,2021,0.172631,1
220803,San Martin,Elias Soplin Vargas,2021,0.415131,1
010506,Amazonas,Inguilpata,2021,0.02566,1
220506,San Martin,Pinto Recodo,2021,0.405655,1
120303,Junin,Pichanaqui,2021,0.106598,1
010202,Amazonas,Aramango,2021,0.002068,1
010606,Amazonas,Longar,2021,5.2e-05,1
160101,Loreto,Iquitos,2021,0.148529,1
010507,Amazonas,Longuita,2021,0.016174,1
221001,San Martin,Tocache,2021,0.032324,1
010511,Amazonas,Maria,2021,0.0,0
080901,Cusco,Santa Ana,2021,0.194846,1
120302,Junin,Perene,2021,0.050018,1
050409,Ayacucho,Canayre,2021,0.0,0
221002,San Martin,Nuevo Progreso,2021,0.001566,1
200303,Piura,El Carmen De La Frontera,2021,0.376112,1
100609,Huanuco,Pueblo Nuevo,2021,0.0,0
080903,Cusco,Huayopata,2021,0.021561,1
010604,Amazonas,Huambo,2021,0.0,0
100505,Huanuco,Jircan,2021,0.0,0
010512,Amazonas,Ocalli,2021,0.0,0
010101,Amazonas,Chachapoyas,2021,0.04193,1
060903,Cajamarca,Huarango,2021,0.0,0
010116,Amazonas,Olleros,2021,0.034633,1
010605,Amazonas,Limabamba,2021,0.175305,1
100804,Huanuco,Umari,2021,0.062776,1
220504,San Martin,Caynarachi,2021,0.375236,1
080905,Cusco,Ocobamba,2021,0.000174,1
010517,Amazonas,San Francisco Del Yeso,2021,0.0,0
120609,Junin,Vizcatán Del Ene,2021,0.0,0
060807,Cajamarca,Pomahuaca,2021,0.000132,1
010304,Amazonas,Corosha,2021,0.235643,1
221005,San Martin,Uchiza,2021,0.059995,1
220807,San Martin,San Fernando,2021,0.0,0
050512,Ayacucho,Union Progreso,2021,0.0,0
060804,Cajamarca,Colasay,2021,0.0,0
160503,Loreto,Capelo,2021,0.0,0
220910,San Martin,Morales,2021,0.0,0
120604,Junin,Mazamari,2021,0.0,0
120603,Junin,Llaylla,2021,0.010881,1
010520,Amazonas,Santa Catalina,2021,0.0,0
010603,Amazonas,Cochamal,2021,0.2495,1
120209,Junin,Mariscal Castilla,2021,0.0,0
010601,Amazonas,San Nicolas,2021,0.001512,1
010519,Amazonas,San Juan De Lopecancha,2021,0.0,0
160211,Loreto,Teniente Cesar Lopez Rojas,2021,0.0,0
080408,Cusco,Yanatile,2021,0.002679,1
050408,Ayacucho,Llochegua,2021,0.0,0
100507,Huanuco,Monzon,2021,0.019657,1
081304,Cusco,Machupicchu,2021,0.905978,1
220909,San Martin,La Banda De Shilcayo,2021,0.543628,1
220103,San Martin,Habana,2021,0.0,0
100606,Huanuco,Mariano Damaso Beraun,2021,0.151166,1
010508,Amazonas,Lonya Chico,2021,0.0,0
170102,Madre De Dios,Inambari,2021,0.372804,1
050502,Ayacucho,Anco,2021,0.0,0
010523,Amazonas,Trita,2021,0.0,0
010516,Amazonas,San Cristobal,2021,0.0,0
080918,Cusco,Union Ashaninka,2021,0.07284,1
221006,San Martin,Santa Lucia,2021,0.0,0
100702,Huanuco,Cholon,2021,1e-06,1
211205,Puno,Phara,2021,0.0,0
170204,Madre De Dios,Huepetuhe,2021,0.362182,1
010302,Amazonas,Chisquilla,2021,0.003421,1
050507,Ayacucho,Santa Rosa,2021,0.0,0
220804,San Martin,Nueva Cajamarca,2021,0.40854,1
220809,San Martin,Yuracyacu,2021,0.0,0
160603,Loreto,Padre Marquez,2021,0.000835,1
010522,Amazonas,Tingo,2021,0.111164,1
080906,Cusco,Quellouno,2021,0.003448,1
010301,Amazonas,Jumbilla,2021,0.000704,1
080917,Cusco,Manitea,2021,0.0,0
250305,Ucayali,Alexander Von Humboldt,2022,0.0,0
220509,San Martin,Shanao,2022,0.0,0
250304,Ucayali,Neshuya,2022,0.0,0
220501,San Martin,Lamas,2022,0.0,0
220902,San Martin,Alberto Leveau,2022,0.0,0
250102,Ucayali,Campoverde,2022,0.002331,1
220702,San Martin,Buenos Aires,2022,0.0,0
220502,San Martin,Alonso De Alvarado,2022,0.0,0
220404,San Martin,Piscoyacu,2022,0.0,0
220708,San Martin,Shamboyacu,2022,0.065954,1
220204,San Martin,Huallaga,2022,0.0,0
220605,San Martin,Pajarillo,2022,0.0,0
010703,Amazonas,Cumba,2022,0.0,0
220704,San Martin,Pilluana,2022,0.0,0
220104,San Martin,Jepelacio,2022,0.0,0
220505,San Martin,Cuñumbuqui,2022,0.0,0
220507,San Martin,Rumisapa,2022,0.0,0
220913,San Martin,Sauce,2022,0.0,0
010608,Amazonas,Milpuc,2022,0.0,0
220405,San Martin,Sacanche,2022,0.0,0
220709,San Martin,Tingo De Ponasa,2022,0.0,0
220304,San Martin,Santa Rosa,2022,0.0,0
100903,Huanuco,Honoria,2022,0.079065,1
220203,San Martin,Bajo Biavo,2022,0.000233,1
220710,San Martin,Tres Unidos,2022,0.080633,1
220510,San Martin,Tabalosos,2022,1.7e-05,1
100904,Huanuco,Tournavista,2022,0.058333,1
010701,Amazonas,Bagua Grande,2022,0.00081,1
220701,San Martin,Picota,2022,0.0,0
220403,San Martin,El Eslabon,2022,0.0,0
250105,Ucayali,Yarinacocha,2022,0.0,0
220914,San Martin,Shapaja,2022,0.215793,1
010707,Amazonas,Yamon,2022,0.000318,1
010705,Amazonas,Jamalca,2022,0.0,0
220205,San Martin,San Pablo,2022,0.0,0
220705,San Martin,Pucacaca,2022,0.0,0
220601,San Martin,Juanjui,2022,0.000525,1
100905,Huanuco,Yuyapichis,2022,0.080991,1
100608,Huanuco,Castillo Grande,2022,0.0,0
220302,San Martin,Agua Blanca,2022,0.0,0
250306,Ucayali,Huipoca,2022,0.0,0
010611,Amazonas,Totora,2022,0.0,0
010706,Amazonas,Lonya Grande,2022,7.2e-05,1
220706,San Martin,San Cristobal,2022,0.0,0
010303,Amazonas,Churuja,2022,0.314078,1
220301,San Martin,San Jose De Sisa,2022,0.0,0
010204,Amazonas,El Parco,2022,0.0,0
010306,Amazonas,Florida,2022,0.009461,1
220303,San Martin,San Martin,2022,0.0,0
220106,San Martin,Yantalo,2022,0.0,0
220305,San Martin,Shatoja,2022,0.0,0
010104,Amazonas,Cheto,2022,0.0,0
160201,Loreto,Yurimaguas,2022,4.2e-05,1
060901,Cajamarca,San Ignacio,2022,0.036734,1
220511,San Martin,Zapatero,2022,0.0,0
060811,Cajamarca,San Jose Del Alto,2022,0.144431,1
010206,Amazonas,La Peca,2022,0.0,0
220401,San Martin,Saposoa,2022,0.0,0
060902,Cajamarca,Chirinos,2022,0.040808,1
220908,San Martin,Juan Guerra,2022,0.0,0
060904,Cajamarca,La Coipa,2022,0.06732,1
220808,San Martin,Yorongos,2022,0.0,0
120607,Junin,Rio Negro,2022,0.0,0
060812,Cajamarca,Santa Rosa,2022,0.0,0
250106,Ucayali,Nueva Requena,2022,0.0,0
220802,San Martin,Awajun,2022,0.34834,1
250302,Ucayali,Irazola,2022,0.0,0
010109,Amazonas,La Jalca,2022,0.47102,1
220906,San Martin,El Porvenir,2022,0.0,0
220707,San Martin,San Hilarion,2022,0.0,0
220806,San Martin,Posic,2022,0.0,0
220406,San Martin,Tingo De Saposoa,2022,0.0,0
100901,Huanuco,Puerto Inca,2022,0.107885,1
010105,Amazonas,Chiliquin,2022,0.0,0
220105,San Martin,Soritor,2022,0.0,0
220201,San Martin,Bellavista,2022,0.0,0
060803,Cajamarca,Chontali,2022,0.262256,1
100605,Huanuco,Luyando,2022,0.0,0
010307,Amazonas,Jazan,2022,0.0,0
010502,Amazonas,Camporredondo,2022,0.0,0
010515,Amazonas,Providencia,2022,0.218687,1
010102,Amazonas,Asuncion,2022,0.0,0
010510,Amazonas,Luya Viejo,2022,0.0,0
100601,Huanuco,Rupa-Rupa,2022,0.0,0
010514,Amazonas,Pisuquia,2022,0.134824,1
060810,Cajamarca,San Felipe,2022,0.083354,1
010305,Amazonas,Cuispes,2022,0.0,0
060905,Cajamarca,Namballe,2022,0.541075,1
010119,Amazonas,San Isidro De Maino,2022,0.399689,1
060801,Cajamarca,Jaen,2022,4.2e-05,1
010513,Amazonas,Ocumal,2022,0.123303,1
220912,San Martin,San Antonio,2022,0.48684,1
220903,San Martin,Cacatachi,2022,0.0,0
120602,Junin,Coviriali,2022,0.0,0
120304,Junin,San Luis De Shuaro,2022,0.0,0
120601,Junin,Satipo,2022,0.0,0
010203,Amazonas,Copallin,2022,0.089031,1
010112,Amazonas,Magdalena,2022,0.275769,1
220102,San Martin,Calzada,2022,0.0,0
060805,Cajamarca,Huabal,2022,0.0,0
010610,Amazonas,Santa Rosa,2022,0.0,0
220503,San Martin,Barranquita,2022,0.234862,1
220801,San Martin,Rioja,2022,0.120253,1
220703,San Martin,Caspisapa,2022,0.0,0
080904,Cusco,Maranura,2022,0.0,0
010117,Amazonas,Quinjalca,2022,0.0,0
250303,Ucayali,Curimana,2022,0.0,0
010308,Amazonas,Recta,2022,0.0,0
010115,Amazonas,Montevideo,2022,0.0,0
010114,Amazonas,Molinopampa,2022,0.252721,1
010503,Amazonas,Cocabamba,2022,0.139053,1
060809,Cajamarca,Sallique,2022,0.255554,1
010120,Amazonas,Soloco,2022,0.053287,1
010521,Amazonas,Santo Tomas,2022,0.0,0
100113,Huanuco,San Pablo De Pillao,2022,0.0,0
010602,Amazonas,Chirimoto,2022,0.0,0
100603,Huanuco,Hermilio Valdizan,2022,0.0,0
010111,Amazonas,Levanto,2022,0.405317,1
010518,Amazonas,San Jeronimo,2022,0.0,0
010609,Amazonas,Omia,2022,0.359048,1
100902,Huanuco,Codo Del Pozuzo,2022,0.032451,1
010113,Amazonas,Mariscal Castilla,2022,0.011021,1
220101,San Martin,Moyobamba,2022,0.180622,1
010310,Amazonas,Shipasbamba,2022,0.0,0
100103,Huanuco,Chinchao,2022,0.512323,1
010311,Amazonas,Valera,2022,0.016214,1
060907,Cajamarca,Tabaconas,2022,0.490008,1
160112,Loreto,Belen,2022,0.0,0
200307,Piura,Sondor,2022,0.172631,1
220803,San Martin,Elias Soplin Vargas,2022,0.415131,1
010506,Amazonas,Inguilpata,2022,0.02566,1
220506,San Martin,Pinto Recodo,2022,0.405655,1
120303,Junin,Pichanaqui,2022,0.106598,1
010202,Amazonas,Aramango,2022,0.002068,1
010606,Amazonas,Longar,2022,5.2e-05,1
160101,Loreto,Iquitos,2022,0.148529,1
010507,Amazonas,Longuita,2022,0.016174,1
221001,San Martin,Tocache,2022,0.032324,1
010511,Amazonas,Maria,2022,0.0,0
080901,Cusco,Santa Ana,2022,0.194846,1
120302,Junin,Perene,2022,0.050018,1
050409,Ayacucho,Canayre,2022,0.0,0
221002,San Martin,Nuevo Progreso,2022,0.001566,1
200303,Piura,El Carmen De La Frontera,2022,0.376112,1
100609,Huanuco,Pueblo Nuevo,2022,0.0,0
080903,Cusco,Huayopata,2022,0.021561,1
010604,Amazonas,Huambo,2022,0.0,0
100505,Huanuco,Jircan,2022,0.0,0
010512,Amazonas,Ocalli,2022,0.0,0
010101,Amazonas,Chachapoyas,2022,0.04193,1
060903,Cajamarca,Huarango,2022,0.0,0
010116,Amazonas,Olleros,2022,0.034633,1
010605,Amazonas,Limabamba,2022,0.175305,1
100804,Huanuco,Umari,2022,0.062776,1
220504,San Martin,Caynarachi,2022,0.375236,1
080905,Cusco,Ocobamba,2022,0.000174,1
010517,Amazonas,San Francisco Del Yeso,2022,0.0,0
120609,Junin,Vizcatán Del Ene,2022,0.0,0
060807,Cajamarca,Pomahuaca,2022,0.000132,1
010304,Amazonas,Corosha,2022,0.235643,1
221005,San Martin,Uchiza,2022,0.059995,1
220807,San Martin,San Fernando,2022,0.0,0
050512,Ayacucho,Union Progreso,2022,0.0,0
060804,Cajamarca,Colasay,2022,0.0,0
160503,Loreto,Capelo,2022,0.0,0
220910,San Martin,Morales,2022,0.0,0
120604,Junin,Mazamari,2022,0.0,0
120603,Junin,Llaylla,2022,0.010881,1
010520,Amazonas,Santa Catalina,2022,0.0,0
010603,Amazonas,Cochamal,2022,0.2495,1
120209,Junin,Mariscal Castilla,2022,0.0,0
010601,Amazonas,San Nicolas,2022,0.001512,1
010519,Amazonas,San Juan De Lopecancha,2022,0.0,0
160211,Loreto,Teniente Cesar Lopez Rojas,2022,0.0,0
080408,Cusco,Yanatile,2022,0.002679,1
050408,Ayacucho,Llochegua,2022,0.0,0
100507,Huanuco,Monzon,2022,0.019657,1
081304,Cusco,Machupicchu,2022,0.905978,1
220909,San Martin,La Banda De Shilcayo,2022,0.543628,1
220103,San Martin,Habana,2022,0.0,0
100606,Huanuco,Mariano Damaso Beraun,2022,0.151166,1
010508,Amazonas,Lonya Chico,2022,0.0,0
170102,Madre De Dios,Inambari,2022,0.372804,1
050502,Ayacucho,Anco,2022,0.0,0
010523,Amazonas,Trita,2022,0.0,0
010516,Amazonas,San Cristobal,2022,0.0,0
080918,Cusco,Union Ashaninka,2022,0.07284,1
221006,San Martin,Santa Lucia,2022,0.0,0
100702,Huanuco,Cholon,2022,1e-06,1
211205,Puno,Phara,2022,0.0,0
170204,Madre De Dios,Huepetuhe,2022,0.362182,1
010302,Amazonas,Chisquilla,2022,0.003421,1
050507,Ayacucho,Santa Rosa,2022,0.0,0
220804,San Martin,Nueva Cajamarca,2022,0.40854,1
220809,San Martin,Yuracyacu,2022,0.0,0
160603,Loreto,Padre Marquez,2022,0.000835,1
010522,Amazonas,Tingo,2022,0.111164,1
080906,Cusco,Quellouno,2022,0.003448,1
010301,Amazonas,Jumbilla,2022,0.000704,1
080917,Cusco,Manitea,2022,0.0,0
250305,Ucayali,Alexander Von Humboldt,2023,0.0,0
220509,San Martin,Shanao,2023,0.0,0
250304,Ucayali,Neshuya,2023,0.0,0
220501,San Martin,Lamas,2023,0.0,0
220902,San Martin,Alberto Leveau,2023,0.0,0
250102,Ucayali,Campoverde,2023,0.002331,1
220702,San Martin,Buenos Aires,2023,0.0,0
220502,San Martin,Alonso De Alvarado,2023,0.0,0
220404,San Martin,Piscoyacu,2023,0.0,0
220708,San Martin,Shamboyacu,2023,0.065954,1
220204,San Martin,Huallaga,2023,0.0,0
220605,San Martin,Pajarillo,2023,0.0,0
010703,Amazonas,Cumba,2023,0.0,0
220704,San Martin,Pilluana,2023,0.0,0
220104,San Martin,Jepelacio,2023,0.0,0
220505,San Martin,Cuñumbuqui,2023,0.0,0
220507,San Martin,Rumisapa,2023,0.0,0
220913,San Martin,Sauce,2023,0.0,0
010608,Amazonas,Milpuc,2023,0.0,0
220405,San Martin,Sacanche,2023,0.0,0
220709,San Martin,Tingo De Ponasa,2023,0.0,0
220304,San Martin,Santa Rosa,2023,0.0,0
100903,Huanuco,Honoria,2023,0.079065,1
220203,San Martin,Bajo Biavo,2023,0.000233,1
220710,San Martin,Tres Unidos,2023,0.080633,1
220510,San Martin,Tabalosos,2023,1.7e-05,1
100904,Huanuco,Tournavista,2023,0.058333,1
010701,Amazonas,Bagua Grande,2023,0.00081,1
220701,San Martin,Picota,2023,0.0,0
220403,San Martin,El Eslabon,2023,0.0,0
250105,Ucayali,Yarinacocha,2023,0.0,0
220914,San Martin,Shapaja,2023,0.215793,1
010707,Amazonas,Yamon,2023,0.000318,1
010705,Amazonas,Jamalca,2023,0.0,0
220205,San Martin,San Pablo,2023,0.0,0
220705,San Martin,Pucacaca,2023,0.0,0
220601,San Martin,Juanjui,2023,0.000525,1
100905,Huanuco,Yuyapichis,2023,0.080991,1
100608,Huanuco,Castillo Grande,2023,0.0,0
220302,San Martin,Agua Blanca,2023,0.0,0
250306,Ucayali,Huipoca,2023,0.0,0
010611,Amazonas,Totora,2023,0.0,0
010706,Amazonas,Lonya Grande,2023,7.2e-05,1
220706,San Martin,San Cristobal,2023,0.0,0
010303,Amazonas,Churuja,2023,0.314078,1
220301,San Martin,San Jose De Sisa,2023,0.0,0
010204,Amazonas,El Parco,2023,0.0,0
010306,Amazonas,Florida,2023,0.009461,1
220303,San Martin,San Martin,2023,0.0,0
220106,San Martin,Yantalo,2023,0.0,0
220305,San Martin,Shatoja,2023,0.0,0
010104,Amazonas,Cheto,2023,0.0,0
160201,Loreto,Yurimaguas,2023,4.2e-05,1
060901,Cajamarca,San Ignacio,2023,0.036734,1
220511,San Martin,Zapatero,2023,0.0,0
060811,Cajamarca,San Jose Del Alto,2023,0.144431,1
010206,Amazonas,La Peca,2023,0.0,0
220401,San Martin,Saposoa,2023,0.0,0
060902,Cajamarca,Chirinos,2023,0.040808,1
220908,San Martin,Juan Guerra,2023,0.0,0
060904,Cajamarca,La Coipa,2023,0.06732,1
220808,San Martin,Yorongos,2023,0.0,0
120607,Junin,Rio Negro,2023,0.0,0
060812,Cajamarca,Santa Rosa,2023,0.0,0
250106,Ucayali,Nueva Requena,2023,0.0,0
220802,San Martin,Awajun,2023,0.34834,1
250302,Ucayali,Irazola,2023,0.0,0
010109,Amazonas,La Jalca,2023,0.47102,1
220906,San Martin,El Porvenir,2023,0.0,0
220707,San Martin,San Hilarion,2023,0.0,0
220806,San Martin,Posic,2023,0.0,0
220406,San Martin,Tingo De Saposoa,2023,0.0,0
100901,Huanuco,Puerto Inca,2023,0.107885,1
010105,Amazonas,Chiliquin,2023,0.0,0
220105,San Martin,Soritor,2023,0.0,0
220201,San Martin,Bellavista,2023,0.0,0
060803,Cajamarca,Chontali,2023,0.262256,1
100605,Huanuco,Luyando,2023,0.0,0
010307,Amazonas,Jazan,2023,0.0,0
010502,Amazonas,Camporredondo,2023,0.0,0
010515,Amazonas,Providencia,2023,0.218687,1
010102,Amazonas,Asuncion,2023,0.0,0
010510,Amazonas,Luya Viejo,2023,0.0,0
100601,Huanuco,Rupa-Rupa,2023,0.0,0
010514,Amazonas,Pisuquia,2023,0.134824,1
060810,Cajamarca,San Felipe,2023,0.083354,1
010305,Amazonas,Cuispes,2023,0.0,0
060905,Cajamarca,Namballe,2023,0.541075,1
010119,Amazonas,San Isidro De Maino,2023,0.399689,1
060801,Cajamarca,Jaen,2023,4.2e-05,1
010513,Amazonas,Ocumal,2023,0.123303,1
220912,San Martin,San Antonio,2023,0.48684,1
220903,San Martin,Cacatachi,2023,0.0,0
120602,Junin,Coviriali,2023,0.0,0
120304,Junin,San Luis De Shuaro,2023,0.0,0
120601,Junin,Satipo,2023,0.0,0
010203,Amazonas,Copallin,2023,0.089031,1
010112,Amazonas,Magdalena,2023,0.275769,1
220102,San Martin,Calzada,2023,0.0,0
060805,Cajamarca,Huabal,2023,0.0,0
010610,Amazonas,Santa Rosa,2023,0.0,0
220503,San Martin,Barranquita,2023,0.234862,1
220801,San Martin,Rioja,2023,0.120253,1
220703,San Martin,Caspisapa,2023,0.0,0
080904,Cusco,Maranura,2023,0.0,0
010117,Amazonas,Quinjalca,2023,0.0,0
250303,Ucayali,Curimana,2023,0.0,0
010308,Amazonas,Recta,2023,0.0,0
010115,Amazonas,Montevideo,2023,0.26989,1
010114,Amazonas,Molinopampa,2023,0.252721,1
010503,Amazonas,Cocabamba,2023,0.139053,1
060809,Cajamarca,Sallique,2023,0.255554,1
010120,Amazonas,Soloco,2023,0.053287,1
010521,Amazonas,Santo Tomas,2023,0.0,0
100113,Huanuco,San Pablo De Pillao,2023,0.0,0
010602,Amazonas,Chirimoto,2023,0.0,0
100603,Huanuco,Hermilio Valdizan,2023,0.0,0
010111,Amazonas,Levanto,2023,0.405317,1
010518,Amazonas,San Jeronimo,2023,0.0,0
010609,Amazonas,Omia,2023,0.359048,1
100902,Huanuco,Codo Del Pozuzo,2023,0.032451,1
010113,Amazonas,Mariscal Castilla,2023,0.011021,1
220101,San Martin,Moyobamba,2023,0.180622,1
010310,Amazonas,Shipasbamba,2023,0.0,0
100103,Huanuco,Chinchao,2023,0.512323,1
010311,Amazonas,Valera,2023,0.016214,1
060907,Cajamarca,Tabaconas,2023,0.490008,1
160112,Loreto,Belen,2023,0.0,0
200307,Piura,Sondor,2023,0.172631,1
220803,San Martin,Elias Soplin Vargas,2023,0.415131,1
010506,Amazonas,Inguilpata,2023,0.02566,1
220506,San Martin,Pinto Recodo,2023,0.405655,1
120303,Junin,Pichanaqui,2023,0.106598,1
010202,Amazonas,Aramango,2023,0.002068,1
010606,Amazonas,Longar,2023,5.2e-05,1
160101,Loreto,Iquitos,2023,0.148529,1
010507,Amazonas,Longuita,2023,0.016174,1
221001,San Martin,Tocache,2023,0.032324,1
010511,Amazonas,Maria,2023,0.0,0
080901,Cusco,Santa Ana,2023,0.194846,1
120302,Junin,Perene,2023,0.050018,1
050409,Ayacucho,Canayre,2023,0.0,0
221002,San Martin,Nuevo Progreso,2023,0.001566,1
200303,Piura,El Carmen De La Frontera,2023,0.376112,1
100609,Huanuco,Pueblo Nuevo,2023,0.0,0
080903,Cusco,Huayopata,2023,0.021561,1
010604,Amazonas,Huambo,2023,0.0,0
100505,Huanuco,Jircan,2023,0.0,0
010512,Amazonas,Ocalli,2023,0.0,0
010101,Amazonas,Chachapoyas,2023,0.04193,1
060903,Cajamarca,Huarango,2023,0.0,0
010116,Amazonas,Olleros,2023,0.034633,1
010605,Amazonas,Limabamba,2023,0.175305,1
100804,Huanuco,Umari,2023,0.062776,1
220504,San Martin,Caynarachi,2023,0.375236,1
080905,Cusco,Ocobamba,2023,0.000174,1
010517,Amazonas,San Francisco Del Yeso,2023,0.0,0
120609,Junin,Vizcatán Del Ene,2023,0.0,0
060807,Cajamarca,Pomahuaca,2023,0.000132,1
010304,Amazonas,Corosha,2023,0.235643,1
221005,San Martin,Uchiza,2023,0.059995,1
220807,San Martin,San Fernando,2023,0.0,0
050512,Ayacucho,Union Progreso,2023,0.0,0
060804,Cajamarca,Colasay,2023,0.0,0
160503,Loreto,Capelo,2023,0.0,0
220910,San Martin,Morales,2023,0.0,0
120604,Junin,Mazamari,2023,0.0,0
120603,Junin,Llaylla,2023,0.010881,1
010520,Amazonas,Santa Catalina,2023,0.0,0
010603,Amazonas,Cochamal,2023,0.2495,1
120209,Junin,Mariscal Castilla,2023,0.0,0
010601,Amazonas,San Nicolas,2023,0.001512,1
010519,Amazonas,San Juan De Lopecancha,2023,0.0,0
160211,Loreto,Teniente Cesar Lopez Rojas,2023,0.0,0
080408,Cusco,Yanatile,2023,0.002679,1
050408,Ayacucho,Llochegua,2023,0.0,0
100507,Huanuco,Monzon,2023,0.019657,1
081304,Cusco,Machupicchu,2023,0.905978,1
220909,San Martin,La Banda De Shilcayo,2023,0.543628,1
220103,San Martin,Habana,2023,0.0,0
100606,Huanuco,Mariano Damaso Beraun,2023,0.151166,1
010508,Amazonas,Lonya Chico,2023,0.0,0
170102,Madre De Dios,Inambari,2023,0.372953,1
050502,Ayacucho,Anco,2023,0.0,0
010523,Amazonas,Trita,2023,0.0,0
010516,Amazonas,San Cristobal,2023,0.0,0
080918,Cusco,Union Ashaninka,2023,0.07284,1
221006,San Martin,Santa Lucia,2023,0.0,0
100702,Huanuco,Cholon,2023,1e-06,1
211205,Puno,Phara,2023,0.0,0
170204,Madre De Dios,Huepetuhe,2023,0.362182,1
010302,Amazonas,Chisquilla,2023,0.003421,1
050507,Ayacucho,Santa Rosa,2023,0.0,0
220804,San Martin,Nueva Cajamarca,2023,0.40854,1
220809,San Martin,Yuracyacu,2023,0.0,0
160603,Loreto,Padre Marquez,2023,0.000835,1
010522,Amazonas,Tingo,2023,0.111164,1
080906,Cusco,Quellouno,2023,0.003448,1
010301,Amazonas,Jumbilla,2023,0.000704,1
080917,Cusco,Manitea,2023,0.0,0
250305,Ucayali,Alexander Von Humboldt,2024,0.0,0
220509,San Martin,Shanao,2024,0.0,0
250304,Ucayali,Neshuya,2024,0.0,0
220501,San Martin,Lamas,2024,0.0,0
220902,San Martin,Alberto Leveau,2024,0.0,0
250102,Ucayali,Campoverde,2024,0.002331,1
220702,San Martin,Buenos Aires,2024,0.0,0
220502,San Martin,Alonso De Alvarado,2024,0.0,0
220404,San Martin,Piscoyacu,2024,0.0,0
220708,San Martin,Shamboyacu,2024,0.065954,1
220204,San Martin,Huallaga,2024,0.0,0
220605,San Martin,Pajarillo,2024,0.0,0
010703,Amazonas,Cumba,2024,0.0,0
220704,San Martin,Pilluana,2024,0.0,0
220104,San Martin,Jepelacio,2024,0.0,0
220505,San Martin,Cuñumbuqui,2024,0.0,0
220507,San Martin,Rumisapa,2024,0.0,0
220913,San Martin,Sauce,2024,0.0,0
010608,Amazonas,Milpuc,2024,0.0,0
220405,San Martin,Sacanche,2024,0.0,0
220709,San Martin,Tingo De Ponasa,2024,0.0,0
220304,San Martin,Santa Rosa,2024,0.0,0
100903,Huanuco,Honoria,2024,0.079065,1
220203,San Martin,Bajo Biavo,2024,0.000233,1
220710,San Martin,Tres Unidos,2024,0.080633,1
220510,San Martin,Tabalosos,2024,1.7e-05,1
100904,Huanuco,Tournavista,2024,0.058333,1
010701,Amazonas,Bagua Grande,2024,0.00081,1
220701,San Martin,Picota,2024,0.0,0
220403,San Martin,El Eslabon,2024,0.0,0
250105,Ucayali,Yarinacocha,2024,0.0,0
220914,San Martin,Shapaja,2024,0.215793,1
010707,Amazonas,Yamon,2024,0.000318,1
010705,Amazonas,Jamalca,2024,0.0,0
220205,San Martin,San Pablo,2024,0.0,0
220705,San Martin,Pucacaca,2024,0.0,0
220601,San Martin,Juanjui,2024,0.000525,1
100905,Huanuco,Yuyapichis,2024,0.080991,1
100608,Huanuco,Castillo Grande,2024,0.0,0
220302,San Martin,Agua Blanca,2024,0.0,0
250306,Ucayali,Huipoca,2024,0.0,0
010611,Amazonas,Totora,2024,0.0,0
010706,Amazonas,Lonya Grande,2024,7.2e-05,1
220706,San Martin,San Cristobal,2024,0.0,0
010303,Amazonas,Churuja,2024,0.314078,1
220301,San Martin,San Jose De Sisa,2024,0.0,0
010204,Amazonas,El Parco,2024,0.0,0
010306,Amazonas,Florida,2024,0.009461,1
220303,San Martin,San Martin,2024,0.0,0
220106,San Martin,Yantalo,2024,0.0,0
220305,San Martin,Shatoja,2024,0.0,0
010104,Amazonas,Cheto,2024,0.0,0
160201,Loreto,Yurimaguas,2024,4.2e-05,1
060901,Cajamarca,San Ignacio,2024,0.036734,1
220511,San Martin,Zapatero,2024,0.0,0
060811,Cajamarca,San Jose Del Alto,2024,0.144431,1
010206,Amazonas,La Peca,2024,0.0,0
220401,San Martin,Saposoa,2024,0.0,0
060902,Cajamarca,Chirinos,2024,0.040808,1
220908,San Martin,Juan Guerra,2024,0.0,0
060904,Cajamarca,La Coipa,2024,0.06732,1
220808,San Martin,Yorongos,2024,0.0,0
120607,Junin,Rio Negro,2024,0.0,0
060812,Cajamarca,Santa Rosa,2024,0.0,0
250106,Ucayali,Nueva Requena,2024,0.0,0
220802,San Martin,Awajun,2024,0.34834,1
250302,Ucayali,Irazola,2024,0.0,0
010109,Amazonas,La Jalca,2024,0.47102,1
220906,San Martin,El Porvenir,2024,0.0,0
220707,San Martin,San Hilarion,2024,0.0,0
220806,San Martin,Posic,2024,0.0,0
220406,San Martin,Tingo De Saposoa,2024,0.0,0
100901,Huanuco,Puerto Inca,2024,0.107885,1
010105,Amazonas,Chiliquin,2024,0.0,0
220105,San Martin,Soritor,2024,0.0,0
220201,San Martin,Bellavista,2024,0.0,0
060803,Cajamarca,Chontali,2024,0.262256,1
100605,Huanuco,Luyando,2024,0.0,0
010307,Amazonas,Jazan,2024,0.0,0
010502,Amazonas,Camporredondo,2024,0.0,0
010515,Amazonas,Providencia,2024,0.218687,1
010102,Amazonas,Asuncion,2024,0.0,0
010510,Amazonas,Luya Viejo,2024,0.0,0
100601,Huanuco,Rupa-Rupa,2024,0.0,0
010514,Amazonas,Pisuquia,2024,0.134824,1
060810,Cajamarca,San Felipe,2024,0.083354,1
010305,Amazonas,Cuispes,2024,0.0,0
060905,Cajamarca,Namballe,2024,0.541075,1
010119,Amazonas,San Isidro De Maino,2024,0.399689,1
060801,Cajamarca,Jaen,2024,4.2e-05,1
010513,Amazonas,Ocumal,2024,0.123303,1
220912,San Martin,San Antonio,2024,0.48684,1
220903,San Martin,Cacatachi,2024,0.0,0
120602,Junin,Coviriali,2024,0.0,0
120304,Junin,San Luis De Shuaro,2024,0.0,0
120601,Junin,Satipo,2024,0.0,0
010203,Amazonas,Copallin,2024,0.089031,1
010112,Amazonas,Magdalena,2024,0.275769,1
220102,San Martin,Calzada,2024,0.0,0
060805,Cajamarca,Huabal,2024,0.0,0
010610,Amazonas,Santa Rosa,2024,0.0,0
220503,San Martin,Barranquita,2024,0.234862,1
220801,San Martin,Rioja,2024,0.120253,1
220703,San Martin,Caspisapa,2024,0.0,0
080904,Cusco,Maranura,2024,0.0,0
010117,Amazonas,Quinjalca,2024,0.0,0
250303,Ucayali,Curimana,2024,0.0,0
010308,Amazonas,Recta,2024,0.0,0
010115,Amazonas,Montevideo,2024,0.26989,1
010114,Amazonas,Molinopampa,2024,0.252721,1
010503,Amazonas,Cocabamba,2024,0.139053,1
060809,Cajamarca,Sallique,2024,0.255554,1
010120,Amazonas,Soloco,2024,0.053287,1
010521,Amazonas,Santo Tomas,2024,0.0,0
100113,Huanuco,San Pablo De Pillao,2024,0.0,0
010602,Amazonas,Chirimoto,2024,0.0,0
100603,Huanuco,Hermilio Valdizan,2024,0.0,0
010111,Amazonas,Levanto,2024,0.405317,1
010518,Amazonas,San Jeronimo,2024,0.0,0
010609,Amazonas,Omia,2024,0.359048,1
100902,Huanuco,Codo Del Pozuzo,2024,0.032451,1
010113,Amazonas,Mariscal Castilla,2024,0.011021,1
220101,San Martin,Moyobamba,2024,0.180622,1
010310,Amazonas,Shipasbamba,2024,0.0,0
100103,Huanuco,Chinchao,2024,0.512323,1
010311,Amazonas,Valera,2024,0.016214,1
060907,Cajamarca,Tabaconas,2024,0.490008,1
160112,Loreto,Belen,2024,0.0,0
200307,Piura,Sondor,2024,0.172631,1
220803,San Martin,Elias Soplin Vargas,2024,0.415131,1
010506,Amazonas,Inguilpata,2024,0.02566,1
220506,San Martin,Pinto Recodo,2024,0.405655,1
120303,Junin,Pichanaqui,2024,0.106598,1
010202,Amazonas,Aramango,2024,0.002068,1
010606,Amazonas,Longar,2024,5.2e-05,1
160101,Loreto,Iquitos,2024,0.148529,1
010507,Amazonas,Longuita,2024,0.016174,1
221001,San Martin,Tocache,2024,0.032324,1
010511,Amazonas,Maria,2024,0.0,0
080901,Cusco,Santa Ana,2024,0.194846,1
120302,Junin,Perene,2024,0.050018,1
050409,Ayacucho,Canayre,2024,0.0,0
221002,San Martin,Nuevo Progreso,2024,0.001566,1
200303,Piura,El Carmen De La Frontera,2024,0.376112,1
100609,Huanuco,Pueblo Nuevo,2024,0.0,0
080903,Cusco,Huayopata,2024,0.021561,1
010604,Amazonas,Huambo,2024,0.0,0
100505,Huanuco,Jircan,2024,0.0,0
010512,Amazonas,Ocalli,2024,0.0,0
010101,Amazonas,Chachapoyas,2024,0.04193,1
060903,Cajamarca,Huarango,2024,0.0,0
010116,Amazonas,Olleros,2024,0.034633,1
010605,Amazonas,Limabamba,2024,0.175305,1
100804,Huanuco,Umari,2024,0.062776,1
220504,San Martin,Caynarachi,2024,0.375236,1
080905,Cusco,Ocobamba,2024,0.000174,1
010517,Amazonas,San Francisco Del Yeso,2024,0.0,0
120609,Junin,Vizcatán Del Ene,2024,0.0,0
060807,Cajamarca,Pomahuaca,2024,0.000132,1
010304,Amazonas,Corosha,2024,0.235643,1
221005,San Martin,Uchiza,2024,0.059995,1
220807,San Martin,San Fernando,2024,0.0,0
050512,Ayacucho,Union Progreso,2024,0.0,0
060804,Cajamarca,Colasay,2024,0.0,0
160503,Loreto,Capelo,2024,0.0,0
220910,San Martin,Morales,2024,0.0,0
120604,Junin,Mazamari,2024,0.0,0
120603,Junin,Llaylla,2024,0.010881,1
010520,Amazonas,Santa Catalina,2024,0.0,0
010603,Amazonas,Cochamal,2024,0.2495,1
120209,Junin,Mariscal Castilla,2024,0.0,0
010601,Amazonas,San Nicolas,2024,0.001512,1
010519,Amazonas,San Juan De Lopecancha,2024,0.0,0
160211,Loreto,Teniente Cesar Lopez Rojas,2024,0.0,0
080408,Cusco,Yanatile,2024,0.002679,1
050408,Ayacucho,Llochegua,2024,0.0,0
100507,Huanuco,Monzon,2024,0.019657,1
081304,Cusco,Machupicchu,2024,0.905978,1
220909,San Martin,La Banda De Shilcayo,2024,0.543628,1
220103,San Martin,Habana,2024,0.0,0
100606,Huanuco,Mariano Damaso Beraun,2024,0.151166,1
010508,Amazonas,Lonya Chico,2024,0.0,0
170102,Madre De Dios,Inambari,2024,0.372953,1
050502,Ayacucho,Anco,2024,0.0,0
010523,Amazonas,Trita,2024,0.0,0
010516,Amazonas,San Cristobal,2024,0.0,0
080918,Cusco,Union Ashaninka,2024,0.07284,1
221006,San Martin,Santa Lucia,2024,0.0,0
100702,Huanuco,Cholon,2024,1e-06,1
211205,Puno,Phara,2024,0.0,0
170204,Madre De Dios,Huepetuhe,2024,0.362182,1
010302,Amazonas,Chisquilla,2024,0.003421,1
050507,Ayacucho,Santa Rosa,2024,0.0,0
220804,San Martin,Nueva Cajamarca,2024,0.40854,1
220809,San Martin,Yuracyacu,2024,0.0,0
160603,Loreto,Padre Marquez,2024,0.000835,1
010522,Amazonas,Tingo,2024,0.111164,1
080906,Cusco,Quellouno,2024,0.003448,1
010301,Amazonas,Jumbilla,2024,0.000704,1
080917,Cusco,Manitea,2024,0.0,0
