05:39:24 [INFO] [OK] Log de esta corrida: /home/bvaldiviezo/tesis/Deforestation/deforestation-forecast/data/logs/r11_run_debug_2026-06-22_05-39-24.log
05:39:24 [INFO] ======================================================================
05:39:24 [INFO] R11 — PIPELINE DE MODELOS MULTIVARIABLES
05:39:24 [INFO] ======================================================================
05:39:24 [INFO] Cargando panel: /home/bvaldiviezo/tesis/Deforestation/deforestation-forecast/data/interim/O3/panel-integrado/panel_integrado_entrenamiento.csv
05:39:24 [INFO] Panel: 180 distritos × 40 años (1985–2024) × 7 canales
05:39:24 [INFO] Panel construido: shape=(180, 40, 7), dtype=float32
05:39:24 [INFO] Aplicando transformaciones (log1p) antes de escalar...
05:39:24 [INFO]   log1p aplicado a canal 2 (pct_anp)
05:39:24 [INFO]   log1p aplicado a canal 3 (densidad_carreteras_km_km2)
05:39:24 [INFO]   log1p aplicado a canal 4 (densidad_rios_km_km2)
05:39:24 [INFO] [SKIP] Escalador ya existe — cargando desde disco.
05:39:24 [INFO] [OK] Escalador cargado: /home/bvaldiviezo/tesis/Deforestation/deforestation-forecast/data/interim/O3/modelos/escalador/escalador_standard.pkl
05:39:24 [INFO] Panel escalado: shape=(180, 40, 7)
05:39:24 [INFO] Construyendo datasets de ventanas deslizantes multivariables...
05:39:24 [INFO] w=3 | X_train=(5760, 3, 7) y_train=(5760, 1) X_test=(900, 3, 7) y_test=(900, 1)
05:39:24 [INFO] w=4 | X_train=(5580, 4, 7) y_train=(5580, 1) X_test=(900, 4, 7) y_test=(900, 1)
05:39:24 [INFO] w=5 | X_train=(5400, 5, 7) y_train=(5400, 1) X_test=(900, 5, 7) y_test=(900, 1)
05:39:24 [INFO] w=6 | X_train=(5220, 6, 7) y_train=(5220, 1) X_test=(900, 6, 7) y_test=(900, 1)
05:39:24 [INFO] w=7 | X_train=(5040, 7, 7) y_train=(5040, 1) X_test=(900, 7, 7) y_test=(900, 1)
05:39:24 [INFO] [SKIP] MLP Fase 1 — ya existe. Revisar mlp_resultados.csv.
05:39:24 [INFO] [PENDIENTE] MLP Fase 2 — configura FINAL_CONFIG_MLP en final_configs.py.
05:39:24 [INFO] [SKIP] LSTM Fase 1 — ya existe. Revisar lstm_resultados.csv.
05:39:24 [INFO] [PENDIENTE] LSTM Fase 2 — configura FINAL_CONFIG_LSTM en final_configs.py.
05:39:24 [INFO] CNN R11 — Fase 1: búsqueda exploratoria...
05:39:24 [INFO] ======================================================================
05:39:24 [INFO] CNN R11 — Fase 1: búsqueda exploratoria de hiperparámetros
05:39:24 [INFO] Device: cuda
05:39:24 [INFO] Combinaciones totales: 960
05:39:31 [INFO]     Época 10/50 | Loss=0.003108
05:39:37 [INFO]     Época 20/50 | Loss=0.002843
05:39:43 [INFO]     Época 30/50 | Loss=0.002525
05:39:49 [INFO]     Época 40/50 | Loss=0.002456
05:39:56 [INFO]     Época 50/50 | Loss=0.002376
05:39:56 [INFO]   [1/960] CNN_w3_c16_k2_actrelu_d0.0_dense16_e50_lr0.001_b8  RMSE_test=0.0131  MAE_test=0.0100
05:39:59 [INFO]     Época 10/50 | Loss=0.003173
05:40:02 [INFO]     Época 20/50 | Loss=0.002604
05:40:05 [INFO]     Época 30/50 | Loss=0.002503
05:40:08 [INFO]     Época 40/50 | Loss=0.002448
05:40:11 [INFO]     Época 50/50 | Loss=0.002512
05:40:11 [INFO]   [2/960] CNN_w3_c16_k2_actrelu_d0.0_dense16_e50_lr0.001_b16  RMSE_test=0.0132  MAE_test=0.0098
05:40:17 [INFO]     Época 10/50 | Loss=0.003172
05:40:24 [INFO]     Época 20/50 | Loss=0.002746
05:40:30 [INFO]     Época 30/50 | Loss=0.002454
05:40:36 [INFO]     Época 40/50 | Loss=0.002462
05:40:42 [INFO]     Época 50/50 | Loss=0.002358
05:40:42 [INFO]   [3/960] CNN_w3_c16_k2_actrelu_d0.0_dense16_e50_lr0.0005_b8  RMSE_test=0.0137  MAE_test=0.0101
05:40:45 [INFO]     Época 10/50 | Loss=0.003442
05:40:48 [INFO]     Época 20/50 | Loss=0.002736
05:40:51 [INFO]     Época 30/50 | Loss=0.002524
05:40:55 [INFO]     Época 40/50 | Loss=0.002404
05:40:58 [INFO]     Época 50/50 | Loss=0.002418
05:40:58 [INFO]   [4/960] CNN_w3_c16_k2_actrelu_d0.0_dense16_e50_lr0.0005_b16  RMSE_test=0.0139  MAE_test=0.0102
05:41:04 [INFO]     Época 10/50 | Loss=0.003116
05:41:10 [INFO]     Época 20/50 | Loss=0.002882
05:41:16 [INFO]     Época 30/50 | Loss=0.002644
05:41:22 [INFO]     Época 40/50 | Loss=0.002574
05:41:28 [INFO]     Época 50/50 | Loss=0.002423
05:41:28 [INFO]   [5/960] CNN_w3_c16_k2_actrelu_d0.0_dense32_e50_lr0.001_b8  RMSE_test=0.0129  MAE_test=0.0096
05:41:31 [INFO]     Época 10/50 | Loss=0.003077
05:41:35 [INFO]     Época 20/50 | Loss=0.002577
05:41:38 [INFO]     Época 30/50 | Loss=0.002490
05:41:41 [INFO]     Época 40/50 | Loss=0.002501
05:41:44 [INFO]     Época 50/50 | Loss=0.002647
05:41:44 [INFO]   [6/960] CNN_w3_c16_k2_actrelu_d0.0_dense32_e50_lr0.001_b16  RMSE_test=0.0133  MAE_test=0.0098
05:41:50 [INFO]     Época 10/50 | Loss=0.003065
05:41:56 [INFO]     Época 20/50 | Loss=0.002678
05:42:02 [INFO]     Época 30/50 | Loss=0.002442
05:42:09 [INFO]     Época 40/50 | Loss=0.002452
05:42:15 [INFO]     Época 50/50 | Loss=0.002374
05:42:15 [INFO]   [7/960] CNN_w3_c16_k2_actrelu_d0.0_dense32_e50_lr0.0005_b8  RMSE_test=0.0133  MAE_test=0.0099
05:42:18 [INFO]     Época 10/50 | Loss=0.003448
05:42:21 [INFO]     Época 20/50 | Loss=0.002646
05:42:24 [INFO]     Época 30/50 | Loss=0.002432
05:42:27 [INFO]     Época 40/50 | Loss=0.002387
05:42:30 [INFO]     Época 50/50 | Loss=0.002375
05:42:30 [INFO]   [8/960] CNN_w3_c16_k2_actrelu_d0.0_dense32_e50_lr0.0005_b16  RMSE_test=0.0133  MAE_test=0.0099
05:42:37 [INFO]     Época 10/50 | Loss=0.003102
05:42:43 [INFO]     Época 20/50 | Loss=0.002878
05:42:49 [INFO]     Época 30/50 | Loss=0.002526
05:42:55 [INFO]     Época 40/50 | Loss=0.002484
05:43:01 [INFO]     Época 50/50 | Loss=0.002401
05:43:01 [INFO]   [9/960] CNN_w3_c16_k2_actleaky_relu_d0.0_dense16_e50_lr0.001_b8  RMSE_test=0.0130  MAE_test=0.0098
05:43:04 [INFO]     Época 10/50 | Loss=0.003183
05:43:07 [INFO]     Época 20/50 | Loss=0.002619
05:43:10 [INFO]     Época 30/50 | Loss=0.002505
05:43:13 [INFO]     Época 40/50 | Loss=0.002451
05:43:17 [INFO]     Época 50/50 | Loss=0.002553
05:43:17 [INFO]   [10/960] CNN_w3_c16_k2_actleaky_relu_d0.0_dense16_e50_lr0.001_b16  RMSE_test=0.0133  MAE_test=0.0098
05:43:23 [INFO]     Época 10/50 | Loss=0.003176
05:43:29 [INFO]     Época 20/50 | Loss=0.002688
05:43:35 [INFO]     Época 30/50 | Loss=0.002465
05:43:41 [INFO]     Época 40/50 | Loss=0.002442
05:43:47 [INFO]     Época 50/50 | Loss=0.002392
05:43:47 [INFO]   [11/960] CNN_w3_c16_k2_actleaky_relu_d0.0_dense16_e50_lr0.0005_b8  RMSE_test=0.0136  MAE_test=0.0101
05:43:50 [INFO]     Época 10/50 | Loss=0.003480
05:43:53 [INFO]     Época 20/50 | Loss=0.002708
05:43:56 [INFO]     Época 30/50 | Loss=0.002537
05:44:00 [INFO]     Época 40/50 | Loss=0.002379
05:44:03 [INFO]     Época 50/50 | Loss=0.002396
05:44:03 [INFO]   [12/960] CNN_w3_c16_k2_actleaky_relu_d0.0_dense16_e50_lr0.0005_b16  RMSE_test=0.0134  MAE_test=0.0098
05:44:09 [INFO]     Época 10/50 | Loss=0.003187
05:44:15 [INFO]     Época 20/50 | Loss=0.002878
05:44:21 [INFO]     Época 30/50 | Loss=0.002680
05:44:27 [INFO]     Época 40/50 | Loss=0.002570
05:44:33 [INFO]     Época 50/50 | Loss=0.002449
05:44:33 [INFO]   [13/960] CNN_w3_c16_k2_actleaky_relu_d0.0_dense32_e50_lr0.001_b8  RMSE_test=0.0133  MAE_test=0.0100
05:44:36 [INFO]     Época 10/50 | Loss=0.003115
05:44:39 [INFO]     Época 20/50 | Loss=0.002582
05:44:42 [INFO]     Época 30/50 | Loss=0.002514
05:44:46 [INFO]     Época 40/50 | Loss=0.002530
05:44:49 [INFO]     Época 50/50 | Loss=0.002670
05:44:49 [INFO]   [14/960] CNN_w3_c16_k2_actleaky_relu_d0.0_dense32_e50_lr0.001_b16  RMSE_test=0.0129  MAE_test=0.0095
05:44:55 [INFO]     Época 10/50 | Loss=0.003105
05:45:01 [INFO]     Época 20/50 | Loss=0.002686
05:45:07 [INFO]     Época 30/50 | Loss=0.002463
05:45:13 [INFO]     Época 40/50 | Loss=0.002465
05:45:19 [INFO]     Época 50/50 | Loss=0.002375
05:45:19 [INFO]   [15/960] CNN_w3_c16_k2_actleaky_relu_d0.0_dense32_e50_lr0.0005_b8  RMSE_test=0.0132  MAE_test=0.0098
05:45:22 [INFO]     Época 10/50 | Loss=0.003412
05:45:25 [INFO]     Época 20/50 | Loss=0.002651
05:45:29 [INFO]     Época 30/50 | Loss=0.002453
05:45:32 [INFO]     Época 40/50 | Loss=0.002362
05:45:35 [INFO]     Época 50/50 | Loss=0.002391
05:45:35 [INFO]   [16/960] CNN_w3_c16_k2_actleaky_relu_d0.0_dense32_e50_lr0.0005_b16  RMSE_test=0.0129  MAE_test=0.0095
05:45:41 [INFO]     Época 10/50 | Loss=0.023621
05:45:48 [INFO]     Época 20/50 | Loss=0.022287
05:45:54 [INFO]     Época 30/50 | Loss=0.021689
05:46:01 [INFO]     Época 40/50 | Loss=0.021749
05:46:07 [INFO]     Época 50/50 | Loss=0.021317
05:46:07 [INFO]   [17/960] CNN_w3_c16_k2_actrelu_d0.1_dense16_e50_lr0.001_b8  RMSE_test=0.0138  MAE_test=0.0103
05:46:11 [INFO]     Época 10/50 | Loss=0.023968
05:46:14 [INFO]     Época 20/50 | Loss=0.022527
05:46:18 [INFO]     Época 30/50 | Loss=0.021730
05:46:21 [INFO]     Época 40/50 | Loss=0.021616
05:46:24 [INFO]     Época 50/50 | Loss=0.021296
05:46:24 [INFO]   [18/960] CNN_w3_c16_k2_actrelu_d0.1_dense16_e50_lr0.001_b16  RMSE_test=0.0200  MAE_test=0.0159
05:46:31 [INFO]     Época 10/50 | Loss=0.024410
05:46:37 [INFO]     Época 20/50 | Loss=0.022859
05:46:44 [INFO]     Época 30/50 | Loss=0.021496
05:46:50 [INFO]     Época 40/50 | Loss=0.021573
05:46:57 [INFO]     Época 50/50 | Loss=0.021095
05:46:57 [INFO]   [19/960] CNN_w3_c16_k2_actrelu_d0.1_dense16_e50_lr0.0005_b8  RMSE_test=0.0145  MAE_test=0.0107
05:47:00 [INFO]     Época 10/50 | Loss=0.025166
05:47:04 [INFO]     Época 20/50 | Loss=0.023284
05:47:07 [INFO]     Época 30/50 | Loss=0.022095
05:47:10 [INFO]     Época 40/50 | Loss=0.021772
05:47:14 [INFO]     Época 50/50 | Loss=0.021743
05:47:14 [INFO]   [20/960] CNN_w3_c16_k2_actrelu_d0.1_dense16_e50_lr0.0005_b16  RMSE_test=0.0172  MAE_test=0.0131
05:47:20 [INFO]     Época 10/50 | Loss=0.018077
05:47:27 [INFO]     Época 20/50 | Loss=0.016403
05:47:33 [INFO]     Época 30/50 | Loss=0.015029
05:47:40 [INFO]     Época 40/50 | Loss=0.014825
05:47:46 [INFO]     Época 50/50 | Loss=0.014875
05:47:46 [INFO]   [21/960] CNN_w3_c16_k2_actrelu_d0.1_dense32_e50_lr0.001_b8  RMSE_test=0.0163  MAE_test=0.0123
05:47:50 [INFO]     Época 10/50 | Loss=0.018501
05:47:53 [INFO]     Época 20/50 | Loss=0.016102
05:47:56 [INFO]     Época 30/50 | Loss=0.014716
05:48:00 [INFO]     Época 40/50 | Loss=0.014224
05:48:03 [INFO]     Época 50/50 | Loss=0.014757
05:48:03 [INFO]   [22/960] CNN_w3_c16_k2_actrelu_d0.1_dense32_e50_lr0.001_b16  RMSE_test=0.0148  MAE_test=0.0111
05:48:09 [INFO]     Época 10/50 | Loss=0.018633
05:48:16 [INFO]     Época 20/50 | Loss=0.016307
05:48:22 [INFO]     Época 30/50 | Loss=0.014759
05:48:29 [INFO]     Época 40/50 | Loss=0.014029
05:48:35 [INFO]     Época 50/50 | Loss=0.013937
05:48:35 [INFO]   [23/960] CNN_w3_c16_k2_actrelu_d0.1_dense32_e50_lr0.0005_b8  RMSE_test=0.0144  MAE_test=0.0108
05:48:39 [INFO]     Época 10/50 | Loss=0.019730
05:48:42 [INFO]     Época 20/50 | Loss=0.017032
05:48:46 [INFO]     Época 30/50 | Loss=0.015557
05:48:49 [INFO]     Época 40/50 | Loss=0.014901
05:48:52 [INFO]     Época 50/50 | Loss=0.014766
05:48:52 [INFO]   [24/960] CNN_w3_c16_k2_actrelu_d0.1_dense32_e50_lr0.0005_b16  RMSE_test=0.0153  MAE_test=0.0116
05:48:59 [INFO]     Época 10/50 | Loss=0.023012
05:49:05 [INFO]     Época 20/50 | Loss=0.019674
05:49:12 [INFO]     Época 30/50 | Loss=0.016646
05:49:18 [INFO]     Época 40/50 | Loss=0.015466
05:49:25 [INFO]     Época 50/50 | Loss=0.014978
05:49:25 [INFO]   [25/960] CNN_w3_c16_k2_actleaky_relu_d0.1_dense16_e50_lr0.001_b8  RMSE_test=0.0132  MAE_test=0.0098
05:49:28 [INFO]     Época 10/50 | Loss=0.023390
05:49:31 [INFO]     Época 20/50 | Loss=0.021253
05:49:35 [INFO]     Época 30/50 | Loss=0.019181
05:49:38 [INFO]     Época 40/50 | Loss=0.017695
05:49:41 [INFO]     Época 50/50 | Loss=0.016060
05:49:41 [INFO]   [26/960] CNN_w3_c16_k2_actleaky_relu_d0.1_dense16_e50_lr0.001_b16  RMSE_test=0.0174  MAE_test=0.0133
05:49:48 [INFO]     Época 10/50 | Loss=0.023865
05:49:54 [INFO]     Época 20/50 | Loss=0.021478
05:50:01 [INFO]     Época 30/50 | Loss=0.019100
05:50:08 [INFO]     Época 40/50 | Loss=0.017692
05:50:14 [INFO]     Época 50/50 | Loss=0.016018
05:50:14 [INFO]   [27/960] CNN_w3_c16_k2_actleaky_relu_d0.1_dense16_e50_lr0.0005_b8  RMSE_test=0.0131  MAE_test=0.0095
05:50:17 [INFO]     Época 10/50 | Loss=0.024726
05:50:21 [INFO]     Época 20/50 | Loss=0.022568
05:50:24 [INFO]     Época 30/50 | Loss=0.020896
05:50:27 [INFO]     Época 40/50 | Loss=0.019840
05:50:31 [INFO]     Época 50/50 | Loss=0.018925
05:50:31 [INFO]   [28/960] CNN_w3_c16_k2_actleaky_relu_d0.1_dense16_e50_lr0.0005_b16  RMSE_test=0.0168  MAE_test=0.0129
05:50:37 [INFO]     Época 10/50 | Loss=0.017215
05:50:44 [INFO]     Época 20/50 | Loss=0.014722
05:50:50 [INFO]     Época 30/50 | Loss=0.013010
05:50:57 [INFO]     Época 40/50 | Loss=0.012465
05:51:03 [INFO]     Época 50/50 | Loss=0.012307
05:51:03 [INFO]   [29/960] CNN_w3_c16_k2_actleaky_relu_d0.1_dense32_e50_lr0.001_b8  RMSE_test=0.0151  MAE_test=0.0114
05:51:07 [INFO]     Época 10/50 | Loss=0.017865
05:51:10 [INFO]     Época 20/50 | Loss=0.015373
05:51:13 [INFO]     Época 30/50 | Loss=0.013315
05:51:17 [INFO]     Época 40/50 | Loss=0.012024
05:51:20 [INFO]     Época 50/50 | Loss=0.012084
05:51:20 [INFO]   [30/960] CNN_w3_c16_k2_actleaky_relu_d0.1_dense32_e50_lr0.001_b16  RMSE_test=0.0144  MAE_test=0.0110
05:51:26 [INFO]     Época 10/50 | Loss=0.017985
05:51:33 [INFO]     Época 20/50 | Loss=0.015339
05:51:39 [INFO]     Época 30/50 | Loss=0.013206
05:51:46 [INFO]     Época 40/50 | Loss=0.011786
05:51:52 [INFO]     Época 50/50 | Loss=0.011382
05:51:52 [INFO]   [31/960] CNN_w3_c16_k2_actleaky_relu_d0.1_dense32_e50_lr0.0005_b8  RMSE_test=0.0149  MAE_test=0.0112
05:51:56 [INFO]     Época 10/50 | Loss=0.019250
05:51:59 [INFO]     Época 20/50 | Loss=0.016737
05:52:02 [INFO]     Época 30/50 | Loss=0.014818
05:52:06 [INFO]     Época 40/50 | Loss=0.013884
05:52:09 [INFO]     Época 50/50 | Loss=0.013298
05:52:09 [INFO]   [32/960] CNN_w3_c16_k2_actleaky_relu_d0.1_dense32_e50_lr0.0005_b16  RMSE_test=0.0149  MAE_test=0.0112
05:52:15 [INFO]     Época 10/50 | Loss=0.003218
05:52:21 [INFO]     Época 20/50 | Loss=0.002889
05:52:27 [INFO]     Época 30/50 | Loss=0.002513
05:52:33 [INFO]     Época 40/50 | Loss=0.002515
05:52:39 [INFO]     Época 50/50 | Loss=0.002374
05:52:39 [INFO]   [33/960] CNN_w3_c16_k3_actrelu_d0.0_dense16_e50_lr0.001_b8  RMSE_test=0.0133  MAE_test=0.0099
05:52:42 [INFO]     Época 10/50 | Loss=0.003274
05:52:45 [INFO]     Época 20/50 | Loss=0.002761
05:52:48 [INFO]     Época 30/50 | Loss=0.002602
05:52:52 [INFO]     Época 40/50 | Loss=0.002502
05:52:55 [INFO]     Época 50/50 | Loss=0.002636
05:52:55 [INFO]   [34/960] CNN_w3_c16_k3_actrelu_d0.0_dense16_e50_lr0.001_b16  RMSE_test=0.0136  MAE_test=0.0099
05:53:01 [INFO]     Época 10/50 | Loss=0.003241
05:53:07 [INFO]     Época 20/50 | Loss=0.002805
05:53:13 [INFO]     Época 30/50 | Loss=0.002538
05:53:19 [INFO]     Época 40/50 | Loss=0.002477
05:53:25 [INFO]     Época 50/50 | Loss=0.002453
05:53:25 [INFO]   [35/960] CNN_w3_c16_k3_actrelu_d0.0_dense16_e50_lr0.0005_b8  RMSE_test=0.0137  MAE_test=0.0102
05:53:28 [INFO]     Época 10/50 | Loss=0.003593
05:53:31 [INFO]     Época 20/50 | Loss=0.002787
05:53:34 [INFO]     Época 30/50 | Loss=0.002603
05:53:37 [INFO]     Época 40/50 | Loss=0.002464
05:53:40 [INFO]     Época 50/50 | Loss=0.002406
05:53:40 [INFO]   [36/960] CNN_w3_c16_k3_actrelu_d0.0_dense16_e50_lr0.0005_b16  RMSE_test=0.0134  MAE_test=0.0099
05:53:46 [INFO]     Época 10/50 | Loss=0.003295
05:53:52 [INFO]     Época 20/50 | Loss=0.002911
05:53:58 [INFO]     Época 30/50 | Loss=0.002600
05:54:04 [INFO]     Época 40/50 | Loss=0.002549
05:54:10 [INFO]     Época 50/50 | Loss=0.002489
05:54:10 [INFO]   [37/960] CNN_w3_c16_k3_actrelu_d0.0_dense32_e50_lr0.001_b8  RMSE_test=0.0128  MAE_test=0.0095
05:54:13 [INFO]     Época 10/50 | Loss=0.003137
05:54:16 [INFO]     Época 20/50 | Loss=0.002702
05:54:19 [INFO]     Época 30/50 | Loss=0.002536
05:54:22 [INFO]     Época 40/50 | Loss=0.002436
05:54:25 [INFO]     Época 50/50 | Loss=0.002550
05:54:25 [INFO]   [38/960] CNN_w3_c16_k3_actrelu_d0.0_dense32_e50_lr0.001_b16  RMSE_test=0.0129  MAE_test=0.0094
05:54:31 [INFO]     Época 10/50 | Loss=0.003131
05:54:37 [INFO]     Época 20/50 | Loss=0.002764
05:54:43 [INFO]     Época 30/50 | Loss=0.002508
05:54:49 [INFO]     Época 40/50 | Loss=0.002447
05:54:55 [INFO]     Época 50/50 | Loss=0.002401
05:54:55 [INFO]   [39/960] CNN_w3_c16_k3_actrelu_d0.0_dense32_e50_lr0.0005_b8  RMSE_test=0.0129  MAE_test=0.0095
05:54:59 [INFO]     Época 10/50 | Loss=0.003403
05:55:02 [INFO]     Época 20/50 | Loss=0.002734
05:55:05 [INFO]     Época 30/50 | Loss=0.002559
05:55:08 [INFO]     Época 40/50 | Loss=0.002412
05:55:11 [INFO]     Época 50/50 | Loss=0.002361
05:55:11 [INFO]   [40/960] CNN_w3_c16_k3_actrelu_d0.0_dense32_e50_lr0.0005_b16  RMSE_test=0.0131  MAE_test=0.0096
05:55:17 [INFO]     Época 10/50 | Loss=0.003269
05:55:23 [INFO]     Época 20/50 | Loss=0.002864
05:55:29 [INFO]     Época 30/50 | Loss=0.002543
05:55:35 [INFO]     Época 40/50 | Loss=0.002482
05:55:41 [INFO]     Época 50/50 | Loss=0.002452
05:55:41 [INFO]   [41/960] CNN_w3_c16_k3_actleaky_relu_d0.0_dense16_e50_lr0.001_b8  RMSE_test=0.0130  MAE_test=0.0097
05:55:44 [INFO]     Época 10/50 | Loss=0.003225
05:55:47 [INFO]     Época 20/50 | Loss=0.002775
05:55:50 [INFO]     Época 30/50 | Loss=0.002601
05:55:53 [INFO]     Época 40/50 | Loss=0.002484
05:55:56 [INFO]     Época 50/50 | Loss=0.002585
05:55:56 [INFO]   [42/960] CNN_w3_c16_k3_actleaky_relu_d0.0_dense16_e50_lr0.001_b16  RMSE_test=0.0137  MAE_test=0.0101
05:56:02 [INFO]     Época 10/50 | Loss=0.003224
05:56:08 [INFO]     Época 20/50 | Loss=0.002811
05:56:14 [INFO]     Época 30/50 | Loss=0.002537
05:56:20 [INFO]     Época 40/50 | Loss=0.002471
05:56:26 [INFO]     Época 50/50 | Loss=0.002459
05:56:26 [INFO]   [43/960] CNN_w3_c16_k3_actleaky_relu_d0.0_dense16_e50_lr0.0005_b8  RMSE_test=0.0136  MAE_test=0.0102
05:56:29 [INFO]     Época 10/50 | Loss=0.003627
05:56:32 [INFO]     Época 20/50 | Loss=0.002778
05:56:35 [INFO]     Época 30/50 | Loss=0.002590
05:56:38 [INFO]     Época 40/50 | Loss=0.002460
05:56:42 [INFO]     Época 50/50 | Loss=0.002436
05:56:42 [INFO]   [44/960] CNN_w3_c16_k3_actleaky_relu_d0.0_dense16_e50_lr0.0005_b16  RMSE_test=0.0137  MAE_test=0.0103
05:56:48 [INFO]     Época 10/50 | Loss=0.003292
05:56:53 [INFO]     Época 20/50 | Loss=0.002896
05:56:59 [INFO]     Época 30/50 | Loss=0.002566
05:57:05 [INFO]     Época 40/50 | Loss=0.002514
05:57:11 [INFO]     Época 50/50 | Loss=0.002434
05:57:11 [INFO]   [45/960] CNN_w3_c16_k3_actleaky_relu_d0.0_dense32_e50_lr0.001_b8  RMSE_test=0.0126  MAE_test=0.0095
05:57:14 [INFO]     Época 10/50 | Loss=0.003263
05:57:17 [INFO]     Época 20/50 | Loss=0.002707
05:57:21 [INFO]     Época 30/50 | Loss=0.002533
05:57:24 [INFO]     Época 40/50 | Loss=0.002435
05:57:27 [INFO]     Época 50/50 | Loss=0.002565
05:57:27 [INFO]   [46/960] CNN_w3_c16_k3_actleaky_relu_d0.0_dense32_e50_lr0.001_b16  RMSE_test=0.0131  MAE_test=0.0096
05:57:33 [INFO]     Época 10/50 | Loss=0.003188
05:57:39 [INFO]     Época 20/50 | Loss=0.002765
05:57:45 [INFO]     Época 30/50 | Loss=0.002479
05:57:51 [INFO]     Época 40/50 | Loss=0.002426
05:57:57 [INFO]     Época 50/50 | Loss=0.002419
05:57:57 [INFO]   [47/960] CNN_w3_c16_k3_actleaky_relu_d0.0_dense32_e50_lr0.0005_b8  RMSE_test=0.0135  MAE_test=0.0100
05:58:00 [INFO]     Época 10/50 | Loss=0.003389
05:58:03 [INFO]     Época 20/50 | Loss=0.002695
05:58:06 [INFO]     Época 30/50 | Loss=0.002525
05:58:09 [INFO]     Época 40/50 | Loss=0.002394
05:58:12 [INFO]     Época 50/50 | Loss=0.002383
05:58:12 [INFO]   [48/960] CNN_w3_c16_k3_actleaky_relu_d0.0_dense32_e50_lr0.0005_b16  RMSE_test=0.0128  MAE_test=0.0094
05:58:18 [INFO]     Época 10/50 | Loss=0.024868
05:58:25 [INFO]     Época 20/50 | Loss=0.021866
05:58:31 [INFO]     Época 30/50 | Loss=0.022250
05:58:38 [INFO]     Época 40/50 | Loss=0.021681
05:58:44 [INFO]     Época 50/50 | Loss=0.022226
05:58:44 [INFO]   [49/960] CNN_w3_c16_k3_actrelu_d0.1_dense16_e50_lr0.001_b8  RMSE_test=0.0140  MAE_test=0.0104
05:58:47 [INFO]     Época 10/50 | Loss=0.025533
05:58:51 [INFO]     Época 20/50 | Loss=0.022946
05:58:54 [INFO]     Época 30/50 | Loss=0.021834
05:58:57 [INFO]     Época 40/50 | Loss=0.023174
05:59:00 [INFO]     Época 50/50 | Loss=0.021898
05:59:00 [INFO]   [50/960] CNN_w3_c16_k3_actrelu_d0.1_dense16_e50_lr0.001_b16  RMSE_test=0.0180  MAE_test=0.0139
05:59:07 [INFO]     Época 10/50 | Loss=0.025575
05:59:13 [INFO]     Época 20/50 | Loss=0.023149
05:59:20 [INFO]     Época 30/50 | Loss=0.022660
05:59:26 [INFO]     Época 40/50 | Loss=0.022236
05:59:32 [INFO]     Época 50/50 | Loss=0.022053
05:59:32 [INFO]   [51/960] CNN_w3_c16_k3_actrelu_d0.1_dense16_e50_lr0.0005_b8  RMSE_test=0.0131  MAE_test=0.0096
05:59:36 [INFO]     Época 10/50 | Loss=0.026023
05:59:39 [INFO]     Época 20/50 | Loss=0.023040
05:59:42 [INFO]     Época 30/50 | Loss=0.021814
05:59:46 [INFO]     Época 40/50 | Loss=0.022456
05:59:49 [INFO]     Época 50/50 | Loss=0.020443
05:59:49 [INFO]   [52/960] CNN_w3_c16_k3_actrelu_d0.1_dense16_e50_lr0.0005_b16  RMSE_test=0.0144  MAE_test=0.0109
05:59:55 [INFO]     Época 10/50 | Loss=0.017284
06:00:02 [INFO]     Época 20/50 | Loss=0.015752
06:00:08 [INFO]     Época 30/50 | Loss=0.015034
06:00:15 [INFO]     Época 40/50 | Loss=0.014308
06:00:21 [INFO]     Época 50/50 | Loss=0.013805
06:00:21 [INFO]   [53/960] CNN_w3_c16_k3_actrelu_d0.1_dense32_e50_lr0.001_b8  RMSE_test=0.0170  MAE_test=0.0125
06:00:24 [INFO]     Época 10/50 | Loss=0.018339
06:00:27 [INFO]     Época 20/50 | Loss=0.014506
06:00:31 [INFO]     Época 30/50 | Loss=0.014335
06:00:34 [INFO]     Época 40/50 | Loss=0.013757
06:00:37 [INFO]     Época 50/50 | Loss=0.013387
06:00:37 [INFO]   [54/960] CNN_w3_c16_k3_actrelu_d0.1_dense32_e50_lr0.001_b16  RMSE_test=0.0168  MAE_test=0.0127
06:00:44 [INFO]     Época 10/50 | Loss=0.017379
06:00:50 [INFO]     Época 20/50 | Loss=0.015341
06:00:57 [INFO]     Época 30/50 | Loss=0.013907
06:01:03 [INFO]     Época 40/50 | Loss=0.013124
06:01:09 [INFO]     Época 50/50 | Loss=0.013494
06:01:09 [INFO]   [55/960] CNN_w3_c16_k3_actrelu_d0.1_dense32_e50_lr0.0005_b8  RMSE_test=0.0149  MAE_test=0.0110
06:01:13 [INFO]     Época 10/50 | Loss=0.019430
06:01:16 [INFO]     Época 20/50 | Loss=0.015311
06:01:19 [INFO]     Época 30/50 | Loss=0.014402
06:01:22 [INFO]     Época 40/50 | Loss=0.013878
06:01:26 [INFO]     Época 50/50 | Loss=0.013286
06:01:26 [INFO]   [56/960] CNN_w3_c16_k3_actrelu_d0.1_dense32_e50_lr0.0005_b16  RMSE_test=0.0181  MAE_test=0.0136
06:01:32 [INFO]     Época 10/50 | Loss=0.022946
06:01:38 [INFO]     Época 20/50 | Loss=0.018900
06:01:45 [INFO]     Época 30/50 | Loss=0.016487
06:01:51 [INFO]     Época 40/50 | Loss=0.015598
06:01:58 [INFO]     Época 50/50 | Loss=0.015300
06:01:58 [INFO]   [57/960] CNN_w3_c16_k3_actleaky_relu_d0.1_dense16_e50_lr0.001_b8  RMSE_test=0.0149  MAE_test=0.0108
06:02:01 [INFO]     Época 10/50 | Loss=0.024112
06:02:04 [INFO]     Época 20/50 | Loss=0.021015
06:02:08 [INFO]     Época 30/50 | Loss=0.018500
06:02:11 [INFO]     Época 40/50 | Loss=0.017871
06:02:14 [INFO]     Época 50/50 | Loss=0.015375
06:02:14 [INFO]   [58/960] CNN_w3_c16_k3_actleaky_relu_d0.1_dense16_e50_lr0.001_b16  RMSE_test=0.0150  MAE_test=0.0115
06:02:20 [INFO]     Época 10/50 | Loss=0.023746
06:02:27 [INFO]     Época 20/50 | Loss=0.020630
06:02:33 [INFO]     Época 30/50 | Loss=0.019054
06:02:40 [INFO]     Época 40/50 | Loss=0.017077
06:02:46 [INFO]     Época 50/50 | Loss=0.016071
06:02:46 [INFO]   [59/960] CNN_w3_c16_k3_actleaky_relu_d0.1_dense16_e50_lr0.0005_b8  RMSE_test=0.0127  MAE_test=0.0091
06:02:49 [INFO]     Época 10/50 | Loss=0.025370
06:02:53 [INFO]     Época 20/50 | Loss=0.022111
06:02:56 [INFO]     Época 30/50 | Loss=0.020241
06:02:59 [INFO]     Época 40/50 | Loss=0.020300
06:03:02 [INFO]     Época 50/50 | Loss=0.017775
06:03:02 [INFO]   [60/960] CNN_w3_c16_k3_actleaky_relu_d0.1_dense16_e50_lr0.0005_b16  RMSE_test=0.0141  MAE_test=0.0107
06:03:09 [INFO]     Época 10/50 | Loss=0.016283
06:03:15 [INFO]     Época 20/50 | Loss=0.013860
06:03:22 [INFO]     Época 30/50 | Loss=0.012799
06:03:28 [INFO]     Época 40/50 | Loss=0.011130
06:03:34 [INFO]     Época 50/50 | Loss=0.011565
06:03:34 [INFO]   [61/960] CNN_w3_c16_k3_actleaky_relu_d0.1_dense32_e50_lr0.001_b8  RMSE_test=0.0142  MAE_test=0.0105
06:03:38 [INFO]     Época 10/50 | Loss=0.017861
06:03:41 [INFO]     Época 20/50 | Loss=0.013914
06:03:44 [INFO]     Época 30/50 | Loss=0.012700
06:03:48 [INFO]     Época 40/50 | Loss=0.011796
06:03:51 [INFO]     Época 50/50 | Loss=0.011166
06:03:51 [INFO]   [62/960] CNN_w3_c16_k3_actleaky_relu_d0.1_dense32_e50_lr0.001_b16  RMSE_test=0.0150  MAE_test=0.0113
06:03:57 [INFO]     Época 10/50 | Loss=0.016832
06:04:04 [INFO]     Época 20/50 | Loss=0.014277
06:04:10 [INFO]     Época 30/50 | Loss=0.012655
06:04:16 [INFO]     Época 40/50 | Loss=0.011226
06:04:23 [INFO]     Época 50/50 | Loss=0.011281
06:04:23 [INFO]   [63/960] CNN_w3_c16_k3_actleaky_relu_d0.1_dense32_e50_lr0.0005_b8  RMSE_test=0.0142  MAE_test=0.0104
06:04:26 [INFO]     Época 10/50 | Loss=0.019041
06:04:29 [INFO]     Época 20/50 | Loss=0.014984
06:04:33 [INFO]     Época 30/50 | Loss=0.013385
06:04:36 [INFO]     Época 40/50 | Loss=0.012658
06:04:39 [INFO]     Época 50/50 | Loss=0.011724
06:04:39 [INFO]   [64/960] CNN_w3_c16_k3_actleaky_relu_d0.1_dense32_e50_lr0.0005_b16  RMSE_test=0.0167  MAE_test=0.0125
06:04:45 [INFO]     Época 10/50 | Loss=0.003329
06:04:51 [INFO]     Época 20/50 | Loss=0.002814
06:04:58 [INFO]     Época 30/50 | Loss=0.002540
06:05:04 [INFO]     Época 40/50 | Loss=0.002489
06:05:10 [INFO]     Época 50/50 | Loss=0.002405
06:05:10 [INFO]   [65/960] CNN_w3_c32_k2_actrelu_d0.0_dense16_e50_lr0.001_b8  RMSE_test=0.0126  MAE_test=0.0094
06:05:13 [INFO]     Época 10/50 | Loss=0.003098
06:05:16 [INFO]     Época 20/50 | Loss=0.002603
06:05:19 [INFO]     Época 30/50 | Loss=0.002579
06:05:22 [INFO]     Época 40/50 | Loss=0.002463
06:05:26 [INFO]     Época 50/50 | Loss=0.002576
06:05:26 [INFO]   [66/960] CNN_w3_c32_k2_actrelu_d0.0_dense16_e50_lr0.001_b16  RMSE_test=0.0129  MAE_test=0.0095
06:05:32 [INFO]     Época 10/50 | Loss=0.003025
06:05:38 [INFO]     Época 20/50 | Loss=0.002698
06:05:44 [INFO]     Época 30/50 | Loss=0.002493
06:05:50 [INFO]     Época 40/50 | Loss=0.002456
06:05:56 [INFO]     Época 50/50 | Loss=0.002384
06:05:56 [INFO]   [67/960] CNN_w3_c32_k2_actrelu_d0.0_dense16_e50_lr0.0005_b8  RMSE_test=0.0128  MAE_test=0.0096
06:05:59 [INFO]     Época 10/50 | Loss=0.003156
06:06:03 [INFO]     Época 20/50 | Loss=0.002610
06:06:06 [INFO]     Época 30/50 | Loss=0.002500
06:06:09 [INFO]     Época 40/50 | Loss=0.002402
06:06:12 [INFO]     Época 50/50 | Loss=0.002437
06:06:12 [INFO]   [68/960] CNN_w3_c32_k2_actrelu_d0.0_dense16_e50_lr0.0005_b16  RMSE_test=0.0133  MAE_test=0.0099
06:06:18 [INFO]     Época 10/50 | Loss=0.003377
06:06:24 [INFO]     Época 20/50 | Loss=0.002759
06:06:30 [INFO]     Época 30/50 | Loss=0.002524
06:06:37 [INFO]     Época 40/50 | Loss=0.002439
06:06:43 [INFO]     Época 50/50 | Loss=0.002345
06:06:43 [INFO]   [69/960] CNN_w3_c32_k2_actrelu_d0.0_dense32_e50_lr0.001_b8  RMSE_test=0.0124  MAE_test=0.0092
06:06:46 [INFO]     Época 10/50 | Loss=0.003072
06:06:49 [INFO]     Época 20/50 | Loss=0.002540
06:06:52 [INFO]     Época 30/50 | Loss=0.002513
06:06:55 [INFO]     Época 40/50 | Loss=0.002447
06:06:58 [INFO]     Época 50/50 | Loss=0.002581
06:06:58 [INFO]   [70/960] CNN_w3_c32_k2_actrelu_d0.0_dense32_e50_lr0.001_b16  RMSE_test=0.0126  MAE_test=0.0093
06:07:05 [INFO]     Época 10/50 | Loss=0.003098
06:07:11 [INFO]     Época 20/50 | Loss=0.002738
06:07:17 [INFO]     Época 30/50 | Loss=0.002408
06:07:23 [INFO]     Época 40/50 | Loss=0.002393
06:07:29 [INFO]     Época 50/50 | Loss=0.002278
06:07:29 [INFO]   [71/960] CNN_w3_c32_k2_actrelu_d0.0_dense32_e50_lr0.0005_b8  RMSE_test=0.0129  MAE_test=0.0096
06:07:32 [INFO]     Época 10/50 | Loss=0.003097
06:07:35 [INFO]     Época 20/50 | Loss=0.002616
06:07:38 [INFO]     Época 30/50 | Loss=0.002454
06:07:42 [INFO]     Época 40/50 | Loss=0.002334
06:07:45 [INFO]     Época 50/50 | Loss=0.002413
06:07:45 [INFO]   [72/960] CNN_w3_c32_k2_actrelu_d0.0_dense32_e50_lr0.0005_b16  RMSE_test=0.0130  MAE_test=0.0095
06:07:51 [INFO]     Época 10/50 | Loss=0.003252
06:07:57 [INFO]     Época 20/50 | Loss=0.002805
06:08:03 [INFO]     Época 30/50 | Loss=0.002511
06:08:09 [INFO]     Época 40/50 | Loss=0.002435
06:08:15 [INFO]     Época 50/50 | Loss=0.002325
06:08:15 [INFO]   [73/960] CNN_w3_c32_k2_actleaky_relu_d0.0_dense16_e50_lr0.001_b8  RMSE_test=0.0125  MAE_test=0.0094
06:08:18 [INFO]     Época 10/50 | Loss=0.003134
06:08:22 [INFO]     Época 20/50 | Loss=0.002561
06:08:25 [INFO]     Época 30/50 | Loss=0.002579
06:08:28 [INFO]     Época 40/50 | Loss=0.002451
06:08:31 [INFO]     Época 50/50 | Loss=0.002533
06:08:31 [INFO]   [74/960] CNN_w3_c32_k2_actleaky_relu_d0.0_dense16_e50_lr0.001_b16  RMSE_test=0.0127  MAE_test=0.0093
06:08:37 [INFO]     Época 10/50 | Loss=0.003026
06:08:43 [INFO]     Época 20/50 | Loss=0.002666
06:08:49 [INFO]     Época 30/50 | Loss=0.002404
06:08:55 [INFO]     Época 40/50 | Loss=0.002378
06:09:02 [INFO]     Época 50/50 | Loss=0.002314
06:09:02 [INFO]   [75/960] CNN_w3_c32_k2_actleaky_relu_d0.0_dense16_e50_lr0.0005_b8  RMSE_test=0.0130  MAE_test=0.0098
06:09:05 [INFO]     Época 10/50 | Loss=0.003161
06:09:08 [INFO]     Época 20/50 | Loss=0.002585
06:09:11 [INFO]     Época 30/50 | Loss=0.002439
06:09:14 [INFO]     Época 40/50 | Loss=0.002343
06:09:17 [INFO]     Época 50/50 | Loss=0.002339
06:09:17 [INFO]   [76/960] CNN_w3_c32_k2_actleaky_relu_d0.0_dense16_e50_lr0.0005_b16  RMSE_test=0.0130  MAE_test=0.0096
06:09:23 [INFO]     Época 10/50 | Loss=0.003290
06:09:30 [INFO]     Época 20/50 | Loss=0.002765
06:09:36 [INFO]     Época 30/50 | Loss=0.002520
06:09:42 [INFO]     Época 40/50 | Loss=0.002426
06:09:48 [INFO]     Época 50/50 | Loss=0.002313
06:09:48 [INFO]   [77/960] CNN_w3_c32_k2_actleaky_relu_d0.0_dense32_e50_lr0.001_b8  RMSE_test=0.0125  MAE_test=0.0094
06:09:51 [INFO]     Época 10/50 | Loss=0.003104
06:09:54 [INFO]     Época 20/50 | Loss=0.002557
06:09:57 [INFO]     Época 30/50 | Loss=0.002524
06:10:00 [INFO]     Época 40/50 | Loss=0.002394
06:10:04 [INFO]     Época 50/50 | Loss=0.002522
06:10:04 [INFO]   [78/960] CNN_w3_c32_k2_actleaky_relu_d0.0_dense32_e50_lr0.001_b16  RMSE_test=0.0128  MAE_test=0.0093
06:10:10 [INFO]     Época 10/50 | Loss=0.003074
06:10:16 [INFO]     Época 20/50 | Loss=0.002737
06:10:22 [INFO]     Época 30/50 | Loss=0.002427
06:10:28 [INFO]     Época 40/50 | Loss=0.002388
06:10:34 [INFO]     Época 50/50 | Loss=0.002284
06:10:34 [INFO]   [79/960] CNN_w3_c32_k2_actleaky_relu_d0.0_dense32_e50_lr0.0005_b8  RMSE_test=0.0129  MAE_test=0.0098
06:10:37 [INFO]     Época 10/50 | Loss=0.003123
06:10:40 [INFO]     Época 20/50 | Loss=0.002597
06:10:43 [INFO]     Época 30/50 | Loss=0.002443
06:10:47 [INFO]     Época 40/50 | Loss=0.002327
06:10:50 [INFO]     Época 50/50 | Loss=0.002369
06:10:50 [INFO]   [80/960] CNN_w3_c32_k2_actleaky_relu_d0.0_dense32_e50_lr0.0005_b16  RMSE_test=0.0127  MAE_test=0.0093
06:10:56 [INFO]     Época 10/50 | Loss=0.023412
06:11:03 [INFO]     Época 20/50 | Loss=0.021621
06:11:09 [INFO]     Época 30/50 | Loss=0.020939
06:11:16 [INFO]     Época 40/50 | Loss=0.020637
06:11:22 [INFO]     Época 50/50 | Loss=0.020745
06:11:22 [INFO]   [81/960] CNN_w3_c32_k2_actrelu_d0.1_dense16_e50_lr0.001_b8  RMSE_test=0.0143  MAE_test=0.0106
06:11:26 [INFO]     Época 10/50 | Loss=0.022708
06:11:29 [INFO]     Época 20/50 | Loss=0.021051
06:11:33 [INFO]     Época 30/50 | Loss=0.020427
06:11:36 [INFO]     Época 40/50 | Loss=0.021265
06:11:39 [INFO]     Época 50/50 | Loss=0.019748
06:11:39 [INFO]   [82/960] CNN_w3_c32_k2_actrelu_d0.1_dense16_e50_lr0.001_b16  RMSE_test=0.0151  MAE_test=0.0113
06:11:46 [INFO]     Época 10/50 | Loss=0.023475
06:11:52 [INFO]     Época 20/50 | Loss=0.021516
06:11:59 [INFO]     Época 30/50 | Loss=0.020664
06:12:05 [INFO]     Época 40/50 | Loss=0.020270
06:12:12 [INFO]     Época 50/50 | Loss=0.020085
06:12:12 [INFO]   [83/960] CNN_w3_c32_k2_actrelu_d0.1_dense16_e50_lr0.0005_b8  RMSE_test=0.0134  MAE_test=0.0099
06:12:15 [INFO]     Época 10/50 | Loss=0.023349
06:12:19 [INFO]     Época 20/50 | Loss=0.021176
06:12:22 [INFO]     Época 30/50 | Loss=0.020541
06:12:25 [INFO]     Época 40/50 | Loss=0.021601
06:12:29 [INFO]     Época 50/50 | Loss=0.019800
06:12:29 [INFO]   [84/960] CNN_w3_c32_k2_actrelu_d0.1_dense16_e50_lr0.0005_b16  RMSE_test=0.0143  MAE_test=0.0108
06:12:35 [INFO]     Época 10/50 | Loss=0.016581
06:12:42 [INFO]     Época 20/50 | Loss=0.015333
06:12:48 [INFO]     Época 30/50 | Loss=0.014615
06:12:55 [INFO]     Época 40/50 | Loss=0.014294
06:13:01 [INFO]     Época 50/50 | Loss=0.014196
06:13:01 [INFO]   [85/960] CNN_w3_c32_k2_actrelu_d0.1_dense32_e50_lr0.001_b8  RMSE_test=0.0162  MAE_test=0.0123
06:13:05 [INFO]     Época 10/50 | Loss=0.017091
06:13:08 [INFO]     Época 20/50 | Loss=0.014996
06:13:11 [INFO]     Época 30/50 | Loss=0.013754
06:13:15 [INFO]     Época 40/50 | Loss=0.013634
06:13:18 [INFO]     Época 50/50 | Loss=0.013341
06:13:18 [INFO]   [86/960] CNN_w3_c32_k2_actrelu_d0.1_dense32_e50_lr0.001_b16  RMSE_test=0.0156  MAE_test=0.0118
06:13:25 [INFO]     Época 10/50 | Loss=0.017216
06:13:31 [INFO]     Época 20/50 | Loss=0.015306
06:13:38 [INFO]     Época 30/50 | Loss=0.014062
06:13:44 [INFO]     Época 40/50 | Loss=0.013189
06:13:51 [INFO]     Época 50/50 | Loss=0.013415
06:13:51 [INFO]   [87/960] CNN_w3_c32_k2_actrelu_d0.1_dense32_e50_lr0.0005_b8  RMSE_test=0.0150  MAE_test=0.0114
06:13:54 [INFO]     Época 10/50 | Loss=0.017551
06:13:58 [INFO]     Época 20/50 | Loss=0.015151
06:14:01 [INFO]     Época 30/50 | Loss=0.013668
06:14:04 [INFO]     Época 40/50 | Loss=0.013482
06:14:08 [INFO]     Época 50/50 | Loss=0.013020
06:14:08 [INFO]   [88/960] CNN_w3_c32_k2_actrelu_d0.1_dense32_e50_lr0.0005_b16  RMSE_test=0.0158  MAE_test=0.0121
06:14:14 [INFO]     Época 10/50 | Loss=0.022778
06:14:21 [INFO]     Época 20/50 | Loss=0.019460
06:14:27 [INFO]     Época 30/50 | Loss=0.016587
06:14:34 [INFO]     Época 40/50 | Loss=0.014909
06:14:40 [INFO]     Época 50/50 | Loss=0.013930
06:14:40 [INFO]   [89/960] CNN_w3_c32_k2_actleaky_relu_d0.1_dense16_e50_lr0.001_b8  RMSE_test=0.0137  MAE_test=0.0102
06:14:44 [INFO]     Época 10/50 | Loss=0.022228
06:14:47 [INFO]     Época 20/50 | Loss=0.020180
06:14:50 [INFO]     Época 30/50 | Loss=0.018393
06:14:54 [INFO]     Época 40/50 | Loss=0.017609
06:14:57 [INFO]     Época 50/50 | Loss=0.015069
06:14:57 [INFO]   [90/960] CNN_w3_c32_k2_actleaky_relu_d0.1_dense16_e50_lr0.001_b16  RMSE_test=0.0141  MAE_test=0.0107
06:15:04 [INFO]     Época 10/50 | Loss=0.023039
06:15:10 [INFO]     Época 20/50 | Loss=0.020581
06:15:17 [INFO]     Época 30/50 | Loss=0.018968
06:15:23 [INFO]     Época 40/50 | Loss=0.017249
06:15:30 [INFO]     Época 50/50 | Loss=0.015459
06:15:30 [INFO]   [91/960] CNN_w3_c32_k2_actleaky_relu_d0.1_dense16_e50_lr0.0005_b8  RMSE_test=0.0141  MAE_test=0.0104
06:15:33 [INFO]     Época 10/50 | Loss=0.022959
06:15:36 [INFO]     Época 20/50 | Loss=0.020662
06:15:40 [INFO]     Época 30/50 | Loss=0.019592
06:15:43 [INFO]     Época 40/50 | Loss=0.020003
06:15:47 [INFO]     Época 50/50 | Loss=0.017647
06:15:47 [INFO]   [92/960] CNN_w3_c32_k2_actleaky_relu_d0.1_dense16_e50_lr0.0005_b16  RMSE_test=0.0154  MAE_test=0.0117
06:15:53 [INFO]     Época 10/50 | Loss=0.015130
06:16:00 [INFO]     Época 20/50 | Loss=0.013135
06:16:06 [INFO]     Época 30/50 | Loss=0.011549
06:16:13 [INFO]     Época 40/50 | Loss=0.010907
06:16:19 [INFO]     Época 50/50 | Loss=0.010265
06:16:19 [INFO]   [93/960] CNN_w3_c32_k2_actleaky_relu_d0.1_dense32_e50_lr0.001_b8  RMSE_test=0.0157  MAE_test=0.0117
06:16:23 [INFO]     Época 10/50 | Loss=0.015653
06:16:26 [INFO]     Época 20/50 | Loss=0.013492
06:16:29 [INFO]     Época 30/50 | Loss=0.012107
06:16:33 [INFO]     Época 40/50 | Loss=0.011162
06:16:36 [INFO]     Época 50/50 | Loss=0.010739
06:16:36 [INFO]   [94/960] CNN_w3_c32_k2_actleaky_relu_d0.1_dense32_e50_lr0.001_b16  RMSE_test=0.0162  MAE_test=0.0122
06:16:43 [INFO]     Época 10/50 | Loss=0.015876
06:16:49 [INFO]     Época 20/50 | Loss=0.013656
06:16:56 [INFO]     Época 30/50 | Loss=0.012264
06:17:02 [INFO]     Época 40/50 | Loss=0.011288
06:17:09 [INFO]     Época 50/50 | Loss=0.010604
06:17:09 [INFO]   [95/960] CNN_w3_c32_k2_actleaky_relu_d0.1_dense32_e50_lr0.0005_b8  RMSE_test=0.0146  MAE_test=0.0110
06:17:12 [INFO]     Época 10/50 | Loss=0.016506
06:17:15 [INFO]     Época 20/50 | Loss=0.014265
06:17:19 [INFO]     Época 30/50 | Loss=0.012640
06:17:22 [INFO]     Época 40/50 | Loss=0.012037
06:17:25 [INFO]     Época 50/50 | Loss=0.011288
06:17:25 [INFO]   [96/960] CNN_w3_c32_k2_actleaky_relu_d0.1_dense32_e50_lr0.0005_b16  RMSE_test=0.0158  MAE_test=0.0119
06:17:31 [INFO]     Época 10/50 | Loss=0.003216
06:17:37 [INFO]     Época 20/50 | Loss=0.002804
06:17:43 [INFO]     Época 30/50 | Loss=0.002571
06:17:49 [INFO]     Época 40/50 | Loss=0.002491
06:17:56 [INFO]     Época 50/50 | Loss=0.002389
06:17:56 [INFO]   [97/960] CNN_w3_c32_k3_actrelu_d0.0_dense16_e50_lr0.001_b8  RMSE_test=0.0130  MAE_test=0.0097
06:17:59 [INFO]     Época 10/50 | Loss=0.003074
06:18:02 [INFO]     Época 20/50 | Loss=0.002646
06:18:05 [INFO]     Época 30/50 | Loss=0.002541
06:18:08 [INFO]     Época 40/50 | Loss=0.002439
06:18:11 [INFO]     Época 50/50 | Loss=0.002577
06:18:11 [INFO]   [98/960] CNN_w3_c32_k3_actrelu_d0.0_dense16_e50_lr0.001_b16  RMSE_test=0.0128  MAE_test=0.0092
06:18:17 [INFO]     Época 10/50 | Loss=0.003111
06:18:23 [INFO]     Época 20/50 | Loss=0.002731
06:18:29 [INFO]     Época 30/50 | Loss=0.002457
06:18:35 [INFO]     Época 40/50 | Loss=0.002422
06:18:41 [INFO]     Época 50/50 | Loss=0.002343
06:18:41 [INFO]   [99/960] CNN_w3_c32_k3_actrelu_d0.0_dense16_e50_lr0.0005_b8  RMSE_test=0.0124  MAE_test=0.0091
06:18:44 [INFO]     Época 10/50 | Loss=0.003272
06:18:47 [INFO]     Época 20/50 | Loss=0.002640
06:18:51 [INFO]     Época 30/50 | Loss=0.002449
06:18:54 [INFO]     Época 40/50 | Loss=0.002357
06:18:57 [INFO]     Época 50/50 | Loss=0.002392
06:18:57 [INFO]   [100/960] CNN_w3_c32_k3_actrelu_d0.0_dense16_e50_lr0.0005_b16  RMSE_test=0.0132  MAE_test=0.0096
06:19:03 [INFO]     Época 10/50 | Loss=0.003488
06:19:09 [INFO]     Época 20/50 | Loss=0.002866
06:19:15 [INFO]     Época 30/50 | Loss=0.002556
06:19:21 [INFO]     Época 40/50 | Loss=0.002448
06:19:27 [INFO]     Época 50/50 | Loss=0.002375
06:19:27 [INFO]   [101/960] CNN_w3_c32_k3_actrelu_d0.0_dense32_e50_lr0.001_b8  RMSE_test=0.0127  MAE_test=0.0093
06:19:30 [INFO]     Época 10/50 | Loss=0.003056
06:19:33 [INFO]     Época 20/50 | Loss=0.002608
06:19:36 [INFO]     Época 30/50 | Loss=0.002569
06:19:39 [INFO]     Época 40/50 | Loss=0.002476
06:19:43 [INFO]     Época 50/50 | Loss=0.002564
06:19:43 [INFO]   [102/960] CNN_w3_c32_k3_actrelu_d0.0_dense32_e50_lr0.001_b16  RMSE_test=0.0128  MAE_test=0.0092
06:19:49 [INFO]     Época 10/50 | Loss=0.003112
06:19:55 [INFO]     Época 20/50 | Loss=0.002776
06:20:01 [INFO]     Época 30/50 | Loss=0.002445
06:20:07 [INFO]     Época 40/50 | Loss=0.002419
06:20:13 [INFO]     Época 50/50 | Loss=0.002342
06:20:13 [INFO]   [103/960] CNN_w3_c32_k3_actrelu_d0.0_dense32_e50_lr0.0005_b8  RMSE_test=0.0135  MAE_test=0.0101
06:20:16 [INFO]     Época 10/50 | Loss=0.003145
06:20:19 [INFO]     Época 20/50 | Loss=0.002600
06:20:22 [INFO]     Época 30/50 | Loss=0.002481
06:20:25 [INFO]     Época 40/50 | Loss=0.002338
06:20:28 [INFO]     Época 50/50 | Loss=0.002394
06:20:28 [INFO]   [104/960] CNN_w3_c32_k3_actrelu_d0.0_dense32_e50_lr0.0005_b16  RMSE_test=0.0133  MAE_test=0.0097
06:20:34 [INFO]     Época 10/50 | Loss=0.003234
06:20:40 [INFO]     Época 20/50 | Loss=0.002778
06:20:46 [INFO]     Época 30/50 | Loss=0.002541
06:20:52 [INFO]     Época 40/50 | Loss=0.002492
06:20:58 [INFO]     Época 50/50 | Loss=0.002386
06:20:58 [INFO]   [105/960] CNN_w3_c32_k3_actleaky_relu_d0.0_dense16_e50_lr0.001_b8  RMSE_test=0.0123  MAE_test=0.0093
06:21:01 [INFO]     Época 10/50 | Loss=0.003115
06:21:04 [INFO]     Época 20/50 | Loss=0.002651
06:21:07 [INFO]     Época 30/50 | Loss=0.002504
06:21:10 [INFO]     Época 40/50 | Loss=0.002389
06:21:14 [INFO]     Época 50/50 | Loss=0.002510
06:21:14 [INFO]   [106/960] CNN_w3_c32_k3_actleaky_relu_d0.0_dense16_e50_lr0.001_b16  RMSE_test=0.0132  MAE_test=0.0097
06:21:20 [INFO]     Época 10/50 | Loss=0.003130
06:21:26 [INFO]     Época 20/50 | Loss=0.002717
06:21:31 [INFO]     Época 30/50 | Loss=0.002432
06:21:37 [INFO]     Época 40/50 | Loss=0.002410
06:21:43 [INFO]     Época 50/50 | Loss=0.002335
06:21:43 [INFO]   [107/960] CNN_w3_c32_k3_actleaky_relu_d0.0_dense16_e50_lr0.0005_b8  RMSE_test=0.0128  MAE_test=0.0094
06:21:47 [INFO]     Época 10/50 | Loss=0.003259
06:21:50 [INFO]     Época 20/50 | Loss=0.002683
06:21:53 [INFO]     Época 30/50 | Loss=0.002504
06:21:56 [INFO]     Época 40/50 | Loss=0.002347
06:21:59 [INFO]     Época 50/50 | Loss=0.002350
06:21:59 [INFO]   [108/960] CNN_w3_c32_k3_actleaky_relu_d0.0_dense16_e50_lr0.0005_b16  RMSE_test=0.0131  MAE_test=0.0097
06:22:05 [INFO]     Época 10/50 | Loss=0.003472
06:22:11 [INFO]     Época 20/50 | Loss=0.002876
06:22:17 [INFO]     Época 30/50 | Loss=0.002559
06:22:23 [INFO]     Época 40/50 | Loss=0.002494
06:22:29 [INFO]     Época 50/50 | Loss=0.002393
06:22:29 [INFO]   [109/960] CNN_w3_c32_k3_actleaky_relu_d0.0_dense32_e50_lr0.001_b8  RMSE_test=0.0129  MAE_test=0.0094
06:22:32 [INFO]     Época 10/50 | Loss=0.003067
06:22:35 [INFO]     Época 20/50 | Loss=0.002611
06:22:38 [INFO]     Época 30/50 | Loss=0.002550
06:22:41 [INFO]     Época 40/50 | Loss=0.002384
06:22:44 [INFO]     Época 50/50 | Loss=0.002545
06:22:44 [INFO]   [110/960] CNN_w3_c32_k3_actleaky_relu_d0.0_dense32_e50_lr0.001_b16  RMSE_test=0.0130  MAE_test=0.0095
06:22:50 [INFO]     Época 10/50 | Loss=0.003176
06:22:56 [INFO]     Época 20/50 | Loss=0.002769
06:23:02 [INFO]     Época 30/50 | Loss=0.002420
06:23:08 [INFO]     Época 40/50 | Loss=0.002382
06:23:14 [INFO]     Época 50/50 | Loss=0.002322
06:23:14 [INFO]   [111/960] CNN_w3_c32_k3_actleaky_relu_d0.0_dense32_e50_lr0.0005_b8  RMSE_test=0.0132  MAE_test=0.0098
06:23:17 [INFO]     Época 10/50 | Loss=0.003143
06:23:21 [INFO]     Época 20/50 | Loss=0.002579
06:23:24 [INFO]     Época 30/50 | Loss=0.002490
06:23:27 [INFO]     Época 40/50 | Loss=0.002308
06:23:30 [INFO]     Época 50/50 | Loss=0.002387
06:23:30 [INFO]   [112/960] CNN_w3_c32_k3_actleaky_relu_d0.0_dense32_e50_lr0.0005_b16  RMSE_test=0.0134  MAE_test=0.0099
06:23:36 [INFO]     Época 10/50 | Loss=0.025843
06:23:43 [INFO]     Época 20/50 | Loss=0.024099
06:23:49 [INFO]     Época 30/50 | Loss=0.023186
06:23:56 [INFO]     Época 40/50 | Loss=0.022751
06:24:02 [INFO]     Época 50/50 | Loss=0.022401
06:24:02 [INFO]   [113/960] CNN_w3_c32_k3_actrelu_d0.1_dense16_e50_lr0.001_b8  RMSE_test=0.0151  MAE_test=0.0112
06:24:05 [INFO]     Época 10/50 | Loss=0.025280
06:24:09 [INFO]     Época 20/50 | Loss=0.022407
06:24:12 [INFO]     Época 30/50 | Loss=0.022814
06:24:15 [INFO]     Época 40/50 | Loss=0.022623
06:24:19 [INFO]     Época 50/50 | Loss=0.021758
06:24:19 [INFO]   [114/960] CNN_w3_c32_k3_actrelu_d0.1_dense16_e50_lr0.001_b16  RMSE_test=0.0150  MAE_test=0.0112
06:24:25 [INFO]     Época 10/50 | Loss=0.025343
06:24:31 [INFO]     Época 20/50 | Loss=0.023570
06:24:38 [INFO]     Época 30/50 | Loss=0.022588
06:24:44 [INFO]     Época 40/50 | Loss=0.021908
06:24:51 [INFO]     Época 50/50 | Loss=0.021841
06:24:51 [INFO]   [115/960] CNN_w3_c32_k3_actrelu_d0.1_dense16_e50_lr0.0005_b8  RMSE_test=0.0129  MAE_test=0.0094
06:24:54 [INFO]     Época 10/50 | Loss=0.025812
06:24:57 [INFO]     Época 20/50 | Loss=0.022779
06:25:01 [INFO]     Época 30/50 | Loss=0.022871
06:25:04 [INFO]     Época 40/50 | Loss=0.022578
06:25:07 [INFO]     Época 50/50 | Loss=0.021132
06:25:07 [INFO]   [116/960] CNN_w3_c32_k3_actrelu_d0.1_dense16_e50_lr0.0005_b16  RMSE_test=0.0155  MAE_test=0.0118
06:25:14 [INFO]     Época 10/50 | Loss=0.017429
06:25:20 [INFO]     Época 20/50 | Loss=0.015027
06:25:26 [INFO]     Época 30/50 | Loss=0.015535
06:25:33 [INFO]     Época 40/50 | Loss=0.014802
06:25:39 [INFO]     Época 50/50 | Loss=0.014453
06:25:39 [INFO]   [117/960] CNN_w3_c32_k3_actrelu_d0.1_dense32_e50_lr0.001_b8  RMSE_test=0.0127  MAE_test=0.0092
06:25:43 [INFO]     Época 10/50 | Loss=0.015908
06:25:46 [INFO]     Época 20/50 | Loss=0.014328
06:25:49 [INFO]     Época 30/50 | Loss=0.013135
06:25:52 [INFO]     Época 40/50 | Loss=0.012979
06:25:56 [INFO]     Época 50/50 | Loss=0.013178
06:25:56 [INFO]   [118/960] CNN_w3_c32_k3_actrelu_d0.1_dense32_e50_lr0.001_b16  RMSE_test=0.0161  MAE_test=0.0120
06:26:02 [INFO]     Época 10/50 | Loss=0.016816
06:26:09 [INFO]     Época 20/50 | Loss=0.014119
06:26:15 [INFO]     Época 30/50 | Loss=0.013929
06:26:21 [INFO]     Época 40/50 | Loss=0.012991
06:26:28 [INFO]     Época 50/50 | Loss=0.013030
06:26:28 [INFO]   [119/960] CNN_w3_c32_k3_actrelu_d0.1_dense32_e50_lr0.0005_b8  RMSE_test=0.0135  MAE_test=0.0100
06:26:31 [INFO]     Época 10/50 | Loss=0.016740
06:26:34 [INFO]     Época 20/50 | Loss=0.014154
06:26:38 [INFO]     Época 30/50 | Loss=0.013175
06:26:41 [INFO]     Época 40/50 | Loss=0.012635
06:26:44 [INFO]     Época 50/50 | Loss=0.012802
06:26:44 [INFO]   [120/960] CNN_w3_c32_k3_actrelu_d0.1_dense32_e50_lr0.0005_b16  RMSE_test=0.0138  MAE_test=0.0104
06:26:51 [INFO]     Época 10/50 | Loss=0.023591
06:26:57 [INFO]     Época 20/50 | Loss=0.019720
06:27:03 [INFO]     Época 30/50 | Loss=0.016644
06:27:10 [INFO]     Época 40/50 | Loss=0.014873
06:27:16 [INFO]     Época 50/50 | Loss=0.014042
06:27:16 [INFO]   [121/960] CNN_w3_c32_k3_actleaky_relu_d0.1_dense16_e50_lr0.001_b8  RMSE_test=0.0130  MAE_test=0.0095
06:27:20 [INFO]     Época 10/50 | Loss=0.023328
06:27:23 [INFO]     Época 20/50 | Loss=0.020413
06:27:26 [INFO]     Época 30/50 | Loss=0.018762
06:27:29 [INFO]     Época 40/50 | Loss=0.017752
06:27:33 [INFO]     Época 50/50 | Loss=0.015342
06:27:33 [INFO]   [122/960] CNN_w3_c32_k3_actleaky_relu_d0.1_dense16_e50_lr0.001_b16  RMSE_test=0.0164  MAE_test=0.0126
06:27:39 [INFO]     Época 10/50 | Loss=0.023442
06:27:45 [INFO]     Época 20/50 | Loss=0.020843
06:27:52 [INFO]     Época 30/50 | Loss=0.018998
06:27:58 [INFO]     Época 40/50 | Loss=0.016857
06:28:05 [INFO]     Época 50/50 | Loss=0.015319
06:28:05 [INFO]   [123/960] CNN_w3_c32_k3_actleaky_relu_d0.1_dense16_e50_lr0.0005_b8  RMSE_test=0.0133  MAE_test=0.0098
06:28:08 [INFO]     Época 10/50 | Loss=0.023897
06:28:11 [INFO]     Época 20/50 | Loss=0.021059
06:28:15 [INFO]     Época 30/50 | Loss=0.020369
06:28:18 [INFO]     Época 40/50 | Loss=0.020048
06:28:21 [INFO]     Época 50/50 | Loss=0.017446
06:28:21 [INFO]   [124/960] CNN_w3_c32_k3_actleaky_relu_d0.1_dense16_e50_lr0.0005_b16  RMSE_test=0.0153  MAE_test=0.0116
06:28:28 [INFO]     Época 10/50 | Loss=0.015848
06:28:34 [INFO]     Época 20/50 | Loss=0.012559
06:28:40 [INFO]     Época 30/50 | Loss=0.011696
06:28:47 [INFO]     Época 40/50 | Loss=0.010536
06:28:53 [INFO]     Época 50/50 | Loss=0.010482
06:28:53 [INFO]   [125/960] CNN_w3_c32_k3_actleaky_relu_d0.1_dense32_e50_lr0.001_b8  RMSE_test=0.0136  MAE_test=0.0101
06:28:56 [INFO]     Época 10/50 | Loss=0.015481
06:29:00 [INFO]     Época 20/50 | Loss=0.013370
06:29:03 [INFO]     Época 30/50 | Loss=0.012033
06:29:06 [INFO]     Época 40/50 | Loss=0.010992
06:29:10 [INFO]     Época 50/50 | Loss=0.010744
06:29:10 [INFO]   [126/960] CNN_w3_c32_k3_actleaky_relu_d0.1_dense32_e50_lr0.001_b16  RMSE_test=0.0173  MAE_test=0.0133
06:29:16 [INFO]     Época 10/50 | Loss=0.015916
06:29:22 [INFO]     Época 20/50 | Loss=0.012712
06:29:29 [INFO]     Época 30/50 | Loss=0.011922
06:29:35 [INFO]     Época 40/50 | Loss=0.010643
06:29:41 [INFO]     Época 50/50 | Loss=0.010249
06:29:41 [INFO]   [127/960] CNN_w3_c32_k3_actleaky_relu_d0.1_dense32_e50_lr0.0005_b8  RMSE_test=0.0136  MAE_test=0.0101
06:29:45 [INFO]     Época 10/50 | Loss=0.016289
06:29:48 [INFO]     Época 20/50 | Loss=0.013548
06:29:51 [INFO]     Época 30/50 | Loss=0.012462
06:29:55 [INFO]     Época 40/50 | Loss=0.011456
06:29:58 [INFO]     Época 50/50 | Loss=0.011321
06:29:58 [INFO]   [128/960] CNN_w3_c32_k3_actleaky_relu_d0.1_dense32_e50_lr0.0005_b16  RMSE_test=0.0139  MAE_test=0.0104
06:30:06 [INFO]     Época 10/50 | Loss=0.003397
06:30:13 [INFO]     Época 20/50 | Loss=0.002927
06:30:21 [INFO]     Época 30/50 | Loss=0.002696
06:30:28 [INFO]     Época 40/50 | Loss=0.002577
06:30:36 [INFO]     Época 50/50 | Loss=0.002503
06:30:36 [INFO]   [129/960] CNN_w3_c16x32_k2_actrelu_d0.0_dense16_e50_lr0.001_b8  RMSE_test=0.0128  MAE_test=0.0094
06:30:40 [INFO]     Época 10/50 | Loss=0.003207
06:30:44 [INFO]     Época 20/50 | Loss=0.002765
06:30:48 [INFO]     Época 30/50 | Loss=0.002625
06:30:52 [INFO]     Época 40/50 | Loss=0.002496
06:30:55 [INFO]     Época 50/50 | Loss=0.002569
06:30:55 [INFO]   [130/960] CNN_w3_c16x32_k2_actrelu_d0.0_dense16_e50_lr0.001_b16  RMSE_test=0.0129  MAE_test=0.0094
06:31:03 [INFO]     Época 10/50 | Loss=0.003136
06:31:11 [INFO]     Época 20/50 | Loss=0.002867
06:31:18 [INFO]     Época 30/50 | Loss=0.002531
06:31:26 [INFO]     Época 40/50 | Loss=0.002522
06:31:33 [INFO]     Época 50/50 | Loss=0.002384
06:31:33 [INFO]   [131/960] CNN_w3_c16x32_k2_actrelu_d0.0_dense16_e50_lr0.0005_b8  RMSE_test=0.0138  MAE_test=0.0104
06:31:37 [INFO]     Época 10/50 | Loss=0.003326
06:31:41 [INFO]     Época 20/50 | Loss=0.002672
06:31:45 [INFO]     Época 30/50 | Loss=0.002498
06:31:49 [INFO]     Época 40/50 | Loss=0.002450
06:31:53 [INFO]     Época 50/50 | Loss=0.002480
06:31:53 [INFO]   [132/960] CNN_w3_c16x32_k2_actrelu_d0.0_dense16_e50_lr0.0005_b16  RMSE_test=0.0134  MAE_test=0.0098
06:32:00 [INFO]     Época 10/50 | Loss=0.003396
06:32:08 [INFO]     Época 20/50 | Loss=0.002890
06:32:16 [INFO]     Época 30/50 | Loss=0.002684
06:32:23 [INFO]     Época 40/50 | Loss=0.002497
06:32:31 [INFO]     Época 50/50 | Loss=0.002380
06:32:31 [INFO]   [133/960] CNN_w3_c16x32_k2_actrelu_d0.0_dense32_e50_lr0.001_b8  RMSE_test=0.0129  MAE_test=0.0094
06:32:35 [INFO]     Época 10/50 | Loss=0.003391
06:32:39 [INFO]     Época 20/50 | Loss=0.002839
06:32:43 [INFO]     Época 30/50 | Loss=0.002605
06:32:46 [INFO]     Época 40/50 | Loss=0.002538
06:32:50 [INFO]     Época 50/50 | Loss=0.002621
06:32:50 [INFO]   [134/960] CNN_w3_c16x32_k2_actrelu_d0.0_dense32_e50_lr0.001_b16  RMSE_test=0.0126  MAE_test=0.0092
06:32:58 [INFO]     Época 10/50 | Loss=0.003212
06:33:05 [INFO]     Época 20/50 | Loss=0.002873
06:33:13 [INFO]     Época 30/50 | Loss=0.002585
06:33:21 [INFO]     Época 40/50 | Loss=0.002495
06:33:28 [INFO]     Época 50/50 | Loss=0.002390
06:33:28 [INFO]   [135/960] CNN_w3_c16x32_k2_actrelu_d0.0_dense32_e50_lr0.0005_b8  RMSE_test=0.0130  MAE_test=0.0094
06:33:32 [INFO]     Época 10/50 | Loss=0.003190
06:33:36 [INFO]     Época 20/50 | Loss=0.002661
06:33:40 [INFO]     Época 30/50 | Loss=0.002476
06:33:44 [INFO]     Época 40/50 | Loss=0.002382
06:33:48 [INFO]     Época 50/50 | Loss=0.002444
06:33:48 [INFO]   [136/960] CNN_w3_c16x32_k2_actrelu_d0.0_dense32_e50_lr0.0005_b16  RMSE_test=0.0132  MAE_test=0.0096
06:33:55 [INFO]     Época 10/50 | Loss=0.003448
06:34:03 [INFO]     Época 20/50 | Loss=0.002946
06:34:10 [INFO]     Época 30/50 | Loss=0.002680
06:34:18 [INFO]     Época 40/50 | Loss=0.002564
06:34:25 [INFO]     Época 50/50 | Loss=0.002470
06:34:25 [INFO]   [137/960] CNN_w3_c16x32_k2_actleaky_relu_d0.0_dense16_e50_lr0.001_b8  RMSE_test=0.0131  MAE_test=0.0097
06:34:29 [INFO]     Época 10/50 | Loss=0.003145
06:34:33 [INFO]     Época 20/50 | Loss=0.002732
06:34:37 [INFO]     Época 30/50 | Loss=0.002565
06:34:41 [INFO]     Época 40/50 | Loss=0.002535
06:34:45 [INFO]     Época 50/50 | Loss=0.002567
06:34:45 [INFO]   [138/960] CNN_w3_c16x32_k2_actleaky_relu_d0.0_dense16_e50_lr0.001_b16  RMSE_test=0.0129  MAE_test=0.0095
06:34:52 [INFO]     Época 10/50 | Loss=0.003125
06:35:00 [INFO]     Época 20/50 | Loss=0.002834
06:35:08 [INFO]     Época 30/50 | Loss=0.002550
06:35:15 [INFO]     Época 40/50 | Loss=0.002507
06:35:23 [INFO]     Época 50/50 | Loss=0.002418
06:35:23 [INFO]   [139/960] CNN_w3_c16x32_k2_actleaky_relu_d0.0_dense16_e50_lr0.0005_b8  RMSE_test=0.0135  MAE_test=0.0102
06:35:27 [INFO]     Época 10/50 | Loss=0.003135
06:35:31 [INFO]     Época 20/50 | Loss=0.002668
06:35:34 [INFO]     Época 30/50 | Loss=0.002477
06:35:38 [INFO]     Época 40/50 | Loss=0.002427
06:35:42 [INFO]     Época 50/50 | Loss=0.002512
06:35:42 [INFO]   [140/960] CNN_w3_c16x32_k2_actleaky_relu_d0.0_dense16_e50_lr0.0005_b16  RMSE_test=0.0134  MAE_test=0.0099
06:35:50 [INFO]     Época 10/50 | Loss=0.003305
06:35:57 [INFO]     Época 20/50 | Loss=0.002919
06:36:05 [INFO]     Época 30/50 | Loss=0.002608
06:36:12 [INFO]     Época 40/50 | Loss=0.002497
06:36:20 [INFO]     Época 50/50 | Loss=0.002381
06:36:20 [INFO]   [141/960] CNN_w3_c16x32_k2_actleaky_relu_d0.0_dense32_e50_lr0.001_b8  RMSE_test=0.0128  MAE_test=0.0095
06:36:24 [INFO]     Época 10/50 | Loss=0.003321
06:36:28 [INFO]     Época 20/50 | Loss=0.002821
06:36:32 [INFO]     Época 30/50 | Loss=0.002605
06:36:36 [INFO]     Época 40/50 | Loss=0.002481
06:36:39 [INFO]     Época 50/50 | Loss=0.002561
06:36:39 [INFO]   [142/960] CNN_w3_c16x32_k2_actleaky_relu_d0.0_dense32_e50_lr0.001_b16  RMSE_test=0.0126  MAE_test=0.0090
06:36:47 [INFO]     Época 10/50 | Loss=0.003190
06:36:55 [INFO]     Época 20/50 | Loss=0.002867
06:37:02 [INFO]     Época 30/50 | Loss=0.002557
06:37:10 [INFO]     Época 40/50 | Loss=0.002470
06:37:17 [INFO]     Época 50/50 | Loss=0.002366
06:37:17 [INFO]   [143/960] CNN_w3_c16x32_k2_actleaky_relu_d0.0_dense32_e50_lr0.0005_b8  RMSE_test=0.0128  MAE_test=0.0094
06:37:21 [INFO]     Época 10/50 | Loss=0.003196
06:37:25 [INFO]     Época 20/50 | Loss=0.002649
06:37:29 [INFO]     Época 30/50 | Loss=0.002515
06:37:33 [INFO]     Época 40/50 | Loss=0.002427
06:37:37 [INFO]     Época 50/50 | Loss=0.002496
06:37:37 [INFO]   [144/960] CNN_w3_c16x32_k2_actleaky_relu_d0.0_dense32_e50_lr0.0005_b16  RMSE_test=0.0131  MAE_test=0.0095
06:37:45 [INFO]     Época 10/50 | Loss=0.028436
06:37:53 [INFO]     Época 20/50 | Loss=0.026903
06:38:01 [INFO]     Época 30/50 | Loss=0.027918
06:38:09 [INFO]     Época 40/50 | Loss=0.026284
06:38:18 [INFO]     Época 50/50 | Loss=0.025612
06:38:18 [INFO]   [145/960] CNN_w3_c16x32_k2_actrelu_d0.1_dense16_e50_lr0.001_b8  RMSE_test=0.0190  MAE_test=0.0152
06:38:22 [INFO]     Época 10/50 | Loss=0.031740
06:38:26 [INFO]     Época 20/50 | Loss=0.028854
06:38:30 [INFO]     Época 30/50 | Loss=0.026572
06:38:35 [INFO]     Época 40/50 | Loss=0.024566
06:38:39 [INFO]     Época 50/50 | Loss=0.024672
06:38:39 [INFO]   [146/960] CNN_w3_c16x32_k2_actrelu_d0.1_dense16_e50_lr0.001_b16  RMSE_test=0.0220  MAE_test=0.0163
06:38:47 [INFO]     Época 10/50 | Loss=0.026950
06:38:55 [INFO]     Época 20/50 | Loss=0.025165
06:39:03 [INFO]     Época 30/50 | Loss=0.024318
06:39:12 [INFO]     Época 40/50 | Loss=0.023851
06:39:20 [INFO]     Época 50/50 | Loss=0.022456
06:39:20 [INFO]   [147/960] CNN_w3_c16x32_k2_actrelu_d0.1_dense16_e50_lr0.0005_b8  RMSE_test=0.0186  MAE_test=0.0151
06:39:24 [INFO]     Época 10/50 | Loss=0.031234
06:39:28 [INFO]     Época 20/50 | Loss=0.025852
06:39:32 [INFO]     Época 30/50 | Loss=0.024098
06:39:37 [INFO]     Época 40/50 | Loss=0.021870
06:39:41 [INFO]     Época 50/50 | Loss=0.020502
06:39:41 [INFO]   [148/960] CNN_w3_c16x32_k2_actrelu_d0.1_dense16_e50_lr0.0005_b16  RMSE_test=0.0181  MAE_test=0.0138
06:39:49 [INFO]     Época 10/50 | Loss=0.019353
06:39:57 [INFO]     Época 20/50 | Loss=0.016978
06:40:05 [INFO]     Época 30/50 | Loss=0.016346
06:40:13 [INFO]     Época 40/50 | Loss=0.016163
06:40:22 [INFO]     Época 50/50 | Loss=0.015243
06:40:22 [INFO]   [149/960] CNN_w3_c16x32_k2_actrelu_d0.1_dense32_e50_lr0.001_b8  RMSE_test=0.0150  MAE_test=0.0114
06:40:26 [INFO]     Época 10/50 | Loss=0.018340
06:40:30 [INFO]     Época 20/50 | Loss=0.016000
06:40:34 [INFO]     Época 30/50 | Loss=0.015339
06:40:38 [INFO]     Época 40/50 | Loss=0.014082
06:40:43 [INFO]     Época 50/50 | Loss=0.013849
06:40:43 [INFO]   [150/960] CNN_w3_c16x32_k2_actrelu_d0.1_dense32_e50_lr0.001_b16  RMSE_test=0.0197  MAE_test=0.0147
06:40:51 [INFO]     Época 10/50 | Loss=0.019325
06:40:59 [INFO]     Época 20/50 | Loss=0.016346
06:41:07 [INFO]     Época 30/50 | Loss=0.015343
06:41:15 [INFO]     Época 40/50 | Loss=0.014521
06:41:23 [INFO]     Época 50/50 | Loss=0.013542
06:41:23 [INFO]   [151/960] CNN_w3_c16x32_k2_actrelu_d0.1_dense32_e50_lr0.0005_b8  RMSE_test=0.0157  MAE_test=0.0120
06:41:28 [INFO]     Época 10/50 | Loss=0.020959
06:41:32 [INFO]     Época 20/50 | Loss=0.016858
06:41:36 [INFO]     Época 30/50 | Loss=0.015710
06:41:40 [INFO]     Época 40/50 | Loss=0.014521
06:41:44 [INFO]     Época 50/50 | Loss=0.013374
06:41:44 [INFO]   [152/960] CNN_w3_c16x32_k2_actrelu_d0.1_dense32_e50_lr0.0005_b16  RMSE_test=0.0201  MAE_test=0.0153
06:41:53 [INFO]     Época 10/50 | Loss=0.023080
06:42:01 [INFO]     Época 20/50 | Loss=0.019770
06:42:09 [INFO]     Época 30/50 | Loss=0.017855
06:42:17 [INFO]     Época 40/50 | Loss=0.016628
06:42:25 [INFO]     Época 50/50 | Loss=0.014989
06:42:25 [INFO]   [153/960] CNN_w3_c16x32_k2_actleaky_relu_d0.1_dense16_e50_lr0.001_b8  RMSE_test=0.0200  MAE_test=0.0160
06:42:30 [INFO]     Época 10/50 | Loss=0.025498
06:42:34 [INFO]     Época 20/50 | Loss=0.021508
06:42:38 [INFO]     Época 30/50 | Loss=0.019114
06:42:42 [INFO]     Época 40/50 | Loss=0.016592
06:42:46 [INFO]     Época 50/50 | Loss=0.015470
06:42:46 [INFO]   [154/960] CNN_w3_c16x32_k2_actleaky_relu_d0.1_dense16_e50_lr0.001_b16  RMSE_test=0.0220  MAE_test=0.0170
06:42:55 [INFO]     Época 10/50 | Loss=0.024611
06:43:03 [INFO]     Época 20/50 | Loss=0.021220
06:43:11 [INFO]     Época 30/50 | Loss=0.019717
06:43:19 [INFO]     Época 40/50 | Loss=0.017697
06:43:27 [INFO]     Época 50/50 | Loss=0.014994
06:43:27 [INFO]   [155/960] CNN_w3_c16x32_k2_actleaky_relu_d0.1_dense16_e50_lr0.0005_b8  RMSE_test=0.0183  MAE_test=0.0145
06:43:32 [INFO]     Época 10/50 | Loss=0.028150
06:43:36 [INFO]     Época 20/50 | Loss=0.024115
06:43:40 [INFO]     Época 30/50 | Loss=0.021576
06:43:44 [INFO]     Época 40/50 | Loss=0.019088
06:43:48 [INFO]     Época 50/50 | Loss=0.017406
06:43:49 [INFO]   [156/960] CNN_w3_c16x32_k2_actleaky_relu_d0.1_dense16_e50_lr0.0005_b16  RMSE_test=0.0175  MAE_test=0.0134
06:43:57 [INFO]     Época 10/50 | Loss=0.016906
06:44:05 [INFO]     Época 20/50 | Loss=0.013085
06:44:13 [INFO]     Época 30/50 | Loss=0.012238
06:44:21 [INFO]     Época 40/50 | Loss=0.011091
06:44:29 [INFO]     Época 50/50 | Loss=0.010418
06:44:29 [INFO]   [157/960] CNN_w3_c16x32_k2_actleaky_relu_d0.1_dense32_e50_lr0.001_b8  RMSE_test=0.0158  MAE_test=0.0122
06:44:34 [INFO]     Época 10/50 | Loss=0.017962
06:44:38 [INFO]     Época 20/50 | Loss=0.014901
06:44:42 [INFO]     Época 30/50 | Loss=0.013113
06:44:46 [INFO]     Época 40/50 | Loss=0.011416
06:44:50 [INFO]     Época 50/50 | Loss=0.010730
06:44:50 [INFO]   [158/960] CNN_w3_c16x32_k2_actleaky_relu_d0.1_dense32_e50_lr0.001_b16  RMSE_test=0.0184  MAE_test=0.0141
06:44:59 [INFO]     Época 10/50 | Loss=0.018811
06:45:07 [INFO]     Época 20/50 | Loss=0.014872
06:45:15 [INFO]     Época 30/50 | Loss=0.013432
06:45:23 [INFO]     Época 40/50 | Loss=0.011859
06:45:31 [INFO]     Época 50/50 | Loss=0.010683
06:45:31 [INFO]   [159/960] CNN_w3_c16x32_k2_actleaky_relu_d0.1_dense32_e50_lr0.0005_b8  RMSE_test=0.0173  MAE_test=0.0132
06:45:36 [INFO]     Época 10/50 | Loss=0.020214
06:45:40 [INFO]     Época 20/50 | Loss=0.016392
06:45:44 [INFO]     Época 30/50 | Loss=0.014873
06:45:48 [INFO]     Época 40/50 | Loss=0.013091
06:45:52 [INFO]     Época 50/50 | Loss=0.011911
06:45:52 [INFO]   [160/960] CNN_w3_c16x32_k2_actleaky_relu_d0.1_dense32_e50_lr0.0005_b16  RMSE_test=0.0188  MAE_test=0.0141
06:46:00 [INFO]     Época 10/50 | Loss=0.003519
06:46:07 [INFO]     Época 20/50 | Loss=0.002879
06:46:14 [INFO]     Época 30/50 | Loss=0.002535
06:46:21 [INFO]     Época 40/50 | Loss=0.002438
06:46:28 [INFO]     Época 50/50 | Loss=0.002361
06:46:28 [INFO]   [161/960] CNN_w3_c16x32_k3_actrelu_d0.0_dense16_e50_lr0.001_b8  RMSE_test=0.0125  MAE_test=0.0093
06:46:32 [INFO]     Época 10/50 | Loss=0.003214
06:46:36 [INFO]     Época 20/50 | Loss=0.002776
06:46:39 [INFO]     Época 30/50 | Loss=0.002602
06:46:43 [INFO]     Época 40/50 | Loss=0.002426
06:46:47 [INFO]     Época 50/50 | Loss=0.002515
06:46:47 [INFO]   [162/960] CNN_w3_c16x32_k3_actrelu_d0.0_dense16_e50_lr0.001_b16  RMSE_test=0.0130  MAE_test=0.0094
06:46:54 [INFO]     Época 10/50 | Loss=0.003283
06:47:01 [INFO]     Época 20/50 | Loss=0.002887
06:47:08 [INFO]     Época 30/50 | Loss=0.002518
06:47:15 [INFO]     Época 40/50 | Loss=0.002463
06:47:23 [INFO]     Época 50/50 | Loss=0.002381
06:47:23 [INFO]   [163/960] CNN_w3_c16x32_k3_actrelu_d0.0_dense16_e50_lr0.0005_b8  RMSE_test=0.0136  MAE_test=0.0101
06:47:27 [INFO]     Época 10/50 | Loss=0.003225
06:47:31 [INFO]     Época 20/50 | Loss=0.002721
06:47:34 [INFO]     Época 30/50 | Loss=0.002523
06:47:38 [INFO]     Época 40/50 | Loss=0.002422
06:47:41 [INFO]     Época 50/50 | Loss=0.002452
06:47:41 [INFO]   [164/960] CNN_w3_c16x32_k3_actrelu_d0.0_dense16_e50_lr0.0005_b16  RMSE_test=0.0131  MAE_test=0.0096
06:47:49 [INFO]     Época 10/50 | Loss=0.003592
06:47:56 [INFO]     Época 20/50 | Loss=0.002869
06:48:03 [INFO]     Época 30/50 | Loss=0.002542
06:48:10 [INFO]     Época 40/50 | Loss=0.002418
06:48:17 [INFO]     Época 50/50 | Loss=0.002305
06:48:17 [INFO]   [165/960] CNN_w3_c16x32_k3_actrelu_d0.0_dense32_e50_lr0.001_b8  RMSE_test=0.0129  MAE_test=0.0094
06:48:21 [INFO]     Época 10/50 | Loss=0.003336
06:48:24 [INFO]     Época 20/50 | Loss=0.002778
06:48:28 [INFO]     Época 30/50 | Loss=0.002581
06:48:32 [INFO]     Época 40/50 | Loss=0.002421
06:48:35 [INFO]     Época 50/50 | Loss=0.002426
06:48:35 [INFO]   [166/960] CNN_w3_c16x32_k3_actrelu_d0.0_dense32_e50_lr0.001_b16  RMSE_test=0.0127  MAE_test=0.0093
06:48:43 [INFO]     Época 10/50 | Loss=0.003441
06:48:50 [INFO]     Época 20/50 | Loss=0.002876
06:48:57 [INFO]     Época 30/50 | Loss=0.002532
06:49:04 [INFO]     Época 40/50 | Loss=0.002430
06:49:11 [INFO]     Época 50/50 | Loss=0.002351
06:49:11 [INFO]   [167/960] CNN_w3_c16x32_k3_actrelu_d0.0_dense32_e50_lr0.0005_b8  RMSE_test=0.0130  MAE_test=0.0099
06:49:15 [INFO]     Época 10/50 | Loss=0.003287
06:49:19 [INFO]     Época 20/50 | Loss=0.002756
06:49:22 [INFO]     Época 30/50 | Loss=0.002574
06:49:26 [INFO]     Época 40/50 | Loss=0.002385
06:49:30 [INFO]     Época 50/50 | Loss=0.002437
06:49:30 [INFO]   [168/960] CNN_w3_c16x32_k3_actrelu_d0.0_dense32_e50_lr0.0005_b16  RMSE_test=0.0129  MAE_test=0.0095
06:49:37 [INFO]     Época 10/50 | Loss=0.003409
06:49:44 [INFO]     Época 20/50 | Loss=0.002919
06:49:51 [INFO]     Época 30/50 | Loss=0.002552
06:49:59 [INFO]     Época 40/50 | Loss=0.002438
06:50:06 [INFO]     Época 50/50 | Loss=0.002319
06:50:06 [INFO]   [169/960] CNN_w3_c16x32_k3_actleaky_relu_d0.0_dense16_e50_lr0.001_b8  RMSE_test=0.0126  MAE_test=0.0091
06:50:09 [INFO]     Época 10/50 | Loss=0.003168
06:50:13 [INFO]     Época 20/50 | Loss=0.002747
06:50:17 [INFO]     Época 30/50 | Loss=0.002545
06:50:20 [INFO]     Época 40/50 | Loss=0.002413
06:50:24 [INFO]     Época 50/50 | Loss=0.002421
06:50:24 [INFO]   [170/960] CNN_w3_c16x32_k3_actleaky_relu_d0.0_dense16_e50_lr0.001_b16  RMSE_test=0.0126  MAE_test=0.0090
06:50:31 [INFO]     Época 10/50 | Loss=0.003299
06:50:38 [INFO]     Época 20/50 | Loss=0.002860
06:50:45 [INFO]     Época 30/50 | Loss=0.002510
06:50:53 [INFO]     Época 40/50 | Loss=0.002415
06:51:00 [INFO]     Época 50/50 | Loss=0.002365
06:51:00 [INFO]   [171/960] CNN_w3_c16x32_k3_actleaky_relu_d0.0_dense16_e50_lr0.0005_b8  RMSE_test=0.0130  MAE_test=0.0096
06:51:03 [INFO]     Época 10/50 | Loss=0.003233
06:51:07 [INFO]     Época 20/50 | Loss=0.002772
06:51:11 [INFO]     Época 30/50 | Loss=0.002512
06:51:14 [INFO]     Época 40/50 | Loss=0.002431
06:51:18 [INFO]     Época 50/50 | Loss=0.002445
06:51:18 [INFO]   [172/960] CNN_w3_c16x32_k3_actleaky_relu_d0.0_dense16_e50_lr0.0005_b16  RMSE_test=0.0130  MAE_test=0.0094
06:51:25 [INFO]     Época 10/50 | Loss=0.003577
06:51:32 [INFO]     Época 20/50 | Loss=0.002916
06:51:39 [INFO]     Época 30/50 | Loss=0.002563
06:51:47 [INFO]     Época 40/50 | Loss=0.002422
06:51:54 [INFO]     Época 50/50 | Loss=0.002346
06:51:54 [INFO]   [173/960] CNN_w3_c16x32_k3_actleaky_relu_d0.0_dense32_e50_lr0.001_b8  RMSE_test=0.0126  MAE_test=0.0092
06:51:57 [INFO]     Época 10/50 | Loss=0.003321
06:52:01 [INFO]     Época 20/50 | Loss=0.002726
06:52:05 [INFO]     Época 30/50 | Loss=0.002549
06:52:08 [INFO]     Época 40/50 | Loss=0.002429
06:52:12 [INFO]     Época 50/50 | Loss=0.002450
06:52:12 [INFO]   [174/960] CNN_w3_c16x32_k3_actleaky_relu_d0.0_dense32_e50_lr0.001_b16  RMSE_test=0.0127  MAE_test=0.0093
06:52:19 [INFO]     Época 10/50 | Loss=0.003429
06:52:26 [INFO]     Época 20/50 | Loss=0.002814
06:52:33 [INFO]     Época 30/50 | Loss=0.002520
06:52:41 [INFO]     Época 40/50 | Loss=0.002384
06:52:48 [INFO]     Época 50/50 | Loss=0.002351
06:52:48 [INFO]   [175/960] CNN_w3_c16x32_k3_actleaky_relu_d0.0_dense32_e50_lr0.0005_b8  RMSE_test=0.0128  MAE_test=0.0095
06:52:51 [INFO]     Época 10/50 | Loss=0.003272
06:52:55 [INFO]     Época 20/50 | Loss=0.002739
06:52:59 [INFO]     Época 30/50 | Loss=0.002565
06:53:02 [INFO]     Época 40/50 | Loss=0.002374
06:53:06 [INFO]     Época 50/50 | Loss=0.002409
06:53:06 [INFO]   [176/960] CNN_w3_c16x32_k3_actleaky_relu_d0.0_dense32_e50_lr0.0005_b16  RMSE_test=0.0126  MAE_test=0.0093
06:53:14 [INFO]     Época 10/50 | Loss=0.028824
06:53:22 [INFO]     Época 20/50 | Loss=0.026522
06:53:29 [INFO]     Época 30/50 | Loss=0.025348
06:53:37 [INFO]     Época 40/50 | Loss=0.025612
06:53:45 [INFO]     Época 50/50 | Loss=0.023371
06:53:45 [INFO]   [177/960] CNN_w3_c16x32_k3_actrelu_d0.1_dense16_e50_lr0.001_b8  RMSE_test=0.0213  MAE_test=0.0167
06:53:49 [INFO]     Época 10/50 | Loss=0.029401
06:53:53 [INFO]     Época 20/50 | Loss=0.025092
06:53:57 [INFO]     Época 30/50 | Loss=0.024306
06:54:01 [INFO]     Época 40/50 | Loss=0.024599
06:54:05 [INFO]     Época 50/50 | Loss=0.023009
06:54:05 [INFO]   [178/960] CNN_w3_c16x32_k3_actrelu_d0.1_dense16_e50_lr0.001_b16  RMSE_test=0.0244  MAE_test=0.0193
06:54:13 [INFO]     Época 10/50 | Loss=0.028680
06:54:21 [INFO]     Época 20/50 | Loss=0.026082
06:54:28 [INFO]     Época 30/50 | Loss=0.024518
06:54:36 [INFO]     Época 40/50 | Loss=0.024790
06:54:44 [INFO]     Época 50/50 | Loss=0.022935
06:54:44 [INFO]   [179/960] CNN_w3_c16x32_k3_actrelu_d0.1_dense16_e50_lr0.0005_b8  RMSE_test=0.0199  MAE_test=0.0150
06:54:48 [INFO]     Época 10/50 | Loss=0.030956
06:54:52 [INFO]     Época 20/50 | Loss=0.024938
06:54:56 [INFO]     Época 30/50 | Loss=0.023854
06:55:00 [INFO]     Época 40/50 | Loss=0.023476
06:55:04 [INFO]     Época 50/50 | Loss=0.022193
06:55:04 [INFO]   [180/960] CNN_w3_c16x32_k3_actrelu_d0.1_dense16_e50_lr0.0005_b16  RMSE_test=0.0219  MAE_test=0.0174
06:55:12 [INFO]     Época 10/50 | Loss=0.018499
06:55:19 [INFO]     Época 20/50 | Loss=0.016578
06:55:27 [INFO]     Época 30/50 | Loss=0.017193
06:55:35 [INFO]     Época 40/50 | Loss=0.015326
06:55:43 [INFO]     Época 50/50 | Loss=0.014563
06:55:43 [INFO]   [181/960] CNN_w3_c16x32_k3_actrelu_d0.1_dense32_e50_lr0.001_b8  RMSE_test=0.0202  MAE_test=0.0157
06:55:47 [INFO]     Época 10/50 | Loss=0.018634
06:55:51 [INFO]     Época 20/50 | Loss=0.016879
06:55:55 [INFO]     Época 30/50 | Loss=0.015992
06:55:59 [INFO]     Época 40/50 | Loss=0.015476
06:56:03 [INFO]     Época 50/50 | Loss=0.015685
06:56:03 [INFO]   [182/960] CNN_w3_c16x32_k3_actrelu_d0.1_dense32_e50_lr0.001_b16  RMSE_test=0.0210  MAE_test=0.0161
06:56:11 [INFO]     Época 10/50 | Loss=0.019135
06:56:18 [INFO]     Época 20/50 | Loss=0.016497
06:56:26 [INFO]     Época 30/50 | Loss=0.016425
06:56:34 [INFO]     Época 40/50 | Loss=0.015313
06:56:42 [INFO]     Época 50/50 | Loss=0.014403
06:56:42 [INFO]   [183/960] CNN_w3_c16x32_k3_actrelu_d0.1_dense32_e50_lr0.0005_b8  RMSE_test=0.0213  MAE_test=0.0167
06:56:46 [INFO]     Época 10/50 | Loss=0.019435
06:56:50 [INFO]     Época 20/50 | Loss=0.016625
06:56:54 [INFO]     Época 30/50 | Loss=0.015951
06:56:58 [INFO]     Época 40/50 | Loss=0.014885
06:57:02 [INFO]     Época 50/50 | Loss=0.015139
06:57:02 [INFO]   [184/960] CNN_w3_c16x32_k3_actrelu_d0.1_dense32_e50_lr0.0005_b16  RMSE_test=0.0236  MAE_test=0.0182
06:57:10 [INFO]     Época 10/50 | Loss=0.023779
06:57:17 [INFO]     Época 20/50 | Loss=0.020247
06:57:25 [INFO]     Época 30/50 | Loss=0.017154
06:57:33 [INFO]     Época 40/50 | Loss=0.016347
06:57:41 [INFO]     Época 50/50 | Loss=0.015196
06:57:41 [INFO]   [185/960] CNN_w3_c16x32_k3_actleaky_relu_d0.1_dense16_e50_lr0.001_b8  RMSE_test=0.0188  MAE_test=0.0146
06:57:45 [INFO]     Época 10/50 | Loss=0.024646
06:57:49 [INFO]     Época 20/50 | Loss=0.020718
06:57:53 [INFO]     Época 30/50 | Loss=0.018565
06:57:57 [INFO]     Época 40/50 | Loss=0.016070
06:58:01 [INFO]     Época 50/50 | Loss=0.016015
06:58:01 [INFO]   [186/960] CNN_w3_c16x32_k3_actleaky_relu_d0.1_dense16_e50_lr0.001_b16  RMSE_test=0.0258  MAE_test=0.0196
06:58:09 [INFO]     Época 10/50 | Loss=0.024688
06:58:16 [INFO]     Época 20/50 | Loss=0.020989
06:58:24 [INFO]     Época 30/50 | Loss=0.018376
06:58:32 [INFO]     Época 40/50 | Loss=0.016780
06:58:40 [INFO]     Época 50/50 | Loss=0.014823
06:58:40 [INFO]   [187/960] CNN_w3_c16x32_k3_actleaky_relu_d0.1_dense16_e50_lr0.0005_b8  RMSE_test=0.0181  MAE_test=0.0136
06:58:44 [INFO]     Época 10/50 | Loss=0.026173
06:58:48 [INFO]     Época 20/50 | Loss=0.022177
06:58:52 [INFO]     Época 30/50 | Loss=0.020569
06:58:56 [INFO]     Época 40/50 | Loss=0.018743
06:59:00 [INFO]     Época 50/50 | Loss=0.017066
06:59:00 [INFO]   [188/960] CNN_w3_c16x32_k3_actleaky_relu_d0.1_dense16_e50_lr0.0005_b16  RMSE_test=0.0203  MAE_test=0.0155
06:59:08 [INFO]     Época 10/50 | Loss=0.016231
06:59:15 [INFO]     Época 20/50 | Loss=0.013944
06:59:23 [INFO]     Época 30/50 | Loss=0.014319
06:59:31 [INFO]     Época 40/50 | Loss=0.012966
06:59:38 [INFO]     Época 50/50 | Loss=0.011730
06:59:38 [INFO]   [189/960] CNN_w3_c16x32_k3_actleaky_relu_d0.1_dense32_e50_lr0.001_b8  RMSE_test=0.0182  MAE_test=0.0144
06:59:42 [INFO]     Época 10/50 | Loss=0.016885
06:59:46 [INFO]     Época 20/50 | Loss=0.015486
06:59:50 [INFO]     Época 30/50 | Loss=0.013281
06:59:54 [INFO]     Época 40/50 | Loss=0.013020
06:59:58 [INFO]     Época 50/50 | Loss=0.012863
06:59:58 [INFO]   [190/960] CNN_w3_c16x32_k3_actleaky_relu_d0.1_dense32_e50_lr0.001_b16  RMSE_test=0.0213  MAE_test=0.0159
07:00:06 [INFO]     Época 10/50 | Loss=0.017353
07:00:14 [INFO]     Época 20/50 | Loss=0.014238
07:00:22 [INFO]     Época 30/50 | Loss=0.014164
07:00:29 [INFO]     Época 40/50 | Loss=0.012739
07:00:37 [INFO]     Época 50/50 | Loss=0.011997
07:00:37 [INFO]   [191/960] CNN_w3_c16x32_k3_actleaky_relu_d0.1_dense32_e50_lr0.0005_b8  RMSE_test=0.0195  MAE_test=0.0152
07:00:41 [INFO]     Época 10/50 | Loss=0.017953
07:00:45 [INFO]     Época 20/50 | Loss=0.015971
07:00:49 [INFO]     Época 30/50 | Loss=0.013975
07:00:53 [INFO]     Época 40/50 | Loss=0.012976
07:00:57 [INFO]     Época 50/50 | Loss=0.012769
07:00:57 [INFO]   [192/960] CNN_w3_c16x32_k3_actleaky_relu_d0.1_dense32_e50_lr0.0005_b16  RMSE_test=0.0218  MAE_test=0.0166
07:01:03 [INFO]     Época 10/50 | Loss=0.002823
07:01:09 [INFO]     Época 20/50 | Loss=0.002451
07:01:15 [INFO]     Época 30/50 | Loss=0.002577
07:01:22 [INFO]     Época 40/50 | Loss=0.002390
07:01:28 [INFO]     Época 50/50 | Loss=0.002230
07:01:28 [INFO]   [193/960] CNN_w4_c16_k2_actrelu_d0.0_dense16_e50_lr0.001_b8  RMSE_test=0.0142  MAE_test=0.0104
07:01:31 [INFO]     Época 10/50 | Loss=0.003054
07:01:34 [INFO]     Época 20/50 | Loss=0.002587
07:01:37 [INFO]     Época 30/50 | Loss=0.002463
07:01:40 [INFO]     Época 40/50 | Loss=0.002276
07:01:43 [INFO]     Época 50/50 | Loss=0.002148
07:01:43 [INFO]   [194/960] CNN_w4_c16_k2_actrelu_d0.0_dense16_e50_lr0.001_b16  RMSE_test=0.0140  MAE_test=0.0104
07:01:49 [INFO]     Época 10/50 | Loss=0.003012
07:01:55 [INFO]     Época 20/50 | Loss=0.002466
07:02:02 [INFO]     Época 30/50 | Loss=0.002424
07:02:08 [INFO]     Época 40/50 | Loss=0.002325
07:02:14 [INFO]     Época 50/50 | Loss=0.002147
07:02:14 [INFO]   [195/960] CNN_w4_c16_k2_actrelu_d0.0_dense16_e50_lr0.0005_b8  RMSE_test=0.0142  MAE_test=0.0107
07:02:17 [INFO]     Época 10/50 | Loss=0.003415
07:02:20 [INFO]     Época 20/50 | Loss=0.002584
07:02:23 [INFO]     Época 30/50 | Loss=0.002385
07:02:26 [INFO]     Época 40/50 | Loss=0.002263
07:02:29 [INFO]     Época 50/50 | Loss=0.002164
07:02:29 [INFO]   [196/960] CNN_w4_c16_k2_actrelu_d0.0_dense16_e50_lr0.0005_b16  RMSE_test=0.0143  MAE_test=0.0110
07:02:35 [INFO]     Época 10/50 | Loss=0.002953
07:02:42 [INFO]     Época 20/50 | Loss=0.002600
07:02:48 [INFO]     Época 30/50 | Loss=0.002554
07:02:54 [INFO]     Época 40/50 | Loss=0.002496
07:03:00 [INFO]     Época 50/50 | Loss=0.002291
07:03:00 [INFO]   [197/960] CNN_w4_c16_k2_actrelu_d0.0_dense32_e50_lr0.001_b8  RMSE_test=0.0146  MAE_test=0.0108
07:03:03 [INFO]     Época 10/50 | Loss=0.002998
07:03:06 [INFO]     Época 20/50 | Loss=0.002492
07:03:09 [INFO]     Época 30/50 | Loss=0.002455
07:03:12 [INFO]     Época 40/50 | Loss=0.002375
07:03:15 [INFO]     Época 50/50 | Loss=0.002234
07:03:15 [INFO]   [198/960] CNN_w4_c16_k2_actrelu_d0.0_dense32_e50_lr0.001_b16  RMSE_test=0.0144  MAE_test=0.0112
07:03:21 [INFO]     Época 10/50 | Loss=0.003019
07:03:28 [INFO]     Época 20/50 | Loss=0.002494
07:03:34 [INFO]     Época 30/50 | Loss=0.002409
07:03:40 [INFO]     Época 40/50 | Loss=0.002352
07:03:46 [INFO]     Época 50/50 | Loss=0.002190
07:03:46 [INFO]   [199/960] CNN_w4_c16_k2_actrelu_d0.0_dense32_e50_lr0.0005_b8  RMSE_test=0.0145  MAE_test=0.0110
07:03:49 [INFO]     Época 10/50 | Loss=0.003277
07:03:52 [INFO]     Época 20/50 | Loss=0.002554
07:03:55 [INFO]     Época 30/50 | Loss=0.002392
07:03:58 [INFO]     Época 40/50 | Loss=0.002280
07:04:01 [INFO]     Época 50/50 | Loss=0.002185
07:04:01 [INFO]   [200/960] CNN_w4_c16_k2_actrelu_d0.0_dense32_e50_lr0.0005_b16  RMSE_test=0.0146  MAE_test=0.0113
07:04:07 [INFO]     Época 10/50 | Loss=0.002893
07:04:13 [INFO]     Época 20/50 | Loss=0.002512
07:04:19 [INFO]     Época 30/50 | Loss=0.002600
07:04:26 [INFO]     Época 40/50 | Loss=0.002398
07:04:32 [INFO]     Época 50/50 | Loss=0.002233
07:04:32 [INFO]   [201/960] CNN_w4_c16_k2_actleaky_relu_d0.0_dense16_e50_lr0.001_b8  RMSE_test=0.0141  MAE_test=0.0104
07:04:35 [INFO]     Época 10/50 | Loss=0.003017
07:04:38 [INFO]     Época 20/50 | Loss=0.002500
07:04:41 [INFO]     Época 30/50 | Loss=0.002431
07:04:44 [INFO]     Época 40/50 | Loss=0.002286
07:04:47 [INFO]     Época 50/50 | Loss=0.002220
07:04:47 [INFO]   [202/960] CNN_w4_c16_k2_actleaky_relu_d0.0_dense16_e50_lr0.001_b16  RMSE_test=0.0138  MAE_test=0.0104
07:04:53 [INFO]     Época 10/50 | Loss=0.002923
07:04:59 [INFO]     Época 20/50 | Loss=0.002478
07:05:05 [INFO]     Época 30/50 | Loss=0.002432
07:05:11 [INFO]     Época 40/50 | Loss=0.002309
07:05:17 [INFO]     Época 50/50 | Loss=0.002174
07:05:17 [INFO]   [203/960] CNN_w4_c16_k2_actleaky_relu_d0.0_dense16_e50_lr0.0005_b8  RMSE_test=0.0142  MAE_test=0.0105
07:05:21 [INFO]     Época 10/50 | Loss=0.003400
07:05:24 [INFO]     Época 20/50 | Loss=0.002615
07:05:27 [INFO]     Época 30/50 | Loss=0.002390
07:05:30 [INFO]     Época 40/50 | Loss=0.002256
07:05:33 [INFO]     Época 50/50 | Loss=0.002166
07:05:33 [INFO]   [204/960] CNN_w4_c16_k2_actleaky_relu_d0.0_dense16_e50_lr0.0005_b16  RMSE_test=0.0147  MAE_test=0.0114
07:05:39 [INFO]     Época 10/50 | Loss=0.002976
07:05:45 [INFO]     Época 20/50 | Loss=0.002607
07:05:51 [INFO]     Época 30/50 | Loss=0.002451
07:05:57 [INFO]     Época 40/50 | Loss=0.002501
07:06:03 [INFO]     Época 50/50 | Loss=0.002270
07:06:03 [INFO]   [205/960] CNN_w4_c16_k2_actleaky_relu_d0.0_dense32_e50_lr0.001_b8  RMSE_test=0.0147  MAE_test=0.0111
07:06:06 [INFO]     Época 10/50 | Loss=0.002955
07:06:10 [INFO]     Época 20/50 | Loss=0.002466
07:06:13 [INFO]     Época 30/50 | Loss=0.002476
07:06:16 [INFO]     Época 40/50 | Loss=0.002360
07:06:19 [INFO]     Época 50/50 | Loss=0.002240
07:06:19 [INFO]   [206/960] CNN_w4_c16_k2_actleaky_relu_d0.0_dense32_e50_lr0.001_b16  RMSE_test=0.0142  MAE_test=0.0109
07:06:25 [INFO]     Época 10/50 | Loss=0.002961
07:06:31 [INFO]     Época 20/50 | Loss=0.002450
07:06:37 [INFO]     Época 30/50 | Loss=0.002371
07:06:43 [INFO]     Época 40/50 | Loss=0.002329
07:06:49 [INFO]     Época 50/50 | Loss=0.002181
07:06:49 [INFO]   [207/960] CNN_w4_c16_k2_actleaky_relu_d0.0_dense32_e50_lr0.0005_b8  RMSE_test=0.0145  MAE_test=0.0110
07:06:52 [INFO]     Época 10/50 | Loss=0.003311
07:06:55 [INFO]     Época 20/50 | Loss=0.002546
07:06:58 [INFO]     Época 30/50 | Loss=0.002402
07:07:02 [INFO]     Época 40/50 | Loss=0.002268
07:07:05 [INFO]     Época 50/50 | Loss=0.002187
07:07:05 [INFO]   [208/960] CNN_w4_c16_k2_actleaky_relu_d0.0_dense32_e50_lr0.0005_b16  RMSE_test=0.0146  MAE_test=0.0112
07:07:11 [INFO]     Época 10/50 | Loss=0.025071
07:07:18 [INFO]     Época 20/50 | Loss=0.022402
07:07:24 [INFO]     Época 30/50 | Loss=0.023831
07:07:31 [INFO]     Época 40/50 | Loss=0.021292
07:07:37 [INFO]     Época 50/50 | Loss=0.022120
07:07:37 [INFO]   [209/960] CNN_w4_c16_k2_actrelu_d0.1_dense16_e50_lr0.001_b8  RMSE_test=0.0228  MAE_test=0.0176
07:07:40 [INFO]     Época 10/50 | Loss=0.024318
07:07:44 [INFO]     Época 20/50 | Loss=0.022657
07:07:47 [INFO]     Época 30/50 | Loss=0.021777
07:07:50 [INFO]     Época 40/50 | Loss=0.020909
07:07:54 [INFO]     Época 50/50 | Loss=0.020190
07:07:54 [INFO]   [210/960] CNN_w4_c16_k2_actrelu_d0.1_dense16_e50_lr0.001_b16  RMSE_test=0.0196  MAE_test=0.0148
07:08:00 [INFO]     Época 10/50 | Loss=0.025906
07:08:07 [INFO]     Época 20/50 | Loss=0.022799
07:08:13 [INFO]     Época 30/50 | Loss=0.023584
07:08:20 [INFO]     Época 40/50 | Loss=0.021374
07:08:26 [INFO]     Época 50/50 | Loss=0.022119
07:08:26 [INFO]   [211/960] CNN_w4_c16_k2_actrelu_d0.1_dense16_e50_lr0.0005_b8  RMSE_test=0.0205  MAE_test=0.0158
07:08:29 [INFO]     Época 10/50 | Loss=0.025571
07:08:33 [INFO]     Época 20/50 | Loss=0.023501
07:08:36 [INFO]     Época 30/50 | Loss=0.022333
07:08:39 [INFO]     Época 40/50 | Loss=0.021784
07:08:43 [INFO]     Época 50/50 | Loss=0.020563
07:08:43 [INFO]   [212/960] CNN_w4_c16_k2_actrelu_d0.1_dense16_e50_lr0.0005_b16  RMSE_test=0.0167  MAE_test=0.0125
07:08:49 [INFO]     Época 10/50 | Loss=0.016855
07:08:56 [INFO]     Época 20/50 | Loss=0.015124
07:09:02 [INFO]     Época 30/50 | Loss=0.015571
07:09:08 [INFO]     Época 40/50 | Loss=0.014226
07:09:15 [INFO]     Época 50/50 | Loss=0.014893
07:09:15 [INFO]   [213/960] CNN_w4_c16_k2_actrelu_d0.1_dense32_e50_lr0.001_b8  RMSE_test=0.0216  MAE_test=0.0167
07:09:18 [INFO]     Época 10/50 | Loss=0.017530
07:09:22 [INFO]     Época 20/50 | Loss=0.015143
07:09:25 [INFO]     Época 30/50 | Loss=0.013735
07:09:28 [INFO]     Época 40/50 | Loss=0.013661
07:09:32 [INFO]     Época 50/50 | Loss=0.013219
07:09:32 [INFO]   [214/960] CNN_w4_c16_k2_actrelu_d0.1_dense32_e50_lr0.001_b16  RMSE_test=0.0146  MAE_test=0.0109
07:09:38 [INFO]     Época 10/50 | Loss=0.017357
07:09:44 [INFO]     Época 20/50 | Loss=0.015487
07:09:51 [INFO]     Época 30/50 | Loss=0.014681
07:09:57 [INFO]     Época 40/50 | Loss=0.013163
07:10:04 [INFO]     Época 50/50 | Loss=0.013850
07:10:04 [INFO]   [215/960] CNN_w4_c16_k2_actrelu_d0.1_dense32_e50_lr0.0005_b8  RMSE_test=0.0173  MAE_test=0.0131
07:10:07 [INFO]     Época 10/50 | Loss=0.019104
07:10:10 [INFO]     Época 20/50 | Loss=0.016183
07:10:14 [INFO]     Época 30/50 | Loss=0.014231
07:10:17 [INFO]     Época 40/50 | Loss=0.013900
07:10:20 [INFO]     Época 50/50 | Loss=0.013276
07:10:20 [INFO]   [216/960] CNN_w4_c16_k2_actrelu_d0.1_dense32_e50_lr0.0005_b16  RMSE_test=0.0168  MAE_test=0.0128
07:10:27 [INFO]     Época 10/50 | Loss=0.023530
07:10:33 [INFO]     Época 20/50 | Loss=0.019707
07:10:40 [INFO]     Época 30/50 | Loss=0.017986
07:10:46 [INFO]     Época 40/50 | Loss=0.015148
07:10:53 [INFO]     Época 50/50 | Loss=0.014886
07:10:53 [INFO]   [217/960] CNN_w4_c16_k2_actleaky_relu_d0.1_dense16_e50_lr0.001_b8  RMSE_test=0.0213  MAE_test=0.0170
07:10:56 [INFO]     Época 10/50 | Loss=0.023771
07:10:59 [INFO]     Época 20/50 | Loss=0.021549
07:11:03 [INFO]     Época 30/50 | Loss=0.019731
07:11:06 [INFO]     Época 40/50 | Loss=0.017692
07:11:09 [INFO]     Época 50/50 | Loss=0.015946
07:11:09 [INFO]   [218/960] CNN_w4_c16_k2_actleaky_relu_d0.1_dense16_e50_lr0.001_b16  RMSE_test=0.0198  MAE_test=0.0149
07:11:16 [INFO]     Época 10/50 | Loss=0.024299
07:11:22 [INFO]     Época 20/50 | Loss=0.020801
07:11:29 [INFO]     Época 30/50 | Loss=0.020002
07:11:35 [INFO]     Época 40/50 | Loss=0.017319
07:11:42 [INFO]     Época 50/50 | Loss=0.016827
07:11:42 [INFO]   [219/960] CNN_w4_c16_k2_actleaky_relu_d0.1_dense16_e50_lr0.0005_b8  RMSE_test=0.0197  MAE_test=0.0151
07:11:45 [INFO]     Época 10/50 | Loss=0.025056
07:11:48 [INFO]     Época 20/50 | Loss=0.022790
07:11:52 [INFO]     Época 30/50 | Loss=0.021242
07:11:55 [INFO]     Época 40/50 | Loss=0.019926
07:11:58 [INFO]     Época 50/50 | Loss=0.018255
07:11:58 [INFO]   [220/960] CNN_w4_c16_k2_actleaky_relu_d0.1_dense16_e50_lr0.0005_b16  RMSE_test=0.0172  MAE_test=0.0130
07:12:05 [INFO]     Época 10/50 | Loss=0.016145
07:12:11 [INFO]     Época 20/50 | Loss=0.013501
07:12:18 [INFO]     Época 30/50 | Loss=0.013222
07:12:24 [INFO]     Época 40/50 | Loss=0.011425
07:12:31 [INFO]     Época 50/50 | Loss=0.011714
07:12:31 [INFO]   [221/960] CNN_w4_c16_k2_actleaky_relu_d0.1_dense32_e50_lr0.001_b8  RMSE_test=0.0194  MAE_test=0.0148
07:12:34 [INFO]     Época 10/50 | Loss=0.017179
07:12:38 [INFO]     Época 20/50 | Loss=0.014404
07:12:41 [INFO]     Época 30/50 | Loss=0.012385
07:12:44 [INFO]     Época 40/50 | Loss=0.011901
07:12:48 [INFO]     Época 50/50 | Loss=0.010970
07:12:48 [INFO]   [222/960] CNN_w4_c16_k2_actleaky_relu_d0.1_dense32_e50_lr0.001_b16  RMSE_test=0.0140  MAE_test=0.0104
07:12:54 [INFO]     Época 10/50 | Loss=0.016929
07:13:00 [INFO]     Época 20/50 | Loss=0.014516
07:13:07 [INFO]     Época 30/50 | Loss=0.013610
07:13:13 [INFO]     Época 40/50 | Loss=0.011446
07:13:20 [INFO]     Época 50/50 | Loss=0.011680
07:13:20 [INFO]   [223/960] CNN_w4_c16_k2_actleaky_relu_d0.1_dense32_e50_lr0.0005_b8  RMSE_test=0.0183  MAE_test=0.0140
07:13:23 [INFO]     Época 10/50 | Loss=0.018739
07:13:27 [INFO]     Época 20/50 | Loss=0.015731
07:13:30 [INFO]     Época 30/50 | Loss=0.013722
07:13:33 [INFO]     Época 40/50 | Loss=0.013039
07:13:36 [INFO]     Época 50/50 | Loss=0.012104
07:13:36 [INFO]   [224/960] CNN_w4_c16_k2_actleaky_relu_d0.1_dense32_e50_lr0.0005_b16  RMSE_test=0.0171  MAE_test=0.0131
07:13:42 [INFO]     Época 10/50 | Loss=0.002989
07:13:48 [INFO]     Época 20/50 | Loss=0.002632
07:13:54 [INFO]     Época 30/50 | Loss=0.002582
07:14:00 [INFO]     Época 40/50 | Loss=0.002488
07:14:06 [INFO]     Época 50/50 | Loss=0.002264
07:14:06 [INFO]   [225/960] CNN_w4_c16_k3_actrelu_d0.0_dense16_e50_lr0.001_b8  RMSE_test=0.0145  MAE_test=0.0108
07:14:09 [INFO]     Época 10/50 | Loss=0.003127
07:14:12 [INFO]     Época 20/50 | Loss=0.002599
07:14:15 [INFO]     Época 30/50 | Loss=0.002563
07:14:19 [INFO]     Época 40/50 | Loss=0.002401
07:14:22 [INFO]     Época 50/50 | Loss=0.002341
07:14:22 [INFO]   [226/960] CNN_w4_c16_k3_actrelu_d0.0_dense16_e50_lr0.001_b16  RMSE_test=0.0136  MAE_test=0.0102
07:14:28 [INFO]     Época 10/50 | Loss=0.002961
07:14:34 [INFO]     Época 20/50 | Loss=0.002508
07:14:40 [INFO]     Época 30/50 | Loss=0.002430
07:14:45 [INFO]     Época 40/50 | Loss=0.002373
07:14:51 [INFO]     Época 50/50 | Loss=0.002209
07:14:51 [INFO]   [227/960] CNN_w4_c16_k3_actrelu_d0.0_dense16_e50_lr0.0005_b8  RMSE_test=0.0137  MAE_test=0.0102
07:14:54 [INFO]     Época 10/50 | Loss=0.003210
07:14:58 [INFO]     Época 20/50 | Loss=0.002622
07:15:01 [INFO]     Época 30/50 | Loss=0.002414
07:15:04 [INFO]     Época 40/50 | Loss=0.002346
07:15:07 [INFO]     Época 50/50 | Loss=0.002218
07:15:07 [INFO]   [228/960] CNN_w4_c16_k3_actrelu_d0.0_dense16_e50_lr0.0005_b16  RMSE_test=0.0134  MAE_test=0.0100
07:15:13 [INFO]     Época 10/50 | Loss=0.003189
07:15:19 [INFO]     Época 20/50 | Loss=0.002663
07:15:24 [INFO]     Época 30/50 | Loss=0.002618
07:15:30 [INFO]     Época 40/50 | Loss=0.002485
07:15:36 [INFO]     Época 50/50 | Loss=0.002262
07:15:36 [INFO]   [229/960] CNN_w4_c16_k3_actrelu_d0.0_dense32_e50_lr0.001_b8  RMSE_test=0.0140  MAE_test=0.0105
07:15:39 [INFO]     Época 10/50 | Loss=0.003375
07:15:42 [INFO]     Época 20/50 | Loss=0.002698
07:15:45 [INFO]     Época 30/50 | Loss=0.002732
07:15:48 [INFO]     Época 40/50 | Loss=0.002468
07:15:51 [INFO]     Época 50/50 | Loss=0.002313
07:15:51 [INFO]   [230/960] CNN_w4_c16_k3_actrelu_d0.0_dense32_e50_lr0.001_b16  RMSE_test=0.0138  MAE_test=0.0104
07:15:57 [INFO]     Época 10/50 | Loss=0.003087
07:16:03 [INFO]     Época 20/50 | Loss=0.002638
07:16:09 [INFO]     Época 30/50 | Loss=0.002530
07:16:15 [INFO]     Época 40/50 | Loss=0.002436
07:16:21 [INFO]     Época 50/50 | Loss=0.002270
07:16:21 [INFO]   [231/960] CNN_w4_c16_k3_actrelu_d0.0_dense32_e50_lr0.0005_b8  RMSE_test=0.0136  MAE_test=0.0100
07:16:24 [INFO]     Época 10/50 | Loss=0.003296
07:16:27 [INFO]     Época 20/50 | Loss=0.002686
07:16:30 [INFO]     Época 30/50 | Loss=0.002446
07:16:33 [INFO]     Época 40/50 | Loss=0.002369
07:16:36 [INFO]     Época 50/50 | Loss=0.002247
07:16:36 [INFO]   [232/960] CNN_w4_c16_k3_actrelu_d0.0_dense32_e50_lr0.0005_b16  RMSE_test=0.0135  MAE_test=0.0104
07:16:42 [INFO]     Época 10/50 | Loss=0.002901
07:16:48 [INFO]     Época 20/50 | Loss=0.002583
07:16:54 [INFO]     Época 30/50 | Loss=0.002551
07:17:00 [INFO]     Época 40/50 | Loss=0.002425
07:17:05 [INFO]     Época 50/50 | Loss=0.002226
07:17:05 [INFO]   [233/960] CNN_w4_c16_k3_actleaky_relu_d0.0_dense16_e50_lr0.001_b8  RMSE_test=0.0145  MAE_test=0.0108
07:17:08 [INFO]     Época 10/50 | Loss=0.003168
07:17:11 [INFO]     Época 20/50 | Loss=0.002534
07:17:14 [INFO]     Época 30/50 | Loss=0.002485
07:17:17 [INFO]     Época 40/50 | Loss=0.002395
07:17:20 [INFO]     Época 50/50 | Loss=0.002270
07:17:20 [INFO]   [234/960] CNN_w4_c16_k3_actleaky_relu_d0.0_dense16_e50_lr0.001_b16  RMSE_test=0.0136  MAE_test=0.0103
07:17:26 [INFO]     Época 10/50 | Loss=0.002962
07:17:32 [INFO]     Época 20/50 | Loss=0.002456
07:17:38 [INFO]     Época 30/50 | Loss=0.002426
07:17:44 [INFO]     Época 40/50 | Loss=0.002419
07:17:50 [INFO]     Época 50/50 | Loss=0.002211
07:17:50 [INFO]   [235/960] CNN_w4_c16_k3_actleaky_relu_d0.0_dense16_e50_lr0.0005_b8  RMSE_test=0.0140  MAE_test=0.0104
07:17:53 [INFO]     Época 10/50 | Loss=0.003162
07:17:56 [INFO]     Época 20/50 | Loss=0.002589
07:17:59 [INFO]     Época 30/50 | Loss=0.002419
07:18:02 [INFO]     Época 40/50 | Loss=0.002321
07:18:05 [INFO]     Época 50/50 | Loss=0.002208
07:18:05 [INFO]   [236/960] CNN_w4_c16_k3_actleaky_relu_d0.0_dense16_e50_lr0.0005_b16  RMSE_test=0.0134  MAE_test=0.0102
07:18:11 [INFO]     Época 10/50 | Loss=0.003126
07:18:17 [INFO]     Época 20/50 | Loss=0.002598
07:18:23 [INFO]     Época 30/50 | Loss=0.002558
07:18:29 [INFO]     Época 40/50 | Loss=0.002490
07:18:35 [INFO]     Época 50/50 | Loss=0.002231
07:18:35 [INFO]   [237/960] CNN_w4_c16_k3_actleaky_relu_d0.0_dense32_e50_lr0.001_b8  RMSE_test=0.0143  MAE_test=0.0108
07:18:38 [INFO]     Época 10/50 | Loss=0.003305
07:18:41 [INFO]     Época 20/50 | Loss=0.002658
07:18:44 [INFO]     Época 30/50 | Loss=0.002638
07:18:47 [INFO]     Época 40/50 | Loss=0.002441
07:18:50 [INFO]     Época 50/50 | Loss=0.002298
07:18:50 [INFO]   [238/960] CNN_w4_c16_k3_actleaky_relu_d0.0_dense32_e50_lr0.001_b16  RMSE_test=0.0136  MAE_test=0.0103
07:18:56 [INFO]     Época 10/50 | Loss=0.003046
07:19:02 [INFO]     Época 20/50 | Loss=0.002616
07:19:08 [INFO]     Época 30/50 | Loss=0.002527
07:19:14 [INFO]     Época 40/50 | Loss=0.002412
07:19:20 [INFO]     Época 50/50 | Loss=0.002248
07:19:20 [INFO]   [239/960] CNN_w4_c16_k3_actleaky_relu_d0.0_dense32_e50_lr0.0005_b8  RMSE_test=0.0135  MAE_test=0.0101
07:19:23 [INFO]     Época 10/50 | Loss=0.003300
07:19:26 [INFO]     Época 20/50 | Loss=0.002636
07:19:29 [INFO]     Época 30/50 | Loss=0.002424
07:19:32 [INFO]     Época 40/50 | Loss=0.002352
07:19:35 [INFO]     Época 50/50 | Loss=0.002243
07:19:35 [INFO]   [240/960] CNN_w4_c16_k3_actleaky_relu_d0.0_dense32_e50_lr0.0005_b16  RMSE_test=0.0136  MAE_test=0.0104
07:19:42 [INFO]     Época 10/50 | Loss=0.024109
07:19:48 [INFO]     Época 20/50 | Loss=0.021627
07:19:54 [INFO]     Época 30/50 | Loss=0.022046
07:20:01 [INFO]     Época 40/50 | Loss=0.020175
07:20:07 [INFO]     Época 50/50 | Loss=0.020715
07:20:07 [INFO]   [241/960] CNN_w4_c16_k3_actrelu_d0.1_dense16_e50_lr0.001_b8  RMSE_test=0.0171  MAE_test=0.0124
07:20:10 [INFO]     Época 10/50 | Loss=0.024731
07:20:13 [INFO]     Época 20/50 | Loss=0.021739
07:20:17 [INFO]     Época 30/50 | Loss=0.021947
07:20:20 [INFO]     Época 40/50 | Loss=0.020325
07:20:23 [INFO]     Época 50/50 | Loss=0.020137
07:20:23 [INFO]   [242/960] CNN_w4_c16_k3_actrelu_d0.1_dense16_e50_lr0.001_b16  RMSE_test=0.0161  MAE_test=0.0120
07:20:30 [INFO]     Época 10/50 | Loss=0.024791
07:20:36 [INFO]     Época 20/50 | Loss=0.021663
07:20:42 [INFO]     Época 30/50 | Loss=0.021229
07:20:49 [INFO]     Época 40/50 | Loss=0.019318
07:20:55 [INFO]     Época 50/50 | Loss=0.019998
07:20:55 [INFO]   [243/960] CNN_w4_c16_k3_actrelu_d0.1_dense16_e50_lr0.0005_b8  RMSE_test=0.0162  MAE_test=0.0119
07:20:58 [INFO]     Época 10/50 | Loss=0.026144
07:21:02 [INFO]     Época 20/50 | Loss=0.022630
07:21:05 [INFO]     Época 30/50 | Loss=0.022620
07:21:08 [INFO]     Época 40/50 | Loss=0.020320
07:21:11 [INFO]     Época 50/50 | Loss=0.020011
07:21:11 [INFO]   [244/960] CNN_w4_c16_k3_actrelu_d0.1_dense16_e50_lr0.0005_b16  RMSE_test=0.0144  MAE_test=0.0106
07:21:18 [INFO]     Época 10/50 | Loss=0.016962
07:21:24 [INFO]     Época 20/50 | Loss=0.015036
07:21:30 [INFO]     Época 30/50 | Loss=0.014772
07:21:37 [INFO]     Época 40/50 | Loss=0.013743
07:21:43 [INFO]     Época 50/50 | Loss=0.013907
07:21:43 [INFO]   [245/960] CNN_w4_c16_k3_actrelu_d0.1_dense32_e50_lr0.001_b8  RMSE_test=0.0188  MAE_test=0.0142
07:21:46 [INFO]     Época 10/50 | Loss=0.017284
07:21:50 [INFO]     Época 20/50 | Loss=0.014312
07:21:53 [INFO]     Época 30/50 | Loss=0.015004
07:21:56 [INFO]     Época 40/50 | Loss=0.013586
07:21:59 [INFO]     Época 50/50 | Loss=0.013584
07:21:59 [INFO]   [246/960] CNN_w4_c16_k3_actrelu_d0.1_dense32_e50_lr0.001_b16  RMSE_test=0.0153  MAE_test=0.0118
07:22:06 [INFO]     Época 10/50 | Loss=0.017861
07:22:12 [INFO]     Época 20/50 | Loss=0.014722
07:22:18 [INFO]     Época 30/50 | Loss=0.014169
07:22:25 [INFO]     Época 40/50 | Loss=0.013003
07:22:31 [INFO]     Época 50/50 | Loss=0.013280
07:22:31 [INFO]   [247/960] CNN_w4_c16_k3_actrelu_d0.1_dense32_e50_lr0.0005_b8  RMSE_test=0.0165  MAE_test=0.0124
07:22:34 [INFO]     Época 10/50 | Loss=0.018421
07:22:38 [INFO]     Época 20/50 | Loss=0.014930
07:22:41 [INFO]     Época 30/50 | Loss=0.014660
07:22:44 [INFO]     Época 40/50 | Loss=0.013518
07:22:47 [INFO]     Época 50/50 | Loss=0.013399
07:22:47 [INFO]   [248/960] CNN_w4_c16_k3_actrelu_d0.1_dense32_e50_lr0.0005_b16  RMSE_test=0.0164  MAE_test=0.0119
07:22:54 [INFO]     Época 10/50 | Loss=0.022877
07:23:00 [INFO]     Época 20/50 | Loss=0.017646
07:23:07 [INFO]     Época 30/50 | Loss=0.016729
07:23:13 [INFO]     Época 40/50 | Loss=0.014873
07:23:19 [INFO]     Época 50/50 | Loss=0.015009
07:23:19 [INFO]   [249/960] CNN_w4_c16_k3_actleaky_relu_d0.1_dense16_e50_lr0.001_b8  RMSE_test=0.0160  MAE_test=0.0121
07:23:22 [INFO]     Época 10/50 | Loss=0.024297
07:23:26 [INFO]     Época 20/50 | Loss=0.020216
07:23:29 [INFO]     Época 30/50 | Loss=0.017735
07:23:32 [INFO]     Época 40/50 | Loss=0.015753
07:23:35 [INFO]     Época 50/50 | Loss=0.015097
07:23:35 [INFO]   [250/960] CNN_w4_c16_k3_actleaky_relu_d0.1_dense16_e50_lr0.001_b16  RMSE_test=0.0161  MAE_test=0.0123
07:23:42 [INFO]     Época 10/50 | Loss=0.024252
07:23:48 [INFO]     Época 20/50 | Loss=0.020077
07:23:54 [INFO]     Época 30/50 | Loss=0.018036
07:24:01 [INFO]     Época 40/50 | Loss=0.015102
07:24:07 [INFO]     Época 50/50 | Loss=0.015246
07:24:07 [INFO]   [251/960] CNN_w4_c16_k3_actleaky_relu_d0.1_dense16_e50_lr0.0005_b8  RMSE_test=0.0165  MAE_test=0.0123
07:24:10 [INFO]     Época 10/50 | Loss=0.025656
07:24:14 [INFO]     Época 20/50 | Loss=0.022043
07:24:17 [INFO]     Época 30/50 | Loss=0.020899
07:24:20 [INFO]     Época 40/50 | Loss=0.017659
07:24:23 [INFO]     Época 50/50 | Loss=0.016298
07:24:23 [INFO]   [252/960] CNN_w4_c16_k3_actleaky_relu_d0.1_dense16_e50_lr0.0005_b16  RMSE_test=0.0142  MAE_test=0.0105
07:24:30 [INFO]     Época 10/50 | Loss=0.016087
07:24:36 [INFO]     Época 20/50 | Loss=0.012986
07:24:42 [INFO]     Época 30/50 | Loss=0.012125
07:24:49 [INFO]     Época 40/50 | Loss=0.011244
07:24:55 [INFO]     Época 50/50 | Loss=0.011623
07:24:55 [INFO]   [253/960] CNN_w4_c16_k3_actleaky_relu_d0.1_dense32_e50_lr0.001_b8  RMSE_test=0.0162  MAE_test=0.0124
07:24:58 [INFO]     Época 10/50 | Loss=0.016713
07:25:02 [INFO]     Época 20/50 | Loss=0.013393
07:25:05 [INFO]     Época 30/50 | Loss=0.012899
07:25:08 [INFO]     Época 40/50 | Loss=0.011577
07:25:11 [INFO]     Época 50/50 | Loss=0.010963
07:25:11 [INFO]   [254/960] CNN_w4_c16_k3_actleaky_relu_d0.1_dense32_e50_lr0.001_b16  RMSE_test=0.0146  MAE_test=0.0110
07:25:18 [INFO]     Época 10/50 | Loss=0.017211
07:25:24 [INFO]     Época 20/50 | Loss=0.013747
07:25:30 [INFO]     Época 30/50 | Loss=0.012654
07:25:37 [INFO]     Época 40/50 | Loss=0.011121
07:25:43 [INFO]     Época 50/50 | Loss=0.011340
07:25:43 [INFO]   [255/960] CNN_w4_c16_k3_actleaky_relu_d0.1_dense32_e50_lr0.0005_b8  RMSE_test=0.0152  MAE_test=0.0115
07:25:46 [INFO]     Época 10/50 | Loss=0.018134
07:25:49 [INFO]     Época 20/50 | Loss=0.014618
07:25:53 [INFO]     Época 30/50 | Loss=0.013803
07:25:56 [INFO]     Época 40/50 | Loss=0.012274
07:25:59 [INFO]     Época 50/50 | Loss=0.011554
07:25:59 [INFO]   [256/960] CNN_w4_c16_k3_actleaky_relu_d0.1_dense32_e50_lr0.0005_b16  RMSE_test=0.0166  MAE_test=0.0125
07:26:05 [INFO]     Época 10/50 | Loss=0.003015
07:26:11 [INFO]     Época 20/50 | Loss=0.002570
07:26:17 [INFO]     Época 30/50 | Loss=0.002500
07:26:23 [INFO]     Época 40/50 | Loss=0.002393
07:26:30 [INFO]     Época 50/50 | Loss=0.002199
07:26:30 [INFO]   [257/960] CNN_w4_c32_k2_actrelu_d0.0_dense16_e50_lr0.001_b8  RMSE_test=0.0147  MAE_test=0.0110
07:26:33 [INFO]     Época 10/50 | Loss=0.002966
07:26:36 [INFO]     Época 20/50 | Loss=0.002468
07:26:39 [INFO]     Época 30/50 | Loss=0.002497
07:26:42 [INFO]     Época 40/50 | Loss=0.002313
07:26:45 [INFO]     Época 50/50 | Loss=0.002196
07:26:45 [INFO]   [258/960] CNN_w4_c32_k2_actrelu_d0.0_dense16_e50_lr0.001_b16  RMSE_test=0.0144  MAE_test=0.0110
07:26:51 [INFO]     Época 10/50 | Loss=0.002911
07:26:57 [INFO]     Época 20/50 | Loss=0.002485
07:27:03 [INFO]     Época 30/50 | Loss=0.002394
07:27:10 [INFO]     Época 40/50 | Loss=0.002303
07:27:16 [INFO]     Época 50/50 | Loss=0.002160
07:27:16 [INFO]   [259/960] CNN_w4_c32_k2_actrelu_d0.0_dense16_e50_lr0.0005_b8  RMSE_test=0.0140  MAE_test=0.0106
07:27:19 [INFO]     Época 10/50 | Loss=0.003135
07:27:22 [INFO]     Época 20/50 | Loss=0.002575
07:27:25 [INFO]     Época 30/50 | Loss=0.002431
07:27:28 [INFO]     Época 40/50 | Loss=0.002275
07:27:31 [INFO]     Época 50/50 | Loss=0.002153
07:27:31 [INFO]   [260/960] CNN_w4_c32_k2_actrelu_d0.0_dense16_e50_lr0.0005_b16  RMSE_test=0.0146  MAE_test=0.0110
07:27:37 [INFO]     Época 10/50 | Loss=0.002949
07:27:43 [INFO]     Época 20/50 | Loss=0.002482
07:27:50 [INFO]     Época 30/50 | Loss=0.002490
07:27:56 [INFO]     Época 40/50 | Loss=0.002335
07:28:02 [INFO]     Época 50/50 | Loss=0.002185
07:28:02 [INFO]   [261/960] CNN_w4_c32_k2_actrelu_d0.0_dense32_e50_lr0.001_b8  RMSE_test=0.0141  MAE_test=0.0105
07:28:05 [INFO]     Época 10/50 | Loss=0.002930
07:28:08 [INFO]     Época 20/50 | Loss=0.002452
07:28:11 [INFO]     Época 30/50 | Loss=0.002482
07:28:14 [INFO]     Época 40/50 | Loss=0.002293
07:28:17 [INFO]     Época 50/50 | Loss=0.002222
07:28:17 [INFO]   [262/960] CNN_w4_c32_k2_actrelu_d0.0_dense32_e50_lr0.001_b16  RMSE_test=0.0138  MAE_test=0.0105
07:28:23 [INFO]     Época 10/50 | Loss=0.002886
07:28:29 [INFO]     Época 20/50 | Loss=0.002548
07:28:36 [INFO]     Época 30/50 | Loss=0.002402
07:28:42 [INFO]     Época 40/50 | Loss=0.002310
07:28:48 [INFO]     Época 50/50 | Loss=0.002114
07:28:48 [INFO]   [263/960] CNN_w4_c32_k2_actrelu_d0.0_dense32_e50_lr0.0005_b8  RMSE_test=0.0141  MAE_test=0.0106
07:28:51 [INFO]     Época 10/50 | Loss=0.002854
07:28:54 [INFO]     Época 20/50 | Loss=0.002447
07:28:57 [INFO]     Época 30/50 | Loss=0.002515
07:29:00 [INFO]     Época 40/50 | Loss=0.002270
07:29:03 [INFO]     Época 50/50 | Loss=0.002151
07:29:03 [INFO]   [264/960] CNN_w4_c32_k2_actrelu_d0.0_dense32_e50_lr0.0005_b16  RMSE_test=0.0149  MAE_test=0.0114
07:29:09 [INFO]     Época 10/50 | Loss=0.002977
07:29:15 [INFO]     Época 20/50 | Loss=0.002559
07:29:22 [INFO]     Época 30/50 | Loss=0.002485
07:29:28 [INFO]     Época 40/50 | Loss=0.002330
07:29:34 [INFO]     Época 50/50 | Loss=0.002147
07:29:34 [INFO]   [265/960] CNN_w4_c32_k2_actleaky_relu_d0.0_dense16_e50_lr0.001_b8  RMSE_test=0.0139  MAE_test=0.0104
07:29:37 [INFO]     Época 10/50 | Loss=0.003018
07:29:40 [INFO]     Época 20/50 | Loss=0.002493
07:29:43 [INFO]     Época 30/50 | Loss=0.002509
07:29:46 [INFO]     Época 40/50 | Loss=0.002321
07:29:49 [INFO]     Época 50/50 | Loss=0.002231
07:29:49 [INFO]   [266/960] CNN_w4_c32_k2_actleaky_relu_d0.0_dense16_e50_lr0.001_b16  RMSE_test=0.0141  MAE_test=0.0108
07:29:55 [INFO]     Época 10/50 | Loss=0.002922
07:30:01 [INFO]     Época 20/50 | Loss=0.002545
07:30:07 [INFO]     Época 30/50 | Loss=0.002424
07:30:13 [INFO]     Época 40/50 | Loss=0.002329
07:30:20 [INFO]     Época 50/50 | Loss=0.002159
07:30:20 [INFO]   [267/960] CNN_w4_c32_k2_actleaky_relu_d0.0_dense16_e50_lr0.0005_b8  RMSE_test=0.0139  MAE_test=0.0104
07:30:23 [INFO]     Época 10/50 | Loss=0.003075
07:30:26 [INFO]     Época 20/50 | Loss=0.002511
07:30:29 [INFO]     Época 30/50 | Loss=0.002387
07:30:32 [INFO]     Época 40/50 | Loss=0.002250
07:30:35 [INFO]     Época 50/50 | Loss=0.002138
07:30:35 [INFO]   [268/960] CNN_w4_c32_k2_actleaky_relu_d0.0_dense16_e50_lr0.0005_b16  RMSE_test=0.0142  MAE_test=0.0108
07:30:41 [INFO]     Época 10/50 | Loss=0.002819
07:30:47 [INFO]     Época 20/50 | Loss=0.002459
07:30:53 [INFO]     Época 30/50 | Loss=0.002473
07:30:59 [INFO]     Época 40/50 | Loss=0.002359
07:31:05 [INFO]     Época 50/50 | Loss=0.002169
07:31:05 [INFO]   [269/960] CNN_w4_c32_k2_actleaky_relu_d0.0_dense32_e50_lr0.001_b8  RMSE_test=0.0147  MAE_test=0.0110
07:31:08 [INFO]     Época 10/50 | Loss=0.002874
07:31:12 [INFO]     Época 20/50 | Loss=0.002509
07:31:15 [INFO]     Época 30/50 | Loss=0.002497
07:31:18 [INFO]     Época 40/50 | Loss=0.002264
07:31:21 [INFO]     Época 50/50 | Loss=0.002187
07:31:21 [INFO]   [270/960] CNN_w4_c32_k2_actleaky_relu_d0.0_dense32_e50_lr0.001_b16  RMSE_test=0.0140  MAE_test=0.0107
07:31:27 [INFO]     Época 10/50 | Loss=0.002862
07:31:33 [INFO]     Época 20/50 | Loss=0.002479
07:31:39 [INFO]     Época 30/50 | Loss=0.002391
07:31:45 [INFO]     Época 40/50 | Loss=0.002287
07:31:51 [INFO]     Época 50/50 | Loss=0.002109
07:31:51 [INFO]   [271/960] CNN_w4_c32_k2_actleaky_relu_d0.0_dense32_e50_lr0.0005_b8  RMSE_test=0.0144  MAE_test=0.0108
07:31:54 [INFO]     Época 10/50 | Loss=0.002826
07:31:57 [INFO]     Época 20/50 | Loss=0.002435
07:32:01 [INFO]     Época 30/50 | Loss=0.002456
07:32:04 [INFO]     Época 40/50 | Loss=0.002237
07:32:07 [INFO]     Época 50/50 | Loss=0.002147
07:32:07 [INFO]   [272/960] CNN_w4_c32_k2_actleaky_relu_d0.0_dense32_e50_lr0.0005_b16  RMSE_test=0.0146  MAE_test=0.0111
07:32:13 [INFO]     Época 10/50 | Loss=0.024658
07:32:20 [INFO]     Época 20/50 | Loss=0.023226
07:32:26 [INFO]     Época 30/50 | Loss=0.021427
07:32:33 [INFO]     Época 40/50 | Loss=0.021270
07:32:39 [INFO]     Época 50/50 | Loss=0.022080
07:32:39 [INFO]   [273/960] CNN_w4_c32_k2_actrelu_d0.1_dense16_e50_lr0.001_b8  RMSE_test=0.0200  MAE_test=0.0151
07:32:43 [INFO]     Época 10/50 | Loss=0.023418
07:32:46 [INFO]     Época 20/50 | Loss=0.022905
07:32:49 [INFO]     Época 30/50 | Loss=0.022215
07:32:53 [INFO]     Época 40/50 | Loss=0.022266
07:32:56 [INFO]     Época 50/50 | Loss=0.021158
07:32:56 [INFO]   [274/960] CNN_w4_c32_k2_actrelu_d0.1_dense16_e50_lr0.001_b16  RMSE_test=0.0145  MAE_test=0.0106
07:33:02 [INFO]     Época 10/50 | Loss=0.024549
07:33:09 [INFO]     Época 20/50 | Loss=0.022707
07:33:15 [INFO]     Época 30/50 | Loss=0.021151
07:33:22 [INFO]     Época 40/50 | Loss=0.020759
07:33:28 [INFO]     Época 50/50 | Loss=0.021467
07:33:28 [INFO]   [275/960] CNN_w4_c32_k2_actrelu_d0.1_dense16_e50_lr0.0005_b8  RMSE_test=0.0158  MAE_test=0.0120
07:33:32 [INFO]     Época 10/50 | Loss=0.024194
07:33:35 [INFO]     Época 20/50 | Loss=0.023051
07:33:38 [INFO]     Época 30/50 | Loss=0.022371
07:33:41 [INFO]     Época 40/50 | Loss=0.022134
07:33:45 [INFO]     Época 50/50 | Loss=0.020992
07:33:45 [INFO]   [276/960] CNN_w4_c32_k2_actrelu_d0.1_dense16_e50_lr0.0005_b16  RMSE_test=0.0168  MAE_test=0.0125
07:33:51 [INFO]     Época 10/50 | Loss=0.015235
07:33:58 [INFO]     Época 20/50 | Loss=0.013961
07:34:04 [INFO]     Época 30/50 | Loss=0.013730
07:34:11 [INFO]     Época 40/50 | Loss=0.013200
07:34:17 [INFO]     Época 50/50 | Loss=0.014033
07:34:17 [INFO]   [277/960] CNN_w4_c32_k2_actrelu_d0.1_dense32_e50_lr0.001_b8  RMSE_test=0.0151  MAE_test=0.0115
07:34:20 [INFO]     Época 10/50 | Loss=0.015728
07:34:24 [INFO]     Época 20/50 | Loss=0.014437
07:34:27 [INFO]     Época 30/50 | Loss=0.014184
07:34:30 [INFO]     Época 40/50 | Loss=0.012833
07:34:34 [INFO]     Época 50/50 | Loss=0.012742
07:34:34 [INFO]   [278/960] CNN_w4_c32_k2_actrelu_d0.1_dense32_e50_lr0.001_b16  RMSE_test=0.0136  MAE_test=0.0102
07:34:40 [INFO]     Época 10/50 | Loss=0.015682
07:34:47 [INFO]     Época 20/50 | Loss=0.013662
07:34:53 [INFO]     Época 30/50 | Loss=0.013368
07:35:00 [INFO]     Época 40/50 | Loss=0.012594
07:35:06 [INFO]     Época 50/50 | Loss=0.013021
07:35:06 [INFO]   [279/960] CNN_w4_c32_k2_actrelu_d0.1_dense32_e50_lr0.0005_b8  RMSE_test=0.0133  MAE_test=0.0100
07:35:09 [INFO]     Época 10/50 | Loss=0.016182
07:35:13 [INFO]     Época 20/50 | Loss=0.014384
07:35:16 [INFO]     Época 30/50 | Loss=0.014047
07:35:19 [INFO]     Época 40/50 | Loss=0.013053
07:35:23 [INFO]     Época 50/50 | Loss=0.012842
07:35:23 [INFO]   [280/960] CNN_w4_c32_k2_actrelu_d0.1_dense32_e50_lr0.0005_b16  RMSE_test=0.0155  MAE_test=0.0119
07:35:29 [INFO]     Época 10/50 | Loss=0.022880
07:35:36 [INFO]     Época 20/50 | Loss=0.019173
07:35:42 [INFO]     Época 30/50 | Loss=0.016092
07:35:49 [INFO]     Época 40/50 | Loss=0.013938
07:35:55 [INFO]     Época 50/50 | Loss=0.014117
07:35:55 [INFO]   [281/960] CNN_w4_c32_k2_actleaky_relu_d0.1_dense16_e50_lr0.001_b8  RMSE_test=0.0191  MAE_test=0.0145
07:35:59 [INFO]     Época 10/50 | Loss=0.021132
07:36:02 [INFO]     Época 20/50 | Loss=0.020724
07:36:06 [INFO]     Época 30/50 | Loss=0.019059
07:36:09 [INFO]     Época 40/50 | Loss=0.017237
07:36:12 [INFO]     Época 50/50 | Loss=0.014250
07:36:12 [INFO]   [282/960] CNN_w4_c32_k2_actleaky_relu_d0.1_dense16_e50_lr0.001_b16  RMSE_test=0.0141  MAE_test=0.0105
07:36:19 [INFO]     Época 10/50 | Loss=0.022607
07:36:25 [INFO]     Época 20/50 | Loss=0.020171
07:36:32 [INFO]     Época 30/50 | Loss=0.018019
07:36:38 [INFO]     Época 40/50 | Loss=0.016372
07:36:45 [INFO]     Época 50/50 | Loss=0.015348
07:36:45 [INFO]   [283/960] CNN_w4_c32_k2_actleaky_relu_d0.1_dense16_e50_lr0.0005_b8  RMSE_test=0.0173  MAE_test=0.0134
07:36:48 [INFO]     Época 10/50 | Loss=0.021934
07:36:51 [INFO]     Época 20/50 | Loss=0.021135
07:36:55 [INFO]     Época 30/50 | Loss=0.019996
07:36:58 [INFO]     Época 40/50 | Loss=0.019405
07:37:01 [INFO]     Época 50/50 | Loss=0.017310
07:37:01 [INFO]   [284/960] CNN_w4_c32_k2_actleaky_relu_d0.1_dense16_e50_lr0.0005_b16  RMSE_test=0.0164  MAE_test=0.0123
07:37:08 [INFO]     Época 10/50 | Loss=0.014381
07:37:14 [INFO]     Época 20/50 | Loss=0.012626
07:37:21 [INFO]     Época 30/50 | Loss=0.011496
07:37:27 [INFO]     Época 40/50 | Loss=0.010291
07:37:34 [INFO]     Época 50/50 | Loss=0.011381
07:37:34 [INFO]   [285/960] CNN_w4_c32_k2_actleaky_relu_d0.1_dense32_e50_lr0.001_b8  RMSE_test=0.0144  MAE_test=0.0109
07:37:37 [INFO]     Época 10/50 | Loss=0.014782
07:37:41 [INFO]     Época 20/50 | Loss=0.013133
07:37:44 [INFO]     Época 30/50 | Loss=0.012773
07:37:47 [INFO]     Época 40/50 | Loss=0.011035
07:37:51 [INFO]     Época 50/50 | Loss=0.010337
07:37:51 [INFO]   [286/960] CNN_w4_c32_k2_actleaky_relu_d0.1_dense32_e50_lr0.001_b16  RMSE_test=0.0136  MAE_test=0.0102
07:37:57 [INFO]     Época 10/50 | Loss=0.014812
07:38:03 [INFO]     Época 20/50 | Loss=0.012887
07:38:10 [INFO]     Época 30/50 | Loss=0.012017
07:38:17 [INFO]     Época 40/50 | Loss=0.010645
07:38:23 [INFO]     Época 50/50 | Loss=0.010886
07:38:23 [INFO]   [287/960] CNN_w4_c32_k2_actleaky_relu_d0.1_dense32_e50_lr0.0005_b8  RMSE_test=0.0147  MAE_test=0.0109
07:38:26 [INFO]     Época 10/50 | Loss=0.015448
07:38:30 [INFO]     Época 20/50 | Loss=0.013514
07:38:33 [INFO]     Época 30/50 | Loss=0.013090
07:38:37 [INFO]     Época 40/50 | Loss=0.011808
07:38:40 [INFO]     Época 50/50 | Loss=0.011317
07:38:40 [INFO]   [288/960] CNN_w4_c32_k2_actleaky_relu_d0.1_dense32_e50_lr0.0005_b16  RMSE_test=0.0152  MAE_test=0.0117
07:38:46 [INFO]     Época 10/50 | Loss=0.003054
07:38:52 [INFO]     Época 20/50 | Loss=0.002646
07:38:58 [INFO]     Época 30/50 | Loss=0.002582
07:39:04 [INFO]     Época 40/50 | Loss=0.002454
07:39:10 [INFO]     Época 50/50 | Loss=0.002202
07:39:10 [INFO]   [289/960] CNN_w4_c32_k3_actrelu_d0.0_dense16_e50_lr0.001_b8  RMSE_test=0.0147  MAE_test=0.0110
07:39:13 [INFO]     Época 10/50 | Loss=0.003163
07:39:16 [INFO]     Época 20/50 | Loss=0.002573
07:39:19 [INFO]     Época 30/50 | Loss=0.002573
07:39:22 [INFO]     Época 40/50 | Loss=0.002335
07:39:25 [INFO]     Época 50/50 | Loss=0.002295
07:39:25 [INFO]   [290/960] CNN_w4_c32_k3_actrelu_d0.0_dense16_e50_lr0.001_b16  RMSE_test=0.0139  MAE_test=0.0106
07:39:31 [INFO]     Época 10/50 | Loss=0.002949
07:39:37 [INFO]     Época 20/50 | Loss=0.002540
07:39:43 [INFO]     Época 30/50 | Loss=0.002492
07:39:49 [INFO]     Época 40/50 | Loss=0.002377
07:39:55 [INFO]     Época 50/50 | Loss=0.002170
07:39:55 [INFO]   [291/960] CNN_w4_c32_k3_actrelu_d0.0_dense16_e50_lr0.0005_b8  RMSE_test=0.0139  MAE_test=0.0104
07:39:58 [INFO]     Época 10/50 | Loss=0.003171
07:40:01 [INFO]     Época 20/50 | Loss=0.002607
07:40:04 [INFO]     Época 30/50 | Loss=0.002460
07:40:07 [INFO]     Época 40/50 | Loss=0.002332
07:40:11 [INFO]     Época 50/50 | Loss=0.002196
07:40:11 [INFO]   [292/960] CNN_w4_c32_k3_actrelu_d0.0_dense16_e50_lr0.0005_b16  RMSE_test=0.0143  MAE_test=0.0111
07:40:17 [INFO]     Época 10/50 | Loss=0.003112
07:40:23 [INFO]     Época 20/50 | Loss=0.002593
07:40:29 [INFO]     Época 30/50 | Loss=0.002563
07:40:35 [INFO]     Época 40/50 | Loss=0.002472
07:40:41 [INFO]     Época 50/50 | Loss=0.002223
07:40:41 [INFO]   [293/960] CNN_w4_c32_k3_actrelu_d0.0_dense32_e50_lr0.001_b8  RMSE_test=0.0148  MAE_test=0.0113
07:40:44 [INFO]     Época 10/50 | Loss=0.003099
07:40:47 [INFO]     Época 20/50 | Loss=0.002616
07:40:50 [INFO]     Época 30/50 | Loss=0.002662
07:40:54 [INFO]     Época 40/50 | Loss=0.002387
07:40:57 [INFO]     Época 50/50 | Loss=0.002293
07:40:57 [INFO]   [294/960] CNN_w4_c32_k3_actrelu_d0.0_dense32_e50_lr0.001_b16  RMSE_test=0.0142  MAE_test=0.0109
07:41:03 [INFO]     Época 10/50 | Loss=0.003085
07:41:09 [INFO]     Época 20/50 | Loss=0.002608
07:41:15 [INFO]     Época 30/50 | Loss=0.002566
07:41:20 [INFO]     Época 40/50 | Loss=0.002451
07:41:26 [INFO]     Época 50/50 | Loss=0.002249
07:41:26 [INFO]   [295/960] CNN_w4_c32_k3_actrelu_d0.0_dense32_e50_lr0.0005_b8  RMSE_test=0.0141  MAE_test=0.0107
07:41:30 [INFO]     Época 10/50 | Loss=0.003129
07:41:33 [INFO]     Época 20/50 | Loss=0.002528
07:41:36 [INFO]     Época 30/50 | Loss=0.002468
07:41:39 [INFO]     Época 40/50 | Loss=0.002317
07:41:42 [INFO]     Época 50/50 | Loss=0.002203
07:41:42 [INFO]   [296/960] CNN_w4_c32_k3_actrelu_d0.0_dense32_e50_lr0.0005_b16  RMSE_test=0.0138  MAE_test=0.0106
07:41:48 [INFO]     Época 10/50 | Loss=0.003038
07:41:54 [INFO]     Época 20/50 | Loss=0.002711
07:42:00 [INFO]     Época 30/50 | Loss=0.002617
07:42:06 [INFO]     Época 40/50 | Loss=0.002483
07:42:12 [INFO]     Época 50/50 | Loss=0.002200
07:42:12 [INFO]   [297/960] CNN_w4_c32_k3_actleaky_relu_d0.0_dense16_e50_lr0.001_b8  RMSE_test=0.0138  MAE_test=0.0103
07:42:15 [INFO]     Época 10/50 | Loss=0.003111
07:42:19 [INFO]     Época 20/50 | Loss=0.002533
07:42:22 [INFO]     Época 30/50 | Loss=0.002564
07:42:25 [INFO]     Época 40/50 | Loss=0.002327
07:42:28 [INFO]     Época 50/50 | Loss=0.002296
07:42:28 [INFO]   [298/960] CNN_w4_c32_k3_actleaky_relu_d0.0_dense16_e50_lr0.001_b16  RMSE_test=0.0136  MAE_test=0.0102
07:42:34 [INFO]     Época 10/50 | Loss=0.002930
07:42:40 [INFO]     Época 20/50 | Loss=0.002561
07:42:46 [INFO]     Época 30/50 | Loss=0.002577
07:42:52 [INFO]     Época 40/50 | Loss=0.002417
07:42:58 [INFO]     Época 50/50 | Loss=0.002217
07:42:58 [INFO]   [299/960] CNN_w4_c32_k3_actleaky_relu_d0.0_dense16_e50_lr0.0005_b8  RMSE_test=0.0137  MAE_test=0.0102
07:43:01 [INFO]     Época 10/50 | Loss=0.003186
07:43:04 [INFO]     Época 20/50 | Loss=0.002622
07:43:07 [INFO]     Época 30/50 | Loss=0.002465
07:43:10 [INFO]     Época 40/50 | Loss=0.002315
07:43:13 [INFO]     Época 50/50 | Loss=0.002203
07:43:13 [INFO]   [300/960] CNN_w4_c32_k3_actleaky_relu_d0.0_dense16_e50_lr0.0005_b16  RMSE_test=0.0141  MAE_test=0.0108
07:43:19 [INFO]     Época 10/50 | Loss=0.003171
07:43:25 [INFO]     Época 20/50 | Loss=0.002726
07:43:31 [INFO]     Época 30/50 | Loss=0.002526
07:43:37 [INFO]     Época 40/50 | Loss=0.002418
07:43:43 [INFO]     Época 50/50 | Loss=0.002188
07:43:43 [INFO]   [301/960] CNN_w4_c32_k3_actleaky_relu_d0.0_dense32_e50_lr0.001_b8  RMSE_test=0.0142  MAE_test=0.0107
07:43:46 [INFO]     Época 10/50 | Loss=0.003096
07:43:49 [INFO]     Época 20/50 | Loss=0.002626
07:43:52 [INFO]     Época 30/50 | Loss=0.002685
07:43:55 [INFO]     Época 40/50 | Loss=0.002316
07:43:58 [INFO]     Época 50/50 | Loss=0.002227
07:43:58 [INFO]   [302/960] CNN_w4_c32_k3_actleaky_relu_d0.0_dense32_e50_lr0.001_b16  RMSE_test=0.0137  MAE_test=0.0103
07:44:04 [INFO]     Época 10/50 | Loss=0.003101
07:44:10 [INFO]     Época 20/50 | Loss=0.002553
07:44:16 [INFO]     Época 30/50 | Loss=0.002550
07:44:22 [INFO]     Época 40/50 | Loss=0.002422
07:44:28 [INFO]     Época 50/50 | Loss=0.002208
07:44:28 [INFO]   [303/960] CNN_w4_c32_k3_actleaky_relu_d0.0_dense32_e50_lr0.0005_b8  RMSE_test=0.0143  MAE_test=0.0108
07:44:31 [INFO]     Época 10/50 | Loss=0.003162
07:44:34 [INFO]     Época 20/50 | Loss=0.002523
07:44:37 [INFO]     Época 30/50 | Loss=0.002478
07:44:40 [INFO]     Época 40/50 | Loss=0.002284
07:44:43 [INFO]     Época 50/50 | Loss=0.002198
07:44:43 [INFO]   [304/960] CNN_w4_c32_k3_actleaky_relu_d0.0_dense32_e50_lr0.0005_b16  RMSE_test=0.0135  MAE_test=0.0102
07:44:49 [INFO]     Época 10/50 | Loss=0.024070
07:44:56 [INFO]     Época 20/50 | Loss=0.022491
07:45:02 [INFO]     Época 30/50 | Loss=0.021887
07:45:09 [INFO]     Época 40/50 | Loss=0.021007
07:45:15 [INFO]     Época 50/50 | Loss=0.021102
07:45:15 [INFO]   [305/960] CNN_w4_c32_k3_actrelu_d0.1_dense16_e50_lr0.001_b8  RMSE_test=0.0217  MAE_test=0.0166
07:45:18 [INFO]     Época 10/50 | Loss=0.024456
07:45:21 [INFO]     Época 20/50 | Loss=0.021248
07:45:25 [INFO]     Época 30/50 | Loss=0.021654
07:45:28 [INFO]     Época 40/50 | Loss=0.019841
07:45:31 [INFO]     Época 50/50 | Loss=0.019795
07:45:31 [INFO]   [306/960] CNN_w4_c32_k3_actrelu_d0.1_dense16_e50_lr0.001_b16  RMSE_test=0.0143  MAE_test=0.0108
07:45:38 [INFO]     Época 10/50 | Loss=0.023404
07:45:44 [INFO]     Época 20/50 | Loss=0.021697
07:45:50 [INFO]     Época 30/50 | Loss=0.020284
07:45:57 [INFO]     Época 40/50 | Loss=0.019248
07:46:03 [INFO]     Época 50/50 | Loss=0.019926
07:46:03 [INFO]   [307/960] CNN_w4_c32_k3_actrelu_d0.1_dense16_e50_lr0.0005_b8  RMSE_test=0.0155  MAE_test=0.0116
07:46:06 [INFO]     Época 10/50 | Loss=0.024768
07:46:10 [INFO]     Época 20/50 | Loss=0.021189
07:46:13 [INFO]     Época 30/50 | Loss=0.021240
07:46:16 [INFO]     Época 40/50 | Loss=0.019606
07:46:20 [INFO]     Época 50/50 | Loss=0.019502
07:46:20 [INFO]   [308/960] CNN_w4_c32_k3_actrelu_d0.1_dense16_e50_lr0.0005_b16  RMSE_test=0.0140  MAE_test=0.0106
07:46:26 [INFO]     Época 10/50 | Loss=0.016117
07:46:32 [INFO]     Época 20/50 | Loss=0.015633
07:46:39 [INFO]     Época 30/50 | Loss=0.014677
07:46:45 [INFO]     Época 40/50 | Loss=0.014548
07:46:51 [INFO]     Época 50/50 | Loss=0.015046
07:46:51 [INFO]   [309/960] CNN_w4_c32_k3_actrelu_d0.1_dense32_e50_lr0.001_b8  RMSE_test=0.0158  MAE_test=0.0125
07:46:55 [INFO]     Época 10/50 | Loss=0.015409
07:46:58 [INFO]     Época 20/50 | Loss=0.013870
07:47:01 [INFO]     Época 30/50 | Loss=0.013889
07:47:04 [INFO]     Época 40/50 | Loss=0.013756
07:47:08 [INFO]     Época 50/50 | Loss=0.013348
07:47:08 [INFO]   [310/960] CNN_w4_c32_k3_actrelu_d0.1_dense32_e50_lr0.001_b16  RMSE_test=0.0137  MAE_test=0.0102
07:47:14 [INFO]     Época 10/50 | Loss=0.015418
07:47:20 [INFO]     Época 20/50 | Loss=0.013655
07:47:27 [INFO]     Época 30/50 | Loss=0.013111
07:47:33 [INFO]     Época 40/50 | Loss=0.012502
07:47:39 [INFO]     Época 50/50 | Loss=0.012527
07:47:39 [INFO]   [311/960] CNN_w4_c32_k3_actrelu_d0.1_dense32_e50_lr0.0005_b8  RMSE_test=0.0136  MAE_test=0.0101
07:47:43 [INFO]     Época 10/50 | Loss=0.016155
07:47:46 [INFO]     Época 20/50 | Loss=0.014156
07:47:49 [INFO]     Época 30/50 | Loss=0.013771
07:47:53 [INFO]     Época 40/50 | Loss=0.013503
07:47:56 [INFO]     Época 50/50 | Loss=0.012957
07:47:56 [INFO]   [312/960] CNN_w4_c32_k3_actrelu_d0.1_dense32_e50_lr0.0005_b16  RMSE_test=0.0146  MAE_test=0.0112
07:48:02 [INFO]     Época 10/50 | Loss=0.022340
07:48:08 [INFO]     Época 20/50 | Loss=0.016600
07:48:15 [INFO]     Época 30/50 | Loss=0.014435
07:48:21 [INFO]     Época 40/50 | Loss=0.013897
07:48:28 [INFO]     Época 50/50 | Loss=0.013362
07:48:28 [INFO]   [313/960] CNN_w4_c32_k3_actleaky_relu_d0.1_dense16_e50_lr0.001_b8  RMSE_test=0.0146  MAE_test=0.0110
07:48:31 [INFO]     Época 10/50 | Loss=0.023950
07:48:34 [INFO]     Época 20/50 | Loss=0.019732
07:48:37 [INFO]     Época 30/50 | Loss=0.017200
07:48:41 [INFO]     Época 40/50 | Loss=0.014718
07:48:44 [INFO]     Época 50/50 | Loss=0.014024
07:48:44 [INFO]   [314/960] CNN_w4_c32_k3_actleaky_relu_d0.1_dense16_e50_lr0.001_b16  RMSE_test=0.0131  MAE_test=0.0097
07:48:50 [INFO]     Época 10/50 | Loss=0.022782
07:48:57 [INFO]     Época 20/50 | Loss=0.020272
07:49:03 [INFO]     Época 30/50 | Loss=0.016689
07:49:10 [INFO]     Época 40/50 | Loss=0.014485
07:49:16 [INFO]     Época 50/50 | Loss=0.013984
07:49:16 [INFO]   [315/960] CNN_w4_c32_k3_actleaky_relu_d0.1_dense16_e50_lr0.0005_b8  RMSE_test=0.0147  MAE_test=0.0112
07:49:19 [INFO]     Época 10/50 | Loss=0.024404
07:49:23 [INFO]     Época 20/50 | Loss=0.020581
07:49:26 [INFO]     Época 30/50 | Loss=0.020004
07:49:29 [INFO]     Época 40/50 | Loss=0.017156
07:49:32 [INFO]     Época 50/50 | Loss=0.015326
07:49:32 [INFO]   [316/960] CNN_w4_c32_k3_actleaky_relu_d0.1_dense16_e50_lr0.0005_b16  RMSE_test=0.0139  MAE_test=0.0104
07:49:39 [INFO]     Época 10/50 | Loss=0.014863
07:49:45 [INFO]     Época 20/50 | Loss=0.013013
07:49:51 [INFO]     Época 30/50 | Loss=0.011241
07:49:58 [INFO]     Época 40/50 | Loss=0.010594
07:50:04 [INFO]     Época 50/50 | Loss=0.010794
07:50:04 [INFO]   [317/960] CNN_w4_c32_k3_actleaky_relu_d0.1_dense32_e50_lr0.001_b8  RMSE_test=0.0151  MAE_test=0.0118
07:50:07 [INFO]     Época 10/50 | Loss=0.014590
07:50:11 [INFO]     Época 20/50 | Loss=0.012624
07:50:14 [INFO]     Época 30/50 | Loss=0.012141
07:50:17 [INFO]     Época 40/50 | Loss=0.011026
07:50:21 [INFO]     Época 50/50 | Loss=0.010190
07:50:21 [INFO]   [318/960] CNN_w4_c32_k3_actleaky_relu_d0.1_dense32_e50_lr0.001_b16  RMSE_test=0.0140  MAE_test=0.0106
07:50:27 [INFO]     Época 10/50 | Loss=0.014824
07:50:34 [INFO]     Época 20/50 | Loss=0.012838
07:50:40 [INFO]     Época 30/50 | Loss=0.011560
07:50:46 [INFO]     Época 40/50 | Loss=0.010382
07:50:53 [INFO]     Época 50/50 | Loss=0.010218
07:50:53 [INFO]   [319/960] CNN_w4_c32_k3_actleaky_relu_d0.1_dense32_e50_lr0.0005_b8  RMSE_test=0.0145  MAE_test=0.0112
07:50:57 [INFO]     Época 10/50 | Loss=0.015216
07:51:00 [INFO]     Época 20/50 | Loss=0.013198
07:51:03 [INFO]     Época 30/50 | Loss=0.012624
07:51:07 [INFO]     Época 40/50 | Loss=0.011553
07:51:10 [INFO]     Época 50/50 | Loss=0.010794
07:51:10 [INFO]   [320/960] CNN_w4_c32_k3_actleaky_relu_d0.1_dense32_e50_lr0.0005_b16  RMSE_test=0.0139  MAE_test=0.0105
07:51:18 [INFO]     Época 10/50 | Loss=0.003332
07:51:25 [INFO]     Época 20/50 | Loss=0.002780
07:51:33 [INFO]     Época 30/50 | Loss=0.002576
07:51:40 [INFO]     Época 40/50 | Loss=0.002541
07:51:48 [INFO]     Época 50/50 | Loss=0.002285
07:51:48 [INFO]   [321/960] CNN_w4_c16x32_k2_actrelu_d0.0_dense16_e50_lr0.001_b8  RMSE_test=0.0153  MAE_test=0.0114
07:51:52 [INFO]     Época 10/50 | Loss=0.003236
07:51:56 [INFO]     Época 20/50 | Loss=0.002589
07:52:00 [INFO]     Época 30/50 | Loss=0.002796
07:52:04 [INFO]     Época 40/50 | Loss=0.002513
07:52:08 [INFO]     Época 50/50 | Loss=0.002410
07:52:08 [INFO]   [322/960] CNN_w4_c16x32_k2_actrelu_d0.0_dense16_e50_lr0.001_b16  RMSE_test=0.0146  MAE_test=0.0113
07:52:15 [INFO]     Época 10/50 | Loss=0.003115
07:52:23 [INFO]     Época 20/50 | Loss=0.002616
07:52:30 [INFO]     Época 30/50 | Loss=0.002467
07:52:38 [INFO]     Época 40/50 | Loss=0.002435
07:52:46 [INFO]     Época 50/50 | Loss=0.002270
07:52:46 [INFO]   [323/960] CNN_w4_c16x32_k2_actrelu_d0.0_dense16_e50_lr0.0005_b8  RMSE_test=0.0141  MAE_test=0.0105
07:52:50 [INFO]     Época 10/50 | Loss=0.003431
07:52:54 [INFO]     Época 20/50 | Loss=0.002519
07:52:57 [INFO]     Época 30/50 | Loss=0.002552
07:53:01 [INFO]     Época 40/50 | Loss=0.002366
07:53:05 [INFO]     Época 50/50 | Loss=0.002307
07:53:05 [INFO]   [324/960] CNN_w4_c16x32_k2_actrelu_d0.0_dense16_e50_lr0.0005_b16  RMSE_test=0.0146  MAE_test=0.0113
07:53:13 [INFO]     Época 10/50 | Loss=0.003129
07:53:20 [INFO]     Época 20/50 | Loss=0.002628
07:53:28 [INFO]     Época 30/50 | Loss=0.002576
07:53:36 [INFO]     Época 40/50 | Loss=0.002445
07:53:43 [INFO]     Época 50/50 | Loss=0.002196
07:53:43 [INFO]   [325/960] CNN_w4_c16x32_k2_actrelu_d0.0_dense32_e50_lr0.001_b8  RMSE_test=0.0149  MAE_test=0.0111
07:53:47 [INFO]     Época 10/50 | Loss=0.003323
07:53:51 [INFO]     Época 20/50 | Loss=0.002567
07:53:55 [INFO]     Época 30/50 | Loss=0.002702
07:53:59 [INFO]     Época 40/50 | Loss=0.002483
07:54:03 [INFO]     Época 50/50 | Loss=0.002301
07:54:03 [INFO]   [326/960] CNN_w4_c16x32_k2_actrelu_d0.0_dense32_e50_lr0.001_b16  RMSE_test=0.0154  MAE_test=0.0119
07:54:11 [INFO]     Época 10/50 | Loss=0.003154
07:54:18 [INFO]     Época 20/50 | Loss=0.002646
07:54:26 [INFO]     Época 30/50 | Loss=0.002473
07:54:33 [INFO]     Época 40/50 | Loss=0.002412
07:54:41 [INFO]     Época 50/50 | Loss=0.002214
07:54:41 [INFO]   [327/960] CNN_w4_c16x32_k2_actrelu_d0.0_dense32_e50_lr0.0005_b8  RMSE_test=0.0152  MAE_test=0.0113
07:54:45 [INFO]     Época 10/50 | Loss=0.003229
07:54:49 [INFO]     Época 20/50 | Loss=0.002492
07:54:53 [INFO]     Época 30/50 | Loss=0.002568
07:54:56 [INFO]     Época 40/50 | Loss=0.002381
07:55:00 [INFO]     Época 50/50 | Loss=0.002270
07:55:00 [INFO]   [328/960] CNN_w4_c16x32_k2_actrelu_d0.0_dense32_e50_lr0.0005_b16  RMSE_test=0.0161  MAE_test=0.0124
07:55:08 [INFO]     Época 10/50 | Loss=0.003307
07:55:15 [INFO]     Época 20/50 | Loss=0.002755
07:55:23 [INFO]     Época 30/50 | Loss=0.002597
07:55:31 [INFO]     Época 40/50 | Loss=0.002532
07:55:38 [INFO]     Época 50/50 | Loss=0.002269
07:55:38 [INFO]   [329/960] CNN_w4_c16x32_k2_actleaky_relu_d0.0_dense16_e50_lr0.001_b8  RMSE_test=0.0152  MAE_test=0.0115
07:55:42 [INFO]     Época 10/50 | Loss=0.003235
07:55:46 [INFO]     Época 20/50 | Loss=0.002578
07:55:50 [INFO]     Época 30/50 | Loss=0.002734
07:55:54 [INFO]     Época 40/50 | Loss=0.002537
07:55:58 [INFO]     Época 50/50 | Loss=0.002374
07:55:58 [INFO]   [330/960] CNN_w4_c16x32_k2_actleaky_relu_d0.0_dense16_e50_lr0.001_b16  RMSE_test=0.0151  MAE_test=0.0117
07:56:05 [INFO]     Época 10/50 | Loss=0.003176
07:56:13 [INFO]     Época 20/50 | Loss=0.002655
07:56:21 [INFO]     Época 30/50 | Loss=0.002546
07:56:28 [INFO]     Época 40/50 | Loss=0.002484
07:56:36 [INFO]     Época 50/50 | Loss=0.002322
07:56:36 [INFO]   [331/960] CNN_w4_c16x32_k2_actleaky_relu_d0.0_dense16_e50_lr0.0005_b8  RMSE_test=0.0139  MAE_test=0.0103
07:56:40 [INFO]     Época 10/50 | Loss=0.003343
07:56:44 [INFO]     Época 20/50 | Loss=0.002503
07:56:48 [INFO]     Época 30/50 | Loss=0.002621
07:56:51 [INFO]     Época 40/50 | Loss=0.002416
07:56:55 [INFO]     Época 50/50 | Loss=0.002309
07:56:55 [INFO]   [332/960] CNN_w4_c16x32_k2_actleaky_relu_d0.0_dense16_e50_lr0.0005_b16  RMSE_test=0.0143  MAE_test=0.0110
07:57:03 [INFO]     Época 10/50 | Loss=0.003213
07:57:10 [INFO]     Época 20/50 | Loss=0.002614
07:57:18 [INFO]     Época 30/50 | Loss=0.002538
07:57:26 [INFO]     Época 40/50 | Loss=0.002508
07:57:33 [INFO]     Época 50/50 | Loss=0.002221
07:57:33 [INFO]   [333/960] CNN_w4_c16x32_k2_actleaky_relu_d0.0_dense32_e50_lr0.001_b8  RMSE_test=0.0149  MAE_test=0.0111
07:57:37 [INFO]     Época 10/50 | Loss=0.003378
07:57:41 [INFO]     Época 20/50 | Loss=0.002503
07:57:45 [INFO]     Época 30/50 | Loss=0.002707
07:57:49 [INFO]     Época 40/50 | Loss=0.002407
07:57:53 [INFO]     Época 50/50 | Loss=0.002289
07:57:53 [INFO]   [334/960] CNN_w4_c16x32_k2_actleaky_relu_d0.0_dense32_e50_lr0.001_b16  RMSE_test=0.0149  MAE_test=0.0113
07:58:00 [INFO]     Época 10/50 | Loss=0.003151
07:58:08 [INFO]     Época 20/50 | Loss=0.002623
07:58:15 [INFO]     Época 30/50 | Loss=0.002407
07:58:23 [INFO]     Época 40/50 | Loss=0.002400
07:58:30 [INFO]     Época 50/50 | Loss=0.002197
07:58:30 [INFO]   [335/960] CNN_w4_c16x32_k2_actleaky_relu_d0.0_dense32_e50_lr0.0005_b8  RMSE_test=0.0152  MAE_test=0.0115
07:58:34 [INFO]     Época 10/50 | Loss=0.003270
07:58:38 [INFO]     Época 20/50 | Loss=0.002450
07:58:42 [INFO]     Época 30/50 | Loss=0.002552
07:58:46 [INFO]     Época 40/50 | Loss=0.002363
07:58:50 [INFO]     Época 50/50 | Loss=0.002273
07:58:50 [INFO]   [336/960] CNN_w4_c16x32_k2_actleaky_relu_d0.0_dense32_e50_lr0.0005_b16  RMSE_test=0.0160  MAE_test=0.0124
07:58:58 [INFO]     Época 10/50 | Loss=0.027522
07:59:06 [INFO]     Época 20/50 | Loss=0.026053
07:59:14 [INFO]     Época 30/50 | Loss=0.023824
07:59:22 [INFO]     Época 40/50 | Loss=0.025160
07:59:31 [INFO]     Época 50/50 | Loss=0.023574
07:59:31 [INFO]   [337/960] CNN_w4_c16x32_k2_actrelu_d0.1_dense16_e50_lr0.001_b8  RMSE_test=0.0257  MAE_test=0.0196
07:59:35 [INFO]     Época 10/50 | Loss=0.026154
07:59:39 [INFO]     Época 20/50 | Loss=0.023912
07:59:43 [INFO]     Época 30/50 | Loss=0.021646
07:59:47 [INFO]     Época 40/50 | Loss=0.021923
07:59:51 [INFO]     Época 50/50 | Loss=0.022129
07:59:51 [INFO]   [338/960] CNN_w4_c16x32_k2_actrelu_d0.1_dense16_e50_lr0.001_b16  RMSE_test=0.0224  MAE_test=0.0173
08:00:00 [INFO]     Época 10/50 | Loss=0.027202
08:00:08 [INFO]     Época 20/50 | Loss=0.024325
08:00:17 [INFO]     Época 30/50 | Loss=0.021109
08:00:25 [INFO]     Época 40/50 | Loss=0.022194
08:00:33 [INFO]     Época 50/50 | Loss=0.021046
08:00:33 [INFO]   [339/960] CNN_w4_c16x32_k2_actrelu_d0.1_dense16_e50_lr0.0005_b8  RMSE_test=0.0205  MAE_test=0.0155
08:00:37 [INFO]     Época 10/50 | Loss=0.029308
08:00:42 [INFO]     Época 20/50 | Loss=0.026284
08:00:46 [INFO]     Época 30/50 | Loss=0.022618
08:00:50 [INFO]     Época 40/50 | Loss=0.023713
08:00:54 [INFO]     Época 50/50 | Loss=0.023501
08:00:54 [INFO]   [340/960] CNN_w4_c16x32_k2_actrelu_d0.1_dense16_e50_lr0.0005_b16  RMSE_test=0.0214  MAE_test=0.0165
08:01:02 [INFO]     Época 10/50 | Loss=0.018402
08:01:11 [INFO]     Época 20/50 | Loss=0.016563
08:01:19 [INFO]     Época 30/50 | Loss=0.015868
08:01:27 [INFO]     Época 40/50 | Loss=0.013950
08:01:35 [INFO]     Época 50/50 | Loss=0.013961
08:01:35 [INFO]   [341/960] CNN_w4_c16x32_k2_actrelu_d0.1_dense32_e50_lr0.001_b8  RMSE_test=0.0200  MAE_test=0.0152
08:01:39 [INFO]     Época 10/50 | Loss=0.018755
08:01:44 [INFO]     Época 20/50 | Loss=0.015912
08:01:48 [INFO]     Época 30/50 | Loss=0.015319
08:01:52 [INFO]     Época 40/50 | Loss=0.015208
08:01:56 [INFO]     Época 50/50 | Loss=0.014147
08:01:56 [INFO]   [342/960] CNN_w4_c16x32_k2_actrelu_d0.1_dense32_e50_lr0.001_b16  RMSE_test=0.0179  MAE_test=0.0137
08:02:05 [INFO]     Época 10/50 | Loss=0.018132
08:02:13 [INFO]     Época 20/50 | Loss=0.016272
08:02:21 [INFO]     Época 30/50 | Loss=0.015279
08:02:29 [INFO]     Época 40/50 | Loss=0.013380
08:02:38 [INFO]     Época 50/50 | Loss=0.013579
08:02:38 [INFO]   [343/960] CNN_w4_c16x32_k2_actrelu_d0.1_dense32_e50_lr0.0005_b8  RMSE_test=0.0225  MAE_test=0.0172
08:02:42 [INFO]     Época 10/50 | Loss=0.020040
08:02:46 [INFO]     Época 20/50 | Loss=0.016352
08:02:50 [INFO]     Época 30/50 | Loss=0.015186
08:02:54 [INFO]     Época 40/50 | Loss=0.015666
08:02:58 [INFO]     Época 50/50 | Loss=0.013588
08:02:58 [INFO]   [344/960] CNN_w4_c16x32_k2_actrelu_d0.1_dense32_e50_lr0.0005_b16  RMSE_test=0.0185  MAE_test=0.0143
08:03:07 [INFO]     Época 10/50 | Loss=0.023787
08:03:15 [INFO]     Época 20/50 | Loss=0.020230
08:03:23 [INFO]     Época 30/50 | Loss=0.015550
08:03:31 [INFO]     Época 40/50 | Loss=0.015443
08:03:39 [INFO]     Época 50/50 | Loss=0.013860
08:03:39 [INFO]   [345/960] CNN_w4_c16x32_k2_actleaky_relu_d0.1_dense16_e50_lr0.001_b8  RMSE_test=0.0196  MAE_test=0.0151
08:03:44 [INFO]     Época 10/50 | Loss=0.024880
08:03:48 [INFO]     Época 20/50 | Loss=0.021445
08:03:52 [INFO]     Época 30/50 | Loss=0.017739
08:03:56 [INFO]     Época 40/50 | Loss=0.016575
08:04:00 [INFO]     Época 50/50 | Loss=0.015142
08:04:00 [INFO]   [346/960] CNN_w4_c16x32_k2_actleaky_relu_d0.1_dense16_e50_lr0.001_b16  RMSE_test=0.0236  MAE_test=0.0184
08:04:08 [INFO]     Época 10/50 | Loss=0.025509
08:04:17 [INFO]     Época 20/50 | Loss=0.021978
08:04:25 [INFO]     Época 30/50 | Loss=0.017713
08:04:34 [INFO]     Época 40/50 | Loss=0.016492
08:04:42 [INFO]     Época 50/50 | Loss=0.014062
08:04:42 [INFO]   [347/960] CNN_w4_c16x32_k2_actleaky_relu_d0.1_dense16_e50_lr0.0005_b8  RMSE_test=0.0200  MAE_test=0.0151
08:04:46 [INFO]     Época 10/50 | Loss=0.027242
08:04:50 [INFO]     Época 20/50 | Loss=0.023943
08:04:54 [INFO]     Época 30/50 | Loss=0.019822
08:04:59 [INFO]     Época 40/50 | Loss=0.019341
08:05:03 [INFO]     Época 50/50 | Loss=0.017140
08:05:03 [INFO]   [348/960] CNN_w4_c16x32_k2_actleaky_relu_d0.1_dense16_e50_lr0.0005_b16  RMSE_test=0.0213  MAE_test=0.0166
08:05:11 [INFO]     Época 10/50 | Loss=0.017422
08:05:19 [INFO]     Época 20/50 | Loss=0.014236
08:05:28 [INFO]     Época 30/50 | Loss=0.012722
08:05:36 [INFO]     Época 40/50 | Loss=0.011302
08:05:44 [INFO]     Época 50/50 | Loss=0.010543
08:05:44 [INFO]   [349/960] CNN_w4_c16x32_k2_actleaky_relu_d0.1_dense32_e50_lr0.001_b8  RMSE_test=0.0196  MAE_test=0.0155
08:05:49 [INFO]     Época 10/50 | Loss=0.018146
08:05:53 [INFO]     Época 20/50 | Loss=0.014583
08:05:57 [INFO]     Época 30/50 | Loss=0.013149
08:06:01 [INFO]     Época 40/50 | Loss=0.011877
08:06:05 [INFO]     Época 50/50 | Loss=0.010799
08:06:05 [INFO]   [350/960] CNN_w4_c16x32_k2_actleaky_relu_d0.1_dense32_e50_lr0.001_b16  RMSE_test=0.0181  MAE_test=0.0140
08:06:14 [INFO]     Época 10/50 | Loss=0.017671
08:06:22 [INFO]     Época 20/50 | Loss=0.015092
08:06:30 [INFO]     Época 30/50 | Loss=0.013671
08:06:38 [INFO]     Época 40/50 | Loss=0.011719
08:06:47 [INFO]     Época 50/50 | Loss=0.011130
08:06:47 [INFO]   [351/960] CNN_w4_c16x32_k2_actleaky_relu_d0.1_dense32_e50_lr0.0005_b8  RMSE_test=0.0222  MAE_test=0.0168
08:06:51 [INFO]     Época 10/50 | Loss=0.019458
08:06:55 [INFO]     Época 20/50 | Loss=0.015948
08:06:59 [INFO]     Época 30/50 | Loss=0.014378
08:07:04 [INFO]     Época 40/50 | Loss=0.013737
08:07:08 [INFO]     Época 50/50 | Loss=0.011549
08:07:08 [INFO]   [352/960] CNN_w4_c16x32_k2_actleaky_relu_d0.1_dense32_e50_lr0.0005_b16  RMSE_test=0.0188  MAE_test=0.0143
08:07:15 [INFO]     Época 10/50 | Loss=0.003449
08:07:22 [INFO]     Época 20/50 | Loss=0.002777
08:07:30 [INFO]     Época 30/50 | Loss=0.002597
08:07:37 [INFO]     Época 40/50 | Loss=0.002471
08:07:44 [INFO]     Época 50/50 | Loss=0.002195
08:07:44 [INFO]   [353/960] CNN_w4_c16x32_k3_actrelu_d0.0_dense16_e50_lr0.001_b8  RMSE_test=0.0142  MAE_test=0.0107
08:07:48 [INFO]     Época 10/50 | Loss=0.003286
08:07:51 [INFO]     Época 20/50 | Loss=0.002630
08:07:55 [INFO]     Época 30/50 | Loss=0.002752
08:07:59 [INFO]     Época 40/50 | Loss=0.002407
08:08:03 [INFO]     Época 50/50 | Loss=0.002297
08:08:03 [INFO]   [354/960] CNN_w4_c16x32_k3_actrelu_d0.0_dense16_e50_lr0.001_b16  RMSE_test=0.0151  MAE_test=0.0114
08:08:10 [INFO]     Época 10/50 | Loss=0.003267
08:08:19 [INFO]     Época 20/50 | Loss=0.002703
08:08:26 [INFO]     Época 30/50 | Loss=0.002501
08:08:33 [INFO]     Época 40/50 | Loss=0.002450
08:08:40 [INFO]     Época 50/50 | Loss=0.002219
08:08:40 [INFO]   [355/960] CNN_w4_c16x32_k3_actrelu_d0.0_dense16_e50_lr0.0005_b8  RMSE_test=0.0146  MAE_test=0.0109
08:08:44 [INFO]     Época 10/50 | Loss=0.003347
08:08:49 [INFO]     Época 20/50 | Loss=0.002634
08:08:52 [INFO]     Época 30/50 | Loss=0.002608
08:08:56 [INFO]     Época 40/50 | Loss=0.002386
08:09:00 [INFO]     Época 50/50 | Loss=0.002280
08:09:00 [INFO]   [356/960] CNN_w4_c16x32_k3_actrelu_d0.0_dense16_e50_lr0.0005_b16  RMSE_test=0.0137  MAE_test=0.0104
08:09:07 [INFO]     Época 10/50 | Loss=0.003201
08:09:14 [INFO]     Época 20/50 | Loss=0.002595
08:09:23 [INFO]     Época 30/50 | Loss=0.002416
08:09:30 [INFO]     Época 40/50 | Loss=0.002456
08:09:37 [INFO]     Época 50/50 | Loss=0.002221
08:09:37 [INFO]   [357/960] CNN_w4_c16x32_k3_actrelu_d0.0_dense32_e50_lr0.001_b8  RMSE_test=0.0139  MAE_test=0.0104
08:09:41 [INFO]     Época 10/50 | Loss=0.003228
08:09:44 [INFO]     Época 20/50 | Loss=0.002649
08:09:48 [INFO]     Época 30/50 | Loss=0.002704
08:09:52 [INFO]     Época 40/50 | Loss=0.002403
08:09:55 [INFO]     Época 50/50 | Loss=0.002251
08:09:55 [INFO]   [358/960] CNN_w4_c16x32_k3_actrelu_d0.0_dense32_e50_lr0.001_b16  RMSE_test=0.0146  MAE_test=0.0111
08:10:03 [INFO]     Época 10/50 | Loss=0.003132
08:10:10 [INFO]     Época 20/50 | Loss=0.002622
08:10:17 [INFO]     Época 30/50 | Loss=0.002473
08:10:24 [INFO]     Época 40/50 | Loss=0.002427
08:10:31 [INFO]     Época 50/50 | Loss=0.002214
08:10:31 [INFO]   [359/960] CNN_w4_c16x32_k3_actrelu_d0.0_dense32_e50_lr0.0005_b8  RMSE_test=0.0149  MAE_test=0.0110
08:10:35 [INFO]     Época 10/50 | Loss=0.003243
08:10:39 [INFO]     Época 20/50 | Loss=0.002650
08:10:42 [INFO]     Época 30/50 | Loss=0.002611
08:10:46 [INFO]     Época 40/50 | Loss=0.002373
08:10:50 [INFO]     Época 50/50 | Loss=0.002281
08:10:50 [INFO]   [360/960] CNN_w4_c16x32_k3_actrelu_d0.0_dense32_e50_lr0.0005_b16  RMSE_test=0.0147  MAE_test=0.0113
08:10:57 [INFO]     Época 10/50 | Loss=0.003366
08:11:04 [INFO]     Época 20/50 | Loss=0.002679
08:11:11 [INFO]     Época 30/50 | Loss=0.002528
08:11:19 [INFO]     Época 40/50 | Loss=0.002474
08:11:26 [INFO]     Época 50/50 | Loss=0.002221
08:11:26 [INFO]   [361/960] CNN_w4_c16x32_k3_actleaky_relu_d0.0_dense16_e50_lr0.001_b8  RMSE_test=0.0145  MAE_test=0.0107
08:11:30 [INFO]     Época 10/50 | Loss=0.003270
08:11:33 [INFO]     Época 20/50 | Loss=0.002557
08:11:37 [INFO]     Época 30/50 | Loss=0.002747
08:11:41 [INFO]     Época 40/50 | Loss=0.002371
08:11:44 [INFO]     Época 50/50 | Loss=0.002263
08:11:44 [INFO]   [362/960] CNN_w4_c16x32_k3_actleaky_relu_d0.0_dense16_e50_lr0.001_b16  RMSE_test=0.0149  MAE_test=0.0113
08:11:51 [INFO]     Época 10/50 | Loss=0.003208
08:11:59 [INFO]     Época 20/50 | Loss=0.002697
08:12:06 [INFO]     Época 30/50 | Loss=0.002464
08:12:13 [INFO]     Época 40/50 | Loss=0.002418
08:12:20 [INFO]     Época 50/50 | Loss=0.002214
08:12:20 [INFO]   [363/960] CNN_w4_c16x32_k3_actleaky_relu_d0.0_dense16_e50_lr0.0005_b8  RMSE_test=0.0147  MAE_test=0.0110
08:12:24 [INFO]     Época 10/50 | Loss=0.003324
08:12:28 [INFO]     Época 20/50 | Loss=0.002597
08:12:31 [INFO]     Época 30/50 | Loss=0.002531
08:12:35 [INFO]     Época 40/50 | Loss=0.002336
08:12:39 [INFO]     Época 50/50 | Loss=0.002256
08:12:39 [INFO]   [364/960] CNN_w4_c16x32_k3_actleaky_relu_d0.0_dense16_e50_lr0.0005_b16  RMSE_test=0.0137  MAE_test=0.0104
08:12:46 [INFO]     Época 10/50 | Loss=0.003250
08:12:53 [INFO]     Época 20/50 | Loss=0.002568
08:13:00 [INFO]     Época 30/50 | Loss=0.002467
08:13:07 [INFO]     Época 40/50 | Loss=0.002435
08:13:14 [INFO]     Época 50/50 | Loss=0.002171
08:13:14 [INFO]   [365/960] CNN_w4_c16x32_k3_actleaky_relu_d0.0_dense32_e50_lr0.001_b8  RMSE_test=0.0154  MAE_test=0.0116
08:13:18 [INFO]     Época 10/50 | Loss=0.003190
08:13:22 [INFO]     Época 20/50 | Loss=0.002504
08:13:25 [INFO]     Época 30/50 | Loss=0.002702
08:13:29 [INFO]     Época 40/50 | Loss=0.002369
08:13:33 [INFO]     Época 50/50 | Loss=0.002207
08:13:33 [INFO]   [366/960] CNN_w4_c16x32_k3_actleaky_relu_d0.0_dense32_e50_lr0.001_b16  RMSE_test=0.0144  MAE_test=0.0109
08:13:40 [INFO]     Época 10/50 | Loss=0.003145
08:13:47 [INFO]     Época 20/50 | Loss=0.002624
08:13:54 [INFO]     Época 30/50 | Loss=0.002513
08:14:02 [INFO]     Época 40/50 | Loss=0.002376
08:14:09 [INFO]     Época 50/50 | Loss=0.002159
08:14:09 [INFO]   [367/960] CNN_w4_c16x32_k3_actleaky_relu_d0.0_dense32_e50_lr0.0005_b8  RMSE_test=0.0142  MAE_test=0.0106
08:14:12 [INFO]     Época 10/50 | Loss=0.003335
08:14:16 [INFO]     Época 20/50 | Loss=0.002635
08:14:20 [INFO]     Época 30/50 | Loss=0.002605
08:14:23 [INFO]     Época 40/50 | Loss=0.002393
08:14:27 [INFO]     Época 50/50 | Loss=0.002263
08:14:27 [INFO]   [368/960] CNN_w4_c16x32_k3_actleaky_relu_d0.0_dense32_e50_lr0.0005_b16  RMSE_test=0.0147  MAE_test=0.0112
08:14:35 [INFO]     Época 10/50 | Loss=0.027954
08:14:43 [INFO]     Época 20/50 | Loss=0.025083
08:14:51 [INFO]     Época 30/50 | Loss=0.023632
08:14:58 [INFO]     Época 40/50 | Loss=0.021574
08:15:06 [INFO]     Época 50/50 | Loss=0.020770
08:15:06 [INFO]   [369/960] CNN_w4_c16x32_k3_actrelu_d0.1_dense16_e50_lr0.001_b8  RMSE_test=0.0252  MAE_test=0.0206
08:15:10 [INFO]     Época 10/50 | Loss=0.028050
08:15:14 [INFO]     Época 20/50 | Loss=0.025467
08:15:18 [INFO]     Época 30/50 | Loss=0.025713
08:15:22 [INFO]     Época 40/50 | Loss=0.024082
08:15:26 [INFO]     Época 50/50 | Loss=0.023901
08:15:26 [INFO]   [370/960] CNN_w4_c16x32_k3_actrelu_d0.1_dense16_e50_lr0.001_b16  RMSE_test=0.0207  MAE_test=0.0157
08:15:34 [INFO]     Época 10/50 | Loss=0.027999
08:15:42 [INFO]     Época 20/50 | Loss=0.026163
08:15:50 [INFO]     Época 30/50 | Loss=0.024882
08:15:57 [INFO]     Época 40/50 | Loss=0.021248
08:16:05 [INFO]     Época 50/50 | Loss=0.020353
08:16:05 [INFO]   [371/960] CNN_w4_c16x32_k3_actrelu_d0.1_dense16_e50_lr0.0005_b8  RMSE_test=0.0195  MAE_test=0.0155
08:16:09 [INFO]     Época 10/50 | Loss=0.026894
08:16:13 [INFO]     Época 20/50 | Loss=0.023594
08:16:17 [INFO]     Época 30/50 | Loss=0.023219
08:16:21 [INFO]     Época 40/50 | Loss=0.022013
08:16:25 [INFO]     Época 50/50 | Loss=0.021458
08:16:25 [INFO]   [372/960] CNN_w4_c16x32_k3_actrelu_d0.1_dense16_e50_lr0.0005_b16  RMSE_test=0.0199  MAE_test=0.0152
08:16:33 [INFO]     Época 10/50 | Loss=0.020263
08:16:41 [INFO]     Época 20/50 | Loss=0.018189
08:16:49 [INFO]     Época 30/50 | Loss=0.015879
08:16:56 [INFO]     Época 40/50 | Loss=0.015843
08:17:04 [INFO]     Época 50/50 | Loss=0.013365
08:17:04 [INFO]   [373/960] CNN_w4_c16x32_k3_actrelu_d0.1_dense32_e50_lr0.001_b8  RMSE_test=0.0265  MAE_test=0.0205
08:17:08 [INFO]     Época 10/50 | Loss=0.019852
08:17:12 [INFO]     Época 20/50 | Loss=0.017698
08:17:16 [INFO]     Época 30/50 | Loss=0.014616
08:17:20 [INFO]     Época 40/50 | Loss=0.014529
08:17:24 [INFO]     Época 50/50 | Loss=0.014411
08:17:24 [INFO]   [374/960] CNN_w4_c16x32_k3_actrelu_d0.1_dense32_e50_lr0.001_b16  RMSE_test=0.0223  MAE_test=0.0171
08:17:32 [INFO]     Época 10/50 | Loss=0.019142
08:17:40 [INFO]     Época 20/50 | Loss=0.017113
08:17:48 [INFO]     Época 30/50 | Loss=0.015165
08:17:55 [INFO]     Época 40/50 | Loss=0.014954
08:18:03 [INFO]     Época 50/50 | Loss=0.013014
08:18:03 [INFO]   [375/960] CNN_w4_c16x32_k3_actrelu_d0.1_dense32_e50_lr0.0005_b8  RMSE_test=0.0254  MAE_test=0.0200
08:18:07 [INFO]     Época 10/50 | Loss=0.020358
08:18:11 [INFO]     Época 20/50 | Loss=0.017775
08:18:15 [INFO]     Época 30/50 | Loss=0.014624
08:18:19 [INFO]     Época 40/50 | Loss=0.013897
08:18:23 [INFO]     Época 50/50 | Loss=0.013488
08:18:23 [INFO]   [376/960] CNN_w4_c16x32_k3_actrelu_d0.1_dense32_e50_lr0.0005_b16  RMSE_test=0.0189  MAE_test=0.0149
08:18:31 [INFO]     Época 10/50 | Loss=0.025508
08:18:39 [INFO]     Época 20/50 | Loss=0.018897
08:18:47 [INFO]     Época 30/50 | Loss=0.016705
08:18:54 [INFO]     Época 40/50 | Loss=0.014620
08:19:02 [INFO]     Época 50/50 | Loss=0.013916
08:19:02 [INFO]   [377/960] CNN_w4_c16x32_k3_actleaky_relu_d0.1_dense16_e50_lr0.001_b8  RMSE_test=0.0213  MAE_test=0.0170
08:19:06 [INFO]     Época 10/50 | Loss=0.025655
08:19:10 [INFO]     Época 20/50 | Loss=0.021209
08:19:14 [INFO]     Época 30/50 | Loss=0.018544
08:19:18 [INFO]     Época 40/50 | Loss=0.016001
08:19:22 [INFO]     Época 50/50 | Loss=0.015993
08:19:22 [INFO]   [378/960] CNN_w4_c16x32_k3_actleaky_relu_d0.1_dense16_e50_lr0.001_b16  RMSE_test=0.0189  MAE_test=0.0144
08:19:30 [INFO]     Época 10/50 | Loss=0.025317
08:19:38 [INFO]     Época 20/50 | Loss=0.021544
08:19:46 [INFO]     Época 30/50 | Loss=0.017927
08:19:54 [INFO]     Época 40/50 | Loss=0.015008
08:20:01 [INFO]     Época 50/50 | Loss=0.013983
08:20:01 [INFO]   [379/960] CNN_w4_c16x32_k3_actleaky_relu_d0.1_dense16_e50_lr0.0005_b8  RMSE_test=0.0195  MAE_test=0.0154
08:20:05 [INFO]     Época 10/50 | Loss=0.026607
08:20:09 [INFO]     Época 20/50 | Loss=0.022679
08:20:13 [INFO]     Época 30/50 | Loss=0.021102
08:20:17 [INFO]     Época 40/50 | Loss=0.018751
08:20:21 [INFO]     Época 50/50 | Loss=0.016777
08:20:21 [INFO]   [380/960] CNN_w4_c16x32_k3_actleaky_relu_d0.1_dense16_e50_lr0.0005_b16  RMSE_test=0.0178  MAE_test=0.0134
08:20:29 [INFO]     Época 10/50 | Loss=0.017686
08:20:37 [INFO]     Época 20/50 | Loss=0.013773
08:20:44 [INFO]     Época 30/50 | Loss=0.011511
08:20:52 [INFO]     Época 40/50 | Loss=0.010821
08:21:00 [INFO]     Época 50/50 | Loss=0.010101
08:21:00 [INFO]   [381/960] CNN_w4_c16x32_k3_actleaky_relu_d0.1_dense32_e50_lr0.001_b8  RMSE_test=0.0206  MAE_test=0.0159
08:21:04 [INFO]     Época 10/50 | Loss=0.018399
08:21:08 [INFO]     Época 20/50 | Loss=0.014898
08:21:12 [INFO]     Época 30/50 | Loss=0.011913
08:21:16 [INFO]     Época 40/50 | Loss=0.010970
08:21:20 [INFO]     Época 50/50 | Loss=0.010574
08:21:20 [INFO]   [382/960] CNN_w4_c16x32_k3_actleaky_relu_d0.1_dense32_e50_lr0.001_b16  RMSE_test=0.0169  MAE_test=0.0133
08:21:28 [INFO]     Época 10/50 | Loss=0.018075
08:21:36 [INFO]     Época 20/50 | Loss=0.014990
08:21:43 [INFO]     Época 30/50 | Loss=0.012665
08:21:51 [INFO]     Época 40/50 | Loss=0.011207
08:21:59 [INFO]     Época 50/50 | Loss=0.010049
08:21:59 [INFO]   [383/960] CNN_w4_c16x32_k3_actleaky_relu_d0.1_dense32_e50_lr0.0005_b8  RMSE_test=0.0188  MAE_test=0.0144
08:22:03 [INFO]     Época 10/50 | Loss=0.019657
08:22:07 [INFO]     Época 20/50 | Loss=0.016545
08:22:11 [INFO]     Época 30/50 | Loss=0.013459
08:22:15 [INFO]     Época 40/50 | Loss=0.012440
08:22:19 [INFO]     Época 50/50 | Loss=0.011537
08:22:19 [INFO]   [384/960] CNN_w4_c16x32_k3_actleaky_relu_d0.1_dense32_e50_lr0.0005_b16  RMSE_test=0.0172  MAE_test=0.0134
08:22:25 [INFO]     Época 10/50 | Loss=0.002900
08:22:30 [INFO]     Época 20/50 | Loss=0.002602
08:22:36 [INFO]     Época 30/50 | Loss=0.002373
08:22:42 [INFO]     Época 40/50 | Loss=0.002273
08:22:48 [INFO]     Época 50/50 | Loss=0.002285
08:22:48 [INFO]   [385/960] CNN_w5_c16_k2_actrelu_d0.0_dense16_e50_lr0.001_b8  RMSE_test=0.0125  MAE_test=0.0093
08:22:51 [INFO]     Época 10/50 | Loss=0.002887
08:22:54 [INFO]     Época 20/50 | Loss=0.002479
08:22:57 [INFO]     Época 30/50 | Loss=0.002268
08:23:00 [INFO]     Época 40/50 | Loss=0.002247
08:23:03 [INFO]     Época 50/50 | Loss=0.002229
08:23:03 [INFO]   [386/960] CNN_w5_c16_k2_actrelu_d0.0_dense16_e50_lr0.001_b16  RMSE_test=0.0120  MAE_test=0.0087
08:23:08 [INFO]     Época 10/50 | Loss=0.003072
08:23:14 [INFO]     Época 20/50 | Loss=0.002572
08:23:20 [INFO]     Época 30/50 | Loss=0.002280
08:23:26 [INFO]     Época 40/50 | Loss=0.002217
08:23:31 [INFO]     Época 50/50 | Loss=0.002180
08:23:31 [INFO]   [387/960] CNN_w5_c16_k2_actrelu_d0.0_dense16_e50_lr0.0005_b8  RMSE_test=0.0124  MAE_test=0.0091
08:23:34 [INFO]     Época 10/50 | Loss=0.003313
08:23:37 [INFO]     Época 20/50 | Loss=0.002657
08:23:40 [INFO]     Época 30/50 | Loss=0.002283
08:23:43 [INFO]     Época 40/50 | Loss=0.002224
08:23:46 [INFO]     Época 50/50 | Loss=0.002180
08:23:46 [INFO]   [388/960] CNN_w5_c16_k2_actrelu_d0.0_dense16_e50_lr0.0005_b16  RMSE_test=0.0118  MAE_test=0.0086
08:23:52 [INFO]     Época 10/50 | Loss=0.002920
08:23:58 [INFO]     Época 20/50 | Loss=0.002529
08:24:03 [INFO]     Época 30/50 | Loss=0.002395
08:24:09 [INFO]     Época 40/50 | Loss=0.002291
08:24:15 [INFO]     Época 50/50 | Loss=0.002301
08:24:15 [INFO]   [389/960] CNN_w5_c16_k2_actrelu_d0.0_dense32_e50_lr0.001_b8  RMSE_test=0.0131  MAE_test=0.0098
08:24:18 [INFO]     Época 10/50 | Loss=0.003027
08:24:21 [INFO]     Época 20/50 | Loss=0.002513
08:24:24 [INFO]     Época 30/50 | Loss=0.002360
08:24:27 [INFO]     Época 40/50 | Loss=0.002210
08:24:30 [INFO]     Época 50/50 | Loss=0.002206
08:24:30 [INFO]   [390/960] CNN_w5_c16_k2_actrelu_d0.0_dense32_e50_lr0.001_b16  RMSE_test=0.0127  MAE_test=0.0095
08:24:36 [INFO]     Época 10/50 | Loss=0.003041
08:24:41 [INFO]     Época 20/50 | Loss=0.002515
08:24:47 [INFO]     Época 30/50 | Loss=0.002328
08:24:53 [INFO]     Época 40/50 | Loss=0.002197
08:24:59 [INFO]     Época 50/50 | Loss=0.002176
08:24:59 [INFO]   [391/960] CNN_w5_c16_k2_actrelu_d0.0_dense32_e50_lr0.0005_b8  RMSE_test=0.0133  MAE_test=0.0099
08:25:01 [INFO]     Época 10/50 | Loss=0.003499
08:25:04 [INFO]     Época 20/50 | Loss=0.002626
08:25:07 [INFO]     Época 30/50 | Loss=0.002302
08:25:10 [INFO]     Época 40/50 | Loss=0.002223
08:25:13 [INFO]     Época 50/50 | Loss=0.002188
08:25:13 [INFO]   [392/960] CNN_w5_c16_k2_actrelu_d0.0_dense32_e50_lr0.0005_b16  RMSE_test=0.0126  MAE_test=0.0090
08:25:19 [INFO]     Época 10/50 | Loss=0.002861
08:25:25 [INFO]     Época 20/50 | Loss=0.002544
08:25:31 [INFO]     Época 30/50 | Loss=0.002338
08:25:36 [INFO]     Época 40/50 | Loss=0.002239
08:25:42 [INFO]     Época 50/50 | Loss=0.002257
08:25:42 [INFO]   [393/960] CNN_w5_c16_k2_actleaky_relu_d0.0_dense16_e50_lr0.001_b8  RMSE_test=0.0123  MAE_test=0.0091
08:25:45 [INFO]     Época 10/50 | Loss=0.002851
08:25:48 [INFO]     Época 20/50 | Loss=0.002413
08:25:51 [INFO]     Época 30/50 | Loss=0.002252
08:25:54 [INFO]     Época 40/50 | Loss=0.002230
08:25:57 [INFO]     Época 50/50 | Loss=0.002245
08:25:57 [INFO]   [394/960] CNN_w5_c16_k2_actleaky_relu_d0.0_dense16_e50_lr0.001_b16  RMSE_test=0.0123  MAE_test=0.0090
08:26:03 [INFO]     Época 10/50 | Loss=0.002972
08:26:08 [INFO]     Época 20/50 | Loss=0.002425
08:26:14 [INFO]     Época 30/50 | Loss=0.002199
08:26:20 [INFO]     Época 40/50 | Loss=0.002170
08:26:25 [INFO]     Época 50/50 | Loss=0.002134
08:26:25 [INFO]   [395/960] CNN_w5_c16_k2_actleaky_relu_d0.0_dense16_e50_lr0.0005_b8  RMSE_test=0.0128  MAE_test=0.0095
08:26:28 [INFO]     Época 10/50 | Loss=0.003302
08:26:31 [INFO]     Época 20/50 | Loss=0.002600
08:26:34 [INFO]     Época 30/50 | Loss=0.002277
08:26:37 [INFO]     Época 40/50 | Loss=0.002198
08:26:40 [INFO]     Época 50/50 | Loss=0.002153
08:26:40 [INFO]   [396/960] CNN_w5_c16_k2_actleaky_relu_d0.0_dense16_e50_lr0.0005_b16  RMSE_test=0.0120  MAE_test=0.0087
08:26:46 [INFO]     Época 10/50 | Loss=0.002967
08:26:52 [INFO]     Época 20/50 | Loss=0.002524
08:26:57 [INFO]     Época 30/50 | Loss=0.002398
08:27:03 [INFO]     Época 40/50 | Loss=0.002265
08:27:09 [INFO]     Época 50/50 | Loss=0.002267
08:27:09 [INFO]   [397/960] CNN_w5_c16_k2_actleaky_relu_d0.0_dense32_e50_lr0.001_b8  RMSE_test=0.0128  MAE_test=0.0096
08:27:12 [INFO]     Época 10/50 | Loss=0.002950
08:27:15 [INFO]     Época 20/50 | Loss=0.002511
08:27:18 [INFO]     Época 30/50 | Loss=0.002312
08:27:21 [INFO]     Época 40/50 | Loss=0.002237
08:27:24 [INFO]     Época 50/50 | Loss=0.002262
08:27:24 [INFO]   [398/960] CNN_w5_c16_k2_actleaky_relu_d0.0_dense32_e50_lr0.001_b16  RMSE_test=0.0129  MAE_test=0.0096
08:27:29 [INFO]     Época 10/50 | Loss=0.002958
08:27:35 [INFO]     Época 20/50 | Loss=0.002480
08:27:41 [INFO]     Época 30/50 | Loss=0.002291
08:27:46 [INFO]     Época 40/50 | Loss=0.002178
08:27:52 [INFO]     Época 50/50 | Loss=0.002165
08:27:52 [INFO]   [399/960] CNN_w5_c16_k2_actleaky_relu_d0.0_dense32_e50_lr0.0005_b8  RMSE_test=0.0129  MAE_test=0.0095
08:27:55 [INFO]     Época 10/50 | Loss=0.003429
08:27:58 [INFO]     Época 20/50 | Loss=0.002652
08:28:01 [INFO]     Época 30/50 | Loss=0.002303
08:28:04 [INFO]     Época 40/50 | Loss=0.002209
08:28:07 [INFO]     Época 50/50 | Loss=0.002180
08:28:07 [INFO]   [400/960] CNN_w5_c16_k2_actleaky_relu_d0.0_dense32_e50_lr0.0005_b16  RMSE_test=0.0127  MAE_test=0.0092
08:28:13 [INFO]     Época 10/50 | Loss=0.025067
08:28:19 [INFO]     Época 20/50 | Loss=0.023416
08:28:25 [INFO]     Época 30/50 | Loss=0.022473
08:28:32 [INFO]     Época 40/50 | Loss=0.022406
08:28:38 [INFO]     Época 50/50 | Loss=0.021676
08:28:38 [INFO]   [401/960] CNN_w5_c16_k2_actrelu_d0.1_dense16_e50_lr0.001_b8  RMSE_test=0.0167  MAE_test=0.0129
08:28:41 [INFO]     Época 10/50 | Loss=0.024317
08:28:44 [INFO]     Época 20/50 | Loss=0.021425
08:28:47 [INFO]     Época 30/50 | Loss=0.021143
08:28:50 [INFO]     Época 40/50 | Loss=0.020088
08:28:54 [INFO]     Época 50/50 | Loss=0.020139
08:28:54 [INFO]   [402/960] CNN_w5_c16_k2_actrelu_d0.1_dense16_e50_lr0.001_b16  RMSE_test=0.0152  MAE_test=0.0116
08:29:00 [INFO]     Época 10/50 | Loss=0.024133
08:29:06 [INFO]     Época 20/50 | Loss=0.022070
08:29:12 [INFO]     Época 30/50 | Loss=0.021643
08:29:18 [INFO]     Época 40/50 | Loss=0.020975
08:29:24 [INFO]     Época 50/50 | Loss=0.020308
08:29:24 [INFO]   [403/960] CNN_w5_c16_k2_actrelu_d0.1_dense16_e50_lr0.0005_b8  RMSE_test=0.0142  MAE_test=0.0107
08:29:27 [INFO]     Época 10/50 | Loss=0.024967
08:29:31 [INFO]     Época 20/50 | Loss=0.022280
08:29:34 [INFO]     Época 30/50 | Loss=0.021553
08:29:37 [INFO]     Época 40/50 | Loss=0.020415
08:29:40 [INFO]     Época 50/50 | Loss=0.020064
08:29:40 [INFO]   [404/960] CNN_w5_c16_k2_actrelu_d0.1_dense16_e50_lr0.0005_b16  RMSE_test=0.0164  MAE_test=0.0126
08:29:46 [INFO]     Época 10/50 | Loss=0.018197
08:29:52 [INFO]     Época 20/50 | Loss=0.016198
08:29:58 [INFO]     Época 30/50 | Loss=0.015478
08:30:04 [INFO]     Época 40/50 | Loss=0.014219
08:30:11 [INFO]     Época 50/50 | Loss=0.014967
08:30:11 [INFO]   [405/960] CNN_w5_c16_k2_actrelu_d0.1_dense32_e50_lr0.001_b8  RMSE_test=0.0164  MAE_test=0.0128
08:30:14 [INFO]     Época 10/50 | Loss=0.017664
08:30:17 [INFO]     Época 20/50 | Loss=0.015734
08:30:20 [INFO]     Época 30/50 | Loss=0.014088
08:30:23 [INFO]     Época 40/50 | Loss=0.014446
08:30:26 [INFO]     Época 50/50 | Loss=0.013722
08:30:26 [INFO]   [406/960] CNN_w5_c16_k2_actrelu_d0.1_dense32_e50_lr0.001_b16  RMSE_test=0.0154  MAE_test=0.0119
08:30:32 [INFO]     Época 10/50 | Loss=0.018186
08:30:39 [INFO]     Época 20/50 | Loss=0.015742
08:30:45 [INFO]     Época 30/50 | Loss=0.015042
08:30:51 [INFO]     Época 40/50 | Loss=0.014009
08:30:57 [INFO]     Época 50/50 | Loss=0.014122
08:30:57 [INFO]   [407/960] CNN_w5_c16_k2_actrelu_d0.1_dense32_e50_lr0.0005_b8  RMSE_test=0.0175  MAE_test=0.0138
08:31:00 [INFO]     Época 10/50 | Loss=0.019215
08:31:03 [INFO]     Época 20/50 | Loss=0.016197
08:31:07 [INFO]     Época 30/50 | Loss=0.014724
08:31:10 [INFO]     Época 40/50 | Loss=0.015092
08:31:13 [INFO]     Época 50/50 | Loss=0.013960
08:31:13 [INFO]   [408/960] CNN_w5_c16_k2_actrelu_d0.1_dense32_e50_lr0.0005_b16  RMSE_test=0.0164  MAE_test=0.0126
08:31:19 [INFO]     Época 10/50 | Loss=0.022912
08:31:25 [INFO]     Época 20/50 | Loss=0.019352
08:31:31 [INFO]     Época 30/50 | Loss=0.016909
08:31:37 [INFO]     Época 40/50 | Loss=0.016277
08:31:44 [INFO]     Época 50/50 | Loss=0.015360
08:31:44 [INFO]   [409/960] CNN_w5_c16_k2_actleaky_relu_d0.1_dense16_e50_lr0.001_b8  RMSE_test=0.0185  MAE_test=0.0143
08:31:47 [INFO]     Época 10/50 | Loss=0.023054
08:31:50 [INFO]     Época 20/50 | Loss=0.020592
08:31:53 [INFO]     Época 30/50 | Loss=0.018932
08:31:56 [INFO]     Época 40/50 | Loss=0.016422
08:31:59 [INFO]     Época 50/50 | Loss=0.015621
08:31:59 [INFO]   [410/960] CNN_w5_c16_k2_actleaky_relu_d0.1_dense16_e50_lr0.001_b16  RMSE_test=0.0170  MAE_test=0.0134
08:32:05 [INFO]     Época 10/50 | Loss=0.023673
08:32:11 [INFO]     Época 20/50 | Loss=0.020997
08:32:18 [INFO]     Época 30/50 | Loss=0.019167
08:32:24 [INFO]     Época 40/50 | Loss=0.017028
08:32:30 [INFO]     Época 50/50 | Loss=0.015661
08:32:30 [INFO]   [411/960] CNN_w5_c16_k2_actleaky_relu_d0.1_dense16_e50_lr0.0005_b8  RMSE_test=0.0146  MAE_test=0.0108
08:32:33 [INFO]     Época 10/50 | Loss=0.024403
08:32:36 [INFO]     Época 20/50 | Loss=0.021701
08:32:39 [INFO]     Época 30/50 | Loss=0.020668
08:32:42 [INFO]     Época 40/50 | Loss=0.018820
08:32:46 [INFO]     Época 50/50 | Loss=0.017529
08:32:46 [INFO]   [412/960] CNN_w5_c16_k2_actleaky_relu_d0.1_dense16_e50_lr0.0005_b16  RMSE_test=0.0164  MAE_test=0.0124
08:32:52 [INFO]     Época 10/50 | Loss=0.016782
08:32:58 [INFO]     Época 20/50 | Loss=0.014146
08:33:04 [INFO]     Época 30/50 | Loss=0.012932
08:33:10 [INFO]     Época 40/50 | Loss=0.011667
08:33:16 [INFO]     Época 50/50 | Loss=0.011773
08:33:16 [INFO]   [413/960] CNN_w5_c16_k2_actleaky_relu_d0.1_dense32_e50_lr0.001_b8  RMSE_test=0.0154  MAE_test=0.0117
08:33:19 [INFO]     Época 10/50 | Loss=0.017089
08:33:23 [INFO]     Época 20/50 | Loss=0.014857
08:33:26 [INFO]     Época 30/50 | Loss=0.012701
08:33:29 [INFO]     Época 40/50 | Loss=0.012572
08:33:32 [INFO]     Época 50/50 | Loss=0.011507
08:33:32 [INFO]   [414/960] CNN_w5_c16_k2_actleaky_relu_d0.1_dense32_e50_lr0.001_b16  RMSE_test=0.0152  MAE_test=0.0116
08:33:38 [INFO]     Época 10/50 | Loss=0.017256
08:33:44 [INFO]     Época 20/50 | Loss=0.014508
08:33:50 [INFO]     Época 30/50 | Loss=0.013528
08:33:56 [INFO]     Época 40/50 | Loss=0.012172
08:34:03 [INFO]     Época 50/50 | Loss=0.011861
08:34:03 [INFO]   [415/960] CNN_w5_c16_k2_actleaky_relu_d0.1_dense32_e50_lr0.0005_b8  RMSE_test=0.0171  MAE_test=0.0135
08:34:06 [INFO]     Época 10/50 | Loss=0.018315
08:34:09 [INFO]     Época 20/50 | Loss=0.015470
08:34:12 [INFO]     Época 30/50 | Loss=0.013495
08:34:15 [INFO]     Época 40/50 | Loss=0.013732
08:34:18 [INFO]     Época 50/50 | Loss=0.012709
08:34:18 [INFO]   [416/960] CNN_w5_c16_k2_actleaky_relu_d0.1_dense32_e50_lr0.0005_b16  RMSE_test=0.0166  MAE_test=0.0127
08:34:24 [INFO]     Época 10/50 | Loss=0.003033
08:34:30 [INFO]     Época 20/50 | Loss=0.002544
08:34:35 [INFO]     Época 30/50 | Loss=0.002395
08:34:41 [INFO]     Época 40/50 | Loss=0.002229
08:34:47 [INFO]     Época 50/50 | Loss=0.002209
08:34:47 [INFO]   [417/960] CNN_w5_c16_k3_actrelu_d0.0_dense16_e50_lr0.001_b8  RMSE_test=0.0129  MAE_test=0.0097
08:34:50 [INFO]     Época 10/50 | Loss=0.003087
08:34:52 [INFO]     Época 20/50 | Loss=0.002550
08:34:55 [INFO]     Época 30/50 | Loss=0.002396
08:34:58 [INFO]     Época 40/50 | Loss=0.002272
08:35:01 [INFO]     Época 50/50 | Loss=0.002242
08:35:01 [INFO]   [418/960] CNN_w5_c16_k3_actrelu_d0.0_dense16_e50_lr0.001_b16  RMSE_test=0.0127  MAE_test=0.0094
08:35:07 [INFO]     Época 10/50 | Loss=0.003136
08:54:44 [INFO]     Época 20/50 | Loss=0.002532
08:54:50 [INFO]     Época 30/50 | Loss=0.002318
08:54:55 [INFO]     Época 40/50 | Loss=0.002218
08:55:01 [INFO]     Época 50/50 | Loss=0.002236
08:55:01 [INFO]   [419/960] CNN_w5_c16_k3_actrelu_d0.0_dense16_e50_lr0.0005_b8  RMSE_test=0.0130  MAE_test=0.0097
08:55:04 [INFO]     Época 10/50 | Loss=0.003542
08:55:07 [INFO]     Época 20/50 | Loss=0.002601
08:55:10 [INFO]     Época 30/50 | Loss=0.002350
08:55:13 [INFO]     Época 40/50 | Loss=0.002231
08:55:16 [INFO]     Época 50/50 | Loss=0.002244
08:55:16 [INFO]   [420/960] CNN_w5_c16_k3_actrelu_d0.0_dense16_e50_lr0.0005_b16  RMSE_test=0.0129  MAE_test=0.0092
08:55:21 [INFO]     Época 10/50 | Loss=0.003042
08:55:27 [INFO]     Época 20/50 | Loss=0.002582
08:55:33 [INFO]     Época 30/50 | Loss=0.002406
08:55:38 [INFO]     Época 40/50 | Loss=0.002252
08:55:44 [INFO]     Época 50/50 | Loss=0.002248
08:55:44 [INFO]   [421/960] CNN_w5_c16_k3_actrelu_d0.0_dense32_e50_lr0.001_b8  RMSE_test=0.0126  MAE_test=0.0094
08:55:47 [INFO]     Época 10/50 | Loss=0.003053
08:55:50 [INFO]     Época 20/50 | Loss=0.002620
08:55:53 [INFO]     Época 30/50 | Loss=0.002375
08:55:56 [INFO]     Época 40/50 | Loss=0.002177
08:55:58 [INFO]     Época 50/50 | Loss=0.002196
08:55:58 [INFO]   [422/960] CNN_w5_c16_k3_actrelu_d0.0_dense32_e50_lr0.001_b16  RMSE_test=0.0128  MAE_test=0.0097
08:56:04 [INFO]     Época 10/50 | Loss=0.003184
08:56:10 [INFO]     Época 20/50 | Loss=0.002510
08:56:15 [INFO]     Época 30/50 | Loss=0.002373
08:56:21 [INFO]     Época 40/50 | Loss=0.002174
08:56:27 [INFO]     Época 50/50 | Loss=0.002162
08:56:27 [INFO]   [423/960] CNN_w5_c16_k3_actrelu_d0.0_dense32_e50_lr0.0005_b8  RMSE_test=0.0131  MAE_test=0.0097
08:56:30 [INFO]     Época 10/50 | Loss=0.003309
08:56:33 [INFO]     Época 20/50 | Loss=0.002588
08:56:35 [INFO]     Época 30/50 | Loss=0.002384
08:56:38 [INFO]     Época 40/50 | Loss=0.002212
08:56:41 [INFO]     Época 50/50 | Loss=0.002208
08:56:41 [INFO]   [424/960] CNN_w5_c16_k3_actrelu_d0.0_dense32_e50_lr0.0005_b16  RMSE_test=0.0128  MAE_test=0.0094
08:56:47 [INFO]     Época 10/50 | Loss=0.003024
08:56:53 [INFO]     Época 20/50 | Loss=0.002528
08:56:58 [INFO]     Época 30/50 | Loss=0.002408
08:57:04 [INFO]     Época 40/50 | Loss=0.002231
08:57:09 [INFO]     Época 50/50 | Loss=0.002294
08:57:09 [INFO]   [425/960] CNN_w5_c16_k3_actleaky_relu_d0.0_dense16_e50_lr0.001_b8  RMSE_test=0.0126  MAE_test=0.0093
08:57:12 [INFO]     Época 10/50 | Loss=0.003083
08:57:15 [INFO]     Época 20/50 | Loss=0.002652
08:57:18 [INFO]     Época 30/50 | Loss=0.002435
08:57:21 [INFO]     Época 40/50 | Loss=0.002255
08:57:24 [INFO]     Época 50/50 | Loss=0.002204
08:57:24 [INFO]   [426/960] CNN_w5_c16_k3_actleaky_relu_d0.0_dense16_e50_lr0.001_b16  RMSE_test=0.0124  MAE_test=0.0091
08:57:30 [INFO]     Época 10/50 | Loss=0.003215
08:57:35 [INFO]     Época 20/50 | Loss=0.002549
08:57:41 [INFO]     Época 30/50 | Loss=0.002335
08:57:47 [INFO]     Época 40/50 | Loss=0.002212
08:57:52 [INFO]     Época 50/50 | Loss=0.002233
08:57:52 [INFO]   [427/960] CNN_w5_c16_k3_actleaky_relu_d0.0_dense16_e50_lr0.0005_b8  RMSE_test=0.0128  MAE_test=0.0095
08:57:55 [INFO]     Época 10/50 | Loss=0.003545
08:57:58 [INFO]     Época 20/50 | Loss=0.002590
08:58:01 [INFO]     Época 30/50 | Loss=0.002348
08:58:04 [INFO]     Época 40/50 | Loss=0.002236
08:58:07 [INFO]     Época 50/50 | Loss=0.002240
08:58:07 [INFO]   [428/960] CNN_w5_c16_k3_actleaky_relu_d0.0_dense16_e50_lr0.0005_b16  RMSE_test=0.0128  MAE_test=0.0092
08:58:12 [INFO]     Época 10/50 | Loss=0.003007
08:58:18 [INFO]     Época 20/50 | Loss=0.002537
08:58:24 [INFO]     Época 30/50 | Loss=0.002369
08:58:29 [INFO]     Época 40/50 | Loss=0.002215
08:58:35 [INFO]     Época 50/50 | Loss=0.002253
08:58:35 [INFO]   [429/960] CNN_w5_c16_k3_actleaky_relu_d0.0_dense32_e50_lr0.001_b8  RMSE_test=0.0126  MAE_test=0.0093
08:58:38 [INFO]     Época 10/50 | Loss=0.003128
08:58:41 [INFO]     Época 20/50 | Loss=0.002647
08:58:44 [INFO]     Época 30/50 | Loss=0.002377
08:58:47 [INFO]     Época 40/50 | Loss=0.002227
08:58:50 [INFO]     Época 50/50 | Loss=0.002201
08:58:50 [INFO]   [430/960] CNN_w5_c16_k3_actleaky_relu_d0.0_dense32_e50_lr0.001_b16  RMSE_test=0.0124  MAE_test=0.0092
08:58:55 [INFO]     Época 10/50 | Loss=0.003086
08:59:01 [INFO]     Época 20/50 | Loss=0.002526
08:59:06 [INFO]     Época 30/50 | Loss=0.002379
08:59:12 [INFO]     Época 40/50 | Loss=0.002197
08:59:18 [INFO]     Época 50/50 | Loss=0.002201
08:59:18 [INFO]   [431/960] CNN_w5_c16_k3_actleaky_relu_d0.0_dense32_e50_lr0.0005_b8  RMSE_test=0.0129  MAE_test=0.0097
08:59:21 [INFO]     Época 10/50 | Loss=0.003277
08:59:23 [INFO]     Época 20/50 | Loss=0.002613
08:59:26 [INFO]     Época 30/50 | Loss=0.002359
08:59:29 [INFO]     Época 40/50 | Loss=0.002185
08:59:32 [INFO]     Época 50/50 | Loss=0.002209
08:59:32 [INFO]   [432/960] CNN_w5_c16_k3_actleaky_relu_d0.0_dense32_e50_lr0.0005_b16  RMSE_test=0.0128  MAE_test=0.0094
08:59:38 [INFO]     Época 10/50 | Loss=0.023894
08:59:44 [INFO]     Época 20/50 | Loss=0.022733
08:59:50 [INFO]     Época 30/50 | Loss=0.021215
08:59:56 [INFO]     Época 40/50 | Loss=0.020869
09:00:02 [INFO]     Época 50/50 | Loss=0.022236
09:00:02 [INFO]   [433/960] CNN_w5_c16_k3_actrelu_d0.1_dense16_e50_lr0.001_b8  RMSE_test=0.0184  MAE_test=0.0139
09:00:05 [INFO]     Época 10/50 | Loss=0.023639
09:00:09 [INFO]     Época 20/50 | Loss=0.022971
09:00:12 [INFO]     Época 30/50 | Loss=0.021727
09:00:15 [INFO]     Época 40/50 | Loss=0.020539
09:00:18 [INFO]     Época 50/50 | Loss=0.020580
09:00:18 [INFO]   [434/960] CNN_w5_c16_k3_actrelu_d0.1_dense16_e50_lr0.001_b16  RMSE_test=0.0170  MAE_test=0.0127
09:00:24 [INFO]     Época 10/50 | Loss=0.024289
09:00:30 [INFO]     Época 20/50 | Loss=0.022643
09:00:36 [INFO]     Época 30/50 | Loss=0.021265
09:00:42 [INFO]     Época 40/50 | Loss=0.020842
09:00:48 [INFO]     Época 50/50 | Loss=0.021700
09:00:48 [INFO]   [435/960] CNN_w5_c16_k3_actrelu_d0.1_dense16_e50_lr0.0005_b8  RMSE_test=0.0153  MAE_test=0.0116
09:00:51 [INFO]     Época 10/50 | Loss=0.024995
09:00:54 [INFO]     Época 20/50 | Loss=0.023800
09:00:57 [INFO]     Época 30/50 | Loss=0.021983
09:01:00 [INFO]     Época 40/50 | Loss=0.020934
09:01:04 [INFO]     Época 50/50 | Loss=0.020473
09:01:04 [INFO]   [436/960] CNN_w5_c16_k3_actrelu_d0.1_dense16_e50_lr0.0005_b16  RMSE_test=0.0163  MAE_test=0.0123
09:01:10 [INFO]     Época 10/50 | Loss=0.017432
09:01:16 [INFO]     Época 20/50 | Loss=0.015806
09:01:22 [INFO]     Época 30/50 | Loss=0.015047
09:01:28 [INFO]     Época 40/50 | Loss=0.014346
09:01:34 [INFO]     Época 50/50 | Loss=0.014025
09:01:34 [INFO]   [437/960] CNN_w5_c16_k3_actrelu_d0.1_dense32_e50_lr0.001_b8  RMSE_test=0.0161  MAE_test=0.0128
09:01:37 [INFO]     Época 10/50 | Loss=0.017114
09:01:40 [INFO]     Época 20/50 | Loss=0.015725
09:01:43 [INFO]     Época 30/50 | Loss=0.014006
09:01:46 [INFO]     Época 40/50 | Loss=0.013994
09:01:49 [INFO]     Época 50/50 | Loss=0.014024
09:01:49 [INFO]   [438/960] CNN_w5_c16_k3_actrelu_d0.1_dense32_e50_lr0.001_b16  RMSE_test=0.0140  MAE_test=0.0106
09:01:55 [INFO]     Época 10/50 | Loss=0.018034
09:02:01 [INFO]     Época 20/50 | Loss=0.015322
09:02:07 [INFO]     Época 30/50 | Loss=0.014394
09:02:13 [INFO]     Época 40/50 | Loss=0.013621
09:02:19 [INFO]     Época 50/50 | Loss=0.013277
09:02:19 [INFO]   [439/960] CNN_w5_c16_k3_actrelu_d0.1_dense32_e50_lr0.0005_b8  RMSE_test=0.0167  MAE_test=0.0134
09:02:22 [INFO]     Época 10/50 | Loss=0.018327
09:02:26 [INFO]     Época 20/50 | Loss=0.016480
09:02:29 [INFO]     Época 30/50 | Loss=0.014461
09:02:32 [INFO]     Época 40/50 | Loss=0.013595
09:02:35 [INFO]     Época 50/50 | Loss=0.013352
09:02:35 [INFO]   [440/960] CNN_w5_c16_k3_actrelu_d0.1_dense32_e50_lr0.0005_b16  RMSE_test=0.0134  MAE_test=0.0101
09:02:41 [INFO]     Época 10/50 | Loss=0.022758
09:02:47 [INFO]     Época 20/50 | Loss=0.019112
09:02:53 [INFO]     Época 30/50 | Loss=0.016866
09:02:59 [INFO]     Época 40/50 | Loss=0.015464
09:03:05 [INFO]     Época 50/50 | Loss=0.015775
09:03:05 [INFO]   [441/960] CNN_w5_c16_k3_actleaky_relu_d0.1_dense16_e50_lr0.001_b8  RMSE_test=0.0181  MAE_test=0.0135
09:03:08 [INFO]     Época 10/50 | Loss=0.023174
09:03:11 [INFO]     Época 20/50 | Loss=0.021781
09:03:14 [INFO]     Época 30/50 | Loss=0.018897
09:03:17 [INFO]     Época 40/50 | Loss=0.016624
09:03:20 [INFO]     Época 50/50 | Loss=0.016173
09:03:20 [INFO]   [442/960] CNN_w5_c16_k3_actleaky_relu_d0.1_dense16_e50_lr0.001_b16  RMSE_test=0.0159  MAE_test=0.0121
09:03:26 [INFO]     Época 10/50 | Loss=0.023860
09:03:32 [INFO]     Época 20/50 | Loss=0.021193
09:03:38 [INFO]     Época 30/50 | Loss=0.018508
09:03:44 [INFO]     Época 40/50 | Loss=0.016411
09:03:50 [INFO]     Época 50/50 | Loss=0.016658
09:03:50 [INFO]   [443/960] CNN_w5_c16_k3_actleaky_relu_d0.1_dense16_e50_lr0.0005_b8  RMSE_test=0.0155  MAE_test=0.0119
09:03:54 [INFO]     Época 10/50 | Loss=0.024541
09:03:57 [INFO]     Época 20/50 | Loss=0.023145
09:04:00 [INFO]     Época 30/50 | Loss=0.020763
09:04:03 [INFO]     Época 40/50 | Loss=0.019064
09:04:06 [INFO]     Época 50/50 | Loss=0.017516
09:04:06 [INFO]   [444/960] CNN_w5_c16_k3_actleaky_relu_d0.1_dense16_e50_lr0.0005_b16  RMSE_test=0.0158  MAE_test=0.0119
09:04:12 [INFO]     Época 10/50 | Loss=0.016305
09:04:18 [INFO]     Época 20/50 | Loss=0.013725
09:04:24 [INFO]     Época 30/50 | Loss=0.011902
09:04:30 [INFO]     Época 40/50 | Loss=0.011241
09:04:36 [INFO]     Época 50/50 | Loss=0.010473
09:04:36 [INFO]   [445/960] CNN_w5_c16_k3_actleaky_relu_d0.1_dense32_e50_lr0.001_b8  RMSE_test=0.0138  MAE_test=0.0104
09:04:39 [INFO]     Época 10/50 | Loss=0.015988
09:04:42 [INFO]     Época 20/50 | Loss=0.014609
09:04:45 [INFO]     Época 30/50 | Loss=0.012416
09:04:49 [INFO]     Época 40/50 | Loss=0.011938
09:04:52 [INFO]     Época 50/50 | Loss=0.011159
09:04:52 [INFO]   [446/960] CNN_w5_c16_k3_actleaky_relu_d0.1_dense32_e50_lr0.001_b16  RMSE_test=0.0133  MAE_test=0.0099
09:04:58 [INFO]     Época 10/50 | Loss=0.017151
09:05:04 [INFO]     Época 20/50 | Loss=0.014210
09:05:10 [INFO]     Época 30/50 | Loss=0.012629
09:05:16 [INFO]     Época 40/50 | Loss=0.011519
09:05:22 [INFO]     Época 50/50 | Loss=0.010501
09:05:22 [INFO]   [447/960] CNN_w5_c16_k3_actleaky_relu_d0.1_dense32_e50_lr0.0005_b8  RMSE_test=0.0151  MAE_test=0.0115
09:05:25 [INFO]     Época 10/50 | Loss=0.017327
09:05:28 [INFO]     Época 20/50 | Loss=0.015680
09:05:31 [INFO]     Época 30/50 | Loss=0.013233
09:05:34 [INFO]     Época 40/50 | Loss=0.012350
09:05:38 [INFO]     Época 50/50 | Loss=0.011839
09:05:38 [INFO]   [448/960] CNN_w5_c16_k3_actleaky_relu_d0.1_dense32_e50_lr0.0005_b16  RMSE_test=0.0136  MAE_test=0.0103
09:05:43 [INFO]     Época 10/50 | Loss=0.002861
09:05:49 [INFO]     Época 20/50 | Loss=0.002551
09:05:55 [INFO]     Época 30/50 | Loss=0.002328
09:06:01 [INFO]     Época 40/50 | Loss=0.002219
09:06:06 [INFO]     Época 50/50 | Loss=0.002211
09:06:06 [INFO]   [449/960] CNN_w5_c32_k2_actrelu_d0.0_dense16_e50_lr0.001_b8  RMSE_test=0.0128  MAE_test=0.0096
09:06:09 [INFO]     Época 10/50 | Loss=0.002875
09:06:12 [INFO]     Época 20/50 | Loss=0.002484
09:06:15 [INFO]     Época 30/50 | Loss=0.002276
09:06:18 [INFO]     Época 40/50 | Loss=0.002190
09:06:21 [INFO]     Época 50/50 | Loss=0.002143
09:06:21 [INFO]   [450/960] CNN_w5_c32_k2_actrelu_d0.0_dense16_e50_lr0.001_b16  RMSE_test=0.0126  MAE_test=0.0094
09:06:27 [INFO]     Época 10/50 | Loss=0.002903
09:06:34 [INFO]     Época 20/50 | Loss=0.002420
09:06:40 [INFO]     Época 30/50 | Loss=0.002250
09:06:46 [INFO]     Época 40/50 | Loss=0.002147
09:06:52 [INFO]     Época 50/50 | Loss=0.002141
09:06:52 [INFO]   [451/960] CNN_w5_c32_k2_actrelu_d0.0_dense16_e50_lr0.0005_b8  RMSE_test=0.0126  MAE_test=0.0093
09:06:55 [INFO]     Época 10/50 | Loss=0.003229
09:06:58 [INFO]     Época 20/50 | Loss=0.002550
09:07:01 [INFO]     Época 30/50 | Loss=0.002266
09:07:04 [INFO]     Época 40/50 | Loss=0.002157
09:07:07 [INFO]     Época 50/50 | Loss=0.002133
09:07:07 [INFO]   [452/960] CNN_w5_c32_k2_actrelu_d0.0_dense16_e50_lr0.0005_b16  RMSE_test=0.0121  MAE_test=0.0088
09:07:12 [INFO]     Época 10/50 | Loss=0.002854
09:07:18 [INFO]     Época 20/50 | Loss=0.002602
09:07:24 [INFO]     Época 30/50 | Loss=0.002371
09:07:30 [INFO]     Época 40/50 | Loss=0.002254
09:07:36 [INFO]     Época 50/50 | Loss=0.002254
09:07:36 [INFO]   [453/960] CNN_w5_c32_k2_actrelu_d0.0_dense32_e50_lr0.001_b8  RMSE_test=0.0129  MAE_test=0.0096
09:07:39 [INFO]     Época 10/50 | Loss=0.002884
09:07:41 [INFO]     Época 20/50 | Loss=0.002472
09:07:44 [INFO]     Época 30/50 | Loss=0.002351
09:07:47 [INFO]     Época 40/50 | Loss=0.002222
09:07:50 [INFO]     Época 50/50 | Loss=0.002285
09:07:50 [INFO]   [454/960] CNN_w5_c32_k2_actrelu_d0.0_dense32_e50_lr0.001_b16  RMSE_test=0.0127  MAE_test=0.0094
09:07:56 [INFO]     Época 10/50 | Loss=0.002915
09:08:02 [INFO]     Época 20/50 | Loss=0.002462
09:08:08 [INFO]     Época 30/50 | Loss=0.002301
09:08:13 [INFO]     Época 40/50 | Loss=0.002159
09:08:19 [INFO]     Época 50/50 | Loss=0.002187
09:08:19 [INFO]   [455/960] CNN_w5_c32_k2_actrelu_d0.0_dense32_e50_lr0.0005_b8  RMSE_test=0.0129  MAE_test=0.0095
09:08:22 [INFO]     Época 10/50 | Loss=0.002993
09:08:25 [INFO]     Época 20/50 | Loss=0.002468
09:08:28 [INFO]     Época 30/50 | Loss=0.002255
09:08:31 [INFO]     Época 40/50 | Loss=0.002201
09:08:34 [INFO]     Época 50/50 | Loss=0.002172
09:08:34 [INFO]   [456/960] CNN_w5_c32_k2_actrelu_d0.0_dense32_e50_lr0.0005_b16  RMSE_test=0.0126  MAE_test=0.0091
09:08:40 [INFO]     Época 10/50 | Loss=0.002824
09:08:45 [INFO]     Época 20/50 | Loss=0.002502
09:08:51 [INFO]     Época 30/50 | Loss=0.002310
09:08:57 [INFO]     Época 40/50 | Loss=0.002160
09:09:03 [INFO]     Época 50/50 | Loss=0.002186
09:09:03 [INFO]   [457/960] CNN_w5_c32_k2_actleaky_relu_d0.0_dense16_e50_lr0.001_b8  RMSE_test=0.0129  MAE_test=0.0096
09:09:06 [INFO]     Época 10/50 | Loss=0.002878
09:09:09 [INFO]     Época 20/50 | Loss=0.002444
09:09:12 [INFO]     Época 30/50 | Loss=0.002300
09:09:15 [INFO]     Época 40/50 | Loss=0.002161
09:09:18 [INFO]     Época 50/50 | Loss=0.002169
09:09:18 [INFO]   [458/960] CNN_w5_c32_k2_actleaky_relu_d0.0_dense16_e50_lr0.001_b16  RMSE_test=0.0126  MAE_test=0.0095
09:09:23 [INFO]     Época 10/50 | Loss=0.002905
09:09:29 [INFO]     Época 20/50 | Loss=0.002436
09:09:35 [INFO]     Época 30/50 | Loss=0.002261
09:09:41 [INFO]     Época 40/50 | Loss=0.002162
09:09:46 [INFO]     Época 50/50 | Loss=0.002158
09:09:46 [INFO]   [459/960] CNN_w5_c32_k2_actleaky_relu_d0.0_dense16_e50_lr0.0005_b8  RMSE_test=0.0126  MAE_test=0.0093
09:09:49 [INFO]     Época 10/50 | Loss=0.003214
09:09:52 [INFO]     Época 20/50 | Loss=0.002539
09:09:55 [INFO]     Época 30/50 | Loss=0.002277
09:09:58 [INFO]     Época 40/50 | Loss=0.002161
09:10:01 [INFO]     Época 50/50 | Loss=0.002110
09:10:01 [INFO]   [460/960] CNN_w5_c32_k2_actleaky_relu_d0.0_dense16_e50_lr0.0005_b16  RMSE_test=0.0122  MAE_test=0.0089
09:10:07 [INFO]     Época 10/50 | Loss=0.002845
09:10:13 [INFO]     Época 20/50 | Loss=0.002499
09:10:20 [INFO]     Época 30/50 | Loss=0.002336
09:10:26 [INFO]     Época 40/50 | Loss=0.002217
09:10:32 [INFO]     Época 50/50 | Loss=0.002224
09:10:32 [INFO]   [461/960] CNN_w5_c32_k2_actleaky_relu_d0.0_dense32_e50_lr0.001_b8  RMSE_test=0.0130  MAE_test=0.0097
09:10:34 [INFO]     Época 10/50 | Loss=0.002887
09:10:37 [INFO]     Época 20/50 | Loss=0.002453
09:10:40 [INFO]     Época 30/50 | Loss=0.002338
09:10:43 [INFO]     Época 40/50 | Loss=0.002204
09:10:46 [INFO]     Época 50/50 | Loss=0.002225
09:10:46 [INFO]   [462/960] CNN_w5_c32_k2_actleaky_relu_d0.0_dense32_e50_lr0.001_b16  RMSE_test=0.0129  MAE_test=0.0096
09:10:52 [INFO]     Época 10/50 | Loss=0.002919
09:10:58 [INFO]     Época 20/50 | Loss=0.002488
09:11:04 [INFO]     Época 30/50 | Loss=0.002296
09:11:09 [INFO]     Época 40/50 | Loss=0.002132
09:11:15 [INFO]     Época 50/50 | Loss=0.002158
09:11:15 [INFO]   [463/960] CNN_w5_c32_k2_actleaky_relu_d0.0_dense32_e50_lr0.0005_b8  RMSE_test=0.0129  MAE_test=0.0095
09:11:18 [INFO]     Época 10/50 | Loss=0.002998
09:11:21 [INFO]     Época 20/50 | Loss=0.002479
09:11:24 [INFO]     Época 30/50 | Loss=0.002260
09:11:27 [INFO]     Época 40/50 | Loss=0.002189
09:11:30 [INFO]     Época 50/50 | Loss=0.002140
09:11:30 [INFO]   [464/960] CNN_w5_c32_k2_actleaky_relu_d0.0_dense32_e50_lr0.0005_b16  RMSE_test=0.0127  MAE_test=0.0093
09:11:36 [INFO]     Época 10/50 | Loss=0.023056
09:11:42 [INFO]     Época 20/50 | Loss=0.021176
09:11:48 [INFO]     Época 30/50 | Loss=0.021547
09:11:54 [INFO]     Época 40/50 | Loss=0.021506
09:12:01 [INFO]     Época 50/50 | Loss=0.020729
09:12:01 [INFO]   [465/960] CNN_w5_c32_k2_actrelu_d0.1_dense16_e50_lr0.001_b8  RMSE_test=0.0153  MAE_test=0.0117
09:12:04 [INFO]     Época 10/50 | Loss=0.022798
09:12:07 [INFO]     Época 20/50 | Loss=0.021525
09:12:10 [INFO]     Época 30/50 | Loss=0.020133
09:12:13 [INFO]     Época 40/50 | Loss=0.020505
09:12:16 [INFO]     Época 50/50 | Loss=0.020264
09:12:16 [INFO]   [466/960] CNN_w5_c32_k2_actrelu_d0.1_dense16_e50_lr0.001_b16  RMSE_test=0.0181  MAE_test=0.0137
09:12:23 [INFO]     Época 10/50 | Loss=0.023486
09:12:29 [INFO]     Época 20/50 | Loss=0.020850
09:12:35 [INFO]     Época 30/50 | Loss=0.021131
09:12:41 [INFO]     Época 40/50 | Loss=0.021306
09:12:47 [INFO]     Época 50/50 | Loss=0.020045
09:12:47 [INFO]   [467/960] CNN_w5_c32_k2_actrelu_d0.1_dense16_e50_lr0.0005_b8  RMSE_test=0.0153  MAE_test=0.0115
09:12:50 [INFO]     Época 10/50 | Loss=0.023401
09:12:54 [INFO]     Época 20/50 | Loss=0.021665
09:12:57 [INFO]     Época 30/50 | Loss=0.020204
09:13:00 [INFO]     Época 40/50 | Loss=0.020753
09:13:03 [INFO]     Época 50/50 | Loss=0.020381
09:13:03 [INFO]   [468/960] CNN_w5_c32_k2_actrelu_d0.1_dense16_e50_lr0.0005_b16  RMSE_test=0.0169  MAE_test=0.0127
09:13:09 [INFO]     Época 10/50 | Loss=0.015564
09:13:15 [INFO]     Época 20/50 | Loss=0.014996
09:13:22 [INFO]     Época 30/50 | Loss=0.014014
09:13:28 [INFO]     Época 40/50 | Loss=0.013311
09:13:34 [INFO]     Época 50/50 | Loss=0.013250
09:13:34 [INFO]   [469/960] CNN_w5_c32_k2_actrelu_d0.1_dense32_e50_lr0.001_b8  RMSE_test=0.0149  MAE_test=0.0116
09:13:37 [INFO]     Época 10/50 | Loss=0.015764
09:13:40 [INFO]     Época 20/50 | Loss=0.014184
09:13:43 [INFO]     Época 30/50 | Loss=0.012928
09:13:46 [INFO]     Época 40/50 | Loss=0.013405
09:13:50 [INFO]     Época 50/50 | Loss=0.012329
09:13:50 [INFO]   [470/960] CNN_w5_c32_k2_actrelu_d0.1_dense32_e50_lr0.001_b16  RMSE_test=0.0141  MAE_test=0.0107
09:13:56 [INFO]     Época 10/50 | Loss=0.015594
09:14:02 [INFO]     Época 20/50 | Loss=0.013869
09:14:08 [INFO]     Época 30/50 | Loss=0.012934
09:14:14 [INFO]     Época 40/50 | Loss=0.012259
09:14:20 [INFO]     Época 50/50 | Loss=0.012127
09:14:20 [INFO]   [471/960] CNN_w5_c32_k2_actrelu_d0.1_dense32_e50_lr0.0005_b8  RMSE_test=0.0154  MAE_test=0.0119
09:14:24 [INFO]     Época 10/50 | Loss=0.016389
09:14:27 [INFO]     Época 20/50 | Loss=0.014509
09:14:30 [INFO]     Época 30/50 | Loss=0.012916
09:14:33 [INFO]     Época 40/50 | Loss=0.012876
09:14:36 [INFO]     Época 50/50 | Loss=0.012647
09:14:36 [INFO]   [472/960] CNN_w5_c32_k2_actrelu_d0.1_dense32_e50_lr0.0005_b16  RMSE_test=0.0144  MAE_test=0.0108
09:14:42 [INFO]     Época 10/50 | Loss=0.021890
09:14:48 [INFO]     Época 20/50 | Loss=0.018935
09:14:55 [INFO]     Época 30/50 | Loss=0.017030
09:15:01 [INFO]     Época 40/50 | Loss=0.015272
09:15:07 [INFO]     Época 50/50 | Loss=0.014335
09:15:07 [INFO]   [473/960] CNN_w5_c32_k2_actleaky_relu_d0.1_dense16_e50_lr0.001_b8  RMSE_test=0.0186  MAE_test=0.0145
09:15:10 [INFO]     Época 10/50 | Loss=0.021492
09:15:13 [INFO]     Época 20/50 | Loss=0.020331
09:15:16 [INFO]     Época 30/50 | Loss=0.017896
09:15:19 [INFO]     Época 40/50 | Loss=0.016317
09:15:23 [INFO]     Época 50/50 | Loss=0.014642
09:15:23 [INFO]   [474/960] CNN_w5_c32_k2_actleaky_relu_d0.1_dense16_e50_lr0.001_b16  RMSE_test=0.0166  MAE_test=0.0129
09:15:29 [INFO]     Época 10/50 | Loss=0.022479
09:15:35 [INFO]     Época 20/50 | Loss=0.019411
09:15:41 [INFO]     Época 30/50 | Loss=0.018864
09:15:47 [INFO]     Época 40/50 | Loss=0.017388
09:15:53 [INFO]     Época 50/50 | Loss=0.015353
09:15:53 [INFO]   [475/960] CNN_w5_c32_k2_actleaky_relu_d0.1_dense16_e50_lr0.0005_b8  RMSE_test=0.0158  MAE_test=0.0121
09:15:56 [INFO]     Época 10/50 | Loss=0.022249
09:16:00 [INFO]     Época 20/50 | Loss=0.020622
09:16:03 [INFO]     Época 30/50 | Loss=0.018540
09:16:06 [INFO]     Época 40/50 | Loss=0.018710
09:16:09 [INFO]     Época 50/50 | Loss=0.017484
09:16:09 [INFO]   [476/960] CNN_w5_c32_k2_actleaky_relu_d0.1_dense16_e50_lr0.0005_b16  RMSE_test=0.0172  MAE_test=0.0129
09:16:15 [INFO]     Época 10/50 | Loss=0.015011
09:16:21 [INFO]     Época 20/50 | Loss=0.013789
09:16:28 [INFO]     Época 30/50 | Loss=0.011846
09:16:34 [INFO]     Época 40/50 | Loss=0.010831
09:16:40 [INFO]     Época 50/50 | Loss=0.010416
09:16:40 [INFO]   [477/960] CNN_w5_c32_k2_actleaky_relu_d0.1_dense32_e50_lr0.001_b8  RMSE_test=0.0173  MAE_test=0.0139
09:16:43 [INFO]     Época 10/50 | Loss=0.015155
09:16:46 [INFO]     Época 20/50 | Loss=0.013360
09:16:49 [INFO]     Época 30/50 | Loss=0.011963
09:16:53 [INFO]     Época 40/50 | Loss=0.011634
09:16:56 [INFO]     Época 50/50 | Loss=0.010422
09:16:56 [INFO]   [478/960] CNN_w5_c32_k2_actleaky_relu_d0.1_dense32_e50_lr0.001_b16  RMSE_test=0.0146  MAE_test=0.0109
09:17:02 [INFO]     Época 10/50 | Loss=0.015141
09:17:08 [INFO]     Época 20/50 | Loss=0.013342
09:17:14 [INFO]     Época 30/50 | Loss=0.012048
09:17:20 [INFO]     Época 40/50 | Loss=0.011062
09:17:27 [INFO]     Época 50/50 | Loss=0.010447
09:17:27 [INFO]   [479/960] CNN_w5_c32_k2_actleaky_relu_d0.1_dense32_e50_lr0.0005_b8  RMSE_test=0.0164  MAE_test=0.0129
09:17:30 [INFO]     Época 10/50 | Loss=0.015927
09:17:33 [INFO]     Época 20/50 | Loss=0.013926
09:17:36 [INFO]     Época 30/50 | Loss=0.012314
09:17:39 [INFO]     Época 40/50 | Loss=0.012014
09:17:42 [INFO]     Época 50/50 | Loss=0.011458
09:17:42 [INFO]   [480/960] CNN_w5_c32_k2_actleaky_relu_d0.1_dense32_e50_lr0.0005_b16  RMSE_test=0.0150  MAE_test=0.0113
09:17:48 [INFO]     Época 10/50 | Loss=0.002991
09:17:54 [INFO]     Época 20/50 | Loss=0.002560
09:17:59 [INFO]     Época 30/50 | Loss=0.002436
09:18:05 [INFO]     Época 40/50 | Loss=0.002229
09:18:11 [INFO]     Época 50/50 | Loss=0.002257
09:18:11 [INFO]   [481/960] CNN_w5_c32_k3_actrelu_d0.0_dense16_e50_lr0.001_b8  RMSE_test=0.0130  MAE_test=0.0097
09:18:13 [INFO]     Época 10/50 | Loss=0.003152
09:18:16 [INFO]     Época 20/50 | Loss=0.002515
09:18:19 [INFO]     Época 30/50 | Loss=0.002337
09:18:22 [INFO]     Época 40/50 | Loss=0.002220
09:18:25 [INFO]     Época 50/50 | Loss=0.002244
09:18:25 [INFO]   [482/960] CNN_w5_c32_k3_actrelu_d0.0_dense16_e50_lr0.001_b16  RMSE_test=0.0131  MAE_test=0.0099
09:18:31 [INFO]     Época 10/50 | Loss=0.003039
09:18:37 [INFO]     Época 20/50 | Loss=0.002528
09:18:42 [INFO]     Época 30/50 | Loss=0.002380
09:18:48 [INFO]     Época 40/50 | Loss=0.002206
09:18:54 [INFO]     Época 50/50 | Loss=0.002205
09:18:54 [INFO]   [483/960] CNN_w5_c32_k3_actrelu_d0.0_dense16_e50_lr0.0005_b8  RMSE_test=0.0130  MAE_test=0.0098
09:18:57 [INFO]     Época 10/50 | Loss=0.003295
09:18:59 [INFO]     Época 20/50 | Loss=0.002585
09:19:02 [INFO]     Época 30/50 | Loss=0.002340
09:19:05 [INFO]     Época 40/50 | Loss=0.002245
09:19:08 [INFO]     Época 50/50 | Loss=0.002243
09:19:08 [INFO]   [484/960] CNN_w5_c32_k3_actrelu_d0.0_dense16_e50_lr0.0005_b16  RMSE_test=0.0125  MAE_test=0.0093
09:19:14 [INFO]     Época 10/50 | Loss=0.002878
09:19:20 [INFO]     Época 20/50 | Loss=0.002571
09:19:25 [INFO]     Época 30/50 | Loss=0.002401
09:19:31 [INFO]     Época 40/50 | Loss=0.002199
09:19:36 [INFO]     Época 50/50 | Loss=0.002204
09:19:36 [INFO]   [485/960] CNN_w5_c32_k3_actrelu_d0.0_dense32_e50_lr0.001_b8  RMSE_test=0.0124  MAE_test=0.0093
09:19:39 [INFO]     Época 10/50 | Loss=0.002982
09:19:42 [INFO]     Época 20/50 | Loss=0.002530
09:19:45 [INFO]     Época 30/50 | Loss=0.002353
09:19:48 [INFO]     Época 40/50 | Loss=0.002216
09:19:51 [INFO]     Época 50/50 | Loss=0.002201
09:19:51 [INFO]   [486/960] CNN_w5_c32_k3_actrelu_d0.0_dense32_e50_lr0.001_b16  RMSE_test=0.0123  MAE_test=0.0091
09:19:57 [INFO]     Época 10/50 | Loss=0.002878
09:20:02 [INFO]     Época 20/50 | Loss=0.002509
09:20:08 [INFO]     Época 30/50 | Loss=0.002401
09:20:14 [INFO]     Época 40/50 | Loss=0.002223
09:20:19 [INFO]     Época 50/50 | Loss=0.002195
09:20:19 [INFO]   [487/960] CNN_w5_c32_k3_actrelu_d0.0_dense32_e50_lr0.0005_b8  RMSE_test=0.0125  MAE_test=0.0094
09:20:22 [INFO]     Época 10/50 | Loss=0.003117
09:20:25 [INFO]     Época 20/50 | Loss=0.002511
09:20:28 [INFO]     Época 30/50 | Loss=0.002290
09:20:31 [INFO]     Época 40/50 | Loss=0.002170
09:20:34 [INFO]     Época 50/50 | Loss=0.002211
09:20:34 [INFO]   [488/960] CNN_w5_c32_k3_actrelu_d0.0_dense32_e50_lr0.0005_b16  RMSE_test=0.0123  MAE_test=0.0090
09:20:40 [INFO]     Época 10/50 | Loss=0.002997
09:20:45 [INFO]     Época 20/50 | Loss=0.002644
09:20:51 [INFO]     Época 30/50 | Loss=0.002405
09:20:57 [INFO]     Época 40/50 | Loss=0.002256
09:21:02 [INFO]     Época 50/50 | Loss=0.002223
09:21:02 [INFO]   [489/960] CNN_w5_c32_k3_actleaky_relu_d0.0_dense16_e50_lr0.001_b8  RMSE_test=0.0123  MAE_test=0.0090
09:21:05 [INFO]     Época 10/50 | Loss=0.003245
09:21:08 [INFO]     Época 20/50 | Loss=0.002537
09:21:11 [INFO]     Época 30/50 | Loss=0.002352
09:21:14 [INFO]     Época 40/50 | Loss=0.002179
09:21:17 [INFO]     Época 50/50 | Loss=0.002258
09:21:17 [INFO]   [490/960] CNN_w5_c32_k3_actleaky_relu_d0.0_dense16_e50_lr0.001_b16  RMSE_test=0.0123  MAE_test=0.0091
09:21:22 [INFO]     Época 10/50 | Loss=0.003027
09:21:28 [INFO]     Época 20/50 | Loss=0.002513
09:21:34 [INFO]     Época 30/50 | Loss=0.002342
09:21:39 [INFO]     Época 40/50 | Loss=0.002199
09:21:45 [INFO]     Época 50/50 | Loss=0.002194
09:21:45 [INFO]   [491/960] CNN_w5_c32_k3_actleaky_relu_d0.0_dense16_e50_lr0.0005_b8  RMSE_test=0.0128  MAE_test=0.0097
09:21:48 [INFO]     Época 10/50 | Loss=0.003268
09:21:51 [INFO]     Época 20/50 | Loss=0.002583
09:21:54 [INFO]     Época 30/50 | Loss=0.002344
09:21:57 [INFO]     Época 40/50 | Loss=0.002250
09:22:00 [INFO]     Época 50/50 | Loss=0.002243
09:22:00 [INFO]   [492/960] CNN_w5_c32_k3_actleaky_relu_d0.0_dense16_e50_lr0.0005_b16  RMSE_test=0.0122  MAE_test=0.0090
09:22:05 [INFO]     Época 10/50 | Loss=0.002818
09:22:11 [INFO]     Época 20/50 | Loss=0.002558
09:22:16 [INFO]     Época 30/50 | Loss=0.002401
09:22:22 [INFO]     Época 40/50 | Loss=0.002189
09:22:28 [INFO]     Época 50/50 | Loss=0.002205
09:22:28 [INFO]   [493/960] CNN_w5_c32_k3_actleaky_relu_d0.0_dense32_e50_lr0.001_b8  RMSE_test=0.0126  MAE_test=0.0094
09:22:31 [INFO]     Época 10/50 | Loss=0.002935
09:22:33 [INFO]     Época 20/50 | Loss=0.002523
09:22:36 [INFO]     Época 30/50 | Loss=0.002327
09:22:39 [INFO]     Época 40/50 | Loss=0.002132
09:22:42 [INFO]     Época 50/50 | Loss=0.002185
09:22:42 [INFO]   [494/960] CNN_w5_c32_k3_actleaky_relu_d0.0_dense32_e50_lr0.001_b16  RMSE_test=0.0123  MAE_test=0.0092
09:22:48 [INFO]     Época 10/50 | Loss=0.002871
09:22:53 [INFO]     Época 20/50 | Loss=0.002519
09:22:59 [INFO]     Época 30/50 | Loss=0.002334
09:23:05 [INFO]     Época 40/50 | Loss=0.002182
09:23:10 [INFO]     Época 50/50 | Loss=0.002190
09:23:10 [INFO]   [495/960] CNN_w5_c32_k3_actleaky_relu_d0.0_dense32_e50_lr0.0005_b8  RMSE_test=0.0126  MAE_test=0.0094
09:23:13 [INFO]     Época 10/50 | Loss=0.003143
09:23:16 [INFO]     Época 20/50 | Loss=0.002465
09:23:19 [INFO]     Época 30/50 | Loss=0.002303
09:23:22 [INFO]     Época 40/50 | Loss=0.002142
09:23:25 [INFO]     Época 50/50 | Loss=0.002196
09:23:25 [INFO]   [496/960] CNN_w5_c32_k3_actleaky_relu_d0.0_dense32_e50_lr0.0005_b16  RMSE_test=0.0121  MAE_test=0.0089
09:23:31 [INFO]     Época 10/50 | Loss=0.022797
09:23:37 [INFO]     Época 20/50 | Loss=0.021381
09:23:43 [INFO]     Época 30/50 | Loss=0.020623
09:23:49 [INFO]     Época 40/50 | Loss=0.020629
09:23:55 [INFO]     Época 50/50 | Loss=0.020578
09:23:55 [INFO]   [497/960] CNN_w5_c32_k3_actrelu_d0.1_dense16_e50_lr0.001_b8  RMSE_test=0.0153  MAE_test=0.0118
09:23:58 [INFO]     Época 10/50 | Loss=0.022262
09:24:01 [INFO]     Época 20/50 | Loss=0.021104
09:24:04 [INFO]     Época 30/50 | Loss=0.020400
09:24:07 [INFO]     Época 40/50 | Loss=0.019850
09:24:11 [INFO]     Época 50/50 | Loss=0.019289
09:24:11 [INFO]   [498/960] CNN_w5_c32_k3_actrelu_d0.1_dense16_e50_lr0.001_b16  RMSE_test=0.0156  MAE_test=0.0119
09:24:17 [INFO]     Época 10/50 | Loss=0.022927
09:24:23 [INFO]     Época 20/50 | Loss=0.020828
09:24:29 [INFO]     Época 30/50 | Loss=0.019756
09:24:35 [INFO]     Época 40/50 | Loss=0.019846
09:24:41 [INFO]     Época 50/50 | Loss=0.019411
09:24:41 [INFO]   [499/960] CNN_w5_c32_k3_actrelu_d0.1_dense16_e50_lr0.0005_b8  RMSE_test=0.0142  MAE_test=0.0109
09:24:44 [INFO]     Época 10/50 | Loss=0.022172
09:24:47 [INFO]     Época 20/50 | Loss=0.021187
09:24:50 [INFO]     Época 30/50 | Loss=0.020367
09:24:53 [INFO]     Época 40/50 | Loss=0.019626
09:24:56 [INFO]     Época 50/50 | Loss=0.019005
09:24:56 [INFO]   [500/960] CNN_w5_c32_k3_actrelu_d0.1_dense16_e50_lr0.0005_b16  RMSE_test=0.0152  MAE_test=0.0117
09:25:02 [INFO]     Época 10/50 | Loss=0.017069
09:25:08 [INFO]     Época 20/50 | Loss=0.014607
09:25:14 [INFO]     Época 30/50 | Loss=0.015157
09:25:20 [INFO]     Época 40/50 | Loss=0.014667
09:25:26 [INFO]     Época 50/50 | Loss=0.014531
09:25:26 [INFO]   [501/960] CNN_w5_c32_k3_actrelu_d0.1_dense32_e50_lr0.001_b8  RMSE_test=0.0148  MAE_test=0.0111
09:25:29 [INFO]     Época 10/50 | Loss=0.016402
09:25:33 [INFO]     Época 20/50 | Loss=0.014394
09:25:36 [INFO]     Época 30/50 | Loss=0.013916
09:25:39 [INFO]     Época 40/50 | Loss=0.013362
09:25:42 [INFO]     Época 50/50 | Loss=0.012784
09:25:42 [INFO]   [502/960] CNN_w5_c32_k3_actrelu_d0.1_dense32_e50_lr0.001_b16  RMSE_test=0.0157  MAE_test=0.0122
09:25:48 [INFO]     Época 10/50 | Loss=0.016276
09:25:54 [INFO]     Época 20/50 | Loss=0.013462
09:26:00 [INFO]     Época 30/50 | Loss=0.013754
09:26:06 [INFO]     Época 40/50 | Loss=0.013291
09:26:12 [INFO]     Época 50/50 | Loss=0.013102
09:26:12 [INFO]   [503/960] CNN_w5_c32_k3_actrelu_d0.1_dense32_e50_lr0.0005_b8  RMSE_test=0.0142  MAE_test=0.0107
09:26:15 [INFO]     Época 10/50 | Loss=0.016503
09:26:18 [INFO]     Época 20/50 | Loss=0.014116
09:26:21 [INFO]     Época 30/50 | Loss=0.013587
09:26:24 [INFO]     Época 40/50 | Loss=0.012764
09:26:27 [INFO]     Época 50/50 | Loss=0.012338
09:26:27 [INFO]   [504/960] CNN_w5_c32_k3_actrelu_d0.1_dense32_e50_lr0.0005_b16  RMSE_test=0.0150  MAE_test=0.0117
09:26:33 [INFO]     Época 10/50 | Loss=0.022040
09:26:39 [INFO]     Época 20/50 | Loss=0.019140
09:26:45 [INFO]     Época 30/50 | Loss=0.015672
09:26:51 [INFO]     Época 40/50 | Loss=0.014674
09:26:57 [INFO]     Época 50/50 | Loss=0.014014
09:26:57 [INFO]   [505/960] CNN_w5_c32_k3_actleaky_relu_d0.1_dense16_e50_lr0.001_b8  RMSE_test=0.0163  MAE_test=0.0125
09:27:01 [INFO]     Época 10/50 | Loss=0.021905
09:27:04 [INFO]     Época 20/50 | Loss=0.020419
09:27:07 [INFO]     Época 30/50 | Loss=0.018583
09:27:10 [INFO]     Época 40/50 | Loss=0.015686
09:27:13 [INFO]     Época 50/50 | Loss=0.013674
09:27:13 [INFO]   [506/960] CNN_w5_c32_k3_actleaky_relu_d0.1_dense16_e50_lr0.001_b16  RMSE_test=0.0150  MAE_test=0.0116
09:27:19 [INFO]     Época 10/50 | Loss=0.022503
09:27:25 [INFO]     Época 20/50 | Loss=0.019915
09:27:31 [INFO]     Época 30/50 | Loss=0.018102
09:27:37 [INFO]     Época 40/50 | Loss=0.016340
09:27:43 [INFO]     Época 50/50 | Loss=0.014294
09:27:43 [INFO]   [507/960] CNN_w5_c32_k3_actleaky_relu_d0.1_dense16_e50_lr0.0005_b8  RMSE_test=0.0145  MAE_test=0.0111
09:27:46 [INFO]     Época 10/50 | Loss=0.021801
09:27:49 [INFO]     Época 20/50 | Loss=0.020700
09:27:53 [INFO]     Época 30/50 | Loss=0.019534
09:27:56 [INFO]     Época 40/50 | Loss=0.018339
09:27:59 [INFO]     Época 50/50 | Loss=0.016732
09:27:59 [INFO]   [508/960] CNN_w5_c32_k3_actleaky_relu_d0.1_dense16_e50_lr0.0005_b16  RMSE_test=0.0151  MAE_test=0.0116
09:28:05 [INFO]     Época 10/50 | Loss=0.015565
09:28:11 [INFO]     Época 20/50 | Loss=0.012430
09:28:17 [INFO]     Época 30/50 | Loss=0.012014
09:28:23 [INFO]     Época 40/50 | Loss=0.011132
09:28:29 [INFO]     Época 50/50 | Loss=0.010425
09:28:29 [INFO]   [509/960] CNN_w5_c32_k3_actleaky_relu_d0.1_dense32_e50_lr0.001_b8  RMSE_test=0.0144  MAE_test=0.0107
09:28:32 [INFO]     Época 10/50 | Loss=0.015154
09:28:35 [INFO]     Época 20/50 | Loss=0.013312
09:28:38 [INFO]     Época 30/50 | Loss=0.012666
09:28:42 [INFO]     Época 40/50 | Loss=0.011723
09:28:45 [INFO]     Época 50/50 | Loss=0.010466
09:28:45 [INFO]   [510/960] CNN_w5_c32_k3_actleaky_relu_d0.1_dense32_e50_lr0.001_b16  RMSE_test=0.0147  MAE_test=0.0114
09:28:51 [INFO]     Época 10/50 | Loss=0.015324
09:28:57 [INFO]     Época 20/50 | Loss=0.012397
09:29:03 [INFO]     Época 30/50 | Loss=0.012111
09:29:09 [INFO]     Época 40/50 | Loss=0.011195
09:29:15 [INFO]     Época 50/50 | Loss=0.010566
09:29:15 [INFO]   [511/960] CNN_w5_c32_k3_actleaky_relu_d0.1_dense32_e50_lr0.0005_b8  RMSE_test=0.0151  MAE_test=0.0112
09:29:18 [INFO]     Época 10/50 | Loss=0.015766
09:29:22 [INFO]     Época 20/50 | Loss=0.013498
09:29:25 [INFO]     Época 30/50 | Loss=0.012772
09:29:28 [INFO]     Época 40/50 | Loss=0.011751
09:29:31 [INFO]     Época 50/50 | Loss=0.011168
09:29:31 [INFO]   [512/960] CNN_w5_c32_k3_actleaky_relu_d0.1_dense32_e50_lr0.0005_b16  RMSE_test=0.0149  MAE_test=0.0115
09:29:38 [INFO]     Época 10/50 | Loss=0.003066
09:29:45 [INFO]     Época 20/50 | Loss=0.002762
09:29:52 [INFO]     Época 30/50 | Loss=0.002434
09:29:59 [INFO]     Época 40/50 | Loss=0.002318
09:30:07 [INFO]     Época 50/50 | Loss=0.002303
09:30:07 [INFO]   [513/960] CNN_w5_c16x32_k2_actrelu_d0.0_dense16_e50_lr0.001_b8  RMSE_test=0.0135  MAE_test=0.0101
09:30:10 [INFO]     Época 10/50 | Loss=0.002981
09:30:14 [INFO]     Época 20/50 | Loss=0.002505
09:30:18 [INFO]     Época 30/50 | Loss=0.002296
09:30:21 [INFO]     Época 40/50 | Loss=0.002277
09:30:25 [INFO]     Época 50/50 | Loss=0.002227
09:30:25 [INFO]   [514/960] CNN_w5_c16x32_k2_actrelu_d0.0_dense16_e50_lr0.001_b16  RMSE_test=0.0133  MAE_test=0.0100
09:30:32 [INFO]     Época 10/50 | Loss=0.003090
09:30:40 [INFO]     Época 20/50 | Loss=0.002599
09:30:47 [INFO]     Época 30/50 | Loss=0.002343
09:30:54 [INFO]     Época 40/50 | Loss=0.002251
09:31:01 [INFO]     Época 50/50 | Loss=0.002296
09:31:01 [INFO]   [515/960] CNN_w5_c16x32_k2_actrelu_d0.0_dense16_e50_lr0.0005_b8  RMSE_test=0.0135  MAE_test=0.0102
09:31:05 [INFO]     Época 10/50 | Loss=0.003379
09:31:08 [INFO]     Época 20/50 | Loss=0.002562
09:31:12 [INFO]     Época 30/50 | Loss=0.002282
09:31:16 [INFO]     Época 40/50 | Loss=0.002279
09:31:19 [INFO]     Época 50/50 | Loss=0.002185
09:31:19 [INFO]   [516/960] CNN_w5_c16x32_k2_actrelu_d0.0_dense16_e50_lr0.0005_b16  RMSE_test=0.0132  MAE_test=0.0097
09:31:27 [INFO]     Época 10/50 | Loss=0.003116
09:31:34 [INFO]     Época 20/50 | Loss=0.002703
09:31:41 [INFO]     Época 30/50 | Loss=0.002435
09:31:48 [INFO]     Época 40/50 | Loss=0.002372
09:31:55 [INFO]     Época 50/50 | Loss=0.002313
09:31:55 [INFO]   [517/960] CNN_w5_c16x32_k2_actrelu_d0.0_dense32_e50_lr0.001_b8  RMSE_test=0.0127  MAE_test=0.0094
09:31:59 [INFO]     Época 10/50 | Loss=0.003105
09:32:02 [INFO]     Época 20/50 | Loss=0.002571
09:32:06 [INFO]     Época 30/50 | Loss=0.002406
09:32:10 [INFO]     Época 40/50 | Loss=0.002307
09:32:13 [INFO]     Época 50/50 | Loss=0.002292
09:32:13 [INFO]   [518/960] CNN_w5_c16x32_k2_actrelu_d0.0_dense32_e50_lr0.001_b16  RMSE_test=0.0132  MAE_test=0.0098
09:32:20 [INFO]     Época 10/50 | Loss=0.003165
09:32:27 [INFO]     Época 20/50 | Loss=0.002676
09:32:35 [INFO]     Época 30/50 | Loss=0.002405
09:32:42 [INFO]     Época 40/50 | Loss=0.002275
09:32:49 [INFO]     Época 50/50 | Loss=0.002300
09:32:49 [INFO]   [519/960] CNN_w5_c16x32_k2_actrelu_d0.0_dense32_e50_lr0.0005_b8  RMSE_test=0.0137  MAE_test=0.0102
09:32:53 [INFO]     Época 10/50 | Loss=0.003273
09:32:56 [INFO]     Época 20/50 | Loss=0.002628
09:33:00 [INFO]     Época 30/50 | Loss=0.002345
09:33:04 [INFO]     Época 40/50 | Loss=0.002273
09:33:07 [INFO]     Época 50/50 | Loss=0.002261
09:33:07 [INFO]   [520/960] CNN_w5_c16x32_k2_actrelu_d0.0_dense32_e50_lr0.0005_b16  RMSE_test=0.0134  MAE_test=0.0099
09:33:14 [INFO]     Época 10/50 | Loss=0.003055
09:33:21 [INFO]     Época 20/50 | Loss=0.002626
09:33:29 [INFO]     Época 30/50 | Loss=0.002428
09:33:36 [INFO]     Época 40/50 | Loss=0.002268
09:33:43 [INFO]     Época 50/50 | Loss=0.002260
09:33:43 [INFO]   [521/960] CNN_w5_c16x32_k2_actleaky_relu_d0.0_dense16_e50_lr0.001_b8  RMSE_test=0.0130  MAE_test=0.0096
09:33:46 [INFO]     Época 10/50 | Loss=0.003067
09:33:50 [INFO]     Época 20/50 | Loss=0.002524
09:33:54 [INFO]     Época 30/50 | Loss=0.002304
09:33:57 [INFO]     Época 40/50 | Loss=0.002297
09:34:01 [INFO]     Época 50/50 | Loss=0.002235
09:34:01 [INFO]   [522/960] CNN_w5_c16x32_k2_actleaky_relu_d0.0_dense16_e50_lr0.001_b16  RMSE_test=0.0130  MAE_test=0.0096
09:34:08 [INFO]     Época 10/50 | Loss=0.003085
09:34:15 [INFO]     Época 20/50 | Loss=0.002531
09:34:22 [INFO]     Época 30/50 | Loss=0.002287
09:34:30 [INFO]     Época 40/50 | Loss=0.002219
09:34:37 [INFO]     Época 50/50 | Loss=0.002253
09:34:37 [INFO]   [523/960] CNN_w5_c16x32_k2_actleaky_relu_d0.0_dense16_e50_lr0.0005_b8  RMSE_test=0.0136  MAE_test=0.0101
09:34:40 [INFO]     Época 10/50 | Loss=0.003318
09:34:44 [INFO]     Época 20/50 | Loss=0.002531
09:34:48 [INFO]     Época 30/50 | Loss=0.002252
09:34:51 [INFO]     Época 40/50 | Loss=0.002277
09:34:55 [INFO]     Época 50/50 | Loss=0.002175
09:34:55 [INFO]   [524/960] CNN_w5_c16x32_k2_actleaky_relu_d0.0_dense16_e50_lr0.0005_b16  RMSE_test=0.0139  MAE_test=0.0103
09:35:02 [INFO]     Época 10/50 | Loss=0.003120
09:35:09 [INFO]     Época 20/50 | Loss=0.002679
09:35:16 [INFO]     Época 30/50 | Loss=0.002388
09:35:23 [INFO]     Época 40/50 | Loss=0.002350
09:35:31 [INFO]     Época 50/50 | Loss=0.002257
09:35:31 [INFO]   [525/960] CNN_w5_c16x32_k2_actleaky_relu_d0.0_dense32_e50_lr0.001_b8  RMSE_test=0.0133  MAE_test=0.0100
09:35:34 [INFO]     Época 10/50 | Loss=0.003090
09:35:38 [INFO]     Época 20/50 | Loss=0.002597
09:35:42 [INFO]     Época 30/50 | Loss=0.002400
09:35:45 [INFO]     Época 40/50 | Loss=0.002266
09:35:49 [INFO]     Época 50/50 | Loss=0.002259
09:35:49 [INFO]   [526/960] CNN_w5_c16x32_k2_actleaky_relu_d0.0_dense32_e50_lr0.001_b16  RMSE_test=0.0134  MAE_test=0.0101
09:35:56 [INFO]     Época 10/50 | Loss=0.003164
09:36:03 [INFO]     Época 20/50 | Loss=0.002653
09:36:10 [INFO]     Época 30/50 | Loss=0.002352
09:36:17 [INFO]     Época 40/50 | Loss=0.002288
09:36:25 [INFO]     Época 50/50 | Loss=0.002261
09:36:25 [INFO]   [527/960] CNN_w5_c16x32_k2_actleaky_relu_d0.0_dense32_e50_lr0.0005_b8  RMSE_test=0.0138  MAE_test=0.0102
09:36:28 [INFO]     Época 10/50 | Loss=0.003202
09:36:32 [INFO]     Época 20/50 | Loss=0.002621
09:36:36 [INFO]     Época 30/50 | Loss=0.002354
09:36:39 [INFO]     Época 40/50 | Loss=0.002268
09:36:43 [INFO]     Época 50/50 | Loss=0.002267
09:36:43 [INFO]   [528/960] CNN_w5_c16x32_k2_actleaky_relu_d0.0_dense32_e50_lr0.0005_b16  RMSE_test=0.0132  MAE_test=0.0097
09:36:51 [INFO]     Época 10/50 | Loss=0.030728
09:36:58 [INFO]     Época 20/50 | Loss=0.028401
09:37:06 [INFO]     Época 30/50 | Loss=0.025615
09:37:14 [INFO]     Época 40/50 | Loss=0.023054
09:37:21 [INFO]     Época 50/50 | Loss=0.023070
09:37:21 [INFO]   [529/960] CNN_w5_c16x32_k2_actrelu_d0.1_dense16_e50_lr0.001_b8  RMSE_test=0.0246  MAE_test=0.0189
09:37:25 [INFO]     Época 10/50 | Loss=0.027178
09:37:29 [INFO]     Época 20/50 | Loss=0.023860
09:37:33 [INFO]     Época 30/50 | Loss=0.022842
09:37:37 [INFO]     Época 40/50 | Loss=0.021288
09:37:41 [INFO]     Época 50/50 | Loss=0.021397
09:37:41 [INFO]   [530/960] CNN_w5_c16x32_k2_actrelu_d0.1_dense16_e50_lr0.001_b16  RMSE_test=0.0255  MAE_test=0.0200
09:37:49 [INFO]     Época 10/50 | Loss=0.031287
09:37:57 [INFO]     Época 20/50 | Loss=0.026829
09:38:04 [INFO]     Época 30/50 | Loss=0.023877
09:38:12 [INFO]     Época 40/50 | Loss=0.021890
09:38:20 [INFO]     Época 50/50 | Loss=0.021637
09:38:20 [INFO]   [531/960] CNN_w5_c16x32_k2_actrelu_d0.1_dense16_e50_lr0.0005_b8  RMSE_test=0.0244  MAE_test=0.0192
09:38:24 [INFO]     Época 10/50 | Loss=0.028886
09:38:28 [INFO]     Época 20/50 | Loss=0.024249
09:38:32 [INFO]     Época 30/50 | Loss=0.022510
09:38:36 [INFO]     Época 40/50 | Loss=0.021191
09:38:40 [INFO]     Época 50/50 | Loss=0.021144
09:38:40 [INFO]   [532/960] CNN_w5_c16x32_k2_actrelu_d0.1_dense16_e50_lr0.0005_b16  RMSE_test=0.0266  MAE_test=0.0212
09:38:47 [INFO]     Época 10/50 | Loss=0.018915
09:38:55 [INFO]     Época 20/50 | Loss=0.016229
09:39:03 [INFO]     Época 30/50 | Loss=0.015772
09:39:11 [INFO]     Época 40/50 | Loss=0.014870
09:39:18 [INFO]     Época 50/50 | Loss=0.014790
09:39:18 [INFO]   [533/960] CNN_w5_c16x32_k2_actrelu_d0.1_dense32_e50_lr0.001_b8  RMSE_test=0.0304  MAE_test=0.0234
09:39:22 [INFO]     Época 10/50 | Loss=0.019837
09:39:26 [INFO]     Época 20/50 | Loss=0.017284
09:39:30 [INFO]     Época 30/50 | Loss=0.015217
09:39:34 [INFO]     Época 40/50 | Loss=0.015197
09:39:38 [INFO]     Época 50/50 | Loss=0.014186
09:39:38 [INFO]   [534/960] CNN_w5_c16x32_k2_actrelu_d0.1_dense32_e50_lr0.001_b16  RMSE_test=0.0241  MAE_test=0.0189
09:39:46 [INFO]     Época 10/50 | Loss=0.019179
09:39:54 [INFO]     Época 20/50 | Loss=0.016123
09:40:01 [INFO]     Época 30/50 | Loss=0.015309
09:40:09 [INFO]     Época 40/50 | Loss=0.013608
09:40:17 [INFO]     Época 50/50 | Loss=0.014600
09:40:17 [INFO]   [535/960] CNN_w5_c16x32_k2_actrelu_d0.1_dense32_e50_lr0.0005_b8  RMSE_test=0.0259  MAE_test=0.0199
09:40:21 [INFO]     Época 10/50 | Loss=0.020886
09:40:25 [INFO]     Época 20/50 | Loss=0.017313
09:40:29 [INFO]     Época 30/50 | Loss=0.014750
09:40:33 [INFO]     Época 40/50 | Loss=0.014652
09:40:36 [INFO]     Época 50/50 | Loss=0.013670
09:40:36 [INFO]   [536/960] CNN_w5_c16x32_k2_actrelu_d0.1_dense32_e50_lr0.0005_b16  RMSE_test=0.0240  MAE_test=0.0187
09:40:44 [INFO]     Época 10/50 | Loss=0.025290
09:40:52 [INFO]     Época 20/50 | Loss=0.019530
09:41:00 [INFO]     Época 30/50 | Loss=0.016942
09:41:07 [INFO]     Época 40/50 | Loss=0.015086
09:41:15 [INFO]     Época 50/50 | Loss=0.015081
09:41:15 [INFO]   [537/960] CNN_w5_c16x32_k2_actleaky_relu_d0.1_dense16_e50_lr0.001_b8  RMSE_test=0.0233  MAE_test=0.0173
09:41:19 [INFO]     Época 10/50 | Loss=0.025939
09:41:23 [INFO]     Época 20/50 | Loss=0.021100
09:41:27 [INFO]     Época 30/50 | Loss=0.016741
09:41:31 [INFO]     Época 40/50 | Loss=0.015787
09:41:35 [INFO]     Época 50/50 | Loss=0.016068
09:41:35 [INFO]   [538/960] CNN_w5_c16x32_k2_actleaky_relu_d0.1_dense16_e50_lr0.001_b16  RMSE_test=0.0239  MAE_test=0.0191
09:41:42 [INFO]     Época 10/50 | Loss=0.027509
09:41:50 [INFO]     Época 20/50 | Loss=0.022836
09:41:58 [INFO]     Época 30/50 | Loss=0.018425
09:42:06 [INFO]     Época 40/50 | Loss=0.015996
09:42:13 [INFO]     Época 50/50 | Loss=0.015147
09:42:13 [INFO]   [539/960] CNN_w5_c16x32_k2_actleaky_relu_d0.1_dense16_e50_lr0.0005_b8  RMSE_test=0.0229  MAE_test=0.0173
09:42:17 [INFO]     Época 10/50 | Loss=0.028020
09:42:21 [INFO]     Época 20/50 | Loss=0.023739
09:42:25 [INFO]     Época 30/50 | Loss=0.020880
09:42:29 [INFO]     Época 40/50 | Loss=0.018506
09:42:33 [INFO]     Época 50/50 | Loss=0.017122
09:42:33 [INFO]   [540/960] CNN_w5_c16x32_k2_actleaky_relu_d0.1_dense16_e50_lr0.0005_b16  RMSE_test=0.0250  MAE_test=0.0197
09:42:41 [INFO]     Época 10/50 | Loss=0.017743
09:42:49 [INFO]     Época 20/50 | Loss=0.014023
09:42:56 [INFO]     Época 30/50 | Loss=0.012620
09:43:05 [INFO]     Época 40/50 | Loss=0.011095
09:43:13 [INFO]     Época 50/50 | Loss=0.010906
09:43:13 [INFO]   [541/960] CNN_w5_c16x32_k2_actleaky_relu_d0.1_dense32_e50_lr0.001_b8  RMSE_test=0.0316  MAE_test=0.0235
09:43:17 [INFO]     Época 10/50 | Loss=0.018517
09:43:21 [INFO]     Época 20/50 | Loss=0.015402
09:43:25 [INFO]     Época 30/50 | Loss=0.012725
09:43:29 [INFO]     Época 40/50 | Loss=0.012063
09:43:33 [INFO]     Época 50/50 | Loss=0.011127
09:43:33 [INFO]   [542/960] CNN_w5_c16x32_k2_actleaky_relu_d0.1_dense32_e50_lr0.001_b16  RMSE_test=0.0261  MAE_test=0.0203
09:43:40 [INFO]     Época 10/50 | Loss=0.018773
09:43:48 [INFO]     Época 20/50 | Loss=0.015042
09:43:56 [INFO]     Época 30/50 | Loss=0.013827
09:44:03 [INFO]     Época 40/50 | Loss=0.012032
09:44:11 [INFO]     Época 50/50 | Loss=0.011640
09:44:11 [INFO]   [543/960] CNN_w5_c16x32_k2_actleaky_relu_d0.1_dense32_e50_lr0.0005_b8  RMSE_test=0.0287  MAE_test=0.0213
09:44:15 [INFO]     Época 10/50 | Loss=0.019751
09:44:19 [INFO]     Época 20/50 | Loss=0.016852
09:44:23 [INFO]     Época 30/50 | Loss=0.013916
09:44:27 [INFO]     Época 40/50 | Loss=0.013195
09:44:31 [INFO]     Época 50/50 | Loss=0.011980
09:44:31 [INFO]   [544/960] CNN_w5_c16x32_k2_actleaky_relu_d0.1_dense32_e50_lr0.0005_b16  RMSE_test=0.0238  MAE_test=0.0184
09:44:38 [INFO]     Época 10/50 | Loss=0.003063
09:44:44 [INFO]     Época 20/50 | Loss=0.002532
09:44:51 [INFO]     Época 30/50 | Loss=0.002366
09:44:58 [INFO]     Época 40/50 | Loss=0.002232
09:45:05 [INFO]     Época 50/50 | Loss=0.002221
09:45:05 [INFO]   [545/960] CNN_w5_c16x32_k3_actrelu_d0.0_dense16_e50_lr0.001_b8  RMSE_test=0.0127  MAE_test=0.0094
09:45:08 [INFO]     Época 10/50 | Loss=0.003151
09:45:11 [INFO]     Época 20/50 | Loss=0.002545
09:45:15 [INFO]     Época 30/50 | Loss=0.002331
09:45:18 [INFO]     Época 40/50 | Loss=0.002218
09:45:22 [INFO]     Época 50/50 | Loss=0.002224
09:45:22 [INFO]   [546/960] CNN_w5_c16x32_k3_actrelu_d0.0_dense16_e50_lr0.001_b16  RMSE_test=0.0127  MAE_test=0.0096
09:45:29 [INFO]     Época 10/50 | Loss=0.003235
09:45:35 [INFO]     Época 20/50 | Loss=0.002593
09:45:42 [INFO]     Época 30/50 | Loss=0.002343
09:45:49 [INFO]     Época 40/50 | Loss=0.002216
09:45:56 [INFO]     Época 50/50 | Loss=0.002259
09:45:56 [INFO]   [547/960] CNN_w5_c16x32_k3_actrelu_d0.0_dense16_e50_lr0.0005_b8  RMSE_test=0.0128  MAE_test=0.0095
09:45:59 [INFO]     Época 10/50 | Loss=0.003502
09:46:03 [INFO]     Época 20/50 | Loss=0.002690
09:46:06 [INFO]     Época 30/50 | Loss=0.002321
09:46:10 [INFO]     Época 40/50 | Loss=0.002224
09:46:13 [INFO]     Época 50/50 | Loss=0.002198
09:46:13 [INFO]   [548/960] CNN_w5_c16x32_k3_actrelu_d0.0_dense16_e50_lr0.0005_b16  RMSE_test=0.0126  MAE_test=0.0094
09:46:20 [INFO]     Época 10/50 | Loss=0.003038
09:46:27 [INFO]     Época 20/50 | Loss=0.002574
09:46:33 [INFO]     Época 30/50 | Loss=0.002304
09:46:40 [INFO]     Época 40/50 | Loss=0.002157
09:46:47 [INFO]     Época 50/50 | Loss=0.002136
09:46:47 [INFO]   [549/960] CNN_w5_c16x32_k3_actrelu_d0.0_dense32_e50_lr0.001_b8  RMSE_test=0.0131  MAE_test=0.0096
09:46:50 [INFO]     Época 10/50 | Loss=0.003318
09:46:54 [INFO]     Época 20/50 | Loss=0.002650
09:46:57 [INFO]     Época 30/50 | Loss=0.002310
09:47:01 [INFO]     Época 40/50 | Loss=0.002124
09:47:04 [INFO]     Época 50/50 | Loss=0.002115
09:47:04 [INFO]   [550/960] CNN_w5_c16x32_k3_actrelu_d0.0_dense32_e50_lr0.001_b16  RMSE_test=0.0133  MAE_test=0.0097
09:47:11 [INFO]     Época 10/50 | Loss=0.003224
09:47:18 [INFO]     Época 20/50 | Loss=0.002618
09:47:24 [INFO]     Época 30/50 | Loss=0.002330
09:47:31 [INFO]     Época 40/50 | Loss=0.002157
09:47:38 [INFO]     Época 50/50 | Loss=0.002123
09:47:38 [INFO]   [551/960] CNN_w5_c16x32_k3_actrelu_d0.0_dense32_e50_lr0.0005_b8  RMSE_test=0.0136  MAE_test=0.0103
09:47:41 [INFO]     Época 10/50 | Loss=0.003306
09:47:45 [INFO]     Época 20/50 | Loss=0.002649
09:47:48 [INFO]     Época 30/50 | Loss=0.002329
09:47:52 [INFO]     Época 40/50 | Loss=0.002125
09:47:55 [INFO]     Época 50/50 | Loss=0.002178
09:47:55 [INFO]   [552/960] CNN_w5_c16x32_k3_actrelu_d0.0_dense32_e50_lr0.0005_b16  RMSE_test=0.0131  MAE_test=0.0096
09:48:02 [INFO]     Época 10/50 | Loss=0.002938
09:48:09 [INFO]     Época 20/50 | Loss=0.002542
09:48:15 [INFO]     Época 30/50 | Loss=0.002366
09:48:22 [INFO]     Época 40/50 | Loss=0.002205
09:48:29 [INFO]     Época 50/50 | Loss=0.002217
09:48:29 [INFO]   [553/960] CNN_w5_c16x32_k3_actleaky_relu_d0.0_dense16_e50_lr0.001_b8  RMSE_test=0.0125  MAE_test=0.0092
09:48:32 [INFO]     Época 10/50 | Loss=0.003178
09:48:36 [INFO]     Época 20/50 | Loss=0.002646
09:48:39 [INFO]     Época 30/50 | Loss=0.002377
09:48:43 [INFO]     Época 40/50 | Loss=0.002188
09:48:46 [INFO]     Época 50/50 | Loss=0.002189
09:48:46 [INFO]   [554/960] CNN_w5_c16x32_k3_actleaky_relu_d0.0_dense16_e50_lr0.001_b16  RMSE_test=0.0127  MAE_test=0.0094
09:48:53 [INFO]     Época 10/50 | Loss=0.003193
09:48:59 [INFO]     Época 20/50 | Loss=0.002595
09:49:06 [INFO]     Época 30/50 | Loss=0.002384
09:49:13 [INFO]     Época 40/50 | Loss=0.002222
09:49:20 [INFO]     Época 50/50 | Loss=0.002228
09:49:20 [INFO]   [555/960] CNN_w5_c16x32_k3_actleaky_relu_d0.0_dense16_e50_lr0.0005_b8  RMSE_test=0.0132  MAE_test=0.0100
09:49:23 [INFO]     Época 10/50 | Loss=0.003334
09:49:27 [INFO]     Época 20/50 | Loss=0.002669
09:49:30 [INFO]     Época 30/50 | Loss=0.002324
09:49:33 [INFO]     Época 40/50 | Loss=0.002225
09:49:37 [INFO]     Época 50/50 | Loss=0.002200
09:49:37 [INFO]   [556/960] CNN_w5_c16x32_k3_actleaky_relu_d0.0_dense16_e50_lr0.0005_b16  RMSE_test=0.0126  MAE_test=0.0093
09:49:44 [INFO]     Época 10/50 | Loss=0.002967
09:49:50 [INFO]     Época 20/50 | Loss=0.002532
09:49:57 [INFO]     Época 30/50 | Loss=0.002367
09:50:04 [INFO]     Época 40/50 | Loss=0.002181
09:50:10 [INFO]     Época 50/50 | Loss=0.002138
09:50:10 [INFO]   [557/960] CNN_w5_c16x32_k3_actleaky_relu_d0.0_dense32_e50_lr0.001_b8  RMSE_test=0.0129  MAE_test=0.0097
09:50:14 [INFO]     Época 10/50 | Loss=0.003365
09:50:17 [INFO]     Época 20/50 | Loss=0.002597
09:50:21 [INFO]     Época 30/50 | Loss=0.002237
09:50:24 [INFO]     Época 40/50 | Loss=0.002121
09:50:28 [INFO]     Época 50/50 | Loss=0.002133
09:50:28 [INFO]   [558/960] CNN_w5_c16x32_k3_actleaky_relu_d0.0_dense32_e50_lr0.001_b16  RMSE_test=0.0127  MAE_test=0.0092
09:50:35 [INFO]     Época 10/50 | Loss=0.003188
09:50:41 [INFO]     Época 20/50 | Loss=0.002576
09:50:48 [INFO]     Época 30/50 | Loss=0.002301
09:50:55 [INFO]     Época 40/50 | Loss=0.002152
09:51:02 [INFO]     Época 50/50 | Loss=0.002094
09:51:02 [INFO]   [559/960] CNN_w5_c16x32_k3_actleaky_relu_d0.0_dense32_e50_lr0.0005_b8  RMSE_test=0.0132  MAE_test=0.0097
09:51:05 [INFO]     Época 10/50 | Loss=0.003357
09:51:08 [INFO]     Época 20/50 | Loss=0.002681
09:51:12 [INFO]     Época 30/50 | Loss=0.002316
09:51:15 [INFO]     Época 40/50 | Loss=0.002133
09:51:19 [INFO]     Época 50/50 | Loss=0.002172
09:51:19 [INFO]   [560/960] CNN_w5_c16x32_k3_actleaky_relu_d0.0_dense32_e50_lr0.0005_b16  RMSE_test=0.0131  MAE_test=0.0098
09:51:26 [INFO]     Época 10/50 | Loss=0.036693
09:51:34 [INFO]     Época 20/50 | Loss=0.030557
09:51:41 [INFO]     Época 30/50 | Loss=0.028942
09:51:48 [INFO]     Época 40/50 | Loss=0.026753
09:51:56 [INFO]     Época 50/50 | Loss=0.027046
09:51:56 [INFO]   [561/960] CNN_w5_c16x32_k3_actrelu_d0.1_dense16_e50_lr0.001_b8  RMSE_test=0.0243  MAE_test=0.0180
09:51:59 [INFO]     Época 10/50 | Loss=0.032158
09:52:03 [INFO]     Época 20/50 | Loss=0.028251
09:52:07 [INFO]     Época 30/50 | Loss=0.027063
09:52:11 [INFO]     Época 40/50 | Loss=0.025934
09:52:15 [INFO]     Época 50/50 | Loss=0.025966
09:52:15 [INFO]   [562/960] CNN_w5_c16x32_k3_actrelu_d0.1_dense16_e50_lr0.001_b16  RMSE_test=0.0268  MAE_test=0.0203
09:52:22 [INFO]     Época 10/50 | Loss=0.031503
09:52:29 [INFO]     Época 20/50 | Loss=0.027351
09:52:37 [INFO]     Época 30/50 | Loss=0.026437
09:52:44 [INFO]     Época 40/50 | Loss=0.023846
09:52:51 [INFO]     Época 50/50 | Loss=0.023956
09:52:51 [INFO]   [563/960] CNN_w5_c16x32_k3_actrelu_d0.1_dense16_e50_lr0.0005_b8  RMSE_test=0.0184  MAE_test=0.0138
09:52:55 [INFO]     Época 10/50 | Loss=0.031519
09:52:59 [INFO]     Época 20/50 | Loss=0.027608
09:53:03 [INFO]     Época 30/50 | Loss=0.025796
09:53:06 [INFO]     Época 40/50 | Loss=0.024613
09:53:10 [INFO]     Época 50/50 | Loss=0.024624
09:53:10 [INFO]   [564/960] CNN_w5_c16x32_k3_actrelu_d0.1_dense16_e50_lr0.0005_b16  RMSE_test=0.0247  MAE_test=0.0189
09:53:18 [INFO]     Época 10/50 | Loss=0.019422
09:53:25 [INFO]     Época 20/50 | Loss=0.016989
09:53:32 [INFO]     Época 30/50 | Loss=0.015781
09:53:40 [INFO]     Época 40/50 | Loss=0.015361
09:53:47 [INFO]     Época 50/50 | Loss=0.015805
09:53:47 [INFO]   [565/960] CNN_w5_c16x32_k3_actrelu_d0.1_dense32_e50_lr0.001_b8  RMSE_test=0.0262  MAE_test=0.0192
09:53:51 [INFO]     Época 10/50 | Loss=0.019163
09:53:54 [INFO]     Época 20/50 | Loss=0.015797
09:53:58 [INFO]     Época 30/50 | Loss=0.015238
09:54:02 [INFO]     Época 40/50 | Loss=0.014386
09:54:06 [INFO]     Época 50/50 | Loss=0.014069
09:54:06 [INFO]   [566/960] CNN_w5_c16x32_k3_actrelu_d0.1_dense32_e50_lr0.001_b16  RMSE_test=0.0255  MAE_test=0.0196
09:54:13 [INFO]     Época 10/50 | Loss=0.018280
09:54:20 [INFO]     Época 20/50 | Loss=0.016346
09:54:28 [INFO]     Época 30/50 | Loss=0.015336
09:54:35 [INFO]     Época 40/50 | Loss=0.014841
09:54:42 [INFO]     Época 50/50 | Loss=0.015160
09:54:42 [INFO]   [567/960] CNN_w5_c16x32_k3_actrelu_d0.1_dense32_e50_lr0.0005_b8  RMSE_test=0.0196  MAE_test=0.0144
09:54:46 [INFO]     Época 10/50 | Loss=0.018617
09:54:50 [INFO]     Época 20/50 | Loss=0.016508
09:54:54 [INFO]     Época 30/50 | Loss=0.015115
09:54:57 [INFO]     Época 40/50 | Loss=0.014264
09:55:01 [INFO]     Época 50/50 | Loss=0.013532
09:55:01 [INFO]   [568/960] CNN_w5_c16x32_k3_actrelu_d0.1_dense32_e50_lr0.0005_b16  RMSE_test=0.0260  MAE_test=0.0202
09:55:09 [INFO]     Época 10/50 | Loss=0.024530
09:55:16 [INFO]     Época 20/50 | Loss=0.017254
09:55:23 [INFO]     Época 30/50 | Loss=0.015937
09:55:31 [INFO]     Época 40/50 | Loss=0.014110
09:55:38 [INFO]     Época 50/50 | Loss=0.014395
09:55:38 [INFO]   [569/960] CNN_w5_c16x32_k3_actleaky_relu_d0.1_dense16_e50_lr0.001_b8  RMSE_test=0.0199  MAE_test=0.0156
09:55:42 [INFO]     Época 10/50 | Loss=0.026975
09:55:45 [INFO]     Época 20/50 | Loss=0.018506
09:55:49 [INFO]     Época 30/50 | Loss=0.015614
09:55:53 [INFO]     Época 40/50 | Loss=0.015243
09:55:57 [INFO]     Época 50/50 | Loss=0.014253
09:55:57 [INFO]   [570/960] CNN_w5_c16x32_k3_actleaky_relu_d0.1_dense16_e50_lr0.001_b16  RMSE_test=0.0219  MAE_test=0.0170
09:56:04 [INFO]     Época 10/50 | Loss=0.027702
09:56:11 [INFO]     Época 20/50 | Loss=0.020064
09:56:19 [INFO]     Época 30/50 | Loss=0.017100
09:56:26 [INFO]     Época 40/50 | Loss=0.014826
09:56:33 [INFO]     Época 50/50 | Loss=0.014788
09:56:33 [INFO]   [571/960] CNN_w5_c16x32_k3_actleaky_relu_d0.1_dense16_e50_lr0.0005_b8  RMSE_test=0.0179  MAE_test=0.0135
09:56:37 [INFO]     Época 10/50 | Loss=0.028645
09:56:41 [INFO]     Época 20/50 | Loss=0.023865
09:56:45 [INFO]     Época 30/50 | Loss=0.018227
09:56:48 [INFO]     Época 40/50 | Loss=0.016014
09:56:52 [INFO]     Época 50/50 | Loss=0.015408
09:56:52 [INFO]   [572/960] CNN_w5_c16x32_k3_actleaky_relu_d0.1_dense16_e50_lr0.0005_b16  RMSE_test=0.0246  MAE_test=0.0189
09:57:00 [INFO]     Época 10/50 | Loss=0.017554
09:57:07 [INFO]     Época 20/50 | Loss=0.013912
09:57:14 [INFO]     Época 30/50 | Loss=0.012767
09:57:22 [INFO]     Época 40/50 | Loss=0.011257
09:57:29 [INFO]     Época 50/50 | Loss=0.011531
09:57:29 [INFO]   [573/960] CNN_w5_c16x32_k3_actleaky_relu_d0.1_dense32_e50_lr0.001_b8  RMSE_test=0.0305  MAE_test=0.0228
09:57:33 [INFO]     Época 10/50 | Loss=0.018158
09:57:36 [INFO]     Época 20/50 | Loss=0.014675
09:57:40 [INFO]     Época 30/50 | Loss=0.012863
09:57:44 [INFO]     Época 40/50 | Loss=0.012199
09:57:48 [INFO]     Época 50/50 | Loss=0.011639
09:57:48 [INFO]   [574/960] CNN_w5_c16x32_k3_actleaky_relu_d0.1_dense32_e50_lr0.001_b16  RMSE_test=0.0238  MAE_test=0.0182
09:57:55 [INFO]     Época 10/50 | Loss=0.017338
09:58:02 [INFO]     Época 20/50 | Loss=0.014743
09:58:10 [INFO]     Época 30/50 | Loss=0.013486
09:58:17 [INFO]     Época 40/50 | Loss=0.012362
09:58:24 [INFO]     Época 50/50 | Loss=0.012723
09:58:24 [INFO]   [575/960] CNN_w5_c16x32_k3_actleaky_relu_d0.1_dense32_e50_lr0.0005_b8  RMSE_test=0.0216  MAE_test=0.0164
09:58:28 [INFO]     Época 10/50 | Loss=0.017856
09:58:32 [INFO]     Época 20/50 | Loss=0.015655
09:58:36 [INFO]     Época 30/50 | Loss=0.013541
09:58:39 [INFO]     Época 40/50 | Loss=0.012734
09:58:43 [INFO]     Época 50/50 | Loss=0.011759
09:58:43 [INFO]   [576/960] CNN_w5_c16x32_k3_actleaky_relu_d0.1_dense32_e50_lr0.0005_b16  RMSE_test=0.0246  MAE_test=0.0190
09:58:49 [INFO]     Época 10/50 | Loss=0.003310
09:58:54 [INFO]     Época 20/50 | Loss=0.002616
09:59:00 [INFO]     Época 30/50 | Loss=0.002417
09:59:06 [INFO]     Época 40/50 | Loss=0.002378
09:59:11 [INFO]     Época 50/50 | Loss=0.002280
09:59:11 [INFO]   [577/960] CNN_w6_c16_k2_actrelu_d0.0_dense16_e50_lr0.001_b8  RMSE_test=0.0112  MAE_test=0.0079
09:59:14 [INFO]     Época 10/50 | Loss=0.003396
09:59:17 [INFO]     Época 20/50 | Loss=0.002795
09:59:20 [INFO]     Época 30/50 | Loss=0.002425
09:59:23 [INFO]     Época 40/50 | Loss=0.002418
09:59:26 [INFO]     Época 50/50 | Loss=0.002356
09:59:26 [INFO]   [578/960] CNN_w6_c16_k2_actrelu_d0.0_dense16_e50_lr0.001_b16  RMSE_test=0.0120  MAE_test=0.0085
09:59:31 [INFO]     Época 10/50 | Loss=0.003291
09:59:37 [INFO]     Época 20/50 | Loss=0.002640
09:59:42 [INFO]     Época 30/50 | Loss=0.002331
09:59:48 [INFO]     Época 40/50 | Loss=0.002287
09:59:53 [INFO]     Época 50/50 | Loss=0.002198
09:59:53 [INFO]   [579/960] CNN_w6_c16_k2_actrelu_d0.0_dense16_e50_lr0.0005_b8  RMSE_test=0.0118  MAE_test=0.0083
09:59:56 [INFO]     Época 10/50 | Loss=0.003623
09:59:59 [INFO]     Época 20/50 | Loss=0.002735
10:00:02 [INFO]     Época 30/50 | Loss=0.002461
10:00:05 [INFO]     Época 40/50 | Loss=0.002327
10:00:08 [INFO]     Época 50/50 | Loss=0.002286
10:00:08 [INFO]   [580/960] CNN_w6_c16_k2_actrelu_d0.0_dense16_e50_lr0.0005_b16  RMSE_test=0.0125  MAE_test=0.0091
10:00:13 [INFO]     Época 10/50 | Loss=0.003079
10:00:19 [INFO]     Época 20/50 | Loss=0.002550
10:00:24 [INFO]     Época 30/50 | Loss=0.002331
10:00:30 [INFO]     Época 40/50 | Loss=0.002268
10:00:35 [INFO]     Época 50/50 | Loss=0.002260
10:00:35 [INFO]   [581/960] CNN_w6_c16_k2_actrelu_d0.0_dense32_e50_lr0.001_b8  RMSE_test=0.0110  MAE_test=0.0077
10:00:38 [INFO]     Época 10/50 | Loss=0.003338
10:00:41 [INFO]     Época 20/50 | Loss=0.002538
10:00:44 [INFO]     Época 30/50 | Loss=0.002380
10:00:47 [INFO]     Época 40/50 | Loss=0.002257
10:00:50 [INFO]     Época 50/50 | Loss=0.002284
10:00:50 [INFO]   [582/960] CNN_w6_c16_k2_actrelu_d0.0_dense32_e50_lr0.001_b16  RMSE_test=0.0118  MAE_test=0.0085
10:00:55 [INFO]     Época 10/50 | Loss=0.003315
10:01:01 [INFO]     Época 20/50 | Loss=0.002604
10:01:06 [INFO]     Época 30/50 | Loss=0.002270
10:01:12 [INFO]     Época 40/50 | Loss=0.002213
10:01:18 [INFO]     Época 50/50 | Loss=0.002180
10:01:18 [INFO]   [583/960] CNN_w6_c16_k2_actrelu_d0.0_dense32_e50_lr0.0005_b8  RMSE_test=0.0117  MAE_test=0.0084
10:01:20 [INFO]     Época 10/50 | Loss=0.003764
10:01:23 [INFO]     Época 20/50 | Loss=0.002730
10:01:26 [INFO]     Época 30/50 | Loss=0.002356
10:01:29 [INFO]     Época 40/50 | Loss=0.002259
10:01:32 [INFO]     Época 50/50 | Loss=0.002231
10:01:32 [INFO]   [584/960] CNN_w6_c16_k2_actrelu_d0.0_dense32_e50_lr0.0005_b16  RMSE_test=0.0121  MAE_test=0.0086
10:01:37 [INFO]     Época 10/50 | Loss=0.003324
10:01:43 [INFO]     Época 20/50 | Loss=0.002589
10:01:49 [INFO]     Época 30/50 | Loss=0.002362
10:01:54 [INFO]     Época 40/50 | Loss=0.002331
10:02:00 [INFO]     Época 50/50 | Loss=0.002272
10:02:00 [INFO]   [585/960] CNN_w6_c16_k2_actleaky_relu_d0.0_dense16_e50_lr0.001_b8  RMSE_test=0.0117  MAE_test=0.0085
10:02:02 [INFO]     Época 10/50 | Loss=0.003284
10:02:05 [INFO]     Época 20/50 | Loss=0.002699
10:02:08 [INFO]     Época 30/50 | Loss=0.002421
10:02:11 [INFO]     Época 40/50 | Loss=0.002377
10:02:14 [INFO]     Época 50/50 | Loss=0.002361
10:02:14 [INFO]   [586/960] CNN_w6_c16_k2_actleaky_relu_d0.0_dense16_e50_lr0.001_b16  RMSE_test=0.0118  MAE_test=0.0084
10:02:19 [INFO]     Época 10/50 | Loss=0.003379
10:02:25 [INFO]     Época 20/50 | Loss=0.002680
10:02:31 [INFO]     Época 30/50 | Loss=0.002368
10:02:36 [INFO]     Época 40/50 | Loss=0.002334
10:02:42 [INFO]     Época 50/50 | Loss=0.002244
10:02:42 [INFO]   [587/960] CNN_w6_c16_k2_actleaky_relu_d0.0_dense16_e50_lr0.0005_b8  RMSE_test=0.0118  MAE_test=0.0084
10:02:44 [INFO]     Época 10/50 | Loss=0.003766
10:02:47 [INFO]     Época 20/50 | Loss=0.002758
10:02:50 [INFO]     Época 30/50 | Loss=0.002489
10:02:53 [INFO]     Época 40/50 | Loss=0.002348
10:02:56 [INFO]     Época 50/50 | Loss=0.002299
10:02:56 [INFO]   [588/960] CNN_w6_c16_k2_actleaky_relu_d0.0_dense16_e50_lr0.0005_b16  RMSE_test=0.0126  MAE_test=0.0090
10:03:01 [INFO]     Época 10/50 | Loss=0.003109
10:03:07 [INFO]     Época 20/50 | Loss=0.002525
10:03:13 [INFO]     Época 30/50 | Loss=0.002333
10:03:18 [INFO]     Época 40/50 | Loss=0.002271
10:03:24 [INFO]     Época 50/50 | Loss=0.002234
10:03:24 [INFO]   [589/960] CNN_w6_c16_k2_actleaky_relu_d0.0_dense32_e50_lr0.001_b8  RMSE_test=0.0111  MAE_test=0.0079
10:03:26 [INFO]     Época 10/50 | Loss=0.003345
10:03:29 [INFO]     Época 20/50 | Loss=0.002613
10:03:32 [INFO]     Época 30/50 | Loss=0.002371
10:03:35 [INFO]     Época 40/50 | Loss=0.002281
10:03:38 [INFO]     Época 50/50 | Loss=0.002300
10:03:38 [INFO]   [590/960] CNN_w6_c16_k2_actleaky_relu_d0.0_dense32_e50_lr0.001_b16  RMSE_test=0.0116  MAE_test=0.0085
10:03:43 [INFO]     Época 10/50 | Loss=0.003352
10:03:49 [INFO]     Época 20/50 | Loss=0.002568
10:03:54 [INFO]     Época 30/50 | Loss=0.002259
10:04:00 [INFO]     Época 40/50 | Loss=0.002179
10:04:06 [INFO]     Época 50/50 | Loss=0.002173
10:04:06 [INFO]   [591/960] CNN_w6_c16_k2_actleaky_relu_d0.0_dense32_e50_lr0.0005_b8  RMSE_test=0.0115  MAE_test=0.0082
10:04:08 [INFO]     Época 10/50 | Loss=0.003614
10:04:11 [INFO]     Época 20/50 | Loss=0.002741
10:04:14 [INFO]     Época 30/50 | Loss=0.002372
10:04:17 [INFO]     Época 40/50 | Loss=0.002227
10:04:20 [INFO]     Época 50/50 | Loss=0.002257
10:04:20 [INFO]   [592/960] CNN_w6_c16_k2_actleaky_relu_d0.0_dense32_e50_lr0.0005_b16  RMSE_test=0.0122  MAE_test=0.0089
10:04:26 [INFO]     Época 10/50 | Loss=0.027486
10:04:32 [INFO]     Época 20/50 | Loss=0.024969
10:04:38 [INFO]     Época 30/50 | Loss=0.024604
10:04:44 [INFO]     Época 40/50 | Loss=0.024202
10:04:50 [INFO]     Época 50/50 | Loss=0.022101
10:04:50 [INFO]   [593/960] CNN_w6_c16_k2_actrelu_d0.1_dense16_e50_lr0.001_b8  RMSE_test=0.0136  MAE_test=0.0098
10:04:53 [INFO]     Época 10/50 | Loss=0.025553
10:04:56 [INFO]     Época 20/50 | Loss=0.023387
10:04:59 [INFO]     Época 30/50 | Loss=0.022540
10:05:02 [INFO]     Época 40/50 | Loss=0.021797
10:05:05 [INFO]     Época 50/50 | Loss=0.022018
10:05:05 [INFO]   [594/960] CNN_w6_c16_k2_actrelu_d0.1_dense16_e50_lr0.001_b16  RMSE_test=0.0156  MAE_test=0.0120
10:05:11 [INFO]     Época 10/50 | Loss=0.025739
10:05:17 [INFO]     Época 20/50 | Loss=0.023593
10:05:23 [INFO]     Época 30/50 | Loss=0.022535
10:05:29 [INFO]     Época 40/50 | Loss=0.022581
10:05:35 [INFO]     Época 50/50 | Loss=0.020818
10:05:35 [INFO]   [595/960] CNN_w6_c16_k2_actrelu_d0.1_dense16_e50_lr0.0005_b8  RMSE_test=0.0149  MAE_test=0.0110
10:05:38 [INFO]     Época 10/50 | Loss=0.027408
10:05:41 [INFO]     Época 20/50 | Loss=0.023847
10:05:44 [INFO]     Época 30/50 | Loss=0.023413
10:05:47 [INFO]     Época 40/50 | Loss=0.022068
10:05:50 [INFO]     Época 50/50 | Loss=0.022420
10:05:50 [INFO]   [596/960] CNN_w6_c16_k2_actrelu_d0.1_dense16_e50_lr0.0005_b16  RMSE_test=0.0156  MAE_test=0.0120
10:05:56 [INFO]     Época 10/50 | Loss=0.018968
10:06:02 [INFO]     Época 20/50 | Loss=0.016490
10:06:08 [INFO]     Época 30/50 | Loss=0.014824
10:06:14 [INFO]     Época 40/50 | Loss=0.014250
10:06:19 [INFO]     Época 50/50 | Loss=0.015107
10:06:19 [INFO]   [597/960] CNN_w6_c16_k2_actrelu_d0.1_dense32_e50_lr0.001_b8  RMSE_test=0.0142  MAE_test=0.0106
10:06:23 [INFO]     Época 10/50 | Loss=0.018075
10:06:26 [INFO]     Época 20/50 | Loss=0.015300
10:06:29 [INFO]     Época 30/50 | Loss=0.014481
10:06:32 [INFO]     Época 40/50 | Loss=0.014135
10:06:35 [INFO]     Época 50/50 | Loss=0.013964
10:06:35 [INFO]   [598/960] CNN_w6_c16_k2_actrelu_d0.1_dense32_e50_lr0.001_b16  RMSE_test=0.0152  MAE_test=0.0113
10:06:41 [INFO]     Época 10/50 | Loss=0.018461
10:06:47 [INFO]     Época 20/50 | Loss=0.016105
10:06:53 [INFO]     Época 30/50 | Loss=0.014400
10:06:58 [INFO]     Época 40/50 | Loss=0.014055
10:07:04 [INFO]     Época 50/50 | Loss=0.014544
10:07:04 [INFO]   [599/960] CNN_w6_c16_k2_actrelu_d0.1_dense32_e50_lr0.0005_b8  RMSE_test=0.0149  MAE_test=0.0112
10:07:07 [INFO]     Época 10/50 | Loss=0.019948
10:07:10 [INFO]     Época 20/50 | Loss=0.016016
10:07:14 [INFO]     Época 30/50 | Loss=0.015257
10:07:17 [INFO]     Época 40/50 | Loss=0.014926
10:07:20 [INFO]     Época 50/50 | Loss=0.014150
10:07:20 [INFO]   [600/960] CNN_w6_c16_k2_actrelu_d0.1_dense32_e50_lr0.0005_b16  RMSE_test=0.0148  MAE_test=0.0112
10:07:26 [INFO]     Época 10/50 | Loss=0.025031
10:07:31 [INFO]     Época 20/50 | Loss=0.020289
10:07:37 [INFO]     Época 30/50 | Loss=0.017717
10:07:43 [INFO]     Época 40/50 | Loss=0.016562
10:07:49 [INFO]     Época 50/50 | Loss=0.014834
10:07:49 [INFO]   [601/960] CNN_w6_c16_k2_actleaky_relu_d0.1_dense16_e50_lr0.001_b8  RMSE_test=0.0141  MAE_test=0.0100
10:07:52 [INFO]     Época 10/50 | Loss=0.025141
10:07:55 [INFO]     Época 20/50 | Loss=0.022341
10:07:58 [INFO]     Época 30/50 | Loss=0.020251
10:08:01 [INFO]     Época 40/50 | Loss=0.017877
10:08:05 [INFO]     Época 50/50 | Loss=0.016567
10:08:05 [INFO]   [602/960] CNN_w6_c16_k2_actleaky_relu_d0.1_dense16_e50_lr0.001_b16  RMSE_test=0.0146  MAE_test=0.0110
10:08:10 [INFO]     Época 10/50 | Loss=0.025278
10:08:16 [INFO]     Época 20/50 | Loss=0.022411
10:08:22 [INFO]     Época 30/50 | Loss=0.020037
10:08:28 [INFO]     Época 40/50 | Loss=0.018107
10:08:34 [INFO]     Época 50/50 | Loss=0.015629
10:08:34 [INFO]   [603/960] CNN_w6_c16_k2_actleaky_relu_d0.1_dense16_e50_lr0.0005_b8  RMSE_test=0.0143  MAE_test=0.0102
10:08:37 [INFO]     Época 10/50 | Loss=0.026750
10:08:40 [INFO]     Época 20/50 | Loss=0.023255
10:08:43 [INFO]     Época 30/50 | Loss=0.022287
10:08:46 [INFO]     Época 40/50 | Loss=0.020301
10:08:49 [INFO]     Época 50/50 | Loss=0.019526
10:08:49 [INFO]   [604/960] CNN_w6_c16_k2_actleaky_relu_d0.1_dense16_e50_lr0.0005_b16  RMSE_test=0.0164  MAE_test=0.0127
10:08:55 [INFO]     Época 10/50 | Loss=0.017489
10:09:01 [INFO]     Época 20/50 | Loss=0.014896
10:09:07 [INFO]     Época 30/50 | Loss=0.012639
10:09:13 [INFO]     Época 40/50 | Loss=0.011534
10:09:19 [INFO]     Época 50/50 | Loss=0.012142
10:09:19 [INFO]   [605/960] CNN_w6_c16_k2_actleaky_relu_d0.1_dense32_e50_lr0.001_b8  RMSE_test=0.0153  MAE_test=0.0119
10:09:22 [INFO]     Época 10/50 | Loss=0.017413
10:09:25 [INFO]     Época 20/50 | Loss=0.014849
10:09:28 [INFO]     Época 30/50 | Loss=0.013939
10:09:31 [INFO]     Época 40/50 | Loss=0.012637
10:09:34 [INFO]     Época 50/50 | Loss=0.011873
10:09:34 [INFO]   [606/960] CNN_w6_c16_k2_actleaky_relu_d0.1_dense32_e50_lr0.001_b16  RMSE_test=0.0146  MAE_test=0.0110
10:09:40 [INFO]     Época 10/50 | Loss=0.017901
10:09:46 [INFO]     Época 20/50 | Loss=0.015382
10:09:52 [INFO]     Época 30/50 | Loss=0.013371
10:09:58 [INFO]     Época 40/50 | Loss=0.012467
10:10:04 [INFO]     Época 50/50 | Loss=0.012574
10:10:04 [INFO]   [607/960] CNN_w6_c16_k2_actleaky_relu_d0.1_dense32_e50_lr0.0005_b8  RMSE_test=0.0158  MAE_test=0.0120
10:10:07 [INFO]     Época 10/50 | Loss=0.019080
10:10:10 [INFO]     Época 20/50 | Loss=0.015549
10:10:13 [INFO]     Época 30/50 | Loss=0.014681
10:10:16 [INFO]     Época 40/50 | Loss=0.014217
10:10:19 [INFO]     Época 50/50 | Loss=0.013700
10:10:19 [INFO]   [608/960] CNN_w6_c16_k2_actleaky_relu_d0.1_dense32_e50_lr0.0005_b16  RMSE_test=0.0158  MAE_test=0.0121
10:10:24 [INFO]     Época 10/50 | Loss=0.003159
10:10:30 [INFO]     Época 20/50 | Loss=0.002591
10:10:35 [INFO]     Época 30/50 | Loss=0.002309
10:10:41 [INFO]     Época 40/50 | Loss=0.002256
10:10:46 [INFO]     Época 50/50 | Loss=0.002215
10:10:46 [INFO]   [609/960] CNN_w6_c16_k3_actrelu_d0.0_dense16_e50_lr0.001_b8  RMSE_test=0.0110  MAE_test=0.0078
10:10:49 [INFO]     Época 10/50 | Loss=0.003098
10:10:52 [INFO]     Época 20/50 | Loss=0.002628
10:10:55 [INFO]     Época 30/50 | Loss=0.002333
10:10:58 [INFO]     Época 40/50 | Loss=0.002288
10:11:00 [INFO]     Época 50/50 | Loss=0.002334
10:11:00 [INFO]   [610/960] CNN_w6_c16_k3_actrelu_d0.0_dense16_e50_lr0.001_b16  RMSE_test=0.0114  MAE_test=0.0080
10:11:06 [INFO]     Época 10/50 | Loss=0.003212
10:11:11 [INFO]     Época 20/50 | Loss=0.002572
10:11:17 [INFO]     Época 30/50 | Loss=0.002262
10:11:22 [INFO]     Época 40/50 | Loss=0.002253
10:11:28 [INFO]     Época 50/50 | Loss=0.002189
10:11:28 [INFO]   [611/960] CNN_w6_c16_k3_actrelu_d0.0_dense16_e50_lr0.0005_b8  RMSE_test=0.0114  MAE_test=0.0083
10:11:30 [INFO]     Época 10/50 | Loss=0.003404
10:11:33 [INFO]     Época 20/50 | Loss=0.002655
10:11:36 [INFO]     Época 30/50 | Loss=0.002319
10:11:39 [INFO]     Época 40/50 | Loss=0.002213
10:11:42 [INFO]     Época 50/50 | Loss=0.002237
10:11:42 [INFO]   [612/960] CNN_w6_c16_k3_actrelu_d0.0_dense16_e50_lr0.0005_b16  RMSE_test=0.0118  MAE_test=0.0085
10:11:47 [INFO]     Época 10/50 | Loss=0.003169
10:11:53 [INFO]     Época 20/50 | Loss=0.002593
10:11:58 [INFO]     Época 30/50 | Loss=0.002297
10:12:04 [INFO]     Época 40/50 | Loss=0.002250
10:12:09 [INFO]     Época 50/50 | Loss=0.002164
10:12:09 [INFO]   [613/960] CNN_w6_c16_k3_actrelu_d0.0_dense32_e50_lr0.001_b8  RMSE_test=0.0110  MAE_test=0.0077
10:12:12 [INFO]     Época 10/50 | Loss=0.003231
10:12:15 [INFO]     Época 20/50 | Loss=0.002550
10:12:17 [INFO]     Época 30/50 | Loss=0.002340
10:12:20 [INFO]     Época 40/50 | Loss=0.002278
10:12:23 [INFO]     Época 50/50 | Loss=0.002359
10:12:23 [INFO]   [614/960] CNN_w6_c16_k3_actrelu_d0.0_dense32_e50_lr0.001_b16  RMSE_test=0.0115  MAE_test=0.0079
10:12:29 [INFO]     Época 10/50 | Loss=0.003224
10:12:34 [INFO]     Época 20/50 | Loss=0.002559
10:12:39 [INFO]     Época 30/50 | Loss=0.002272
10:12:45 [INFO]     Época 40/50 | Loss=0.002204
10:12:50 [INFO]     Época 50/50 | Loss=0.002152
10:12:50 [INFO]   [615/960] CNN_w6_c16_k3_actrelu_d0.0_dense32_e50_lr0.0005_b8  RMSE_test=0.0116  MAE_test=0.0083
10:12:53 [INFO]     Época 10/50 | Loss=0.003366
10:12:56 [INFO]     Época 20/50 | Loss=0.002786
10:12:59 [INFO]     Época 30/50 | Loss=0.002317
10:13:02 [INFO]     Época 40/50 | Loss=0.002232
10:13:04 [INFO]     Época 50/50 | Loss=0.002276
10:13:04 [INFO]   [616/960] CNN_w6_c16_k3_actrelu_d0.0_dense32_e50_lr0.0005_b16  RMSE_test=0.0118  MAE_test=0.0086
10:13:10 [INFO]     Época 10/50 | Loss=0.003204
10:13:15 [INFO]     Época 20/50 | Loss=0.002604
10:13:21 [INFO]     Época 30/50 | Loss=0.002329
10:13:26 [INFO]     Época 40/50 | Loss=0.002268
10:13:32 [INFO]     Época 50/50 | Loss=0.002185
10:13:32 [INFO]   [617/960] CNN_w6_c16_k3_actleaky_relu_d0.0_dense16_e50_lr0.001_b8  RMSE_test=0.0116  MAE_test=0.0082
10:13:34 [INFO]     Época 10/50 | Loss=0.003197
10:13:37 [INFO]     Época 20/50 | Loss=0.002570
10:13:40 [INFO]     Época 30/50 | Loss=0.002349
10:13:43 [INFO]     Época 40/50 | Loss=0.002292
10:13:46 [INFO]     Época 50/50 | Loss=0.002361
10:13:46 [INFO]   [618/960] CNN_w6_c16_k3_actleaky_relu_d0.0_dense16_e50_lr0.001_b16  RMSE_test=0.0113  MAE_test=0.0080
10:13:51 [INFO]     Época 10/50 | Loss=0.003311
10:13:57 [INFO]     Época 20/50 | Loss=0.002510
10:14:02 [INFO]     Época 30/50 | Loss=0.002274
10:14:07 [INFO]     Época 40/50 | Loss=0.002218
10:14:13 [INFO]     Época 50/50 | Loss=0.002201
10:14:13 [INFO]   [619/960] CNN_w6_c16_k3_actleaky_relu_d0.0_dense16_e50_lr0.0005_b8  RMSE_test=0.0111  MAE_test=0.0080
10:14:16 [INFO]     Época 10/50 | Loss=0.003538
10:14:18 [INFO]     Época 20/50 | Loss=0.002696
10:14:21 [INFO]     Época 30/50 | Loss=0.002307
10:14:24 [INFO]     Época 40/50 | Loss=0.002217
10:14:27 [INFO]     Época 50/50 | Loss=0.002209
10:14:27 [INFO]   [620/960] CNN_w6_c16_k3_actleaky_relu_d0.0_dense16_e50_lr0.0005_b16  RMSE_test=0.0116  MAE_test=0.0083
10:14:32 [INFO]     Época 10/50 | Loss=0.003115
10:14:38 [INFO]     Época 20/50 | Loss=0.002559
10:14:43 [INFO]     Época 30/50 | Loss=0.002283
10:14:49 [INFO]     Época 40/50 | Loss=0.002223
10:14:54 [INFO]     Época 50/50 | Loss=0.002172
10:14:54 [INFO]   [621/960] CNN_w6_c16_k3_actleaky_relu_d0.0_dense32_e50_lr0.001_b8  RMSE_test=0.0112  MAE_test=0.0078
10:14:57 [INFO]     Época 10/50 | Loss=0.003260
10:15:00 [INFO]     Época 20/50 | Loss=0.002495
10:15:02 [INFO]     Época 30/50 | Loss=0.002320
10:15:05 [INFO]     Época 40/50 | Loss=0.002295
10:15:08 [INFO]     Época 50/50 | Loss=0.002377
10:15:08 [INFO]   [622/960] CNN_w6_c16_k3_actleaky_relu_d0.0_dense32_e50_lr0.001_b16  RMSE_test=0.0115  MAE_test=0.0081
10:15:13 [INFO]     Época 10/50 | Loss=0.003203
10:15:19 [INFO]     Época 20/50 | Loss=0.002562
10:15:24 [INFO]     Época 30/50 | Loss=0.002264
10:15:30 [INFO]     Época 40/50 | Loss=0.002220
10:15:35 [INFO]     Época 50/50 | Loss=0.002175
10:15:35 [INFO]   [623/960] CNN_w6_c16_k3_actleaky_relu_d0.0_dense32_e50_lr0.0005_b8  RMSE_test=0.0115  MAE_test=0.0081
10:15:38 [INFO]     Época 10/50 | Loss=0.003361
10:15:41 [INFO]     Época 20/50 | Loss=0.002805
10:15:44 [INFO]     Época 30/50 | Loss=0.002370
10:15:46 [INFO]     Época 40/50 | Loss=0.002249
10:15:49 [INFO]     Época 50/50 | Loss=0.002252
10:15:49 [INFO]   [624/960] CNN_w6_c16_k3_actleaky_relu_d0.0_dense32_e50_lr0.0005_b16  RMSE_test=0.0119  MAE_test=0.0085
10:15:55 [INFO]     Época 10/50 | Loss=0.025023
10:16:01 [INFO]     Época 20/50 | Loss=0.022034
10:16:07 [INFO]     Época 30/50 | Loss=0.021964
10:16:12 [INFO]     Época 40/50 | Loss=0.021124
10:16:18 [INFO]     Época 50/50 | Loss=0.021292
10:16:18 [INFO]   [625/960] CNN_w6_c16_k3_actrelu_d0.1_dense16_e50_lr0.001_b8  RMSE_test=0.0144  MAE_test=0.0106
10:16:21 [INFO]     Época 10/50 | Loss=0.023763
10:16:24 [INFO]     Época 20/50 | Loss=0.023962
10:16:27 [INFO]     Época 30/50 | Loss=0.022753
10:16:30 [INFO]     Época 40/50 | Loss=0.021790
10:16:33 [INFO]     Época 50/50 | Loss=0.021803
10:16:33 [INFO]   [626/960] CNN_w6_c16_k3_actrelu_d0.1_dense16_e50_lr0.001_b16  RMSE_test=0.0169  MAE_test=0.0130
10:16:39 [INFO]     Época 10/50 | Loss=0.024897
10:16:45 [INFO]     Época 20/50 | Loss=0.022044
10:16:51 [INFO]     Época 30/50 | Loss=0.021391
10:16:57 [INFO]     Época 40/50 | Loss=0.020568
10:17:03 [INFO]     Época 50/50 | Loss=0.020640
10:17:03 [INFO]   [627/960] CNN_w6_c16_k3_actrelu_d0.1_dense16_e50_lr0.0005_b8  RMSE_test=0.0151  MAE_test=0.0112
10:17:06 [INFO]     Época 10/50 | Loss=0.023847
10:17:09 [INFO]     Época 20/50 | Loss=0.023276
10:17:12 [INFO]     Época 30/50 | Loss=0.022114
10:17:15 [INFO]     Época 40/50 | Loss=0.020773
10:17:18 [INFO]     Época 50/50 | Loss=0.020606
10:17:18 [INFO]   [628/960] CNN_w6_c16_k3_actrelu_d0.1_dense16_e50_lr0.0005_b16  RMSE_test=0.0171  MAE_test=0.0133
10:17:23 [INFO]     Época 10/50 | Loss=0.018103
10:17:29 [INFO]     Época 20/50 | Loss=0.016236
10:17:35 [INFO]     Época 30/50 | Loss=0.014686
10:17:41 [INFO]     Época 40/50 | Loss=0.014501
10:17:47 [INFO]     Época 50/50 | Loss=0.014443
10:17:47 [INFO]   [629/960] CNN_w6_c16_k3_actrelu_d0.1_dense32_e50_lr0.001_b8  RMSE_test=0.0144  MAE_test=0.0106
10:17:50 [INFO]     Época 10/50 | Loss=0.017087
10:17:53 [INFO]     Época 20/50 | Loss=0.015421
10:17:56 [INFO]     Época 30/50 | Loss=0.014377
10:17:59 [INFO]     Época 40/50 | Loss=0.013652
10:18:02 [INFO]     Época 50/50 | Loss=0.013906
10:18:02 [INFO]   [630/960] CNN_w6_c16_k3_actrelu_d0.1_dense32_e50_lr0.001_b16  RMSE_test=0.0166  MAE_test=0.0125
10:18:07 [INFO]     Época 10/50 | Loss=0.018477
10:18:13 [INFO]     Época 20/50 | Loss=0.015895
10:18:19 [INFO]     Época 30/50 | Loss=0.014323
10:18:25 [INFO]     Época 40/50 | Loss=0.013928
10:18:31 [INFO]     Época 50/50 | Loss=0.013627
10:18:31 [INFO]   [631/960] CNN_w6_c16_k3_actrelu_d0.1_dense32_e50_lr0.0005_b8  RMSE_test=0.0136  MAE_test=0.0103
10:18:34 [INFO]     Época 10/50 | Loss=0.018389
10:18:37 [INFO]     Época 20/50 | Loss=0.015956
10:18:40 [INFO]     Época 30/50 | Loss=0.014108
10:18:43 [INFO]     Época 40/50 | Loss=0.013745
10:18:46 [INFO]     Época 50/50 | Loss=0.013549
10:18:46 [INFO]   [632/960] CNN_w6_c16_k3_actrelu_d0.1_dense32_e50_lr0.0005_b16  RMSE_test=0.0137  MAE_test=0.0100
10:18:52 [INFO]     Época 10/50 | Loss=0.024133
10:18:57 [INFO]     Época 20/50 | Loss=0.018973
10:19:03 [INFO]     Época 30/50 | Loss=0.017383
10:19:09 [INFO]     Época 40/50 | Loss=0.015695
10:19:15 [INFO]     Época 50/50 | Loss=0.014839
10:19:15 [INFO]   [633/960] CNN_w6_c16_k3_actleaky_relu_d0.1_dense16_e50_lr0.001_b8  RMSE_test=0.0140  MAE_test=0.0106
10:19:18 [INFO]     Época 10/50 | Loss=0.022844
10:19:21 [INFO]     Época 20/50 | Loss=0.021557
10:19:24 [INFO]     Época 30/50 | Loss=0.018828
10:19:27 [INFO]     Época 40/50 | Loss=0.016637
10:19:30 [INFO]     Época 50/50 | Loss=0.016291
10:19:30 [INFO]   [634/960] CNN_w6_c16_k3_actleaky_relu_d0.1_dense16_e50_lr0.001_b16  RMSE_test=0.0144  MAE_test=0.0106
10:19:36 [INFO]     Época 10/50 | Loss=0.024389
10:19:42 [INFO]     Época 20/50 | Loss=0.020688
10:19:47 [INFO]     Época 30/50 | Loss=0.018694
10:19:53 [INFO]     Época 40/50 | Loss=0.016437
10:19:59 [INFO]     Época 50/50 | Loss=0.015424
10:19:59 [INFO]   [635/960] CNN_w6_c16_k3_actleaky_relu_d0.1_dense16_e50_lr0.0005_b8  RMSE_test=0.0134  MAE_test=0.0097
10:20:02 [INFO]     Época 10/50 | Loss=0.023623
10:20:05 [INFO]     Época 20/50 | Loss=0.022601
10:20:08 [INFO]     Época 30/50 | Loss=0.020950
10:20:11 [INFO]     Época 40/50 | Loss=0.018683
10:20:14 [INFO]     Época 50/50 | Loss=0.017449
10:20:14 [INFO]   [636/960] CNN_w6_c16_k3_actleaky_relu_d0.1_dense16_e50_lr0.0005_b16  RMSE_test=0.0156  MAE_test=0.0120
10:20:20 [INFO]     Época 10/50 | Loss=0.017103
10:20:26 [INFO]     Época 20/50 | Loss=0.014464
10:20:32 [INFO]     Época 30/50 | Loss=0.011786
10:20:37 [INFO]     Época 40/50 | Loss=0.011312
10:20:43 [INFO]     Época 50/50 | Loss=0.011508
10:20:43 [INFO]   [637/960] CNN_w6_c16_k3_actleaky_relu_d0.1_dense32_e50_lr0.001_b8  RMSE_test=0.0141  MAE_test=0.0103
10:20:46 [INFO]     Época 10/50 | Loss=0.016718
10:20:49 [INFO]     Época 20/50 | Loss=0.014472
10:20:52 [INFO]     Época 30/50 | Loss=0.012330
10:20:55 [INFO]     Época 40/50 | Loss=0.011648
10:20:58 [INFO]     Época 50/50 | Loss=0.011100
10:20:58 [INFO]   [638/960] CNN_w6_c16_k3_actleaky_relu_d0.1_dense32_e50_lr0.001_b16  RMSE_test=0.0150  MAE_test=0.0111
10:21:04 [INFO]     Época 10/50 | Loss=0.017916
10:21:10 [INFO]     Época 20/50 | Loss=0.014672
10:21:16 [INFO]     Época 30/50 | Loss=0.012327
10:21:21 [INFO]     Época 40/50 | Loss=0.011143
10:21:27 [INFO]     Época 50/50 | Loss=0.010908
10:21:27 [INFO]   [639/960] CNN_w6_c16_k3_actleaky_relu_d0.1_dense32_e50_lr0.0005_b8  RMSE_test=0.0135  MAE_test=0.0099
10:21:30 [INFO]     Época 10/50 | Loss=0.017325
10:21:33 [INFO]     Época 20/50 | Loss=0.015590
10:21:36 [INFO]     Época 30/50 | Loss=0.013108
10:21:39 [INFO]     Época 40/50 | Loss=0.012570
10:21:42 [INFO]     Época 50/50 | Loss=0.012089
10:21:42 [INFO]   [640/960] CNN_w6_c16_k3_actleaky_relu_d0.1_dense32_e50_lr0.0005_b16  RMSE_test=0.0135  MAE_test=0.0100
10:21:48 [INFO]     Época 10/50 | Loss=0.003244
10:21:53 [INFO]     Época 20/50 | Loss=0.002492
10:21:59 [INFO]     Época 30/50 | Loss=0.002269
10:22:05 [INFO]     Época 40/50 | Loss=0.002224
10:22:10 [INFO]     Época 50/50 | Loss=0.002150
10:22:10 [INFO]   [641/960] CNN_w6_c32_k2_actrelu_d0.0_dense16_e50_lr0.001_b8  RMSE_test=0.0109  MAE_test=0.0077
10:22:13 [INFO]     Época 10/50 | Loss=0.003196
10:22:16 [INFO]     Época 20/50 | Loss=0.002523
10:22:19 [INFO]     Época 30/50 | Loss=0.002329
10:22:22 [INFO]     Época 40/50 | Loss=0.002205
10:22:25 [INFO]     Época 50/50 | Loss=0.002228
10:22:25 [INFO]   [642/960] CNN_w6_c32_k2_actrelu_d0.0_dense16_e50_lr0.001_b16  RMSE_test=0.0115  MAE_test=0.0082
10:22:30 [INFO]     Época 10/50 | Loss=0.003202
10:22:36 [INFO]     Época 20/50 | Loss=0.002517
10:22:41 [INFO]     Época 30/50 | Loss=0.002253
10:22:47 [INFO]     Época 40/50 | Loss=0.002147
10:22:53 [INFO]     Época 50/50 | Loss=0.002135
10:22:53 [INFO]   [643/960] CNN_w6_c32_k2_actrelu_d0.0_dense16_e50_lr0.0005_b8  RMSE_test=0.0116  MAE_test=0.0082
10:22:56 [INFO]     Época 10/50 | Loss=0.003310
10:22:58 [INFO]     Época 20/50 | Loss=0.002720
10:23:01 [INFO]     Época 30/50 | Loss=0.002368
10:23:04 [INFO]     Época 40/50 | Loss=0.002214
10:23:07 [INFO]     Época 50/50 | Loss=0.002209
10:23:07 [INFO]   [644/960] CNN_w6_c32_k2_actrelu_d0.0_dense16_e50_lr0.0005_b16  RMSE_test=0.0117  MAE_test=0.0083
10:23:13 [INFO]     Época 10/50 | Loss=0.003261
10:23:18 [INFO]     Época 20/50 | Loss=0.002433
10:23:24 [INFO]     Época 30/50 | Loss=0.002234
10:23:29 [INFO]     Época 40/50 | Loss=0.002207
10:23:35 [INFO]     Época 50/50 | Loss=0.002140
10:23:35 [INFO]   [645/960] CNN_w6_c32_k2_actrelu_d0.0_dense32_e50_lr0.001_b8  RMSE_test=0.0111  MAE_test=0.0078
10:23:38 [INFO]     Época 10/50 | Loss=0.003241
10:23:41 [INFO]     Época 20/50 | Loss=0.002473
10:23:44 [INFO]     Época 30/50 | Loss=0.002376
10:23:47 [INFO]     Época 40/50 | Loss=0.002236
10:23:50 [INFO]     Época 50/50 | Loss=0.002245
10:23:50 [INFO]   [646/960] CNN_w6_c32_k2_actrelu_d0.0_dense32_e50_lr0.001_b16  RMSE_test=0.0118  MAE_test=0.0085
10:23:55 [INFO]     Época 10/50 | Loss=0.003259
10:24:01 [INFO]     Época 20/50 | Loss=0.002455
10:24:06 [INFO]     Época 30/50 | Loss=0.002220
10:24:12 [INFO]     Época 40/50 | Loss=0.002166
10:24:17 [INFO]     Época 50/50 | Loss=0.002112
10:24:17 [INFO]   [647/960] CNN_w6_c32_k2_actrelu_d0.0_dense32_e50_lr0.0005_b8  RMSE_test=0.0116  MAE_test=0.0082
10:24:20 [INFO]     Época 10/50 | Loss=0.003213
10:24:23 [INFO]     Época 20/50 | Loss=0.002573
10:24:26 [INFO]     Época 30/50 | Loss=0.002339
10:24:29 [INFO]     Época 40/50 | Loss=0.002196
10:24:32 [INFO]     Época 50/50 | Loss=0.002178
10:24:32 [INFO]   [648/960] CNN_w6_c32_k2_actrelu_d0.0_dense32_e50_lr0.0005_b16  RMSE_test=0.0123  MAE_test=0.0087
10:24:37 [INFO]     Época 10/50 | Loss=0.003134
10:24:43 [INFO]     Época 20/50 | Loss=0.002491
10:24:49 [INFO]     Época 30/50 | Loss=0.002241
10:24:54 [INFO]     Época 40/50 | Loss=0.002217
10:25:00 [INFO]     Época 50/50 | Loss=0.002184
10:25:00 [INFO]   [649/960] CNN_w6_c32_k2_actleaky_relu_d0.0_dense16_e50_lr0.001_b8  RMSE_test=0.0110  MAE_test=0.0078
10:25:03 [INFO]     Época 10/50 | Loss=0.003244
10:25:05 [INFO]     Época 20/50 | Loss=0.002488
10:25:08 [INFO]     Época 30/50 | Loss=0.002358
10:25:11 [INFO]     Época 40/50 | Loss=0.002226
10:25:14 [INFO]     Época 50/50 | Loss=0.002243
10:25:14 [INFO]   [650/960] CNN_w6_c32_k2_actleaky_relu_d0.0_dense16_e50_lr0.001_b16  RMSE_test=0.0117  MAE_test=0.0084
10:25:20 [INFO]     Época 10/50 | Loss=0.003151
10:25:25 [INFO]     Época 20/50 | Loss=0.002482
10:25:31 [INFO]     Época 30/50 | Loss=0.002209
10:25:36 [INFO]     Época 40/50 | Loss=0.002140
10:25:42 [INFO]     Época 50/50 | Loss=0.002125
10:25:42 [INFO]   [651/960] CNN_w6_c32_k2_actleaky_relu_d0.0_dense16_e50_lr0.0005_b8  RMSE_test=0.0117  MAE_test=0.0083
10:25:45 [INFO]     Época 10/50 | Loss=0.003255
10:25:48 [INFO]     Época 20/50 | Loss=0.002606
10:25:51 [INFO]     Época 30/50 | Loss=0.002356
10:25:53 [INFO]     Época 40/50 | Loss=0.002154
10:25:56 [INFO]     Época 50/50 | Loss=0.002197
10:25:56 [INFO]   [652/960] CNN_w6_c32_k2_actleaky_relu_d0.0_dense16_e50_lr0.0005_b16  RMSE_test=0.0119  MAE_test=0.0085
10:26:02 [INFO]     Época 10/50 | Loss=0.003103
10:26:07 [INFO]     Época 20/50 | Loss=0.002439
10:26:13 [INFO]     Época 30/50 | Loss=0.002194
10:26:19 [INFO]     Época 40/50 | Loss=0.002219
10:26:24 [INFO]     Época 50/50 | Loss=0.002145
10:26:24 [INFO]   [653/960] CNN_w6_c32_k2_actleaky_relu_d0.0_dense32_e50_lr0.001_b8  RMSE_test=0.0111  MAE_test=0.0078
10:26:27 [INFO]     Época 10/50 | Loss=0.003220
10:26:30 [INFO]     Época 20/50 | Loss=0.002486
10:26:33 [INFO]     Época 30/50 | Loss=0.002342
10:26:36 [INFO]     Época 40/50 | Loss=0.002241
10:26:38 [INFO]     Época 50/50 | Loss=0.002273
10:26:38 [INFO]   [654/960] CNN_w6_c32_k2_actleaky_relu_d0.0_dense32_e50_lr0.001_b16  RMSE_test=0.0119  MAE_test=0.0087
10:26:44 [INFO]     Época 10/50 | Loss=0.003293
10:26:50 [INFO]     Época 20/50 | Loss=0.002484
10:26:55 [INFO]     Época 30/50 | Loss=0.002241
10:27:01 [INFO]     Época 40/50 | Loss=0.002153
10:27:06 [INFO]     Época 50/50 | Loss=0.002123
10:27:06 [INFO]   [655/960] CNN_w6_c32_k2_actleaky_relu_d0.0_dense32_e50_lr0.0005_b8  RMSE_test=0.0118  MAE_test=0.0084
10:27:09 [INFO]     Época 10/50 | Loss=0.003219
10:27:12 [INFO]     Época 20/50 | Loss=0.002555
10:27:15 [INFO]     Época 30/50 | Loss=0.002379
10:27:18 [INFO]     Época 40/50 | Loss=0.002186
10:27:21 [INFO]     Época 50/50 | Loss=0.002190
10:27:21 [INFO]   [656/960] CNN_w6_c32_k2_actleaky_relu_d0.0_dense32_e50_lr0.0005_b16  RMSE_test=0.0130  MAE_test=0.0092
10:27:27 [INFO]     Época 10/50 | Loss=0.025983
10:27:32 [INFO]     Época 20/50 | Loss=0.025264
10:27:38 [INFO]     Época 30/50 | Loss=0.024454
10:27:44 [INFO]     Época 40/50 | Loss=0.023712
10:27:50 [INFO]     Época 50/50 | Loss=0.023163
10:27:50 [INFO]   [657/960] CNN_w6_c32_k2_actrelu_d0.1_dense16_e50_lr0.001_b8  RMSE_test=0.0150  MAE_test=0.0114
10:27:53 [INFO]     Época 10/50 | Loss=0.024415
10:27:57 [INFO]     Época 20/50 | Loss=0.024549
10:28:00 [INFO]     Época 30/50 | Loss=0.021743
10:28:03 [INFO]     Época 40/50 | Loss=0.021833
10:28:06 [INFO]     Época 50/50 | Loss=0.022140
10:28:06 [INFO]   [658/960] CNN_w6_c32_k2_actrelu_d0.1_dense16_e50_lr0.001_b16  RMSE_test=0.0146  MAE_test=0.0111
10:28:12 [INFO]     Época 10/50 | Loss=0.023863
10:28:18 [INFO]     Época 20/50 | Loss=0.021786
10:28:24 [INFO]     Época 30/50 | Loss=0.021181
10:28:30 [INFO]     Época 40/50 | Loss=0.020145
10:28:35 [INFO]     Época 50/50 | Loss=0.020387
10:28:35 [INFO]   [659/960] CNN_w6_c32_k2_actrelu_d0.1_dense16_e50_lr0.0005_b8  RMSE_test=0.0171  MAE_test=0.0131
10:28:39 [INFO]     Época 10/50 | Loss=0.025414
10:28:42 [INFO]     Época 20/50 | Loss=0.024685
10:28:45 [INFO]     Época 30/50 | Loss=0.021886
10:28:48 [INFO]     Época 40/50 | Loss=0.021663
10:28:51 [INFO]     Época 50/50 | Loss=0.021936
10:28:51 [INFO]   [660/960] CNN_w6_c32_k2_actrelu_d0.1_dense16_e50_lr0.0005_b16  RMSE_test=0.0142  MAE_test=0.0107
10:28:57 [INFO]     Época 10/50 | Loss=0.016866
10:29:03 [INFO]     Época 20/50 | Loss=0.017150
10:29:09 [INFO]     Época 30/50 | Loss=0.014308
10:29:15 [INFO]     Época 40/50 | Loss=0.014579
10:29:21 [INFO]     Época 50/50 | Loss=0.013954
10:29:21 [INFO]   [661/960] CNN_w6_c32_k2_actrelu_d0.1_dense32_e50_lr0.001_b8  RMSE_test=0.0154  MAE_test=0.0122
10:29:24 [INFO]     Época 10/50 | Loss=0.015945
10:29:27 [INFO]     Época 20/50 | Loss=0.014916
10:29:30 [INFO]     Época 30/50 | Loss=0.014329
10:29:33 [INFO]     Época 40/50 | Loss=0.013401
10:29:36 [INFO]     Época 50/50 | Loss=0.013139
10:29:36 [INFO]   [662/960] CNN_w6_c32_k2_actrelu_d0.1_dense32_e50_lr0.001_b16  RMSE_test=0.0142  MAE_test=0.0105
10:29:42 [INFO]     Época 10/50 | Loss=0.016181
10:29:48 [INFO]     Época 20/50 | Loss=0.015946
10:29:54 [INFO]     Época 30/50 | Loss=0.013643
10:30:00 [INFO]     Época 40/50 | Loss=0.013243
10:30:06 [INFO]     Época 50/50 | Loss=0.012864
10:30:06 [INFO]   [663/960] CNN_w6_c32_k2_actrelu_d0.1_dense32_e50_lr0.0005_b8  RMSE_test=0.0148  MAE_test=0.0113
10:30:09 [INFO]     Época 10/50 | Loss=0.016662
10:30:12 [INFO]     Época 20/50 | Loss=0.015092
10:30:15 [INFO]     Época 30/50 | Loss=0.014192
10:30:18 [INFO]     Época 40/50 | Loss=0.013580
10:30:21 [INFO]     Época 50/50 | Loss=0.013354
10:30:21 [INFO]   [664/960] CNN_w6_c32_k2_actrelu_d0.1_dense32_e50_lr0.0005_b16  RMSE_test=0.0153  MAE_test=0.0119
10:30:27 [INFO]     Época 10/50 | Loss=0.022557
10:30:33 [INFO]     Época 20/50 | Loss=0.019399
10:30:39 [INFO]     Época 30/50 | Loss=0.016891
10:30:45 [INFO]     Época 40/50 | Loss=0.014483
10:30:51 [INFO]     Época 50/50 | Loss=0.013655
10:30:51 [INFO]   [665/960] CNN_w6_c32_k2_actleaky_relu_d0.1_dense16_e50_lr0.001_b8  RMSE_test=0.0145  MAE_test=0.0104
10:30:54 [INFO]     Época 10/50 | Loss=0.021927
10:30:57 [INFO]     Época 20/50 | Loss=0.021854
10:31:00 [INFO]     Época 30/50 | Loss=0.018412
10:31:03 [INFO]     Época 40/50 | Loss=0.016571
10:31:06 [INFO]     Época 50/50 | Loss=0.015393
10:31:06 [INFO]   [666/960] CNN_w6_c32_k2_actleaky_relu_d0.1_dense16_e50_lr0.001_b16  RMSE_test=0.0163  MAE_test=0.0124
10:31:12 [INFO]     Época 10/50 | Loss=0.022412
10:31:18 [INFO]     Época 20/50 | Loss=0.019735
10:31:24 [INFO]     Época 30/50 | Loss=0.018427
10:31:30 [INFO]     Época 40/50 | Loss=0.016223
10:31:36 [INFO]     Época 50/50 | Loss=0.015012
10:31:36 [INFO]   [667/960] CNN_w6_c32_k2_actleaky_relu_d0.1_dense16_e50_lr0.0005_b8  RMSE_test=0.0145  MAE_test=0.0107
10:31:39 [INFO]     Época 10/50 | Loss=0.022606
10:31:42 [INFO]     Época 20/50 | Loss=0.022053
10:31:45 [INFO]     Época 30/50 | Loss=0.019497
10:31:48 [INFO]     Época 40/50 | Loss=0.018260
10:31:51 [INFO]     Época 50/50 | Loss=0.017842
10:31:51 [INFO]   [668/960] CNN_w6_c32_k2_actleaky_relu_d0.1_dense16_e50_lr0.0005_b16  RMSE_test=0.0144  MAE_test=0.0107
10:31:57 [INFO]     Época 10/50 | Loss=0.015415
10:32:03 [INFO]     Época 20/50 | Loss=0.014365
10:32:09 [INFO]     Época 30/50 | Loss=0.011525
10:32:15 [INFO]     Época 40/50 | Loss=0.010701
10:32:21 [INFO]     Época 50/50 | Loss=0.009945
10:32:21 [INFO]   [669/960] CNN_w6_c32_k2_actleaky_relu_d0.1_dense32_e50_lr0.001_b8  RMSE_test=0.0132  MAE_test=0.0097
10:32:24 [INFO]     Época 10/50 | Loss=0.015292
10:32:27 [INFO]     Época 20/50 | Loss=0.013900
10:32:30 [INFO]     Época 30/50 | Loss=0.012821
10:32:33 [INFO]     Época 40/50 | Loss=0.011383
10:32:36 [INFO]     Época 50/50 | Loss=0.010428
10:32:36 [INFO]   [670/960] CNN_w6_c32_k2_actleaky_relu_d0.1_dense32_e50_lr0.001_b16  RMSE_test=0.0154  MAE_test=0.0115
10:32:42 [INFO]     Época 10/50 | Loss=0.015173
10:32:48 [INFO]     Época 20/50 | Loss=0.014645
10:32:54 [INFO]     Época 30/50 | Loss=0.012104
10:33:00 [INFO]     Época 40/50 | Loss=0.011239
10:33:06 [INFO]     Época 50/50 | Loss=0.010301
10:33:06 [INFO]   [671/960] CNN_w6_c32_k2_actleaky_relu_d0.1_dense32_e50_lr0.0005_b8  RMSE_test=0.0156  MAE_test=0.0115
10:33:09 [INFO]     Época 10/50 | Loss=0.015993
10:33:12 [INFO]     Época 20/50 | Loss=0.014216
10:33:15 [INFO]     Época 30/50 | Loss=0.013215
10:33:18 [INFO]     Época 40/50 | Loss=0.011902
10:33:21 [INFO]     Época 50/50 | Loss=0.011679
10:33:21 [INFO]   [672/960] CNN_w6_c32_k2_actleaky_relu_d0.1_dense32_e50_lr0.0005_b16  RMSE_test=0.0150  MAE_test=0.0114
10:33:27 [INFO]     Época 10/50 | Loss=0.003321
10:33:32 [INFO]     Época 20/50 | Loss=0.002563
10:33:38 [INFO]     Época 30/50 | Loss=0.002277
10:33:43 [INFO]     Época 40/50 | Loss=0.002253
10:33:49 [INFO]     Época 50/50 | Loss=0.002156
10:33:49 [INFO]   [673/960] CNN_w6_c32_k3_actrelu_d0.0_dense16_e50_lr0.001_b8  RMSE_test=0.0110  MAE_test=0.0078
10:33:51 [INFO]     Época 10/50 | Loss=0.003486
10:33:54 [INFO]     Época 20/50 | Loss=0.002707
10:33:57 [INFO]     Época 30/50 | Loss=0.002395
10:34:00 [INFO]     Época 40/50 | Loss=0.002286
10:34:03 [INFO]     Época 50/50 | Loss=0.002338
10:34:03 [INFO]   [674/960] CNN_w6_c32_k3_actrelu_d0.0_dense16_e50_lr0.001_b16  RMSE_test=0.0110  MAE_test=0.0078
10:34:08 [INFO]     Época 10/50 | Loss=0.003329
10:34:14 [INFO]     Época 20/50 | Loss=0.002589
10:34:19 [INFO]     Época 30/50 | Loss=0.002310
10:34:25 [INFO]     Época 40/50 | Loss=0.002198
10:34:30 [INFO]     Época 50/50 | Loss=0.002173
10:34:30 [INFO]   [675/960] CNN_w6_c32_k3_actrelu_d0.0_dense16_e50_lr0.0005_b8  RMSE_test=0.0113  MAE_test=0.0081
10:34:33 [INFO]     Época 10/50 | Loss=0.003281
10:34:36 [INFO]     Época 20/50 | Loss=0.002773
10:34:39 [INFO]     Época 30/50 | Loss=0.002391
10:34:42 [INFO]     Época 40/50 | Loss=0.002220
10:34:45 [INFO]     Época 50/50 | Loss=0.002220
10:34:45 [INFO]   [676/960] CNN_w6_c32_k3_actrelu_d0.0_dense16_e50_lr0.0005_b16  RMSE_test=0.0116  MAE_test=0.0081
10:34:50 [INFO]     Época 10/50 | Loss=0.003250
10:34:56 [INFO]     Época 20/50 | Loss=0.002590
10:35:01 [INFO]     Época 30/50 | Loss=0.002309
10:35:06 [INFO]     Época 40/50 | Loss=0.002222
10:35:12 [INFO]     Época 50/50 | Loss=0.002164
10:35:12 [INFO]   [677/960] CNN_w6_c32_k3_actrelu_d0.0_dense32_e50_lr0.001_b8  RMSE_test=0.0112  MAE_test=0.0078
10:35:15 [INFO]     Época 10/50 | Loss=0.003376
10:35:18 [INFO]     Época 20/50 | Loss=0.002585
10:35:20 [INFO]     Época 30/50 | Loss=0.002392
10:35:23 [INFO]     Época 40/50 | Loss=0.002280
10:35:26 [INFO]     Época 50/50 | Loss=0.002249
10:35:26 [INFO]   [678/960] CNN_w6_c32_k3_actrelu_d0.0_dense32_e50_lr0.001_b16  RMSE_test=0.0113  MAE_test=0.0081
10:35:32 [INFO]     Época 10/50 | Loss=0.003289
10:35:37 [INFO]     Época 20/50 | Loss=0.002562
10:35:43 [INFO]     Época 30/50 | Loss=0.002265
10:35:48 [INFO]     Época 40/50 | Loss=0.002189
10:35:54 [INFO]     Época 50/50 | Loss=0.002158
10:35:54 [INFO]   [679/960] CNN_w6_c32_k3_actrelu_d0.0_dense32_e50_lr0.0005_b8  RMSE_test=0.0111  MAE_test=0.0079
10:35:56 [INFO]     Época 10/50 | Loss=0.003249
10:35:59 [INFO]     Época 20/50 | Loss=0.002644
10:36:02 [INFO]     Época 30/50 | Loss=0.002359
10:36:05 [INFO]     Época 40/50 | Loss=0.002222
10:36:08 [INFO]     Época 50/50 | Loss=0.002200
10:36:08 [INFO]   [680/960] CNN_w6_c32_k3_actrelu_d0.0_dense32_e50_lr0.0005_b16  RMSE_test=0.0116  MAE_test=0.0082
10:36:13 [INFO]     Época 10/50 | Loss=0.003267
10:36:19 [INFO]     Época 20/50 | Loss=0.002555
10:36:24 [INFO]     Época 30/50 | Loss=0.002263
10:36:30 [INFO]     Época 40/50 | Loss=0.002225
10:36:35 [INFO]     Época 50/50 | Loss=0.002145
10:36:35 [INFO]   [681/960] CNN_w6_c32_k3_actleaky_relu_d0.0_dense16_e50_lr0.001_b8  RMSE_test=0.0112  MAE_test=0.0078
10:36:38 [INFO]     Época 10/50 | Loss=0.003422
10:36:41 [INFO]     Época 20/50 | Loss=0.002702
10:36:44 [INFO]     Época 30/50 | Loss=0.002400
10:36:46 [INFO]     Época 40/50 | Loss=0.002245
10:36:49 [INFO]     Época 50/50 | Loss=0.002257
10:36:49 [INFO]   [682/960] CNN_w6_c32_k3_actleaky_relu_d0.0_dense16_e50_lr0.001_b16  RMSE_test=0.0115  MAE_test=0.0083
10:36:55 [INFO]     Época 10/50 | Loss=0.003311
10:37:00 [INFO]     Época 20/50 | Loss=0.002539
10:37:06 [INFO]     Época 30/50 | Loss=0.002263
10:37:11 [INFO]     Época 40/50 | Loss=0.002183
10:37:17 [INFO]     Época 50/50 | Loss=0.002184
10:37:17 [INFO]   [683/960] CNN_w6_c32_k3_actleaky_relu_d0.0_dense16_e50_lr0.0005_b8  RMSE_test=0.0114  MAE_test=0.0082
10:37:19 [INFO]     Época 10/50 | Loss=0.003323
10:37:22 [INFO]     Época 20/50 | Loss=0.002793
10:37:25 [INFO]     Época 30/50 | Loss=0.002398
10:37:28 [INFO]     Época 40/50 | Loss=0.002247
10:37:31 [INFO]     Época 50/50 | Loss=0.002247
10:37:31 [INFO]   [684/960] CNN_w6_c32_k3_actleaky_relu_d0.0_dense16_e50_lr0.0005_b16  RMSE_test=0.0116  MAE_test=0.0082
10:37:36 [INFO]     Época 10/50 | Loss=0.003277
10:37:42 [INFO]     Época 20/50 | Loss=0.002593
10:37:47 [INFO]     Época 30/50 | Loss=0.002337
10:37:53 [INFO]     Época 40/50 | Loss=0.002234
10:37:58 [INFO]     Época 50/50 | Loss=0.002204
10:37:58 [INFO]   [685/960] CNN_w6_c32_k3_actleaky_relu_d0.0_dense32_e50_lr0.001_b8  RMSE_test=0.0113  MAE_test=0.0080
10:38:01 [INFO]     Época 10/50 | Loss=0.003318
10:38:04 [INFO]     Época 20/50 | Loss=0.002502
10:38:06 [INFO]     Época 30/50 | Loss=0.002381
10:38:09 [INFO]     Época 40/50 | Loss=0.002293
10:38:12 [INFO]     Época 50/50 | Loss=0.002304
10:38:12 [INFO]   [686/960] CNN_w6_c32_k3_actleaky_relu_d0.0_dense32_e50_lr0.001_b16  RMSE_test=0.0112  MAE_test=0.0079
10:38:18 [INFO]     Época 10/50 | Loss=0.003112
10:38:23 [INFO]     Época 20/50 | Loss=0.002498
10:38:28 [INFO]     Época 30/50 | Loss=0.002216
10:38:34 [INFO]     Época 40/50 | Loss=0.002146
10:38:39 [INFO]     Época 50/50 | Loss=0.002133
10:38:39 [INFO]   [687/960] CNN_w6_c32_k3_actleaky_relu_d0.0_dense32_e50_lr0.0005_b8  RMSE_test=0.0112  MAE_test=0.0079
10:38:42 [INFO]     Época 10/50 | Loss=0.003195
10:38:45 [INFO]     Época 20/50 | Loss=0.002630
10:38:48 [INFO]     Época 30/50 | Loss=0.002339
10:38:51 [INFO]     Época 40/50 | Loss=0.002231
10:38:54 [INFO]     Época 50/50 | Loss=0.002219
10:38:54 [INFO]   [688/960] CNN_w6_c32_k3_actleaky_relu_d0.0_dense32_e50_lr0.0005_b16  RMSE_test=0.0114  MAE_test=0.0080
10:38:59 [INFO]     Época 10/50 | Loss=0.028026
10:39:05 [INFO]     Época 20/50 | Loss=0.025116
10:39:11 [INFO]     Época 30/50 | Loss=0.025898
10:39:17 [INFO]     Época 40/50 | Loss=0.023731
10:39:23 [INFO]     Época 50/50 | Loss=0.023184
10:39:23 [INFO]   [689/960] CNN_w6_c32_k3_actrelu_d0.1_dense16_e50_lr0.001_b8  RMSE_test=0.0139  MAE_test=0.0102
10:39:26 [INFO]     Época 10/50 | Loss=0.024680
10:39:29 [INFO]     Época 20/50 | Loss=0.021669
10:39:32 [INFO]     Época 30/50 | Loss=0.020606
10:39:35 [INFO]     Época 40/50 | Loss=0.020476
10:39:38 [INFO]     Época 50/50 | Loss=0.021161
10:39:38 [INFO]   [690/960] CNN_w6_c32_k3_actrelu_d0.1_dense16_e50_lr0.001_b16  RMSE_test=0.0142  MAE_test=0.0106
10:39:44 [INFO]     Época 10/50 | Loss=0.025420
10:39:50 [INFO]     Época 20/50 | Loss=0.022990
10:39:55 [INFO]     Época 30/50 | Loss=0.023188
10:40:01 [INFO]     Época 40/50 | Loss=0.021470
10:40:07 [INFO]     Época 50/50 | Loss=0.020375
10:40:07 [INFO]   [691/960] CNN_w6_c32_k3_actrelu_d0.1_dense16_e50_lr0.0005_b8  RMSE_test=0.0140  MAE_test=0.0104
10:40:10 [INFO]     Época 10/50 | Loss=0.024697
10:40:13 [INFO]     Época 20/50 | Loss=0.021737
10:40:16 [INFO]     Época 30/50 | Loss=0.020710
10:40:19 [INFO]     Época 40/50 | Loss=0.020202
10:40:22 [INFO]     Época 50/50 | Loss=0.020915
10:40:22 [INFO]   [692/960] CNN_w6_c32_k3_actrelu_d0.1_dense16_e50_lr0.0005_b16  RMSE_test=0.0135  MAE_test=0.0102
10:40:28 [INFO]     Época 10/50 | Loss=0.018298
10:40:34 [INFO]     Época 20/50 | Loss=0.016017
10:40:40 [INFO]     Época 30/50 | Loss=0.015789
10:40:46 [INFO]     Época 40/50 | Loss=0.015579
10:40:51 [INFO]     Época 50/50 | Loss=0.014452
10:40:51 [INFO]   [693/960] CNN_w6_c32_k3_actrelu_d0.1_dense32_e50_lr0.001_b8  RMSE_test=0.0140  MAE_test=0.0106
10:40:54 [INFO]     Época 10/50 | Loss=0.016606
10:40:57 [INFO]     Época 20/50 | Loss=0.014575
10:41:01 [INFO]     Época 30/50 | Loss=0.013978
10:41:04 [INFO]     Época 40/50 | Loss=0.014121
10:41:07 [INFO]     Época 50/50 | Loss=0.013298
10:41:07 [INFO]   [694/960] CNN_w6_c32_k3_actrelu_d0.1_dense32_e50_lr0.001_b16  RMSE_test=0.0151  MAE_test=0.0114
10:41:12 [INFO]     Época 10/50 | Loss=0.017344
10:41:18 [INFO]     Época 20/50 | Loss=0.014880
10:41:24 [INFO]     Época 30/50 | Loss=0.013729
10:41:30 [INFO]     Época 40/50 | Loss=0.013833
10:41:36 [INFO]     Época 50/50 | Loss=0.012749
10:41:36 [INFO]   [695/960] CNN_w6_c32_k3_actrelu_d0.1_dense32_e50_lr0.0005_b8  RMSE_test=0.0141  MAE_test=0.0106
10:41:39 [INFO]     Época 10/50 | Loss=0.016950
10:41:42 [INFO]     Época 20/50 | Loss=0.014349
10:41:45 [INFO]     Época 30/50 | Loss=0.013331
10:41:48 [INFO]     Época 40/50 | Loss=0.013631
10:41:51 [INFO]     Época 50/50 | Loss=0.012845
10:41:51 [INFO]   [696/960] CNN_w6_c32_k3_actrelu_d0.1_dense32_e50_lr0.0005_b16  RMSE_test=0.0144  MAE_test=0.0109
10:41:57 [INFO]     Época 10/50 | Loss=0.023534
10:42:03 [INFO]     Época 20/50 | Loss=0.019686
10:42:08 [INFO]     Época 30/50 | Loss=0.016806
10:42:14 [INFO]     Época 40/50 | Loss=0.014455
10:42:20 [INFO]     Época 50/50 | Loss=0.013387
10:42:20 [INFO]   [697/960] CNN_w6_c32_k3_actleaky_relu_d0.1_dense16_e50_lr0.001_b8  RMSE_test=0.0155  MAE_test=0.0117
10:42:23 [INFO]     Época 10/50 | Loss=0.023580
10:42:26 [INFO]     Época 20/50 | Loss=0.020194
10:42:29 [INFO]     Época 30/50 | Loss=0.018110
10:42:32 [INFO]     Época 40/50 | Loss=0.015989
10:42:35 [INFO]     Época 50/50 | Loss=0.014412
10:42:35 [INFO]   [698/960] CNN_w6_c32_k3_actleaky_relu_d0.1_dense16_e50_lr0.001_b16  RMSE_test=0.0159  MAE_test=0.0122
10:42:41 [INFO]     Época 10/50 | Loss=0.023007
10:42:47 [INFO]     Época 20/50 | Loss=0.019813
10:42:53 [INFO]     Época 30/50 | Loss=0.018474
10:42:58 [INFO]     Época 40/50 | Loss=0.015642
10:43:04 [INFO]     Época 50/50 | Loss=0.013801
10:43:04 [INFO]   [699/960] CNN_w6_c32_k3_actleaky_relu_d0.1_dense16_e50_lr0.0005_b8  RMSE_test=0.0138  MAE_test=0.0101
10:43:07 [INFO]     Época 10/50 | Loss=0.023662
10:43:10 [INFO]     Época 20/50 | Loss=0.020315
10:43:13 [INFO]     Época 30/50 | Loss=0.019124
10:43:16 [INFO]     Época 40/50 | Loss=0.018088
10:43:19 [INFO]     Época 50/50 | Loss=0.017298
10:43:19 [INFO]   [700/960] CNN_w6_c32_k3_actleaky_relu_d0.1_dense16_e50_lr0.0005_b16  RMSE_test=0.0140  MAE_test=0.0104
10:43:25 [INFO]     Época 10/50 | Loss=0.016589
10:43:31 [INFO]     Época 20/50 | Loss=0.013519
10:43:37 [INFO]     Época 30/50 | Loss=0.012191
10:43:43 [INFO]     Época 40/50 | Loss=0.011211
10:43:49 [INFO]     Época 50/50 | Loss=0.010761
10:43:49 [INFO]   [701/960] CNN_w6_c32_k3_actleaky_relu_d0.1_dense32_e50_lr0.001_b8  RMSE_test=0.0140  MAE_test=0.0106
10:43:52 [INFO]     Época 10/50 | Loss=0.015191
10:43:55 [INFO]     Época 20/50 | Loss=0.013739
10:43:58 [INFO]     Época 30/50 | Loss=0.012615
10:44:01 [INFO]     Época 40/50 | Loss=0.011583
10:44:04 [INFO]     Época 50/50 | Loss=0.010541
10:44:04 [INFO]   [702/960] CNN_w6_c32_k3_actleaky_relu_d0.1_dense32_e50_lr0.001_b16  RMSE_test=0.0154  MAE_test=0.0115
10:44:09 [INFO]     Época 10/50 | Loss=0.016366
10:44:15 [INFO]     Época 20/50 | Loss=0.013443
10:44:21 [INFO]     Época 30/50 | Loss=0.012020
10:44:27 [INFO]     Época 40/50 | Loss=0.011457
10:44:33 [INFO]     Época 50/50 | Loss=0.009960
10:44:33 [INFO]   [703/960] CNN_w6_c32_k3_actleaky_relu_d0.1_dense32_e50_lr0.0005_b8  RMSE_test=0.0142  MAE_test=0.0105
10:44:36 [INFO]     Época 10/50 | Loss=0.016018
10:44:39 [INFO]     Época 20/50 | Loss=0.013851
10:44:42 [INFO]     Época 30/50 | Loss=0.012543
10:44:45 [INFO]     Época 40/50 | Loss=0.012101
10:44:48 [INFO]     Época 50/50 | Loss=0.011386
10:44:48 [INFO]   [704/960] CNN_w6_c32_k3_actleaky_relu_d0.1_dense32_e50_lr0.0005_b16  RMSE_test=0.0147  MAE_test=0.0112
10:44:55 [INFO]     Época 10/50 | Loss=0.003304
10:45:02 [INFO]     Época 20/50 | Loss=0.002755
10:45:09 [INFO]     Época 30/50 | Loss=0.002412
10:45:16 [INFO]     Época 40/50 | Loss=0.002354
10:45:22 [INFO]     Época 50/50 | Loss=0.002252
10:45:22 [INFO]   [705/960] CNN_w6_c16x32_k2_actrelu_d0.0_dense16_e50_lr0.001_b8  RMSE_test=0.0113  MAE_test=0.0078
10:45:26 [INFO]     Época 10/50 | Loss=0.003205
10:45:30 [INFO]     Época 20/50 | Loss=0.002562
10:45:33 [INFO]     Época 30/50 | Loss=0.002350
10:45:37 [INFO]     Época 40/50 | Loss=0.002371
10:45:40 [INFO]     Época 50/50 | Loss=0.002358
10:45:40 [INFO]   [706/960] CNN_w6_c16x32_k2_actrelu_d0.0_dense16_e50_lr0.001_b16  RMSE_test=0.0120  MAE_test=0.0087
10:45:47 [INFO]     Época 10/50 | Loss=0.003425
10:45:54 [INFO]     Época 20/50 | Loss=0.002723
10:46:01 [INFO]     Época 30/50 | Loss=0.002354
10:46:08 [INFO]     Época 40/50 | Loss=0.002270
10:46:15 [INFO]     Época 50/50 | Loss=0.002239
10:46:15 [INFO]   [707/960] CNN_w6_c16x32_k2_actrelu_d0.0_dense16_e50_lr0.0005_b8  RMSE_test=0.0123  MAE_test=0.0087
10:46:18 [INFO]     Época 10/50 | Loss=0.003608
10:46:22 [INFO]     Época 20/50 | Loss=0.002693
10:46:26 [INFO]     Época 30/50 | Loss=0.002333
10:46:29 [INFO]     Época 40/50 | Loss=0.002257
10:46:33 [INFO]     Época 50/50 | Loss=0.002288
10:46:33 [INFO]   [708/960] CNN_w6_c16x32_k2_actrelu_d0.0_dense16_e50_lr0.0005_b16  RMSE_test=0.0126  MAE_test=0.0087
10:46:40 [INFO]     Época 10/50 | Loss=0.003373
10:46:47 [INFO]     Época 20/50 | Loss=0.002756
10:46:53 [INFO]     Época 30/50 | Loss=0.002473
10:47:00 [INFO]     Época 40/50 | Loss=0.002341
10:47:07 [INFO]     Época 50/50 | Loss=0.002273
10:47:07 [INFO]   [709/960] CNN_w6_c16x32_k2_actrelu_d0.0_dense32_e50_lr0.001_b8  RMSE_test=0.0116  MAE_test=0.0082
10:47:11 [INFO]     Época 10/50 | Loss=0.003235
10:47:14 [INFO]     Época 20/50 | Loss=0.002594
10:47:18 [INFO]     Época 30/50 | Loss=0.002343
10:47:22 [INFO]     Época 40/50 | Loss=0.002404
10:47:25 [INFO]     Época 50/50 | Loss=0.002396
10:47:25 [INFO]   [710/960] CNN_w6_c16x32_k2_actrelu_d0.0_dense32_e50_lr0.001_b16  RMSE_test=0.0123  MAE_test=0.0087
10:47:32 [INFO]     Época 10/50 | Loss=0.003452
10:47:39 [INFO]     Época 20/50 | Loss=0.002674
10:47:46 [INFO]     Época 30/50 | Loss=0.002349
10:47:53 [INFO]     Época 40/50 | Loss=0.002217
10:48:00 [INFO]     Época 50/50 | Loss=0.002247
10:48:00 [INFO]   [711/960] CNN_w6_c16x32_k2_actrelu_d0.0_dense32_e50_lr0.0005_b8  RMSE_test=0.0124  MAE_test=0.0089
10:48:03 [INFO]     Época 10/50 | Loss=0.003596
10:48:07 [INFO]     Época 20/50 | Loss=0.002665
10:48:10 [INFO]     Época 30/50 | Loss=0.002380
10:48:14 [INFO]     Época 40/50 | Loss=0.002282
10:48:17 [INFO]     Época 50/50 | Loss=0.002328
10:48:17 [INFO]   [712/960] CNN_w6_c16x32_k2_actrelu_d0.0_dense32_e50_lr0.0005_b16  RMSE_test=0.0120  MAE_test=0.0084
10:48:24 [INFO]     Época 10/50 | Loss=0.003265
10:48:31 [INFO]     Época 20/50 | Loss=0.002831
10:48:38 [INFO]     Época 30/50 | Loss=0.002436
10:48:45 [INFO]     Época 40/50 | Loss=0.002322
10:48:52 [INFO]     Época 50/50 | Loss=0.002242
10:48:52 [INFO]   [713/960] CNN_w6_c16x32_k2_actleaky_relu_d0.0_dense16_e50_lr0.001_b8  RMSE_test=0.0111  MAE_test=0.0079
10:48:56 [INFO]     Época 10/50 | Loss=0.003220
10:48:59 [INFO]     Época 20/50 | Loss=0.002587
10:49:03 [INFO]     Época 30/50 | Loss=0.002391
10:49:06 [INFO]     Época 40/50 | Loss=0.002373
10:49:10 [INFO]     Época 50/50 | Loss=0.002375
10:49:10 [INFO]   [714/960] CNN_w6_c16x32_k2_actleaky_relu_d0.0_dense16_e50_lr0.001_b16  RMSE_test=0.0119  MAE_test=0.0087
10:49:17 [INFO]     Época 10/50 | Loss=0.003408
10:49:24 [INFO]     Época 20/50 | Loss=0.002704
10:49:30 [INFO]     Época 30/50 | Loss=0.002348
10:49:37 [INFO]     Época 40/50 | Loss=0.002274
10:49:44 [INFO]     Época 50/50 | Loss=0.002253
10:49:44 [INFO]   [715/960] CNN_w6_c16x32_k2_actleaky_relu_d0.0_dense16_e50_lr0.0005_b8  RMSE_test=0.0118  MAE_test=0.0084
10:49:48 [INFO]     Época 10/50 | Loss=0.003468
10:49:51 [INFO]     Época 20/50 | Loss=0.002660
10:49:55 [INFO]     Época 30/50 | Loss=0.002378
10:49:58 [INFO]     Época 40/50 | Loss=0.002250
10:50:02 [INFO]     Época 50/50 | Loss=0.002323
10:50:02 [INFO]   [716/960] CNN_w6_c16x32_k2_actleaky_relu_d0.0_dense16_e50_lr0.0005_b16  RMSE_test=0.0120  MAE_test=0.0083
10:50:09 [INFO]     Época 10/50 | Loss=0.003417
10:50:16 [INFO]     Época 20/50 | Loss=0.002842
10:50:23 [INFO]     Época 30/50 | Loss=0.002410
10:50:30 [INFO]     Época 40/50 | Loss=0.002343
10:50:36 [INFO]     Época 50/50 | Loss=0.002198
10:50:36 [INFO]   [717/960] CNN_w6_c16x32_k2_actleaky_relu_d0.0_dense32_e50_lr0.001_b8  RMSE_test=0.0117  MAE_test=0.0084
10:50:40 [INFO]     Época 10/50 | Loss=0.003309
10:50:43 [INFO]     Época 20/50 | Loss=0.002583
10:50:47 [INFO]     Época 30/50 | Loss=0.002340
10:50:51 [INFO]     Época 40/50 | Loss=0.002344
10:50:54 [INFO]     Época 50/50 | Loss=0.002366
10:50:54 [INFO]   [718/960] CNN_w6_c16x32_k2_actleaky_relu_d0.0_dense32_e50_lr0.001_b16  RMSE_test=0.0124  MAE_test=0.0089
10:51:01 [INFO]     Época 10/50 | Loss=0.003479
10:51:08 [INFO]     Época 20/50 | Loss=0.002697
10:51:15 [INFO]     Época 30/50 | Loss=0.002340
10:51:22 [INFO]     Época 40/50 | Loss=0.002216
10:51:29 [INFO]     Época 50/50 | Loss=0.002222
10:51:29 [INFO]   [719/960] CNN_w6_c16x32_k2_actleaky_relu_d0.0_dense32_e50_lr0.0005_b8  RMSE_test=0.0120  MAE_test=0.0084
10:51:32 [INFO]     Época 10/50 | Loss=0.003476
10:51:36 [INFO]     Época 20/50 | Loss=0.002649
10:51:39 [INFO]     Época 30/50 | Loss=0.002409
10:51:43 [INFO]     Época 40/50 | Loss=0.002271
10:51:46 [INFO]     Época 50/50 | Loss=0.002339
10:51:46 [INFO]   [720/960] CNN_w6_c16x32_k2_actleaky_relu_d0.0_dense32_e50_lr0.0005_b16  RMSE_test=0.0122  MAE_test=0.0084
10:51:54 [INFO]     Época 10/50 | Loss=0.030763
10:52:01 [INFO]     Época 20/50 | Loss=0.027706
10:52:09 [INFO]     Época 30/50 | Loss=0.026831
10:52:16 [INFO]     Época 40/50 | Loss=0.026800
10:52:24 [INFO]     Época 50/50 | Loss=0.027396
10:52:24 [INFO]   [721/960] CNN_w6_c16x32_k2_actrelu_d0.1_dense16_e50_lr0.001_b8  RMSE_test=0.0273  MAE_test=0.0203
10:52:28 [INFO]     Época 10/50 | Loss=0.030217
10:52:31 [INFO]     Época 20/50 | Loss=0.027389
10:52:35 [INFO]     Época 30/50 | Loss=0.026277
10:52:39 [INFO]     Época 40/50 | Loss=0.027024
10:52:43 [INFO]     Época 50/50 | Loss=0.022499
10:52:43 [INFO]   [722/960] CNN_w6_c16x32_k2_actrelu_d0.1_dense16_e50_lr0.001_b16  RMSE_test=0.0252  MAE_test=0.0189
10:52:50 [INFO]     Época 10/50 | Loss=0.027168
10:52:58 [INFO]     Época 20/50 | Loss=0.024689
10:53:05 [INFO]     Época 30/50 | Loss=0.024162
10:53:13 [INFO]     Época 40/50 | Loss=0.023460
10:53:20 [INFO]     Época 50/50 | Loss=0.023977
10:53:20 [INFO]   [723/960] CNN_w6_c16x32_k2_actrelu_d0.1_dense16_e50_lr0.0005_b8  RMSE_test=0.0232  MAE_test=0.0178
10:53:24 [INFO]     Época 10/50 | Loss=0.029017
10:53:28 [INFO]     Época 20/50 | Loss=0.026561
10:53:32 [INFO]     Época 30/50 | Loss=0.025940
10:53:36 [INFO]     Época 40/50 | Loss=0.025970
10:53:39 [INFO]     Época 50/50 | Loss=0.023078
10:53:39 [INFO]   [724/960] CNN_w6_c16x32_k2_actrelu_d0.1_dense16_e50_lr0.0005_b16  RMSE_test=0.0237  MAE_test=0.0180
10:53:47 [INFO]     Época 10/50 | Loss=0.019507
10:53:54 [INFO]     Época 20/50 | Loss=0.017604
10:54:02 [INFO]     Época 30/50 | Loss=0.016735
10:54:09 [INFO]     Época 40/50 | Loss=0.016465
10:54:17 [INFO]     Época 50/50 | Loss=0.014763
10:54:17 [INFO]   [725/960] CNN_w6_c16x32_k2_actrelu_d0.1_dense32_e50_lr0.001_b8  RMSE_test=0.0268  MAE_test=0.0213
10:54:20 [INFO]     Época 10/50 | Loss=0.019151
10:54:24 [INFO]     Época 20/50 | Loss=0.017917
10:54:28 [INFO]     Época 30/50 | Loss=0.014830
10:54:32 [INFO]     Época 40/50 | Loss=0.015095
10:54:36 [INFO]     Época 50/50 | Loss=0.013970
10:54:36 [INFO]   [726/960] CNN_w6_c16x32_k2_actrelu_d0.1_dense32_e50_lr0.001_b16  RMSE_test=0.0236  MAE_test=0.0183
10:54:43 [INFO]     Época 10/50 | Loss=0.019554
10:54:51 [INFO]     Época 20/50 | Loss=0.017035
10:54:58 [INFO]     Época 30/50 | Loss=0.015632
10:55:06 [INFO]     Época 40/50 | Loss=0.014905
10:55:13 [INFO]     Época 50/50 | Loss=0.014090
10:55:13 [INFO]   [727/960] CNN_w6_c16x32_k2_actrelu_d0.1_dense32_e50_lr0.0005_b8  RMSE_test=0.0252  MAE_test=0.0199
10:55:17 [INFO]     Época 10/50 | Loss=0.020622
10:55:21 [INFO]     Época 20/50 | Loss=0.017436
10:55:24 [INFO]     Época 30/50 | Loss=0.015888
10:55:28 [INFO]     Época 40/50 | Loss=0.015809
10:55:32 [INFO]     Época 50/50 | Loss=0.014335
10:55:32 [INFO]   [728/960] CNN_w6_c16x32_k2_actrelu_d0.1_dense32_e50_lr0.0005_b16  RMSE_test=0.0251  MAE_test=0.0193
10:55:40 [INFO]     Época 10/50 | Loss=0.023781
10:55:47 [INFO]     Época 20/50 | Loss=0.019550
10:55:55 [INFO]     Época 30/50 | Loss=0.016292
10:56:02 [INFO]     Época 40/50 | Loss=0.015635
10:56:09 [INFO]     Época 50/50 | Loss=0.015666
10:56:09 [INFO]   [729/960] CNN_w6_c16x32_k2_actleaky_relu_d0.1_dense16_e50_lr0.001_b8  RMSE_test=0.0258  MAE_test=0.0205
10:56:13 [INFO]     Época 10/50 | Loss=0.025231
10:56:17 [INFO]     Época 20/50 | Loss=0.022408
10:56:21 [INFO]     Época 30/50 | Loss=0.020461
10:56:25 [INFO]     Época 40/50 | Loss=0.017906
10:56:29 [INFO]     Época 50/50 | Loss=0.015681
10:56:29 [INFO]   [730/960] CNN_w6_c16x32_k2_actleaky_relu_d0.1_dense16_e50_lr0.001_b16  RMSE_test=0.0270  MAE_test=0.0210
10:56:36 [INFO]     Época 10/50 | Loss=0.024588
10:56:43 [INFO]     Época 20/50 | Loss=0.021517
10:56:51 [INFO]     Época 30/50 | Loss=0.018706
10:56:58 [INFO]     Época 40/50 | Loss=0.016960
10:57:06 [INFO]     Época 50/50 | Loss=0.015458
10:57:06 [INFO]   [731/960] CNN_w6_c16x32_k2_actleaky_relu_d0.1_dense16_e50_lr0.0005_b8  RMSE_test=0.0249  MAE_test=0.0189
10:57:10 [INFO]     Época 10/50 | Loss=0.026452
10:57:14 [INFO]     Época 20/50 | Loss=0.023614
10:57:17 [INFO]     Época 30/50 | Loss=0.021942
10:57:21 [INFO]     Época 40/50 | Loss=0.020485
10:57:25 [INFO]     Época 50/50 | Loss=0.017373
10:57:25 [INFO]   [732/960] CNN_w6_c16x32_k2_actleaky_relu_d0.1_dense16_e50_lr0.0005_b16  RMSE_test=0.0252  MAE_test=0.0191
10:57:32 [INFO]     Época 10/50 | Loss=0.017834
10:57:40 [INFO]     Época 20/50 | Loss=0.015278
10:57:47 [INFO]     Época 30/50 | Loss=0.013306
10:57:55 [INFO]     Época 40/50 | Loss=0.013326
10:58:02 [INFO]     Época 50/50 | Loss=0.012575
10:58:02 [INFO]   [733/960] CNN_w6_c16x32_k2_actleaky_relu_d0.1_dense32_e50_lr0.001_b8  RMSE_test=0.0251  MAE_test=0.0195
10:58:06 [INFO]     Época 10/50 | Loss=0.018017
10:58:10 [INFO]     Época 20/50 | Loss=0.016108
10:58:14 [INFO]     Época 30/50 | Loss=0.013491
10:58:18 [INFO]     Época 40/50 | Loss=0.012838
10:58:21 [INFO]     Época 50/50 | Loss=0.012299
10:58:21 [INFO]   [734/960] CNN_w6_c16x32_k2_actleaky_relu_d0.1_dense32_e50_lr0.001_b16  RMSE_test=0.0216  MAE_test=0.0165
10:58:29 [INFO]     Época 10/50 | Loss=0.018372
10:58:36 [INFO]     Época 20/50 | Loss=0.016014
10:58:44 [INFO]     Época 30/50 | Loss=0.013712
10:58:51 [INFO]     Época 40/50 | Loss=0.012695
10:58:59 [INFO]     Época 50/50 | Loss=0.012535
10:58:59 [INFO]   [735/960] CNN_w6_c16x32_k2_actleaky_relu_d0.1_dense32_e50_lr0.0005_b8  RMSE_test=0.0243  MAE_test=0.0192
10:59:03 [INFO]     Época 10/50 | Loss=0.019494
10:59:06 [INFO]     Época 20/50 | Loss=0.016312
10:59:10 [INFO]     Época 30/50 | Loss=0.014640
10:59:14 [INFO]     Época 40/50 | Loss=0.014138
10:59:18 [INFO]     Época 50/50 | Loss=0.012995
10:59:18 [INFO]   [736/960] CNN_w6_c16x32_k2_actleaky_relu_d0.1_dense32_e50_lr0.0005_b16  RMSE_test=0.0237  MAE_test=0.0183
10:59:24 [INFO]     Época 10/50 | Loss=0.003464
10:59:31 [INFO]     Época 20/50 | Loss=0.002619
10:59:37 [INFO]     Época 30/50 | Loss=0.002295
10:59:44 [INFO]     Época 40/50 | Loss=0.002236
10:59:50 [INFO]     Época 50/50 | Loss=0.002199
10:59:50 [INFO]   [737/960] CNN_w6_c16x32_k3_actrelu_d0.0_dense16_e50_lr0.001_b8  RMSE_test=0.0114  MAE_test=0.0077
10:59:54 [INFO]     Época 10/50 | Loss=0.003568
10:59:57 [INFO]     Época 20/50 | Loss=0.002687
11:00:01 [INFO]     Época 30/50 | Loss=0.002391
11:00:04 [INFO]     Época 40/50 | Loss=0.002362
11:00:07 [INFO]     Época 50/50 | Loss=0.002335
11:00:07 [INFO]   [738/960] CNN_w6_c16x32_k3_actrelu_d0.0_dense16_e50_lr0.001_b16  RMSE_test=0.0121  MAE_test=0.0087
11:00:14 [INFO]     Época 10/50 | Loss=0.003358
11:00:20 [INFO]     Época 20/50 | Loss=0.002604
11:00:27 [INFO]     Época 30/50 | Loss=0.002280
11:00:33 [INFO]     Época 40/50 | Loss=0.002209
11:00:40 [INFO]     Época 50/50 | Loss=0.002149
11:00:40 [INFO]   [739/960] CNN_w6_c16x32_k3_actrelu_d0.0_dense16_e50_lr0.0005_b8  RMSE_test=0.0115  MAE_test=0.0081
11:00:43 [INFO]     Época 10/50 | Loss=0.003509
11:00:47 [INFO]     Época 20/50 | Loss=0.002751
11:00:50 [INFO]     Época 30/50 | Loss=0.002462
11:00:53 [INFO]     Época 40/50 | Loss=0.002355
11:00:57 [INFO]     Época 50/50 | Loss=0.002354
11:00:57 [INFO]   [740/960] CNN_w6_c16x32_k3_actrelu_d0.0_dense16_e50_lr0.0005_b16  RMSE_test=0.0117  MAE_test=0.0084
11:01:03 [INFO]     Época 10/50 | Loss=0.003324
11:01:10 [INFO]     Época 20/50 | Loss=0.002599
11:01:16 [INFO]     Época 30/50 | Loss=0.002285
11:01:23 [INFO]     Época 40/50 | Loss=0.002202
11:01:29 [INFO]     Época 50/50 | Loss=0.002170
11:01:29 [INFO]   [741/960] CNN_w6_c16x32_k3_actrelu_d0.0_dense32_e50_lr0.001_b8  RMSE_test=0.0115  MAE_test=0.0083
11:01:33 [INFO]     Época 10/50 | Loss=0.003654
11:01:36 [INFO]     Época 20/50 | Loss=0.002600
11:01:40 [INFO]     Época 30/50 | Loss=0.002350
11:01:43 [INFO]     Época 40/50 | Loss=0.002329
11:01:46 [INFO]     Época 50/50 | Loss=0.002292
11:01:46 [INFO]   [742/960] CNN_w6_c16x32_k3_actrelu_d0.0_dense32_e50_lr0.001_b16  RMSE_test=0.0118  MAE_test=0.0085
11:01:53 [INFO]     Época 10/50 | Loss=0.003338
11:01:59 [INFO]     Época 20/50 | Loss=0.002667
11:02:06 [INFO]     Época 30/50 | Loss=0.002294
11:02:12 [INFO]     Época 40/50 | Loss=0.002223
11:02:19 [INFO]     Época 50/50 | Loss=0.002151
11:02:19 [INFO]   [743/960] CNN_w6_c16x32_k3_actrelu_d0.0_dense32_e50_lr0.0005_b8  RMSE_test=0.0115  MAE_test=0.0080
11:02:22 [INFO]     Época 10/50 | Loss=0.003439
11:02:26 [INFO]     Época 20/50 | Loss=0.002738
11:02:29 [INFO]     Época 30/50 | Loss=0.002393
11:02:32 [INFO]     Época 40/50 | Loss=0.002315
11:02:36 [INFO]     Época 50/50 | Loss=0.002302
11:02:36 [INFO]   [744/960] CNN_w6_c16x32_k3_actrelu_d0.0_dense32_e50_lr0.0005_b16  RMSE_test=0.0122  MAE_test=0.0087
11:02:42 [INFO]     Época 10/50 | Loss=0.003382
11:02:49 [INFO]     Época 20/50 | Loss=0.002583
11:02:55 [INFO]     Época 30/50 | Loss=0.002292
11:03:02 [INFO]     Época 40/50 | Loss=0.002197
11:03:08 [INFO]     Época 50/50 | Loss=0.002151
11:03:08 [INFO]   [745/960] CNN_w6_c16x32_k3_actleaky_relu_d0.0_dense16_e50_lr0.001_b8  RMSE_test=0.0112  MAE_test=0.0078
11:03:12 [INFO]     Época 10/50 | Loss=0.003715
11:03:15 [INFO]     Época 20/50 | Loss=0.002592
11:03:18 [INFO]     Época 30/50 | Loss=0.002302
11:03:22 [INFO]     Época 40/50 | Loss=0.002329
11:03:25 [INFO]     Época 50/50 | Loss=0.002255
11:03:25 [INFO]   [746/960] CNN_w6_c16x32_k3_actleaky_relu_d0.0_dense16_e50_lr0.001_b16  RMSE_test=0.0119  MAE_test=0.0085
11:03:32 [INFO]     Época 10/50 | Loss=0.003348
11:03:38 [INFO]     Época 20/50 | Loss=0.002590
11:03:45 [INFO]     Época 30/50 | Loss=0.002274
11:03:51 [INFO]     Época 40/50 | Loss=0.002230
11:03:58 [INFO]     Época 50/50 | Loss=0.002162
11:03:58 [INFO]   [747/960] CNN_w6_c16x32_k3_actleaky_relu_d0.0_dense16_e50_lr0.0005_b8  RMSE_test=0.0116  MAE_test=0.0081
11:04:01 [INFO]     Época 10/50 | Loss=0.003497
11:04:04 [INFO]     Época 20/50 | Loss=0.002734
11:04:08 [INFO]     Época 30/50 | Loss=0.002473
11:04:11 [INFO]     Época 40/50 | Loss=0.002313
11:04:14 [INFO]     Época 50/50 | Loss=0.002298
11:04:14 [INFO]   [748/960] CNN_w6_c16x32_k3_actleaky_relu_d0.0_dense16_e50_lr0.0005_b16  RMSE_test=0.0118  MAE_test=0.0086
11:04:21 [INFO]     Época 10/50 | Loss=0.003247
11:04:28 [INFO]     Época 20/50 | Loss=0.002587
11:04:34 [INFO]     Época 30/50 | Loss=0.002302
11:04:41 [INFO]     Época 40/50 | Loss=0.002208
11:04:47 [INFO]     Época 50/50 | Loss=0.002202
11:04:47 [INFO]   [749/960] CNN_w6_c16x32_k3_actleaky_relu_d0.0_dense32_e50_lr0.001_b8  RMSE_test=0.0114  MAE_test=0.0080
11:04:50 [INFO]     Época 10/50 | Loss=0.003610
11:04:54 [INFO]     Época 20/50 | Loss=0.002581
11:04:57 [INFO]     Época 30/50 | Loss=0.002328
11:05:00 [INFO]     Época 40/50 | Loss=0.002266
11:05:04 [INFO]     Época 50/50 | Loss=0.002260
11:05:04 [INFO]   [750/960] CNN_w6_c16x32_k3_actleaky_relu_d0.0_dense32_e50_lr0.001_b16  RMSE_test=0.0118  MAE_test=0.0085
11:05:10 [INFO]     Época 10/50 | Loss=0.003319
11:05:17 [INFO]     Época 20/50 | Loss=0.002652
11:05:23 [INFO]     Época 30/50 | Loss=0.002258
11:05:30 [INFO]     Época 40/50 | Loss=0.002203
11:05:36 [INFO]     Época 50/50 | Loss=0.002097
11:05:36 [INFO]   [751/960] CNN_w6_c16x32_k3_actleaky_relu_d0.0_dense32_e50_lr0.0005_b8  RMSE_test=0.0115  MAE_test=0.0080
11:05:40 [INFO]     Época 10/50 | Loss=0.003415
11:05:43 [INFO]     Época 20/50 | Loss=0.002681
11:05:46 [INFO]     Época 30/50 | Loss=0.002401
11:05:50 [INFO]     Época 40/50 | Loss=0.002262
11:05:53 [INFO]     Época 50/50 | Loss=0.002278
11:05:53 [INFO]   [752/960] CNN_w6_c16x32_k3_actleaky_relu_d0.0_dense32_e50_lr0.0005_b16  RMSE_test=0.0121  MAE_test=0.0088
11:06:00 [INFO]     Época 10/50 | Loss=0.026524
11:06:07 [INFO]     Época 20/50 | Loss=0.023255
11:06:14 [INFO]     Época 30/50 | Loss=0.023545
11:06:22 [INFO]     Época 40/50 | Loss=0.022469
11:06:29 [INFO]     Época 50/50 | Loss=0.022104
11:06:29 [INFO]   [753/960] CNN_w6_c16x32_k3_actrelu_d0.1_dense16_e50_lr0.001_b8  RMSE_test=0.0240  MAE_test=0.0175
11:06:32 [INFO]     Época 10/50 | Loss=0.028174
11:06:36 [INFO]     Época 20/50 | Loss=0.025125
11:06:40 [INFO]     Época 30/50 | Loss=0.024518
11:06:43 [INFO]     Época 40/50 | Loss=0.022909
11:06:47 [INFO]     Época 50/50 | Loss=0.021645
11:06:47 [INFO]   [754/960] CNN_w6_c16x32_k3_actrelu_d0.1_dense16_e50_lr0.001_b16  RMSE_test=0.0254  MAE_test=0.0201
11:06:54 [INFO]     Época 10/50 | Loss=0.025432
11:07:01 [INFO]     Época 20/50 | Loss=0.023558
11:07:08 [INFO]     Época 30/50 | Loss=0.023270
11:07:16 [INFO]     Época 40/50 | Loss=0.021724
11:07:23 [INFO]     Época 50/50 | Loss=0.020988
11:07:23 [INFO]   [755/960] CNN_w6_c16x32_k3_actrelu_d0.1_dense16_e50_lr0.0005_b8  RMSE_test=0.0239  MAE_test=0.0172
11:07:26 [INFO]     Época 10/50 | Loss=0.028033
11:07:30 [INFO]     Época 20/50 | Loss=0.025129
11:07:34 [INFO]     Época 30/50 | Loss=0.023904
11:07:37 [INFO]     Época 40/50 | Loss=0.023123
11:07:41 [INFO]     Época 50/50 | Loss=0.020630
11:07:41 [INFO]   [756/960] CNN_w6_c16x32_k3_actrelu_d0.1_dense16_e50_lr0.0005_b16  RMSE_test=0.0215  MAE_test=0.0168
11:07:48 [INFO]     Época 10/50 | Loss=0.019858
11:07:55 [INFO]     Época 20/50 | Loss=0.017687
11:08:02 [INFO]     Época 30/50 | Loss=0.017515
11:08:09 [INFO]     Época 40/50 | Loss=0.016720
11:08:16 [INFO]     Época 50/50 | Loss=0.015656
11:08:16 [INFO]   [757/960] CNN_w6_c16x32_k3_actrelu_d0.1_dense32_e50_lr0.001_b8  RMSE_test=0.0210  MAE_test=0.0161
11:08:20 [INFO]     Época 10/50 | Loss=0.019678
11:08:24 [INFO]     Época 20/50 | Loss=0.016575
11:08:27 [INFO]     Época 30/50 | Loss=0.016116
11:08:31 [INFO]     Época 40/50 | Loss=0.016484
11:08:35 [INFO]     Época 50/50 | Loss=0.015393
11:08:35 [INFO]   [758/960] CNN_w6_c16x32_k3_actrelu_d0.1_dense32_e50_lr0.001_b16  RMSE_test=0.0235  MAE_test=0.0180
11:08:42 [INFO]     Época 10/50 | Loss=0.019210
11:08:49 [INFO]     Época 20/50 | Loss=0.017427
11:08:56 [INFO]     Época 30/50 | Loss=0.016616
11:09:03 [INFO]     Época 40/50 | Loss=0.014838
11:09:10 [INFO]     Época 50/50 | Loss=0.014093
11:09:10 [INFO]   [759/960] CNN_w6_c16x32_k3_actrelu_d0.1_dense32_e50_lr0.0005_b8  RMSE_test=0.0210  MAE_test=0.0161
11:09:14 [INFO]     Época 10/50 | Loss=0.019655
11:09:18 [INFO]     Época 20/50 | Loss=0.017450
11:09:21 [INFO]     Época 30/50 | Loss=0.015933
11:09:25 [INFO]     Época 40/50 | Loss=0.015360
11:09:29 [INFO]     Época 50/50 | Loss=0.014500
11:09:29 [INFO]   [760/960] CNN_w6_c16x32_k3_actrelu_d0.1_dense32_e50_lr0.0005_b16  RMSE_test=0.0231  MAE_test=0.0175
11:09:36 [INFO]     Época 10/50 | Loss=0.023734
11:09:43 [INFO]     Época 20/50 | Loss=0.018443
11:09:50 [INFO]     Época 30/50 | Loss=0.015848
11:09:57 [INFO]     Época 40/50 | Loss=0.014927
11:10:04 [INFO]     Época 50/50 | Loss=0.015693
11:10:04 [INFO]   [761/960] CNN_w6_c16x32_k3_actleaky_relu_d0.1_dense16_e50_lr0.001_b8  RMSE_test=0.0215  MAE_test=0.0162
11:10:08 [INFO]     Época 10/50 | Loss=0.026040
11:10:11 [INFO]     Época 20/50 | Loss=0.021429
11:10:15 [INFO]     Época 30/50 | Loss=0.018254
11:10:19 [INFO]     Época 40/50 | Loss=0.015551
11:10:22 [INFO]     Época 50/50 | Loss=0.014838
11:10:22 [INFO]   [762/960] CNN_w6_c16x32_k3_actleaky_relu_d0.1_dense16_e50_lr0.001_b16  RMSE_test=0.0239  MAE_test=0.0185
11:10:30 [INFO]     Época 10/50 | Loss=0.024018
11:10:37 [INFO]     Época 20/50 | Loss=0.020504
11:10:44 [INFO]     Época 30/50 | Loss=0.017170
11:10:51 [INFO]     Época 40/50 | Loss=0.015125
11:10:58 [INFO]     Época 50/50 | Loss=0.015580
11:10:58 [INFO]   [763/960] CNN_w6_c16x32_k3_actleaky_relu_d0.1_dense16_e50_lr0.0005_b8  RMSE_test=0.0208  MAE_test=0.0156
11:11:02 [INFO]     Época 10/50 | Loss=0.027150
11:11:05 [INFO]     Época 20/50 | Loss=0.023517
11:11:09 [INFO]     Época 30/50 | Loss=0.021022
11:11:13 [INFO]     Época 40/50 | Loss=0.017898
11:11:16 [INFO]     Época 50/50 | Loss=0.016175
11:11:16 [INFO]   [764/960] CNN_w6_c16x32_k3_actleaky_relu_d0.1_dense16_e50_lr0.0005_b16  RMSE_test=0.0227  MAE_test=0.0172
11:11:23 [INFO]     Época 10/50 | Loss=0.018011
11:11:30 [INFO]     Época 20/50 | Loss=0.014552
11:11:37 [INFO]     Época 30/50 | Loss=0.013350
11:11:45 [INFO]     Época 40/50 | Loss=0.013446
11:11:52 [INFO]     Época 50/50 | Loss=0.011836
11:11:52 [INFO]   [765/960] CNN_w6_c16x32_k3_actleaky_relu_d0.1_dense32_e50_lr0.001_b8  RMSE_test=0.0205  MAE_test=0.0164
11:11:55 [INFO]     Época 10/50 | Loss=0.017882
11:11:59 [INFO]     Época 20/50 | Loss=0.014889
11:12:03 [INFO]     Época 30/50 | Loss=0.013598
11:12:06 [INFO]     Época 40/50 | Loss=0.013389
11:12:10 [INFO]     Época 50/50 | Loss=0.012119
11:12:10 [INFO]   [766/960] CNN_w6_c16x32_k3_actleaky_relu_d0.1_dense32_e50_lr0.001_b16  RMSE_test=0.0231  MAE_test=0.0174
11:12:17 [INFO]     Época 10/50 | Loss=0.017828
11:12:24 [INFO]     Época 20/50 | Loss=0.015176
11:12:31 [INFO]     Época 30/50 | Loss=0.013547
11:12:38 [INFO]     Época 40/50 | Loss=0.012752
11:12:45 [INFO]     Época 50/50 | Loss=0.012317
11:12:45 [INFO]   [767/960] CNN_w6_c16x32_k3_actleaky_relu_d0.1_dense32_e50_lr0.0005_b8  RMSE_test=0.0202  MAE_test=0.0157
11:12:49 [INFO]     Época 10/50 | Loss=0.018151
11:12:53 [INFO]     Época 20/50 | Loss=0.016454
11:12:56 [INFO]     Época 30/50 | Loss=0.014551
11:13:00 [INFO]     Época 40/50 | Loss=0.013722
11:13:04 [INFO]     Época 50/50 | Loss=0.012407
11:13:04 [INFO]   [768/960] CNN_w6_c16x32_k3_actleaky_relu_d0.1_dense32_e50_lr0.0005_b16  RMSE_test=0.0227  MAE_test=0.0171
11:13:09 [INFO]     Época 10/50 | Loss=0.003176
11:13:14 [INFO]     Época 20/50 | Loss=0.002658
11:13:20 [INFO]     Época 30/50 | Loss=0.002424
11:13:25 [INFO]     Época 40/50 | Loss=0.002401
11:13:30 [INFO]     Época 50/50 | Loss=0.002220
11:13:30 [INFO]   [769/960] CNN_w7_c16_k2_actrelu_d0.0_dense16_e50_lr0.001_b8  RMSE_test=0.0141  MAE_test=0.0104
11:13:33 [INFO]     Época 10/50 | Loss=0.003237
11:13:36 [INFO]     Época 20/50 | Loss=0.002713
11:13:39 [INFO]     Época 30/50 | Loss=0.002377
11:13:42 [INFO]     Época 40/50 | Loss=0.002501
11:13:44 [INFO]     Época 50/50 | Loss=0.002317
11:13:44 [INFO]   [770/960] CNN_w7_c16_k2_actrelu_d0.0_dense16_e50_lr0.001_b16  RMSE_test=0.0151  MAE_test=0.0113
11:13:50 [INFO]     Época 10/50 | Loss=0.003338
11:13:55 [INFO]     Época 20/50 | Loss=0.002651
11:14:00 [INFO]     Época 30/50 | Loss=0.002419
11:14:06 [INFO]     Época 40/50 | Loss=0.002415
11:14:11 [INFO]     Época 50/50 | Loss=0.002248
11:14:11 [INFO]   [771/960] CNN_w7_c16_k2_actrelu_d0.0_dense16_e50_lr0.0005_b8  RMSE_test=0.0137  MAE_test=0.0100
11:14:14 [INFO]     Época 10/50 | Loss=0.003772
11:14:17 [INFO]     Época 20/50 | Loss=0.002786
11:14:20 [INFO]     Época 30/50 | Loss=0.002474
11:14:22 [INFO]     Época 40/50 | Loss=0.002402
11:14:25 [INFO]     Época 50/50 | Loss=0.002208
11:14:25 [INFO]   [772/960] CNN_w7_c16_k2_actrelu_d0.0_dense16_e50_lr0.0005_b16  RMSE_test=0.0141  MAE_test=0.0104
11:14:30 [INFO]     Época 10/50 | Loss=0.003100
11:14:36 [INFO]     Época 20/50 | Loss=0.002632
11:14:41 [INFO]     Época 30/50 | Loss=0.002366
11:14:47 [INFO]     Época 40/50 | Loss=0.002405
11:14:52 [INFO]     Época 50/50 | Loss=0.002193
11:14:52 [INFO]   [773/960] CNN_w7_c16_k2_actrelu_d0.0_dense32_e50_lr0.001_b8  RMSE_test=0.0135  MAE_test=0.0100
11:14:55 [INFO]     Época 10/50 | Loss=0.003335
11:14:57 [INFO]     Época 20/50 | Loss=0.002661
11:15:00 [INFO]     Época 30/50 | Loss=0.002437
11:15:03 [INFO]     Época 40/50 | Loss=0.002501
11:15:06 [INFO]     Época 50/50 | Loss=0.002337
11:15:06 [INFO]   [774/960] CNN_w7_c16_k2_actrelu_d0.0_dense32_e50_lr0.001_b16  RMSE_test=0.0145  MAE_test=0.0106
11:15:11 [INFO]     Época 10/50 | Loss=0.003238
11:15:17 [INFO]     Época 20/50 | Loss=0.002580
11:15:22 [INFO]     Época 30/50 | Loss=0.002316
11:15:27 [INFO]     Época 40/50 | Loss=0.002354
11:15:33 [INFO]     Época 50/50 | Loss=0.002166
11:15:33 [INFO]   [775/960] CNN_w7_c16_k2_actrelu_d0.0_dense32_e50_lr0.0005_b8  RMSE_test=0.0142  MAE_test=0.0103
11:15:35 [INFO]     Época 10/50 | Loss=0.003499
11:15:38 [INFO]     Época 20/50 | Loss=0.002689
11:15:41 [INFO]     Época 30/50 | Loss=0.002396
11:15:44 [INFO]     Época 40/50 | Loss=0.002323
11:15:47 [INFO]     Época 50/50 | Loss=0.002173
11:15:47 [INFO]   [776/960] CNN_w7_c16_k2_actrelu_d0.0_dense32_e50_lr0.0005_b16  RMSE_test=0.0136  MAE_test=0.0099
11:15:52 [INFO]     Época 10/50 | Loss=0.003110
11:15:57 [INFO]     Época 20/50 | Loss=0.002627
11:16:03 [INFO]     Época 30/50 | Loss=0.002411
11:16:08 [INFO]     Época 40/50 | Loss=0.002376
11:16:13 [INFO]     Época 50/50 | Loss=0.002238
11:16:13 [INFO]   [777/960] CNN_w7_c16_k2_actleaky_relu_d0.0_dense16_e50_lr0.001_b8  RMSE_test=0.0137  MAE_test=0.0102
11:16:16 [INFO]     Época 10/50 | Loss=0.003200
11:16:19 [INFO]     Época 20/50 | Loss=0.002730
11:16:21 [INFO]     Época 30/50 | Loss=0.002384
11:16:24 [INFO]     Época 40/50 | Loss=0.002513
11:16:27 [INFO]     Época 50/50 | Loss=0.002274
11:16:27 [INFO]   [778/960] CNN_w7_c16_k2_actleaky_relu_d0.0_dense16_e50_lr0.001_b16  RMSE_test=0.0146  MAE_test=0.0109
11:16:32 [INFO]     Época 10/50 | Loss=0.003333
11:16:38 [INFO]     Época 20/50 | Loss=0.002696
11:16:43 [INFO]     Época 30/50 | Loss=0.002406
11:16:48 [INFO]     Época 40/50 | Loss=0.002451
11:16:54 [INFO]     Época 50/50 | Loss=0.002247
11:16:54 [INFO]   [779/960] CNN_w7_c16_k2_actleaky_relu_d0.0_dense16_e50_lr0.0005_b8  RMSE_test=0.0143  MAE_test=0.0104
11:16:56 [INFO]     Época 10/50 | Loss=0.003617
11:16:59 [INFO]     Época 20/50 | Loss=0.002705
11:17:02 [INFO]     Época 30/50 | Loss=0.002402
11:17:05 [INFO]     Época 40/50 | Loss=0.002296
11:17:08 [INFO]     Época 50/50 | Loss=0.002172
11:17:08 [INFO]   [780/960] CNN_w7_c16_k2_actleaky_relu_d0.0_dense16_e50_lr0.0005_b16  RMSE_test=0.0145  MAE_test=0.0108
11:17:13 [INFO]     Época 10/50 | Loss=0.003009
11:17:18 [INFO]     Época 20/50 | Loss=0.002628
11:17:24 [INFO]     Época 30/50 | Loss=0.002356
11:17:29 [INFO]     Época 40/50 | Loss=0.002342
11:17:34 [INFO]     Época 50/50 | Loss=0.002240
11:17:34 [INFO]   [781/960] CNN_w7_c16_k2_actleaky_relu_d0.0_dense32_e50_lr0.001_b8  RMSE_test=0.0134  MAE_test=0.0100
11:17:37 [INFO]     Época 10/50 | Loss=0.003254
11:17:40 [INFO]     Época 20/50 | Loss=0.002554
11:17:43 [INFO]     Época 30/50 | Loss=0.002386
11:17:45 [INFO]     Época 40/50 | Loss=0.002422
11:17:48 [INFO]     Época 50/50 | Loss=0.002246
11:17:48 [INFO]   [782/960] CNN_w7_c16_k2_actleaky_relu_d0.0_dense32_e50_lr0.001_b16  RMSE_test=0.0148  MAE_test=0.0108
11:17:53 [INFO]     Época 10/50 | Loss=0.003203
11:17:59 [INFO]     Época 20/50 | Loss=0.002541
11:18:04 [INFO]     Época 30/50 | Loss=0.002323
11:18:09 [INFO]     Época 40/50 | Loss=0.002362
11:18:15 [INFO]     Época 50/50 | Loss=0.002143
11:18:15 [INFO]   [783/960] CNN_w7_c16_k2_actleaky_relu_d0.0_dense32_e50_lr0.0005_b8  RMSE_test=0.0138  MAE_test=0.0102
11:18:17 [INFO]     Época 10/50 | Loss=0.003384
11:18:20 [INFO]     Época 20/50 | Loss=0.002643
11:18:23 [INFO]     Época 30/50 | Loss=0.002339
11:18:26 [INFO]     Época 40/50 | Loss=0.002312
11:18:29 [INFO]     Época 50/50 | Loss=0.002169
11:18:29 [INFO]   [784/960] CNN_w7_c16_k2_actleaky_relu_d0.0_dense32_e50_lr0.0005_b16  RMSE_test=0.0140  MAE_test=0.0103
11:18:34 [INFO]     Época 10/50 | Loss=0.025736
11:18:40 [INFO]     Época 20/50 | Loss=0.022767
11:18:46 [INFO]     Época 30/50 | Loss=0.020848
11:18:51 [INFO]     Época 40/50 | Loss=0.020628
11:18:57 [INFO]     Época 50/50 | Loss=0.020028
11:18:57 [INFO]   [785/960] CNN_w7_c16_k2_actrelu_d0.1_dense16_e50_lr0.001_b8  RMSE_test=0.0205  MAE_test=0.0158
11:19:00 [INFO]     Época 10/50 | Loss=0.025081
11:19:03 [INFO]     Época 20/50 | Loss=0.022229
11:19:06 [INFO]     Época 30/50 | Loss=0.023015
11:19:09 [INFO]     Época 40/50 | Loss=0.022535
11:19:12 [INFO]     Época 50/50 | Loss=0.021154
11:19:12 [INFO]   [786/960] CNN_w7_c16_k2_actrelu_d0.1_dense16_e50_lr0.001_b16  RMSE_test=0.0172  MAE_test=0.0132
11:19:18 [INFO]     Época 10/50 | Loss=0.026214
11:19:23 [INFO]     Época 20/50 | Loss=0.022746
11:19:29 [INFO]     Época 30/50 | Loss=0.020933
11:19:35 [INFO]     Época 40/50 | Loss=0.020574
11:19:41 [INFO]     Época 50/50 | Loss=0.020009
11:19:41 [INFO]   [787/960] CNN_w7_c16_k2_actrelu_d0.1_dense16_e50_lr0.0005_b8  RMSE_test=0.0196  MAE_test=0.0152
11:19:44 [INFO]     Época 10/50 | Loss=0.026044
11:19:47 [INFO]     Época 20/50 | Loss=0.023022
11:19:49 [INFO]     Época 30/50 | Loss=0.023184
11:19:52 [INFO]     Época 40/50 | Loss=0.022792
11:19:55 [INFO]     Época 50/50 | Loss=0.021870
11:19:55 [INFO]   [788/960] CNN_w7_c16_k2_actrelu_d0.1_dense16_e50_lr0.0005_b16  RMSE_test=0.0180  MAE_test=0.0134
11:20:01 [INFO]     Época 10/50 | Loss=0.017684
11:20:07 [INFO]     Época 20/50 | Loss=0.016825
11:20:13 [INFO]     Época 30/50 | Loss=0.015427
11:20:18 [INFO]     Época 40/50 | Loss=0.014474
11:20:24 [INFO]     Época 50/50 | Loss=0.013990
11:20:24 [INFO]   [789/960] CNN_w7_c16_k2_actrelu_d0.1_dense32_e50_lr0.001_b8  RMSE_test=0.0184  MAE_test=0.0139
11:20:27 [INFO]     Época 10/50 | Loss=0.018475
11:20:30 [INFO]     Época 20/50 | Loss=0.015465
11:20:33 [INFO]     Época 30/50 | Loss=0.014686
11:20:36 [INFO]     Época 40/50 | Loss=0.013981
11:20:39 [INFO]     Época 50/50 | Loss=0.013840
11:20:39 [INFO]   [790/960] CNN_w7_c16_k2_actrelu_d0.1_dense32_e50_lr0.001_b16  RMSE_test=0.0154  MAE_test=0.0114
11:20:44 [INFO]     Época 10/50 | Loss=0.018128
11:20:50 [INFO]     Época 20/50 | Loss=0.016714
11:20:56 [INFO]     Época 30/50 | Loss=0.014482
11:21:02 [INFO]     Época 40/50 | Loss=0.013848
11:21:07 [INFO]     Época 50/50 | Loss=0.012801
11:21:07 [INFO]   [791/960] CNN_w7_c16_k2_actrelu_d0.1_dense32_e50_lr0.0005_b8  RMSE_test=0.0165  MAE_test=0.0125
11:21:10 [INFO]     Época 10/50 | Loss=0.019664
11:21:13 [INFO]     Época 20/50 | Loss=0.016737
11:21:16 [INFO]     Época 30/50 | Loss=0.015669
11:21:19 [INFO]     Época 40/50 | Loss=0.015121
11:21:22 [INFO]     Época 50/50 | Loss=0.014594
11:21:22 [INFO]   [792/960] CNN_w7_c16_k2_actrelu_d0.1_dense32_e50_lr0.0005_b16  RMSE_test=0.0164  MAE_test=0.0124
11:21:28 [INFO]     Época 10/50 | Loss=0.024885
11:21:34 [INFO]     Época 20/50 | Loss=0.020392
11:21:39 [INFO]     Época 30/50 | Loss=0.017010
11:21:45 [INFO]     Época 40/50 | Loss=0.015362
11:21:51 [INFO]     Época 50/50 | Loss=0.014211
11:21:51 [INFO]   [793/960] CNN_w7_c16_k2_actleaky_relu_d0.1_dense16_e50_lr0.001_b8  RMSE_test=0.0148  MAE_test=0.0113
11:21:54 [INFO]     Época 10/50 | Loss=0.023953
11:21:57 [INFO]     Época 20/50 | Loss=0.020530
11:22:00 [INFO]     Época 30/50 | Loss=0.020260
11:22:03 [INFO]     Época 40/50 | Loss=0.017679
11:22:06 [INFO]     Época 50/50 | Loss=0.014900
11:22:06 [INFO]   [794/960] CNN_w7_c16_k2_actleaky_relu_d0.1_dense16_e50_lr0.001_b16  RMSE_test=0.0171  MAE_test=0.0131
11:22:11 [INFO]     Época 10/50 | Loss=0.025758
11:22:17 [INFO]     Época 20/50 | Loss=0.021816
11:22:23 [INFO]     Época 30/50 | Loss=0.019063
11:22:29 [INFO]     Época 40/50 | Loss=0.017201
11:22:34 [INFO]     Época 50/50 | Loss=0.015202
11:22:34 [INFO]   [795/960] CNN_w7_c16_k2_actleaky_relu_d0.1_dense16_e50_lr0.0005_b8  RMSE_test=0.0170  MAE_test=0.0130
11:22:37 [INFO]     Época 10/50 | Loss=0.025160
11:22:40 [INFO]     Época 20/50 | Loss=0.021893
11:22:43 [INFO]     Época 30/50 | Loss=0.021699
11:22:46 [INFO]     Época 40/50 | Loss=0.020322
11:22:49 [INFO]     Época 50/50 | Loss=0.018711
11:22:49 [INFO]   [796/960] CNN_w7_c16_k2_actleaky_relu_d0.1_dense16_e50_lr0.0005_b16  RMSE_test=0.0174  MAE_test=0.0129
11:22:55 [INFO]     Época 10/50 | Loss=0.016589
11:23:00 [INFO]     Época 20/50 | Loss=0.014688
11:23:06 [INFO]     Época 30/50 | Loss=0.012477
11:23:12 [INFO]     Época 40/50 | Loss=0.011511
11:23:18 [INFO]     Época 50/50 | Loss=0.011176
11:23:18 [INFO]   [797/960] CNN_w7_c16_k2_actleaky_relu_d0.1_dense32_e50_lr0.001_b8  RMSE_test=0.0195  MAE_test=0.0150
11:23:21 [INFO]     Época 10/50 | Loss=0.017545
11:23:23 [INFO]     Época 20/50 | Loss=0.014568
11:23:26 [INFO]     Época 30/50 | Loss=0.013257
11:23:29 [INFO]     Época 40/50 | Loss=0.012281
11:23:32 [INFO]     Época 50/50 | Loss=0.011317
11:23:32 [INFO]   [798/960] CNN_w7_c16_k2_actleaky_relu_d0.1_dense32_e50_lr0.001_b16  RMSE_test=0.0153  MAE_test=0.0111
11:23:38 [INFO]     Época 10/50 | Loss=0.017812
11:23:44 [INFO]     Época 20/50 | Loss=0.015793
11:23:49 [INFO]     Época 30/50 | Loss=0.013627
11:23:55 [INFO]     Época 40/50 | Loss=0.012515
11:24:01 [INFO]     Época 50/50 | Loss=0.011556
11:24:01 [INFO]   [799/960] CNN_w7_c16_k2_actleaky_relu_d0.1_dense32_e50_lr0.0005_b8  RMSE_test=0.0167  MAE_test=0.0128
11:24:04 [INFO]     Época 10/50 | Loss=0.018451
11:24:07 [INFO]     Época 20/50 | Loss=0.015587
11:24:10 [INFO]     Época 30/50 | Loss=0.014241
11:24:13 [INFO]     Época 40/50 | Loss=0.013819
11:24:16 [INFO]     Época 50/50 | Loss=0.013391
11:24:16 [INFO]   [800/960] CNN_w7_c16_k2_actleaky_relu_d0.1_dense32_e50_lr0.0005_b16  RMSE_test=0.0163  MAE_test=0.0125
11:24:21 [INFO]     Época 10/50 | Loss=0.003151
11:24:26 [INFO]     Época 20/50 | Loss=0.002547
11:24:32 [INFO]     Época 30/50 | Loss=0.002358
11:24:37 [INFO]     Época 40/50 | Loss=0.002359
11:24:42 [INFO]     Época 50/50 | Loss=0.002170
11:24:42 [INFO]   [801/960] CNN_w7_c16_k3_actrelu_d0.0_dense16_e50_lr0.001_b8  RMSE_test=0.0137  MAE_test=0.0101
11:24:45 [INFO]     Época 10/50 | Loss=0.003287
11:24:48 [INFO]     Época 20/50 | Loss=0.002662
11:24:50 [INFO]     Época 30/50 | Loss=0.002429
11:24:53 [INFO]     Época 40/50 | Loss=0.002392
11:24:56 [INFO]     Época 50/50 | Loss=0.002218
11:24:56 [INFO]   [802/960] CNN_w7_c16_k3_actrelu_d0.0_dense16_e50_lr0.001_b16  RMSE_test=0.0136  MAE_test=0.0100
11:25:01 [INFO]     Época 10/50 | Loss=0.003234
11:25:06 [INFO]     Época 20/50 | Loss=0.002588
11:25:12 [INFO]     Época 30/50 | Loss=0.002331
11:25:17 [INFO]     Época 40/50 | Loss=0.002330
11:25:22 [INFO]     Época 50/50 | Loss=0.002162
11:25:22 [INFO]   [803/960] CNN_w7_c16_k3_actrelu_d0.0_dense16_e50_lr0.0005_b8  RMSE_test=0.0139  MAE_test=0.0102
11:25:25 [INFO]     Época 10/50 | Loss=0.003483
11:25:28 [INFO]     Época 20/50 | Loss=0.002648
11:25:31 [INFO]     Época 30/50 | Loss=0.002340
11:25:33 [INFO]     Época 40/50 | Loss=0.002244
11:25:36 [INFO]     Época 50/50 | Loss=0.002206
11:25:36 [INFO]   [804/960] CNN_w7_c16_k3_actrelu_d0.0_dense16_e50_lr0.0005_b16  RMSE_test=0.0140  MAE_test=0.0106
11:25:41 [INFO]     Época 10/50 | Loss=0.003143
11:25:47 [INFO]     Época 20/50 | Loss=0.002567
11:25:52 [INFO]     Época 30/50 | Loss=0.002367
11:25:57 [INFO]     Época 40/50 | Loss=0.002358
11:26:02 [INFO]     Época 50/50 | Loss=0.002179
11:26:02 [INFO]   [805/960] CNN_w7_c16_k3_actrelu_d0.0_dense32_e50_lr0.001_b8  RMSE_test=0.0136  MAE_test=0.0102
11:26:05 [INFO]     Época 10/50 | Loss=0.003168
11:26:08 [INFO]     Época 20/50 | Loss=0.002657
11:26:11 [INFO]     Época 30/50 | Loss=0.002467
11:26:13 [INFO]     Época 40/50 | Loss=0.002350
11:26:16 [INFO]     Época 50/50 | Loss=0.002196
11:26:16 [INFO]   [806/960] CNN_w7_c16_k3_actrelu_d0.0_dense32_e50_lr0.001_b16  RMSE_test=0.0134  MAE_test=0.0098
11:26:21 [INFO]     Época 10/50 | Loss=0.003134
11:26:27 [INFO]     Época 20/50 | Loss=0.002532
11:26:32 [INFO]     Época 30/50 | Loss=0.002302
11:26:37 [INFO]     Época 40/50 | Loss=0.002252
11:26:42 [INFO]     Época 50/50 | Loss=0.002091
11:26:42 [INFO]   [807/960] CNN_w7_c16_k3_actrelu_d0.0_dense32_e50_lr0.0005_b8  RMSE_test=0.0134  MAE_test=0.0099
11:26:45 [INFO]     Época 10/50 | Loss=0.003392
11:26:48 [INFO]     Época 20/50 | Loss=0.002611
11:26:51 [INFO]     Época 30/50 | Loss=0.002351
11:26:53 [INFO]     Época 40/50 | Loss=0.002256
11:26:56 [INFO]     Época 50/50 | Loss=0.002140
11:26:56 [INFO]   [808/960] CNN_w7_c16_k3_actrelu_d0.0_dense32_e50_lr0.0005_b16  RMSE_test=0.0138  MAE_test=0.0102
11:27:01 [INFO]     Época 10/50 | Loss=0.003029
11:27:07 [INFO]     Época 20/50 | Loss=0.002561
11:27:12 [INFO]     Época 30/50 | Loss=0.002308
11:27:17 [INFO]     Época 40/50 | Loss=0.002289
11:27:22 [INFO]     Época 50/50 | Loss=0.002162
11:27:22 [INFO]   [809/960] CNN_w7_c16_k3_actleaky_relu_d0.0_dense16_e50_lr0.001_b8  RMSE_test=0.0137  MAE_test=0.0102
11:27:25 [INFO]     Época 10/50 | Loss=0.003158
11:27:28 [INFO]     Época 20/50 | Loss=0.002615
11:27:30 [INFO]     Época 30/50 | Loss=0.002371
11:27:33 [INFO]     Época 40/50 | Loss=0.002272
11:27:36 [INFO]     Época 50/50 | Loss=0.002131
11:27:36 [INFO]   [810/960] CNN_w7_c16_k3_actleaky_relu_d0.0_dense16_e50_lr0.001_b16  RMSE_test=0.0131  MAE_test=0.0098
11:27:41 [INFO]     Época 10/50 | Loss=0.003187
11:27:47 [INFO]     Época 20/50 | Loss=0.002503
11:27:52 [INFO]     Época 30/50 | Loss=0.002297
11:27:57 [INFO]     Época 40/50 | Loss=0.002269
11:28:02 [INFO]     Época 50/50 | Loss=0.002114
11:28:02 [INFO]   [811/960] CNN_w7_c16_k3_actleaky_relu_d0.0_dense16_e50_lr0.0005_b8  RMSE_test=0.0138  MAE_test=0.0101
11:28:05 [INFO]     Época 10/50 | Loss=0.003514
11:28:08 [INFO]     Época 20/50 | Loss=0.002667
11:28:10 [INFO]     Época 30/50 | Loss=0.002385
11:28:13 [INFO]     Época 40/50 | Loss=0.002233
11:28:16 [INFO]     Época 50/50 | Loss=0.002193
11:28:16 [INFO]   [812/960] CNN_w7_c16_k3_actleaky_relu_d0.0_dense16_e50_lr0.0005_b16  RMSE_test=0.0140  MAE_test=0.0106
11:28:21 [INFO]     Época 10/50 | Loss=0.003187
11:28:26 [INFO]     Época 20/50 | Loss=0.002517
11:28:32 [INFO]     Época 30/50 | Loss=0.002373
11:28:37 [INFO]     Época 40/50 | Loss=0.002349
11:28:42 [INFO]     Época 50/50 | Loss=0.002231
11:28:42 [INFO]   [813/960] CNN_w7_c16_k3_actleaky_relu_d0.0_dense32_e50_lr0.001_b8  RMSE_test=0.0138  MAE_test=0.0102
11:28:45 [INFO]     Época 10/50 | Loss=0.003146
11:28:48 [INFO]     Época 20/50 | Loss=0.002620
11:28:50 [INFO]     Época 30/50 | Loss=0.002432
11:28:53 [INFO]     Época 40/50 | Loss=0.002371
11:28:56 [INFO]     Época 50/50 | Loss=0.002164
11:28:56 [INFO]   [814/960] CNN_w7_c16_k3_actleaky_relu_d0.0_dense32_e50_lr0.001_b16  RMSE_test=0.0137  MAE_test=0.0100
11:29:01 [INFO]     Época 10/50 | Loss=0.003142
11:29:06 [INFO]     Época 20/50 | Loss=0.002585
11:29:11 [INFO]     Época 30/50 | Loss=0.002334
11:29:17 [INFO]     Época 40/50 | Loss=0.002295
11:29:22 [INFO]     Época 50/50 | Loss=0.002136
11:29:22 [INFO]   [815/960] CNN_w7_c16_k3_actleaky_relu_d0.0_dense32_e50_lr0.0005_b8  RMSE_test=0.0138  MAE_test=0.0101
11:29:25 [INFO]     Época 10/50 | Loss=0.003395
11:29:27 [INFO]     Época 20/50 | Loss=0.002661
11:29:30 [INFO]     Época 30/50 | Loss=0.002333
11:29:33 [INFO]     Época 40/50 | Loss=0.002276
11:29:36 [INFO]     Época 50/50 | Loss=0.002187
11:29:36 [INFO]   [816/960] CNN_w7_c16_k3_actleaky_relu_d0.0_dense32_e50_lr0.0005_b16  RMSE_test=0.0143  MAE_test=0.0108
11:29:41 [INFO]     Época 10/50 | Loss=0.025652
11:29:47 [INFO]     Época 20/50 | Loss=0.024807
11:29:52 [INFO]     Época 30/50 | Loss=0.022129
11:29:58 [INFO]     Época 40/50 | Loss=0.022109
11:30:04 [INFO]     Época 50/50 | Loss=0.021810
11:30:04 [INFO]   [817/960] CNN_w7_c16_k3_actrelu_d0.1_dense16_e50_lr0.001_b8  RMSE_test=0.0156  MAE_test=0.0119
11:30:07 [INFO]     Época 10/50 | Loss=0.023095
11:30:09 [INFO]     Época 20/50 | Loss=0.021517
11:30:12 [INFO]     Época 30/50 | Loss=0.022222
11:30:15 [INFO]     Época 40/50 | Loss=0.020812
11:30:18 [INFO]     Época 50/50 | Loss=0.019739
11:30:18 [INFO]   [818/960] CNN_w7_c16_k3_actrelu_d0.1_dense16_e50_lr0.001_b16  RMSE_test=0.0192  MAE_test=0.0151
11:30:24 [INFO]     Época 10/50 | Loss=0.024997
11:30:29 [INFO]     Época 20/50 | Loss=0.023621
11:30:35 [INFO]     Época 30/50 | Loss=0.020970
11:30:41 [INFO]     Época 40/50 | Loss=0.020624
11:30:46 [INFO]     Época 50/50 | Loss=0.019439
11:30:46 [INFO]   [819/960] CNN_w7_c16_k3_actrelu_d0.1_dense16_e50_lr0.0005_b8  RMSE_test=0.0149  MAE_test=0.0111
11:30:49 [INFO]     Época 10/50 | Loss=0.024244
11:30:52 [INFO]     Época 20/50 | Loss=0.022002
11:30:55 [INFO]     Época 30/50 | Loss=0.022506
11:30:58 [INFO]     Época 40/50 | Loss=0.020608
11:31:01 [INFO]     Época 50/50 | Loss=0.019328
11:31:01 [INFO]   [820/960] CNN_w7_c16_k3_actrelu_d0.1_dense16_e50_lr0.0005_b16  RMSE_test=0.0183  MAE_test=0.0138
11:31:06 [INFO]     Época 10/50 | Loss=0.017101
11:31:12 [INFO]     Época 20/50 | Loss=0.014729
11:31:18 [INFO]     Época 30/50 | Loss=0.014723
11:31:23 [INFO]     Época 40/50 | Loss=0.013837
11:31:29 [INFO]     Época 50/50 | Loss=0.014716
11:31:29 [INFO]   [821/960] CNN_w7_c16_k3_actrelu_d0.1_dense32_e50_lr0.001_b8  RMSE_test=0.0166  MAE_test=0.0126
11:31:32 [INFO]     Época 10/50 | Loss=0.017558
11:31:35 [INFO]     Época 20/50 | Loss=0.015246
11:31:38 [INFO]     Época 30/50 | Loss=0.013617
11:31:41 [INFO]     Época 40/50 | Loss=0.013427
11:31:43 [INFO]     Época 50/50 | Loss=0.013478
11:31:43 [INFO]   [822/960] CNN_w7_c16_k3_actrelu_d0.1_dense32_e50_lr0.001_b16  RMSE_test=0.0163  MAE_test=0.0125
11:31:49 [INFO]     Época 10/50 | Loss=0.017407
11:31:55 [INFO]     Época 20/50 | Loss=0.014843
11:32:00 [INFO]     Época 30/50 | Loss=0.013937
11:32:06 [INFO]     Época 40/50 | Loss=0.012668
11:32:12 [INFO]     Época 50/50 | Loss=0.013327
11:32:12 [INFO]   [823/960] CNN_w7_c16_k3_actrelu_d0.1_dense32_e50_lr0.0005_b8  RMSE_test=0.0150  MAE_test=0.0114
11:32:14 [INFO]     Época 10/50 | Loss=0.018330
11:32:17 [INFO]     Época 20/50 | Loss=0.015847
11:32:20 [INFO]     Época 30/50 | Loss=0.014029
11:32:23 [INFO]     Época 40/50 | Loss=0.013411
11:32:26 [INFO]     Época 50/50 | Loss=0.013146
11:32:26 [INFO]   [824/960] CNN_w7_c16_k3_actrelu_d0.1_dense32_e50_lr0.0005_b16  RMSE_test=0.0154  MAE_test=0.0118
11:32:32 [INFO]     Época 10/50 | Loss=0.024243
11:32:37 [INFO]     Época 20/50 | Loss=0.021143
11:32:43 [INFO]     Época 30/50 | Loss=0.017019
11:32:49 [INFO]     Época 40/50 | Loss=0.015541
11:32:54 [INFO]     Época 50/50 | Loss=0.014467
11:32:54 [INFO]   [825/960] CNN_w7_c16_k3_actleaky_relu_d0.1_dense16_e50_lr0.001_b8  RMSE_test=0.0153  MAE_test=0.0119
11:32:57 [INFO]     Época 10/50 | Loss=0.022656
11:33:00 [INFO]     Época 20/50 | Loss=0.020898
11:33:03 [INFO]     Época 30/50 | Loss=0.020400
11:33:06 [INFO]     Época 40/50 | Loss=0.017451
11:33:09 [INFO]     Época 50/50 | Loss=0.014933
11:33:09 [INFO]   [826/960] CNN_w7_c16_k3_actleaky_relu_d0.1_dense16_e50_lr0.001_b16  RMSE_test=0.0188  MAE_test=0.0147
11:33:14 [INFO]     Época 10/50 | Loss=0.024503
11:33:20 [INFO]     Época 20/50 | Loss=0.022528
11:33:26 [INFO]     Época 30/50 | Loss=0.019134
11:33:31 [INFO]     Época 40/50 | Loss=0.017266
11:33:37 [INFO]     Época 50/50 | Loss=0.015358
11:33:37 [INFO]   [827/960] CNN_w7_c16_k3_actleaky_relu_d0.1_dense16_e50_lr0.0005_b8  RMSE_test=0.0142  MAE_test=0.0108
11:33:40 [INFO]     Época 10/50 | Loss=0.023187
11:33:43 [INFO]     Época 20/50 | Loss=0.021250
11:33:46 [INFO]     Época 30/50 | Loss=0.021654
11:33:49 [INFO]     Época 40/50 | Loss=0.019326
11:33:51 [INFO]     Época 50/50 | Loss=0.017079
11:33:51 [INFO]   [828/960] CNN_w7_c16_k3_actleaky_relu_d0.1_dense16_e50_lr0.0005_b16  RMSE_test=0.0174  MAE_test=0.0133
11:33:57 [INFO]     Época 10/50 | Loss=0.016665
11:34:03 [INFO]     Época 20/50 | Loss=0.013502
11:34:08 [INFO]     Época 30/50 | Loss=0.012302
11:34:14 [INFO]     Época 40/50 | Loss=0.011431
11:34:19 [INFO]     Época 50/50 | Loss=0.011525
11:34:19 [INFO]   [829/960] CNN_w7_c16_k3_actleaky_relu_d0.1_dense32_e50_lr0.001_b8  RMSE_test=0.0167  MAE_test=0.0127
11:34:22 [INFO]     Época 10/50 | Loss=0.017151
11:34:25 [INFO]     Época 20/50 | Loss=0.014667
11:34:28 [INFO]     Época 30/50 | Loss=0.012431
11:34:31 [INFO]     Época 40/50 | Loss=0.011813
11:34:34 [INFO]     Época 50/50 | Loss=0.010930
11:34:34 [INFO]   [830/960] CNN_w7_c16_k3_actleaky_relu_d0.1_dense32_e50_lr0.001_b16  RMSE_test=0.0163  MAE_test=0.0125
11:34:40 [INFO]     Época 10/50 | Loss=0.017146
11:34:45 [INFO]     Época 20/50 | Loss=0.014256
11:34:51 [INFO]     Época 30/50 | Loss=0.012686
11:34:56 [INFO]     Época 40/50 | Loss=0.011225
11:35:02 [INFO]     Época 50/50 | Loss=0.010949
11:35:02 [INFO]   [831/960] CNN_w7_c16_k3_actleaky_relu_d0.1_dense32_e50_lr0.0005_b8  RMSE_test=0.0151  MAE_test=0.0115
11:35:05 [INFO]     Época 10/50 | Loss=0.018075
11:35:08 [INFO]     Época 20/50 | Loss=0.015504
11:35:11 [INFO]     Época 30/50 | Loss=0.013466
11:35:14 [INFO]     Época 40/50 | Loss=0.012555
11:35:17 [INFO]     Época 50/50 | Loss=0.011874
11:35:17 [INFO]   [832/960] CNN_w7_c16_k3_actleaky_relu_d0.1_dense32_e50_lr0.0005_b16  RMSE_test=0.0152  MAE_test=0.0116
11:35:22 [INFO]     Época 10/50 | Loss=0.002886
11:35:28 [INFO]     Época 20/50 | Loss=0.002526
11:35:33 [INFO]     Época 30/50 | Loss=0.002366
11:35:38 [INFO]     Época 40/50 | Loss=0.002371
11:35:44 [INFO]     Época 50/50 | Loss=0.002192
11:35:44 [INFO]   [833/960] CNN_w7_c32_k2_actrelu_d0.0_dense16_e50_lr0.001_b8  RMSE_test=0.0134  MAE_test=0.0099
11:35:47 [INFO]     Época 10/50 | Loss=0.003108
11:35:49 [INFO]     Época 20/50 | Loss=0.002515
11:35:52 [INFO]     Época 30/50 | Loss=0.002351
11:35:55 [INFO]     Época 40/50 | Loss=0.002331
11:35:58 [INFO]     Época 50/50 | Loss=0.002147
11:35:58 [INFO]   [834/960] CNN_w7_c32_k2_actrelu_d0.0_dense16_e50_lr0.001_b16  RMSE_test=0.0126  MAE_test=0.0092
11:36:03 [INFO]     Época 10/50 | Loss=0.003173
11:36:09 [INFO]     Época 20/50 | Loss=0.002657
11:36:14 [INFO]     Época 30/50 | Loss=0.002289
11:36:19 [INFO]     Época 40/50 | Loss=0.002292
11:36:25 [INFO]     Época 50/50 | Loss=0.002145
11:36:25 [INFO]   [835/960] CNN_w7_c32_k2_actrelu_d0.0_dense16_e50_lr0.0005_b8  RMSE_test=0.0133  MAE_test=0.0098
11:36:27 [INFO]     Época 10/50 | Loss=0.003336
11:36:30 [INFO]     Época 20/50 | Loss=0.002506
11:36:33 [INFO]     Época 30/50 | Loss=0.002431
11:36:36 [INFO]     Época 40/50 | Loss=0.002277
11:36:39 [INFO]     Época 50/50 | Loss=0.002173
11:36:39 [INFO]   [836/960] CNN_w7_c32_k2_actrelu_d0.0_dense16_e50_lr0.0005_b16  RMSE_test=0.0134  MAE_test=0.0101
11:36:44 [INFO]     Época 10/50 | Loss=0.003351
11:36:49 [INFO]     Época 20/50 | Loss=0.002557
11:36:55 [INFO]     Época 30/50 | Loss=0.002380
11:37:00 [INFO]     Época 40/50 | Loss=0.002280
11:37:06 [INFO]     Época 50/50 | Loss=0.002151
11:37:06 [INFO]   [837/960] CNN_w7_c32_k2_actrelu_d0.0_dense32_e50_lr0.001_b8  RMSE_test=0.0136  MAE_test=0.0102
11:37:08 [INFO]     Época 10/50 | Loss=0.003302
11:37:11 [INFO]     Época 20/50 | Loss=0.002482
11:37:14 [INFO]     Época 30/50 | Loss=0.002395
11:37:17 [INFO]     Época 40/50 | Loss=0.002411
11:37:20 [INFO]     Época 50/50 | Loss=0.002202
11:37:20 [INFO]   [838/960] CNN_w7_c32_k2_actrelu_d0.0_dense32_e50_lr0.001_b16  RMSE_test=0.0136  MAE_test=0.0101
11:37:25 [INFO]     Época 10/50 | Loss=0.003416
11:37:30 [INFO]     Época 20/50 | Loss=0.002628
11:37:36 [INFO]     Época 30/50 | Loss=0.002304
11:37:41 [INFO]     Época 40/50 | Loss=0.002304
11:37:46 [INFO]     Época 50/50 | Loss=0.002143
11:37:46 [INFO]   [839/960] CNN_w7_c32_k2_actrelu_d0.0_dense32_e50_lr0.0005_b8  RMSE_test=0.0134  MAE_test=0.0101
11:37:49 [INFO]     Época 10/50 | Loss=0.003383
11:37:52 [INFO]     Época 20/50 | Loss=0.002580
11:37:55 [INFO]     Época 30/50 | Loss=0.002418
11:37:57 [INFO]     Época 40/50 | Loss=0.002338
11:38:00 [INFO]     Época 50/50 | Loss=0.002210
11:38:00 [INFO]   [840/960] CNN_w7_c32_k2_actrelu_d0.0_dense32_e50_lr0.0005_b16  RMSE_test=0.0132  MAE_test=0.0097
11:38:06 [INFO]     Época 10/50 | Loss=0.002993
11:38:11 [INFO]     Época 20/50 | Loss=0.002563
11:38:16 [INFO]     Época 30/50 | Loss=0.002344
11:38:22 [INFO]     Época 40/50 | Loss=0.002295
11:38:27 [INFO]     Época 50/50 | Loss=0.002157
11:38:27 [INFO]   [841/960] CNN_w7_c32_k2_actleaky_relu_d0.0_dense16_e50_lr0.001_b8  RMSE_test=0.0136  MAE_test=0.0102
11:38:30 [INFO]     Época 10/50 | Loss=0.003054
11:38:33 [INFO]     Época 20/50 | Loss=0.002483
11:38:36 [INFO]     Época 30/50 | Loss=0.002342
11:38:38 [INFO]     Época 40/50 | Loss=0.002369
11:38:41 [INFO]     Época 50/50 | Loss=0.002167
11:38:41 [INFO]   [842/960] CNN_w7_c32_k2_actleaky_relu_d0.0_dense16_e50_lr0.001_b16  RMSE_test=0.0125  MAE_test=0.0092
11:38:47 [INFO]     Época 10/50 | Loss=0.003226
11:38:52 [INFO]     Época 20/50 | Loss=0.002610
11:38:57 [INFO]     Época 30/50 | Loss=0.002300
11:39:03 [INFO]     Época 40/50 | Loss=0.002281
11:39:08 [INFO]     Época 50/50 | Loss=0.002085
11:39:08 [INFO]   [843/960] CNN_w7_c32_k2_actleaky_relu_d0.0_dense16_e50_lr0.0005_b8  RMSE_test=0.0134  MAE_test=0.0098
11:39:11 [INFO]     Época 10/50 | Loss=0.003276
11:39:14 [INFO]     Época 20/50 | Loss=0.002507
11:39:16 [INFO]     Época 30/50 | Loss=0.002359
11:39:19 [INFO]     Época 40/50 | Loss=0.002262
11:39:22 [INFO]     Época 50/50 | Loss=0.002135
11:39:22 [INFO]   [844/960] CNN_w7_c32_k2_actleaky_relu_d0.0_dense16_e50_lr0.0005_b16  RMSE_test=0.0130  MAE_test=0.0096
11:39:27 [INFO]     Época 10/50 | Loss=0.003312
11:39:33 [INFO]     Época 20/50 | Loss=0.002590
11:39:38 [INFO]     Época 30/50 | Loss=0.002411
11:39:43 [INFO]     Época 40/50 | Loss=0.002276
11:39:49 [INFO]     Época 50/50 | Loss=0.002127
11:39:49 [INFO]   [845/960] CNN_w7_c32_k2_actleaky_relu_d0.0_dense32_e50_lr0.001_b8  RMSE_test=0.0138  MAE_test=0.0103
11:39:52 [INFO]     Época 10/50 | Loss=0.003212
11:39:54 [INFO]     Época 20/50 | Loss=0.002497
11:39:57 [INFO]     Época 30/50 | Loss=0.002397
11:40:00 [INFO]     Época 40/50 | Loss=0.002402
11:40:03 [INFO]     Época 50/50 | Loss=0.002177
11:40:03 [INFO]   [846/960] CNN_w7_c32_k2_actleaky_relu_d0.0_dense32_e50_lr0.001_b16  RMSE_test=0.0143  MAE_test=0.0106
11:40:08 [INFO]     Época 10/50 | Loss=0.003338
11:40:13 [INFO]     Época 20/50 | Loss=0.002623
11:40:19 [INFO]     Época 30/50 | Loss=0.002293
11:40:24 [INFO]     Época 40/50 | Loss=0.002292
11:40:29 [INFO]     Época 50/50 | Loss=0.002094
11:40:30 [INFO]   [847/960] CNN_w7_c32_k2_actleaky_relu_d0.0_dense32_e50_lr0.0005_b8  RMSE_test=0.0135  MAE_test=0.0101
11:40:32 [INFO]     Época 10/50 | Loss=0.003311
11:40:35 [INFO]     Época 20/50 | Loss=0.002595
11:40:38 [INFO]     Época 30/50 | Loss=0.002383
11:40:41 [INFO]     Época 40/50 | Loss=0.002329
11:40:43 [INFO]     Época 50/50 | Loss=0.002198
11:40:43 [INFO]   [848/960] CNN_w7_c32_k2_actleaky_relu_d0.0_dense32_e50_lr0.0005_b16  RMSE_test=0.0131  MAE_test=0.0097
11:40:49 [INFO]     Época 10/50 | Loss=0.026307
11:40:55 [INFO]     Época 20/50 | Loss=0.023297
11:41:01 [INFO]     Época 30/50 | Loss=0.023174
11:41:06 [INFO]     Época 40/50 | Loss=0.022235
11:41:12 [INFO]     Época 50/50 | Loss=0.022360
11:41:12 [INFO]   [849/960] CNN_w7_c32_k2_actrelu_d0.1_dense16_e50_lr0.001_b8  RMSE_test=0.0141  MAE_test=0.0108
11:41:15 [INFO]     Época 10/50 | Loss=0.022916
11:41:18 [INFO]     Época 20/50 | Loss=0.021686
11:41:21 [INFO]     Época 30/50 | Loss=0.022003
11:41:24 [INFO]     Época 40/50 | Loss=0.019658
11:41:27 [INFO]     Época 50/50 | Loss=0.019062
11:41:27 [INFO]   [850/960] CNN_w7_c32_k2_actrelu_d0.1_dense16_e50_lr0.001_b16  RMSE_test=0.0187  MAE_test=0.0143
11:41:33 [INFO]     Época 10/50 | Loss=0.023792
11:41:38 [INFO]     Época 20/50 | Loss=0.021117
11:41:44 [INFO]     Época 30/50 | Loss=0.020720
11:41:50 [INFO]     Época 40/50 | Loss=0.019598
11:41:56 [INFO]     Época 50/50 | Loss=0.019566
11:41:56 [INFO]   [851/960] CNN_w7_c32_k2_actrelu_d0.1_dense16_e50_lr0.0005_b8  RMSE_test=0.0141  MAE_test=0.0106
11:41:59 [INFO]     Época 10/50 | Loss=0.023679
11:42:02 [INFO]     Época 20/50 | Loss=0.021920
11:42:04 [INFO]     Época 30/50 | Loss=0.021569
11:42:07 [INFO]     Época 40/50 | Loss=0.019890
11:42:10 [INFO]     Época 50/50 | Loss=0.019044
11:42:10 [INFO]   [852/960] CNN_w7_c32_k2_actrelu_d0.1_dense16_e50_lr0.0005_b16  RMSE_test=0.0184  MAE_test=0.0136
11:42:16 [INFO]     Época 10/50 | Loss=0.017134
11:42:22 [INFO]     Época 20/50 | Loss=0.015158
11:42:28 [INFO]     Época 30/50 | Loss=0.014869
11:42:33 [INFO]     Época 40/50 | Loss=0.014510
11:42:39 [INFO]     Época 50/50 | Loss=0.013875
11:42:39 [INFO]   [853/960] CNN_w7_c32_k2_actrelu_d0.1_dense32_e50_lr0.001_b8  RMSE_test=0.0161  MAE_test=0.0122
11:42:42 [INFO]     Época 10/50 | Loss=0.016184
11:42:45 [INFO]     Época 20/50 | Loss=0.014366
11:42:48 [INFO]     Época 30/50 | Loss=0.013328
11:42:51 [INFO]     Época 40/50 | Loss=0.014445
11:42:54 [INFO]     Época 50/50 | Loss=0.012861
11:42:54 [INFO]   [854/960] CNN_w7_c32_k2_actrelu_d0.1_dense32_e50_lr0.001_b16  RMSE_test=0.0172  MAE_test=0.0131
11:43:00 [INFO]     Época 10/50 | Loss=0.016351
11:43:06 [INFO]     Época 20/50 | Loss=0.014294
11:43:11 [INFO]     Época 30/50 | Loss=0.013686
11:43:17 [INFO]     Época 40/50 | Loss=0.013315
11:43:23 [INFO]     Época 50/50 | Loss=0.012488
11:43:23 [INFO]   [855/960] CNN_w7_c32_k2_actrelu_d0.1_dense32_e50_lr0.0005_b8  RMSE_test=0.0151  MAE_test=0.0116
11:43:26 [INFO]     Época 10/50 | Loss=0.016299
11:43:29 [INFO]     Época 20/50 | Loss=0.014369
11:43:32 [INFO]     Época 30/50 | Loss=0.013404
11:43:35 [INFO]     Época 40/50 | Loss=0.014169
11:43:38 [INFO]     Época 50/50 | Loss=0.012525
11:43:38 [INFO]   [856/960] CNN_w7_c32_k2_actrelu_d0.1_dense32_e50_lr0.0005_b16  RMSE_test=0.0152  MAE_test=0.0115
11:43:43 [INFO]     Época 10/50 | Loss=0.023212
11:43:49 [INFO]     Época 20/50 | Loss=0.019625
11:43:55 [INFO]     Época 30/50 | Loss=0.017363
11:44:01 [INFO]     Época 40/50 | Loss=0.015485
11:44:06 [INFO]     Época 50/50 | Loss=0.014076
11:44:06 [INFO]   [857/960] CNN_w7_c32_k2_actleaky_relu_d0.1_dense16_e50_lr0.001_b8  RMSE_test=0.0170  MAE_test=0.0132
11:44:09 [INFO]     Época 10/50 | Loss=0.022533
11:44:12 [INFO]     Época 20/50 | Loss=0.021014
11:44:15 [INFO]     Época 30/50 | Loss=0.020636
11:44:18 [INFO]     Época 40/50 | Loss=0.016971
11:44:21 [INFO]     Época 50/50 | Loss=0.015415
11:44:21 [INFO]   [858/960] CNN_w7_c32_k2_actleaky_relu_d0.1_dense16_e50_lr0.001_b16  RMSE_test=0.0163  MAE_test=0.0126
11:44:27 [INFO]     Época 10/50 | Loss=0.023362
11:44:33 [INFO]     Época 20/50 | Loss=0.020452
11:44:38 [INFO]     Época 30/50 | Loss=0.019407
11:44:44 [INFO]     Época 40/50 | Loss=0.017514
11:44:50 [INFO]     Época 50/50 | Loss=0.015667
11:44:50 [INFO]   [859/960] CNN_w7_c32_k2_actleaky_relu_d0.1_dense16_e50_lr0.0005_b8  RMSE_test=0.0139  MAE_test=0.0105
11:44:53 [INFO]     Época 10/50 | Loss=0.023336
11:44:56 [INFO]     Época 20/50 | Loss=0.021558
11:44:59 [INFO]     Época 30/50 | Loss=0.020938
11:45:02 [INFO]     Época 40/50 | Loss=0.018813
11:45:05 [INFO]     Época 50/50 | Loss=0.017563
11:45:05 [INFO]   [860/960] CNN_w7_c32_k2_actleaky_relu_d0.1_dense16_e50_lr0.0005_b16  RMSE_test=0.0187  MAE_test=0.0141
11:45:10 [INFO]     Época 10/50 | Loss=0.016574
11:45:16 [INFO]     Época 20/50 | Loss=0.013922
11:45:22 [INFO]     Época 30/50 | Loss=0.012474
11:45:27 [INFO]     Época 40/50 | Loss=0.011044
11:45:33 [INFO]     Época 50/50 | Loss=0.010835
11:45:33 [INFO]   [861/960] CNN_w7_c32_k2_actleaky_relu_d0.1_dense32_e50_lr0.001_b8  RMSE_test=0.0166  MAE_test=0.0125
11:45:36 [INFO]     Época 10/50 | Loss=0.015679
11:45:39 [INFO]     Época 20/50 | Loss=0.013787
11:45:42 [INFO]     Época 30/50 | Loss=0.012444
11:45:45 [INFO]     Época 40/50 | Loss=0.013012
11:45:48 [INFO]     Época 50/50 | Loss=0.011259
11:45:48 [INFO]   [862/960] CNN_w7_c32_k2_actleaky_relu_d0.1_dense32_e50_lr0.001_b16  RMSE_test=0.0166  MAE_test=0.0127
11:45:54 [INFO]     Época 10/50 | Loss=0.016219
11:45:59 [INFO]     Época 20/50 | Loss=0.013775
11:46:05 [INFO]     Época 30/50 | Loss=0.012615
11:46:11 [INFO]     Época 40/50 | Loss=0.012001
11:46:17 [INFO]     Época 50/50 | Loss=0.010889
11:46:17 [INFO]   [863/960] CNN_w7_c32_k2_actleaky_relu_d0.1_dense32_e50_lr0.0005_b8  RMSE_test=0.0164  MAE_test=0.0126
11:46:20 [INFO]     Época 10/50 | Loss=0.015638
11:46:23 [INFO]     Época 20/50 | Loss=0.013894
11:46:26 [INFO]     Época 30/50 | Loss=0.012993
11:46:29 [INFO]     Época 40/50 | Loss=0.013528
11:46:31 [INFO]     Época 50/50 | Loss=0.011739
11:46:31 [INFO]   [864/960] CNN_w7_c32_k2_actleaky_relu_d0.1_dense32_e50_lr0.0005_b16  RMSE_test=0.0161  MAE_test=0.0123
11:46:37 [INFO]     Época 10/50 | Loss=0.003238
11:46:42 [INFO]     Época 20/50 | Loss=0.002659
11:46:47 [INFO]     Época 30/50 | Loss=0.002332
11:46:53 [INFO]     Época 40/50 | Loss=0.002353
11:46:58 [INFO]     Época 50/50 | Loss=0.002142
11:46:58 [INFO]   [865/960] CNN_w7_c32_k3_actrelu_d0.0_dense16_e50_lr0.001_b8  RMSE_test=0.0140  MAE_test=0.0105
11:47:01 [INFO]     Época 10/50 | Loss=0.003034
11:47:03 [INFO]     Época 20/50 | Loss=0.002666
11:47:06 [INFO]     Época 30/50 | Loss=0.002444
11:47:09 [INFO]     Época 40/50 | Loss=0.002288
11:47:12 [INFO]     Época 50/50 | Loss=0.002202
11:47:12 [INFO]   [866/960] CNN_w7_c32_k3_actrelu_d0.0_dense16_e50_lr0.001_b16  RMSE_test=0.0129  MAE_test=0.0095
11:47:17 [INFO]     Época 10/50 | Loss=0.003233
11:47:22 [INFO]     Época 20/50 | Loss=0.002545
11:47:27 [INFO]     Época 30/50 | Loss=0.002352
11:47:33 [INFO]     Época 40/50 | Loss=0.002363
11:47:38 [INFO]     Época 50/50 | Loss=0.002126
11:47:38 [INFO]   [867/960] CNN_w7_c32_k3_actrelu_d0.0_dense16_e50_lr0.0005_b8  RMSE_test=0.0136  MAE_test=0.0102
11:47:41 [INFO]     Época 10/50 | Loss=0.003290
11:47:43 [INFO]     Época 20/50 | Loss=0.002721
11:47:46 [INFO]     Época 30/50 | Loss=0.002434
11:47:49 [INFO]     Época 40/50 | Loss=0.002355
11:47:52 [INFO]     Época 50/50 | Loss=0.002171
11:47:52 [INFO]   [868/960] CNN_w7_c32_k3_actrelu_d0.0_dense16_e50_lr0.0005_b16  RMSE_test=0.0132  MAE_test=0.0097
11:47:57 [INFO]     Época 10/50 | Loss=0.003297
11:48:02 [INFO]     Época 20/50 | Loss=0.002616
11:48:08 [INFO]     Época 30/50 | Loss=0.002354
11:48:13 [INFO]     Época 40/50 | Loss=0.002347
11:48:18 [INFO]     Época 50/50 | Loss=0.002106
11:48:18 [INFO]   [869/960] CNN_w7_c32_k3_actrelu_d0.0_dense32_e50_lr0.001_b8  RMSE_test=0.0148  MAE_test=0.0110
11:48:21 [INFO]     Época 10/50 | Loss=0.003184
11:48:24 [INFO]     Época 20/50 | Loss=0.002854
11:48:26 [INFO]     Época 30/50 | Loss=0.002514
11:48:29 [INFO]     Época 40/50 | Loss=0.002377
11:48:32 [INFO]     Época 50/50 | Loss=0.002208
11:48:32 [INFO]   [870/960] CNN_w7_c32_k3_actrelu_d0.0_dense32_e50_lr0.001_b16  RMSE_test=0.0134  MAE_test=0.0099
11:48:37 [INFO]     Época 10/50 | Loss=0.003436
11:48:42 [INFO]     Época 20/50 | Loss=0.002698
11:48:48 [INFO]     Época 30/50 | Loss=0.002417
11:48:53 [INFO]     Época 40/50 | Loss=0.002361
11:48:58 [INFO]     Época 50/50 | Loss=0.002172
11:48:58 [INFO]   [871/960] CNN_w7_c32_k3_actrelu_d0.0_dense32_e50_lr0.0005_b8  RMSE_test=0.0140  MAE_test=0.0106
11:49:01 [INFO]     Época 10/50 | Loss=0.003126
11:49:04 [INFO]     Época 20/50 | Loss=0.002677
11:49:06 [INFO]     Época 30/50 | Loss=0.002453
11:49:09 [INFO]     Época 40/50 | Loss=0.002394
11:49:12 [INFO]     Época 50/50 | Loss=0.002232
11:49:12 [INFO]   [872/960] CNN_w7_c32_k3_actrelu_d0.0_dense32_e50_lr0.0005_b16  RMSE_test=0.0134  MAE_test=0.0096
11:49:17 [INFO]     Época 10/50 | Loss=0.003390
11:49:22 [INFO]     Época 20/50 | Loss=0.002598
11:49:28 [INFO]     Época 30/50 | Loss=0.002343
11:49:33 [INFO]     Época 40/50 | Loss=0.002394
11:49:38 [INFO]     Época 50/50 | Loss=0.002197
11:49:38 [INFO]   [873/960] CNN_w7_c32_k3_actleaky_relu_d0.0_dense16_e50_lr0.001_b8  RMSE_test=0.0139  MAE_test=0.0105
11:49:41 [INFO]     Época 10/50 | Loss=0.003054
11:49:44 [INFO]     Época 20/50 | Loss=0.002616
11:49:46 [INFO]     Época 30/50 | Loss=0.002445
11:49:49 [INFO]     Época 40/50 | Loss=0.002414
11:49:52 [INFO]     Época 50/50 | Loss=0.002170
11:49:52 [INFO]   [874/960] CNN_w7_c32_k3_actleaky_relu_d0.0_dense16_e50_lr0.001_b16  RMSE_test=0.0128  MAE_test=0.0093
11:49:57 [INFO]     Época 10/50 | Loss=0.003195
11:50:02 [INFO]     Época 20/50 | Loss=0.002546
11:50:08 [INFO]     Época 30/50 | Loss=0.002316
11:50:13 [INFO]     Época 40/50 | Loss=0.002261
11:50:18 [INFO]     Época 50/50 | Loss=0.002105
11:50:18 [INFO]   [875/960] CNN_w7_c32_k3_actleaky_relu_d0.0_dense16_e50_lr0.0005_b8  RMSE_test=0.0135  MAE_test=0.0100
11:50:21 [INFO]     Época 10/50 | Loss=0.003291
11:50:24 [INFO]     Época 20/50 | Loss=0.002667
11:50:26 [INFO]     Época 30/50 | Loss=0.002454
11:50:29 [INFO]     Época 40/50 | Loss=0.002323
11:50:32 [INFO]     Época 50/50 | Loss=0.002199
11:50:32 [INFO]   [876/960] CNN_w7_c32_k3_actleaky_relu_d0.0_dense16_e50_lr0.0005_b16  RMSE_test=0.0137  MAE_test=0.0102
11:50:37 [INFO]     Época 10/50 | Loss=0.003446
11:50:42 [INFO]     Época 20/50 | Loss=0.002604
11:50:48 [INFO]     Época 30/50 | Loss=0.002365
11:50:53 [INFO]     Época 40/50 | Loss=0.002369
11:50:58 [INFO]     Época 50/50 | Loss=0.002191
11:50:58 [INFO]   [877/960] CNN_w7_c32_k3_actleaky_relu_d0.0_dense32_e50_lr0.001_b8  RMSE_test=0.0142  MAE_test=0.0106
11:51:01 [INFO]     Época 10/50 | Loss=0.003167
11:51:03 [INFO]     Época 20/50 | Loss=0.002747
11:51:06 [INFO]     Época 30/50 | Loss=0.002525
11:51:09 [INFO]     Época 40/50 | Loss=0.002396
11:51:12 [INFO]     Época 50/50 | Loss=0.002237
11:51:12 [INFO]   [878/960] CNN_w7_c32_k3_actleaky_relu_d0.0_dense32_e50_lr0.001_b16  RMSE_test=0.0140  MAE_test=0.0103
11:51:17 [INFO]     Época 10/50 | Loss=0.003274
11:51:22 [INFO]     Época 20/50 | Loss=0.002597
11:51:27 [INFO]     Época 30/50 | Loss=0.002356
11:51:33 [INFO]     Época 40/50 | Loss=0.002350
11:51:38 [INFO]     Época 50/50 | Loss=0.002100
11:51:38 [INFO]   [879/960] CNN_w7_c32_k3_actleaky_relu_d0.0_dense32_e50_lr0.0005_b8  RMSE_test=0.0141  MAE_test=0.0105
11:51:41 [INFO]     Época 10/50 | Loss=0.003108
11:51:43 [INFO]     Época 20/50 | Loss=0.002749
11:51:46 [INFO]     Época 30/50 | Loss=0.002457
11:51:49 [INFO]     Época 40/50 | Loss=0.002388
11:51:52 [INFO]     Época 50/50 | Loss=0.002204
11:51:52 [INFO]   [880/960] CNN_w7_c32_k3_actleaky_relu_d0.0_dense32_e50_lr0.0005_b16  RMSE_test=0.0131  MAE_test=0.0095
11:51:57 [INFO]     Época 10/50 | Loss=0.025176
11:52:03 [INFO]     Época 20/50 | Loss=0.023433
11:52:09 [INFO]     Época 30/50 | Loss=0.022224
11:52:14 [INFO]     Época 40/50 | Loss=0.021552
11:52:20 [INFO]     Época 50/50 | Loss=0.020300
11:52:20 [INFO]   [881/960] CNN_w7_c32_k3_actrelu_d0.1_dense16_e50_lr0.001_b8  RMSE_test=0.0158  MAE_test=0.0121
11:52:23 [INFO]     Época 10/50 | Loss=0.024163
11:52:26 [INFO]     Época 20/50 | Loss=0.023053
11:52:29 [INFO]     Época 30/50 | Loss=0.025193
11:52:31 [INFO]     Época 40/50 | Loss=0.023405
11:52:34 [INFO]     Época 50/50 | Loss=0.021952
11:52:34 [INFO]   [882/960] CNN_w7_c32_k3_actrelu_d0.1_dense16_e50_lr0.001_b16  RMSE_test=0.0166  MAE_test=0.0128
11:52:40 [INFO]     Época 10/50 | Loss=0.025153
11:52:46 [INFO]     Época 20/50 | Loss=0.023024
11:52:51 [INFO]     Época 30/50 | Loss=0.021279
11:52:57 [INFO]     Época 40/50 | Loss=0.020708
11:53:03 [INFO]     Época 50/50 | Loss=0.019138
11:53:03 [INFO]   [883/960] CNN_w7_c32_k3_actrelu_d0.1_dense16_e50_lr0.0005_b8  RMSE_test=0.0152  MAE_test=0.0118
11:53:06 [INFO]     Época 10/50 | Loss=0.023350
11:53:08 [INFO]     Época 20/50 | Loss=0.021888
11:53:11 [INFO]     Época 30/50 | Loss=0.022675
11:53:14 [INFO]     Época 40/50 | Loss=0.021139
11:53:17 [INFO]     Época 50/50 | Loss=0.020066
11:53:17 [INFO]   [884/960] CNN_w7_c32_k3_actrelu_d0.1_dense16_e50_lr0.0005_b16  RMSE_test=0.0159  MAE_test=0.0124
11:53:23 [INFO]     Época 10/50 | Loss=0.017669
11:53:28 [INFO]     Época 20/50 | Loss=0.015008
11:53:34 [INFO]     Época 30/50 | Loss=0.015190
11:53:40 [INFO]     Época 40/50 | Loss=0.014184
11:53:45 [INFO]     Época 50/50 | Loss=0.014573
11:53:45 [INFO]   [885/960] CNN_w7_c32_k3_actrelu_d0.1_dense32_e50_lr0.001_b8  RMSE_test=0.0167  MAE_test=0.0124
11:53:48 [INFO]     Época 10/50 | Loss=0.015735
11:53:51 [INFO]     Época 20/50 | Loss=0.013982
11:53:54 [INFO]     Época 30/50 | Loss=0.014003
11:53:57 [INFO]     Época 40/50 | Loss=0.013318
11:54:00 [INFO]     Época 50/50 | Loss=0.013377
11:54:00 [INFO]   [886/960] CNN_w7_c32_k3_actrelu_d0.1_dense32_e50_lr0.001_b16  RMSE_test=0.0153  MAE_test=0.0114
11:54:06 [INFO]     Época 10/50 | Loss=0.016616
11:54:11 [INFO]     Época 20/50 | Loss=0.014076
11:54:17 [INFO]     Época 30/50 | Loss=0.013483
11:54:23 [INFO]     Época 40/50 | Loss=0.012712
11:54:28 [INFO]     Época 50/50 | Loss=0.012958
11:54:28 [INFO]   [887/960] CNN_w7_c32_k3_actrelu_d0.1_dense32_e50_lr0.0005_b8  RMSE_test=0.0141  MAE_test=0.0105
11:54:31 [INFO]     Época 10/50 | Loss=0.015959
11:54:34 [INFO]     Época 20/50 | Loss=0.014483
11:54:37 [INFO]     Época 30/50 | Loss=0.013705
11:54:40 [INFO]     Época 40/50 | Loss=0.012960
11:54:43 [INFO]     Época 50/50 | Loss=0.012411
11:54:43 [INFO]   [888/960] CNN_w7_c32_k3_actrelu_d0.1_dense32_e50_lr0.0005_b16  RMSE_test=0.0149  MAE_test=0.0114
11:54:49 [INFO]     Época 10/50 | Loss=0.023018
11:54:54 [INFO]     Época 20/50 | Loss=0.020144
11:55:00 [INFO]     Época 30/50 | Loss=0.016046
11:55:05 [INFO]     Época 40/50 | Loss=0.014652
11:55:11 [INFO]     Época 50/50 | Loss=0.013879
11:55:11 [INFO]   [889/960] CNN_w7_c32_k3_actleaky_relu_d0.1_dense16_e50_lr0.001_b8  RMSE_test=0.0165  MAE_test=0.0127
11:55:14 [INFO]     Época 10/50 | Loss=0.021518
11:55:17 [INFO]     Época 20/50 | Loss=0.019939
11:55:20 [INFO]     Época 30/50 | Loss=0.019638
11:55:23 [INFO]     Época 40/50 | Loss=0.016216
11:55:26 [INFO]     Época 50/50 | Loss=0.014405
11:55:26 [INFO]   [890/960] CNN_w7_c32_k3_actleaky_relu_d0.1_dense16_e50_lr0.001_b16  RMSE_test=0.0182  MAE_test=0.0133
11:55:31 [INFO]     Época 10/50 | Loss=0.023154
11:55:37 [INFO]     Época 20/50 | Loss=0.020844
11:55:43 [INFO]     Época 30/50 | Loss=0.018088
11:55:48 [INFO]     Época 40/50 | Loss=0.015567
11:55:54 [INFO]     Época 50/50 | Loss=0.013807
11:55:54 [INFO]   [891/960] CNN_w7_c32_k3_actleaky_relu_d0.1_dense16_e50_lr0.0005_b8  RMSE_test=0.0147  MAE_test=0.0111
11:55:57 [INFO]     Época 10/50 | Loss=0.021791
11:56:00 [INFO]     Época 20/50 | Loss=0.020494
11:56:03 [INFO]     Época 30/50 | Loss=0.020422
11:56:05 [INFO]     Época 40/50 | Loss=0.018355
11:56:08 [INFO]     Época 50/50 | Loss=0.016135
11:56:08 [INFO]   [892/960] CNN_w7_c32_k3_actleaky_relu_d0.1_dense16_e50_lr0.0005_b16  RMSE_test=0.0160  MAE_test=0.0123
11:56:14 [INFO]     Época 10/50 | Loss=0.017089
11:56:20 [INFO]     Época 20/50 | Loss=0.013778
11:56:25 [INFO]     Época 30/50 | Loss=0.012196
11:56:31 [INFO]     Época 40/50 | Loss=0.010640
11:56:37 [INFO]     Época 50/50 | Loss=0.010721
11:56:37 [INFO]   [893/960] CNN_w7_c32_k3_actleaky_relu_d0.1_dense32_e50_lr0.001_b8  RMSE_test=0.0155  MAE_test=0.0116
11:56:40 [INFO]     Época 10/50 | Loss=0.015156
11:56:42 [INFO]     Época 20/50 | Loss=0.013405
11:56:45 [INFO]     Época 30/50 | Loss=0.012675
11:56:48 [INFO]     Época 40/50 | Loss=0.011746
11:56:51 [INFO]     Época 50/50 | Loss=0.011116
11:56:51 [INFO]   [894/960] CNN_w7_c32_k3_actleaky_relu_d0.1_dense32_e50_lr0.001_b16  RMSE_test=0.0161  MAE_test=0.0121
11:56:57 [INFO]     Época 10/50 | Loss=0.016073
11:57:02 [INFO]     Época 20/50 | Loss=0.013252
11:57:08 [INFO]     Época 30/50 | Loss=0.012219
11:57:14 [INFO]     Época 40/50 | Loss=0.011017
11:57:19 [INFO]     Época 50/50 | Loss=0.011009
11:57:19 [INFO]   [895/960] CNN_w7_c32_k3_actleaky_relu_d0.1_dense32_e50_lr0.0005_b8  RMSE_test=0.0145  MAE_test=0.0109
11:57:22 [INFO]     Época 10/50 | Loss=0.015557
11:57:25 [INFO]     Época 20/50 | Loss=0.013856
11:57:28 [INFO]     Época 30/50 | Loss=0.012961
11:57:31 [INFO]     Época 40/50 | Loss=0.011930
11:57:34 [INFO]     Época 50/50 | Loss=0.011554
11:57:34 [INFO]   [896/960] CNN_w7_c32_k3_actleaky_relu_d0.1_dense32_e50_lr0.0005_b16  RMSE_test=0.0149  MAE_test=0.0113
11:57:41 [INFO]     Época 10/50 | Loss=0.003197
11:57:47 [INFO]     Época 20/50 | Loss=0.002745
11:57:54 [INFO]     Época 30/50 | Loss=0.002500
11:58:01 [INFO]     Época 40/50 | Loss=0.002340
11:58:07 [INFO]     Época 50/50 | Loss=0.002255
11:58:07 [INFO]   [897/960] CNN_w7_c16x32_k2_actrelu_d0.0_dense16_e50_lr0.001_b8  RMSE_test=0.0141  MAE_test=0.0108
11:58:11 [INFO]     Época 10/50 | Loss=0.003272
11:58:14 [INFO]     Época 20/50 | Loss=0.002695
11:58:18 [INFO]     Época 30/50 | Loss=0.002434
11:58:21 [INFO]     Época 40/50 | Loss=0.002443
11:58:24 [INFO]     Época 50/50 | Loss=0.002322
11:58:24 [INFO]   [898/960] CNN_w7_c16x32_k2_actrelu_d0.0_dense16_e50_lr0.001_b16  RMSE_test=0.0154  MAE_test=0.0118
11:58:31 [INFO]     Época 10/50 | Loss=0.003368
11:58:38 [INFO]     Época 20/50 | Loss=0.002637
11:58:45 [INFO]     Época 30/50 | Loss=0.002396
11:58:51 [INFO]     Época 40/50 | Loss=0.002404
11:58:58 [INFO]     Época 50/50 | Loss=0.002237
11:58:58 [INFO]   [899/960] CNN_w7_c16x32_k2_actrelu_d0.0_dense16_e50_lr0.0005_b8  RMSE_test=0.0148  MAE_test=0.0113
11:59:01 [INFO]     Época 10/50 | Loss=0.003788
11:59:05 [INFO]     Época 20/50 | Loss=0.002802
11:59:08 [INFO]     Época 30/50 | Loss=0.002403
11:59:12 [INFO]     Época 40/50 | Loss=0.002393
11:59:15 [INFO]     Época 50/50 | Loss=0.002219
11:59:15 [INFO]   [900/960] CNN_w7_c16x32_k2_actrelu_d0.0_dense16_e50_lr0.0005_b16  RMSE_test=0.0133  MAE_test=0.0099
11:59:22 [INFO]     Época 10/50 | Loss=0.003130
11:59:29 [INFO]     Época 20/50 | Loss=0.002666
11:59:35 [INFO]     Época 30/50 | Loss=0.002447
11:59:42 [INFO]     Época 40/50 | Loss=0.002324
11:59:49 [INFO]     Época 50/50 | Loss=0.002215
11:59:49 [INFO]   [901/960] CNN_w7_c16x32_k2_actrelu_d0.0_dense32_e50_lr0.001_b8  RMSE_test=0.0140  MAE_test=0.0106
11:59:52 [INFO]     Época 10/50 | Loss=0.003387
11:59:56 [INFO]     Época 20/50 | Loss=0.002613
11:59:59 [INFO]     Época 30/50 | Loss=0.002441
12:00:02 [INFO]     Época 40/50 | Loss=0.002454
12:00:06 [INFO]     Época 50/50 | Loss=0.002290
12:00:06 [INFO]   [902/960] CNN_w7_c16x32_k2_actrelu_d0.0_dense32_e50_lr0.001_b16  RMSE_test=0.0154  MAE_test=0.0117
12:00:12 [INFO]     Época 10/50 | Loss=0.003297
12:00:19 [INFO]     Época 20/50 | Loss=0.002634
12:00:26 [INFO]     Época 30/50 | Loss=0.002429
12:00:33 [INFO]     Época 40/50 | Loss=0.002317
12:00:39 [INFO]     Época 50/50 | Loss=0.002213
12:00:39 [INFO]   [903/960] CNN_w7_c16x32_k2_actrelu_d0.0_dense32_e50_lr0.0005_b8  RMSE_test=0.0148  MAE_test=0.0113
12:00:43 [INFO]     Época 10/50 | Loss=0.003836
12:00:46 [INFO]     Época 20/50 | Loss=0.002753
12:00:49 [INFO]     Época 30/50 | Loss=0.002407
12:00:53 [INFO]     Época 40/50 | Loss=0.002354
12:00:56 [INFO]     Época 50/50 | Loss=0.002238
12:00:56 [INFO]   [904/960] CNN_w7_c16x32_k2_actrelu_d0.0_dense32_e50_lr0.0005_b16  RMSE_test=0.0136  MAE_test=0.0102
12:01:03 [INFO]     Época 10/50 | Loss=0.003169
12:01:10 [INFO]     Época 20/50 | Loss=0.002745
12:01:16 [INFO]     Época 30/50 | Loss=0.002486
12:01:23 [INFO]     Época 40/50 | Loss=0.002351
12:01:30 [INFO]     Época 50/50 | Loss=0.002214
12:01:30 [INFO]   [905/960] CNN_w7_c16x32_k2_actleaky_relu_d0.0_dense16_e50_lr0.001_b8  RMSE_test=0.0145  MAE_test=0.0112
12:01:33 [INFO]     Época 10/50 | Loss=0.003192
12:01:37 [INFO]     Época 20/50 | Loss=0.002643
12:01:40 [INFO]     Época 30/50 | Loss=0.002549
12:01:43 [INFO]     Época 40/50 | Loss=0.002517
12:01:47 [INFO]     Época 50/50 | Loss=0.002371
12:01:47 [INFO]   [906/960] CNN_w7_c16x32_k2_actleaky_relu_d0.0_dense16_e50_lr0.001_b16  RMSE_test=0.0159  MAE_test=0.0120
12:01:53 [INFO]     Época 10/50 | Loss=0.003299
12:02:00 [INFO]     Época 20/50 | Loss=0.002643
12:02:07 [INFO]     Época 30/50 | Loss=0.002414
12:02:13 [INFO]     Época 40/50 | Loss=0.002377
12:02:20 [INFO]     Época 50/50 | Loss=0.002251
12:02:20 [INFO]   [907/960] CNN_w7_c16x32_k2_actleaky_relu_d0.0_dense16_e50_lr0.0005_b8  RMSE_test=0.0147  MAE_test=0.0113
12:02:24 [INFO]     Época 10/50 | Loss=0.003688
12:02:27 [INFO]     Época 20/50 | Loss=0.002766
12:02:30 [INFO]     Época 30/50 | Loss=0.002385
12:02:34 [INFO]     Época 40/50 | Loss=0.002333
12:02:37 [INFO]     Época 50/50 | Loss=0.002189
12:02:37 [INFO]   [908/960] CNN_w7_c16x32_k2_actleaky_relu_d0.0_dense16_e50_lr0.0005_b16  RMSE_test=0.0142  MAE_test=0.0105
12:02:44 [INFO]     Época 10/50 | Loss=0.003177
12:02:51 [INFO]     Época 20/50 | Loss=0.002625
12:02:57 [INFO]     Época 30/50 | Loss=0.002424
12:03:04 [INFO]     Época 40/50 | Loss=0.002293
12:03:11 [INFO]     Época 50/50 | Loss=0.002158
12:03:11 [INFO]   [909/960] CNN_w7_c16x32_k2_actleaky_relu_d0.0_dense32_e50_lr0.001_b8  RMSE_test=0.0144  MAE_test=0.0108
12:03:14 [INFO]     Época 10/50 | Loss=0.003161
12:03:17 [INFO]     Época 20/50 | Loss=0.002531
12:03:21 [INFO]     Época 30/50 | Loss=0.002359
12:03:24 [INFO]     Época 40/50 | Loss=0.002420
12:03:28 [INFO]     Época 50/50 | Loss=0.002296
12:03:28 [INFO]   [910/960] CNN_w7_c16x32_k2_actleaky_relu_d0.0_dense32_e50_lr0.001_b16  RMSE_test=0.0155  MAE_test=0.0117
12:03:34 [INFO]     Época 10/50 | Loss=0.003243
12:03:41 [INFO]     Época 20/50 | Loss=0.002597
12:03:48 [INFO]     Época 30/50 | Loss=0.002425
12:03:54 [INFO]     Época 40/50 | Loss=0.002343
12:04:01 [INFO]     Época 50/50 | Loss=0.002163
12:04:01 [INFO]   [911/960] CNN_w7_c16x32_k2_actleaky_relu_d0.0_dense32_e50_lr0.0005_b8  RMSE_test=0.0150  MAE_test=0.0111
12:04:05 [INFO]     Época 10/50 | Loss=0.003595
12:04:08 [INFO]     Época 20/50 | Loss=0.002645
12:04:11 [INFO]     Época 30/50 | Loss=0.002382
12:04:15 [INFO]     Época 40/50 | Loss=0.002351
12:04:18 [INFO]     Época 50/50 | Loss=0.002216
12:04:18 [INFO]   [912/960] CNN_w7_c16x32_k2_actleaky_relu_d0.0_dense32_e50_lr0.0005_b16  RMSE_test=0.0144  MAE_test=0.0108
12:04:25 [INFO]     Época 10/50 | Loss=0.028543
12:04:33 [INFO]     Época 20/50 | Loss=0.025906
12:04:40 [INFO]     Época 30/50 | Loss=0.023303
12:04:47 [INFO]     Época 40/50 | Loss=0.024230
12:04:54 [INFO]     Época 50/50 | Loss=0.021954
12:04:54 [INFO]   [913/960] CNN_w7_c16x32_k2_actrelu_d0.1_dense16_e50_lr0.001_b8  RMSE_test=0.0191  MAE_test=0.0148
12:04:58 [INFO]     Época 10/50 | Loss=0.027624
12:05:02 [INFO]     Época 20/50 | Loss=0.023944
12:05:05 [INFO]     Época 30/50 | Loss=0.023808
12:05:09 [INFO]     Época 40/50 | Loss=0.022732
12:05:13 [INFO]     Época 50/50 | Loss=0.022468
12:05:13 [INFO]   [914/960] CNN_w7_c16x32_k2_actrelu_d0.1_dense16_e50_lr0.001_b16  RMSE_test=0.0267  MAE_test=0.0191
12:05:20 [INFO]     Época 10/50 | Loss=0.028694
12:05:27 [INFO]     Época 20/50 | Loss=0.025595
12:05:34 [INFO]     Época 30/50 | Loss=0.023133
12:05:42 [INFO]     Época 40/50 | Loss=0.023731
12:05:49 [INFO]     Época 50/50 | Loss=0.022609
12:05:49 [INFO]   [915/960] CNN_w7_c16x32_k2_actrelu_d0.1_dense16_e50_lr0.0005_b8  RMSE_test=0.0201  MAE_test=0.0149
12:05:53 [INFO]     Época 10/50 | Loss=0.028581
12:05:56 [INFO]     Época 20/50 | Loss=0.024928
12:06:00 [INFO]     Época 30/50 | Loss=0.023902
12:06:04 [INFO]     Época 40/50 | Loss=0.023377
12:06:08 [INFO]     Época 50/50 | Loss=0.022609
12:06:08 [INFO]   [916/960] CNN_w7_c16x32_k2_actrelu_d0.1_dense16_e50_lr0.0005_b16  RMSE_test=0.0215  MAE_test=0.0159
12:06:15 [INFO]     Época 10/50 | Loss=0.019241
12:06:22 [INFO]     Época 20/50 | Loss=0.018515
12:06:29 [INFO]     Época 30/50 | Loss=0.016255
12:06:36 [INFO]     Época 40/50 | Loss=0.016420
12:06:44 [INFO]     Época 50/50 | Loss=0.014794
12:06:44 [INFO]   [917/960] CNN_w7_c16x32_k2_actrelu_d0.1_dense32_e50_lr0.001_b8  RMSE_test=0.0158  MAE_test=0.0120
12:06:47 [INFO]     Época 10/50 | Loss=0.019913
12:06:51 [INFO]     Época 20/50 | Loss=0.016553
12:06:55 [INFO]     Época 30/50 | Loss=0.015156
12:06:58 [INFO]     Época 40/50 | Loss=0.015523
12:07:02 [INFO]     Época 50/50 | Loss=0.014653
12:07:02 [INFO]   [918/960] CNN_w7_c16x32_k2_actrelu_d0.1_dense32_e50_lr0.001_b16  RMSE_test=0.0300  MAE_test=0.0226
12:07:09 [INFO]     Época 10/50 | Loss=0.018556
12:07:16 [INFO]     Época 20/50 | Loss=0.017011
12:07:24 [INFO]     Época 30/50 | Loss=0.015288
12:07:31 [INFO]     Época 40/50 | Loss=0.015099
12:07:38 [INFO]     Época 50/50 | Loss=0.014363
12:07:38 [INFO]   [919/960] CNN_w7_c16x32_k2_actrelu_d0.1_dense32_e50_lr0.0005_b8  RMSE_test=0.0224  MAE_test=0.0171
12:07:42 [INFO]     Época 10/50 | Loss=0.020617
12:07:45 [INFO]     Época 20/50 | Loss=0.017007
12:07:49 [INFO]     Época 30/50 | Loss=0.015459
12:07:53 [INFO]     Época 40/50 | Loss=0.015600
12:07:56 [INFO]     Época 50/50 | Loss=0.015135
12:07:56 [INFO]   [920/960] CNN_w7_c16x32_k2_actrelu_d0.1_dense32_e50_lr0.0005_b16  RMSE_test=0.0234  MAE_test=0.0179
12:08:04 [INFO]     Época 10/50 | Loss=0.024273
12:08:11 [INFO]     Época 20/50 | Loss=0.019712
12:08:18 [INFO]     Época 30/50 | Loss=0.016629
12:08:25 [INFO]     Época 40/50 | Loss=0.016360
12:08:32 [INFO]     Época 50/50 | Loss=0.014992
12:08:32 [INFO]   [921/960] CNN_w7_c16x32_k2_actleaky_relu_d0.1_dense16_e50_lr0.001_b8  RMSE_test=0.0242  MAE_test=0.0183
12:08:36 [INFO]     Época 10/50 | Loss=0.026049
12:08:40 [INFO]     Época 20/50 | Loss=0.021578
12:08:43 [INFO]     Época 30/50 | Loss=0.019247
12:08:47 [INFO]     Época 40/50 | Loss=0.016987
12:08:51 [INFO]     Época 50/50 | Loss=0.016349
12:08:51 [INFO]   [922/960] CNN_w7_c16x32_k2_actleaky_relu_d0.1_dense16_e50_lr0.001_b16  RMSE_test=0.0233  MAE_test=0.0177
12:08:58 [INFO]     Época 10/50 | Loss=0.026323
12:09:05 [INFO]     Época 20/50 | Loss=0.022308
12:09:12 [INFO]     Época 30/50 | Loss=0.017838
12:09:20 [INFO]     Época 40/50 | Loss=0.016428
12:09:27 [INFO]     Época 50/50 | Loss=0.015054
12:09:27 [INFO]   [923/960] CNN_w7_c16x32_k2_actleaky_relu_d0.1_dense16_e50_lr0.0005_b8  RMSE_test=0.0208  MAE_test=0.0156
12:09:30 [INFO]     Época 10/50 | Loss=0.026848
12:09:34 [INFO]     Época 20/50 | Loss=0.023226
12:09:38 [INFO]     Época 30/50 | Loss=0.021488
12:09:41 [INFO]     Época 40/50 | Loss=0.020033
12:09:45 [INFO]     Época 50/50 | Loss=0.018114
12:09:45 [INFO]   [924/960] CNN_w7_c16x32_k2_actleaky_relu_d0.1_dense16_e50_lr0.0005_b16  RMSE_test=0.0236  MAE_test=0.0176
12:09:52 [INFO]     Época 10/50 | Loss=0.017088
12:10:00 [INFO]     Época 20/50 | Loss=0.015491
12:10:07 [INFO]     Época 30/50 | Loss=0.013124
12:10:14 [INFO]     Época 40/50 | Loss=0.012736
12:10:21 [INFO]     Época 50/50 | Loss=0.012485
12:10:21 [INFO]   [925/960] CNN_w7_c16x32_k2_actleaky_relu_d0.1_dense32_e50_lr0.001_b8  RMSE_test=0.0202  MAE_test=0.0156
12:10:25 [INFO]     Época 10/50 | Loss=0.018822
12:10:29 [INFO]     Época 20/50 | Loss=0.014889
12:10:32 [INFO]     Época 30/50 | Loss=0.013107
12:10:36 [INFO]     Época 40/50 | Loss=0.013577
12:10:40 [INFO]     Época 50/50 | Loss=0.012351
12:10:40 [INFO]   [926/960] CNN_w7_c16x32_k2_actleaky_relu_d0.1_dense32_e50_lr0.001_b16  RMSE_test=0.0277  MAE_test=0.0210
12:10:47 [INFO]     Época 10/50 | Loss=0.017433
12:10:54 [INFO]     Época 20/50 | Loss=0.015709
12:11:01 [INFO]     Época 30/50 | Loss=0.013252
12:11:08 [INFO]     Época 40/50 | Loss=0.012696
12:11:16 [INFO]     Época 50/50 | Loss=0.011717
12:11:16 [INFO]   [927/960] CNN_w7_c16x32_k2_actleaky_relu_d0.1_dense32_e50_lr0.0005_b8  RMSE_test=0.0194  MAE_test=0.0151
12:11:19 [INFO]     Época 10/50 | Loss=0.019820
12:11:23 [INFO]     Época 20/50 | Loss=0.015725
12:11:27 [INFO]     Época 30/50 | Loss=0.014154
12:11:30 [INFO]     Época 40/50 | Loss=0.014113
12:11:34 [INFO]     Época 50/50 | Loss=0.013031
12:11:34 [INFO]   [928/960] CNN_w7_c16x32_k2_actleaky_relu_d0.1_dense32_e50_lr0.0005_b16  RMSE_test=0.0237  MAE_test=0.0181
12:11:40 [INFO]     Época 10/50 | Loss=0.003381
12:11:47 [INFO]     Época 20/50 | Loss=0.002544
12:11:53 [INFO]     Época 30/50 | Loss=0.002303
12:11:59 [INFO]     Época 40/50 | Loss=0.002210
12:12:06 [INFO]     Época 50/50 | Loss=0.002056
12:12:06 [INFO]   [929/960] CNN_w7_c16x32_k3_actrelu_d0.0_dense16_e50_lr0.001_b8  RMSE_test=0.0146  MAE_test=0.0109
12:12:09 [INFO]     Época 10/50 | Loss=0.003233
12:12:12 [INFO]     Época 20/50 | Loss=0.002606
12:12:15 [INFO]     Época 30/50 | Loss=0.002382
12:12:18 [INFO]     Época 40/50 | Loss=0.002226
12:12:22 [INFO]     Época 50/50 | Loss=0.002049
12:12:22 [INFO]   [930/960] CNN_w7_c16x32_k3_actrelu_d0.0_dense16_e50_lr0.001_b16  RMSE_test=0.0134  MAE_test=0.0097
12:12:28 [INFO]     Época 10/50 | Loss=0.003242
12:12:34 [INFO]     Época 20/50 | Loss=0.002669
12:12:41 [INFO]     Época 30/50 | Loss=0.002345
12:12:47 [INFO]     Época 40/50 | Loss=0.002232
12:12:53 [INFO]     Época 50/50 | Loss=0.002024
12:12:53 [INFO]   [931/960] CNN_w7_c16x32_k3_actrelu_d0.0_dense16_e50_lr0.0005_b8  RMSE_test=0.0146  MAE_test=0.0107
12:12:57 [INFO]     Época 10/50 | Loss=0.003731
12:13:00 [INFO]     Época 20/50 | Loss=0.002648
12:13:03 [INFO]     Época 30/50 | Loss=0.002420
12:13:06 [INFO]     Época 40/50 | Loss=0.002305
12:13:10 [INFO]     Época 50/50 | Loss=0.002192
12:13:10 [INFO]   [932/960] CNN_w7_c16x32_k3_actrelu_d0.0_dense16_e50_lr0.0005_b16  RMSE_test=0.0136  MAE_test=0.0100
12:13:16 [INFO]     Época 10/50 | Loss=0.003514
12:13:22 [INFO]     Época 20/50 | Loss=0.002576
12:13:29 [INFO]     Época 30/50 | Loss=0.002275
12:13:35 [INFO]     Época 40/50 | Loss=0.002204
12:13:41 [INFO]     Época 50/50 | Loss=0.002070
12:13:41 [INFO]   [933/960] CNN_w7_c16x32_k3_actrelu_d0.0_dense32_e50_lr0.001_b8  RMSE_test=0.0142  MAE_test=0.0105
12:13:44 [INFO]     Época 10/50 | Loss=0.003187
12:13:48 [INFO]     Época 20/50 | Loss=0.002645
12:13:51 [INFO]     Época 30/50 | Loss=0.002404
12:13:54 [INFO]     Época 40/50 | Loss=0.002406
12:13:57 [INFO]     Época 50/50 | Loss=0.002067
12:13:57 [INFO]   [934/960] CNN_w7_c16x32_k3_actrelu_d0.0_dense32_e50_lr0.001_b16  RMSE_test=0.0130  MAE_test=0.0095
12:14:04 [INFO]     Época 10/50 | Loss=0.003373
12:14:10 [INFO]     Época 20/50 | Loss=0.002670
12:14:16 [INFO]     Época 30/50 | Loss=0.002365
12:14:23 [INFO]     Época 40/50 | Loss=0.002243
12:14:29 [INFO]     Época 50/50 | Loss=0.002028
12:14:29 [INFO]   [935/960] CNN_w7_c16x32_k3_actrelu_d0.0_dense32_e50_lr0.0005_b8  RMSE_test=0.0141  MAE_test=0.0104
12:14:32 [INFO]     Época 10/50 | Loss=0.003740
12:14:35 [INFO]     Época 20/50 | Loss=0.002745
12:14:39 [INFO]     Época 30/50 | Loss=0.002518
12:14:42 [INFO]     Época 40/50 | Loss=0.002380
12:14:45 [INFO]     Época 50/50 | Loss=0.002178
12:14:45 [INFO]   [936/960] CNN_w7_c16x32_k3_actrelu_d0.0_dense32_e50_lr0.0005_b16  RMSE_test=0.0138  MAE_test=0.0102
12:14:51 [INFO]     Época 10/50 | Loss=0.003241
12:14:58 [INFO]     Época 20/50 | Loss=0.002602
12:15:04 [INFO]     Época 30/50 | Loss=0.002299
12:15:10 [INFO]     Época 40/50 | Loss=0.002196
12:15:17 [INFO]     Época 50/50 | Loss=0.002097
12:15:17 [INFO]   [937/960] CNN_w7_c16x32_k3_actleaky_relu_d0.0_dense16_e50_lr0.001_b8  RMSE_test=0.0138  MAE_test=0.0101
12:15:20 [INFO]     Época 10/50 | Loss=0.003122
12:15:23 [INFO]     Época 20/50 | Loss=0.002546
12:15:26 [INFO]     Época 30/50 | Loss=0.002348
12:15:29 [INFO]     Época 40/50 | Loss=0.002268
12:15:33 [INFO]     Época 50/50 | Loss=0.002069
12:15:33 [INFO]   [938/960] CNN_w7_c16x32_k3_actleaky_relu_d0.0_dense16_e50_lr0.001_b16  RMSE_test=0.0140  MAE_test=0.0103
12:15:39 [INFO]     Época 10/50 | Loss=0.003243
12:15:45 [INFO]     Época 20/50 | Loss=0.002715
12:15:51 [INFO]     Época 30/50 | Loss=0.002397
12:15:58 [INFO]     Época 40/50 | Loss=0.002299
12:16:04 [INFO]     Época 50/50 | Loss=0.002074
12:16:04 [INFO]   [939/960] CNN_w7_c16x32_k3_actleaky_relu_d0.0_dense16_e50_lr0.0005_b8  RMSE_test=0.0141  MAE_test=0.0106
12:16:07 [INFO]     Época 10/50 | Loss=0.003600
12:16:11 [INFO]     Época 20/50 | Loss=0.002610
12:16:14 [INFO]     Época 30/50 | Loss=0.002434
12:16:17 [INFO]     Época 40/50 | Loss=0.002272
12:16:20 [INFO]     Época 50/50 | Loss=0.002162
12:16:20 [INFO]   [940/960] CNN_w7_c16x32_k3_actleaky_relu_d0.0_dense16_e50_lr0.0005_b16  RMSE_test=0.0134  MAE_test=0.0099
12:16:27 [INFO]     Época 10/50 | Loss=0.003658
12:16:33 [INFO]     Época 20/50 | Loss=0.002585
12:16:39 [INFO]     Época 30/50 | Loss=0.002383
12:16:45 [INFO]     Época 40/50 | Loss=0.002201
12:16:52 [INFO]     Época 50/50 | Loss=0.002096
12:16:52 [INFO]   [941/960] CNN_w7_c16x32_k3_actleaky_relu_d0.0_dense32_e50_lr0.001_b8  RMSE_test=0.0141  MAE_test=0.0105
12:16:55 [INFO]     Época 10/50 | Loss=0.003155
12:16:58 [INFO]     Época 20/50 | Loss=0.002595
12:17:01 [INFO]     Época 30/50 | Loss=0.002384
12:17:05 [INFO]     Época 40/50 | Loss=0.002337
12:17:08 [INFO]     Época 50/50 | Loss=0.002023
12:17:08 [INFO]   [942/960] CNN_w7_c16x32_k3_actleaky_relu_d0.0_dense32_e50_lr0.001_b16  RMSE_test=0.0132  MAE_test=0.0096
12:17:14 [INFO]     Época 10/50 | Loss=0.003359
12:17:20 [INFO]     Época 20/50 | Loss=0.002644
12:17:27 [INFO]     Época 30/50 | Loss=0.002338
12:17:33 [INFO]     Época 40/50 | Loss=0.002184
12:17:39 [INFO]     Época 50/50 | Loss=0.002004
12:17:39 [INFO]   [943/960] CNN_w7_c16x32_k3_actleaky_relu_d0.0_dense32_e50_lr0.0005_b8  RMSE_test=0.0141  MAE_test=0.0103
12:17:42 [INFO]     Época 10/50 | Loss=0.003744
12:17:46 [INFO]     Época 20/50 | Loss=0.002711
12:17:49 [INFO]     Época 30/50 | Loss=0.002506
12:17:52 [INFO]     Época 40/50 | Loss=0.002315
12:17:55 [INFO]     Época 50/50 | Loss=0.002147
12:17:55 [INFO]   [944/960] CNN_w7_c16x32_k3_actleaky_relu_d0.0_dense32_e50_lr0.0005_b16  RMSE_test=0.0138  MAE_test=0.0104
12:18:02 [INFO]     Época 10/50 | Loss=0.025122
12:18:09 [INFO]     Época 20/50 | Loss=0.022532
12:18:16 [INFO]     Época 30/50 | Loss=0.020959
12:18:23 [INFO]     Época 40/50 | Loss=0.020026
12:18:30 [INFO]     Época 50/50 | Loss=0.021163
12:18:30 [INFO]   [945/960] CNN_w7_c16x32_k3_actrelu_d0.1_dense16_e50_lr0.001_b8  RMSE_test=0.0172  MAE_test=0.0131
12:18:33 [INFO]     Época 10/50 | Loss=0.024997
12:18:37 [INFO]     Época 20/50 | Loss=0.021676
12:18:40 [INFO]     Época 30/50 | Loss=0.021257
12:18:44 [INFO]     Época 40/50 | Loss=0.020245
12:18:47 [INFO]     Época 50/50 | Loss=0.020368
12:18:47 [INFO]   [946/960] CNN_w7_c16x32_k3_actrelu_d0.1_dense16_e50_lr0.001_b16  RMSE_test=0.0210  MAE_test=0.0157
12:18:54 [INFO]     Época 10/50 | Loss=0.024818
12:19:01 [INFO]     Época 20/50 | Loss=0.022401
12:19:08 [INFO]     Época 30/50 | Loss=0.020507
12:19:15 [INFO]     Época 40/50 | Loss=0.019238
12:19:22 [INFO]     Época 50/50 | Loss=0.020293
12:19:22 [INFO]   [947/960] CNN_w7_c16x32_k3_actrelu_d0.1_dense16_e50_lr0.0005_b8  RMSE_test=0.0165  MAE_test=0.0125
12:19:25 [INFO]     Época 10/50 | Loss=0.025626
12:19:29 [INFO]     Época 20/50 | Loss=0.022377
12:19:32 [INFO]     Época 30/50 | Loss=0.021768
12:19:36 [INFO]     Época 40/50 | Loss=0.020398
12:19:39 [INFO]     Época 50/50 | Loss=0.020139
12:19:39 [INFO]   [948/960] CNN_w7_c16x32_k3_actrelu_d0.1_dense16_e50_lr0.0005_b16  RMSE_test=0.0219  MAE_test=0.0168
12:19:46 [INFO]     Época 10/50 | Loss=0.019846
12:19:53 [INFO]     Época 20/50 | Loss=0.017094
12:20:00 [INFO]     Época 30/50 | Loss=0.014982
12:20:07 [INFO]     Época 40/50 | Loss=0.015803
12:20:14 [INFO]     Época 50/50 | Loss=0.014923
12:20:14 [INFO]   [949/960] CNN_w7_c16x32_k3_actrelu_d0.1_dense32_e50_lr0.001_b8  RMSE_test=0.0183  MAE_test=0.0139
12:20:17 [INFO]     Época 10/50 | Loss=0.020745
12:20:21 [INFO]     Época 20/50 | Loss=0.018449
12:20:24 [INFO]     Época 30/50 | Loss=0.016038
12:20:28 [INFO]     Época 40/50 | Loss=0.015824
12:20:31 [INFO]     Época 50/50 | Loss=0.015155
12:20:31 [INFO]   [950/960] CNN_w7_c16x32_k3_actrelu_d0.1_dense32_e50_lr0.001_b16  RMSE_test=0.0202  MAE_test=0.0156
12:20:38 [INFO]     Época 10/50 | Loss=0.019347
12:20:45 [INFO]     Época 20/50 | Loss=0.016949
12:20:52 [INFO]     Época 30/50 | Loss=0.014916
12:20:58 [INFO]     Época 40/50 | Loss=0.015065
12:21:05 [INFO]     Época 50/50 | Loss=0.014420
12:21:05 [INFO]   [951/960] CNN_w7_c16x32_k3_actrelu_d0.1_dense32_e50_lr0.0005_b8  RMSE_test=0.0172  MAE_test=0.0132
12:21:09 [INFO]     Época 10/50 | Loss=0.020794
12:21:12 [INFO]     Época 20/50 | Loss=0.017721
12:21:16 [INFO]     Época 30/50 | Loss=0.015690
12:21:19 [INFO]     Época 40/50 | Loss=0.014653
12:21:23 [INFO]     Época 50/50 | Loss=0.014349
12:21:23 [INFO]   [952/960] CNN_w7_c16x32_k3_actrelu_d0.1_dense32_e50_lr0.0005_b16  RMSE_test=0.0223  MAE_test=0.0173
12:21:30 [INFO]     Época 10/50 | Loss=0.024102
12:21:37 [INFO]     Época 20/50 | Loss=0.020119
12:21:43 [INFO]     Época 30/50 | Loss=0.017022
12:21:50 [INFO]     Época 40/50 | Loss=0.016064
12:21:57 [INFO]     Época 50/50 | Loss=0.016233
12:21:57 [INFO]   [953/960] CNN_w7_c16x32_k3_actleaky_relu_d0.1_dense16_e50_lr0.001_b8  RMSE_test=0.0167  MAE_test=0.0129
12:22:00 [INFO]     Época 10/50 | Loss=0.024493
12:22:04 [INFO]     Época 20/50 | Loss=0.020760
12:22:07 [INFO]     Época 30/50 | Loss=0.019005
12:22:11 [INFO]     Época 40/50 | Loss=0.016820
12:22:14 [INFO]     Época 50/50 | Loss=0.016208
12:22:14 [INFO]   [954/960] CNN_w7_c16x32_k3_actleaky_relu_d0.1_dense16_e50_lr0.001_b16  RMSE_test=0.0188  MAE_test=0.0139
12:22:21 [INFO]     Época 10/50 | Loss=0.024525
12:22:28 [INFO]     Época 20/50 | Loss=0.021141
12:22:35 [INFO]     Época 30/50 | Loss=0.018008
12:22:42 [INFO]     Época 40/50 | Loss=0.016104
12:22:49 [INFO]     Época 50/50 | Loss=0.016073
12:22:49 [INFO]   [955/960] CNN_w7_c16x32_k3_actleaky_relu_d0.1_dense16_e50_lr0.0005_b8  RMSE_test=0.0160  MAE_test=0.0121
12:22:52 [INFO]     Época 10/50 | Loss=0.025373
12:22:56 [INFO]     Época 20/50 | Loss=0.021864
12:22:59 [INFO]     Época 30/50 | Loss=0.020895
12:23:03 [INFO]     Época 40/50 | Loss=0.018651
12:23:06 [INFO]     Época 50/50 | Loss=0.017347
12:23:06 [INFO]   [956/960] CNN_w7_c16x32_k3_actleaky_relu_d0.1_dense16_e50_lr0.0005_b16  RMSE_test=0.0213  MAE_test=0.0160
12:23:13 [INFO]     Época 10/50 | Loss=0.018317
12:23:20 [INFO]     Época 20/50 | Loss=0.014173
12:23:27 [INFO]     Época 30/50 | Loss=0.011271
12:23:34 [INFO]     Época 40/50 | Loss=0.011863
12:23:40 [INFO]     Época 50/50 | Loss=0.010254
12:23:40 [INFO]   [957/960] CNN_w7_c16x32_k3_actleaky_relu_d0.1_dense32_e50_lr0.001_b8  RMSE_test=0.0148  MAE_test=0.0111
12:23:44 [INFO]     Época 10/50 | Loss=0.018817
12:23:47 [INFO]     Época 20/50 | Loss=0.014400
12:23:51 [INFO]     Época 30/50 | Loss=0.012024
12:23:55 [INFO]     Época 40/50 | Loss=0.011644
12:23:58 [INFO]     Época 50/50 | Loss=0.010778
12:23:58 [INFO]   [958/960] CNN_w7_c16x32_k3_actleaky_relu_d0.1_dense32_e50_lr0.001_b16  RMSE_test=0.0196  MAE_test=0.0150
12:24:05 [INFO]     Época 10/50 | Loss=0.018433
12:24:12 [INFO]     Época 20/50 | Loss=0.015193
12:24:19 [INFO]     Época 30/50 | Loss=0.011961
12:24:25 [INFO]     Época 40/50 | Loss=0.011905
12:24:32 [INFO]     Época 50/50 | Loss=0.010632
12:24:32 [INFO]   [959/960] CNN_w7_c16x32_k3_actleaky_relu_d0.1_dense32_e50_lr0.0005_b8  RMSE_test=0.0180  MAE_test=0.0132
12:24:36 [INFO]     Época 10/50 | Loss=0.019179
12:24:39 [INFO]     Época 20/50 | Loss=0.015916
12:24:43 [INFO]     Época 30/50 | Loss=0.013876
12:24:46 [INFO]     Época 40/50 | Loss=0.012659
12:24:50 [INFO]     Época 50/50 | Loss=0.011564
12:24:50 [INFO]   [960/960] CNN_w7_c16x32_k3_actleaky_relu_d0.1_dense32_e50_lr0.0005_b16  RMSE_test=0.0220  MAE_test=0.0168
12:24:50 [INFO] [OK] Top 1 — CNN_w6_c32_k2_actrelu_d0.0_dense16_e50_lr0.001_b8  RMSE_test=0.010912  gap_rmse=0.00061
12:24:50 [INFO] [PENDIENTE] CNN Fase 2 — configura FINAL_CONFIG_CNN en final_configs.py.
12:24:50 [INFO] ======================================================================
12:24:50 [INFO] ANÁLISIS VISUAL — FASE 1
12:24:50 [INFO] ======================================================================
12:24:50 [INFO] Analizando MLP R11...
12:24:50 [INFO] [OK] /home/bvaldiviezo/tesis/Deforestation/deforestation-forecast/data/interim/O3/modelos/mlp/mlp_analisis_ventanas.png
12:24:50 [INFO] [OK] /home/bvaldiviezo/tesis/Deforestation/deforestation-forecast/data/interim/O3/modelos/mlp/mlp_analisis_top5_w6.png
12:24:50 [INFO]   Mejor ventana: 6
12:24:50 [INFO] Analizando LSTM R11...
12:24:50 [INFO] [OK] /home/bvaldiviezo/tesis/Deforestation/deforestation-forecast/data/interim/O3/modelos/lstm/lstm_analisis_ventanas.png
12:24:50 [INFO] [OK] /home/bvaldiviezo/tesis/Deforestation/deforestation-forecast/data/interim/O3/modelos/lstm/lstm_analisis_top5_w6.png
12:24:50 [INFO]   Mejor ventana: 6
12:24:50 [INFO] Analizando CNN R11...
12:24:50 [INFO] [OK] /home/bvaldiviezo/tesis/Deforestation/deforestation-forecast/data/interim/O3/modelos/cnn/cnn_analisis_ventanas.png
12:24:51 [INFO] [OK] /home/bvaldiviezo/tesis/Deforestation/deforestation-forecast/data/interim/O3/modelos/cnn/cnn_analisis_top5_w6.png
12:24:51 [INFO]   Mejor ventana: 6
12:24:51 [INFO] [PENDIENTE] Comparación — faltan Fase 2 de: MLP, LSTM, CNN
            Completa las configs en final_configs.py y vuelve a ejecutar.
