04:32:35 [INFO] [OK] Log de esta corrida: /home/bvaldiviezo/tesis/Deforestation/deforestation-forecast/data/logs/r11_run_debug_2026-06-19_04-32-35.log
04:32:35 [INFO] ======================================================================
04:32:35 [INFO] R11 — PIPELINE DE MODELOS MULTIVARIABLES
04:32:35 [INFO] ======================================================================
04:32:35 [INFO] Cargando panel: /home/bvaldiviezo/tesis/Deforestation/deforestation-forecast/data/interim/O3/panel-integrado/panel_integrado_entrenamiento.csv
04:32:35 [INFO] Panel: 180 distritos × 40 años (1985–2024) × 7 canales
04:32:35 [INFO] Panel construido: shape=(180, 40, 7), dtype=float32
04:32:35 [INFO] Aplicando transformaciones (log1p) antes de escalar...
04:32:35 [INFO]   log1p aplicado a canal 2 (pct_anp)
04:32:35 [INFO]   log1p aplicado a canal 3 (densidad_carreteras_km_km2)
04:32:35 [INFO]   log1p aplicado a canal 4 (densidad_rios_km_km2)
04:32:35 [INFO] Escalador ajustado sobre 6300 filas (primeros 35 años × 180 distritos)
04:32:35 [INFO]   pct_bosque: media=0.527278  std=0.211717
04:32:35 [INFO]   pct_agropecuario: media=0.335002  std=0.192727
04:32:35 [INFO]   pct_anp: media=0.023612  std=0.083592
04:32:35 [INFO]   densidad_carreteras_km_km2: media=0.255465  std=0.164742
04:32:35 [INFO]   densidad_rios_km_km2: media=0.038879  std=0.042009
04:32:35 [INFO]   elev_media_m: media=1476.377711  std=923.021816
04:32:35 [INFO]   pendiente_media_deg: media=17.395029  std=7.604495
04:32:35 [INFO] [OK] Escalador guardado: /home/bvaldiviezo/tesis/Deforestation/deforestation-forecast/data/interim/O3/modelos/escalador/escalador_standard.pkl
04:32:35 [INFO] [OK] Metadatos guardados: /home/bvaldiviezo/tesis/Deforestation/deforestation-forecast/data/interim/O3/modelos/escalador/escalador_metadatos.json
04:32:35 [INFO] Panel escalado: shape=(180, 40, 7)
04:32:35 [INFO] Construyendo datasets de ventanas deslizantes multivariables...
04:32:35 [INFO] w=3 | X_train=(5760, 3, 7) y_train=(5760, 1) X_test=(900, 3, 7) y_test=(900, 1)
04:32:35 [INFO] w=4 | X_train=(5580, 4, 7) y_train=(5580, 1) X_test=(900, 4, 7) y_test=(900, 1)
04:32:35 [INFO] w=5 | X_train=(5400, 5, 7) y_train=(5400, 1) X_test=(900, 5, 7) y_test=(900, 1)
04:32:35 [INFO] w=6 | X_train=(5220, 6, 7) y_train=(5220, 1) X_test=(900, 6, 7) y_test=(900, 1)
04:32:35 [INFO] w=7 | X_train=(5040, 7, 7) y_train=(5040, 1) X_test=(900, 7, 7) y_test=(900, 1)
04:32:35 [INFO] MLP R11 — Fase 1: búsqueda exploratoria...
04:32:35 [INFO] ======================================================================
04:32:35 [INFO] MLP R11 — Fase 1: búsqueda exploratoria de hiperparámetros
04:32:35 [INFO] Device: cuda
04:32:35 [INFO] Combinaciones totales: 240
04:32:42 [INFO]     Época 10/50 | Loss=0.003374
04:32:47 [INFO]     Época 20/50 | Loss=0.003002
04:32:52 [INFO]     Época 30/50 | Loss=0.002671
04:32:58 [INFO]     Época 40/50 | Loss=0.002614
04:33:03 [INFO]     Época 50/50 | Loss=0.002554
04:33:03 [INFO]   [1/240] MLP_w3_h32x16_actrelu_d0.0_e50_lr0.001_b8  RMSE_test=0.0134  MAE_test=0.0101
04:33:06 [INFO]     Época 10/50 | Loss=0.003224
04:33:09 [INFO]     Época 20/50 | Loss=0.002724
04:33:11 [INFO]     Época 30/50 | Loss=0.002571
04:33:14 [INFO]     Época 40/50 | Loss=0.002448
04:33:17 [INFO]     Época 50/50 | Loss=0.002548
04:33:17 [INFO]   [2/240] MLP_w3_h32x16_actrelu_d0.0_e50_lr0.001_b16  RMSE_test=0.0130  MAE_test=0.0096
04:33:22 [INFO]     Época 10/50 | Loss=0.003170
04:33:27 [INFO]     Época 20/50 | Loss=0.002715
04:33:33 [INFO]     Época 30/50 | Loss=0.002478
04:33:38 [INFO]     Época 40/50 | Loss=0.002415
04:33:43 [INFO]     Época 50/50 | Loss=0.002393
04:33:43 [INFO]   [3/240] MLP_w3_h32x16_actrelu_d0.0_e50_lr0.0005_b8  RMSE_test=0.0131  MAE_test=0.0098
04:33:46 [INFO]     Época 10/50 | Loss=0.003678
04:33:49 [INFO]     Época 20/50 | Loss=0.002760
04:33:51 [INFO]     Época 30/50 | Loss=0.002562
04:33:54 [INFO]     Época 40/50 | Loss=0.002370
04:33:57 [INFO]     Época 50/50 | Loss=0.002328
04:33:57 [INFO]   [4/240] MLP_w3_h32x16_actrelu_d0.0_e50_lr0.0005_b16  RMSE_test=0.0130  MAE_test=0.0096
04:34:02 [INFO]     Época 10/50 | Loss=0.003352
04:34:08 [INFO]     Época 20/50 | Loss=0.002935
04:34:13 [INFO]     Época 30/50 | Loss=0.002610
04:34:18 [INFO]     Época 40/50 | Loss=0.002573
04:34:23 [INFO]     Época 50/50 | Loss=0.002536
04:34:23 [INFO]   [5/240] MLP_w3_h32x16_actleaky_relu_d0.0_e50_lr0.001_b8  RMSE_test=0.0132  MAE_test=0.0100
04:34:26 [INFO]     Época 10/50 | Loss=0.003178
04:34:29 [INFO]     Época 20/50 | Loss=0.002743
04:34:32 [INFO]     Época 30/50 | Loss=0.002562
04:34:34 [INFO]     Época 40/50 | Loss=0.002430
04:34:37 [INFO]     Época 50/50 | Loss=0.002520
04:34:37 [INFO]   [6/240] MLP_w3_h32x16_actleaky_relu_d0.0_e50_lr0.001_b16  RMSE_test=0.0130  MAE_test=0.0096
04:34:42 [INFO]     Época 10/50 | Loss=0.003179
04:34:48 [INFO]     Época 20/50 | Loss=0.002728
04:34:53 [INFO]     Época 30/50 | Loss=0.002484
04:34:58 [INFO]     Época 40/50 | Loss=0.002431
04:35:04 [INFO]     Época 50/50 | Loss=0.002385
04:35:04 [INFO]   [7/240] MLP_w3_h32x16_actleaky_relu_d0.0_e50_lr0.0005_b8  RMSE_test=0.0131  MAE_test=0.0098
04:35:06 [INFO]     Época 10/50 | Loss=0.003645
04:35:09 [INFO]     Época 20/50 | Loss=0.002735
04:35:12 [INFO]     Época 30/50 | Loss=0.002544
04:35:14 [INFO]     Época 40/50 | Loss=0.002387
04:35:17 [INFO]     Época 50/50 | Loss=0.002356
04:35:17 [INFO]   [8/240] MLP_w3_h32x16_actleaky_relu_d0.0_e50_lr0.0005_b16  RMSE_test=0.0129  MAE_test=0.0095
04:35:23 [INFO]     Época 10/50 | Loss=0.026366
04:35:29 [INFO]     Época 20/50 | Loss=0.025010
04:35:34 [INFO]     Época 30/50 | Loss=0.024749
04:35:40 [INFO]     Época 40/50 | Loss=0.024604
04:35:46 [INFO]     Época 50/50 | Loss=0.024689
04:35:46 [INFO]   [9/240] MLP_w3_h32x16_actrelu_d0.1_e50_lr0.001_b8  RMSE_test=0.0169  MAE_test=0.0133
04:35:49 [INFO]     Época 10/50 | Loss=0.025986
04:35:52 [INFO]     Época 20/50 | Loss=0.024814
04:35:55 [INFO]     Época 30/50 | Loss=0.024577
04:35:57 [INFO]     Época 40/50 | Loss=0.024155
04:36:00 [INFO]     Época 50/50 | Loss=0.024018
04:36:00 [INFO]   [10/240] MLP_w3_h32x16_actrelu_d0.1_e50_lr0.001_b16  RMSE_test=0.0170  MAE_test=0.0132
04:36:06 [INFO]     Época 10/50 | Loss=0.026358
04:36:12 [INFO]     Época 20/50 | Loss=0.024450
04:36:18 [INFO]     Época 30/50 | Loss=0.023920
04:36:23 [INFO]     Época 40/50 | Loss=0.023266
04:36:29 [INFO]     Época 50/50 | Loss=0.022775
04:36:29 [INFO]   [11/240] MLP_w3_h32x16_actrelu_d0.1_e50_lr0.0005_b8  RMSE_test=0.0151  MAE_test=0.0116
04:36:32 [INFO]     Época 10/50 | Loss=0.027095
04:36:35 [INFO]     Época 20/50 | Loss=0.025317
04:36:38 [INFO]     Época 30/50 | Loss=0.024709
04:36:41 [INFO]     Época 40/50 | Loss=0.023993
04:36:44 [INFO]     Época 50/50 | Loss=0.023796
04:36:44 [INFO]   [12/240] MLP_w3_h32x16_actrelu_d0.1_e50_lr0.0005_b16  RMSE_test=0.0151  MAE_test=0.0114
04:36:49 [INFO]     Época 10/50 | Loss=0.023493
04:36:55 [INFO]     Época 20/50 | Loss=0.020060
04:37:01 [INFO]     Época 30/50 | Loss=0.018675
04:37:06 [INFO]     Época 40/50 | Loss=0.017662
04:37:12 [INFO]     Época 50/50 | Loss=0.016197
04:37:12 [INFO]   [13/240] MLP_w3_h32x16_actleaky_relu_d0.1_e50_lr0.001_b8  RMSE_test=0.0165  MAE_test=0.0126
04:37:15 [INFO]     Época 10/50 | Loss=0.023453
04:37:18 [INFO]     Época 20/50 | Loss=0.021078
04:37:21 [INFO]     Época 30/50 | Loss=0.019600
04:37:24 [INFO]     Época 40/50 | Loss=0.017974
04:37:27 [INFO]     Época 50/50 | Loss=0.017744
04:37:27 [INFO]   [14/240] MLP_w3_h32x16_actleaky_relu_d0.1_e50_lr0.001_b16  RMSE_test=0.0168  MAE_test=0.0129
04:37:33 [INFO]     Época 10/50 | Loss=0.025038
04:37:38 [INFO]     Época 20/50 | Loss=0.021622
04:37:44 [INFO]     Época 30/50 | Loss=0.019937
04:37:50 [INFO]     Época 40/50 | Loss=0.018503
04:37:55 [INFO]     Época 50/50 | Loss=0.017646
04:37:55 [INFO]   [15/240] MLP_w3_h32x16_actleaky_relu_d0.1_e50_lr0.0005_b8  RMSE_test=0.0142  MAE_test=0.0106
04:37:58 [INFO]     Época 10/50 | Loss=0.024975
04:38:01 [INFO]     Época 20/50 | Loss=0.022639
04:38:04 [INFO]     Época 30/50 | Loss=0.021441
04:38:07 [INFO]     Época 40/50 | Loss=0.019616
04:38:10 [INFO]     Época 50/50 | Loss=0.019184
04:38:10 [INFO]   [16/240] MLP_w3_h32x16_actleaky_relu_d0.1_e50_lr0.0005_b16  RMSE_test=0.0141  MAE_test=0.0104
04:38:15 [INFO]     Época 10/50 | Loss=0.003503
04:38:21 [INFO]     Época 20/50 | Loss=0.002978
04:38:26 [INFO]     Época 30/50 | Loss=0.002659
04:38:31 [INFO]     Época 40/50 | Loss=0.002523
04:38:36 [INFO]     Época 50/50 | Loss=0.002435
04:38:36 [INFO]   [17/240] MLP_w3_h64x32_actrelu_d0.0_e50_lr0.001_b8  RMSE_test=0.0134  MAE_test=0.0102
04:38:39 [INFO]     Época 10/50 | Loss=0.003337
04:38:42 [INFO]     Época 20/50 | Loss=0.002774
04:38:45 [INFO]     Época 30/50 | Loss=0.002653
04:38:47 [INFO]     Época 40/50 | Loss=0.002470
04:38:50 [INFO]     Época 50/50 | Loss=0.002573
04:38:50 [INFO]   [18/240] MLP_w3_h64x32_actrelu_d0.0_e50_lr0.001_b16  RMSE_test=0.0128  MAE_test=0.0095
04:38:55 [INFO]     Época 10/50 | Loss=0.003276
04:39:01 [INFO]     Época 20/50 | Loss=0.002824
04:39:06 [INFO]     Época 30/50 | Loss=0.002556
04:39:11 [INFO]     Época 40/50 | Loss=0.002472
04:39:16 [INFO]     Época 50/50 | Loss=0.002404
04:39:16 [INFO]   [19/240] MLP_w3_h64x32_actrelu_d0.0_e50_lr0.0005_b8  RMSE_test=0.0131  MAE_test=0.0100
04:39:19 [INFO]     Época 10/50 | Loss=0.003269
04:39:22 [INFO]     Época 20/50 | Loss=0.002694
04:39:25 [INFO]     Época 30/50 | Loss=0.002511
04:39:27 [INFO]     Época 40/50 | Loss=0.002352
04:39:30 [INFO]     Época 50/50 | Loss=0.002389
04:39:30 [INFO]   [20/240] MLP_w3_h64x32_actrelu_d0.0_e50_lr0.0005_b16  RMSE_test=0.0133  MAE_test=0.0099
04:39:35 [INFO]     Época 10/50 | Loss=0.003501
04:39:41 [INFO]     Época 20/50 | Loss=0.002953
04:39:46 [INFO]     Época 30/50 | Loss=0.002630
04:39:51 [INFO]     Época 40/50 | Loss=0.002543
04:39:56 [INFO]     Época 50/50 | Loss=0.002490
04:39:56 [INFO]   [21/240] MLP_w3_h64x32_actleaky_relu_d0.0_e50_lr0.001_b8  RMSE_test=0.0126  MAE_test=0.0094
04:39:59 [INFO]     Época 10/50 | Loss=0.003330
04:40:02 [INFO]     Época 20/50 | Loss=0.002759
04:40:05 [INFO]     Época 30/50 | Loss=0.002591
04:40:07 [INFO]     Época 40/50 | Loss=0.002430
04:40:10 [INFO]     Época 50/50 | Loss=0.002554
04:40:10 [INFO]   [22/240] MLP_w3_h64x32_actleaky_relu_d0.0_e50_lr0.001_b16  RMSE_test=0.0136  MAE_test=0.0102
04:40:15 [INFO]     Época 10/50 | Loss=0.003276
04:40:21 [INFO]     Época 20/50 | Loss=0.002778
04:40:26 [INFO]     Época 30/50 | Loss=0.002509
04:40:31 [INFO]     Época 40/50 | Loss=0.002433
04:40:36 [INFO]     Época 50/50 | Loss=0.002379
04:40:36 [INFO]   [23/240] MLP_w3_h64x32_actleaky_relu_d0.0_e50_lr0.0005_b8  RMSE_test=0.0130  MAE_test=0.0098
04:40:39 [INFO]     Época 10/50 | Loss=0.003243
04:40:42 [INFO]     Época 20/50 | Loss=0.002694
04:40:45 [INFO]     Época 30/50 | Loss=0.002475
04:40:47 [INFO]     Época 40/50 | Loss=0.002345
04:40:50 [INFO]     Época 50/50 | Loss=0.002356
04:40:50 [INFO]   [24/240] MLP_w3_h64x32_actleaky_relu_d0.0_e50_lr0.0005_b16  RMSE_test=0.0134  MAE_test=0.0099
04:40:56 [INFO]     Época 10/50 | Loss=0.016799
04:41:01 [INFO]     Época 20/50 | Loss=0.015238
04:41:07 [INFO]     Época 30/50 | Loss=0.015326
04:41:13 [INFO]     Época 40/50 | Loss=0.014223
04:41:18 [INFO]     Época 50/50 | Loss=0.014452
04:41:18 [INFO]   [25/240] MLP_w3_h64x32_actrelu_d0.1_e50_lr0.001_b8  RMSE_test=0.0149  MAE_test=0.0112
04:41:21 [INFO]     Época 10/50 | Loss=0.016122
04:41:24 [INFO]     Época 20/50 | Loss=0.014278
04:41:27 [INFO]     Época 30/50 | Loss=0.013287
04:41:30 [INFO]     Época 40/50 | Loss=0.012753
04:41:33 [INFO]     Época 50/50 | Loss=0.013254
04:41:33 [INFO]   [26/240] MLP_w3_h64x32_actrelu_d0.1_e50_lr0.001_b16  RMSE_test=0.0133  MAE_test=0.0098
04:41:39 [INFO]     Época 10/50 | Loss=0.016162
04:41:44 [INFO]     Época 20/50 | Loss=0.014094
04:41:50 [INFO]     Época 30/50 | Loss=0.013563
04:41:56 [INFO]     Época 40/50 | Loss=0.012591
04:42:02 [INFO]     Época 50/50 | Loss=0.012900
04:42:02 [INFO]   [27/240] MLP_w3_h64x32_actrelu_d0.1_e50_lr0.0005_b8  RMSE_test=0.0158  MAE_test=0.0117
04:42:04 [INFO]     Época 10/50 | Loss=0.017070
04:42:07 [INFO]     Época 20/50 | Loss=0.014656
04:42:10 [INFO]     Época 30/50 | Loss=0.013057
04:42:13 [INFO]     Época 40/50 | Loss=0.012663
04:42:16 [INFO]     Época 50/50 | Loss=0.013086
04:42:16 [INFO]   [28/240] MLP_w3_h64x32_actrelu_d0.1_e50_lr0.0005_b16  RMSE_test=0.0140  MAE_test=0.0104
04:42:22 [INFO]     Época 10/50 | Loss=0.015329
04:42:28 [INFO]     Época 20/50 | Loss=0.013065
04:42:33 [INFO]     Época 30/50 | Loss=0.012138
04:42:39 [INFO]     Época 40/50 | Loss=0.011143
04:42:45 [INFO]     Época 50/50 | Loss=0.010831
04:42:45 [INFO]   [29/240] MLP_w3_h64x32_actleaky_relu_d0.1_e50_lr0.001_b8  RMSE_test=0.0141  MAE_test=0.0104
04:42:48 [INFO]     Época 10/50 | Loss=0.015722
04:42:50 [INFO]     Época 20/50 | Loss=0.013563
04:42:53 [INFO]     Época 30/50 | Loss=0.012350
04:42:56 [INFO]     Época 40/50 | Loss=0.011186
04:42:59 [INFO]     Época 50/50 | Loss=0.011604
04:42:59 [INFO]   [30/240] MLP_w3_h64x32_actleaky_relu_d0.1_e50_lr0.001_b16  RMSE_test=0.0143  MAE_test=0.0106
04:43:05 [INFO]     Época 10/50 | Loss=0.015606
04:43:11 [INFO]     Época 20/50 | Loss=0.013329
04:43:16 [INFO]     Época 30/50 | Loss=0.012138
04:43:22 [INFO]     Época 40/50 | Loss=0.011166
04:43:28 [INFO]     Época 50/50 | Loss=0.010880
04:43:28 [INFO]   [31/240] MLP_w3_h64x32_actleaky_relu_d0.1_e50_lr0.0005_b8  RMSE_test=0.0141  MAE_test=0.0104
04:43:31 [INFO]     Época 10/50 | Loss=0.016744
04:43:34 [INFO]     Época 20/50 | Loss=0.014161
04:43:37 [INFO]     Época 30/50 | Loss=0.012438
04:43:40 [INFO]     Época 40/50 | Loss=0.011591
04:43:42 [INFO]     Época 50/50 | Loss=0.011853
04:43:42 [INFO]   [32/240] MLP_w3_h64x32_actleaky_relu_d0.1_e50_lr0.0005_b16  RMSE_test=0.0143  MAE_test=0.0107
04:43:49 [INFO]     Época 10/50 | Loss=0.003625
04:43:55 [INFO]     Época 20/50 | Loss=0.003067
04:44:01 [INFO]     Época 30/50 | Loss=0.002662
04:44:07 [INFO]     Época 40/50 | Loss=0.002583
04:44:13 [INFO]     Época 50/50 | Loss=0.002454
04:44:13 [INFO]   [33/240] MLP_w3_h128x64x32_actrelu_d0.0_e50_lr0.001_b8  RMSE_test=0.0130  MAE_test=0.0098
04:44:16 [INFO]     Época 10/50 | Loss=0.003396
04:44:19 [INFO]     Época 20/50 | Loss=0.002882
04:44:22 [INFO]     Época 30/50 | Loss=0.002581
04:44:26 [INFO]     Época 40/50 | Loss=0.002438
04:44:29 [INFO]     Época 50/50 | Loss=0.002485
04:44:29 [INFO]   [34/240] MLP_w3_h128x64x32_actrelu_d0.0_e50_lr0.001_b16  RMSE_test=0.0131  MAE_test=0.0096
04:44:35 [INFO]     Época 10/50 | Loss=0.003581
04:44:41 [INFO]     Época 20/50 | Loss=0.002947
04:44:47 [INFO]     Época 30/50 | Loss=0.002515
04:44:53 [INFO]     Época 40/50 | Loss=0.002448
04:44:59 [INFO]     Época 50/50 | Loss=0.002321
04:44:59 [INFO]   [35/240] MLP_w3_h128x64x32_actrelu_d0.0_e50_lr0.0005_b8  RMSE_test=0.0131  MAE_test=0.0098
04:45:03 [INFO]     Época 10/50 | Loss=0.003127
04:45:06 [INFO]     Época 20/50 | Loss=0.002685
04:45:09 [INFO]     Época 30/50 | Loss=0.002591
04:45:12 [INFO]     Época 40/50 | Loss=0.002338
04:45:15 [INFO]     Época 50/50 | Loss=0.002409
04:45:15 [INFO]   [36/240] MLP_w3_h128x64x32_actrelu_d0.0_e50_lr0.0005_b16  RMSE_test=0.0131  MAE_test=0.0098
04:45:21 [INFO]     Época 10/50 | Loss=0.003592
04:45:27 [INFO]     Época 20/50 | Loss=0.003072
04:45:33 [INFO]     Época 30/50 | Loss=0.002681
04:45:40 [INFO]     Época 40/50 | Loss=0.002610
04:45:46 [INFO]     Época 50/50 | Loss=0.002512
04:45:46 [INFO]   [37/240] MLP_w3_h128x64x32_actleaky_relu_d0.0_e50_lr0.001_b8  RMSE_test=0.0128  MAE_test=0.0097
04:45:49 [INFO]     Época 10/50 | Loss=0.003271
04:45:52 [INFO]     Época 20/50 | Loss=0.002811
04:45:55 [INFO]     Época 30/50 | Loss=0.002605
04:45:58 [INFO]     Época 40/50 | Loss=0.002460
04:46:01 [INFO]     Época 50/50 | Loss=0.002480
04:46:01 [INFO]   [38/240] MLP_w3_h128x64x32_actleaky_relu_d0.0_e50_lr0.001_b16  RMSE_test=0.0129  MAE_test=0.0095
04:46:07 [INFO]     Época 10/50 | Loss=0.003496
04:46:14 [INFO]     Época 20/50 | Loss=0.002942
04:46:20 [INFO]     Época 30/50 | Loss=0.002492
04:46:26 [INFO]     Época 40/50 | Loss=0.002437
04:46:32 [INFO]     Época 50/50 | Loss=0.002306
04:46:32 [INFO]   [39/240] MLP_w3_h128x64x32_actleaky_relu_d0.0_e50_lr0.0005_b8  RMSE_test=0.0131  MAE_test=0.0099
04:46:35 [INFO]     Época 10/50 | Loss=0.003065
04:46:38 [INFO]     Época 20/50 | Loss=0.002674
04:46:41 [INFO]     Época 30/50 | Loss=0.002580
04:46:44 [INFO]     Época 40/50 | Loss=0.002349
04:46:47 [INFO]     Época 50/50 | Loss=0.002406
04:46:47 [INFO]   [40/240] MLP_w3_h128x64x32_actleaky_relu_d0.0_e50_lr0.0005_b16  RMSE_test=0.0134  MAE_test=0.0100
04:46:54 [INFO]     Época 10/50 | Loss=0.019075
04:47:01 [INFO]     Época 20/50 | Loss=0.018201
04:47:08 [INFO]     Época 30/50 | Loss=0.018070
04:47:14 [INFO]     Época 40/50 | Loss=0.016343
04:47:21 [INFO]     Época 50/50 | Loss=0.016054
04:47:21 [INFO]   [41/240] MLP_w3_h128x64x32_actrelu_d0.1_e50_lr0.001_b8  RMSE_test=0.0181  MAE_test=0.0138
04:47:25 [INFO]     Época 10/50 | Loss=0.018639
04:47:28 [INFO]     Época 20/50 | Loss=0.016487
04:47:31 [INFO]     Época 30/50 | Loss=0.014883
04:47:35 [INFO]     Época 40/50 | Loss=0.014980
04:47:38 [INFO]     Época 50/50 | Loss=0.014900
04:47:38 [INFO]   [42/240] MLP_w3_h128x64x32_actrelu_d0.1_e50_lr0.001_b16  RMSE_test=0.0133  MAE_test=0.0100
04:47:45 [INFO]     Época 10/50 | Loss=0.017845
04:47:52 [INFO]     Época 20/50 | Loss=0.016826
04:47:59 [INFO]     Época 30/50 | Loss=0.015950
04:48:06 [INFO]     Época 40/50 | Loss=0.014566
04:48:12 [INFO]     Época 50/50 | Loss=0.014050
04:48:12 [INFO]   [43/240] MLP_w3_h128x64x32_actrelu_d0.1_e50_lr0.0005_b8  RMSE_test=0.0143  MAE_test=0.0107
04:48:16 [INFO]     Época 10/50 | Loss=0.018664
04:48:19 [INFO]     Época 20/50 | Loss=0.016336
04:48:23 [INFO]     Época 30/50 | Loss=0.014646
04:48:26 [INFO]     Época 40/50 | Loss=0.014661
04:48:30 [INFO]     Época 50/50 | Loss=0.014307
04:48:30 [INFO]   [44/240] MLP_w3_h128x64x32_actrelu_d0.1_e50_lr0.0005_b16  RMSE_test=0.0134  MAE_test=0.0099
04:48:36 [INFO]     Época 10/50 | Loss=0.016068
04:48:43 [INFO]     Época 20/50 | Loss=0.014480
04:48:50 [INFO]     Época 30/50 | Loss=0.013700
04:48:57 [INFO]     Época 40/50 | Loss=0.012094
04:49:04 [INFO]     Época 50/50 | Loss=0.011759
04:49:04 [INFO]   [45/240] MLP_w3_h128x64x32_actleaky_relu_d0.1_e50_lr0.001_b8  RMSE_test=0.0151  MAE_test=0.0115
04:49:08 [INFO]     Época 10/50 | Loss=0.017290
04:49:11 [INFO]     Época 20/50 | Loss=0.014256
04:49:15 [INFO]     Época 30/50 | Loss=0.012628
04:49:18 [INFO]     Época 40/50 | Loss=0.012753
04:49:22 [INFO]     Época 50/50 | Loss=0.012243
04:49:22 [INFO]   [46/240] MLP_w3_h128x64x32_actleaky_relu_d0.1_e50_lr0.001_b16  RMSE_test=0.0136  MAE_test=0.0099
04:49:28 [INFO]     Época 10/50 | Loss=0.016652
04:49:35 [INFO]     Época 20/50 | Loss=0.014767
04:49:42 [INFO]     Época 30/50 | Loss=0.013706
04:49:49 [INFO]     Época 40/50 | Loss=0.012257
04:49:56 [INFO]     Época 50/50 | Loss=0.011623
04:49:56 [INFO]   [47/240] MLP_w3_h128x64x32_actleaky_relu_d0.1_e50_lr0.0005_b8  RMSE_test=0.0148  MAE_test=0.0112
04:49:59 [INFO]     Época 10/50 | Loss=0.017758
04:50:03 [INFO]     Época 20/50 | Loss=0.014982
04:50:06 [INFO]     Época 30/50 | Loss=0.012788
04:50:10 [INFO]     Época 40/50 | Loss=0.012594
04:50:13 [INFO]     Época 50/50 | Loss=0.012008
04:50:13 [INFO]   [48/240] MLP_w3_h128x64x32_actleaky_relu_d0.1_e50_lr0.0005_b16  RMSE_test=0.0135  MAE_test=0.0099
04:50:19 [INFO]     Época 10/50 | Loss=0.003288
04:50:24 [INFO]     Época 20/50 | Loss=0.002746
04:50:29 [INFO]     Época 30/50 | Loss=0.002659
04:50:35 [INFO]     Época 40/50 | Loss=0.002567
04:50:40 [INFO]     Época 50/50 | Loss=0.002391
04:50:40 [INFO]   [49/240] MLP_w4_h32x16_actrelu_d0.0_e50_lr0.001_b8  RMSE_test=0.0143  MAE_test=0.0107
04:50:42 [INFO]     Época 10/50 | Loss=0.003529
04:50:45 [INFO]     Época 20/50 | Loss=0.002787
04:50:48 [INFO]     Época 30/50 | Loss=0.002564
04:50:50 [INFO]     Época 40/50 | Loss=0.002486
04:50:53 [INFO]     Época 50/50 | Loss=0.002335
04:50:53 [INFO]   [50/240] MLP_w4_h32x16_actrelu_d0.0_e50_lr0.001_b16  RMSE_test=0.0142  MAE_test=0.0108
04:50:58 [INFO]     Época 10/50 | Loss=0.003244
04:51:03 [INFO]     Época 20/50 | Loss=0.002646
04:51:08 [INFO]     Época 30/50 | Loss=0.002502
04:51:14 [INFO]     Época 40/50 | Loss=0.002428
04:51:19 [INFO]     Época 50/50 | Loss=0.002297
04:51:19 [INFO]   [51/240] MLP_w4_h32x16_actrelu_d0.0_e50_lr0.0005_b8  RMSE_test=0.0139  MAE_test=0.0104
04:51:21 [INFO]     Época 10/50 | Loss=0.003707
04:51:24 [INFO]     Época 20/50 | Loss=0.002686
04:51:27 [INFO]     Época 30/50 | Loss=0.002487
04:51:30 [INFO]     Época 40/50 | Loss=0.002366
04:51:32 [INFO]     Época 50/50 | Loss=0.002243
04:51:32 [INFO]   [52/240] MLP_w4_h32x16_actrelu_d0.0_e50_lr0.0005_b16  RMSE_test=0.0131  MAE_test=0.0097
04:51:37 [INFO]     Época 10/50 | Loss=0.003139
04:51:43 [INFO]     Época 20/50 | Loss=0.002723
04:51:48 [INFO]     Época 30/50 | Loss=0.002663
04:51:53 [INFO]     Época 40/50 | Loss=0.002544
04:51:58 [INFO]     Época 50/50 | Loss=0.002375
04:51:58 [INFO]   [53/240] MLP_w4_h32x16_actleaky_relu_d0.0_e50_lr0.001_b8  RMSE_test=0.0149  MAE_test=0.0111
04:52:01 [INFO]     Época 10/50 | Loss=0.003486
04:52:03 [INFO]     Época 20/50 | Loss=0.002735
04:52:06 [INFO]     Época 30/50 | Loss=0.002558
04:52:09 [INFO]     Época 40/50 | Loss=0.002453
04:52:11 [INFO]     Época 50/50 | Loss=0.002308
04:52:11 [INFO]   [54/240] MLP_w4_h32x16_actleaky_relu_d0.0_e50_lr0.001_b16  RMSE_test=0.0136  MAE_test=0.0102
04:52:16 [INFO]     Época 10/50 | Loss=0.003187
04:52:21 [INFO]     Época 20/50 | Loss=0.002594
04:52:27 [INFO]     Época 30/50 | Loss=0.002520
04:52:32 [INFO]     Época 40/50 | Loss=0.002428
04:52:37 [INFO]     Época 50/50 | Loss=0.002304
04:52:37 [INFO]   [55/240] MLP_w4_h32x16_actleaky_relu_d0.0_e50_lr0.0005_b8  RMSE_test=0.0142  MAE_test=0.0108
04:52:40 [INFO]     Época 10/50 | Loss=0.003647
04:52:42 [INFO]     Época 20/50 | Loss=0.002656
04:52:45 [INFO]     Época 30/50 | Loss=0.002465
04:52:48 [INFO]     Época 40/50 | Loss=0.002339
04:52:50 [INFO]     Época 50/50 | Loss=0.002237
04:52:50 [INFO]   [56/240] MLP_w4_h32x16_actleaky_relu_d0.0_e50_lr0.0005_b16  RMSE_test=0.0132  MAE_test=0.0097
04:52:56 [INFO]     Época 10/50 | Loss=0.025926
04:53:02 [INFO]     Época 20/50 | Loss=0.022901
04:53:07 [INFO]     Época 30/50 | Loss=0.023428
04:53:13 [INFO]     Época 40/50 | Loss=0.021814
04:53:19 [INFO]     Época 50/50 | Loss=0.021524
04:53:19 [INFO]   [57/240] MLP_w4_h32x16_actrelu_d0.1_e50_lr0.001_b8  RMSE_test=0.0161  MAE_test=0.0123
04:53:21 [INFO]     Época 10/50 | Loss=0.026412
04:53:24 [INFO]     Época 20/50 | Loss=0.024961
04:53:27 [INFO]     Época 30/50 | Loss=0.023358
04:53:30 [INFO]     Época 40/50 | Loss=0.021448
04:53:33 [INFO]     Época 50/50 | Loss=0.021731
04:53:33 [INFO]   [58/240] MLP_w4_h32x16_actrelu_d0.1_e50_lr0.001_b16  RMSE_test=0.0172  MAE_test=0.0128
04:53:38 [INFO]     Época 10/50 | Loss=0.026070
04:53:44 [INFO]     Época 20/50 | Loss=0.022966
04:53:50 [INFO]     Época 30/50 | Loss=0.023086
04:53:55 [INFO]     Época 40/50 | Loss=0.021090
04:54:01 [INFO]     Época 50/50 | Loss=0.020929
04:54:01 [INFO]   [59/240] MLP_w4_h32x16_actrelu_d0.1_e50_lr0.0005_b8  RMSE_test=0.0154  MAE_test=0.0114
04:54:03 [INFO]     Época 10/50 | Loss=0.027996
04:54:06 [INFO]     Época 20/50 | Loss=0.025660
04:54:09 [INFO]     Época 30/50 | Loss=0.022852
04:54:12 [INFO]     Época 40/50 | Loss=0.021366
04:54:15 [INFO]     Época 50/50 | Loss=0.021445
04:54:15 [INFO]   [60/240] MLP_w4_h32x16_actrelu_d0.1_e50_lr0.0005_b16  RMSE_test=0.0155  MAE_test=0.0116
04:54:20 [INFO]     Época 10/50 | Loss=0.023824
04:54:26 [INFO]     Época 20/50 | Loss=0.018863
04:54:32 [INFO]     Época 30/50 | Loss=0.017831
04:54:37 [INFO]     Época 40/50 | Loss=0.015135
04:54:43 [INFO]     Época 50/50 | Loss=0.014967
04:54:43 [INFO]   [61/240] MLP_w4_h32x16_actleaky_relu_d0.1_e50_lr0.001_b8  RMSE_test=0.0163  MAE_test=0.0122
04:54:45 [INFO]     Época 10/50 | Loss=0.024960
04:54:48 [INFO]     Época 20/50 | Loss=0.022252
04:54:51 [INFO]     Época 30/50 | Loss=0.019111
04:54:54 [INFO]     Época 40/50 | Loss=0.017407
04:54:57 [INFO]     Época 50/50 | Loss=0.016371
04:54:57 [INFO]   [62/240] MLP_w4_h32x16_actleaky_relu_d0.1_e50_lr0.001_b16  RMSE_test=0.0160  MAE_test=0.0118
04:55:03 [INFO]     Época 10/50 | Loss=0.025311
04:55:08 [INFO]     Época 20/50 | Loss=0.020277
04:55:14 [INFO]     Época 30/50 | Loss=0.019593
04:55:19 [INFO]     Época 40/50 | Loss=0.017022
04:55:25 [INFO]     Época 50/50 | Loss=0.015946
04:55:25 [INFO]   [63/240] MLP_w4_h32x16_actleaky_relu_d0.1_e50_lr0.0005_b8  RMSE_test=0.0154  MAE_test=0.0118
04:55:28 [INFO]     Época 10/50 | Loss=0.027070
04:55:31 [INFO]     Época 20/50 | Loss=0.023691
04:55:34 [INFO]     Época 30/50 | Loss=0.020787
04:55:36 [INFO]     Época 40/50 | Loss=0.018614
04:55:39 [INFO]     Época 50/50 | Loss=0.017733
04:55:39 [INFO]   [64/240] MLP_w4_h32x16_actleaky_relu_d0.1_e50_lr0.0005_b16  RMSE_test=0.0154  MAE_test=0.0118
04:55:44 [INFO]     Época 10/50 | Loss=0.003442
04:55:50 [INFO]     Época 20/50 | Loss=0.002816
04:55:55 [INFO]     Época 30/50 | Loss=0.002744
04:56:00 [INFO]     Época 40/50 | Loss=0.002615
04:56:05 [INFO]     Época 50/50 | Loss=0.002402
04:56:05 [INFO]   [65/240] MLP_w4_h64x32_actrelu_d0.0_e50_lr0.001_b8  RMSE_test=0.0143  MAE_test=0.0107
04:56:08 [INFO]     Época 10/50 | Loss=0.003316
04:56:10 [INFO]     Época 20/50 | Loss=0.002722
04:56:13 [INFO]     Época 30/50 | Loss=0.002637
04:56:16 [INFO]     Época 40/50 | Loss=0.002470
04:56:18 [INFO]     Época 50/50 | Loss=0.002327
04:56:18 [INFO]   [66/240] MLP_w4_h64x32_actrelu_d0.0_e50_lr0.001_b16  RMSE_test=0.0145  MAE_test=0.0111
04:56:23 [INFO]     Época 10/50 | Loss=0.003117
04:56:29 [INFO]     Época 20/50 | Loss=0.002632
04:56:34 [INFO]     Época 30/50 | Loss=0.002564
04:56:39 [INFO]     Época 40/50 | Loss=0.002488
04:56:44 [INFO]     Época 50/50 | Loss=0.002279
04:56:44 [INFO]   [67/240] MLP_w4_h64x32_actrelu_d0.0_e50_lr0.0005_b8  RMSE_test=0.0141  MAE_test=0.0106
04:56:47 [INFO]     Época 10/50 | Loss=0.003119
04:56:49 [INFO]     Época 20/50 | Loss=0.002622
04:56:52 [INFO]     Época 30/50 | Loss=0.002479
04:56:54 [INFO]     Época 40/50 | Loss=0.002374
04:56:57 [INFO]     Época 50/50 | Loss=0.002238
04:56:57 [INFO]   [68/240] MLP_w4_h64x32_actrelu_d0.0_e50_lr0.0005_b16  RMSE_test=0.0136  MAE_test=0.0101
04:57:02 [INFO]     Época 10/50 | Loss=0.003302
04:57:07 [INFO]     Época 20/50 | Loss=0.002805
04:57:12 [INFO]     Época 30/50 | Loss=0.002721
04:57:18 [INFO]     Época 40/50 | Loss=0.002582
04:57:23 [INFO]     Época 50/50 | Loss=0.002370
04:57:23 [INFO]   [69/240] MLP_w4_h64x32_actleaky_relu_d0.0_e50_lr0.001_b8  RMSE_test=0.0148  MAE_test=0.0111
04:57:25 [INFO]     Época 10/50 | Loss=0.003262
04:57:28 [INFO]     Época 20/50 | Loss=0.002724
04:57:31 [INFO]     Época 30/50 | Loss=0.002634
04:57:33 [INFO]     Época 40/50 | Loss=0.002485
04:57:36 [INFO]     Época 50/50 | Loss=0.002373
04:57:36 [INFO]   [70/240] MLP_w4_h64x32_actleaky_relu_d0.0_e50_lr0.001_b16  RMSE_test=0.0144  MAE_test=0.0108
04:57:41 [INFO]     Época 10/50 | Loss=0.003075
04:57:46 [INFO]     Época 20/50 | Loss=0.002609
04:57:51 [INFO]     Época 30/50 | Loss=0.002585
04:57:56 [INFO]     Época 40/50 | Loss=0.002452
04:58:02 [INFO]     Época 50/50 | Loss=0.002262
04:58:02 [INFO]   [71/240] MLP_w4_h64x32_actleaky_relu_d0.0_e50_lr0.0005_b8  RMSE_test=0.0146  MAE_test=0.0109
04:58:04 [INFO]     Época 10/50 | Loss=0.003079
04:58:07 [INFO]     Época 20/50 | Loss=0.002638
04:58:09 [INFO]     Época 30/50 | Loss=0.002473
04:58:12 [INFO]     Época 40/50 | Loss=0.002358
04:58:15 [INFO]     Época 50/50 | Loss=0.002237
04:58:15 [INFO]   [72/240] MLP_w4_h64x32_actleaky_relu_d0.0_e50_lr0.0005_b16  RMSE_test=0.0134  MAE_test=0.0099
04:58:20 [INFO]     Época 10/50 | Loss=0.015401
04:58:26 [INFO]     Época 20/50 | Loss=0.014786
04:58:31 [INFO]     Época 30/50 | Loss=0.014307
04:58:37 [INFO]     Época 40/50 | Loss=0.013696
04:58:42 [INFO]     Época 50/50 | Loss=0.014599
04:58:42 [INFO]   [73/240] MLP_w4_h64x32_actrelu_d0.1_e50_lr0.001_b8  RMSE_test=0.0186  MAE_test=0.0146
04:58:45 [INFO]     Época 10/50 | Loss=0.014807
04:58:48 [INFO]     Época 20/50 | Loss=0.013915
04:58:51 [INFO]     Época 30/50 | Loss=0.014192
04:58:54 [INFO]     Época 40/50 | Loss=0.013535
04:58:57 [INFO]     Época 50/50 | Loss=0.013197
04:58:57 [INFO]   [74/240] MLP_w4_h64x32_actrelu_d0.1_e50_lr0.001_b16  RMSE_test=0.0139  MAE_test=0.0102
04:59:02 [INFO]     Época 10/50 | Loss=0.015644
04:59:08 [INFO]     Época 20/50 | Loss=0.014169
04:59:13 [INFO]     Época 30/50 | Loss=0.013712
04:59:19 [INFO]     Época 40/50 | Loss=0.012428
04:59:24 [INFO]     Época 50/50 | Loss=0.013478
04:59:24 [INFO]   [75/240] MLP_w4_h64x32_actrelu_d0.1_e50_lr0.0005_b8  RMSE_test=0.0154  MAE_test=0.0116
04:59:27 [INFO]     Época 10/50 | Loss=0.015458
04:59:30 [INFO]     Época 20/50 | Loss=0.013786
04:59:33 [INFO]     Época 30/50 | Loss=0.013382
04:59:36 [INFO]     Época 40/50 | Loss=0.013115
04:59:39 [INFO]     Época 50/50 | Loss=0.012237
04:59:39 [INFO]   [76/240] MLP_w4_h64x32_actrelu_d0.1_e50_lr0.0005_b16  RMSE_test=0.0150  MAE_test=0.0113
04:59:44 [INFO]     Época 10/50 | Loss=0.014829
04:59:50 [INFO]     Época 20/50 | Loss=0.013251
04:59:55 [INFO]     Época 30/50 | Loss=0.012180
05:00:01 [INFO]     Época 40/50 | Loss=0.011042
05:00:06 [INFO]     Época 50/50 | Loss=0.011203
05:00:06 [INFO]   [77/240] MLP_w4_h64x32_actleaky_relu_d0.1_e50_lr0.001_b8  RMSE_test=0.0172  MAE_test=0.0133
05:00:09 [INFO]     Época 10/50 | Loss=0.014244
05:00:12 [INFO]     Época 20/50 | Loss=0.013168
05:00:15 [INFO]     Época 30/50 | Loss=0.012473
05:00:18 [INFO]     Época 40/50 | Loss=0.011173
05:00:21 [INFO]     Época 50/50 | Loss=0.010618
05:00:21 [INFO]   [78/240] MLP_w4_h64x32_actleaky_relu_d0.1_e50_lr0.001_b16  RMSE_test=0.0149  MAE_test=0.0101
05:00:26 [INFO]     Época 10/50 | Loss=0.015094
05:00:32 [INFO]     Época 20/50 | Loss=0.013212
05:00:37 [INFO]     Época 30/50 | Loss=0.012104
05:00:43 [INFO]     Época 40/50 | Loss=0.010667
05:00:48 [INFO]     Época 50/50 | Loss=0.010831
05:00:48 [INFO]   [79/240] MLP_w4_h64x32_actleaky_relu_d0.1_e50_lr0.0005_b8  RMSE_test=0.0145  MAE_test=0.0110
05:00:51 [INFO]     Época 10/50 | Loss=0.015201
05:00:54 [INFO]     Época 20/50 | Loss=0.013399
05:00:57 [INFO]     Época 30/50 | Loss=0.012703
05:01:00 [INFO]     Época 40/50 | Loss=0.012030
05:01:02 [INFO]     Época 50/50 | Loss=0.010936
05:01:02 [INFO]   [80/240] MLP_w4_h64x32_actleaky_relu_d0.1_e50_lr0.0005_b16  RMSE_test=0.0152  MAE_test=0.0115
05:01:08 [INFO]     Época 10/50 | Loss=0.003450
05:01:14 [INFO]     Época 20/50 | Loss=0.002918
05:01:20 [INFO]     Época 30/50 | Loss=0.002749
05:01:26 [INFO]     Época 40/50 | Loss=0.002688
05:01:32 [INFO]     Época 50/50 | Loss=0.002502
05:01:32 [INFO]   [81/240] MLP_w4_h128x64x32_actrelu_d0.0_e50_lr0.001_b8  RMSE_test=0.0153  MAE_test=0.0116
05:01:35 [INFO]     Época 10/50 | Loss=0.003453
05:01:38 [INFO]     Época 20/50 | Loss=0.002719
05:01:41 [INFO]     Época 30/50 | Loss=0.002858
05:01:44 [INFO]     Época 40/50 | Loss=0.002532
05:01:47 [INFO]     Época 50/50 | Loss=0.002438
05:01:47 [INFO]   [82/240] MLP_w4_h128x64x32_actrelu_d0.0_e50_lr0.001_b16  RMSE_test=0.0144  MAE_test=0.0110
05:01:53 [INFO]     Época 10/50 | Loss=0.003431
05:01:59 [INFO]     Época 20/50 | Loss=0.002710
05:02:05 [INFO]     Época 30/50 | Loss=0.002617
05:02:11 [INFO]     Época 40/50 | Loss=0.002497
05:02:17 [INFO]     Época 50/50 | Loss=0.002272
05:02:17 [INFO]   [83/240] MLP_w4_h128x64x32_actrelu_d0.0_e50_lr0.0005_b8  RMSE_test=0.0151  MAE_test=0.0115
05:02:20 [INFO]     Época 10/50 | Loss=0.003386
05:02:23 [INFO]     Época 20/50 | Loss=0.002617
05:02:26 [INFO]     Época 30/50 | Loss=0.002741
05:02:29 [INFO]     Época 40/50 | Loss=0.002506
05:02:32 [INFO]     Época 50/50 | Loss=0.002278
05:02:32 [INFO]   [84/240] MLP_w4_h128x64x32_actrelu_d0.0_e50_lr0.0005_b16  RMSE_test=0.0137  MAE_test=0.0103
05:02:38 [INFO]     Época 10/50 | Loss=0.003511
05:02:44 [INFO]     Época 20/50 | Loss=0.002986
05:02:50 [INFO]     Época 30/50 | Loss=0.002804
05:02:56 [INFO]     Época 40/50 | Loss=0.002711
05:03:02 [INFO]     Época 50/50 | Loss=0.002471
05:03:02 [INFO]   [85/240] MLP_w4_h128x64x32_actleaky_relu_d0.0_e50_lr0.001_b8  RMSE_test=0.0155  MAE_test=0.0117
05:03:05 [INFO]     Época 10/50 | Loss=0.003347
05:03:08 [INFO]     Época 20/50 | Loss=0.002740
05:03:11 [INFO]     Época 30/50 | Loss=0.002830
05:03:14 [INFO]     Época 40/50 | Loss=0.002533
05:03:17 [INFO]     Época 50/50 | Loss=0.002376
05:03:17 [INFO]   [86/240] MLP_w4_h128x64x32_actleaky_relu_d0.0_e50_lr0.001_b16  RMSE_test=0.0141  MAE_test=0.0107
05:03:23 [INFO]     Época 10/50 | Loss=0.003343
05:03:29 [INFO]     Época 20/50 | Loss=0.002696
05:03:35 [INFO]     Época 30/50 | Loss=0.002584
05:03:41 [INFO]     Época 40/50 | Loss=0.002484
05:03:47 [INFO]     Época 50/50 | Loss=0.002243
05:03:47 [INFO]   [87/240] MLP_w4_h128x64x32_actleaky_relu_d0.0_e50_lr0.0005_b8  RMSE_test=0.0156  MAE_test=0.0119
05:03:50 [INFO]     Época 10/50 | Loss=0.003343
05:03:53 [INFO]     Época 20/50 | Loss=0.002653
05:03:56 [INFO]     Época 30/50 | Loss=0.002720
05:03:59 [INFO]     Época 40/50 | Loss=0.002461
05:04:02 [INFO]     Época 50/50 | Loss=0.002298
05:04:02 [INFO]   [88/240] MLP_w4_h128x64x32_actleaky_relu_d0.0_e50_lr0.0005_b16  RMSE_test=0.0141  MAE_test=0.0107
05:04:08 [INFO]     Época 10/50 | Loss=0.020333
05:04:15 [INFO]     Época 20/50 | Loss=0.017705
05:04:21 [INFO]     Época 30/50 | Loss=0.016269
05:04:28 [INFO]     Época 40/50 | Loss=0.015912
05:04:35 [INFO]     Época 50/50 | Loss=0.014579
05:04:35 [INFO]   [89/240] MLP_w4_h128x64x32_actrelu_d0.1_e50_lr0.001_b8  RMSE_test=0.0160  MAE_test=0.0121
05:04:38 [INFO]     Época 10/50 | Loss=0.019379
05:04:41 [INFO]     Época 20/50 | Loss=0.016136
05:04:45 [INFO]     Época 30/50 | Loss=0.016000
05:04:48 [INFO]     Época 40/50 | Loss=0.014846
05:04:51 [INFO]     Época 50/50 | Loss=0.014290
05:04:51 [INFO]   [90/240] MLP_w4_h128x64x32_actrelu_d0.1_e50_lr0.001_b16  RMSE_test=0.0146  MAE_test=0.0112
05:04:58 [INFO]     Época 10/50 | Loss=0.018724
05:05:04 [INFO]     Época 20/50 | Loss=0.016472
05:05:11 [INFO]     Época 30/50 | Loss=0.015102
05:05:18 [INFO]     Época 40/50 | Loss=0.014299
05:05:24 [INFO]     Época 50/50 | Loss=0.013260
05:05:24 [INFO]   [91/240] MLP_w4_h128x64x32_actrelu_d0.1_e50_lr0.0005_b8  RMSE_test=0.0155  MAE_test=0.0120
05:05:27 [INFO]     Época 10/50 | Loss=0.019780
05:05:31 [INFO]     Época 20/50 | Loss=0.016526
05:05:34 [INFO]     Época 30/50 | Loss=0.016287
05:05:37 [INFO]     Época 40/50 | Loss=0.015353
05:05:41 [INFO]     Época 50/50 | Loss=0.015141
05:05:41 [INFO]   [92/240] MLP_w4_h128x64x32_actrelu_d0.1_e50_lr0.0005_b16  RMSE_test=0.0134  MAE_test=0.0097
05:05:47 [INFO]     Época 10/50 | Loss=0.017855
05:05:54 [INFO]     Época 20/50 | Loss=0.014379
05:06:00 [INFO]     Época 30/50 | Loss=0.012613
05:06:07 [INFO]     Época 40/50 | Loss=0.011916
05:06:14 [INFO]     Época 50/50 | Loss=0.011351
05:06:14 [INFO]   [93/240] MLP_w4_h128x64x32_actleaky_relu_d0.1_e50_lr0.001_b8  RMSE_test=0.0140  MAE_test=0.0104
05:06:17 [INFO]     Época 10/50 | Loss=0.017806
05:06:20 [INFO]     Época 20/50 | Loss=0.014021
05:06:24 [INFO]     Época 30/50 | Loss=0.012872
05:06:27 [INFO]     Época 40/50 | Loss=0.011714
05:06:30 [INFO]     Época 50/50 | Loss=0.011002
05:06:30 [INFO]   [94/240] MLP_w4_h128x64x32_actleaky_relu_d0.1_e50_lr0.001_b16  RMSE_test=0.0125  MAE_test=0.0091
05:06:37 [INFO]     Época 10/50 | Loss=0.017783
05:06:43 [INFO]     Época 20/50 | Loss=0.014282
05:06:50 [INFO]     Época 30/50 | Loss=0.012584
05:06:56 [INFO]     Época 40/50 | Loss=0.011664
05:07:03 [INFO]     Época 50/50 | Loss=0.010899
05:07:03 [INFO]   [95/240] MLP_w4_h128x64x32_actleaky_relu_d0.1_e50_lr0.0005_b8  RMSE_test=0.0139  MAE_test=0.0103
05:07:06 [INFO]     Época 10/50 | Loss=0.018894
05:07:10 [INFO]     Época 20/50 | Loss=0.015104
05:07:13 [INFO]     Época 30/50 | Loss=0.013580
05:07:16 [INFO]     Época 40/50 | Loss=0.012314
05:07:20 [INFO]     Época 50/50 | Loss=0.011467
05:07:20 [INFO]   [96/240] MLP_w4_h128x64x32_actleaky_relu_d0.1_e50_lr0.0005_b16  RMSE_test=0.0124  MAE_test=0.0091
05:07:25 [INFO]     Época 10/50 | Loss=0.003297
05:07:30 [INFO]     Época 20/50 | Loss=0.002739
05:07:35 [INFO]     Época 30/50 | Loss=0.002618
05:07:40 [INFO]     Época 40/50 | Loss=0.002484
05:07:45 [INFO]     Época 50/50 | Loss=0.002437
05:07:45 [INFO]   [97/240] MLP_w5_h32x16_actrelu_d0.0_e50_lr0.001_b8  RMSE_test=0.0132  MAE_test=0.0097
05:07:47 [INFO]     Época 10/50 | Loss=0.003324
05:07:50 [INFO]     Época 20/50 | Loss=0.002912
05:07:52 [INFO]     Época 30/50 | Loss=0.002616
05:07:55 [INFO]     Época 40/50 | Loss=0.002437
05:07:57 [INFO]     Época 50/50 | Loss=0.002358
05:07:57 [INFO]   [98/240] MLP_w5_h32x16_actrelu_d0.0_e50_lr0.001_b16  RMSE_test=0.0129  MAE_test=0.0097
05:08:02 [INFO]     Época 10/50 | Loss=0.003210
05:08:07 [INFO]     Época 20/50 | Loss=0.002649
05:08:12 [INFO]     Época 30/50 | Loss=0.002452
05:08:17 [INFO]     Época 40/50 | Loss=0.002370
05:08:22 [INFO]     Época 50/50 | Loss=0.002302
05:08:22 [INFO]   [99/240] MLP_w5_h32x16_actrelu_d0.0_e50_lr0.0005_b8  RMSE_test=0.0131  MAE_test=0.0097
05:08:25 [INFO]     Época 10/50 | Loss=0.003349
05:08:28 [INFO]     Época 20/50 | Loss=0.002703
05:08:30 [INFO]     Época 30/50 | Loss=0.002445
05:08:33 [INFO]     Época 40/50 | Loss=0.002332
05:08:35 [INFO]     Época 50/50 | Loss=0.002266
05:08:35 [INFO]   [100/240] MLP_w5_h32x16_actrelu_d0.0_e50_lr0.0005_b16  RMSE_test=0.0136  MAE_test=0.0102
05:08:40 [INFO]     Época 10/50 | Loss=0.003394
05:08:45 [INFO]     Época 20/50 | Loss=0.002740
05:08:50 [INFO]     Época 30/50 | Loss=0.002613
05:08:55 [INFO]     Época 40/50 | Loss=0.002502
05:09:00 [INFO]     Época 50/50 | Loss=0.002416
05:09:00 [INFO]   [101/240] MLP_w5_h32x16_actleaky_relu_d0.0_e50_lr0.001_b8  RMSE_test=0.0131  MAE_test=0.0097
05:09:03 [INFO]     Época 10/50 | Loss=0.003321
05:09:05 [INFO]     Época 20/50 | Loss=0.002800
05:09:08 [INFO]     Época 30/50 | Loss=0.002571
05:09:10 [INFO]     Época 40/50 | Loss=0.002452
05:09:13 [INFO]     Época 50/50 | Loss=0.002355
05:09:13 [INFO]   [102/240] MLP_w5_h32x16_actleaky_relu_d0.0_e50_lr0.001_b16  RMSE_test=0.0129  MAE_test=0.0095
05:09:18 [INFO]     Época 10/50 | Loss=0.003198
05:09:23 [INFO]     Época 20/50 | Loss=0.002692
05:09:28 [INFO]     Época 30/50 | Loss=0.002464
05:09:33 [INFO]     Época 40/50 | Loss=0.002379
05:09:38 [INFO]     Época 50/50 | Loss=0.002286
05:09:38 [INFO]   [103/240] MLP_w5_h32x16_actleaky_relu_d0.0_e50_lr0.0005_b8  RMSE_test=0.0132  MAE_test=0.0098
05:09:40 [INFO]     Época 10/50 | Loss=0.003335
05:09:43 [INFO]     Época 20/50 | Loss=0.002731
05:09:45 [INFO]     Época 30/50 | Loss=0.002481
05:09:48 [INFO]     Época 40/50 | Loss=0.002355
05:09:50 [INFO]     Época 50/50 | Loss=0.002320
05:09:50 [INFO]   [104/240] MLP_w5_h32x16_actleaky_relu_d0.0_e50_lr0.0005_b16  RMSE_test=0.0134  MAE_test=0.0100
05:09:56 [INFO]     Época 10/50 | Loss=0.025195
05:10:01 [INFO]     Época 20/50 | Loss=0.023969
05:10:07 [INFO]     Época 30/50 | Loss=0.023016
05:10:12 [INFO]     Época 40/50 | Loss=0.023254
05:10:18 [INFO]     Época 50/50 | Loss=0.022579
05:10:18 [INFO]   [105/240] MLP_w5_h32x16_actrelu_d0.1_e50_lr0.001_b8  RMSE_test=0.0171  MAE_test=0.0134
05:10:20 [INFO]     Época 10/50 | Loss=0.023939
05:10:23 [INFO]     Época 20/50 | Loss=0.023660
05:10:26 [INFO]     Época 30/50 | Loss=0.023535
05:10:29 [INFO]     Época 40/50 | Loss=0.022056
05:10:31 [INFO]     Época 50/50 | Loss=0.021168
05:10:31 [INFO]   [106/240] MLP_w5_h32x16_actrelu_d0.1_e50_lr0.001_b16  RMSE_test=0.0148  MAE_test=0.0111
05:10:37 [INFO]     Época 10/50 | Loss=0.025725
05:10:42 [INFO]     Época 20/50 | Loss=0.023398
05:10:47 [INFO]     Época 30/50 | Loss=0.022219
05:10:53 [INFO]     Época 40/50 | Loss=0.022350
05:10:58 [INFO]     Época 50/50 | Loss=0.021677
05:10:58 [INFO]   [107/240] MLP_w5_h32x16_actrelu_d0.1_e50_lr0.0005_b8  RMSE_test=0.0173  MAE_test=0.0131
05:11:01 [INFO]     Época 10/50 | Loss=0.024855
05:11:04 [INFO]     Época 20/50 | Loss=0.023569
05:11:07 [INFO]     Época 30/50 | Loss=0.022765
05:11:09 [INFO]     Época 40/50 | Loss=0.021982
05:11:12 [INFO]     Época 50/50 | Loss=0.020882
05:11:12 [INFO]   [108/240] MLP_w5_h32x16_actrelu_d0.1_e50_lr0.0005_b16  RMSE_test=0.0156  MAE_test=0.0117
05:11:17 [INFO]     Época 10/50 | Loss=0.023899
05:11:23 [INFO]     Época 20/50 | Loss=0.020105
05:11:28 [INFO]     Época 30/50 | Loss=0.017910
05:11:34 [INFO]     Época 40/50 | Loss=0.017590
05:11:39 [INFO]     Época 50/50 | Loss=0.016980
05:11:39 [INFO]   [109/240] MLP_w5_h32x16_actleaky_relu_d0.1_e50_lr0.001_b8  RMSE_test=0.0151  MAE_test=0.0112
05:11:42 [INFO]     Época 10/50 | Loss=0.023426
05:11:44 [INFO]     Época 20/50 | Loss=0.022159
05:11:47 [INFO]     Época 30/50 | Loss=0.020044
05:11:50 [INFO]     Época 40/50 | Loss=0.017801
05:11:53 [INFO]     Época 50/50 | Loss=0.016272
05:11:53 [INFO]   [110/240] MLP_w5_h32x16_actleaky_relu_d0.1_e50_lr0.001_b16  RMSE_test=0.0151  MAE_test=0.0112
05:11:58 [INFO]     Época 10/50 | Loss=0.025074
05:12:03 [INFO]     Época 20/50 | Loss=0.021588
05:12:09 [INFO]     Época 30/50 | Loss=0.018930
05:12:14 [INFO]     Época 40/50 | Loss=0.017949
05:12:19 [INFO]     Época 50/50 | Loss=0.017357
05:12:19 [INFO]   [111/240] MLP_w5_h32x16_actleaky_relu_d0.1_e50_lr0.0005_b8  RMSE_test=0.0159  MAE_test=0.0119
05:12:22 [INFO]     Época 10/50 | Loss=0.024488
05:12:25 [INFO]     Época 20/50 | Loss=0.022925
05:12:28 [INFO]     Época 30/50 | Loss=0.021434
05:12:31 [INFO]     Época 40/50 | Loss=0.019771
05:12:33 [INFO]     Época 50/50 | Loss=0.017743
05:12:33 [INFO]   [112/240] MLP_w5_h32x16_actleaky_relu_d0.1_e50_lr0.0005_b16  RMSE_test=0.0155  MAE_test=0.0115
05:12:38 [INFO]     Época 10/50 | Loss=0.003230
05:12:43 [INFO]     Época 20/50 | Loss=0.002767
05:12:48 [INFO]     Época 30/50 | Loss=0.002611
05:12:53 [INFO]     Época 40/50 | Loss=0.002453
05:12:58 [INFO]     Época 50/50 | Loss=0.002424
05:12:58 [INFO]   [113/240] MLP_w5_h64x32_actrelu_d0.0_e50_lr0.001_b8  RMSE_test=0.0136  MAE_test=0.0100
05:13:01 [INFO]     Época 10/50 | Loss=0.003331
05:13:03 [INFO]     Época 20/50 | Loss=0.002792
05:13:06 [INFO]     Época 30/50 | Loss=0.002658
05:13:08 [INFO]     Época 40/50 | Loss=0.002383
05:13:11 [INFO]     Época 50/50 | Loss=0.002373
05:13:11 [INFO]   [114/240] MLP_w5_h64x32_actrelu_d0.0_e50_lr0.001_b16  RMSE_test=0.0131  MAE_test=0.0097
05:13:16 [INFO]     Época 10/50 | Loss=0.003155
05:13:21 [INFO]     Época 20/50 | Loss=0.002594
05:13:26 [INFO]     Época 30/50 | Loss=0.002447
05:13:31 [INFO]     Época 40/50 | Loss=0.002343
05:13:36 [INFO]     Época 50/50 | Loss=0.002291
05:13:36 [INFO]   [115/240] MLP_w5_h64x32_actrelu_d0.0_e50_lr0.0005_b8  RMSE_test=0.0132  MAE_test=0.0099
05:13:38 [INFO]     Época 10/50 | Loss=0.003332
05:13:41 [INFO]     Época 20/50 | Loss=0.002690
05:13:43 [INFO]     Época 30/50 | Loss=0.002356
05:13:46 [INFO]     Época 40/50 | Loss=0.002253
05:13:48 [INFO]     Época 50/50 | Loss=0.002300
05:13:48 [INFO]   [116/240] MLP_w5_h64x32_actrelu_d0.0_e50_lr0.0005_b16  RMSE_test=0.0124  MAE_test=0.0092
05:13:53 [INFO]     Época 10/50 | Loss=0.003203
05:13:58 [INFO]     Época 20/50 | Loss=0.002762
05:14:04 [INFO]     Época 30/50 | Loss=0.002623
05:14:09 [INFO]     Época 40/50 | Loss=0.002439
05:14:14 [INFO]     Época 50/50 | Loss=0.002461
05:14:14 [INFO]   [117/240] MLP_w5_h64x32_actleaky_relu_d0.0_e50_lr0.001_b8  RMSE_test=0.0136  MAE_test=0.0100
05:14:16 [INFO]     Época 10/50 | Loss=0.003322
05:14:19 [INFO]     Época 20/50 | Loss=0.002833
05:14:21 [INFO]     Época 30/50 | Loss=0.002665
05:14:24 [INFO]     Época 40/50 | Loss=0.002405
05:14:27 [INFO]     Época 50/50 | Loss=0.002402
05:14:27 [INFO]   [118/240] MLP_w5_h64x32_actleaky_relu_d0.0_e50_lr0.001_b16  RMSE_test=0.0129  MAE_test=0.0096
05:14:32 [INFO]     Época 10/50 | Loss=0.003136
05:14:36 [INFO]     Época 20/50 | Loss=0.002609
05:14:41 [INFO]     Época 30/50 | Loss=0.002440
05:14:46 [INFO]     Época 40/50 | Loss=0.002315
05:14:51 [INFO]     Época 50/50 | Loss=0.002310
05:14:51 [INFO]   [119/240] MLP_w5_h64x32_actleaky_relu_d0.0_e50_lr0.0005_b8  RMSE_test=0.0132  MAE_test=0.0098
05:14:54 [INFO]     Época 10/50 | Loss=0.003286
05:14:56 [INFO]     Época 20/50 | Loss=0.002659
05:14:59 [INFO]     Época 30/50 | Loss=0.002379
05:15:02 [INFO]     Época 40/50 | Loss=0.002257
05:15:04 [INFO]     Época 50/50 | Loss=0.002272
05:15:04 [INFO]   [120/240] MLP_w5_h64x32_actleaky_relu_d0.0_e50_lr0.0005_b16  RMSE_test=0.0128  MAE_test=0.0096
05:15:10 [INFO]     Época 10/50 | Loss=0.016995
05:15:15 [INFO]     Época 20/50 | Loss=0.016118
05:15:20 [INFO]     Época 30/50 | Loss=0.014422
05:15:26 [INFO]     Época 40/50 | Loss=0.014656
05:15:31 [INFO]     Época 50/50 | Loss=0.014423
05:15:31 [INFO]   [121/240] MLP_w5_h64x32_actrelu_d0.1_e50_lr0.001_b8  RMSE_test=0.0143  MAE_test=0.0107
05:15:34 [INFO]     Época 10/50 | Loss=0.016638
05:15:37 [INFO]     Época 20/50 | Loss=0.014640
05:15:39 [INFO]     Época 30/50 | Loss=0.014366
05:15:42 [INFO]     Época 40/50 | Loss=0.015242
05:15:45 [INFO]     Época 50/50 | Loss=0.013920
05:15:45 [INFO]   [122/240] MLP_w5_h64x32_actrelu_d0.1_e50_lr0.001_b16  RMSE_test=0.0134  MAE_test=0.0099
05:15:50 [INFO]     Época 10/50 | Loss=0.016649
05:15:56 [INFO]     Época 20/50 | Loss=0.014923
05:16:01 [INFO]     Época 30/50 | Loss=0.013345
05:16:07 [INFO]     Época 40/50 | Loss=0.013530
05:16:12 [INFO]     Época 50/50 | Loss=0.013302
05:16:12 [INFO]   [123/240] MLP_w5_h64x32_actrelu_d0.1_e50_lr0.0005_b8  RMSE_test=0.0133  MAE_test=0.0098
05:16:15 [INFO]     Época 10/50 | Loss=0.016844
05:16:18 [INFO]     Época 20/50 | Loss=0.014801
05:16:21 [INFO]     Época 30/50 | Loss=0.014037
05:16:23 [INFO]     Época 40/50 | Loss=0.014117
05:16:26 [INFO]     Época 50/50 | Loss=0.013559
05:16:26 [INFO]   [124/240] MLP_w5_h64x32_actrelu_d0.1_e50_lr0.0005_b16  RMSE_test=0.0136  MAE_test=0.0102
05:16:32 [INFO]     Época 10/50 | Loss=0.016270
05:16:37 [INFO]     Época 20/50 | Loss=0.013626
05:16:42 [INFO]     Época 30/50 | Loss=0.011754
05:16:48 [INFO]     Época 40/50 | Loss=0.011313
05:16:53 [INFO]     Época 50/50 | Loss=0.010930
05:16:53 [INFO]   [125/240] MLP_w5_h64x32_actleaky_relu_d0.1_e50_lr0.001_b8  RMSE_test=0.0134  MAE_test=0.0098
05:16:56 [INFO]     Época 10/50 | Loss=0.016139
05:16:58 [INFO]     Época 20/50 | Loss=0.013792
05:17:01 [INFO]     Época 30/50 | Loss=0.012561
05:17:04 [INFO]     Época 40/50 | Loss=0.012530
05:17:07 [INFO]     Época 50/50 | Loss=0.010808
05:17:07 [INFO]   [126/240] MLP_w5_h64x32_actleaky_relu_d0.1_e50_lr0.001_b16  RMSE_test=0.0145  MAE_test=0.0110
05:17:12 [INFO]     Época 10/50 | Loss=0.015944
05:17:18 [INFO]     Época 20/50 | Loss=0.013516
05:17:23 [INFO]     Época 30/50 | Loss=0.011773
05:17:28 [INFO]     Época 40/50 | Loss=0.011107
05:17:34 [INFO]     Época 50/50 | Loss=0.010627
05:17:34 [INFO]   [127/240] MLP_w5_h64x32_actleaky_relu_d0.1_e50_lr0.0005_b8  RMSE_test=0.0136  MAE_test=0.0102
05:17:37 [INFO]     Época 10/50 | Loss=0.016334
05:17:39 [INFO]     Época 20/50 | Loss=0.014046
05:17:42 [INFO]     Época 30/50 | Loss=0.013138
05:17:45 [INFO]     Época 40/50 | Loss=0.012748
05:17:48 [INFO]     Época 50/50 | Loss=0.011770
05:17:48 [INFO]   [128/240] MLP_w5_h64x32_actleaky_relu_d0.1_e50_lr0.0005_b16  RMSE_test=0.0135  MAE_test=0.0102
05:17:53 [INFO]     Época 10/50 | Loss=0.003386
05:17:59 [INFO]     Época 20/50 | Loss=0.002931
05:18:05 [INFO]     Época 30/50 | Loss=0.002742
05:18:11 [INFO]     Época 40/50 | Loss=0.002557
05:18:16 [INFO]     Época 50/50 | Loss=0.002499
05:18:16 [INFO]   [129/240] MLP_w5_h128x64x32_actrelu_d0.0_e50_lr0.001_b8  RMSE_test=0.0135  MAE_test=0.0101
05:18:19 [INFO]     Época 10/50 | Loss=0.003524
05:18:22 [INFO]     Época 20/50 | Loss=0.002968
05:18:25 [INFO]     Época 30/50 | Loss=0.002654
05:18:28 [INFO]     Época 40/50 | Loss=0.002503
05:18:31 [INFO]     Época 50/50 | Loss=0.002561
05:18:31 [INFO]   [130/240] MLP_w5_h128x64x32_actrelu_d0.0_e50_lr0.001_b16  RMSE_test=0.0138  MAE_test=0.0104
05:18:37 [INFO]     Época 10/50 | Loss=0.003099
05:18:43 [INFO]     Época 20/50 | Loss=0.002686
05:18:49 [INFO]     Época 30/50 | Loss=0.002493
05:18:54 [INFO]     Época 40/50 | Loss=0.002315
05:19:00 [INFO]     Época 50/50 | Loss=0.002321
05:19:00 [INFO]   [131/240] MLP_w5_h128x64x32_actrelu_d0.0_e50_lr0.0005_b8  RMSE_test=0.0138  MAE_test=0.0103
05:19:03 [INFO]     Época 10/50 | Loss=0.003204
05:19:06 [INFO]     Época 20/50 | Loss=0.002772
05:19:09 [INFO]     Época 30/50 | Loss=0.002558
05:19:12 [INFO]     Época 40/50 | Loss=0.002296
05:19:15 [INFO]     Época 50/50 | Loss=0.002318
05:19:15 [INFO]   [132/240] MLP_w5_h128x64x32_actrelu_d0.0_e50_lr0.0005_b16  RMSE_test=0.0131  MAE_test=0.0098
05:19:21 [INFO]     Época 10/50 | Loss=0.003341
05:19:26 [INFO]     Época 20/50 | Loss=0.002923
05:19:32 [INFO]     Época 30/50 | Loss=0.002740
05:19:38 [INFO]     Época 40/50 | Loss=0.002533
05:19:44 [INFO]     Época 50/50 | Loss=0.002455
05:19:44 [INFO]   [133/240] MLP_w5_h128x64x32_actleaky_relu_d0.0_e50_lr0.001_b8  RMSE_test=0.0133  MAE_test=0.0100
05:19:47 [INFO]     Época 10/50 | Loss=0.003440
05:19:49 [INFO]     Época 20/50 | Loss=0.002996
05:19:52 [INFO]     Época 30/50 | Loss=0.002636
05:19:55 [INFO]     Época 40/50 | Loss=0.002518
05:19:58 [INFO]     Época 50/50 | Loss=0.002526
05:19:58 [INFO]   [134/240] MLP_w5_h128x64x32_actleaky_relu_d0.0_e50_lr0.001_b16  RMSE_test=0.0139  MAE_test=0.0104
05:20:04 [INFO]     Época 10/50 | Loss=0.003134
05:20:10 [INFO]     Época 20/50 | Loss=0.002671
05:20:16 [INFO]     Época 30/50 | Loss=0.002514
05:20:22 [INFO]     Época 40/50 | Loss=0.002319
05:20:27 [INFO]     Época 50/50 | Loss=0.002295
05:20:27 [INFO]   [135/240] MLP_w5_h128x64x32_actleaky_relu_d0.0_e50_lr0.0005_b8  RMSE_test=0.0138  MAE_test=0.0102
05:20:30 [INFO]     Época 10/50 | Loss=0.003167
05:20:33 [INFO]     Época 20/50 | Loss=0.002752
05:20:36 [INFO]     Época 30/50 | Loss=0.002553
05:20:39 [INFO]     Época 40/50 | Loss=0.002300
05:20:42 [INFO]     Época 50/50 | Loss=0.002322
05:20:42 [INFO]   [136/240] MLP_w5_h128x64x32_actleaky_relu_d0.0_e50_lr0.0005_b16  RMSE_test=0.0130  MAE_test=0.0097
05:20:48 [INFO]     Época 10/50 | Loss=0.020294
05:20:55 [INFO]     Época 20/50 | Loss=0.018634
05:21:01 [INFO]     Época 30/50 | Loss=0.017219
05:21:08 [INFO]     Época 40/50 | Loss=0.016046
05:21:14 [INFO]     Época 50/50 | Loss=0.015591
05:21:14 [INFO]   [137/240] MLP_w5_h128x64x32_actrelu_d0.1_e50_lr0.001_b8  RMSE_test=0.0170  MAE_test=0.0132
05:21:17 [INFO]     Época 10/50 | Loss=0.018672
05:21:20 [INFO]     Época 20/50 | Loss=0.016543
05:21:24 [INFO]     Época 30/50 | Loss=0.016071
05:21:27 [INFO]     Época 40/50 | Loss=0.014385
05:21:30 [INFO]     Época 50/50 | Loss=0.014112
05:21:30 [INFO]   [138/240] MLP_w5_h128x64x32_actrelu_d0.1_e50_lr0.001_b16  RMSE_test=0.0194  MAE_test=0.0147
05:21:37 [INFO]     Época 10/50 | Loss=0.018986
05:21:43 [INFO]     Época 20/50 | Loss=0.016812
05:21:49 [INFO]     Época 30/50 | Loss=0.015862
05:21:56 [INFO]     Época 40/50 | Loss=0.014669
05:22:02 [INFO]     Época 50/50 | Loss=0.014480
05:22:02 [INFO]   [139/240] MLP_w5_h128x64x32_actrelu_d0.1_e50_lr0.0005_b8  RMSE_test=0.0163  MAE_test=0.0127
05:22:05 [INFO]     Época 10/50 | Loss=0.018109
05:22:09 [INFO]     Época 20/50 | Loss=0.016221
05:22:12 [INFO]     Época 30/50 | Loss=0.015533
05:22:15 [INFO]     Época 40/50 | Loss=0.014093
05:22:18 [INFO]     Época 50/50 | Loss=0.013620
05:22:18 [INFO]   [140/240] MLP_w5_h128x64x32_actrelu_d0.1_e50_lr0.0005_b16  RMSE_test=0.0187  MAE_test=0.0142
05:22:25 [INFO]     Época 10/50 | Loss=0.018573
05:22:31 [INFO]     Época 20/50 | Loss=0.014927
05:22:38 [INFO]     Época 30/50 | Loss=0.013523
05:22:44 [INFO]     Época 40/50 | Loss=0.012290
05:22:50 [INFO]     Época 50/50 | Loss=0.012008
05:22:50 [INFO]   [141/240] MLP_w5_h128x64x32_actleaky_relu_d0.1_e50_lr0.001_b8  RMSE_test=0.0173  MAE_test=0.0131
05:22:54 [INFO]     Época 10/50 | Loss=0.017736
05:22:57 [INFO]     Época 20/50 | Loss=0.014674
05:23:00 [INFO]     Época 30/50 | Loss=0.013703
05:23:03 [INFO]     Época 40/50 | Loss=0.011933
05:23:07 [INFO]     Época 50/50 | Loss=0.011646
05:23:07 [INFO]   [142/240] MLP_w5_h128x64x32_actleaky_relu_d0.1_e50_lr0.001_b16  RMSE_test=0.0187  MAE_test=0.0142
05:23:13 [INFO]     Época 10/50 | Loss=0.018050
05:23:19 [INFO]     Época 20/50 | Loss=0.014413
05:23:26 [INFO]     Época 30/50 | Loss=0.013577
05:23:32 [INFO]     Época 40/50 | Loss=0.011910
05:23:39 [INFO]     Época 50/50 | Loss=0.011172
05:23:39 [INFO]   [143/240] MLP_w5_h128x64x32_actleaky_relu_d0.1_e50_lr0.0005_b8  RMSE_test=0.0167  MAE_test=0.0129
05:23:42 [INFO]     Época 10/50 | Loss=0.017785
05:23:45 [INFO]     Época 20/50 | Loss=0.015230
05:23:48 [INFO]     Época 30/50 | Loss=0.013593
05:23:51 [INFO]     Época 40/50 | Loss=0.012168
05:23:55 [INFO]     Época 50/50 | Loss=0.011729
05:23:55 [INFO]   [144/240] MLP_w5_h128x64x32_actleaky_relu_d0.1_e50_lr0.0005_b16  RMSE_test=0.0182  MAE_test=0.0136
05:24:00 [INFO]     Época 10/50 | Loss=0.003541
05:24:05 [INFO]     Época 20/50 | Loss=0.003137
05:24:09 [INFO]     Época 30/50 | Loss=0.002705
05:24:14 [INFO]     Época 40/50 | Loss=0.002509
05:24:19 [INFO]     Época 50/50 | Loss=0.002574
05:24:19 [INFO]   [145/240] MLP_w6_h32x16_actrelu_d0.0_e50_lr0.001_b8  RMSE_test=0.0123  MAE_test=0.0092
05:24:22 [INFO]     Época 10/50 | Loss=0.003425
05:24:24 [INFO]     Época 20/50 | Loss=0.002926
05:24:27 [INFO]     Época 30/50 | Loss=0.002535
05:24:29 [INFO]     Época 40/50 | Loss=0.002571
05:24:32 [INFO]     Época 50/50 | Loss=0.002471
05:24:32 [INFO]   [146/240] MLP_w6_h32x16_actrelu_d0.0_e50_lr0.001_b16  RMSE_test=0.0119  MAE_test=0.0087
05:24:37 [INFO]     Época 10/50 | Loss=0.003351
05:24:42 [INFO]     Época 20/50 | Loss=0.002799
05:24:46 [INFO]     Época 30/50 | Loss=0.002491
05:24:51 [INFO]     Época 40/50 | Loss=0.002466
05:24:56 [INFO]     Época 50/50 | Loss=0.002425
05:24:56 [INFO]   [147/240] MLP_w6_h32x16_actrelu_d0.0_e50_lr0.0005_b8  RMSE_test=0.0120  MAE_test=0.0087
05:24:59 [INFO]     Época 10/50 | Loss=0.003629
05:25:01 [INFO]     Época 20/50 | Loss=0.002895
05:25:04 [INFO]     Época 30/50 | Loss=0.002493
05:25:06 [INFO]     Época 40/50 | Loss=0.002440
05:25:09 [INFO]     Época 50/50 | Loss=0.002371
05:25:09 [INFO]   [148/240] MLP_w6_h32x16_actrelu_d0.0_e50_lr0.0005_b16  RMSE_test=0.0129  MAE_test=0.0095
05:25:14 [INFO]     Época 10/50 | Loss=0.003576
05:25:19 [INFO]     Época 20/50 | Loss=0.002956
05:25:24 [INFO]     Época 30/50 | Loss=0.002684
05:25:29 [INFO]     Época 40/50 | Loss=0.002547
05:25:34 [INFO]     Época 50/50 | Loss=0.002531
05:25:34 [INFO]   [149/240] MLP_w6_h32x16_actleaky_relu_d0.0_e50_lr0.001_b8  RMSE_test=0.0124  MAE_test=0.0090
05:25:36 [INFO]     Época 10/50 | Loss=0.003447
05:25:39 [INFO]     Época 20/50 | Loss=0.002949
05:25:41 [INFO]     Época 30/50 | Loss=0.002525
05:25:44 [INFO]     Época 40/50 | Loss=0.002573
05:25:46 [INFO]     Época 50/50 | Loss=0.002488
05:25:46 [INFO]   [150/240] MLP_w6_h32x16_actleaky_relu_d0.0_e50_lr0.001_b16  RMSE_test=0.0121  MAE_test=0.0089
05:25:51 [INFO]     Época 10/50 | Loss=0.003361
05:25:56 [INFO]     Época 20/50 | Loss=0.002776
05:26:01 [INFO]     Época 30/50 | Loss=0.002426
05:26:06 [INFO]     Época 40/50 | Loss=0.002433
05:26:10 [INFO]     Época 50/50 | Loss=0.002431
05:26:10 [INFO]   [151/240] MLP_w6_h32x16_actleaky_relu_d0.0_e50_lr0.0005_b8  RMSE_test=0.0122  MAE_test=0.0090
05:26:13 [INFO]     Época 10/50 | Loss=0.003691
05:26:15 [INFO]     Época 20/50 | Loss=0.002867
05:26:18 [INFO]     Época 30/50 | Loss=0.002442
05:26:20 [INFO]     Época 40/50 | Loss=0.002351
05:26:23 [INFO]     Época 50/50 | Loss=0.002319
05:26:23 [INFO]   [152/240] MLP_w6_h32x16_actleaky_relu_d0.0_e50_lr0.0005_b16  RMSE_test=0.0129  MAE_test=0.0096
05:26:28 [INFO]     Época 10/50 | Loss=0.026591
05:26:33 [INFO]     Época 20/50 | Loss=0.024528
05:26:38 [INFO]     Época 30/50 | Loss=0.022933
05:26:44 [INFO]     Época 40/50 | Loss=0.023356
05:26:49 [INFO]     Época 50/50 | Loss=0.022717
05:26:49 [INFO]   [153/240] MLP_w6_h32x16_actrelu_d0.1_e50_lr0.001_b8  RMSE_test=0.0154  MAE_test=0.0116
05:26:52 [INFO]     Época 10/50 | Loss=0.025310
05:26:54 [INFO]     Época 20/50 | Loss=0.025136
05:26:57 [INFO]     Época 30/50 | Loss=0.023934
05:27:00 [INFO]     Época 40/50 | Loss=0.022610
05:27:02 [INFO]     Época 50/50 | Loss=0.023101
05:27:02 [INFO]   [154/240] MLP_w6_h32x16_actrelu_d0.1_e50_lr0.001_b16  RMSE_test=0.0190  MAE_test=0.0147
05:27:08 [INFO]     Época 10/50 | Loss=0.026516
05:27:13 [INFO]     Época 20/50 | Loss=0.023715
05:27:18 [INFO]     Época 30/50 | Loss=0.022335
05:27:23 [INFO]     Época 40/50 | Loss=0.022727
05:27:29 [INFO]     Época 50/50 | Loss=0.021761
05:27:29 [INFO]   [155/240] MLP_w6_h32x16_actrelu_d0.1_e50_lr0.0005_b8  RMSE_test=0.0169  MAE_test=0.0128
05:27:31 [INFO]     Época 10/50 | Loss=0.027029
05:27:34 [INFO]     Época 20/50 | Loss=0.024716
05:27:37 [INFO]     Época 30/50 | Loss=0.023712
05:27:39 [INFO]     Época 40/50 | Loss=0.021961
05:27:42 [INFO]     Época 50/50 | Loss=0.022425
05:27:42 [INFO]   [156/240] MLP_w6_h32x16_actrelu_d0.1_e50_lr0.0005_b16  RMSE_test=0.0171  MAE_test=0.0133
05:27:47 [INFO]     Época 10/50 | Loss=0.025555
05:27:53 [INFO]     Época 20/50 | Loss=0.020593
05:27:58 [INFO]     Época 30/50 | Loss=0.018214
05:28:03 [INFO]     Época 40/50 | Loss=0.016850
05:28:08 [INFO]     Época 50/50 | Loss=0.015320
05:28:08 [INFO]   [157/240] MLP_w6_h32x16_actleaky_relu_d0.1_e50_lr0.001_b8  RMSE_test=0.0131  MAE_test=0.0094
05:28:11 [INFO]     Época 10/50 | Loss=0.024657
05:28:14 [INFO]     Época 20/50 | Loss=0.023361
05:28:16 [INFO]     Época 30/50 | Loss=0.020669
05:28:19 [INFO]     Época 40/50 | Loss=0.018058
05:28:22 [INFO]     Época 50/50 | Loss=0.017586
05:28:22 [INFO]   [158/240] MLP_w6_h32x16_actleaky_relu_d0.1_e50_lr0.001_b16  RMSE_test=0.0145  MAE_test=0.0109
05:28:27 [INFO]     Época 10/50 | Loss=0.025937
05:28:32 [INFO]     Época 20/50 | Loss=0.021822
05:28:39 [INFO]     Época 30/50 | Loss=0.019428
05:28:45 [INFO]     Época 40/50 | Loss=0.018034
05:28:50 [INFO]     Época 50/50 | Loss=0.016480
05:28:50 [INFO]   [159/240] MLP_w6_h32x16_actleaky_relu_d0.1_e50_lr0.0005_b8  RMSE_test=0.0155  MAE_test=0.0116
05:28:53 [INFO]     Época 10/50 | Loss=0.026039
05:28:55 [INFO]     Época 20/50 | Loss=0.024091
05:28:58 [INFO]     Época 30/50 | Loss=0.022499
05:29:01 [INFO]     Época 40/50 | Loss=0.020255
05:29:03 [INFO]     Época 50/50 | Loss=0.019587
05:29:03 [INFO]   [160/240] MLP_w6_h32x16_actleaky_relu_d0.1_e50_lr0.0005_b16  RMSE_test=0.0171  MAE_test=0.0135
05:29:08 [INFO]     Época 10/50 | Loss=0.003624
05:29:13 [INFO]     Época 20/50 | Loss=0.003072
05:29:18 [INFO]     Época 30/50 | Loss=0.002741
05:29:22 [INFO]     Época 40/50 | Loss=0.002496
05:29:27 [INFO]     Época 50/50 | Loss=0.002545
05:29:27 [INFO]   [161/240] MLP_w6_h64x32_actrelu_d0.0_e50_lr0.001_b8  RMSE_test=0.0123  MAE_test=0.0090
05:29:30 [INFO]     Época 10/50 | Loss=0.003465
05:29:32 [INFO]     Época 20/50 | Loss=0.002949
05:29:35 [INFO]     Época 30/50 | Loss=0.002600
05:29:37 [INFO]     Época 40/50 | Loss=0.002587
05:29:40 [INFO]     Época 50/50 | Loss=0.002513
05:29:40 [INFO]   [162/240] MLP_w6_h64x32_actrelu_d0.0_e50_lr0.001_b16  RMSE_test=0.0122  MAE_test=0.0090
05:29:44 [INFO]     Época 10/50 | Loss=0.003389
05:29:49 [INFO]     Época 20/50 | Loss=0.002793
05:29:54 [INFO]     Época 30/50 | Loss=0.002497
05:29:59 [INFO]     Época 40/50 | Loss=0.002387
05:30:04 [INFO]     Época 50/50 | Loss=0.002412
05:30:04 [INFO]   [163/240] MLP_w6_h64x32_actrelu_d0.0_e50_lr0.0005_b8  RMSE_test=0.0124  MAE_test=0.0093
05:30:06 [INFO]     Época 10/50 | Loss=0.003430
05:30:09 [INFO]     Época 20/50 | Loss=0.002873
05:30:11 [INFO]     Época 30/50 | Loss=0.002426
05:30:14 [INFO]     Época 40/50 | Loss=0.002442
05:30:16 [INFO]     Época 50/50 | Loss=0.002393
05:30:16 [INFO]   [164/240] MLP_w6_h64x32_actrelu_d0.0_e50_lr0.0005_b16  RMSE_test=0.0126  MAE_test=0.0092
05:30:21 [INFO]     Época 10/50 | Loss=0.003684
05:30:26 [INFO]     Época 20/50 | Loss=0.002950
05:30:31 [INFO]     Época 30/50 | Loss=0.002645
05:30:35 [INFO]     Época 40/50 | Loss=0.002492
05:30:40 [INFO]     Época 50/50 | Loss=0.002510
05:30:40 [INFO]   [165/240] MLP_w6_h64x32_actleaky_relu_d0.0_e50_lr0.001_b8  RMSE_test=0.0127  MAE_test=0.0094
05:30:43 [INFO]     Época 10/50 | Loss=0.003465
05:30:45 [INFO]     Época 20/50 | Loss=0.003008
05:30:48 [INFO]     Época 30/50 | Loss=0.002602
05:30:50 [INFO]     Época 40/50 | Loss=0.002596
05:30:52 [INFO]     Época 50/50 | Loss=0.002549
05:30:52 [INFO]   [166/240] MLP_w6_h64x32_actleaky_relu_d0.0_e50_lr0.001_b16  RMSE_test=0.0117  MAE_test=0.0087
05:30:57 [INFO]     Época 10/50 | Loss=0.003387
05:31:02 [INFO]     Época 20/50 | Loss=0.002811
05:31:07 [INFO]     Época 30/50 | Loss=0.002537
05:31:12 [INFO]     Época 40/50 | Loss=0.002405
05:31:17 [INFO]     Época 50/50 | Loss=0.002439
05:31:17 [INFO]   [167/240] MLP_w6_h64x32_actleaky_relu_d0.0_e50_lr0.0005_b8  RMSE_test=0.0121  MAE_test=0.0089
05:31:19 [INFO]     Época 10/50 | Loss=0.003384
05:31:22 [INFO]     Época 20/50 | Loss=0.002837
05:31:24 [INFO]     Época 30/50 | Loss=0.002431
05:31:27 [INFO]     Época 40/50 | Loss=0.002405
05:31:29 [INFO]     Época 50/50 | Loss=0.002345
05:31:29 [INFO]   [168/240] MLP_w6_h64x32_actleaky_relu_d0.0_e50_lr0.0005_b16  RMSE_test=0.0123  MAE_test=0.0092
05:31:35 [INFO]     Época 10/50 | Loss=0.018127
05:31:40 [INFO]     Época 20/50 | Loss=0.016388
05:31:45 [INFO]     Época 30/50 | Loss=0.015445
05:31:50 [INFO]     Época 40/50 | Loss=0.015307
05:31:55 [INFO]     Época 50/50 | Loss=0.014662
05:31:55 [INFO]   [169/240] MLP_w6_h64x32_actrelu_d0.1_e50_lr0.001_b8  RMSE_test=0.0137  MAE_test=0.0101
05:31:58 [INFO]     Época 10/50 | Loss=0.016546
05:32:01 [INFO]     Época 20/50 | Loss=0.015743
05:32:04 [INFO]     Época 30/50 | Loss=0.014501
05:32:06 [INFO]     Época 40/50 | Loss=0.014446
05:32:09 [INFO]     Época 50/50 | Loss=0.014425
05:32:09 [INFO]   [170/240] MLP_w6_h64x32_actrelu_d0.1_e50_lr0.001_b16  RMSE_test=0.0170  MAE_test=0.0131
05:32:14 [INFO]     Época 10/50 | Loss=0.017443
05:32:19 [INFO]     Época 20/50 | Loss=0.014733
05:32:25 [INFO]     Época 30/50 | Loss=0.013829
05:32:30 [INFO]     Época 40/50 | Loss=0.013584
05:32:35 [INFO]     Época 50/50 | Loss=0.013280
05:32:35 [INFO]   [171/240] MLP_w6_h64x32_actrelu_d0.1_e50_lr0.0005_b8  RMSE_test=0.0127  MAE_test=0.0093
05:32:38 [INFO]     Época 10/50 | Loss=0.016741
05:32:41 [INFO]     Época 20/50 | Loss=0.014784
05:32:43 [INFO]     Época 30/50 | Loss=0.013419
05:32:47 [INFO]     Época 40/50 | Loss=0.013336
05:32:51 [INFO]     Época 50/50 | Loss=0.013405
05:32:51 [INFO]   [172/240] MLP_w6_h64x32_actrelu_d0.1_e50_lr0.0005_b16  RMSE_test=0.0144  MAE_test=0.0108
05:32:56 [INFO]     Época 10/50 | Loss=0.017177
05:33:02 [INFO]     Época 20/50 | Loss=0.013929
05:33:07 [INFO]     Época 30/50 | Loss=0.012101
05:33:13 [INFO]     Época 40/50 | Loss=0.011642
05:33:18 [INFO]     Época 50/50 | Loss=0.011722
05:33:18 [INFO]   [173/240] MLP_w6_h64x32_actleaky_relu_d0.1_e50_lr0.001_b8  RMSE_test=0.0142  MAE_test=0.0106
05:33:21 [INFO]     Época 10/50 | Loss=0.015694
05:33:24 [INFO]     Época 20/50 | Loss=0.014284
05:33:27 [INFO]     Época 30/50 | Loss=0.012610
05:33:29 [INFO]     Época 40/50 | Loss=0.011571
05:33:32 [INFO]     Época 50/50 | Loss=0.011239
05:33:32 [INFO]   [174/240] MLP_w6_h64x32_actleaky_relu_d0.1_e50_lr0.001_b16  RMSE_test=0.0155  MAE_test=0.0119
05:33:37 [INFO]     Época 10/50 | Loss=0.016793
05:33:42 [INFO]     Época 20/50 | Loss=0.013628
05:33:48 [INFO]     Época 30/50 | Loss=0.011766
05:33:53 [INFO]     Época 40/50 | Loss=0.011225
05:33:58 [INFO]     Época 50/50 | Loss=0.010915
05:33:58 [INFO]   [175/240] MLP_w6_h64x32_actleaky_relu_d0.1_e50_lr0.0005_b8  RMSE_test=0.0134  MAE_test=0.0099
05:34:01 [INFO]     Época 10/50 | Loss=0.016376
05:34:04 [INFO]     Época 20/50 | Loss=0.014486
05:34:06 [INFO]     Época 30/50 | Loss=0.012787
05:34:10 [INFO]     Época 40/50 | Loss=0.012043
05:34:14 [INFO]     Época 50/50 | Loss=0.011775
05:34:14 [INFO]   [176/240] MLP_w6_h64x32_actleaky_relu_d0.1_e50_lr0.0005_b16  RMSE_test=0.0141  MAE_test=0.0105
05:34:19 [INFO]     Época 10/50 | Loss=0.004161
05:34:25 [INFO]     Época 20/50 | Loss=0.003191
05:34:30 [INFO]     Época 30/50 | Loss=0.002832
05:34:36 [INFO]     Época 40/50 | Loss=0.002623
05:34:42 [INFO]     Época 50/50 | Loss=0.002598
05:34:42 [INFO]   [177/240] MLP_w6_h128x64x32_actrelu_d0.0_e50_lr0.001_b8  RMSE_test=0.0125  MAE_test=0.0093
05:34:44 [INFO]     Época 10/50 | Loss=0.003918
05:34:47 [INFO]     Época 20/50 | Loss=0.003135
05:34:50 [INFO]     Época 30/50 | Loss=0.002664
05:34:53 [INFO]     Época 40/50 | Loss=0.002718
05:34:56 [INFO]     Época 50/50 | Loss=0.002591
05:34:56 [INFO]   [178/240] MLP_w6_h128x64x32_actrelu_d0.0_e50_lr0.001_b16  RMSE_test=0.0124  MAE_test=0.0094
05:35:02 [INFO]     Época 10/50 | Loss=0.003575
05:35:07 [INFO]     Época 20/50 | Loss=0.002825
05:35:13 [INFO]     Época 30/50 | Loss=0.002546
05:35:18 [INFO]     Época 40/50 | Loss=0.002405
05:35:24 [INFO]     Época 50/50 | Loss=0.002424
05:35:24 [INFO]   [179/240] MLP_w6_h128x64x32_actrelu_d0.0_e50_lr0.0005_b8  RMSE_test=0.0118  MAE_test=0.0086
05:35:27 [INFO]     Época 10/50 | Loss=0.003368
05:35:30 [INFO]     Época 20/50 | Loss=0.002951
05:35:33 [INFO]     Época 30/50 | Loss=0.002511
05:35:36 [INFO]     Época 40/50 | Loss=0.002404
05:35:38 [INFO]     Época 50/50 | Loss=0.002412
05:35:38 [INFO]   [180/240] MLP_w6_h128x64x32_actrelu_d0.0_e50_lr0.0005_b16  RMSE_test=0.0120  MAE_test=0.0089
05:35:44 [INFO]     Época 10/50 | Loss=0.004109
05:35:50 [INFO]     Época 20/50 | Loss=0.003181
05:35:55 [INFO]     Época 30/50 | Loss=0.002830
05:36:01 [INFO]     Época 40/50 | Loss=0.002614
05:36:07 [INFO]     Época 50/50 | Loss=0.002589
05:36:07 [INFO]   [181/240] MLP_w6_h128x64x32_actleaky_relu_d0.0_e50_lr0.001_b8  RMSE_test=0.0129  MAE_test=0.0097
05:36:10 [INFO]     Época 10/50 | Loss=0.003959
05:36:12 [INFO]     Época 20/50 | Loss=0.003154
05:36:15 [INFO]     Época 30/50 | Loss=0.002594
05:36:18 [INFO]     Época 40/50 | Loss=0.002689
05:36:21 [INFO]     Época 50/50 | Loss=0.002603
05:36:21 [INFO]   [182/240] MLP_w6_h128x64x32_actleaky_relu_d0.0_e50_lr0.001_b16  RMSE_test=0.0122  MAE_test=0.0093
05:36:27 [INFO]     Época 10/50 | Loss=0.003584
05:36:32 [INFO]     Época 20/50 | Loss=0.002856
05:36:38 [INFO]     Época 30/50 | Loss=0.002558
05:36:44 [INFO]     Época 40/50 | Loss=0.002411
05:36:49 [INFO]     Época 50/50 | Loss=0.002428
05:36:49 [INFO]   [183/240] MLP_w6_h128x64x32_actleaky_relu_d0.0_e50_lr0.0005_b8  RMSE_test=0.0119  MAE_test=0.0087
05:36:52 [INFO]     Época 10/50 | Loss=0.003275
05:36:55 [INFO]     Época 20/50 | Loss=0.002864
05:36:58 [INFO]     Época 30/50 | Loss=0.002462
05:37:01 [INFO]     Época 40/50 | Loss=0.002405
05:37:04 [INFO]     Época 50/50 | Loss=0.002404
05:37:04 [INFO]   [184/240] MLP_w6_h128x64x32_actleaky_relu_d0.0_e50_lr0.0005_b16  RMSE_test=0.0121  MAE_test=0.0089
05:37:10 [INFO]     Época 10/50 | Loss=0.021379
05:37:17 [INFO]     Época 20/50 | Loss=0.018303
05:37:23 [INFO]     Época 30/50 | Loss=0.017984
05:37:29 [INFO]     Época 40/50 | Loss=0.017169
05:37:36 [INFO]     Época 50/50 | Loss=0.016050
05:37:36 [INFO]   [185/240] MLP_w6_h128x64x32_actrelu_d0.1_e50_lr0.001_b8  RMSE_test=0.0150  MAE_test=0.0115
05:37:39 [INFO]     Época 10/50 | Loss=0.019258
05:37:42 [INFO]     Época 20/50 | Loss=0.018575
05:37:46 [INFO]     Época 30/50 | Loss=0.016881
05:37:49 [INFO]     Época 40/50 | Loss=0.015392
05:37:52 [INFO]     Época 50/50 | Loss=0.015192
05:37:52 [INFO]   [186/240] MLP_w6_h128x64x32_actrelu_d0.1_e50_lr0.001_b16  RMSE_test=0.0153  MAE_test=0.0116
05:37:58 [INFO]     Época 10/50 | Loss=0.018654
05:38:05 [INFO]     Época 20/50 | Loss=0.016692
05:38:13 [INFO]     Época 30/50 | Loss=0.015402
05:38:21 [INFO]     Época 40/50 | Loss=0.015099
05:38:29 [INFO]     Época 50/50 | Loss=0.014270
05:38:29 [INFO]   [187/240] MLP_w6_h128x64x32_actrelu_d0.1_e50_lr0.0005_b8  RMSE_test=0.0140  MAE_test=0.0108
05:38:33 [INFO]     Época 10/50 | Loss=0.018339
05:38:37 [INFO]     Época 20/50 | Loss=0.017053
05:38:41 [INFO]     Época 30/50 | Loss=0.015867
05:38:45 [INFO]     Época 40/50 | Loss=0.014851
05:38:49 [INFO]     Época 50/50 | Loss=0.014355
05:38:49 [INFO]   [188/240] MLP_w6_h128x64x32_actrelu_d0.1_e50_lr0.0005_b16  RMSE_test=0.0146  MAE_test=0.0110
05:38:57 [INFO]     Época 10/50 | Loss=0.018350
05:39:05 [INFO]     Época 20/50 | Loss=0.014792
05:39:13 [INFO]     Época 30/50 | Loss=0.013684
05:39:21 [INFO]     Época 40/50 | Loss=0.013566
05:39:29 [INFO]     Época 50/50 | Loss=0.012450
05:39:29 [INFO]   [189/240] MLP_w6_h128x64x32_actleaky_relu_d0.1_e50_lr0.001_b8  RMSE_test=0.0144  MAE_test=0.0112
05:39:33 [INFO]     Época 10/50 | Loss=0.017753
05:39:37 [INFO]     Época 20/50 | Loss=0.015414
05:39:41 [INFO]     Época 30/50 | Loss=0.013721
05:39:45 [INFO]     Época 40/50 | Loss=0.012358
05:39:49 [INFO]     Época 50/50 | Loss=0.012070
05:39:49 [INFO]   [190/240] MLP_w6_h128x64x32_actleaky_relu_d0.1_e50_lr0.001_b16  RMSE_test=0.0153  MAE_test=0.0115
05:39:57 [INFO]     Época 10/50 | Loss=0.017684
05:40:05 [INFO]     Época 20/50 | Loss=0.014556
05:40:13 [INFO]     Época 30/50 | Loss=0.013038
05:40:21 [INFO]     Época 40/50 | Loss=0.012616
05:40:29 [INFO]     Época 50/50 | Loss=0.011953
05:40:29 [INFO]   [191/240] MLP_w6_h128x64x32_actleaky_relu_d0.1_e50_lr0.0005_b8  RMSE_test=0.0143  MAE_test=0.0108
05:40:33 [INFO]     Época 10/50 | Loss=0.017728
05:40:37 [INFO]     Época 20/50 | Loss=0.015503
05:40:41 [INFO]     Época 30/50 | Loss=0.013868
05:40:45 [INFO]     Época 40/50 | Loss=0.012856
05:40:49 [INFO]     Época 50/50 | Loss=0.012025
05:40:49 [INFO]   [192/240] MLP_w6_h128x64x32_actleaky_relu_d0.1_e50_lr0.0005_b16  RMSE_test=0.0158  MAE_test=0.0120
05:40:55 [INFO]     Época 10/50 | Loss=0.003691
05:41:02 [INFO]     Época 20/50 | Loss=0.003008
05:41:08 [INFO]     Época 30/50 | Loss=0.002754
05:41:14 [INFO]     Época 40/50 | Loss=0.002653
05:41:20 [INFO]     Época 50/50 | Loss=0.002557
05:41:20 [INFO]   [193/240] MLP_w7_h32x16_actrelu_d0.0_e50_lr0.001_b8  RMSE_test=0.0135  MAE_test=0.0099
05:41:23 [INFO]     Época 10/50 | Loss=0.003605
05:41:27 [INFO]     Época 20/50 | Loss=0.003039
05:41:30 [INFO]     Época 30/50 | Loss=0.002670
05:41:33 [INFO]     Época 40/50 | Loss=0.002573
05:41:36 [INFO]     Época 50/50 | Loss=0.002518
05:41:36 [INFO]   [194/240] MLP_w7_h32x16_actrelu_d0.0_e50_lr0.001_b16  RMSE_test=0.0152  MAE_test=0.0116
05:41:42 [INFO]     Época 10/50 | Loss=0.003582
05:41:48 [INFO]     Época 20/50 | Loss=0.002882
05:41:54 [INFO]     Época 30/50 | Loss=0.002566
05:42:01 [INFO]     Época 40/50 | Loss=0.002545
05:42:07 [INFO]     Época 50/50 | Loss=0.002397
05:42:07 [INFO]   [195/240] MLP_w7_h32x16_actrelu_d0.0_e50_lr0.0005_b8  RMSE_test=0.0143  MAE_test=0.0104
05:42:10 [INFO]     Época 10/50 | Loss=0.004060
05:42:13 [INFO]     Época 20/50 | Loss=0.003009
05:42:16 [INFO]     Época 30/50 | Loss=0.002631
05:42:20 [INFO]     Época 40/50 | Loss=0.002428
05:42:23 [INFO]     Época 50/50 | Loss=0.002381
05:42:23 [INFO]   [196/240] MLP_w7_h32x16_actrelu_d0.0_e50_lr0.0005_b16  RMSE_test=0.0159  MAE_test=0.0123
05:42:29 [INFO]     Época 10/50 | Loss=0.003725
05:42:35 [INFO]     Época 20/50 | Loss=0.003043
05:42:42 [INFO]     Época 30/50 | Loss=0.002777
05:42:48 [INFO]     Época 40/50 | Loss=0.002670
05:42:54 [INFO]     Época 50/50 | Loss=0.002513
05:42:54 [INFO]   [197/240] MLP_w7_h32x16_actleaky_relu_d0.0_e50_lr0.001_b8  RMSE_test=0.0141  MAE_test=0.0102
05:42:57 [INFO]     Época 10/50 | Loss=0.003559
05:43:00 [INFO]     Época 20/50 | Loss=0.003000
05:43:03 [INFO]     Época 30/50 | Loss=0.002648
05:43:07 [INFO]     Época 40/50 | Loss=0.002600
05:43:10 [INFO]     Época 50/50 | Loss=0.002503
05:43:10 [INFO]   [198/240] MLP_w7_h32x16_actleaky_relu_d0.0_e50_lr0.001_b16  RMSE_test=0.0152  MAE_test=0.0119
05:43:16 [INFO]     Época 10/50 | Loss=0.003548
05:43:22 [INFO]     Época 20/50 | Loss=0.002898
05:43:28 [INFO]     Época 30/50 | Loss=0.002561
05:43:34 [INFO]     Época 40/50 | Loss=0.002541
05:43:40 [INFO]     Época 50/50 | Loss=0.002418
05:43:40 [INFO]   [199/240] MLP_w7_h32x16_actleaky_relu_d0.0_e50_lr0.0005_b8  RMSE_test=0.0140  MAE_test=0.0102
05:43:44 [INFO]     Época 10/50 | Loss=0.004027
05:43:47 [INFO]     Época 20/50 | Loss=0.002991
05:43:50 [INFO]     Época 30/50 | Loss=0.002631
05:43:53 [INFO]     Época 40/50 | Loss=0.002397
05:43:56 [INFO]     Época 50/50 | Loss=0.002348
05:43:56 [INFO]   [200/240] MLP_w7_h32x16_actleaky_relu_d0.0_e50_lr0.0005_b16  RMSE_test=0.0155  MAE_test=0.0120
05:44:03 [INFO]     Época 10/50 | Loss=0.025465
05:44:09 [INFO]     Época 20/50 | Loss=0.023653
05:44:16 [INFO]     Época 30/50 | Loss=0.021816
05:44:23 [INFO]     Época 40/50 | Loss=0.021891
05:44:29 [INFO]     Época 50/50 | Loss=0.020029
05:44:29 [INFO]   [201/240] MLP_w7_h32x16_actrelu_d0.1_e50_lr0.001_b8  RMSE_test=0.0183  MAE_test=0.0143
05:44:33 [INFO]     Época 10/50 | Loss=0.025353
05:44:36 [INFO]     Época 20/50 | Loss=0.024430
05:44:39 [INFO]     Época 30/50 | Loss=0.022820
05:44:43 [INFO]     Época 40/50 | Loss=0.023049
05:44:46 [INFO]     Época 50/50 | Loss=0.022087
05:44:46 [INFO]   [202/240] MLP_w7_h32x16_actrelu_d0.1_e50_lr0.001_b16  RMSE_test=0.0180  MAE_test=0.0139
05:44:53 [INFO]     Época 10/50 | Loss=0.027282
05:44:59 [INFO]     Época 20/50 | Loss=0.024455
05:45:06 [INFO]     Época 30/50 | Loss=0.021400
05:45:13 [INFO]     Época 40/50 | Loss=0.021702
05:45:19 [INFO]     Época 50/50 | Loss=0.019928
05:45:19 [INFO]   [203/240] MLP_w7_h32x16_actrelu_d0.1_e50_lr0.0005_b8  RMSE_test=0.0169  MAE_test=0.0132
05:45:23 [INFO]     Época 10/50 | Loss=0.027099
05:45:26 [INFO]     Época 20/50 | Loss=0.024639
05:45:29 [INFO]     Época 30/50 | Loss=0.022801
05:45:33 [INFO]     Época 40/50 | Loss=0.022697
05:45:36 [INFO]     Época 50/50 | Loss=0.021593
05:45:36 [INFO]   [204/240] MLP_w7_h32x16_actrelu_d0.1_e50_lr0.0005_b16  RMSE_test=0.0173  MAE_test=0.0131
05:45:43 [INFO]     Época 10/50 | Loss=0.023946
05:45:49 [INFO]     Época 20/50 | Loss=0.020016
05:45:56 [INFO]     Época 30/50 | Loss=0.017906
05:46:02 [INFO]     Época 40/50 | Loss=0.017477
05:46:09 [INFO]     Época 50/50 | Loss=0.016064
05:46:09 [INFO]   [205/240] MLP_w7_h32x16_actleaky_relu_d0.1_e50_lr0.001_b8  RMSE_test=0.0156  MAE_test=0.0120
05:46:12 [INFO]     Época 10/50 | Loss=0.024562
05:46:16 [INFO]     Época 20/50 | Loss=0.021980
05:46:19 [INFO]     Época 30/50 | Loss=0.019080
05:46:23 [INFO]     Época 40/50 | Loss=0.018921
05:46:26 [INFO]     Época 50/50 | Loss=0.016702
05:46:26 [INFO]   [206/240] MLP_w7_h32x16_actleaky_relu_d0.1_e50_lr0.001_b16  RMSE_test=0.0167  MAE_test=0.0126
05:46:32 [INFO]     Época 10/50 | Loss=0.026403
05:46:39 [INFO]     Época 20/50 | Loss=0.022838
05:46:46 [INFO]     Época 30/50 | Loss=0.018475
05:46:52 [INFO]     Época 40/50 | Loss=0.017902
05:46:59 [INFO]     Época 50/50 | Loss=0.016436
05:46:59 [INFO]   [207/240] MLP_w7_h32x16_actleaky_relu_d0.1_e50_lr0.0005_b8  RMSE_test=0.0143  MAE_test=0.0107
05:47:02 [INFO]     Época 10/50 | Loss=0.026601
05:47:05 [INFO]     Época 20/50 | Loss=0.023539
05:47:09 [INFO]     Época 30/50 | Loss=0.021068
05:47:12 [INFO]     Época 40/50 | Loss=0.019770
05:47:16 [INFO]     Época 50/50 | Loss=0.017557
05:47:16 [INFO]   [208/240] MLP_w7_h32x16_actleaky_relu_d0.1_e50_lr0.0005_b16  RMSE_test=0.0166  MAE_test=0.0126
05:47:22 [INFO]     Época 10/50 | Loss=0.003637
05:47:28 [INFO]     Época 20/50 | Loss=0.003047
05:47:34 [INFO]     Época 30/50 | Loss=0.002815
05:47:40 [INFO]     Época 40/50 | Loss=0.002674
05:47:46 [INFO]     Época 50/50 | Loss=0.002646
05:47:46 [INFO]   [209/240] MLP_w7_h64x32_actrelu_d0.0_e50_lr0.001_b8  RMSE_test=0.0143  MAE_test=0.0107
05:47:49 [INFO]     Época 10/50 | Loss=0.003341
05:47:52 [INFO]     Época 20/50 | Loss=0.002869
05:47:56 [INFO]     Época 30/50 | Loss=0.002644
05:47:59 [INFO]     Época 40/50 | Loss=0.002564
05:48:02 [INFO]     Época 50/50 | Loss=0.002452
05:48:02 [INFO]   [210/240] MLP_w7_h64x32_actrelu_d0.0_e50_lr0.001_b16  RMSE_test=0.0140  MAE_test=0.0105
05:48:08 [INFO]     Época 10/50 | Loss=0.003457
05:48:14 [INFO]     Época 20/50 | Loss=0.002907
05:48:20 [INFO]     Época 30/50 | Loss=0.002507
05:48:27 [INFO]     Época 40/50 | Loss=0.002542
05:48:33 [INFO]     Época 50/50 | Loss=0.002468
05:48:33 [INFO]   [211/240] MLP_w7_h64x32_actrelu_d0.0_e50_lr0.0005_b8  RMSE_test=0.0140  MAE_test=0.0103
05:48:36 [INFO]     Época 10/50 | Loss=0.003119
05:48:39 [INFO]     Época 20/50 | Loss=0.002769
05:48:43 [INFO]     Época 30/50 | Loss=0.002487
05:48:46 [INFO]     Época 40/50 | Loss=0.002381
05:48:49 [INFO]     Época 50/50 | Loss=0.002345
05:48:49 [INFO]   [212/240] MLP_w7_h64x32_actrelu_d0.0_e50_lr0.0005_b16  RMSE_test=0.0152  MAE_test=0.0117
05:48:55 [INFO]     Época 10/50 | Loss=0.003612
05:49:01 [INFO]     Época 20/50 | Loss=0.003055
05:49:08 [INFO]     Época 30/50 | Loss=0.002766
05:49:14 [INFO]     Época 40/50 | Loss=0.002751
05:49:20 [INFO]     Época 50/50 | Loss=0.002616
05:49:20 [INFO]   [213/240] MLP_w7_h64x32_actleaky_relu_d0.0_e50_lr0.001_b8  RMSE_test=0.0140  MAE_test=0.0104
05:49:23 [INFO]     Época 10/50 | Loss=0.003394
05:49:27 [INFO]     Época 20/50 | Loss=0.002947
05:49:30 [INFO]     Época 30/50 | Loss=0.002670
05:49:33 [INFO]     Época 40/50 | Loss=0.002528
05:49:36 [INFO]     Época 50/50 | Loss=0.002503
05:49:36 [INFO]   [214/240] MLP_w7_h64x32_actleaky_relu_d0.0_e50_lr0.001_b16  RMSE_test=0.0145  MAE_test=0.0108
05:49:42 [INFO]     Época 10/50 | Loss=0.003404
05:49:48 [INFO]     Época 20/50 | Loss=0.002858
05:49:55 [INFO]     Época 30/50 | Loss=0.002547
05:50:01 [INFO]     Época 40/50 | Loss=0.002564
05:50:07 [INFO]     Época 50/50 | Loss=0.002459
05:50:07 [INFO]   [215/240] MLP_w7_h64x32_actleaky_relu_d0.0_e50_lr0.0005_b8  RMSE_test=0.0137  MAE_test=0.0101
05:50:10 [INFO]     Época 10/50 | Loss=0.003142
05:50:13 [INFO]     Época 20/50 | Loss=0.002706
05:50:16 [INFO]     Época 30/50 | Loss=0.002464
05:50:19 [INFO]     Época 40/50 | Loss=0.002311
05:50:23 [INFO]     Época 50/50 | Loss=0.002307
05:50:23 [INFO]   [216/240] MLP_w7_h64x32_actleaky_relu_d0.0_e50_lr0.0005_b16  RMSE_test=0.0153  MAE_test=0.0118
05:50:29 [INFO]     Época 10/50 | Loss=0.017971
05:50:36 [INFO]     Época 20/50 | Loss=0.016605
05:50:42 [INFO]     Época 30/50 | Loss=0.016279
05:50:49 [INFO]     Época 40/50 | Loss=0.015104
05:50:56 [INFO]     Época 50/50 | Loss=0.013657
05:50:56 [INFO]   [217/240] MLP_w7_h64x32_actrelu_d0.1_e50_lr0.001_b8  RMSE_test=0.0176  MAE_test=0.0136
05:50:59 [INFO]     Época 10/50 | Loss=0.017109
05:51:02 [INFO]     Época 20/50 | Loss=0.015318
05:51:06 [INFO]     Época 30/50 | Loss=0.014500
05:51:09 [INFO]     Época 40/50 | Loss=0.014445
05:51:12 [INFO]     Época 50/50 | Loss=0.014440
05:51:12 [INFO]   [218/240] MLP_w7_h64x32_actrelu_d0.1_e50_lr0.001_b16  RMSE_test=0.0174  MAE_test=0.0135
05:51:19 [INFO]     Época 10/50 | Loss=0.016833
05:51:26 [INFO]     Época 20/50 | Loss=0.015602
05:51:32 [INFO]     Época 30/50 | Loss=0.014952
05:51:39 [INFO]     Época 40/50 | Loss=0.013851
05:51:45 [INFO]     Época 50/50 | Loss=0.013116
05:51:45 [INFO]   [219/240] MLP_w7_h64x32_actrelu_d0.1_e50_lr0.0005_b8  RMSE_test=0.0151  MAE_test=0.0114
05:51:49 [INFO]     Época 10/50 | Loss=0.016914
05:51:52 [INFO]     Época 20/50 | Loss=0.015063
05:51:56 [INFO]     Época 30/50 | Loss=0.014351
05:51:59 [INFO]     Época 40/50 | Loss=0.014149
05:52:02 [INFO]     Época 50/50 | Loss=0.013465
05:52:02 [INFO]   [220/240] MLP_w7_h64x32_actrelu_d0.1_e50_lr0.0005_b16  RMSE_test=0.0165  MAE_test=0.0128
05:52:09 [INFO]     Época 10/50 | Loss=0.017021
05:52:16 [INFO]     Época 20/50 | Loss=0.014527
05:52:22 [INFO]     Época 30/50 | Loss=0.012965
05:52:29 [INFO]     Época 40/50 | Loss=0.011866
05:52:35 [INFO]     Época 50/50 | Loss=0.010864
05:52:35 [INFO]   [221/240] MLP_w7_h64x32_actleaky_relu_d0.1_e50_lr0.001_b8  RMSE_test=0.0146  MAE_test=0.0111
05:52:39 [INFO]     Época 10/50 | Loss=0.016405
05:52:42 [INFO]     Época 20/50 | Loss=0.014150
05:52:46 [INFO]     Época 30/50 | Loss=0.012492
05:52:49 [INFO]     Época 40/50 | Loss=0.011626
05:52:53 [INFO]     Época 50/50 | Loss=0.011537
05:52:53 [INFO]   [222/240] MLP_w7_h64x32_actleaky_relu_d0.1_e50_lr0.001_b16  RMSE_test=0.0167  MAE_test=0.0129
05:52:59 [INFO]     Época 10/50 | Loss=0.016289
05:53:06 [INFO]     Época 20/50 | Loss=0.014313
05:53:12 [INFO]     Época 30/50 | Loss=0.012690
05:53:19 [INFO]     Época 40/50 | Loss=0.011405
05:53:26 [INFO]     Época 50/50 | Loss=0.010348
05:53:26 [INFO]   [223/240] MLP_w7_h64x32_actleaky_relu_d0.1_e50_lr0.0005_b8  RMSE_test=0.0167  MAE_test=0.0128
05:53:29 [INFO]     Época 10/50 | Loss=0.016398
05:53:32 [INFO]     Época 20/50 | Loss=0.014505
05:53:36 [INFO]     Época 30/50 | Loss=0.013202
05:53:39 [INFO]     Época 40/50 | Loss=0.012780
05:53:42 [INFO]     Época 50/50 | Loss=0.011497
05:53:42 [INFO]   [224/240] MLP_w7_h64x32_actleaky_relu_d0.1_e50_lr0.0005_b16  RMSE_test=0.0166  MAE_test=0.0130
05:53:49 [INFO]     Época 10/50 | Loss=0.003927
05:53:56 [INFO]     Época 20/50 | Loss=0.003347
05:54:03 [INFO]     Época 30/50 | Loss=0.002927
05:54:11 [INFO]     Época 40/50 | Loss=0.002694
05:54:18 [INFO]     Época 50/50 | Loss=0.002663
05:54:18 [INFO]   [225/240] MLP_w7_h128x64x32_actrelu_d0.0_e50_lr0.001_b8  RMSE_test=0.0147  MAE_test=0.0112
05:54:21 [INFO]     Época 10/50 | Loss=0.003858
05:54:25 [INFO]     Época 20/50 | Loss=0.002979
05:54:28 [INFO]     Época 30/50 | Loss=0.002650
05:54:32 [INFO]     Época 40/50 | Loss=0.002649
05:54:36 [INFO]     Época 50/50 | Loss=0.002450
05:54:36 [INFO]   [226/240] MLP_w7_h128x64x32_actrelu_d0.0_e50_lr0.001_b16  RMSE_test=0.0149  MAE_test=0.0110
05:54:43 [INFO]     Época 10/50 | Loss=0.003664
05:54:50 [INFO]     Época 20/50 | Loss=0.002877
05:54:57 [INFO]     Época 30/50 | Loss=0.002629
05:55:04 [INFO]     Época 40/50 | Loss=0.002479
05:55:11 [INFO]     Época 50/50 | Loss=0.002411
05:55:11 [INFO]   [227/240] MLP_w7_h128x64x32_actrelu_d0.0_e50_lr0.0005_b8  RMSE_test=0.0151  MAE_test=0.0112
05:55:14 [INFO]     Época 10/50 | Loss=0.003341
05:55:18 [INFO]     Época 20/50 | Loss=0.002971
05:55:21 [INFO]     Época 30/50 | Loss=0.002645
05:55:25 [INFO]     Época 40/50 | Loss=0.002450
05:55:29 [INFO]     Época 50/50 | Loss=0.002360
05:55:29 [INFO]   [228/240] MLP_w7_h128x64x32_actrelu_d0.0_e50_lr0.0005_b16  RMSE_test=0.0152  MAE_test=0.0116
05:55:36 [INFO]     Época 10/50 | Loss=0.003937
05:55:43 [INFO]     Época 20/50 | Loss=0.003238
05:55:50 [INFO]     Época 30/50 | Loss=0.002962
05:55:57 [INFO]     Época 40/50 | Loss=0.002725
05:56:04 [INFO]     Época 50/50 | Loss=0.002664
05:56:04 [INFO]   [229/240] MLP_w7_h128x64x32_actleaky_relu_d0.0_e50_lr0.001_b8  RMSE_test=0.0147  MAE_test=0.0109
05:56:07 [INFO]     Época 10/50 | Loss=0.003874
05:56:11 [INFO]     Época 20/50 | Loss=0.002998
05:56:14 [INFO]     Época 30/50 | Loss=0.002637
05:56:18 [INFO]     Época 40/50 | Loss=0.002552
05:56:21 [INFO]     Época 50/50 | Loss=0.002404
05:56:21 [INFO]   [230/240] MLP_w7_h128x64x32_actleaky_relu_d0.0_e50_lr0.001_b16  RMSE_test=0.0158  MAE_test=0.0116
05:56:29 [INFO]     Época 10/50 | Loss=0.003542
05:56:36 [INFO]     Época 20/50 | Loss=0.002877
05:56:43 [INFO]     Época 30/50 | Loss=0.002626
05:56:50 [INFO]     Época 40/50 | Loss=0.002460
05:56:57 [INFO]     Época 50/50 | Loss=0.002386
05:56:57 [INFO]   [231/240] MLP_w7_h128x64x32_actleaky_relu_d0.0_e50_lr0.0005_b8  RMSE_test=0.0152  MAE_test=0.0114
05:57:00 [INFO]     Época 10/50 | Loss=0.003453
05:57:04 [INFO]     Época 20/50 | Loss=0.002973
05:57:08 [INFO]     Época 30/50 | Loss=0.002625
05:57:11 [INFO]     Época 40/50 | Loss=0.002457
05:57:15 [INFO]     Época 50/50 | Loss=0.002349
05:57:15 [INFO]   [232/240] MLP_w7_h128x64x32_actleaky_relu_d0.0_e50_lr0.0005_b16  RMSE_test=0.0151  MAE_test=0.0114
05:57:22 [INFO]     Época 10/50 | Loss=0.021345
05:57:30 [INFO]     Época 20/50 | Loss=0.019293
05:57:38 [INFO]     Época 30/50 | Loss=0.016866
05:57:46 [INFO]     Época 40/50 | Loss=0.017270
05:57:53 [INFO]     Época 50/50 | Loss=0.015784
05:57:53 [INFO]   [233/240] MLP_w7_h128x64x32_actrelu_d0.1_e50_lr0.001_b8  RMSE_test=0.0177  MAE_test=0.0136
05:57:57 [INFO]     Época 10/50 | Loss=0.020955
05:58:01 [INFO]     Época 20/50 | Loss=0.017981
05:58:05 [INFO]     Época 30/50 | Loss=0.015996
05:58:09 [INFO]     Época 40/50 | Loss=0.016389
05:58:13 [INFO]     Época 50/50 | Loss=0.016240
05:58:13 [INFO]   [234/240] MLP_w7_h128x64x32_actrelu_d0.1_e50_lr0.001_b16  RMSE_test=0.0243  MAE_test=0.0183
05:58:21 [INFO]     Época 10/50 | Loss=0.020543
05:58:28 [INFO]     Época 20/50 | Loss=0.018185
05:58:36 [INFO]     Época 30/50 | Loss=0.015392
05:58:44 [INFO]     Época 40/50 | Loss=0.015843
05:58:51 [INFO]     Época 50/50 | Loss=0.014744
05:58:51 [INFO]   [235/240] MLP_w7_h128x64x32_actrelu_d0.1_e50_lr0.0005_b8  RMSE_test=0.0172  MAE_test=0.0131
05:58:55 [INFO]     Época 10/50 | Loss=0.020294
05:58:59 [INFO]     Época 20/50 | Loss=0.017637
05:59:03 [INFO]     Época 30/50 | Loss=0.015635
05:59:07 [INFO]     Época 40/50 | Loss=0.014620
05:59:11 [INFO]     Época 50/50 | Loss=0.014504
05:59:11 [INFO]   [236/240] MLP_w7_h128x64x32_actrelu_d0.1_e50_lr0.0005_b16  RMSE_test=0.0185  MAE_test=0.0142
05:59:18 [INFO]     Época 10/50 | Loss=0.018264
05:59:26 [INFO]     Época 20/50 | Loss=0.015739
05:59:34 [INFO]     Época 30/50 | Loss=0.014046
05:59:41 [INFO]     Época 40/50 | Loss=0.013137
05:59:49 [INFO]     Época 50/50 | Loss=0.011880
05:59:49 [INFO]   [237/240] MLP_w7_h128x64x32_actleaky_relu_d0.1_e50_lr0.001_b8  RMSE_test=0.0167  MAE_test=0.0129
05:59:53 [INFO]     Época 10/50 | Loss=0.019900
05:59:57 [INFO]     Época 20/50 | Loss=0.015609
06:00:01 [INFO]     Época 30/50 | Loss=0.013298
06:00:05 [INFO]     Época 40/50 | Loss=0.013134
06:00:09 [INFO]     Época 50/50 | Loss=0.012931
06:00:09 [INFO]   [238/240] MLP_w7_h128x64x32_actleaky_relu_d0.1_e50_lr0.001_b16  RMSE_test=0.0173  MAE_test=0.0132
06:00:16 [INFO]     Época 10/50 | Loss=0.018469
06:00:24 [INFO]     Época 20/50 | Loss=0.015198
06:00:32 [INFO]     Época 30/50 | Loss=0.013117
06:00:39 [INFO]     Época 40/50 | Loss=0.012972
06:00:47 [INFO]     Época 50/50 | Loss=0.011880
06:00:47 [INFO]   [239/240] MLP_w7_h128x64x32_actleaky_relu_d0.1_e50_lr0.0005_b8  RMSE_test=0.0159  MAE_test=0.0122
06:00:51 [INFO]     Época 10/50 | Loss=0.019295
06:00:55 [INFO]     Época 20/50 | Loss=0.015948
06:00:59 [INFO]     Época 30/50 | Loss=0.013487
06:01:02 [INFO]     Época 40/50 | Loss=0.012628
06:01:06 [INFO]     Época 50/50 | Loss=0.012545
06:01:06 [INFO]   [240/240] MLP_w7_h128x64x32_actleaky_relu_d0.1_e50_lr0.0005_b16  RMSE_test=0.0162  MAE_test=0.0124
06:01:06 [INFO] [OK] Top 1 — MLP_w6_h64x32_actleaky_relu_d0.0_e50_lr0.001_b16  RMSE_test=0.01175  gap_rmse=0.000888
06:01:06 [INFO] [PENDIENTE] MLP Fase 2 — configura FINAL_CONFIG_MLP en final_configs.py.
06:01:06 [INFO] LSTM R11 — Fase 1: búsqueda exploratoria...
06:01:06 [INFO] ======================================================================
06:01:06 [INFO] LSTM R11 — Fase 1: búsqueda exploratoria de hiperparámetros
06:01:06 [INFO] Device: cuda
06:01:06 [INFO] Combinaciones totales: 240
06:01:16 [INFO]     Época 10/50 | Loss=0.002562
06:01:25 [INFO]     Época 20/50 | Loss=0.002385
06:01:35 [INFO]     Época 30/50 | Loss=0.002282
06:01:44 [INFO]     Época 40/50 | Loss=0.002249
06:01:54 [INFO]     Época 50/50 | Loss=0.002237
06:01:54 [INFO]   [1/240] LSTM_w3_h16_l1_d0.0_e50_lr0.001_b8  RMSE_test=0.0120  MAE_test=0.0087
06:01:59 [INFO]     Época 10/50 | Loss=0.002951
06:02:03 [INFO]     Época 20/50 | Loss=0.002371
06:02:08 [INFO]     Época 30/50 | Loss=0.002295
06:02:13 [INFO]     Época 40/50 | Loss=0.002247
06:02:18 [INFO]     Época 50/50 | Loss=0.002209
06:02:18 [INFO]   [2/240] LSTM_w3_h16_l1_d0.0_e50_lr0.001_b16  RMSE_test=0.0123  MAE_test=0.0090
06:02:27 [INFO]     Época 10/50 | Loss=0.003058
06:02:37 [INFO]     Época 20/50 | Loss=0.002335
06:02:46 [INFO]     Época 30/50 | Loss=0.002249
06:02:55 [INFO]     Época 40/50 | Loss=0.002226
06:03:05 [INFO]     Época 50/50 | Loss=0.002214
06:03:05 [INFO]   [3/240] LSTM_w3_h16_l1_d0.0_e50_lr0.0005_b8  RMSE_test=0.0118  MAE_test=0.0084
06:03:10 [INFO]     Época 10/50 | Loss=0.004825
06:03:14 [INFO]     Época 20/50 | Loss=0.002604
06:03:19 [INFO]     Época 30/50 | Loss=0.002287
06:03:24 [INFO]     Época 40/50 | Loss=0.002217
06:03:29 [INFO]     Época 50/50 | Loss=0.002187
06:03:29 [INFO]   [4/240] LSTM_w3_h16_l1_d0.0_e50_lr0.0005_b16  RMSE_test=0.0120  MAE_test=0.0087
06:03:38 [INFO]     Época 10/50 | Loss=0.010854
06:03:48 [INFO]     Época 20/50 | Loss=0.009856
06:03:57 [INFO]     Época 30/50 | Loss=0.009603
06:04:07 [INFO]     Época 40/50 | Loss=0.009575
06:04:17 [INFO]     Época 50/50 | Loss=0.009643
06:04:17 [INFO]   [5/240] LSTM_w3_h16_l1_d0.1_e50_lr0.001_b8  RMSE_test=0.0128  MAE_test=0.0092
06:04:22 [INFO]     Época 10/50 | Loss=0.011830
06:04:27 [INFO]     Época 20/50 | Loss=0.009757
06:04:32 [INFO]     Época 30/50 | Loss=0.010084
06:04:37 [INFO]     Época 40/50 | Loss=0.009878
06:04:42 [INFO]     Época 50/50 | Loss=0.009531
06:04:42 [INFO]   [6/240] LSTM_w3_h16_l1_d0.1_e50_lr0.001_b16  RMSE_test=0.0116  MAE_test=0.0082
06:04:52 [INFO]     Época 10/50 | Loss=0.012982
06:05:02 [INFO]     Época 20/50 | Loss=0.010172
06:05:11 [INFO]     Época 30/50 | Loss=0.009468
06:05:21 [INFO]     Época 40/50 | Loss=0.009355
06:05:31 [INFO]     Época 50/50 | Loss=0.009374
06:05:31 [INFO]   [7/240] LSTM_w3_h16_l1_d0.1_e50_lr0.0005_b8  RMSE_test=0.0126  MAE_test=0.0091
06:05:36 [INFO]     Época 10/50 | Loss=0.014390
06:05:41 [INFO]     Época 20/50 | Loss=0.011290
06:05:46 [INFO]     Época 30/50 | Loss=0.010515
06:05:51 [INFO]     Época 40/50 | Loss=0.009891
06:05:56 [INFO]     Época 50/50 | Loss=0.009513
06:05:56 [INFO]   [8/240] LSTM_w3_h16_l1_d0.1_e50_lr0.0005_b16  RMSE_test=0.0116  MAE_test=0.0081
06:06:08 [INFO]     Época 10/50 | Loss=0.002799
06:06:19 [INFO]     Época 20/50 | Loss=0.002560
06:06:30 [INFO]     Época 30/50 | Loss=0.002400
06:06:41 [INFO]     Época 40/50 | Loss=0.002357
06:06:52 [INFO]     Época 50/50 | Loss=0.002342
06:06:52 [INFO]   [9/240] LSTM_w3_h16_l2_d0.0_e50_lr0.001_b8  RMSE_test=0.0121  MAE_test=0.0088
06:06:57 [INFO]     Época 10/50 | Loss=0.002982
06:07:03 [INFO]     Época 20/50 | Loss=0.002457
06:07:08 [INFO]     Época 30/50 | Loss=0.002382
06:07:14 [INFO]     Época 40/50 | Loss=0.002341
06:07:19 [INFO]     Época 50/50 | Loss=0.002330
06:07:19 [INFO]   [10/240] LSTM_w3_h16_l2_d0.0_e50_lr0.001_b16  RMSE_test=0.0120  MAE_test=0.0085
06:07:31 [INFO]     Época 10/50 | Loss=0.003296
06:07:41 [INFO]     Época 20/50 | Loss=0.002437
06:07:53 [INFO]     Época 30/50 | Loss=0.002328
06:08:04 [INFO]     Época 40/50 | Loss=0.002317
06:08:15 [INFO]     Época 50/50 | Loss=0.002306
06:08:15 [INFO]   [11/240] LSTM_w3_h16_l2_d0.0_e50_lr0.0005_b8  RMSE_test=0.0120  MAE_test=0.0087
06:08:21 [INFO]     Época 10/50 | Loss=0.005326
06:08:27 [INFO]     Época 20/50 | Loss=0.002623
06:08:33 [INFO]     Época 30/50 | Loss=0.002368
06:08:38 [INFO]     Época 40/50 | Loss=0.002311
06:08:44 [INFO]     Época 50/50 | Loss=0.002273
06:08:44 [INFO]   [12/240] LSTM_w3_h16_l2_d0.0_e50_lr0.0005_b16  RMSE_test=0.0120  MAE_test=0.0085
06:08:56 [INFO]     Época 10/50 | Loss=0.013914
06:09:08 [INFO]     Época 20/50 | Loss=0.011999
06:09:19 [INFO]     Época 30/50 | Loss=0.011422
06:09:31 [INFO]     Época 40/50 | Loss=0.011682
06:09:43 [INFO]     Época 50/50 | Loss=0.011438
06:09:43 [INFO]   [13/240] LSTM_w3_h16_l2_d0.1_e50_lr0.001_b8  RMSE_test=0.0155  MAE_test=0.0118
06:09:49 [INFO]     Época 10/50 | Loss=0.015891
06:09:55 [INFO]     Época 20/50 | Loss=0.012087
06:10:01 [INFO]     Época 30/50 | Loss=0.011911
06:10:07 [INFO]     Época 40/50 | Loss=0.011463
06:10:12 [INFO]     Época 50/50 | Loss=0.011140
06:10:12 [INFO]   [14/240] LSTM_w3_h16_l2_d0.1_e50_lr0.001_b16  RMSE_test=0.0121  MAE_test=0.0085
06:10:24 [INFO]     Época 10/50 | Loss=0.016339
06:10:36 [INFO]     Época 20/50 | Loss=0.013248
06:10:48 [INFO]     Época 30/50 | Loss=0.011700
06:10:59 [INFO]     Época 40/50 | Loss=0.011720
06:11:11 [INFO]     Época 50/50 | Loss=0.011453
06:11:11 [INFO]   [15/240] LSTM_w3_h16_l2_d0.1_e50_lr0.0005_b8  RMSE_test=0.0139  MAE_test=0.0104
06:11:17 [INFO]     Época 10/50 | Loss=0.018281
06:11:23 [INFO]     Época 20/50 | Loss=0.014595
06:11:29 [INFO]     Época 30/50 | Loss=0.013497
06:11:35 [INFO]     Época 40/50 | Loss=0.011938
06:11:41 [INFO]     Época 50/50 | Loss=0.011350
06:11:41 [INFO]   [16/240] LSTM_w3_h16_l2_d0.1_e50_lr0.0005_b16  RMSE_test=0.0117  MAE_test=0.0080
06:11:50 [INFO]     Época 10/50 | Loss=0.002700
06:12:00 [INFO]     Época 20/50 | Loss=0.002447
06:12:10 [INFO]     Época 30/50 | Loss=0.002329
06:12:19 [INFO]     Época 40/50 | Loss=0.002274
06:12:29 [INFO]     Época 50/50 | Loss=0.002256
06:12:29 [INFO]   [17/240] LSTM_w3_h32_l1_d0.0_e50_lr0.001_b8  RMSE_test=0.0121  MAE_test=0.0087
06:12:34 [INFO]     Época 10/50 | Loss=0.002829
06:12:39 [INFO]     Época 20/50 | Loss=0.002426
06:12:44 [INFO]     Época 30/50 | Loss=0.002330
06:12:49 [INFO]     Época 40/50 | Loss=0.002279
06:12:54 [INFO]     Época 50/50 | Loss=0.002234
06:12:54 [INFO]   [18/240] LSTM_w3_h32_l1_d0.0_e50_lr0.001_b16  RMSE_test=0.0120  MAE_test=0.0086
06:13:03 [INFO]     Época 10/50 | Loss=0.002814
06:13:13 [INFO]     Época 20/50 | Loss=0.002388
06:13:22 [INFO]     Época 30/50 | Loss=0.002278
06:13:32 [INFO]     Época 40/50 | Loss=0.002246
06:13:41 [INFO]     Época 50/50 | Loss=0.002243
06:13:41 [INFO]   [19/240] LSTM_w3_h32_l1_d0.0_e50_lr0.0005_b8  RMSE_test=0.0119  MAE_test=0.0085
06:13:46 [INFO]     Época 10/50 | Loss=0.003726
06:13:51 [INFO]     Época 20/50 | Loss=0.002552
06:13:56 [INFO]     Época 30/50 | Loss=0.002351
06:14:01 [INFO]     Época 40/50 | Loss=0.002267
06:14:04 [INFO]     Época 50/50 | Loss=0.002225
06:14:04 [INFO]   [20/240] LSTM_w3_h32_l1_d0.0_e50_lr0.0005_b16  RMSE_test=0.0120  MAE_test=0.0087
06:14:12 [INFO]     Época 10/50 | Loss=0.007073
06:14:20 [INFO]     Época 20/50 | Loss=0.006621
06:14:28 [INFO]     Época 30/50 | Loss=0.006398
06:14:35 [INFO]     Época 40/50 | Loss=0.006165
06:14:43 [INFO]     Época 50/50 | Loss=0.006223
06:14:43 [INFO]   [21/240] LSTM_w3_h32_l1_d0.1_e50_lr0.001_b8  RMSE_test=0.0125  MAE_test=0.0089
06:14:47 [INFO]     Época 10/50 | Loss=0.008066
06:14:51 [INFO]     Época 20/50 | Loss=0.006866
06:14:55 [INFO]     Época 30/50 | Loss=0.006300
06:14:59 [INFO]     Época 40/50 | Loss=0.006167
06:15:03 [INFO]     Época 50/50 | Loss=0.005918
06:15:03 [INFO]   [22/240] LSTM_w3_h32_l1_d0.1_e50_lr0.001_b16  RMSE_test=0.0117  MAE_test=0.0083
06:15:11 [INFO]     Época 10/50 | Loss=0.007876
06:15:18 [INFO]     Época 20/50 | Loss=0.006739
06:15:26 [INFO]     Época 30/50 | Loss=0.006252
06:15:34 [INFO]     Época 40/50 | Loss=0.005973
06:15:41 [INFO]     Época 50/50 | Loss=0.006040
06:15:41 [INFO]   [23/240] LSTM_w3_h32_l1_d0.1_e50_lr0.0005_b8  RMSE_test=0.0120  MAE_test=0.0085
06:15:45 [INFO]     Época 10/50 | Loss=0.009525
06:15:49 [INFO]     Época 20/50 | Loss=0.007417
06:15:53 [INFO]     Época 30/50 | Loss=0.006511
06:15:57 [INFO]     Época 40/50 | Loss=0.006177
06:16:01 [INFO]     Época 50/50 | Loss=0.005847
06:16:01 [INFO]   [24/240] LSTM_w3_h32_l1_d0.1_e50_lr0.0005_b16  RMSE_test=0.0116  MAE_test=0.0082
06:16:09 [INFO]     Época 10/50 | Loss=0.002982
06:16:17 [INFO]     Época 20/50 | Loss=0.002644
06:16:26 [INFO]     Época 30/50 | Loss=0.002448
06:16:34 [INFO]     Época 40/50 | Loss=0.002382
06:16:42 [INFO]     Época 50/50 | Loss=0.002383
06:16:42 [INFO]   [25/240] LSTM_w3_h32_l2_d0.0_e50_lr0.001_b8  RMSE_test=0.0122  MAE_test=0.0089
06:16:46 [INFO]     Época 10/50 | Loss=0.003011
06:16:50 [INFO]     Época 20/50 | Loss=0.002535
06:16:54 [INFO]     Época 30/50 | Loss=0.002476
06:16:59 [INFO]     Época 40/50 | Loss=0.002361
06:17:03 [INFO]     Época 50/50 | Loss=0.002411
06:17:03 [INFO]   [26/240] LSTM_w3_h32_l2_d0.0_e50_lr0.001_b16  RMSE_test=0.0117  MAE_test=0.0083
06:17:11 [INFO]     Época 10/50 | Loss=0.003085
06:17:19 [INFO]     Época 20/50 | Loss=0.002563
06:17:27 [INFO]     Época 30/50 | Loss=0.002401
06:17:35 [INFO]     Época 40/50 | Loss=0.002352
06:17:44 [INFO]     Época 50/50 | Loss=0.002367
06:17:44 [INFO]   [27/240] LSTM_w3_h32_l2_d0.0_e50_lr0.0005_b8  RMSE_test=0.0120  MAE_test=0.0087
06:17:48 [INFO]     Época 10/50 | Loss=0.004222
06:17:52 [INFO]     Época 20/50 | Loss=0.002641
06:17:56 [INFO]     Época 30/50 | Loss=0.002418
06:18:00 [INFO]     Época 40/50 | Loss=0.002353
06:18:05 [INFO]     Época 50/50 | Loss=0.002364
06:18:05 [INFO]   [28/240] LSTM_w3_h32_l2_d0.0_e50_lr0.0005_b16  RMSE_test=0.0118  MAE_test=0.0084
06:18:13 [INFO]     Época 10/50 | Loss=0.009089
06:18:21 [INFO]     Época 20/50 | Loss=0.007976
06:18:30 [INFO]     Época 30/50 | Loss=0.007628
06:18:38 [INFO]     Época 40/50 | Loss=0.007431
06:18:47 [INFO]     Época 50/50 | Loss=0.007492
06:18:47 [INFO]   [29/240] LSTM_w3_h32_l2_d0.1_e50_lr0.001_b8  RMSE_test=0.0122  MAE_test=0.0087
06:18:51 [INFO]     Época 10/50 | Loss=0.010314
06:18:55 [INFO]     Época 20/50 | Loss=0.007937
06:19:00 [INFO]     Época 30/50 | Loss=0.007459
06:19:04 [INFO]     Época 40/50 | Loss=0.007545
06:19:08 [INFO]     Época 50/50 | Loss=0.007358
06:19:08 [INFO]   [30/240] LSTM_w3_h32_l2_d0.1_e50_lr0.001_b16  RMSE_test=0.0122  MAE_test=0.0087
06:19:17 [INFO]     Época 10/50 | Loss=0.010466
06:19:25 [INFO]     Época 20/50 | Loss=0.008053
06:19:34 [INFO]     Época 30/50 | Loss=0.007357
06:19:42 [INFO]     Época 40/50 | Loss=0.007183
06:19:50 [INFO]     Época 50/50 | Loss=0.007090
06:19:50 [INFO]   [31/240] LSTM_w3_h32_l2_d0.1_e50_lr0.0005_b8  RMSE_test=0.0122  MAE_test=0.0087
06:19:55 [INFO]     Época 10/50 | Loss=0.012467
06:19:59 [INFO]     Época 20/50 | Loss=0.009305
06:20:03 [INFO]     Época 30/50 | Loss=0.007755
06:20:08 [INFO]     Época 40/50 | Loss=0.007655
06:20:12 [INFO]     Época 50/50 | Loss=0.007209
06:20:12 [INFO]   [32/240] LSTM_w3_h32_l2_d0.1_e50_lr0.0005_b16  RMSE_test=0.0128  MAE_test=0.0092
06:20:20 [INFO]     Época 10/50 | Loss=0.002815
06:20:27 [INFO]     Época 20/50 | Loss=0.002499
06:20:35 [INFO]     Época 30/50 | Loss=0.002377
06:20:42 [INFO]     Época 40/50 | Loss=0.002296
06:20:50 [INFO]     Época 50/50 | Loss=0.002277
06:20:50 [INFO]   [33/240] LSTM_w3_h64_l1_d0.0_e50_lr0.001_b8  RMSE_test=0.0120  MAE_test=0.0086
06:20:53 [INFO]     Época 10/50 | Loss=0.003053
06:20:57 [INFO]     Época 20/50 | Loss=0.002487
06:21:01 [INFO]     Época 30/50 | Loss=0.002363
06:21:05 [INFO]     Época 40/50 | Loss=0.002326
06:21:09 [INFO]     Época 50/50 | Loss=0.002278
06:21:09 [INFO]   [34/240] LSTM_w3_h64_l1_d0.0_e50_lr0.001_b16  RMSE_test=0.0121  MAE_test=0.0088
06:21:16 [INFO]     Época 10/50 | Loss=0.003026
06:21:24 [INFO]     Época 20/50 | Loss=0.002476
06:21:31 [INFO]     Época 30/50 | Loss=0.002335
06:21:39 [INFO]     Época 40/50 | Loss=0.002286
06:21:46 [INFO]     Época 50/50 | Loss=0.002283
06:21:46 [INFO]   [35/240] LSTM_w3_h64_l1_d0.0_e50_lr0.0005_b8  RMSE_test=0.0119  MAE_test=0.0086
06:21:50 [INFO]     Época 10/50 | Loss=0.003776
06:21:54 [INFO]     Época 20/50 | Loss=0.002638
06:21:58 [INFO]     Época 30/50 | Loss=0.002396
06:22:02 [INFO]     Época 40/50 | Loss=0.002330
06:22:06 [INFO]     Época 50/50 | Loss=0.002287
06:22:06 [INFO]   [36/240] LSTM_w3_h64_l1_d0.0_e50_lr0.0005_b16  RMSE_test=0.0118  MAE_test=0.0084
06:22:13 [INFO]     Época 10/50 | Loss=0.005447
06:22:21 [INFO]     Época 20/50 | Loss=0.004635
06:22:29 [INFO]     Época 30/50 | Loss=0.004737
06:22:37 [INFO]     Época 40/50 | Loss=0.004517
06:22:44 [INFO]     Época 50/50 | Loss=0.004561
06:22:44 [INFO]   [37/240] LSTM_w3_h64_l1_d0.1_e50_lr0.001_b8  RMSE_test=0.0121  MAE_test=0.0086
06:22:48 [INFO]     Época 10/50 | Loss=0.005847
06:22:52 [INFO]     Época 20/50 | Loss=0.004745
06:22:56 [INFO]     Época 30/50 | Loss=0.004410
06:23:00 [INFO]     Época 40/50 | Loss=0.004344
06:23:04 [INFO]     Época 50/50 | Loss=0.004349
06:23:04 [INFO]   [38/240] LSTM_w3_h64_l1_d0.1_e50_lr0.001_b16  RMSE_test=0.0118  MAE_test=0.0083
06:23:12 [INFO]     Época 10/50 | Loss=0.005998
06:23:19 [INFO]     Época 20/50 | Loss=0.004593
06:23:27 [INFO]     Época 30/50 | Loss=0.004526
06:23:35 [INFO]     Época 40/50 | Loss=0.004363
06:23:43 [INFO]     Época 50/50 | Loss=0.004353
06:23:43 [INFO]   [39/240] LSTM_w3_h64_l1_d0.1_e50_lr0.0005_b8  RMSE_test=0.0118  MAE_test=0.0083
06:23:47 [INFO]     Época 10/50 | Loss=0.007290
06:23:50 [INFO]     Época 20/50 | Loss=0.005277
06:23:54 [INFO]     Época 30/50 | Loss=0.004536
06:23:58 [INFO]     Época 40/50 | Loss=0.004274
06:24:02 [INFO]     Época 50/50 | Loss=0.004241
06:24:02 [INFO]   [40/240] LSTM_w3_h64_l1_d0.1_e50_lr0.0005_b16  RMSE_test=0.0117  MAE_test=0.0082
06:24:11 [INFO]     Época 10/50 | Loss=0.003084
06:24:19 [INFO]     Época 20/50 | Loss=0.002803
06:24:27 [INFO]     Época 30/50 | Loss=0.002544
06:24:35 [INFO]     Época 40/50 | Loss=0.002463
06:24:43 [INFO]     Época 50/50 | Loss=0.002453
06:24:43 [INFO]   [41/240] LSTM_w3_h64_l2_d0.0_e50_lr0.001_b8  RMSE_test=0.0122  MAE_test=0.0089
06:24:48 [INFO]     Época 10/50 | Loss=0.002880
06:24:52 [INFO]     Época 20/50 | Loss=0.002658
06:24:56 [INFO]     Época 30/50 | Loss=0.002563
06:25:00 [INFO]     Época 40/50 | Loss=0.002454
06:25:04 [INFO]     Época 50/50 | Loss=0.002540
06:25:04 [INFO]   [42/240] LSTM_w3_h64_l2_d0.0_e50_lr0.001_b16  RMSE_test=0.0119  MAE_test=0.0084
06:25:12 [INFO]     Época 10/50 | Loss=0.002942
06:25:21 [INFO]     Época 20/50 | Loss=0.002620
06:25:29 [INFO]     Época 30/50 | Loss=0.002465
06:25:37 [INFO]     Época 40/50 | Loss=0.002408
06:25:45 [INFO]     Época 50/50 | Loss=0.002447
06:25:45 [INFO]   [43/240] LSTM_w3_h64_l2_d0.0_e50_lr0.0005_b8  RMSE_test=0.0122  MAE_test=0.0088
06:25:49 [INFO]     Época 10/50 | Loss=0.003495
06:25:54 [INFO]     Época 20/50 | Loss=0.002562
06:25:58 [INFO]     Época 30/50 | Loss=0.002466
06:26:02 [INFO]     Época 40/50 | Loss=0.002391
06:26:06 [INFO]     Época 50/50 | Loss=0.002447
06:26:06 [INFO]   [44/240] LSTM_w3_h64_l2_d0.0_e50_lr0.0005_b16  RMSE_test=0.0118  MAE_test=0.0084
06:26:15 [INFO]     Época 10/50 | Loss=0.007107
06:26:23 [INFO]     Época 20/50 | Loss=0.005839
06:26:32 [INFO]     Época 30/50 | Loss=0.005636
06:26:40 [INFO]     Época 40/50 | Loss=0.005366
06:26:48 [INFO]     Época 50/50 | Loss=0.005619
06:26:48 [INFO]   [45/240] LSTM_w3_h64_l2_d0.1_e50_lr0.001_b8  RMSE_test=0.0142  MAE_test=0.0109
06:26:53 [INFO]     Época 10/50 | Loss=0.007030
06:26:57 [INFO]     Época 20/50 | Loss=0.005749
06:27:01 [INFO]     Época 30/50 | Loss=0.005437
06:27:06 [INFO]     Época 40/50 | Loss=0.005392
06:27:10 [INFO]     Época 50/50 | Loss=0.005506
06:27:10 [INFO]   [46/240] LSTM_w3_h64_l2_d0.1_e50_lr0.001_b16  RMSE_test=0.0127  MAE_test=0.0091
06:27:18 [INFO]     Época 10/50 | Loss=0.007444
06:27:27 [INFO]     Época 20/50 | Loss=0.005568
06:27:35 [INFO]     Época 30/50 | Loss=0.005202
06:27:44 [INFO]     Época 40/50 | Loss=0.005112
06:27:52 [INFO]     Época 50/50 | Loss=0.005276
06:27:52 [INFO]   [47/240] LSTM_w3_h64_l2_d0.1_e50_lr0.0005_b8  RMSE_test=0.0133  MAE_test=0.0099
06:27:57 [INFO]     Época 10/50 | Loss=0.008587
06:28:01 [INFO]     Época 20/50 | Loss=0.005877
06:28:06 [INFO]     Época 30/50 | Loss=0.005344
06:28:10 [INFO]     Época 40/50 | Loss=0.005233
06:28:14 [INFO]     Época 50/50 | Loss=0.005099
06:28:14 [INFO]   [48/240] LSTM_w3_h64_l2_d0.1_e50_lr0.0005_b16  RMSE_test=0.0120  MAE_test=0.0085
06:28:22 [INFO]     Época 10/50 | Loss=0.002305
06:28:29 [INFO]     Época 20/50 | Loss=0.002147
06:28:36 [INFO]     Época 30/50 | Loss=0.002103
06:28:43 [INFO]     Época 40/50 | Loss=0.002062
06:28:51 [INFO]     Época 50/50 | Loss=0.001982
06:28:51 [INFO]   [49/240] LSTM_w4_h16_l1_d0.0_e50_lr0.001_b8  RMSE_test=0.0124  MAE_test=0.0092
06:28:54 [INFO]     Época 10/50 | Loss=0.002639
06:28:58 [INFO]     Época 20/50 | Loss=0.002078
06:29:02 [INFO]     Época 30/50 | Loss=0.002101
06:29:06 [INFO]     Época 40/50 | Loss=0.002024
06:29:09 [INFO]     Época 50/50 | Loss=0.001982
06:29:09 [INFO]   [50/240] LSTM_w4_h16_l1_d0.0_e50_lr0.001_b16  RMSE_test=0.0120  MAE_test=0.0086
06:29:17 [INFO]     Época 10/50 | Loss=0.002700
06:29:24 [INFO]     Época 20/50 | Loss=0.002093
06:29:31 [INFO]     Época 30/50 | Loss=0.002036
06:29:38 [INFO]     Época 40/50 | Loss=0.002023
06:29:46 [INFO]     Época 50/50 | Loss=0.001978
06:29:46 [INFO]   [51/240] LSTM_w4_h16_l1_d0.0_e50_lr0.0005_b8  RMSE_test=0.0122  MAE_test=0.0089
06:29:49 [INFO]     Época 10/50 | Loss=0.004302
06:29:53 [INFO]     Época 20/50 | Loss=0.002324
06:29:57 [INFO]     Época 30/50 | Loss=0.002069
06:30:01 [INFO]     Época 40/50 | Loss=0.001986
06:30:04 [INFO]     Época 50/50 | Loss=0.001951
06:30:04 [INFO]   [52/240] LSTM_w4_h16_l1_d0.0_e50_lr0.0005_b16  RMSE_test=0.0117  MAE_test=0.0084
06:30:12 [INFO]     Época 10/50 | Loss=0.010244
06:30:19 [INFO]     Época 20/50 | Loss=0.009452
06:30:27 [INFO]     Época 30/50 | Loss=0.009428
06:30:34 [INFO]     Época 40/50 | Loss=0.009417
06:30:42 [INFO]     Época 50/50 | Loss=0.009335
06:30:42 [INFO]   [53/240] LSTM_w4_h16_l1_d0.1_e50_lr0.001_b8  RMSE_test=0.0139  MAE_test=0.0104
06:30:46 [INFO]     Época 10/50 | Loss=0.012623
06:30:49 [INFO]     Época 20/50 | Loss=0.009556
06:30:53 [INFO]     Época 30/50 | Loss=0.009542
06:30:57 [INFO]     Época 40/50 | Loss=0.009690
06:31:01 [INFO]     Época 50/50 | Loss=0.009520
06:31:01 [INFO]   [54/240] LSTM_w4_h16_l1_d0.1_e50_lr0.001_b16  RMSE_test=0.0123  MAE_test=0.0088
06:31:08 [INFO]     Época 10/50 | Loss=0.012114
06:31:16 [INFO]     Época 20/50 | Loss=0.009789
06:31:23 [INFO]     Época 30/50 | Loss=0.009385
06:31:31 [INFO]     Época 40/50 | Loss=0.009233
06:31:38 [INFO]     Época 50/50 | Loss=0.009050
06:31:38 [INFO]   [55/240] LSTM_w4_h16_l1_d0.1_e50_lr0.0005_b8  RMSE_test=0.0132  MAE_test=0.0097
06:31:42 [INFO]     Época 10/50 | Loss=0.015245
06:31:46 [INFO]     Época 20/50 | Loss=0.011117
06:31:50 [INFO]     Época 30/50 | Loss=0.010063
06:31:54 [INFO]     Época 40/50 | Loss=0.009715
06:31:57 [INFO]     Época 50/50 | Loss=0.009520
06:31:57 [INFO]   [56/240] LSTM_w4_h16_l1_d0.1_e50_lr0.0005_b16  RMSE_test=0.0119  MAE_test=0.0085
06:32:05 [INFO]     Época 10/50 | Loss=0.002478
06:32:13 [INFO]     Época 20/50 | Loss=0.002277
06:32:21 [INFO]     Época 30/50 | Loss=0.002271
06:32:29 [INFO]     Época 40/50 | Loss=0.002205
06:32:37 [INFO]     Época 50/50 | Loss=0.002072
06:32:37 [INFO]   [57/240] LSTM_w4_h16_l2_d0.0_e50_lr0.001_b8  RMSE_test=0.0141  MAE_test=0.0108
06:32:41 [INFO]     Época 10/50 | Loss=0.002885
06:32:45 [INFO]     Época 20/50 | Loss=0.002246
06:32:49 [INFO]     Época 30/50 | Loss=0.002197
06:32:53 [INFO]     Época 40/50 | Loss=0.002158
06:32:57 [INFO]     Época 50/50 | Loss=0.002063
06:32:57 [INFO]   [58/240] LSTM_w4_h16_l2_d0.0_e50_lr0.001_b16  RMSE_test=0.0124  MAE_test=0.0091
06:33:05 [INFO]     Época 10/50 | Loss=0.003050
06:33:13 [INFO]     Época 20/50 | Loss=0.002196
06:33:21 [INFO]     Época 30/50 | Loss=0.002194
06:33:29 [INFO]     Época 40/50 | Loss=0.002136
06:33:37 [INFO]     Época 50/50 | Loss=0.002047
06:33:37 [INFO]   [59/240] LSTM_w4_h16_l2_d0.0_e50_lr0.0005_b8  RMSE_test=0.0134  MAE_test=0.0101
06:33:41 [INFO]     Época 10/50 | Loss=0.004891
06:33:45 [INFO]     Época 20/50 | Loss=0.002376
06:33:49 [INFO]     Época 30/50 | Loss=0.002148
06:33:53 [INFO]     Época 40/50 | Loss=0.002094
06:33:57 [INFO]     Época 50/50 | Loss=0.002038
06:33:57 [INFO]   [60/240] LSTM_w4_h16_l2_d0.0_e50_lr0.0005_b16  RMSE_test=0.0120  MAE_test=0.0086
06:34:05 [INFO]     Época 10/50 | Loss=0.014318
06:34:14 [INFO]     Época 20/50 | Loss=0.011978
06:34:22 [INFO]     Época 30/50 | Loss=0.011630
06:34:30 [INFO]     Época 40/50 | Loss=0.010570
06:34:38 [INFO]     Época 50/50 | Loss=0.010543
06:34:38 [INFO]   [61/240] LSTM_w4_h16_l2_d0.1_e50_lr0.001_b8  RMSE_test=0.0170  MAE_test=0.0137
06:34:42 [INFO]     Época 10/50 | Loss=0.015549
06:34:46 [INFO]     Época 20/50 | Loss=0.011950
06:34:51 [INFO]     Época 30/50 | Loss=0.011565
06:34:55 [INFO]     Época 40/50 | Loss=0.010800
06:34:59 [INFO]     Época 50/50 | Loss=0.010697
06:34:59 [INFO]   [62/240] LSTM_w4_h16_l2_d0.1_e50_lr0.001_b16  RMSE_test=0.0119  MAE_test=0.0084
06:35:07 [INFO]     Época 10/50 | Loss=0.016968
06:35:15 [INFO]     Época 20/50 | Loss=0.012700
06:35:23 [INFO]     Época 30/50 | Loss=0.011728
06:35:32 [INFO]     Época 40/50 | Loss=0.010579
06:35:40 [INFO]     Época 50/50 | Loss=0.010482
06:35:40 [INFO]   [63/240] LSTM_w4_h16_l2_d0.1_e50_lr0.0005_b8  RMSE_test=0.0149  MAE_test=0.0116
06:35:44 [INFO]     Época 10/50 | Loss=0.017901
06:35:48 [INFO]     Época 20/50 | Loss=0.014495
06:35:52 [INFO]     Época 30/50 | Loss=0.012516
06:35:57 [INFO]     Época 40/50 | Loss=0.010981
06:36:01 [INFO]     Época 50/50 | Loss=0.010829
06:36:01 [INFO]   [64/240] LSTM_w4_h16_l2_d0.1_e50_lr0.0005_b16  RMSE_test=0.0121  MAE_test=0.0086
06:36:08 [INFO]     Época 10/50 | Loss=0.002408
06:36:15 [INFO]     Época 20/50 | Loss=0.002191
06:36:23 [INFO]     Época 30/50 | Loss=0.002147
06:36:30 [INFO]     Época 40/50 | Loss=0.002088
06:36:37 [INFO]     Época 50/50 | Loss=0.001984
06:36:37 [INFO]   [65/240] LSTM_w4_h32_l1_d0.0_e50_lr0.001_b8  RMSE_test=0.0123  MAE_test=0.0090
06:36:41 [INFO]     Época 10/50 | Loss=0.002744
06:36:45 [INFO]     Época 20/50 | Loss=0.002187
06:36:48 [INFO]     Época 30/50 | Loss=0.002136
06:36:52 [INFO]     Época 40/50 | Loss=0.002054
06:36:56 [INFO]     Época 50/50 | Loss=0.001980
06:36:56 [INFO]   [66/240] LSTM_w4_h32_l1_d0.0_e50_lr0.001_b16  RMSE_test=0.0118  MAE_test=0.0084
06:37:03 [INFO]     Época 10/50 | Loss=0.002657
06:37:10 [INFO]     Época 20/50 | Loss=0.002144
06:37:18 [INFO]     Época 30/50 | Loss=0.002091
06:37:25 [INFO]     Época 40/50 | Loss=0.002043
06:37:32 [INFO]     Época 50/50 | Loss=0.001977
06:37:32 [INFO]   [67/240] LSTM_w4_h32_l1_d0.0_e50_lr0.0005_b8  RMSE_test=0.0123  MAE_test=0.0090
06:37:36 [INFO]     Época 10/50 | Loss=0.003287
06:37:40 [INFO]     Época 20/50 | Loss=0.002296
06:37:43 [INFO]     Época 30/50 | Loss=0.002136
06:37:47 [INFO]     Época 40/50 | Loss=0.002030
06:37:51 [INFO]     Época 50/50 | Loss=0.001983
06:37:51 [INFO]   [68/240] LSTM_w4_h32_l1_d0.0_e50_lr0.0005_b16  RMSE_test=0.0118  MAE_test=0.0085
06:37:58 [INFO]     Época 10/50 | Loss=0.006669
06:38:06 [INFO]     Época 20/50 | Loss=0.006264
06:38:13 [INFO]     Época 30/50 | Loss=0.006238
06:38:21 [INFO]     Época 40/50 | Loss=0.005963
06:38:28 [INFO]     Época 50/50 | Loss=0.005882
06:38:28 [INFO]   [69/240] LSTM_w4_h32_l1_d0.1_e50_lr0.001_b8  RMSE_test=0.0125  MAE_test=0.0091
06:38:32 [INFO]     Época 10/50 | Loss=0.007699
06:38:36 [INFO]     Época 20/50 | Loss=0.006517
06:38:40 [INFO]     Época 30/50 | Loss=0.006154
06:38:43 [INFO]     Época 40/50 | Loss=0.005956
06:38:47 [INFO]     Época 50/50 | Loss=0.006011
06:38:47 [INFO]   [70/240] LSTM_w4_h32_l1_d0.1_e50_lr0.001_b16  RMSE_test=0.0129  MAE_test=0.0097
06:38:55 [INFO]     Época 10/50 | Loss=0.007450
06:39:02 [INFO]     Época 20/50 | Loss=0.006403
06:39:10 [INFO]     Época 30/50 | Loss=0.006149
06:39:17 [INFO]     Época 40/50 | Loss=0.005845
06:39:25 [INFO]     Época 50/50 | Loss=0.005726
06:39:25 [INFO]   [71/240] LSTM_w4_h32_l1_d0.1_e50_lr0.0005_b8  RMSE_test=0.0124  MAE_test=0.0091
06:39:28 [INFO]     Época 10/50 | Loss=0.009208
06:39:32 [INFO]     Época 20/50 | Loss=0.007113
06:39:36 [INFO]     Época 30/50 | Loss=0.006438
06:39:40 [INFO]     Época 40/50 | Loss=0.006036
06:39:44 [INFO]     Época 50/50 | Loss=0.005931
06:39:44 [INFO]   [72/240] LSTM_w4_h32_l1_d0.1_e50_lr0.0005_b16  RMSE_test=0.0121  MAE_test=0.0088
06:39:52 [INFO]     Época 10/50 | Loss=0.002638
06:40:00 [INFO]     Época 20/50 | Loss=0.002368
06:40:08 [INFO]     Época 30/50 | Loss=0.002386
06:40:15 [INFO]     Época 40/50 | Loss=0.002284
06:40:23 [INFO]     Época 50/50 | Loss=0.002114
06:40:23 [INFO]   [73/240] LSTM_w4_h32_l2_d0.0_e50_lr0.001_b8  RMSE_test=0.0139  MAE_test=0.0105
06:40:27 [INFO]     Época 10/50 | Loss=0.002836
06:40:32 [INFO]     Época 20/50 | Loss=0.002339
06:40:36 [INFO]     Época 30/50 | Loss=0.002278
06:40:40 [INFO]     Época 40/50 | Loss=0.002183
06:40:44 [INFO]     Época 50/50 | Loss=0.002108
06:40:44 [INFO]   [74/240] LSTM_w4_h32_l2_d0.0_e50_lr0.001_b16  RMSE_test=0.0126  MAE_test=0.0093
06:40:52 [INFO]     Época 10/50 | Loss=0.002963
06:41:00 [INFO]     Época 20/50 | Loss=0.002283
06:41:08 [INFO]     Época 30/50 | Loss=0.002275
06:41:16 [INFO]     Época 40/50 | Loss=0.002185
06:41:23 [INFO]     Época 50/50 | Loss=0.002076
06:41:23 [INFO]   [75/240] LSTM_w4_h32_l2_d0.0_e50_lr0.0005_b8  RMSE_test=0.0134  MAE_test=0.0102
06:41:27 [INFO]     Época 10/50 | Loss=0.003877
06:41:32 [INFO]     Época 20/50 | Loss=0.002402
06:41:36 [INFO]     Época 30/50 | Loss=0.002241
06:41:40 [INFO]     Época 40/50 | Loss=0.002157
06:41:44 [INFO]     Época 50/50 | Loss=0.002081
06:41:44 [INFO]   [76/240] LSTM_w4_h32_l2_d0.0_e50_lr0.0005_b16  RMSE_test=0.0122  MAE_test=0.0089
06:41:52 [INFO]     Época 10/50 | Loss=0.008551
06:42:00 [INFO]     Época 20/50 | Loss=0.008039
06:42:08 [INFO]     Época 30/50 | Loss=0.007592
06:42:16 [INFO]     Época 40/50 | Loss=0.007083
06:42:25 [INFO]     Época 50/50 | Loss=0.007436
06:42:25 [INFO]   [77/240] LSTM_w4_h32_l2_d0.1_e50_lr0.001_b8  RMSE_test=0.0171  MAE_test=0.0133
06:42:29 [INFO]     Época 10/50 | Loss=0.010112
06:42:33 [INFO]     Época 20/50 | Loss=0.007951
06:42:37 [INFO]     Época 30/50 | Loss=0.007561
06:42:41 [INFO]     Época 40/50 | Loss=0.007215
06:42:46 [INFO]     Época 50/50 | Loss=0.006728
06:42:46 [INFO]   [78/240] LSTM_w4_h32_l2_d0.1_e50_lr0.001_b16  RMSE_test=0.0119  MAE_test=0.0084
06:42:54 [INFO]     Época 10/50 | Loss=0.010139
06:43:02 [INFO]     Época 20/50 | Loss=0.007917
06:43:10 [INFO]     Época 30/50 | Loss=0.007292
06:43:18 [INFO]     Época 40/50 | Loss=0.006833
06:43:26 [INFO]     Época 50/50 | Loss=0.007168
06:43:26 [INFO]   [79/240] LSTM_w4_h32_l2_d0.1_e50_lr0.0005_b8  RMSE_test=0.0145  MAE_test=0.0111
06:43:31 [INFO]     Época 10/50 | Loss=0.012201
06:43:35 [INFO]     Época 20/50 | Loss=0.008853
06:43:39 [INFO]     Época 30/50 | Loss=0.007771
06:43:43 [INFO]     Época 40/50 | Loss=0.006940
06:43:47 [INFO]     Época 50/50 | Loss=0.006633
06:43:47 [INFO]   [80/240] LSTM_w4_h32_l2_d0.1_e50_lr0.0005_b16  RMSE_test=0.0135  MAE_test=0.0100
06:43:55 [INFO]     Época 10/50 | Loss=0.002468
06:44:02 [INFO]     Época 20/50 | Loss=0.002245
06:44:09 [INFO]     Época 30/50 | Loss=0.002176
06:44:16 [INFO]     Época 40/50 | Loss=0.002095
06:44:24 [INFO]     Época 50/50 | Loss=0.001992
06:44:24 [INFO]   [81/240] LSTM_w4_h64_l1_d0.0_e50_lr0.001_b8  RMSE_test=0.0123  MAE_test=0.0089
06:44:27 [INFO]     Época 10/50 | Loss=0.002897
06:44:31 [INFO]     Época 20/50 | Loss=0.002282
06:44:35 [INFO]     Época 30/50 | Loss=0.002174
06:44:39 [INFO]     Época 40/50 | Loss=0.002109
06:44:42 [INFO]     Época 50/50 | Loss=0.002005
06:44:42 [INFO]   [82/240] LSTM_w4_h64_l1_d0.0_e50_lr0.001_b16  RMSE_test=0.0119  MAE_test=0.0085
06:44:50 [INFO]     Época 10/50 | Loss=0.002790
06:44:57 [INFO]     Época 20/50 | Loss=0.002211
06:45:04 [INFO]     Época 30/50 | Loss=0.002145
06:45:11 [INFO]     Época 40/50 | Loss=0.002084
06:45:19 [INFO]     Época 50/50 | Loss=0.002003
06:45:19 [INFO]   [83/240] LSTM_w4_h64_l1_d0.0_e50_lr0.0005_b8  RMSE_test=0.0122  MAE_test=0.0089
06:45:22 [INFO]     Época 10/50 | Loss=0.003461
06:45:26 [INFO]     Época 20/50 | Loss=0.002430
06:45:30 [INFO]     Época 30/50 | Loss=0.002187
06:45:34 [INFO]     Época 40/50 | Loss=0.002088
06:45:37 [INFO]     Época 50/50 | Loss=0.002014
06:45:37 [INFO]   [84/240] LSTM_w4_h64_l1_d0.0_e50_lr0.0005_b16  RMSE_test=0.0118  MAE_test=0.0085
06:45:45 [INFO]     Época 10/50 | Loss=0.005012
06:45:52 [INFO]     Época 20/50 | Loss=0.004560
06:46:00 [INFO]     Época 30/50 | Loss=0.004378
06:46:07 [INFO]     Época 40/50 | Loss=0.004090
06:46:15 [INFO]     Época 50/50 | Loss=0.004105
06:46:15 [INFO]   [85/240] LSTM_w4_h64_l1_d0.1_e50_lr0.001_b8  RMSE_test=0.0116  MAE_test=0.0081
06:46:19 [INFO]     Época 10/50 | Loss=0.005620
06:46:22 [INFO]     Época 20/50 | Loss=0.004689
06:46:26 [INFO]     Época 30/50 | Loss=0.004344
06:46:30 [INFO]     Época 40/50 | Loss=0.004125
06:46:34 [INFO]     Época 50/50 | Loss=0.004321
06:46:34 [INFO]   [86/240] LSTM_w4_h64_l1_d0.1_e50_lr0.001_b16  RMSE_test=0.0116  MAE_test=0.0082
06:46:41 [INFO]     Época 10/50 | Loss=0.005690
06:46:49 [INFO]     Época 20/50 | Loss=0.004527
06:46:56 [INFO]     Época 30/50 | Loss=0.004243
06:47:04 [INFO]     Época 40/50 | Loss=0.003932
06:47:11 [INFO]     Época 50/50 | Loss=0.003912
06:47:11 [INFO]   [87/240] LSTM_w4_h64_l1_d0.1_e50_lr0.0005_b8  RMSE_test=0.0114  MAE_test=0.0080
06:47:15 [INFO]     Época 10/50 | Loss=0.006713
06:47:19 [INFO]     Época 20/50 | Loss=0.005194
06:47:23 [INFO]     Época 30/50 | Loss=0.004521
06:47:27 [INFO]     Época 40/50 | Loss=0.004096
06:47:30 [INFO]     Época 50/50 | Loss=0.004227
06:47:30 [INFO]   [88/240] LSTM_w4_h64_l1_d0.1_e50_lr0.0005_b16  RMSE_test=0.0120  MAE_test=0.0087
06:47:38 [INFO]     Época 10/50 | Loss=0.002815
06:47:46 [INFO]     Época 20/50 | Loss=0.002510
06:47:54 [INFO]     Época 30/50 | Loss=0.002443
06:48:02 [INFO]     Época 40/50 | Loss=0.002360
06:48:10 [INFO]     Época 50/50 | Loss=0.002141
06:48:10 [INFO]   [89/240] LSTM_w4_h64_l2_d0.0_e50_lr0.001_b8  RMSE_test=0.0142  MAE_test=0.0108
06:48:14 [INFO]     Época 10/50 | Loss=0.002688
06:48:18 [INFO]     Época 20/50 | Loss=0.002426
06:48:22 [INFO]     Época 30/50 | Loss=0.002354
06:48:26 [INFO]     Época 40/50 | Loss=0.002278
06:48:31 [INFO]     Época 50/50 | Loss=0.002142
06:48:31 [INFO]   [90/240] LSTM_w4_h64_l2_d0.0_e50_lr0.001_b16  RMSE_test=0.0124  MAE_test=0.0091
06:48:38 [INFO]     Época 10/50 | Loss=0.002611
06:48:46 [INFO]     Época 20/50 | Loss=0.002335
06:48:54 [INFO]     Época 30/50 | Loss=0.002334
06:49:02 [INFO]     Época 40/50 | Loss=0.002251
06:49:10 [INFO]     Época 50/50 | Loss=0.002119
06:49:10 [INFO]   [91/240] LSTM_w4_h64_l2_d0.0_e50_lr0.0005_b8  RMSE_test=0.0136  MAE_test=0.0103
06:49:14 [INFO]     Época 10/50 | Loss=0.003129
06:49:18 [INFO]     Época 20/50 | Loss=0.002339
06:49:22 [INFO]     Época 30/50 | Loss=0.002288
06:49:26 [INFO]     Época 40/50 | Loss=0.002201
06:49:30 [INFO]     Época 50/50 | Loss=0.002100
06:49:30 [INFO]   [92/240] LSTM_w4_h64_l2_d0.0_e50_lr0.0005_b16  RMSE_test=0.0122  MAE_test=0.0089
06:49:39 [INFO]     Época 10/50 | Loss=0.006511
06:49:47 [INFO]     Época 20/50 | Loss=0.006148
06:49:55 [INFO]     Época 30/50 | Loss=0.005498
06:50:03 [INFO]     Época 40/50 | Loss=0.005671
06:50:12 [INFO]     Época 50/50 | Loss=0.005232
06:50:12 [INFO]   [93/240] LSTM_w4_h64_l2_d0.1_e50_lr0.001_b8  RMSE_test=0.0164  MAE_test=0.0129
06:50:16 [INFO]     Época 10/50 | Loss=0.006917
06:50:20 [INFO]     Época 20/50 | Loss=0.005793
06:50:24 [INFO]     Época 30/50 | Loss=0.005545
06:50:28 [INFO]     Época 40/50 | Loss=0.005183
06:50:32 [INFO]     Época 50/50 | Loss=0.004916
06:50:32 [INFO]   [94/240] LSTM_w4_h64_l2_d0.1_e50_lr0.001_b16  RMSE_test=0.0124  MAE_test=0.0092
06:50:41 [INFO]     Época 10/50 | Loss=0.006882
06:50:49 [INFO]     Época 20/50 | Loss=0.005691
06:50:57 [INFO]     Época 30/50 | Loss=0.005246
06:51:05 [INFO]     Época 40/50 | Loss=0.005311
06:51:14 [INFO]     Época 50/50 | Loss=0.005052
06:51:14 [INFO]   [95/240] LSTM_w4_h64_l2_d0.1_e50_lr0.0005_b8  RMSE_test=0.0148  MAE_test=0.0113
06:51:18 [INFO]     Época 10/50 | Loss=0.008170
06:51:22 [INFO]     Época 20/50 | Loss=0.006008
06:51:26 [INFO]     Época 30/50 | Loss=0.005281
06:51:31 [INFO]     Época 40/50 | Loss=0.005028
06:51:35 [INFO]     Época 50/50 | Loss=0.004696
06:51:35 [INFO]   [96/240] LSTM_w4_h64_l2_d0.1_e50_lr0.0005_b16  RMSE_test=0.0123  MAE_test=0.0089
06:51:42 [INFO]     Época 10/50 | Loss=0.002309
06:51:49 [INFO]     Época 20/50 | Loss=0.002099
06:51:56 [INFO]     Época 30/50 | Loss=0.002031
06:52:04 [INFO]     Época 40/50 | Loss=0.001977
06:52:11 [INFO]     Época 50/50 | Loss=0.001971
06:52:11 [INFO]   [97/240] LSTM_w5_h16_l1_d0.0_e50_lr0.001_b8  RMSE_test=0.0120  MAE_test=0.0087
06:52:15 [INFO]     Época 10/50 | Loss=0.002839
06:52:20 [INFO]     Época 20/50 | Loss=0.002104
06:52:24 [INFO]     Época 30/50 | Loss=0.002012
06:52:29 [INFO]     Época 40/50 | Loss=0.001971
06:52:33 [INFO]     Época 50/50 | Loss=0.001982
06:52:33 [INFO]   [98/240] LSTM_w5_h16_l1_d0.0_e50_lr0.001_b16  RMSE_test=0.0120  MAE_test=0.0088
06:52:42 [INFO]     Época 10/50 | Loss=0.002849
06:52:52 [INFO]     Época 20/50 | Loss=0.002074
06:53:01 [INFO]     Época 30/50 | Loss=0.001975
06:53:10 [INFO]     Época 40/50 | Loss=0.001931
06:53:19 [INFO]     Época 50/50 | Loss=0.001944
06:53:19 [INFO]   [99/240] LSTM_w5_h16_l1_d0.0_e50_lr0.0005_b8  RMSE_test=0.0118  MAE_test=0.0085
06:53:23 [INFO]     Época 10/50 | Loss=0.004317
06:53:28 [INFO]     Época 20/50 | Loss=0.002425
06:53:33 [INFO]     Época 30/50 | Loss=0.002047
06:53:37 [INFO]     Época 40/50 | Loss=0.001953
06:53:42 [INFO]     Época 50/50 | Loss=0.001968
06:53:42 [INFO]   [100/240] LSTM_w5_h16_l1_d0.0_e50_lr0.0005_b16  RMSE_test=0.0119  MAE_test=0.0086
06:53:51 [INFO]     Época 10/50 | Loss=0.011107
06:54:01 [INFO]     Época 20/50 | Loss=0.009641
06:54:10 [INFO]     Época 30/50 | Loss=0.009476
06:54:19 [INFO]     Época 40/50 | Loss=0.009475
06:54:28 [INFO]     Época 50/50 | Loss=0.009462
06:54:28 [INFO]   [101/240] LSTM_w5_h16_l1_d0.1_e50_lr0.001_b8  RMSE_test=0.0118  MAE_test=0.0084
06:54:33 [INFO]     Época 10/50 | Loss=0.012404
06:54:37 [INFO]     Época 20/50 | Loss=0.009976
06:54:41 [INFO]     Época 30/50 | Loss=0.009067
06:54:45 [INFO]     Época 40/50 | Loss=0.009526
06:54:48 [INFO]     Época 50/50 | Loss=0.009448
06:54:48 [INFO]   [102/240] LSTM_w5_h16_l1_d0.1_e50_lr0.001_b16  RMSE_test=0.0139  MAE_test=0.0103
06:54:56 [INFO]     Época 10/50 | Loss=0.013024
06:55:05 [INFO]     Época 20/50 | Loss=0.010168
06:55:14 [INFO]     Época 30/50 | Loss=0.009477
06:55:23 [INFO]     Época 40/50 | Loss=0.009359
06:55:33 [INFO]     Época 50/50 | Loss=0.009270
06:55:33 [INFO]   [103/240] LSTM_w5_h16_l1_d0.1_e50_lr0.0005_b8  RMSE_test=0.0116  MAE_test=0.0081
06:55:37 [INFO]     Época 10/50 | Loss=0.015498
06:55:42 [INFO]     Época 20/50 | Loss=0.011555
06:55:47 [INFO]     Época 30/50 | Loss=0.009619
06:55:52 [INFO]     Época 40/50 | Loss=0.009783
06:55:56 [INFO]     Época 50/50 | Loss=0.009411
06:55:56 [INFO]   [104/240] LSTM_w5_h16_l1_d0.1_e50_lr0.0005_b16  RMSE_test=0.0132  MAE_test=0.0097
06:56:07 [INFO]     Época 10/50 | Loss=0.002334
06:56:18 [INFO]     Época 20/50 | Loss=0.002180
06:56:29 [INFO]     Época 30/50 | Loss=0.002090
06:56:39 [INFO]     Época 40/50 | Loss=0.002083
06:56:50 [INFO]     Época 50/50 | Loss=0.002061
06:56:50 [INFO]   [105/240] LSTM_w5_h16_l2_d0.0_e50_lr0.001_b8  RMSE_test=0.0126  MAE_test=0.0093
06:56:56 [INFO]     Época 10/50 | Loss=0.003041
06:57:01 [INFO]     Época 20/50 | Loss=0.002186
06:57:06 [INFO]     Época 30/50 | Loss=0.002078
06:57:12 [INFO]     Época 40/50 | Loss=0.002009
06:57:17 [INFO]     Época 50/50 | Loss=0.002039
06:57:17 [INFO]   [106/240] LSTM_w5_h16_l2_d0.0_e50_lr0.001_b16  RMSE_test=0.0117  MAE_test=0.0084
06:57:28 [INFO]     Época 10/50 | Loss=0.003221
06:57:38 [INFO]     Época 20/50 | Loss=0.002144
06:57:49 [INFO]     Época 30/50 | Loss=0.002058
06:57:59 [INFO]     Época 40/50 | Loss=0.002020
06:58:10 [INFO]     Época 50/50 | Loss=0.002011
06:58:10 [INFO]   [107/240] LSTM_w5_h16_l2_d0.0_e50_lr0.0005_b8  RMSE_test=0.0122  MAE_test=0.0090
06:58:15 [INFO]     Época 10/50 | Loss=0.004847
06:58:21 [INFO]     Época 20/50 | Loss=0.002445
06:58:26 [INFO]     Época 30/50 | Loss=0.002073
06:58:32 [INFO]     Época 40/50 | Loss=0.002015
06:58:37 [INFO]     Época 50/50 | Loss=0.002014
06:58:37 [INFO]   [108/240] LSTM_w5_h16_l2_d0.0_e50_lr0.0005_b16  RMSE_test=0.0121  MAE_test=0.0088
06:58:48 [INFO]     Época 10/50 | Loss=0.013651
06:58:59 [INFO]     Época 20/50 | Loss=0.012261
06:59:10 [INFO]     Época 30/50 | Loss=0.011601
06:59:21 [INFO]     Época 40/50 | Loss=0.010971
06:59:32 [INFO]     Época 50/50 | Loss=0.010758
06:59:32 [INFO]   [109/240] LSTM_w5_h16_l2_d0.1_e50_lr0.001_b8  RMSE_test=0.0155  MAE_test=0.0123
06:59:37 [INFO]     Época 10/50 | Loss=0.015335
06:59:43 [INFO]     Época 20/50 | Loss=0.012052
06:59:48 [INFO]     Época 30/50 | Loss=0.011073
06:59:54 [INFO]     Época 40/50 | Loss=0.011544
06:59:59 [INFO]     Época 50/50 | Loss=0.010647
06:59:59 [INFO]   [110/240] LSTM_w5_h16_l2_d0.1_e50_lr0.001_b16  RMSE_test=0.0152  MAE_test=0.0120
07:00:11 [INFO]     Época 10/50 | Loss=0.016375
07:00:21 [INFO]     Época 20/50 | Loss=0.012953
07:00:33 [INFO]     Época 30/50 | Loss=0.011843
07:00:44 [INFO]     Época 40/50 | Loss=0.011054
07:00:55 [INFO]     Época 50/50 | Loss=0.010874
07:00:55 [INFO]   [111/240] LSTM_w5_h16_l2_d0.1_e50_lr0.0005_b8  RMSE_test=0.0149  MAE_test=0.0119
07:01:00 [INFO]     Época 10/50 | Loss=0.017951
07:01:06 [INFO]     Época 20/50 | Loss=0.014229
07:01:11 [INFO]     Época 30/50 | Loss=0.012123
07:01:17 [INFO]     Época 40/50 | Loss=0.011801
07:01:23 [INFO]     Época 50/50 | Loss=0.010858
07:01:23 [INFO]   [112/240] LSTM_w5_h16_l2_d0.1_e50_lr0.0005_b16  RMSE_test=0.0136  MAE_test=0.0101
07:01:32 [INFO]     Época 10/50 | Loss=0.002291
07:01:41 [INFO]     Época 20/50 | Loss=0.002101
07:01:51 [INFO]     Época 30/50 | Loss=0.002039
07:02:00 [INFO]     Época 40/50 | Loss=0.001984
07:02:10 [INFO]     Época 50/50 | Loss=0.001962
07:02:10 [INFO]   [113/240] LSTM_w5_h32_l1_d0.0_e50_lr0.001_b8  RMSE_test=0.0124  MAE_test=0.0091
07:02:15 [INFO]     Época 10/50 | Loss=0.002754
07:02:19 [INFO]     Época 20/50 | Loss=0.002159
07:02:24 [INFO]     Época 30/50 | Loss=0.002040
07:02:29 [INFO]     Época 40/50 | Loss=0.001965
07:02:33 [INFO]     Época 50/50 | Loss=0.001975
07:02:33 [INFO]   [114/240] LSTM_w5_h32_l1_d0.0_e50_lr0.001_b16  RMSE_test=0.0120  MAE_test=0.0088
07:02:42 [INFO]     Época 10/50 | Loss=0.002695
07:02:52 [INFO]     Época 20/50 | Loss=0.002097
07:03:02 [INFO]     Época 30/50 | Loss=0.002009
07:03:12 [INFO]     Época 40/50 | Loss=0.001948
07:03:21 [INFO]     Época 50/50 | Loss=0.001951
07:03:21 [INFO]   [115/240] LSTM_w5_h32_l1_d0.0_e50_lr0.0005_b8  RMSE_test=0.0117  MAE_test=0.0085
07:03:25 [INFO]     Época 10/50 | Loss=0.003398
07:03:30 [INFO]     Época 20/50 | Loss=0.002327
07:03:35 [INFO]     Época 30/50 | Loss=0.002043
07:03:39 [INFO]     Época 40/50 | Loss=0.001970
07:03:44 [INFO]     Época 50/50 | Loss=0.001973
07:03:44 [INFO]   [116/240] LSTM_w5_h32_l1_d0.0_e50_lr0.0005_b16  RMSE_test=0.0120  MAE_test=0.0089
07:03:53 [INFO]     Época 10/50 | Loss=0.007142
07:04:03 [INFO]     Época 20/50 | Loss=0.006057
07:04:12 [INFO]     Época 30/50 | Loss=0.006026
07:04:21 [INFO]     Época 40/50 | Loss=0.006148
07:04:30 [INFO]     Época 50/50 | Loss=0.005609
07:04:30 [INFO]   [117/240] LSTM_w5_h32_l1_d0.1_e50_lr0.001_b8  RMSE_test=0.0137  MAE_test=0.0104
07:04:35 [INFO]     Época 10/50 | Loss=0.007684
07:04:40 [INFO]     Época 20/50 | Loss=0.006383
07:04:45 [INFO]     Época 30/50 | Loss=0.006175
07:04:49 [INFO]     Época 40/50 | Loss=0.005855
07:04:54 [INFO]     Época 50/50 | Loss=0.005768
07:04:54 [INFO]   [118/240] LSTM_w5_h32_l1_d0.1_e50_lr0.001_b16  RMSE_test=0.0118  MAE_test=0.0084
07:05:04 [INFO]     Época 10/50 | Loss=0.008129
07:05:13 [INFO]     Época 20/50 | Loss=0.006254
07:05:23 [INFO]     Época 30/50 | Loss=0.005972
07:05:32 [INFO]     Época 40/50 | Loss=0.005960
07:05:41 [INFO]     Época 50/50 | Loss=0.005464
07:05:41 [INFO]   [119/240] LSTM_w5_h32_l1_d0.1_e50_lr0.0005_b8  RMSE_test=0.0124  MAE_test=0.0092
07:05:46 [INFO]     Época 10/50 | Loss=0.009235
07:05:51 [INFO]     Época 20/50 | Loss=0.007191
07:05:56 [INFO]     Época 30/50 | Loss=0.006475
07:06:00 [INFO]     Época 40/50 | Loss=0.005969
07:06:05 [INFO]     Época 50/50 | Loss=0.005805
07:06:05 [INFO]   [120/240] LSTM_w5_h32_l1_d0.1_e50_lr0.0005_b16  RMSE_test=0.0120  MAE_test=0.0086
07:06:16 [INFO]     Época 10/50 | Loss=0.002420
07:06:27 [INFO]     Época 20/50 | Loss=0.002258
07:06:38 [INFO]     Época 30/50 | Loss=0.002134
07:06:48 [INFO]     Época 40/50 | Loss=0.002157
07:06:59 [INFO]     Época 50/50 | Loss=0.002120
07:06:59 [INFO]   [121/240] LSTM_w5_h32_l2_d0.0_e50_lr0.001_b8  RMSE_test=0.0126  MAE_test=0.0093
07:07:04 [INFO]     Época 10/50 | Loss=0.002842
07:07:09 [INFO]     Época 20/50 | Loss=0.002269
07:07:15 [INFO]     Época 30/50 | Loss=0.002158
07:07:20 [INFO]     Época 40/50 | Loss=0.002048
07:07:26 [INFO]     Época 50/50 | Loss=0.002077
07:07:26 [INFO]   [122/240] LSTM_w5_h32_l2_d0.0_e50_lr0.001_b16  RMSE_test=0.0119  MAE_test=0.0086
07:07:37 [INFO]     Época 10/50 | Loss=0.002902
07:07:48 [INFO]     Época 20/50 | Loss=0.002189
07:07:58 [INFO]     Época 30/50 | Loss=0.002074
07:08:10 [INFO]     Época 40/50 | Loss=0.002051
07:08:20 [INFO]     Época 50/50 | Loss=0.002040
07:08:20 [INFO]   [123/240] LSTM_w5_h32_l2_d0.0_e50_lr0.0005_b8  RMSE_test=0.0123  MAE_test=0.0091
07:08:26 [INFO]     Época 10/50 | Loss=0.004026
07:08:31 [INFO]     Época 20/50 | Loss=0.002379
07:08:36 [INFO]     Época 30/50 | Loss=0.002096
07:08:42 [INFO]     Época 40/50 | Loss=0.002029
07:08:47 [INFO]     Época 50/50 | Loss=0.002043
07:08:47 [INFO]   [124/240] LSTM_w5_h32_l2_d0.0_e50_lr0.0005_b16  RMSE_test=0.0116  MAE_test=0.0083
07:08:58 [INFO]     Época 10/50 | Loss=0.008755
07:09:09 [INFO]     Época 20/50 | Loss=0.007930
07:09:21 [INFO]     Época 30/50 | Loss=0.007653
07:09:32 [INFO]     Época 40/50 | Loss=0.007128
07:09:42 [INFO]     Época 50/50 | Loss=0.007237
07:09:42 [INFO]   [125/240] LSTM_w5_h32_l2_d0.1_e50_lr0.001_b8  RMSE_test=0.0131  MAE_test=0.0099
07:09:48 [INFO]     Época 10/50 | Loss=0.009982
07:09:54 [INFO]     Época 20/50 | Loss=0.007875
07:09:59 [INFO]     Época 30/50 | Loss=0.007355
07:10:05 [INFO]     Época 40/50 | Loss=0.006893
07:10:10 [INFO]     Época 50/50 | Loss=0.006876
07:10:10 [INFO]   [126/240] LSTM_w5_h32_l2_d0.1_e50_lr0.001_b16  RMSE_test=0.0147  MAE_test=0.0116
07:10:22 [INFO]     Época 10/50 | Loss=0.009875
07:10:32 [INFO]     Época 20/50 | Loss=0.007888
07:10:44 [INFO]     Época 30/50 | Loss=0.007350
07:10:55 [INFO]     Época 40/50 | Loss=0.006862
07:11:05 [INFO]     Época 50/50 | Loss=0.006990
07:11:05 [INFO]   [127/240] LSTM_w5_h32_l2_d0.1_e50_lr0.0005_b8  RMSE_test=0.0121  MAE_test=0.0088
07:11:11 [INFO]     Época 10/50 | Loss=0.011995
07:11:17 [INFO]     Época 20/50 | Loss=0.008622
07:11:22 [INFO]     Época 30/50 | Loss=0.007650
07:11:28 [INFO]     Época 40/50 | Loss=0.006974
07:11:34 [INFO]     Época 50/50 | Loss=0.006791
07:11:34 [INFO]   [128/240] LSTM_w5_h32_l2_d0.1_e50_lr0.0005_b16  RMSE_test=0.0131  MAE_test=0.0098
07:11:43 [INFO]     Época 10/50 | Loss=0.002311
07:11:52 [INFO]     Época 20/50 | Loss=0.002152
07:12:01 [INFO]     Época 30/50 | Loss=0.002067
07:12:10 [INFO]     Época 40/50 | Loss=0.001982
07:12:19 [INFO]     Época 50/50 | Loss=0.001974
07:12:19 [INFO]   [129/240] LSTM_w5_h64_l1_d0.0_e50_lr0.001_b8  RMSE_test=0.0125  MAE_test=0.0092
07:12:24 [INFO]     Época 10/50 | Loss=0.002758
07:12:28 [INFO]     Época 20/50 | Loss=0.002209
07:12:33 [INFO]     Época 30/50 | Loss=0.002075
07:12:37 [INFO]     Época 40/50 | Loss=0.001969
07:12:42 [INFO]     Época 50/50 | Loss=0.001987
07:12:42 [INFO]   [130/240] LSTM_w5_h64_l1_d0.0_e50_lr0.001_b16  RMSE_test=0.0120  MAE_test=0.0088
07:12:51 [INFO]     Época 10/50 | Loss=0.002764
07:13:00 [INFO]     Época 20/50 | Loss=0.002147
07:13:09 [INFO]     Época 30/50 | Loss=0.002038
07:13:18 [INFO]     Época 40/50 | Loss=0.001978
07:13:27 [INFO]     Época 50/50 | Loss=0.001961
07:13:27 [INFO]   [131/240] LSTM_w5_h64_l1_d0.0_e50_lr0.0005_b8  RMSE_test=0.0121  MAE_test=0.0089
07:13:32 [INFO]     Época 10/50 | Loss=0.003535
07:13:36 [INFO]     Época 20/50 | Loss=0.002409
07:13:41 [INFO]     Época 30/50 | Loss=0.002075
07:13:45 [INFO]     Época 40/50 | Loss=0.002002
07:13:50 [INFO]     Época 50/50 | Loss=0.001993
07:13:50 [INFO]   [132/240] LSTM_w5_h64_l1_d0.0_e50_lr0.0005_b16  RMSE_test=0.0120  MAE_test=0.0089
07:13:59 [INFO]     Época 10/50 | Loss=0.004872
07:14:09 [INFO]     Época 20/50 | Loss=0.004386
07:14:18 [INFO]     Época 30/50 | Loss=0.004311
07:14:27 [INFO]     Época 40/50 | Loss=0.004306
07:14:36 [INFO]     Época 50/50 | Loss=0.004042
07:14:36 [INFO]   [133/240] LSTM_w5_h64_l1_d0.1_e50_lr0.001_b8  RMSE_test=0.0129  MAE_test=0.0096
07:14:41 [INFO]     Época 10/50 | Loss=0.005958
07:14:46 [INFO]     Época 20/50 | Loss=0.004518
07:14:51 [INFO]     Época 30/50 | Loss=0.004129
07:14:56 [INFO]     Época 40/50 | Loss=0.004321
07:15:00 [INFO]     Época 50/50 | Loss=0.004093
07:15:00 [INFO]   [134/240] LSTM_w5_h64_l1_d0.1_e50_lr0.001_b16  RMSE_test=0.0124  MAE_test=0.0091
07:15:09 [INFO]     Época 10/50 | Loss=0.005835
07:15:18 [INFO]     Época 20/50 | Loss=0.004405
07:15:28 [INFO]     Época 30/50 | Loss=0.004178
07:15:37 [INFO]     Época 40/50 | Loss=0.004118
07:15:46 [INFO]     Época 50/50 | Loss=0.003908
07:15:46 [INFO]   [135/240] LSTM_w5_h64_l1_d0.1_e50_lr0.0005_b8  RMSE_test=0.0125  MAE_test=0.0092
07:15:51 [INFO]     Época 10/50 | Loss=0.007088
07:15:56 [INFO]     Época 20/50 | Loss=0.005235
07:16:00 [INFO]     Época 30/50 | Loss=0.004429
07:16:05 [INFO]     Época 40/50 | Loss=0.004318
07:16:10 [INFO]     Época 50/50 | Loss=0.003982
07:16:10 [INFO]   [136/240] LSTM_w5_h64_l1_d0.1_e50_lr0.0005_b16  RMSE_test=0.0120  MAE_test=0.0087
07:16:20 [INFO]     Época 10/50 | Loss=0.002504
07:16:31 [INFO]     Época 20/50 | Loss=0.002362
07:16:41 [INFO]     Época 30/50 | Loss=0.002167
07:16:52 [INFO]     Época 40/50 | Loss=0.002191
07:17:02 [INFO]     Época 50/50 | Loss=0.002121
07:17:02 [INFO]   [137/240] LSTM_w5_h64_l2_d0.0_e50_lr0.001_b8  RMSE_test=0.0126  MAE_test=0.0095
07:17:08 [INFO]     Época 10/50 | Loss=0.002507
07:17:13 [INFO]     Época 20/50 | Loss=0.002339
07:17:19 [INFO]     Época 30/50 | Loss=0.002183
07:17:24 [INFO]     Época 40/50 | Loss=0.002123
07:17:30 [INFO]     Época 50/50 | Loss=0.002124
07:17:30 [INFO]   [138/240] LSTM_w5_h64_l2_d0.0_e50_lr0.001_b16  RMSE_test=0.0123  MAE_test=0.0091
07:17:40 [INFO]     Época 10/50 | Loss=0.002440
07:17:51 [INFO]     Época 20/50 | Loss=0.002234
07:18:02 [INFO]     Época 30/50 | Loss=0.002117
07:18:12 [INFO]     Época 40/50 | Loss=0.002121
07:18:23 [INFO]     Época 50/50 | Loss=0.002100
07:18:23 [INFO]   [139/240] LSTM_w5_h64_l2_d0.0_e50_lr0.0005_b8  RMSE_test=0.0125  MAE_test=0.0092
07:18:28 [INFO]     Época 10/50 | Loss=0.003259
07:18:34 [INFO]     Época 20/50 | Loss=0.002272
07:18:39 [INFO]     Época 30/50 | Loss=0.002128
07:18:45 [INFO]     Época 40/50 | Loss=0.002040
07:18:50 [INFO]     Época 50/50 | Loss=0.002066
07:18:50 [INFO]   [140/240] LSTM_w5_h64_l2_d0.0_e50_lr0.0005_b16  RMSE_test=0.0117  MAE_test=0.0084
07:19:01 [INFO]     Época 10/50 | Loss=0.006210
07:19:11 [INFO]     Época 20/50 | Loss=0.005904
07:19:22 [INFO]     Época 30/50 | Loss=0.005359
07:19:32 [INFO]     Época 40/50 | Loss=0.005252
07:19:43 [INFO]     Época 50/50 | Loss=0.004959
07:19:43 [INFO]   [141/240] LSTM_w5_h64_l2_d0.1_e50_lr0.001_b8  RMSE_test=0.0120  MAE_test=0.0085
07:19:48 [INFO]     Época 10/50 | Loss=0.006738
07:19:54 [INFO]     Época 20/50 | Loss=0.005566
07:19:59 [INFO]     Época 30/50 | Loss=0.005316
07:20:04 [INFO]     Época 40/50 | Loss=0.005073
07:20:10 [INFO]     Época 50/50 | Loss=0.005171
07:20:10 [INFO]   [142/240] LSTM_w5_h64_l2_d0.1_e50_lr0.001_b16  RMSE_test=0.0124  MAE_test=0.0090
07:20:21 [INFO]     Época 10/50 | Loss=0.006643
07:20:32 [INFO]     Época 20/50 | Loss=0.005612
07:20:43 [INFO]     Época 30/50 | Loss=0.005037
07:20:53 [INFO]     Época 40/50 | Loss=0.004978
07:21:04 [INFO]     Época 50/50 | Loss=0.004756
07:21:04 [INFO]   [143/240] LSTM_w5_h64_l2_d0.1_e50_lr0.0005_b8  RMSE_test=0.0122  MAE_test=0.0087
07:21:10 [INFO]     Época 10/50 | Loss=0.007954
07:21:15 [INFO]     Época 20/50 | Loss=0.005807
07:21:21 [INFO]     Época 30/50 | Loss=0.005214
07:21:26 [INFO]     Época 40/50 | Loss=0.004878
07:21:32 [INFO]     Época 50/50 | Loss=0.004987
07:21:32 [INFO]   [144/240] LSTM_w5_h64_l2_d0.1_e50_lr0.0005_b16  RMSE_test=0.0120  MAE_test=0.0085
07:21:41 [INFO]     Época 10/50 | Loss=0.002357
07:21:49 [INFO]     Época 20/50 | Loss=0.002129
07:21:58 [INFO]     Época 30/50 | Loss=0.002020
07:22:07 [INFO]     Época 40/50 | Loss=0.001987
07:22:16 [INFO]     Época 50/50 | Loss=0.001972
07:22:16 [INFO]   [145/240] LSTM_w6_h16_l1_d0.0_e50_lr0.001_b8  RMSE_test=0.0112  MAE_test=0.0078
07:22:20 [INFO]     Época 10/50 | Loss=0.002958
07:22:25 [INFO]     Época 20/50 | Loss=0.002127
07:22:29 [INFO]     Época 30/50 | Loss=0.002022
07:22:33 [INFO]     Época 40/50 | Loss=0.002008
07:22:38 [INFO]     Época 50/50 | Loss=0.001959
07:22:38 [INFO]   [146/240] LSTM_w6_h16_l1_d0.0_e50_lr0.001_b16  RMSE_test=0.0116  MAE_test=0.0083
07:22:47 [INFO]     Época 10/50 | Loss=0.002961
07:22:55 [INFO]     Época 20/50 | Loss=0.002101
07:23:04 [INFO]     Época 30/50 | Loss=0.001979
07:23:12 [INFO]     Época 40/50 | Loss=0.001948
07:23:21 [INFO]     Época 50/50 | Loss=0.001947
07:23:21 [INFO]   [147/240] LSTM_w6_h16_l1_d0.0_e50_lr0.0005_b8  RMSE_test=0.0112  MAE_test=0.0079
07:23:25 [INFO]     Época 10/50 | Loss=0.004352
07:23:30 [INFO]     Época 20/50 | Loss=0.002512
07:23:34 [INFO]     Época 30/50 | Loss=0.002052
07:23:39 [INFO]     Época 40/50 | Loss=0.001991
07:23:43 [INFO]     Época 50/50 | Loss=0.001950
07:23:43 [INFO]   [148/240] LSTM_w6_h16_l1_d0.0_e50_lr0.0005_b16  RMSE_test=0.0116  MAE_test=0.0083
07:23:52 [INFO]     Época 10/50 | Loss=0.010574
07:24:01 [INFO]     Época 20/50 | Loss=0.009214
07:24:10 [INFO]     Época 30/50 | Loss=0.009580
07:24:18 [INFO]     Época 40/50 | Loss=0.009288
07:24:27 [INFO]     Época 50/50 | Loss=0.009391
07:24:27 [INFO]   [149/240] LSTM_w6_h16_l1_d0.1_e50_lr0.001_b8  RMSE_test=0.0118  MAE_test=0.0082
07:24:32 [INFO]     Época 10/50 | Loss=0.012307
07:24:36 [INFO]     Época 20/50 | Loss=0.010132
07:24:41 [INFO]     Época 30/50 | Loss=0.009470
07:24:45 [INFO]     Época 40/50 | Loss=0.009496
07:24:50 [INFO]     Época 50/50 | Loss=0.009684
07:24:50 [INFO]   [150/240] LSTM_w6_h16_l1_d0.1_e50_lr0.001_b16  RMSE_test=0.0131  MAE_test=0.0097
07:24:59 [INFO]     Época 10/50 | Loss=0.012553
07:25:08 [INFO]     Época 20/50 | Loss=0.009877
07:25:17 [INFO]     Época 30/50 | Loss=0.009569
07:25:26 [INFO]     Época 40/50 | Loss=0.009093
07:25:35 [INFO]     Época 50/50 | Loss=0.009249
07:25:35 [INFO]   [151/240] LSTM_w6_h16_l1_d0.1_e50_lr0.0005_b8  RMSE_test=0.0116  MAE_test=0.0080
07:25:39 [INFO]     Época 10/50 | Loss=0.015295
07:25:44 [INFO]     Época 20/50 | Loss=0.011816
07:25:48 [INFO]     Época 30/50 | Loss=0.010112
07:25:53 [INFO]     Época 40/50 | Loss=0.009600
07:25:57 [INFO]     Época 50/50 | Loss=0.009735
07:25:57 [INFO]   [152/240] LSTM_w6_h16_l1_d0.1_e50_lr0.0005_b16  RMSE_test=0.0135  MAE_test=0.0102
07:26:08 [INFO]     Época 10/50 | Loss=0.002441
07:26:18 [INFO]     Época 20/50 | Loss=0.002238
07:26:28 [INFO]     Época 30/50 | Loss=0.002103
07:26:38 [INFO]     Época 40/50 | Loss=0.002122
07:26:49 [INFO]     Época 50/50 | Loss=0.002101
07:26:49 [INFO]   [153/240] LSTM_w6_h16_l2_d0.0_e50_lr0.001_b8  RMSE_test=0.0111  MAE_test=0.0078
07:26:54 [INFO]     Época 10/50 | Loss=0.003192
07:26:59 [INFO]     Época 20/50 | Loss=0.002213
07:27:04 [INFO]     Época 30/50 | Loss=0.002146
07:27:10 [INFO]     Época 40/50 | Loss=0.002059
07:27:15 [INFO]     Época 50/50 | Loss=0.002048
07:27:15 [INFO]   [154/240] LSTM_w6_h16_l2_d0.0_e50_lr0.001_b16  RMSE_test=0.0113  MAE_test=0.0079
07:27:25 [INFO]     Época 10/50 | Loss=0.003433
07:27:36 [INFO]     Época 20/50 | Loss=0.002187
07:27:46 [INFO]     Época 30/50 | Loss=0.002059
07:27:56 [INFO]     Época 40/50 | Loss=0.002054
07:28:06 [INFO]     Época 50/50 | Loss=0.002022
07:28:06 [INFO]   [155/240] LSTM_w6_h16_l2_d0.0_e50_lr0.0005_b8  RMSE_test=0.0112  MAE_test=0.0079
07:28:12 [INFO]     Época 10/50 | Loss=0.005155
07:28:17 [INFO]     Época 20/50 | Loss=0.002625
07:28:22 [INFO]     Época 30/50 | Loss=0.002094
07:28:27 [INFO]     Época 40/50 | Loss=0.002042
07:28:33 [INFO]     Época 50/50 | Loss=0.002015
07:28:33 [INFO]   [156/240] LSTM_w6_h16_l2_d0.0_e50_lr0.0005_b16  RMSE_test=0.0117  MAE_test=0.0084
07:28:43 [INFO]     Época 10/50 | Loss=0.014077
07:28:54 [INFO]     Época 20/50 | Loss=0.012054
07:29:04 [INFO]     Época 30/50 | Loss=0.011304
07:29:15 [INFO]     Época 40/50 | Loss=0.010569
07:29:26 [INFO]     Época 50/50 | Loss=0.010896
07:29:26 [INFO]   [157/240] LSTM_w6_h16_l2_d0.1_e50_lr0.001_b8  RMSE_test=0.0140  MAE_test=0.0110
07:29:31 [INFO]     Época 10/50 | Loss=0.015141
07:29:36 [INFO]     Época 20/50 | Loss=0.012222
07:29:42 [INFO]     Época 30/50 | Loss=0.011321
07:29:47 [INFO]     Época 40/50 | Loss=0.011058
07:29:52 [INFO]     Época 50/50 | Loss=0.011111
07:29:52 [INFO]   [158/240] LSTM_w6_h16_l2_d0.1_e50_lr0.001_b16  RMSE_test=0.0130  MAE_test=0.0096
07:30:03 [INFO]     Época 10/50 | Loss=0.016642
07:30:14 [INFO]     Época 20/50 | Loss=0.013136
07:30:24 [INFO]     Época 30/50 | Loss=0.011602
07:30:35 [INFO]     Época 40/50 | Loss=0.010646
07:30:46 [INFO]     Época 50/50 | Loss=0.010892
07:30:46 [INFO]   [159/240] LSTM_w6_h16_l2_d0.1_e50_lr0.0005_b8  RMSE_test=0.0137  MAE_test=0.0106
07:30:51 [INFO]     Época 10/50 | Loss=0.017874
07:30:57 [INFO]     Época 20/50 | Loss=0.014697
07:31:02 [INFO]     Época 30/50 | Loss=0.012753
07:31:07 [INFO]     Época 40/50 | Loss=0.011660
07:31:13 [INFO]     Época 50/50 | Loss=0.011561
07:31:13 [INFO]   [160/240] LSTM_w6_h16_l2_d0.1_e50_lr0.0005_b16  RMSE_test=0.0133  MAE_test=0.0098
07:31:21 [INFO]     Época 10/50 | Loss=0.002383
07:31:29 [INFO]     Época 20/50 | Loss=0.002137
07:31:35 [INFO]     Época 30/50 | Loss=0.002021
07:31:42 [INFO]     Época 40/50 | Loss=0.002007
07:31:49 [INFO]     Época 50/50 | Loss=0.001964
07:31:49 [INFO]   [161/240] LSTM_w6_h32_l1_d0.0_e50_lr0.001_b8  RMSE_test=0.0112  MAE_test=0.0079
07:31:53 [INFO]     Época 10/50 | Loss=0.002773
07:31:56 [INFO]     Época 20/50 | Loss=0.002168
07:32:00 [INFO]     Época 30/50 | Loss=0.002059
07:32:03 [INFO]     Época 40/50 | Loss=0.002013
07:32:07 [INFO]     Época 50/50 | Loss=0.001971
07:32:07 [INFO]   [162/240] LSTM_w6_h32_l1_d0.0_e50_lr0.001_b16  RMSE_test=0.0118  MAE_test=0.0086
07:32:13 [INFO]     Época 10/50 | Loss=0.002768
07:32:20 [INFO]     Época 20/50 | Loss=0.002135
07:32:27 [INFO]     Época 30/50 | Loss=0.002003
07:32:34 [INFO]     Época 40/50 | Loss=0.001978
07:32:41 [INFO]     Época 50/50 | Loss=0.001956
07:32:41 [INFO]   [163/240] LSTM_w6_h32_l1_d0.0_e50_lr0.0005_b8  RMSE_test=0.0112  MAE_test=0.0079
07:32:44 [INFO]     Época 10/50 | Loss=0.003622
07:32:48 [INFO]     Época 20/50 | Loss=0.002367
07:32:51 [INFO]     Época 30/50 | Loss=0.002067
07:32:55 [INFO]     Época 40/50 | Loss=0.002018
07:32:58 [INFO]     Época 50/50 | Loss=0.001957
07:32:58 [INFO]   [164/240] LSTM_w6_h32_l1_d0.0_e50_lr0.0005_b16  RMSE_test=0.0119  MAE_test=0.0086
07:33:05 [INFO]     Época 10/50 | Loss=0.007051
07:33:12 [INFO]     Época 20/50 | Loss=0.006117
07:33:19 [INFO]     Época 30/50 | Loss=0.006243
07:33:26 [INFO]     Época 40/50 | Loss=0.005615
07:33:33 [INFO]     Época 50/50 | Loss=0.006172
07:33:33 [INFO]   [165/240] LSTM_w6_h32_l1_d0.1_e50_lr0.001_b8  RMSE_test=0.0118  MAE_test=0.0085
07:33:37 [INFO]     Época 10/50 | Loss=0.008146
07:33:40 [INFO]     Época 20/50 | Loss=0.006367
07:33:44 [INFO]     Época 30/50 | Loss=0.005997
07:33:47 [INFO]     Época 40/50 | Loss=0.006058
07:33:51 [INFO]     Época 50/50 | Loss=0.005815
07:33:51 [INFO]   [166/240] LSTM_w6_h32_l1_d0.1_e50_lr0.001_b16  RMSE_test=0.0117  MAE_test=0.0082
07:33:58 [INFO]     Época 10/50 | Loss=0.008046
07:34:05 [INFO]     Época 20/50 | Loss=0.006424
07:34:12 [INFO]     Época 30/50 | Loss=0.006145
07:34:19 [INFO]     Época 40/50 | Loss=0.005515
07:34:26 [INFO]     Época 50/50 | Loss=0.006021
07:34:26 [INFO]   [167/240] LSTM_w6_h32_l1_d0.1_e50_lr0.0005_b8  RMSE_test=0.0118  MAE_test=0.0085
07:34:30 [INFO]     Época 10/50 | Loss=0.009508
07:34:33 [INFO]     Época 20/50 | Loss=0.007245
07:34:37 [INFO]     Época 30/50 | Loss=0.006370
07:34:40 [INFO]     Época 40/50 | Loss=0.006182
07:34:44 [INFO]     Época 50/50 | Loss=0.005841
07:34:44 [INFO]   [168/240] LSTM_w6_h32_l1_d0.1_e50_lr0.0005_b16  RMSE_test=0.0116  MAE_test=0.0082
07:34:52 [INFO]     Época 10/50 | Loss=0.002567
07:34:59 [INFO]     Época 20/50 | Loss=0.002274
07:35:06 [INFO]     Época 30/50 | Loss=0.002125
07:35:14 [INFO]     Época 40/50 | Loss=0.002143
07:35:21 [INFO]     Época 50/50 | Loss=0.002095
07:35:21 [INFO]   [169/240] LSTM_w6_h32_l2_d0.0_e50_lr0.001_b8  RMSE_test=0.0112  MAE_test=0.0079
07:35:25 [INFO]     Época 10/50 | Loss=0.002862
07:35:29 [INFO]     Época 20/50 | Loss=0.002246
07:35:33 [INFO]     Época 30/50 | Loss=0.002164
07:35:36 [INFO]     Época 40/50 | Loss=0.002100
07:35:40 [INFO]     Época 50/50 | Loss=0.002089
07:35:40 [INFO]   [170/240] LSTM_w6_h32_l2_d0.0_e50_lr0.001_b16  RMSE_test=0.0113  MAE_test=0.0080
07:35:48 [INFO]     Época 10/50 | Loss=0.003030
07:35:55 [INFO]     Época 20/50 | Loss=0.002227
07:36:03 [INFO]     Época 30/50 | Loss=0.002048
07:36:10 [INFO]     Época 40/50 | Loss=0.002095
07:36:17 [INFO]     Época 50/50 | Loss=0.002054
07:36:17 [INFO]   [171/240] LSTM_w6_h32_l2_d0.0_e50_lr0.0005_b8  RMSE_test=0.0112  MAE_test=0.0079
07:36:21 [INFO]     Época 10/50 | Loss=0.004337
07:36:25 [INFO]     Época 20/50 | Loss=0.002369
07:36:29 [INFO]     Época 30/50 | Loss=0.002139
07:36:33 [INFO]     Época 40/50 | Loss=0.002049
07:36:36 [INFO]     Época 50/50 | Loss=0.002033
07:36:37 [INFO]   [172/240] LSTM_w6_h32_l2_d0.0_e50_lr0.0005_b16  RMSE_test=0.0114  MAE_test=0.0080
07:36:44 [INFO]     Época 10/50 | Loss=0.008554
07:36:52 [INFO]     Época 20/50 | Loss=0.008179
07:37:00 [INFO]     Época 30/50 | Loss=0.007372
07:37:08 [INFO]     Época 40/50 | Loss=0.007150
07:37:15 [INFO]     Época 50/50 | Loss=0.007151
07:37:15 [INFO]   [173/240] LSTM_w6_h32_l2_d0.1_e50_lr0.001_b8  RMSE_test=0.0151  MAE_test=0.0120
07:37:19 [INFO]     Época 10/50 | Loss=0.010091
07:37:23 [INFO]     Época 20/50 | Loss=0.007827
07:37:27 [INFO]     Época 30/50 | Loss=0.007455
07:37:31 [INFO]     Época 40/50 | Loss=0.007071
07:37:35 [INFO]     Época 50/50 | Loss=0.006821
07:37:35 [INFO]   [174/240] LSTM_w6_h32_l2_d0.1_e50_lr0.001_b16  RMSE_test=0.0123  MAE_test=0.0090
07:37:43 [INFO]     Época 10/50 | Loss=0.009713
07:37:51 [INFO]     Época 20/50 | Loss=0.008096
07:37:58 [INFO]     Época 30/50 | Loss=0.007224
07:38:06 [INFO]     Época 40/50 | Loss=0.006844
07:38:14 [INFO]     Época 50/50 | Loss=0.006968
07:38:14 [INFO]   [175/240] LSTM_w6_h32_l2_d0.1_e50_lr0.0005_b8  RMSE_test=0.0146  MAE_test=0.0115
07:38:18 [INFO]     Época 10/50 | Loss=0.012213
07:38:22 [INFO]     Época 20/50 | Loss=0.008814
07:38:26 [INFO]     Época 30/50 | Loss=0.007748
07:38:31 [INFO]     Época 40/50 | Loss=0.007026
07:38:35 [INFO]     Época 50/50 | Loss=0.006642
07:38:35 [INFO]   [176/240] LSTM_w6_h32_l2_d0.1_e50_lr0.0005_b16  RMSE_test=0.0126  MAE_test=0.0093
07:38:42 [INFO]     Época 10/50 | Loss=0.002410
07:38:48 [INFO]     Época 20/50 | Loss=0.002175
07:38:55 [INFO]     Época 30/50 | Loss=0.002026
07:39:02 [INFO]     Época 40/50 | Loss=0.002021
07:39:09 [INFO]     Época 50/50 | Loss=0.001979
07:39:09 [INFO]   [177/240] LSTM_w6_h64_l1_d0.0_e50_lr0.001_b8  RMSE_test=0.0114  MAE_test=0.0080
07:39:12 [INFO]     Época 10/50 | Loss=0.002807
07:39:16 [INFO]     Época 20/50 | Loss=0.002232
07:39:19 [INFO]     Época 30/50 | Loss=0.002105
07:39:23 [INFO]     Época 40/50 | Loss=0.002029
07:39:26 [INFO]     Época 50/50 | Loss=0.001986
07:39:26 [INFO]   [178/240] LSTM_w6_h64_l1_d0.0_e50_lr0.001_b16  RMSE_test=0.0119  MAE_test=0.0087
07:39:33 [INFO]     Época 10/50 | Loss=0.002774
07:39:40 [INFO]     Época 20/50 | Loss=0.002166
07:39:47 [INFO]     Época 30/50 | Loss=0.002027
07:39:53 [INFO]     Época 40/50 | Loss=0.001993
07:40:00 [INFO]     Época 50/50 | Loss=0.001950
07:40:00 [INFO]   [179/240] LSTM_w6_h64_l1_d0.0_e50_lr0.0005_b8  RMSE_test=0.0112  MAE_test=0.0080
07:40:04 [INFO]     Época 10/50 | Loss=0.003633
07:40:07 [INFO]     Época 20/50 | Loss=0.002395
07:40:10 [INFO]     Época 30/50 | Loss=0.002099
07:40:14 [INFO]     Época 40/50 | Loss=0.002039
07:40:18 [INFO]     Época 50/50 | Loss=0.001991
07:40:18 [INFO]   [180/240] LSTM_w6_h64_l1_d0.0_e50_lr0.0005_b16  RMSE_test=0.0119  MAE_test=0.0086
07:40:25 [INFO]     Época 10/50 | Loss=0.004776
07:40:32 [INFO]     Época 20/50 | Loss=0.004388
07:40:39 [INFO]     Época 30/50 | Loss=0.004202
07:40:46 [INFO]     Época 40/50 | Loss=0.004027
07:40:53 [INFO]     Época 50/50 | Loss=0.004249
07:40:53 [INFO]   [181/240] LSTM_w6_h64_l1_d0.1_e50_lr0.001_b8  RMSE_test=0.0132  MAE_test=0.0101
07:40:57 [INFO]     Época 10/50 | Loss=0.005780
07:41:00 [INFO]     Época 20/50 | Loss=0.004468
07:41:03 [INFO]     Época 30/50 | Loss=0.004302
07:41:07 [INFO]     Época 40/50 | Loss=0.004047
07:41:11 [INFO]     Época 50/50 | Loss=0.003953
07:41:11 [INFO]   [182/240] LSTM_w6_h64_l1_d0.1_e50_lr0.001_b16  RMSE_test=0.0123  MAE_test=0.0092
07:41:18 [INFO]     Época 10/50 | Loss=0.005738
07:41:25 [INFO]     Época 20/50 | Loss=0.004407
07:41:32 [INFO]     Época 30/50 | Loss=0.004108
07:41:39 [INFO]     Época 40/50 | Loss=0.003871
07:41:46 [INFO]     Época 50/50 | Loss=0.004094
07:41:46 [INFO]   [183/240] LSTM_w6_h64_l1_d0.1_e50_lr0.0005_b8  RMSE_test=0.0129  MAE_test=0.0098
07:41:49 [INFO]     Época 10/50 | Loss=0.007134
07:41:53 [INFO]     Época 20/50 | Loss=0.005153
07:41:57 [INFO]     Época 30/50 | Loss=0.004453
07:42:00 [INFO]     Época 40/50 | Loss=0.003981
07:42:04 [INFO]     Época 50/50 | Loss=0.003940
07:42:04 [INFO]   [184/240] LSTM_w6_h64_l1_d0.1_e50_lr0.0005_b16  RMSE_test=0.0119  MAE_test=0.0086
07:42:11 [INFO]     Época 10/50 | Loss=0.002660
07:42:19 [INFO]     Época 20/50 | Loss=0.002360
07:42:26 [INFO]     Época 30/50 | Loss=0.002208
07:42:34 [INFO]     Época 40/50 | Loss=0.002179
07:42:41 [INFO]     Época 50/50 | Loss=0.002115
07:42:41 [INFO]   [185/240] LSTM_w6_h64_l2_d0.0_e50_lr0.001_b8  RMSE_test=0.0114  MAE_test=0.0080
07:42:45 [INFO]     Época 10/50 | Loss=0.002671
07:42:49 [INFO]     Época 20/50 | Loss=0.002333
07:42:52 [INFO]     Época 30/50 | Loss=0.002235
07:42:56 [INFO]     Época 40/50 | Loss=0.002180
07:43:00 [INFO]     Época 50/50 | Loss=0.002149
07:43:00 [INFO]   [186/240] LSTM_w6_h64_l2_d0.0_e50_lr0.001_b16  RMSE_test=0.0113  MAE_test=0.0080
07:43:08 [INFO]     Época 10/50 | Loss=0.002596
07:43:15 [INFO]     Época 20/50 | Loss=0.002262
07:43:22 [INFO]     Época 30/50 | Loss=0.002119
07:43:30 [INFO]     Época 40/50 | Loss=0.002146
07:43:37 [INFO]     Época 50/50 | Loss=0.002090
07:43:37 [INFO]   [187/240] LSTM_w6_h64_l2_d0.0_e50_lr0.0005_b8  RMSE_test=0.0114  MAE_test=0.0081
07:43:41 [INFO]     Época 10/50 | Loss=0.003327
07:43:45 [INFO]     Época 20/50 | Loss=0.002307
07:43:49 [INFO]     Época 30/50 | Loss=0.002204
07:43:52 [INFO]     Época 40/50 | Loss=0.002107
07:43:56 [INFO]     Época 50/50 | Loss=0.002079
07:43:56 [INFO]   [188/240] LSTM_w6_h64_l2_d0.0_e50_lr0.0005_b16  RMSE_test=0.0114  MAE_test=0.0081
07:44:04 [INFO]     Época 10/50 | Loss=0.006401
07:44:12 [INFO]     Época 20/50 | Loss=0.005730
07:44:19 [INFO]     Época 30/50 | Loss=0.005644
07:44:27 [INFO]     Época 40/50 | Loss=0.005245
07:44:35 [INFO]     Época 50/50 | Loss=0.005541
07:44:35 [INFO]   [189/240] LSTM_w6_h64_l2_d0.1_e50_lr0.001_b8  RMSE_test=0.0114  MAE_test=0.0078
07:44:39 [INFO]     Época 10/50 | Loss=0.007213
07:44:43 [INFO]     Época 20/50 | Loss=0.005502
07:44:46 [INFO]     Época 30/50 | Loss=0.005574
07:44:50 [INFO]     Época 40/50 | Loss=0.004992
07:44:54 [INFO]     Época 50/50 | Loss=0.005388
07:44:54 [INFO]   [190/240] LSTM_w6_h64_l2_d0.1_e50_lr0.001_b16  RMSE_test=0.0131  MAE_test=0.0099
07:45:02 [INFO]     Época 10/50 | Loss=0.006819
07:45:10 [INFO]     Época 20/50 | Loss=0.005341
07:45:17 [INFO]     Época 30/50 | Loss=0.005326
07:45:25 [INFO]     Época 40/50 | Loss=0.005026
07:45:33 [INFO]     Época 50/50 | Loss=0.005267
07:45:33 [INFO]   [191/240] LSTM_w6_h64_l2_d0.1_e50_lr0.0005_b8  RMSE_test=0.0112  MAE_test=0.0077
07:45:37 [INFO]     Época 10/50 | Loss=0.008385
07:45:41 [INFO]     Época 20/50 | Loss=0.005824
07:45:44 [INFO]     Época 30/50 | Loss=0.005261
07:45:48 [INFO]     Época 40/50 | Loss=0.004776
07:45:52 [INFO]     Época 50/50 | Loss=0.004984
07:45:52 [INFO]   [192/240] LSTM_w6_h64_l2_d0.1_e50_lr0.0005_b16  RMSE_test=0.0132  MAE_test=0.0099
07:45:59 [INFO]     Época 10/50 | Loss=0.002340
07:46:06 [INFO]     Época 20/50 | Loss=0.002096
07:46:12 [INFO]     Época 30/50 | Loss=0.002021
07:46:19 [INFO]     Época 40/50 | Loss=0.002005
07:46:25 [INFO]     Época 50/50 | Loss=0.001944
07:46:25 [INFO]   [193/240] LSTM_w7_h16_l1_d0.0_e50_lr0.001_b8  RMSE_test=0.0124  MAE_test=0.0091
07:46:29 [INFO]     Época 10/50 | Loss=0.002996
07:46:32 [INFO]     Época 20/50 | Loss=0.002109
07:46:35 [INFO]     Época 30/50 | Loss=0.002050
07:46:39 [INFO]     Época 40/50 | Loss=0.002009
07:46:42 [INFO]     Época 50/50 | Loss=0.001978
07:46:42 [INFO]   [194/240] LSTM_w7_h16_l1_d0.0_e50_lr0.001_b16  RMSE_test=0.0128  MAE_test=0.0095
07:46:49 [INFO]     Época 10/50 | Loss=0.002977
07:46:55 [INFO]     Época 20/50 | Loss=0.002079
07:47:02 [INFO]     Época 30/50 | Loss=0.001992
07:47:08 [INFO]     Época 40/50 | Loss=0.001958
07:47:15 [INFO]     Época 50/50 | Loss=0.001925
07:47:15 [INFO]   [195/240] LSTM_w7_h16_l1_d0.0_e50_lr0.0005_b8  RMSE_test=0.0125  MAE_test=0.0093
07:47:18 [INFO]     Época 10/50 | Loss=0.004453
07:47:22 [INFO]     Época 20/50 | Loss=0.002502
07:47:25 [INFO]     Época 30/50 | Loss=0.002073
07:47:28 [INFO]     Época 40/50 | Loss=0.001966
07:47:32 [INFO]     Época 50/50 | Loss=0.001970
07:47:32 [INFO]   [196/240] LSTM_w7_h16_l1_d0.0_e50_lr0.0005_b16  RMSE_test=0.0129  MAE_test=0.0096
07:47:39 [INFO]     Época 10/50 | Loss=0.010409
07:47:45 [INFO]     Época 20/50 | Loss=0.010267
07:47:52 [INFO]     Época 30/50 | Loss=0.009408
07:47:59 [INFO]     Época 40/50 | Loss=0.009571
07:48:06 [INFO]     Época 50/50 | Loss=0.009250
07:48:06 [INFO]   [197/240] LSTM_w7_h16_l1_d0.1_e50_lr0.001_b8  RMSE_test=0.0127  MAE_test=0.0093
07:48:09 [INFO]     Época 10/50 | Loss=0.012902
07:48:13 [INFO]     Época 20/50 | Loss=0.009411
07:48:16 [INFO]     Época 30/50 | Loss=0.010136
07:48:19 [INFO]     Época 40/50 | Loss=0.008766
07:48:23 [INFO]     Época 50/50 | Loss=0.009786
07:48:23 [INFO]   [198/240] LSTM_w7_h16_l1_d0.1_e50_lr0.001_b16  RMSE_test=0.0127  MAE_test=0.0093
07:48:30 [INFO]     Época 10/50 | Loss=0.012594
07:48:36 [INFO]     Época 20/50 | Loss=0.011021
07:48:43 [INFO]     Época 30/50 | Loss=0.009394
07:48:50 [INFO]     Época 40/50 | Loss=0.009368
07:48:57 [INFO]     Época 50/50 | Loss=0.009040
07:48:57 [INFO]   [199/240] LSTM_w7_h16_l1_d0.1_e50_lr0.0005_b8  RMSE_test=0.0127  MAE_test=0.0094
07:49:00 [INFO]     Época 10/50 | Loss=0.015879
07:49:04 [INFO]     Época 20/50 | Loss=0.011109
07:49:07 [INFO]     Época 30/50 | Loss=0.010838
07:49:11 [INFO]     Época 40/50 | Loss=0.009019
07:49:14 [INFO]     Época 50/50 | Loss=0.009807
07:49:14 [INFO]   [200/240] LSTM_w7_h16_l1_d0.1_e50_lr0.0005_b16  RMSE_test=0.0120  MAE_test=0.0087
07:49:21 [INFO]     Época 10/50 | Loss=0.002426
07:49:28 [INFO]     Época 20/50 | Loss=0.002243
07:49:36 [INFO]     Época 30/50 | Loss=0.002111
07:49:43 [INFO]     Época 40/50 | Loss=0.002139
07:49:50 [INFO]     Época 50/50 | Loss=0.002021
07:49:50 [INFO]   [201/240] LSTM_w7_h16_l2_d0.0_e50_lr0.001_b8  RMSE_test=0.0124  MAE_test=0.0089
07:49:54 [INFO]     Época 10/50 | Loss=0.003127
07:49:57 [INFO]     Época 20/50 | Loss=0.002171
07:50:01 [INFO]     Época 30/50 | Loss=0.002113
07:50:05 [INFO]     Época 40/50 | Loss=0.002086
07:50:08 [INFO]     Época 50/50 | Loss=0.002006
07:50:08 [INFO]   [202/240] LSTM_w7_h16_l2_d0.0_e50_lr0.001_b16  RMSE_test=0.0132  MAE_test=0.0101
07:50:15 [INFO]     Época 10/50 | Loss=0.003541
07:50:23 [INFO]     Época 20/50 | Loss=0.002183
07:50:30 [INFO]     Época 30/50 | Loss=0.002073
07:50:37 [INFO]     Época 40/50 | Loss=0.002067
07:50:44 [INFO]     Época 50/50 | Loss=0.001985
07:50:44 [INFO]   [203/240] LSTM_w7_h16_l2_d0.0_e50_lr0.0005_b8  RMSE_test=0.0125  MAE_test=0.0091
07:50:48 [INFO]     Época 10/50 | Loss=0.005340
07:50:51 [INFO]     Época 20/50 | Loss=0.002672
07:50:55 [INFO]     Época 30/50 | Loss=0.002133
07:50:59 [INFO]     Época 40/50 | Loss=0.002050
07:51:02 [INFO]     Época 50/50 | Loss=0.002015
07:51:02 [INFO]   [204/240] LSTM_w7_h16_l2_d0.0_e50_lr0.0005_b16  RMSE_test=0.0137  MAE_test=0.0105
07:51:10 [INFO]     Época 10/50 | Loss=0.014462
07:51:17 [INFO]     Época 20/50 | Loss=0.012122
07:51:25 [INFO]     Época 30/50 | Loss=0.011926
07:51:32 [INFO]     Época 40/50 | Loss=0.010989
07:51:40 [INFO]     Época 50/50 | Loss=0.010922
07:51:40 [INFO]   [205/240] LSTM_w7_h16_l2_d0.1_e50_lr0.001_b8  RMSE_test=0.0149  MAE_test=0.0113
07:51:43 [INFO]     Época 10/50 | Loss=0.015785
07:51:47 [INFO]     Época 20/50 | Loss=0.012350
07:51:51 [INFO]     Época 30/50 | Loss=0.011403
07:51:55 [INFO]     Época 40/50 | Loss=0.010652
07:51:58 [INFO]     Época 50/50 | Loss=0.011223
07:51:58 [INFO]   [206/240] LSTM_w7_h16_l2_d0.1_e50_lr0.001_b16  RMSE_test=0.0150  MAE_test=0.0117
07:52:06 [INFO]     Época 10/50 | Loss=0.016854
07:52:13 [INFO]     Época 20/50 | Loss=0.013353
07:52:21 [INFO]     Época 30/50 | Loss=0.012422
07:52:28 [INFO]     Época 40/50 | Loss=0.011092
07:52:36 [INFO]     Época 50/50 | Loss=0.010846
07:52:36 [INFO]   [207/240] LSTM_w7_h16_l2_d0.1_e50_lr0.0005_b8  RMSE_test=0.0155  MAE_test=0.0119
07:52:39 [INFO]     Época 10/50 | Loss=0.018261
07:52:43 [INFO]     Época 20/50 | Loss=0.014712
07:52:47 [INFO]     Época 30/50 | Loss=0.012640
07:52:51 [INFO]     Época 40/50 | Loss=0.011569
07:52:54 [INFO]     Época 50/50 | Loss=0.011507
07:52:54 [INFO]   [208/240] LSTM_w7_h16_l2_d0.1_e50_lr0.0005_b16  RMSE_test=0.0149  MAE_test=0.0112
07:53:01 [INFO]     Época 10/50 | Loss=0.002360
07:53:08 [INFO]     Época 20/50 | Loss=0.002139
07:53:15 [INFO]     Época 30/50 | Loss=0.002023
07:53:21 [INFO]     Época 40/50 | Loss=0.002010
07:53:28 [INFO]     Época 50/50 | Loss=0.001903
07:53:28 [INFO]   [209/240] LSTM_w7_h32_l1_d0.0_e50_lr0.001_b8  RMSE_test=0.0126  MAE_test=0.0093
07:53:31 [INFO]     Época 10/50 | Loss=0.002727
07:53:34 [INFO]     Época 20/50 | Loss=0.002136
07:53:38 [INFO]     Época 30/50 | Loss=0.002053
07:53:41 [INFO]     Época 40/50 | Loss=0.002033
07:53:45 [INFO]     Época 50/50 | Loss=0.001951
07:53:45 [INFO]   [210/240] LSTM_w7_h32_l1_d0.0_e50_lr0.001_b16  RMSE_test=0.0125  MAE_test=0.0093
07:53:51 [INFO]     Época 10/50 | Loss=0.002729
07:53:58 [INFO]     Época 20/50 | Loss=0.002115
07:54:04 [INFO]     Época 30/50 | Loss=0.002008
07:54:11 [INFO]     Época 40/50 | Loss=0.001979
07:54:18 [INFO]     Época 50/50 | Loss=0.001919
07:54:18 [INFO]   [211/240] LSTM_w7_h32_l1_d0.0_e50_lr0.0005_b8  RMSE_test=0.0126  MAE_test=0.0094
07:54:21 [INFO]     Época 10/50 | Loss=0.003757
07:54:24 [INFO]     Época 20/50 | Loss=0.002348
07:54:28 [INFO]     Época 30/50 | Loss=0.002094
07:54:31 [INFO]     Época 40/50 | Loss=0.002001
07:54:34 [INFO]     Época 50/50 | Loss=0.001971
07:54:34 [INFO]   [212/240] LSTM_w7_h32_l1_d0.0_e50_lr0.0005_b16  RMSE_test=0.0132  MAE_test=0.0100
07:54:41 [INFO]     Época 10/50 | Loss=0.007050
07:54:48 [INFO]     Época 20/50 | Loss=0.006225
07:54:55 [INFO]     Época 30/50 | Loss=0.006077
07:55:01 [INFO]     Época 40/50 | Loss=0.006057
07:55:08 [INFO]     Época 50/50 | Loss=0.005867
07:55:08 [INFO]   [213/240] LSTM_w7_h32_l1_d0.1_e50_lr0.001_b8  RMSE_test=0.0139  MAE_test=0.0105
07:55:12 [INFO]     Época 10/50 | Loss=0.008185
07:55:15 [INFO]     Época 20/50 | Loss=0.006428
07:55:19 [INFO]     Época 30/50 | Loss=0.005924
07:55:22 [INFO]     Época 40/50 | Loss=0.005829
07:55:26 [INFO]     Época 50/50 | Loss=0.005829
07:55:26 [INFO]   [214/240] LSTM_w7_h32_l1_d0.1_e50_lr0.001_b16  RMSE_test=0.0124  MAE_test=0.0089
07:55:32 [INFO]     Época 10/50 | Loss=0.008110
07:55:39 [INFO]     Época 20/50 | Loss=0.006455
07:55:46 [INFO]     Época 30/50 | Loss=0.006012
07:55:53 [INFO]     Época 40/50 | Loss=0.005865
07:56:00 [INFO]     Época 50/50 | Loss=0.005687
07:56:00 [INFO]   [215/240] LSTM_w7_h32_l1_d0.1_e50_lr0.0005_b8  RMSE_test=0.0131  MAE_test=0.0097
07:56:03 [INFO]     Época 10/50 | Loss=0.009426
07:56:06 [INFO]     Época 20/50 | Loss=0.007264
07:56:10 [INFO]     Época 30/50 | Loss=0.006243
07:56:13 [INFO]     Época 40/50 | Loss=0.005836
07:56:17 [INFO]     Época 50/50 | Loss=0.005842
07:56:17 [INFO]   [216/240] LSTM_w7_h32_l1_d0.1_e50_lr0.0005_b16  RMSE_test=0.0123  MAE_test=0.0089
07:56:24 [INFO]     Época 10/50 | Loss=0.002598
07:56:31 [INFO]     Época 20/50 | Loss=0.002277
07:56:38 [INFO]     Época 30/50 | Loss=0.002174
07:56:46 [INFO]     Época 40/50 | Loss=0.002198
07:56:53 [INFO]     Época 50/50 | Loss=0.002034
07:56:53 [INFO]   [217/240] LSTM_w7_h32_l2_d0.0_e50_lr0.001_b8  RMSE_test=0.0122  MAE_test=0.0087
07:56:57 [INFO]     Época 10/50 | Loss=0.002705
07:57:00 [INFO]     Época 20/50 | Loss=0.002217
07:57:04 [INFO]     Época 30/50 | Loss=0.002170
07:57:07 [INFO]     Época 40/50 | Loss=0.002141
07:57:11 [INFO]     Época 50/50 | Loss=0.002042
07:57:11 [INFO]   [218/240] LSTM_w7_h32_l2_d0.0_e50_lr0.001_b16  RMSE_test=0.0131  MAE_test=0.0099
07:57:18 [INFO]     Época 10/50 | Loss=0.002897
07:57:25 [INFO]     Época 20/50 | Loss=0.002245
07:57:33 [INFO]     Época 30/50 | Loss=0.002094
07:57:40 [INFO]     Época 40/50 | Loss=0.002125
07:57:47 [INFO]     Época 50/50 | Loss=0.001994
07:57:47 [INFO]   [219/240] LSTM_w7_h32_l2_d0.0_e50_lr0.0005_b8  RMSE_test=0.0123  MAE_test=0.0089
07:57:51 [INFO]     Época 10/50 | Loss=0.004393
07:57:54 [INFO]     Época 20/50 | Loss=0.002302
07:57:58 [INFO]     Época 30/50 | Loss=0.002140
07:58:02 [INFO]     Época 40/50 | Loss=0.002071
07:58:05 [INFO]     Época 50/50 | Loss=0.002017
07:58:05 [INFO]   [220/240] LSTM_w7_h32_l2_d0.0_e50_lr0.0005_b16  RMSE_test=0.0134  MAE_test=0.0103
07:58:13 [INFO]     Época 10/50 | Loss=0.008793
07:58:20 [INFO]     Época 20/50 | Loss=0.007676
07:58:28 [INFO]     Época 30/50 | Loss=0.007451
07:58:35 [INFO]     Época 40/50 | Loss=0.007308
07:58:42 [INFO]     Época 50/50 | Loss=0.006765
07:58:42 [INFO]   [221/240] LSTM_w7_h32_l2_d0.1_e50_lr0.001_b8  RMSE_test=0.0138  MAE_test=0.0101
07:58:46 [INFO]     Época 10/50 | Loss=0.010456
07:58:50 [INFO]     Época 20/50 | Loss=0.007906
07:58:54 [INFO]     Época 30/50 | Loss=0.007447
07:58:58 [INFO]     Época 40/50 | Loss=0.007109
07:59:01 [INFO]     Época 50/50 | Loss=0.007146
07:59:01 [INFO]   [222/240] LSTM_w7_h32_l2_d0.1_e50_lr0.001_b16  RMSE_test=0.0146  MAE_test=0.0114
07:59:09 [INFO]     Época 10/50 | Loss=0.010064
07:59:16 [INFO]     Época 20/50 | Loss=0.007899
07:59:24 [INFO]     Época 30/50 | Loss=0.007246
07:59:31 [INFO]     Época 40/50 | Loss=0.006975
07:59:38 [INFO]     Época 50/50 | Loss=0.006549
07:59:38 [INFO]   [223/240] LSTM_w7_h32_l2_d0.1_e50_lr0.0005_b8  RMSE_test=0.0140  MAE_test=0.0104
07:59:42 [INFO]     Época 10/50 | Loss=0.012528
07:59:46 [INFO]     Época 20/50 | Loss=0.008775
07:59:50 [INFO]     Época 30/50 | Loss=0.007928
07:59:54 [INFO]     Época 40/50 | Loss=0.007199
07:59:57 [INFO]     Época 50/50 | Loss=0.007023
07:59:57 [INFO]   [224/240] LSTM_w7_h32_l2_d0.1_e50_lr0.0005_b16  RMSE_test=0.0137  MAE_test=0.0102
08:00:04 [INFO]     Época 10/50 | Loss=0.002413
08:00:11 [INFO]     Época 20/50 | Loss=0.002182
08:00:17 [INFO]     Época 30/50 | Loss=0.002034
08:00:24 [INFO]     Época 40/50 | Loss=0.002030
08:00:30 [INFO]     Época 50/50 | Loss=0.001923
08:00:30 [INFO]   [225/240] LSTM_w7_h64_l1_d0.0_e50_lr0.001_b8  RMSE_test=0.0129  MAE_test=0.0096
08:00:34 [INFO]     Época 10/50 | Loss=0.002799
08:00:37 [INFO]     Época 20/50 | Loss=0.002165
08:00:40 [INFO]     Época 30/50 | Loss=0.002108
08:00:44 [INFO]     Época 40/50 | Loss=0.002081
08:00:47 [INFO]     Época 50/50 | Loss=0.001964
08:00:47 [INFO]   [226/240] LSTM_w7_h64_l1_d0.0_e50_lr0.001_b16  RMSE_test=0.0125  MAE_test=0.0092
08:00:54 [INFO]     Época 10/50 | Loss=0.002732
08:01:00 [INFO]     Época 20/50 | Loss=0.002173
08:01:07 [INFO]     Época 30/50 | Loss=0.002032
08:01:14 [INFO]     Época 40/50 | Loss=0.002012
08:01:20 [INFO]     Época 50/50 | Loss=0.001913
08:01:20 [INFO]   [227/240] LSTM_w7_h64_l1_d0.0_e50_lr0.0005_b8  RMSE_test=0.0129  MAE_test=0.0097
08:01:24 [INFO]     Época 10/50 | Loss=0.003631
08:01:27 [INFO]     Época 20/50 | Loss=0.002333
08:01:30 [INFO]     Época 30/50 | Loss=0.002107
08:01:34 [INFO]     Época 40/50 | Loss=0.002044
08:01:37 [INFO]     Época 50/50 | Loss=0.001986
08:01:37 [INFO]   [228/240] LSTM_w7_h64_l1_d0.0_e50_lr0.0005_b16  RMSE_test=0.0132  MAE_test=0.0101
08:01:44 [INFO]     Época 10/50 | Loss=0.004677
08:01:51 [INFO]     Época 20/50 | Loss=0.004422
08:01:58 [INFO]     Época 30/50 | Loss=0.004184
08:02:04 [INFO]     Época 40/50 | Loss=0.004188
08:02:11 [INFO]     Época 50/50 | Loss=0.004092
08:02:11 [INFO]   [229/240] LSTM_w7_h64_l1_d0.1_e50_lr0.001_b8  RMSE_test=0.0127  MAE_test=0.0093
08:02:15 [INFO]     Época 10/50 | Loss=0.005883
08:02:18 [INFO]     Época 20/50 | Loss=0.004356
08:02:22 [INFO]     Época 30/50 | Loss=0.004195
08:02:25 [INFO]     Época 40/50 | Loss=0.004172
08:02:28 [INFO]     Época 50/50 | Loss=0.004116
08:02:28 [INFO]   [230/240] LSTM_w7_h64_l1_d0.1_e50_lr0.001_b16  RMSE_test=0.0127  MAE_test=0.0093
08:02:35 [INFO]     Época 10/50 | Loss=0.005755
08:02:42 [INFO]     Época 20/50 | Loss=0.004421
08:02:49 [INFO]     Época 30/50 | Loss=0.004049
08:02:56 [INFO]     Época 40/50 | Loss=0.003995
08:03:02 [INFO]     Época 50/50 | Loss=0.003954
08:03:02 [INFO]   [231/240] LSTM_w7_h64_l1_d0.1_e50_lr0.0005_b8  RMSE_test=0.0126  MAE_test=0.0092
08:03:06 [INFO]     Época 10/50 | Loss=0.007370
08:03:09 [INFO]     Época 20/50 | Loss=0.005103
08:03:13 [INFO]     Época 30/50 | Loss=0.004390
08:03:16 [INFO]     Época 40/50 | Loss=0.004141
08:03:20 [INFO]     Época 50/50 | Loss=0.004044
08:03:20 [INFO]   [232/240] LSTM_w7_h64_l1_d0.1_e50_lr0.0005_b16  RMSE_test=0.0124  MAE_test=0.0091
08:03:27 [INFO]     Época 10/50 | Loss=0.002703
08:03:34 [INFO]     Época 20/50 | Loss=0.002372
08:03:41 [INFO]     Época 30/50 | Loss=0.002233
08:03:48 [INFO]     Época 40/50 | Loss=0.002202
08:03:55 [INFO]     Época 50/50 | Loss=0.002047
08:03:55 [INFO]   [233/240] LSTM_w7_h64_l2_d0.0_e50_lr0.001_b8  RMSE_test=0.0119  MAE_test=0.0085
08:03:59 [INFO]     Época 10/50 | Loss=0.002489
08:04:03 [INFO]     Época 20/50 | Loss=0.002276
08:04:06 [INFO]     Época 30/50 | Loss=0.002252
08:04:10 [INFO]     Época 40/50 | Loss=0.002257
08:04:14 [INFO]     Época 50/50 | Loss=0.002085
08:04:14 [INFO]   [234/240] LSTM_w7_h64_l2_d0.0_e50_lr0.001_b16  RMSE_test=0.0133  MAE_test=0.0101
08:04:21 [INFO]     Época 10/50 | Loss=0.002567
08:04:28 [INFO]     Época 20/50 | Loss=0.002289
08:04:35 [INFO]     Época 30/50 | Loss=0.002149
08:04:43 [INFO]     Época 40/50 | Loss=0.002166
08:04:50 [INFO]     Época 50/50 | Loss=0.002006
08:04:50 [INFO]   [235/240] LSTM_w7_h64_l2_d0.0_e50_lr0.0005_b8  RMSE_test=0.0121  MAE_test=0.0086
08:04:53 [INFO]     Época 10/50 | Loss=0.003405
08:04:57 [INFO]     Época 20/50 | Loss=0.002241
08:05:01 [INFO]     Época 30/50 | Loss=0.002171
08:05:04 [INFO]     Época 40/50 | Loss=0.002125
08:05:08 [INFO]     Época 50/50 | Loss=0.002034
08:05:08 [INFO]   [236/240] LSTM_w7_h64_l2_d0.0_e50_lr0.0005_b16  RMSE_test=0.0133  MAE_test=0.0102
08:05:15 [INFO]     Época 10/50 | Loss=0.006515
08:05:23 [INFO]     Época 20/50 | Loss=0.005737
08:05:30 [INFO]     Época 30/50 | Loss=0.005334
08:05:38 [INFO]     Época 40/50 | Loss=0.005310
08:05:45 [INFO]     Época 50/50 | Loss=0.004958
08:05:45 [INFO]   [237/240] LSTM_w7_h64_l2_d0.1_e50_lr0.001_b8  RMSE_test=0.0124  MAE_test=0.0089
08:05:49 [INFO]     Época 10/50 | Loss=0.006851
08:05:53 [INFO]     Época 20/50 | Loss=0.005788
08:05:56 [INFO]     Época 30/50 | Loss=0.005120
08:06:00 [INFO]     Época 40/50 | Loss=0.005324
08:06:04 [INFO]     Época 50/50 | Loss=0.004931
08:06:04 [INFO]   [238/240] LSTM_w7_h64_l2_d0.1_e50_lr0.001_b16  RMSE_test=0.0140  MAE_test=0.0105
08:06:11 [INFO]     Época 10/50 | Loss=0.007057
08:06:19 [INFO]     Época 20/50 | Loss=0.005365
08:06:26 [INFO]     Época 30/50 | Loss=0.005006
08:06:34 [INFO]     Época 40/50 | Loss=0.004983
08:06:41 [INFO]     Época 50/50 | Loss=0.004769
08:06:41 [INFO]   [239/240] LSTM_w7_h64_l2_d0.1_e50_lr0.0005_b8  RMSE_test=0.0126  MAE_test=0.0091
08:06:45 [INFO]     Época 10/50 | Loss=0.008068
08:06:49 [INFO]     Época 20/50 | Loss=0.006172
08:06:52 [INFO]     Época 30/50 | Loss=0.004983
08:06:56 [INFO]     Época 40/50 | Loss=0.005029
08:07:00 [INFO]     Época 50/50 | Loss=0.004736
08:07:00 [INFO]   [240/240] LSTM_w7_h64_l2_d0.1_e50_lr0.0005_b16  RMSE_test=0.0135  MAE_test=0.0100
08:07:00 [INFO] [OK] Top 1 — LSTM_w6_h16_l2_d0.0_e50_lr0.001_b8  RMSE_test=0.011067  gap_rmse=0.001507
08:07:00 [INFO] [PENDIENTE] LSTM Fase 2 — configura FINAL_CONFIG_LSTM en final_configs.py.
08:07:00 [INFO] CNN R11 — Fase 1: búsqueda exploratoria...
08:07:00 [INFO] ======================================================================
08:07:00 [INFO] CNN R11 — Fase 1: búsqueda exploratoria de hiperparámetros
08:07:00 [INFO] Device: cuda
08:07:00 [INFO] Combinaciones totales: 960
08:07:06 [INFO]     Época 10/50 | Loss=0.003108
08:07:13 [INFO]     Época 20/50 | Loss=0.002843
08:07:19 [INFO]     Época 30/50 | Loss=0.002525
08:07:25 [INFO]     Época 40/50 | Loss=0.002456
08:07:32 [INFO]     Época 50/50 | Loss=0.002376
08:07:32 [INFO]   [1/960] CNN_w3_c16_k2_actrelu_d0.0_dense16_e50_lr0.001_b8  RMSE_test=0.0131  MAE_test=0.0100
08:07:35 [INFO]     Época 10/50 | Loss=0.003173
08:07:38 [INFO]     Época 20/50 | Loss=0.002604
08:07:41 [INFO]     Época 30/50 | Loss=0.002503
08:07:45 [INFO]     Época 40/50 | Loss=0.002448
08:07:48 [INFO]     Época 50/50 | Loss=0.002512
08:07:48 [INFO]   [2/960] CNN_w3_c16_k2_actrelu_d0.0_dense16_e50_lr0.001_b16  RMSE_test=0.0132  MAE_test=0.0098
08:07:54 [INFO]     Época 10/50 | Loss=0.003172
08:08:00 [INFO]     Época 20/50 | Loss=0.002746
08:08:07 [INFO]     Época 30/50 | Loss=0.002454
08:08:13 [INFO]     Época 40/50 | Loss=0.002462
08:08:19 [INFO]     Época 50/50 | Loss=0.002358
08:08:19 [INFO]   [3/960] CNN_w3_c16_k2_actrelu_d0.0_dense16_e50_lr0.0005_b8  RMSE_test=0.0137  MAE_test=0.0101
08:08:23 [INFO]     Época 10/50 | Loss=0.003442
08:08:26 [INFO]     Época 20/50 | Loss=0.002736
08:08:29 [INFO]     Época 30/50 | Loss=0.002524
08:08:32 [INFO]     Época 40/50 | Loss=0.002404
08:08:36 [INFO]     Época 50/50 | Loss=0.002418
08:08:36 [INFO]   [4/960] CNN_w3_c16_k2_actrelu_d0.0_dense16_e50_lr0.0005_b16  RMSE_test=0.0139  MAE_test=0.0102
08:08:42 [INFO]     Época 10/50 | Loss=0.003116
08:08:48 [INFO]     Época 20/50 | Loss=0.002882
08:08:54 [INFO]     Época 30/50 | Loss=0.002644
08:09:01 [INFO]     Época 40/50 | Loss=0.002574
08:09:07 [INFO]     Época 50/50 | Loss=0.002423
08:09:07 [INFO]   [5/960] CNN_w3_c16_k2_actrelu_d0.0_dense32_e50_lr0.001_b8  RMSE_test=0.0129  MAE_test=0.0096
08:09:10 [INFO]     Época 10/50 | Loss=0.003077
08:09:14 [INFO]     Época 20/50 | Loss=0.002577
08:09:17 [INFO]     Época 30/50 | Loss=0.002490
08:09:20 [INFO]     Época 40/50 | Loss=0.002501
08:09:23 [INFO]     Época 50/50 | Loss=0.002647
08:09:23 [INFO]   [6/960] CNN_w3_c16_k2_actrelu_d0.0_dense32_e50_lr0.001_b16  RMSE_test=0.0133  MAE_test=0.0098
08:09:30 [INFO]     Época 10/50 | Loss=0.003065
08:09:36 [INFO]     Época 20/50 | Loss=0.002678
08:09:42 [INFO]     Época 30/50 | Loss=0.002442
08:09:48 [INFO]     Época 40/50 | Loss=0.002452
08:09:55 [INFO]     Época 50/50 | Loss=0.002374
08:09:55 [INFO]   [7/960] CNN_w3_c16_k2_actrelu_d0.0_dense32_e50_lr0.0005_b8  RMSE_test=0.0133  MAE_test=0.0099
08:09:58 [INFO]     Época 10/50 | Loss=0.003448
08:10:01 [INFO]     Época 20/50 | Loss=0.002646
08:10:05 [INFO]     Época 30/50 | Loss=0.002432
08:10:08 [INFO]     Época 40/50 | Loss=0.002387
08:10:11 [INFO]     Época 50/50 | Loss=0.002375
08:10:11 [INFO]   [8/960] CNN_w3_c16_k2_actrelu_d0.0_dense32_e50_lr0.0005_b16  RMSE_test=0.0133  MAE_test=0.0099
08:10:17 [INFO]     Época 10/50 | Loss=0.003102
08:10:24 [INFO]     Época 20/50 | Loss=0.002878
08:10:30 [INFO]     Época 30/50 | Loss=0.002526
08:10:36 [INFO]     Época 40/50 | Loss=0.002484
08:10:42 [INFO]     Época 50/50 | Loss=0.002401
08:10:42 [INFO]   [9/960] CNN_w3_c16_k2_actleaky_relu_d0.0_dense16_e50_lr0.001_b8  RMSE_test=0.0130  MAE_test=0.0098
08:10:46 [INFO]     Época 10/50 | Loss=0.003183
08:10:49 [INFO]     Época 20/50 | Loss=0.002619
08:10:52 [INFO]     Época 30/50 | Loss=0.002505
08:10:55 [INFO]     Época 40/50 | Loss=0.002451
08:10:59 [INFO]     Época 50/50 | Loss=0.002553
08:10:59 [INFO]   [10/960] CNN_w3_c16_k2_actleaky_relu_d0.0_dense16_e50_lr0.001_b16  RMSE_test=0.0133  MAE_test=0.0098
08:11:05 [INFO]     Época 10/50 | Loss=0.003176
08:11:11 [INFO]     Época 20/50 | Loss=0.002688
08:11:18 [INFO]     Época 30/50 | Loss=0.002465
08:11:24 [INFO]     Época 40/50 | Loss=0.002442
08:11:30 [INFO]     Época 50/50 | Loss=0.002392
08:11:30 [INFO]   [11/960] CNN_w3_c16_k2_actleaky_relu_d0.0_dense16_e50_lr0.0005_b8  RMSE_test=0.0136  MAE_test=0.0101
08:11:33 [INFO]     Época 10/50 | Loss=0.003480
08:11:37 [INFO]     Época 20/50 | Loss=0.002708
08:11:40 [INFO]     Época 30/50 | Loss=0.002537
08:11:43 [INFO]     Época 40/50 | Loss=0.002379
08:11:46 [INFO]     Época 50/50 | Loss=0.002396
08:11:46 [INFO]   [12/960] CNN_w3_c16_k2_actleaky_relu_d0.0_dense16_e50_lr0.0005_b16  RMSE_test=0.0134  MAE_test=0.0098
08:11:53 [INFO]     Época 10/50 | Loss=0.003187
08:11:59 [INFO]     Época 20/50 | Loss=0.002878
08:12:05 [INFO]     Época 30/50 | Loss=0.002680
08:12:11 [INFO]     Época 40/50 | Loss=0.002570
08:12:18 [INFO]     Época 50/50 | Loss=0.002449
08:12:18 [INFO]   [13/960] CNN_w3_c16_k2_actleaky_relu_d0.0_dense32_e50_lr0.001_b8  RMSE_test=0.0133  MAE_test=0.0100
08:12:21 [INFO]     Época 10/50 | Loss=0.003115
08:12:24 [INFO]     Época 20/50 | Loss=0.002582
08:12:27 [INFO]     Época 30/50 | Loss=0.002514
08:12:31 [INFO]     Época 40/50 | Loss=0.002530
08:12:34 [INFO]     Época 50/50 | Loss=0.002670
08:12:34 [INFO]   [14/960] CNN_w3_c16_k2_actleaky_relu_d0.0_dense32_e50_lr0.001_b16  RMSE_test=0.0129  MAE_test=0.0095
08:12:40 [INFO]     Época 10/50 | Loss=0.003105
08:12:46 [INFO]     Época 20/50 | Loss=0.002686
08:12:53 [INFO]     Época 30/50 | Loss=0.002463
08:12:59 [INFO]     Época 40/50 | Loss=0.002465
08:13:05 [INFO]     Época 50/50 | Loss=0.002375
08:13:05 [INFO]   [15/960] CNN_w3_c16_k2_actleaky_relu_d0.0_dense32_e50_lr0.0005_b8  RMSE_test=0.0132  MAE_test=0.0098
08:13:08 [INFO]     Época 10/50 | Loss=0.003412
08:13:12 [INFO]     Época 20/50 | Loss=0.002651
08:13:15 [INFO]     Época 30/50 | Loss=0.002453
08:13:18 [INFO]     Época 40/50 | Loss=0.002362
08:13:21 [INFO]     Época 50/50 | Loss=0.002391
08:13:21 [INFO]   [16/960] CNN_w3_c16_k2_actleaky_relu_d0.0_dense32_e50_lr0.0005_b16  RMSE_test=0.0129  MAE_test=0.0095
08:13:28 [INFO]     Época 10/50 | Loss=0.023621
08:13:35 [INFO]     Época 20/50 | Loss=0.022287
08:13:42 [INFO]     Época 30/50 | Loss=0.021689
08:13:48 [INFO]     Época 40/50 | Loss=0.021749
08:13:55 [INFO]     Época 50/50 | Loss=0.021317
08:13:55 [INFO]   [17/960] CNN_w3_c16_k2_actrelu_d0.1_dense16_e50_lr0.001_b8  RMSE_test=0.0138  MAE_test=0.0103
08:13:59 [INFO]     Época 10/50 | Loss=0.023968
08:14:02 [INFO]     Época 20/50 | Loss=0.022527
08:14:06 [INFO]     Época 30/50 | Loss=0.021730
08:14:09 [INFO]     Época 40/50 | Loss=0.021616
08:14:12 [INFO]     Época 50/50 | Loss=0.021296
08:14:12 [INFO]   [18/960] CNN_w3_c16_k2_actrelu_d0.1_dense16_e50_lr0.001_b16  RMSE_test=0.0200  MAE_test=0.0159
08:14:19 [INFO]     Época 10/50 | Loss=0.024410
08:14:26 [INFO]     Época 20/50 | Loss=0.022859
08:14:33 [INFO]     Época 30/50 | Loss=0.021496
08:14:39 [INFO]     Época 40/50 | Loss=0.021573
08:14:46 [INFO]     Época 50/50 | Loss=0.021095
08:14:46 [INFO]   [19/960] CNN_w3_c16_k2_actrelu_d0.1_dense16_e50_lr0.0005_b8  RMSE_test=0.0145  MAE_test=0.0107
08:14:50 [INFO]     Época 10/50 | Loss=0.025166
08:14:53 [INFO]     Época 20/50 | Loss=0.023284
08:14:57 [INFO]     Época 30/50 | Loss=0.022095
08:15:00 [INFO]     Época 40/50 | Loss=0.021772
08:15:03 [INFO]     Época 50/50 | Loss=0.021743
08:15:03 [INFO]   [20/960] CNN_w3_c16_k2_actrelu_d0.1_dense16_e50_lr0.0005_b16  RMSE_test=0.0172  MAE_test=0.0131
08:15:10 [INFO]     Época 10/50 | Loss=0.018077
08:15:17 [INFO]     Época 20/50 | Loss=0.016403
08:15:24 [INFO]     Época 30/50 | Loss=0.015029
08:15:30 [INFO]     Época 40/50 | Loss=0.014825
08:15:37 [INFO]     Época 50/50 | Loss=0.014875
08:15:37 [INFO]   [21/960] CNN_w3_c16_k2_actrelu_d0.1_dense32_e50_lr0.001_b8  RMSE_test=0.0163  MAE_test=0.0123
08:15:41 [INFO]     Época 10/50 | Loss=0.018501
08:15:44 [INFO]     Época 20/50 | Loss=0.016102
08:15:47 [INFO]     Época 30/50 | Loss=0.014716
08:15:51 [INFO]     Época 40/50 | Loss=0.014224
08:15:54 [INFO]     Época 50/50 | Loss=0.014757
08:15:54 [INFO]   [22/960] CNN_w3_c16_k2_actrelu_d0.1_dense32_e50_lr0.001_b16  RMSE_test=0.0148  MAE_test=0.0111
08:16:01 [INFO]     Época 10/50 | Loss=0.018633
08:16:08 [INFO]     Época 20/50 | Loss=0.016307
08:16:15 [INFO]     Época 30/50 | Loss=0.014759
08:16:21 [INFO]     Época 40/50 | Loss=0.014029
08:16:28 [INFO]     Época 50/50 | Loss=0.013937
08:16:28 [INFO]   [23/960] CNN_w3_c16_k2_actrelu_d0.1_dense32_e50_lr0.0005_b8  RMSE_test=0.0144  MAE_test=0.0108
08:16:32 [INFO]     Época 10/50 | Loss=0.019730
08:16:35 [INFO]     Época 20/50 | Loss=0.017032
08:16:38 [INFO]     Época 30/50 | Loss=0.015557
08:16:42 [INFO]     Época 40/50 | Loss=0.014901
08:16:45 [INFO]     Época 50/50 | Loss=0.014766
08:16:45 [INFO]   [24/960] CNN_w3_c16_k2_actrelu_d0.1_dense32_e50_lr0.0005_b16  RMSE_test=0.0153  MAE_test=0.0116
08:16:52 [INFO]     Época 10/50 | Loss=0.023012
08:16:59 [INFO]     Época 20/50 | Loss=0.019674
08:17:06 [INFO]     Época 30/50 | Loss=0.016646
08:17:13 [INFO]     Época 40/50 | Loss=0.015466
08:17:19 [INFO]     Época 50/50 | Loss=0.014978
08:17:19 [INFO]   [25/960] CNN_w3_c16_k2_actleaky_relu_d0.1_dense16_e50_lr0.001_b8  RMSE_test=0.0132  MAE_test=0.0098
08:17:23 [INFO]     Época 10/50 | Loss=0.023390
08:17:26 [INFO]     Época 20/50 | Loss=0.021253
08:17:30 [INFO]     Época 30/50 | Loss=0.019181
08:17:33 [INFO]     Época 40/50 | Loss=0.017695
08:17:37 [INFO]     Época 50/50 | Loss=0.016060
08:17:37 [INFO]   [26/960] CNN_w3_c16_k2_actleaky_relu_d0.1_dense16_e50_lr0.001_b16  RMSE_test=0.0174  MAE_test=0.0133
08:17:43 [INFO]     Época 10/50 | Loss=0.023865
08:17:50 [INFO]     Época 20/50 | Loss=0.021478
08:17:57 [INFO]     Época 30/50 | Loss=0.019100
08:18:04 [INFO]     Época 40/50 | Loss=0.017692
08:18:11 [INFO]     Época 50/50 | Loss=0.016018
08:18:11 [INFO]   [27/960] CNN_w3_c16_k2_actleaky_relu_d0.1_dense16_e50_lr0.0005_b8  RMSE_test=0.0131  MAE_test=0.0095
08:18:14 [INFO]     Época 10/50 | Loss=0.024726
08:18:18 [INFO]     Época 20/50 | Loss=0.022568
08:18:21 [INFO]     Época 30/50 | Loss=0.020896
08:18:24 [INFO]     Época 40/50 | Loss=0.019840
08:18:28 [INFO]     Época 50/50 | Loss=0.018925
08:18:28 [INFO]   [28/960] CNN_w3_c16_k2_actleaky_relu_d0.1_dense16_e50_lr0.0005_b16  RMSE_test=0.0168  MAE_test=0.0129
08:18:35 [INFO]     Época 10/50 | Loss=0.017215
08:18:42 [INFO]     Época 20/50 | Loss=0.014722
08:18:49 [INFO]     Época 30/50 | Loss=0.013010
08:18:55 [INFO]     Época 40/50 | Loss=0.012465
08:19:02 [INFO]     Época 50/50 | Loss=0.012307
08:19:02 [INFO]   [29/960] CNN_w3_c16_k2_actleaky_relu_d0.1_dense32_e50_lr0.001_b8  RMSE_test=0.0151  MAE_test=0.0114
08:19:06 [INFO]     Época 10/50 | Loss=0.017865
08:19:09 [INFO]     Época 20/50 | Loss=0.015373
08:19:13 [INFO]     Época 30/50 | Loss=0.013315
08:19:16 [INFO]     Época 40/50 | Loss=0.012024
08:19:20 [INFO]     Época 50/50 | Loss=0.012084
08:19:20 [INFO]   [30/960] CNN_w3_c16_k2_actleaky_relu_d0.1_dense32_e50_lr0.001_b16  RMSE_test=0.0144  MAE_test=0.0110
08:19:26 [INFO]     Época 10/50 | Loss=0.017985
08:19:33 [INFO]     Época 20/50 | Loss=0.015339
08:19:40 [INFO]     Época 30/50 | Loss=0.013206
08:19:46 [INFO]     Época 40/50 | Loss=0.011786
08:19:53 [INFO]     Época 50/50 | Loss=0.011382
08:19:53 [INFO]   [31/960] CNN_w3_c16_k2_actleaky_relu_d0.1_dense32_e50_lr0.0005_b8  RMSE_test=0.0149  MAE_test=0.0112
08:19:57 [INFO]     Época 10/50 | Loss=0.019250
08:20:00 [INFO]     Época 20/50 | Loss=0.016737
08:20:04 [INFO]     Época 30/50 | Loss=0.014818
08:20:07 [INFO]     Época 40/50 | Loss=0.013884
08:20:11 [INFO]     Época 50/50 | Loss=0.013298
08:20:11 [INFO]   [32/960] CNN_w3_c16_k2_actleaky_relu_d0.1_dense32_e50_lr0.0005_b16  RMSE_test=0.0149  MAE_test=0.0112
08:20:17 [INFO]     Época 10/50 | Loss=0.003218
08:20:23 [INFO]     Época 20/50 | Loss=0.002889
08:20:29 [INFO]     Época 30/50 | Loss=0.002513
08:20:35 [INFO]     Época 40/50 | Loss=0.002515
08:20:42 [INFO]     Época 50/50 | Loss=0.002374
08:20:42 [INFO]   [33/960] CNN_w3_c16_k3_actrelu_d0.0_dense16_e50_lr0.001_b8  RMSE_test=0.0133  MAE_test=0.0099
08:20:45 [INFO]     Época 10/50 | Loss=0.003274
08:20:48 [INFO]     Época 20/50 | Loss=0.002761
08:20:52 [INFO]     Época 30/50 | Loss=0.002602
08:20:55 [INFO]     Época 40/50 | Loss=0.002502
08:20:58 [INFO]     Época 50/50 | Loss=0.002636
08:20:58 [INFO]   [34/960] CNN_w3_c16_k3_actrelu_d0.0_dense16_e50_lr0.001_b16  RMSE_test=0.0136  MAE_test=0.0099
08:21:04 [INFO]     Época 10/50 | Loss=0.003241
08:21:11 [INFO]     Época 20/50 | Loss=0.002805
08:21:17 [INFO]     Época 30/50 | Loss=0.002538
08:21:23 [INFO]     Época 40/50 | Loss=0.002477
08:21:29 [INFO]     Época 50/50 | Loss=0.002453
08:21:29 [INFO]   [35/960] CNN_w3_c16_k3_actrelu_d0.0_dense16_e50_lr0.0005_b8  RMSE_test=0.0137  MAE_test=0.0102
08:21:32 [INFO]     Época 10/50 | Loss=0.003593
08:21:36 [INFO]     Época 20/50 | Loss=0.002787
08:21:39 [INFO]     Época 30/50 | Loss=0.002603
08:21:42 [INFO]     Época 40/50 | Loss=0.002464
08:21:45 [INFO]     Época 50/50 | Loss=0.002406
08:21:45 [INFO]   [36/960] CNN_w3_c16_k3_actrelu_d0.0_dense16_e50_lr0.0005_b16  RMSE_test=0.0134  MAE_test=0.0099
08:21:51 [INFO]     Época 10/50 | Loss=0.003295
08:21:58 [INFO]     Época 20/50 | Loss=0.002911
08:22:04 [INFO]     Época 30/50 | Loss=0.002600
08:22:10 [INFO]     Época 40/50 | Loss=0.002549
08:22:16 [INFO]     Época 50/50 | Loss=0.002489
08:22:16 [INFO]   [37/960] CNN_w3_c16_k3_actrelu_d0.0_dense32_e50_lr0.001_b8  RMSE_test=0.0128  MAE_test=0.0095
08:22:19 [INFO]     Época 10/50 | Loss=0.003137
08:22:23 [INFO]     Época 20/50 | Loss=0.002702
08:22:26 [INFO]     Época 30/50 | Loss=0.002536
08:22:29 [INFO]     Época 40/50 | Loss=0.002436
08:22:32 [INFO]     Época 50/50 | Loss=0.002550
08:22:32 [INFO]   [38/960] CNN_w3_c16_k3_actrelu_d0.0_dense32_e50_lr0.001_b16  RMSE_test=0.0129  MAE_test=0.0094
08:22:38 [INFO]     Época 10/50 | Loss=0.003131
08:22:44 [INFO]     Época 20/50 | Loss=0.002764
08:22:51 [INFO]     Época 30/50 | Loss=0.002508
08:22:57 [INFO]     Época 40/50 | Loss=0.002447
08:23:03 [INFO]     Época 50/50 | Loss=0.002401
08:23:03 [INFO]   [39/960] CNN_w3_c16_k3_actrelu_d0.0_dense32_e50_lr0.0005_b8  RMSE_test=0.0129  MAE_test=0.0095
08:23:06 [INFO]     Época 10/50 | Loss=0.003403
08:23:09 [INFO]     Época 20/50 | Loss=0.002734
08:23:13 [INFO]     Época 30/50 | Loss=0.002559
08:23:16 [INFO]     Época 40/50 | Loss=0.002412
08:23:19 [INFO]     Época 50/50 | Loss=0.002361
08:23:19 [INFO]   [40/960] CNN_w3_c16_k3_actrelu_d0.0_dense32_e50_lr0.0005_b16  RMSE_test=0.0131  MAE_test=0.0096
08:23:25 [INFO]     Época 10/50 | Loss=0.003269
08:23:31 [INFO]     Época 20/50 | Loss=0.002864
08:23:38 [INFO]     Época 30/50 | Loss=0.002543
08:23:44 [INFO]     Época 40/50 | Loss=0.002482
08:23:50 [INFO]     Época 50/50 | Loss=0.002452
08:23:50 [INFO]   [41/960] CNN_w3_c16_k3_actleaky_relu_d0.0_dense16_e50_lr0.001_b8  RMSE_test=0.0130  MAE_test=0.0097
08:23:53 [INFO]     Época 10/50 | Loss=0.003225
08:23:56 [INFO]     Época 20/50 | Loss=0.002775
08:24:00 [INFO]     Época 30/50 | Loss=0.002601
08:24:03 [INFO]     Época 40/50 | Loss=0.002484
08:24:06 [INFO]     Época 50/50 | Loss=0.002585
08:24:06 [INFO]   [42/960] CNN_w3_c16_k3_actleaky_relu_d0.0_dense16_e50_lr0.001_b16  RMSE_test=0.0137  MAE_test=0.0101
08:24:12 [INFO]     Época 10/50 | Loss=0.003224
08:24:18 [INFO]     Época 20/50 | Loss=0.002811
08:24:24 [INFO]     Época 30/50 | Loss=0.002537
08:24:32 [INFO]     Época 40/50 | Loss=0.002471
08:24:38 [INFO]     Época 50/50 | Loss=0.002459
08:24:38 [INFO]   [43/960] CNN_w3_c16_k3_actleaky_relu_d0.0_dense16_e50_lr0.0005_b8  RMSE_test=0.0136  MAE_test=0.0102
08:24:42 [INFO]     Época 10/50 | Loss=0.003627
08:24:45 [INFO]     Época 20/50 | Loss=0.002778
08:24:48 [INFO]     Época 30/50 | Loss=0.002590
08:24:51 [INFO]     Época 40/50 | Loss=0.002460
08:24:54 [INFO]     Época 50/50 | Loss=0.002436
08:24:54 [INFO]   [44/960] CNN_w3_c16_k3_actleaky_relu_d0.0_dense16_e50_lr0.0005_b16  RMSE_test=0.0137  MAE_test=0.0103
08:25:00 [INFO]     Época 10/50 | Loss=0.003292
08:25:07 [INFO]     Época 20/50 | Loss=0.002896
08:25:13 [INFO]     Época 30/50 | Loss=0.002566
08:25:19 [INFO]     Época 40/50 | Loss=0.002514
08:25:25 [INFO]     Época 50/50 | Loss=0.002434
08:25:25 [INFO]   [45/960] CNN_w3_c16_k3_actleaky_relu_d0.0_dense32_e50_lr0.001_b8  RMSE_test=0.0126  MAE_test=0.0095
08:25:28 [INFO]     Época 10/50 | Loss=0.003263
08:25:31 [INFO]     Época 20/50 | Loss=0.002707
08:25:35 [INFO]     Época 30/50 | Loss=0.002533
08:25:38 [INFO]     Época 40/50 | Loss=0.002435
08:25:41 [INFO]     Época 50/50 | Loss=0.002565
08:25:41 [INFO]   [46/960] CNN_w3_c16_k3_actleaky_relu_d0.0_dense32_e50_lr0.001_b16  RMSE_test=0.0131  MAE_test=0.0096
08:25:47 [INFO]     Época 10/50 | Loss=0.003188
08:25:53 [INFO]     Época 20/50 | Loss=0.002765
08:25:59 [INFO]     Época 30/50 | Loss=0.002479
08:26:06 [INFO]     Época 40/50 | Loss=0.002426
08:26:12 [INFO]     Época 50/50 | Loss=0.002419
08:26:12 [INFO]   [47/960] CNN_w3_c16_k3_actleaky_relu_d0.0_dense32_e50_lr0.0005_b8  RMSE_test=0.0135  MAE_test=0.0100
08:26:15 [INFO]     Época 10/50 | Loss=0.003389
08:26:18 [INFO]     Época 20/50 | Loss=0.002695
08:26:21 [INFO]     Época 30/50 | Loss=0.002525
08:26:25 [INFO]     Época 40/50 | Loss=0.002394
08:26:28 [INFO]     Época 50/50 | Loss=0.002383
08:26:28 [INFO]   [48/960] CNN_w3_c16_k3_actleaky_relu_d0.0_dense32_e50_lr0.0005_b16  RMSE_test=0.0128  MAE_test=0.0094
08:26:34 [INFO]     Época 10/50 | Loss=0.024868
08:26:41 [INFO]     Época 20/50 | Loss=0.021866
08:26:48 [INFO]     Época 30/50 | Loss=0.022250
08:26:54 [INFO]     Época 40/50 | Loss=0.021681
08:27:01 [INFO]     Época 50/50 | Loss=0.022226
08:27:01 [INFO]   [49/960] CNN_w3_c16_k3_actrelu_d0.1_dense16_e50_lr0.001_b8  RMSE_test=0.0140  MAE_test=0.0104
08:27:04 [INFO]     Época 10/50 | Loss=0.025533
08:27:08 [INFO]     Época 20/50 | Loss=0.022946
08:27:11 [INFO]     Época 30/50 | Loss=0.021834
08:27:15 [INFO]     Época 40/50 | Loss=0.023174
08:27:18 [INFO]     Época 50/50 | Loss=0.021898
08:27:18 [INFO]   [50/960] CNN_w3_c16_k3_actrelu_d0.1_dense16_e50_lr0.001_b16  RMSE_test=0.0180  MAE_test=0.0139
08:27:25 [INFO]     Época 10/50 | Loss=0.025575
08:27:31 [INFO]     Época 20/50 | Loss=0.023149
08:27:38 [INFO]     Época 30/50 | Loss=0.022660
08:27:44 [INFO]     Época 40/50 | Loss=0.022236
08:27:51 [INFO]     Época 50/50 | Loss=0.022053
08:27:51 [INFO]   [51/960] CNN_w3_c16_k3_actrelu_d0.1_dense16_e50_lr0.0005_b8  RMSE_test=0.0131  MAE_test=0.0096
08:27:55 [INFO]     Época 10/50 | Loss=0.026023
08:27:58 [INFO]     Época 20/50 | Loss=0.023040
08:28:01 [INFO]     Época 30/50 | Loss=0.021814
08:28:05 [INFO]     Época 40/50 | Loss=0.022456
08:28:08 [INFO]     Época 50/50 | Loss=0.020443
08:28:08 [INFO]   [52/960] CNN_w3_c16_k3_actrelu_d0.1_dense16_e50_lr0.0005_b16  RMSE_test=0.0144  MAE_test=0.0109
08:28:15 [INFO]     Época 10/50 | Loss=0.017284
08:28:22 [INFO]     Época 20/50 | Loss=0.015752
08:28:28 [INFO]     Época 30/50 | Loss=0.015034
08:28:35 [INFO]     Época 40/50 | Loss=0.014308
08:28:42 [INFO]     Época 50/50 | Loss=0.013805
08:28:42 [INFO]   [53/960] CNN_w3_c16_k3_actrelu_d0.1_dense32_e50_lr0.001_b8  RMSE_test=0.0170  MAE_test=0.0125
08:28:45 [INFO]     Época 10/50 | Loss=0.018339
08:28:48 [INFO]     Época 20/50 | Loss=0.014506
08:28:52 [INFO]     Época 30/50 | Loss=0.014335
08:28:56 [INFO]     Época 40/50 | Loss=0.013757
08:28:59 [INFO]     Época 50/50 | Loss=0.013387
08:28:59 [INFO]   [54/960] CNN_w3_c16_k3_actrelu_d0.1_dense32_e50_lr0.001_b16  RMSE_test=0.0168  MAE_test=0.0127
08:29:06 [INFO]     Época 10/50 | Loss=0.017379
08:29:13 [INFO]     Época 20/50 | Loss=0.015341
08:29:20 [INFO]     Época 30/50 | Loss=0.013907
08:29:26 [INFO]     Época 40/50 | Loss=0.013124
08:29:33 [INFO]     Época 50/50 | Loss=0.013494
08:29:33 [INFO]   [55/960] CNN_w3_c16_k3_actrelu_d0.1_dense32_e50_lr0.0005_b8  RMSE_test=0.0149  MAE_test=0.0110
08:29:37 [INFO]     Época 10/50 | Loss=0.019430
08:29:40 [INFO]     Época 20/50 | Loss=0.015311
08:29:43 [INFO]     Época 30/50 | Loss=0.014402
08:29:47 [INFO]     Época 40/50 | Loss=0.013878
08:29:50 [INFO]     Época 50/50 | Loss=0.013286
08:29:50 [INFO]   [56/960] CNN_w3_c16_k3_actrelu_d0.1_dense32_e50_lr0.0005_b16  RMSE_test=0.0181  MAE_test=0.0136
08:29:57 [INFO]     Época 10/50 | Loss=0.022946
08:30:04 [INFO]     Época 20/50 | Loss=0.018900
08:30:10 [INFO]     Época 30/50 | Loss=0.016487
08:30:17 [INFO]     Época 40/50 | Loss=0.015598
08:30:23 [INFO]     Época 50/50 | Loss=0.015300
08:30:23 [INFO]   [57/960] CNN_w3_c16_k3_actleaky_relu_d0.1_dense16_e50_lr0.001_b8  RMSE_test=0.0149  MAE_test=0.0108
08:30:27 [INFO]     Época 10/50 | Loss=0.024112
08:30:31 [INFO]     Época 20/50 | Loss=0.021015
08:30:34 [INFO]     Época 30/50 | Loss=0.018500
08:30:38 [INFO]     Época 40/50 | Loss=0.017871
08:30:41 [INFO]     Época 50/50 | Loss=0.015375
08:30:41 [INFO]   [58/960] CNN_w3_c16_k3_actleaky_relu_d0.1_dense16_e50_lr0.001_b16  RMSE_test=0.0150  MAE_test=0.0115
08:30:48 [INFO]     Época 10/50 | Loss=0.023746
08:30:54 [INFO]     Época 20/50 | Loss=0.020630
08:31:01 [INFO]     Época 30/50 | Loss=0.019054
08:31:08 [INFO]     Época 40/50 | Loss=0.017077
08:31:14 [INFO]     Época 50/50 | Loss=0.016071
08:31:14 [INFO]   [59/960] CNN_w3_c16_k3_actleaky_relu_d0.1_dense16_e50_lr0.0005_b8  RMSE_test=0.0127  MAE_test=0.0091
08:31:18 [INFO]     Época 10/50 | Loss=0.025370
08:31:21 [INFO]     Época 20/50 | Loss=0.022111
08:31:24 [INFO]     Época 30/50 | Loss=0.020241
08:31:28 [INFO]     Época 40/50 | Loss=0.020300
08:31:32 [INFO]     Época 50/50 | Loss=0.017775
08:31:32 [INFO]   [60/960] CNN_w3_c16_k3_actleaky_relu_d0.1_dense16_e50_lr0.0005_b16  RMSE_test=0.0141  MAE_test=0.0107
08:31:38 [INFO]     Época 10/50 | Loss=0.016283
08:31:45 [INFO]     Época 20/50 | Loss=0.013860
08:31:52 [INFO]     Época 30/50 | Loss=0.012799
08:31:59 [INFO]     Época 40/50 | Loss=0.011130
08:32:06 [INFO]     Época 50/50 | Loss=0.011565
08:32:06 [INFO]   [61/960] CNN_w3_c16_k3_actleaky_relu_d0.1_dense32_e50_lr0.001_b8  RMSE_test=0.0142  MAE_test=0.0105
08:32:09 [INFO]     Época 10/50 | Loss=0.017861
08:32:13 [INFO]     Época 20/50 | Loss=0.013914
08:32:16 [INFO]     Época 30/50 | Loss=0.012700
08:32:20 [INFO]     Época 40/50 | Loss=0.011796
08:32:23 [INFO]     Época 50/50 | Loss=0.011166
08:32:23 [INFO]   [62/960] CNN_w3_c16_k3_actleaky_relu_d0.1_dense32_e50_lr0.001_b16  RMSE_test=0.0150  MAE_test=0.0113
08:32:30 [INFO]     Época 10/50 | Loss=0.016832
08:32:37 [INFO]     Época 20/50 | Loss=0.014277
08:32:44 [INFO]     Época 30/50 | Loss=0.012655
08:32:51 [INFO]     Época 40/50 | Loss=0.011226
08:32:58 [INFO]     Época 50/50 | Loss=0.011281
08:32:58 [INFO]   [63/960] CNN_w3_c16_k3_actleaky_relu_d0.1_dense32_e50_lr0.0005_b8  RMSE_test=0.0142  MAE_test=0.0104
08:33:01 [INFO]     Época 10/50 | Loss=0.019041
08:33:05 [INFO]     Época 20/50 | Loss=0.014984
08:33:08 [INFO]     Época 30/50 | Loss=0.013385
08:33:12 [INFO]     Época 40/50 | Loss=0.012658
08:33:16 [INFO]     Época 50/50 | Loss=0.011724
08:33:16 [INFO]   [64/960] CNN_w3_c16_k3_actleaky_relu_d0.1_dense32_e50_lr0.0005_b16  RMSE_test=0.0167  MAE_test=0.0125
08:33:22 [INFO]     Época 10/50 | Loss=0.003329
08:33:29 [INFO]     Época 20/50 | Loss=0.002814
08:33:35 [INFO]     Época 30/50 | Loss=0.002540
08:33:42 [INFO]     Época 40/50 | Loss=0.002489
08:33:48 [INFO]     Época 50/50 | Loss=0.002405
08:33:48 [INFO]   [65/960] CNN_w3_c32_k2_actrelu_d0.0_dense16_e50_lr0.001_b8  RMSE_test=0.0126  MAE_test=0.0094
08:33:51 [INFO]     Época 10/50 | Loss=0.003098
08:33:54 [INFO]     Época 20/50 | Loss=0.002603
08:33:58 [INFO]     Época 30/50 | Loss=0.002579
08:34:01 [INFO]     Época 40/50 | Loss=0.002463
08:34:04 [INFO]     Época 50/50 | Loss=0.002576
08:34:04 [INFO]   [66/960] CNN_w3_c32_k2_actrelu_d0.0_dense16_e50_lr0.001_b16  RMSE_test=0.0129  MAE_test=0.0095
08:34:11 [INFO]     Época 10/50 | Loss=0.003025
08:34:17 [INFO]     Época 20/50 | Loss=0.002698
08:34:24 [INFO]     Época 30/50 | Loss=0.002493
08:34:30 [INFO]     Época 40/50 | Loss=0.002456
08:34:37 [INFO]     Época 50/50 | Loss=0.002384
08:34:37 [INFO]   [67/960] CNN_w3_c32_k2_actrelu_d0.0_dense16_e50_lr0.0005_b8  RMSE_test=0.0128  MAE_test=0.0096
08:34:40 [INFO]     Época 10/50 | Loss=0.003156
08:34:44 [INFO]     Época 20/50 | Loss=0.002610
08:34:47 [INFO]     Época 30/50 | Loss=0.002500
08:34:51 [INFO]     Época 40/50 | Loss=0.002402
08:34:54 [INFO]     Época 50/50 | Loss=0.002437
08:34:54 [INFO]   [68/960] CNN_w3_c32_k2_actrelu_d0.0_dense16_e50_lr0.0005_b16  RMSE_test=0.0133  MAE_test=0.0099
08:35:01 [INFO]     Época 10/50 | Loss=0.003377
08:35:07 [INFO]     Época 20/50 | Loss=0.002759
08:35:14 [INFO]     Época 30/50 | Loss=0.002524
08:35:21 [INFO]     Época 40/50 | Loss=0.002439
08:35:27 [INFO]     Época 50/50 | Loss=0.002345
08:35:27 [INFO]   [69/960] CNN_w3_c32_k2_actrelu_d0.0_dense32_e50_lr0.001_b8  RMSE_test=0.0124  MAE_test=0.0092
08:35:31 [INFO]     Época 10/50 | Loss=0.003072
08:35:34 [INFO]     Época 20/50 | Loss=0.002540
08:35:37 [INFO]     Época 30/50 | Loss=0.002513
08:35:41 [INFO]     Época 40/50 | Loss=0.002447
08:35:44 [INFO]     Época 50/50 | Loss=0.002581
08:35:44 [INFO]   [70/960] CNN_w3_c32_k2_actrelu_d0.0_dense32_e50_lr0.001_b16  RMSE_test=0.0126  MAE_test=0.0093
08:35:51 [INFO]     Época 10/50 | Loss=0.003098
08:35:58 [INFO]     Época 20/50 | Loss=0.002738
08:36:04 [INFO]     Época 30/50 | Loss=0.002408
08:36:11 [INFO]     Época 40/50 | Loss=0.002393
08:36:18 [INFO]     Época 50/50 | Loss=0.002278
08:36:18 [INFO]   [71/960] CNN_w3_c32_k2_actrelu_d0.0_dense32_e50_lr0.0005_b8  RMSE_test=0.0129  MAE_test=0.0096
08:36:21 [INFO]     Época 10/50 | Loss=0.003097
08:36:24 [INFO]     Época 20/50 | Loss=0.002616
08:36:28 [INFO]     Época 30/50 | Loss=0.002454
08:36:31 [INFO]     Época 40/50 | Loss=0.002334
08:36:35 [INFO]     Época 50/50 | Loss=0.002413
08:36:35 [INFO]   [72/960] CNN_w3_c32_k2_actrelu_d0.0_dense32_e50_lr0.0005_b16  RMSE_test=0.0130  MAE_test=0.0095
08:36:41 [INFO]     Época 10/50 | Loss=0.003252
08:36:48 [INFO]     Época 20/50 | Loss=0.002805
08:36:54 [INFO]     Época 30/50 | Loss=0.002511
08:37:01 [INFO]     Época 40/50 | Loss=0.002435
08:37:08 [INFO]     Época 50/50 | Loss=0.002325
08:37:08 [INFO]   [73/960] CNN_w3_c32_k2_actleaky_relu_d0.0_dense16_e50_lr0.001_b8  RMSE_test=0.0125  MAE_test=0.0094
08:37:11 [INFO]     Época 10/50 | Loss=0.003134
08:37:15 [INFO]     Época 20/50 | Loss=0.002561
08:37:18 [INFO]     Época 30/50 | Loss=0.002579
08:37:21 [INFO]     Época 40/50 | Loss=0.002451
08:37:25 [INFO]     Época 50/50 | Loss=0.002533
08:37:25 [INFO]   [74/960] CNN_w3_c32_k2_actleaky_relu_d0.0_dense16_e50_lr0.001_b16  RMSE_test=0.0127  MAE_test=0.0093
08:37:31 [INFO]     Época 10/50 | Loss=0.003026
08:37:38 [INFO]     Época 20/50 | Loss=0.002666
08:37:44 [INFO]     Época 30/50 | Loss=0.002404
08:37:51 [INFO]     Época 40/50 | Loss=0.002378
08:37:57 [INFO]     Época 50/50 | Loss=0.002314
08:37:57 [INFO]   [75/960] CNN_w3_c32_k2_actleaky_relu_d0.0_dense16_e50_lr0.0005_b8  RMSE_test=0.0130  MAE_test=0.0098
08:38:00 [INFO]     Época 10/50 | Loss=0.003161
08:38:03 [INFO]     Época 20/50 | Loss=0.002585
08:38:07 [INFO]     Época 30/50 | Loss=0.002439
08:38:10 [INFO]     Época 40/50 | Loss=0.002343
08:38:13 [INFO]     Época 50/50 | Loss=0.002339
08:38:13 [INFO]   [76/960] CNN_w3_c32_k2_actleaky_relu_d0.0_dense16_e50_lr0.0005_b16  RMSE_test=0.0130  MAE_test=0.0096
08:38:20 [INFO]     Época 10/50 | Loss=0.003290
08:38:26 [INFO]     Época 20/50 | Loss=0.002765
08:38:33 [INFO]     Época 30/50 | Loss=0.002520
08:38:39 [INFO]     Época 40/50 | Loss=0.002426
08:38:45 [INFO]     Época 50/50 | Loss=0.002313
08:38:45 [INFO]   [77/960] CNN_w3_c32_k2_actleaky_relu_d0.0_dense32_e50_lr0.001_b8  RMSE_test=0.0125  MAE_test=0.0094
08:38:49 [INFO]     Época 10/50 | Loss=0.003104
08:38:52 [INFO]     Época 20/50 | Loss=0.002557
08:38:56 [INFO]     Época 30/50 | Loss=0.002524
08:38:59 [INFO]     Época 40/50 | Loss=0.002394
08:39:02 [INFO]     Época 50/50 | Loss=0.002522
08:39:02 [INFO]   [78/960] CNN_w3_c32_k2_actleaky_relu_d0.0_dense32_e50_lr0.001_b16  RMSE_test=0.0128  MAE_test=0.0093
08:39:09 [INFO]     Época 10/50 | Loss=0.003074
08:39:16 [INFO]     Época 20/50 | Loss=0.002737
08:39:22 [INFO]     Época 30/50 | Loss=0.002427
08:39:29 [INFO]     Época 40/50 | Loss=0.002388
08:39:36 [INFO]     Época 50/50 | Loss=0.002284
08:39:36 [INFO]   [79/960] CNN_w3_c32_k2_actleaky_relu_d0.0_dense32_e50_lr0.0005_b8  RMSE_test=0.0129  MAE_test=0.0098
08:39:39 [INFO]     Época 10/50 | Loss=0.003123
08:39:42 [INFO]     Época 20/50 | Loss=0.002597
08:39:46 [INFO]     Época 30/50 | Loss=0.002443
08:39:49 [INFO]     Época 40/50 | Loss=0.002327
08:39:53 [INFO]     Época 50/50 | Loss=0.002369
08:39:53 [INFO]   [80/960] CNN_w3_c32_k2_actleaky_relu_d0.0_dense32_e50_lr0.0005_b16  RMSE_test=0.0127  MAE_test=0.0093
08:39:59 [INFO]     Época 10/50 | Loss=0.023412
08:40:06 [INFO]     Época 20/50 | Loss=0.021621
08:40:13 [INFO]     Época 30/50 | Loss=0.020939
08:40:20 [INFO]     Época 40/50 | Loss=0.020637
08:40:27 [INFO]     Época 50/50 | Loss=0.020745
08:40:27 [INFO]   [81/960] CNN_w3_c32_k2_actrelu_d0.1_dense16_e50_lr0.001_b8  RMSE_test=0.0143  MAE_test=0.0106
08:40:30 [INFO]     Época 10/50 | Loss=0.022708
08:40:33 [INFO]     Época 20/50 | Loss=0.021051
08:40:37 [INFO]     Época 30/50 | Loss=0.020427
08:40:40 [INFO]     Época 40/50 | Loss=0.021265
08:40:44 [INFO]     Época 50/50 | Loss=0.019748
08:40:44 [INFO]   [82/960] CNN_w3_c32_k2_actrelu_d0.1_dense16_e50_lr0.001_b16  RMSE_test=0.0151  MAE_test=0.0113
08:40:51 [INFO]     Época 10/50 | Loss=0.023475
08:40:57 [INFO]     Época 20/50 | Loss=0.021516
08:41:04 [INFO]     Época 30/50 | Loss=0.020664
08:41:11 [INFO]     Época 40/50 | Loss=0.020270
08:41:18 [INFO]     Época 50/50 | Loss=0.020085
08:41:18 [INFO]   [83/960] CNN_w3_c32_k2_actrelu_d0.1_dense16_e50_lr0.0005_b8  RMSE_test=0.0134  MAE_test=0.0099
08:41:22 [INFO]     Época 10/50 | Loss=0.023349
08:41:25 [INFO]     Época 20/50 | Loss=0.021176
08:41:29 [INFO]     Época 30/50 | Loss=0.020541
08:41:33 [INFO]     Época 40/50 | Loss=0.021601
08:41:36 [INFO]     Época 50/50 | Loss=0.019800
08:41:36 [INFO]   [84/960] CNN_w3_c32_k2_actrelu_d0.1_dense16_e50_lr0.0005_b16  RMSE_test=0.0143  MAE_test=0.0108
08:41:43 [INFO]     Época 10/50 | Loss=0.016581
08:41:50 [INFO]     Época 20/50 | Loss=0.015333
08:41:57 [INFO]     Época 30/50 | Loss=0.014615
08:42:04 [INFO]     Época 40/50 | Loss=0.014294
08:42:10 [INFO]     Época 50/50 | Loss=0.014196
08:42:10 [INFO]   [85/960] CNN_w3_c32_k2_actrelu_d0.1_dense32_e50_lr0.001_b8  RMSE_test=0.0162  MAE_test=0.0123
08:42:14 [INFO]     Época 10/50 | Loss=0.017091
08:42:17 [INFO]     Época 20/50 | Loss=0.014996
08:42:21 [INFO]     Época 30/50 | Loss=0.013754
08:42:25 [INFO]     Época 40/50 | Loss=0.013634
08:42:28 [INFO]     Época 50/50 | Loss=0.013341
08:42:28 [INFO]   [86/960] CNN_w3_c32_k2_actrelu_d0.1_dense32_e50_lr0.001_b16  RMSE_test=0.0156  MAE_test=0.0118
08:42:35 [INFO]     Época 10/50 | Loss=0.017216
08:42:42 [INFO]     Época 20/50 | Loss=0.015306
08:42:49 [INFO]     Época 30/50 | Loss=0.014062
08:42:56 [INFO]     Época 40/50 | Loss=0.013189
08:43:03 [INFO]     Época 50/50 | Loss=0.013415
08:43:03 [INFO]   [87/960] CNN_w3_c32_k2_actrelu_d0.1_dense32_e50_lr0.0005_b8  RMSE_test=0.0150  MAE_test=0.0114
08:43:07 [INFO]     Época 10/50 | Loss=0.017551
08:43:11 [INFO]     Época 20/50 | Loss=0.015151
08:43:14 [INFO]     Época 30/50 | Loss=0.013668
08:43:18 [INFO]     Época 40/50 | Loss=0.013482
08:43:21 [INFO]     Época 50/50 | Loss=0.013020
08:43:21 [INFO]   [88/960] CNN_w3_c32_k2_actrelu_d0.1_dense32_e50_lr0.0005_b16  RMSE_test=0.0158  MAE_test=0.0121
08:43:28 [INFO]     Época 10/50 | Loss=0.022778
08:43:34 [INFO]     Época 20/50 | Loss=0.019460
08:43:41 [INFO]     Época 30/50 | Loss=0.016587
08:43:48 [INFO]     Época 40/50 | Loss=0.014909
08:43:55 [INFO]     Época 50/50 | Loss=0.013930
08:43:55 [INFO]   [89/960] CNN_w3_c32_k2_actleaky_relu_d0.1_dense16_e50_lr0.001_b8  RMSE_test=0.0137  MAE_test=0.0102
08:43:58 [INFO]     Época 10/50 | Loss=0.022228
08:44:02 [INFO]     Época 20/50 | Loss=0.020180
08:44:05 [INFO]     Época 30/50 | Loss=0.018393
08:44:09 [INFO]     Época 40/50 | Loss=0.017609
08:44:12 [INFO]     Época 50/50 | Loss=0.015069
08:44:12 [INFO]   [90/960] CNN_w3_c32_k2_actleaky_relu_d0.1_dense16_e50_lr0.001_b16  RMSE_test=0.0141  MAE_test=0.0107
08:44:19 [INFO]     Época 10/50 | Loss=0.023039
08:44:26 [INFO]     Época 20/50 | Loss=0.020581
08:44:32 [INFO]     Época 30/50 | Loss=0.018968
08:44:39 [INFO]     Época 40/50 | Loss=0.017249
08:44:46 [INFO]     Época 50/50 | Loss=0.015459
08:44:46 [INFO]   [91/960] CNN_w3_c32_k2_actleaky_relu_d0.1_dense16_e50_lr0.0005_b8  RMSE_test=0.0141  MAE_test=0.0104
08:44:49 [INFO]     Época 10/50 | Loss=0.022959
08:44:53 [INFO]     Época 20/50 | Loss=0.020662
08:44:57 [INFO]     Época 30/50 | Loss=0.019592
08:45:00 [INFO]     Época 40/50 | Loss=0.020003
08:45:04 [INFO]     Época 50/50 | Loss=0.017647
08:45:04 [INFO]   [92/960] CNN_w3_c32_k2_actleaky_relu_d0.1_dense16_e50_lr0.0005_b16  RMSE_test=0.0154  MAE_test=0.0117
08:45:11 [INFO]     Época 10/50 | Loss=0.015130
08:45:17 [INFO]     Época 20/50 | Loss=0.013135
08:45:24 [INFO]     Época 30/50 | Loss=0.011549
08:45:31 [INFO]     Época 40/50 | Loss=0.010907
08:45:38 [INFO]     Época 50/50 | Loss=0.010265
08:45:38 [INFO]   [93/960] CNN_w3_c32_k2_actleaky_relu_d0.1_dense32_e50_lr0.001_b8  RMSE_test=0.0157  MAE_test=0.0117
08:45:41 [INFO]     Época 10/50 | Loss=0.015653
08:45:45 [INFO]     Época 20/50 | Loss=0.013492
08:45:48 [INFO]     Época 30/50 | Loss=0.012107
08:45:52 [INFO]     Época 40/50 | Loss=0.011162
08:45:55 [INFO]     Época 50/50 | Loss=0.010739
08:45:55 [INFO]   [94/960] CNN_w3_c32_k2_actleaky_relu_d0.1_dense32_e50_lr0.001_b16  RMSE_test=0.0162  MAE_test=0.0122
08:46:02 [INFO]     Época 10/50 | Loss=0.015876
08:46:09 [INFO]     Época 20/50 | Loss=0.013656
08:46:16 [INFO]     Época 30/50 | Loss=0.012264
08:46:23 [INFO]     Época 40/50 | Loss=0.011288
08:46:30 [INFO]     Época 50/50 | Loss=0.010604
08:46:30 [INFO]   [95/960] CNN_w3_c32_k2_actleaky_relu_d0.1_dense32_e50_lr0.0005_b8  RMSE_test=0.0146  MAE_test=0.0110
08:46:33 [INFO]     Época 10/50 | Loss=0.016506
08:46:37 [INFO]     Época 20/50 | Loss=0.014265
08:46:40 [INFO]     Época 30/50 | Loss=0.012640
08:46:44 [INFO]     Época 40/50 | Loss=0.012037
08:46:47 [INFO]     Época 50/50 | Loss=0.011288
08:46:47 [INFO]   [96/960] CNN_w3_c32_k2_actleaky_relu_d0.1_dense32_e50_lr0.0005_b16  RMSE_test=0.0158  MAE_test=0.0119
08:46:54 [INFO]     Época 10/50 | Loss=0.003216
08:47:00 [INFO]     Época 20/50 | Loss=0.002804
08:47:06 [INFO]     Época 30/50 | Loss=0.002571
08:47:13 [INFO]     Época 40/50 | Loss=0.002491
08:47:19 [INFO]     Época 50/50 | Loss=0.002389
08:47:19 [INFO]   [97/960] CNN_w3_c32_k3_actrelu_d0.0_dense16_e50_lr0.001_b8  RMSE_test=0.0130  MAE_test=0.0097
08:47:23 [INFO]     Época 10/50 | Loss=0.003074
08:47:26 [INFO]     Época 20/50 | Loss=0.002646
08:47:29 [INFO]     Época 30/50 | Loss=0.002541
08:47:33 [INFO]     Época 40/50 | Loss=0.002439
08:47:36 [INFO]     Época 50/50 | Loss=0.002577
08:47:36 [INFO]   [98/960] CNN_w3_c32_k3_actrelu_d0.0_dense16_e50_lr0.001_b16  RMSE_test=0.0128  MAE_test=0.0092
08:47:43 [INFO]     Época 10/50 | Loss=0.003111
08:47:49 [INFO]     Época 20/50 | Loss=0.002731
08:47:56 [INFO]     Época 30/50 | Loss=0.002457
08:48:02 [INFO]     Época 40/50 | Loss=0.002422
08:48:09 [INFO]     Época 50/50 | Loss=0.002343
08:48:09 [INFO]   [99/960] CNN_w3_c32_k3_actrelu_d0.0_dense16_e50_lr0.0005_b8  RMSE_test=0.0124  MAE_test=0.0091
08:48:12 [INFO]     Época 10/50 | Loss=0.003272
08:48:15 [INFO]     Época 20/50 | Loss=0.002640
08:48:19 [INFO]     Época 30/50 | Loss=0.002449
08:48:22 [INFO]     Época 40/50 | Loss=0.002357
08:48:25 [INFO]     Época 50/50 | Loss=0.002392
08:48:25 [INFO]   [100/960] CNN_w3_c32_k3_actrelu_d0.0_dense16_e50_lr0.0005_b16  RMSE_test=0.0132  MAE_test=0.0096
08:48:31 [INFO]     Época 10/50 | Loss=0.003488
08:48:37 [INFO]     Época 20/50 | Loss=0.002866
08:48:44 [INFO]     Época 30/50 | Loss=0.002556
08:48:50 [INFO]     Época 40/50 | Loss=0.002448
08:48:56 [INFO]     Época 50/50 | Loss=0.002375
08:48:56 [INFO]   [101/960] CNN_w3_c32_k3_actrelu_d0.0_dense32_e50_lr0.001_b8  RMSE_test=0.0127  MAE_test=0.0093
08:48:59 [INFO]     Época 10/50 | Loss=0.003056
08:49:02 [INFO]     Época 20/50 | Loss=0.002608
08:49:06 [INFO]     Época 30/50 | Loss=0.002569
08:49:09 [INFO]     Época 40/50 | Loss=0.002476
08:49:12 [INFO]     Época 50/50 | Loss=0.002564
08:49:12 [INFO]   [102/960] CNN_w3_c32_k3_actrelu_d0.0_dense32_e50_lr0.001_b16  RMSE_test=0.0128  MAE_test=0.0092
08:49:18 [INFO]     Época 10/50 | Loss=0.003112
08:49:24 [INFO]     Época 20/50 | Loss=0.002776
08:49:31 [INFO]     Época 30/50 | Loss=0.002445
08:49:37 [INFO]     Época 40/50 | Loss=0.002419
08:49:43 [INFO]     Época 50/50 | Loss=0.002342
08:49:43 [INFO]   [103/960] CNN_w3_c32_k3_actrelu_d0.0_dense32_e50_lr0.0005_b8  RMSE_test=0.0135  MAE_test=0.0101
08:49:46 [INFO]     Época 10/50 | Loss=0.003145
08:49:50 [INFO]     Época 20/50 | Loss=0.002600
08:49:53 [INFO]     Época 30/50 | Loss=0.002481
08:49:56 [INFO]     Época 40/50 | Loss=0.002338
08:49:59 [INFO]     Época 50/50 | Loss=0.002394
08:49:59 [INFO]   [104/960] CNN_w3_c32_k3_actrelu_d0.0_dense32_e50_lr0.0005_b16  RMSE_test=0.0133  MAE_test=0.0097
08:50:05 [INFO]     Época 10/50 | Loss=0.003234
08:50:12 [INFO]     Época 20/50 | Loss=0.002778
08:50:18 [INFO]     Época 30/50 | Loss=0.002541
08:50:24 [INFO]     Época 40/50 | Loss=0.002492
08:50:30 [INFO]     Época 50/50 | Loss=0.002386
08:50:30 [INFO]   [105/960] CNN_w3_c32_k3_actleaky_relu_d0.0_dense16_e50_lr0.001_b8  RMSE_test=0.0123  MAE_test=0.0093
08:50:33 [INFO]     Época 10/50 | Loss=0.003115
08:50:37 [INFO]     Época 20/50 | Loss=0.002651
08:50:40 [INFO]     Época 30/50 | Loss=0.002504
08:50:43 [INFO]     Época 40/50 | Loss=0.002389
08:50:46 [INFO]     Época 50/50 | Loss=0.002510
08:50:46 [INFO]   [106/960] CNN_w3_c32_k3_actleaky_relu_d0.0_dense16_e50_lr0.001_b16  RMSE_test=0.0132  MAE_test=0.0097
08:50:52 [INFO]     Época 10/50 | Loss=0.003130
08:50:59 [INFO]     Época 20/50 | Loss=0.002717
08:51:05 [INFO]     Época 30/50 | Loss=0.002432
08:51:11 [INFO]     Época 40/50 | Loss=0.002410
08:51:17 [INFO]     Época 50/50 | Loss=0.002335
08:51:17 [INFO]   [107/960] CNN_w3_c32_k3_actleaky_relu_d0.0_dense16_e50_lr0.0005_b8  RMSE_test=0.0128  MAE_test=0.0094
08:51:20 [INFO]     Época 10/50 | Loss=0.003259
08:51:24 [INFO]     Época 20/50 | Loss=0.002683
08:51:27 [INFO]     Época 30/50 | Loss=0.002504
08:51:30 [INFO]     Época 40/50 | Loss=0.002347
08:51:33 [INFO]     Época 50/50 | Loss=0.002350
08:51:33 [INFO]   [108/960] CNN_w3_c32_k3_actleaky_relu_d0.0_dense16_e50_lr0.0005_b16  RMSE_test=0.0131  MAE_test=0.0097
08:51:40 [INFO]     Época 10/50 | Loss=0.003472
08:51:46 [INFO]     Época 20/50 | Loss=0.002876
08:51:52 [INFO]     Época 30/50 | Loss=0.002559
08:51:59 [INFO]     Época 40/50 | Loss=0.002494
08:52:05 [INFO]     Época 50/50 | Loss=0.002393
08:52:05 [INFO]   [109/960] CNN_w3_c32_k3_actleaky_relu_d0.0_dense32_e50_lr0.001_b8  RMSE_test=0.0129  MAE_test=0.0094
08:52:08 [INFO]     Época 10/50 | Loss=0.003067
08:52:12 [INFO]     Época 20/50 | Loss=0.002611
08:52:15 [INFO]     Época 30/50 | Loss=0.002550
08:52:19 [INFO]     Época 40/50 | Loss=0.002384
08:52:22 [INFO]     Época 50/50 | Loss=0.002545
08:52:22 [INFO]   [110/960] CNN_w3_c32_k3_actleaky_relu_d0.0_dense32_e50_lr0.001_b16  RMSE_test=0.0130  MAE_test=0.0095
08:52:28 [INFO]     Época 10/50 | Loss=0.003176
08:52:35 [INFO]     Época 20/50 | Loss=0.002769
08:52:41 [INFO]     Época 30/50 | Loss=0.002420
08:52:47 [INFO]     Época 40/50 | Loss=0.002382
08:52:53 [INFO]     Época 50/50 | Loss=0.002322
08:52:53 [INFO]   [111/960] CNN_w3_c32_k3_actleaky_relu_d0.0_dense32_e50_lr0.0005_b8  RMSE_test=0.0132  MAE_test=0.0098
08:52:56 [INFO]     Época 10/50 | Loss=0.003143
08:53:00 [INFO]     Época 20/50 | Loss=0.002579
08:53:03 [INFO]     Época 30/50 | Loss=0.002490
08:53:06 [INFO]     Época 40/50 | Loss=0.002308
08:53:09 [INFO]     Época 50/50 | Loss=0.002387
08:53:09 [INFO]   [112/960] CNN_w3_c32_k3_actleaky_relu_d0.0_dense32_e50_lr0.0005_b16  RMSE_test=0.0134  MAE_test=0.0099
08:53:16 [INFO]     Época 10/50 | Loss=0.025843
08:53:23 [INFO]     Época 20/50 | Loss=0.024099
08:53:30 [INFO]     Época 30/50 | Loss=0.023186
08:53:36 [INFO]     Época 40/50 | Loss=0.022751
08:53:43 [INFO]     Época 50/50 | Loss=0.022401
08:53:43 [INFO]   [113/960] CNN_w3_c32_k3_actrelu_d0.1_dense16_e50_lr0.001_b8  RMSE_test=0.0151  MAE_test=0.0112
08:53:46 [INFO]     Época 10/50 | Loss=0.025280
08:53:50 [INFO]     Época 20/50 | Loss=0.022407
08:53:53 [INFO]     Época 30/50 | Loss=0.022814
08:53:57 [INFO]     Época 40/50 | Loss=0.022623
08:54:00 [INFO]     Época 50/50 | Loss=0.021758
08:54:00 [INFO]   [114/960] CNN_w3_c32_k3_actrelu_d0.1_dense16_e50_lr0.001_b16  RMSE_test=0.0150  MAE_test=0.0112
08:54:07 [INFO]     Época 10/50 | Loss=0.025343
08:54:14 [INFO]     Época 20/50 | Loss=0.023570
08:54:20 [INFO]     Época 30/50 | Loss=0.022588
08:54:27 [INFO]     Época 40/50 | Loss=0.021908
08:54:34 [INFO]     Época 50/50 | Loss=0.021841
08:54:34 [INFO]   [115/960] CNN_w3_c32_k3_actrelu_d0.1_dense16_e50_lr0.0005_b8  RMSE_test=0.0129  MAE_test=0.0094
08:54:37 [INFO]     Época 10/50 | Loss=0.025812
08:54:41 [INFO]     Época 20/50 | Loss=0.022779
08:54:44 [INFO]     Época 30/50 | Loss=0.022871
08:54:47 [INFO]     Época 40/50 | Loss=0.022578
08:54:51 [INFO]     Época 50/50 | Loss=0.021132
08:54:51 [INFO]   [116/960] CNN_w3_c32_k3_actrelu_d0.1_dense16_e50_lr0.0005_b16  RMSE_test=0.0155  MAE_test=0.0118
08:54:57 [INFO]     Época 10/50 | Loss=0.017429
08:55:04 [INFO]     Época 20/50 | Loss=0.015027
08:55:11 [INFO]     Época 30/50 | Loss=0.015535
08:55:17 [INFO]     Época 40/50 | Loss=0.014802
08:55:24 [INFO]     Época 50/50 | Loss=0.014453
08:55:24 [INFO]   [117/960] CNN_w3_c32_k3_actrelu_d0.1_dense32_e50_lr0.001_b8  RMSE_test=0.0127  MAE_test=0.0092
08:55:27 [INFO]     Época 10/50 | Loss=0.015908
08:55:31 [INFO]     Época 20/50 | Loss=0.014328
08:55:34 [INFO]     Época 30/50 | Loss=0.013135
08:55:38 [INFO]     Época 40/50 | Loss=0.012979
08:55:41 [INFO]     Época 50/50 | Loss=0.013178
08:55:41 [INFO]   [118/960] CNN_w3_c32_k3_actrelu_d0.1_dense32_e50_lr0.001_b16  RMSE_test=0.0161  MAE_test=0.0120
08:55:48 [INFO]     Época 10/50 | Loss=0.016816
08:55:54 [INFO]     Época 20/50 | Loss=0.014119
08:56:01 [INFO]     Época 30/50 | Loss=0.013929
08:56:08 [INFO]     Época 40/50 | Loss=0.012991
08:56:14 [INFO]     Época 50/50 | Loss=0.013030
08:56:14 [INFO]   [119/960] CNN_w3_c32_k3_actrelu_d0.1_dense32_e50_lr0.0005_b8  RMSE_test=0.0135  MAE_test=0.0100
08:56:18 [INFO]     Época 10/50 | Loss=0.016740
08:56:21 [INFO]     Época 20/50 | Loss=0.014154
08:56:24 [INFO]     Época 30/50 | Loss=0.013175
08:56:28 [INFO]     Época 40/50 | Loss=0.012635
08:56:31 [INFO]     Época 50/50 | Loss=0.012802
08:56:31 [INFO]   [120/960] CNN_w3_c32_k3_actrelu_d0.1_dense32_e50_lr0.0005_b16  RMSE_test=0.0138  MAE_test=0.0104
08:56:38 [INFO]     Época 10/50 | Loss=0.023591
08:56:44 [INFO]     Época 20/50 | Loss=0.019720
08:56:51 [INFO]     Época 30/50 | Loss=0.016644
08:56:58 [INFO]     Época 40/50 | Loss=0.014873
08:57:04 [INFO]     Época 50/50 | Loss=0.014042
08:57:04 [INFO]   [121/960] CNN_w3_c32_k3_actleaky_relu_d0.1_dense16_e50_lr0.001_b8  RMSE_test=0.0130  MAE_test=0.0095
08:57:08 [INFO]     Época 10/50 | Loss=0.023328
08:57:11 [INFO]     Época 20/50 | Loss=0.020413
08:57:14 [INFO]     Época 30/50 | Loss=0.018762
08:57:18 [INFO]     Época 40/50 | Loss=0.017752
08:57:21 [INFO]     Época 50/50 | Loss=0.015342
08:57:21 [INFO]   [122/960] CNN_w3_c32_k3_actleaky_relu_d0.1_dense16_e50_lr0.001_b16  RMSE_test=0.0164  MAE_test=0.0126
08:57:28 [INFO]     Época 10/50 | Loss=0.023442
08:57:34 [INFO]     Época 20/50 | Loss=0.020843
08:57:41 [INFO]     Época 30/50 | Loss=0.018998
08:57:48 [INFO]     Época 40/50 | Loss=0.016857
08:57:54 [INFO]     Época 50/50 | Loss=0.015319
08:57:54 [INFO]   [123/960] CNN_w3_c32_k3_actleaky_relu_d0.1_dense16_e50_lr0.0005_b8  RMSE_test=0.0133  MAE_test=0.0098
08:57:58 [INFO]     Época 10/50 | Loss=0.023897
08:58:01 [INFO]     Época 20/50 | Loss=0.021059
08:58:05 [INFO]     Época 30/50 | Loss=0.020369
08:58:08 [INFO]     Época 40/50 | Loss=0.020048
08:58:11 [INFO]     Época 50/50 | Loss=0.017446
08:58:11 [INFO]   [124/960] CNN_w3_c32_k3_actleaky_relu_d0.1_dense16_e50_lr0.0005_b16  RMSE_test=0.0153  MAE_test=0.0116
08:58:18 [INFO]     Época 10/50 | Loss=0.015848
08:58:25 [INFO]     Época 20/50 | Loss=0.012559
08:58:31 [INFO]     Época 30/50 | Loss=0.011696
08:58:38 [INFO]     Época 40/50 | Loss=0.010536
08:58:45 [INFO]     Época 50/50 | Loss=0.010482
08:58:45 [INFO]   [125/960] CNN_w3_c32_k3_actleaky_relu_d0.1_dense32_e50_lr0.001_b8  RMSE_test=0.0136  MAE_test=0.0101
08:58:48 [INFO]     Época 10/50 | Loss=0.015481
08:58:51 [INFO]     Época 20/50 | Loss=0.013370
08:58:55 [INFO]     Época 30/50 | Loss=0.012033
08:58:58 [INFO]     Época 40/50 | Loss=0.010992
08:59:02 [INFO]     Época 50/50 | Loss=0.010744
08:59:02 [INFO]   [126/960] CNN_w3_c32_k3_actleaky_relu_d0.1_dense32_e50_lr0.001_b16  RMSE_test=0.0173  MAE_test=0.0133
08:59:08 [INFO]     Época 10/50 | Loss=0.015916
08:59:15 [INFO]     Época 20/50 | Loss=0.012712
08:59:21 [INFO]     Época 30/50 | Loss=0.011922
08:59:28 [INFO]     Época 40/50 | Loss=0.010643
08:59:35 [INFO]     Época 50/50 | Loss=0.010249
08:59:35 [INFO]   [127/960] CNN_w3_c32_k3_actleaky_relu_d0.1_dense32_e50_lr0.0005_b8  RMSE_test=0.0136  MAE_test=0.0101
08:59:38 [INFO]     Época 10/50 | Loss=0.016289
08:59:41 [INFO]     Época 20/50 | Loss=0.013548
08:59:45 [INFO]     Época 30/50 | Loss=0.012462
08:59:48 [INFO]     Época 40/50 | Loss=0.011456
08:59:52 [INFO]     Época 50/50 | Loss=0.011321
08:59:52 [INFO]   [128/960] CNN_w3_c32_k3_actleaky_relu_d0.1_dense32_e50_lr0.0005_b16  RMSE_test=0.0139  MAE_test=0.0104
09:00:00 [INFO]     Época 10/50 | Loss=0.003397
09:00:08 [INFO]     Época 20/50 | Loss=0.002927
09:00:15 [INFO]     Época 30/50 | Loss=0.002696
09:00:23 [INFO]     Época 40/50 | Loss=0.002577
09:00:31 [INFO]     Época 50/50 | Loss=0.002503
09:00:31 [INFO]   [129/960] CNN_w3_c16x32_k2_actrelu_d0.0_dense16_e50_lr0.001_b8  RMSE_test=0.0128  MAE_test=0.0094
09:00:35 [INFO]     Época 10/50 | Loss=0.003207
09:00:39 [INFO]     Época 20/50 | Loss=0.002765
09:00:43 [INFO]     Época 30/50 | Loss=0.002625
09:00:47 [INFO]     Época 40/50 | Loss=0.002496
09:00:51 [INFO]     Época 50/50 | Loss=0.002569
09:00:51 [INFO]   [130/960] CNN_w3_c16x32_k2_actrelu_d0.0_dense16_e50_lr0.001_b16  RMSE_test=0.0129  MAE_test=0.0094
09:00:59 [INFO]     Época 10/50 | Loss=0.003136
09:01:07 [INFO]     Época 20/50 | Loss=0.002867
09:01:15 [INFO]     Época 30/50 | Loss=0.002531
09:01:23 [INFO]     Época 40/50 | Loss=0.002522
09:01:31 [INFO]     Época 50/50 | Loss=0.002384
09:01:31 [INFO]   [131/960] CNN_w3_c16x32_k2_actrelu_d0.0_dense16_e50_lr0.0005_b8  RMSE_test=0.0138  MAE_test=0.0104
09:01:35 [INFO]     Época 10/50 | Loss=0.003326
09:01:39 [INFO]     Época 20/50 | Loss=0.002672
09:01:43 [INFO]     Época 30/50 | Loss=0.002498
09:01:47 [INFO]     Época 40/50 | Loss=0.002450
09:01:51 [INFO]     Época 50/50 | Loss=0.002480
09:01:51 [INFO]   [132/960] CNN_w3_c16x32_k2_actrelu_d0.0_dense16_e50_lr0.0005_b16  RMSE_test=0.0134  MAE_test=0.0098
09:01:59 [INFO]     Época 10/50 | Loss=0.003396
09:02:07 [INFO]     Época 20/50 | Loss=0.002890
09:02:15 [INFO]     Época 30/50 | Loss=0.002684
09:02:23 [INFO]     Época 40/50 | Loss=0.002497
09:02:31 [INFO]     Época 50/50 | Loss=0.002380
09:02:31 [INFO]   [133/960] CNN_w3_c16x32_k2_actrelu_d0.0_dense32_e50_lr0.001_b8  RMSE_test=0.0129  MAE_test=0.0094
09:02:35 [INFO]     Época 10/50 | Loss=0.003391
09:02:39 [INFO]     Época 20/50 | Loss=0.002839
09:02:43 [INFO]     Época 30/50 | Loss=0.002605
09:02:47 [INFO]     Época 40/50 | Loss=0.002538
09:02:51 [INFO]     Época 50/50 | Loss=0.002621
09:02:51 [INFO]   [134/960] CNN_w3_c16x32_k2_actrelu_d0.0_dense32_e50_lr0.001_b16  RMSE_test=0.0126  MAE_test=0.0092
09:02:59 [INFO]     Época 10/50 | Loss=0.003212
09:03:06 [INFO]     Época 20/50 | Loss=0.002873
09:03:14 [INFO]     Época 30/50 | Loss=0.002585
09:03:22 [INFO]     Época 40/50 | Loss=0.002495
09:03:30 [INFO]     Época 50/50 | Loss=0.002390
09:03:30 [INFO]   [135/960] CNN_w3_c16x32_k2_actrelu_d0.0_dense32_e50_lr0.0005_b8  RMSE_test=0.0130  MAE_test=0.0094
09:03:34 [INFO]     Época 10/50 | Loss=0.003190
09:03:38 [INFO]     Época 20/50 | Loss=0.002661
09:03:42 [INFO]     Época 30/50 | Loss=0.002476
09:03:46 [INFO]     Época 40/50 | Loss=0.002382
09:03:50 [INFO]     Época 50/50 | Loss=0.002444
09:03:50 [INFO]   [136/960] CNN_w3_c16x32_k2_actrelu_d0.0_dense32_e50_lr0.0005_b16  RMSE_test=0.0132  MAE_test=0.0096
09:03:58 [INFO]     Época 10/50 | Loss=0.003448
09:04:06 [INFO]     Época 20/50 | Loss=0.002946
09:04:14 [INFO]     Época 30/50 | Loss=0.002680
09:04:22 [INFO]     Época 40/50 | Loss=0.002564
09:04:29 [INFO]     Época 50/50 | Loss=0.002470
09:04:29 [INFO]   [137/960] CNN_w3_c16x32_k2_actleaky_relu_d0.0_dense16_e50_lr0.001_b8  RMSE_test=0.0131  MAE_test=0.0097
09:04:33 [INFO]     Época 10/50 | Loss=0.003145
09:04:37 [INFO]     Época 20/50 | Loss=0.002732
09:04:42 [INFO]     Época 30/50 | Loss=0.002565
09:04:46 [INFO]     Época 40/50 | Loss=0.002535
09:04:50 [INFO]     Época 50/50 | Loss=0.002567
09:04:50 [INFO]   [138/960] CNN_w3_c16x32_k2_actleaky_relu_d0.0_dense16_e50_lr0.001_b16  RMSE_test=0.0129  MAE_test=0.0095
09:04:57 [INFO]     Época 10/50 | Loss=0.003125
09:05:05 [INFO]     Época 20/50 | Loss=0.002834
09:05:13 [INFO]     Época 30/50 | Loss=0.002550
09:05:21 [INFO]     Época 40/50 | Loss=0.002507
09:05:29 [INFO]     Época 50/50 | Loss=0.002418
09:05:29 [INFO]   [139/960] CNN_w3_c16x32_k2_actleaky_relu_d0.0_dense16_e50_lr0.0005_b8  RMSE_test=0.0135  MAE_test=0.0102
09:05:33 [INFO]     Época 10/50 | Loss=0.003135
09:05:37 [INFO]     Época 20/50 | Loss=0.002668
09:05:41 [INFO]     Época 30/50 | Loss=0.002477
09:05:46 [INFO]     Época 40/50 | Loss=0.002427
09:05:50 [INFO]     Época 50/50 | Loss=0.002512
09:05:50 [INFO]   [140/960] CNN_w3_c16x32_k2_actleaky_relu_d0.0_dense16_e50_lr0.0005_b16  RMSE_test=0.0134  MAE_test=0.0099
09:05:58 [INFO]     Época 10/50 | Loss=0.003305
09:06:06 [INFO]     Época 20/50 | Loss=0.002919
09:06:14 [INFO]     Época 30/50 | Loss=0.002608
09:06:21 [INFO]     Época 40/50 | Loss=0.002497
09:06:29 [INFO]     Época 50/50 | Loss=0.002381
09:06:29 [INFO]   [141/960] CNN_w3_c16x32_k2_actleaky_relu_d0.0_dense32_e50_lr0.001_b8  RMSE_test=0.0128  MAE_test=0.0095
09:06:33 [INFO]     Época 10/50 | Loss=0.003321
09:06:37 [INFO]     Época 20/50 | Loss=0.002821
09:06:41 [INFO]     Época 30/50 | Loss=0.002605
09:06:45 [INFO]     Época 40/50 | Loss=0.002481
09:06:49 [INFO]     Época 50/50 | Loss=0.002561
09:06:49 [INFO]   [142/960] CNN_w3_c16x32_k2_actleaky_relu_d0.0_dense32_e50_lr0.001_b16  RMSE_test=0.0126  MAE_test=0.0090
09:06:57 [INFO]     Época 10/50 | Loss=0.003190
09:07:05 [INFO]     Época 20/50 | Loss=0.002867
09:07:13 [INFO]     Época 30/50 | Loss=0.002557
09:07:21 [INFO]     Época 40/50 | Loss=0.002470
09:07:29 [INFO]     Época 50/50 | Loss=0.002366
09:07:29 [INFO]   [143/960] CNN_w3_c16x32_k2_actleaky_relu_d0.0_dense32_e50_lr0.0005_b8  RMSE_test=0.0128  MAE_test=0.0094
09:07:33 [INFO]     Época 10/50 | Loss=0.003196
09:07:37 [INFO]     Época 20/50 | Loss=0.002649
09:07:41 [INFO]     Época 30/50 | Loss=0.002515
09:07:45 [INFO]     Época 40/50 | Loss=0.002427
09:07:49 [INFO]     Época 50/50 | Loss=0.002496
09:07:49 [INFO]   [144/960] CNN_w3_c16x32_k2_actleaky_relu_d0.0_dense32_e50_lr0.0005_b16  RMSE_test=0.0131  MAE_test=0.0095
09:07:58 [INFO]     Época 10/50 | Loss=0.028436
09:08:10 [INFO]     Época 20/50 | Loss=0.026903
09:08:23 [INFO]     Época 30/50 | Loss=0.027918
09:08:35 [INFO]     Época 40/50 | Loss=0.026284
09:08:47 [INFO]     Época 50/50 | Loss=0.025612
09:08:47 [INFO]   [145/960] CNN_w3_c16x32_k2_actrelu_d0.1_dense16_e50_lr0.001_b8  RMSE_test=0.0190  MAE_test=0.0152
09:08:54 [INFO]     Época 10/50 | Loss=0.031740
09:09:00 [INFO]     Época 20/50 | Loss=0.028854
09:09:06 [INFO]     Época 30/50 | Loss=0.026572
09:09:12 [INFO]     Época 40/50 | Loss=0.024566
09:09:19 [INFO]     Época 50/50 | Loss=0.024672
09:09:19 [INFO]   [146/960] CNN_w3_c16x32_k2_actrelu_d0.1_dense16_e50_lr0.001_b16  RMSE_test=0.0220  MAE_test=0.0163
09:09:31 [INFO]     Época 10/50 | Loss=0.026950
09:09:43 [INFO]     Época 20/50 | Loss=0.025165
09:09:56 [INFO]     Época 30/50 | Loss=0.024318
09:10:08 [INFO]     Época 40/50 | Loss=0.023851
09:10:21 [INFO]     Época 50/50 | Loss=0.022456
09:10:21 [INFO]   [147/960] CNN_w3_c16x32_k2_actrelu_d0.1_dense16_e50_lr0.0005_b8  RMSE_test=0.0186  MAE_test=0.0151
09:10:27 [INFO]     Época 10/50 | Loss=0.031234
09:10:33 [INFO]     Época 20/50 | Loss=0.025852
09:10:40 [INFO]     Época 30/50 | Loss=0.024098
09:10:46 [INFO]     Época 40/50 | Loss=0.021870
09:10:52 [INFO]     Época 50/50 | Loss=0.020502
09:10:52 [INFO]   [148/960] CNN_w3_c16x32_k2_actrelu_d0.1_dense16_e50_lr0.0005_b16  RMSE_test=0.0181  MAE_test=0.0138
09:11:05 [INFO]     Época 10/50 | Loss=0.019353
09:11:17 [INFO]     Época 20/50 | Loss=0.016978
09:11:30 [INFO]     Época 30/50 | Loss=0.016346
09:11:42 [INFO]     Época 40/50 | Loss=0.016163
09:11:55 [INFO]     Época 50/50 | Loss=0.015243
09:11:55 [INFO]   [149/960] CNN_w3_c16x32_k2_actrelu_d0.1_dense32_e50_lr0.001_b8  RMSE_test=0.0150  MAE_test=0.0114
09:12:01 [INFO]     Época 10/50 | Loss=0.018340
09:12:08 [INFO]     Época 20/50 | Loss=0.016000
09:12:14 [INFO]     Época 30/50 | Loss=0.015339
09:12:20 [INFO]     Época 40/50 | Loss=0.014082
09:12:27 [INFO]     Época 50/50 | Loss=0.013849
09:12:27 [INFO]   [150/960] CNN_w3_c16x32_k2_actrelu_d0.1_dense32_e50_lr0.001_b16  RMSE_test=0.0197  MAE_test=0.0147
09:12:39 [INFO]     Época 10/50 | Loss=0.019325
09:12:52 [INFO]     Época 20/50 | Loss=0.016346
09:13:05 [INFO]     Época 30/50 | Loss=0.015343
09:13:17 [INFO]     Época 40/50 | Loss=0.014521
09:13:30 [INFO]     Época 50/50 | Loss=0.013542
09:13:30 [INFO]   [151/960] CNN_w3_c16x32_k2_actrelu_d0.1_dense32_e50_lr0.0005_b8  RMSE_test=0.0157  MAE_test=0.0120
09:13:36 [INFO]     Época 10/50 | Loss=0.020959
09:13:43 [INFO]     Época 20/50 | Loss=0.016858
09:13:49 [INFO]     Época 30/50 | Loss=0.015710
09:13:55 [INFO]     Época 40/50 | Loss=0.014521
09:14:01 [INFO]     Época 50/50 | Loss=0.013374
09:14:01 [INFO]   [152/960] CNN_w3_c16x32_k2_actrelu_d0.1_dense32_e50_lr0.0005_b16  RMSE_test=0.0201  MAE_test=0.0153
09:14:14 [INFO]     Época 10/50 | Loss=0.023080
09:14:26 [INFO]     Época 20/50 | Loss=0.019770
09:14:39 [INFO]     Época 30/50 | Loss=0.017855
09:14:51 [INFO]     Época 40/50 | Loss=0.016628
09:15:04 [INFO]     Época 50/50 | Loss=0.014989
09:15:04 [INFO]   [153/960] CNN_w3_c16x32_k2_actleaky_relu_d0.1_dense16_e50_lr0.001_b8  RMSE_test=0.0200  MAE_test=0.0160
09:15:10 [INFO]     Época 10/50 | Loss=0.025498
09:15:17 [INFO]     Época 20/50 | Loss=0.021508
09:15:23 [INFO]     Época 30/50 | Loss=0.019114
09:15:29 [INFO]     Época 40/50 | Loss=0.016592
09:15:36 [INFO]     Época 50/50 | Loss=0.015470
09:15:36 [INFO]   [154/960] CNN_w3_c16x32_k2_actleaky_relu_d0.1_dense16_e50_lr0.001_b16  RMSE_test=0.0220  MAE_test=0.0170
09:15:48 [INFO]     Época 10/50 | Loss=0.024611
09:16:01 [INFO]     Época 20/50 | Loss=0.021220
09:16:14 [INFO]     Época 30/50 | Loss=0.019717
09:16:26 [INFO]     Época 40/50 | Loss=0.017697
09:16:38 [INFO]     Época 50/50 | Loss=0.014994
09:16:38 [INFO]   [155/960] CNN_w3_c16x32_k2_actleaky_relu_d0.1_dense16_e50_lr0.0005_b8  RMSE_test=0.0183  MAE_test=0.0145
09:16:45 [INFO]     Época 10/50 | Loss=0.028150
09:16:51 [INFO]     Época 20/50 | Loss=0.024115
09:16:58 [INFO]     Época 30/50 | Loss=0.021576
09:17:04 [INFO]     Época 40/50 | Loss=0.019088
09:17:10 [INFO]     Época 50/50 | Loss=0.017406
09:17:10 [INFO]   [156/960] CNN_w3_c16x32_k2_actleaky_relu_d0.1_dense16_e50_lr0.0005_b16  RMSE_test=0.0175  MAE_test=0.0134
09:17:23 [INFO]     Época 10/50 | Loss=0.016906
09:17:35 [INFO]     Época 20/50 | Loss=0.013085
09:17:47 [INFO]     Época 30/50 | Loss=0.012238
09:18:00 [INFO]     Época 40/50 | Loss=0.011091
09:18:12 [INFO]     Época 50/50 | Loss=0.010418
09:18:12 [INFO]   [157/960] CNN_w3_c16x32_k2_actleaky_relu_d0.1_dense32_e50_lr0.001_b8  RMSE_test=0.0158  MAE_test=0.0122
09:18:18 [INFO]     Época 10/50 | Loss=0.017962
09:18:25 [INFO]     Época 20/50 | Loss=0.014901
09:18:31 [INFO]     Época 30/50 | Loss=0.013113
09:18:37 [INFO]     Época 40/50 | Loss=0.011416
09:18:44 [INFO]     Época 50/50 | Loss=0.010730
09:18:44 [INFO]   [158/960] CNN_w3_c16x32_k2_actleaky_relu_d0.1_dense32_e50_lr0.001_b16  RMSE_test=0.0184  MAE_test=0.0141
09:18:56 [INFO]     Época 10/50 | Loss=0.018811
09:19:09 [INFO]     Época 20/50 | Loss=0.014872
09:19:21 [INFO]     Época 30/50 | Loss=0.013432
09:19:34 [INFO]     Época 40/50 | Loss=0.011859
09:19:46 [INFO]     Época 50/50 | Loss=0.010683
09:19:46 [INFO]   [159/960] CNN_w3_c16x32_k2_actleaky_relu_d0.1_dense32_e50_lr0.0005_b8  RMSE_test=0.0173  MAE_test=0.0132
09:19:54 [INFO]     Época 10/50 | Loss=0.020214
09:20:01 [INFO]     Época 20/50 | Loss=0.016392
09:20:09 [INFO]     Época 30/50 | Loss=0.014873
09:20:17 [INFO]     Época 40/50 | Loss=0.013091
09:20:25 [INFO]     Época 50/50 | Loss=0.011911
09:20:25 [INFO]   [160/960] CNN_w3_c16x32_k2_actleaky_relu_d0.1_dense32_e50_lr0.0005_b16  RMSE_test=0.0188  MAE_test=0.0141
09:20:39 [INFO]     Época 10/50 | Loss=0.003519
09:20:52 [INFO]     Época 20/50 | Loss=0.002879
09:21:06 [INFO]     Época 30/50 | Loss=0.002535
09:21:20 [INFO]     Época 40/50 | Loss=0.002438
09:21:34 [INFO]     Época 50/50 | Loss=0.002361
09:21:34 [INFO]   [161/960] CNN_w3_c16x32_k3_actrelu_d0.0_dense16_e50_lr0.001_b8  RMSE_test=0.0125  MAE_test=0.0093
09:21:41 [INFO]     Época 10/50 | Loss=0.003214
09:21:48 [INFO]     Época 20/50 | Loss=0.002776
09:21:55 [INFO]     Época 30/50 | Loss=0.002602
09:22:02 [INFO]     Época 40/50 | Loss=0.002426
09:22:09 [INFO]     Época 50/50 | Loss=0.002515
09:22:09 [INFO]   [162/960] CNN_w3_c16x32_k3_actrelu_d0.0_dense16_e50_lr0.001_b16  RMSE_test=0.0130  MAE_test=0.0094
09:22:23 [INFO]     Época 10/50 | Loss=0.003283
09:22:37 [INFO]     Época 20/50 | Loss=0.002887
09:22:51 [INFO]     Época 30/50 | Loss=0.002518
09:23:05 [INFO]     Época 40/50 | Loss=0.002463
09:23:19 [INFO]     Época 50/50 | Loss=0.002381
09:23:19 [INFO]   [163/960] CNN_w3_c16x32_k3_actrelu_d0.0_dense16_e50_lr0.0005_b8  RMSE_test=0.0136  MAE_test=0.0101
09:23:26 [INFO]     Época 10/50 | Loss=0.003225
09:23:33 [INFO]     Época 20/50 | Loss=0.002721
09:23:40 [INFO]     Época 30/50 | Loss=0.002523
09:23:47 [INFO]     Época 40/50 | Loss=0.002422
09:23:54 [INFO]     Época 50/50 | Loss=0.002452
09:23:54 [INFO]   [164/960] CNN_w3_c16x32_k3_actrelu_d0.0_dense16_e50_lr0.0005_b16  RMSE_test=0.0131  MAE_test=0.0096
09:24:08 [INFO]     Época 10/50 | Loss=0.003592
09:24:22 [INFO]     Época 20/50 | Loss=0.002869
09:24:36 [INFO]     Época 30/50 | Loss=0.002542
09:24:50 [INFO]     Época 40/50 | Loss=0.002418
09:25:04 [INFO]     Época 50/50 | Loss=0.002305
09:25:04 [INFO]   [165/960] CNN_w3_c16x32_k3_actrelu_d0.0_dense32_e50_lr0.001_b8  RMSE_test=0.0129  MAE_test=0.0094
09:25:11 [INFO]     Época 10/50 | Loss=0.003336
09:25:18 [INFO]     Época 20/50 | Loss=0.002778
09:25:24 [INFO]     Época 30/50 | Loss=0.002581
09:25:31 [INFO]     Época 40/50 | Loss=0.002421
09:25:38 [INFO]     Época 50/50 | Loss=0.002426
09:25:38 [INFO]   [166/960] CNN_w3_c16x32_k3_actrelu_d0.0_dense32_e50_lr0.001_b16  RMSE_test=0.0127  MAE_test=0.0093
09:25:52 [INFO]     Época 10/50 | Loss=0.003441
09:26:06 [INFO]     Época 20/50 | Loss=0.002876
09:26:19 [INFO]     Época 30/50 | Loss=0.002532
09:26:33 [INFO]     Época 40/50 | Loss=0.002430
09:26:47 [INFO]     Época 50/50 | Loss=0.002351
09:26:47 [INFO]   [167/960] CNN_w3_c16x32_k3_actrelu_d0.0_dense32_e50_lr0.0005_b8  RMSE_test=0.0130  MAE_test=0.0099
09:26:54 [INFO]     Época 10/50 | Loss=0.003287
09:27:01 [INFO]     Época 20/50 | Loss=0.002756
09:27:08 [INFO]     Época 30/50 | Loss=0.002574
09:27:15 [INFO]     Época 40/50 | Loss=0.002385
09:27:22 [INFO]     Época 50/50 | Loss=0.002437
09:27:22 [INFO]   [168/960] CNN_w3_c16x32_k3_actrelu_d0.0_dense32_e50_lr0.0005_b16  RMSE_test=0.0129  MAE_test=0.0095
09:27:36 [INFO]     Época 10/50 | Loss=0.003409
09:27:49 [INFO]     Época 20/50 | Loss=0.002919
09:28:03 [INFO]     Época 30/50 | Loss=0.002552
09:28:17 [INFO]     Época 40/50 | Loss=0.002438
09:28:31 [INFO]     Época 50/50 | Loss=0.002319
09:28:31 [INFO]   [169/960] CNN_w3_c16x32_k3_actleaky_relu_d0.0_dense16_e50_lr0.001_b8  RMSE_test=0.0126  MAE_test=0.0091
09:28:37 [INFO]     Época 10/50 | Loss=0.003168
09:28:44 [INFO]     Época 20/50 | Loss=0.002747
09:28:51 [INFO]     Época 30/50 | Loss=0.002545
09:28:58 [INFO]     Época 40/50 | Loss=0.002413
09:29:05 [INFO]     Época 50/50 | Loss=0.002421
09:29:05 [INFO]   [170/960] CNN_w3_c16x32_k3_actleaky_relu_d0.0_dense16_e50_lr0.001_b16  RMSE_test=0.0126  MAE_test=0.0090
09:29:19 [INFO]     Época 10/50 | Loss=0.003299
09:29:33 [INFO]     Época 20/50 | Loss=0.002860
09:29:46 [INFO]     Época 30/50 | Loss=0.002510
09:30:00 [INFO]     Época 40/50 | Loss=0.002415
09:30:14 [INFO]     Época 50/50 | Loss=0.002365
09:30:14 [INFO]   [171/960] CNN_w3_c16x32_k3_actleaky_relu_d0.0_dense16_e50_lr0.0005_b8  RMSE_test=0.0130  MAE_test=0.0096
09:30:21 [INFO]     Época 10/50 | Loss=0.003233
09:30:27 [INFO]     Época 20/50 | Loss=0.002772
09:30:34 [INFO]     Época 30/50 | Loss=0.002512
09:30:41 [INFO]     Época 40/50 | Loss=0.002431
09:30:48 [INFO]     Época 50/50 | Loss=0.002445
09:30:48 [INFO]   [172/960] CNN_w3_c16x32_k3_actleaky_relu_d0.0_dense16_e50_lr0.0005_b16  RMSE_test=0.0130  MAE_test=0.0094
09:31:02 [INFO]     Época 10/50 | Loss=0.003577
09:31:15 [INFO]     Época 20/50 | Loss=0.002916
09:31:29 [INFO]     Época 30/50 | Loss=0.002563
09:31:43 [INFO]     Época 40/50 | Loss=0.002422
09:31:56 [INFO]     Época 50/50 | Loss=0.002346
09:31:56 [INFO]   [173/960] CNN_w3_c16x32_k3_actleaky_relu_d0.0_dense32_e50_lr0.001_b8  RMSE_test=0.0126  MAE_test=0.0092
09:32:03 [INFO]     Época 10/50 | Loss=0.003321
09:32:10 [INFO]     Época 20/50 | Loss=0.002726
09:32:17 [INFO]     Época 30/50 | Loss=0.002549
09:32:24 [INFO]     Época 40/50 | Loss=0.002429
09:32:30 [INFO]     Época 50/50 | Loss=0.002450
09:32:30 [INFO]   [174/960] CNN_w3_c16x32_k3_actleaky_relu_d0.0_dense32_e50_lr0.001_b16  RMSE_test=0.0127  MAE_test=0.0093
09:32:44 [INFO]     Época 10/50 | Loss=0.003429
09:32:58 [INFO]     Época 20/50 | Loss=0.002814
09:33:11 [INFO]     Época 30/50 | Loss=0.002520
09:33:25 [INFO]     Época 40/50 | Loss=0.002384
09:33:38 [INFO]     Época 50/50 | Loss=0.002351
09:33:38 [INFO]   [175/960] CNN_w3_c16x32_k3_actleaky_relu_d0.0_dense32_e50_lr0.0005_b8  RMSE_test=0.0128  MAE_test=0.0095
09:33:45 [INFO]     Época 10/50 | Loss=0.003272
09:33:52 [INFO]     Época 20/50 | Loss=0.002739
09:33:59 [INFO]     Época 30/50 | Loss=0.002565
09:34:06 [INFO]     Época 40/50 | Loss=0.002374
09:34:13 [INFO]     Época 50/50 | Loss=0.002409
09:34:13 [INFO]   [176/960] CNN_w3_c16x32_k3_actleaky_relu_d0.0_dense32_e50_lr0.0005_b16  RMSE_test=0.0126  MAE_test=0.0093
09:34:28 [INFO]     Época 10/50 | Loss=0.028824
09:34:42 [INFO]     Época 20/50 | Loss=0.026522
09:34:57 [INFO]     Época 30/50 | Loss=0.025348
09:35:11 [INFO]     Época 40/50 | Loss=0.025612
09:35:26 [INFO]     Época 50/50 | Loss=0.023371
09:35:26 [INFO]   [177/960] CNN_w3_c16x32_k3_actrelu_d0.1_dense16_e50_lr0.001_b8  RMSE_test=0.0213  MAE_test=0.0167
09:35:33 [INFO]     Época 10/50 | Loss=0.029401
09:35:41 [INFO]     Época 20/50 | Loss=0.025092
09:35:48 [INFO]     Época 30/50 | Loss=0.024306
09:35:55 [INFO]     Época 40/50 | Loss=0.024599
09:36:03 [INFO]     Época 50/50 | Loss=0.023009
09:36:03 [INFO]   [178/960] CNN_w3_c16x32_k3_actrelu_d0.1_dense16_e50_lr0.001_b16  RMSE_test=0.0244  MAE_test=0.0193
09:36:17 [INFO]     Época 10/50 | Loss=0.028680
09:36:32 [INFO]     Época 20/50 | Loss=0.026082
09:36:46 [INFO]     Época 30/50 | Loss=0.024518
09:37:01 [INFO]     Época 40/50 | Loss=0.024790
09:37:15 [INFO]     Época 50/50 | Loss=0.022935
09:37:15 [INFO]   [179/960] CNN_w3_c16x32_k3_actrelu_d0.1_dense16_e50_lr0.0005_b8  RMSE_test=0.0199  MAE_test=0.0150
09:37:23 [INFO]     Época 10/50 | Loss=0.030956
09:37:30 [INFO]     Época 20/50 | Loss=0.024938
09:37:37 [INFO]     Época 30/50 | Loss=0.023854
09:37:44 [INFO]     Época 40/50 | Loss=0.023476
09:37:51 [INFO]     Época 50/50 | Loss=0.022193
09:37:51 [INFO]   [180/960] CNN_w3_c16x32_k3_actrelu_d0.1_dense16_e50_lr0.0005_b16  RMSE_test=0.0219  MAE_test=0.0174
09:38:06 [INFO]     Época 10/50 | Loss=0.018499
09:38:20 [INFO]     Época 20/50 | Loss=0.016578
09:38:35 [INFO]     Época 30/50 | Loss=0.017193
09:38:49 [INFO]     Época 40/50 | Loss=0.015326
09:39:04 [INFO]     Época 50/50 | Loss=0.014563
09:39:04 [INFO]   [181/960] CNN_w3_c16x32_k3_actrelu_d0.1_dense32_e50_lr0.001_b8  RMSE_test=0.0202  MAE_test=0.0157
09:39:11 [INFO]     Época 10/50 | Loss=0.018634
09:39:19 [INFO]     Época 20/50 | Loss=0.016879
09:39:26 [INFO]     Época 30/50 | Loss=0.015992
09:39:34 [INFO]     Época 40/50 | Loss=0.015476
09:39:41 [INFO]     Época 50/50 | Loss=0.015685
09:39:41 [INFO]   [182/960] CNN_w3_c16x32_k3_actrelu_d0.1_dense32_e50_lr0.001_b16  RMSE_test=0.0210  MAE_test=0.0161
09:39:56 [INFO]     Época 10/50 | Loss=0.019135
09:40:10 [INFO]     Época 20/50 | Loss=0.016497
09:40:25 [INFO]     Época 30/50 | Loss=0.016425
09:40:39 [INFO]     Época 40/50 | Loss=0.015313
09:40:54 [INFO]     Época 50/50 | Loss=0.014403
09:40:54 [INFO]   [183/960] CNN_w3_c16x32_k3_actrelu_d0.1_dense32_e50_lr0.0005_b8  RMSE_test=0.0213  MAE_test=0.0167
09:41:01 [INFO]     Época 10/50 | Loss=0.019435
09:41:09 [INFO]     Época 20/50 | Loss=0.016625
09:41:16 [INFO]     Época 30/50 | Loss=0.015951
09:41:24 [INFO]     Época 40/50 | Loss=0.014885
09:41:31 [INFO]     Época 50/50 | Loss=0.015139
09:41:31 [INFO]   [184/960] CNN_w3_c16x32_k3_actrelu_d0.1_dense32_e50_lr0.0005_b16  RMSE_test=0.0236  MAE_test=0.0182
09:41:46 [INFO]     Época 10/50 | Loss=0.023779
09:42:01 [INFO]     Época 20/50 | Loss=0.020247
09:42:15 [INFO]     Época 30/50 | Loss=0.017154
09:42:30 [INFO]     Época 40/50 | Loss=0.016347
09:42:44 [INFO]     Época 50/50 | Loss=0.015196
09:42:44 [INFO]   [185/960] CNN_w3_c16x32_k3_actleaky_relu_d0.1_dense16_e50_lr0.001_b8  RMSE_test=0.0188  MAE_test=0.0146
09:42:52 [INFO]     Época 10/50 | Loss=0.024646
09:42:59 [INFO]     Época 20/50 | Loss=0.020718
09:43:06 [INFO]     Época 30/50 | Loss=0.018565
09:43:14 [INFO]     Época 40/50 | Loss=0.016070
09:43:21 [INFO]     Época 50/50 | Loss=0.016015
09:43:21 [INFO]   [186/960] CNN_w3_c16x32_k3_actleaky_relu_d0.1_dense16_e50_lr0.001_b16  RMSE_test=0.0258  MAE_test=0.0196
09:43:36 [INFO]     Época 10/50 | Loss=0.024688
09:43:51 [INFO]     Época 20/50 | Loss=0.020989
09:44:05 [INFO]     Época 30/50 | Loss=0.018376
09:44:20 [INFO]     Época 40/50 | Loss=0.016780
09:44:35 [INFO]     Época 50/50 | Loss=0.014823
09:44:35 [INFO]   [187/960] CNN_w3_c16x32_k3_actleaky_relu_d0.1_dense16_e50_lr0.0005_b8  RMSE_test=0.0181  MAE_test=0.0136
09:44:42 [INFO]     Época 10/50 | Loss=0.026173
09:44:49 [INFO]     Época 20/50 | Loss=0.022177
09:44:57 [INFO]     Época 30/50 | Loss=0.020569
09:45:04 [INFO]     Época 40/50 | Loss=0.018743
09:45:11 [INFO]     Época 50/50 | Loss=0.017066
09:45:11 [INFO]   [188/960] CNN_w3_c16x32_k3_actleaky_relu_d0.1_dense16_e50_lr0.0005_b16  RMSE_test=0.0203  MAE_test=0.0155
09:45:26 [INFO]     Época 10/50 | Loss=0.016231
09:45:41 [INFO]     Época 20/50 | Loss=0.013944
09:45:56 [INFO]     Época 30/50 | Loss=0.014319
09:46:10 [INFO]     Época 40/50 | Loss=0.012966
09:46:25 [INFO]     Época 50/50 | Loss=0.011730
09:46:25 [INFO]   [189/960] CNN_w3_c16x32_k3_actleaky_relu_d0.1_dense32_e50_lr0.001_b8  RMSE_test=0.0182  MAE_test=0.0144
09:46:33 [INFO]     Época 10/50 | Loss=0.016885
09:46:40 [INFO]     Época 20/50 | Loss=0.015486
09:46:48 [INFO]     Época 30/50 | Loss=0.013281
09:46:55 [INFO]     Época 40/50 | Loss=0.013020
09:47:03 [INFO]     Época 50/50 | Loss=0.012863
09:47:03 [INFO]   [190/960] CNN_w3_c16x32_k3_actleaky_relu_d0.1_dense32_e50_lr0.001_b16  RMSE_test=0.0213  MAE_test=0.0159
09:47:17 [INFO]     Época 10/50 | Loss=0.017353
09:47:32 [INFO]     Época 20/50 | Loss=0.014238
09:47:47 [INFO]     Época 30/50 | Loss=0.014164
09:48:01 [INFO]     Época 40/50 | Loss=0.012739
09:48:16 [INFO]     Época 50/50 | Loss=0.011997
09:48:16 [INFO]   [191/960] CNN_w3_c16x32_k3_actleaky_relu_d0.1_dense32_e50_lr0.0005_b8  RMSE_test=0.0195  MAE_test=0.0152
09:48:23 [INFO]     Época 10/50 | Loss=0.017953
09:48:31 [INFO]     Época 20/50 | Loss=0.015971
09:48:38 [INFO]     Época 30/50 | Loss=0.013975
09:48:45 [INFO]     Época 40/50 | Loss=0.012976
09:48:53 [INFO]     Época 50/50 | Loss=0.012769
09:48:53 [INFO]   [192/960] CNN_w3_c16x32_k3_actleaky_relu_d0.1_dense32_e50_lr0.0005_b16  RMSE_test=0.0218  MAE_test=0.0166
09:49:06 [INFO]     Época 10/50 | Loss=0.002823
09:49:18 [INFO]     Época 20/50 | Loss=0.002451
09:49:31 [INFO]     Época 30/50 | Loss=0.002577
09:49:44 [INFO]     Época 40/50 | Loss=0.002390
09:49:56 [INFO]     Época 50/50 | Loss=0.002230
09:49:56 [INFO]   [193/960] CNN_w4_c16_k2_actrelu_d0.0_dense16_e50_lr0.001_b8  RMSE_test=0.0142  MAE_test=0.0104
09:50:03 [INFO]     Época 10/50 | Loss=0.003054
09:50:09 [INFO]     Época 20/50 | Loss=0.002587
09:50:15 [INFO]     Época 30/50 | Loss=0.002463
09:50:22 [INFO]     Época 40/50 | Loss=0.002276
09:50:28 [INFO]     Época 50/50 | Loss=0.002148
09:50:28 [INFO]   [194/960] CNN_w4_c16_k2_actrelu_d0.0_dense16_e50_lr0.001_b16  RMSE_test=0.0140  MAE_test=0.0104
09:50:40 [INFO]     Época 10/50 | Loss=0.003012
09:50:53 [INFO]     Época 20/50 | Loss=0.002466
09:51:05 [INFO]     Época 30/50 | Loss=0.002424
09:51:17 [INFO]     Época 40/50 | Loss=0.002325
09:51:30 [INFO]     Época 50/50 | Loss=0.002147
09:51:30 [INFO]   [195/960] CNN_w4_c16_k2_actrelu_d0.0_dense16_e50_lr0.0005_b8  RMSE_test=0.0142  MAE_test=0.0107
09:51:36 [INFO]     Época 10/50 | Loss=0.003415
09:51:42 [INFO]     Época 20/50 | Loss=0.002584
09:51:48 [INFO]     Época 30/50 | Loss=0.002385
09:51:54 [INFO]     Época 40/50 | Loss=0.002263
09:52:01 [INFO]     Época 50/50 | Loss=0.002164
09:52:01 [INFO]   [196/960] CNN_w4_c16_k2_actrelu_d0.0_dense16_e50_lr0.0005_b16  RMSE_test=0.0143  MAE_test=0.0110
09:52:13 [INFO]     Época 10/50 | Loss=0.002953
09:52:26 [INFO]     Época 20/50 | Loss=0.002600
09:52:38 [INFO]     Época 30/50 | Loss=0.002554
09:52:51 [INFO]     Época 40/50 | Loss=0.002496
09:53:03 [INFO]     Época 50/50 | Loss=0.002291
09:53:03 [INFO]   [197/960] CNN_w4_c16_k2_actrelu_d0.0_dense32_e50_lr0.001_b8  RMSE_test=0.0146  MAE_test=0.0108
09:53:10 [INFO]     Época 10/50 | Loss=0.002998
09:53:16 [INFO]     Época 20/50 | Loss=0.002492
09:53:22 [INFO]     Época 30/50 | Loss=0.002455
09:53:28 [INFO]     Época 40/50 | Loss=0.002375
09:53:35 [INFO]     Época 50/50 | Loss=0.002234
09:53:35 [INFO]   [198/960] CNN_w4_c16_k2_actrelu_d0.0_dense32_e50_lr0.001_b16  RMSE_test=0.0144  MAE_test=0.0112
09:53:47 [INFO]     Época 10/50 | Loss=0.003019
09:54:00 [INFO]     Época 20/50 | Loss=0.002494
09:54:12 [INFO]     Época 30/50 | Loss=0.002409
09:54:24 [INFO]     Época 40/50 | Loss=0.002352
09:54:36 [INFO]     Época 50/50 | Loss=0.002190
09:54:36 [INFO]   [199/960] CNN_w4_c16_k2_actrelu_d0.0_dense32_e50_lr0.0005_b8  RMSE_test=0.0145  MAE_test=0.0110
09:54:43 [INFO]     Época 10/50 | Loss=0.003277
09:54:49 [INFO]     Época 20/50 | Loss=0.002554
09:54:56 [INFO]     Época 30/50 | Loss=0.002392
09:55:02 [INFO]     Época 40/50 | Loss=0.002280
09:55:08 [INFO]     Época 50/50 | Loss=0.002185
09:55:08 [INFO]   [200/960] CNN_w4_c16_k2_actrelu_d0.0_dense32_e50_lr0.0005_b16  RMSE_test=0.0146  MAE_test=0.0113
09:55:21 [INFO]     Época 10/50 | Loss=0.002893
09:55:34 [INFO]     Época 20/50 | Loss=0.002512
09:55:46 [INFO]     Época 30/50 | Loss=0.002600
09:55:58 [INFO]     Época 40/50 | Loss=0.002398
09:56:10 [INFO]     Época 50/50 | Loss=0.002233
09:56:10 [INFO]   [201/960] CNN_w4_c16_k2_actleaky_relu_d0.0_dense16_e50_lr0.001_b8  RMSE_test=0.0141  MAE_test=0.0104
09:56:17 [INFO]     Época 10/50 | Loss=0.003017
09:56:23 [INFO]     Época 20/50 | Loss=0.002500
09:56:29 [INFO]     Época 30/50 | Loss=0.002431
09:56:35 [INFO]     Época 40/50 | Loss=0.002286
09:56:41 [INFO]     Época 50/50 | Loss=0.002220
09:56:41 [INFO]   [202/960] CNN_w4_c16_k2_actleaky_relu_d0.0_dense16_e50_lr0.001_b16  RMSE_test=0.0138  MAE_test=0.0104
09:56:54 [INFO]     Época 10/50 | Loss=0.002923
09:57:06 [INFO]     Época 20/50 | Loss=0.002478
09:57:19 [INFO]     Época 30/50 | Loss=0.002432
09:57:31 [INFO]     Época 40/50 | Loss=0.002309
09:57:43 [INFO]     Época 50/50 | Loss=0.002174
09:57:43 [INFO]   [203/960] CNN_w4_c16_k2_actleaky_relu_d0.0_dense16_e50_lr0.0005_b8  RMSE_test=0.0142  MAE_test=0.0105
09:57:50 [INFO]     Época 10/50 | Loss=0.003400
09:57:56 [INFO]     Época 20/50 | Loss=0.002615
09:58:02 [INFO]     Época 30/50 | Loss=0.002390
09:58:08 [INFO]     Época 40/50 | Loss=0.002256
09:58:15 [INFO]     Época 50/50 | Loss=0.002166
09:58:15 [INFO]   [204/960] CNN_w4_c16_k2_actleaky_relu_d0.0_dense16_e50_lr0.0005_b16  RMSE_test=0.0147  MAE_test=0.0114
09:58:27 [INFO]     Época 10/50 | Loss=0.002976
09:58:39 [INFO]     Época 20/50 | Loss=0.002607
09:58:52 [INFO]     Época 30/50 | Loss=0.002451
09:59:04 [INFO]     Época 40/50 | Loss=0.002501
09:59:16 [INFO]     Época 50/50 | Loss=0.002270
09:59:16 [INFO]   [205/960] CNN_w4_c16_k2_actleaky_relu_d0.0_dense32_e50_lr0.001_b8  RMSE_test=0.0147  MAE_test=0.0111
09:59:22 [INFO]     Época 10/50 | Loss=0.002955
09:59:29 [INFO]     Época 20/50 | Loss=0.002466
09:59:35 [INFO]     Época 30/50 | Loss=0.002476
09:59:41 [INFO]     Época 40/50 | Loss=0.002360
09:59:48 [INFO]     Época 50/50 | Loss=0.002240
09:59:48 [INFO]   [206/960] CNN_w4_c16_k2_actleaky_relu_d0.0_dense32_e50_lr0.001_b16  RMSE_test=0.0142  MAE_test=0.0109
10:00:00 [INFO]     Época 10/50 | Loss=0.002961
10:00:13 [INFO]     Época 20/50 | Loss=0.002450
10:00:25 [INFO]     Época 30/50 | Loss=0.002371
10:00:38 [INFO]     Época 40/50 | Loss=0.002329
10:00:51 [INFO]     Época 50/50 | Loss=0.002181
10:00:51 [INFO]   [207/960] CNN_w4_c16_k2_actleaky_relu_d0.0_dense32_e50_lr0.0005_b8  RMSE_test=0.0145  MAE_test=0.0110
10:00:57 [INFO]     Época 10/50 | Loss=0.003311
10:01:03 [INFO]     Época 20/50 | Loss=0.002546
10:01:10 [INFO]     Época 30/50 | Loss=0.002402
10:01:16 [INFO]     Época 40/50 | Loss=0.002268
10:01:22 [INFO]     Época 50/50 | Loss=0.002187
10:01:22 [INFO]   [208/960] CNN_w4_c16_k2_actleaky_relu_d0.0_dense32_e50_lr0.0005_b16  RMSE_test=0.0146  MAE_test=0.0112
10:01:35 [INFO]     Época 10/50 | Loss=0.025071
10:01:48 [INFO]     Época 20/50 | Loss=0.022402
10:02:01 [INFO]     Época 30/50 | Loss=0.023831
10:02:14 [INFO]     Época 40/50 | Loss=0.021292
10:02:26 [INFO]     Época 50/50 | Loss=0.022120
10:02:26 [INFO]   [209/960] CNN_w4_c16_k2_actrelu_d0.1_dense16_e50_lr0.001_b8  RMSE_test=0.0228  MAE_test=0.0176
10:02:33 [INFO]     Época 10/50 | Loss=0.024318
10:02:39 [INFO]     Época 20/50 | Loss=0.022657
10:02:46 [INFO]     Época 30/50 | Loss=0.021777
10:02:52 [INFO]     Época 40/50 | Loss=0.020909
10:02:59 [INFO]     Época 50/50 | Loss=0.020190
10:02:59 [INFO]   [210/960] CNN_w4_c16_k2_actrelu_d0.1_dense16_e50_lr0.001_b16  RMSE_test=0.0196  MAE_test=0.0148
10:03:11 [INFO]     Época 10/50 | Loss=0.025906
10:03:25 [INFO]     Época 20/50 | Loss=0.022799
10:03:37 [INFO]     Época 30/50 | Loss=0.023584
10:03:50 [INFO]     Época 40/50 | Loss=0.021374
10:04:03 [INFO]     Época 50/50 | Loss=0.022119
10:04:03 [INFO]   [211/960] CNN_w4_c16_k2_actrelu_d0.1_dense16_e50_lr0.0005_b8  RMSE_test=0.0205  MAE_test=0.0158
10:04:09 [INFO]     Época 10/50 | Loss=0.025571
10:04:15 [INFO]     Época 20/50 | Loss=0.023501
10:04:22 [INFO]     Época 30/50 | Loss=0.022333
10:04:29 [INFO]     Época 40/50 | Loss=0.021784
10:04:35 [INFO]     Época 50/50 | Loss=0.020563
10:04:35 [INFO]   [212/960] CNN_w4_c16_k2_actrelu_d0.1_dense16_e50_lr0.0005_b16  RMSE_test=0.0167  MAE_test=0.0125
10:04:48 [INFO]     Época 10/50 | Loss=0.016855
10:05:01 [INFO]     Época 20/50 | Loss=0.015124
10:05:14 [INFO]     Época 30/50 | Loss=0.015571
10:05:27 [INFO]     Época 40/50 | Loss=0.014226
10:05:39 [INFO]     Época 50/50 | Loss=0.014893
10:05:40 [INFO]   [213/960] CNN_w4_c16_k2_actrelu_d0.1_dense32_e50_lr0.001_b8  RMSE_test=0.0216  MAE_test=0.0167
10:05:46 [INFO]     Época 10/50 | Loss=0.017530
10:05:53 [INFO]     Época 20/50 | Loss=0.015143
10:05:59 [INFO]     Época 30/50 | Loss=0.013735
10:06:06 [INFO]     Época 40/50 | Loss=0.013661
10:06:12 [INFO]     Época 50/50 | Loss=0.013219
10:06:12 [INFO]   [214/960] CNN_w4_c16_k2_actrelu_d0.1_dense32_e50_lr0.001_b16  RMSE_test=0.0146  MAE_test=0.0109
10:06:25 [INFO]     Época 10/50 | Loss=0.017357
10:06:38 [INFO]     Época 20/50 | Loss=0.015487
10:06:51 [INFO]     Época 30/50 | Loss=0.014681
10:07:03 [INFO]     Época 40/50 | Loss=0.013163
10:07:16 [INFO]     Época 50/50 | Loss=0.013850
10:07:16 [INFO]   [215/960] CNN_w4_c16_k2_actrelu_d0.1_dense32_e50_lr0.0005_b8  RMSE_test=0.0173  MAE_test=0.0131
10:07:23 [INFO]     Época 10/50 | Loss=0.019104
10:07:29 [INFO]     Época 20/50 | Loss=0.016183
10:07:36 [INFO]     Época 30/50 | Loss=0.014231
10:07:42 [INFO]     Época 40/50 | Loss=0.013900
10:07:49 [INFO]     Época 50/50 | Loss=0.013276
10:07:49 [INFO]   [216/960] CNN_w4_c16_k2_actrelu_d0.1_dense32_e50_lr0.0005_b16  RMSE_test=0.0168  MAE_test=0.0128
10:08:02 [INFO]     Época 10/50 | Loss=0.023530
10:08:15 [INFO]     Época 20/50 | Loss=0.019707
10:08:27 [INFO]     Época 30/50 | Loss=0.017986
10:08:40 [INFO]     Época 40/50 | Loss=0.015148
10:08:53 [INFO]     Época 50/50 | Loss=0.014886
10:08:53 [INFO]   [217/960] CNN_w4_c16_k2_actleaky_relu_d0.1_dense16_e50_lr0.001_b8  RMSE_test=0.0213  MAE_test=0.0170
10:09:00 [INFO]     Época 10/50 | Loss=0.023771
10:09:06 [INFO]     Época 20/50 | Loss=0.021549
10:09:13 [INFO]     Época 30/50 | Loss=0.019731
10:09:19 [INFO]     Época 40/50 | Loss=0.017692
10:09:25 [INFO]     Época 50/50 | Loss=0.015946
10:09:25 [INFO]   [218/960] CNN_w4_c16_k2_actleaky_relu_d0.1_dense16_e50_lr0.001_b16  RMSE_test=0.0198  MAE_test=0.0149
10:09:38 [INFO]     Época 10/50 | Loss=0.024299
10:09:51 [INFO]     Época 20/50 | Loss=0.020801
10:10:03 [INFO]     Época 30/50 | Loss=0.020002
10:10:16 [INFO]     Época 40/50 | Loss=0.017319
10:10:29 [INFO]     Época 50/50 | Loss=0.016827
10:10:29 [INFO]   [219/960] CNN_w4_c16_k2_actleaky_relu_d0.1_dense16_e50_lr0.0005_b8  RMSE_test=0.0197  MAE_test=0.0151
10:10:35 [INFO]     Época 10/50 | Loss=0.025056
10:10:42 [INFO]     Época 20/50 | Loss=0.022790
10:10:48 [INFO]     Época 30/50 | Loss=0.021242
10:10:55 [INFO]     Época 40/50 | Loss=0.019926
10:11:02 [INFO]     Época 50/50 | Loss=0.018255
10:11:02 [INFO]   [220/960] CNN_w4_c16_k2_actleaky_relu_d0.1_dense16_e50_lr0.0005_b16  RMSE_test=0.0172  MAE_test=0.0130
10:11:14 [INFO]     Época 10/50 | Loss=0.016145
10:11:27 [INFO]     Época 20/50 | Loss=0.013501
10:11:40 [INFO]     Época 30/50 | Loss=0.013222
10:11:53 [INFO]     Época 40/50 | Loss=0.011425
10:12:05 [INFO]     Época 50/50 | Loss=0.011714
10:12:05 [INFO]   [221/960] CNN_w4_c16_k2_actleaky_relu_d0.1_dense32_e50_lr0.001_b8  RMSE_test=0.0194  MAE_test=0.0148
10:12:12 [INFO]     Época 10/50 | Loss=0.017179
10:12:18 [INFO]     Época 20/50 | Loss=0.014404
10:12:25 [INFO]     Época 30/50 | Loss=0.012385
10:12:31 [INFO]     Época 40/50 | Loss=0.011901
10:12:37 [INFO]     Época 50/50 | Loss=0.010970
10:12:37 [INFO]   [222/960] CNN_w4_c16_k2_actleaky_relu_d0.1_dense32_e50_lr0.001_b16  RMSE_test=0.0140  MAE_test=0.0104
10:12:50 [INFO]     Época 10/50 | Loss=0.016929
10:13:03 [INFO]     Época 20/50 | Loss=0.014516
10:13:16 [INFO]     Época 30/50 | Loss=0.013610
10:13:29 [INFO]     Época 40/50 | Loss=0.011446
10:13:42 [INFO]     Época 50/50 | Loss=0.011680
10:13:42 [INFO]   [223/960] CNN_w4_c16_k2_actleaky_relu_d0.1_dense32_e50_lr0.0005_b8  RMSE_test=0.0183  MAE_test=0.0140
10:13:49 [INFO]     Época 10/50 | Loss=0.018739
10:13:55 [INFO]     Época 20/50 | Loss=0.015731
10:14:02 [INFO]     Época 30/50 | Loss=0.013722
10:14:08 [INFO]     Época 40/50 | Loss=0.013039
10:14:15 [INFO]     Época 50/50 | Loss=0.012104
10:14:15 [INFO]   [224/960] CNN_w4_c16_k2_actleaky_relu_d0.1_dense32_e50_lr0.0005_b16  RMSE_test=0.0171  MAE_test=0.0131
10:14:27 [INFO]     Época 10/50 | Loss=0.002989
10:14:40 [INFO]     Época 20/50 | Loss=0.002632
10:14:52 [INFO]     Época 30/50 | Loss=0.002582
10:15:05 [INFO]     Época 40/50 | Loss=0.002488
10:15:17 [INFO]     Época 50/50 | Loss=0.002264
10:15:17 [INFO]   [225/960] CNN_w4_c16_k3_actrelu_d0.0_dense16_e50_lr0.001_b8  RMSE_test=0.0145  MAE_test=0.0108
10:15:23 [INFO]     Época 10/50 | Loss=0.003127
10:15:29 [INFO]     Época 20/50 | Loss=0.002599
10:15:35 [INFO]     Época 30/50 | Loss=0.002563
10:15:41 [INFO]     Época 40/50 | Loss=0.002401
10:15:47 [INFO]     Época 50/50 | Loss=0.002341
10:15:47 [INFO]   [226/960] CNN_w4_c16_k3_actrelu_d0.0_dense16_e50_lr0.001_b16  RMSE_test=0.0136  MAE_test=0.0102
10:16:00 [INFO]     Época 10/50 | Loss=0.002961
10:16:12 [INFO]     Época 20/50 | Loss=0.002508
10:16:24 [INFO]     Época 30/50 | Loss=0.002430
10:16:37 [INFO]     Época 40/50 | Loss=0.002373
10:16:52 [INFO]     Época 50/50 | Loss=0.002209
10:16:52 [INFO]   [227/960] CNN_w4_c16_k3_actrelu_d0.0_dense16_e50_lr0.0005_b8  RMSE_test=0.0137  MAE_test=0.0102
10:17:00 [INFO]     Época 10/50 | Loss=0.003210
10:17:08 [INFO]     Época 20/50 | Loss=0.002622
10:17:16 [INFO]     Época 30/50 | Loss=0.002414
10:17:24 [INFO]     Época 40/50 | Loss=0.002346
10:17:32 [INFO]     Época 50/50 | Loss=0.002218
10:17:32 [INFO]   [228/960] CNN_w4_c16_k3_actrelu_d0.0_dense16_e50_lr0.0005_b16  RMSE_test=0.0134  MAE_test=0.0100
10:17:47 [INFO]     Época 10/50 | Loss=0.003189
10:18:03 [INFO]     Época 20/50 | Loss=0.002663
10:18:19 [INFO]     Época 30/50 | Loss=0.002618
10:18:34 [INFO]     Época 40/50 | Loss=0.002485
10:18:50 [INFO]     Época 50/50 | Loss=0.002262
10:18:50 [INFO]   [229/960] CNN_w4_c16_k3_actrelu_d0.0_dense32_e50_lr0.001_b8  RMSE_test=0.0140  MAE_test=0.0105
10:18:58 [INFO]     Época 10/50 | Loss=0.003375
10:19:06 [INFO]     Época 20/50 | Loss=0.002698
10:19:13 [INFO]     Época 30/50 | Loss=0.002732
10:19:21 [INFO]     Época 40/50 | Loss=0.002468
10:19:29 [INFO]     Época 50/50 | Loss=0.002313
10:19:29 [INFO]   [230/960] CNN_w4_c16_k3_actrelu_d0.0_dense32_e50_lr0.001_b16  RMSE_test=0.0138  MAE_test=0.0104
10:19:45 [INFO]     Época 10/50 | Loss=0.003087
10:20:00 [INFO]     Época 20/50 | Loss=0.002638
10:20:16 [INFO]     Época 30/50 | Loss=0.002530
10:20:31 [INFO]     Época 40/50 | Loss=0.002436
10:20:47 [INFO]     Época 50/50 | Loss=0.002270
10:20:47 [INFO]   [231/960] CNN_w4_c16_k3_actrelu_d0.0_dense32_e50_lr0.0005_b8  RMSE_test=0.0136  MAE_test=0.0100
10:20:55 [INFO]     Época 10/50 | Loss=0.003296
10:21:03 [INFO]     Época 20/50 | Loss=0.002686
10:21:11 [INFO]     Época 30/50 | Loss=0.002446
10:21:19 [INFO]     Época 40/50 | Loss=0.002369
10:21:27 [INFO]     Época 50/50 | Loss=0.002247
10:21:27 [INFO]   [232/960] CNN_w4_c16_k3_actrelu_d0.0_dense32_e50_lr0.0005_b16  RMSE_test=0.0135  MAE_test=0.0104
10:21:43 [INFO]     Época 10/50 | Loss=0.002901
10:21:59 [INFO]     Época 20/50 | Loss=0.002583
10:22:15 [INFO]     Época 30/50 | Loss=0.002551
10:22:31 [INFO]     Época 40/50 | Loss=0.002425
10:22:47 [INFO]     Época 50/50 | Loss=0.002226
10:22:47 [INFO]   [233/960] CNN_w4_c16_k3_actleaky_relu_d0.0_dense16_e50_lr0.001_b8  RMSE_test=0.0145  MAE_test=0.0108
10:22:55 [INFO]     Época 10/50 | Loss=0.003168
10:23:03 [INFO]     Época 20/50 | Loss=0.002534
10:23:11 [INFO]     Época 30/50 | Loss=0.002485
10:23:18 [INFO]     Época 40/50 | Loss=0.002395
10:23:26 [INFO]     Época 50/50 | Loss=0.002270
10:23:26 [INFO]   [234/960] CNN_w4_c16_k3_actleaky_relu_d0.0_dense16_e50_lr0.001_b16  RMSE_test=0.0136  MAE_test=0.0103
10:23:42 [INFO]     Época 10/50 | Loss=0.002962
10:23:57 [INFO]     Época 20/50 | Loss=0.002456
10:24:12 [INFO]     Época 30/50 | Loss=0.002426
10:24:28 [INFO]     Época 40/50 | Loss=0.002419
10:24:44 [INFO]     Época 50/50 | Loss=0.002211
10:24:44 [INFO]   [235/960] CNN_w4_c16_k3_actleaky_relu_d0.0_dense16_e50_lr0.0005_b8  RMSE_test=0.0140  MAE_test=0.0104
10:24:52 [INFO]     Época 10/50 | Loss=0.003162
10:25:00 [INFO]     Época 20/50 | Loss=0.002589
10:25:08 [INFO]     Época 30/50 | Loss=0.002419
10:25:15 [INFO]     Época 40/50 | Loss=0.002321
10:25:23 [INFO]     Época 50/50 | Loss=0.002208
10:25:23 [INFO]   [236/960] CNN_w4_c16_k3_actleaky_relu_d0.0_dense16_e50_lr0.0005_b16  RMSE_test=0.0134  MAE_test=0.0102
10:25:39 [INFO]     Época 10/50 | Loss=0.003126
10:25:54 [INFO]     Época 20/50 | Loss=0.002598
10:26:10 [INFO]     Época 30/50 | Loss=0.002558
10:26:26 [INFO]     Época 40/50 | Loss=0.002490
10:26:41 [INFO]     Época 50/50 | Loss=0.002231
10:26:41 [INFO]   [237/960] CNN_w4_c16_k3_actleaky_relu_d0.0_dense32_e50_lr0.001_b8  RMSE_test=0.0143  MAE_test=0.0108
10:26:49 [INFO]     Época 10/50 | Loss=0.003305
10:26:57 [INFO]     Época 20/50 | Loss=0.002658
10:27:05 [INFO]     Época 30/50 | Loss=0.002638
10:27:13 [INFO]     Época 40/50 | Loss=0.002441
10:27:21 [INFO]     Época 50/50 | Loss=0.002298
10:27:21 [INFO]   [238/960] CNN_w4_c16_k3_actleaky_relu_d0.0_dense32_e50_lr0.001_b16  RMSE_test=0.0136  MAE_test=0.0103
10:27:36 [INFO]     Época 10/50 | Loss=0.003046
10:27:52 [INFO]     Época 20/50 | Loss=0.002616
10:28:08 [INFO]     Época 30/50 | Loss=0.002527
10:28:24 [INFO]     Época 40/50 | Loss=0.002412
10:28:40 [INFO]     Época 50/50 | Loss=0.002248
10:28:40 [INFO]   [239/960] CNN_w4_c16_k3_actleaky_relu_d0.0_dense32_e50_lr0.0005_b8  RMSE_test=0.0135  MAE_test=0.0101
10:28:48 [INFO]     Época 10/50 | Loss=0.003300
10:28:56 [INFO]     Época 20/50 | Loss=0.002636
10:29:04 [INFO]     Época 30/50 | Loss=0.002424
10:29:12 [INFO]     Época 40/50 | Loss=0.002352
10:29:20 [INFO]     Época 50/50 | Loss=0.002243
10:29:20 [INFO]   [240/960] CNN_w4_c16_k3_actleaky_relu_d0.0_dense32_e50_lr0.0005_b16  RMSE_test=0.0136  MAE_test=0.0104
10:29:36 [INFO]     Época 10/50 | Loss=0.024109
10:29:52 [INFO]     Época 20/50 | Loss=0.021627
10:30:09 [INFO]     Época 30/50 | Loss=0.022046
10:30:25 [INFO]     Época 40/50 | Loss=0.020175
10:30:42 [INFO]     Época 50/50 | Loss=0.020715
10:30:42 [INFO]   [241/960] CNN_w4_c16_k3_actrelu_d0.1_dense16_e50_lr0.001_b8  RMSE_test=0.0171  MAE_test=0.0124
10:30:50 [INFO]     Época 10/50 | Loss=0.024731
10:30:58 [INFO]     Época 20/50 | Loss=0.021739
10:31:07 [INFO]     Época 30/50 | Loss=0.021947
10:31:15 [INFO]     Época 40/50 | Loss=0.020325
10:31:23 [INFO]     Época 50/50 | Loss=0.020137
10:31:23 [INFO]   [242/960] CNN_w4_c16_k3_actrelu_d0.1_dense16_e50_lr0.001_b16  RMSE_test=0.0161  MAE_test=0.0120
10:31:40 [INFO]     Época 10/50 | Loss=0.024791
10:31:56 [INFO]     Época 20/50 | Loss=0.021663
10:32:12 [INFO]     Época 30/50 | Loss=0.021229
10:32:28 [INFO]     Época 40/50 | Loss=0.019318
10:32:45 [INFO]     Época 50/50 | Loss=0.019998
10:32:45 [INFO]   [243/960] CNN_w4_c16_k3_actrelu_d0.1_dense16_e50_lr0.0005_b8  RMSE_test=0.0162  MAE_test=0.0119
10:32:53 [INFO]     Época 10/50 | Loss=0.026144
10:33:01 [INFO]     Época 20/50 | Loss=0.022630
10:33:09 [INFO]     Época 30/50 | Loss=0.022620
10:33:17 [INFO]     Época 40/50 | Loss=0.020320
10:33:25 [INFO]     Época 50/50 | Loss=0.020011
10:33:25 [INFO]   [244/960] CNN_w4_c16_k3_actrelu_d0.1_dense16_e50_lr0.0005_b16  RMSE_test=0.0144  MAE_test=0.0106
10:33:41 [INFO]     Época 10/50 | Loss=0.016962
10:33:58 [INFO]     Época 20/50 | Loss=0.015036
10:34:14 [INFO]     Época 30/50 | Loss=0.014772
10:34:30 [INFO]     Época 40/50 | Loss=0.013743
10:34:46 [INFO]     Época 50/50 | Loss=0.013907
10:34:46 [INFO]   [245/960] CNN_w4_c16_k3_actrelu_d0.1_dense32_e50_lr0.001_b8  RMSE_test=0.0188  MAE_test=0.0142
10:34:54 [INFO]     Época 10/50 | Loss=0.017284
10:35:02 [INFO]     Época 20/50 | Loss=0.014312
10:35:10 [INFO]     Época 30/50 | Loss=0.015004
10:35:19 [INFO]     Época 40/50 | Loss=0.013586
10:35:27 [INFO]     Época 50/50 | Loss=0.013584
10:35:27 [INFO]   [246/960] CNN_w4_c16_k3_actrelu_d0.1_dense32_e50_lr0.001_b16  RMSE_test=0.0153  MAE_test=0.0118
10:35:43 [INFO]     Época 10/50 | Loss=0.017861
10:36:00 [INFO]     Época 20/50 | Loss=0.014722
10:36:16 [INFO]     Época 30/50 | Loss=0.014169
10:36:32 [INFO]     Época 40/50 | Loss=0.013003
10:36:49 [INFO]     Época 50/50 | Loss=0.013280
10:36:49 [INFO]   [247/960] CNN_w4_c16_k3_actrelu_d0.1_dense32_e50_lr0.0005_b8  RMSE_test=0.0165  MAE_test=0.0124
10:36:57 [INFO]     Época 10/50 | Loss=0.018421
10:37:05 [INFO]     Época 20/50 | Loss=0.014930
10:37:13 [INFO]     Época 30/50 | Loss=0.014660
10:37:21 [INFO]     Época 40/50 | Loss=0.013518
10:37:29 [INFO]     Época 50/50 | Loss=0.013399
10:37:29 [INFO]   [248/960] CNN_w4_c16_k3_actrelu_d0.1_dense32_e50_lr0.0005_b16  RMSE_test=0.0164  MAE_test=0.0119
10:37:45 [INFO]     Época 10/50 | Loss=0.022877
10:38:01 [INFO]     Época 20/50 | Loss=0.017646
10:38:17 [INFO]     Época 30/50 | Loss=0.016729
10:38:33 [INFO]     Época 40/50 | Loss=0.014873
10:38:50 [INFO]     Época 50/50 | Loss=0.015009
10:38:50 [INFO]   [249/960] CNN_w4_c16_k3_actleaky_relu_d0.1_dense16_e50_lr0.001_b8  RMSE_test=0.0160  MAE_test=0.0121
10:38:58 [INFO]     Época 10/50 | Loss=0.024297
10:39:06 [INFO]     Época 20/50 | Loss=0.020216
10:39:14 [INFO]     Época 30/50 | Loss=0.017735
10:39:22 [INFO]     Época 40/50 | Loss=0.015753
10:39:30 [INFO]     Época 50/50 | Loss=0.015097
10:39:30 [INFO]   [250/960] CNN_w4_c16_k3_actleaky_relu_d0.1_dense16_e50_lr0.001_b16  RMSE_test=0.0161  MAE_test=0.0123
10:39:46 [INFO]     Época 10/50 | Loss=0.024252
10:40:03 [INFO]     Época 20/50 | Loss=0.020077
10:40:19 [INFO]     Época 30/50 | Loss=0.018036
10:40:35 [INFO]     Época 40/50 | Loss=0.015102
10:40:51 [INFO]     Época 50/50 | Loss=0.015246
10:40:51 [INFO]   [251/960] CNN_w4_c16_k3_actleaky_relu_d0.1_dense16_e50_lr0.0005_b8  RMSE_test=0.0165  MAE_test=0.0123
10:41:00 [INFO]     Época 10/50 | Loss=0.025656
10:41:08 [INFO]     Época 20/50 | Loss=0.022043
10:41:16 [INFO]     Época 30/50 | Loss=0.020899
10:41:24 [INFO]     Época 40/50 | Loss=0.017659
10:41:32 [INFO]     Época 50/50 | Loss=0.016298
10:41:32 [INFO]   [252/960] CNN_w4_c16_k3_actleaky_relu_d0.1_dense16_e50_lr0.0005_b16  RMSE_test=0.0142  MAE_test=0.0105
10:41:49 [INFO]     Época 10/50 | Loss=0.016087
10:42:05 [INFO]     Época 20/50 | Loss=0.012986
10:42:22 [INFO]     Época 30/50 | Loss=0.012125
10:42:38 [INFO]     Época 40/50 | Loss=0.011244
10:42:54 [INFO]     Época 50/50 | Loss=0.011623
10:42:54 [INFO]   [253/960] CNN_w4_c16_k3_actleaky_relu_d0.1_dense32_e50_lr0.001_b8  RMSE_test=0.0162  MAE_test=0.0124
10:43:03 [INFO]     Época 10/50 | Loss=0.016713
10:43:11 [INFO]     Época 20/50 | Loss=0.013393
10:43:19 [INFO]     Época 30/50 | Loss=0.012899
10:43:27 [INFO]     Época 40/50 | Loss=0.011577
10:43:36 [INFO]     Época 50/50 | Loss=0.010963
10:43:36 [INFO]   [254/960] CNN_w4_c16_k3_actleaky_relu_d0.1_dense32_e50_lr0.001_b16  RMSE_test=0.0146  MAE_test=0.0110
10:43:52 [INFO]     Época 10/50 | Loss=0.017211
10:44:08 [INFO]     Época 20/50 | Loss=0.013747
10:44:25 [INFO]     Época 30/50 | Loss=0.012654
10:44:41 [INFO]     Época 40/50 | Loss=0.011121
10:44:58 [INFO]     Época 50/50 | Loss=0.011340
10:44:58 [INFO]   [255/960] CNN_w4_c16_k3_actleaky_relu_d0.1_dense32_e50_lr0.0005_b8  RMSE_test=0.0152  MAE_test=0.0115
10:45:06 [INFO]     Época 10/50 | Loss=0.018134
10:45:14 [INFO]     Época 20/50 | Loss=0.014618
10:45:22 [INFO]     Época 30/50 | Loss=0.013803
10:45:31 [INFO]     Época 40/50 | Loss=0.012274
10:45:39 [INFO]     Época 50/50 | Loss=0.011554
10:45:39 [INFO]   [256/960] CNN_w4_c16_k3_actleaky_relu_d0.1_dense32_e50_lr0.0005_b16  RMSE_test=0.0166  MAE_test=0.0125
10:45:55 [INFO]     Época 10/50 | Loss=0.003015
10:46:11 [INFO]     Época 20/50 | Loss=0.002570
10:46:27 [INFO]     Época 30/50 | Loss=0.002500
10:46:43 [INFO]     Época 40/50 | Loss=0.002393
10:46:59 [INFO]     Época 50/50 | Loss=0.002199
10:46:59 [INFO]   [257/960] CNN_w4_c32_k2_actrelu_d0.0_dense16_e50_lr0.001_b8  RMSE_test=0.0147  MAE_test=0.0110
10:47:07 [INFO]     Época 10/50 | Loss=0.002966
10:47:15 [INFO]     Época 20/50 | Loss=0.002468
10:47:23 [INFO]     Época 30/50 | Loss=0.002497
10:47:31 [INFO]     Época 40/50 | Loss=0.002313
10:47:39 [INFO]     Época 50/50 | Loss=0.002196
10:47:39 [INFO]   [258/960] CNN_w4_c32_k2_actrelu_d0.0_dense16_e50_lr0.001_b16  RMSE_test=0.0144  MAE_test=0.0110
10:47:55 [INFO]     Época 10/50 | Loss=0.002911
10:48:11 [INFO]     Época 20/50 | Loss=0.002485
10:48:27 [INFO]     Época 30/50 | Loss=0.002394
10:48:43 [INFO]     Época 40/50 | Loss=0.002303
10:48:59 [INFO]     Época 50/50 | Loss=0.002160
10:48:59 [INFO]   [259/960] CNN_w4_c32_k2_actrelu_d0.0_dense16_e50_lr0.0005_b8  RMSE_test=0.0140  MAE_test=0.0106
10:49:07 [INFO]     Época 10/50 | Loss=0.003135
10:49:15 [INFO]     Época 20/50 | Loss=0.002575
10:49:23 [INFO]     Época 30/50 | Loss=0.002431
10:49:32 [INFO]     Época 40/50 | Loss=0.002275
10:49:40 [INFO]     Época 50/50 | Loss=0.002153
10:49:40 [INFO]   [260/960] CNN_w4_c32_k2_actrelu_d0.0_dense16_e50_lr0.0005_b16  RMSE_test=0.0146  MAE_test=0.0110
10:49:56 [INFO]     Época 10/50 | Loss=0.002949
10:50:12 [INFO]     Época 20/50 | Loss=0.002482
10:50:28 [INFO]     Época 30/50 | Loss=0.002490
10:50:44 [INFO]     Época 40/50 | Loss=0.002335
10:51:01 [INFO]     Época 50/50 | Loss=0.002185
10:51:01 [INFO]   [261/960] CNN_w4_c32_k2_actrelu_d0.0_dense32_e50_lr0.001_b8  RMSE_test=0.0141  MAE_test=0.0105
10:51:09 [INFO]     Época 10/50 | Loss=0.002930
10:51:17 [INFO]     Época 20/50 | Loss=0.002452
10:51:25 [INFO]     Época 30/50 | Loss=0.002482
10:51:33 [INFO]     Época 40/50 | Loss=0.002293
10:51:41 [INFO]     Época 50/50 | Loss=0.002222
10:51:41 [INFO]   [262/960] CNN_w4_c32_k2_actrelu_d0.0_dense32_e50_lr0.001_b16  RMSE_test=0.0138  MAE_test=0.0105
10:51:57 [INFO]     Época 10/50 | Loss=0.002886
10:52:13 [INFO]     Época 20/50 | Loss=0.002548
10:52:29 [INFO]     Época 30/50 | Loss=0.002402
10:52:45 [INFO]     Época 40/50 | Loss=0.002310
10:53:01 [INFO]     Época 50/50 | Loss=0.002114
10:53:01 [INFO]   [263/960] CNN_w4_c32_k2_actrelu_d0.0_dense32_e50_lr0.0005_b8  RMSE_test=0.0141  MAE_test=0.0106
10:53:09 [INFO]     Época 10/50 | Loss=0.002854
10:53:18 [INFO]     Época 20/50 | Loss=0.002447
10:53:25 [INFO]     Época 30/50 | Loss=0.002515
10:53:33 [INFO]     Época 40/50 | Loss=0.002270
10:53:41 [INFO]     Época 50/50 | Loss=0.002151
10:53:41 [INFO]   [264/960] CNN_w4_c32_k2_actrelu_d0.0_dense32_e50_lr0.0005_b16  RMSE_test=0.0149  MAE_test=0.0114
10:53:57 [INFO]     Época 10/50 | Loss=0.002977
10:54:13 [INFO]     Época 20/50 | Loss=0.002559
10:54:29 [INFO]     Época 30/50 | Loss=0.002485
10:54:45 [INFO]     Época 40/50 | Loss=0.002330
10:55:01 [INFO]     Época 50/50 | Loss=0.002147
10:55:01 [INFO]   [265/960] CNN_w4_c32_k2_actleaky_relu_d0.0_dense16_e50_lr0.001_b8  RMSE_test=0.0139  MAE_test=0.0104
10:55:09 [INFO]     Época 10/50 | Loss=0.003018
10:55:17 [INFO]     Época 20/50 | Loss=0.002493
10:55:25 [INFO]     Época 30/50 | Loss=0.002509
10:55:32 [INFO]     Época 40/50 | Loss=0.002321
10:55:40 [INFO]     Época 50/50 | Loss=0.002231
10:55:40 [INFO]   [266/960] CNN_w4_c32_k2_actleaky_relu_d0.0_dense16_e50_lr0.001_b16  RMSE_test=0.0141  MAE_test=0.0108
10:55:56 [INFO]     Época 10/50 | Loss=0.002922
10:56:12 [INFO]     Época 20/50 | Loss=0.002545
10:56:28 [INFO]     Época 30/50 | Loss=0.002424
10:56:44 [INFO]     Época 40/50 | Loss=0.002329
10:57:00 [INFO]     Época 50/50 | Loss=0.002159
10:57:00 [INFO]   [267/960] CNN_w4_c32_k2_actleaky_relu_d0.0_dense16_e50_lr0.0005_b8  RMSE_test=0.0139  MAE_test=0.0104
10:57:08 [INFO]     Época 10/50 | Loss=0.003075
10:57:16 [INFO]     Época 20/50 | Loss=0.002511
10:57:24 [INFO]     Época 30/50 | Loss=0.002387
10:57:32 [INFO]     Época 40/50 | Loss=0.002250
10:57:40 [INFO]     Época 50/50 | Loss=0.002138
10:57:40 [INFO]   [268/960] CNN_w4_c32_k2_actleaky_relu_d0.0_dense16_e50_lr0.0005_b16  RMSE_test=0.0142  MAE_test=0.0108
10:57:55 [INFO]     Época 10/50 | Loss=0.002819
10:58:08 [INFO]     Época 20/50 | Loss=0.002459
10:58:21 [INFO]     Época 30/50 | Loss=0.002473
10:58:34 [INFO]     Época 40/50 | Loss=0.002359
10:58:47 [INFO]     Época 50/50 | Loss=0.002169
10:58:47 [INFO]   [269/960] CNN_w4_c32_k2_actleaky_relu_d0.0_dense32_e50_lr0.001_b8  RMSE_test=0.0147  MAE_test=0.0110
10:58:53 [INFO]     Época 10/50 | Loss=0.002874
10:59:00 [INFO]     Época 20/50 | Loss=0.002509
10:59:06 [INFO]     Época 30/50 | Loss=0.002497
10:59:13 [INFO]     Época 40/50 | Loss=0.002264
10:59:19 [INFO]     Época 50/50 | Loss=0.002187
10:59:19 [INFO]   [270/960] CNN_w4_c32_k2_actleaky_relu_d0.0_dense32_e50_lr0.001_b16  RMSE_test=0.0140  MAE_test=0.0107
10:59:32 [INFO]     Época 10/50 | Loss=0.002862
10:59:45 [INFO]     Época 20/50 | Loss=0.002479
10:59:58 [INFO]     Época 30/50 | Loss=0.002391
11:00:11 [INFO]     Época 40/50 | Loss=0.002287
11:00:24 [INFO]     Época 50/50 | Loss=0.002109
11:00:24 [INFO]   [271/960] CNN_w4_c32_k2_actleaky_relu_d0.0_dense32_e50_lr0.0005_b8  RMSE_test=0.0144  MAE_test=0.0108
11:00:30 [INFO]     Época 10/50 | Loss=0.002826
11:00:37 [INFO]     Época 20/50 | Loss=0.002435
11:00:43 [INFO]     Época 30/50 | Loss=0.002456
11:00:49 [INFO]     Época 40/50 | Loss=0.002237
11:00:56 [INFO]     Época 50/50 | Loss=0.002147
11:00:56 [INFO]   [272/960] CNN_w4_c32_k2_actleaky_relu_d0.0_dense32_e50_lr0.0005_b16  RMSE_test=0.0146  MAE_test=0.0111
11:01:09 [INFO]     Época 10/50 | Loss=0.024658
11:01:22 [INFO]     Época 20/50 | Loss=0.023226
11:01:32 [INFO]     Época 30/50 | Loss=0.021427
11:01:43 [INFO]     Época 40/50 | Loss=0.021270
11:01:53 [INFO]     Época 50/50 | Loss=0.022080
11:01:53 [INFO]   [273/960] CNN_w4_c32_k2_actrelu_d0.1_dense16_e50_lr0.001_b8  RMSE_test=0.0200  MAE_test=0.0151
11:01:59 [INFO]     Época 10/50 | Loss=0.023418
11:02:04 [INFO]     Época 20/50 | Loss=0.022905
11:02:09 [INFO]     Época 30/50 | Loss=0.022215
11:02:15 [INFO]     Época 40/50 | Loss=0.022266
11:02:20 [INFO]     Época 50/50 | Loss=0.021158
11:02:20 [INFO]   [274/960] CNN_w4_c32_k2_actrelu_d0.1_dense16_e50_lr0.001_b16  RMSE_test=0.0145  MAE_test=0.0106
11:02:30 [INFO]     Época 10/50 | Loss=0.024549
11:02:41 [INFO]     Época 20/50 | Loss=0.022707
11:02:52 [INFO]     Época 30/50 | Loss=0.021151
11:03:02 [INFO]     Época 40/50 | Loss=0.020759
11:03:13 [INFO]     Época 50/50 | Loss=0.021467
11:03:13 [INFO]   [275/960] CNN_w4_c32_k2_actrelu_d0.1_dense16_e50_lr0.0005_b8  RMSE_test=0.0158  MAE_test=0.0120
11:03:18 [INFO]     Época 10/50 | Loss=0.024194
11:03:24 [INFO]     Época 20/50 | Loss=0.023051
11:03:29 [INFO]     Época 30/50 | Loss=0.022371
11:03:34 [INFO]     Época 40/50 | Loss=0.022134
11:03:40 [INFO]     Época 50/50 | Loss=0.020992
11:03:40 [INFO]   [276/960] CNN_w4_c32_k2_actrelu_d0.1_dense16_e50_lr0.0005_b16  RMSE_test=0.0168  MAE_test=0.0125
11:03:50 [INFO]     Época 10/50 | Loss=0.015235
11:04:01 [INFO]     Época 20/50 | Loss=0.013961
11:04:11 [INFO]     Época 30/50 | Loss=0.013730
11:04:22 [INFO]     Época 40/50 | Loss=0.013200
11:04:33 [INFO]     Época 50/50 | Loss=0.014033
11:04:33 [INFO]   [277/960] CNN_w4_c32_k2_actrelu_d0.1_dense32_e50_lr0.001_b8  RMSE_test=0.0151  MAE_test=0.0115
11:04:38 [INFO]     Época 10/50 | Loss=0.015728
11:04:43 [INFO]     Época 20/50 | Loss=0.014437
11:04:49 [INFO]     Época 30/50 | Loss=0.014184
11:04:54 [INFO]     Época 40/50 | Loss=0.012833
11:04:59 [INFO]     Época 50/50 | Loss=0.012742
11:04:59 [INFO]   [278/960] CNN_w4_c32_k2_actrelu_d0.1_dense32_e50_lr0.001_b16  RMSE_test=0.0136  MAE_test=0.0102
11:05:10 [INFO]     Época 10/50 | Loss=0.015682
11:05:21 [INFO]     Época 20/50 | Loss=0.013662
11:05:31 [INFO]     Época 30/50 | Loss=0.013368
11:05:42 [INFO]     Época 40/50 | Loss=0.012594
11:05:52 [INFO]     Época 50/50 | Loss=0.013021
11:05:52 [INFO]   [279/960] CNN_w4_c32_k2_actrelu_d0.1_dense32_e50_lr0.0005_b8  RMSE_test=0.0133  MAE_test=0.0100
11:05:58 [INFO]     Época 10/50 | Loss=0.016182
11:06:03 [INFO]     Época 20/50 | Loss=0.014384
11:06:09 [INFO]     Época 30/50 | Loss=0.014047
11:06:14 [INFO]     Época 40/50 | Loss=0.013053
11:06:19 [INFO]     Época 50/50 | Loss=0.012842
11:06:19 [INFO]   [280/960] CNN_w4_c32_k2_actrelu_d0.1_dense32_e50_lr0.0005_b16  RMSE_test=0.0155  MAE_test=0.0119
11:06:30 [INFO]     Época 10/50 | Loss=0.022880
11:06:40 [INFO]     Época 20/50 | Loss=0.019173
11:06:51 [INFO]     Época 30/50 | Loss=0.016092
11:07:02 [INFO]     Época 40/50 | Loss=0.013938
11:07:12 [INFO]     Época 50/50 | Loss=0.014117
11:07:12 [INFO]   [281/960] CNN_w4_c32_k2_actleaky_relu_d0.1_dense16_e50_lr0.001_b8  RMSE_test=0.0191  MAE_test=0.0145
11:07:17 [INFO]     Época 10/50 | Loss=0.021132
11:07:23 [INFO]     Época 20/50 | Loss=0.020724
11:07:28 [INFO]     Época 30/50 | Loss=0.019059
11:07:33 [INFO]     Época 40/50 | Loss=0.017237
11:07:39 [INFO]     Época 50/50 | Loss=0.014250
11:07:39 [INFO]   [282/960] CNN_w4_c32_k2_actleaky_relu_d0.1_dense16_e50_lr0.001_b16  RMSE_test=0.0141  MAE_test=0.0105
11:07:49 [INFO]     Época 10/50 | Loss=0.022607
11:07:59 [INFO]     Época 20/50 | Loss=0.020171
11:08:10 [INFO]     Época 30/50 | Loss=0.018019
11:08:20 [INFO]     Época 40/50 | Loss=0.016372
11:08:30 [INFO]     Época 50/50 | Loss=0.015348
11:08:30 [INFO]   [283/960] CNN_w4_c32_k2_actleaky_relu_d0.1_dense16_e50_lr0.0005_b8  RMSE_test=0.0173  MAE_test=0.0134
11:08:35 [INFO]     Época 10/50 | Loss=0.021934
11:08:41 [INFO]     Época 20/50 | Loss=0.021135
11:08:46 [INFO]     Época 30/50 | Loss=0.019996
11:08:51 [INFO]     Época 40/50 | Loss=0.019405
11:08:56 [INFO]     Época 50/50 | Loss=0.017310
11:08:56 [INFO]   [284/960] CNN_w4_c32_k2_actleaky_relu_d0.1_dense16_e50_lr0.0005_b16  RMSE_test=0.0164  MAE_test=0.0123
11:09:07 [INFO]     Época 10/50 | Loss=0.014381
11:09:17 [INFO]     Época 20/50 | Loss=0.012626
11:09:28 [INFO]     Época 30/50 | Loss=0.011496
11:09:38 [INFO]     Época 40/50 | Loss=0.010291
11:09:49 [INFO]     Época 50/50 | Loss=0.011381
11:09:49 [INFO]   [285/960] CNN_w4_c32_k2_actleaky_relu_d0.1_dense32_e50_lr0.001_b8  RMSE_test=0.0144  MAE_test=0.0109
11:09:54 [INFO]     Época 10/50 | Loss=0.014782
11:09:59 [INFO]     Época 20/50 | Loss=0.013133
11:10:05 [INFO]     Época 30/50 | Loss=0.012773
11:10:10 [INFO]     Época 40/50 | Loss=0.011035
11:10:15 [INFO]     Época 50/50 | Loss=0.010337
11:10:15 [INFO]   [286/960] CNN_w4_c32_k2_actleaky_relu_d0.1_dense32_e50_lr0.001_b16  RMSE_test=0.0136  MAE_test=0.0102
11:10:26 [INFO]     Época 10/50 | Loss=0.014812
11:10:36 [INFO]     Época 20/50 | Loss=0.012887
11:10:47 [INFO]     Época 30/50 | Loss=0.012017
11:10:57 [INFO]     Época 40/50 | Loss=0.010645
11:11:08 [INFO]     Época 50/50 | Loss=0.010886
11:11:08 [INFO]   [287/960] CNN_w4_c32_k2_actleaky_relu_d0.1_dense32_e50_lr0.0005_b8  RMSE_test=0.0147  MAE_test=0.0109
11:11:13 [INFO]     Época 10/50 | Loss=0.015448
11:11:18 [INFO]     Época 20/50 | Loss=0.013514
11:11:23 [INFO]     Época 30/50 | Loss=0.013090
11:11:29 [INFO]     Época 40/50 | Loss=0.011808
11:11:34 [INFO]     Época 50/50 | Loss=0.011317
11:11:34 [INFO]   [288/960] CNN_w4_c32_k2_actleaky_relu_d0.1_dense32_e50_lr0.0005_b16  RMSE_test=0.0152  MAE_test=0.0117
11:11:43 [INFO]     Época 10/50 | Loss=0.003054
11:11:52 [INFO]     Época 20/50 | Loss=0.002646
11:12:02 [INFO]     Época 30/50 | Loss=0.002582
11:12:11 [INFO]     Época 40/50 | Loss=0.002454
11:12:20 [INFO]     Época 50/50 | Loss=0.002202
11:12:20 [INFO]   [289/960] CNN_w4_c32_k3_actrelu_d0.0_dense16_e50_lr0.001_b8  RMSE_test=0.0147  MAE_test=0.0110
11:12:25 [INFO]     Época 10/50 | Loss=0.003163
11:12:30 [INFO]     Época 20/50 | Loss=0.002573
11:12:35 [INFO]     Época 30/50 | Loss=0.002573
11:12:39 [INFO]     Época 40/50 | Loss=0.002335
11:12:44 [INFO]     Época 50/50 | Loss=0.002295
11:12:44 [INFO]   [290/960] CNN_w4_c32_k3_actrelu_d0.0_dense16_e50_lr0.001_b16  RMSE_test=0.0139  MAE_test=0.0106
11:12:53 [INFO]     Época 10/50 | Loss=0.002949
11:13:03 [INFO]     Época 20/50 | Loss=0.002540
11:13:12 [INFO]     Época 30/50 | Loss=0.002492
11:13:21 [INFO]     Época 40/50 | Loss=0.002377
11:13:30 [INFO]     Época 50/50 | Loss=0.002170
11:13:30 [INFO]   [291/960] CNN_w4_c32_k3_actrelu_d0.0_dense16_e50_lr0.0005_b8  RMSE_test=0.0139  MAE_test=0.0104
11:13:35 [INFO]     Época 10/50 | Loss=0.003171
11:13:40 [INFO]     Época 20/50 | Loss=0.002607
11:13:45 [INFO]     Época 30/50 | Loss=0.002460
11:13:50 [INFO]     Época 40/50 | Loss=0.002332
11:13:55 [INFO]     Época 50/50 | Loss=0.002196
11:13:55 [INFO]   [292/960] CNN_w4_c32_k3_actrelu_d0.0_dense16_e50_lr0.0005_b16  RMSE_test=0.0143  MAE_test=0.0111
11:14:04 [INFO]     Época 10/50 | Loss=0.003112
11:14:14 [INFO]     Época 20/50 | Loss=0.002593
11:14:23 [INFO]     Época 30/50 | Loss=0.002563
11:14:33 [INFO]     Época 40/50 | Loss=0.002472
11:14:42 [INFO]     Época 50/50 | Loss=0.002223
11:14:42 [INFO]   [293/960] CNN_w4_c32_k3_actrelu_d0.0_dense32_e50_lr0.001_b8  RMSE_test=0.0148  MAE_test=0.0113
11:14:47 [INFO]     Época 10/50 | Loss=0.003099
11:14:52 [INFO]     Época 20/50 | Loss=0.002616
11:14:57 [INFO]     Época 30/50 | Loss=0.002662
11:15:01 [INFO]     Época 40/50 | Loss=0.002387
11:15:06 [INFO]     Época 50/50 | Loss=0.002293
11:15:06 [INFO]   [294/960] CNN_w4_c32_k3_actrelu_d0.0_dense32_e50_lr0.001_b16  RMSE_test=0.0142  MAE_test=0.0109
11:15:15 [INFO]     Época 10/50 | Loss=0.003085
11:15:25 [INFO]     Época 20/50 | Loss=0.002608
11:15:34 [INFO]     Época 30/50 | Loss=0.002566
11:15:43 [INFO]     Época 40/50 | Loss=0.002451
11:15:53 [INFO]     Época 50/50 | Loss=0.002249
11:15:53 [INFO]   [295/960] CNN_w4_c32_k3_actrelu_d0.0_dense32_e50_lr0.0005_b8  RMSE_test=0.0141  MAE_test=0.0107
11:15:57 [INFO]     Época 10/50 | Loss=0.003129
11:16:02 [INFO]     Época 20/50 | Loss=0.002528
11:16:07 [INFO]     Época 30/50 | Loss=0.002468
11:16:12 [INFO]     Época 40/50 | Loss=0.002317
11:16:17 [INFO]     Época 50/50 | Loss=0.002203
11:16:17 [INFO]   [296/960] CNN_w4_c32_k3_actrelu_d0.0_dense32_e50_lr0.0005_b16  RMSE_test=0.0138  MAE_test=0.0106
11:16:26 [INFO]     Época 10/50 | Loss=0.003038
11:16:35 [INFO]     Época 20/50 | Loss=0.002711
11:16:44 [INFO]     Época 30/50 | Loss=0.002617
11:16:53 [INFO]     Época 40/50 | Loss=0.002483
11:17:03 [INFO]     Época 50/50 | Loss=0.002200
11:17:03 [INFO]   [297/960] CNN_w4_c32_k3_actleaky_relu_d0.0_dense16_e50_lr0.001_b8  RMSE_test=0.0138  MAE_test=0.0103
11:17:08 [INFO]     Época 10/50 | Loss=0.003111
11:17:13 [INFO]     Época 20/50 | Loss=0.002533
11:17:17 [INFO]     Época 30/50 | Loss=0.002564
11:17:22 [INFO]     Época 40/50 | Loss=0.002327
11:17:27 [INFO]     Época 50/50 | Loss=0.002296
11:17:27 [INFO]   [298/960] CNN_w4_c32_k3_actleaky_relu_d0.0_dense16_e50_lr0.001_b16  RMSE_test=0.0136  MAE_test=0.0102
11:17:36 [INFO]     Época 10/50 | Loss=0.002930
11:17:46 [INFO]     Época 20/50 | Loss=0.002561
11:17:55 [INFO]     Época 30/50 | Loss=0.002577
11:18:04 [INFO]     Época 40/50 | Loss=0.002417
11:18:14 [INFO]     Época 50/50 | Loss=0.002217
11:18:14 [INFO]   [299/960] CNN_w4_c32_k3_actleaky_relu_d0.0_dense16_e50_lr0.0005_b8  RMSE_test=0.0137  MAE_test=0.0102
11:18:18 [INFO]     Época 10/50 | Loss=0.003186
11:18:23 [INFO]     Época 20/50 | Loss=0.002622
11:18:28 [INFO]     Época 30/50 | Loss=0.002465
11:18:33 [INFO]     Época 40/50 | Loss=0.002315
11:18:38 [INFO]     Época 50/50 | Loss=0.002203
11:18:38 [INFO]   [300/960] CNN_w4_c32_k3_actleaky_relu_d0.0_dense16_e50_lr0.0005_b16  RMSE_test=0.0141  MAE_test=0.0108
11:18:47 [INFO]     Época 10/50 | Loss=0.003171
11:18:56 [INFO]     Época 20/50 | Loss=0.002726
11:19:06 [INFO]     Época 30/50 | Loss=0.002526
11:19:15 [INFO]     Época 40/50 | Loss=0.002418
11:19:24 [INFO]     Época 50/50 | Loss=0.002188
11:19:24 [INFO]   [301/960] CNN_w4_c32_k3_actleaky_relu_d0.0_dense32_e50_lr0.001_b8  RMSE_test=0.0142  MAE_test=0.0107
11:19:29 [INFO]     Época 10/50 | Loss=0.003096
11:19:34 [INFO]     Época 20/50 | Loss=0.002626
11:19:39 [INFO]     Época 30/50 | Loss=0.002685
11:19:44 [INFO]     Época 40/50 | Loss=0.002316
11:19:48 [INFO]     Época 50/50 | Loss=0.002227
11:19:48 [INFO]   [302/960] CNN_w4_c32_k3_actleaky_relu_d0.0_dense32_e50_lr0.001_b16  RMSE_test=0.0137  MAE_test=0.0103
11:19:58 [INFO]     Época 10/50 | Loss=0.003101
11:20:07 [INFO]     Época 20/50 | Loss=0.002553
11:20:16 [INFO]     Época 30/50 | Loss=0.002550
11:20:26 [INFO]     Época 40/50 | Loss=0.002422
11:20:35 [INFO]     Época 50/50 | Loss=0.002208
11:20:35 [INFO]   [303/960] CNN_w4_c32_k3_actleaky_relu_d0.0_dense32_e50_lr0.0005_b8  RMSE_test=0.0143  MAE_test=0.0108
11:20:40 [INFO]     Época 10/50 | Loss=0.003162
11:20:44 [INFO]     Época 20/50 | Loss=0.002523
11:20:49 [INFO]     Época 30/50 | Loss=0.002478
11:20:54 [INFO]     Época 40/50 | Loss=0.002284
11:20:58 [INFO]     Época 50/50 | Loss=0.002198
11:20:58 [INFO]   [304/960] CNN_w4_c32_k3_actleaky_relu_d0.0_dense32_e50_lr0.0005_b16  RMSE_test=0.0135  MAE_test=0.0102
11:21:09 [INFO]     Época 10/50 | Loss=0.024070
11:21:19 [INFO]     Época 20/50 | Loss=0.022491
11:21:30 [INFO]     Época 30/50 | Loss=0.021887
11:21:41 [INFO]     Época 40/50 | Loss=0.021007
11:21:51 [INFO]     Época 50/50 | Loss=0.021102
11:21:51 [INFO]   [305/960] CNN_w4_c32_k3_actrelu_d0.1_dense16_e50_lr0.001_b8  RMSE_test=0.0217  MAE_test=0.0166
11:21:57 [INFO]     Época 10/50 | Loss=0.024456
11:22:02 [INFO]     Época 20/50 | Loss=0.021248
11:22:07 [INFO]     Época 30/50 | Loss=0.021654
11:22:13 [INFO]     Época 40/50 | Loss=0.019841
11:22:18 [INFO]     Época 50/50 | Loss=0.019795
11:22:18 [INFO]   [306/960] CNN_w4_c32_k3_actrelu_d0.1_dense16_e50_lr0.001_b16  RMSE_test=0.0143  MAE_test=0.0108
11:22:28 [INFO]     Época 10/50 | Loss=0.023404
11:22:39 [INFO]     Época 20/50 | Loss=0.021697
11:22:49 [INFO]     Época 30/50 | Loss=0.020284
11:23:00 [INFO]     Época 40/50 | Loss=0.019248
11:23:11 [INFO]     Época 50/50 | Loss=0.019926
11:23:11 [INFO]   [307/960] CNN_w4_c32_k3_actrelu_d0.1_dense16_e50_lr0.0005_b8  RMSE_test=0.0155  MAE_test=0.0116
11:23:16 [INFO]     Época 10/50 | Loss=0.024768
11:23:21 [INFO]     Época 20/50 | Loss=0.021189
11:23:26 [INFO]     Época 30/50 | Loss=0.021240
11:23:32 [INFO]     Época 40/50 | Loss=0.019606
11:23:37 [INFO]     Época 50/50 | Loss=0.019502
11:23:37 [INFO]   [308/960] CNN_w4_c32_k3_actrelu_d0.1_dense16_e50_lr0.0005_b16  RMSE_test=0.0140  MAE_test=0.0106
11:23:47 [INFO]     Época 10/50 | Loss=0.016117
11:23:58 [INFO]     Época 20/50 | Loss=0.015633
11:24:08 [INFO]     Época 30/50 | Loss=0.014677
11:24:19 [INFO]     Época 40/50 | Loss=0.014548
11:24:29 [INFO]     Época 50/50 | Loss=0.015046
11:24:29 [INFO]   [309/960] CNN_w4_c32_k3_actrelu_d0.1_dense32_e50_lr0.001_b8  RMSE_test=0.0158  MAE_test=0.0125
11:24:35 [INFO]     Época 10/50 | Loss=0.015409
11:24:40 [INFO]     Época 20/50 | Loss=0.013870
11:24:45 [INFO]     Época 30/50 | Loss=0.013889
11:24:51 [INFO]     Época 40/50 | Loss=0.013756
11:24:56 [INFO]     Época 50/50 | Loss=0.013348
11:24:56 [INFO]   [310/960] CNN_w4_c32_k3_actrelu_d0.1_dense32_e50_lr0.001_b16  RMSE_test=0.0137  MAE_test=0.0102
11:25:06 [INFO]     Época 10/50 | Loss=0.015418
11:25:17 [INFO]     Época 20/50 | Loss=0.013655
11:25:27 [INFO]     Época 30/50 | Loss=0.013111
11:25:38 [INFO]     Época 40/50 | Loss=0.012502
11:25:48 [INFO]     Época 50/50 | Loss=0.012527
11:25:48 [INFO]   [311/960] CNN_w4_c32_k3_actrelu_d0.1_dense32_e50_lr0.0005_b8  RMSE_test=0.0136  MAE_test=0.0101
11:25:54 [INFO]     Época 10/50 | Loss=0.016155
11:25:59 [INFO]     Época 20/50 | Loss=0.014156
11:26:04 [INFO]     Época 30/50 | Loss=0.013771
11:26:10 [INFO]     Época 40/50 | Loss=0.013503
11:26:15 [INFO]     Época 50/50 | Loss=0.012957
11:26:15 [INFO]   [312/960] CNN_w4_c32_k3_actrelu_d0.1_dense32_e50_lr0.0005_b16  RMSE_test=0.0146  MAE_test=0.0112
11:26:25 [INFO]     Época 10/50 | Loss=0.022340
11:26:36 [INFO]     Época 20/50 | Loss=0.016600
11:26:46 [INFO]     Época 30/50 | Loss=0.014435
11:26:57 [INFO]     Época 40/50 | Loss=0.013897
11:27:07 [INFO]     Época 50/50 | Loss=0.013362
11:27:07 [INFO]   [313/960] CNN_w4_c32_k3_actleaky_relu_d0.1_dense16_e50_lr0.001_b8  RMSE_test=0.0146  MAE_test=0.0110
11:27:12 [INFO]     Época 10/50 | Loss=0.023950
11:27:18 [INFO]     Época 20/50 | Loss=0.019732
11:27:23 [INFO]     Época 30/50 | Loss=0.017200
11:27:28 [INFO]     Época 40/50 | Loss=0.014718
11:27:34 [INFO]     Época 50/50 | Loss=0.014024
11:27:34 [INFO]   [314/960] CNN_w4_c32_k3_actleaky_relu_d0.1_dense16_e50_lr0.001_b16  RMSE_test=0.0131  MAE_test=0.0097
11:27:44 [INFO]     Época 10/50 | Loss=0.022782
11:27:55 [INFO]     Época 20/50 | Loss=0.020272
11:28:05 [INFO]     Época 30/50 | Loss=0.016689
11:28:15 [INFO]     Época 40/50 | Loss=0.014485
11:28:26 [INFO]     Época 50/50 | Loss=0.013984
11:28:26 [INFO]   [315/960] CNN_w4_c32_k3_actleaky_relu_d0.1_dense16_e50_lr0.0005_b8  RMSE_test=0.0147  MAE_test=0.0112
11:28:31 [INFO]     Época 10/50 | Loss=0.024404
11:28:36 [INFO]     Época 20/50 | Loss=0.020581
11:28:42 [INFO]     Época 30/50 | Loss=0.020004
11:28:47 [INFO]     Época 40/50 | Loss=0.017156
11:28:52 [INFO]     Época 50/50 | Loss=0.015326
11:28:52 [INFO]   [316/960] CNN_w4_c32_k3_actleaky_relu_d0.1_dense16_e50_lr0.0005_b16  RMSE_test=0.0139  MAE_test=0.0104
11:29:02 [INFO]     Época 10/50 | Loss=0.014863
11:29:13 [INFO]     Época 20/50 | Loss=0.013013
11:29:23 [INFO]     Época 30/50 | Loss=0.011241
11:29:33 [INFO]     Época 40/50 | Loss=0.010594
11:29:43 [INFO]     Época 50/50 | Loss=0.010794
11:29:43 [INFO]   [317/960] CNN_w4_c32_k3_actleaky_relu_d0.1_dense32_e50_lr0.001_b8  RMSE_test=0.0151  MAE_test=0.0118
11:29:48 [INFO]     Época 10/50 | Loss=0.014590
11:29:53 [INFO]     Época 20/50 | Loss=0.012624
11:29:58 [INFO]     Época 30/50 | Loss=0.012141
11:30:04 [INFO]     Época 40/50 | Loss=0.011026
11:30:09 [INFO]     Época 50/50 | Loss=0.010190
11:30:09 [INFO]   [318/960] CNN_w4_c32_k3_actleaky_relu_d0.1_dense32_e50_lr0.001_b16  RMSE_test=0.0140  MAE_test=0.0106
11:30:19 [INFO]     Época 10/50 | Loss=0.014824
11:30:30 [INFO]     Época 20/50 | Loss=0.012838
11:30:40 [INFO]     Época 30/50 | Loss=0.011560
11:30:51 [INFO]     Época 40/50 | Loss=0.010382
11:31:01 [INFO]     Época 50/50 | Loss=0.010218
11:31:01 [INFO]   [319/960] CNN_w4_c32_k3_actleaky_relu_d0.1_dense32_e50_lr0.0005_b8  RMSE_test=0.0145  MAE_test=0.0112
11:31:06 [INFO]     Época 10/50 | Loss=0.015216
11:31:11 [INFO]     Época 20/50 | Loss=0.013198
11:31:17 [INFO]     Época 30/50 | Loss=0.012624
11:31:22 [INFO]     Época 40/50 | Loss=0.011553
11:31:27 [INFO]     Época 50/50 | Loss=0.010794
11:31:27 [INFO]   [320/960] CNN_w4_c32_k3_actleaky_relu_d0.1_dense32_e50_lr0.0005_b16  RMSE_test=0.0139  MAE_test=0.0105
11:31:38 [INFO]     Época 10/50 | Loss=0.003332
11:31:49 [INFO]     Época 20/50 | Loss=0.002780
11:32:01 [INFO]     Época 30/50 | Loss=0.002576
11:32:12 [INFO]     Época 40/50 | Loss=0.002541
11:32:23 [INFO]     Época 50/50 | Loss=0.002285
11:32:23 [INFO]   [321/960] CNN_w4_c16x32_k2_actrelu_d0.0_dense16_e50_lr0.001_b8  RMSE_test=0.0153  MAE_test=0.0114
11:32:28 [INFO]     Época 10/50 | Loss=0.003236
11:32:34 [INFO]     Época 20/50 | Loss=0.002589
11:32:39 [INFO]     Época 30/50 | Loss=0.002796
11:32:45 [INFO]     Época 40/50 | Loss=0.002513
11:32:50 [INFO]     Época 50/50 | Loss=0.002410
11:32:50 [INFO]   [322/960] CNN_w4_c16x32_k2_actrelu_d0.0_dense16_e50_lr0.001_b16  RMSE_test=0.0146  MAE_test=0.0113
11:33:01 [INFO]     Época 10/50 | Loss=0.003115
11:33:13 [INFO]     Época 20/50 | Loss=0.002616
11:33:24 [INFO]     Época 30/50 | Loss=0.002467
11:33:35 [INFO]     Época 40/50 | Loss=0.002435
11:33:46 [INFO]     Época 50/50 | Loss=0.002270
11:33:46 [INFO]   [323/960] CNN_w4_c16x32_k2_actrelu_d0.0_dense16_e50_lr0.0005_b8  RMSE_test=0.0141  MAE_test=0.0105
11:33:51 [INFO]     Época 10/50 | Loss=0.003431
11:33:57 [INFO]     Época 20/50 | Loss=0.002519
11:34:03 [INFO]     Época 30/50 | Loss=0.002552
11:34:08 [INFO]     Época 40/50 | Loss=0.002366
11:34:14 [INFO]     Época 50/50 | Loss=0.002307
11:34:14 [INFO]   [324/960] CNN_w4_c16x32_k2_actrelu_d0.0_dense16_e50_lr0.0005_b16  RMSE_test=0.0146  MAE_test=0.0113
11:34:25 [INFO]     Época 10/50 | Loss=0.003129
11:34:36 [INFO]     Época 20/50 | Loss=0.002628
11:34:47 [INFO]     Época 30/50 | Loss=0.002576
11:34:58 [INFO]     Época 40/50 | Loss=0.002445
11:35:09 [INFO]     Época 50/50 | Loss=0.002196
11:35:09 [INFO]   [325/960] CNN_w4_c16x32_k2_actrelu_d0.0_dense32_e50_lr0.001_b8  RMSE_test=0.0149  MAE_test=0.0111
11:35:15 [INFO]     Época 10/50 | Loss=0.003323
11:35:20 [INFO]     Época 20/50 | Loss=0.002567
11:35:26 [INFO]     Época 30/50 | Loss=0.002702
11:35:32 [INFO]     Época 40/50 | Loss=0.002483
11:35:37 [INFO]     Época 50/50 | Loss=0.002301
11:35:37 [INFO]   [326/960] CNN_w4_c16x32_k2_actrelu_d0.0_dense32_e50_lr0.001_b16  RMSE_test=0.0154  MAE_test=0.0119
11:35:48 [INFO]     Época 10/50 | Loss=0.003154
11:36:00 [INFO]     Época 20/50 | Loss=0.002646
11:36:11 [INFO]     Época 30/50 | Loss=0.002473
11:36:22 [INFO]     Época 40/50 | Loss=0.002412
11:36:33 [INFO]     Época 50/50 | Loss=0.002214
11:36:33 [INFO]   [327/960] CNN_w4_c16x32_k2_actrelu_d0.0_dense32_e50_lr0.0005_b8  RMSE_test=0.0152  MAE_test=0.0113
11:36:39 [INFO]     Época 10/50 | Loss=0.003229
11:36:44 [INFO]     Época 20/50 | Loss=0.002492
11:36:50 [INFO]     Época 30/50 | Loss=0.002568
11:36:56 [INFO]     Época 40/50 | Loss=0.002381
11:37:01 [INFO]     Época 50/50 | Loss=0.002270
11:37:01 [INFO]   [328/960] CNN_w4_c16x32_k2_actrelu_d0.0_dense32_e50_lr0.0005_b16  RMSE_test=0.0161  MAE_test=0.0124
11:37:12 [INFO]     Época 10/50 | Loss=0.003307
11:37:23 [INFO]     Época 20/50 | Loss=0.002755
11:37:34 [INFO]     Época 30/50 | Loss=0.002597
11:37:44 [INFO]     Época 40/50 | Loss=0.002532
11:37:55 [INFO]     Época 50/50 | Loss=0.002269
11:37:55 [INFO]   [329/960] CNN_w4_c16x32_k2_actleaky_relu_d0.0_dense16_e50_lr0.001_b8  RMSE_test=0.0152  MAE_test=0.0115
11:38:00 [INFO]     Época 10/50 | Loss=0.003235
11:38:06 [INFO]     Época 20/50 | Loss=0.002578
11:38:11 [INFO]     Época 30/50 | Loss=0.002734
11:38:17 [INFO]     Época 40/50 | Loss=0.002537
11:38:22 [INFO]     Época 50/50 | Loss=0.002374
11:38:22 [INFO]   [330/960] CNN_w4_c16x32_k2_actleaky_relu_d0.0_dense16_e50_lr0.001_b16  RMSE_test=0.0151  MAE_test=0.0117
11:38:33 [INFO]     Época 10/50 | Loss=0.003176
11:38:43 [INFO]     Época 20/50 | Loss=0.002655
11:38:54 [INFO]     Época 30/50 | Loss=0.002546
11:39:05 [INFO]     Época 40/50 | Loss=0.002484
11:39:15 [INFO]     Época 50/50 | Loss=0.002322
11:39:15 [INFO]   [331/960] CNN_w4_c16x32_k2_actleaky_relu_d0.0_dense16_e50_lr0.0005_b8  RMSE_test=0.0139  MAE_test=0.0103
11:39:21 [INFO]     Época 10/50 | Loss=0.003343
11:39:26 [INFO]     Época 20/50 | Loss=0.002503
11:39:32 [INFO]     Época 30/50 | Loss=0.002621
11:39:37 [INFO]     Época 40/50 | Loss=0.002416
11:39:42 [INFO]     Época 50/50 | Loss=0.002309
11:39:42 [INFO]   [332/960] CNN_w4_c16x32_k2_actleaky_relu_d0.0_dense16_e50_lr0.0005_b16  RMSE_test=0.0143  MAE_test=0.0110
11:39:53 [INFO]     Época 10/50 | Loss=0.003213
11:40:04 [INFO]     Época 20/50 | Loss=0.002614
11:40:14 [INFO]     Época 30/50 | Loss=0.002538
11:40:25 [INFO]     Época 40/50 | Loss=0.002508
11:40:36 [INFO]     Época 50/50 | Loss=0.002221
11:40:36 [INFO]   [333/960] CNN_w4_c16x32_k2_actleaky_relu_d0.0_dense32_e50_lr0.001_b8  RMSE_test=0.0149  MAE_test=0.0111
11:40:41 [INFO]     Época 10/50 | Loss=0.003378
11:40:46 [INFO]     Época 20/50 | Loss=0.002503
11:40:52 [INFO]     Época 30/50 | Loss=0.002707
11:40:57 [INFO]     Época 40/50 | Loss=0.002407
11:41:03 [INFO]     Época 50/50 | Loss=0.002289
11:41:03 [INFO]   [334/960] CNN_w4_c16x32_k2_actleaky_relu_d0.0_dense32_e50_lr0.001_b16  RMSE_test=0.0149  MAE_test=0.0113
11:41:13 [INFO]     Época 10/50 | Loss=0.003151
11:41:24 [INFO]     Época 20/50 | Loss=0.002623
11:41:35 [INFO]     Época 30/50 | Loss=0.002407
11:41:46 [INFO]     Época 40/50 | Loss=0.002400
11:41:57 [INFO]     Época 50/50 | Loss=0.002197
11:41:57 [INFO]   [335/960] CNN_w4_c16x32_k2_actleaky_relu_d0.0_dense32_e50_lr0.0005_b8  RMSE_test=0.0152  MAE_test=0.0115
11:42:02 [INFO]     Época 10/50 | Loss=0.003270
11:42:08 [INFO]     Época 20/50 | Loss=0.002450
11:42:13 [INFO]     Época 30/50 | Loss=0.002552
11:42:19 [INFO]     Época 40/50 | Loss=0.002363
11:42:24 [INFO]     Época 50/50 | Loss=0.002273
11:42:24 [INFO]   [336/960] CNN_w4_c16x32_k2_actleaky_relu_d0.0_dense32_e50_lr0.0005_b16  RMSE_test=0.0160  MAE_test=0.0124
11:42:37 [INFO]     Época 10/50 | Loss=0.027522
11:42:49 [INFO]     Época 20/50 | Loss=0.026053
11:43:01 [INFO]     Época 30/50 | Loss=0.023824
11:43:13 [INFO]     Época 40/50 | Loss=0.025160
11:43:25 [INFO]     Época 50/50 | Loss=0.023574
11:43:25 [INFO]   [337/960] CNN_w4_c16x32_k2_actrelu_d0.1_dense16_e50_lr0.001_b8  RMSE_test=0.0257  MAE_test=0.0196
11:43:31 [INFO]     Época 10/50 | Loss=0.026154
11:43:38 [INFO]     Época 20/50 | Loss=0.023912
11:43:44 [INFO]     Época 30/50 | Loss=0.021646
11:43:50 [INFO]     Época 40/50 | Loss=0.021923
11:43:56 [INFO]     Época 50/50 | Loss=0.022129
11:43:56 [INFO]   [338/960] CNN_w4_c16x32_k2_actrelu_d0.1_dense16_e50_lr0.001_b16  RMSE_test=0.0224  MAE_test=0.0173
11:44:08 [INFO]     Época 10/50 | Loss=0.027202
11:44:20 [INFO]     Época 20/50 | Loss=0.024325
11:44:32 [INFO]     Época 30/50 | Loss=0.021109
11:44:44 [INFO]     Época 40/50 | Loss=0.022194
11:44:56 [INFO]     Época 50/50 | Loss=0.021046
11:44:56 [INFO]   [339/960] CNN_w4_c16x32_k2_actrelu_d0.1_dense16_e50_lr0.0005_b8  RMSE_test=0.0205  MAE_test=0.0155
11:45:02 [INFO]     Época 10/50 | Loss=0.029308
11:45:08 [INFO]     Época 20/50 | Loss=0.026284
11:45:14 [INFO]     Época 30/50 | Loss=0.022618
11:45:20 [INFO]     Época 40/50 | Loss=0.023713
11:45:26 [INFO]     Época 50/50 | Loss=0.023501
11:45:26 [INFO]   [340/960] CNN_w4_c16x32_k2_actrelu_d0.1_dense16_e50_lr0.0005_b16  RMSE_test=0.0214  MAE_test=0.0165
11:45:38 [INFO]     Época 10/50 | Loss=0.018402
11:45:49 [INFO]     Época 20/50 | Loss=0.016563
11:46:01 [INFO]     Época 30/50 | Loss=0.015868
11:46:13 [INFO]     Época 40/50 | Loss=0.013950
11:46:25 [INFO]     Época 50/50 | Loss=0.013961
11:46:25 [INFO]   [341/960] CNN_w4_c16x32_k2_actrelu_d0.1_dense32_e50_lr0.001_b8  RMSE_test=0.0200  MAE_test=0.0152
11:46:31 [INFO]     Época 10/50 | Loss=0.018755
11:46:37 [INFO]     Época 20/50 | Loss=0.015912
11:46:43 [INFO]     Época 30/50 | Loss=0.015319
11:46:48 [INFO]     Época 40/50 | Loss=0.015208
11:46:54 [INFO]     Época 50/50 | Loss=0.014147
11:46:54 [INFO]   [342/960] CNN_w4_c16x32_k2_actrelu_d0.1_dense32_e50_lr0.001_b16  RMSE_test=0.0179  MAE_test=0.0137
11:47:06 [INFO]     Época 10/50 | Loss=0.018132
11:47:18 [INFO]     Época 20/50 | Loss=0.016272
11:47:30 [INFO]     Época 30/50 | Loss=0.015279
11:47:42 [INFO]     Época 40/50 | Loss=0.013380
11:47:53 [INFO]     Época 50/50 | Loss=0.013579
11:47:53 [INFO]   [343/960] CNN_w4_c16x32_k2_actrelu_d0.1_dense32_e50_lr0.0005_b8  RMSE_test=0.0225  MAE_test=0.0172
11:47:59 [INFO]     Época 10/50 | Loss=0.020040
11:48:05 [INFO]     Época 20/50 | Loss=0.016352
11:48:11 [INFO]     Época 30/50 | Loss=0.015186
11:48:17 [INFO]     Época 40/50 | Loss=0.015666
11:48:23 [INFO]     Época 50/50 | Loss=0.013588
11:48:23 [INFO]   [344/960] CNN_w4_c16x32_k2_actrelu_d0.1_dense32_e50_lr0.0005_b16  RMSE_test=0.0185  MAE_test=0.0143
11:48:35 [INFO]     Época 10/50 | Loss=0.023787
11:48:47 [INFO]     Época 20/50 | Loss=0.020230
11:48:58 [INFO]     Época 30/50 | Loss=0.015550
11:49:10 [INFO]     Época 40/50 | Loss=0.015443
11:49:22 [INFO]     Época 50/50 | Loss=0.013860
11:49:22 [INFO]   [345/960] CNN_w4_c16x32_k2_actleaky_relu_d0.1_dense16_e50_lr0.001_b8  RMSE_test=0.0196  MAE_test=0.0151
11:49:28 [INFO]     Época 10/50 | Loss=0.024880
11:49:34 [INFO]     Época 20/50 | Loss=0.021445
11:49:40 [INFO]     Época 30/50 | Loss=0.017739
11:49:46 [INFO]     Época 40/50 | Loss=0.016575
11:49:52 [INFO]     Época 50/50 | Loss=0.015142
11:49:52 [INFO]   [346/960] CNN_w4_c16x32_k2_actleaky_relu_d0.1_dense16_e50_lr0.001_b16  RMSE_test=0.0236  MAE_test=0.0184
11:50:04 [INFO]     Época 10/50 | Loss=0.025509
11:50:16 [INFO]     Época 20/50 | Loss=0.021978
11:50:27 [INFO]     Época 30/50 | Loss=0.017713
11:50:39 [INFO]     Época 40/50 | Loss=0.016492
11:50:51 [INFO]     Época 50/50 | Loss=0.014062
11:50:51 [INFO]   [347/960] CNN_w4_c16x32_k2_actleaky_relu_d0.1_dense16_e50_lr0.0005_b8  RMSE_test=0.0200  MAE_test=0.0151
11:50:57 [INFO]     Época 10/50 | Loss=0.027242
11:51:03 [INFO]     Época 20/50 | Loss=0.023943
11:51:09 [INFO]     Época 30/50 | Loss=0.019822
11:51:15 [INFO]     Época 40/50 | Loss=0.019341
11:51:20 [INFO]     Época 50/50 | Loss=0.017140
11:51:20 [INFO]   [348/960] CNN_w4_c16x32_k2_actleaky_relu_d0.1_dense16_e50_lr0.0005_b16  RMSE_test=0.0213  MAE_test=0.0166
11:51:32 [INFO]     Época 10/50 | Loss=0.017422
11:51:44 [INFO]     Época 20/50 | Loss=0.014236
11:51:56 [INFO]     Época 30/50 | Loss=0.012722
11:52:08 [INFO]     Época 40/50 | Loss=0.011302
11:52:19 [INFO]     Época 50/50 | Loss=0.010543
11:52:19 [INFO]   [349/960] CNN_w4_c16x32_k2_actleaky_relu_d0.1_dense32_e50_lr0.001_b8  RMSE_test=0.0196  MAE_test=0.0155
11:52:25 [INFO]     Época 10/50 | Loss=0.018146
11:52:31 [INFO]     Época 20/50 | Loss=0.014583
11:52:37 [INFO]     Época 30/50 | Loss=0.013149
11:52:43 [INFO]     Época 40/50 | Loss=0.011877
11:52:49 [INFO]     Época 50/50 | Loss=0.010799
11:52:49 [INFO]   [350/960] CNN_w4_c16x32_k2_actleaky_relu_d0.1_dense32_e50_lr0.001_b16  RMSE_test=0.0181  MAE_test=0.0140
11:53:01 [INFO]     Época 10/50 | Loss=0.017671
11:53:13 [INFO]     Época 20/50 | Loss=0.015092
11:53:25 [INFO]     Época 30/50 | Loss=0.013671
11:53:37 [INFO]     Época 40/50 | Loss=0.011719
11:53:49 [INFO]     Época 50/50 | Loss=0.011130
11:53:49 [INFO]   [351/960] CNN_w4_c16x32_k2_actleaky_relu_d0.1_dense32_e50_lr0.0005_b8  RMSE_test=0.0222  MAE_test=0.0168
11:53:55 [INFO]     Época 10/50 | Loss=0.019458
11:54:01 [INFO]     Época 20/50 | Loss=0.015948
11:54:07 [INFO]     Época 30/50 | Loss=0.014378
11:54:13 [INFO]     Época 40/50 | Loss=0.013737
11:54:19 [INFO]     Época 50/50 | Loss=0.011549
11:54:19 [INFO]   [352/960] CNN_w4_c16x32_k2_actleaky_relu_d0.1_dense32_e50_lr0.0005_b16  RMSE_test=0.0188  MAE_test=0.0143
11:54:29 [INFO]     Época 10/50 | Loss=0.003449
11:54:40 [INFO]     Época 20/50 | Loss=0.002777
11:54:50 [INFO]     Época 30/50 | Loss=0.002597
11:55:01 [INFO]     Época 40/50 | Loss=0.002471
11:55:12 [INFO]     Época 50/50 | Loss=0.002195
11:55:12 [INFO]   [353/960] CNN_w4_c16x32_k3_actrelu_d0.0_dense16_e50_lr0.001_b8  RMSE_test=0.0142  MAE_test=0.0107
11:55:17 [INFO]     Época 10/50 | Loss=0.003286
11:55:22 [INFO]     Época 20/50 | Loss=0.002630
11:55:28 [INFO]     Época 30/50 | Loss=0.002752
11:55:33 [INFO]     Época 40/50 | Loss=0.002407
11:55:39 [INFO]     Época 50/50 | Loss=0.002297
11:55:39 [INFO]   [354/960] CNN_w4_c16x32_k3_actrelu_d0.0_dense16_e50_lr0.001_b16  RMSE_test=0.0151  MAE_test=0.0114
11:55:50 [INFO]     Época 10/50 | Loss=0.003267
11:56:01 [INFO]     Época 20/50 | Loss=0.002703
11:56:11 [INFO]     Época 30/50 | Loss=0.002501
11:56:22 [INFO]     Época 40/50 | Loss=0.002450
11:56:33 [INFO]     Época 50/50 | Loss=0.002219
11:56:33 [INFO]   [355/960] CNN_w4_c16x32_k3_actrelu_d0.0_dense16_e50_lr0.0005_b8  RMSE_test=0.0146  MAE_test=0.0109
11:56:39 [INFO]     Época 10/50 | Loss=0.003347
11:56:44 [INFO]     Época 20/50 | Loss=0.002634
11:56:49 [INFO]     Época 30/50 | Loss=0.002608
11:56:55 [INFO]     Época 40/50 | Loss=0.002386
11:57:00 [INFO]     Época 50/50 | Loss=0.002280
11:57:00 [INFO]   [356/960] CNN_w4_c16x32_k3_actrelu_d0.0_dense16_e50_lr0.0005_b16  RMSE_test=0.0137  MAE_test=0.0104
11:57:11 [INFO]     Época 10/50 | Loss=0.003201
11:57:22 [INFO]     Época 20/50 | Loss=0.002595
11:57:33 [INFO]     Época 30/50 | Loss=0.002416
11:57:44 [INFO]     Época 40/50 | Loss=0.002456
11:57:55 [INFO]     Época 50/50 | Loss=0.002221
11:57:55 [INFO]   [357/960] CNN_w4_c16x32_k3_actrelu_d0.0_dense32_e50_lr0.001_b8  RMSE_test=0.0139  MAE_test=0.0104
11:58:00 [INFO]     Época 10/50 | Loss=0.003228
11:58:06 [INFO]     Época 20/50 | Loss=0.002649
11:58:11 [INFO]     Época 30/50 | Loss=0.002704
11:58:16 [INFO]     Época 40/50 | Loss=0.002403
11:58:21 [INFO]     Época 50/50 | Loss=0.002251
11:58:21 [INFO]   [358/960] CNN_w4_c16x32_k3_actrelu_d0.0_dense32_e50_lr0.001_b16  RMSE_test=0.0146  MAE_test=0.0111
11:58:32 [INFO]     Época 10/50 | Loss=0.003132
11:58:43 [INFO]     Época 20/50 | Loss=0.002622
11:58:53 [INFO]     Época 30/50 | Loss=0.002473
11:59:04 [INFO]     Época 40/50 | Loss=0.002427
11:59:15 [INFO]     Época 50/50 | Loss=0.002214
11:59:15 [INFO]   [359/960] CNN_w4_c16x32_k3_actrelu_d0.0_dense32_e50_lr0.0005_b8  RMSE_test=0.0149  MAE_test=0.0110
11:59:20 [INFO]     Época 10/50 | Loss=0.003243
11:59:25 [INFO]     Época 20/50 | Loss=0.002650
11:59:31 [INFO]     Época 30/50 | Loss=0.002611
11:59:36 [INFO]     Época 40/50 | Loss=0.002373
11:59:41 [INFO]     Época 50/50 | Loss=0.002281
11:59:41 [INFO]   [360/960] CNN_w4_c16x32_k3_actrelu_d0.0_dense32_e50_lr0.0005_b16  RMSE_test=0.0147  MAE_test=0.0113
11:59:52 [INFO]     Época 10/50 | Loss=0.003366
12:00:02 [INFO]     Época 20/50 | Loss=0.002679
12:00:13 [INFO]     Época 30/50 | Loss=0.002528
12:00:24 [INFO]     Época 40/50 | Loss=0.002474
12:00:35 [INFO]     Época 50/50 | Loss=0.002221
12:00:35 [INFO]   [361/960] CNN_w4_c16x32_k3_actleaky_relu_d0.0_dense16_e50_lr0.001_b8  RMSE_test=0.0145  MAE_test=0.0107
12:00:40 [INFO]     Época 10/50 | Loss=0.003270
12:00:46 [INFO]     Época 20/50 | Loss=0.002557
12:00:51 [INFO]     Época 30/50 | Loss=0.002747
12:00:57 [INFO]     Época 40/50 | Loss=0.002371
12:01:02 [INFO]     Época 50/50 | Loss=0.002263
12:01:02 [INFO]   [362/960] CNN_w4_c16x32_k3_actleaky_relu_d0.0_dense16_e50_lr0.001_b16  RMSE_test=0.0149  MAE_test=0.0113
12:01:13 [INFO]     Época 10/50 | Loss=0.003208
12:01:24 [INFO]     Época 20/50 | Loss=0.002697
12:01:35 [INFO]     Época 30/50 | Loss=0.002464
12:01:46 [INFO]     Época 40/50 | Loss=0.002418
12:01:56 [INFO]     Época 50/50 | Loss=0.002214
12:01:56 [INFO]   [363/960] CNN_w4_c16x32_k3_actleaky_relu_d0.0_dense16_e50_lr0.0005_b8  RMSE_test=0.0147  MAE_test=0.0110
12:02:02 [INFO]     Época 10/50 | Loss=0.003324
12:02:07 [INFO]     Época 20/50 | Loss=0.002597
12:02:12 [INFO]     Época 30/50 | Loss=0.002531
12:02:18 [INFO]     Época 40/50 | Loss=0.002336
12:02:23 [INFO]     Época 50/50 | Loss=0.002256
12:02:23 [INFO]   [364/960] CNN_w4_c16x32_k3_actleaky_relu_d0.0_dense16_e50_lr0.0005_b16  RMSE_test=0.0137  MAE_test=0.0104
12:02:33 [INFO]     Época 10/50 | Loss=0.003250
12:02:44 [INFO]     Época 20/50 | Loss=0.002568
12:02:54 [INFO]     Época 30/50 | Loss=0.002467
12:03:05 [INFO]     Época 40/50 | Loss=0.002435
12:03:15 [INFO]     Época 50/50 | Loss=0.002171
12:03:15 [INFO]   [365/960] CNN_w4_c16x32_k3_actleaky_relu_d0.0_dense32_e50_lr0.001_b8  RMSE_test=0.0154  MAE_test=0.0116
12:03:20 [INFO]     Época 10/50 | Loss=0.003190
12:03:26 [INFO]     Época 20/50 | Loss=0.002504
12:03:31 [INFO]     Época 30/50 | Loss=0.002702
12:03:36 [INFO]     Época 40/50 | Loss=0.002369
12:03:41 [INFO]     Época 50/50 | Loss=0.002207
12:03:41 [INFO]   [366/960] CNN_w4_c16x32_k3_actleaky_relu_d0.0_dense32_e50_lr0.001_b16  RMSE_test=0.0144  MAE_test=0.0109
12:03:52 [INFO]     Época 10/50 | Loss=0.003145
12:04:02 [INFO]     Época 20/50 | Loss=0.002624
12:04:13 [INFO]     Época 30/50 | Loss=0.002513
12:04:24 [INFO]     Época 40/50 | Loss=0.002376
12:04:34 [INFO]     Época 50/50 | Loss=0.002159
12:04:34 [INFO]   [367/960] CNN_w4_c16x32_k3_actleaky_relu_d0.0_dense32_e50_lr0.0005_b8  RMSE_test=0.0142  MAE_test=0.0106
12:04:39 [INFO]     Época 10/50 | Loss=0.003335
12:04:45 [INFO]     Época 20/50 | Loss=0.002635
12:04:50 [INFO]     Época 30/50 | Loss=0.002605
12:04:55 [INFO]     Época 40/50 | Loss=0.002393
12:05:00 [INFO]     Época 50/50 | Loss=0.002263
12:05:00 [INFO]   [368/960] CNN_w4_c16x32_k3_actleaky_relu_d0.0_dense32_e50_lr0.0005_b16  RMSE_test=0.0147  MAE_test=0.0112
12:05:12 [INFO]     Época 10/50 | Loss=0.027954
12:05:23 [INFO]     Época 20/50 | Loss=0.025083
12:05:34 [INFO]     Época 30/50 | Loss=0.023632
12:05:45 [INFO]     Época 40/50 | Loss=0.021574
12:05:56 [INFO]     Época 50/50 | Loss=0.020770
12:05:56 [INFO]   [369/960] CNN_w4_c16x32_k3_actrelu_d0.1_dense16_e50_lr0.001_b8  RMSE_test=0.0252  MAE_test=0.0206
12:06:01 [INFO]     Época 10/50 | Loss=0.028050
12:06:07 [INFO]     Época 20/50 | Loss=0.025467
12:06:13 [INFO]     Época 30/50 | Loss=0.025713
12:06:18 [INFO]     Época 40/50 | Loss=0.024082
12:06:24 [INFO]     Época 50/50 | Loss=0.023901
12:06:24 [INFO]   [370/960] CNN_w4_c16x32_k3_actrelu_d0.1_dense16_e50_lr0.001_b16  RMSE_test=0.0207  MAE_test=0.0157
12:06:35 [INFO]     Época 10/50 | Loss=0.027999
12:06:46 [INFO]     Época 20/50 | Loss=0.026163
12:06:57 [INFO]     Época 30/50 | Loss=0.024882
12:07:08 [INFO]     Época 40/50 | Loss=0.021248
12:07:19 [INFO]     Época 50/50 | Loss=0.020353
12:07:19 [INFO]   [371/960] CNN_w4_c16x32_k3_actrelu_d0.1_dense16_e50_lr0.0005_b8  RMSE_test=0.0195  MAE_test=0.0155
12:07:24 [INFO]     Época 10/50 | Loss=0.026894
12:07:30 [INFO]     Época 20/50 | Loss=0.023594
12:07:35 [INFO]     Época 30/50 | Loss=0.023219
12:07:41 [INFO]     Época 40/50 | Loss=0.022013
12:07:47 [INFO]     Época 50/50 | Loss=0.021458
12:07:47 [INFO]   [372/960] CNN_w4_c16x32_k3_actrelu_d0.1_dense16_e50_lr0.0005_b16  RMSE_test=0.0199  MAE_test=0.0152
12:07:58 [INFO]     Época 10/50 | Loss=0.020263
12:08:09 [INFO]     Época 20/50 | Loss=0.018189
12:08:20 [INFO]     Época 30/50 | Loss=0.015879
12:08:31 [INFO]     Época 40/50 | Loss=0.015843
12:08:42 [INFO]     Época 50/50 | Loss=0.013365
12:08:42 [INFO]   [373/960] CNN_w4_c16x32_k3_actrelu_d0.1_dense32_e50_lr0.001_b8  RMSE_test=0.0265  MAE_test=0.0205
12:08:47 [INFO]     Época 10/50 | Loss=0.019852
12:08:53 [INFO]     Época 20/50 | Loss=0.017698
12:08:59 [INFO]     Época 30/50 | Loss=0.014616
12:09:04 [INFO]     Época 40/50 | Loss=0.014529
12:09:10 [INFO]     Época 50/50 | Loss=0.014411
12:09:10 [INFO]   [374/960] CNN_w4_c16x32_k3_actrelu_d0.1_dense32_e50_lr0.001_b16  RMSE_test=0.0223  MAE_test=0.0171
12:09:21 [INFO]     Época 10/50 | Loss=0.019142
12:09:32 [INFO]     Época 20/50 | Loss=0.017113
12:09:43 [INFO]     Época 30/50 | Loss=0.015165
12:09:54 [INFO]     Época 40/50 | Loss=0.014954
12:10:06 [INFO]     Época 50/50 | Loss=0.013014
12:10:06 [INFO]   [375/960] CNN_w4_c16x32_k3_actrelu_d0.1_dense32_e50_lr0.0005_b8  RMSE_test=0.0254  MAE_test=0.0200
12:10:11 [INFO]     Época 10/50 | Loss=0.020358
12:10:17 [INFO]     Época 20/50 | Loss=0.017775
12:10:23 [INFO]     Época 30/50 | Loss=0.014624
12:10:28 [INFO]     Época 40/50 | Loss=0.013897
12:10:34 [INFO]     Época 50/50 | Loss=0.013488
12:10:34 [INFO]   [376/960] CNN_w4_c16x32_k3_actrelu_d0.1_dense32_e50_lr0.0005_b16  RMSE_test=0.0189  MAE_test=0.0149
12:10:45 [INFO]     Época 10/50 | Loss=0.025508
12:10:56 [INFO]     Época 20/50 | Loss=0.018897
12:11:07 [INFO]     Época 30/50 | Loss=0.016705
12:11:18 [INFO]     Época 40/50 | Loss=0.014620
12:11:29 [INFO]     Época 50/50 | Loss=0.013916
12:11:29 [INFO]   [377/960] CNN_w4_c16x32_k3_actleaky_relu_d0.1_dense16_e50_lr0.001_b8  RMSE_test=0.0213  MAE_test=0.0170
12:11:35 [INFO]     Época 10/50 | Loss=0.025655
12:11:40 [INFO]     Época 20/50 | Loss=0.021209
12:11:46 [INFO]     Época 30/50 | Loss=0.018544
12:11:52 [INFO]     Época 40/50 | Loss=0.016001
12:11:57 [INFO]     Época 50/50 | Loss=0.015993
12:11:57 [INFO]   [378/960] CNN_w4_c16x32_k3_actleaky_relu_d0.1_dense16_e50_lr0.001_b16  RMSE_test=0.0189  MAE_test=0.0144
12:12:08 [INFO]     Época 10/50 | Loss=0.025317
12:12:20 [INFO]     Época 20/50 | Loss=0.021544
12:12:31 [INFO]     Época 30/50 | Loss=0.017927
12:12:42 [INFO]     Época 40/50 | Loss=0.015008
12:12:53 [INFO]     Época 50/50 | Loss=0.013983
12:12:53 [INFO]   [379/960] CNN_w4_c16x32_k3_actleaky_relu_d0.1_dense16_e50_lr0.0005_b8  RMSE_test=0.0195  MAE_test=0.0154
12:12:58 [INFO]     Época 10/50 | Loss=0.026607
12:13:04 [INFO]     Época 20/50 | Loss=0.022679
12:13:09 [INFO]     Época 30/50 | Loss=0.021102
12:13:15 [INFO]     Época 40/50 | Loss=0.018751
12:13:20 [INFO]     Época 50/50 | Loss=0.016777
12:13:20 [INFO]   [380/960] CNN_w4_c16x32_k3_actleaky_relu_d0.1_dense16_e50_lr0.0005_b16  RMSE_test=0.0178  MAE_test=0.0134
12:13:32 [INFO]     Época 10/50 | Loss=0.017686
12:13:43 [INFO]     Época 20/50 | Loss=0.013773
12:13:55 [INFO]     Época 30/50 | Loss=0.011511
12:14:07 [INFO]     Época 40/50 | Loss=0.010821
12:14:18 [INFO]     Época 50/50 | Loss=0.010101
12:14:18 [INFO]   [381/960] CNN_w4_c16x32_k3_actleaky_relu_d0.1_dense32_e50_lr0.001_b8  RMSE_test=0.0206  MAE_test=0.0159
12:14:24 [INFO]     Época 10/50 | Loss=0.018399
12:14:29 [INFO]     Época 20/50 | Loss=0.014898
12:14:35 [INFO]     Época 30/50 | Loss=0.011913
12:14:41 [INFO]     Época 40/50 | Loss=0.010970
12:14:46 [INFO]     Época 50/50 | Loss=0.010574
12:14:46 [INFO]   [382/960] CNN_w4_c16x32_k3_actleaky_relu_d0.1_dense32_e50_lr0.001_b16  RMSE_test=0.0169  MAE_test=0.0133
12:14:58 [INFO]     Época 10/50 | Loss=0.018075
12:15:10 [INFO]     Época 20/50 | Loss=0.014990
12:15:21 [INFO]     Época 30/50 | Loss=0.012665
12:15:33 [INFO]     Época 40/50 | Loss=0.011207
12:15:44 [INFO]     Época 50/50 | Loss=0.010049
12:15:44 [INFO]   [383/960] CNN_w4_c16x32_k3_actleaky_relu_d0.1_dense32_e50_lr0.0005_b8  RMSE_test=0.0188  MAE_test=0.0144
12:15:50 [INFO]     Época 10/50 | Loss=0.019657
12:15:56 [INFO]     Época 20/50 | Loss=0.016545
12:16:01 [INFO]     Época 30/50 | Loss=0.013459
12:16:07 [INFO]     Época 40/50 | Loss=0.012440
12:16:13 [INFO]     Época 50/50 | Loss=0.011537
12:16:13 [INFO]   [384/960] CNN_w4_c16x32_k3_actleaky_relu_d0.1_dense32_e50_lr0.0005_b16  RMSE_test=0.0172  MAE_test=0.0134
12:16:22 [INFO]     Época 10/50 | Loss=0.002900
12:16:31 [INFO]     Época 20/50 | Loss=0.002602
12:16:40 [INFO]     Época 30/50 | Loss=0.002373
12:16:49 [INFO]     Época 40/50 | Loss=0.002273
12:16:59 [INFO]     Época 50/50 | Loss=0.002285
12:16:59 [INFO]   [385/960] CNN_w5_c16_k2_actrelu_d0.0_dense16_e50_lr0.001_b8  RMSE_test=0.0125  MAE_test=0.0093
12:17:03 [INFO]     Época 10/50 | Loss=0.002887
12:17:08 [INFO]     Época 20/50 | Loss=0.002479
12:17:13 [INFO]     Época 30/50 | Loss=0.002268
12:17:18 [INFO]     Época 40/50 | Loss=0.002247
12:17:23 [INFO]     Época 50/50 | Loss=0.002229
12:17:23 [INFO]   [386/960] CNN_w5_c16_k2_actrelu_d0.0_dense16_e50_lr0.001_b16  RMSE_test=0.0120  MAE_test=0.0087
12:17:32 [INFO]     Época 10/50 | Loss=0.003072
12:17:41 [INFO]     Época 20/50 | Loss=0.002572
12:17:50 [INFO]     Época 30/50 | Loss=0.002280
12:17:59 [INFO]     Época 40/50 | Loss=0.002217
12:18:08 [INFO]     Época 50/50 | Loss=0.002180
12:18:08 [INFO]   [387/960] CNN_w5_c16_k2_actrelu_d0.0_dense16_e50_lr0.0005_b8  RMSE_test=0.0124  MAE_test=0.0091
12:18:12 [INFO]     Época 10/50 | Loss=0.003313
12:18:17 [INFO]     Época 20/50 | Loss=0.002657
12:18:22 [INFO]     Época 30/50 | Loss=0.002283
12:18:27 [INFO]     Época 40/50 | Loss=0.002224
12:18:31 [INFO]     Época 50/50 | Loss=0.002180
12:18:31 [INFO]   [388/960] CNN_w5_c16_k2_actrelu_d0.0_dense16_e50_lr0.0005_b16  RMSE_test=0.0118  MAE_test=0.0086
12:18:40 [INFO]     Época 10/50 | Loss=0.002920
12:18:50 [INFO]     Época 20/50 | Loss=0.002529
12:18:59 [INFO]     Época 30/50 | Loss=0.002395
12:19:08 [INFO]     Época 40/50 | Loss=0.002291
12:19:17 [INFO]     Época 50/50 | Loss=0.002301
12:19:17 [INFO]   [389/960] CNN_w5_c16_k2_actrelu_d0.0_dense32_e50_lr0.001_b8  RMSE_test=0.0131  MAE_test=0.0098
12:19:21 [INFO]     Época 10/50 | Loss=0.003027
12:19:26 [INFO]     Época 20/50 | Loss=0.002513
12:19:31 [INFO]     Época 30/50 | Loss=0.002360
12:19:36 [INFO]     Época 40/50 | Loss=0.002210
12:19:40 [INFO]     Época 50/50 | Loss=0.002206
12:19:40 [INFO]   [390/960] CNN_w5_c16_k2_actrelu_d0.0_dense32_e50_lr0.001_b16  RMSE_test=0.0127  MAE_test=0.0095
12:19:49 [INFO]     Época 10/50 | Loss=0.003041
12:19:58 [INFO]     Época 20/50 | Loss=0.002515
12:20:07 [INFO]     Época 30/50 | Loss=0.002328
12:20:16 [INFO]     Época 40/50 | Loss=0.002197
12:20:25 [INFO]     Época 50/50 | Loss=0.002176
12:20:25 [INFO]   [391/960] CNN_w5_c16_k2_actrelu_d0.0_dense32_e50_lr0.0005_b8  RMSE_test=0.0133  MAE_test=0.0099
12:20:30 [INFO]     Época 10/50 | Loss=0.003499
12:20:35 [INFO]     Época 20/50 | Loss=0.002626
12:20:39 [INFO]     Época 30/50 | Loss=0.002302
12:20:44 [INFO]     Época 40/50 | Loss=0.002223
12:20:48 [INFO]     Época 50/50 | Loss=0.002188
12:20:48 [INFO]   [392/960] CNN_w5_c16_k2_actrelu_d0.0_dense32_e50_lr0.0005_b16  RMSE_test=0.0126  MAE_test=0.0090
12:20:57 [INFO]     Época 10/50 | Loss=0.002861
12:21:06 [INFO]     Época 20/50 | Loss=0.002544
12:21:15 [INFO]     Época 30/50 | Loss=0.002338
12:21:24 [INFO]     Época 40/50 | Loss=0.002239
12:21:32 [INFO]     Época 50/50 | Loss=0.002257
12:21:32 [INFO]   [393/960] CNN_w5_c16_k2_actleaky_relu_d0.0_dense16_e50_lr0.001_b8  RMSE_test=0.0123  MAE_test=0.0091
12:21:37 [INFO]     Época 10/50 | Loss=0.002851
12:21:42 [INFO]     Época 20/50 | Loss=0.002413
12:21:46 [INFO]     Época 30/50 | Loss=0.002252
12:21:51 [INFO]     Época 40/50 | Loss=0.002230
12:21:56 [INFO]     Época 50/50 | Loss=0.002245
12:21:56 [INFO]   [394/960] CNN_w5_c16_k2_actleaky_relu_d0.0_dense16_e50_lr0.001_b16  RMSE_test=0.0123  MAE_test=0.0090
12:22:05 [INFO]     Época 10/50 | Loss=0.002972
12:22:13 [INFO]     Época 20/50 | Loss=0.002425
12:22:22 [INFO]     Época 30/50 | Loss=0.002199
12:22:31 [INFO]     Época 40/50 | Loss=0.002170
12:22:40 [INFO]     Época 50/50 | Loss=0.002134
12:22:40 [INFO]   [395/960] CNN_w5_c16_k2_actleaky_relu_d0.0_dense16_e50_lr0.0005_b8  RMSE_test=0.0128  MAE_test=0.0095
12:22:45 [INFO]     Época 10/50 | Loss=0.003302
12:22:49 [INFO]     Época 20/50 | Loss=0.002600
12:22:54 [INFO]     Época 30/50 | Loss=0.002277
12:22:58 [INFO]     Época 40/50 | Loss=0.002198
12:23:03 [INFO]     Época 50/50 | Loss=0.002153
12:23:03 [INFO]   [396/960] CNN_w5_c16_k2_actleaky_relu_d0.0_dense16_e50_lr0.0005_b16  RMSE_test=0.0120  MAE_test=0.0087
12:23:12 [INFO]     Época 10/50 | Loss=0.002967
12:23:21 [INFO]     Época 20/50 | Loss=0.002524
12:23:30 [INFO]     Época 30/50 | Loss=0.002398
12:23:39 [INFO]     Época 40/50 | Loss=0.002265
12:23:48 [INFO]     Época 50/50 | Loss=0.002267
12:23:48 [INFO]   [397/960] CNN_w5_c16_k2_actleaky_relu_d0.0_dense32_e50_lr0.001_b8  RMSE_test=0.0128  MAE_test=0.0096
12:23:52 [INFO]     Época 10/50 | Loss=0.002950
12:23:57 [INFO]     Época 20/50 | Loss=0.002511
12:24:01 [INFO]     Época 30/50 | Loss=0.002312
12:24:06 [INFO]     Época 40/50 | Loss=0.002237
12:24:11 [INFO]     Época 50/50 | Loss=0.002262
12:24:11 [INFO]   [398/960] CNN_w5_c16_k2_actleaky_relu_d0.0_dense32_e50_lr0.001_b16  RMSE_test=0.0129  MAE_test=0.0096
12:24:20 [INFO]     Época 10/50 | Loss=0.002958
12:24:28 [INFO]     Época 20/50 | Loss=0.002480
12:24:37 [INFO]     Época 30/50 | Loss=0.002291
12:24:46 [INFO]     Época 40/50 | Loss=0.002178
12:24:55 [INFO]     Época 50/50 | Loss=0.002165
12:24:55 [INFO]   [399/960] CNN_w5_c16_k2_actleaky_relu_d0.0_dense32_e50_lr0.0005_b8  RMSE_test=0.0129  MAE_test=0.0095
12:25:00 [INFO]     Época 10/50 | Loss=0.003429
12:25:04 [INFO]     Época 20/50 | Loss=0.002652
12:25:09 [INFO]     Época 30/50 | Loss=0.002303
12:25:14 [INFO]     Época 40/50 | Loss=0.002209
12:25:18 [INFO]     Época 50/50 | Loss=0.002180
12:25:18 [INFO]   [400/960] CNN_w5_c16_k2_actleaky_relu_d0.0_dense32_e50_lr0.0005_b16  RMSE_test=0.0127  MAE_test=0.0092
12:25:29 [INFO]     Época 10/50 | Loss=0.025067
12:25:39 [INFO]     Época 20/50 | Loss=0.023416
12:25:49 [INFO]     Época 30/50 | Loss=0.022473
12:25:59 [INFO]     Época 40/50 | Loss=0.022406
12:26:09 [INFO]     Época 50/50 | Loss=0.021676
12:26:09 [INFO]   [401/960] CNN_w5_c16_k2_actrelu_d0.1_dense16_e50_lr0.001_b8  RMSE_test=0.0167  MAE_test=0.0129
12:26:14 [INFO]     Época 10/50 | Loss=0.024317
12:26:19 [INFO]     Época 20/50 | Loss=0.021425
12:26:24 [INFO]     Época 30/50 | Loss=0.021143
12:26:29 [INFO]     Época 40/50 | Loss=0.020088
12:26:34 [INFO]     Época 50/50 | Loss=0.020139
12:26:34 [INFO]   [402/960] CNN_w5_c16_k2_actrelu_d0.1_dense16_e50_lr0.001_b16  RMSE_test=0.0152  MAE_test=0.0116
12:26:45 [INFO]     Época 10/50 | Loss=0.024133
12:26:55 [INFO]     Época 20/50 | Loss=0.022070
12:27:05 [INFO]     Época 30/50 | Loss=0.021643
12:27:15 [INFO]     Época 40/50 | Loss=0.020975
12:27:25 [INFO]     Época 50/50 | Loss=0.020308
12:27:25 [INFO]   [403/960] CNN_w5_c16_k2_actrelu_d0.1_dense16_e50_lr0.0005_b8  RMSE_test=0.0142  MAE_test=0.0107
12:27:30 [INFO]     Época 10/50 | Loss=0.024967
12:27:35 [INFO]     Época 20/50 | Loss=0.022280
12:27:40 [INFO]     Época 30/50 | Loss=0.021553
12:27:45 [INFO]     Época 40/50 | Loss=0.020415
12:27:50 [INFO]     Época 50/50 | Loss=0.020064
12:27:50 [INFO]   [404/960] CNN_w5_c16_k2_actrelu_d0.1_dense16_e50_lr0.0005_b16  RMSE_test=0.0164  MAE_test=0.0126
12:28:00 [INFO]     Época 10/50 | Loss=0.018197
12:28:10 [INFO]     Época 20/50 | Loss=0.016198
12:28:20 [INFO]     Época 30/50 | Loss=0.015478
12:28:30 [INFO]     Época 40/50 | Loss=0.014219
12:28:40 [INFO]     Época 50/50 | Loss=0.014967
12:28:40 [INFO]   [405/960] CNN_w5_c16_k2_actrelu_d0.1_dense32_e50_lr0.001_b8  RMSE_test=0.0164  MAE_test=0.0128
12:28:45 [INFO]     Época 10/50 | Loss=0.017664
12:28:51 [INFO]     Época 20/50 | Loss=0.015734
12:28:56 [INFO]     Época 30/50 | Loss=0.014088
12:29:01 [INFO]     Época 40/50 | Loss=0.014446
12:29:06 [INFO]     Época 50/50 | Loss=0.013722
12:29:06 [INFO]   [406/960] CNN_w5_c16_k2_actrelu_d0.1_dense32_e50_lr0.001_b16  RMSE_test=0.0154  MAE_test=0.0119
12:29:16 [INFO]     Época 10/50 | Loss=0.018186
12:29:26 [INFO]     Época 20/50 | Loss=0.015742
12:29:36 [INFO]     Época 30/50 | Loss=0.015042
12:29:46 [INFO]     Época 40/50 | Loss=0.014009
12:29:56 [INFO]     Época 50/50 | Loss=0.014122
12:29:56 [INFO]   [407/960] CNN_w5_c16_k2_actrelu_d0.1_dense32_e50_lr0.0005_b8  RMSE_test=0.0175  MAE_test=0.0138
12:30:01 [INFO]     Época 10/50 | Loss=0.019215
12:30:06 [INFO]     Época 20/50 | Loss=0.016197
12:30:12 [INFO]     Época 30/50 | Loss=0.014724
12:30:17 [INFO]     Época 40/50 | Loss=0.015092
12:30:22 [INFO]     Época 50/50 | Loss=0.013960
12:30:22 [INFO]   [408/960] CNN_w5_c16_k2_actrelu_d0.1_dense32_e50_lr0.0005_b16  RMSE_test=0.0164  MAE_test=0.0126
12:30:32 [INFO]     Época 10/50 | Loss=0.022912
12:30:42 [INFO]     Época 20/50 | Loss=0.019352
12:30:52 [INFO]     Época 30/50 | Loss=0.016909
12:31:02 [INFO]     Época 40/50 | Loss=0.016277
12:31:12 [INFO]     Época 50/50 | Loss=0.015360
12:31:12 [INFO]   [409/960] CNN_w5_c16_k2_actleaky_relu_d0.1_dense16_e50_lr0.001_b8  RMSE_test=0.0185  MAE_test=0.0143
12:31:17 [INFO]     Época 10/50 | Loss=0.023054
12:31:22 [INFO]     Época 20/50 | Loss=0.020592
12:31:27 [INFO]     Época 30/50 | Loss=0.018932
12:31:31 [INFO]     Época 40/50 | Loss=0.016422
12:31:36 [INFO]     Época 50/50 | Loss=0.015621
12:31:36 [INFO]   [410/960] CNN_w5_c16_k2_actleaky_relu_d0.1_dense16_e50_lr0.001_b16  RMSE_test=0.0170  MAE_test=0.0134
12:31:46 [INFO]     Época 10/50 | Loss=0.023673
12:31:55 [INFO]     Época 20/50 | Loss=0.020997
12:32:05 [INFO]     Época 30/50 | Loss=0.019167
12:32:15 [INFO]     Época 40/50 | Loss=0.017028
12:32:24 [INFO]     Época 50/50 | Loss=0.015661
12:32:24 [INFO]   [411/960] CNN_w5_c16_k2_actleaky_relu_d0.1_dense16_e50_lr0.0005_b8  RMSE_test=0.0146  MAE_test=0.0108
12:32:29 [INFO]     Época 10/50 | Loss=0.024403
12:32:34 [INFO]     Época 20/50 | Loss=0.021701
12:32:39 [INFO]     Época 30/50 | Loss=0.020668
12:32:44 [INFO]     Época 40/50 | Loss=0.018820
12:32:49 [INFO]     Época 50/50 | Loss=0.017529
12:32:49 [INFO]   [412/960] CNN_w5_c16_k2_actleaky_relu_d0.1_dense16_e50_lr0.0005_b16  RMSE_test=0.0164  MAE_test=0.0124
12:32:58 [INFO]     Época 10/50 | Loss=0.016782
12:33:08 [INFO]     Época 20/50 | Loss=0.014146
12:33:18 [INFO]     Época 30/50 | Loss=0.012932
12:33:27 [INFO]     Época 40/50 | Loss=0.011667
12:33:37 [INFO]     Época 50/50 | Loss=0.011773
12:33:37 [INFO]   [413/960] CNN_w5_c16_k2_actleaky_relu_d0.1_dense32_e50_lr0.001_b8  RMSE_test=0.0154  MAE_test=0.0117
12:33:42 [INFO]     Época 10/50 | Loss=0.017089
12:33:47 [INFO]     Época 20/50 | Loss=0.014857
12:33:52 [INFO]     Época 30/50 | Loss=0.012701
12:33:57 [INFO]     Época 40/50 | Loss=0.012572
12:34:01 [INFO]     Época 50/50 | Loss=0.011507
12:34:01 [INFO]   [414/960] CNN_w5_c16_k2_actleaky_relu_d0.1_dense32_e50_lr0.001_b16  RMSE_test=0.0152  MAE_test=0.0116
12:34:12 [INFO]     Época 10/50 | Loss=0.017256
12:34:22 [INFO]     Época 20/50 | Loss=0.014508
12:34:32 [INFO]     Época 30/50 | Loss=0.013528
12:34:42 [INFO]     Época 40/50 | Loss=0.012172
12:34:52 [INFO]     Época 50/50 | Loss=0.011861
12:34:52 [INFO]   [415/960] CNN_w5_c16_k2_actleaky_relu_d0.1_dense32_e50_lr0.0005_b8  RMSE_test=0.0171  MAE_test=0.0135
12:34:57 [INFO]     Época 10/50 | Loss=0.018315
12:35:02 [INFO]     Época 20/50 | Loss=0.015470
12:35:07 [INFO]     Época 30/50 | Loss=0.013495
12:35:12 [INFO]     Época 40/50 | Loss=0.013732
12:35:17 [INFO]     Época 50/50 | Loss=0.012709
12:35:17 [INFO]   [416/960] CNN_w5_c16_k2_actleaky_relu_d0.1_dense32_e50_lr0.0005_b16  RMSE_test=0.0166  MAE_test=0.0127
12:35:26 [INFO]     Época 10/50 | Loss=0.003033
12:35:35 [INFO]     Época 20/50 | Loss=0.002544
12:35:44 [INFO]     Época 30/50 | Loss=0.002395
12:35:52 [INFO]     Época 40/50 | Loss=0.002229
12:36:01 [INFO]     Época 50/50 | Loss=0.002209
12:36:01 [INFO]   [417/960] CNN_w5_c16_k3_actrelu_d0.0_dense16_e50_lr0.001_b8  RMSE_test=0.0129  MAE_test=0.0097
12:36:06 [INFO]     Época 10/50 | Loss=0.003087
12:36:10 [INFO]     Época 20/50 | Loss=0.002550
12:36:14 [INFO]     Época 30/50 | Loss=0.002396
12:36:19 [INFO]     Época 40/50 | Loss=0.002272
12:36:23 [INFO]     Época 50/50 | Loss=0.002242
12:36:23 [INFO]   [418/960] CNN_w5_c16_k3_actrelu_d0.0_dense16_e50_lr0.001_b16  RMSE_test=0.0127  MAE_test=0.0094
12:36:32 [INFO]     Época 10/50 | Loss=0.003136
12:36:41 [INFO]     Época 20/50 | Loss=0.002532
12:36:50 [INFO]     Época 30/50 | Loss=0.002318
12:36:58 [INFO]     Época 40/50 | Loss=0.002218
12:37:07 [INFO]     Época 50/50 | Loss=0.002236
12:37:07 [INFO]   [419/960] CNN_w5_c16_k3_actrelu_d0.0_dense16_e50_lr0.0005_b8  RMSE_test=0.0130  MAE_test=0.0097
12:37:12 [INFO]     Época 10/50 | Loss=0.003542
12:37:16 [INFO]     Época 20/50 | Loss=0.002601
12:37:21 [INFO]     Época 30/50 | Loss=0.002350
12:37:25 [INFO]     Época 40/50 | Loss=0.002231
12:37:30 [INFO]     Época 50/50 | Loss=0.002244
12:37:30 [INFO]   [420/960] CNN_w5_c16_k3_actrelu_d0.0_dense16_e50_lr0.0005_b16  RMSE_test=0.0129  MAE_test=0.0092
12:37:38 [INFO]     Época 10/50 | Loss=0.003042
12:37:47 [INFO]     Época 20/50 | Loss=0.002582
12:37:56 [INFO]     Época 30/50 | Loss=0.002406
12:38:05 [INFO]     Época 40/50 | Loss=0.002252
12:38:13 [INFO]     Época 50/50 | Loss=0.002248
12:38:13 [INFO]   [421/960] CNN_w5_c16_k3_actrelu_d0.0_dense32_e50_lr0.001_b8  RMSE_test=0.0126  MAE_test=0.0094
12:38:18 [INFO]     Época 10/50 | Loss=0.003053
12:38:22 [INFO]     Época 20/50 | Loss=0.002620
12:38:27 [INFO]     Época 30/50 | Loss=0.002375
12:38:31 [INFO]     Época 40/50 | Loss=0.002177
12:38:36 [INFO]     Época 50/50 | Loss=0.002196
12:38:36 [INFO]   [422/960] CNN_w5_c16_k3_actrelu_d0.0_dense32_e50_lr0.001_b16  RMSE_test=0.0128  MAE_test=0.0097
12:38:44 [INFO]     Época 10/50 | Loss=0.003184
12:38:53 [INFO]     Época 20/50 | Loss=0.002510
12:39:02 [INFO]     Época 30/50 | Loss=0.002373
12:39:10 [INFO]     Época 40/50 | Loss=0.002174
12:39:19 [INFO]     Época 50/50 | Loss=0.002162
12:39:19 [INFO]   [423/960] CNN_w5_c16_k3_actrelu_d0.0_dense32_e50_lr0.0005_b8  RMSE_test=0.0131  MAE_test=0.0097
12:39:23 [INFO]     Época 10/50 | Loss=0.003309
12:39:28 [INFO]     Época 20/50 | Loss=0.002588
12:39:32 [INFO]     Época 30/50 | Loss=0.002384
12:39:37 [INFO]     Época 40/50 | Loss=0.002212
12:39:41 [INFO]     Época 50/50 | Loss=0.002208
12:39:41 [INFO]   [424/960] CNN_w5_c16_k3_actrelu_d0.0_dense32_e50_lr0.0005_b16  RMSE_test=0.0128  MAE_test=0.0094
12:39:50 [INFO]     Época 10/50 | Loss=0.003024
12:39:58 [INFO]     Época 20/50 | Loss=0.002528
12:40:07 [INFO]     Época 30/50 | Loss=0.002408
12:40:16 [INFO]     Época 40/50 | Loss=0.002231
12:40:24 [INFO]     Época 50/50 | Loss=0.002294
12:40:24 [INFO]   [425/960] CNN_w5_c16_k3_actleaky_relu_d0.0_dense16_e50_lr0.001_b8  RMSE_test=0.0126  MAE_test=0.0093
12:40:29 [INFO]     Época 10/50 | Loss=0.003083
12:40:33 [INFO]     Época 20/50 | Loss=0.002652
12:40:37 [INFO]     Época 30/50 | Loss=0.002435
12:40:42 [INFO]     Época 40/50 | Loss=0.002255
12:40:46 [INFO]     Época 50/50 | Loss=0.002204
12:40:46 [INFO]   [426/960] CNN_w5_c16_k3_actleaky_relu_d0.0_dense16_e50_lr0.001_b16  RMSE_test=0.0124  MAE_test=0.0091
12:40:55 [INFO]     Época 10/50 | Loss=0.003215
12:41:04 [INFO]     Época 20/50 | Loss=0.002549
12:41:12 [INFO]     Época 30/50 | Loss=0.002335
12:41:21 [INFO]     Época 40/50 | Loss=0.002212
12:41:29 [INFO]     Época 50/50 | Loss=0.002233
12:41:29 [INFO]   [427/960] CNN_w5_c16_k3_actleaky_relu_d0.0_dense16_e50_lr0.0005_b8  RMSE_test=0.0128  MAE_test=0.0095
12:41:34 [INFO]     Época 10/50 | Loss=0.003545
12:41:38 [INFO]     Época 20/50 | Loss=0.002590
12:41:43 [INFO]     Época 30/50 | Loss=0.002348
12:41:47 [INFO]     Época 40/50 | Loss=0.002236
12:41:52 [INFO]     Época 50/50 | Loss=0.002240
12:41:52 [INFO]   [428/960] CNN_w5_c16_k3_actleaky_relu_d0.0_dense16_e50_lr0.0005_b16  RMSE_test=0.0128  MAE_test=0.0092
12:42:00 [INFO]     Época 10/50 | Loss=0.003007
12:42:09 [INFO]     Época 20/50 | Loss=0.002537
12:42:17 [INFO]     Época 30/50 | Loss=0.002369
12:42:26 [INFO]     Época 40/50 | Loss=0.002215
12:42:35 [INFO]     Época 50/50 | Loss=0.002253
12:42:35 [INFO]   [429/960] CNN_w5_c16_k3_actleaky_relu_d0.0_dense32_e50_lr0.001_b8  RMSE_test=0.0126  MAE_test=0.0093
12:42:39 [INFO]     Época 10/50 | Loss=0.003128
12:42:44 [INFO]     Época 20/50 | Loss=0.002647
12:42:48 [INFO]     Época 30/50 | Loss=0.002377
12:42:52 [INFO]     Época 40/50 | Loss=0.002227
12:42:57 [INFO]     Época 50/50 | Loss=0.002201
12:42:57 [INFO]   [430/960] CNN_w5_c16_k3_actleaky_relu_d0.0_dense32_e50_lr0.001_b16  RMSE_test=0.0124  MAE_test=0.0092
12:43:05 [INFO]     Época 10/50 | Loss=0.003086
12:43:14 [INFO]     Época 20/50 | Loss=0.002526
12:43:23 [INFO]     Época 30/50 | Loss=0.002379
12:43:31 [INFO]     Época 40/50 | Loss=0.002197
12:43:40 [INFO]     Época 50/50 | Loss=0.002201
12:43:40 [INFO]   [431/960] CNN_w5_c16_k3_actleaky_relu_d0.0_dense32_e50_lr0.0005_b8  RMSE_test=0.0129  MAE_test=0.0097
12:43:44 [INFO]     Época 10/50 | Loss=0.003277
12:43:49 [INFO]     Época 20/50 | Loss=0.002613
12:43:53 [INFO]     Época 30/50 | Loss=0.002359
12:43:57 [INFO]     Época 40/50 | Loss=0.002185
12:44:02 [INFO]     Época 50/50 | Loss=0.002209
12:44:02 [INFO]   [432/960] CNN_w5_c16_k3_actleaky_relu_d0.0_dense32_e50_lr0.0005_b16  RMSE_test=0.0128  MAE_test=0.0094
12:44:11 [INFO]     Época 10/50 | Loss=0.023894
12:44:21 [INFO]     Época 20/50 | Loss=0.022733
12:44:30 [INFO]     Época 30/50 | Loss=0.021215
12:44:40 [INFO]     Época 40/50 | Loss=0.020869
12:44:49 [INFO]     Época 50/50 | Loss=0.022236
12:44:49 [INFO]   [433/960] CNN_w5_c16_k3_actrelu_d0.1_dense16_e50_lr0.001_b8  RMSE_test=0.0184  MAE_test=0.0139
12:44:54 [INFO]     Época 10/50 | Loss=0.023639
12:44:59 [INFO]     Época 20/50 | Loss=0.022971
12:45:04 [INFO]     Época 30/50 | Loss=0.021727
12:45:09 [INFO]     Época 40/50 | Loss=0.020539
12:45:13 [INFO]     Época 50/50 | Loss=0.020580
12:45:13 [INFO]   [434/960] CNN_w5_c16_k3_actrelu_d0.1_dense16_e50_lr0.001_b16  RMSE_test=0.0170  MAE_test=0.0127
12:45:23 [INFO]     Época 10/50 | Loss=0.024289
12:45:32 [INFO]     Época 20/50 | Loss=0.022643
12:45:42 [INFO]     Época 30/50 | Loss=0.021265
12:45:52 [INFO]     Época 40/50 | Loss=0.020842
12:46:02 [INFO]     Época 50/50 | Loss=0.021700
12:46:02 [INFO]   [435/960] CNN_w5_c16_k3_actrelu_d0.1_dense16_e50_lr0.0005_b8  RMSE_test=0.0153  MAE_test=0.0116
12:46:07 [INFO]     Época 10/50 | Loss=0.024995
12:46:12 [INFO]     Época 20/50 | Loss=0.023800
12:46:17 [INFO]     Época 30/50 | Loss=0.021983
12:46:22 [INFO]     Época 40/50 | Loss=0.020934
12:46:27 [INFO]     Época 50/50 | Loss=0.020473
12:46:27 [INFO]   [436/960] CNN_w5_c16_k3_actrelu_d0.1_dense16_e50_lr0.0005_b16  RMSE_test=0.0163  MAE_test=0.0123
12:46:36 [INFO]     Época 10/50 | Loss=0.017432
12:46:46 [INFO]     Época 20/50 | Loss=0.015806
12:46:56 [INFO]     Época 30/50 | Loss=0.015047
12:47:06 [INFO]     Época 40/50 | Loss=0.014346
12:47:16 [INFO]     Época 50/50 | Loss=0.014025
12:47:16 [INFO]   [437/960] CNN_w5_c16_k3_actrelu_d0.1_dense32_e50_lr0.001_b8  RMSE_test=0.0161  MAE_test=0.0128
12:47:21 [INFO]     Época 10/50 | Loss=0.017114
12:47:26 [INFO]     Época 20/50 | Loss=0.015725
12:47:31 [INFO]     Época 30/50 | Loss=0.014006
12:47:35 [INFO]     Época 40/50 | Loss=0.013994
12:47:40 [INFO]     Época 50/50 | Loss=0.014024
12:47:40 [INFO]   [438/960] CNN_w5_c16_k3_actrelu_d0.1_dense32_e50_lr0.001_b16  RMSE_test=0.0140  MAE_test=0.0106
12:47:50 [INFO]     Época 10/50 | Loss=0.018034
12:48:00 [INFO]     Época 20/50 | Loss=0.015322
12:48:10 [INFO]     Época 30/50 | Loss=0.014394
12:48:20 [INFO]     Época 40/50 | Loss=0.013621
12:48:30 [INFO]     Época 50/50 | Loss=0.013277
12:48:30 [INFO]   [439/960] CNN_w5_c16_k3_actrelu_d0.1_dense32_e50_lr0.0005_b8  RMSE_test=0.0167  MAE_test=0.0134
12:48:35 [INFO]     Época 10/50 | Loss=0.018327
12:48:40 [INFO]     Época 20/50 | Loss=0.016480
12:48:45 [INFO]     Época 30/50 | Loss=0.014461
12:48:50 [INFO]     Época 40/50 | Loss=0.013595
12:48:54 [INFO]     Época 50/50 | Loss=0.013352
12:48:54 [INFO]   [440/960] CNN_w5_c16_k3_actrelu_d0.1_dense32_e50_lr0.0005_b16  RMSE_test=0.0134  MAE_test=0.0101
12:49:04 [INFO]     Época 10/50 | Loss=0.022758
12:49:14 [INFO]     Época 20/50 | Loss=0.019112
12:49:24 [INFO]     Época 30/50 | Loss=0.016866
12:49:33 [INFO]     Época 40/50 | Loss=0.015464
12:49:43 [INFO]     Época 50/50 | Loss=0.015775
12:49:43 [INFO]   [441/960] CNN_w5_c16_k3_actleaky_relu_d0.1_dense16_e50_lr0.001_b8  RMSE_test=0.0181  MAE_test=0.0135
12:49:48 [INFO]     Época 10/50 | Loss=0.023174
12:49:53 [INFO]     Época 20/50 | Loss=0.021781
12:49:58 [INFO]     Época 30/50 | Loss=0.018897
12:50:03 [INFO]     Época 40/50 | Loss=0.016624
12:50:08 [INFO]     Época 50/50 | Loss=0.016173
12:50:08 [INFO]   [442/960] CNN_w5_c16_k3_actleaky_relu_d0.1_dense16_e50_lr0.001_b16  RMSE_test=0.0159  MAE_test=0.0121
12:50:17 [INFO]     Época 10/50 | Loss=0.023860
12:50:27 [INFO]     Época 20/50 | Loss=0.021193
12:50:37 [INFO]     Época 30/50 | Loss=0.018508
12:50:47 [INFO]     Época 40/50 | Loss=0.016411
12:50:57 [INFO]     Época 50/50 | Loss=0.016658
12:50:57 [INFO]   [443/960] CNN_w5_c16_k3_actleaky_relu_d0.1_dense16_e50_lr0.0005_b8  RMSE_test=0.0155  MAE_test=0.0119
12:51:02 [INFO]     Época 10/50 | Loss=0.024541
12:51:07 [INFO]     Época 20/50 | Loss=0.023145
12:51:12 [INFO]     Época 30/50 | Loss=0.020763
12:51:17 [INFO]     Época 40/50 | Loss=0.019064
12:51:22 [INFO]     Época 50/50 | Loss=0.017516
12:51:22 [INFO]   [444/960] CNN_w5_c16_k3_actleaky_relu_d0.1_dense16_e50_lr0.0005_b16  RMSE_test=0.0158  MAE_test=0.0119
12:51:31 [INFO]     Época 10/50 | Loss=0.016305
12:51:41 [INFO]     Época 20/50 | Loss=0.013725
12:51:51 [INFO]     Época 30/50 | Loss=0.011902
12:52:00 [INFO]     Época 40/50 | Loss=0.011241
12:52:10 [INFO]     Época 50/50 | Loss=0.010473
12:52:10 [INFO]   [445/960] CNN_w5_c16_k3_actleaky_relu_d0.1_dense32_e50_lr0.001_b8  RMSE_test=0.0138  MAE_test=0.0104
12:52:15 [INFO]     Época 10/50 | Loss=0.015988
12:52:19 [INFO]     Época 20/50 | Loss=0.014609
12:52:24 [INFO]     Época 30/50 | Loss=0.012416
12:52:29 [INFO]     Época 40/50 | Loss=0.011938
12:52:34 [INFO]     Época 50/50 | Loss=0.011159
12:52:34 [INFO]   [446/960] CNN_w5_c16_k3_actleaky_relu_d0.1_dense32_e50_lr0.001_b16  RMSE_test=0.0133  MAE_test=0.0099
12:52:43 [INFO]     Época 10/50 | Loss=0.017151
12:52:53 [INFO]     Época 20/50 | Loss=0.014210
12:53:03 [INFO]     Época 30/50 | Loss=0.012629
12:53:12 [INFO]     Época 40/50 | Loss=0.011519
12:53:22 [INFO]     Época 50/50 | Loss=0.010501
12:53:22 [INFO]   [447/960] CNN_w5_c16_k3_actleaky_relu_d0.1_dense32_e50_lr0.0005_b8  RMSE_test=0.0151  MAE_test=0.0115
12:53:26 [INFO]     Época 10/50 | Loss=0.017327
12:53:31 [INFO]     Época 20/50 | Loss=0.015680
12:53:36 [INFO]     Época 30/50 | Loss=0.013233
12:53:41 [INFO]     Época 40/50 | Loss=0.012350
12:53:46 [INFO]     Época 50/50 | Loss=0.011839
12:53:46 [INFO]   [448/960] CNN_w5_c16_k3_actleaky_relu_d0.1_dense32_e50_lr0.0005_b16  RMSE_test=0.0136  MAE_test=0.0103
12:53:55 [INFO]     Época 10/50 | Loss=0.002861
12:54:04 [INFO]     Época 20/50 | Loss=0.002551
12:54:13 [INFO]     Época 30/50 | Loss=0.002328
12:54:22 [INFO]     Época 40/50 | Loss=0.002219
12:54:31 [INFO]     Época 50/50 | Loss=0.002211
12:54:31 [INFO]   [449/960] CNN_w5_c32_k2_actrelu_d0.0_dense16_e50_lr0.001_b8  RMSE_test=0.0128  MAE_test=0.0096
12:54:35 [INFO]     Época 10/50 | Loss=0.002875
12:54:40 [INFO]     Época 20/50 | Loss=0.002484
12:54:45 [INFO]     Época 30/50 | Loss=0.002276
12:54:49 [INFO]     Época 40/50 | Loss=0.002190
12:54:54 [INFO]     Época 50/50 | Loss=0.002143
12:54:54 [INFO]   [450/960] CNN_w5_c32_k2_actrelu_d0.0_dense16_e50_lr0.001_b16  RMSE_test=0.0126  MAE_test=0.0094
12:55:03 [INFO]     Época 10/50 | Loss=0.002903
12:55:12 [INFO]     Época 20/50 | Loss=0.002420
12:55:21 [INFO]     Época 30/50 | Loss=0.002250
12:55:30 [INFO]     Época 40/50 | Loss=0.002147
12:55:39 [INFO]     Época 50/50 | Loss=0.002141
12:55:39 [INFO]   [451/960] CNN_w5_c32_k2_actrelu_d0.0_dense16_e50_lr0.0005_b8  RMSE_test=0.0126  MAE_test=0.0093
12:55:44 [INFO]     Época 10/50 | Loss=0.003229
12:55:48 [INFO]     Época 20/50 | Loss=0.002550
12:55:53 [INFO]     Época 30/50 | Loss=0.002266
12:55:58 [INFO]     Época 40/50 | Loss=0.002157
12:56:03 [INFO]     Época 50/50 | Loss=0.002133
12:56:03 [INFO]   [452/960] CNN_w5_c32_k2_actrelu_d0.0_dense16_e50_lr0.0005_b16  RMSE_test=0.0121  MAE_test=0.0088
12:56:12 [INFO]     Época 10/50 | Loss=0.002854
12:56:21 [INFO]     Época 20/50 | Loss=0.002602
12:56:30 [INFO]     Época 30/50 | Loss=0.002371
12:56:39 [INFO]     Época 40/50 | Loss=0.002254
12:56:48 [INFO]     Época 50/50 | Loss=0.002254
12:56:48 [INFO]   [453/960] CNN_w5_c32_k2_actrelu_d0.0_dense32_e50_lr0.001_b8  RMSE_test=0.0129  MAE_test=0.0096
12:56:53 [INFO]     Época 10/50 | Loss=0.002884
12:56:58 [INFO]     Época 20/50 | Loss=0.002472
12:57:02 [INFO]     Época 30/50 | Loss=0.002351
12:57:07 [INFO]     Época 40/50 | Loss=0.002222
12:57:12 [INFO]     Época 50/50 | Loss=0.002285
12:57:12 [INFO]   [454/960] CNN_w5_c32_k2_actrelu_d0.0_dense32_e50_lr0.001_b16  RMSE_test=0.0127  MAE_test=0.0094
12:57:21 [INFO]     Época 10/50 | Loss=0.002915
12:57:30 [INFO]     Época 20/50 | Loss=0.002462
12:57:39 [INFO]     Época 30/50 | Loss=0.002301
12:57:49 [INFO]     Época 40/50 | Loss=0.002159
12:57:58 [INFO]     Época 50/50 | Loss=0.002187
12:57:58 [INFO]   [455/960] CNN_w5_c32_k2_actrelu_d0.0_dense32_e50_lr0.0005_b8  RMSE_test=0.0129  MAE_test=0.0095
12:58:03 [INFO]     Época 10/50 | Loss=0.002993
12:58:07 [INFO]     Época 20/50 | Loss=0.002468
12:58:12 [INFO]     Época 30/50 | Loss=0.002255
12:58:17 [INFO]     Época 40/50 | Loss=0.002201
12:58:21 [INFO]     Época 50/50 | Loss=0.002172
12:58:21 [INFO]   [456/960] CNN_w5_c32_k2_actrelu_d0.0_dense32_e50_lr0.0005_b16  RMSE_test=0.0126  MAE_test=0.0091
12:58:30 [INFO]     Época 10/50 | Loss=0.002824
12:58:39 [INFO]     Época 20/50 | Loss=0.002502
12:58:48 [INFO]     Época 30/50 | Loss=0.002310
12:58:57 [INFO]     Época 40/50 | Loss=0.002160
12:59:06 [INFO]     Época 50/50 | Loss=0.002186
12:59:06 [INFO]   [457/960] CNN_w5_c32_k2_actleaky_relu_d0.0_dense16_e50_lr0.001_b8  RMSE_test=0.0129  MAE_test=0.0096
12:59:10 [INFO]     Época 10/50 | Loss=0.002878
12:59:15 [INFO]     Época 20/50 | Loss=0.002444
12:59:20 [INFO]     Época 30/50 | Loss=0.002300
12:59:24 [INFO]     Época 40/50 | Loss=0.002161
12:59:29 [INFO]     Época 50/50 | Loss=0.002169
12:59:29 [INFO]   [458/960] CNN_w5_c32_k2_actleaky_relu_d0.0_dense16_e50_lr0.001_b16  RMSE_test=0.0126  MAE_test=0.0095
12:59:38 [INFO]     Época 10/50 | Loss=0.002905
12:59:47 [INFO]     Época 20/50 | Loss=0.002436
12:59:56 [INFO]     Época 30/50 | Loss=0.002261
13:00:04 [INFO]     Época 40/50 | Loss=0.002162
13:00:14 [INFO]     Época 50/50 | Loss=0.002158
13:00:14 [INFO]   [459/960] CNN_w5_c32_k2_actleaky_relu_d0.0_dense16_e50_lr0.0005_b8  RMSE_test=0.0126  MAE_test=0.0093
13:00:18 [INFO]     Época 10/50 | Loss=0.003214
13:00:23 [INFO]     Época 20/50 | Loss=0.002539
13:00:27 [INFO]     Época 30/50 | Loss=0.002277
13:00:32 [INFO]     Época 40/50 | Loss=0.002161
13:00:37 [INFO]     Época 50/50 | Loss=0.002110
13:00:37 [INFO]   [460/960] CNN_w5_c32_k2_actleaky_relu_d0.0_dense16_e50_lr0.0005_b16  RMSE_test=0.0122  MAE_test=0.0089
13:00:46 [INFO]     Época 10/50 | Loss=0.002845
13:00:55 [INFO]     Época 20/50 | Loss=0.002499
13:01:04 [INFO]     Época 30/50 | Loss=0.002336
13:01:13 [INFO]     Época 40/50 | Loss=0.002217
13:01:22 [INFO]     Época 50/50 | Loss=0.002224
13:01:22 [INFO]   [461/960] CNN_w5_c32_k2_actleaky_relu_d0.0_dense32_e50_lr0.001_b8  RMSE_test=0.0130  MAE_test=0.0097
13:01:26 [INFO]     Época 10/50 | Loss=0.002887
13:01:31 [INFO]     Época 20/50 | Loss=0.002453
13:01:35 [INFO]     Época 30/50 | Loss=0.002338
13:01:40 [INFO]     Época 40/50 | Loss=0.002204
13:01:44 [INFO]     Época 50/50 | Loss=0.002225
13:01:44 [INFO]   [462/960] CNN_w5_c32_k2_actleaky_relu_d0.0_dense32_e50_lr0.001_b16  RMSE_test=0.0129  MAE_test=0.0096
13:01:53 [INFO]     Época 10/50 | Loss=0.002919
13:02:02 [INFO]     Época 20/50 | Loss=0.002488
13:02:12 [INFO]     Época 30/50 | Loss=0.002296
13:02:21 [INFO]     Época 40/50 | Loss=0.002132
13:02:30 [INFO]     Época 50/50 | Loss=0.002158
13:02:30 [INFO]   [463/960] CNN_w5_c32_k2_actleaky_relu_d0.0_dense32_e50_lr0.0005_b8  RMSE_test=0.0129  MAE_test=0.0095
13:02:34 [INFO]     Época 10/50 | Loss=0.002998
13:02:39 [INFO]     Época 20/50 | Loss=0.002479
13:02:43 [INFO]     Época 30/50 | Loss=0.002260
13:02:48 [INFO]     Época 40/50 | Loss=0.002189
13:02:53 [INFO]     Época 50/50 | Loss=0.002140
13:02:53 [INFO]   [464/960] CNN_w5_c32_k2_actleaky_relu_d0.0_dense32_e50_lr0.0005_b16  RMSE_test=0.0127  MAE_test=0.0093
13:03:03 [INFO]     Época 10/50 | Loss=0.023056
13:03:13 [INFO]     Época 20/50 | Loss=0.021176
13:03:22 [INFO]     Época 30/50 | Loss=0.021547
13:03:32 [INFO]     Época 40/50 | Loss=0.021506
13:03:42 [INFO]     Época 50/50 | Loss=0.020729
13:03:42 [INFO]   [465/960] CNN_w5_c32_k2_actrelu_d0.1_dense16_e50_lr0.001_b8  RMSE_test=0.0153  MAE_test=0.0117
13:03:47 [INFO]     Época 10/50 | Loss=0.022798
13:03:52 [INFO]     Época 20/50 | Loss=0.021525
13:03:57 [INFO]     Época 30/50 | Loss=0.020133
13:04:01 [INFO]     Época 40/50 | Loss=0.020505
13:04:06 [INFO]     Época 50/50 | Loss=0.020264
13:04:06 [INFO]   [466/960] CNN_w5_c32_k2_actrelu_d0.1_dense16_e50_lr0.001_b16  RMSE_test=0.0181  MAE_test=0.0137
13:04:16 [INFO]     Época 10/50 | Loss=0.023486
13:04:26 [INFO]     Época 20/50 | Loss=0.020850
13:04:36 [INFO]     Época 30/50 | Loss=0.021131
13:04:46 [INFO]     Época 40/50 | Loss=0.021306
13:04:55 [INFO]     Época 50/50 | Loss=0.020045
13:04:55 [INFO]   [467/960] CNN_w5_c32_k2_actrelu_d0.1_dense16_e50_lr0.0005_b8  RMSE_test=0.0153  MAE_test=0.0115
13:05:00 [INFO]     Época 10/50 | Loss=0.023401
13:05:05 [INFO]     Época 20/50 | Loss=0.021665
13:05:10 [INFO]     Época 30/50 | Loss=0.020204
13:05:15 [INFO]     Época 40/50 | Loss=0.020753
13:05:20 [INFO]     Época 50/50 | Loss=0.020381
13:05:20 [INFO]   [468/960] CNN_w5_c32_k2_actrelu_d0.1_dense16_e50_lr0.0005_b16  RMSE_test=0.0169  MAE_test=0.0127
13:05:30 [INFO]     Época 10/50 | Loss=0.015564
13:05:39 [INFO]     Época 20/50 | Loss=0.014996
13:05:49 [INFO]     Época 30/50 | Loss=0.014014
13:05:59 [INFO]     Época 40/50 | Loss=0.013311
13:06:09 [INFO]     Época 50/50 | Loss=0.013250
13:06:09 [INFO]   [469/960] CNN_w5_c32_k2_actrelu_d0.1_dense32_e50_lr0.001_b8  RMSE_test=0.0149  MAE_test=0.0116
13:06:14 [INFO]     Época 10/50 | Loss=0.015764
13:06:19 [INFO]     Época 20/50 | Loss=0.014184
13:06:23 [INFO]     Época 30/50 | Loss=0.012928
13:06:28 [INFO]     Época 40/50 | Loss=0.013405
13:06:33 [INFO]     Época 50/50 | Loss=0.012329
13:06:33 [INFO]   [470/960] CNN_w5_c32_k2_actrelu_d0.1_dense32_e50_lr0.001_b16  RMSE_test=0.0141  MAE_test=0.0107
13:06:43 [INFO]     Época 10/50 | Loss=0.015594
13:06:53 [INFO]     Época 20/50 | Loss=0.013869
13:07:03 [INFO]     Época 30/50 | Loss=0.012934
13:07:12 [INFO]     Época 40/50 | Loss=0.012259
13:07:22 [INFO]     Época 50/50 | Loss=0.012127
13:07:22 [INFO]   [471/960] CNN_w5_c32_k2_actrelu_d0.1_dense32_e50_lr0.0005_b8  RMSE_test=0.0154  MAE_test=0.0119
13:07:27 [INFO]     Época 10/50 | Loss=0.016389
13:07:32 [INFO]     Época 20/50 | Loss=0.014509
13:07:37 [INFO]     Época 30/50 | Loss=0.012916
13:07:42 [INFO]     Época 40/50 | Loss=0.012876
13:07:47 [INFO]     Época 50/50 | Loss=0.012647
13:07:47 [INFO]   [472/960] CNN_w5_c32_k2_actrelu_d0.1_dense32_e50_lr0.0005_b16  RMSE_test=0.0144  MAE_test=0.0108
13:07:56 [INFO]     Época 10/50 | Loss=0.021890
13:08:06 [INFO]     Época 20/50 | Loss=0.018935
13:08:16 [INFO]     Época 30/50 | Loss=0.017030
13:08:26 [INFO]     Época 40/50 | Loss=0.015272
13:08:35 [INFO]     Época 50/50 | Loss=0.014335
13:08:35 [INFO]   [473/960] CNN_w5_c32_k2_actleaky_relu_d0.1_dense16_e50_lr0.001_b8  RMSE_test=0.0186  MAE_test=0.0145
13:08:40 [INFO]     Época 10/50 | Loss=0.021492
13:08:45 [INFO]     Época 20/50 | Loss=0.020331
13:08:50 [INFO]     Época 30/50 | Loss=0.017896
13:08:55 [INFO]     Época 40/50 | Loss=0.016317
13:09:00 [INFO]     Época 50/50 | Loss=0.014642
13:09:00 [INFO]   [474/960] CNN_w5_c32_k2_actleaky_relu_d0.1_dense16_e50_lr0.001_b16  RMSE_test=0.0166  MAE_test=0.0129
13:09:09 [INFO]     Época 10/50 | Loss=0.022479
13:09:19 [INFO]     Época 20/50 | Loss=0.019411
13:09:29 [INFO]     Época 30/50 | Loss=0.018864
13:09:38 [INFO]     Época 40/50 | Loss=0.017388
13:09:48 [INFO]     Época 50/50 | Loss=0.015353
13:09:48 [INFO]   [475/960] CNN_w5_c32_k2_actleaky_relu_d0.1_dense16_e50_lr0.0005_b8  RMSE_test=0.0158  MAE_test=0.0121
13:09:53 [INFO]     Época 10/50 | Loss=0.022249
13:09:58 [INFO]     Época 20/50 | Loss=0.020622
13:10:03 [INFO]     Época 30/50 | Loss=0.018540
13:10:07 [INFO]     Época 40/50 | Loss=0.018710
13:10:12 [INFO]     Época 50/50 | Loss=0.017484
13:10:12 [INFO]   [476/960] CNN_w5_c32_k2_actleaky_relu_d0.1_dense16_e50_lr0.0005_b16  RMSE_test=0.0172  MAE_test=0.0129
13:10:22 [INFO]     Época 10/50 | Loss=0.015011
13:10:32 [INFO]     Época 20/50 | Loss=0.013789
13:10:41 [INFO]     Época 30/50 | Loss=0.011846
13:10:51 [INFO]     Época 40/50 | Loss=0.010831
13:11:01 [INFO]     Época 50/50 | Loss=0.010416
13:11:01 [INFO]   [477/960] CNN_w5_c32_k2_actleaky_relu_d0.1_dense32_e50_lr0.001_b8  RMSE_test=0.0173  MAE_test=0.0139
13:11:05 [INFO]     Época 10/50 | Loss=0.015155
13:11:10 [INFO]     Época 20/50 | Loss=0.013360
13:11:15 [INFO]     Época 30/50 | Loss=0.011963
13:11:20 [INFO]     Época 40/50 | Loss=0.011634
13:11:25 [INFO]     Época 50/50 | Loss=0.010422
13:11:25 [INFO]   [478/960] CNN_w5_c32_k2_actleaky_relu_d0.1_dense32_e50_lr0.001_b16  RMSE_test=0.0146  MAE_test=0.0109
13:11:35 [INFO]     Época 10/50 | Loss=0.015141
13:11:44 [INFO]     Época 20/50 | Loss=0.013342
13:11:54 [INFO]     Época 30/50 | Loss=0.012048
13:12:04 [INFO]     Época 40/50 | Loss=0.011062
13:12:14 [INFO]     Época 50/50 | Loss=0.010447
13:12:14 [INFO]   [479/960] CNN_w5_c32_k2_actleaky_relu_d0.1_dense32_e50_lr0.0005_b8  RMSE_test=0.0164  MAE_test=0.0129
13:12:20 [INFO]     Época 10/50 | Loss=0.015927
13:12:25 [INFO]     Época 20/50 | Loss=0.013926
13:12:30 [INFO]     Época 30/50 | Loss=0.012314
13:12:35 [INFO]     Época 40/50 | Loss=0.012014
13:12:40 [INFO]     Época 50/50 | Loss=0.011458
13:12:40 [INFO]   [480/960] CNN_w5_c32_k2_actleaky_relu_d0.1_dense32_e50_lr0.0005_b16  RMSE_test=0.0150  MAE_test=0.0113
13:12:49 [INFO]     Época 10/50 | Loss=0.002991
13:12:57 [INFO]     Época 20/50 | Loss=0.002560
13:13:06 [INFO]     Época 30/50 | Loss=0.002436
13:13:15 [INFO]     Época 40/50 | Loss=0.002229
13:13:24 [INFO]     Época 50/50 | Loss=0.002257
13:13:24 [INFO]   [481/960] CNN_w5_c32_k3_actrelu_d0.0_dense16_e50_lr0.001_b8  RMSE_test=0.0130  MAE_test=0.0097
13:13:28 [INFO]     Época 10/50 | Loss=0.003152
13:13:33 [INFO]     Época 20/50 | Loss=0.002515
13:13:37 [INFO]     Época 30/50 | Loss=0.002337
13:13:42 [INFO]     Época 40/50 | Loss=0.002220
13:13:46 [INFO]     Época 50/50 | Loss=0.002244
13:13:46 [INFO]   [482/960] CNN_w5_c32_k3_actrelu_d0.0_dense16_e50_lr0.001_b16  RMSE_test=0.0131  MAE_test=0.0099
13:13:55 [INFO]     Época 10/50 | Loss=0.003039
13:14:03 [INFO]     Época 20/50 | Loss=0.002528
13:14:12 [INFO]     Época 30/50 | Loss=0.002380
13:14:21 [INFO]     Época 40/50 | Loss=0.002206
13:14:29 [INFO]     Época 50/50 | Loss=0.002205
13:14:29 [INFO]   [483/960] CNN_w5_c32_k3_actrelu_d0.0_dense16_e50_lr0.0005_b8  RMSE_test=0.0130  MAE_test=0.0098
13:14:34 [INFO]     Época 10/50 | Loss=0.003295
13:14:38 [INFO]     Época 20/50 | Loss=0.002585
13:14:42 [INFO]     Época 30/50 | Loss=0.002340
13:14:47 [INFO]     Época 40/50 | Loss=0.002245
13:14:51 [INFO]     Época 50/50 | Loss=0.002243
13:14:51 [INFO]   [484/960] CNN_w5_c32_k3_actrelu_d0.0_dense16_e50_lr0.0005_b16  RMSE_test=0.0125  MAE_test=0.0093
13:15:00 [INFO]     Época 10/50 | Loss=0.002878
13:15:08 [INFO]     Época 20/50 | Loss=0.002571
13:15:17 [INFO]     Época 30/50 | Loss=0.002401
13:15:25 [INFO]     Época 40/50 | Loss=0.002199
13:15:34 [INFO]     Época 50/50 | Loss=0.002204
13:15:34 [INFO]   [485/960] CNN_w5_c32_k3_actrelu_d0.0_dense32_e50_lr0.001_b8  RMSE_test=0.0124  MAE_test=0.0093
13:15:38 [INFO]     Época 10/50 | Loss=0.002982
13:15:43 [INFO]     Época 20/50 | Loss=0.002530
13:15:47 [INFO]     Época 30/50 | Loss=0.002353
13:15:52 [INFO]     Época 40/50 | Loss=0.002216
13:15:56 [INFO]     Época 50/50 | Loss=0.002201
13:15:56 [INFO]   [486/960] CNN_w5_c32_k3_actrelu_d0.0_dense32_e50_lr0.001_b16  RMSE_test=0.0123  MAE_test=0.0091
13:16:05 [INFO]     Época 10/50 | Loss=0.002878
13:16:13 [INFO]     Época 20/50 | Loss=0.002509
13:16:22 [INFO]     Época 30/50 | Loss=0.002401
13:16:30 [INFO]     Época 40/50 | Loss=0.002223
13:16:39 [INFO]     Época 50/50 | Loss=0.002195
13:16:39 [INFO]   [487/960] CNN_w5_c32_k3_actrelu_d0.0_dense32_e50_lr0.0005_b8  RMSE_test=0.0125  MAE_test=0.0094
13:16:43 [INFO]     Época 10/50 | Loss=0.003117
13:16:48 [INFO]     Época 20/50 | Loss=0.002511
13:16:52 [INFO]     Época 30/50 | Loss=0.002290
13:16:56 [INFO]     Época 40/50 | Loss=0.002170
13:17:01 [INFO]     Época 50/50 | Loss=0.002211
13:17:01 [INFO]   [488/960] CNN_w5_c32_k3_actrelu_d0.0_dense32_e50_lr0.0005_b16  RMSE_test=0.0123  MAE_test=0.0090
13:17:09 [INFO]     Época 10/50 | Loss=0.002997
13:17:18 [INFO]     Época 20/50 | Loss=0.002644
13:17:27 [INFO]     Época 30/50 | Loss=0.002405
13:17:35 [INFO]     Época 40/50 | Loss=0.002256
13:17:44 [INFO]     Época 50/50 | Loss=0.002223
13:17:44 [INFO]   [489/960] CNN_w5_c32_k3_actleaky_relu_d0.0_dense16_e50_lr0.001_b8  RMSE_test=0.0123  MAE_test=0.0090
13:17:49 [INFO]     Época 10/50 | Loss=0.003245
13:17:53 [INFO]     Época 20/50 | Loss=0.002537
13:17:58 [INFO]     Época 30/50 | Loss=0.002352
13:18:02 [INFO]     Época 40/50 | Loss=0.002179
13:18:06 [INFO]     Época 50/50 | Loss=0.002258
13:18:06 [INFO]   [490/960] CNN_w5_c32_k3_actleaky_relu_d0.0_dense16_e50_lr0.001_b16  RMSE_test=0.0123  MAE_test=0.0091
13:18:15 [INFO]     Época 10/50 | Loss=0.003027
13:18:24 [INFO]     Época 20/50 | Loss=0.002513
13:18:33 [INFO]     Época 30/50 | Loss=0.002342
13:18:41 [INFO]     Época 40/50 | Loss=0.002199
13:18:50 [INFO]     Época 50/50 | Loss=0.002194
13:18:50 [INFO]   [491/960] CNN_w5_c32_k3_actleaky_relu_d0.0_dense16_e50_lr0.0005_b8  RMSE_test=0.0128  MAE_test=0.0097
13:18:55 [INFO]     Época 10/50 | Loss=0.003268
13:18:59 [INFO]     Época 20/50 | Loss=0.002583
13:19:04 [INFO]     Época 30/50 | Loss=0.002344
13:19:08 [INFO]     Época 40/50 | Loss=0.002250
13:19:13 [INFO]     Época 50/50 | Loss=0.002243
13:19:13 [INFO]   [492/960] CNN_w5_c32_k3_actleaky_relu_d0.0_dense16_e50_lr0.0005_b16  RMSE_test=0.0122  MAE_test=0.0090
13:19:21 [INFO]     Época 10/50 | Loss=0.002818
13:19:30 [INFO]     Época 20/50 | Loss=0.002558
13:19:39 [INFO]     Época 30/50 | Loss=0.002401
13:19:47 [INFO]     Época 40/50 | Loss=0.002189
13:19:56 [INFO]     Época 50/50 | Loss=0.002205
13:19:56 [INFO]   [493/960] CNN_w5_c32_k3_actleaky_relu_d0.0_dense32_e50_lr0.001_b8  RMSE_test=0.0126  MAE_test=0.0094
13:20:00 [INFO]     Época 10/50 | Loss=0.002935
13:20:05 [INFO]     Época 20/50 | Loss=0.002523
13:20:09 [INFO]     Época 30/50 | Loss=0.002327
13:20:14 [INFO]     Época 40/50 | Loss=0.002132
13:20:18 [INFO]     Época 50/50 | Loss=0.002185
13:20:18 [INFO]   [494/960] CNN_w5_c32_k3_actleaky_relu_d0.0_dense32_e50_lr0.001_b16  RMSE_test=0.0123  MAE_test=0.0092
13:20:27 [INFO]     Época 10/50 | Loss=0.002871
13:20:35 [INFO]     Época 20/50 | Loss=0.002519
13:20:44 [INFO]     Época 30/50 | Loss=0.002334
13:20:53 [INFO]     Época 40/50 | Loss=0.002182
13:21:01 [INFO]     Época 50/50 | Loss=0.002190
13:21:01 [INFO]   [495/960] CNN_w5_c32_k3_actleaky_relu_d0.0_dense32_e50_lr0.0005_b8  RMSE_test=0.0126  MAE_test=0.0094
13:21:06 [INFO]     Época 10/50 | Loss=0.003143
13:21:10 [INFO]     Época 20/50 | Loss=0.002465
13:21:14 [INFO]     Época 30/50 | Loss=0.002303
13:21:19 [INFO]     Época 40/50 | Loss=0.002142
13:21:23 [INFO]     Época 50/50 | Loss=0.002196
13:21:23 [INFO]   [496/960] CNN_w5_c32_k3_actleaky_relu_d0.0_dense32_e50_lr0.0005_b16  RMSE_test=0.0121  MAE_test=0.0089
13:21:33 [INFO]     Época 10/50 | Loss=0.022797
13:21:43 [INFO]     Época 20/50 | Loss=0.021381
13:21:52 [INFO]     Época 30/50 | Loss=0.020623
13:22:02 [INFO]     Época 40/50 | Loss=0.020629
13:22:11 [INFO]     Época 50/50 | Loss=0.020578
13:22:11 [INFO]   [497/960] CNN_w5_c32_k3_actrelu_d0.1_dense16_e50_lr0.001_b8  RMSE_test=0.0153  MAE_test=0.0118
13:22:16 [INFO]     Época 10/50 | Loss=0.022262
13:22:21 [INFO]     Época 20/50 | Loss=0.021104
13:22:26 [INFO]     Época 30/50 | Loss=0.020400
13:22:31 [INFO]     Época 40/50 | Loss=0.019850
13:22:36 [INFO]     Época 50/50 | Loss=0.019289
13:22:36 [INFO]   [498/960] CNN_w5_c32_k3_actrelu_d0.1_dense16_e50_lr0.001_b16  RMSE_test=0.0156  MAE_test=0.0119
13:22:45 [INFO]     Época 10/50 | Loss=0.022927
13:22:55 [INFO]     Época 20/50 | Loss=0.020828
13:23:05 [INFO]     Época 30/50 | Loss=0.019756
13:23:14 [INFO]     Época 40/50 | Loss=0.019846
13:23:24 [INFO]     Época 50/50 | Loss=0.019411
13:23:24 [INFO]   [499/960] CNN_w5_c32_k3_actrelu_d0.1_dense16_e50_lr0.0005_b8  RMSE_test=0.0142  MAE_test=0.0109
13:23:29 [INFO]     Época 10/50 | Loss=0.022172
13:23:34 [INFO]     Época 20/50 | Loss=0.021187
13:23:40 [INFO]     Época 30/50 | Loss=0.020367
13:23:45 [INFO]     Época 40/50 | Loss=0.019626
13:23:50 [INFO]     Época 50/50 | Loss=0.019005
13:23:50 [INFO]   [500/960] CNN_w5_c32_k3_actrelu_d0.1_dense16_e50_lr0.0005_b16  RMSE_test=0.0152  MAE_test=0.0117
13:24:00 [INFO]     Época 10/50 | Loss=0.017069
13:24:09 [INFO]     Época 20/50 | Loss=0.014607
13:24:19 [INFO]     Época 30/50 | Loss=0.015157
13:24:29 [INFO]     Época 40/50 | Loss=0.014667
13:24:39 [INFO]     Época 50/50 | Loss=0.014531
13:24:39 [INFO]   [501/960] CNN_w5_c32_k3_actrelu_d0.1_dense32_e50_lr0.001_b8  RMSE_test=0.0148  MAE_test=0.0111
13:24:44 [INFO]     Época 10/50 | Loss=0.016402
13:24:49 [INFO]     Época 20/50 | Loss=0.014394
13:24:54 [INFO]     Época 30/50 | Loss=0.013916
13:24:59 [INFO]     Época 40/50 | Loss=0.013362
13:25:04 [INFO]     Época 50/50 | Loss=0.012784
13:25:04 [INFO]   [502/960] CNN_w5_c32_k3_actrelu_d0.1_dense32_e50_lr0.001_b16  RMSE_test=0.0157  MAE_test=0.0122
13:25:14 [INFO]     Época 10/50 | Loss=0.016276
13:25:24 [INFO]     Época 20/50 | Loss=0.013462
13:25:34 [INFO]     Época 30/50 | Loss=0.013754
13:25:44 [INFO]     Época 40/50 | Loss=0.013291
13:25:54 [INFO]     Época 50/50 | Loss=0.013102
13:25:54 [INFO]   [503/960] CNN_w5_c32_k3_actrelu_d0.1_dense32_e50_lr0.0005_b8  RMSE_test=0.0142  MAE_test=0.0107
13:25:59 [INFO]     Época 10/50 | Loss=0.016503
13:26:04 [INFO]     Época 20/50 | Loss=0.014116
13:26:09 [INFO]     Época 30/50 | Loss=0.013587
13:26:14 [INFO]     Época 40/50 | Loss=0.012764
13:26:19 [INFO]     Época 50/50 | Loss=0.012338
13:26:19 [INFO]   [504/960] CNN_w5_c32_k3_actrelu_d0.1_dense32_e50_lr0.0005_b16  RMSE_test=0.0150  MAE_test=0.0117
13:26:29 [INFO]     Época 10/50 | Loss=0.022040
13:26:39 [INFO]     Época 20/50 | Loss=0.019140
13:26:49 [INFO]     Época 30/50 | Loss=0.015672
13:26:59 [INFO]     Época 40/50 | Loss=0.014674
13:27:09 [INFO]     Época 50/50 | Loss=0.014014
13:27:09 [INFO]   [505/960] CNN_w5_c32_k3_actleaky_relu_d0.1_dense16_e50_lr0.001_b8  RMSE_test=0.0163  MAE_test=0.0125
13:27:14 [INFO]     Época 10/50 | Loss=0.021905
13:27:19 [INFO]     Época 20/50 | Loss=0.020419
13:27:24 [INFO]     Época 30/50 | Loss=0.018583
13:27:29 [INFO]     Época 40/50 | Loss=0.015686
13:27:34 [INFO]     Época 50/50 | Loss=0.013674
13:27:34 [INFO]   [506/960] CNN_w5_c32_k3_actleaky_relu_d0.1_dense16_e50_lr0.001_b16  RMSE_test=0.0150  MAE_test=0.0116
13:27:44 [INFO]     Época 10/50 | Loss=0.022503
13:27:54 [INFO]     Época 20/50 | Loss=0.019915
13:28:04 [INFO]     Época 30/50 | Loss=0.018102
13:28:14 [INFO]     Época 40/50 | Loss=0.016340
13:28:24 [INFO]     Época 50/50 | Loss=0.014294
13:28:24 [INFO]   [507/960] CNN_w5_c32_k3_actleaky_relu_d0.1_dense16_e50_lr0.0005_b8  RMSE_test=0.0145  MAE_test=0.0111
13:28:29 [INFO]     Época 10/50 | Loss=0.021801
13:28:34 [INFO]     Época 20/50 | Loss=0.020700
13:28:39 [INFO]     Época 30/50 | Loss=0.019534
13:28:44 [INFO]     Época 40/50 | Loss=0.018339
13:28:49 [INFO]     Época 50/50 | Loss=0.016732
13:28:49 [INFO]   [508/960] CNN_w5_c32_k3_actleaky_relu_d0.1_dense16_e50_lr0.0005_b16  RMSE_test=0.0151  MAE_test=0.0116
13:28:59 [INFO]     Época 10/50 | Loss=0.015565
13:29:09 [INFO]     Época 20/50 | Loss=0.012430
13:29:19 [INFO]     Época 30/50 | Loss=0.012014
13:29:29 [INFO]     Época 40/50 | Loss=0.011132
13:29:38 [INFO]     Época 50/50 | Loss=0.010425
13:29:38 [INFO]   [509/960] CNN_w5_c32_k3_actleaky_relu_d0.1_dense32_e50_lr0.001_b8  RMSE_test=0.0144  MAE_test=0.0107
13:29:43 [INFO]     Época 10/50 | Loss=0.015154
13:29:48 [INFO]     Época 20/50 | Loss=0.013312
13:29:53 [INFO]     Época 30/50 | Loss=0.012666
13:29:58 [INFO]     Época 40/50 | Loss=0.011723
13:30:03 [INFO]     Época 50/50 | Loss=0.010466
13:30:03 [INFO]   [510/960] CNN_w5_c32_k3_actleaky_relu_d0.1_dense32_e50_lr0.001_b16  RMSE_test=0.0147  MAE_test=0.0114
13:30:12 [INFO]     Época 10/50 | Loss=0.015324
13:30:22 [INFO]     Época 20/50 | Loss=0.012397
13:30:31 [INFO]     Época 30/50 | Loss=0.012111
13:30:41 [INFO]     Época 40/50 | Loss=0.011195
13:30:50 [INFO]     Época 50/50 | Loss=0.010566
13:30:50 [INFO]   [511/960] CNN_w5_c32_k3_actleaky_relu_d0.1_dense32_e50_lr0.0005_b8  RMSE_test=0.0151  MAE_test=0.0112
13:30:55 [INFO]     Época 10/50 | Loss=0.015766
13:31:00 [INFO]     Época 20/50 | Loss=0.013498
13:31:05 [INFO]     Época 30/50 | Loss=0.012772
13:31:09 [INFO]     Época 40/50 | Loss=0.011751
13:31:14 [INFO]     Época 50/50 | Loss=0.011168
13:31:14 [INFO]   [512/960] CNN_w5_c32_k3_actleaky_relu_d0.1_dense32_e50_lr0.0005_b16  RMSE_test=0.0149  MAE_test=0.0115
13:31:24 [INFO]     Época 10/50 | Loss=0.003066
13:31:35 [INFO]     Época 20/50 | Loss=0.002762
13:31:45 [INFO]     Época 30/50 | Loss=0.002434
13:31:55 [INFO]     Época 40/50 | Loss=0.002318
13:32:06 [INFO]     Época 50/50 | Loss=0.002303
13:32:06 [INFO]   [513/960] CNN_w5_c16x32_k2_actrelu_d0.0_dense16_e50_lr0.001_b8  RMSE_test=0.0135  MAE_test=0.0101
13:32:11 [INFO]     Época 10/50 | Loss=0.002981
13:32:16 [INFO]     Época 20/50 | Loss=0.002505
13:32:21 [INFO]     Época 30/50 | Loss=0.002296
13:32:26 [INFO]     Época 40/50 | Loss=0.002277
13:32:32 [INFO]     Época 50/50 | Loss=0.002227
13:32:32 [INFO]   [514/960] CNN_w5_c16x32_k2_actrelu_d0.0_dense16_e50_lr0.001_b16  RMSE_test=0.0133  MAE_test=0.0100
13:32:42 [INFO]     Época 10/50 | Loss=0.003090
13:32:53 [INFO]     Época 20/50 | Loss=0.002599
13:33:03 [INFO]     Época 30/50 | Loss=0.002343
13:33:14 [INFO]     Época 40/50 | Loss=0.002251
13:33:24 [INFO]     Época 50/50 | Loss=0.002296
13:33:24 [INFO]   [515/960] CNN_w5_c16x32_k2_actrelu_d0.0_dense16_e50_lr0.0005_b8  RMSE_test=0.0135  MAE_test=0.0102
13:33:29 [INFO]     Época 10/50 | Loss=0.003379
13:33:35 [INFO]     Época 20/50 | Loss=0.002562
13:33:40 [INFO]     Época 30/50 | Loss=0.002282
13:33:45 [INFO]     Época 40/50 | Loss=0.002279
13:33:50 [INFO]     Época 50/50 | Loss=0.002185
13:33:50 [INFO]   [516/960] CNN_w5_c16x32_k2_actrelu_d0.0_dense16_e50_lr0.0005_b16  RMSE_test=0.0132  MAE_test=0.0097
13:34:01 [INFO]     Época 10/50 | Loss=0.003116
13:34:12 [INFO]     Época 20/50 | Loss=0.002703
13:34:22 [INFO]     Época 30/50 | Loss=0.002435
13:34:33 [INFO]     Época 40/50 | Loss=0.002372
13:34:43 [INFO]     Época 50/50 | Loss=0.002313
13:34:43 [INFO]   [517/960] CNN_w5_c16x32_k2_actrelu_d0.0_dense32_e50_lr0.001_b8  RMSE_test=0.0127  MAE_test=0.0094
13:34:49 [INFO]     Época 10/50 | Loss=0.003105
13:34:54 [INFO]     Época 20/50 | Loss=0.002571
13:34:59 [INFO]     Época 30/50 | Loss=0.002406
13:35:05 [INFO]     Época 40/50 | Loss=0.002307
13:35:10 [INFO]     Época 50/50 | Loss=0.002292
13:35:10 [INFO]   [518/960] CNN_w5_c16x32_k2_actrelu_d0.0_dense32_e50_lr0.001_b16  RMSE_test=0.0132  MAE_test=0.0098
13:35:21 [INFO]     Época 10/50 | Loss=0.003165
13:35:31 [INFO]     Época 20/50 | Loss=0.002676
13:35:42 [INFO]     Época 30/50 | Loss=0.002405
13:35:52 [INFO]     Época 40/50 | Loss=0.002275
13:36:03 [INFO]     Época 50/50 | Loss=0.002300
13:36:03 [INFO]   [519/960] CNN_w5_c16x32_k2_actrelu_d0.0_dense32_e50_lr0.0005_b8  RMSE_test=0.0137  MAE_test=0.0102
13:36:08 [INFO]     Época 10/50 | Loss=0.003273
13:36:14 [INFO]     Época 20/50 | Loss=0.002628
13:36:19 [INFO]     Época 30/50 | Loss=0.002345
13:36:24 [INFO]     Época 40/50 | Loss=0.002273
13:36:29 [INFO]     Época 50/50 | Loss=0.002261
13:36:29 [INFO]   [520/960] CNN_w5_c16x32_k2_actrelu_d0.0_dense32_e50_lr0.0005_b16  RMSE_test=0.0134  MAE_test=0.0099
13:36:39 [INFO]     Época 10/50 | Loss=0.003055
13:36:49 [INFO]     Época 20/50 | Loss=0.002626
13:37:00 [INFO]     Época 30/50 | Loss=0.002428
13:37:10 [INFO]     Época 40/50 | Loss=0.002268
13:37:20 [INFO]     Época 50/50 | Loss=0.002260
13:37:20 [INFO]   [521/960] CNN_w5_c16x32_k2_actleaky_relu_d0.0_dense16_e50_lr0.001_b8  RMSE_test=0.0130  MAE_test=0.0096
13:37:25 [INFO]     Época 10/50 | Loss=0.003067
13:37:30 [INFO]     Época 20/50 | Loss=0.002524
13:37:35 [INFO]     Época 30/50 | Loss=0.002304
13:37:41 [INFO]     Época 40/50 | Loss=0.002297
13:37:46 [INFO]     Época 50/50 | Loss=0.002235
13:37:46 [INFO]   [522/960] CNN_w5_c16x32_k2_actleaky_relu_d0.0_dense16_e50_lr0.001_b16  RMSE_test=0.0130  MAE_test=0.0096
13:37:56 [INFO]     Época 10/50 | Loss=0.003085
13:38:07 [INFO]     Época 20/50 | Loss=0.002531
13:38:17 [INFO]     Época 30/50 | Loss=0.002287
13:38:28 [INFO]     Época 40/50 | Loss=0.002219
13:38:39 [INFO]     Época 50/50 | Loss=0.002253
13:38:39 [INFO]   [523/960] CNN_w5_c16x32_k2_actleaky_relu_d0.0_dense16_e50_lr0.0005_b8  RMSE_test=0.0136  MAE_test=0.0101
13:38:44 [INFO]     Época 10/50 | Loss=0.003318
13:38:49 [INFO]     Época 20/50 | Loss=0.002531
13:38:54 [INFO]     Época 30/50 | Loss=0.002252
13:39:00 [INFO]     Época 40/50 | Loss=0.002277
13:39:05 [INFO]     Época 50/50 | Loss=0.002175
13:39:05 [INFO]   [524/960] CNN_w5_c16x32_k2_actleaky_relu_d0.0_dense16_e50_lr0.0005_b16  RMSE_test=0.0139  MAE_test=0.0103
13:39:16 [INFO]     Época 10/50 | Loss=0.003120
13:39:26 [INFO]     Época 20/50 | Loss=0.002679
13:39:37 [INFO]     Época 30/50 | Loss=0.002388
13:39:47 [INFO]     Época 40/50 | Loss=0.002350
13:39:58 [INFO]     Época 50/50 | Loss=0.002257
13:39:58 [INFO]   [525/960] CNN_w5_c16x32_k2_actleaky_relu_d0.0_dense32_e50_lr0.001_b8  RMSE_test=0.0133  MAE_test=0.0100
13:40:03 [INFO]     Época 10/50 | Loss=0.003090
13:40:08 [INFO]     Época 20/50 | Loss=0.002597
13:40:14 [INFO]     Época 30/50 | Loss=0.002400
13:40:19 [INFO]     Época 40/50 | Loss=0.002266
13:40:24 [INFO]     Época 50/50 | Loss=0.002259
13:40:24 [INFO]   [526/960] CNN_w5_c16x32_k2_actleaky_relu_d0.0_dense32_e50_lr0.001_b16  RMSE_test=0.0134  MAE_test=0.0101
13:40:35 [INFO]     Época 10/50 | Loss=0.003164
13:40:46 [INFO]     Época 20/50 | Loss=0.002653
13:40:56 [INFO]     Época 30/50 | Loss=0.002352
13:41:07 [INFO]     Época 40/50 | Loss=0.002288
13:41:17 [INFO]     Época 50/50 | Loss=0.002261
13:41:17 [INFO]   [527/960] CNN_w5_c16x32_k2_actleaky_relu_d0.0_dense32_e50_lr0.0005_b8  RMSE_test=0.0138  MAE_test=0.0102
13:41:23 [INFO]     Época 10/50 | Loss=0.003202
13:41:28 [INFO]     Época 20/50 | Loss=0.002621
13:41:33 [INFO]     Época 30/50 | Loss=0.002354
13:41:39 [INFO]     Época 40/50 | Loss=0.002268
13:41:44 [INFO]     Época 50/50 | Loss=0.002267
13:41:44 [INFO]   [528/960] CNN_w5_c16x32_k2_actleaky_relu_d0.0_dense32_e50_lr0.0005_b16  RMSE_test=0.0132  MAE_test=0.0097
13:41:56 [INFO]     Época 10/50 | Loss=0.030728
13:42:08 [INFO]     Época 20/50 | Loss=0.028401
13:42:19 [INFO]     Época 30/50 | Loss=0.025615
13:42:31 [INFO]     Época 40/50 | Loss=0.023054
13:42:43 [INFO]     Época 50/50 | Loss=0.023070
13:42:43 [INFO]   [529/960] CNN_w5_c16x32_k2_actrelu_d0.1_dense16_e50_lr0.001_b8  RMSE_test=0.0246  MAE_test=0.0189
13:42:49 [INFO]     Época 10/50 | Loss=0.027178
13:42:55 [INFO]     Época 20/50 | Loss=0.023860
13:43:01 [INFO]     Época 30/50 | Loss=0.022842
13:43:07 [INFO]     Época 40/50 | Loss=0.021288
13:43:13 [INFO]     Época 50/50 | Loss=0.021397
13:43:13 [INFO]   [530/960] CNN_w5_c16x32_k2_actrelu_d0.1_dense16_e50_lr0.001_b16  RMSE_test=0.0255  MAE_test=0.0200
13:43:24 [INFO]     Época 10/50 | Loss=0.031287
13:43:36 [INFO]     Época 20/50 | Loss=0.026829
13:43:48 [INFO]     Época 30/50 | Loss=0.023877
13:44:00 [INFO]     Época 40/50 | Loss=0.021890
13:44:11 [INFO]     Época 50/50 | Loss=0.021637
13:44:11 [INFO]   [531/960] CNN_w5_c16x32_k2_actrelu_d0.1_dense16_e50_lr0.0005_b8  RMSE_test=0.0244  MAE_test=0.0192
13:44:17 [INFO]     Época 10/50 | Loss=0.028886
13:44:23 [INFO]     Época 20/50 | Loss=0.024249
13:44:29 [INFO]     Época 30/50 | Loss=0.022510
13:44:35 [INFO]     Época 40/50 | Loss=0.021191
13:44:41 [INFO]     Época 50/50 | Loss=0.021144
13:44:41 [INFO]   [532/960] CNN_w5_c16x32_k2_actrelu_d0.1_dense16_e50_lr0.0005_b16  RMSE_test=0.0266  MAE_test=0.0212
13:44:53 [INFO]     Época 10/50 | Loss=0.018915
13:45:04 [INFO]     Época 20/50 | Loss=0.016229
13:45:16 [INFO]     Época 30/50 | Loss=0.015772
13:45:28 [INFO]     Época 40/50 | Loss=0.014870
13:45:40 [INFO]     Época 50/50 | Loss=0.014790
13:45:40 [INFO]   [533/960] CNN_w5_c16x32_k2_actrelu_d0.1_dense32_e50_lr0.001_b8  RMSE_test=0.0304  MAE_test=0.0234
13:45:45 [INFO]     Época 10/50 | Loss=0.019837
13:45:51 [INFO]     Época 20/50 | Loss=0.017284
13:45:57 [INFO]     Época 30/50 | Loss=0.015217
13:46:03 [INFO]     Época 40/50 | Loss=0.015197
13:46:09 [INFO]     Época 50/50 | Loss=0.014186
13:46:09 [INFO]   [534/960] CNN_w5_c16x32_k2_actrelu_d0.1_dense32_e50_lr0.001_b16  RMSE_test=0.0241  MAE_test=0.0189
13:46:21 [INFO]     Época 10/50 | Loss=0.019179
13:46:33 [INFO]     Época 20/50 | Loss=0.016123
13:46:44 [INFO]     Época 30/50 | Loss=0.015309
13:46:56 [INFO]     Época 40/50 | Loss=0.013608
13:47:08 [INFO]     Época 50/50 | Loss=0.014600
13:47:08 [INFO]   [535/960] CNN_w5_c16x32_k2_actrelu_d0.1_dense32_e50_lr0.0005_b8  RMSE_test=0.0259  MAE_test=0.0199
13:47:14 [INFO]     Época 10/50 | Loss=0.020886
13:47:20 [INFO]     Época 20/50 | Loss=0.017313
13:47:26 [INFO]     Época 30/50 | Loss=0.014750
13:47:31 [INFO]     Época 40/50 | Loss=0.014652
13:47:37 [INFO]     Época 50/50 | Loss=0.013670
13:47:37 [INFO]   [536/960] CNN_w5_c16x32_k2_actrelu_d0.1_dense32_e50_lr0.0005_b16  RMSE_test=0.0240  MAE_test=0.0187
13:47:49 [INFO]     Época 10/50 | Loss=0.025290
13:48:01 [INFO]     Época 20/50 | Loss=0.019530
13:48:13 [INFO]     Época 30/50 | Loss=0.016942
13:48:24 [INFO]     Época 40/50 | Loss=0.015086
13:48:36 [INFO]     Época 50/50 | Loss=0.015081
13:48:36 [INFO]   [537/960] CNN_w5_c16x32_k2_actleaky_relu_d0.1_dense16_e50_lr0.001_b8  RMSE_test=0.0233  MAE_test=0.0173
13:48:42 [INFO]     Época 10/50 | Loss=0.025939
13:48:48 [INFO]     Época 20/50 | Loss=0.021100
13:48:54 [INFO]     Época 30/50 | Loss=0.016741
13:49:00 [INFO]     Época 40/50 | Loss=0.015787
13:49:06 [INFO]     Época 50/50 | Loss=0.016068
13:49:06 [INFO]   [538/960] CNN_w5_c16x32_k2_actleaky_relu_d0.1_dense16_e50_lr0.001_b16  RMSE_test=0.0239  MAE_test=0.0191
13:49:17 [INFO]     Época 10/50 | Loss=0.027509
13:49:29 [INFO]     Época 20/50 | Loss=0.022836
13:49:41 [INFO]     Época 30/50 | Loss=0.018425
13:49:53 [INFO]     Época 40/50 | Loss=0.015996
13:50:04 [INFO]     Época 50/50 | Loss=0.015147
13:50:04 [INFO]   [539/960] CNN_w5_c16x32_k2_actleaky_relu_d0.1_dense16_e50_lr0.0005_b8  RMSE_test=0.0229  MAE_test=0.0173
13:50:10 [INFO]     Época 10/50 | Loss=0.028020
13:50:16 [INFO]     Época 20/50 | Loss=0.023739
13:50:22 [INFO]     Época 30/50 | Loss=0.020880
13:50:28 [INFO]     Época 40/50 | Loss=0.018506
13:50:34 [INFO]     Época 50/50 | Loss=0.017122
13:50:34 [INFO]   [540/960] CNN_w5_c16x32_k2_actleaky_relu_d0.1_dense16_e50_lr0.0005_b16  RMSE_test=0.0250  MAE_test=0.0197
13:50:45 [INFO]     Época 10/50 | Loss=0.017743
13:50:57 [INFO]     Época 20/50 | Loss=0.014023
13:51:09 [INFO]     Época 30/50 | Loss=0.012620
13:51:20 [INFO]     Época 40/50 | Loss=0.011095
13:51:32 [INFO]     Época 50/50 | Loss=0.010906
13:51:32 [INFO]   [541/960] CNN_w5_c16x32_k2_actleaky_relu_d0.1_dense32_e50_lr0.001_b8  RMSE_test=0.0316  MAE_test=0.0235
13:51:38 [INFO]     Época 10/50 | Loss=0.018517
13:51:44 [INFO]     Época 20/50 | Loss=0.015402
13:51:50 [INFO]     Época 30/50 | Loss=0.012725
13:51:56 [INFO]     Época 40/50 | Loss=0.012063
13:52:01 [INFO]     Época 50/50 | Loss=0.011127
13:52:01 [INFO]   [542/960] CNN_w5_c16x32_k2_actleaky_relu_d0.1_dense32_e50_lr0.001_b16  RMSE_test=0.0261  MAE_test=0.0203
13:52:13 [INFO]     Época 10/50 | Loss=0.018773
13:52:25 [INFO]     Época 20/50 | Loss=0.015042
13:52:37 [INFO]     Época 30/50 | Loss=0.013827
13:52:48 [INFO]     Época 40/50 | Loss=0.012032
13:53:00 [INFO]     Época 50/50 | Loss=0.011640
13:53:00 [INFO]   [543/960] CNN_w5_c16x32_k2_actleaky_relu_d0.1_dense32_e50_lr0.0005_b8  RMSE_test=0.0287  MAE_test=0.0213
13:53:06 [INFO]     Época 10/50 | Loss=0.019751
13:53:12 [INFO]     Época 20/50 | Loss=0.016852
13:53:18 [INFO]     Época 30/50 | Loss=0.013916
13:53:24 [INFO]     Época 40/50 | Loss=0.013195
13:53:30 [INFO]     Época 50/50 | Loss=0.011980
13:53:30 [INFO]   [544/960] CNN_w5_c16x32_k2_actleaky_relu_d0.1_dense32_e50_lr0.0005_b16  RMSE_test=0.0238  MAE_test=0.0184
13:53:40 [INFO]     Época 10/50 | Loss=0.003063
13:53:51 [INFO]     Época 20/50 | Loss=0.002532
13:54:01 [INFO]     Época 30/50 | Loss=0.002366
13:54:12 [INFO]     Época 40/50 | Loss=0.002232
13:54:22 [INFO]     Época 50/50 | Loss=0.002221
13:54:22 [INFO]   [545/960] CNN_w5_c16x32_k3_actrelu_d0.0_dense16_e50_lr0.001_b8  RMSE_test=0.0127  MAE_test=0.0094
13:54:28 [INFO]     Época 10/50 | Loss=0.003151
13:54:33 [INFO]     Época 20/50 | Loss=0.002545
13:54:38 [INFO]     Época 30/50 | Loss=0.002331
13:54:43 [INFO]     Época 40/50 | Loss=0.002218
13:54:49 [INFO]     Época 50/50 | Loss=0.002224
13:54:49 [INFO]   [546/960] CNN_w5_c16x32_k3_actrelu_d0.0_dense16_e50_lr0.001_b16  RMSE_test=0.0127  MAE_test=0.0096
13:54:59 [INFO]     Época 10/50 | Loss=0.003235
13:55:10 [INFO]     Época 20/50 | Loss=0.002593
13:55:20 [INFO]     Época 30/50 | Loss=0.002343
13:55:31 [INFO]     Época 40/50 | Loss=0.002216
13:55:41 [INFO]     Época 50/50 | Loss=0.002259
13:55:41 [INFO]   [547/960] CNN_w5_c16x32_k3_actrelu_d0.0_dense16_e50_lr0.0005_b8  RMSE_test=0.0128  MAE_test=0.0095
13:55:47 [INFO]     Época 10/50 | Loss=0.003502
13:55:52 [INFO]     Época 20/50 | Loss=0.002690
13:55:57 [INFO]     Época 30/50 | Loss=0.002321
13:56:02 [INFO]     Época 40/50 | Loss=0.002224
13:56:07 [INFO]     Época 50/50 | Loss=0.002198
13:56:07 [INFO]   [548/960] CNN_w5_c16x32_k3_actrelu_d0.0_dense16_e50_lr0.0005_b16  RMSE_test=0.0126  MAE_test=0.0094
13:56:18 [INFO]     Época 10/50 | Loss=0.003038
13:56:28 [INFO]     Época 20/50 | Loss=0.002574
13:56:38 [INFO]     Época 30/50 | Loss=0.002304
13:56:48 [INFO]     Época 40/50 | Loss=0.002157
13:56:59 [INFO]     Época 50/50 | Loss=0.002136
13:56:59 [INFO]   [549/960] CNN_w5_c16x32_k3_actrelu_d0.0_dense32_e50_lr0.001_b8  RMSE_test=0.0131  MAE_test=0.0096
13:57:04 [INFO]     Época 10/50 | Loss=0.003318
13:57:09 [INFO]     Época 20/50 | Loss=0.002650
13:57:15 [INFO]     Época 30/50 | Loss=0.002310
13:57:20 [INFO]     Época 40/50 | Loss=0.002124
13:57:25 [INFO]     Época 50/50 | Loss=0.002115
13:57:25 [INFO]   [550/960] CNN_w5_c16x32_k3_actrelu_d0.0_dense32_e50_lr0.001_b16  RMSE_test=0.0133  MAE_test=0.0097
13:57:36 [INFO]     Época 10/50 | Loss=0.003224
13:57:46 [INFO]     Época 20/50 | Loss=0.002618
13:57:56 [INFO]     Época 30/50 | Loss=0.002330
13:58:07 [INFO]     Época 40/50 | Loss=0.002157
13:58:17 [INFO]     Época 50/50 | Loss=0.002123
13:58:17 [INFO]   [551/960] CNN_w5_c16x32_k3_actrelu_d0.0_dense32_e50_lr0.0005_b8  RMSE_test=0.0136  MAE_test=0.0103
13:58:23 [INFO]     Época 10/50 | Loss=0.003306
13:58:28 [INFO]     Época 20/50 | Loss=0.002649
13:58:33 [INFO]     Época 30/50 | Loss=0.002329
13:58:39 [INFO]     Época 40/50 | Loss=0.002125
13:58:44 [INFO]     Época 50/50 | Loss=0.002178
13:58:44 [INFO]   [552/960] CNN_w5_c16x32_k3_actrelu_d0.0_dense32_e50_lr0.0005_b16  RMSE_test=0.0131  MAE_test=0.0096
13:58:54 [INFO]     Época 10/50 | Loss=0.002938
13:59:05 [INFO]     Época 20/50 | Loss=0.002542
13:59:15 [INFO]     Época 30/50 | Loss=0.002366
13:59:25 [INFO]     Época 40/50 | Loss=0.002205
13:59:36 [INFO]     Época 50/50 | Loss=0.002217
13:59:36 [INFO]   [553/960] CNN_w5_c16x32_k3_actleaky_relu_d0.0_dense16_e50_lr0.001_b8  RMSE_test=0.0125  MAE_test=0.0092
13:59:41 [INFO]     Época 10/50 | Loss=0.003178
13:59:46 [INFO]     Época 20/50 | Loss=0.002646
13:59:51 [INFO]     Época 30/50 | Loss=0.002377
13:59:57 [INFO]     Época 40/50 | Loss=0.002188
14:00:02 [INFO]     Época 50/50 | Loss=0.002189
14:00:02 [INFO]   [554/960] CNN_w5_c16x32_k3_actleaky_relu_d0.0_dense16_e50_lr0.001_b16  RMSE_test=0.0127  MAE_test=0.0094
14:00:12 [INFO]     Época 10/50 | Loss=0.003193
14:00:23 [INFO]     Época 20/50 | Loss=0.002595
14:00:33 [INFO]     Época 30/50 | Loss=0.002384
14:00:43 [INFO]     Época 40/50 | Loss=0.002222
14:00:54 [INFO]     Época 50/50 | Loss=0.002228
14:00:54 [INFO]   [555/960] CNN_w5_c16x32_k3_actleaky_relu_d0.0_dense16_e50_lr0.0005_b8  RMSE_test=0.0132  MAE_test=0.0100
14:00:59 [INFO]     Época 10/50 | Loss=0.003334
14:01:04 [INFO]     Época 20/50 | Loss=0.002669
14:01:09 [INFO]     Época 30/50 | Loss=0.002324
14:01:14 [INFO]     Época 40/50 | Loss=0.002225
14:01:19 [INFO]     Época 50/50 | Loss=0.002200
14:01:19 [INFO]   [556/960] CNN_w5_c16x32_k3_actleaky_relu_d0.0_dense16_e50_lr0.0005_b16  RMSE_test=0.0126  MAE_test=0.0093
14:01:29 [INFO]     Época 10/50 | Loss=0.002967
14:01:40 [INFO]     Época 20/50 | Loss=0.002532
14:01:50 [INFO]     Época 30/50 | Loss=0.002367
14:02:00 [INFO]     Época 40/50 | Loss=0.002181
14:02:10 [INFO]     Época 50/50 | Loss=0.002138
14:02:10 [INFO]   [557/960] CNN_w5_c16x32_k3_actleaky_relu_d0.0_dense32_e50_lr0.001_b8  RMSE_test=0.0129  MAE_test=0.0097
14:02:16 [INFO]     Época 10/50 | Loss=0.003365
14:02:21 [INFO]     Época 20/50 | Loss=0.002597
14:02:26 [INFO]     Época 30/50 | Loss=0.002237
14:02:32 [INFO]     Época 40/50 | Loss=0.002121
14:02:37 [INFO]     Época 50/50 | Loss=0.002133
14:02:37 [INFO]   [558/960] CNN_w5_c16x32_k3_actleaky_relu_d0.0_dense32_e50_lr0.001_b16  RMSE_test=0.0127  MAE_test=0.0092
14:02:47 [INFO]     Época 10/50 | Loss=0.003188
14:02:58 [INFO]     Época 20/50 | Loss=0.002576
14:03:08 [INFO]     Época 30/50 | Loss=0.002301
14:03:19 [INFO]     Época 40/50 | Loss=0.002152
14:03:29 [INFO]     Época 50/50 | Loss=0.002094
14:03:29 [INFO]   [559/960] CNN_w5_c16x32_k3_actleaky_relu_d0.0_dense32_e50_lr0.0005_b8  RMSE_test=0.0132  MAE_test=0.0097
14:03:34 [INFO]     Época 10/50 | Loss=0.003357
14:03:39 [INFO]     Época 20/50 | Loss=0.002681
14:03:45 [INFO]     Época 30/50 | Loss=0.002316
14:03:50 [INFO]     Época 40/50 | Loss=0.002133
14:03:55 [INFO]     Época 50/50 | Loss=0.002172
14:03:55 [INFO]   [560/960] CNN_w5_c16x32_k3_actleaky_relu_d0.0_dense32_e50_lr0.0005_b16  RMSE_test=0.0131  MAE_test=0.0098
14:04:06 [INFO]     Época 10/50 | Loss=0.036693
14:04:17 [INFO]     Época 20/50 | Loss=0.030557
14:04:27 [INFO]     Época 30/50 | Loss=0.028942
14:04:38 [INFO]     Época 40/50 | Loss=0.026753
14:04:49 [INFO]     Época 50/50 | Loss=0.027046
14:04:49 [INFO]   [561/960] CNN_w5_c16x32_k3_actrelu_d0.1_dense16_e50_lr0.001_b8  RMSE_test=0.0243  MAE_test=0.0180
14:04:54 [INFO]     Época 10/50 | Loss=0.032158
14:05:00 [INFO]     Época 20/50 | Loss=0.028251
14:05:05 [INFO]     Época 30/50 | Loss=0.027063
14:05:10 [INFO]     Época 40/50 | Loss=0.025934
14:05:16 [INFO]     Época 50/50 | Loss=0.025966
14:05:16 [INFO]   [562/960] CNN_w5_c16x32_k3_actrelu_d0.1_dense16_e50_lr0.001_b16  RMSE_test=0.0268  MAE_test=0.0203
14:05:27 [INFO]     Época 10/50 | Loss=0.031503
14:05:37 [INFO]     Época 20/50 | Loss=0.027351
14:05:48 [INFO]     Época 30/50 | Loss=0.026437
14:05:59 [INFO]     Época 40/50 | Loss=0.023846
14:06:10 [INFO]     Época 50/50 | Loss=0.023956
14:06:10 [INFO]   [563/960] CNN_w5_c16x32_k3_actrelu_d0.1_dense16_e50_lr0.0005_b8  RMSE_test=0.0184  MAE_test=0.0138
14:06:15 [INFO]     Época 10/50 | Loss=0.031519
14:06:20 [INFO]     Época 20/50 | Loss=0.027608
14:06:26 [INFO]     Época 30/50 | Loss=0.025796
14:06:31 [INFO]     Época 40/50 | Loss=0.024613
14:06:37 [INFO]     Época 50/50 | Loss=0.024624
14:06:37 [INFO]   [564/960] CNN_w5_c16x32_k3_actrelu_d0.1_dense16_e50_lr0.0005_b16  RMSE_test=0.0247  MAE_test=0.0189
14:06:47 [INFO]     Época 10/50 | Loss=0.019422
14:06:58 [INFO]     Época 20/50 | Loss=0.016989
14:07:09 [INFO]     Época 30/50 | Loss=0.015781
14:07:19 [INFO]     Época 40/50 | Loss=0.015361
14:07:30 [INFO]     Época 50/50 | Loss=0.015805
14:07:30 [INFO]   [565/960] CNN_w5_c16x32_k3_actrelu_d0.1_dense32_e50_lr0.001_b8  RMSE_test=0.0262  MAE_test=0.0192
14:07:36 [INFO]     Época 10/50 | Loss=0.019163
14:07:41 [INFO]     Época 20/50 | Loss=0.015797
14:07:46 [INFO]     Época 30/50 | Loss=0.015238
14:07:52 [INFO]     Época 40/50 | Loss=0.014386
14:07:57 [INFO]     Época 50/50 | Loss=0.014069
14:07:57 [INFO]   [566/960] CNN_w5_c16x32_k3_actrelu_d0.1_dense32_e50_lr0.001_b16  RMSE_test=0.0255  MAE_test=0.0196
14:08:08 [INFO]     Época 10/50 | Loss=0.018280
14:08:19 [INFO]     Época 20/50 | Loss=0.016346
14:08:29 [INFO]     Época 30/50 | Loss=0.015336
14:08:40 [INFO]     Época 40/50 | Loss=0.014841
14:08:51 [INFO]     Época 50/50 | Loss=0.015160
14:08:51 [INFO]   [567/960] CNN_w5_c16x32_k3_actrelu_d0.1_dense32_e50_lr0.0005_b8  RMSE_test=0.0196  MAE_test=0.0144
14:08:56 [INFO]     Época 10/50 | Loss=0.018617
14:09:01 [INFO]     Época 20/50 | Loss=0.016508
14:09:07 [INFO]     Época 30/50 | Loss=0.015115
14:09:12 [INFO]     Época 40/50 | Loss=0.014264
14:09:18 [INFO]     Época 50/50 | Loss=0.013532
14:09:18 [INFO]   [568/960] CNN_w5_c16x32_k3_actrelu_d0.1_dense32_e50_lr0.0005_b16  RMSE_test=0.0260  MAE_test=0.0202
14:09:28 [INFO]     Época 10/50 | Loss=0.024530
14:09:39 [INFO]     Época 20/50 | Loss=0.017254
14:09:50 [INFO]     Época 30/50 | Loss=0.015937
14:10:00 [INFO]     Época 40/50 | Loss=0.014110
14:10:11 [INFO]     Época 50/50 | Loss=0.014395
14:10:11 [INFO]   [569/960] CNN_w5_c16x32_k3_actleaky_relu_d0.1_dense16_e50_lr0.001_b8  RMSE_test=0.0199  MAE_test=0.0156
14:10:16 [INFO]     Época 10/50 | Loss=0.026975
14:10:22 [INFO]     Época 20/50 | Loss=0.018506
14:10:27 [INFO]     Época 30/50 | Loss=0.015614
14:10:32 [INFO]     Época 40/50 | Loss=0.015243
14:10:38 [INFO]     Época 50/50 | Loss=0.014253
14:10:38 [INFO]   [570/960] CNN_w5_c16x32_k3_actleaky_relu_d0.1_dense16_e50_lr0.001_b16  RMSE_test=0.0219  MAE_test=0.0170
14:10:49 [INFO]     Época 10/50 | Loss=0.027702
14:10:59 [INFO]     Época 20/50 | Loss=0.020064
14:11:10 [INFO]     Época 30/50 | Loss=0.017100
14:11:21 [INFO]     Época 40/50 | Loss=0.014826
14:11:31 [INFO]     Época 50/50 | Loss=0.014788
14:11:31 [INFO]   [571/960] CNN_w5_c16x32_k3_actleaky_relu_d0.1_dense16_e50_lr0.0005_b8  RMSE_test=0.0179  MAE_test=0.0135
14:11:37 [INFO]     Época 10/50 | Loss=0.028645
14:11:42 [INFO]     Época 20/50 | Loss=0.023865
14:11:47 [INFO]     Época 30/50 | Loss=0.018227
14:11:53 [INFO]     Época 40/50 | Loss=0.016014
14:11:58 [INFO]     Época 50/50 | Loss=0.015408
14:11:58 [INFO]   [572/960] CNN_w5_c16x32_k3_actleaky_relu_d0.1_dense16_e50_lr0.0005_b16  RMSE_test=0.0246  MAE_test=0.0189
14:12:09 [INFO]     Época 10/50 | Loss=0.017554
14:12:20 [INFO]     Época 20/50 | Loss=0.013912
14:12:30 [INFO]     Época 30/50 | Loss=0.012767
14:12:41 [INFO]     Época 40/50 | Loss=0.011257
14:12:52 [INFO]     Época 50/50 | Loss=0.011531
14:12:52 [INFO]   [573/960] CNN_w5_c16x32_k3_actleaky_relu_d0.1_dense32_e50_lr0.001_b8  RMSE_test=0.0305  MAE_test=0.0228
14:12:57 [INFO]     Época 10/50 | Loss=0.018158
14:13:03 [INFO]     Época 20/50 | Loss=0.014675
14:13:08 [INFO]     Época 30/50 | Loss=0.012863
14:13:13 [INFO]     Época 40/50 | Loss=0.012199
14:13:19 [INFO]     Época 50/50 | Loss=0.011639
14:13:19 [INFO]   [574/960] CNN_w5_c16x32_k3_actleaky_relu_d0.1_dense32_e50_lr0.001_b16  RMSE_test=0.0238  MAE_test=0.0182
14:13:29 [INFO]     Época 10/50 | Loss=0.017338
14:13:40 [INFO]     Época 20/50 | Loss=0.014743
14:13:51 [INFO]     Época 30/50 | Loss=0.013486
14:14:02 [INFO]     Época 40/50 | Loss=0.012362
14:14:12 [INFO]     Época 50/50 | Loss=0.012723
14:14:12 [INFO]   [575/960] CNN_w5_c16x32_k3_actleaky_relu_d0.1_dense32_e50_lr0.0005_b8  RMSE_test=0.0216  MAE_test=0.0164
14:14:18 [INFO]     Época 10/50 | Loss=0.017856
14:14:23 [INFO]     Época 20/50 | Loss=0.015655
14:14:28 [INFO]     Época 30/50 | Loss=0.013541
14:14:34 [INFO]     Época 40/50 | Loss=0.012734
14:14:39 [INFO]     Época 50/50 | Loss=0.011759
14:14:39 [INFO]   [576/960] CNN_w5_c16x32_k3_actleaky_relu_d0.1_dense32_e50_lr0.0005_b16  RMSE_test=0.0246  MAE_test=0.0190
14:14:48 [INFO]     Época 10/50 | Loss=0.003310
14:14:57 [INFO]     Época 20/50 | Loss=0.002616
14:15:06 [INFO]     Época 30/50 | Loss=0.002417
14:15:15 [INFO]     Época 40/50 | Loss=0.002378
14:15:24 [INFO]     Época 50/50 | Loss=0.002280
14:15:24 [INFO]   [577/960] CNN_w6_c16_k2_actrelu_d0.0_dense16_e50_lr0.001_b8  RMSE_test=0.0112  MAE_test=0.0079
14:15:29 [INFO]     Época 10/50 | Loss=0.003396
14:15:34 [INFO]     Época 20/50 | Loss=0.002795
14:15:38 [INFO]     Época 30/50 | Loss=0.002425
14:15:43 [INFO]     Época 40/50 | Loss=0.002418
14:15:48 [INFO]     Época 50/50 | Loss=0.002356
14:15:48 [INFO]   [578/960] CNN_w6_c16_k2_actrelu_d0.0_dense16_e50_lr0.001_b16  RMSE_test=0.0120  MAE_test=0.0085
14:15:57 [INFO]     Época 10/50 | Loss=0.003291
14:16:06 [INFO]     Época 20/50 | Loss=0.002640
14:16:15 [INFO]     Época 30/50 | Loss=0.002331
14:16:24 [INFO]     Época 40/50 | Loss=0.002287
14:16:33 [INFO]     Época 50/50 | Loss=0.002198
14:16:33 [INFO]   [579/960] CNN_w6_c16_k2_actrelu_d0.0_dense16_e50_lr0.0005_b8  RMSE_test=0.0118  MAE_test=0.0083
14:16:37 [INFO]     Época 10/50 | Loss=0.003623
14:16:42 [INFO]     Época 20/50 | Loss=0.002735
14:16:46 [INFO]     Época 30/50 | Loss=0.002461
14:16:51 [INFO]     Época 40/50 | Loss=0.002327
14:16:56 [INFO]     Época 50/50 | Loss=0.002286
14:16:56 [INFO]   [580/960] CNN_w6_c16_k2_actrelu_d0.0_dense16_e50_lr0.0005_b16  RMSE_test=0.0125  MAE_test=0.0091
14:17:05 [INFO]     Época 10/50 | Loss=0.003079
14:17:14 [INFO]     Época 20/50 | Loss=0.002550
14:17:24 [INFO]     Época 30/50 | Loss=0.002331
14:17:33 [INFO]     Época 40/50 | Loss=0.002268
14:17:43 [INFO]     Época 50/50 | Loss=0.002260
14:17:43 [INFO]   [581/960] CNN_w6_c16_k2_actrelu_d0.0_dense32_e50_lr0.001_b8  RMSE_test=0.0110  MAE_test=0.0077
14:17:47 [INFO]     Época 10/50 | Loss=0.003338
14:17:52 [INFO]     Época 20/50 | Loss=0.002538
14:17:57 [INFO]     Época 30/50 | Loss=0.002380
14:18:01 [INFO]     Época 40/50 | Loss=0.002257
14:18:06 [INFO]     Época 50/50 | Loss=0.002284
14:18:06 [INFO]   [582/960] CNN_w6_c16_k2_actrelu_d0.0_dense32_e50_lr0.001_b16  RMSE_test=0.0118  MAE_test=0.0085
14:18:15 [INFO]     Época 10/50 | Loss=0.003315
14:18:24 [INFO]     Época 20/50 | Loss=0.002604
14:18:33 [INFO]     Época 30/50 | Loss=0.002270
14:18:42 [INFO]     Época 40/50 | Loss=0.002213
14:18:52 [INFO]     Época 50/50 | Loss=0.002180
14:18:52 [INFO]   [583/960] CNN_w6_c16_k2_actrelu_d0.0_dense32_e50_lr0.0005_b8  RMSE_test=0.0117  MAE_test=0.0084
14:18:56 [INFO]     Época 10/50 | Loss=0.003764
14:19:01 [INFO]     Época 20/50 | Loss=0.002730
14:19:06 [INFO]     Época 30/50 | Loss=0.002356
14:19:10 [INFO]     Época 40/50 | Loss=0.002259
14:19:15 [INFO]     Época 50/50 | Loss=0.002231
14:19:15 [INFO]   [584/960] CNN_w6_c16_k2_actrelu_d0.0_dense32_e50_lr0.0005_b16  RMSE_test=0.0121  MAE_test=0.0086
14:19:24 [INFO]     Época 10/50 | Loss=0.003324
14:19:32 [INFO]     Época 20/50 | Loss=0.002589
14:19:41 [INFO]     Época 30/50 | Loss=0.002362
14:19:50 [INFO]     Época 40/50 | Loss=0.002331
14:19:59 [INFO]     Época 50/50 | Loss=0.002272
14:19:59 [INFO]   [585/960] CNN_w6_c16_k2_actleaky_relu_d0.0_dense16_e50_lr0.001_b8  RMSE_test=0.0117  MAE_test=0.0085
14:20:03 [INFO]     Época 10/50 | Loss=0.003284
14:20:08 [INFO]     Época 20/50 | Loss=0.002699
14:20:12 [INFO]     Época 30/50 | Loss=0.002421
14:20:17 [INFO]     Época 40/50 | Loss=0.002377
14:20:22 [INFO]     Época 50/50 | Loss=0.002361
14:20:22 [INFO]   [586/960] CNN_w6_c16_k2_actleaky_relu_d0.0_dense16_e50_lr0.001_b16  RMSE_test=0.0118  MAE_test=0.0084
14:20:30 [INFO]     Época 10/50 | Loss=0.003379
14:20:39 [INFO]     Época 20/50 | Loss=0.002680
14:20:48 [INFO]     Época 30/50 | Loss=0.002368
14:20:57 [INFO]     Época 40/50 | Loss=0.002334
14:21:06 [INFO]     Época 50/50 | Loss=0.002244
14:21:06 [INFO]   [587/960] CNN_w6_c16_k2_actleaky_relu_d0.0_dense16_e50_lr0.0005_b8  RMSE_test=0.0118  MAE_test=0.0084
14:21:10 [INFO]     Época 10/50 | Loss=0.003766
14:21:15 [INFO]     Época 20/50 | Loss=0.002758
14:21:19 [INFO]     Época 30/50 | Loss=0.002489
14:21:24 [INFO]     Época 40/50 | Loss=0.002348
14:21:28 [INFO]     Época 50/50 | Loss=0.002299
14:21:28 [INFO]   [588/960] CNN_w6_c16_k2_actleaky_relu_d0.0_dense16_e50_lr0.0005_b16  RMSE_test=0.0126  MAE_test=0.0090
14:21:37 [INFO]     Época 10/50 | Loss=0.003109
14:21:46 [INFO]     Época 20/50 | Loss=0.002525
14:21:55 [INFO]     Época 30/50 | Loss=0.002333
14:22:04 [INFO]     Época 40/50 | Loss=0.002271
14:22:13 [INFO]     Época 50/50 | Loss=0.002234
14:22:13 [INFO]   [589/960] CNN_w6_c16_k2_actleaky_relu_d0.0_dense32_e50_lr0.001_b8  RMSE_test=0.0111  MAE_test=0.0079
14:22:17 [INFO]     Época 10/50 | Loss=0.003345
14:22:22 [INFO]     Época 20/50 | Loss=0.002613
14:22:26 [INFO]     Época 30/50 | Loss=0.002371
14:22:31 [INFO]     Época 40/50 | Loss=0.002281
14:22:35 [INFO]     Época 50/50 | Loss=0.002300
14:22:35 [INFO]   [590/960] CNN_w6_c16_k2_actleaky_relu_d0.0_dense32_e50_lr0.001_b16  RMSE_test=0.0116  MAE_test=0.0085
14:22:44 [INFO]     Época 10/50 | Loss=0.003352
14:22:53 [INFO]     Época 20/50 | Loss=0.002568
14:23:02 [INFO]     Época 30/50 | Loss=0.002259
14:23:11 [INFO]     Época 40/50 | Loss=0.002179
14:23:19 [INFO]     Época 50/50 | Loss=0.002173
14:23:19 [INFO]   [591/960] CNN_w6_c16_k2_actleaky_relu_d0.0_dense32_e50_lr0.0005_b8  RMSE_test=0.0115  MAE_test=0.0082
14:23:24 [INFO]     Época 10/50 | Loss=0.003614
14:23:29 [INFO]     Época 20/50 | Loss=0.002741
14:23:33 [INFO]     Época 30/50 | Loss=0.002372
14:23:38 [INFO]     Época 40/50 | Loss=0.002227
14:23:42 [INFO]     Época 50/50 | Loss=0.002257
14:23:42 [INFO]   [592/960] CNN_w6_c16_k2_actleaky_relu_d0.0_dense32_e50_lr0.0005_b16  RMSE_test=0.0122  MAE_test=0.0089
14:23:52 [INFO]     Época 10/50 | Loss=0.027486
14:24:02 [INFO]     Época 20/50 | Loss=0.024969
14:24:11 [INFO]     Época 30/50 | Loss=0.024604
14:24:21 [INFO]     Época 40/50 | Loss=0.024202
14:24:31 [INFO]     Época 50/50 | Loss=0.022101
14:24:31 [INFO]   [593/960] CNN_w6_c16_k2_actrelu_d0.1_dense16_e50_lr0.001_b8  RMSE_test=0.0136  MAE_test=0.0098
14:24:36 [INFO]     Época 10/50 | Loss=0.025553
14:24:41 [INFO]     Época 20/50 | Loss=0.023387
14:24:45 [INFO]     Época 30/50 | Loss=0.022540
14:24:50 [INFO]     Época 40/50 | Loss=0.021797
14:24:55 [INFO]     Época 50/50 | Loss=0.022018
14:24:55 [INFO]   [594/960] CNN_w6_c16_k2_actrelu_d0.1_dense16_e50_lr0.001_b16  RMSE_test=0.0156  MAE_test=0.0120
14:25:05 [INFO]     Época 10/50 | Loss=0.025739
14:25:15 [INFO]     Época 20/50 | Loss=0.023593
14:25:25 [INFO]     Época 30/50 | Loss=0.022535
14:25:34 [INFO]     Época 40/50 | Loss=0.022581
14:25:44 [INFO]     Época 50/50 | Loss=0.020818
14:25:44 [INFO]   [595/960] CNN_w6_c16_k2_actrelu_d0.1_dense16_e50_lr0.0005_b8  RMSE_test=0.0149  MAE_test=0.0110
14:25:49 [INFO]     Época 10/50 | Loss=0.027408
14:25:54 [INFO]     Época 20/50 | Loss=0.023847
14:25:59 [INFO]     Época 30/50 | Loss=0.023413
14:26:04 [INFO]     Época 40/50 | Loss=0.022068
14:26:09 [INFO]     Época 50/50 | Loss=0.022420
14:26:09 [INFO]   [596/960] CNN_w6_c16_k2_actrelu_d0.1_dense16_e50_lr0.0005_b16  RMSE_test=0.0156  MAE_test=0.0120
14:26:19 [INFO]     Época 10/50 | Loss=0.018968
14:26:28 [INFO]     Época 20/50 | Loss=0.016490
14:26:38 [INFO]     Época 30/50 | Loss=0.014824
14:26:48 [INFO]     Época 40/50 | Loss=0.014250
14:26:58 [INFO]     Época 50/50 | Loss=0.015107
14:26:58 [INFO]   [597/960] CNN_w6_c16_k2_actrelu_d0.1_dense32_e50_lr0.001_b8  RMSE_test=0.0142  MAE_test=0.0106
14:27:03 [INFO]     Época 10/50 | Loss=0.018075
14:27:08 [INFO]     Época 20/50 | Loss=0.015300
14:27:12 [INFO]     Época 30/50 | Loss=0.014481
14:27:17 [INFO]     Época 40/50 | Loss=0.014135
14:27:22 [INFO]     Época 50/50 | Loss=0.013964
14:27:22 [INFO]   [598/960] CNN_w6_c16_k2_actrelu_d0.1_dense32_e50_lr0.001_b16  RMSE_test=0.0152  MAE_test=0.0113
14:27:32 [INFO]     Época 10/50 | Loss=0.018461
14:27:42 [INFO]     Época 20/50 | Loss=0.016105
14:27:51 [INFO]     Época 30/50 | Loss=0.014400
14:28:01 [INFO]     Época 40/50 | Loss=0.014055
14:28:11 [INFO]     Época 50/50 | Loss=0.014544
14:28:11 [INFO]   [599/960] CNN_w6_c16_k2_actrelu_d0.1_dense32_e50_lr0.0005_b8  RMSE_test=0.0149  MAE_test=0.0112
14:28:16 [INFO]     Época 10/50 | Loss=0.019948
14:28:21 [INFO]     Época 20/50 | Loss=0.016016
14:28:26 [INFO]     Época 30/50 | Loss=0.015257
14:28:31 [INFO]     Época 40/50 | Loss=0.014926
14:28:36 [INFO]     Época 50/50 | Loss=0.014150
14:28:36 [INFO]   [600/960] CNN_w6_c16_k2_actrelu_d0.1_dense32_e50_lr0.0005_b16  RMSE_test=0.0148  MAE_test=0.0112
14:28:46 [INFO]     Época 10/50 | Loss=0.025031
14:28:55 [INFO]     Época 20/50 | Loss=0.020289
14:29:05 [INFO]     Época 30/50 | Loss=0.017717
14:29:15 [INFO]     Época 40/50 | Loss=0.016562
14:29:25 [INFO]     Época 50/50 | Loss=0.014834
14:29:25 [INFO]   [601/960] CNN_w6_c16_k2_actleaky_relu_d0.1_dense16_e50_lr0.001_b8  RMSE_test=0.0141  MAE_test=0.0100
14:29:29 [INFO]     Época 10/50 | Loss=0.025141
14:29:34 [INFO]     Época 20/50 | Loss=0.022341
14:29:39 [INFO]     Época 30/50 | Loss=0.020251
14:29:44 [INFO]     Época 40/50 | Loss=0.017877
14:29:49 [INFO]     Época 50/50 | Loss=0.016567
14:29:49 [INFO]   [602/960] CNN_w6_c16_k2_actleaky_relu_d0.1_dense16_e50_lr0.001_b16  RMSE_test=0.0146  MAE_test=0.0110
14:29:59 [INFO]     Época 10/50 | Loss=0.025278
14:30:09 [INFO]     Época 20/50 | Loss=0.022411
14:30:18 [INFO]     Época 30/50 | Loss=0.020037
14:30:28 [INFO]     Época 40/50 | Loss=0.018107
14:30:38 [INFO]     Época 50/50 | Loss=0.015629
14:30:38 [INFO]   [603/960] CNN_w6_c16_k2_actleaky_relu_d0.1_dense16_e50_lr0.0005_b8  RMSE_test=0.0143  MAE_test=0.0102
14:30:43 [INFO]     Época 10/50 | Loss=0.026750
14:30:48 [INFO]     Época 20/50 | Loss=0.023255
14:30:53 [INFO]     Época 30/50 | Loss=0.022287
14:30:58 [INFO]     Época 40/50 | Loss=0.020301
14:31:02 [INFO]     Época 50/50 | Loss=0.019526
14:31:02 [INFO]   [604/960] CNN_w6_c16_k2_actleaky_relu_d0.1_dense16_e50_lr0.0005_b16  RMSE_test=0.0164  MAE_test=0.0127
14:31:12 [INFO]     Época 10/50 | Loss=0.017489
14:31:22 [INFO]     Época 20/50 | Loss=0.014896
14:31:32 [INFO]     Época 30/50 | Loss=0.012639
14:31:41 [INFO]     Época 40/50 | Loss=0.011534
14:31:51 [INFO]     Época 50/50 | Loss=0.012142
14:31:51 [INFO]   [605/960] CNN_w6_c16_k2_actleaky_relu_d0.1_dense32_e50_lr0.001_b8  RMSE_test=0.0153  MAE_test=0.0119
14:31:56 [INFO]     Época 10/50 | Loss=0.017413
14:32:01 [INFO]     Época 20/50 | Loss=0.014849
14:32:06 [INFO]     Época 30/50 | Loss=0.013939
14:32:11 [INFO]     Época 40/50 | Loss=0.012637
14:32:16 [INFO]     Época 50/50 | Loss=0.011873
14:32:16 [INFO]   [606/960] CNN_w6_c16_k2_actleaky_relu_d0.1_dense32_e50_lr0.001_b16  RMSE_test=0.0146  MAE_test=0.0110
14:32:25 [INFO]     Época 10/50 | Loss=0.017901
14:32:35 [INFO]     Época 20/50 | Loss=0.015382
14:32:45 [INFO]     Época 30/50 | Loss=0.013371
14:32:54 [INFO]     Época 40/50 | Loss=0.012467
14:33:04 [INFO]     Época 50/50 | Loss=0.012574
14:33:04 [INFO]   [607/960] CNN_w6_c16_k2_actleaky_relu_d0.1_dense32_e50_lr0.0005_b8  RMSE_test=0.0158  MAE_test=0.0120
14:33:09 [INFO]     Época 10/50 | Loss=0.019080
14:33:14 [INFO]     Época 20/50 | Loss=0.015549
14:33:19 [INFO]     Época 30/50 | Loss=0.014681
14:33:23 [INFO]     Época 40/50 | Loss=0.014217
14:33:28 [INFO]     Época 50/50 | Loss=0.013700
14:33:28 [INFO]   [608/960] CNN_w6_c16_k2_actleaky_relu_d0.1_dense32_e50_lr0.0005_b16  RMSE_test=0.0158  MAE_test=0.0121
14:33:37 [INFO]     Época 10/50 | Loss=0.003159
14:33:45 [INFO]     Época 20/50 | Loss=0.002591
14:33:53 [INFO]     Época 30/50 | Loss=0.002309
14:34:02 [INFO]     Época 40/50 | Loss=0.002256
14:34:10 [INFO]     Época 50/50 | Loss=0.002215
14:34:10 [INFO]   [609/960] CNN_w6_c16_k3_actrelu_d0.0_dense16_e50_lr0.001_b8  RMSE_test=0.0110  MAE_test=0.0078
14:34:15 [INFO]     Época 10/50 | Loss=0.003098
14:34:19 [INFO]     Época 20/50 | Loss=0.002628
14:34:23 [INFO]     Época 30/50 | Loss=0.002333
14:34:28 [INFO]     Época 40/50 | Loss=0.002288
14:34:32 [INFO]     Época 50/50 | Loss=0.002334
14:34:32 [INFO]   [610/960] CNN_w6_c16_k3_actrelu_d0.0_dense16_e50_lr0.001_b16  RMSE_test=0.0114  MAE_test=0.0080
14:34:41 [INFO]     Época 10/50 | Loss=0.003212
14:34:49 [INFO]     Época 20/50 | Loss=0.002572
14:34:58 [INFO]     Época 30/50 | Loss=0.002262
14:35:06 [INFO]     Época 40/50 | Loss=0.002253
14:35:14 [INFO]     Época 50/50 | Loss=0.002189
14:35:14 [INFO]   [611/960] CNN_w6_c16_k3_actrelu_d0.0_dense16_e50_lr0.0005_b8  RMSE_test=0.0114  MAE_test=0.0083
14:35:18 [INFO]     Época 10/50 | Loss=0.003404
14:35:23 [INFO]     Época 20/50 | Loss=0.002655
14:35:27 [INFO]     Época 30/50 | Loss=0.002319
14:35:31 [INFO]     Época 40/50 | Loss=0.002213
14:35:36 [INFO]     Época 50/50 | Loss=0.002237
14:35:36 [INFO]   [612/960] CNN_w6_c16_k3_actrelu_d0.0_dense16_e50_lr0.0005_b16  RMSE_test=0.0118  MAE_test=0.0085
14:35:44 [INFO]     Época 10/50 | Loss=0.003169
14:35:53 [INFO]     Época 20/50 | Loss=0.002593
14:36:01 [INFO]     Época 30/50 | Loss=0.002297
14:36:10 [INFO]     Época 40/50 | Loss=0.002250
14:36:18 [INFO]     Época 50/50 | Loss=0.002164
14:36:18 [INFO]   [613/960] CNN_w6_c16_k3_actrelu_d0.0_dense32_e50_lr0.001_b8  RMSE_test=0.0110  MAE_test=0.0077
14:36:22 [INFO]     Época 10/50 | Loss=0.003231
14:36:27 [INFO]     Época 20/50 | Loss=0.002550
14:36:31 [INFO]     Época 30/50 | Loss=0.002340
14:36:35 [INFO]     Época 40/50 | Loss=0.002278
14:36:40 [INFO]     Época 50/50 | Loss=0.002359
14:36:40 [INFO]   [614/960] CNN_w6_c16_k3_actrelu_d0.0_dense32_e50_lr0.001_b16  RMSE_test=0.0115  MAE_test=0.0079
14:36:48 [INFO]     Época 10/50 | Loss=0.003224
14:36:57 [INFO]     Época 20/50 | Loss=0.002559
14:37:05 [INFO]     Época 30/50 | Loss=0.002272
14:37:14 [INFO]     Época 40/50 | Loss=0.002204
14:37:22 [INFO]     Época 50/50 | Loss=0.002152
14:37:22 [INFO]   [615/960] CNN_w6_c16_k3_actrelu_d0.0_dense32_e50_lr0.0005_b8  RMSE_test=0.0116  MAE_test=0.0083
14:37:26 [INFO]     Época 10/50 | Loss=0.003366
14:37:31 [INFO]     Época 20/50 | Loss=0.002786
14:37:35 [INFO]     Época 30/50 | Loss=0.002317
14:37:39 [INFO]     Época 40/50 | Loss=0.002232
14:37:44 [INFO]     Época 50/50 | Loss=0.002276
14:37:44 [INFO]   [616/960] CNN_w6_c16_k3_actrelu_d0.0_dense32_e50_lr0.0005_b16  RMSE_test=0.0118  MAE_test=0.0086
14:37:52 [INFO]     Época 10/50 | Loss=0.003204
14:38:01 [INFO]     Época 20/50 | Loss=0.002604
14:38:08 [INFO]     Época 30/50 | Loss=0.002329
14:38:14 [INFO]     Época 40/50 | Loss=0.002268
14:38:20 [INFO]     Época 50/50 | Loss=0.002185
14:38:20 [INFO]   [617/960] CNN_w6_c16_k3_actleaky_relu_d0.0_dense16_e50_lr0.001_b8  RMSE_test=0.0116  MAE_test=0.0082
14:38:23 [INFO]     Época 10/50 | Loss=0.003197
14:38:26 [INFO]     Época 20/50 | Loss=0.002570
14:38:28 [INFO]     Época 30/50 | Loss=0.002349
14:38:31 [INFO]     Época 40/50 | Loss=0.002292
14:38:34 [INFO]     Época 50/50 | Loss=0.002361
14:38:34 [INFO]   [618/960] CNN_w6_c16_k3_actleaky_relu_d0.0_dense16_e50_lr0.001_b16  RMSE_test=0.0113  MAE_test=0.0080
14:38:40 [INFO]     Época 10/50 | Loss=0.003311
14:38:46 [INFO]     Época 20/50 | Loss=0.002510
14:38:51 [INFO]     Época 30/50 | Loss=0.002274
14:38:57 [INFO]     Época 40/50 | Loss=0.002218
14:39:03 [INFO]     Época 50/50 | Loss=0.002201
14:39:03 [INFO]   [619/960] CNN_w6_c16_k3_actleaky_relu_d0.0_dense16_e50_lr0.0005_b8  RMSE_test=0.0111  MAE_test=0.0080
14:39:05 [INFO]     Época 10/50 | Loss=0.003538
14:39:08 [INFO]     Época 20/50 | Loss=0.002696
14:39:11 [INFO]     Época 30/50 | Loss=0.002307
14:39:14 [INFO]     Época 40/50 | Loss=0.002217
14:39:17 [INFO]     Época 50/50 | Loss=0.002209
14:39:17 [INFO]   [620/960] CNN_w6_c16_k3_actleaky_relu_d0.0_dense16_e50_lr0.0005_b16  RMSE_test=0.0116  MAE_test=0.0083
14:39:23 [INFO]     Época 10/50 | Loss=0.003115
14:39:28 [INFO]     Época 20/50 | Loss=0.002559
14:39:34 [INFO]     Época 30/50 | Loss=0.002283
14:39:40 [INFO]     Época 40/50 | Loss=0.002223
14:39:45 [INFO]     Época 50/50 | Loss=0.002172
14:39:45 [INFO]   [621/960] CNN_w6_c16_k3_actleaky_relu_d0.0_dense32_e50_lr0.001_b8  RMSE_test=0.0112  MAE_test=0.0078
14:39:48 [INFO]     Época 10/50 | Loss=0.003260
14:39:51 [INFO]     Época 20/50 | Loss=0.002495
14:39:54 [INFO]     Época 30/50 | Loss=0.002320
14:39:57 [INFO]     Época 40/50 | Loss=0.002295
14:40:00 [INFO]     Época 50/50 | Loss=0.002377
14:40:00 [INFO]   [622/960] CNN_w6_c16_k3_actleaky_relu_d0.0_dense32_e50_lr0.001_b16  RMSE_test=0.0115  MAE_test=0.0081
14:40:05 [INFO]     Época 10/50 | Loss=0.003203
14:40:11 [INFO]     Época 20/50 | Loss=0.002562
14:40:17 [INFO]     Época 30/50 | Loss=0.002264
14:40:22 [INFO]     Época 40/50 | Loss=0.002220
14:40:28 [INFO]     Época 50/50 | Loss=0.002175
14:40:28 [INFO]   [623/960] CNN_w6_c16_k3_actleaky_relu_d0.0_dense32_e50_lr0.0005_b8  RMSE_test=0.0115  MAE_test=0.0081
14:40:31 [INFO]     Época 10/50 | Loss=0.003361
14:40:34 [INFO]     Época 20/50 | Loss=0.002805
14:40:37 [INFO]     Época 30/50 | Loss=0.002370
14:40:39 [INFO]     Época 40/50 | Loss=0.002249
14:40:42 [INFO]     Época 50/50 | Loss=0.002252
14:40:42 [INFO]   [624/960] CNN_w6_c16_k3_actleaky_relu_d0.0_dense32_e50_lr0.0005_b16  RMSE_test=0.0119  MAE_test=0.0085
14:40:48 [INFO]     Época 10/50 | Loss=0.025023
14:40:54 [INFO]     Época 20/50 | Loss=0.022034
14:41:00 [INFO]     Época 30/50 | Loss=0.021964
14:41:06 [INFO]     Época 40/50 | Loss=0.021124
14:41:13 [INFO]     Época 50/50 | Loss=0.021292
14:41:13 [INFO]   [625/960] CNN_w6_c16_k3_actrelu_d0.1_dense16_e50_lr0.001_b8  RMSE_test=0.0144  MAE_test=0.0106
14:41:16 [INFO]     Época 10/50 | Loss=0.023763
14:41:19 [INFO]     Época 20/50 | Loss=0.023962
14:41:22 [INFO]     Época 30/50 | Loss=0.022753
14:41:25 [INFO]     Época 40/50 | Loss=0.021790
14:41:28 [INFO]     Época 50/50 | Loss=0.021803
14:41:28 [INFO]   [626/960] CNN_w6_c16_k3_actrelu_d0.1_dense16_e50_lr0.001_b16  RMSE_test=0.0169  MAE_test=0.0130
14:41:34 [INFO]     Época 10/50 | Loss=0.024897
14:41:40 [INFO]     Época 20/50 | Loss=0.022044
14:41:46 [INFO]     Época 30/50 | Loss=0.021391
14:41:52 [INFO]     Época 40/50 | Loss=0.020568
14:41:58 [INFO]     Época 50/50 | Loss=0.020640
14:41:58 [INFO]   [627/960] CNN_w6_c16_k3_actrelu_d0.1_dense16_e50_lr0.0005_b8  RMSE_test=0.0151  MAE_test=0.0112
14:42:01 [INFO]     Época 10/50 | Loss=0.023847
14:42:04 [INFO]     Época 20/50 | Loss=0.023276
14:42:07 [INFO]     Época 30/50 | Loss=0.022114
14:42:11 [INFO]     Época 40/50 | Loss=0.020773
14:42:14 [INFO]     Época 50/50 | Loss=0.020606
14:42:14 [INFO]   [628/960] CNN_w6_c16_k3_actrelu_d0.1_dense16_e50_lr0.0005_b16  RMSE_test=0.0171  MAE_test=0.0133
14:42:20 [INFO]     Época 10/50 | Loss=0.018103
14:42:26 [INFO]     Época 20/50 | Loss=0.016236
14:42:32 [INFO]     Época 30/50 | Loss=0.014686
14:42:38 [INFO]     Época 40/50 | Loss=0.014501
14:42:44 [INFO]     Época 50/50 | Loss=0.014443
14:42:44 [INFO]   [629/960] CNN_w6_c16_k3_actrelu_d0.1_dense32_e50_lr0.001_b8  RMSE_test=0.0144  MAE_test=0.0106
14:42:47 [INFO]     Época 10/50 | Loss=0.017087
14:42:50 [INFO]     Época 20/50 | Loss=0.015421
14:42:53 [INFO]     Época 30/50 | Loss=0.014377
14:42:56 [INFO]     Época 40/50 | Loss=0.013652
14:42:59 [INFO]     Época 50/50 | Loss=0.013906
14:42:59 [INFO]   [630/960] CNN_w6_c16_k3_actrelu_d0.1_dense32_e50_lr0.001_b16  RMSE_test=0.0166  MAE_test=0.0125
14:43:05 [INFO]     Época 10/50 | Loss=0.018477
14:43:11 [INFO]     Época 20/50 | Loss=0.015895
14:43:17 [INFO]     Época 30/50 | Loss=0.014323
14:43:23 [INFO]     Época 40/50 | Loss=0.013928
14:43:29 [INFO]     Época 50/50 | Loss=0.013627
14:43:29 [INFO]   [631/960] CNN_w6_c16_k3_actrelu_d0.1_dense32_e50_lr0.0005_b8  RMSE_test=0.0136  MAE_test=0.0103
14:43:33 [INFO]     Época 10/50 | Loss=0.018389
14:43:36 [INFO]     Época 20/50 | Loss=0.015956
14:43:39 [INFO]     Época 30/50 | Loss=0.014108
14:43:42 [INFO]     Época 40/50 | Loss=0.013745
14:43:45 [INFO]     Época 50/50 | Loss=0.013549
14:43:45 [INFO]   [632/960] CNN_w6_c16_k3_actrelu_d0.1_dense32_e50_lr0.0005_b16  RMSE_test=0.0137  MAE_test=0.0100
14:43:51 [INFO]     Época 10/50 | Loss=0.024133
14:43:57 [INFO]     Época 20/50 | Loss=0.018973
14:44:03 [INFO]     Época 30/50 | Loss=0.017383
14:44:09 [INFO]     Época 40/50 | Loss=0.015695
14:44:15 [INFO]     Época 50/50 | Loss=0.014839
14:44:15 [INFO]   [633/960] CNN_w6_c16_k3_actleaky_relu_d0.1_dense16_e50_lr0.001_b8  RMSE_test=0.0140  MAE_test=0.0106
14:44:18 [INFO]     Época 10/50 | Loss=0.022844
14:44:21 [INFO]     Época 20/50 | Loss=0.021557
14:44:24 [INFO]     Época 30/50 | Loss=0.018828
14:44:27 [INFO]     Época 40/50 | Loss=0.016637
14:44:31 [INFO]     Época 50/50 | Loss=0.016291
14:44:31 [INFO]   [634/960] CNN_w6_c16_k3_actleaky_relu_d0.1_dense16_e50_lr0.001_b16  RMSE_test=0.0144  MAE_test=0.0106
14:44:37 [INFO]     Época 10/50 | Loss=0.024389
14:44:43 [INFO]     Época 20/50 | Loss=0.020688
14:44:49 [INFO]     Época 30/50 | Loss=0.018694
14:44:55 [INFO]     Época 40/50 | Loss=0.016437
14:45:01 [INFO]     Época 50/50 | Loss=0.015424
14:45:01 [INFO]   [635/960] CNN_w6_c16_k3_actleaky_relu_d0.1_dense16_e50_lr0.0005_b8  RMSE_test=0.0134  MAE_test=0.0097
14:45:04 [INFO]     Época 10/50 | Loss=0.023623
14:45:07 [INFO]     Época 20/50 | Loss=0.022601
14:45:10 [INFO]     Época 30/50 | Loss=0.020950
14:45:13 [INFO]     Época 40/50 | Loss=0.018683
14:45:16 [INFO]     Época 50/50 | Loss=0.017449
14:45:16 [INFO]   [636/960] CNN_w6_c16_k3_actleaky_relu_d0.1_dense16_e50_lr0.0005_b16  RMSE_test=0.0156  MAE_test=0.0120
14:45:22 [INFO]     Época 10/50 | Loss=0.017103
14:45:28 [INFO]     Época 20/50 | Loss=0.014464
14:45:34 [INFO]     Época 30/50 | Loss=0.011786
14:45:40 [INFO]     Época 40/50 | Loss=0.011312
14:45:46 [INFO]     Época 50/50 | Loss=0.011508
14:45:46 [INFO]   [637/960] CNN_w6_c16_k3_actleaky_relu_d0.1_dense32_e50_lr0.001_b8  RMSE_test=0.0141  MAE_test=0.0103
14:45:49 [INFO]     Época 10/50 | Loss=0.016718
14:45:52 [INFO]     Época 20/50 | Loss=0.014472
14:45:56 [INFO]     Época 30/50 | Loss=0.012330
14:46:00 [INFO]     Época 40/50 | Loss=0.011648
14:46:04 [INFO]     Época 50/50 | Loss=0.011100
14:46:04 [INFO]   [638/960] CNN_w6_c16_k3_actleaky_relu_d0.1_dense32_e50_lr0.001_b16  RMSE_test=0.0150  MAE_test=0.0111
14:46:13 [INFO]     Época 10/50 | Loss=0.017916
14:46:21 [INFO]     Época 20/50 | Loss=0.014672
14:46:30 [INFO]     Época 30/50 | Loss=0.012327
14:46:38 [INFO]     Época 40/50 | Loss=0.011143
14:46:44 [INFO]     Época 50/50 | Loss=0.010908
14:46:44 [INFO]   [639/960] CNN_w6_c16_k3_actleaky_relu_d0.1_dense32_e50_lr0.0005_b8  RMSE_test=0.0135  MAE_test=0.0099
14:46:47 [INFO]     Época 10/50 | Loss=0.017325
14:46:50 [INFO]     Época 20/50 | Loss=0.015590
14:46:53 [INFO]     Época 30/50 | Loss=0.013108
14:46:56 [INFO]     Época 40/50 | Loss=0.012570
14:46:59 [INFO]     Época 50/50 | Loss=0.012089
14:46:59 [INFO]   [640/960] CNN_w6_c16_k3_actleaky_relu_d0.1_dense32_e50_lr0.0005_b16  RMSE_test=0.0135  MAE_test=0.0100
14:47:05 [INFO]     Época 10/50 | Loss=0.003244
14:47:11 [INFO]     Época 20/50 | Loss=0.002492
14:47:17 [INFO]     Época 30/50 | Loss=0.002269
14:47:22 [INFO]     Época 40/50 | Loss=0.002224
14:47:28 [INFO]     Época 50/50 | Loss=0.002150
14:47:28 [INFO]   [641/960] CNN_w6_c32_k2_actrelu_d0.0_dense16_e50_lr0.001_b8  RMSE_test=0.0109  MAE_test=0.0077
14:47:31 [INFO]     Época 10/50 | Loss=0.003196
14:47:34 [INFO]     Época 20/50 | Loss=0.002523
14:47:37 [INFO]     Época 30/50 | Loss=0.002329
14:47:40 [INFO]     Época 40/50 | Loss=0.002205
14:47:43 [INFO]     Época 50/50 | Loss=0.002228
14:47:43 [INFO]   [642/960] CNN_w6_c32_k2_actrelu_d0.0_dense16_e50_lr0.001_b16  RMSE_test=0.0115  MAE_test=0.0082
14:47:49 [INFO]     Época 10/50 | Loss=0.003202
14:47:55 [INFO]     Época 20/50 | Loss=0.002517
14:48:00 [INFO]     Época 30/50 | Loss=0.002253
14:48:06 [INFO]     Época 40/50 | Loss=0.002147
14:48:12 [INFO]     Época 50/50 | Loss=0.002135
14:48:12 [INFO]   [643/960] CNN_w6_c32_k2_actrelu_d0.0_dense16_e50_lr0.0005_b8  RMSE_test=0.0116  MAE_test=0.0082
14:48:15 [INFO]     Época 10/50 | Loss=0.003310
14:48:18 [INFO]     Época 20/50 | Loss=0.002720
14:48:21 [INFO]     Época 30/50 | Loss=0.002368
14:48:24 [INFO]     Época 40/50 | Loss=0.002214
14:48:27 [INFO]     Época 50/50 | Loss=0.002209
14:48:27 [INFO]   [644/960] CNN_w6_c32_k2_actrelu_d0.0_dense16_e50_lr0.0005_b16  RMSE_test=0.0117  MAE_test=0.0083
14:48:33 [INFO]     Época 10/50 | Loss=0.003261
14:48:38 [INFO]     Época 20/50 | Loss=0.002433
14:48:44 [INFO]     Época 30/50 | Loss=0.002234
14:48:50 [INFO]     Época 40/50 | Loss=0.002207
14:48:56 [INFO]     Época 50/50 | Loss=0.002140
14:48:56 [INFO]   [645/960] CNN_w6_c32_k2_actrelu_d0.0_dense32_e50_lr0.001_b8  RMSE_test=0.0111  MAE_test=0.0078
14:48:59 [INFO]     Época 10/50 | Loss=0.003241
14:49:02 [INFO]     Época 20/50 | Loss=0.002473
14:49:05 [INFO]     Época 30/50 | Loss=0.002376
14:49:08 [INFO]     Época 40/50 | Loss=0.002236
14:49:11 [INFO]     Época 50/50 | Loss=0.002245
14:49:11 [INFO]   [646/960] CNN_w6_c32_k2_actrelu_d0.0_dense32_e50_lr0.001_b16  RMSE_test=0.0118  MAE_test=0.0085
14:49:16 [INFO]     Época 10/50 | Loss=0.003259
14:49:22 [INFO]     Época 20/50 | Loss=0.002455
14:49:28 [INFO]     Época 30/50 | Loss=0.002220
14:49:34 [INFO]     Época 40/50 | Loss=0.002166
14:49:39 [INFO]     Época 50/50 | Loss=0.002112
14:49:39 [INFO]   [647/960] CNN_w6_c32_k2_actrelu_d0.0_dense32_e50_lr0.0005_b8  RMSE_test=0.0116  MAE_test=0.0082
14:49:42 [INFO]     Época 10/50 | Loss=0.003213
14:49:45 [INFO]     Época 20/50 | Loss=0.002573
14:49:48 [INFO]     Época 30/50 | Loss=0.002339
14:49:51 [INFO]     Época 40/50 | Loss=0.002196
14:49:54 [INFO]     Época 50/50 | Loss=0.002178
14:49:54 [INFO]   [648/960] CNN_w6_c32_k2_actrelu_d0.0_dense32_e50_lr0.0005_b16  RMSE_test=0.0123  MAE_test=0.0087
14:50:00 [INFO]     Época 10/50 | Loss=0.003134
14:50:06 [INFO]     Época 20/50 | Loss=0.002491
14:50:11 [INFO]     Época 30/50 | Loss=0.002241
14:50:17 [INFO]     Época 40/50 | Loss=0.002217
14:50:23 [INFO]     Época 50/50 | Loss=0.002184
14:50:23 [INFO]   [649/960] CNN_w6_c32_k2_actleaky_relu_d0.0_dense16_e50_lr0.001_b8  RMSE_test=0.0110  MAE_test=0.0078
14:50:26 [INFO]     Época 10/50 | Loss=0.003244
14:50:29 [INFO]     Época 20/50 | Loss=0.002488
14:50:32 [INFO]     Época 30/50 | Loss=0.002358
14:50:35 [INFO]     Época 40/50 | Loss=0.002226
14:50:38 [INFO]     Época 50/50 | Loss=0.002243
14:50:38 [INFO]   [650/960] CNN_w6_c32_k2_actleaky_relu_d0.0_dense16_e50_lr0.001_b16  RMSE_test=0.0117  MAE_test=0.0084
14:50:44 [INFO]     Época 10/50 | Loss=0.003151
14:50:50 [INFO]     Época 20/50 | Loss=0.002482
14:50:55 [INFO]     Época 30/50 | Loss=0.002209
14:51:01 [INFO]     Época 40/50 | Loss=0.002140
14:51:07 [INFO]     Época 50/50 | Loss=0.002125
14:51:07 [INFO]   [651/960] CNN_w6_c32_k2_actleaky_relu_d0.0_dense16_e50_lr0.0005_b8  RMSE_test=0.0117  MAE_test=0.0083
14:51:10 [INFO]     Época 10/50 | Loss=0.003255
14:51:13 [INFO]     Época 20/50 | Loss=0.002606
14:51:16 [INFO]     Época 30/50 | Loss=0.002356
14:51:19 [INFO]     Época 40/50 | Loss=0.002154
14:51:22 [INFO]     Época 50/50 | Loss=0.002197
14:51:22 [INFO]   [652/960] CNN_w6_c32_k2_actleaky_relu_d0.0_dense16_e50_lr0.0005_b16  RMSE_test=0.0119  MAE_test=0.0085
14:51:28 [INFO]     Época 10/50 | Loss=0.003103
14:51:34 [INFO]     Época 20/50 | Loss=0.002439
14:51:39 [INFO]     Época 30/50 | Loss=0.002194
14:51:45 [INFO]     Época 40/50 | Loss=0.002219
14:51:51 [INFO]     Época 50/50 | Loss=0.002145
14:51:51 [INFO]   [653/960] CNN_w6_c32_k2_actleaky_relu_d0.0_dense32_e50_lr0.001_b8  RMSE_test=0.0111  MAE_test=0.0078
14:51:54 [INFO]     Época 10/50 | Loss=0.003220
14:51:57 [INFO]     Época 20/50 | Loss=0.002486
14:52:00 [INFO]     Época 30/50 | Loss=0.002342
14:52:04 [INFO]     Época 40/50 | Loss=0.002241
14:52:07 [INFO]     Época 50/50 | Loss=0.002273
14:52:07 [INFO]   [654/960] CNN_w6_c32_k2_actleaky_relu_d0.0_dense32_e50_lr0.001_b16  RMSE_test=0.0119  MAE_test=0.0087
14:52:13 [INFO]     Época 10/50 | Loss=0.003293
14:52:19 [INFO]     Época 20/50 | Loss=0.002484
14:52:24 [INFO]     Época 30/50 | Loss=0.002241
14:52:30 [INFO]     Época 40/50 | Loss=0.002153
14:52:36 [INFO]     Época 50/50 | Loss=0.002123
14:52:36 [INFO]   [655/960] CNN_w6_c32_k2_actleaky_relu_d0.0_dense32_e50_lr0.0005_b8  RMSE_test=0.0118  MAE_test=0.0084
14:52:39 [INFO]     Época 10/50 | Loss=0.003219
14:52:42 [INFO]     Época 20/50 | Loss=0.002555
14:52:45 [INFO]     Época 30/50 | Loss=0.002379
14:52:48 [INFO]     Época 40/50 | Loss=0.002186
14:52:51 [INFO]     Época 50/50 | Loss=0.002190
14:52:51 [INFO]   [656/960] CNN_w6_c32_k2_actleaky_relu_d0.0_dense32_e50_lr0.0005_b16  RMSE_test=0.0130  MAE_test=0.0092
14:52:57 [INFO]     Época 10/50 | Loss=0.025983
14:53:03 [INFO]     Época 20/50 | Loss=0.025264
14:53:09 [INFO]     Época 30/50 | Loss=0.024454
14:53:16 [INFO]     Época 40/50 | Loss=0.023712
14:53:22 [INFO]     Época 50/50 | Loss=0.023163
14:53:22 [INFO]   [657/960] CNN_w6_c32_k2_actrelu_d0.1_dense16_e50_lr0.001_b8  RMSE_test=0.0150  MAE_test=0.0114
14:53:25 [INFO]     Época 10/50 | Loss=0.024415
14:53:28 [INFO]     Época 20/50 | Loss=0.024549
14:53:31 [INFO]     Época 30/50 | Loss=0.021743
14:53:34 [INFO]     Época 40/50 | Loss=0.021833
14:53:38 [INFO]     Época 50/50 | Loss=0.022140
14:53:38 [INFO]   [658/960] CNN_w6_c32_k2_actrelu_d0.1_dense16_e50_lr0.001_b16  RMSE_test=0.0146  MAE_test=0.0111
14:53:44 [INFO]     Época 10/50 | Loss=0.023863
14:53:50 [INFO]     Época 20/50 | Loss=0.021786
14:53:57 [INFO]     Época 30/50 | Loss=0.021181
14:54:03 [INFO]     Época 40/50 | Loss=0.020145
14:54:09 [INFO]     Época 50/50 | Loss=0.020387
14:54:09 [INFO]   [659/960] CNN_w6_c32_k2_actrelu_d0.1_dense16_e50_lr0.0005_b8  RMSE_test=0.0171  MAE_test=0.0131
14:54:12 [INFO]     Época 10/50 | Loss=0.025414
14:54:15 [INFO]     Época 20/50 | Loss=0.024685
14:54:19 [INFO]     Época 30/50 | Loss=0.021886
14:54:22 [INFO]     Época 40/50 | Loss=0.021663
14:54:25 [INFO]     Época 50/50 | Loss=0.021936
14:54:25 [INFO]   [660/960] CNN_w6_c32_k2_actrelu_d0.1_dense16_e50_lr0.0005_b16  RMSE_test=0.0142  MAE_test=0.0107
14:54:31 [INFO]     Época 10/50 | Loss=0.016866
14:54:37 [INFO]     Época 20/50 | Loss=0.017150
14:54:44 [INFO]     Época 30/50 | Loss=0.014308
14:54:50 [INFO]     Época 40/50 | Loss=0.014579
14:54:56 [INFO]     Época 50/50 | Loss=0.013954
14:54:56 [INFO]   [661/960] CNN_w6_c32_k2_actrelu_d0.1_dense32_e50_lr0.001_b8  RMSE_test=0.0154  MAE_test=0.0122
14:54:59 [INFO]     Época 10/50 | Loss=0.015945
14:55:02 [INFO]     Época 20/50 | Loss=0.014916
14:55:06 [INFO]     Época 30/50 | Loss=0.014329
14:55:09 [INFO]     Época 40/50 | Loss=0.013401
14:55:12 [INFO]     Época 50/50 | Loss=0.013139
14:55:12 [INFO]   [662/960] CNN_w6_c32_k2_actrelu_d0.1_dense32_e50_lr0.001_b16  RMSE_test=0.0142  MAE_test=0.0105
14:55:18 [INFO]     Época 10/50 | Loss=0.016181
14:55:24 [INFO]     Época 20/50 | Loss=0.015946
14:55:30 [INFO]     Época 30/50 | Loss=0.013643
14:55:37 [INFO]     Época 40/50 | Loss=0.013243
14:55:43 [INFO]     Época 50/50 | Loss=0.012864
14:55:43 [INFO]   [663/960] CNN_w6_c32_k2_actrelu_d0.1_dense32_e50_lr0.0005_b8  RMSE_test=0.0148  MAE_test=0.0113
14:55:46 [INFO]     Época 10/50 | Loss=0.016662
14:55:49 [INFO]     Época 20/50 | Loss=0.015092
14:55:52 [INFO]     Época 30/50 | Loss=0.014192
14:55:55 [INFO]     Época 40/50 | Loss=0.013580
14:55:59 [INFO]     Época 50/50 | Loss=0.013354
14:55:59 [INFO]   [664/960] CNN_w6_c32_k2_actrelu_d0.1_dense32_e50_lr0.0005_b16  RMSE_test=0.0153  MAE_test=0.0119
14:56:05 [INFO]     Época 10/50 | Loss=0.022557
14:56:11 [INFO]     Época 20/50 | Loss=0.019399
14:56:17 [INFO]     Época 30/50 | Loss=0.016891
14:56:23 [INFO]     Época 40/50 | Loss=0.014483
14:56:29 [INFO]     Época 50/50 | Loss=0.013655
14:56:29 [INFO]   [665/960] CNN_w6_c32_k2_actleaky_relu_d0.1_dense16_e50_lr0.001_b8  RMSE_test=0.0145  MAE_test=0.0104
14:56:32 [INFO]     Época 10/50 | Loss=0.021927
14:56:36 [INFO]     Época 20/50 | Loss=0.021854
14:56:39 [INFO]     Época 30/50 | Loss=0.018412
14:56:42 [INFO]     Época 40/50 | Loss=0.016571
14:56:45 [INFO]     Época 50/50 | Loss=0.015393
