geocode,departamento,distrito,anio,pct_agropecuario
250305,Ucayali,Alexander Von Humboldt,1985,0.206368
220509,San Martin,Shanao,1985,0.401547
250304,Ucayali,Neshuya,1985,0.126443
220501,San Martin,Lamas,1985,0.410376
220902,San Martin,Alberto Leveau,1985,0.302374
250102,Ucayali,Campoverde,1985,0.313753
220702,San Martin,Buenos Aires,1985,0.357702
220502,San Martin,Alonso De Alvarado,1985,0.202235
220404,San Martin,Piscoyacu,1985,0.316963
220708,San Martin,Shamboyacu,1985,0.091502
220204,San Martin,Huallaga,1985,0.152503
220605,San Martin,Pajarillo,1985,0.352959
010703,Amazonas,Cumba,1985,0.395328
220704,San Martin,Pilluana,1985,0.355214
220104,San Martin,Jepelacio,1985,0.296037
220505,San Martin,Cuñumbuqui,1985,0.431066
220507,San Martin,Rumisapa,1985,0.488802
220913,San Martin,Sauce,1985,0.289995
010608,Amazonas,Milpuc,1985,0.304098
220405,San Martin,Sacanche,1985,0.436159
220709,San Martin,Tingo De Ponasa,1985,0.28086
220304,San Martin,Santa Rosa,1985,0.464297
100903,Huanuco,Honoria,1985,0.099237
220203,San Martin,Bajo Biavo,1985,0.133426
220710,San Martin,Tres Unidos,1985,0.126876
220510,San Martin,Tabalosos,1985,0.350641
100904,Huanuco,Tournavista,1985,0.066365
010701,Amazonas,Bagua Grande,1985,0.328877
220701,San Martin,Picota,1985,0.267652
220403,San Martin,El Eslabon,1985,0.544412
250105,Ucayali,Yarinacocha,1985,0.422811
220914,San Martin,Shapaja,1985,0.288553
010707,Amazonas,Yamon,1985,0.322714
010705,Amazonas,Jamalca,1985,0.382762
220205,San Martin,San Pablo,1985,0.541158
220705,San Martin,Pucacaca,1985,0.332448
220601,San Martin,Juanjui,1985,0.290131
100905,Huanuco,Yuyapichis,1985,0.039543
100608,Huanuco,Castillo Grande,1985,0.564339
220302,San Martin,Agua Blanca,1985,0.531849
250306,Ucayali,Huipoca,1985,0.076892
010611,Amazonas,Totora,1985,0.333044
010706,Amazonas,Lonya Grande,1985,0.267122
220706,San Martin,San Cristobal,1985,0.213795
010303,Amazonas,Churuja,1985,0.210287
220301,San Martin,San Jose De Sisa,1985,0.460849
010204,Amazonas,El Parco,1985,0.748237
010306,Amazonas,Florida,1985,0.197284
220303,San Martin,San Martin,1985,0.089871
220106,San Martin,Yantalo,1985,0.446745
220305,San Martin,Shatoja,1985,0.415928
010104,Amazonas,Cheto,1985,0.179813
160201,Loreto,Yurimaguas,1985,0.162155
060901,Cajamarca,San Ignacio,1985,0.475059
220511,San Martin,Zapatero,1985,0.702022
060811,Cajamarca,San Jose Del Alto,1985,0.309
010206,Amazonas,La Peca,1985,0.654531
220401,San Martin,Saposoa,1985,0.241025
060902,Cajamarca,Chirinos,1985,0.466028
220908,San Martin,Juan Guerra,1985,0.492168
060904,Cajamarca,La Coipa,1985,0.375232
220808,San Martin,Yorongos,1985,0.345526
120607,Junin,Rio Negro,1985,0.372987
060812,Cajamarca,Santa Rosa,1985,0.610227
250106,Ucayali,Nueva Requena,1985,0.063
220802,San Martin,Awajun,1985,0.090374
250302,Ucayali,Irazola,1985,0.05238
010109,Amazonas,La Jalca,1985,0.15835
220906,San Martin,El Porvenir,1985,0.113999
220707,San Martin,San Hilarion,1985,0.322363
220806,San Martin,Posic,1985,0.38247
220406,San Martin,Tingo De Saposoa,1985,0.537971
100901,Huanuco,Puerto Inca,1985,0.054673
010105,Amazonas,Chiliquin,1985,0.12571
220105,San Martin,Soritor,1985,0.132183
220201,San Martin,Bellavista,1985,0.591333
060803,Cajamarca,Chontali,1985,0.262768
100605,Huanuco,Luyando,1985,0.647796
010307,Amazonas,Jazan,1985,0.275482
010502,Amazonas,Camporredondo,1985,0.272919
010515,Amazonas,Providencia,1985,0.155056
010102,Amazonas,Asuncion,1985,0.340562
010510,Amazonas,Luya Viejo,1985,0.125427
100601,Huanuco,Rupa-Rupa,1985,0.401616
010514,Amazonas,Pisuquia,1985,0.126533
060810,Cajamarca,San Felipe,1985,0.080882
010305,Amazonas,Cuispes,1985,0.218076
060905,Cajamarca,Namballe,1985,0.214698
010119,Amazonas,San Isidro De Maino,1985,0.067255
060801,Cajamarca,Jaen,1985,0.350231
010513,Amazonas,Ocumal,1985,0.180969
220912,San Martin,San Antonio,1985,0.219041
220903,San Martin,Cacatachi,1985,0.62442
120602,Junin,Coviriali,1985,0.408418
120304,Junin,San Luis De Shuaro,1985,0.37261
120601,Junin,Satipo,1985,0.222935
010203,Amazonas,Copallin,1985,0.565799
010112,Amazonas,Magdalena,1985,0.078584
220102,San Martin,Calzada,1985,0.495453
060805,Cajamarca,Huabal,1985,0.660201
010610,Amazonas,Santa Rosa,1985,0.452492
220503,San Martin,Barranquita,1985,0.143859
220801,San Martin,Rioja,1985,0.409768
220703,San Martin,Caspisapa,1985,0.213584
080904,Cusco,Maranura,1985,0.19782
010117,Amazonas,Quinjalca,1985,0.412513
250303,Ucayali,Curimana,1985,0.021103
010308,Amazonas,Recta,1985,0.500508
010115,Amazonas,Montevideo,1985,0.142296
010114,Amazonas,Molinopampa,1985,0.140354
010503,Amazonas,Cocabamba,1985,0.113291
060809,Cajamarca,Sallique,1985,0.108203
010120,Amazonas,Soloco,1985,0.198418
010521,Amazonas,Santo Tomas,1985,0.327313
100113,Huanuco,San Pablo De Pillao,1985,0.114459
010602,Amazonas,Chirimoto,1985,0.12203
100603,Huanuco,Hermilio Valdizan,1985,0.171313
010111,Amazonas,Levanto,1985,0.145053
010518,Amazonas,San Jeronimo,1985,0.287805
010609,Amazonas,Omia,1985,0.09001
100902,Huanuco,Codo Del Pozuzo,1985,0.054406
010113,Amazonas,Mariscal Castilla,1985,0.251369
220101,San Martin,Moyobamba,1985,0.084605
010310,Amazonas,Shipasbamba,1985,0.197594
100103,Huanuco,Chinchao,1985,0.144026
010311,Amazonas,Valera,1985,0.18597
060907,Cajamarca,Tabaconas,1985,0.175965
160112,Loreto,Belen,1985,0.234095
200307,Piura,Sondor,1985,0.195716
220803,San Martin,Elias Soplin Vargas,1985,0.256116
010506,Amazonas,Inguilpata,1985,0.246204
220506,San Martin,Pinto Recodo,1985,0.092655
120303,Junin,Pichanaqui,1985,0.231558
010202,Amazonas,Aramango,1985,0.148833
010606,Amazonas,Longar,1985,0.240045
160101,Loreto,Iquitos,1985,0.23165
010507,Amazonas,Longuita,1985,0.295068
221001,San Martin,Tocache,1985,0.26844
010511,Amazonas,Maria,1985,0.175927
080901,Cusco,Santa Ana,1985,0.269301
120302,Junin,Perene,1985,0.331131
050409,Ayacucho,Canayre,1985,0.115688
221002,San Martin,Nuevo Progreso,1985,0.282486
200303,Piura,El Carmen De La Frontera,1985,0.17264
100609,Huanuco,Pueblo Nuevo,1985,0.352799
080903,Cusco,Huayopata,1985,0.177064
010604,Amazonas,Huambo,1985,0.662309
100505,Huanuco,Jircan,1985,0.042126
010512,Amazonas,Ocalli,1985,0.187933
010101,Amazonas,Chachapoyas,1985,0.156057
060903,Cajamarca,Huarango,1985,0.251963
010116,Amazonas,Olleros,1985,0.058615
010605,Amazonas,Limabamba,1985,0.082317
100804,Huanuco,Umari,1985,0.297322
220504,San Martin,Caynarachi,1985,0.112062
080905,Cusco,Ocobamba,1985,0.173046
010517,Amazonas,San Francisco Del Yeso,1985,0.317551
120609,Junin,Vizcatán Del Ene,1985,0.054853
060807,Cajamarca,Pomahuaca,1985,0.157102
010304,Amazonas,Corosha,1985,0.090288
221005,San Martin,Uchiza,1985,0.402717
220807,San Martin,San Fernando,1985,0.475632
050512,Ayacucho,Union Progreso,1985,0.72178
060804,Cajamarca,Colasay,1985,0.352172
160503,Loreto,Capelo,1985,0.090688
220910,San Martin,Morales,1985,0.673351
120604,Junin,Mazamari,1985,0.127358
120603,Junin,Llaylla,1985,0.210817
010520,Amazonas,Santa Catalina,1985,0.135306
010603,Amazonas,Cochamal,1985,0.075721
120209,Junin,Mariscal Castilla,1985,0.173751
010601,Amazonas,San Nicolas,1985,0.15498
010519,Amazonas,San Juan De Lopecancha,1985,0.324688
160211,Loreto,Teniente Cesar Lopez Rojas,1985,0.112419
080408,Cusco,Yanatile,1985,0.159166
050408,Ayacucho,Llochegua,1985,0.152077
100507,Huanuco,Monzon,1985,0.142993
081304,Cusco,Machupicchu,1985,0.133453
220909,San Martin,La Banda De Shilcayo,1985,0.186111
220103,San Martin,Habana,1985,0.609016
100606,Huanuco,Mariano Damaso Beraun,1985,0.148312
010508,Amazonas,Lonya Chico,1985,0.179313
170102,Madre De Dios,Inambari,1985,0.019826
050502,Ayacucho,Anco,1985,0.146196
010523,Amazonas,Trita,1985,0.323453
010516,Amazonas,San Cristobal,1985,0.308687
080918,Cusco,Union Ashaninka,1985,0.065583
221006,San Martin,Santa Lucia,1985,0.713109
100702,Huanuco,Cholon,1985,0.131485
211205,Puno,Phara,1985,0.007828
170204,Madre De Dios,Huepetuhe,1985,0.01733
010302,Amazonas,Chisquilla,1985,0.034611
050507,Ayacucho,Santa Rosa,1985,0.277683
220804,San Martin,Nueva Cajamarca,1985,0.248613
220809,San Martin,Yuracyacu,1985,0.461419
160603,Loreto,Padre Marquez,1985,0.035372
010522,Amazonas,Tingo,1985,0.256173
080906,Cusco,Quellouno,1985,0.13927
010301,Amazonas,Jumbilla,1985,0.163661
080917,Cusco,Manitea,1985,0.103351
250305,Ucayali,Alexander Von Humboldt,1986,0.21564
220509,San Martin,Shanao,1986,0.401547
250304,Ucayali,Neshuya,1986,0.133351
220501,San Martin,Lamas,1986,0.410383
220902,San Martin,Alberto Leveau,1986,0.302443
250102,Ucayali,Campoverde,1986,0.326663
220702,San Martin,Buenos Aires,1986,0.357677
220502,San Martin,Alonso De Alvarado,1986,0.202235
220404,San Martin,Piscoyacu,1986,0.316697
220708,San Martin,Shamboyacu,1986,0.094738
220204,San Martin,Huallaga,1986,0.152534
220605,San Martin,Pajarillo,1986,0.353076
010703,Amazonas,Cumba,1986,0.395319
220704,San Martin,Pilluana,1986,0.354981
220104,San Martin,Jepelacio,1986,0.295892
220505,San Martin,Cuñumbuqui,1986,0.431095
220507,San Martin,Rumisapa,1986,0.488802
220913,San Martin,Sauce,1986,0.290048
010608,Amazonas,Milpuc,1986,0.304098
220405,San Martin,Sacanche,1986,0.435846
220709,San Martin,Tingo De Ponasa,1986,0.285108
220304,San Martin,Santa Rosa,1986,0.464279
100903,Huanuco,Honoria,1986,0.102762
220203,San Martin,Bajo Biavo,1986,0.134092
220710,San Martin,Tres Unidos,1986,0.130914
220510,San Martin,Tabalosos,1986,0.350636
100904,Huanuco,Tournavista,1986,0.068679
010701,Amazonas,Bagua Grande,1986,0.328862
220701,San Martin,Picota,1986,0.267493
220403,San Martin,El Eslabon,1986,0.544376
250105,Ucayali,Yarinacocha,1986,0.437094
220914,San Martin,Shapaja,1986,0.290589
010707,Amazonas,Yamon,1986,0.322714
010705,Amazonas,Jamalca,1986,0.382759
220205,San Martin,San Pablo,1986,0.541099
220705,San Martin,Pucacaca,1986,0.332444
220601,San Martin,Juanjui,1986,0.290091
100905,Huanuco,Yuyapichis,1986,0.039814
100608,Huanuco,Castillo Grande,1986,0.56653
220302,San Martin,Agua Blanca,1986,0.531616
250306,Ucayali,Huipoca,1986,0.08465
010611,Amazonas,Totora,1986,0.333135
010706,Amazonas,Lonya Grande,1986,0.267122
220706,San Martin,San Cristobal,1986,0.213795
010303,Amazonas,Churuja,1986,0.209839
220301,San Martin,San Jose De Sisa,1986,0.460803
010204,Amazonas,El Parco,1986,0.748188
010306,Amazonas,Florida,1986,0.197143
220303,San Martin,San Martin,1986,0.089726
220106,San Martin,Yantalo,1986,0.446171
220305,San Martin,Shatoja,1986,0.415956
010104,Amazonas,Cheto,1986,0.179813
160201,Loreto,Yurimaguas,1986,0.162181
060901,Cajamarca,San Ignacio,1986,0.492739
220511,San Martin,Zapatero,1986,0.702012
060811,Cajamarca,San Jose Del Alto,1986,0.318748
010206,Amazonas,La Peca,1986,0.654531
220401,San Martin,Saposoa,1986,0.240766
060902,Cajamarca,Chirinos,1986,0.477886
220908,San Martin,Juan Guerra,1986,0.49209
060904,Cajamarca,La Coipa,1986,0.40048
220808,San Martin,Yorongos,1986,0.345504
120607,Junin,Rio Negro,1986,0.372121
060812,Cajamarca,Santa Rosa,1986,0.610227
250106,Ucayali,Nueva Requena,1986,0.065542
220802,San Martin,Awajun,1986,0.090306
250302,Ucayali,Irazola,1986,0.057627
010109,Amazonas,La Jalca,1986,0.157282
220906,San Martin,El Porvenir,1986,0.116642
220707,San Martin,San Hilarion,1986,0.32232
220806,San Martin,Posic,1986,0.38247
220406,San Martin,Tingo De Saposoa,1986,0.537763
100901,Huanuco,Puerto Inca,1986,0.055657
010105,Amazonas,Chiliquin,1986,0.12571
220105,San Martin,Soritor,1986,0.13187
220201,San Martin,Bellavista,1986,0.591152
060803,Cajamarca,Chontali,1986,0.27582
100605,Huanuco,Luyando,1986,0.644208
010307,Amazonas,Jazan,1986,0.274519
010502,Amazonas,Camporredondo,1986,0.272898
010515,Amazonas,Providencia,1986,0.155056
010102,Amazonas,Asuncion,1986,0.340562
010510,Amazonas,Luya Viejo,1986,0.125427
100601,Huanuco,Rupa-Rupa,1986,0.402598
010514,Amazonas,Pisuquia,1986,0.126533
060810,Cajamarca,San Felipe,1986,0.102345
010305,Amazonas,Cuispes,1986,0.218067
060905,Cajamarca,Namballe,1986,0.215071
010119,Amazonas,San Isidro De Maino,1986,0.067255
060801,Cajamarca,Jaen,1986,0.350308
010513,Amazonas,Ocumal,1986,0.180964
220912,San Martin,San Antonio,1986,0.218973
220903,San Martin,Cacatachi,1986,0.624403
120602,Junin,Coviriali,1986,0.407537
120304,Junin,San Luis De Shuaro,1986,0.381331
120601,Junin,Satipo,1986,0.222521
010203,Amazonas,Copallin,1986,0.565799
010112,Amazonas,Magdalena,1986,0.077829
220102,San Martin,Calzada,1986,0.494732
060805,Cajamarca,Huabal,1986,0.698859
010610,Amazonas,Santa Rosa,1986,0.452492
220503,San Martin,Barranquita,1986,0.144078
220801,San Martin,Rioja,1986,0.409793
220703,San Martin,Caspisapa,1986,0.213514
080904,Cusco,Maranura,1986,0.197815
010117,Amazonas,Quinjalca,1986,0.412513
250303,Ucayali,Curimana,1986,0.02335
010308,Amazonas,Recta,1986,0.499524
010115,Amazonas,Montevideo,1986,0.142159
010114,Amazonas,Molinopampa,1986,0.140354
010503,Amazonas,Cocabamba,1986,0.113291
060809,Cajamarca,Sallique,1986,0.140635
010120,Amazonas,Soloco,1986,0.198418
010521,Amazonas,Santo Tomas,1986,0.326305
100113,Huanuco,San Pablo De Pillao,1986,0.129172
010602,Amazonas,Chirimoto,1986,0.12203
100603,Huanuco,Hermilio Valdizan,1986,0.171174
010111,Amazonas,Levanto,1986,0.143343
010518,Amazonas,San Jeronimo,1986,0.287599
010609,Amazonas,Omia,1986,0.09001
100902,Huanuco,Codo Del Pozuzo,1986,0.056372
010113,Amazonas,Mariscal Castilla,1986,0.250637
220101,San Martin,Moyobamba,1986,0.084561
010310,Amazonas,Shipasbamba,1986,0.197133
100103,Huanuco,Chinchao,1986,0.154145
010311,Amazonas,Valera,1986,0.185059
060907,Cajamarca,Tabaconas,1986,0.176687
160112,Loreto,Belen,1986,0.22545
200307,Piura,Sondor,1986,0.222794
220803,San Martin,Elias Soplin Vargas,1986,0.256116
010506,Amazonas,Inguilpata,1986,0.246137
220506,San Martin,Pinto Recodo,1986,0.092655
120303,Junin,Pichanaqui,1986,0.231329
010202,Amazonas,Aramango,1986,0.148825
010606,Amazonas,Longar,1986,0.240045
160101,Loreto,Iquitos,1986,0.225567
010507,Amazonas,Longuita,1986,0.295068
221001,San Martin,Tocache,1986,0.270797
010511,Amazonas,Maria,1986,0.175927
080901,Cusco,Santa Ana,1986,0.269281
120302,Junin,Perene,1986,0.332766
050409,Ayacucho,Canayre,1986,0.116046
221002,San Martin,Nuevo Progreso,1986,0.287814
200303,Piura,El Carmen De La Frontera,1986,0.174665
100609,Huanuco,Pueblo Nuevo,1986,0.354398
080903,Cusco,Huayopata,1986,0.177038
010604,Amazonas,Huambo,1986,0.662309
100505,Huanuco,Jircan,1986,0.047326
010512,Amazonas,Ocalli,1986,0.187923
010101,Amazonas,Chachapoyas,1986,0.155726
060903,Cajamarca,Huarango,1986,0.253985
010116,Amazonas,Olleros,1986,0.058615
010605,Amazonas,Limabamba,1986,0.082315
100804,Huanuco,Umari,1986,0.355332
220504,San Martin,Caynarachi,1986,0.112057
080905,Cusco,Ocobamba,1986,0.173037
010517,Amazonas,San Francisco Del Yeso,1986,0.31654
120609,Junin,Vizcatán Del Ene,1986,0.055692
060807,Cajamarca,Pomahuaca,1986,0.174497
010304,Amazonas,Corosha,1986,0.090066
221005,San Martin,Uchiza,1986,0.406269
220807,San Martin,San Fernando,1986,0.47558
050512,Ayacucho,Union Progreso,1986,0.722493
060804,Cajamarca,Colasay,1986,0.390458
160503,Loreto,Capelo,1986,0.087833
220910,San Martin,Morales,1986,0.673368
120604,Junin,Mazamari,1986,0.127368
120603,Junin,Llaylla,1986,0.210697
010520,Amazonas,Santa Catalina,1986,0.135306
010603,Amazonas,Cochamal,1986,0.075721
120209,Junin,Mariscal Castilla,1986,0.173642
010601,Amazonas,San Nicolas,1986,0.154841
010519,Amazonas,San Juan De Lopecancha,1986,0.321846
160211,Loreto,Teniente Cesar Lopez Rojas,1986,0.112033
080408,Cusco,Yanatile,1986,0.159161
050408,Ayacucho,Llochegua,1986,0.152238
100507,Huanuco,Monzon,1986,0.14598
081304,Cusco,Machupicchu,1986,0.133489
220909,San Martin,La Banda De Shilcayo,1986,0.186188
220103,San Martin,Habana,1986,0.608551
100606,Huanuco,Mariano Damaso Beraun,1986,0.151638
010508,Amazonas,Lonya Chico,1986,0.179262
170102,Madre De Dios,Inambari,1986,0.015546
050502,Ayacucho,Anco,1986,0.154037
010523,Amazonas,Trita,1986,0.323262
010516,Amazonas,San Cristobal,1986,0.308462
080918,Cusco,Union Ashaninka,1986,0.064741
221006,San Martin,Santa Lucia,1986,0.716285
100702,Huanuco,Cholon,1986,0.133746
211205,Puno,Phara,1986,0.018869
170204,Madre De Dios,Huepetuhe,1986,0.015384
010302,Amazonas,Chisquilla,1986,0.034067
050507,Ayacucho,Santa Rosa,1986,0.271617
220804,San Martin,Nueva Cajamarca,1986,0.248504
220809,San Martin,Yuracyacu,1986,0.461391
160603,Loreto,Padre Marquez,1986,0.031099
010522,Amazonas,Tingo,1986,0.254044
080906,Cusco,Quellouno,1986,0.13927
010301,Amazonas,Jumbilla,1986,0.163375
080917,Cusco,Manitea,1986,0.104305
250305,Ucayali,Alexander Von Humboldt,1987,0.226983
220509,San Martin,Shanao,1987,0.394249
250304,Ucayali,Neshuya,1987,0.144173
220501,San Martin,Lamas,1987,0.487296
220902,San Martin,Alberto Leveau,1987,0.327163
250102,Ucayali,Campoverde,1987,0.343642
220702,San Martin,Buenos Aires,1987,0.416388
220502,San Martin,Alonso De Alvarado,1987,0.23572
220404,San Martin,Piscoyacu,1987,0.320815
220708,San Martin,Shamboyacu,1987,0.095011
220204,San Martin,Huallaga,1987,0.14504
220605,San Martin,Pajarillo,1987,0.360954
010703,Amazonas,Cumba,1987,0.401139
220704,San Martin,Pilluana,1987,0.400821
220104,San Martin,Jepelacio,1987,0.321444
220505,San Martin,Cuñumbuqui,1987,0.492219
220507,San Martin,Rumisapa,1987,0.608477
220913,San Martin,Sauce,1987,0.305353
010608,Amazonas,Milpuc,1987,0.352502
220405,San Martin,Sacanche,1987,0.460287
220709,San Martin,Tingo De Ponasa,1987,0.29737
220304,San Martin,Santa Rosa,1987,0.465462
100903,Huanuco,Honoria,1987,0.123413
220203,San Martin,Bajo Biavo,1987,0.148057
220710,San Martin,Tres Unidos,1987,0.128309
220510,San Martin,Tabalosos,1987,0.359194
100904,Huanuco,Tournavista,1987,0.073157
010701,Amazonas,Bagua Grande,1987,0.372251
220701,San Martin,Picota,1987,0.302953
220403,San Martin,El Eslabon,1987,0.541642
250105,Ucayali,Yarinacocha,1987,0.46936
220914,San Martin,Shapaja,1987,0.292326
010707,Amazonas,Yamon,1987,0.353027
010705,Amazonas,Jamalca,1987,0.38534
220205,San Martin,San Pablo,1987,0.541122
220705,San Martin,Pucacaca,1987,0.366557
220601,San Martin,Juanjui,1987,0.321318
100905,Huanuco,Yuyapichis,1987,0.046232
100608,Huanuco,Castillo Grande,1987,0.571801
220302,San Martin,Agua Blanca,1987,0.537805
250306,Ucayali,Huipoca,1987,0.090084
010611,Amazonas,Totora,1987,0.387903
010706,Amazonas,Lonya Grande,1987,0.30213
220706,San Martin,San Cristobal,1987,0.335567
010303,Amazonas,Churuja,1987,0.176939
220301,San Martin,San Jose De Sisa,1987,0.474243
010204,Amazonas,El Parco,1987,0.774726
010306,Amazonas,Florida,1987,0.222423
220303,San Martin,San Martin,1987,0.090027
220106,San Martin,Yantalo,1987,0.534756
220305,San Martin,Shatoja,1987,0.445606
010104,Amazonas,Cheto,1987,0.215839
160201,Loreto,Yurimaguas,1987,0.212429
060901,Cajamarca,San Ignacio,1987,0.533598
220511,San Martin,Zapatero,1987,0.733193
060811,Cajamarca,San Jose Del Alto,1987,0.352514
010206,Amazonas,La Peca,1987,0.637597
220401,San Martin,Saposoa,1987,0.226175
060902,Cajamarca,Chirinos,1987,0.461279
220908,San Martin,Juan Guerra,1987,0.541122
060904,Cajamarca,La Coipa,1987,0.441285
220808,San Martin,Yorongos,1987,0.392739
120607,Junin,Rio Negro,1987,0.372118
060812,Cajamarca,Santa Rosa,1987,0.640058
250106,Ucayali,Nueva Requena,1987,0.066965
220802,San Martin,Awajun,1987,0.111118
250302,Ucayali,Irazola,1987,0.058869
010109,Amazonas,La Jalca,1987,0.250224
220906,San Martin,El Porvenir,1987,0.120028
220707,San Martin,San Hilarion,1987,0.374659
220806,San Martin,Posic,1987,0.445933
220406,San Martin,Tingo De Saposoa,1987,0.550392
100901,Huanuco,Puerto Inca,1987,0.065822
010105,Amazonas,Chiliquin,1987,0.146622
220105,San Martin,Soritor,1987,0.141763
220201,San Martin,Bellavista,1987,0.626726
060803,Cajamarca,Chontali,1987,0.285353
100605,Huanuco,Luyando,1987,0.62813
010307,Amazonas,Jazan,1987,0.373102
010502,Amazonas,Camporredondo,1987,0.32547
010515,Amazonas,Providencia,1987,0.206207
010102,Amazonas,Asuncion,1987,0.383145
010510,Amazonas,Luya Viejo,1987,0.138386
100601,Huanuco,Rupa-Rupa,1987,0.404614
010514,Amazonas,Pisuquia,1987,0.14259
060810,Cajamarca,San Felipe,1987,0.097096
010305,Amazonas,Cuispes,1987,0.235231
060905,Cajamarca,Namballe,1987,0.239854
010119,Amazonas,San Isidro De Maino,1987,0.087293
060801,Cajamarca,Jaen,1987,0.406934
010513,Amazonas,Ocumal,1987,0.22751
220912,San Martin,San Antonio,1987,0.268918
220903,San Martin,Cacatachi,1987,0.729701
120602,Junin,Coviriali,1987,0.407537
120304,Junin,San Luis De Shuaro,1987,0.382139
120601,Junin,Satipo,1987,0.222515
010203,Amazonas,Copallin,1987,0.499087
010112,Amazonas,Magdalena,1987,0.101676
220102,San Martin,Calzada,1987,0.621162
060805,Cajamarca,Huabal,1987,0.758183
010610,Amazonas,Santa Rosa,1987,0.506285
220503,San Martin,Barranquita,1987,0.157291
220801,San Martin,Rioja,1987,0.488664
220703,San Martin,Caspisapa,1987,0.297666
080904,Cusco,Maranura,1987,0.196819
010117,Amazonas,Quinjalca,1987,0.440766
250303,Ucayali,Curimana,1987,0.023325
010308,Amazonas,Recta,1987,0.556747
010115,Amazonas,Montevideo,1987,0.169975
010114,Amazonas,Molinopampa,1987,0.149086
010503,Amazonas,Cocabamba,1987,0.10618
060809,Cajamarca,Sallique,1987,0.127148
010120,Amazonas,Soloco,1987,0.21332
010521,Amazonas,Santo Tomas,1987,0.361698
100113,Huanuco,San Pablo De Pillao,1987,0.117755
010602,Amazonas,Chirimoto,1987,0.147363
100603,Huanuco,Hermilio Valdizan,1987,0.166759
010111,Amazonas,Levanto,1987,0.196367
010518,Amazonas,San Jeronimo,1987,0.307202
010609,Amazonas,Omia,1987,0.1018
100902,Huanuco,Codo Del Pozuzo,1987,0.052547
010113,Amazonas,Mariscal Castilla,1987,0.304696
220101,San Martin,Moyobamba,1987,0.107153
010310,Amazonas,Shipasbamba,1987,0.194777
100103,Huanuco,Chinchao,1987,0.143354
010311,Amazonas,Valera,1987,0.177513
060907,Cajamarca,Tabaconas,1987,0.195802
160112,Loreto,Belen,1987,0.235801
200307,Piura,Sondor,1987,0.221037
220803,San Martin,Elias Soplin Vargas,1987,0.277403
010506,Amazonas,Inguilpata,1987,0.275782
220506,San Martin,Pinto Recodo,1987,0.100762
120303,Junin,Pichanaqui,1987,0.231595
010202,Amazonas,Aramango,1987,0.169175
010606,Amazonas,Longar,1987,0.250835
160101,Loreto,Iquitos,1987,0.236843
010507,Amazonas,Longuita,1987,0.353769
221001,San Martin,Tocache,1987,0.314336
010511,Amazonas,Maria,1987,0.187672
080901,Cusco,Santa Ana,1987,0.273696
120302,Junin,Perene,1987,0.33248
050409,Ayacucho,Canayre,1987,0.115802
221002,San Martin,Nuevo Progreso,1987,0.294458
200303,Piura,El Carmen De La Frontera,1987,0.18267
100609,Huanuco,Pueblo Nuevo,1987,0.35729
080903,Cusco,Huayopata,1987,0.18663
010604,Amazonas,Huambo,1987,0.718116
100505,Huanuco,Jircan,1987,0.03733
010512,Amazonas,Ocalli,1987,0.216336
010101,Amazonas,Chachapoyas,1987,0.212158
060903,Cajamarca,Huarango,1987,0.287281
010116,Amazonas,Olleros,1987,0.067702
010605,Amazonas,Limabamba,1987,0.088638
100804,Huanuco,Umari,1987,0.332496
220504,San Martin,Caynarachi,1987,0.124693
080905,Cusco,Ocobamba,1987,0.17335
010517,Amazonas,San Francisco Del Yeso,1987,0.338446
120609,Junin,Vizcatán Del Ene,1987,0.057879
060807,Cajamarca,Pomahuaca,1987,0.187429
010304,Amazonas,Corosha,1987,0.1024
221005,San Martin,Uchiza,1987,0.402722
220807,San Martin,San Fernando,1987,0.666821
050512,Ayacucho,Union Progreso,1987,0.721646
060804,Cajamarca,Colasay,1987,0.420197
160503,Loreto,Capelo,1987,0.104458
220910,San Martin,Morales,1987,0.735189
120604,Junin,Mazamari,1987,0.127585
120603,Junin,Llaylla,1987,0.210891
010520,Amazonas,Santa Catalina,1987,0.155157
010603,Amazonas,Cochamal,1987,0.081199
120209,Junin,Mariscal Castilla,1987,0.172583
010601,Amazonas,San Nicolas,1987,0.178383
010519,Amazonas,San Juan De Lopecancha,1987,0.3811
160211,Loreto,Teniente Cesar Lopez Rojas,1987,0.120069
080408,Cusco,Yanatile,1987,0.151902
050408,Ayacucho,Llochegua,1987,0.153516
100507,Huanuco,Monzon,1987,0.140874
081304,Cusco,Machupicchu,1987,0.132008
220909,San Martin,La Banda De Shilcayo,1987,0.216265
220103,San Martin,Habana,1987,0.788092
100606,Huanuco,Mariano Damaso Beraun,1987,0.146485
010508,Amazonas,Lonya Chico,1987,0.217676
170102,Madre De Dios,Inambari,1987,0.016175
050502,Ayacucho,Anco,1987,0.145592
010523,Amazonas,Trita,1987,0.474206
010516,Amazonas,San Cristobal,1987,0.415878
080918,Cusco,Union Ashaninka,1987,0.062126
221006,San Martin,Santa Lucia,1987,0.710336
100702,Huanuco,Cholon,1987,0.134576
211205,Puno,Phara,1987,0.01899
170204,Madre De Dios,Huepetuhe,1987,0.018987
010302,Amazonas,Chisquilla,1987,0.039614
050507,Ayacucho,Santa Rosa,1987,0.26274
220804,San Martin,Nueva Cajamarca,1987,0.29821
220809,San Martin,Yuracyacu,1987,0.679804
160603,Loreto,Padre Marquez,1987,0.032265
010522,Amazonas,Tingo,1987,0.289555
080906,Cusco,Quellouno,1987,0.138762
010301,Amazonas,Jumbilla,1987,0.194773
080917,Cusco,Manitea,1987,0.104121
250305,Ucayali,Alexander Von Humboldt,1988,0.242149
220509,San Martin,Shanao,1988,0.442563
250304,Ucayali,Neshuya,1988,0.156828
220501,San Martin,Lamas,1988,0.560638
220902,San Martin,Alberto Leveau,1988,0.372744
250102,Ucayali,Campoverde,1988,0.362127
220702,San Martin,Buenos Aires,1988,0.479321
220502,San Martin,Alonso De Alvarado,1988,0.272933
220404,San Martin,Piscoyacu,1988,0.343205
220708,San Martin,Shamboyacu,1988,0.09618
220204,San Martin,Huallaga,1988,0.157095
220605,San Martin,Pajarillo,1988,0.387676
010703,Amazonas,Cumba,1988,0.413646
220704,San Martin,Pilluana,1988,0.454413
220104,San Martin,Jepelacio,1988,0.348913
220505,San Martin,Cuñumbuqui,1988,0.542312
220507,San Martin,Rumisapa,1988,0.718023
220913,San Martin,Sauce,1988,0.324278
010608,Amazonas,Milpuc,1988,0.475457
220405,San Martin,Sacanche,1988,0.495533
220709,San Martin,Tingo De Ponasa,1988,0.336604
220304,San Martin,Santa Rosa,1988,0.484533
100903,Huanuco,Honoria,1988,0.138345
220203,San Martin,Bajo Biavo,1988,0.165149
220710,San Martin,Tres Unidos,1988,0.141047
220510,San Martin,Tabalosos,1988,0.371855
100904,Huanuco,Tournavista,1988,0.075032
010701,Amazonas,Bagua Grande,1988,0.376704
220701,San Martin,Picota,1988,0.408516
220403,San Martin,El Eslabon,1988,0.559264
250105,Ucayali,Yarinacocha,1988,0.486658
220914,San Martin,Shapaja,1988,0.311039
010707,Amazonas,Yamon,1988,0.35795
010705,Amazonas,Jamalca,1988,0.368401
220205,San Martin,San Pablo,1988,0.574406
220705,San Martin,Pucacaca,1988,0.423777
220601,San Martin,Juanjui,1988,0.343082
100905,Huanuco,Yuyapichis,1988,0.055666
100608,Huanuco,Castillo Grande,1988,0.564186
220302,San Martin,Agua Blanca,1988,0.567673
250306,Ucayali,Huipoca,1988,0.107488
010611,Amazonas,Totora,1988,0.452684
010706,Amazonas,Lonya Grande,1988,0.310639
220706,San Martin,San Cristobal,1988,0.438361
010303,Amazonas,Churuja,1988,0.176883
220301,San Martin,San Jose De Sisa,1988,0.51595
010204,Amazonas,El Parco,1988,0.732863
010306,Amazonas,Florida,1988,0.229238
220303,San Martin,San Martin,1988,0.099144
220106,San Martin,Yantalo,1988,0.566298
220305,San Martin,Shatoja,1988,0.501998
010104,Amazonas,Cheto,1988,0.228231
160201,Loreto,Yurimaguas,1988,0.232798
060901,Cajamarca,San Ignacio,1988,0.53397
220511,San Martin,Zapatero,1988,0.753635
060811,Cajamarca,San Jose Del Alto,1988,0.356458
010206,Amazonas,La Peca,1988,0.633659
220401,San Martin,Saposoa,1988,0.23008
060902,Cajamarca,Chirinos,1988,0.466731
220908,San Martin,Juan Guerra,1988,0.594647
060904,Cajamarca,La Coipa,1988,0.447556
220808,San Martin,Yorongos,1988,0.421825
120607,Junin,Rio Negro,1988,0.370066
060812,Cajamarca,Santa Rosa,1988,0.636664
250106,Ucayali,Nueva Requena,1988,0.075219
220802,San Martin,Awajun,1988,0.123507
250302,Ucayali,Irazola,1988,0.062575
010109,Amazonas,La Jalca,1988,0.259875
220906,San Martin,El Porvenir,1988,0.12286
220707,San Martin,San Hilarion,1988,0.453047
220806,San Martin,Posic,1988,0.465469
220406,San Martin,Tingo De Saposoa,1988,0.591625
100901,Huanuco,Puerto Inca,1988,0.069773
010105,Amazonas,Chiliquin,1988,0.155615
220105,San Martin,Soritor,1988,0.152073
220201,San Martin,Bellavista,1988,0.652213
060803,Cajamarca,Chontali,1988,0.287593
100605,Huanuco,Luyando,1988,0.629556
010307,Amazonas,Jazan,1988,0.393533
010502,Amazonas,Camporredondo,1988,0.315305
010515,Amazonas,Providencia,1988,0.216246
010102,Amazonas,Asuncion,1988,0.395698
010510,Amazonas,Luya Viejo,1988,0.155349
100601,Huanuco,Rupa-Rupa,1988,0.405968
010514,Amazonas,Pisuquia,1988,0.152065
060810,Cajamarca,San Felipe,1988,0.094585
010305,Amazonas,Cuispes,1988,0.246521
060905,Cajamarca,Namballe,1988,0.238832
010119,Amazonas,San Isidro De Maino,1988,0.091807
060801,Cajamarca,Jaen,1988,0.412973
010513,Amazonas,Ocumal,1988,0.251517
220912,San Martin,San Antonio,1988,0.312577
220903,San Martin,Cacatachi,1988,0.79977
120602,Junin,Coviriali,1988,0.413225
120304,Junin,San Luis De Shuaro,1988,0.362771
120601,Junin,Satipo,1988,0.218952
010203,Amazonas,Copallin,1988,0.484671
010112,Amazonas,Magdalena,1988,0.113748
220102,San Martin,Calzada,1988,0.656271
060805,Cajamarca,Huabal,1988,0.766628
010610,Amazonas,Santa Rosa,1988,0.556386
220503,San Martin,Barranquita,1988,0.173894
220801,San Martin,Rioja,1988,0.510783
220703,San Martin,Caspisapa,1988,0.379307
080904,Cusco,Maranura,1988,0.233346
010117,Amazonas,Quinjalca,1988,0.435989
250303,Ucayali,Curimana,1988,0.025631
010308,Amazonas,Recta,1988,0.566453
010115,Amazonas,Montevideo,1988,0.167512
010114,Amazonas,Molinopampa,1988,0.155605
010503,Amazonas,Cocabamba,1988,0.115479
060809,Cajamarca,Sallique,1988,0.125312
010120,Amazonas,Soloco,1988,0.221431
010521,Amazonas,Santo Tomas,1988,0.372205
100113,Huanuco,San Pablo De Pillao,1988,0.101457
010602,Amazonas,Chirimoto,1988,0.187164
100603,Huanuco,Hermilio Valdizan,1988,0.162057
010111,Amazonas,Levanto,1988,0.212786
010518,Amazonas,San Jeronimo,1988,0.318271
010609,Amazonas,Omia,1988,0.134879
100902,Huanuco,Codo Del Pozuzo,1988,0.058838
010113,Amazonas,Mariscal Castilla,1988,0.307423
220101,San Martin,Moyobamba,1988,0.119359
010310,Amazonas,Shipasbamba,1988,0.195622
100103,Huanuco,Chinchao,1988,0.136454
010311,Amazonas,Valera,1988,0.179564
060907,Cajamarca,Tabaconas,1988,0.198523
160112,Loreto,Belen,1988,0.245936
200307,Piura,Sondor,1988,0.222078
220803,San Martin,Elias Soplin Vargas,1988,0.2831
010506,Amazonas,Inguilpata,1988,0.286412
220506,San Martin,Pinto Recodo,1988,0.125239
120303,Junin,Pichanaqui,1988,0.231233
010202,Amazonas,Aramango,1988,0.149259
010606,Amazonas,Longar,1988,0.269518
160101,Loreto,Iquitos,1988,0.247671
010507,Amazonas,Longuita,1988,0.360313
221001,San Martin,Tocache,1988,0.327473
010511,Amazonas,Maria,1988,0.179443
080901,Cusco,Santa Ana,1988,0.308553
120302,Junin,Perene,1988,0.319665
050409,Ayacucho,Canayre,1988,0.118344
221002,San Martin,Nuevo Progreso,1988,0.302405
200303,Piura,El Carmen De La Frontera,1988,0.183139
100609,Huanuco,Pueblo Nuevo,1988,0.360811
080903,Cusco,Huayopata,1988,0.186384
010604,Amazonas,Huambo,1988,0.757553
100505,Huanuco,Jircan,1988,0.033976
010512,Amazonas,Ocalli,1988,0.221327
010101,Amazonas,Chachapoyas,1988,0.238651
060903,Cajamarca,Huarango,1988,0.287469
010116,Amazonas,Olleros,1988,0.072317
010605,Amazonas,Limabamba,1988,0.099217
100804,Huanuco,Umari,1988,0.301629
220504,San Martin,Caynarachi,1988,0.130054
080905,Cusco,Ocobamba,1988,0.183286
010517,Amazonas,San Francisco Del Yeso,1988,0.3465
120609,Junin,Vizcatán Del Ene,1988,0.060417
060807,Cajamarca,Pomahuaca,1988,0.186457
010304,Amazonas,Corosha,1988,0.110244
221005,San Martin,Uchiza,1988,0.406177
220807,San Martin,San Fernando,1988,0.643399
050512,Ayacucho,Union Progreso,1988,0.719015
060804,Cajamarca,Colasay,1988,0.4275
160503,Loreto,Capelo,1988,0.120561
220910,San Martin,Morales,1988,0.777712
120604,Junin,Mazamari,1988,0.127064
120603,Junin,Llaylla,1988,0.21151
010520,Amazonas,Santa Catalina,1988,0.161983
010603,Amazonas,Cochamal,1988,0.090206
120209,Junin,Mariscal Castilla,1988,0.18244
010601,Amazonas,San Nicolas,1988,0.207623
010519,Amazonas,San Juan De Lopecancha,1988,0.395258
160211,Loreto,Teniente Cesar Lopez Rojas,1988,0.13381
080408,Cusco,Yanatile,1988,0.160331
050408,Ayacucho,Llochegua,1988,0.155028
100507,Huanuco,Monzon,1988,0.140468
081304,Cusco,Machupicchu,1988,0.113774
220909,San Martin,La Banda De Shilcayo,1988,0.240154
220103,San Martin,Habana,1988,0.838782
100606,Huanuco,Mariano Damaso Beraun,1988,0.14108
010508,Amazonas,Lonya Chico,1988,0.220438
170102,Madre De Dios,Inambari,1988,0.016755
050502,Ayacucho,Anco,1988,0.144986
010523,Amazonas,Trita,1988,0.544813
010516,Amazonas,San Cristobal,1988,0.425612
080918,Cusco,Union Ashaninka,1988,0.063557
221006,San Martin,Santa Lucia,1988,0.712532
100702,Huanuco,Cholon,1988,0.138593
211205,Puno,Phara,1988,0.02632
170204,Madre De Dios,Huepetuhe,1988,0.018917
010302,Amazonas,Chisquilla,1988,0.041631
050507,Ayacucho,Santa Rosa,1988,0.251644
220804,San Martin,Nueva Cajamarca,1988,0.301077
220809,San Martin,Yuracyacu,1988,0.678629
160603,Loreto,Padre Marquez,1988,0.035515
010522,Amazonas,Tingo,1988,0.29969
080906,Cusco,Quellouno,1988,0.144363
010301,Amazonas,Jumbilla,1988,0.199119
080917,Cusco,Manitea,1988,0.105345
250305,Ucayali,Alexander Von Humboldt,1989,0.256058
220509,San Martin,Shanao,1989,0.442271
250304,Ucayali,Neshuya,1989,0.168294
220501,San Martin,Lamas,1989,0.541484
220902,San Martin,Alberto Leveau,1989,0.365316
250102,Ucayali,Campoverde,1989,0.371657
220702,San Martin,Buenos Aires,1989,0.496919
220502,San Martin,Alonso De Alvarado,1989,0.274325
220404,San Martin,Piscoyacu,1989,0.351308
220708,San Martin,Shamboyacu,1989,0.098414
220204,San Martin,Huallaga,1989,0.163638
220605,San Martin,Pajarillo,1989,0.398195
010703,Amazonas,Cumba,1989,0.411624
220704,San Martin,Pilluana,1989,0.441791
220104,San Martin,Jepelacio,1989,0.345374
220505,San Martin,Cuñumbuqui,1989,0.551815
220507,San Martin,Rumisapa,1989,0.708429
220913,San Martin,Sauce,1989,0.33252
010608,Amazonas,Milpuc,1989,0.490267
220405,San Martin,Sacanche,1989,0.520024
220709,San Martin,Tingo De Ponasa,1989,0.351147
220304,San Martin,Santa Rosa,1989,0.488093
100903,Huanuco,Honoria,1989,0.144192
220203,San Martin,Bajo Biavo,1989,0.180093
220710,San Martin,Tres Unidos,1989,0.150454
220510,San Martin,Tabalosos,1989,0.369916
100904,Huanuco,Tournavista,1989,0.078049
010701,Amazonas,Bagua Grande,1989,0.371402
220701,San Martin,Picota,1989,0.434329
220403,San Martin,El Eslabon,1989,0.559912
250105,Ucayali,Yarinacocha,1989,0.493114
220914,San Martin,Shapaja,1989,0.31099
010707,Amazonas,Yamon,1989,0.369788
010705,Amazonas,Jamalca,1989,0.35752
220205,San Martin,San Pablo,1989,0.584658
220705,San Martin,Pucacaca,1989,0.443493
220601,San Martin,Juanjui,1989,0.356509
100905,Huanuco,Yuyapichis,1989,0.062841
100608,Huanuco,Castillo Grande,1989,0.560988
220302,San Martin,Agua Blanca,1989,0.570697
250306,Ucayali,Huipoca,1989,0.112545
010611,Amazonas,Totora,1989,0.459998
010706,Amazonas,Lonya Grande,1989,0.306747
220706,San Martin,San Cristobal,1989,0.471239
010303,Amazonas,Churuja,1989,0.165311
220301,San Martin,San Jose De Sisa,1989,0.51369
010204,Amazonas,El Parco,1989,0.706081
010306,Amazonas,Florida,1989,0.233008
220303,San Martin,San Martin,1989,0.098502
220106,San Martin,Yantalo,1989,0.560779
220305,San Martin,Shatoja,1989,0.505393
010104,Amazonas,Cheto,1989,0.233441
160201,Loreto,Yurimaguas,1989,0.231195
060901,Cajamarca,San Ignacio,1989,0.54705
220511,San Martin,Zapatero,1989,0.751873
060811,Cajamarca,San Jose Del Alto,1989,0.369484
010206,Amazonas,La Peca,1989,0.623164
220401,San Martin,Saposoa,1989,0.229997
060902,Cajamarca,Chirinos,1989,0.463846
220908,San Martin,Juan Guerra,1989,0.60231
060904,Cajamarca,La Coipa,1989,0.485818
220808,San Martin,Yorongos,1989,0.404275
120607,Junin,Rio Negro,1989,0.35992
060812,Cajamarca,Santa Rosa,1989,0.633541
250106,Ucayali,Nueva Requena,1989,0.080196
220802,San Martin,Awajun,1989,0.12609
250302,Ucayali,Irazola,1989,0.064053
010109,Amazonas,La Jalca,1989,0.26441
220906,San Martin,El Porvenir,1989,0.12625
220707,San Martin,San Hilarion,1989,0.481914
220806,San Martin,Posic,1989,0.467888
220406,San Martin,Tingo De Saposoa,1989,0.622157
100901,Huanuco,Puerto Inca,1989,0.074842
010105,Amazonas,Chiliquin,1989,0.157443
220105,San Martin,Soritor,1989,0.148467
220201,San Martin,Bellavista,1989,0.672472
060803,Cajamarca,Chontali,1989,0.324728
100605,Huanuco,Luyando,1989,0.641024
010307,Amazonas,Jazan,1989,0.400484
010502,Amazonas,Camporredondo,1989,0.315009
010515,Amazonas,Providencia,1989,0.20865
010102,Amazonas,Asuncion,1989,0.411951
010510,Amazonas,Luya Viejo,1989,0.164894
100601,Huanuco,Rupa-Rupa,1989,0.412502
010514,Amazonas,Pisuquia,1989,0.159437
060810,Cajamarca,San Felipe,1989,0.102838
010305,Amazonas,Cuispes,1989,0.252626
060905,Cajamarca,Namballe,1989,0.260714
010119,Amazonas,San Isidro De Maino,1989,0.089007
060801,Cajamarca,Jaen,1989,0.417949
010513,Amazonas,Ocumal,1989,0.260173
220912,San Martin,San Antonio,1989,0.313961
220903,San Martin,Cacatachi,1989,0.792656
120602,Junin,Coviriali,1989,0.403305
120304,Junin,San Luis De Shuaro,1989,0.361187
120601,Junin,Satipo,1989,0.214019
010203,Amazonas,Copallin,1989,0.479392
010112,Amazonas,Magdalena,1989,0.105319
220102,San Martin,Calzada,1989,0.656624
060805,Cajamarca,Huabal,1989,0.747042
010610,Amazonas,Santa Rosa,1989,0.551112
220503,San Martin,Barranquita,1989,0.178041
220801,San Martin,Rioja,1989,0.512115
220703,San Martin,Caspisapa,1989,0.400978
080904,Cusco,Maranura,1989,0.246625
010117,Amazonas,Quinjalca,1989,0.435148
250303,Ucayali,Curimana,1989,0.026797
010308,Amazonas,Recta,1989,0.573971
010115,Amazonas,Montevideo,1989,0.175031
010114,Amazonas,Molinopampa,1989,0.152851
010503,Amazonas,Cocabamba,1989,0.12121
060809,Cajamarca,Sallique,1989,0.121969
010120,Amazonas,Soloco,1989,0.225605
010521,Amazonas,Santo Tomas,1989,0.383088
100113,Huanuco,San Pablo De Pillao,1989,0.105077
010602,Amazonas,Chirimoto,1989,0.199955
100603,Huanuco,Hermilio Valdizan,1989,0.161526
010111,Amazonas,Levanto,1989,0.21199
010518,Amazonas,San Jeronimo,1989,0.325156
010609,Amazonas,Omia,1989,0.141684
100902,Huanuco,Codo Del Pozuzo,1989,0.062244
010113,Amazonas,Mariscal Castilla,1989,0.317586
220101,San Martin,Moyobamba,1989,0.120397
010310,Amazonas,Shipasbamba,1989,0.197069
100103,Huanuco,Chinchao,1989,0.140537
010311,Amazonas,Valera,1989,0.179302
060907,Cajamarca,Tabaconas,1989,0.214793
160112,Loreto,Belen,1989,0.250628
200307,Piura,Sondor,1989,0.209586
220803,San Martin,Elias Soplin Vargas,1989,0.27442
010506,Amazonas,Inguilpata,1989,0.290418
220506,San Martin,Pinto Recodo,1989,0.120256
120303,Junin,Pichanaqui,1989,0.229846
010202,Amazonas,Aramango,1989,0.146152
010606,Amazonas,Longar,1989,0.261377
160101,Loreto,Iquitos,1989,0.253143
010507,Amazonas,Longuita,1989,0.367857
221001,San Martin,Tocache,1989,0.343951
010511,Amazonas,Maria,1989,0.184469
080901,Cusco,Santa Ana,1989,0.322843
120302,Junin,Perene,1989,0.318588
050409,Ayacucho,Canayre,1989,0.120026
221002,San Martin,Nuevo Progreso,1989,0.309479
200303,Piura,El Carmen De La Frontera,1989,0.178215
100609,Huanuco,Pueblo Nuevo,1989,0.363968
080903,Cusco,Huayopata,1989,0.186193
010604,Amazonas,Huambo,1989,0.749757
100505,Huanuco,Jircan,1989,0.035126
010512,Amazonas,Ocalli,1989,0.219925
010101,Amazonas,Chachapoyas,1989,0.240926
060903,Cajamarca,Huarango,1989,0.282168
010116,Amazonas,Olleros,1989,0.077448
010605,Amazonas,Limabamba,1989,0.103454
100804,Huanuco,Umari,1989,0.302128
220504,San Martin,Caynarachi,1989,0.129185
080905,Cusco,Ocobamba,1989,0.19317
010517,Amazonas,San Francisco Del Yeso,1989,0.349804
120609,Junin,Vizcatán Del Ene,1989,0.063025
060807,Cajamarca,Pomahuaca,1989,0.207726
010304,Amazonas,Corosha,1989,0.113556
221005,San Martin,Uchiza,1989,0.41243
220807,San Martin,San Fernando,1989,0.564496
050512,Ayacucho,Union Progreso,1989,0.716452
060804,Cajamarca,Colasay,1989,0.449252
160503,Loreto,Capelo,1989,0.131281
220910,San Martin,Morales,1989,0.779219
120604,Junin,Mazamari,1989,0.12481
120603,Junin,Llaylla,1989,0.206571
010520,Amazonas,Santa Catalina,1989,0.166416
010603,Amazonas,Cochamal,1989,0.093781
120209,Junin,Mariscal Castilla,1989,0.184308
010601,Amazonas,San Nicolas,1989,0.212825
010519,Amazonas,San Juan De Lopecancha,1989,0.393322
160211,Loreto,Teniente Cesar Lopez Rojas,1989,0.135331
080408,Cusco,Yanatile,1989,0.16585
050408,Ayacucho,Llochegua,1989,0.157786
100507,Huanuco,Monzon,1989,0.146598
081304,Cusco,Machupicchu,1989,0.112178
220909,San Martin,La Banda De Shilcayo,1989,0.240271
220103,San Martin,Habana,1989,0.81365
100606,Huanuco,Mariano Damaso Beraun,1989,0.141404
010508,Amazonas,Lonya Chico,1989,0.220682
170102,Madre De Dios,Inambari,1989,0.017746
050502,Ayacucho,Anco,1989,0.136369
010523,Amazonas,Trita,1989,0.551746
010516,Amazonas,San Cristobal,1989,0.420307
080918,Cusco,Union Ashaninka,1989,0.063958
221006,San Martin,Santa Lucia,1989,0.715738
100702,Huanuco,Cholon,1989,0.138194
211205,Puno,Phara,1989,0.026998
170204,Madre De Dios,Huepetuhe,1989,0.022334
010302,Amazonas,Chisquilla,1989,0.03897
050507,Ayacucho,Santa Rosa,1989,0.249382
220804,San Martin,Nueva Cajamarca,1989,0.293684
220809,San Martin,Yuracyacu,1989,0.612775
160603,Loreto,Padre Marquez,1989,0.037393
010522,Amazonas,Tingo,1989,0.294822
080906,Cusco,Quellouno,1989,0.151141
010301,Amazonas,Jumbilla,1989,0.200021
080917,Cusco,Manitea,1989,0.107192
250305,Ucayali,Alexander Von Humboldt,1990,0.273221
220509,San Martin,Shanao,1990,0.49449
250304,Ucayali,Neshuya,1990,0.181002
220501,San Martin,Lamas,1990,0.556979
220902,San Martin,Alberto Leveau,1990,0.338263
250102,Ucayali,Campoverde,1990,0.384476
220702,San Martin,Buenos Aires,1990,0.499803
220502,San Martin,Alonso De Alvarado,1990,0.288512
220404,San Martin,Piscoyacu,1990,0.361674
220708,San Martin,Shamboyacu,1990,0.09138
220204,San Martin,Huallaga,1990,0.171957
220605,San Martin,Pajarillo,1990,0.41048
010703,Amazonas,Cumba,1990,0.432392
220704,San Martin,Pilluana,1990,0.436207
220104,San Martin,Jepelacio,1990,0.365376
220505,San Martin,Cuñumbuqui,1990,0.554152
220507,San Martin,Rumisapa,1990,0.726495
220913,San Martin,Sauce,1990,0.32212
010608,Amazonas,Milpuc,1990,0.507643
220405,San Martin,Sacanche,1990,0.521494
220709,San Martin,Tingo De Ponasa,1990,0.355776
220304,San Martin,Santa Rosa,1990,0.487405
100903,Huanuco,Honoria,1990,0.148513
220203,San Martin,Bajo Biavo,1990,0.189064
220710,San Martin,Tres Unidos,1990,0.147771
220510,San Martin,Tabalosos,1990,0.378744
100904,Huanuco,Tournavista,1990,0.080221
010701,Amazonas,Bagua Grande,1990,0.395605
220701,San Martin,Picota,1990,0.439622
220403,San Martin,El Eslabon,1990,0.558438
250105,Ucayali,Yarinacocha,1990,0.504745
220914,San Martin,Shapaja,1990,0.308592
010707,Amazonas,Yamon,1990,0.387068
010705,Amazonas,Jamalca,1990,0.350383
220205,San Martin,San Pablo,1990,0.585914
220705,San Martin,Pucacaca,1990,0.448025
220601,San Martin,Juanjui,1990,0.359957
100905,Huanuco,Yuyapichis,1990,0.066787
100608,Huanuco,Castillo Grande,1990,0.540209
220302,San Martin,Agua Blanca,1990,0.572675
250306,Ucayali,Huipoca,1990,0.114426
010611,Amazonas,Totora,1990,0.453324
010706,Amazonas,Lonya Grande,1990,0.307362
220706,San Martin,San Cristobal,1990,0.462444
010303,Amazonas,Churuja,1990,0.158994
220301,San Martin,San Jose De Sisa,1990,0.514847
010204,Amazonas,El Parco,1990,0.701528
010306,Amazonas,Florida,1990,0.238297
220303,San Martin,San Martin,1990,0.102433
220106,San Martin,Yantalo,1990,0.582587
220305,San Martin,Shatoja,1990,0.507756
010104,Amazonas,Cheto,1990,0.242407
160201,Loreto,Yurimaguas,1990,0.240476
060901,Cajamarca,San Ignacio,1990,0.550708
220511,San Martin,Zapatero,1990,0.751425
060811,Cajamarca,San Jose Del Alto,1990,0.372174
010206,Amazonas,La Peca,1990,0.617195
220401,San Martin,Saposoa,1990,0.236358
060902,Cajamarca,Chirinos,1990,0.458927
220908,San Martin,Juan Guerra,1990,0.610698
060904,Cajamarca,La Coipa,1990,0.47943
220808,San Martin,Yorongos,1990,0.41566
120607,Junin,Rio Negro,1990,0.351831
060812,Cajamarca,Santa Rosa,1990,0.630012
250106,Ucayali,Nueva Requena,1990,0.083285
220802,San Martin,Awajun,1990,0.138918
250302,Ucayali,Irazola,1990,0.06436
010109,Amazonas,La Jalca,1990,0.270894
220906,San Martin,El Porvenir,1990,0.128521
220707,San Martin,San Hilarion,1990,0.482844
220806,San Martin,Posic,1990,0.48783
220406,San Martin,Tingo De Saposoa,1990,0.619
100901,Huanuco,Puerto Inca,1990,0.077478
010105,Amazonas,Chiliquin,1990,0.148525
220105,San Martin,Soritor,1990,0.154017
220201,San Martin,Bellavista,1990,0.678542
060803,Cajamarca,Chontali,1990,0.323693
100605,Huanuco,Luyando,1990,0.63883
010307,Amazonas,Jazan,1990,0.385102
010502,Amazonas,Camporredondo,1990,0.321869
010515,Amazonas,Providencia,1990,0.21162
010102,Amazonas,Asuncion,1990,0.410752
010510,Amazonas,Luya Viejo,1990,0.168557
100601,Huanuco,Rupa-Rupa,1990,0.397186
010514,Amazonas,Pisuquia,1990,0.176011
060810,Cajamarca,San Felipe,1990,0.101487
010305,Amazonas,Cuispes,1990,0.246336
060905,Cajamarca,Namballe,1990,0.264444
010119,Amazonas,San Isidro De Maino,1990,0.088628
060801,Cajamarca,Jaen,1990,0.419401
010513,Amazonas,Ocumal,1990,0.275203
220912,San Martin,San Antonio,1990,0.31639
220903,San Martin,Cacatachi,1990,0.768317
120602,Junin,Coviriali,1990,0.395254
120304,Junin,San Luis De Shuaro,1990,0.354223
120601,Junin,Satipo,1990,0.208665
010203,Amazonas,Copallin,1990,0.478781
010112,Amazonas,Magdalena,1990,0.106823
220102,San Martin,Calzada,1990,0.685317
060805,Cajamarca,Huabal,1990,0.744702
010610,Amazonas,Santa Rosa,1990,0.543773
220503,San Martin,Barranquita,1990,0.187817
220801,San Martin,Rioja,1990,0.521103
220703,San Martin,Caspisapa,1990,0.404843
080904,Cusco,Maranura,1990,0.249162
010117,Amazonas,Quinjalca,1990,0.43408
250303,Ucayali,Curimana,1990,0.026463
010308,Amazonas,Recta,1990,0.579997
010115,Amazonas,Montevideo,1990,0.175046
010114,Amazonas,Molinopampa,1990,0.154832
010503,Amazonas,Cocabamba,1990,0.123512
060809,Cajamarca,Sallique,1990,0.122001
010120,Amazonas,Soloco,1990,0.227888
010521,Amazonas,Santo Tomas,1990,0.372205
100113,Huanuco,San Pablo De Pillao,1990,0.103277
010602,Amazonas,Chirimoto,1990,0.207044
100603,Huanuco,Hermilio Valdizan,1990,0.14863
010111,Amazonas,Levanto,1990,0.222303
010518,Amazonas,San Jeronimo,1990,0.327313
010609,Amazonas,Omia,1990,0.148362
100902,Huanuco,Codo Del Pozuzo,1990,0.063242
010113,Amazonas,Mariscal Castilla,1990,0.318577
220101,San Martin,Moyobamba,1990,0.130219
010310,Amazonas,Shipasbamba,1990,0.190846
100103,Huanuco,Chinchao,1990,0.13766
010311,Amazonas,Valera,1990,0.163845
060907,Cajamarca,Tabaconas,1990,0.214804
160112,Loreto,Belen,1990,0.255656
200307,Piura,Sondor,1990,0.209716
220803,San Martin,Elias Soplin Vargas,1990,0.277891
010506,Amazonas,Inguilpata,1990,0.30236
220506,San Martin,Pinto Recodo,1990,0.127496
120303,Junin,Pichanaqui,1990,0.226484
010202,Amazonas,Aramango,1990,0.142116
010606,Amazonas,Longar,1990,0.259701
160101,Loreto,Iquitos,1990,0.270202
010507,Amazonas,Longuita,1990,0.367691
221001,San Martin,Tocache,1990,0.344766
010511,Amazonas,Maria,1990,0.170343
080901,Cusco,Santa Ana,1990,0.327865
120302,Junin,Perene,1990,0.316803
050409,Ayacucho,Canayre,1990,0.119938
221002,San Martin,Nuevo Progreso,1990,0.310172
200303,Piura,El Carmen De La Frontera,1990,0.17849
100609,Huanuco,Pueblo Nuevo,1990,0.347974
080903,Cusco,Huayopata,1990,0.185864
010604,Amazonas,Huambo,1990,0.737897
100505,Huanuco,Jircan,1990,0.03432
010512,Amazonas,Ocalli,1990,0.227497
010101,Amazonas,Chachapoyas,1990,0.240119
060903,Cajamarca,Huarango,1990,0.280946
010116,Amazonas,Olleros,1990,0.081379
010605,Amazonas,Limabamba,1990,0.108136
100804,Huanuco,Umari,1990,0.29712
220504,San Martin,Caynarachi,1990,0.135867
080905,Cusco,Ocobamba,1990,0.193975
010517,Amazonas,San Francisco Del Yeso,1990,0.339536
120609,Junin,Vizcatán Del Ene,1990,0.061953
060807,Cajamarca,Pomahuaca,1990,0.205648
010304,Amazonas,Corosha,1990,0.114305
221005,San Martin,Uchiza,1990,0.409872
220807,San Martin,San Fernando,1990,0.546993
050512,Ayacucho,Union Progreso,1990,0.713308
060804,Cajamarca,Colasay,1990,0.445937
160503,Loreto,Capelo,1990,0.137162
220910,San Martin,Morales,1990,0.780604
120604,Junin,Mazamari,1990,0.121065
120603,Junin,Llaylla,1990,0.203604
010520,Amazonas,Santa Catalina,1990,0.172292
010603,Amazonas,Cochamal,1990,0.097931
120209,Junin,Mariscal Castilla,1990,0.183203
010601,Amazonas,San Nicolas,1990,0.216819
010519,Amazonas,San Juan De Lopecancha,1990,0.39569
160211,Loreto,Teniente Cesar Lopez Rojas,1990,0.139283
080408,Cusco,Yanatile,1990,0.168933
050408,Ayacucho,Llochegua,1990,0.157407
100507,Huanuco,Monzon,1990,0.14363
081304,Cusco,Machupicchu,1990,0.111505
220909,San Martin,La Banda De Shilcayo,1990,0.244009
220103,San Martin,Habana,1990,0.813831
100606,Huanuco,Mariano Damaso Beraun,1990,0.132847
010508,Amazonas,Lonya Chico,1990,0.232041
170102,Madre De Dios,Inambari,1990,0.019389
050502,Ayacucho,Anco,1990,0.138505
010523,Amazonas,Trita,1990,0.586795
010516,Amazonas,San Cristobal,1990,0.424811
080918,Cusco,Union Ashaninka,1990,0.063819
221006,San Martin,Santa Lucia,1990,0.705172
100702,Huanuco,Cholon,1990,0.137876
211205,Puno,Phara,1990,0.026755
170204,Madre De Dios,Huepetuhe,1990,0.02683
010302,Amazonas,Chisquilla,1990,0.035793
050507,Ayacucho,Santa Rosa,1990,0.249167
220804,San Martin,Nueva Cajamarca,1990,0.297741
220809,San Martin,Yuracyacu,1990,0.577763
160603,Loreto,Padre Marquez,1990,0.039011
010522,Amazonas,Tingo,1990,0.300897
080906,Cusco,Quellouno,1990,0.153053
010301,Amazonas,Jumbilla,1990,0.196102
080917,Cusco,Manitea,1990,0.107803
250305,Ucayali,Alexander Von Humboldt,1991,0.295589
220509,San Martin,Shanao,1991,0.542403
250304,Ucayali,Neshuya,1991,0.197463
220501,San Martin,Lamas,1991,0.573401
220902,San Martin,Alberto Leveau,1991,0.304965
250102,Ucayali,Campoverde,1991,0.400738
220702,San Martin,Buenos Aires,1991,0.498693
220502,San Martin,Alonso De Alvarado,1991,0.302866
220404,San Martin,Piscoyacu,1991,0.36513
220708,San Martin,Shamboyacu,1991,0.090955
220204,San Martin,Huallaga,1991,0.172656
220605,San Martin,Pajarillo,1991,0.408973
010703,Amazonas,Cumba,1991,0.419161
220704,San Martin,Pilluana,1991,0.422793
220104,San Martin,Jepelacio,1991,0.364566
220505,San Martin,Cuñumbuqui,1991,0.553616
220507,San Martin,Rumisapa,1991,0.722299
220913,San Martin,Sauce,1991,0.304164
010608,Amazonas,Milpuc,1991,0.525474
220405,San Martin,Sacanche,1991,0.517735
220709,San Martin,Tingo De Ponasa,1991,0.352023
220304,San Martin,Santa Rosa,1991,0.494193
100903,Huanuco,Honoria,1991,0.154329
220203,San Martin,Bajo Biavo,1991,0.193828
220710,San Martin,Tres Unidos,1991,0.142482
220510,San Martin,Tabalosos,1991,0.388904
100904,Huanuco,Tournavista,1991,0.083638
010701,Amazonas,Bagua Grande,1991,0.38491
220701,San Martin,Picota,1991,0.438233
220403,San Martin,El Eslabon,1991,0.546911
250105,Ucayali,Yarinacocha,1991,0.505515
220914,San Martin,Shapaja,1991,0.296906
010707,Amazonas,Yamon,1991,0.376275
010705,Amazonas,Jamalca,1991,0.34999
220205,San Martin,San Pablo,1991,0.593291
220705,San Martin,Pucacaca,1991,0.448126
220601,San Martin,Juanjui,1991,0.349026
100905,Huanuco,Yuyapichis,1991,0.069428
100608,Huanuco,Castillo Grande,1991,0.548424
220302,San Martin,Agua Blanca,1991,0.592573
250306,Ucayali,Huipoca,1991,0.125206
010611,Amazonas,Totora,1991,0.441346
010706,Amazonas,Lonya Grande,1991,0.302924
220706,San Martin,San Cristobal,1991,0.48151
010303,Amazonas,Churuja,1991,0.154969
220301,San Martin,San Jose De Sisa,1991,0.520709
010204,Amazonas,El Parco,1991,0.720133
010306,Amazonas,Florida,1991,0.246097
220303,San Martin,San Martin,1991,0.103974
220106,San Martin,Yantalo,1991,0.574615
220305,San Martin,Shatoja,1991,0.513829
010104,Amazonas,Cheto,1991,0.2473
160201,Loreto,Yurimaguas,1991,0.234945
060901,Cajamarca,San Ignacio,1991,0.530762
220511,San Martin,Zapatero,1991,0.754694
060811,Cajamarca,San Jose Del Alto,1991,0.370116
010206,Amazonas,La Peca,1991,0.590625
220401,San Martin,Saposoa,1991,0.233838
060902,Cajamarca,Chirinos,1991,0.479532
220908,San Martin,Juan Guerra,1991,0.612861
060904,Cajamarca,La Coipa,1991,0.444707
220808,San Martin,Yorongos,1991,0.403319
120607,Junin,Rio Negro,1991,0.345933
060812,Cajamarca,Santa Rosa,1991,0.632719
250106,Ucayali,Nueva Requena,1991,0.087159
220802,San Martin,Awajun,1991,0.145714
250302,Ucayali,Irazola,1991,0.063843
010109,Amazonas,La Jalca,1991,0.284551
220906,San Martin,El Porvenir,1991,0.13143
220707,San Martin,San Hilarion,1991,0.508382
220806,San Martin,Posic,1991,0.486748
220406,San Martin,Tingo De Saposoa,1991,0.600302
100901,Huanuco,Puerto Inca,1991,0.080543
010105,Amazonas,Chiliquin,1991,0.145775
220105,San Martin,Soritor,1991,0.155845
220201,San Martin,Bellavista,1991,0.687356
060803,Cajamarca,Chontali,1991,0.28226
100605,Huanuco,Luyando,1991,0.658092
010307,Amazonas,Jazan,1991,0.389634
010502,Amazonas,Camporredondo,1991,0.31824
010515,Amazonas,Providencia,1991,0.214964
010102,Amazonas,Asuncion,1991,0.412487
010510,Amazonas,Luya Viejo,1991,0.171131
100601,Huanuco,Rupa-Rupa,1991,0.396712
010514,Amazonas,Pisuquia,1991,0.179675
060810,Cajamarca,San Felipe,1991,0.101455
010305,Amazonas,Cuispes,1991,0.246668
060905,Cajamarca,Namballe,1991,0.254402
010119,Amazonas,San Isidro De Maino,1991,0.095801
060801,Cajamarca,Jaen,1991,0.402744
010513,Amazonas,Ocumal,1991,0.287557
220912,San Martin,San Antonio,1991,0.313507
220903,San Martin,Cacatachi,1991,0.779919
120602,Junin,Coviriali,1991,0.389925
120304,Junin,San Luis De Shuaro,1991,0.352781
120601,Junin,Satipo,1991,0.20284
010203,Amazonas,Copallin,1991,0.47387
010112,Amazonas,Magdalena,1991,0.113511
220102,San Martin,Calzada,1991,0.678656
060805,Cajamarca,Huabal,1991,0.733855
010610,Amazonas,Santa Rosa,1991,0.531599
220503,San Martin,Barranquita,1991,0.191005
220801,San Martin,Rioja,1991,0.512154
220703,San Martin,Caspisapa,1991,0.422778
080904,Cusco,Maranura,1991,0.251047
010117,Amazonas,Quinjalca,1991,0.426348
250303,Ucayali,Curimana,1991,0.026985
010308,Amazonas,Recta,1991,0.594049
010115,Amazonas,Montevideo,1991,0.178404
010114,Amazonas,Molinopampa,1991,0.157719
010503,Amazonas,Cocabamba,1991,0.122835
060809,Cajamarca,Sallique,1991,0.125023
010120,Amazonas,Soloco,1991,0.238045
010521,Amazonas,Santo Tomas,1991,0.378437
100113,Huanuco,San Pablo De Pillao,1991,0.112363
010602,Amazonas,Chirimoto,1991,0.216368
100603,Huanuco,Hermilio Valdizan,1991,0.151021
010111,Amazonas,Levanto,1991,0.220889
010518,Amazonas,San Jeronimo,1991,0.326551
010609,Amazonas,Omia,1991,0.153131
100902,Huanuco,Codo Del Pozuzo,1991,0.070102
010113,Amazonas,Mariscal Castilla,1991,0.323287
220101,San Martin,Moyobamba,1991,0.130929
010310,Amazonas,Shipasbamba,1991,0.19648
100103,Huanuco,Chinchao,1991,0.14358
010311,Amazonas,Valera,1991,0.154692
060907,Cajamarca,Tabaconas,1991,0.204849
160112,Loreto,Belen,1991,0.251956
200307,Piura,Sondor,1991,0.201957
220803,San Martin,Elias Soplin Vargas,1991,0.274021
010506,Amazonas,Inguilpata,1991,0.309509
220506,San Martin,Pinto Recodo,1991,0.13194
120303,Junin,Pichanaqui,1991,0.226006
010202,Amazonas,Aramango,1991,0.135338
010606,Amazonas,Longar,1991,0.245656
160101,Loreto,Iquitos,1991,0.277617
010507,Amazonas,Longuita,1991,0.363328
221001,San Martin,Tocache,1991,0.350099
010511,Amazonas,Maria,1991,0.168732
080901,Cusco,Santa Ana,1991,0.328872
120302,Junin,Perene,1991,0.317474
050409,Ayacucho,Canayre,1991,0.120217
221002,San Martin,Nuevo Progreso,1991,0.320292
200303,Piura,El Carmen De La Frontera,1991,0.173505
100609,Huanuco,Pueblo Nuevo,1991,0.348953
080903,Cusco,Huayopata,1991,0.189726
010604,Amazonas,Huambo,1991,0.728178
100505,Huanuco,Jircan,1991,0.045251
010512,Amazonas,Ocalli,1991,0.228412
010101,Amazonas,Chachapoyas,1991,0.234047
060903,Cajamarca,Huarango,1991,0.284499
010116,Amazonas,Olleros,1991,0.079647
010605,Amazonas,Limabamba,1991,0.11334
100804,Huanuco,Umari,1991,0.297809
220504,San Martin,Caynarachi,1991,0.135098
080905,Cusco,Ocobamba,1991,0.194672
010517,Amazonas,San Francisco Del Yeso,1991,0.342209
120609,Junin,Vizcatán Del Ene,1991,0.062891
060807,Cajamarca,Pomahuaca,1991,0.202622
010304,Amazonas,Corosha,1991,0.107653
221005,San Martin,Uchiza,1991,0.411067
220807,San Martin,San Fernando,1991,0.54689
050512,Ayacucho,Union Progreso,1991,0.715471
060804,Cajamarca,Colasay,1991,0.433783
160503,Loreto,Capelo,1991,0.142208
220910,San Martin,Morales,1991,0.767528
120604,Junin,Mazamari,1991,0.113112
120603,Junin,Llaylla,1991,0.201469
010520,Amazonas,Santa Catalina,1991,0.175613
010603,Amazonas,Cochamal,1991,0.097233
120209,Junin,Mariscal Castilla,1991,0.184526
010601,Amazonas,San Nicolas,1991,0.207336
010519,Amazonas,San Juan De Lopecancha,1991,0.402352
160211,Loreto,Teniente Cesar Lopez Rojas,1991,0.141501
080408,Cusco,Yanatile,1991,0.173376
050408,Ayacucho,Llochegua,1991,0.160136
100507,Huanuco,Monzon,1991,0.145984
081304,Cusco,Machupicchu,1991,0.109149
220909,San Martin,La Banda De Shilcayo,1991,0.242983
220103,San Martin,Habana,1991,0.805691
100606,Huanuco,Mariano Damaso Beraun,1991,0.135657
010508,Amazonas,Lonya Chico,1991,0.237093
170102,Madre De Dios,Inambari,1991,0.021903
050502,Ayacucho,Anco,1991,0.14652
010523,Amazonas,Trita,1991,0.606005
010516,Amazonas,San Cristobal,1991,0.401641
080918,Cusco,Union Ashaninka,1991,0.063719
221006,San Martin,Santa Lucia,1991,0.719863
100702,Huanuco,Cholon,1991,0.140408
211205,Puno,Phara,1991,0.02746
170204,Madre De Dios,Huepetuhe,1991,0.032224
010302,Amazonas,Chisquilla,1991,0.035568
050507,Ayacucho,Santa Rosa,1991,0.248313
220804,San Martin,Nueva Cajamarca,1991,0.30109
220809,San Martin,Yuracyacu,1991,0.594244
160603,Loreto,Padre Marquez,1991,0.040911
010522,Amazonas,Tingo,1991,0.296062
080906,Cusco,Quellouno,1991,0.154966
010301,Amazonas,Jumbilla,1991,0.19964
080917,Cusco,Manitea,1991,0.110256
250305,Ucayali,Alexander Von Humboldt,1992,0.32481
220509,San Martin,Shanao,1992,0.560867
250304,Ucayali,Neshuya,1992,0.207635
220501,San Martin,Lamas,1992,0.563377
220902,San Martin,Alberto Leveau,1992,0.299835
250102,Ucayali,Campoverde,1992,0.416805
220702,San Martin,Buenos Aires,1992,0.497669
220502,San Martin,Alonso De Alvarado,1992,0.310147
220404,San Martin,Piscoyacu,1992,0.361763
220708,San Martin,Shamboyacu,1992,0.097372
220204,San Martin,Huallaga,1992,0.165009
220605,San Martin,Pajarillo,1992,0.404038
010703,Amazonas,Cumba,1992,0.422176
220704,San Martin,Pilluana,1992,0.420442
220104,San Martin,Jepelacio,1992,0.370654
220505,San Martin,Cuñumbuqui,1992,0.566778
220507,San Martin,Rumisapa,1992,0.734834
220913,San Martin,Sauce,1992,0.301126
010608,Amazonas,Milpuc,1992,0.527253
220405,San Martin,Sacanche,1992,0.513302
220709,San Martin,Tingo De Ponasa,1992,0.357184
220304,San Martin,Santa Rosa,1992,0.490359
100903,Huanuco,Honoria,1992,0.162619
220203,San Martin,Bajo Biavo,1992,0.196973
220710,San Martin,Tres Unidos,1992,0.143903
220510,San Martin,Tabalosos,1992,0.392282
100904,Huanuco,Tournavista,1992,0.088923
010701,Amazonas,Bagua Grande,1992,0.387429
220701,San Martin,Picota,1992,0.436563
220403,San Martin,El Eslabon,1992,0.543621
250105,Ucayali,Yarinacocha,1992,0.514565
220914,San Martin,Shapaja,1992,0.29567
010707,Amazonas,Yamon,1992,0.382177
010705,Amazonas,Jamalca,1992,0.335013
220205,San Martin,San Pablo,1992,0.586975
220705,San Martin,Pucacaca,1992,0.433935
220601,San Martin,Juanjui,1992,0.343508
100905,Huanuco,Yuyapichis,1992,0.075835
100608,Huanuco,Castillo Grande,1992,0.54746
220302,San Martin,Agua Blanca,1992,0.595377
250306,Ucayali,Huipoca,1992,0.123841
010611,Amazonas,Totora,1992,0.431151
010706,Amazonas,Lonya Grande,1992,0.308925
220706,San Martin,San Cristobal,1992,0.471918
010303,Amazonas,Churuja,1992,0.155723
220301,San Martin,San Jose De Sisa,1992,0.517533
010204,Amazonas,El Parco,1992,0.727233
010306,Amazonas,Florida,1992,0.250043
220303,San Martin,San Martin,1992,0.103392
220106,San Martin,Yantalo,1992,0.576046
220305,San Martin,Shatoja,1992,0.504032
010104,Amazonas,Cheto,1992,0.238525
160201,Loreto,Yurimaguas,1992,0.226901
060901,Cajamarca,San Ignacio,1992,0.511154
220511,San Martin,Zapatero,1992,0.757765
060811,Cajamarca,San Jose Del Alto,1992,0.339725
010206,Amazonas,La Peca,1992,0.584205
220401,San Martin,Saposoa,1992,0.231599
060902,Cajamarca,Chirinos,1992,0.462293
220908,San Martin,Juan Guerra,1992,0.622905
060904,Cajamarca,La Coipa,1992,0.416147
220808,San Martin,Yorongos,1992,0.402177
120607,Junin,Rio Negro,1992,0.34403
060812,Cajamarca,Santa Rosa,1992,0.63221
250106,Ucayali,Nueva Requena,1992,0.087772
220802,San Martin,Awajun,1992,0.154203
250302,Ucayali,Irazola,1992,0.063597
010109,Amazonas,La Jalca,1992,0.287545
220906,San Martin,El Porvenir,1992,0.131871
220707,San Martin,San Hilarion,1992,0.486642
220806,San Martin,Posic,1992,0.490722
220406,San Martin,Tingo De Saposoa,1992,0.576954
100901,Huanuco,Puerto Inca,1992,0.084836
010105,Amazonas,Chiliquin,1992,0.144877
220105,San Martin,Soritor,1992,0.159291
220201,San Martin,Bellavista,1992,0.68352
060803,Cajamarca,Chontali,1992,0.275419
100605,Huanuco,Luyando,1992,0.656476
010307,Amazonas,Jazan,1992,0.38246
010502,Amazonas,Camporredondo,1992,0.328356
010515,Amazonas,Providencia,1992,0.231034
010102,Amazonas,Asuncion,1992,0.404679
010510,Amazonas,Luya Viejo,1992,0.181293
100601,Huanuco,Rupa-Rupa,1992,0.395303
010514,Amazonas,Pisuquia,1992,0.185366
060810,Cajamarca,San Felipe,1992,0.101452
010305,Amazonas,Cuispes,1992,0.250191
060905,Cajamarca,Namballe,1992,0.254433
010119,Amazonas,San Isidro De Maino,1992,0.089575
060801,Cajamarca,Jaen,1992,0.386115
010513,Amazonas,Ocumal,1992,0.301578
220912,San Martin,San Antonio,1992,0.309365
220903,San Martin,Cacatachi,1992,0.789336
120602,Junin,Coviriali,1992,0.387409
120304,Junin,San Luis De Shuaro,1992,0.350759
120601,Junin,Satipo,1992,0.20141
010203,Amazonas,Copallin,1992,0.480588
010112,Amazonas,Magdalena,1992,0.111588
220102,San Martin,Calzada,1992,0.682393
060805,Cajamarca,Huabal,1992,0.68285
010610,Amazonas,Santa Rosa,1992,0.533269
220503,San Martin,Barranquita,1992,0.192196
220801,San Martin,Rioja,1992,0.516094
220703,San Martin,Caspisapa,1992,0.425172
080904,Cusco,Maranura,1992,0.255465
010117,Amazonas,Quinjalca,1992,0.421561
250303,Ucayali,Curimana,1992,0.026973
010308,Amazonas,Recta,1992,0.593574
010115,Amazonas,Montevideo,1992,0.184147
010114,Amazonas,Molinopampa,1992,0.158453
010503,Amazonas,Cocabamba,1992,0.127005
060809,Cajamarca,Sallique,1992,0.125028
010120,Amazonas,Soloco,1992,0.233014
010521,Amazonas,Santo Tomas,1992,0.380481
100113,Huanuco,San Pablo De Pillao,1992,0.11337
010602,Amazonas,Chirimoto,1992,0.214491
100603,Huanuco,Hermilio Valdizan,1992,0.150802
010111,Amazonas,Levanto,1992,0.201642
010518,Amazonas,San Jeronimo,1992,0.323346
010609,Amazonas,Omia,1992,0.156644
100902,Huanuco,Codo Del Pozuzo,1992,0.06898
010113,Amazonas,Mariscal Castilla,1992,0.323816
220101,San Martin,Moyobamba,1992,0.133055
010310,Amazonas,Shipasbamba,1992,0.187511
100103,Huanuco,Chinchao,1992,0.149716
010311,Amazonas,Valera,1992,0.153678
060907,Cajamarca,Tabaconas,1992,0.204861
160112,Loreto,Belen,1992,0.266614
200307,Piura,Sondor,1992,0.202076
220803,San Martin,Elias Soplin Vargas,1992,0.278579
010506,Amazonas,Inguilpata,1992,0.312922
220506,San Martin,Pinto Recodo,1992,0.134725
120303,Junin,Pichanaqui,1992,0.225474
010202,Amazonas,Aramango,1992,0.121094
010606,Amazonas,Longar,1992,0.236758
160101,Loreto,Iquitos,1992,0.289987
010507,Amazonas,Longuita,1992,0.356041
221001,San Martin,Tocache,1992,0.349182
010511,Amazonas,Maria,1992,0.169269
080901,Cusco,Santa Ana,1992,0.333166
120302,Junin,Perene,1992,0.31674
050409,Ayacucho,Canayre,1992,0.115825
221002,San Martin,Nuevo Progreso,1992,0.316955
200303,Piura,El Carmen De La Frontera,1992,0.1738
100609,Huanuco,Pueblo Nuevo,1992,0.345495
080903,Cusco,Huayopata,1992,0.19065
010604,Amazonas,Huambo,1992,0.724137
100505,Huanuco,Jircan,1992,0.038229
010512,Amazonas,Ocalli,1992,0.23226
010101,Amazonas,Chachapoyas,1992,0.197444
060903,Cajamarca,Huarango,1992,0.27589
010116,Amazonas,Olleros,1992,0.073533
010605,Amazonas,Limabamba,1992,0.111797
100804,Huanuco,Umari,1992,0.288119
220504,San Martin,Caynarachi,1992,0.130307
080905,Cusco,Ocobamba,1992,0.197602
010517,Amazonas,San Francisco Del Yeso,1992,0.343793
120609,Junin,Vizcatán Del Ene,1992,0.059227
060807,Cajamarca,Pomahuaca,1992,0.196491
010304,Amazonas,Corosha,1992,0.11084
221005,San Martin,Uchiza,1992,0.411937
220807,San Martin,San Fernando,1992,0.610594
050512,Ayacucho,Union Progreso,1992,0.717009
060804,Cajamarca,Colasay,1992,0.419671
160503,Loreto,Capelo,1992,0.155682
220910,San Martin,Morales,1992,0.771331
120604,Junin,Mazamari,1992,0.112223
120603,Junin,Llaylla,1992,0.203621
010520,Amazonas,Santa Catalina,1992,0.178426
010603,Amazonas,Cochamal,1992,0.096653
120209,Junin,Mariscal Castilla,1992,0.185663
010601,Amazonas,San Nicolas,1992,0.214017
010519,Amazonas,San Juan De Lopecancha,1992,0.387103
160211,Loreto,Teniente Cesar Lopez Rojas,1992,0.144225
080408,Cusco,Yanatile,1992,0.176562
050408,Ayacucho,Llochegua,1992,0.154519
100507,Huanuco,Monzon,1992,0.150974
081304,Cusco,Machupicchu,1992,0.107531
220909,San Martin,La Banda De Shilcayo,1992,0.238792
220103,San Martin,Habana,1992,0.792756
100606,Huanuco,Mariano Damaso Beraun,1992,0.137145
010508,Amazonas,Lonya Chico,1992,0.236543
170102,Madre De Dios,Inambari,1992,0.021907
050502,Ayacucho,Anco,1992,0.150196
010523,Amazonas,Trita,1992,0.564977
010516,Amazonas,San Cristobal,1992,0.3823
080918,Cusco,Union Ashaninka,1992,0.059819
221006,San Martin,Santa Lucia,1992,0.729637
100702,Huanuco,Cholon,1992,0.137954
211205,Puno,Phara,1992,0.025386
170204,Madre De Dios,Huepetuhe,1992,0.030086
010302,Amazonas,Chisquilla,1992,0.036194
050507,Ayacucho,Santa Rosa,1992,0.245359
220804,San Martin,Nueva Cajamarca,1992,0.310105
220809,San Martin,Yuracyacu,1992,0.644032
160603,Loreto,Padre Marquez,1992,0.043332
010522,Amazonas,Tingo,1992,0.272105
080906,Cusco,Quellouno,1992,0.157259
010301,Amazonas,Jumbilla,1992,0.198507
080917,Cusco,Manitea,1992,0.11072
250305,Ucayali,Alexander Von Humboldt,1993,0.376239
220509,San Martin,Shanao,1993,0.538243
250304,Ucayali,Neshuya,1993,0.236731
220501,San Martin,Lamas,1993,0.535779
220902,San Martin,Alberto Leveau,1993,0.29697
250102,Ucayali,Campoverde,1993,0.433605
220702,San Martin,Buenos Aires,1993,0.505409
220502,San Martin,Alonso De Alvarado,1993,0.334902
220404,San Martin,Piscoyacu,1993,0.363397
220708,San Martin,Shamboyacu,1993,0.103854
220204,San Martin,Huallaga,1993,0.164784
220605,San Martin,Pajarillo,1993,0.404225
010703,Amazonas,Cumba,1993,0.428939
220704,San Martin,Pilluana,1993,0.404067
220104,San Martin,Jepelacio,1993,0.37712
220505,San Martin,Cuñumbuqui,1993,0.583282
220507,San Martin,Rumisapa,1993,0.71364
220913,San Martin,Sauce,1993,0.266615
010608,Amazonas,Milpuc,1993,0.527232
220405,San Martin,Sacanche,1993,0.518032
220709,San Martin,Tingo De Ponasa,1993,0.358002
220304,San Martin,Santa Rosa,1993,0.498003
100903,Huanuco,Honoria,1993,0.170638
220203,San Martin,Bajo Biavo,1993,0.199219
220710,San Martin,Tres Unidos,1993,0.147102
220510,San Martin,Tabalosos,1993,0.392174
100904,Huanuco,Tournavista,1993,0.096377
010701,Amazonas,Bagua Grande,1993,0.388711
220701,San Martin,Picota,1993,0.430685
220403,San Martin,El Eslabon,1993,0.548114
250105,Ucayali,Yarinacocha,1993,0.518465
220914,San Martin,Shapaja,1993,0.301617
010707,Amazonas,Yamon,1993,0.395474
010705,Amazonas,Jamalca,1993,0.34797
220205,San Martin,San Pablo,1993,0.589113
220705,San Martin,Pucacaca,1993,0.428668
220601,San Martin,Juanjui,1993,0.342505
100905,Huanuco,Yuyapichis,1993,0.083349
100608,Huanuco,Castillo Grande,1993,0.536165
220302,San Martin,Agua Blanca,1993,0.611966
250306,Ucayali,Huipoca,1993,0.148174
010611,Amazonas,Totora,1993,0.426214
010706,Amazonas,Lonya Grande,1993,0.307043
220706,San Martin,San Cristobal,1993,0.47481
010303,Amazonas,Churuja,1993,0.158994
220301,San Martin,San Jose De Sisa,1993,0.53024
010204,Amazonas,El Parco,1993,0.731052
010306,Amazonas,Florida,1993,0.258681
220303,San Martin,San Martin,1993,0.108002
220106,San Martin,Yantalo,1993,0.595503
220305,San Martin,Shatoja,1993,0.513915
010104,Amazonas,Cheto,1993,0.249298
160201,Loreto,Yurimaguas,1993,0.228983
060901,Cajamarca,San Ignacio,1993,0.509776
220511,San Martin,Zapatero,1993,0.761554
060811,Cajamarca,San Jose Del Alto,1993,0.336755
010206,Amazonas,La Peca,1993,0.581065
220401,San Martin,Saposoa,1993,0.233711
060902,Cajamarca,Chirinos,1993,0.454836
220908,San Martin,Juan Guerra,1993,0.644978
060904,Cajamarca,La Coipa,1993,0.407889
220808,San Martin,Yorongos,1993,0.399632
120607,Junin,Rio Negro,1993,0.349338
060812,Cajamarca,Santa Rosa,1993,0.6345
250106,Ucayali,Nueva Requena,1993,0.090341
220802,San Martin,Awajun,1993,0.167002
250302,Ucayali,Irazola,1993,0.072733
010109,Amazonas,La Jalca,1993,0.280861
220906,San Martin,El Porvenir,1993,0.133693
220707,San Martin,San Hilarion,1993,0.460174
220806,San Martin,Posic,1993,0.492397
220406,San Martin,Tingo De Saposoa,1993,0.587371
100901,Huanuco,Puerto Inca,1993,0.088737
010105,Amazonas,Chiliquin,1993,0.155483
220105,San Martin,Soritor,1993,0.16878
220201,San Martin,Bellavista,1993,0.678638
060803,Cajamarca,Chontali,1993,0.275061
100605,Huanuco,Luyando,1993,0.651962
010307,Amazonas,Jazan,1993,0.380276
010502,Amazonas,Camporredondo,1993,0.328966
010515,Amazonas,Providencia,1993,0.218972
010102,Amazonas,Asuncion,1993,0.433459
010510,Amazonas,Luya Viejo,1993,0.185705
100601,Huanuco,Rupa-Rupa,1993,0.386534
010514,Amazonas,Pisuquia,1993,0.183254
060810,Cajamarca,San Felipe,1993,0.101403
010305,Amazonas,Cuispes,1993,0.263814
060905,Cajamarca,Namballe,1993,0.254402
010119,Amazonas,San Isidro De Maino,1993,0.08918
060801,Cajamarca,Jaen,1993,0.384498
010513,Amazonas,Ocumal,1993,0.300069
220912,San Martin,San Antonio,1993,0.288597
220903,San Martin,Cacatachi,1993,0.778615
120602,Junin,Coviriali,1993,0.393618
120304,Junin,San Luis De Shuaro,1993,0.348874
120601,Junin,Satipo,1993,0.208581
010203,Amazonas,Copallin,1993,0.478484
010112,Amazonas,Magdalena,1993,0.111995
220102,San Martin,Calzada,1993,0.690397
060805,Cajamarca,Huabal,1993,0.671877
010610,Amazonas,Santa Rosa,1993,0.538894
220503,San Martin,Barranquita,1993,0.189468
220801,San Martin,Rioja,1993,0.514737
220703,San Martin,Caspisapa,1993,0.430636
080904,Cusco,Maranura,1993,0.257478
010117,Amazonas,Quinjalca,1993,0.449231
250303,Ucayali,Curimana,1993,0.030905
010308,Amazonas,Recta,1993,0.590909
010115,Amazonas,Montevideo,1993,0.186176
010114,Amazonas,Molinopampa,1993,0.168136
010503,Amazonas,Cocabamba,1993,0.128719
060809,Cajamarca,Sallique,1993,0.124984
010120,Amazonas,Soloco,1993,0.235191
010521,Amazonas,Santo Tomas,1993,0.390287
100113,Huanuco,San Pablo De Pillao,1993,0.113319
010602,Amazonas,Chirimoto,1993,0.209707
100603,Huanuco,Hermilio Valdizan,1993,0.149959
010111,Amazonas,Levanto,1993,0.195511
010518,Amazonas,San Jeronimo,1993,0.322302
010609,Amazonas,Omia,1993,0.162004
100902,Huanuco,Codo Del Pozuzo,1993,0.069497
010113,Amazonas,Mariscal Castilla,1993,0.321022
220101,San Martin,Moyobamba,1993,0.138322
010310,Amazonas,Shipasbamba,1993,0.194259
100103,Huanuco,Chinchao,1993,0.150856
010311,Amazonas,Valera,1993,0.149768
060907,Cajamarca,Tabaconas,1993,0.204851
160112,Loreto,Belen,1993,0.262187
200307,Piura,Sondor,1993,0.20197
220803,San Martin,Elias Soplin Vargas,1993,0.279976
010506,Amazonas,Inguilpata,1993,0.316245
220506,San Martin,Pinto Recodo,1993,0.136669
120303,Junin,Pichanaqui,1993,0.224203
010202,Amazonas,Aramango,1993,0.119707
010606,Amazonas,Longar,1993,0.239375
160101,Loreto,Iquitos,1993,0.28987
010507,Amazonas,Longuita,1993,0.3646
221001,San Martin,Tocache,1993,0.35422
010511,Amazonas,Maria,1993,0.177528
080901,Cusco,Santa Ana,1993,0.337886
120302,Junin,Perene,1993,0.318096
050409,Ayacucho,Canayre,1993,0.113068
221002,San Martin,Nuevo Progreso,1993,0.316153
200303,Piura,El Carmen De La Frontera,1993,0.173623
100609,Huanuco,Pueblo Nuevo,1993,0.336796
080903,Cusco,Huayopata,1993,0.190971
010604,Amazonas,Huambo,1993,0.741389
100505,Huanuco,Jircan,1993,0.037034
010512,Amazonas,Ocalli,1993,0.231132
010101,Amazonas,Chachapoyas,1993,0.173865
060903,Cajamarca,Huarango,1993,0.269849
010116,Amazonas,Olleros,1993,0.077165
010605,Amazonas,Limabamba,1993,0.113158
100804,Huanuco,Umari,1993,0.263555
220504,San Martin,Caynarachi,1993,0.133535
080905,Cusco,Ocobamba,1993,0.202703
010517,Amazonas,San Francisco Del Yeso,1993,0.340577
120609,Junin,Vizcatán Del Ene,1993,0.054244
060807,Cajamarca,Pomahuaca,1993,0.195959
010304,Amazonas,Corosha,1993,0.110577
221005,San Martin,Uchiza,1993,0.417696
220807,San Martin,San Fernando,1993,0.635587
050512,Ayacucho,Union Progreso,1993,0.714824
060804,Cajamarca,Colasay,1993,0.416016
160503,Loreto,Capelo,1993,0.145745
220910,San Martin,Morales,1993,0.782164
120604,Junin,Mazamari,1993,0.117137
120603,Junin,Llaylla,1993,0.201401
010520,Amazonas,Santa Catalina,1993,0.184691
010603,Amazonas,Cochamal,1993,0.100689
120209,Junin,Mariscal Castilla,1993,0.178422
010601,Amazonas,San Nicolas,1993,0.21989
010519,Amazonas,San Juan De Lopecancha,1993,0.38665
160211,Loreto,Teniente Cesar Lopez Rojas,1993,0.141846
080408,Cusco,Yanatile,1993,0.175106
050408,Ayacucho,Llochegua,1993,0.152683
100507,Huanuco,Monzon,1993,0.156322
081304,Cusco,Machupicchu,1993,0.10599
220909,San Martin,La Banda De Shilcayo,1993,0.24141
220103,San Martin,Habana,1993,0.796891
100606,Huanuco,Mariano Damaso Beraun,1993,0.140464
010508,Amazonas,Lonya Chico,1993,0.23419
170102,Madre De Dios,Inambari,1993,0.019741
050502,Ayacucho,Anco,1993,0.151716
010523,Amazonas,Trita,1993,0.52662
010516,Amazonas,San Cristobal,1993,0.385528
080918,Cusco,Union Ashaninka,1993,0.058533
221006,San Martin,Santa Lucia,1993,0.743442
100702,Huanuco,Cholon,1993,0.137955
211205,Puno,Phara,1993,0.024927
170204,Madre De Dios,Huepetuhe,1993,0.024508
010302,Amazonas,Chisquilla,1993,0.037338
050507,Ayacucho,Santa Rosa,1993,0.246885
220804,San Martin,Nueva Cajamarca,1993,0.30969
220809,San Martin,Yuracyacu,1993,0.652674
160603,Loreto,Padre Marquez,1993,0.041869
010522,Amazonas,Tingo,1993,0.27403
080906,Cusco,Quellouno,1993,0.16254
010301,Amazonas,Jumbilla,1993,0.198653
080917,Cusco,Manitea,1993,0.110457
250305,Ucayali,Alexander Von Humboldt,1994,0.402016
220509,San Martin,Shanao,1994,0.545285
250304,Ucayali,Neshuya,1994,0.249446
220501,San Martin,Lamas,1994,0.544113
220902,San Martin,Alberto Leveau,1994,0.307023
250102,Ucayali,Campoverde,1994,0.454292
220702,San Martin,Buenos Aires,1994,0.518933
220502,San Martin,Alonso De Alvarado,1994,0.360647
220404,San Martin,Piscoyacu,1994,0.37079
220708,San Martin,Shamboyacu,1994,0.109656
220204,San Martin,Huallaga,1994,0.160282
220605,San Martin,Pajarillo,1994,0.396897
010703,Amazonas,Cumba,1994,0.430943
220704,San Martin,Pilluana,1994,0.42226
220104,San Martin,Jepelacio,1994,0.403728
220505,San Martin,Cuñumbuqui,1994,0.578628
220507,San Martin,Rumisapa,1994,0.702977
220913,San Martin,Sauce,1994,0.279754
010608,Amazonas,Milpuc,1994,0.537534
220405,San Martin,Sacanche,1994,0.520995
220709,San Martin,Tingo De Ponasa,1994,0.353643
220304,San Martin,Santa Rosa,1994,0.510813
100903,Huanuco,Honoria,1994,0.179623
220203,San Martin,Bajo Biavo,1994,0.196702
220710,San Martin,Tres Unidos,1994,0.13799
220510,San Martin,Tabalosos,1994,0.394307
100904,Huanuco,Tournavista,1994,0.103232
010701,Amazonas,Bagua Grande,1994,0.384346
220701,San Martin,Picota,1994,0.450715
220403,San Martin,El Eslabon,1994,0.554885
250105,Ucayali,Yarinacocha,1994,0.525292
220914,San Martin,Shapaja,1994,0.301128
010707,Amazonas,Yamon,1994,0.366061
010705,Amazonas,Jamalca,1994,0.339444
220205,San Martin,San Pablo,1994,0.600758
220705,San Martin,Pucacaca,1994,0.44593
220601,San Martin,Juanjui,1994,0.344381
100905,Huanuco,Yuyapichis,1994,0.086746
100608,Huanuco,Castillo Grande,1994,0.527747
220302,San Martin,Agua Blanca,1994,0.632405
250306,Ucayali,Huipoca,1994,0.158903
010611,Amazonas,Totora,1994,0.476913
010706,Amazonas,Lonya Grande,1994,0.286511
220706,San Martin,San Cristobal,1994,0.476847
010303,Amazonas,Churuja,1994,0.165563
220301,San Martin,San Jose De Sisa,1994,0.545293
010204,Amazonas,El Parco,1994,0.736535
010306,Amazonas,Florida,1994,0.271365
220303,San Martin,San Martin,1994,0.117769
220106,San Martin,Yantalo,1994,0.60976
220305,San Martin,Shatoja,1994,0.528969
010104,Amazonas,Cheto,1994,0.263284
160201,Loreto,Yurimaguas,1994,0.231162
060901,Cajamarca,San Ignacio,1994,0.509939
220511,San Martin,Zapatero,1994,0.76161
060811,Cajamarca,San Jose Del Alto,1994,0.340246
010206,Amazonas,La Peca,1994,0.593945
220401,San Martin,Saposoa,1994,0.243389
060902,Cajamarca,Chirinos,1994,0.466371
220908,San Martin,Juan Guerra,1994,0.651264
060904,Cajamarca,La Coipa,1994,0.411946
220808,San Martin,Yorongos,1994,0.442354
120607,Junin,Rio Negro,1994,0.350685
060812,Cajamarca,Santa Rosa,1994,0.658151
250106,Ucayali,Nueva Requena,1994,0.092114
220802,San Martin,Awajun,1994,0.177578
250302,Ucayali,Irazola,1994,0.079025
010109,Amazonas,La Jalca,1994,0.266488
220906,San Martin,El Porvenir,1994,0.131217
220707,San Martin,San Hilarion,1994,0.4669
220806,San Martin,Posic,1994,0.510631
220406,San Martin,Tingo De Saposoa,1994,0.588109
100901,Huanuco,Puerto Inca,1994,0.091027
010105,Amazonas,Chiliquin,1994,0.164306
220105,San Martin,Soritor,1994,0.185908
220201,San Martin,Bellavista,1994,0.691266
060803,Cajamarca,Chontali,1994,0.273448
100605,Huanuco,Luyando,1994,0.640929
010307,Amazonas,Jazan,1994,0.370954
010502,Amazonas,Camporredondo,1994,0.303247
010515,Amazonas,Providencia,1994,0.200817
010102,Amazonas,Asuncion,1994,0.453768
010510,Amazonas,Luya Viejo,1994,0.194974
100601,Huanuco,Rupa-Rupa,1994,0.377735
010514,Amazonas,Pisuquia,1994,0.177841
060810,Cajamarca,San Felipe,1994,0.101118
010305,Amazonas,Cuispes,1994,0.27799
060905,Cajamarca,Namballe,1994,0.25437
010119,Amazonas,San Isidro De Maino,1994,0.099878
060801,Cajamarca,Jaen,1994,0.366583
010513,Amazonas,Ocumal,1994,0.288288
220912,San Martin,San Antonio,1994,0.280732
220903,San Martin,Cacatachi,1994,0.770265
120602,Junin,Coviriali,1994,0.390563
120304,Junin,San Luis De Shuaro,1994,0.332568
120601,Junin,Satipo,1994,0.209774
010203,Amazonas,Copallin,1994,0.456495
010112,Amazonas,Magdalena,1994,0.114995
220102,San Martin,Calzada,1994,0.715576
060805,Cajamarca,Huabal,1994,0.671877
010610,Amazonas,Santa Rosa,1994,0.546673
220503,San Martin,Barranquita,1994,0.189155
220801,San Martin,Rioja,1994,0.547882
220703,San Martin,Caspisapa,1994,0.445851
080904,Cusco,Maranura,1994,0.263776
010117,Amazonas,Quinjalca,1994,0.461729
250303,Ucayali,Curimana,1994,0.031865
010308,Amazonas,Recta,1994,0.593256
010115,Amazonas,Montevideo,1994,0.184443
010114,Amazonas,Molinopampa,1994,0.181781
010503,Amazonas,Cocabamba,1994,0.127146
060809,Cajamarca,Sallique,1994,0.12495
010120,Amazonas,Soloco,1994,0.254695
010521,Amazonas,Santo Tomas,1994,0.395827
100113,Huanuco,San Pablo De Pillao,1994,0.110713
010602,Amazonas,Chirimoto,1994,0.221389
100603,Huanuco,Hermilio Valdizan,1994,0.149542
010111,Amazonas,Levanto,1994,0.206347
010518,Amazonas,San Jeronimo,1994,0.329628
010609,Amazonas,Omia,1994,0.160666
100902,Huanuco,Codo Del Pozuzo,1994,0.070679
010113,Amazonas,Mariscal Castilla,1994,0.308234
220101,San Martin,Moyobamba,1994,0.144282
010310,Amazonas,Shipasbamba,1994,0.202356
100103,Huanuco,Chinchao,1994,0.148952
010311,Amazonas,Valera,1994,0.156698
060907,Cajamarca,Tabaconas,1994,0.204844
160112,Loreto,Belen,1994,0.259135
200307,Piura,Sondor,1994,0.201879
220803,San Martin,Elias Soplin Vargas,1994,0.293229
010506,Amazonas,Inguilpata,1994,0.318601
220506,San Martin,Pinto Recodo,1994,0.147881
120303,Junin,Pichanaqui,1994,0.224148
010202,Amazonas,Aramango,1994,0.122497
010606,Amazonas,Longar,1994,0.248316
160101,Loreto,Iquitos,1994,0.287167
010507,Amazonas,Longuita,1994,0.379052
221001,San Martin,Tocache,1994,0.346221
010511,Amazonas,Maria,1994,0.195616
080901,Cusco,Santa Ana,1994,0.341385
120302,Junin,Perene,1994,0.3173
050409,Ayacucho,Canayre,1994,0.11101
221002,San Martin,Nuevo Progreso,1994,0.311188
200303,Piura,El Carmen De La Frontera,1994,0.173354
100609,Huanuco,Pueblo Nuevo,1994,0.327615
080903,Cusco,Huayopata,1994,0.190757
010604,Amazonas,Huambo,1994,0.76109
100505,Huanuco,Jircan,1994,0.032726
010512,Amazonas,Ocalli,1994,0.229602
010101,Amazonas,Chachapoyas,1994,0.183646
060903,Cajamarca,Huarango,1994,0.273075
010116,Amazonas,Olleros,1994,0.081446
010605,Amazonas,Limabamba,1994,0.119603
100804,Huanuco,Umari,1994,0.247173
220504,San Martin,Caynarachi,1994,0.129583
080905,Cusco,Ocobamba,1994,0.203822
010517,Amazonas,San Francisco Del Yeso,1994,0.340841
120609,Junin,Vizcatán Del Ene,1994,0.053538
060807,Cajamarca,Pomahuaca,1994,0.193864
010304,Amazonas,Corosha,1994,0.111187
221005,San Martin,Uchiza,1994,0.414725
220807,San Martin,San Fernando,1994,0.661931
050512,Ayacucho,Union Progreso,1994,0.71498
060804,Cajamarca,Colasay,1994,0.379388
160503,Loreto,Capelo,1994,0.142344
220910,San Martin,Morales,1994,0.777414
120604,Junin,Mazamari,1994,0.118321
120603,Junin,Llaylla,1994,0.200202
010520,Amazonas,Santa Catalina,1994,0.191738
010603,Amazonas,Cochamal,1994,0.104195
120209,Junin,Mariscal Castilla,1994,0.183234
010601,Amazonas,San Nicolas,1994,0.227902
010519,Amazonas,San Juan De Lopecancha,1994,0.377445
160211,Loreto,Teniente Cesar Lopez Rojas,1994,0.143112
080408,Cusco,Yanatile,1994,0.173622
050408,Ayacucho,Llochegua,1994,0.152341
100507,Huanuco,Monzon,1994,0.154917
081304,Cusco,Machupicchu,1994,0.105081
220909,San Martin,La Banda De Shilcayo,1994,0.238398
220103,San Martin,Habana,1994,0.866394
100606,Huanuco,Mariano Damaso Beraun,1994,0.14275
010508,Amazonas,Lonya Chico,1994,0.232322
170102,Madre De Dios,Inambari,1994,0.019897
050502,Ayacucho,Anco,1994,0.155798
010523,Amazonas,Trita,1994,0.494816
010516,Amazonas,San Cristobal,1994,0.334384
080918,Cusco,Union Ashaninka,1994,0.058595
221006,San Martin,Santa Lucia,1994,0.733542
100702,Huanuco,Cholon,1994,0.136274
211205,Puno,Phara,1994,0.025816
170204,Madre De Dios,Huepetuhe,1994,0.026568
010302,Amazonas,Chisquilla,1994,0.03974
050507,Ayacucho,Santa Rosa,1994,0.24381
220804,San Martin,Nueva Cajamarca,1994,0.326441
220809,San Martin,Yuracyacu,1994,0.719144
160603,Loreto,Padre Marquez,1994,0.041881
010522,Amazonas,Tingo,1994,0.279648
080906,Cusco,Quellouno,1994,0.162502
010301,Amazonas,Jumbilla,1994,0.206721
080917,Cusco,Manitea,1994,0.109399
250305,Ucayali,Alexander Von Humboldt,1995,0.422559
220509,San Martin,Shanao,1995,0.565903
250304,Ucayali,Neshuya,1995,0.259915
220501,San Martin,Lamas,1995,0.565925
220902,San Martin,Alberto Leveau,1995,0.328965
250102,Ucayali,Campoverde,1995,0.460762
220702,San Martin,Buenos Aires,1995,0.540291
220502,San Martin,Alonso De Alvarado,1995,0.37703
220404,San Martin,Piscoyacu,1995,0.376627
220708,San Martin,Shamboyacu,1995,0.116903
220204,San Martin,Huallaga,1995,0.157313
220605,San Martin,Pajarillo,1995,0.394691
010703,Amazonas,Cumba,1995,0.440015
220704,San Martin,Pilluana,1995,0.445609
220104,San Martin,Jepelacio,1995,0.419026
220505,San Martin,Cuñumbuqui,1995,0.595708
220507,San Martin,Rumisapa,1995,0.727992
220913,San Martin,Sauce,1995,0.297102
010608,Amazonas,Milpuc,1995,0.551972
220405,San Martin,Sacanche,1995,0.521
220709,San Martin,Tingo De Ponasa,1995,0.356578
220304,San Martin,Santa Rosa,1995,0.527564
100903,Huanuco,Honoria,1995,0.182494
220203,San Martin,Bajo Biavo,1995,0.195712
220710,San Martin,Tres Unidos,1995,0.131
220510,San Martin,Tabalosos,1995,0.401224
100904,Huanuco,Tournavista,1995,0.103268
010701,Amazonas,Bagua Grande,1995,0.388859
220701,San Martin,Picota,1995,0.459717
220403,San Martin,El Eslabon,1995,0.561343
250105,Ucayali,Yarinacocha,1995,0.527703
220914,San Martin,Shapaja,1995,0.310841
010707,Amazonas,Yamon,1995,0.375743
010705,Amazonas,Jamalca,1995,0.339432
220205,San Martin,San Pablo,1995,0.62084
220705,San Martin,Pucacaca,1995,0.454382
220601,San Martin,Juanjui,1995,0.35009
100905,Huanuco,Yuyapichis,1995,0.092579
100608,Huanuco,Castillo Grande,1995,0.517501
220302,San Martin,Agua Blanca,1995,0.653042
250306,Ucayali,Huipoca,1995,0.162783
010611,Amazonas,Totora,1995,0.507772
010706,Amazonas,Lonya Grande,1995,0.30086
220706,San Martin,San Cristobal,1995,0.487413
010303,Amazonas,Churuja,1995,0.165898
220301,San Martin,San Jose De Sisa,1995,0.568877
010204,Amazonas,El Parco,1995,0.703437
010306,Amazonas,Florida,1995,0.25923
220303,San Martin,San Martin,1995,0.127071
220106,San Martin,Yantalo,1995,0.611932
220305,San Martin,Shatoja,1995,0.54547
010104,Amazonas,Cheto,1995,0.255861
160201,Loreto,Yurimaguas,1995,0.238529
060901,Cajamarca,San Ignacio,1995,0.511252
220511,San Martin,Zapatero,1995,0.769299
060811,Cajamarca,San Jose Del Alto,1995,0.338652
010206,Amazonas,La Peca,1995,0.602763
220401,San Martin,Saposoa,1995,0.251527
060902,Cajamarca,Chirinos,1995,0.487131
220908,San Martin,Juan Guerra,1995,0.656838
060904,Cajamarca,La Coipa,1995,0.421226
220808,San Martin,Yorongos,1995,0.470843
120607,Junin,Rio Negro,1995,0.351319
060812,Cajamarca,Santa Rosa,1995,0.665193
250106,Ucayali,Nueva Requena,1995,0.092786
220802,San Martin,Awajun,1995,0.182926
250302,Ucayali,Irazola,1995,0.08587
010109,Amazonas,La Jalca,1995,0.250647
220906,San Martin,El Porvenir,1995,0.127014
220707,San Martin,San Hilarion,1995,0.465637
220806,San Martin,Posic,1995,0.518513
220406,San Martin,Tingo De Saposoa,1995,0.577087
100901,Huanuco,Puerto Inca,1995,0.094141
010105,Amazonas,Chiliquin,1995,0.163999
220105,San Martin,Soritor,1995,0.195603
220201,San Martin,Bellavista,1995,0.695821
060803,Cajamarca,Chontali,1995,0.273467
100605,Huanuco,Luyando,1995,0.612116
010307,Amazonas,Jazan,1995,0.372069
010502,Amazonas,Camporredondo,1995,0.314472
010515,Amazonas,Providencia,1995,0.202023
010102,Amazonas,Asuncion,1995,0.436597
010510,Amazonas,Luya Viejo,1995,0.194436
100601,Huanuco,Rupa-Rupa,1995,0.372113
010514,Amazonas,Pisuquia,1995,0.175992
060810,Cajamarca,San Felipe,1995,0.101198
010305,Amazonas,Cuispes,1995,0.266627
060905,Cajamarca,Namballe,1995,0.254365
010119,Amazonas,San Isidro De Maino,1995,0.107208
060801,Cajamarca,Jaen,1995,0.369393
010513,Amazonas,Ocumal,1995,0.298395
220912,San Martin,San Antonio,1995,0.288143
220903,San Martin,Cacatachi,1995,0.794841
120602,Junin,Coviriali,1995,0.389476
120304,Junin,San Luis De Shuaro,1995,0.324687
120601,Junin,Satipo,1995,0.210462
010203,Amazonas,Copallin,1995,0.455839
010112,Amazonas,Magdalena,1995,0.112074
220102,San Martin,Calzada,1995,0.734255
060805,Cajamarca,Huabal,1995,0.671489
010610,Amazonas,Santa Rosa,1995,0.566186
220503,San Martin,Barranquita,1995,0.185648
220801,San Martin,Rioja,1995,0.577798
220703,San Martin,Caspisapa,1995,0.453966
080904,Cusco,Maranura,1995,0.26644
010117,Amazonas,Quinjalca,1995,0.450072
250303,Ucayali,Curimana,1995,0.034802
010308,Amazonas,Recta,1995,0.568896
010115,Amazonas,Montevideo,1995,0.163712
010114,Amazonas,Molinopampa,1995,0.175737
010503,Amazonas,Cocabamba,1995,0.130464
060809,Cajamarca,Sallique,1995,0.124884
010120,Amazonas,Soloco,1995,0.242065
010521,Amazonas,Santo Tomas,1995,0.386366
100113,Huanuco,San Pablo De Pillao,1995,0.120179
010602,Amazonas,Chirimoto,1995,0.23589
100603,Huanuco,Hermilio Valdizan,1995,0.147394
010111,Amazonas,Levanto,1995,0.194347
010518,Amazonas,San Jeronimo,1995,0.324831
010609,Amazonas,Omia,1995,0.166595
100902,Huanuco,Codo Del Pozuzo,1995,0.067965
010113,Amazonas,Mariscal Castilla,1995,0.284562
220101,San Martin,Moyobamba,1995,0.150447
010310,Amazonas,Shipasbamba,1995,0.200312
100103,Huanuco,Chinchao,1995,0.152458
010311,Amazonas,Valera,1995,0.166216
060907,Cajamarca,Tabaconas,1995,0.204847
160112,Loreto,Belen,1995,0.254973
200307,Piura,Sondor,1995,0.201814
220803,San Martin,Elias Soplin Vargas,1995,0.302371
010506,Amazonas,Inguilpata,1995,0.313605
220506,San Martin,Pinto Recodo,1995,0.159037
120303,Junin,Pichanaqui,1995,0.223675
010202,Amazonas,Aramango,1995,0.126439
010606,Amazonas,Longar,1995,0.254176
160101,Loreto,Iquitos,1995,0.289459
010507,Amazonas,Longuita,1995,0.374523
221001,San Martin,Tocache,1995,0.336304
010511,Amazonas,Maria,1995,0.194187
080901,Cusco,Santa Ana,1995,0.345461
120302,Junin,Perene,1995,0.315299
050409,Ayacucho,Canayre,1995,0.111341
221002,San Martin,Nuevo Progreso,1995,0.291436
200303,Piura,El Carmen De La Frontera,1995,0.173464
100609,Huanuco,Pueblo Nuevo,1995,0.320722
080903,Cusco,Huayopata,1995,0.184531
010604,Amazonas,Huambo,1995,0.769092
100505,Huanuco,Jircan,1995,0.033433
010512,Amazonas,Ocalli,1995,0.243508
010101,Amazonas,Chachapoyas,1995,0.211682
060903,Cajamarca,Huarango,1995,0.276403
010116,Amazonas,Olleros,1995,0.071417
010605,Amazonas,Limabamba,1995,0.123326
100804,Huanuco,Umari,1995,0.265035
220504,San Martin,Caynarachi,1995,0.129878
080905,Cusco,Ocobamba,1995,0.201227
010517,Amazonas,San Francisco Del Yeso,1995,0.341359
120609,Junin,Vizcatán Del Ene,1995,0.053348
060807,Cajamarca,Pomahuaca,1995,0.193016
010304,Amazonas,Corosha,1995,0.098381
221005,San Martin,Uchiza,1995,0.40769
220807,San Martin,San Fernando,1995,0.676151
050512,Ayacucho,Union Progreso,1995,0.714244
060804,Cajamarca,Colasay,1995,0.377581
160503,Loreto,Capelo,1995,0.142725
220910,San Martin,Morales,1995,0.780867
120604,Junin,Mazamari,1995,0.120179
120603,Junin,Llaylla,1995,0.202697
010520,Amazonas,Santa Catalina,1995,0.19831
010603,Amazonas,Cochamal,1995,0.104126
120209,Junin,Mariscal Castilla,1995,0.180867
010601,Amazonas,San Nicolas,1995,0.239691
010519,Amazonas,San Juan De Lopecancha,1995,0.36544
160211,Loreto,Teniente Cesar Lopez Rojas,1995,0.142088
080408,Cusco,Yanatile,1995,0.174424
050408,Ayacucho,Llochegua,1995,0.152585
100507,Huanuco,Monzon,1995,0.155768
081304,Cusco,Machupicchu,1995,0.103383
220909,San Martin,La Banda De Shilcayo,1995,0.241344
220103,San Martin,Habana,1995,0.882197
100606,Huanuco,Mariano Damaso Beraun,1995,0.143508
010508,Amazonas,Lonya Chico,1995,0.238155
170102,Madre De Dios,Inambari,1995,0.019713
050502,Ayacucho,Anco,1995,0.160453
010523,Amazonas,Trita,1995,0.537052
010516,Amazonas,San Cristobal,1995,0.316919
080918,Cusco,Union Ashaninka,1995,0.059099
221006,San Martin,Santa Lucia,1995,0.729947
100702,Huanuco,Cholon,1995,0.130432
211205,Puno,Phara,1995,0.025115
170204,Madre De Dios,Huepetuhe,1995,0.027121
010302,Amazonas,Chisquilla,1995,0.033863
050507,Ayacucho,Santa Rosa,1995,0.244207
220804,San Martin,Nueva Cajamarca,1995,0.334247
220809,San Martin,Yuracyacu,1995,0.721494
160603,Loreto,Padre Marquez,1995,0.0416
010522,Amazonas,Tingo,1995,0.278009
080906,Cusco,Quellouno,1995,0.161358
010301,Amazonas,Jumbilla,1995,0.204019
080917,Cusco,Manitea,1995,0.109039
250305,Ucayali,Alexander Von Humboldt,1996,0.457617
220509,San Martin,Shanao,1996,0.561925
250304,Ucayali,Neshuya,1996,0.287991
220501,San Martin,Lamas,1996,0.57176
220902,San Martin,Alberto Leveau,1996,0.353616
250102,Ucayali,Campoverde,1996,0.479748
220702,San Martin,Buenos Aires,1996,0.567695
220502,San Martin,Alonso De Alvarado,1996,0.383
220404,San Martin,Piscoyacu,1996,0.381135
220708,San Martin,Shamboyacu,1996,0.126092
220204,San Martin,Huallaga,1996,0.162849
220605,San Martin,Pajarillo,1996,0.415318
010703,Amazonas,Cumba,1996,0.44167
220704,San Martin,Pilluana,1996,0.478281
220104,San Martin,Jepelacio,1996,0.434545
220505,San Martin,Cuñumbuqui,1996,0.6163
220507,San Martin,Rumisapa,1996,0.743279
220913,San Martin,Sauce,1996,0.314239
010608,Amazonas,Milpuc,1996,0.560205
220405,San Martin,Sacanche,1996,0.532985
220709,San Martin,Tingo De Ponasa,1996,0.369761
220304,San Martin,Santa Rosa,1996,0.526267
100903,Huanuco,Honoria,1996,0.192642
220203,San Martin,Bajo Biavo,1996,0.200473
220710,San Martin,Tres Unidos,1996,0.131015
220510,San Martin,Tabalosos,1996,0.395794
100904,Huanuco,Tournavista,1996,0.105132
010701,Amazonas,Bagua Grande,1996,0.388492
220701,San Martin,Picota,1996,0.482952
220403,San Martin,El Eslabon,1996,0.557292
250105,Ucayali,Yarinacocha,1996,0.529692
220914,San Martin,Shapaja,1996,0.322119
010707,Amazonas,Yamon,1996,0.379331
010705,Amazonas,Jamalca,1996,0.348028
220205,San Martin,San Pablo,1996,0.620302
220705,San Martin,Pucacaca,1996,0.469526
220601,San Martin,Juanjui,1996,0.361291
100905,Huanuco,Yuyapichis,1996,0.095167
100608,Huanuco,Castillo Grande,1996,0.539921
220302,San Martin,Agua Blanca,1996,0.651367
250306,Ucayali,Huipoca,1996,0.169094
010611,Amazonas,Totora,1996,0.515955
010706,Amazonas,Lonya Grande,1996,0.305944
220706,San Martin,San Cristobal,1996,0.496857
010303,Amazonas,Churuja,1996,0.174787
220301,San Martin,San Jose De Sisa,1996,0.570299
010204,Amazonas,El Parco,1996,0.693987
010306,Amazonas,Florida,1996,0.266032
220303,San Martin,San Martin,1996,0.13115
220106,San Martin,Yantalo,1996,0.605864
220305,San Martin,Shatoja,1996,0.551257
010104,Amazonas,Cheto,1996,0.267545
160201,Loreto,Yurimaguas,1996,0.252918
060901,Cajamarca,San Ignacio,1996,0.571846
220511,San Martin,Zapatero,1996,0.779398
060811,Cajamarca,San Jose Del Alto,1996,0.379321
010206,Amazonas,La Peca,1996,0.605367
220401,San Martin,Saposoa,1996,0.251644
060902,Cajamarca,Chirinos,1996,0.491388
220908,San Martin,Juan Guerra,1996,0.660711
060904,Cajamarca,La Coipa,1996,0.46406
220808,San Martin,Yorongos,1996,0.480205
120607,Junin,Rio Negro,1996,0.355328
060812,Cajamarca,Santa Rosa,1996,0.663406
250106,Ucayali,Nueva Requena,1996,0.09759
220802,San Martin,Awajun,1996,0.194249
250302,Ucayali,Irazola,1996,0.092568
010109,Amazonas,La Jalca,1996,0.263522
220906,San Martin,El Porvenir,1996,0.128392
220707,San Martin,San Hilarion,1996,0.453209
220806,San Martin,Posic,1996,0.519342
220406,San Martin,Tingo De Saposoa,1996,0.586237
100901,Huanuco,Puerto Inca,1996,0.099706
010105,Amazonas,Chiliquin,1996,0.170316
220105,San Martin,Soritor,1996,0.203286
220201,San Martin,Bellavista,1996,0.696758
060803,Cajamarca,Chontali,1996,0.307811
100605,Huanuco,Luyando,1996,0.633841
010307,Amazonas,Jazan,1996,0.392124
010502,Amazonas,Camporredondo,1996,0.318447
010515,Amazonas,Providencia,1996,0.197473
010102,Amazonas,Asuncion,1996,0.438562
010510,Amazonas,Luya Viejo,1996,0.196523
100601,Huanuco,Rupa-Rupa,1996,0.376516
010514,Amazonas,Pisuquia,1996,0.168474
060810,Cajamarca,San Felipe,1996,0.104554
010305,Amazonas,Cuispes,1996,0.269671
060905,Cajamarca,Namballe,1996,0.29898
010119,Amazonas,San Isidro De Maino,1996,0.116408
060801,Cajamarca,Jaen,1996,0.368289
010513,Amazonas,Ocumal,1996,0.293802
220912,San Martin,San Antonio,1996,0.292172
220903,San Martin,Cacatachi,1996,0.817757
120602,Junin,Coviriali,1996,0.388452
120304,Junin,San Luis De Shuaro,1996,0.322254
120601,Junin,Satipo,1996,0.213179
010203,Amazonas,Copallin,1996,0.445128
010112,Amazonas,Magdalena,1996,0.125523
220102,San Martin,Calzada,1996,0.741369
060805,Cajamarca,Huabal,1996,0.716011
010610,Amazonas,Santa Rosa,1996,0.578624
220503,San Martin,Barranquita,1996,0.191662
220801,San Martin,Rioja,1996,0.581615
220703,San Martin,Caspisapa,1996,0.447789
080904,Cusco,Maranura,1996,0.272081
010117,Amazonas,Quinjalca,1996,0.451744
250303,Ucayali,Curimana,1996,0.039698
010308,Amazonas,Recta,1996,0.562932
010115,Amazonas,Montevideo,1996,0.161062
010114,Amazonas,Molinopampa,1996,0.182909
010503,Amazonas,Cocabamba,1996,0.123911
060809,Cajamarca,Sallique,1996,0.145894
010120,Amazonas,Soloco,1996,0.24524
010521,Amazonas,Santo Tomas,1996,0.38213
100113,Huanuco,San Pablo De Pillao,1996,0.129655
010602,Amazonas,Chirimoto,1996,0.240177
100603,Huanuco,Hermilio Valdizan,1996,0.158798
010111,Amazonas,Levanto,1996,0.207963
010518,Amazonas,San Jeronimo,1996,0.330086
010609,Amazonas,Omia,1996,0.165466
100902,Huanuco,Codo Del Pozuzo,1996,0.069788
010113,Amazonas,Mariscal Castilla,1996,0.274771
220101,San Martin,Moyobamba,1996,0.152574
010310,Amazonas,Shipasbamba,1996,0.210999
100103,Huanuco,Chinchao,1996,0.159922
010311,Amazonas,Valera,1996,0.169545
060907,Cajamarca,Tabaconas,1996,0.224716
160112,Loreto,Belen,1996,0.25807
200307,Piura,Sondor,1996,0.228488
220803,San Martin,Elias Soplin Vargas,1996,0.305836
010506,Amazonas,Inguilpata,1996,0.311309
220506,San Martin,Pinto Recodo,1996,0.163891
120303,Junin,Pichanaqui,1996,0.224847
010202,Amazonas,Aramango,1996,0.15109
010606,Amazonas,Longar,1996,0.257095
160101,Loreto,Iquitos,1996,0.292092
010507,Amazonas,Longuita,1996,0.365358
221001,San Martin,Tocache,1996,0.337496
010511,Amazonas,Maria,1996,0.189141
080901,Cusco,Santa Ana,1996,0.349316
120302,Junin,Perene,1996,0.31641
050409,Ayacucho,Canayre,1996,0.110458
221002,San Martin,Nuevo Progreso,1996,0.287444
200303,Piura,El Carmen De La Frontera,1996,0.207065
100609,Huanuco,Pueblo Nuevo,1996,0.324651
080903,Cusco,Huayopata,1996,0.184253
010604,Amazonas,Huambo,1996,0.776349
100505,Huanuco,Jircan,1996,0.038543
010512,Amazonas,Ocalli,1996,0.257193
010101,Amazonas,Chachapoyas,1996,0.220447
060903,Cajamarca,Huarango,1996,0.283268
010116,Amazonas,Olleros,1996,0.074191
010605,Amazonas,Limabamba,1996,0.12711
100804,Huanuco,Umari,1996,0.274042
220504,San Martin,Caynarachi,1996,0.132245
080905,Cusco,Ocobamba,1996,0.206486
010517,Amazonas,San Francisco Del Yeso,1996,0.344106
120609,Junin,Vizcatán Del Ene,1996,0.052221
060807,Cajamarca,Pomahuaca,1996,0.210875
010304,Amazonas,Corosha,1996,0.09852
221005,San Martin,Uchiza,1996,0.403467
220807,San Martin,San Fernando,1996,0.699741
050512,Ayacucho,Union Progreso,1996,0.714958
060804,Cajamarca,Colasay,1996,0.383318
160503,Loreto,Capelo,1996,0.135652
220910,San Martin,Morales,1996,0.78602
120604,Junin,Mazamari,1996,0.118879
120603,Junin,Llaylla,1996,0.20102
010520,Amazonas,Santa Catalina,1996,0.200664
010603,Amazonas,Cochamal,1996,0.106983
120209,Junin,Mariscal Castilla,1996,0.182393
010601,Amazonas,San Nicolas,1996,0.244458
010519,Amazonas,San Juan De Lopecancha,1996,0.361651
160211,Loreto,Teniente Cesar Lopez Rojas,1996,0.147441
080408,Cusco,Yanatile,1996,0.174022
050408,Ayacucho,Llochegua,1996,0.151415
100507,Huanuco,Monzon,1996,0.156619
081304,Cusco,Machupicchu,1996,0.105544
220909,San Martin,La Banda De Shilcayo,1996,0.245742
220103,San Martin,Habana,1996,0.886112
100606,Huanuco,Mariano Damaso Beraun,1996,0.152557
010508,Amazonas,Lonya Chico,1996,0.244679
170102,Madre De Dios,Inambari,1996,0.019656
050502,Ayacucho,Anco,1996,0.156541
010523,Amazonas,Trita,1996,0.517461
010516,Amazonas,San Cristobal,1996,0.311089
080918,Cusco,Union Ashaninka,1996,0.058624
221006,San Martin,Santa Lucia,1996,0.728853
100702,Huanuco,Cholon,1996,0.128975
211205,Puno,Phara,1996,0.025282
170204,Madre De Dios,Huepetuhe,1996,0.024238
010302,Amazonas,Chisquilla,1996,0.032583
050507,Ayacucho,Santa Rosa,1996,0.243774
220804,San Martin,Nueva Cajamarca,1996,0.351018
220809,San Martin,Yuracyacu,1996,0.738004
160603,Loreto,Padre Marquez,1996,0.044357
010522,Amazonas,Tingo,1996,0.27138
080906,Cusco,Quellouno,1996,0.170925
010301,Amazonas,Jumbilla,1996,0.207232
080917,Cusco,Manitea,1996,0.108341
250305,Ucayali,Alexander Von Humboldt,1997,0.472034
220509,San Martin,Shanao,1997,0.581594
250304,Ucayali,Neshuya,1997,0.292503
220501,San Martin,Lamas,1997,0.583383
220902,San Martin,Alberto Leveau,1997,0.378783
250102,Ucayali,Campoverde,1997,0.482551
220702,San Martin,Buenos Aires,1997,0.577675
220502,San Martin,Alonso De Alvarado,1997,0.404671
220404,San Martin,Piscoyacu,1997,0.393347
220708,San Martin,Shamboyacu,1997,0.151998
220204,San Martin,Huallaga,1997,0.171116
220605,San Martin,Pajarillo,1997,0.433033
010703,Amazonas,Cumba,1997,0.442028
220704,San Martin,Pilluana,1997,0.49763
220104,San Martin,Jepelacio,1997,0.456666
220505,San Martin,Cuñumbuqui,1997,0.621535
220507,San Martin,Rumisapa,1997,0.760383
220913,San Martin,Sauce,1997,0.324559
010608,Amazonas,Milpuc,1997,0.608982
220405,San Martin,Sacanche,1997,0.545348
220709,San Martin,Tingo De Ponasa,1997,0.400369
220304,San Martin,Santa Rosa,1997,0.556317
100903,Huanuco,Honoria,1997,0.200415
220203,San Martin,Bajo Biavo,1997,0.208271
220710,San Martin,Tres Unidos,1997,0.142449
220510,San Martin,Tabalosos,1997,0.393757
100904,Huanuco,Tournavista,1997,0.10731
010701,Amazonas,Bagua Grande,1997,0.381235
220701,San Martin,Picota,1997,0.486338
220403,San Martin,El Eslabon,1997,0.56783
250105,Ucayali,Yarinacocha,1997,0.533386
220914,San Martin,Shapaja,1997,0.328522
010707,Amazonas,Yamon,1997,0.379949
010705,Amazonas,Jamalca,1997,0.338355
220205,San Martin,San Pablo,1997,0.64916
220705,San Martin,Pucacaca,1997,0.470821
220601,San Martin,Juanjui,1997,0.371783
100905,Huanuco,Yuyapichis,1997,0.092333
100608,Huanuco,Castillo Grande,1997,0.559736
220302,San Martin,Agua Blanca,1997,0.663477
250306,Ucayali,Huipoca,1997,0.169336
010611,Amazonas,Totora,1997,0.591113
010706,Amazonas,Lonya Grande,1997,0.306781
220706,San Martin,San Cristobal,1997,0.495647
010303,Amazonas,Churuja,1997,0.185688
220301,San Martin,San Jose De Sisa,1997,0.588819
010204,Amazonas,El Parco,1997,0.696729
010306,Amazonas,Florida,1997,0.279602
220303,San Martin,San Martin,1997,0.141139
220106,San Martin,Yantalo,1997,0.594966
220305,San Martin,Shatoja,1997,0.567586
010104,Amazonas,Cheto,1997,0.274348
160201,Loreto,Yurimaguas,1997,0.25955
060901,Cajamarca,San Ignacio,1997,0.607329
220511,San Martin,Zapatero,1997,0.790123
060811,Cajamarca,San Jose Del Alto,1997,0.405898
010206,Amazonas,La Peca,1997,0.605702
220401,San Martin,Saposoa,1997,0.265801
060902,Cajamarca,Chirinos,1997,0.482437
220908,San Martin,Juan Guerra,1997,0.662596
060904,Cajamarca,La Coipa,1997,0.478132
220808,San Martin,Yorongos,1997,0.507008
120607,Junin,Rio Negro,1997,0.351393
060812,Cajamarca,Santa Rosa,1997,0.666858
250106,Ucayali,Nueva Requena,1997,0.098977
220802,San Martin,Awajun,1997,0.193957
250302,Ucayali,Irazola,1997,0.098407
010109,Amazonas,La Jalca,1997,0.260033
220906,San Martin,El Porvenir,1997,0.13241
220707,San Martin,San Hilarion,1997,0.456632
220806,San Martin,Posic,1997,0.505945
220406,San Martin,Tingo De Saposoa,1997,0.595387
100901,Huanuco,Puerto Inca,1997,0.103191
010105,Amazonas,Chiliquin,1997,0.175516
220105,San Martin,Soritor,1997,0.22158
220201,San Martin,Bellavista,1997,0.68843
060803,Cajamarca,Chontali,1997,0.326745
100605,Huanuco,Luyando,1997,0.699585
010307,Amazonas,Jazan,1997,0.431294
010502,Amazonas,Camporredondo,1997,0.319752
010515,Amazonas,Providencia,1997,0.194885
010102,Amazonas,Asuncion,1997,0.442619
010510,Amazonas,Luya Viejo,1997,0.195394
100601,Huanuco,Rupa-Rupa,1997,0.377806
010514,Amazonas,Pisuquia,1997,0.160161
060810,Cajamarca,San Felipe,1997,0.104057
010305,Amazonas,Cuispes,1997,0.28156
060905,Cajamarca,Namballe,1997,0.312098
010119,Amazonas,San Isidro De Maino,1997,0.126538
060801,Cajamarca,Jaen,1997,0.378664
010513,Amazonas,Ocumal,1997,0.285019
220912,San Martin,San Antonio,1997,0.285124
220903,San Martin,Cacatachi,1997,0.809458
120602,Junin,Coviriali,1997,0.382853
120304,Junin,San Luis De Shuaro,1997,0.311922
120601,Junin,Satipo,1997,0.211221
010203,Amazonas,Copallin,1997,0.445973
010112,Amazonas,Magdalena,1997,0.135074
220102,San Martin,Calzada,1997,0.7055
060805,Cajamarca,Huabal,1997,0.772764
010610,Amazonas,Santa Rosa,1997,0.629032
220503,San Martin,Barranquita,1997,0.198658
220801,San Martin,Rioja,1997,0.584189
220703,San Martin,Caspisapa,1997,0.439207
080904,Cusco,Maranura,1997,0.27876
010117,Amazonas,Quinjalca,1997,0.451711
250303,Ucayali,Curimana,1997,0.044488
010308,Amazonas,Recta,1997,0.576762
010115,Amazonas,Montevideo,1997,0.157248
010114,Amazonas,Molinopampa,1997,0.193599
010503,Amazonas,Cocabamba,1997,0.118209
060809,Cajamarca,Sallique,1997,0.153
010120,Amazonas,Soloco,1997,0.247726
010521,Amazonas,Santo Tomas,1997,0.377222
100113,Huanuco,San Pablo De Pillao,1997,0.130153
010602,Amazonas,Chirimoto,1997,0.257434
100603,Huanuco,Hermilio Valdizan,1997,0.165777
010111,Amazonas,Levanto,1997,0.21976
010518,Amazonas,San Jeronimo,1997,0.359131
010609,Amazonas,Omia,1997,0.18392
100902,Huanuco,Codo Del Pozuzo,1997,0.074133
010113,Amazonas,Mariscal Castilla,1997,0.268326
220101,San Martin,Moyobamba,1997,0.156684
010310,Amazonas,Shipasbamba,1997,0.215307
100103,Huanuco,Chinchao,1997,0.160159
010311,Amazonas,Valera,1997,0.183383
060907,Cajamarca,Tabaconas,1997,0.237803
160112,Loreto,Belen,1997,0.252198
200307,Piura,Sondor,1997,0.254717
220803,San Martin,Elias Soplin Vargas,1997,0.324871
010506,Amazonas,Inguilpata,1997,0.311189
220506,San Martin,Pinto Recodo,1997,0.170514
120303,Junin,Pichanaqui,1997,0.224523
010202,Amazonas,Aramango,1997,0.172795
010606,Amazonas,Longar,1997,0.275497
160101,Loreto,Iquitos,1997,0.290913
010507,Amazonas,Longuita,1997,0.365479
221001,San Martin,Tocache,1997,0.330017
010511,Amazonas,Maria,1997,0.188756
080901,Cusco,Santa Ana,1997,0.350644
120302,Junin,Perene,1997,0.310403
050409,Ayacucho,Canayre,1997,0.110971
221002,San Martin,Nuevo Progreso,1997,0.280552
200303,Piura,El Carmen De La Frontera,1997,0.219379
100609,Huanuco,Pueblo Nuevo,1997,0.327124
080903,Cusco,Huayopata,1997,0.183403
010604,Amazonas,Huambo,1997,0.805277
100505,Huanuco,Jircan,1997,0.043399
010512,Amazonas,Ocalli,1997,0.258827
010101,Amazonas,Chachapoyas,1997,0.237083
060903,Cajamarca,Huarango,1997,0.286272
010116,Amazonas,Olleros,1997,0.076557
010605,Amazonas,Limabamba,1997,0.138437
100804,Huanuco,Umari,1997,0.292353
220504,San Martin,Caynarachi,1997,0.129754
080905,Cusco,Ocobamba,1997,0.210855
010517,Amazonas,San Francisco Del Yeso,1997,0.34259
120609,Junin,Vizcatán Del Ene,1997,0.05268
060807,Cajamarca,Pomahuaca,1997,0.21129
010304,Amazonas,Corosha,1997,0.102982
221005,San Martin,Uchiza,1997,0.402457
220807,San Martin,San Fernando,1997,0.693474
050512,Ayacucho,Union Progreso,1997,0.715359
060804,Cajamarca,Colasay,1997,0.391894
160503,Loreto,Capelo,1997,0.129355
220910,San Martin,Morales,1997,0.774206
120604,Junin,Mazamari,1997,0.119349
120603,Junin,Llaylla,1997,0.202038
010520,Amazonas,Santa Catalina,1997,0.201237
010603,Amazonas,Cochamal,1997,0.111674
120209,Junin,Mariscal Castilla,1997,0.181412
010601,Amazonas,San Nicolas,1997,0.272089
010519,Amazonas,San Juan De Lopecancha,1997,0.371937
160211,Loreto,Teniente Cesar Lopez Rojas,1997,0.154005
080408,Cusco,Yanatile,1997,0.174732
050408,Ayacucho,Llochegua,1997,0.152834
100507,Huanuco,Monzon,1997,0.15636
081304,Cusco,Machupicchu,1997,0.106537
220909,San Martin,La Banda De Shilcayo,1997,0.248334
220103,San Martin,Habana,1997,0.830577
100606,Huanuco,Mariano Damaso Beraun,1997,0.155269
010508,Amazonas,Lonya Chico,1997,0.243208
170102,Madre De Dios,Inambari,1997,0.020331
050502,Ayacucho,Anco,1997,0.155424
010523,Amazonas,Trita,1997,0.501686
010516,Amazonas,San Cristobal,1997,0.361357
080918,Cusco,Union Ashaninka,1997,0.060376
221006,San Martin,Santa Lucia,1997,0.722099
100702,Huanuco,Cholon,1997,0.125535
211205,Puno,Phara,1997,0.022546
170204,Madre De Dios,Huepetuhe,1997,0.023934
010302,Amazonas,Chisquilla,1997,0.033732
050507,Ayacucho,Santa Rosa,1997,0.244709
220804,San Martin,Nueva Cajamarca,1997,0.359178
220809,San Martin,Yuracyacu,1997,0.699567
160603,Loreto,Padre Marquez,1997,0.048582
010522,Amazonas,Tingo,1997,0.272211
080906,Cusco,Quellouno,1997,0.179085
010301,Amazonas,Jumbilla,1997,0.210338
080917,Cusco,Manitea,1997,0.108029
250305,Ucayali,Alexander Von Humboldt,1998,0.501621
220509,San Martin,Shanao,1998,0.627098
250304,Ucayali,Neshuya,1998,0.315435
220501,San Martin,Lamas,1998,0.623868
220902,San Martin,Alberto Leveau,1998,0.384478
250102,Ucayali,Campoverde,1998,0.499959
220702,San Martin,Buenos Aires,1998,0.579113
220502,San Martin,Alonso De Alvarado,1998,0.442179
220404,San Martin,Piscoyacu,1998,0.403989
220708,San Martin,Shamboyacu,1998,0.167097
220204,San Martin,Huallaga,1998,0.180583
220605,San Martin,Pajarillo,1998,0.457809
010703,Amazonas,Cumba,1998,0.471681
220704,San Martin,Pilluana,1998,0.4955
220104,San Martin,Jepelacio,1998,0.503587
220505,San Martin,Cuñumbuqui,1998,0.630907
220507,San Martin,Rumisapa,1998,0.787616
220913,San Martin,Sauce,1998,0.330037
010608,Amazonas,Milpuc,1998,0.626957
220405,San Martin,Sacanche,1998,0.553069
220709,San Martin,Tingo De Ponasa,1998,0.419935
220304,San Martin,Santa Rosa,1998,0.569712
100903,Huanuco,Honoria,1998,0.215572
220203,San Martin,Bajo Biavo,1998,0.212706
220710,San Martin,Tres Unidos,1998,0.160103
220510,San Martin,Tabalosos,1998,0.409195
100904,Huanuco,Tournavista,1998,0.114311
010701,Amazonas,Bagua Grande,1998,0.389782
220701,San Martin,Picota,1998,0.494886
220403,San Martin,El Eslabon,1998,0.572686
250105,Ucayali,Yarinacocha,1998,0.541159
220914,San Martin,Shapaja,1998,0.340218
010707,Amazonas,Yamon,1998,0.40906
010705,Amazonas,Jamalca,1998,0.336069
220205,San Martin,San Pablo,1998,0.649004
220705,San Martin,Pucacaca,1998,0.475126
220601,San Martin,Juanjui,1998,0.387743
100905,Huanuco,Yuyapichis,1998,0.091982
100608,Huanuco,Castillo Grande,1998,0.572148
220302,San Martin,Agua Blanca,1998,0.659342
250306,Ucayali,Huipoca,1998,0.16094
010611,Amazonas,Totora,1998,0.62028
010706,Amazonas,Lonya Grande,1998,0.321382
220706,San Martin,San Cristobal,1998,0.491161
010303,Amazonas,Churuja,1998,0.172523
220301,San Martin,San Jose De Sisa,1998,0.596302
010204,Amazonas,El Parco,1998,0.698541
010306,Amazonas,Florida,1998,0.283187
220303,San Martin,San Martin,1998,0.157206
220106,San Martin,Yantalo,1998,0.578397
220305,San Martin,Shatoja,1998,0.578257
010104,Amazonas,Cheto,1998,0.273703
160201,Loreto,Yurimaguas,1998,0.260944
060901,Cajamarca,San Ignacio,1998,0.589576
220511,San Martin,Zapatero,1998,0.823484
060811,Cajamarca,San Jose Del Alto,1998,0.410618
010206,Amazonas,La Peca,1998,0.609467
220401,San Martin,Saposoa,1998,0.268742
060902,Cajamarca,Chirinos,1998,0.486796
220908,San Martin,Juan Guerra,1998,0.656094
060904,Cajamarca,La Coipa,1998,0.495676
220808,San Martin,Yorongos,1998,0.526221
120607,Junin,Rio Negro,1998,0.351758
060812,Cajamarca,Santa Rosa,1998,0.646639
250106,Ucayali,Nueva Requena,1998,0.097703
220802,San Martin,Awajun,1998,0.200423
250302,Ucayali,Irazola,1998,0.100063
010109,Amazonas,La Jalca,1998,0.25928
220906,San Martin,El Porvenir,1998,0.136384
220707,San Martin,San Hilarion,1998,0.439126
220806,San Martin,Posic,1998,0.495814
220406,San Martin,Tingo De Saposoa,1998,0.593478
100901,Huanuco,Puerto Inca,1998,0.111427
010105,Amazonas,Chiliquin,1998,0.172037
220105,San Martin,Soritor,1998,0.242266
220201,San Martin,Bellavista,1998,0.693159
060803,Cajamarca,Chontali,1998,0.351906
100605,Huanuco,Luyando,1998,0.716431
010307,Amazonas,Jazan,1998,0.430108
010502,Amazonas,Camporredondo,1998,0.328848
010515,Amazonas,Providencia,1998,0.211108
010102,Amazonas,Asuncion,1998,0.412231
010510,Amazonas,Luya Viejo,1998,0.184287
100601,Huanuco,Rupa-Rupa,1998,0.37653
010514,Amazonas,Pisuquia,1998,0.15907
060810,Cajamarca,San Felipe,1998,0.10223
010305,Amazonas,Cuispes,1998,0.268749
060905,Cajamarca,Namballe,1998,0.309581
010119,Amazonas,San Isidro De Maino,1998,0.12186
060801,Cajamarca,Jaen,1998,0.433669
010513,Amazonas,Ocumal,1998,0.277211
220912,San Martin,San Antonio,1998,0.290708
220903,San Martin,Cacatachi,1998,0.821077
120602,Junin,Coviriali,1998,0.380634
120304,Junin,San Luis De Shuaro,1998,0.305716
120601,Junin,Satipo,1998,0.210007
010203,Amazonas,Copallin,1998,0.453573
010112,Amazonas,Magdalena,1998,0.133584
220102,San Martin,Calzada,1998,0.708831
060805,Cajamarca,Huabal,1998,0.780569
010610,Amazonas,Santa Rosa,1998,0.640195
220503,San Martin,Barranquita,1998,0.203904
220801,San Martin,Rioja,1998,0.594739
220703,San Martin,Caspisapa,1998,0.436381
080904,Cusco,Maranura,1998,0.283104
010117,Amazonas,Quinjalca,1998,0.419717
250303,Ucayali,Curimana,1998,0.048267
010308,Amazonas,Recta,1998,0.571972
010115,Amazonas,Montevideo,1998,0.158454
010114,Amazonas,Molinopampa,1998,0.191004
010503,Amazonas,Cocabamba,1998,0.121619
060809,Cajamarca,Sallique,1998,0.150708
010120,Amazonas,Soloco,1998,0.232182
010521,Amazonas,Santo Tomas,1998,0.365688
100113,Huanuco,San Pablo De Pillao,1998,0.129686
010602,Amazonas,Chirimoto,1998,0.265736
100603,Huanuco,Hermilio Valdizan,1998,0.170448
010111,Amazonas,Levanto,1998,0.225166
010518,Amazonas,San Jeronimo,1998,0.343141
010609,Amazonas,Omia,1998,0.18716
100902,Huanuco,Codo Del Pozuzo,1998,0.075252
010113,Amazonas,Mariscal Castilla,1998,0.268686
220101,San Martin,Moyobamba,1998,0.158329
010310,Amazonas,Shipasbamba,1998,0.217549
100103,Huanuco,Chinchao,1998,0.159139
010311,Amazonas,Valera,1998,0.169055
060907,Cajamarca,Tabaconas,1998,0.241284
160112,Loreto,Belen,1998,0.257215
200307,Piura,Sondor,1998,0.25186
220803,San Martin,Elias Soplin Vargas,1998,0.340571
010506,Amazonas,Inguilpata,1998,0.292068
220506,San Martin,Pinto Recodo,1998,0.188816
120303,Junin,Pichanaqui,1998,0.22473
010202,Amazonas,Aramango,1998,0.193762
010606,Amazonas,Longar,1998,0.279595
160101,Loreto,Iquitos,1998,0.296043
010507,Amazonas,Longuita,1998,0.362858
221001,San Martin,Tocache,1998,0.332357
010511,Amazonas,Maria,1998,0.18068
080901,Cusco,Santa Ana,1998,0.346327
120302,Junin,Perene,1998,0.307645
050409,Ayacucho,Canayre,1998,0.110773
221002,San Martin,Nuevo Progreso,1998,0.280399
200303,Piura,El Carmen De La Frontera,1998,0.218892
100609,Huanuco,Pueblo Nuevo,1998,0.323052
080903,Cusco,Huayopata,1998,0.182066
010604,Amazonas,Huambo,1998,0.814584
100505,Huanuco,Jircan,1998,0.038939
010512,Amazonas,Ocalli,1998,0.244113
010101,Amazonas,Chachapoyas,1998,0.251235
060903,Cajamarca,Huarango,1998,0.29461
010116,Amazonas,Olleros,1998,0.071117
010605,Amazonas,Limabamba,1998,0.145031
100804,Huanuco,Umari,1998,0.280991
220504,San Martin,Caynarachi,1998,0.126201
080905,Cusco,Ocobamba,1998,0.212033
010517,Amazonas,San Francisco Del Yeso,1998,0.338021
120609,Junin,Vizcatán Del Ene,1998,0.052221
060807,Cajamarca,Pomahuaca,1998,0.216803
010304,Amazonas,Corosha,1998,0.107098
221005,San Martin,Uchiza,1998,0.40845
220807,San Martin,San Fernando,1998,0.694002
050512,Ayacucho,Union Progreso,1998,0.718391
060804,Cajamarca,Colasay,1998,0.448976
160503,Loreto,Capelo,1998,0.130218
220910,San Martin,Morales,1998,0.780586
120604,Junin,Mazamari,1998,0.118062
120603,Junin,Llaylla,1998,0.196959
010520,Amazonas,Santa Catalina,1998,0.190204
010603,Amazonas,Cochamal,1998,0.111875
120209,Junin,Mariscal Castilla,1998,0.178313
010601,Amazonas,San Nicolas,1998,0.275151
010519,Amazonas,San Juan De Lopecancha,1998,0.412215
160211,Loreto,Teniente Cesar Lopez Rojas,1998,0.157644
080408,Cusco,Yanatile,1998,0.177045
050408,Ayacucho,Llochegua,1998,0.149524
100507,Huanuco,Monzon,1998,0.156466
081304,Cusco,Machupicchu,1998,0.104798
220909,San Martin,La Banda De Shilcayo,1998,0.25682
220103,San Martin,Habana,1998,0.818263
100606,Huanuco,Mariano Damaso Beraun,1998,0.159072
010508,Amazonas,Lonya Chico,1998,0.246674
170102,Madre De Dios,Inambari,1998,0.020947
050502,Ayacucho,Anco,1998,0.151383
010523,Amazonas,Trita,1998,0.540233
010516,Amazonas,San Cristobal,1998,0.404344
080918,Cusco,Union Ashaninka,1998,0.060772
221006,San Martin,Santa Lucia,1998,0.730027
100702,Huanuco,Cholon,1998,0.131674
211205,Puno,Phara,1998,0.019495
170204,Madre De Dios,Huepetuhe,1998,0.023842
010302,Amazonas,Chisquilla,1998,0.030389
050507,Ayacucho,Santa Rosa,1998,0.243092
220804,San Martin,Nueva Cajamarca,1998,0.372753
220809,San Martin,Yuracyacu,1998,0.723444
160603,Loreto,Padre Marquez,1998,0.049332
010522,Amazonas,Tingo,1998,0.302862
080906,Cusco,Quellouno,1998,0.184326
010301,Amazonas,Jumbilla,1998,0.201283
080917,Cusco,Manitea,1998,0.107681
250305,Ucayali,Alexander Von Humboldt,1999,0.521444
220509,San Martin,Shanao,1999,0.63301
250304,Ucayali,Neshuya,1999,0.327987
220501,San Martin,Lamas,1999,0.642089
220902,San Martin,Alberto Leveau,1999,0.386348
250102,Ucayali,Campoverde,1999,0.510655
220702,San Martin,Buenos Aires,1999,0.567669
220502,San Martin,Alonso De Alvarado,1999,0.455627
220404,San Martin,Piscoyacu,1999,0.408083
220708,San Martin,Shamboyacu,1999,0.183644
220204,San Martin,Huallaga,1999,0.18894
220605,San Martin,Pajarillo,1999,0.470092
010703,Amazonas,Cumba,1999,0.475296
220704,San Martin,Pilluana,1999,0.487384
220104,San Martin,Jepelacio,1999,0.520555
220505,San Martin,Cuñumbuqui,1999,0.621959
220507,San Martin,Rumisapa,1999,0.782965
220913,San Martin,Sauce,1999,0.332969
010608,Amazonas,Milpuc,1999,0.61407
220405,San Martin,Sacanche,1999,0.556208
220709,San Martin,Tingo De Ponasa,1999,0.439637
220304,San Martin,Santa Rosa,1999,0.576322
100903,Huanuco,Honoria,1999,0.228519
220203,San Martin,Bajo Biavo,1999,0.220976
220710,San Martin,Tres Unidos,1999,0.188308
220510,San Martin,Tabalosos,1999,0.411721
100904,Huanuco,Tournavista,1999,0.119182
010701,Amazonas,Bagua Grande,1999,0.400971
220701,San Martin,Picota,1999,0.477573
220403,San Martin,El Eslabon,1999,0.574822
250105,Ucayali,Yarinacocha,1999,0.543961
220914,San Martin,Shapaja,1999,0.345822
010707,Amazonas,Yamon,1999,0.417184
010705,Amazonas,Jamalca,1999,0.335673
220205,San Martin,San Pablo,1999,0.641805
220705,San Martin,Pucacaca,1999,0.456123
220601,San Martin,Juanjui,1999,0.393507
100905,Huanuco,Yuyapichis,1999,0.099025
100608,Huanuco,Castillo Grande,1999,0.578992
220302,San Martin,Agua Blanca,1999,0.653554
250306,Ucayali,Huipoca,1999,0.152458
010611,Amazonas,Totora,1999,0.626772
010706,Amazonas,Lonya Grande,1999,0.321155
220706,San Martin,San Cristobal,1999,0.462031
010303,Amazonas,Churuja,1999,0.168945
220301,San Martin,San Jose De Sisa,1999,0.600903
010204,Amazonas,El Parco,1999,0.712348
010306,Amazonas,Florida,1999,0.295222
220303,San Martin,San Martin,1999,0.16569
220106,San Martin,Yantalo,1999,0.559387
220305,San Martin,Shatoja,1999,0.587051
010104,Amazonas,Cheto,1999,0.27364
160201,Loreto,Yurimaguas,1999,0.263646
060901,Cajamarca,San Ignacio,1999,0.599255
220511,San Martin,Zapatero,1999,0.822928
060811,Cajamarca,San Jose Del Alto,1999,0.413518
010206,Amazonas,La Peca,1999,0.623616
220401,San Martin,Saposoa,1999,0.267085
060902,Cajamarca,Chirinos,1999,0.520428
220908,San Martin,Juan Guerra,1999,0.628178
060904,Cajamarca,La Coipa,1999,0.51352
220808,San Martin,Yorongos,1999,0.532245
120607,Junin,Rio Negro,1999,0.356041
060812,Cajamarca,Santa Rosa,1999,0.647649
250106,Ucayali,Nueva Requena,1999,0.097032
220802,San Martin,Awajun,1999,0.206172
250302,Ucayali,Irazola,1999,0.099066
010109,Amazonas,La Jalca,1999,0.251342
220906,San Martin,El Porvenir,1999,0.143326
220707,San Martin,San Hilarion,1999,0.396057
220806,San Martin,Posic,1999,0.47325
220406,San Martin,Tingo De Saposoa,1999,0.600095
100901,Huanuco,Puerto Inca,1999,0.118949
010105,Amazonas,Chiliquin,1999,0.163986
220105,San Martin,Soritor,1999,0.245931
220201,San Martin,Bellavista,1999,0.683729
060803,Cajamarca,Chontali,1999,0.353885
100605,Huanuco,Luyando,1999,0.723258
010307,Amazonas,Jazan,1999,0.431341
010502,Amazonas,Camporredondo,1999,0.318195
010515,Amazonas,Providencia,1999,0.187021
010102,Amazonas,Asuncion,1999,0.410394
010510,Amazonas,Luya Viejo,1999,0.188751
100601,Huanuco,Rupa-Rupa,1999,0.378562
010514,Amazonas,Pisuquia,1999,0.161203
060810,Cajamarca,San Felipe,1999,0.108284
010305,Amazonas,Cuispes,1999,0.273738
060905,Cajamarca,Namballe,1999,0.315959
010119,Amazonas,San Isidro De Maino,1999,0.125467
060801,Cajamarca,Jaen,1999,0.46957
010513,Amazonas,Ocumal,1999,0.27587
220912,San Martin,San Antonio,1999,0.29973
220903,San Martin,Cacatachi,1999,0.772332
120602,Junin,Coviriali,1999,0.383644
120304,Junin,San Luis De Shuaro,1999,0.306939
120601,Junin,Satipo,1999,0.213477
010203,Amazonas,Copallin,1999,0.465093
010112,Amazonas,Magdalena,1999,0.128458
220102,San Martin,Calzada,1999,0.702085
060805,Cajamarca,Huabal,1999,0.797952
010610,Amazonas,Santa Rosa,1999,0.641909
220503,San Martin,Barranquita,1999,0.213184
220801,San Martin,Rioja,1999,0.603692
220703,San Martin,Caspisapa,1999,0.418108
080904,Cusco,Maranura,1999,0.28866
010117,Amazonas,Quinjalca,1999,0.405924
250303,Ucayali,Curimana,1999,0.050467
010308,Amazonas,Recta,1999,0.570894
010115,Amazonas,Montevideo,1999,0.165244
010114,Amazonas,Molinopampa,1999,0.190191
010503,Amazonas,Cocabamba,1999,0.118957
060809,Cajamarca,Sallique,1999,0.163217
010120,Amazonas,Soloco,1999,0.237819
010521,Amazonas,Santo Tomas,1999,0.359407
100113,Huanuco,San Pablo De Pillao,1999,0.128707
010602,Amazonas,Chirimoto,1999,0.262957
100603,Huanuco,Hermilio Valdizan,1999,0.179661
010111,Amazonas,Levanto,1999,0.218608
010518,Amazonas,San Jeronimo,1999,0.34172
010609,Amazonas,Omia,1999,0.183466
100902,Huanuco,Codo Del Pozuzo,1999,0.080279
010113,Amazonas,Mariscal Castilla,1999,0.257318
220101,San Martin,Moyobamba,1999,0.158785
010310,Amazonas,Shipasbamba,1999,0.216981
100103,Huanuco,Chinchao,1999,0.159516
010311,Amazonas,Valera,1999,0.158465
060907,Cajamarca,Tabaconas,1999,0.245912
160112,Loreto,Belen,1999,0.261855
200307,Piura,Sondor,1999,0.253798
220803,San Martin,Elias Soplin Vargas,1999,0.35332
010506,Amazonas,Inguilpata,1999,0.290455
220506,San Martin,Pinto Recodo,1999,0.194483
120303,Junin,Pichanaqui,1999,0.228233
010202,Amazonas,Aramango,1999,0.199676
010606,Amazonas,Longar,1999,0.2782
160101,Loreto,Iquitos,1999,0.301984
010507,Amazonas,Longuita,1999,0.368645
221001,San Martin,Tocache,1999,0.345238
010511,Amazonas,Maria,1999,0.184692
080901,Cusco,Santa Ana,1999,0.343632
120302,Junin,Perene,1999,0.306581
050409,Ayacucho,Canayre,1999,0.109166
221002,San Martin,Nuevo Progreso,1999,0.283165
200303,Piura,El Carmen De La Frontera,1999,0.22361
100609,Huanuco,Pueblo Nuevo,1999,0.323314
080903,Cusco,Huayopata,1999,0.181763
010604,Amazonas,Huambo,1999,0.815145
100505,Huanuco,Jircan,1999,0.042585
010512,Amazonas,Ocalli,1999,0.237519
010101,Amazonas,Chachapoyas,1999,0.256482
060903,Cajamarca,Huarango,1999,0.310762
010116,Amazonas,Olleros,1999,0.072717
010605,Amazonas,Limabamba,1999,0.152031
100804,Huanuco,Umari,1999,0.294142
220504,San Martin,Caynarachi,1999,0.124748
080905,Cusco,Ocobamba,1999,0.213253
010517,Amazonas,San Francisco Del Yeso,1999,0.339702
120609,Junin,Vizcatán Del Ene,1999,0.0504
060807,Cajamarca,Pomahuaca,1999,0.221986
010304,Amazonas,Corosha,1999,0.112933
221005,San Martin,Uchiza,1999,0.413538
220807,San Martin,San Fernando,1999,0.691621
050512,Ayacucho,Union Progreso,1999,0.716964
060804,Cajamarca,Colasay,1999,0.472681
160503,Loreto,Capelo,1999,0.126573
220910,San Martin,Morales,1999,0.748528
120604,Junin,Mazamari,1999,0.120712
120603,Junin,Llaylla,1999,0.199812
010520,Amazonas,Santa Catalina,1999,0.188433
010603,Amazonas,Cochamal,1999,0.119708
120209,Junin,Mariscal Castilla,1999,0.180571
010601,Amazonas,San Nicolas,1999,0.267974
010519,Amazonas,San Juan De Lopecancha,1999,0.416066
160211,Loreto,Teniente Cesar Lopez Rojas,1999,0.163237
080408,Cusco,Yanatile,1999,0.181222
050408,Ayacucho,Llochegua,1999,0.148586
100507,Huanuco,Monzon,1999,0.157436
081304,Cusco,Machupicchu,1999,0.104948
220909,San Martin,La Banda De Shilcayo,1999,0.256077
220103,San Martin,Habana,1999,0.816958
100606,Huanuco,Mariano Damaso Beraun,1999,0.162792
010508,Amazonas,Lonya Chico,1999,0.260221
170102,Madre De Dios,Inambari,1999,0.020305
050502,Ayacucho,Anco,1999,0.152397
010523,Amazonas,Trita,1999,0.570384
010516,Amazonas,San Cristobal,1999,0.414252
080918,Cusco,Union Ashaninka,1999,0.059876
221006,San Martin,Santa Lucia,1999,0.747425
100702,Huanuco,Cholon,1999,0.134797
211205,Puno,Phara,1999,0.020029
170204,Madre De Dios,Huepetuhe,1999,0.023305
010302,Amazonas,Chisquilla,1999,0.033215
050507,Ayacucho,Santa Rosa,1999,0.242095
220804,San Martin,Nueva Cajamarca,1999,0.381022
220809,San Martin,Yuracyacu,1999,0.733805
160603,Loreto,Padre Marquez,1999,0.049851
010522,Amazonas,Tingo,1999,0.307175
080906,Cusco,Quellouno,1999,0.186477
010301,Amazonas,Jumbilla,1999,0.202286
080917,Cusco,Manitea,1999,0.107852
250305,Ucayali,Alexander Von Humboldt,2000,0.540472
220509,San Martin,Shanao,2000,0.659356
250304,Ucayali,Neshuya,2000,0.33624
220501,San Martin,Lamas,2000,0.651137
220902,San Martin,Alberto Leveau,2000,0.367169
250102,Ucayali,Campoverde,2000,0.513292
220702,San Martin,Buenos Aires,2000,0.553852
220502,San Martin,Alonso De Alvarado,2000,0.463073
220404,San Martin,Piscoyacu,2000,0.42067
220708,San Martin,Shamboyacu,2000,0.190009
220204,San Martin,Huallaga,2000,0.200262
220605,San Martin,Pajarillo,2000,0.478989
010703,Amazonas,Cumba,2000,0.483605
220704,San Martin,Pilluana,2000,0.473645
220104,San Martin,Jepelacio,2000,0.532204
220505,San Martin,Cuñumbuqui,2000,0.617944
220507,San Martin,Rumisapa,2000,0.773157
220913,San Martin,Sauce,2000,0.329341
010608,Amazonas,Milpuc,2000,0.609333
220405,San Martin,Sacanche,2000,0.566162
220709,San Martin,Tingo De Ponasa,2000,0.453579
220304,San Martin,Santa Rosa,2000,0.60149
100903,Huanuco,Honoria,2000,0.237917
220203,San Martin,Bajo Biavo,2000,0.238112
220710,San Martin,Tres Unidos,2000,0.204326
220510,San Martin,Tabalosos,2000,0.418214
100904,Huanuco,Tournavista,2000,0.121386
010701,Amazonas,Bagua Grande,2000,0.421163
220701,San Martin,Picota,2000,0.472088
220403,San Martin,El Eslabon,2000,0.587367
250105,Ucayali,Yarinacocha,2000,0.548387
220914,San Martin,Shapaja,2000,0.34788
010707,Amazonas,Yamon,2000,0.415015
010705,Amazonas,Jamalca,2000,0.333627
220205,San Martin,San Pablo,2000,0.670614
220705,San Martin,Pucacaca,2000,0.4496
220601,San Martin,Juanjui,2000,0.396961
100905,Huanuco,Yuyapichis,2000,0.103603
100608,Huanuco,Castillo Grande,2000,0.571124
220302,San Martin,Agua Blanca,2000,0.667025
250306,Ucayali,Huipoca,2000,0.141727
010611,Amazonas,Totora,2000,0.6206
010706,Amazonas,Lonya Grande,2000,0.311735
220706,San Martin,San Cristobal,2000,0.45663
010303,Amazonas,Churuja,2000,0.152173
220301,San Martin,San Jose De Sisa,2000,0.614401
010204,Amazonas,El Parco,2000,0.714894
010306,Amazonas,Florida,2000,0.302362
220303,San Martin,San Martin,2000,0.17886
220106,San Martin,Yantalo,2000,0.558697
220305,San Martin,Shatoja,2000,0.600143
010104,Amazonas,Cheto,2000,0.261981
160201,Loreto,Yurimaguas,2000,0.266568
060901,Cajamarca,San Ignacio,2000,0.607491
220511,San Martin,Zapatero,2000,0.82441
060811,Cajamarca,San Jose Del Alto,2000,0.433908
010206,Amazonas,La Peca,2000,0.624434
220401,San Martin,Saposoa,2000,0.272542
060902,Cajamarca,Chirinos,2000,0.527836
220908,San Martin,Juan Guerra,2000,0.602763
060904,Cajamarca,La Coipa,2000,0.521349
220808,San Martin,Yorongos,2000,0.55036
120607,Junin,Rio Negro,2000,0.359421
060812,Cajamarca,Santa Rosa,2000,0.646258
250106,Ucayali,Nueva Requena,2000,0.095768
220802,San Martin,Awajun,2000,0.215035
250302,Ucayali,Irazola,2000,0.100408
010109,Amazonas,La Jalca,2000,0.255318
220906,San Martin,El Porvenir,2000,0.145632
220707,San Martin,San Hilarion,2000,0.399906
220806,San Martin,Posic,2000,0.501125
220406,San Martin,Tingo De Saposoa,2000,0.612383
100901,Huanuco,Puerto Inca,2000,0.120981
010105,Amazonas,Chiliquin,2000,0.159301
220105,San Martin,Soritor,2000,0.254433
220201,San Martin,Bellavista,2000,0.690777
060803,Cajamarca,Chontali,2000,0.354405
100605,Huanuco,Luyando,2000,0.707735
010307,Amazonas,Jazan,2000,0.434077
010502,Amazonas,Camporredondo,2000,0.310424
010515,Amazonas,Providencia,2000,0.184197
010102,Amazonas,Asuncion,2000,0.390162
010510,Amazonas,Luya Viejo,2000,0.188685
100601,Huanuco,Rupa-Rupa,2000,0.373498
010514,Amazonas,Pisuquia,2000,0.161234
060810,Cajamarca,San Felipe,2000,0.107954
010305,Amazonas,Cuispes,2000,0.266314
060905,Cajamarca,Namballe,2000,0.314394
010119,Amazonas,San Isidro De Maino,2000,0.130343
060801,Cajamarca,Jaen,2000,0.471257
010513,Amazonas,Ocumal,2000,0.268941
220912,San Martin,San Antonio,2000,0.302159
220903,San Martin,Cacatachi,2000,0.74298
120602,Junin,Coviriali,2000,0.386061
120304,Junin,San Luis De Shuaro,2000,0.311525
120601,Junin,Satipo,2000,0.216335
010203,Amazonas,Copallin,2000,0.465839
010112,Amazonas,Magdalena,2000,0.131319
220102,San Martin,Calzada,2000,0.726473
060805,Cajamarca,Huabal,2000,0.80497
010610,Amazonas,Santa Rosa,2000,0.644194
220503,San Martin,Barranquita,2000,0.220765
220801,San Martin,Rioja,2000,0.614262
220703,San Martin,Caspisapa,2000,0.399764
080904,Cusco,Maranura,2000,0.285148
010117,Amazonas,Quinjalca,2000,0.398732
250303,Ucayali,Curimana,2000,0.051935
010308,Amazonas,Recta,2000,0.561473
010115,Amazonas,Montevideo,2000,0.174778
010114,Amazonas,Molinopampa,2000,0.187176
010503,Amazonas,Cocabamba,2000,0.120647
060809,Cajamarca,Sallique,2000,0.165964
010120,Amazonas,Soloco,2000,0.241232
010521,Amazonas,Santo Tomas,2000,0.362646
100113,Huanuco,San Pablo De Pillao,2000,0.130366
010602,Amazonas,Chirimoto,2000,0.263697
100603,Huanuco,Hermilio Valdizan,2000,0.17722
010111,Amazonas,Levanto,2000,0.212715
010518,Amazonas,San Jeronimo,2000,0.336962
010609,Amazonas,Omia,2000,0.182163
100902,Huanuco,Codo Del Pozuzo,2000,0.093071
010113,Amazonas,Mariscal Castilla,2000,0.263695
220101,San Martin,Moyobamba,2000,0.166157
010310,Amazonas,Shipasbamba,2000,0.218947
100103,Huanuco,Chinchao,2000,0.162066
010311,Amazonas,Valera,2000,0.151466
060907,Cajamarca,Tabaconas,2000,0.24396
160112,Loreto,Belen,2000,0.256196
200307,Piura,Sondor,2000,0.265021
220803,San Martin,Elias Soplin Vargas,2000,0.358712
010506,Amazonas,Inguilpata,2000,0.290463
220506,San Martin,Pinto Recodo,2000,0.198601
120303,Junin,Pichanaqui,2000,0.23594
010202,Amazonas,Aramango,2000,0.212868
010606,Amazonas,Longar,2000,0.282482
160101,Loreto,Iquitos,2000,0.305441
010507,Amazonas,Longuita,2000,0.379037
221001,San Martin,Tocache,2000,0.355548
010511,Amazonas,Maria,2000,0.192039
080901,Cusco,Santa Ana,2000,0.334079
120302,Junin,Perene,2000,0.313353
050409,Ayacucho,Canayre,2000,0.111767
221002,San Martin,Nuevo Progreso,2000,0.275223
200303,Piura,El Carmen De La Frontera,2000,0.226907
100609,Huanuco,Pueblo Nuevo,2000,0.306547
080903,Cusco,Huayopata,2000,0.182661
010604,Amazonas,Huambo,2000,0.816427
100505,Huanuco,Jircan,2000,0.046941
010512,Amazonas,Ocalli,2000,0.236842
010101,Amazonas,Chachapoyas,2000,0.250631
060903,Cajamarca,Huarango,2000,0.315604
010116,Amazonas,Olleros,2000,0.07599
010605,Amazonas,Limabamba,2000,0.158081
100804,Huanuco,Umari,2000,0.289868
220504,San Martin,Caynarachi,2000,0.123686
080905,Cusco,Ocobamba,2000,0.211992
010517,Amazonas,San Francisco Del Yeso,2000,0.347962
120609,Junin,Vizcatán Del Ene,2000,0.050164
060807,Cajamarca,Pomahuaca,2000,0.228755
010304,Amazonas,Corosha,2000,0.111505
221005,San Martin,Uchiza,2000,0.415965
220807,San Martin,San Fernando,2000,0.723241
050512,Ayacucho,Union Progreso,2000,0.726618
060804,Cajamarca,Colasay,2000,0.474972
160503,Loreto,Capelo,2000,0.123013
220910,San Martin,Morales,2000,0.720676
120604,Junin,Mazamari,2000,0.121394
120603,Junin,Llaylla,2000,0.19817
010520,Amazonas,Santa Catalina,2000,0.184124
010603,Amazonas,Cochamal,2000,0.127177
120209,Junin,Mariscal Castilla,2000,0.207555
010601,Amazonas,San Nicolas,2000,0.266443
010519,Amazonas,San Juan De Lopecancha,2000,0.427361
160211,Loreto,Teniente Cesar Lopez Rojas,2000,0.168363
080408,Cusco,Yanatile,2000,0.17942
050408,Ayacucho,Llochegua,2000,0.150312
100507,Huanuco,Monzon,2000,0.157366
081304,Cusco,Machupicchu,2000,0.102285
220909,San Martin,La Banda De Shilcayo,2000,0.252639
220103,San Martin,Habana,2000,0.865412
100606,Huanuco,Mariano Damaso Beraun,2000,0.163951
010508,Amazonas,Lonya Chico,2000,0.261193
170102,Madre De Dios,Inambari,2000,0.019011
050502,Ayacucho,Anco,2000,0.152138
010523,Amazonas,Trita,2000,0.563069
010516,Amazonas,San Cristobal,2000,0.415553
080918,Cusco,Union Ashaninka,2000,0.059898
221006,San Martin,Santa Lucia,2000,0.757154
100702,Huanuco,Cholon,2000,0.130654
211205,Puno,Phara,2000,0.023124
170204,Madre De Dios,Huepetuhe,2000,0.023654
010302,Amazonas,Chisquilla,2000,0.03167
050507,Ayacucho,Santa Rosa,2000,0.253355
220804,San Martin,Nueva Cajamarca,2000,0.388631
220809,San Martin,Yuracyacu,2000,0.753225
160603,Loreto,Padre Marquez,2000,0.049141
010522,Amazonas,Tingo,2000,0.3197
080906,Cusco,Quellouno,2000,0.188104
010301,Amazonas,Jumbilla,2000,0.196685
080917,Cusco,Manitea,2000,0.117882
250305,Ucayali,Alexander Von Humboldt,2001,0.563782
220509,San Martin,Shanao,2001,0.640016
250304,Ucayali,Neshuya,2001,0.358369
220501,San Martin,Lamas,2001,0.622234
220902,San Martin,Alberto Leveau,2001,0.373242
250102,Ucayali,Campoverde,2001,0.525939
220702,San Martin,Buenos Aires,2001,0.574192
220502,San Martin,Alonso De Alvarado,2001,0.453377
220404,San Martin,Piscoyacu,2001,0.429678
220708,San Martin,Shamboyacu,2001,0.204928
220204,San Martin,Huallaga,2001,0.224193
220605,San Martin,Pajarillo,2001,0.501528
010703,Amazonas,Cumba,2001,0.473156
220704,San Martin,Pilluana,2001,0.493202
220104,San Martin,Jepelacio,2001,0.522874
220505,San Martin,Cuñumbuqui,2001,0.631019
220507,San Martin,Rumisapa,2001,0.747581
220913,San Martin,Sauce,2001,0.319628
010608,Amazonas,Milpuc,2001,0.607099
220405,San Martin,Sacanche,2001,0.581522
220709,San Martin,Tingo De Ponasa,2001,0.473215
220304,San Martin,Santa Rosa,2001,0.607847
100903,Huanuco,Honoria,2001,0.251387
220203,San Martin,Bajo Biavo,2001,0.253934
220710,San Martin,Tres Unidos,2001,0.223315
220510,San Martin,Tabalosos,2001,0.418943
100904,Huanuco,Tournavista,2001,0.127338
010701,Amazonas,Bagua Grande,2001,0.417885
220701,San Martin,Picota,2001,0.481429
220403,San Martin,El Eslabon,2001,0.595905
250105,Ucayali,Yarinacocha,2001,0.544535
220914,San Martin,Shapaja,2001,0.345609
010707,Amazonas,Yamon,2001,0.42068
010705,Amazonas,Jamalca,2001,0.331081
220205,San Martin,San Pablo,2001,0.68003
220705,San Martin,Pucacaca,2001,0.463354
220601,San Martin,Juanjui,2001,0.404864
100905,Huanuco,Yuyapichis,2001,0.113364
100608,Huanuco,Castillo Grande,2001,0.575591
220302,San Martin,Agua Blanca,2001,0.671411
250306,Ucayali,Huipoca,2001,0.131202
010611,Amazonas,Totora,2001,0.625263
010706,Amazonas,Lonya Grande,2001,0.322103
220706,San Martin,San Cristobal,2001,0.451613
010303,Amazonas,Churuja,2001,0.159972
220301,San Martin,San Jose De Sisa,2001,0.616837
010204,Amazonas,El Parco,2001,0.712299
010306,Amazonas,Florida,2001,0.306304
220303,San Martin,San Martin,2001,0.191487
220106,San Martin,Yantalo,2001,0.560741
220305,San Martin,Shatoja,2001,0.600043
010104,Amazonas,Cheto,2001,0.264675
160201,Loreto,Yurimaguas,2001,0.272879
060901,Cajamarca,San Ignacio,2001,0.615207
220511,San Martin,Zapatero,2001,0.823051
060811,Cajamarca,San Jose Del Alto,2001,0.432788
010206,Amazonas,La Peca,2001,0.625582
220401,San Martin,Saposoa,2001,0.272764
060902,Cajamarca,Chirinos,2001,0.51114
220908,San Martin,Juan Guerra,2001,0.617811
060904,Cajamarca,La Coipa,2001,0.52296
220808,San Martin,Yorongos,2001,0.552992
120607,Junin,Rio Negro,2001,0.369539
060812,Cajamarca,Santa Rosa,2001,0.625881
250106,Ucayali,Nueva Requena,2001,0.09704
220802,San Martin,Awajun,2001,0.225567
250302,Ucayali,Irazola,2001,0.104109
010109,Amazonas,La Jalca,2001,0.266259
220906,San Martin,El Porvenir,2001,0.152013
220707,San Martin,San Hilarion,2001,0.413068
220806,San Martin,Posic,2001,0.498216
220406,San Martin,Tingo De Saposoa,2001,0.613328
100901,Huanuco,Puerto Inca,2001,0.128001
010105,Amazonas,Chiliquin,2001,0.165839
220105,San Martin,Soritor,2001,0.25248
220201,San Martin,Bellavista,2001,0.690671
060803,Cajamarca,Chontali,2001,0.354266
100605,Huanuco,Luyando,2001,0.708764
010307,Amazonas,Jazan,2001,0.438045
010502,Amazonas,Camporredondo,2001,0.312542
010515,Amazonas,Providencia,2001,0.186747
010102,Amazonas,Asuncion,2001,0.381972
010510,Amazonas,Luya Viejo,2001,0.193687
100601,Huanuco,Rupa-Rupa,2001,0.374684
010514,Amazonas,Pisuquia,2001,0.160396
060810,Cajamarca,San Felipe,2001,0.102685
010305,Amazonas,Cuispes,2001,0.266212
060905,Cajamarca,Namballe,2001,0.324794
010119,Amazonas,San Isidro De Maino,2001,0.138003
060801,Cajamarca,Jaen,2001,0.445615
010513,Amazonas,Ocumal,2001,0.26285
220912,San Martin,San Antonio,2001,0.285635
220903,San Martin,Cacatachi,2001,0.718946
120602,Junin,Coviriali,2001,0.395389
120304,Junin,San Luis De Shuaro,2001,0.311105
120601,Junin,Satipo,2001,0.221661
010203,Amazonas,Copallin,2001,0.459427
010112,Amazonas,Magdalena,2001,0.14427
220102,San Martin,Calzada,2001,0.724378
060805,Cajamarca,Huabal,2001,0.78207
010610,Amazonas,Santa Rosa,2001,0.643096
220503,San Martin,Barranquita,2001,0.229004
220801,San Martin,Rioja,2001,0.61296
220703,San Martin,Caspisapa,2001,0.39674
080904,Cusco,Maranura,2001,0.283289
010117,Amazonas,Quinjalca,2001,0.409375
250303,Ucayali,Curimana,2001,0.055955
010308,Amazonas,Recta,2001,0.561695
010115,Amazonas,Montevideo,2001,0.186198
010114,Amazonas,Molinopampa,2001,0.194571
010503,Amazonas,Cocabamba,2001,0.120981
060809,Cajamarca,Sallique,2001,0.166565
010120,Amazonas,Soloco,2001,0.246548
010521,Amazonas,Santo Tomas,2001,0.374022
100113,Huanuco,San Pablo De Pillao,2001,0.131897
010602,Amazonas,Chirimoto,2001,0.260912
100603,Huanuco,Hermilio Valdizan,2001,0.185287
010111,Amazonas,Levanto,2001,0.210172
010518,Amazonas,San Jeronimo,2001,0.336615
010609,Amazonas,Omia,2001,0.178409
100902,Huanuco,Codo Del Pozuzo,2001,0.099647
010113,Amazonas,Mariscal Castilla,2001,0.264698
220101,San Martin,Moyobamba,2001,0.168751
010310,Amazonas,Shipasbamba,2001,0.215988
100103,Huanuco,Chinchao,2001,0.162625
010311,Amazonas,Valera,2001,0.160243
060907,Cajamarca,Tabaconas,2001,0.25145
160112,Loreto,Belen,2001,0.25558
200307,Piura,Sondor,2001,0.275058
220803,San Martin,Elias Soplin Vargas,2001,0.367917
010506,Amazonas,Inguilpata,2001,0.304295
220506,San Martin,Pinto Recodo,2001,0.193984
120303,Junin,Pichanaqui,2001,0.239612
010202,Amazonas,Aramango,2001,0.197559
010606,Amazonas,Longar,2001,0.282763
160101,Loreto,Iquitos,2001,0.305201
010507,Amazonas,Longuita,2001,0.387566
221001,San Martin,Tocache,2001,0.354241
010511,Amazonas,Maria,2001,0.197866
080901,Cusco,Santa Ana,2001,0.328101
120302,Junin,Perene,2001,0.313932
050409,Ayacucho,Canayre,2001,0.111909
221002,San Martin,Nuevo Progreso,2001,0.273335
200303,Piura,El Carmen De La Frontera,2001,0.238079
100609,Huanuco,Pueblo Nuevo,2001,0.305059
080903,Cusco,Huayopata,2001,0.181153
010604,Amazonas,Huambo,2001,0.817103
100505,Huanuco,Jircan,2001,0.041398
010512,Amazonas,Ocalli,2001,0.239304
010101,Amazonas,Chachapoyas,2001,0.254654
060903,Cajamarca,Huarango,2001,0.307262
010116,Amazonas,Olleros,2001,0.080463
010605,Amazonas,Limabamba,2001,0.162976
100804,Huanuco,Umari,2001,0.275988
220504,San Martin,Caynarachi,2001,0.132587
080905,Cusco,Ocobamba,2001,0.213132
010517,Amazonas,San Francisco Del Yeso,2001,0.357527
120609,Junin,Vizcatán Del Ene,2001,0.051486
060807,Cajamarca,Pomahuaca,2001,0.231332
010304,Amazonas,Corosha,2001,0.113847
221005,San Martin,Uchiza,2001,0.416525
220807,San Martin,San Fernando,2001,0.748594
050512,Ayacucho,Union Progreso,2001,0.737186
060804,Cajamarca,Colasay,2001,0.455613
160503,Loreto,Capelo,2001,0.112794
220910,San Martin,Morales,2001,0.722692
120604,Junin,Mazamari,2001,0.126991
120603,Junin,Llaylla,2001,0.199099
010520,Amazonas,Santa Catalina,2001,0.184545
010603,Amazonas,Cochamal,2001,0.134759
120209,Junin,Mariscal Castilla,2001,0.218952
010601,Amazonas,San Nicolas,2001,0.263407
010519,Amazonas,San Juan De Lopecancha,2001,0.427145
160211,Loreto,Teniente Cesar Lopez Rojas,2001,0.172067
080408,Cusco,Yanatile,2001,0.179553
050408,Ayacucho,Llochegua,2001,0.15696
100507,Huanuco,Monzon,2001,0.159272
081304,Cusco,Machupicchu,2001,0.102428
220909,San Martin,La Banda De Shilcayo,2001,0.244219
220103,San Martin,Habana,2001,0.862738
100606,Huanuco,Mariano Damaso Beraun,2001,0.165823
010508,Amazonas,Lonya Chico,2001,0.264071
170102,Madre De Dios,Inambari,2001,0.020576
050502,Ayacucho,Anco,2001,0.152559
010523,Amazonas,Trita,2001,0.542077
010516,Amazonas,San Cristobal,2001,0.420082
080918,Cusco,Union Ashaninka,2001,0.065267
221006,San Martin,Santa Lucia,2001,0.760616
100702,Huanuco,Cholon,2001,0.126934
211205,Puno,Phara,2001,0.024869
170204,Madre De Dios,Huepetuhe,2001,0.028478
010302,Amazonas,Chisquilla,2001,0.031884
050507,Ayacucho,Santa Rosa,2001,0.264859
220804,San Martin,Nueva Cajamarca,2001,0.395553
220809,San Martin,Yuracyacu,2001,0.773661
160603,Loreto,Padre Marquez,2001,0.050503
010522,Amazonas,Tingo,2001,0.331058
080906,Cusco,Quellouno,2001,0.187966
010301,Amazonas,Jumbilla,2001,0.195194
080917,Cusco,Manitea,2001,0.131227
250305,Ucayali,Alexander Von Humboldt,2002,0.587876
220509,San Martin,Shanao,2002,0.623449
250304,Ucayali,Neshuya,2002,0.378598
220501,San Martin,Lamas,2002,0.605792
220902,San Martin,Alberto Leveau,2002,0.416489
250102,Ucayali,Campoverde,2002,0.541484
220702,San Martin,Buenos Aires,2002,0.606974
220502,San Martin,Alonso De Alvarado,2002,0.433728
220404,San Martin,Piscoyacu,2002,0.443845
220708,San Martin,Shamboyacu,2002,0.230517
220204,San Martin,Huallaga,2002,0.256608
220605,San Martin,Pajarillo,2002,0.53154
010703,Amazonas,Cumba,2002,0.461569
220704,San Martin,Pilluana,2002,0.502474
220104,San Martin,Jepelacio,2002,0.504324
220505,San Martin,Cuñumbuqui,2002,0.654802
220507,San Martin,Rumisapa,2002,0.735742
220913,San Martin,Sauce,2002,0.332274
010608,Amazonas,Milpuc,2002,0.597729
220405,San Martin,Sacanche,2002,0.593413
220709,San Martin,Tingo De Ponasa,2002,0.504445
220304,San Martin,Santa Rosa,2002,0.619599
100903,Huanuco,Honoria,2002,0.272438
220203,San Martin,Bajo Biavo,2002,0.28407
220710,San Martin,Tres Unidos,2002,0.244923
220510,San Martin,Tabalosos,2002,0.416007
100904,Huanuco,Tournavista,2002,0.140625
010701,Amazonas,Bagua Grande,2002,0.432011
220701,San Martin,Picota,2002,0.501001
220403,San Martin,El Eslabon,2002,0.602341
250105,Ucayali,Yarinacocha,2002,0.555242
220914,San Martin,Shapaja,2002,0.356375
010707,Amazonas,Yamon,2002,0.415449
010705,Amazonas,Jamalca,2002,0.329571
220205,San Martin,San Pablo,2002,0.708449
220705,San Martin,Pucacaca,2002,0.481666
220601,San Martin,Juanjui,2002,0.421579
100905,Huanuco,Yuyapichis,2002,0.127017
100608,Huanuco,Castillo Grande,2002,0.569796
220302,San Martin,Agua Blanca,2002,0.680502
250306,Ucayali,Huipoca,2002,0.117177
010611,Amazonas,Totora,2002,0.615297
010706,Amazonas,Lonya Grande,2002,0.314805
220706,San Martin,San Cristobal,2002,0.475696
010303,Amazonas,Churuja,2002,0.172075
220301,San Martin,San Jose De Sisa,2002,0.619742
010204,Amazonas,El Parco,2002,0.736535
010306,Amazonas,Florida,2002,0.325747
220303,San Martin,San Martin,2002,0.194647
220106,San Martin,Yantalo,2002,0.559591
220305,San Martin,Shatoja,2002,0.595388
010104,Amazonas,Cheto,2002,0.268949
160201,Loreto,Yurimaguas,2002,0.276414
060901,Cajamarca,San Ignacio,2002,0.61387
220511,San Martin,Zapatero,2002,0.826473
060811,Cajamarca,San Jose Del Alto,2002,0.428993
010206,Amazonas,La Peca,2002,0.636508
220401,San Martin,Saposoa,2002,0.276359
060902,Cajamarca,Chirinos,2002,0.519639
220908,San Martin,Juan Guerra,2002,0.645607
060904,Cajamarca,La Coipa,2002,0.522896
220808,San Martin,Yorongos,2002,0.552611
120607,Junin,Rio Negro,2002,0.373409
060812,Cajamarca,Santa Rosa,2002,0.626291
250106,Ucayali,Nueva Requena,2002,0.098875
220802,San Martin,Awajun,2002,0.232798
250302,Ucayali,Irazola,2002,0.104152
010109,Amazonas,La Jalca,2002,0.256464
220906,San Martin,El Porvenir,2002,0.152393
220707,San Martin,San Hilarion,2002,0.457195
220806,San Martin,Posic,2002,0.485445
220406,San Martin,Tingo De Saposoa,2002,0.614255
100901,Huanuco,Puerto Inca,2002,0.142006
010105,Amazonas,Chiliquin,2002,0.170988
220105,San Martin,Soritor,2002,0.247327
220201,San Martin,Bellavista,2002,0.712408
060803,Cajamarca,Chontali,2002,0.355284
100605,Huanuco,Luyando,2002,0.700813
010307,Amazonas,Jazan,2002,0.43302
010502,Amazonas,Camporredondo,2002,0.308977
010515,Amazonas,Providencia,2002,0.184914
010102,Amazonas,Asuncion,2002,0.381844
010510,Amazonas,Luya Viejo,2002,0.196733
100601,Huanuco,Rupa-Rupa,2002,0.375778
010514,Amazonas,Pisuquia,2002,0.156084
060810,Cajamarca,San Felipe,2002,0.125996
010305,Amazonas,Cuispes,2002,0.270178
060905,Cajamarca,Namballe,2002,0.308706
010119,Amazonas,San Isidro De Maino,2002,0.142129
060801,Cajamarca,Jaen,2002,0.444263
010513,Amazonas,Ocumal,2002,0.257644
220912,San Martin,San Antonio,2002,0.282684
220903,San Martin,Cacatachi,2002,0.740337
120602,Junin,Coviriali,2002,0.39493
120304,Junin,San Luis De Shuaro,2002,0.3063
120601,Junin,Satipo,2002,0.221246
010203,Amazonas,Copallin,2002,0.463105
010112,Amazonas,Magdalena,2002,0.145268
220102,San Martin,Calzada,2002,0.720526
060805,Cajamarca,Huabal,2002,0.7887
010610,Amazonas,Santa Rosa,2002,0.646084
220503,San Martin,Barranquita,2002,0.232761
220801,San Martin,Rioja,2002,0.608692
220703,San Martin,Caspisapa,2002,0.435424
080904,Cusco,Maranura,2002,0.281462
010117,Amazonas,Quinjalca,2002,0.416331
250303,Ucayali,Curimana,2002,0.05852
010308,Amazonas,Recta,2002,0.575144
010115,Amazonas,Montevideo,2002,0.183229
010114,Amazonas,Molinopampa,2002,0.203791
010503,Amazonas,Cocabamba,2002,0.118404
060809,Cajamarca,Sallique,2002,0.18623
010120,Amazonas,Soloco,2002,0.249878
010521,Amazonas,Santo Tomas,2002,0.373203
100113,Huanuco,San Pablo De Pillao,2002,0.132805
010602,Amazonas,Chirimoto,2002,0.263021
100603,Huanuco,Hermilio Valdizan,2002,0.181991
010111,Amazonas,Levanto,2002,0.20687
010518,Amazonas,San Jeronimo,2002,0.33448
010609,Amazonas,Omia,2002,0.175859
100902,Huanuco,Codo Del Pozuzo,2002,0.107429
010113,Amazonas,Mariscal Castilla,2002,0.254896
220101,San Martin,Moyobamba,2002,0.169651
010310,Amazonas,Shipasbamba,2002,0.227008
100103,Huanuco,Chinchao,2002,0.16182
010311,Amazonas,Valera,2002,0.164199
060907,Cajamarca,Tabaconas,2002,0.246705
160112,Loreto,Belen,2002,0.263562
200307,Piura,Sondor,2002,0.289375
220803,San Martin,Elias Soplin Vargas,2002,0.355441
010506,Amazonas,Inguilpata,2002,0.307588
220506,San Martin,Pinto Recodo,2002,0.185385
120303,Junin,Pichanaqui,2002,0.241193
010202,Amazonas,Aramango,2002,0.217329
010606,Amazonas,Longar,2002,0.28579
160101,Loreto,Iquitos,2002,0.313889
010507,Amazonas,Longuita,2002,0.387975
221001,San Martin,Tocache,2002,0.35112
010511,Amazonas,Maria,2002,0.201909
080901,Cusco,Santa Ana,2002,0.327139
120302,Junin,Perene,2002,0.310728
050409,Ayacucho,Canayre,2002,0.115611
221002,San Martin,Nuevo Progreso,2002,0.275972
200303,Piura,El Carmen De La Frontera,2002,0.230875
100609,Huanuco,Pueblo Nuevo,2002,0.303867
080903,Cusco,Huayopata,2002,0.181533
010604,Amazonas,Huambo,2002,0.817961
100505,Huanuco,Jircan,2002,0.043084
010512,Amazonas,Ocalli,2002,0.237597
010101,Amazonas,Chachapoyas,2002,0.254549
060903,Cajamarca,Huarango,2002,0.311924
010116,Amazonas,Olleros,2002,0.081638
010605,Amazonas,Limabamba,2002,0.168681
100804,Huanuco,Umari,2002,0.295269
220504,San Martin,Caynarachi,2002,0.13654
080905,Cusco,Ocobamba,2002,0.213687
010517,Amazonas,San Francisco Del Yeso,2002,0.358514
120609,Junin,Vizcatán Del Ene,2002,0.053738
060807,Cajamarca,Pomahuaca,2002,0.233839
010304,Amazonas,Corosha,2002,0.121192
221005,San Martin,Uchiza,2002,0.410381
220807,San Martin,San Fernando,2002,0.735918
050512,Ayacucho,Union Progreso,2002,0.74033
060804,Cajamarca,Colasay,2002,0.449008
160503,Loreto,Capelo,2002,0.105217
220910,San Martin,Morales,2002,0.755083
120604,Junin,Mazamari,2002,0.130223
120603,Junin,Llaylla,2002,0.198437
010520,Amazonas,Santa Catalina,2002,0.187347
010603,Amazonas,Cochamal,2002,0.141648
120209,Junin,Mariscal Castilla,2002,0.223203
010601,Amazonas,San Nicolas,2002,0.259753
010519,Amazonas,San Juan De Lopecancha,2002,0.417744
160211,Loreto,Teniente Cesar Lopez Rojas,2002,0.170513
080408,Cusco,Yanatile,2002,0.179594
050408,Ayacucho,Llochegua,2002,0.164993
100507,Huanuco,Monzon,2002,0.157499
081304,Cusco,Machupicchu,2002,0.103035
220909,San Martin,La Banda De Shilcayo,2002,0.24148
220103,San Martin,Habana,2002,0.862634
100606,Huanuco,Mariano Damaso Beraun,2002,0.164388
010508,Amazonas,Lonya Chico,2002,0.272564
170102,Madre De Dios,Inambari,2002,0.02107
050502,Ayacucho,Anco,2002,0.153238
010523,Amazonas,Trita,2002,0.547993
010516,Amazonas,San Cristobal,2002,0.393259
080918,Cusco,Union Ashaninka,2002,0.071074
221006,San Martin,Santa Lucia,2002,0.755465
100702,Huanuco,Cholon,2002,0.126687
211205,Puno,Phara,2002,0.026001
170204,Madre De Dios,Huepetuhe,2002,0.033944
010302,Amazonas,Chisquilla,2002,0.033803
050507,Ayacucho,Santa Rosa,2002,0.27209
220804,San Martin,Nueva Cajamarca,2002,0.390514
220809,San Martin,Yuracyacu,2002,0.741086
160603,Loreto,Padre Marquez,2002,0.051211
010522,Amazonas,Tingo,2002,0.323687
080906,Cusco,Quellouno,2002,0.189447
010301,Amazonas,Jumbilla,2002,0.200532
080917,Cusco,Manitea,2002,0.134419
250305,Ucayali,Alexander Von Humboldt,2003,0.609658
220509,San Martin,Shanao,2003,0.633229
250304,Ucayali,Neshuya,2003,0.403346
220501,San Martin,Lamas,2003,0.613769
220902,San Martin,Alberto Leveau,2003,0.419097
250102,Ucayali,Campoverde,2003,0.543624
220702,San Martin,Buenos Aires,2003,0.615869
220502,San Martin,Alonso De Alvarado,2003,0.434754
220404,San Martin,Piscoyacu,2003,0.476645
220708,San Martin,Shamboyacu,2003,0.242125
220204,San Martin,Huallaga,2003,0.278698
220605,San Martin,Pajarillo,2003,0.548682
010703,Amazonas,Cumba,2003,0.456337
220704,San Martin,Pilluana,2003,0.5005
220104,San Martin,Jepelacio,2003,0.508842
220505,San Martin,Cuñumbuqui,2003,0.652114
220507,San Martin,Rumisapa,2003,0.744561
220913,San Martin,Sauce,2003,0.331384
010608,Amazonas,Milpuc,2003,0.606665
220405,San Martin,Sacanche,2003,0.61426
220709,San Martin,Tingo De Ponasa,2003,0.531356
220304,San Martin,Santa Rosa,2003,0.637833
100903,Huanuco,Honoria,2003,0.28154
220203,San Martin,Bajo Biavo,2003,0.304684
220710,San Martin,Tres Unidos,2003,0.243982
220510,San Martin,Tabalosos,2003,0.423219
100904,Huanuco,Tournavista,2003,0.147293
010701,Amazonas,Bagua Grande,2003,0.41315
220701,San Martin,Picota,2003,0.528586
220403,San Martin,El Eslabon,2003,0.621096
250105,Ucayali,Yarinacocha,2003,0.552775
220914,San Martin,Shapaja,2003,0.353054
010707,Amazonas,Yamon,2003,0.422028
010705,Amazonas,Jamalca,2003,0.332777
220205,San Martin,San Pablo,2003,0.733391
220705,San Martin,Pucacaca,2003,0.494265
220601,San Martin,Juanjui,2003,0.43327
100905,Huanuco,Yuyapichis,2003,0.139662
100608,Huanuco,Castillo Grande,2003,0.57065
220302,San Martin,Agua Blanca,2003,0.703303
250306,Ucayali,Huipoca,2003,0.120506
010611,Amazonas,Totora,2003,0.639161
010706,Amazonas,Lonya Grande,2003,0.310163
220706,San Martin,San Cristobal,2003,0.48148
010303,Amazonas,Churuja,2003,0.170231
220301,San Martin,San Jose De Sisa,2003,0.634599
010204,Amazonas,El Parco,2003,0.731003
010306,Amazonas,Florida,2003,0.33152
220303,San Martin,San Martin,2003,0.211947
220106,San Martin,Yantalo,2003,0.571294
220305,San Martin,Shatoja,2003,0.602263
010104,Amazonas,Cheto,2003,0.270365
160201,Loreto,Yurimaguas,2003,0.286644
060901,Cajamarca,San Ignacio,2003,0.620663
220511,San Martin,Zapatero,2003,0.832538
060811,Cajamarca,San Jose Del Alto,2003,0.43565
010206,Amazonas,La Peca,2003,0.636205
220401,San Martin,Saposoa,2003,0.292434
060902,Cajamarca,Chirinos,2003,0.515934
220908,San Martin,Juan Guerra,2003,0.629472
060904,Cajamarca,La Coipa,2003,0.526399
220808,San Martin,Yorongos,2003,0.542836
120607,Junin,Rio Negro,2003,0.377373
060812,Cajamarca,Santa Rosa,2003,0.626059
250106,Ucayali,Nueva Requena,2003,0.097763
220802,San Martin,Awajun,2003,0.25061
250302,Ucayali,Irazola,2003,0.114181
010109,Amazonas,La Jalca,2003,0.260642
220906,San Martin,El Porvenir,2003,0.15376
220707,San Martin,San Hilarion,2003,0.461821
220806,San Martin,Posic,2003,0.469444
220406,San Martin,Tingo De Saposoa,2003,0.620456
100901,Huanuco,Puerto Inca,2003,0.150028
010105,Amazonas,Chiliquin,2003,0.168558
220105,San Martin,Soritor,2003,0.249647
220201,San Martin,Bellavista,2003,0.720791
060803,Cajamarca,Chontali,2003,0.359665
100605,Huanuco,Luyando,2003,0.698445
010307,Amazonas,Jazan,2003,0.427572
010502,Amazonas,Camporredondo,2003,0.311668
010515,Amazonas,Providencia,2003,0.199908
010102,Amazonas,Asuncion,2003,0.383426
010510,Amazonas,Luya Viejo,2003,0.210664
100601,Huanuco,Rupa-Rupa,2003,0.38078
010514,Amazonas,Pisuquia,2003,0.158789
060810,Cajamarca,San Felipe,2003,0.132568
010305,Amazonas,Cuispes,2003,0.25603
060905,Cajamarca,Namballe,2003,0.309874
010119,Amazonas,San Isidro De Maino,2003,0.137179
060801,Cajamarca,Jaen,2003,0.456574
010513,Amazonas,Ocumal,2003,0.262921
220912,San Martin,San Antonio,2003,0.280108
220903,San Martin,Cacatachi,2003,0.770807
120602,Junin,Coviriali,2003,0.395398
120304,Junin,San Luis De Shuaro,2003,0.305825
120601,Junin,Satipo,2003,0.223871
010203,Amazonas,Copallin,2003,0.462053
010112,Amazonas,Magdalena,2003,0.135245
220102,San Martin,Calzada,2003,0.714417
060805,Cajamarca,Huabal,2003,0.79791
010610,Amazonas,Santa Rosa,2003,0.651402
220503,San Martin,Barranquita,2003,0.235041
220801,San Martin,Rioja,2003,0.606645
220703,San Martin,Caspisapa,2003,0.436907
080904,Cusco,Maranura,2003,0.284656
010117,Amazonas,Quinjalca,2003,0.426241
250303,Ucayali,Curimana,2003,0.062778
010308,Amazonas,Recta,2003,0.569974
010115,Amazonas,Montevideo,2003,0.18203
010114,Amazonas,Molinopampa,2003,0.208907
010503,Amazonas,Cocabamba,2003,0.123364
060809,Cajamarca,Sallique,2003,0.188063
010120,Amazonas,Soloco,2003,0.249949
010521,Amazonas,Santo Tomas,2003,0.376353
100113,Huanuco,San Pablo De Pillao,2003,0.128458
010602,Amazonas,Chirimoto,2003,0.274691
100603,Huanuco,Hermilio Valdizan,2003,0.18529
010111,Amazonas,Levanto,2003,0.203163
010518,Amazonas,San Jeronimo,2003,0.346389
010609,Amazonas,Omia,2003,0.184674
100902,Huanuco,Codo Del Pozuzo,2003,0.115763
010113,Amazonas,Mariscal Castilla,2003,0.255819
220101,San Martin,Moyobamba,2003,0.17479
010310,Amazonas,Shipasbamba,2003,0.21972
100103,Huanuco,Chinchao,2003,0.1598
010311,Amazonas,Valera,2003,0.161873
060907,Cajamarca,Tabaconas,2003,0.244521
160112,Loreto,Belen,2003,0.26545
200307,Piura,Sondor,2003,0.29225
220803,San Martin,Elias Soplin Vargas,2003,0.35771
010506,Amazonas,Inguilpata,2003,0.305398
220506,San Martin,Pinto Recodo,2003,0.189726
120303,Junin,Pichanaqui,2003,0.241561
010202,Amazonas,Aramango,2003,0.198002
010606,Amazonas,Longar,2003,0.293953
160101,Loreto,Iquitos,2003,0.3188
010507,Amazonas,Longuita,2003,0.386551
221001,San Martin,Tocache,2003,0.335193
010511,Amazonas,Maria,2003,0.21181
080901,Cusco,Santa Ana,2003,0.329493
120302,Junin,Perene,2003,0.309366
050409,Ayacucho,Canayre,2003,0.116945
221002,San Martin,Nuevo Progreso,2003,0.279297
200303,Piura,El Carmen De La Frontera,2003,0.233814
100609,Huanuco,Pueblo Nuevo,2003,0.307796
080903,Cusco,Huayopata,2003,0.186518
010604,Amazonas,Huambo,2003,0.82404
100505,Huanuco,Jircan,2003,0.041091
010512,Amazonas,Ocalli,2003,0.241471
010101,Amazonas,Chachapoyas,2003,0.252123
060903,Cajamarca,Huarango,2003,0.300299
010116,Amazonas,Olleros,2003,0.079114
010605,Amazonas,Limabamba,2003,0.172167
100804,Huanuco,Umari,2003,0.300591
220504,San Martin,Caynarachi,2003,0.145355
080905,Cusco,Ocobamba,2003,0.215993
010517,Amazonas,San Francisco Del Yeso,2003,0.361652
120609,Junin,Vizcatán Del Ene,2003,0.057224
060807,Cajamarca,Pomahuaca,2003,0.232171
010304,Amazonas,Corosha,2003,0.120638
221005,San Martin,Uchiza,2003,0.397264
220807,San Martin,San Fernando,2003,0.736046
050512,Ayacucho,Union Progreso,2003,0.740976
060804,Cajamarca,Colasay,2003,0.461015
160503,Loreto,Capelo,2003,0.096712
220910,San Martin,Morales,2003,0.749562
120604,Junin,Mazamari,2003,0.133091
120603,Junin,Llaylla,2003,0.19815
010520,Amazonas,Santa Catalina,2003,0.182909
010603,Amazonas,Cochamal,2003,0.145168
120209,Junin,Mariscal Castilla,2003,0.241483
010601,Amazonas,San Nicolas,2003,0.268766
010519,Amazonas,San Juan De Lopecancha,2003,0.400128
160211,Loreto,Teniente Cesar Lopez Rojas,2003,0.172817
080408,Cusco,Yanatile,2003,0.179837
050408,Ayacucho,Llochegua,2003,0.171117
100507,Huanuco,Monzon,2003,0.156447
081304,Cusco,Machupicchu,2003,0.107482
220909,San Martin,La Banda De Shilcayo,2003,0.245445
220103,San Martin,Habana,2003,0.833045
100606,Huanuco,Mariano Damaso Beraun,2003,0.163333
010508,Amazonas,Lonya Chico,2003,0.26952
170102,Madre De Dios,Inambari,2003,0.021647
050502,Ayacucho,Anco,2003,0.143517
010523,Amazonas,Trita,2003,0.582406
010516,Amazonas,San Cristobal,2003,0.390407
080918,Cusco,Union Ashaninka,2003,0.075856
221006,San Martin,Santa Lucia,2003,0.744774
100702,Huanuco,Cholon,2003,0.122606
211205,Puno,Phara,2003,0.024194
170204,Madre De Dios,Huepetuhe,2003,0.035824
010302,Amazonas,Chisquilla,2003,0.036491
050507,Ayacucho,Santa Rosa,2003,0.277784
220804,San Martin,Nueva Cajamarca,2003,0.390873
220809,San Martin,Yuracyacu,2003,0.764059
160603,Loreto,Padre Marquez,2003,0.051663
010522,Amazonas,Tingo,2003,0.303498
080906,Cusco,Quellouno,2003,0.198036
010301,Amazonas,Jumbilla,2003,0.20283
080917,Cusco,Manitea,2003,0.137777
250305,Ucayali,Alexander Von Humboldt,2004,0.608767
220509,San Martin,Shanao,2004,0.621406
250304,Ucayali,Neshuya,2004,0.419915
220501,San Martin,Lamas,2004,0.600698
220902,San Martin,Alberto Leveau,2004,0.406539
250102,Ucayali,Campoverde,2004,0.552839
220702,San Martin,Buenos Aires,2004,0.599384
220502,San Martin,Alonso De Alvarado,2004,0.443897
220404,San Martin,Piscoyacu,2004,0.489208
220708,San Martin,Shamboyacu,2004,0.250466
220204,San Martin,Huallaga,2004,0.288314
220605,San Martin,Pajarillo,2004,0.554
010703,Amazonas,Cumba,2004,0.438094
220704,San Martin,Pilluana,2004,0.474892
220104,San Martin,Jepelacio,2004,0.51676
220505,San Martin,Cuñumbuqui,2004,0.639059
220507,San Martin,Rumisapa,2004,0.746593
220913,San Martin,Sauce,2004,0.330002
010608,Amazonas,Milpuc,2004,0.600335
220405,San Martin,Sacanche,2004,0.620406
220709,San Martin,Tingo De Ponasa,2004,0.544126
220304,San Martin,Santa Rosa,2004,0.644632
100903,Huanuco,Honoria,2004,0.289023
220203,San Martin,Bajo Biavo,2004,0.320784
220710,San Martin,Tres Unidos,2004,0.246179
220510,San Martin,Tabalosos,2004,0.425291
100904,Huanuco,Tournavista,2004,0.150675
010701,Amazonas,Bagua Grande,2004,0.409467
220701,San Martin,Picota,2004,0.517464
220403,San Martin,El Eslabon,2004,0.625588
250105,Ucayali,Yarinacocha,2004,0.552101
220914,San Martin,Shapaja,2004,0.351881
010707,Amazonas,Yamon,2004,0.405497
010705,Amazonas,Jamalca,2004,0.333426
220205,San Martin,San Pablo,2004,0.742182
220705,San Martin,Pucacaca,2004,0.495529
220601,San Martin,Juanjui,2004,0.433042
100905,Huanuco,Yuyapichis,2004,0.140604
100608,Huanuco,Castillo Grande,2004,0.568408
220302,San Martin,Agua Blanca,2004,0.712941
250306,Ucayali,Huipoca,2004,0.119628
010611,Amazonas,Totora,2004,0.630475
010706,Amazonas,Lonya Grande,2004,0.31102
220706,San Martin,San Cristobal,2004,0.477732
010303,Amazonas,Churuja,2004,0.195024
220301,San Martin,San Jose De Sisa,2004,0.643228
010204,Amazonas,El Parco,2004,0.729142
010306,Amazonas,Florida,2004,0.345582
220303,San Martin,San Martin,2004,0.226261
220106,San Martin,Yantalo,2004,0.590048
220305,San Martin,Shatoja,2004,0.608351
010104,Amazonas,Cheto,2004,0.275334
160201,Loreto,Yurimaguas,2004,0.294943
060901,Cajamarca,San Ignacio,2004,0.629729
220511,San Martin,Zapatero,2004,0.828882
060811,Cajamarca,San Jose Del Alto,2004,0.451861
010206,Amazonas,La Peca,2004,0.634348
220401,San Martin,Saposoa,2004,0.305193
060902,Cajamarca,Chirinos,2004,0.514105
220908,San Martin,Juan Guerra,2004,0.608859
060904,Cajamarca,La Coipa,2004,0.528067
220808,San Martin,Yorongos,2004,0.553775
120607,Junin,Rio Negro,2004,0.381561
060812,Cajamarca,Santa Rosa,2004,0.62441
250106,Ucayali,Nueva Requena,2004,0.097515
220802,San Martin,Awajun,2004,0.268388
250302,Ucayali,Irazola,2004,0.118322
010109,Amazonas,La Jalca,2004,0.291321
220906,San Martin,El Porvenir,2004,0.163431
220707,San Martin,San Hilarion,2004,0.4771
220806,San Martin,Posic,2004,0.492701
220406,San Martin,Tingo De Saposoa,2004,0.61951
100901,Huanuco,Puerto Inca,2004,0.152115
010105,Amazonas,Chiliquin,2004,0.177111
220105,San Martin,Soritor,2004,0.257339
220201,San Martin,Bellavista,2004,0.723012
060803,Cajamarca,Chontali,2004,0.369837
100605,Huanuco,Luyando,2004,0.689907
010307,Amazonas,Jazan,2004,0.428887
010502,Amazonas,Camporredondo,2004,0.302507
010515,Amazonas,Providencia,2004,0.190487
010102,Amazonas,Asuncion,2004,0.387661
010510,Amazonas,Luya Viejo,2004,0.221443
100601,Huanuco,Rupa-Rupa,2004,0.385617
010514,Amazonas,Pisuquia,2004,0.17098
060810,Cajamarca,San Felipe,2004,0.124631
010305,Amazonas,Cuispes,2004,0.261564
060905,Cajamarca,Namballe,2004,0.311995
010119,Amazonas,San Isidro De Maino,2004,0.142944
060801,Cajamarca,Jaen,2004,0.472884
010513,Amazonas,Ocumal,2004,0.274352
220912,San Martin,San Antonio,2004,0.268215
220903,San Martin,Cacatachi,2004,0.745825
120602,Junin,Coviriali,2004,0.39759
120304,Junin,San Luis De Shuaro,2004,0.312223
120601,Junin,Satipo,2004,0.227641
010203,Amazonas,Copallin,2004,0.465327
010112,Amazonas,Magdalena,2004,0.139872
220102,San Martin,Calzada,2004,0.730602
060805,Cajamarca,Huabal,2004,0.798613
010610,Amazonas,Santa Rosa,2004,0.650787
220503,San Martin,Barranquita,2004,0.244776
220801,San Martin,Rioja,2004,0.612207
220703,San Martin,Caspisapa,2004,0.436685
080904,Cusco,Maranura,2004,0.278368
010117,Amazonas,Quinjalca,2004,0.440863
250303,Ucayali,Curimana,2004,0.065219
010308,Amazonas,Recta,2004,0.577809
010115,Amazonas,Montevideo,2004,0.192576
010114,Amazonas,Molinopampa,2004,0.211541
010503,Amazonas,Cocabamba,2004,0.132069
060809,Cajamarca,Sallique,2004,0.172232
010120,Amazonas,Soloco,2004,0.251531
010521,Amazonas,Santo Tomas,2004,0.389675
100113,Huanuco,San Pablo De Pillao,2004,0.134999
010602,Amazonas,Chirimoto,2004,0.276095
100603,Huanuco,Hermilio Valdizan,2004,0.182426
010111,Amazonas,Levanto,2004,0.212275
010518,Amazonas,San Jeronimo,2004,0.35199
010609,Amazonas,Omia,2004,0.180726
100902,Huanuco,Codo Del Pozuzo,2004,0.117207
010113,Amazonas,Mariscal Castilla,2004,0.280607
220101,San Martin,Moyobamba,2004,0.182053
010310,Amazonas,Shipasbamba,2004,0.22522
100103,Huanuco,Chinchao,2004,0.159863
010311,Amazonas,Valera,2004,0.167425
060907,Cajamarca,Tabaconas,2004,0.257952
160112,Loreto,Belen,2004,0.274018
200307,Piura,Sondor,2004,0.284795
220803,San Martin,Elias Soplin Vargas,2004,0.358014
010506,Amazonas,Inguilpata,2004,0.310552
220506,San Martin,Pinto Recodo,2004,0.192618
120303,Junin,Pichanaqui,2004,0.245404
010202,Amazonas,Aramango,2004,0.201619
010606,Amazonas,Longar,2004,0.283173
160101,Loreto,Iquitos,2004,0.327119
010507,Amazonas,Longuita,2004,0.386369
221001,San Martin,Tocache,2004,0.334839
010511,Amazonas,Maria,2004,0.209742
080901,Cusco,Santa Ana,2004,0.325349
120302,Junin,Perene,2004,0.31487
050409,Ayacucho,Canayre,2004,0.119877
221002,San Martin,Nuevo Progreso,2004,0.277457
200303,Piura,El Carmen De La Frontera,2004,0.241167
100609,Huanuco,Pueblo Nuevo,2004,0.310714
080903,Cusco,Huayopata,2004,0.188731
010604,Amazonas,Huambo,2004,0.82175
100505,Huanuco,Jircan,2004,0.037944
010512,Amazonas,Ocalli,2004,0.239107
010101,Amazonas,Chachapoyas,2004,0.263773
060903,Cajamarca,Huarango,2004,0.303076
010116,Amazonas,Olleros,2004,0.082487
010605,Amazonas,Limabamba,2004,0.173326
100804,Huanuco,Umari,2004,0.311415
220504,San Martin,Caynarachi,2004,0.152004
080905,Cusco,Ocobamba,2004,0.216185
010517,Amazonas,San Francisco Del Yeso,2004,0.361891
120609,Junin,Vizcatán Del Ene,2004,0.058983
060807,Cajamarca,Pomahuaca,2004,0.232171
010304,Amazonas,Corosha,2004,0.121677
221005,San Martin,Uchiza,2004,0.393185
220807,San Martin,San Fernando,2004,0.757989
050512,Ayacucho,Union Progreso,2004,0.734533
060804,Cajamarca,Colasay,2004,0.470444
160503,Loreto,Capelo,2004,0.093709
220910,San Martin,Morales,2004,0.728108
120604,Junin,Mazamari,2004,0.137722
120603,Junin,Llaylla,2004,0.200054
010520,Amazonas,Santa Catalina,2004,0.183654
010603,Amazonas,Cochamal,2004,0.140286
120209,Junin,Mariscal Castilla,2004,0.23826
010601,Amazonas,San Nicolas,2004,0.263163
010519,Amazonas,San Juan De Lopecancha,2004,0.409775
160211,Loreto,Teniente Cesar Lopez Rojas,2004,0.1775
080408,Cusco,Yanatile,2004,0.17797
050408,Ayacucho,Llochegua,2004,0.176483
100507,Huanuco,Monzon,2004,0.153957
081304,Cusco,Machupicchu,2004,0.104895
220909,San Martin,La Banda De Shilcayo,2004,0.245352
220103,San Martin,Habana,2004,0.862221
100606,Huanuco,Mariano Damaso Beraun,2004,0.160515
010508,Amazonas,Lonya Chico,2004,0.274637
170102,Madre De Dios,Inambari,2004,0.022648
050502,Ayacucho,Anco,2004,0.140382
010523,Amazonas,Trita,2004,0.6179
010516,Amazonas,San Cristobal,2004,0.410774
080918,Cusco,Union Ashaninka,2004,0.079537
221006,San Martin,Santa Lucia,2004,0.740583
100702,Huanuco,Cholon,2004,0.121947
211205,Puno,Phara,2004,0.023823
170204,Madre De Dios,Huepetuhe,2004,0.038356
010302,Amazonas,Chisquilla,2004,0.038569
050507,Ayacucho,Santa Rosa,2004,0.281942
220804,San Martin,Nueva Cajamarca,2004,0.390322
220809,San Martin,Yuracyacu,2004,0.779752
160603,Loreto,Padre Marquez,2004,0.049075
010522,Amazonas,Tingo,2004,0.308521
080906,Cusco,Quellouno,2004,0.19773
010301,Amazonas,Jumbilla,2004,0.210584
080917,Cusco,Manitea,2004,0.136462
250305,Ucayali,Alexander Von Humboldt,2005,0.631729
220509,San Martin,Shanao,2005,0.637681
250304,Ucayali,Neshuya,2005,0.461185
220501,San Martin,Lamas,2005,0.601322
220902,San Martin,Alberto Leveau,2005,0.37705
250102,Ucayali,Campoverde,2005,0.588834
220702,San Martin,Buenos Aires,2005,0.571846
220502,San Martin,Alonso De Alvarado,2005,0.46184
220404,San Martin,Piscoyacu,2005,0.516417
220708,San Martin,Shamboyacu,2005,0.276523
220204,San Martin,Huallaga,2005,0.332934
220605,San Martin,Pajarillo,2005,0.596021
010703,Amazonas,Cumba,2005,0.435847
220704,San Martin,Pilluana,2005,0.43996
220104,San Martin,Jepelacio,2005,0.538676
220505,San Martin,Cuñumbuqui,2005,0.63237
220507,San Martin,Rumisapa,2005,0.747581
220913,San Martin,Sauce,2005,0.323195
010608,Amazonas,Milpuc,2005,0.600252
220405,San Martin,Sacanche,2005,0.648183
220709,San Martin,Tingo De Ponasa,2005,0.56595
220304,San Martin,Santa Rosa,2005,0.654702
100903,Huanuco,Honoria,2005,0.311078
220203,San Martin,Bajo Biavo,2005,0.339374
220710,San Martin,Tres Unidos,2005,0.260999
220510,San Martin,Tabalosos,2005,0.434634
100904,Huanuco,Tournavista,2005,0.169682
010701,Amazonas,Bagua Grande,2005,0.406862
220701,San Martin,Picota,2005,0.505885
220403,San Martin,El Eslabon,2005,0.635678
250105,Ucayali,Yarinacocha,2005,0.583525
220914,San Martin,Shapaja,2005,0.340745
010707,Amazonas,Yamon,2005,0.403815
010705,Amazonas,Jamalca,2005,0.338558
220205,San Martin,San Pablo,2005,0.762435
220705,San Martin,Pucacaca,2005,0.483643
220601,San Martin,Juanjui,2005,0.458867
100905,Huanuco,Yuyapichis,2005,0.15251
100608,Huanuco,Castillo Grande,2005,0.54713
220302,San Martin,Agua Blanca,2005,0.723673
250306,Ucayali,Huipoca,2005,0.119037
010611,Amazonas,Totora,2005,0.633629
010706,Amazonas,Lonya Grande,2005,0.305119
220706,San Martin,San Cristobal,2005,0.445976
010303,Amazonas,Churuja,2005,0.197149
220301,San Martin,San Jose De Sisa,2005,0.654527
010204,Amazonas,El Parco,2005,0.686741
010306,Amazonas,Florida,2005,0.363418
220303,San Martin,San Martin,2005,0.240812
220106,San Martin,Yantalo,2005,0.598876
220305,San Martin,Shatoja,2005,0.614094
010104,Amazonas,Cheto,2005,0.268961
160201,Loreto,Yurimaguas,2005,0.304263
060901,Cajamarca,San Ignacio,2005,0.628444
220511,San Martin,Zapatero,2005,0.827064
060811,Cajamarca,San Jose Del Alto,2005,0.456594
010206,Amazonas,La Peca,2005,0.624467
220401,San Martin,Saposoa,2005,0.321907
060902,Cajamarca,Chirinos,2005,0.526715
220908,San Martin,Juan Guerra,2005,0.607357
060904,Cajamarca,La Coipa,2005,0.52808
220808,San Martin,Yorongos,2005,0.560973
120607,Junin,Rio Negro,2005,0.389174
060812,Cajamarca,Santa Rosa,2005,0.627404
250106,Ucayali,Nueva Requena,2005,0.099661
220802,San Martin,Awajun,2005,0.285338
250302,Ucayali,Irazola,2005,0.127178
010109,Amazonas,La Jalca,2005,0.280875
220906,San Martin,El Porvenir,2005,0.166047
220707,San Martin,San Hilarion,2005,0.475623
220806,San Martin,Posic,2005,0.496355
220406,San Martin,Tingo De Saposoa,2005,0.644276
100901,Huanuco,Puerto Inca,2005,0.162079
010105,Amazonas,Chiliquin,2005,0.182813
220105,San Martin,Soritor,2005,0.272476
220201,San Martin,Bellavista,2005,0.751219
060803,Cajamarca,Chontali,2005,0.374384
100605,Huanuco,Luyando,2005,0.67436
010307,Amazonas,Jazan,2005,0.398006
010502,Amazonas,Camporredondo,2005,0.297524
010515,Amazonas,Providencia,2005,0.192304
010102,Amazonas,Asuncion,2005,0.408073
010510,Amazonas,Luya Viejo,2005,0.221246
100601,Huanuco,Rupa-Rupa,2005,0.37738
010514,Amazonas,Pisuquia,2005,0.172637
060810,Cajamarca,San Felipe,2005,0.138619
010305,Amazonas,Cuispes,2005,0.267153
060905,Cajamarca,Namballe,2005,0.316914
010119,Amazonas,San Isidro De Maino,2005,0.141775
060801,Cajamarca,Jaen,2005,0.479081
010513,Amazonas,Ocumal,2005,0.279165
220912,San Martin,San Antonio,2005,0.258829
220903,San Martin,Cacatachi,2005,0.745842
120602,Junin,Coviriali,2005,0.398201
120304,Junin,San Luis De Shuaro,2005,0.307582
120601,Junin,Satipo,2005,0.234138
010203,Amazonas,Copallin,2005,0.456019
010112,Amazonas,Magdalena,2005,0.13898
220102,San Martin,Calzada,2005,0.738752
060805,Cajamarca,Huabal,2005,0.796819
010610,Amazonas,Santa Rosa,2005,0.66797
220503,San Martin,Barranquita,2005,0.248887
220801,San Martin,Rioja,2005,0.622156
220703,San Martin,Caspisapa,2005,0.415562
080904,Cusco,Maranura,2005,0.280138
010117,Amazonas,Quinjalca,2005,0.436593
250303,Ucayali,Curimana,2005,0.065105
010308,Amazonas,Recta,2005,0.600266
010115,Amazonas,Montevideo,2005,0.189983
010114,Amazonas,Molinopampa,2005,0.212299
010503,Amazonas,Cocabamba,2005,0.136789
060809,Cajamarca,Sallique,2005,0.174722
010120,Amazonas,Soloco,2005,0.252292
010521,Amazonas,Santo Tomas,2005,0.381873
100113,Huanuco,San Pablo De Pillao,2005,0.129291
010602,Amazonas,Chirimoto,2005,0.27888
100603,Huanuco,Hermilio Valdizan,2005,0.176701
010111,Amazonas,Levanto,2005,0.218418
010518,Amazonas,San Jeronimo,2005,0.34641
010609,Amazonas,Omia,2005,0.185408
100902,Huanuco,Codo Del Pozuzo,2005,0.122227
010113,Amazonas,Mariscal Castilla,2005,0.279334
220101,San Martin,Moyobamba,2005,0.188668
010310,Amazonas,Shipasbamba,2005,0.225156
100103,Huanuco,Chinchao,2005,0.157547
010311,Amazonas,Valera,2005,0.17081
060907,Cajamarca,Tabaconas,2005,0.25634
160112,Loreto,Belen,2005,0.286003
200307,Piura,Sondor,2005,0.292312
220803,San Martin,Elias Soplin Vargas,2005,0.356134
010506,Amazonas,Inguilpata,2005,0.310356
220506,San Martin,Pinto Recodo,2005,0.199784
120303,Junin,Pichanaqui,2005,0.248705
010202,Amazonas,Aramango,2005,0.206388
010606,Amazonas,Longar,2005,0.284893
160101,Loreto,Iquitos,2005,0.335991
010507,Amazonas,Longuita,2005,0.368887
221001,San Martin,Tocache,2005,0.328691
010511,Amazonas,Maria,2005,0.194765
080901,Cusco,Santa Ana,2005,0.32828
120302,Junin,Perene,2005,0.314604
050409,Ayacucho,Canayre,2005,0.124376
221002,San Martin,Nuevo Progreso,2005,0.270417
200303,Piura,El Carmen De La Frontera,2005,0.239332
100609,Huanuco,Pueblo Nuevo,2005,0.30778
080903,Cusco,Huayopata,2005,0.192566
010604,Amazonas,Huambo,2005,0.825276
100505,Huanuco,Jircan,2005,0.042995
010512,Amazonas,Ocalli,2005,0.233982
010101,Amazonas,Chachapoyas,2005,0.264411
060903,Cajamarca,Huarango,2005,0.308353
010116,Amazonas,Olleros,2005,0.092899
010605,Amazonas,Limabamba,2005,0.178549
100804,Huanuco,Umari,2005,0.300322
220504,San Martin,Caynarachi,2005,0.156782
080905,Cusco,Ocobamba,2005,0.218741
010517,Amazonas,San Francisco Del Yeso,2005,0.352683
120609,Junin,Vizcatán Del Ene,2005,0.065733
060807,Cajamarca,Pomahuaca,2005,0.235219
010304,Amazonas,Corosha,2005,0.127387
221005,San Martin,Uchiza,2005,0.383771
220807,San Martin,San Fernando,2005,0.76405
050512,Ayacucho,Union Progreso,2005,0.721401
060804,Cajamarca,Colasay,2005,0.480494
160503,Loreto,Capelo,2005,0.093884
220910,San Martin,Morales,2005,0.721009
120604,Junin,Mazamari,2005,0.13906
120603,Junin,Llaylla,2005,0.203905
010520,Amazonas,Santa Catalina,2005,0.182298
010603,Amazonas,Cochamal,2005,0.141343
120209,Junin,Mariscal Castilla,2005,0.240315
010601,Amazonas,San Nicolas,2005,0.268505
010519,Amazonas,San Juan De Lopecancha,2005,0.410661
160211,Loreto,Teniente Cesar Lopez Rojas,2005,0.178662
080408,Cusco,Yanatile,2005,0.180211
050408,Ayacucho,Llochegua,2005,0.180179
100507,Huanuco,Monzon,2005,0.146364
081304,Cusco,Machupicchu,2005,0.104736
220909,San Martin,La Banda De Shilcayo,2005,0.248181
220103,San Martin,Habana,2005,0.870633
100606,Huanuco,Mariano Damaso Beraun,2005,0.152472
010508,Amazonas,Lonya Chico,2005,0.274726
170102,Madre De Dios,Inambari,2005,0.023554
050502,Ayacucho,Anco,2005,0.143814
010523,Amazonas,Trita,2005,0.629731
010516,Amazonas,San Cristobal,2005,0.407571
080918,Cusco,Union Ashaninka,2005,0.081099
221006,San Martin,Santa Lucia,2005,0.744494
100702,Huanuco,Cholon,2005,0.125899
211205,Puno,Phara,2005,0.02188
170204,Madre De Dios,Huepetuhe,2005,0.041722
010302,Amazonas,Chisquilla,2005,0.042527
050507,Ayacucho,Santa Rosa,2005,0.282182
220804,San Martin,Nueva Cajamarca,2005,0.39213
220809,San Martin,Yuracyacu,2005,0.788695
160603,Loreto,Padre Marquez,2005,0.054763
010522,Amazonas,Tingo,2005,0.305235
080906,Cusco,Quellouno,2005,0.202249
010301,Amazonas,Jumbilla,2005,0.218204
080917,Cusco,Manitea,2005,0.127832
250305,Ucayali,Alexander Von Humboldt,2006,0.631346
220509,San Martin,Shanao,2006,0.636695
250304,Ucayali,Neshuya,2006,0.470196
220501,San Martin,Lamas,2006,0.604062
220902,San Martin,Alberto Leveau,2006,0.394548
250102,Ucayali,Campoverde,2006,0.600517
220702,San Martin,Buenos Aires,2006,0.577955
220502,San Martin,Alonso De Alvarado,2006,0.480325
220404,San Martin,Piscoyacu,2006,0.513183
220708,San Martin,Shamboyacu,2006,0.296041
220204,San Martin,Huallaga,2006,0.353796
220605,San Martin,Pajarillo,2006,0.605866
010703,Amazonas,Cumba,2006,0.435549
220704,San Martin,Pilluana,2006,0.453543
220104,San Martin,Jepelacio,2006,0.561614
220505,San Martin,Cuñumbuqui,2006,0.650377
220507,San Martin,Rumisapa,2006,0.762013
220913,San Martin,Sauce,2006,0.322983
010608,Amazonas,Milpuc,2006,0.601204
220405,San Martin,Sacanche,2006,0.637795
220709,San Martin,Tingo De Ponasa,2006,0.576367
220304,San Martin,Santa Rosa,2006,0.649941
100903,Huanuco,Honoria,2006,0.32003
220203,San Martin,Bajo Biavo,2006,0.338251
220710,San Martin,Tres Unidos,2006,0.277668
220510,San Martin,Tabalosos,2006,0.443199
100904,Huanuco,Tournavista,2006,0.175934
010701,Amazonas,Bagua Grande,2006,0.408063
220701,San Martin,Picota,2006,0.511608
220403,San Martin,El Eslabon,2006,0.622776
250105,Ucayali,Yarinacocha,2006,0.576644
220914,San Martin,Shapaja,2006,0.33553
010707,Amazonas,Yamon,2006,0.415672
010705,Amazonas,Jamalca,2006,0.346046
220205,San Martin,San Pablo,2006,0.758016
220705,San Martin,Pucacaca,2006,0.503832
220601,San Martin,Juanjui,2006,0.466046
100905,Huanuco,Yuyapichis,2006,0.160474
100608,Huanuco,Castillo Grande,2006,0.547409
220302,San Martin,Agua Blanca,2006,0.722271
250306,Ucayali,Huipoca,2006,0.118833
010611,Amazonas,Totora,2006,0.624714
010706,Amazonas,Lonya Grande,2006,0.310349
220706,San Martin,San Cristobal,2006,0.482277
010303,Amazonas,Churuja,2006,0.198155
220301,San Martin,San Jose De Sisa,2006,0.65584
010204,Amazonas,El Parco,2006,0.671465
010306,Amazonas,Florida,2006,0.372324
220303,San Martin,San Martin,2006,0.251153
220106,San Martin,Yantalo,2006,0.597253
220305,San Martin,Shatoja,2006,0.613779
010104,Amazonas,Cheto,2006,0.269973
160201,Loreto,Yurimaguas,2006,0.314162
060901,Cajamarca,San Ignacio,2006,0.615342
220511,San Martin,Zapatero,2006,0.829849
060811,Cajamarca,San Jose Del Alto,2006,0.44595
010206,Amazonas,La Peca,2006,0.619838
220401,San Martin,Saposoa,2006,0.316789
060902,Cajamarca,Chirinos,2006,0.547363
220908,San Martin,Juan Guerra,2006,0.643601
060904,Cajamarca,La Coipa,2006,0.530963
220808,San Martin,Yorongos,2006,0.567519
120607,Junin,Rio Negro,2006,0.402943
060812,Cajamarca,Santa Rosa,2006,0.626437
250106,Ucayali,Nueva Requena,2006,0.095316
220802,San Martin,Awajun,2006,0.305853
250302,Ucayali,Irazola,2006,0.128296
010109,Amazonas,La Jalca,2006,0.26585
220906,San Martin,El Porvenir,2006,0.172441
220707,San Martin,San Hilarion,2006,0.515381
220806,San Martin,Posic,2006,0.506115
220406,San Martin,Tingo De Saposoa,2006,0.634918
100901,Huanuco,Puerto Inca,2006,0.159163
010105,Amazonas,Chiliquin,2006,0.188811
220105,San Martin,Soritor,2006,0.282408
220201,San Martin,Bellavista,2006,0.738946
060803,Cajamarca,Chontali,2006,0.361646
100605,Huanuco,Luyando,2006,0.675421
010307,Amazonas,Jazan,2006,0.401998
010502,Amazonas,Camporredondo,2006,0.300775
010515,Amazonas,Providencia,2006,0.194625
010102,Amazonas,Asuncion,2006,0.428509
010510,Amazonas,Luya Viejo,2006,0.223255
100601,Huanuco,Rupa-Rupa,2006,0.387429
010514,Amazonas,Pisuquia,2006,0.17149
060810,Cajamarca,San Felipe,2006,0.134739
010305,Amazonas,Cuispes,2006,0.266701
060905,Cajamarca,Namballe,2006,0.31692
010119,Amazonas,San Isidro De Maino,2006,0.132064
060801,Cajamarca,Jaen,2006,0.479448
010513,Amazonas,Ocumal,2006,0.27908
220912,San Martin,San Antonio,2006,0.252951
220903,San Martin,Cacatachi,2006,0.787981
120602,Junin,Coviriali,2006,0.404653
120304,Junin,San Luis De Shuaro,2006,0.304597
120601,Junin,Satipo,2006,0.244319
010203,Amazonas,Copallin,2006,0.461648
010112,Amazonas,Magdalena,2006,0.139091
220102,San Martin,Calzada,2006,0.741606
060805,Cajamarca,Huabal,2006,0.784734
010610,Amazonas,Santa Rosa,2006,0.675222
220503,San Martin,Barranquita,2006,0.25131
220801,San Martin,Rioja,2006,0.63031
220703,San Martin,Caspisapa,2006,0.44933
080904,Cusco,Maranura,2006,0.280747
010117,Amazonas,Quinjalca,2006,0.445576
250303,Ucayali,Curimana,2006,0.065607
010308,Amazonas,Recta,2006,0.603629
010115,Amazonas,Montevideo,2006,0.179155
010114,Amazonas,Molinopampa,2006,0.214627
010503,Amazonas,Cocabamba,2006,0.135499
060809,Cajamarca,Sallique,2006,0.161075
010120,Amazonas,Soloco,2006,0.251329
010521,Amazonas,Santo Tomas,2006,0.373884
100113,Huanuco,San Pablo De Pillao,2006,0.132365
010602,Amazonas,Chirimoto,2006,0.277586
100603,Huanuco,Hermilio Valdizan,2006,0.183433
010111,Amazonas,Levanto,2006,0.216006
010518,Amazonas,San Jeronimo,2006,0.350501
010609,Amazonas,Omia,2006,0.185727
100902,Huanuco,Codo Del Pozuzo,2006,0.120624
010113,Amazonas,Mariscal Castilla,2006,0.272675
220101,San Martin,Moyobamba,2006,0.198424
010310,Amazonas,Shipasbamba,2006,0.220565
100103,Huanuco,Chinchao,2006,0.159785
010311,Amazonas,Valera,2006,0.173831
060907,Cajamarca,Tabaconas,2006,0.248997
160112,Loreto,Belen,2006,0.284064
200307,Piura,Sondor,2006,0.271488
220803,San Martin,Elias Soplin Vargas,2006,0.35343
010506,Amazonas,Inguilpata,2006,0.300762
220506,San Martin,Pinto Recodo,2006,0.209581
120303,Junin,Pichanaqui,2006,0.255611
010202,Amazonas,Aramango,2006,0.198968
010606,Amazonas,Longar,2006,0.284817
160101,Loreto,Iquitos,2006,0.337157
010507,Amazonas,Longuita,2006,0.364964
221001,San Martin,Tocache,2006,0.332441
010511,Amazonas,Maria,2006,0.187945
080901,Cusco,Santa Ana,2006,0.330362
120302,Junin,Perene,2006,0.318949
050409,Ayacucho,Canayre,2006,0.135437
221002,San Martin,Nuevo Progreso,2006,0.274982
200303,Piura,El Carmen De La Frontera,2006,0.235525
100609,Huanuco,Pueblo Nuevo,2006,0.316738
080903,Cusco,Huayopata,2006,0.1938
010604,Amazonas,Huambo,2006,0.828401
100505,Huanuco,Jircan,2006,0.042411
010512,Amazonas,Ocalli,2006,0.226773
010101,Amazonas,Chachapoyas,2006,0.261439
060903,Cajamarca,Huarango,2006,0.318993
010116,Amazonas,Olleros,2006,0.105951
010605,Amazonas,Limabamba,2006,0.178414
100804,Huanuco,Umari,2006,0.294388
220504,San Martin,Caynarachi,2006,0.167082
080905,Cusco,Ocobamba,2006,0.219957
010517,Amazonas,San Francisco Del Yeso,2006,0.346222
120609,Junin,Vizcatán Del Ene,2006,0.073391
060807,Cajamarca,Pomahuaca,2006,0.22887
010304,Amazonas,Corosha,2006,0.134053
221005,San Martin,Uchiza,2006,0.388759
220807,San Martin,San Fernando,2006,0.762506
050512,Ayacucho,Union Progreso,2006,0.709964
060804,Cajamarca,Colasay,2006,0.478763
160503,Loreto,Capelo,2006,0.085601
220910,San Martin,Morales,2006,0.776975
120604,Junin,Mazamari,2006,0.14455
120603,Junin,Llaylla,2006,0.210686
010520,Amazonas,Santa Catalina,2006,0.183341
010603,Amazonas,Cochamal,2006,0.139278
120209,Junin,Mariscal Castilla,2006,0.237855
010601,Amazonas,San Nicolas,2006,0.272515
010519,Amazonas,San Juan De Lopecancha,2006,0.398614
160211,Loreto,Teniente Cesar Lopez Rojas,2006,0.180044
080408,Cusco,Yanatile,2006,0.181318
050408,Ayacucho,Llochegua,2006,0.187342
100507,Huanuco,Monzon,2006,0.149469
081304,Cusco,Machupicchu,2006,0.105982
220909,San Martin,La Banda De Shilcayo,2006,0.253342
220103,San Martin,Habana,2006,0.875375
100606,Huanuco,Mariano Damaso Beraun,2006,0.151667
010508,Amazonas,Lonya Chico,2006,0.261039
170102,Madre De Dios,Inambari,2006,0.023394
050502,Ayacucho,Anco,2006,0.14552
010523,Amazonas,Trita,2006,0.61173
010516,Amazonas,San Cristobal,2006,0.411124
080918,Cusco,Union Ashaninka,2006,0.088092
221006,San Martin,Santa Lucia,2006,0.753519
100702,Huanuco,Cholon,2006,0.130334
211205,Puno,Phara,2006,0.023136
170204,Madre De Dios,Huepetuhe,2006,0.03886
010302,Amazonas,Chisquilla,2006,0.044649
050507,Ayacucho,Santa Rosa,2006,0.286712
220804,San Martin,Nueva Cajamarca,2006,0.390623
220809,San Martin,Yuracyacu,2006,0.782963
160603,Loreto,Padre Marquez,2006,0.048925
010522,Amazonas,Tingo,2006,0.288299
080906,Cusco,Quellouno,2006,0.204729
010301,Amazonas,Jumbilla,2006,0.220312
080917,Cusco,Manitea,2006,0.126193
250305,Ucayali,Alexander Von Humboldt,2007,0.645638
220509,San Martin,Shanao,2007,0.626989
250304,Ucayali,Neshuya,2007,0.501724
220501,San Martin,Lamas,2007,0.600492
220902,San Martin,Alberto Leveau,2007,0.416592
250102,Ucayali,Campoverde,2007,0.606882
220702,San Martin,Buenos Aires,2007,0.609156
220502,San Martin,Alonso De Alvarado,2007,0.498382
220404,San Martin,Piscoyacu,2007,0.521079
220708,San Martin,Shamboyacu,2007,0.325851
220204,San Martin,Huallaga,2007,0.380834
220605,San Martin,Pajarillo,2007,0.624082
010703,Amazonas,Cumba,2007,0.438998
220704,San Martin,Pilluana,2007,0.484995
220104,San Martin,Jepelacio,2007,0.56537
220505,San Martin,Cuñumbuqui,2007,0.663461
220507,San Martin,Rumisapa,2007,0.755251
220913,San Martin,Sauce,2007,0.329324
010608,Amazonas,Milpuc,2007,0.606996
220405,San Martin,Sacanche,2007,0.642586
220709,San Martin,Tingo De Ponasa,2007,0.595031
220304,San Martin,Santa Rosa,2007,0.65963
100903,Huanuco,Honoria,2007,0.319033
220203,San Martin,Bajo Biavo,2007,0.355501
220710,San Martin,Tres Unidos,2007,0.303947
220510,San Martin,Tabalosos,2007,0.463505
100904,Huanuco,Tournavista,2007,0.180004
010701,Amazonas,Bagua Grande,2007,0.415658
220701,San Martin,Picota,2007,0.518923
220403,San Martin,El Eslabon,2007,0.622306
250105,Ucayali,Yarinacocha,2007,0.56314
220914,San Martin,Shapaja,2007,0.33931
010707,Amazonas,Yamon,2007,0.416592
010705,Amazonas,Jamalca,2007,0.339046
220205,San Martin,San Pablo,2007,0.765279
220705,San Martin,Pucacaca,2007,0.517437
220601,San Martin,Juanjui,2007,0.48069
100905,Huanuco,Yuyapichis,2007,0.171243
100608,Huanuco,Castillo Grande,2007,0.537662
220302,San Martin,Agua Blanca,2007,0.723871
250306,Ucayali,Huipoca,2007,0.141911
010611,Amazonas,Totora,2007,0.629606
010706,Amazonas,Lonya Grande,2007,0.315081
220706,San Martin,San Cristobal,2007,0.468642
010303,Amazonas,Churuja,2007,0.189434
220301,San Martin,San Jose De Sisa,2007,0.671106
010204,Amazonas,El Parco,2007,0.675823
010306,Amazonas,Florida,2007,0.370834
220303,San Martin,San Martin,2007,0.270111
220106,San Martin,Yantalo,2007,0.596436
220305,San Martin,Shatoja,2007,0.625639
010104,Amazonas,Cheto,2007,0.266268
160201,Loreto,Yurimaguas,2007,0.320116
060901,Cajamarca,San Ignacio,2007,0.610189
220511,San Martin,Zapatero,2007,0.834096
060811,Cajamarca,San Jose Del Alto,2007,0.446284
010206,Amazonas,La Peca,2007,0.622804
220401,San Martin,Saposoa,2007,0.319879
060902,Cajamarca,Chirinos,2007,0.564028
220908,San Martin,Juan Guerra,2007,0.672261
060904,Cajamarca,La Coipa,2007,0.524944
220808,San Martin,Yorongos,2007,0.573238
120607,Junin,Rio Negro,2007,0.409611
060812,Cajamarca,Santa Rosa,2007,0.627727
250106,Ucayali,Nueva Requena,2007,0.095465
220802,San Martin,Awajun,2007,0.32528
250302,Ucayali,Irazola,2007,0.14418
010109,Amazonas,La Jalca,2007,0.264317
220906,San Martin,El Porvenir,2007,0.177239
220707,San Martin,San Hilarion,2007,0.515893
220806,San Martin,Posic,2007,0.50422
220406,San Martin,Tingo De Saposoa,2007,0.641025
100901,Huanuco,Puerto Inca,2007,0.161529
010105,Amazonas,Chiliquin,2007,0.187699
220105,San Martin,Soritor,2007,0.286113
220201,San Martin,Bellavista,2007,0.744342
060803,Cajamarca,Chontali,2007,0.363137
100605,Huanuco,Luyando,2007,0.666796
010307,Amazonas,Jazan,2007,0.398429
010502,Amazonas,Camporredondo,2007,0.303539
010515,Amazonas,Providencia,2007,0.192373
010102,Amazonas,Asuncion,2007,0.434276
010510,Amazonas,Luya Viejo,2007,0.23582
100601,Huanuco,Rupa-Rupa,2007,0.387418
010514,Amazonas,Pisuquia,2007,0.178355
060810,Cajamarca,San Felipe,2007,0.135979
010305,Amazonas,Cuispes,2007,0.263501
060905,Cajamarca,Namballe,2007,0.3285
010119,Amazonas,San Isidro De Maino,2007,0.125311
060801,Cajamarca,Jaen,2007,0.487106
010513,Amazonas,Ocumal,2007,0.291774
220912,San Martin,San Antonio,2007,0.254415
220903,San Martin,Cacatachi,2007,0.789811
120602,Junin,Coviriali,2007,0.408903
120304,Junin,San Luis De Shuaro,2007,0.311657
120601,Junin,Satipo,2007,0.251486
010203,Amazonas,Copallin,2007,0.483016
010112,Amazonas,Magdalena,2007,0.134903
220102,San Martin,Calzada,2007,0.740179
060805,Cajamarca,Huabal,2007,0.786318
010610,Amazonas,Santa Rosa,2007,0.684231
220503,San Martin,Barranquita,2007,0.257376
220801,San Martin,Rioja,2007,0.624803
220703,San Martin,Caspisapa,2007,0.445372
080904,Cusco,Maranura,2007,0.274883
010117,Amazonas,Quinjalca,2007,0.436507
250303,Ucayali,Curimana,2007,0.069505
010308,Amazonas,Recta,2007,0.606008
010115,Amazonas,Montevideo,2007,0.177639
010114,Amazonas,Molinopampa,2007,0.20927
010503,Amazonas,Cocabamba,2007,0.138268
060809,Cajamarca,Sallique,2007,0.167129
010120,Amazonas,Soloco,2007,0.246774
010521,Amazonas,Santo Tomas,2007,0.371978
100113,Huanuco,San Pablo De Pillao,2007,0.142871
010602,Amazonas,Chirimoto,2007,0.278649
100603,Huanuco,Hermilio Valdizan,2007,0.177174
010111,Amazonas,Levanto,2007,0.209067
010518,Amazonas,San Jeronimo,2007,0.348284
010609,Amazonas,Omia,2007,0.181792
100902,Huanuco,Codo Del Pozuzo,2007,0.129487
010113,Amazonas,Mariscal Castilla,2007,0.268191
220101,San Martin,Moyobamba,2007,0.20754
010310,Amazonas,Shipasbamba,2007,0.226653
100103,Huanuco,Chinchao,2007,0.1643
010311,Amazonas,Valera,2007,0.173386
060907,Cajamarca,Tabaconas,2007,0.254554
160112,Loreto,Belen,2007,0.283343
200307,Piura,Sondor,2007,0.260589
220803,San Martin,Elias Soplin Vargas,2007,0.345585
010506,Amazonas,Inguilpata,2007,0.301265
220506,San Martin,Pinto Recodo,2007,0.21544
120303,Junin,Pichanaqui,2007,0.258768
010202,Amazonas,Aramango,2007,0.20951
010606,Amazonas,Longar,2007,0.283617
160101,Loreto,Iquitos,2007,0.341745
010507,Amazonas,Longuita,2007,0.36254
221001,San Martin,Tocache,2007,0.336448
010511,Amazonas,Maria,2007,0.1845
080901,Cusco,Santa Ana,2007,0.333251
120302,Junin,Perene,2007,0.322331
050409,Ayacucho,Canayre,2007,0.13822
221002,San Martin,Nuevo Progreso,2007,0.275865
200303,Piura,El Carmen De La Frontera,2007,0.241125
100609,Huanuco,Pueblo Nuevo,2007,0.318274
080903,Cusco,Huayopata,2007,0.195949
010604,Amazonas,Huambo,2007,0.829569
100505,Huanuco,Jircan,2007,0.048709
010512,Amazonas,Ocalli,2007,0.230822
010101,Amazonas,Chachapoyas,2007,0.248391
060903,Cajamarca,Huarango,2007,0.331877
010116,Amazonas,Olleros,2007,0.099613
010605,Amazonas,Limabamba,2007,0.178764
100804,Huanuco,Umari,2007,0.325031
220504,San Martin,Caynarachi,2007,0.175318
080905,Cusco,Ocobamba,2007,0.221582
010517,Amazonas,San Francisco Del Yeso,2007,0.348343
120609,Junin,Vizcatán Del Ene,2007,0.081332
060807,Cajamarca,Pomahuaca,2007,0.227595
010304,Amazonas,Corosha,2007,0.121386
221005,San Martin,Uchiza,2007,0.39072
220807,San Martin,San Fernando,2007,0.743588
050512,Ayacucho,Union Progreso,2007,0.711413
060804,Cajamarca,Colasay,2007,0.479274
160503,Loreto,Capelo,2007,0.081962
220910,San Martin,Morales,2007,0.780008
120604,Junin,Mazamari,2007,0.146447
120603,Junin,Llaylla,2007,0.211098
010520,Amazonas,Santa Catalina,2007,0.18678
010603,Amazonas,Cochamal,2007,0.140364
120209,Junin,Mariscal Castilla,2007,0.23418
010601,Amazonas,San Nicolas,2007,0.273368
010519,Amazonas,San Juan De Lopecancha,2007,0.400735
160211,Loreto,Teniente Cesar Lopez Rojas,2007,0.175108
080408,Cusco,Yanatile,2007,0.181956
050408,Ayacucho,Llochegua,2007,0.189579
100507,Huanuco,Monzon,2007,0.149017
081304,Cusco,Machupicchu,2007,0.106581
220909,San Martin,La Banda De Shilcayo,2007,0.255941
220103,San Martin,Habana,2007,0.88137
100606,Huanuco,Mariano Damaso Beraun,2007,0.153824
010508,Amazonas,Lonya Chico,2007,0.255871
170102,Madre De Dios,Inambari,2007,0.025293
050502,Ayacucho,Anco,2007,0.149861
010523,Amazonas,Trita,2007,0.604542
010516,Amazonas,San Cristobal,2007,0.407672
080918,Cusco,Union Ashaninka,2007,0.092209
221006,San Martin,Santa Lucia,2007,0.753984
100702,Huanuco,Cholon,2007,0.131526
211205,Puno,Phara,2007,0.02571
170204,Madre De Dios,Huepetuhe,2007,0.03971
010302,Amazonas,Chisquilla,2007,0.040389
050507,Ayacucho,Santa Rosa,2007,0.291023
220804,San Martin,Nueva Cajamarca,2007,0.389089
220809,San Martin,Yuracyacu,2007,0.761695
160603,Loreto,Padre Marquez,2007,0.047559
010522,Amazonas,Tingo,2007,0.278523
080906,Cusco,Quellouno,2007,0.205291
010301,Amazonas,Jumbilla,2007,0.218305
080917,Cusco,Manitea,2007,0.128799
250305,Ucayali,Alexander Von Humboldt,2008,0.64866
220509,San Martin,Shanao,2008,0.600277
250304,Ucayali,Neshuya,2008,0.518067
220501,San Martin,Lamas,2008,0.590036
220902,San Martin,Alberto Leveau,2008,0.406934
250102,Ucayali,Campoverde,2008,0.621822
220702,San Martin,Buenos Aires,2008,0.622043
220502,San Martin,Alonso De Alvarado,2008,0.497842
220404,San Martin,Piscoyacu,2008,0.518205
220708,San Martin,Shamboyacu,2008,0.357276
220204,San Martin,Huallaga,2008,0.392309
220605,San Martin,Pajarillo,2008,0.628151
010703,Amazonas,Cumba,2008,0.44856
220704,San Martin,Pilluana,2008,0.486151
220104,San Martin,Jepelacio,2008,0.557988
220505,San Martin,Cuñumbuqui,2008,0.663837
220507,San Martin,Rumisapa,2008,0.74833
220913,San Martin,Sauce,2008,0.339327
010608,Amazonas,Milpuc,2008,0.585297
220405,San Martin,Sacanche,2008,0.632533
220709,San Martin,Tingo De Ponasa,2008,0.610683
220304,San Martin,Santa Rosa,2008,0.653227
100903,Huanuco,Honoria,2008,0.33577
220203,San Martin,Bajo Biavo,2008,0.365517
220710,San Martin,Tres Unidos,2008,0.324704
220510,San Martin,Tabalosos,2008,0.467889
100904,Huanuco,Tournavista,2008,0.200239
010701,Amazonas,Bagua Grande,2008,0.424141
220701,San Martin,Picota,2008,0.512457
220403,San Martin,El Eslabon,2008,0.609554
250105,Ucayali,Yarinacocha,2008,0.577456
220914,San Martin,Shapaja,2008,0.344081
010707,Amazonas,Yamon,2008,0.424565
010705,Amazonas,Jamalca,2008,0.34515
220205,San Martin,San Pablo,2008,0.755325
220705,San Martin,Pucacaca,2008,0.51343
220601,San Martin,Juanjui,2008,0.479448
100905,Huanuco,Yuyapichis,2008,0.188793
100608,Huanuco,Castillo Grande,2008,0.52498
220302,San Martin,Agua Blanca,2008,0.705566
250306,Ucayali,Huipoca,2008,0.148434
010611,Amazonas,Totora,2008,0.609125
010706,Amazonas,Lonya Grande,2008,0.32073
220706,San Martin,San Cristobal,2008,0.47121
010303,Amazonas,Churuja,2008,0.188064
220301,San Martin,San Jose De Sisa,2008,0.6652
010204,Amazonas,El Parco,2008,0.674647
010306,Amazonas,Florida,2008,0.380309
220303,San Martin,San Martin,2008,0.276313
220106,San Martin,Yantalo,2008,0.584273
220305,San Martin,Shatoja,2008,0.618119
010104,Amazonas,Cheto,2008,0.265244
160201,Loreto,Yurimaguas,2008,0.326341
060901,Cajamarca,San Ignacio,2008,0.620998
220511,San Martin,Zapatero,2008,0.828973
060811,Cajamarca,San Jose Del Alto,2008,0.457992
010206,Amazonas,La Peca,2008,0.618465
220401,San Martin,Saposoa,2008,0.320844
060902,Cajamarca,Chirinos,2008,0.576991
220908,San Martin,Juan Guerra,2008,0.670948
060904,Cajamarca,La Coipa,2008,0.534708
220808,San Martin,Yorongos,2008,0.56031
120607,Junin,Rio Negro,2008,0.415861
060812,Cajamarca,Santa Rosa,2008,0.622927
250106,Ucayali,Nueva Requena,2008,0.096913
220802,San Martin,Awajun,2008,0.333597
250302,Ucayali,Irazola,2008,0.15123
010109,Amazonas,La Jalca,2008,0.265012
220906,San Martin,El Porvenir,2008,0.199599
220707,San Martin,San Hilarion,2008,0.507468
220806,San Martin,Posic,2008,0.477715
220406,San Martin,Tingo De Saposoa,2008,0.628982
100901,Huanuco,Puerto Inca,2008,0.169247
010105,Amazonas,Chiliquin,2008,0.187975
220105,San Martin,Soritor,2008,0.279087
220201,San Martin,Bellavista,2008,0.72309
060803,Cajamarca,Chontali,2008,0.364933
100605,Huanuco,Luyando,2008,0.649998
010307,Amazonas,Jazan,2008,0.401341
010502,Amazonas,Camporredondo,2008,0.311928
010515,Amazonas,Providencia,2008,0.197977
010102,Amazonas,Asuncion,2008,0.436751
010510,Amazonas,Luya Viejo,2008,0.235636
100601,Huanuco,Rupa-Rupa,2008,0.380997
010514,Amazonas,Pisuquia,2008,0.179049
060810,Cajamarca,San Felipe,2008,0.157716
010305,Amazonas,Cuispes,2008,0.265659
060905,Cajamarca,Namballe,2008,0.339941
010119,Amazonas,San Isidro De Maino,2008,0.129791
060801,Cajamarca,Jaen,2008,0.485065
010513,Amazonas,Ocumal,2008,0.293531
220912,San Martin,San Antonio,2008,0.25833
220903,San Martin,Cacatachi,2008,0.759121
120602,Junin,Coviriali,2008,0.410413
120304,Junin,San Luis De Shuaro,2008,0.305008
120601,Junin,Satipo,2008,0.258849
010203,Amazonas,Copallin,2008,0.483367
010112,Amazonas,Magdalena,2008,0.135691
220102,San Martin,Calzada,2008,0.719996
060805,Cajamarca,Huabal,2008,0.790829
010610,Amazonas,Santa Rosa,2008,0.680012
220503,San Martin,Barranquita,2008,0.262717
220801,San Martin,Rioja,2008,0.613501
220703,San Martin,Caspisapa,2008,0.458274
080904,Cusco,Maranura,2008,0.267838
010117,Amazonas,Quinjalca,2008,0.430899
250303,Ucayali,Curimana,2008,0.073162
010308,Amazonas,Recta,2008,0.61527
010115,Amazonas,Montevideo,2008,0.177256
010114,Amazonas,Molinopampa,2008,0.205479
010503,Amazonas,Cocabamba,2008,0.144739
060809,Cajamarca,Sallique,2008,0.179138
010120,Amazonas,Soloco,2008,0.250128
010521,Amazonas,Santo Tomas,2008,0.376995
100113,Huanuco,San Pablo De Pillao,2008,0.142097
010602,Amazonas,Chirimoto,2008,0.270797
100603,Huanuco,Hermilio Valdizan,2008,0.169466
010111,Amazonas,Levanto,2008,0.208877
010518,Amazonas,San Jeronimo,2008,0.347236
010609,Amazonas,Omia,2008,0.178279
100902,Huanuco,Codo Del Pozuzo,2008,0.135566
010113,Amazonas,Mariscal Castilla,2008,0.277689
220101,San Martin,Moyobamba,2008,0.210512
010310,Amazonas,Shipasbamba,2008,0.224546
100103,Huanuco,Chinchao,2008,0.165008
010311,Amazonas,Valera,2008,0.162694
060907,Cajamarca,Tabaconas,2008,0.260846
160112,Loreto,Belen,2008,0.278393
200307,Piura,Sondor,2008,0.270849
220803,San Martin,Elias Soplin Vargas,2008,0.343333
010506,Amazonas,Inguilpata,2008,0.305571
220506,San Martin,Pinto Recodo,2008,0.214938
120303,Junin,Pichanaqui,2008,0.262229
010202,Amazonas,Aramango,2008,0.207105
010606,Amazonas,Longar,2008,0.279649
160101,Loreto,Iquitos,2008,0.342973
010507,Amazonas,Longuita,2008,0.372993
221001,San Martin,Tocache,2008,0.335919
010511,Amazonas,Maria,2008,0.190012
080901,Cusco,Santa Ana,2008,0.328605
120302,Junin,Perene,2008,0.318994
050409,Ayacucho,Canayre,2008,0.141726
221002,San Martin,Nuevo Progreso,2008,0.275203
200303,Piura,El Carmen De La Frontera,2008,0.25814
100609,Huanuco,Pueblo Nuevo,2008,0.31344
080903,Cusco,Huayopata,2008,0.197645
010604,Amazonas,Huambo,2008,0.826158
100505,Huanuco,Jircan,2008,0.056082
010512,Amazonas,Ocalli,2008,0.231779
010101,Amazonas,Chachapoyas,2008,0.252198
060903,Cajamarca,Huarango,2008,0.328563
010116,Amazonas,Olleros,2008,0.096772
010605,Amazonas,Limabamba,2008,0.177459
100804,Huanuco,Umari,2008,0.321184
220504,San Martin,Caynarachi,2008,0.182006
080905,Cusco,Ocobamba,2008,0.218979
010517,Amazonas,San Francisco Del Yeso,2008,0.355147
120609,Junin,Vizcatán Del Ene,2008,0.089459
060807,Cajamarca,Pomahuaca,2008,0.226535
010304,Amazonas,Corosha,2008,0.116217
221005,San Martin,Uchiza,2008,0.392443
220807,San Martin,San Fernando,2008,0.733846
050512,Ayacucho,Union Progreso,2008,0.718792
060804,Cajamarca,Colasay,2008,0.485792
160503,Loreto,Capelo,2008,0.08323
220910,San Martin,Morales,2008,0.758133
120604,Junin,Mazamari,2008,0.148259
120603,Junin,Llaylla,2008,0.213687
010520,Amazonas,Santa Catalina,2008,0.190231
010603,Amazonas,Cochamal,2008,0.143762
120209,Junin,Mariscal Castilla,2008,0.243616
010601,Amazonas,San Nicolas,2008,0.266782
010519,Amazonas,San Juan De Lopecancha,2008,0.416612
160211,Loreto,Teniente Cesar Lopez Rojas,2008,0.177067
080408,Cusco,Yanatile,2008,0.180349
050408,Ayacucho,Llochegua,2008,0.194678
100507,Huanuco,Monzon,2008,0.152944
081304,Cusco,Machupicchu,2008,0.107321
220909,San Martin,La Banda De Shilcayo,2008,0.2578
220103,San Martin,Habana,2008,0.80467
100606,Huanuco,Mariano Damaso Beraun,2008,0.150505
010508,Amazonas,Lonya Chico,2008,0.258609
170102,Madre De Dios,Inambari,2008,0.026248
050502,Ayacucho,Anco,2008,0.149409
010523,Amazonas,Trita,2008,0.605623
010516,Amazonas,San Cristobal,2008,0.385903
080918,Cusco,Union Ashaninka,2008,0.09834
221006,San Martin,Santa Lucia,2008,0.752642
100702,Huanuco,Cholon,2008,0.137281
211205,Puno,Phara,2008,0.026055
170204,Madre De Dios,Huepetuhe,2008,0.035321
010302,Amazonas,Chisquilla,2008,0.039856
050507,Ayacucho,Santa Rosa,2008,0.29888
220804,San Martin,Nueva Cajamarca,2008,0.391238
220809,San Martin,Yuracyacu,2008,0.755518
160603,Loreto,Padre Marquez,2008,0.049676
010522,Amazonas,Tingo,2008,0.297994
080906,Cusco,Quellouno,2008,0.199479
010301,Amazonas,Jumbilla,2008,0.222381
080917,Cusco,Manitea,2008,0.130211
250305,Ucayali,Alexander Von Humboldt,2009,0.663421
220509,San Martin,Shanao,2009,0.613451
250304,Ucayali,Neshuya,2009,0.539577
220501,San Martin,Lamas,2009,0.59237
220902,San Martin,Alberto Leveau,2009,0.394257
250102,Ucayali,Campoverde,2009,0.628159
220702,San Martin,Buenos Aires,2009,0.625176
220502,San Martin,Alonso De Alvarado,2009,0.492844
220404,San Martin,Piscoyacu,2009,0.543508
220708,San Martin,Shamboyacu,2009,0.372195
220204,San Martin,Huallaga,2009,0.413617
220605,San Martin,Pajarillo,2009,0.641524
010703,Amazonas,Cumba,2009,0.451596
220704,San Martin,Pilluana,2009,0.468711
220104,San Martin,Jepelacio,2009,0.562082
220505,San Martin,Cuñumbuqui,2009,0.6774
220507,San Martin,Rumisapa,2009,0.757977
220913,San Martin,Sauce,2009,0.338544
010608,Amazonas,Milpuc,2009,0.586021
220405,San Martin,Sacanche,2009,0.641944
220709,San Martin,Tingo De Ponasa,2009,0.610649
220304,San Martin,Santa Rosa,2009,0.650601
100903,Huanuco,Honoria,2009,0.34083
220203,San Martin,Bajo Biavo,2009,0.376427
220710,San Martin,Tres Unidos,2009,0.334147
220510,San Martin,Tabalosos,2009,0.469251
100904,Huanuco,Tournavista,2009,0.217907
010701,Amazonas,Bagua Grande,2009,0.424556
220701,San Martin,Picota,2009,0.528635
220403,San Martin,El Eslabon,2009,0.609675
250105,Ucayali,Yarinacocha,2009,0.569183
220914,San Martin,Shapaja,2009,0.347073
010707,Amazonas,Yamon,2009,0.427141
010705,Amazonas,Jamalca,2009,0.344137
220205,San Martin,San Pablo,2009,0.747251
220705,San Martin,Pucacaca,2009,0.518246
220601,San Martin,Juanjui,2009,0.48805
100905,Huanuco,Yuyapichis,2009,0.201305
100608,Huanuco,Castillo Grande,2009,0.530149
220302,San Martin,Agua Blanca,2009,0.698435
250306,Ucayali,Huipoca,2009,0.165409
010611,Amazonas,Totora,2009,0.610496
010706,Amazonas,Lonya Grande,2009,0.323575
220706,San Martin,San Cristobal,2009,0.516867
010303,Amazonas,Churuja,2009,0.185688
220301,San Martin,San Jose De Sisa,2009,0.659574
010204,Amazonas,El Parco,2009,0.674696
010306,Amazonas,Florida,2009,0.388314
220303,San Martin,San Martin,2009,0.276393
220106,San Martin,Yantalo,2009,0.582983
220305,San Martin,Shatoja,2009,0.617188
010104,Amazonas,Cheto,2009,0.264763
160201,Loreto,Yurimaguas,2009,0.332181
060901,Cajamarca,San Ignacio,2009,0.624471
220511,San Martin,Zapatero,2009,0.826035
060811,Cajamarca,San Jose Del Alto,2009,0.463875
010206,Amazonas,La Peca,2009,0.617711
220401,San Martin,Saposoa,2009,0.334394
060902,Cajamarca,Chirinos,2009,0.578548
220908,San Martin,Juan Guerra,2009,0.686676
060904,Cajamarca,La Coipa,2009,0.533084
220808,San Martin,Yorongos,2009,0.552829
120607,Junin,Rio Negro,2009,0.414629
060812,Cajamarca,Santa Rosa,2009,0.629559
250106,Ucayali,Nueva Requena,2009,0.097123
220802,San Martin,Awajun,2009,0.358033
250302,Ucayali,Irazola,2009,0.166653
010109,Amazonas,La Jalca,2009,0.267548
220906,San Martin,El Porvenir,2009,0.21175
220707,San Martin,San Hilarion,2009,0.52104
220806,San Martin,Posic,2009,0.48306
220406,San Martin,Tingo De Saposoa,2009,0.635032
100901,Huanuco,Puerto Inca,2009,0.179798
010105,Amazonas,Chiliquin,2009,0.191385
220105,San Martin,Soritor,2009,0.279341
220201,San Martin,Bellavista,2009,0.720394
060803,Cajamarca,Chontali,2009,0.366178
100605,Huanuco,Luyando,2009,0.649031
010307,Amazonas,Jazan,2009,0.406296
010502,Amazonas,Camporredondo,2009,0.320325
010515,Amazonas,Providencia,2009,0.20865
010102,Amazonas,Asuncion,2009,0.438894
010510,Amazonas,Luya Viejo,2009,0.242818
100601,Huanuco,Rupa-Rupa,2009,0.39467
010514,Amazonas,Pisuquia,2009,0.18407
060810,Cajamarca,San Felipe,2009,0.142839
010305,Amazonas,Cuispes,2009,0.281634
060905,Cajamarca,Namballe,2009,0.344654
010119,Amazonas,San Isidro De Maino,2009,0.140284
060801,Cajamarca,Jaen,2009,0.494069
010513,Amazonas,Ocumal,2009,0.294098
220912,San Martin,San Antonio,2009,0.262257
220903,San Martin,Cacatachi,2009,0.81376
120602,Junin,Coviriali,2009,0.411275
120304,Junin,San Luis De Shuaro,2009,0.304365
120601,Junin,Satipo,2009,0.261918
010203,Amazonas,Copallin,2009,0.486155
010112,Amazonas,Magdalena,2009,0.141382
220102,San Martin,Calzada,2009,0.722782
060805,Cajamarca,Huabal,2009,0.802023
010610,Amazonas,Santa Rosa,2009,0.682957
220503,San Martin,Barranquita,2009,0.288464
220801,San Martin,Rioja,2009,0.605794
220703,San Martin,Caspisapa,2009,0.466284
080904,Cusco,Maranura,2009,0.261556
010117,Amazonas,Quinjalca,2009,0.423329
250303,Ucayali,Curimana,2009,0.08565
010308,Amazonas,Recta,2009,0.619964
010115,Amazonas,Montevideo,2009,0.174273
010114,Amazonas,Molinopampa,2009,0.207407
010503,Amazonas,Cocabamba,2009,0.143061
060809,Cajamarca,Sallique,2009,0.177577
010120,Amazonas,Soloco,2009,0.251852
010521,Amazonas,Santo Tomas,2009,0.378723
100113,Huanuco,San Pablo De Pillao,2009,0.139665
010602,Amazonas,Chirimoto,2009,0.271669
100603,Huanuco,Hermilio Valdizan,2009,0.17398
010111,Amazonas,Levanto,2009,0.211871
010518,Amazonas,San Jeronimo,2009,0.351172
010609,Amazonas,Omia,2009,0.181354
100902,Huanuco,Codo Del Pozuzo,2009,0.14507
010113,Amazonas,Mariscal Castilla,2009,0.27868
220101,San Martin,Moyobamba,2009,0.216112
010310,Amazonas,Shipasbamba,2009,0.229861
100103,Huanuco,Chinchao,2009,0.160005
010311,Amazonas,Valera,2009,0.160129
060907,Cajamarca,Tabaconas,2009,0.259086
160112,Loreto,Belen,2009,0.279624
200307,Piura,Sondor,2009,0.280837
220803,San Martin,Elias Soplin Vargas,2009,0.33742
010506,Amazonas,Inguilpata,2009,0.306126
220506,San Martin,Pinto Recodo,2009,0.21726
120303,Junin,Pichanaqui,2009,0.265821
010202,Amazonas,Aramango,2009,0.218323
010606,Amazonas,Longar,2009,0.280103
160101,Loreto,Iquitos,2009,0.348219
010507,Amazonas,Longuita,2009,0.390596
221001,San Martin,Tocache,2009,0.338662
010511,Amazonas,Maria,2009,0.199558
080901,Cusco,Santa Ana,2009,0.324943
120302,Junin,Perene,2009,0.319335
050409,Ayacucho,Canayre,2009,0.149813
221002,San Martin,Nuevo Progreso,2009,0.276492
200303,Piura,El Carmen De La Frontera,2009,0.261955
100609,Huanuco,Pueblo Nuevo,2009,0.322616
080903,Cusco,Huayopata,2009,0.199116
010604,Amazonas,Huambo,2009,0.824864
100505,Huanuco,Jircan,2009,0.049256
010512,Amazonas,Ocalli,2009,0.231856
010101,Amazonas,Chachapoyas,2009,0.250887
060903,Cajamarca,Huarango,2009,0.33002
010116,Amazonas,Olleros,2009,0.099996
010605,Amazonas,Limabamba,2009,0.178531
100804,Huanuco,Umari,2009,0.309889
220504,San Martin,Caynarachi,2009,0.185968
080905,Cusco,Ocobamba,2009,0.214772
010517,Amazonas,San Francisco Del Yeso,2009,0.353954
120609,Junin,Vizcatán Del Ene,2009,0.095989
060807,Cajamarca,Pomahuaca,2009,0.231576
010304,Amazonas,Corosha,2009,0.122939
221005,San Martin,Uchiza,2009,0.396691
220807,San Martin,San Fernando,2009,0.745081
050512,Ayacucho,Union Progreso,2009,0.715337
060804,Cajamarca,Colasay,2009,0.497879
160503,Loreto,Capelo,2009,0.085313
220910,San Martin,Morales,2009,0.79254
120604,Junin,Mazamari,2009,0.150455
120603,Junin,Llaylla,2009,0.217299
010520,Amazonas,Santa Catalina,2009,0.193703
010603,Amazonas,Cochamal,2009,0.149008
120209,Junin,Mariscal Castilla,2009,0.225181
010601,Amazonas,San Nicolas,2009,0.269714
010519,Amazonas,San Juan De Lopecancha,2009,0.423819
160211,Loreto,Teniente Cesar Lopez Rojas,2009,0.17662
080408,Cusco,Yanatile,2009,0.177114
050408,Ayacucho,Llochegua,2009,0.199992
100507,Huanuco,Monzon,2009,0.156528
081304,Cusco,Machupicchu,2009,0.105394
220909,San Martin,La Banda De Shilcayo,2009,0.261372
220103,San Martin,Habana,2009,0.805639
100606,Huanuco,Mariano Damaso Beraun,2009,0.15408
010508,Amazonas,Lonya Chico,2009,0.261896
170102,Madre De Dios,Inambari,2009,0.028678
050502,Ayacucho,Anco,2009,0.147147
010523,Amazonas,Trita,2009,0.585586
010516,Amazonas,San Cristobal,2009,0.386704
080918,Cusco,Union Ashaninka,2009,0.103942
221006,San Martin,Santa Lucia,2009,0.760962
100702,Huanuco,Cholon,2009,0.137206
211205,Puno,Phara,2009,0.027006
170204,Madre De Dios,Huepetuhe,2009,0.033462
010302,Amazonas,Chisquilla,2009,0.03996
050507,Ayacucho,Santa Rosa,2009,0.300597
220804,San Martin,Nueva Cajamarca,2009,0.386054
220809,San Martin,Yuracyacu,2009,0.757352
160603,Loreto,Padre Marquez,2009,0.053287
010522,Amazonas,Tingo,2009,0.324013
080906,Cusco,Quellouno,2009,0.191161
010301,Amazonas,Jumbilla,2009,0.225549
080917,Cusco,Manitea,2009,0.134431
250305,Ucayali,Alexander Von Humboldt,2010,0.673227
220509,San Martin,Shanao,2010,0.648555
250304,Ucayali,Neshuya,2010,0.55702
220501,San Martin,Lamas,2010,0.599311
220902,San Martin,Alberto Leveau,2010,0.390465
250102,Ucayali,Campoverde,2010,0.637463
220702,San Martin,Buenos Aires,2010,0.604471
220502,San Martin,Alonso De Alvarado,2010,0.48892
220404,San Martin,Piscoyacu,2010,0.565498
220708,San Martin,Shamboyacu,2010,0.391021
220204,San Martin,Huallaga,2010,0.452403
220605,San Martin,Pajarillo,2010,0.668802
010703,Amazonas,Cumba,2010,0.450177
220704,San Martin,Pilluana,2010,0.445466
220104,San Martin,Jepelacio,2010,0.576291
220505,San Martin,Cuñumbuqui,2010,0.689976
220507,San Martin,Rumisapa,2010,0.739056
220913,San Martin,Sauce,2010,0.32227
010608,Amazonas,Milpuc,2010,0.599032
220405,San Martin,Sacanche,2010,0.654346
220709,San Martin,Tingo De Ponasa,2010,0.613452
220304,San Martin,Santa Rosa,2010,0.651263
100903,Huanuco,Honoria,2010,0.34674
220203,San Martin,Bajo Biavo,2010,0.387303
220710,San Martin,Tres Unidos,2010,0.339754
220510,San Martin,Tabalosos,2010,0.478543
100904,Huanuco,Tournavista,2010,0.234886
010701,Amazonas,Bagua Grande,2010,0.430138
220701,San Martin,Picota,2010,0.522492
220403,San Martin,El Eslabon,2010,0.621416
250105,Ucayali,Yarinacocha,2010,0.568083
220914,San Martin,Shapaja,2010,0.34061
010707,Amazonas,Yamon,2010,0.423592
010705,Amazonas,Jamalca,2010,0.344015
220205,San Martin,San Pablo,2010,0.763057
220705,San Martin,Pucacaca,2010,0.508377
220601,San Martin,Juanjui,2010,0.496664
100905,Huanuco,Yuyapichis,2010,0.22393
100608,Huanuco,Castillo Grande,2010,0.537637
220302,San Martin,Agua Blanca,2010,0.695811
250306,Ucayali,Huipoca,2010,0.185909
010611,Amazonas,Totora,2010,0.616348
010706,Amazonas,Lonya Grande,2010,0.3198
220706,San Martin,San Cristobal,2010,0.510581
010303,Amazonas,Churuja,2010,0.189574
220301,San Martin,San Jose De Sisa,2010,0.660302
010204,Amazonas,El Parco,2010,0.660791
010306,Amazonas,Florida,2010,0.395601
220303,San Martin,San Martin,2010,0.285615
220106,San Martin,Yantalo,2010,0.570616
220305,San Martin,Shatoja,2010,0.623018
010104,Amazonas,Cheto,2010,0.267381
160201,Loreto,Yurimaguas,2010,0.341302
060901,Cajamarca,San Ignacio,2010,0.626316
220511,San Martin,Zapatero,2010,0.83211
060811,Cajamarca,San Jose Del Alto,2010,0.462759
010206,Amazonas,La Peca,2010,0.623461
220401,San Martin,Saposoa,2010,0.345833
060902,Cajamarca,Chirinos,2010,0.574827
220908,San Martin,Juan Guerra,2010,0.698129
060904,Cajamarca,La Coipa,2010,0.52821
220808,San Martin,Yorongos,2010,0.573651
120607,Junin,Rio Negro,2010,0.411589
060812,Cajamarca,Santa Rosa,2010,0.633982
250106,Ucayali,Nueva Requena,2010,0.102556
220802,San Martin,Awajun,2010,0.377344
250302,Ucayali,Irazola,2010,0.184379
010109,Amazonas,La Jalca,2010,0.2635
220906,San Martin,El Porvenir,2010,0.23455
220707,San Martin,San Hilarion,2010,0.51579
220806,San Martin,Posic,2010,0.481369
220406,San Martin,Tingo De Saposoa,2010,0.670082
100901,Huanuco,Puerto Inca,2010,0.191083
010105,Amazonas,Chiliquin,2010,0.193765
220105,San Martin,Soritor,2010,0.287054
220201,San Martin,Bellavista,2010,0.74415
060803,Cajamarca,Chontali,2010,0.364548
100605,Huanuco,Luyando,2010,0.649459
010307,Amazonas,Jazan,2010,0.410358
010502,Amazonas,Camporredondo,2010,0.321735
010515,Amazonas,Providencia,2010,0.200374
010102,Amazonas,Asuncion,2010,0.440399
010510,Amazonas,Luya Viejo,2010,0.249396
100601,Huanuco,Rupa-Rupa,2010,0.400529
010514,Amazonas,Pisuquia,2010,0.179443
060810,Cajamarca,San Felipe,2010,0.12981
010305,Amazonas,Cuispes,2010,0.287269
060905,Cajamarca,Namballe,2010,0.349887
010119,Amazonas,San Isidro De Maino,2010,0.146922
060801,Cajamarca,Jaen,2010,0.497473
010513,Amazonas,Ocumal,2010,0.289522
220912,San Martin,San Antonio,2010,0.262098
220903,San Martin,Cacatachi,2010,0.788286
120602,Junin,Coviriali,2010,0.409101
120304,Junin,San Luis De Shuaro,2010,0.305492
120601,Junin,Satipo,2010,0.262285
010203,Amazonas,Copallin,2010,0.489285
010112,Amazonas,Magdalena,2010,0.145636
220102,San Martin,Calzada,2010,0.70484
060805,Cajamarca,Huabal,2010,0.809807
010610,Amazonas,Santa Rosa,2010,0.684891
220503,San Martin,Barranquita,2010,0.302698
220801,San Martin,Rioja,2010,0.609343
220703,San Martin,Caspisapa,2010,0.42836
080904,Cusco,Maranura,2010,0.255947
010117,Amazonas,Quinjalca,2010,0.420213
250303,Ucayali,Curimana,2010,0.098359
010308,Amazonas,Recta,2010,0.62247
010115,Amazonas,Montevideo,2010,0.171261
010114,Amazonas,Molinopampa,2010,0.207582
010503,Amazonas,Cocabamba,2010,0.137677
060809,Cajamarca,Sallique,2010,0.169974
010120,Amazonas,Soloco,2010,0.257822
010521,Amazonas,Santo Tomas,2010,0.371672
100113,Huanuco,San Pablo De Pillao,2010,0.138911
010602,Amazonas,Chirimoto,2010,0.280601
100603,Huanuco,Hermilio Valdizan,2010,0.179856
010111,Amazonas,Levanto,2010,0.211764
010518,Amazonas,San Jeronimo,2010,0.360475
010609,Amazonas,Omia,2010,0.189675
100902,Huanuco,Codo Del Pozuzo,2010,0.160396
010113,Amazonas,Mariscal Castilla,2010,0.265374
220101,San Martin,Moyobamba,2010,0.234148
010310,Amazonas,Shipasbamba,2010,0.238611
100103,Huanuco,Chinchao,2010,0.155356
010311,Amazonas,Valera,2010,0.167983
060907,Cajamarca,Tabaconas,2010,0.257338
160112,Loreto,Belen,2010,0.28604
200307,Piura,Sondor,2010,0.276893
220803,San Martin,Elias Soplin Vargas,2010,0.332999
010506,Amazonas,Inguilpata,2010,0.311249
220506,San Martin,Pinto Recodo,2010,0.224033
120303,Junin,Pichanaqui,2010,0.266859
010202,Amazonas,Aramango,2010,0.231284
010606,Amazonas,Longar,2010,0.275486
160101,Loreto,Iquitos,2010,0.356971
010507,Amazonas,Longuita,2010,0.390262
221001,San Martin,Tocache,2010,0.344322
010511,Amazonas,Maria,2010,0.198332
080901,Cusco,Santa Ana,2010,0.324337
120302,Junin,Perene,2010,0.320067
050409,Ayacucho,Canayre,2010,0.155852
221002,San Martin,Nuevo Progreso,2010,0.272228
200303,Piura,El Carmen De La Frontera,2010,0.254933
100609,Huanuco,Pueblo Nuevo,2010,0.327629
080903,Cusco,Huayopata,2010,0.197745
010604,Amazonas,Huambo,2010,0.824143
100505,Huanuco,Jircan,2010,0.050924
010512,Amazonas,Ocalli,2010,0.23016
010101,Amazonas,Chachapoyas,2010,0.253696
060903,Cajamarca,Huarango,2010,0.327934
010116,Amazonas,Olleros,2010,0.103994
010605,Amazonas,Limabamba,2010,0.180082
100804,Huanuco,Umari,2010,0.310675
220504,San Martin,Caynarachi,2010,0.194133
080905,Cusco,Ocobamba,2010,0.209807
010517,Amazonas,San Francisco Del Yeso,2010,0.349765
120609,Junin,Vizcatán Del Ene,2010,0.102917
060807,Cajamarca,Pomahuaca,2010,0.232496
010304,Amazonas,Corosha,2010,0.12851
221005,San Martin,Uchiza,2010,0.39942
220807,San Martin,San Fernando,2010,0.7662
050512,Ayacucho,Union Progreso,2010,0.742804
060804,Cajamarca,Colasay,2010,0.491095
160503,Loreto,Capelo,2010,0.092707
220910,San Martin,Morales,2010,0.769947
120604,Junin,Mazamari,2010,0.152147
120603,Junin,Llaylla,2010,0.215853
010520,Amazonas,Santa Catalina,2010,0.195782
010603,Amazonas,Cochamal,2010,0.147268
120209,Junin,Mariscal Castilla,2010,0.228357
010601,Amazonas,San Nicolas,2010,0.273881
010519,Amazonas,San Juan De Lopecancha,2010,0.415325
160211,Loreto,Teniente Cesar Lopez Rojas,2010,0.179559
080408,Cusco,Yanatile,2010,0.176793
050408,Ayacucho,Llochegua,2010,0.209979
100507,Huanuco,Monzon,2010,0.156164
081304,Cusco,Machupicchu,2010,0.104871
220909,San Martin,La Banda De Shilcayo,2010,0.25863
220103,San Martin,Habana,2010,0.867131
100606,Huanuco,Mariano Damaso Beraun,2010,0.155067
010508,Amazonas,Lonya Chico,2010,0.265491
170102,Madre De Dios,Inambari,2010,0.031358
050502,Ayacucho,Anco,2010,0.152242
010523,Amazonas,Trita,2010,0.557026
010516,Amazonas,San Cristobal,2010,0.391908
080918,Cusco,Union Ashaninka,2010,0.118349
221006,San Martin,Santa Lucia,2010,0.763759
100702,Huanuco,Cholon,2010,0.137752
211205,Puno,Phara,2010,0.027223
170204,Madre De Dios,Huepetuhe,2010,0.034254
010302,Amazonas,Chisquilla,2010,0.042505
050507,Ayacucho,Santa Rosa,2010,0.306882
220804,San Martin,Nueva Cajamarca,2010,0.383677
220809,San Martin,Yuracyacu,2010,0.772744
160603,Loreto,Padre Marquez,2010,0.052089
010522,Amazonas,Tingo,2010,0.327365
080906,Cusco,Quellouno,2010,0.186297
010301,Amazonas,Jumbilla,2010,0.227511
080917,Cusco,Manitea,2010,0.143287
250305,Ucayali,Alexander Von Humboldt,2011,0.679732
220509,San Martin,Shanao,2011,0.65173
250304,Ucayali,Neshuya,2011,0.557364
220501,San Martin,Lamas,2011,0.591848
220902,San Martin,Alberto Leveau,2011,0.388527
250102,Ucayali,Campoverde,2011,0.648758
220702,San Martin,Buenos Aires,2011,0.590055
220502,San Martin,Alonso De Alvarado,2011,0.474931
220404,San Martin,Piscoyacu,2011,0.581438
220708,San Martin,Shamboyacu,2011,0.401555
220204,San Martin,Huallaga,2011,0.478694
220605,San Martin,Pajarillo,2011,0.683243
010703,Amazonas,Cumba,2011,0.460659
220704,San Martin,Pilluana,2011,0.434597
220104,San Martin,Jepelacio,2011,0.572346
220505,San Martin,Cuñumbuqui,2011,0.692982
220507,San Martin,Rumisapa,2011,0.727912
220913,San Martin,Sauce,2011,0.315119
010608,Amazonas,Milpuc,2011,0.593509
220405,San Martin,Sacanche,2011,0.663866
220709,San Martin,Tingo De Ponasa,2011,0.605107
220304,San Martin,Santa Rosa,2011,0.657086
100903,Huanuco,Honoria,2011,0.368793
220203,San Martin,Bajo Biavo,2011,0.392668
220710,San Martin,Tres Unidos,2011,0.339601
220510,San Martin,Tabalosos,2011,0.471571
100904,Huanuco,Tournavista,2011,0.254565
010701,Amazonas,Bagua Grande,2011,0.433574
220701,San Martin,Picota,2011,0.514998
220403,San Martin,El Eslabon,2011,0.624762
250105,Ucayali,Yarinacocha,2011,0.574744
220914,San Martin,Shapaja,2011,0.328286
010707,Amazonas,Yamon,2011,0.409573
010705,Amazonas,Jamalca,2011,0.347462
220205,San Martin,San Pablo,2011,0.760963
220705,San Martin,Pucacaca,2011,0.496903
220601,San Martin,Juanjui,2011,0.511552
100905,Huanuco,Yuyapichis,2011,0.232517
100608,Huanuco,Castillo Grande,2011,0.535759
220302,San Martin,Agua Blanca,2011,0.698697
250306,Ucayali,Huipoca,2011,0.186088
010611,Amazonas,Totora,2011,0.601765
010706,Amazonas,Lonya Grande,2011,0.313218
220706,San Martin,San Cristobal,2011,0.505563
010303,Amazonas,Churuja,2011,0.183648
220301,San Martin,San Jose De Sisa,2011,0.657849
010204,Amazonas,El Parco,2011,0.612417
010306,Amazonas,Florida,2011,0.385874
220303,San Martin,San Martin,2011,0.281914
220106,San Martin,Yantalo,2011,0.566656
220305,San Martin,Shatoja,2011,0.620211
010104,Amazonas,Cheto,2011,0.253775
160201,Loreto,Yurimaguas,2011,0.344437
060901,Cajamarca,San Ignacio,2011,0.640641
220511,San Martin,Zapatero,2011,0.831968
060811,Cajamarca,San Jose Del Alto,2011,0.465079
010206,Amazonas,La Peca,2011,0.62348
220401,San Martin,Saposoa,2011,0.353233
060902,Cajamarca,Chirinos,2011,0.581408
220908,San Martin,Juan Guerra,2011,0.692259
060904,Cajamarca,La Coipa,2011,0.521796
220808,San Martin,Yorongos,2011,0.548545
120607,Junin,Rio Negro,2011,0.41701
060812,Cajamarca,Santa Rosa,2011,0.637502
250106,Ucayali,Nueva Requena,2011,0.101907
220802,San Martin,Awajun,2011,0.374777
250302,Ucayali,Irazola,2011,0.188149
010109,Amazonas,La Jalca,2011,0.250905
220906,San Martin,El Porvenir,2011,0.244563
220707,San Martin,San Hilarion,2011,0.508561
220806,San Martin,Posic,2011,0.474586
220406,San Martin,Tingo De Saposoa,2011,0.688118
100901,Huanuco,Puerto Inca,2011,0.201572
010105,Amazonas,Chiliquin,2011,0.183309
220105,San Martin,Soritor,2011,0.279274
220201,San Martin,Bellavista,2011,0.757672
060803,Cajamarca,Chontali,2011,0.370731
100605,Huanuco,Luyando,2011,0.644359
010307,Amazonas,Jazan,2011,0.412038
010502,Amazonas,Camporredondo,2011,0.321642
010515,Amazonas,Providencia,2011,0.192602
010102,Amazonas,Asuncion,2011,0.418967
010510,Amazonas,Luya Viejo,2011,0.251943
100601,Huanuco,Rupa-Rupa,2011,0.39743
010514,Amazonas,Pisuquia,2011,0.175613
060810,Cajamarca,San Felipe,2011,0.139831
010305,Amazonas,Cuispes,2011,0.252036
060905,Cajamarca,Namballe,2011,0.353661
010119,Amazonas,San Isidro De Maino,2011,0.142112
060801,Cajamarca,Jaen,2011,0.491371
010513,Amazonas,Ocumal,2011,0.279165
220912,San Martin,San Antonio,2011,0.256128
220903,San Martin,Cacatachi,2011,0.739626
120602,Junin,Coviriali,2011,0.407942
120304,Junin,San Luis De Shuaro,2011,0.296255
120601,Junin,Satipo,2011,0.268952
010203,Amazonas,Copallin,2011,0.484797
010112,Amazonas,Magdalena,2011,0.141645
220102,San Martin,Calzada,2011,0.695447
060805,Cajamarca,Huabal,2011,0.80775
010610,Amazonas,Santa Rosa,2011,0.674607
220503,San Martin,Barranquita,2011,0.299749
220801,San Martin,Rioja,2011,0.607526
220703,San Martin,Caspisapa,2011,0.422136
080904,Cusco,Maranura,2011,0.256418
010117,Amazonas,Quinjalca,2011,0.387172
250303,Ucayali,Curimana,2011,0.101239
010308,Amazonas,Recta,2011,0.609402
010115,Amazonas,Montevideo,2011,0.144781
010114,Amazonas,Molinopampa,2011,0.187978
010503,Amazonas,Cocabamba,2011,0.127878
060809,Cajamarca,Sallique,2011,0.185724
010120,Amazonas,Soloco,2011,0.240733
010521,Amazonas,Santo Tomas,2011,0.3497
100113,Huanuco,San Pablo De Pillao,2011,0.161179
010602,Amazonas,Chirimoto,2011,0.278019
100603,Huanuco,Hermilio Valdizan,2011,0.176562
010111,Amazonas,Levanto,2011,0.196545
010518,Amazonas,San Jeronimo,2011,0.350595
010609,Amazonas,Omia,2011,0.189967
100902,Huanuco,Codo Del Pozuzo,2011,0.167669
010113,Amazonas,Mariscal Castilla,2011,0.242288
220101,San Martin,Moyobamba,2011,0.237101
010310,Amazonas,Shipasbamba,2011,0.229577
100103,Huanuco,Chinchao,2011,0.172832
010311,Amazonas,Valera,2011,0.159571
060907,Cajamarca,Tabaconas,2011,0.258621
160112,Loreto,Belen,2011,0.276704
200307,Piura,Sondor,2011,0.287309
220803,San Martin,Elias Soplin Vargas,2011,0.331308
010506,Amazonas,Inguilpata,2011,0.301197
220506,San Martin,Pinto Recodo,2011,0.219476
120303,Junin,Pichanaqui,2011,0.274317
010202,Amazonas,Aramango,2011,0.217235
010606,Amazonas,Longar,2011,0.270621
160101,Loreto,Iquitos,2011,0.35648
010507,Amazonas,Longuita,2011,0.368978
221001,San Martin,Tocache,2011,0.341215
010511,Amazonas,Maria,2011,0.182666
080901,Cusco,Santa Ana,2011,0.325625
120302,Junin,Perene,2011,0.321745
050409,Ayacucho,Canayre,2011,0.161527
221002,San Martin,Nuevo Progreso,2011,0.267691
200303,Piura,El Carmen De La Frontera,2011,0.253776
100609,Huanuco,Pueblo Nuevo,2011,0.322354
080903,Cusco,Huayopata,2011,0.194333
010604,Amazonas,Huambo,2011,0.823696
100505,Huanuco,Jircan,2011,0.050314
010512,Amazonas,Ocalli,2011,0.226612
010101,Amazonas,Chachapoyas,2011,0.250039
060903,Cajamarca,Huarango,2011,0.328316
010116,Amazonas,Olleros,2011,0.098846
010605,Amazonas,Limabamba,2011,0.173942
100804,Huanuco,Umari,2011,0.363683
220504,San Martin,Caynarachi,2011,0.187851
080905,Cusco,Ocobamba,2011,0.210292
010517,Amazonas,San Francisco Del Yeso,2011,0.336315
120609,Junin,Vizcatán Del Ene,2011,0.107982
060807,Cajamarca,Pomahuaca,2011,0.237604
010304,Amazonas,Corosha,2011,0.124075
221005,San Martin,Uchiza,2011,0.397248
220807,San Martin,San Fernando,2011,0.746175
050512,Ayacucho,Union Progreso,2011,0.770963
060804,Cajamarca,Colasay,2011,0.478974
160503,Loreto,Capelo,2011,0.090486
220910,San Martin,Morales,2011,0.757625
120604,Junin,Mazamari,2011,0.156041
120603,Junin,Llaylla,2011,0.226601
010520,Amazonas,Santa Catalina,2011,0.195982
010603,Amazonas,Cochamal,2011,0.136544
120209,Junin,Mariscal Castilla,2011,0.222674
010601,Amazonas,San Nicolas,2011,0.261014
010519,Amazonas,San Juan De Lopecancha,2011,0.392941
160211,Loreto,Teniente Cesar Lopez Rojas,2011,0.180652
080408,Cusco,Yanatile,2011,0.179537
050408,Ayacucho,Llochegua,2011,0.215674
100507,Huanuco,Monzon,2011,0.159987
081304,Cusco,Machupicchu,2011,0.103585
220909,San Martin,La Banda De Shilcayo,2011,0.250583
220103,San Martin,Habana,2011,0.83988
100606,Huanuco,Mariano Damaso Beraun,2011,0.157068
010508,Amazonas,Lonya Chico,2011,0.26402
170102,Madre De Dios,Inambari,2011,0.030866
050502,Ayacucho,Anco,2011,0.157523
010523,Amazonas,Trita,2011,0.536607
010516,Amazonas,San Cristobal,2011,0.370865
080918,Cusco,Union Ashaninka,2011,0.128488
221006,San Martin,Santa Lucia,2011,0.758918
100702,Huanuco,Cholon,2011,0.137819
211205,Puno,Phara,2011,0.029088
170204,Madre De Dios,Huepetuhe,2011,0.03297
010302,Amazonas,Chisquilla,2011,0.041461
050507,Ayacucho,Santa Rosa,2011,0.319117
220804,San Martin,Nueva Cajamarca,2011,0.377758
220809,San Martin,Yuracyacu,2011,0.758728
160603,Loreto,Padre Marquez,2011,0.050533
010522,Amazonas,Tingo,2011,0.302446
080906,Cusco,Quellouno,2011,0.184198
010301,Amazonas,Jumbilla,2011,0.217369
080917,Cusco,Manitea,2011,0.158161
250305,Ucayali,Alexander Von Humboldt,2012,0.675444
220509,San Martin,Shanao,2012,0.683112
250304,Ucayali,Neshuya,2012,0.557307
220501,San Martin,Lamas,2012,0.610391
220902,San Martin,Alberto Leveau,2012,0.403229
250102,Ucayali,Campoverde,2012,0.656593
220702,San Martin,Buenos Aires,2012,0.610865
220502,San Martin,Alonso De Alvarado,2012,0.492376
220404,San Martin,Piscoyacu,2012,0.589769
220708,San Martin,Shamboyacu,2012,0.380253
220204,San Martin,Huallaga,2012,0.490361
220605,San Martin,Pajarillo,2012,0.691507
010703,Amazonas,Cumba,2012,0.443991
220704,San Martin,Pilluana,2012,0.455088
220104,San Martin,Jepelacio,2012,0.585406
220505,San Martin,Cuñumbuqui,2012,0.699885
220507,San Martin,Rumisapa,2012,0.729007
220913,San Martin,Sauce,2012,0.308691
010608,Amazonas,Milpuc,2012,0.600376
220405,San Martin,Sacanche,2012,0.679396
220709,San Martin,Tingo De Ponasa,2012,0.562872
220304,San Martin,Santa Rosa,2012,0.669565
100903,Huanuco,Honoria,2012,0.384333
220203,San Martin,Bajo Biavo,2012,0.409673
220710,San Martin,Tres Unidos,2012,0.311442
220510,San Martin,Tabalosos,2012,0.479056
100904,Huanuco,Tournavista,2012,0.278576
010701,Amazonas,Bagua Grande,2012,0.429162
220701,San Martin,Picota,2012,0.527749
220403,San Martin,El Eslabon,2012,0.622242
250105,Ucayali,Yarinacocha,2012,0.58291
220914,San Martin,Shapaja,2012,0.321573
010707,Amazonas,Yamon,2012,0.398846
010705,Amazonas,Jamalca,2012,0.345086
220205,San Martin,San Pablo,2012,0.75911
220705,San Martin,Pucacaca,2012,0.499729
220601,San Martin,Juanjui,2012,0.520986
100905,Huanuco,Yuyapichis,2012,0.253095
100608,Huanuco,Castillo Grande,2012,0.506333
220302,San Martin,Agua Blanca,2012,0.710935
250306,Ucayali,Huipoca,2012,0.187745
010611,Amazonas,Totora,2012,0.606016
010706,Amazonas,Lonya Grande,2012,0.314285
220706,San Martin,San Cristobal,2012,0.532893
010303,Amazonas,Churuja,2012,0.178113
220301,San Martin,San Jose De Sisa,2012,0.664682
010204,Amazonas,El Parco,2012,0.616334
010306,Amazonas,Florida,2012,0.381743
220303,San Martin,San Martin,2012,0.298036
220106,San Martin,Yantalo,2012,0.579061
220305,San Martin,Shatoja,2012,0.633231
010104,Amazonas,Cheto,2012,0.240497
160201,Loreto,Yurimaguas,2012,0.358317
060901,Cajamarca,San Ignacio,2012,0.6345
220511,San Martin,Zapatero,2012,0.837086
060811,Cajamarca,San Jose Del Alto,2012,0.478297
010206,Amazonas,La Peca,2012,0.628109
220401,San Martin,Saposoa,2012,0.36626
060902,Cajamarca,Chirinos,2012,0.58399
220908,San Martin,Juan Guerra,2012,0.693909
060904,Cajamarca,La Coipa,2012,0.537412
220808,San Martin,Yorongos,2012,0.562702
120607,Junin,Rio Negro,2012,0.426131
060812,Cajamarca,Santa Rosa,2012,0.639125
250106,Ucayali,Nueva Requena,2012,0.103893
220802,San Martin,Awajun,2012,0.389286
250302,Ucayali,Irazola,2012,0.19042
010109,Amazonas,La Jalca,2012,0.248397
220906,San Martin,El Porvenir,2012,0.248722
220707,San Martin,San Hilarion,2012,0.550418
220806,San Martin,Posic,2012,0.476836
220406,San Martin,Tingo De Saposoa,2012,0.678722
100901,Huanuco,Puerto Inca,2012,0.219084
010105,Amazonas,Chiliquin,2012,0.177306
220105,San Martin,Soritor,2012,0.292587
220201,San Martin,Bellavista,2012,0.770787
060803,Cajamarca,Chontali,2012,0.373256
100605,Huanuco,Luyando,2012,0.625572
010307,Amazonas,Jazan,2012,0.417075
010502,Amazonas,Camporredondo,2012,0.322532
010515,Amazonas,Providencia,2012,0.188816
010102,Amazonas,Asuncion,2012,0.408966
010510,Amazonas,Luya Viejo,2012,0.248608
100601,Huanuco,Rupa-Rupa,2012,0.380455
010514,Amazonas,Pisuquia,2012,0.178116
060810,Cajamarca,San Felipe,2012,0.153805
010305,Amazonas,Cuispes,2012,0.235102
060905,Cajamarca,Namballe,2012,0.346101
010119,Amazonas,San Isidro De Maino,2012,0.138974
060801,Cajamarca,Jaen,2012,0.489605
010513,Amazonas,Ocumal,2012,0.287714
220912,San Martin,San Antonio,2012,0.256991
220903,San Martin,Cacatachi,2012,0.77621
120602,Junin,Coviriali,2012,0.410997
120304,Junin,San Luis De Shuaro,2012,0.298998
120601,Junin,Satipo,2012,0.28159
010203,Amazonas,Copallin,2012,0.474437
010112,Amazonas,Magdalena,2012,0.138317
220102,San Martin,Calzada,2012,0.700535
060805,Cajamarca,Huabal,2012,0.813982
010610,Amazonas,Santa Rosa,2012,0.675617
220503,San Martin,Barranquita,2012,0.300501
220801,San Martin,Rioja,2012,0.614777
220703,San Martin,Caspisapa,2012,0.443761
080904,Cusco,Maranura,2012,0.253881
010117,Amazonas,Quinjalca,2012,0.378772
250303,Ucayali,Curimana,2012,0.108393
010308,Amazonas,Recta,2012,0.60864
010115,Amazonas,Montevideo,2012,0.132545
010114,Amazonas,Molinopampa,2012,0.181849
010503,Amazonas,Cocabamba,2012,0.124614
060809,Cajamarca,Sallique,2012,0.19774
010120,Amazonas,Soloco,2012,0.219837
010521,Amazonas,Santo Tomas,2012,0.340792
100113,Huanuco,San Pablo De Pillao,2012,0.167961
010602,Amazonas,Chirimoto,2012,0.28364
100603,Huanuco,Hermilio Valdizan,2012,0.1578
010111,Amazonas,Levanto,2012,0.194478
010518,Amazonas,San Jeronimo,2012,0.353145
010609,Amazonas,Omia,2012,0.192509
100902,Huanuco,Codo Del Pozuzo,2012,0.17071
010113,Amazonas,Mariscal Castilla,2012,0.241105
220101,San Martin,Moyobamba,2012,0.254195
010310,Amazonas,Shipasbamba,2012,0.222353
100103,Huanuco,Chinchao,2012,0.174627
010311,Amazonas,Valera,2012,0.157154
060907,Cajamarca,Tabaconas,2012,0.262333
160112,Loreto,Belen,2012,0.293538
200307,Piura,Sondor,2012,0.291515
220803,San Martin,Elias Soplin Vargas,2012,0.33543
010506,Amazonas,Inguilpata,2012,0.289262
220506,San Martin,Pinto Recodo,2012,0.22881
120303,Junin,Pichanaqui,2012,0.283389
010202,Amazonas,Aramango,2012,0.203258
010606,Amazonas,Longar,2012,0.271486
160101,Loreto,Iquitos,2012,0.373155
010507,Amazonas,Longuita,2012,0.359813
221001,San Martin,Tocache,2012,0.341662
010511,Amazonas,Maria,2012,0.173333
080901,Cusco,Santa Ana,2012,0.322591
120302,Junin,Perene,2012,0.32914
050409,Ayacucho,Canayre,2012,0.163293
221002,San Martin,Nuevo Progreso,2012,0.262106
200303,Piura,El Carmen De La Frontera,2012,0.251482
100609,Huanuco,Pueblo Nuevo,2012,0.309283
080903,Cusco,Huayopata,2012,0.189036
010604,Amazonas,Huambo,2012,0.825562
100505,Huanuco,Jircan,2012,0.04308
010512,Amazonas,Ocalli,2012,0.221317
010101,Amazonas,Chachapoyas,2012,0.246313
060903,Cajamarca,Huarango,2012,0.322334
010116,Amazonas,Olleros,2012,0.101154
010605,Amazonas,Limabamba,2012,0.168268
100804,Huanuco,Umari,2012,0.373491
220504,San Martin,Caynarachi,2012,0.191978
080905,Cusco,Ocobamba,2012,0.207706
010517,Amazonas,San Francisco Del Yeso,2012,0.335762
120609,Junin,Vizcatán Del Ene,2012,0.111368
060807,Cajamarca,Pomahuaca,2012,0.239684
010304,Amazonas,Corosha,2012,0.126528
221005,San Martin,Uchiza,2012,0.392822
220807,San Martin,San Fernando,2012,0.756457
050512,Ayacucho,Union Progreso,2012,0.782935
060804,Cajamarca,Colasay,2012,0.469069
160503,Loreto,Capelo,2012,0.095473
220910,San Martin,Morales,2012,0.776818
120604,Junin,Mazamari,2012,0.15991
120603,Junin,Llaylla,2012,0.234642
010520,Amazonas,Santa Catalina,2012,0.198018
010603,Amazonas,Cochamal,2012,0.128908
120209,Junin,Mariscal Castilla,2012,0.219669
010601,Amazonas,San Nicolas,2012,0.26178
010519,Amazonas,San Juan De Lopecancha,2012,0.38875
160211,Loreto,Teniente Cesar Lopez Rojas,2012,0.181651
080408,Cusco,Yanatile,2012,0.180406
050408,Ayacucho,Llochegua,2012,0.219484
100507,Huanuco,Monzon,2012,0.156904
081304,Cusco,Machupicchu,2012,0.101193
220909,San Martin,La Banda De Shilcayo,2012,0.253788
220103,San Martin,Habana,2012,0.85191
100606,Huanuco,Mariano Damaso Beraun,2012,0.151442
010508,Amazonas,Lonya Chico,2012,0.262625
170102,Madre De Dios,Inambari,2012,0.031116
050502,Ayacucho,Anco,2012,0.158478
010523,Amazonas,Trita,2012,0.59112
010516,Amazonas,San Cristobal,2012,0.39949
080918,Cusco,Union Ashaninka,2012,0.133826
221006,San Martin,Santa Lucia,2012,0.757124
100702,Huanuco,Cholon,2012,0.140753
211205,Puno,Phara,2012,0.030679
170204,Madre De Dios,Huepetuhe,2012,0.031853
010302,Amazonas,Chisquilla,2012,0.041439
050507,Ayacucho,Santa Rosa,2012,0.325178
220804,San Martin,Nueva Cajamarca,2012,0.375011
220809,San Martin,Yuracyacu,2012,0.764131
160603,Loreto,Padre Marquez,2012,0.050125
010522,Amazonas,Tingo,2012,0.291055
080906,Cusco,Quellouno,2012,0.183023
010301,Amazonas,Jumbilla,2012,0.216662
080917,Cusco,Manitea,2012,0.169401
250305,Ucayali,Alexander Von Humboldt,2013,0.683701
220509,San Martin,Shanao,2013,0.664903
250304,Ucayali,Neshuya,2013,0.574529
220501,San Martin,Lamas,2013,0.614765
220902,San Martin,Alberto Leveau,2013,0.416284
250102,Ucayali,Campoverde,2013,0.665383
220702,San Martin,Buenos Aires,2013,0.628979
220502,San Martin,Alonso De Alvarado,2013,0.502068
220404,San Martin,Piscoyacu,2013,0.589063
220708,San Martin,Shamboyacu,2013,0.376204
220204,San Martin,Huallaga,2013,0.495479
220605,San Martin,Pajarillo,2013,0.689811
010703,Amazonas,Cumba,2013,0.408053
220704,San Martin,Pilluana,2013,0.487267
220104,San Martin,Jepelacio,2013,0.583108
220505,San Martin,Cuñumbuqui,2013,0.693474
220507,San Martin,Rumisapa,2013,0.7378
220913,San Martin,Sauce,2013,0.313543
010608,Amazonas,Milpuc,2013,0.597191
220405,San Martin,Sacanche,2013,0.671236
220709,San Martin,Tingo De Ponasa,2013,0.551595
220304,San Martin,Santa Rosa,2013,0.679022
100903,Huanuco,Honoria,2013,0.393475
220203,San Martin,Bajo Biavo,2013,0.411501
220710,San Martin,Tres Unidos,2013,0.299753
220510,San Martin,Tabalosos,2013,0.469394
100904,Huanuco,Tournavista,2013,0.294756
010701,Amazonas,Bagua Grande,2013,0.426151
220701,San Martin,Picota,2013,0.534537
220403,San Martin,El Eslabon,2013,0.613249
250105,Ucayali,Yarinacocha,2013,0.594093
220914,San Martin,Shapaja,2013,0.309578
010707,Amazonas,Yamon,2013,0.384386
010705,Amazonas,Jamalca,2013,0.340888
220205,San Martin,San Pablo,2013,0.757131
220705,San Martin,Pucacaca,2013,0.505569
220601,San Martin,Juanjui,2013,0.520243
100905,Huanuco,Yuyapichis,2013,0.266393
100608,Huanuco,Castillo Grande,2013,0.491298
220302,San Martin,Agua Blanca,2013,0.721271
250306,Ucayali,Huipoca,2013,0.20511
010611,Amazonas,Totora,2013,0.620737
010706,Amazonas,Lonya Grande,2013,0.311677
220706,San Martin,San Cristobal,2013,0.540625
010303,Amazonas,Churuja,2013,0.181356
220301,San Martin,San Jose De Sisa,2013,0.670734
010204,Amazonas,El Parco,2013,0.625049
010306,Amazonas,Florida,2013,0.388718
220303,San Martin,San Martin,2013,0.300854
220106,San Martin,Yantalo,2013,0.560102
220305,San Martin,Shatoja,2013,0.636038
010104,Amazonas,Cheto,2013,0.243519
160201,Loreto,Yurimaguas,2013,0.36838
060901,Cajamarca,San Ignacio,2013,0.637848
220511,San Martin,Zapatero,2013,0.831825
060811,Cajamarca,San Jose Del Alto,2013,0.465672
010206,Amazonas,La Peca,2013,0.632859
220401,San Martin,Saposoa,2013,0.369737
060902,Cajamarca,Chirinos,2013,0.578147
220908,San Martin,Juan Guerra,2013,0.703129
060904,Cajamarca,La Coipa,2013,0.553713
220808,San Martin,Yorongos,2013,0.584579
120607,Junin,Rio Negro,2013,0.441667
060812,Cajamarca,Santa Rosa,2013,0.632133
250106,Ucayali,Nueva Requena,2013,0.121708
220802,San Martin,Awajun,2013,0.394264
250302,Ucayali,Irazola,2013,0.208864
010109,Amazonas,La Jalca,2013,0.271167
220906,San Martin,El Porvenir,2013,0.255308
220707,San Martin,San Hilarion,2013,0.573925
220806,San Martin,Posic,2013,0.470408
220406,San Martin,Tingo De Saposoa,2013,0.65906
100901,Huanuco,Puerto Inca,2013,0.229813
010105,Amazonas,Chiliquin,2013,0.175949
220105,San Martin,Soritor,2013,0.301704
220201,San Martin,Bellavista,2013,0.763793
060803,Cajamarca,Chontali,2013,0.366275
100605,Huanuco,Luyando,2013,0.617343
010307,Amazonas,Jazan,2013,0.415419
010502,Amazonas,Camporredondo,2013,0.320325
010515,Amazonas,Providencia,2013,0.189892
010102,Amazonas,Asuncion,2013,0.396285
010510,Amazonas,Luya Viejo,2013,0.244932
100601,Huanuco,Rupa-Rupa,2013,0.371605
010514,Amazonas,Pisuquia,2013,0.179794
060810,Cajamarca,San Felipe,2013,0.127698
010305,Amazonas,Cuispes,2013,0.231865
060905,Cajamarca,Namballe,2013,0.353565
010119,Amazonas,San Isidro De Maino,2013,0.142788
060801,Cajamarca,Jaen,2013,0.492261
010513,Amazonas,Ocumal,2013,0.280944
220912,San Martin,San Antonio,2013,0.23401
220903,San Martin,Cacatachi,2013,0.787863
120602,Junin,Coviriali,2013,0.410368
120304,Junin,San Luis De Shuaro,2013,0.305214
120601,Junin,Satipo,2013,0.290228
010203,Amazonas,Copallin,2013,0.470291
010112,Amazonas,Magdalena,2013,0.143574
220102,San Martin,Calzada,2013,0.722421
060805,Cajamarca,Huabal,2013,0.821136
010610,Amazonas,Santa Rosa,2013,0.668674
220503,San Martin,Barranquita,2013,0.305004
220801,San Martin,Rioja,2013,0.624965
220703,San Martin,Caspisapa,2013,0.450778
080904,Cusco,Maranura,2013,0.260968
010117,Amazonas,Quinjalca,2013,0.372409
250303,Ucayali,Curimana,2013,0.133881
010308,Amazonas,Recta,2013,0.609719
010115,Amazonas,Montevideo,2013,0.131071
010114,Amazonas,Molinopampa,2013,0.18779
010503,Amazonas,Cocabamba,2013,0.124166
060809,Cajamarca,Sallique,2013,0.171078
010120,Amazonas,Soloco,2013,0.213165
010521,Amazonas,Santo Tomas,2013,0.351122
100113,Huanuco,San Pablo De Pillao,2013,0.163437
010602,Amazonas,Chirimoto,2013,0.287638
100603,Huanuco,Hermilio Valdizan,2013,0.153184
010111,Amazonas,Levanto,2013,0.201131
010518,Amazonas,San Jeronimo,2013,0.352182
010609,Amazonas,Omia,2013,0.196559
100902,Huanuco,Codo Del Pozuzo,2013,0.186314
010113,Amazonas,Mariscal Castilla,2013,0.24711
220101,San Martin,Moyobamba,2013,0.260191
010310,Amazonas,Shipasbamba,2013,0.223758
100103,Huanuco,Chinchao,2013,0.171736
010311,Amazonas,Valera,2013,0.163515
060907,Cajamarca,Tabaconas,2013,0.25643
160112,Loreto,Belen,2013,0.291512
200307,Piura,Sondor,2013,0.274763
220803,San Martin,Elias Soplin Vargas,2013,0.335666
010506,Amazonas,Inguilpata,2013,0.285437
220506,San Martin,Pinto Recodo,2013,0.223288
120303,Junin,Pichanaqui,2013,0.293009
010202,Amazonas,Aramango,2013,0.198922
010606,Amazonas,Longar,2013,0.264707
160101,Loreto,Iquitos,2013,0.372537
010507,Amazonas,Longuita,2013,0.353057
221001,San Martin,Tocache,2013,0.343707
010511,Amazonas,Maria,2013,0.172228
080901,Cusco,Santa Ana,2013,0.326941
120302,Junin,Perene,2013,0.337629
050409,Ayacucho,Canayre,2013,0.171666
221002,San Martin,Nuevo Progreso,2013,0.266632
200303,Piura,El Carmen De La Frontera,2013,0.243156
100609,Huanuco,Pueblo Nuevo,2013,0.302238
080903,Cusco,Huayopata,2013,0.18188
010604,Amazonas,Huambo,2013,0.820457
100505,Huanuco,Jircan,2013,0.047562
010512,Amazonas,Ocalli,2013,0.208196
010101,Amazonas,Chachapoyas,2013,0.242824
060903,Cajamarca,Huarango,2013,0.310916
010116,Amazonas,Olleros,2013,0.103761
010605,Amazonas,Limabamba,2013,0.162113
100804,Huanuco,Umari,2013,0.359611
220504,San Martin,Caynarachi,2013,0.200628
080905,Cusco,Ocobamba,2013,0.202187
010517,Amazonas,San Francisco Del Yeso,2013,0.342849
120609,Junin,Vizcatán Del Ene,2013,0.116967
060807,Cajamarca,Pomahuaca,2013,0.238243
010304,Amazonas,Corosha,2013,0.126653
221005,San Martin,Uchiza,2013,0.395985
220807,San Martin,San Fernando,2013,0.698197
050512,Ayacucho,Union Progreso,2013,0.796112
060804,Cajamarca,Colasay,2013,0.486007
160503,Loreto,Capelo,2013,0.103541
220910,San Martin,Morales,2013,0.782058
120604,Junin,Mazamari,2013,0.164121
120603,Junin,Llaylla,2013,0.236355
010520,Amazonas,Santa Catalina,2013,0.196776
010603,Amazonas,Cochamal,2013,0.126916
120209,Junin,Mariscal Castilla,2013,0.21056
010601,Amazonas,San Nicolas,2013,0.263024
010519,Amazonas,San Juan De Lopecancha,2013,0.401312
160211,Loreto,Teniente Cesar Lopez Rojas,2013,0.184701
080408,Cusco,Yanatile,2013,0.179031
050408,Ayacucho,Llochegua,2013,0.22343
100507,Huanuco,Monzon,2013,0.156152
081304,Cusco,Machupicchu,2013,0.096633
220909,San Martin,La Banda De Shilcayo,2013,0.248301
220103,San Martin,Habana,2013,0.8631
100606,Huanuco,Mariano Damaso Beraun,2013,0.149987
010508,Amazonas,Lonya Chico,2013,0.265094
170102,Madre De Dios,Inambari,2013,0.0311
050502,Ayacucho,Anco,2013,0.16234
010523,Amazonas,Trita,2013,0.62019
010516,Amazonas,San Cristobal,2013,0.414352
080918,Cusco,Union Ashaninka,2013,0.143931
221006,San Martin,Santa Lucia,2013,0.75783
100702,Huanuco,Cholon,2013,0.144103
211205,Puno,Phara,2013,0.027644
170204,Madre De Dios,Huepetuhe,2013,0.033026
010302,Amazonas,Chisquilla,2013,0.042208
050507,Ayacucho,Santa Rosa,2013,0.330962
220804,San Martin,Nueva Cajamarca,2013,0.361797
220809,San Martin,Yuracyacu,2013,0.679116
160603,Loreto,Padre Marquez,2013,0.055009
010522,Amazonas,Tingo,2013,0.290468
080906,Cusco,Quellouno,2013,0.185567
010301,Amazonas,Jumbilla,2013,0.216281
080917,Cusco,Manitea,2013,0.182049
250305,Ucayali,Alexander Von Humboldt,2014,0.679667
220509,San Martin,Shanao,2014,0.626332
250304,Ucayali,Neshuya,2014,0.582638
220501,San Martin,Lamas,2014,0.605702
220902,San Martin,Alberto Leveau,2014,0.398803
250102,Ucayali,Campoverde,2014,0.67469
220702,San Martin,Buenos Aires,2014,0.638674
220502,San Martin,Alonso De Alvarado,2014,0.498595
220404,San Martin,Piscoyacu,2014,0.598268
220708,San Martin,Shamboyacu,2014,0.37759
220204,San Martin,Huallaga,2014,0.485787
220605,San Martin,Pajarillo,2014,0.677291
010703,Amazonas,Cumba,2014,0.410867
220704,San Martin,Pilluana,2014,0.486229
220104,San Martin,Jepelacio,2014,0.573247
220505,San Martin,Cuñumbuqui,2014,0.685781
220507,San Martin,Rumisapa,2014,0.741408
220913,San Martin,Sauce,2014,0.293245
010608,Amazonas,Milpuc,2014,0.583704
220405,San Martin,Sacanche,2014,0.665957
220709,San Martin,Tingo De Ponasa,2014,0.527603
220304,San Martin,Santa Rosa,2014,0.676891
100903,Huanuco,Honoria,2014,0.405753
220203,San Martin,Bajo Biavo,2014,0.412937
220710,San Martin,Tres Unidos,2014,0.296538
220510,San Martin,Tabalosos,2014,0.459899
100904,Huanuco,Tournavista,2014,0.309791
010701,Amazonas,Bagua Grande,2014,0.425372
220701,San Martin,Picota,2014,0.521418
220403,San Martin,El Eslabon,2014,0.615342
250105,Ucayali,Yarinacocha,2014,0.596533
220914,San Martin,Shapaja,2014,0.297299
010707,Amazonas,Yamon,2014,0.398359
010705,Amazonas,Jamalca,2014,0.340893
220205,San Martin,San Pablo,2014,0.743455
220705,San Martin,Pucacaca,2014,0.490835
220601,San Martin,Juanjui,2014,0.514433
100905,Huanuco,Yuyapichis,2014,0.275652
100608,Huanuco,Castillo Grande,2014,0.471881
220302,San Martin,Agua Blanca,2014,0.71728
250306,Ucayali,Huipoca,2014,0.209652
010611,Amazonas,Totora,2014,0.608988
010706,Amazonas,Lonya Grande,2014,0.316096
220706,San Martin,San Cristobal,2014,0.512824
010303,Amazonas,Churuja,2014,0.191223
220301,San Martin,San Jose De Sisa,2014,0.67467
010204,Amazonas,El Parco,2014,0.623335
010306,Amazonas,Florida,2014,0.392144
220303,San Martin,San Martin,2014,0.297183
220106,San Martin,Yantalo,2014,0.567946
220305,San Martin,Shatoja,2014,0.640192
010104,Amazonas,Cheto,2014,0.241382
160201,Loreto,Yurimaguas,2014,0.362216
060901,Cajamarca,San Ignacio,2014,0.654556
220511,San Martin,Zapatero,2014,0.828759
060811,Cajamarca,San Jose Del Alto,2014,0.478165
010206,Amazonas,La Peca,2014,0.636862
220401,San Martin,Saposoa,2014,0.379839
060902,Cajamarca,Chirinos,2014,0.581182
220908,San Martin,Juan Guerra,2014,0.701664
060904,Cajamarca,La Coipa,2014,0.58367
220808,San Martin,Yorongos,2014,0.582883
120607,Junin,Rio Negro,2014,0.445911
060812,Cajamarca,Santa Rosa,2014,0.632324
250106,Ucayali,Nueva Requena,2014,0.148305
220802,San Martin,Awajun,2014,0.396212
250302,Ucayali,Irazola,2014,0.219934
010109,Amazonas,La Jalca,2014,0.281491
220906,San Martin,El Porvenir,2014,0.258983
220707,San Martin,San Hilarion,2014,0.556427
220806,San Martin,Posic,2014,0.479745
220406,San Martin,Tingo De Saposoa,2014,0.640268
100901,Huanuco,Puerto Inca,2014,0.237808
010105,Amazonas,Chiliquin,2014,0.181664
220105,San Martin,Soritor,2014,0.30019
220201,San Martin,Bellavista,2014,0.753665
060803,Cajamarca,Chontali,2014,0.377962
100605,Huanuco,Luyando,2014,0.60597
010307,Amazonas,Jazan,2014,0.423063
010502,Amazonas,Camporredondo,2014,0.319366
010515,Amazonas,Providencia,2014,0.181868
010102,Amazonas,Asuncion,2014,0.391488
010510,Amazonas,Luya Viejo,2014,0.242844
100601,Huanuco,Rupa-Rupa,2014,0.356181
010514,Amazonas,Pisuquia,2014,0.178315
060810,Cajamarca,San Felipe,2014,0.120497
010305,Amazonas,Cuispes,2014,0.229522
060905,Cajamarca,Namballe,2014,0.354232
010119,Amazonas,San Isidro De Maino,2014,0.133959
060801,Cajamarca,Jaen,2014,0.498564
010513,Amazonas,Ocumal,2014,0.271772
220912,San Martin,San Antonio,2014,0.231048
220903,San Martin,Cacatachi,2014,0.78268
120602,Junin,Coviriali,2014,0.39927
120304,Junin,San Luis De Shuaro,2014,0.297633
120601,Junin,Satipo,2014,0.290078
010203,Amazonas,Copallin,2014,0.467503
010112,Amazonas,Magdalena,2014,0.137266
220102,San Martin,Calzada,2014,0.730801
060805,Cajamarca,Huabal,2014,0.830672
010610,Amazonas,Santa Rosa,2014,0.650479
220503,San Martin,Barranquita,2014,0.302611
220801,San Martin,Rioja,2014,0.624237
220703,San Martin,Caspisapa,2014,0.445057
080904,Cusco,Maranura,2014,0.264634
010117,Amazonas,Quinjalca,2014,0.371342
250303,Ucayali,Curimana,2014,0.151809
010308,Amazonas,Recta,2014,0.60845
010115,Amazonas,Montevideo,2014,0.138403
010114,Amazonas,Molinopampa,2014,0.192067
010503,Amazonas,Cocabamba,2014,0.123559
060809,Cajamarca,Sallique,2014,0.163803
010120,Amazonas,Soloco,2014,0.210121
010521,Amazonas,Santo Tomas,2014,0.363525
100113,Huanuco,San Pablo De Pillao,2014,0.159519
010602,Amazonas,Chirimoto,2014,0.281231
100603,Huanuco,Hermilio Valdizan,2014,0.147904
010111,Amazonas,Levanto,2014,0.190201
010518,Amazonas,San Jeronimo,2014,0.358588
010609,Amazonas,Omia,2014,0.188641
100902,Huanuco,Codo Del Pozuzo,2014,0.192781
010113,Amazonas,Mariscal Castilla,2014,0.254321
220101,San Martin,Moyobamba,2014,0.259184
010310,Amazonas,Shipasbamba,2014,0.223489
100103,Huanuco,Chinchao,2014,0.167495
010311,Amazonas,Valera,2014,0.166661
060907,Cajamarca,Tabaconas,2014,0.269941
160112,Loreto,Belen,2014,0.305033
200307,Piura,Sondor,2014,0.270349
220803,San Martin,Elias Soplin Vargas,2014,0.328567
010506,Amazonas,Inguilpata,2014,0.273479
220506,San Martin,Pinto Recodo,2014,0.220777
120303,Junin,Pichanaqui,2014,0.295908
010202,Amazonas,Aramango,2014,0.217612
010606,Amazonas,Longar,2014,0.256457
160101,Loreto,Iquitos,2014,0.380883
010507,Amazonas,Longuita,2014,0.354632
221001,San Martin,Tocache,2014,0.347415
010511,Amazonas,Maria,2014,0.183203
080901,Cusco,Santa Ana,2014,0.326718
120302,Junin,Perene,2014,0.335622
050409,Ayacucho,Canayre,2014,0.178308
221002,San Martin,Nuevo Progreso,2014,0.273466
200303,Piura,El Carmen De La Frontera,2014,0.249627
100609,Huanuco,Pueblo Nuevo,2014,0.293909
080903,Cusco,Huayopata,2014,0.1803
010604,Amazonas,Huambo,2014,0.808517
100505,Huanuco,Jircan,2014,0.041812
010512,Amazonas,Ocalli,2014,0.207312
010101,Amazonas,Chachapoyas,2014,0.22952
060903,Cajamarca,Huarango,2014,0.310693
010116,Amazonas,Olleros,2014,0.100995
010605,Amazonas,Limabamba,2014,0.159308
100804,Huanuco,Umari,2014,0.351855
220504,San Martin,Caynarachi,2014,0.199278
080905,Cusco,Ocobamba,2014,0.200894
010517,Amazonas,San Francisco Del Yeso,2014,0.354648
120609,Junin,Vizcatán Del Ene,2014,0.119609
060807,Cajamarca,Pomahuaca,2014,0.236629
010304,Amazonas,Corosha,2014,0.128773
221005,San Martin,Uchiza,2014,0.402337
220807,San Martin,San Fernando,2014,0.72512
050512,Ayacucho,Union Progreso,2014,0.811049
060804,Cajamarca,Colasay,2014,0.49307
160503,Loreto,Capelo,2014,0.118114
220910,San Martin,Morales,2014,0.768299
120604,Junin,Mazamari,2014,0.166596
120603,Junin,Llaylla,2014,0.235662
010520,Amazonas,Santa Catalina,2014,0.199266
010603,Amazonas,Cochamal,2014,0.126843
120209,Junin,Mariscal Castilla,2014,0.21056
010601,Amazonas,San Nicolas,2014,0.254185
010519,Amazonas,San Juan De Lopecancha,2014,0.412957
160211,Loreto,Teniente Cesar Lopez Rojas,2014,0.182892
080408,Cusco,Yanatile,2014,0.178188
050408,Ayacucho,Llochegua,2014,0.229843
100507,Huanuco,Monzon,2014,0.149944
081304,Cusco,Machupicchu,2014,0.097014
220909,San Martin,La Banda De Shilcayo,2014,0.247571
220103,San Martin,Habana,2014,0.874767
100606,Huanuco,Mariano Damaso Beraun,2014,0.147584
010508,Amazonas,Lonya Chico,2014,0.258711
170102,Madre De Dios,Inambari,2014,0.033825
050502,Ayacucho,Anco,2014,0.165625
010523,Amazonas,Trita,2014,0.620508
010516,Amazonas,San Cristobal,2014,0.416379
080918,Cusco,Union Ashaninka,2014,0.149624
221006,San Martin,Santa Lucia,2014,0.763518
100702,Huanuco,Cholon,2014,0.146771
211205,Puno,Phara,2014,0.027004
170204,Madre De Dios,Huepetuhe,2014,0.038407
010302,Amazonas,Chisquilla,2014,0.042533
050507,Ayacucho,Santa Rosa,2014,0.331311
220804,San Martin,Nueva Cajamarca,2014,0.358153
220809,San Martin,Yuracyacu,2014,0.708897
160603,Loreto,Padre Marquez,2014,0.055588
010522,Amazonas,Tingo,2014,0.263796
080906,Cusco,Quellouno,2014,0.187631
010301,Amazonas,Jumbilla,2014,0.215373
080917,Cusco,Manitea,2014,0.187792
250305,Ucayali,Alexander Von Humboldt,2015,0.691746
220509,San Martin,Shanao,2015,0.617939
250304,Ucayali,Neshuya,2015,0.599613
220501,San Martin,Lamas,2015,0.609458
220902,San Martin,Alberto Leveau,2015,0.405253
250102,Ucayali,Campoverde,2015,0.685051
220702,San Martin,Buenos Aires,2015,0.640677
220502,San Martin,Alonso De Alvarado,2015,0.481297
220404,San Martin,Piscoyacu,2015,0.600199
220708,San Martin,Shamboyacu,2015,0.389949
220204,San Martin,Huallaga,2015,0.487579
220605,San Martin,Pajarillo,2015,0.671059
010703,Amazonas,Cumba,2015,0.420261
220704,San Martin,Pilluana,2015,0.50124
220104,San Martin,Jepelacio,2015,0.556468
220505,San Martin,Cuñumbuqui,2015,0.680117
220507,San Martin,Rumisapa,2015,0.695307
220913,San Martin,Sauce,2015,0.282352
010608,Amazonas,Milpuc,2015,0.580291
220405,San Martin,Sacanche,2015,0.655492
220709,San Martin,Tingo De Ponasa,2015,0.51853
220304,San Martin,Santa Rosa,2015,0.675017
100903,Huanuco,Honoria,2015,0.418952
220203,San Martin,Bajo Biavo,2015,0.410536
220710,San Martin,Tres Unidos,2015,0.303695
220510,San Martin,Tabalosos,2015,0.453889
100904,Huanuco,Tournavista,2015,0.329298
010701,Amazonas,Bagua Grande,2015,0.4282
220701,San Martin,Picota,2015,0.497619
220403,San Martin,El Eslabon,2015,0.613869
250105,Ucayali,Yarinacocha,2015,0.595244
220914,San Martin,Shapaja,2015,0.291273
010707,Amazonas,Yamon,2015,0.395264
010705,Amazonas,Jamalca,2015,0.330812
220205,San Martin,San Pablo,2015,0.739883
220705,San Martin,Pucacaca,2015,0.474159
220601,San Martin,Juanjui,2015,0.5077
100905,Huanuco,Yuyapichis,2015,0.286916
100608,Huanuco,Castillo Grande,2015,0.457693
220302,San Martin,Agua Blanca,2015,0.712982
250306,Ucayali,Huipoca,2015,0.220425
010611,Amazonas,Totora,2015,0.615571
010706,Amazonas,Lonya Grande,2015,0.318152
220706,San Martin,San Cristobal,2015,0.483694
010303,Amazonas,Churuja,2015,0.18963
220301,San Martin,San Jose De Sisa,2015,0.671178
010204,Amazonas,El Parco,2015,0.648159
010306,Amazonas,Florida,2015,0.398065
220303,San Martin,San Martin,2015,0.283524
220106,San Martin,Yantalo,2015,0.561009
220305,San Martin,Shatoja,2015,0.643601
010104,Amazonas,Cheto,2015,0.226094
160201,Loreto,Yurimaguas,2015,0.358581
060901,Cajamarca,San Ignacio,2015,0.64803
220511,San Martin,Zapatero,2015,0.830302
060811,Cajamarca,San Jose Del Alto,2015,0.470368
010206,Amazonas,La Peca,2015,0.638538
220401,San Martin,Saposoa,2015,0.380226
060902,Cajamarca,Chirinos,2015,0.559561
220908,San Martin,Juan Guerra,2015,0.693997
060904,Cajamarca,La Coipa,2015,0.580108
220808,San Martin,Yorongos,2015,0.571238
120607,Junin,Rio Negro,2015,0.444292
060812,Cajamarca,Santa Rosa,2015,0.623299
250106,Ucayali,Nueva Requena,2015,0.162105
220802,San Martin,Awajun,2015,0.392507
250302,Ucayali,Irazola,2015,0.233931
010109,Amazonas,La Jalca,2015,0.287696
220906,San Martin,El Porvenir,2015,0.271793
220707,San Martin,San Hilarion,2015,0.551297
220806,San Martin,Posic,2015,0.45779
220406,San Martin,Tingo De Saposoa,2015,0.615578
100901,Huanuco,Puerto Inca,2015,0.253714
010105,Amazonas,Chiliquin,2015,0.17318
220105,San Martin,Soritor,2015,0.294456
220201,San Martin,Bellavista,2015,0.749183
060803,Cajamarca,Chontali,2015,0.365299
100605,Huanuco,Luyando,2015,0.598929
010307,Amazonas,Jazan,2015,0.420174
010502,Amazonas,Camporredondo,2015,0.318337
010515,Amazonas,Providencia,2015,0.178639
010102,Amazonas,Asuncion,2015,0.38016
010510,Amazonas,Luya Viejo,2015,0.240534
100601,Huanuco,Rupa-Rupa,2015,0.348439
010514,Amazonas,Pisuquia,2015,0.180491
060810,Cajamarca,San Felipe,2015,0.117965
010305,Amazonas,Cuispes,2015,0.229697
060905,Cajamarca,Namballe,2015,0.339921
010119,Amazonas,San Isidro De Maino,2015,0.126555
060801,Cajamarca,Jaen,2015,0.500633
010513,Amazonas,Ocumal,2015,0.263703
220912,San Martin,San Antonio,2015,0.229414
220903,San Martin,Cacatachi,2015,0.77748
120602,Junin,Coviriali,2015,0.395047
120304,Junin,San Luis De Shuaro,2015,0.306058
120601,Junin,Satipo,2015,0.289955
010203,Amazonas,Copallin,2015,0.458789
010112,Amazonas,Magdalena,2015,0.130893
220102,San Martin,Calzada,2015,0.730671
060805,Cajamarca,Huabal,2015,0.830053
010610,Amazonas,Santa Rosa,2015,0.636723
220503,San Martin,Barranquita,2015,0.304687
220801,San Martin,Rioja,2015,0.616416
220703,San Martin,Caspisapa,2015,0.408895
080904,Cusco,Maranura,2015,0.267457
010117,Amazonas,Quinjalca,2015,0.343024
250303,Ucayali,Curimana,2015,0.168269
010308,Amazonas,Recta,2015,0.605405
010115,Amazonas,Montevideo,2015,0.139305
010114,Amazonas,Molinopampa,2015,0.186915
010503,Amazonas,Cocabamba,2015,0.121877
060809,Cajamarca,Sallique,2015,0.160416
010120,Amazonas,Soloco,2015,0.195124
010521,Amazonas,Santo Tomas,2015,0.370981
100113,Huanuco,San Pablo De Pillao,2015,0.158233
010602,Amazonas,Chirimoto,2015,0.278776
100603,Huanuco,Hermilio Valdizan,2015,0.148704
010111,Amazonas,Levanto,2015,0.188989
010518,Amazonas,San Jeronimo,2015,0.346072
010609,Amazonas,Omia,2015,0.182652
100902,Huanuco,Codo Del Pozuzo,2015,0.19947
010113,Amazonas,Mariscal Castilla,2015,0.263853
220101,San Martin,Moyobamba,2015,0.253415
010310,Amazonas,Shipasbamba,2015,0.222183
100103,Huanuco,Chinchao,2015,0.166851
010311,Amazonas,Valera,2015,0.162535
060907,Cajamarca,Tabaconas,2015,0.263561
160112,Loreto,Belen,2015,0.307457
200307,Piura,Sondor,2015,0.27045
220803,San Martin,Elias Soplin Vargas,2015,0.31597
010506,Amazonas,Inguilpata,2015,0.255784
220506,San Martin,Pinto Recodo,2015,0.216175
120303,Junin,Pichanaqui,2015,0.2961
010202,Amazonas,Aramango,2015,0.195937
010606,Amazonas,Longar,2015,0.248673
160101,Loreto,Iquitos,2015,0.384489
010507,Amazonas,Longuita,2015,0.357193
221001,San Martin,Tocache,2015,0.346405
010511,Amazonas,Maria,2015,0.186506
080901,Cusco,Santa Ana,2015,0.323781
120302,Junin,Perene,2015,0.33773
050409,Ayacucho,Canayre,2015,0.189973
221002,San Martin,Nuevo Progreso,2015,0.276871
200303,Piura,El Carmen De La Frontera,2015,0.241496
100609,Huanuco,Pueblo Nuevo,2015,0.291548
080903,Cusco,Huayopata,2015,0.179141
010604,Amazonas,Huambo,2015,0.792193
100505,Huanuco,Jircan,2015,0.041446
010512,Amazonas,Ocalli,2015,0.207948
010101,Amazonas,Chachapoyas,2015,0.218427
060903,Cajamarca,Huarango,2015,0.299007
010116,Amazonas,Olleros,2015,0.09509
010605,Amazonas,Limabamba,2015,0.15508
100804,Huanuco,Umari,2015,0.354412
220504,San Martin,Caynarachi,2015,0.2012
080905,Cusco,Ocobamba,2015,0.198593
010517,Amazonas,San Francisco Del Yeso,2015,0.357517
120609,Junin,Vizcatán Del Ene,2015,0.124354
060807,Cajamarca,Pomahuaca,2015,0.230595
010304,Amazonas,Corosha,2015,0.132764
221005,San Martin,Uchiza,2015,0.406643
220807,San Martin,San Fernando,2015,0.667413
050512,Ayacucho,Union Progreso,2015,0.81504
060804,Cajamarca,Colasay,2015,0.49855
160503,Loreto,Capelo,2015,0.123139
220910,San Martin,Morales,2015,0.77517
120604,Junin,Mazamari,2015,0.169372
120603,Junin,Llaylla,2015,0.235284
010520,Amazonas,Santa Catalina,2015,0.194157
010603,Amazonas,Cochamal,2015,0.121788
120209,Junin,Mariscal Castilla,2015,0.204986
010601,Amazonas,San Nicolas,2015,0.248103
010519,Amazonas,San Juan De Lopecancha,2015,0.415644
160211,Loreto,Teniente Cesar Lopez Rojas,2015,0.18542
080408,Cusco,Yanatile,2015,0.176665
050408,Ayacucho,Llochegua,2015,0.235398
100507,Huanuco,Monzon,2015,0.146918
081304,Cusco,Machupicchu,2015,0.091942
220909,San Martin,La Banda De Shilcayo,2015,0.246635
220103,San Martin,Habana,2015,0.877571
100606,Huanuco,Mariano Damaso Beraun,2015,0.143242
010508,Amazonas,Lonya Chico,2015,0.237784
170102,Madre De Dios,Inambari,2015,0.03605
050502,Ayacucho,Anco,2015,0.162322
010523,Amazonas,Trita,2015,0.564595
010516,Amazonas,San Cristobal,2015,0.414828
080918,Cusco,Union Ashaninka,2015,0.15524
221006,San Martin,Santa Lucia,2015,0.76829
100702,Huanuco,Cholon,2015,0.147777
211205,Puno,Phara,2015,0.024254
170204,Madre De Dios,Huepetuhe,2015,0.040756
010302,Amazonas,Chisquilla,2015,0.043077
050507,Ayacucho,Santa Rosa,2015,0.334396
220804,San Martin,Nueva Cajamarca,2015,0.350778
220809,San Martin,Yuracyacu,2015,0.687801
160603,Loreto,Padre Marquez,2015,0.056948
010522,Amazonas,Tingo,2015,0.250351
080906,Cusco,Quellouno,2015,0.186441
010301,Amazonas,Jumbilla,2015,0.214728
080917,Cusco,Manitea,2015,0.190721
250305,Ucayali,Alexander Von Humboldt,2016,0.699517
220509,San Martin,Shanao,2016,0.600569
250304,Ucayali,Neshuya,2016,0.617041
220501,San Martin,Lamas,2016,0.577939
220902,San Martin,Alberto Leveau,2016,0.38971
250102,Ucayali,Campoverde,2016,0.692078
220702,San Martin,Buenos Aires,2016,0.637273
220502,San Martin,Alonso De Alvarado,2016,0.485167
220404,San Martin,Piscoyacu,2016,0.616658
220708,San Martin,Shamboyacu,2016,0.400076
220204,San Martin,Huallaga,2016,0.494368
220605,San Martin,Pajarillo,2016,0.673244
010703,Amazonas,Cumba,2016,0.422492
220704,San Martin,Pilluana,2016,0.507058
220104,San Martin,Jepelacio,2016,0.56259
220505,San Martin,Cuñumbuqui,2016,0.665032
220507,San Martin,Rumisapa,2016,0.662408
220913,San Martin,Sauce,2016,0.279868
010608,Amazonas,Milpuc,2016,0.555282
220405,San Martin,Sacanche,2016,0.658752
220709,San Martin,Tingo De Ponasa,2016,0.504617
220304,San Martin,Santa Rosa,2016,0.668817
100903,Huanuco,Honoria,2016,0.428932
220203,San Martin,Bajo Biavo,2016,0.417766
220710,San Martin,Tres Unidos,2016,0.312764
220510,San Martin,Tabalosos,2016,0.45481
100904,Huanuco,Tournavista,2016,0.33634
010701,Amazonas,Bagua Grande,2016,0.430943
220701,San Martin,Picota,2016,0.509933
220403,San Martin,El Eslabon,2016,0.611619
250105,Ucayali,Yarinacocha,2016,0.596816
220914,San Martin,Shapaja,2016,0.270092
010707,Amazonas,Yamon,2016,0.392838
010705,Amazonas,Jamalca,2016,0.336079
220205,San Martin,San Pablo,2016,0.735733
220705,San Martin,Pucacaca,2016,0.47706
220601,San Martin,Juanjui,2016,0.515814
100905,Huanuco,Yuyapichis,2016,0.298299
100608,Huanuco,Castillo Grande,2016,0.451533
220302,San Martin,Agua Blanca,2016,0.699348
250306,Ucayali,Huipoca,2016,0.233196
010611,Amazonas,Totora,2016,0.598793
010706,Amazonas,Lonya Grande,2016,0.305541
220706,San Martin,San Cristobal,2016,0.481746
010303,Amazonas,Churuja,2016,0.192928
220301,San Martin,San Jose De Sisa,2016,0.671281
010204,Amazonas,El Parco,2016,0.648355
010306,Amazonas,Florida,2016,0.407844
220303,San Martin,San Martin,2016,0.282387
220106,San Martin,Yantalo,2016,0.558889
220305,San Martin,Shatoja,2016,0.646122
010104,Amazonas,Cheto,2016,0.220758
160201,Loreto,Yurimaguas,2016,0.355768
060901,Cajamarca,San Ignacio,2016,0.659991
220511,San Martin,Zapatero,2016,0.826743
060811,Cajamarca,San Jose Del Alto,2016,0.46551
010206,Amazonas,La Peca,2016,0.640446
220401,San Martin,Saposoa,2016,0.386835
060902,Cajamarca,Chirinos,2016,0.56718
220908,San Martin,Juan Guerra,2016,0.69341
060904,Cajamarca,La Coipa,2016,0.572882
220808,San Martin,Yorongos,2016,0.559929
120607,Junin,Rio Negro,2016,0.44012
060812,Cajamarca,Santa Rosa,2016,0.629408
250106,Ucayali,Nueva Requena,2016,0.174627
220802,San Martin,Awajun,2016,0.399375
250302,Ucayali,Irazola,2016,0.243803
010109,Amazonas,La Jalca,2016,0.269397
220906,San Martin,El Porvenir,2016,0.281001
220707,San Martin,San Hilarion,2016,0.53578
220806,San Martin,Posic,2016,0.457722
220406,San Martin,Tingo De Saposoa,2016,0.629455
100901,Huanuco,Puerto Inca,2016,0.26131
010105,Amazonas,Chiliquin,2016,0.169952
220105,San Martin,Soritor,2016,0.297861
220201,San Martin,Bellavista,2016,0.742549
060803,Cajamarca,Chontali,2016,0.365561
100605,Huanuco,Luyando,2016,0.606453
010307,Amazonas,Jazan,2016,0.436718
010502,Amazonas,Camporredondo,2016,0.298284
010515,Amazonas,Providencia,2016,0.170325
010102,Amazonas,Asuncion,2016,0.384523
010510,Amazonas,Luya Viejo,2016,0.237698
100601,Huanuco,Rupa-Rupa,2016,0.347379
010514,Amazonas,Pisuquia,2016,0.181313
060810,Cajamarca,San Felipe,2016,0.131189
010305,Amazonas,Cuispes,2016,0.237104
060905,Cajamarca,Namballe,2016,0.332959
010119,Amazonas,San Isidro De Maino,2016,0.111656
060801,Cajamarca,Jaen,2016,0.500777
010513,Amazonas,Ocumal,2016,0.262884
220912,San Martin,San Antonio,2016,0.191282
220903,San Martin,Cacatachi,2016,0.73927
120602,Junin,Coviriali,2016,0.381263
120304,Junin,San Luis De Shuaro,2016,0.300435
120601,Junin,Satipo,2016,0.282521
010203,Amazonas,Copallin,2016,0.46128
010112,Amazonas,Magdalena,2016,0.117423
220102,San Martin,Calzada,2016,0.724716
060805,Cajamarca,Huabal,2016,0.839316
010610,Amazonas,Santa Rosa,2016,0.607981
220503,San Martin,Barranquita,2016,0.306907
220801,San Martin,Rioja,2016,0.606952
220703,San Martin,Caspisapa,2016,0.405287
080904,Cusco,Maranura,2016,0.26252
010117,Amazonas,Quinjalca,2016,0.323862
250303,Ucayali,Curimana,2016,0.17865
010308,Amazonas,Recta,2016,0.607467
010115,Amazonas,Montevideo,2016,0.130529
010114,Amazonas,Molinopampa,2016,0.183941
010503,Amazonas,Cocabamba,2016,0.114781
060809,Cajamarca,Sallique,2016,0.175974
010120,Amazonas,Soloco,2016,0.188619
010521,Amazonas,Santo Tomas,2016,0.363012
100113,Huanuco,San Pablo De Pillao,2016,0.15669
010602,Amazonas,Chirimoto,2016,0.267914
100603,Huanuco,Hermilio Valdizan,2016,0.154052
010111,Amazonas,Levanto,2016,0.188323
010518,Amazonas,San Jeronimo,2016,0.345768
010609,Amazonas,Omia,2016,0.176313
100902,Huanuco,Codo Del Pozuzo,2016,0.210062
010113,Amazonas,Mariscal Castilla,2016,0.245307
220101,San Martin,Moyobamba,2016,0.253396
010310,Amazonas,Shipasbamba,2016,0.231174
100103,Huanuco,Chinchao,2016,0.167926
010311,Amazonas,Valera,2016,0.160848
060907,Cajamarca,Tabaconas,2016,0.256744
160112,Loreto,Belen,2016,0.313291
200307,Piura,Sondor,2016,0.281478
220803,San Martin,Elias Soplin Vargas,2016,0.310882
010506,Amazonas,Inguilpata,2016,0.248597
220506,San Martin,Pinto Recodo,2016,0.214665
120303,Junin,Pichanaqui,2016,0.293129
010202,Amazonas,Aramango,2016,0.21077
010606,Amazonas,Longar,2016,0.249916
160101,Loreto,Iquitos,2016,0.392696
010507,Amazonas,Longuita,2016,0.365328
221001,San Martin,Tocache,2016,0.348201
010511,Amazonas,Maria,2016,0.180376
080901,Cusco,Santa Ana,2016,0.318226
120302,Junin,Perene,2016,0.331447
050409,Ayacucho,Canayre,2016,0.209199
221002,San Martin,Nuevo Progreso,2016,0.284585
200303,Piura,El Carmen De La Frontera,2016,0.234039
100609,Huanuco,Pueblo Nuevo,2016,0.297121
080903,Cusco,Huayopata,2016,0.180313
010604,Amazonas,Huambo,2016,0.778605
100505,Huanuco,Jircan,2016,0.036827
010512,Amazonas,Ocalli,2016,0.200123
010101,Amazonas,Chachapoyas,2016,0.20968
060903,Cajamarca,Huarango,2016,0.303893
010116,Amazonas,Olleros,2016,0.096722
010605,Amazonas,Limabamba,2016,0.153546
100804,Huanuco,Umari,2016,0.359746
220504,San Martin,Caynarachi,2016,0.20341
080905,Cusco,Ocobamba,2016,0.195413
010517,Amazonas,San Francisco Del Yeso,2016,0.354413
120609,Junin,Vizcatán Del Ene,2016,0.134847
060807,Cajamarca,Pomahuaca,2016,0.235058
010304,Amazonas,Corosha,2016,0.138349
221005,San Martin,Uchiza,2016,0.410715
220807,San Martin,San Fernando,2016,0.661673
050512,Ayacucho,Union Progreso,2016,0.830803
060804,Cajamarca,Colasay,2016,0.516592
160503,Loreto,Capelo,2016,0.126087
220910,San Martin,Morales,2016,0.7595
120604,Junin,Mazamari,2016,0.169096
120603,Junin,Llaylla,2016,0.228682
010520,Amazonas,Santa Catalina,2016,0.189292
010603,Amazonas,Cochamal,2016,0.116276
120209,Junin,Mariscal Castilla,2016,0.200112
010601,Amazonas,San Nicolas,2016,0.244632
010519,Amazonas,San Juan De Lopecancha,2016,0.394032
160211,Loreto,Teniente Cesar Lopez Rojas,2016,0.186455
080408,Cusco,Yanatile,2016,0.174006
050408,Ayacucho,Llochegua,2016,0.243839
100507,Huanuco,Monzon,2016,0.143093
081304,Cusco,Machupicchu,2016,0.092289
220909,San Martin,La Banda De Shilcayo,2016,0.235636
220103,San Martin,Habana,2016,0.853228
100606,Huanuco,Mariano Damaso Beraun,2016,0.141554
010508,Amazonas,Lonya Chico,2016,0.226578
170102,Madre De Dios,Inambari,2016,0.041043
050502,Ayacucho,Anco,2016,0.172776
010523,Amazonas,Trita,2016,0.55181
010516,Amazonas,San Cristobal,2016,0.387179
080918,Cusco,Union Ashaninka,2016,0.164028
221006,San Martin,Santa Lucia,2016,0.77383
100702,Huanuco,Cholon,2016,0.148058
211205,Puno,Phara,2016,0.02134
170204,Madre De Dios,Huepetuhe,2016,0.043128
010302,Amazonas,Chisquilla,2016,0.045936
050507,Ayacucho,Santa Rosa,2016,0.343535
220804,San Martin,Nueva Cajamarca,2016,0.351862
220809,San Martin,Yuracyacu,2016,0.683014
160603,Loreto,Padre Marquez,2016,0.060597
010522,Amazonas,Tingo,2016,0.241137
080906,Cusco,Quellouno,2016,0.180322
010301,Amazonas,Jumbilla,2016,0.213169
080917,Cusco,Manitea,2016,0.192788
250305,Ucayali,Alexander Von Humboldt,2017,0.707618
220509,San Martin,Shanao,2017,0.579769
250304,Ucayali,Neshuya,2017,0.630162
220501,San Martin,Lamas,2017,0.551267
220902,San Martin,Alberto Leveau,2017,0.389659
250102,Ucayali,Campoverde,2017,0.703335
220702,San Martin,Buenos Aires,2017,0.631695
220502,San Martin,Alonso De Alvarado,2017,0.484639
220404,San Martin,Piscoyacu,2017,0.604569
220708,San Martin,Shamboyacu,2017,0.417971
220204,San Martin,Huallaga,2017,0.487555
220605,San Martin,Pajarillo,2017,0.658838
010703,Amazonas,Cumba,2017,0.448711
220704,San Martin,Pilluana,2017,0.496487
220104,San Martin,Jepelacio,2017,0.562869
220505,San Martin,Cuñumbuqui,2017,0.653265
220507,San Martin,Rumisapa,2017,0.649607
220913,San Martin,Sauce,2017,0.292426
010608,Amazonas,Milpuc,2017,0.539023
220405,San Martin,Sacanche,2017,0.624532
220709,San Martin,Tingo De Ponasa,2017,0.495195
220304,San Martin,Santa Rosa,2017,0.650244
100903,Huanuco,Honoria,2017,0.445209
220203,San Martin,Bajo Biavo,2017,0.41933
220710,San Martin,Tres Unidos,2017,0.324625
220510,San Martin,Tabalosos,2017,0.432945
100904,Huanuco,Tournavista,2017,0.356221
010701,Amazonas,Bagua Grande,2017,0.433394
220701,San Martin,Picota,2017,0.50832
220403,San Martin,El Eslabon,2017,0.594445
250105,Ucayali,Yarinacocha,2017,0.592434
220914,San Martin,Shapaja,2017,0.271459
010707,Amazonas,Yamon,2017,0.406122
010705,Amazonas,Jamalca,2017,0.330363
220205,San Martin,San Pablo,2017,0.728309
220705,San Martin,Pucacaca,2017,0.474181
220601,San Martin,Juanjui,2017,0.501196
100905,Huanuco,Yuyapichis,2017,0.311221
100608,Huanuco,Castillo Grande,2017,0.441753
220302,San Martin,Agua Blanca,2017,0.68141
250306,Ucayali,Huipoca,2017,0.245783
010611,Amazonas,Totora,2017,0.588415
010706,Amazonas,Lonya Grande,2017,0.310522
220706,San Martin,San Cristobal,2017,0.473482
010303,Amazonas,Churuja,2017,0.194326
220301,San Martin,San Jose De Sisa,2017,0.659606
010204,Amazonas,El Parco,2017,0.65237
010306,Amazonas,Florida,2017,0.421742
220303,San Martin,San Martin,2017,0.27007
220106,San Martin,Yantalo,2017,0.549
220305,San Martin,Shatoja,2017,0.635078
010104,Amazonas,Cheto,2017,0.222099
160201,Loreto,Yurimaguas,2017,0.359414
060901,Cajamarca,San Ignacio,2017,0.63224
220511,San Martin,Zapatero,2017,0.815921
060811,Cajamarca,San Jose Del Alto,2017,0.468843
010206,Amazonas,La Peca,2017,0.641478
220401,San Martin,Saposoa,2017,0.386756
060902,Cajamarca,Chirinos,2017,0.562771
220908,San Martin,Juan Guerra,2017,0.682969
060904,Cajamarca,La Coipa,2017,0.566005
220808,San Martin,Yorongos,2017,0.556656
120607,Junin,Rio Negro,2017,0.454377
060812,Cajamarca,Santa Rosa,2017,0.639311
250106,Ucayali,Nueva Requena,2017,0.188535
220802,San Martin,Awajun,2017,0.404732
250302,Ucayali,Irazola,2017,0.255537
010109,Amazonas,La Jalca,2017,0.262032
220906,San Martin,El Porvenir,2017,0.289038
220707,San Martin,San Hilarion,2017,0.543112
220806,San Martin,Posic,2017,0.441721
220406,San Martin,Tingo De Saposoa,2017,0.59845
100901,Huanuco,Puerto Inca,2017,0.273217
010105,Amazonas,Chiliquin,2017,0.173029
220105,San Martin,Soritor,2017,0.296459
220201,San Martin,Bellavista,2017,0.741307
060803,Cajamarca,Chontali,2017,0.355357
100605,Huanuco,Luyando,2017,0.609209
010307,Amazonas,Jazan,2017,0.424812
010502,Amazonas,Camporredondo,2017,0.306722
010515,Amazonas,Providencia,2017,0.182899
010102,Amazonas,Asuncion,2017,0.373909
010510,Amazonas,Luya Viejo,2017,0.256381
100601,Huanuco,Rupa-Rupa,2017,0.343568
010514,Amazonas,Pisuquia,2017,0.184837
060810,Cajamarca,San Felipe,2017,0.138348
010305,Amazonas,Cuispes,2017,0.242748
060905,Cajamarca,Namballe,2017,0.327268
010119,Amazonas,San Isidro De Maino,2017,0.118623
060801,Cajamarca,Jaen,2017,0.501586
010513,Amazonas,Ocumal,2017,0.293998
220912,San Martin,San Antonio,2017,0.186833
220903,San Martin,Cacatachi,2017,0.712882
120602,Junin,Coviriali,2017,0.381533
120304,Junin,San Luis De Shuaro,2017,0.317745
120601,Junin,Satipo,2017,0.293999
010203,Amazonas,Copallin,2017,0.468537
010112,Amazonas,Magdalena,2017,0.130302
220102,San Martin,Calzada,2017,0.719267
060805,Cajamarca,Huabal,2017,0.839201
010610,Amazonas,Santa Rosa,2017,0.598972
220503,San Martin,Barranquita,2017,0.312758
220801,San Martin,Rioja,2017,0.605058
220703,San Martin,Caspisapa,2017,0.387831
080904,Cusco,Maranura,2017,0.260508
010117,Amazonas,Quinjalca,2017,0.327162
250303,Ucayali,Curimana,2017,0.193821
010308,Amazonas,Recta,2017,0.606959
010115,Amazonas,Montevideo,2017,0.13318
010114,Amazonas,Molinopampa,2017,0.185611
010503,Amazonas,Cocabamba,2017,0.114857
060809,Cajamarca,Sallique,2017,0.179539
010120,Amazonas,Soloco,2017,0.196825
010521,Amazonas,Santo Tomas,2017,0.364513
100113,Huanuco,San Pablo De Pillao,2017,0.161639
010602,Amazonas,Chirimoto,2017,0.259947
100603,Huanuco,Hermilio Valdizan,2017,0.151587
010111,Amazonas,Levanto,2017,0.207143
010518,Amazonas,San Jeronimo,2017,0.334223
010609,Amazonas,Omia,2017,0.16849
100902,Huanuco,Codo Del Pozuzo,2017,0.214266
010113,Amazonas,Mariscal Castilla,2017,0.251211
220101,San Martin,Moyobamba,2017,0.258055
010310,Amazonas,Shipasbamba,2017,0.241697
100103,Huanuco,Chinchao,2017,0.170316
010311,Amazonas,Valera,2017,0.157816
060907,Cajamarca,Tabaconas,2017,0.249558
160112,Loreto,Belen,2017,0.343452
200307,Piura,Sondor,2017,0.271049
220803,San Martin,Elias Soplin Vargas,2017,0.31187
010506,Amazonas,Inguilpata,2017,0.264823
220506,San Martin,Pinto Recodo,2017,0.210748
120303,Junin,Pichanaqui,2017,0.302649
010202,Amazonas,Aramango,2017,0.210773
010606,Amazonas,Longar,2017,0.243678
160101,Loreto,Iquitos,2017,0.400682
010507,Amazonas,Longuita,2017,0.375083
221001,San Martin,Tocache,2017,0.349854
010511,Amazonas,Maria,2017,0.178602
080901,Cusco,Santa Ana,2017,0.31884
120302,Junin,Perene,2017,0.342536
050409,Ayacucho,Canayre,2017,0.230039
221002,San Martin,Nuevo Progreso,2017,0.282953
200303,Piura,El Carmen De La Frontera,2017,0.233838
100609,Huanuco,Pueblo Nuevo,2017,0.291929
080903,Cusco,Huayopata,2017,0.181218
010604,Amazonas,Huambo,2017,0.757312
100505,Huanuco,Jircan,2017,0.03838
010512,Amazonas,Ocalli,2017,0.215747
010101,Amazonas,Chachapoyas,2017,0.218462
060903,Cajamarca,Huarango,2017,0.306256
010116,Amazonas,Olleros,2017,0.096481
010605,Amazonas,Limabamba,2017,0.150915
100804,Huanuco,Umari,2017,0.382307
220504,San Martin,Caynarachi,2017,0.207532
080905,Cusco,Ocobamba,2017,0.193879
010517,Amazonas,San Francisco Del Yeso,2017,0.358211
120609,Junin,Vizcatán Del Ene,2017,0.152489
060807,Cajamarca,Pomahuaca,2017,0.234505
010304,Amazonas,Corosha,2017,0.145777
221005,San Martin,Uchiza,2017,0.410278
220807,San Martin,San Fernando,2017,0.661493
050512,Ayacucho,Union Progreso,2017,0.848371
060804,Cajamarca,Colasay,2017,0.516961
160503,Loreto,Capelo,2017,0.126578
220910,San Martin,Morales,2017,0.753576
120604,Junin,Mazamari,2017,0.202733
120603,Junin,Llaylla,2017,0.233306
010520,Amazonas,Santa Catalina,2017,0.190258
010603,Amazonas,Cochamal,2017,0.110366
120209,Junin,Mariscal Castilla,2017,0.212646
010601,Amazonas,San Nicolas,2017,0.236272
010519,Amazonas,San Juan De Lopecancha,2017,0.386763
160211,Loreto,Teniente Cesar Lopez Rojas,2017,0.189357
080408,Cusco,Yanatile,2017,0.172819
050408,Ayacucho,Llochegua,2017,0.256761
100507,Huanuco,Monzon,2017,0.13994
081304,Cusco,Machupicchu,2017,0.090425
220909,San Martin,La Banda De Shilcayo,2017,0.235227
220103,San Martin,Habana,2017,0.848757
100606,Huanuco,Mariano Damaso Beraun,2017,0.139167
010508,Amazonas,Lonya Chico,2017,0.248363
170102,Madre De Dios,Inambari,2017,0.046015
050502,Ayacucho,Anco,2017,0.175008
010523,Amazonas,Trita,2017,0.569747
010516,Amazonas,San Cristobal,2017,0.373042
080918,Cusco,Union Ashaninka,2017,0.177468
221006,San Martin,Santa Lucia,2017,0.771142
100702,Huanuco,Cholon,2017,0.145453
211205,Puno,Phara,2017,0.021587
170204,Madre De Dios,Huepetuhe,2017,0.045104
010302,Amazonas,Chisquilla,2017,0.046551
050507,Ayacucho,Santa Rosa,2017,0.348166
220804,San Martin,Nueva Cajamarca,2017,0.349854
220809,San Martin,Yuracyacu,2017,0.695526
160603,Loreto,Padre Marquez,2017,0.059216
010522,Amazonas,Tingo,2017,0.262785
080906,Cusco,Quellouno,2017,0.17664
010301,Amazonas,Jumbilla,2017,0.216623
080917,Cusco,Manitea,2017,0.201454
250305,Ucayali,Alexander Von Humboldt,2018,0.704923
220509,San Martin,Shanao,2018,0.563604
250304,Ucayali,Neshuya,2018,0.634144
220501,San Martin,Lamas,2018,0.532277
220902,San Martin,Alberto Leveau,2018,0.395783
250102,Ucayali,Campoverde,2018,0.706419
220702,San Martin,Buenos Aires,2018,0.633507
220502,San Martin,Alonso De Alvarado,2018,0.470396
220404,San Martin,Piscoyacu,2018,0.589186
220708,San Martin,Shamboyacu,2018,0.413738
220204,San Martin,Huallaga,2018,0.484469
220605,San Martin,Pajarillo,2018,0.649631
010703,Amazonas,Cumba,2018,0.458575
220704,San Martin,Pilluana,2018,0.467944
220104,San Martin,Jepelacio,2018,0.547446
220505,San Martin,Cuñumbuqui,2018,0.648704
220507,San Martin,Rumisapa,2018,0.655086
220913,San Martin,Sauce,2018,0.291149
010608,Amazonas,Milpuc,2018,0.522682
220405,San Martin,Sacanche,2018,0.612992
220709,San Martin,Tingo De Ponasa,2018,0.493713
220304,San Martin,Santa Rosa,2018,0.639472
100903,Huanuco,Honoria,2018,0.450191
220203,San Martin,Bajo Biavo,2018,0.421136
220710,San Martin,Tres Unidos,2018,0.319428
220510,San Martin,Tabalosos,2018,0.423313
100904,Huanuco,Tournavista,2018,0.363642
010701,Amazonas,Bagua Grande,2018,0.422057
220701,San Martin,Picota,2018,0.50981
220403,San Martin,El Eslabon,2018,0.584975
250105,Ucayali,Yarinacocha,2018,0.588375
220914,San Martin,Shapaja,2018,0.277477
010707,Amazonas,Yamon,2018,0.40929
010705,Amazonas,Jamalca,2018,0.318977
220205,San Martin,San Pablo,2018,0.717128
220705,San Martin,Pucacaca,2018,0.455366
220601,San Martin,Juanjui,2018,0.490392
100905,Huanuco,Yuyapichis,2018,0.329911
100608,Huanuco,Castillo Grande,2018,0.425339
220302,San Martin,Agua Blanca,2018,0.663826
250306,Ucayali,Huipoca,2018,0.245715
010611,Amazonas,Totora,2018,0.575706
010706,Amazonas,Lonya Grande,2018,0.313713
220706,San Martin,San Cristobal,2018,0.48517
010303,Amazonas,Churuja,2018,0.198966
220301,San Martin,San Jose De Sisa,2018,0.648129
010204,Amazonas,El Parco,2018,0.663925
010306,Amazonas,Florida,2018,0.426911
220303,San Martin,San Martin,2018,0.260458
220106,San Martin,Yantalo,2018,0.568419
220305,San Martin,Shatoja,2018,0.628747
010104,Amazonas,Cheto,2018,0.222693
160201,Loreto,Yurimaguas,2018,0.3618
060901,Cajamarca,San Ignacio,2018,0.631765
220511,San Martin,Zapatero,2018,0.81008
060811,Cajamarca,San Jose Del Alto,2018,0.471632
010206,Amazonas,La Peca,2018,0.63119
220401,San Martin,Saposoa,2018,0.379966
060902,Cajamarca,Chirinos,2018,0.554712
220908,San Martin,Juan Guerra,2018,0.683565
060904,Cajamarca,La Coipa,2018,0.571031
220808,San Martin,Yorongos,2018,0.559973
120607,Junin,Rio Negro,2018,0.453175
060812,Cajamarca,Santa Rosa,2018,0.643422
250106,Ucayali,Nueva Requena,2018,0.196792
220802,San Martin,Awajun,2018,0.410906
250302,Ucayali,Irazola,2018,0.254276
010109,Amazonas,La Jalca,2018,0.268408
220906,San Martin,El Porvenir,2018,0.291769
220707,San Martin,San Hilarion,2018,0.592796
220806,San Martin,Posic,2018,0.488591
220406,San Martin,Tingo De Saposoa,2018,0.592835
100901,Huanuco,Puerto Inca,2018,0.284403
010105,Amazonas,Chiliquin,2018,0.167591
220105,San Martin,Soritor,2018,0.289665
220201,San Martin,Bellavista,2018,0.73589
060803,Cajamarca,Chontali,2018,0.359954
100605,Huanuco,Luyando,2018,0.58282
010307,Amazonas,Jazan,2018,0.411908
010502,Amazonas,Camporredondo,2018,0.316126
010515,Amazonas,Providencia,2018,0.18864
010102,Amazonas,Asuncion,2018,0.361867
010510,Amazonas,Luya Viejo,2018,0.258206
100601,Huanuco,Rupa-Rupa,2018,0.334705
010514,Amazonas,Pisuquia,2018,0.189357
060810,Cajamarca,San Felipe,2018,0.134906
010305,Amazonas,Cuispes,2018,0.243643
060905,Cajamarca,Namballe,2018,0.326174
010119,Amazonas,San Isidro De Maino,2018,0.123491
060801,Cajamarca,Jaen,2018,0.515751
010513,Amazonas,Ocumal,2018,0.305825
220912,San Martin,San Antonio,2018,0.194426
220903,San Martin,Cacatachi,2018,0.739795
120602,Junin,Coviriali,2018,0.391111
120304,Junin,San Luis De Shuaro,2018,0.310959
120601,Junin,Satipo,2018,0.299552
010203,Amazonas,Copallin,2018,0.457044
010112,Amazonas,Magdalena,2018,0.129613
220102,San Martin,Calzada,2018,0.732682
060805,Cajamarca,Huabal,2018,0.839851
010610,Amazonas,Santa Rosa,2018,0.585348
220503,San Martin,Barranquita,2018,0.310133
220801,San Martin,Rioja,2018,0.610705
220703,San Martin,Caspisapa,2018,0.41833
080904,Cusco,Maranura,2018,0.25939
010117,Amazonas,Quinjalca,2018,0.313725
250303,Ucayali,Curimana,2018,0.198479
010308,Amazonas,Recta,2018,0.613018
010115,Amazonas,Montevideo,2018,0.134654
010114,Amazonas,Molinopampa,2018,0.184953
010503,Amazonas,Cocabamba,2018,0.118063
060809,Cajamarca,Sallique,2018,0.176086
010120,Amazonas,Soloco,2018,0.193566
010521,Amazonas,Santo Tomas,2018,0.355852
100113,Huanuco,San Pablo De Pillao,2018,0.156331
010602,Amazonas,Chirimoto,2018,0.257082
100603,Huanuco,Hermilio Valdizan,2018,0.13892
010111,Amazonas,Levanto,2018,0.212584
010518,Amazonas,San Jeronimo,2018,0.328935
010609,Amazonas,Omia,2018,0.161858
100902,Huanuco,Codo Del Pozuzo,2018,0.217534
010113,Amazonas,Mariscal Castilla,2018,0.247493
220101,San Martin,Moyobamba,2018,0.264776
010310,Amazonas,Shipasbamba,2018,0.254286
100103,Huanuco,Chinchao,2018,0.165388
010311,Amazonas,Valera,2018,0.156892
060907,Cajamarca,Tabaconas,2018,0.254665
160112,Loreto,Belen,2018,0.339637
200307,Piura,Sondor,2018,0.26751
220803,San Martin,Elias Soplin Vargas,2018,0.313067
010506,Amazonas,Inguilpata,2018,0.268559
220506,San Martin,Pinto Recodo,2018,0.208091
120303,Junin,Pichanaqui,2018,0.304963
010202,Amazonas,Aramango,2018,0.203021
010606,Amazonas,Longar,2018,0.243429
160101,Loreto,Iquitos,2018,0.400084
010507,Amazonas,Longuita,2018,0.368054
221001,San Martin,Tocache,2018,0.349836
010511,Amazonas,Maria,2018,0.172644
080901,Cusco,Santa Ana,2018,0.312072
120302,Junin,Perene,2018,0.34491
050409,Ayacucho,Canayre,2018,0.231361
221002,San Martin,Nuevo Progreso,2018,0.276403
200303,Piura,El Carmen De La Frontera,2018,0.232497
100609,Huanuco,Pueblo Nuevo,2018,0.2824
080903,Cusco,Huayopata,2018,0.174161
010604,Amazonas,Huambo,2018,0.752035
100505,Huanuco,Jircan,2018,0.044467
010512,Amazonas,Ocalli,2018,0.222801
010101,Amazonas,Chachapoyas,2018,0.221196
060903,Cajamarca,Huarango,2018,0.307758
010116,Amazonas,Olleros,2018,0.096672
010605,Amazonas,Limabamba,2018,0.153661
100804,Huanuco,Umari,2018,0.371444
220504,San Martin,Caynarachi,2018,0.207783
080905,Cusco,Ocobamba,2018,0.193021
010517,Amazonas,San Francisco Del Yeso,2018,0.348338
120609,Junin,Vizcatán Del Ene,2018,0.159746
060807,Cajamarca,Pomahuaca,2018,0.232225
010304,Amazonas,Corosha,2018,0.154328
221005,San Martin,Uchiza,2018,0.408672
220807,San Martin,San Fernando,2018,0.750293
050512,Ayacucho,Union Progreso,2018,0.845986
060804,Cajamarca,Colasay,2018,0.525836
160503,Loreto,Capelo,2018,0.122836
220910,San Martin,Morales,2018,0.749684
120604,Junin,Mazamari,2018,0.203606
120603,Junin,Llaylla,2018,0.235844
010520,Amazonas,Santa Catalina,2018,0.192467
010603,Amazonas,Cochamal,2018,0.111885
120209,Junin,Mariscal Castilla,2018,0.210716
010601,Amazonas,San Nicolas,2018,0.229007
010519,Amazonas,San Juan De Lopecancha,2018,0.36125
160211,Loreto,Teniente Cesar Lopez Rojas,2018,0.186025
080408,Cusco,Yanatile,2018,0.171021
050408,Ayacucho,Llochegua,2018,0.254835
100507,Huanuco,Monzon,2018,0.136198
081304,Cusco,Machupicchu,2018,0.088525
220909,San Martin,La Banda De Shilcayo,2018,0.234394
220103,San Martin,Habana,2018,0.870452
100606,Huanuco,Mariano Damaso Beraun,2018,0.134849
010508,Amazonas,Lonya Chico,2018,0.252149
170102,Madre De Dios,Inambari,2018,0.046746
050502,Ayacucho,Anco,2018,0.181719
010523,Amazonas,Trita,2018,0.579989
010516,Amazonas,San Cristobal,2018,0.367162
080918,Cusco,Union Ashaninka,2018,0.183547
221006,San Martin,Santa Lucia,2018,0.772494
100702,Huanuco,Cholon,2018,0.142367
211205,Puno,Phara,2018,0.022356
170204,Madre De Dios,Huepetuhe,2018,0.046261
010302,Amazonas,Chisquilla,2018,0.048184
050507,Ayacucho,Santa Rosa,2018,0.35115
220804,San Martin,Nueva Cajamarca,2018,0.361915
220809,San Martin,Yuracyacu,2018,0.778677
160603,Loreto,Padre Marquez,2018,0.060099
010522,Amazonas,Tingo,2018,0.265982
080906,Cusco,Quellouno,2018,0.17807
010301,Amazonas,Jumbilla,2018,0.220486
080917,Cusco,Manitea,2018,0.202574
250305,Ucayali,Alexander Von Humboldt,2019,0.717257
220509,San Martin,Shanao,2019,0.515363
250304,Ucayali,Neshuya,2019,0.646146
220501,San Martin,Lamas,2019,0.482298
220902,San Martin,Alberto Leveau,2019,0.357185
250102,Ucayali,Campoverde,2019,0.714318
220702,San Martin,Buenos Aires,2019,0.619627
220502,San Martin,Alonso De Alvarado,2019,0.440949
220404,San Martin,Piscoyacu,2019,0.572599
220708,San Martin,Shamboyacu,2019,0.418425
220204,San Martin,Huallaga,2019,0.477825
220605,San Martin,Pajarillo,2019,0.641531
010703,Amazonas,Cumba,2019,0.463759
220704,San Martin,Pilluana,2019,0.443609
220104,San Martin,Jepelacio,2019,0.520785
220505,San Martin,Cuñumbuqui,2019,0.64084
220507,San Martin,Rumisapa,2019,0.643434
220913,San Martin,Sauce,2019,0.278239
010608,Amazonas,Milpuc,2019,0.495418
220405,San Martin,Sacanche,2019,0.600256
220709,San Martin,Tingo De Ponasa,2019,0.492228
220304,San Martin,Santa Rosa,2019,0.615377
100903,Huanuco,Honoria,2019,0.459621
220203,San Martin,Bajo Biavo,2019,0.434797
220710,San Martin,Tres Unidos,2019,0.318513
220510,San Martin,Tabalosos,2019,0.389488
100904,Huanuco,Tournavista,2019,0.382702
010701,Amazonas,Bagua Grande,2019,0.418046
220701,San Martin,Picota,2019,0.506645
220403,San Martin,El Eslabon,2019,0.574452
250105,Ucayali,Yarinacocha,2019,0.588225
220914,San Martin,Shapaja,2019,0.275019
010707,Amazonas,Yamon,2019,0.411886
010705,Amazonas,Jamalca,2019,0.313959
220205,San Martin,San Pablo,2019,0.706365
220705,San Martin,Pucacaca,2019,0.447273
220601,San Martin,Juanjui,2019,0.478841
100905,Huanuco,Yuyapichis,2019,0.352867
100608,Huanuco,Castillo Grande,2019,0.417463
220302,San Martin,Agua Blanca,2019,0.644062
250306,Ucayali,Huipoca,2019,0.264403
010611,Amazonas,Totora,2019,0.563363
010706,Amazonas,Lonya Grande,2019,0.32076
220706,San Martin,San Cristobal,2019,0.471711
010303,Amazonas,Churuja,2019,0.198267
220301,San Martin,San Jose De Sisa,2019,0.635175
010204,Amazonas,El Parco,2019,0.688993
010306,Amazonas,Florida,2019,0.423109
220303,San Martin,San Martin,2019,0.243968
220106,San Martin,Yantalo,2019,0.567078
220305,San Martin,Shatoja,2019,0.621729
010104,Amazonas,Cheto,2019,0.235705
160201,Loreto,Yurimaguas,2019,0.355493
060901,Cajamarca,San Ignacio,2019,0.629692
220511,San Martin,Zapatero,2019,0.794808
060811,Cajamarca,San Jose Del Alto,2019,0.479646
010206,Amazonas,La Peca,2019,0.632247
220401,San Martin,Saposoa,2019,0.372472
060902,Cajamarca,Chirinos,2019,0.544266
220908,San Martin,Juan Guerra,2019,0.662485
060904,Cajamarca,La Coipa,2019,0.577043
220808,San Martin,Yorongos,2019,0.549588
120607,Junin,Rio Negro,2019,0.459251
060812,Cajamarca,Santa Rosa,2019,0.634179
250106,Ucayali,Nueva Requena,2019,0.21381
220802,San Martin,Awajun,2019,0.410439
250302,Ucayali,Irazola,2019,0.269778
010109,Amazonas,La Jalca,2019,0.285769
220906,San Martin,El Porvenir,2019,0.291834
220707,San Martin,San Hilarion,2019,0.584082
220806,San Martin,Posic,2019,0.497894
220406,San Martin,Tingo De Saposoa,2019,0.591171
100901,Huanuco,Puerto Inca,2019,0.298803
010105,Amazonas,Chiliquin,2019,0.171553
220105,San Martin,Soritor,2019,0.279137
220201,San Martin,Bellavista,2019,0.728811
060803,Cajamarca,Chontali,2019,0.361332
100605,Huanuco,Luyando,2019,0.571304
010307,Amazonas,Jazan,2019,0.417321
010502,Amazonas,Camporredondo,2019,0.323105
010515,Amazonas,Providencia,2019,0.212337
010102,Amazonas,Asuncion,2019,0.36003
010510,Amazonas,Luya Viejo,2019,0.2766
100601,Huanuco,Rupa-Rupa,2019,0.330244
010514,Amazonas,Pisuquia,2019,0.195164
060810,Cajamarca,San Felipe,2019,0.122623
010305,Amazonas,Cuispes,2019,0.24581
060905,Cajamarca,Namballe,2019,0.325327
010119,Amazonas,San Isidro De Maino,2019,0.127082
060801,Cajamarca,Jaen,2019,0.514283
010513,Amazonas,Ocumal,2019,0.320491
220912,San Martin,San Antonio,2019,0.193699
220903,San Martin,Cacatachi,2019,0.701772
120602,Junin,Coviriali,2019,0.386879
120304,Junin,San Luis De Shuaro,2019,0.335982
120601,Junin,Satipo,2019,0.299847
010203,Amazonas,Copallin,2019,0.452916
010112,Amazonas,Magdalena,2019,0.134936
220102,San Martin,Calzada,2019,0.728668
060805,Cajamarca,Huabal,2019,0.837764
010610,Amazonas,Santa Rosa,2019,0.579415
220503,San Martin,Barranquita,2019,0.305404
220801,San Martin,Rioja,2019,0.616646
220703,San Martin,Caspisapa,2019,0.417232
080904,Cusco,Maranura,2019,0.267616
010117,Amazonas,Quinjalca,2019,0.328024
250303,Ucayali,Curimana,2019,0.214468
010308,Amazonas,Recta,2019,0.611368
010115,Amazonas,Montevideo,2019,0.128095
010114,Amazonas,Molinopampa,2019,0.186722
010503,Amazonas,Cocabamba,2019,0.113169
060809,Cajamarca,Sallique,2019,0.170044
010120,Amazonas,Soloco,2019,0.197015
010521,Amazonas,Santo Tomas,2019,0.354104
100113,Huanuco,San Pablo De Pillao,2019,0.150681
010602,Amazonas,Chirimoto,2019,0.251374
100603,Huanuco,Hermilio Valdizan,2019,0.132373
010111,Amazonas,Levanto,2019,0.208117
010518,Amazonas,San Jeronimo,2019,0.332204
010609,Amazonas,Omia,2019,0.15407
100902,Huanuco,Codo Del Pozuzo,2019,0.231052
010113,Amazonas,Mariscal Castilla,2019,0.234942
220101,San Martin,Moyobamba,2019,0.260228
010310,Amazonas,Shipasbamba,2019,0.247743
100103,Huanuco,Chinchao,2019,0.156185
010311,Amazonas,Valera,2019,0.153701
060907,Cajamarca,Tabaconas,2019,0.266184
160112,Loreto,Belen,2019,0.339971
200307,Piura,Sondor,2019,0.26451
220803,San Martin,Elias Soplin Vargas,2019,0.309801
010506,Amazonas,Inguilpata,2019,0.284349
220506,San Martin,Pinto Recodo,2019,0.194046
120303,Junin,Pichanaqui,2019,0.316442
010202,Amazonas,Aramango,2019,0.196995
010606,Amazonas,Longar,2019,0.23812
160101,Loreto,Iquitos,2019,0.395008
010507,Amazonas,Longuita,2019,0.378643
221001,San Martin,Tocache,2019,0.348925
010511,Amazonas,Maria,2019,0.17845
080901,Cusco,Santa Ana,2019,0.308087
120302,Junin,Perene,2019,0.357046
050409,Ayacucho,Canayre,2019,0.247704
221002,San Martin,Nuevo Progreso,2019,0.276499
200303,Piura,El Carmen De La Frontera,2019,0.235266
100609,Huanuco,Pueblo Nuevo,2019,0.281281
080903,Cusco,Huayopata,2019,0.171913
010604,Amazonas,Huambo,2019,0.742144
100505,Huanuco,Jircan,2019,0.03861
010512,Amazonas,Ocalli,2019,0.232265
010101,Amazonas,Chachapoyas,2019,0.227094
060903,Cajamarca,Huarango,2019,0.300968
010116,Amazonas,Olleros,2019,0.092591
010605,Amazonas,Limabamba,2019,0.155637
100804,Huanuco,Umari,2019,0.355013
220504,San Martin,Caynarachi,2019,0.205777
080905,Cusco,Ocobamba,2019,0.196366
010517,Amazonas,San Francisco Del Yeso,2019,0.340767
120609,Junin,Vizcatán Del Ene,2019,0.181209
060807,Cajamarca,Pomahuaca,2019,0.230133
010304,Amazonas,Corosha,2019,0.153108
221005,San Martin,Uchiza,2019,0.403743
220807,San Martin,San Fernando,2019,0.737166
050512,Ayacucho,Union Progreso,2019,0.839988
060804,Cajamarca,Colasay,2019,0.523423
160503,Loreto,Capelo,2019,0.122636
220910,San Martin,Morales,2019,0.720343
120604,Junin,Mazamari,2019,0.196887
120603,Junin,Llaylla,2019,0.236839
010520,Amazonas,Santa Catalina,2019,0.200556
010603,Amazonas,Cochamal,2019,0.114634
120209,Junin,Mariscal Castilla,2019,0.2133
010601,Amazonas,San Nicolas,2019,0.219011
010519,Amazonas,San Juan De Lopecancha,2019,0.351149
160211,Loreto,Teniente Cesar Lopez Rojas,2019,0.182611
080408,Cusco,Yanatile,2019,0.173601
050408,Ayacucho,Llochegua,2019,0.263765
100507,Huanuco,Monzon,2019,0.13304
081304,Cusco,Machupicchu,2019,0.087416
220909,San Martin,La Banda De Shilcayo,2019,0.229756
220103,San Martin,Habana,2019,0.87049
100606,Huanuco,Mariano Damaso Beraun,2019,0.131146
010508,Amazonas,Lonya Chico,2019,0.270735
170102,Madre De Dios,Inambari,2019,0.051198
050502,Ayacucho,Anco,2019,0.18136
010523,Amazonas,Trita,2019,0.622034
010516,Amazonas,San Cristobal,2019,0.401942
080918,Cusco,Union Ashaninka,2019,0.189192
221006,San Martin,Santa Lucia,2019,0.769672
100702,Huanuco,Cholon,2019,0.141386
211205,Puno,Phara,2019,0.021137
170204,Madre De Dios,Huepetuhe,2019,0.04424
010302,Amazonas,Chisquilla,2019,0.046397
050507,Ayacucho,Santa Rosa,2019,0.350188
220804,San Martin,Nueva Cajamarca,2019,0.361499
220809,San Martin,Yuracyacu,2019,0.768617
160603,Loreto,Padre Marquez,2019,0.061765
010522,Amazonas,Tingo,2019,0.27606
080906,Cusco,Quellouno,2019,0.182302
010301,Amazonas,Jumbilla,2019,0.221899
080917,Cusco,Manitea,2019,0.197363
250305,Ucayali,Alexander Von Humboldt,2020,0.731803
220509,San Martin,Shanao,2020,0.48398
250304,Ucayali,Neshuya,2020,0.65859
220501,San Martin,Lamas,2020,0.464331
220902,San Martin,Alberto Leveau,2020,0.358282
250102,Ucayali,Campoverde,2020,0.735299
220702,San Martin,Buenos Aires,2020,0.611142
220502,San Martin,Alonso De Alvarado,2020,0.435273
220404,San Martin,Piscoyacu,2020,0.581789
220708,San Martin,Shamboyacu,2020,0.444616
220204,San Martin,Huallaga,2020,0.491652
220605,San Martin,Pajarillo,2020,0.642812
010703,Amazonas,Cumba,2020,0.462828
220704,San Martin,Pilluana,2020,0.430156
220104,San Martin,Jepelacio,2020,0.516951
220505,San Martin,Cuñumbuqui,2020,0.637293
220507,San Martin,Rumisapa,2020,0.658533
220913,San Martin,Sauce,2020,0.281453
010608,Amazonas,Milpuc,2020,0.49788
220405,San Martin,Sacanche,2020,0.597578
220709,San Martin,Tingo De Ponasa,2020,0.505393
220304,San Martin,Santa Rosa,2020,0.619453
100903,Huanuco,Honoria,2020,0.479651
220203,San Martin,Bajo Biavo,2020,0.455638
220710,San Martin,Tres Unidos,2020,0.329242
220510,San Martin,Tabalosos,2020,0.381648
100904,Huanuco,Tournavista,2020,0.403245
010701,Amazonas,Bagua Grande,2020,0.419054
220701,San Martin,Picota,2020,0.504015
220403,San Martin,El Eslabon,2020,0.572251
250105,Ucayali,Yarinacocha,2020,0.590959
220914,San Martin,Shapaja,2020,0.27967
010707,Amazonas,Yamon,2020,0.417033
010705,Amazonas,Jamalca,2020,0.31249
220205,San Martin,San Pablo,2020,0.710301
220705,San Martin,Pucacaca,2020,0.456381
220601,San Martin,Juanjui,2020,0.480445
100905,Huanuco,Yuyapichis,2020,0.377669
100608,Huanuco,Castillo Grande,2020,0.415161
220302,San Martin,Agua Blanca,2020,0.646499
250306,Ucayali,Huipoca,2020,0.286963
010611,Amazonas,Totora,2020,0.582609
010706,Amazonas,Lonya Grande,2020,0.33928
220706,San Martin,San Cristobal,2020,0.480565
010303,Amazonas,Churuja,2020,0.201481
220301,San Martin,San Jose De Sisa,2020,0.63269
010204,Amazonas,El Parco,2020,0.707844
010306,Amazonas,Florida,2020,0.424326
220303,San Martin,San Martin,2020,0.245732
220106,San Martin,Yantalo,2020,0.573734
220305,San Martin,Shatoja,2020,0.627559
010104,Amazonas,Cheto,2020,0.245454
160201,Loreto,Yurimaguas,2020,0.364385
060901,Cajamarca,San Ignacio,2020,0.621408
220511,San Martin,Zapatero,2020,0.791543
060811,Cajamarca,San Jose Del Alto,2020,0.467205
010206,Amazonas,La Peca,2020,0.629649
220401,San Martin,Saposoa,2020,0.381927
060902,Cajamarca,Chirinos,2020,0.550383
220908,San Martin,Juan Guerra,2020,0.643615
060904,Cajamarca,La Coipa,2020,0.554655
220808,San Martin,Yorongos,2020,0.545544
120607,Junin,Rio Negro,2020,0.474915
060812,Cajamarca,Santa Rosa,2020,0.631489
250106,Ucayali,Nueva Requena,2020,0.239777
220802,San Martin,Awajun,2020,0.406487
250302,Ucayali,Irazola,2020,0.282719
010109,Amazonas,La Jalca,2020,0.292274
220906,San Martin,El Porvenir,2020,0.304301
220707,San Martin,San Hilarion,2020,0.615517
220806,San Martin,Posic,2020,0.483568
220406,San Martin,Tingo De Saposoa,2020,0.58618
100901,Huanuco,Puerto Inca,2020,0.316935
010105,Amazonas,Chiliquin,2020,0.177055
220105,San Martin,Soritor,2020,0.28327
220201,San Martin,Bellavista,2020,0.729998
060803,Cajamarca,Chontali,2020,0.357552
100605,Huanuco,Luyando,2020,0.569752
010307,Amazonas,Jazan,2020,0.410969
010502,Amazonas,Camporredondo,2020,0.329441
010515,Amazonas,Providencia,2020,0.218704
010102,Amazonas,Asuncion,2020,0.359698
010510,Amazonas,Luya Viejo,2020,0.282548
100601,Huanuco,Rupa-Rupa,2020,0.331647
010514,Amazonas,Pisuquia,2020,0.202441
060810,Cajamarca,San Felipe,2020,0.118834
010305,Amazonas,Cuispes,2020,0.245063
060905,Cajamarca,Namballe,2020,0.326844
010119,Amazonas,San Isidro De Maino,2020,0.131249
060801,Cajamarca,Jaen,2020,0.506251
010513,Amazonas,Ocumal,2020,0.321786
220912,San Martin,San Antonio,2020,0.205888
220903,San Martin,Cacatachi,2020,0.732258
120602,Junin,Coviriali,2020,0.380778
120304,Junin,San Luis De Shuaro,2020,0.324367
120601,Junin,Satipo,2020,0.304532
010203,Amazonas,Copallin,2020,0.466658
010112,Amazonas,Magdalena,2020,0.135632
220102,San Martin,Calzada,2020,0.71507
060805,Cajamarca,Huabal,2020,0.828102
010610,Amazonas,Santa Rosa,2020,0.581568
220503,San Martin,Barranquita,2020,0.309147
220801,San Martin,Rioja,2020,0.606403
220703,San Martin,Caspisapa,2020,0.460248
080904,Cusco,Maranura,2020,0.270031
010117,Amazonas,Quinjalca,2020,0.342334
250303,Ucayali,Curimana,2020,0.230836
010308,Amazonas,Recta,2020,0.613145
010115,Amazonas,Montevideo,2020,0.121948
010114,Amazonas,Molinopampa,2020,0.191341
010503,Amazonas,Cocabamba,2020,0.117
060809,Cajamarca,Sallique,2020,0.163516
010120,Amazonas,Soloco,2020,0.203615
010521,Amazonas,Santo Tomas,2020,0.350984
100113,Huanuco,San Pablo De Pillao,2020,0.17331
010602,Amazonas,Chirimoto,2020,0.255158
100603,Huanuco,Hermilio Valdizan,2020,0.135015
010111,Amazonas,Levanto,2020,0.202545
010518,Amazonas,San Jeronimo,2020,0.331904
010609,Amazonas,Omia,2020,0.158061
100902,Huanuco,Codo Del Pozuzo,2020,0.248966
010113,Amazonas,Mariscal Castilla,2020,0.227415
220101,San Martin,Moyobamba,2020,0.259968
010310,Amazonas,Shipasbamba,2020,0.250844
100103,Huanuco,Chinchao,2020,0.162667
010311,Amazonas,Valera,2020,0.151672
060907,Cajamarca,Tabaconas,2020,0.260884
160112,Loreto,Belen,2020,0.348387
200307,Piura,Sondor,2020,0.254164
220803,San Martin,Elias Soplin Vargas,2020,0.308309
010506,Amazonas,Inguilpata,2020,0.288407
220506,San Martin,Pinto Recodo,2020,0.193852
120303,Junin,Pichanaqui,2020,0.32266
010202,Amazonas,Aramango,2020,0.197111
010606,Amazonas,Longar,2020,0.239526
160101,Loreto,Iquitos,2020,0.397529
010507,Amazonas,Longuita,2020,0.386475
221001,San Martin,Tocache,2020,0.342808
010511,Amazonas,Maria,2020,0.181429
080901,Cusco,Santa Ana,2020,0.305831
120302,Junin,Perene,2020,0.360456
050409,Ayacucho,Canayre,2020,0.256992
221002,San Martin,Nuevo Progreso,2020,0.277897
200303,Piura,El Carmen De La Frontera,2020,0.23355
100609,Huanuco,Pueblo Nuevo,2020,0.281504
080903,Cusco,Huayopata,2020,0.167699
010604,Amazonas,Huambo,2020,0.742568
100505,Huanuco,Jircan,2020,0.041505
010512,Amazonas,Ocalli,2020,0.23708
010101,Amazonas,Chachapoyas,2020,0.227024
060903,Cajamarca,Huarango,2020,0.302878
010116,Amazonas,Olleros,2020,0.094615
010605,Amazonas,Limabamba,2020,0.159791
100804,Huanuco,Umari,2020,0.387181
220504,San Martin,Caynarachi,2020,0.208363
080905,Cusco,Ocobamba,2020,0.196907
010517,Amazonas,San Francisco Del Yeso,2020,0.336227
120609,Junin,Vizcatán Del Ene,2020,0.203234
060807,Cajamarca,Pomahuaca,2020,0.226948
010304,Amazonas,Corosha,2020,0.151238
221005,San Martin,Uchiza,2020,0.405292
220807,San Martin,San Fernando,2020,0.721092
050512,Ayacucho,Union Progreso,2020,0.814015
060804,Cajamarca,Colasay,2020,0.519503
160503,Loreto,Capelo,2020,0.130227
220910,San Martin,Morales,2020,0.717994
120604,Junin,Mazamari,2020,0.194287
120603,Junin,Llaylla,2020,0.227261
010520,Amazonas,Santa Catalina,2020,0.200297
010603,Amazonas,Cochamal,2020,0.119566
120209,Junin,Mariscal Castilla,2020,0.213643
010601,Amazonas,San Nicolas,2020,0.216514
010519,Amazonas,San Juan De Lopecancha,2020,0.349718
160211,Loreto,Teniente Cesar Lopez Rojas,2020,0.185672
080408,Cusco,Yanatile,2020,0.17334
050408,Ayacucho,Llochegua,2020,0.267481
100507,Huanuco,Monzon,2020,0.133819
081304,Cusco,Machupicchu,2020,0.084375
220909,San Martin,La Banda De Shilcayo,2020,0.230615
220103,San Martin,Habana,2020,0.849907
100606,Huanuco,Mariano Damaso Beraun,2020,0.136055
010508,Amazonas,Lonya Chico,2020,0.274253
170102,Madre De Dios,Inambari,2020,0.052265
050502,Ayacucho,Anco,2020,0.17505
010523,Amazonas,Trita,2020,0.64328
010516,Amazonas,San Cristobal,2020,0.424486
080918,Cusco,Union Ashaninka,2020,0.200532
221006,San Martin,Santa Lucia,2020,0.767291
100702,Huanuco,Cholon,2020,0.142912
211205,Puno,Phara,2020,0.020993
170204,Madre De Dios,Huepetuhe,2020,0.035077
010302,Amazonas,Chisquilla,2020,0.046397
050507,Ayacucho,Santa Rosa,2020,0.338646
220804,San Martin,Nueva Cajamarca,2020,0.359492
220809,San Martin,Yuracyacu,2020,0.751247
160603,Loreto,Padre Marquez,2020,0.067433
010522,Amazonas,Tingo,2020,0.283684
080906,Cusco,Quellouno,2020,0.182888
010301,Amazonas,Jumbilla,2020,0.219471
080917,Cusco,Manitea,2020,0.192079
250305,Ucayali,Alexander Von Humboldt,2021,0.751661
220509,San Martin,Shanao,2021,0.487374
250304,Ucayali,Neshuya,2021,0.682879
220501,San Martin,Lamas,2021,0.478014
220902,San Martin,Alberto Leveau,2021,0.380189
250102,Ucayali,Campoverde,2021,0.74811
220702,San Martin,Buenos Aires,2021,0.627299
220502,San Martin,Alonso De Alvarado,2021,0.451352
220404,San Martin,Piscoyacu,2021,0.596342
220708,San Martin,Shamboyacu,2021,0.461257
220204,San Martin,Huallaga,2021,0.51394
220605,San Martin,Pajarillo,2021,0.662819
010703,Amazonas,Cumba,2021,0.484193
220704,San Martin,Pilluana,2021,0.43522
220104,San Martin,Jepelacio,2021,0.526728
220505,San Martin,Cuñumbuqui,2021,0.651563
220507,San Martin,Rumisapa,2021,0.680047
220913,San Martin,Sauce,2021,0.294874
010608,Amazonas,Milpuc,2021,0.491612
220405,San Martin,Sacanche,2021,0.614457
220709,San Martin,Tingo De Ponasa,2021,0.503752
220304,San Martin,Santa Rosa,2021,0.635068
100903,Huanuco,Honoria,2021,0.49236
220203,San Martin,Bajo Biavo,2021,0.470921
220710,San Martin,Tres Unidos,2021,0.343113
220510,San Martin,Tabalosos,2021,0.395242
100904,Huanuco,Tournavista,2021,0.425988
010701,Amazonas,Bagua Grande,2021,0.436924
220701,San Martin,Picota,2021,0.508463
220403,San Martin,El Eslabon,2021,0.58222
250105,Ucayali,Yarinacocha,2021,0.597175
220914,San Martin,Shapaja,2021,0.294568
010707,Amazonas,Yamon,2021,0.4338
010705,Amazonas,Jamalca,2021,0.328911
220205,San Martin,San Pablo,2021,0.721299
220705,San Martin,Pucacaca,2021,0.457059
220601,San Martin,Juanjui,2021,0.501864
100905,Huanuco,Yuyapichis,2021,0.395136
100608,Huanuco,Castillo Grande,2021,0.408054
220302,San Martin,Agua Blanca,2021,0.660761
250306,Ucayali,Huipoca,2021,0.315271
010611,Amazonas,Totora,2021,0.573238
010706,Amazonas,Lonya Grande,2021,0.351417
220706,San Martin,San Cristobal,2021,0.483487
010303,Amazonas,Churuja,2021,0.181384
220301,San Martin,San Jose De Sisa,2021,0.650023
010204,Amazonas,El Parco,2021,0.725666
010306,Amazonas,Florida,2021,0.414715
220303,San Martin,San Martin,2021,0.264994
220106,San Martin,Yantalo,2021,0.586177
220305,San Martin,Shatoja,2021,0.656005
010104,Amazonas,Cheto,2021,0.237349
160201,Loreto,Yurimaguas,2021,0.372501
060901,Cajamarca,San Ignacio,2021,0.638076
220511,San Martin,Zapatero,2021,0.801565
060811,Cajamarca,San Jose Del Alto,2021,0.475931
010206,Amazonas,La Peca,2021,0.630887
220401,San Martin,Saposoa,2021,0.389314
060902,Cajamarca,Chirinos,2021,0.556619
220908,San Martin,Juan Guerra,2021,0.650302
060904,Cajamarca,La Coipa,2021,0.556867
220808,San Martin,Yorongos,2021,0.544858
120607,Junin,Rio Negro,2021,0.48853
060812,Cajamarca,Santa Rosa,2021,0.62374
250106,Ucayali,Nueva Requena,2021,0.273423
220802,San Martin,Awajun,2021,0.3983
250302,Ucayali,Irazola,2021,0.310473
010109,Amazonas,La Jalca,2021,0.280416
220906,San Martin,El Porvenir,2021,0.312561
220707,San Martin,San Hilarion,2021,0.599104
220806,San Martin,Posic,2021,0.497996
220406,San Martin,Tingo De Saposoa,2021,0.58894
100901,Huanuco,Puerto Inca,2021,0.334337
010105,Amazonas,Chiliquin,2021,0.165726
220105,San Martin,Soritor,2021,0.288213
220201,San Martin,Bellavista,2021,0.73574
060803,Cajamarca,Chontali,2021,0.367432
100605,Huanuco,Luyando,2021,0.563788
010307,Amazonas,Jazan,2021,0.410969
010502,Amazonas,Camporredondo,2021,0.335147
010515,Amazonas,Providencia,2021,0.214421
010102,Amazonas,Asuncion,2021,0.350436
010510,Amazonas,Luya Viejo,2021,0.266583
100601,Huanuco,Rupa-Rupa,2021,0.334051
010514,Amazonas,Pisuquia,2021,0.1958
060810,Cajamarca,San Felipe,2021,0.148119
010305,Amazonas,Cuispes,2021,0.226109
060905,Cajamarca,Namballe,2021,0.338549
010119,Amazonas,San Isidro De Maino,2021,0.126612
060801,Cajamarca,Jaen,2021,0.503529
010513,Amazonas,Ocumal,2021,0.314012
220912,San Martin,San Antonio,2021,0.2176
220903,San Martin,Cacatachi,2021,0.759171
120602,Junin,Coviriali,2021,0.386322
120304,Junin,San Luis De Shuaro,2021,0.332486
120601,Junin,Satipo,2021,0.310413
010203,Amazonas,Copallin,2021,0.462791
010112,Amazonas,Magdalena,2021,0.131654
220102,San Martin,Calzada,2021,0.726074
060805,Cajamarca,Huabal,2021,0.827347
010610,Amazonas,Santa Rosa,2021,0.5541
220503,San Martin,Barranquita,2021,0.312689
220801,San Martin,Rioja,2021,0.600973
220703,San Martin,Caspisapa,2021,0.452028
080904,Cusco,Maranura,2021,0.278861
010117,Amazonas,Quinjalca,2021,0.337654
250303,Ucayali,Curimana,2021,0.261841
010308,Amazonas,Recta,2021,0.611464
010115,Amazonas,Montevideo,2021,0.110984
010114,Amazonas,Molinopampa,2021,0.192418
010503,Amazonas,Cocabamba,2021,0.111228
060809,Cajamarca,Sallique,2021,0.174712
010120,Amazonas,Soloco,2021,0.201356
010521,Amazonas,Santo Tomas,2021,0.332823
100113,Huanuco,San Pablo De Pillao,2021,0.161218
010602,Amazonas,Chirimoto,2021,0.264003
100603,Huanuco,Hermilio Valdizan,2021,0.1518
010111,Amazonas,Levanto,2021,0.194715
010518,Amazonas,San Jeronimo,2021,0.327685
010609,Amazonas,Omia,2021,0.159573
100902,Huanuco,Codo Del Pozuzo,2021,0.260236
010113,Amazonas,Mariscal Castilla,2021,0.206819
220101,San Martin,Moyobamba,2021,0.265379
010310,Amazonas,Shipasbamba,2021,0.235659
100103,Huanuco,Chinchao,2021,0.154973
010311,Amazonas,Valera,2021,0.14229
060907,Cajamarca,Tabaconas,2021,0.269028
160112,Loreto,Belen,2021,0.352294
200307,Piura,Sondor,2021,0.262157
220803,San Martin,Elias Soplin Vargas,2021,0.301336
010506,Amazonas,Inguilpata,2021,0.265918
220506,San Martin,Pinto Recodo,2021,0.204254
120303,Junin,Pichanaqui,2021,0.328524
010202,Amazonas,Aramango,2021,0.203983
010606,Amazonas,Longar,2021,0.243451
160101,Loreto,Iquitos,2021,0.408817
010507,Amazonas,Longuita,2021,0.361874
221001,San Martin,Tocache,2021,0.344629
010511,Amazonas,Maria,2021,0.172654
080901,Cusco,Santa Ana,2021,0.301296
120302,Junin,Perene,2021,0.368353
050409,Ayacucho,Canayre,2021,0.262255
221002,San Martin,Nuevo Progreso,2021,0.288202
200303,Piura,El Carmen De La Frontera,2021,0.240387
100609,Huanuco,Pueblo Nuevo,2021,0.285598
080903,Cusco,Huayopata,2021,0.167791
010604,Amazonas,Huambo,2021,0.74235
100505,Huanuco,Jircan,2021,0.04781
010512,Amazonas,Ocalli,2021,0.23963
010101,Amazonas,Chachapoyas,2021,0.222711
060903,Cajamarca,Huarango,2021,0.307215
010116,Amazonas,Olleros,2021,0.087943
010605,Amazonas,Limabamba,2021,0.168013
100804,Huanuco,Umari,2021,0.356409
220504,San Martin,Caynarachi,2021,0.208735
080905,Cusco,Ocobamba,2021,0.201204
010517,Amazonas,San Francisco Del Yeso,2021,0.316926
120609,Junin,Vizcatán Del Ene,2021,0.209784
060807,Cajamarca,Pomahuaca,2021,0.237107
010304,Amazonas,Corosha,2021,0.149935
221005,San Martin,Uchiza,2021,0.410372
220807,San Martin,San Fernando,2021,0.735428
050512,Ayacucho,Union Progreso,2021,0.814305
060804,Cajamarca,Colasay,2021,0.533867
160503,Loreto,Capelo,2021,0.130092
220910,San Martin,Morales,2021,0.732244
120604,Junin,Mazamari,2021,0.195431
120603,Junin,Llaylla,2021,0.229318
010520,Amazonas,Santa Catalina,2021,0.205827
010603,Amazonas,Cochamal,2021,0.126464
120209,Junin,Mariscal Castilla,2021,0.209408
010601,Amazonas,San Nicolas,2021,0.214835
010519,Amazonas,San Juan De Lopecancha,2021,0.338197
160211,Loreto,Teniente Cesar Lopez Rojas,2021,0.191833
080408,Cusco,Yanatile,2021,0.17665
050408,Ayacucho,Llochegua,2021,0.270883
100507,Huanuco,Monzon,2021,0.134079
081304,Cusco,Machupicchu,2021,0.082549
220909,San Martin,La Banda De Shilcayo,2021,0.238442
220103,San Martin,Habana,2021,0.857892
100606,Huanuco,Mariano Damaso Beraun,2021,0.138632
010508,Amazonas,Lonya Chico,2021,0.257726
170102,Madre De Dios,Inambari,2021,0.05451
050502,Ayacucho,Anco,2021,0.177818
010523,Amazonas,Trita,2021,0.648241
010516,Amazonas,San Cristobal,2021,0.419882
080918,Cusco,Union Ashaninka,2021,0.206441
221006,San Martin,Santa Lucia,2021,0.77631
100702,Huanuco,Cholon,2021,0.143201
211205,Puno,Phara,2021,0.02692
170204,Madre De Dios,Huepetuhe,2021,0.029449
010302,Amazonas,Chisquilla,2021,0.046166
050507,Ayacucho,Santa Rosa,2021,0.339058
220804,San Martin,Nueva Cajamarca,2021,0.351185
220809,San Martin,Yuracyacu,2021,0.754973
160603,Loreto,Padre Marquez,2021,0.073184
010522,Amazonas,Tingo,2021,0.278286
080906,Cusco,Quellouno,2021,0.191376
010301,Amazonas,Jumbilla,2021,0.212233
080917,Cusco,Manitea,2021,0.189749
250305,Ucayali,Alexander Von Humboldt,2022,0.77436
220509,San Martin,Shanao,2022,0.496606
250304,Ucayali,Neshuya,2022,0.703373
220501,San Martin,Lamas,2022,0.492946
220902,San Martin,Alberto Leveau,2022,0.367495
250102,Ucayali,Campoverde,2022,0.76407
220702,San Martin,Buenos Aires,2022,0.635039
220502,San Martin,Alonso De Alvarado,2022,0.463574
220404,San Martin,Piscoyacu,2022,0.615976
220708,San Martin,Shamboyacu,2022,0.472773
220204,San Martin,Huallaga,2022,0.527552
220605,San Martin,Pajarillo,2022,0.673349
010703,Amazonas,Cumba,2022,0.462453
220704,San Martin,Pilluana,2022,0.440427
220104,San Martin,Jepelacio,2022,0.536472
220505,San Martin,Cuñumbuqui,2022,0.662169
220507,San Martin,Rumisapa,2022,0.705917
220913,San Martin,Sauce,2022,0.298167
010608,Amazonas,Milpuc,2022,0.496618
220405,San Martin,Sacanche,2022,0.632352
220709,San Martin,Tingo De Ponasa,2022,0.504241
220304,San Martin,Santa Rosa,2022,0.648758
100903,Huanuco,Honoria,2022,0.506732
220203,San Martin,Bajo Biavo,2022,0.489754
220710,San Martin,Tres Unidos,2022,0.356556
220510,San Martin,Tabalosos,2022,0.406799
100904,Huanuco,Tournavista,2022,0.443912
010701,Amazonas,Bagua Grande,2022,0.434012
220701,San Martin,Picota,2022,0.520078
220403,San Martin,El Eslabon,2022,0.589133
250105,Ucayali,Yarinacocha,2022,0.609289
220914,San Martin,Shapaja,2022,0.298128
010707,Amazonas,Yamon,2022,0.420187
010705,Amazonas,Jamalca,2022,0.331272
220205,San Martin,San Pablo,2022,0.717102
220705,San Martin,Pucacaca,2022,0.458852
220601,San Martin,Juanjui,2022,0.51605
100905,Huanuco,Yuyapichis,2022,0.415718
100608,Huanuco,Castillo Grande,2022,0.404983
220302,San Martin,Agua Blanca,2022,0.663343
250306,Ucayali,Huipoca,2022,0.339974
010611,Amazonas,Totora,2022,0.576895
010706,Amazonas,Lonya Grande,2022,0.326647
220706,San Martin,San Cristobal,2022,0.480005
010303,Amazonas,Churuja,2022,0.168078
220301,San Martin,San Jose De Sisa,2022,0.66087
010204,Amazonas,El Parco,2022,0.712348
010306,Amazonas,Florida,2022,0.42276
220303,San Martin,San Martin,2022,0.285297
220106,San Martin,Yantalo,2022,0.574245
220305,San Martin,Shatoja,2022,0.666848
010104,Amazonas,Cheto,2022,0.245593
160201,Loreto,Yurimaguas,2022,0.368429
060901,Cajamarca,San Ignacio,2022,0.63625
220511,San Martin,Zapatero,2022,0.799518
060811,Cajamarca,San Jose Del Alto,2022,0.477527
010206,Amazonas,La Peca,2022,0.631441
220401,San Martin,Saposoa,2022,0.397272
060902,Cajamarca,Chirinos,2022,0.555368
220908,San Martin,Juan Guerra,2022,0.640726
060904,Cajamarca,La Coipa,2022,0.568157
220808,San Martin,Yorongos,2022,0.537388
120607,Junin,Rio Negro,2022,0.506581
060812,Cajamarca,Santa Rosa,2022,0.619616
250106,Ucayali,Nueva Requena,2022,0.310097
220802,San Martin,Awajun,2022,0.392683
250302,Ucayali,Irazola,2022,0.329395
010109,Amazonas,La Jalca,2022,0.290368
220906,San Martin,El Porvenir,2022,0.335621
220707,San Martin,San Hilarion,2022,0.615517
220806,San Martin,Posic,2022,0.463101
220406,San Martin,Tingo De Saposoa,2022,0.611097
100901,Huanuco,Puerto Inca,2022,0.348888
010105,Amazonas,Chiliquin,2022,0.165832
220105,San Martin,Soritor,2022,0.291155
220201,San Martin,Bellavista,2022,0.730505
060803,Cajamarca,Chontali,2022,0.361694
100605,Huanuco,Luyando,2022,0.558284
010307,Amazonas,Jazan,2022,0.411286
010502,Amazonas,Camporredondo,2022,0.325552
010515,Amazonas,Providencia,2022,0.221964
010102,Amazonas,Asuncion,2022,0.35656
010510,Amazonas,Luya Viejo,2022,0.268106
100601,Huanuco,Rupa-Rupa,2022,0.336649
010514,Amazonas,Pisuquia,2022,0.194568
060810,Cajamarca,San Felipe,2022,0.124832
010305,Amazonas,Cuispes,2022,0.215041
060905,Cajamarca,Namballe,2022,0.343947
010119,Amazonas,San Isidro De Maino,2022,0.138876
060801,Cajamarca,Jaen,2022,0.490821
010513,Amazonas,Ocumal,2022,0.327231
220912,San Martin,San Antonio,2022,0.23443
220903,San Martin,Cacatachi,2022,0.766573
120602,Junin,Coviriali,2022,0.402478
120304,Junin,San Luis De Shuaro,2022,0.345771
120601,Junin,Satipo,2022,0.325436
010203,Amazonas,Copallin,2022,0.458411
010112,Amazonas,Magdalena,2022,0.153119
220102,San Martin,Calzada,2022,0.662303
060805,Cajamarca,Huabal,2022,0.827609
010610,Amazonas,Santa Rosa,2022,0.556957
220503,San Martin,Barranquita,2022,0.325068
220801,San Martin,Rioja,2022,0.578759
220703,San Martin,Caspisapa,2022,0.467791
080904,Cusco,Maranura,2022,0.283771
010117,Amazonas,Quinjalca,2022,0.349775
250303,Ucayali,Curimana,2022,0.287511
010308,Amazonas,Recta,2022,0.629163
010115,Amazonas,Montevideo,2022,0.111756
010114,Amazonas,Molinopampa,2022,0.204734
010503,Amazonas,Cocabamba,2022,0.116227
060809,Cajamarca,Sallique,2022,0.170518
010120,Amazonas,Soloco,2022,0.210537
010521,Amazonas,Santo Tomas,2022,0.334117
100113,Huanuco,San Pablo De Pillao,2022,0.166737
010602,Amazonas,Chirimoto,2022,0.273045
100603,Huanuco,Hermilio Valdizan,2022,0.159836
010111,Amazonas,Levanto,2022,0.212632
010518,Amazonas,San Jeronimo,2022,0.336923
010609,Amazonas,Omia,2022,0.167159
100902,Huanuco,Codo Del Pozuzo,2022,0.275133
010113,Amazonas,Mariscal Castilla,2022,0.213635
220101,San Martin,Moyobamba,2022,0.261892
010310,Amazonas,Shipasbamba,2022,0.229833
100103,Huanuco,Chinchao,2022,0.159981
010311,Amazonas,Valera,2022,0.142165
060907,Cajamarca,Tabaconas,2022,0.266327
160112,Loreto,Belen,2022,0.348542
200307,Piura,Sondor,2022,0.257073
220803,San Martin,Elias Soplin Vargas,2022,0.293161
010506,Amazonas,Inguilpata,2022,0.268446
220506,San Martin,Pinto Recodo,2022,0.210219
120303,Junin,Pichanaqui,2022,0.337004
010202,Amazonas,Aramango,2022,0.211058
010606,Amazonas,Longar,2022,0.251495
160101,Loreto,Iquitos,2022,0.403923
010507,Amazonas,Longuita,2022,0.364449
221001,San Martin,Tocache,2022,0.343524
010511,Amazonas,Maria,2022,0.174295
080901,Cusco,Santa Ana,2022,0.29532
120302,Junin,Perene,2022,0.37716
050409,Ayacucho,Canayre,2022,0.265502
221002,San Martin,Nuevo Progreso,2022,0.290734
200303,Piura,El Carmen De La Frontera,2022,0.232916
100609,Huanuco,Pueblo Nuevo,2022,0.282855
080903,Cusco,Huayopata,2022,0.167028
010604,Amazonas,Huambo,2022,0.745052
100505,Huanuco,Jircan,2022,0.046723
010512,Amazonas,Ocalli,2022,0.229059
010101,Amazonas,Chachapoyas,2022,0.250446
060903,Cajamarca,Huarango,2022,0.304331
010116,Amazonas,Olleros,2022,0.089626
010605,Amazonas,Limabamba,2022,0.174085
100804,Huanuco,Umari,2022,0.345765
220504,San Martin,Caynarachi,2022,0.216425
080905,Cusco,Ocobamba,2022,0.203801
010517,Amazonas,San Francisco Del Yeso,2022,0.320826
120609,Junin,Vizcatán Del Ene,2022,0.216025
060807,Cajamarca,Pomahuaca,2022,0.23269
010304,Amazonas,Corosha,2022,0.155007
221005,San Martin,Uchiza,2022,0.412317
220807,San Martin,San Fernando,2022,0.702997
050512,Ayacucho,Union Progreso,2022,0.814059
060804,Cajamarca,Colasay,2022,0.507503
160503,Loreto,Capelo,2022,0.146392
220910,San Martin,Morales,2022,0.732297
120604,Junin,Mazamari,2022,0.202552
120603,Junin,Llaylla,2022,0.237958
010520,Amazonas,Santa Catalina,2022,0.206599
010603,Amazonas,Cochamal,2022,0.134661
120209,Junin,Mariscal Castilla,2022,0.207726
010601,Amazonas,San Nicolas,2022,0.21815
010519,Amazonas,San Juan De Lopecancha,2022,0.381543
160211,Loreto,Teniente Cesar Lopez Rojas,2022,0.202962
080408,Cusco,Yanatile,2022,0.180163
050408,Ayacucho,Llochegua,2022,0.273385
100507,Huanuco,Monzon,2022,0.137636
081304,Cusco,Machupicchu,2022,0.081917
220909,San Martin,La Banda De Shilcayo,2022,0.241217
220103,San Martin,Habana,2022,0.786619
100606,Huanuco,Mariano Damaso Beraun,2022,0.143247
010508,Amazonas,Lonya Chico,2022,0.289923
170102,Madre De Dios,Inambari,2022,0.057411
050502,Ayacucho,Anco,2022,0.181024
010523,Amazonas,Trita,2022,0.671204
010516,Amazonas,San Cristobal,2022,0.432167
080918,Cusco,Union Ashaninka,2022,0.210925
221006,San Martin,Santa Lucia,2022,0.776537
100702,Huanuco,Cholon,2022,0.143482
211205,Puno,Phara,2022,0.027271
170204,Madre De Dios,Huepetuhe,2022,0.028907
010302,Amazonas,Chisquilla,2022,0.049855
050507,Ayacucho,Santa Rosa,2022,0.335176
220804,San Martin,Nueva Cajamarca,2022,0.347961
220809,San Martin,Yuracyacu,2022,0.745328
160603,Loreto,Padre Marquez,2022,0.082994
010522,Amazonas,Tingo,2022,0.327903
080906,Cusco,Quellouno,2022,0.196272
010301,Amazonas,Jumbilla,2022,0.222953
080917,Cusco,Manitea,2022,0.194397
250305,Ucayali,Alexander Von Humboldt,2023,0.782126
220509,San Martin,Shanao,2023,0.515947
250304,Ucayali,Neshuya,2023,0.719628
220501,San Martin,Lamas,2023,0.512739
220902,San Martin,Alberto Leveau,2023,0.374768
250102,Ucayali,Campoverde,2023,0.7775
220702,San Martin,Buenos Aires,2023,0.638086
220502,San Martin,Alonso De Alvarado,2023,0.486289
220404,San Martin,Piscoyacu,2023,0.630109
220708,San Martin,Shamboyacu,2023,0.484958
220204,San Martin,Huallaga,2023,0.523853
220605,San Martin,Pajarillo,2023,0.668775
010703,Amazonas,Cumba,2023,0.456432
220704,San Martin,Pilluana,2023,0.451401
220104,San Martin,Jepelacio,2023,0.561761
220505,San Martin,Cuñumbuqui,2023,0.670428
220507,San Martin,Rumisapa,2023,0.727431
220913,San Martin,Sauce,2023,0.309607
010608,Amazonas,Milpuc,2023,0.50665
220405,San Martin,Sacanche,2023,0.654691
220709,San Martin,Tingo De Ponasa,2023,0.520444
220304,San Martin,Santa Rosa,2023,0.659195
100903,Huanuco,Honoria,2023,0.532462
220203,San Martin,Bajo Biavo,2023,0.489229
220710,San Martin,Tres Unidos,2023,0.368256
220510,San Martin,Tabalosos,2023,0.42441
100904,Huanuco,Tournavista,2023,0.469454
010701,Amazonas,Bagua Grande,2023,0.426479
220701,San Martin,Picota,2023,0.532164
220403,San Martin,El Eslabon,2023,0.603858
250105,Ucayali,Yarinacocha,2023,0.625409
220914,San Martin,Shapaja,2023,0.301442
010707,Amazonas,Yamon,2023,0.417959
010705,Amazonas,Jamalca,2023,0.328883
220205,San Martin,San Pablo,2023,0.712806
220705,San Martin,Pucacaca,2023,0.47167
220601,San Martin,Juanjui,2023,0.513676
100905,Huanuco,Yuyapichis,2023,0.424466
100608,Huanuco,Castillo Grande,2023,0.404696
220302,San Martin,Agua Blanca,2023,0.6755
250306,Ucayali,Huipoca,2023,0.355313
010611,Amazonas,Totora,2023,0.586815
010706,Amazonas,Lonya Grande,2023,0.335209
220706,San Martin,San Cristobal,2023,0.438273
010303,Amazonas,Churuja,2023,0.168414
220301,San Martin,San Jose De Sisa,2023,0.673386
010204,Amazonas,El Parco,2023,0.70143
010306,Amazonas,Florida,2023,0.435933
220303,San Martin,San Martin,2023,0.309529
220106,San Martin,Yantalo,2023,0.60419
220305,San Martin,Shatoja,2023,0.672835
010104,Amazonas,Cheto,2023,0.253585
160201,Loreto,Yurimaguas,2023,0.383802
060901,Cajamarca,San Ignacio,2023,0.563832
220511,San Martin,Zapatero,2023,0.800384
060811,Cajamarca,San Jose Del Alto,2023,0.438883
010206,Amazonas,La Peca,2023,0.637359
220401,San Martin,Saposoa,2023,0.403914
060902,Cajamarca,Chirinos,2023,0.484915
220908,San Martin,Juan Guerra,2023,0.647691
060904,Cajamarca,La Coipa,2023,0.499778
220808,San Martin,Yorongos,2023,0.559864
120607,Junin,Rio Negro,2023,0.523475
060812,Cajamarca,Santa Rosa,2023,0.618954
250106,Ucayali,Nueva Requena,2023,0.345734
220802,San Martin,Awajun,2023,0.409654
250302,Ucayali,Irazola,2023,0.342854
010109,Amazonas,La Jalca,2023,0.295212
220906,San Martin,El Porvenir,2023,0.359103
220707,San Martin,San Hilarion,2023,0.59586
220806,San Martin,Posic,2023,0.514487
220406,San Martin,Tingo De Saposoa,2023,0.616826
100901,Huanuco,Puerto Inca,2023,0.359113
010105,Amazonas,Chiliquin,2023,0.17014
220105,San Martin,Soritor,2023,0.30354
220201,San Martin,Bellavista,2023,0.718478
060803,Cajamarca,Chontali,2023,0.30467
100605,Huanuco,Luyando,2023,0.552621
010307,Amazonas,Jazan,2023,0.413388
010502,Amazonas,Camporredondo,2023,0.32814
010515,Amazonas,Providencia,2023,0.21701
010102,Amazonas,Asuncion,2023,0.362071
010510,Amazonas,Luya Viejo,2023,0.271913
100601,Huanuco,Rupa-Rupa,2023,0.336663
010514,Amazonas,Pisuquia,2023,0.199513
060810,Cajamarca,San Felipe,2023,0.128341
010305,Amazonas,Cuispes,2023,0.225261
060905,Cajamarca,Namballe,2023,0.297997
010119,Amazonas,San Isidro De Maino,2023,0.150884
060801,Cajamarca,Jaen,2023,0.46064
010513,Amazonas,Ocumal,2023,0.327085
220912,San Martin,San Antonio,2023,0.249047
220903,San Martin,Cacatachi,2023,0.781613
120602,Junin,Coviriali,2023,0.414825
120304,Junin,San Luis De Shuaro,2023,0.35906
120601,Junin,Satipo,2023,0.34525
010203,Amazonas,Copallin,2023,0.465641
010112,Amazonas,Magdalena,2023,0.16538
220102,San Martin,Calzada,2023,0.742266
060805,Cajamarca,Huabal,2023,0.814842
010610,Amazonas,Santa Rosa,2023,0.543685
220503,San Martin,Barranquita,2023,0.332848
220801,San Martin,Rioja,2023,0.595747
220703,San Martin,Caspisapa,2023,0.459886
080904,Cusco,Maranura,2023,0.282706
010117,Amazonas,Quinjalca,2023,0.350281
250303,Ucayali,Curimana,2023,0.30097
010308,Amazonas,Recta,2023,0.642073
010115,Amazonas,Montevideo,2023,0.117383
010114,Amazonas,Molinopampa,2023,0.216006
010503,Amazonas,Cocabamba,2023,0.126982
060809,Cajamarca,Sallique,2023,0.168722
010120,Amazonas,Soloco,2023,0.222382
010521,Amazonas,Santo Tomas,2023,0.328527
100113,Huanuco,San Pablo De Pillao,2023,0.173237
010602,Amazonas,Chirimoto,2023,0.281023
100603,Huanuco,Hermilio Valdizan,2023,0.173272
010111,Amazonas,Levanto,2023,0.224821
010518,Amazonas,San Jeronimo,2023,0.340578
010609,Amazonas,Omia,2023,0.172326
100902,Huanuco,Codo Del Pozuzo,2023,0.28327
010113,Amazonas,Mariscal Castilla,2023,0.218751
220101,San Martin,Moyobamba,2023,0.280282
010310,Amazonas,Shipasbamba,2023,0.244344
100103,Huanuco,Chinchao,2023,0.164168
010311,Amazonas,Valera,2023,0.142587
060907,Cajamarca,Tabaconas,2023,0.230458
160112,Loreto,Belen,2023,0.33037
200307,Piura,Sondor,2023,0.237668
220803,San Martin,Elias Soplin Vargas,2023,0.300181
010506,Amazonas,Inguilpata,2023,0.265558
220506,San Martin,Pinto Recodo,2023,0.223165
120303,Junin,Pichanaqui,2023,0.344054
010202,Amazonas,Aramango,2023,0.207996
010606,Amazonas,Longar,2023,0.266696
160101,Loreto,Iquitos,2023,0.358483
010507,Amazonas,Longuita,2023,0.361419
221001,San Martin,Tocache,2023,0.3416
010511,Amazonas,Maria,2023,0.169543
080901,Cusco,Santa Ana,2023,0.300403
120302,Junin,Perene,2023,0.387006
050409,Ayacucho,Canayre,2023,0.269716
221002,San Martin,Nuevo Progreso,2023,0.29838
200303,Piura,El Carmen De La Frontera,2023,0.207098
100609,Huanuco,Pueblo Nuevo,2023,0.286506
080903,Cusco,Huayopata,2023,0.172229
010604,Amazonas,Huambo,2023,0.765131
100505,Huanuco,Jircan,2023,0.051371
010512,Amazonas,Ocalli,2023,0.225138
010101,Amazonas,Chachapoyas,2023,0.251264
060903,Cajamarca,Huarango,2023,0.29722
010116,Amazonas,Olleros,2023,0.092241
010605,Amazonas,Limabamba,2023,0.183848
100804,Huanuco,Umari,2023,0.349023
220504,San Martin,Caynarachi,2023,0.223149
080905,Cusco,Ocobamba,2023,0.210578
010517,Amazonas,San Francisco Del Yeso,2023,0.320181
120609,Junin,Vizcatán Del Ene,2023,0.220735
060807,Cajamarca,Pomahuaca,2023,0.204784
010304,Amazonas,Corosha,2023,0.159941
221005,San Martin,Uchiza,2023,0.41747
220807,San Martin,San Fernando,2023,0.788258
050512,Ayacucho,Union Progreso,2023,0.818986
060804,Cajamarca,Colasay,2023,0.474183
160503,Loreto,Capelo,2023,0.151332
220910,San Martin,Morales,2023,0.737976
120604,Junin,Mazamari,2023,0.213557
120603,Junin,Llaylla,2023,0.24549
010520,Amazonas,Santa Catalina,2023,0.207954
010603,Amazonas,Cochamal,2023,0.142439
120209,Junin,Mariscal Castilla,2023,0.208069
010601,Amazonas,San Nicolas,2023,0.227894
010519,Amazonas,San Juan De Lopecancha,2023,0.394877
160211,Loreto,Teniente Cesar Lopez Rojas,2023,0.223255
080408,Cusco,Yanatile,2023,0.189549
050408,Ayacucho,Llochegua,2023,0.274941
100507,Huanuco,Monzon,2023,0.138312
081304,Cusco,Machupicchu,2023,0.08526
220909,San Martin,La Banda De Shilcayo,2023,0.244546
220103,San Martin,Habana,2023,0.872726
100606,Huanuco,Mariano Damaso Beraun,2023,0.144176
010508,Amazonas,Lonya Chico,2023,0.292379
170102,Madre De Dios,Inambari,2023,0.058523
050502,Ayacucho,Anco,2023,0.184784
010523,Amazonas,Trita,2023,0.684117
010516,Amazonas,San Cristobal,2023,0.442301
080918,Cusco,Union Ashaninka,2023,0.21293
221006,San Martin,Santa Lucia,2023,0.778974
100702,Huanuco,Cholon,2023,0.145356
211205,Puno,Phara,2023,0.028654
170204,Madre De Dios,Huepetuhe,2023,0.029326
010302,Amazonas,Chisquilla,2023,0.051818
050507,Ayacucho,Santa Rosa,2023,0.338924
220804,San Martin,Nueva Cajamarca,2023,0.353704
220809,San Martin,Yuracyacu,2023,0.812428
160603,Loreto,Padre Marquez,2023,0.091287
010522,Amazonas,Tingo,2023,0.350245
080906,Cusco,Quellouno,2023,0.205195
010301,Amazonas,Jumbilla,2023,0.226339
080917,Cusco,Manitea,2023,0.194996
250305,Ucayali,Alexander Von Humboldt,2024,0.807098
220509,San Martin,Shanao,2024,0.511896
250304,Ucayali,Neshuya,2024,0.753004
220501,San Martin,Lamas,2024,0.530197
220902,San Martin,Alberto Leveau,2024,0.387343
250102,Ucayali,Campoverde,2024,0.818359
220702,San Martin,Buenos Aires,2024,0.647938
220502,San Martin,Alonso De Alvarado,2024,0.496507
220404,San Martin,Piscoyacu,2024,0.643151
220708,San Martin,Shamboyacu,2024,0.497717
220204,San Martin,Huallaga,2024,0.542563
220605,San Martin,Pajarillo,2024,0.687159
010703,Amazonas,Cumba,2024,0.461232
220704,San Martin,Pilluana,2024,0.460062
220104,San Martin,Jepelacio,2024,0.573903
220505,San Martin,Cuñumbuqui,2024,0.679292
220507,San Martin,Rumisapa,2024,0.74384
220913,San Martin,Sauce,2024,0.326673
010608,Amazonas,Milpuc,2024,0.516497
220405,San Martin,Sacanche,2024,0.669107
220709,San Martin,Tingo De Ponasa,2024,0.544915
220304,San Martin,Santa Rosa,2024,0.684723
100903,Huanuco,Honoria,2024,0.55779
220203,San Martin,Bajo Biavo,2024,0.513617
220710,San Martin,Tres Unidos,2024,0.388783
220510,San Martin,Tabalosos,2024,0.439612
100904,Huanuco,Tournavista,2024,0.49794
010701,Amazonas,Bagua Grande,2024,0.433289
220701,San Martin,Picota,2024,0.552246
220403,San Martin,El Eslabon,2024,0.626614
250105,Ucayali,Yarinacocha,2024,0.678208
220914,San Martin,Shapaja,2024,0.30932
010707,Amazonas,Yamon,2024,0.421094
010705,Amazonas,Jamalca,2024,0.338498
220205,San Martin,San Pablo,2024,0.737161
220705,San Martin,Pucacaca,2024,0.497638
220601,San Martin,Juanjui,2024,0.532061
100905,Huanuco,Yuyapichis,2024,0.443117
100608,Huanuco,Castillo Grande,2024,0.42528
220302,San Martin,Agua Blanca,2024,0.704368
250306,Ucayali,Huipoca,2024,0.386044
010611,Amazonas,Totora,2024,0.593353
010706,Amazonas,Lonya Grande,2024,0.33863
220706,San Martin,San Cristobal,2024,0.468642
010303,Amazonas,Churuja,2024,0.167296
220301,San Martin,San Jose De Sisa,2024,0.687601
010204,Amazonas,El Parco,2024,0.703388
010306,Amazonas,Florida,2024,0.434062
220303,San Martin,San Martin,2024,0.325929
220106,San Martin,Yantalo,2024,0.608879
220305,San Martin,Shatoja,2024,0.67994
010104,Amazonas,Cheto,2024,0.254369
160201,Loreto,Yurimaguas,2024,0.39949
060901,Cajamarca,San Ignacio,2024,0.577132
220511,San Martin,Zapatero,2024,0.808812
060811,Cajamarca,San Jose Del Alto,2024,0.452044
010206,Amazonas,La Peca,2024,0.639886
220401,San Martin,Saposoa,2024,0.419882
060902,Cajamarca,Chirinos,2024,0.492704
220908,San Martin,Juan Guerra,2024,0.649397
060904,Cajamarca,La Coipa,2024,0.509227
220808,San Martin,Yorongos,2024,0.565366
120607,Junin,Rio Negro,2024,0.531395
060812,Cajamarca,Santa Rosa,2024,0.624576
250106,Ucayali,Nueva Requena,2024,0.39774
220802,San Martin,Awajun,2024,0.409605
250302,Ucayali,Irazola,2024,0.370469
010109,Amazonas,La Jalca,2024,0.298787
220906,San Martin,El Porvenir,2024,0.377862
220707,San Martin,San Hilarion,2024,0.641422
220806,San Martin,Posic,2024,0.516517
220406,San Martin,Tingo De Saposoa,2024,0.624917
100901,Huanuco,Puerto Inca,2024,0.380047
010105,Amazonas,Chiliquin,2024,0.170235
220105,San Martin,Soritor,2024,0.324615
220201,San Martin,Bellavista,2024,0.748143
060803,Cajamarca,Chontali,2024,0.311686
100605,Huanuco,Luyando,2024,0.569728
010307,Amazonas,Jazan,2024,0.411685
010502,Amazonas,Camporredondo,2024,0.334302
010515,Amazonas,Providencia,2024,0.221857
010102,Amazonas,Asuncion,2024,0.362351
010510,Amazonas,Luya Viejo,2024,0.269852
100601,Huanuco,Rupa-Rupa,2024,0.35018
010514,Amazonas,Pisuquia,2024,0.204712
060810,Cajamarca,San Felipe,2024,0.127559
010305,Amazonas,Cuispes,2024,0.222937
060905,Cajamarca,Namballe,2024,0.312297
010119,Amazonas,San Isidro De Maino,2024,0.155521
060801,Cajamarca,Jaen,2024,0.464931
010513,Amazonas,Ocumal,2024,0.330165
220912,San Martin,San Antonio,2024,0.256889
220903,San Martin,Cacatachi,2024,0.792724
120602,Junin,Coviriali,2024,0.428052
120304,Junin,San Luis De Shuaro,2024,0.389377
120601,Junin,Satipo,2024,0.359054
010203,Amazonas,Copallin,2024,0.461621
010112,Amazonas,Magdalena,2024,0.168898
220102,San Martin,Calzada,2024,0.732137
060805,Cajamarca,Huabal,2024,0.808097
010610,Amazonas,Santa Rosa,2024,0.54786
220503,San Martin,Barranquita,2024,0.359214
220801,San Martin,Rioja,2024,0.598858
220703,San Martin,Caspisapa,2024,0.517777
080904,Cusco,Maranura,2024,0.283893
010117,Amazonas,Quinjalca,2024,0.352805
250303,Ucayali,Curimana,2024,0.328473
010308,Amazonas,Recta,2024,0.641946
010115,Amazonas,Montevideo,2024,0.132133
010114,Amazonas,Molinopampa,2024,0.217741
010503,Amazonas,Cocabamba,2024,0.130431
060809,Cajamarca,Sallique,2024,0.164175
010120,Amazonas,Soloco,2024,0.226866
010521,Amazonas,Santo Tomas,2024,0.337129
100113,Huanuco,San Pablo De Pillao,2024,0.175894
010602,Amazonas,Chirimoto,2024,0.289961
100603,Huanuco,Hermilio Valdizan,2024,0.186551
010111,Amazonas,Levanto,2024,0.229182
010518,Amazonas,San Jeronimo,2024,0.342045
010609,Amazonas,Omia,2024,0.176404
100902,Huanuco,Codo Del Pozuzo,2024,0.30418
010113,Amazonas,Mariscal Castilla,2024,0.233871
220101,San Martin,Moyobamba,2024,0.287319
010310,Amazonas,Shipasbamba,2024,0.242783
100103,Huanuco,Chinchao,2024,0.169908
010311,Amazonas,Valera,2024,0.144103
060907,Cajamarca,Tabaconas,2024,0.237067
160112,Loreto,Belen,2024,0.327863
200307,Piura,Sondor,2024,0.238849
220803,San Martin,Elias Soplin Vargas,2024,0.313781
010506,Amazonas,Inguilpata,2024,0.268559
220506,San Martin,Pinto Recodo,2024,0.232508
120303,Junin,Pichanaqui,2024,0.350172
010202,Amazonas,Aramango,2024,0.205454
010606,Amazonas,Longar,2024,0.26914
160101,Loreto,Iquitos,2024,0.354644
010507,Amazonas,Longuita,2024,0.36913
221001,San Martin,Tocache,2024,0.348872
010511,Amazonas,Maria,2024,0.174002
080901,Cusco,Santa Ana,2024,0.308305
120302,Junin,Perene,2024,0.39821
050409,Ayacucho,Canayre,2024,0.275066
221002,San Martin,Nuevo Progreso,2024,0.303144
200303,Piura,El Carmen De La Frontera,2024,0.211585
100609,Huanuco,Pueblo Nuevo,2024,0.299743
080903,Cusco,Huayopata,2024,0.17712
010604,Amazonas,Huambo,2024,0.768119
100505,Huanuco,Jircan,2024,0.052236
010512,Amazonas,Ocalli,2024,0.230398
010101,Amazonas,Chachapoyas,2024,0.252233
060903,Cajamarca,Huarango,2024,0.300738
010116,Amazonas,Olleros,2024,0.091258
010605,Amazonas,Limabamba,2024,0.190661
100804,Huanuco,Umari,2024,0.333578
220504,San Martin,Caynarachi,2024,0.237486
080905,Cusco,Ocobamba,2024,0.217176
010517,Amazonas,San Francisco Del Yeso,2024,0.327884
120609,Junin,Vizcatán Del Ene,2024,0.223854
060807,Cajamarca,Pomahuaca,2024,0.207018
010304,Amazonas,Corosha,2024,0.158042
221005,San Martin,Uchiza,2024,0.423308
220807,San Martin,San Fernando,2024,0.768954
050512,Ayacucho,Union Progreso,2024,0.81484
060804,Cajamarca,Colasay,2024,0.478146
160503,Loreto,Capelo,2024,0.151982
220910,San Martin,Morales,2024,0.749632
120604,Junin,Mazamari,2024,0.23577
120603,Junin,Llaylla,2024,0.248067
010520,Amazonas,Santa Catalina,2024,0.211173
010603,Amazonas,Cochamal,2024,0.145266
120209,Junin,Mariscal Castilla,2024,0.188995
010601,Amazonas,San Nicolas,2024,0.230434
010519,Amazonas,San Juan De Lopecancha,2024,0.408025
160211,Loreto,Teniente Cesar Lopez Rojas,2024,0.241971
080408,Cusco,Yanatile,2024,0.192066
050408,Ayacucho,Llochegua,2024,0.277644
100507,Huanuco,Monzon,2024,0.143591
081304,Cusco,Machupicchu,2024,0.086849
220909,San Martin,La Banda De Shilcayo,2024,0.246821
220103,San Martin,Habana,2024,0.853525
100606,Huanuco,Mariano Damaso Beraun,2024,0.15511
010508,Amazonas,Lonya Chico,2024,0.294413
170102,Madre De Dios,Inambari,2024,0.074916
050502,Ayacucho,Anco,2024,0.188037
010523,Amazonas,Trita,2024,0.686343
010516,Amazonas,San Cristobal,2024,0.44743
080918,Cusco,Union Ashaninka,2024,0.201664
221006,San Martin,Santa Lucia,2024,0.782579
100702,Huanuco,Cholon,2024,0.148907
211205,Puno,Phara,2024,0.027783
170204,Madre De Dios,Huepetuhe,2024,0.044093
010302,Amazonas,Chisquilla,2024,0.051884
050507,Ayacucho,Santa Rosa,2024,0.336857
220804,San Martin,Nueva Cajamarca,2024,0.356055
220809,San Martin,Yuracyacu,2024,0.810766
160603,Loreto,Padre Marquez,2024,0.121596
010522,Amazonas,Tingo,2024,0.36144
080906,Cusco,Quellouno,2024,0.20832
010301,Amazonas,Jumbilla,2024,0.227427
080917,Cusco,Manitea,2024,0.194011
