modelo,window_size,canales_conv,kernel_size,activacion,dropout,tamanio_denso,epocas,lr,lote,rmse_train,mae_train,rmse_test,mae_test,gap_rmse,gap_mae,ratio_rmse,ratio_mae
CNN_w6_c32_k2_actrelu_d0.0_dense16_e50_lr0.001_b8,6,[32],2,relu,0.0,16,50,0.001,8,0.010301,0.007999,0.010912,0.00774,0.00061,-0.000259,1.059263,0.967589
CNN_w6_c16_k2_actrelu_d0.0_dense32_e50_lr0.001_b8,6,[16],2,relu,0.0,32,50,0.001,8,0.010028,0.007692,0.010979,0.007711,0.000951,2e-05,1.094871,1.002556
CNN_w6_c16_k3_actrelu_d0.0_dense16_e50_lr0.001_b8,6,[16],3,relu,0.0,16,50,0.001,8,0.010578,0.008193,0.011001,0.007771,0.000423,-0.000422,1.040023,0.948533
CNN_w6_c32_k3_actrelu_d0.0_dense16_e50_lr0.001_b8,6,[32],3,relu,0.0,16,50,0.001,8,0.010033,0.0077,0.011012,0.007775,0.000979,7.4e-05,1.097529,1.009673
CNN_w6_c16_k3_actrelu_d0.0_dense32_e50_lr0.001_b8,6,[16],3,relu,0.0,32,50,0.001,8,0.010224,0.007837,0.011024,0.007708,0.000799,-0.000128,1.078177,0.983619
CNN_w6_c32_k3_actrelu_d0.0_dense16_e50_lr0.001_b16,6,[32],3,relu,0.0,16,50,0.001,16,0.010345,0.008012,0.011032,0.007818,0.000687,-0.000194,1.066393,0.975824
CNN_w6_c32_k2_actleaky_relu_d0.0_dense16_e50_lr0.001_b8,6,[32],2,leaky_relu,0.0,16,50,0.001,8,0.010135,0.007829,0.011035,0.007799,0.000901,-3e-05,1.088872,0.996173
CNN_w6_c32_k2_actrelu_d0.0_dense32_e50_lr0.001_b8,6,[32],2,relu,0.0,32,50,0.001,8,0.010099,0.007817,0.011051,0.00778,0.000952,-3.7e-05,1.094292,0.99525
CNN_w6_c32_k2_actleaky_relu_d0.0_dense32_e50_lr0.001_b8,6,[32],2,leaky_relu,0.0,32,50,0.001,8,0.009725,0.00746,0.011065,0.007836,0.001339,0.000375,1.137708,1.050325
CNN_w6_c16_k2_actleaky_relu_d0.0_dense32_e50_lr0.001_b8,6,[16],2,leaky_relu,0.0,32,50,0.001,8,0.010089,0.00773,0.011075,0.007892,0.000986,0.000162,1.097731,1.02092
CNN_w6_c16_k3_actleaky_relu_d0.0_dense16_e50_lr0.0005_b8,6,[16],3,leaky_relu,0.0,16,50,0.0005,8,0.009867,0.0075,0.011092,0.007957,0.001226,0.000457,1.124227,1.060989
CNN_w6_c32_k3_actrelu_d0.0_dense32_e50_lr0.0005_b8,6,[32],3,relu,0.0,32,50,0.0005,8,0.010276,0.007926,0.011109,0.007921,0.000833,-5e-06,1.081051,0.999379
CNN_w6_c16x32_k2_actleaky_relu_d0.0_dense16_e50_lr0.001_b8,6,"[16, 32]",2,leaky_relu,0.0,16,50,0.001,8,0.010442,0.008101,0.011139,0.007868,0.000698,-0.000233,1.066831,0.97124
CNN_w6_c32_k3_actleaky_relu_d0.0_dense32_e50_lr0.0005_b8,6,[32],3,leaky_relu,0.0,32,50,0.0005,8,0.009743,0.007428,0.011164,0.00786,0.00142,0.000432,1.145782,1.058214
CNN_w6_c32_k3_actleaky_relu_d0.0_dense32_e50_lr0.001_b16,6,[32],3,leaky_relu,0.0,32,50,0.001,16,0.010657,0.008297,0.011186,0.007946,0.000529,-0.000351,1.049655,0.957736
CNN_w6_c16_k3_actleaky_relu_d0.0_dense32_e50_lr0.001_b8,6,[16],3,leaky_relu,0.0,32,50,0.001,8,0.009778,0.007421,0.01121,0.007837,0.001432,0.000417,1.146477,1.056135
CNN_w6_c16x32_k3_actleaky_relu_d0.0_dense16_e50_lr0.001_b8,6,"[16, 32]",3,leaky_relu,0.0,16,50,0.001,8,0.009671,0.007276,0.011211,0.0078,0.00154,0.000524,1.1592,1.071985
CNN_w6_c32_k3_actrelu_d0.0_dense32_e50_lr0.001_b8,6,[32],3,relu,0.0,32,50,0.001,8,0.009854,0.007516,0.01123,0.007828,0.001376,0.000312,1.139635,1.041523
CNN_w6_c16_k2_actrelu_d0.0_dense16_e50_lr0.001_b8,6,[16],2,relu,0.0,16,50,0.001,8,0.010041,0.007656,0.011233,0.007932,0.001192,0.000276,1.118747,1.036081
CNN_w6_c32_k3_actleaky_relu_d0.0_dense16_e50_lr0.001_b8,6,[32],3,leaky_relu,0.0,16,50,0.001,8,0.009673,0.007266,0.011242,0.007845,0.001569,0.00058,1.162164,1.079772
CNN_w6_c32_k3_actrelu_d0.0_dense32_e50_lr0.001_b16,6,[32],3,relu,0.0,32,50,0.001,16,0.011095,0.008708,0.011254,0.008051,0.000159,-0.000657,1.014344,0.924547
CNN_w6_c16x32_k2_actrelu_d0.0_dense16_e50_lr0.001_b8,6,"[16, 32]",2,relu,0.0,16,50,0.001,8,0.010467,0.008146,0.011291,0.007842,0.000824,-0.000304,1.078741,0.96266
CNN_w6_c16_k3_actleaky_relu_d0.0_dense16_e50_lr0.001_b16,6,[16],3,leaky_relu,0.0,16,50,0.001,16,0.010461,0.008076,0.011303,0.007977,0.000842,-9.9e-05,1.080482,0.987725
CNN_w6_c32_k3_actrelu_d0.0_dense16_e50_lr0.0005_b8,6,[32],3,relu,0.0,16,50,0.0005,8,0.010325,0.007966,0.011314,0.00806,0.00099,9.4e-05,1.095842,1.011738
CNN_w6_c32_k3_actleaky_relu_d0.0_dense32_e50_lr0.001_b8,6,[32],3,leaky_relu,0.0,32,50,0.001,8,0.009826,0.007412,0.011329,0.008009,0.001503,0.000597,1.153,1.080559
CNN_w6_c32_k3_actleaky_relu_d0.0_dense32_e50_lr0.0005_b16,6,[32],3,leaky_relu,0.0,32,50,0.0005,16,0.009759,0.007371,0.011368,0.00804,0.00161,0.000669,1.16496,1.090694
CNN_w6_c16x32_k3_actrelu_d0.0_dense16_e50_lr0.001_b8,6,"[16, 32]",3,relu,0.0,16,50,0.001,8,0.009895,0.007512,0.011377,0.007747,0.001482,0.000234,1.149825,1.031165
CNN_w6_c32_k3_actleaky_relu_d0.0_dense16_e50_lr0.0005_b8,6,[32],3,leaky_relu,0.0,16,50,0.0005,8,0.010497,0.008168,0.011383,0.008151,0.000887,-1.6e-05,1.084459,0.998005
CNN_w6_c16_k3_actrelu_d0.0_dense16_e50_lr0.0005_b8,6,[16],3,relu,0.0,16,50,0.0005,8,0.00974,0.007348,0.01143,0.008265,0.00169,0.000918,1.173539,1.124872
CNN_w6_c16x32_k3_actleaky_relu_d0.0_dense32_e50_lr0.001_b8,6,"[16, 32]",3,leaky_relu,0.0,32,50,0.001,8,0.009407,0.007065,0.011434,0.008033,0.002027,0.000968,1.215478,1.137019
CNN_w6_c16_k3_actrelu_d0.0_dense16_e50_lr0.001_b16,6,[16],3,relu,0.0,16,50,0.001,16,0.010607,0.008232,0.011435,0.008023,0.000828,-0.000209,1.078042,0.974602
CNN_w6_c16_k3_actleaky_relu_d0.0_dense32_e50_lr0.0005_b8,6,[16],3,leaky_relu,0.0,32,50,0.0005,8,0.009965,0.007617,0.011473,0.00813,0.001508,0.000512,1.151375,1.067281
CNN_w6_c16x32_k3_actrelu_d0.0_dense32_e50_lr0.001_b8,6,"[16, 32]",3,relu,0.0,32,50,0.001,8,0.009353,0.007057,0.011473,0.008273,0.00212,0.001216,1.226612,1.172241
CNN_w6_c16x32_k3_actrelu_d0.0_dense16_e50_lr0.0005_b8,6,"[16, 32]",3,relu,0.0,16,50,0.0005,8,0.010117,0.007767,0.011475,0.00813,0.001358,0.000363,1.134247,1.046776
CNN_w6_c32_k2_actrelu_d0.0_dense16_e50_lr0.001_b16,6,[32],2,relu,0.0,16,50,0.001,16,0.01054,0.008217,0.011491,0.008188,0.000951,-2.8e-05,1.090232,0.996573
CNN_w6_c32_k3_actleaky_relu_d0.0_dense16_e50_lr0.001_b16,6,[32],3,leaky_relu,0.0,16,50,0.001,16,0.010352,0.007995,0.011503,0.008293,0.001151,0.000298,1.111186,1.037318
CNN_w6_c16_k3_actrelu_d0.0_dense32_e50_lr0.001_b16,6,[16],3,relu,0.0,32,50,0.001,16,0.010116,0.007707,0.011506,0.007945,0.00139,0.000238,1.137379,1.030869
CNN_w6_c16x32_k3_actleaky_relu_d0.0_dense32_e50_lr0.0005_b8,6,"[16, 32]",3,leaky_relu,0.0,32,50,0.0005,8,0.009862,0.007569,0.011516,0.008043,0.001654,0.000474,1.16769,1.062635
CNN_w6_c16_k3_actleaky_relu_d0.0_dense32_e50_lr0.001_b16,6,[16],3,leaky_relu,0.0,32,50,0.001,16,0.010325,0.007905,0.011526,0.008086,0.001201,0.000181,1.116335,1.022935
CNN_w6_c16x32_k3_actrelu_d0.0_dense32_e50_lr0.0005_b8,6,"[16, 32]",3,relu,0.0,32,50,0.0005,8,0.010217,0.007913,0.011528,0.008036,0.001311,0.000123,1.12831,1.015589
CNN_w6_c16_k2_actleaky_relu_d0.0_dense32_e50_lr0.0005_b8,6,[16],2,leaky_relu,0.0,32,50,0.0005,8,0.00991,0.00754,0.011534,0.0082,0.001624,0.00066,1.163907,1.087518
CNN_w6_c16_k2_actleaky_relu_d0.0_dense32_e50_lr0.001_b16,6,[16],2,leaky_relu,0.0,32,50,0.001,16,0.01086,0.008539,0.011565,0.008496,0.000705,-4.3e-05,1.064872,0.994973
CNN_w6_c16_k3_actleaky_relu_d0.0_dense16_e50_lr0.001_b8,6,[16],3,leaky_relu,0.0,16,50,0.001,8,0.010051,0.007644,0.011566,0.008235,0.001515,0.000591,1.150718,1.077266
CNN_w6_c32_k3_actleaky_relu_d0.0_dense16_e50_lr0.0005_b16,6,[32],3,leaky_relu,0.0,16,50,0.0005,16,0.009954,0.00757,0.011573,0.008213,0.001619,0.000643,1.162596,1.084928
CNN_w6_c16x32_k2_actrelu_d0.0_dense32_e50_lr0.001_b8,6,"[16, 32]",2,relu,0.0,32,50,0.001,8,0.00985,0.00753,0.011573,0.00824,0.001723,0.00071,1.174948,1.094285
CNN_w6_c16_k3_actleaky_relu_d0.0_dense16_e50_lr0.0005_b16,6,[16],3,leaky_relu,0.0,16,50,0.0005,16,0.009506,0.007073,0.011577,0.008302,0.002071,0.001228,1.217902,1.173634
CNN_w6_c16x32_k3_actleaky_relu_d0.0_dense16_e50_lr0.0005_b8,6,"[16, 32]",3,leaky_relu,0.0,16,50,0.0005,8,0.010077,0.007745,0.011613,0.0081,0.001536,0.000356,1.152424,1.045929
CNN_w6_c32_k3_actrelu_d0.0_dense16_e50_lr0.0005_b16,6,[32],3,relu,0.0,16,50,0.0005,16,0.009806,0.007439,0.011618,0.00815,0.001812,0.000711,1.184808,1.0956
CNN_w6_c32_k2_actrelu_d0.0_dense32_e50_lr0.0005_b8,6,[32],2,relu,0.0,32,50,0.0005,8,0.010033,0.007714,0.01162,0.008176,0.001587,0.000462,1.158164,1.059856
CNN_w6_c32_k3_actrelu_d0.0_dense32_e50_lr0.0005_b16,6,[32],3,relu,0.0,32,50,0.0005,16,0.009768,0.007369,0.01164,0.00821,0.001872,0.00084,1.191593,1.114055
CNN_w6_c16_k3_actrelu_d0.0_dense32_e50_lr0.0005_b8,6,[16],3,relu,0.0,32,50,0.0005,8,0.010033,0.007688,0.01164,0.008258,0.001608,0.00057,1.160236,1.074209
CNN_w6_c32_k2_actrelu_d0.0_dense16_e50_lr0.0005_b8,6,[32],2,relu,0.0,16,50,0.0005,8,0.009898,0.00751,0.011647,0.008214,0.00175,0.000704,1.176797,1.093813
CNN_w6_c32_k2_actleaky_relu_d0.0_dense16_e50_lr0.001_b16,6,[32],2,leaky_relu,0.0,16,50,0.001,16,0.010709,0.008339,0.011652,0.008377,0.000943,3.8e-05,1.088076,1.004539
CNN_w6_c16x32_k3_actrelu_d0.0_dense16_e50_lr0.0005_b16,6,"[16, 32]",3,relu,0.0,16,50,0.0005,16,0.010208,0.007812,0.011656,0.008405,0.001448,0.000593,1.141851,1.075943
CNN_w6_c16_k2_actrelu_d0.0_dense32_e50_lr0.0005_b8,6,[16],2,relu,0.0,32,50,0.0005,8,0.009627,0.007219,0.011698,0.008388,0.002071,0.001168,1.215121,1.161831
CNN_w6_c16x32_k2_actleaky_relu_d0.0_dense32_e50_lr0.001_b8,6,"[16, 32]",2,leaky_relu,0.0,32,50,0.001,8,0.0102,0.007898,0.011707,0.008437,0.001507,0.000538,1.147733,1.068178
CNN_w6_c32_k2_actrelu_d0.0_dense16_e50_lr0.0005_b16,6,[32],2,relu,0.0,16,50,0.0005,16,0.009528,0.007037,0.01173,0.008259,0.002203,0.001222,1.231183,1.173598
CNN_w6_c16_k2_actleaky_relu_d0.0_dense16_e50_lr0.001_b8,6,[16],2,leaky_relu,0.0,16,50,0.001,8,0.010059,0.007723,0.01173,0.008472,0.001671,0.00075,1.166092,1.097074
CNN_w6_c32_k2_actleaky_relu_d0.0_dense16_e50_lr0.0005_b8,6,[32],2,leaky_relu,0.0,16,50,0.0005,8,0.010034,0.007636,0.011741,0.008325,0.001707,0.000689,1.170103,1.09018
CNN_w6_c32_k2_actleaky_relu_d0.0_dense32_e50_lr0.0005_b8,6,[32],2,leaky_relu,0.0,32,50,0.0005,8,0.01049,0.008153,0.011768,0.008379,0.001278,0.000226,1.121849,1.027779
CNN_w6_c16_k2_actrelu_d0.0_dense32_e50_lr0.001_b16,6,[16],2,relu,0.0,32,50,0.001,16,0.010131,0.007815,0.011788,0.008461,0.001657,0.000646,1.163576,1.082634
CNN_w6_c16_k2_actrelu_d0.0_dense16_e50_lr0.0005_b8,6,[16],2,relu,0.0,16,50,0.0005,8,0.009645,0.007145,0.011793,0.008263,0.002148,0.001118,1.222725,1.156435
CNN_w6_c16x32_k3_actrelu_d0.0_dense32_e50_lr0.001_b16,6,"[16, 32]",3,relu,0.0,32,50,0.001,16,0.011167,0.00873,0.011795,0.0085,0.000628,-0.00023,1.0562,0.973647
CNN_w6_c16_k2_actleaky_relu_d0.0_dense16_e50_lr0.001_b16,6,[16],2,leaky_relu,0.0,16,50,0.001,16,0.009836,0.007458,0.011804,0.008352,0.001968,0.000894,1.200054,1.119903
CNN_w6_c16_k2_actleaky_relu_d0.0_dense16_e50_lr0.0005_b8,6,[16],2,leaky_relu,0.0,16,50,0.0005,8,0.00962,0.007101,0.011813,0.008391,0.002193,0.00129,1.227937,1.181613
CNN_w6_c32_k2_actrelu_d0.0_dense32_e50_lr0.001_b16,6,[32],2,relu,0.0,32,50,0.001,16,0.010555,0.008134,0.011819,0.008498,0.001264,0.000364,1.119738,1.044781
CNN_w6_c16_k3_actrelu_d0.0_dense16_e50_lr0.0005_b16,6,[16],3,relu,0.0,16,50,0.0005,16,0.009381,0.006953,0.011823,0.008472,0.002441,0.001519,1.260241,1.218471
CNN_w6_c16x32_k3_actleaky_relu_d0.0_dense32_e50_lr0.001_b16,6,"[16, 32]",3,leaky_relu,0.0,32,50,0.001,16,0.010482,0.008125,0.011831,0.008488,0.001349,0.000363,1.128653,1.044658
CNN_w5_c16_k2_actrelu_d0.0_dense16_e50_lr0.0005_b16,5,[16],2,relu,0.0,16,50,0.0005,16,0.009545,0.007039,0.011835,0.008603,0.002291,0.001564,1.239979,1.222122
CNN_w6_c16_k3_actrelu_d0.0_dense32_e50_lr0.0005_b16,6,[16],3,relu,0.0,32,50,0.0005,16,0.009224,0.006764,0.011844,0.008551,0.00262,0.001788,1.284049,1.264317
CNN_w6_c16x32_k2_actleaky_relu_d0.0_dense16_e50_lr0.0005_b8,6,"[16, 32]",2,leaky_relu,0.0,16,50,0.0005,8,0.009546,0.007119,0.011847,0.008411,0.002301,0.001293,1.241015,1.181595
CNN_w6_c16x32_k3_actleaky_relu_d0.0_dense16_e50_lr0.0005_b16,6,"[16, 32]",3,leaky_relu,0.0,16,50,0.0005,16,0.010257,0.007897,0.011849,0.008551,0.001592,0.000654,1.155212,1.082808
CNN_w6_c16x32_k3_actleaky_relu_d0.0_dense16_e50_lr0.001_b16,6,"[16, 32]",3,leaky_relu,0.0,16,50,0.001,16,0.010758,0.008313,0.011877,0.00851,0.001119,0.000197,1.104032,1.023745
CNN_w6_c32_k2_actleaky_relu_d0.0_dense32_e50_lr0.001_b16,6,[32],2,leaky_relu,0.0,32,50,0.001,16,0.010863,0.008413,0.011877,0.008664,0.001014,0.000251,1.093345,1.029858
CNN_w6_c16x32_k2_actleaky_relu_d0.0_dense16_e50_lr0.001_b16,6,"[16, 32]",2,leaky_relu,0.0,16,50,0.001,16,0.011272,0.008862,0.011878,0.008688,0.000606,-0.000175,1.053769,0.980309
CNN_w6_c16_k3_actleaky_relu_d0.0_dense32_e50_lr0.0005_b16,6,[16],3,leaky_relu,0.0,32,50,0.0005,16,0.009467,0.007029,0.011913,0.008519,0.002445,0.00149,1.258282,1.211951
CNN_w6_c32_k2_actleaky_relu_d0.0_dense16_e50_lr0.0005_b16,6,[32],2,leaky_relu,0.0,16,50,0.0005,16,0.009429,0.00701,0.011934,0.008504,0.002505,0.001494,1.265681,1.213192
CNN_w6_c16x32_k2_actrelu_d0.0_dense32_e50_lr0.0005_b16,6,"[16, 32]",2,relu,0.0,32,50,0.0005,16,0.009483,0.007006,0.011983,0.008428,0.002499,0.001422,1.263555,1.202917
CNN_w6_c16_k2_actrelu_d0.0_dense16_e50_lr0.001_b16,6,[16],2,relu,0.0,16,50,0.001,16,0.00986,0.007457,0.011986,0.008457,0.002126,0.001,1.215659,1.134058
CNN_w5_c16_k2_actleaky_relu_d0.0_dense16_e50_lr0.0005_b16,5,[16],2,leaky_relu,0.0,16,50,0.0005,16,0.009429,0.00697,0.012005,0.008708,0.002576,0.001738,1.273178,1.249303
CNN_w6_c16x32_k2_actleaky_relu_d0.0_dense32_e50_lr0.0005_b8,6,"[16, 32]",2,leaky_relu,0.0,32,50,0.0005,8,0.01009,0.007736,0.012014,0.008414,0.001924,0.000678,1.190708,1.087679
CNN_w6_c16x32_k2_actrelu_d0.0_dense16_e50_lr0.001_b16,6,"[16, 32]",2,relu,0.0,16,50,0.001,16,0.011377,0.008931,0.012018,0.008726,0.000641,-0.000205,1.056377,0.976999
CNN_w6_c16x32_k2_actleaky_relu_d0.0_dense16_e50_lr0.0005_b16,6,"[16, 32]",2,leaky_relu,0.0,16,50,0.0005,16,0.009491,0.006996,0.012033,0.008345,0.002542,0.001349,1.267883,1.192785
CNN_w5_c16_k2_actrelu_d0.0_dense16_e50_lr0.001_b16,5,[16],2,relu,0.0,16,50,0.001,16,0.009365,0.006808,0.012046,0.008679,0.002681,0.001871,1.286295,1.274811
CNN_w5_c32_k2_actrelu_d0.0_dense16_e50_lr0.0005_b16,5,[32],2,relu,0.0,16,50,0.0005,16,0.009177,0.00663,0.012079,0.008754,0.002902,0.002124,1.316198,1.320361
CNN_w6_c16_k2_actrelu_d0.0_dense32_e50_lr0.0005_b16,6,[16],2,relu,0.0,32,50,0.0005,16,0.00953,0.007025,0.012092,0.008578,0.002562,0.001554,1.268827,1.221195
CNN_w6_c16x32_k3_actleaky_relu_d0.0_dense32_e50_lr0.0005_b16,6,"[16, 32]",3,leaky_relu,0.0,32,50,0.0005,16,0.010396,0.008061,0.012102,0.008763,0.001706,0.000702,1.164138,1.087129
CNN_w5_c32_k3_actleaky_relu_d0.0_dense32_e50_lr0.0005_b16,5,[32],3,leaky_relu,0.0,32,50,0.0005,16,0.009001,0.006433,0.012108,0.008934,0.003107,0.0025,1.345195,1.388686
CNN_w6_c16x32_k3_actrelu_d0.0_dense16_e50_lr0.001_b16,6,"[16, 32]",3,relu,0.0,16,50,0.001,16,0.010447,0.008081,0.012117,0.00871,0.00167,0.000628,1.159846,1.07774
CNN_w6_c16x32_k2_actleaky_relu_d0.0_dense32_e50_lr0.0005_b16,6,"[16, 32]",2,leaky_relu,0.0,32,50,0.0005,16,0.009828,0.007399,0.012154,0.008388,0.002325,0.000989,1.236608,1.133672
CNN_w6_c16x32_k3_actrelu_d0.0_dense32_e50_lr0.0005_b16,6,"[16, 32]",3,relu,0.0,32,50,0.0005,16,0.010263,0.007918,0.012191,0.00867,0.001928,0.000752,1.187815,1.094984
CNN_w5_c32_k2_actleaky_relu_d0.0_dense16_e50_lr0.0005_b16,5,[32],2,leaky_relu,0.0,16,50,0.0005,16,0.009151,0.006605,0.012199,0.008874,0.003048,0.002269,1.333109,1.343473
CNN_w6_c16_k2_actleaky_relu_d0.0_dense32_e50_lr0.0005_b16,6,[16],2,leaky_relu,0.0,32,50,0.0005,16,0.009449,0.006963,0.012229,0.008855,0.00278,0.001891,1.294194,1.271631
CNN_w5_c32_k3_actleaky_relu_d0.0_dense16_e50_lr0.0005_b16,5,[32],3,leaky_relu,0.0,16,50,0.0005,16,0.009199,0.006598,0.01223,0.009032,0.003032,0.002434,1.329564,1.368951
CNN_w6_c16x32_k2_actrelu_d0.0_dense16_e50_lr0.0005_b8,6,"[16, 32]",2,relu,0.0,16,50,0.0005,8,0.00989,0.007504,0.012251,0.008702,0.00236,0.001198,1.238659,1.159583
CNN_w5_c16_k2_actleaky_relu_d0.0_dense16_e50_lr0.001_b8,5,[16],2,leaky_relu,0.0,16,50,0.001,8,0.009501,0.007011,0.012251,0.009111,0.00275,0.002099,1.289482,1.299431
CNN_w5_c32_k3_actleaky_relu_d0.0_dense16_e50_lr0.001_b8,5,[32],3,leaky_relu,0.0,16,50,0.001,8,0.009419,0.00691,0.012253,0.008965,0.002834,0.002055,1.300869,1.297413
CNN_w3_c32_k3_actleaky_relu_d0.0_dense16_e50_lr0.001_b8,3,[32],3,leaky_relu,0.0,16,50,0.001,8,0.010047,0.007309,0.012279,0.009257,0.002232,0.001948,1.222127,1.266547
CNN_w5_c32_k3_actrelu_d0.0_dense32_e50_lr0.0005_b16,5,[32],3,relu,0.0,32,50,0.0005,16,0.009131,0.006545,0.01228,0.008986,0.003149,0.002442,1.344873,1.373071
CNN_w6_c16x32_k2_actrelu_d0.0_dense32_e50_lr0.001_b16,6,"[16, 32]",2,relu,0.0,32,50,0.001,16,0.011438,0.008924,0.012308,0.008705,0.00087,-0.000219,1.076069,0.975507
CNN_w5_c16_k2_actleaky_relu_d0.0_dense16_e50_lr0.001_b16,5,[16],2,leaky_relu,0.0,16,50,0.001,16,0.009234,0.00667,0.012319,0.009008,0.003085,0.002338,1.334056,1.350516
CNN_w5_c32_k3_actleaky_relu_d0.0_dense16_e50_lr0.001_b16,5,[32],3,leaky_relu,0.0,16,50,0.001,16,0.009376,0.006792,0.01232,0.009084,0.002944,0.002291,1.31399,1.337319
CNN_w5_c32_k3_actleaky_relu_d0.0_dense32_e50_lr0.001_b16,5,[32],3,leaky_relu,0.0,32,50,0.001,16,0.009372,0.006796,0.012337,0.009184,0.002965,0.002388,1.316402,1.351377
CNN_w6_c32_k2_actrelu_d0.0_dense32_e50_lr0.0005_b16,6,[32],2,relu,0.0,32,50,0.0005,16,0.009447,0.007036,0.012341,0.008704,0.002894,0.001669,1.306359,1.237166
CNN_w5_c32_k3_actrelu_d0.0_dense32_e50_lr0.001_b16,5,[32],3,relu,0.0,32,50,0.001,16,0.009396,0.00688,0.012349,0.009143,0.002953,0.002263,1.314335,1.329006
CNN_w6_c16x32_k2_actleaky_relu_d0.0_dense32_e50_lr0.001_b16,6,"[16, 32]",2,leaky_relu,0.0,32,50,0.001,16,0.011234,0.008742,0.012359,0.008945,0.001125,0.000203,1.100185,1.023226
CNN_w6_c16x32_k2_actrelu_d0.0_dense32_e50_lr0.0005_b8,6,"[16, 32]",2,relu,0.0,32,50,0.0005,8,0.010009,0.007651,0.012363,0.008927,0.002354,0.001276,1.235192,1.166823
CNN_w5_c16_k3_actleaky_relu_d0.0_dense16_e50_lr0.001_b16,5,[16],3,leaky_relu,0.0,16,50,0.001,16,0.009648,0.007048,0.012381,0.009147,0.002733,0.0021,1.283241,1.297944
CNN_w3_c32_k2_actrelu_d0.0_dense32_e50_lr0.001_b8,3,[32],2,relu,0.0,32,50,0.001,8,0.009731,0.007056,0.012383,0.009171,0.002652,0.002115,1.27251,1.29981
CNN_w3_c32_k3_actrelu_d0.0_dense16_e50_lr0.0005_b8,3,[32],3,relu,0.0,16,50,0.0005,8,0.010234,0.007396,0.012403,0.009116,0.002169,0.001719,1.211951,1.232481
CNN_w5_c16_k2_actrelu_d0.0_dense16_e50_lr0.0005_b8,5,[16],2,relu,0.0,16,50,0.0005,8,0.009568,0.006995,0.012404,0.009079,0.002836,0.002084,1.296402,1.297872
CNN_w5_c32_k3_actrelu_d0.0_dense32_e50_lr0.001_b8,5,[32],3,relu,0.0,32,50,0.001,8,0.009479,0.007032,0.012422,0.009299,0.002942,0.002267,1.310376,1.322435
CNN_w5_c16_k3_actleaky_relu_d0.0_dense32_e50_lr0.001_b16,5,[16],3,leaky_relu,0.0,32,50,0.001,16,0.009319,0.006749,0.012436,0.009157,0.003117,0.002408,1.334468,1.356786
CNN_w5_c16_k2_actrelu_d0.0_dense16_e50_lr0.001_b8,5,[16],2,relu,0.0,16,50,0.001,8,0.009732,0.007073,0.012485,0.009342,0.002754,0.002269,1.282966,1.320771
CNN_w3_c16x32_k3_actrelu_d0.0_dense16_e50_lr0.001_b8,3,"[16, 32]",3,relu,0.0,16,50,0.001,8,0.009648,0.00697,0.012488,0.009266,0.00284,0.002297,1.294316,1.329525
CNN_w5_c32_k3_actrelu_d0.0_dense16_e50_lr0.0005_b16,5,[32],3,relu,0.0,16,50,0.0005,16,0.00922,0.006618,0.012489,0.009332,0.003269,0.002714,1.354599,1.410013
CNN_w7_c32_k2_actleaky_relu_d0.0_dense16_e50_lr0.001_b16,7,[32],2,leaky_relu,0.0,16,50,0.001,16,0.009365,0.006838,0.012495,0.009191,0.00313,0.002354,1.334268,1.34424
CNN_w5_c32_k3_actrelu_d0.0_dense32_e50_lr0.0005_b8,5,[32],3,relu,0.0,32,50,0.0005,8,0.009412,0.00683,0.012498,0.009392,0.003087,0.002562,1.327949,1.375195
CNN_w3_c32_k2_actleaky_relu_d0.0_dense32_e50_lr0.001_b8,3,[32],2,leaky_relu,0.0,32,50,0.001,8,0.009614,0.006943,0.0125,0.00937,0.002886,0.002427,1.300173,1.349532
CNN_w5_c16x32_k3_actleaky_relu_d0.0_dense16_e50_lr0.001_b8,5,"[16, 32]",3,leaky_relu,0.0,16,50,0.001,8,0.00954,0.007091,0.012509,0.009208,0.002969,0.002117,1.31117,1.298545
CNN_w6_c16_k2_actrelu_d0.0_dense16_e50_lr0.0005_b16,6,[16],2,relu,0.0,16,50,0.0005,16,0.009988,0.007468,0.012525,0.009099,0.002537,0.00163,1.254018,1.218266
CNN_w3_c32_k2_actleaky_relu_d0.0_dense16_e50_lr0.001_b8,3,[32],2,leaky_relu,0.0,16,50,0.001,8,0.009894,0.007185,0.012531,0.009401,0.002637,0.002216,1.266529,1.308428
CNN_w5_c16_k2_actrelu_d0.0_dense32_e50_lr0.0005_b16,5,[16],2,relu,0.0,32,50,0.0005,16,0.009376,0.006825,0.012552,0.00903,0.003176,0.002205,1.338679,1.323151
CNN_w5_c16_k3_actleaky_relu_d0.0_dense16_e50_lr0.001_b8,5,[16],3,leaky_relu,0.0,16,50,0.001,8,0.009615,0.007062,0.012553,0.009297,0.002937,0.002235,1.305472,1.316524
CNN_w3_c16x32_k3_actleaky_relu_d0.0_dense16_e50_lr0.001_b8,3,"[16, 32]",3,leaky_relu,0.0,16,50,0.001,8,0.009746,0.007086,0.012555,0.00912,0.00281,0.002034,1.288289,1.286998
CNN_w6_c16_k2_actleaky_relu_d0.0_dense16_e50_lr0.0005_b16,6,[16],2,leaky_relu,0.0,16,50,0.0005,16,0.010244,0.007723,0.012557,0.008993,0.002312,0.00127,1.225719,1.164456
CNN_w3_c32_k2_actrelu_d0.0_dense32_e50_lr0.001_b16,3,[32],2,relu,0.0,32,50,0.001,16,0.009961,0.007244,0.012558,0.009266,0.002597,0.002022,1.260724,1.279174
CNN_w3_c32_k2_actrelu_d0.0_dense16_e50_lr0.001_b8,3,[32],2,relu,0.0,16,50,0.001,8,0.009831,0.007077,0.012558,0.009366,0.002727,0.002289,1.277411,1.3235
CNN_w5_c32_k2_actleaky_relu_d0.0_dense16_e50_lr0.0005_b8,5,[32],2,leaky_relu,0.0,16,50,0.0005,8,0.009277,0.006694,0.012564,0.009272,0.003287,0.002578,1.354333,1.385129
CNN_w7_c32_k2_actrelu_d0.0_dense16_e50_lr0.001_b16,7,[32],2,relu,0.0,16,50,0.001,16,0.009596,0.007001,0.012571,0.009228,0.002975,0.002227,1.310067,1.318086
CNN_w5_c16_k3_actleaky_relu_d0.0_dense32_e50_lr0.001_b8,5,[16],3,leaky_relu,0.0,32,50,0.001,8,0.009524,0.006958,0.012577,0.009315,0.003053,0.002358,1.320512,1.338832
CNN_w5_c32_k3_actleaky_relu_d0.0_dense32_e50_lr0.001_b8,5,[32],3,leaky_relu,0.0,32,50,0.001,8,0.00933,0.006796,0.01258,0.009352,0.00325,0.002556,1.348383,1.376135
CNN_w3_c16x32_k3_actleaky_relu_d0.0_dense16_e50_lr0.001_b16,3,"[16, 32]",3,leaky_relu,0.0,16,50,0.001,16,0.009929,0.007271,0.012585,0.008979,0.002656,0.001708,1.267495,1.234893
CNN_w5_c32_k3_actleaky_relu_d0.0_dense32_e50_lr0.0005_b8,5,[32],3,leaky_relu,0.0,32,50,0.0005,8,0.009256,0.006725,0.012589,0.0094,0.003333,0.002675,1.360048,1.397767
CNN_w5_c16x32_k3_actleaky_relu_d0.0_dense16_e50_lr0.0005_b16,5,"[16, 32]",3,leaky_relu,0.0,16,50,0.0005,16,0.009248,0.006613,0.012601,0.00934,0.003353,0.002727,1.362545,1.412297
CNN_w6_c16x32_k2_actrelu_d0.0_dense16_e50_lr0.0005_b16,6,"[16, 32]",2,relu,0.0,16,50,0.0005,16,0.009843,0.007367,0.012608,0.00868,0.002765,0.001312,1.280966,1.178144
CNN_w5_c16_k3_actrelu_d0.0_dense32_e50_lr0.001_b8,5,[16],3,relu,0.0,32,50,0.001,8,0.009734,0.007254,0.012612,0.009376,0.002878,0.002122,1.295705,1.292521
CNN_w3_c16x32_k2_actleaky_relu_d0.0_dense32_e50_lr0.001_b16,3,"[16, 32]",2,leaky_relu,0.0,32,50,0.001,16,0.009942,0.007225,0.012627,0.008972,0.002684,0.001747,1.269994,1.241849
CNN_w5_c32_k2_actleaky_relu_d0.0_dense16_e50_lr0.001_b16,5,[32],2,leaky_relu,0.0,16,50,0.001,16,0.009436,0.006836,0.012632,0.009471,0.003196,0.002635,1.338659,1.385417
CNN_w5_c16x32_k3_actrelu_d0.0_dense16_e50_lr0.0005_b16,5,"[16, 32]",3,relu,0.0,16,50,0.0005,16,0.009222,0.006622,0.012634,0.009406,0.003412,0.002784,1.369983,1.420438
CNN_w3_c16_k3_actleaky_relu_d0.0_dense32_e50_lr0.001_b8,3,[16],3,leaky_relu,0.0,32,50,0.001,8,0.010199,0.007502,0.012635,0.009481,0.002436,0.00198,1.23889,1.263926
CNN_w5_c32_k2_actrelu_d0.0_dense32_e50_lr0.0005_b16,5,[32],2,relu,0.0,32,50,0.0005,16,0.009075,0.006518,0.012642,0.009125,0.003567,0.002607,1.393072,1.40003
CNN_w3_c16x32_k3_actleaky_relu_d0.0_dense32_e50_lr0.0005_b16,3,"[16, 32]",3,leaky_relu,0.0,32,50,0.0005,16,0.009858,0.007208,0.012644,0.009287,0.002786,0.002079,1.282662,1.288483
CNN_w5_c32_k2_actrelu_d0.0_dense16_e50_lr0.001_b16,5,[32],2,relu,0.0,16,50,0.001,16,0.009386,0.006803,0.012644,0.009364,0.003258,0.002561,1.347176,1.376448
CNN_w3_c16x32_k2_actrelu_d0.0_dense32_e50_lr0.001_b16,3,"[16, 32]",2,relu,0.0,32,50,0.001,16,0.010036,0.007367,0.012647,0.009188,0.002611,0.001821,1.260107,1.247197
CNN_w3_c16x32_k3_actleaky_relu_d0.0_dense32_e50_lr0.001_b8,3,"[16, 32]",3,leaky_relu,0.0,32,50,0.001,8,0.009966,0.007209,0.012647,0.009223,0.002681,0.002014,1.269004,1.279339
CNN_w5_c32_k2_actrelu_d0.0_dense16_e50_lr0.0005_b8,5,[32],2,relu,0.0,16,50,0.0005,8,0.009378,0.006848,0.012647,0.00934,0.003269,0.002492,1.348536,1.363927
CNN_w3_c32_k3_actrelu_d0.0_dense32_e50_lr0.001_b8,3,[32],3,relu,0.0,32,50,0.001,8,0.009797,0.007122,0.012652,0.009278,0.002855,0.002156,1.291453,1.302716
CNN_w5_c16x32_k3_actleaky_relu_d0.0_dense32_e50_lr0.001_b16,5,"[16, 32]",3,leaky_relu,0.0,32,50,0.001,16,0.009378,0.006897,0.012655,0.00924,0.003277,0.002343,1.349416,1.339651
CNN_w5_c16_k3_actrelu_d0.0_dense16_e50_lr0.001_b16,5,[16],3,relu,0.0,16,50,0.001,16,0.009482,0.006801,0.012665,0.009422,0.003183,0.002621,1.335669,1.38538
CNN_w3_c32_k2_actleaky_relu_d0.0_dense16_e50_lr0.001_b16,3,[32],2,leaky_relu,0.0,16,50,0.001,16,0.010188,0.007361,0.012671,0.009287,0.002483,0.001926,1.243697,1.261663
CNN_w3_c32_k3_actrelu_d0.1_dense32_e50_lr0.001_b8,3,[32],3,relu,0.1,32,50,0.001,8,0.012227,0.009351,0.012674,0.009205,0.000447,-0.000146,1.036574,0.984371
CNN_w5_c16x32_k3_actrelu_d0.0_dense16_e50_lr0.001_b8,5,"[16, 32]",3,relu,0.0,16,50,0.001,8,0.009758,0.007272,0.012689,0.009448,0.002931,0.002176,1.30038,1.299173
CNN_w5_c16_k2_actrelu_d0.0_dense32_e50_lr0.001_b16,5,[16],2,relu,0.0,32,50,0.001,16,0.009523,0.00697,0.012689,0.00954,0.003167,0.00257,1.332562,1.36869
CNN_w5_c16x32_k3_actleaky_relu_d0.0_dense16_e50_lr0.001_b16,5,"[16, 32]",3,leaky_relu,0.0,16,50,0.001,16,0.009731,0.007238,0.012697,0.009373,0.002966,0.002135,1.3048,1.295043
CNN_w3_c16x32_k3_actleaky_relu_d0.0_dense32_e50_lr0.001_b16,3,"[16, 32]",3,leaky_relu,0.0,32,50,0.001,16,0.010023,0.007437,0.0127,0.009253,0.002677,0.001816,1.267074,1.244146
CNN_w5_c32_k2_actleaky_relu_d0.0_dense32_e50_lr0.0005_b16,5,[32],2,leaky_relu,0.0,32,50,0.0005,16,0.009028,0.006485,0.012701,0.009276,0.003673,0.002791,1.406781,1.430442
CNN_w3_c16_k3_actleaky_relu_d0.1_dense16_e50_lr0.0005_b8,3,[16],3,leaky_relu,0.1,16,50,0.0005,8,0.012742,0.009737,0.012711,0.009082,-3.1e-05,-0.000655,0.997564,0.932731
CNN_w3_c32_k2_actleaky_relu_d0.0_dense32_e50_lr0.0005_b16,3,[32],2,leaky_relu,0.0,32,50,0.0005,16,0.010041,0.007275,0.012718,0.00928,0.002677,0.002005,1.266556,1.275628
CNN_w5_c32_k2_actrelu_d0.0_dense32_e50_lr0.001_b16,5,[32],2,relu,0.0,32,50,0.001,16,0.009318,0.006774,0.012723,0.009414,0.003405,0.00264,1.365458,1.389808
CNN_w5_c16x32_k2_actrelu_d0.0_dense32_e50_lr0.001_b8,5,"[16, 32]",2,relu,0.0,32,50,0.001,8,0.009241,0.006746,0.012733,0.00944,0.003492,0.002694,1.377854,1.399323
CNN_w3_c16x32_k3_actrelu_d0.0_dense32_e50_lr0.001_b16,3,"[16, 32]",3,relu,0.0,32,50,0.001,16,0.009908,0.00727,0.012741,0.009331,0.002833,0.002061,1.285923,1.283436
CNN_w5_c16x32_k3_actrelu_d0.0_dense16_e50_lr0.001_b16,5,"[16, 32]",3,relu,0.0,16,50,0.001,16,0.009768,0.007227,0.012745,0.009563,0.002977,0.002336,1.304832,1.323199
CNN_w5_c16_k2_actleaky_relu_d0.0_dense32_e50_lr0.0005_b16,5,[16],2,leaky_relu,0.0,32,50,0.0005,16,0.009379,0.006823,0.012747,0.009165,0.003368,0.002342,1.359034,1.34329
CNN_w3_c32_k3_actleaky_relu_d0.0_dense16_e50_lr0.0005_b8,3,[32],3,leaky_relu,0.0,16,50,0.0005,8,0.010131,0.007348,0.01275,0.009413,0.002619,0.002066,1.258553,1.281147
CNN_w5_c16_k3_actrelu_d0.0_dense32_e50_lr0.0005_b16,5,[16],3,relu,0.0,32,50,0.0005,16,0.009435,0.006761,0.012756,0.009372,0.003321,0.002612,1.35203,1.386276
CNN_w5_c16_k3_actleaky_relu_d0.0_dense32_e50_lr0.0005_b16,5,[16],3,leaky_relu,0.0,32,50,0.0005,16,0.009443,0.006755,0.012761,0.009386,0.003319,0.002631,1.351432,1.389479
CNN_w3_c16_k3_actrelu_d0.0_dense32_e50_lr0.001_b8,3,[16],3,relu,0.0,32,50,0.001,8,0.01009,0.007317,0.012761,0.009517,0.002671,0.002199,1.264761,1.300552
CNN_w5_c16_k2_actleaky_relu_d0.0_dense16_e50_lr0.0005_b8,5,[16],2,leaky_relu,0.0,16,50,0.0005,8,0.009437,0.006884,0.012765,0.009493,0.003328,0.002609,1.352651,1.379014
CNN_w5_c32_k2_actrelu_d0.0_dense16_e50_lr0.001_b8,5,[32],2,relu,0.0,16,50,0.001,8,0.009459,0.006982,0.012774,0.009572,0.003315,0.00259,1.350465,1.371009
CNN_w3_c32_k2_actleaky_relu_d0.0_dense32_e50_lr0.001_b16,3,[32],2,leaky_relu,0.0,32,50,0.001,16,0.00999,0.007328,0.012775,0.009338,0.002785,0.00201,1.278761,1.274217
CNN_w3_c32_k3_actrelu_d0.0_dense32_e50_lr0.001_b16,3,[32],3,relu,0.0,32,50,0.001,16,0.010347,0.007652,0.012776,0.009182,0.002429,0.001529,1.234718,1.19986
CNN_w5_c16_k3_actleaky_relu_d0.0_dense16_e50_lr0.0005_b16,5,[16],3,leaky_relu,0.0,16,50,0.0005,16,0.00943,0.006791,0.012776,0.009192,0.003346,0.0024,1.354853,1.353422
CNN_w3_c16x32_k2_actrelu_d0.0_dense16_e50_lr0.001_b8,3,"[16, 32]",2,relu,0.0,16,50,0.001,8,0.009917,0.007107,0.012782,0.009392,0.002865,0.002285,1.288853,1.321439
CNN_w5_c16x32_k3_actrelu_d0.0_dense16_e50_lr0.0005_b8,5,"[16, 32]",3,relu,0.0,16,50,0.0005,8,0.009564,0.007006,0.012793,0.009463,0.003229,0.002457,1.337665,1.350642
CNN_w3_c16x32_k2_actleaky_relu_d0.0_dense32_e50_lr0.001_b8,3,"[16, 32]",2,leaky_relu,0.0,32,50,0.001,8,0.009787,0.007069,0.012796,0.009458,0.003008,0.002389,1.307361,1.33798
CNN_w5_c16_k3_actleaky_relu_d0.0_dense16_e50_lr0.0005_b8,5,[16],3,leaky_relu,0.0,16,50,0.0005,8,0.009678,0.007069,0.012798,0.009505,0.00312,0.002436,1.322386,1.34459
CNN_w5_c16_k2_actleaky_relu_d0.0_dense32_e50_lr0.001_b8,5,[16],2,leaky_relu,0.0,32,50,0.001,8,0.009724,0.007188,0.012802,0.009571,0.003078,0.002383,1.316506,1.33146
CNN_w3_c16x32_k2_actleaky_relu_d0.0_dense32_e50_lr0.0005_b8,3,"[16, 32]",2,leaky_relu,0.0,32,50,0.0005,8,0.009828,0.007068,0.012808,0.009433,0.00298,0.002365,1.303195,1.334648
CNN_w7_c32_k3_actleaky_relu_d0.0_dense16_e50_lr0.001_b16,7,[32],3,leaky_relu,0.0,16,50,0.001,16,0.010493,0.007807,0.012811,0.009324,0.002318,0.001516,1.220896,1.19423
CNN_w3_c32_k2_actrelu_d0.0_dense16_e50_lr0.0005_b8,3,[32],2,relu,0.0,16,50,0.0005,8,0.010176,0.007335,0.012815,0.009596,0.002639,0.002262,1.259292,1.308329
CNN_w3_c16_k3_actleaky_relu_d0.0_dense32_e50_lr0.0005_b16,3,[16],3,leaky_relu,0.0,32,50,0.0005,16,0.010329,0.007577,0.012831,0.009414,0.002502,0.001837,1.242189,1.242443
CNN_w5_c32_k3_actleaky_relu_d0.0_dense16_e50_lr0.0005_b8,5,[32],3,leaky_relu,0.0,16,50,0.0005,8,0.009536,0.006966,0.012833,0.009716,0.003297,0.00275,1.345746,1.394716
CNN_w3_c16x32_k3_actleaky_relu_d0.0_dense32_e50_lr0.0005_b8,3,"[16, 32]",3,leaky_relu,0.0,32,50,0.0005,8,0.009849,0.00714,0.012836,0.009507,0.002987,0.002366,1.303255,1.331408
CNN_w3_c32_k3_actrelu_d0.0_dense16_e50_lr0.001_b16,3,[32],3,relu,0.0,16,50,0.001,16,0.010569,0.007751,0.01284,0.009229,0.002271,0.001478,1.214879,1.190687
CNN_w5_c16_k3_actrelu_d0.0_dense32_e50_lr0.001_b16,5,[16],3,relu,0.0,32,50,0.001,16,0.009681,0.007122,0.01284,0.009669,0.00316,0.002547,1.326401,1.357614
CNN_w3_c16x32_k3_actrelu_d0.0_dense32_e50_lr0.001_b8,3,"[16, 32]",3,relu,0.0,32,50,0.001,8,0.00956,0.006954,0.012853,0.009445,0.003294,0.002491,1.344536,1.35824
CNN_w3_c16x32_k2_actleaky_relu_d0.0_dense16_e50_lr0.001_b16,3,"[16, 32]",2,leaky_relu,0.0,16,50,0.001,16,0.010117,0.007412,0.012853,0.009462,0.002736,0.00205,1.27045,1.276505
CNN_w3_c16x32_k3_actrelu_d0.0_dense32_e50_lr0.0005_b16,3,"[16, 32]",3,relu,0.0,32,50,0.0005,16,0.010102,0.007387,0.012855,0.009511,0.002753,0.002125,1.272532,1.287628
CNN_w5_c32_k2_actrelu_d0.0_dense32_e50_lr0.001_b8,5,[32],2,relu,0.0,32,50,0.001,8,0.009507,0.007022,0.01287,0.009648,0.003364,0.002626,1.353828,1.373917
CNN_w3_c16_k3_actrelu_d0.0_dense32_e50_lr0.0005_b8,3,[16],3,relu,0.0,32,50,0.0005,8,0.010059,0.007312,0.012871,0.009513,0.002812,0.002201,1.279593,1.301002
CNN_w3_c32_k2_actrelu_d0.0_dense32_e50_lr0.0005_b8,3,[32],2,relu,0.0,32,50,0.0005,8,0.009754,0.007034,0.01288,0.009566,0.003125,0.002532,1.320417,1.359966
CNN_w3_c16_k2_actleaky_relu_d0.0_dense32_e50_lr0.0005_b16,3,[16],2,leaky_relu,0.0,32,50,0.0005,16,0.010313,0.007474,0.012884,0.009538,0.00257,0.002065,1.249221,1.276279
CNN_w3_c32_k3_actleaky_relu_d0.0_dense32_e50_lr0.001_b8,3,[32],3,leaky_relu,0.0,32,50,0.001,8,0.009962,0.007218,0.012886,0.009435,0.002924,0.002217,1.293518,1.307154
CNN_w3_c16x32_k2_actrelu_d0.0_dense16_e50_lr0.001_b16,3,"[16, 32]",2,relu,0.0,16,50,0.001,16,0.010054,0.007281,0.012887,0.009388,0.002833,0.002107,1.281764,1.289449
CNN_w3_c32_k2_actleaky_relu_d0.0_dense32_e50_lr0.0005_b8,3,[32],2,leaky_relu,0.0,32,50,0.0005,8,0.009812,0.007074,0.012887,0.009755,0.003074,0.002682,1.313323,1.379133
CNN_w5_c16_k3_actrelu_d0.0_dense16_e50_lr0.0005_b16,5,[16],3,relu,0.0,16,50,0.0005,16,0.009419,0.00681,0.01289,0.009206,0.00347,0.002397,1.368425,1.351935
CNN_w5_c16_k3_actrelu_d0.0_dense16_e50_lr0.001_b8,5,[16],3,relu,0.0,16,50,0.001,8,0.009609,0.007094,0.01289,0.00972,0.003281,0.002626,1.341453,1.370202
CNN_w5_c16_k2_actleaky_relu_d0.0_dense32_e50_lr0.0005_b8,5,[16],2,leaky_relu,0.0,32,50,0.0005,8,0.009313,0.006729,0.012891,0.009542,0.003578,0.002812,1.384162,1.41794
CNN_w3_c16x32_k2_actrelu_d0.0_dense32_e50_lr0.001_b8,3,"[16, 32]",2,relu,0.0,32,50,0.001,8,0.009758,0.007051,0.012897,0.009419,0.003139,0.002368,1.321686,1.335845
CNN_w3_c32_k2_actrelu_d0.0_dense16_e50_lr0.001_b16,3,[32],2,relu,0.0,16,50,0.001,16,0.010236,0.007432,0.012897,0.009536,0.002661,0.002105,1.259977,1.283212
CNN_w5_c32_k2_actleaky_relu_d0.0_dense32_e50_lr0.001_b16,5,[32],2,leaky_relu,0.0,32,50,0.001,16,0.009541,0.00699,0.0129,0.00957,0.003359,0.00258,1.352037,1.369024
CNN_w3_c32_k3_actrelu_d0.1_dense16_e50_lr0.0005_b8,3,[32],3,relu,0.1,16,50,0.0005,8,0.012356,0.009419,0.012914,0.009426,0.000559,7e-06,1.045207,1.000723
CNN_w5_c16_k3_actleaky_relu_d0.0_dense32_e50_lr0.0005_b8,5,[16],3,leaky_relu,0.0,32,50,0.0005,8,0.009641,0.007065,0.01292,0.009652,0.003279,0.002588,1.34014,1.366262
CNN_w5_c32_k2_actleaky_relu_d0.0_dense16_e50_lr0.001_b8,5,[32],2,leaky_relu,0.0,16,50,0.001,8,0.009424,0.006897,0.012922,0.009617,0.003498,0.002719,1.371165,1.394228
CNN_w5_c16_k2_actleaky_relu_d0.0_dense32_e50_lr0.001_b16,5,[16],2,leaky_relu,0.0,32,50,0.001,16,0.009265,0.006688,0.012923,0.009611,0.003658,0.002924,1.394876,1.437189
CNN_w3_c16_k2_actrelu_d0.0_dense32_e50_lr0.001_b8,3,[16],2,relu,0.0,32,50,0.001,8,0.010018,0.007264,0.012929,0.009614,0.00291,0.002351,1.290497,1.323594
CNN_w3_c16_k3_actrelu_d0.0_dense32_e50_lr0.001_b16,3,[16],3,relu,0.0,32,50,0.001,16,0.010392,0.007658,0.012931,0.009402,0.002539,0.001745,1.244331,1.227862
CNN_w5_c32_k2_actleaky_relu_d0.0_dense32_e50_lr0.0005_b8,5,[32],2,leaky_relu,0.0,32,50,0.0005,8,0.009278,0.006699,0.012936,0.00952,0.003658,0.002822,1.394273,1.421207
CNN_w7_c32_k3_actrelu_d0.0_dense16_e50_lr0.001_b16,7,[32],3,relu,0.0,16,50,0.001,16,0.010724,0.008052,0.012939,0.009538,0.002215,0.001486,1.206601,1.184542
CNN_w3_c16_k2_actleaky_relu_d0.0_dense32_e50_lr0.001_b16,3,[16],2,leaky_relu,0.0,32,50,0.001,16,0.010319,0.007581,0.012944,0.009549,0.002625,0.001968,1.254397,1.259647
CNN_w5_c16x32_k3_actleaky_relu_d0.0_dense32_e50_lr0.001_b8,5,"[16, 32]",3,leaky_relu,0.0,32,50,0.001,8,0.009876,0.007491,0.012944,0.009684,0.003068,0.002194,1.310641,1.292876
CNN_w5_c32_k2_actrelu_d0.0_dense32_e50_lr0.0005_b8,5,[32],2,relu,0.0,32,50,0.0005,8,0.009281,0.006704,0.012945,0.00953,0.003664,0.002826,1.394753,1.421535
CNN_w3_c32_k2_actleaky_relu_d0.0_dense16_e50_lr0.0005_b16,3,[32],2,leaky_relu,0.0,16,50,0.0005,16,0.010416,0.007583,0.012952,0.009619,0.002536,0.002035,1.243448,1.268393
CNN_w3_c32_k3_actrelu_d0.0_dense16_e50_lr0.001_b8,3,[32],3,relu,0.0,16,50,0.001,8,0.010271,0.007474,0.01296,0.009716,0.002689,0.002242,1.261746,1.300052
CNN_w3_c32_k2_actrelu_d0.0_dense32_e50_lr0.0005_b16,3,[32],2,relu,0.0,32,50,0.0005,16,0.010323,0.007543,0.012963,0.009478,0.00264,0.001935,1.255759,1.256555
CNN_w3_c16_k3_actleaky_relu_d0.0_dense16_e50_lr0.001_b8,3,[16],3,leaky_relu,0.0,16,50,0.001,8,0.009986,0.007197,0.012963,0.009654,0.002976,0.002457,1.298048,1.341417
CNN_w3_c32_k3_actleaky_relu_d0.0_dense32_e50_lr0.001_b16,3,[32],3,leaky_relu,0.0,32,50,0.001,16,0.010255,0.007514,0.012967,0.009526,0.002712,0.002011,1.264413,1.2677
CNN_w3_c32_k3_actleaky_relu_d0.1_dense16_e50_lr0.001_b8,3,[32],3,leaky_relu,0.1,16,50,0.001,8,0.013558,0.010562,0.01297,0.009464,-0.000587,-0.001098,0.956677,0.896049
CNN_w3_c16x32_k3_actrelu_d0.0_dense16_e50_lr0.001_b16,3,"[16, 32]",3,relu,0.0,16,50,0.001,16,0.009746,0.007024,0.012988,0.009428,0.003243,0.002404,1.332726,1.342296
CNN_w3_c16x32_k3_actleaky_relu_d0.0_dense16_e50_lr0.0005_b8,3,"[16, 32]",3,leaky_relu,0.0,16,50,0.0005,8,0.009754,0.007079,0.012998,0.009604,0.003243,0.002525,1.332515,1.356685
CNN_w7_c16x32_k3_actrelu_d0.0_dense32_e50_lr0.001_b16,7,"[16, 32]",3,relu,0.0,32,50,0.001,16,0.009193,0.006716,0.012999,0.00946,0.003806,0.002744,1.414033,1.408643
CNN_w3_c16_k2_actleaky_relu_d0.0_dense16_e50_lr0.001_b8,3,[16],2,leaky_relu,0.0,16,50,0.001,8,0.009956,0.007198,0.013005,0.009832,0.003049,0.002634,1.306262,1.365969
CNN_w5_c32_k2_actleaky_relu_d0.0_dense32_e50_lr0.001_b8,5,[32],2,leaky_relu,0.0,32,50,0.001,8,0.009453,0.006979,0.01301,0.009674,0.003557,0.002695,1.376304,1.386164
CNN_w5_c32_k3_actrelu_d0.0_dense16_e50_lr0.001_b8,5,[32],3,relu,0.0,16,50,0.001,8,0.009534,0.007007,0.01302,0.009747,0.003485,0.002739,1.365566,1.390882
CNN_w6_c32_k2_actleaky_relu_d0.0_dense32_e50_lr0.0005_b16,6,[32],2,leaky_relu,0.0,32,50,0.0005,16,0.009415,0.006972,0.013023,0.009187,0.003608,0.002215,1.383147,1.317622
CNN_w3_c16x32_k3_actrelu_d0.0_dense32_e50_lr0.0005_b8,3,"[16, 32]",3,relu,0.0,32,50,0.0005,8,0.009964,0.007241,0.013026,0.009857,0.003062,0.002616,1.307273,1.36129
CNN_w7_c32_k2_actleaky_relu_d0.0_dense16_e50_lr0.0005_b16,7,[32],2,leaky_relu,0.0,16,50,0.0005,16,0.00919,0.006674,0.013028,0.009645,0.003838,0.002971,1.417686,1.445078
CNN_w5_c32_k3_actrelu_d0.0_dense16_e50_lr0.0005_b8,5,[32],3,relu,0.0,16,50,0.0005,8,0.00978,0.007305,0.013031,0.009835,0.003251,0.00253,1.332436,1.346413
CNN_w5_c16x32_k2_actleaky_relu_d0.0_dense16_e50_lr0.001_b8,5,"[16, 32]",2,leaky_relu,0.0,16,50,0.001,8,0.009306,0.006795,0.013036,0.009602,0.00373,0.002807,1.400749,1.413124
CNN_w3_c32_k2_actleaky_relu_d0.0_dense16_e50_lr0.0005_b8,3,[32],2,leaky_relu,0.0,16,50,0.0005,8,0.010059,0.007236,0.013038,0.009838,0.002979,0.002602,1.296197,1.359593
CNN_w3_c16x32_k2_actrelu_d0.0_dense32_e50_lr0.0005_b8,3,"[16, 32]",2,relu,0.0,32,50,0.0005,8,0.009847,0.006999,0.013039,0.009391,0.003192,0.002392,1.324199,1.341839
CNN_w5_c16x32_k2_actleaky_relu_d0.0_dense16_e50_lr0.001_b16,5,"[16, 32]",2,leaky_relu,0.0,16,50,0.001,16,0.009422,0.006901,0.013045,0.009586,0.003623,0.002685,1.384569,1.38912
CNN_w5_c16_k3_actrelu_d0.0_dense16_e50_lr0.0005_b8,5,[16],3,relu,0.0,16,50,0.0005,8,0.009607,0.006961,0.013048,0.009658,0.003441,0.002697,1.358129,1.387366
CNN_w3_c16x32_k3_actleaky_relu_d0.0_dense16_e50_lr0.0005_b16,3,"[16, 32]",3,leaky_relu,0.0,16,50,0.0005,16,0.010033,0.007339,0.01305,0.009385,0.003017,0.002046,1.30069,1.278841
CNN_w5_c16x32_k3_actrelu_d0.0_dense32_e50_lr0.001_b8,5,"[16, 32]",3,relu,0.0,32,50,0.001,8,0.009734,0.007315,0.013052,0.009627,0.003318,0.002311,1.340899,1.315943
CNN_w5_c32_k3_actrelu_d0.0_dense16_e50_lr0.001_b16,5,[32],3,relu,0.0,16,50,0.001,16,0.009836,0.007274,0.013053,0.009901,0.003218,0.002627,1.327131,1.361163
CNN_w5_c16_k2_actrelu_d0.0_dense32_e50_lr0.001_b8,5,[16],2,relu,0.0,32,50,0.001,8,0.009599,0.00706,0.013056,0.009783,0.003457,0.002723,1.360197,1.385761
CNN_w5_c16_k3_actrelu_d0.0_dense32_e50_lr0.0005_b8,5,[16],3,relu,0.0,32,50,0.0005,8,0.009417,0.006845,0.013072,0.009748,0.003656,0.002903,1.388208,1.424091
CNN_w4_c32_k3_actleaky_relu_d0.1_dense16_e50_lr0.001_b16,4,[32],3,leaky_relu,0.1,16,50,0.001,16,0.012136,0.009339,0.013074,0.009658,0.000938,0.000319,1.077272,1.034148
CNN_w3_c16x32_k2_actleaky_relu_d0.0_dense32_e50_lr0.0005_b16,3,"[16, 32]",2,leaky_relu,0.0,32,50,0.0005,16,0.010189,0.007424,0.013083,0.009524,0.002894,0.0021,1.284009,1.282896
CNN_w5_c16x32_k3_actrelu_d0.0_dense32_e50_lr0.0005_b16,5,"[16, 32]",3,relu,0.0,32,50,0.0005,16,0.009257,0.006707,0.013086,0.009623,0.00383,0.002916,1.413717,1.434826
CNN_w3_c16_k3_actleaky_relu_d0.0_dense32_e50_lr0.001_b16,3,[16],3,leaky_relu,0.0,32,50,0.001,16,0.009982,0.007262,0.01309,0.00956,0.003108,0.002298,1.311376,1.316482
CNN_w3_c16_k3_actrelu_d0.0_dense32_e50_lr0.0005_b16,3,[16],3,relu,0.0,32,50,0.0005,16,0.010626,0.007846,0.013098,0.009617,0.002472,0.001771,1.23267,1.225674
CNN_w7_c32_k3_actleaky_relu_d0.0_dense32_e50_lr0.0005_b16,7,[32],3,leaky_relu,0.0,32,50,0.0005,16,0.009587,0.00698,0.0131,0.009507,0.003513,0.002527,1.366473,1.362106
CNN_w7_c32_k2_actleaky_relu_d0.0_dense32_e50_lr0.0005_b16,7,[32],2,leaky_relu,0.0,32,50,0.0005,16,0.009504,0.007042,0.013103,0.009738,0.003599,0.002696,1.378745,1.382862
CNN_w3_c16x32_k3_actrelu_d0.0_dense16_e50_lr0.0005_b16,3,"[16, 32]",3,relu,0.0,16,50,0.0005,16,0.010174,0.00742,0.013116,0.009561,0.002941,0.002141,1.289098,1.288525
CNN_w3_c16_k2_actleaky_relu_d0.1_dense16_e50_lr0.0005_b8,3,[16],2,leaky_relu,0.1,16,50,0.0005,8,0.011852,0.008687,0.013122,0.009459,0.00127,0.000771,1.107124,1.088788
CNN_w3_c16_k2_actrelu_d0.0_dense16_e50_lr0.001_b8,3,[16],2,relu,0.0,16,50,0.001,8,0.010198,0.007403,0.013122,0.010033,0.002924,0.002629,1.286667,1.355167
CNN_w3_c16_k3_actrelu_d0.1_dense16_e50_lr0.0005_b8,3,[16],3,relu,0.1,16,50,0.0005,8,0.01393,0.010794,0.01314,0.009552,-0.000789,-0.001242,0.943341,0.884917
CNN_w3_c32_k3_actleaky_relu_d0.0_dense16_e50_lr0.0005_b16,3,[32],3,leaky_relu,0.0,16,50,0.0005,16,0.010877,0.008017,0.013145,0.009665,0.002269,0.001648,1.208591,1.205598
CNN_w5_c16x32_k3_actleaky_relu_d0.0_dense32_e50_lr0.0005_b16,5,"[16, 32]",3,leaky_relu,0.0,32,50,0.0005,16,0.009584,0.007089,0.013146,0.009798,0.003561,0.002709,1.371594,1.382228
CNN_w7_c16_k3_actleaky_relu_d0.0_dense16_e50_lr0.001_b16,7,[16],3,leaky_relu,0.0,16,50,0.001,16,0.009578,0.007018,0.013148,0.009838,0.00357,0.00282,1.372716,1.401751
CNN_w3_c16x32_k2_actleaky_relu_d0.0_dense16_e50_lr0.001_b8,3,"[16, 32]",2,leaky_relu,0.0,16,50,0.001,8,0.009996,0.007234,0.013149,0.009665,0.003153,0.002431,1.315449,1.336092
CNN_w3_c32_k3_actrelu_d0.0_dense16_e50_lr0.0005_b16,3,[32],3,relu,0.0,16,50,0.0005,16,0.010819,0.00798,0.013152,0.009646,0.002333,0.001667,1.215597,1.208853
CNN_w5_c16x32_k3_actleaky_relu_d0.0_dense32_e50_lr0.0005_b8,5,"[16, 32]",3,leaky_relu,0.0,32,50,0.0005,8,0.009583,0.007144,0.013154,0.009736,0.003571,0.002592,1.372653,1.362767
CNN_w3_c32_k3_actleaky_relu_d0.0_dense32_e50_lr0.0005_b8,3,[32],3,leaky_relu,0.0,32,50,0.0005,8,0.010097,0.00727,0.013163,0.00984,0.003067,0.002569,1.303729,1.353414
CNN_w3_c16_k2_actleaky_relu_d0.1_dense16_e50_lr0.001_b8,3,[16],2,leaky_relu,0.1,16,50,0.001,8,0.013789,0.010908,0.013184,0.009773,-0.000605,-0.001134,0.956147,0.896007
CNN_w5_c16x32_k2_actrelu_d0.0_dense32_e50_lr0.001_b16,5,"[16, 32]",2,relu,0.0,32,50,0.001,16,0.009554,0.006973,0.013194,0.00985,0.003639,0.002877,1.380891,1.412587
CNN_w7_c32_k3_actrelu_d0.0_dense16_e50_lr0.0005_b16,7,[32],3,relu,0.0,16,50,0.0005,16,0.009407,0.006817,0.013215,0.009673,0.003808,0.002856,1.40474,1.418977
CNN_w3_c16x32_k2_actrelu_d0.0_dense32_e50_lr0.0005_b16,3,"[16, 32]",2,relu,0.0,32,50,0.0005,16,0.010017,0.007205,0.013216,0.009621,0.003199,0.002416,1.3194,1.335318
CNN_w3_c16_k2_actleaky_relu_d0.0_dense32_e50_lr0.0005_b8,3,[16],2,leaky_relu,0.0,32,50,0.0005,8,0.010114,0.007229,0.013218,0.009818,0.003104,0.002589,1.306895,1.358091
CNN_w3_c32_k3_actleaky_relu_d0.0_dense16_e50_lr0.001_b16,3,[32],3,leaky_relu,0.0,16,50,0.001,16,0.010587,0.007757,0.013223,0.009732,0.002636,0.001975,1.248937,1.254628
CNN_w7_c32_k2_actrelu_d0.0_dense32_e50_lr0.0005_b16,7,[32],2,relu,0.0,32,50,0.0005,16,0.009795,0.007243,0.013231,0.009719,0.003437,0.002476,1.350894,1.341925
CNN_w5_c16x32_k2_actleaky_relu_d0.0_dense32_e50_lr0.0005_b16,5,"[16, 32]",2,leaky_relu,0.0,32,50,0.0005,16,0.009222,0.006631,0.013234,0.009662,0.004012,0.003031,1.435004,1.457122
CNN_w5_c16x32_k3_actleaky_relu_d0.0_dense16_e50_lr0.0005_b8,5,"[16, 32]",3,leaky_relu,0.0,16,50,0.0005,8,0.009891,0.00746,0.013234,0.009951,0.003343,0.002491,1.337933,1.333888
CNN_w6_c32_k2_actleaky_relu_d0.1_dense32_e50_lr0.001_b8,6,[32],2,leaky_relu,0.1,32,50,0.001,8,0.011444,0.008759,0.013239,0.009708,0.001795,0.000948,1.15685,1.108281
CNN_w3_c16_k2_actrelu_d0.0_dense16_e50_lr0.001_b16,3,[16],2,relu,0.0,16,50,0.001,16,0.010216,0.007443,0.013241,0.009776,0.003024,0.002334,1.29601,1.313534
CNN_w5_c16x32_k2_actrelu_d0.0_dense16_e50_lr0.0005_b16,5,"[16, 32]",2,relu,0.0,16,50,0.0005,16,0.009165,0.006591,0.013247,0.009749,0.004082,0.003158,1.445448,1.479156
CNN_w7_c16x32_k3_actleaky_relu_d0.0_dense32_e50_lr0.001_b16,7,"[16, 32]",3,leaky_relu,0.0,32,50,0.001,16,0.009453,0.006887,0.013248,0.009565,0.003795,0.002678,1.401438,1.38891
CNN_w3_c32_k3_actrelu_d0.0_dense32_e50_lr0.0005_b16,3,[32],3,relu,0.0,32,50,0.0005,16,0.01053,0.007742,0.013254,0.009731,0.002724,0.001988,1.258715,1.256835
CNN_w7_c16x32_k2_actrelu_d0.0_dense16_e50_lr0.0005_b16,7,"[16, 32]",2,relu,0.0,16,50,0.0005,16,0.010346,0.007682,0.013263,0.009877,0.002917,0.002194,1.28195,1.285648
CNN_w5_c16x32_k3_actrelu_d0.0_dense32_e50_lr0.001_b16,5,"[16, 32]",3,relu,0.0,32,50,0.001,16,0.009852,0.007333,0.013267,0.009739,0.003416,0.002406,1.346697,1.328127
CNN_w7_c32_k2_actrelu_d0.0_dense16_e50_lr0.0005_b8,7,[32],2,relu,0.0,16,50,0.0005,8,0.010049,0.007507,0.013267,0.009785,0.003219,0.002278,1.320322,1.303379
CNN_w5_c16_k2_actrelu_d0.0_dense32_e50_lr0.0005_b8,5,[16],2,relu,0.0,32,50,0.0005,8,0.009708,0.007086,0.013272,0.009864,0.003564,0.002778,1.367108,1.39207
CNN_w3_c16_k2_actrelu_d0.0_dense32_e50_lr0.001_b16,3,[16],2,relu,0.0,32,50,0.001,16,0.010345,0.007583,0.013273,0.009832,0.002928,0.002249,1.283046,1.296571
CNN_w4_c32_k2_actrelu_d0.1_dense32_e50_lr0.0005_b8,4,[32],2,relu,0.1,32,50,0.0005,8,0.011699,0.008885,0.013283,0.009957,0.001584,0.001071,1.13538,1.120543
CNN_w3_c32_k2_actrelu_d0.0_dense16_e50_lr0.0005_b16,3,[32],2,relu,0.0,16,50,0.0005,16,0.010594,0.007721,0.013291,0.009913,0.002697,0.002192,1.254542,1.283901
CNN_w5_c16x32_k2_actrelu_d0.0_dense16_e50_lr0.001_b16,5,"[16, 32]",2,relu,0.0,16,50,0.001,16,0.00975,0.007206,0.013309,0.009951,0.003559,0.002745,1.364961,1.380977
CNN_w3_c16_k3_actrelu_d0.0_dense16_e50_lr0.001_b8,3,[16],3,relu,0.0,16,50,0.001,8,0.01016,0.007439,0.01331,0.009939,0.00315,0.0025,1.310036,1.336089
CNN_w3_c16_k2_actleaky_relu_d0.0_dense16_e50_lr0.001_b16,3,[16],2,leaky_relu,0.0,16,50,0.001,16,0.010194,0.007429,0.013312,0.009798,0.003118,0.002368,1.305831,1.318772
CNN_w3_c16_k2_actrelu_d0.0_dense32_e50_lr0.0005_b16,3,[16],2,relu,0.0,32,50,0.0005,16,0.010091,0.007242,0.013322,0.009895,0.003231,0.002652,1.320197,1.366236
CNN_w3_c32_k3_actleaky_relu_d0.1_dense16_e50_lr0.0005_b8,3,[32],3,leaky_relu,0.1,16,50,0.0005,8,0.012273,0.009401,0.013326,0.009797,0.001054,0.000396,1.085868,1.042112
CNN_w3_c16_k2_actrelu_d0.0_dense32_e50_lr0.0005_b8,3,[16],2,relu,0.0,32,50,0.0005,8,0.010175,0.00732,0.013326,0.009907,0.003151,0.002586,1.309686,1.353322
CNN_w3_c16_k2_actleaky_relu_d0.0_dense32_e50_lr0.001_b8,3,[16],2,leaky_relu,0.0,32,50,0.001,8,0.010368,0.007545,0.013331,0.010044,0.002962,0.002498,1.285722,1.331134
CNN_w5_c16_k3_actleaky_relu_d0.1_dense32_e50_lr0.001_b16,5,[16],3,leaky_relu,0.1,32,50,0.001,16,0.011121,0.008446,0.013342,0.009889,0.002221,0.001443,1.199705,1.170861
CNN_w5_c16x32_k2_actleaky_relu_d0.0_dense32_e50_lr0.001_b8,5,"[16, 32]",2,leaky_relu,0.0,32,50,0.001,8,0.009625,0.007199,0.013349,0.010007,0.003725,0.002808,1.386993,1.390039
CNN_w7_c32_k2_actleaky_relu_d0.0_dense16_e50_lr0.0005_b8,7,[32],2,leaky_relu,0.0,16,50,0.0005,8,0.00996,0.007384,0.013351,0.009848,0.003391,0.002464,1.34041,1.333707
CNN_w7_c32_k3_actrelu_d0.0_dense32_e50_lr0.001_b16,7,[32],3,relu,0.0,32,50,0.001,16,0.011264,0.008434,0.013357,0.009871,0.002092,0.001438,1.185764,1.170484
CNN_w3_c16_k3_actrelu_d0.0_dense16_e50_lr0.0005_b16,3,[16],3,relu,0.0,16,50,0.0005,16,0.010692,0.007785,0.013373,0.009925,0.002681,0.00214,1.250789,1.274825
CNN_w7_c32_k2_actrelu_d0.0_dense16_e50_lr0.001_b8,7,[32],2,relu,0.0,16,50,0.001,8,0.009964,0.00734,0.013375,0.00986,0.003411,0.00252,1.342325,1.343337
CNN_w3_c32_k3_actleaky_relu_d0.0_dense32_e50_lr0.0005_b16,3,[32],3,leaky_relu,0.0,32,50,0.0005,16,0.010404,0.007649,0.013377,0.009899,0.002973,0.00225,1.285788,1.294159
CNN_w7_c16_k2_actleaky_relu_d0.0_dense32_e50_lr0.001_b8,7,[16],2,leaky_relu,0.0,32,50,0.001,8,0.009502,0.007012,0.01338,0.009959,0.003878,0.002946,1.408138,1.420131
CNN_w7_c16_k3_actrelu_d0.0_dense32_e50_lr0.001_b16,7,[16],3,relu,0.0,32,50,0.001,16,0.01071,0.007932,0.013395,0.009788,0.002685,0.001856,1.250709,1.233962
CNN_w3_c16x32_k2_actleaky_relu_d0.0_dense16_e50_lr0.0005_b16,3,"[16, 32]",2,leaky_relu,0.0,16,50,0.0005,16,0.010655,0.007772,0.013395,0.009858,0.002739,0.002086,1.257096,1.268372
CNN_w7_c32_k2_actrelu_d0.0_dense32_e50_lr0.0005_b8,7,[32],2,relu,0.0,32,50,0.0005,8,0.009618,0.007102,0.013401,0.010148,0.003782,0.003045,1.393212,1.428745
CNN_w4_c16_k3_actrelu_d0.0_dense16_e50_lr0.0005_b16,4,[16],3,relu,0.0,16,50,0.0005,16,0.010746,0.008078,0.013404,0.010015,0.002659,0.001938,1.247414,1.239897
CNN_w7_c32_k3_actrelu_d0.0_dense32_e50_lr0.0005_b16,7,[32],3,relu,0.0,32,50,0.0005,16,0.00985,0.007173,0.013405,0.009636,0.003555,0.002463,1.3609,1.343399
CNN_w7_c16x32_k3_actrelu_d0.0_dense16_e50_lr0.001_b16,7,"[16, 32]",3,relu,0.0,16,50,0.001,16,0.009487,0.00693,0.013408,0.009663,0.00392,0.002733,1.413198,1.394312
CNN_w3_c16x32_k2_actrelu_d0.0_dense16_e50_lr0.0005_b16,3,"[16, 32]",2,relu,0.0,16,50,0.0005,16,0.010735,0.007873,0.013415,0.00978,0.00268,0.001907,1.249674,1.242198
CNN_w3_c32_k2_actrelu_d0.1_dense16_e50_lr0.0005_b8,3,[32],2,relu,0.1,16,50,0.0005,8,0.011316,0.00843,0.013416,0.009858,0.002099,0.001428,1.185518,1.169385
CNN_w6_c16_k3_actleaky_relu_d0.1_dense16_e50_lr0.0005_b8,6,[16],3,leaky_relu,0.1,16,50,0.0005,8,0.011407,0.008608,0.013417,0.009729,0.00201,0.001121,1.176205,1.130234
CNN_w5_c16x32_k2_actrelu_d0.0_dense32_e50_lr0.0005_b16,5,"[16, 32]",2,relu,0.0,32,50,0.0005,16,0.009364,0.006748,0.01342,0.009875,0.004056,0.003128,1.433114,1.463557
CNN_w3_c16_k2_actleaky_relu_d0.0_dense16_e50_lr0.0005_b16,3,[16],2,leaky_relu,0.0,16,50,0.0005,16,0.010756,0.007848,0.013423,0.009754,0.002667,0.001906,1.247995,1.242905
CNN_w7_c32_k2_actrelu_d0.0_dense16_e50_lr0.0005_b16,7,[32],2,relu,0.0,16,50,0.0005,16,0.009406,0.006893,0.013426,0.010055,0.00402,0.003162,1.427412,1.458757
CNN_w5_c16_k3_actrelu_d0.1_dense32_e50_lr0.0005_b16,5,[16],3,relu,0.1,32,50,0.0005,16,0.012535,0.009665,0.013427,0.01014,0.000892,0.000474,1.071164,1.049074
CNN_w7_c16_k3_actrelu_d0.0_dense32_e50_lr0.0005_b8,7,[16],3,relu,0.0,32,50,0.0005,8,0.009969,0.007364,0.013428,0.009862,0.003459,0.002499,1.346974,1.339325
CNN_w4_c16_k3_actleaky_relu_d0.0_dense16_e50_lr0.0005_b16,4,[16],3,leaky_relu,0.0,16,50,0.0005,16,0.010704,0.008111,0.01343,0.010197,0.002726,0.002086,1.254687,1.25717
CNN_w7_c16x32_k3_actleaky_relu_d0.0_dense16_e50_lr0.0005_b16,7,"[16, 32]",3,leaky_relu,0.0,16,50,0.0005,16,0.009183,0.006662,0.013434,0.00988,0.004251,0.003219,1.462928,1.48321
CNN_w5_c16x32_k2_actleaky_relu_d0.0_dense32_e50_lr0.001_b16,5,"[16, 32]",2,leaky_relu,0.0,32,50,0.001,16,0.009829,0.007338,0.013449,0.010082,0.00362,0.002744,1.368343,1.37391
CNN_w3_c16_k3_actleaky_relu_d0.0_dense32_e50_lr0.0005_b8,3,[16],3,leaky_relu,0.0,32,50,0.0005,8,0.009997,0.007221,0.013451,0.010022,0.003454,0.002802,1.345538,1.387996
CNN_w7_c32_k2_actleaky_relu_d0.0_dense32_e50_lr0.0005_b8,7,[32],2,leaky_relu,0.0,32,50,0.0005,8,0.009659,0.007155,0.013452,0.010072,0.003793,0.002917,1.392673,1.407719
CNN_w5_c16x32_k2_actrelu_d0.0_dense16_e50_lr0.001_b8,5,"[16, 32]",2,relu,0.0,16,50,0.001,8,0.009717,0.007145,0.013474,0.0101,0.003757,0.002954,1.386604,1.41346
CNN_w6_c16_k3_actleaky_relu_d0.1_dense32_e50_lr0.0005_b8,6,[16],3,leaky_relu,0.1,32,50,0.0005,8,0.012026,0.009311,0.013483,0.009899,0.001457,0.000588,1.121189,1.063105
CNN_w7_c32_k3_actleaky_relu_d0.0_dense16_e50_lr0.0005_b8,7,[32],3,leaky_relu,0.0,16,50,0.0005,8,0.010051,0.007449,0.013495,0.010032,0.003443,0.002584,1.342548,1.34689
CNN_w3_c16x32_k2_actleaky_relu_d0.0_dense16_e50_lr0.0005_b8,3,"[16, 32]",2,leaky_relu,0.0,16,50,0.0005,8,0.01013,0.007324,0.01351,0.010212,0.00338,0.002887,1.333638,1.394221
CNN_w6_c32_k3_actrelu_d0.1_dense16_e50_lr0.0005_b16,6,[32],3,relu,0.1,16,50,0.0005,16,0.012235,0.00944,0.013517,0.010203,0.001281,0.000763,1.104728,1.080787
CNN_w3_c32_k3_actrelu_d0.0_dense32_e50_lr0.0005_b8,3,[32],3,relu,0.0,32,50,0.0005,8,0.010208,0.007392,0.013525,0.010102,0.003318,0.00271,1.325021,1.366575
CNN_w4_c16_k3_actrelu_d0.0_dense32_e50_lr0.0005_b16,4,[16],3,relu,0.0,32,50,0.0005,16,0.010748,0.00813,0.013528,0.010364,0.00278,0.002234,1.258637,1.274759
CNN_w7_c16_k2_actrelu_d0.0_dense32_e50_lr0.001_b8,7,[16],2,relu,0.0,32,50,0.001,8,0.009544,0.007021,0.013529,0.010034,0.003985,0.003013,1.417529,1.429208
CNN_w3_c32_k3_actrelu_d0.1_dense32_e50_lr0.0005_b8,3,[32],3,relu,0.1,32,50,0.0005,8,0.010933,0.007923,0.013532,0.010044,0.0026,0.002121,1.23779,1.267719
CNN_w4_c16_k3_actleaky_relu_d0.0_dense32_e50_lr0.0005_b8,4,[16],3,leaky_relu,0.0,32,50,0.0005,8,0.010437,0.007634,0.013536,0.010056,0.003099,0.002422,1.29695,1.317222
CNN_w5_c16x32_k2_actrelu_d0.0_dense16_e50_lr0.0005_b8,5,"[16, 32]",2,relu,0.0,16,50,0.0005,8,0.009273,0.006681,0.013536,0.010171,0.004263,0.00349,1.45974,1.522414
CNN_w4_c32_k3_actleaky_relu_d0.0_dense32_e50_lr0.0005_b16,4,[32],3,leaky_relu,0.0,32,50,0.0005,16,0.010378,0.007617,0.013542,0.010206,0.003165,0.00259,1.304942,1.340009
CNN_w6_c16_k3_actleaky_relu_d0.1_dense32_e50_lr0.0005_b16,6,[16],3,leaky_relu,0.1,32,50,0.0005,16,0.013338,0.010529,0.013545,0.010047,0.000206,-0.000483,1.015479,0.954169
CNN_w5_c16x32_k2_actleaky_relu_d0.0_dense16_e50_lr0.0005_b8,5,"[16, 32]",2,leaky_relu,0.0,16,50,0.0005,8,0.009226,0.00669,0.013551,0.01009,0.004325,0.0034,1.468779,1.508262
CNN_w3_c32_k3_actleaky_relu_d0.1_dense32_e50_lr0.001_b8,3,[32],3,leaky_relu,0.1,32,50,0.001,8,0.012444,0.009721,0.013553,0.010096,0.00111,0.000375,1.089165,1.038535
CNN_w3_c16_k3_actleaky_relu_d0.0_dense16_e50_lr0.0005_b8,3,[16],3,leaky_relu,0.0,16,50,0.0005,8,0.010384,0.007546,0.013556,0.010163,0.003172,0.002618,1.305452,1.346914
CNN_w4_c16_k3_actleaky_relu_d0.0_dense16_e50_lr0.001_b16,4,[16],3,leaky_relu,0.0,16,50,0.001,16,0.010079,0.007289,0.01356,0.010299,0.00348,0.00301,1.345286,1.412974
CNN_w4_c32_k2_actrelu_d0.1_dense32_e50_lr0.001_b16,4,[32],2,relu,0.1,32,50,0.001,16,0.011516,0.008846,0.013567,0.010218,0.002051,0.001372,1.178113,1.155113
CNN_w4_c32_k2_actleaky_relu_d0.1_dense32_e50_lr0.001_b16,4,[32],2,leaky_relu,0.1,32,50,0.001,16,0.01089,0.008244,0.013569,0.010175,0.002679,0.001931,1.246002,1.234266
CNN_w3_c16_k2_actleaky_relu_d0.0_dense16_e50_lr0.0005_b8,3,[16],2,leaky_relu,0.0,16,50,0.0005,8,0.010283,0.00743,0.013579,0.010119,0.003296,0.002689,1.320547,1.361872
CNN_w3_c16x32_k3_actrelu_d0.0_dense16_e50_lr0.0005_b8,3,"[16, 32]",3,relu,0.0,16,50,0.0005,8,0.010106,0.00738,0.013582,0.010114,0.003475,0.002734,1.343868,1.370504
CNN_w4_c16_k3_actrelu_d0.0_dense32_e50_lr0.0005_b8,4,[16],3,relu,0.0,32,50,0.0005,8,0.010197,0.007375,0.013583,0.010012,0.003385,0.002637,1.332002,1.357585
CNN_w6_c16_k2_actrelu_d0.1_dense16_e50_lr0.001_b8,6,[16],2,relu,0.1,16,50,0.001,8,0.014437,0.011083,0.013586,0.009839,-0.000851,-0.001244,0.941024,0.88772
CNN_w7_c16x32_k2_actrelu_d0.0_dense32_e50_lr0.0005_b16,7,"[16, 32]",2,relu,0.0,32,50,0.0005,16,0.01071,0.00811,0.013591,0.010194,0.002881,0.002084,1.269007,1.256965
CNN_w7_c16x32_k3_actrelu_d0.0_dense16_e50_lr0.0005_b16,7,"[16, 32]",3,relu,0.0,16,50,0.0005,16,0.009476,0.006874,0.013592,0.009967,0.004116,0.003093,1.434383,1.450003
CNN_w4_c32_k3_actrelu_d0.1_dense32_e50_lr0.0005_b8,4,[32],3,relu,0.1,32,50,0.0005,8,0.011438,0.008601,0.013592,0.010133,0.002154,0.001532,1.188318,1.178126
CNN_w3_c16_k3_actrelu_d0.0_dense16_e50_lr0.001_b16,3,[16],3,relu,0.0,16,50,0.001,16,0.010545,0.007658,0.013595,0.009912,0.003049,0.002254,1.289141,1.294379
CNN_w3_c32_k3_actleaky_relu_d0.1_dense32_e50_lr0.0005_b8,3,[32],3,leaky_relu,0.1,32,50,0.0005,8,0.011035,0.008174,0.013597,0.010092,0.002562,0.001918,1.232162,1.234605
CNN_w7_c16_k2_actrelu_d0.0_dense32_e50_lr0.0005_b16,7,[16],2,relu,0.0,32,50,0.0005,16,0.009691,0.00708,0.013607,0.009877,0.003916,0.002797,1.404117,1.39502
CNN_w6_c16_k3_actrelu_d0.1_dense32_e50_lr0.0005_b8,6,[16],3,relu,0.1,32,50,0.0005,8,0.012115,0.009276,0.013611,0.010301,0.001496,0.001025,1.123518,1.110524
CNN_w5_c16x32_k3_actrelu_d0.0_dense32_e50_lr0.0005_b8,5,"[16, 32]",3,relu,0.0,32,50,0.0005,8,0.009667,0.007193,0.013612,0.010273,0.003945,0.00308,1.408103,1.428119
CNN_w4_c16_k3_actleaky_relu_d0.0_dense32_e50_lr0.001_b16,4,[16],3,leaky_relu,0.0,32,50,0.001,16,0.010181,0.007345,0.013613,0.010269,0.003432,0.002924,1.337096,1.398161
CNN_w7_c32_k2_actrelu_d0.0_dense32_e50_lr0.001_b16,7,[32],2,relu,0.0,32,50,0.001,16,0.011528,0.008691,0.013614,0.010078,0.002086,0.001387,1.180922,1.159636
CNN_w4_c16_k3_actleaky_relu_d0.0_dense32_e50_lr0.0005_b16,4,[16],3,leaky_relu,0.0,32,50,0.0005,16,0.010744,0.008145,0.013618,0.010411,0.002874,0.002265,1.267509,1.278118
CNN_w7_c32_k3_actrelu_d0.0_dense16_e50_lr0.0005_b8,7,[32],3,relu,0.0,16,50,0.0005,8,0.010116,0.007494,0.01362,0.010228,0.003504,0.002733,1.346385,1.364733
CNN_w7_c32_k2_actrelu_d0.0_dense32_e50_lr0.001_b8,7,[32],2,relu,0.0,32,50,0.001,8,0.009809,0.007255,0.013621,0.010214,0.003812,0.002959,1.388661,1.407902
CNN_w7_c16_k3_actrelu_d0.0_dense16_e50_lr0.001_b16,7,[16],3,relu,0.0,16,50,0.001,16,0.01169,0.008772,0.013629,0.010043,0.001938,0.001271,1.165822,1.144895
CNN_w4_c16_k3_actrelu_d0.0_dense16_e50_lr0.001_b16,4,[16],3,relu,0.0,16,50,0.001,16,0.010493,0.007633,0.013631,0.010201,0.003138,0.002568,1.299037,1.336487
CNN_w4_c32_k3_actleaky_relu_d0.0_dense16_e50_lr0.001_b16,4,[32],3,leaky_relu,0.0,16,50,0.001,16,0.010415,0.007545,0.013636,0.010232,0.003221,0.002688,1.309253,1.356227
CNN_w5_c16_k3_actleaky_relu_d0.1_dense32_e50_lr0.0005_b16,5,[16],3,leaky_relu,0.1,32,50,0.0005,16,0.011706,0.00895,0.013636,0.01033,0.001931,0.00138,1.164939,1.154138
CNN_w7_c32_k2_actleaky_relu_d0.0_dense16_e50_lr0.001_b8,7,[32],2,leaky_relu,0.0,16,50,0.001,8,0.010088,0.007519,0.013646,0.01017,0.003558,0.002651,1.352737,1.35258
CNN_w7_c16_k3_actrelu_d0.0_dense32_e50_lr0.001_b8,7,[16],3,relu,0.0,32,50,0.001,8,0.009525,0.006931,0.013648,0.010218,0.004123,0.003288,1.432888,1.474342
CNN_w7_c32_k3_actleaky_relu_d0.0_dense16_e50_lr0.0005_b16,7,[32],3,leaky_relu,0.0,16,50,0.0005,16,0.009465,0.006879,0.013655,0.010237,0.004189,0.003358,1.442615,1.488211
CNN_w3_c16_k3_actleaky_relu_d0.0_dense16_e50_lr0.001_b16,3,[16],3,leaky_relu,0.0,16,50,0.001,16,0.010747,0.007925,0.01366,0.010141,0.002913,0.002215,1.271086,1.279537
CNN_w7_c16_k3_actleaky_relu_d0.0_dense16_e50_lr0.001_b8,7,[16],3,leaky_relu,0.0,16,50,0.001,8,0.010096,0.007388,0.013661,0.010185,0.003565,0.002797,1.353061,1.378658
CNN_w7_c16_k2_actrelu_d0.0_dense16_e50_lr0.0005_b8,7,[16],2,relu,0.0,16,50,0.0005,8,0.010085,0.007428,0.013667,0.00998,0.003583,0.002552,1.355263,1.343526
CNN_w3_c32_k2_actleaky_relu_d0.1_dense16_e50_lr0.001_b8,3,[32],2,leaky_relu,0.1,16,50,0.001,8,0.015207,0.012214,0.013668,0.010236,-0.001539,-0.001978,0.89879,0.838021
CNN_w4_c32_k3_actleaky_relu_d0.0_dense32_e50_lr0.001_b16,4,[32],3,leaky_relu,0.0,32,50,0.001,16,0.010117,0.007289,0.013675,0.01032,0.003558,0.003031,1.351673,1.415878
CNN_w3_c16_k3_actleaky_relu_d0.0_dense16_e50_lr0.0005_b16,3,[16],3,leaky_relu,0.0,16,50,0.0005,16,0.010872,0.007925,0.01368,0.01032,0.002808,0.002395,1.258296,1.302172
CNN_w6_c16_k3_actrelu_d0.1_dense32_e50_lr0.0005_b16,6,[16],3,relu,0.1,32,50,0.0005,16,0.012708,0.009951,0.013682,0.01002,0.000974,6.9e-05,1.076635,1.006929
CNN_w4_c16_k3_actrelu_d0.0_dense16_e50_lr0.0005_b8,4,[16],3,relu,0.0,16,50,0.0005,8,0.010615,0.00788,0.013704,0.010171,0.003089,0.002292,1.290986,1.29081
CNN_w7_c16_k3_actleaky_relu_d0.0_dense32_e50_lr0.001_b16,7,[16],3,leaky_relu,0.0,32,50,0.001,16,0.011202,0.008368,0.013705,0.010036,0.002503,0.001669,1.2234,1.199447
CNN_w4_c16x32_k3_actleaky_relu_d0.0_dense16_e50_lr0.0005_b16,4,"[16, 32]",3,leaky_relu,0.0,16,50,0.0005,16,0.010371,0.007613,0.013706,0.010361,0.003335,0.002748,1.321557,1.360951
CNN_w7_c16_k3_actrelu_d0.0_dense16_e50_lr0.001_b8,7,[16],3,relu,0.0,16,50,0.001,8,0.00996,0.007266,0.01371,0.010142,0.00375,0.002877,1.376487,1.395915
CNN_w7_c16_k2_actleaky_relu_d0.0_dense16_e50_lr0.001_b8,7,[16],2,leaky_relu,0.0,16,50,0.001,8,0.009684,0.007188,0.013712,0.010236,0.004028,0.003048,1.415985,1.424051
CNN_w3_c16_k2_actrelu_d0.0_dense16_e50_lr0.0005_b8,3,[16],2,relu,0.0,16,50,0.0005,8,0.010375,0.007465,0.013723,0.010127,0.003348,0.002662,1.322691,1.35653
CNN_w4_c16x32_k3_actrelu_d0.0_dense16_e50_lr0.0005_b16,4,"[16, 32]",3,relu,0.0,16,50,0.0005,16,0.010562,0.00789,0.013726,0.010434,0.003164,0.002543,1.299517,1.322316
CNN_w4_c32_k3_actrelu_d0.1_dense32_e50_lr0.001_b16,4,[32],3,relu,0.1,32,50,0.001,16,0.012281,0.009204,0.013733,0.01016,0.001451,0.000956,1.11817,1.103923
CNN_w5_c16x32_k2_actrelu_d0.0_dense32_e50_lr0.0005_b8,5,"[16, 32]",2,relu,0.0,32,50,0.0005,8,0.009426,0.006876,0.013734,0.010236,0.004309,0.00336,1.457115,1.488649
CNN_w3_c16_k3_actrelu_d0.0_dense16_e50_lr0.0005_b8,3,[16],3,relu,0.0,16,50,0.0005,8,0.010347,0.007489,0.013735,0.010244,0.003389,0.002756,1.327503,1.367966
CNN_w4_c32_k3_actleaky_relu_d0.0_dense16_e50_lr0.0005_b8,4,[32],3,leaky_relu,0.0,16,50,0.0005,8,0.010356,0.007517,0.013748,0.010215,0.003392,0.002699,1.327517,1.359
CNN_w4_c16_k3_actrelu_d0.0_dense32_e50_lr0.001_b16,4,[16],3,relu,0.0,32,50,0.001,16,0.010679,0.007732,0.013752,0.010415,0.003073,0.002684,1.287787,1.347105
CNN_w7_c16_k3_actleaky_relu_d0.0_dense32_e50_lr0.001_b8,7,[16],3,leaky_relu,0.0,32,50,0.001,8,0.009872,0.007108,0.013753,0.010204,0.003881,0.003095,1.393189,1.43545
CNN_w7_c16_k3_actleaky_relu_d0.0_dense32_e50_lr0.0005_b8,7,[16],3,leaky_relu,0.0,32,50,0.0005,8,0.010354,0.007668,0.013757,0.010063,0.003403,0.002396,1.328682,1.312421
CNN_w4_c32_k3_actrelu_d0.0_dense32_e50_lr0.0005_b16,4,[32],3,relu,0.0,32,50,0.0005,16,0.010572,0.007823,0.013758,0.010558,0.003186,0.002735,1.301396,1.349618
CNN_w4_c16_k2_actleaky_relu_d0.0_dense16_e50_lr0.001_b16,4,[16],2,leaky_relu,0.0,16,50,0.001,16,0.009964,0.007298,0.013765,0.010368,0.003801,0.00307,1.381485,1.42064
CNN_w5_c16x32_k2_actleaky_relu_d0.0_dense32_e50_lr0.0005_b8,5,"[16, 32]",2,leaky_relu,0.0,32,50,0.0005,8,0.009393,0.006819,0.013767,0.010189,0.004374,0.00337,1.465677,1.494144
CNN_w7_c16x32_k3_actrelu_d0.0_dense32_e50_lr0.0005_b16,7,"[16, 32]",3,relu,0.0,32,50,0.0005,16,0.009474,0.006927,0.013775,0.010244,0.004301,0.003317,1.453985,1.478915
CNN_w6_c32_k3_actleaky_relu_d0.1_dense16_e50_lr0.0005_b8,6,[32],3,leaky_relu,0.1,16,50,0.0005,8,0.01114,0.00847,0.013778,0.010094,0.002638,0.001625,1.236783,1.191812
CNN_w4_c32_k2_actrelu_d0.0_dense32_e50_lr0.001_b16,4,[32],2,relu,0.0,32,50,0.001,16,0.009909,0.007172,0.013779,0.010452,0.003869,0.00328,1.39045,1.457357
CNN_w7_c32_k2_actleaky_relu_d0.0_dense32_e50_lr0.001_b8,7,[32],2,leaky_relu,0.0,32,50,0.001,8,0.009687,0.007221,0.013782,0.010337,0.004096,0.003116,1.422803,1.431589
CNN_w7_c16x32_k3_actleaky_relu_d0.0_dense16_e50_lr0.001_b8,7,"[16, 32]",3,leaky_relu,0.0,16,50,0.001,8,0.009591,0.007112,0.013789,0.010125,0.004197,0.003013,1.437614,1.423641
CNN_w5_c16_k3_actleaky_relu_d0.1_dense32_e50_lr0.001_b8,5,[16],3,leaky_relu,0.1,32,50,0.001,8,0.011845,0.009034,0.013807,0.010446,0.001962,0.001413,1.165664,1.15636
CNN_w7_c16_k2_actleaky_relu_d0.0_dense32_e50_lr0.0005_b8,7,[16],2,leaky_relu,0.0,32,50,0.0005,8,0.010091,0.007463,0.013809,0.010215,0.003718,0.002753,1.368486,1.368879
CNN_w7_c16_k3_actrelu_d0.0_dense32_e50_lr0.0005_b16,7,[16],3,relu,0.0,32,50,0.0005,16,0.009321,0.006799,0.013809,0.010219,0.004488,0.00342,1.481466,1.503002
CNN_w3_c16x32_k2_actrelu_d0.0_dense16_e50_lr0.0005_b8,3,"[16, 32]",2,relu,0.0,16,50,0.0005,8,0.010283,0.007431,0.013811,0.010403,0.003529,0.002972,1.34316,1.399963
CNN_w3_c32_k3_actrelu_d0.1_dense32_e50_lr0.0005_b16,3,[32],3,relu,0.1,32,50,0.0005,16,0.013501,0.010597,0.013831,0.010419,0.00033,-0.000178,1.024459,0.983216
CNN_w7_c16_k3_actleaky_relu_d0.0_dense16_e50_lr0.0005_b8,7,[16],3,leaky_relu,0.0,16,50,0.0005,8,0.010914,0.00816,0.013833,0.010101,0.002919,0.001941,1.267481,1.237864
CNN_w4_c32_k3_actleaky_relu_d0.0_dense16_e50_lr0.001_b8,4,[32],3,leaky_relu,0.0,16,50,0.001,8,0.010736,0.007986,0.013835,0.010306,0.003099,0.00232,1.288686,1.290455
CNN_w7_c16x32_k3_actleaky_relu_d0.0_dense32_e50_lr0.0005_b16,7,"[16, 32]",3,leaky_relu,0.0,32,50,0.0005,16,0.009147,0.006713,0.01384,0.010393,0.004693,0.003679,1.513039,1.548051
CNN_w3_c16_k2_actrelu_d0.1_dense16_e50_lr0.001_b8,3,[16],2,relu,0.1,16,50,0.001,8,0.012353,0.009277,0.013848,0.010331,0.001495,0.001054,1.121054,1.113591
CNN_w3_c32_k3_actleaky_relu_d0.1_dense32_e50_lr0.0005_b16,3,[32],3,leaky_relu,0.1,32,50,0.0005,16,0.01237,0.009557,0.013859,0.010446,0.001488,0.000889,1.120301,1.093012
CNN_w5_c16x32_k2_actleaky_relu_d0.0_dense16_e50_lr0.0005_b16,5,"[16, 32]",2,leaky_relu,0.0,16,50,0.0005,16,0.009139,0.006599,0.01386,0.010301,0.004721,0.003701,1.516638,1.560897
CNN_w6_c32_k3_actrelu_d0.1_dense16_e50_lr0.001_b8,6,[32],3,relu,0.1,16,50,0.001,8,0.011675,0.00875,0.013862,0.010161,0.002187,0.001411,1.187367,1.161286
CNN_w7_c32_k3_actleaky_relu_d0.0_dense16_e50_lr0.001_b8,7,[32],3,leaky_relu,0.0,16,50,0.001,8,0.009731,0.007207,0.013865,0.010529,0.004135,0.003322,1.424922,1.460916
CNN_w4_c32_k3_actleaky_relu_d0.1_dense32_e50_lr0.0005_b16,4,[32],3,leaky_relu,0.1,32,50,0.0005,16,0.010737,0.00803,0.013868,0.010481,0.003131,0.00245,1.291557,1.305147
CNN_w4_c16x32_k3_actrelu_d0.0_dense32_e50_lr0.001_b8,4,"[16, 32]",3,relu,0.0,32,50,0.001,8,0.010562,0.007968,0.013878,0.010399,0.003316,0.002431,1.313949,1.305092
CNN_w4_c32_k3_actrelu_d0.0_dense16_e50_lr0.0005_b8,4,[32],3,relu,0.0,16,50,0.0005,8,0.010606,0.007762,0.013879,0.010353,0.003274,0.002591,1.308687,1.333848
CNN_w3_c16_k2_actrelu_d0.0_dense16_e50_lr0.0005_b16,3,[16],2,relu,0.0,16,50,0.0005,16,0.010742,0.00783,0.01388,0.010236,0.003138,0.002406,1.292153,1.307335
CNN_w4_c16x32_k2_actleaky_relu_d0.0_dense16_e50_lr0.0005_b8,4,"[16, 32]",2,leaky_relu,0.0,16,50,0.0005,8,0.010643,0.007947,0.013881,0.010349,0.003238,0.002403,1.30421,1.302331
CNN_w4_c32_k2_actleaky_relu_d0.0_dense16_e50_lr0.001_b8,4,[32],2,leaky_relu,0.0,16,50,0.001,8,0.010844,0.008145,0.013888,0.010424,0.003044,0.00228,1.280685,1.27989
CNN_w7_c16_k3_actrelu_d0.0_dense16_e50_lr0.0005_b8,7,[16],3,relu,0.0,16,50,0.0005,8,0.010555,0.007811,0.013898,0.010238,0.003343,0.002427,1.316771,1.310705
CNN_w4_c32_k3_actleaky_relu_d0.1_dense16_e50_lr0.0005_b16,4,[32],3,leaky_relu,0.1,16,50,0.0005,16,0.011978,0.009162,0.013911,0.010423,0.001933,0.00126,1.161383,1.137561
CNN_w7_c32_k2_actleaky_relu_d0.1_dense16_e50_lr0.0005_b8,7,[32],2,leaky_relu,0.1,16,50,0.0005,8,0.012327,0.009682,0.013919,0.010516,0.001592,0.000835,1.129109,1.086194
CNN_w4_c32_k2_actleaky_relu_d0.0_dense16_e50_lr0.0005_b8,4,[32],2,leaky_relu,0.0,16,50,0.0005,8,0.010389,0.007561,0.013938,0.010439,0.003548,0.002878,1.341527,1.380713
CNN_w4_c32_k3_actrelu_d0.0_dense16_e50_lr0.001_b16,4,[32],3,relu,0.0,16,50,0.001,16,0.010731,0.007813,0.013941,0.010618,0.00321,0.002805,1.299125,1.358997
CNN_w7_c32_k3_actleaky_relu_d0.0_dense32_e50_lr0.001_b16,7,[32],3,leaky_relu,0.0,32,50,0.001,16,0.011883,0.008973,0.013961,0.010315,0.002078,0.001342,1.174911,1.149538
CNN_w7_c16_k3_actleaky_relu_d0.0_dense16_e50_lr0.0005_b16,7,[16],3,leaky_relu,0.0,16,50,0.0005,16,0.009678,0.007126,0.013962,0.010573,0.004284,0.003447,1.442707,1.483774
CNN_w4_c16_k2_actrelu_d0.0_dense16_e50_lr0.001_b16,4,[16],2,relu,0.0,16,50,0.001,16,0.009952,0.007347,0.013968,0.010444,0.004016,0.003097,1.403486,1.421552
CNN_w7_c32_k3_actrelu_d0.0_dense16_e50_lr0.001_b8,7,[32],3,relu,0.0,16,50,0.001,8,0.009804,0.007268,0.013978,0.010535,0.004174,0.003267,1.425725,1.449482
CNN_w6_c32_k3_actleaky_relu_d0.1_dense16_e50_lr0.0005_b16,6,[32],3,leaky_relu,0.1,16,50,0.0005,16,0.011484,0.00856,0.013981,0.010441,0.002498,0.001881,1.217506,1.219773
CNN_w4_c32_k2_actleaky_relu_d0.0_dense32_e50_lr0.001_b16,4,[32],2,leaky_relu,0.0,32,50,0.001,16,0.01015,0.007438,0.013983,0.010726,0.003833,0.003288,1.377615,1.441993
CNN_w6_c32_k3_actrelu_d0.1_dense16_e50_lr0.0005_b8,6,[32],3,relu,0.1,16,50,0.0005,8,0.011125,0.008328,0.013994,0.010397,0.002869,0.002069,1.257858,1.248472
CNN_w4_c16_k3_actrelu_d0.0_dense32_e50_lr0.001_b8,4,[16],3,relu,0.0,32,50,0.001,8,0.010938,0.008089,0.013998,0.010468,0.00306,0.002379,1.279807,1.294095
CNN_w4_c32_k3_actleaky_relu_d0.1_dense32_e50_lr0.001_b16,4,[32],3,leaky_relu,0.1,32,50,0.001,16,0.011447,0.008666,0.014,0.010585,0.002553,0.001919,1.223065,1.22143
CNN_w6_c32_k3_actrelu_d0.1_dense32_e50_lr0.001_b8,6,[32],3,relu,0.1,32,50,0.001,8,0.013678,0.010771,0.014002,0.01057,0.000324,-0.000201,1.02366,0.981353
CNN_w7_c16_k2_actleaky_relu_d0.0_dense32_e50_lr0.0005_b16,7,[16],2,leaky_relu,0.0,32,50,0.0005,16,0.009522,0.006974,0.014005,0.010324,0.004483,0.00335,1.470831,1.480405
CNN_w7_c16x32_k2_actrelu_d0.0_dense32_e50_lr0.001_b8,7,"[16, 32]",2,relu,0.0,32,50,0.001,8,0.009545,0.007134,0.014012,0.010635,0.004467,0.003501,1.468016,1.490698
CNN_w4_c16_k2_actleaky_relu_d0.1_dense32_e50_lr0.001_b16,4,[16],2,leaky_relu,0.1,32,50,0.001,16,0.011519,0.008774,0.014013,0.010407,0.002494,0.001633,1.216503,1.186156
CNN_w7_c16x32_k3_actleaky_relu_d0.0_dense16_e50_lr0.001_b16,7,"[16, 32]",3,leaky_relu,0.0,16,50,0.001,16,0.009301,0.006834,0.014014,0.010334,0.004713,0.0035,1.506698,1.512112
CNN_w7_c16_k3_actrelu_d0.0_dense16_e50_lr0.0005_b16,7,[16],3,relu,0.0,16,50,0.0005,16,0.009652,0.00711,0.014017,0.010613,0.004366,0.003502,1.452357,1.492585
CNN_w6_c32_k3_actleaky_relu_d0.1_dense32_e50_lr0.001_b8,6,[32],3,leaky_relu,0.1,32,50,0.001,8,0.01261,0.009668,0.014024,0.010561,0.001414,0.000892,1.112132,1.092305
CNN_w4_c32_k2_actrelu_d0.0_dense16_e50_lr0.0005_b8,4,[32],2,relu,0.0,16,50,0.0005,8,0.010465,0.007638,0.014029,0.010585,0.003564,0.002946,1.34056,1.385729
CNN_w3_c16_k3_actrelu_d0.1_dense16_e50_lr0.001_b8,3,[16],3,relu,0.1,16,50,0.001,8,0.015349,0.012077,0.014032,0.010423,-0.001317,-0.001654,0.914188,0.863056
CNN_w5_c16_k3_actrelu_d0.1_dense32_e50_lr0.001_b16,5,[16],3,relu,0.1,32,50,0.001,16,0.012036,0.00929,0.014036,0.010619,0.002001,0.001329,1.166246,1.143095
CNN_w4_c16_k3_actleaky_relu_d0.0_dense16_e50_lr0.0005_b8,4,[16],3,leaky_relu,0.0,16,50,0.0005,8,0.010688,0.007878,0.01404,0.010432,0.003352,0.002554,1.313574,1.324201
CNN_w7_c32_k3_actrelu_d0.0_dense32_e50_lr0.0005_b8,7,[32],3,relu,0.0,32,50,0.0005,8,0.010072,0.007502,0.014042,0.010609,0.00397,0.003107,1.394184,1.414118
CNN_w4_c32_k3_actrelu_d0.1_dense16_e50_lr0.0005_b16,4,[32],3,relu,0.1,16,50,0.0005,16,0.011823,0.009048,0.014043,0.010601,0.00222,0.001554,1.187737,1.171713
CNN_w6_c16_k3_actleaky_relu_d0.1_dense16_e50_lr0.001_b8,6,[16],3,leaky_relu,0.1,16,50,0.001,8,0.015968,0.012748,0.014047,0.010556,-0.001921,-0.002192,0.879707,0.828029
CNN_w7_c16_k2_actrelu_d0.0_dense16_e50_lr0.0005_b16,7,[16],2,relu,0.0,16,50,0.0005,16,0.009457,0.006877,0.014055,0.010401,0.004597,0.003524,1.486123,1.512445
CNN_w4_c16_k2_actleaky_relu_d0.0_dense16_e50_lr0.001_b8,4,[16],2,leaky_relu,0.0,16,50,0.001,8,0.010829,0.008073,0.014057,0.010447,0.003228,0.002374,1.298108,1.294112
CNN_w7_c32_k3_actrelu_d0.1_dense32_e50_lr0.0005_b8,7,[32],3,relu,0.1,32,50,0.0005,8,0.012506,0.009787,0.014061,0.010532,0.001555,0.000746,1.124321,1.076204
CNN_w7_c32_k2_actrelu_d0.1_dense16_e50_lr0.0005_b8,7,[32],2,relu,0.1,16,50,0.0005,8,0.012283,0.009622,0.014063,0.01063,0.00178,0.001009,1.144929,1.104833
CNN_w4_c16x32_k2_actrelu_d0.0_dense16_e50_lr0.0005_b8,4,"[16, 32]",2,relu,0.0,16,50,0.0005,8,0.010758,0.008023,0.014066,0.010481,0.003308,0.002457,1.307451,1.306284
CNN_w7_c16_k2_actrelu_d0.0_dense16_e50_lr0.001_b8,7,[16],2,relu,0.0,16,50,0.001,8,0.010016,0.00738,0.014067,0.010434,0.004051,0.003054,1.404393,1.413779
CNN_w7_c32_k3_actleaky_relu_d0.0_dense32_e50_lr0.0005_b8,7,[32],3,leaky_relu,0.0,32,50,0.0005,8,0.010188,0.00754,0.014071,0.010491,0.003883,0.00295,1.38118,1.391283
CNN_w7_c16x32_k2_actrelu_d0.0_dense16_e50_lr0.001_b8,7,"[16, 32]",2,relu,0.0,16,50,0.001,8,0.009749,0.007222,0.014071,0.010801,0.004322,0.003579,1.443365,1.495552
CNN_w4_c32_k3_actrelu_d0.0_dense32_e50_lr0.0005_b8,4,[32],3,relu,0.0,32,50,0.0005,8,0.010773,0.007902,0.01408,0.010714,0.003308,0.002811,1.30703,1.355729
CNN_w6_c32_k3_actrelu_d0.1_dense32_e50_lr0.0005_b8,6,[32],3,relu,0.1,32,50,0.0005,8,0.013898,0.01102,0.014105,0.010635,0.000207,-0.000385,1.014914,0.965073
CNN_w6_c16_k3_actleaky_relu_d0.1_dense32_e50_lr0.001_b8,6,[16],3,leaky_relu,0.1,32,50,0.001,8,0.012761,0.009946,0.014112,0.010302,0.001351,0.000355,1.105886,1.035697
CNN_w3_c32_k2_actleaky_relu_d0.1_dense16_e50_lr0.0005_b8,3,[32],2,leaky_relu,0.1,16,50,0.0005,8,0.012219,0.009308,0.014114,0.010423,0.001895,0.001115,1.155104,1.119836
CNN_w7_c16x32_k3_actrelu_d0.0_dense32_e50_lr0.0005_b8,7,"[16, 32]",3,relu,0.0,32,50,0.0005,8,0.009885,0.007266,0.014116,0.010416,0.004231,0.003149,1.428021,1.433399
CNN_w7_c16x32_k3_actleaky_relu_d0.0_dense16_e50_lr0.0005_b8,7,"[16, 32]",3,leaky_relu,0.0,16,50,0.0005,8,0.009601,0.007046,0.014116,0.010551,0.004514,0.003505,1.470143,1.497366
CNN_w3_c16_k3_actleaky_relu_d0.1_dense16_e50_lr0.0005_b16,3,[16],3,leaky_relu,0.1,16,50,0.0005,16,0.011818,0.008792,0.014116,0.010719,0.002299,0.001927,1.194535,1.219143
CNN_w7_c32_k2_actrelu_d0.1_dense16_e50_lr0.001_b8,7,[32],2,relu,0.1,16,50,0.001,8,0.014846,0.012097,0.014117,0.010827,-0.000729,-0.001269,0.9509,0.895064
CNN_w4_c32_k2_actrelu_d0.0_dense32_e50_lr0.0005_b8,4,[32],2,relu,0.0,32,50,0.0005,8,0.010358,0.007636,0.014119,0.010573,0.003761,0.002937,1.363076,1.384642
CNN_w3_c32_k2_actleaky_relu_d0.1_dense16_e50_lr0.001_b16,3,[32],2,leaky_relu,0.1,16,50,0.001,16,0.011043,0.007998,0.014119,0.01072,0.003075,0.002722,1.278463,1.340355
CNN_w4_c32_k3_actleaky_relu_d0.0_dense16_e50_lr0.0005_b16,4,[32],3,leaky_relu,0.0,16,50,0.0005,16,0.01099,0.008289,0.01412,0.010828,0.00313,0.002539,1.284836,1.306278
CNN_w5_c32_k2_actrelu_d0.1_dense32_e50_lr0.001_b16,5,[32],2,relu,0.1,32,50,0.001,16,0.011367,0.008526,0.014121,0.010745,0.002753,0.002218,1.242204,1.260157
CNN_w7_c16x32_k3_actleaky_relu_d0.0_dense32_e50_lr0.001_b8,7,"[16, 32]",3,leaky_relu,0.0,32,50,0.001,8,0.009634,0.007064,0.014129,0.010504,0.004494,0.00344,1.466521,1.486987
CNN_w6_c16_k2_actleaky_relu_d0.1_dense16_e50_lr0.001_b8,6,[16],2,leaky_relu,0.1,16,50,0.001,8,0.012957,0.010111,0.014133,0.010036,0.001176,-7.5e-05,1.090743,0.992593
CNN_w4_c32_k2_actleaky_relu_d0.1_dense16_e50_lr0.001_b16,4,[32],2,leaky_relu,0.1,16,50,0.001,16,0.011272,0.00865,0.014133,0.010457,0.00286,0.001807,1.253767,1.20891
CNN_w4_c32_k2_actleaky_relu_d0.0_dense16_e50_lr0.001_b16,4,[32],2,leaky_relu,0.0,16,50,0.001,16,0.010404,0.007629,0.014138,0.010808,0.003734,0.003179,1.358909,1.416755
CNN_w7_c16x32_k3_actleaky_relu_d0.0_dense32_e50_lr0.0005_b8,7,"[16, 32]",3,leaky_relu,0.0,32,50,0.0005,8,0.009954,0.00732,0.014143,0.010275,0.004189,0.002954,1.420894,1.403564
CNN_w4_c32_k2_actrelu_d0.0_dense32_e50_lr0.001_b8,4,[32],2,relu,0.0,32,50,0.001,8,0.011026,0.00831,0.014148,0.010511,0.003122,0.002201,1.283134,1.264894
CNN_w7_c16x32_k3_actrelu_d0.0_dense32_e50_lr0.001_b8,7,"[16, 32]",3,relu,0.0,32,50,0.001,8,0.009504,0.006973,0.01415,0.010475,0.004647,0.003501,1.488931,1.502122
CNN_w3_c16_k3_actleaky_relu_d0.1_dense32_e50_lr0.001_b8,3,[16],3,leaky_relu,0.1,32,50,0.001,8,0.013486,0.010556,0.014161,0.010515,0.000676,-4e-05,1.0501,0.996177
CNN_w6_c32_k2_actrelu_d0.1_dense32_e50_lr0.001_b16,6,[32],2,relu,0.1,32,50,0.001,16,0.015707,0.01183,0.014168,0.010533,-0.001539,-0.001297,0.902013,0.890356
CNN_w7_c16_k3_actleaky_relu_d0.1_dense16_e50_lr0.0005_b8,7,[16],3,leaky_relu,0.1,16,50,0.0005,8,0.011825,0.009094,0.01417,0.010808,0.002345,0.001714,1.198351,1.188505
CNN_w4_c16_k2_actleaky_relu_d0.0_dense32_e50_lr0.001_b16,4,[16],2,leaky_relu,0.0,32,50,0.001,16,0.010293,0.007476,0.01417,0.010904,0.003877,0.003428,1.376623,1.458551
CNN_w5_c32_k3_actrelu_d0.1_dense16_e50_lr0.0005_b8,5,[32],3,relu,0.1,16,50,0.0005,8,0.012053,0.009224,0.014176,0.010871,0.002124,0.001647,1.176192,1.178545
CNN_w6_c32_k3_actrelu_d0.1_dense16_e50_lr0.001_b16,6,[32],3,relu,0.1,16,50,0.001,16,0.01222,0.009206,0.014188,0.010604,0.001968,0.001398,1.161047,1.151817
CNN_w7_c32_k3_actleaky_relu_d0.0_dense32_e50_lr0.001_b8,7,[32],3,leaky_relu,0.0,32,50,0.001,8,0.009885,0.007311,0.014189,0.010616,0.004305,0.003305,1.435465,1.452088
CNN_w4_c16_k3_actleaky_relu_d0.1_dense16_e50_lr0.0005_b16,4,[16],3,leaky_relu,0.1,16,50,0.0005,16,0.011456,0.008574,0.014191,0.010494,0.002735,0.00192,1.238765,1.22396
CNN_w5_c16_k2_actrelu_d0.1_dense16_e50_lr0.0005_b8,5,[16],2,relu,0.1,16,50,0.0005,8,0.011882,0.008915,0.014194,0.010734,0.002312,0.001819,1.194604,1.204072
CNN_w4_c16_k2_actleaky_relu_d0.0_dense16_e50_lr0.0005_b8,4,[16],2,leaky_relu,0.0,16,50,0.0005,8,0.010213,0.007412,0.014196,0.010525,0.003982,0.003112,1.389933,1.41988
CNN_w4_c32_k3_actleaky_relu_d0.0_dense32_e50_lr0.001_b8,4,[32],3,leaky_relu,0.0,32,50,0.001,8,0.010718,0.007939,0.014203,0.010667,0.003485,0.002728,1.325177,1.34356
CNN_w4_c16x32_k3_actrelu_d0.0_dense16_e50_lr0.001_b8,4,"[16, 32]",3,relu,0.0,16,50,0.001,8,0.010685,0.007963,0.014205,0.010667,0.00352,0.002704,1.329402,1.339572
CNN_w4_c32_k3_actrelu_d0.0_dense32_e50_lr0.001_b16,4,[32],3,relu,0.0,32,50,0.001,16,0.010383,0.007511,0.014205,0.010928,0.003822,0.003417,1.368086,1.454996
CNN_w7_c16_k2_actrelu_d0.0_dense32_e50_lr0.0005_b8,7,[16],2,relu,0.0,32,50,0.0005,8,0.010223,0.007588,0.014221,0.010341,0.003997,0.002753,1.390999,1.362853
CNN_w4_c16_k2_actrelu_d0.0_dense16_e50_lr0.001_b8,4,[16],2,relu,0.0,16,50,0.001,8,0.010786,0.007968,0.014224,0.010364,0.003439,0.002395,1.318803,1.300609
CNN_w4_c16x32_k3_actleaky_relu_d0.0_dense32_e50_lr0.0005_b8,4,"[16, 32]",3,leaky_relu,0.0,32,50,0.0005,8,0.010474,0.007703,0.014228,0.010595,0.003753,0.002891,1.35832,1.375352
CNN_w6_c32_k3_actleaky_relu_d0.1_dense32_e50_lr0.0005_b8,6,[32],3,leaky_relu,0.1,32,50,0.0005,8,0.012137,0.009455,0.014229,0.01054,0.002092,0.001085,1.172328,1.114742
CNN_w3_c16_k3_actleaky_relu_d0.1_dense32_e50_lr0.0005_b8,3,[16],3,leaky_relu,0.1,32,50,0.0005,8,0.012688,0.009726,0.014235,0.010406,0.001548,0.000681,1.12197,1.069986
CNN_w4_c16_k2_actrelu_d0.0_dense16_e50_lr0.0005_b8,4,[16],2,relu,0.0,16,50,0.0005,8,0.010144,0.007371,0.014237,0.010657,0.004093,0.003285,1.403469,1.445724
CNN_w5_c32_k3_actrelu_d0.1_dense32_e50_lr0.0005_b8,5,[32],3,relu,0.1,32,50,0.0005,8,0.011331,0.008528,0.014241,0.010725,0.00291,0.002198,1.256791,1.257717
CNN_w6_c32_k2_actrelu_d0.1_dense16_e50_lr0.0005_b16,6,[32],2,relu,0.1,16,50,0.0005,16,0.012225,0.009256,0.014242,0.01068,0.002017,0.001424,1.164973,1.153863
CNN_w7_c16x32_k2_actleaky_relu_d0.0_dense16_e50_lr0.0005_b16,7,"[16, 32]",2,leaky_relu,0.0,16,50,0.0005,16,0.010175,0.007612,0.014244,0.010472,0.004069,0.00286,1.399853,1.375777
CNN_w6_c16_k2_actrelu_d0.1_dense32_e50_lr0.001_b8,6,[16],2,relu,0.1,32,50,0.001,8,0.012932,0.009987,0.014246,0.01064,0.001314,0.000653,1.101598,1.065423
CNN_w4_c32_k2_actleaky_relu_d0.0_dense16_e50_lr0.0005_b16,4,[32],2,leaky_relu,0.0,16,50,0.0005,16,0.010766,0.008223,0.01425,0.010803,0.003484,0.002579,1.323573,1.313635
CNN_w4_c32_k3_actleaky_relu_d0.0_dense32_e50_lr0.0005_b8,4,[32],3,leaky_relu,0.0,32,50,0.0005,8,0.010868,0.00795,0.014254,0.01078,0.003386,0.00283,1.311543,1.355947
CNN_w4_c32_k3_actrelu_d0.1_dense16_e50_lr0.001_b16,4,[32],3,relu,0.1,16,50,0.001,16,0.013654,0.010598,0.014258,0.010822,0.000604,0.000224,1.04421,1.021114
CNN_w7_c32_k2_actleaky_relu_d0.0_dense32_e50_lr0.001_b16,7,[32],2,leaky_relu,0.0,32,50,0.001,16,0.012522,0.00945,0.01426,0.010585,0.001738,0.001135,1.138777,1.120073
CNN_w7_c16_k3_actleaky_relu_d0.0_dense32_e50_lr0.0005_b16,7,[16],3,leaky_relu,0.0,32,50,0.0005,16,0.009608,0.007079,0.014271,0.010832,0.004663,0.003752,1.485315,1.530049
CNN_w7_c16_k2_actleaky_relu_d0.0_dense16_e50_lr0.0005_b8,7,[16],2,leaky_relu,0.0,16,50,0.0005,8,0.010428,0.007729,0.014272,0.010406,0.003844,0.002677,1.368569,1.346399
CNN_w3_c32_k2_actrelu_d0.1_dense16_e50_lr0.001_b8,3,[32],2,relu,0.1,16,50,0.001,8,0.014858,0.01169,0.014284,0.010564,-0.000574,-0.001126,0.961363,0.903672
CNN_w4_c16_k3_actleaky_relu_d0.0_dense32_e50_lr0.001_b8,4,[16],3,leaky_relu,0.0,32,50,0.001,8,0.011173,0.008374,0.014289,0.010783,0.003115,0.00241,1.278797,1.287751
CNN_w4_c32_k3_actrelu_d0.0_dense16_e50_lr0.0005_b16,4,[32],3,relu,0.0,16,50,0.0005,16,0.011055,0.008332,0.014293,0.011069,0.003238,0.002737,1.292874,1.328488
CNN_w4_c16x32_k2_actleaky_relu_d0.0_dense16_e50_lr0.0005_b16,4,"[16, 32]",2,leaky_relu,0.0,16,50,0.0005,16,0.010196,0.007562,0.014318,0.01101,0.004122,0.003448,1.404323,1.456019
CNN_w6_c16_k2_actleaky_relu_d0.1_dense16_e50_lr0.0005_b8,6,[16],2,leaky_relu,0.1,16,50,0.0005,8,0.012284,0.00945,0.014334,0.010199,0.002049,0.000749,1.166823,1.079239
CNN_w3_c32_k2_actrelu_d0.1_dense16_e50_lr0.0005_b16,3,[32],2,relu,0.1,16,50,0.0005,16,0.012592,0.009534,0.014337,0.010837,0.001745,0.001303,1.138565,1.136708
CNN_w4_c16_k2_actrelu_d0.0_dense16_e50_lr0.0005_b16,4,[16],2,relu,0.0,16,50,0.0005,16,0.010634,0.008052,0.014347,0.011045,0.003714,0.002994,1.34923,1.371803
CNN_w7_c16x32_k2_actleaky_relu_d0.0_dense32_e50_lr0.001_b8,7,"[16, 32]",2,leaky_relu,0.0,32,50,0.001,8,0.009708,0.007183,0.01435,0.0108,0.004643,0.003617,1.478253,1.503519
CNN_w4_c32_k2_actleaky_relu_d0.1_dense32_e50_lr0.001_b8,4,[32],2,leaky_relu,0.1,32,50,0.001,8,0.012162,0.009158,0.014355,0.010866,0.002192,0.001708,1.180261,1.186532
CNN_w3_c16_k3_actrelu_d0.1_dense16_e50_lr0.0005_b16,3,[16],3,relu,0.1,16,50,0.0005,16,0.012238,0.009187,0.014355,0.01092,0.002117,0.001733,1.173001,1.18868
CNN_w4_c16x32_k3_actleaky_relu_d0.0_dense32_e50_lr0.001_b16,4,"[16, 32]",3,leaky_relu,0.0,32,50,0.001,16,0.01026,0.007514,0.01436,0.010892,0.004099,0.003379,1.399553,1.44965
CNN_w7_c16x32_k2_actleaky_relu_d0.0_dense32_e50_lr0.0005_b16,7,"[16, 32]",2,leaky_relu,0.0,32,50,0.0005,16,0.011744,0.009126,0.014361,0.010812,0.002617,0.001686,1.222825,1.184789
CNN_w6_c16_k3_actrelu_d0.1_dense32_e50_lr0.001_b8,6,[16],3,relu,0.1,32,50,0.001,8,0.01337,0.010338,0.014362,0.010567,0.000992,0.000229,1.07418,1.022131
CNN_w6_c16_k3_actrelu_d0.1_dense16_e50_lr0.001_b8,6,[16],3,relu,0.1,16,50,0.001,8,0.012438,0.009589,0.014366,0.010562,0.001928,0.000973,1.155045,1.101436
CNN_w5_c32_k3_actleaky_relu_d0.1_dense32_e50_lr0.001_b8,5,[32],3,leaky_relu,0.1,32,50,0.001,8,0.011066,0.008353,0.014369,0.010677,0.003303,0.002325,1.29846,1.278335
CNN_w4_c32_k2_actrelu_d0.0_dense16_e50_lr0.001_b16,4,[32],2,relu,0.0,16,50,0.001,16,0.010382,0.007683,0.014377,0.010974,0.003995,0.00329,1.38483,1.428252
CNN_w3_c16_k2_actrelu_d0.1_dense32_e50_lr0.0005_b8,3,[16],2,relu,0.1,32,50,0.0005,8,0.012392,0.009506,0.014382,0.010817,0.00199,0.001312,1.1606,1.137976
CNN_w6_c16_k3_actleaky_relu_d0.1_dense16_e50_lr0.001_b16,6,[16],3,leaky_relu,0.1,16,50,0.001,16,0.01233,0.009509,0.014403,0.010645,0.002073,0.001136,1.168155,1.119458
CNN_w5_c32_k2_actrelu_d0.1_dense32_e50_lr0.0005_b16,5,[32],2,relu,0.1,32,50,0.0005,16,0.011193,0.00838,0.01441,0.010822,0.003216,0.002443,1.287349,1.291484
CNN_w6_c32_k2_actleaky_relu_d0.1_dense16_e50_lr0.0005_b16,6,[32],2,leaky_relu,0.1,16,50,0.0005,16,0.011805,0.008828,0.014413,0.010682,0.002608,0.001854,1.220879,1.209998
CNN_w6_c32_k3_actrelu_d0.1_dense32_e50_lr0.0005_b16,6,[32],3,relu,0.1,32,50,0.0005,16,0.011736,0.009162,0.014413,0.010889,0.002677,0.001727,1.228066,1.188463
CNN_w4_c32_k2_actleaky_relu_d0.0_dense32_e50_lr0.0005_b8,4,[32],2,leaky_relu,0.0,32,50,0.0005,8,0.010789,0.007959,0.014423,0.01075,0.003634,0.002792,1.336853,1.350775
CNN_w4_c16_k2_actrelu_d0.0_dense32_e50_lr0.001_b16,4,[16],2,relu,0.0,32,50,0.001,16,0.010617,0.007818,0.014434,0.011171,0.003817,0.003354,1.359571,1.428985
CNN_w4_c16_k3_actrelu_d0.1_dense16_e50_lr0.0005_b16,4,[16],3,relu,0.1,16,50,0.0005,16,0.011793,0.008937,0.014441,0.010616,0.002648,0.001679,1.22454,1.187874
CNN_w3_c16_k2_actleaky_relu_d0.1_dense32_e50_lr0.001_b16,3,[16],2,leaky_relu,0.1,32,50,0.001,16,0.011979,0.008958,0.014443,0.011003,0.002464,0.002044,1.20571,1.228218
CNN_w3_c16_k2_actrelu_d0.1_dense16_e50_lr0.0005_b8,3,[16],2,relu,0.1,16,50,0.0005,8,0.011857,0.008723,0.014455,0.01071,0.002598,0.001987,1.219067,1.22782
CNN_w4_c16x32_k3_actleaky_relu_d0.0_dense16_e50_lr0.001_b8,4,"[16, 32]",3,leaky_relu,0.0,16,50,0.001,8,0.011096,0.008454,0.014461,0.010745,0.003365,0.002292,1.303235,1.271078
CNN_w4_c16_k3_actrelu_d0.0_dense16_e50_lr0.001_b8,4,[16],3,relu,0.0,16,50,0.001,8,0.011069,0.008196,0.014464,0.010803,0.003394,0.002607,1.306629,1.318087
CNN_w7_c16_k2_actleaky_relu_d0.0_dense16_e50_lr0.0005_b16,7,[16],2,leaky_relu,0.0,16,50,0.0005,16,0.009515,0.006977,0.014466,0.010821,0.004951,0.003844,1.520391,1.550999
CNN_w5_c32_k3_actleaky_relu_d0.1_dense16_e50_lr0.0005_b8,5,[32],3,leaky_relu,0.1,16,50,0.0005,8,0.01229,0.00949,0.014472,0.011069,0.002182,0.001579,1.177562,1.166371
CNN_w4_c32_k3_actleaky_relu_d0.1_dense32_e50_lr0.0005_b8,4,[32],3,leaky_relu,0.1,32,50,0.0005,8,0.011309,0.008519,0.014481,0.011159,0.003171,0.00264,1.280402,1.309878
CNN_w6_c32_k2_actleaky_relu_d0.1_dense16_e50_lr0.001_b8,6,[32],2,leaky_relu,0.1,16,50,0.001,8,0.012727,0.009871,0.01449,0.010434,0.001764,0.000563,1.138592,1.057062
CNN_w4_c16_k2_actleaky_relu_d0.0_dense32_e50_lr0.0005_b8,4,[16],2,leaky_relu,0.0,32,50,0.0005,8,0.010517,0.007633,0.014491,0.010954,0.003974,0.003321,1.377876,1.43511
CNN_w4_c16_k2_actrelu_d0.0_dense32_e50_lr0.0005_b8,4,[16],2,relu,0.0,32,50,0.0005,8,0.010565,0.007663,0.014496,0.010986,0.003931,0.003323,1.372092,1.433655
CNN_w6_c32_k2_actleaky_relu_d0.1_dense16_e50_lr0.0005_b8,6,[32],2,leaky_relu,0.1,16,50,0.0005,8,0.012309,0.009613,0.014506,0.010741,0.002197,0.001128,1.178489,1.117351
CNN_w4_c16_k3_actleaky_relu_d0.0_dense16_e50_lr0.001_b8,4,[16],3,leaky_relu,0.0,16,50,0.001,8,0.011409,0.008546,0.014506,0.010806,0.003097,0.002259,1.271447,1.264393
CNN_w7_c16x32_k2_actleaky_relu_d0.0_dense16_e50_lr0.001_b8,7,"[16, 32]",2,leaky_relu,0.0,16,50,0.001,8,0.009656,0.007186,0.014517,0.011194,0.00486,0.004008,1.50336,1.557802
CNN_w4_c32_k2_actrelu_d0.1_dense16_e50_lr0.001_b16,4,[32],2,relu,0.1,16,50,0.001,16,0.012864,0.010056,0.014528,0.01063,0.001664,0.000575,1.12932,1.057154
CNN_w7_c32_k3_actleaky_relu_d0.1_dense32_e50_lr0.0005_b8,7,[32],3,leaky_relu,0.1,32,50,0.0005,8,0.012456,0.009691,0.014529,0.010949,0.002072,0.001258,1.166368,1.129805
CNN_w7_c16_k2_actrelu_d0.0_dense32_e50_lr0.001_b16,7,[16],2,relu,0.0,32,50,0.001,16,0.012501,0.00945,0.01453,0.010573,0.002029,0.001123,1.162323,1.118858
CNN_w4_c16_k2_actrelu_d0.0_dense32_e50_lr0.001_b8,4,[16],2,relu,0.0,32,50,0.001,8,0.011295,0.008339,0.014551,0.010835,0.003256,0.002496,1.288225,1.299303
CNN_w7_c16x32_k3_actrelu_d0.0_dense16_e50_lr0.0005_b8,7,"[16, 32]",3,relu,0.0,16,50,0.0005,8,0.009634,0.007087,0.014552,0.010674,0.004918,0.003586,1.510515,1.506045
CNN_w6_c16_k2_actleaky_relu_d0.1_dense16_e50_lr0.001_b16,6,[16],2,leaky_relu,0.1,16,50,0.001,16,0.012498,0.009348,0.014555,0.011041,0.002057,0.001693,1.164557,1.181147
CNN_w5_c32_k2_actleaky_relu_d0.1_dense32_e50_lr0.001_b16,5,[32],2,leaky_relu,0.1,32,50,0.001,16,0.010916,0.008153,0.014556,0.010925,0.003639,0.002772,1.333368,1.339978
CNN_w4_c16x32_k2_actrelu_d0.0_dense16_e50_lr0.0005_b16,4,"[16, 32]",2,relu,0.0,16,50,0.0005,16,0.010622,0.007996,0.014562,0.011349,0.00394,0.003354,1.37097,1.419439
CNN_w6_c32_k2_actrelu_d0.1_dense16_e50_lr0.001_b16,6,[32],2,relu,0.1,16,50,0.001,16,0.012696,0.009575,0.014571,0.011098,0.001875,0.001523,1.147647,1.159053
CNN_w4_c16_k2_actrelu_d0.1_dense32_e50_lr0.001_b16,4,[16],2,relu,0.1,32,50,0.001,16,0.012036,0.00919,0.014577,0.010944,0.002541,0.001754,1.211102,1.190841
CNN_w4_c16x32_k3_actrelu_d0.0_dense32_e50_lr0.001_b16,4,"[16, 32]",3,relu,0.0,32,50,0.001,16,0.010565,0.00772,0.014577,0.011068,0.004012,0.003348,1.37977,1.433736
CNN_w4_c32_k3_actrelu_d0.1_dense32_e50_lr0.0005_b16,4,[32],3,relu,0.1,32,50,0.0005,16,0.011273,0.008573,0.014582,0.011198,0.00331,0.002625,1.2936,1.306247
CNN_w4_c16_k2_actleaky_relu_d0.0_dense32_e50_lr0.0005_b16,4,[16],2,leaky_relu,0.0,32,50,0.0005,16,0.010616,0.008029,0.014586,0.011194,0.003969,0.003165,1.373862,1.394165
CNN_w4_c16x32_k3_actrelu_d0.0_dense16_e50_lr0.0005_b8,4,"[16, 32]",3,relu,0.0,16,50,0.0005,8,0.010847,0.008011,0.01459,0.010851,0.003743,0.00284,1.345126,1.354523
CNN_w4_c32_k2_actrelu_d0.0_dense16_e50_lr0.0005_b16,4,[32],2,relu,0.0,16,50,0.0005,16,0.010449,0.007861,0.014597,0.010957,0.004148,0.003096,1.39702,1.393912
CNN_w4_c16_k2_actrelu_d0.0_dense32_e50_lr0.0005_b16,4,[16],2,relu,0.0,32,50,0.0005,16,0.010411,0.007783,0.014597,0.011257,0.004186,0.003474,1.402033,1.446309
CNN_w4_c16_k3_actleaky_relu_d0.1_dense32_e50_lr0.001_b16,4,[16],3,leaky_relu,0.1,32,50,0.001,16,0.011684,0.00886,0.014598,0.010976,0.002913,0.002116,1.249318,1.238776
CNN_w6_c16_k2_actleaky_relu_d0.1_dense32_e50_lr0.001_b16,6,[16],2,leaky_relu,0.1,32,50,0.001,16,0.01353,0.010428,0.014604,0.011032,0.001074,0.000605,1.079397,1.057981
CNN_w4_c16x32_k2_actrelu_d0.0_dense16_e50_lr0.001_b16,4,"[16, 32]",2,relu,0.0,16,50,0.001,16,0.010599,0.007753,0.01461,0.011286,0.004012,0.003533,1.378515,1.455701
CNN_w7_c16_k2_actleaky_relu_d0.0_dense16_e50_lr0.001_b16,7,[16],2,leaky_relu,0.0,16,50,0.001,16,0.012796,0.009748,0.014612,0.010891,0.001816,0.001142,1.141942,1.117168
CNN_w5_c16_k2_actleaky_relu_d0.1_dense16_e50_lr0.0005_b8,5,[16],2,leaky_relu,0.1,16,50,0.0005,8,0.011489,0.008676,0.014615,0.010815,0.003126,0.002138,1.272116,1.246461
CNN_w7_c16x32_k3_actrelu_d0.0_dense16_e50_lr0.001_b8,7,"[16, 32]",3,relu,0.0,16,50,0.001,8,0.009792,0.007275,0.014615,0.010921,0.004823,0.003646,1.49251,1.501205
CNN_w3_c32_k2_actleaky_relu_d0.1_dense32_e50_lr0.0005_b8,3,[32],2,leaky_relu,0.1,32,50,0.0005,8,0.012196,0.009404,0.014622,0.010973,0.002427,0.001569,1.198974,1.166886
CNN_w4_c32_k3_actleaky_relu_d0.1_dense16_e50_lr0.001_b8,4,[32],3,leaky_relu,0.1,16,50,0.001,8,0.013427,0.010401,0.014635,0.011024,0.001207,0.000623,1.089924,1.059851
CNN_w4_c32_k2_actleaky_relu_d0.0_dense32_e50_lr0.0005_b16,4,[32],2,leaky_relu,0.0,32,50,0.0005,16,0.010354,0.00779,0.01464,0.011107,0.004286,0.003317,1.413919,1.425828
CNN_w4_c16x32_k3_actrelu_d0.0_dense32_e50_lr0.0005_b16,4,"[16, 32]",3,relu,0.0,32,50,0.0005,16,0.010898,0.008176,0.014668,0.011264,0.00377,0.003087,1.345947,1.377604
CNN_w7_c16x32_k2_actleaky_relu_d0.0_dense16_e50_lr0.0005_b8,7,"[16, 32]",2,leaky_relu,0.0,16,50,0.0005,8,0.009802,0.007329,0.014669,0.011291,0.004867,0.003963,1.496543,1.540706
CNN_w4_c16_k2_actleaky_relu_d0.0_dense16_e50_lr0.0005_b16,4,[16],2,leaky_relu,0.0,16,50,0.0005,16,0.010856,0.008265,0.014674,0.011387,0.003818,0.003121,1.351751,1.377605
CNN_w4_c32_k2_actrelu_d0.0_dense16_e50_lr0.001_b8,4,[32],2,relu,0.0,16,50,0.001,8,0.011481,0.008651,0.014675,0.011039,0.003194,0.002388,1.278207,1.276098
CNN_w4_c32_k3_actleaky_relu_d0.1_dense16_e50_lr0.0005_b8,4,[32],3,leaky_relu,0.1,16,50,0.0005,8,0.012744,0.009863,0.014682,0.011227,0.001938,0.001364,1.152038,1.138322
CNN_w4_c16x32_k3_actleaky_relu_d0.0_dense32_e50_lr0.0005_b16,4,"[16, 32]",3,leaky_relu,0.0,32,50,0.0005,16,0.010862,0.008061,0.014692,0.011167,0.00383,0.003106,1.352575,1.385385
CNN_w4_c32_k2_actleaky_relu_d0.1_dense32_e50_lr0.0005_b8,4,[32],2,leaky_relu,0.1,32,50,0.0005,8,0.011001,0.008244,0.014698,0.010922,0.003696,0.002678,1.335967,1.324809
CNN_w7_c32_k3_actleaky_relu_d0.1_dense16_e50_lr0.0005_b8,7,[32],3,leaky_relu,0.1,16,50,0.0005,8,0.012299,0.009401,0.014705,0.011097,0.002406,0.001696,1.195613,1.180372
CNN_w6_c32_k3_actleaky_relu_d0.1_dense32_e50_lr0.0005_b16,6,[32],3,leaky_relu,0.1,32,50,0.0005,16,0.012681,0.00999,0.014715,0.011157,0.002034,0.001168,1.160363,1.116875
CNN_w4_c32_k3_actrelu_d0.0_dense16_e50_lr0.001_b8,4,[32],3,relu,0.0,16,50,0.001,8,0.011608,0.008625,0.014721,0.01098,0.003113,0.002354,1.268161,1.272952
CNN_w4_c32_k2_actleaky_relu_d0.0_dense32_e50_lr0.001_b8,4,[32],2,leaky_relu,0.0,32,50,0.001,8,0.011469,0.008551,0.014722,0.011,0.003254,0.00245,1.283692,1.286483
CNN_w4_c16x32_k3_actleaky_relu_d0.0_dense16_e50_lr0.0005_b8,4,"[16, 32]",3,leaky_relu,0.0,16,50,0.0005,8,0.010889,0.008098,0.014723,0.011029,0.003834,0.002931,1.352044,1.361912
CNN_w5_c32_k3_actleaky_relu_d0.1_dense32_e50_lr0.001_b16,5,[32],3,leaky_relu,0.1,32,50,0.001,16,0.012353,0.009476,0.014729,0.011441,0.002376,0.001965,1.192381,1.207372
CNN_w4_c16_k2_actleaky_relu_d0.0_dense32_e50_lr0.001_b8,4,[16],2,leaky_relu,0.0,32,50,0.001,8,0.011617,0.008666,0.014747,0.0111,0.00313,0.002434,1.269445,1.280865
CNN_w7_c16x32_k3_actleaky_relu_d0.1_dense32_e50_lr0.001_b8,7,"[16, 32]",3,leaky_relu,0.1,32,50,0.001,8,0.01473,0.011581,0.014765,0.011051,3.5e-05,-0.000529,1.002396,0.954314
CNN_w5_c32_k3_actrelu_d0.1_dense32_e50_lr0.001_b8,5,[32],3,relu,0.1,32,50,0.001,8,0.012994,0.009923,0.014766,0.011103,0.001772,0.00118,1.136339,1.118961
CNN_w7_c16x32_k2_actrelu_d0.0_dense32_e50_lr0.0005_b8,7,"[16, 32]",2,relu,0.0,32,50,0.0005,8,0.010115,0.007435,0.014782,0.011288,0.004668,0.003853,1.46147,1.518271
CNN_w7_c16x32_k2_actrelu_d0.0_dense16_e50_lr0.0005_b8,7,"[16, 32]",2,relu,0.0,16,50,0.0005,8,0.009959,0.007452,0.014787,0.011264,0.004828,0.003811,1.484802,1.511428
CNN_w7_c16_k2_actleaky_relu_d0.0_dense32_e50_lr0.001_b16,7,[16],2,leaky_relu,0.0,32,50,0.001,16,0.012454,0.009505,0.014789,0.010801,0.002335,0.001296,1.187527,1.136397
CNN_w7_c16_k2_actleaky_relu_d0.1_dense16_e50_lr0.001_b8,7,[16],2,leaky_relu,0.1,16,50,0.001,8,0.01306,0.010234,0.014797,0.011284,0.001737,0.00105,1.132989,1.102624
CNN_w6_c32_k2_actrelu_d0.1_dense32_e50_lr0.0005_b8,6,[32],2,relu,0.1,32,50,0.0005,8,0.012663,0.009699,0.014799,0.011337,0.002137,0.001639,1.168733,1.168971
CNN_w3_c16_k2_actrelu_d0.1_dense32_e50_lr0.001_b16,3,[16],2,relu,0.1,32,50,0.001,16,0.013012,0.010066,0.014804,0.011051,0.001792,0.000985,1.137707,1.097884
CNN_w7_c32_k3_actrelu_d0.0_dense32_e50_lr0.001_b8,7,[32],3,relu,0.0,32,50,0.001,8,0.010205,0.007517,0.014807,0.010952,0.004602,0.003435,1.450952,1.456919
CNN_w6_c16_k2_actrelu_d0.1_dense32_e50_lr0.0005_b16,6,[16],2,relu,0.1,32,50,0.0005,16,0.012164,0.009189,0.014813,0.011233,0.002649,0.002044,1.217734,1.222405
CNN_w4_c32_k3_actrelu_d0.0_dense32_e50_lr0.001_b8,4,[32],3,relu,0.0,32,50,0.001,8,0.01146,0.008521,0.014845,0.011302,0.003384,0.002781,1.295283,1.326358
CNN_w5_c32_k3_actleaky_relu_d0.1_dense32_e50_lr0.0005_b16,5,[32],3,leaky_relu,0.1,32,50,0.0005,16,0.0113,0.008586,0.014856,0.011519,0.003556,0.002933,1.314713,1.341663
CNN_w7_c32_k3_actrelu_d0.1_dense32_e50_lr0.0005_b16,7,[32],3,relu,0.1,32,50,0.0005,16,0.010644,0.008023,0.01486,0.011361,0.004216,0.003338,1.396066,1.416099
CNN_w4_c16x32_k2_actleaky_relu_d0.0_dense32_e50_lr0.001_b8,4,"[16, 32]",2,leaky_relu,0.0,32,50,0.001,8,0.011124,0.008382,0.014875,0.011087,0.003751,0.002705,1.337203,1.322716
CNN_w3_c16_k3_actleaky_relu_d0.1_dense16_e50_lr0.001_b8,3,[16],3,leaky_relu,0.1,16,50,0.001,8,0.01669,0.013387,0.014881,0.010843,-0.001809,-0.002544,0.891597,0.809959
CNN_w4_c16x32_k3_actrelu_d0.0_dense32_e50_lr0.0005_b8,4,"[16, 32]",3,relu,0.0,32,50,0.0005,8,0.010557,0.00787,0.014886,0.01097,0.004329,0.003101,1.410022,1.393998
CNN_w5_c32_k2_actrelu_d0.1_dense32_e50_lr0.001_b8,5,[32],2,relu,0.1,32,50,0.001,8,0.011229,0.008417,0.014888,0.011642,0.00366,0.003225,1.325905,1.383167
CNN_w6_c16_k2_actrelu_d0.1_dense16_e50_lr0.0005_b8,6,[16],2,relu,0.1,16,50,0.0005,8,0.014612,0.011354,0.014912,0.010968,0.000301,-0.000386,1.020572,0.965977
CNN_w6_c16_k2_actrelu_d0.1_dense32_e50_lr0.0005_b8,6,[16],2,relu,0.1,32,50,0.0005,8,0.012603,0.009652,0.014915,0.011185,0.002312,0.001533,1.18344,1.158806
CNN_w4_c16x32_k3_actleaky_relu_d0.0_dense16_e50_lr0.001_b16,4,"[16, 32]",3,leaky_relu,0.0,16,50,0.001,16,0.011144,0.008062,0.014918,0.0113,0.003774,0.003238,1.338675,1.40164
CNN_w4_c16x32_k2_actleaky_relu_d0.0_dense32_e50_lr0.001_b16,4,"[16, 32]",2,leaky_relu,0.0,32,50,0.001,16,0.010154,0.007428,0.014922,0.011327,0.004768,0.003899,1.469553,1.524961
CNN_w3_c16_k3_actrelu_d0.1_dense32_e50_lr0.0005_b8,3,[16],3,relu,0.1,32,50,0.0005,8,0.013922,0.01104,0.014927,0.011032,0.001004,-8e-06,1.072151,0.999259
CNN_w3_c16_k2_actleaky_relu_d0.1_dense32_e50_lr0.0005_b16,3,[16],2,leaky_relu,0.1,32,50,0.0005,16,0.012157,0.009038,0.014927,0.011217,0.00277,0.002179,1.22785,1.241039
CNN_w4_c32_k2_actrelu_d0.0_dense32_e50_lr0.0005_b16,4,[32],2,relu,0.0,32,50,0.0005,16,0.010835,0.008266,0.014931,0.011439,0.004096,0.003173,1.378044,1.383896
CNN_w7_c32_k3_actleaky_relu_d0.1_dense32_e50_lr0.0005_b16,7,[32],3,leaky_relu,0.1,32,50,0.0005,16,0.010527,0.007918,0.014933,0.011255,0.004406,0.003336,1.418596,1.421374
CNN_w4_c16x32_k2_actrelu_d0.0_dense32_e50_lr0.001_b8,4,"[16, 32]",2,relu,0.0,32,50,0.001,8,0.011155,0.008429,0.014934,0.011138,0.003779,0.002709,1.33877,1.321373
CNN_w7_c16_k3_actrelu_d0.1_dense16_e50_lr0.0005_b8,7,[16],3,relu,0.1,16,50,0.0005,8,0.011809,0.009092,0.01494,0.011129,0.003131,0.002037,1.265121,1.223995
CNN_w3_c16_k2_actleaky_relu_d0.1_dense32_e50_lr0.0005_b8,3,[16],2,leaky_relu,0.1,32,50,0.0005,8,0.01314,0.010282,0.014948,0.011184,0.001808,0.000902,1.137576,1.08774
CNN_w3_c16_k3_actleaky_relu_d0.1_dense32_e50_lr0.001_b16,3,[16],3,leaky_relu,0.1,32,50,0.001,16,0.01279,0.009894,0.01495,0.011273,0.00216,0.001379,1.168902,1.139423
CNN_w3_c32_k2_actrelu_d0.1_dense32_e50_lr0.0005_b8,3,[32],2,relu,0.1,32,50,0.0005,8,0.012254,0.009255,0.014959,0.011425,0.002705,0.00217,1.220778,1.23449
CNN_w7_c16x32_k2_actleaky_relu_d0.0_dense32_e50_lr0.0005_b8,7,"[16, 32]",2,leaky_relu,0.0,32,50,0.0005,8,0.010044,0.007471,0.014961,0.011106,0.004917,0.003635,1.489545,1.486534
CNN_w6_c16_k3_actleaky_relu_d0.1_dense32_e50_lr0.001_b16,6,[16],3,leaky_relu,0.1,32,50,0.001,16,0.013346,0.010424,0.014965,0.011136,0.001619,0.000711,1.121318,1.068242
CNN_w6_c32_k2_actleaky_relu_d0.1_dense32_e50_lr0.0005_b16,6,[32],2,leaky_relu,0.1,32,50,0.0005,16,0.016706,0.013254,0.014968,0.011442,-0.001738,-0.001812,0.895984,0.863274
CNN_w5_c32_k3_actrelu_d0.1_dense32_e50_lr0.0005_b16,5,[32],3,relu,0.1,32,50,0.0005,16,0.011591,0.008896,0.014986,0.011654,0.003395,0.002758,1.292921,1.310082
CNN_w6_c32_k2_actrelu_d0.1_dense16_e50_lr0.001_b8,6,[32],2,relu,0.1,16,50,0.001,8,0.015742,0.012276,0.014995,0.011358,-0.000748,-0.000918,0.952502,0.925228
CNN_w3_c16_k3_actleaky_relu_d0.1_dense16_e50_lr0.001_b16,3,[16],3,leaky_relu,0.1,16,50,0.001,16,0.011778,0.008678,0.014998,0.011488,0.00322,0.00281,1.273427,1.323809
CNN_w5_c32_k3_actleaky_relu_d0.1_dense16_e50_lr0.001_b16,5,[32],3,leaky_relu,0.1,16,50,0.001,16,0.011745,0.008778,0.015012,0.011599,0.003266,0.002821,1.278091,1.32138
CNN_w7_c16_k3_actrelu_d0.1_dense32_e50_lr0.0005_b8,7,[16],3,relu,0.1,32,50,0.0005,8,0.011709,0.008965,0.015018,0.011414,0.003308,0.00245,1.282557,1.273256
CNN_w3_c16x32_k2_actrelu_d0.1_dense32_e50_lr0.001_b8,3,"[16, 32]",2,relu,0.1,32,50,0.001,8,0.015932,0.012766,0.01503,0.011413,-0.000902,-0.001353,0.943369,0.893998
CNN_w3_c32_k3_actrelu_d0.1_dense16_e50_lr0.001_b16,3,[32],3,relu,0.1,16,50,0.001,16,0.012123,0.00897,0.015032,0.011204,0.002909,0.002235,1.239949,1.249125
CNN_w5_c32_k2_actleaky_relu_d0.1_dense32_e50_lr0.0005_b16,5,[32],2,leaky_relu,0.1,32,50,0.0005,16,0.010895,0.008077,0.015035,0.011274,0.00414,0.003197,1.379996,1.395811
CNN_w3_c32_k2_actrelu_d0.1_dense16_e50_lr0.001_b16,3,[32],2,relu,0.1,16,50,0.001,16,0.011993,0.009083,0.015056,0.011332,0.003064,0.002249,1.25546,1.247613
CNN_w5_c32_k3_actleaky_relu_d0.1_dense16_e50_lr0.0005_b16,5,[32],3,leaky_relu,0.1,16,50,0.0005,16,0.011561,0.008541,0.015057,0.011599,0.003496,0.003058,1.302408,1.357974
CNN_w4_c16x32_k3_actrelu_d0.0_dense16_e50_lr0.001_b16,4,"[16, 32]",3,relu,0.0,16,50,0.001,16,0.011417,0.008309,0.015058,0.011382,0.003641,0.003072,1.318927,1.36974
CNN_w4_c32_k2_actrelu_d0.1_dense32_e50_lr0.001_b8,4,[32],2,relu,0.1,32,50,0.001,8,0.012179,0.009218,0.015066,0.011507,0.002888,0.002289,1.237093,1.248272
CNN_w5_c32_k3_actleaky_relu_d0.1_dense32_e50_lr0.0005_b8,5,[32],3,leaky_relu,0.1,32,50,0.0005,8,0.01185,0.008741,0.015074,0.011208,0.003225,0.002467,1.272136,1.282235
CNN_w5_c16_k3_actleaky_relu_d0.1_dense32_e50_lr0.0005_b8,5,[16],3,leaky_relu,0.1,32,50,0.0005,8,0.012743,0.00955,0.015076,0.011522,0.002333,0.001972,1.183115,1.206519
CNN_w6_c16_k3_actrelu_d0.1_dense16_e50_lr0.0005_b8,6,[16],3,relu,0.1,16,50,0.0005,8,0.012285,0.009347,0.015108,0.011157,0.002824,0.00181,1.229854,1.193601
CNN_w3_c16_k2_actleaky_relu_d0.1_dense32_e50_lr0.001_b8,3,[16],2,leaky_relu,0.1,32,50,0.001,8,0.013356,0.010192,0.01511,0.011358,0.001754,0.001166,1.131328,1.114445
CNN_w7_c32_k2_actrelu_d0.1_dense32_e50_lr0.0005_b8,7,[32],2,relu,0.1,32,50,0.0005,8,0.014983,0.011892,0.01511,0.011598,0.000128,-0.000294,1.008532,0.97529
CNN_w4_c16x32_k2_actleaky_relu_d0.0_dense16_e50_lr0.001_b16,4,"[16, 32]",2,leaky_relu,0.0,16,50,0.001,16,0.01106,0.008205,0.015115,0.011714,0.004055,0.003509,1.366618,1.427603
CNN_w7_c16_k2_actrelu_d0.0_dense16_e50_lr0.001_b16,7,[16],2,relu,0.0,16,50,0.001,16,0.01283,0.00972,0.01512,0.011303,0.002291,0.001583,1.178544,1.162861
CNN_w6_c32_k3_actrelu_d0.1_dense32_e50_lr0.001_b16,6,[32],3,relu,0.1,32,50,0.001,16,0.015372,0.012206,0.01512,0.011376,-0.000251,-0.00083,0.983652,0.931975
CNN_w4_c32_k3_actleaky_relu_d0.1_dense32_e50_lr0.001_b8,4,[32],3,leaky_relu,0.1,32,50,0.001,8,0.012868,0.0098,0.015128,0.011766,0.002259,0.001966,1.175559,1.200616
CNN_w3_c32_k3_actrelu_d0.1_dense16_e50_lr0.001_b8,3,[32],3,relu,0.1,16,50,0.001,8,0.015818,0.012085,0.015135,0.011236,-0.000683,-0.000849,0.956814,0.92978
CNN_w7_c16_k3_actleaky_relu_d0.1_dense32_e50_lr0.0005_b8,7,[16],3,leaky_relu,0.1,32,50,0.0005,8,0.012056,0.009184,0.015137,0.011537,0.003081,0.002353,1.255538,1.256234
CNN_w7_c16_k3_actleaky_relu_d0.1_dense32_e50_lr0.0005_b16,7,[16],3,leaky_relu,0.1,32,50,0.0005,16,0.01133,0.008524,0.015171,0.01162,0.003841,0.003096,1.339025,1.363202
CNN_w4_c16_k3_actleaky_relu_d0.1_dense32_e50_lr0.0005_b8,4,[16],3,leaky_relu,0.1,32,50,0.0005,8,0.012269,0.009071,0.015193,0.011513,0.002924,0.002442,1.238281,1.269179
CNN_w4_c32_k2_actleaky_relu_d0.1_dense32_e50_lr0.0005_b16,4,[32],2,leaky_relu,0.1,32,50,0.0005,16,0.011301,0.008491,0.015196,0.011678,0.003895,0.003187,1.34469,1.375278
CNN_w4_c16x32_k2_actleaky_relu_d0.0_dense32_e50_lr0.0005_b8,4,"[16, 32]",2,leaky_relu,0.0,32,50,0.0005,8,0.010842,0.008149,0.015198,0.011479,0.004356,0.003331,1.401771,1.408732
CNN_w6_c16_k2_actrelu_d0.1_dense32_e50_lr0.001_b16,6,[16],2,relu,0.1,32,50,0.001,16,0.013356,0.010471,0.015216,0.011327,0.00186,0.000856,1.139272,1.081765
CNN_w5_c16_k2_actleaky_relu_d0.1_dense32_e50_lr0.001_b16,5,[16],2,leaky_relu,0.1,32,50,0.001,16,0.012441,0.009449,0.015218,0.011552,0.002777,0.002103,1.223241,1.222501
CNN_w4_c16x32_k2_actrelu_d0.0_dense32_e50_lr0.0005_b8,4,"[16, 32]",2,relu,0.0,32,50,0.0005,8,0.011173,0.0084,0.015228,0.011276,0.004054,0.002877,1.362861,1.342472
CNN_w7_c32_k3_actrelu_d0.1_dense16_e50_lr0.0005_b8,7,[32],3,relu,0.1,16,50,0.0005,8,0.012743,0.009641,0.015235,0.011766,0.002493,0.002124,1.195618,1.220335
CNN_w4_c16x32_k2_actleaky_relu_d0.0_dense16_e50_lr0.001_b8,4,"[16, 32]",2,leaky_relu,0.0,16,50,0.001,8,0.011609,0.008795,0.015241,0.011469,0.003631,0.002674,1.312813,1.304037
CNN_w7_c32_k2_actrelu_d0.1_dense32_e50_lr0.0005_b16,7,[32],2,relu,0.1,32,50,0.0005,16,0.01152,0.008804,0.015244,0.011506,0.003724,0.002702,1.323307,1.306908
CNN_w5_c32_k3_actrelu_d0.1_dense16_e50_lr0.0005_b16,5,[32],3,relu,0.1,16,50,0.0005,16,0.011905,0.008754,0.015245,0.01167,0.00334,0.002916,1.280585,1.333101
CNN_w5_c16_k2_actrelu_d0.1_dense16_e50_lr0.001_b16,5,[16],2,relu,0.1,16,50,0.001,16,0.012682,0.009374,0.01525,0.011612,0.002568,0.002238,1.202482,1.238737
CNN_w7_c32_k3_actrelu_d0.1_dense32_e50_lr0.001_b16,7,[32],3,relu,0.1,32,50,0.001,16,0.01211,0.009518,0.015251,0.011386,0.003141,0.001868,1.259406,1.196261
CNN_w5_c16_k3_actrelu_d0.1_dense16_e50_lr0.0005_b8,5,[16],3,relu,0.1,16,50,0.0005,8,0.01344,0.010348,0.015258,0.011584,0.001819,0.001237,1.135329,1.119501
CNN_w5_c32_k2_actrelu_d0.1_dense16_e50_lr0.0005_b8,5,[32],2,relu,0.1,16,50,0.0005,8,0.012528,0.009536,0.015274,0.011501,0.002746,0.001966,1.219191,1.206136
CNN_w5_c32_k2_actrelu_d0.1_dense16_e50_lr0.001_b8,5,[32],2,relu,0.1,16,50,0.001,8,0.014332,0.011252,0.015288,0.011745,0.000956,0.000492,1.066707,1.043754
CNN_w6_c16_k2_actleaky_relu_d0.1_dense32_e50_lr0.001_b8,6,[16],2,leaky_relu,0.1,32,50,0.001,8,0.013332,0.010472,0.015292,0.011861,0.00196,0.001389,1.147039,1.132664
CNN_w4_c16x32_k2_actrelu_d0.0_dense16_e50_lr0.001_b8,4,"[16, 32]",2,relu,0.0,16,50,0.001,8,0.01192,0.008992,0.015293,0.011447,0.003373,0.002455,1.282932,1.272958
CNN_w3_c32_k3_actleaky_relu_d0.1_dense16_e50_lr0.0005_b16,3,[32],3,leaky_relu,0.1,16,50,0.0005,16,0.013025,0.009994,0.015293,0.011637,0.002269,0.001643,1.174174,1.164347
CNN_w5_c32_k3_actrelu_d0.1_dense16_e50_lr0.001_b8,5,[32],3,relu,0.1,16,50,0.001,8,0.016394,0.012728,0.015313,0.011814,-0.001082,-0.000914,0.934021,0.92818
CNN_w3_c16_k2_actrelu_d0.1_dense32_e50_lr0.0005_b16,3,[16],2,relu,0.1,32,50,0.0005,16,0.011958,0.008839,0.015334,0.011579,0.003376,0.00274,1.282275,1.309971
CNN_w6_c32_k2_actrelu_d0.1_dense32_e50_lr0.0005_b16,6,[32],2,relu,0.1,32,50,0.0005,16,0.01453,0.011578,0.015339,0.011866,0.00081,0.000288,1.05573,1.024844
CNN_w7_c16_k3_actleaky_relu_d0.1_dense16_e50_lr0.001_b8,7,[16],3,leaky_relu,0.1,16,50,0.001,8,0.01237,0.00952,0.015339,0.011917,0.002969,0.002397,1.239998,1.251801
CNN_w4_c16_k3_actrelu_d0.1_dense32_e50_lr0.001_b16,4,[16],3,relu,0.1,32,50,0.001,16,0.012282,0.009497,0.015345,0.011843,0.003062,0.002346,1.249332,1.247
CNN_w7_c16_k2_actleaky_relu_d0.1_dense32_e50_lr0.001_b16,7,[16],2,leaky_relu,0.1,32,50,0.001,16,0.011733,0.008937,0.015346,0.011111,0.003613,0.002174,1.307981,1.24328
CNN_w7_c16x32_k2_actrelu_d0.0_dense16_e50_lr0.001_b16,7,"[16, 32]",2,relu,0.0,16,50,0.001,16,0.013749,0.010548,0.015358,0.011819,0.001609,0.001271,1.11701,1.120456
CNN_w6_c32_k3_actleaky_relu_d0.1_dense32_e50_lr0.001_b16,6,[32],3,leaky_relu,0.1,32,50,0.001,16,0.015378,0.01225,0.015369,0.011493,-9e-06,-0.000757,0.999386,0.938178
CNN_w5_c32_k2_actrelu_d0.1_dense32_e50_lr0.0005_b8,5,[32],2,relu,0.1,32,50,0.0005,8,0.011375,0.008576,0.01537,0.011864,0.003994,0.003288,1.35115,1.3834
CNN_w7_c16x32_k2_actrelu_d0.0_dense32_e50_lr0.001_b16,7,"[16, 32]",2,relu,0.0,32,50,0.001,16,0.013245,0.010188,0.015389,0.011667,0.002143,0.00148,1.16182,1.14525
CNN_w3_c32_k2_actleaky_relu_d0.1_dense16_e50_lr0.0005_b16,3,[32],2,leaky_relu,0.1,16,50,0.0005,16,0.012969,0.009981,0.015389,0.011673,0.00242,0.001692,1.186607,1.169537
CNN_w5_c16_k2_actleaky_relu_d0.1_dense32_e50_lr0.001_b8,5,[16],2,leaky_relu,0.1,32,50,0.001,8,0.012181,0.009272,0.015395,0.011672,0.003213,0.002399,1.263794,1.25878
CNN_w6_c32_k2_actleaky_relu_d0.1_dense32_e50_lr0.001_b16,6,[32],2,leaky_relu,0.1,32,50,0.001,16,0.018586,0.013555,0.015397,0.011516,-0.003189,-0.002039,0.8284,0.849557
CNN_w7_c16_k2_actrelu_d0.1_dense32_e50_lr0.001_b16,7,[16],2,relu,0.1,32,50,0.001,16,0.011703,0.008944,0.0154,0.011428,0.003697,0.002483,1.315937,1.27763
CNN_w4_c16x32_k3_actleaky_relu_d0.0_dense32_e50_lr0.001_b8,4,"[16, 32]",3,leaky_relu,0.0,32,50,0.001,8,0.011623,0.008668,0.015412,0.01156,0.003789,0.002892,1.325961,1.333637
CNN_w7_c16_k3_actrelu_d0.1_dense32_e50_lr0.0005_b16,7,[16],3,relu,0.1,32,50,0.0005,16,0.011728,0.008872,0.015421,0.011815,0.003693,0.002942,1.314886,1.331649
CNN_w5_c16_k2_actrelu_d0.1_dense32_e50_lr0.001_b16,5,[16],2,relu,0.1,32,50,0.001,16,0.012417,0.009351,0.015427,0.011869,0.00301,0.002517,1.242388,1.269212
CNN_w4_c16x32_k2_actrelu_d0.0_dense32_e50_lr0.001_b16,4,"[16, 32]",2,relu,0.0,32,50,0.001,16,0.010697,0.007935,0.015436,0.011885,0.004739,0.00395,1.44304,1.497714
CNN_w6_c32_k2_actrelu_d0.1_dense32_e50_lr0.001_b8,6,[32],2,relu,0.1,32,50,0.001,8,0.013132,0.010117,0.015443,0.012234,0.002311,0.002117,1.175962,1.209282
CNN_w4_c32_k3_actrelu_d0.1_dense16_e50_lr0.0005_b8,4,[32],3,relu,0.1,16,50,0.0005,8,0.013312,0.010131,0.015469,0.011605,0.002157,0.001474,1.162,1.145515
CNN_w6_c32_k3_actleaky_relu_d0.1_dense16_e50_lr0.001_b8,6,[32],3,leaky_relu,0.1,16,50,0.001,8,0.016273,0.01298,0.015477,0.011724,-0.000796,-0.001256,0.95108,0.903258
CNN_w5_c16_k3_actleaky_relu_d0.1_dense16_e50_lr0.0005_b8,5,[16],3,leaky_relu,0.1,16,50,0.0005,8,0.013428,0.010421,0.015497,0.011873,0.00207,0.001452,1.154144,1.139322
CNN_w7_c16x32_k2_actleaky_relu_d0.0_dense32_e50_lr0.001_b16,7,"[16, 32]",2,leaky_relu,0.0,32,50,0.001,16,0.013422,0.010259,0.015512,0.01167,0.00209,0.001411,1.155738,1.137569
CNN_w3_c32_k3_actrelu_d0.1_dense16_e50_lr0.0005_b16,3,[32],3,relu,0.1,16,50,0.0005,16,0.013548,0.010518,0.015532,0.011763,0.001985,0.001244,1.146491,1.118319
CNN_w7_c32_k3_actleaky_relu_d0.1_dense32_e50_lr0.001_b8,7,[32],3,leaky_relu,0.1,32,50,0.001,8,0.014703,0.012039,0.015535,0.011636,0.000831,-0.000403,1.056533,0.966513
CNN_w4_c32_k2_actrelu_d0.1_dense32_e50_lr0.0005_b16,4,[32],2,relu,0.1,32,50,0.0005,16,0.011995,0.009061,0.015542,0.011938,0.003547,0.002877,1.295707,1.317575
CNN_w6_c32_k2_actleaky_relu_d0.1_dense32_e50_lr0.0005_b8,6,[32],2,leaky_relu,0.1,32,50,0.0005,8,0.011922,0.009101,0.015558,0.011523,0.003636,0.002422,1.30496,1.26607
CNN_w6_c16_k3_actleaky_relu_d0.1_dense16_e50_lr0.0005_b16,6,[16],3,leaky_relu,0.1,16,50,0.0005,16,0.012793,0.009815,0.015558,0.012008,0.002764,0.002192,1.216087,1.223371
CNN_w3_c32_k2_actrelu_d0.1_dense32_e50_lr0.001_b16,3,[32],2,relu,0.1,32,50,0.001,16,0.01478,0.011349,0.015594,0.011786,0.000815,0.000437,1.05513,1.038493
CNN_w6_c16_k2_actrelu_d0.1_dense16_e50_lr0.001_b16,6,[16],2,relu,0.1,16,50,0.001,16,0.013293,0.010173,0.015596,0.012024,0.002303,0.001851,1.173221,1.181931
CNN_w7_c16_k3_actrelu_d0.1_dense16_e50_lr0.001_b8,7,[16],3,relu,0.1,16,50,0.001,8,0.011578,0.008861,0.015601,0.011877,0.004023,0.003016,1.347462,1.340364
CNN_w6_c16_k2_actrelu_d0.1_dense16_e50_lr0.0005_b16,6,[16],2,relu,0.1,16,50,0.0005,16,0.013649,0.010309,0.015618,0.012006,0.001969,0.001697,1.14425,1.164648
CNN_w5_c32_k3_actrelu_d0.1_dense16_e50_lr0.001_b16,5,[32],3,relu,0.1,16,50,0.001,16,0.012134,0.008911,0.015648,0.011929,0.003515,0.003018,1.289685,1.338624
CNN_w5_c32_k3_actrelu_d0.1_dense32_e50_lr0.001_b16,5,[32],3,relu,0.1,32,50,0.001,16,0.01381,0.010817,0.01573,0.012243,0.00192,0.001426,1.139036,1.131866
CNN_w3_c16x32_k2_actrelu_d0.1_dense32_e50_lr0.0005_b8,3,"[16, 32]",2,relu,0.1,32,50,0.0005,8,0.01551,0.012316,0.015737,0.011971,0.000226,-0.000345,1.014588,0.972008
CNN_w3_c32_k2_actleaky_relu_d0.1_dense32_e50_lr0.001_b8,3,[32],2,leaky_relu,0.1,32,50,0.001,8,0.01405,0.011245,0.015747,0.011743,0.001698,0.000498,1.120845,1.044263
CNN_w6_c16_k2_actleaky_relu_d0.1_dense32_e50_lr0.0005_b16,6,[16],2,leaky_relu,0.1,32,50,0.0005,16,0.013437,0.010291,0.01575,0.012096,0.002313,0.001806,1.172155,1.175467
CNN_w7_c32_k3_actrelu_d0.1_dense16_e50_lr0.001_b8,7,[32],3,relu,0.1,16,50,0.001,8,0.012229,0.009347,0.015767,0.012135,0.003539,0.002789,1.289371,1.298353
CNN_w3_c32_k2_actrelu_d0.1_dense32_e50_lr0.0005_b16,3,[32],2,relu,0.1,32,50,0.0005,16,0.013123,0.00966,0.015772,0.012068,0.00265,0.002408,1.201922,1.249293
CNN_w3_c32_k2_actleaky_relu_d0.1_dense32_e50_lr0.0005_b16,3,[32],2,leaky_relu,0.1,32,50,0.0005,16,0.012839,0.009592,0.015773,0.011924,0.002934,0.002333,1.228537,1.243185
CNN_w6_c16_k2_actleaky_relu_d0.1_dense32_e50_lr0.0005_b8,6,[16],2,leaky_relu,0.1,32,50,0.0005,8,0.01242,0.009512,0.015777,0.011961,0.003356,0.002449,1.270216,1.257525
CNN_w7_c16x32_k2_actrelu_d0.1_dense32_e50_lr0.001_b8,7,"[16, 32]",2,relu,0.1,32,50,0.001,8,0.015768,0.012113,0.015778,0.011977,1e-05,-0.000136,1.000666,0.988783
CNN_w5_c16_k3_actleaky_relu_d0.1_dense16_e50_lr0.0005_b16,5,[16],3,leaky_relu,0.1,16,50,0.0005,16,0.014153,0.011004,0.015798,0.01186,0.001644,0.000856,1.116187,1.077752
CNN_w3_c16x32_k2_actleaky_relu_d0.1_dense32_e50_lr0.001_b8,3,"[16, 32]",2,leaky_relu,0.1,32,50,0.001,8,0.017433,0.01367,0.015804,0.012166,-0.001629,-0.001505,0.906557,0.889936
CNN_w4_c32_k3_actrelu_d0.1_dense32_e50_lr0.001_b8,4,[32],3,relu,0.1,32,50,0.001,8,0.013177,0.010035,0.015817,0.012518,0.002641,0.002483,1.200405,1.247427
CNN_w5_c32_k2_actleaky_relu_d0.1_dense16_e50_lr0.0005_b8,5,[32],2,leaky_relu,0.1,16,50,0.0005,8,0.012588,0.00969,0.015834,0.012097,0.003246,0.002407,1.25788,1.248359
CNN_w4_c32_k2_actrelu_d0.1_dense16_e50_lr0.0005_b8,4,[32],2,relu,0.1,16,50,0.0005,8,0.012725,0.009775,0.015849,0.011979,0.003124,0.002203,1.24551,1.225386
CNN_w7_c32_k3_actrelu_d0.1_dense16_e50_lr0.0005_b16,7,[32],3,relu,0.1,16,50,0.0005,16,0.011667,0.008829,0.015878,0.012352,0.004211,0.003523,1.360936,1.399079
CNN_w7_c16x32_k2_actleaky_relu_d0.0_dense16_e50_lr0.001_b16,7,"[16, 32]",2,leaky_relu,0.0,16,50,0.001,16,0.013836,0.010566,0.015894,0.012012,0.002058,0.001446,1.14872,1.136826
CNN_w6_c32_k3_actleaky_relu_d0.1_dense16_e50_lr0.001_b16,6,[32],3,leaky_relu,0.1,16,50,0.001,16,0.014385,0.011371,0.0159,0.012165,0.001515,0.000794,1.105319,1.069846
CNN_w5_c16_k3_actleaky_relu_d0.1_dense16_e50_lr0.001_b16,5,[16],3,leaky_relu,0.1,16,50,0.001,16,0.012662,0.009466,0.015912,0.0121,0.003251,0.002634,1.256732,1.278307
CNN_w7_c32_k3_actleaky_relu_d0.1_dense16_e50_lr0.0005_b16,7,[32],3,leaky_relu,0.1,16,50,0.0005,16,0.012001,0.009024,0.015984,0.012273,0.003983,0.00325,1.331868,1.360132
CNN_w4_c16_k3_actleaky_relu_d0.1_dense16_e50_lr0.001_b8,4,[16],3,leaky_relu,0.1,16,50,0.001,8,0.014061,0.010478,0.016001,0.012134,0.00194,0.001656,1.137957,1.15806
CNN_w4_c16x32_k2_actleaky_relu_d0.0_dense32_e50_lr0.0005_b16,4,"[16, 32]",2,leaky_relu,0.0,32,50,0.0005,16,0.010588,0.007917,0.016003,0.012392,0.005416,0.004474,1.511486,1.565116
CNN_w7_c16x32_k3_actleaky_relu_d0.1_dense16_e50_lr0.0005_b8,7,"[16, 32]",3,leaky_relu,0.1,16,50,0.0005,8,0.017002,0.013539,0.016022,0.012109,-0.00098,-0.00143,0.942351,0.894383
CNN_w5_c16_k3_actrelu_d0.1_dense32_e50_lr0.001_b8,5,[16],3,relu,0.1,32,50,0.001,8,0.013331,0.010211,0.016051,0.012834,0.00272,0.002623,1.204053,1.256924
CNN_w7_c32_k2_actrelu_d0.1_dense32_e50_lr0.001_b8,7,[32],2,relu,0.1,32,50,0.001,8,0.014906,0.01169,0.016077,0.01216,0.001171,0.00047,1.078585,1.040202
CNN_w4_c16x32_k2_actrelu_d0.0_dense32_e50_lr0.0005_b16,4,"[16, 32]",2,relu,0.0,32,50,0.0005,16,0.010696,0.00799,0.016089,0.012439,0.005393,0.004449,1.504233,1.55678
CNN_w4_c16_k3_actleaky_relu_d0.1_dense16_e50_lr0.001_b16,4,[16],3,leaky_relu,0.1,16,50,0.001,16,0.01216,0.009104,0.016108,0.012348,0.003948,0.003243,1.324661,1.356265
CNN_w4_c16_k3_actrelu_d0.1_dense16_e50_lr0.001_b16,4,[16],3,relu,0.1,16,50,0.001,16,0.012249,0.009079,0.016126,0.012037,0.003877,0.002957,1.316496,1.325717
CNN_w7_c32_k3_actleaky_relu_d0.1_dense32_e50_lr0.001_b16,7,[32],3,leaky_relu,0.1,32,50,0.001,16,0.013429,0.01071,0.016132,0.012125,0.002702,0.001415,1.201234,1.132125
CNN_w7_c32_k2_actleaky_relu_d0.1_dense32_e50_lr0.0005_b16,7,[32],2,leaky_relu,0.1,32,50,0.0005,16,0.01203,0.00921,0.016135,0.01226,0.004104,0.00305,1.341175,1.331149
CNN_w3_c32_k3_actrelu_d0.1_dense32_e50_lr0.001_b16,3,[32],3,relu,0.1,32,50,0.001,16,0.014842,0.011805,0.016137,0.012046,0.001295,0.000241,1.087223,1.020433
CNN_w3_c32_k2_actrelu_d0.1_dense32_e50_lr0.001_b8,3,[32],2,relu,0.1,32,50,0.001,8,0.014058,0.011152,0.016176,0.012264,0.002117,0.001111,1.150609,1.099624
CNN_w4_c16_k3_actleaky_relu_d0.1_dense32_e50_lr0.001_b8,4,[16],3,leaky_relu,0.1,32,50,0.001,8,0.013687,0.010276,0.016218,0.012443,0.002531,0.002167,1.18488,1.210906
CNN_w4_c16_k3_actrelu_d0.1_dense16_e50_lr0.0005_b8,4,[16],3,relu,0.1,16,50,0.0005,8,0.014808,0.011192,0.016222,0.01187,0.001414,0.000679,1.0955,1.060629
CNN_w3_c32_k2_actleaky_relu_d0.1_dense32_e50_lr0.001_b16,3,[32],2,leaky_relu,0.1,32,50,0.001,16,0.015261,0.011842,0.016248,0.012221,0.000987,0.000379,1.064669,1.031996
CNN_w3_c16_k2_actrelu_d0.1_dense32_e50_lr0.001_b8,3,[16],2,relu,0.1,32,50,0.001,8,0.013961,0.010894,0.016254,0.012266,0.002293,0.001373,1.164217,1.126
CNN_w7_c16_k3_actrelu_d0.1_dense32_e50_lr0.001_b16,7,[16],3,relu,0.1,32,50,0.001,16,0.011789,0.009085,0.016288,0.01254,0.004499,0.003455,1.381621,1.380362
CNN_w5_c32_k3_actleaky_relu_d0.1_dense16_e50_lr0.001_b8,5,[32],3,leaky_relu,0.1,16,50,0.001,8,0.014573,0.011295,0.016296,0.012484,0.001723,0.001189,1.118266,1.105301
CNN_w6_c32_k2_actleaky_relu_d0.1_dense16_e50_lr0.001_b16,6,[32],2,leaky_relu,0.1,16,50,0.001,16,0.013768,0.010622,0.016313,0.012431,0.002545,0.00181,1.184819,1.170375
CNN_w7_c16_k2_actleaky_relu_d0.1_dense32_e50_lr0.0005_b16,7,[16],2,leaky_relu,0.1,32,50,0.0005,16,0.012599,0.00951,0.016329,0.012476,0.003731,0.002965,1.296119,1.31177
CNN_w7_c32_k2_actleaky_relu_d0.1_dense16_e50_lr0.001_b16,7,[32],2,leaky_relu,0.1,16,50,0.001,16,0.012036,0.009097,0.016329,0.01261,0.004293,0.003513,1.356705,1.386132
CNN_w7_c16_k3_actleaky_relu_d0.1_dense32_e50_lr0.001_b16,7,[16],3,leaky_relu,0.1,32,50,0.001,16,0.011697,0.008974,0.016333,0.012465,0.004636,0.003491,1.396291,1.388989
CNN_w5_c16_k3_actrelu_d0.1_dense16_e50_lr0.0005_b16,5,[16],3,relu,0.1,16,50,0.0005,16,0.014559,0.011302,0.016344,0.012288,0.001785,0.000985,1.122597,1.087187
CNN_w5_c32_k2_actleaky_relu_d0.1_dense32_e50_lr0.0005_b8,5,[32],2,leaky_relu,0.1,32,50,0.0005,8,0.012221,0.009367,0.016356,0.012893,0.004134,0.003527,1.3383,1.37653
CNN_w5_c16_k2_actrelu_d0.1_dense32_e50_lr0.0005_b16,5,[16],2,relu,0.1,32,50,0.0005,16,0.013569,0.01047,0.01637,0.0126,0.002802,0.002131,1.206467,1.203494
CNN_w4_c32_k2_actleaky_relu_d0.1_dense16_e50_lr0.0005_b16,4,[32],2,leaky_relu,0.1,16,50,0.0005,16,0.013345,0.010466,0.016375,0.012294,0.00303,0.001829,1.227049,1.174715
CNN_w4_c16_k3_actrelu_d0.1_dense32_e50_lr0.0005_b16,4,[16],3,relu,0.1,32,50,0.0005,16,0.013538,0.010152,0.016385,0.011896,0.002847,0.001743,1.210277,1.171698
CNN_w7_c16_k2_actrelu_d0.1_dense32_e50_lr0.0005_b16,7,[16],2,relu,0.1,32,50,0.0005,16,0.012537,0.009504,0.016399,0.012405,0.003861,0.002901,1.30798,1.30519
CNN_w5_c16_k2_actrelu_d0.1_dense32_e50_lr0.001_b8,5,[16],2,relu,0.1,32,50,0.001,8,0.013281,0.010201,0.016399,0.012762,0.003118,0.002562,1.234782,1.251115
CNN_w3_c32_k3_actleaky_relu_d0.1_dense16_e50_lr0.001_b16,3,[32],3,leaky_relu,0.1,16,50,0.001,16,0.013813,0.010541,0.016408,0.012619,0.002595,0.002078,1.187899,1.197189
CNN_w5_c16_k2_actleaky_relu_d0.1_dense16_e50_lr0.0005_b16,5,[16],2,leaky_relu,0.1,16,50,0.0005,16,0.01351,0.010415,0.016417,0.012411,0.002907,0.001996,1.215146,1.19161
CNN_w7_c32_k2_actleaky_relu_d0.1_dense32_e50_lr0.0005_b8,7,[32],2,leaky_relu,0.1,32,50,0.0005,8,0.016057,0.012896,0.016418,0.012616,0.000361,-0.000281,1.022509,0.978244
CNN_w5_c16_k2_actrelu_d0.1_dense16_e50_lr0.0005_b16,5,[16],2,relu,0.1,16,50,0.0005,16,0.014436,0.011205,0.016424,0.012553,0.001988,0.001347,1.137712,1.120243
CNN_w6_c16_k2_actleaky_relu_d0.1_dense16_e50_lr0.0005_b16,6,[16],2,leaky_relu,0.1,16,50,0.0005,16,0.014028,0.010726,0.016433,0.012714,0.002404,0.001988,1.171378,1.185314
CNN_w7_c32_k3_actleaky_relu_d0.1_dense16_e50_lr0.001_b8,7,[32],3,leaky_relu,0.1,16,50,0.001,8,0.014156,0.010629,0.016477,0.012686,0.002321,0.002057,1.163924,1.19354
CNN_w4_c16_k3_actrelu_d0.1_dense32_e50_lr0.0005_b8,4,[16],3,relu,0.1,32,50,0.0005,8,0.014455,0.011137,0.016494,0.01243,0.002039,0.001293,1.141069,1.116147
CNN_w7_c16x32_k3_actrelu_d0.1_dense16_e50_lr0.0005_b8,7,"[16, 32]",3,relu,0.1,16,50,0.0005,8,0.016123,0.012887,0.016503,0.012491,0.00038,-0.000395,1.023585,0.969313
CNN_w7_c16_k2_actrelu_d0.1_dense32_e50_lr0.0005_b8,7,[16],2,relu,0.1,32,50,0.0005,8,0.012675,0.010004,0.016529,0.0125,0.003854,0.002496,1.304055,1.249479
CNN_w4_c16_k3_actleaky_relu_d0.1_dense16_e50_lr0.0005_b8,4,[16],3,leaky_relu,0.1,16,50,0.0005,8,0.014479,0.010759,0.016549,0.012253,0.00207,0.001493,1.142953,1.138799
CNN_w7_c16_k3_actrelu_d0.1_dense32_e50_lr0.001_b8,7,[16],3,relu,0.1,32,50,0.001,8,0.014296,0.011208,0.01656,0.0126,0.002265,0.001392,1.158437,1.124196
CNN_w7_c32_k2_actleaky_relu_d0.1_dense32_e50_lr0.001_b8,7,[32],2,leaky_relu,0.1,32,50,0.001,8,0.015366,0.012511,0.016569,0.01248,0.001202,-3.1e-05,1.078238,0.997498
CNN_w5_c16_k2_actleaky_relu_d0.1_dense32_e50_lr0.0005_b16,5,[16],2,leaky_relu,0.1,32,50,0.0005,16,0.013372,0.010289,0.016578,0.012708,0.003206,0.002418,1.239749,1.235055
CNN_w4_c16_k3_actleaky_relu_d0.1_dense32_e50_lr0.0005_b16,4,[16],3,leaky_relu,0.1,32,50,0.0005,16,0.013163,0.009688,0.016584,0.01251,0.003421,0.002822,1.259933,1.291306
CNN_w7_c32_k3_actrelu_d0.1_dense16_e50_lr0.001_b16,7,[32],3,relu,0.1,16,50,0.001,16,0.014642,0.010967,0.016601,0.012786,0.00196,0.001819,1.133846,1.165855
CNN_w5_c32_k2_actleaky_relu_d0.1_dense16_e50_lr0.001_b16,5,[32],2,leaky_relu,0.1,16,50,0.001,16,0.012272,0.009164,0.016612,0.012932,0.00434,0.003768,1.353669,1.411139
CNN_w6_c16_k3_actrelu_d0.1_dense32_e50_lr0.001_b16,6,[16],3,relu,0.1,32,50,0.001,16,0.016919,0.013298,0.016632,0.012481,-0.000286,-0.000818,0.983083,0.938508
CNN_w7_c32_k2_actleaky_relu_d0.1_dense32_e50_lr0.001_b16,7,[32],2,leaky_relu,0.1,32,50,0.001,16,0.011523,0.008843,0.016637,0.012722,0.005114,0.003879,1.443816,1.438693
CNN_w5_c16_k3_actrelu_d0.1_dense32_e50_lr0.0005_b8,5,[16],3,relu,0.1,32,50,0.0005,8,0.0138,0.010684,0.016655,0.013437,0.002855,0.002753,1.206872,1.257654
CNN_w7_c16x32_k3_actleaky_relu_d0.1_dense16_e50_lr0.001_b8,7,"[16, 32]",3,leaky_relu,0.1,16,50,0.001,8,0.018681,0.014925,0.01666,0.01293,-0.002021,-0.001995,0.891809,0.866363
CNN_w7_c16_k2_actleaky_relu_d0.1_dense32_e50_lr0.0005_b8,7,[16],2,leaky_relu,0.1,32,50,0.0005,8,0.013766,0.010756,0.016663,0.012776,0.002898,0.00202,1.2105,1.187823
CNN_w4_c16_k2_actrelu_d0.1_dense16_e50_lr0.0005_b16,4,[16],2,relu,0.1,16,50,0.0005,16,0.013177,0.01011,0.016667,0.012531,0.00349,0.002421,1.264884,1.239479
CNN_w3_c16_k3_actleaky_relu_d0.1_dense32_e50_lr0.0005_b16,3,[16],3,leaky_relu,0.1,32,50,0.0005,16,0.013558,0.010078,0.016677,0.012513,0.003119,0.002435,1.230059,1.241624
CNN_w7_c16_k3_actleaky_relu_d0.1_dense32_e50_lr0.001_b8,7,[16],3,leaky_relu,0.1,32,50,0.001,8,0.014373,0.011137,0.01668,0.012729,0.002307,0.001592,1.16052,1.142955
CNN_w7_c32_k3_actrelu_d0.1_dense32_e50_lr0.001_b8,7,[32],3,relu,0.1,32,50,0.001,8,0.013462,0.010542,0.016696,0.01245,0.003234,0.001907,1.240272,1.180935
CNN_w5_c16_k2_actrelu_d0.1_dense16_e50_lr0.001_b8,5,[16],2,relu,0.1,16,50,0.001,8,0.013662,0.010427,0.016704,0.012899,0.003042,0.002473,1.22267,1.23715
CNN_w4_c32_k2_actrelu_d0.1_dense16_e50_lr0.0005_b16,4,[32],2,relu,0.1,16,50,0.0005,16,0.014019,0.010893,0.016771,0.01251,0.002752,0.001617,1.196333,1.148462
CNN_w3_c16_k3_actrelu_d0.1_dense32_e50_lr0.001_b16,3,[16],3,relu,0.1,32,50,0.001,16,0.015047,0.011878,0.0168,0.012702,0.001753,0.000824,1.116491,1.069374
CNN_w3_c16_k2_actleaky_relu_d0.1_dense16_e50_lr0.0005_b16,3,[16],2,leaky_relu,0.1,16,50,0.0005,16,0.013085,0.009616,0.0168,0.01285,0.003715,0.003235,1.283871,1.336403
CNN_w4_c16_k2_actrelu_d0.1_dense32_e50_lr0.0005_b16,4,[16],2,relu,0.1,32,50,0.0005,16,0.012451,0.009277,0.016849,0.012773,0.004398,0.003495,1.353231,1.376747
CNN_w4_c16x32_k3_actleaky_relu_d0.1_dense32_e50_lr0.001_b16,4,"[16, 32]",3,leaky_relu,0.1,32,50,0.001,16,0.015831,0.012865,0.016855,0.013275,0.001024,0.000409,1.064662,1.031825
CNN_w6_c16_k3_actrelu_d0.1_dense16_e50_lr0.001_b16,6,[16],3,relu,0.1,16,50,0.001,16,0.014017,0.010725,0.016861,0.01299,0.002844,0.002265,1.202922,1.21121
CNN_w5_c32_k2_actrelu_d0.1_dense16_e50_lr0.0005_b16,5,[32],2,relu,0.1,16,50,0.0005,16,0.013631,0.010512,0.016905,0.012698,0.003274,0.002186,1.240193,1.207953
CNN_w5_c16_k3_actrelu_d0.1_dense16_e50_lr0.001_b16,5,[16],3,relu,0.1,16,50,0.001,16,0.013608,0.010095,0.016962,0.01268,0.003354,0.002585,1.246471,1.256041
CNN_w5_c16_k2_actleaky_relu_d0.1_dense16_e50_lr0.001_b16,5,[16],2,leaky_relu,0.1,16,50,0.001,16,0.01336,0.010043,0.016989,0.013386,0.003629,0.003343,1.271623,1.332874
CNN_w7_c32_k2_actleaky_relu_d0.1_dense16_e50_lr0.001_b8,7,[32],2,leaky_relu,0.1,16,50,0.001,8,0.014812,0.011397,0.016991,0.013195,0.002179,0.001798,1.147135,1.157783
CNN_w3_c16_k3_actrelu_d0.1_dense32_e50_lr0.001_b8,3,[16],3,relu,0.1,32,50,0.001,8,0.015152,0.012062,0.016998,0.012489,0.001845,0.000427,1.121785,1.035392
CNN_w7_c16_k2_actleaky_relu_d0.1_dense16_e50_lr0.0005_b8,7,[16],2,leaky_relu,0.1,16,50,0.0005,8,0.014396,0.011396,0.017022,0.012985,0.002626,0.00159,1.18242,1.13949
CNN_w6_c32_k2_actrelu_d0.1_dense16_e50_lr0.0005_b8,6,[32],2,relu,0.1,16,50,0.0005,8,0.016878,0.013326,0.017063,0.01311,0.000184,-0.000216,1.010923,0.983779
CNN_w4_c16_k2_actleaky_relu_d0.1_dense32_e50_lr0.0005_b16,4,[16],2,leaky_relu,0.1,32,50,0.0005,16,0.012484,0.009295,0.017091,0.013074,0.004607,0.00378,1.369077,1.406646
CNN_w6_c16_k3_actrelu_d0.1_dense16_e50_lr0.0005_b16,6,[16],3,relu,0.1,16,50,0.0005,16,0.014496,0.011251,0.017135,0.013251,0.00264,0.002,1.182113,1.177727
CNN_w7_c16_k2_actleaky_relu_d0.1_dense16_e50_lr0.001_b16,7,[16],2,leaky_relu,0.1,16,50,0.001,16,0.012853,0.009883,0.017144,0.013106,0.004291,0.003223,1.333834,1.326137
CNN_w4_c16_k3_actrelu_d0.1_dense16_e50_lr0.001_b8,4,[16],3,relu,0.1,16,50,0.001,8,0.01616,0.012083,0.017145,0.012446,0.000986,0.000363,1.060996,1.030032
CNN_w5_c16_k2_actleaky_relu_d0.1_dense32_e50_lr0.0005_b8,5,[16],2,leaky_relu,0.1,32,50,0.0005,8,0.014264,0.01101,0.017145,0.013535,0.002882,0.002525,1.202042,1.229326
CNN_w7_c16x32_k3_actrelu_d0.1_dense16_e50_lr0.001_b8,7,"[16, 32]",3,relu,0.1,16,50,0.001,8,0.018082,0.014536,0.017169,0.01312,-0.000913,-0.001416,0.949501,0.902593
CNN_w7_c32_k2_actrelu_d0.1_dense32_e50_lr0.001_b16,7,[32],2,relu,0.1,32,50,0.001,16,0.011714,0.009064,0.01717,0.01315,0.005455,0.004086,1.465701,1.450814
CNN_w5_c32_k2_actleaky_relu_d0.1_dense16_e50_lr0.0005_b16,5,[32],2,leaky_relu,0.1,16,50,0.0005,16,0.01295,0.009755,0.017218,0.012897,0.004268,0.003142,1.329614,1.322102
CNN_w3_c16_k2_actrelu_d0.1_dense16_e50_lr0.0005_b16,3,[16],2,relu,0.1,16,50,0.0005,16,0.013486,0.009922,0.017224,0.013125,0.003738,0.003203,1.27719,1.322841
CNN_w4_c16_k2_actleaky_relu_d0.1_dense16_e50_lr0.0005_b16,4,[16],2,leaky_relu,0.1,16,50,0.0005,16,0.013084,0.010079,0.017229,0.013048,0.004144,0.002969,1.316743,1.294589
CNN_w7_c16x32_k3_actrelu_d0.1_dense32_e50_lr0.0005_b8,7,"[16, 32]",3,relu,0.1,32,50,0.0005,8,0.018641,0.014725,0.017229,0.013211,-0.001412,-0.001514,0.924229,0.897181
CNN_w4_c16x32_k3_actleaky_relu_d0.1_dense32_e50_lr0.0005_b16,4,"[16, 32]",3,leaky_relu,0.1,32,50,0.0005,16,0.017378,0.013895,0.017235,0.01337,-0.000143,-0.000525,0.99177,0.962201
CNN_w7_c16_k2_actrelu_d0.1_dense16_e50_lr0.001_b16,7,[16],2,relu,0.1,16,50,0.001,16,0.01284,0.009921,0.017241,0.013174,0.004401,0.003253,1.342752,1.327873
CNN_w3_c32_k3_actleaky_relu_d0.1_dense32_e50_lr0.001_b16,3,[32],3,leaky_relu,0.1,32,50,0.001,16,0.01544,0.011933,0.017256,0.013261,0.001816,0.001328,1.117617,1.111248
CNN_w4_c32_k2_actleaky_relu_d0.1_dense16_e50_lr0.0005_b8,4,[32],2,leaky_relu,0.1,16,50,0.0005,8,0.014578,0.011371,0.017278,0.013351,0.002701,0.00198,1.185261,1.174136
CNN_w3_c16x32_k2_actleaky_relu_d0.1_dense32_e50_lr0.0005_b8,3,"[16, 32]",2,leaky_relu,0.1,32,50,0.0005,8,0.018451,0.014701,0.017279,0.013215,-0.001172,-0.001486,0.936463,0.898929
CNN_w4_c16_k2_actrelu_d0.1_dense32_e50_lr0.0005_b8,4,[16],2,relu,0.1,32,50,0.0005,8,0.014374,0.010908,0.017288,0.013053,0.002914,0.002145,1.202688,1.196631
CNN_w5_c32_k2_actleaky_relu_d0.1_dense32_e50_lr0.001_b8,5,[32],2,leaky_relu,0.1,32,50,0.001,8,0.013439,0.010304,0.017326,0.013859,0.003888,0.003556,1.289288,1.345069
CNN_w7_c16_k2_actleaky_relu_d0.1_dense16_e50_lr0.0005_b16,7,[16],2,leaky_relu,0.1,16,50,0.0005,16,0.013012,0.009804,0.017353,0.012943,0.004342,0.003139,1.333677,1.320153
CNN_w3_c16_k2_actleaky_relu_d0.1_dense16_e50_lr0.001_b16,3,[16],2,leaky_relu,0.1,16,50,0.001,16,0.013828,0.010154,0.017361,0.013305,0.003533,0.003151,1.255537,1.310312
CNN_w7_c16_k3_actleaky_relu_d0.1_dense16_e50_lr0.0005_b16,7,[16],3,leaky_relu,0.1,16,50,0.0005,16,0.013655,0.010328,0.017374,0.013344,0.003718,0.003016,1.272286,1.292009
CNN_w3_c16x32_k2_actleaky_relu_d0.1_dense16_e50_lr0.0005_b16,3,"[16, 32]",2,leaky_relu,0.1,16,50,0.0005,16,0.016898,0.013182,0.017487,0.013437,0.000589,0.000256,1.034829,1.01939
CNN_w5_c16_k2_actrelu_d0.1_dense32_e50_lr0.0005_b8,5,[16],2,relu,0.1,32,50,0.0005,8,0.014234,0.010975,0.017542,0.013757,0.003307,0.002782,1.232354,1.253473
CNN_w4_c16x32_k3_actleaky_relu_d0.1_dense16_e50_lr0.0005_b16,4,"[16, 32]",3,leaky_relu,0.1,16,50,0.0005,16,0.016206,0.012751,0.017833,0.013435,0.001627,0.000684,1.100369,1.05367
CNN_w4_c16x32_k2_actrelu_d0.1_dense32_e50_lr0.001_b16,4,"[16, 32]",2,relu,0.1,32,50,0.001,16,0.016097,0.012534,0.017857,0.013745,0.00176,0.001211,1.109306,1.096589
CNN_w5_c16x32_k3_actleaky_relu_d0.1_dense16_e50_lr0.0005_b8,5,"[16, 32]",3,leaky_relu,0.1,16,50,0.0005,8,0.018527,0.014547,0.017932,0.013513,-0.000595,-0.001034,0.967882,0.928889
CNN_w7_c16_k2_actrelu_d0.1_dense16_e50_lr0.0005_b16,7,[16],2,relu,0.1,16,50,0.0005,16,0.013616,0.010334,0.017955,0.01338,0.00434,0.003046,1.31872,1.294733
CNN_w7_c16x32_k3_actleaky_relu_d0.1_dense32_e50_lr0.0005_b8,7,"[16, 32]",3,leaky_relu,0.1,32,50,0.0005,8,0.016466,0.012584,0.017995,0.013184,0.001529,0.0006,1.092831,1.047674
CNN_w3_c16_k3_actrelu_d0.1_dense16_e50_lr0.001_b16,3,[16],3,relu,0.1,16,50,0.001,16,0.014171,0.010649,0.018029,0.013918,0.003858,0.003269,1.272231,1.306973
CNN_w5_c16_k3_actleaky_relu_d0.1_dense16_e50_lr0.001_b8,5,[16],3,leaky_relu,0.1,16,50,0.001,8,0.018179,0.014397,0.018069,0.013538,-0.00011,-0.000859,0.993922,0.940338
CNN_w3_c16x32_k3_actleaky_relu_d0.1_dense16_e50_lr0.0005_b8,3,"[16, 32]",3,leaky_relu,0.1,16,50,0.0005,8,0.018182,0.014482,0.01809,0.013598,-9.2e-05,-0.000884,0.994966,0.938977
CNN_w5_c32_k2_actrelu_d0.1_dense16_e50_lr0.001_b16,5,[32],2,relu,0.1,16,50,0.001,16,0.013916,0.010372,0.018125,0.013715,0.004208,0.003342,1.302407,1.322249
CNN_w3_c16_k3_actrelu_d0.1_dense32_e50_lr0.0005_b16,3,[16],3,relu,0.1,32,50,0.0005,16,0.015605,0.011975,0.018133,0.01356,0.002528,0.001585,1.162017,1.132349
CNN_w3_c16x32_k2_actrelu_d0.1_dense16_e50_lr0.0005_b16,3,"[16, 32]",2,relu,0.1,16,50,0.0005,16,0.018004,0.014017,0.018133,0.013784,0.000129,-0.000233,1.007173,0.983383
CNN_w4_c16x32_k2_actleaky_relu_d0.1_dense32_e50_lr0.001_b16,4,"[16, 32]",2,leaky_relu,0.1,32,50,0.001,16,0.015726,0.012087,0.018136,0.01397,0.00241,0.001883,1.153258,1.155768
CNN_w3_c16x32_k3_actleaky_relu_d0.1_dense32_e50_lr0.001_b8,3,"[16, 32]",3,leaky_relu,0.1,32,50,0.001,8,0.021668,0.01755,0.018161,0.014439,-0.003507,-0.003111,0.838146,0.82276
CNN_w7_c32_k3_actleaky_relu_d0.1_dense16_e50_lr0.001_b16,7,[32],3,leaky_relu,0.1,16,50,0.001,16,0.01444,0.010907,0.01818,0.013306,0.00374,0.002398,1.258978,1.219862
CNN_w4_c16_k2_actleaky_relu_d0.1_dense32_e50_lr0.0005_b8,4,[16],2,leaky_relu,0.1,32,50,0.0005,8,0.014455,0.010799,0.018266,0.014001,0.003812,0.003202,1.263699,1.296519
CNN_w3_c16x32_k2_actleaky_relu_d0.1_dense16_e50_lr0.0005_b8,3,"[16, 32]",2,leaky_relu,0.1,16,50,0.0005,8,0.018608,0.014908,0.018275,0.014548,-0.000333,-0.000359,0.982116,0.975896
CNN_w7_c16_k3_actrelu_d0.1_dense16_e50_lr0.0005_b16,7,[16],3,relu,0.1,16,50,0.0005,16,0.014755,0.011032,0.018285,0.013764,0.003529,0.002732,1.239194,1.247645
CNN_w7_c16x32_k3_actrelu_d0.1_dense32_e50_lr0.001_b8,7,"[16, 32]",3,relu,0.1,32,50,0.001,8,0.020396,0.016008,0.018318,0.013931,-0.002078,-0.002077,0.89813,0.870242
CNN_w7_c16_k2_actrelu_d0.1_dense32_e50_lr0.001_b8,7,[16],2,relu,0.1,32,50,0.001,8,0.013087,0.009982,0.018351,0.013865,0.005264,0.003883,1.402232,1.389014
CNN_w7_c32_k2_actrelu_d0.1_dense16_e50_lr0.0005_b16,7,[32],2,relu,0.1,16,50,0.0005,16,0.013249,0.010049,0.018358,0.013572,0.005109,0.003523,1.385606,1.350558
CNN_w5_c16x32_k3_actrelu_d0.1_dense16_e50_lr0.0005_b8,5,"[16, 32]",3,relu,0.1,16,50,0.0005,8,0.016816,0.013086,0.018388,0.013762,0.001572,0.000676,1.09346,1.051665
CNN_w3_c16x32_k2_actleaky_relu_d0.1_dense32_e50_lr0.001_b16,3,"[16, 32]",2,leaky_relu,0.1,32,50,0.001,16,0.018886,0.015165,0.018392,0.014064,-0.000493,-0.001101,0.973872,0.927394
CNN_w5_c16_k3_actrelu_d0.1_dense16_e50_lr0.001_b8,5,[16],3,relu,0.1,16,50,0.001,8,0.016976,0.012933,0.018443,0.013882,0.001467,0.000949,1.086426,1.073405
CNN_w4_c16x32_k2_actrelu_d0.1_dense32_e50_lr0.0005_b16,4,"[16, 32]",2,relu,0.1,32,50,0.0005,16,0.017223,0.013621,0.018483,0.014335,0.00126,0.000713,1.073161,1.052371
CNN_w5_c16_k2_actleaky_relu_d0.1_dense16_e50_lr0.001_b8,5,[16],2,leaky_relu,0.1,16,50,0.001,8,0.014198,0.010884,0.018546,0.014315,0.004347,0.003432,1.306187,1.315337
CNN_w5_c32_k2_actleaky_relu_d0.1_dense16_e50_lr0.001_b8,5,[32],2,leaky_relu,0.1,16,50,0.001,8,0.016813,0.013139,0.018624,0.014468,0.001811,0.001329,1.107742,1.101139
CNN_w3_c16x32_k2_actrelu_d0.1_dense16_e50_lr0.0005_b8,3,"[16, 32]",2,relu,0.1,16,50,0.0005,8,0.020188,0.016491,0.018631,0.015068,-0.001557,-0.001423,0.922873,0.913702
CNN_w7_c32_k2_actleaky_relu_d0.1_dense16_e50_lr0.0005_b16,7,[32],2,leaky_relu,0.1,16,50,0.0005,16,0.012953,0.009862,0.018679,0.014065,0.005727,0.004204,1.442126,1.426261
CNN_w7_c32_k2_actrelu_d0.1_dense16_e50_lr0.001_b16,7,[32],2,relu,0.1,16,50,0.001,16,0.013209,0.010117,0.018721,0.014291,0.005513,0.004173,1.417339,1.412498
CNN_w4_c16x32_k2_actleaky_relu_d0.1_dense32_e50_lr0.0005_b16,4,"[16, 32]",2,leaky_relu,0.1,32,50,0.0005,16,0.016822,0.013088,0.018753,0.014335,0.001931,0.001247,1.114771,1.095299
CNN_w7_c16_k3_actleaky_relu_d0.1_dense16_e50_lr0.001_b16,7,[16],3,leaky_relu,0.1,16,50,0.001,16,0.014093,0.010837,0.018761,0.014692,0.004668,0.003855,1.331207,1.355727
CNN_w4_c16x32_k3_actleaky_relu_d0.1_dense32_e50_lr0.0005_b8,4,"[16, 32]",3,leaky_relu,0.1,32,50,0.0005,8,0.01897,0.015121,0.018762,0.014388,-0.000208,-0.000733,0.989027,0.951517
CNN_w3_c16x32_k3_actleaky_relu_d0.1_dense16_e50_lr0.001_b8,3,"[16, 32]",3,leaky_relu,0.1,16,50,0.001,8,0.018875,0.015188,0.018764,0.01458,-0.000112,-0.000608,0.994079,0.959994
CNN_w7_c16x32_k3_actleaky_relu_d0.1_dense16_e50_lr0.001_b16,7,"[16, 32]",3,leaky_relu,0.1,16,50,0.001,16,0.016513,0.012808,0.018806,0.01395,0.002293,0.001142,1.138891,1.089189
CNN_w4_c16_k3_actrelu_d0.1_dense32_e50_lr0.001_b8,4,[16],3,relu,0.1,32,50,0.001,8,0.016308,0.012138,0.018811,0.014197,0.002503,0.002059,1.153497,1.169641
CNN_w3_c16x32_k2_actleaky_relu_d0.1_dense32_e50_lr0.0005_b16,3,"[16, 32]",2,leaky_relu,0.1,32,50,0.0005,16,0.018803,0.014708,0.018842,0.014145,4e-05,-0.000563,1.002101,0.961746
CNN_w4_c16x32_k3_actrelu_d0.1_dense32_e50_lr0.0005_b16,4,"[16, 32]",3,relu,0.1,32,50,0.0005,16,0.020075,0.01606,0.018897,0.014931,-0.001178,-0.001129,0.941302,0.929707
CNN_w4_c16x32_k3_actleaky_relu_d0.1_dense16_e50_lr0.001_b16,4,"[16, 32]",3,leaky_relu,0.1,16,50,0.001,16,0.018273,0.014356,0.018935,0.014415,0.000661,5.9e-05,1.036199,1.004117
CNN_w3_c16x32_k2_actrelu_d0.1_dense16_e50_lr0.001_b8,3,"[16, 32]",2,relu,0.1,16,50,0.001,8,0.021453,0.017367,0.019041,0.015244,-0.002412,-0.002123,0.887567,0.877734
CNN_w4_c32_k2_actleaky_relu_d0.1_dense16_e50_lr0.001_b8,4,[32],2,leaky_relu,0.1,16,50,0.001,8,0.016614,0.012469,0.019095,0.014497,0.002482,0.002028,1.149374,1.162673
CNN_w7_c16x32_k2_actrelu_d0.1_dense16_e50_lr0.001_b8,7,"[16, 32]",2,relu,0.1,16,50,0.001,8,0.021452,0.016664,0.019139,0.014826,-0.002313,-0.001838,0.892188,0.889694
CNN_w7_c16_k3_actrelu_d0.1_dense16_e50_lr0.001_b16,7,[16],3,relu,0.1,16,50,0.001,16,0.014823,0.011496,0.019205,0.015091,0.004382,0.003595,1.295659,1.312694
CNN_w4_c16_k2_actleaky_relu_d0.1_dense32_e50_lr0.001_b8,4,[16],2,leaky_relu,0.1,32,50,0.001,8,0.016576,0.012181,0.019386,0.014751,0.00281,0.002571,1.169538,1.211057
CNN_w7_c16x32_k2_actleaky_relu_d0.1_dense32_e50_lr0.0005_b8,7,"[16, 32]",2,leaky_relu,0.1,32,50,0.0005,8,0.01987,0.015633,0.019401,0.015117,-0.000469,-0.000516,0.976403,0.966986
CNN_w3_c16x32_k3_actleaky_relu_d0.1_dense32_e50_lr0.0005_b8,3,"[16, 32]",3,leaky_relu,0.1,32,50,0.0005,8,0.022474,0.017977,0.019465,0.015229,-0.003009,-0.002747,0.866093,0.847176
CNN_w4_c16x32_k3_actrelu_d0.1_dense16_e50_lr0.0005_b8,4,"[16, 32]",3,relu,0.1,16,50,0.0005,8,0.023176,0.017981,0.01949,0.015501,-0.003685,-0.002479,0.840985,0.862106
CNN_w4_c16x32_k3_actleaky_relu_d0.1_dense16_e50_lr0.0005_b8,4,"[16, 32]",3,leaky_relu,0.1,16,50,0.0005,8,0.021414,0.017043,0.019493,0.01544,-0.001921,-0.001603,0.910309,0.905955
CNN_w7_c16_k2_actleaky_relu_d0.1_dense32_e50_lr0.001_b8,7,[16],2,leaky_relu,0.1,32,50,0.001,8,0.017116,0.013075,0.019532,0.014953,0.002416,0.001877,1.141137,1.143583
CNN_w4_c16x32_k2_actleaky_relu_d0.1_dense16_e50_lr0.001_b8,4,"[16, 32]",2,leaky_relu,0.1,16,50,0.001,8,0.017895,0.014074,0.019555,0.015146,0.001661,0.001072,1.092804,1.076139
CNN_w5_c16x32_k3_actrelu_d0.1_dense32_e50_lr0.0005_b8,5,"[16, 32]",3,relu,0.1,32,50,0.0005,8,0.018111,0.013907,0.01957,0.014448,0.00146,0.000542,1.080589,1.038939
CNN_w7_c16x32_k3_actleaky_relu_d0.1_dense32_e50_lr0.001_b16,7,"[16, 32]",3,leaky_relu,0.1,32,50,0.001,16,0.018782,0.015383,0.019601,0.015011,0.000819,-0.000372,1.043594,0.975789
CNN_w4_c16x32_k2_actleaky_relu_d0.1_dense32_e50_lr0.001_b8,4,"[16, 32]",2,leaky_relu,0.1,32,50,0.001,8,0.020034,0.01601,0.019615,0.015505,-0.000419,-0.000506,0.979074,0.968411
CNN_w7_c16_k2_actrelu_d0.1_dense16_e50_lr0.0005_b8,7,[16],2,relu,0.1,16,50,0.0005,8,0.016183,0.012812,0.019616,0.015194,0.003434,0.002382,1.212185,1.18594
CNN_w4_c16_k2_actrelu_d0.1_dense16_e50_lr0.001_b16,4,[16],2,relu,0.1,16,50,0.001,16,0.014482,0.010902,0.019626,0.014777,0.005144,0.003875,1.355177,1.355466
CNN_w4_c16_k2_actleaky_relu_d0.1_dense16_e50_lr0.0005_b8,4,[16],2,leaky_relu,0.1,16,50,0.0005,8,0.015337,0.011673,0.019689,0.01507,0.004352,0.003397,1.283744,1.291039
CNN_w3_c16x32_k2_actrelu_d0.1_dense32_e50_lr0.001_b16,3,"[16, 32]",2,relu,0.1,32,50,0.001,16,0.019635,0.01549,0.019696,0.014672,6.1e-05,-0.000818,1.003089,0.947218
CNN_w4_c16_k2_actleaky_relu_d0.1_dense16_e50_lr0.001_b16,4,[16],2,leaky_relu,0.1,16,50,0.001,16,0.014828,0.011188,0.019812,0.014927,0.004984,0.003739,1.336111,1.334204
CNN_w5_c16x32_k3_actleaky_relu_d0.1_dense16_e50_lr0.001_b8,5,"[16, 32]",3,leaky_relu,0.1,16,50,0.001,8,0.023763,0.018588,0.019872,0.015581,-0.003891,-0.003007,0.836242,0.838228
CNN_w4_c16x32_k3_actrelu_d0.1_dense16_e50_lr0.0005_b16,4,"[16, 32]",3,relu,0.1,16,50,0.0005,16,0.019863,0.015685,0.019893,0.015159,3e-05,-0.000526,1.00149,0.966465
CNN_w3_c16x32_k3_actrelu_d0.1_dense16_e50_lr0.0005_b8,3,"[16, 32]",3,relu,0.1,16,50,0.0005,8,0.017568,0.013699,0.019928,0.01498,0.002361,0.001281,1.13437,1.093533
CNN_w4_c16x32_k2_actleaky_relu_d0.1_dense16_e50_lr0.0005_b8,4,"[16, 32]",2,leaky_relu,0.1,16,50,0.0005,8,0.018521,0.014678,0.019959,0.015084,0.001438,0.000406,1.077666,1.027671
CNN_w4_c32_k2_actrelu_d0.1_dense16_e50_lr0.001_b8,4,[32],2,relu,0.1,16,50,0.001,8,0.016484,0.012217,0.019973,0.015076,0.003489,0.002859,1.211645,1.233991
CNN_w4_c16x32_k2_actrelu_d0.1_dense32_e50_lr0.001_b8,4,"[16, 32]",2,relu,0.1,32,50,0.001,8,0.018189,0.0143,0.020008,0.01519,0.001819,0.000889,1.100019,1.062194
CNN_w3_c16_k2_actrelu_d0.1_dense16_e50_lr0.001_b16,3,[16],2,relu,0.1,16,50,0.001,16,0.015744,0.012055,0.020016,0.015862,0.004272,0.003807,1.271375,1.315807
CNN_w3_c16x32_k2_actleaky_relu_d0.1_dense16_e50_lr0.001_b8,3,"[16, 32]",2,leaky_relu,0.1,16,50,0.001,8,0.021339,0.017189,0.020033,0.01603,-0.001306,-0.001159,0.938784,0.9326
CNN_w3_c16x32_k2_actrelu_d0.1_dense32_e50_lr0.0005_b16,3,"[16, 32]",2,relu,0.1,32,50,0.0005,16,0.020818,0.016621,0.020077,0.015251,-0.000741,-0.00137,0.964395,0.917565
CNN_w7_c16x32_k2_actrelu_d0.1_dense16_e50_lr0.0005_b8,7,"[16, 32]",2,relu,0.1,16,50,0.0005,8,0.020027,0.016155,0.020091,0.014949,6.4e-05,-0.001206,1.003172,0.925343
CNN_w6_c16x32_k3_actleaky_relu_d0.1_dense32_e50_lr0.0005_b8,6,"[16, 32]",3,leaky_relu,0.1,32,50,0.0005,8,0.01976,0.015726,0.020195,0.015694,0.000435,-3.2e-05,1.022028,0.997941
CNN_w7_c16x32_k3_actrelu_d0.1_dense32_e50_lr0.001_b16,7,"[16, 32]",3,relu,0.1,32,50,0.001,16,0.01976,0.01577,0.020223,0.015584,0.000463,-0.000185,1.023448,0.988248
CNN_w7_c16x32_k2_actleaky_relu_d0.1_dense32_e50_lr0.001_b8,7,"[16, 32]",2,leaky_relu,0.1,32,50,0.001,8,0.01979,0.01552,0.020239,0.015572,0.000449,5.2e-05,1.022672,1.003358
CNN_w3_c16x32_k3_actrelu_d0.1_dense32_e50_lr0.001_b8,3,"[16, 32]",3,relu,0.1,32,50,0.001,8,0.021939,0.018057,0.020246,0.015726,-0.001693,-0.002331,0.922845,0.870896
CNN_w3_c16x32_k3_actleaky_relu_d0.1_dense16_e50_lr0.0005_b16,3,"[16, 32]",3,leaky_relu,0.1,16,50,0.0005,16,0.02031,0.01602,0.020314,0.015542,3e-06,-0.000478,1.000169,0.970157
CNN_w4_c16_k2_actrelu_d0.1_dense16_e50_lr0.0005_b8,4,[16],2,relu,0.1,16,50,0.0005,8,0.017285,0.013647,0.020459,0.01576,0.003174,0.002113,1.183612,1.154821
CNN_w4_c16x32_k2_actrelu_d0.1_dense16_e50_lr0.0005_b8,4,"[16, 32]",2,relu,0.1,16,50,0.0005,8,0.018938,0.014834,0.020475,0.015528,0.001537,0.000694,1.081134,1.046788
CNN_w7_c16_k2_actrelu_d0.1_dense16_e50_lr0.001_b8,7,[16],2,relu,0.1,16,50,0.001,8,0.01783,0.014193,0.020475,0.015756,0.002646,0.001563,1.148376,1.110121
CNN_w6_c16x32_k3_actleaky_relu_d0.1_dense32_e50_lr0.001_b8,6,"[16, 32]",3,leaky_relu,0.1,32,50,0.001,8,0.021894,0.01753,0.02054,0.016369,-0.001355,-0.001161,0.938118,0.933785
CNN_w4_c16x32_k3_actleaky_relu_d0.1_dense32_e50_lr0.001_b8,4,"[16, 32]",3,leaky_relu,0.1,32,50,0.001,8,0.019628,0.015666,0.020621,0.015887,0.000993,0.000221,1.050574,1.01408
CNN_w4_c16x32_k3_actrelu_d0.1_dense16_e50_lr0.001_b16,4,"[16, 32]",3,relu,0.1,16,50,0.001,16,0.01939,0.01473,0.020747,0.015664,0.001357,0.000933,1.069974,1.063357
CNN_w6_c16x32_k3_actleaky_relu_d0.1_dense16_e50_lr0.0005_b8,6,"[16, 32]",3,leaky_relu,0.1,16,50,0.0005,8,0.019404,0.015004,0.02075,0.015573,0.001347,0.000568,1.069395,1.037866
CNN_w7_c16x32_k2_actleaky_relu_d0.1_dense16_e50_lr0.0005_b8,7,"[16, 32]",2,leaky_relu,0.1,16,50,0.0005,8,0.018703,0.014783,0.020795,0.015589,0.002091,0.000807,1.11182,1.054571
CNN_w7_c16x32_k3_actrelu_d0.1_dense16_e50_lr0.001_b16,7,"[16, 32]",3,relu,0.1,16,50,0.001,16,0.020543,0.016226,0.020954,0.015705,0.000411,-0.000521,1.019984,0.967887
CNN_w6_c16x32_k3_actrelu_d0.1_dense32_e50_lr0.001_b8,6,"[16, 32]",3,relu,0.1,32,50,0.001,8,0.020539,0.016476,0.020971,0.016055,0.000433,-0.000421,1.021067,0.97444
CNN_w6_c16x32_k3_actrelu_d0.1_dense32_e50_lr0.0005_b8,6,"[16, 32]",3,relu,0.1,32,50,0.0005,8,0.019809,0.01587,0.020982,0.01608,0.001173,0.00021,1.059232,1.013258
CNN_w3_c16x32_k3_actrelu_d0.1_dense32_e50_lr0.001_b16,3,"[16, 32]",3,relu,0.1,32,50,0.001,16,0.020728,0.016361,0.020999,0.016059,0.00027,-0.000301,1.01304,0.981577
CNN_w3_c16x32_k3_actleaky_relu_d0.1_dense32_e50_lr0.001_b16,3,"[16, 32]",3,leaky_relu,0.1,32,50,0.001,16,0.021357,0.016762,0.021253,0.015879,-0.000104,-0.000883,0.995115,0.94731
CNN_w3_c16x32_k3_actrelu_d0.1_dense32_e50_lr0.0005_b8,3,"[16, 32]",3,relu,0.1,32,50,0.0005,8,0.023579,0.019111,0.021257,0.0167,-0.002321,-0.002411,0.901546,0.873829
CNN_w7_c16x32_k3_actleaky_relu_d0.1_dense16_e50_lr0.0005_b16,7,"[16, 32]",3,leaky_relu,0.1,16,50,0.0005,16,0.01914,0.014996,0.021259,0.016042,0.002119,0.001046,1.110703,1.069771
CNN_w4_c16_k2_actleaky_relu_d0.1_dense16_e50_lr0.001_b8,4,[16],2,leaky_relu,0.1,16,50,0.001,8,0.017634,0.013497,0.021268,0.017045,0.003634,0.003548,1.20611,1.262907
CNN_w4_c16x32_k3_actleaky_relu_d0.1_dense16_e50_lr0.001_b8,4,"[16, 32]",3,leaky_relu,0.1,16,50,0.001,8,0.024582,0.019532,0.021273,0.016982,-0.003309,-0.00255,0.865392,0.869459
CNN_w3_c16x32_k3_actrelu_d0.1_dense16_e50_lr0.001_b8,3,"[16, 32]",3,relu,0.1,16,50,0.001,8,0.020719,0.016862,0.021299,0.016685,0.00058,-0.000177,1.028012,0.989486
CNN_w4_c16x32_k2_actleaky_relu_d0.1_dense16_e50_lr0.0005_b16,4,"[16, 32]",2,leaky_relu,0.1,16,50,0.0005,16,0.021432,0.017188,0.021317,0.016613,-0.000115,-0.000575,0.994635,0.966567
CNN_w4_c16x32_k2_actrelu_d0.1_dense16_e50_lr0.0005_b16,4,"[16, 32]",2,relu,0.1,16,50,0.0005,16,0.02044,0.016015,0.021377,0.016513,0.000937,0.000497,1.045839,1.031046
CNN_w7_c16x32_k2_actrelu_d0.1_dense16_e50_lr0.0005_b16,7,"[16, 32]",2,relu,0.1,16,50,0.0005,16,0.019007,0.014596,0.021488,0.015864,0.002481,0.001268,1.130509,1.086877
CNN_w6_c16x32_k3_actrelu_d0.1_dense16_e50_lr0.0005_b16,6,"[16, 32]",3,relu,0.1,16,50,0.0005,16,0.024743,0.019276,0.021509,0.016831,-0.003234,-0.002444,0.869302,0.873187
CNN_w6_c16x32_k3_actleaky_relu_d0.1_dense16_e50_lr0.001_b8,6,"[16, 32]",3,leaky_relu,0.1,16,50,0.001,8,0.019966,0.015445,0.02151,0.01619,0.001544,0.000745,1.077347,1.048258
CNN_w6_c16x32_k2_actleaky_relu_d0.1_dense32_e50_lr0.001_b16,6,"[16, 32]",2,leaky_relu,0.1,32,50,0.001,16,0.021768,0.017266,0.021575,0.016541,-0.000193,-0.000725,0.991156,0.958032
CNN_w4_c16_k2_actrelu_d0.1_dense32_e50_lr0.001_b8,4,[16],2,relu,0.1,32,50,0.001,8,0.017839,0.013382,0.021608,0.016704,0.003769,0.003323,1.211262,1.248299
CNN_w5_c16x32_k3_actleaky_relu_d0.1_dense32_e50_lr0.0005_b8,5,"[16, 32]",3,leaky_relu,0.1,32,50,0.0005,8,0.020088,0.015726,0.021647,0.016359,0.001559,0.000633,1.077601,1.040257
CNN_w4_c32_k3_actrelu_d0.1_dense16_e50_lr0.001_b8,4,[32],3,relu,0.1,16,50,0.001,8,0.018084,0.013295,0.021729,0.016643,0.003645,0.003348,1.201546,1.251852
CNN_w3_c16x32_k3_actleaky_relu_d0.1_dense32_e50_lr0.0005_b16,3,"[16, 32]",3,leaky_relu,0.1,32,50,0.0005,16,0.021398,0.016869,0.021847,0.016583,0.000449,-0.000286,1.020979,0.983056
CNN_w7_c16x32_k3_actrelu_d0.1_dense16_e50_lr0.0005_b16,7,"[16, 32]",3,relu,0.1,16,50,0.0005,16,0.019981,0.015672,0.021873,0.01677,0.001892,0.001098,1.094702,1.070068
CNN_w5_c16x32_k3_actleaky_relu_d0.1_dense16_e50_lr0.001_b16,5,"[16, 32]",3,leaky_relu,0.1,16,50,0.001,16,0.022771,0.018447,0.021902,0.017019,-0.00087,-0.001428,0.961808,0.922575
CNN_w3_c16x32_k3_actrelu_d0.1_dense16_e50_lr0.0005_b16,3,"[16, 32]",3,relu,0.1,16,50,0.0005,16,0.024764,0.019838,0.021925,0.017357,-0.002839,-0.002481,0.885352,0.874939
CNN_w3_c16x32_k2_actleaky_relu_d0.1_dense16_e50_lr0.001_b16,3,"[16, 32]",2,leaky_relu,0.1,16,50,0.001,16,0.021622,0.017003,0.021995,0.016972,0.000373,-3.1e-05,1.017228,0.998177
CNN_w3_c16x32_k2_actrelu_d0.1_dense16_e50_lr0.001_b16,3,"[16, 32]",2,relu,0.1,16,50,0.001,16,0.020927,0.015919,0.022006,0.016272,0.001079,0.000353,1.051577,1.02217
CNN_w7_c16x32_k3_actleaky_relu_d0.1_dense32_e50_lr0.0005_b16,7,"[16, 32]",3,leaky_relu,0.1,32,50,0.0005,16,0.019636,0.015357,0.022016,0.016777,0.00238,0.00142,1.121205,1.092458
CNN_w4_c16x32_k2_actleaky_relu_d0.1_dense32_e50_lr0.0005_b8,4,"[16, 32]",2,leaky_relu,0.1,32,50,0.0005,8,0.019219,0.014907,0.022157,0.016771,0.002938,0.001864,1.152845,1.125052
CNN_w7_c16x32_k3_actrelu_d0.1_dense32_e50_lr0.0005_b16,7,"[16, 32]",3,relu,0.1,32,50,0.0005,16,0.020022,0.015627,0.022281,0.01729,0.002259,0.001663,1.112821,1.106429
CNN_w4_c16x32_k3_actrelu_d0.1_dense32_e50_lr0.001_b16,4,"[16, 32]",3,relu,0.1,32,50,0.001,16,0.021483,0.017109,0.02231,0.017117,0.000827,8e-06,1.03849,1.000462
CNN_w7_c16x32_k2_actrelu_d0.1_dense32_e50_lr0.0005_b8,7,"[16, 32]",2,relu,0.1,32,50,0.0005,8,0.020469,0.016226,0.022354,0.017078,0.001885,0.000852,1.092084,1.052498
CNN_w4_c16x32_k2_actrelu_d0.1_dense16_e50_lr0.001_b16,4,"[16, 32]",2,relu,0.1,16,50,0.001,16,0.02008,0.015642,0.022381,0.017284,0.002301,0.001642,1.114575,1.104987
CNN_w4_c16x32_k2_actrelu_d0.1_dense32_e50_lr0.0005_b8,4,"[16, 32]",2,relu,0.1,32,50,0.0005,8,0.019951,0.01569,0.02249,0.017218,0.002539,0.001528,1.127255,1.097361
CNN_w6_c16x32_k3_actleaky_relu_d0.1_dense16_e50_lr0.0005_b16,6,"[16, 32]",3,leaky_relu,0.1,16,50,0.0005,16,0.023063,0.018136,0.022716,0.017205,-0.000347,-0.000931,0.984963,0.948662
CNN_w6_c16x32_k3_actleaky_relu_d0.1_dense32_e50_lr0.0005_b16,6,"[16, 32]",3,leaky_relu,0.1,32,50,0.0005,16,0.021372,0.016682,0.022737,0.017068,0.001365,0.000386,1.063862,1.023144
CNN_w4_c16_k2_actrelu_d0.1_dense16_e50_lr0.001_b8,4,[16],2,relu,0.1,16,50,0.001,8,0.019297,0.014635,0.022779,0.017584,0.003482,0.002949,1.180445,1.201505
CNN_w5_c16x32_k2_actleaky_relu_d0.1_dense16_e50_lr0.0005_b8,5,"[16, 32]",2,leaky_relu,0.1,16,50,0.0005,8,0.023263,0.018502,0.022937,0.017342,-0.000326,-0.001161,0.986001,0.937262
CNN_w6_c16x32_k3_actleaky_relu_d0.1_dense32_e50_lr0.001_b16,6,"[16, 32]",3,leaky_relu,0.1,32,50,0.001,16,0.021409,0.016999,0.023074,0.017385,0.001666,0.000386,1.077808,1.022712
CNN_w6_c16x32_k3_actrelu_d0.1_dense32_e50_lr0.0005_b16,6,"[16, 32]",3,relu,0.1,32,50,0.0005,16,0.022217,0.017639,0.02314,0.017534,0.000923,-0.000106,1.041535,0.994014
CNN_w6_c16x32_k2_actrelu_d0.1_dense16_e50_lr0.0005_b8,6,"[16, 32]",2,relu,0.1,16,50,0.0005,8,0.019578,0.014735,0.023184,0.017815,0.003606,0.003079,1.184184,1.208985
CNN_w5_c16x32_k2_actleaky_relu_d0.1_dense16_e50_lr0.001_b8,5,"[16, 32]",2,leaky_relu,0.1,16,50,0.001,8,0.022454,0.017605,0.023271,0.017301,0.000817,-0.000304,1.036367,0.982719
CNN_w7_c16x32_k2_actleaky_relu_d0.1_dense16_e50_lr0.001_b16,7,"[16, 32]",2,leaky_relu,0.1,16,50,0.001,16,0.020199,0.015338,0.023324,0.017749,0.003125,0.002411,1.15473,1.157167
CNN_w7_c16x32_k2_actrelu_d0.1_dense32_e50_lr0.0005_b16,7,"[16, 32]",2,relu,0.1,32,50,0.0005,16,0.021255,0.017038,0.023439,0.017949,0.002185,0.000912,1.102779,1.053509
CNN_w6_c16x32_k3_actrelu_d0.1_dense32_e50_lr0.001_b16,6,"[16, 32]",3,relu,0.1,32,50,0.001,16,0.021819,0.017259,0.023462,0.017991,0.001642,0.000732,1.075275,1.042435
CNN_w7_c16x32_k2_actleaky_relu_d0.1_dense16_e50_lr0.0005_b16,7,"[16, 32]",2,leaky_relu,0.1,16,50,0.0005,16,0.020536,0.015598,0.023563,0.01764,0.003028,0.002042,1.147426,1.130929
CNN_w3_c16x32_k3_actrelu_d0.1_dense32_e50_lr0.0005_b16,3,"[16, 32]",3,relu,0.1,32,50,0.0005,16,0.024289,0.01948,0.023584,0.018234,-0.000705,-0.001246,0.970955,0.936017
CNN_w6_c16x32_k2_actrelu_d0.1_dense32_e50_lr0.001_b16,6,"[16, 32]",2,relu,0.1,32,50,0.001,16,0.02372,0.019258,0.023615,0.018254,-0.000105,-0.001004,0.995585,0.947851
CNN_w4_c16x32_k2_actleaky_relu_d0.1_dense16_e50_lr0.001_b16,4,"[16, 32]",2,leaky_relu,0.1,16,50,0.001,16,0.022695,0.018229,0.023642,0.018405,0.000946,0.000176,1.0417,1.009637
CNN_w7_c16x32_k2_actleaky_relu_d0.1_dense32_e50_lr0.0005_b16,7,"[16, 32]",2,leaky_relu,0.1,32,50,0.0005,16,0.022238,0.018002,0.023655,0.018073,0.001417,7.1e-05,1.06371,1.00394
CNN_w6_c16x32_k2_actrelu_d0.1_dense16_e50_lr0.0005_b16,6,"[16, 32]",2,relu,0.1,16,50,0.0005,16,0.020918,0.016119,0.023661,0.018049,0.002743,0.00193,1.131123,1.119755
CNN_w6_c16x32_k2_actleaky_relu_d0.1_dense32_e50_lr0.0005_b16,6,"[16, 32]",2,leaky_relu,0.1,32,50,0.0005,16,0.023491,0.018872,0.023728,0.018338,0.000237,-0.000535,1.010101,0.971675
CNN_w5_c16x32_k3_actleaky_relu_d0.1_dense32_e50_lr0.001_b16,5,"[16, 32]",3,leaky_relu,0.1,32,50,0.001,16,0.023709,0.018605,0.023767,0.018227,5.9e-05,-0.000379,1.002472,0.979648
CNN_w5_c16x32_k2_actleaky_relu_d0.1_dense32_e50_lr0.0005_b16,5,"[16, 32]",2,leaky_relu,0.1,32,50,0.0005,16,0.023805,0.018899,0.02381,0.018377,5e-06,-0.000522,1.000216,0.972355
CNN_w6_c16x32_k3_actrelu_d0.1_dense16_e50_lr0.0005_b8,6,"[16, 32]",3,relu,0.1,16,50,0.0005,8,0.021644,0.015663,0.023853,0.017189,0.002209,0.001525,1.102085,1.09737
CNN_w5_c16x32_k2_actleaky_relu_d0.1_dense16_e50_lr0.001_b16,5,"[16, 32]",2,leaky_relu,0.1,16,50,0.001,16,0.026665,0.021581,0.023897,0.019119,-0.002767,-0.002461,0.896215,0.885957
CNN_w6_c16x32_k3_actleaky_relu_d0.1_dense16_e50_lr0.001_b16,6,"[16, 32]",3,leaky_relu,0.1,16,50,0.001,16,0.025257,0.020131,0.023899,0.018476,-0.001358,-0.001656,0.946218,0.917763
CNN_w5_c16x32_k2_actrelu_d0.1_dense32_e50_lr0.0005_b16,5,"[16, 32]",2,relu,0.1,32,50,0.0005,16,0.023596,0.018747,0.023962,0.018659,0.000366,-8.8e-05,1.015511,0.99532
CNN_w6_c16x32_k3_actrelu_d0.1_dense16_e50_lr0.001_b8,6,"[16, 32]",3,relu,0.1,16,50,0.001,8,0.024017,0.01851,0.023999,0.017493,-1.8e-05,-0.001017,0.999231,0.945077
CNN_w5_c16x32_k2_actrelu_d0.1_dense32_e50_lr0.001_b16,5,"[16, 32]",2,relu,0.1,32,50,0.001,16,0.02478,0.019602,0.024146,0.018862,-0.000634,-0.00074,0.974421,0.962266
CNN_w7_c16x32_k2_actleaky_relu_d0.1_dense16_e50_lr0.001_b8,7,"[16, 32]",2,leaky_relu,0.1,16,50,0.001,8,0.022133,0.017539,0.024192,0.018277,0.002059,0.000738,1.09304,1.042077
CNN_w5_c16x32_k3_actrelu_d0.1_dense16_e50_lr0.001_b8,5,"[16, 32]",3,relu,0.1,16,50,0.001,8,0.024961,0.019213,0.024304,0.017981,-0.000657,-0.001232,0.97368,0.93589
CNN_w6_c16x32_k2_actleaky_relu_d0.1_dense32_e50_lr0.0005_b8,6,"[16, 32]",2,leaky_relu,0.1,32,50,0.0005,8,0.025586,0.020563,0.02435,0.01917,-0.001236,-0.001393,0.951698,0.932235
CNN_w5_c16x32_k2_actrelu_d0.1_dense16_e50_lr0.0005_b8,5,"[16, 32]",2,relu,0.1,16,50,0.0005,8,0.026044,0.020985,0.024357,0.019233,-0.001687,-0.001752,0.935227,0.916511
CNN_w3_c16x32_k3_actrelu_d0.1_dense16_e50_lr0.001_b16,3,"[16, 32]",3,relu,0.1,16,50,0.001,16,0.027354,0.021534,0.024382,0.019332,-0.002972,-0.002202,0.89134,0.897758
CNN_w5_c16x32_k2_actrelu_d0.1_dense16_e50_lr0.001_b8,5,"[16, 32]",2,relu,0.1,16,50,0.001,8,0.025495,0.019961,0.02455,0.018908,-0.000945,-0.001052,0.962932,0.947275
CNN_w5_c16x32_k3_actleaky_relu_d0.1_dense16_e50_lr0.0005_b16,5,"[16, 32]",3,leaky_relu,0.1,16,50,0.0005,16,0.024941,0.019811,0.024585,0.018873,-0.000356,-0.000938,0.985716,0.952653
CNN_w5_c16x32_k3_actleaky_relu_d0.1_dense32_e50_lr0.0005_b16,5,"[16, 32]",3,leaky_relu,0.1,32,50,0.0005,16,0.025723,0.020343,0.0246,0.019028,-0.001123,-0.001315,0.956347,0.935358
CNN_w5_c16x32_k3_actrelu_d0.1_dense16_e50_lr0.0005_b16,5,"[16, 32]",3,relu,0.1,16,50,0.0005,16,0.024408,0.019269,0.024686,0.018877,0.000278,-0.000392,1.011397,0.979671
CNN_w6_c16x32_k2_actleaky_relu_d0.1_dense16_e50_lr0.0005_b8,6,"[16, 32]",2,leaky_relu,0.1,16,50,0.0005,8,0.024283,0.018981,0.024854,0.018938,0.000571,-4.3e-05,1.023509,0.997731
CNN_w5_c16x32_k2_actleaky_relu_d0.1_dense16_e50_lr0.0005_b16,5,"[16, 32]",2,leaky_relu,0.1,16,50,0.0005,16,0.027353,0.022312,0.025021,0.019746,-0.002332,-0.002566,0.914751,0.884993
CNN_w6_c16x32_k2_actrelu_d0.1_dense32_e50_lr0.0005_b16,6,"[16, 32]",2,relu,0.1,32,50,0.0005,16,0.024721,0.019892,0.025099,0.019306,0.000378,-0.000586,1.015299,0.970545
CNN_w6_c16x32_k2_actleaky_relu_d0.1_dense32_e50_lr0.001_b8,6,"[16, 32]",2,leaky_relu,0.1,32,50,0.001,8,0.024886,0.01989,0.025111,0.019547,0.000225,-0.000343,1.009037,0.98275
CNN_w6_c16x32_k2_actleaky_relu_d0.1_dense16_e50_lr0.0005_b16,6,"[16, 32]",2,leaky_relu,0.1,16,50,0.0005,16,0.025314,0.020017,0.025189,0.019107,-0.000125,-0.00091,0.995077,0.954539
CNN_w6_c16x32_k2_actrelu_d0.1_dense32_e50_lr0.0005_b8,6,"[16, 32]",2,relu,0.1,32,50,0.0005,8,0.026018,0.021045,0.02523,0.019944,-0.000788,-0.001101,0.96971,0.947694
CNN_w4_c16x32_k3_actrelu_d0.1_dense16_e50_lr0.001_b8,4,"[16, 32]",3,relu,0.1,16,50,0.001,8,0.028917,0.023229,0.02523,0.02059,-0.003687,-0.002639,0.872493,0.886409
CNN_w6_c16x32_k2_actrelu_d0.1_dense16_e50_lr0.001_b16,6,"[16, 32]",2,relu,0.1,16,50,0.001,16,0.025541,0.019832,0.025235,0.018902,-0.000307,-0.00093,0.987996,0.953099
CNN_w6_c16x32_k3_actrelu_d0.1_dense16_e50_lr0.001_b16,6,"[16, 32]",3,relu,0.1,16,50,0.001,16,0.028583,0.022713,0.02538,0.02008,-0.003204,-0.002633,0.887917,0.884094
CNN_w4_c16x32_k3_actrelu_d0.1_dense32_e50_lr0.0005_b8,4,"[16, 32]",3,relu,0.1,32,50,0.0005,8,0.0253,0.020374,0.025395,0.019984,9.5e-05,-0.000389,1.003753,0.980888
CNN_w5_c16x32_k3_actrelu_d0.1_dense32_e50_lr0.001_b16,5,"[16, 32]",3,relu,0.1,32,50,0.001,16,0.027638,0.021831,0.025451,0.019595,-0.002187,-0.002235,0.920863,0.897608
CNN_w5_c16x32_k2_actrelu_d0.1_dense16_e50_lr0.001_b16,5,"[16, 32]",2,relu,0.1,16,50,0.001,16,0.028742,0.023027,0.025472,0.02,-0.00327,-0.003027,0.886228,0.868553
CNN_w4_c16x32_k2_actrelu_d0.1_dense16_e50_lr0.001_b8,4,"[16, 32]",2,relu,0.1,16,50,0.001,8,0.023815,0.018353,0.025707,0.019559,0.001892,0.001206,1.079446,1.065711
CNN_w3_c16x32_k3_actleaky_relu_d0.1_dense16_e50_lr0.001_b16,3,"[16, 32]",3,leaky_relu,0.1,16,50,0.001,16,0.026825,0.021099,0.025775,0.019562,-0.00105,-0.001537,0.960851,0.927159
CNN_w6_c16x32_k2_actleaky_relu_d0.1_dense16_e50_lr0.001_b8,6,"[16, 32]",2,leaky_relu,0.1,16,50,0.001,8,0.028264,0.02286,0.025801,0.020535,-0.002463,-0.002325,0.912867,0.898288
CNN_w5_c16x32_k2_actrelu_d0.1_dense32_e50_lr0.0005_b8,5,"[16, 32]",2,relu,0.1,32,50,0.0005,8,0.02519,0.019694,0.025885,0.01988,0.000695,0.000185,1.027584,1.009399
CNN_w5_c16x32_k3_actrelu_d0.1_dense32_e50_lr0.0005_b16,5,"[16, 32]",3,relu,0.1,32,50,0.0005,16,0.028066,0.022299,0.026022,0.020227,-0.002044,-0.002071,0.927167,0.907105
CNN_w5_c16x32_k2_actleaky_relu_d0.1_dense32_e50_lr0.001_b16,5,"[16, 32]",2,leaky_relu,0.1,32,50,0.001,16,0.025423,0.019917,0.026094,0.020326,0.000671,0.000409,1.026392,1.020523
CNN_w5_c16x32_k3_actrelu_d0.1_dense32_e50_lr0.001_b8,5,"[16, 32]",3,relu,0.1,32,50,0.001,8,0.025214,0.019124,0.026236,0.019156,0.001022,3.2e-05,1.040541,1.00169
CNN_w4_c16x32_k3_actrelu_d0.1_dense32_e50_lr0.001_b8,4,"[16, 32]",3,relu,0.1,32,50,0.001,8,0.026449,0.021268,0.026463,0.020503,1.4e-05,-0.000766,1.000518,0.964006
CNN_w5_c16x32_k2_actrelu_d0.1_dense16_e50_lr0.0005_b16,5,"[16, 32]",2,relu,0.1,16,50,0.0005,16,0.028949,0.023427,0.026621,0.021246,-0.002329,-0.002181,0.919554,0.906899
CNN_w7_c16x32_k2_actrelu_d0.1_dense16_e50_lr0.001_b16,7,"[16, 32]",2,relu,0.1,16,50,0.001,16,0.023432,0.017169,0.026684,0.019098,0.003252,0.001929,1.13878,1.112341
CNN_w5_c16x32_k3_actrelu_d0.1_dense16_e50_lr0.001_b16,5,"[16, 32]",3,relu,0.1,16,50,0.001,16,0.027465,0.021389,0.026767,0.020255,-0.000698,-0.001133,0.974604,0.94701
CNN_w6_c16x32_k2_actrelu_d0.1_dense32_e50_lr0.001_b8,6,"[16, 32]",2,relu,0.1,32,50,0.001,8,0.027707,0.022367,0.026831,0.021319,-0.000876,-0.001048,0.968391,0.953143
CNN_w6_c16x32_k2_actleaky_relu_d0.1_dense16_e50_lr0.001_b16,6,"[16, 32]",2,leaky_relu,0.1,16,50,0.001,16,0.027535,0.021946,0.027019,0.021023,-0.000516,-0.000923,0.981251,0.957955
CNN_w6_c16x32_k2_actrelu_d0.1_dense16_e50_lr0.001_b8,6,"[16, 32]",2,relu,0.1,16,50,0.001,8,0.025785,0.019504,0.027316,0.020266,0.001531,0.000762,1.059375,1.039083
CNN_w7_c16x32_k2_actleaky_relu_d0.1_dense32_e50_lr0.001_b16,7,"[16, 32]",2,leaky_relu,0.1,32,50,0.001,16,0.026102,0.020585,0.027735,0.02099,0.001633,0.000405,1.062552,1.019656
CNN_w5_c16x32_k2_actleaky_relu_d0.1_dense32_e50_lr0.0005_b8,5,"[16, 32]",2,leaky_relu,0.1,32,50,0.0005,8,0.027597,0.020924,0.028713,0.021344,0.001116,0.00042,1.040454,1.020086
CNN_w7_c16x32_k2_actrelu_d0.1_dense32_e50_lr0.001_b16,7,"[16, 32]",2,relu,0.1,32,50,0.001,16,0.02915,0.022938,0.030034,0.022584,0.000884,-0.000354,1.030331,0.984564
CNN_w5_c16x32_k2_actrelu_d0.1_dense32_e50_lr0.001_b8,5,"[16, 32]",2,relu,0.1,32,50,0.001,8,0.030031,0.023429,0.030437,0.023399,0.000407,-3e-05,1.013541,0.998715
CNN_w5_c16x32_k3_actleaky_relu_d0.1_dense32_e50_lr0.001_b8,5,"[16, 32]",3,leaky_relu,0.1,32,50,0.001,8,0.029291,0.022491,0.03055,0.022753,0.001259,0.000262,1.04298,1.011647
CNN_w5_c16x32_k2_actleaky_relu_d0.1_dense32_e50_lr0.001_b8,5,"[16, 32]",2,leaky_relu,0.1,32,50,0.001,8,0.029695,0.022415,0.031569,0.023542,0.001874,0.001127,1.063105,1.050281
