modelo,geocode,departamento,distrito,horizonte,y_true,y_pred,error,abs_error,squared_error,anio
CNN_FINAL_w6_c32_k2_actrelu_d0.0_dense16_e50_lr0.001_b8,010102,Amazonas,Asuncion,1,0.4378221021798675,0.43558207099624985,-0.0022400311836176523,0.0022400311836176523,5.0177397035795e-06,2020
CNN_FINAL_w6_c32_k2_actrelu_d0.0_dense16_e50_lr0.001_b8,010102,Amazonas,Asuncion,2,0.4525182528641273,0.4308043061274217,-0.02171394673670557,0.02171394673670557,0.00047149548288448646,2021
CNN_FINAL_w6_c32_k2_actrelu_d0.0_dense16_e50_lr0.001_b8,010102,Amazonas,Asuncion,3,0.44700721055427073,0.44740832842615524,0.0004011178718845154,0.0004011178718845154,1.6089554714516253e-07,2022
CNN_FINAL_w6_c32_k2_actrelu_d0.0_dense16_e50_lr0.001_b8,010102,Amazonas,Asuncion,4,0.44027146904012765,0.4356039465965428,-0.0046675224435848706,0.0046675224435848706,2.1785765761368482e-05,2023
CNN_FINAL_w6_c32_k2_actrelu_d0.0_dense16_e50_lr0.001_b8,010102,Amazonas,Asuncion,5,0.4403990504182423,0.4310005050864956,-0.009398545331746666,0.009398545331746666,8.833265435289704e-05,2024
CNN_FINAL_w6_c32_k2_actrelu_d0.0_dense16_e50_lr0.001_b8,010104,Amazonas,Cheto,1,0.5453453672764652,0.5483386948831792,0.0029933276067140024,0.0029933276067140024,8.960010161116178e-06,2020
CNN_FINAL_w6_c32_k2_actrelu_d0.0_dense16_e50_lr0.001_b8,010104,Amazonas,Cheto,2,0.5521104944668311,0.5382837585042229,-0.013826735962608194,0.013826735962608194,0.00019117862737968276,2021
CNN_FINAL_w6_c32_k2_actrelu_d0.0_dense16_e50_lr0.001_b8,010104,Amazonas,Cheto,3,0.5424875617582693,0.5488477584631144,0.006360196704845111,0.006360196704845111,4.0452102124322614e-05,2022
CNN_FINAL_w6_c32_k2_actrelu_d0.0_dense16_e50_lr0.001_b8,010104,Amazonas,Cheto,4,0.5340911746190175,0.5354312672993662,0.0013400926803487367,0.0013400926803487367,1.7958483919242615e-06,2023
CNN_FINAL_w6_c32_k2_actrelu_d0.0_dense16_e50_lr0.001_b8,010104,Amazonas,Cheto,5,0.5357477071328078,0.5297952368827306,-0.00595247025007728,0.00595247025007728,3.543190207805507e-05,2024
CNN_FINAL_w6_c32_k2_actrelu_d0.0_dense16_e50_lr0.001_b8,010105,Amazonas,Chiliquin,1,0.5714303848457767,0.5688528340346221,-0.0025775508111546275,0.0025775508111546275,6.643768184083878e-06,2020
CNN_FINAL_w6_c32_k2_actrelu_d0.0_dense16_e50_lr0.001_b8,010105,Amazonas,Chiliquin,2,0.5850451003702989,0.5666351138180179,-0.018409986552280988,0.018409986552280988,0.0003389276048551668,2021
CNN_FINAL_w6_c32_k2_actrelu_d0.0_dense16_e50_lr0.001_b8,010105,Amazonas,Chiliquin,3,0.5817105193931944,0.5826702506255449,0.0009597312323504914,0.0009597312323504914,9.210840383489929e-07,2022
CNN_FINAL_w6_c32_k2_actrelu_d0.0_dense16_e50_lr0.001_b8,010105,Amazonas,Chiliquin,4,0.573408542946972,0.5755032752198467,0.002094732272874711,0.002094732272874711,4.387903295022852e-06,2023
CNN_FINAL_w6_c32_k2_actrelu_d0.0_dense16_e50_lr0.001_b8,010105,Amazonas,Chiliquin,5,0.5763412110347023,0.5694068728896908,-0.006934338145011432,0.006934338145011432,4.808504550936058e-05,2024
CNN_FINAL_w6_c32_k2_actrelu_d0.0_dense16_e50_lr0.001_b8,010109,Amazonas,La Jalca,1,0.3125219384167383,0.30660811879372907,-0.005913819623009242,0.005913819623009242,3.4973262533489176e-05,2020
CNN_FINAL_w6_c32_k2_actrelu_d0.0_dense16_e50_lr0.001_b8,010109,Amazonas,La Jalca,2,0.31744416932084407,0.3008751341013215,-0.016569035219522577,0.016569035219522577,0.00027453292810577953,2021
CNN_FINAL_w6_c32_k2_actrelu_d0.0_dense16_e50_lr0.001_b8,010109,Amazonas,La Jalca,3,0.3227747994474942,0.30305302772748743,-0.019721771720006775,0.019721771720006775,0.000388948279776059,2022
CNN_FINAL_w6_c32_k2_actrelu_d0.0_dense16_e50_lr0.001_b8,010109,Amazonas,La Jalca,4,0.3151442594389915,0.30665357360322154,-0.008490685835769951,0.008490685835769951,7.209174596174447e-05,2023
CNN_FINAL_w6_c32_k2_actrelu_d0.0_dense16_e50_lr0.001_b8,010109,Amazonas,La Jalca,5,0.32066834382147724,0.2998569817028006,-0.020811362118676624,0.020811362118676624,0.00043311279323468837,2024
CNN_FINAL_w6_c32_k2_actrelu_d0.0_dense16_e50_lr0.001_b8,010111,Amazonas,Levanto,1,0.23986263997153984,0.22344646263857543,-0.01641617733296441,0.01641617733296441,0.0002694908782273345,2020
CNN_FINAL_w6_c32_k2_actrelu_d0.0_dense16_e50_lr0.001_b8,010111,Amazonas,Levanto,2,0.2406111678671134,0.2318095418575803,-0.008801626009533103,0.008801626009533103,7.746862041168962e-05,2021
CNN_FINAL_w6_c32_k2_actrelu_d0.0_dense16_e50_lr0.001_b8,010111,Amazonas,Levanto,3,0.2381874497853912,0.2314332335791056,-0.006754216206285579,0.006754216206285579,4.5619436561250764e-05,2022
CNN_FINAL_w6_c32_k2_actrelu_d0.0_dense16_e50_lr0.001_b8,010111,Amazonas,Levanto,4,0.2314035024488546,0.2299972805607411,-0.0014062218881135125,0.0014062218881135125,1.9774599986095318e-06,2023
CNN_FINAL_w6_c32_k2_actrelu_d0.0_dense16_e50_lr0.001_b8,010111,Amazonas,Levanto,5,0.23357768599340184,0.22611888238200717,-0.007458803611394671,0.007458803611394671,5.563375131335418e-05,2024
CNN_FINAL_w6_c32_k2_actrelu_d0.0_dense16_e50_lr0.001_b8,010112,Amazonas,Magdalena,1,0.3664946788681671,0.36179606240720596,-0.004698616460961147,0.004698616460961147,2.2076996647215054e-05,2020
CNN_FINAL_w6_c32_k2_actrelu_d0.0_dense16_e50_lr0.001_b8,010112,Amazonas,Magdalena,2,0.37103041769833445,0.3594420534780758,-0.011588364220258662,0.011588364220258662,0.00013429018530137116,2021
CNN_FINAL_w6_c32_k2_actrelu_d0.0_dense16_e50_lr0.001_b8,010112,Amazonas,Magdalena,3,0.3810208472415263,0.3621093245368121,-0.01891152270471419,0.01891152270471419,0.0003576456910109203,2022
CNN_FINAL_w6_c32_k2_actrelu_d0.0_dense16_e50_lr0.001_b8,010112,Amazonas,Magdalena,4,0.37494912200186536,0.3728215668640573,-0.002127555137808046,0.002127555137808046,4.526490864413414e-06,2023
CNN_FINAL_w6_c32_k2_actrelu_d0.0_dense16_e50_lr0.001_b8,010112,Amazonas,Magdalena,5,0.38422406104294604,0.36805378388148924,-0.016170277161456803,0.016170277161456803,0.0002614778634783315,2024
CNN_FINAL_w6_c32_k2_actrelu_d0.0_dense16_e50_lr0.001_b8,010114,Amazonas,Molinopampa,1,0.5491697799818486,0.541371581195704,-0.007798198786144517,0.007798198786144517,6.0811904308225813e-05,2020
CNN_FINAL_w6_c32_k2_actrelu_d0.0_dense16_e50_lr0.001_b8,010114,Amazonas,Molinopampa,2,0.5483545668394921,0.5403693228373152,-0.007985244002176928,0.007985244002176928,6.37641217743026e-05,2021
CNN_FINAL_w6_c32_k2_actrelu_d0.0_dense16_e50_lr0.001_b8,010114,Amazonas,Molinopampa,3,0.536625504241246,0.539998664861714,0.0033731606204679965,0.0033731606204679965,1.1378212571476038e-05,2022
CNN_FINAL_w6_c32_k2_actrelu_d0.0_dense16_e50_lr0.001_b8,010114,Amazonas,Molinopampa,4,0.5230152011426626,0.5303244976927026,0.007309296550039979,0.007309296550039979,5.3425816056426336e-05,2023
CNN_FINAL_w6_c32_k2_actrelu_d0.0_dense16_e50_lr0.001_b8,010114,Amazonas,Molinopampa,5,0.5128930814479307,0.519539299891449,0.006646218443518315,0.006646218443518315,4.417221959896301e-05,2024
CNN_FINAL_w6_c32_k2_actrelu_d0.0_dense16_e50_lr0.001_b8,010115,Amazonas,Montevideo,1,0.6583167263338214,0.6563226584183376,-0.0019940679154838437,0.0019940679154838437,3.976306851562082e-06,2020
CNN_FINAL_w6_c32_k2_actrelu_d0.0_dense16_e50_lr0.001_b8,010115,Amazonas,Montevideo,2,0.6555285999973202,0.6562911101052529,0.0007625101079327123,0.0007625101079327123,5.814216646995567e-07,2021
CNN_FINAL_w6_c32_k2_actrelu_d0.0_dense16_e50_lr0.001_b8,010115,Amazonas,Montevideo,3,0.6586850844373988,0.653438536874782,-0.005246547562616777,0.005246547562616777,2.752626132680004e-05,2022
CNN_FINAL_w6_c32_k2_actrelu_d0.0_dense16_e50_lr0.001_b8,010115,Amazonas,Montevideo,4,0.6546329307695194,0.6571080095049436,0.0024750787354241854,0.0024750787354241854,6.126014746548985e-06,2023
CNN_FINAL_w6_c32_k2_actrelu_d0.0_dense16_e50_lr0.001_b8,010115,Amazonas,Montevideo,5,0.5954754332814817,0.6483974950235992,0.052922061742117554,0.052922061742117554,0.0028007446190365026,2024
CNN_FINAL_w6_c32_k2_actrelu_d0.0_dense16_e50_lr0.001_b8,010117,Amazonas,Quinjalca,1,0.34440442385298686,0.3497114936994254,0.005307069846438528,0.005307069846438528,2.816499035497706e-05,2020
CNN_FINAL_w6_c32_k2_actrelu_d0.0_dense16_e50_lr0.001_b8,010117,Amazonas,Quinjalca,2,0.34855606828101027,0.33894042007793973,-0.009615648203070537,0.009615648203070537,9.246069036521365e-05,2021
CNN_FINAL_w6_c32_k2_actrelu_d0.0_dense16_e50_lr0.001_b8,010117,Amazonas,Quinjalca,3,0.34124484767822594,0.3472878260950041,0.006042978416778144,0.006042978416778144,3.6517588145646487e-05,2022
CNN_FINAL_w6_c32_k2_actrelu_d0.0_dense16_e50_lr0.001_b8,010117,Amazonas,Quinjalca,4,0.33954104948177205,0.3341008331347908,-0.005440216346981275,0.005440216346981275,2.9595953901962286e-05,2023
CNN_FINAL_w6_c32_k2_actrelu_d0.0_dense16_e50_lr0.001_b8,010117,Amazonas,Quinjalca,5,0.34265750542220874,0.3360822186284146,-0.006575286793794155,0.006575286793794155,4.323439642064382e-05,2024
CNN_FINAL_w6_c32_k2_actrelu_d0.0_dense16_e50_lr0.001_b8,010119,Amazonas,San Isidro De Maino,1,0.3787988743123183,0.3584073950021489,-0.02039147931016938,0.02039147931016938,0.0004158124284570659,2020
CNN_FINAL_w6_c32_k2_actrelu_d0.0_dense16_e50_lr0.001_b8,010119,Amazonas,San Isidro De Maino,2,0.3919599976558022,0.3671637176340924,-0.024796280021709804,0.024796280021709804,0.0006148555029150448,2021
CNN_FINAL_w6_c32_k2_actrelu_d0.0_dense16_e50_lr0.001_b8,010119,Amazonas,San Isidro De Maino,3,0.39453786079525643,0.3789986256114456,-0.01553923518381084,0.01553923518381084,0.0002414678300977847,2022
CNN_FINAL_w6_c32_k2_actrelu_d0.0_dense16_e50_lr0.001_b8,010119,Amazonas,San Isidro De Maino,4,0.37741520315839777,0.38019877391848966,0.0027835707600918913,0.0027835707600918913,7.748266176438549e-06,2023
CNN_FINAL_w6_c32_k2_actrelu_d0.0_dense16_e50_lr0.001_b8,010119,Amazonas,San Isidro De Maino,5,0.38737255745015164,0.3651738771925618,-0.022198680257589865,0.022198680257589865,0.00049278140517871,2024
CNN_FINAL_w6_c32_k2_actrelu_d0.0_dense16_e50_lr0.001_b8,010120,Amazonas,Soloco,1,0.5112683780272115,0.5131902823313454,0.00192190430413397,0.00192190430413397,3.69371615424868e-06,2020
CNN_FINAL_w6_c32_k2_actrelu_d0.0_dense16_e50_lr0.001_b8,010120,Amazonas,Soloco,2,0.5130760663960691,0.50978254712586,-0.0032935192702090443,0.0032935192702090443,1.0847269183238316e-05,2021
CNN_FINAL_w6_c32_k2_actrelu_d0.0_dense16_e50_lr0.001_b8,010120,Amazonas,Soloco,3,0.5114943396648496,0.5138069903329414,0.0023126506680918313,0.0023126506680918313,5.348353112625594e-06,2022
CNN_FINAL_w6_c32_k2_actrelu_d0.0_dense16_e50_lr0.001_b8,010120,Amazonas,Soloco,4,0.4987691051665165,0.508607011235269,0.009837906068752456,0.009837906068752456,9.678439581759639e-05,2023
CNN_FINAL_w6_c32_k2_actrelu_d0.0_dense16_e50_lr0.001_b8,010120,Amazonas,Soloco,5,0.5010762822022882,0.495980158573875,-0.005096123628413163,0.005096123628413163,2.597047603607094e-05,2024
CNN_FINAL_w6_c32_k2_actrelu_d0.0_dense16_e50_lr0.001_b8,010202,Amazonas,Aramango,1,0.7765053513870049,0.7747079051779903,-0.0017974462090146748,0.0017974462090146748,3.230812874301226e-06,2020
CNN_FINAL_w6_c32_k2_actrelu_d0.0_dense16_e50_lr0.001_b8,010202,Amazonas,Aramango,2,0.7667943768011176,0.7711534198393599,0.004359043038242305,0.004359043038242305,1.9001256209248705e-05,2021
CNN_FINAL_w6_c32_k2_actrelu_d0.0_dense16_e50_lr0.001_b8,010202,Amazonas,Aramango,3,0.7618061846840143,0.7588971273537966,-0.0029090573302177347,0.0029090573302177347,8.462614550493534e-06,2022
CNN_FINAL_w6_c32_k2_actrelu_d0.0_dense16_e50_lr0.001_b8,010202,Amazonas,Aramango,4,0.7634823844161817,0.7535924930371283,-0.009889891379053384,0.009889891379053384,9.780995148947445e-05,2023
CNN_FINAL_w6_c32_k2_actrelu_d0.0_dense16_e50_lr0.001_b8,010202,Amazonas,Aramango,5,0.7633451113962875,0.7578208755818989,-0.005524235814388545,0.005524235814388545,3.051718133297307e-05,2024
CNN_FINAL_w6_c32_k2_actrelu_d0.0_dense16_e50_lr0.001_b8,010203,Amazonas,Copallin,1,0.5152660012246317,0.5264595801081499,0.01119357888351813,0.01119357888351813,0.00012529620822154298,2020
CNN_FINAL_w6_c32_k2_actrelu_d0.0_dense16_e50_lr0.001_b8,010203,Amazonas,Copallin,2,0.5184765460653046,0.5120487050449588,-0.00642784102034577,0.00642784102034577,4.131714018283975e-05,2021
CNN_FINAL_w6_c32_k2_actrelu_d0.0_dense16_e50_lr0.001_b8,010203,Amazonas,Copallin,3,0.5213543772695849,0.5169875177424219,-0.004366859527162981,0.004366859527162981,1.9069462129974092e-05,2022
CNN_FINAL_w6_c32_k2_actrelu_d0.0_dense16_e50_lr0.001_b8,010203,Amazonas,Copallin,4,0.5140968562335638,0.5203109621650075,0.00621410593144367,0.00621410593144367,3.86151125272034e-05,2023
CNN_FINAL_w6_c32_k2_actrelu_d0.0_dense16_e50_lr0.001_b8,010203,Amazonas,Copallin,5,0.5169836877772134,0.5115556632758237,-0.005428024501389683,0.005428024501389683,2.946344998768672e-05,2024
CNN_FINAL_w6_c32_k2_actrelu_d0.0_dense16_e50_lr0.001_b8,010204,Amazonas,El Parco,1,0.2788386374116376,0.2880442080219076,0.009205570610269997,0.009205570610269997,8.474253026066674e-05,2020
CNN_FINAL_w6_c32_k2_actrelu_d0.0_dense16_e50_lr0.001_b8,010204,Amazonas,El Parco,2,0.25944964991737385,0.26850290527207077,0.00905325535469692,0.00905325535469692,8.196143251734847e-05,2021
CNN_FINAL_w6_c32_k2_actrelu_d0.0_dense16_e50_lr0.001_b8,010204,Amazonas,El Parco,3,0.2719839461378399,0.25282309080515436,-0.019160855332685522,0.019160855332685522,0.00036713837708010323,2022
CNN_FINAL_w6_c32_k2_actrelu_d0.0_dense16_e50_lr0.001_b8,010204,Amazonas,El Parco,4,0.28309831588298834,0.2695635343193289,-0.013534781563659448,0.013534781563659448,0.0001831903119759757,2023
CNN_FINAL_w6_c32_k2_actrelu_d0.0_dense16_e50_lr0.001_b8,010204,Amazonas,El Parco,5,0.2777124888277651,0.2829029687283677,0.005190479900602563,0.005190479900602563,2.6941081598559186e-05,2024
CNN_FINAL_w6_c32_k2_actrelu_d0.0_dense16_e50_lr0.001_b8,010206,Amazonas,La Peca,1,0.3393517722225889,0.3377159669504952,-0.001635805272093671,0.001635805272093671,2.6758588882094492e-06,2020
CNN_FINAL_w6_c32_k2_actrelu_d0.0_dense16_e50_lr0.001_b8,010206,Amazonas,La Peca,2,0.3405636565021005,0.3353500706169946,-0.005213585885105898,0.005213585885105898,2.718147778137545e-05,2021
CNN_FINAL_w6_c32_k2_actrelu_d0.0_dense16_e50_lr0.001_b8,010206,Amazonas,La Peca,3,0.33556150741128854,0.33645729021301635,0.0008957828017278069,0.0008957828017278069,8.024268278713193e-07,2022
CNN_FINAL_w6_c32_k2_actrelu_d0.0_dense16_e50_lr0.001_b8,010206,Amazonas,La Peca,4,0.3283419662063285,0.3301581773519659,0.001816211145637403,0.001816211145637403,3.298622925537528e-06,2023
CNN_FINAL_w6_c32_k2_actrelu_d0.0_dense16_e50_lr0.001_b8,010206,Amazonas,La Peca,5,0.32350742699327306,0.32164167237676733,-0.0018657546165057326,0.0018657546165057326,3.4810402890124532e-06,2024
CNN_FINAL_w6_c32_k2_actrelu_d0.0_dense16_e50_lr0.001_b8,010301,Amazonas,Jumbilla,1,0.41393055837113896,0.41193683117743635,-0.00199372719370261,0.00199372719370261,3.974948122909285e-06,2020
CNN_FINAL_w6_c32_k2_actrelu_d0.0_dense16_e50_lr0.001_b8,010301,Amazonas,Jumbilla,2,0.4207988406582136,0.4136472292809876,-0.007151611377225975,0.007151611377225975,5.114554529086801e-05,2021
CNN_FINAL_w6_c32_k2_actrelu_d0.0_dense16_e50_lr0.001_b8,010301,Amazonas,Jumbilla,3,0.4122092950285613,0.422686672784216,0.010477377755654715,0.010477377755654715,0.00010977544463468824,2022
CNN_FINAL_w6_c32_k2_actrelu_d0.0_dense16_e50_lr0.001_b8,010301,Amazonas,Jumbilla,4,0.4029637211572999,0.4084292897286761,0.0054655685713762,0.0054655685713762,2.987243980841528e-05,2023
CNN_FINAL_w6_c32_k2_actrelu_d0.0_dense16_e50_lr0.001_b8,010301,Amazonas,Jumbilla,5,0.4043822595068417,0.3994081884146752,-0.004974071092166521,0.004974071092166521,2.4741383229926646e-05,2024
CNN_FINAL_w6_c32_k2_actrelu_d0.0_dense16_e50_lr0.001_b8,010302,Amazonas,Chisquilla,1,0.7520271414578154,0.7393271534970284,-0.012699987960786974,0.012699987960786974,0.00016128969420413407,2020
CNN_FINAL_w6_c32_k2_actrelu_d0.0_dense16_e50_lr0.001_b8,010302,Amazonas,Chisquilla,2,0.7532035654334197,0.7416988799587869,-0.011504685474632792,0.011504685474632792,0.00013235778787022676,2021
CNN_FINAL_w6_c32_k2_actrelu_d0.0_dense16_e50_lr0.001_b8,010302,Amazonas,Chisquilla,3,0.7361508567163325,0.7426763224141033,0.006525465697770794,0.006525465697770794,4.2581702572783274e-05,2022
CNN_FINAL_w6_c32_k2_actrelu_d0.0_dense16_e50_lr0.001_b8,010302,Amazonas,Chisquilla,4,0.7332482983386103,0.727378722069871,-0.005869576268739296,0.005869576268739296,3.445192557454752e-05,2023
CNN_FINAL_w6_c32_k2_actrelu_d0.0_dense16_e50_lr0.001_b8,010302,Amazonas,Chisquilla,5,0.7342542983269309,0.7251028267639386,-0.009151471562992342,0.009151471562992342,8.374943176825749e-05,2024
CNN_FINAL_w6_c32_k2_actrelu_d0.0_dense16_e50_lr0.001_b8,010303,Amazonas,Churuja,1,0.7446820127281276,0.7511046940218683,0.006422681293740684,0.006422681293740684,4.125083500096651e-05,2020
CNN_FINAL_w6_c32_k2_actrelu_d0.0_dense16_e50_lr0.001_b8,010303,Amazonas,Churuja,2,0.7587421620399244,0.7327876424902723,-0.02595451954965211,0.02595451954965211,0.0006736370850532736,2021
CNN_FINAL_w6_c32_k2_actrelu_d0.0_dense16_e50_lr0.001_b8,010303,Amazonas,Churuja,3,0.774479394436655,0.7473741438575747,-0.02710525057908031,0.02710525057908031,0.0007346946089547335,2022
CNN_FINAL_w6_c32_k2_actrelu_d0.0_dense16_e50_lr0.001_b8,010303,Amazonas,Churuja,4,0.7756813094492317,0.7604156359978412,-0.015265673451390516,0.015265673451390516,0.00023304078592448923,2023
CNN_FINAL_w6_c32_k2_actrelu_d0.0_dense16_e50_lr0.001_b8,010303,Amazonas,Churuja,5,0.7752341058015931,0.7578830636166515,-0.017351042184941656,0.017351042184941656,0.00030105866490362493,2024
CNN_FINAL_w6_c32_k2_actrelu_d0.0_dense16_e50_lr0.001_b8,010304,Amazonas,Corosha,1,0.7392527499554493,0.7253702807429457,-0.013882469212503579,0.013882469212503579,0.00019272295143610974,2020
CNN_FINAL_w6_c32_k2_actrelu_d0.0_dense16_e50_lr0.001_b8,010304,Amazonas,Corosha,2,0.7412899633439078,0.7272733759428185,-0.014016587401089353,0.014016587401089353,0.0001964647223723768,2021
CNN_FINAL_w6_c32_k2_actrelu_d0.0_dense16_e50_lr0.001_b8,010304,Amazonas,Corosha,3,0.7341805636095893,0.7292343938455148,-0.004946169764074471,0.004946169764074471,2.4464595335044505e-05,2022
CNN_FINAL_w6_c32_k2_actrelu_d0.0_dense16_e50_lr0.001_b8,010304,Amazonas,Corosha,4,0.7282906702272234,0.7214525859854335,-0.006838084241789888,0.006838084241789888,4.675939609781519e-05,2023
CNN_FINAL_w6_c32_k2_actrelu_d0.0_dense16_e50_lr0.001_b8,010304,Amazonas,Corosha,5,0.7301616113864002,0.7155752109736997,-0.01458640041270054,0.01458640041270054,0.00021276307699963048,2024
CNN_FINAL_w6_c32_k2_actrelu_d0.0_dense16_e50_lr0.001_b8,010305,Amazonas,Cuispes,1,0.6648435044414166,0.6613672084419354,-0.0034762959994811826,0.0034762959994811826,1.2084633876008875e-05,2020
CNN_FINAL_w6_c32_k2_actrelu_d0.0_dense16_e50_lr0.001_b8,010305,Amazonas,Cuispes,2,0.6788076206881835,0.6597134711086844,-0.019094149579499065,0.019094149579499065,0.0003645865481642843,2021
CNN_FINAL_w6_c32_k2_actrelu_d0.0_dense16_e50_lr0.001_b8,010305,Amazonas,Cuispes,3,0.6911022633031326,0.6763772900800387,-0.014724973223093962,0.014724973223093962,0.0002168248364208342,2022
CNN_FINAL_w6_c32_k2_actrelu_d0.0_dense16_e50_lr0.001_b8,010305,Amazonas,Cuispes,4,0.6739745705555057,0.686812487741099,0.01283791718559335,0.01283791718559335,0.0001648121176641531,2023
CNN_FINAL_w6_c32_k2_actrelu_d0.0_dense16_e50_lr0.001_b8,010305,Amazonas,Cuispes,5,0.6722867484247979,0.6676015589258856,-0.004685189498912279,0.004685189498912279,2.195100064071789e-05,2024
CNN_FINAL_w6_c32_k2_actrelu_d0.0_dense16_e50_lr0.001_b8,010306,Amazonas,Florida,1,0.49302297744687784,0.4949714485854604,0.0019484711385825415,0.0019484711385825415,3.7965397778891455e-06,2020
CNN_FINAL_w6_c32_k2_actrelu_d0.0_dense16_e50_lr0.001_b8,010306,Amazonas,Florida,2,0.5026181350205998,0.49253379245901735,-0.010084342561582471,0.010084342561582471,0.00010169396489934371,2021
CNN_FINAL_w6_c32_k2_actrelu_d0.0_dense16_e50_lr0.001_b8,010306,Amazonas,Florida,3,0.49502214672458755,0.5061637300446029,0.011141583320015358,0.011141583320015358,0.00012413487887684446,2022
CNN_FINAL_w6_c32_k2_actrelu_d0.0_dense16_e50_lr0.001_b8,010306,Amazonas,Florida,4,0.48031088755319157,0.49556752241288327,0.015256634859691698,0.015256634859691698,0.0002327649072419599,2023
CNN_FINAL_w6_c32_k2_actrelu_d0.0_dense16_e50_lr0.001_b8,010306,Amazonas,Florida,5,0.48155686293982247,0.4772985252717779,-0.004258337668044565,0.004258337668044565,1.8133439695087225e-05,2024
CNN_FINAL_w6_c32_k2_actrelu_d0.0_dense16_e50_lr0.001_b8,010307,Amazonas,Jazan,1,0.3945542280600848,0.3878562561863667,-0.006697971873718067,0.006697971873718067,4.486282722111832e-05,2020
CNN_FINAL_w6_c32_k2_actrelu_d0.0_dense16_e50_lr0.001_b8,010307,Amazonas,Jazan,2,0.3733253429467196,0.39496505019307415,0.021639707246354556,0.021639707246354556,0.0004682769297079299,2021
CNN_FINAL_w6_c32_k2_actrelu_d0.0_dense16_e50_lr0.001_b8,010307,Amazonas,Jazan,3,0.3791257148358761,0.37327725069825324,-0.005848464137622855,0.005848464137622855,3.4204532769060646e-05,2022
CNN_FINAL_w6_c32_k2_actrelu_d0.0_dense16_e50_lr0.001_b8,010307,Amazonas,Jazan,4,0.37791632918276086,0.381871465478242,0.003955136295481165,0.003955136295481165,1.5643103115832475e-05,2023
CNN_FINAL_w6_c32_k2_actrelu_d0.0_dense16_e50_lr0.001_b8,010307,Amazonas,Jazan,5,0.3614662815808687,0.37797858031413967,0.01651229873327098,0.01651229873327098,0.00027265600945678244,2024
CNN_FINAL_w6_c32_k2_actrelu_d0.0_dense16_e50_lr0.001_b8,010308,Amazonas,Recta,1,0.3407029233753817,0.341391118277012,0.0006881949016303013,0.0006881949016303013,4.736122226299401e-07,2020
CNN_FINAL_w6_c32_k2_actrelu_d0.0_dense16_e50_lr0.001_b8,010308,Amazonas,Recta,2,0.34596839992584927,0.33849435216957213,-0.007474047756277136,0.007474047756277136,5.586138986311129e-05,2021
CNN_FINAL_w6_c32_k2_actrelu_d0.0_dense16_e50_lr0.001_b8,010308,Amazonas,Recta,3,0.3286493729690261,0.3443294019644714,0.01568002899544535,0.01568002899544535,0.0002458633092980069,2022
CNN_FINAL_w6_c32_k2_actrelu_d0.0_dense16_e50_lr0.001_b8,010308,Amazonas,Recta,4,0.31539046247430474,0.3263383328423173,0.010947870368012536,0.010947870368012536,0.00011985586559480693,2023
CNN_FINAL_w6_c32_k2_actrelu_d0.0_dense16_e50_lr0.001_b8,010308,Amazonas,Recta,5,0.31624689821995333,0.31235619619911636,-0.003890702020836967,0.003890702020836967,1.5137562214944858e-05,2024
CNN_FINAL_w6_c32_k2_actrelu_d0.0_dense16_e50_lr0.001_b8,010310,Amazonas,Shipasbamba,1,0.7187765823536353,0.715467265265649,-0.0033093170879863187,0.0033093170879863187,1.0951579588838248e-05,2020
CNN_FINAL_w6_c32_k2_actrelu_d0.0_dense16_e50_lr0.001_b8,010310,Amazonas,Shipasbamba,2,0.7318407892793228,0.7115445984939945,-0.020296190785328294,0.020296190785328294,0.0004119353603944452,2021
CNN_FINAL_w6_c32_k2_actrelu_d0.0_dense16_e50_lr0.001_b8,010310,Amazonas,Shipasbamba,3,0.7406684868147891,0.7270786597544595,-0.013589827060329629,0.013589827060329629,0.00018468339952966745,2022
CNN_FINAL_w6_c32_k2_actrelu_d0.0_dense16_e50_lr0.001_b8,010310,Amazonas,Shipasbamba,4,0.7263908434325863,0.7336178931360604,0.007227049703474098,0.007227049703474098,5.2230247416485045e-05,2023
CNN_FINAL_w6_c32_k2_actrelu_d0.0_dense16_e50_lr0.001_b8,010310,Amazonas,Shipasbamba,5,0.722956304780304,0.7180741907111169,-0.004882114069187149,0.004882114069187149,2.38350377845551e-05,2024
CNN_FINAL_w6_c32_k2_actrelu_d0.0_dense16_e50_lr0.001_b8,010311,Amazonas,Valera,1,0.37051602876315054,0.3685245351900144,-0.0019914935731361605,0.0019914935731361605,3.9660466518426315e-06,2020
CNN_FINAL_w6_c32_k2_actrelu_d0.0_dense16_e50_lr0.001_b8,010311,Amazonas,Valera,2,0.3778681990763188,0.367937231793629,-0.009930967282689773,0.009930967282689773,9.86241111698547e-05,2021
CNN_FINAL_w6_c32_k2_actrelu_d0.0_dense16_e50_lr0.001_b8,010311,Amazonas,Valera,3,0.3777428260801201,0.3762902912683982,-0.0014525348117219172,0.0014525348117219172,2.1098573792640257e-06,2022
CNN_FINAL_w6_c32_k2_actrelu_d0.0_dense16_e50_lr0.001_b8,010311,Amazonas,Valera,4,0.37440299546371825,0.37332505270223915,-0.0010779427614791004,0.0010779427614791004,1.1619605970251888e-06,2023
CNN_FINAL_w6_c32_k2_actrelu_d0.0_dense16_e50_lr0.001_b8,010311,Amazonas,Valera,5,0.37023105916071875,0.3725098947694307,0.002278835608711949,0.002278835608711949,5.193091731533558e-06,2024
CNN_FINAL_w6_c32_k2_actrelu_d0.0_dense16_e50_lr0.001_b8,010502,Amazonas,Camporredondo,1,0.6314155428630985,0.6309378950933331,-0.00047764776976544354,0.00047764776976544354,2.2814739196190216e-07,2020
CNN_FINAL_w6_c32_k2_actrelu_d0.0_dense16_e50_lr0.001_b8,010502,Amazonas,Camporredondo,2,0.6259368060258408,0.6248095974186486,-0.001127208607192176,0.001127208607192176,1.2705992441281256e-06,2021
CNN_FINAL_w6_c32_k2_actrelu_d0.0_dense16_e50_lr0.001_b8,010502,Amazonas,Camporredondo,3,0.6303018937208702,0.6196446211743437,-0.010657272546526486,0.010657272546526486,0.00011357745813094713,2022
CNN_FINAL_w6_c32_k2_actrelu_d0.0_dense16_e50_lr0.001_b8,010502,Amazonas,Camporredondo,4,0.6253352743402542,0.6274256844942363,0.0020904101539821474,0.0020904101539821474,4.369814611871665e-06,2023
CNN_FINAL_w6_c32_k2_actrelu_d0.0_dense16_e50_lr0.001_b8,010502,Amazonas,Camporredondo,5,0.617462752460729,0.6200341923636392,0.0025714399029101997,0.0025714399029101997,6.612303174278818e-06,2024
CNN_FINAL_w6_c32_k2_actrelu_d0.0_dense16_e50_lr0.001_b8,010503,Amazonas,Cocabamba,1,0.4168783065525238,0.4099314942045186,-0.006946812348005205,0.006946812348005205,4.8258201798397584e-05,2020
CNN_FINAL_w6_c32_k2_actrelu_d0.0_dense16_e50_lr0.001_b8,010503,Amazonas,Cocabamba,2,0.4340696890346062,0.4231957616028017,-0.010873927431804487,0.010873927431804487,0.00011824229779215012,2021
CNN_FINAL_w6_c32_k2_actrelu_d0.0_dense16_e50_lr0.001_b8,010503,Amazonas,Cocabamba,3,0.44108951048875206,0.43925286234589833,-0.0018366481428537251,0.0018366481428537251,3.3732764006480377e-06,2022
CNN_FINAL_w6_c32_k2_actrelu_d0.0_dense16_e50_lr0.001_b8,010503,Amazonas,Cocabamba,4,0.4439156651618457,0.44772222152202307,0.003806556360177349,0.003806556360177349,1.4489871323206626e-05,2023
CNN_FINAL_w6_c32_k2_actrelu_d0.0_dense16_e50_lr0.001_b8,010503,Amazonas,Cocabamba,5,0.4519461368256609,0.4481520231201642,-0.0037941137054967045,0.0037941137054967045,1.4395298810237933e-05,2024
CNN_FINAL_w6_c32_k2_actrelu_d0.0_dense16_e50_lr0.001_b8,010507,Amazonas,Longuita,1,0.29933951365225964,0.3024220362271424,0.0030825225748827845,0.0030825225748827845,9.501945424661992e-06,2020
CNN_FINAL_w6_c32_k2_actrelu_d0.0_dense16_e50_lr0.001_b8,010507,Amazonas,Longuita,2,0.3056262343359304,0.2979754907877282,-0.007650743548202166,0.007650743548202166,5.853387684035707e-05,2021
CNN_FINAL_w6_c32_k2_actrelu_d0.0_dense16_e50_lr0.001_b8,010507,Amazonas,Longuita,3,0.30265710901759935,0.3089559694921451,0.006298860474545753,0.006298860474545753,3.967564327779475e-05,2022
CNN_FINAL_w6_c32_k2_actrelu_d0.0_dense16_e50_lr0.001_b8,010507,Amazonas,Longuita,4,0.2989608077019905,0.30298437859821514,0.004023570896224626,0.004023570896224626,1.6189122756945844e-05,2023
CNN_FINAL_w6_c32_k2_actrelu_d0.0_dense16_e50_lr0.001_b8,010507,Amazonas,Longuita,5,0.30035448598082154,0.2988756524953122,-0.0014788334855093122,0.0014788334855093122,2.186948477863621e-06,2024
CNN_FINAL_w6_c32_k2_actrelu_d0.0_dense16_e50_lr0.001_b8,010508,Amazonas,Lonya Chico,1,0.28718531150783844,0.27854092229071964,-0.008644389217118797,0.008644389217118797,7.472546493703974e-05,2020
CNN_FINAL_w6_c32_k2_actrelu_d0.0_dense16_e50_lr0.001_b8,010508,Amazonas,Lonya Chico,2,0.2995676458138379,0.2839327309061037,-0.015634914907734165,0.015634914907734165,0.00024445056417208807,2021
CNN_FINAL_w6_c32_k2_actrelu_d0.0_dense16_e50_lr0.001_b8,010508,Amazonas,Lonya Chico,3,0.3008212243439223,0.29607262273570967,-0.00474860160821261,0.00474860160821261,2.2549217233519388e-05,2022
CNN_FINAL_w6_c32_k2_actrelu_d0.0_dense16_e50_lr0.001_b8,010508,Amazonas,Lonya Chico,4,0.30504246435061055,0.2951550715979534,-0.009887392752657154,0.009887392752657154,9.77605354452972e-05,2023
CNN_FINAL_w6_c32_k2_actrelu_d0.0_dense16_e50_lr0.001_b8,010508,Amazonas,Lonya Chico,5,0.30748566667049393,0.30213532515782837,-0.005350341512665557,0.005350341512665557,2.8626154302152364e-05,2024
CNN_FINAL_w6_c32_k2_actrelu_d0.0_dense16_e50_lr0.001_b8,010510,Amazonas,Luya Viejo,1,0.6433222926590083,0.6395133891043374,-0.003808903554670895,0.003808903554670895,1.450774628878458e-05,2020
CNN_FINAL_w6_c32_k2_actrelu_d0.0_dense16_e50_lr0.001_b8,010510,Amazonas,Luya Viejo,2,0.6606007863431802,0.6317078001258528,-0.028892986217327388,0.028892986217327388,0.0008348046525546704,2021
CNN_FINAL_w6_c32_k2_actrelu_d0.0_dense16_e50_lr0.001_b8,010510,Amazonas,Luya Viejo,3,0.6585525815224429,0.6586902962187204,0.00013771469627754662,0.00013771469627754662,1.8965337570816912e-08,2022
CNN_FINAL_w6_c32_k2_actrelu_d0.0_dense16_e50_lr0.001_b8,010510,Amazonas,Luya Viejo,4,0.6525917675322627,0.6528052234185939,0.00021345588633125967,0.00021345588633125967,4.556341540946365e-08,2023
CNN_FINAL_w6_c32_k2_actrelu_d0.0_dense16_e50_lr0.001_b8,010510,Amazonas,Luya Viejo,5,0.6565175007999489,0.6467456505891332,-0.009771850210815614,0.009771850210815614,9.548905654261715e-05,2024
CNN_FINAL_w6_c32_k2_actrelu_d0.0_dense16_e50_lr0.001_b8,010511,Amazonas,Maria,1,0.4967015706943522,0.49423590597555256,-0.002465664718799665,0.002465664718799665,6.079502505533431e-06,2020
CNN_FINAL_w6_c32_k2_actrelu_d0.0_dense16_e50_lr0.001_b8,010511,Amazonas,Maria,2,0.49562740111111814,0.4939073176754498,-0.0017200834356683181,0.0017200834356683181,2.958687025660525e-06,2021
CNN_FINAL_w6_c32_k2_actrelu_d0.0_dense16_e50_lr0.001_b8,010511,Amazonas,Maria,3,0.48889878320606955,0.493143854808462,0.004245071602392458,0.004245071602392458,1.8020632909438875e-05,2022
CNN_FINAL_w6_c32_k2_actrelu_d0.0_dense16_e50_lr0.001_b8,010511,Amazonas,Maria,4,0.48279845626576595,0.48635578726223655,0.003557330996470598,0.003557330996470598,1.2654603818450497e-05,2023
CNN_FINAL_w6_c32_k2_actrelu_d0.0_dense16_e50_lr0.001_b8,010511,Amazonas,Maria,5,0.4833355252832265,0.4816444221279579,-0.0016911031552686029,0.0016911031552686029,2.8598298817594243e-06,2024
CNN_FINAL_w6_c32_k2_actrelu_d0.0_dense16_e50_lr0.001_b8,010512,Amazonas,Ocalli,1,0.7514545269560022,0.7444163002160027,-0.007038226739999542,0.007038226739999542,4.953663564364459e-05,2020
CNN_FINAL_w6_c32_k2_actrelu_d0.0_dense16_e50_lr0.001_b8,010512,Amazonas,Ocalli,2,0.7490497126234804,0.7417029686201627,-0.007346744003317696,0.007346744003317696,5.397464745028452e-05,2021
CNN_FINAL_w6_c32_k2_actrelu_d0.0_dense16_e50_lr0.001_b8,010512,Amazonas,Ocalli,3,0.7596567854942264,0.7418677517690668,-0.01778903372515961,0.01778903372515961,0.00031644972087486594,2022
CNN_FINAL_w6_c32_k2_actrelu_d0.0_dense16_e50_lr0.001_b8,010512,Amazonas,Ocalli,4,0.7632873148867162,0.7563735399321734,-0.006913774954542817,0.006913774954542817,4.780028412206353e-05,2023
CNN_FINAL_w6_c32_k2_actrelu_d0.0_dense16_e50_lr0.001_b8,010512,Amazonas,Ocalli,5,0.7578053538118612,0.758648804271844,0.0008434504599827974,0.0008434504599827974,7.114086784451926e-07,2024
CNN_FINAL_w6_c32_k2_actrelu_d0.0_dense16_e50_lr0.001_b8,010513,Amazonas,Ocumal,1,0.5724445558471863,0.5674786147553017,-0.00496594109188464,0.00496594109188464,2.4660570928068413e-05,2020
CNN_FINAL_w6_c32_k2_actrelu_d0.0_dense16_e50_lr0.001_b8,010513,Amazonas,Ocumal,2,0.579458771166097,0.5766284647350014,-0.0028303064310956083,0.0028303064310956083,8.01063449390116e-06,2021
CNN_FINAL_w6_c32_k2_actrelu_d0.0_dense16_e50_lr0.001_b8,010513,Amazonas,Ocumal,3,0.5660875423671314,0.5824636344134905,0.016376092046359036,0.016376092046359036,0.0002681763907108237,2022
CNN_FINAL_w6_c32_k2_actrelu_d0.0_dense16_e50_lr0.001_b8,010513,Amazonas,Ocumal,4,0.5702701798579293,0.5643230515259651,-0.005947128331964202,0.005947128331964202,3.5368335396851315e-05,2023
CNN_FINAL_w6_c32_k2_actrelu_d0.0_dense16_e50_lr0.001_b8,010513,Amazonas,Ocumal,5,0.572224676724311,0.5711043235655521,-0.0011203531587589133,0.0011203531587589133,1.2551912003410747e-06,2024
CNN_FINAL_w6_c32_k2_actrelu_d0.0_dense16_e50_lr0.001_b8,010514,Amazonas,Pisuquia,1,0.47308647844352253,0.47610575926999565,0.0030192808264731252,0.0030192808264731252,9.116056709108238e-06,2020
CNN_FINAL_w6_c32_k2_actrelu_d0.0_dense16_e50_lr0.001_b8,010514,Amazonas,Pisuquia,2,0.4884350577068684,0.4776597376824415,-0.010775320024426882,0.010775320024426882,0.00011610752162881495,2021
CNN_FINAL_w6_c32_k2_actrelu_d0.0_dense16_e50_lr0.001_b8,010514,Amazonas,Pisuquia,3,0.48574858949962,0.4933824799389723,0.007633890439352253,0.007633890439352253,5.827628324003374e-05,2022
CNN_FINAL_w6_c32_k2_actrelu_d0.0_dense16_e50_lr0.001_b8,010514,Amazonas,Pisuquia,4,0.48383843694211015,0.4856496571446176,0.0018112202025074575,0.0018112202025074575,3.2805186219711553e-06,2023
CNN_FINAL_w6_c32_k2_actrelu_d0.0_dense16_e50_lr0.001_b8,010514,Amazonas,Pisuquia,5,0.49601155545505693,0.48218374369497263,-0.013827811760084296,0.013827811760084296,0.00019120837807232557,2024
CNN_FINAL_w6_c32_k2_actrelu_d0.0_dense16_e50_lr0.001_b8,010515,Amazonas,Providencia,1,0.7218613006911088,0.7129274746304254,-0.00893382606068338,0.00893382606068338,7.981324808254553e-05,2020
CNN_FINAL_w6_c32_k2_actrelu_d0.0_dense16_e50_lr0.001_b8,010515,Amazonas,Providencia,2,0.7229606458281845,0.7203437258771314,-0.002616919951053176,0.002616919951053176,6.848270030220157e-06,2021
CNN_FINAL_w6_c32_k2_actrelu_d0.0_dense16_e50_lr0.001_b8,010515,Amazonas,Providencia,3,0.7061189953256342,0.7210179259470773,0.014898930621443096,0.014898930621443096,0.00022197813366257475,2022
CNN_FINAL_w6_c32_k2_actrelu_d0.0_dense16_e50_lr0.001_b8,010515,Amazonas,Providencia,4,0.713303025749386,0.7055264927672524,-0.007776532982133544,0.007776532982133544,6.047446522221083e-05,2023
CNN_FINAL_w6_c32_k2_actrelu_d0.0_dense16_e50_lr0.001_b8,010515,Amazonas,Providencia,5,0.7031721431163409,0.7123456732598421,0.009173530143501196,0.009173530143501196,8.415365529372508e-05,2024
CNN_FINAL_w6_c32_k2_actrelu_d0.0_dense16_e50_lr0.001_b8,010516,Amazonas,San Cristobal,1,0.12910973778389828,0.12669636754886787,-0.00241337023503041,0.00241337023503041,5.824355891330736e-06,2020
CNN_FINAL_w6_c32_k2_actrelu_d0.0_dense16_e50_lr0.001_b8,010516,Amazonas,San Cristobal,2,0.13386376570196146,0.1290808395291127,-0.004782926172848756,0.004782926172848756,2.287638277492165e-05,2021
CNN_FINAL_w6_c32_k2_actrelu_d0.0_dense16_e50_lr0.001_b8,010516,Amazonas,San Cristobal,3,0.13011060170684874,0.13277721656067293,0.0026666148538241896,0.0026666148538241896,7.1108347786358044e-06,2022
CNN_FINAL_w6_c32_k2_actrelu_d0.0_dense16_e50_lr0.001_b8,010516,Amazonas,San Cristobal,4,0.13223741230446795,0.1275005971460238,-0.004736815158444152,0.004736815158444152,2.2437417845266297e-05,2023
CNN_FINAL_w6_c32_k2_actrelu_d0.0_dense16_e50_lr0.001_b8,010516,Amazonas,San Cristobal,5,0.12525647730103034,0.13088608448112188,0.005629607180091534,0.005629607180091534,3.169247700213815e-05,2024
CNN_FINAL_w6_c32_k2_actrelu_d0.0_dense16_e50_lr0.001_b8,010517,Amazonas,San Francisco Del Yeso,1,0.3325855424186807,0.3370948690011335,0.004509326582452788,0.004509326582452788,2.0334026227215345e-05,2020
CNN_FINAL_w6_c32_k2_actrelu_d0.0_dense16_e50_lr0.001_b8,010517,Amazonas,San Francisco Del Yeso,2,0.3296529879048775,0.333514640239026,0.00386165233414848,0.00386165233414848,1.4912358749834402e-05,2021
CNN_FINAL_w6_c32_k2_actrelu_d0.0_dense16_e50_lr0.001_b8,010517,Amazonas,San Francisco Del Yeso,3,0.32937928735987965,0.33227287339736056,0.002893586037480911,0.002893586037480911,8.372840156304479e-06,2022
CNN_FINAL_w6_c32_k2_actrelu_d0.0_dense16_e50_lr0.001_b8,010517,Amazonas,San Francisco Del Yeso,4,0.32705765961929956,0.33211354179695746,0.0050558821776579,0.0050558821776579,2.5561944594358788e-05,2023
CNN_FINAL_w6_c32_k2_actrelu_d0.0_dense16_e50_lr0.001_b8,010517,Amazonas,San Francisco Del Yeso,5,0.3292228834429307,0.32933819883691806,0.00011531539398734747,0.00011531539398734747,1.3297640090457173e-08,2024
CNN_FINAL_w6_c32_k2_actrelu_d0.0_dense16_e50_lr0.001_b8,010518,Amazonas,San Jeronimo,1,0.4425930652323946,0.43934602451443755,-0.0032470407179570615,0.0032470407179570615,1.054327342407111e-05,2020
CNN_FINAL_w6_c32_k2_actrelu_d0.0_dense16_e50_lr0.001_b8,010518,Amazonas,San Jeronimo,2,0.4367522610251886,0.44311803547178713,0.006365774446598527,0.006365774446598527,4.052308430496678e-05,2021
CNN_FINAL_w6_c32_k2_actrelu_d0.0_dense16_e50_lr0.001_b8,010518,Amazonas,San Jeronimo,3,0.4297261551470763,0.4354641560212643,0.005738000874188021,0.005738000874188021,3.292465403218249e-05,2022
CNN_FINAL_w6_c32_k2_actrelu_d0.0_dense16_e50_lr0.001_b8,010518,Amazonas,San Jeronimo,4,0.4264141880007909,0.4268194071533764,0.000405219152585512,0.000405219152585512,1.6420256162212045e-07,2023
CNN_FINAL_w6_c32_k2_actrelu_d0.0_dense16_e50_lr0.001_b8,010518,Amazonas,San Jeronimo,5,0.4184467246278685,0.4240517051947661,0.005604980566897566,0.005604980566897566,3.141580715529936e-05,2024
CNN_FINAL_w6_c32_k2_actrelu_d0.0_dense16_e50_lr0.001_b8,010519,Amazonas,San Juan De Lopecancha,1,0.16213294712466453,0.17042119374503245,0.008288246620367923,0.008288246620367923,6.869503204004029e-05,2020
CNN_FINAL_w6_c32_k2_actrelu_d0.0_dense16_e50_lr0.001_b8,010519,Amazonas,San Juan De Lopecancha,2,0.16046497519254965,0.16529373475464793,0.004828759562098273,0.004828759562098273,2.33169189085555e-05,2021
CNN_FINAL_w6_c32_k2_actrelu_d0.0_dense16_e50_lr0.001_b8,010519,Amazonas,San Juan De Lopecancha,3,0.1627095240946011,0.16477573669244716,0.002066212597846062,0.002066212597846062,4.269234499497773e-06,2022
CNN_FINAL_w6_c32_k2_actrelu_d0.0_dense16_e50_lr0.001_b8,010519,Amazonas,San Juan De Lopecancha,4,0.16192702497549788,0.16654398178287055,0.004616956807372674,0.004616956807372674,2.1316290161144875e-05,2023
CNN_FINAL_w6_c32_k2_actrelu_d0.0_dense16_e50_lr0.001_b8,010519,Amazonas,San Juan De Lopecancha,5,0.1634302642360096,0.16361097297335891,0.00018070873734932213,0.00018070873734932213,3.265564775438629e-08,2024
CNN_FINAL_w6_c32_k2_actrelu_d0.0_dense16_e50_lr0.001_b8,010520,Amazonas,Santa Catalina,1,0.6896047027389762,0.683964003172004,-0.005640699566972218,0.005640699566972218,3.181749160484057e-05,2020
CNN_FINAL_w6_c32_k2_actrelu_d0.0_dense16_e50_lr0.001_b8,010520,Amazonas,Santa Catalina,2,0.6847716021289975,0.6845825267790181,-0.00018907534997936182,0.00018907534997936182,3.574948796981816e-08,2021
CNN_FINAL_w6_c32_k2_actrelu_d0.0_dense16_e50_lr0.001_b8,010520,Amazonas,Santa Catalina,3,0.6841073587066611,0.6798067431442516,-0.00430061556240946,0.00430061556240946,1.8495294215638436e-05,2022
CNN_FINAL_w6_c32_k2_actrelu_d0.0_dense16_e50_lr0.001_b8,010520,Amazonas,Santa Catalina,4,0.6827087336523384,0.6795287141706985,-0.0031800194816399285,0.0031800194816399285,1.011252390360948e-05,2023
CNN_FINAL_w6_c32_k2_actrelu_d0.0_dense16_e50_lr0.001_b8,010520,Amazonas,Santa Catalina,5,0.6790474004869527,0.6780312293224935,-0.0010161711644591787,0.0010161711644591787,1.032603835478323e-06,2024
CNN_FINAL_w6_c32_k2_actrelu_d0.0_dense16_e50_lr0.001_b8,010521,Amazonas,Santo Tomas,1,0.31352701719431686,0.3142020753783787,0.0006750581840618275,0.0006750581840618275,4.5570355186885215e-07,2020
CNN_FINAL_w6_c32_k2_actrelu_d0.0_dense16_e50_lr0.001_b8,010521,Amazonas,Santo Tomas,2,0.3137343779465602,0.3153976807283385,0.001663302781778342,0.001663302781778342,2.7665761438715705e-06,2021
CNN_FINAL_w6_c32_k2_actrelu_d0.0_dense16_e50_lr0.001_b8,010521,Amazonas,Santo Tomas,3,0.31368503638489564,0.31614270045149706,0.002457664066601417,0.002457664066601417,6.0401126642638145e-06,2022
CNN_FINAL_w6_c32_k2_actrelu_d0.0_dense16_e50_lr0.001_b8,010521,Amazonas,Santo Tomas,4,0.3169240638313292,0.31590878863896166,-0.0010152751923675485,0.0010152751923675485,1.0307837162369625e-06,2023
CNN_FINAL_w6_c32_k2_actrelu_d0.0_dense16_e50_lr0.001_b8,010521,Amazonas,Santo Tomas,5,0.31714131813455587,0.319906237531952,0.0027649193973961483,0.0027649193973961483,7.64477927409748e-06,2024
CNN_FINAL_w6_c32_k2_actrelu_d0.0_dense16_e50_lr0.001_b8,010522,Amazonas,Tingo,1,0.21833821026119687,0.21668295860891773,-0.0016552516522791438,0.0016552516522791438,2.7398580323728356e-06,2020
CNN_FINAL_w6_c32_k2_actrelu_d0.0_dense16_e50_lr0.001_b8,010522,Amazonas,Tingo,2,0.21514188661135486,0.21334724189254217,-0.001794644718812688,0.001794644718812688,3.220749666762272e-06,2021
CNN_FINAL_w6_c32_k2_actrelu_d0.0_dense16_e50_lr0.001_b8,010522,Amazonas,Tingo,3,0.21920255832376706,0.21086032623004858,-0.008342232093718482,0.008342232093718482,6.959283630546666e-05,2022
CNN_FINAL_w6_c32_k2_actrelu_d0.0_dense16_e50_lr0.001_b8,010522,Amazonas,Tingo,4,0.21749836892823093,0.2156163732401492,-0.001881995688081728,0.001881995688081728,3.5419077699582167e-06,2023
CNN_FINAL_w6_c32_k2_actrelu_d0.0_dense16_e50_lr0.001_b8,010522,Amazonas,Tingo,5,0.22122472947654687,0.21351225218930053,-0.007712477287246333,0.007712477287246333,5.948230590629056e-05,2024
CNN_FINAL_w6_c32_k2_actrelu_d0.0_dense16_e50_lr0.001_b8,010523,Amazonas,Trita,1,0.14999045571406044,0.1525175765467492,0.002527120832688745,0.002527120832688745,6.386339703009456e-06,2020
CNN_FINAL_w6_c32_k2_actrelu_d0.0_dense16_e50_lr0.001_b8,010523,Amazonas,Trita,2,0.1690732226621986,0.15097574738967223,-0.018097475272526364,0.018097475272526364,0.0003275186112397032,2021
CNN_FINAL_w6_c32_k2_actrelu_d0.0_dense16_e50_lr0.001_b8,010523,Amazonas,Trita,3,0.17263535531192065,0.17419560868383904,0.0015602533719183964,0.0015602533719183964,2.4343905845827257e-06,2022
CNN_FINAL_w6_c32_k2_actrelu_d0.0_dense16_e50_lr0.001_b8,010523,Amazonas,Trita,4,0.17409833892493626,0.17619261690210247,0.0020942779771662146,0.0020942779771662146,4.386000245643411e-06,2023
CNN_FINAL_w6_c32_k2_actrelu_d0.0_dense16_e50_lr0.001_b8,010523,Amazonas,Trita,5,0.1788054481917798,0.17644664391906073,-0.0023588042727190617,0.0023588042727190617,5.563957596997702e-06,2024
CNN_FINAL_w6_c32_k2_actrelu_d0.0_dense16_e50_lr0.001_b8,010601,Amazonas,San Nicolas,1,0.6677599566962213,0.6671114243338012,-0.0006485323624201289,0.0006485323624201289,4.2059422510623345e-07,2020
CNN_FINAL_w6_c32_k2_actrelu_d0.0_dense16_e50_lr0.001_b8,010601,Amazonas,San Nicolas,2,0.6688735490514861,0.6670993602588776,-0.0017741887926084887,0.0017741887926084887,3.147745871817567e-06,2021
CNN_FINAL_w6_c32_k2_actrelu_d0.0_dense16_e50_lr0.001_b8,010601,Amazonas,San Nicolas,3,0.6652195981913622,0.6686219323256476,0.0034023341342853675,0.0034023341342853675,1.1575877561323361e-05,2022
CNN_FINAL_w6_c32_k2_actrelu_d0.0_dense16_e50_lr0.001_b8,010601,Amazonas,San Nicolas,4,0.6535443120588925,0.6650916256141653,0.011547313555272831,0.011547313555272831,0.00013334045034378767,2023
CNN_FINAL_w6_c32_k2_actrelu_d0.0_dense16_e50_lr0.001_b8,010601,Amazonas,San Nicolas,5,0.6457840201483349,0.6525189161676874,0.00673489601935251,0.00673489601935251,4.535882439149028e-05,2024
CNN_FINAL_w6_c32_k2_actrelu_d0.0_dense16_e50_lr0.001_b8,010602,Amazonas,Chirimoto,1,0.7118476642088117,0.7117742702132515,-7.339399556027804e-05,7.339399556027804e-05,5.386678584302112e-09,2020
CNN_FINAL_w6_c32_k2_actrelu_d0.0_dense16_e50_lr0.001_b8,010602,Amazonas,Chirimoto,2,0.7038575365277693,0.7073676270802268,0.0035100905524575454,0.0035100905524575454,1.2320735686451716e-05,2021
CNN_FINAL_w6_c32_k2_actrelu_d0.0_dense16_e50_lr0.001_b8,010602,Amazonas,Chirimoto,3,0.696358502507529,0.6973790021005434,0.0010204995930144234,0.0010204995930144234,1.0414194193426038e-06,2022
CNN_FINAL_w6_c32_k2_actrelu_d0.0_dense16_e50_lr0.001_b8,010602,Amazonas,Chirimoto,4,0.6909855597833696,0.687583427558288,-0.0034021322250815667,0.0034021322250815667,1.1574503676938452e-05,2023
CNN_FINAL_w6_c32_k2_actrelu_d0.0_dense16_e50_lr0.001_b8,010602,Amazonas,Chirimoto,5,0.6800778441082513,0.6815888442537819,0.0015110001455305166,0.0015110001455305166,2.2831214397932423e-06,2024
CNN_FINAL_w6_c32_k2_actrelu_d0.0_dense16_e50_lr0.001_b8,010603,Amazonas,Cochamal,1,0.8182399333232315,0.8111657415063154,-0.007074191816916153,0.007074191816916153,5.0044189862523466e-05,2020
CNN_FINAL_w6_c32_k2_actrelu_d0.0_dense16_e50_lr0.001_b8,010603,Amazonas,Cochamal,2,0.8120494980910953,0.8051472319611658,-0.006902266129929502,0.006902266129929502,4.7641277728371984e-05,2021
CNN_FINAL_w6_c32_k2_actrelu_d0.0_dense16_e50_lr0.001_b8,010603,Amazonas,Cochamal,3,0.8050969313307834,0.7990718849751627,-0.006025046355620733,0.006025046355620733,3.630118358737868e-05,2022
CNN_FINAL_w6_c32_k2_actrelu_d0.0_dense16_e50_lr0.001_b8,010603,Amazonas,Cochamal,4,0.7972789312459313,0.7925574611869716,-0.004721470058959731,0.004721470058959731,2.229227951765321e-05,2023
CNN_FINAL_w6_c32_k2_actrelu_d0.0_dense16_e50_lr0.001_b8,010603,Amazonas,Cochamal,5,0.7942648558911172,0.7850419463279759,-0.009222909563141313,0.009222909563141313,8.506206080988348e-05,2024
CNN_FINAL_w6_c32_k2_actrelu_d0.0_dense16_e50_lr0.001_b8,010604,Amazonas,Huambo,1,0.23678097551077298,0.2410223054832336,0.004241329972460628,0.004241329972460628,1.798887993529287e-05,2020
CNN_FINAL_w6_c32_k2_actrelu_d0.0_dense16_e50_lr0.001_b8,010604,Amazonas,Huambo,2,0.2369641071585672,0.2373533123874309,0.00038920522886370934,0.00038920522886370934,1.5148071017485236e-07,2021
CNN_FINAL_w6_c32_k2_actrelu_d0.0_dense16_e50_lr0.001_b8,010604,Amazonas,Huambo,3,0.23359853311868822,0.23660200824030592,0.0030034751216176936,0.0030034751216176936,9.02086280617642e-06,2022
CNN_FINAL_w6_c32_k2_actrelu_d0.0_dense16_e50_lr0.001_b8,010604,Amazonas,Huambo,4,0.21361113722183328,0.2323724899562642,0.018761352734430914,0.018761352734430914,0.00035198835642573833,2023
CNN_FINAL_w6_c32_k2_actrelu_d0.0_dense16_e50_lr0.001_b8,010604,Amazonas,Huambo,5,0.20973041708725637,0.20653487583557884,-0.003195541251677536,0.003195541251677536,1.0211483891172834e-05,2024
CNN_FINAL_w6_c32_k2_actrelu_d0.0_dense16_e50_lr0.001_b8,010605,Amazonas,Limabamba,1,0.806505853754497,0.8005526365981075,-0.005953217156389523,0.005953217156389523,3.544079451113056e-05,2020
CNN_FINAL_w6_c32_k2_actrelu_d0.0_dense16_e50_lr0.001_b8,010605,Amazonas,Limabamba,2,0.7968726646893514,0.7941605950260348,-0.0027120696633166075,0.0027120696633166075,7.355321858682257e-06,2021
CNN_FINAL_w6_c32_k2_actrelu_d0.0_dense16_e50_lr0.001_b8,010605,Amazonas,Limabamba,3,0.7915068266452987,0.7848293359364352,-0.006677490708863476,0.006677490708863476,4.458888216695805e-05,2022
CNN_FINAL_w6_c32_k2_actrelu_d0.0_dense16_e50_lr0.001_b8,010605,Amazonas,Limabamba,4,0.7833278886201067,0.7794095628963329,-0.003918325723773819,0.003918325723773819,1.5353276477587623e-05,2023
CNN_FINAL_w6_c32_k2_actrelu_d0.0_dense16_e50_lr0.001_b8,010605,Amazonas,Limabamba,5,0.7546323001977504,0.7715319995963767,0.016899699398626344,0.016899699398626344,0.0002855998397639316,2024
CNN_FINAL_w6_c32_k2_actrelu_d0.0_dense16_e50_lr0.001_b8,010606,Amazonas,Longar,1,0.704565821395172,0.7022429695800443,-0.0023228518151277022,0.0023228518151277022,5.395640555042061e-06,2020
CNN_FINAL_w6_c32_k2_actrelu_d0.0_dense16_e50_lr0.001_b8,010606,Amazonas,Longar,2,0.6976246246468959,0.6994876661084762,0.0018630414615803392,0.0018630414615803392,3.4709234875674065e-06,2021
CNN_FINAL_w6_c32_k2_actrelu_d0.0_dense16_e50_lr0.001_b8,010606,Amazonas,Longar,3,0.6850504261200403,0.6918717771365701,0.006821351016529809,0.006821351016529809,4.6530829690712256e-05,2022
CNN_FINAL_w6_c32_k2_actrelu_d0.0_dense16_e50_lr0.001_b8,010606,Amazonas,Longar,4,0.670194918596727,0.6774219178229003,0.007226999226173314,0.007226999226173314,5.2229517815109677e-05,2023
CNN_FINAL_w6_c32_k2_actrelu_d0.0_dense16_e50_lr0.001_b8,010606,Amazonas,Longar,5,0.6654593401321558,0.6604082911560625,-0.00505104897609332,0.00505104897609332,2.5513095758893373e-05,2024
CNN_FINAL_w6_c32_k2_actrelu_d0.0_dense16_e50_lr0.001_b8,010608,Amazonas,Milpuc,1,0.39825826502206196,0.4106354001660651,0.012377135144003126,0.012377135144003126,0.00015319347437291729,2020
CNN_FINAL_w6_c32_k2_actrelu_d0.0_dense16_e50_lr0.001_b8,010608,Amazonas,Milpuc,2,0.4143722978509513,0.40281896487754193,-0.01155333297340938,0.01155333297340938,0.00013347950279446843,2021
CNN_FINAL_w6_c32_k2_actrelu_d0.0_dense16_e50_lr0.001_b8,010608,Amazonas,Milpuc,3,0.4137310342198659,0.4246951393497918,0.010964105129925905,0.010964105129925905,0.00012021160130006755,2022
CNN_FINAL_w6_c32_k2_actrelu_d0.0_dense16_e50_lr0.001_b8,010608,Amazonas,Milpuc,4,0.40345033495764404,0.41787003408400486,0.014419699126360819,0.014419699126360819,0.00020792772289477096,2023
CNN_FINAL_w6_c32_k2_actrelu_d0.0_dense16_e50_lr0.001_b8,010608,Amazonas,Milpuc,5,0.39327305106571386,0.4060303560017132,0.012757304935999358,0.012757304935999358,0.0001627488292300736,2024
CNN_FINAL_w6_c32_k2_actrelu_d0.0_dense16_e50_lr0.001_b8,010609,Amazonas,Omia,1,0.7124288093744829,0.7121318009357781,-0.00029700843870483773,0.00029700843870483773,8.821401266188535e-08,2020
CNN_FINAL_w6_c32_k2_actrelu_d0.0_dense16_e50_lr0.001_b8,010609,Amazonas,Omia,2,0.7089551634333009,0.7008714760749744,-0.008083687358326541,0.008083687358326541,6.534600130716833e-05,2021
CNN_FINAL_w6_c32_k2_actrelu_d0.0_dense16_e50_lr0.001_b8,010609,Amazonas,Omia,3,0.7032829534112197,0.6939387721325807,-0.009344181278639008,0.009344181278639008,8.731372376806772e-05,2022
CNN_FINAL_w6_c32_k2_actrelu_d0.0_dense16_e50_lr0.001_b8,010609,Amazonas,Omia,4,0.6997106622046844,0.6871348357848737,-0.012575826419810698,0.012575826419810698,0.00015815141014120877,2023
CNN_FINAL_w6_c32_k2_actrelu_d0.0_dense16_e50_lr0.001_b8,010609,Amazonas,Omia,5,0.6896845704483815,0.680764171349747,-0.008920399098634513,0.008920399098634513,7.957352007891943e-05,2024
CNN_FINAL_w6_c32_k2_actrelu_d0.0_dense16_e50_lr0.001_b8,010610,Amazonas,Santa Rosa,1,0.2150391400653005,0.22235804583715224,0.007318905771851736,0.007318905771851736,5.3566381697244655e-05,2020
CNN_FINAL_w6_c32_k2_actrelu_d0.0_dense16_e50_lr0.001_b8,010610,Amazonas,Santa Rosa,2,0.24808826950009716,0.21441314581774806,-0.033675123682349095,0.033675123682349095,0.0011340139550215088,2021
CNN_FINAL_w6_c32_k2_actrelu_d0.0_dense16_e50_lr0.001_b8,010610,Amazonas,Santa Rosa,3,0.2527028286356754,0.25813140996479106,0.005428581329115667,0.005428581329115667,2.946949524682322e-05,2022
CNN_FINAL_w6_c32_k2_actrelu_d0.0_dense16_e50_lr0.001_b8,010610,Amazonas,Santa Rosa,4,0.26522808941927395,0.2545627909818987,-0.010665298437375237,0.010665298437375237,0.00011374859075827866,2023
CNN_FINAL_w6_c32_k2_actrelu_d0.0_dense16_e50_lr0.001_b8,010610,Amazonas,Santa Rosa,5,0.26092113895559704,0.2702942437276722,0.009373104772075147,0.009373104772075147,8.785509306829789e-05,2024
CNN_FINAL_w6_c32_k2_actrelu_d0.0_dense16_e50_lr0.001_b8,010611,Amazonas,Totora,1,0.2228216293689445,0.23387323059037957,0.011051601221435059,0.011051601221435059,0.00012213788955762488,2020
CNN_FINAL_w6_c32_k2_actrelu_d0.0_dense16_e50_lr0.001_b8,010611,Amazonas,Totora,2,0.22894760508778594,0.21948687172128667,-0.009460733366499274,0.009460733366499274,8.95054758319927e-05,2021
CNN_FINAL_w6_c32_k2_actrelu_d0.0_dense16_e50_lr0.001_b8,010611,Amazonas,Totora,3,0.22574747040172327,0.22885712452585893,0.0031096541241356634,0.0031096541241356634,9.66994877175394e-06,2022
CNN_FINAL_w6_c32_k2_actrelu_d0.0_dense16_e50_lr0.001_b8,010611,Amazonas,Totora,4,0.21504984125309884,0.2239704422609371,0.008920601007838258,0.008920601007838258,7.957712234104494e-05,2023
CNN_FINAL_w6_c32_k2_actrelu_d0.0_dense16_e50_lr0.001_b8,010611,Amazonas,Totora,5,0.18583706240535675,0.2104360140383842,0.024598951633027444,0.024598951633027444,0.0006051084214440236,2024
CNN_FINAL_w6_c32_k2_actrelu_d0.0_dense16_e50_lr0.001_b8,010701,Amazonas,Bagua Grande,1,0.4547301808104491,0.4535099488472953,-0.001220231963153795,0.001220231963153795,1.4889660439021644e-06,2020
CNN_FINAL_w6_c32_k2_actrelu_d0.0_dense16_e50_lr0.001_b8,010701,Amazonas,Bagua Grande,2,0.43231323039395125,0.449105293257995,0.016792062864043722,0.016792062864043722,0.00028197337522999625,2021
CNN_FINAL_w6_c32_k2_actrelu_d0.0_dense16_e50_lr0.001_b8,010701,Amazonas,Bagua Grande,3,0.4285583186222936,0.41854019596987596,-0.010018122652417638,0.010018122652417638,0.00010036278147888341,2022
CNN_FINAL_w6_c32_k2_actrelu_d0.0_dense16_e50_lr0.001_b8,010701,Amazonas,Bagua Grande,4,0.43437349928961216,0.420981656822877,-0.013391842466735138,0.013391842466735138,0.00017934144465385065,2023
CNN_FINAL_w6_c32_k2_actrelu_d0.0_dense16_e50_lr0.001_b8,010701,Amazonas,Bagua Grande,5,0.41003566673432434,0.43089100089177856,0.02085533415745422,0.02085533415745422,0.0004349449628190767,2024
CNN_FINAL_w6_c32_k2_actrelu_d0.0_dense16_e50_lr0.001_b8,010703,Amazonas,Cumba,1,0.3463667920234833,0.34372483533116616,-0.002641956692317149,0.002641956692317149,6.97993516407937e-06,2020
CNN_FINAL_w6_c32_k2_actrelu_d0.0_dense16_e50_lr0.001_b8,010703,Amazonas,Cumba,2,0.3446464498916477,0.3396037675281845,-0.0050426823634632245,0.0050426823634632245,2.5428645418783052e-05,2021
CNN_FINAL_w6_c32_k2_actrelu_d0.0_dense16_e50_lr0.001_b8,010703,Amazonas,Cumba,3,0.34793931137952905,0.33741830230687814,-0.010521009072650911,0.010521009072650911,0.00011069163190680278,2022
CNN_FINAL_w6_c32_k2_actrelu_d0.0_dense16_e50_lr0.001_b8,010703,Amazonas,Cumba,4,0.3448179086636006,0.34612129567038313,0.0013033870067825082,0.0013033870067825082,1.698817689449466e-06,2023
CNN_FINAL_w6_c32_k2_actrelu_d0.0_dense16_e50_lr0.001_b8,010703,Amazonas,Cumba,5,0.3392431072129999,0.33963317055597947,0.0003900633429795852,0.0003900633429795852,1.5214941153640953e-07,2024
CNN_FINAL_w6_c32_k2_actrelu_d0.0_dense16_e50_lr0.001_b8,010705,Amazonas,Jamalca,1,0.5213136077789394,0.5116590833783624,-0.009654524400577014,0.009654524400577014,9.320984140133695e-05,2020
CNN_FINAL_w6_c32_k2_actrelu_d0.0_dense16_e50_lr0.001_b8,010705,Amazonas,Jamalca,2,0.4938946352535898,0.5169650143306985,0.023070379077108738,0.023070379077108738,0.0005322423907614967,2021
CNN_FINAL_w6_c32_k2_actrelu_d0.0_dense16_e50_lr0.001_b8,010705,Amazonas,Jamalca,3,0.4911788681279796,0.4816131609045222,-0.009565707223457398,0.009565707223457398,9.150275468490504e-05,2022
CNN_FINAL_w6_c32_k2_actrelu_d0.0_dense16_e50_lr0.001_b8,010705,Amazonas,Jamalca,4,0.49352913858200925,0.4873462623256882,-0.006182876256321079,0.006182876256321079,3.8227958800978965e-05,2023
CNN_FINAL_w6_c32_k2_actrelu_d0.0_dense16_e50_lr0.001_b8,010705,Amazonas,Jamalca,5,0.4755670718240739,0.49324280293762096,0.01767573111354709,0.01767573111354709,0.0003124314703984166,2024
CNN_FINAL_w6_c32_k2_actrelu_d0.0_dense16_e50_lr0.001_b8,010706,Amazonas,Lonya Grande,1,0.5421841143088638,0.5659727001978404,0.023788585888976588,0.023788585888976588,0.000565896818597216,2020
CNN_FINAL_w6_c32_k2_actrelu_d0.0_dense16_e50_lr0.001_b8,010706,Amazonas,Lonya Grande,2,0.5344709752957506,0.5271855856630122,-0.007285389632738393,0.007285389632738393,5.307690210081205e-05,2021
CNN_FINAL_w6_c32_k2_actrelu_d0.0_dense16_e50_lr0.001_b8,010706,Amazonas,Lonya Grande,3,0.546537519663558,0.5222367122085064,-0.024300807455051587,0.024300807455051587,0.0005905292429674908,2022
CNN_FINAL_w6_c32_k2_actrelu_d0.0_dense16_e50_lr0.001_b8,010706,Amazonas,Lonya Grande,4,0.5301883219625728,0.545310372310176,0.015122050347603166,0.015122050347603166,0.00022867640671544505,2023
CNN_FINAL_w6_c32_k2_actrelu_d0.0_dense16_e50_lr0.001_b8,010706,Amazonas,Lonya Grande,5,0.5252855419737226,0.5185782877975872,-0.00670725417613538,0.00670725417613538,4.4987258583285496e-05,2024
CNN_FINAL_w6_c32_k2_actrelu_d0.0_dense16_e50_lr0.001_b8,010707,Amazonas,Yamon,1,0.49052214582348264,0.49768481803927617,0.007162672215793531,0.007162672215793531,5.1303873270900606e-05,2020
CNN_FINAL_w6_c32_k2_actrelu_d0.0_dense16_e50_lr0.001_b8,010707,Amazonas,Yamon,2,0.48389026451084577,0.4879164949298634,0.004026230419017618,0.004026230419017618,1.6210531387022782e-05,2021
CNN_FINAL_w6_c32_k2_actrelu_d0.0_dense16_e50_lr0.001_b8,010707,Amazonas,Yamon,3,0.4922310390724997,0.4790442921891284,-0.013186746883371292,0.013186746883371292,0.0001738902933661025,2022
CNN_FINAL_w6_c32_k2_actrelu_d0.0_dense16_e50_lr0.001_b8,010707,Amazonas,Yamon,4,0.48527711573472526,0.4952976392137687,0.01002052347904342,0.01002052347904342,0.00010041089079406043,2023
CNN_FINAL_w6_c32_k2_actrelu_d0.0_dense16_e50_lr0.001_b8,010707,Amazonas,Yamon,5,0.48043957312226415,0.4854387219685018,0.004999148846237644,0.004999148846237644,2.499148918683917e-05,2024
CNN_FINAL_w6_c32_k2_actrelu_d0.0_dense16_e50_lr0.001_b8,050408,Ayacucho,Llochegua,1,0.5963197923328813,0.5962558502119213,-6.39421209600588e-05,6.39421209600588e-05,4.088594832870791e-09,2020
CNN_FINAL_w6_c32_k2_actrelu_d0.0_dense16_e50_lr0.001_b8,050408,Ayacucho,Llochegua,2,0.5964061589947821,0.5913894472026502,-0.005016711792131923,0.005016711792131923,2.5167397205315488e-05,2021
CNN_FINAL_w6_c32_k2_actrelu_d0.0_dense16_e50_lr0.001_b8,050408,Ayacucho,Llochegua,3,0.5938259928284727,0.5908149271827269,-0.003011065645745825,0.003011065645745825,9.066516322990723e-06,2022
CNN_FINAL_w6_c32_k2_actrelu_d0.0_dense16_e50_lr0.001_b8,050408,Ayacucho,Llochegua,4,0.5919840319496955,0.5893233166304181,-0.0026607153192773625,0.0026607153192773625,7.079406010237237e-06,2023
CNN_FINAL_w6_c32_k2_actrelu_d0.0_dense16_e50_lr0.001_b8,050408,Ayacucho,Llochegua,5,0.5856252296802887,0.5876550102861846,0.00202978060589587,0.00202978060589587,4.120009308071006e-06,2024
CNN_FINAL_w6_c32_k2_actrelu_d0.0_dense16_e50_lr0.001_b8,050409,Ayacucho,Canayre,1,0.6973024027963737,0.6923314739161903,-0.004970928880183356,0.004970928880183356,2.4710133931840955e-05,2020
CNN_FINAL_w6_c32_k2_actrelu_d0.0_dense16_e50_lr0.001_b8,050409,Ayacucho,Canayre,2,0.6945688171835332,0.683486563621105,-0.011082253562428201,0.011082253562428201,0.00012281634402195257,2021
CNN_FINAL_w6_c32_k2_actrelu_d0.0_dense16_e50_lr0.001_b8,050409,Ayacucho,Canayre,3,0.6886827979340142,0.6806200334169255,-0.00806276451708876,0.00806276451708876,6.500817165802556e-05,2022
CNN_FINAL_w6_c32_k2_actrelu_d0.0_dense16_e50_lr0.001_b8,050409,Ayacucho,Canayre,4,0.6859037322730308,0.6781422541459012,-0.007761478127129573,0.007761478127129573,6.0240542717910786e-05,2023
CNN_FINAL_w6_c32_k2_actrelu_d0.0_dense16_e50_lr0.001_b8,050409,Ayacucho,Canayre,5,0.6771801694093946,0.6750153872621466,-0.0021647821472480233,0.0021647821472480233,4.6862817450437625e-06,2024
CNN_FINAL_w6_c32_k2_actrelu_d0.0_dense16_e50_lr0.001_b8,050502,Ayacucho,Anco,1,0.502997935697333,0.49851662717173073,-0.004481308525602246,0.004481308525602246,2.008212610163537e-05,2020
CNN_FINAL_w6_c32_k2_actrelu_d0.0_dense16_e50_lr0.001_b8,050502,Ayacucho,Anco,2,0.5041596297655581,0.5007364169576732,-0.0034232128078848234,0.0034232128078848234,1.1718385928066697e-05,2021
CNN_FINAL_w6_c32_k2_actrelu_d0.0_dense16_e50_lr0.001_b8,050502,Ayacucho,Anco,3,0.4993650338716992,0.5010884125286692,0.001723378656969976,0.001723378656969976,2.9700339952996384e-06,2022
CNN_FINAL_w6_c32_k2_actrelu_d0.0_dense16_e50_lr0.001_b8,050502,Ayacucho,Anco,4,0.4933877863652331,0.4969100671858666,0.0035222808206334943,0.0035222808206334943,1.2406462179402562e-05,2023
CNN_FINAL_w6_c32_k2_actrelu_d0.0_dense16_e50_lr0.001_b8,050502,Ayacucho,Anco,5,0.496194245426468,0.4910727900800635,-0.005121455346404513,0.005121455346404513,2.622930486521537e-05,2024
CNN_FINAL_w6_c32_k2_actrelu_d0.0_dense16_e50_lr0.001_b8,050507,Ayacucho,Santa Rosa,1,0.4456698586336212,0.4336277918132284,-0.012042066820392772,0.012042066820392772,0.00014501137330680448,2020
CNN_FINAL_w6_c32_k2_actrelu_d0.0_dense16_e50_lr0.001_b8,050507,Ayacucho,Santa Rosa,2,0.4464544336317253,0.4458156749366988,-0.0006387586950264978,0.0006387586950264978,4.080126704719545e-07,2021
CNN_FINAL_w6_c32_k2_actrelu_d0.0_dense16_e50_lr0.001_b8,050507,Ayacucho,Santa Rosa,3,0.44417020326147594,0.44344394847494023,-0.0007262547865357072,0.0007262547865357072,5.274460149660256e-07,2022
CNN_FINAL_w6_c32_k2_actrelu_d0.0_dense16_e50_lr0.001_b8,050507,Ayacucho,Santa Rosa,4,0.44112160774248443,0.4410552300917542,-6.637765073025381e-05,6.637765073025381e-05,4.4059925164675645e-09,2023
CNN_FINAL_w6_c32_k2_actrelu_d0.0_dense16_e50_lr0.001_b8,050507,Ayacucho,Santa Rosa,5,0.4371494669062506,0.43576028741686545,-0.0013891794893851617,0.0013891794893851617,1.9298196537284184e-06,2024
CNN_FINAL_w6_c32_k2_actrelu_d0.0_dense16_e50_lr0.001_b8,050512,Ayacucho,Union Progreso,1,0.1262791726566354,0.1062380184342841,-0.02004115422235131,0.02004115422235131,0.00040164786256406974,2020
CNN_FINAL_w6_c32_k2_actrelu_d0.0_dense16_e50_lr0.001_b8,050512,Ayacucho,Union Progreso,2,0.12761687160872887,0.1315474885552806,0.003930616946551724,0.003930616946551724,1.5449749580519597e-05,2021
CNN_FINAL_w6_c32_k2_actrelu_d0.0_dense16_e50_lr0.001_b8,050512,Ayacucho,Union Progreso,3,0.12275656373354588,0.12505537573410302,0.002298812000557149,0.002298812000557149,5.284536613905561e-06,2022
CNN_FINAL_w6_c32_k2_actrelu_d0.0_dense16_e50_lr0.001_b8,050512,Ayacucho,Union Progreso,4,0.11658084263463242,0.11980848744970496,0.003227644815072539,0.003227644815072539,1.0417691052264644e-05,2023
CNN_FINAL_w6_c32_k2_actrelu_d0.0_dense16_e50_lr0.001_b8,050512,Ayacucho,Union Progreso,5,0.11160903040168274,0.11207566781018158,0.00046663740849883784,0.00046663740849883784,2.1775047101051124e-07,2024
CNN_FINAL_w6_c32_k2_actrelu_d0.0_dense16_e50_lr0.001_b8,060801,Cajamarca,Jaen,1,0.3073087689693652,0.30180326023362375,-0.00550550873574146,0.00550550873574146,3.031062643932553e-05,2020
CNN_FINAL_w6_c32_k2_actrelu_d0.0_dense16_e50_lr0.001_b8,060801,Cajamarca,Jaen,2,0.30153721961904284,0.30601496003043516,0.004477740411392317,0.004477740411392317,2.0050159191815837e-05,2021
CNN_FINAL_w6_c32_k2_actrelu_d0.0_dense16_e50_lr0.001_b8,060801,Cajamarca,Jaen,3,0.3093953239194883,0.29899094265064907,-0.010404381268839247,0.010404381268839247,0.00010825114958737297,2022
CNN_FINAL_w6_c32_k2_actrelu_d0.0_dense16_e50_lr0.001_b8,060801,Cajamarca,Jaen,4,0.32238013005080424,0.3081544656692397,-0.014225664381564529,0.014225664381564529,0.0002023695270969137,2023
CNN_FINAL_w6_c32_k2_actrelu_d0.0_dense16_e50_lr0.001_b8,060801,Cajamarca,Jaen,5,0.3145316164375366,0.32491386340991557,0.010382246972378995,0.010382246972378995,0.0001077910521954728,2024
CNN_FINAL_w6_c32_k2_actrelu_d0.0_dense16_e50_lr0.001_b8,060803,Cajamarca,Chontali,1,0.4911873924821751,0.4895746427172837,-0.0016127497648913969,0.0016127497648913969,2.600961804157256e-06,2020
CNN_FINAL_w6_c32_k2_actrelu_d0.0_dense16_e50_lr0.001_b8,060803,Cajamarca,Chontali,2,0.48131131926425275,0.4925557753235748,0.011244456059322061,0.011244456059322061,0.0001264377920700246,2021
CNN_FINAL_w6_c32_k2_actrelu_d0.0_dense16_e50_lr0.001_b8,060803,Cajamarca,Chontali,3,0.48446217233044575,0.49847374039492337,0.01401156806447762,0.01401156806447762,0.00019632403962548911,2022
CNN_FINAL_w6_c32_k2_actrelu_d0.0_dense16_e50_lr0.001_b8,060803,Cajamarca,Chontali,4,0.5387757418274541,0.5092928857584719,-0.029482856068982266,0.029482856068982266,0.0008692388019843245,2023
CNN_FINAL_w6_c32_k2_actrelu_d0.0_dense16_e50_lr0.001_b8,060803,Cajamarca,Chontali,5,0.5326125619716997,0.5569780994668306,0.02436553749513093,0.02436553749513093,0.0005936794174266312,2024
CNN_FINAL_w6_c32_k2_actrelu_d0.0_dense16_e50_lr0.001_b8,060804,Cajamarca,Colasay,1,0.2700840562465765,0.26923684522767394,-0.0008472110189025606,0.0008472110189025606,7.177665105499149e-07,2020
CNN_FINAL_w6_c32_k2_actrelu_d0.0_dense16_e50_lr0.001_b8,060804,Cajamarca,Colasay,2,0.2565262822723409,0.26861781684765057,0.012091534575309648,0.012091534575309648,0.00014620520838590868,2021
CNN_FINAL_w6_c32_k2_actrelu_d0.0_dense16_e50_lr0.001_b8,060804,Cajamarca,Colasay,3,0.2795208381337818,0.25366732366330175,-0.025853514470480066,0.025853514470480066,0.0006684042104753221,2022
CNN_FINAL_w6_c32_k2_actrelu_d0.0_dense16_e50_lr0.001_b8,060804,Cajamarca,Colasay,4,0.30289942530074054,0.28502723022228965,-0.017872195078450892,0.017872195078450892,0.0003194153569222043,2023
CNN_FINAL_w6_c32_k2_actrelu_d0.0_dense16_e50_lr0.001_b8,060804,Cajamarca,Colasay,5,0.2988213389195056,0.3109058066726842,0.012084467753178618,0.012084467753178618,0.0001460343608776139,2024
CNN_FINAL_w6_c32_k2_actrelu_d0.0_dense16_e50_lr0.001_b8,060807,Cajamarca,Pomahuaca,1,0.39317440580036056,0.3854294842279379,-0.0077449215724226805,0.0077449215724226805,5.9983810162978206e-05,2020
CNN_FINAL_w6_c32_k2_actrelu_d0.0_dense16_e50_lr0.001_b8,060807,Cajamarca,Pomahuaca,2,0.3856299548286035,0.394123366438624,0.008493411610020485,0.008493411610020485,7.213804077723076e-05,2021
CNN_FINAL_w6_c32_k2_actrelu_d0.0_dense16_e50_lr0.001_b8,060807,Cajamarca,Pomahuaca,3,0.39264889923964563,0.38050666021554613,-0.0121422390240995,0.0121422390240995,0.00014743396851836477,2022
CNN_FINAL_w6_c32_k2_actrelu_d0.0_dense16_e50_lr0.001_b8,060807,Cajamarca,Pomahuaca,4,0.41954442925266383,0.39439995680910045,-0.02514447244356338,0.02514447244356338,0.0006322444944651183,2023
CNN_FINAL_w6_c32_k2_actrelu_d0.0_dense16_e50_lr0.001_b8,060807,Cajamarca,Pomahuaca,5,0.4155077973548222,0.4271189646957785,0.011611167340956297,0.011611167340956297,0.00013481920701969013,2024
CNN_FINAL_w6_c32_k2_actrelu_d0.0_dense16_e50_lr0.001_b8,060809,Cajamarca,Sallique,1,0.2715509266117641,0.2635768759510696,-0.00797405066069451,0.00797405066069451,6.358548393932254e-05,2020
CNN_FINAL_w6_c32_k2_actrelu_d0.0_dense16_e50_lr0.001_b8,060809,Cajamarca,Sallique,2,0.26929951279678543,0.2718144181226477,0.0025149053258622933,0.0025149053258622933,6.324748798050528e-06,2021
CNN_FINAL_w6_c32_k2_actrelu_d0.0_dense16_e50_lr0.001_b8,060809,Cajamarca,Sallique,3,0.2919427214050643,0.27012173755172486,-0.021820983853339415,0.021820983853339415,0.0004761553363276995,2022
CNN_FINAL_w6_c32_k2_actrelu_d0.0_dense16_e50_lr0.001_b8,060809,Cajamarca,Sallique,4,0.29213723568421957,0.28673295917550434,-0.005404276508715222,0.005404276508715222,2.9206204582651192e-05,2023
CNN_FINAL_w6_c32_k2_actrelu_d0.0_dense16_e50_lr0.001_b8,060809,Cajamarca,Sallique,5,0.29897908048492916,0.2850796256606608,-0.013899454824268354,0.013899454824268354,0.00019319484441187681,2024
CNN_FINAL_w6_c32_k2_actrelu_d0.0_dense16_e50_lr0.001_b8,060810,Cajamarca,San Felipe,1,0.3377852722846797,0.31598180405476495,-0.021803468229914746,0.021803468229914746,0.0004753912268529017,2020
CNN_FINAL_w6_c32_k2_actrelu_d0.0_dense16_e50_lr0.001_b8,060810,Cajamarca,San Felipe,2,0.2851401479444825,0.3389275988435021,0.053787450899019595,0.053787450899019595,0.002893089874214444,2021
CNN_FINAL_w6_c32_k2_actrelu_d0.0_dense16_e50_lr0.001_b8,060810,Cajamarca,San Felipe,3,0.32470042014290945,0.28632560735695434,-0.038374812785955115,0.038374812785955115,0.001472626256357104,2022
CNN_FINAL_w6_c32_k2_actrelu_d0.0_dense16_e50_lr0.001_b8,060810,Cajamarca,San Felipe,4,0.3577373340708797,0.3357596939140868,-0.021977640156792932,0.021977640156792932,0.0004830166668614773,2023
CNN_FINAL_w6_c32_k2_actrelu_d0.0_dense16_e50_lr0.001_b8,060810,Cajamarca,San Felipe,5,0.3593837900534709,0.3589927802610987,-0.0003910097923721656,0.0003910097923721656,1.5288865773092404e-07,2024
CNN_FINAL_w6_c32_k2_actrelu_d0.0_dense16_e50_lr0.001_b8,060811,Cajamarca,San Jose Del Alto,1,0.4524487266917511,0.43494631570062897,-0.017502410991122153,0.017502410991122153,0.0003063343905021535,2020
CNN_FINAL_w6_c32_k2_actrelu_d0.0_dense16_e50_lr0.001_b8,060811,Cajamarca,San Jose Del Alto,2,0.4435348202359495,0.4499480433454274,0.006413223109477895,0.006413223109477895,4.112943065194132e-05,2021
CNN_FINAL_w6_c32_k2_actrelu_d0.0_dense16_e50_lr0.001_b8,060811,Cajamarca,San Jose Del Alto,3,0.4419900444664304,0.45578147786669676,0.01379143340026634,0.01379143340026634,0.00019020363523398196,2022
CNN_FINAL_w6_c32_k2_actrelu_d0.0_dense16_e50_lr0.001_b8,060811,Cajamarca,San Jose Del Alto,4,0.4792927509288272,0.46300784612660834,-0.01628490480221889,0.01628490480221889,0.0002651981244173319,2023
CNN_FINAL_w6_c32_k2_actrelu_d0.0_dense16_e50_lr0.001_b8,060811,Cajamarca,San Jose Del Alto,5,0.46596693908137843,0.5079850725233636,0.04201813344198513,0.04201813344198513,0.001765523537948469,2024
CNN_FINAL_w6_c32_k2_actrelu_d0.0_dense16_e50_lr0.001_b8,060812,Cajamarca,Santa Rosa,1,0.33029068026692177,0.3290868723555599,-0.001203807911361876,0.001203807911361876,1.4491534874574424e-06,2020
CNN_FINAL_w6_c32_k2_actrelu_d0.0_dense16_e50_lr0.001_b8,060812,Cajamarca,Santa Rosa,2,0.3372776220691707,0.3269278824785942,-0.010349739590576501,0.010349739590576501,0.00010711710959274665,2021
CNN_FINAL_w6_c32_k2_actrelu_d0.0_dense16_e50_lr0.001_b8,060812,Cajamarca,Santa Rosa,3,0.3414995687580721,0.335660430301797,-0.005839138456275095,0.005839138456275095,3.4095537911550695e-05,2022
CNN_FINAL_w6_c32_k2_actrelu_d0.0_dense16_e50_lr0.001_b8,060812,Cajamarca,Santa Rosa,4,0.3406151181104043,0.338007574318,-0.002607543792404299,0.002607543792404299,6.7992846293061926e-06,2023
CNN_FINAL_w6_c32_k2_actrelu_d0.0_dense16_e50_lr0.001_b8,060812,Cajamarca,Santa Rosa,5,0.3324660374087157,0.33655615000689865,0.004090112598182927,0.004090112598182927,1.672902106581469e-05,2024
CNN_FINAL_w6_c32_k2_actrelu_d0.0_dense16_e50_lr0.001_b8,060901,Cajamarca,San Ignacio,1,0.2714857099389553,0.27151246290845116,2.675296949583572e-05,2.675296949583572e-05,7.157213768451166e-10,2020
CNN_FINAL_w6_c32_k2_actrelu_d0.0_dense16_e50_lr0.001_b8,060901,Cajamarca,San Ignacio,2,0.2533380097519981,0.27566525569507083,0.022327245943072727,0.022327245943072727,0.0004985059114024575,2021
CNN_FINAL_w6_c32_k2_actrelu_d0.0_dense16_e50_lr0.001_b8,060901,Cajamarca,San Ignacio,3,0.25218033809369134,0.25741864523693037,0.005238307143239029,0.005238307143239029,2.743986172690904e-05,2022
CNN_FINAL_w6_c32_k2_actrelu_d0.0_dense16_e50_lr0.001_b8,060901,Cajamarca,San Ignacio,4,0.32194578549557895,0.25732261217190044,-0.0646231733236785,0.0646231733236785,0.004176154530422194,2023
CNN_FINAL_w6_c32_k2_actrelu_d0.0_dense16_e50_lr0.001_b8,060901,Cajamarca,San Ignacio,5,0.30731358955160454,0.33488035409313877,0.027566764541534228,0.027566764541534228,0.0007599265072883888,2024
CNN_FINAL_w6_c32_k2_actrelu_d0.0_dense16_e50_lr0.001_b8,060902,Cajamarca,Chirinos,1,0.3627244535453381,0.36963682775478,0.006912374209441907,0.006912374209441907,4.778091721135763e-05,2020
CNN_FINAL_w6_c32_k2_actrelu_d0.0_dense16_e50_lr0.001_b8,060902,Cajamarca,Chirinos,2,0.35401946632844616,0.3606170388506034,0.006597572522157258,0.006597572522157258,4.352796318512448e-05,2021
CNN_FINAL_w6_c32_k2_actrelu_d0.0_dense16_e50_lr0.001_b8,060902,Cajamarca,Chirinos,3,0.3544223004285625,0.35029193218288346,-0.004130368245679028,0.004130368245679028,1.7059941844913652e-05,2022
CNN_FINAL_w6_c32_k2_actrelu_d0.0_dense16_e50_lr0.001_b8,060902,Cajamarca,Chirinos,4,0.4178393438850361,0.3502637910876119,-0.06757555279742417,0.06757555279742417,0.004566455335877461,2023
CNN_FINAL_w6_c32_k2_actrelu_d0.0_dense16_e50_lr0.001_b8,060902,Cajamarca,Chirinos,5,0.40758803503128394,0.4241956790763596,0.016607644045075642,0.016607644045075642,0.00027581384072793646,2024
CNN_FINAL_w6_c32_k2_actrelu_d0.0_dense16_e50_lr0.001_b8,060903,Cajamarca,Huarango,1,0.6402933012617676,0.6398341218744821,-0.00045917938728556873,0.00045917938728556873,2.108457097079503e-07,2020
CNN_FINAL_w6_c32_k2_actrelu_d0.0_dense16_e50_lr0.001_b8,060903,Cajamarca,Huarango,2,0.6322724202851302,0.6357926062977748,0.0035201860126445883,0.0035201860126445883,1.2391709563618606e-05,2021
CNN_FINAL_w6_c32_k2_actrelu_d0.0_dense16_e50_lr0.001_b8,060903,Cajamarca,Huarango,3,0.6351580056704129,0.6260379877755661,-0.009120017894846844,0.009120017894846844,8.317472640232665e-05,2022
CNN_FINAL_w6_c32_k2_actrelu_d0.0_dense16_e50_lr0.001_b8,060903,Cajamarca,Huarango,4,0.6410546882497545,0.6309944422897061,-0.010060245960048397,0.010060245960048397,0.0001012085487766701,2023
CNN_FINAL_w6_c32_k2_actrelu_d0.0_dense16_e50_lr0.001_b8,060903,Cajamarca,Huarango,5,0.634883282960071,0.638313922240856,0.0034306392807850195,0.0034306392807850195,1.1769285874865156e-05,2024
CNN_FINAL_w6_c32_k2_actrelu_d0.0_dense16_e50_lr0.001_b8,060904,Cajamarca,La Coipa,1,0.35570028473364923,0.33595438486379525,-0.019745899869853978,0.019745899869853978,0.00038990056167029935,2020
CNN_FINAL_w6_c32_k2_actrelu_d0.0_dense16_e50_lr0.001_b8,060904,Cajamarca,La Coipa,2,0.35030696179923704,0.3625423945401888,0.012235432740951735,0.012235432740951735,0.00014970581435835368,2021
CNN_FINAL_w6_c32_k2_actrelu_d0.0_dense16_e50_lr0.001_b8,060904,Cajamarca,La Coipa,3,0.3372076100527731,0.35442221209328584,0.017214602040512728,0.017214602040512728,0.000296342523413225,2022
CNN_FINAL_w6_c32_k2_actrelu_d0.0_dense16_e50_lr0.001_b8,060904,Cajamarca,La Coipa,4,0.3998415739011827,0.33892149109008884,-0.060920082811093845,0.060920082811093845,0.0037112564897105317,2023
CNN_FINAL_w6_c32_k2_actrelu_d0.0_dense16_e50_lr0.001_b8,060904,Cajamarca,La Coipa,5,0.38975024023342064,0.40610438096353524,0.016354140730114597,0.016354140730114597,0.0002674579190203932,2024
CNN_FINAL_w6_c32_k2_actrelu_d0.0_dense16_e50_lr0.001_b8,060907,Cajamarca,Tabaconas,1,0.6360185679354129,0.6249874920464707,-0.011031075888942143,0.011031075888942143,0.0001216846352676007,2020
CNN_FINAL_w6_c32_k2_actrelu_d0.0_dense16_e50_lr0.001_b8,060907,Cajamarca,Tabaconas,2,0.6268111485939962,0.6359083255101696,0.0090971769161734,0.0090971769161734,8.275862784415817e-05,2021
CNN_FINAL_w6_c32_k2_actrelu_d0.0_dense16_e50_lr0.001_b8,060907,Cajamarca,Tabaconas,3,0.6272904873533429,0.6217004733061727,-0.005590014047170189,0.005590014047170189,3.124825704756003e-05,2022
CNN_FINAL_w6_c32_k2_actrelu_d0.0_dense16_e50_lr0.001_b8,060907,Cajamarca,Tabaconas,4,0.6606140113960254,0.6271333199672174,-0.03348069142880794,0.03348069142880794,0.0011209566985510536,2023
CNN_FINAL_w6_c32_k2_actrelu_d0.0_dense16_e50_lr0.001_b8,060907,Cajamarca,Tabaconas,5,0.6547734090980232,0.6568265228362764,0.0020531137382532316,0.0020531137382532316,4.215276022204159e-06,2024
CNN_FINAL_w6_c32_k2_actrelu_d0.0_dense16_e50_lr0.001_b8,080408,Cusco,Yanatile,1,0.5098485950967185,0.5081038708511154,-0.0017447242456031242,0.0017447242456031242,3.044062693195391e-06,2020
CNN_FINAL_w6_c32_k2_actrelu_d0.0_dense16_e50_lr0.001_b8,080408,Cusco,Yanatile,2,0.5021753923044314,0.508890542234624,0.006715149930192621,0.006715149930192621,4.509323858496596e-05,2021
CNN_FINAL_w6_c32_k2_actrelu_d0.0_dense16_e50_lr0.001_b8,080408,Cusco,Yanatile,3,0.5000892884951854,0.4999451884203396,-0.0001441000748458321,0.0001441000748458321,2.076483157057441e-08,2022
CNN_FINAL_w6_c32_k2_actrelu_d0.0_dense16_e50_lr0.001_b8,080408,Cusco,Yanatile,4,0.48616748800075904,0.5002496706544142,0.014082182653655129,0.014082182653655129,0.0001983078682909054,2023
CNN_FINAL_w6_c32_k2_actrelu_d0.0_dense16_e50_lr0.001_b8,080408,Cusco,Yanatile,5,0.48107463120016586,0.48384912235575195,0.0027744911555860896,0.0027744911555860896,7.697801172425436e-06,2024
CNN_FINAL_w6_c32_k2_actrelu_d0.0_dense16_e50_lr0.001_b8,080901,Cusco,Santa Ana,1,0.5770451422348992,0.5721322811797798,-0.004912861055119455,0.004912861055119455,2.4136203746909447e-05,2020
CNN_FINAL_w6_c32_k2_actrelu_d0.0_dense16_e50_lr0.001_b8,080901,Cusco,Santa Ana,2,0.5819228900175555,0.5756252094499191,-0.0062976805676363545,0.0062976805676363545,3.9660780531984555e-05,2021
CNN_FINAL_w6_c32_k2_actrelu_d0.0_dense16_e50_lr0.001_b8,080901,Cusco,Santa Ana,3,0.5887918474385302,0.5783190631172607,-0.010472784321269524,0.010472784321269524,0.00010967921143982876,2022
CNN_FINAL_w6_c32_k2_actrelu_d0.0_dense16_e50_lr0.001_b8,080901,Cusco,Santa Ana,4,0.5843595239786546,0.5828936379208353,-0.0014658860578193877,0.0014658860578193877,2.1488219345092652e-06,2023
CNN_FINAL_w6_c32_k2_actrelu_d0.0_dense16_e50_lr0.001_b8,080901,Cusco,Santa Ana,5,0.5728912357928277,0.5766619501145095,0.003770714321681745,0.003770714321681745,1.4218286495735823e-05,2024
CNN_FINAL_w6_c32_k2_actrelu_d0.0_dense16_e50_lr0.001_b8,080903,Cusco,Huayopata,1,0.5421369069905795,0.5432993124732647,0.0011624054826852026,0.0011624054826852026,1.351186506176619e-06,2020
CNN_FINAL_w6_c32_k2_actrelu_d0.0_dense16_e50_lr0.001_b8,080903,Cusco,Huayopata,2,0.5416436191446024,0.5420896902078013,0.0004460710631989384,0.0004460710631989384,1.9897939342343131e-07,2021
CNN_FINAL_w6_c32_k2_actrelu_d0.0_dense16_e50_lr0.001_b8,080903,Cusco,Huayopata,3,0.5570627467456682,0.5402645919023679,-0.016798154843300384,0.016798154843300384,0.00028217800613949615,2022
CNN_FINAL_w6_c32_k2_actrelu_d0.0_dense16_e50_lr0.001_b8,080903,Cusco,Huayopata,4,0.5489865552665307,0.5568432114994055,0.007856656232874792,0.007856656232874792,6.172704716157033e-05,2023
CNN_FINAL_w6_c32_k2_actrelu_d0.0_dense16_e50_lr0.001_b8,080903,Cusco,Huayopata,5,0.5366979833357268,0.5421830511307129,0.005485067794986032,0.005485067794986032,3.0085968715592928e-05,2024
CNN_FINAL_w6_c32_k2_actrelu_d0.0_dense16_e50_lr0.001_b8,080904,Cusco,Maranura,1,0.5512863405325465,0.5444901350989608,-0.0067962054335857225,0.0067962054335857225,4.61884082955001e-05,2020
CNN_FINAL_w6_c32_k2_actrelu_d0.0_dense16_e50_lr0.001_b8,080904,Cusco,Maranura,2,0.5441462411347652,0.5518590575663771,0.007712816431611924,0.007712816431611924,5.9487537307742896e-05,2021
CNN_FINAL_w6_c32_k2_actrelu_d0.0_dense16_e50_lr0.001_b8,080904,Cusco,Maranura,3,0.5495436795466192,0.5427899397198612,-0.006753739826757976,0.006753739826757976,4.561300164753686e-05,2022
CNN_FINAL_w6_c32_k2_actrelu_d0.0_dense16_e50_lr0.001_b8,080904,Cusco,Maranura,4,0.5484578623261942,0.5487314335231084,0.00027357119691417964,0.00027357119691417964,7.484119978105685e-08,2023
CNN_FINAL_w6_c32_k2_actrelu_d0.0_dense16_e50_lr0.001_b8,080904,Cusco,Maranura,5,0.5441886199837318,0.5488004864707883,0.004611866487056471,0.004611866487056471,2.126931249443459e-05,2024
CNN_FINAL_w6_c32_k2_actrelu_d0.0_dense16_e50_lr0.001_b8,080905,Cusco,Ocobamba,1,0.47001304809247074,0.4761399197834038,0.006126871690933067,0.006126871690933067,3.753855671715702e-05,2020
CNN_FINAL_w6_c32_k2_actrelu_d0.0_dense16_e50_lr0.001_b8,080905,Cusco,Ocobamba,2,0.45908039663069033,0.467673494600396,0.008593097969705643,0.008593097969705643,7.384133271695925e-05,2021
CNN_FINAL_w6_c32_k2_actrelu_d0.0_dense16_e50_lr0.001_b8,080905,Cusco,Ocobamba,3,0.46825900605259807,0.45616990069739594,-0.012089105355202134,0.012089105355202134,0.00014614646828917693,2022
CNN_FINAL_w6_c32_k2_actrelu_d0.0_dense16_e50_lr0.001_b8,080905,Cusco,Ocobamba,4,0.45597368280933415,0.4690907457787639,0.013117062969429771,0.013117062969429771,0.00017205734094398578,2023
CNN_FINAL_w6_c32_k2_actrelu_d0.0_dense16_e50_lr0.001_b8,080905,Cusco,Ocobamba,5,0.44718328168959665,0.449510619674845,0.0023273379852483678,0.0023273379852483678,5.416502097579931e-06,2024
CNN_FINAL_w6_c32_k2_actrelu_d0.0_dense16_e50_lr0.001_b8,080906,Cusco,Quellouno,1,0.7427899720571597,0.7409888662438272,-0.001801105813332482,0.001801105813332482,3.2439821508200613e-06,2020
CNN_FINAL_w6_c32_k2_actrelu_d0.0_dense16_e50_lr0.001_b8,080906,Cusco,Quellouno,2,0.7328648601413784,0.7378113201499332,0.004946460008554809,0.004946460008554809,2.4467466616232044e-05,2021
CNN_FINAL_w6_c32_k2_actrelu_d0.0_dense16_e50_lr0.001_b8,080906,Cusco,Quellouno,3,0.727630250460433,0.7259753521492603,-0.0016548983111726034,0.0016548983111726034,2.738688420321935e-06,2022
CNN_FINAL_w6_c32_k2_actrelu_d0.0_dense16_e50_lr0.001_b8,080906,Cusco,Quellouno,4,0.7151104790833112,0.7199110596921622,0.004800580608851024,0.004800580608851024,2.3045574182076468e-05,2023
CNN_FINAL_w6_c32_k2_actrelu_d0.0_dense16_e50_lr0.001_b8,080906,Cusco,Quellouno,5,0.7143641090923526,0.7057411222508305,-0.008622986841522073,0.008622986841522073,7.435590206906283e-05,2024
CNN_FINAL_w6_c32_k2_actrelu_d0.0_dense16_e50_lr0.001_b8,080918,Cusco,Union Ashaninka,1,0.7492453374032562,0.7501030981780543,0.0008577607747981553,0.0008577607747981553,7.357535467823317e-07,2020
CNN_FINAL_w6_c32_k2_actrelu_d0.0_dense16_e50_lr0.001_b8,080918,Cusco,Union Ashaninka,2,0.747896861547413,0.7362386493619847,-0.011658212185428285,0.011658212185428285,0.00013591391136046855,2021
CNN_FINAL_w6_c32_k2_actrelu_d0.0_dense16_e50_lr0.001_b8,080918,Cusco,Union Ashaninka,3,0.7403803371423985,0.7366772466298138,-0.0037030905125846614,0.0037030905125846614,1.371287934439453e-05,2022
CNN_FINAL_w6_c32_k2_actrelu_d0.0_dense16_e50_lr0.001_b8,080918,Cusco,Union Ashaninka,4,0.7370261583532057,0.7307902052149509,-0.006235953138254868,0.006235953138254868,3.888711154251074e-05,2023
CNN_FINAL_w6_c32_k2_actrelu_d0.0_dense16_e50_lr0.001_b8,080918,Cusco,Union Ashaninka,5,0.7306960271907303,0.7281634926675162,-0.002532534523214114,0.002532534523214114,6.413731111271339e-06,2024
CNN_FINAL_w6_c32_k2_actrelu_d0.0_dense16_e50_lr0.001_b8,081304,Cusco,Machupicchu,1,0.36852336159276755,0.3609021346462875,-0.007621226946480042,0.007621226946480042,5.808310016975351e-05,2020
CNN_FINAL_w6_c32_k2_actrelu_d0.0_dense16_e50_lr0.001_b8,081304,Cusco,Machupicchu,2,0.37399044448317187,0.36030685583635436,-0.013683588646817513,0.013683588646817513,0.00018724059825531313,2021
CNN_FINAL_w6_c32_k2_actrelu_d0.0_dense16_e50_lr0.001_b8,081304,Cusco,Machupicchu,3,0.38114807527853445,0.3657330394936755,-0.015415035784858921,0.015415035784858921,0.00023762332824848112,2022
CNN_FINAL_w6_c32_k2_actrelu_d0.0_dense16_e50_lr0.001_b8,081304,Cusco,Machupicchu,4,0.3760306486517109,0.3707886440461783,-0.005242004605532591,0.005242004605532591,2.7478612284424893e-05,2023
CNN_FINAL_w6_c32_k2_actrelu_d0.0_dense16_e50_lr0.001_b8,081304,Cusco,Machupicchu,5,0.36691239115273416,0.3659395168931525,-0.0009728742595816464,0.0009728742595816464,9.464843249565367e-07,2024
CNN_FINAL_w6_c32_k2_actrelu_d0.0_dense16_e50_lr0.001_b8,100103,Huanuco,Chinchao,1,0.6642708773202783,0.6707049791033557,0.006434101783077351,0.006434101783077351,4.139766575499914e-05,2020
CNN_FINAL_w6_c32_k2_actrelu_d0.0_dense16_e50_lr0.001_b8,100103,Huanuco,Chinchao,2,0.6620521475576554,0.6638489249424326,0.0017967773847772373,0.0017967773847772373,3.228408970446928e-06,2021
CNN_FINAL_w6_c32_k2_actrelu_d0.0_dense16_e50_lr0.001_b8,100103,Huanuco,Chinchao,3,0.6495956116192807,0.6657181246347272,0.016122513015446538,0.016122513015446538,0.00025993542593324303,2022
CNN_FINAL_w6_c32_k2_actrelu_d0.0_dense16_e50_lr0.001_b8,100103,Huanuco,Chinchao,4,0.6588038827651507,0.6472884330060934,-0.011515449759057272,0.011515449759057272,0.00013260558315337218,2023
CNN_FINAL_w6_c32_k2_actrelu_d0.0_dense16_e50_lr0.001_b8,100103,Huanuco,Chinchao,5,0.645712317142356,0.6519020835502548,0.006189766407898811,0.006189766407898811,3.831320818435255e-05,2024
CNN_FINAL_w6_c32_k2_actrelu_d0.0_dense16_e50_lr0.001_b8,100113,Huanuco,San Pablo De Pillao,1,0.6673147721406201,0.7050169244143079,0.03770215227368778,0.03770215227368778,0.0014214522860683408,2020
CNN_FINAL_w6_c32_k2_actrelu_d0.0_dense16_e50_lr0.001_b8,100113,Huanuco,San Pablo De Pillao,2,0.6708242317268159,0.6572484878334472,-0.013575743893368686,0.013575743893368686,0.00018430082225833716,2021
CNN_FINAL_w6_c32_k2_actrelu_d0.0_dense16_e50_lr0.001_b8,100113,Huanuco,San Pablo De Pillao,3,0.6640891968948859,0.6688205857434795,0.004731388848593587,0.004731388848593587,2.238604043659575e-05,2022
CNN_FINAL_w6_c32_k2_actrelu_d0.0_dense16_e50_lr0.001_b8,100113,Huanuco,San Pablo De Pillao,4,0.661706390665572,0.658524478285147,-0.0031819123804249783,0.0031819123804249783,1.0124566396701752e-05,2023
CNN_FINAL_w6_c32_k2_actrelu_d0.0_dense16_e50_lr0.001_b8,100113,Huanuco,San Pablo De Pillao,5,0.6585655794274339,0.6571538176555427,-0.0014117617718911735,0.0014117617718911735,1.993071300573306e-06,2024
CNN_FINAL_w6_c32_k2_actrelu_d0.0_dense16_e50_lr0.001_b8,100505,Huanuco,Jircan,1,0.6996753154747042,0.7280167551536966,0.028341439678992386,0.028341439678992386,0.000803237203077964,2020
CNN_FINAL_w6_c32_k2_actrelu_d0.0_dense16_e50_lr0.001_b8,100505,Huanuco,Jircan,2,0.714115621959172,0.705356838558808,-0.008758783400363956,0.008758783400363956,7.671628665449119e-05,2021
CNN_FINAL_w6_c32_k2_actrelu_d0.0_dense16_e50_lr0.001_b8,100505,Huanuco,Jircan,3,0.6972051204181455,0.7122884067619306,0.015083286343785085,0.015083286343785085,0.00022750552692861364,2022
CNN_FINAL_w6_c32_k2_actrelu_d0.0_dense16_e50_lr0.001_b8,100505,Huanuco,Jircan,4,0.7262927912755189,0.7033545554625968,-0.022938235812922092,0.022938235812922092,0.0005261626622092216,2023
CNN_FINAL_w6_c32_k2_actrelu_d0.0_dense16_e50_lr0.001_b8,100505,Huanuco,Jircan,5,0.7219921378551337,0.7208108175813387,-0.001181320273795028,0.001181320273795028,1.3955175892791598e-06,2024
CNN_FINAL_w6_c32_k2_actrelu_d0.0_dense16_e50_lr0.001_b8,100507,Huanuco,Monzon,1,0.700742178468628,0.7001578532329978,-0.0005843252356301232,0.0005843252356301232,3.41435980994199e-07,2020
CNN_FINAL_w6_c32_k2_actrelu_d0.0_dense16_e50_lr0.001_b8,100507,Huanuco,Monzon,2,0.6982250773801749,0.6957310948955504,-0.002493982484624513,0.002493982484624513,6.219948633613858e-06,2021
CNN_FINAL_w6_c32_k2_actrelu_d0.0_dense16_e50_lr0.001_b8,100507,Huanuco,Monzon,3,0.6938552826768333,0.6942991800612607,0.00044389738442740523,0.00044389738442740523,1.9704488790149157e-07,2022
CNN_FINAL_w6_c32_k2_actrelu_d0.0_dense16_e50_lr0.001_b8,100507,Huanuco,Monzon,4,0.7037383343816099,0.6900699394023742,-0.013668394979235776,0.013668394979235776,0.00018682502130839778,2023
CNN_FINAL_w6_c32_k2_actrelu_d0.0_dense16_e50_lr0.001_b8,100507,Huanuco,Monzon,5,0.6952081374385326,0.698968885648111,0.0037607482095783906,0.0037607482095783906,1.4143227095847071e-05,2024
CNN_FINAL_w6_c32_k2_actrelu_d0.0_dense16_e50_lr0.001_b8,100601,Huanuco,Rupa-Rupa,1,0.6205881807414071,0.6180493996522022,-0.002538781089204911,0.002538781089204911,6.4454094189044756e-06,2020
CNN_FINAL_w6_c32_k2_actrelu_d0.0_dense16_e50_lr0.001_b8,100601,Huanuco,Rupa-Rupa,2,0.6173130241668289,0.6116729934240941,-0.005640030742734781,0.005640030742734781,3.180994677899344e-05,2021
CNN_FINAL_w6_c32_k2_actrelu_d0.0_dense16_e50_lr0.001_b8,100601,Huanuco,Rupa-Rupa,3,0.6174214494092385,0.6086915642636601,-0.008729885145578375,0.008729885145578375,7.621089465498997e-05,2022
CNN_FINAL_w6_c32_k2_actrelu_d0.0_dense16_e50_lr0.001_b8,100601,Huanuco,Rupa-Rupa,4,0.6159582701966818,0.6098329948503909,-0.006125275346290926,0.006125275346290926,3.7518998067879424e-05,2023
CNN_FINAL_w6_c32_k2_actrelu_d0.0_dense16_e50_lr0.001_b8,100601,Huanuco,Rupa-Rupa,5,0.5999383333663989,0.6093615747176283,0.009423241351229406,0.009423241351229406,8.879747756351979e-05,2024
CNN_FINAL_w6_c32_k2_actrelu_d0.0_dense16_e50_lr0.001_b8,100605,Huanuco,Luyando,1,0.3667928609041188,0.3725637288108785,0.005770867906759736,0.005770867906759736,3.330291639726949e-05,2020
CNN_FINAL_w6_c32_k2_actrelu_d0.0_dense16_e50_lr0.001_b8,100605,Huanuco,Luyando,2,0.3682184534564663,0.36198552895626757,-0.006232924500198744,0.006232924500198744,3.8849347825177765e-05,2021
CNN_FINAL_w6_c32_k2_actrelu_d0.0_dense16_e50_lr0.001_b8,100605,Huanuco,Luyando,3,0.37195673926712824,0.3624565831285983,-0.009500156138529947,0.009500156138529947,9.025296665644824e-05,2022
CNN_FINAL_w6_c32_k2_actrelu_d0.0_dense16_e50_lr0.001_b8,100605,Huanuco,Luyando,4,0.3726616169167178,0.36710122673553414,-0.00556039018118365,0.00556039018118365,3.0917938967003544e-05,2023
CNN_FINAL_w6_c32_k2_actrelu_d0.0_dense16_e50_lr0.001_b8,100605,Huanuco,Luyando,5,0.35349512074565276,0.36811867245184193,0.014623551706189175,0.014623551706189175,0.00021384826450358835,2024
CNN_FINAL_w6_c32_k2_actrelu_d0.0_dense16_e50_lr0.001_b8,100606,Huanuco,Mariano Damaso Beraun,1,0.8509630046326349,0.8497459969070783,-0.0012170077255565515,0.0012170077255565515,1.4811078040643305e-06,2020
CNN_FINAL_w6_c32_k2_actrelu_d0.0_dense16_e50_lr0.001_b8,100606,Huanuco,Mariano Damaso Beraun,2,0.8479986746578927,0.8393276839031809,-0.008670990754711783,0.008670990754711783,7.51860806682972e-05,2021
CNN_FINAL_w6_c32_k2_actrelu_d0.0_dense16_e50_lr0.001_b8,100606,Huanuco,Mariano Damaso Beraun,3,0.8430416017968162,0.8413872082586529,-0.0016543935381633235,0.0016543935381633235,2.73701797911656e-06,2022
CNN_FINAL_w6_c32_k2_actrelu_d0.0_dense16_e50_lr0.001_b8,100606,Huanuco,Mariano Damaso Beraun,4,0.8419246653203645,0.8357550519748642,-0.006169613345500258,0.006169613345500258,3.806412883297488e-05,2023
CNN_FINAL_w6_c32_k2_actrelu_d0.0_dense16_e50_lr0.001_b8,100606,Huanuco,Mariano Damaso Beraun,5,0.827717728017447,0.8345429910247992,0.0068252630073522,0.0068252630073522,4.6584215119530404e-05,2024
CNN_FINAL_w6_c32_k2_actrelu_d0.0_dense16_e50_lr0.001_b8,100608,Huanuco,Castillo Grande,1,0.5205296274665369,0.5191121609709322,-0.0014174664956047023,0.0014174664956047023,2.0092112661618754e-06,2020
CNN_FINAL_w6_c32_k2_actrelu_d0.0_dense16_e50_lr0.001_b8,100608,Huanuco,Castillo Grande,2,0.5248445271192264,0.5164997177255057,-0.00834480939372062,0.00834480939372062,6.96358438175279e-05,2021
CNN_FINAL_w6_c32_k2_actrelu_d0.0_dense16_e50_lr0.001_b8,100608,Huanuco,Castillo Grande,3,0.5311391950201401,0.5209921596507956,-0.01014703536934447,0.01014703536934447,0.00010296232678672768,2022
CNN_FINAL_w6_c32_k2_actrelu_d0.0_dense16_e50_lr0.001_b8,100608,Huanuco,Castillo Grande,4,0.5307331082889448,0.5267286241221365,-0.00400448416680832,0.00400448416680832,1.603589344221852e-05,2023
CNN_FINAL_w6_c32_k2_actrelu_d0.0_dense16_e50_lr0.001_b8,100608,Huanuco,Castillo Grande,5,0.5058251030712767,0.5261836333232603,0.020358530251983642,0.020358530251983642,0.00041446975402093314,2024
CNN_FINAL_w6_c32_k2_actrelu_d0.0_dense16_e50_lr0.001_b8,100609,Huanuco,Pueblo Nuevo,1,0.6958375010459226,0.6937624044431119,-0.0020750966028106888,0.0020750966028106888,4.3060259109964615e-06,2020
CNN_FINAL_w6_c32_k2_actrelu_d0.0_dense16_e50_lr0.001_b8,100609,Huanuco,Pueblo Nuevo,2,0.6908856021081919,0.6896984517061389,-0.0011871504020530832,0.0011871504020530832,1.409326077094797e-06,2021
CNN_FINAL_w6_c32_k2_actrelu_d0.0_dense16_e50_lr0.001_b8,100609,Huanuco,Pueblo Nuevo,3,0.6969018023168237,0.6829098352192657,-0.013991967097558011,0.013991967097558011,0.00019577514325914595,2022
CNN_FINAL_w6_c32_k2_actrelu_d0.0_dense16_e50_lr0.001_b8,100609,Huanuco,Pueblo Nuevo,4,0.6933146707838134,0.6912320025858623,-0.0020826681979511097,0.0020826681979511097,4.337506822756923e-06,2023
CNN_FINAL_w6_c32_k2_actrelu_d0.0_dense16_e50_lr0.001_b8,100609,Huanuco,Pueblo Nuevo,5,0.6780785896500963,0.6859086411905468,0.007830051540450578,0.007830051540450578,6.130970712611247e-05,2024
CNN_FINAL_w6_c32_k2_actrelu_d0.0_dense16_e50_lr0.001_b8,100804,Huanuco,Umari,1,0.18797389274721166,0.2313592338559341,0.04338534110872244,0.04338534110872244,0.0018822878231202014,2020
CNN_FINAL_w6_c32_k2_actrelu_d0.0_dense16_e50_lr0.001_b8,100804,Huanuco,Umari,2,0.196380483399623,0.19040546004922937,-0.005975023350393627,0.005975023350393627,3.570090403774908e-05,2021
CNN_FINAL_w6_c32_k2_actrelu_d0.0_dense16_e50_lr0.001_b8,100804,Huanuco,Umari,3,0.18965074868429121,0.19546384085328355,0.00581309216899234,0.00581309216899234,3.379204056520007e-05,2022
CNN_FINAL_w6_c32_k2_actrelu_d0.0_dense16_e50_lr0.001_b8,100804,Huanuco,Umari,4,0.20976716456233746,0.19231983692586124,-0.017447327636476218,0.017447327636476218,0.0003044092416545468,2023
CNN_FINAL_w6_c32_k2_actrelu_d0.0_dense16_e50_lr0.001_b8,100804,Huanuco,Umari,5,0.21326662964294807,0.1975245766639781,-0.015742052978969967,0.015742052978969967,0.0002478122319926972,2024
CNN_FINAL_w6_c32_k2_actrelu_d0.0_dense16_e50_lr0.001_b8,100901,Huanuco,Puerto Inca,1,0.6642272523129447,0.6641225119135035,-0.0001047403994411944,0.0001047403994411944,1.0970551275100956e-08,2020
CNN_FINAL_w6_c32_k2_actrelu_d0.0_dense16_e50_lr0.001_b8,100901,Huanuco,Puerto Inca,2,0.6464933776583826,0.6430713826153828,-0.0034219950429997814,0.0034219950429997814,1.1710050074315076e-05,2021
CNN_FINAL_w6_c32_k2_actrelu_d0.0_dense16_e50_lr0.001_b8,100901,Huanuco,Puerto Inca,3,0.628276763336323,0.6246018959446239,-0.003674867391699088,0.003674867391699088,1.3504650346573259e-05,2022
CNN_FINAL_w6_c32_k2_actrelu_d0.0_dense16_e50_lr0.001_b8,100901,Huanuco,Puerto Inca,4,0.6187861537173325,0.6094789723002793,-0.009307181417053223,0.009307181417053223,8.662362592994084e-05,2023
CNN_FINAL_w6_c32_k2_actrelu_d0.0_dense16_e50_lr0.001_b8,100901,Huanuco,Puerto Inca,5,0.6006510854749344,0.6044865274705721,0.0038354419956376784,0.0038354419956376784,1.4710615301901137e-05,2024
CNN_FINAL_w6_c32_k2_actrelu_d0.0_dense16_e50_lr0.001_b8,100902,Huanuco,Codo Del Pozuzo,1,0.7266625122662215,0.7309030724598429,0.004240560193621401,0.004240560193621401,1.7982350755726372e-05,2020
CNN_FINAL_w6_c32_k2_actrelu_d0.0_dense16_e50_lr0.001_b8,100902,Huanuco,Codo Del Pozuzo,2,0.7152311829291733,0.7085141180163764,-0.0067170649127968884,0.0067170649127968884,4.511896104272707e-05,2021
CNN_FINAL_w6_c32_k2_actrelu_d0.0_dense16_e50_lr0.001_b8,100902,Huanuco,Codo Del Pozuzo,3,0.6996186420850788,0.6971722470759113,-0.0024463950091675457,0.0024463950091675457,5.984848540879876e-06,2022
CNN_FINAL_w6_c32_k2_actrelu_d0.0_dense16_e50_lr0.001_b8,100902,Huanuco,Codo Del Pozuzo,4,0.6923842984116194,0.6819549308788171,-0.010429367532802325,0.010429367532802325,0.00010877170713427126,2023
CNN_FINAL_w6_c32_k2_actrelu_d0.0_dense16_e50_lr0.001_b8,100902,Huanuco,Codo Del Pozuzo,5,0.6740933057866314,0.6775294092352426,0.0034361034486112274,0.0034361034486112274,1.180680690955797e-05,2024
CNN_FINAL_w6_c32_k2_actrelu_d0.0_dense16_e50_lr0.001_b8,100903,Huanuco,Honoria,1,0.42782625263648766,0.43398764449159805,0.0061613918551103874,0.0061613918551103874,3.7962749592220624e-05,2020
CNN_FINAL_w6_c32_k2_actrelu_d0.0_dense16_e50_lr0.001_b8,100903,Huanuco,Honoria,2,0.4163712494453008,0.41413203851782326,-0.0022392109274775307,0.0022392109274775307,5.014065577734783e-06,2021
CNN_FINAL_w6_c32_k2_actrelu_d0.0_dense16_e50_lr0.001_b8,100903,Huanuco,Honoria,3,0.39893179626777053,0.404884369838573,0.005952573570802477,0.005952573570802477,3.5433132115816155e-05,2022
CNN_FINAL_w6_c32_k2_actrelu_d0.0_dense16_e50_lr0.001_b8,100903,Huanuco,Honoria,4,0.36284792102342656,0.3875495561058822,0.024701635082455653,0.024701635082455653,0.0006101707757468039,2023
CNN_FINAL_w6_c32_k2_actrelu_d0.0_dense16_e50_lr0.001_b8,100903,Huanuco,Honoria,5,0.35079421918516807,0.3554406421169619,0.004646422931793848,0.004646422931793848,2.1589246061099735e-05,2024
CNN_FINAL_w6_c32_k2_actrelu_d0.0_dense16_e50_lr0.001_b8,100904,Huanuco,Tournavista,1,0.5779380793787868,0.5827404266931706,0.004802347314383781,0.004802347314383781,2.306253972796912e-05,2020
CNN_FINAL_w6_c32_k2_actrelu_d0.0_dense16_e50_lr0.001_b8,100904,Huanuco,Tournavista,2,0.5558772684042086,0.5608190624172582,0.004941794013049616,0.004941794013049616,2.442132806741303e-05,2021
CNN_FINAL_w6_c32_k2_actrelu_d0.0_dense16_e50_lr0.001_b8,100904,Huanuco,Tournavista,3,0.5343623757489112,0.5397869946099033,0.005424618860992103,0.005424618860992103,2.942648978703126e-05,2022
CNN_FINAL_w6_c32_k2_actrelu_d0.0_dense16_e50_lr0.001_b8,100904,Huanuco,Tournavista,4,0.5072332036614344,0.519986077636861,0.01275287397542657,0.01275287397542657,0.0001626357946331123,2023
CNN_FINAL_w6_c32_k2_actrelu_d0.0_dense16_e50_lr0.001_b8,100904,Huanuco,Tournavista,5,0.4849192190517668,0.49598612751471066,0.011066908462943836,0.011066908462943836,0.0001224764629271779,2024
CNN_FINAL_w6_c32_k2_actrelu_d0.0_dense16_e50_lr0.001_b8,100905,Huanuco,Yuyapichis,1,0.6091182804367815,0.6127164097117332,0.0035981292749517335,0.0035981292749517335,1.2946534279264688e-05,2020
CNN_FINAL_w6_c32_k2_actrelu_d0.0_dense16_e50_lr0.001_b8,100905,Huanuco,Yuyapichis,2,0.5911847365087061,0.588377365701223,-0.002807370807483056,0.002807370807483056,7.881330850708066e-06,2021
CNN_FINAL_w6_c32_k2_actrelu_d0.0_dense16_e50_lr0.001_b8,100905,Huanuco,Yuyapichis,3,0.5691707716242274,0.5719987182415042,0.002827946617276811,0.002827946617276811,7.997282070167357e-06,2022
CNN_FINAL_w6_c32_k2_actrelu_d0.0_dense16_e50_lr0.001_b8,100905,Huanuco,Yuyapichis,4,0.5613270407352233,0.5527057322639573,-0.008621308471266076,0.008621308471266076,7.43269597567242e-05,2023
CNN_FINAL_w6_c32_k2_actrelu_d0.0_dense16_e50_lr0.001_b8,100905,Huanuco,Yuyapichis,5,0.5434480911629409,0.5470224361646582,0.0035743450017172718,0.0035743450017172718,1.2775942191301243e-05,2024
CNN_FINAL_w6_c32_k2_actrelu_d0.0_dense16_e50_lr0.001_b8,120209,Junin,Mariscal Castilla,1,0.3902123851621362,0.3426663263305473,-0.04754605883158891,0.04754605883158891,0.002260627710416914,2020
CNN_FINAL_w6_c32_k2_actrelu_d0.0_dense16_e50_lr0.001_b8,120209,Junin,Mariscal Castilla,2,0.3518310734236856,0.3682817393725143,0.016450665948828713,0.016450665948828713,0.0002706244101599525,2021
CNN_FINAL_w6_c32_k2_actrelu_d0.0_dense16_e50_lr0.001_b8,120209,Junin,Mariscal Castilla,3,0.3644899097648849,0.347933481251271,-0.016556428513613886,0.016556428513613886,0.0002741153251264069,2022
CNN_FINAL_w6_c32_k2_actrelu_d0.0_dense16_e50_lr0.001_b8,120209,Junin,Mariscal Castilla,4,0.35656451922229226,0.35923815042094653,0.0026736311986542693,0.0026736311986542693,7.148303786417465e-06,2023
CNN_FINAL_w6_c32_k2_actrelu_d0.0_dense16_e50_lr0.001_b8,120209,Junin,Mariscal Castilla,5,0.34947994170070873,0.3505832114479322,0.0011032697472234676,0.0011032697472234676,1.2172041351385342e-06,2024
CNN_FINAL_w6_c32_k2_actrelu_d0.0_dense16_e50_lr0.001_b8,120302,Junin,Perene,1,0.5873779656199998,0.5802585461414453,-0.007119419478554434,0.007119419478554434,5.068613371162029e-05,2020
CNN_FINAL_w6_c32_k2_actrelu_d0.0_dense16_e50_lr0.001_b8,120302,Junin,Perene,2,0.5792153475371665,0.5790981865668637,-0.0001171609703027876,0.0001171609703027876,1.3726692962290678e-08,2021
CNN_FINAL_w6_c32_k2_actrelu_d0.0_dense16_e50_lr0.001_b8,120302,Junin,Perene,3,0.5696842078003561,0.5704885194231261,0.0008043116227699487,0.0008043116227699487,6.469171865228283e-07,2022
CNN_FINAL_w6_c32_k2_actrelu_d0.0_dense16_e50_lr0.001_b8,120302,Junin,Perene,4,0.5572062158542523,0.5585381446198827,0.0013319287656303747,0.0013319287656303747,1.7740342367136534e-06,2023
CNN_FINAL_w6_c32_k2_actrelu_d0.0_dense16_e50_lr0.001_b8,120302,Junin,Perene,5,0.544063986795475,0.5426682831149439,-0.0013957036805311018,0.0013957036805311018,1.947988763848064e-06,2024
CNN_FINAL_w6_c32_k2_actrelu_d0.0_dense16_e50_lr0.001_b8,120303,Junin,Pichanaqui,1,0.6235338467341283,0.6236363156550275,0.00010246892089926796,0.00010246892089926796,1.0499879750260433e-08,2020
CNN_FINAL_w6_c32_k2_actrelu_d0.0_dense16_e50_lr0.001_b8,120303,Junin,Pichanaqui,2,0.6170480246465798,0.6190289116768569,0.001980887030277101,0.001980887030277101,3.923913426720032e-06,2021
CNN_FINAL_w6_c32_k2_actrelu_d0.0_dense16_e50_lr0.001_b8,120303,Junin,Pichanaqui,3,0.6084595327305845,0.6129191139329653,0.004459581202380769,0.004459581202380769,1.9887864500627905e-05,2022
CNN_FINAL_w6_c32_k2_actrelu_d0.0_dense16_e50_lr0.001_b8,120303,Junin,Pichanaqui,4,0.5979025964389927,0.6050566433459889,0.00715404690699617,0.00715404690699617,5.1180387147501464e-05,2023
CNN_FINAL_w6_c32_k2_actrelu_d0.0_dense16_e50_lr0.001_b8,120303,Junin,Pichanaqui,5,0.5880488720460596,0.5944731938520808,0.006424321806021149,0.006424321806021149,4.127191066731884e-05,2024
CNN_FINAL_w6_c32_k2_actrelu_d0.0_dense16_e50_lr0.001_b8,120304,Junin,San Luis De Shuaro,1,0.6637352752993761,0.6398611777077835,-0.023874097591592647,0.023874097591592647,0.0005699725358128898,2020
CNN_FINAL_w6_c32_k2_actrelu_d0.0_dense16_e50_lr0.001_b8,120304,Junin,San Luis De Shuaro,2,0.6560774396903926,0.6561371038600985,5.96641697059308e-05,5.96641697059308e-05,3.559813146698111e-09,2021
CNN_FINAL_w6_c32_k2_actrelu_d0.0_dense16_e50_lr0.001_b8,120304,Junin,San Luis De Shuaro,3,0.6427469902409204,0.6477625915324317,0.00501560129151124,0.00501560129151124,2.515625631540922e-05,2022
CNN_FINAL_w6_c32_k2_actrelu_d0.0_dense16_e50_lr0.001_b8,120304,Junin,San Luis De Shuaro,4,0.6282801642444735,0.6326670707528324,0.004386906508358823,0.004386906508358823,1.9244948713081003e-05,2023
CNN_FINAL_w6_c32_k2_actrelu_d0.0_dense16_e50_lr0.001_b8,120304,Junin,San Luis De Shuaro,5,0.5973749761413011,0.613965748148539,0.01659077200723791,0.01659077200723791,0.00027525371579614896,2024
CNN_FINAL_w6_c32_k2_actrelu_d0.0_dense16_e50_lr0.001_b8,120601,Junin,Satipo,1,0.677461504646159,0.6731946205400997,-0.004266884106059243,0.004266884106059243,1.8206299974540987e-05,2020
CNN_FINAL_w6_c32_k2_actrelu_d0.0_dense16_e50_lr0.001_b8,120601,Junin,Satipo,2,0.6688019596194343,0.6687660702584691,-3.5889360965213335e-05,3.5889360965213335e-05,1.2880462304913787e-09,2021
CNN_FINAL_w6_c32_k2_actrelu_d0.0_dense16_e50_lr0.001_b8,120601,Junin,Satipo,3,0.6549811358106983,0.6603666726214411,0.00538553681074283,0.00538553681074283,2.9004006739866056e-05,2022
CNN_FINAL_w6_c32_k2_actrelu_d0.0_dense16_e50_lr0.001_b8,120601,Junin,Satipo,4,0.6294436471020506,0.6434001917536771,0.013956544651626546,0.013956544651626546,0.00019478513861284554,2023
CNN_FINAL_w6_c32_k2_actrelu_d0.0_dense16_e50_lr0.001_b8,120601,Junin,Satipo,5,0.6126474135510169,0.6141060750451399,0.0014586614941229925,0.0014586614941229925,2.127693354437121e-06,2024
CNN_FINAL_w6_c32_k2_actrelu_d0.0_dense16_e50_lr0.001_b8,120602,Junin,Coviriali,1,0.6056987019945641,0.5931016498697099,-0.01259705212485418,0.01259705212485418,0.00015868572223629322,2020
CNN_FINAL_w6_c32_k2_actrelu_d0.0_dense16_e50_lr0.001_b8,120602,Junin,Coviriali,2,0.5973779543020563,0.5986277912022088,0.0012498369001524567,0.0012498369001524567,1.5620922769827022e-06,2021
CNN_FINAL_w6_c32_k2_actrelu_d0.0_dense16_e50_lr0.001_b8,120602,Junin,Coviriali,3,0.5809970479831206,0.5920099583533885,0.01101291037026797,0.01101291037026797,0.00012128419482355579,2022
CNN_FINAL_w6_c32_k2_actrelu_d0.0_dense16_e50_lr0.001_b8,120602,Junin,Coviriali,4,0.5661346913210366,0.5744648309463497,0.008330139625313149,0.008330139625313149,6.939122617721228e-05,2023
CNN_FINAL_w6_c32_k2_actrelu_d0.0_dense16_e50_lr0.001_b8,120602,Junin,Coviriali,5,0.5460516819517157,0.5570173392586454,0.010965657306929666,0.010965657306929666,0.00012024564017301997,2024
CNN_FINAL_w6_c32_k2_actrelu_d0.0_dense16_e50_lr0.001_b8,120603,Junin,Llaylla,1,0.6767777138890353,0.6608883050493093,-0.015889408839726005,0.015889408839726005,0.0002524733132759629,2020
CNN_FINAL_w6_c32_k2_actrelu_d0.0_dense16_e50_lr0.001_b8,120603,Junin,Llaylla,2,0.6766270391457426,0.6726165040124847,-0.0040105351332578865,0.0040105351332578865,1.6084392055095854e-05,2021
CNN_FINAL_w6_c32_k2_actrelu_d0.0_dense16_e50_lr0.001_b8,120603,Junin,Llaylla,3,0.6652134651992986,0.67049910743149,0.005285642232191412,0.005285642232191412,2.7938013806725412e-05,2022
CNN_FINAL_w6_c32_k2_actrelu_d0.0_dense16_e50_lr0.001_b8,120603,Junin,Llaylla,4,0.6560251073486476,0.6584035346721054,0.0023784273234578324,0.0023784273234578324,5.656916532970788e-06,2023
CNN_FINAL_w6_c32_k2_actrelu_d0.0_dense16_e50_lr0.001_b8,120603,Junin,Llaylla,5,0.6417580894382917,0.6486727982229018,0.006914708784610091,0.006914708784610091,4.7813197575963956e-05,2024
CNN_FINAL_w6_c32_k2_actrelu_d0.0_dense16_e50_lr0.001_b8,120604,Junin,Mazamari,1,0.7869618504690601,0.7758216363458327,-0.01114021412322741,0.01114021412322741,0.00012410437071135546,2020
CNN_FINAL_w6_c32_k2_actrelu_d0.0_dense16_e50_lr0.001_b8,120604,Junin,Mazamari,2,0.7836341848821837,0.7816024987581776,-0.002031686124006171,0.002031686124006171,4.127748506479219e-06,2021
CNN_FINAL_w6_c32_k2_actrelu_d0.0_dense16_e50_lr0.001_b8,120604,Junin,Mazamari,3,0.7771747056360611,0.7766671058978529,-0.000507599738208131,0.000507599738208131,2.576574942289631e-07,2022
CNN_FINAL_w6_c32_k2_actrelu_d0.0_dense16_e50_lr0.001_b8,120604,Junin,Mazamari,4,0.760666079126433,0.7687615529345281,0.008095473808095055,0.008095473808095055,6.553669617755306e-05,2023
CNN_FINAL_w6_c32_k2_actrelu_d0.0_dense16_e50_lr0.001_b8,120604,Junin,Mazamari,5,0.7365834093273746,0.7492350400338653,0.012651630706490669,0.012651630706490669,0.00016006375953341758,2024
CNN_FINAL_w6_c32_k2_actrelu_d0.0_dense16_e50_lr0.001_b8,120607,Junin,Rio Negro,1,0.5116514565736742,0.5190292583138081,0.007377801740133916,0.007377801740133916,5.443195851672303e-05,2020
CNN_FINAL_w6_c32_k2_actrelu_d0.0_dense16_e50_lr0.001_b8,120607,Junin,Rio Negro,2,0.4943422679582864,0.49766348506996827,0.0033212171116818734,0.0033212171116818734,1.1030483102928485e-05,2021
CNN_FINAL_w6_c32_k2_actrelu_d0.0_dense16_e50_lr0.001_b8,120607,Junin,Rio Negro,3,0.4782368225802187,0.47419579284753305,-0.004041029732685664,0.004041029732685664,1.6329921300449568e-05,2022
CNN_FINAL_w6_c32_k2_actrelu_d0.0_dense16_e50_lr0.001_b8,120607,Junin,Rio Negro,4,0.45469671435992876,0.45213436037118704,-0.002562353988741717,0.002562353988741717,6.565657963620586e-06,2023
CNN_FINAL_w6_c32_k2_actrelu_d0.0_dense16_e50_lr0.001_b8,120607,Junin,Rio Negro,5,0.43790853193839446,0.4297777240196446,-0.008130807918749872,0.008130807918749872,6.611003741160562e-05,2024
CNN_FINAL_w6_c32_k2_actrelu_d0.0_dense16_e50_lr0.001_b8,120609,Junin,Vizcatán Del Ene,1,0.7585939102070767,0.75581763341697,-0.0027762767901067242,0.0027762767901067242,7.707712815285295e-06,2020
CNN_FINAL_w6_c32_k2_actrelu_d0.0_dense16_e50_lr0.001_b8,120609,Junin,Vizcatán Del Ene,2,0.7539951757053417,0.7364105498103207,-0.017584625895020967,0.017584625895020967,0.00030921906786784194,2021
CNN_FINAL_w6_c32_k2_actrelu_d0.0_dense16_e50_lr0.001_b8,120609,Junin,Vizcatán Del Ene,3,0.7469904911318139,0.735951307326409,-0.011039183805404917,0.011039183805404917,0.0001218635790895142,2022
CNN_FINAL_w6_c32_k2_actrelu_d0.0_dense16_e50_lr0.001_b8,120609,Junin,Vizcatán Del Ene,4,0.7421298046768738,0.7325680662312025,-0.00956173844567132,0.00956173844567132,9.142684210342898e-05,2023
CNN_FINAL_w6_c32_k2_actrelu_d0.0_dense16_e50_lr0.001_b8,120609,Junin,Vizcatán Del Ene,5,0.7316185251039783,0.7293074597386191,-0.0023110653653591884,0.0023110653653591884,5.341023122962799e-06,2024
CNN_FINAL_w6_c32_k2_actrelu_d0.0_dense16_e50_lr0.001_b8,160101,Loreto,Iquitos,1,0.5134002568613278,0.5114898471850663,-0.0019104096762615486,0.0019104096762615486,3.649665131153755e-06,2020
CNN_FINAL_w6_c32_k2_actrelu_d0.0_dense16_e50_lr0.001_b8,160101,Loreto,Iquitos,2,0.5002260819807207,0.5058508717334043,0.0056247897526835455,0.0056247897526835455,3.163825976189382e-05,2021
CNN_FINAL_w6_c32_k2_actrelu_d0.0_dense16_e50_lr0.001_b8,160101,Loreto,Iquitos,3,0.507711471355552,0.4915882926706993,-0.016123178684852635,0.016123178684852635,0.0002599568909036863,2022
CNN_FINAL_w6_c32_k2_actrelu_d0.0_dense16_e50_lr0.001_b8,160101,Loreto,Iquitos,4,0.5507128253263949,0.5022343340177676,-0.04847849130862725,0.04847849130862725,0.0023501641195606475,2023
CNN_FINAL_w6_c32_k2_actrelu_d0.0_dense16_e50_lr0.001_b8,160101,Loreto,Iquitos,5,0.554524779602941,0.5478104625482138,-0.006714317054727248,0.006714317054727248,4.508205351140119e-05,2024
CNN_FINAL_w6_c32_k2_actrelu_d0.0_dense16_e50_lr0.001_b8,160112,Loreto,Belen,1,0.5367406011631652,0.5326205681448527,-0.004120033018312541,0.004120033018312541,1.6974672071985548e-05,2020
CNN_FINAL_w6_c32_k2_actrelu_d0.0_dense16_e50_lr0.001_b8,160112,Loreto,Belen,2,0.5371928809343792,0.5286833891491795,-0.008509491785199774,0.008509491785199774,7.241145044238244e-05,2021
CNN_FINAL_w6_c32_k2_actrelu_d0.0_dense16_e50_lr0.001_b8,160112,Loreto,Belen,3,0.54171258217959,0.5279333847925535,-0.01377919738703648,0.01377919738703648,0.00018986628063091295,2022
CNN_FINAL_w6_c32_k2_actrelu_d0.0_dense16_e50_lr0.001_b8,160112,Loreto,Belen,4,0.5596631164516771,0.5333621364825598,-0.02630097996911729,0.02630097996911729,0.0006917415473359089,2023
CNN_FINAL_w6_c32_k2_actrelu_d0.0_dense16_e50_lr0.001_b8,160112,Loreto,Belen,5,0.5613546360446785,0.5521266692869496,-0.009227966757728856,0.009227966757728856,8.515537048174882e-05,2024
CNN_FINAL_w6_c32_k2_actrelu_d0.0_dense16_e50_lr0.001_b8,160211,Loreto,Teniente Cesar Lopez Rojas,1,0.7889779138684268,0.7849389978727177,-0.004038915995709047,0.004038915995709047,1.6312842420394404e-05,2020
CNN_FINAL_w6_c32_k2_actrelu_d0.0_dense16_e50_lr0.001_b8,160211,Loreto,Teniente Cesar Lopez Rojas,2,0.7833592855012886,0.7806599361178077,-0.0026993493834809312,0.0026993493834809312,7.286487094098884e-06,2021
CNN_FINAL_w6_c32_k2_actrelu_d0.0_dense16_e50_lr0.001_b8,160211,Loreto,Teniente Cesar Lopez Rojas,3,0.7727246772628823,0.7731968671744841,0.0004721899116018058,0.0004721899116018058,2.2296331261852117e-07,2022
CNN_FINAL_w6_c32_k2_actrelu_d0.0_dense16_e50_lr0.001_b8,160211,Loreto,Teniente Cesar Lopez Rojas,4,0.7527026034602846,0.7593909972661501,0.0066883938058655,0.0066883938058655,4.473461170233999e-05,2023
CNN_FINAL_w6_c32_k2_actrelu_d0.0_dense16_e50_lr0.001_b8,160211,Loreto,Teniente Cesar Lopez Rojas,5,0.7325767861849392,0.7347674884262175,0.002190702241278375,0.002190702241278375,4.7991763099420955e-06,2024
CNN_FINAL_w6_c32_k2_actrelu_d0.0_dense16_e50_lr0.001_b8,160503,Loreto,Capelo,1,0.7554360502605475,0.7571060412846998,0.0016699910241523286,0.0016699910241523286,2.788870020749343e-06,2020
CNN_FINAL_w6_c32_k2_actrelu_d0.0_dense16_e50_lr0.001_b8,160503,Loreto,Capelo,2,0.7583418518048548,0.7517725087132459,-0.006569343091608948,0.006569343091608948,4.315626865527021e-05,2021
CNN_FINAL_w6_c32_k2_actrelu_d0.0_dense16_e50_lr0.001_b8,160503,Loreto,Capelo,3,0.7430871824050683,0.7556333407912541,0.01254615838618578,0.01254615838618578,0.00015740609025125977,2022
CNN_FINAL_w6_c32_k2_actrelu_d0.0_dense16_e50_lr0.001_b8,160503,Loreto,Capelo,4,0.7359065465798044,0.7361949360193745,0.00028838943957010255,0.00028838943957010255,8.316846885555783e-08,2023
CNN_FINAL_w6_c32_k2_actrelu_d0.0_dense16_e50_lr0.001_b8,160503,Loreto,Capelo,5,0.7223675249228664,0.7280735168785987,0.0057059919557322925,0.0057059919557322925,3.255834419888163e-05,2024
CNN_FINAL_w6_c32_k2_actrelu_d0.0_dense16_e50_lr0.001_b8,160603,Loreto,Padre Marquez,1,0.8489634977879752,0.8467680885383845,-0.0021954092495907185,0.0021954092495907185,4.819821773188482e-06,2020
CNN_FINAL_w6_c32_k2_actrelu_d0.0_dense16_e50_lr0.001_b8,160603,Loreto,Padre Marquez,2,0.8423532176053075,0.8396930386073524,-0.0026601789979550095,0.0026601789979550095,7.076552301160918e-06,2021
CNN_FINAL_w6_c32_k2_actrelu_d0.0_dense16_e50_lr0.001_b8,160603,Loreto,Padre Marquez,3,0.8218923193870263,0.8322226756940436,0.010330356307017285,0.010330356307017285,0.0001067162614299318,2022
CNN_FINAL_w6_c32_k2_actrelu_d0.0_dense16_e50_lr0.001_b8,160603,Loreto,Padre Marquez,4,0.8138833131954339,0.8075932105326006,-0.006290102662833363,0.006290102662833363,3.9565391508983366e-05,2023
CNN_FINAL_w6_c32_k2_actrelu_d0.0_dense16_e50_lr0.001_b8,160603,Loreto,Padre Marquez,5,0.7825643942048058,0.7988144255017409,0.01625003129693503,0.01625003129693503,0.000264063517151368,2024
CNN_FINAL_w6_c32_k2_actrelu_d0.0_dense16_e50_lr0.001_b8,170102,Madre De Dios,Inambari,1,0.8478175873407863,0.8378602078103821,-0.009957379530404209,0.009957379530404209,9.914940711251275e-05,2020
CNN_FINAL_w6_c32_k2_actrelu_d0.0_dense16_e50_lr0.001_b8,170102,Madre De Dios,Inambari,2,0.8411440843386968,0.8379940736124631,-0.003150010726233665,0.003150010726233665,9.922567575387143e-06,2021
CNN_FINAL_w6_c32_k2_actrelu_d0.0_dense16_e50_lr0.001_b8,170102,Madre De Dios,Inambari,3,0.8289204759054892,0.8328125281941261,0.0038920522886368714,0.0038920522886368714,1.5148071017483508e-05,2022
CNN_FINAL_w6_c32_k2_actrelu_d0.0_dense16_e50_lr0.001_b8,170102,Madre De Dios,Inambari,4,0.8187924578592722,0.8186813068426121,-0.00011115101666014926,0.00011115101666014926,1.2354548504584778e-08,2023
CNN_FINAL_w6_c32_k2_actrelu_d0.0_dense16_e50_lr0.001_b8,170102,Madre De Dios,Inambari,5,0.796142762917823,0.8080689086166173,0.011926145698794244,0.011926145698794244,0.00014223295122886844,2024
CNN_FINAL_w6_c32_k2_actrelu_d0.0_dense16_e50_lr0.001_b8,170204,Madre De Dios,Huepetuhe,1,0.8092381900541393,0.8004059495615888,-0.008832240492550492,0.008832240492550492,7.800847211824855e-05,2020
CNN_FINAL_w6_c32_k2_actrelu_d0.0_dense16_e50_lr0.001_b8,170204,Madre De Dios,Huepetuhe,2,0.8052862969252432,0.8079329732451979,0.002646676319954633,0.002646676319954633,7.004895542608598e-06,2021
CNN_FINAL_w6_c32_k2_actrelu_d0.0_dense16_e50_lr0.001_b8,170204,Madre De Dios,Huepetuhe,3,0.7968474008002331,0.8045709326163843,0.007723531816151263,0.007723531816151263,5.9652943715100834e-05,2022
CNN_FINAL_w6_c32_k2_actrelu_d0.0_dense16_e50_lr0.001_b8,170204,Madre De Dios,Huepetuhe,4,0.7871135347583715,0.7933341301778167,0.006220595419445196,0.006220595419445196,3.8695807372422554e-05,2023
CNN_FINAL_w6_c32_k2_actrelu_d0.0_dense16_e50_lr0.001_b8,170204,Madre De Dios,Huepetuhe,5,0.7681001993376703,0.7817378788792868,0.013637679541616543,0.013637679541616543,0.0001859863032798264,2024
CNN_FINAL_w6_c32_k2_actrelu_d0.0_dense16_e50_lr0.001_b8,200303,Piura,El Carmen De La Frontera,1,0.5097815407346726,0.5031113234893908,-0.006670217245281829,0.006670217245281829,4.4491798099255105e-05,2020
CNN_FINAL_w6_c32_k2_actrelu_d0.0_dense16_e50_lr0.001_b8,200303,Piura,El Carmen De La Frontera,2,0.5007951851552875,0.5109105113151505,0.010115326159862992,0.010115326159862992,0.00010231982332040857,2021
CNN_FINAL_w6_c32_k2_actrelu_d0.0_dense16_e50_lr0.001_b8,200303,Piura,El Carmen De La Frontera,3,0.4958600383718049,0.4894396758790759,-0.006420362492729037,0.006420362492729037,4.122105453804181e-05,2022
CNN_FINAL_w6_c32_k2_actrelu_d0.0_dense16_e50_lr0.001_b8,200303,Piura,El Carmen De La Frontera,4,0.5164859886883592,0.487114776578429,-0.029371212109930156,0.029371212109930156,0.0008626681008065078,2023
CNN_FINAL_w6_c32_k2_actrelu_d0.0_dense16_e50_lr0.001_b8,200303,Piura,El Carmen De La Frontera,5,0.5125405795265098,0.5076687202364908,-0.004871859290018987,0.004871859290018987,2.373501294174431e-05,2024
CNN_FINAL_w6_c32_k2_actrelu_d0.0_dense16_e50_lr0.001_b8,200307,Piura,Sondor,1,0.3248289227317662,0.3080797340252046,-0.016749188706561613,0.016749188706561613,0.00028053532232801107,2020
CNN_FINAL_w6_c32_k2_actrelu_d0.0_dense16_e50_lr0.001_b8,200307,Piura,Sondor,2,0.31768772229785813,0.3223810638808715,0.004693341583013377,0.004693341583013377,2.2027455214842513e-05,2021
CNN_FINAL_w6_c32_k2_actrelu_d0.0_dense16_e50_lr0.001_b8,200307,Piura,Sondor,3,0.33615573881722727,0.3147077317405007,-0.02144800707672656,0.02144800707672656,0.0004600170075633126,2022
CNN_FINAL_w6_c32_k2_actrelu_d0.0_dense16_e50_lr0.001_b8,200307,Piura,Sondor,4,0.3486087287252113,0.32951628275461875,-0.019092445970592564,0.019092445970592564,0.00036452149313999626,2023
CNN_FINAL_w6_c32_k2_actrelu_d0.0_dense16_e50_lr0.001_b8,200307,Piura,Sondor,5,0.34554934999280745,0.3453009133369278,-0.0002484366558796469,0.0002484366558796469,6.172077198466211e-08,2024
CNN_FINAL_w6_c32_k2_actrelu_d0.0_dense16_e50_lr0.001_b8,211205,Puno,Phara,1,0.47688466188140716,0.4729221117323511,-0.003962550149056054,0.003962550149056054,1.570180368378416e-05,2020
CNN_FINAL_w6_c32_k2_actrelu_d0.0_dense16_e50_lr0.001_b8,211205,Puno,Phara,2,0.4763627928411909,0.4759200848281668,-0.0004427080130240957,0.0004427080130240957,1.9599038479574287e-07,2021
CNN_FINAL_w6_c32_k2_actrelu_d0.0_dense16_e50_lr0.001_b8,211205,Puno,Phara,3,0.479325352955569,0.4736998281271906,-0.005625524828378414,0.005625524828378414,3.164652959470199e-05,2022
CNN_FINAL_w6_c32_k2_actrelu_d0.0_dense16_e50_lr0.001_b8,211205,Puno,Phara,4,0.48032289799598293,0.4779577335833459,-0.002365164412637011,0.002365164412637011,5.594002698804577e-06,2023
CNN_FINAL_w6_c32_k2_actrelu_d0.0_dense16_e50_lr0.001_b8,211205,Puno,Phara,5,0.4694140528912562,0.47869210259600703,0.009278049704750824,0.009278049704750824,8.608220632382685e-05,2024
CNN_FINAL_w6_c32_k2_actrelu_d0.0_dense16_e50_lr0.001_b8,220101,San Martin,Moyobamba,1,0.7150649990351682,0.7102517738624329,-0.004813225172735303,0.004813225172735303,2.3167136563452783e-05,2020
CNN_FINAL_w6_c32_k2_actrelu_d0.0_dense16_e50_lr0.001_b8,220101,San Martin,Moyobamba,2,0.7090317627374706,0.7075428085531237,-0.0014889541843469134,0.0014889541843469134,2.216984563084182e-06,2021
CNN_FINAL_w6_c32_k2_actrelu_d0.0_dense16_e50_lr0.001_b8,220101,San Martin,Moyobamba,3,0.7060308998161764,0.7008825306038793,-0.00514836921229711,0.00514836921229711,2.6505705546128768e-05,2022
CNN_FINAL_w6_c32_k2_actrelu_d0.0_dense16_e50_lr0.001_b8,220101,San Martin,Moyobamba,4,0.6941648725827964,0.6979856130645365,0.0038207404817401924,0.0038207404817401924,1.4598057828808277e-05,2023
CNN_FINAL_w6_c32_k2_actrelu_d0.0_dense16_e50_lr0.001_b8,220101,San Martin,Moyobamba,5,0.6824468321764342,0.6831175493126156,0.0006707171361813868,0.0006707171361813868,4.49861476767361e-07,2024
CNN_FINAL_w6_c32_k2_actrelu_d0.0_dense16_e50_lr0.001_b8,220102,San Martin,Calzada,1,0.19311023574256087,0.19123684643428862,-0.0018733893082722441,0.0018733893082722441,3.5095875003487576e-06,2020
CNN_FINAL_w6_c32_k2_actrelu_d0.0_dense16_e50_lr0.001_b8,220102,San Martin,Calzada,2,0.18762325217626274,0.18847089225222324,0.0008476400759604985,0.0008476400759604985,7.184936983743196e-07,2021
CNN_FINAL_w6_c32_k2_actrelu_d0.0_dense16_e50_lr0.001_b8,220102,San Martin,Calzada,3,0.18364811425028582,0.1811101155592455,-0.002537998691040322,0.002537998691040322,6.441437355722387e-06,2022
CNN_FINAL_w6_c32_k2_actrelu_d0.0_dense16_e50_lr0.001_b8,220102,San Martin,Calzada,4,0.16440152322196133,0.17932215908280674,0.01492063586084541,0.01492063586084541,0.00022262537449194606,2023
CNN_FINAL_w6_c32_k2_actrelu_d0.0_dense16_e50_lr0.001_b8,220102,San Martin,Calzada,5,0.14866971713508131,0.15515355167890543,0.0064838345438241185,0.0064838345438241185,4.204011039168691e-05,2024
CNN_FINAL_w6_c32_k2_actrelu_d0.0_dense16_e50_lr0.001_b8,220106,San Martin,Yantalo,1,0.33534333189731974,0.34217495504458995,0.006831623147270205,0.006831623147270205,4.667107482631806e-05,2020
CNN_FINAL_w6_c32_k2_actrelu_d0.0_dense16_e50_lr0.001_b8,220106,San Martin,Yantalo,2,0.3218779818610972,0.3348078939276457,0.012929912066548532,0.012929912066548532,0.00016718262604867735,2021
CNN_FINAL_w6_c32_k2_actrelu_d0.0_dense16_e50_lr0.001_b8,220106,San Martin,Yantalo,3,0.3256850808522596,0.3216480325166852,-0.004037048335574389,0.004037048335574389,1.6297759263763945e-05,2022
CNN_FINAL_w6_c32_k2_actrelu_d0.0_dense16_e50_lr0.001_b8,220106,San Martin,Yantalo,4,0.3097157538258273,0.3252187967848673,0.015503042959040036,0.015503042959040036,0.00024034434098984086,2023
CNN_FINAL_w6_c32_k2_actrelu_d0.0_dense16_e50_lr0.001_b8,220106,San Martin,Yantalo,5,0.29572660083779634,0.30898047622174935,0.013253875383953007,0.013253875383953007,0.00017566521269335545,2024
CNN_FINAL_w6_c32_k2_actrelu_d0.0_dense16_e50_lr0.001_b8,220201,San Martin,Bellavista,1,0.17999418862881245,0.18963679171058256,0.009642603081770118,0.009642603081770118,9.297979419256258e-05,2020
CNN_FINAL_w6_c32_k2_actrelu_d0.0_dense16_e50_lr0.001_b8,220201,San Martin,Bellavista,2,0.17553249999911757,0.1749466604444594,-0.0005858395546581852,0.0005858395546581852,3.432079838021007e-07,2021
CNN_FINAL_w6_c32_k2_actrelu_d0.0_dense16_e50_lr0.001_b8,220201,San Martin,Bellavista,3,0.18650883956485775,0.1691006823139075,-0.01740815725095024,0.01740815725095024,0.00030304393887381145,2022
CNN_FINAL_w6_c32_k2_actrelu_d0.0_dense16_e50_lr0.001_b8,220201,San Martin,Bellavista,4,0.1812327754005189,0.1834332576188536,0.0022004822183346873,0.0022004822183346873,4.842121993207146e-06,2023
CNN_FINAL_w6_c32_k2_actrelu_d0.0_dense16_e50_lr0.001_b8,220201,San Martin,Bellavista,5,0.1615451894325708,0.17701302447420825,0.015467835041637457,0.015467835041637457,0.00023925392087530763,2024
CNN_FINAL_w6_c32_k2_actrelu_d0.0_dense16_e50_lr0.001_b8,220203,San Martin,Bajo Biavo,1,0.5235977770243322,0.5377906552158773,0.014192878191545133,0.014192878191545133,0.00020143779136003745,2020
CNN_FINAL_w6_c32_k2_actrelu_d0.0_dense16_e50_lr0.001_b8,220203,San Martin,Bajo Biavo,2,0.5058841110360703,0.5073531582348608,0.0014690471987904852,0.0014690471987904852,2.1580996722741712e-06,2021
CNN_FINAL_w6_c32_k2_actrelu_d0.0_dense16_e50_lr0.001_b8,220203,San Martin,Bajo Biavo,3,0.49327725054067817,0.49013442967499654,-0.003142820865681628,0.003142820865681628,9.877322993763819e-06,2022
CNN_FINAL_w6_c32_k2_actrelu_d0.0_dense16_e50_lr0.001_b8,220203,San Martin,Bajo Biavo,4,0.4901409444016485,0.4781604157207588,-0.011980528680889724,0.011980528680889724,0.00014353306747362128,2023
CNN_FINAL_w6_c32_k2_actrelu_d0.0_dense16_e50_lr0.001_b8,220203,San Martin,Bajo Biavo,5,0.46760270018583383,0.48041838843002777,0.012815688244193935,0.012815688244193935,0.00016424186517237062,2024
CNN_FINAL_w6_c32_k2_actrelu_d0.0_dense16_e50_lr0.001_b8,220204,San Martin,Huallaga,1,0.497859835460945,0.5114564422537565,0.01359660679281155,0.01359660679281155,0.00018486771627832917,2020
CNN_FINAL_w6_c32_k2_actrelu_d0.0_dense16_e50_lr0.001_b8,220204,San Martin,Huallaga,2,0.47576272499733147,0.484437731852299,0.008675006854967526,0.008675006854967526,7.525574393373357e-05,2021
CNN_FINAL_w6_c32_k2_actrelu_d0.0_dense16_e50_lr0.001_b8,220204,San Martin,Huallaga,3,0.4629425095702099,0.4572551752868359,-0.005687334283373979,0.005687334283373979,3.234577125084101e-05,2022
CNN_FINAL_w6_c32_k2_actrelu_d0.0_dense16_e50_lr0.001_b8,220204,San Martin,Huallaga,4,0.46690449184963045,0.4446622244426828,-0.02224226740694768,0.02224226740694768,0.000494718459402167,2023
CNN_FINAL_w6_c32_k2_actrelu_d0.0_dense16_e50_lr0.001_b8,220204,San Martin,Huallaga,5,0.44801157633997357,0.45714781006774596,0.009136233727772392,0.009136233727772392,8.347076672848581e-05,2024
CNN_FINAL_w6_c32_k2_actrelu_d0.0_dense16_e50_lr0.001_b8,220205,San Martin,San Pablo,1,0.26421644859257376,0.2615287342269585,-0.002687714365615268,0.002687714365615268,7.223808511134683e-06,2020
CNN_FINAL_w6_c32_k2_actrelu_d0.0_dense16_e50_lr0.001_b8,220205,San Martin,San Pablo,2,0.25459380928332365,0.25949523092011867,0.0049014216367950225,0.0049014216367950225,2.4023934061642398e-05,2021
CNN_FINAL_w6_c32_k2_actrelu_d0.0_dense16_e50_lr0.001_b8,220205,San Martin,San Pablo,3,0.2590683948634075,0.24704533274681695,-0.012023062116590544,0.012023062116590544,0.00014455402265939468,2022
CNN_FINAL_w6_c32_k2_actrelu_d0.0_dense16_e50_lr0.001_b8,220205,San Martin,San Pablo,4,0.255828559780159,0.25451294464722485,-0.0013156151329341559,0.0013156151329341559,1.7308431780053566e-06,2023
CNN_FINAL_w6_c32_k2_actrelu_d0.0_dense16_e50_lr0.001_b8,220205,San Martin,San Pablo,5,0.24098134315352437,0.2502035712731031,0.009222228119578735,0.009222228119578735,8.504949148954873e-05,2024
CNN_FINAL_w6_c32_k2_actrelu_d0.0_dense16_e50_lr0.001_b8,220301,San Martin,San Jose De Sisa,1,0.35357850924679834,0.3519427418326803,-0.0016357674141180278,0.0016357674141180278,2.6757350330903797e-06,2020
CNN_FINAL_w6_c32_k2_actrelu_d0.0_dense16_e50_lr0.001_b8,220301,San Martin,San Jose De Sisa,2,0.3351280966861305,0.3488562567896741,0.013728160103543552,0.013728160103543552,0.00018846237982852491,2021
CNN_FINAL_w6_c32_k2_actrelu_d0.0_dense16_e50_lr0.001_b8,220301,San Martin,San Jose De Sisa,3,0.3242386537939509,0.3224298501922258,-0.0018088036017250841,0.0018088036017250841,3.271770469613637e-06,2022
CNN_FINAL_w6_c32_k2_actrelu_d0.0_dense16_e50_lr0.001_b8,220301,San Martin,San Jose De Sisa,4,0.3118375924093043,0.313551195821465,0.0017136034121607024,0.0017136034121607024,2.9364366541688024e-06,2023
CNN_FINAL_w6_c32_k2_actrelu_d0.0_dense16_e50_lr0.001_b8,220301,San Martin,San Jose De Sisa,5,0.29614263475210734,0.3027110944909499,0.006568459738842569,0.006568459738842569,4.314466334079579e-05,2024
CNN_FINAL_w6_c32_k2_actrelu_d0.0_dense16_e50_lr0.001_b8,220302,San Martin,Agua Blanca,1,0.34556167907356095,0.3514091715231409,0.0058474924495799385,0.0058474924495799385,3.419316794789439e-05,2020
CNN_FINAL_w6_c32_k2_actrelu_d0.0_dense16_e50_lr0.001_b8,220302,San Martin,Agua Blanca,2,0.3318985715915981,0.33897694040516657,0.007078368813568492,0.007078368813568492,5.010330506089902e-05,2021
CNN_FINAL_w6_c32_k2_actrelu_d0.0_dense16_e50_lr0.001_b8,220302,San Martin,Agua Blanca,3,0.32969412690514,0.32031313505479364,-0.009380991850346354,0.009380991850346354,8.800300809626471e-05,2022
CNN_FINAL_w6_c32_k2_actrelu_d0.0_dense16_e50_lr0.001_b8,220302,San Martin,Agua Blanca,4,0.31659522945438445,0.32043387675863155,0.0038386473042471003,0.0038386473042471003,1.4735213126403531e-05,2023
CNN_FINAL_w6_c32_k2_actrelu_d0.0_dense16_e50_lr0.001_b8,220302,San Martin,Agua Blanca,5,0.2872274095768187,0.3060484264809555,0.01882101690413679,0.01882101690413679,0.0003542306773058028,2024
CNN_FINAL_w6_c32_k2_actrelu_d0.0_dense16_e50_lr0.001_b8,220303,San Martin,San Martin,1,0.7448397795322017,0.7410185468967774,-0.003821232635424332,0.003821232635424332,1.4601818854031986e-05,2020
CNN_FINAL_w6_c32_k2_actrelu_d0.0_dense16_e50_lr0.001_b8,220303,San Martin,San Martin,2,0.725127396590169,0.7377086997971312,0.012581303206962158,0.012581303206962158,0.0001582891903855163,2021
CNN_FINAL_w6_c32_k2_actrelu_d0.0_dense16_e50_lr0.001_b8,220303,San Martin,San Martin,3,0.7045582498000316,0.7113592458449591,0.006800996044927565,0.006800996044927565,4.625354720312039e-05,2022
CNN_FINAL_w6_c32_k2_actrelu_d0.0_dense16_e50_lr0.001_b8,220303,San Martin,San Martin,4,0.6793997825247838,0.6878901276387726,0.008490345113988718,0.008490345113988718,7.20859601546321e-05,2023
CNN_FINAL_w6_c32_k2_actrelu_d0.0_dense16_e50_lr0.001_b8,220303,San Martin,San Martin,5,0.658098462484576,0.6591619561186624,0.00106349363408631,0.00106349363408631,1.1310187097421062e-06,2024
CNN_FINAL_w6_c32_k2_actrelu_d0.0_dense16_e50_lr0.001_b8,220304,San Martin,Santa Rosa,1,0.3669703895715092,0.37387371572475836,0.0069033261532491785,0.0069033261532491785,4.76559119781341e-05,2020
CNN_FINAL_w6_c32_k2_actrelu_d0.0_dense16_e50_lr0.001_b8,220304,San Martin,Santa Rosa,2,0.350194031457719,0.3578699631790879,0.007675931721368934,0.007675931721368934,5.891992779111784e-05,2021
CNN_FINAL_w6_c32_k2_actrelu_d0.0_dense16_e50_lr0.001_b8,220304,San Martin,Santa Rosa,3,0.3417167599646726,0.339281798064167,-0.0024349619005056278,0.0024349619005056278,5.9290394569139785e-06,2022
CNN_FINAL_w6_c32_k2_actrelu_d0.0_dense16_e50_lr0.001_b8,220304,San Martin,Santa Rosa,4,0.3291344976889926,0.32936245318001756,0.00022795549102494483,0.00022795549102494483,5.1963705888423705e-08,2023
CNN_FINAL_w6_c32_k2_actrelu_d0.0_dense16_e50_lr0.001_b8,220304,San Martin,Santa Rosa,5,0.30298647340620394,0.3204144934750723,0.017428020068868344,0.017428020068868344,0.00030373588352087773,2024
CNN_FINAL_w6_c32_k2_actrelu_d0.0_dense16_e50_lr0.001_b8,220305,San Martin,Shatoja,1,0.358218130362291,0.36099291807202016,0.002774787709729165,0.002774787709729165,7.699446834064026e-06,2020
CNN_FINAL_w6_c32_k2_actrelu_d0.0_dense16_e50_lr0.001_b8,220305,San Martin,Shatoja,2,0.3286972633082887,0.3482724363270533,0.019575173018764602,0.019575173018764602,0.00038318739871456966,2021
CNN_FINAL_w6_c32_k2_actrelu_d0.0_dense16_e50_lr0.001_b8,220305,San Martin,Shatoja,3,0.31879967414084254,0.31762171060755967,-0.0011779635332828664,0.0011779635332828664,1.3875980857442546e-06,2022
CNN_FINAL_w6_c32_k2_actrelu_d0.0_dense16_e50_lr0.001_b8,220305,San Martin,Shatoja,4,0.3109073967076637,0.30832833473231225,-0.00257906197535146,0.00257906197535146,6.651560672703774e-06,2023
CNN_FINAL_w6_c32_k2_actrelu_d0.0_dense16_e50_lr0.001_b8,220305,San Martin,Shatoja,5,0.3010384534084985,0.3038147806759061,0.002776327267407619,0.002776327267407619,7.707993095751056e-06,2024
CNN_FINAL_w6_c32_k2_actrelu_d0.0_dense16_e50_lr0.001_b8,220401,San Martin,Saposoa,1,0.6072256529671902,0.6150658883031045,0.00784023533591427,0.00784023533591427,6.146929012251875e-05,2020
CNN_FINAL_w6_c32_k2_actrelu_d0.0_dense16_e50_lr0.001_b8,220401,San Martin,Saposoa,2,0.6000618323928004,0.5983723634401495,-0.0016894689526508744,0.0016894689526508744,2.8543053419712424e-06,2021
CNN_FINAL_w6_c32_k2_actrelu_d0.0_dense16_e50_lr0.001_b8,220401,San Martin,Saposoa,3,0.5926665670839584,0.5885399215392234,-0.004126645544734964,0.004126645544734964,1.7029203451880925e-05,2022
CNN_FINAL_w6_c32_k2_actrelu_d0.0_dense16_e50_lr0.001_b8,220401,San Martin,Saposoa,4,0.5851259839353855,0.5792402486206844,-0.005885735314701157,0.005885735314701157,3.464188019472033e-05,2023
CNN_FINAL_w6_c32_k2_actrelu_d0.0_dense16_e50_lr0.001_b8,220401,San Martin,Saposoa,5,0.5671674600530096,0.5701598806457224,0.0029924205927128744,0.0029924205927128744,8.954581003692071e-06,2024
CNN_FINAL_w6_c32_k2_actrelu_d0.0_dense16_e50_lr0.001_b8,220403,San Martin,El Eslabon,1,0.4029776402730329,0.40766746106430607,0.004689820791273169,0.004689820791273169,2.1994419054258097e-05,2020
CNN_FINAL_w6_c32_k2_actrelu_d0.0_dense16_e50_lr0.001_b8,220403,San Martin,El Eslabon,2,0.3985061969049323,0.3932806478995047,-0.005225549005427599,0.005225549005427599,2.7306362408125366e-05,2021
CNN_FINAL_w6_c32_k2_actrelu_d0.0_dense16_e50_lr0.001_b8,220403,San Martin,El Eslabon,3,0.39350787146966615,0.38841450989606363,-0.005093361573602517,0.005093361573602517,2.5942332119450712e-05,2022
CNN_FINAL_w6_c32_k2_actrelu_d0.0_dense16_e50_lr0.001_b8,220403,San Martin,El Eslabon,4,0.3767470982225398,0.3811822988885687,0.004435200666028871,0.004435200666028871,1.9671004947942943e-05,2023
CNN_FINAL_w6_c32_k2_actrelu_d0.0_dense16_e50_lr0.001_b8,220403,San Martin,El Eslabon,5,0.3564333918137869,0.3610844334186163,0.004651041604829376,0.004651041604829376,2.1632188009853815e-05,2024
CNN_FINAL_w6_c32_k2_actrelu_d0.0_dense16_e50_lr0.001_b8,220404,San Martin,Piscoyacu,1,0.39872494028853656,0.4039770403542562,0.005252100065719634,0.005252100065719634,2.758455510033218e-05,2020
CNN_FINAL_w6_c32_k2_actrelu_d0.0_dense16_e50_lr0.001_b8,220404,San Martin,Piscoyacu,2,0.38772264277079027,0.38518459360244894,-0.0025380491683413275,0.0025380491683413275,6.441693580918105e-06,2021
CNN_FINAL_w6_c32_k2_actrelu_d0.0_dense16_e50_lr0.001_b8,220404,San Martin,Piscoyacu,3,0.3699451431088945,0.3733442845538956,0.0033991414450011415,0.0033991414450011415,1.1554162563124449e-05,2022
CNN_FINAL_w6_c32_k2_actrelu_d0.0_dense16_e50_lr0.001_b8,220404,San Martin,Piscoyacu,4,0.3545774550323132,0.3556220575365243,0.0010446025042111229,0.0010446025042111229,1.091194391804149e-06,2023
CNN_FINAL_w6_c32_k2_actrelu_d0.0_dense16_e50_lr0.001_b8,220404,San Martin,Piscoyacu,5,0.34244924869787385,0.34462900998417445,0.0021797612863005966,0.0021797612863005966,4.7513592652548314e-06,2024
CNN_FINAL_w6_c32_k2_actrelu_d0.0_dense16_e50_lr0.001_b8,220405,San Martin,Sacanche,1,0.37720733763314507,0.3842456148504455,0.007038277217300437,0.007038277217300437,4.953734618757038e-05,2020
CNN_FINAL_w6_c32_k2_actrelu_d0.0_dense16_e50_lr0.001_b8,220405,San Martin,Sacanche,2,0.3649483572313069,0.3671245977258673,0.0021762404945603886,0.0021762404945603886,4.736022690164445e-06,2021
CNN_FINAL_w6_c32_k2_actrelu_d0.0_dense16_e50_lr0.001_b8,220405,San Martin,Sacanche,3,0.3496493435226485,0.3527850817920426,0.003135738269394117,0.003135738269394117,9.832854494142812e-06,2022
CNN_FINAL_w6_c32_k2_actrelu_d0.0_dense16_e50_lr0.001_b8,220405,San Martin,Sacanche,4,0.32518079999658805,0.33670725380724925,0.011526453810661197,0.011526453810661197,0.00013285913744930602,2023
CNN_FINAL_w6_c32_k2_actrelu_d0.0_dense16_e50_lr0.001_b8,220405,San Martin,Sacanche,5,0.3092617105039118,0.31644256085770484,0.007180850353793011,0.007180850353793011,5.1564611803569214e-05,2024
CNN_FINAL_w6_c32_k2_actrelu_d0.0_dense16_e50_lr0.001_b8,220501,San Martin,Lamas,1,0.486327646166965,0.48076392763875087,-0.005563718528214134,0.005563718528214134,3.0954963861193254e-05,2020
CNN_FINAL_w6_c32_k2_actrelu_d0.0_dense16_e50_lr0.001_b8,220501,San Martin,Lamas,2,0.4735718366210059,0.48811218911592796,0.014540352494922082,0.014540352494922082,0.0002114218506765868,2021
CNN_FINAL_w6_c32_k2_actrelu_d0.0_dense16_e50_lr0.001_b8,220501,San Martin,Lamas,3,0.4589143073816245,0.4639624286742635,0.005048121292639041,0.005048121292639041,2.548352858519566e-05,2022
CNN_FINAL_w6_c32_k2_actrelu_d0.0_dense16_e50_lr0.001_b8,220501,San Martin,Lamas,4,0.4386409197169938,0.4409658537207852,0.002324934003791357,0.002324934003791357,5.405318121985309e-06,2023
CNN_FINAL_w6_c32_k2_actrelu_d0.0_dense16_e50_lr0.001_b8,220501,San Martin,Lamas,5,0.41950720224322385,0.42416883146192447,0.004661629218700614,0.004661629218700614,2.1730786972643292e-05,2024
CNN_FINAL_w6_c32_k2_actrelu_d0.0_dense16_e50_lr0.001_b8,220502,San Martin,Alonso De Alvarado,1,0.5448829541870884,0.5471654509775338,0.002282496790445343,0.002282496790445343,5.2097915983932925e-06,2020
CNN_FINAL_w6_c32_k2_actrelu_d0.0_dense16_e50_lr0.001_b8,220502,San Martin,Alonso De Alvarado,2,0.5277625322411542,0.5437359852939957,0.01597345305284148,0.01597345305284148,0.00025515120243133077,2021
CNN_FINAL_w6_c32_k2_actrelu_d0.0_dense16_e50_lr0.001_b8,220502,San Martin,Alonso De Alvarado,3,0.5124570727191902,0.518296955715654,0.005839882996463874,0.005839882996463874,3.410423341238788e-05,2022
CNN_FINAL_w6_c32_k2_actrelu_d0.0_dense16_e50_lr0.001_b8,220502,San Martin,Alonso De Alvarado,4,0.487398951163371,0.5010225002155569,0.013623549052185935,0.013623549052185935,0.00018560108877731628,2023
CNN_FINAL_w6_c32_k2_actrelu_d0.0_dense16_e50_lr0.001_b8,220502,San Martin,Alonso De Alvarado,5,0.4704975166075251,0.47223256025325816,0.0017350436457330698,0.0017350436457330698,3.010376452598702e-06,2024
CNN_FINAL_w6_c32_k2_actrelu_d0.0_dense16_e50_lr0.001_b8,220503,San Martin,Barranquita,1,0.682234461552073,0.68141123987044,-0.0008232216816329574,0.0008232216816329574,6.776939371105942e-07,2020
CNN_FINAL_w6_c32_k2_actrelu_d0.0_dense16_e50_lr0.001_b8,220503,San Martin,Barranquita,2,0.678490345613153,0.6757260571820185,-0.0027642884311345206,0.0027642884311345206,7.64129053050415e-06,2021
CNN_FINAL_w6_c32_k2_actrelu_d0.0_dense16_e50_lr0.001_b8,220503,San Martin,Barranquita,3,0.6663369511055468,0.6715674847444417,0.005230533638894919,0.005230533638894919,2.735848214761132e-05,2022
CNN_FINAL_w6_c32_k2_actrelu_d0.0_dense16_e50_lr0.001_b8,220503,San Martin,Barranquita,4,0.6581066271880025,0.6579977224112339,-0.00010890477676861465,0.00010890477676861465,1.186025040302179e-08,2023
CNN_FINAL_w6_c32_k2_actrelu_d0.0_dense16_e50_lr0.001_b8,220503,San Martin,Barranquita,5,0.6310163115803364,0.6500271042070032,0.019010792626666717,0.019010792626666717,0.0003614102362941256,2024
CNN_FINAL_w6_c32_k2_actrelu_d0.0_dense16_e50_lr0.001_b8,220504,San Martin,Caynarachi,1,0.7807769172627259,0.7788780116788308,-0.0018989055838951607,0.0018989055838951607,3.6058424165482213e-06,2020
CNN_FINAL_w6_c32_k2_actrelu_d0.0_dense16_e50_lr0.001_b8,220504,San Martin,Caynarachi,2,0.7806818432664138,0.7763099285164329,-0.0043719147499808875,0.0043719147499808875,1.9113638581100445e-05,2021
CNN_FINAL_w6_c32_k2_actrelu_d0.0_dense16_e50_lr0.001_b8,220504,San Martin,Caynarachi,3,0.7709860875867586,0.7767627351444754,0.005776647557716785,0.005776647557716785,3.33696570060753e-05,2022
CNN_FINAL_w6_c32_k2_actrelu_d0.0_dense16_e50_lr0.001_b8,220504,San Martin,Caynarachi,4,0.7615587701934786,0.7649716919416352,0.00341292174815655,0.00341292174815655,1.164803485903996e-05,2023
CNN_FINAL_w6_c32_k2_actrelu_d0.0_dense16_e50_lr0.001_b8,220504,San Martin,Caynarachi,5,0.7474159643013998,0.7544288261976791,0.007012861896279365,0.007012861896279365,4.9180231976287016e-05,2024
CNN_FINAL_w6_c32_k2_actrelu_d0.0_dense16_e50_lr0.001_b8,220505,San Martin,Cuñumbuqui,1,0.3374020738546274,0.33503776755610626,-0.002364306298521135,0.002364306298521135,5.58994427322671e-06,2020
CNN_FINAL_w6_c32_k2_actrelu_d0.0_dense16_e50_lr0.001_b8,220505,San Martin,Cuñumbuqui,2,0.3226346366021214,0.336234281497483,0.01359964489536164,0.01359964489536164,0.00018495034127993592,2021
CNN_FINAL_w6_c32_k2_actrelu_d0.0_dense16_e50_lr0.001_b8,220505,San Martin,Cuñumbuqui,3,0.31520455457495905,0.31605486994786913,0.0008503153729100821,0.0008503153729100821,7.23036233407212e-07,2022
CNN_FINAL_w6_c32_k2_actrelu_d0.0_dense16_e50_lr0.001_b8,220505,San Martin,Cuñumbuqui,4,0.3092429329479638,0.3079625004937817,-0.0012804324541820788,0.0012804324541820788,1.6395072697227414e-06,2023
CNN_FINAL_w6_c32_k2_actrelu_d0.0_dense16_e50_lr0.001_b8,220505,San Martin,Cuñumbuqui,5,0.29940775896312455,0.30249098822022036,0.0030832292570958097,0.0030832292570958097,9.506302651811578e-06,2024
CNN_FINAL_w6_c32_k2_actrelu_d0.0_dense16_e50_lr0.001_b8,220506,San Martin,Pinto Recodo,1,0.7941039847330356,0.7891956981833133,-0.004908286549722307,0.004908286549722307,2.409127685418491e-05,2020
CNN_FINAL_w6_c32_k2_actrelu_d0.0_dense16_e50_lr0.001_b8,220506,San Martin,Pinto Recodo,2,0.7839613030308967,0.7884632220694372,0.0045019190385404695,0.0045019190385404695,2.0267275029573146e-05,2021
CNN_FINAL_w6_c32_k2_actrelu_d0.0_dense16_e50_lr0.001_b8,220506,San Martin,Pinto Recodo,3,0.7766441134872768,0.7779110432634586,0.0012669297761818132,0.0012669297761818132,1.6051110577760993e-06,2022
CNN_FINAL_w6_c32_k2_actrelu_d0.0_dense16_e50_lr0.001_b8,220506,San Martin,Pinto Recodo,4,0.7632867091591049,0.7707419541207836,0.007455244961678709,0.007455244961678709,5.558067743863577e-05,2023
CNN_FINAL_w6_c32_k2_actrelu_d0.0_dense16_e50_lr0.001_b8,220506,San Martin,Pinto Recodo,5,0.7511332641741978,0.7551964345130063,0.004063170338808542,0.004063170338808542,1.650935320217352e-05,2024
CNN_FINAL_w6_c32_k2_actrelu_d0.0_dense16_e50_lr0.001_b8,220507,San Martin,Rumisapa,1,0.2832593889502737,0.28664780396882605,0.00338841501855236,0.00338841501855236,1.1481356337951189e-05,2020
CNN_FINAL_w6_c32_k2_actrelu_d0.0_dense16_e50_lr0.001_b8,220507,San Martin,Rumisapa,2,0.2590731649683459,0.2733035237388975,0.014230358770551566,0.014230358770551566,0.00020250311073861387,2021
CNN_FINAL_w6_c32_k2_actrelu_d0.0_dense16_e50_lr0.001_b8,220507,San Martin,Rumisapa,3,0.22975572143711392,0.2516085312286932,0.021852809791579275,0.021852809791579275,0.000477545295786943,2022
CNN_FINAL_w6_c32_k2_actrelu_d0.0_dense16_e50_lr0.001_b8,220507,San Martin,Rumisapa,4,0.20484792443831218,0.22155083807924109,0.016702913640928907,0.016702913640928907,0.00027898732409632895,2023
CNN_FINAL_w6_c32_k2_actrelu_d0.0_dense16_e50_lr0.001_b8,220507,San Martin,Rumisapa,5,0.18488427811154745,0.2006129798444199,0.01572870173287244,0.01572870173287244,0.00024739205820166455,2024
CNN_FINAL_w6_c32_k2_actrelu_d0.0_dense16_e50_lr0.001_b8,220510,San Martin,Tabalosos,1,0.6001993388702116,0.5912027127375017,-0.008996626132709906,0.008996626132709906,8.09392817717588e-05,2020
CNN_FINAL_w6_c32_k2_actrelu_d0.0_dense16_e50_lr0.001_b8,220510,San Martin,Tabalosos,2,0.5865875478743123,0.5936280271638661,0.007040479289553758,0.007040479289553758,4.956834862663539e-05,2021
CNN_FINAL_w6_c32_k2_actrelu_d0.0_dense16_e50_lr0.001_b8,220510,San Martin,Tabalosos,3,0.5743529196153442,0.5799754694377988,0.005622549822454581,0.005622549822454581,3.161306650598404e-05,2022
CNN_FINAL_w6_c32_k2_actrelu_d0.0_dense16_e50_lr0.001_b8,220510,San Martin,Tabalosos,4,0.556000950410826,0.5656083550396874,0.009607404628861449,0.009607404628861449,9.23022237026684e-05,2023
CNN_FINAL_w6_c32_k2_actrelu_d0.0_dense16_e50_lr0.001_b8,220510,San Martin,Tabalosos,5,0.5390015843702103,0.5463038160698889,0.007302231699678585,0.007302231699678585,5.33225877957908e-05,2024
CNN_FINAL_w6_c32_k2_actrelu_d0.0_dense16_e50_lr0.001_b8,220511,San Martin,Zapatero,1,0.19388695521070687,0.1943475858203944,0.0004606306096875401,0.0004606306096875401,2.1218055858111492e-07,2020
CNN_FINAL_w6_c32_k2_actrelu_d0.0_dense16_e50_lr0.001_b8,220511,San Martin,Zapatero,2,0.18498525795206905,0.19270775498355108,0.007722497031482034,0.007722497031482034,5.963696040124883e-05,2021
CNN_FINAL_w6_c32_k2_actrelu_d0.0_dense16_e50_lr0.001_b8,220511,San Martin,Zapatero,3,0.1884481522281518,0.18104315741955446,-0.007404994808597354,0.007404994808597354,5.483394811535376e-05,2022
CNN_FINAL_w6_c32_k2_actrelu_d0.0_dense16_e50_lr0.001_b8,220511,San Martin,Zapatero,4,0.18719033360478887,0.1855543642814671,-0.0016359693233217731,0.0016359693233217731,2.6763956268499005e-06,2023
CNN_FINAL_w6_c32_k2_actrelu_d0.0_dense16_e50_lr0.001_b8,220511,San Martin,Zapatero,5,0.178502508670215,0.18399082988498788,0.005488321214772884,0.005488321214772884,3.012166975652611e-05,2024
CNN_FINAL_w6_c32_k2_actrelu_d0.0_dense16_e50_lr0.001_b8,220601,San Martin,Juanjui,1,0.466442492043155,0.4737026864043561,0.007260194361201067,0.007260194361201067,5.2710422162415765e-05,2020
CNN_FINAL_w6_c32_k2_actrelu_d0.0_dense16_e50_lr0.001_b8,220601,San Martin,Juanjui,2,0.44572279039331475,0.45792976655586404,0.012206976162549288,0.012206976162549288,0.00014901026703304654,2021
CNN_FINAL_w6_c32_k2_actrelu_d0.0_dense16_e50_lr0.001_b8,220601,San Martin,Juanjui,3,0.4332446123121639,0.4332587017887875,1.4089476623624364e-05,1.4089476623624364e-05,1.985133515276574e-10,2022
CNN_FINAL_w6_c32_k2_actrelu_d0.0_dense16_e50_lr0.001_b8,220601,San Martin,Juanjui,4,0.43549573588266216,0.42157629835688587,-0.01391943752577629,0.01391943752577629,0.00019375074103398918,2023
CNN_FINAL_w6_c32_k2_actrelu_d0.0_dense16_e50_lr0.001_b8,220601,San Martin,Juanjui,5,0.41543590505896466,0.43367796625035837,0.01824206119139371,0.01824206119139371,0.0003327727965105525,2024
CNN_FINAL_w6_c32_k2_actrelu_d0.0_dense16_e50_lr0.001_b8,220605,San Martin,Pajarillo,1,0.33335677248035,0.3360776504326799,0.002720877952329892,0.002720877952329892,7.403176831474906e-06,2020
CNN_FINAL_w6_c32_k2_actrelu_d0.0_dense16_e50_lr0.001_b8,220605,San Martin,Pajarillo,2,0.3152320647039689,0.3246791187219147,0.009447054017945766,0.009447054017945766,8.924682961798525e-05,2021
CNN_FINAL_w6_c32_k2_actrelu_d0.0_dense16_e50_lr0.001_b8,220605,San Martin,Pajarillo,3,0.3056933691461747,0.303201860049296,-0.0024915090968786746,0.0024915090968786746,6.2076175798291885e-06,2022
CNN_FINAL_w6_c32_k2_actrelu_d0.0_dense16_e50_lr0.001_b8,220605,San Martin,Pajarillo,4,0.3104666289158943,0.29484266758246314,-0.015623961333431191,0.015623961333431191,0.00024410816774855296,2023
CNN_FINAL_w6_c32_k2_actrelu_d0.0_dense16_e50_lr0.001_b8,220605,San Martin,Pajarillo,5,0.2918167300619291,0.30455798321623095,0.012741253154301857,0.012741253154301857,0.00016233953194200702,2024
CNN_FINAL_w6_c32_k2_actrelu_d0.0_dense16_e50_lr0.001_b8,220701,San Martin,Picota,1,0.3992403135310887,0.39378815930243616,-0.005452154228652528,0.005452154228652528,2.9725985733013644e-05,2020
CNN_FINAL_w6_c32_k2_actrelu_d0.0_dense16_e50_lr0.001_b8,220701,San Martin,Picota,2,0.39866444324336525,0.3923997937595286,-0.0062646494838366484,0.0062646494838366484,3.9245833155334783e-05,2021
CNN_FINAL_w6_c32_k2_actrelu_d0.0_dense16_e50_lr0.001_b8,220701,San Martin,Picota,3,0.3950457507779449,0.39166822623706943,-0.003377524540875476,0.003377524540875476,1.1407672024216095e-05,2022
CNN_FINAL_w6_c32_k2_actrelu_d0.0_dense16_e50_lr0.001_b8,220701,San Martin,Picota,4,0.38655039579183836,0.38767600174472583,0.0011256059528874651,0.0011256059528874651,1.2669887611756985e-06,2023
CNN_FINAL_w6_c32_k2_actrelu_d0.0_dense16_e50_lr0.001_b8,220701,San Martin,Picota,5,0.3634251037209743,0.3788738457235329,0.01544874200255858,0.01544874200255858,0.00023866362946161766,2024
CNN_FINAL_w6_c32_k2_actrelu_d0.0_dense16_e50_lr0.001_b8,220702,San Martin,Buenos Aires,1,0.35205051087017775,0.3444223054368433,-0.007628205433334423,0.007628205433334423,5.818951813315281e-05,2020
CNN_FINAL_w6_c32_k2_actrelu_d0.0_dense16_e50_lr0.001_b8,220702,San Martin,Buenos Aires,2,0.33572515482092163,0.3498594426684676,0.014134287847545945,0.014134287847545945,0.000199778092957285,2021
CNN_FINAL_w6_c32_k2_actrelu_d0.0_dense16_e50_lr0.001_b8,220702,San Martin,Buenos Aires,3,0.3342472551654796,0.32643022676867045,-0.007817028396809145,0.007817028396809145,6.110593295652054e-05,2022
CNN_FINAL_w6_c32_k2_actrelu_d0.0_dense16_e50_lr0.001_b8,220702,San Martin,Buenos Aires,4,0.33374798418192586,0.3261033357678117,-0.0076446484141141635,0.0076446484141141635,5.8440649375418194e-05,2023
CNN_FINAL_w6_c32_k2_actrelu_d0.0_dense16_e50_lr0.001_b8,220702,San Martin,Buenos Aires,5,0.32168513333287285,0.3277793588294259,0.00609422549655303,0.00609422549655303,3.713958440283702e-05,2024
CNN_FINAL_w6_c32_k2_actrelu_d0.0_dense16_e50_lr0.001_b8,220704,San Martin,Pilluana,1,0.5112912063865597,0.49252660575329665,-0.018764600633263018,0.018764600633263018,0.00035211023692585485,2020
CNN_FINAL_w6_c32_k2_actrelu_d0.0_dense16_e50_lr0.001_b8,220704,San Martin,Pilluana,2,0.5091485396067841,0.5027475067654821,-0.006401032841302001,0.006401032841302001,4.0973221435426773e-05,2021
CNN_FINAL_w6_c32_k2_actrelu_d0.0_dense16_e50_lr0.001_b8,220704,San Martin,Pilluana,3,0.5087719568579855,0.4945946102953259,-0.014177346562659565,0.014177346562659565,0.00020099715555775498,2022
CNN_FINAL_w6_c32_k2_actrelu_d0.0_dense16_e50_lr0.001_b8,220704,San Martin,Pilluana,4,0.5014479165981793,0.49551376724221824,-0.005934149355961094,0.005934149355961094,3.521412857885346e-05,2023
CNN_FINAL_w6_c32_k2_actrelu_d0.0_dense16_e50_lr0.001_b8,220704,San Martin,Pilluana,5,0.49199423112482316,0.48482135933940934,-0.007172871785413815,0.007172871785413815,5.1450089649985566e-05,2024
CNN_FINAL_w6_c32_k2_actrelu_d0.0_dense16_e50_lr0.001_b8,220705,San Martin,Pucacaca,1,0.475860922276639,0.4690950742073191,-0.006765848069319902,0.006765848069319902,4.577670009711985e-05,2020
CNN_FINAL_w6_c32_k2_actrelu_d0.0_dense16_e50_lr0.001_b8,220705,San Martin,Pucacaca,2,0.48073422805681293,0.4643063620738506,-0.01642786598296231,0.01642786598296231,0.00026987478075417016,2021
CNN_FINAL_w6_c32_k2_actrelu_d0.0_dense16_e50_lr0.001_b8,220705,San Martin,Pucacaca,3,0.485493808477979,0.4698073467814957,-0.0156864616964833,0.0156864616964833,0.00024606508055523773,2022
CNN_FINAL_w6_c32_k2_actrelu_d0.0_dense16_e50_lr0.001_b8,220705,San Martin,Pucacaca,4,0.4750866288737692,0.47499458351551316,-9.2045358256021e-05,9.2045358256021e-05,8.472347976479255e-09,2023
CNN_FINAL_w6_c32_k2_actrelu_d0.0_dense16_e50_lr0.001_b8,220705,San Martin,Pucacaca,5,0.4454573996739834,0.4597803211951255,0.014322921521142118,0.014322921521142118,0.00020514608090079604,2024
CNN_FINAL_w6_c32_k2_actrelu_d0.0_dense16_e50_lr0.001_b8,220706,San Martin,San Cristobal,1,0.3861228278142636,0.3857481979060451,-0.0003746299082185156,0.0003746299082185156,1.4034756813181342e-07,2020
CNN_FINAL_w6_c32_k2_actrelu_d0.0_dense16_e50_lr0.001_b8,220706,San Martin,San Cristobal,2,0.3917894096172905,0.37885519436083714,-0.01293421525645333,0.01293421525645333,0.00016729392430027008,2021
CNN_FINAL_w6_c32_k2_actrelu_d0.0_dense16_e50_lr0.001_b8,220706,San Martin,San Cristobal,3,0.40982204679676504,0.3857711903166212,-0.024050856480143823,0.024050856480143823,0.0005784436974284761,2022
CNN_FINAL_w6_c32_k2_actrelu_d0.0_dense16_e50_lr0.001_b8,220706,San Martin,San Cristobal,4,0.42614289774691266,0.40362034250719503,-0.022522555239717634,0.022522555239717634,0.0005072654945261323,2023
CNN_FINAL_w6_c32_k2_actrelu_d0.0_dense16_e50_lr0.001_b8,220706,San Martin,San Cristobal,5,0.4205353870053057,0.42861730765809947,0.008081920652793784,0.008081920652793784,6.53174414380547e-05,2024
CNN_FINAL_w6_c32_k2_actrelu_d0.0_dense16_e50_lr0.001_b8,220707,San Martin,San Hilarion,1,0.31402356240362006,0.31221167968653785,-0.0018118827170822138,0.0018118827170822138,3.2829189804612257e-06,2020
CNN_FINAL_w6_c32_k2_actrelu_d0.0_dense16_e50_lr0.001_b8,220707,San Martin,San Hilarion,2,0.3142966950789824,0.30588167471731487,-0.008415020361667525,0.008415020361667525,7.081256768727903e-05,2021
CNN_FINAL_w6_c32_k2_actrelu_d0.0_dense16_e50_lr0.001_b8,220707,San Martin,San Hilarion,3,0.32081768091629514,0.30781470295664237,-0.013002977959652773,0.013002977959652773,0.0001690774358192158,2022
CNN_FINAL_w6_c32_k2_actrelu_d0.0_dense16_e50_lr0.001_b8,220707,San Martin,San Hilarion,4,0.31746331283722384,0.31447866574885514,-0.002984647088368708,0.002984647088368708,8.908118242107808e-06,2023
CNN_FINAL_w6_c32_k2_actrelu_d0.0_dense16_e50_lr0.001_b8,220707,San Martin,San Hilarion,5,0.3020740709531431,0.3110507017650198,0.008976630811876718,0.008976630811876718,8.057990073273447e-05,2024
CNN_FINAL_w6_c32_k2_actrelu_d0.0_dense16_e50_lr0.001_b8,220708,San Martin,Shamboyacu,1,0.5518028747530201,0.5646605175213698,0.012857642768349664,0.012857642768349664,0.0001653189775584944,2020
CNN_FINAL_w6_c32_k2_actrelu_d0.0_dense16_e50_lr0.001_b8,220708,San Martin,Shamboyacu,2,0.5357739332454752,0.5255531087379489,-0.01022082450752626,0.01022082450752626,0.00010446525361364942,2021
CNN_FINAL_w6_c32_k2_actrelu_d0.0_dense16_e50_lr0.001_b8,220708,San Martin,Shamboyacu,3,0.523747205609258,0.5098591480074454,-0.013888057601812664,0.013888057601812664,0.00019287814395126655,2022
CNN_FINAL_w6_c32_k2_actrelu_d0.0_dense16_e50_lr0.001_b8,220708,San Martin,Shamboyacu,4,0.5107277645567759,0.5019640375357516,-0.008763727021024348,0.008763727021024348,7.680291129903229e-05,2023
CNN_FINAL_w6_c32_k2_actrelu_d0.0_dense16_e50_lr0.001_b8,220708,San Martin,Shamboyacu,5,0.4962160610849661,0.4928017449013712,-0.00341431618359489,0.00341431618359489,1.1657555001557973e-05,2024
CNN_FINAL_w6_c32_k2_actrelu_d0.0_dense16_e50_lr0.001_b8,220710,San Martin,Tres Unidos,1,0.6648895775978455,0.6682428982729224,0.0033533206750768763,0.0033533206750768763,1.1244759549898037e-05,2020
CNN_FINAL_w6_c32_k2_actrelu_d0.0_dense16_e50_lr0.001_b8,220710,San Martin,Tres Unidos,2,0.6512029729322971,0.6543643662898918,0.0031613933575946884,0.0031613933575946884,9.994407961443818e-06,2021
CNN_FINAL_w6_c32_k2_actrelu_d0.0_dense16_e50_lr0.001_b8,220710,San Martin,Tres Unidos,3,0.6378470703038281,0.6383919349094519,0.0005448646056237516,0.0005448646056237516,2.9687743846152636e-07,2022
CNN_FINAL_w6_c32_k2_actrelu_d0.0_dense16_e50_lr0.001_b8,220710,San Martin,Tres Unidos,4,0.6259431850947464,0.6252439798318496,-0.000699205262896796,0.000699205262896796,4.888879996625775e-07,2023
CNN_FINAL_w6_c32_k2_actrelu_d0.0_dense16_e50_lr0.001_b8,220710,San Martin,Tres Unidos,5,0.601979673274209,0.6145276362239033,0.012547962949694291,0.012547962949694291,0.00015745137418690067,2024
CNN_FINAL_w6_c32_k2_actrelu_d0.0_dense16_e50_lr0.001_b8,220802,San Martin,Awajun,1,0.535580933285348,0.5307261645052348,-0.00485476878011315,0.00485476878011315,2.3568779908361324e-05,2020
CNN_FINAL_w6_c32_k2_actrelu_d0.0_dense16_e50_lr0.001_b8,220802,San Martin,Awajun,2,0.5382086041127926,0.5305261387357837,-0.007682465377008896,0.007682465377008896,5.902027426894043e-05,2021
CNN_FINAL_w6_c32_k2_actrelu_d0.0_dense16_e50_lr0.001_b8,220802,San Martin,Awajun,3,0.5366646643735703,0.5330264655861696,-0.0036381987874006816,0.0036381987874006816,1.323649041664379e-05,2022
CNN_FINAL_w6_c32_k2_actrelu_d0.0_dense16_e50_lr0.001_b8,220802,San Martin,Awajun,4,0.5258710979879169,0.5299449494024742,0.004073851414557295,0.004073851414557295,1.6596265347890472e-05,2023
CNN_FINAL_w6_c32_k2_actrelu_d0.0_dense16_e50_lr0.001_b8,220802,San Martin,Awajun,5,0.5191631320029675,0.518211393535737,-0.0009517384672305118,0.0009517384672305118,9.05806110006284e-07,2024
CNN_FINAL_w6_c32_k2_actrelu_d0.0_dense16_e50_lr0.001_b8,220803,San Martin,Elias Soplin Vargas,1,0.6579222083690344,0.6538297611956831,-0.004092447173351221,0.004092447173351221,1.6748123866670403e-05,2020
CNN_FINAL_w6_c32_k2_actrelu_d0.0_dense16_e50_lr0.001_b8,220803,San Martin,Elias Soplin Vargas,2,0.6578644497174388,0.6505812692553242,-0.0072831804621146246,0.0072831804621146246,5.30447176437282e-05,2021
CNN_FINAL_w6_c32_k2_actrelu_d0.0_dense16_e50_lr0.001_b8,220803,San Martin,Elias Soplin Vargas,3,0.6580377761495263,0.6522972451006288,-0.00574053104889749,0.00574053104889749,3.295369672335612e-05,2022
CNN_FINAL_w6_c32_k2_actrelu_d0.0_dense16_e50_lr0.001_b8,220803,San Martin,Elias Soplin Vargas,4,0.6494578716843527,0.6525876157742607,0.003129744089908071,0.003129744089908071,9.795298068314498e-06,2023
CNN_FINAL_w6_c32_k2_actrelu_d0.0_dense16_e50_lr0.001_b8,220803,San Martin,Elias Soplin Vargas,5,0.6291843073491689,0.6407398613238193,0.011555553974650468,0.011555553974650468,0.00013353082766106022,2024
CNN_FINAL_w6_c32_k2_actrelu_d0.0_dense16_e50_lr0.001_b8,220804,San Martin,Nueva Cajamarca,1,0.5888559220624053,0.583024430917222,-0.005831491145183332,0.005831491145183332,3.400628897635161e-05,2020
CNN_FINAL_w6_c32_k2_actrelu_d0.0_dense16_e50_lr0.001_b8,220804,San Martin,Nueva Cajamarca,2,0.5891461349944718,0.5819084598191506,-0.0072376751753211455,0.0072376751753211455,5.2383941943459975e-05,2021
CNN_FINAL_w6_c32_k2_actrelu_d0.0_dense16_e50_lr0.001_b8,220804,San Martin,Nueva Cajamarca,3,0.5879800336269088,0.5833169847341193,-0.0046630488927894564,0.0046630488927894564,2.1744024976544976e-05,2022
CNN_FINAL_w6_c32_k2_actrelu_d0.0_dense16_e50_lr0.001_b8,220804,San Martin,Nueva Cajamarca,4,0.5816676010680739,0.5812850462236084,-0.00038255484446547694,0.00038255484446547694,1.4634820902400526e-07,2023
CNN_FINAL_w6_c32_k2_actrelu_d0.0_dense16_e50_lr0.001_b8,220804,San Martin,Nueva Cajamarca,5,0.5762816667485862,0.5748599861870611,-0.0014216805615250294,0.0014216805615250294,2.021175619018123e-06,2024
CNN_FINAL_w6_c32_k2_actrelu_d0.0_dense16_e50_lr0.001_b8,220806,San Martin,Posic,1,0.3292907754126891,0.33733143087196804,0.008040655459278956,0.008040655459278956,6.465214021483248e-05,2020
CNN_FINAL_w6_c32_k2_actrelu_d0.0_dense16_e50_lr0.001_b8,220806,San Martin,Posic,2,0.3222881856471501,0.318577624494027,-0.0037105611531231264,0.0037105611531231264,1.3768264071066425e-05,2021
CNN_FINAL_w6_c32_k2_actrelu_d0.0_dense16_e50_lr0.001_b8,220806,San Martin,Posic,3,0.32582330032154644,0.3127492629415016,-0.013074037380044812,0.013074037380044812,0.000170930453414809,2022
CNN_FINAL_w6_c32_k2_actrelu_d0.0_dense16_e50_lr0.001_b8,220806,San Martin,Posic,4,0.3040713063192607,0.3182701167767275,0.014198810457466793,0.014198810457466793,0.00020160621840706834,2023
CNN_FINAL_w6_c32_k2_actrelu_d0.0_dense16_e50_lr0.001_b8,220806,San Martin,Posic,5,0.279460744907018,0.2946093362588885,0.015148591351870522,0.015148591351870522,0.00022947981994596636,2024
CNN_FINAL_w6_c32_k2_actrelu_d0.0_dense16_e50_lr0.001_b8,220807,San Martin,San Fernando,1,0.16582372117582095,0.17486731012738865,0.009043588951567705,0.009043588951567705,8.178650112491746e-05,2020
CNN_FINAL_w6_c32_k2_actrelu_d0.0_dense16_e50_lr0.001_b8,220807,San Martin,San Fernando,2,0.15910584862620902,0.1716437287350414,0.012537880108832389,0.012537880108832389,0.00015719843762345488,2021
CNN_FINAL_w6_c32_k2_actrelu_d0.0_dense16_e50_lr0.001_b8,220807,San Martin,San Fernando,3,0.14751040496449414,0.16130572511693247,0.01379532015243834,0.01379532015243834,0.00019031085810827138,2022
CNN_FINAL_w6_c32_k2_actrelu_d0.0_dense16_e50_lr0.001_b8,220807,San Martin,San Fernando,4,0.13240158972576088,0.15473219240934583,0.022330602683584944,0.022330602683584944,0.0004986558162121311,2023
CNN_FINAL_w6_c32_k2_actrelu_d0.0_dense16_e50_lr0.001_b8,220807,San Martin,San Fernando,5,0.12130806710589881,0.1314164242434014,0.010108357137502577,0.010108357137502577,0.0001021788840192993,2024
CNN_FINAL_w6_c32_k2_actrelu_d0.0_dense16_e50_lr0.001_b8,220808,San Martin,Yorongos,1,0.42663130349143996,0.4252055153395513,-0.0014257881518886517,0.0014257881518886517,2.032871854066057e-06,2020
CNN_FINAL_w6_c32_k2_actrelu_d0.0_dense16_e50_lr0.001_b8,220808,San Martin,Yorongos,2,0.4260114990229148,0.4264965480269299,0.0004850490040150812,0.0004850490040150812,2.3527253629602227e-07,2021
CNN_FINAL_w6_c32_k2_actrelu_d0.0_dense16_e50_lr0.001_b8,220808,San Martin,Yorongos,3,0.4283384394994183,0.42325971003342444,-0.005078729465993859,0.005078729465993859,2.5793492988754266e-05,2022
CNN_FINAL_w6_c32_k2_actrelu_d0.0_dense16_e50_lr0.001_b8,220808,San Martin,Yorongos,4,0.41216956939272503,0.4255581119059115,0.013388542513186441,0.013388542513186441,0.0001792530706274007,2023
CNN_FINAL_w6_c32_k2_actrelu_d0.0_dense16_e50_lr0.001_b8,220808,San Martin,Yorongos,5,0.4044929183698177,0.3998311124805638,-0.004661805889253912,0.004661805889253912,2.1732434149082452e-05,2024
CNN_FINAL_w6_c32_k2_actrelu_d0.0_dense16_e50_lr0.001_b8,220809,San Martin,Yuracyacu,1,0.1502809021036437,0.1558394877213189,0.0055585856176751935,0.0055585856176751935,3.089787406902551e-05,2020
CNN_FINAL_w6_c32_k2_actrelu_d0.0_dense16_e50_lr0.001_b8,220809,San Martin,Yuracyacu,2,0.14312942953899527,0.15434732822836256,0.01121789868936729,0.01121789868936729,0.00012584125100490834,2021
CNN_FINAL_w6_c32_k2_actrelu_d0.0_dense16_e50_lr0.001_b8,220809,San Martin,Yuracyacu,3,0.13867230910503509,0.14406565727809767,0.005393348173062584,0.005393348173062584,2.9088204515877517e-05,2022
CNN_FINAL_w6_c32_k2_actrelu_d0.0_dense16_e50_lr0.001_b8,220809,San Martin,Yuracyacu,4,0.1295574714431968,0.14070225376215895,0.011144782318962154,0.011144782318962154,0.00012420617293705145,2023
CNN_FINAL_w6_c32_k2_actrelu_d0.0_dense16_e50_lr0.001_b8,220809,San Martin,Yuracyacu,5,0.12474203788854549,0.12437135782912512,-0.00037068005942036963,0.00037068005942036963,1.3740370645188876e-07,2024
CNN_FINAL_w6_c32_k2_actrelu_d0.0_dense16_e50_lr0.001_b8,220902,San Martin,Alberto Leveau,1,0.6091402191337006,0.610248448275741,0.00110822914204034,0.00110822914204034,1.2281718312674682e-06,2020
CNN_FINAL_w6_c32_k2_actrelu_d0.0_dense16_e50_lr0.001_b8,220902,San Martin,Alberto Leveau,2,0.5906471027764413,0.6033259028901606,0.012678800113719357,0.012678800113719357,0.00016075197232365,2021
CNN_FINAL_w6_c32_k2_actrelu_d0.0_dense16_e50_lr0.001_b8,220902,San Martin,Alberto Leveau,3,0.6041995261567777,0.5771946118326321,-0.027004914324145646,0.027004914324145646,0.0007292653976544467,2022
CNN_FINAL_w6_c32_k2_actrelu_d0.0_dense16_e50_lr0.001_b8,220902,San Martin,Alberto Leveau,4,0.5961538545157183,0.5964067773417185,0.00025292282600020144,0.00025292282600020144,6.396995591192817e-08,2023
CNN_FINAL_w6_c32_k2_actrelu_d0.0_dense16_e50_lr0.001_b8,220902,San Martin,Alberto Leveau,5,0.5823955531538536,0.5895363056017158,0.007140752447862164,0.007140752447862164,5.099034552164949e-05,2024
CNN_FINAL_w6_c32_k2_actrelu_d0.0_dense16_e50_lr0.001_b8,220906,San Martin,El Porvenir,1,0.6703442304528944,0.6695936456073077,-0.0007505848455866548,0.0007505848455866548,5.633776104243425e-07,2020
CNN_FINAL_w6_c32_k2_actrelu_d0.0_dense16_e50_lr0.001_b8,220906,San Martin,El Porvenir,2,0.6629443212323664,0.6551632452931485,-0.007781075939217841,0.007781075939217841,6.0545142771874805e-05,2021
CNN_FINAL_w6_c32_k2_actrelu_d0.0_dense16_e50_lr0.001_b8,220906,San Martin,El Porvenir,3,0.6372517283972688,0.6465546444823931,0.009302916085124235,0.009302916085124235,8.654424768686322e-05,2022
CNN_FINAL_w6_c32_k2_actrelu_d0.0_dense16_e50_lr0.001_b8,220906,San Martin,El Porvenir,4,0.6128608000310595,0.6170533815501416,0.004192581519082084,0.004192581519082084,1.757773979414863e-05,2023
CNN_FINAL_w6_c32_k2_actrelu_d0.0_dense16_e50_lr0.001_b8,220906,San Martin,El Porvenir,5,0.5942177156127206,0.5923050549643205,-0.0019126606484001218,0.0019126606484001218,3.6582707559383745e-06,2024
CNN_FINAL_w6_c32_k2_actrelu_d0.0_dense16_e50_lr0.001_b8,220908,San Martin,Juan Guerra,1,0.28659177416478754,0.2721739426985613,-0.014417831466226216,0.014417831466226216,0.00020787386418850282,2020
CNN_FINAL_w6_c32_k2_actrelu_d0.0_dense16_e50_lr0.001_b8,220908,San Martin,Juan Guerra,2,0.28707241902429603,0.2855225639763704,-0.0015498550479256523,0.0015498550479256523,2.402050669580626e-06,2021
CNN_FINAL_w6_c32_k2_actrelu_d0.0_dense16_e50_lr0.001_b8,220908,San Martin,Juan Guerra,3,0.29683364376326477,0.2834870668161436,-0.013346576947121158,0.013346576947121158,0.00017813111620542594,2022
CNN_FINAL_w6_c32_k2_actrelu_d0.0_dense16_e50_lr0.001_b8,220908,San Martin,Juan Guerra,4,0.29771174689033986,0.29529759425714497,-0.002414152633194888,0.002414152633194888,5.828132936361812e-06,2023
CNN_FINAL_w6_c32_k2_actrelu_d0.0_dense16_e50_lr0.001_b8,220908,San Martin,Juan Guerra,5,0.2936260889139646,0.2942067293066264,0.0005806403926618131,0.0005806403926618131,3.371432655904645e-07,2024
CNN_FINAL_w6_c32_k2_actrelu_d0.0_dense16_e50_lr0.001_b8,220909,San Martin,La Banda De Shilcayo,1,0.7179674438389634,0.7205125976874114,0.0025451538484480007,0.0025451538484480007,6.477808112269669e-06,2020
CNN_FINAL_w6_c32_k2_actrelu_d0.0_dense16_e50_lr0.001_b8,220909,San Martin,La Banda De Shilcayo,2,0.7108772380983255,0.7187843053806784,0.007907067282352909,0.007907067282352909,6.252171300765581e-05,2021
CNN_FINAL_w6_c32_k2_actrelu_d0.0_dense16_e50_lr0.001_b8,220909,San Martin,La Banda De Shilcayo,3,0.7059627176019376,0.7107336301771637,0.004770912575226105,0.004770912575226105,2.2761606800450586e-05,2022
CNN_FINAL_w6_c32_k2_actrelu_d0.0_dense16_e50_lr0.001_b8,220909,San Martin,La Banda De Shilcayo,4,0.701091531868403,0.7063802658352767,0.005288733966873682,0.005288733966873682,2.7970706972363435e-05,2023
CNN_FINAL_w6_c32_k2_actrelu_d0.0_dense16_e50_lr0.001_b8,220909,San Martin,La Banda De Shilcayo,5,0.6972964969521642,0.7020321511326868,0.004735654180522575,0.004735654180522575,2.242642051750094e-05,2024
CNN_FINAL_w6_c32_k2_actrelu_d0.0_dense16_e50_lr0.001_b8,220910,San Martin,Morales,1,0.11005750960282618,0.10551485538243066,-0.0045426542203955145,0.0045426542203955145,2.063570736607718e-05,2020
CNN_FINAL_w6_c32_k2_actrelu_d0.0_dense16_e50_lr0.001_b8,220910,San Martin,Morales,2,0.10690247638514944,0.10686237216955613,-4.0104215593306236e-05,4.0104215593306236e-05,1.608348108354387e-09,2021
CNN_FINAL_w6_c32_k2_actrelu_d0.0_dense16_e50_lr0.001_b8,220910,San Martin,Morales,3,0.10486925070346476,0.10270248732215503,-0.002166763381309722,0.002166763381309722,4.69486355058474e-06,2022
CNN_FINAL_w6_c32_k2_actrelu_d0.0_dense16_e50_lr0.001_b8,220910,San Martin,Morales,4,0.1050269922688884,0.10144509775585003,-0.003581894513038364,0.003581894513038364,1.2829968302534338e-05,2023
CNN_FINAL_w6_c32_k2_actrelu_d0.0_dense16_e50_lr0.001_b8,220910,San Martin,Morales,5,0.0945277893902417,0.10136140639089886,0.006833617000657155,0.006833617000657155,4.669832131167049e-05,2024
CNN_FINAL_w6_c32_k2_actrelu_d0.0_dense16_e50_lr0.001_b8,220912,San Martin,San Antonio,1,0.7783376521723155,0.7880851975627308,0.009747545390415224,0.009747545390415224,9.501464113820509e-05,2020
CNN_FINAL_w6_c32_k2_actrelu_d0.0_dense16_e50_lr0.001_b8,220912,San Martin,San Antonio,2,0.7660016307899244,0.7738522644498315,0.007850633659907014,0.007850633659907014,6.1632448862065e-05,2021
CNN_FINAL_w6_c32_k2_actrelu_d0.0_dense16_e50_lr0.001_b8,220912,San Martin,San Antonio,3,0.7495460559235798,0.7592885535839015,0.009742497660321647,0.009742497660321647,9.491626066137277e-05,2022
CNN_FINAL_w6_c32_k2_actrelu_d0.0_dense16_e50_lr0.001_b8,220912,San Martin,San Antonio,4,0.7346792793428326,0.742927623656811,0.008248344313978362,0.008248344313978362,6.803518392193917e-05,2023
CNN_FINAL_w6_c32_k2_actrelu_d0.0_dense16_e50_lr0.001_b8,220912,San Martin,San Antonio,5,0.7255776541145142,0.7299998568755522,0.004422202761037997,0.004422202761037997,1.955587725973208e-05,2024
CNN_FINAL_w6_c32_k2_actrelu_d0.0_dense16_e50_lr0.001_b8,220913,San Martin,Sauce,1,0.645235420222442,0.6456555427981288,0.0004201225756867988,0.0004201225756867988,1.7650297860170997e-07,2020
CNN_FINAL_w6_c32_k2_actrelu_d0.0_dense16_e50_lr0.001_b8,220913,San Martin,Sauce,2,0.6320173711028281,0.6402263557414019,0.00820898463857378,0.00820898463857378,6.738742879634028e-05,2021
CNN_FINAL_w6_c32_k2_actrelu_d0.0_dense16_e50_lr0.001_b8,220913,San Martin,Sauce,3,0.6290673577525637,0.6229919981472354,-0.006075359605328345,0.006075359605328345,3.690999433405539e-05,2022
CNN_FINAL_w6_c32_k2_actrelu_d0.0_dense16_e50_lr0.001_b8,220913,San Martin,Sauce,4,0.6163952963585193,0.6205131083755906,0.004117812017071287,0.004117812017071287,1.6956375807936702e-05,2023
CNN_FINAL_w6_c32_k2_actrelu_d0.0_dense16_e50_lr0.001_b8,220913,San Martin,Sauce,5,0.5985980600719577,0.6064847345247327,0.007886674452775022,0.007886674452775022,6.219963392405419e-05,2024
CNN_FINAL_w6_c32_k2_actrelu_d0.0_dense16_e50_lr0.001_b8,220914,San Martin,Shapaja,1,0.6892116612352415,0.6919900959299631,0.00277843469472161,0.00277843469472161,7.719699352832766e-06,2020
CNN_FINAL_w6_c32_k2_actrelu_d0.0_dense16_e50_lr0.001_b8,220914,San Martin,Shapaja,2,0.6752288936257789,0.6859956388187093,0.010766745192930416,0.010766745192930416,0.00011592280204949022,2021
CNN_FINAL_w6_c32_k2_actrelu_d0.0_dense16_e50_lr0.001_b8,220914,San Martin,Shapaja,3,0.6723076081694095,0.6689237865852423,-0.003383821584167168,0.003383821584167168,1.1450248513475603e-05,2022
CNN_FINAL_w6_c32_k2_actrelu_d0.0_dense16_e50_lr0.001_b8,220914,San Martin,Shapaja,4,0.6692144222647041,0.6671432755106915,-0.0020711467540125428,0.0020711467540125428,4.289648876656692e-06,2023
CNN_FINAL_w6_c32_k2_actrelu_d0.0_dense16_e50_lr0.001_b8,220914,San Martin,Shapaja,5,0.6604915282253052,0.6652566611495743,0.0047651329242690554,0.0047651329242690554,2.270649178595296e-05,2024
CNN_FINAL_w6_c32_k2_actrelu_d0.0_dense16_e50_lr0.001_b8,221001,San Martin,Tocache,1,0.6162955721408585,0.6067141412381597,-0.009581430902698806,0.009581430902698806,9.180381814319166e-05,2020
CNN_FINAL_w6_c32_k2_actrelu_d0.0_dense16_e50_lr0.001_b8,221001,San Martin,Tocache,2,0.6148580921841407,0.611968651594999,-0.0028894405891416453,0.0028894405891416453,8.348866918179218e-06,2021
CNN_FINAL_w6_c32_k2_actrelu_d0.0_dense16_e50_lr0.001_b8,221001,San Martin,Tocache,3,0.6148572529990126,0.6089686846457963,-0.0058885683532162725,0.0058885683532162725,3.46752372505002e-05,2022
CNN_FINAL_w6_c32_k2_actrelu_d0.0_dense16_e50_lr0.001_b8,221001,San Martin,Tocache,4,0.6140387067773788,0.6094839695530718,-0.004554737224306993,0.004554737224306993,2.0745631182487768e-05,2023
CNN_FINAL_w6_c32_k2_actrelu_d0.0_dense16_e50_lr0.001_b8,221001,San Martin,Tocache,5,0.6039234973462742,0.6079362850290864,0.004012787682812213,0.004012787682812213,1.610246498732941e-05,2024
CNN_FINAL_w6_c32_k2_actrelu_d0.0_dense16_e50_lr0.001_b8,221002,San Martin,Nuevo Progreso,1,0.6973143785360206,0.6969585766610511,-0.0003558018749695302,0.0003558018749695302,1.265949742318332e-07,2020
CNN_FINAL_w6_c32_k2_actrelu_d0.0_dense16_e50_lr0.001_b8,221002,San Martin,Nuevo Progreso,2,0.6897875693809405,0.6897878470060956,2.7762515508733543e-07,2.7762515508733543e-07,7.707572673726705e-14,2021
CNN_FINAL_w6_c32_k2_actrelu_d0.0_dense16_e50_lr0.001_b8,221002,San Martin,Nuevo Progreso,3,0.6870881316621831,0.6786471281098588,-0.008441003552324244,0.008441003552324244,7.125054097035052e-05,2022
CNN_FINAL_w6_c32_k2_actrelu_d0.0_dense16_e50_lr0.001_b8,221002,San Martin,Nuevo Progreso,4,0.6772488311579923,0.6776585554096862,0.00040972425169394366,0.00040972425169394366,1.678739624261621e-07,2023
CNN_FINAL_w6_c32_k2_actrelu_d0.0_dense16_e50_lr0.001_b8,221002,San Martin,Nuevo Progreso,5,0.6710181276590347,0.6654434019243853,-0.005574725734649344,0.005574725734649344,3.107756701656167e-05,2024
CNN_FINAL_w6_c32_k2_actrelu_d0.0_dense16_e50_lr0.001_b8,221005,San Martin,Uchiza,1,0.5566792486066416,0.5581050746165059,0.001425826009864295,0.001425826009864295,2.0329798104055366e-06,2020
CNN_FINAL_w6_c32_k2_actrelu_d0.0_dense16_e50_lr0.001_b8,221005,San Martin,Uchiza,2,0.5523026599740771,0.553570648196163,0.0012679882220858474,0.0012679882220858474,1.6077941313484281e-06,2021
CNN_FINAL_w6_c32_k2_actrelu_d0.0_dense16_e50_lr0.001_b8,221005,San Martin,Uchiza,3,0.548494816442726,0.5481215604635422,-0.0003732559791838064,0.0003732559791838064,1.393200259964621e-07,2022
CNN_FINAL_w6_c32_k2_actrelu_d0.0_dense16_e50_lr0.001_b8,221005,San Martin,Uchiza,4,0.5418771507999651,0.5464355492060056,0.0045583984060404426,0.0045583984060404426,2.0778996028192046e-05,2023
CNN_FINAL_w6_c32_k2_actrelu_d0.0_dense16_e50_lr0.001_b8,221005,San Martin,Uchiza,5,0.5332618357194774,0.5387754168798293,0.005513581160351944,0.005513581160351944,3.0399577211787883e-05,2024
CNN_FINAL_w6_c32_k2_actrelu_d0.0_dense16_e50_lr0.001_b8,221006,San Martin,Santa Lucia,1,0.18282487994932767,0.18445259623394644,0.0016277162846187743,0.0016277162846187743,2.6494603032131464e-06,2020
CNN_FINAL_w6_c32_k2_actrelu_d0.0_dense16_e50_lr0.001_b8,221006,San Martin,Santa Lucia,2,0.1769483630517098,0.18092635294518955,0.00397798989347975,0.00397798989347975,1.582440359262703e-05,2021
CNN_FINAL_w6_c32_k2_actrelu_d0.0_dense16_e50_lr0.001_b8,221006,San Martin,Santa Lucia,3,0.177307811911672,0.17450796222202836,-0.002799849689643641,0.002799849689643641,7.839158284597593e-06,2022
CNN_FINAL_w6_c32_k2_actrelu_d0.0_dense16_e50_lr0.001_b8,221006,San Martin,Santa Lucia,4,0.17461358597423604,0.1759085054137866,0.001294919439550568,0.001294919439550568,1.6768163549259574e-06,2023
CNN_FINAL_w6_c32_k2_actrelu_d0.0_dense16_e50_lr0.001_b8,221006,San Martin,Santa Lucia,5,0.1692812143807036,0.17289945255041556,0.0036182381697119625,0.0036182381697119625,1.3091647452760573e-05,2024
CNN_FINAL_w6_c32_k2_actrelu_d0.0_dense16_e50_lr0.001_b8,250102,Ucayali,Campoverde,1,0.24821923285737452,0.2567745548769925,0.008555322019618006,0.008555322019618006,7.319353485936072e-05,2020
CNN_FINAL_w6_c32_k2_actrelu_d0.0_dense16_e50_lr0.001_b8,250102,Ucayali,Campoverde,2,0.23372959743056743,0.23586927973992522,0.0021396823093577932,0.0021396823093577932,4.5782403849786996e-06,2021
CNN_FINAL_w6_c32_k2_actrelu_d0.0_dense16_e50_lr0.001_b8,250102,Ucayali,Campoverde,3,0.21248107664713828,0.22303820222860854,0.010557125581470261,0.010557125581470261,0.0001114529005429338,2022
CNN_FINAL_w6_c32_k2_actrelu_d0.0_dense16_e50_lr0.001_b8,250102,Ucayali,Campoverde,4,0.18274664013287756,0.20375049743867202,0.02100385730579446,0.02100385730579446,0.0004411620217221753,2023
CNN_FINAL_w6_c32_k2_actrelu_d0.0_dense16_e50_lr0.001_b8,250102,Ucayali,Campoverde,5,0.15876643925471828,0.17679821832007697,0.01803177906535869,0.01803177906535869,0.00032514505626190783,2024
CNN_FINAL_w6_c32_k2_actrelu_d0.0_dense16_e50_lr0.001_b8,250105,Ucayali,Yarinacocha,1,0.2701689843054006,0.26817709953318214,-0.001991884772218455,0.001991884772218455,3.967604945795767e-06,2020
CNN_FINAL_w6_c32_k2_actrelu_d0.0_dense16_e50_lr0.001_b8,250105,Ucayali,Yarinacocha,2,0.26252550948853315,0.26000235112396786,-0.002523158364565292,0.002523158364565292,6.3663281326758e-06,2021
CNN_FINAL_w6_c32_k2_actrelu_d0.0_dense16_e50_lr0.001_b8,250105,Ucayali,Yarinacocha,3,0.24914168029332157,0.25243734327140477,0.0032956629780832025,0.0032956629780832025,1.0861394465108244e-05,2022
CNN_FINAL_w6_c32_k2_actrelu_d0.0_dense16_e50_lr0.001_b8,250105,Ucayali,Yarinacocha,4,0.22689333037161113,0.23899125032548912,0.012097919953877989,0.012097919953877989,0.0001463596672104392,2023
CNN_FINAL_w6_c32_k2_actrelu_d0.0_dense16_e50_lr0.001_b8,250105,Ucayali,Yarinacocha,5,0.1846394632020099,0.2187834200554486,0.034143956853438684,0.034143956853438684,0.0011658097896094825,2024
CNN_FINAL_w6_c32_k2_actrelu_d0.0_dense16_e50_lr0.001_b8,250106,Ucayali,Nueva Requena,1,0.7304465178922058,0.7369724126470345,0.006525894754828676,0.006525894754828676,4.2587302351100425e-05,2020
CNN_FINAL_w6_c32_k2_actrelu_d0.0_dense16_e50_lr0.001_b8,250106,Ucayali,Nueva Requena,2,0.6957867713584823,0.7066150610005785,0.010828289642096145,0.010828289642096145,0.00011725185657312666,2021
CNN_FINAL_w6_c32_k2_actrelu_d0.0_dense16_e50_lr0.001_b8,250106,Ucayali,Nueva Requena,3,0.6512524533065392,0.665391915077431,0.01413946177089176,0.01413946177089176,0.00019992437917050953,2022
CNN_FINAL_w6_c32_k2_actrelu_d0.0_dense16_e50_lr0.001_b8,250106,Ucayali,Nueva Requena,4,0.6156661517465051,0.6162148273883494,0.0005486756418443539,0.0005486756418443539,3.010449599533137e-07,2023
CNN_FINAL_w6_c32_k2_actrelu_d0.0_dense16_e50_lr0.001_b8,250106,Ucayali,Nueva Requena,5,0.5708956693324723,0.5858352341811686,0.014939564848696296,0.014939564848696296,0.00022319059786840198,2024
CNN_FINAL_w6_c32_k2_actrelu_d0.0_dense16_e50_lr0.001_b8,250302,Ucayali,Irazola,1,0.7117496751483706,0.708268015935665,-0.003481659212705601,0.003481659212705601,1.2121950873417786e-05,2020
CNN_FINAL_w6_c32_k2_actrelu_d0.0_dense16_e50_lr0.001_b8,250302,Ucayali,Irazola,2,0.6837468750620297,0.6938669429333494,0.010120067871319693,0.010120067871319693,0.00010241577372011711,2021
CNN_FINAL_w6_c32_k2_actrelu_d0.0_dense16_e50_lr0.001_b8,250302,Ucayali,Irazola,3,0.6615776356902106,0.6624030531344343,0.0008254174442237083,0.0008254174442237083,6.813139572287987e-07,2022
CNN_FINAL_w6_c32_k2_actrelu_d0.0_dense16_e50_lr0.001_b8,250302,Ucayali,Irazola,4,0.6501888082405503,0.6377997604535263,-0.012389047787023988,0.012389047787023988,0.00015348850506916397,2023
CNN_FINAL_w6_c32_k2_actrelu_d0.0_dense16_e50_lr0.001_b8,250302,Ucayali,Irazola,5,0.625083026648154,0.6292930417650466,0.004210015116892674,0.004210015116892674,1.7724227284464834e-05,2024
CNN_FINAL_w6_c32_k2_actrelu_d0.0_dense16_e50_lr0.001_b8,250304,Ucayali,Neshuya,1,0.33361011805374563,0.3298655351997919,-0.0037445828539537374,0.0037445828539537374,1.4021900750124316e-05,2020
CNN_FINAL_w6_c32_k2_actrelu_d0.0_dense16_e50_lr0.001_b8,250304,Ucayali,Neshuya,2,0.3085043743193251,0.31663823611478153,0.008133861795456443,0.008133861795456443,6.615970770758591e-05,2021
CNN_FINAL_w6_c32_k2_actrelu_d0.0_dense16_e50_lr0.001_b8,250304,Ucayali,Neshuya,3,0.2822012332907614,0.29248792673246937,0.010286693441707961,0.010286693441707961,0.00010581606196367759,2022
CNN_FINAL_w6_c32_k2_actrelu_d0.0_dense16_e50_lr0.001_b8,250304,Ucayali,Neshuya,4,0.26181567244412673,0.26979860710978587,0.007982934665659136,0.007982934665659136,6.372724587618234e-05,2023
CNN_FINAL_w6_c32_k2_actrelu_d0.0_dense16_e50_lr0.001_b8,250304,Ucayali,Neshuya,5,0.23561881137268292,0.25286024209864294,0.017241430725960016,0.017241430725960016,0.0002972669334780781,2024
CNN_FINAL_w6_c32_k2_actrelu_d0.0_dense16_e50_lr0.001_b8,250305,Ucayali,Alexander Von Humboldt,1,0.2588474557172125,0.26244489723893905,0.00359744152172653,0.00359744152172653,1.2941585502242091e-05,2020
CNN_FINAL_w6_c32_k2_actrelu_d0.0_dense16_e50_lr0.001_b8,250305,Ucayali,Alexander Von Humboldt,2,0.23740522829144312,0.2468194468251303,0.00941421853368718,0.00941421853368718,8.862751060001919e-05,2021
CNN_FINAL_w6_c32_k2_actrelu_d0.0_dense16_e50_lr0.001_b8,250305,Ucayali,Alexander Von Humboldt,3,0.21002674408239863,0.22700463282017408,0.01697788873777545,0.01697788873777545,0.0002882487059922824,2022
CNN_FINAL_w6_c32_k2_actrelu_d0.0_dense16_e50_lr0.001_b8,250305,Ucayali,Alexander Von Humboldt,4,0.1937933450561219,0.20273295076776232,0.00893960571164043,0.00893960571164043,7.99165502795942e-05,2023
CNN_FINAL_w6_c32_k2_actrelu_d0.0_dense16_e50_lr0.001_b8,250305,Ucayali,Alexander Von Humboldt,5,0.17695298172474538,0.18799473987249804,0.011041758147752656,0.011041758147752656,0.00012192042299346217,2024
CNN_FINAL_w6_c32_k2_actrelu_d0.0_dense16_e50_lr0.001_b8,250306,Ucayali,Huipoca,1,0.703303636485278,0.7080209295475854,0.004717293062307393,0.004717293062307393,2.225285383569346e-05,2020
CNN_FINAL_w6_c32_k2_actrelu_d0.0_dense16_e50_lr0.001_b8,250306,Ucayali,Huipoca,2,0.6751924742531539,0.6785009710849998,0.003308496831845975,0.003308496831845975,1.0946151286334854e-05,2021
CNN_FINAL_w6_c32_k2_actrelu_d0.0_dense16_e50_lr0.001_b8,250306,Ucayali,Huipoca,3,0.646335535138357,0.6444377021971067,-0.0018978329412502326,0.0018978329412502326,3.6017698728945087e-06,2022
CNN_FINAL_w6_c32_k2_actrelu_d0.0_dense16_e50_lr0.001_b8,250306,Ucayali,Huipoca,4,0.6339151788054278,0.6148763712767419,-0.01903880752868592,0.01903880752868592,0.00036247619211434763,2023
CNN_FINAL_w6_c32_k2_actrelu_d0.0_dense16_e50_lr0.001_b8,250306,Ucayali,Huipoca,5,0.6053742780717886,0.608337945531956,0.0029636674601674073,0.0029636674601674073,8.783324814455132e-06,2024
