geocode,departamento,distrito,anio,pct_urbano
250305,Ucayali,Alexander Von Humboldt,1985,0.003491
220509,San Martin,Shanao,1985,0.003394
250304,Ucayali,Neshuya,1985,0.001042
220501,San Martin,Lamas,1985,0.018241
220902,San Martin,Alberto Leveau,1985,0.002041
250102,Ucayali,Campoverde,1985,0.002267
220702,San Martin,Buenos Aires,1985,0.002185
220502,San Martin,Alonso De Alvarado,1985,0.001791
220404,San Martin,Piscoyacu,1985,0.001798
220708,San Martin,Shamboyacu,1985,0.000371
220204,San Martin,Huallaga,1985,0.000914
220605,San Martin,Pajarillo,1985,0.000664
010703,Amazonas,Cumba,1985,0.001286
220704,San Martin,Pilluana,1985,0.00822
220104,San Martin,Jepelacio,1985,0.003774
220505,San Martin,Cuñumbuqui,1985,0.003391
220507,San Martin,Rumisapa,1985,0.007483
220913,San Martin,Sauce,1985,0.003839
010608,Amazonas,Milpuc,1985,0.000207
220405,San Martin,Sacanche,1985,0.001339
220709,San Martin,Tingo De Ponasa,1985,0.001956
220304,San Martin,Santa Rosa,1985,0.00083
100903,Huanuco,Honoria,1985,0.000245
220203,San Martin,Bajo Biavo,1985,0.00101
220710,San Martin,Tres Unidos,1985,0.000616
220510,San Martin,Tabalosos,1985,0.002948
100904,Huanuco,Tournavista,1985,0.000225
010701,Amazonas,Bagua Grande,1985,0.009026
220701,San Martin,Picota,1985,0.009782
220403,San Martin,El Eslabon,1985,0.001574
250105,Ucayali,Yarinacocha,1985,0.011309
220914,San Martin,Shapaja,1985,0.001289
010707,Amazonas,Yamon,1985,0.000651
010705,Amazonas,Jamalca,1985,0.000523
220205,San Martin,San Pablo,1985,0.002355
220705,San Martin,Pucacaca,1985,0.006999
220601,San Martin,Juanjui,1985,0.006391
100905,Huanuco,Yuyapichis,1985,7e-05
100608,Huanuco,Castillo Grande,1985,0.008782
220302,San Martin,Agua Blanca,1985,0.001693
250306,Ucayali,Huipoca,1985,0.000271
010611,Amazonas,Totora,1985,0.00224
010706,Amazonas,Lonya Grande,1985,0.00041
220706,San Martin,San Cristobal,1985,0.006877
010303,Amazonas,Churuja,1985,0.000867
220301,San Martin,San Jose De Sisa,1985,0.001955
010204,Amazonas,El Parco,1985,0.005582
010306,Amazonas,Florida,1985,0.00095
220303,San Martin,San Martin,1985,0.000179
220106,San Martin,Yantalo,1985,0.00474
220305,San Martin,Shatoja,1985,0.001533
010104,Amazonas,Cheto,1985,7.6e-05
160201,Loreto,Yurimaguas,1985,0.002338
060901,Cajamarca,San Ignacio,1985,0.003203
220511,San Martin,Zapatero,1985,0.001961
060811,Cajamarca,San Jose Del Alto,1985,0.000364
010206,Amazonas,La Peca,1985,0.001869
220401,San Martin,Saposoa,1985,0.001423
060902,Cajamarca,Chirinos,1985,0.002077
220908,San Martin,Juan Guerra,1985,0.004659
060904,Cajamarca,La Coipa,1985,0.00141
220808,San Martin,Yorongos,1985,0.004349
120607,Junin,Rio Negro,1985,0.001369
060812,Cajamarca,Santa Rosa,1985,0.000381
250106,Ucayali,Nueva Requena,1985,0.000234
220802,San Martin,Awajun,1985,0.000248
250302,Ucayali,Irazola,1985,0.000205
010109,Amazonas,La Jalca,1985,0.001333
220906,San Martin,El Porvenir,1985,0.000525
220707,San Martin,San Hilarion,1985,0.007554
220806,San Martin,Posic,1985,0.005362
220406,San Martin,Tingo De Saposoa,1985,0.004197
100901,Huanuco,Puerto Inca,1985,0.000111
010105,Amazonas,Chiliquin,1985,0.0
220105,San Martin,Soritor,1985,0.003805
220201,San Martin,Bellavista,1985,0.014836
060803,Cajamarca,Chontali,1985,0.000258
100605,Huanuco,Luyando,1985,0.005623
010307,Amazonas,Jazan,1985,0.004614
010502,Amazonas,Camporredondo,1985,0.000614
010515,Amazonas,Providencia,1985,0.000366
010102,Amazonas,Asuncion,1985,0.0
010510,Amazonas,Luya Viejo,1985,0.000105
100601,Huanuco,Rupa-Rupa,1985,0.00971
010514,Amazonas,Pisuquia,1985,6e-06
060810,Cajamarca,San Felipe,1985,0.001865
010305,Amazonas,Cuispes,1985,9.2e-05
060905,Cajamarca,Namballe,1985,6.3e-05
010119,Amazonas,San Isidro De Maino,1985,0.00014
060801,Cajamarca,Jaen,1985,0.013169
010513,Amazonas,Ocumal,1985,1.7e-05
220912,San Martin,San Antonio,1985,0.002156
220903,San Martin,Cacatachi,1985,0.008773
120602,Junin,Coviriali,1985,0.001644
120304,Junin,San Luis De Shuaro,1985,0.000913
120601,Junin,Satipo,1985,0.003613
010203,Amazonas,Copallin,1985,0.001961
010112,Amazonas,Magdalena,1985,0.001024
220102,San Martin,Calzada,1985,0.012447
060805,Cajamarca,Huabal,1985,0.001983
010610,Amazonas,Santa Rosa,1985,0.002637
220503,San Martin,Barranquita,1985,0.000254
220801,San Martin,Rioja,1985,0.022277
220703,San Martin,Caspisapa,1985,0.007041
080904,Cusco,Maranura,1985,0.002532
010117,Amazonas,Quinjalca,1985,0.0
250303,Ucayali,Curimana,1985,6.5e-05
010308,Amazonas,Recta,1985,0.0
010115,Amazonas,Montevideo,1985,0.000166
010114,Amazonas,Molinopampa,1985,8e-06
010503,Amazonas,Cocabamba,1985,9.4e-05
060809,Cajamarca,Sallique,1985,0.000861
010120,Amazonas,Soloco,1985,8.3e-05
010521,Amazonas,Santo Tomas,1985,0.000632
100113,Huanuco,San Pablo De Pillao,1985,0.0
010602,Amazonas,Chirimoto,1985,0.000127
100603,Huanuco,Hermilio Valdizan,1985,0.0
010111,Amazonas,Levanto,1985,9.5e-05
010518,Amazonas,San Jeronimo,1985,4.7e-05
010609,Amazonas,Omia,1985,5.1e-05
100902,Huanuco,Codo Del Pozuzo,1985,4e-06
010113,Amazonas,Mariscal Castilla,1985,0.001206
220101,San Martin,Moyobamba,1985,0.00237
010310,Amazonas,Shipasbamba,1985,0.000397
100103,Huanuco,Chinchao,1985,0.000214
010311,Amazonas,Valera,1985,0.000239
060907,Cajamarca,Tabaconas,1985,9.1e-05
160112,Loreto,Belen,1985,0.004677
200307,Piura,Sondor,1985,0.000874
220803,San Martin,Elias Soplin Vargas,1985,0.004847
010506,Amazonas,Inguilpata,1985,0.0
220506,San Martin,Pinto Recodo,1985,0.000389
120303,Junin,Pichanaqui,1985,0.002589
010202,Amazonas,Aramango,1985,0.000202
010606,Amazonas,Longar,1985,0.00107
160101,Loreto,Iquitos,1985,0.029749
010507,Amazonas,Longuita,1985,0.000333
221001,San Martin,Tocache,1985,0.005414
010511,Amazonas,Maria,1985,0.0
080901,Cusco,Santa Ana,1985,0.008791
120302,Junin,Perene,1985,0.003019
050409,Ayacucho,Canayre,1985,0.000429
221002,San Martin,Nuevo Progreso,1985,0.001573
200303,Piura,El Carmen De La Frontera,1985,0.00013
100609,Huanuco,Pueblo Nuevo,1985,0.000193
080903,Cusco,Huayopata,1985,0.000973
010604,Amazonas,Huambo,1985,0.002564
100505,Huanuco,Jircan,1985,0.0
010512,Amazonas,Ocalli,1985,0.000553
010101,Amazonas,Chachapoyas,1985,0.019724
060903,Cajamarca,Huarango,1985,0.000365
010116,Amazonas,Olleros,1985,0.0
010605,Amazonas,Limabamba,1985,0.000133
100804,Huanuco,Umari,1985,0.0
220504,San Martin,Caynarachi,1985,0.000516
080905,Cusco,Ocobamba,1985,0.000314
010517,Amazonas,San Francisco Del Yeso,1985,6.8e-05
120609,Junin,Vizcatán Del Ene,1985,3.7e-05
060807,Cajamarca,Pomahuaca,1985,0.000536
010304,Amazonas,Corosha,1985,0.0
221005,San Martin,Uchiza,1985,0.003874
220807,San Martin,San Fernando,1985,0.000888
050512,Ayacucho,Union Progreso,1985,0.002675
060804,Cajamarca,Colasay,1985,0.000479
160503,Loreto,Capelo,1985,0.00038
220910,San Martin,Morales,1985,0.040998
120604,Junin,Mazamari,1985,0.001165
120603,Junin,Llaylla,1985,0.000162
010520,Amazonas,Santa Catalina,1985,3.8e-05
010603,Amazonas,Cochamal,1985,7.4e-05
120209,Junin,Mariscal Castilla,1985,0.003659
010601,Amazonas,San Nicolas,1985,0.006838
010519,Amazonas,San Juan De Lopecancha,1985,0.0
160211,Loreto,Teniente Cesar Lopez Rojas,1985,8.8e-05
080408,Cusco,Yanatile,1985,0.000544
050408,Ayacucho,Llochegua,1985,0.000406
100507,Huanuco,Monzon,1985,0.000543
081304,Cusco,Machupicchu,1985,0.000451
220909,San Martin,La Banda De Shilcayo,1985,0.009809
220103,San Martin,Habana,1985,0.011552
100606,Huanuco,Mariano Damaso Beraun,1985,0.000366
010508,Amazonas,Lonya Chico,1985,0.00188
170102,Madre De Dios,Inambari,1985,7.3e-05
050502,Ayacucho,Anco,1985,0.00022
010523,Amazonas,Trita,1985,0.007569
010516,Amazonas,San Cristobal,1985,0.000676
080918,Cusco,Union Ashaninka,1985,0.0
221006,San Martin,Santa Lucia,1985,0.001692
100702,Huanuco,Cholon,1985,0.000127
211205,Puno,Phara,1985,1.6e-05
170204,Madre De Dios,Huepetuhe,1985,3.3e-05
010302,Amazonas,Chisquilla,1985,0.0
050507,Ayacucho,Santa Rosa,1985,0.000946
220804,San Martin,Nueva Cajamarca,1985,0.012529
220809,San Martin,Yuracyacu,1985,0.008828
160603,Loreto,Padre Marquez,1985,7.4e-05
010522,Amazonas,Tingo,1985,0.001019
080906,Cusco,Quellouno,1985,0.000398
010301,Amazonas,Jumbilla,1985,0.000179
080917,Cusco,Manitea,1985,0.000232
250305,Ucayali,Alexander Von Humboldt,1986,0.003465
220509,San Martin,Shanao,1986,0.003394
250304,Ucayali,Neshuya,1986,0.001032
220501,San Martin,Lamas,1986,0.018241
220902,San Martin,Alberto Leveau,1986,0.002041
250102,Ucayali,Campoverde,1986,0.002271
220702,San Martin,Buenos Aires,1986,0.002185
220502,San Martin,Alonso De Alvarado,1986,0.001791
220404,San Martin,Piscoyacu,1986,0.001798
220708,San Martin,Shamboyacu,1986,0.000375
220204,San Martin,Huallaga,1986,0.000893
220605,San Martin,Pajarillo,1986,0.000664
010703,Amazonas,Cumba,1986,0.001301
220704,San Martin,Pilluana,1986,0.00822
220104,San Martin,Jepelacio,1986,0.003774
220505,San Martin,Cuñumbuqui,1986,0.003391
220507,San Martin,Rumisapa,1986,0.007483
220913,San Martin,Sauce,1986,0.003839
010608,Amazonas,Milpuc,1986,0.000207
220405,San Martin,Sacanche,1986,0.001355
220709,San Martin,Tingo De Ponasa,1986,0.001956
220304,San Martin,Santa Rosa,1986,0.00083
100903,Huanuco,Honoria,1986,0.000248
220203,San Martin,Bajo Biavo,1986,0.001011
220710,San Martin,Tres Unidos,1986,0.000616
220510,San Martin,Tabalosos,1986,0.002948
100904,Huanuco,Tournavista,1986,0.000222
010701,Amazonas,Bagua Grande,1986,0.009319
220701,San Martin,Picota,1986,0.009794
220403,San Martin,El Eslabon,1986,0.001602
250105,Ucayali,Yarinacocha,1986,0.011905
220914,San Martin,Shapaja,1986,0.001289
010707,Amazonas,Yamon,1986,0.000651
010705,Amazonas,Jamalca,1986,0.000543
220205,San Martin,San Pablo,1986,0.002355
220705,San Martin,Pucacaca,1986,0.006999
220601,San Martin,Juanjui,1986,0.006416
100905,Huanuco,Yuyapichis,1986,7.2e-05
100608,Huanuco,Castillo Grande,1986,0.008672
220302,San Martin,Agua Blanca,1986,0.001693
250306,Ucayali,Huipoca,1986,0.000259
010611,Amazonas,Totora,1986,0.00224
010706,Amazonas,Lonya Grande,1986,0.00042
220706,San Martin,San Cristobal,1986,0.006877
010303,Amazonas,Churuja,1986,0.000867
220301,San Martin,San Jose De Sisa,1986,0.001955
010204,Amazonas,El Parco,1986,0.006022
010306,Amazonas,Florida,1986,0.000974
220303,San Martin,San Martin,1986,0.000179
220106,San Martin,Yantalo,1986,0.00474
220305,San Martin,Shatoja,1986,0.001533
010104,Amazonas,Cheto,1986,7.6e-05
160201,Loreto,Yurimaguas,1986,0.002339
060901,Cajamarca,San Ignacio,1986,0.00322
220511,San Martin,Zapatero,1986,0.001961
060811,Cajamarca,San Jose Del Alto,1986,0.000367
010206,Amazonas,La Peca,1986,0.001869
220401,San Martin,Saposoa,1986,0.001423
060902,Cajamarca,Chirinos,1986,0.002089
220908,San Martin,Juan Guerra,1986,0.004659
060904,Cajamarca,La Coipa,1986,0.001408
220808,San Martin,Yorongos,1986,0.004349
120607,Junin,Rio Negro,1986,0.001358
060812,Cajamarca,Santa Rosa,1986,0.000392
250106,Ucayali,Nueva Requena,1986,0.000233
220802,San Martin,Awajun,1986,0.000248
250302,Ucayali,Irazola,1986,0.000199
010109,Amazonas,La Jalca,1986,0.001562
220906,San Martin,El Porvenir,1986,0.00053
220707,San Martin,San Hilarion,1986,0.007554
220806,San Martin,Posic,1986,0.005362
220406,San Martin,Tingo De Saposoa,1986,0.004197
100901,Huanuco,Puerto Inca,1986,0.000113
010105,Amazonas,Chiliquin,1986,0.0
220105,San Martin,Soritor,1986,0.003805
220201,San Martin,Bellavista,1986,0.014832
060803,Cajamarca,Chontali,1986,0.000264
100605,Huanuco,Luyando,1986,0.005734
010307,Amazonas,Jazan,1986,0.00472
010502,Amazonas,Camporredondo,1986,0.000667
010515,Amazonas,Providencia,1986,0.000366
010102,Amazonas,Asuncion,1986,0.0
010510,Amazonas,Luya Viejo,1986,0.000105
100601,Huanuco,Rupa-Rupa,1986,0.009724
010514,Amazonas,Pisuquia,1986,6e-06
060810,Cajamarca,San Felipe,1986,0.00189
010305,Amazonas,Cuispes,1986,0.000101
060905,Cajamarca,Namballe,1986,6.3e-05
010119,Amazonas,San Isidro De Maino,1986,0.000214
060801,Cajamarca,Jaen,1986,0.013716
010513,Amazonas,Ocumal,1986,3.9e-05
220912,San Martin,San Antonio,1986,0.002179
220903,San Martin,Cacatachi,1986,0.008773
120602,Junin,Coviriali,1986,0.001626
120304,Junin,San Luis De Shuaro,1986,0.000913
120601,Junin,Satipo,1986,0.003613
010203,Amazonas,Copallin,1986,0.001961
010112,Amazonas,Magdalena,1986,0.001037
220102,San Martin,Calzada,1986,0.012447
060805,Cajamarca,Huabal,1986,0.001983
010610,Amazonas,Santa Rosa,1986,0.002637
220503,San Martin,Barranquita,1986,0.000245
220801,San Martin,Rioja,1986,0.022286
220703,San Martin,Caspisapa,1986,0.007041
080904,Cusco,Maranura,1986,0.002564
010117,Amazonas,Quinjalca,1986,0.0
250303,Ucayali,Curimana,1986,5e-05
010308,Amazonas,Recta,1986,0.0
010115,Amazonas,Montevideo,1986,0.000166
010114,Amazonas,Molinopampa,1986,8e-06
010503,Amazonas,Cocabamba,1986,9.4e-05
060809,Cajamarca,Sallique,1986,0.000878
010120,Amazonas,Soloco,1986,8.3e-05
010521,Amazonas,Santo Tomas,1986,0.000849
100113,Huanuco,San Pablo De Pillao,1986,0.0
010602,Amazonas,Chirimoto,1986,0.000127
100603,Huanuco,Hermilio Valdizan,1986,0.0
010111,Amazonas,Levanto,1986,0.000166
010518,Amazonas,San Jeronimo,1986,4.7e-05
010609,Amazonas,Omia,1986,5.1e-05
100902,Huanuco,Codo Del Pozuzo,1986,4e-06
010113,Amazonas,Mariscal Castilla,1986,0.001194
220101,San Martin,Moyobamba,1986,0.00237
010310,Amazonas,Shipasbamba,1986,0.000504
100103,Huanuco,Chinchao,1986,0.00023
010311,Amazonas,Valera,1986,0.000524
060907,Cajamarca,Tabaconas,1986,9.4e-05
160112,Loreto,Belen,1986,0.004729
200307,Piura,Sondor,1986,0.000874
220803,San Martin,Elias Soplin Vargas,1986,0.004847
010506,Amazonas,Inguilpata,1986,0.0
220506,San Martin,Pinto Recodo,1986,0.000389
120303,Junin,Pichanaqui,1986,0.002583
010202,Amazonas,Aramango,1986,0.00021
010606,Amazonas,Longar,1986,0.00107
160101,Loreto,Iquitos,1986,0.029832
010507,Amazonas,Longuita,1986,0.000333
221001,San Martin,Tocache,1986,0.005421
010511,Amazonas,Maria,1986,0.0
080901,Cusco,Santa Ana,1986,0.008882
120302,Junin,Perene,1986,0.003023
050409,Ayacucho,Canayre,1986,0.000331
221002,San Martin,Nuevo Progreso,1986,0.001593
200303,Piura,El Carmen De La Frontera,1986,0.000132
100609,Huanuco,Pueblo Nuevo,1986,0.000199
080903,Cusco,Huayopata,1986,0.000978
010604,Amazonas,Huambo,1986,0.002564
100505,Huanuco,Jircan,1986,0.0
010512,Amazonas,Ocalli,1986,0.00061
010101,Amazonas,Chachapoyas,1986,0.019956
060903,Cajamarca,Huarango,1986,0.000374
010116,Amazonas,Olleros,1986,0.0
010605,Amazonas,Limabamba,1986,0.000133
100804,Huanuco,Umari,1986,0.0
220504,San Martin,Caynarachi,1986,0.000517
080905,Cusco,Ocobamba,1986,0.000314
010517,Amazonas,San Francisco Del Yeso,1986,6.8e-05
120609,Junin,Vizcatán Del Ene,1986,3.3e-05
060807,Cajamarca,Pomahuaca,1986,0.000487
010304,Amazonas,Corosha,1986,0.0
221005,San Martin,Uchiza,1986,0.003921
220807,San Martin,San Fernando,1986,0.000888
050512,Ayacucho,Union Progreso,1986,0.002988
060804,Cajamarca,Colasay,1986,0.000487
160503,Loreto,Capelo,1986,0.000368
220910,San Martin,Morales,1986,0.041033
120604,Junin,Mazamari,1986,0.00117
120603,Junin,Llaylla,1986,0.000162
010520,Amazonas,Santa Catalina,1986,3.8e-05
010603,Amazonas,Cochamal,1986,7.4e-05
120209,Junin,Mariscal Castilla,1986,0.003566
010601,Amazonas,San Nicolas,1986,0.006838
010519,Amazonas,San Juan De Lopecancha,1986,0.0
160211,Loreto,Teniente Cesar Lopez Rojas,1986,9.3e-05
080408,Cusco,Yanatile,1986,0.000544
050408,Ayacucho,Llochegua,1986,0.000359
100507,Huanuco,Monzon,1986,0.000554
081304,Cusco,Machupicchu,1986,0.000451
220909,San Martin,La Banda De Shilcayo,1986,0.009809
220103,San Martin,Habana,1986,0.011552
100606,Huanuco,Mariano Damaso Beraun,1986,0.00048
010508,Amazonas,Lonya Chico,1986,0.001983
170102,Madre De Dios,Inambari,1986,7.3e-05
050502,Ayacucho,Anco,1986,0.000239
010523,Amazonas,Trita,1986,0.008206
010516,Amazonas,San Cristobal,1986,0.000701
080918,Cusco,Union Ashaninka,1986,0.0
221006,San Martin,Santa Lucia,1986,0.001708
100702,Huanuco,Cholon,1986,0.000128
211205,Puno,Phara,1986,1.6e-05
170204,Madre De Dios,Huepetuhe,1986,6e-06
010302,Amazonas,Chisquilla,1986,0.0
050507,Ayacucho,Santa Rosa,1986,0.000982
220804,San Martin,Nueva Cajamarca,1986,0.012558
220809,San Martin,Yuracyacu,1986,0.008828
160603,Loreto,Padre Marquez,1986,7.1e-05
010522,Amazonas,Tingo,1986,0.001011
080906,Cusco,Quellouno,1986,0.000401
010301,Amazonas,Jumbilla,1986,0.000179
080917,Cusco,Manitea,1986,0.000239
250305,Ucayali,Alexander Von Humboldt,1987,0.003586
220509,San Martin,Shanao,1987,0.003394
250304,Ucayali,Neshuya,1987,0.001324
220501,San Martin,Lamas,1987,0.018536
220902,San Martin,Alberto Leveau,1987,0.002505
250102,Ucayali,Campoverde,1987,0.002458
220702,San Martin,Buenos Aires,1987,0.002571
220502,San Martin,Alonso De Alvarado,1987,0.002004
220404,San Martin,Piscoyacu,1987,0.002015
220708,San Martin,Shamboyacu,1987,0.000382
220204,San Martin,Huallaga,1987,0.000889
220605,San Martin,Pajarillo,1987,0.000824
010703,Amazonas,Cumba,1987,0.001348
220704,San Martin,Pilluana,1987,0.008726
220104,San Martin,Jepelacio,1987,0.004147
220505,San Martin,Cuñumbuqui,1987,0.003932
220507,San Martin,Rumisapa,1987,0.009674
220913,San Martin,Sauce,1987,0.003831
010608,Amazonas,Milpuc,1987,0.000248
220405,San Martin,Sacanche,1987,0.001849
220709,San Martin,Tingo De Ponasa,1987,0.002477
220304,San Martin,Santa Rosa,1987,0.00124
100903,Huanuco,Honoria,1987,0.00025
220203,San Martin,Bajo Biavo,1987,0.001266
220710,San Martin,Tres Unidos,1987,0.000812
220510,San Martin,Tabalosos,1987,0.00296
100904,Huanuco,Tournavista,1987,0.000234
010701,Amazonas,Bagua Grande,1987,0.010705
220701,San Martin,Picota,1987,0.012723
220403,San Martin,El Eslabon,1987,0.001951
250105,Ucayali,Yarinacocha,1987,0.013411
220914,San Martin,Shapaja,1987,0.001345
010707,Amazonas,Yamon,1987,0.00069
010705,Amazonas,Jamalca,1987,0.000365
220205,San Martin,San Pablo,1987,0.003339
220705,San Martin,Pucacaca,1987,0.009003
220601,San Martin,Juanjui,1987,0.007156
100905,Huanuco,Yuyapichis,1987,7.6e-05
100608,Huanuco,Castillo Grande,1987,0.009992
220302,San Martin,Agua Blanca,1987,0.001966
250306,Ucayali,Huipoca,1987,0.000256
010611,Amazonas,Totora,1987,0.002469
010706,Amazonas,Lonya Grande,1987,0.000439
220706,San Martin,San Cristobal,1987,0.008559
010303,Amazonas,Churuja,1987,0.000811
220301,San Martin,San Jose De Sisa,1987,0.00315
010204,Amazonas,El Parco,1987,0.006267
010306,Amazonas,Florida,1987,0.001094
220303,San Martin,San Martin,1987,0.000292
220106,San Martin,Yantalo,1987,0.006503
220305,San Martin,Shatoja,1987,0.00179
010104,Amazonas,Cheto,1987,7.6e-05
160201,Loreto,Yurimaguas,1987,0.002818
060901,Cajamarca,San Ignacio,1987,0.003566
220511,San Martin,Zapatero,1987,0.002236
060811,Cajamarca,San Jose Del Alto,1987,0.000422
010206,Amazonas,La Peca,1987,0.002114
220401,San Martin,Saposoa,1987,0.001595
060902,Cajamarca,Chirinos,1987,0.002357
220908,San Martin,Juan Guerra,1987,0.005592
060904,Cajamarca,La Coipa,1987,0.001565
220808,San Martin,Yorongos,1987,0.004523
120607,Junin,Rio Negro,1987,0.001358
060812,Cajamarca,Santa Rosa,1987,0.000819
250106,Ucayali,Nueva Requena,1987,0.000238
220802,San Martin,Awajun,1987,0.000309
250302,Ucayali,Irazola,1987,0.0002
010109,Amazonas,La Jalca,1987,0.002121
220906,San Martin,El Porvenir,1987,0.000525
220707,San Martin,San Hilarion,1987,0.012223
220806,San Martin,Posic,1987,0.005903
220406,San Martin,Tingo De Saposoa,1987,0.004424
100901,Huanuco,Puerto Inca,1987,0.00011
010105,Amazonas,Chiliquin,1987,0.0
220105,San Martin,Soritor,1987,0.004317
220201,San Martin,Bellavista,1987,0.015903
060803,Cajamarca,Chontali,1987,0.000296
100605,Huanuco,Luyando,1987,0.005924
010307,Amazonas,Jazan,1987,0.004943
010502,Amazonas,Camporredondo,1987,0.001036
010515,Amazonas,Providencia,1987,0.000389
010102,Amazonas,Asuncion,1987,0.0
010510,Amazonas,Luya Viejo,1987,0.000105
100601,Huanuco,Rupa-Rupa,1987,0.01036
010514,Amazonas,Pisuquia,1987,2.1e-05
060810,Cajamarca,San Felipe,1987,0.002015
010305,Amazonas,Cuispes,1987,0.000166
060905,Cajamarca,Namballe,1987,0.000144
010119,Amazonas,San Isidro De Maino,1987,0.000725
060801,Cajamarca,Jaen,1987,0.014931
010513,Amazonas,Ocumal,1987,0.000161
220912,San Martin,San Antonio,1987,0.003155
220903,San Martin,Cacatachi,1987,0.012517
120602,Junin,Coviriali,1987,0.001626
120304,Junin,San Luis De Shuaro,1987,0.000913
120601,Junin,Satipo,1987,0.00361
010203,Amazonas,Copallin,1987,0.002365
010112,Amazonas,Magdalena,1987,0.001365
220102,San Martin,Calzada,1987,0.013644
060805,Cajamarca,Huabal,1987,0.002339
010610,Amazonas,Santa Rosa,1987,0.002988
220503,San Martin,Barranquita,1987,0.000245
220801,San Martin,Rioja,1987,0.024362
220703,San Martin,Caspisapa,1987,0.009119
080904,Cusco,Maranura,1987,0.002569
010117,Amazonas,Quinjalca,1987,0.0
250303,Ucayali,Curimana,1987,5.6e-05
010308,Amazonas,Recta,1987,0.0
010115,Amazonas,Montevideo,1987,0.00065
010114,Amazonas,Molinopampa,1987,6.5e-05
010503,Amazonas,Cocabamba,1987,9.9e-05
060809,Cajamarca,Sallique,1987,0.000941
010120,Amazonas,Soloco,1987,0.000262
010521,Amazonas,Santo Tomas,1987,0.001778
100113,Huanuco,San Pablo De Pillao,1987,0.0
010602,Amazonas,Chirimoto,1987,0.000133
100603,Huanuco,Hermilio Valdizan,1987,1.9e-05
010111,Amazonas,Levanto,1987,0.000392
010518,Amazonas,San Jeronimo,1987,9.4e-05
010609,Amazonas,Omia,1987,6.7e-05
100902,Huanuco,Codo Del Pozuzo,1987,4e-06
010113,Amazonas,Mariscal Castilla,1987,0.001386
220101,San Martin,Moyobamba,1987,0.002688
010310,Amazonas,Shipasbamba,1987,0.000639
100103,Huanuco,Chinchao,1987,0.000313
010311,Amazonas,Valera,1987,0.00073
060907,Cajamarca,Tabaconas,1987,0.000161
160112,Loreto,Belen,1987,0.0048
200307,Piura,Sondor,1987,0.000911
220803,San Martin,Elias Soplin Vargas,1987,0.005356
010506,Amazonas,Inguilpata,1987,0.000315
220506,San Martin,Pinto Recodo,1987,0.000449
120303,Junin,Pichanaqui,1987,0.002585
010202,Amazonas,Aramango,1987,0.000219
010606,Amazonas,Longar,1987,0.001222
160101,Loreto,Iquitos,1987,0.030034
010507,Amazonas,Longuita,1987,0.000364
221001,San Martin,Tocache,1987,0.005751
010511,Amazonas,Maria,1987,9.1e-05
080901,Cusco,Santa Ana,1987,0.009277
120302,Junin,Perene,1987,0.003058
050409,Ayacucho,Canayre,1987,0.000412
221002,San Martin,Nuevo Progreso,1987,0.001619
200303,Piura,El Carmen De La Frontera,1987,0.000144
100609,Huanuco,Pueblo Nuevo,1987,0.000234
080903,Cusco,Huayopata,1987,0.001042
010604,Amazonas,Huambo,1987,0.002782
100505,Huanuco,Jircan,1987,0.0
010512,Amazonas,Ocalli,1987,0.000683
010101,Amazonas,Chachapoyas,1987,0.026742
060903,Cajamarca,Huarango,1987,0.000399
010116,Amazonas,Olleros,1987,0.0
010605,Amazonas,Limabamba,1987,0.000165
100804,Huanuco,Umari,1987,0.0
220504,San Martin,Caynarachi,1987,0.000683
080905,Cusco,Ocobamba,1987,0.000314
010517,Amazonas,San Francisco Del Yeso,1987,0.000205
120609,Junin,Vizcatán Del Ene,1987,3.3e-05
060807,Cajamarca,Pomahuaca,1987,0.000507
010304,Amazonas,Corosha,1987,0.0
221005,San Martin,Uchiza,1987,0.004047
220807,San Martin,San Fernando,1987,0.001313
050512,Ayacucho,Union Progreso,1987,0.002675
060804,Cajamarca,Colasay,1987,0.000597
160503,Loreto,Capelo,1987,0.000377
220910,San Martin,Morales,1987,0.052847
120604,Junin,Mazamari,1987,0.00117
120603,Junin,Llaylla,1987,0.000162
010520,Amazonas,Santa Catalina,1987,4.9e-05
010603,Amazonas,Cochamal,1987,0.000182
120209,Junin,Mariscal Castilla,1987,0.00383
010601,Amazonas,San Nicolas,1987,0.007552
010519,Amazonas,San Juan De Lopecancha,1987,1e-05
160211,Loreto,Teniente Cesar Lopez Rojas,1987,9.9e-05
080408,Cusco,Yanatile,1987,0.000577
050408,Ayacucho,Llochegua,1987,0.000435
100507,Huanuco,Monzon,1987,0.000628
081304,Cusco,Machupicchu,1987,0.000473
220909,San Martin,La Banda De Shilcayo,1987,0.012654
220103,San Martin,Habana,1987,0.01296
100606,Huanuco,Mariano Damaso Beraun,1987,0.000586
010508,Amazonas,Lonya Chico,1987,0.002827
170102,Madre De Dios,Inambari,1987,9.6e-05
050502,Ayacucho,Anco,1987,0.000263
010523,Amazonas,Trita,1987,0.008524
010516,Amazonas,San Cristobal,1987,0.000726
080918,Cusco,Union Ashaninka,1987,0.0
221006,San Martin,Santa Lucia,1987,0.001728
100702,Huanuco,Cholon,1987,0.00013
211205,Puno,Phara,1987,1.6e-05
170204,Madre De Dios,Huepetuhe,1987,2.1e-05
010302,Amazonas,Chisquilla,1987,0.0
050507,Ayacucho,Santa Rosa,1987,0.001087
220804,San Martin,Nueva Cajamarca,1987,0.014765
220809,San Martin,Yuracyacu,1987,0.009359
160603,Loreto,Padre Marquez,1987,7.6e-05
010522,Amazonas,Tingo,1987,0.001256
080906,Cusco,Quellouno,1987,0.000401
010301,Amazonas,Jumbilla,1987,0.000521
080917,Cusco,Manitea,1987,0.000263
250305,Ucayali,Alexander Von Humboldt,1988,0.00356
220509,San Martin,Shanao,1988,0.003467
250304,Ucayali,Neshuya,1988,0.001452
220501,San Martin,Lamas,1988,0.019099
220902,San Martin,Alberto Leveau,1988,0.002522
250102,Ucayali,Campoverde,1988,0.002557
220702,San Martin,Buenos Aires,1988,0.002645
220502,San Martin,Alonso De Alvarado,1988,0.002109
220404,San Martin,Piscoyacu,1988,0.002217
220708,San Martin,Shamboyacu,1988,0.000389
220204,San Martin,Huallaga,1988,0.001
220605,San Martin,Pajarillo,1988,0.001074
010703,Amazonas,Cumba,1988,0.001345
220704,San Martin,Pilluana,1988,0.008739
220104,San Martin,Jepelacio,1988,0.004221
220505,San Martin,Cuñumbuqui,1988,0.004264
220507,San Martin,Rumisapa,1988,0.01069
220913,San Martin,Sauce,1988,0.003892
010608,Amazonas,Milpuc,1988,0.00029
220405,San Martin,Sacanche,1988,0.002173
220709,San Martin,Tingo De Ponasa,1988,0.002588
220304,San Martin,Santa Rosa,1988,0.001422
100903,Huanuco,Honoria,1988,0.000258
220203,San Martin,Bajo Biavo,1988,0.001336
220710,San Martin,Tres Unidos,1988,0.000867
220510,San Martin,Tabalosos,1988,0.003066
100904,Huanuco,Tournavista,1988,0.000232
010701,Amazonas,Bagua Grande,1988,0.011014
220701,San Martin,Picota,1988,0.012947
220403,San Martin,El Eslabon,1988,0.002528
250105,Ucayali,Yarinacocha,1988,0.015466
220914,San Martin,Shapaja,1988,0.001416
010707,Amazonas,Yamon,1988,0.000684
010705,Amazonas,Jamalca,1988,0.000373
220205,San Martin,San Pablo,1988,0.00374
220705,San Martin,Pucacaca,1988,0.009362
220601,San Martin,Juanjui,1988,0.008281
100905,Huanuco,Yuyapichis,1988,7.6e-05
100608,Huanuco,Castillo Grande,1988,0.010178
220302,San Martin,Agua Blanca,1988,0.002071
250306,Ucayali,Huipoca,1988,0.000273
010611,Amazonas,Totora,1988,0.002514
010706,Amazonas,Lonya Grande,1988,0.000444
220706,San Martin,San Cristobal,1988,0.008884
010303,Amazonas,Churuja,1988,0.000699
220301,San Martin,San Jose De Sisa,1988,0.00372
010204,Amazonas,El Parco,1988,0.006365
010306,Amazonas,Florida,1988,0.001154
220303,San Martin,San Martin,1988,0.000295
220106,San Martin,Yantalo,1988,0.006464
220305,San Martin,Shatoja,1988,0.00179
010104,Amazonas,Cheto,1988,7.6e-05
160201,Loreto,Yurimaguas,1988,0.003084
060901,Cajamarca,San Ignacio,1988,0.003521
220511,San Martin,Zapatero,1988,0.002424
060811,Cajamarca,San Jose Del Alto,1988,0.000425
010206,Amazonas,La Peca,1988,0.002179
220401,San Martin,Saposoa,1988,0.001957
060902,Cajamarca,Chirinos,1988,0.002302
220908,San Martin,Juan Guerra,1988,0.005847
060904,Cajamarca,La Coipa,1988,0.001565
220808,San Martin,Yorongos,1988,0.004512
120607,Junin,Rio Negro,1988,0.001454
060812,Cajamarca,Santa Rosa,1988,0.00083
250106,Ucayali,Nueva Requena,1988,0.000242
220802,San Martin,Awajun,1988,0.000406
250302,Ucayali,Irazola,1988,0.000205
010109,Amazonas,La Jalca,1988,0.002157
220906,San Martin,El Porvenir,1988,0.000546
220707,San Martin,San Hilarion,1988,0.013272
220806,San Martin,Posic,1988,0.006698
220406,San Martin,Tingo De Saposoa,1988,0.004575
100901,Huanuco,Puerto Inca,1988,0.000108
010105,Amazonas,Chiliquin,1988,0.0
220105,San Martin,Soritor,1988,0.004424
220201,San Martin,Bellavista,1988,0.018271
060803,Cajamarca,Chontali,1988,0.000296
100605,Huanuco,Luyando,1988,0.005829
010307,Amazonas,Jazan,1988,0.005002
010502,Amazonas,Camporredondo,1988,0.001394
010515,Amazonas,Providencia,1988,0.000374
010102,Amazonas,Asuncion,1988,0.0
010510,Amazonas,Luya Viejo,1988,0.000118
100601,Huanuco,Rupa-Rupa,1988,0.010838
010514,Amazonas,Pisuquia,1988,2.1e-05
060810,Cajamarca,San Felipe,1988,0.002008
010305,Amazonas,Cuispes,1988,0.000267
060905,Cajamarca,Namballe,1988,0.000144
010119,Amazonas,San Isidro De Maino,1988,0.000815
060801,Cajamarca,Jaen,1988,0.015467
010513,Amazonas,Ocumal,1988,0.000164
220912,San Martin,San Antonio,1988,0.003144
220903,San Martin,Cacatachi,1988,0.017648
120602,Junin,Coviriali,1988,0.001716
120304,Junin,San Luis De Shuaro,1988,0.000913
120601,Junin,Satipo,1988,0.003833
010203,Amazonas,Copallin,1988,0.002491
010112,Amazonas,Magdalena,1988,0.001365
220102,San Martin,Calzada,1988,0.013683
060805,Cajamarca,Huabal,1988,0.002392
010610,Amazonas,Santa Rosa,1988,0.003032
220503,San Martin,Barranquita,1988,0.000248
220801,San Martin,Rioja,1988,0.026724
220703,San Martin,Caspisapa,1988,0.009411
080904,Cusco,Maranura,1988,0.002622
010117,Amazonas,Quinjalca,1988,0.0
250303,Ucayali,Curimana,1988,8.7e-05
010308,Amazonas,Recta,1988,0.0
010115,Amazonas,Montevideo,1988,0.00065
010114,Amazonas,Molinopampa,1988,7.1e-05
010503,Amazonas,Cocabamba,1988,9.9e-05
060809,Cajamarca,Sallique,1988,0.000934
010120,Amazonas,Soloco,1988,0.000262
010521,Amazonas,Santo Tomas,1988,0.001817
100113,Huanuco,San Pablo De Pillao,1988,0.0
010602,Amazonas,Chirimoto,1988,0.000133
100603,Huanuco,Hermilio Valdizan,1988,1.9e-05
010111,Amazonas,Levanto,1988,0.000451
010518,Amazonas,San Jeronimo,1988,9.8e-05
010609,Amazonas,Omia,1988,0.000118
100902,Huanuco,Codo Del Pozuzo,1988,5e-06
010113,Amazonas,Mariscal Castilla,1988,0.001397
220101,San Martin,Moyobamba,1988,0.0028
010310,Amazonas,Shipasbamba,1988,0.000646
100103,Huanuco,Chinchao,1988,0.000317
010311,Amazonas,Valera,1988,0.000832
060907,Cajamarca,Tabaconas,1988,0.000161
160112,Loreto,Belen,1988,0.004912
200307,Piura,Sondor,1988,0.000903
220803,San Martin,Elias Soplin Vargas,1988,0.005534
010506,Amazonas,Inguilpata,1988,0.000315
220506,San Martin,Pinto Recodo,1988,0.000481
120303,Junin,Pichanaqui,1988,0.002736
010202,Amazonas,Aramango,1988,0.000245
010606,Amazonas,Longar,1988,0.001265
160101,Loreto,Iquitos,1988,0.030471
010507,Amazonas,Longuita,1988,0.000364
221001,San Martin,Tocache,1988,0.005909
010511,Amazonas,Maria,1988,0.000152
080901,Cusco,Santa Ana,1988,0.009673
120302,Junin,Perene,1988,0.003293
050409,Ayacucho,Canayre,1988,0.000377
221002,San Martin,Nuevo Progreso,1988,0.001642
200303,Piura,El Carmen De La Frontera,1988,0.000144
100609,Huanuco,Pueblo Nuevo,1988,0.00024
080903,Cusco,Huayopata,1988,0.00111
010604,Amazonas,Huambo,1988,0.00277
100505,Huanuco,Jircan,1988,0.0
010512,Amazonas,Ocalli,1988,0.000698
010101,Amazonas,Chachapoyas,1988,0.027061
060903,Cajamarca,Huarango,1988,0.000401
010116,Amazonas,Olleros,1988,0.0
010605,Amazonas,Limabamba,1988,0.000175
100804,Huanuco,Umari,1988,0.0
220504,San Martin,Caynarachi,1988,0.000721
080905,Cusco,Ocobamba,1988,0.000316
010517,Amazonas,San Francisco Del Yeso,1988,0.00021
120609,Junin,Vizcatán Del Ene,1988,3.7e-05
060807,Cajamarca,Pomahuaca,1988,0.000517
010304,Amazonas,Corosha,1988,0.0
221005,San Martin,Uchiza,1988,0.004224
220807,San Martin,San Fernando,1988,0.001918
050512,Ayacucho,Union Progreso,1988,0.003032
060804,Cajamarca,Colasay,1988,0.000625
160503,Loreto,Capelo,1988,0.00037
220910,San Martin,Morales,1988,0.061067
120604,Junin,Mazamari,1988,0.0013
120603,Junin,Llaylla,1988,0.000227
010520,Amazonas,Santa Catalina,1988,4.9e-05
010603,Amazonas,Cochamal,1988,0.000197
120209,Junin,Mariscal Castilla,1988,0.003472
010601,Amazonas,San Nicolas,1988,0.007795
010519,Amazonas,San Juan De Lopecancha,1988,2.1e-05
160211,Loreto,Teniente Cesar Lopez Rojas,1988,0.000133
080408,Cusco,Yanatile,1988,0.000584
050408,Ayacucho,Llochegua,1988,0.000533
100507,Huanuco,Monzon,1988,0.000675
081304,Cusco,Machupicchu,1988,0.000531
220909,San Martin,La Banda De Shilcayo,1988,0.016373
220103,San Martin,Habana,1988,0.013541
100606,Huanuco,Mariano Damaso Beraun,1988,0.000589
010508,Amazonas,Lonya Chico,1988,0.002878
170102,Madre De Dios,Inambari,1988,9.5e-05
050502,Ayacucho,Anco,1988,0.000299
010523,Amazonas,Trita,1988,0.008587
010516,Amazonas,San Cristobal,1988,0.000726
080918,Cusco,Union Ashaninka,1988,0.0
221006,San Martin,Santa Lucia,1988,0.002391
100702,Huanuco,Cholon,1988,0.000132
211205,Puno,Phara,1988,3.8e-05
170204,Madre De Dios,Huepetuhe,1988,2.1e-05
010302,Amazonas,Chisquilla,1988,0.0
050507,Ayacucho,Santa Rosa,1988,0.001159
220804,San Martin,Nueva Cajamarca,1988,0.016645
220809,San Martin,Yuracyacu,1988,0.010161
160603,Loreto,Padre Marquez,1988,8.9e-05
010522,Amazonas,Tingo,1988,0.00128
080906,Cusco,Quellouno,1988,0.00043
010301,Amazonas,Jumbilla,1988,0.000572
080917,Cusco,Manitea,1988,0.000355
250305,Ucayali,Alexander Von Humboldt,1989,0.003543
220509,San Martin,Shanao,1989,0.003759
250304,Ucayali,Neshuya,1989,0.001596
220501,San Martin,Lamas,1989,0.019374
220902,San Martin,Alberto Leveau,1989,0.00247
250102,Ucayali,Campoverde,1989,0.002606
220702,San Martin,Buenos Aires,1989,0.002765
220502,San Martin,Alonso De Alvarado,1989,0.002139
220404,San Martin,Piscoyacu,1989,0.002346
220708,San Martin,Shamboyacu,1989,0.000387
220204,San Martin,Huallaga,1989,0.000993
220605,San Martin,Pajarillo,1989,0.001138
010703,Amazonas,Cumba,1989,0.001404
220704,San Martin,Pilluana,1989,0.00896
220104,San Martin,Jepelacio,1989,0.004306
220505,San Martin,Cuñumbuqui,1989,0.004318
220507,San Martin,Rumisapa,1989,0.011331
220913,San Martin,Sauce,1989,0.004077
010608,Amazonas,Milpuc,1989,0.00029
220405,San Martin,Sacanche,1989,0.002261
220709,San Martin,Tingo De Ponasa,1989,0.002612
220304,San Martin,Santa Rosa,1989,0.001582
100903,Huanuco,Honoria,1989,0.00026
220203,San Martin,Bajo Biavo,1989,0.001353
220710,San Martin,Tres Unidos,1989,0.00087
220510,San Martin,Tabalosos,1989,0.003051
100904,Huanuco,Tournavista,1989,0.000244
010701,Amazonas,Bagua Grande,1989,0.012509
220701,San Martin,Picota,1989,0.013176
220403,San Martin,El Eslabon,1989,0.002556
250105,Ucayali,Yarinacocha,1989,0.015898
220914,San Martin,Shapaja,1989,0.001498
010707,Amazonas,Yamon,1989,0.000881
010705,Amazonas,Jamalca,1989,0.000939
220205,San Martin,San Pablo,1989,0.003888
220705,San Martin,Pucacaca,1989,0.009677
220601,San Martin,Juanjui,1989,0.008475
100905,Huanuco,Yuyapichis,1989,7.5e-05
100608,Huanuco,Castillo Grande,1989,0.01011
220302,San Martin,Agua Blanca,1989,0.0021
250306,Ucayali,Huipoca,1989,0.000294
010611,Amazonas,Totora,1989,0.002423
010706,Amazonas,Lonya Grande,1989,0.000452
220706,San Martin,San Cristobal,1989,0.009356
010303,Amazonas,Churuja,1989,0.000922
220301,San Martin,San Jose De Sisa,1989,0.003861
010204,Amazonas,El Parco,1989,0.006561
010306,Amazonas,Florida,1989,0.001182
220303,San Martin,San Martin,1989,0.000345
220106,San Martin,Yantalo,1989,0.007001
220305,San Martin,Shatoja,1989,0.001776
010104,Amazonas,Cheto,1989,7.6e-05
160201,Loreto,Yurimaguas,1989,0.003258
060901,Cajamarca,San Ignacio,1989,0.003718
220511,San Martin,Zapatero,1989,0.002536
060811,Cajamarca,San Jose Del Alto,1989,0.000459
010206,Amazonas,La Peca,1989,0.002263
220401,San Martin,Saposoa,1989,0.002
060902,Cajamarca,Chirinos,1989,0.002422
220908,San Martin,Juan Guerra,1989,0.006036
060904,Cajamarca,La Coipa,1989,0.001626
220808,San Martin,Yorongos,1989,0.004719
120607,Junin,Rio Negro,1989,0.001549
060812,Cajamarca,Santa Rosa,1989,0.00089
250106,Ucayali,Nueva Requena,1989,0.000243
220802,San Martin,Awajun,1989,0.000448
250302,Ucayali,Irazola,1989,0.000206
010109,Amazonas,La Jalca,1989,0.002207
220906,San Martin,El Porvenir,1989,0.000576
220707,San Martin,San Hilarion,1989,0.013358
220806,San Martin,Posic,1989,0.006901
220406,San Martin,Tingo De Saposoa,1989,0.004632
100901,Huanuco,Puerto Inca,1989,0.000109
010105,Amazonas,Chiliquin,1989,0.0
220105,San Martin,Soritor,1989,0.004552
220201,San Martin,Bellavista,1989,0.018507
060803,Cajamarca,Chontali,1989,0.00035
100605,Huanuco,Luyando,1989,0.005782
010307,Amazonas,Jazan,1989,0.005295
010502,Amazonas,Camporredondo,1989,0.001439
010515,Amazonas,Providencia,1989,0.000374
010102,Amazonas,Asuncion,1989,0.0
010510,Amazonas,Luya Viejo,1989,0.000131
100601,Huanuco,Rupa-Rupa,1989,0.010852
010514,Amazonas,Pisuquia,1989,2.1e-05
060810,Cajamarca,San Felipe,1989,0.001994
010305,Amazonas,Cuispes,1989,0.00035
060905,Cajamarca,Namballe,1989,0.00022
010119,Amazonas,San Isidro De Maino,1989,0.000922
060801,Cajamarca,Jaen,1989,0.016087
010513,Amazonas,Ocumal,1989,0.000247
220912,San Martin,San Antonio,1989,0.003302
220903,San Martin,Cacatachi,1989,0.019427
120602,Junin,Coviriali,1989,0.001761
120304,Junin,San Luis De Shuaro,1989,0.00105
120601,Junin,Satipo,1989,0.004017
010203,Amazonas,Copallin,1989,0.002572
010112,Amazonas,Magdalena,1989,0.001392
220102,San Martin,Calzada,1989,0.013982
060805,Cajamarca,Huabal,1989,0.002423
010610,Amazonas,Santa Rosa,1989,0.003076
220503,San Martin,Barranquita,1989,0.000271
220801,San Martin,Rioja,1989,0.027971
220703,San Martin,Caspisapa,1989,0.009563
080904,Cusco,Maranura,1989,0.002701
010117,Amazonas,Quinjalca,1989,0.0
250303,Ucayali,Curimana,1989,8.9e-05
010308,Amazonas,Recta,1989,0.0
010115,Amazonas,Montevideo,1989,0.00065
010114,Amazonas,Molinopampa,1989,7.3e-05
010503,Amazonas,Cocabamba,1989,9.9e-05
060809,Cajamarca,Sallique,1989,0.001053
010120,Amazonas,Soloco,1989,0.000297
010521,Amazonas,Santo Tomas,1989,0.001906
100113,Huanuco,San Pablo De Pillao,1989,0.0
010602,Amazonas,Chirimoto,1989,0.000133
100603,Huanuco,Hermilio Valdizan,1989,1.9e-05
010111,Amazonas,Levanto,1989,0.000642
010518,Amazonas,San Jeronimo,1989,0.000103
010609,Amazonas,Omia,1989,9.5e-05
100902,Huanuco,Codo Del Pozuzo,1989,6e-06
010113,Amazonas,Mariscal Castilla,1989,0.00142
220101,San Martin,Moyobamba,1989,0.002964
010310,Amazonas,Shipasbamba,1989,0.000653
100103,Huanuco,Chinchao,1989,0.000317
010311,Amazonas,Valera,1989,0.000866
060907,Cajamarca,Tabaconas,1989,0.000189
160112,Loreto,Belen,1989,0.005003
200307,Piura,Sondor,1989,0.000986
220803,San Martin,Elias Soplin Vargas,1989,0.005702
010506,Amazonas,Inguilpata,1989,0.000405
220506,San Martin,Pinto Recodo,1989,0.000481
120303,Junin,Pichanaqui,1989,0.002767
010202,Amazonas,Aramango,1989,0.000302
010606,Amazonas,Longar,1989,0.001395
160101,Loreto,Iquitos,1989,0.030595
010507,Amazonas,Longuita,1989,0.000364
221001,San Martin,Tocache,1989,0.00602
010511,Amazonas,Maria,1989,0.000193
080901,Cusco,Santa Ana,1989,0.010159
120302,Junin,Perene,1989,0.003374
050409,Ayacucho,Canayre,1989,0.000357
221002,San Martin,Nuevo Progreso,1989,0.001623
200303,Piura,El Carmen De La Frontera,1989,0.000203
100609,Huanuco,Pueblo Nuevo,1989,0.000237
080903,Cusco,Huayopata,1989,0.001133
010604,Amazonas,Huambo,1989,0.002793
100505,Huanuco,Jircan,1989,0.0
010512,Amazonas,Ocalli,1989,0.000709
010101,Amazonas,Chachapoyas,1989,0.028164
060903,Cajamarca,Huarango,1989,0.000466
010116,Amazonas,Olleros,1989,0.0
010605,Amazonas,Limabamba,1989,0.000186
100804,Huanuco,Umari,1989,0.0
220504,San Martin,Caynarachi,1989,0.000761
080905,Cusco,Ocobamba,1989,0.000318
010517,Amazonas,San Francisco Del Yeso,1989,0.00022
120609,Junin,Vizcatán Del Ene,1989,4.9e-05
060807,Cajamarca,Pomahuaca,1989,0.000633
010304,Amazonas,Corosha,1989,0.0
221005,San Martin,Uchiza,1989,0.004341
220807,San Martin,San Fernando,1989,0.002381
050512,Ayacucho,Union Progreso,1989,0.003523
060804,Cajamarca,Colasay,1989,0.000619
160503,Loreto,Capelo,1989,0.000389
220910,San Martin,Morales,1989,0.063907
120604,Junin,Mazamari,1989,0.001427
120603,Junin,Llaylla,1989,0.000256
010520,Amazonas,Santa Catalina,1989,4.9e-05
010603,Amazonas,Cochamal,1989,0.000216
120209,Junin,Mariscal Castilla,1989,0.003706
010601,Amazonas,San Nicolas,1989,0.008021
010519,Amazonas,San Juan De Lopecancha,1989,1e-05
160211,Loreto,Teniente Cesar Lopez Rojas,1989,0.000137
080408,Cusco,Yanatile,1989,0.000588
050408,Ayacucho,Llochegua,1989,0.000659
100507,Huanuco,Monzon,1989,0.000692
081304,Cusco,Machupicchu,1989,0.000523
220909,San Martin,La Banda De Shilcayo,1989,0.018042
220103,San Martin,Habana,1989,0.0138
100606,Huanuco,Mariano Damaso Beraun,1989,0.000612
010508,Amazonas,Lonya Chico,1989,0.003083
170102,Madre De Dios,Inambari,1989,0.000165
050502,Ayacucho,Anco,1989,0.000404
010523,Amazonas,Trita,1989,0.009096
010516,Amazonas,San Cristobal,1989,0.000726
080918,Cusco,Union Ashaninka,1989,4.3e-05
221006,San Martin,Santa Lucia,1989,0.002836
100702,Huanuco,Cholon,1989,0.000133
211205,Puno,Phara,1989,4e-05
170204,Madre De Dios,Huepetuhe,1989,3.7e-05
010302,Amazonas,Chisquilla,1989,0.0
050507,Ayacucho,Santa Rosa,1989,0.001448
220804,San Martin,Nueva Cajamarca,1989,0.019571
220809,San Martin,Yuracyacu,1989,0.010835
160603,Loreto,Padre Marquez,1989,9.1e-05
010522,Amazonas,Tingo,1989,0.00172
080906,Cusco,Quellouno,1989,0.000428
010301,Amazonas,Jumbilla,1989,0.000583
080917,Cusco,Manitea,1989,0.00052
250305,Ucayali,Alexander Von Humboldt,1990,0.003612
220509,San Martin,Shanao,1990,0.00354
250304,Ucayali,Neshuya,1990,0.001717
220501,San Martin,Lamas,1990,0.019601
220902,San Martin,Alberto Leveau,1990,0.002556
250102,Ucayali,Campoverde,1990,0.002742
220702,San Martin,Buenos Aires,1990,0.003007
220502,San Martin,Alonso De Alvarado,1990,0.002205
220404,San Martin,Piscoyacu,1990,0.002677
220708,San Martin,Shamboyacu,1990,0.000371
220204,San Martin,Huallaga,1990,0.001007
220605,San Martin,Pajarillo,1990,0.001099
010703,Amazonas,Cumba,1990,0.00138
220704,San Martin,Pilluana,1990,0.009077
220104,San Martin,Jepelacio,1990,0.004384
220505,San Martin,Cuñumbuqui,1990,0.004547
220507,San Martin,Rumisapa,1990,0.011278
220913,San Martin,Sauce,1990,0.004086
010608,Amazonas,Milpuc,1990,0.00029
220405,San Martin,Sacanche,1990,0.002277
220709,San Martin,Tingo De Ponasa,1990,0.002612
220304,San Martin,Santa Rosa,1990,0.001685
100903,Huanuco,Honoria,1990,0.000259
220203,San Martin,Bajo Biavo,1990,0.001378
220710,San Martin,Tres Unidos,1990,0.00086
220510,San Martin,Tabalosos,1990,0.003179
100904,Huanuco,Tournavista,1990,0.000252
010701,Amazonas,Bagua Grande,1990,0.013285
220701,San Martin,Picota,1990,0.01376
220403,San Martin,El Eslabon,1990,0.00272
250105,Ucayali,Yarinacocha,1990,0.016628
220914,San Martin,Shapaja,1990,0.001408
010707,Amazonas,Yamon,1990,0.000743
010705,Amazonas,Jamalca,1990,0.000525
220205,San Martin,San Pablo,1990,0.004
220705,San Martin,Pucacaca,1990,0.010447
220601,San Martin,Juanjui,1990,0.008993
100905,Huanuco,Yuyapichis,1990,7.3e-05
100608,Huanuco,Castillo Grande,1990,0.010449
220302,San Martin,Agua Blanca,1990,0.002164
250306,Ucayali,Huipoca,1990,0.000294
010611,Amazonas,Totora,1990,0.002514
010706,Amazonas,Lonya Grande,1990,0.000457
220706,San Martin,San Cristobal,1990,0.009857
010303,Amazonas,Churuja,1990,0.001062
220301,San Martin,San Jose De Sisa,1990,0.004091
010204,Amazonas,El Parco,1990,0.006659
010306,Amazonas,Florida,1990,0.001346
220303,San Martin,San Martin,1990,0.000374
220106,San Martin,Yantalo,1990,0.007359
220305,San Martin,Shatoja,1990,0.00179
010104,Amazonas,Cheto,1990,0.000139
160201,Loreto,Yurimaguas,1990,0.003397
060901,Cajamarca,San Ignacio,1990,0.003846
220511,San Martin,Zapatero,1990,0.002607
060811,Cajamarca,San Jose Del Alto,1990,0.000463
010206,Amazonas,La Peca,1990,0.002301
220401,San Martin,Saposoa,1990,0.00206
060902,Cajamarca,Chirinos,1990,0.002365
220908,San Martin,Juan Guerra,1990,0.00617
060904,Cajamarca,La Coipa,1990,0.001615
220808,San Martin,Yorongos,1990,0.004828
120607,Junin,Rio Negro,1990,0.001563
060812,Cajamarca,Santa Rosa,1990,0.000873
250106,Ucayali,Nueva Requena,1990,0.000246
220802,San Martin,Awajun,1990,0.000483
250302,Ucayali,Irazola,1990,0.000205
010109,Amazonas,La Jalca,1990,0.0023
220906,San Martin,El Porvenir,1990,0.000588
220707,San Martin,San Hilarion,1990,0.014075
220806,San Martin,Posic,1990,0.007273
220406,San Martin,Tingo De Saposoa,1990,0.004651
100901,Huanuco,Puerto Inca,1990,0.000109
010105,Amazonas,Chiliquin,1990,0.0
220105,San Martin,Soritor,1990,0.004652
220201,San Martin,Bellavista,1990,0.018836
060803,Cajamarca,Chontali,1990,0.00035
100605,Huanuco,Luyando,1990,0.005718
010307,Amazonas,Jazan,1990,0.005812
010502,Amazonas,Camporredondo,1990,0.001447
010515,Amazonas,Providencia,1990,0.000405
010102,Amazonas,Asuncion,1990,0.0
010510,Amazonas,Luya Viejo,1990,0.000184
100601,Huanuco,Rupa-Rupa,1990,0.011089
010514,Amazonas,Pisuquia,1990,1.8e-05
060810,Cajamarca,San Felipe,1990,0.00199
010305,Amazonas,Cuispes,1990,0.000507
060905,Cajamarca,Namballe,1990,0.000221
010119,Amazonas,San Isidro De Maino,1990,0.000972
060801,Cajamarca,Jaen,1990,0.01663
010513,Amazonas,Ocumal,1990,0.000254
220912,San Martin,San Antonio,1990,0.003495
220903,San Martin,Cacatachi,1990,0.021798
120602,Junin,Coviriali,1990,0.001779
120304,Junin,San Luis De Shuaro,1990,0.000977
120601,Junin,Satipo,1990,0.004108
010203,Amazonas,Copallin,1990,0.002581
010112,Amazonas,Magdalena,1990,0.001444
220102,San Martin,Calzada,1990,0.014297
060805,Cajamarca,Huabal,1990,0.002413
010610,Amazonas,Santa Rosa,1990,0.003208
220503,San Martin,Barranquita,1990,0.000282
220801,San Martin,Rioja,1990,0.030452
220703,San Martin,Caspisapa,1990,0.009435
080904,Cusco,Maranura,1990,0.002654
010117,Amazonas,Quinjalca,1990,0.0
250303,Ucayali,Curimana,1990,9.7e-05
010308,Amazonas,Recta,1990,0.0
010115,Amazonas,Montevideo,1990,0.000773
010114,Amazonas,Molinopampa,1990,0.000219
010503,Amazonas,Cocabamba,1990,9.9e-05
060809,Cajamarca,Sallique,1990,0.001053
010120,Amazonas,Soloco,1990,0.000297
010521,Amazonas,Santo Tomas,1990,0.002123
100113,Huanuco,San Pablo De Pillao,1990,0.0
010602,Amazonas,Chirimoto,1990,0.000133
100603,Huanuco,Hermilio Valdizan,1990,1.9e-05
010111,Amazonas,Levanto,1990,0.000689
010518,Amazonas,San Jeronimo,1990,0.000231
010609,Amazonas,Omia,1990,9.9e-05
100902,Huanuco,Codo Del Pozuzo,1990,6e-06
010113,Amazonas,Mariscal Castilla,1990,0.00151
220101,San Martin,Moyobamba,1990,0.003127
010310,Amazonas,Shipasbamba,1990,0.000844
100103,Huanuco,Chinchao,1990,0.000322
010311,Amazonas,Valera,1990,0.000946
060907,Cajamarca,Tabaconas,1990,0.000189
160112,Loreto,Belen,1990,0.005047
200307,Piura,Sondor,1990,0.000986
220803,San Martin,Elias Soplin Vargas,1990,0.006101
010506,Amazonas,Inguilpata,1990,0.00042
220506,San Martin,Pinto Recodo,1990,0.0005
120303,Junin,Pichanaqui,1990,0.002839
010202,Amazonas,Aramango,1990,0.000299
010606,Amazonas,Longar,1990,0.001406
160101,Loreto,Iquitos,1990,0.030795
010507,Amazonas,Longuita,1990,0.000364
221001,San Martin,Tocache,1990,0.006161
010511,Amazonas,Maria,1990,0.000334
080901,Cusco,Santa Ana,1990,0.010457
120302,Junin,Perene,1990,0.003403
050409,Ayacucho,Canayre,1990,0.000354
221002,San Martin,Nuevo Progreso,1990,0.001612
200303,Piura,El Carmen De La Frontera,1990,0.000216
100609,Huanuco,Pueblo Nuevo,1990,0.000243
080903,Cusco,Huayopata,1990,0.001167
010604,Amazonas,Huambo,1990,0.002793
100505,Huanuco,Jircan,1990,0.0
010512,Amazonas,Ocalli,1990,0.000724
010101,Amazonas,Chachapoyas,1990,0.02958
060903,Cajamarca,Huarango,1990,0.000504
010116,Amazonas,Olleros,1990,0.0
010605,Amazonas,Limabamba,1990,0.000188
100804,Huanuco,Umari,1990,0.0
220504,San Martin,Caynarachi,1990,0.000793
080905,Cusco,Ocobamba,1990,0.000326
010517,Amazonas,San Francisco Del Yeso,1990,0.00022
120609,Junin,Vizcatán Del Ene,1990,4.7e-05
060807,Cajamarca,Pomahuaca,1990,0.000624
010304,Amazonas,Corosha,1990,0.0
221005,San Martin,Uchiza,1990,0.00445
220807,San Martin,San Fernando,1990,0.00278
050512,Ayacucho,Union Progreso,1990,0.003612
060804,Cajamarca,Colasay,1990,0.000653
160503,Loreto,Capelo,1990,0.000371
220910,San Martin,Morales,1990,0.064047
120604,Junin,Mazamari,1990,0.001507
120603,Junin,Llaylla,1990,0.000293
010520,Amazonas,Santa Catalina,1990,4.9e-05
010603,Amazonas,Cochamal,1990,0.000221
120209,Junin,Mariscal Castilla,1990,0.003768
010601,Amazonas,San Nicolas,1990,0.008334
010519,Amazonas,San Juan De Lopecancha,1990,1e-05
160211,Loreto,Teniente Cesar Lopez Rojas,1990,0.000149
080408,Cusco,Yanatile,1990,0.000593
050408,Ayacucho,Llochegua,1990,0.000723
100507,Huanuco,Monzon,1990,0.000705
081304,Cusco,Machupicchu,1990,0.000511
220909,San Martin,La Banda De Shilcayo,1990,0.019715
220103,San Martin,Habana,1990,0.014213
100606,Huanuco,Mariano Damaso Beraun,1990,0.000612
010508,Amazonas,Lonya Chico,1990,0.003287
170102,Madre De Dios,Inambari,1990,0.00017
050502,Ayacucho,Anco,1990,0.000406
010523,Amazonas,Trita,1990,0.00916
010516,Amazonas,San Cristobal,1990,0.001001
080918,Cusco,Union Ashaninka,1990,4.3e-05
221006,San Martin,Santa Lucia,1990,0.003588
100702,Huanuco,Cholon,1990,0.000134
211205,Puno,Phara,1990,4.4e-05
170204,Madre De Dios,Huepetuhe,1990,3.7e-05
010302,Amazonas,Chisquilla,1990,0.0
050507,Ayacucho,Santa Rosa,1990,0.001513
220804,San Martin,Nueva Cajamarca,1990,0.021264
220809,San Martin,Yuracyacu,1990,0.011322
160603,Loreto,Padre Marquez,1990,9.4e-05
010522,Amazonas,Tingo,1990,0.002674
080906,Cusco,Quellouno,1990,0.000432
010301,Amazonas,Jumbilla,1990,0.000964
080917,Cusco,Manitea,1990,0.000532
250305,Ucayali,Alexander Von Humboldt,1991,0.00362
220509,San Martin,Shanao,1991,0.003576
250304,Ucayali,Neshuya,1991,0.001828
220501,San Martin,Lamas,1991,0.019559
220902,San Martin,Alberto Leveau,1991,0.002539
250102,Ucayali,Campoverde,1991,0.002808
220702,San Martin,Buenos Aires,1991,0.003201
220502,San Martin,Alonso De Alvarado,1991,0.002256
220404,San Martin,Piscoyacu,1991,0.00278
220708,San Martin,Shamboyacu,1991,0.000384
220204,San Martin,Huallaga,1991,0.001031
220605,San Martin,Pajarillo,1991,0.00115
010703,Amazonas,Cumba,1991,0.001374
220704,San Martin,Pilluana,1991,0.008869
220104,San Martin,Jepelacio,1991,0.004508
220505,San Martin,Cuñumbuqui,1991,0.004654
220507,San Martin,Rumisapa,1991,0.010824
220913,San Martin,Sauce,1991,0.004148
010608,Amazonas,Milpuc,1991,0.00029
220405,San Martin,Sacanche,1991,0.002272
220709,San Martin,Tingo De Ponasa,1991,0.00258
220304,San Martin,Santa Rosa,1991,0.001739
100903,Huanuco,Honoria,1991,0.000257
220203,San Martin,Bajo Biavo,1991,0.00142
220710,San Martin,Tres Unidos,1991,0.000867
220510,San Martin,Tabalosos,1991,0.003233
100904,Huanuco,Tournavista,1991,0.000247
010701,Amazonas,Bagua Grande,1991,0.013725
220701,San Martin,Picota,1991,0.014148
220403,San Martin,El Eslabon,1991,0.002642
250105,Ucayali,Yarinacocha,1991,0.017091
220914,San Martin,Shapaja,1991,0.001446
010707,Amazonas,Yamon,1991,0.000802
010705,Amazonas,Jamalca,1991,0.000574
220205,San Martin,San Pablo,1991,0.004082
220705,San Martin,Pucacaca,1991,0.011042
220601,San Martin,Juanjui,1991,0.009365
100905,Huanuco,Yuyapichis,1991,7.8e-05
100608,Huanuco,Castillo Grande,1991,0.010533
220302,San Martin,Agua Blanca,1991,0.002193
250306,Ucayali,Huipoca,1991,0.000323
010611,Amazonas,Totora,1991,0.002606
010706,Amazonas,Lonya Grande,1991,0.000466
220706,San Martin,San Cristobal,1991,0.010271
010303,Amazonas,Churuja,1991,0.001062
220301,San Martin,San Jose De Sisa,1991,0.004186
010204,Amazonas,El Parco,1991,0.006463
010306,Amazonas,Florida,1991,0.001474
220303,San Martin,San Martin,1991,0.000408
220106,San Martin,Yantalo,1991,0.007665
220305,San Martin,Shatoja,1991,0.001776
010104,Amazonas,Cheto,1991,0.000177
160201,Loreto,Yurimaguas,1991,0.003448
060901,Cajamarca,San Ignacio,1991,0.003908
220511,San Martin,Zapatero,1991,0.002689
060811,Cajamarca,San Jose Del Alto,1991,0.00047
010206,Amazonas,La Peca,1991,0.002321
220401,San Martin,Saposoa,1991,0.002068
060902,Cajamarca,Chirinos,1991,0.002507
220908,San Martin,Juan Guerra,1991,0.006299
060904,Cajamarca,La Coipa,1991,0.001626
220808,San Martin,Yorongos,1991,0.004926
120607,Junin,Rio Negro,1991,0.001691
060812,Cajamarca,Santa Rosa,1991,0.00089
250106,Ucayali,Nueva Requena,1991,0.000254
220802,San Martin,Awajun,1991,0.000532
250302,Ucayali,Irazola,1991,0.000206
010109,Amazonas,La Jalca,1991,0.002314
220906,San Martin,El Porvenir,1991,0.000585
220707,San Martin,San Hilarion,1991,0.01416
220806,San Martin,Posic,1991,0.007865
220406,San Martin,Tingo De Saposoa,1991,0.004594
100901,Huanuco,Puerto Inca,1991,0.000111
010105,Amazonas,Chiliquin,1991,0.0
220105,San Martin,Soritor,1991,0.004864
220201,San Martin,Bellavista,1991,0.02057
060803,Cajamarca,Chontali,1991,0.000398
100605,Huanuco,Luyando,1991,0.005734
010307,Amazonas,Jazan,1991,0.005812
010502,Amazonas,Camporredondo,1991,0.001463
010515,Amazonas,Providencia,1991,0.000405
010102,Amazonas,Asuncion,1991,0.0
010510,Amazonas,Luya Viejo,1991,0.000184
100601,Huanuco,Rupa-Rupa,1991,0.011177
010514,Amazonas,Pisuquia,1991,1.8e-05
060810,Cajamarca,San Felipe,1991,0.00215
010305,Amazonas,Cuispes,1991,0.000517
060905,Cajamarca,Namballe,1991,0.000291
010119,Amazonas,San Isidro De Maino,1991,0.00103
060801,Cajamarca,Jaen,1991,0.017409
010513,Amazonas,Ocumal,1991,0.000259
220912,San Martin,San Antonio,1991,0.003507
220903,San Martin,Cacatachi,1991,0.021663
120602,Junin,Coviriali,1991,0.001779
120304,Junin,San Luis De Shuaro,1991,0.00094
120601,Junin,Satipo,1991,0.004317
010203,Amazonas,Copallin,1991,0.002572
010112,Amazonas,Magdalena,1991,0.001529
220102,San Martin,Calzada,1991,0.014796
060805,Cajamarca,Huabal,1991,0.002413
010610,Amazonas,Santa Rosa,1991,0.003296
220503,San Martin,Barranquita,1991,0.000283
220801,San Martin,Rioja,1991,0.031788
220703,San Martin,Caspisapa,1991,0.009621
080904,Cusco,Maranura,1991,0.00267
010117,Amazonas,Quinjalca,1991,0.0
250303,Ucayali,Curimana,1991,0.0001
010308,Amazonas,Recta,1991,0.0
010115,Amazonas,Montevideo,1991,0.00078
010114,Amazonas,Molinopampa,1991,0.000277
010503,Amazonas,Cocabamba,1991,9.9e-05
060809,Cajamarca,Sallique,1991,0.001155
010120,Amazonas,Soloco,1991,0.000309
010521,Amazonas,Santo Tomas,1991,0.002163
100113,Huanuco,San Pablo De Pillao,1991,0.0
010602,Amazonas,Chirimoto,1991,0.000139
100603,Huanuco,Hermilio Valdizan,1991,1.9e-05
010111,Amazonas,Levanto,1991,0.000879
010518,Amazonas,San Jeronimo,1991,0.000265
010609,Amazonas,Omia,1991,0.000107
100902,Huanuco,Codo Del Pozuzo,1991,1.3e-05
010113,Amazonas,Mariscal Castilla,1991,0.001803
220101,San Martin,Moyobamba,1991,0.003215
010310,Amazonas,Shipasbamba,1991,0.000859
100103,Huanuco,Chinchao,1991,0.000338
010311,Amazonas,Valera,1991,0.000946
060907,Cajamarca,Tabaconas,1991,0.000213
160112,Loreto,Belen,1991,0.005099
200307,Piura,Sondor,1991,0.000999
220803,San Martin,Elias Soplin Vargas,1991,0.006464
010506,Amazonas,Inguilpata,1991,0.000488
220506,San Martin,Pinto Recodo,1991,0.000503
120303,Junin,Pichanaqui,1991,0.002841
010202,Amazonas,Aramango,1991,0.0003
010606,Amazonas,Longar,1991,0.001449
160101,Loreto,Iquitos,1991,0.030843
010507,Amazonas,Longuita,1991,0.000379
221001,San Martin,Tocache,1991,0.006205
010511,Amazonas,Maria,1991,0.000365
080901,Cusco,Santa Ana,1991,0.010727
120302,Junin,Perene,1991,0.003403
050409,Ayacucho,Canayre,1991,0.000497
221002,San Martin,Nuevo Progreso,1991,0.001611
200303,Piura,El Carmen De La Frontera,1991,0.000226
100609,Huanuco,Pueblo Nuevo,1991,0.000243
080903,Cusco,Huayopata,1991,0.001184
010604,Amazonas,Huambo,1991,0.002759
100505,Huanuco,Jircan,1991,0.0
010512,Amazonas,Ocalli,1991,0.00075
010101,Amazonas,Chachapoyas,1991,0.031386
060903,Cajamarca,Huarango,1991,0.000512
010116,Amazonas,Olleros,1991,0.0
010605,Amazonas,Limabamba,1991,0.000198
100804,Huanuco,Umari,1991,0.0
220504,San Martin,Caynarachi,1991,0.000839
080905,Cusco,Ocobamba,1991,0.000332
010517,Amazonas,San Francisco Del Yeso,1991,0.00023
120609,Junin,Vizcatán Del Ene,1991,4.5e-05
060807,Cajamarca,Pomahuaca,1991,0.00066
010304,Amazonas,Corosha,1991,0.0
221005,San Martin,Uchiza,1991,0.004485
220807,San Martin,San Fernando,1991,0.002754
050512,Ayacucho,Union Progreso,1991,0.003612
060804,Cajamarca,Colasay,1991,0.000665
160503,Loreto,Capelo,1991,0.000358
220910,San Martin,Morales,1991,0.066185
120604,Junin,Mazamari,1991,0.001706
120603,Junin,Llaylla,1991,0.000458
010520,Amazonas,Santa Catalina,1991,4.9e-05
010603,Amazonas,Cochamal,1991,0.000256
120209,Junin,Mariscal Castilla,1991,0.003784
010601,Amazonas,San Nicolas,1991,0.008413
010519,Amazonas,San Juan De Lopecancha,1991,1e-05
160211,Loreto,Teniente Cesar Lopez Rojas,1991,0.000163
080408,Cusco,Yanatile,1991,0.000598
050408,Ayacucho,Llochegua,1991,0.000897
100507,Huanuco,Monzon,1991,0.000712
081304,Cusco,Machupicchu,1991,0.000531
220909,San Martin,La Banda De Shilcayo,1991,0.020614
220103,San Martin,Habana,1991,0.015415
100606,Huanuco,Mariano Damaso Beraun,1991,0.000622
010508,Amazonas,Lonya Chico,1991,0.003582
170102,Madre De Dios,Inambari,1991,0.000188
050502,Ayacucho,Anco,1991,0.000404
010523,Amazonas,Trita,1991,0.010177
010516,Amazonas,San Cristobal,1991,0.001326
080918,Cusco,Union Ashaninka,1991,0.000131
221006,San Martin,Santa Lucia,1991,0.003839
100702,Huanuco,Cholon,1991,0.000132
211205,Puno,Phara,1991,4.8e-05
170204,Madre De Dios,Huepetuhe,1991,3.7e-05
010302,Amazonas,Chisquilla,1991,0.0
050507,Ayacucho,Santa Rosa,1991,0.001477
220804,San Martin,Nueva Cajamarca,1991,0.022212
220809,San Martin,Yuracyacu,1991,0.012024
160603,Loreto,Padre Marquez,1991,0.000103
010522,Amazonas,Tingo,1991,0.002927
080906,Cusco,Quellouno,1991,0.000449
010301,Amazonas,Jumbilla,1991,0.001076
080917,Cusco,Manitea,1991,0.000581
250305,Ucayali,Alexander Von Humboldt,1992,0.003659
220509,San Martin,Shanao,1992,0.003649
250304,Ucayali,Neshuya,1992,0.001845
220501,San Martin,Lamas,1992,0.020164
220902,San Martin,Alberto Leveau,1992,0.002522
250102,Ucayali,Campoverde,1992,0.002838
220702,San Martin,Buenos Aires,1992,0.003292
220502,San Martin,Alonso De Alvarado,1992,0.002271
220404,San Martin,Piscoyacu,1992,0.003225
220708,San Martin,Shamboyacu,1992,0.000396
220204,San Martin,Huallaga,1992,0.001021
220605,San Martin,Pajarillo,1992,0.001275
010703,Amazonas,Cumba,1992,0.00138
220704,San Martin,Pilluana,1992,0.009194
220104,San Martin,Jepelacio,1992,0.004596
220505,San Martin,Cuñumbuqui,1992,0.00461
220507,San Martin,Rumisapa,1992,0.011144
220913,San Martin,Sauce,1992,0.004289
010608,Amazonas,Milpuc,1992,0.00029
220405,San Martin,Sacanche,1992,0.00236
220709,San Martin,Tingo De Ponasa,1992,0.00261
220304,San Martin,Santa Rosa,1992,0.001792
100903,Huanuco,Honoria,1992,0.000254
220203,San Martin,Bajo Biavo,1992,0.001402
220710,San Martin,Tres Unidos,1992,0.000882
220510,San Martin,Tabalosos,1992,0.003226
100904,Huanuco,Tournavista,1992,0.000262
010701,Amazonas,Bagua Grande,1992,0.014027
220701,San Martin,Picota,1992,0.013989
220403,San Martin,El Eslabon,1992,0.002841
250105,Ucayali,Yarinacocha,1992,0.017567
220914,San Martin,Shapaja,1992,0.001491
010707,Amazonas,Yamon,1992,0.000756
010705,Amazonas,Jamalca,1992,0.000553
220205,San Martin,San Pablo,1992,0.004324
220705,San Martin,Pucacaca,1992,0.011304
220601,San Martin,Juanjui,1992,0.010021
100905,Huanuco,Yuyapichis,1992,7.9e-05
100608,Huanuco,Castillo Grande,1992,0.010736
220302,San Martin,Agua Blanca,1992,0.00217
250306,Ucayali,Huipoca,1992,0.000326
010611,Amazonas,Totora,1992,0.002514
010706,Amazonas,Lonya Grande,1992,0.000469
220706,San Martin,San Cristobal,1992,0.010359
010303,Amazonas,Churuja,1992,0.00137
220301,San Martin,San Jose De Sisa,1992,0.004235
010204,Amazonas,El Parco,1992,0.006512
010306,Amazonas,Florida,1992,0.00155
220303,San Martin,San Martin,1992,0.00042
220106,San Martin,Yantalo,1992,0.007793
220305,San Martin,Shatoja,1992,0.001819
010104,Amazonas,Cheto,1992,0.00019
160201,Loreto,Yurimaguas,1992,0.003555
060901,Cajamarca,San Ignacio,1992,0.003871
220511,San Martin,Zapatero,1992,0.00273
060811,Cajamarca,San Jose Del Alto,1992,0.000457
010206,Amazonas,La Peca,1992,0.002391
220401,San Martin,Saposoa,1992,0.00209
060902,Cajamarca,Chirinos,1992,0.002447
220908,San Martin,Juan Guerra,1992,0.006443
060904,Cajamarca,La Coipa,1992,0.001644
220808,San Martin,Yorongos,1992,0.004991
120607,Junin,Rio Negro,1992,0.001691
060812,Cajamarca,Santa Rosa,1992,0.000919
250106,Ucayali,Nueva Requena,1992,0.000254
220802,San Martin,Awajun,1992,0.000597
250302,Ucayali,Irazola,1992,0.00021
010109,Amazonas,La Jalca,1992,0.002343
220906,San Martin,El Porvenir,1992,0.000585
220707,San Martin,San Hilarion,1992,0.014484
220806,San Martin,Posic,1992,0.008068
220406,San Martin,Tingo De Saposoa,1992,0.004764
100901,Huanuco,Puerto Inca,1992,0.00011
010105,Amazonas,Chiliquin,1992,0.0
220105,San Martin,Soritor,1992,0.005054
220201,San Martin,Bellavista,1992,0.020806
060803,Cajamarca,Chontali,1992,0.000404
100605,Huanuco,Luyando,1992,0.005671
010307,Amazonas,Jazan,1992,0.006117
010502,Amazonas,Camporredondo,1992,0.001483
010515,Amazonas,Providencia,1992,0.000435
010102,Amazonas,Asuncion,1992,0.0
010510,Amazonas,Luya Viejo,1992,0.000184
100601,Huanuco,Rupa-Rupa,1992,0.01137
010514,Amazonas,Pisuquia,1992,1.8e-05
060810,Cajamarca,San Felipe,1992,0.00214
010305,Amazonas,Cuispes,1992,0.000544
060905,Cajamarca,Namballe,1992,0.000291
010119,Amazonas,San Isidro De Maino,1992,0.001071
060801,Cajamarca,Jaen,1992,0.017662
010513,Amazonas,Ocumal,1992,0.000261
220912,San Martin,San Antonio,1992,0.003121
220903,San Martin,Cacatachi,1992,0.023729
120602,Junin,Coviriali,1992,0.001779
120304,Junin,San Luis De Shuaro,1992,0.00094
120601,Junin,Satipo,1992,0.004317
010203,Amazonas,Copallin,1992,0.002572
010112,Amazonas,Magdalena,1992,0.001588
220102,San Martin,Calzada,1992,0.015256
060805,Cajamarca,Huabal,1992,0.002455
010610,Amazonas,Santa Rosa,1992,0.003252
220503,San Martin,Barranquita,1992,0.000296
220801,San Martin,Rioja,1992,0.032337
220703,San Martin,Caspisapa,1992,0.00975
080904,Cusco,Maranura,1992,0.002664
010117,Amazonas,Quinjalca,1992,0.0
250303,Ucayali,Curimana,1992,9.5e-05
010308,Amazonas,Recta,1992,0.0
010115,Amazonas,Montevideo,1992,0.000867
010114,Amazonas,Molinopampa,1992,0.00029
010503,Amazonas,Cocabamba,1992,9.9e-05
060809,Cajamarca,Sallique,1992,0.001155
010120,Amazonas,Soloco,1992,0.000309
010521,Amazonas,Santo Tomas,1992,0.002192
100113,Huanuco,San Pablo De Pillao,1992,0.0
010602,Amazonas,Chirimoto,1992,0.000139
100603,Huanuco,Hermilio Valdizan,1992,1.9e-05
010111,Amazonas,Levanto,1992,0.000891
010518,Amazonas,San Jeronimo,1992,0.000282
010609,Amazonas,Omia,1992,0.000107
100902,Huanuco,Codo Del Pozuzo,1992,1.5e-05
010113,Amazonas,Mariscal Castilla,1992,0.002028
220101,San Martin,Moyobamba,1992,0.003304
010310,Amazonas,Shipasbamba,1992,0.000901
100103,Huanuco,Chinchao,1992,0.000352
010311,Amazonas,Valera,1992,0.000946
060907,Cajamarca,Tabaconas,1992,0.000213
160112,Loreto,Belen,1992,0.00511
200307,Piura,Sondor,1992,0.000996
220803,San Martin,Elias Soplin Vargas,1992,0.006432
010506,Amazonas,Inguilpata,1992,0.000503
220506,San Martin,Pinto Recodo,1992,0.000527
120303,Junin,Pichanaqui,1992,0.002841
010202,Amazonas,Aramango,1992,0.000294
010606,Amazonas,Longar,1992,0.001535
160101,Loreto,Iquitos,1992,0.030982
010507,Amazonas,Longuita,1992,0.000379
221001,San Martin,Tocache,1992,0.006182
010511,Amazonas,Maria,1992,0.000375
080901,Cusco,Santa Ana,1992,0.010894
120302,Junin,Perene,1992,0.003411
050409,Ayacucho,Canayre,1992,0.000597
221002,San Martin,Nuevo Progreso,1992,0.001613
200303,Piura,El Carmen De La Frontera,1992,0.000226
100609,Huanuco,Pueblo Nuevo,1992,0.000265
080903,Cusco,Huayopata,1992,0.001204
010604,Amazonas,Huambo,1992,0.002793
100505,Huanuco,Jircan,1992,0.0
010512,Amazonas,Ocalli,1992,0.000802
010101,Amazonas,Chachapoyas,1992,0.032146
060903,Cajamarca,Huarango,1992,0.000519
010116,Amazonas,Olleros,1992,0.0
010605,Amazonas,Limabamba,1992,0.000201
100804,Huanuco,Umari,1992,0.0
220504,San Martin,Caynarachi,1992,0.000856
080905,Cusco,Ocobamba,1992,0.000337
010517,Amazonas,San Francisco Del Yeso,1992,0.00023
120609,Junin,Vizcatán Del Ene,1992,3.5e-05
060807,Cajamarca,Pomahuaca,1992,0.000669
010304,Amazonas,Corosha,1992,0.0
221005,San Martin,Uchiza,1992,0.004498
220807,San Martin,San Fernando,1992,0.002677
050512,Ayacucho,Union Progreso,1992,0.003634
060804,Cajamarca,Colasay,1992,0.000647
160503,Loreto,Capelo,1992,0.000409
220910,San Martin,Morales,1992,0.067044
120604,Junin,Mazamari,1992,0.001707
120603,Junin,Llaylla,1992,0.000458
010520,Amazonas,Santa Catalina,1992,4.9e-05
010603,Amazonas,Cochamal,1992,0.00031
120209,Junin,Mariscal Castilla,1992,0.003815
010601,Amazonas,San Nicolas,1992,0.008343
010519,Amazonas,San Juan De Lopecancha,1992,2.1e-05
160211,Loreto,Teniente Cesar Lopez Rojas,1992,0.000172
080408,Cusco,Yanatile,1992,0.000605
050408,Ayacucho,Llochegua,1992,0.000791
100507,Huanuco,Monzon,1992,0.000773
081304,Cusco,Machupicchu,1992,0.00054
220909,San Martin,La Banda De Shilcayo,1992,0.021387
220103,San Martin,Habana,1992,0.015829
100606,Huanuco,Mariano Damaso Beraun,1992,0.000665
010508,Amazonas,Lonya Chico,1992,0.003594
170102,Madre De Dios,Inambari,1992,0.000187
050502,Ayacucho,Anco,1992,0.000404
010523,Amazonas,Trita,1992,0.010623
010516,Amazonas,San Cristobal,1992,0.001351
080918,Cusco,Union Ashaninka,1992,0.000134
221006,San Martin,Santa Lucia,1992,0.004046
100702,Huanuco,Cholon,1992,0.000132
211205,Puno,Phara,1992,5.2e-05
170204,Madre De Dios,Huepetuhe,1992,4e-05
010302,Amazonas,Chisquilla,1992,0.0
050507,Ayacucho,Santa Rosa,1992,0.001513
220804,San Martin,Nueva Cajamarca,1992,0.022058
220809,San Martin,Yuracyacu,1992,0.012554
160603,Loreto,Padre Marquez,1992,0.000109
010522,Amazonas,Tingo,1992,0.003131
080906,Cusco,Quellouno,1992,0.000437
010301,Amazonas,Jumbilla,1992,0.001099
080917,Cusco,Manitea,1992,0.000483
250305,Ucayali,Alexander Von Humboldt,1993,0.003737
220509,San Martin,Shanao,1993,0.003357
250304,Ucayali,Neshuya,1993,0.001951
220501,San Martin,Lamas,1993,0.020102
220902,San Martin,Alberto Leveau,1993,0.002522
250102,Ucayali,Campoverde,1993,0.002859
220702,San Martin,Buenos Aires,1993,0.003409
220502,San Martin,Alonso De Alvarado,1993,0.002238
220404,San Martin,Piscoyacu,1993,0.003496
220708,San Martin,Shamboyacu,1993,0.000412
220204,San Martin,Huallaga,1993,0.001028
220605,San Martin,Pajarillo,1993,0.001261
010703,Amazonas,Cumba,1993,0.001434
220704,San Martin,Pilluana,1993,0.009285
220104,San Martin,Jepelacio,1993,0.004584
220505,San Martin,Cuñumbuqui,1993,0.004664
220507,San Martin,Rumisapa,1993,0.011171
220913,San Martin,Sauce,1993,0.005116
010608,Amazonas,Milpuc,1993,0.000414
220405,San Martin,Sacanche,1993,0.002387
220709,San Martin,Tingo De Ponasa,1993,0.002618
220304,San Martin,Santa Rosa,1993,0.001814
100903,Huanuco,Honoria,1993,0.000268
220203,San Martin,Bajo Biavo,1993,0.001415
220710,San Martin,Tres Unidos,1993,0.000882
220510,San Martin,Tabalosos,1993,0.003257
100904,Huanuco,Tournavista,1993,0.000275
010701,Amazonas,Bagua Grande,1993,0.014285
220701,San Martin,Picota,1993,0.014712
220403,San Martin,El Eslabon,1993,0.002827
250105,Ucayali,Yarinacocha,1993,0.018419
220914,San Martin,Shapaja,1993,0.001502
010707,Amazonas,Yamon,1993,0.000973
010705,Amazonas,Jamalca,1993,0.000726
220205,San Martin,San Pablo,1993,0.004607
220705,San Martin,Pucacaca,1993,0.011628
220601,San Martin,Juanjui,1993,0.01012
100905,Huanuco,Yuyapichis,1993,8.1e-05
100608,Huanuco,Castillo Grande,1993,0.01077
220302,San Martin,Agua Blanca,1993,0.002164
250306,Ucayali,Huipoca,1993,0.000371
010611,Amazonas,Totora,1993,0.00256
010706,Amazonas,Lonya Grande,1993,0.000476
220706,San Martin,San Cristobal,1993,0.011717
010303,Amazonas,Churuja,1993,0.001342
220301,San Martin,San Jose De Sisa,1993,0.004233
010204,Amazonas,El Parco,1993,0.006512
010306,Amazonas,Florida,1993,0.001623
220303,San Martin,San Martin,1993,0.000428
220106,San Martin,Yantalo,1993,0.008074
220305,San Martin,Shatoja,1993,0.001934
010104,Amazonas,Cheto,1993,0.000215
160201,Loreto,Yurimaguas,1993,0.003577
060901,Cajamarca,San Ignacio,1993,0.003871
220511,San Martin,Zapatero,1993,0.002765
060811,Cajamarca,San Jose Del Alto,1993,0.000457
010206,Amazonas,La Peca,1993,0.002404
220401,San Martin,Saposoa,1993,0.002242
060902,Cajamarca,Chirinos,1993,0.002555
220908,San Martin,Juan Guerra,1993,0.006498
060904,Cajamarca,La Coipa,1993,0.001666
220808,San Martin,Yorongos,1993,0.004958
120607,Junin,Rio Negro,1993,0.001743
060812,Cajamarca,Santa Rosa,1993,0.001062
250106,Ucayali,Nueva Requena,1993,0.000259
220802,San Martin,Awajun,1993,0.00066
250302,Ucayali,Irazola,1993,0.000214
010109,Amazonas,La Jalca,1993,0.002357
220906,San Martin,El Porvenir,1993,0.000614
220707,San Martin,San Hilarion,1993,0.015253
220806,San Martin,Posic,1993,0.009066
220406,San Martin,Tingo De Saposoa,1993,0.004972
100901,Huanuco,Puerto Inca,1993,0.000112
010105,Amazonas,Chiliquin,1993,0.0
220105,San Martin,Soritor,1993,0.00526
220201,San Martin,Bellavista,1993,0.021706
060803,Cajamarca,Chontali,1993,0.000404
100605,Huanuco,Luyando,1993,0.005671
010307,Amazonas,Jazan,1993,0.006364
010502,Amazonas,Camporredondo,1993,0.001549
010515,Amazonas,Providencia,1993,0.000496
010102,Amazonas,Asuncion,1993,0.0
010510,Amazonas,Luya Viejo,1993,0.000223
100601,Huanuco,Rupa-Rupa,1993,0.011817
010514,Amazonas,Pisuquia,1993,1.8e-05
060810,Cajamarca,San Felipe,1993,0.00224
010305,Amazonas,Cuispes,1993,0.000553
060905,Cajamarca,Namballe,1993,0.000291
010119,Amazonas,San Isidro De Maino,1993,0.001079
060801,Cajamarca,Jaen,1993,0.017873
010513,Amazonas,Ocumal,1993,0.000279
220912,San Martin,San Antonio,1993,0.00328
220903,San Martin,Cacatachi,1993,0.02483
120602,Junin,Coviriali,1993,0.001878
120304,Junin,San Luis De Shuaro,1993,0.000977
120601,Junin,Satipo,1993,0.004431
010203,Amazonas,Copallin,1993,0.002554
010112,Amazonas,Magdalena,1993,0.001588
220102,San Martin,Calzada,1993,0.015893
060805,Cajamarca,Huabal,1993,0.002444
010610,Amazonas,Santa Rosa,1993,0.003208
220503,San Martin,Barranquita,1993,0.000291
220801,San Martin,Rioja,1993,0.032784
220703,San Martin,Caspisapa,1993,0.009913
080904,Cusco,Maranura,1993,0.002611
010117,Amazonas,Quinjalca,1993,0.0
250303,Ucayali,Curimana,1993,0.000112
010308,Amazonas,Recta,1993,0.0
010115,Amazonas,Montevideo,1993,0.00086
010114,Amazonas,Molinopampa,1993,0.000311
010503,Amazonas,Cocabamba,1993,9.9e-05
060809,Cajamarca,Sallique,1993,0.001155
010120,Amazonas,Soloco,1993,0.000297
010521,Amazonas,Santo Tomas,1993,0.002222
100113,Huanuco,San Pablo De Pillao,1993,0.0
010602,Amazonas,Chirimoto,1993,0.000139
100603,Huanuco,Hermilio Valdizan,1993,1.9e-05
010111,Amazonas,Levanto,1993,0.000915
010518,Amazonas,San Jeronimo,1993,0.000304
010609,Amazonas,Omia,1993,0.000107
100902,Huanuco,Codo Del Pozuzo,1993,1.5e-05
010113,Amazonas,Mariscal Castilla,1993,0.002118
220101,San Martin,Moyobamba,1993,0.003306
010310,Amazonas,Shipasbamba,1993,0.000923
100103,Huanuco,Chinchao,1993,0.000366
010311,Amazonas,Valera,1993,0.000946
060907,Cajamarca,Tabaconas,1993,0.000213
160112,Loreto,Belen,1993,0.0051
200307,Piura,Sondor,1993,0.000996
220803,San Martin,Elias Soplin Vargas,1993,0.006485
010506,Amazonas,Inguilpata,1993,0.000503
220506,San Martin,Pinto Recodo,1993,0.00053
120303,Junin,Pichanaqui,1993,0.002862
010202,Amazonas,Aramango,1993,0.000347
010606,Amazonas,Longar,1993,0.001492
160101,Loreto,Iquitos,1993,0.030953
010507,Amazonas,Longuita,1993,0.000379
221001,San Martin,Tocache,1993,0.006309
010511,Amazonas,Maria,1993,0.000395
080901,Cusco,Santa Ana,1993,0.011001
120302,Junin,Perene,1993,0.00343
050409,Ayacucho,Canayre,1993,0.00038
221002,San Martin,Nuevo Progreso,1993,0.001653
200303,Piura,El Carmen De La Frontera,1993,0.000226
100609,Huanuco,Pueblo Nuevo,1993,0.000265
080903,Cusco,Huayopata,1993,0.001225
010604,Amazonas,Huambo,1993,0.002828
100505,Huanuco,Jircan,1993,0.0
010512,Amazonas,Ocalli,1993,0.0009
010101,Amazonas,Chachapoyas,1993,0.032401
060903,Cajamarca,Huarango,1993,0.000568
010116,Amazonas,Olleros,1993,0.0
010605,Amazonas,Limabamba,1993,0.000199
100804,Huanuco,Umari,1993,0.0
220504,San Martin,Caynarachi,1993,0.000873
080905,Cusco,Ocobamba,1993,0.000333
010517,Amazonas,San Francisco Del Yeso,1993,0.00023
120609,Junin,Vizcatán Del Ene,1993,4e-05
060807,Cajamarca,Pomahuaca,1993,0.000668
010304,Amazonas,Corosha,1993,0.0
221005,San Martin,Uchiza,1993,0.004489
220807,San Martin,San Fernando,1993,0.00269
050512,Ayacucho,Union Progreso,1993,0.003523
060804,Cajamarca,Colasay,1993,0.000653
160503,Loreto,Capelo,1993,0.000433
220910,San Martin,Morales,1993,0.06792
120604,Junin,Mazamari,1993,0.00179
120603,Junin,Llaylla,1993,0.000475
010520,Amazonas,Santa Catalina,1993,5.9e-05
010603,Amazonas,Cochamal,1993,0.000305
120209,Junin,Mariscal Castilla,1993,0.003659
010601,Amazonas,San Nicolas,1993,0.008491
010519,Amazonas,San Juan De Lopecancha,1993,2.1e-05
160211,Loreto,Teniente Cesar Lopez Rojas,1993,0.000188
080408,Cusco,Yanatile,1993,0.000604
050408,Ayacucho,Llochegua,1993,0.000824
100507,Huanuco,Monzon,1993,0.000823
081304,Cusco,Machupicchu,1993,0.000547
220909,San Martin,La Banda De Shilcayo,1993,0.02166
220103,San Martin,Habana,1993,0.016591
100606,Huanuco,Mariano Damaso Beraun,1993,0.000681
010508,Amazonas,Lonya Chico,1993,0.003582
170102,Madre De Dios,Inambari,1993,0.000194
050502,Ayacucho,Anco,1993,0.000418
010523,Amazonas,Trita,1993,0.011259
010516,Amazonas,San Cristobal,1993,0.001351
080918,Cusco,Union Ashaninka,1993,0.000202
221006,San Martin,Santa Lucia,1993,0.004162
100702,Huanuco,Cholon,1993,0.000126
211205,Puno,Phara,1993,5.6e-05
170204,Madre De Dios,Huepetuhe,1993,4.1e-05
010302,Amazonas,Chisquilla,1993,0.0
050507,Ayacucho,Santa Rosa,1993,0.001616
220804,San Martin,Nueva Cajamarca,1993,0.021869
220809,San Martin,Yuracyacu,1993,0.012884
160603,Loreto,Padre Marquez,1993,0.000113
010522,Amazonas,Tingo,1993,0.003205
080906,Cusco,Quellouno,1993,0.000462
010301,Amazonas,Jumbilla,1993,0.001127
080917,Cusco,Manitea,1993,0.00055
250305,Ucayali,Alexander Von Humboldt,1994,0.003788
220509,San Martin,Shanao,1994,0.003613
250304,Ucayali,Neshuya,1994,0.002084
220501,San Martin,Lamas,1994,0.019807
220902,San Martin,Alberto Leveau,1994,0.002728
250102,Ucayali,Campoverde,1994,0.002885
220702,San Martin,Buenos Aires,1994,0.003369
220502,San Martin,Alonso De Alvarado,1994,0.002208
220404,San Martin,Piscoyacu,1994,0.003486
220708,San Martin,Shamboyacu,1994,0.000389
220204,San Martin,Huallaga,1994,0.001035
220605,San Martin,Pajarillo,1994,0.001386
010703,Amazonas,Cumba,1994,0.001499
220704,San Martin,Pilluana,1994,0.008843
220104,San Martin,Jepelacio,1994,0.004658
220505,San Martin,Cuñumbuqui,1994,0.004732
220507,San Martin,Rumisapa,1994,0.011331
220913,San Martin,Sauce,1994,0.005284
010608,Amazonas,Milpuc,1994,0.000393
220405,San Martin,Sacanche,1994,0.002376
220709,San Martin,Tingo De Ponasa,1994,0.002663
220304,San Martin,Santa Rosa,1994,0.001828
100903,Huanuco,Honoria,1994,0.000276
220203,San Martin,Bajo Biavo,1994,0.00142
220710,San Martin,Tres Unidos,1994,0.000887
220510,San Martin,Tabalosos,1994,0.003265
100904,Huanuco,Tournavista,1994,0.000285
010701,Amazonas,Bagua Grande,1994,0.014467
220701,San Martin,Picota,1994,0.014683
220403,San Martin,El Eslabon,1994,0.002848
250105,Ucayali,Yarinacocha,1994,0.019077
220914,San Martin,Shapaja,1994,0.001576
010707,Amazonas,Yamon,1994,0.000953
010705,Amazonas,Jamalca,1994,0.001142
220205,San Martin,San Pablo,1994,0.004668
220705,San Martin,Pucacaca,1994,0.011339
220601,San Martin,Juanjui,1994,0.010203
100905,Huanuco,Yuyapichis,1994,8.2e-05
100608,Huanuco,Castillo Grande,1994,0.011024
220302,San Martin,Agua Blanca,1994,0.002117
250306,Ucayali,Huipoca,1994,0.000364
010611,Amazonas,Totora,1994,0.002606
010706,Amazonas,Lonya Grande,1994,0.000488
220706,San Martin,San Cristobal,1994,0.011599
010303,Amazonas,Churuja,1994,0.001398
220301,San Martin,San Jose De Sisa,1994,0.004207
010204,Amazonas,El Parco,1994,0.006512
010306,Amazonas,Florida,1994,0.001655
220303,San Martin,San Martin,1994,0.000432
220106,San Martin,Yantalo,1994,0.008253
220305,San Martin,Shatoja,1994,0.001948
010104,Amazonas,Cheto,1994,0.00024
160201,Loreto,Yurimaguas,1994,0.003582
060901,Cajamarca,San Ignacio,1994,0.003871
220511,San Martin,Zapatero,1994,0.00274
060811,Cajamarca,San Jose Del Alto,1994,0.000461
010206,Amazonas,La Peca,1994,0.002546
220401,San Martin,Saposoa,1994,0.002234
060902,Cajamarca,Chirinos,1994,0.002642
220908,San Martin,Juan Guerra,1994,0.006535
060904,Cajamarca,La Coipa,1994,0.001683
220808,San Martin,Yorongos,1994,0.005121
120607,Junin,Rio Negro,1994,0.001791
060812,Cajamarca,Santa Rosa,1994,0.001451
250106,Ucayali,Nueva Requena,1994,0.000263
220802,San Martin,Awajun,1994,0.000761
250302,Ucayali,Irazola,1994,0.00021
010109,Amazonas,La Jalca,1994,0.002321
220906,San Martin,El Porvenir,1994,0.000623
220707,San Martin,San Hilarion,1994,0.015432
220806,San Martin,Posic,1994,0.008779
220406,San Martin,Tingo De Saposoa,1994,0.004878
100901,Huanuco,Puerto Inca,1994,0.000114
010105,Amazonas,Chiliquin,1994,0.0
220105,San Martin,Soritor,1994,0.005385
220201,San Martin,Bellavista,1994,0.022948
060803,Cajamarca,Chontali,1994,0.000404
100605,Huanuco,Luyando,1994,0.005964
010307,Amazonas,Jazan,1994,0.00634
010502,Amazonas,Camporredondo,1994,0.001614
010515,Amazonas,Providencia,1994,0.000542
010102,Amazonas,Asuncion,1994,0.0
010510,Amazonas,Luya Viejo,1994,0.000223
100601,Huanuco,Rupa-Rupa,1994,0.012
010514,Amazonas,Pisuquia,1994,1.8e-05
060810,Cajamarca,San Felipe,1994,0.002209
010305,Amazonas,Cuispes,1994,0.000572
060905,Cajamarca,Namballe,1994,0.000291
010119,Amazonas,San Isidro De Maino,1994,0.001095
060801,Cajamarca,Jaen,1994,0.018112
010513,Amazonas,Ocumal,1994,0.000305
220912,San Martin,San Antonio,1994,0.003825
220903,San Martin,Cacatachi,1994,0.025253
120602,Junin,Coviriali,1994,0.001842
120304,Junin,San Luis De Shuaro,1994,0.000967
120601,Junin,Satipo,1994,0.004532
010203,Amazonas,Copallin,1994,0.002608
010112,Amazonas,Magdalena,1994,0.001588
220102,San Martin,Calzada,1994,0.016093
060805,Cajamarca,Huabal,1994,0.002497
010610,Amazonas,Santa Rosa,1994,0.003384
220503,San Martin,Barranquita,1994,0.000287
220801,San Martin,Rioja,1994,0.033311
220703,San Martin,Caspisapa,1994,0.009785
080904,Cusco,Maranura,1994,0.002723
010117,Amazonas,Quinjalca,1994,0.0
250303,Ucayali,Curimana,1994,0.00012
010308,Amazonas,Recta,1994,0.0
010115,Amazonas,Montevideo,1994,0.00086
010114,Amazonas,Molinopampa,1994,0.00034
010503,Amazonas,Cocabamba,1994,9.9e-05
060809,Cajamarca,Sallique,1994,0.001155
010120,Amazonas,Soloco,1994,0.000309
010521,Amazonas,Santo Tomas,1994,0.002232
100113,Huanuco,San Pablo De Pillao,1994,0.0
010602,Amazonas,Chirimoto,1994,0.000144
100603,Huanuco,Hermilio Valdizan,1994,1.9e-05
010111,Amazonas,Levanto,1994,0.000927
010518,Amazonas,San Jeronimo,1994,0.000317
010609,Amazonas,Omia,1994,0.000111
100902,Huanuco,Codo Del Pozuzo,1994,1.3e-05
010113,Amazonas,Mariscal Castilla,1994,0.002208
220101,San Martin,Moyobamba,1994,0.003328
010310,Amazonas,Shipasbamba,1994,0.000923
100103,Huanuco,Chinchao,1994,0.00038
010311,Amazonas,Valera,1994,0.000946
060907,Cajamarca,Tabaconas,1994,0.000213
160112,Loreto,Belen,1994,0.005133
200307,Piura,Sondor,1994,0.000996
220803,San Martin,Elias Soplin Vargas,1994,0.006532
010506,Amazonas,Inguilpata,1994,0.000593
220506,San Martin,Pinto Recodo,1994,0.000545
120303,Junin,Pichanaqui,1994,0.002903
010202,Amazonas,Aramango,1994,0.000353
010606,Amazonas,Longar,1994,0.001546
160101,Loreto,Iquitos,1994,0.031167
010507,Amazonas,Longuita,1994,0.000379
221001,San Martin,Tocache,1994,0.006288
010511,Amazonas,Maria,1994,0.000415
080901,Cusco,Santa Ana,1994,0.011165
120302,Junin,Perene,1994,0.003539
050409,Ayacucho,Canayre,1994,0.000406
221002,San Martin,Nuevo Progreso,1994,0.001592
200303,Piura,El Carmen De La Frontera,1994,0.000226
100609,Huanuco,Pueblo Nuevo,1994,0.000245
080903,Cusco,Huayopata,1994,0.001278
010604,Amazonas,Huambo,1994,0.002839
100505,Huanuco,Jircan,1994,0.0
010512,Amazonas,Ocalli,1994,0.000921
010101,Amazonas,Chachapoyas,1994,0.033823
060903,Cajamarca,Huarango,1994,0.000587
010116,Amazonas,Olleros,1994,0.0
010605,Amazonas,Limabamba,1994,0.000207
100804,Huanuco,Umari,1994,0.0
220504,San Martin,Caynarachi,1994,0.000887
080905,Cusco,Ocobamba,1994,0.000346
010517,Amazonas,San Francisco Del Yeso,1994,0.00023
120609,Junin,Vizcatán Del Ene,1994,6.8e-05
060807,Cajamarca,Pomahuaca,1994,0.000677
010304,Amazonas,Corosha,1994,0.0
221005,San Martin,Uchiza,1994,0.004489
220807,San Martin,San Fernando,1994,0.002754
050512,Ayacucho,Union Progreso,1994,0.003902
060804,Cajamarca,Colasay,1994,0.000734
160503,Loreto,Capelo,1994,0.00039
220910,San Martin,Morales,1994,0.071531
120604,Junin,Mazamari,1994,0.001837
120603,Junin,Llaylla,1994,0.000551
010520,Amazonas,Santa Catalina,1994,5.9e-05
010603,Amazonas,Cochamal,1994,0.000305
120209,Junin,Mariscal Castilla,1994,0.00369
010601,Amazonas,San Nicolas,1994,0.008752
010519,Amazonas,San Juan De Lopecancha,1994,2.1e-05
160211,Loreto,Teniente Cesar Lopez Rojas,1994,0.000199
080408,Cusco,Yanatile,1994,0.000601
050408,Ayacucho,Llochegua,1994,0.000901
100507,Huanuco,Monzon,1994,0.000934
081304,Cusco,Machupicchu,1994,0.000562
220909,San Martin,La Banda De Shilcayo,1994,0.022024
220103,San Martin,Habana,1994,0.01663
100606,Huanuco,Mariano Damaso Beraun,1994,0.000719
010508,Amazonas,Lonya Chico,1994,0.003607
170102,Madre De Dios,Inambari,1994,0.000205
050502,Ayacucho,Anco,1994,0.000441
010523,Amazonas,Trita,1994,0.011704
010516,Amazonas,San Cristobal,1994,0.001351
080918,Cusco,Union Ashaninka,1994,0.000222
221006,San Martin,Santa Lucia,1994,0.004234
100702,Huanuco,Cholon,1994,0.000127
211205,Puno,Phara,1994,8.2e-05
170204,Madre De Dios,Huepetuhe,1994,5e-05
010302,Amazonas,Chisquilla,1994,0.0
050507,Ayacucho,Santa Rosa,1994,0.001627
220804,San Martin,Nueva Cajamarca,1994,0.022425
220809,San Martin,Yuracyacu,1994,0.012827
160603,Loreto,Padre Marquez,1994,0.000113
010522,Amazonas,Tingo,1994,0.003376
080906,Cusco,Quellouno,1994,0.000446
010301,Amazonas,Jumbilla,1994,0.001088
080917,Cusco,Manitea,1994,0.000691
250305,Ucayali,Alexander Von Humboldt,1995,0.00384
220509,San Martin,Shanao,1995,0.003759
250304,Ucayali,Neshuya,1995,0.002221
220501,San Martin,Lamas,1995,0.019635
220902,San Martin,Alberto Leveau,1995,0.002728
250102,Ucayali,Campoverde,1995,0.002929
220702,San Martin,Buenos Aires,1995,0.003384
220502,San Martin,Alonso De Alvarado,1995,0.002325
220404,San Martin,Piscoyacu,1995,0.003422
220708,San Martin,Shamboyacu,1995,0.000414
220204,San Martin,Huallaga,1995,0.001083
220605,San Martin,Pajarillo,1995,0.00146
010703,Amazonas,Cumba,1995,0.001519
220704,San Martin,Pilluana,1995,0.009324
220104,San Martin,Jepelacio,1995,0.00475
220505,San Martin,Cuñumbuqui,1995,0.00462
220507,San Martin,Rumisapa,1995,0.011706
220913,San Martin,Sauce,1995,0.005292
010608,Amazonas,Milpuc,1995,0.000414
220405,San Martin,Sacanche,1995,0.002398
220709,San Martin,Tingo De Ponasa,1995,0.002938
220304,San Martin,Santa Rosa,1995,0.001849
100903,Huanuco,Honoria,1995,0.000282
220203,San Martin,Bajo Biavo,1995,0.001466
220710,San Martin,Tres Unidos,1995,0.00092
220510,San Martin,Tabalosos,1995,0.003213
100904,Huanuco,Tournavista,1995,0.000287
010701,Amazonas,Bagua Grande,1995,0.014551
220701,San Martin,Picota,1995,0.014458
220403,San Martin,El Eslabon,1995,0.00309
250105,Ucayali,Yarinacocha,1995,0.019777
220914,San Martin,Shapaja,1995,0.001562
010707,Amazonas,Yamon,1995,0.000887
010705,Amazonas,Jamalca,1995,0.000962
220205,San Martin,San Pablo,1995,0.004719
220705,San Martin,Pucacaca,1995,0.01133
220601,San Martin,Juanjui,1995,0.010261
100905,Huanuco,Yuyapichis,1995,8.3e-05
100608,Huanuco,Castillo Grande,1995,0.011083
220302,San Martin,Agua Blanca,1995,0.002088
250306,Ucayali,Huipoca,1995,0.000365
010611,Amazonas,Totora,1995,0.002469
010706,Amazonas,Lonya Grande,1995,0.000505
220706,San Martin,San Cristobal,1995,0.01151
010303,Amazonas,Churuja,1995,0.001481
220301,San Martin,San Jose De Sisa,1995,0.004362
010204,Amazonas,El Parco,1995,0.006561
010306,Amazonas,Florida,1995,0.001699
220303,San Martin,San Martin,1995,0.000466
220106,San Martin,Yantalo,1995,0.008636
220305,San Martin,Shatoja,1995,0.002005
010104,Amazonas,Cheto,1995,0.00024
160201,Loreto,Yurimaguas,1995,0.00367
060901,Cajamarca,San Ignacio,1995,0.003898
220511,San Martin,Zapatero,1995,0.002816
060811,Cajamarca,San Jose Del Alto,1995,0.000461
010206,Amazonas,La Peca,1995,0.002604
220401,San Martin,Saposoa,1995,0.002212
060902,Cajamarca,Chirinos,1995,0.00254
220908,San Martin,Juan Guerra,1995,0.006581
060904,Cajamarca,La Coipa,1995,0.001736
220808,San Martin,Yorongos,1995,0.005132
120607,Junin,Rio Negro,1995,0.001816
060812,Cajamarca,Santa Rosa,1995,0.001471
250106,Ucayali,Nueva Requena,1995,0.000263
220802,San Martin,Awajun,1995,0.000834
250302,Ucayali,Irazola,1995,0.00022
010109,Amazonas,La Jalca,1995,0.002336
220906,San Martin,El Porvenir,1995,0.00075
220707,San Martin,San Hilarion,1995,0.015731
220806,San Martin,Posic,1995,0.008762
220406,San Martin,Tingo De Saposoa,1995,0.004575
100901,Huanuco,Puerto Inca,1995,0.000114
010105,Amazonas,Chiliquin,1995,0.0
220105,San Martin,Soritor,1995,0.005641
220201,San Martin,Bellavista,1995,0.023051
060803,Cajamarca,Chontali,1995,0.000418
100605,Huanuco,Luyando,1995,0.006027
010307,Amazonas,Jazan,1995,0.006434
010502,Amazonas,Camporredondo,1995,0.001735
010515,Amazonas,Providencia,1995,0.00055
010102,Amazonas,Asuncion,1995,0.0
010510,Amazonas,Luya Viejo,1995,0.000223
100601,Huanuco,Rupa-Rupa,1995,0.012098
010514,Amazonas,Pisuquia,1995,1.8e-05
060810,Cajamarca,San Felipe,1995,0.00215
010305,Amazonas,Cuispes,1995,0.000618
060905,Cajamarca,Namballe,1995,0.000291
010119,Amazonas,San Isidro De Maino,1995,0.001095
060801,Cajamarca,Jaen,1995,0.018217
010513,Amazonas,Ocumal,1995,0.000305
220912,San Martin,San Antonio,1995,0.003779
220903,San Martin,Cacatachi,1995,0.026117
120602,Junin,Coviriali,1995,0.001986
120304,Junin,San Luis De Shuaro,1995,0.001041
120601,Junin,Satipo,1995,0.00462
010203,Amazonas,Copallin,1995,0.00268
010112,Amazonas,Magdalena,1995,0.001595
220102,San Martin,Calzada,1995,0.01653
060805,Cajamarca,Huabal,1995,0.002497
010610,Amazonas,Santa Rosa,1995,0.003252
220503,San Martin,Barranquita,1995,0.000302
220801,San Martin,Rioja,1995,0.033775
220703,San Martin,Caspisapa,1995,0.009808
080904,Cusco,Maranura,1995,0.002723
010117,Amazonas,Quinjalca,1995,0.0
250303,Ucayali,Curimana,1995,0.000141
010308,Amazonas,Recta,1995,0.0
010115,Amazonas,Montevideo,1995,0.000867
010114,Amazonas,Molinopampa,1995,0.00034
010503,Amazonas,Cocabamba,1995,9.9e-05
060809,Cajamarca,Sallique,1995,0.001155
010120,Amazonas,Soloco,1995,0.000321
010521,Amazonas,Santo Tomas,1995,0.002261
100113,Huanuco,San Pablo De Pillao,1995,0.0
010602,Amazonas,Chirimoto,1995,0.00015
100603,Huanuco,Hermilio Valdizan,1995,1.9e-05
010111,Amazonas,Levanto,1995,0.000927
010518,Amazonas,San Jeronimo,1995,0.000321
010609,Amazonas,Omia,1995,0.00013
100902,Huanuco,Codo Del Pozuzo,1995,1.4e-05
010113,Amazonas,Mariscal Castilla,1995,0.002242
220101,San Martin,Moyobamba,1995,0.003359
010310,Amazonas,Shipasbamba,1995,0.000951
100103,Huanuco,Chinchao,1995,0.000384
010311,Amazonas,Valera,1995,0.000946
060907,Cajamarca,Tabaconas,1995,0.000213
160112,Loreto,Belen,1995,0.005129
200307,Piura,Sondor,1995,0.000996
220803,San Martin,Elias Soplin Vargas,1995,0.0066
010506,Amazonas,Inguilpata,1995,0.0006
220506,San Martin,Pinto Recodo,1995,0.000559
120303,Junin,Pichanaqui,1995,0.002952
010202,Amazonas,Aramango,1995,0.00035
010606,Amazonas,Longar,1995,0.001568
160101,Loreto,Iquitos,1995,0.031262
010507,Amazonas,Longuita,1995,0.000379
221001,San Martin,Tocache,1995,0.006375
010511,Amazonas,Maria,1995,0.000426
080901,Cusco,Santa Ana,1995,0.011259
120302,Junin,Perene,1995,0.003644
050409,Ayacucho,Canayre,1995,0.00051
221002,San Martin,Nuevo Progreso,1995,0.001591
200303,Piura,El Carmen De La Frontera,1995,0.000226
100609,Huanuco,Pueblo Nuevo,1995,0.000245
080903,Cusco,Huayopata,1995,0.001305
010604,Amazonas,Huambo,1995,0.002931
100505,Huanuco,Jircan,1995,0.0
010512,Amazonas,Ocalli,1995,0.000962
010101,Amazonas,Chachapoyas,1995,0.034027
060903,Cajamarca,Huarango,1995,0.000586
010116,Amazonas,Olleros,1995,0.0
010605,Amazonas,Limabamba,1995,0.00021
100804,Huanuco,Umari,1995,0.0
220504,San Martin,Caynarachi,1995,0.000907
080905,Cusco,Ocobamba,1995,0.000346
010517,Amazonas,San Francisco Del Yeso,1995,0.000235
120609,Junin,Vizcatán Del Ene,1995,0.000101
060807,Cajamarca,Pomahuaca,1995,0.000678
010304,Amazonas,Corosha,1995,0.0
221005,San Martin,Uchiza,1995,0.004492
220807,San Martin,San Fernando,1995,0.002638
050512,Ayacucho,Union Progreso,1995,0.003902
060804,Cajamarca,Colasay,1995,0.000755
160503,Loreto,Capelo,1995,0.000438
220910,San Martin,Morales,1995,0.071671
120604,Junin,Mazamari,1995,0.001863
120603,Junin,Llaylla,1995,0.000566
010520,Amazonas,Santa Catalina,1995,8.6e-05
010603,Amazonas,Cochamal,1995,0.000339
120209,Junin,Mariscal Castilla,1995,0.003908
010601,Amazonas,San Nicolas,1995,0.008865
010519,Amazonas,San Juan De Lopecancha,1995,2.1e-05
160211,Loreto,Teniente Cesar Lopez Rojas,1995,0.000202
080408,Cusco,Yanatile,1995,0.000606
050408,Ayacucho,Llochegua,1995,0.000933
100507,Huanuco,Monzon,1995,0.000945
081304,Cusco,Machupicchu,1995,0.000562
220909,San Martin,La Banda De Shilcayo,1995,0.02307
220103,San Martin,Habana,1995,0.016772
100606,Huanuco,Mariano Damaso Beraun,1995,0.000725
010508,Amazonas,Lonya Chico,1995,0.003594
170102,Madre De Dios,Inambari,1995,0.0002
050502,Ayacucho,Anco,1995,0.000445
010523,Amazonas,Trita,1995,0.011768
010516,Amazonas,San Cristobal,1995,0.001301
080918,Cusco,Union Ashaninka,1995,0.000228
221006,San Martin,Santa Lucia,1995,0.004277
100702,Huanuco,Cholon,1995,0.000133
211205,Puno,Phara,1995,8.2e-05
170204,Madre De Dios,Huepetuhe,1995,4.3e-05
010302,Amazonas,Chisquilla,1995,0.0
050507,Ayacucho,Santa Rosa,1995,0.001715
220804,San Martin,Nueva Cajamarca,1995,0.022145
220809,San Martin,Yuracyacu,1995,0.012784
160603,Loreto,Padre Marquez,1995,0.000116
010522,Amazonas,Tingo,1995,0.003376
080906,Cusco,Quellouno,1995,0.000476
010301,Amazonas,Jumbilla,1995,0.001116
080917,Cusco,Manitea,1995,0.000746
250305,Ucayali,Alexander Von Humboldt,1996,0.003866
220509,San Martin,Shanao,1996,0.003649
250304,Ucayali,Neshuya,1996,0.002337
220501,San Martin,Lamas,1996,0.019738
220902,San Martin,Alberto Leveau,1996,0.002762
250102,Ucayali,Campoverde,1996,0.003018
220702,San Martin,Buenos Aires,1996,0.003447
220502,San Martin,Alonso De Alvarado,1996,0.002403
220404,San Martin,Piscoyacu,1996,0.003506
220708,San Martin,Shamboyacu,1996,0.000425
220204,San Martin,Huallaga,1996,0.001087
220605,San Martin,Pajarillo,1996,0.001486
010703,Amazonas,Cumba,1996,0.00154
220704,San Martin,Pilluana,1996,0.009415
220104,San Martin,Jepelacio,1996,0.004842
220505,San Martin,Cuñumbuqui,1996,0.004732
220507,San Martin,Rumisapa,1996,0.01232
220913,San Martin,Sauce,1996,0.005425
010608,Amazonas,Milpuc,1996,0.000455
220405,San Martin,Sacanche,1996,0.002436
220709,San Martin,Tingo De Ponasa,1996,0.002909
220304,San Martin,Santa Rosa,1996,0.001896
100903,Huanuco,Honoria,1996,0.000281
220203,San Martin,Bajo Biavo,1996,0.001491
220710,San Martin,Tres Unidos,1996,0.00093
220510,San Martin,Tabalosos,1996,0.003248
100904,Huanuco,Tournavista,1996,0.000285
010701,Amazonas,Bagua Grande,1996,0.014911
220701,San Martin,Picota,1996,0.014699
220403,San Martin,El Eslabon,1996,0.003161
250105,Ucayali,Yarinacocha,1996,0.019931
220914,San Martin,Shapaja,1996,0.001584
010707,Amazonas,Yamon,1996,0.000828
010705,Amazonas,Jamalca,1996,0.000997
220205,San Martin,San Pablo,1996,0.004714
220705,San Martin,Pucacaca,1996,0.011374
220601,San Martin,Juanjui,1996,0.010382
100905,Huanuco,Yuyapichis,1996,8.4e-05
100608,Huanuco,Castillo Grande,1996,0.011363
220302,San Martin,Agua Blanca,1996,0.002088
250306,Ucayali,Huipoca,1996,0.000364
010611,Amazonas,Totora,1996,0.002469
010706,Amazonas,Lonya Grande,1996,0.000566
220706,San Martin,San Cristobal,1996,0.013311
010303,Amazonas,Churuja,1996,0.001537
220301,San Martin,San Jose De Sisa,1996,0.004558
010204,Amazonas,El Parco,1996,0.00661
010306,Amazonas,Florida,1996,0.001751
220303,San Martin,San Martin,1996,0.000495
220106,San Martin,Yantalo,1996,0.008687
220305,San Martin,Shatoja,1996,0.002048
010104,Amazonas,Cheto,1996,0.00024
160201,Loreto,Yurimaguas,1996,0.003754
060901,Cajamarca,San Ignacio,1996,0.004313
220511,San Martin,Zapatero,1996,0.002872
060811,Cajamarca,San Jose Del Alto,1996,0.000537
010206,Amazonas,La Peca,1996,0.002701
220401,San Martin,Saposoa,1996,0.00223
060902,Cajamarca,Chirinos,1996,0.002595
220908,San Martin,Juan Guerra,1996,0.006632
060904,Cajamarca,La Coipa,1996,0.001859
220808,San Martin,Yorongos,1996,0.005263
120607,Junin,Rio Negro,1996,0.001825
060812,Cajamarca,Santa Rosa,1996,0.001494
250106,Ucayali,Nueva Requena,1996,0.000265
220802,San Martin,Awajun,1996,0.001006
250302,Ucayali,Irazola,1996,0.000229
010109,Amazonas,La Jalca,1996,0.002343
220906,San Martin,El Porvenir,1996,0.000786
220707,San Martin,San Hilarion,1996,0.016396
220806,San Martin,Posic,1996,0.008694
220406,San Martin,Tingo De Saposoa,1996,0.004632
100901,Huanuco,Puerto Inca,1996,0.000116
010105,Amazonas,Chiliquin,1996,0.0
220105,San Martin,Soritor,1996,0.005696
220201,San Martin,Bellavista,1996,0.023571
060803,Cajamarca,Chontali,1996,0.000487
100605,Huanuco,Luyando,1996,0.006399
010307,Amazonas,Jazan,1996,0.006423
010502,Amazonas,Camporredondo,1996,0.002061
010515,Amazonas,Providencia,1996,0.000565
010102,Amazonas,Asuncion,1996,0.0
010510,Amazonas,Luya Viejo,1996,0.000249
100601,Huanuco,Rupa-Rupa,1996,0.012247
010514,Amazonas,Pisuquia,1996,2.1e-05
060810,Cajamarca,San Felipe,1996,0.002431
010305,Amazonas,Cuispes,1996,0.00059
060905,Cajamarca,Namballe,1996,0.000422
010119,Amazonas,San Isidro De Maino,1996,0.001071
060801,Cajamarca,Jaen,1996,0.018472
010513,Amazonas,Ocumal,1996,0.000315
220912,San Martin,San Antonio,1996,0.0037
220903,San Martin,Cacatachi,1996,0.028014
120602,Junin,Coviriali,1996,0.001941
120304,Junin,San Luis De Shuaro,1996,0.001036
120601,Junin,Satipo,1996,0.00468
010203,Amazonas,Copallin,1996,0.002806
010112,Amazonas,Magdalena,1996,0.001582
220102,San Martin,Calzada,1996,0.016545
060805,Cajamarca,Huabal,1996,0.002518
010610,Amazonas,Santa Rosa,1996,0.00334
220503,San Martin,Barranquita,1996,0.000313
220801,San Martin,Rioja,1996,0.033601
220703,San Martin,Caspisapa,1996,0.009761
080904,Cusco,Maranura,1996,0.002802
010117,Amazonas,Quinjalca,1996,0.0
250303,Ucayali,Curimana,1996,0.000197
010308,Amazonas,Recta,1996,0.0
010115,Amazonas,Montevideo,1996,0.000867
010114,Amazonas,Molinopampa,1996,0.000348
010503,Amazonas,Cocabamba,1996,0.000102
060809,Cajamarca,Sallique,1996,0.001223
010120,Amazonas,Soloco,1996,0.000321
010521,Amazonas,Santo Tomas,1996,0.002252
100113,Huanuco,San Pablo De Pillao,1996,0.0
010602,Amazonas,Chirimoto,1996,0.000139
100603,Huanuco,Hermilio Valdizan,1996,1.9e-05
010111,Amazonas,Levanto,1996,0.000927
010518,Amazonas,San Jeronimo,1996,0.000325
010609,Amazonas,Omia,1996,0.000118
100902,Huanuco,Codo Del Pozuzo,1996,1.6e-05
010113,Amazonas,Mariscal Castilla,1996,0.002242
220101,San Martin,Moyobamba,1996,0.003399
010310,Amazonas,Shipasbamba,1996,0.000944
100103,Huanuco,Chinchao,1996,0.000381
010311,Amazonas,Valera,1996,0.000923
060907,Cajamarca,Tabaconas,1996,0.000311
160112,Loreto,Belen,1996,0.005136
200307,Piura,Sondor,1996,0.001048
220803,San Martin,Elias Soplin Vargas,1996,0.006973
010506,Amazonas,Inguilpata,1996,0.0006
220506,San Martin,Pinto Recodo,1996,0.000589
120303,Junin,Pichanaqui,1996,0.002958
010202,Amazonas,Aramango,1996,0.00035
010606,Amazonas,Longar,1996,0.001579
160101,Loreto,Iquitos,1996,0.031369
010507,Amazonas,Longuita,1996,0.000379
221001,San Martin,Tocache,1996,0.006343
010511,Amazonas,Maria,1996,0.000466
080901,Cusco,Santa Ana,1996,0.011373
120302,Junin,Perene,1996,0.003636
050409,Ayacucho,Canayre,1996,0.00051
221002,San Martin,Nuevo Progreso,1996,0.001622
200303,Piura,El Carmen De La Frontera,1996,0.000266
100609,Huanuco,Pueblo Nuevo,1996,0.000281
080903,Cusco,Huayopata,1996,0.001328
010604,Amazonas,Huambo,1996,0.002919
100505,Huanuco,Jircan,1996,0.0
010512,Amazonas,Ocalli,1996,0.001003
010101,Amazonas,Chachapoyas,1996,0.034456
060903,Cajamarca,Huarango,1996,0.000622
010116,Amazonas,Olleros,1996,0.0
010605,Amazonas,Limabamba,1996,0.000214
100804,Huanuco,Umari,1996,0.0
220504,San Martin,Caynarachi,1996,0.000928
080905,Cusco,Ocobamba,1996,0.000355
010517,Amazonas,San Francisco Del Yeso,1996,0.000235
120609,Junin,Vizcatán Del Ene,1996,0.000115
060807,Cajamarca,Pomahuaca,1996,0.000774
010304,Amazonas,Corosha,1996,0.0
221005,San Martin,Uchiza,1996,0.00447
220807,San Martin,San Fernando,1996,0.002613
050512,Ayacucho,Union Progreso,1996,0.004058
060804,Cajamarca,Colasay,1996,0.00074
160503,Loreto,Capelo,1996,0.00044
220910,San Martin,Morales,1996,0.072408
120604,Junin,Mazamari,1996,0.001869
120603,Junin,Llaylla,1996,0.00058
010520,Amazonas,Santa Catalina,1996,0.000119
010603,Amazonas,Cochamal,1996,0.000384
120209,Junin,Mariscal Castilla,1996,0.003799
010601,Amazonas,San Nicolas,1996,0.008961
010519,Amazonas,San Juan De Lopecancha,1996,2.1e-05
160211,Loreto,Teniente Cesar Lopez Rojas,1996,0.000213
080408,Cusco,Yanatile,1996,0.000614
050408,Ayacucho,Llochegua,1996,0.000943
100507,Huanuco,Monzon,1996,0.001007
081304,Cusco,Machupicchu,1996,0.000579
220909,San Martin,La Banda De Shilcayo,1996,0.02343
220103,San Martin,Habana,1996,0.016643
100606,Huanuco,Mariano Damaso Beraun,1996,0.000716
010508,Amazonas,Lonya Chico,1996,0.003646
170102,Madre De Dios,Inambari,1996,0.00021
050502,Ayacucho,Anco,1996,0.000459
010523,Amazonas,Trita,1996,0.011831
010516,Amazonas,San Cristobal,1996,0.001326
080918,Cusco,Union Ashaninka,1996,0.000242
221006,San Martin,Santa Lucia,1996,0.004323
100702,Huanuco,Cholon,1996,0.000133
211205,Puno,Phara,1996,8.6e-05
170204,Madre De Dios,Huepetuhe,1996,5.4e-05
010302,Amazonas,Chisquilla,1996,0.0
050507,Ayacucho,Santa Rosa,1996,0.001742
220804,San Martin,Nueva Cajamarca,1996,0.022593
220809,San Martin,Yuracyacu,1996,0.013027
160603,Loreto,Padre Marquez,1996,0.000117
010522,Amazonas,Tingo,1996,0.003425
080906,Cusco,Quellouno,1996,0.000457
010301,Amazonas,Jumbilla,1996,0.001149
080917,Cusco,Manitea,1996,0.000734
250305,Ucayali,Alexander Von Humboldt,1997,0.003896
220509,San Martin,Shanao,1997,0.003613
250304,Ucayali,Neshuya,1997,0.002437
220501,San Martin,Lamas,1997,0.019978
220902,San Martin,Alberto Leveau,1997,0.002882
250102,Ucayali,Campoverde,1997,0.003066
220702,San Martin,Buenos Aires,1997,0.003441
220502,San Martin,Alonso De Alvarado,1997,0.002565
220404,San Martin,Piscoyacu,1997,0.003521
220708,San Martin,Shamboyacu,1997,0.000464
220204,San Martin,Huallaga,1997,0.001118
220605,San Martin,Pajarillo,1997,0.001511
010703,Amazonas,Cumba,1997,0.001564
220704,San Martin,Pilluana,1997,0.009506
220104,San Martin,Jepelacio,1997,0.004971
220505,San Martin,Cuñumbuqui,1997,0.004708
220507,San Martin,Rumisapa,1997,0.012588
220913,San Martin,Sauce,1997,0.005425
010608,Amazonas,Milpuc,1997,0.000476
220405,San Martin,Sacanche,1997,0.002447
220709,San Martin,Tingo De Ponasa,1997,0.003091
220304,San Martin,Santa Rosa,1997,0.001949
100903,Huanuco,Honoria,1997,0.0003
220203,San Martin,Bajo Biavo,1997,0.00153
220710,San Martin,Tres Unidos,1997,0.000937
220510,San Martin,Tabalosos,1997,0.003253
100904,Huanuco,Tournavista,1997,0.0003
010701,Amazonas,Bagua Grande,1997,0.015083
220701,San Martin,Picota,1997,0.014691
220403,San Martin,El Eslabon,1997,0.003339
250105,Ucayali,Yarinacocha,1997,0.020734
220914,San Martin,Shapaja,1997,0.001588
010707,Amazonas,Yamon,1997,0.000828
010705,Amazonas,Jamalca,1997,0.001201
220205,San Martin,San Pablo,1997,0.004763
220705,San Martin,Pucacaca,1997,0.011378
220601,San Martin,Juanjui,1997,0.010544
100905,Huanuco,Yuyapichis,1997,8.4e-05
100608,Huanuco,Castillo Grande,1997,0.011549
220302,San Martin,Agua Blanca,1997,0.002082
250306,Ucayali,Huipoca,1997,0.000356
010611,Amazonas,Totora,1997,0.002652
010706,Amazonas,Lonya Grande,1997,0.000559
220706,San Martin,San Cristobal,1997,0.013665
010303,Amazonas,Churuja,1997,0.001509
220301,San Martin,San Jose De Sisa,1997,0.004578
010204,Amazonas,El Parco,1997,0.00661
010306,Amazonas,Florida,1997,0.001771
220303,San Martin,San Martin,1997,0.00051
220106,San Martin,Yantalo,1997,0.008726
220305,San Martin,Shatoja,1997,0.002134
010104,Amazonas,Cheto,1997,0.00024
160201,Loreto,Yurimaguas,1997,0.003845
060901,Cajamarca,San Ignacio,1997,0.004448
220511,San Martin,Zapatero,1997,0.002887
060811,Cajamarca,San Jose Del Alto,1997,0.000572
010206,Amazonas,La Peca,1997,0.002707
220401,San Martin,Saposoa,1997,0.002244
060902,Cajamarca,Chirinos,1997,0.002685
220908,San Martin,Juan Guerra,1997,0.006702
060904,Cajamarca,La Coipa,1997,0.001895
220808,San Martin,Yorongos,1997,0.005415
120607,Junin,Rio Negro,1997,0.001842
060812,Cajamarca,Santa Rosa,1997,0.001511
250106,Ucayali,Nueva Requena,1997,0.000265
220802,San Martin,Awajun,1997,0.001049
250302,Ucayali,Irazola,1997,0.000232
010109,Amazonas,La Jalca,1997,0.002372
220906,San Martin,El Porvenir,1997,0.00081
220707,San Martin,San Hilarion,1997,0.01661
220806,San Martin,Posic,1997,0.009218
220406,San Martin,Tingo De Saposoa,1997,0.00484
100901,Huanuco,Puerto Inca,1997,0.000116
010105,Amazonas,Chiliquin,1997,0.0
220105,San Martin,Soritor,1997,0.005713
220201,San Martin,Bellavista,1997,0.024225
060803,Cajamarca,Chontali,1997,0.00051
100605,Huanuco,Luyando,1997,0.006439
010307,Amazonas,Jazan,1997,0.006423
010502,Amazonas,Camporredondo,1997,0.002081
010515,Amazonas,Providencia,1997,0.000565
010102,Amazonas,Asuncion,1997,0.0
010510,Amazonas,Luya Viejo,1997,0.000249
100601,Huanuco,Rupa-Rupa,1997,0.012376
010514,Amazonas,Pisuquia,1997,2.1e-05
060810,Cajamarca,San Felipe,1997,0.002376
010305,Amazonas,Cuispes,1997,0.000664
060905,Cajamarca,Namballe,1997,0.00044
010119,Amazonas,San Isidro De Maino,1997,0.001104
060801,Cajamarca,Jaen,1997,0.01864
010513,Amazonas,Ocumal,1997,0.000315
220912,San Martin,San Antonio,1997,0.003632
220903,San Martin,Cacatachi,1997,0.029132
120602,Junin,Coviriali,1997,0.002004
120304,Junin,San Luis De Shuaro,1997,0.001018
120601,Junin,Satipo,1997,0.004727
010203,Amazonas,Copallin,1997,0.002842
010112,Amazonas,Magdalena,1997,0.001582
220102,San Martin,Calzada,1997,0.016829
060805,Cajamarca,Huabal,1997,0.002528
010610,Amazonas,Santa Rosa,1997,0.003296
220503,San Martin,Barranquita,1997,0.000313
220801,San Martin,Rioja,1997,0.034009
220703,San Martin,Caspisapa,1997,0.009691
080904,Cusco,Maranura,1997,0.002834
010117,Amazonas,Quinjalca,1997,0.0
250303,Ucayali,Curimana,1997,0.000221
010308,Amazonas,Recta,1997,0.0
010115,Amazonas,Montevideo,1997,0.000881
010114,Amazonas,Molinopampa,1997,0.000353
010503,Amazonas,Cocabamba,1997,0.000102
060809,Cajamarca,Sallique,1997,0.001286
010120,Amazonas,Soloco,1997,0.000321
010521,Amazonas,Santo Tomas,1997,0.002321
100113,Huanuco,San Pablo De Pillao,1997,0.0
010602,Amazonas,Chirimoto,1997,0.00015
100603,Huanuco,Hermilio Valdizan,1997,1.9e-05
010111,Amazonas,Levanto,1997,0.000915
010518,Amazonas,San Jeronimo,1997,0.000329
010609,Amazonas,Omia,1997,0.000162
100902,Huanuco,Codo Del Pozuzo,1997,1.7e-05
010113,Amazonas,Mariscal Castilla,1997,0.002265
220101,San Martin,Moyobamba,1997,0.003435
010310,Amazonas,Shipasbamba,1997,0.000944
100103,Huanuco,Chinchao,1997,0.000409
010311,Amazonas,Valera,1997,0.000935
060907,Cajamarca,Tabaconas,1997,0.000311
160112,Loreto,Belen,1997,0.005159
200307,Piura,Sondor,1997,0.001041
220803,San Martin,Elias Soplin Vargas,1997,0.00702
010506,Amazonas,Inguilpata,1997,0.000608
220506,San Martin,Pinto Recodo,1997,0.000578
120303,Junin,Pichanaqui,1997,0.002982
010202,Amazonas,Aramango,1997,0.000378
010606,Amazonas,Longar,1997,0.001557
160101,Loreto,Iquitos,1997,0.031407
010507,Amazonas,Longuita,1997,0.000379
221001,San Martin,Tocache,1997,0.006294
010511,Amazonas,Maria,1997,0.000466
080901,Cusco,Santa Ana,1997,0.011446
120302,Junin,Perene,1997,0.003694
050409,Ayacucho,Canayre,1997,0.000717
221002,San Martin,Nuevo Progreso,1997,0.001622
200303,Piura,El Carmen De La Frontera,1997,0.000271
100609,Huanuco,Pueblo Nuevo,1997,0.000284
080903,Cusco,Huayopata,1997,0.00132
010604,Amazonas,Huambo,1997,0.002976
100505,Huanuco,Jircan,1997,0.0
010512,Amazonas,Ocalli,1997,0.001024
010101,Amazonas,Chachapoyas,1997,0.034665
060903,Cajamarca,Huarango,1997,0.000644
010116,Amazonas,Olleros,1997,0.0
010605,Amazonas,Limabamba,1997,0.000214
100804,Huanuco,Umari,1997,7.3e-05
220504,San Martin,Caynarachi,1997,0.000966
080905,Cusco,Ocobamba,1997,0.000354
010517,Amazonas,San Francisco Del Yeso,1997,0.000239
120609,Junin,Vizcatán Del Ene,1997,0.000114
060807,Cajamarca,Pomahuaca,1997,0.000873
010304,Amazonas,Corosha,1997,0.0
221005,San Martin,Uchiza,1997,0.004448
220807,San Martin,San Fernando,1997,0.002638
050512,Ayacucho,Union Progreso,1997,0.004147
060804,Cajamarca,Colasay,1997,0.000746
160503,Loreto,Capelo,1997,0.000423
220910,San Martin,Morales,1997,0.073477
120604,Junin,Mazamari,1997,0.001967
120603,Junin,Llaylla,1997,0.000614
010520,Amazonas,Santa Catalina,1997,0.000119
010603,Amazonas,Cochamal,1997,0.000384
120209,Junin,Mariscal Castilla,1997,0.003815
010601,Amazonas,San Nicolas,1997,0.009396
010519,Amazonas,San Juan De Lopecancha,1997,3.1e-05
160211,Loreto,Teniente Cesar Lopez Rojas,1997,0.000217
080408,Cusco,Yanatile,1997,0.000616
050408,Ayacucho,Llochegua,1997,0.001038
100507,Huanuco,Monzon,1997,0.001006
081304,Cusco,Machupicchu,1997,0.000579
220909,San Martin,La Banda De Shilcayo,1997,0.024013
220103,San Martin,Habana,1997,0.016811
100606,Huanuco,Mariano Damaso Beraun,1997,0.000735
010508,Amazonas,Lonya Chico,1997,0.003658
170102,Madre De Dios,Inambari,1997,0.000214
050502,Ayacucho,Anco,1997,0.000502
010523,Amazonas,Trita,1997,0.011831
010516,Amazonas,San Cristobal,1997,0.001351
080918,Cusco,Union Ashaninka,1997,0.000248
221006,San Martin,Santa Lucia,1997,0.004366
100702,Huanuco,Cholon,1997,0.000131
211205,Puno,Phara,1997,9.6e-05
170204,Madre De Dios,Huepetuhe,1997,0.000121
010302,Amazonas,Chisquilla,1997,0.0
050507,Ayacucho,Santa Rosa,1997,0.001836
220804,San Martin,Nueva Cajamarca,1997,0.022028
220809,San Martin,Yuracyacu,1997,0.013113
160603,Loreto,Padre Marquez,1997,0.000121
010522,Amazonas,Tingo,1997,0.0034
080906,Cusco,Quellouno,1997,0.000462
010301,Amazonas,Jumbilla,1997,0.001155
080917,Cusco,Manitea,1997,0.000734
250305,Ucayali,Alexander Von Humboldt,1998,0.003917
220509,San Martin,Shanao,1998,0.003795
250304,Ucayali,Neshuya,1998,0.002446
220501,San Martin,Lamas,1998,0.020081
220902,San Martin,Alberto Leveau,1998,0.002848
250102,Ucayali,Campoverde,1998,0.003126
220702,San Martin,Buenos Aires,1998,0.003455
220502,San Martin,Alonso De Alvarado,1998,0.002793
220404,San Martin,Piscoyacu,1998,0.003501
220708,San Martin,Shamboyacu,1998,0.00047
220204,San Martin,Huallaga,1998,0.001114
220605,San Martin,Pajarillo,1998,0.001581
010703,Amazonas,Cumba,1998,0.001599
220704,San Martin,Pilluana,1998,0.009713
220104,San Martin,Jepelacio,1998,0.005192
220505,San Martin,Cuñumbuqui,1998,0.004796
220507,San Martin,Rumisapa,1998,0.012347
220913,San Martin,Sauce,1998,0.005521
010608,Amazonas,Milpuc,1998,0.000476
220405,San Martin,Sacanche,1998,0.002453
220709,San Martin,Tingo De Ponasa,1998,0.003149
220304,San Martin,Santa Rosa,1998,0.002006
100903,Huanuco,Honoria,1998,0.000299
220203,San Martin,Bajo Biavo,1998,0.001558
220710,San Martin,Tres Unidos,1998,0.000968
220510,San Martin,Tabalosos,1998,0.003297
100904,Huanuco,Tournavista,1998,0.000293
010701,Amazonas,Bagua Grande,1998,0.015386
220701,San Martin,Picota,1998,0.014618
220403,San Martin,El Eslabon,1998,0.003396
250105,Ucayali,Yarinacocha,1998,0.021244
220914,San Martin,Shapaja,1998,0.00161
010707,Amazonas,Yamon,1998,0.00094
010705,Amazonas,Jamalca,1998,0.001157
220205,San Martin,San Pablo,1998,0.004786
220705,San Martin,Pucacaca,1998,0.011571
220601,San Martin,Juanjui,1998,0.010784
100905,Huanuco,Yuyapichis,1998,8.9e-05
100608,Huanuco,Castillo Grande,1998,0.012039
220302,San Martin,Agua Blanca,1998,0.002117
250306,Ucayali,Huipoca,1998,0.000352
010611,Amazonas,Totora,1998,0.002697
010706,Amazonas,Lonya Grande,1998,0.000642
220706,San Martin,San Cristobal,1998,0.014403
010303,Amazonas,Churuja,1998,0.001565
220301,San Martin,San Jose De Sisa,1998,0.004618
010204,Amazonas,El Parco,1998,0.006659
010306,Amazonas,Florida,1998,0.002071
220303,San Martin,San Martin,1998,0.000577
220106,San Martin,Yantalo,1998,0.008968
220305,San Martin,Shatoja,1998,0.002163
010104,Amazonas,Cheto,1998,0.000291
160201,Loreto,Yurimaguas,1998,0.003902
060901,Cajamarca,San Ignacio,1998,0.004568
220511,San Martin,Zapatero,1998,0.002938
060811,Cajamarca,San Jose Del Alto,1998,0.000583
010206,Amazonas,La Peca,1998,0.00283
220401,San Martin,Saposoa,1998,0.0023
060902,Cajamarca,Chirinos,1998,0.002635
220908,San Martin,Juan Guerra,1998,0.006757
060904,Cajamarca,La Coipa,1998,0.001972
220808,San Martin,Yorongos,1998,0.005687
120607,Junin,Rio Negro,1998,0.001867
060812,Cajamarca,Santa Rosa,1998,0.001591
250106,Ucayali,Nueva Requena,1998,0.000267
220802,San Martin,Awajun,1998,0.001114
250302,Ucayali,Irazola,1998,0.000241
010109,Amazonas,La Jalca,1998,0.002393
220906,San Martin,El Porvenir,1998,0.000813
220707,San Martin,San Hilarion,1998,0.016559
220806,San Martin,Posic,1998,0.009574
220406,San Martin,Tingo De Saposoa,1998,0.004878
100901,Huanuco,Puerto Inca,1998,0.000127
010105,Amazonas,Chiliquin,1998,0.0
220105,San Martin,Soritor,1998,0.00581
220201,San Martin,Bellavista,1998,0.024594
060803,Cajamarca,Chontali,1998,0.000535
100605,Huanuco,Luyando,1998,0.006566
010307,Amazonas,Jazan,1998,0.006681
010502,Amazonas,Camporredondo,1998,0.002134
010515,Amazonas,Providencia,1998,0.000573
010102,Amazonas,Asuncion,1998,0.0
010510,Amazonas,Luya Viejo,1998,0.000249
100601,Huanuco,Rupa-Rupa,1998,0.012572
010514,Amazonas,Pisuquia,1998,4e-05
060810,Cajamarca,San Felipe,1998,0.002192
010305,Amazonas,Cuispes,1998,0.000766
060905,Cajamarca,Namballe,1998,0.000462
010119,Amazonas,San Isidro De Maino,1998,0.001104
060801,Cajamarca,Jaen,1998,0.018748
010513,Amazonas,Ocumal,1998,0.000386
220912,San Martin,San Antonio,1998,0.003802
220903,San Martin,Cacatachi,1998,0.030385
120602,Junin,Coviriali,1998,0.002022
120304,Junin,San Luis De Shuaro,1998,0.000999
120601,Junin,Satipo,1998,0.004776
010203,Amazonas,Copallin,1998,0.002995
010112,Amazonas,Magdalena,1998,0.001602
220102,San Martin,Calzada,1998,0.016898
060805,Cajamarca,Huabal,1998,0.002528
010610,Amazonas,Santa Rosa,1998,0.00334
220503,San Martin,Barranquita,1998,0.000358
220801,San Martin,Rioja,1998,0.034469
220703,San Martin,Caspisapa,1998,0.009656
080904,Cusco,Maranura,1998,0.002786
010117,Amazonas,Quinjalca,1998,0.0
250303,Ucayali,Curimana,1998,0.000245
010308,Amazonas,Recta,1998,0.0
010115,Amazonas,Montevideo,1998,0.000932
010114,Amazonas,Molinopampa,1998,0.000374
010503,Amazonas,Cocabamba,1998,0.000102
060809,Cajamarca,Sallique,1998,0.001257
010120,Amazonas,Soloco,1998,0.000345
010521,Amazonas,Santo Tomas,1998,0.00241
100113,Huanuco,San Pablo De Pillao,1998,0.0
010602,Amazonas,Chirimoto,1998,0.00015
100603,Huanuco,Hermilio Valdizan,1998,1.9e-05
010111,Amazonas,Levanto,1998,0.000927
010518,Amazonas,San Jeronimo,1998,0.000347
010609,Amazonas,Omia,1998,0.00017
100902,Huanuco,Codo Del Pozuzo,1998,1.8e-05
010113,Amazonas,Mariscal Castilla,1998,0.002276
220101,San Martin,Moyobamba,1998,0.003518
010310,Amazonas,Shipasbamba,1998,0.000972
100103,Huanuco,Chinchao,1998,0.000416
010311,Amazonas,Valera,1998,0.000935
060907,Cajamarca,Tabaconas,1998,0.000361
160112,Loreto,Belen,1998,0.005178
200307,Piura,Sondor,1998,0.001059
220803,San Martin,Elias Soplin Vargas,1998,0.007215
010506,Amazonas,Inguilpata,1998,0.000623
220506,San Martin,Pinto Recodo,1998,0.000577
120303,Junin,Pichanaqui,1998,0.002997
010202,Amazonas,Aramango,1998,0.000388
010606,Amazonas,Longar,1998,0.0016
160101,Loreto,Iquitos,1998,0.031502
010507,Amazonas,Longuita,1998,0.000439
221001,San Martin,Tocache,1998,0.006273
010511,Amazonas,Maria,1998,0.000537
080901,Cusco,Santa Ana,1998,0.01143
120302,Junin,Perene,1998,0.003673
050409,Ayacucho,Canayre,1998,0.000461
221002,San Martin,Nuevo Progreso,1998,0.001618
200303,Piura,El Carmen De La Frontera,1998,0.00029
100609,Huanuco,Pueblo Nuevo,1998,0.000256
080903,Cusco,Huayopata,1998,0.001319
010604,Amazonas,Huambo,1998,0.003022
100505,Huanuco,Jircan,1998,0.0
010512,Amazonas,Ocalli,1998,0.001076
010101,Amazonas,Chachapoyas,1998,0.034973
060903,Cajamarca,Huarango,1998,0.000635
010116,Amazonas,Olleros,1998,0.0
010605,Amazonas,Limabamba,1998,0.00022
100804,Huanuco,Umari,1998,7.9e-05
220504,San Martin,Caynarachi,1998,0.000969
080905,Cusco,Ocobamba,1998,0.00037
010517,Amazonas,San Francisco Del Yeso,1998,0.000235
120609,Junin,Vizcatán Del Ene,1998,0.000108
060807,Cajamarca,Pomahuaca,1998,0.00078
010304,Amazonas,Corosha,1998,0.0
221005,San Martin,Uchiza,1998,0.004381
220807,San Martin,San Fernando,1998,0.002664
050512,Ayacucho,Union Progreso,1998,0.004058
060804,Cajamarca,Colasay,1998,0.000746
160503,Loreto,Capelo,1998,0.000438
220910,San Martin,Morales,1998,0.07565
120604,Junin,Mazamari,1998,0.002029
120603,Junin,Llaylla,1998,0.000642
010520,Amazonas,Santa Catalina,1998,0.000227
010603,Amazonas,Cochamal,1998,0.000384
120209,Junin,Mariscal Castilla,1998,0.003612
010601,Amazonas,San Nicolas,1998,0.009544
010519,Amazonas,San Juan De Lopecancha,1998,3.1e-05
160211,Loreto,Teniente Cesar Lopez Rojas,1998,0.000229
080408,Cusco,Yanatile,1998,0.000625
050408,Ayacucho,Llochegua,1998,0.000953
100507,Huanuco,Monzon,1998,0.001026
081304,Cusco,Machupicchu,1998,0.000629
220909,San Martin,La Banda De Shilcayo,1998,0.024649
220103,San Martin,Habana,1998,0.016655
100606,Huanuco,Mariano Damaso Beraun,1998,0.000741
010508,Amazonas,Lonya Chico,1998,0.004093
170102,Madre De Dios,Inambari,1998,0.000221
050502,Ayacucho,Anco,1998,0.000534
010523,Amazonas,Trita,1998,0.012149
010516,Amazonas,San Cristobal,1998,0.001551
080918,Cusco,Union Ashaninka,1998,0.00025
221006,San Martin,Santa Lucia,1998,0.004528
100702,Huanuco,Cholon,1998,0.000129
211205,Puno,Phara,1998,0.0001
170204,Madre De Dios,Huepetuhe,1998,0.000118
010302,Amazonas,Chisquilla,1998,0.0
050507,Ayacucho,Santa Rosa,1998,0.001901
220804,San Martin,Nueva Cajamarca,1998,0.023069
220809,San Martin,Yuracyacu,1998,0.013285
160603,Loreto,Padre Marquez,1998,0.000121
010522,Amazonas,Tingo,1998,0.003449
080906,Cusco,Quellouno,1998,0.000461
010301,Amazonas,Jumbilla,1998,0.0012
080917,Cusco,Manitea,1998,0.000734
250305,Ucayali,Alexander Von Humboldt,1999,0.003874
220509,San Martin,Shanao,1999,0.003722
250304,Ucayali,Neshuya,1999,0.002444
220501,San Martin,Lamas,1999,0.020198
220902,San Martin,Alberto Leveau,1999,0.003139
250102,Ucayali,Campoverde,1999,0.003181
220702,San Martin,Buenos Aires,1999,0.003566
220502,San Martin,Alonso De Alvarado,1999,0.002859
220404,San Martin,Piscoyacu,1999,0.003595
220708,San Martin,Shamboyacu,1999,0.000484
220204,San Martin,Huallaga,1999,0.0011
220605,San Martin,Pajarillo,1999,0.001583
010703,Amazonas,Cumba,1999,0.001641
220704,San Martin,Pilluana,1999,0.009843
220104,San Martin,Jepelacio,1999,0.005402
220505,San Martin,Cuñumbuqui,1999,0.004932
220507,San Martin,Rumisapa,1999,0.013149
220913,San Martin,Sauce,1999,0.005618
010608,Amazonas,Milpuc,1999,0.000476
220405,San Martin,Sacanche,1999,0.002442
220709,San Martin,Tingo De Ponasa,1999,0.003269
220304,San Martin,Santa Rosa,1999,0.002042
100903,Huanuco,Honoria,1999,0.000297
220203,San Martin,Bajo Biavo,1999,0.001631
220710,San Martin,Tres Unidos,1999,0.000992
220510,San Martin,Tabalosos,1999,0.003321
100904,Huanuco,Tournavista,1999,0.000289
010701,Amazonas,Bagua Grande,1999,0.015417
220701,San Martin,Picota,1999,0.015038
220403,San Martin,El Eslabon,1999,0.003418
250105,Ucayali,Yarinacocha,1999,0.022045
220914,San Martin,Shapaja,1999,0.001659
010707,Amazonas,Yamon,1999,0.000914
010705,Amazonas,Jamalca,1999,0.001183
220205,San Martin,San Pablo,1999,0.004781
220705,San Martin,Pucacaca,1999,0.011575
220601,San Martin,Juanjui,1999,0.010881
100905,Huanuco,Yuyapichis,1999,9e-05
100608,Huanuco,Castillo Grande,1999,0.012209
220302,San Martin,Agua Blanca,1999,0.002111
250306,Ucayali,Huipoca,1999,0.000353
010611,Amazonas,Totora,1999,0.002697
010706,Amazonas,Lonya Grande,1999,0.000652
220706,San Martin,San Cristobal,1999,0.014668
010303,Amazonas,Churuja,1999,0.001789
220301,San Martin,San Jose De Sisa,1999,0.004736
010204,Amazonas,El Parco,1999,0.006708
010306,Amazonas,Florida,1999,0.002203
220303,San Martin,San Martin,1999,0.000613
220106,San Martin,Yantalo,1999,0.009377
220305,San Martin,Shatoja,1999,0.002292
010104,Amazonas,Cheto,1999,0.000291
160201,Loreto,Yurimaguas,1999,0.003937
060901,Cajamarca,San Ignacio,1999,0.004708
220511,San Martin,Zapatero,1999,0.002928
060811,Cajamarca,San Jose Del Alto,1999,0.000664
010206,Amazonas,La Peca,1999,0.002972
220401,San Martin,Saposoa,1999,0.002288
060902,Cajamarca,Chirinos,1999,0.0027
220908,San Martin,Juan Guerra,1999,0.006891
060904,Cajamarca,La Coipa,1999,0.002033
220808,San Martin,Yorongos,1999,0.005915
120607,Junin,Rio Negro,1999,0.001903
060812,Cajamarca,Santa Rosa,1999,0.001674
250106,Ucayali,Nueva Requena,1999,0.000267
220802,San Martin,Awajun,1999,0.001208
250302,Ucayali,Irazola,1999,0.000246
010109,Amazonas,La Jalca,1999,0.002422
220906,San Martin,El Porvenir,1999,0.000802
220707,San Martin,San Hilarion,1999,0.016601
220806,San Martin,Posic,1999,0.009726
220406,San Martin,Tingo De Saposoa,1999,0.004972
100901,Huanuco,Puerto Inca,1999,0.000134
010105,Amazonas,Chiliquin,1999,0.0
220105,San Martin,Soritor,1999,0.006086
220201,San Martin,Bellavista,1999,0.024765
060803,Cajamarca,Chontali,1999,0.00057
100605,Huanuco,Luyando,1999,0.006582
010307,Amazonas,Jazan,1999,0.006845
010502,Amazonas,Camporredondo,1999,0.002154
010515,Amazonas,Providencia,1999,0.000588
010102,Amazonas,Asuncion,1999,0.0
010510,Amazonas,Luya Viejo,1999,0.000249
100601,Huanuco,Rupa-Rupa,1999,0.012945
010514,Amazonas,Pisuquia,1999,4e-05
060810,Cajamarca,San Felipe,1999,0.002178
010305,Amazonas,Cuispes,1999,0.000784
060905,Cajamarca,Namballe,1999,0.000466
010119,Amazonas,San Isidro De Maino,1999,0.001104
060801,Cajamarca,Jaen,1999,0.018883
010513,Amazonas,Ocumal,1999,0.000432
220912,San Martin,San Antonio,1999,0.003893
220903,San Martin,Cacatachi,1999,0.032401
120602,Junin,Coviriali,1999,0.001986
120304,Junin,San Luis De Shuaro,1999,0.001118
120601,Junin,Satipo,1999,0.004953
010203,Amazonas,Copallin,1999,0.00313
010112,Amazonas,Magdalena,1999,0.001602
220102,San Martin,Calzada,1999,0.017013
060805,Cajamarca,Huabal,1999,0.002518
010610,Amazonas,Santa Rosa,1999,0.00334
220503,San Martin,Barranquita,1999,0.000352
220801,San Martin,Rioja,1999,0.034516
220703,San Martin,Caspisapa,1999,0.009341
080904,Cusco,Maranura,1999,0.002781
010117,Amazonas,Quinjalca,1999,0.0
250303,Ucayali,Curimana,1999,0.000248
010308,Amazonas,Recta,1999,0.0
010115,Amazonas,Montevideo,1999,0.000932
010114,Amazonas,Molinopampa,1999,0.000379
010503,Amazonas,Cocabamba,1999,0.000102
060809,Cajamarca,Sallique,1999,0.001301
010120,Amazonas,Soloco,1999,0.000345
010521,Amazonas,Santo Tomas,1999,0.002429
100113,Huanuco,San Pablo De Pillao,1999,1e-05
010602,Amazonas,Chirimoto,1999,0.000156
100603,Huanuco,Hermilio Valdizan,1999,1.9e-05
010111,Amazonas,Levanto,1999,0.000974
010518,Amazonas,San Jeronimo,1999,0.000351
010609,Amazonas,Omia,1999,0.000193
100902,Huanuco,Codo Del Pozuzo,1999,1.8e-05
010113,Amazonas,Mariscal Castilla,1999,0.002276
220101,San Martin,Moyobamba,1999,0.003593
010310,Amazonas,Shipasbamba,1999,0.000986
100103,Huanuco,Chinchao,1999,0.000416
010311,Amazonas,Valera,1999,0.000935
060907,Cajamarca,Tabaconas,1999,0.000429
160112,Loreto,Belen,1999,0.005177
200307,Piura,Sondor,1999,0.001098
220803,San Martin,Elias Soplin Vargas,1999,0.007236
010506,Amazonas,Inguilpata,1999,0.00063
220506,San Martin,Pinto Recodo,1999,0.000611
120303,Junin,Pichanaqui,1999,0.003074
010202,Amazonas,Aramango,1999,0.000414
010606,Amazonas,Longar,1999,0.0016
160101,Loreto,Iquitos,1999,0.031527
010507,Amazonas,Longuita,1999,0.000439
221001,San Martin,Tocache,1999,0.006262
010511,Amazonas,Maria,1999,0.000598
080901,Cusco,Santa Ana,1999,0.011442
120302,Junin,Perene,1999,0.003951
050409,Ayacucho,Canayre,1999,0.000552
221002,San Martin,Nuevo Progreso,1999,0.001643
200303,Piura,El Carmen De La Frontera,1999,0.000297
100609,Huanuco,Pueblo Nuevo,1999,0.000276
080903,Cusco,Huayopata,1999,0.001347
010604,Amazonas,Huambo,1999,0.002976
100505,Huanuco,Jircan,1999,0.0
010512,Amazonas,Ocalli,1999,0.001189
010101,Amazonas,Chachapoyas,1999,0.035263
060903,Cajamarca,Huarango,1999,0.000675
010116,Amazonas,Olleros,1999,0.0
010605,Amazonas,Limabamba,1999,0.000226
100804,Huanuco,Umari,1999,9e-05
220504,San Martin,Caynarachi,1999,0.000993
080905,Cusco,Ocobamba,1999,0.000375
010517,Amazonas,San Francisco Del Yeso,1999,0.000239
120609,Junin,Vizcatán Del Ene,1999,0.000112
060807,Cajamarca,Pomahuaca,1999,0.000778
010304,Amazonas,Corosha,1999,0.0
221005,San Martin,Uchiza,1999,0.004413
220807,San Martin,San Fernando,1999,0.002625
050512,Ayacucho,Union Progreso,1999,0.004526
060804,Cajamarca,Colasay,1999,0.000789
160503,Loreto,Capelo,1999,0.000426
220910,San Martin,Morales,1999,0.077333
120604,Junin,Mazamari,1999,0.00209
120603,Junin,Llaylla,1999,0.000708
010520,Amazonas,Santa Catalina,1999,0.000238
010603,Amazonas,Cochamal,1999,0.000393
120209,Junin,Mariscal Castilla,1999,0.003628
010601,Amazonas,San Nicolas,1999,0.009666
010519,Amazonas,San Juan De Lopecancha,1999,3.1e-05
160211,Loreto,Teniente Cesar Lopez Rojas,1999,0.000246
080408,Cusco,Yanatile,1999,0.000628
050408,Ayacucho,Llochegua,1999,0.001023
100507,Huanuco,Monzon,1999,0.001064
081304,Cusco,Machupicchu,1999,0.000646
220909,San Martin,La Banda De Shilcayo,1999,0.025569
220103,San Martin,Habana,1999,0.016811
100606,Huanuco,Mariano Damaso Beraun,1999,0.000764
010508,Amazonas,Lonya Chico,1999,0.004132
170102,Madre De Dios,Inambari,1999,0.000224
050502,Ayacucho,Anco,1999,0.000549
010523,Amazonas,Trita,1999,0.012149
010516,Amazonas,San Cristobal,1999,0.001551
080918,Cusco,Union Ashaninka,1999,0.000256
221006,San Martin,Santa Lucia,1999,0.0046
100702,Huanuco,Cholon,1999,0.00013
211205,Puno,Phara,1999,0.0001
170204,Madre De Dios,Huepetuhe,1999,0.000141
010302,Amazonas,Chisquilla,1999,0.0
050507,Ayacucho,Santa Rosa,1999,0.001975
220804,San Martin,Nueva Cajamarca,1999,0.023381
220809,San Martin,Yuracyacu,1999,0.013328
160603,Loreto,Padre Marquez,1999,0.000118
010522,Amazonas,Tingo,1999,0.003392
080906,Cusco,Quellouno,1999,0.00047
010301,Amazonas,Jumbilla,1999,0.001239
080917,Cusco,Manitea,1999,0.00082
250305,Ucayali,Alexander Von Humboldt,2000,0.00393
220509,San Martin,Shanao,2000,0.004087
250304,Ucayali,Neshuya,2000,0.00247
220501,San Martin,Lamas,2000,0.020376
220902,San Martin,Alberto Leveau,2000,0.003122
250102,Ucayali,Campoverde,2000,0.003198
220702,San Martin,Buenos Aires,2000,0.003552
220502,San Martin,Alonso De Alvarado,2000,0.002973
220404,San Martin,Piscoyacu,2000,0.003531
220708,San Martin,Shamboyacu,2000,0.000466
220204,San Martin,Huallaga,2000,0.001111
220605,San Martin,Pajarillo,2000,0.001595
010703,Amazonas,Cumba,2000,0.0017
220704,San Martin,Pilluana,2000,0.009856
220104,San Martin,Jepelacio,2000,0.005505
220505,San Martin,Cuñumbuqui,2000,0.004883
220507,San Martin,Rumisapa,2000,0.013416
220913,San Martin,Sauce,2000,0.005627
010608,Amazonas,Milpuc,2000,0.000496
220405,San Martin,Sacanche,2000,0.002469
220709,San Martin,Tingo De Ponasa,2000,0.003385
220304,San Martin,Santa Rosa,2000,0.002063
100903,Huanuco,Honoria,2000,0.000306
220203,San Martin,Bajo Biavo,2000,0.001672
220710,San Martin,Tres Unidos,2000,0.001023
220510,San Martin,Tabalosos,2000,0.003417
100904,Huanuco,Tournavista,2000,0.00029
010701,Amazonas,Bagua Grande,2000,0.015571
220701,San Martin,Picota,2000,0.015136
220403,San Martin,El Eslabon,2000,0.003453
250105,Ucayali,Yarinacocha,2000,0.022313
220914,San Martin,Shapaja,2000,0.001636
010707,Amazonas,Yamon,2000,0.000887
010705,Amazonas,Jamalca,2000,0.001061
220205,San Martin,San Pablo,2000,0.004781
220705,San Martin,Pucacaca,2000,0.011636
220601,San Martin,Juanjui,2000,0.010952
100905,Huanuco,Yuyapichis,2000,9e-05
100608,Huanuco,Castillo Grande,2000,0.012361
220302,San Martin,Agua Blanca,2000,0.002106
250306,Ucayali,Huipoca,2000,0.000352
010611,Amazonas,Totora,2000,0.002789
010706,Amazonas,Lonya Grande,2000,0.000708
220706,San Martin,San Cristobal,2000,0.014786
010303,Amazonas,Churuja,2000,0.001733
220301,San Martin,San Jose De Sisa,2000,0.004771
010204,Amazonas,El Parco,2000,0.007148
010306,Amazonas,Florida,2000,0.002384
220303,San Martin,San Martin,2000,0.000642
220106,San Martin,Yantalo,2000,0.009633
220305,San Martin,Shatoja,2000,0.002335
010104,Amazonas,Cheto,2000,0.000291
160201,Loreto,Yurimaguas,2000,0.003957
060901,Cajamarca,San Ignacio,2000,0.004658
220511,San Martin,Zapatero,2000,0.003015
060811,Cajamarca,San Jose Del Alto,2000,0.000669
010206,Amazonas,La Peca,2000,0.003133
220401,San Martin,Saposoa,2000,0.002262
060902,Cajamarca,Chirinos,2000,0.002682
220908,San Martin,Juan Guerra,2000,0.006854
060904,Cajamarca,La Coipa,2000,0.002073
220808,San Martin,Yorongos,2000,0.006241
120607,Junin,Rio Negro,2000,0.00193
060812,Cajamarca,Santa Rosa,2000,0.00174
250106,Ucayali,Nueva Requena,2000,0.000271
220802,San Martin,Awajun,2000,0.001412
250302,Ucayali,Irazola,2000,0.00025
010109,Amazonas,La Jalca,2000,0.002422
220906,San Martin,El Porvenir,2000,0.000815
220707,San Martin,San Hilarion,2000,0.017019
220806,San Martin,Posic,2000,0.009996
220406,San Martin,Tingo De Saposoa,2000,0.00501
100901,Huanuco,Puerto Inca,2000,0.000131
010105,Amazonas,Chiliquin,2000,0.0
220105,San Martin,Soritor,2000,0.006294
220201,San Martin,Bellavista,2000,0.025282
060803,Cajamarca,Chontali,2000,0.000581
100605,Huanuco,Luyando,2000,0.006685
010307,Amazonas,Jazan,2000,0.006998
010502,Amazonas,Camporredondo,2000,0.002207
010515,Amazonas,Providencia,2000,0.000679
010102,Amazonas,Asuncion,2000,0.0
010510,Amazonas,Luya Viejo,2000,0.000249
100601,Huanuco,Rupa-Rupa,2000,0.013019
010514,Amazonas,Pisuquia,2000,7e-05
060810,Cajamarca,San Felipe,2000,0.00215
010305,Amazonas,Cuispes,2000,0.000876
060905,Cajamarca,Namballe,2000,0.000477
010119,Amazonas,San Isidro De Maino,2000,0.001186
060801,Cajamarca,Jaen,2000,0.019185
010513,Amazonas,Ocumal,2000,0.000472
220912,San Martin,San Antonio,2000,0.004267
220903,San Martin,Cacatachi,2000,0.033366
120602,Junin,Coviriali,2000,0.002058
120304,Junin,San Luis De Shuaro,2000,0.001141
120601,Junin,Satipo,2000,0.005017
010203,Amazonas,Copallin,2000,0.003274
010112,Amazonas,Magdalena,2000,0.001608
220102,San Martin,Calzada,2000,0.016921
060805,Cajamarca,Huabal,2000,0.002581
010610,Amazonas,Santa Rosa,2000,0.00334
220503,San Martin,Barranquita,2000,0.000392
220801,San Martin,Rioja,2000,0.035103
220703,San Martin,Caspisapa,2000,0.009423
080904,Cusco,Maranura,2000,0.002738
010117,Amazonas,Quinjalca,2000,0.0
250303,Ucayali,Curimana,2000,0.000251
010308,Amazonas,Recta,2000,0.0
010115,Amazonas,Montevideo,2000,0.000982
010114,Amazonas,Molinopampa,2000,0.000389
010503,Amazonas,Cocabamba,2000,0.000102
060809,Cajamarca,Sallique,2000,0.001272
010120,Amazonas,Soloco,2000,0.000345
010521,Amazonas,Santo Tomas,2000,0.002479
100113,Huanuco,San Pablo De Pillao,2000,1.3e-05
010602,Amazonas,Chirimoto,2000,0.000191
100603,Huanuco,Hermilio Valdizan,2000,1.9e-05
010111,Amazonas,Levanto,2000,0.00101
010518,Amazonas,San Jeronimo,2000,0.000359
010609,Amazonas,Omia,2000,0.000197
100902,Huanuco,Codo Del Pozuzo,2000,2e-05
010113,Amazonas,Mariscal Castilla,2000,0.002276
220101,San Martin,Moyobamba,2000,0.003679
010310,Amazonas,Shipasbamba,2000,0.001114
100103,Huanuco,Chinchao,2000,0.000416
010311,Amazonas,Valera,2000,0.000946
060907,Cajamarca,Tabaconas,2000,0.000432
160112,Loreto,Belen,2000,0.005192
200307,Piura,Sondor,2000,0.001201
220803,San Martin,Elias Soplin Vargas,2000,0.007283
010506,Amazonas,Inguilpata,2000,0.000645
220506,San Martin,Pinto Recodo,2000,0.000604
120303,Junin,Pichanaqui,2000,0.003121
010202,Amazonas,Aramango,2000,0.000392
010606,Amazonas,Longar,2000,0.001643
160101,Loreto,Iquitos,2000,0.031578
010507,Amazonas,Longuita,2000,0.00047
221001,San Martin,Tocache,2000,0.006248
010511,Amazonas,Maria,2000,0.000628
080901,Cusco,Santa Ana,2000,0.011511
120302,Junin,Perene,2000,0.003987
050409,Ayacucho,Canayre,2000,0.000558
221002,San Martin,Nuevo Progreso,2000,0.00166
200303,Piura,El Carmen De La Frontera,2000,0.000297
100609,Huanuco,Pueblo Nuevo,2000,0.000287
080903,Cusco,Huayopata,2000,0.001355
010604,Amazonas,Huambo,2000,0.003034
100505,Huanuco,Jircan,2000,0.0
010512,Amazonas,Ocalli,2000,0.00136
010101,Amazonas,Chachapoyas,2000,0.036081
060903,Cajamarca,Huarango,2000,0.00069
010116,Amazonas,Olleros,2000,0.0
010605,Amazonas,Limabamba,2000,0.000233
100804,Huanuco,Umari,2000,0.00014
220504,San Martin,Caynarachi,2000,0.000988
080905,Cusco,Ocobamba,2000,0.00039
010517,Amazonas,San Francisco Del Yeso,2000,0.000239
120609,Junin,Vizcatán Del Ene,2000,0.000114
060807,Cajamarca,Pomahuaca,2000,0.000698
010304,Amazonas,Corosha,2000,0.0
221005,San Martin,Uchiza,2000,0.004426
220807,San Martin,San Fernando,2000,0.002677
050512,Ayacucho,Union Progreso,2000,0.004013
060804,Cajamarca,Colasay,2000,0.000784
160503,Loreto,Capelo,2000,0.000414
220910,San Martin,Morales,2000,0.078928
120604,Junin,Mazamari,2000,0.002114
120603,Junin,Llaylla,2000,0.000747
010520,Amazonas,Santa Catalina,2000,0.000286
010603,Amazonas,Cochamal,2000,0.000398
120209,Junin,Mariscal Castilla,2000,0.00369
010601,Amazonas,San Nicolas,2000,0.009735
010519,Amazonas,San Juan De Lopecancha,2000,3.1e-05
160211,Loreto,Teniente Cesar Lopez Rojas,2000,0.000259
080408,Cusco,Yanatile,2000,0.000628
050408,Ayacucho,Llochegua,2000,0.001073
100507,Huanuco,Monzon,2000,0.001095
081304,Cusco,Machupicchu,2000,0.000632
220909,San Martin,La Banda De Shilcayo,2000,0.026695
220103,San Martin,Habana,2000,0.017263
100606,Huanuco,Mariano Damaso Beraun,2000,0.000767
010508,Amazonas,Lonya Chico,2000,0.004157
170102,Madre De Dios,Inambari,2000,0.000233
050502,Ayacucho,Anco,2000,0.000552
010523,Amazonas,Trita,2000,0.012149
010516,Amazonas,San Cristobal,2000,0.001601
080918,Cusco,Union Ashaninka,2000,0.00027
221006,San Martin,Santa Lucia,2000,0.004587
100702,Huanuco,Cholon,2000,0.000133
211205,Puno,Phara,2000,0.000102
170204,Madre De Dios,Huepetuhe,2000,0.00016
010302,Amazonas,Chisquilla,2000,0.0
050507,Ayacucho,Santa Rosa,2000,0.002085
220804,San Martin,Nueva Cajamarca,2000,0.023687
220809,San Martin,Yuracyacu,2000,0.013443
160603,Loreto,Padre Marquez,2000,0.000118
010522,Amazonas,Tingo,2000,0.003498
080906,Cusco,Quellouno,2000,0.000465
010301,Amazonas,Jumbilla,2000,0.001267
080917,Cusco,Manitea,2000,0.000813
250305,Ucayali,Alexander Von Humboldt,2001,0.004008
220509,San Martin,Shanao,2001,0.003905
250304,Ucayali,Neshuya,2001,0.002529
220501,San Martin,Lamas,2001,0.020472
220902,San Martin,Alberto Leveau,2001,0.003208
250102,Ucayali,Campoverde,2001,0.003224
220702,San Martin,Buenos Aires,2001,0.003524
220502,San Martin,Alonso De Alvarado,2001,0.003036
220404,San Martin,Piscoyacu,2001,0.003472
220708,San Martin,Shamboyacu,2001,0.000491
220204,San Martin,Huallaga,2001,0.001118
220605,San Martin,Pajarillo,2001,0.001663
010703,Amazonas,Cumba,2001,0.001741
220704,San Martin,Pilluana,2001,0.00996
220104,San Martin,Jepelacio,2001,0.005545
220505,San Martin,Cuñumbuqui,2001,0.00482
220507,San Martin,Rumisapa,2001,0.01355
220913,San Martin,Sauce,2001,0.005698
010608,Amazonas,Milpuc,2001,0.000496
220405,San Martin,Sacanche,2001,0.002519
220709,San Martin,Tingo De Ponasa,2001,0.003483
220304,San Martin,Santa Rosa,2001,0.002085
100903,Huanuco,Honoria,2001,0.000306
220203,San Martin,Bajo Biavo,2001,0.001698
220710,San Martin,Tres Unidos,2001,0.001028
220510,San Martin,Tabalosos,2001,0.003356
100904,Huanuco,Tournavista,2001,0.000287
010701,Amazonas,Bagua Grande,2001,0.015684
220701,San Martin,Picota,2001,0.015606
220403,San Martin,El Eslabon,2001,0.003503
250105,Ucayali,Yarinacocha,2001,0.023107
220914,San Martin,Shapaja,2001,0.001606
010707,Amazonas,Yamon,2001,0.000887
010705,Amazonas,Jamalca,2001,0.001294
220205,San Martin,San Pablo,2001,0.004867
220705,San Martin,Pucacaca,2001,0.011951
220601,San Martin,Juanjui,2001,0.010881
100905,Huanuco,Yuyapichis,2001,9e-05
100608,Huanuco,Castillo Grande,2001,0.012759
220302,San Martin,Agua Blanca,2001,0.0021
250306,Ucayali,Huipoca,2001,0.000352
010611,Amazonas,Totora,2001,0.002606
010706,Amazonas,Lonya Grande,2001,0.000715
220706,San Martin,San Cristobal,2001,0.014757
010303,Amazonas,Churuja,2001,0.001761
220301,San Martin,San Jose De Sisa,2001,0.004734
010204,Amazonas,El Parco,2001,0.007393
010306,Amazonas,Florida,2001,0.002436
220303,San Martin,San Martin,2001,0.000693
220106,San Martin,Yantalo,2001,0.010182
220305,San Martin,Shatoja,2001,0.002492
010104,Amazonas,Cheto,2001,0.000316
160201,Loreto,Yurimaguas,2001,0.00398
060901,Cajamarca,San Ignacio,2001,0.004666
220511,San Martin,Zapatero,2001,0.002964
060811,Cajamarca,San Jose Del Alto,2001,0.000671
010206,Amazonas,La Peca,2001,0.003171
220401,San Martin,Saposoa,2001,0.00224
060902,Cajamarca,Chirinos,2001,0.00275
220908,San Martin,Juan Guerra,2001,0.006757
060904,Cajamarca,La Coipa,2001,0.002108
220808,San Martin,Yorongos,2001,0.006252
120607,Junin,Rio Negro,2001,0.001944
060812,Cajamarca,Santa Rosa,2001,0.001786
250106,Ucayali,Nueva Requena,2001,0.000277
220802,San Martin,Awajun,2001,0.0015
250302,Ucayali,Irazola,2001,0.000255
010109,Amazonas,La Jalca,2001,0.002422
220906,San Martin,El Porvenir,2001,0.000821
220707,San Martin,San Hilarion,2001,0.016951
220806,San Martin,Posic,2001,0.010639
220406,San Martin,Tingo De Saposoa,2001,0.004896
100901,Huanuco,Puerto Inca,2001,0.000139
010105,Amazonas,Chiliquin,2001,0.0
220105,San Martin,Soritor,2001,0.006403
220201,San Martin,Bellavista,2001,0.025196
060803,Cajamarca,Chontali,2001,0.000589
100605,Huanuco,Luyando,2001,0.006946
010307,Amazonas,Jazan,2001,0.007186
010502,Amazonas,Camporredondo,2001,0.002227
010515,Amazonas,Providencia,2001,0.000679
010102,Amazonas,Asuncion,2001,0.0
010510,Amazonas,Luya Viejo,2001,0.000249
100601,Huanuco,Rupa-Rupa,2001,0.01283
010514,Amazonas,Pisuquia,2001,7.3e-05
060810,Cajamarca,San Felipe,2001,0.002338
010305,Amazonas,Cuispes,2001,0.000876
060905,Cajamarca,Namballe,2001,0.000488
010119,Amazonas,San Isidro De Maino,2001,0.001186
060801,Cajamarca,Jaen,2001,0.019337
010513,Amazonas,Ocumal,2001,0.000472
220912,San Martin,San Antonio,2001,0.004335
220903,San Martin,Cacatachi,2001,0.034128
120602,Junin,Coviriali,2001,0.002058
120304,Junin,San Luis De Shuaro,2001,0.001095
120601,Junin,Satipo,2001,0.005055
010203,Amazonas,Copallin,2001,0.00331
010112,Amazonas,Magdalena,2001,0.001621
220102,San Martin,Calzada,2001,0.016676
060805,Cajamarca,Huabal,2001,0.002581
010610,Amazonas,Santa Rosa,2001,0.003428
220503,San Martin,Barranquita,2001,0.000427
220801,San Martin,Rioja,2001,0.036103
220703,San Martin,Caspisapa,2001,0.009621
080904,Cusco,Maranura,2001,0.002844
010117,Amazonas,Quinjalca,2001,0.0
250303,Ucayali,Curimana,2001,0.000273
010308,Amazonas,Recta,2001,0.0
010115,Amazonas,Montevideo,2001,0.000982
010114,Amazonas,Molinopampa,2001,0.000395
010503,Amazonas,Cocabamba,2001,0.000102
060809,Cajamarca,Sallique,2001,0.001313
010120,Amazonas,Soloco,2001,0.000333
010521,Amazonas,Santo Tomas,2001,0.002489
100113,Huanuco,San Pablo De Pillao,2001,1.3e-05
010602,Amazonas,Chirimoto,2001,0.000185
100603,Huanuco,Hermilio Valdizan,2001,1.9e-05
010111,Amazonas,Levanto,2001,0.001034
010518,Amazonas,San Jeronimo,2001,0.000364
010609,Amazonas,Omia,2001,0.000209
100902,Huanuco,Codo Del Pozuzo,2001,2e-05
010113,Amazonas,Mariscal Castilla,2001,0.002276
220101,San Martin,Moyobamba,2001,0.003735
010310,Amazonas,Shipasbamba,2001,0.001142
100103,Huanuco,Chinchao,2001,0.00043
010311,Amazonas,Valera,2001,0.000946
060907,Cajamarca,Tabaconas,2001,0.000459
160112,Loreto,Belen,2001,0.00521
200307,Piura,Sondor,2001,0.001222
220803,San Martin,Elias Soplin Vargas,2001,0.007267
010506,Amazonas,Inguilpata,2001,0.000638
220506,San Martin,Pinto Recodo,2001,0.000607
120303,Junin,Pichanaqui,2001,0.003122
010202,Amazonas,Aramango,2001,0.000429
010606,Amazonas,Longar,2001,0.001676
160101,Loreto,Iquitos,2001,0.031614
010507,Amazonas,Longuita,2001,0.00047
221001,San Martin,Tocache,2001,0.006245
010511,Amazonas,Maria,2001,0.000659
080901,Cusco,Santa Ana,2001,0.011646
120302,Junin,Perene,2001,0.003997
050409,Ayacucho,Canayre,2001,0.00061
221002,San Martin,Nuevo Progreso,2001,0.001677
200303,Piura,El Carmen De La Frontera,2001,0.000304
100609,Huanuco,Pueblo Nuevo,2001,0.000287
080903,Cusco,Huayopata,2001,0.001358
010604,Amazonas,Huambo,2001,0.002908
100505,Huanuco,Jircan,2001,0.0
010512,Amazonas,Ocalli,2001,0.00136
010101,Amazonas,Chachapoyas,2001,0.036621
060903,Cajamarca,Huarango,2001,0.000733
010116,Amazonas,Olleros,2001,0.0
010605,Amazonas,Limabamba,2001,0.000234
100804,Huanuco,Umari,2001,0.00014
220504,San Martin,Caynarachi,2001,0.001003
080905,Cusco,Ocobamba,2001,0.000397
010517,Amazonas,San Francisco Del Yeso,2001,0.000239
120609,Junin,Vizcatán Del Ene,2001,0.000122
060807,Cajamarca,Pomahuaca,2001,0.000859
010304,Amazonas,Corosha,2001,0.0
221005,San Martin,Uchiza,2001,0.004406
220807,San Martin,San Fernando,2001,0.002625
050512,Ayacucho,Union Progreso,2001,0.004459
060804,Cajamarca,Colasay,2001,0.000778
160503,Loreto,Capelo,2001,0.000402
220910,San Martin,Morales,2001,0.077981
120604,Junin,Mazamari,2001,0.002152
120603,Junin,Llaylla,2001,0.000742
010520,Amazonas,Santa Catalina,2001,0.000367
010603,Amazonas,Cochamal,2001,0.000403
120209,Junin,Mariscal Castilla,2001,0.003659
010601,Amazonas,San Nicolas,2001,0.009787
010519,Amazonas,San Juan De Lopecancha,2001,3.1e-05
160211,Loreto,Teniente Cesar Lopez Rojas,2001,0.000298
080408,Cusco,Yanatile,2001,0.000631
050408,Ayacucho,Llochegua,2001,0.001112
100507,Huanuco,Monzon,2001,0.001135
081304,Cusco,Machupicchu,2001,0.000649
220909,San Martin,La Banda De Shilcayo,2001,0.026792
220103,San Martin,Habana,2001,0.017521
100606,Huanuco,Mariano Damaso Beraun,2001,0.000769
010508,Amazonas,Lonya Chico,2001,0.004349
170102,Madre De Dios,Inambari,2001,0.00024
050502,Ayacucho,Anco,2001,0.000559
010523,Amazonas,Trita,2001,0.012976
010516,Amazonas,San Cristobal,2001,0.001726
080918,Cusco,Union Ashaninka,2001,0.000273
221006,San Martin,Santa Lucia,2001,0.004656
100702,Huanuco,Cholon,2001,0.00013
211205,Puno,Phara,2001,0.000108
170204,Madre De Dios,Huepetuhe,2001,0.000175
010302,Amazonas,Chisquilla,2001,0.0
050507,Ayacucho,Santa Rosa,2001,0.002145
220804,San Martin,Nueva Cajamarca,2001,0.023801
220809,San Martin,Yuracyacu,2001,0.0133
160603,Loreto,Padre Marquez,2001,0.00013
010522,Amazonas,Tingo,2001,0.003539
080906,Cusco,Quellouno,2001,0.000475
010301,Amazonas,Jumbilla,2001,0.001273
080917,Cusco,Manitea,2001,0.00085
250305,Ucayali,Alexander Von Humboldt,2002,0.004107
220509,San Martin,Shanao,2002,0.004415
250304,Ucayali,Neshuya,2002,0.002552
220501,San Martin,Lamas,2002,0.020411
220902,San Martin,Alberto Leveau,2002,0.003225
250102,Ucayali,Campoverde,2002,0.003255
220702,San Martin,Buenos Aires,2002,0.003558
220502,San Martin,Alonso De Alvarado,2002,0.003123
220404,San Martin,Piscoyacu,2002,0.003664
220708,San Martin,Shamboyacu,2002,0.000531
220204,San Martin,Huallaga,2002,0.001104
220605,San Martin,Pajarillo,2002,0.001673
010703,Amazonas,Cumba,2002,0.001791
220704,San Martin,Pilluana,2002,0.009947
220104,San Martin,Jepelacio,2002,0.00565
220505,San Martin,Cuñumbuqui,2002,0.004844
220507,San Martin,Rumisapa,2002,0.014378
220913,San Martin,Sauce,2002,0.005909
010608,Amazonas,Milpuc,2002,0.000496
220405,San Martin,Sacanche,2002,0.002508
220709,San Martin,Tingo De Ponasa,2002,0.003528
220304,San Martin,Santa Rosa,2002,0.002085
100903,Huanuco,Honoria,2002,0.000298
220203,San Martin,Bajo Biavo,2002,0.001779
220710,San Martin,Tres Unidos,2002,0.001028
220510,San Martin,Tabalosos,2002,0.00339
100904,Huanuco,Tournavista,2002,0.000289
010701,Amazonas,Bagua Grande,2002,0.015754
220701,San Martin,Picota,2002,0.015737
220403,San Martin,El Eslabon,2002,0.003574
250105,Ucayali,Yarinacocha,2002,0.023994
220914,San Martin,Shapaja,2002,0.001618
010707,Amazonas,Yamon,2002,0.001019
010705,Amazonas,Jamalca,2002,0.001312
220205,San Martin,San Pablo,2002,0.004857
220705,San Martin,Pucacaca,2002,0.011978
220601,San Martin,Juanjui,2002,0.010962
100905,Huanuco,Yuyapichis,2002,9.1e-05
100608,Huanuco,Castillo Grande,2002,0.013698
220302,San Martin,Agua Blanca,2002,0.002117
250306,Ucayali,Huipoca,2002,0.000352
010611,Amazonas,Totora,2002,0.002652
010706,Amazonas,Lonya Grande,2002,0.000718
220706,San Martin,San Cristobal,2002,0.015317
010303,Amazonas,Churuja,2002,0.001733
220301,San Martin,San Jose De Sisa,2002,0.0048
010204,Amazonas,El Parco,2002,0.007491
010306,Amazonas,Florida,2002,0.002468
220303,San Martin,San Martin,2002,0.000732
220106,San Martin,Yantalo,2002,0.010297
220305,San Martin,Shatoja,2002,0.002865
010104,Amazonas,Cheto,2002,0.000316
160201,Loreto,Yurimaguas,2002,0.004057
060901,Cajamarca,San Ignacio,2002,0.004698
220511,San Martin,Zapatero,2002,0.002964
060811,Cajamarca,San Jose Del Alto,2002,0.000641
010206,Amazonas,La Peca,2002,0.003159
220401,San Martin,Saposoa,2002,0.002271
060902,Cajamarca,Chirinos,2002,0.002797
220908,San Martin,Juan Guerra,2002,0.00672
060904,Cajamarca,La Coipa,2002,0.002106
220808,San Martin,Yorongos,2002,0.006274
120607,Junin,Rio Negro,2002,0.001967
060812,Cajamarca,Santa Rosa,2002,0.001783
250106,Ucayali,Nueva Requena,2002,0.000288
220802,San Martin,Awajun,2002,0.001554
250302,Ucayali,Irazola,2002,0.000251
010109,Amazonas,La Jalca,2002,0.002429
220906,San Martin,El Porvenir,2002,0.000833
220707,San Martin,San Hilarion,2002,0.017992
220806,San Martin,Posic,2002,0.010487
220406,San Martin,Tingo De Saposoa,2002,0.005237
100901,Huanuco,Puerto Inca,2002,0.000143
010105,Amazonas,Chiliquin,2002,0.0
220105,San Martin,Soritor,2002,0.006509
220201,San Martin,Bellavista,2002,0.025614
060803,Cajamarca,Chontali,2002,0.000595
100605,Huanuco,Luyando,2002,0.007271
010307,Amazonas,Jazan,2002,0.007233
010502,Amazonas,Camporredondo,2002,0.002252
010515,Amazonas,Providencia,2002,0.000679
010102,Amazonas,Asuncion,2002,0.0
010510,Amazonas,Luya Viejo,2002,0.000249
100601,Huanuco,Rupa-Rupa,2002,0.013222
010514,Amazonas,Pisuquia,2002,9.8e-05
060810,Cajamarca,San Felipe,2002,0.002348
010305,Amazonas,Cuispes,2002,0.000959
060905,Cajamarca,Namballe,2002,0.000497
010119,Amazonas,San Isidro De Maino,2002,0.001186
060801,Cajamarca,Jaen,2002,0.019454
010513,Amazonas,Ocumal,2002,0.000472
220912,San Martin,San Antonio,2002,0.004449
220903,San Martin,Cacatachi,2002,0.034552
120602,Junin,Coviriali,2002,0.002094
120304,Junin,San Luis De Shuaro,2002,0.001104
120601,Junin,Satipo,2002,0.005041
010203,Amazonas,Copallin,2002,0.003363
010112,Amazonas,Magdalena,2002,0.001634
220102,San Martin,Calzada,2002,0.016768
060805,Cajamarca,Huabal,2002,0.00257
010610,Amazonas,Santa Rosa,2002,0.003428
220503,San Martin,Barranquita,2002,0.000439
220801,San Martin,Rioja,2002,0.036316
220703,San Martin,Caspisapa,2002,0.009621
080904,Cusco,Maranura,2002,0.002855
010117,Amazonas,Quinjalca,2002,0.0
250303,Ucayali,Curimana,2002,0.000282
010308,Amazonas,Recta,2002,0.0
010115,Amazonas,Montevideo,2002,0.000982
010114,Amazonas,Molinopampa,2002,0.000397
010503,Amazonas,Cocabamba,2002,0.000102
060809,Cajamarca,Sallique,2002,0.001306
010120,Amazonas,Soloco,2002,0.000333
010521,Amazonas,Santo Tomas,2002,0.002498
100113,Huanuco,San Pablo De Pillao,2002,1.3e-05
010602,Amazonas,Chirimoto,2002,0.000225
100603,Huanuco,Hermilio Valdizan,2002,1.9e-05
010111,Amazonas,Levanto,2002,0.001057
010518,Amazonas,San Jeronimo,2002,0.000364
010609,Amazonas,Omia,2002,0.000209
100902,Huanuco,Codo Del Pozuzo,2002,2.3e-05
010113,Amazonas,Mariscal Castilla,2002,0.002276
220101,San Martin,Moyobamba,2002,0.003797
010310,Amazonas,Shipasbamba,2002,0.001157
100103,Huanuco,Chinchao,2002,0.000433
010311,Amazonas,Valera,2002,0.000946
060907,Cajamarca,Tabaconas,2002,0.000456
160112,Loreto,Belen,2002,0.005211
200307,Piura,Sondor,2002,0.00129
220803,San Martin,Elias Soplin Vargas,2002,0.007356
010506,Amazonas,Inguilpata,2002,0.000623
220506,San Martin,Pinto Recodo,2002,0.000659
120303,Junin,Pichanaqui,2002,0.003096
010202,Amazonas,Aramango,2002,0.000452
010606,Amazonas,Longar,2002,0.001687
160101,Loreto,Iquitos,2002,0.031663
010507,Amazonas,Longuita,2002,0.000545
221001,San Martin,Tocache,2002,0.006233
010511,Amazonas,Maria,2002,0.000669
080901,Cusco,Santa Ana,2002,0.011713
120302,Junin,Perene,2002,0.003999
050409,Ayacucho,Canayre,2002,0.000493
221002,San Martin,Nuevo Progreso,2002,0.001714
200303,Piura,El Carmen De La Frontera,2002,0.000315
100609,Huanuco,Pueblo Nuevo,2002,0.000292
080903,Cusco,Huayopata,2002,0.001363
010604,Amazonas,Huambo,2002,0.002896
100505,Huanuco,Jircan,2002,0.0
010512,Amazonas,Ocalli,2002,0.001412
010101,Amazonas,Chachapoyas,2002,0.036778
060903,Cajamarca,Huarango,2002,0.000741
010116,Amazonas,Olleros,2002,0.0
010605,Amazonas,Limabamba,2002,0.000246
100804,Huanuco,Umari,2002,0.000157
220504,San Martin,Caynarachi,2002,0.00102
080905,Cusco,Ocobamba,2002,0.000432
010517,Amazonas,San Francisco Del Yeso,2002,0.000239
120609,Junin,Vizcatán Del Ene,2002,0.000121
060807,Cajamarca,Pomahuaca,2002,0.000909
010304,Amazonas,Corosha,2002,0.0
221005,San Martin,Uchiza,2002,0.004466
220807,San Martin,San Fernando,2002,0.002613
050512,Ayacucho,Union Progreso,2002,0.004615
060804,Cajamarca,Colasay,2002,0.000778
160503,Loreto,Capelo,2002,0.000452
220910,San Martin,Morales,2002,0.079664
120604,Junin,Mazamari,2002,0.002175
120603,Junin,Llaylla,2002,0.000782
010520,Amazonas,Santa Catalina,2002,0.000362
010603,Amazonas,Cochamal,2002,0.000428
120209,Junin,Mariscal Castilla,2002,0.003706
010601,Amazonas,San Nicolas,2002,0.009953
010519,Amazonas,San Juan De Lopecancha,2002,3.1e-05
160211,Loreto,Teniente Cesar Lopez Rojas,2002,0.000307
080408,Cusco,Yanatile,2002,0.000633
050408,Ayacucho,Llochegua,2002,0.00116
100507,Huanuco,Monzon,2002,0.001161
081304,Cusco,Machupicchu,2002,0.000668
220909,San Martin,La Banda De Shilcayo,2002,0.027558
220103,San Martin,Habana,2002,0.017663
100606,Huanuco,Mariano Damaso Beraun,2002,0.000798
010508,Amazonas,Lonya Chico,2002,0.004336
170102,Madre De Dios,Inambari,2002,0.000244
050502,Ayacucho,Anco,2002,0.000568
010523,Amazonas,Trita,2002,0.012976
010516,Amazonas,San Cristobal,2002,0.001726
080918,Cusco,Union Ashaninka,2002,0.00037
221006,San Martin,Santa Lucia,2002,0.004703
100702,Huanuco,Cholon,2002,0.00013
211205,Puno,Phara,2002,0.000116
170204,Madre De Dios,Huepetuhe,2002,0.00025
010302,Amazonas,Chisquilla,2002,0.0
050507,Ayacucho,Santa Rosa,2002,0.002226
220804,San Martin,Nueva Cajamarca,2002,0.023881
220809,San Martin,Yuracyacu,2002,0.013486
160603,Loreto,Padre Marquez,2002,0.000134
010522,Amazonas,Tingo,2002,0.003555
080906,Cusco,Quellouno,2002,0.00047
010301,Amazonas,Jumbilla,2002,0.00129
080917,Cusco,Manitea,2002,0.000844
250305,Ucayali,Alexander Von Humboldt,2003,0.004193
220509,San Martin,Shanao,2003,0.003905
250304,Ucayali,Neshuya,2003,0.002622
220501,San Martin,Lamas,2003,0.020287
220902,San Martin,Alberto Leveau,2003,0.003208
250102,Ucayali,Campoverde,2003,0.003321
220702,San Martin,Buenos Aires,2003,0.003509
220502,San Martin,Alonso De Alvarado,2003,0.003138
220404,San Martin,Piscoyacu,2003,0.003565
220708,San Martin,Shamboyacu,2003,0.000527
220204,San Martin,Huallaga,2003,0.001111
220605,San Martin,Pajarillo,2003,0.001769
010703,Amazonas,Cumba,2003,0.001762
220704,San Martin,Pilluana,2003,0.009999
220104,San Martin,Jepelacio,2003,0.005703
220505,San Martin,Cuñumbuqui,2003,0.004825
220507,San Martin,Rumisapa,2003,0.014645
220913,San Martin,Sauce,2003,0.00627
010608,Amazonas,Milpuc,2003,0.000496
220405,San Martin,Sacanche,2003,0.00248
220709,San Martin,Tingo De Ponasa,2003,0.00356
220304,San Martin,Santa Rosa,2003,0.002053
100903,Huanuco,Honoria,2003,0.000301
220203,San Martin,Bajo Biavo,2003,0.001831
220710,San Martin,Tres Unidos,2003,0.001049
220510,San Martin,Tabalosos,2003,0.00337
100904,Huanuco,Tournavista,2003,0.000297
010701,Amazonas,Bagua Grande,2003,0.015819
220701,San Martin,Picota,2003,0.015827
220403,San Martin,El Eslabon,2003,0.003759
250105,Ucayali,Yarinacocha,2003,0.025143
220914,San Martin,Shapaja,2003,0.001647
010707,Amazonas,Yamon,2003,0.000986
010705,Amazonas,Jamalca,2003,0.001147
220205,San Martin,San Pablo,2003,0.004939
220705,San Martin,Pucacaca,2003,0.012004
220601,San Martin,Juanjui,2003,0.01094
100905,Huanuco,Yuyapichis,2003,9.1e-05
100608,Huanuco,Castillo Grande,2003,0.013622
220302,San Martin,Agua Blanca,2003,0.002181
250306,Ucayali,Huipoca,2003,0.000352
010611,Amazonas,Totora,2003,0.002926
010706,Amazonas,Lonya Grande,2003,0.00075
220706,San Martin,San Cristobal,2003,0.015613
010303,Amazonas,Churuja,2003,0.001649
220301,San Martin,San Jose De Sisa,2003,0.00486
010204,Amazonas,El Parco,2003,0.007883
010306,Amazonas,Florida,2003,0.00252
220303,San Martin,San Martin,2003,0.000792
220106,San Martin,Yantalo,2003,0.01054
220305,San Martin,Shatoja,2003,0.003094
010104,Amazonas,Cheto,2003,0.000329
160201,Loreto,Yurimaguas,2003,0.00415
060901,Cajamarca,San Ignacio,2003,0.004716
220511,San Martin,Zapatero,2003,0.003025
060811,Cajamarca,San Jose Del Alto,2003,0.000655
010206,Amazonas,La Peca,2003,0.003184
220401,San Martin,Saposoa,2003,0.002301
060902,Cajamarca,Chirinos,2003,0.002787
220908,San Martin,Juan Guerra,2003,0.006651
060904,Cajamarca,La Coipa,2003,0.002095
220808,San Martin,Yorongos,2003,0.006252
120607,Junin,Rio Negro,2003,0.001984
060812,Cajamarca,Santa Rosa,2003,0.001803
250106,Ucayali,Nueva Requena,2003,0.000285
220802,San Martin,Awajun,2003,0.001648
250302,Ucayali,Irazola,2003,0.000261
010109,Amazonas,La Jalca,2003,0.002443
220906,San Martin,El Porvenir,2003,0.000841
220707,San Martin,San Hilarion,2003,0.018018
220806,San Martin,Posic,2003,0.010758
220406,San Martin,Tingo De Saposoa,2003,0.005048
100901,Huanuco,Puerto Inca,2003,0.000149
010105,Amazonas,Chiliquin,2003,0.0
220105,San Martin,Soritor,2003,0.006595
220201,San Martin,Bellavista,2003,0.02558
060803,Cajamarca,Chontali,2003,0.000601
100605,Huanuco,Luyando,2003,0.007556
010307,Amazonas,Jazan,2003,0.007292
010502,Amazonas,Camporredondo,2003,0.002374
010515,Amazonas,Providencia,2003,0.000679
010102,Amazonas,Asuncion,2003,0.0
010510,Amazonas,Luya Viejo,2003,0.000735
100601,Huanuco,Rupa-Rupa,2003,0.013846
010514,Amazonas,Pisuquia,2003,0.000125
060810,Cajamarca,San Felipe,2003,0.002213
010305,Amazonas,Cuispes,2003,0.00107
060905,Cajamarca,Namballe,2003,0.000508
010119,Amazonas,San Isidro De Maino,2003,0.001194
060801,Cajamarca,Jaen,2003,0.019574
010513,Amazonas,Ocumal,2003,0.000479
220912,San Martin,San Antonio,2003,0.004449
220903,San Martin,Cacatachi,2003,0.033722
120602,Junin,Coviriali,2003,0.002121
120304,Junin,San Luis De Shuaro,2003,0.001104
120601,Junin,Satipo,2003,0.00509
010203,Amazonas,Copallin,2003,0.003435
010112,Amazonas,Magdalena,2003,0.001621
220102,San Martin,Calzada,2003,0.016791
060805,Cajamarca,Huabal,2003,0.00257
010610,Amazonas,Santa Rosa,2003,0.003384
220503,San Martin,Barranquita,2003,0.00044
220801,San Martin,Rioja,2003,0.036941
220703,San Martin,Caspisapa,2003,0.009505
080904,Cusco,Maranura,2003,0.002818
010117,Amazonas,Quinjalca,2003,2.2e-05
250303,Ucayali,Curimana,2003,0.000297
010308,Amazonas,Recta,2003,0.0
010115,Amazonas,Montevideo,2003,0.000975
010114,Amazonas,Molinopampa,2003,0.000405
010503,Amazonas,Cocabamba,2003,0.000104
060809,Cajamarca,Sallique,2003,0.001289
010120,Amazonas,Soloco,2003,0.000333
010521,Amazonas,Santo Tomas,2003,0.002558
100113,Huanuco,San Pablo De Pillao,2003,1.3e-05
010602,Amazonas,Chirimoto,2003,0.000248
100603,Huanuco,Hermilio Valdizan,2003,2.2e-05
010111,Amazonas,Levanto,2003,0.001057
010518,Amazonas,San Jeronimo,2003,0.000364
010609,Amazonas,Omia,2003,0.000213
100902,Huanuco,Codo Del Pozuzo,2003,3.1e-05
010113,Amazonas,Mariscal Castilla,2003,0.002276
220101,San Martin,Moyobamba,2003,0.003898
010310,Amazonas,Shipasbamba,2003,0.001178
100103,Huanuco,Chinchao,2003,0.000456
010311,Amazonas,Valera,2003,0.000946
060907,Cajamarca,Tabaconas,2003,0.000468
160112,Loreto,Belen,2003,0.005202
200307,Piura,Sondor,2003,0.001292
220803,San Martin,Elias Soplin Vargas,2003,0.007372
010506,Amazonas,Inguilpata,2003,0.000623
220506,San Martin,Pinto Recodo,2003,0.000642
120303,Junin,Pichanaqui,2003,0.003111
010202,Amazonas,Aramango,2003,0.000458
010606,Amazonas,Longar,2003,0.001687
160101,Loreto,Iquitos,2003,0.03167
010507,Amazonas,Longuita,2003,0.000545
221001,San Martin,Tocache,2003,0.00627
010511,Amazonas,Maria,2003,0.000679
080901,Cusco,Santa Ana,2003,0.0118
120302,Junin,Perene,2003,0.004004
050409,Ayacucho,Canayre,2003,0.000484
221002,San Martin,Nuevo Progreso,2003,0.001725
200303,Piura,El Carmen De La Frontera,2003,0.000315
100609,Huanuco,Pueblo Nuevo,2003,0.000295
080903,Cusco,Huayopata,2003,0.001368
010604,Amazonas,Huambo,2003,0.002873
100505,Huanuco,Jircan,2003,0.0
010512,Amazonas,Ocalli,2003,0.001412
010101,Amazonas,Chachapoyas,2003,0.037074
060903,Cajamarca,Huarango,2003,0.000743
010116,Amazonas,Olleros,2003,0.0
010605,Amazonas,Limabamba,2003,0.000252
100804,Huanuco,Umari,2003,0.000163
220504,San Martin,Caynarachi,2003,0.001025
080905,Cusco,Ocobamba,2003,0.000444
010517,Amazonas,San Francisco Del Yeso,2003,0.000239
120609,Junin,Vizcatán Del Ene,2003,0.000102
060807,Cajamarca,Pomahuaca,2003,0.000846
010304,Amazonas,Corosha,2003,0.0
221005,San Martin,Uchiza,2003,0.004478
220807,San Martin,San Fernando,2003,0.002561
050512,Ayacucho,Union Progreso,2003,0.005083
060804,Cajamarca,Colasay,2003,0.000777
160503,Loreto,Capelo,2003,0.000456
220910,San Martin,Morales,2003,0.079699
120604,Junin,Mazamari,2003,0.002175
120603,Junin,Llaylla,2003,0.000793
010520,Amazonas,Santa Catalina,2003,0.000367
010603,Amazonas,Cochamal,2003,0.000423
120209,Junin,Mariscal Castilla,2003,0.003737
010601,Amazonas,San Nicolas,2003,0.009996
010519,Amazonas,San Juan De Lopecancha,2003,3.1e-05
160211,Loreto,Teniente Cesar Lopez Rojas,2003,0.000315
080408,Cusco,Yanatile,2003,0.000629
050408,Ayacucho,Llochegua,2003,0.001222
100507,Huanuco,Monzon,2003,0.001185
081304,Cusco,Machupicchu,2003,0.000774
220909,San Martin,La Banda De Shilcayo,2003,0.027385
220103,San Martin,Habana,2003,0.017909
100606,Huanuco,Mariano Damaso Beraun,2003,0.000798
010508,Amazonas,Lonya Chico,2003,0.004439
170102,Madre De Dios,Inambari,2003,0.000262
050502,Ayacucho,Anco,2003,0.000717
010523,Amazonas,Trita,2003,0.014694
010516,Amazonas,San Cristobal,2003,0.001751
080918,Cusco,Union Ashaninka,2003,0.000407
221006,San Martin,Santa Lucia,2003,0.004722
100702,Huanuco,Cholon,2003,0.000136
211205,Puno,Phara,2003,0.00012
170204,Madre De Dios,Huepetuhe,2003,0.000346
010302,Amazonas,Chisquilla,2003,0.0
050507,Ayacucho,Santa Rosa,2003,0.002228
220804,San Martin,Nueva Cajamarca,2003,0.024281
220809,San Martin,Yuracyacu,2003,0.013658
160603,Loreto,Padre Marquez,2003,0.00016
010522,Amazonas,Tingo,2003,0.003531
080906,Cusco,Quellouno,2003,0.000474
010301,Amazonas,Jumbilla,2003,0.001346
080917,Cusco,Manitea,2003,0.00085
250305,Ucayali,Alexander Von Humboldt,2004,0.004227
220509,San Martin,Shanao,2004,0.004123
250304,Ucayali,Neshuya,2004,0.002605
220501,San Martin,Lamas,2004,0.02028
220902,San Martin,Alberto Leveau,2004,0.003157
250102,Ucayali,Campoverde,2004,0.003352
220702,San Martin,Buenos Aires,2004,0.003464
220502,San Martin,Alonso De Alvarado,2004,0.003207
220404,San Martin,Piscoyacu,2004,0.003654
220708,San Martin,Shamboyacu,2004,0.00054
220204,San Martin,Huallaga,2004,0.001111
220605,San Martin,Pajarillo,2004,0.001782
010703,Amazonas,Cumba,2004,0.001768
220704,San Martin,Pilluana,2004,0.010025
220104,San Martin,Jepelacio,2004,0.005667
220505,San Martin,Cuñumbuqui,2004,0.004796
220507,San Martin,Rumisapa,2004,0.015073
220913,San Martin,Sauce,2004,0.006217
010608,Amazonas,Milpuc,2004,0.000496
220405,San Martin,Sacanche,2004,0.002491
220709,San Martin,Tingo De Ponasa,2004,0.003546
220304,San Martin,Santa Rosa,2004,0.002131
100903,Huanuco,Honoria,2004,0.000296
220203,San Martin,Bajo Biavo,2004,0.001886
220710,San Martin,Tres Unidos,2004,0.001069
220510,San Martin,Tabalosos,2004,0.003361
100904,Huanuco,Tournavista,2004,0.000294
010701,Amazonas,Bagua Grande,2004,0.015844
220701,San Martin,Picota,2004,0.015921
220403,San Martin,El Eslabon,2004,0.00371
250105,Ucayali,Yarinacocha,2004,0.025437
220914,San Martin,Shapaja,2004,0.001614
010707,Amazonas,Yamon,2004,0.00096
010705,Amazonas,Jamalca,2004,0.001107
220205,San Martin,San Pablo,2004,0.004926
220705,San Martin,Pucacaca,2004,0.012035
220601,San Martin,Juanjui,2004,0.010968
100905,Huanuco,Yuyapichis,2004,9e-05
100608,Huanuco,Castillo Grande,2004,0.014053
220302,San Martin,Agua Blanca,2004,0.002164
250306,Ucayali,Huipoca,2004,0.000386
010611,Amazonas,Totora,2004,0.002972
010706,Amazonas,Lonya Grande,2004,0.000754
220706,San Martin,San Cristobal,2004,0.015435
010303,Amazonas,Churuja,2004,0.001593
220301,San Martin,San Jose De Sisa,2004,0.004903
010204,Amazonas,El Parco,2004,0.007883
010306,Amazonas,Florida,2004,0.002528
220303,San Martin,San Martin,2004,0.000838
220106,San Martin,Yantalo,2004,0.010782
220305,San Martin,Shatoja,2004,0.003137
010104,Amazonas,Cheto,2004,0.000329
160201,Loreto,Yurimaguas,2004,0.004202
060901,Cajamarca,San Ignacio,2004,0.004746
220511,San Martin,Zapatero,2004,0.002933
060811,Cajamarca,San Jose Del Alto,2004,0.000616
010206,Amazonas,La Peca,2004,0.003197
220401,San Martin,Saposoa,2004,0.002323
060902,Cajamarca,Chirinos,2004,0.002727
220908,San Martin,Juan Guerra,2004,0.006641
060904,Cajamarca,La Coipa,2004,0.002079
220808,San Martin,Yorongos,2004,0.006252
120607,Junin,Rio Negro,2004,0.002018
060812,Cajamarca,Santa Rosa,2004,0.001806
250106,Ucayali,Nueva Requena,2004,0.000301
220802,San Martin,Awajun,2004,0.001721
250302,Ucayali,Irazola,2004,0.000263
010109,Amazonas,La Jalca,2004,0.002436
220906,San Martin,El Porvenir,2004,0.000908
220707,San Martin,San Hilarion,2004,0.018266
220806,San Martin,Posic,2004,0.011028
220406,San Martin,Tingo De Saposoa,2004,0.005067
100901,Huanuco,Puerto Inca,2004,0.000152
010105,Amazonas,Chiliquin,2004,0.0
220105,San Martin,Soritor,2004,0.006552
220201,San Martin,Bellavista,2004,0.02547
060803,Cajamarca,Chontali,2004,0.000591
100605,Huanuco,Luyando,2004,0.007738
010307,Amazonas,Jazan,2004,0.007292
010502,Amazonas,Camporredondo,2004,0.002581
010515,Amazonas,Providencia,2004,0.000679
010102,Amazonas,Asuncion,2004,0.0
010510,Amazonas,Luya Viejo,2004,0.000748
100601,Huanuco,Rupa-Rupa,2004,0.014252
010514,Amazonas,Pisuquia,2004,0.000125
060810,Cajamarca,San Felipe,2004,0.002237
010305,Amazonas,Cuispes,2004,0.001051
060905,Cajamarca,Namballe,2004,0.000525
010119,Amazonas,San Isidro De Maino,2004,0.001194
060801,Cajamarca,Jaen,2004,0.019707
010513,Amazonas,Ocumal,2004,0.000481
220912,San Martin,San Antonio,2004,0.00429
220903,San Martin,Cacatachi,2004,0.034298
120602,Junin,Coviriali,2004,0.002103
120304,Junin,San Luis De Shuaro,2004,0.001182
120601,Junin,Satipo,2004,0.005293
010203,Amazonas,Copallin,2004,0.003444
010112,Amazonas,Magdalena,2004,0.001621
220102,San Martin,Calzada,2004,0.016492
060805,Cajamarca,Huabal,2004,0.00257
010610,Amazonas,Santa Rosa,2004,0.003384
220503,San Martin,Barranquita,2004,0.00044
220801,San Martin,Rioja,2004,0.036695
220703,San Martin,Caspisapa,2004,0.009166
080904,Cusco,Maranura,2004,0.002839
010117,Amazonas,Quinjalca,2004,2.2e-05
250303,Ucayali,Curimana,2004,0.000331
010308,Amazonas,Recta,2004,0.0
010115,Amazonas,Montevideo,2004,0.000968
010114,Amazonas,Molinopampa,2004,0.000408
010503,Amazonas,Cocabamba,2004,0.000104
060809,Cajamarca,Sallique,2004,0.001313
010120,Amazonas,Soloco,2004,0.000333
010521,Amazonas,Santo Tomas,2004,0.002558
100113,Huanuco,San Pablo De Pillao,2004,1.8e-05
010602,Amazonas,Chirimoto,2004,0.000254
100603,Huanuco,Hermilio Valdizan,2004,1.9e-05
010111,Amazonas,Levanto,2004,0.001057
010518,Amazonas,San Jeronimo,2004,0.000364
010609,Amazonas,Omia,2004,0.000213
100902,Huanuco,Codo Del Pozuzo,2004,3e-05
010113,Amazonas,Mariscal Castilla,2004,0.00231
220101,San Martin,Moyobamba,2004,0.003903
010310,Amazonas,Shipasbamba,2004,0.001185
100103,Huanuco,Chinchao,2004,0.000457
010311,Amazonas,Valera,2004,0.000992
060907,Cajamarca,Tabaconas,2004,0.000483
160112,Loreto,Belen,2004,0.00521
200307,Piura,Sondor,2004,0.0013
220803,San Martin,Elias Soplin Vargas,2004,0.007341
010506,Amazonas,Inguilpata,2004,0.000623
220506,San Martin,Pinto Recodo,2004,0.00064
120303,Junin,Pichanaqui,2004,0.003177
010202,Amazonas,Aramango,2004,0.000406
010606,Amazonas,Longar,2004,0.001687
160101,Loreto,Iquitos,2004,0.031697
010507,Amazonas,Longuita,2004,0.000606
221001,San Martin,Tocache,2004,0.006288
010511,Amazonas,Maria,2004,0.000699
080901,Cusco,Santa Ana,2004,0.011838
120302,Junin,Perene,2004,0.004159
050409,Ayacucho,Canayre,2004,0.000591
221002,San Martin,Nuevo Progreso,2004,0.001745
200303,Piura,El Carmen De La Frontera,2004,0.000312
100609,Huanuco,Pueblo Nuevo,2004,0.000369
080903,Cusco,Huayopata,2004,0.001384
010604,Amazonas,Huambo,2004,0.002862
100505,Huanuco,Jircan,2004,0.0
010512,Amazonas,Ocalli,2004,0.001402
010101,Amazonas,Chachapoyas,2004,0.037155
060903,Cajamarca,Huarango,2004,0.000724
010116,Amazonas,Olleros,2004,0.0
010605,Amazonas,Limabamba,2004,0.000265
100804,Huanuco,Umari,2004,0.000163
220504,San Martin,Caynarachi,2004,0.001061
080905,Cusco,Ocobamba,2004,0.000431
010517,Amazonas,San Francisco Del Yeso,2004,0.000239
120609,Junin,Vizcatán Del Ene,2004,0.000131
060807,Cajamarca,Pomahuaca,2004,0.000829
010304,Amazonas,Corosha,2004,0.0
221005,San Martin,Uchiza,2004,0.004561
220807,San Martin,San Fernando,2004,0.002548
050512,Ayacucho,Union Progreso,2004,0.005462
060804,Cajamarca,Colasay,2004,0.000774
160503,Loreto,Capelo,2004,0.000467
220910,San Martin,Morales,2004,0.079331
120604,Junin,Mazamari,2004,0.00223
120603,Junin,Llaylla,2004,0.000819
010520,Amazonas,Santa Catalina,2004,0.000378
010603,Amazonas,Cochamal,2004,0.000433
120209,Junin,Mariscal Castilla,2004,0.00397
010601,Amazonas,San Nicolas,2004,0.010022
010519,Amazonas,San Juan De Lopecancha,2004,3.1e-05
160211,Loreto,Teniente Cesar Lopez Rojas,2004,0.000333
080408,Cusco,Yanatile,2004,0.000632
050408,Ayacucho,Llochegua,2004,0.00137
100507,Huanuco,Monzon,2004,0.001207
081304,Cusco,Machupicchu,2004,0.000714
220909,San Martin,La Banda De Shilcayo,2004,0.027381
220103,San Martin,Habana,2004,0.018426
100606,Huanuco,Mariano Damaso Beraun,2004,0.000801
010508,Amazonas,Lonya Chico,2004,0.004439
170102,Madre De Dios,Inambari,2004,0.000263
050502,Ayacucho,Anco,2004,0.000775
010523,Amazonas,Trita,2004,0.014757
010516,Amazonas,San Cristobal,2004,0.001751
080918,Cusco,Union Ashaninka,2004,0.000486
221006,San Martin,Santa Lucia,2004,0.004749
100702,Huanuco,Cholon,2004,0.000135
211205,Puno,Phara,2004,0.000122
170204,Madre De Dios,Huepetuhe,2004,0.00037
010302,Amazonas,Chisquilla,2004,0.0
050507,Ayacucho,Santa Rosa,2004,0.00245
220804,San Martin,Nueva Cajamarca,2004,0.024613
220809,San Martin,Yuracyacu,2004,0.013787
160603,Loreto,Padre Marquez,2004,0.00016
010522,Amazonas,Tingo,2004,0.003539
080906,Cusco,Quellouno,2004,0.000469
010301,Amazonas,Jumbilla,2004,0.001374
080917,Cusco,Manitea,2004,0.001089
250305,Ucayali,Alexander Von Humboldt,2005,0.004365
220509,San Martin,Shanao,2005,0.004087
250304,Ucayali,Neshuya,2005,0.002797
220501,San Martin,Lamas,2005,0.02063
220902,San Martin,Alberto Leveau,2005,0.002968
250102,Ucayali,Campoverde,2005,0.003481
220702,San Martin,Buenos Aires,2005,0.003432
220502,San Martin,Alonso De Alvarado,2005,0.003198
220404,San Martin,Piscoyacu,2005,0.003615
220708,San Martin,Shamboyacu,2005,0.000577
220204,San Martin,Huallaga,2005,0.001149
220605,San Martin,Pajarillo,2005,0.00179
010703,Amazonas,Cumba,2005,0.00183
220704,San Martin,Pilluana,2005,0.009895
220104,San Martin,Jepelacio,2005,0.00566
220505,San Martin,Cuñumbuqui,2005,0.004796
220507,San Martin,Rumisapa,2005,0.01502
220913,San Martin,Sauce,2005,0.006481
010608,Amazonas,Milpuc,2005,0.000517
220405,San Martin,Sacanche,2005,0.002524
220709,San Martin,Tingo De Ponasa,2005,0.003594
220304,San Martin,Santa Rosa,2005,0.002131
100903,Huanuco,Honoria,2005,0.000297
220203,San Martin,Bajo Biavo,2005,0.001963
220710,San Martin,Tres Unidos,2005,0.001133
220510,San Martin,Tabalosos,2005,0.003378
100904,Huanuco,Tournavista,2005,0.000297
010701,Amazonas,Bagua Grande,2005,0.016
220701,San Martin,Picota,2005,0.015868
220403,San Martin,El Eslabon,2005,0.003745
250105,Ucayali,Yarinacocha,2005,0.02619
220914,San Martin,Shapaja,2005,0.00161
010707,Amazonas,Yamon,2005,0.000973
010705,Amazonas,Jamalca,2005,0.001345
220205,San Martin,San Pablo,2005,0.005041
220705,San Martin,Pucacaca,2005,0.012043
220601,San Martin,Juanjui,2005,0.010867
100905,Huanuco,Yuyapichis,2005,9e-05
100608,Huanuco,Castillo Grande,2005,0.014552
220302,San Martin,Agua Blanca,2005,0.002123
250306,Ucayali,Huipoca,2005,0.000356
010611,Amazonas,Totora,2005,0.003063
010706,Amazonas,Lonya Grande,2005,0.000781
220706,San Martin,San Cristobal,2005,0.01517
010303,Amazonas,Churuja,2005,0.001957
220301,San Martin,San Jose De Sisa,2005,0.005065
010204,Amazonas,El Parco,2005,0.007883
010306,Amazonas,Florida,2005,0.002568
220303,San Martin,San Martin,2005,0.000877
220106,San Martin,Yantalo,2005,0.011038
220305,San Martin,Shatoja,2005,0.003294
010104,Amazonas,Cheto,2005,0.000405
160201,Loreto,Yurimaguas,2005,0.004219
060901,Cajamarca,San Ignacio,2005,0.004798
220511,San Martin,Zapatero,2005,0.00303
060811,Cajamarca,San Jose Del Alto,2005,0.000664
010206,Amazonas,La Peca,2005,0.003249
220401,San Martin,Saposoa,2005,0.00233
060902,Cajamarca,Chirinos,2005,0.002938
220908,San Martin,Juan Guerra,2005,0.006531
060904,Cajamarca,La Coipa,2005,0.002106
220808,San Martin,Yorongos,2005,0.00623
120607,Junin,Rio Negro,2005,0.002036
060812,Cajamarca,Santa Rosa,2005,0.001829
250106,Ucayali,Nueva Requena,2005,0.000337
220802,San Martin,Awajun,2005,0.001776
250302,Ucayali,Irazola,2005,0.000278
010109,Amazonas,La Jalca,2005,0.002458
220906,San Martin,El Porvenir,2005,0.000975
220707,San Martin,San Hilarion,2005,0.018283
220806,San Martin,Posic,2005,0.011062
220406,San Martin,Tingo De Saposoa,2005,0.004726
100901,Huanuco,Puerto Inca,2005,0.000155
010105,Amazonas,Chiliquin,2005,0.0
220105,San Martin,Soritor,2005,0.006598
220201,San Martin,Bellavista,2005,0.025528
060803,Cajamarca,Chontali,2005,0.000614
100605,Huanuco,Luyando,2005,0.008063
010307,Amazonas,Jazan,2005,0.00755
010502,Amazonas,Camporredondo,2005,0.002719
010515,Amazonas,Providencia,2005,0.000679
010102,Amazonas,Asuncion,2005,0.0
010510,Amazonas,Luya Viejo,2005,0.000748
100601,Huanuco,Rupa-Rupa,2005,0.013876
010514,Amazonas,Pisuquia,2005,0.000138
060810,Cajamarca,San Felipe,2005,0.002425
010305,Amazonas,Cuispes,2005,0.001162
060905,Cajamarca,Namballe,2005,0.000528
010119,Amazonas,San Isidro De Maino,2005,0.001194
060801,Cajamarca,Jaen,2005,0.019859
010513,Amazonas,Ocumal,2005,0.000489
220912,San Martin,San Antonio,2005,0.004392
220903,San Martin,Cacatachi,2005,0.034298
120602,Junin,Coviriali,2005,0.002184
120304,Junin,San Luis De Shuaro,2005,0.00115
120601,Junin,Satipo,2005,0.005372
010203,Amazonas,Copallin,2005,0.00348
010112,Amazonas,Magdalena,2005,0.001621
220102,San Martin,Calzada,2005,0.016423
060805,Cajamarca,Huabal,2005,0.002591
010610,Amazonas,Santa Rosa,2005,0.003428
220503,San Martin,Barranquita,2005,0.000443
220801,San Martin,Rioja,2005,0.036571
220703,San Martin,Caspisapa,2005,0.009271
080904,Cusco,Maranura,2005,0.002839
010117,Amazonas,Quinjalca,2005,0.000151
250303,Ucayali,Curimana,2005,0.000349
010308,Amazonas,Recta,2005,0.0
010115,Amazonas,Montevideo,2005,0.000968
010114,Amazonas,Molinopampa,2005,0.00041
010503,Amazonas,Cocabamba,2005,0.000107
060809,Cajamarca,Sallique,2005,0.001345
010120,Amazonas,Soloco,2005,0.000333
010521,Amazonas,Santo Tomas,2005,0.002568
100113,Huanuco,San Pablo De Pillao,2005,3.4e-05
010602,Amazonas,Chirimoto,2005,0.000324
100603,Huanuco,Hermilio Valdizan,2005,3.1e-05
010111,Amazonas,Levanto,2005,0.001057
010518,Amazonas,San Jeronimo,2005,0.000364
010609,Amazonas,Omia,2005,0.000245
100902,Huanuco,Codo Del Pozuzo,2005,4.6e-05
010113,Amazonas,Mariscal Castilla,2005,0.00231
220101,San Martin,Moyobamba,2005,0.003916
010310,Amazonas,Shipasbamba,2005,0.001213
100103,Huanuco,Chinchao,2005,0.000479
010311,Amazonas,Valera,2005,0.000992
060907,Cajamarca,Tabaconas,2005,0.000517
160112,Loreto,Belen,2005,0.005252
200307,Piura,Sondor,2005,0.001329
220803,San Martin,Elias Soplin Vargas,2005,0.007556
010506,Amazonas,Inguilpata,2005,0.000623
220506,San Martin,Pinto Recodo,2005,0.000635
120303,Junin,Pichanaqui,2005,0.003172
010202,Amazonas,Aramango,2005,0.000463
010606,Amazonas,Longar,2005,0.001676
160101,Loreto,Iquitos,2005,0.031653
010507,Amazonas,Longuita,2005,0.000621
221001,San Martin,Tocache,2005,0.006287
010511,Amazonas,Maria,2005,0.000709
080901,Cusco,Santa Ana,2005,0.01194
120302,Junin,Perene,2005,0.004142
050409,Ayacucho,Canayre,2005,0.000552
221002,San Martin,Nuevo Progreso,2005,0.001798
200303,Piura,El Carmen De La Frontera,2005,0.000336
100609,Huanuco,Pueblo Nuevo,2005,0.000463
080903,Cusco,Huayopata,2005,0.001384
010604,Amazonas,Huambo,2005,0.002873
100505,Huanuco,Jircan,2005,0.0
010512,Amazonas,Ocalli,2005,0.001412
010101,Amazonas,Chachapoyas,2005,0.037457
060903,Cajamarca,Huarango,2005,0.000783
010116,Amazonas,Olleros,2005,0.0
010605,Amazonas,Limabamba,2005,0.000291
100804,Huanuco,Umari,2005,0.000179
220504,San Martin,Caynarachi,2005,0.001079
080905,Cusco,Ocobamba,2005,0.000439
010517,Amazonas,San Francisco Del Yeso,2005,0.000244
120609,Junin,Vizcatán Del Ene,2005,0.000144
060807,Cajamarca,Pomahuaca,2005,0.000903
010304,Amazonas,Corosha,2005,0.0
221005,San Martin,Uchiza,2005,0.004624
220807,San Martin,San Fernando,2005,0.002548
050512,Ayacucho,Union Progreso,2005,0.005975
060804,Cajamarca,Colasay,2005,0.000778
160503,Loreto,Capelo,2005,0.000461
220910,San Martin,Morales,2005,0.078542
120604,Junin,Mazamari,2005,0.002249
120603,Junin,Llaylla,2005,0.000833
010520,Amazonas,Santa Catalina,2005,0.000383
010603,Amazonas,Cochamal,2005,0.000433
120209,Junin,Mariscal Castilla,2005,0.003846
010601,Amazonas,San Nicolas,2005,0.010101
010519,Amazonas,San Juan De Lopecancha,2005,3.1e-05
160211,Loreto,Teniente Cesar Lopez Rojas,2005,0.000331
080408,Cusco,Yanatile,2005,0.00063
050408,Ayacucho,Llochegua,2005,0.0016
100507,Huanuco,Monzon,2005,0.001259
081304,Cusco,Machupicchu,2005,0.000738
220909,San Martin,La Banda De Shilcayo,2005,0.027401
220103,San Martin,Habana,2005,0.01871
100606,Huanuco,Mariano Damaso Beraun,2005,0.000812
010508,Amazonas,Lonya Chico,2005,0.004451
170102,Madre De Dios,Inambari,2005,0.000265
050502,Ayacucho,Anco,2005,0.000857
010523,Amazonas,Trita,2005,0.015266
010516,Amazonas,San Cristobal,2005,0.001751
080918,Cusco,Union Ashaninka,2005,0.000555
221006,San Martin,Santa Lucia,2005,0.004858
100702,Huanuco,Cholon,2005,0.00014
211205,Puno,Phara,2005,0.000126
170204,Madre De Dios,Huepetuhe,2005,0.000443
010302,Amazonas,Chisquilla,2005,0.0
050507,Ayacucho,Santa Rosa,2005,0.002515
220804,San Martin,Nueva Cajamarca,2005,0.024608
220809,San Martin,Yuracyacu,2005,0.013615
160603,Loreto,Padre Marquez,2005,0.000196
010522,Amazonas,Tingo,2005,0.003539
080906,Cusco,Quellouno,2005,0.000473
010301,Amazonas,Jumbilla,2005,0.001413
080917,Cusco,Manitea,2005,0.001046
250305,Ucayali,Alexander Von Humboldt,2006,0.004356
220509,San Martin,Shanao,2006,0.004379
250304,Ucayali,Neshuya,2006,0.002949
220501,San Martin,Lamas,2006,0.020699
220902,San Martin,Alberto Leveau,2006,0.003054
250102,Ucayali,Campoverde,2006,0.00355
220702,San Martin,Buenos Aires,2006,0.003466
220502,San Martin,Alonso De Alvarado,2006,0.003252
220404,San Martin,Piscoyacu,2006,0.003728
220708,San Martin,Shamboyacu,2006,0.000622
220204,San Martin,Huallaga,2006,0.001246
220605,San Martin,Pajarillo,2006,0.001948
010703,Amazonas,Cumba,2006,0.001842
220704,San Martin,Pilluana,2006,0.009921
220104,San Martin,Jepelacio,2006,0.0058
220505,San Martin,Cuñumbuqui,2006,0.004698
220507,San Martin,Rumisapa,2006,0.015661
220913,San Martin,Sauce,2006,0.006772
010608,Amazonas,Milpuc,2006,0.000621
220405,San Martin,Sacanche,2006,0.002579
220709,San Martin,Tingo De Ponasa,2006,0.003626
220304,San Martin,Santa Rosa,2006,0.002234
100903,Huanuco,Honoria,2006,0.000294
220203,San Martin,Bajo Biavo,2006,0.00212
220710,San Martin,Tres Unidos,2006,0.001181
220510,San Martin,Tabalosos,2006,0.003429
100904,Huanuco,Tournavista,2006,0.000294
010701,Amazonas,Bagua Grande,2006,0.016004
220701,San Martin,Picota,2006,0.016137
220403,San Martin,El Eslabon,2006,0.003688
250105,Ucayali,Yarinacocha,2006,0.027157
220914,San Martin,Shapaja,2006,0.001651
010707,Amazonas,Yamon,2006,0.001091
010705,Amazonas,Jamalca,2006,0.001404
220205,San Martin,San Pablo,2006,0.005056
220705,San Martin,Pucacaca,2006,0.012043
220601,San Martin,Juanjui,2006,0.011081
100905,Huanuco,Yuyapichis,2006,8.8e-05
100608,Huanuco,Castillo Grande,2006,0.014874
220302,San Martin,Agua Blanca,2006,0.002123
250306,Ucayali,Huipoca,2006,0.000356
010611,Amazonas,Totora,2006,0.003154
010706,Amazonas,Lonya Grande,2006,0.000794
220706,San Martin,San Cristobal,2006,0.015937
010303,Amazonas,Churuja,2006,0.002041
220301,San Martin,San Jose De Sisa,2006,0.005165
010204,Amazonas,El Parco,2006,0.008177
010306,Amazonas,Florida,2006,0.002816
220303,San Martin,San Martin,2006,0.000935
220106,San Martin,Yantalo,2006,0.010821
220305,San Martin,Shatoja,2006,0.003409
010104,Amazonas,Cheto,2006,0.000468
160201,Loreto,Yurimaguas,2006,0.004313
060901,Cajamarca,San Ignacio,2006,0.004823
220511,San Martin,Zapatero,2006,0.002979
060811,Cajamarca,San Jose Del Alto,2006,0.000667
010206,Amazonas,La Peca,2006,0.003313
220401,San Martin,Saposoa,2006,0.002396
060902,Cajamarca,Chirinos,2006,0.00289
220908,San Martin,Juan Guerra,2006,0.00641
060904,Cajamarca,La Coipa,2006,0.002137
220808,San Martin,Yorongos,2006,0.006383
120607,Junin,Rio Negro,2006,0.002064
060812,Cajamarca,Santa Rosa,2006,0.001855
250106,Ucayali,Nueva Requena,2006,0.000373
220802,San Martin,Awajun,2006,0.002039
250302,Ucayali,Irazola,2006,0.000282
010109,Amazonas,La Jalca,2006,0.002443
220906,San Martin,El Porvenir,2006,0.001008
220707,San Martin,San Hilarion,2006,0.018377
220806,San Martin,Posic,2006,0.01162
220406,San Martin,Tingo De Saposoa,2006,0.004707
100901,Huanuco,Puerto Inca,2006,0.000158
010105,Amazonas,Chiliquin,2006,0.0
220105,San Martin,Soritor,2006,0.006914
220201,San Martin,Bellavista,2006,0.02561
060803,Cajamarca,Chontali,2006,0.00062
100605,Huanuco,Luyando,2006,0.008189
010307,Amazonas,Jazan,2006,0.007714
010502,Amazonas,Camporredondo,2006,0.002764
010515,Amazonas,Providencia,2006,0.000672
010102,Amazonas,Asuncion,2006,0.0
010510,Amazonas,Luya Viejo,2006,0.000762
100601,Huanuco,Rupa-Rupa,2006,0.014211
010514,Amazonas,Pisuquia,2006,0.000168
060810,Cajamarca,San Felipe,2006,0.002459
010305,Amazonas,Cuispes,2006,0.001199
060905,Cajamarca,Namballe,2006,0.000543
010119,Amazonas,San Isidro De Maino,2006,0.001194
060801,Cajamarca,Jaen,2006,0.020107
010513,Amazonas,Ocumal,2006,0.000498
220912,San Martin,San Antonio,2006,0.004505
220903,San Martin,Cacatachi,2006,0.034636
120602,Junin,Coviriali,2006,0.002237
120304,Junin,San Luis De Shuaro,2006,0.001205
120601,Junin,Satipo,2006,0.005462
010203,Amazonas,Copallin,2006,0.003543
010112,Amazonas,Magdalena,2006,0.001621
220102,San Martin,Calzada,2006,0.016584
060805,Cajamarca,Huabal,2006,0.002591
010610,Amazonas,Santa Rosa,2006,0.003428
220503,San Martin,Barranquita,2006,0.000466
220801,San Martin,Rioja,2006,0.037163
220703,San Martin,Caspisapa,2006,0.009633
080904,Cusco,Maranura,2006,0.00285
010117,Amazonas,Quinjalca,2006,0.000162
250303,Ucayali,Curimana,2006,0.000353
010308,Amazonas,Recta,2006,0.0
010115,Amazonas,Montevideo,2006,0.000968
010114,Amazonas,Molinopampa,2006,0.000421
010503,Amazonas,Cocabamba,2006,0.000107
060809,Cajamarca,Sallique,2006,0.001354
010120,Amazonas,Soloco,2006,0.000345
010521,Amazonas,Santo Tomas,2006,0.002568
100113,Huanuco,San Pablo De Pillao,2006,3e-05
010602,Amazonas,Chirimoto,2006,0.000364
100603,Huanuco,Hermilio Valdizan,2006,3.1e-05
010111,Amazonas,Levanto,2006,0.001152
010518,Amazonas,San Jeronimo,2006,0.000364
010609,Amazonas,Omia,2006,0.000261
100902,Huanuco,Codo Del Pozuzo,2006,4.6e-05
010113,Amazonas,Mariscal Castilla,2006,0.002321
220101,San Martin,Moyobamba,2006,0.003981
010310,Amazonas,Shipasbamba,2006,0.001256
100103,Huanuco,Chinchao,2006,0.000473
010311,Amazonas,Valera,2006,0.000992
060907,Cajamarca,Tabaconas,2006,0.000551
160112,Loreto,Belen,2006,0.005274
200307,Piura,Sondor,2006,0.001349
220803,San Martin,Elias Soplin Vargas,2006,0.008123
010506,Amazonas,Inguilpata,2006,0.000623
220506,San Martin,Pinto Recodo,2006,0.000669
120303,Junin,Pichanaqui,2006,0.003224
010202,Amazonas,Aramango,2006,0.000496
010606,Amazonas,Longar,2006,0.001676
160101,Loreto,Iquitos,2006,0.031755
010507,Amazonas,Longuita,2006,0.000636
221001,San Martin,Tocache,2006,0.006311
010511,Amazonas,Maria,2006,0.000719
080901,Cusco,Santa Ana,2006,0.012005
120302,Junin,Perene,2006,0.004236
050409,Ayacucho,Canayre,2006,0.000591
221002,San Martin,Nuevo Progreso,2006,0.001826
200303,Piura,El Carmen De La Frontera,2006,0.000342
100609,Huanuco,Pueblo Nuevo,2006,0.000496
080903,Cusco,Huayopata,2006,0.001388
010604,Amazonas,Huambo,2006,0.002896
100505,Huanuco,Jircan,2006,0.0
010512,Amazonas,Ocalli,2006,0.001458
010101,Amazonas,Chachapoyas,2006,0.037591
060903,Cajamarca,Huarango,2006,0.000788
010116,Amazonas,Olleros,2006,0.0
010605,Amazonas,Limabamba,2006,0.000296
100804,Huanuco,Umari,2006,0.000196
220504,San Martin,Caynarachi,2006,0.001181
080905,Cusco,Ocobamba,2006,0.000442
010517,Amazonas,San Francisco Del Yeso,2006,0.000244
120609,Junin,Vizcatán Del Ene,2006,0.000148
060807,Cajamarca,Pomahuaca,2006,0.000925
010304,Amazonas,Corosha,2006,0.0
221005,San Martin,Uchiza,2006,0.004574
220807,San Martin,San Fernando,2006,0.002574
050512,Ayacucho,Union Progreso,2006,0.006332
060804,Cajamarca,Colasay,2006,0.000772
160503,Loreto,Capelo,2006,0.000463
220910,San Martin,Morales,2006,0.078928
120604,Junin,Mazamari,2006,0.002276
120603,Junin,Llaylla,2006,0.000841
010520,Amazonas,Santa Catalina,2006,0.000394
010603,Amazonas,Cochamal,2006,0.000433
120209,Junin,Mariscal Castilla,2006,0.003861
010601,Amazonas,San Nicolas,2006,0.010057
010519,Amazonas,San Juan De Lopecancha,2006,3.1e-05
160211,Loreto,Teniente Cesar Lopez Rojas,2006,0.000341
080408,Cusco,Yanatile,2006,0.000631
050408,Ayacucho,Llochegua,2006,0.001679
100507,Huanuco,Monzon,2006,0.00127
081304,Cusco,Machupicchu,2006,0.000769
220909,San Martin,La Banda De Shilcayo,2006,0.027615
220103,San Martin,Habana,2006,0.019563
100606,Huanuco,Mariano Damaso Beraun,2006,0.000818
010508,Amazonas,Lonya Chico,2006,0.00449
170102,Madre De Dios,Inambari,2006,0.000288
050502,Ayacucho,Anco,2006,0.000911
010523,Amazonas,Trita,2006,0.015648
010516,Amazonas,San Cristobal,2006,0.001777
080918,Cusco,Union Ashaninka,2006,0.000572
221006,San Martin,Santa Lucia,2006,0.00492
100702,Huanuco,Cholon,2006,0.000146
211205,Puno,Phara,2006,0.000126
170204,Madre De Dios,Huepetuhe,2006,0.000447
010302,Amazonas,Chisquilla,2006,0.0
050507,Ayacucho,Santa Rosa,2006,0.002618
220804,San Martin,Nueva Cajamarca,2006,0.025061
220809,San Martin,Yuracyacu,2006,0.013844
160603,Loreto,Padre Marquez,2006,0.000207
010522,Amazonas,Tingo,2006,0.00349
080906,Cusco,Quellouno,2006,0.000473
010301,Amazonas,Jumbilla,2006,0.001419
080917,Cusco,Manitea,2006,0.001082
250305,Ucayali,Alexander Von Humboldt,2007,0.004757
220509,San Martin,Shanao,2007,0.004817
250304,Ucayali,Neshuya,2007,0.003119
220501,San Martin,Lamas,2007,0.020905
220902,San Martin,Alberto Leveau,2007,0.003002
250102,Ucayali,Campoverde,2007,0.003673
220702,San Martin,Buenos Aires,2007,0.003421
220502,San Martin,Alonso De Alvarado,2007,0.003342
220404,San Martin,Piscoyacu,2007,0.003778
220708,San Martin,Shamboyacu,2007,0.000649
220204,San Martin,Huallaga,2007,0.001277
220605,San Martin,Pajarillo,2007,0.002005
010703,Amazonas,Cumba,2007,0.001844
220704,San Martin,Pilluana,2007,0.009791
220104,San Martin,Jepelacio,2007,0.005892
220505,San Martin,Cuñumbuqui,2007,0.004771
220507,San Martin,Rumisapa,2007,0.015901
220913,San Martin,Sauce,2007,0.006834
010608,Amazonas,Milpuc,2007,0.000621
220405,San Martin,Sacanche,2007,0.00259
220709,San Martin,Tingo De Ponasa,2007,0.003663
220304,San Martin,Santa Rosa,2007,0.002263
100903,Huanuco,Honoria,2007,0.000319
220203,San Martin,Bajo Biavo,2007,0.002155
220710,San Martin,Tres Unidos,2007,0.001184
220510,San Martin,Tabalosos,2007,0.003474
100904,Huanuco,Tournavista,2007,0.0003
010701,Amazonas,Bagua Grande,2007,0.016033
220701,San Martin,Picota,2007,0.01619
220403,San Martin,El Eslabon,2007,0.003724
250105,Ucayali,Yarinacocha,2007,0.027525
220914,San Martin,Shapaja,2007,0.001666
010707,Amazonas,Yamon,2007,0.001131
010705,Amazonas,Jamalca,2007,0.001442
220205,San Martin,San Pablo,2007,0.0051
220705,San Martin,Pucacaca,2007,0.012148
220601,San Martin,Juanjui,2007,0.011198
100905,Huanuco,Yuyapichis,2007,9e-05
100608,Huanuco,Castillo Grande,2007,0.015348
220302,San Martin,Agua Blanca,2007,0.002117
250306,Ucayali,Huipoca,2007,0.000433
010611,Amazonas,Totora,2007,0.003246
010706,Amazonas,Lonya Grande,2007,0.000796
220706,San Martin,San Cristobal,2007,0.015996
010303,Amazonas,Churuja,2007,0.002013
220301,San Martin,San Jose De Sisa,2007,0.005237
010204,Amazonas,El Parco,2007,0.008421
010306,Amazonas,Florida,2007,0.002933
220303,San Martin,San Martin,2007,0.000964
220106,San Martin,Yantalo,2007,0.010923
220305,San Martin,Shatoja,2007,0.003524
010104,Amazonas,Cheto,2007,0.000493
160201,Loreto,Yurimaguas,2007,0.004352
060901,Cajamarca,San Ignacio,2007,0.004951
220511,San Martin,Zapatero,2007,0.003066
060811,Cajamarca,San Jose Del Alto,2007,0.000696
010206,Amazonas,La Peca,2007,0.003365
220401,San Martin,Saposoa,2007,0.002426
060902,Cajamarca,Chirinos,2007,0.002933
220908,San Martin,Juan Guerra,2007,0.006336
060904,Cajamarca,La Coipa,2007,0.00215
220808,San Martin,Yorongos,2007,0.00647
120607,Junin,Rio Negro,2007,0.002088
060812,Cajamarca,Santa Rosa,2007,0.001855
250106,Ucayali,Nueva Requena,2007,0.000377
220802,San Martin,Awajun,2007,0.002103
250302,Ucayali,Irazola,2007,0.000312
010109,Amazonas,La Jalca,2007,0.00245
220906,San Martin,El Porvenir,2007,0.001035
220707,San Martin,San Hilarion,2007,0.017924
220806,San Martin,Posic,2007,0.011823
220406,San Martin,Tingo De Saposoa,2007,0.005086
100901,Huanuco,Puerto Inca,2007,0.000185
010105,Amazonas,Chiliquin,2007,0.0
220105,San Martin,Soritor,2007,0.007228
220201,San Martin,Bellavista,2007,0.025723
060803,Cajamarca,Chontali,2007,0.000639
100605,Huanuco,Luyando,2007,0.008387
010307,Amazonas,Jazan,2007,0.007832
010502,Amazonas,Camporredondo,2007,0.002808
010515,Amazonas,Providencia,2007,0.000672
010102,Amazonas,Asuncion,2007,0.0
010510,Amazonas,Luya Viejo,2007,0.000775
100601,Huanuco,Rupa-Rupa,2007,0.014398
010514,Amazonas,Pisuquia,2007,0.000183
060810,Cajamarca,San Felipe,2007,0.002445
010305,Amazonas,Cuispes,2007,0.001282
060905,Cajamarca,Namballe,2007,0.000553
010119,Amazonas,San Isidro De Maino,2007,0.001194
060801,Cajamarca,Jaen,2007,0.020172
010513,Amazonas,Ocumal,2007,0.000498
220912,San Martin,San Antonio,2007,0.004517
220903,San Martin,Cacatachi,2007,0.034873
120602,Junin,Coviriali,2007,0.002246
120304,Junin,San Luis De Shuaro,2007,0.001173
120601,Junin,Satipo,2007,0.005532
010203,Amazonas,Copallin,2007,0.003633
010112,Amazonas,Magdalena,2007,0.001615
220102,San Martin,Calzada,2007,0.016676
060805,Cajamarca,Huabal,2007,0.00257
010610,Amazonas,Santa Rosa,2007,0.003384
220503,San Martin,Barranquita,2007,0.000478
220801,San Martin,Rioja,2007,0.038184
220703,San Martin,Caspisapa,2007,0.009668
080904,Cusco,Maranura,2007,0.002765
010117,Amazonas,Quinjalca,2007,0.000162
250303,Ucayali,Curimana,2007,0.000474
010308,Amazonas,Recta,2007,0.0
010115,Amazonas,Montevideo,2007,0.000968
010114,Amazonas,Molinopampa,2007,0.000434
010503,Amazonas,Cocabamba,2007,0.000109
060809,Cajamarca,Sallique,2007,0.001357
010120,Amazonas,Soloco,2007,0.000381
010521,Amazonas,Santo Tomas,2007,0.002568
100113,Huanuco,San Pablo De Pillao,2007,3e-05
010602,Amazonas,Chirimoto,2007,0.000376
100603,Huanuco,Hermilio Valdizan,2007,5.3e-05
010111,Amazonas,Levanto,2007,0.001152
010518,Amazonas,San Jeronimo,2007,0.000368
010609,Amazonas,Omia,2007,0.000264
100902,Huanuco,Codo Del Pozuzo,2007,7.4e-05
010113,Amazonas,Mariscal Castilla,2007,0.002332
220101,San Martin,Moyobamba,2007,0.004056
010310,Amazonas,Shipasbamba,2007,0.001284
100103,Huanuco,Chinchao,2007,0.000462
010311,Amazonas,Valera,2007,0.001014
060907,Cajamarca,Tabaconas,2007,0.00056
160112,Loreto,Belen,2007,0.005296
200307,Piura,Sondor,2007,0.001375
220803,San Martin,Elias Soplin Vargas,2007,0.009509
010506,Amazonas,Inguilpata,2007,0.00063
220506,San Martin,Pinto Recodo,2007,0.000694
120303,Junin,Pichanaqui,2007,0.00324
010202,Amazonas,Aramango,2007,0.000505
010606,Amazonas,Longar,2007,0.001687
160101,Loreto,Iquitos,2007,0.031765
010507,Amazonas,Longuita,2007,0.000636
221001,San Martin,Tocache,2007,0.006366
010511,Amazonas,Maria,2007,0.000719
080901,Cusco,Santa Ana,2007,0.012063
120302,Junin,Perene,2007,0.00418
050409,Ayacucho,Canayre,2007,0.000601
221002,San Martin,Nuevo Progreso,2007,0.001837
200303,Piura,El Carmen De La Frontera,2007,0.000344
100609,Huanuco,Pueblo Nuevo,2007,0.000532
080903,Cusco,Huayopata,2007,0.001401
010604,Amazonas,Huambo,2007,0.002908
100505,Huanuco,Jircan,2007,0.0
010512,Amazonas,Ocalli,2007,0.001495
010101,Amazonas,Chachapoyas,2007,0.037776
060903,Cajamarca,Huarango,2007,0.000804
010116,Amazonas,Olleros,2007,0.0
010605,Amazonas,Limabamba,2007,0.000309
100804,Huanuco,Umari,2007,0.000191
220504,San Martin,Caynarachi,2007,0.001219
080905,Cusco,Ocobamba,2007,0.000461
010517,Amazonas,San Francisco Del Yeso,2007,0.000244
120609,Junin,Vizcatán Del Ene,2007,0.000142
060807,Cajamarca,Pomahuaca,2007,0.000915
010304,Amazonas,Corosha,2007,0.0
221005,San Martin,Uchiza,2007,0.00463
220807,San Martin,San Fernando,2007,0.002638
050512,Ayacucho,Union Progreso,2007,0.006042
060804,Cajamarca,Colasay,2007,0.000815
160503,Loreto,Capelo,2007,0.000461
220910,San Martin,Morales,2007,0.079226
120604,Junin,Mazamari,2007,0.002292
120603,Junin,Llaylla,2007,0.00089
010520,Amazonas,Santa Catalina,2007,0.000491
010603,Amazonas,Cochamal,2007,0.000433
120209,Junin,Mariscal Castilla,2007,0.003877
010601,Amazonas,San Nicolas,2007,0.010205
010519,Amazonas,San Juan De Lopecancha,2007,3.1e-05
160211,Loreto,Teniente Cesar Lopez Rojas,2007,0.000329
080408,Cusco,Yanatile,2007,0.000631
050408,Ayacucho,Llochegua,2007,0.001742
100507,Huanuco,Monzon,2007,0.001315
081304,Cusco,Machupicchu,2007,0.000837
220909,San Martin,La Banda De Shilcayo,2007,0.027811
220103,San Martin,Habana,2007,0.019692
100606,Huanuco,Mariano Damaso Beraun,2007,0.000869
010508,Amazonas,Lonya Chico,2007,0.004528
170102,Madre De Dios,Inambari,2007,0.000327
050502,Ayacucho,Anco,2007,0.000948
010523,Amazonas,Trita,2007,0.016729
010516,Amazonas,San Cristobal,2007,0.001777
080918,Cusco,Union Ashaninka,2007,0.000805
221006,San Martin,Santa Lucia,2007,0.005009
100702,Huanuco,Cholon,2007,0.000154
211205,Puno,Phara,2007,0.000132
170204,Madre De Dios,Huepetuhe,2007,0.000464
010302,Amazonas,Chisquilla,2007,0.0
050507,Ayacucho,Santa Rosa,2007,0.002759
220804,San Martin,Nueva Cajamarca,2007,0.025338
220809,San Martin,Yuracyacu,2007,0.013902
160603,Loreto,Padre Marquez,2007,0.000211
010522,Amazonas,Tingo,2007,0.003514
080906,Cusco,Quellouno,2007,0.000486
010301,Amazonas,Jumbilla,2007,0.001458
080917,Cusco,Manitea,2007,0.001144
250305,Ucayali,Alexander Von Humboldt,2008,0.004796
220509,San Martin,Shanao,2008,0.003868
250304,Ucayali,Neshuya,2008,0.003217
220501,San Martin,Lamas,2008,0.021193
220902,San Martin,Alberto Leveau,2008,0.002848
250102,Ucayali,Campoverde,2008,0.003749
220702,San Martin,Buenos Aires,2008,0.003341
220502,San Martin,Alonso De Alvarado,2008,0.003417
220404,San Martin,Piscoyacu,2008,0.003718
220708,San Martin,Shamboyacu,2008,0.000692
220204,San Martin,Huallaga,2008,0.001353
220605,San Martin,Pajarillo,2008,0.00205
010703,Amazonas,Cumba,2008,0.001865
220704,San Martin,Pilluana,2008,0.009752
220104,San Martin,Jepelacio,2008,0.005973
220505,San Martin,Cuñumbuqui,2008,0.004654
220507,San Martin,Rumisapa,2008,0.016516
220913,San Martin,Sauce,2008,0.006878
010608,Amazonas,Milpuc,2008,0.000621
220405,San Martin,Sacanche,2008,0.002574
220709,San Martin,Tingo De Ponasa,2008,0.003689
220304,San Martin,Santa Rosa,2008,0.002348
100903,Huanuco,Honoria,2008,0.000366
220203,San Martin,Bajo Biavo,2008,0.002199
220710,San Martin,Tres Unidos,2008,0.001232
220510,San Martin,Tabalosos,2008,0.003434
100904,Huanuco,Tournavista,2008,0.000303
010701,Amazonas,Bagua Grande,2008,0.016021
220701,San Martin,Picota,2008,0.016137
220403,San Martin,El Eslabon,2008,0.003717
250105,Ucayali,Yarinacocha,2008,0.028318
220914,San Martin,Shapaja,2008,0.001674
010707,Amazonas,Yamon,2008,0.001163
010705,Amazonas,Jamalca,2008,0.001421
220205,San Martin,San Pablo,2008,0.005138
220705,San Martin,Pucacaca,2008,0.012043
220601,San Martin,Juanjui,2008,0.01125
100905,Huanuco,Yuyapichis,2008,0.000103
100608,Huanuco,Castillo Grande,2008,0.015331
220302,San Martin,Agua Blanca,2008,0.002094
250306,Ucayali,Huipoca,2008,0.000463
010611,Amazonas,Totora,2008,0.003246
010706,Amazonas,Lonya Grande,2008,0.000803
220706,San Martin,San Cristobal,2008,0.015849
010303,Amazonas,Churuja,2008,0.002152
220301,San Martin,San Jose De Sisa,2008,0.005298
010204,Amazonas,El Parco,2008,0.008421
010306,Amazonas,Florida,2008,0.003001
220303,San Martin,San Martin,2008,0.001009
220106,San Martin,Yantalo,2008,0.010897
220305,San Martin,Shatoja,2008,0.00361
010104,Amazonas,Cheto,2008,0.000506
160201,Loreto,Yurimaguas,2008,0.004407
060901,Cajamarca,San Ignacio,2008,0.004993
220511,San Martin,Zapatero,2008,0.003127
060811,Cajamarca,San Jose Del Alto,2008,0.00071
010206,Amazonas,La Peca,2008,0.00341
220401,San Martin,Saposoa,2008,0.002433
060902,Cajamarca,Chirinos,2008,0.002913
220908,San Martin,Juan Guerra,2008,0.006336
060904,Cajamarca,La Coipa,2008,0.002178
220808,San Martin,Yorongos,2008,0.006502
120607,Junin,Rio Negro,2008,0.002142
060812,Cajamarca,Santa Rosa,2008,0.001886
250106,Ucayali,Nueva Requena,2008,0.000378
220802,San Martin,Awajun,2008,0.002227
250302,Ucayali,Irazola,2008,0.000318
010109,Amazonas,La Jalca,2008,0.002493
220906,San Martin,El Porvenir,2008,0.001097
220707,San Martin,San Hilarion,2008,0.018462
220806,San Martin,Posic,2008,0.012229
220406,San Martin,Tingo De Saposoa,2008,0.004613
100901,Huanuco,Puerto Inca,2008,0.000219
010105,Amazonas,Chiliquin,2008,0.0
220105,San Martin,Soritor,2008,0.007458
220201,San Martin,Bellavista,2008,0.025764
060803,Cajamarca,Chontali,2008,0.000641
100605,Huanuco,Luyando,2008,0.008688
010307,Amazonas,Jazan,2008,0.007785
010502,Amazonas,Camporredondo,2008,0.0028
010515,Amazonas,Providencia,2008,0.000672
010102,Amazonas,Asuncion,2008,0.0
010510,Amazonas,Luya Viejo,2008,0.000788
100601,Huanuco,Rupa-Rupa,2008,0.014479
010514,Amazonas,Pisuquia,2008,0.000189
060810,Cajamarca,San Felipe,2008,0.002494
010305,Amazonas,Cuispes,2008,0.001347
060905,Cajamarca,Namballe,2008,0.000549
010119,Amazonas,San Isidro De Maino,2008,0.001194
060801,Cajamarca,Jaen,2008,0.020478
010513,Amazonas,Ocumal,2008,0.000503
220912,San Martin,San Antonio,2008,0.004415
220903,San Martin,Cacatachi,2008,0.036178
120602,Junin,Coviriali,2008,0.002201
120304,Junin,San Luis De Shuaro,2008,0.001127
120601,Junin,Satipo,2008,0.005559
010203,Amazonas,Copallin,2008,0.003651
010112,Amazonas,Magdalena,2008,0.001621
220102,San Martin,Calzada,2008,0.016822
060805,Cajamarca,Huabal,2008,0.00256
010610,Amazonas,Santa Rosa,2008,0.003384
220503,San Martin,Barranquita,2008,0.000491
220801,San Martin,Rioja,2008,0.039682
220703,San Martin,Caspisapa,2008,0.009621
080904,Cusco,Maranura,2008,0.002791
010117,Amazonas,Quinjalca,2008,0.000162
250303,Ucayali,Curimana,2008,0.000546
010308,Amazonas,Recta,2008,0.0
010115,Amazonas,Montevideo,2008,0.000975
010114,Amazonas,Molinopampa,2008,0.000436
010503,Amazonas,Cocabamba,2008,0.000109
060809,Cajamarca,Sallique,2008,0.001376
010120,Amazonas,Soloco,2008,0.000404
010521,Amazonas,Santo Tomas,2008,0.002597
100113,Huanuco,San Pablo De Pillao,2008,3.9e-05
010602,Amazonas,Chirimoto,2008,0.000387
100603,Huanuco,Hermilio Valdizan,2008,5.3e-05
010111,Amazonas,Levanto,2008,0.001224
010518,Amazonas,San Jeronimo,2008,0.000381
010609,Amazonas,Omia,2008,0.000268
100902,Huanuco,Codo Del Pozuzo,2008,7.5e-05
010113,Amazonas,Mariscal Castilla,2008,0.002355
220101,San Martin,Moyobamba,2008,0.004175
010310,Amazonas,Shipasbamba,2008,0.001306
100103,Huanuco,Chinchao,2008,0.000465
010311,Amazonas,Valera,2008,0.001014
060907,Cajamarca,Tabaconas,2008,0.00061
160112,Loreto,Belen,2008,0.00527
200307,Piura,Sondor,2008,0.001391
220803,San Martin,Elias Soplin Vargas,2008,0.010176
010506,Amazonas,Inguilpata,2008,0.00063
220506,San Martin,Pinto Recodo,2008,0.000707
120303,Junin,Pichanaqui,2008,0.003278
010202,Amazonas,Aramango,2008,0.000509
010606,Amazonas,Longar,2008,0.001697
160101,Loreto,Iquitos,2008,0.031809
010507,Amazonas,Longuita,2008,0.000697
221001,San Martin,Tocache,2008,0.006398
010511,Amazonas,Maria,2008,0.000719
080901,Cusco,Santa Ana,2008,0.012081
120302,Junin,Perene,2008,0.004162
050409,Ayacucho,Canayre,2008,0.000679
221002,San Martin,Nuevo Progreso,2008,0.001865
200303,Piura,El Carmen De La Frontera,2008,0.000347
100609,Huanuco,Pueblo Nuevo,2008,0.000546
080903,Cusco,Huayopata,2008,0.001393
010604,Amazonas,Huambo,2008,0.002931
100505,Huanuco,Jircan,2008,0.0
010512,Amazonas,Ocalli,2008,0.001546
010101,Amazonas,Chachapoyas,2008,0.038009
060903,Cajamarca,Huarango,2008,0.000792
010116,Amazonas,Olleros,2008,0.0
010605,Amazonas,Limabamba,2008,0.000315
100804,Huanuco,Umari,2008,0.000191
220504,San Martin,Caynarachi,2008,0.001243
080905,Cusco,Ocobamba,2008,0.000472
010517,Amazonas,San Francisco Del Yeso,2008,0.000249
120609,Junin,Vizcatán Del Ene,2008,0.000158
060807,Cajamarca,Pomahuaca,2008,0.000879
010304,Amazonas,Corosha,2008,0.0
221005,San Martin,Uchiza,2008,0.004706
220807,San Martin,San Fernando,2008,0.002638
050512,Ayacucho,Union Progreso,2008,0.006376
060804,Cajamarca,Colasay,2008,0.00083
160503,Loreto,Capelo,2008,0.000469
220910,San Martin,Morales,2008,0.080365
120604,Junin,Mazamari,2008,0.002325
120603,Junin,Llaylla,2008,0.000929
010520,Amazonas,Santa Catalina,2008,0.000535
010603,Amazonas,Cochamal,2008,0.000433
120209,Junin,Mariscal Castilla,2008,0.00383
010601,Amazonas,San Nicolas,2008,0.010301
010519,Amazonas,San Juan De Lopecancha,2008,3.1e-05
160211,Loreto,Teniente Cesar Lopez Rojas,2008,0.000353
080408,Cusco,Yanatile,2008,0.000631
050408,Ayacucho,Llochegua,2008,0.001864
100507,Huanuco,Monzon,2008,0.00132
081304,Cusco,Machupicchu,2008,0.000777
220909,San Martin,La Banda De Shilcayo,2008,0.028298
220103,San Martin,Habana,2008,0.020118
100606,Huanuco,Mariano Damaso Beraun,2008,0.000872
010508,Amazonas,Lonya Chico,2008,0.004554
170102,Madre De Dios,Inambari,2008,0.000363
050502,Ayacucho,Anco,2008,0.000978
010523,Amazonas,Trita,2008,0.016856
010516,Amazonas,San Cristobal,2008,0.001777
080918,Cusco,Union Ashaninka,2008,0.000836
221006,San Martin,Santa Lucia,2008,0.005003
100702,Huanuco,Cholon,2008,0.000163
211205,Puno,Phara,2008,0.000132
170204,Madre De Dios,Huepetuhe,2008,0.000472
010302,Amazonas,Chisquilla,2008,0.0
050507,Ayacucho,Santa Rosa,2008,0.002865
220804,San Martin,Nueva Cajamarca,2008,0.025835
220809,San Martin,Yuracyacu,2008,0.013773
160603,Loreto,Padre Marquez,2008,0.000218
010522,Amazonas,Tingo,2008,0.003547
080906,Cusco,Quellouno,2008,0.000486
010301,Amazonas,Jumbilla,2008,0.001503
080917,Cusco,Manitea,2008,0.001407
250305,Ucayali,Alexander Von Humboldt,2009,0.00514
220509,San Martin,Shanao,2009,0.004233
250304,Ucayali,Neshuya,2009,0.003278
220501,San Martin,Lamas,2009,0.021468
220902,San Martin,Alberto Leveau,2009,0.002882
250102,Ucayali,Campoverde,2009,0.003934
220702,San Martin,Buenos Aires,2009,0.003389
220502,San Martin,Alonso De Alvarado,2009,0.003459
220404,San Martin,Piscoyacu,2009,0.003876
220708,San Martin,Shamboyacu,2009,0.000753
220204,San Martin,Huallaga,2009,0.001419
220605,San Martin,Pajarillo,2009,0.002212
010703,Amazonas,Cumba,2009,0.001895
220704,San Martin,Pilluana,2009,0.009687
220104,San Martin,Jepelacio,2009,0.00604
220505,San Martin,Cuñumbuqui,2009,0.004664
220507,San Martin,Rumisapa,2009,0.017318
220913,San Martin,Sauce,2009,0.006825
010608,Amazonas,Milpuc,2009,0.0006
220405,San Martin,Sacanche,2009,0.002618
220709,San Martin,Tingo De Ponasa,2009,0.003732
220304,San Martin,Santa Rosa,2009,0.002551
100903,Huanuco,Honoria,2009,0.000404
220203,San Martin,Bajo Biavo,2009,0.002313
220710,San Martin,Tres Unidos,2009,0.001265
220510,San Martin,Tabalosos,2009,0.003493
100904,Huanuco,Tournavista,2009,0.000316
010701,Amazonas,Bagua Grande,2009,0.016038
220701,San Martin,Picota,2009,0.016194
220403,San Martin,El Eslabon,2009,0.003674
250105,Ucayali,Yarinacocha,2009,0.029168
220914,San Martin,Shapaja,2009,0.001748
010707,Amazonas,Yamon,2009,0.001236
010705,Amazonas,Jamalca,2009,0.00148
220205,San Martin,San Pablo,2009,0.005209
220705,San Martin,Pucacaca,2009,0.01217
220601,San Martin,Juanjui,2009,0.011695
100905,Huanuco,Yuyapichis,2009,0.000106
100608,Huanuco,Castillo Grande,2009,0.015458
220302,San Martin,Agua Blanca,2009,0.002117
250306,Ucayali,Huipoca,2009,0.000482
010611,Amazonas,Totora,2009,0.003109
010706,Amazonas,Lonya Grande,2009,0.000816
220706,San Martin,San Cristobal,2009,0.015937
010303,Amazonas,Churuja,2009,0.002208
220301,San Martin,San Jose De Sisa,2009,0.005381
010204,Amazonas,El Parco,2009,0.008421
010306,Amazonas,Florida,2009,0.003269
220303,San Martin,San Martin,2009,0.001133
220106,San Martin,Yantalo,2009,0.01114
220305,San Martin,Shatoja,2009,0.003896
010104,Amazonas,Cheto,2009,0.000544
160201,Loreto,Yurimaguas,2009,0.004562
060901,Cajamarca,San Ignacio,2009,0.005141
220511,San Martin,Zapatero,2009,0.003173
060811,Cajamarca,San Jose Del Alto,2009,0.000715
010206,Amazonas,La Peca,2009,0.003487
220401,San Martin,Saposoa,2009,0.002534
060902,Cajamarca,Chirinos,2009,0.002968
220908,San Martin,Juan Guerra,2009,0.00641
060904,Cajamarca,La Coipa,2009,0.002183
220808,San Martin,Yorongos,2009,0.00647
120607,Junin,Rio Negro,2009,0.00228
060812,Cajamarca,Santa Rosa,2009,0.001915
250106,Ucayali,Nueva Requena,2009,0.000403
220802,San Martin,Awajun,2009,0.002456
250302,Ucayali,Irazola,2009,0.000359
010109,Amazonas,La Jalca,2009,0.002479
220906,San Martin,El Porvenir,2009,0.001186
220707,San Martin,San Hilarion,2009,0.018556
220806,San Martin,Posic,2009,0.013751
220406,San Martin,Tingo De Saposoa,2009,0.004972
100901,Huanuco,Puerto Inca,2009,0.000242
010105,Amazonas,Chiliquin,2009,0.0
220105,San Martin,Soritor,2009,0.007736
220201,San Martin,Bellavista,2009,0.026038
060803,Cajamarca,Chontali,2009,0.000654
100605,Huanuco,Luyando,2009,0.008886
010307,Amazonas,Jazan,2009,0.007973
010502,Amazonas,Camporredondo,2009,0.002865
010515,Amazonas,Providencia,2009,0.000672
010102,Amazonas,Asuncion,2009,0.0
010510,Amazonas,Luya Viejo,2009,0.000827
100601,Huanuco,Rupa-Rupa,2009,0.014547
010514,Amazonas,Pisuquia,2009,0.000208
060810,Cajamarca,San Felipe,2009,0.002473
010305,Amazonas,Cuispes,2009,0.001383
060905,Cajamarca,Namballe,2009,0.000564
010119,Amazonas,San Isidro De Maino,2009,0.001194
060801,Cajamarca,Jaen,2009,0.020764
010513,Amazonas,Ocumal,2009,0.000518
220912,San Martin,San Antonio,2009,0.004449
220903,San Martin,Cacatachi,2009,0.037109
120602,Junin,Coviriali,2009,0.002399
120304,Junin,San Luis De Shuaro,2009,0.001282
120601,Junin,Satipo,2009,0.005815
010203,Amazonas,Copallin,2009,0.003696
010112,Amazonas,Magdalena,2009,0.001641
220102,San Martin,Calzada,2009,0.017236
060805,Cajamarca,Huabal,2009,0.00256
010610,Amazonas,Santa Rosa,2009,0.003604
220503,San Martin,Barranquita,2009,0.000503
220801,San Martin,Rioja,2009,0.042018
220703,San Martin,Caspisapa,2009,0.009563
080904,Cusco,Maranura,2009,0.002813
010117,Amazonas,Quinjalca,2009,0.000162
250303,Ucayali,Curimana,2009,0.000633
010308,Amazonas,Recta,2009,0.0
010115,Amazonas,Montevideo,2009,0.000975
010114,Amazonas,Molinopampa,2009,0.00046
010503,Amazonas,Cocabamba,2009,0.000109
060809,Cajamarca,Sallique,2009,0.001383
010120,Amazonas,Soloco,2009,0.000416
010521,Amazonas,Santo Tomas,2009,0.002686
100113,Huanuco,San Pablo De Pillao,2009,5.1e-05
010602,Amazonas,Chirimoto,2009,0.00041
100603,Huanuco,Hermilio Valdizan,2009,6.8e-05
010111,Amazonas,Levanto,2009,0.001247
010518,Amazonas,San Jeronimo,2009,0.000415
010609,Amazonas,Omia,2009,0.000261
100902,Huanuco,Codo Del Pozuzo,2009,7.6e-05
010113,Amazonas,Mariscal Castilla,2009,0.002366
220101,San Martin,Moyobamba,2009,0.004278
010310,Amazonas,Shipasbamba,2009,0.001362
100103,Huanuco,Chinchao,2009,0.000452
010311,Amazonas,Valera,2009,0.001094
060907,Cajamarca,Tabaconas,2009,0.00062
160112,Loreto,Belen,2009,0.005238
200307,Piura,Sondor,2009,0.001404
220803,San Martin,Elias Soplin Vargas,2009,0.010985
010506,Amazonas,Inguilpata,2009,0.00063
220506,San Martin,Pinto Recodo,2009,0.000713
120303,Junin,Pichanaqui,2009,0.003414
010202,Amazonas,Aramango,2009,0.000519
010606,Amazonas,Longar,2009,0.001741
160101,Loreto,Iquitos,2009,0.031872
010507,Amazonas,Longuita,2009,0.000712
221001,San Martin,Tocache,2009,0.006447
010511,Amazonas,Maria,2009,0.000719
080901,Cusco,Santa Ana,2009,0.012226
120302,Junin,Perene,2009,0.004332
050409,Ayacucho,Canayre,2009,0.000792
221002,San Martin,Nuevo Progreso,2009,0.002015
200303,Piura,El Carmen De La Frontera,2009,0.000346
100609,Huanuco,Pueblo Nuevo,2009,0.000601
080903,Cusco,Huayopata,2009,0.001394
010604,Amazonas,Huambo,2009,0.002999
100505,Huanuco,Jircan,2009,0.0
010512,Amazonas,Ocalli,2009,0.001639
010101,Amazonas,Chachapoyas,2009,0.038566
060903,Cajamarca,Huarango,2009,0.000819
010116,Amazonas,Olleros,2009,0.0
010605,Amazonas,Limabamba,2009,0.000331
100804,Huanuco,Umari,2009,0.000191
220504,San Martin,Caynarachi,2009,0.001264
080905,Cusco,Ocobamba,2009,0.000472
010517,Amazonas,San Francisco Del Yeso,2009,0.000249
120609,Junin,Vizcatán Del Ene,2009,0.000224
060807,Cajamarca,Pomahuaca,2009,0.000948
010304,Amazonas,Corosha,2009,0.0
221005,San Martin,Uchiza,2009,0.004834
220807,San Martin,San Fernando,2009,0.002613
050512,Ayacucho,Union Progreso,2009,0.007001
060804,Cajamarca,Colasay,2009,0.000851
160503,Loreto,Capelo,2009,0.000467
220910,San Martin,Morales,2009,0.080944
120604,Junin,Mazamari,2009,0.002435
120603,Junin,Llaylla,2009,0.00104
010520,Amazonas,Santa Catalina,2009,0.000594
010603,Amazonas,Cochamal,2009,0.000452
120209,Junin,Mariscal Castilla,2009,0.003752
010601,Amazonas,San Nicolas,2009,0.010405
010519,Amazonas,San Juan De Lopecancha,2009,3.1e-05
160211,Loreto,Teniente Cesar Lopez Rojas,2009,0.000362
080408,Cusco,Yanatile,2009,0.000631
050408,Ayacucho,Llochegua,2009,0.001935
100507,Huanuco,Monzon,2009,0.001336
081304,Cusco,Machupicchu,2009,0.000834
220909,San Martin,La Banda De Shilcayo,2009,0.028331
220103,San Martin,Habana,2009,0.020726
100606,Huanuco,Mariano Damaso Beraun,2009,0.000909
010508,Amazonas,Lonya Chico,2009,0.004618
170102,Madre De Dios,Inambari,2009,0.000404
050502,Ayacucho,Anco,2009,0.001039
010523,Amazonas,Trita,2009,0.017493
010516,Amazonas,San Cristobal,2009,0.001877
080918,Cusco,Union Ashaninka,2009,0.00105
221006,San Martin,Santa Lucia,2009,0.005039
100702,Huanuco,Cholon,2009,0.000179
211205,Puno,Phara,2009,0.000132
170204,Madre De Dios,Huepetuhe,2009,0.0005
010302,Amazonas,Chisquilla,2009,0.0
050507,Ayacucho,Santa Rosa,2009,0.00308
220804,San Martin,Nueva Cajamarca,2009,0.027153
220809,San Martin,Yuracyacu,2009,0.014217
160603,Loreto,Padre Marquez,2009,0.000226
010522,Amazonas,Tingo,2009,0.003523
080906,Cusco,Quellouno,2009,0.000502
010301,Amazonas,Jumbilla,2009,0.001542
080917,Cusco,Manitea,2009,0.001657
250305,Ucayali,Alexander Von Humboldt,2010,0.005476
220509,San Martin,Shanao,2010,0.004598
250304,Ucayali,Neshuya,2010,0.003425
220501,San Martin,Lamas,2010,0.021695
220902,San Martin,Alberto Leveau,2010,0.002985
250102,Ucayali,Campoverde,2010,0.004137
220702,San Martin,Buenos Aires,2010,0.003375
220502,San Martin,Alonso De Alvarado,2010,0.003567
220404,San Martin,Piscoyacu,2010,0.003906
220708,San Martin,Shamboyacu,2010,0.000746
220204,San Martin,Huallaga,2010,0.00146
220605,San Martin,Pajarillo,2010,0.002267
010703,Amazonas,Cumba,2010,0.001912
220704,San Martin,Pilluana,2010,0.0097
220104,San Martin,Jepelacio,2010,0.006146
220505,San Martin,Cuñumbuqui,2010,0.004703
220507,San Martin,Rumisapa,2010,0.017665
220913,San Martin,Sauce,2010,0.007203
010608,Amazonas,Milpuc,2010,0.000662
220405,San Martin,Sacanche,2010,0.002579
220709,San Martin,Tingo De Ponasa,2010,0.003748
220304,San Martin,Santa Rosa,2010,0.002608
100903,Huanuco,Honoria,2010,0.000442
220203,San Martin,Bajo Biavo,2010,0.002458
220710,San Martin,Tres Unidos,2010,0.001289
220510,San Martin,Tabalosos,2010,0.003584
100904,Huanuco,Tournavista,2010,0.000322
010701,Amazonas,Bagua Grande,2010,0.01619
220701,San Martin,Picota,2010,0.016019
220403,San Martin,El Eslabon,2010,0.003646
250105,Ucayali,Yarinacocha,2010,0.029971
220914,San Martin,Shapaja,2010,0.001786
010707,Amazonas,Yamon,2010,0.001203
010705,Amazonas,Jamalca,2010,0.001518
220205,San Martin,San Pablo,2010,0.005214
220705,San Martin,Pucacaca,2010,0.012376
220601,San Martin,Juanjui,2010,0.011937
100905,Huanuco,Yuyapichis,2010,0.000125
100608,Huanuco,Castillo Grande,2010,0.01632
220302,San Martin,Agua Blanca,2010,0.002106
250306,Ucayali,Huipoca,2010,0.000527
010611,Amazonas,Totora,2010,0.003292
010706,Amazonas,Lonya Grande,2010,0.000828
220706,San Martin,San Cristobal,2010,0.016527
010303,Amazonas,Churuja,2010,0.002208
220301,San Martin,San Jose De Sisa,2010,0.005612
010204,Amazonas,El Parco,2010,0.008715
010306,Amazonas,Florida,2010,0.003329
220303,San Martin,San Martin,2010,0.001155
220106,San Martin,Yantalo,2010,0.011332
220305,San Martin,Shatoja,2010,0.003968
010104,Amazonas,Cheto,2010,0.000683
160201,Loreto,Yurimaguas,2010,0.004745
060901,Cajamarca,San Ignacio,2010,0.005261
220511,San Martin,Zapatero,2010,0.003198
060811,Cajamarca,San Jose Del Alto,2010,0.000733
010206,Amazonas,La Peca,2010,0.00352
220401,San Martin,Saposoa,2010,0.002566
060902,Cajamarca,Chirinos,2010,0.003053
220908,San Martin,Juan Guerra,2010,0.006429
060904,Cajamarca,La Coipa,2010,0.002218
220808,San Martin,Yorongos,2010,0.006698
120607,Junin,Rio Negro,2010,0.002402
060812,Cajamarca,Santa Rosa,2010,0.001915
250106,Ucayali,Nueva Requena,2010,0.000419
220802,San Martin,Awajun,2010,0.002684
250302,Ucayali,Irazola,2010,0.000406
010109,Amazonas,La Jalca,2010,0.002508
220906,San Martin,El Porvenir,2010,0.001193
220707,San Martin,San Hilarion,2010,0.018624
220806,San Martin,Posic,2010,0.014293
220406,San Martin,Tingo De Saposoa,2010,0.005104
100901,Huanuco,Puerto Inca,2010,0.000314
010105,Amazonas,Chiliquin,2010,0.0
220105,San Martin,Soritor,2010,0.00813
220201,San Martin,Bellavista,2010,0.026017
060803,Cajamarca,Chontali,2010,0.000674
100605,Huanuco,Luyando,2010,0.009163
010307,Amazonas,Jazan,2010,0.008102
010502,Amazonas,Camporredondo,2010,0.00289
010515,Amazonas,Providencia,2010,0.000672
010102,Amazonas,Asuncion,2010,0.0
010510,Amazonas,Luya Viejo,2010,0.00088
100601,Huanuco,Rupa-Rupa,2010,0.015194
010514,Amazonas,Pisuquia,2010,0.000235
060810,Cajamarca,San Felipe,2010,0.00248
010305,Amazonas,Cuispes,2010,0.001347
060905,Cajamarca,Namballe,2010,0.00057
010119,Amazonas,San Isidro De Maino,2010,0.001194
060801,Cajamarca,Jaen,2010,0.021501
010513,Amazonas,Ocumal,2010,0.000577
220912,San Martin,San Antonio,2010,0.004381
220903,San Martin,Cacatachi,2010,0.038193
120602,Junin,Coviriali,2010,0.002525
120304,Junin,San Luis De Shuaro,2010,0.001273
120601,Junin,Satipo,2010,0.005969
010203,Amazonas,Copallin,2010,0.003723
010112,Amazonas,Magdalena,2010,0.001641
220102,San Martin,Calzada,2010,0.018118
060805,Cajamarca,Huabal,2010,0.00257
010610,Amazonas,Santa Rosa,2010,0.003604
220503,San Martin,Barranquita,2010,0.000521
220801,San Martin,Rioja,2010,0.043835
220703,San Martin,Caspisapa,2010,0.00961
080904,Cusco,Maranura,2010,0.002802
010117,Amazonas,Quinjalca,2010,0.000162
250303,Ucayali,Curimana,2010,0.000738
010308,Amazonas,Recta,2010,0.0
010115,Amazonas,Montevideo,2010,0.000982
010114,Amazonas,Molinopampa,2010,0.000491
010503,Amazonas,Cocabamba,2010,0.000146
060809,Cajamarca,Sallique,2010,0.001386
010120,Amazonas,Soloco,2010,0.000452
010521,Amazonas,Santo Tomas,2010,0.002716
100113,Huanuco,San Pablo De Pillao,2010,5.6e-05
010602,Amazonas,Chirimoto,2010,0.00041
100603,Huanuco,Hermilio Valdizan,2010,9.3e-05
010111,Amazonas,Levanto,2010,0.001319
010518,Amazonas,San Jeronimo,2010,0.000475
010609,Amazonas,Omia,2010,0.000249
100902,Huanuco,Codo Del Pozuzo,2010,8.2e-05
010113,Amazonas,Mariscal Castilla,2010,0.002377
220101,San Martin,Moyobamba,2010,0.004412
010310,Amazonas,Shipasbamba,2010,0.00137
100103,Huanuco,Chinchao,2010,0.000462
010311,Amazonas,Valera,2010,0.001128
060907,Cajamarca,Tabaconas,2010,0.000639
160112,Loreto,Belen,2010,0.005233
200307,Piura,Sondor,2010,0.001425
220803,San Martin,Elias Soplin Vargas,2010,0.012245
010506,Amazonas,Inguilpata,2010,0.00063
220506,San Martin,Pinto Recodo,2010,0.000727
120303,Junin,Pichanaqui,2010,0.003433
010202,Amazonas,Aramango,2010,0.000546
010606,Amazonas,Longar,2010,0.001719
160101,Loreto,Iquitos,2010,0.031901
010507,Amazonas,Longuita,2010,0.000712
221001,San Martin,Tocache,2010,0.006536
010511,Amazonas,Maria,2010,0.00073
080901,Cusco,Santa Ana,2010,0.012422
120302,Junin,Perene,2010,0.004423
050409,Ayacucho,Canayre,2010,0.001172
221002,San Martin,Nuevo Progreso,2010,0.002123
200303,Piura,El Carmen De La Frontera,2010,0.000339
100609,Huanuco,Pueblo Nuevo,2010,0.000637
080903,Cusco,Huayopata,2010,0.001411
010604,Amazonas,Huambo,2010,0.003022
100505,Huanuco,Jircan,2010,0.0
010512,Amazonas,Ocalli,2010,0.00166
010101,Amazonas,Chachapoyas,2010,0.039007
060903,Cajamarca,Huarango,2010,0.000838
010116,Amazonas,Olleros,2010,0.0
010605,Amazonas,Limabamba,2010,0.00033
100804,Huanuco,Umari,2010,0.000191
220504,San Martin,Caynarachi,2010,0.001285
080905,Cusco,Ocobamba,2010,0.000478
010517,Amazonas,San Francisco Del Yeso,2010,0.000254
120609,Junin,Vizcatán Del Ene,2010,0.000276
060807,Cajamarca,Pomahuaca,2010,0.000972
010304,Amazonas,Corosha,2010,0.0
221005,San Martin,Uchiza,2010,0.004907
220807,San Martin,San Fernando,2010,0.002677
050512,Ayacucho,Union Progreso,2010,0.007224
060804,Cajamarca,Colasay,2010,0.00088
160503,Loreto,Capelo,2010,0.000478
220910,San Martin,Morales,2010,0.082188
120604,Junin,Mazamari,2010,0.002532
120603,Junin,Llaylla,2010,0.00106
010520,Amazonas,Santa Catalina,2010,0.000648
010603,Amazonas,Cochamal,2010,0.000457
120209,Junin,Mariscal Castilla,2010,0.003893
010601,Amazonas,San Nicolas,2010,0.010388
010519,Amazonas,San Juan De Lopecancha,2010,3.1e-05
160211,Loreto,Teniente Cesar Lopez Rojas,2010,0.000377
080408,Cusco,Yanatile,2010,0.000635
050408,Ayacucho,Llochegua,2010,0.002087
100507,Huanuco,Monzon,2010,0.001364
081304,Cusco,Machupicchu,2010,0.000716
220909,San Martin,La Banda De Shilcayo,2010,0.029237
220103,San Martin,Habana,2010,0.021178
100606,Huanuco,Mariano Damaso Beraun,2010,0.000968
010508,Amazonas,Lonya Chico,2010,0.004733
170102,Madre De Dios,Inambari,2010,0.00043
050502,Ayacucho,Anco,2010,0.001144
010523,Amazonas,Trita,2010,0.018256
010516,Amazonas,San Cristobal,2010,0.001902
080918,Cusco,Union Ashaninka,2010,0.001477
221006,San Martin,Santa Lucia,2010,0.005065
100702,Huanuco,Cholon,2010,0.000209
211205,Puno,Phara,2010,0.000132
170204,Madre De Dios,Huepetuhe,2010,0.000549
010302,Amazonas,Chisquilla,2010,0.0
050507,Ayacucho,Santa Rosa,2010,0.00332
220804,San Martin,Nueva Cajamarca,2010,0.028612
220809,San Martin,Yuracyacu,2010,0.014518
160603,Loreto,Padre Marquez,2010,0.000221
010522,Amazonas,Tingo,2010,0.003547
080906,Cusco,Quellouno,2010,0.000493
010301,Amazonas,Jumbilla,2010,0.001547
080917,Cusco,Manitea,2010,0.002037
250305,Ucayali,Alexander Von Humboldt,2011,0.005657
220509,San Martin,Shanao,2011,0.004415
250304,Ucayali,Neshuya,2011,0.003497
220501,San Martin,Lamas,2011,0.021784
220902,San Martin,Alberto Leveau,2011,0.002968
250102,Ucayali,Campoverde,2011,0.004295
220702,San Martin,Buenos Aires,2011,0.003372
220502,San Martin,Alonso De Alvarado,2011,0.003681
220404,San Martin,Piscoyacu,2011,0.004
220708,San Martin,Shamboyacu,2011,0.000755
220204,San Martin,Huallaga,2011,0.001478
220605,San Martin,Pajarillo,2011,0.002347
010703,Amazonas,Cumba,2011,0.001989
220704,San Martin,Pilluana,2011,0.009674
220104,San Martin,Jepelacio,2011,0.006192
220505,San Martin,Cuñumbuqui,2011,0.004732
220507,San Martin,Rumisapa,2011,0.018146
220913,San Martin,Sauce,2011,0.007177
010608,Amazonas,Milpuc,2011,0.000662
220405,San Martin,Sacanche,2011,0.002612
220709,San Martin,Tingo De Ponasa,2011,0.003777
220304,San Martin,Santa Rosa,2011,0.002662
100903,Huanuco,Honoria,2011,0.000502
220203,San Martin,Bajo Biavo,2011,0.002541
220710,San Martin,Tres Unidos,2011,0.00133
220510,San Martin,Tabalosos,2011,0.003611
100904,Huanuco,Tournavista,2011,0.000342
010701,Amazonas,Bagua Grande,2011,0.016502
220701,San Martin,Picota,2011,0.015986
220403,San Martin,El Eslabon,2011,0.003688
250105,Ucayali,Yarinacocha,2011,0.031244
220914,San Martin,Shapaja,2011,0.001842
010707,Amazonas,Yamon,2011,0.001209
010705,Amazonas,Jamalca,2011,0.001637
220205,San Martin,San Pablo,2011,0.005191
220705,San Martin,Pucacaca,2011,0.012433
220601,San Martin,Juanjui,2011,0.012078
100905,Huanuco,Yuyapichis,2011,0.000144
100608,Huanuco,Castillo Grande,2011,0.016693
220302,San Martin,Agua Blanca,2011,0.002106
250306,Ucayali,Huipoca,2011,0.00055
010611,Amazonas,Totora,2011,0.003337
010706,Amazonas,Lonya Grande,2011,0.000938
220706,San Martin,San Cristobal,2011,0.016557
010303,Amazonas,Churuja,2011,0.002236
220301,San Martin,San Jose De Sisa,2011,0.005675
010204,Amazonas,El Parco,2011,0.009303
010306,Amazonas,Florida,2011,0.003598
220303,San Martin,San Martin,2011,0.001212
220106,San Martin,Yantalo,2011,0.01146
220305,San Martin,Shatoja,2011,0.003968
010104,Amazonas,Cheto,2011,0.000797
160201,Loreto,Yurimaguas,2011,0.005049
060901,Cajamarca,San Ignacio,2011,0.005353
220511,San Martin,Zapatero,2011,0.003239
060811,Cajamarca,San Jose Del Alto,2011,0.000766
010206,Amazonas,La Peca,2011,0.003661
220401,San Martin,Saposoa,2011,0.002653
060902,Cajamarca,Chirinos,2011,0.003053
220908,San Martin,Juan Guerra,2011,0.006452
060904,Cajamarca,La Coipa,2011,0.002258
220808,San Martin,Yorongos,2011,0.006731
120607,Junin,Rio Negro,2011,0.002528
060812,Cajamarca,Santa Rosa,2011,0.001992
250106,Ucayali,Nueva Requena,2011,0.000427
220802,San Martin,Awajun,2011,0.002863
250302,Ucayali,Irazola,2011,0.000427
010109,Amazonas,La Jalca,2011,0.002472
220906,San Martin,El Porvenir,2011,0.001251
220707,San Martin,San Hilarion,2011,0.018598
220806,San Martin,Posic,2011,0.014293
220406,San Martin,Tingo De Saposoa,2011,0.004972
100901,Huanuco,Puerto Inca,2011,0.000414
010105,Amazonas,Chiliquin,2011,0.0
220105,San Martin,Soritor,2011,0.00834
220201,San Martin,Bellavista,2011,0.025922
060803,Cajamarca,Chontali,2011,0.000706
100605,Huanuco,Luyando,2011,0.009338
010307,Amazonas,Jazan,2011,0.008348
010502,Amazonas,Camporredondo,2011,0.003028
010515,Amazonas,Providencia,2011,0.000679
010102,Amazonas,Asuncion,2011,0.0
010510,Amazonas,Luya Viejo,2011,0.000893
100601,Huanuco,Rupa-Rupa,2011,0.015424
010514,Amazonas,Pisuquia,2011,0.000296
060810,Cajamarca,San Felipe,2011,0.002504
010305,Amazonas,Cuispes,2011,0.001457
060905,Cajamarca,Namballe,2011,0.000585
010119,Amazonas,San Isidro De Maino,2011,0.001202
060801,Cajamarca,Jaen,2011,0.021795
010513,Amazonas,Ocumal,2011,0.000757
220912,San Martin,San Antonio,2011,0.004494
220903,San Martin,Cacatachi,2011,0.039142
120602,Junin,Coviriali,2011,0.002741
120304,Junin,San Luis De Shuaro,2011,0.001282
120601,Junin,Satipo,2011,0.006213
010203,Amazonas,Copallin,2011,0.003912
010112,Amazonas,Magdalena,2011,0.001667
220102,San Martin,Calzada,2011,0.018226
060805,Cajamarca,Huabal,2011,0.002581
010610,Amazonas,Santa Rosa,2011,0.003604
220503,San Martin,Barranquita,2011,0.000544
220801,San Martin,Rioja,2011,0.045265
220703,San Martin,Caspisapa,2011,0.009575
080904,Cusco,Maranura,2011,0.002802
010117,Amazonas,Quinjalca,2011,0.000173
250303,Ucayali,Curimana,2011,0.000796
010308,Amazonas,Recta,2011,0.0
010115,Amazonas,Montevideo,2011,0.001026
010114,Amazonas,Molinopampa,2011,0.000504
010503,Amazonas,Cocabamba,2011,0.000195
060809,Cajamarca,Sallique,2011,0.001388
010120,Amazonas,Soloco,2011,0.000499
010521,Amazonas,Santo Tomas,2011,0.002755
100113,Huanuco,San Pablo De Pillao,2011,0.000103
010602,Amazonas,Chirimoto,2011,0.000416
100603,Huanuco,Hermilio Valdizan,2011,0.000102
010111,Amazonas,Levanto,2011,0.001354
010518,Amazonas,San Jeronimo,2011,0.000509
010609,Amazonas,Omia,2011,0.000272
100902,Huanuco,Codo Del Pozuzo,2011,0.0001
010113,Amazonas,Mariscal Castilla,2011,0.002422
220101,San Martin,Moyobamba,2011,0.004441
010310,Amazonas,Shipasbamba,2011,0.001519
100103,Huanuco,Chinchao,2011,0.000481
010311,Amazonas,Valera,2011,0.001163
060907,Cajamarca,Tabaconas,2011,0.000672
160112,Loreto,Belen,2011,0.005264
200307,Piura,Sondor,2011,0.001458
220803,San Martin,Elias Soplin Vargas,2011,0.0136
010506,Amazonas,Inguilpata,2011,0.000675
220506,San Martin,Pinto Recodo,2011,0.000748
120303,Junin,Pichanaqui,2011,0.003539
010202,Amazonas,Aramango,2011,0.000548
010606,Amazonas,Longar,2011,0.001719
160101,Loreto,Iquitos,2011,0.032052
010507,Amazonas,Longuita,2011,0.000757
221001,San Martin,Tocache,2011,0.006691
010511,Amazonas,Maria,2011,0.00074
080901,Cusco,Santa Ana,2011,0.012598
120302,Junin,Perene,2011,0.004487
050409,Ayacucho,Canayre,2011,0.001266
221002,San Martin,Nuevo Progreso,2011,0.002253
200303,Piura,El Carmen De La Frontera,2011,0.00034
100609,Huanuco,Pueblo Nuevo,2011,0.000662
080903,Cusco,Huayopata,2011,0.00143
010604,Amazonas,Huambo,2011,0.003022
100505,Huanuco,Jircan,2011,2.2e-05
010512,Amazonas,Ocalli,2011,0.001924
010101,Amazonas,Chachapoyas,2011,0.039947
060903,Cajamarca,Huarango,2011,0.000849
010116,Amazonas,Olleros,2011,0.0
010605,Amazonas,Limabamba,2011,0.000332
100804,Huanuco,Umari,2011,0.00023
220504,San Martin,Caynarachi,2011,0.001304
080905,Cusco,Ocobamba,2011,0.000476
010517,Amazonas,San Francisco Del Yeso,2011,0.000264
120609,Junin,Vizcatán Del Ene,2011,0.000344
060807,Cajamarca,Pomahuaca,2011,0.000973
010304,Amazonas,Corosha,2011,0.0
221005,San Martin,Uchiza,2011,0.005051
220807,San Martin,San Fernando,2011,0.002484
050512,Ayacucho,Union Progreso,2011,0.007647
060804,Cajamarca,Colasay,2011,0.0009
160503,Loreto,Capelo,2011,0.000477
220910,San Martin,Morales,2011,0.082276
120604,Junin,Mazamari,2011,0.002616
120603,Junin,Llaylla,2011,0.001086
010520,Amazonas,Santa Catalina,2011,0.000794
010603,Amazonas,Cochamal,2011,0.000477
120209,Junin,Mariscal Castilla,2011,0.003799
010601,Amazonas,San Nicolas,2011,0.01064
010519,Amazonas,San Juan De Lopecancha,2011,3.1e-05
160211,Loreto,Teniente Cesar Lopez Rojas,2011,0.000422
080408,Cusco,Yanatile,2011,0.000638
050408,Ayacucho,Llochegua,2011,0.002086
100507,Huanuco,Monzon,2011,0.001379
081304,Cusco,Machupicchu,2011,0.000687
220909,San Martin,La Banda De Shilcayo,2011,0.029884
220103,San Martin,Habana,2011,0.021385
100606,Huanuco,Mariano Damaso Beraun,2011,0.000996
010508,Amazonas,Lonya Chico,2011,0.004912
170102,Madre De Dios,Inambari,2011,0.000485
050502,Ayacucho,Anco,2011,0.001197
010523,Amazonas,Trita,2011,0.018256
010516,Amazonas,San Cristobal,2011,0.001977
080918,Cusco,Union Ashaninka,2011,0.001491
221006,San Martin,Santa Lucia,2011,0.005072
100702,Huanuco,Cholon,2011,0.000229
211205,Puno,Phara,2011,0.000145
170204,Madre De Dios,Huepetuhe,2011,0.000629
010302,Amazonas,Chisquilla,2011,0.0
050507,Ayacucho,Santa Rosa,2011,0.003535
220804,San Martin,Nueva Cajamarca,2011,0.030553
220809,San Martin,Yuracyacu,2011,0.014776
160603,Loreto,Padre Marquez,2011,0.000219
010522,Amazonas,Tingo,2011,0.003661
080906,Cusco,Quellouno,2011,0.000506
010301,Amazonas,Jumbilla,2011,0.001581
080917,Cusco,Manitea,2011,0.002214
250305,Ucayali,Alexander Von Humboldt,2012,0.005872
220509,San Martin,Shanao,2012,0.004379
250304,Ucayali,Neshuya,2012,0.003663
220501,San Martin,Lamas,2012,0.021797
220902,San Martin,Alberto Leveau,2012,0.002899
250102,Ucayali,Campoverde,2012,0.004459
220702,San Martin,Buenos Aires,2012,0.003478
220502,San Martin,Alonso De Alvarado,2012,0.00372
220404,San Martin,Piscoyacu,2012,0.00402
220708,San Martin,Shamboyacu,2012,0.000755
220204,San Martin,Huallaga,2012,0.001533
220605,San Martin,Pajarillo,2012,0.002614
010703,Amazonas,Cumba,2012,0.002019
220704,San Martin,Pilluana,2012,0.009506
220104,San Martin,Jepelacio,2012,0.006295
220505,San Martin,Cuñumbuqui,2012,0.004664
220507,San Martin,Rumisapa,2012,0.018013
220913,San Martin,Sauce,2012,0.008199
010608,Amazonas,Milpuc,2012,0.000662
220405,San Martin,Sacanche,2012,0.00265
220709,San Martin,Tingo De Ponasa,2012,0.003758
220304,San Martin,Santa Rosa,2012,0.002722
100903,Huanuco,Honoria,2012,0.000523
220203,San Martin,Bajo Biavo,2012,0.00256
220710,San Martin,Tres Unidos,2012,0.001363
220510,San Martin,Tabalosos,2012,0.003582
100904,Huanuco,Tournavista,2012,0.000356
010701,Amazonas,Bagua Grande,2012,0.016808
220701,San Martin,Picota,2012,0.016141
220403,San Martin,El Eslabon,2012,0.003717
250105,Ucayali,Yarinacocha,2012,0.032367
220914,San Martin,Shapaja,2012,0.001868
010707,Amazonas,Yamon,2012,0.001275
010705,Amazonas,Jamalca,2012,0.001632
220205,San Martin,San Pablo,2012,0.005212
220705,San Martin,Pucacaca,2012,0.012559
220601,San Martin,Juanjui,2012,0.012474
100905,Huanuco,Yuyapichis,2012,0.000173
100608,Huanuco,Castillo Grande,2012,0.016989
220302,San Martin,Agua Blanca,2012,0.002129
250306,Ucayali,Huipoca,2012,0.000583
010611,Amazonas,Totora,2012,0.003337
010706,Amazonas,Lonya Grande,2012,0.000938
220706,San Martin,San Cristobal,2012,0.016262
010303,Amazonas,Churuja,2012,0.002264
220301,San Martin,San Jose De Sisa,2012,0.005776
010204,Amazonas,El Parco,2012,0.009401
010306,Amazonas,Florida,2012,0.003678
220303,San Martin,San Martin,2012,0.001292
220106,San Martin,Yantalo,2012,0.011472
220305,San Martin,Shatoja,2012,0.004125
010104,Amazonas,Cheto,2012,0.000835
160201,Loreto,Yurimaguas,2012,0.005268
060901,Cajamarca,San Ignacio,2012,0.005626
220511,San Martin,Zapatero,2012,0.003249
060811,Cajamarca,San Jose Del Alto,2012,0.000803
010206,Amazonas,La Peca,2012,0.003732
220401,San Martin,Saposoa,2012,0.002778
060902,Cajamarca,Chirinos,2012,0.003115
220908,San Martin,Juan Guerra,2012,0.006507
060904,Cajamarca,La Coipa,2012,0.002383
220808,San Martin,Yorongos,2012,0.006774
120607,Junin,Rio Negro,2012,0.002645
060812,Cajamarca,Santa Rosa,2012,0.002049
250106,Ucayali,Nueva Requena,2012,0.000431
220802,San Martin,Awajun,2012,0.003069
250302,Ucayali,Irazola,2012,0.000424
010109,Amazonas,La Jalca,2012,0.002472
220906,San Martin,El Porvenir,2012,0.00128
220707,San Martin,San Hilarion,2012,0.018744
220806,San Martin,Posic,2012,0.014868
220406,San Martin,Tingo De Saposoa,2012,0.004764
100901,Huanuco,Puerto Inca,2012,0.000499
010105,Amazonas,Chiliquin,2012,0.0
220105,San Martin,Soritor,2012,0.008543
220201,San Martin,Bellavista,2012,0.02587
060803,Cajamarca,Chontali,2012,0.000751
100605,Huanuco,Luyando,2012,0.009702
010307,Amazonas,Jazan,2012,0.008454
010502,Amazonas,Camporredondo,2012,0.003182
010515,Amazonas,Providencia,2012,0.000679
010102,Amazonas,Asuncion,2012,0.0
010510,Amazonas,Luya Viejo,2012,0.000919
100601,Huanuco,Rupa-Rupa,2012,0.016355
010514,Amazonas,Pisuquia,2012,0.000296
060810,Cajamarca,San Felipe,2012,0.002515
010305,Amazonas,Cuispes,2012,0.001586
060905,Cajamarca,Namballe,2012,0.000597
010119,Amazonas,San Isidro De Maino,2012,0.001202
060801,Cajamarca,Jaen,2012,0.02231
010513,Amazonas,Ocumal,2012,0.000777
220912,San Martin,San Antonio,2012,0.004517
220903,San Martin,Cacatachi,2012,0.039548
120602,Junin,Coviriali,2012,0.002848
120304,Junin,San Luis De Shuaro,2012,0.001278
120601,Junin,Satipo,2012,0.006406
010203,Amazonas,Copallin,2012,0.004011
010112,Amazonas,Magdalena,2012,0.001667
220102,San Martin,Calzada,2012,0.018671
060805,Cajamarca,Huabal,2012,0.002602
010610,Amazonas,Santa Rosa,2012,0.00356
220503,San Martin,Barranquita,2012,0.000552
220801,San Martin,Rioja,2012,0.048644
220703,San Martin,Caspisapa,2012,0.009586
080904,Cusco,Maranura,2012,0.002881
010117,Amazonas,Quinjalca,2012,0.000183
250303,Ucayali,Curimana,2012,0.000845
010308,Amazonas,Recta,2012,0.0
010115,Amazonas,Montevideo,2012,0.001026
010114,Amazonas,Molinopampa,2012,0.00051
010503,Amazonas,Cocabamba,2012,0.000219
060809,Cajamarca,Sallique,2012,0.001393
010120,Amazonas,Soloco,2012,0.000547
010521,Amazonas,Santo Tomas,2012,0.002824
100113,Huanuco,San Pablo De Pillao,2012,0.000427
010602,Amazonas,Chirimoto,2012,0.000422
100603,Huanuco,Hermilio Valdizan,2012,0.000108
010111,Amazonas,Levanto,2012,0.001366
010518,Amazonas,San Jeronimo,2012,0.000539
010609,Amazonas,Omia,2012,0.000268
100902,Huanuco,Codo Del Pozuzo,2012,0.000103
010113,Amazonas,Mariscal Castilla,2012,0.002467
220101,San Martin,Moyobamba,2012,0.004707
010310,Amazonas,Shipasbamba,2012,0.001554
100103,Huanuco,Chinchao,2012,0.000481
010311,Amazonas,Valera,2012,0.001185
060907,Cajamarca,Tabaconas,2012,0.000775
160112,Loreto,Belen,2012,0.005248
200307,Piura,Sondor,2012,0.001487
220803,San Martin,Elias Soplin Vargas,2012,0.014414
010506,Amazonas,Inguilpata,2012,0.000675
220506,San Martin,Pinto Recodo,2012,0.000785
120303,Junin,Pichanaqui,2012,0.003571
010202,Amazonas,Aramango,2012,0.000551
010606,Amazonas,Longar,2012,0.001752
160101,Loreto,Iquitos,2012,0.032069
010507,Amazonas,Longuita,2012,0.000757
221001,San Martin,Tocache,2012,0.006863
010511,Amazonas,Maria,2012,0.00074
080901,Cusco,Santa Ana,2012,0.012771
120302,Junin,Perene,2012,0.004619
050409,Ayacucho,Canayre,2012,0.001399
221002,San Martin,Nuevo Progreso,2012,0.002513
200303,Piura,El Carmen De La Frontera,2012,0.000353
100609,Huanuco,Pueblo Nuevo,2012,0.000689
080903,Cusco,Huayopata,2012,0.001455
010604,Amazonas,Huambo,2012,0.003034
100505,Huanuco,Jircan,2012,2.2e-05
010512,Amazonas,Ocalli,2012,0.001924
010101,Amazonas,Chachapoyas,2012,0.041486
060903,Cajamarca,Huarango,2012,0.000892
010116,Amazonas,Olleros,2012,0.0
010605,Amazonas,Limabamba,2012,0.000337
100804,Huanuco,Umari,2012,0.000269
220504,San Martin,Caynarachi,2012,0.00138
080905,Cusco,Ocobamba,2012,0.000472
010517,Amazonas,San Francisco Del Yeso,2012,0.000264
120609,Junin,Vizcatán Del Ene,2012,0.000424
060807,Cajamarca,Pomahuaca,2012,0.000965
010304,Amazonas,Corosha,2012,0.0
221005,San Martin,Uchiza,2012,0.005348
220807,San Martin,San Fernando,2012,0.00269
050512,Ayacucho,Union Progreso,2012,0.00787
060804,Cajamarca,Colasay,2012,0.00091
160503,Loreto,Capelo,2012,0.000478
220910,San Martin,Morales,2012,0.084449
120604,Junin,Mazamari,2012,0.002699
120603,Junin,Llaylla,2012,0.001111
010520,Amazonas,Santa Catalina,2012,0.000815
010603,Amazonas,Cochamal,2012,0.000492
120209,Junin,Mariscal Castilla,2012,0.003799
010601,Amazonas,San Nicolas,2012,0.010736
010519,Amazonas,San Juan De Lopecancha,2012,3.1e-05
160211,Loreto,Teniente Cesar Lopez Rojas,2012,0.000456
080408,Cusco,Yanatile,2012,0.000634
050408,Ayacucho,Llochegua,2012,0.002174
100507,Huanuco,Monzon,2012,0.001396
081304,Cusco,Machupicchu,2012,0.000723
220909,San Martin,La Banda De Shilcayo,2012,0.0303
220103,San Martin,Habana,2012,0.021501
100606,Huanuco,Mariano Damaso Beraun,2012,0.001025
010508,Amazonas,Lonya Chico,2012,0.00495
170102,Madre De Dios,Inambari,2012,0.000546
050502,Ayacucho,Anco,2012,0.001216
010523,Amazonas,Trita,2012,0.01851
010516,Amazonas,San Cristobal,2012,0.002127
080918,Cusco,Union Ashaninka,2012,0.001599
221006,San Martin,Santa Lucia,2012,0.00521
100702,Huanuco,Cholon,2012,0.000302
211205,Puno,Phara,2012,0.000157
170204,Madre De Dios,Huepetuhe,2012,0.000676
010302,Amazonas,Chisquilla,2012,0.0
050507,Ayacucho,Santa Rosa,2012,0.003607
220804,San Martin,Nueva Cajamarca,2012,0.032087
220809,San Martin,Yuracyacu,2012,0.015349
160603,Loreto,Padre Marquez,2012,0.000221
010522,Amazonas,Tingo,2012,0.00371
080906,Cusco,Quellouno,2012,0.000528
010301,Amazonas,Jumbilla,2012,0.001632
080917,Cusco,Manitea,2012,0.002422
250305,Ucayali,Alexander Von Humboldt,2013,0.005932
220509,San Martin,Shanao,2013,0.004817
250304,Ucayali,Neshuya,2013,0.003764
220501,San Martin,Lamas,2013,0.02166
220902,San Martin,Alberto Leveau,2013,0.002831
250102,Ucayali,Campoverde,2013,0.004592
220702,San Martin,Buenos Aires,2013,0.003492
220502,San Martin,Alonso De Alvarado,2013,0.003837
220404,San Martin,Piscoyacu,2013,0.004015
220708,San Martin,Shamboyacu,2013,0.0008
220204,San Martin,Huallaga,2013,0.001616
220605,San Martin,Pajarillo,2013,0.002882
010703,Amazonas,Cumba,2013,0.002048
220704,San Martin,Pilluana,2013,0.009648
220104,San Martin,Jepelacio,2013,0.006373
220505,San Martin,Cuñumbuqui,2013,0.004659
220507,San Martin,Rumisapa,2013,0.018627
220913,San Martin,Sauce,2013,0.008507
010608,Amazonas,Milpuc,2013,0.000683
220405,San Martin,Sacanche,2013,0.002661
220709,San Martin,Tingo De Ponasa,2013,0.00383
220304,San Martin,Santa Rosa,2013,0.00274
100903,Huanuco,Honoria,2013,0.000577
220203,San Martin,Bajo Biavo,2013,0.002653
220710,San Martin,Tres Unidos,2013,0.001402
220510,San Martin,Tabalosos,2013,0.00367
100904,Huanuco,Tournavista,2013,0.000373
010701,Amazonas,Bagua Grande,2013,0.016996
220701,San Martin,Picota,2013,0.016435
220403,San Martin,El Eslabon,2013,0.00371
250105,Ucayali,Yarinacocha,2013,0.033207
220914,San Martin,Shapaja,2013,0.001943
010707,Amazonas,Yamon,2013,0.001315
010705,Amazonas,Jamalca,2013,0.001655
220205,San Martin,San Pablo,2013,0.005184
220705,San Martin,Pucacaca,2013,0.012844
220601,San Martin,Juanjui,2013,0.012841
100905,Huanuco,Yuyapichis,2013,0.000198
100608,Huanuco,Castillo Grande,2013,0.017877
220302,San Martin,Agua Blanca,2013,0.002239
250306,Ucayali,Huipoca,2013,0.000629
010611,Amazonas,Totora,2013,0.003337
010706,Amazonas,Lonya Grande,2013,0.000947
220706,San Martin,San Cristobal,2013,0.016734
010303,Amazonas,Churuja,2013,0.00232
220301,San Martin,San Jose De Sisa,2013,0.005741
010204,Amazonas,El Parco,2013,0.009597
010306,Amazonas,Florida,2013,0.003882
220303,San Martin,San Martin,2013,0.001377
220106,San Martin,Yantalo,2013,0.011881
220305,San Martin,Shatoja,2013,0.004326
010104,Amazonas,Cheto,2013,0.000847
160201,Loreto,Yurimaguas,2013,0.005409
060901,Cajamarca,San Ignacio,2013,0.006001
220511,San Martin,Zapatero,2013,0.003259
060811,Cajamarca,San Jose Del Alto,2013,0.000881
010206,Amazonas,La Peca,2013,0.003829
220401,San Martin,Saposoa,2013,0.002903
060902,Cajamarca,Chirinos,2013,0.003213
220908,San Martin,Juan Guerra,2013,0.006526
060904,Cajamarca,La Coipa,2013,0.002502
220808,San Martin,Yorongos,2013,0.006818
120607,Junin,Rio Negro,2013,0.002821
060812,Cajamarca,Santa Rosa,2013,0.002061
250106,Ucayali,Nueva Requena,2013,0.000444
220802,San Martin,Awajun,2013,0.003339
250302,Ucayali,Irazola,2013,0.000482
010109,Amazonas,La Jalca,2013,0.002501
220906,San Martin,El Porvenir,2013,0.001331
220707,San Martin,San Hilarion,2013,0.018914
220806,San Martin,Posic,2013,0.015764
220406,San Martin,Tingo De Saposoa,2013,0.00518
100901,Huanuco,Puerto Inca,2013,0.000624
010105,Amazonas,Chiliquin,2013,0.0
220105,San Martin,Soritor,2013,0.008654
220201,San Martin,Bellavista,2013,0.026
060803,Cajamarca,Chontali,2013,0.000795
100605,Huanuco,Luyando,2013,0.010811
010307,Amazonas,Jazan,2013,0.008524
010502,Amazonas,Camporredondo,2013,0.003398
010515,Amazonas,Providencia,2013,0.000687
010102,Amazonas,Asuncion,2013,0.0
010510,Amazonas,Luya Viejo,2013,0.000958
100601,Huanuco,Rupa-Rupa,2013,0.017249
010514,Amazonas,Pisuquia,2013,0.000318
060810,Cajamarca,San Felipe,2013,0.002494
010305,Amazonas,Cuispes,2013,0.001716
060905,Cajamarca,Namballe,2013,0.000666
010119,Amazonas,San Isidro De Maino,2013,0.001202
060801,Cajamarca,Jaen,2013,0.022691
010513,Amazonas,Ocumal,2013,0.000784
220912,San Martin,San Antonio,2013,0.004449
220903,San Martin,Cacatachi,2013,0.041902
120602,Junin,Coviriali,2013,0.002974
120304,Junin,San Luis De Shuaro,2013,0.001246
120601,Junin,Satipo,2013,0.006527
010203,Amazonas,Copallin,2013,0.004047
010112,Amazonas,Magdalena,2013,0.001674
220102,San Martin,Calzada,2013,0.018717
060805,Cajamarca,Huabal,2013,0.002633
010610,Amazonas,Santa Rosa,2013,0.003472
220503,San Martin,Barranquita,2013,0.000566
220801,San Martin,Rioja,2013,0.050452
220703,San Martin,Caspisapa,2013,0.009516
080904,Cusco,Maranura,2013,0.002998
010117,Amazonas,Quinjalca,2013,0.000205
250303,Ucayali,Curimana,2013,0.000877
010308,Amazonas,Recta,2013,0.0
010115,Amazonas,Montevideo,2013,0.001062
010114,Amazonas,Molinopampa,2013,0.000523
010503,Amazonas,Cocabamba,2013,0.00024
060809,Cajamarca,Sallique,2013,0.001415
010120,Amazonas,Soloco,2013,0.000583
010521,Amazonas,Santo Tomas,2013,0.002844
100113,Huanuco,San Pablo De Pillao,2013,0.000427
010602,Amazonas,Chirimoto,2013,0.000428
100603,Huanuco,Hermilio Valdizan,2013,0.000151
010111,Amazonas,Levanto,2013,0.001402
010518,Amazonas,San Jeronimo,2013,0.000543
010609,Amazonas,Omia,2013,0.000296
100902,Huanuco,Codo Del Pozuzo,2013,0.000141
010113,Amazonas,Mariscal Castilla,2013,0.00249
220101,San Martin,Moyobamba,2013,0.004877
010310,Amazonas,Shipasbamba,2013,0.001611
100103,Huanuco,Chinchao,2013,0.000498
010311,Amazonas,Valera,2013,0.001197
060907,Cajamarca,Tabaconas,2013,0.000876
160112,Loreto,Belen,2013,0.005251
200307,Piura,Sondor,2013,0.001534
220803,San Martin,Elias Soplin Vargas,2013,0.015138
010506,Amazonas,Inguilpata,2013,0.000713
220506,San Martin,Pinto Recodo,2013,0.000872
120303,Junin,Pichanaqui,2013,0.003753
010202,Amazonas,Aramango,2013,0.000579
010606,Amazonas,Longar,2013,0.001946
160101,Loreto,Iquitos,2013,0.032142
010507,Amazonas,Longuita,2013,0.000757
221001,San Martin,Tocache,2013,0.007129
010511,Amazonas,Maria,2013,0.00074
080901,Cusco,Santa Ana,2013,0.013141
120302,Junin,Perene,2013,0.004791
050409,Ayacucho,Canayre,2013,0.001448
221002,San Martin,Nuevo Progreso,2013,0.002616
200303,Piura,El Carmen De La Frontera,2013,0.000363
100609,Huanuco,Pueblo Nuevo,2013,0.000824
080903,Cusco,Huayopata,2013,0.001476
010604,Amazonas,Huambo,2013,0.003079
100505,Huanuco,Jircan,2013,7.8e-05
010512,Amazonas,Ocalli,2013,0.001996
010101,Amazonas,Chachapoyas,2013,0.043523
060903,Cajamarca,Huarango,2013,0.000941
010116,Amazonas,Olleros,2013,0.0
010605,Amazonas,Limabamba,2013,0.000363
100804,Huanuco,Umari,2013,0.000292
220504,San Martin,Caynarachi,2013,0.001429
080905,Cusco,Ocobamba,2013,0.000479
010517,Amazonas,San Francisco Del Yeso,2013,0.000283
120609,Junin,Vizcatán Del Ene,2013,0.000466
060807,Cajamarca,Pomahuaca,2013,0.001008
010304,Amazonas,Corosha,2013,0.0
221005,San Martin,Uchiza,2013,0.005467
220807,San Martin,San Fernando,2013,0.002703
050512,Ayacucho,Union Progreso,2013,0.008383
060804,Cajamarca,Colasay,2013,0.000993
160503,Loreto,Capelo,2013,0.000469
220910,San Martin,Morales,2013,0.085343
120604,Junin,Mazamari,2013,0.002765
120603,Junin,Llaylla,2013,0.001137
010520,Amazonas,Santa Catalina,2013,0.000886
010603,Amazonas,Cochamal,2013,0.000541
120209,Junin,Mariscal Castilla,2013,0.00383
010601,Amazonas,San Nicolas,2013,0.010892
010519,Amazonas,San Juan De Lopecancha,2013,4.1e-05
160211,Loreto,Teniente Cesar Lopez Rojas,2013,0.000472
080408,Cusco,Yanatile,2013,0.000639
050408,Ayacucho,Llochegua,2013,0.002247
100507,Huanuco,Monzon,2013,0.001419
081304,Cusco,Machupicchu,2013,0.00076
220909,San Martin,La Banda De Shilcayo,2013,0.03074
220103,San Martin,Habana,2013,0.021721
100606,Huanuco,Mariano Damaso Beraun,2013,0.001091
010508,Amazonas,Lonya Chico,2013,0.005065
170102,Madre De Dios,Inambari,2013,0.000574
050502,Ayacucho,Anco,2013,0.001264
010523,Amazonas,Trita,2013,0.018574
010516,Amazonas,San Cristobal,2013,0.002327
080918,Cusco,Union Ashaninka,2013,0.001815
221006,San Martin,Santa Lucia,2013,0.005263
100702,Huanuco,Cholon,2013,0.000362
211205,Puno,Phara,2013,0.000157
170204,Madre De Dios,Huepetuhe,2013,0.000696
010302,Amazonas,Chisquilla,2013,0.0
050507,Ayacucho,Santa Rosa,2013,0.003687
220804,San Martin,Nueva Cajamarca,2013,0.032917
220809,San Martin,Yuracyacu,2013,0.015965
160603,Loreto,Padre Marquez,2013,0.000224
010522,Amazonas,Tingo,2013,0.003718
080906,Cusco,Quellouno,2013,0.000536
010301,Amazonas,Jumbilla,2013,0.001693
080917,Cusco,Manitea,2013,0.002477
250305,Ucayali,Alexander Von Humboldt,2014,0.006044
220509,San Martin,Shanao,2014,0.004744
250304,Ucayali,Neshuya,2014,0.004029
220501,San Martin,Lamas,2014,0.021894
220902,San Martin,Alberto Leveau,2014,0.002848
250102,Ucayali,Campoverde,2014,0.00482
220702,San Martin,Buenos Aires,2014,0.003518
220502,San Martin,Alonso De Alvarado,2014,0.00393
220404,San Martin,Piscoyacu,2014,0.00402
220708,San Martin,Shamboyacu,2014,0.000805
220204,San Martin,Huallaga,2014,0.001647
220605,San Martin,Pajarillo,2014,0.003026
010703,Amazonas,Cumba,2014,0.002134
220704,San Martin,Pilluana,2014,0.009856
220104,San Martin,Jepelacio,2014,0.006431
220505,San Martin,Cuñumbuqui,2014,0.004635
220507,San Martin,Rumisapa,2014,0.019483
220913,San Martin,Sauce,2014,0.008736
010608,Amazonas,Milpuc,2014,0.000683
220405,San Martin,Sacanche,2014,0.00276
220709,San Martin,Tingo De Ponasa,2014,0.003872
220304,San Martin,Santa Rosa,2014,0.002794
100903,Huanuco,Honoria,2014,0.000698
220203,San Martin,Bajo Biavo,2014,0.002654
220710,San Martin,Tres Unidos,2014,0.001447
220510,San Martin,Tabalosos,2014,0.003675
100904,Huanuco,Tournavista,2014,0.000388
010701,Amazonas,Bagua Grande,2014,0.017273
220701,San Martin,Picota,2014,0.016672
220403,San Martin,El Eslabon,2014,0.003724
250105,Ucayali,Yarinacocha,2014,0.03376
220914,San Martin,Shapaja,2014,0.001961
010707,Amazonas,Yamon,2014,0.001334
010705,Amazonas,Jamalca,2014,0.00165
220205,San Martin,San Pablo,2014,0.005212
220705,San Martin,Pucacaca,2014,0.013032
220601,San Martin,Juanjui,2014,0.01316
100905,Huanuco,Yuyapichis,2014,0.00023
100608,Huanuco,Castillo Grande,2014,0.018952
220302,San Martin,Agua Blanca,2014,0.002332
250306,Ucayali,Huipoca,2014,0.000671
010611,Amazonas,Totora,2014,0.003383
010706,Amazonas,Lonya Grande,2014,0.000972
220706,San Martin,San Cristobal,2014,0.016793
010303,Amazonas,Churuja,2014,0.002488
220301,San Martin,San Jose De Sisa,2014,0.005802
010204,Amazonas,El Parco,2014,0.009792
010306,Amazonas,Florida,2014,0.004034
220303,San Martin,San Martin,2014,0.001429
220106,San Martin,Yantalo,2014,0.012149
220305,San Martin,Shatoja,2014,0.004469
010104,Amazonas,Cheto,2014,0.000873
160201,Loreto,Yurimaguas,2014,0.005573
060901,Cajamarca,San Ignacio,2014,0.006141
220511,San Martin,Zapatero,2014,0.003259
060811,Cajamarca,San Jose Del Alto,2014,0.000895
010206,Amazonas,La Peca,2014,0.004183
220401,San Martin,Saposoa,2014,0.002958
060902,Cajamarca,Chirinos,2014,0.003238
220908,San Martin,Juan Guerra,2014,0.006651
060904,Cajamarca,La Coipa,2014,0.002524
220808,San Martin,Yorongos,2014,0.006796
120607,Junin,Rio Negro,2014,0.002889
060812,Cajamarca,Santa Rosa,2014,0.002078
250106,Ucayali,Nueva Requena,2014,0.000467
220802,San Martin,Awajun,2014,0.003446
250302,Ucayali,Irazola,2014,0.000517
010109,Amazonas,La Jalca,2014,0.002529
220906,San Martin,El Porvenir,2014,0.001353
220707,San Martin,San Hilarion,2014,0.019
220806,San Martin,Posic,2014,0.016289
220406,San Martin,Tingo De Saposoa,2014,0.005237
100901,Huanuco,Puerto Inca,2014,0.000723
010105,Amazonas,Chiliquin,2014,0.0
220105,San Martin,Soritor,2014,0.008688
220201,San Martin,Bellavista,2014,0.026086
060803,Cajamarca,Chontali,2014,0.000812
100605,Huanuco,Luyando,2014,0.012126
010307,Amazonas,Jazan,2014,0.008665
010502,Amazonas,Camporredondo,2014,0.00341
010515,Amazonas,Providencia,2014,0.000695
010102,Amazonas,Asuncion,2014,0.0
010510,Amazonas,Luya Viejo,2014,0.000958
100601,Huanuco,Rupa-Rupa,2014,0.017998
010514,Amazonas,Pisuquia,2014,0.000327
060810,Cajamarca,San Felipe,2014,0.002459
010305,Amazonas,Cuispes,2014,0.001734
060905,Cajamarca,Namballe,2014,0.00066
010119,Amazonas,San Isidro De Maino,2014,0.001211
060801,Cajamarca,Jaen,2014,0.023171
010513,Amazonas,Ocumal,2014,0.000818
220912,San Martin,San Antonio,2014,0.004381
220903,San Martin,Cacatachi,2014,0.04341
120602,Junin,Coviriali,2014,0.003109
120304,Junin,San Luis De Shuaro,2014,0.001333
120601,Junin,Satipo,2014,0.006689
010203,Amazonas,Copallin,2014,0.004146
010112,Amazonas,Magdalena,2014,0.0017
220102,San Martin,Calzada,2014,0.018894
060805,Cajamarca,Huabal,2014,0.002633
010610,Amazonas,Santa Rosa,2014,0.00356
220503,San Martin,Barranquita,2014,0.000584
220801,San Martin,Rioja,2014,0.051269
220703,San Martin,Caspisapa,2014,0.009423
080904,Cusco,Maranura,2014,0.002993
010117,Amazonas,Quinjalca,2014,0.000205
250303,Ucayali,Curimana,2014,0.00095
010308,Amazonas,Recta,2014,0.0
010115,Amazonas,Montevideo,2014,0.001069
010114,Amazonas,Molinopampa,2014,0.000546
010503,Amazonas,Cocabamba,2014,0.000247
060809,Cajamarca,Sallique,2014,0.00143
010120,Amazonas,Soloco,2014,0.000583
010521,Amazonas,Santo Tomas,2014,0.002854
100113,Huanuco,San Pablo De Pillao,2014,0.000449
010602,Amazonas,Chirimoto,2014,0.000445
100603,Huanuco,Hermilio Valdizan,2014,0.000164
010111,Amazonas,Levanto,2014,0.001414
010518,Amazonas,San Jeronimo,2014,0.000548
010609,Amazonas,Omia,2014,0.000332
100902,Huanuco,Codo Del Pozuzo,2014,0.000177
010113,Amazonas,Mariscal Castilla,2014,0.002501
220101,San Martin,Moyobamba,2014,0.00498
010310,Amazonas,Shipasbamba,2014,0.001653
100103,Huanuco,Chinchao,2014,0.000512
010311,Amazonas,Valera,2014,0.001231
060907,Cajamarca,Tabaconas,2014,0.000914
160112,Loreto,Belen,2014,0.005251
200307,Piura,Sondor,2014,0.001552
220803,San Martin,Elias Soplin Vargas,2014,0.015611
010506,Amazonas,Inguilpata,2014,0.000743
220506,San Martin,Pinto Recodo,2014,0.000891
120303,Junin,Pichanaqui,2014,0.003905
010202,Amazonas,Aramango,2014,0.000585
010606,Amazonas,Longar,2014,0.002152
160101,Loreto,Iquitos,2014,0.032173
010507,Amazonas,Longuita,2014,0.000773
221001,San Martin,Tocache,2014,0.007275
010511,Amazonas,Maria,2014,0.00075
080901,Cusco,Santa Ana,2014,0.013359
120302,Junin,Perene,2014,0.005015
050409,Ayacucho,Canayre,2014,0.001662
221002,San Martin,Nuevo Progreso,2014,0.002681
200303,Piura,El Carmen De La Frontera,2014,0.000374
100609,Huanuco,Pueblo Nuevo,2014,0.000891
080903,Cusco,Huayopata,2014,0.001503
010604,Amazonas,Huambo,2014,0.003068
100505,Huanuco,Jircan,2014,8.1e-05
010512,Amazonas,Ocalli,2014,0.002048
010101,Amazonas,Chachapoyas,2014,0.044341
060903,Cajamarca,Huarango,2014,0.000955
010116,Amazonas,Olleros,2014,0.0
010605,Amazonas,Limabamba,2014,0.000392
100804,Huanuco,Umari,2014,0.00037
220504,San Martin,Caynarachi,2014,0.001486
080905,Cusco,Ocobamba,2014,0.000496
010517,Amazonas,San Francisco Del Yeso,2014,0.000288
120609,Junin,Vizcatán Del Ene,2014,0.00059
060807,Cajamarca,Pomahuaca,2014,0.000935
010304,Amazonas,Corosha,2014,0.0
221005,San Martin,Uchiza,2014,0.005521
220807,San Martin,San Fernando,2014,0.002574
050512,Ayacucho,Union Progreso,2014,0.009498
060804,Cajamarca,Colasay,2014,0.001028
160503,Loreto,Capelo,2014,0.000472
220910,San Martin,Morales,2014,0.087709
120604,Junin,Mazamari,2014,0.00286
120603,Junin,Llaylla,2014,0.001134
010520,Amazonas,Santa Catalina,2014,0.000929
010603,Amazonas,Cochamal,2014,0.000585
120209,Junin,Mariscal Castilla,2014,0.003908
010601,Amazonas,San Nicolas,2014,0.011136
010519,Amazonas,San Juan De Lopecancha,2014,4.1e-05
160211,Loreto,Teniente Cesar Lopez Rojas,2014,0.000468
080408,Cusco,Yanatile,2014,0.000642
050408,Ayacucho,Llochegua,2014,0.002424
100507,Huanuco,Monzon,2014,0.001448
081304,Cusco,Machupicchu,2014,0.000764
220909,San Martin,La Banda De Shilcayo,2014,0.031153
220103,San Martin,Habana,2014,0.02225
100606,Huanuco,Mariano Damaso Beraun,2014,0.001136
010508,Amazonas,Lonya Chico,2014,0.00527
170102,Madre De Dios,Inambari,2014,0.000599
050502,Ayacucho,Anco,2014,0.001346
010523,Amazonas,Trita,2014,0.019274
010516,Amazonas,San Cristobal,2014,0.002502
080918,Cusco,Union Ashaninka,2014,0.002159
221006,San Martin,Santa Lucia,2014,0.005309
100702,Huanuco,Cholon,2014,0.000401
211205,Puno,Phara,2014,0.000157
170204,Madre De Dios,Huepetuhe,2014,0.000715
010302,Amazonas,Chisquilla,2014,0.0
050507,Ayacucho,Santa Rosa,2014,0.004122
220804,San Martin,Nueva Cajamarca,2014,0.033668
220809,San Martin,Yuracyacu,2014,0.016152
160603,Loreto,Padre Marquez,2014,0.000226
010522,Amazonas,Tingo,2014,0.003783
080906,Cusco,Quellouno,2014,0.000542
010301,Amazonas,Jumbilla,2014,0.001772
080917,Cusco,Manitea,2014,0.002917
250305,Ucayali,Alexander Von Humboldt,2015,0.00616
220509,San Martin,Shanao,2015,0.004561
250304,Ucayali,Neshuya,2015,0.004163
220501,San Martin,Lamas,2015,0.022017
220902,San Martin,Alberto Leveau,2015,0.002693
250102,Ucayali,Campoverde,2015,0.00509
220702,San Martin,Buenos Aires,2015,0.003544
220502,San Martin,Alonso De Alvarado,2015,0.003978
220404,San Martin,Piscoyacu,2015,0.004099
220708,San Martin,Shamboyacu,2015,0.000823
220204,San Martin,Huallaga,2015,0.001775
220605,San Martin,Pajarillo,2015,0.003206
010703,Amazonas,Cumba,2015,0.002152
220704,San Martin,Pilluana,2015,0.010142
220104,San Martin,Jepelacio,2015,0.00639
220505,San Martin,Cuñumbuqui,2015,0.004537
220507,San Martin,Rumisapa,2015,0.01991
220913,San Martin,Sauce,2015,0.007327
010608,Amazonas,Milpuc,2015,0.000683
220405,San Martin,Sacanche,2015,0.00287
220709,San Martin,Tingo De Ponasa,2015,0.003936
220304,San Martin,Santa Rosa,2015,0.002822
100903,Huanuco,Honoria,2015,0.000821
220203,San Martin,Bajo Biavo,2015,0.00281
220710,San Martin,Tres Unidos,2015,0.001471
220510,San Martin,Tabalosos,2015,0.003579
100904,Huanuco,Tournavista,2015,0.000414
010701,Amazonas,Bagua Grande,2015,0.017366
220701,San Martin,Picota,2015,0.017428
220403,San Martin,El Eslabon,2015,0.003717
250105,Ucayali,Yarinacocha,2015,0.035045
220914,San Martin,Shapaja,2015,0.001976
010707,Amazonas,Yamon,2015,0.001479
010705,Amazonas,Jamalca,2015,0.001744
220205,San Martin,San Pablo,2015,0.005253
220705,San Martin,Pucacaca,2015,0.013006
220601,San Martin,Juanjui,2015,0.013756
100905,Huanuco,Yuyapichis,2015,0.000282
100608,Huanuco,Castillo Grande,2015,0.019366
220302,San Martin,Agua Blanca,2015,0.002292
250306,Ucayali,Huipoca,2015,0.000708
010611,Amazonas,Totora,2015,0.003292
010706,Amazonas,Lonya Grande,2015,0.000989
220706,San Martin,San Cristobal,2015,0.016085
010303,Amazonas,Churuja,2015,0.002488
220301,San Martin,San Jose De Sisa,2015,0.005877
010204,Amazonas,El Parco,2015,0.010037
010306,Amazonas,Florida,2015,0.004199
220303,San Martin,San Martin,2015,0.001468
220106,San Martin,Yantalo,2015,0.012213
220305,San Martin,Shatoja,2015,0.004526
010104,Amazonas,Cheto,2015,0.000885
160201,Loreto,Yurimaguas,2015,0.00562
060901,Cajamarca,San Ignacio,2015,0.006286
220511,San Martin,Zapatero,2015,0.00329
060811,Cajamarca,San Jose Del Alto,2015,0.000922
010206,Amazonas,La Peca,2015,0.004364
220401,San Martin,Saposoa,2015,0.003006
060902,Cajamarca,Chirinos,2015,0.00335
220908,San Martin,Juan Guerra,2015,0.006859
060904,Cajamarca,La Coipa,2015,0.00257
220808,San Martin,Yorongos,2015,0.006916
120607,Junin,Rio Negro,2015,0.003015
060812,Cajamarca,Santa Rosa,2015,0.002135
250106,Ucayali,Nueva Requena,2015,0.000482
220802,San Martin,Awajun,2015,0.003538
250302,Ucayali,Irazola,2015,0.000533
010109,Amazonas,La Jalca,2015,0.002622
220906,San Martin,El Porvenir,2015,0.001396
220707,San Martin,San Hilarion,2015,0.018709
220806,San Martin,Posic,2015,0.018318
220406,San Martin,Tingo De Saposoa,2015,0.004934
100901,Huanuco,Puerto Inca,2015,0.00083
010105,Amazonas,Chiliquin,2015,0.0
220105,San Martin,Soritor,2015,0.008874
220201,San Martin,Bellavista,2015,0.026579
060803,Cajamarca,Chontali,2015,0.000843
100605,Huanuco,Luyando,2015,0.012506
010307,Amazonas,Jazan,2015,0.008689
010502,Amazonas,Camporredondo,2015,0.00352
010515,Amazonas,Providencia,2015,0.000695
010102,Amazonas,Asuncion,2015,0.0
010510,Amazonas,Luya Viejo,2015,0.000985
100601,Huanuco,Rupa-Rupa,2015,0.01816
010514,Amazonas,Pisuquia,2015,0.00033
060810,Cajamarca,San Felipe,2015,0.002477
010305,Amazonas,Cuispes,2015,0.001872
060905,Cajamarca,Namballe,2015,0.000678
010119,Amazonas,San Isidro De Maino,2015,0.001219
060801,Cajamarca,Jaen,2015,0.023523
010513,Amazonas,Ocumal,2015,0.00084
220912,San Martin,San Antonio,2015,0.004539
220903,San Martin,Cacatachi,2015,0.046679
120602,Junin,Coviriali,2015,0.003271
120304,Junin,San Luis De Shuaro,2015,0.001351
120601,Junin,Satipo,2015,0.006767
010203,Amazonas,Copallin,2015,0.004182
010112,Amazonas,Magdalena,2015,0.001694
220102,San Martin,Calzada,2015,0.019055
060805,Cajamarca,Huabal,2015,0.002644
010610,Amazonas,Santa Rosa,2015,0.003516
220503,San Martin,Barranquita,2015,0.000606
220801,San Martin,Rioja,2015,0.052921
220703,San Martin,Caspisapa,2015,0.009633
080904,Cusco,Maranura,2015,0.00304
010117,Amazonas,Quinjalca,2015,0.000205
250303,Ucayali,Curimana,2015,0.000973
010308,Amazonas,Recta,2015,0.0
010115,Amazonas,Montevideo,2015,0.001134
010114,Amazonas,Molinopampa,2015,0.000554
010503,Amazonas,Cocabamba,2015,0.00026
060809,Cajamarca,Sallique,2015,0.001452
010120,Amazonas,Soloco,2015,0.000595
010521,Amazonas,Santo Tomas,2015,0.002903
100113,Huanuco,San Pablo De Pillao,2015,0.000453
010602,Amazonas,Chirimoto,2015,0.000428
100603,Huanuco,Hermilio Valdizan,2015,0.00017
010111,Amazonas,Levanto,2015,0.001473
010518,Amazonas,San Jeronimo,2015,0.000591
010609,Amazonas,Omia,2015,0.000324
100902,Huanuco,Codo Del Pozuzo,2015,0.000199
010113,Amazonas,Mariscal Castilla,2015,0.002524
220101,San Martin,Moyobamba,2015,0.005097
010310,Amazonas,Shipasbamba,2015,0.001668
100103,Huanuco,Chinchao,2015,0.000533
010311,Amazonas,Valera,2015,0.001277
060907,Cajamarca,Tabaconas,2015,0.000967
160112,Loreto,Belen,2015,0.005281
200307,Piura,Sondor,2015,0.001585
220803,San Martin,Elias Soplin Vargas,2015,0.016372
010506,Amazonas,Inguilpata,2015,0.000788
220506,San Martin,Pinto Recodo,2015,0.000915
120303,Junin,Pichanaqui,2015,0.004014
010202,Amazonas,Aramango,2015,0.000599
010606,Amazonas,Longar,2015,0.002206
160101,Loreto,Iquitos,2015,0.032397
010507,Amazonas,Longuita,2015,0.000773
221001,San Martin,Tocache,2015,0.007384
010511,Amazonas,Maria,2015,0.00075
080901,Cusco,Santa Ana,2015,0.013774
120302,Junin,Perene,2015,0.00514
050409,Ayacucho,Canayre,2015,0.001766
221002,San Martin,Nuevo Progreso,2015,0.002823
200303,Piura,El Carmen De La Frontera,2015,0.00039
100609,Huanuco,Pueblo Nuevo,2015,0.000863
080903,Cusco,Huayopata,2015,0.001529
010604,Amazonas,Huambo,2015,0.003079
100505,Huanuco,Jircan,2015,0.000107
010512,Amazonas,Ocalli,2015,0.002063
010101,Amazonas,Chachapoyas,2015,0.045305
060903,Cajamarca,Huarango,2015,0.000998
010116,Amazonas,Olleros,2015,0.0
010605,Amazonas,Limabamba,2015,0.000402
100804,Huanuco,Umari,2015,0.000421
220504,San Martin,Caynarachi,2015,0.001541
080905,Cusco,Ocobamba,2015,0.000499
010517,Amazonas,San Francisco Del Yeso,2015,0.000288
120609,Junin,Vizcatán Del Ene,2015,0.000635
060807,Cajamarca,Pomahuaca,2015,0.00098
010304,Amazonas,Corosha,2015,0.0
221005,San Martin,Uchiza,2015,0.005593
220807,San Martin,San Fernando,2015,0.002651
050512,Ayacucho,Union Progreso,2015,0.009297
060804,Cajamarca,Colasay,2015,0.001035
160503,Loreto,Capelo,2015,0.000454
220910,San Martin,Morales,2015,0.089971
120604,Junin,Mazamari,2015,0.002926
120603,Junin,Llaylla,2015,0.00114
010520,Amazonas,Santa Catalina,2015,0.000956
010603,Amazonas,Cochamal,2015,0.00059
120209,Junin,Mariscal Castilla,2015,0.003893
010601,Amazonas,San Nicolas,2015,0.011249
010519,Amazonas,San Juan De Lopecancha,2015,3.1e-05
160211,Loreto,Teniente Cesar Lopez Rojas,2015,0.000494
080408,Cusco,Yanatile,2015,0.000646
050408,Ayacucho,Llochegua,2015,0.002572
100507,Huanuco,Monzon,2015,0.001468
081304,Cusco,Machupicchu,2015,0.00083
220909,San Martin,La Banda De Shilcayo,2015,0.032239
220103,San Martin,Habana,2015,0.022767
100606,Huanuco,Mariano Damaso Beraun,2015,0.001157
010508,Amazonas,Lonya Chico,2015,0.005321
170102,Madre De Dios,Inambari,2015,0.00065
050502,Ayacucho,Anco,2015,0.001378
010523,Amazonas,Trita,2015,0.019464
010516,Amazonas,San Cristobal,2015,0.002802
080918,Cusco,Union Ashaninka,2015,0.002336
221006,San Martin,Santa Lucia,2015,0.005362
100702,Huanuco,Cholon,2015,0.000428
211205,Puno,Phara,2015,0.000157
170204,Madre De Dios,Huepetuhe,2015,0.00077
010302,Amazonas,Chisquilla,2015,0.0
050507,Ayacucho,Santa Rosa,2015,0.004187
220804,San Martin,Nueva Cajamarca,2015,0.034949
220809,San Martin,Yuracyacu,2015,0.018172
160603,Loreto,Padre Marquez,2015,0.000227
010522,Amazonas,Tingo,2015,0.003767
080906,Cusco,Quellouno,2015,0.000568
010301,Amazonas,Jumbilla,2015,0.001783
080917,Cusco,Manitea,2015,0.003119
250305,Ucayali,Alexander Von Humboldt,2016,0.006741
220509,San Martin,Shanao,2016,0.00489
250304,Ucayali,Neshuya,2016,0.004296
220501,San Martin,Lamas,2016,0.022333
220902,San Martin,Alberto Leveau,2016,0.002848
250102,Ucayali,Campoverde,2016,0.005344
220702,San Martin,Buenos Aires,2016,0.003549
220502,San Martin,Alonso De Alvarado,2016,0.00411
220404,San Martin,Piscoyacu,2016,0.004148
220708,San Martin,Shamboyacu,2016,0.000871
220204,San Martin,Huallaga,2016,0.001914
220605,San Martin,Pajarillo,2016,0.003278
010703,Amazonas,Cumba,2016,0.002196
220704,San Martin,Pilluana,2016,0.010129
220104,San Martin,Jepelacio,2016,0.006463
220505,San Martin,Cuñumbuqui,2016,0.004708
220507,San Martin,Rumisapa,2016,0.020177
220913,San Martin,Sauce,2016,0.009238
010608,Amazonas,Milpuc,2016,0.000683
220405,San Martin,Sacanche,2016,0.00287
220709,San Martin,Tingo De Ponasa,2016,0.003877
220304,San Martin,Santa Rosa,2016,0.00289
100903,Huanuco,Honoria,2016,0.000965
220203,San Martin,Bajo Biavo,2016,0.002831
220710,San Martin,Tres Unidos,2016,0.001548
220510,San Martin,Tabalosos,2016,0.003621
100904,Huanuco,Tournavista,2016,0.000436
010701,Amazonas,Bagua Grande,2016,0.017419
220701,San Martin,Picota,2016,0.017616
220403,San Martin,El Eslabon,2016,0.003624
250105,Ucayali,Yarinacocha,2016,0.036087
220914,San Martin,Shapaja,2016,0.002062
010707,Amazonas,Yamon,2016,0.001433
010705,Amazonas,Jamalca,2016,0.001779
220205,San Martin,San Pablo,2016,0.005396
220705,San Martin,Pucacaca,2016,0.013168
220601,San Martin,Juanjui,2016,0.014044
100905,Huanuco,Yuyapichis,2016,0.000341
100608,Huanuco,Castillo Grande,2016,0.019916
220302,San Martin,Agua Blanca,2016,0.002309
250306,Ucayali,Huipoca,2016,0.000737
010611,Amazonas,Totora,2016,0.003292
010706,Amazonas,Lonya Grande,2016,0.000994
220706,San Martin,San Cristobal,2016,0.016852
010303,Amazonas,Churuja,2016,0.00246
220301,San Martin,San Jose De Sisa,2016,0.006003
010204,Amazonas,El Parco,2016,0.010282
010306,Amazonas,Florida,2016,0.004219
220303,San Martin,San Martin,2016,0.001531
220106,San Martin,Yantalo,2016,0.012546
220305,San Martin,Shatoja,2016,0.004598
010104,Amazonas,Cheto,2016,0.000885
160201,Loreto,Yurimaguas,2016,0.005713
060901,Cajamarca,San Ignacio,2016,0.006298
220511,San Martin,Zapatero,2016,0.00329
060811,Cajamarca,San Jose Del Alto,2016,0.000973
010206,Amazonas,La Peca,2016,0.004454
220401,San Martin,Saposoa,2016,0.003085
060902,Cajamarca,Chirinos,2016,0.003405
220908,San Martin,Juan Guerra,2016,0.006845
060904,Cajamarca,La Coipa,2016,0.002577
220808,San Martin,Yorongos,2016,0.006948
120607,Junin,Rio Negro,2016,0.00309
060812,Cajamarca,Santa Rosa,2016,0.002155
250106,Ucayali,Nueva Requena,2016,0.000507
220802,San Martin,Awajun,2016,0.003559
250302,Ucayali,Irazola,2016,0.000546
010109,Amazonas,La Jalca,2016,0.002629
220906,San Martin,El Porvenir,2016,0.001422
220707,San Martin,San Hilarion,2016,0.019392
220806,San Martin,Posic,2016,0.01908
220406,San Martin,Tingo De Saposoa,2016,0.005237
100901,Huanuco,Puerto Inca,2016,0.000891
010105,Amazonas,Chiliquin,2016,0.0
220105,San Martin,Soritor,2016,0.009111
220201,San Martin,Bellavista,2016,0.026952
060803,Cajamarca,Chontali,2016,0.000843
100605,Huanuco,Luyando,2016,0.013242
010307,Amazonas,Jazan,2016,0.008818
010502,Amazonas,Camporredondo,2016,0.003524
010515,Amazonas,Providencia,2016,0.000695
010102,Amazonas,Asuncion,2016,0.0
010510,Amazonas,Luya Viejo,2016,0.000985
100601,Huanuco,Rupa-Rupa,2016,0.018841
010514,Amazonas,Pisuquia,2016,0.000345
060810,Cajamarca,San Felipe,2016,0.002553
010305,Amazonas,Cuispes,2016,0.001882
060905,Cajamarca,Namballe,2016,0.000684
010119,Amazonas,San Isidro De Maino,2016,0.001244
060801,Cajamarca,Jaen,2016,0.023917
010513,Amazonas,Ocumal,2016,0.000858
220912,San Martin,San Antonio,2016,0.004517
220903,San Martin,Cacatachi,2016,0.046967
120602,Junin,Coviriali,2016,0.003468
120304,Junin,San Luis De Shuaro,2016,0.001282
120601,Junin,Satipo,2016,0.006822
010203,Amazonas,Copallin,2016,0.004236
010112,Amazonas,Magdalena,2016,0.001687
220102,San Martin,Calzada,2016,0.019131
060805,Cajamarca,Huabal,2016,0.002644
010610,Amazonas,Santa Rosa,2016,0.003516
220503,San Martin,Barranquita,2016,0.000637
220801,San Martin,Rioja,2016,0.053959
220703,San Martin,Caspisapa,2016,0.00982
080904,Cusco,Maranura,2016,0.003115
010117,Amazonas,Quinjalca,2016,0.000216
250303,Ucayali,Curimana,2016,0.001026
010308,Amazonas,Recta,2016,0.0
010115,Amazonas,Montevideo,2016,0.001156
010114,Amazonas,Molinopampa,2016,0.000588
010503,Amazonas,Cocabamba,2016,0.000268
060809,Cajamarca,Sallique,2016,0.001464
010120,Amazonas,Soloco,2016,0.000618
010521,Amazonas,Santo Tomas,2016,0.002953
100113,Huanuco,San Pablo De Pillao,2016,0.000456
010602,Amazonas,Chirimoto,2016,0.000451
100603,Huanuco,Hermilio Valdizan,2016,0.000173
010111,Amazonas,Levanto,2016,0.001509
010518,Amazonas,San Jeronimo,2016,0.000608
010609,Amazonas,Omia,2016,0.000328
100902,Huanuco,Codo Del Pozuzo,2016,0.000237
010113,Amazonas,Mariscal Castilla,2016,0.002546
220101,San Martin,Moyobamba,2016,0.005353
010310,Amazonas,Shipasbamba,2016,0.001668
100103,Huanuco,Chinchao,2016,0.000583
010311,Amazonas,Valera,2016,0.001379
060907,Cajamarca,Tabaconas,2016,0.000975
160112,Loreto,Belen,2016,0.005305
200307,Piura,Sondor,2016,0.001598
220803,San Martin,Elias Soplin Vargas,2016,0.016356
010506,Amazonas,Inguilpata,2016,0.000788
220506,San Martin,Pinto Recodo,2016,0.000937
120303,Junin,Pichanaqui,2016,0.00407
010202,Amazonas,Aramango,2016,0.000613
010606,Amazonas,Longar,2016,0.002281
160101,Loreto,Iquitos,2016,0.032475
010507,Amazonas,Longuita,2016,0.000773
221001,San Martin,Tocache,2016,0.007796
010511,Amazonas,Maria,2016,0.00076
080901,Cusco,Santa Ana,2016,0.014103
120302,Junin,Perene,2016,0.005159
050409,Ayacucho,Canayre,2016,0.001938
221002,San Martin,Nuevo Progreso,2016,0.002977
200303,Piura,El Carmen De La Frontera,2016,0.000395
100609,Huanuco,Pueblo Nuevo,2016,0.000902
080903,Cusco,Huayopata,2016,0.001549
010604,Amazonas,Huambo,2016,0.003091
100505,Huanuco,Jircan,2016,0.000107
010512,Amazonas,Ocalli,2016,0.002063
010101,Amazonas,Chachapoyas,2016,0.045682
060903,Cajamarca,Huarango,2016,0.00101
010116,Amazonas,Olleros,2016,0.0
010605,Amazonas,Limabamba,2016,0.000418
100804,Huanuco,Umari,2016,0.000488
220504,San Martin,Caynarachi,2016,0.001581
080905,Cusco,Ocobamba,2016,0.000502
010517,Amazonas,San Francisco Del Yeso,2016,0.000288
120609,Junin,Vizcatán Del Ene,2016,0.000649
060807,Cajamarca,Pomahuaca,2016,0.001015
010304,Amazonas,Corosha,2016,0.0
221005,San Martin,Uchiza,2016,0.005715
220807,San Martin,San Fernando,2016,0.002458
050512,Ayacucho,Union Progreso,2016,0.009587
060804,Cajamarca,Colasay,2016,0.001028
160503,Loreto,Capelo,2016,0.000452
220910,San Martin,Morales,2016,0.09125
120604,Junin,Mazamari,2016,0.002967
120603,Junin,Llaylla,2016,0.001168
010520,Amazonas,Santa Catalina,2016,0.000972
010603,Amazonas,Cochamal,2016,0.000649
120209,Junin,Mariscal Castilla,2016,0.003893
010601,Amazonas,San Nicolas,2016,0.011658
010519,Amazonas,San Juan De Lopecancha,2016,3.1e-05
160211,Loreto,Teniente Cesar Lopez Rojas,2016,0.000507
080408,Cusco,Yanatile,2016,0.00064
050408,Ayacucho,Llochegua,2016,0.002678
100507,Huanuco,Monzon,2016,0.001516
081304,Cusco,Machupicchu,2016,0.00083
220909,San Martin,La Banda De Shilcayo,2016,0.032526
220103,San Martin,Habana,2016,0.023452
100606,Huanuco,Mariano Damaso Beraun,2016,0.001201
010508,Amazonas,Lonya Chico,2016,0.005334
170102,Madre De Dios,Inambari,2016,0.000697
050502,Ayacucho,Anco,2016,0.00141
010523,Amazonas,Trita,2016,0.019592
010516,Amazonas,San Cristobal,2016,0.002827
080918,Cusco,Union Ashaninka,2016,0.002541
221006,San Martin,Santa Lucia,2016,0.005501
100702,Huanuco,Cholon,2016,0.000508
211205,Puno,Phara,2016,0.000157
170204,Madre De Dios,Huepetuhe,2016,0.000805
010302,Amazonas,Chisquilla,2016,0.0
050507,Ayacucho,Santa Rosa,2016,0.004311
220804,San Martin,Nueva Cajamarca,2016,0.03521
220809,San Martin,Yuracyacu,2016,0.018172
160603,Loreto,Padre Marquez,2016,0.000239
010522,Amazonas,Tingo,2016,0.003857
080906,Cusco,Quellouno,2016,0.000571
010301,Amazonas,Jumbilla,2016,0.001794
080917,Cusco,Manitea,2016,0.003247
250305,Ucayali,Alexander Von Humboldt,2017,0.006965
220509,San Martin,Shanao,2017,0.004926
250304,Ucayali,Neshuya,2017,0.004408
220501,San Martin,Lamas,2017,0.022326
220902,San Martin,Alberto Leveau,2017,0.002899
250102,Ucayali,Campoverde,2017,0.005547
220702,San Martin,Buenos Aires,2017,0.003572
220502,San Martin,Alonso De Alvarado,2017,0.004128
220404,San Martin,Piscoyacu,2017,0.004084
220708,San Martin,Shamboyacu,2017,0.000861
220204,San Martin,Huallaga,2017,0.001962
220605,San Martin,Pajarillo,2017,0.003297
010703,Amazonas,Cumba,2017,0.002226
220704,San Martin,Pilluana,2017,0.010233
220104,San Martin,Jepelacio,2017,0.006523
220505,San Martin,Cuñumbuqui,2017,0.004771
220507,San Martin,Rumisapa,2017,0.020712
220913,San Martin,Sauce,2017,0.009634
010608,Amazonas,Milpuc,2017,0.000683
220405,San Martin,Sacanche,2017,0.00287
220709,San Martin,Tingo De Ponasa,2017,0.003975
220304,San Martin,Santa Rosa,2017,0.002901
100903,Huanuco,Honoria,2017,0.001089
220203,San Martin,Bajo Biavo,2017,0.002901
220710,San Martin,Tres Unidos,2017,0.00155
220510,San Martin,Tabalosos,2017,0.003663
100904,Huanuco,Tournavista,2017,0.000448
010701,Amazonas,Bagua Grande,2017,0.017507
220701,San Martin,Picota,2017,0.017644
220403,San Martin,El Eslabon,2017,0.003624
250105,Ucayali,Yarinacocha,2017,0.037184
220914,San Martin,Shapaja,2017,0.002129
010707,Amazonas,Yamon,2017,0.001512
010705,Amazonas,Jamalca,2017,0.001825
220205,San Martin,San Pablo,2017,0.005523
220705,San Martin,Pucacaca,2017,0.013207
220601,San Martin,Juanjui,2017,0.014182
100905,Huanuco,Yuyapichis,2017,0.000378
100608,Huanuco,Castillo Grande,2017,0.020289
220302,San Martin,Agua Blanca,2017,0.002321
250306,Ucayali,Huipoca,2017,0.000699
010611,Amazonas,Totora,2017,0.003246
010706,Amazonas,Lonya Grande,2017,0.000999
220706,San Martin,San Cristobal,2017,0.016439
010303,Amazonas,Churuja,2017,0.002711
220301,San Martin,San Jose De Sisa,2017,0.006072
010204,Amazonas,El Parco,2017,0.010429
010306,Amazonas,Florida,2017,0.004271
220303,San Martin,San Martin,2017,0.001553
220106,San Martin,Yantalo,2017,0.013082
220305,San Martin,Shatoja,2017,0.004641
010104,Amazonas,Cheto,2017,0.000885
160201,Loreto,Yurimaguas,2017,0.00587
060901,Cajamarca,San Ignacio,2017,0.006368
220511,San Martin,Zapatero,2017,0.003325
060811,Cajamarca,San Jose Del Alto,2017,0.001013
010206,Amazonas,La Peca,2017,0.004609
220401,San Martin,Saposoa,2017,0.003132
060902,Cajamarca,Chirinos,2017,0.003423
220908,San Martin,Juan Guerra,2017,0.00696
060904,Cajamarca,La Coipa,2017,0.002625
220808,San Martin,Yorongos,2017,0.007003
120607,Junin,Rio Negro,2017,0.003203
060812,Cajamarca,Santa Rosa,2017,0.002178
250106,Ucayali,Nueva Requena,2017,0.00053
220802,San Martin,Awajun,2017,0.003646
250302,Ucayali,Irazola,2017,0.000564
010109,Amazonas,La Jalca,2017,0.002708
220906,San Martin,El Porvenir,2017,0.001447
220707,San Martin,San Hilarion,2017,0.019461
220806,San Martin,Posic,2017,0.021312
220406,San Martin,Tingo De Saposoa,2017,0.004783
100901,Huanuco,Puerto Inca,2017,0.00098
010105,Amazonas,Chiliquin,2017,0.0
220105,San Martin,Soritor,2017,0.009195
220201,San Martin,Bellavista,2017,0.027171
060803,Cajamarca,Chontali,2017,0.000853
100605,Huanuco,Luyando,2017,0.014399
010307,Amazonas,Jazan,2017,0.008982
010502,Amazonas,Camporredondo,2017,0.003544
010515,Amazonas,Providencia,2017,0.000695
010102,Amazonas,Asuncion,2017,0.0
010510,Amazonas,Luya Viejo,2017,0.000998
100601,Huanuco,Rupa-Rupa,2017,0.019041
010514,Amazonas,Pisuquia,2017,0.000361
060810,Cajamarca,San Felipe,2017,0.002588
010305,Amazonas,Cuispes,2017,0.001909
060905,Cajamarca,Namballe,2017,0.000692
010119,Amazonas,San Isidro De Maino,2017,0.001277
060801,Cajamarca,Jaen,2017,0.024394
010513,Amazonas,Ocumal,2017,0.000858
220912,San Martin,San Antonio,2017,0.004732
220903,San Martin,Cacatachi,2017,0.050676
120602,Junin,Coviriali,2017,0.003747
120304,Junin,San Luis De Shuaro,2017,0.001292
120601,Junin,Satipo,2017,0.006913
010203,Amazonas,Copallin,2017,0.004326
010112,Amazonas,Magdalena,2017,0.00168
220102,San Martin,Calzada,2017,0.020014
060805,Cajamarca,Huabal,2017,0.002717
010610,Amazonas,Santa Rosa,2017,0.00356
220503,San Martin,Barranquita,2017,0.000675
220801,San Martin,Rioja,2017,0.054576
220703,San Martin,Caspisapa,2017,0.00989
080904,Cusco,Maranura,2017,0.003109
010117,Amazonas,Quinjalca,2017,0.000205
250303,Ucayali,Curimana,2017,0.00106
010308,Amazonas,Recta,2017,0.0
010115,Amazonas,Montevideo,2017,0.001177
010114,Amazonas,Molinopampa,2017,0.000591
010503,Amazonas,Cocabamba,2017,0.000273
060809,Cajamarca,Sallique,2017,0.00149
010120,Amazonas,Soloco,2017,0.000618
010521,Amazonas,Santo Tomas,2017,0.002963
100113,Huanuco,San Pablo De Pillao,2017,0.000476
010602,Amazonas,Chirimoto,2017,0.000462
100603,Huanuco,Hermilio Valdizan,2017,0.000179
010111,Amazonas,Levanto,2017,0.001509
010518,Amazonas,San Jeronimo,2017,0.000655
010609,Amazonas,Omia,2017,0.0003
100902,Huanuco,Codo Del Pozuzo,2017,0.000245
010113,Amazonas,Mariscal Castilla,2017,0.002591
220101,San Martin,Moyobamba,2017,0.005523
010310,Amazonas,Shipasbamba,2017,0.001675
100103,Huanuco,Chinchao,2017,0.000599
010311,Amazonas,Valera,2017,0.001413
060907,Cajamarca,Tabaconas,2017,0.000998
160112,Loreto,Belen,2017,0.005301
200307,Piura,Sondor,2017,0.001643
220803,San Martin,Elias Soplin Vargas,2017,0.016577
010506,Amazonas,Inguilpata,2017,0.000818
220506,San Martin,Pinto Recodo,2017,0.000947
120303,Junin,Pichanaqui,2017,0.004174
010202,Amazonas,Aramango,2017,0.000623
010606,Amazonas,Longar,2017,0.002325
160101,Loreto,Iquitos,2017,0.032523
010507,Amazonas,Longuita,2017,0.000773
221001,San Martin,Tocache,2017,0.008058
010511,Amazonas,Maria,2017,0.00076
080901,Cusco,Santa Ana,2017,0.01429
120302,Junin,Perene,2017,0.005299
050409,Ayacucho,Canayre,2017,0.002344
221002,San Martin,Nuevo Progreso,2017,0.003078
200303,Piura,El Carmen De La Frontera,2017,0.000396
100609,Huanuco,Pueblo Nuevo,2017,0.000877
080903,Cusco,Huayopata,2017,0.001549
010604,Amazonas,Huambo,2017,0.003125
100505,Huanuco,Jircan,2017,0.000111
010512,Amazonas,Ocalli,2017,0.002095
010101,Amazonas,Chachapoyas,2017,0.046634
060903,Cajamarca,Huarango,2017,0.001013
010116,Amazonas,Olleros,2017,0.0
010605,Amazonas,Limabamba,2017,0.000422
100804,Huanuco,Umari,2017,0.000566
220504,San Martin,Caynarachi,2017,0.001664
080905,Cusco,Ocobamba,2017,0.000514
010517,Amazonas,San Francisco Del Yeso,2017,0.000288
120609,Junin,Vizcatán Del Ene,2017,0.000698
060807,Cajamarca,Pomahuaca,2017,0.001005
010304,Amazonas,Corosha,2017,0.0
221005,San Martin,Uchiza,2017,0.005898
220807,San Martin,San Fernando,2017,0.002767
050512,Ayacucho,Union Progreso,2017,0.010367
060804,Cajamarca,Colasay,2017,0.001016
160503,Loreto,Capelo,2017,0.000489
220910,San Martin,Morales,2017,0.094037
120604,Junin,Mazamari,2017,0.00308
120603,Junin,Llaylla,2017,0.001202
010520,Amazonas,Santa Catalina,2017,0.001026
010603,Amazonas,Cochamal,2017,0.000674
120209,Junin,Mariscal Castilla,2017,0.003861
010601,Amazonas,San Nicolas,2017,0.011875
010519,Amazonas,San Juan De Lopecancha,2017,4.1e-05
160211,Loreto,Teniente Cesar Lopez Rojas,2017,0.000521
080408,Cusco,Yanatile,2017,0.000652
050408,Ayacucho,Llochegua,2017,0.00276
100507,Huanuco,Monzon,2017,0.001553
081304,Cusco,Machupicchu,2017,0.000883
220909,San Martin,La Banda De Shilcayo,2017,0.032619
220103,San Martin,Habana,2017,0.024447
100606,Huanuco,Mariano Damaso Beraun,2017,0.001258
010508,Amazonas,Lonya Chico,2017,0.00536
170102,Madre De Dios,Inambari,2017,0.000776
050502,Ayacucho,Anco,2017,0.001448
010523,Amazonas,Trita,2017,0.019592
010516,Amazonas,San Cristobal,2017,0.002852
080918,Cusco,Union Ashaninka,2017,0.002774
221006,San Martin,Santa Lucia,2017,0.00559
100702,Huanuco,Cholon,2017,0.000557
211205,Puno,Phara,2017,0.000159
170204,Madre De Dios,Huepetuhe,2017,0.000851
010302,Amazonas,Chisquilla,2017,0.0
050507,Ayacucho,Santa Rosa,2017,0.004445
220804,San Martin,Nueva Cajamarca,2017,0.035574
220809,San Martin,Yuracyacu,2017,0.018502
160603,Loreto,Padre Marquez,2017,0.000253
010522,Amazonas,Tingo,2017,0.004012
080906,Cusco,Quellouno,2017,0.000586
010301,Amazonas,Jumbilla,2017,0.0018
080917,Cusco,Manitea,2017,0.003351
250305,Ucayali,Alexander Von Humboldt,2018,0.007335
220509,San Martin,Shanao,2018,0.005109
250304,Ucayali,Neshuya,2018,0.004624
220501,San Martin,Lamas,2018,0.022546
220902,San Martin,Alberto Leveau,2018,0.002916
250102,Ucayali,Campoverde,2018,0.005768
220702,San Martin,Buenos Aires,2018,0.003726
220502,San Martin,Alonso De Alvarado,2018,0.004104
220404,San Martin,Piscoyacu,2018,0.004089
220708,San Martin,Shamboyacu,2018,0.000884
220204,San Martin,Huallaga,2018,0.001993
220605,San Martin,Pajarillo,2018,0.003329
010703,Amazonas,Cumba,2018,0.002258
220704,San Martin,Pilluana,2018,0.010116
220104,San Martin,Jepelacio,2018,0.006604
220505,San Martin,Cuñumbuqui,2018,0.004815
220507,San Martin,Rumisapa,2018,0.02146
220913,San Martin,Sauce,2018,0.009969
010608,Amazonas,Milpuc,2018,0.000703
220405,San Martin,Sacanche,2018,0.002903
220709,San Martin,Tingo De Ponasa,2018,0.004049
220304,San Martin,Santa Rosa,2018,0.002904
100903,Huanuco,Honoria,2018,0.001137
220203,San Martin,Bajo Biavo,2018,0.002914
220710,San Martin,Tres Unidos,2018,0.001625
220510,San Martin,Tabalosos,2018,0.003704
100904,Huanuco,Tournavista,2018,0.000473
010701,Amazonas,Bagua Grande,2018,0.017674
220701,San Martin,Picota,2018,0.017775
220403,San Martin,El Eslabon,2018,0.003646
250105,Ucayali,Yarinacocha,2018,0.038172
220914,San Martin,Shapaja,2018,0.0022
010707,Amazonas,Yamon,2018,0.001485
010705,Amazonas,Jamalca,2018,0.001731
220205,San Martin,San Pablo,2018,0.005689
220705,San Martin,Pucacaca,2018,0.013364
220601,San Martin,Juanjui,2018,0.014662
100905,Huanuco,Yuyapichis,2018,0.000398
100608,Huanuco,Castillo Grande,2018,0.020932
220302,San Martin,Agua Blanca,2018,0.002362
250306,Ucayali,Huipoca,2018,0.000737
010611,Amazonas,Totora,2018,0.003246
010706,Amazonas,Lonya Grande,2018,0.000999
220706,San Martin,San Cristobal,2018,0.017236
010303,Amazonas,Churuja,2018,0.002348
220301,San Martin,San Jose De Sisa,2018,0.00615
010204,Amazonas,El Parco,2018,0.010723
010306,Amazonas,Florida,2018,0.004331
220303,San Martin,San Martin,2018,0.001642
220106,San Martin,Yantalo,2018,0.013823
220305,San Martin,Shatoja,2018,0.004827
010104,Amazonas,Cheto,2018,0.000961
160201,Loreto,Yurimaguas,2018,0.006033
060901,Cajamarca,San Ignacio,2018,0.006669
220511,San Martin,Zapatero,2018,0.003392
060811,Cajamarca,San Jose Del Alto,2018,0.001054
010206,Amazonas,La Peca,2018,0.004789
220401,San Martin,Saposoa,2018,0.003237
060902,Cajamarca,Chirinos,2018,0.003438
220908,San Martin,Juan Guerra,2018,0.007071
060904,Cajamarca,La Coipa,2018,0.002687
220808,San Martin,Yorongos,2018,0.007035
120607,Junin,Rio Negro,2018,0.003299
060812,Cajamarca,Santa Rosa,2018,0.002181
250106,Ucayali,Nueva Requena,2018,0.000573
220802,San Martin,Awajun,2018,0.003757
250302,Ucayali,Irazola,2018,0.000572
010109,Amazonas,La Jalca,2018,0.002723
220906,San Martin,El Porvenir,2018,0.00148
220707,San Martin,San Hilarion,2018,0.019751
220806,San Martin,Posic,2018,0.021448
220406,San Martin,Tingo De Saposoa,2018,0.005086
100901,Huanuco,Puerto Inca,2018,0.001002
010105,Amazonas,Chiliquin,2018,0.0
220105,San Martin,Soritor,2018,0.009478
220201,San Martin,Bellavista,2018,0.027407
060803,Cajamarca,Chontali,2018,0.000866
100605,Huanuco,Luyando,2018,0.015096
010307,Amazonas,Jazan,2018,0.008818
010502,Amazonas,Camporredondo,2018,0.003564
010515,Amazonas,Providencia,2018,0.000718
010102,Amazonas,Asuncion,2018,0.0
010510,Amazonas,Luya Viejo,2018,0.000998
100601,Huanuco,Rupa-Rupa,2018,0.019478
010514,Amazonas,Pisuquia,2018,0.000367
060810,Cajamarca,San Felipe,2018,0.002532
010305,Amazonas,Cuispes,2018,0.001946
060905,Cajamarca,Namballe,2018,0.000708
010119,Amazonas,San Isidro De Maino,2018,0.001293
060801,Cajamarca,Jaen,2018,0.02532
010513,Amazonas,Ocumal,2018,0.000858
220912,San Martin,San Antonio,2018,0.005413
220903,San Martin,Cacatachi,2018,0.054351
120602,Junin,Coviriali,2018,0.003918
120304,Junin,San Luis De Shuaro,2018,0.001301
120601,Junin,Satipo,2018,0.006992
010203,Amazonas,Copallin,2018,0.004398
010112,Amazonas,Magdalena,2018,0.001694
220102,San Martin,Calzada,2018,0.020244
060805,Cajamarca,Huabal,2018,0.002707
010610,Amazonas,Santa Rosa,2018,0.003604
220503,San Martin,Barranquita,2018,0.000731
220801,San Martin,Rioja,2018,0.056631
220703,San Martin,Caspisapa,2018,0.010217
080904,Cusco,Maranura,2018,0.003199
010117,Amazonas,Quinjalca,2018,0.000216
250303,Ucayali,Curimana,2018,0.001087
010308,Amazonas,Recta,2018,0.0
010115,Amazonas,Montevideo,2018,0.001199
010114,Amazonas,Molinopampa,2018,0.000614
010503,Amazonas,Cocabamba,2018,0.000273
060809,Cajamarca,Sallique,2018,0.001476
010120,Amazonas,Soloco,2018,0.000618
010521,Amazonas,Santo Tomas,2018,0.003012
100113,Huanuco,San Pablo De Pillao,2018,0.000495
010602,Amazonas,Chirimoto,2018,0.000491
100603,Huanuco,Hermilio Valdizan,2018,0.000201
010111,Amazonas,Levanto,2018,0.001509
010518,Amazonas,San Jeronimo,2018,0.000715
010609,Amazonas,Omia,2018,0.0003
100902,Huanuco,Codo Del Pozuzo,2018,0.000266
010113,Amazonas,Mariscal Castilla,2018,0.002625
220101,San Martin,Moyobamba,2018,0.005641
010310,Amazonas,Shipasbamba,2018,0.001689
100103,Huanuco,Chinchao,2018,0.000654
010311,Amazonas,Valera,2018,0.001413
060907,Cajamarca,Tabaconas,2018,0.001034
160112,Loreto,Belen,2018,0.005301
200307,Piura,Sondor,2018,0.001663
220803,San Martin,Elias Soplin Vargas,2018,0.018142
010506,Amazonas,Inguilpata,2018,0.000855
220506,San Martin,Pinto Recodo,2018,0.001009
120303,Junin,Pichanaqui,2018,0.004199
010202,Amazonas,Aramango,2018,0.000659
010606,Amazonas,Longar,2018,0.002346
160101,Loreto,Iquitos,2018,0.032569
010507,Amazonas,Longuita,2018,0.000773
221001,San Martin,Tocache,2018,0.008288
010511,Amazonas,Maria,2018,0.00076
080901,Cusco,Santa Ana,2018,0.014566
120302,Junin,Perene,2018,0.005367
050409,Ayacucho,Canayre,2018,0.002643
221002,San Martin,Nuevo Progreso,2018,0.003324
200303,Piura,El Carmen De La Frontera,2018,0.0004
100609,Huanuco,Pueblo Nuevo,2018,0.000935
080903,Cusco,Huayopata,2018,0.00156
010604,Amazonas,Huambo,2018,0.003102
100505,Huanuco,Jircan,2018,0.000163
010512,Amazonas,Ocalli,2018,0.00211
010101,Amazonas,Chachapoyas,2018,0.047557
060903,Cajamarca,Huarango,2018,0.001016
010116,Amazonas,Olleros,2018,0.0
010605,Amazonas,Limabamba,2018,0.000434
100804,Huanuco,Umari,2018,0.000583
220504,San Martin,Caynarachi,2018,0.001715
080905,Cusco,Ocobamba,2018,0.000514
010517,Amazonas,San Francisco Del Yeso,2018,0.000288
120609,Junin,Vizcatán Del Ene,2018,0.000751
060807,Cajamarca,Pomahuaca,2018,0.000944
010304,Amazonas,Corosha,2018,0.0
221005,San Martin,Uchiza,2018,0.006106
220807,San Martin,San Fernando,2018,0.002715
050512,Ayacucho,Union Progreso,2018,0.0103
060804,Cajamarca,Colasay,2018,0.001052
160503,Loreto,Capelo,2018,0.00052
220910,San Martin,Morales,2018,0.097998
120604,Junin,Mazamari,2018,0.003095
120603,Junin,Llaylla,2018,0.001211
010520,Amazonas,Santa Catalina,2018,0.001069
010603,Amazonas,Cochamal,2018,0.000723
120209,Junin,Mariscal Castilla,2018,0.003861
010601,Amazonas,San Nicolas,2018,0.012032
010519,Amazonas,San Juan De Lopecancha,2018,4.1e-05
160211,Loreto,Teniente Cesar Lopez Rojas,2018,0.000535
080408,Cusco,Yanatile,2018,0.000654
050408,Ayacucho,Llochegua,2018,0.002932
100507,Huanuco,Monzon,2018,0.001589
081304,Cusco,Machupicchu,2018,0.000994
220909,San Martin,La Banda De Shilcayo,2018,0.035075
220103,San Martin,Habana,2018,0.024783
100606,Huanuco,Mariano Damaso Beraun,2018,0.001301
010508,Amazonas,Lonya Chico,2018,0.005411
170102,Madre De Dios,Inambari,2018,0.000845
050502,Ayacucho,Anco,2018,0.001478
010523,Amazonas,Trita,2018,0.019592
010516,Amazonas,San Cristobal,2018,0.002877
080918,Cusco,Union Ashaninka,2018,0.003013
221006,San Martin,Santa Lucia,2018,0.005665
100702,Huanuco,Cholon,2018,0.000599
211205,Puno,Phara,2018,0.000159
170204,Madre De Dios,Huepetuhe,2018,0.000887
010302,Amazonas,Chisquilla,2018,0.0
050507,Ayacucho,Santa Rosa,2018,0.004503
220804,San Martin,Nueva Cajamarca,2018,0.036913
220809,San Martin,Yuracyacu,2018,0.018946
160603,Loreto,Padre Marquez,2018,0.000258
010522,Amazonas,Tingo,2018,0.003987
080906,Cusco,Quellouno,2018,0.000587
010301,Amazonas,Jumbilla,2018,0.001811
080917,Cusco,Manitea,2018,0.003394
250305,Ucayali,Alexander Von Humboldt,2019,0.007641
220509,San Martin,Shanao,2019,0.005401
250304,Ucayali,Neshuya,2019,0.004894
220501,San Martin,Lamas,2019,0.022848
220902,San Martin,Alberto Leveau,2019,0.003036
250102,Ucayali,Campoverde,2019,0.006102
220702,San Martin,Buenos Aires,2019,0.003769
220502,San Martin,Alonso De Alvarado,2019,0.004128
220404,San Martin,Piscoyacu,2019,0.004089
220708,San Martin,Shamboyacu,2019,0.000925
220204,San Martin,Huallaga,2019,0.002059
220605,San Martin,Pajarillo,2019,0.003393
010703,Amazonas,Cumba,2019,0.002294
220704,San Martin,Pilluana,2019,0.010467
220104,San Martin,Jepelacio,2019,0.006682
220505,San Martin,Cuñumbuqui,2019,0.004835
220507,San Martin,Rumisapa,2019,0.021968
220913,San Martin,Sauce,2019,0.010162
010608,Amazonas,Milpuc,2019,0.000703
220405,San Martin,Sacanche,2019,0.00293
220709,San Martin,Tingo De Ponasa,2019,0.004137
220304,San Martin,Santa Rosa,2019,0.002922
100903,Huanuco,Honoria,2019,0.001177
220203,San Martin,Bajo Biavo,2019,0.002943
220710,San Martin,Tres Unidos,2019,0.001646
220510,San Martin,Tabalosos,2019,0.00378
100904,Huanuco,Tournavista,2019,0.000518
010701,Amazonas,Bagua Grande,2019,0.017735
220701,San Martin,Picota,2019,0.018
220403,San Martin,El Eslabon,2019,0.003688
250105,Ucayali,Yarinacocha,2019,0.039378
220914,San Martin,Shapaja,2019,0.002324
010707,Amazonas,Yamon,2019,0.001472
010705,Amazonas,Jamalca,2019,0.001784
220205,San Martin,San Pablo,2019,0.005929
220705,San Martin,Pucacaca,2019,0.013605
220601,San Martin,Juanjui,2019,0.014862
100905,Huanuco,Yuyapichis,2019,0.000397
100608,Huanuco,Castillo Grande,2019,0.021668
220302,San Martin,Agua Blanca,2019,0.002455
250306,Ucayali,Huipoca,2019,0.000759
010611,Amazonas,Totora,2019,0.003383
010706,Amazonas,Lonya Grande,2019,0.001011
220706,San Martin,San Cristobal,2019,0.017147
010303,Amazonas,Churuja,2019,0.0026
220301,San Martin,San Jose De Sisa,2019,0.006222
010204,Amazonas,El Parco,2019,0.011114
010306,Amazonas,Florida,2019,0.004387
220303,San Martin,San Martin,2019,0.001679
220106,San Martin,Yantalo,2019,0.014296
220305,San Martin,Shatoja,2019,0.00497
010104,Amazonas,Cheto,2019,0.000974
160201,Loreto,Yurimaguas,2019,0.006135
060901,Cajamarca,San Ignacio,2019,0.007041
220511,San Martin,Zapatero,2019,0.003519
060811,Cajamarca,San Jose Del Alto,2019,0.001114
010206,Amazonas,La Peca,2019,0.004828
220401,San Martin,Saposoa,2019,0.003317
060902,Cajamarca,Chirinos,2019,0.003485
220908,San Martin,Juan Guerra,2019,0.007275
060904,Cajamarca,La Coipa,2019,0.002753
220808,San Martin,Yorongos,2019,0.007198
120607,Junin,Rio Negro,2019,0.00348
060812,Cajamarca,Santa Rosa,2019,0.002215
250106,Ucayali,Nueva Requena,2019,0.000615
220802,San Martin,Awajun,2019,0.003805
250302,Ucayali,Irazola,2019,0.000586
010109,Amazonas,La Jalca,2019,0.002773
220906,San Martin,El Porvenir,2019,0.001543
220707,San Martin,San Hilarion,2019,0.019998
220806,San Martin,Posic,2019,0.021329
220406,San Martin,Tingo De Saposoa,2019,0.005123
100901,Huanuco,Puerto Inca,2019,0.001035
010105,Amazonas,Chiliquin,2019,0.0
220105,San Martin,Soritor,2019,0.009652
220201,San Martin,Bellavista,2019,0.027591
060803,Cajamarca,Chontali,2019,0.000918
100605,Huanuco,Luyando,2019,0.016181
010307,Amazonas,Jazan,2019,0.009112
010502,Amazonas,Camporredondo,2019,0.003601
010515,Amazonas,Providencia,2019,0.000718
010102,Amazonas,Asuncion,2019,0.0
010510,Amazonas,Luya Viejo,2019,0.000998
100601,Huanuco,Rupa-Rupa,2019,0.020294
010514,Amazonas,Pisuquia,2019,0.000376
060810,Cajamarca,San Felipe,2019,0.00248
010305,Amazonas,Cuispes,2019,0.001992
060905,Cajamarca,Namballe,2019,0.000712
010119,Amazonas,San Isidro De Maino,2019,0.001301
060801,Cajamarca,Jaen,2019,0.025989
010513,Amazonas,Ocumal,2019,0.000867
220912,San Martin,San Antonio,2019,0.005402
220903,San Martin,Cacatachi,2019,0.05845
120602,Junin,Coviriali,2019,0.00434
120304,Junin,San Luis De Shuaro,2019,0.001378
120601,Junin,Satipo,2019,0.007228
010203,Amazonas,Copallin,2019,0.004407
010112,Amazonas,Magdalena,2019,0.00168
220102,San Martin,Calzada,2019,0.020551
060805,Cajamarca,Huabal,2019,0.002801
010610,Amazonas,Santa Rosa,2019,0.003736
220503,San Martin,Barranquita,2019,0.000735
220801,San Martin,Rioja,2019,0.057218
220703,San Martin,Caspisapa,2019,0.009902
080904,Cusco,Maranura,2019,0.003141
010117,Amazonas,Quinjalca,2019,0.000216
250303,Ucayali,Curimana,2019,0.001176
010308,Amazonas,Recta,2019,0.0
010115,Amazonas,Montevideo,2019,0.001235
010114,Amazonas,Molinopampa,2019,0.000635
010503,Amazonas,Cocabamba,2019,0.000276
060809,Cajamarca,Sallique,2019,0.00151
010120,Amazonas,Soloco,2019,0.000618
010521,Amazonas,Santo Tomas,2019,0.003022
100113,Huanuco,San Pablo De Pillao,2019,0.000523
010602,Amazonas,Chirimoto,2019,0.000491
100603,Huanuco,Hermilio Valdizan,2019,0.000216
010111,Amazonas,Levanto,2019,0.001521
010518,Amazonas,San Jeronimo,2019,0.000727
010609,Amazonas,Omia,2019,0.00032
100902,Huanuco,Codo Del Pozuzo,2019,0.000283
010113,Amazonas,Mariscal Castilla,2019,0.00276
220101,San Martin,Moyobamba,2019,0.005781
010310,Amazonas,Shipasbamba,2019,0.001696
100103,Huanuco,Chinchao,2019,0.000693
010311,Amazonas,Valera,2019,0.001425
060907,Cajamarca,Tabaconas,2019,0.001034
160112,Loreto,Belen,2019,0.00529
200307,Piura,Sondor,2019,0.001694
220803,San Martin,Elias Soplin Vargas,2019,0.018635
010506,Amazonas,Inguilpata,2019,0.000855
220506,San Martin,Pinto Recodo,2019,0.00102
120303,Junin,Pichanaqui,2019,0.004328
010202,Amazonas,Aramango,2019,0.000664
010606,Amazonas,Longar,2019,0.002681
160101,Loreto,Iquitos,2019,0.032657
010507,Amazonas,Longuita,2019,0.000788
221001,San Martin,Tocache,2019,0.008553
010511,Amazonas,Maria,2019,0.00077
080901,Cusco,Santa Ana,2019,0.01482
120302,Junin,Perene,2019,0.005602
050409,Ayacucho,Canayre,2019,0.002867
221002,San Martin,Nuevo Progreso,2019,0.003455
200303,Piura,El Carmen De La Frontera,2019,0.0004
100609,Huanuco,Pueblo Nuevo,2019,0.000982
080903,Cusco,Huayopata,2019,0.001583
010604,Amazonas,Huambo,2019,0.003137
100505,Huanuco,Jircan,2019,0.000166
010512,Amazonas,Ocalli,2019,0.002126
010101,Amazonas,Chachapoyas,2019,0.047824
060903,Cajamarca,Huarango,2019,0.001032
010116,Amazonas,Olleros,2019,0.0
010605,Amazonas,Limabamba,2019,0.000461
100804,Huanuco,Umari,2019,0.000763
220504,San Martin,Caynarachi,2019,0.001768
080905,Cusco,Ocobamba,2019,0.000512
010517,Amazonas,San Francisco Del Yeso,2019,0.000293
120609,Junin,Vizcatán Del Ene,2019,0.000853
060807,Cajamarca,Pomahuaca,2019,0.000936
010304,Amazonas,Corosha,2019,0.0
221005,San Martin,Uchiza,2019,0.006344
220807,San Martin,San Fernando,2019,0.002767
050512,Ayacucho,Union Progreso,2019,0.011727
060804,Cajamarca,Colasay,2019,0.001111
160503,Loreto,Capelo,2019,0.000518
220910,San Martin,Morales,2019,0.101802
120604,Junin,Mazamari,2019,0.003307
120603,Junin,Llaylla,2019,0.001256
010520,Amazonas,Santa Catalina,2019,0.001091
010603,Amazonas,Cochamal,2019,0.000767
120209,Junin,Mariscal Castilla,2019,0.003861
010601,Amazonas,San Nicolas,2019,0.012215
010519,Amazonas,San Juan De Lopecancha,2019,4.1e-05
160211,Loreto,Teniente Cesar Lopez Rojas,2019,0.000539
080408,Cusco,Yanatile,2019,0.00066
050408,Ayacucho,Llochegua,2019,0.003174
100507,Huanuco,Monzon,2019,0.00164
081304,Cusco,Machupicchu,2019,0.000945
220909,San Martin,La Banda De Shilcayo,2019,0.036877
220103,San Martin,Habana,2019,0.024977
100606,Huanuco,Mariano Damaso Beraun,2019,0.001358
010508,Amazonas,Lonya Chico,2019,0.005436
170102,Madre De Dios,Inambari,2019,0.000897
050502,Ayacucho,Anco,2019,0.001531
010523,Amazonas,Trita,2019,0.020037
010516,Amazonas,San Cristobal,2019,0.002953
080918,Cusco,Union Ashaninka,2019,0.003107
221006,San Martin,Santa Lucia,2019,0.005748
100702,Huanuco,Cholon,2019,0.000636
211205,Puno,Phara,2019,0.000183
170204,Madre De Dios,Huepetuhe,2019,0.000929
010302,Amazonas,Chisquilla,2019,0.0
050507,Ayacucho,Santa Rosa,2019,0.0046
220804,San Martin,Nueva Cajamarca,2019,0.037888
220809,San Martin,Yuracyacu,2019,0.018932
160603,Loreto,Padre Marquez,2019,0.000273
010522,Amazonas,Tingo,2019,0.004069
080906,Cusco,Quellouno,2019,0.000588
010301,Amazonas,Jumbilla,2019,0.00185
080917,Cusco,Manitea,2019,0.003773
250305,Ucayali,Alexander Von Humboldt,2020,0.007964
220509,San Martin,Shanao,2020,0.005182
250304,Ucayali,Neshuya,2020,0.00529
220501,San Martin,Lamas,2020,0.02337
220902,San Martin,Alberto Leveau,2020,0.002968
250102,Ucayali,Campoverde,2020,0.006453
220702,San Martin,Buenos Aires,2020,0.003746
220502,San Martin,Alonso De Alvarado,2020,0.004188
220404,San Martin,Piscoyacu,2020,0.004049
220708,San Martin,Shamboyacu,2020,0.00097
220204,San Martin,Huallaga,2020,0.002176
220605,San Martin,Pajarillo,2020,0.003516
010703,Amazonas,Cumba,2020,0.002309
220704,San Martin,Pilluana,2020,0.010454
220104,San Martin,Jepelacio,2020,0.006797
220505,San Martin,Cuñumbuqui,2020,0.004888
220507,San Martin,Rumisapa,2020,0.022342
220913,San Martin,Sauce,2020,0.010444
010608,Amazonas,Milpuc,2020,0.000703
220405,San Martin,Sacanche,2020,0.002919
220709,San Martin,Tingo De Ponasa,2020,0.004168
220304,San Martin,Santa Rosa,2020,0.002954
100903,Huanuco,Honoria,2020,0.001189
220203,San Martin,Bajo Biavo,2020,0.003022
220710,San Martin,Tres Unidos,2020,0.00172
220510,San Martin,Tabalosos,2020,0.003825
100904,Huanuco,Tournavista,2020,0.000527
010701,Amazonas,Bagua Grande,2020,0.017856
220701,San Martin,Picota,2020,0.01802
220403,San Martin,El Eslabon,2020,0.003653
250105,Ucayali,Yarinacocha,2020,0.040083
220914,San Martin,Shapaja,2020,0.002346
010707,Amazonas,Yamon,2020,0.001393
010705,Amazonas,Jamalca,2020,0.001756
220205,San Martin,San Pablo,2020,0.006021
220705,San Martin,Pucacaca,2020,0.013557
220601,San Martin,Juanjui,2020,0.01527
100905,Huanuco,Yuyapichis,2020,0.000407
100608,Huanuco,Castillo Grande,2020,0.022412
220302,San Martin,Agua Blanca,2020,0.002484
250306,Ucayali,Huipoca,2020,0.000768
010611,Amazonas,Totora,2020,0.003429
010706,Amazonas,Lonya Grande,2020,0.001021
220706,San Martin,San Cristobal,2020,0.016557
010303,Amazonas,Churuja,2020,0.002404
220301,San Martin,San Jose De Sisa,2020,0.00636
010204,Amazonas,El Parco,2020,0.011261
010306,Amazonas,Florida,2020,0.004423
220303,San Martin,San Martin,2020,0.001732
220106,San Martin,Yantalo,2020,0.015177
220305,San Martin,Shatoja,2020,0.005056
010104,Amazonas,Cheto,2020,0.000974
160201,Loreto,Yurimaguas,2020,0.006326
060901,Cajamarca,San Ignacio,2020,0.007444
220511,San Martin,Zapatero,2020,0.003682
060811,Cajamarca,San Jose Del Alto,2020,0.001186
010206,Amazonas,La Peca,2020,0.00486
220401,San Martin,Saposoa,2020,0.003359
060902,Cajamarca,Chirinos,2020,0.003483
220908,San Martin,Juan Guerra,2020,0.007423
060904,Cajamarca,La Coipa,2020,0.002781
220808,San Martin,Yorongos,2020,0.007253
120607,Junin,Rio Negro,2020,0.003568
060812,Cajamarca,Santa Rosa,2020,0.002247
250106,Ucayali,Nueva Requena,2020,0.000725
220802,San Martin,Awajun,2020,0.003926
250302,Ucayali,Irazola,2020,0.000632
010109,Amazonas,La Jalca,2020,0.002794
220906,San Martin,El Porvenir,2020,0.001668
220707,San Martin,San Hilarion,2020,0.020579
220806,San Martin,Posic,2020,0.02231
220406,San Martin,Tingo De Saposoa,2020,0.005161
100901,Huanuco,Puerto Inca,2020,0.001054
010105,Amazonas,Chiliquin,2020,0.0
220105,San Martin,Soritor,2020,0.010146
220201,San Martin,Bellavista,2020,0.027872
060803,Cajamarca,Chontali,2020,0.000895
100605,Huanuco,Luyando,2020,0.01748
010307,Amazonas,Jazan,2020,0.009053
010502,Amazonas,Camporredondo,2020,0.003625
010515,Amazonas,Providencia,2020,0.000725
010102,Amazonas,Asuncion,2020,0.0
010510,Amazonas,Luya Viejo,2020,0.000998
100601,Huanuco,Rupa-Rupa,2020,0.020558
010514,Amazonas,Pisuquia,2020,0.000382
060810,Cajamarca,San Felipe,2020,0.002456
010305,Amazonas,Cuispes,2020,0.001992
060905,Cajamarca,Namballe,2020,0.000742
010119,Amazonas,San Isidro De Maino,2020,0.001301
060801,Cajamarca,Jaen,2020,0.026541
010513,Amazonas,Ocumal,2020,0.000867
220912,San Martin,San Antonio,2020,0.005538
220903,San Martin,Cacatachi,2020,0.05994
120602,Junin,Coviriali,2020,0.004466
120304,Junin,San Luis De Shuaro,2020,0.001346
120601,Junin,Satipo,2020,0.007332
010203,Amazonas,Copallin,2020,0.004416
010112,Amazonas,Magdalena,2020,0.001707
220102,San Martin,Calzada,2020,0.021756
060805,Cajamarca,Huabal,2020,0.002811
010610,Amazonas,Santa Rosa,2020,0.003736
220503,San Martin,Barranquita,2020,0.00077
220801,San Martin,Rioja,2020,0.058929
220703,San Martin,Caspisapa,2020,0.009983
080904,Cusco,Maranura,2020,0.003342
010117,Amazonas,Quinjalca,2020,0.000216
250303,Ucayali,Curimana,2020,0.001404
010308,Amazonas,Recta,2020,0.0
010115,Amazonas,Montevideo,2020,0.001242
010114,Amazonas,Molinopampa,2020,0.00064
010503,Amazonas,Cocabamba,2020,0.000281
060809,Cajamarca,Sallique,2020,0.001571
010120,Amazonas,Soloco,2020,0.000618
010521,Amazonas,Santo Tomas,2020,0.003051
100113,Huanuco,San Pablo De Pillao,2020,0.000572
010602,Amazonas,Chirimoto,2020,0.000532
100603,Huanuco,Hermilio Valdizan,2020,0.000235
010111,Amazonas,Levanto,2020,0.001521
010518,Amazonas,San Jeronimo,2020,0.000745
010609,Amazonas,Omia,2020,0.000324
100902,Huanuco,Codo Del Pozuzo,2020,0.000305
010113,Amazonas,Mariscal Castilla,2020,0.002884
220101,San Martin,Moyobamba,2020,0.006002
010310,Amazonas,Shipasbamba,2020,0.001703
100103,Huanuco,Chinchao,2020,0.00076
010311,Amazonas,Valera,2020,0.001436
060907,Cajamarca,Tabaconas,2020,0.001055
160112,Loreto,Belen,2020,0.005285
200307,Piura,Sondor,2020,0.001744
220803,San Martin,Elias Soplin Vargas,2020,0.019938
010506,Amazonas,Inguilpata,2020,0.000855
220506,San Martin,Pinto Recodo,2020,0.00105
120303,Junin,Pichanaqui,2020,0.004349
010202,Amazonas,Aramango,2020,0.000661
010606,Amazonas,Longar,2020,0.002725
160101,Loreto,Iquitos,2020,0.032851
010507,Amazonas,Longuita,2020,0.000788
221001,San Martin,Tocache,2020,0.008769
010511,Amazonas,Maria,2020,0.00078
080901,Cusco,Santa Ana,2020,0.015079
120302,Junin,Perene,2020,0.005641
050409,Ayacucho,Canayre,2020,0.003049
221002,San Martin,Nuevo Progreso,2020,0.003602
200303,Piura,El Carmen De La Frontera,2020,0.0004
100609,Huanuco,Pueblo Nuevo,2020,0.00105
080903,Cusco,Huayopata,2020,0.0016
010604,Amazonas,Huambo,2020,0.003148
100505,Huanuco,Jircan,2020,0.000218
010512,Amazonas,Ocalli,2020,0.002234
010101,Amazonas,Chachapoyas,2020,0.048155
060903,Cajamarca,Huarango,2020,0.001034
010116,Amazonas,Olleros,2020,0.0
010605,Amazonas,Limabamba,2020,0.000463
100804,Huanuco,Umari,2020,0.000847
220504,San Martin,Caynarachi,2020,0.001845
080905,Cusco,Ocobamba,2020,0.000534
010517,Amazonas,San Francisco Del Yeso,2020,0.000293
120609,Junin,Vizcatán Del Ene,2020,0.000872
060807,Cajamarca,Pomahuaca,2020,0.00091
010304,Amazonas,Corosha,2020,0.0
221005,San Martin,Uchiza,2020,0.006541
220807,San Martin,San Fernando,2020,0.002741
050512,Ayacucho,Union Progreso,2020,0.01224
060804,Cajamarca,Colasay,2020,0.001096
160503,Loreto,Capelo,2020,0.000566
220910,San Martin,Morales,2020,0.103835
120604,Junin,Mazamari,2020,0.003415
120603,Junin,Llaylla,2020,0.001293
010520,Amazonas,Santa Catalina,2020,0.001118
010603,Amazonas,Cochamal,2020,0.000777
120209,Junin,Mariscal Castilla,2020,0.003955
010601,Amazonas,San Nicolas,2020,0.012476
010519,Amazonas,San Juan De Lopecancha,2020,5.1e-05
160211,Loreto,Teniente Cesar Lopez Rojas,2020,0.000569
080408,Cusco,Yanatile,2020,0.000662
050408,Ayacucho,Llochegua,2020,0.003303
100507,Huanuco,Monzon,2020,0.001697
081304,Cusco,Machupicchu,2020,0.000928
220909,San Martin,La Banda De Shilcayo,2020,0.03757
220103,San Martin,Habana,2020,0.029099
100606,Huanuco,Mariano Damaso Beraun,2020,0.001424
010508,Amazonas,Lonya Chico,2020,0.005462
170102,Madre De Dios,Inambari,2020,0.00096
050502,Ayacucho,Anco,2020,0.001562
010523,Amazonas,Trita,2020,0.020037
010516,Amazonas,San Cristobal,2020,0.002978
080918,Cusco,Union Ashaninka,2020,0.00334
221006,San Martin,Santa Lucia,2020,0.005873
100702,Huanuco,Cholon,2020,0.000648
211205,Puno,Phara,2020,0.000183
170204,Madre De Dios,Huepetuhe,2020,0.000958
010302,Amazonas,Chisquilla,2020,0.0
050507,Ayacucho,Santa Rosa,2020,0.004649
220804,San Martin,Nueva Cajamarca,2020,0.039621
220809,San Martin,Yuracyacu,2020,0.019749
160603,Loreto,Padre Marquez,2020,0.000297
010522,Amazonas,Tingo,2020,0.004061
080906,Cusco,Quellouno,2020,0.000593
010301,Amazonas,Jumbilla,2020,0.00185
080917,Cusco,Manitea,2020,0.004079
250305,Ucayali,Alexander Von Humboldt,2021,0.008424
220509,San Martin,Shanao,2021,0.005401
250304,Ucayali,Neshuya,2021,0.005738
220501,San Martin,Lamas,2021,0.023699
220902,San Martin,Alberto Leveau,2021,0.003002
250102,Ucayali,Campoverde,2021,0.007019
220702,San Martin,Buenos Aires,2021,0.003852
220502,San Martin,Alonso De Alvarado,2021,0.004272
220404,San Martin,Piscoyacu,2021,0.004114
220708,San Martin,Shamboyacu,2021,0.001002
220204,San Martin,Huallaga,2021,0.002439
220605,San Martin,Pajarillo,2021,0.003676
010703,Amazonas,Cumba,2021,0.002359
220704,San Martin,Pilluana,2021,0.010493
220104,San Martin,Jepelacio,2021,0.006933
220505,San Martin,Cuñumbuqui,2021,0.005044
220507,San Martin,Rumisapa,2021,0.02293
220913,San Martin,Sauce,2021,0.010744
010608,Amazonas,Milpuc,2021,0.000745
220405,San Martin,Sacanche,2021,0.002974
220709,San Martin,Tingo De Ponasa,2021,0.004317
220304,San Martin,Santa Rosa,2021,0.003025
100903,Huanuco,Honoria,2021,0.001244
220203,San Martin,Bajo Biavo,2021,0.003138
220710,San Martin,Tres Unidos,2021,0.001785
220510,San Martin,Tabalosos,2021,0.003856
100904,Huanuco,Tournavista,2021,0.000555
010701,Amazonas,Bagua Grande,2021,0.018223
220701,San Martin,Picota,2021,0.018314
220403,San Martin,El Eslabon,2021,0.00371
250105,Ucayali,Yarinacocha,2021,0.043381
220914,San Martin,Shapaja,2021,0.002387
010707,Amazonas,Yamon,2021,0.001525
010705,Amazonas,Jamalca,2021,0.001898
220205,San Martin,San Pablo,2021,0.006237
220705,San Martin,Pucacaca,2021,0.013693
220601,San Martin,Juanjui,2021,0.015891
100905,Huanuco,Yuyapichis,2021,0.000414
100608,Huanuco,Castillo Grande,2021,0.023664
220302,San Martin,Agua Blanca,2021,0.002519
250306,Ucayali,Huipoca,2021,0.000821
010611,Amazonas,Totora,2021,0.00352
010706,Amazonas,Lonya Grande,2021,0.001057
220706,San Martin,San Cristobal,2021,0.01697
010303,Amazonas,Churuja,2021,0.003103
220301,San Martin,San Jose De Sisa,2021,0.006571
010204,Amazonas,El Parco,2021,0.011506
010306,Amazonas,Florida,2021,0.004527
220303,San Martin,San Martin,2021,0.001787
220106,San Martin,Yantalo,2021,0.016199
220305,San Martin,Shatoja,2021,0.005328
010104,Amazonas,Cheto,2021,0.001024
160201,Loreto,Yurimaguas,2021,0.006645
060901,Cajamarca,San Ignacio,2021,0.007856
220511,San Martin,Zapatero,2021,0.003743
060811,Cajamarca,San Jose Del Alto,2021,0.001222
010206,Amazonas,La Peca,2021,0.004983
220401,San Martin,Saposoa,2021,0.003464
060902,Cajamarca,Chirinos,2021,0.003593
220908,San Martin,Juan Guerra,2021,0.007557
060904,Cajamarca,La Coipa,2021,0.002878
220808,San Martin,Yorongos,2021,0.007296
120607,Junin,Rio Negro,2021,0.003937
060812,Cajamarca,Santa Rosa,2021,0.00237
250106,Ucayali,Nueva Requena,2021,0.000784
220802,San Martin,Awajun,2021,0.004275
250302,Ucayali,Irazola,2021,0.000669
010109,Amazonas,La Jalca,2021,0.002873
220906,San Martin,El Porvenir,2021,0.001687
220707,San Martin,San Hilarion,2021,0.020826
220806,San Martin,Posic,2021,0.022699
220406,San Martin,Tingo De Saposoa,2021,0.005161
100901,Huanuco,Puerto Inca,2021,0.001104
010105,Amazonas,Chiliquin,2021,0.0
220105,San Martin,Soritor,2021,0.010465
220201,San Martin,Bellavista,2021,0.028423
060803,Cajamarca,Chontali,2021,0.000914
100605,Huanuco,Luyando,2021,0.019935
010307,Amazonas,Jazan,2021,0.009793
010502,Amazonas,Camporredondo,2021,0.003755
010515,Amazonas,Providencia,2021,0.000733
010102,Amazonas,Asuncion,2021,0.0
010510,Amazonas,Luya Viejo,2021,0.001024
100601,Huanuco,Rupa-Rupa,2021,0.021618
010514,Amazonas,Pisuquia,2021,0.000391
060810,Cajamarca,San Felipe,2021,0.002629
010305,Amazonas,Cuispes,2021,0.002094
060905,Cajamarca,Namballe,2021,0.000763
010119,Amazonas,San Isidro De Maino,2021,0.00131
060801,Cajamarca,Jaen,2021,0.02781
010513,Amazonas,Ocumal,2021,0.000894
220912,San Martin,San Antonio,2021,0.005992
220903,San Martin,Cacatachi,2021,0.062566
120602,Junin,Coviriali,2021,0.004834
120304,Junin,San Luis De Shuaro,2021,0.001479
120601,Junin,Satipo,2021,0.007663
010203,Amazonas,Copallin,2021,0.004524
010112,Amazonas,Magdalena,2021,0.001746
220102,San Martin,Calzada,2021,0.022255
060805,Cajamarca,Huabal,2021,0.002853
010610,Amazonas,Santa Rosa,2021,0.003736
220503,San Martin,Barranquita,2021,0.000789
220801,San Martin,Rioja,2021,0.060627
220703,San Martin,Caspisapa,2021,0.010439
080904,Cusco,Maranura,2021,0.003469
010117,Amazonas,Quinjalca,2021,0.000216
250303,Ucayali,Curimana,2021,0.001544
010308,Amazonas,Recta,2021,0.0
010115,Amazonas,Montevideo,2021,0.00125
010114,Amazonas,Molinopampa,2021,0.000711
010503,Amazonas,Cocabamba,2021,0.000284
060809,Cajamarca,Sallique,2021,0.001614
010120,Amazonas,Soloco,2021,0.00063
010521,Amazonas,Santo Tomas,2021,0.00313
100113,Huanuco,San Pablo De Pillao,2021,0.000669
010602,Amazonas,Chirimoto,2021,0.000532
100603,Huanuco,Hermilio Valdizan,2021,0.000269
010111,Amazonas,Levanto,2021,0.00158
010518,Amazonas,San Jeronimo,2021,0.000762
010609,Amazonas,Omia,2021,0.000324
100902,Huanuco,Codo Del Pozuzo,2021,0.000331
010113,Amazonas,Mariscal Castilla,2021,0.002997
220101,San Martin,Moyobamba,2021,0.006226
010310,Amazonas,Shipasbamba,2021,0.001731
100103,Huanuco,Chinchao,2021,0.000877
010311,Amazonas,Valera,2021,0.001459
060907,Cajamarca,Tabaconas,2021,0.001067
160112,Loreto,Belen,2021,0.005331
200307,Piura,Sondor,2021,0.00178
220803,San Martin,Elias Soplin Vargas,2021,0.021523
010506,Amazonas,Inguilpata,2021,0.000863
220506,San Martin,Pinto Recodo,2021,0.001074
120303,Junin,Pichanaqui,2021,0.004504
010202,Amazonas,Aramango,2021,0.000716
010606,Amazonas,Longar,2021,0.002779
160101,Loreto,Iquitos,2021,0.033262
010507,Amazonas,Longuita,2021,0.000788
221001,San Martin,Tocache,2021,0.009086
010511,Amazonas,Maria,2021,0.000821
080901,Cusco,Santa Ana,2021,0.015591
120302,Junin,Perene,2021,0.005888
050409,Ayacucho,Canayre,2021,0.003299
221002,San Martin,Nuevo Progreso,2021,0.003871
200303,Piura,El Carmen De La Frontera,2021,0.000405
100609,Huanuco,Pueblo Nuevo,2021,0.001161
080903,Cusco,Huayopata,2021,0.001628
010604,Amazonas,Huambo,2021,0.003285
100505,Huanuco,Jircan,2021,0.000251
010512,Amazonas,Ocalli,2021,0.002322
010101,Amazonas,Chachapoyas,2021,0.048956
060903,Cajamarca,Huarango,2021,0.001093
010116,Amazonas,Olleros,2021,0.0
010605,Amazonas,Limabamba,2021,0.000486
100804,Huanuco,Umari,2021,0.001009
220504,San Martin,Caynarachi,2021,0.001952
080905,Cusco,Ocobamba,2021,0.000546
010517,Amazonas,San Francisco Del Yeso,2021,0.000293
120609,Junin,Vizcatán Del Ene,2021,0.000908
060807,Cajamarca,Pomahuaca,2021,0.001087
010304,Amazonas,Corosha,2021,0.0
221005,San Martin,Uchiza,2021,0.006777
220807,San Martin,San Fernando,2021,0.002793
050512,Ayacucho,Union Progreso,2021,0.012931
060804,Cajamarca,Colasay,2021,0.001123
160503,Loreto,Capelo,2021,0.00058
220910,San Martin,Morales,2021,0.105851
120604,Junin,Mazamari,2021,0.00362
120603,Junin,Llaylla,2021,0.001353
010520,Amazonas,Santa Catalina,2021,0.00121
010603,Amazonas,Cochamal,2021,0.000801
120209,Junin,Mariscal Castilla,2021,0.004017
010601,Amazonas,San Nicolas,2021,0.012832
010519,Amazonas,San Juan De Lopecancha,2021,5.1e-05
160211,Loreto,Teniente Cesar Lopez Rojas,2021,0.000582
080408,Cusco,Yanatile,2021,0.000682
050408,Ayacucho,Llochegua,2021,0.003547
100507,Huanuco,Monzon,2021,0.001771
081304,Cusco,Machupicchu,2021,0.001071
220909,San Martin,La Banda De Shilcayo,2021,0.038633
220103,San Martin,Habana,2021,0.029861
100606,Huanuco,Mariano Damaso Beraun,2021,0.001531
010508,Amazonas,Lonya Chico,2021,0.005526
170102,Madre De Dios,Inambari,2021,0.001094
050502,Ayacucho,Anco,2021,0.001613
010523,Amazonas,Trita,2021,0.020609
010516,Amazonas,San Cristobal,2021,0.002978
080918,Cusco,Union Ashaninka,2021,0.003664
221006,San Martin,Santa Lucia,2021,0.006335
100702,Huanuco,Cholon,2021,0.000678
211205,Puno,Phara,2021,0.000211
170204,Madre De Dios,Huepetuhe,2021,0.001052
010302,Amazonas,Chisquilla,2021,0.0
050507,Ayacucho,Santa Rosa,2021,0.00477
220804,San Martin,Nueva Cajamarca,2021,0.042233
220809,San Martin,Yuracyacu,2021,0.020279
160603,Loreto,Padre Marquez,2021,0.00031
010522,Amazonas,Tingo,2021,0.004159
080906,Cusco,Quellouno,2021,0.000616
010301,Amazonas,Jumbilla,2021,0.001856
080917,Cusco,Manitea,2021,0.004244
250305,Ucayali,Alexander Von Humboldt,2022,0.009363
220509,San Martin,Shanao,2022,0.005437
250304,Ucayali,Neshuya,2022,0.006183
220501,San Martin,Lamas,2022,0.023926
220902,San Martin,Alberto Leveau,2022,0.003002
250102,Ucayali,Campoverde,2022,0.007735
220702,San Martin,Buenos Aires,2022,0.003892
220502,San Martin,Alonso De Alvarado,2022,0.004311
220404,San Martin,Piscoyacu,2022,0.004118
220708,San Martin,Shamboyacu,2022,0.001011
220204,San Martin,Huallaga,2022,0.002471
220605,San Martin,Pajarillo,2022,0.003684
010703,Amazonas,Cumba,2022,0.002424
220704,San Martin,Pilluana,2022,0.010532
220104,San Martin,Jepelacio,2022,0.007
220505,San Martin,Cuñumbuqui,2022,0.005064
220507,San Martin,Rumisapa,2022,0.023144
220913,San Martin,Sauce,2022,0.01077
010608,Amazonas,Milpuc,2022,0.000745
220405,San Martin,Sacanche,2022,0.002974
220709,San Martin,Tingo De Ponasa,2022,0.004319
220304,San Martin,Santa Rosa,2022,0.003036
100903,Huanuco,Honoria,2022,0.001345
220203,San Martin,Bajo Biavo,2022,0.00315
220710,San Martin,Tres Unidos,2022,0.001787
220510,San Martin,Tabalosos,2022,0.003886
100904,Huanuco,Tournavista,2022,0.000614
010701,Amazonas,Bagua Grande,2022,0.018628
220701,San Martin,Picota,2022,0.018289
220403,San Martin,El Eslabon,2022,0.003724
250105,Ucayali,Yarinacocha,2022,0.045749
220914,San Martin,Shapaja,2022,0.002406
010707,Amazonas,Yamon,2022,0.001499
010705,Amazonas,Jamalca,2022,0.002056
220205,San Martin,San Pablo,2022,0.006288
220705,San Martin,Pucacaca,2022,0.013706
220601,San Martin,Juanjui,2022,0.015972
100905,Huanuco,Yuyapichis,2022,0.000436
100608,Huanuco,Castillo Grande,2022,0.023766
220302,San Martin,Agua Blanca,2022,0.002536
250306,Ucayali,Huipoca,2022,0.000846
010611,Amazonas,Totora,2022,0.003703
010706,Amazonas,Lonya Grande,2022,0.001099
220706,San Martin,San Cristobal,2022,0.017472
010303,Amazonas,Churuja,2022,0.00327
220301,San Martin,San Jose De Sisa,2022,0.006591
010204,Amazonas,El Parco,2022,0.011751
010306,Amazonas,Florida,2022,0.004667
220303,San Martin,San Martin,2022,0.001797
220106,San Martin,Yantalo,2022,0.016225
220305,San Martin,Shatoja,2022,0.005343
010104,Amazonas,Cheto,2022,0.00105
160201,Loreto,Yurimaguas,2022,0.006903
060901,Cajamarca,San Ignacio,2022,0.008909
220511,San Martin,Zapatero,2022,0.003774
060811,Cajamarca,San Jose Del Alto,2022,0.00128
010206,Amazonas,La Peca,2022,0.005163
220401,San Martin,Saposoa,2022,0.003477
060902,Cajamarca,Chirinos,2022,0.003793
220908,San Martin,Juan Guerra,2022,0.00758
060904,Cajamarca,La Coipa,2022,0.003081
220808,San Martin,Yorongos,2022,0.007318
120607,Junin,Rio Negro,2022,0.004046
060812,Cajamarca,Santa Rosa,2022,0.002444
250106,Ucayali,Nueva Requena,2022,0.00085
220802,San Martin,Awajun,2022,0.004303
250302,Ucayali,Irazola,2022,0.000735
010109,Amazonas,La Jalca,2022,0.002952
220906,San Martin,El Porvenir,2022,0.001825
220707,San Martin,San Hilarion,2022,0.020843
220806,San Martin,Posic,2022,0.023054
220406,San Martin,Tingo De Saposoa,2022,0.00518
100901,Huanuco,Puerto Inca,2022,0.001169
010105,Amazonas,Chiliquin,2022,0.0
220105,San Martin,Soritor,2022,0.010603
220201,San Martin,Bellavista,2022,0.028553
060803,Cajamarca,Chontali,2022,0.000953
100605,Huanuco,Luyando,2022,0.020093
010307,Amazonas,Jazan,2022,0.00991
010502,Amazonas,Camporredondo,2022,0.003999
010515,Amazonas,Providencia,2022,0.000741
010102,Amazonas,Asuncion,2022,0.0
010510,Amazonas,Luya Viejo,2022,0.001063
100601,Huanuco,Rupa-Rupa,2022,0.021673
010514,Amazonas,Pisuquia,2022,0.00041
060810,Cajamarca,San Felipe,2022,0.002758
010305,Amazonas,Cuispes,2022,0.002167
060905,Cajamarca,Namballe,2022,0.000885
010119,Amazonas,San Isidro De Maino,2022,0.001318
060801,Cajamarca,Jaen,2022,0.029005
010513,Amazonas,Ocumal,2022,0.000928
220912,San Martin,San Antonio,2022,0.006219
220903,San Martin,Cacatachi,2022,0.062854
120602,Junin,Coviriali,2022,0.004933
120304,Junin,San Luis De Shuaro,2022,0.00146
120601,Junin,Satipo,2022,0.007791
010203,Amazonas,Copallin,2022,0.004578
010112,Amazonas,Magdalena,2022,0.001772
220102,San Martin,Calzada,2022,0.022477
060805,Cajamarca,Huabal,2022,0.002916
010610,Amazonas,Santa Rosa,2022,0.003736
220503,San Martin,Barranquita,2022,0.00085
220801,San Martin,Rioja,2022,0.061074
220703,San Martin,Caspisapa,2022,0.010392
080904,Cusco,Maranura,2022,0.003485
010117,Amazonas,Quinjalca,2022,0.000237
250303,Ucayali,Curimana,2022,0.001666
010308,Amazonas,Recta,2022,0.0
010115,Amazonas,Montevideo,2022,0.001278
010114,Amazonas,Molinopampa,2022,0.000739
010503,Amazonas,Cocabamba,2022,0.000287
060809,Cajamarca,Sallique,2022,0.001712
010120,Amazonas,Soloco,2022,0.000642
010521,Amazonas,Santo Tomas,2022,0.00314
100113,Huanuco,San Pablo De Pillao,2022,0.001164
010602,Amazonas,Chirimoto,2022,0.000532
100603,Huanuco,Hermilio Valdizan,2022,0.000269
010111,Amazonas,Levanto,2022,0.001663
010518,Amazonas,San Jeronimo,2022,0.000787
010609,Amazonas,Omia,2022,0.000332
100902,Huanuco,Codo Del Pozuzo,2022,0.000383
010113,Amazonas,Mariscal Castilla,2022,0.003031
220101,San Martin,Moyobamba,2022,0.006293
010310,Amazonas,Shipasbamba,2022,0.001824
100103,Huanuco,Chinchao,2022,0.001363
010311,Amazonas,Valera,2022,0.00147
060907,Cajamarca,Tabaconas,2022,0.001158
160112,Loreto,Belen,2022,0.005382
200307,Piura,Sondor,2022,0.001894
220803,San Martin,Elias Soplin Vargas,2022,0.021744
010506,Amazonas,Inguilpata,2022,0.000878
220506,San Martin,Pinto Recodo,2022,0.001074
120303,Junin,Pichanaqui,2022,0.004615
010202,Amazonas,Aramango,2022,0.000782
010606,Amazonas,Longar,2022,0.002876
160101,Loreto,Iquitos,2022,0.033501
010507,Amazonas,Longuita,2022,0.000788
221001,San Martin,Tocache,2022,0.009138
010511,Amazonas,Maria,2022,0.000831
080901,Cusco,Santa Ana,2022,0.015725
120302,Junin,Perene,2022,0.006047
050409,Ayacucho,Canayre,2022,0.003454
221002,San Martin,Nuevo Progreso,2022,0.00389
200303,Piura,El Carmen De La Frontera,2022,0.000431
100609,Huanuco,Pueblo Nuevo,2022,0.001172
080903,Cusco,Huayopata,2022,0.001644
010604,Amazonas,Huambo,2022,0.003285
100505,Huanuco,Jircan,2022,0.000592
010512,Amazonas,Ocalli,2022,0.002426
010101,Amazonas,Chachapoyas,2022,0.049774
060903,Cajamarca,Huarango,2022,0.001176
010116,Amazonas,Olleros,2022,0.0
010605,Amazonas,Limabamba,2022,0.00049
100804,Huanuco,Umari,2022,0.004419
220504,San Martin,Caynarachi,2022,0.002141
080905,Cusco,Ocobamba,2022,0.000551
010517,Amazonas,San Francisco Del Yeso,2022,0.000318
120609,Junin,Vizcatán Del Ene,2022,0.000951
060807,Cajamarca,Pomahuaca,2022,0.001105
010304,Amazonas,Corosha,2022,0.0
221005,San Martin,Uchiza,2022,0.006848
220807,San Martin,San Fernando,2022,0.002818
050512,Ayacucho,Union Progreso,2022,0.013043
060804,Cajamarca,Colasay,2022,0.001155
160503,Loreto,Capelo,2022,0.000604
220910,San Martin,Morales,2022,0.106797
120604,Junin,Mazamari,2022,0.003757
120603,Junin,Llaylla,2022,0.001387
010520,Amazonas,Santa Catalina,2022,0.001291
010603,Amazonas,Cochamal,2022,0.000801
120209,Junin,Mariscal Castilla,2022,0.004033
010601,Amazonas,San Nicolas,2022,0.01298
010519,Amazonas,San Juan De Lopecancha,2022,5.1e-05
160211,Loreto,Teniente Cesar Lopez Rojas,2022,0.000632
080408,Cusco,Yanatile,2022,0.000686
050408,Ayacucho,Llochegua,2022,0.003691
100507,Huanuco,Monzon,2022,0.001783
081304,Cusco,Machupicchu,2022,0.000989
220909,San Martin,La Banda De Shilcayo,2022,0.038816
220103,San Martin,Habana,2022,0.030171
100606,Huanuco,Mariano Damaso Beraun,2022,0.001558
010508,Amazonas,Lonya Chico,2022,0.005731
170102,Madre De Dios,Inambari,2022,0.001158
050502,Ayacucho,Anco,2022,0.001661
010523,Amazonas,Trita,2022,0.021627
010516,Amazonas,San Cristobal,2022,0.003203
080918,Cusco,Union Ashaninka,2022,0.004105
221006,San Martin,Santa Lucia,2022,0.006381
100702,Huanuco,Cholon,2022,0.000682
211205,Puno,Phara,2022,0.000273
170204,Madre De Dios,Huepetuhe,2022,0.00108
010302,Amazonas,Chisquilla,2022,0.0
050507,Ayacucho,Santa Rosa,2022,0.004891
220804,San Martin,Nueva Cajamarca,2022,0.042752
220809,San Martin,Yuracyacu,2022,0.020351
160603,Loreto,Padre Marquez,2022,0.000337
010522,Amazonas,Tingo,2022,0.004248
080906,Cusco,Quellouno,2022,0.000616
010301,Amazonas,Jumbilla,2022,0.001878
080917,Cusco,Manitea,2022,0.004636
250305,Ucayali,Alexander Von Humboldt,2023,0.010926
220509,San Martin,Shanao,2023,0.00562
250304,Ucayali,Neshuya,2023,0.007254
220501,San Martin,Lamas,2023,0.024008
220902,San Martin,Alberto Leveau,2023,0.003002
250102,Ucayali,Campoverde,2023,0.008923
220702,San Martin,Buenos Aires,2023,0.003932
220502,San Martin,Alonso De Alvarado,2023,0.004338
220404,San Martin,Piscoyacu,2023,0.004128
220708,San Martin,Shamboyacu,2023,0.001022
220204,San Martin,Huallaga,2023,0.002484
220605,San Martin,Pajarillo,2023,0.003698
010703,Amazonas,Cumba,2023,0.00245
220704,San Martin,Pilluana,2023,0.010532
220104,San Martin,Jepelacio,2023,0.007041
220505,San Martin,Cuñumbuqui,2023,0.005074
220507,San Martin,Rumisapa,2023,0.023144
220913,San Martin,Sauce,2023,0.010788
010608,Amazonas,Milpuc,2023,0.000745
220405,San Martin,Sacanche,2023,0.00298
220709,San Martin,Tingo De Ponasa,2023,0.004322
220304,San Martin,Santa Rosa,2023,0.003036
100903,Huanuco,Honoria,2023,0.00146
220203,San Martin,Bajo Biavo,2023,0.00316
220710,San Martin,Tres Unidos,2023,0.001787
220510,San Martin,Tabalosos,2023,0.003945
100904,Huanuco,Tournavista,2023,0.000713
010701,Amazonas,Bagua Grande,2023,0.018904
220701,San Martin,Picota,2023,0.018392
220403,San Martin,El Eslabon,2023,0.003738
250105,Ucayali,Yarinacocha,2023,0.048679
220914,San Martin,Shapaja,2023,0.002447
010707,Amazonas,Yamon,2023,0.001663
010705,Amazonas,Jamalca,2023,0.002152
220205,San Martin,San Pablo,2023,0.006319
220705,San Martin,Pucacaca,2023,0.013723
220601,San Martin,Juanjui,2023,0.016061
100905,Huanuco,Yuyapichis,2023,0.000454
100608,Huanuco,Castillo Grande,2023,0.023994
220302,San Martin,Agua Blanca,2023,0.002536
250306,Ucayali,Huipoca,2023,0.000936
010611,Amazonas,Totora,2023,0.003703
010706,Amazonas,Lonya Grande,2023,0.001133
220706,San Martin,San Cristobal,2023,0.017708
010303,Amazonas,Churuja,2023,0.003354
220301,San Martin,San Jose De Sisa,2023,0.006599
010204,Amazonas,El Parco,2023,0.0118
010306,Amazonas,Florida,2023,0.004924
220303,San Martin,San Martin,2023,0.001811
220106,San Martin,Yantalo,2023,0.016289
220305,San Martin,Shatoja,2023,0.005343
010104,Amazonas,Cheto,2023,0.001138
160201,Loreto,Yurimaguas,2023,0.00759
060901,Cajamarca,San Ignacio,2023,0.009354
220511,San Martin,Zapatero,2023,0.003794
060811,Cajamarca,San Jose Del Alto,2023,0.001368
010206,Amazonas,La Peca,2023,0.005221
220401,San Martin,Saposoa,2023,0.003494
060902,Cajamarca,Chirinos,2023,0.004411
220908,San Martin,Juan Guerra,2023,0.007584
060904,Cajamarca,La Coipa,2023,0.003349
220808,San Martin,Yorongos,2023,0.00735
120607,Junin,Rio Negro,2023,0.004046
060812,Cajamarca,Santa Rosa,2023,0.00253
250106,Ucayali,Nueva Requena,2023,0.00091
220802,San Martin,Awajun,2023,0.004326
250302,Ucayali,Irazola,2023,0.000798
010109,Amazonas,La Jalca,2023,0.003038
220906,San Martin,El Porvenir,2023,0.002228
220707,San Martin,San Hilarion,2023,0.020937
220806,San Martin,Posic,2023,0.023122
220406,San Martin,Tingo De Saposoa,2023,0.005218
100901,Huanuco,Puerto Inca,2023,0.001218
010105,Amazonas,Chiliquin,2023,0.0
220105,San Martin,Soritor,2023,0.010635
220201,San Martin,Bellavista,2023,0.028659
060803,Cajamarca,Chontali,2023,0.001012
100605,Huanuco,Luyando,2023,0.020331
010307,Amazonas,Jazan,2023,0.010368
010502,Amazonas,Camporredondo,2023,0.004113
010515,Amazonas,Providencia,2023,0.000786
010102,Amazonas,Asuncion,2023,0.0
010510,Amazonas,Luya Viejo,2023,0.001208
100601,Huanuco,Rupa-Rupa,2023,0.022025
010514,Amazonas,Pisuquia,2023,0.000413
060810,Cajamarca,San Felipe,2023,0.002959
010305,Amazonas,Cuispes,2023,0.002232
060905,Cajamarca,Namballe,2023,0.000944
010119,Amazonas,San Isidro De Maino,2023,0.001326
060801,Cajamarca,Jaen,2023,0.030597
010513,Amazonas,Ocumal,2023,0.000953
220912,San Martin,San Antonio,2023,0.006253
220903,San Martin,Cacatachi,2023,0.062921
120602,Junin,Coviriali,2023,0.004951
120304,Junin,San Luis De Shuaro,2023,0.001465
120601,Junin,Satipo,2023,0.007791
010203,Amazonas,Copallin,2023,0.004632
010112,Amazonas,Magdalena,2023,0.001792
220102,San Martin,Calzada,2023,0.022516
060805,Cajamarca,Huabal,2023,0.003179
010610,Amazonas,Santa Rosa,2023,0.003736
220503,San Martin,Barranquita,2023,0.000996
220801,San Martin,Rioja,2023,0.061202
220703,San Martin,Caspisapa,2023,0.010427
080904,Cusco,Maranura,2023,0.003512
010117,Amazonas,Quinjalca,2023,0.000237
250303,Ucayali,Curimana,2023,0.001835
010308,Amazonas,Recta,2023,0.0
010115,Amazonas,Montevideo,2023,0.001278
010114,Amazonas,Molinopampa,2023,0.00075
010503,Amazonas,Cocabamba,2023,0.00031
060809,Cajamarca,Sallique,2023,0.001872
010120,Amazonas,Soloco,2023,0.00069
010521,Amazonas,Santo Tomas,2023,0.00317
100113,Huanuco,San Pablo De Pillao,2023,0.001167
010602,Amazonas,Chirimoto,2023,0.000532
100603,Huanuco,Hermilio Valdizan,2023,0.000272
010111,Amazonas,Levanto,2023,0.001758
010518,Amazonas,San Jeronimo,2023,0.000804
010609,Amazonas,Omia,2023,0.000332
100902,Huanuco,Codo Del Pozuzo,2023,0.000422
010113,Amazonas,Mariscal Castilla,2023,0.003121
220101,San Martin,Moyobamba,2023,0.00631
010310,Amazonas,Shipasbamba,2023,0.001838
100103,Huanuco,Chinchao,2023,0.001378
010311,Amazonas,Valera,2023,0.001493
060907,Cajamarca,Tabaconas,2023,0.001231
160112,Loreto,Belen,2023,0.005457
200307,Piura,Sondor,2023,0.00197
220803,San Martin,Elias Soplin Vargas,2023,0.021817
010506,Amazonas,Inguilpata,2023,0.000878
220506,San Martin,Pinto Recodo,2023,0.00108
120303,Junin,Pichanaqui,2023,0.004623
010202,Amazonas,Aramango,2023,0.000877
010606,Amazonas,Longar,2023,0.002876
160101,Loreto,Iquitos,2023,0.033967
010507,Amazonas,Longuita,2023,0.000788
221001,San Martin,Tocache,2023,0.009154
010511,Amazonas,Maria,2023,0.000861
080901,Cusco,Santa Ana,2023,0.015791
120302,Junin,Perene,2023,0.00606
050409,Ayacucho,Canayre,2023,0.003555
221002,San Martin,Nuevo Progreso,2023,0.003931
200303,Piura,El Carmen De La Frontera,2023,0.000456
100609,Huanuco,Pueblo Nuevo,2023,0.001194
080903,Cusco,Huayopata,2023,0.001659
010604,Amazonas,Huambo,2023,0.003285
100505,Huanuco,Jircan,2023,0.000592
010512,Amazonas,Ocalli,2023,0.002539
010101,Amazonas,Chachapoyas,2023,0.050889
060903,Cajamarca,Huarango,2023,0.001221
010116,Amazonas,Olleros,2023,0.0
010605,Amazonas,Limabamba,2023,0.000496
100804,Huanuco,Umari,2023,0.004419
220504,San Martin,Caynarachi,2023,0.00246
080905,Cusco,Ocobamba,2023,0.000553
010517,Amazonas,San Francisco Del Yeso,2023,0.000318
120609,Junin,Vizcatán Del Ene,2023,0.000951
060807,Cajamarca,Pomahuaca,2023,0.001152
010304,Amazonas,Corosha,2023,0.0
221005,San Martin,Uchiza,2023,0.00688
220807,San Martin,San Fernando,2023,0.002818
050512,Ayacucho,Union Progreso,2023,0.013043
060804,Cajamarca,Colasay,2023,0.001273
160503,Loreto,Capelo,2023,0.000642
220910,San Martin,Morales,2023,0.106902
120604,Junin,Mazamari,2023,0.003763
120603,Junin,Llaylla,2023,0.001387
010520,Amazonas,Santa Catalina,2023,0.00135
010603,Amazonas,Cochamal,2023,0.000801
120209,Junin,Mariscal Castilla,2023,0.004173
010601,Amazonas,San Nicolas,2023,0.012989
010519,Amazonas,San Juan De Lopecancha,2023,5.1e-05
160211,Loreto,Teniente Cesar Lopez Rojas,2023,0.000774
080408,Cusco,Yanatile,2023,0.000689
050408,Ayacucho,Llochegua,2023,0.003748
100507,Huanuco,Monzon,2023,0.001807
081304,Cusco,Machupicchu,2023,0.001076
220909,San Martin,La Banda De Shilcayo,2023,0.038896
220103,San Martin,Habana,2023,0.030236
100606,Huanuco,Mariano Damaso Beraun,2023,0.001584
010508,Amazonas,Lonya Chico,2023,0.00591
170102,Madre De Dios,Inambari,2023,0.001209
050502,Ayacucho,Anco,2023,0.001663
010523,Amazonas,Trita,2023,0.022518
010516,Amazonas,San Cristobal,2023,0.003353
080918,Cusco,Union Ashaninka,2023,0.004105
221006,San Martin,Santa Lucia,2023,0.006394
100702,Huanuco,Cholon,2023,0.000684
211205,Puno,Phara,2023,0.000305
170204,Madre De Dios,Huepetuhe,2023,0.001099
010302,Amazonas,Chisquilla,2023,0.0
050507,Ayacucho,Santa Rosa,2023,0.004916
220804,San Martin,Nueva Cajamarca,2023,0.04292
220809,San Martin,Yuracyacu,2023,0.020465
160603,Loreto,Padre Marquez,2023,0.000378
010522,Amazonas,Tingo,2023,0.004273
080906,Cusco,Quellouno,2023,0.00062
010301,Amazonas,Jumbilla,2023,0.001889
080917,Cusco,Manitea,2023,0.004642
250305,Ucayali,Alexander Von Humboldt,2024,0.011799
220509,San Martin,Shanao,2024,0.00562
250304,Ucayali,Neshuya,2024,0.007465
220501,San Martin,Lamas,2024,0.024008
220902,San Martin,Alberto Leveau,2024,0.003002
250102,Ucayali,Campoverde,2024,0.010025
220702,San Martin,Buenos Aires,2024,0.00392
220502,San Martin,Alonso De Alvarado,2024,0.004338
220404,San Martin,Piscoyacu,2024,0.004128
220708,San Martin,Shamboyacu,2024,0.001022
220204,San Martin,Huallaga,2024,0.002484
220605,San Martin,Pajarillo,2024,0.003698
010703,Amazonas,Cumba,2024,0.002524
220704,San Martin,Pilluana,2024,0.010532
220104,San Martin,Jepelacio,2024,0.007041
220505,San Martin,Cuñumbuqui,2024,0.005074
220507,San Martin,Rumisapa,2024,0.023144
220913,San Martin,Sauce,2024,0.010788
010608,Amazonas,Milpuc,2024,0.000745
220405,San Martin,Sacanche,2024,0.00298
220709,San Martin,Tingo De Ponasa,2024,0.004322
220304,San Martin,Santa Rosa,2024,0.003036
100903,Huanuco,Honoria,2024,0.001616
220203,San Martin,Bajo Biavo,2024,0.003158
220710,San Martin,Tres Unidos,2024,0.001787
220510,San Martin,Tabalosos,2024,0.003942
100904,Huanuco,Tournavista,2024,0.00075
010701,Amazonas,Bagua Grande,2024,0.019567
220701,San Martin,Picota,2024,0.018371
220403,San Martin,El Eslabon,2024,0.003738
250105,Ucayali,Yarinacocha,2024,0.050269
220914,San Martin,Shapaja,2024,0.002413
010707,Amazonas,Yamon,2024,0.001781
010705,Amazonas,Jamalca,2024,0.002246
220205,San Martin,San Pablo,2024,0.006316
220705,San Martin,Pucacaca,2024,0.013723
220601,San Martin,Juanjui,2024,0.016045
100905,Huanuco,Yuyapichis,2024,0.000508
100608,Huanuco,Castillo Grande,2024,0.023952
220302,San Martin,Agua Blanca,2024,0.002536
250306,Ucayali,Huipoca,2024,0.000979
010611,Amazonas,Totora,2024,0.003703
010706,Amazonas,Lonya Grande,2024,0.001192
220706,San Martin,San Cristobal,2024,0.017678
010303,Amazonas,Churuja,2024,0.003438
220301,San Martin,San Jose De Sisa,2024,0.006599
010204,Amazonas,El Parco,2024,0.012632
010306,Amazonas,Florida,2024,0.00522
220303,San Martin,San Martin,2024,0.001811
220106,San Martin,Yantalo,2024,0.016289
220305,San Martin,Shatoja,2024,0.005343
010104,Amazonas,Cheto,2024,0.001189
160201,Loreto,Yurimaguas,2024,0.008144
060901,Cajamarca,San Ignacio,2024,0.009914
220511,San Martin,Zapatero,2024,0.003794
060811,Cajamarca,San Jose Del Alto,2024,0.001522
010206,Amazonas,La Peca,2024,0.005376
220401,San Martin,Saposoa,2024,0.003492
060902,Cajamarca,Chirinos,2024,0.004709
220908,San Martin,Juan Guerra,2024,0.007584
060904,Cajamarca,La Coipa,2024,0.003556
220808,San Martin,Yorongos,2024,0.00735
120607,Junin,Rio Negro,2024,0.004052
060812,Cajamarca,Santa Rosa,2024,0.002711
250106,Ucayali,Nueva Requena,2024,0.001076
220802,San Martin,Awajun,2024,0.004326
250302,Ucayali,Irazola,2024,0.000855
010109,Amazonas,La Jalca,2024,0.00311
220906,San Martin,El Porvenir,2024,0.002237
220707,San Martin,San Hilarion,2024,0.020963
220806,San Martin,Posic,2024,0.023122
220406,San Martin,Tingo De Saposoa,2024,0.005199
100901,Huanuco,Puerto Inca,2024,0.001284
010105,Amazonas,Chiliquin,2024,0.0
220105,San Martin,Soritor,2024,0.010635
220201,San Martin,Bellavista,2024,0.028656
060803,Cajamarca,Chontali,2024,0.001082
100605,Huanuco,Luyando,2024,0.020331
010307,Amazonas,Jazan,2024,0.010755
010502,Amazonas,Camporredondo,2024,0.004324
010515,Amazonas,Providencia,2024,0.000916
010102,Amazonas,Asuncion,2024,0.0
010510,Amazonas,Luya Viejo,2024,0.0013
100601,Huanuco,Rupa-Rupa,2024,0.022021
010514,Amazonas,Pisuquia,2024,0.000443
060810,Cajamarca,San Felipe,2024,0.003067
010305,Amazonas,Cuispes,2024,0.00237
060905,Cajamarca,Namballe,2024,0.000999
010119,Amazonas,San Isidro De Maino,2024,0.001408
060801,Cajamarca,Jaen,2024,0.032671
010513,Amazonas,Ocumal,2024,0.001014
220912,San Martin,San Antonio,2024,0.006253
220903,San Martin,Cacatachi,2024,0.062921
120602,Junin,Coviriali,2024,0.00549
120304,Junin,San Luis De Shuaro,2024,0.001634
120601,Junin,Satipo,2024,0.007918
010203,Amazonas,Copallin,2024,0.004712
010112,Amazonas,Magdalena,2024,0.001844
220102,San Martin,Calzada,2024,0.022516
060805,Cajamarca,Huabal,2024,0.003273
010610,Amazonas,Santa Rosa,2024,0.003736
220503,San Martin,Barranquita,2024,0.00103
220801,San Martin,Rioja,2024,0.061219
220703,San Martin,Caspisapa,2024,0.010427
080904,Cusco,Maranura,2024,0.003506
010117,Amazonas,Quinjalca,2024,0.000259
250303,Ucayali,Curimana,2024,0.001962
010308,Amazonas,Recta,2024,0.0
010115,Amazonas,Montevideo,2024,0.00138
010114,Amazonas,Molinopampa,2024,0.000768
010503,Amazonas,Cocabamba,2024,0.000336
060809,Cajamarca,Sallique,2024,0.001928
010120,Amazonas,Soloco,2024,0.000702
010521,Amazonas,Santo Tomas,2024,0.003338
100113,Huanuco,San Pablo De Pillao,2024,0.001207
010602,Amazonas,Chirimoto,2024,0.000532
100603,Huanuco,Hermilio Valdizan,2024,0.000272
010111,Amazonas,Levanto,2024,0.001889
010518,Amazonas,San Jeronimo,2024,0.000826
010609,Amazonas,Omia,2024,0.000332
100902,Huanuco,Codo Del Pozuzo,2024,0.000467
010113,Amazonas,Mariscal Castilla,2024,0.003177
220101,San Martin,Moyobamba,2024,0.006309
010310,Amazonas,Shipasbamba,2024,0.001916
100103,Huanuco,Chinchao,2024,0.001451
010311,Amazonas,Valera,2024,0.00163
060907,Cajamarca,Tabaconas,2024,0.001267
160112,Loreto,Belen,2024,0.005493
200307,Piura,Sondor,2024,0.002143
220803,San Martin,Elias Soplin Vargas,2024,0.021817
010506,Amazonas,Inguilpata,2024,0.000923
220506,San Martin,Pinto Recodo,2024,0.00108
120303,Junin,Pichanaqui,2024,0.004713
010202,Amazonas,Aramango,2024,0.000886
010606,Amazonas,Longar,2024,0.002876
160101,Loreto,Iquitos,2024,0.03422
010507,Amazonas,Longuita,2024,0.000909
221001,San Martin,Tocache,2024,0.009154
010511,Amazonas,Maria,2024,0.000902
080901,Cusco,Santa Ana,2024,0.015756
120302,Junin,Perene,2024,0.00622
050409,Ayacucho,Canayre,2024,0.003698
221002,San Martin,Nuevo Progreso,2024,0.003928
200303,Piura,El Carmen De La Frontera,2024,0.000563
100609,Huanuco,Pueblo Nuevo,2024,0.001194
080903,Cusco,Huayopata,2024,0.001652
010604,Amazonas,Huambo,2024,0.003285
100505,Huanuco,Jircan,2024,0.000606
010512,Amazonas,Ocalli,2024,0.002788
010101,Amazonas,Chachapoyas,2024,0.053472
060903,Cajamarca,Huarango,2024,0.001274
010116,Amazonas,Olleros,2024,0.0
010605,Amazonas,Limabamba,2024,0.000496
100804,Huanuco,Umari,2024,0.004543
220504,San Martin,Caynarachi,2024,0.002648
080905,Cusco,Ocobamba,2024,0.000553
010517,Amazonas,San Francisco Del Yeso,2024,0.000337
120609,Junin,Vizcatán Del Ene,2024,0.001016
060807,Cajamarca,Pomahuaca,2024,0.001165
010304,Amazonas,Corosha,2024,0.0
221005,San Martin,Uchiza,2024,0.00688
220807,San Martin,San Fernando,2024,0.002818
050512,Ayacucho,Union Progreso,2024,0.015361
060804,Cajamarca,Colasay,2024,0.001365
160503,Loreto,Capelo,2024,0.000631
220910,San Martin,Morales,2024,0.106902
120604,Junin,Mazamari,2024,0.003831
120603,Junin,Llaylla,2024,0.001393
010520,Amazonas,Santa Catalina,2024,0.001426
010603,Amazonas,Cochamal,2024,0.000801
120209,Junin,Mariscal Castilla,2024,0.004375
010601,Amazonas,San Nicolas,2024,0.012989
010519,Amazonas,San Juan De Lopecancha,2024,5.1e-05
160211,Loreto,Teniente Cesar Lopez Rojas,2024,0.000868
080408,Cusco,Yanatile,2024,0.000687
050408,Ayacucho,Llochegua,2024,0.004431
100507,Huanuco,Monzon,2024,0.001807
081304,Cusco,Machupicchu,2024,0.00103
220909,San Martin,La Banda De Shilcayo,2024,0.038903
220103,San Martin,Habana,2024,0.030236
100606,Huanuco,Mariano Damaso Beraun,2024,0.001585
010508,Amazonas,Lonya Chico,2024,0.00646
170102,Madre De Dios,Inambari,2024,0.001289
050502,Ayacucho,Anco,2024,0.001698
010523,Amazonas,Trita,2024,0.024299
010516,Amazonas,San Cristobal,2024,0.003703
080918,Cusco,Union Ashaninka,2024,0.004105
221006,San Martin,Santa Lucia,2024,0.006394
100702,Huanuco,Cholon,2024,0.000684
211205,Puno,Phara,2024,0.000327
170204,Madre De Dios,Huepetuhe,2024,0.001122
010302,Amazonas,Chisquilla,2024,0.0
050507,Ayacucho,Santa Rosa,2024,0.005111
220804,San Martin,Nueva Cajamarca,2024,0.04292
220809,San Martin,Yuracyacu,2024,0.020465
160603,Loreto,Padre Marquez,2024,0.000406
010522,Amazonas,Tingo,2024,0.004403
080906,Cusco,Quellouno,2024,0.000619
010301,Amazonas,Jumbilla,2024,0.00194
080917,Cusco,Manitea,2024,0.00499
