modelo,window_size,hidden_sizes,activation,dropout,epochs,lr,batch_size,rmse_train,mae_train,rmse_test,mae_test,gap_rmse,gap_mae,ratio_rmse,ratio_mae
MLP_w3_h128x64x32_actleaky_relu_d0.0_e50_lr0.001_b16,3,"[128, 64, 32]",leaky_relu,0.0,50,0.001,16,0.01038,0.007221,0.011678,0.007947,0.001298,0.000726,1.125032,1.100571
MLP_w4_h64x32_actleaky_relu_d0.0_e50_lr0.0005_b8,4,"[64, 32]",leaky_relu,0.0,50,0.0005,8,0.010227,0.007502,0.011702,0.008019,0.001474,0.000517,1.144171,1.068934
MLP_w7_h64x32_actleaky_relu_d0.0_e50_lr0.001_b8,7,"[64, 32]",leaky_relu,0.0,50,0.001,8,0.010462,0.007822,0.011718,0.008061,0.001256,0.000239,1.120089,1.030612
MLP_w3_h128x64x32_actrelu_d0.0_e50_lr0.0005_b8,3,"[128, 64, 32]",relu,0.0,50,0.0005,8,0.010689,0.007582,0.011726,0.007945,0.001037,0.000364,1.09701,1.047995
MLP_w5_h64x32_actrelu_d0.0_e50_lr0.0005_b8,5,"[64, 32]",relu,0.0,50,0.0005,8,0.009822,0.007129,0.011727,0.008082,0.001906,0.000953,1.19404,1.133687
