modelo,geocode,departamento,distrito,horizonte,y_true,y_pred,error,abs_error,squared_error,anio
MLP_FINAL_w3_h128x64x32_actleaky_relu_d0.0_e50_lr0.001_b16,010102,Amazonas,Asuncion,1,0.4378221156299433,0.4409292936325073,0.003107178002564,0.003107178002564,9.654555139617909e-06,2020
MLP_FINAL_w3_h128x64x32_actleaky_relu_d0.0_e50_lr0.001_b16,010102,Amazonas,Asuncion,2,0.4525182425881512,0.4334092140197754,-0.0191090285683758,0.0191090285683758,0.000365154972827,2021
MLP_FINAL_w3_h128x64x32_actleaky_relu_d0.0_e50_lr0.001_b16,010102,Amazonas,Asuncion,3,0.4470071949788233,0.4536924660205841,0.0066852710417608,0.0066852710417608,4.469284890180566e-05,2022
MLP_FINAL_w3_h128x64x32_actleaky_relu_d0.0_e50_lr0.001_b16,010102,Amazonas,Asuncion,4,0.440271470122978,0.443814754486084,0.0035432843631059,0.0035432843631059,1.2554864077831276e-05,2023
MLP_FINAL_w3_h128x64x32_actleaky_relu_d0.0_e50_lr0.001_b16,010102,Amazonas,Asuncion,5,0.4403990406694902,0.4352709650993347,-0.0051280755701554,0.0051280755701554,2.6297159053225532e-05,2024
MLP_FINAL_w3_h128x64x32_actleaky_relu_d0.0_e50_lr0.001_b16,010104,Amazonas,Cheto,1,0.5453453377506892,0.5478426218032837,0.0024972840525945,0.0024972840525945,6.236427639342951e-06,2020
MLP_FINAL_w3_h128x64x32_actleaky_relu_d0.0_e50_lr0.001_b16,010104,Amazonas,Cheto,2,0.5521104676158923,0.5370864868164062,-0.015023980799486,0.015023980799486,0.0002257199990633,2021
MLP_FINAL_w3_h128x64x32_actleaky_relu_d0.0_e50_lr0.001_b16,010104,Amazonas,Cheto,3,0.5424875445739865,0.549318253993988,0.0068307094200015,0.0068307094200015,4.6658591180497554e-05,2022
MLP_FINAL_w3_h128x64x32_actleaky_relu_d0.0_e50_lr0.001_b16,010104,Amazonas,Cheto,4,0.5340911964796035,0.537404477596283,0.0033132811166795,0.0033132811166795,1.097783175814496e-05,2023
MLP_FINAL_w3_h128x64x32_actleaky_relu_d0.0_e50_lr0.001_b16,010104,Amazonas,Cheto,5,0.5357477049138869,0.5272954702377319,-0.0084522346761549,0.0084522346761549,7.144027102079648e-05,2024
MLP_FINAL_w3_h128x64x32_actleaky_relu_d0.0_e50_lr0.001_b16,010105,Amazonas,Chiliquin,1,0.5714303656767501,0.5712777376174927,-0.0001526280592574,0.0001526280592574,2.32953244726866e-08,2020
MLP_FINAL_w3_h128x64x32_actleaky_relu_d0.0_e50_lr0.001_b16,010105,Amazonas,Chiliquin,2,0.5850451208560717,0.566548228263855,-0.0184968925922167,0.0184968925922167,0.000342135035568,2021
MLP_FINAL_w3_h128x64x32_actleaky_relu_d0.0_e50_lr0.001_b16,010105,Amazonas,Chiliquin,3,0.5817105106161179,0.5838044285774231,0.0020939179613052,0.0020939179613052,4.384492428676536e-06,2022
MLP_FINAL_w3_h128x64x32_actleaky_relu_d0.0_e50_lr0.001_b16,010105,Amazonas,Chiliquin,4,0.5734085242936717,0.5794040560722351,0.0059955317785633,0.0059955317785633,3.594640130776335e-05,2023
MLP_FINAL_w3_h128x64x32_actleaky_relu_d0.0_e50_lr0.001_b16,010105,Amazonas,Chiliquin,5,0.576341222941616,0.5670256614685059,-0.0093155614731101,0.0093155614731101,8.67796855592949e-05,2024
MLP_FINAL_w3_h128x64x32_actleaky_relu_d0.0_e50_lr0.001_b16,010109,Amazonas,La Jalca,1,0.3125219422372842,0.3044213652610779,-0.0081005769762063,0.0081005769762063,6.561934734744375e-05,2020
MLP_FINAL_w3_h128x64x32_actleaky_relu_d0.0_e50_lr0.001_b16,010109,Amazonas,La Jalca,2,0.3174441682011306,0.3118454217910766,-0.0055987464100539,0.0055987464100539,3.134596136409169e-05,2021
MLP_FINAL_w3_h128x64x32_actleaky_relu_d0.0_e50_lr0.001_b16,010109,Amazonas,La Jalca,3,0.3227747884589205,0.3175008296966553,-0.0052739587622652,0.0052739587622652,2.7814641026074075e-05,2022
MLP_FINAL_w3_h128x64x32_actleaky_relu_d0.0_e50_lr0.001_b16,010109,Amazonas,La Jalca,4,0.3151442634931325,0.3232169449329376,0.0080726814398051,0.0080726814398051,6.516818562857386e-05,2023
MLP_FINAL_w3_h128x64x32_actleaky_relu_d0.0_e50_lr0.001_b16,010109,Amazonas,La Jalca,5,0.3206683336796326,0.3122435808181762,-0.0084247528614563,0.0084247528614563,7.097646077661663e-05,2024
MLP_FINAL_w3_h128x64x32_actleaky_relu_d0.0_e50_lr0.001_b16,010111,Amazonas,Levanto,1,0.2398626572728676,0.2284573316574096,-0.0114053256154579,0.0114053256154579,0.0001300814523946,2020
MLP_FINAL_w3_h128x64x32_actleaky_relu_d0.0_e50_lr0.001_b16,010111,Amazonas,Levanto,2,0.2406111513740213,0.2383160889148712,-0.00229506245915,0.00229506245915,5.2673116914000745e-06,2021
MLP_FINAL_w3_h128x64x32_actleaky_relu_d0.0_e50_lr0.001_b16,010111,Amazonas,Levanto,3,0.2381874561893333,0.2378040850162506,-0.0003833711730826,0.0003833711730826,1.469734563507906e-07,2022
MLP_FINAL_w3_h128x64x32_actleaky_relu_d0.0_e50_lr0.001_b16,010111,Amazonas,Levanto,4,0.2314034858439568,0.2339707911014557,0.0025673052574988,0.0025673052574988,6.591056285181367e-06,2023
MLP_FINAL_w3_h128x64x32_actleaky_relu_d0.0_e50_lr0.001_b16,010111,Amazonas,Levanto,5,0.2335776829949268,0.226225808262825,-0.0073518747321017,0.0073518747321017,5.405006207651657e-05,2024
MLP_FINAL_w3_h128x64x32_actleaky_relu_d0.0_e50_lr0.001_b16,010112,Amazonas,Magdalena,1,0.3664946897194544,0.3603392243385315,-0.0061554653809229,0.0061554653809229,3.788975405574068e-05,2020
MLP_FINAL_w3_h128x64x32_actleaky_relu_d0.0_e50_lr0.001_b16,010112,Amazonas,Magdalena,2,0.3710304176020375,0.3644092381000519,-0.0066211795019855,0.0066211795019855,4.384001799751423e-05,2021
MLP_FINAL_w3_h128x64x32_actleaky_relu_d0.0_e50_lr0.001_b16,010112,Amazonas,Magdalena,3,0.381020834153834,0.3696561753749847,-0.0113646587788492,0.0113646587788492,0.0001291554691596,2022
MLP_FINAL_w3_h128x64x32_actleaky_relu_d0.0_e50_lr0.001_b16,010112,Amazonas,Magdalena,4,0.3749491289564544,0.38081955909729,0.0058704301408356,0.0058704301408356,3.446195003843177e-05,2023
MLP_FINAL_w3_h128x64x32_actleaky_relu_d0.0_e50_lr0.001_b16,010112,Amazonas,Magdalena,5,0.3842240688958029,0.3709451556205749,-0.0132789132752279,0.0132789132752279,0.000176329537771,2024
MLP_FINAL_w3_h128x64x32_actleaky_relu_d0.0_e50_lr0.001_b16,010114,Amazonas,Molinopampa,1,0.549169769416683,0.5476263165473938,-0.0015434528692892,0.0015434528692892,2.382246759717226e-06,2020
MLP_FINAL_w3_h128x64x32_actleaky_relu_d0.0_e50_lr0.001_b16,010114,Amazonas,Molinopampa,2,0.5483545626755504,0.5451420545578003,-0.00321250811775,0.00321250811775,1.0320208406610228e-05,2021
MLP_FINAL_w3_h128x64x32_actleaky_relu_d0.0_e50_lr0.001_b16,010114,Amazonas,Molinopampa,3,0.5366255144032922,0.5446224212646484,0.0079969068613562,0.0079969068613562,6.395051934920642e-05,2022
MLP_FINAL_w3_h128x64x32_actleaky_relu_d0.0_e50_lr0.001_b16,010114,Amazonas,Molinopampa,4,0.5230152198053433,0.5299888253211975,0.0069736055158542,0.0069736055158542,4.863117389075271e-05,2023
MLP_FINAL_w3_h128x64x32_actleaky_relu_d0.0_e50_lr0.001_b16,010114,Amazonas,Molinopampa,5,0.5128930694362793,0.514319896697998,0.0014268272617187,0.0014268272617187,2.0358360347837453e-06,2024
MLP_FINAL_w3_h128x64x32_actleaky_relu_d0.0_e50_lr0.001_b16,010115,Amazonas,Montevideo,1,0.6583167201178816,0.652582585811615,-0.0057341343062665,0.0057341343062665,3.2880296242303194e-05,2020
MLP_FINAL_w3_h128x64x32_actleaky_relu_d0.0_e50_lr0.001_b16,010115,Amazonas,Montevideo,2,0.6555285891768513,0.6511264443397522,-0.0044021448370991,0.0044021448370991,1.9378879166798346e-05,2021
MLP_FINAL_w3_h128x64x32_actleaky_relu_d0.0_e50_lr0.001_b16,010115,Amazonas,Montevideo,3,0.6586851001126809,0.6516684889793396,-0.0070166111333412,0.0070166111333412,4.923283179652892e-05,2022
MLP_FINAL_w3_h128x64x32_actleaky_relu_d0.0_e50_lr0.001_b16,010115,Amazonas,Montevideo,4,0.6546329201698882,0.6565060615539551,0.0018731413840669,0.0018731413840669,3.5086586447041066e-06,2023
MLP_FINAL_w3_h128x64x32_actleaky_relu_d0.0_e50_lr0.001_b16,010115,Amazonas,Montevideo,5,0.5954754268874057,0.6517179012298584,0.0562424743424526,0.0562424743424526,0.0031632159201614,2024
MLP_FINAL_w3_h128x64x32_actleaky_relu_d0.0_e50_lr0.001_b16,010117,Amazonas,Quinjalca,1,0.3444044255612828,0.3515474796295166,0.0071430540682337,0.0071430540682337,5.102322142171129e-05,2020
MLP_FINAL_w3_h128x64x32_actleaky_relu_d0.0_e50_lr0.001_b16,010117,Amazonas,Quinjalca,2,0.3485560851467638,0.3397738635540008,-0.0087822215927629,0.0087822215927629,7.712741610439143e-05,2021
MLP_FINAL_w3_h128x64x32_actleaky_relu_d0.0_e50_lr0.001_b16,010117,Amazonas,Quinjalca,3,0.3412448508637609,0.3469861447811126,0.0057412939173517,0.0057412939173517,3.296245584542062e-05,2022
MLP_FINAL_w3_h128x64x32_actleaky_relu_d0.0_e50_lr0.001_b16,010117,Amazonas,Quinjalca,4,0.339541052904005,0.3373177051544189,-0.002223347749586,0.002223347749586,4.943275215589338e-06,2023
MLP_FINAL_w3_h128x64x32_actleaky_relu_d0.0_e50_lr0.001_b16,010117,Amazonas,Quinjalca,5,0.3426574934759635,0.3367840349674225,-0.005873458508541,0.005873458508541,3.449751485155315e-05,2024
MLP_FINAL_w3_h128x64x32_actleaky_relu_d0.0_e50_lr0.001_b16,010119,Amazonas,San Isidro De Maino,1,0.3787988601360589,0.364596962928772,-0.0142018972072869,0.0142018972072869,0.0002016938842863,2020
MLP_FINAL_w3_h128x64x32_actleaky_relu_d0.0_e50_lr0.001_b16,010119,Amazonas,San Isidro De Maino,2,0.391960005929928,0.3778415024280548,-0.0141185035018732,0.0141185035018732,0.0001993321411324,2021
MLP_FINAL_w3_h128x64x32_actleaky_relu_d0.0_e50_lr0.001_b16,010119,Amazonas,San Isidro De Maino,3,0.3945378774152103,0.3913829624652862,-0.003154914949924,0.003154914949924,9.953488341254188e-06,2022
MLP_FINAL_w3_h128x64x32_actleaky_relu_d0.0_e50_lr0.001_b16,010119,Amazonas,San Isidro De Maino,4,0.3774152102653643,0.3925537467002868,0.0151385364349225,0.0151385364349225,0.0002291752853914,2023
MLP_FINAL_w3_h128x64x32_actleaky_relu_d0.0_e50_lr0.001_b16,010119,Amazonas,San Isidro De Maino,5,0.3873725477276845,0.3699703216552734,-0.017402226072411,0.017402226072411,0.0003028374722753,2024
MLP_FINAL_w3_h128x64x32_actleaky_relu_d0.0_e50_lr0.001_b16,010120,Amazonas,Soloco,1,0.511268359398228,0.5122898817062378,0.0010215223080097,0.0010215223080097,1.0435078257616304e-06,2020
MLP_FINAL_w3_h128x64x32_actleaky_relu_d0.0_e50_lr0.001_b16,010120,Amazonas,Soloco,2,0.5130760539929833,0.5055140852928162,-0.0075619687001671,0.0075619687001671,5.7183370622307215e-05,2021
MLP_FINAL_w3_h128x64x32_actleaky_relu_d0.0_e50_lr0.001_b16,010120,Amazonas,Soloco,3,0.5114943212225724,0.509250283241272,-0.0022440379813004,0.0022440379813004,5.035706461519052e-06,2022
MLP_FINAL_w3_h128x64x32_actleaky_relu_d0.0_e50_lr0.001_b16,010120,Amazonas,Soloco,4,0.4987691026937028,0.5074553489685059,0.008686246274803,0.008686246274803,7.545087434653035e-05,2023
MLP_FINAL_w3_h128x64x32_actleaky_relu_d0.0_e50_lr0.001_b16,010120,Amazonas,Soloco,5,0.5010762918475352,0.4918743371963501,-0.0092019546511851,0.0092019546511851,8.467596940246742e-05,2024
MLP_FINAL_w3_h128x64x32_actleaky_relu_d0.0_e50_lr0.001_b16,010202,Amazonas,Aramango,1,0.7765053590401141,0.7760351300239563,-0.0004702290161577,0.0004702290161577,2.2111532763671938e-07,2020
MLP_FINAL_w3_h128x64x32_actleaky_relu_d0.0_e50_lr0.001_b16,010202,Amazonas,Aramango,2,0.7667943699796851,0.773582398891449,0.0067880289117638,0.0067880289117638,4.6077336506942434e-05,2021
MLP_FINAL_w3_h128x64x32_actleaky_relu_d0.0_e50_lr0.001_b16,010202,Amazonas,Aramango,3,0.7618062116644921,0.7605300545692444,-0.0012761570952477,0.0012761570952477,1.6285769317511853e-06,2022
MLP_FINAL_w3_h128x64x32_actleaky_relu_d0.0_e50_lr0.001_b16,010202,Amazonas,Aramango,4,0.7634823897477427,0.7551094889640808,-0.0083729007836619,0.0083729007836619,7.010546753304656e-05,2023
MLP_FINAL_w3_h128x64x32_actleaky_relu_d0.0_e50_lr0.001_b16,010202,Amazonas,Aramango,5,0.7633451115702432,0.7596360445022583,-0.0037090670679849,0.0037090670679849,1.3757178514810146e-05,2024
MLP_FINAL_w3_h128x64x32_actleaky_relu_d0.0_e50_lr0.001_b16,010203,Amazonas,Copallin,1,0.5152659741894869,0.5259490609169006,0.0106830867274136,0.0106830867274136,0.0001141283420254,2020
MLP_FINAL_w3_h128x64x32_actleaky_relu_d0.0_e50_lr0.001_b16,010203,Amazonas,Copallin,2,0.5184765502045955,0.5082167387008667,-0.0102598115037287,0.0102598115037287,0.000105263732092,2021
MLP_FINAL_w3_h128x64x32_actleaky_relu_d0.0_e50_lr0.001_b16,010203,Amazonas,Copallin,3,0.521354377445029,0.5141466856002808,-0.0072076918447482,0.0072076918447482,5.195082172885017e-05,2022
MLP_FINAL_w3_h128x64x32_actleaky_relu_d0.0_e50_lr0.001_b16,010203,Amazonas,Copallin,4,0.5140968568730608,0.5187815427780151,0.0046846859049543,0.0046846859049543,2.1946282028077486e-05,2023
MLP_FINAL_w3_h128x64x32_actleaky_relu_d0.0_e50_lr0.001_b16,010203,Amazonas,Copallin,5,0.5169836773236207,0.5083820819854736,-0.008601595338147,0.008601595338147,7.398744236123363e-05,2024
MLP_FINAL_w3_h128x64x32_actleaky_relu_d0.0_e50_lr0.001_b16,010204,Amazonas,El Parco,1,0.2788386212299256,0.2898522913455963,0.0110136701156707,0.0110136701156707,0.0001213009294168,2020
MLP_FINAL_w3_h128x64x32_actleaky_relu_d0.0_e50_lr0.001_b16,010204,Amazonas,El Parco,2,0.2594496670583627,0.2719447314739227,0.01249506441556,0.01249506441556,0.0001561266347489,2021
MLP_FINAL_w3_h128x64x32_actleaky_relu_d0.0_e50_lr0.001_b16,010204,Amazonas,El Parco,3,0.2719839404622013,0.2520989775657654,-0.0198849628964359,0.0198849628964359,0.0003954117493926,2022
MLP_FINAL_w3_h128x64x32_actleaky_relu_d0.0_e50_lr0.001_b16,010204,Amazonas,El Parco,4,0.2830983157070114,0.2722805440425873,-0.0108177716644241,0.0108177716644241,0.0001170241837836,2023
MLP_FINAL_w3_h128x64x32_actleaky_relu_d0.0_e50_lr0.001_b16,010204,Amazonas,El Parco,5,0.2777124951037995,0.282194972038269,0.0044824769344695,0.0044824769344695,2.009259946805172e-05,2024
MLP_FINAL_w3_h128x64x32_actleaky_relu_d0.0_e50_lr0.001_b16,010206,Amazonas,La Peca,1,0.3393517861977387,0.3404941856861114,0.0011423994883727,0.0011423994883727,1.305076591034315e-06,2020
MLP_FINAL_w3_h128x64x32_actleaky_relu_d0.0_e50_lr0.001_b16,010206,Amazonas,La Peca,2,0.34056364175487,0.3367046117782593,-0.0038590299766106,0.0038590299766106,1.489211236037994e-05,2021
MLP_FINAL_w3_h128x64x32_actleaky_relu_d0.0_e50_lr0.001_b16,010206,Amazonas,La Peca,3,0.3355615145616048,0.3388459086418152,0.0032843940802103,0.0032843940802103,1.078724447412087e-05,2022
MLP_FINAL_w3_h128x64x32_actleaky_relu_d0.0_e50_lr0.001_b16,010206,Amazonas,La Peca,4,0.3283419495403973,0.3325071334838867,0.0041651839434894,0.0041651839434894,1.734875728310203e-05,2023
MLP_FINAL_w3_h128x64x32_actleaky_relu_d0.0_e50_lr0.001_b16,010206,Amazonas,La Peca,5,0.3235074193922673,0.3248329162597656,0.0013254968674983,0.0013254968674983,1.756941945747892e-06,2024
MLP_FINAL_w3_h128x64x32_actleaky_relu_d0.0_e50_lr0.001_b16,010301,Amazonas,Jumbilla,1,0.4139305658346229,0.4089279472827911,-0.0050026185518317,0.0050026185518317,2.5026192375131308e-05,2020
MLP_FINAL_w3_h128x64x32_actleaky_relu_d0.0_e50_lr0.001_b16,010301,Amazonas,Jumbilla,2,0.4207988517347328,0.4108402729034424,-0.0099585788312904,0.0099585788312904,9.917329233902568e-05,2021
MLP_FINAL_w3_h128x64x32_actleaky_relu_d0.0_e50_lr0.001_b16,010301,Amazonas,Jumbilla,3,0.4122092892865953,0.4194018244743347,0.0071925351877394,0.0071925351877394,5.173256242686995e-05,2022
MLP_FINAL_w3_h128x64x32_actleaky_relu_d0.0_e50_lr0.001_b16,010301,Amazonas,Jumbilla,4,0.4029637354504474,0.4067116975784302,0.0037479621279827,0.0037479621279827,1.4047220112793245e-05,2023
MLP_FINAL_w3_h128x64x32_actleaky_relu_d0.0_e50_lr0.001_b16,010301,Amazonas,Jumbilla,5,0.4043822467424701,0.3965984880924225,-0.0077837586500476,0.0077837586500476,6.058689872219085e-05,2024
MLP_FINAL_w3_h128x64x32_actleaky_relu_d0.0_e50_lr0.001_b16,010302,Amazonas,Chisquilla,1,0.7520271347446772,0.7466973662376404,-0.0053297685070368,0.0053297685070368,2.8406432338601428e-05,2020
MLP_FINAL_w3_h128x64x32_actleaky_relu_d0.0_e50_lr0.001_b16,010302,Amazonas,Chisquilla,2,0.7532035600609103,0.7503584027290344,-0.0028451573318758,0.0028451573318758,8.09492024312689e-06,2021
MLP_FINAL_w3_h128x64x32_actleaky_relu_d0.0_e50_lr0.001_b16,010302,Amazonas,Chisquilla,3,0.7361508902900933,0.7509942650794983,0.014843374789405,0.014843374789405,0.0002203257751387,2022
MLP_FINAL_w3_h128x64x32_actleaky_relu_d0.0_e50_lr0.001_b16,010302,Amazonas,Chisquilla,4,0.7332483082014436,0.7287803292274475,-0.004467978973996,0.004467978973996,1.996283611207115e-05,2023
MLP_FINAL_w3_h128x64x32_actleaky_relu_d0.0_e50_lr0.001_b16,010302,Amazonas,Chisquilla,5,0.7342543167662596,0.7258565425872803,-0.0083977741789793,0.0083977741789793,7.052261116113239e-05,2024
MLP_FINAL_w3_h128x64x32_actleaky_relu_d0.0_e50_lr0.001_b16,010303,Amazonas,Churuja,1,0.7446820405310971,0.7493725419044495,0.0046905013733523,0.0046905013733523,2.20008031334204e-05,2020
MLP_FINAL_w3_h128x64x32_actleaky_relu_d0.0_e50_lr0.001_b16,010303,Amazonas,Churuja,2,0.7587421383647799,0.7377099990844727,-0.0210321392803072,0.0210321392803072,0.0004423508827062,2021
MLP_FINAL_w3_h128x64x32_actleaky_relu_d0.0_e50_lr0.001_b16,010303,Amazonas,Churuja,3,0.7744793850454228,0.754666268825531,-0.0198131162198917,0.0198131162198917,0.0003925595743429,2022
MLP_FINAL_w3_h128x64x32_actleaky_relu_d0.0_e50_lr0.001_b16,010303,Amazonas,Churuja,4,0.7756813417190775,0.7710608839988708,-0.0046204577202066,0.0046204577202066,2.134862954421764e-05,2023
MLP_FINAL_w3_h128x64x32_actleaky_relu_d0.0_e50_lr0.001_b16,010303,Amazonas,Churuja,5,0.7752341020265548,0.7745663523674011,-0.0006677496591537,0.0006677496591537,4.458896072999184e-07,2024
MLP_FINAL_w3_h128x64x32_actleaky_relu_d0.0_e50_lr0.001_b16,010304,Amazonas,Corosha,1,0.7392527509077302,0.7322449088096619,-0.0070078420980683,0.0070078420980683,4.9109850871459337e-05,2020
MLP_FINAL_w3_h128x64x32_actleaky_relu_d0.0_e50_lr0.001_b16,010304,Amazonas,Corosha,2,0.741289947060617,0.7370105385780334,-0.0042794084825835,0.0042794084825835,1.8313336960808203e-05,2021
MLP_FINAL_w3_h128x64x32_actleaky_relu_d0.0_e50_lr0.001_b16,010304,Amazonas,Corosha,3,0.7341805482413593,0.7394053339958191,0.0052247857544598,0.0052247857544598,2.729838618000645e-05,2022
MLP_FINAL_w3_h128x64x32_actleaky_relu_d0.0_e50_lr0.001_b16,010304,Amazonas,Corosha,4,0.7282906954183874,0.7297765016555786,0.0014858062371911,0.0014858062371911,2.2076201744762413e-06,2023
MLP_FINAL_w3_h128x64x32_actleaky_relu_d0.0_e50_lr0.001_b16,010304,Amazonas,Corosha,5,0.7301615898445079,0.7222971320152283,-0.0078644578292795,0.0078644578292795,6.18496969485169e-05,2024
MLP_FINAL_w3_h128x64x32_actleaky_relu_d0.0_e50_lr0.001_b16,010305,Amazonas,Cuispes,1,0.6648435266230712,0.6621137261390686,-0.0027298004840026,0.0027298004840026,7.451810682460939e-06,2020
MLP_FINAL_w3_h128x64x32_actleaky_relu_d0.0_e50_lr0.001_b16,010305,Amazonas,Cuispes,2,0.6788076110716559,0.6614230275154114,-0.0173845835562445,0.0173845835562445,0.000302223745424,2021
MLP_FINAL_w3_h128x64x32_actleaky_relu_d0.0_e50_lr0.001_b16,010305,Amazonas,Cuispes,3,0.6911022772341152,0.6771354079246521,-0.0139668693094631,0.0139668693094631,0.0001950734383076,2022
MLP_FINAL_w3_h128x64x32_actleaky_relu_d0.0_e50_lr0.001_b16,010305,Amazonas,Cuispes,4,0.6739745990167957,0.6901583075523376,0.0161837085355419,0.0161837085355419,0.0002619124219633,2023
MLP_FINAL_w3_h128x64x32_actleaky_relu_d0.0_e50_lr0.001_b16,010305,Amazonas,Cuispes,5,0.6722867341197738,0.6692427396774292,-0.0030439944423445,0.0030439944423445,9.265902165024813e-06,2024
MLP_FINAL_w3_h128x64x32_actleaky_relu_d0.0_e50_lr0.001_b16,010306,Amazonas,Florida,1,0.493022976302558,0.4925543963909149,-0.000468579911643,0.000468579911643,2.1956713359542105e-07,2020
MLP_FINAL_w3_h128x64x32_actleaky_relu_d0.0_e50_lr0.001_b16,010306,Amazonas,Florida,2,0.5026181366559164,0.4901411533355713,-0.012476983320345,0.012476983320345,0.0001556751127761,2021
MLP_FINAL_w3_h128x64x32_actleaky_relu_d0.0_e50_lr0.001_b16,010306,Amazonas,Florida,3,0.4950221349732577,0.5019655823707581,0.0069434473975003,0.0069434473975003,4.8211461761854485e-05,2022
MLP_FINAL_w3_h128x64x32_actleaky_relu_d0.0_e50_lr0.001_b16,010306,Amazonas,Florida,4,0.4803108912081088,0.4908511936664581,0.0105403024583493,0.0105403024583493,0.0001110979759134,2023
MLP_FINAL_w3_h128x64x32_actleaky_relu_d0.0_e50_lr0.001_b16,010306,Amazonas,Florida,5,0.4815568598385449,0.4732856154441833,-0.0082712443943615,0.0082712443943615,6.841348383125743e-05,2024
MLP_FINAL_w3_h128x64x32_actleaky_relu_d0.0_e50_lr0.001_b16,010307,Amazonas,Jazan,1,0.3945542287505724,0.3818644285202026,-0.0126898002303697,0.0126898002303697,0.0001610310298866,2020
MLP_FINAL_w3_h128x64x32_actleaky_relu_d0.0_e50_lr0.001_b16,010307,Amazonas,Jazan,2,0.3733253490201604,0.3904964625835418,0.0171711135633814,0.0171711135633814,0.0002948471410065,2021
MLP_FINAL_w3_h128x64x32_actleaky_relu_d0.0_e50_lr0.001_b16,010307,Amazonas,Jazan,3,0.3791257177075628,0.3648234605789184,-0.0143022571286443,0.0143022571286443,0.0002045545589738,2022
MLP_FINAL_w3_h128x64x32_actleaky_relu_d0.0_e50_lr0.001_b16,010307,Amazonas,Jazan,4,0.3779163290946024,0.3767719268798828,-0.0011444022147195,0.0011444022147195,1.3096564290550438e-06,2023
MLP_FINAL_w3_h128x64x32_actleaky_relu_d0.0_e50_lr0.001_b16,010307,Amazonas,Jazan,5,0.3614662956309368,0.3749799728393554,0.0135136772084186,0.0135136772084186,0.0001826194716933,2024
MLP_FINAL_w3_h128x64x32_actleaky_relu_d0.0_e50_lr0.001_b16,010308,Amazonas,Recta,1,0.3407029118822559,0.3417229652404785,0.0010200533582226,0.0010200533582226,1.0405088536212837e-06,2020
MLP_FINAL_w3_h128x64x32_actleaky_relu_d0.0_e50_lr0.001_b16,010308,Amazonas,Recta,2,0.3459684070291188,0.3378065228462219,-0.0081618841828968,0.0081618841828968,6.661635341502214e-05,2021
MLP_FINAL_w3_h128x64x32_actleaky_relu_d0.0_e50_lr0.001_b16,010308,Amazonas,Recta,3,0.3286493687749793,0.3450624942779541,0.0164131255029748,0.0164131255029748,0.0002693906887764,2022
MLP_FINAL_w3_h128x64x32_actleaky_relu_d0.0_e50_lr0.001_b16,010308,Amazonas,Recta,4,0.3153904713569752,0.3225517272949219,0.0071612559379466,0.0071612559379466,5.128358660877684e-05,2023
MLP_FINAL_w3_h128x64x32_actleaky_relu_d0.0_e50_lr0.001_b16,010308,Amazonas,Recta,5,0.3162469073145975,0.3103824257850647,-0.0058644815295327,0.0058644815295327,3.4392143610231175e-05,2024
MLP_FINAL_w3_h128x64x32_actleaky_relu_d0.0_e50_lr0.001_b16,010310,Amazonas,Shipasbamba,1,0.7187766108430315,0.7183281779289246,-0.0004484329141068,0.0004484329141068,2.0109207845440626e-07,2020
MLP_FINAL_w3_h128x64x32_actleaky_relu_d0.0_e50_lr0.001_b16,010310,Amazonas,Shipasbamba,2,0.7318407607152995,0.7175957560539246,-0.0142450046613749,0.0142450046613749,0.0002029201578025,2021
MLP_FINAL_w3_h128x64x32_actleaky_relu_d0.0_e50_lr0.001_b16,010310,Amazonas,Shipasbamba,3,0.7406684643769514,0.729066014289856,-0.0116024500870954,0.0116024500870954,0.0001346168480235,2022
MLP_FINAL_w3_h128x64x32_actleaky_relu_d0.0_e50_lr0.001_b16,010310,Amazonas,Shipasbamba,4,0.7263908600624468,0.739192008972168,0.0128011489097211,0.0128011489097211,0.0001638694134088,2023
MLP_FINAL_w3_h128x64x32_actleaky_relu_d0.0_e50_lr0.001_b16,010310,Amazonas,Shipasbamba,5,0.7229562872551802,0.7214900851249695,-0.0014662021302107,0.0014662021302107,2.1497486866345663e-06,2024
MLP_FINAL_w3_h128x64x32_actleaky_relu_d0.0_e50_lr0.001_b16,010311,Amazonas,Valera,1,0.3705160209280853,0.3679782450199127,-0.0025377759081725,0.0025377759081725,6.440306560101047e-06,2020
MLP_FINAL_w3_h128x64x32_actleaky_relu_d0.0_e50_lr0.001_b16,010311,Amazonas,Valera,2,0.3778682077762199,0.3685427010059356,-0.0093255067702842,0.0093255067702842,8.696507652261662e-05,2021
MLP_FINAL_w3_h128x64x32_actleaky_relu_d0.0_e50_lr0.001_b16,010311,Amazonas,Valera,3,0.3777428216439262,0.3770793378353119,-0.0006634838086143,0.0006634838086143,4.402107642933462e-07,2022
MLP_FINAL_w3_h128x64x32_actleaky_relu_d0.0_e50_lr0.001_b16,010311,Amazonas,Valera,4,0.3744029910291921,0.3751826584339142,0.000779667404722,0.000779667404722,6.078812619860529e-07,2023
MLP_FINAL_w3_h128x64x32_actleaky_relu_d0.0_e50_lr0.001_b16,010311,Amazonas,Valera,5,0.3702310524455995,0.3706675767898559,0.0004365243442564,0.0004365243442564,1.90553503128524e-07,2024
MLP_FINAL_w3_h128x64x32_actleaky_relu_d0.0_e50_lr0.001_b16,010502,Amazonas,Camporredondo,1,0.631415519175432,0.6330458521842957,0.0016303330088636,0.0016303330088636,2.657985719790291e-06,2020
MLP_FINAL_w3_h128x64x32_actleaky_relu_d0.0_e50_lr0.001_b16,010502,Amazonas,Camporredondo,2,0.6259368243078474,0.6264426708221436,0.0005058465142961,0.0005058465142961,2.558806960256088e-07,2021
MLP_FINAL_w3_h128x64x32_actleaky_relu_d0.0_e50_lr0.001_b16,010502,Amazonas,Camporredondo,3,0.6303018972216352,0.6205626130104065,-0.0097392842112287,0.0097392842112287,9.485365694708895e-05,2022
MLP_FINAL_w3_h128x64x32_actleaky_relu_d0.0_e50_lr0.001_b16,010502,Amazonas,Camporredondo,4,0.6253353058802491,0.6279438734054565,0.0026085675252074,0.0026085675252074,6.804624533566864e-06,2023
MLP_FINAL_w3_h128x64x32_actleaky_relu_d0.0_e50_lr0.001_b16,010502,Amazonas,Camporredondo,5,0.6174627302433711,0.6224685907363892,0.005005860493018,0.005005860493018,2.505863927555941e-05,2024
MLP_FINAL_w3_h128x64x32_actleaky_relu_d0.0_e50_lr0.001_b16,010503,Amazonas,Cocabamba,1,0.4168783031572257,0.4053260385990143,-0.0115522645582114,0.0115522645582114,0.0001334548164229,2020
MLP_FINAL_w3_h128x64x32_actleaky_relu_d0.0_e50_lr0.001_b16,010503,Amazonas,Cocabamba,2,0.4340696980826385,0.4153362512588501,-0.0187334468237884,0.0187334468237884,0.0003509420298997,2021
MLP_FINAL_w3_h128x64x32_actleaky_relu_d0.0_e50_lr0.001_b16,010503,Amazonas,Cocabamba,3,0.4410895176771821,0.4335304200649261,-0.0075590976122559,0.0075590976122559,5.713995671161326e-05,2022
MLP_FINAL_w3_h128x64x32_actleaky_relu_d0.0_e50_lr0.001_b16,010503,Amazonas,Cocabamba,4,0.4439156788126476,0.4395273625850677,-0.0043883162275798,0.0043883162275798,1.925731931324062e-05,2023
MLP_FINAL_w3_h128x64x32_actleaky_relu_d0.0_e50_lr0.001_b16,010503,Amazonas,Cocabamba,5,0.4519461440482609,0.4424498081207275,-0.0094963359275333,0.0094963359275333,9.01803960485607e-05,2024
MLP_FINAL_w3_h128x64x32_actleaky_relu_d0.0_e50_lr0.001_b16,010507,Amazonas,Longuita,1,0.2993395140277525,0.3009577095508575,0.001618195523105,0.001618195523105,2.6185567509972206e-06,2020
MLP_FINAL_w3_h128x64x32_actleaky_relu_d0.0_e50_lr0.001_b16,010507,Amazonas,Longuita,2,0.3056262497727686,0.2966683506965637,-0.0089578990762048,0.0089578990762048,8.024395585947202e-05,2021
MLP_FINAL_w3_h128x64x32_actleaky_relu_d0.0_e50_lr0.001_b16,010507,Amazonas,Longuita,3,0.3026570926498212,0.3053340017795563,0.002676909129735,0.002676909129735,7.165842488858922e-06,2022
MLP_FINAL_w3_h128x64x32_actleaky_relu_d0.0_e50_lr0.001_b16,010507,Amazonas,Longuita,4,0.2989607950069684,0.3001791536808014,0.0012183586738329,0.0012183586738329,1.4843978581040197e-06,2023
MLP_FINAL_w3_h128x64x32_actleaky_relu_d0.0_e50_lr0.001_b16,010507,Amazonas,Longuita,5,0.3003544810034539,0.2961055934429168,-0.004248887560537,0.004248887560537,1.80530455020864e-05,2024
MLP_FINAL_w3_h128x64x32_actleaky_relu_d0.0_e50_lr0.001_b16,010508,Amazonas,Lonya Chico,1,0.2871853254195661,0.2812870740890503,-0.0058982513305158,0.0058982513305158,3.478936875793143e-05,2020
MLP_FINAL_w3_h128x64x32_actleaky_relu_d0.0_e50_lr0.001_b16,010508,Amazonas,Lonya Chico,2,0.2995676422431437,0.2852970957756042,-0.0142705464675394,0.0142705464675394,0.0002036484964822,2021
MLP_FINAL_w3_h128x64x32_actleaky_relu_d0.0_e50_lr0.001_b16,010508,Amazonas,Lonya Chico,3,0.3008212239050348,0.3001410365104675,-0.0006801873945672,0.0006801873945672,4.626548917282063e-07,2022
MLP_FINAL_w3_h128x64x32_actleaky_relu_d0.0_e50_lr0.001_b16,010508,Amazonas,Lonya Chico,4,0.3050424682767089,0.2992246150970459,-0.0058178531796629,0.0058178531796629,3.384741562011477e-05,2023
MLP_FINAL_w3_h128x64x32_actleaky_relu_d0.0_e50_lr0.001_b16,010508,Amazonas,Lonya Chico,5,0.3074856733524355,0.30426687002182,-0.0032188033306154,0.0032188033306154,1.0360694881180897e-05,2024
MLP_FINAL_w3_h128x64x32_actleaky_relu_d0.0_e50_lr0.001_b16,010510,Amazonas,Luya Viejo,1,0.6433223045008141,0.6451956033706665,0.0018732988698524,0.0018732988698524,3.5092486557904124e-06,2020
MLP_FINAL_w3_h128x64x32_actleaky_relu_d0.0_e50_lr0.001_b16,010510,Amazonas,Luya Viejo,2,0.6606008087810514,0.6376037001609802,-0.0229971086200712,0.0229971086200712,0.0005288670048833,2021
MLP_FINAL_w3_h128x64x32_actleaky_relu_d0.0_e50_lr0.001_b16,010510,Amazonas,Luya Viejo,3,0.658552597027467,0.6584817171096802,-7.08799177868702e-05,7.08799177868702e-05,5.023962745473478e-09,2022
MLP_FINAL_w3_h128x64x32_actleaky_relu_d0.0_e50_lr0.001_b16,010510,Amazonas,Luya Viejo,4,0.6525917756420356,0.6584861874580383,0.0058944118160026,0.0058944118160026,3.4744090656632224e-05,2023
MLP_FINAL_w3_h128x64x32_actleaky_relu_d0.0_e50_lr0.001_b16,010510,Amazonas,Luya Viejo,5,0.6565175148364056,0.6480323672294617,-0.0084851476069439,0.0084851476069439,7.19977299116269e-05,2024
MLP_FINAL_w3_h128x64x32_actleaky_relu_d0.0_e50_lr0.001_b16,010511,Amazonas,Maria,1,0.4967015595391303,0.4942717850208282,-0.002429774518302,0.002429774518302,5.9038042097900256e-06,2020
MLP_FINAL_w3_h128x64x32_actleaky_relu_d0.0_e50_lr0.001_b16,010511,Amazonas,Maria,2,0.4956274130295998,0.4935596585273742,-0.0020677545022255,0.0020677545022255,4.275608681473892e-06,2021
MLP_FINAL_w3_h128x64x32_actleaky_relu_d0.0_e50_lr0.001_b16,010511,Amazonas,Maria,3,0.4888987971585785,0.4923844933509826,0.0034856961924041,0.0034856961924041,1.2150077945741042e-05,2022
MLP_FINAL_w3_h128x64x32_actleaky_relu_d0.0_e50_lr0.001_b16,010511,Amazonas,Maria,4,0.4827984556610561,0.4843260645866394,0.0015276089255832,0.0015276089255832,2.3335890295217345e-06,2023
MLP_FINAL_w3_h128x64x32_actleaky_relu_d0.0_e50_lr0.001_b16,010511,Amazonas,Maria,5,0.4833355289158214,0.4782166182994842,-0.0051189106163371,0.0051189106163371,2.620324589804892e-05,2024
MLP_FINAL_w3_h128x64x32_actleaky_relu_d0.0_e50_lr0.001_b16,010512,Amazonas,Ocalli,1,0.7514545332305894,0.7489131093025208,-0.0025414239280686,0.0025414239280686,6.458835582159961e-06,2020
MLP_FINAL_w3_h128x64x32_actleaky_relu_d0.0_e50_lr0.001_b16,010512,Amazonas,Ocalli,2,0.7490497049560149,0.7452545762062073,-0.0037951287498075,0.0037951287498075,1.4403002227616087e-05,2021
MLP_FINAL_w3_h128x64x32_actleaky_relu_d0.0_e50_lr0.001_b16,010512,Amazonas,Ocalli,3,0.7596568077326865,0.7443328499794006,-0.0153239577532858,0.0153239577532858,0.0002348236812244,2022
MLP_FINAL_w3_h128x64x32_actleaky_relu_d0.0_e50_lr0.001_b16,010512,Amazonas,Ocalli,4,0.7632873226762377,0.7566152811050415,-0.0066720415711961,0.0066720415711961,4.451613872776977e-05,2023
MLP_FINAL_w3_h128x64x32_actleaky_relu_d0.0_e50_lr0.001_b16,010512,Amazonas,Ocalli,5,0.7578053485449496,0.7619389891624451,0.0041336406174954,0.0041336406174954,1.7086984754608063e-05,2024
MLP_FINAL_w3_h128x64x32_actleaky_relu_d0.0_e50_lr0.001_b16,010513,Amazonas,Ocumal,1,0.5724445595424529,0.5618319511413574,-0.0106126084010954,0.0106126084010954,0.000112627457075,2020
MLP_FINAL_w3_h128x64x32_actleaky_relu_d0.0_e50_lr0.001_b16,010513,Amazonas,Ocumal,2,0.5794587516155119,0.5707049369812012,-0.0087538146343106,0.0087538146343106,7.662927065187193e-05,2021
MLP_FINAL_w3_h128x64x32_actleaky_relu_d0.0_e50_lr0.001_b16,010513,Amazonas,Ocumal,3,0.5660875662390396,0.5784323811531067,0.0123448149140671,0.0123448149140671,0.0001523944552625,2022
MLP_FINAL_w3_h128x64x32_actleaky_relu_d0.0_e50_lr0.001_b16,010513,Amazonas,Ocumal,4,0.5702701844309855,0.5599257349967957,-0.0103444494341898,0.0103444494341898,0.0001070076340965,2023
MLP_FINAL_w3_h128x64x32_actleaky_relu_d0.0_e50_lr0.001_b16,010513,Amazonas,Ocumal,5,0.5722246789132034,0.5660006999969482,-0.0062239789162551,0.0062239789162551,3.8737913549988585e-05,2024
MLP_FINAL_w3_h128x64x32_actleaky_relu_d0.0_e50_lr0.001_b16,010514,Amazonas,Pisuquia,1,0.4730864680497316,0.4690544009208679,-0.0040320671288636,0.0040320671288636,1.625756533166292e-05,2020
MLP_FINAL_w3_h128x64x32_actleaky_relu_d0.0_e50_lr0.001_b16,010514,Amazonas,Pisuquia,2,0.488435066443355,0.4710224866867065,-0.0174125797566484,0.0174125797566484,0.0003031979337816,2021
MLP_FINAL_w3_h128x64x32_actleaky_relu_d0.0_e50_lr0.001_b16,010514,Amazonas,Pisuquia,3,0.4857486032836587,0.4889963865280151,0.0032477832443564,0.0032477832443564,1.0548096002322363e-05,2022
MLP_FINAL_w3_h128x64x32_actleaky_relu_d0.0_e50_lr0.001_b16,010514,Amazonas,Pisuquia,4,0.4838384332326801,0.4840364754199981,0.000198042187318,0.000198042187318,3.92207079577213e-08,2023
MLP_FINAL_w3_h128x64x32_actleaky_relu_d0.0_e50_lr0.001_b16,010514,Amazonas,Pisuquia,5,0.4960115649335566,0.4807892441749573,-0.0152223207585993,0.0152223207585993,0.0002317190492776,2024
MLP_FINAL_w3_h128x64x32_actleaky_relu_d0.0_e50_lr0.001_b16,010515,Amazonas,Providencia,1,0.7218612818261633,0.7147424221038818,-0.0071188597222814,0.0071188597222814,5.06781637455209e-05,2020
MLP_FINAL_w3_h128x64x32_actleaky_relu_d0.0_e50_lr0.001_b16,010515,Amazonas,Providencia,2,0.7229606443485895,0.7182750701904297,-0.0046855741581598,0.0046855741581598,2.195460519161533e-05,2021
MLP_FINAL_w3_h128x64x32_actleaky_relu_d0.0_e50_lr0.001_b16,010515,Amazonas,Providencia,3,0.7061190212619766,0.7210420370101929,0.0149230157482163,0.0149230157482163,0.0002226963990215,2022
MLP_FINAL_w3_h128x64x32_actleaky_relu_d0.0_e50_lr0.001_b16,010515,Amazonas,Providencia,4,0.7133030499675536,0.6989209651947021,-0.0143820847728514,0.0143820847728514,0.0002068443624134,2023
MLP_FINAL_w3_h128x64x32_actleaky_relu_d0.0_e50_lr0.001_b16,010515,Amazonas,Providencia,5,0.7031721189449174,0.7084314823150635,0.005259363370146,0.005259363370146,2.7660903059234515e-05,2024
MLP_FINAL_w3_h128x64x32_actleaky_relu_d0.0_e50_lr0.001_b16,010516,Amazonas,San Cristobal,1,0.1291097432817895,0.125644713640213,-0.0034650296415764,0.0034650296415764,1.2006430417003732e-05,2020
MLP_FINAL_w3_h128x64x32_actleaky_relu_d0.0_e50_lr0.001_b16,010516,Amazonas,San Cristobal,2,0.1338637842165841,0.1288176476955413,-0.0050461365210427,0.0050461365210427,2.546349378900108e-05,2021
MLP_FINAL_w3_h128x64x32_actleaky_relu_d0.0_e50_lr0.001_b16,010516,Amazonas,San Cristobal,3,0.1301105940049041,0.1351506561040878,0.0050400620991837,0.0050400620991837,2.5402225963628293e-05,2022
MLP_FINAL_w3_h128x64x32_actleaky_relu_d0.0_e50_lr0.001_b16,010516,Amazonas,San Cristobal,4,0.1322374017915228,0.1273281425237655,-0.0049092592677572,0.0049092592677572,2.410082655806028e-05,2023
MLP_FINAL_w3_h128x64x32_actleaky_relu_d0.0_e50_lr0.001_b16,010516,Amazonas,San Cristobal,5,0.1252564679977981,0.1306816786527633,0.0054252106549652,0.0054252106549652,2.943291065074861e-05,2024
MLP_FINAL_w3_h128x64x32_actleaky_relu_d0.0_e50_lr0.001_b16,010517,Amazonas,San Francisco Del Yeso,1,0.332585532746823,0.3333576023578644,0.0007720696110413,0.0007720696110413,5.960914842935732e-07,2020
MLP_FINAL_w3_h128x64x32_actleaky_relu_d0.0_e50_lr0.001_b16,010517,Amazonas,San Francisco Del Yeso,2,0.329652981427175,0.3302650153636932,0.0006120339365182,0.0006120339365182,3.74585539450042e-07,2021
MLP_FINAL_w3_h128x64x32_actleaky_relu_d0.0_e50_lr0.001_b16,010517,Amazonas,San Francisco Del Yeso,3,0.3293792766373412,0.3274559080600738,-0.0019233685772673,0.0019233685772673,3.6993466840193376e-06,2022
MLP_FINAL_w3_h128x64x32_actleaky_relu_d0.0_e50_lr0.001_b16,010517,Amazonas,San Francisco Del Yeso,4,0.3270576735092864,0.3280064463615417,0.0009487728522553,0.0009487728522553,9.001699251767788e-07,2023
MLP_FINAL_w3_h128x64x32_actleaky_relu_d0.0_e50_lr0.001_b16,010517,Amazonas,San Francisco Del Yeso,5,0.3292228739002932,0.3253606557846069,-0.0038622181156862,0.0038622181156862,1.4916728773135176e-05,2024
MLP_FINAL_w3_h128x64x32_actleaky_relu_d0.0_e50_lr0.001_b16,010518,Amazonas,San Jeronimo,1,0.4425930680359435,0.4374505579471588,-0.0051425100887846,0.0051425100887846,2.644541001325233e-05,2020
MLP_FINAL_w3_h128x64x32_actleaky_relu_d0.0_e50_lr0.001_b16,010518,Amazonas,San Jeronimo,2,0.4367522464698331,0.4391795992851257,0.0024273528152926,0.0024273528152926,5.892041689908935e-06,2021
MLP_FINAL_w3_h128x64x32_actleaky_relu_d0.0_e50_lr0.001_b16,010518,Amazonas,San Jeronimo,3,0.4297261446298673,0.4322830438613891,0.0025568992315218,0.0025568992315218,6.537733680157071e-06,2022
MLP_FINAL_w3_h128x64x32_actleaky_relu_d0.0_e50_lr0.001_b16,010518,Amazonas,San Jeronimo,4,0.4264142062473256,0.4243660569190979,-0.0020481493282277,0.0020481493282277,4.1949156707196686e-06,2023
MLP_FINAL_w3_h128x64x32_actleaky_relu_d0.0_e50_lr0.001_b16,010518,Amazonas,San Jeronimo,5,0.4184467265725289,0.4218851327896118,0.0034384062170829,0.0034384062170829,1.1822637313674422e-05,2024
MLP_FINAL_w3_h128x64x32_actleaky_relu_d0.0_e50_lr0.001_b16,010519,Amazonas,San Juan De Lopecancha,1,0.1621329434537292,0.163871020078659,0.0017380766249298,0.0017380766249298,3.0209103541275837e-06,2020
MLP_FINAL_w3_h128x64x32_actleaky_relu_d0.0_e50_lr0.001_b16,010519,Amazonas,San Juan De Lopecancha,2,0.1604649726123306,0.1585850119590759,-0.0018799606532546,0.0018799606532546,3.534252057785683e-06,2021
MLP_FINAL_w3_h128x64x32_actleaky_relu_d0.0_e50_lr0.001_b16,010519,Amazonas,San Juan De Lopecancha,3,0.1627095259668053,0.1572075188159942,-0.005502007150811,0.005502007150811,3.0272082687575748e-05,2022
MLP_FINAL_w3_h128x64x32_actleaky_relu_d0.0_e50_lr0.001_b16,010519,Amazonas,San Juan De Lopecancha,4,0.1619270211276306,0.1604890376329422,-0.0014379834946884,0.0014379834946884,2.0677965309962783e-06,2023
MLP_FINAL_w3_h128x64x32_actleaky_relu_d0.0_e50_lr0.001_b16,010519,Amazonas,San Juan De Lopecancha,5,0.1634302541081504,0.1594820767641067,-0.0039481773440436,0.0039481773440436,1.5588104340019586e-05,2024
MLP_FINAL_w3_h128x64x32_actleaky_relu_d0.0_e50_lr0.001_b16,010520,Amazonas,Santa Catalina,1,0.6896047089318501,0.6858072280883789,-0.0037974808434712,0.0037974808434712,1.4420860756530748e-05,2020
MLP_FINAL_w3_h128x64x32_actleaky_relu_d0.0_e50_lr0.001_b16,010520,Amazonas,Santa Catalina,2,0.6847715736040609,0.6866775155067444,0.0019059419026834,0.0019059419026834,3.63261453640461e-06,2021
MLP_FINAL_w3_h128x64x32_actleaky_relu_d0.0_e50_lr0.001_b16,010520,Amazonas,Santa Catalina,3,0.6841073550059402,0.6808622479438782,-0.003245107062062,0.003245107062062,1.053071984424497e-05,2022
MLP_FINAL_w3_h128x64x32_actleaky_relu_d0.0_e50_lr0.001_b16,010520,Amazonas,Santa Catalina,4,0.6827087158440436,0.6802994012832642,-0.0024093145607794,0.0024093145607794,5.804796652783723e-06,2023
MLP_FINAL_w3_h128x64x32_actleaky_relu_d0.0_e50_lr0.001_b16,010520,Amazonas,Santa Catalina,5,0.6790474133275731,0.6795929670333862,0.0005455537058131,0.0005455537058131,2.976288459264137e-07,2024
MLP_FINAL_w3_h128x64x32_actleaky_relu_d0.0_e50_lr0.001_b16,010521,Amazonas,Santo Tomas,1,0.3135270184863327,0.3107221126556396,-0.002804905830693,0.002804905830693,7.867496719055804e-06,2020
MLP_FINAL_w3_h128x64x32_actleaky_relu_d0.0_e50_lr0.001_b16,010521,Amazonas,Santo Tomas,2,0.3137343972191499,0.3124465942382812,-0.0012878029808686,0.0012878029808686,1.6584365175342284e-06,2021
MLP_FINAL_w3_h128x64x32_actleaky_relu_d0.0_e50_lr0.001_b16,010521,Amazonas,Santo Tomas,3,0.3136850213303839,0.3125162124633789,-0.0011688088670049,0.0011688088670049,1.366114167589486e-06,2022
MLP_FINAL_w3_h128x64x32_actleaky_relu_d0.0_e50_lr0.001_b16,010521,Amazonas,Santo Tomas,4,0.3169240796334334,0.3124035000801086,-0.0045205795533247,0.0045205795533247,2.0435639497937745e-05,2023
MLP_FINAL_w3_h128x64x32_actleaky_relu_d0.0_e50_lr0.001_b16,010521,Amazonas,Santo Tomas,5,0.3171413335440038,0.31656014919281,-0.0005811843511937,0.0005811843511937,3.3777525007250377e-07,2024
MLP_FINAL_w3_h128x64x32_actleaky_relu_d0.0_e50_lr0.001_b16,010522,Amazonas,Tingo,1,0.2183382257012394,0.2190705090761184,0.000732283374879,0.000732283374879,5.362389411242842e-07,2020
MLP_FINAL_w3_h128x64x32_actleaky_relu_d0.0_e50_lr0.001_b16,010522,Amazonas,Tingo,2,0.2151418786692759,0.2151911854743957,4.930680511985863e-05,4.930680511985863e-05,2.431161031127717e-09,2021
MLP_FINAL_w3_h128x64x32_actleaky_relu_d0.0_e50_lr0.001_b16,010522,Amazonas,Tingo,3,0.2192025440313111,0.2114012390375137,-0.0078013049937973,0.0078013049937973,6.086035960624761e-05,2022
MLP_FINAL_w3_h128x64x32_actleaky_relu_d0.0_e50_lr0.001_b16,010522,Amazonas,Tingo,4,0.2174983692106979,0.2164317965507507,-0.0010665726599471,0.0010665726599471,1.1375772389467776e-06,2023
MLP_FINAL_w3_h128x64x32_actleaky_relu_d0.0_e50_lr0.001_b16,010522,Amazonas,Tingo,5,0.2212247227658186,0.2143806219100952,-0.0068441008557233,0.0068441008557233,4.684171652331341e-05,2024
MLP_FINAL_w3_h128x64x32_actleaky_relu_d0.0_e50_lr0.001_b16,010523,Amazonas,Trita,1,0.149990458622225,0.1472171396017074,-0.0027733190205175,0.0027733190205175,7.691298389564303e-06,2020
MLP_FINAL_w3_h128x64x32_actleaky_relu_d0.0_e50_lr0.001_b16,010523,Amazonas,Trita,2,0.1690732141721264,0.147128939628601,-0.0219442745435253,0.0219442745435253,0.0004815511852416,2021
MLP_FINAL_w3_h128x64x32_actleaky_relu_d0.0_e50_lr0.001_b16,010523,Amazonas,Trita,3,0.1726353285414414,0.1696022897958755,-0.0030330387455658,0.0030330387455658,9.199324032103647e-06,2022
MLP_FINAL_w3_h128x64x32_actleaky_relu_d0.0_e50_lr0.001_b16,010523,Amazonas,Trita,4,0.1740983398002671,0.1731288135051727,-0.0009695262950943,0.0009695262950943,9.399812368794036e-07,2023
MLP_FINAL_w3_h128x64x32_actleaky_relu_d0.0_e50_lr0.001_b16,010523,Amazonas,Trita,5,0.1788054195025761,0.173955500125885,-0.0048499193766911,0.0048499193766911,2.3521717960403817e-05,2024
MLP_FINAL_w3_h128x64x32_actleaky_relu_d0.0_e50_lr0.001_b16,010601,Amazonas,San Nicolas,1,0.6677599526726058,0.6674140691757202,-0.0003458834968855,0.0003458834968855,1.196353934177967e-07,2020
MLP_FINAL_w3_h128x64x32_actleaky_relu_d0.0_e50_lr0.001_b16,010601,Amazonas,San Nicolas,2,0.6688735384187082,0.6668965816497803,-0.0019769567689279,0.0019769567689279,3.908358066210044e-06,2021
MLP_FINAL_w3_h128x64x32_actleaky_relu_d0.0_e50_lr0.001_b16,010601,Amazonas,San Nicolas,3,0.6652195851893096,0.6667014956474304,0.0014819104581208,0.0014819104581208,2.196058605887947e-06,2022
MLP_FINAL_w3_h128x64x32_actleaky_relu_d0.0_e50_lr0.001_b16,010601,Amazonas,San Nicolas,4,0.6535443346325167,0.6619304418563843,0.0083861072238675,0.0083861072238675,7.032679437020379e-05,2023
MLP_FINAL_w3_h128x64x32_actleaky_relu_d0.0_e50_lr0.001_b16,010601,Amazonas,San Nicolas,5,0.6457840339643652,0.6470250487327576,0.0012410147683923,0.0012410147683923,1.5401176553678796e-06,2024
MLP_FINAL_w3_h128x64x32_actleaky_relu_d0.0_e50_lr0.001_b16,010602,Amazonas,Chirimoto,1,0.7118476621853498,0.7152503132820129,0.0034026510966631,0.0034026510966631,1.157803448562298e-05,2020
MLP_FINAL_w3_h128x64x32_actleaky_relu_d0.0_e50_lr0.001_b16,010602,Amazonas,Chirimoto,2,0.7038575530507427,0.7096249461174011,0.0057673930666584,0.0057673930666584,3.32628227853395e-05,2021
MLP_FINAL_w3_h128x64x32_actleaky_relu_d0.0_e50_lr0.001_b16,010602,Amazonas,Chirimoto,3,0.6963585207609958,0.6979233026504517,0.0015647818894558,0.0015647818894558,2.4485423615690437e-06,2022
MLP_FINAL_w3_h128x64x32_actleaky_relu_d0.0_e50_lr0.001_b16,010602,Amazonas,Chirimoto,4,0.6909855623407611,0.6898912191390991,-0.001094343201662,0.001094343201662,1.1975870430238765e-06,2023
MLP_FINAL_w3_h128x64x32_actleaky_relu_d0.0_e50_lr0.001_b16,010602,Amazonas,Chirimoto,5,0.6800778790102202,0.6852476000785828,0.0051697210683625,0.0051697210683625,2.6726015924671664e-05,2024
MLP_FINAL_w3_h128x64x32_actleaky_relu_d0.0_e50_lr0.001_b16,010603,Amazonas,Cochamal,1,0.8182399276224567,0.8176354765892029,-0.0006044510332537,0.0006044510332537,3.653610516015797e-07,2020
MLP_FINAL_w3_h128x64x32_actleaky_relu_d0.0_e50_lr0.001_b16,010603,Amazonas,Cochamal,2,0.812049484211665,0.8130142688751221,0.000964784663457,0.000964784663457,9.30809446841959e-07,2021
MLP_FINAL_w3_h128x64x32_actleaky_relu_d0.0_e50_lr0.001_b16,010603,Amazonas,Cochamal,3,0.8050969131371142,0.8067716360092163,0.0016747228721021,0.0016747228721021,2.8046966983420074e-06,2022
MLP_FINAL_w3_h128x64x32_actleaky_relu_d0.0_e50_lr0.001_b16,010603,Amazonas,Cochamal,4,0.7972789583927465,0.7994095087051392,0.0021305503123926,0.0021305503123926,4.539244633636293e-06,2023
MLP_FINAL_w3_h128x64x32_actleaky_relu_d0.0_e50_lr0.001_b16,010603,Amazonas,Cochamal,5,0.7942648664063959,0.7909224033355713,-0.0033424630708246,0.0033424630708246,1.1172059379826494e-05,2024
MLP_FINAL_w3_h128x64x32_actleaky_relu_d0.0_e50_lr0.001_b16,010604,Amazonas,Huambo,1,0.2367809512907103,0.2355043441057205,-0.0012766071849897,0.0012766071849897,1.6297259047675467e-06,2020
MLP_FINAL_w3_h128x64x32_actleaky_relu_d0.0_e50_lr0.001_b16,010604,Amazonas,Huambo,2,0.2369641119569572,0.2336346209049224,-0.0033294910520347,0.0033294910520347,1.1085510665579318e-05,2021
MLP_FINAL_w3_h128x64x32_actleaky_relu_d0.0_e50_lr0.001_b16,010604,Amazonas,Huambo,3,0.23359853471467,0.2331251055002212,-0.0004734292144487,0.0004734292144487,2.241352210935454e-07,2022
MLP_FINAL_w3_h128x64x32_actleaky_relu_d0.0_e50_lr0.001_b16,010604,Amazonas,Huambo,4,0.2136111270104745,0.229179710149765,0.0155685831392905,0.0155685831392905,0.000242380780965,2023
MLP_FINAL_w3_h128x64x32_actleaky_relu_d0.0_e50_lr0.001_b16,010604,Amazonas,Huambo,5,0.2097304103943678,0.2071415185928344,-0.0025888918015333,0.0025888918015333,6.702360760046448e-06,2024
MLP_FINAL_w3_h128x64x32_actleaky_relu_d0.0_e50_lr0.001_b16,010605,Amazonas,Limabamba,1,0.806505844360474,0.8079271912574768,0.0014213468970027,0.0014213468970027,2.020227001619475e-06,2020
MLP_FINAL_w3_h128x64x32_actleaky_relu_d0.0_e50_lr0.001_b16,010605,Amazonas,Limabamba,2,0.7968726961539685,0.8010961413383484,0.0042234451843798,0.0042234451843798,1.7837489225461705e-05,2021
MLP_FINAL_w3_h128x64x32_actleaky_relu_d0.0_e50_lr0.001_b16,010605,Amazonas,Limabamba,3,0.7915068128792763,0.7902225852012634,-0.0012842276780128,0.0012842276780128,1.6492407289742486e-06,2022
MLP_FINAL_w3_h128x64x32_actleaky_relu_d0.0_e50_lr0.001_b16,010605,Amazonas,Limabamba,4,0.7833278884266339,0.7849304676055908,0.0016025791789568,0.0016025791789568,2.5682600248261645e-06,2023
MLP_FINAL_w3_h128x64x32_actleaky_relu_d0.0_e50_lr0.001_b16,010605,Amazonas,Limabamba,5,0.7546322664207303,0.7767117619514465,0.0220794955307161,0.0220794955307161,0.0004875041228909,2024
MLP_FINAL_w3_h128x64x32_actleaky_relu_d0.0_e50_lr0.001_b16,010606,Amazonas,Longar,1,0.7045658496502363,0.7044114470481873,-0.000154402602049,0.000154402602049,2.384016351950793e-08,2020
MLP_FINAL_w3_h128x64x32_actleaky_relu_d0.0_e50_lr0.001_b16,010606,Amazonas,Longar,2,0.6976246337481484,0.7013130187988281,0.0036883850506796,0.0036883850506796,1.3604184282077485e-05,2021
MLP_FINAL_w3_h128x64x32_actleaky_relu_d0.0_e50_lr0.001_b16,010606,Amazonas,Longar,3,0.6850504373398493,0.692479133605957,0.0074286962661077,0.0074286962661077,5.518552821408337e-05,2022
MLP_FINAL_w3_h128x64x32_actleaky_relu_d0.0_e50_lr0.001_b16,010606,Amazonas,Longar,4,0.6701949378858484,0.6774287223815918,0.0072337844957434,0.0072337844957434,5.232763813085776e-05,2023
MLP_FINAL_w3_h128x64x32_actleaky_relu_d0.0_e50_lr0.001_b16,010606,Amazonas,Longar,5,0.6654593419900314,0.660790741443634,-0.0046686005463973,0.0046686005463973,2.179583106182205e-05,2024
MLP_FINAL_w3_h128x64x32_actleaky_relu_d0.0_e50_lr0.001_b16,010608,Amazonas,Milpuc,1,0.398258279378607,0.3969449698925018,-0.0013133094861051,0.0013133094861051,1.724781806293895e-06,2020
MLP_FINAL_w3_h128x64x32_actleaky_relu_d0.0_e50_lr0.001_b16,010608,Amazonas,Milpuc,2,0.4143722979542023,0.3941085338592529,-0.0202637640949493,0.0202637640949493,0.0004106201352957,2021
MLP_FINAL_w3_h128x64x32_actleaky_relu_d0.0_e50_lr0.001_b16,010608,Amazonas,Milpuc,3,0.4137310468940695,0.4147434532642364,0.0010124063701669,0.0010124063701669,1.0249666583546678e-06,2022
MLP_FINAL_w3_h128x64x32_actleaky_relu_d0.0_e50_lr0.001_b16,010608,Amazonas,Milpuc,4,0.4034503444138758,0.4109753370285034,0.0075249926146276,0.0075249926146276,5.662551385020045e-05,2023
MLP_FINAL_w3_h128x64x32_actleaky_relu_d0.0_e50_lr0.001_b16,010608,Amazonas,Milpuc,5,0.3932730695240262,0.3971793055534363,0.00390623602941,0.00390623602941,1.5258679917461529e-05,2024
MLP_FINAL_w3_h128x64x32_actleaky_relu_d0.0_e50_lr0.001_b16,010609,Amazonas,Omia,1,0.712428800934716,0.7178420424461365,0.0054132415114205,0.0054132415114205,2.9303183660966424e-05,2020
MLP_FINAL_w3_h128x64x32_actleaky_relu_d0.0_e50_lr0.001_b16,010609,Amazonas,Omia,2,0.7089551944232826,0.7098186612129211,0.0008634667896385,0.0008634667896385,7.455748968087147e-07,2021
MLP_FINAL_w3_h128x64x32_actleaky_relu_d0.0_e50_lr0.001_b16,010609,Amazonas,Omia,3,0.7032829528813171,0.7039127945899963,0.0006298417086791,0.0006298417086791,3.967005779919226e-07,2022
MLP_FINAL_w3_h128x64x32_actleaky_relu_d0.0_e50_lr0.001_b16,010609,Amazonas,Omia,4,0.6997106643667181,0.6982671022415161,-0.001443562125202,0.001443562125202,2.0838716093177863e-06,2023
MLP_FINAL_w3_h128x64x32_actleaky_relu_d0.0_e50_lr0.001_b16,010609,Amazonas,Omia,5,0.6896845728450811,0.6948320269584656,0.0051474541133844,0.0051474541133844,2.649628384939864e-05,2024
MLP_FINAL_w3_h128x64x32_actleaky_relu_d0.0_e50_lr0.001_b16,010610,Amazonas,Santa Rosa,1,0.2150391140019337,0.2173006981611251,0.0022615841591914,0.0022615841591914,5.114762909105818e-06,2020
MLP_FINAL_w3_h128x64x32_actleaky_relu_d0.0_e50_lr0.001_b16,010610,Amazonas,Santa Rosa,2,0.2480882482200931,0.2120483219623565,-0.0360399262577365,0.0360399262577365,0.001298876284663,2021
MLP_FINAL_w3_h128x64x32_actleaky_relu_d0.0_e50_lr0.001_b16,010610,Amazonas,Santa Rosa,3,0.2527028214819372,0.2467538863420486,-0.0059489351398885,0.0059489351398885,3.5389829298600605e-05,2022
MLP_FINAL_w3_h128x64x32_actleaky_relu_d0.0_e50_lr0.001_b16,010610,Amazonas,Santa Rosa,4,0.2652280917640854,0.2493752539157867,-0.0158528378482986,0.0158528378482986,0.0002513124678444,2023
MLP_FINAL_w3_h128x64x32_actleaky_relu_d0.0_e50_lr0.001_b16,010610,Amazonas,Santa Rosa,5,0.2609211567196976,0.2660976648330688,0.0051765081133712,0.0051765081133712,2.6796236247798124e-05,2024
MLP_FINAL_w3_h128x64x32_actleaky_relu_d0.0_e50_lr0.001_b16,010611,Amazonas,Totora,1,0.2228216147023864,0.2296278476715088,0.0068062329691223,0.0068062329691223,4.632480722996857e-05,2020
MLP_FINAL_w3_h128x64x32_actleaky_relu_d0.0_e50_lr0.001_b16,010611,Amazonas,Totora,2,0.2289476090335558,0.2188122868537902,-0.0101353221797655,0.0101353221797655,0.0001027247556876,2021
MLP_FINAL_w3_h128x64x32_actleaky_relu_d0.0_e50_lr0.001_b16,010611,Amazonas,Totora,3,0.2257474627411538,0.2256798893213272,-6.757341982657761e-05,6.757341982657761e-05,4.5661670670589115e-09,2022
MLP_FINAL_w3_h128x64x32_actleaky_relu_d0.0_e50_lr0.001_b16,010611,Amazonas,Totora,4,0.2150498308494102,0.2221045494079589,0.0070547185585487,0.0070547185585487,4.976905394033255e-05,2023
MLP_FINAL_w3_h128x64x32_actleaky_relu_d0.0_e50_lr0.001_b16,010611,Amazonas,Totora,5,0.1858370668373411,0.2099979221820831,0.024160855344742,0.024160855344742,0.0005837469309895,2024
MLP_FINAL_w3_h128x64x32_actleaky_relu_d0.0_e50_lr0.001_b16,010701,Amazonas,Bagua Grande,1,0.4547301931986164,0.4555119276046753,0.0007817344060588,0.0007817344060588,6.11108681616241e-07,2020
MLP_FINAL_w3_h128x64x32_actleaky_relu_d0.0_e50_lr0.001_b16,010701,Amazonas,Bagua Grande,2,0.4323132358353416,0.4519193768501282,0.0196061410147865,0.0196061410147865,0.0003844007654916,2021
MLP_FINAL_w3_h128x64x32_actleaky_relu_d0.0_e50_lr0.001_b16,010701,Amazonas,Bagua Grande,3,0.4285583282285664,0.4230465888977051,-0.0055117393308612,0.0055117393308612,3.0379270451363356e-05,2022
MLP_FINAL_w3_h128x64x32_actleaky_relu_d0.0_e50_lr0.001_b16,010701,Amazonas,Bagua Grande,4,0.4343734830894661,0.4229795336723327,-0.0113939494171333,0.0113939494171333,0.0001298220833201,2023
MLP_FINAL_w3_h128x64x32_actleaky_relu_d0.0_e50_lr0.001_b16,010701,Amazonas,Bagua Grande,5,0.4100356661201204,0.4327773451805115,0.022741679060391,0.022741679060391,0.0005171839664858,2024
MLP_FINAL_w3_h128x64x32_actleaky_relu_d0.0_e50_lr0.001_b16,010703,Amazonas,Cumba,1,0.3463667830297154,0.3464741110801697,0.0001073280504542,0.0001073280504542,1.1519310414314225e-08,2020
MLP_FINAL_w3_h128x64x32_actleaky_relu_d0.0_e50_lr0.001_b16,010703,Amazonas,Cumba,2,0.3446464622578766,0.3431010842323303,-0.0015453780255462,0.0015453780255462,2.3881932418412987e-06,2021
MLP_FINAL_w3_h128x64x32_actleaky_relu_d0.0_e50_lr0.001_b16,010703,Amazonas,Cumba,3,0.347939309920812,0.3418088853359222,-0.0061304245848897,0.0061304245848897,3.758210559102092e-05,2022
MLP_FINAL_w3_h128x64x32_actleaky_relu_d0.0_e50_lr0.001_b16,010703,Amazonas,Cumba,4,0.3448179031595376,0.3464945256710052,0.0016766225114676,0.0016766225114676,2.811063045960132e-06,2023
MLP_FINAL_w3_h128x64x32_actleaky_relu_d0.0_e50_lr0.001_b16,010703,Amazonas,Cumba,5,0.3392431179779432,0.341923326253891,0.0026802082759477,0.0026802082759477,7.183516402458982e-06,2024
MLP_FINAL_w3_h128x64x32_actleaky_relu_d0.0_e50_lr0.001_b16,010705,Amazonas,Jamalca,1,0.5213136140630512,0.5137981176376343,-0.0075154964254169,0.0075154964254169,5.648268652045472e-05,2020
MLP_FINAL_w3_h128x64x32_actleaky_relu_d0.0_e50_lr0.001_b16,010705,Amazonas,Jamalca,2,0.4938946235631236,0.5188413858413696,0.024946762278246,0.024946762278246,0.0006223409481673,2021
MLP_FINAL_w3_h128x64x32_actleaky_relu_d0.0_e50_lr0.001_b16,010705,Amazonas,Jamalca,3,0.4911788668441638,0.4836070537567138,-0.0075718130874499,0.0075718130874499,5.733235343127788e-05,2022
MLP_FINAL_w3_h128x64x32_actleaky_relu_d0.0_e50_lr0.001_b16,010705,Amazonas,Jamalca,4,0.4935291385467402,0.4852132201194763,-0.0083159184272638,0.0083159184272638,6.915449928890678e-05,2023
MLP_FINAL_w3_h128x64x32_actleaky_relu_d0.0_e50_lr0.001_b16,010705,Amazonas,Jamalca,5,0.4755670728457323,0.4911876320838928,0.0156205592381605,0.0156205592381605,0.0002440018709128,2024
MLP_FINAL_w3_h128x64x32_actleaky_relu_d0.0_e50_lr0.001_b16,010706,Amazonas,Lonya Grande,1,0.5421840893442262,0.5698313117027283,0.027647222358502,0.027647222358502,0.0007643689041404,2020
MLP_FINAL_w3_h128x64x32_actleaky_relu_d0.0_e50_lr0.001_b16,010706,Amazonas,Lonya Grande,2,0.5344709714280134,0.5324152708053589,-0.0020557006226544,0.0020557006226544,4.225905049982005e-06,2021
MLP_FINAL_w3_h128x64x32_actleaky_relu_d0.0_e50_lr0.001_b16,010706,Amazonas,Lonya Grande,3,0.5465375205707561,0.5253378748893738,-0.0211996456813823,0.0211996456813823,0.0004494249770161,2022
MLP_FINAL_w3_h128x64x32_actleaky_relu_d0.0_e50_lr0.001_b16,010706,Amazonas,Lonya Grande,4,0.5301883475517748,0.5458106994628906,0.0156223519111158,0.0156223519111158,0.0002440578792347,2023
MLP_FINAL_w3_h128x64x32_actleaky_relu_d0.0_e50_lr0.001_b16,010706,Amazonas,Lonya Grande,5,0.5252855489522954,0.5239822864532471,-0.0013032624990483,0.0013032624990483,1.698493141425698e-06,2024
MLP_FINAL_w3_h128x64x32_actleaky_relu_d0.0_e50_lr0.001_b16,010707,Amazonas,Yamon,1,0.4905221369229151,0.4987839758396148,0.0082618389166997,0.0082618389166997,6.82579822854952e-05,2020
MLP_FINAL_w3_h128x64x32_actleaky_relu_d0.0_e50_lr0.001_b16,010707,Amazonas,Yamon,2,0.4838902618571879,0.4862808585166931,0.0023905966595051,0.0023905966595051,5.714952388437399e-06,2021
MLP_FINAL_w3_h128x64x32_actleaky_relu_d0.0_e50_lr0.001_b16,010707,Amazonas,Yamon,3,0.4922310442738458,0.4788896143436432,-0.0133414299302025,0.0133414299302025,0.0001779937525825,2022
MLP_FINAL_w3_h128x64x32_actleaky_relu_d0.0_e50_lr0.001_b16,010707,Amazonas,Yamon,4,0.485277105899674,0.4913362264633178,0.0060591205636438,0.0060591205636438,3.671294200477216e-05,2023
MLP_FINAL_w3_h128x64x32_actleaky_relu_d0.0_e50_lr0.001_b16,010707,Amazonas,Yamon,5,0.480439583552424,0.4817051291465759,0.0012655455941519,0.0012655455941519,1.6016056508773588e-06,2024
MLP_FINAL_w3_h128x64x32_actleaky_relu_d0.0_e50_lr0.001_b16,050408,Ayacucho,Llochegua,1,0.5963197911534809,0.5978667736053467,0.0015469824518657,0.0015469824518657,2.3931547063807134e-06,2020
MLP_FINAL_w3_h128x64x32_actleaky_relu_d0.0_e50_lr0.001_b16,050408,Ayacucho,Llochegua,2,0.596406133342814,0.5902100801467896,-0.0061960531960244,0.0061960531960244,3.839107520796485e-05,2021
MLP_FINAL_w3_h128x64x32_actleaky_relu_d0.0_e50_lr0.001_b16,050408,Ayacucho,Llochegua,3,0.5938260255674459,0.5919812321662903,-0.0018447934011556,0.0018447934011556,3.40326269294732e-06,2022
MLP_FINAL_w3_h128x64x32_actleaky_relu_d0.0_e50_lr0.001_b16,050408,Ayacucho,Llochegua,4,0.5919840588616714,0.589735209941864,-0.0022488489198073,0.0022488489198073,5.0573214641187606e-06,2023
MLP_FINAL_w3_h128x64x32_actleaky_relu_d0.0_e50_lr0.001_b16,050408,Ayacucho,Llochegua,5,0.585625210564898,0.5876049399375916,0.0019797293726935,0.0019797293726935,3.919328389105511e-06,2024
MLP_FINAL_w3_h128x64x32_actleaky_relu_d0.0_e50_lr0.001_b16,050409,Ayacucho,Canayre,1,0.6973024216195859,0.6993809938430786,0.0020785722234927,0.0020785722234927,4.320462488275491e-06,2020
MLP_FINAL_w3_h128x64x32_actleaky_relu_d0.0_e50_lr0.001_b16,050409,Ayacucho,Canayre,2,0.6945688062671865,0.6887494921684265,-0.00581931409876,0.00581931409876,3.386441658002715e-05,2021
MLP_FINAL_w3_h128x64x32_actleaky_relu_d0.0_e50_lr0.001_b16,050409,Ayacucho,Canayre,3,0.6886827675095855,0.6889391541481018,0.0002563866385163,0.0002563866385163,6.573410840971262e-08,2022
MLP_FINAL_w3_h128x64x32_actleaky_relu_d0.0_e50_lr0.001_b16,050409,Ayacucho,Canayre,4,0.6859037001204479,0.6838321685791016,-0.0020715315413463,0.0020715315413463,4.2912429267926456e-06,2023
MLP_FINAL_w3_h128x64x32_actleaky_relu_d0.0_e50_lr0.001_b16,050409,Ayacucho,Canayre,5,0.6771801556407601,0.681266188621521,0.0040860329807609,0.0040860329807609,1.6695665519866083e-05,2024
MLP_FINAL_w3_h128x64x32_actleaky_relu_d0.0_e50_lr0.001_b16,050502,Ayacucho,Anco,1,0.5029979361906946,0.4971551299095154,-0.0058428062811791,0.0058428062811791,3.4138385239386755e-05,2020
MLP_FINAL_w3_h128x64x32_actleaky_relu_d0.0_e50_lr0.001_b16,050502,Ayacucho,Anco,2,0.5041596291894572,0.5005219578742981,-0.0036376713151591,0.0036376713151591,1.3232652597131556e-05,2021
MLP_FINAL_w3_h128x64x32_actleaky_relu_d0.0_e50_lr0.001_b16,050502,Ayacucho,Anco,3,0.4993650265222194,0.5013939738273621,0.0020289473051426,0.0020289473051426,4.116627167045568e-06,2022
MLP_FINAL_w3_h128x64x32_actleaky_relu_d0.0_e50_lr0.001_b16,050502,Ayacucho,Anco,4,0.4933877784774838,0.4949922561645508,0.001604477687067,0.001604477687067,2.574348648295894e-06,2023
MLP_FINAL_w3_h128x64x32_actleaky_relu_d0.0_e50_lr0.001_b16,050502,Ayacucho,Anco,5,0.4961942332069594,0.4884459376335144,-0.0077482955734449,0.0077482955734449,6.003608429346698e-05,2024
MLP_FINAL_w3_h128x64x32_actleaky_relu_d0.0_e50_lr0.001_b16,050507,Ayacucho,Santa Rosa,1,0.4456698632163656,0.4355259537696838,-0.0101439094466817,0.0101439094466817,0.0001028988988624,2020
MLP_FINAL_w3_h128x64x32_actleaky_relu_d0.0_e50_lr0.001_b16,050507,Ayacucho,Santa Rosa,2,0.4464544301130224,0.4450096487998962,-0.0014447813131261,0.0014447813131261,2.0873930427585e-06,2021
MLP_FINAL_w3_h128x64x32_actleaky_relu_d0.0_e50_lr0.001_b16,050507,Ayacucho,Santa Rosa,3,0.4441702196338987,0.4444969296455383,0.0003267100116396,0.0003267100116396,1.067394317055747e-07,2022
MLP_FINAL_w3_h128x64x32_actleaky_relu_d0.0_e50_lr0.001_b16,050507,Ayacucho,Santa Rosa,4,0.4411216168354606,0.440894067287445,-0.0002275495480155,0.0002275495480155,5.177879680206536e-08,2023
MLP_FINAL_w3_h128x64x32_actleaky_relu_d0.0_e50_lr0.001_b16,050507,Ayacucho,Santa Rosa,5,0.4371494667186722,0.4373668730258941,0.0002174063072219,0.0002174063072219,4.7265502419883015e-08,2024
MLP_FINAL_w3_h128x64x32_actleaky_relu_d0.0_e50_lr0.001_b16,050512,Ayacucho,Union Progreso,1,0.1262791786502575,0.1015365719795227,-0.0247426066707348,0.0247426066707348,0.0006121965848626,2020
MLP_FINAL_w3_h128x64x32_actleaky_relu_d0.0_e50_lr0.001_b16,050512,Ayacucho,Union Progreso,2,0.1276168818139255,0.1294226944446563,0.0018058126307308,0.0018058126307308,3.2609592573071605e-06,2021
MLP_FINAL_w3_h128x64x32_actleaky_relu_d0.0_e50_lr0.001_b16,050512,Ayacucho,Union Progreso,3,0.1227565603192651,0.1287354528903961,0.005978892571131,0.005978892571131,3.574715637712566e-05,2022
MLP_FINAL_w3_h128x64x32_actleaky_relu_d0.0_e50_lr0.001_b16,050512,Ayacucho,Union Progreso,4,0.1165808307136646,0.1181257590651512,0.0015449283514866,0.0015449283514866,2.386803611227161e-06,2023
MLP_FINAL_w3_h128x64x32_actleaky_relu_d0.0_e50_lr0.001_b16,050512,Ayacucho,Union Progreso,5,0.1116090339553653,0.1101847141981124,-0.0014243197572528,0.0014243197572528,2.0286867709007016e-06,2024
MLP_FINAL_w3_h128x64x32_actleaky_relu_d0.0_e50_lr0.001_b16,060801,Cajamarca,Jaen,1,0.3073087760676266,0.3024391531944275,-0.004869622873199,0.004869622873199,2.3713226927183728e-05,2020
MLP_FINAL_w3_h128x64x32_actleaky_relu_d0.0_e50_lr0.001_b16,060801,Cajamarca,Jaen,2,0.3015372159222735,0.3064067959785461,0.0048695800562726,0.0048695800562726,2.3712809924448224e-05,2021
MLP_FINAL_w3_h128x64x32_actleaky_relu_d0.0_e50_lr0.001_b16,060801,Cajamarca,Jaen,3,0.3093953062671111,0.2983670830726623,-0.0110282231944487,0.0110282231944487,0.0001216217068265,2022
MLP_FINAL_w3_h128x64x32_actleaky_relu_d0.0_e50_lr0.001_b16,060801,Cajamarca,Jaen,4,0.3223801165192708,0.3096515536308288,-0.0127285628884419,0.0127285628884419,0.000162016313205,2023
MLP_FINAL_w3_h128x64x32_actleaky_relu_d0.0_e50_lr0.001_b16,060801,Cajamarca,Jaen,5,0.3145316267735106,0.3233784437179565,0.0088468169444459,0.0088468169444459,7.82661700485359e-05,2024
MLP_FINAL_w3_h128x64x32_actleaky_relu_d0.0_e50_lr0.001_b16,060803,Cajamarca,Chontali,1,0.4911873795807437,0.4840151369571686,-0.0071722426235751,0.0071722426235751,5.1441064251427886e-05,2020
MLP_FINAL_w3_h128x64x32_actleaky_relu_d0.0_e50_lr0.001_b16,060803,Cajamarca,Chontali,2,0.4813113163785587,0.4893450736999511,0.0080337573213924,0.0080337573213924,6.454125669902757e-05,2021
MLP_FINAL_w3_h128x64x32_actleaky_relu_d0.0_e50_lr0.001_b16,060803,Cajamarca,Chontali,3,0.4844621866693357,0.4766648113727569,-0.0077973752965787,0.0077973752965787,6.0799061515696656e-05,2022
MLP_FINAL_w3_h128x64x32_actleaky_relu_d0.0_e50_lr0.001_b16,060803,Cajamarca,Chontali,4,0.5387757223230595,0.4821833372116089,-0.0565923851114505,0.0565923851114505,0.0032026980526027,2023
MLP_FINAL_w3_h128x64x32_actleaky_relu_d0.0_e50_lr0.001_b16,060803,Cajamarca,Chontali,5,0.5326125661403668,0.5316261649131775,-0.0009864012271892,0.0009864012271892,9.729873810005433e-07,2024
MLP_FINAL_w3_h128x64x32_actleaky_relu_d0.0_e50_lr0.001_b16,060804,Cajamarca,Colasay,1,0.2700840435431221,0.2686834931373596,-0.0014005504057624,0.0014005504057624,1.9615414390814463e-06,2020
MLP_FINAL_w3_h128x64x32_actleaky_relu_d0.0_e50_lr0.001_b16,060804,Cajamarca,Colasay,2,0.2565262986869119,0.26807701587677,0.0115507171898581,0.0115507171898581,0.0001334190676,2021
MLP_FINAL_w3_h128x64x32_actleaky_relu_d0.0_e50_lr0.001_b16,060804,Cajamarca,Colasay,3,0.2795208484114441,0.2514736354351043,-0.0280472129763397,0.0280472129763397,0.0007866461557401,2022
MLP_FINAL_w3_h128x64x32_actleaky_relu_d0.0_e50_lr0.001_b16,060804,Cajamarca,Colasay,4,0.3028994283857436,0.2825435996055603,-0.0203558287801832,0.0203558287801832,0.0004143597653281,2023
MLP_FINAL_w3_h128x64x32_actleaky_relu_d0.0_e50_lr0.001_b16,060804,Cajamarca,Colasay,5,0.2988213225410986,0.300933301448822,0.0021119789077234,0.0021119789077234,4.460454906668571e-06,2024
MLP_FINAL_w3_h128x64x32_actleaky_relu_d0.0_e50_lr0.001_b16,060807,Cajamarca,Pomahuaca,1,0.3931744081910605,0.3839245438575744,-0.009249864333486,0.009249864333486,8.555999018789664e-05,2020
MLP_FINAL_w3_h128x64x32_actleaky_relu_d0.0_e50_lr0.001_b16,060807,Cajamarca,Pomahuaca,2,0.3856299527253538,0.3918672204017639,0.0062372676764101,0.0062372676764101,3.890350806719076e-05,2021
MLP_FINAL_w3_h128x64x32_actleaky_relu_d0.0_e50_lr0.001_b16,060807,Cajamarca,Pomahuaca,3,0.3926488910493482,0.3808316588401794,-0.0118172322091687,0.0118172322091687,0.0001396469770854,2022
MLP_FINAL_w3_h128x64x32_actleaky_relu_d0.0_e50_lr0.001_b16,060807,Cajamarca,Pomahuaca,4,0.4195444204312306,0.3910730481147766,-0.0284713723164539,0.0284713723164539,0.0008106190415821,2023
MLP_FINAL_w3_h128x64x32_actleaky_relu_d0.0_e50_lr0.001_b16,060807,Cajamarca,Pomahuaca,5,0.4155077918864532,0.4176986217498779,0.0021908298634247,0.0021908298634247,4.799735490473603e-06,2024
MLP_FINAL_w3_h128x64x32_actleaky_relu_d0.0_e50_lr0.001_b16,060809,Cajamarca,Sallique,1,0.2715509381389909,0.2605329751968384,-0.0110179629421525,0.0110179629421525,0.0001213955073946,2020
MLP_FINAL_w3_h128x64x32_actleaky_relu_d0.0_e50_lr0.001_b16,060809,Cajamarca,Sallique,2,0.2692995018150078,0.2709830105304718,0.001683508715464,0.001683508715464,2.83420159504332e-06,2021
MLP_FINAL_w3_h128x64x32_actleaky_relu_d0.0_e50_lr0.001_b16,060809,Cajamarca,Sallique,3,0.2919427269610715,0.2668309211730957,-0.0251118057879757,0.0251118057879757,0.000630602789933,2022
MLP_FINAL_w3_h128x64x32_actleaky_relu_d0.0_e50_lr0.001_b16,060809,Cajamarca,Sallique,4,0.2921372354987807,0.2935775220394134,0.0014402865406327,0.0014402865406327,2.0744253191279223e-06,2023
MLP_FINAL_w3_h128x64x32_actleaky_relu_d0.0_e50_lr0.001_b16,060809,Cajamarca,Sallique,5,0.2989790733126992,0.2890551686286926,-0.0099239046840065,0.0099239046840065,9.848388417724729e-05,2024
MLP_FINAL_w3_h128x64x32_actleaky_relu_d0.0_e50_lr0.001_b16,060810,Cajamarca,San Felipe,1,0.3377852652054604,0.3111704587936401,-0.0266148064118202,0.0266148064118202,0.0007083479203386,2020
MLP_FINAL_w3_h128x64x32_actleaky_relu_d0.0_e50_lr0.001_b16,060810,Cajamarca,San Felipe,2,0.2851401576991212,0.3412457704544067,0.0561056127552855,0.0561056127552855,0.003147839782646,2021
MLP_FINAL_w3_h128x64x32_actleaky_relu_d0.0_e50_lr0.001_b16,060810,Cajamarca,San Felipe,3,0.3247004064052242,0.2712068259716034,-0.0534935804336207,0.0534935804336207,0.0028615631476082,2022
MLP_FINAL_w3_h128x64x32_actleaky_relu_d0.0_e50_lr0.001_b16,060810,Cajamarca,San Felipe,4,0.3577373302302963,0.3289355039596557,-0.0288018262706405,0.0288018262706405,0.0008295451965241,2023
MLP_FINAL_w3_h128x64x32_actleaky_relu_d0.0_e50_lr0.001_b16,060810,Cajamarca,San Felipe,5,0.3593837924207162,0.3531897664070129,-0.0061940260137032,0.0061940260137032,3.836595825843294e-05,2024
MLP_FINAL_w3_h128x64x32_actleaky_relu_d0.0_e50_lr0.001_b16,060811,Cajamarca,San Jose Del Alto,1,0.4524487129691748,0.4364729225635528,-0.0159757904056219,0.0159757904056219,0.0002552258790843,2020
MLP_FINAL_w3_h128x64x32_actleaky_relu_d0.0_e50_lr0.001_b16,060811,Cajamarca,San Jose Del Alto,2,0.4435348328095759,0.4519603252410888,0.0084254924315129,0.0084254924315129,7.098892271348235e-05,2021
MLP_FINAL_w3_h128x64x32_actleaky_relu_d0.0_e50_lr0.001_b16,060811,Cajamarca,San Jose Del Alto,3,0.44199004272448,0.439019501209259,-0.0029705415152209,0.0029705415152209,8.824116893651297e-06,2022
MLP_FINAL_w3_h128x64x32_actleaky_relu_d0.0_e50_lr0.001_b16,060811,Cajamarca,San Jose Del Alto,4,0.4792927509621835,0.4382350444793701,-0.0410577064828133,0.0410577064828133,0.0016857352616288,2023
MLP_FINAL_w3_h128x64x32_actleaky_relu_d0.0_e50_lr0.001_b16,060811,Cajamarca,San Jose Del Alto,5,0.4659669503195509,0.4773464798927307,0.0113795295731798,0.0113795295731798,0.0001294936933068,2024
MLP_FINAL_w3_h128x64x32_actleaky_relu_d0.0_e50_lr0.001_b16,060812,Cajamarca,Santa Rosa,1,0.3302906702159632,0.3324992656707763,0.0022085954548131,0.0022085954548131,4.87789388302138e-06,2020
MLP_FINAL_w3_h128x64x32_actleaky_relu_d0.0_e50_lr0.001_b16,060812,Cajamarca,Santa Rosa,2,0.3372776322757002,0.3296261429786682,-0.0076514892970319,0.0076514892970319,5.854528846259473e-05,2021
MLP_FINAL_w3_h128x64x32_actleaky_relu_d0.0_e50_lr0.001_b16,060812,Cajamarca,Santa Rosa,3,0.341499577805447,0.3376769423484802,-0.0038226354569667,0.0038226354569667,1.4612541836859477e-05,2022
MLP_FINAL_w3_h128x64x32_actleaky_relu_d0.0_e50_lr0.001_b16,060812,Cajamarca,Santa Rosa,4,0.3406151159961644,0.341099739074707,0.0004846230785426,0.0004846230785426,2.348595282561402e-07,2023
MLP_FINAL_w3_h128x64x32_actleaky_relu_d0.0_e50_lr0.001_b16,060812,Cajamarca,Santa Rosa,5,0.332466045539765,0.3385929465293884,0.0061269009896234,0.0061269009896234,3.753891573664856e-05,2024
MLP_FINAL_w3_h128x64x32_actleaky_relu_d0.0_e50_lr0.001_b16,060901,Cajamarca,San Ignacio,1,0.2714857228584287,0.2629390358924866,-0.0085466869659421,0.0085466869659421,7.304585809380508e-05,2020
MLP_FINAL_w3_h128x64x32_actleaky_relu_d0.0_e50_lr0.001_b16,060901,Cajamarca,San Ignacio,2,0.253338000700105,0.2709567248821258,0.0176187241820208,0.0176187241820208,0.0003104194418021,2021
MLP_FINAL_w3_h128x64x32_actleaky_relu_d0.0_e50_lr0.001_b16,060901,Cajamarca,San Ignacio,3,0.2521803270490573,0.2473418861627578,-0.0048384408862994,0.0048384408862994,2.3410510210213936e-05,2022
MLP_FINAL_w3_h128x64x32_actleaky_relu_d0.0_e50_lr0.001_b16,060901,Cajamarca,San Ignacio,4,0.3219457918687803,0.2486097365617752,-0.0733360553070051,0.0733360553070051,0.0053781770079921,2023
MLP_FINAL_w3_h128x64x32_actleaky_relu_d0.0_e50_lr0.001_b16,060901,Cajamarca,San Ignacio,5,0.3073135970395559,0.3153661489486694,0.0080525519091135,0.0080525519091135,6.484359224896789e-05,2024
MLP_FINAL_w3_h128x64x32_actleaky_relu_d0.0_e50_lr0.001_b16,060902,Cajamarca,Chirinos,1,0.362724443020998,0.3651716113090515,0.0024471682880535,0.0024471682880535,5.9886326300548205e-06,2020
MLP_FINAL_w3_h128x64x32_actleaky_relu_d0.0_e50_lr0.001_b16,060902,Cajamarca,Chirinos,2,0.3540194567327901,0.3597826659679413,0.0057632092351511,0.0057632092351511,3.3214580688131705e-05,2021
MLP_FINAL_w3_h128x64x32_actleaky_relu_d0.0_e50_lr0.001_b16,060902,Cajamarca,Chirinos,3,0.3544223031807354,0.3490864336490631,-0.0053358695316723,0.0053358695316723,2.847150365902888e-05,2022
MLP_FINAL_w3_h128x64x32_actleaky_relu_d0.0_e50_lr0.001_b16,060902,Cajamarca,Chirinos,4,0.4178393418339772,0.3517110347747803,-0.0661283070591969,0.0661283070591969,0.0043729529945154,2023
MLP_FINAL_w3_h128x64x32_actleaky_relu_d0.0_e50_lr0.001_b16,060902,Cajamarca,Chirinos,5,0.4075880257021038,0.4112743735313415,0.0036863478292377,0.0036863478292377,1.3589160318126006e-05,2024
MLP_FINAL_w3_h128x64x32_actleaky_relu_d0.0_e50_lr0.001_b16,060903,Cajamarca,Huarango,1,0.6402933249346798,0.6421261429786682,0.0018328180439883,0.0018328180439883,3.3592219823694e-06,2020
MLP_FINAL_w3_h128x64x32_actleaky_relu_d0.0_e50_lr0.001_b16,060903,Cajamarca,Huarango,2,0.6322724146423067,0.6383626461029053,0.0060902314605986,0.0060902314605986,3.7090919243665154e-05,2021
MLP_FINAL_w3_h128x64x32_actleaky_relu_d0.0_e50_lr0.001_b16,060903,Cajamarca,Huarango,3,0.6351579800453488,0.6270423531532288,-0.00811562689212,0.00811562689212,6.586339985210274e-05,2022
MLP_FINAL_w3_h128x64x32_actleaky_relu_d0.0_e50_lr0.001_b16,060903,Cajamarca,Huarango,4,0.641054698193014,0.6318926215171814,-0.0091620766758325,0.0091620766758325,8.39436490138353e-05,2023
MLP_FINAL_w3_h128x64x32_actleaky_relu_d0.0_e50_lr0.001_b16,060903,Cajamarca,Huarango,5,0.6348832577356406,0.6409412026405334,0.0060579449048928,0.0060579449048928,3.6698696470717416e-05,2024
MLP_FINAL_w3_h128x64x32_actleaky_relu_d0.0_e50_lr0.001_b16,060904,Cajamarca,La Coipa,1,0.3557002970623831,0.330492615699768,-0.025207681362615,0.025207681362615,0.0006354271996791,2020
MLP_FINAL_w3_h128x64x32_actleaky_relu_d0.0_e50_lr0.001_b16,060904,Cajamarca,La Coipa,2,0.3503069644625371,0.3583242893218994,0.0080173248593622,0.0080173248593622,6.427749790054865e-05,2021
MLP_FINAL_w3_h128x64x32_actleaky_relu_d0.0_e50_lr0.001_b16,060904,Cajamarca,La Coipa,3,0.3372076135988557,0.3475239872932434,0.0103163736943877,0.0103163736943877,0.0001064275662022,2022
MLP_FINAL_w3_h128x64x32_actleaky_relu_d0.0_e50_lr0.001_b16,060904,Cajamarca,La Coipa,4,0.3998415667290131,0.3313136696815491,-0.068527897047464,0.068527897047464,0.0046960726737478,2023
MLP_FINAL_w3_h128x64x32_actleaky_relu_d0.0_e50_lr0.001_b16,060904,Cajamarca,La Coipa,5,0.3897502475519859,0.3954381644725799,0.005687916920594,0.005687916920594,3.235239889558022e-05,2024
MLP_FINAL_w3_h128x64x32_actleaky_relu_d0.0_e50_lr0.001_b16,060907,Cajamarca,Tabaconas,1,0.6360185969339256,0.6243501305580139,-0.0116684663759116,0.0116684663759116,0.0001361531075657,2020
MLP_FINAL_w3_h128x64x32_actleaky_relu_d0.0_e50_lr0.001_b16,060907,Cajamarca,Tabaconas,2,0.6268111558559025,0.6323513984680176,0.005540242612115,0.005540242612115,3.069428820109544e-05,2021
MLP_FINAL_w3_h128x64x32_actleaky_relu_d0.0_e50_lr0.001_b16,060907,Cajamarca,Tabaconas,3,0.62729048203391,0.6228718757629395,-0.0044186062709705,0.0044186062709705,1.9524081377860456e-05,2022
MLP_FINAL_w3_h128x64x32_actleaky_relu_d0.0_e50_lr0.001_b16,060907,Cajamarca,Tabaconas,4,0.6606140214429331,0.6230564117431641,-0.037557609699769,0.037557609699769,0.0014105740463601,2023
MLP_FINAL_w3_h128x64x32_actleaky_relu_d0.0_e50_lr0.001_b16,060907,Cajamarca,Tabaconas,5,0.6547733858748567,0.6563383936882019,0.0015650078133452,0.0015650078133452,2.4492494558316234e-06,2024
MLP_FINAL_w3_h128x64x32_actleaky_relu_d0.0_e50_lr0.001_b16,080408,Cusco,Yanatile,1,0.5098486022567379,0.506356954574585,-0.0034916476821529,0.0034916476821529,1.2191603536283942e-05,2020
MLP_FINAL_w3_h128x64x32_actleaky_relu_d0.0_e50_lr0.001_b16,080408,Cusco,Yanatile,2,0.5021753958309801,0.5064660310745239,0.0042906352435437,0.0042906352435437,1.8409550793140023e-05,2021
MLP_FINAL_w3_h128x64x32_actleaky_relu_d0.0_e50_lr0.001_b16,080408,Cusco,Yanatile,3,0.5000893098711049,0.4967525899410248,-0.0033367199300801,0.0033367199300801,1.1133699891793828e-05,2022
MLP_FINAL_w3_h128x64x32_actleaky_relu_d0.0_e50_lr0.001_b16,080408,Cusco,Yanatile,4,0.4861674770224089,0.4956469237804413,0.0094794467580323,0.0094794467580323,8.985991083837024e-05,2023
MLP_FINAL_w3_h128x64x32_actleaky_relu_d0.0_e50_lr0.001_b16,080408,Cusco,Yanatile,5,0.4810746254020038,0.4795625209808349,-0.0015121044211688,0.0015121044211688,2.286459780518341e-06,2024
MLP_FINAL_w3_h128x64x32_actleaky_relu_d0.0_e50_lr0.001_b16,080901,Cusco,Santa Ana,1,0.5770451493060892,0.5728814005851746,-0.0041637487209146,0.0041637487209146,1.7336803410918205e-05,2020
MLP_FINAL_w3_h128x64x32_actleaky_relu_d0.0_e50_lr0.001_b16,080901,Cusco,Santa Ana,2,0.5819229047367682,0.5757186412811279,-0.0062042634556402,0.0062042634556402,3.84928850269936e-05,2021
MLP_FINAL_w3_h128x64x32_actleaky_relu_d0.0_e50_lr0.001_b16,080901,Cusco,Santa Ana,3,0.5887918534802451,0.5803413391113281,-0.0084505143689169,0.0084505143689169,7.141119309927222e-05,2022
MLP_FINAL_w3_h128x64x32_actleaky_relu_d0.0_e50_lr0.001_b16,080901,Cusco,Santa Ana,4,0.584359555166523,0.5876842141151428,0.0033246589486197,0.0033246589486197,1.1053357124637545e-05,2023
MLP_FINAL_w3_h128x64x32_actleaky_relu_d0.0_e50_lr0.001_b16,080901,Cusco,Santa Ana,5,0.5728912616904652,0.5806562900543213,0.007765028363856,0.007765028363856,6.029566549148918e-05,2024
MLP_FINAL_w3_h128x64x32_actleaky_relu_d0.0_e50_lr0.001_b16,080903,Cusco,Huayopata,1,0.5421369005340279,0.5421222448348999,-1.4655699127952282e-05,1.4655699127952282e-05,2.147895169290613e-10,2020
MLP_FINAL_w3_h128x64x32_actleaky_relu_d0.0_e50_lr0.001_b16,080903,Cusco,Huayopata,2,0.5416436482256071,0.5390346050262451,-0.0026090431993619,0.0026090431993619,6.807106416136835e-06,2021
MLP_FINAL_w3_h128x64x32_actleaky_relu_d0.0_e50_lr0.001_b16,080903,Cusco,Huayopata,3,0.5570627153868414,0.5381736755371094,-0.018889039849732,0.018889039849732,0.0003567958264447,2022
MLP_FINAL_w3_h128x64x32_actleaky_relu_d0.0_e50_lr0.001_b16,080903,Cusco,Huayopata,4,0.5489865309236314,0.5561603307723999,0.0071737998487685,0.0071737998487685,5.146340427019147e-05,2023
MLP_FINAL_w3_h128x64x32_actleaky_relu_d0.0_e50_lr0.001_b16,080903,Cusco,Huayopata,5,0.5366979717465078,0.5456323623657227,0.0089343906192148,0.0089343906192148,7.98233357367145e-05,2024
MLP_FINAL_w3_h128x64x32_actleaky_relu_d0.0_e50_lr0.001_b16,080904,Cusco,Maranura,1,0.5512863294719613,0.5435374975204468,-0.0077488319515145,0.0077488319515145,6.004439661281272e-05,2020
MLP_FINAL_w3_h128x64x32_actleaky_relu_d0.0_e50_lr0.001_b16,080904,Cusco,Maranura,2,0.5441462342353794,0.5501777529716492,0.0060315187362697,0.0060315187362697,3.6379218265972745e-05,2021
MLP_FINAL_w3_h128x64x32_actleaky_relu_d0.0_e50_lr0.001_b16,080904,Cusco,Maranura,3,0.5495436801152586,0.5397266745567322,-0.0098170055585263,0.0098170055585263,9.637359813613788e-05,2022
MLP_FINAL_w3_h128x64x32_actleaky_relu_d0.0_e50_lr0.001_b16,080904,Cusco,Maranura,4,0.5484578347714163,0.5468957424163818,-0.0015620923550344,0.0015620923550344,2.440132525657109e-06,2023
MLP_FINAL_w3_h128x64x32_actleaky_relu_d0.0_e50_lr0.001_b16,080904,Cusco,Maranura,5,0.5441886086878222,0.5456290245056152,0.001440415817793,0.001440415817793,2.074797728148518e-06,2024
MLP_FINAL_w3_h128x64x32_actleaky_relu_d0.0_e50_lr0.001_b16,080905,Cusco,Ocobamba,1,0.4700130516495526,0.4767602086067199,0.0067471569571673,0.0067471569571673,4.552412700465214e-05,2020
MLP_FINAL_w3_h128x64x32_actleaky_relu_d0.0_e50_lr0.001_b16,080905,Cusco,Ocobamba,2,0.4590803995766049,0.466310441493988,0.0072300419173831,0.0072300419173831,5.227350612711719e-05,2021
MLP_FINAL_w3_h128x64x32_actleaky_relu_d0.0_e50_lr0.001_b16,080905,Cusco,Ocobamba,3,0.4682590150907802,0.4532426297664642,-0.0150163853243159,0.0150163853243159,0.0002254918282083,2022
MLP_FINAL_w3_h128x64x32_actleaky_relu_d0.0_e50_lr0.001_b16,080905,Cusco,Ocobamba,4,0.4559736823748138,0.4679054617881775,0.0119317794133637,0.0119317794133637,0.0001423673599691,2023
MLP_FINAL_w3_h128x64x32_actleaky_relu_d0.0_e50_lr0.001_b16,080905,Cusco,Ocobamba,5,0.4471832801393524,0.4507515132427215,0.0035682331033691,0.0035682331033691,1.2732287479979635e-05,2024
MLP_FINAL_w3_h128x64x32_actleaky_relu_d0.0_e50_lr0.001_b16,080906,Cusco,Quellouno,1,0.7427899703241935,0.7414024472236633,-0.0013875231005301,0.0013875231005301,1.9252203545047767e-06,2020
MLP_FINAL_w3_h128x64x32_actleaky_relu_d0.0_e50_lr0.001_b16,080906,Cusco,Quellouno,2,0.7328648443931574,0.7382808327674866,0.0054159883743292,0.0054159883743292,2.9332930070869235e-05,2021
MLP_FINAL_w3_h128x64x32_actleaky_relu_d0.0_e50_lr0.001_b16,080906,Cusco,Quellouno,3,0.7276302383843843,0.7266916632652283,-0.000938575119156,0.000938575119156,8.809232542988328e-07,2022
MLP_FINAL_w3_h128x64x32_actleaky_relu_d0.0_e50_lr0.001_b16,080906,Cusco,Quellouno,4,0.7151104797025662,0.7212116122245789,0.0061011325220126,0.0061011325220126,3.722381805115994e-05,2023
MLP_FINAL_w3_h128x64x32_actleaky_relu_d0.0_e50_lr0.001_b16,080906,Cusco,Quellouno,5,0.7143641393927217,0.7077324390411377,-0.006631700351584,0.006631700351584,4.397944955319938e-05,2024
MLP_FINAL_w3_h128x64x32_actleaky_relu_d0.0_e50_lr0.001_b16,080918,Cusco,Union Ashaninka,1,0.7492453662214257,0.7553689479827881,0.0061235817613624,0.0061235817613624,3.749825358809031e-05,2020
MLP_FINAL_w3_h128x64x32_actleaky_relu_d0.0_e50_lr0.001_b16,080918,Cusco,Union Ashaninka,2,0.7478968406378469,0.7415964007377625,-0.0063004399000844,0.0063004399000844,3.969554293457606e-05,2021
MLP_FINAL_w3_h128x64x32_actleaky_relu_d0.0_e50_lr0.001_b16,080918,Cusco,Union Ashaninka,3,0.740380375254271,0.7415820956230164,0.0012017203687453,0.0012017203687453,1.4441318446574102e-06,2022
MLP_FINAL_w3_h128x64x32_actleaky_relu_d0.0_e50_lr0.001_b16,080918,Cusco,Union Ashaninka,4,0.7370261312394202,0.735053539276123,-0.0019725919632971,0.0019725919632971,3.891119053664435e-06,2023
MLP_FINAL_w3_h128x64x32_actleaky_relu_d0.0_e50_lr0.001_b16,080918,Cusco,Union Ashaninka,5,0.7306960269705117,0.7315459251403809,0.0008498981698691,0.0008498981698691,7.22326899146904e-07,2024
MLP_FINAL_w3_h128x64x32_actleaky_relu_d0.0_e50_lr0.001_b16,081304,Cusco,Machupicchu,1,0.3685233551100532,0.3673009276390075,-0.0012224274710456,0.0012224274710456,1.4943289219669836e-06,2020
MLP_FINAL_w3_h128x64x32_actleaky_relu_d0.0_e50_lr0.001_b16,081304,Cusco,Machupicchu,2,0.3739904452531332,0.3658655285835266,-0.0081249166696065,0.0081249166696065,6.601427088805078e-05,2021
MLP_FINAL_w3_h128x64x32_actleaky_relu_d0.0_e50_lr0.001_b16,081304,Cusco,Machupicchu,3,0.3811480648140779,0.3726624846458435,-0.0084855801682344,0.0084855801682344,7.200507079153327e-05,2022
MLP_FINAL_w3_h128x64x32_actleaky_relu_d0.0_e50_lr0.001_b16,081304,Cusco,Machupicchu,4,0.3760306562196289,0.3804219961166382,0.0043913398970092,0.0043913398970092,1.92838660910656e-05,2023
MLP_FINAL_w3_h128x64x32_actleaky_relu_d0.0_e50_lr0.001_b16,081304,Cusco,Machupicchu,5,0.3669124083894632,0.3721281290054321,0.0052157206159689,0.0052157206159689,2.720374154384323e-05,2024
MLP_FINAL_w3_h128x64x32_actleaky_relu_d0.0_e50_lr0.001_b16,100103,Huanuco,Chinchao,1,0.6642708811506766,0.6756365895271301,0.0113657083764535,0.0113657083764535,0.0001291793268985,2020
MLP_FINAL_w3_h128x64x32_actleaky_relu_d0.0_e50_lr0.001_b16,100103,Huanuco,Chinchao,2,0.6620521564255579,0.6601376533508301,-0.0019145030747278,0.0019145030747278,3.66532202314238e-06,2021
MLP_FINAL_w3_h128x64x32_actleaky_relu_d0.0_e50_lr0.001_b16,100103,Huanuco,Chinchao,3,0.6495956018973922,0.6564494967460632,0.006853894848671,0.006853894848671,4.6975874596639546e-05,2022
MLP_FINAL_w3_h128x64x32_actleaky_relu_d0.0_e50_lr0.001_b16,100103,Huanuco,Chinchao,4,0.6588038559905568,0.6431818008422852,-0.0156220551482716,0.0156220551482716,0.0002440486070556,2023
MLP_FINAL_w3_h128x64x32_actleaky_relu_d0.0_e50_lr0.001_b16,100103,Huanuco,Chinchao,5,0.6457122871445122,0.6557877659797668,0.0100754788352546,0.0100754788352546,0.0001015152737596,2024
MLP_FINAL_w3_h128x64x32_actleaky_relu_d0.0_e50_lr0.001_b16,100113,Huanuco,San Pablo De Pillao,1,0.6673147557699998,0.7119559049606323,0.0446411491906325,0.0446411491906325,0.0019928322010603,2020
MLP_FINAL_w3_h128x64x32_actleaky_relu_d0.0_e50_lr0.001_b16,100113,Huanuco,San Pablo De Pillao,2,0.670824247451122,0.6546974182128906,-0.0161268292382313,0.0161268292382313,0.000260074621279,2021
MLP_FINAL_w3_h128x64x32_actleaky_relu_d0.0_e50_lr0.001_b16,100113,Huanuco,San Pablo De Pillao,3,0.66408917468231,0.6594574451446533,-0.0046317295376566,0.0046317295376566,2.1452918510001277e-05,2022
MLP_FINAL_w3_h128x64x32_actleaky_relu_d0.0_e50_lr0.001_b16,100113,Huanuco,San Pablo De Pillao,4,0.6617064067175328,0.6604500412940979,-0.0012563654234348,0.0012563654234348,1.578454077202705e-06,2023
MLP_FINAL_w3_h128x64x32_actleaky_relu_d0.0_e50_lr0.001_b16,100113,Huanuco,San Pablo De Pillao,5,0.6585655528750035,0.6571094989776611,-0.0014560538973423,0.0014560538973423,2.1200929519659333e-06,2024
MLP_FINAL_w3_h128x64x32_actleaky_relu_d0.0_e50_lr0.001_b16,100505,Huanuco,Jircan,1,0.6996753246753247,0.7233930230140686,0.0237176983387439,0.0237176983387439,0.0005625292144876,2020
MLP_FINAL_w3_h128x64x32_actleaky_relu_d0.0_e50_lr0.001_b16,100505,Huanuco,Jircan,2,0.7141156110404402,0.6926257014274597,-0.0214899096129804,0.0214899096129804,0.000461816215174,2021
MLP_FINAL_w3_h128x64x32_actleaky_relu_d0.0_e50_lr0.001_b16,100505,Huanuco,Jircan,3,0.697205129722214,0.7065638899803162,0.0093587602581021,0.0093587602581021,8.75863935686316e-05,2022
MLP_FINAL_w3_h128x64x32_actleaky_relu_d0.0_e50_lr0.001_b16,100505,Huanuco,Jircan,4,0.7262927846640831,0.6928879618644714,-0.0334048227996116,0.0334048227996116,0.0011158821862734,2023
MLP_FINAL_w3_h128x64x32_actleaky_relu_d0.0_e50_lr0.001_b16,100505,Huanuco,Jircan,5,0.7219921308759577,0.7204026579856873,-0.0015894728902704,0.0015894728902704,2.5264240689046957e-06,2024
MLP_FINAL_w3_h128x64x32_actleaky_relu_d0.0_e50_lr0.001_b16,100507,Huanuco,Monzon,1,0.7007421880402489,0.7033101916313171,0.0025680035910682,0.0025680035910682,6.5946424437393525e-06,2020
MLP_FINAL_w3_h128x64x32_actleaky_relu_d0.0_e50_lr0.001_b16,100507,Huanuco,Monzon,2,0.6982250603821457,0.696963906288147,-0.0012611540939987,0.0012611540939987,1.5905096488097825e-06,2021
MLP_FINAL_w3_h128x64x32_actleaky_relu_d0.0_e50_lr0.001_b16,100507,Huanuco,Monzon,3,0.693855291563096,0.6939057111740112,5.041961091523106e-05,5.041961091523106e-05,2.542137164843287e-09,2022
MLP_FINAL_w3_h128x64x32_actleaky_relu_d0.0_e50_lr0.001_b16,100507,Huanuco,Monzon,4,0.7037383494834356,0.6894548535346985,-0.0142834959487371,0.0142834959487371,0.0002040182565175,2023
MLP_FINAL_w3_h128x64x32_actleaky_relu_d0.0_e50_lr0.001_b16,100507,Huanuco,Monzon,5,0.6952081533813373,0.7018123865127563,0.006604233131419,0.006604233131419,4.361589525413243e-05,2024
MLP_FINAL_w3_h128x64x32_actleaky_relu_d0.0_e50_lr0.001_b16,100601,Huanuco,Rupa-Rupa,1,0.6205881655642372,0.6253848075866699,0.0047966420224326,0.0047966420224326,2.300777469136711e-05,2020
MLP_FINAL_w3_h128x64x32_actleaky_relu_d0.0_e50_lr0.001_b16,100601,Huanuco,Rupa-Rupa,2,0.6173130526964644,0.6173111200332642,-1.9326632002547584e-06,1.9326632002547584e-06,3.735187045618964e-12,2021
MLP_FINAL_w3_h128x64x32_actleaky_relu_d0.0_e50_lr0.001_b16,100601,Huanuco,Rupa-Rupa,3,0.6174214328534124,0.6128771305084229,-0.0045443023449895,0.0045443023449895,2.065068380267791e-05,2022
MLP_FINAL_w3_h128x64x32_actleaky_relu_d0.0_e50_lr0.001_b16,100601,Huanuco,Rupa-Rupa,4,0.6159583007346142,0.614249587059021,-0.0017087136755932,0.0017087136755932,2.9197024251592947e-06,2023
MLP_FINAL_w3_h128x64x32_actleaky_relu_d0.0_e50_lr0.001_b16,100601,Huanuco,Rupa-Rupa,5,0.5999383587857359,0.6130597591400146,0.0131214003542787,0.0131214003542787,0.0001721711472572,2024
MLP_FINAL_w3_h128x64x32_actleaky_relu_d0.0_e50_lr0.001_b16,100605,Huanuco,Luyando,1,0.3667928592925821,0.3707360923290252,0.0039432330364431,0.0039432330364431,1.554908677969684e-05,2020
MLP_FINAL_w3_h128x64x32_actleaky_relu_d0.0_e50_lr0.001_b16,100605,Huanuco,Luyando,2,0.3682184663635932,0.3631075918674469,-0.0051108744961462,0.0051108744961462,2.6121038115358478e-05,2021
MLP_FINAL_w3_h128x64x32_actleaky_relu_d0.0_e50_lr0.001_b16,100605,Huanuco,Luyando,3,0.3719567249053555,0.3656383156776428,-0.0063184092277126,0.0063184092277126,3.992229516884439e-05,2022
MLP_FINAL_w3_h128x64x32_actleaky_relu_d0.0_e50_lr0.001_b16,100605,Huanuco,Luyando,4,0.3726616084015777,0.3702878952026367,-0.0023737131989409,0.0023737131989409,5.634514350826594e-06,2023
MLP_FINAL_w3_h128x64x32_actleaky_relu_d0.0_e50_lr0.001_b16,100605,Huanuco,Luyando,5,0.3534951133357621,0.3702589869499206,0.0167638736141585,0.0167638736141585,0.0002810274585514,2024
MLP_FINAL_w3_h128x64x32_actleaky_relu_d0.0_e50_lr0.001_b16,100606,Huanuco,Mariano Damaso Beraun,1,0.8509629874773215,0.8542855381965637,0.0033225507192422,0.0033225507192422,1.1039343281937236e-05,2020
MLP_FINAL_w3_h128x64x32_actleaky_relu_d0.0_e50_lr0.001_b16,100606,Huanuco,Mariano Damaso Beraun,2,0.84799867622464,0.8482879996299744,0.0002893234053343,0.0002893234053343,8.370803287428494e-08,2021
MLP_FINAL_w3_h128x64x32_actleaky_relu_d0.0_e50_lr0.001_b16,100606,Huanuco,Mariano Damaso Beraun,3,0.8430416102781702,0.8436746001243591,0.0006329898461889,0.0006329898461889,4.0067614537834913e-07,2022
MLP_FINAL_w3_h128x64x32_actleaky_relu_d0.0_e50_lr0.001_b16,100606,Huanuco,Mariano Damaso Beraun,4,0.8419246748181286,0.8387585282325745,-0.0031661465855541,0.0031661465855541,1.002448420121615e-05,2023
MLP_FINAL_w3_h128x64x32_actleaky_relu_d0.0_e50_lr0.001_b16,100606,Huanuco,Mariano Damaso Beraun,5,0.8277177285433153,0.8381064534187317,0.0103887248754164,0.0103887248754164,0.000107925604537,2024
MLP_FINAL_w3_h128x64x32_actleaky_relu_d0.0_e50_lr0.001_b16,100608,Huanuco,Castillo Grande,1,0.5205296332332163,0.5197271704673767,-0.0008024627658396,0.0008024627658396,6.439464905589692e-07,2020
MLP_FINAL_w3_h128x64x32_actleaky_relu_d0.0_e50_lr0.001_b16,100608,Huanuco,Castillo Grande,2,0.5248445365709209,0.5171247720718384,-0.0077197644990825,0.0077197644990825,5.959476392129472e-05,2021
MLP_FINAL_w3_h128x64x32_actleaky_relu_d0.0_e50_lr0.001_b16,100608,Huanuco,Castillo Grande,3,0.5311392190871018,0.5223311185836792,-0.0088081005034226,0.0088081005034226,7.758263447839386e-05,2022
MLP_FINAL_w3_h128x64x32_actleaky_relu_d0.0_e50_lr0.001_b16,100608,Huanuco,Castillo Grande,4,0.5307331105376708,0.5301620960235596,-0.0005710145141112,0.0005710145141112,3.260575753256891e-07,2023
MLP_FINAL_w3_h128x64x32_actleaky_relu_d0.0_e50_lr0.001_b16,100608,Huanuco,Castillo Grande,5,0.5058251195059013,0.5282004475593567,0.0223753280534554,0.0223753280534554,0.0005006553054997,2024
MLP_FINAL_w3_h128x64x32_actleaky_relu_d0.0_e50_lr0.001_b16,100609,Huanuco,Pueblo Nuevo,1,0.6958375035498537,0.6977204084396362,0.0018829048897824,0.0018829048897824,3.545330823966805e-06,2020
MLP_FINAL_w3_h128x64x32_actleaky_relu_d0.0_e50_lr0.001_b16,100609,Huanuco,Pueblo Nuevo,2,0.6908856299163751,0.6928190588951111,0.0019334289787359,0.0019334289787359,3.738147615815902e-06,2021
MLP_FINAL_w3_h128x64x32_actleaky_relu_d0.0_e50_lr0.001_b16,100609,Huanuco,Pueblo Nuevo,3,0.696901770377539,0.6863481998443604,-0.0105535705331786,0.0105535705331786,0.0001113778509987,2022
MLP_FINAL_w3_h128x64x32_actleaky_relu_d0.0_e50_lr0.001_b16,100609,Huanuco,Pueblo Nuevo,4,0.6933146948780091,0.6947447657585144,0.0014300708805052,0.0014300708805052,2.045102723269162e-06,2023
MLP_FINAL_w3_h128x64x32_actleaky_relu_d0.0_e50_lr0.001_b16,100609,Huanuco,Pueblo Nuevo,5,0.6780785848008359,0.6909641623497009,0.0128855775488649,0.0128855775488649,0.0001660381087678,2024
MLP_FINAL_w3_h128x64x32_actleaky_relu_d0.0_e50_lr0.001_b16,100804,Huanuco,Umari,1,0.1879738884651622,0.2378740459680557,0.0499001575028935,0.0499001575028935,0.0024900257188135,2020
MLP_FINAL_w3_h128x64x32_actleaky_relu_d0.0_e50_lr0.001_b16,100804,Huanuco,Umari,2,0.1963805015927139,0.1803659796714782,-0.0160145219212356,0.0160145219212356,0.0002564649123657,2021
MLP_FINAL_w3_h128x64x32_actleaky_relu_d0.0_e50_lr0.001_b16,100804,Huanuco,Umari,3,0.1896507245726591,0.1913381218910217,0.0016873973183626,0.0016873973183626,2.847309710017365e-06,2022
MLP_FINAL_w3_h128x64x32_actleaky_relu_d0.0_e50_lr0.001_b16,100804,Huanuco,Umari,4,0.2097671497151061,0.1878062337636947,-0.0219609159514113,0.0219609159514113,0.0004822818294249,2023
MLP_FINAL_w3_h128x64x32_actleaky_relu_d0.0_e50_lr0.001_b16,100804,Huanuco,Umari,5,0.2132666337655345,0.2097916603088379,-0.0034749734566966,0.0034749734566966,1.2075440524746036e-05,2024
MLP_FINAL_w3_h128x64x32_actleaky_relu_d0.0_e50_lr0.001_b16,100901,Huanuco,Puerto Inca,1,0.6642272323979114,0.67359858751297,0.0093713551150586,0.0093713551150586,8.782229669253497e-05,2020
MLP_FINAL_w3_h128x64x32_actleaky_relu_d0.0_e50_lr0.001_b16,100901,Huanuco,Puerto Inca,2,0.6464933855150087,0.6535395979881287,0.0070462124731199,0.0070462124731199,4.964911021635164e-05,2021
MLP_FINAL_w3_h128x64x32_actleaky_relu_d0.0_e50_lr0.001_b16,100901,Huanuco,Puerto Inca,3,0.6282767941633685,0.6351471543312073,0.0068703601678388,0.0068703601678388,4.720184883582623e-05,2022
MLP_FINAL_w3_h128x64x32_actleaky_relu_d0.0_e50_lr0.001_b16,100901,Huanuco,Puerto Inca,4,0.6187861412477837,0.6170151829719543,-0.0017709582758294,0.0017709582758294,3.1362932147286555e-06,2023
MLP_FINAL_w3_h128x64x32_actleaky_relu_d0.0_e50_lr0.001_b16,100901,Huanuco,Puerto Inca,5,0.600651114519684,0.6098436713218689,0.0091925568021848,0.0091925568021848,8.450310056139573e-05,2024
MLP_FINAL_w3_h128x64x32_actleaky_relu_d0.0_e50_lr0.001_b16,100902,Huanuco,Codo Del Pozuzo,1,0.7266625257202279,0.7369490265846252,0.0102865008643973,0.0102865008643973,0.0001058121000332,2020
MLP_FINAL_w3_h128x64x32_actleaky_relu_d0.0_e50_lr0.001_b16,100902,Huanuco,Codo Del Pozuzo,2,0.7152311613604294,0.7162095904350281,0.0009784290745986,0.0009784290745986,9.57323454019997e-07,2021
MLP_FINAL_w3_h128x64x32_actleaky_relu_d0.0_e50_lr0.001_b16,100902,Huanuco,Codo Del Pozuzo,3,0.6996186445429629,0.7054857015609741,0.0058670570180112,0.0058670570180112,3.4422358052595274e-05,2022
MLP_FINAL_w3_h128x64x32_actleaky_relu_d0.0_e50_lr0.001_b16,100902,Huanuco,Codo Del Pozuzo,4,0.6923842962401355,0.6901111006736755,-0.0022731955664599,0.0022731955664599,5.167418083373381e-06,2023
MLP_FINAL_w3_h128x64x32_actleaky_relu_d0.0_e50_lr0.001_b16,100902,Huanuco,Codo Del Pozuzo,5,0.6740932927334595,0.684376060962677,0.0102827682292174,0.0102827682292174,0.0001057353224558,2024
MLP_FINAL_w3_h128x64x32_actleaky_relu_d0.0_e50_lr0.001_b16,100903,Huanuco,Honoria,1,0.4278262440371602,0.4405215084552765,0.0126952644181163,0.0126952644181163,0.0001611697386458,2020
MLP_FINAL_w3_h128x64x32_actleaky_relu_d0.0_e50_lr0.001_b16,100903,Huanuco,Honoria,2,0.4163712599272028,0.4189485311508178,0.002577271223615,0.002577271223615,6.642326960074284e-06,2021
MLP_FINAL_w3_h128x64x32_actleaky_relu_d0.0_e50_lr0.001_b16,100903,Huanuco,Honoria,3,0.398931786882544,0.4086888432502746,0.0097570563677306,0.0097570563677306,9.520014896307352e-05,2022
MLP_FINAL_w3_h128x64x32_actleaky_relu_d0.0_e50_lr0.001_b16,100903,Huanuco,Honoria,4,0.3628479351324977,0.3902575671672821,0.0274096320347844,0.0274096320347844,0.0007512879282822,2023
MLP_FINAL_w3_h128x64x32_actleaky_relu_d0.0_e50_lr0.001_b16,100903,Huanuco,Honoria,5,0.3507942227846357,0.3495209515094757,-0.0012732712751599,0.0012732712751599,1.6212197401474975e-06,2024
MLP_FINAL_w3_h128x64x32_actleaky_relu_d0.0_e50_lr0.001_b16,100904,Huanuco,Tournavista,1,0.5779380757077947,0.5892075300216675,0.0112694543138728,0.0112694543138728,0.0001270006005324,2020
MLP_FINAL_w3_h128x64x32_actleaky_relu_d0.0_e50_lr0.001_b16,100904,Huanuco,Tournavista,2,0.55587726757082,0.5655601024627686,0.0096828348919485,0.0096828348919485,9.375729154473618e-05,2021
MLP_FINAL_w3_h128x64x32_actleaky_relu_d0.0_e50_lr0.001_b16,100904,Huanuco,Tournavista,3,0.5343623608103693,0.5432007908821106,0.0088384300717413,0.0088384300717413,7.811784613306168e-05,2022
MLP_FINAL_w3_h128x64x32_actleaky_relu_d0.0_e50_lr0.001_b16,100904,Huanuco,Tournavista,4,0.5072331932389404,0.522057831287384,0.0148246380484435,0.0148246380484435,0.0002197698932673,2023
MLP_FINAL_w3_h128x64x32_actleaky_relu_d0.0_e50_lr0.001_b16,100904,Huanuco,Tournavista,5,0.4849192208018865,0.4938591122627258,0.0089398914608393,0.0089398914608393,7.992165933158822e-05,2024
MLP_FINAL_w3_h128x64x32_actleaky_relu_d0.0_e50_lr0.001_b16,100905,Huanuco,Yuyapichis,1,0.6091182575888785,0.6216732859611511,0.0125550283722726,0.0125550283722726,0.0001576287374285,2020
MLP_FINAL_w3_h128x64x32_actleaky_relu_d0.0_e50_lr0.001_b16,100905,Huanuco,Yuyapichis,2,0.5911847088544524,0.595236599445343,0.0040518905908906,0.0040518905908906,1.641781736054791e-05,2021
MLP_FINAL_w3_h128x64x32_actleaky_relu_d0.0_e50_lr0.001_b16,100905,Huanuco,Yuyapichis,3,0.5691707967991864,0.5787039995193481,0.0095332027201617,0.0095332027201617,9.08819541037e-05,2022
MLP_FINAL_w3_h128x64x32_actleaky_relu_d0.0_e50_lr0.001_b16,100905,Huanuco,Yuyapichis,4,0.5613270288556127,0.5566176772117615,-0.0047093516438512,0.0047093516438512,2.2177992905444216e-05,2023
MLP_FINAL_w3_h128x64x32_actleaky_relu_d0.0_e50_lr0.001_b16,100905,Huanuco,Yuyapichis,5,0.54344808404226,0.5525181293487549,0.0090700453064949,0.0090700453064949,8.226572186187038e-05,2024
MLP_FINAL_w3_h128x64x32_actleaky_relu_d0.0_e50_lr0.001_b16,120209,Junin,Mariscal Castilla,1,0.3902123816641754,0.3337402939796448,-0.0564720876845306,0.0564720876845306,0.0031890966874493,2020
MLP_FINAL_w3_h128x64x32_actleaky_relu_d0.0_e50_lr0.001_b16,120209,Junin,Mariscal Castilla,2,0.351831091180867,0.3889336884021759,0.0371025972213089,0.0371025972213089,0.0013766027205666,2021
MLP_FINAL_w3_h128x64x32_actleaky_relu_d0.0_e50_lr0.001_b16,120209,Junin,Mariscal Castilla,3,0.3644899103139013,0.3413307964801788,-0.0231591138337224,0.0231591138337224,0.0005363445535633,2022
MLP_FINAL_w3_h128x64x32_actleaky_relu_d0.0_e50_lr0.001_b16,120209,Junin,Mariscal Castilla,4,0.356564524165421,0.3634866774082184,0.0069221532427973,0.0069221532427973,4.791620551677028e-05,2023
MLP_FINAL_w3_h128x64x32_actleaky_relu_d0.0_e50_lr0.001_b16,120209,Junin,Mariscal Castilla,5,0.3494799451918286,0.3525641560554504,0.0030842108636218,0.0030842108636218,9.512356651282834e-06,2024
MLP_FINAL_w3_h128x64x32_actleaky_relu_d0.0_e50_lr0.001_b16,120302,Junin,Perene,1,0.5873779747024782,0.5822886228561401,-0.005089351846338,0.005089351846338,2.590150221582477e-05,2020
MLP_FINAL_w3_h128x64x32_actleaky_relu_d0.0_e50_lr0.001_b16,120302,Junin,Perene,2,0.57921537520221,0.5811519622802734,0.0019365870780634,0.0019365870780634,3.75036951092227e-06,2021
MLP_FINAL_w3_h128x64x32_actleaky_relu_d0.0_e50_lr0.001_b16,120302,Junin,Perene,3,0.5696841961450105,0.5730046033859253,0.0033204072409147,0.0033204072409147,1.1025104245519154e-05,2022
MLP_FINAL_w3_h128x64x32_actleaky_relu_d0.0_e50_lr0.001_b16,120302,Junin,Perene,4,0.5572062132569662,0.5621993541717529,0.0049931409147867,0.0049931409147867,2.4931456194917497e-05,2023
MLP_FINAL_w3_h128x64x32_actleaky_relu_d0.0_e50_lr0.001_b16,120302,Junin,Perene,5,0.5440639628387073,0.5488595962524414,0.0047956334137341,0.0047956334137341,2.2998099838923206e-05,2024
MLP_FINAL_w3_h128x64x32_actleaky_relu_d0.0_e50_lr0.001_b16,120303,Junin,Pichanaqui,1,0.6235338723844114,0.6219663023948669,-0.0015675699895444,0.0015675699895444,2.4572756721203477e-06,2020
MLP_FINAL_w3_h128x64x32_actleaky_relu_d0.0_e50_lr0.001_b16,120303,Junin,Pichanaqui,2,0.6170480316539529,0.6174159049987793,0.0003678733448263,0.0003678733448263,1.353307978337286e-07,2021
MLP_FINAL_w3_h128x64x32_actleaky_relu_d0.0_e50_lr0.001_b16,120303,Junin,Pichanaqui,3,0.6084595528116606,0.611746609210968,0.0032870563993073,0.0032870563993073,1.0804739772227568e-05,2022
MLP_FINAL_w3_h128x64x32_actleaky_relu_d0.0_e50_lr0.001_b16,120303,Junin,Pichanaqui,4,0.5979025867108753,0.6021497845649719,0.0042471978540966,0.0042471978540966,1.8038689611843296e-05,2023
MLP_FINAL_w3_h128x64x32_actleaky_relu_d0.0_e50_lr0.001_b16,120303,Junin,Pichanaqui,5,0.5880488535044439,0.5904207229614258,0.0023718694569818,0.0023718694569818,5.62576472096346e-06,2024
MLP_FINAL_w3_h128x64x32_actleaky_relu_d0.0_e50_lr0.001_b16,120304,Junin,San Luis De Shuaro,1,0.6637352707624063,0.6435179114341736,-0.0202173593282327,0.0202173593282327,0.0004087416182068,2020
MLP_FINAL_w3_h128x64x32_actleaky_relu_d0.0_e50_lr0.001_b16,120304,Junin,San Luis De Shuaro,2,0.6560774363140168,0.6576062440872192,0.0015288077732024,0.0015288077732024,2.337253207404117e-06,2021
MLP_FINAL_w3_h128x64x32_actleaky_relu_d0.0_e50_lr0.001_b16,120304,Junin,San Luis De Shuaro,3,0.6427469628791267,0.6539216637611389,0.0111747008820122,0.0111747008820122,0.0001248739398024,2022
MLP_FINAL_w3_h128x64x32_actleaky_relu_d0.0_e50_lr0.001_b16,120304,Junin,San Luis De Shuaro,4,0.628280136179845,0.6349523663520813,0.0066722301722362,0.0066722301722362,4.4518655471300206e-05,2023
MLP_FINAL_w3_h128x64x32_actleaky_relu_d0.0_e50_lr0.001_b16,120304,Junin,San Luis De Shuaro,5,0.5973749783225782,0.6190190315246582,0.0216440532020799,0.0216440532020799,0.0004684650390144,2024
MLP_FINAL_w3_h128x64x32_actleaky_relu_d0.0_e50_lr0.001_b16,120601,Junin,Satipo,1,0.6774614812830716,0.6779784560203552,0.0005169747372836,0.0005169747372836,2.6726287898947454e-07,2020
MLP_FINAL_w3_h128x64x32_actleaky_relu_d0.0_e50_lr0.001_b16,120601,Junin,Satipo,2,0.6688019638279585,0.673618733882904,0.0048167700549455,0.0048167700549455,2.320127376221985e-05,2021
MLP_FINAL_w3_h128x64x32_actleaky_relu_d0.0_e50_lr0.001_b16,120601,Junin,Satipo,3,0.6549811588263073,0.6628873944282532,0.0079062356019459,0.0079062356019459,6.250856139347719e-05,2022
MLP_FINAL_w3_h128x64x32_actleaky_relu_d0.0_e50_lr0.001_b16,120601,Junin,Satipo,4,0.6294436502071292,0.6467774510383606,0.0173338008312313,0.0173338008312313,0.0003004606512567,2023
MLP_FINAL_w3_h128x64x32_actleaky_relu_d0.0_e50_lr0.001_b16,120601,Junin,Satipo,5,0.6126474134935721,0.6169517636299133,0.0043043501363412,0.0043043501363412,1.852743009622075e-05,2024
MLP_FINAL_w3_h128x64x32_actleaky_relu_d0.0_e50_lr0.001_b16,120602,Junin,Coviriali,1,0.60569872762562,0.596007227897644,-0.009691499727976,0.009691499727976,9.392516697735896e-05,2020
MLP_FINAL_w3_h128x64x32_actleaky_relu_d0.0_e50_lr0.001_b16,120602,Junin,Coviriali,2,0.5973779742649702,0.6050264239311218,0.0076484496661516,0.0076484496661516,5.849878229565506e-05,2021
MLP_FINAL_w3_h128x64x32_actleaky_relu_d0.0_e50_lr0.001_b16,120602,Junin,Coviriali,3,0.5809970526921141,0.5931181907653809,0.0121211380732667,0.0121211380732667,0.0001469219881911,2022
MLP_FINAL_w3_h128x64x32_actleaky_relu_d0.0_e50_lr0.001_b16,120602,Junin,Coviriali,4,0.5661347135360506,0.5716665983200073,0.0055318847839567,0.0055318847839567,3.0601749262971885e-05,2023
MLP_FINAL_w3_h128x64x32_actleaky_relu_d0.0_e50_lr0.001_b16,120602,Junin,Coviriali,5,0.5460516857163396,0.5559682250022888,0.0099165392859492,0.0099165392859492,9.83377514097752e-05,2024
MLP_FINAL_w3_h128x64x32_actleaky_relu_d0.0_e50_lr0.001_b16,120603,Junin,Llaylla,1,0.6767776956744159,0.6632176041603088,-0.013560091514107,0.013560091514107,0.0001838760818709,2020
MLP_FINAL_w3_h128x64x32_actleaky_relu_d0.0_e50_lr0.001_b16,120603,Junin,Llaylla,2,0.6766270675836981,0.6757355332374573,-0.0008915343462407,0.0008915343462407,7.948334905269847e-07,2021
MLP_FINAL_w3_h128x64x32_actleaky_relu_d0.0_e50_lr0.001_b16,120603,Junin,Llaylla,3,0.6652134371625078,0.6762402057647705,0.0110267686022627,0.0110267686022627,0.0001215896258078,2022
MLP_FINAL_w3_h128x64x32_actleaky_relu_d0.0_e50_lr0.001_b16,120603,Junin,Llaylla,4,0.656025123628716,0.6594654321670532,0.0034403085383372,0.0034403085383372,1.1835722838955918e-05,2023
MLP_FINAL_w3_h128x64x32_actleaky_relu_d0.0_e50_lr0.001_b16,120603,Junin,Llaylla,5,0.6417580856022281,0.6485325694084167,0.0067744838061886,0.0067744838061886,4.589363084031177e-05,2024
MLP_FINAL_w3_h128x64x32_actleaky_relu_d0.0_e50_lr0.001_b16,120604,Junin,Mazamari,1,0.7869618370595345,0.780782163143158,-0.0061796739163765,0.0061796739163765,3.81883697127444e-05,2020
MLP_FINAL_w3_h128x64x32_actleaky_relu_d0.0_e50_lr0.001_b16,120604,Junin,Mazamari,2,0.7836342041928035,0.7851809859275818,0.0015467817347782,0.0015467817347782,2.3925337350437387e-06,2021
MLP_FINAL_w3_h128x64x32_actleaky_relu_d0.0_e50_lr0.001_b16,120604,Junin,Mazamari,3,0.7771746815691493,0.7800754904747009,0.0029008089055516,0.0029008089055516,8.414692306527855e-06,2022
MLP_FINAL_w3_h128x64x32_actleaky_relu_d0.0_e50_lr0.001_b16,120604,Junin,Mazamari,4,0.7606660838491036,0.7712849974632263,0.0106189136141227,0.0106189136141227,0.0001127613263442,2023
MLP_FINAL_w3_h128x64x32_actleaky_relu_d0.0_e50_lr0.001_b16,120604,Junin,Mazamari,5,0.7365834119904845,0.7514986395835876,0.0149152275931031,0.0149152275931031,0.000222464014154,2024
MLP_FINAL_w3_h128x64x32_actleaky_relu_d0.0_e50_lr0.001_b16,120607,Junin,Rio Negro,1,0.5116514727389675,0.5211897492408752,0.0095382765019077,0.0095382765019077,9.097871862684554e-05,2020
MLP_FINAL_w3_h128x64x32_actleaky_relu_d0.0_e50_lr0.001_b16,120607,Junin,Rio Negro,2,0.4943422532528899,0.5030107498168945,0.0086684965640046,0.0086684965640046,7.514283268016036e-05,2021
MLP_FINAL_w3_h128x64x32_actleaky_relu_d0.0_e50_lr0.001_b16,120607,Junin,Rio Negro,3,0.4782368096704528,0.4851475358009338,0.006910726130481,0.006910726130481,4.775813565051357e-05,2022
MLP_FINAL_w3_h128x64x32_actleaky_relu_d0.0_e50_lr0.001_b16,120607,Junin,Rio Negro,4,0.4546967023726962,0.4700223803520202,0.015325677979324,0.015325677979324,0.0002348764055259,2023
MLP_FINAL_w3_h128x64x32_actleaky_relu_d0.0_e50_lr0.001_b16,120607,Junin,Rio Negro,5,0.4379085202180451,0.4446913301944732,0.0067828099764281,0.0067828099764281,4.600651117633339e-05,2024
MLP_FINAL_w3_h128x64x32_actleaky_relu_d0.0_e50_lr0.001_b16,120609,Junin,Vizcatán Del Ene,1,0.7585939456030942,0.7646570801734924,0.0060631345703981,0.0060631345703981,3.676160081875775e-05,2020
MLP_FINAL_w3_h128x64x32_actleaky_relu_d0.0_e50_lr0.001_b16,120609,Junin,Vizcatán Del Ene,2,0.7539951594754276,0.7460135817527771,-0.0079815777226505,0.0079815777226505,6.370558294271094e-05,2021
MLP_FINAL_w3_h128x64x32_actleaky_relu_d0.0_e50_lr0.001_b16,120609,Junin,Vizcatán Del Ene,3,0.7469905002546887,0.7457640767097473,-0.0012264235449414,0.0012264235449414,1.5041147115866347e-06,2022
MLP_FINAL_w3_h128x64x32_actleaky_relu_d0.0_e50_lr0.001_b16,120609,Junin,Vizcatán Del Ene,4,0.742129830811867,0.7410205006599426,-0.0011093301519243,0.0011093301519243,1.2306133859685712e-06,2023
MLP_FINAL_w3_h128x64x32_actleaky_relu_d0.0_e50_lr0.001_b16,120609,Junin,Vizcatán Del Ene,5,0.7316185252228167,0.7362850904464722,0.0046665652236554,0.0046665652236554,2.177683098663085e-05,2024
MLP_FINAL_w3_h128x64x32_actleaky_relu_d0.0_e50_lr0.001_b16,160101,Loreto,Iquitos,1,0.5134002372756092,0.514977753162384,0.0015775158867747,0.0015775158867747,2.4885563730268647e-06,2020
MLP_FINAL_w3_h128x64x32_actleaky_relu_d0.0_e50_lr0.001_b16,160101,Loreto,Iquitos,2,0.5002260925374876,0.5091836452484131,0.0089575527109254,0.0089575527109254,8.023775056900815e-05,2021
MLP_FINAL_w3_h128x64x32_actleaky_relu_d0.0_e50_lr0.001_b16,160101,Loreto,Iquitos,3,0.5077114573001148,0.4929516911506653,-0.0147597661494495,0.0147597661494495,0.0002178506967864,2022
MLP_FINAL_w3_h128x64x32_actleaky_relu_d0.0_e50_lr0.001_b16,160101,Loreto,Iquitos,4,0.5507127992687244,0.5051243901252747,-0.0455884091434497,0.0455884091434497,0.0020783030482305,2023
MLP_FINAL_w3_h128x64x32_actleaky_relu_d0.0_e50_lr0.001_b16,160101,Loreto,Iquitos,5,0.5545247680728164,0.5457772016525269,-0.0087475664202895,0.0087475664202895,7.651991827737663e-05,2024
MLP_FINAL_w3_h128x64x32_actleaky_relu_d0.0_e50_lr0.001_b16,160112,Loreto,Belen,1,0.5367406247566269,0.5389543771743774,0.0022137524177505,0.0022137524177505,4.900699767096492e-06,2020
MLP_FINAL_w3_h128x64x32_actleaky_relu_d0.0_e50_lr0.001_b16,160112,Loreto,Belen,2,0.5371928717135241,0.5323764681816101,-0.004816403531914,0.004816403531914,2.3197742982234013e-05,2021
MLP_FINAL_w3_h128x64x32_actleaky_relu_d0.0_e50_lr0.001_b16,160112,Loreto,Belen,3,0.5417126086724844,0.5337274074554443,-0.00798520121704,0.00798520121704,6.37634384766179e-05,2022
MLP_FINAL_w3_h128x64x32_actleaky_relu_d0.0_e50_lr0.001_b16,160112,Loreto,Belen,4,0.5596631238377868,0.5399565696716309,-0.0197065541661559,0.0197065541661559,0.0003883482771036,2023
MLP_FINAL_w3_h128x64x32_actleaky_relu_d0.0_e50_lr0.001_b16,160112,Loreto,Belen,5,0.5613546094348826,0.5582180023193359,-0.0031366071155466,0.0031366071155466,9.83830419729782e-06,2024
MLP_FINAL_w3_h128x64x32_actleaky_relu_d0.0_e50_lr0.001_b16,160211,Loreto,Teniente Cesar Lopez Rojas,1,0.7889779389087833,0.789323627948761,0.0003456890399776,0.0003456890399776,1.1950091236068328e-07,2020
MLP_FINAL_w3_h128x64x32_actleaky_relu_d0.0_e50_lr0.001_b16,160211,Loreto,Teniente Cesar Lopez Rojas,2,0.7833593031383286,0.7854489684104919,0.0020896652721633,0.0020896652721633,4.3667009496855936e-06,2021
MLP_FINAL_w3_h128x64x32_actleaky_relu_d0.0_e50_lr0.001_b16,160211,Loreto,Teniente Cesar Lopez Rojas,3,0.7727247016614839,0.778046190738678,0.005321489077194,0.005321489077194,2.8318245998696083e-05,2022
MLP_FINAL_w3_h128x64x32_actleaky_relu_d0.0_e50_lr0.001_b16,160211,Loreto,Teniente Cesar Lopez Rojas,4,0.7527025880470661,0.765230119228363,0.0125275311812969,0.0125275311812969,0.0001569390374983,2023
MLP_FINAL_w3_h128x64x32_actleaky_relu_d0.0_e50_lr0.001_b16,160211,Loreto,Teniente Cesar Lopez Rojas,5,0.7325767747791668,0.7417664527893066,0.0091896780101398,0.0091896780101398,8.445018193004722e-05,2024
MLP_FINAL_w3_h128x64x32_actleaky_relu_d0.0_e50_lr0.001_b16,160503,Loreto,Capelo,1,0.7554360387590008,0.757261335849762,0.0018252970907611,0.0018252970907611,3.3317094695412267e-06,2020
MLP_FINAL_w3_h128x64x32_actleaky_relu_d0.0_e50_lr0.001_b16,160503,Loreto,Capelo,2,0.7583418526091208,0.7507875561714172,-0.0075542964377035,0.0075542964377035,5.706739466870064e-05,2021
MLP_FINAL_w3_h128x64x32_actleaky_relu_d0.0_e50_lr0.001_b16,160503,Loreto,Capelo,3,0.7430871633034047,0.7550613284111023,0.0119741651076975,0.0119741651076975,0.0001433806300264,2022
MLP_FINAL_w3_h128x64x32_actleaky_relu_d0.0_e50_lr0.001_b16,160503,Loreto,Capelo,4,0.7359065250244466,0.7365124821662903,0.0006059571418436,0.0006059571418436,3.671840577513111e-07,2023
MLP_FINAL_w3_h128x64x32_actleaky_relu_d0.0_e50_lr0.001_b16,160503,Loreto,Capelo,5,0.7223675437816695,0.7276906967163086,0.0053231529346391,0.0053231529346391,2.8335957165557303e-05,2024
MLP_FINAL_w3_h128x64x32_actleaky_relu_d0.0_e50_lr0.001_b16,160603,Loreto,Padre Marquez,1,0.8489635243443651,0.8519964814186096,0.0030329570742445,0.0030329570742445,9.198828614210108e-06,2020
MLP_FINAL_w3_h128x64x32_actleaky_relu_d0.0_e50_lr0.001_b16,160603,Loreto,Padre Marquez,2,0.8423531977536667,0.8440390229225159,0.0016858251688491,0.0016858251688491,2.842006499925388e-06,2021
MLP_FINAL_w3_h128x64x32_actleaky_relu_d0.0_e50_lr0.001_b16,160603,Loreto,Padre Marquez,3,0.8218922995838104,0.8368968367576599,0.0150045371738495,0.0150045371738495,0.0002251361358014,2022
MLP_FINAL_w3_h128x64x32_actleaky_relu_d0.0_e50_lr0.001_b16,160603,Loreto,Padre Marquez,4,0.8138832851716555,0.8133236169815063,-0.0005596681901491,0.0005596681901491,3.132284830648669e-07,2023
MLP_FINAL_w3_h128x64x32_actleaky_relu_d0.0_e50_lr0.001_b16,160603,Loreto,Padre Marquez,5,0.7825643821674573,0.8050175309181213,0.022453148750664,0.022453148750664,0.0005041438888194,2024
MLP_FINAL_w3_h128x64x32_actleaky_relu_d0.0_e50_lr0.001_b16,170102,Madre De Dios,Inambari,1,0.8478175829478117,0.842508852481842,-0.0053087304659696,0.0053087304659696,2.818261916031477e-05,2020
MLP_FINAL_w3_h128x64x32_actleaky_relu_d0.0_e50_lr0.001_b16,170102,Madre De Dios,Inambari,2,0.8411440777450233,0.8425881266593933,0.0014440489143699,0.0014440489143699,2.085277267093175e-06,2021
MLP_FINAL_w3_h128x64x32_actleaky_relu_d0.0_e50_lr0.001_b16,170102,Madre De Dios,Inambari,3,0.8289204640856406,0.8370085954666138,0.0080881313809731,0.0080881313809731,6.541786923588337e-05,2022
MLP_FINAL_w3_h128x64x32_actleaky_relu_d0.0_e50_lr0.001_b16,170102,Madre De Dios,Inambari,4,0.8187924554623257,0.8220515847206116,0.0032591292582858,0.0032591292582858,1.0621923522214969e-05,2023
MLP_FINAL_w3_h128x64x32_actleaky_relu_d0.0_e50_lr0.001_b16,170102,Madre De Dios,Inambari,5,0.7961427708008171,0.8111401200294495,0.0149973492286323,0.0149973492286323,0.0002249204838855,2024
MLP_FINAL_w3_h128x64x32_actleaky_relu_d0.0_e50_lr0.001_b16,170204,Madre De Dios,Huepetuhe,1,0.8092381784585945,0.7995796799659729,-0.0096584984926215,0.0096584984926215,9.328659313197314e-05,2020
MLP_FINAL_w3_h128x64x32_actleaky_relu_d0.0_e50_lr0.001_b16,170204,Madre De Dios,Huepetuhe,2,0.8052862674813119,0.8059791922569275,0.0006929247756155,0.0006929247756155,4.801447446618678e-07,2021
MLP_FINAL_w3_h128x64x32_actleaky_relu_d0.0_e50_lr0.001_b16,170204,Madre De Dios,Huepetuhe,3,0.7968473982108246,0.8028610944747925,0.0060136962639678,0.0060136962639678,3.616454275526101e-05,2022
MLP_FINAL_w3_h128x64x32_actleaky_relu_d0.0_e50_lr0.001_b16,170204,Madre De Dios,Huepetuhe,4,0.7871135427628699,0.7909960150718689,0.0038824723089989,0.0038824723089989,1.507359123014374e-05,2023
MLP_FINAL_w3_h128x64x32_actleaky_relu_d0.0_e50_lr0.001_b16,170204,Madre De Dios,Huepetuhe,5,0.7681001929031553,0.7795699238777161,0.0114697309745607,0.0114697309745607,0.0001315547286287,2024
MLP_FINAL_w3_h128x64x32_actleaky_relu_d0.0_e50_lr0.001_b16,200303,Piura,El Carmen De La Frontera,1,0.5097815107821005,0.5034031271934509,-0.0063783835886496,0.0063783835886496,4.068377720395476e-05,2020
MLP_FINAL_w3_h128x64x32_actleaky_relu_d0.0_e50_lr0.001_b16,200303,Piura,El Carmen De La Frontera,2,0.5007951841532611,0.5066871643066406,0.0058919801533795,0.0058919801533795,3.471543012781851e-05,2021
MLP_FINAL_w3_h128x64x32_actleaky_relu_d0.0_e50_lr0.001_b16,200303,Piura,El Carmen De La Frontera,3,0.4958600258960227,0.4952640533447265,-0.0005959725512961,0.0005959725512961,3.551832818984064e-07,2022
MLP_FINAL_w3_h128x64x32_actleaky_relu_d0.0_e50_lr0.001_b16,200303,Piura,El Carmen De La Frontera,4,0.5164860046233213,0.4906991720199585,-0.0257868326033627,0.0257868326033627,0.0006649607357138,2023
MLP_FINAL_w3_h128x64x32_actleaky_relu_d0.0_e50_lr0.001_b16,200303,Piura,El Carmen De La Frontera,5,0.5125405896429467,0.5150665044784546,0.0025259148355079,0.0025259148355079,6.380245756238917e-06,2024
MLP_FINAL_w3_h128x64x32_actleaky_relu_d0.0_e50_lr0.001_b16,200307,Piura,Sondor,1,0.3248289301941775,0.3041061460971832,-0.0207227840969942,0.0207227840969942,0.0004294337807306,2020
MLP_FINAL_w3_h128x64x32_actleaky_relu_d0.0_e50_lr0.001_b16,200307,Piura,Sondor,2,0.3176877226761883,0.3278937637805938,0.0102060411044055,0.0102060411044055,0.0001041632750248,2021
MLP_FINAL_w3_h128x64x32_actleaky_relu_d0.0_e50_lr0.001_b16,200307,Piura,Sondor,3,0.3361557364499998,0.3150756955146789,-0.0210800409353208,0.0210800409353208,0.0004443681258348,2022
MLP_FINAL_w3_h128x64x32_actleaky_relu_d0.0_e50_lr0.001_b16,200307,Piura,Sondor,4,0.3486087360425981,0.3397802412509918,-0.0088284947916063,0.0088284947916063,7.794232028541957e-05,2023
MLP_FINAL_w3_h128x64x32_actleaky_relu_d0.0_e50_lr0.001_b16,200307,Piura,Sondor,5,0.345549330641541,0.3479403555393219,0.0023910248977809,0.0023910248977809,5.717000061808281e-06,2024
MLP_FINAL_w3_h128x64x32_actleaky_relu_d0.0_e50_lr0.001_b16,211205,Puno,Phara,1,0.4768846631702123,0.4722809195518493,-0.0046037436183629,0.0046037436183629,2.1194455303617217e-05,2020
MLP_FINAL_w3_h128x64x32_actleaky_relu_d0.0_e50_lr0.001_b16,211205,Puno,Phara,2,0.4763628043089484,0.4749802350997925,-0.0013825692091559,0.0013825692091559,1.911497618106012e-06,2021
MLP_FINAL_w3_h128x64x32_actleaky_relu_d0.0_e50_lr0.001_b16,211205,Puno,Phara,3,0.4793253569213538,0.4743158221244812,-0.0050095347968726,0.0050095347968726,2.509543888107746e-05,2022
MLP_FINAL_w3_h128x64x32_actleaky_relu_d0.0_e50_lr0.001_b16,211205,Puno,Phara,4,0.4803229102061543,0.4781346321105957,-0.0021882780955586,0.0021882780955586,4.788561023501593e-06,2023
MLP_FINAL_w3_h128x64x32_actleaky_relu_d0.0_e50_lr0.001_b16,211205,Puno,Phara,5,0.469414052856274,0.4788297712802887,0.0094157184240146,0.0094157184240146,8.865575344032938e-05,2024
MLP_FINAL_w3_h128x64x32_actleaky_relu_d0.0_e50_lr0.001_b16,220101,San Martin,Moyobamba,1,0.7150650226108247,0.7152500748634338,0.0001850522526091,0.0001850522526091,3.424433619570925e-08,2020
MLP_FINAL_w3_h128x64x32_actleaky_relu_d0.0_e50_lr0.001_b16,220101,San Martin,Moyobamba,2,0.709031731667291,0.7126194834709167,0.0035877518036256,0.0035877518036256,1.287196300441942e-05,2021
MLP_FINAL_w3_h128x64x32_actleaky_relu_d0.0_e50_lr0.001_b16,220101,San Martin,Moyobamba,3,0.7060309164111845,0.7041654586791992,-0.0018654577319853,0.0018654577319853,3.479932549823816e-06,2022
MLP_FINAL_w3_h128x64x32_actleaky_relu_d0.0_e50_lr0.001_b16,220101,San Martin,Moyobamba,4,0.6941648505891479,0.7012082934379578,0.0070434428488098,0.0070434428488098,4.961008716445085e-05,2023
MLP_FINAL_w3_h128x64x32_actleaky_relu_d0.0_e50_lr0.001_b16,220101,San Martin,Moyobamba,5,0.6824468632427669,0.6875457167625427,0.0050988535197757,0.0050988535197757,2.5998307216129985e-05,2024
MLP_FINAL_w3_h128x64x32_actleaky_relu_d0.0_e50_lr0.001_b16,220102,San Martin,Calzada,1,0.1931102226246844,0.1948012113571167,0.0016909887324322,0.0016909887324322,2.859442893212949e-06,2020
MLP_FINAL_w3_h128x64x32_actleaky_relu_d0.0_e50_lr0.001_b16,220102,San Martin,Calzada,2,0.1876232647015939,0.1913612186908722,0.0037379539892782,0.0037379539892782,1.3972300025961457e-05,2021
MLP_FINAL_w3_h128x64x32_actleaky_relu_d0.0_e50_lr0.001_b16,220102,San Martin,Calzada,3,0.1836480979824877,0.1853166967630386,0.0016685987805509,0.0016685987805509,2.784221890456027e-06,2022
MLP_FINAL_w3_h128x64x32_actleaky_relu_d0.0_e50_lr0.001_b16,220102,San Martin,Calzada,4,0.1644015378830318,0.1817602813243866,0.0173587434413547,0.0173587434413547,0.0003013259738627,2023
MLP_FINAL_w3_h128x64x32_actleaky_relu_d0.0_e50_lr0.001_b16,220102,San Martin,Calzada,5,0.148669700481164,0.1591917276382446,0.0105220271570806,0.0105220271570806,0.0001107130554943,2024
MLP_FINAL_w3_h128x64x32_actleaky_relu_d0.0_e50_lr0.001_b16,220106,San Martin,Yantalo,1,0.3353433407856914,0.3409589231014251,0.0056155823157337,0.0056155823157337,3.1534764744781966e-05,2020
MLP_FINAL_w3_h128x64x32_actleaky_relu_d0.0_e50_lr0.001_b16,220106,San Martin,Yantalo,2,0.321877994251038,0.3312928080558777,0.0094148138048396,0.0094148138048396,8.863871897979946e-05,2021
MLP_FINAL_w3_h128x64x32_actleaky_relu_d0.0_e50_lr0.001_b16,220106,San Martin,Yantalo,3,0.325685084637496,0.3167887330055237,-0.0088963516319723,0.0088963516319723,7.914507235969678e-05,2022
MLP_FINAL_w3_h128x64x32_actleaky_relu_d0.0_e50_lr0.001_b16,220106,San Martin,Yantalo,4,0.3097157457681252,0.325304627418518,0.0155888816503928,0.0155888816503928,0.0002430132311099,2023
MLP_FINAL_w3_h128x64x32_actleaky_relu_d0.0_e50_lr0.001_b16,220106,San Martin,Yantalo,5,0.2957266049185563,0.304660439491272,0.0089338345727156,0.0089338345727156,7.981340017265e-05,2024
MLP_FINAL_w3_h128x64x32_actleaky_relu_d0.0_e50_lr0.001_b16,220201,San Martin,Bellavista,1,0.1799941833609908,0.1917581260204315,0.0117639426594407,0.0117639426594407,0.0001383903468946,2020
MLP_FINAL_w3_h128x64x32_actleaky_relu_d0.0_e50_lr0.001_b16,220201,San Martin,Bellavista,2,0.1755324790857612,0.1786602139472961,0.0031277348615349,0.0031277348615349,9.782725364061038e-06,2021
MLP_FINAL_w3_h128x64x32_actleaky_relu_d0.0_e50_lr0.001_b16,220201,San Martin,Bellavista,3,0.1865088190512035,0.1737106144428253,-0.0127982046083781,0.0127982046083781,0.0001637940411979,2022
MLP_FINAL_w3_h128x64x32_actleaky_relu_d0.0_e50_lr0.001_b16,220201,San Martin,Bellavista,4,0.1812327853146972,0.1865376830101013,0.0053048976954041,0.0053048976954041,2.814193955870401e-05,2023
MLP_FINAL_w3_h128x64x32_actleaky_relu_d0.0_e50_lr0.001_b16,220201,San Martin,Bellavista,5,0.1615451730450105,0.1807073056697845,0.019162132624774,0.019162132624774,0.0003671873267294,2024
MLP_FINAL_w3_h128x64x32_actleaky_relu_d0.0_e50_lr0.001_b16,220203,San Martin,Bajo Biavo,1,0.523597772021913,0.5415631532669067,0.0179653812449936,0.0179653812449936,0.0003227549232779,2020
MLP_FINAL_w3_h128x64x32_actleaky_relu_d0.0_e50_lr0.001_b16,220203,San Martin,Bajo Biavo,2,0.5058841290153282,0.5138590335845947,0.0079749045692665,0.0079749045692665,6.359910288890814e-05,2021
MLP_FINAL_w3_h128x64x32_actleaky_relu_d0.0_e50_lr0.001_b16,220203,San Martin,Bajo Biavo,3,0.4932772571240682,0.4952654838562011,0.0019882267321329,0.0019882267321329,3.953045538368059e-06,2022
MLP_FINAL_w3_h128x64x32_actleaky_relu_d0.0_e50_lr0.001_b16,220203,San Martin,Bajo Biavo,4,0.4901409519413397,0.4852246046066284,-0.0049163473347113,0.0049163473347113,2.417047111552292e-05,2023
MLP_FINAL_w3_h128x64x32_actleaky_relu_d0.0_e50_lr0.001_b16,220203,San Martin,Bajo Biavo,5,0.4676027104379366,0.4854778051376343,0.0178750946996976,0.0178750946996976,0.0003195190105231,2024
MLP_FINAL_w3_h128x64x32_actleaky_relu_d0.0_e50_lr0.001_b16,220204,San Martin,Huallaga,1,0.4978598393754952,0.5131807327270508,0.0153208933515555,0.0153208933515555,0.0002347297730897,2020
MLP_FINAL_w3_h128x64x32_actleaky_relu_d0.0_e50_lr0.001_b16,220204,San Martin,Huallaga,2,0.4757627241805278,0.4906443357467651,0.0148816115662373,0.0148816115662373,0.0002214623628083,2021
MLP_FINAL_w3_h128x64x32_actleaky_relu_d0.0_e50_lr0.001_b16,220204,San Martin,Huallaga,3,0.4629425218946909,0.4659899771213531,0.0030474552266622,0.0030474552266622,9.286983358511228e-06,2022
MLP_FINAL_w3_h128x64x32_actleaky_relu_d0.0_e50_lr0.001_b16,220204,San Martin,Huallaga,4,0.466904500738762,0.4556803703308105,-0.0112241304079514,0.0112241304079514,0.0001259811034147,2023
MLP_FINAL_w3_h128x64x32_actleaky_relu_d0.0_e50_lr0.001_b16,220204,San Martin,Huallaga,5,0.4480115710543708,0.4649603366851806,0.0169487656308098,0.0169487656308098,0.0002872606564081,2024
MLP_FINAL_w3_h128x64x32_actleaky_relu_d0.0_e50_lr0.001_b16,220205,San Martin,San Pablo,1,0.2642164528448212,0.2638145685195923,-0.0004018843252289,0.0004018843252289,1.6151101086470307e-07,2020
MLP_FINAL_w3_h128x64x32_actleaky_relu_d0.0_e50_lr0.001_b16,220205,San Martin,San Pablo,2,0.2545938320327148,0.2627923786640167,0.0081985466313019,0.0081985466313019,6.72161668656322e-05,2021
MLP_FINAL_w3_h128x64x32_actleaky_relu_d0.0_e50_lr0.001_b16,220205,San Martin,San Pablo,3,0.2590684017316635,0.2502342164516449,-0.0088341852800186,0.0088341852800186,7.804282956169756e-05,2022
MLP_FINAL_w3_h128x64x32_actleaky_relu_d0.0_e50_lr0.001_b16,220205,San Martin,San Pablo,4,0.2558285479587646,0.2575681209564209,0.0017395729976563,0.0017395729976563,3.0261142141749723e-06,2023
MLP_FINAL_w3_h128x64x32_actleaky_relu_d0.0_e50_lr0.001_b16,220205,San Martin,San Pablo,5,0.2409813440546132,0.2530665993690491,0.0120852553144358,0.0120852553144358,0.0001460533960151,2024
MLP_FINAL_w3_h128x64x32_actleaky_relu_d0.0_e50_lr0.001_b16,220301,San Martin,San Jose De Sisa,1,0.3535785136578666,0.350907951593399,-0.0026705620644675,0.0026705620644675,7.131901740173075e-06,2020
MLP_FINAL_w3_h128x64x32_actleaky_relu_d0.0_e50_lr0.001_b16,220301,San Martin,San Jose De Sisa,2,0.3351280847890495,0.3525118231773376,0.0173837383882881,0.0173837383882881,0.0003021943603524,2021
MLP_FINAL_w3_h128x64x32_actleaky_relu_d0.0_e50_lr0.001_b16,220301,San Martin,San Jose De Sisa,3,0.3242386462775223,0.3282135725021362,0.0039749262246139,0.0039749262246139,1.580003849112354e-05,2022
MLP_FINAL_w3_h128x64x32_actleaky_relu_d0.0_e50_lr0.001_b16,220301,San Martin,San Jose De Sisa,4,0.3118375855506192,0.3192545771598816,0.0074169916092624,0.0074169916092624,5.501176453186888e-05,2023
MLP_FINAL_w3_h128x64x32_actleaky_relu_d0.0_e50_lr0.001_b16,220301,San Martin,San Jose De Sisa,5,0.2961426280344016,0.307620495557785,0.0114778675233834,0.0114778675233834,0.0001317414428843,2024
MLP_FINAL_w3_h128x64x32_actleaky_relu_d0.0_e50_lr0.001_b16,220302,San Martin,Agua Blanca,1,0.3455616758665216,0.3477523922920227,0.0021907164255011,0.0021907164255011,4.799238456960386e-06,2020
MLP_FINAL_w3_h128x64x32_actleaky_relu_d0.0_e50_lr0.001_b16,220302,San Martin,Agua Blanca,2,0.3318985825049586,0.343625009059906,0.0117264265549474,0.0117264265549474,0.0001375090797485,2021
MLP_FINAL_w3_h128x64x32_actleaky_relu_d0.0_e50_lr0.001_b16,220302,San Martin,Agua Blanca,3,0.3296941072456855,0.3263345658779144,-0.003359541367771,0.003359541367771,1.1286518201765029e-05,2022
MLP_FINAL_w3_h128x64x32_actleaky_relu_d0.0_e50_lr0.001_b16,220302,San Martin,Agua Blanca,4,0.3165952199531185,0.3271874785423279,0.0105922585892093,0.0105922585892093,0.0001121959420206,2023
MLP_FINAL_w3_h128x64x32_actleaky_relu_d0.0_e50_lr0.001_b16,220302,San Martin,Agua Blanca,5,0.2872274215782647,0.3122872710227966,0.0250598494445319,0.0250598494445319,0.0006279960541826,2024
MLP_FINAL_w3_h128x64x32_actleaky_relu_d0.0_e50_lr0.001_b16,220303,San Martin,San Martin,1,0.7448397920556521,0.7432721257209778,-0.0015676663346743,0.0015676663346743,2.45757773687119e-06,2020
MLP_FINAL_w3_h128x64x32_actleaky_relu_d0.0_e50_lr0.001_b16,220303,San Martin,San Martin,2,0.7251274051672054,0.7440502047538757,0.0189227995866703,0.0189227995866703,0.0003580723441972,2021
MLP_FINAL_w3_h128x64x32_actleaky_relu_d0.0_e50_lr0.001_b16,220303,San Martin,San Martin,3,0.7045582547966808,0.7164563536643982,0.0118980988677174,0.0118980988677174,0.0001415647566659,2022
MLP_FINAL_w3_h128x64x32_actleaky_relu_d0.0_e50_lr0.001_b16,220303,San Martin,San Martin,4,0.6793997876864997,0.6919198632240295,0.0125200755375298,0.0125200755375298,0.0001567522914654,2023
MLP_FINAL_w3_h128x64x32_actleaky_relu_d0.0_e50_lr0.001_b16,220303,San Martin,San Martin,5,0.6580984629458327,0.6654214859008789,0.0073230229550461,0.0073230229550461,5.362666520013308e-05,2024
MLP_FINAL_w3_h128x64x32_actleaky_relu_d0.0_e50_lr0.001_b16,220304,San Martin,Santa Rosa,1,0.3669703848086291,0.3701503872871399,0.0031800024785108,0.0031800024785108,1.011241576333484e-05,2020
MLP_FINAL_w3_h128x64x32_actleaky_relu_d0.0_e50_lr0.001_b16,220304,San Martin,Santa Rosa,2,0.3501940256491574,0.3640263676643371,0.0138323420151797,0.0138323420151797,0.0001913336856249,2021
MLP_FINAL_w3_h128x64x32_actleaky_relu_d0.0_e50_lr0.001_b16,220304,San Martin,Santa Rosa,3,0.3417167617493309,0.3431150317192077,0.0013982699698768,0.0013982699698768,1.9551589086594155e-06,2022
MLP_FINAL_w3_h128x64x32_actleaky_relu_d0.0_e50_lr0.001_b16,220304,San Martin,Santa Rosa,4,0.3291344923797272,0.3364428877830505,0.0073083954033233,0.0073083954033233,5.341264337131776e-05,2023
MLP_FINAL_w3_h128x64x32_actleaky_relu_d0.0_e50_lr0.001_b16,220304,San Martin,Santa Rosa,5,0.302986462746719,0.3237690925598144,0.0207826298130954,0.0207826298130954,0.0004319177019481,2024
MLP_FINAL_w3_h128x64x32_actleaky_relu_d0.0_e50_lr0.001_b16,220305,San Martin,Shatoja,1,0.3582181479624722,0.3640256524085998,0.0058075044461276,0.0058075044461276,3.372710789179247e-05,2020
MLP_FINAL_w3_h128x64x32_actleaky_relu_d0.0_e50_lr0.001_b16,220305,San Martin,Shatoja,2,0.3286972713600229,0.3543217778205871,0.0256245064605642,0.0256245064605642,0.0006566153313474,2021
MLP_FINAL_w3_h128x64x32_actleaky_relu_d0.0_e50_lr0.001_b16,220305,San Martin,Shatoja,3,0.3187996848814725,0.3184315860271454,-0.000368098854327,0.000368098854327,1.3549676655691806e-07,2022
MLP_FINAL_w3_h128x64x32_actleaky_relu_d0.0_e50_lr0.001_b16,220305,San Martin,Shatoja,4,0.3109073981236124,0.313969612121582,0.0030622139979696,0.0030622139979696,9.377154569361156e-06,2023
MLP_FINAL_w3_h128x64x32_actleaky_relu_d0.0_e50_lr0.001_b16,220305,San Martin,Shatoja,5,0.3010384587839289,0.3076645135879516,0.0066260548040227,0.0066260548040227,4.390460226591343e-05,2024
MLP_FINAL_w3_h128x64x32_actleaky_relu_d0.0_e50_lr0.001_b16,220401,San Martin,Saposoa,1,0.6072256464322885,0.6165727376937866,0.0093470912614981,0.0093470912614981,8.736811505077471e-05,2020
MLP_FINAL_w3_h128x64x32_actleaky_relu_d0.0_e50_lr0.001_b16,220401,San Martin,Saposoa,2,0.6000618385304732,0.603645920753479,0.0035840822230057,0.0035840822230057,1.2845645381265976e-05,2021
MLP_FINAL_w3_h128x64x32_actleaky_relu_d0.0_e50_lr0.001_b16,220401,San Martin,Saposoa,3,0.5926665585337172,0.5933617949485779,0.0006952364148606,0.0006952364148606,4.833536725483445e-07,2022
MLP_FINAL_w3_h128x64x32_actleaky_relu_d0.0_e50_lr0.001_b16,220401,San Martin,Saposoa,4,0.5851259748861225,0.5861293077468872,0.0010033328607647,0.0010033328607647,1.0066768294902872e-06,2023
MLP_FINAL_w3_h128x64x32_actleaky_relu_d0.0_e50_lr0.001_b16,220401,San Martin,Saposoa,5,0.5671674573888597,0.5783265233039856,0.0111590659151259,0.0111590659151259,0.0001245247520981,2024
MLP_FINAL_w3_h128x64x32_actleaky_relu_d0.0_e50_lr0.001_b16,220403,San Martin,El Eslabon,1,0.4029776356917556,0.4064961969852447,0.0035185612934891,0.0035185612934891,1.2380273576040062e-05,2020
MLP_FINAL_w3_h128x64x32_actleaky_relu_d0.0_e50_lr0.001_b16,220403,San Martin,El Eslabon,2,0.3985061980675984,0.3987987637519836,0.0002925656843852,0.0002925656843852,8.559467967980243e-08,2021
MLP_FINAL_w3_h128x64x32_actleaky_relu_d0.0_e50_lr0.001_b16,220403,San Martin,El Eslabon,3,0.3935078712966457,0.3937005698680877,0.000192698571442,0.000192698571442,3.713273943580742e-08,2022
MLP_FINAL_w3_h128x64x32_actleaky_relu_d0.0_e50_lr0.001_b16,220403,San Martin,El Eslabon,4,0.3767471003296617,0.388709545135498,0.0119624448058363,0.0119624448058363,0.0001431000857326,2023
MLP_FINAL_w3_h128x64x32_actleaky_relu_d0.0_e50_lr0.001_b16,220403,San Martin,El Eslabon,5,0.3564333876836102,0.3690469861030578,0.0126135984194476,0.0126135984194476,0.000159102865087,2024
MLP_FINAL_w3_h128x64x32_actleaky_relu_d0.0_e50_lr0.001_b16,220404,San Martin,Piscoyacu,1,0.3987249571611285,0.4050710201263428,0.0063460629652142,0.0063460629652142,4.02725151584643e-05,2020
MLP_FINAL_w3_h128x64x32_actleaky_relu_d0.0_e50_lr0.001_b16,220404,San Martin,Piscoyacu,2,0.387722651022454,0.3937759697437286,0.0060533187212746,0.0060533187212746,3.664266754133387e-05,2021
MLP_FINAL_w3_h128x64x32_actleaky_relu_d0.0_e50_lr0.001_b16,220404,San Martin,Piscoyacu,3,0.36994513661526,0.3812228143215179,0.0112776777062579,0.0112776777062579,0.0001271860144462,2022
MLP_FINAL_w3_h128x64x32_actleaky_relu_d0.0_e50_lr0.001_b16,220404,San Martin,Piscoyacu,4,0.3545774630499301,0.3618158102035522,0.0072383471536221,0.0072383471536221,5.239366951634986e-05,2023
MLP_FINAL_w3_h128x64x32_actleaky_relu_d0.0_e50_lr0.001_b16,220404,San Martin,Piscoyacu,5,0.3424492476654667,0.3470987677574157,0.004649520091949,0.004649520091949,2.161803708543816e-05,2024
MLP_FINAL_w3_h128x64x32_actleaky_relu_d0.0_e50_lr0.001_b16,220405,San Martin,Sacanche,1,0.3772073268435089,0.3812205195426941,0.0040131926991852,0.0040131926991852,1.610571564079346e-05,2020
MLP_FINAL_w3_h128x64x32_actleaky_relu_d0.0_e50_lr0.001_b16,220405,San Martin,Sacanche,2,0.3649483630936049,0.3736113905906677,0.0086630274970628,0.0086630274970628,7.50480454148666e-05,2021
MLP_FINAL_w3_h128x64x32_actleaky_relu_d0.0_e50_lr0.001_b16,220405,San Martin,Sacanche,3,0.3496493519321312,0.3587240576744079,0.0090747057422767,0.0090747057422767,8.235028430891073e-05,2022
MLP_FINAL_w3_h128x64x32_actleaky_relu_d0.0_e50_lr0.001_b16,220405,San Martin,Sacanche,4,0.3251808114841358,0.3425601124763489,0.017379300992213,0.017379300992213,0.0003020401029779,2023
MLP_FINAL_w3_h128x64x32_actleaky_relu_d0.0_e50_lr0.001_b16,220405,San Martin,Sacanche,5,0.3092617184499051,0.3161572515964508,0.0068955331465457,0.0068955331465457,4.754837737511085e-05,2024
MLP_FINAL_w3_h128x64x32_actleaky_relu_d0.0_e50_lr0.001_b16,220501,San Martin,Lamas,1,0.4863276556889722,0.4626733958721161,-0.023654259816856,0.023654259816856,0.0005595240074833,2020
MLP_FINAL_w3_h128x64x32_actleaky_relu_d0.0_e50_lr0.001_b16,220501,San Martin,Lamas,2,0.4735718355886008,0.4824979603290558,0.008926124740455,0.008926124740455,7.967570288216302e-05,2021
MLP_FINAL_w3_h128x64x32_actleaky_relu_d0.0_e50_lr0.001_b16,220501,San Martin,Lamas,3,0.458914313567991,0.4691924452781677,0.0102781317101767,0.0102781317101767,0.0001056399914517,2022
MLP_FINAL_w3_h128x64x32_actleaky_relu_d0.0_e50_lr0.001_b16,220501,San Martin,Lamas,4,0.4386409353352694,0.4516682922840118,0.0130273569487424,0.0130273569487424,0.0001697120290699,2023
MLP_FINAL_w3_h128x64x32_actleaky_relu_d0.0_e50_lr0.001_b16,220501,San Martin,Lamas,5,0.4195072051847122,0.4292763173580169,0.0097691121733047,0.0097691121733047,9.543555265461171e-05,2024
MLP_FINAL_w3_h128x64x32_actleaky_relu_d0.0_e50_lr0.001_b16,220502,San Martin,Alonso De Alvarado,1,0.5448829290974816,0.5358092784881592,-0.0090736506093224,0.0090736506093224,8.233113538005703e-05,2020
MLP_FINAL_w3_h128x64x32_actleaky_relu_d0.0_e50_lr0.001_b16,220502,San Martin,Alonso De Alvarado,2,0.527762528311509,0.5436939597129822,0.0159314314014731,0.0159314314014731,0.0002538105064998,2021
MLP_FINAL_w3_h128x64x32_actleaky_relu_d0.0_e50_lr0.001_b16,220502,San Martin,Alonso De Alvarado,3,0.5124570640027599,0.5204625725746155,0.0080055085718555,0.0080055085718555,6.408816749405281e-05,2022
MLP_FINAL_w3_h128x64x32_actleaky_relu_d0.0_e50_lr0.001_b16,220502,San Martin,Alonso De Alvarado,4,0.4873989410370637,0.5026358962059021,0.0152369551688383,0.0152369551688383,0.0002321648028171,2023
MLP_FINAL_w3_h128x64x32_actleaky_relu_d0.0_e50_lr0.001_b16,220502,San Martin,Alonso De Alvarado,5,0.4704975325863594,0.4762751758098602,0.0057776432235008,0.0057776432235008,3.338116121806504e-05,2024
MLP_FINAL_w3_h128x64x32_actleaky_relu_d0.0_e50_lr0.001_b16,220503,San Martin,Barranquita,1,0.6822344607104468,0.6849507689476013,0.0027163082371545,0.0027163082371545,7.37833043923349e-06,2020
MLP_FINAL_w3_h128x64x32_actleaky_relu_d0.0_e50_lr0.001_b16,220503,San Martin,Barranquita,2,0.6784903573580665,0.6795781254768372,0.0010877681187706,0.0010877681187706,1.1832394802138369e-06,2021
MLP_FINAL_w3_h128x64x32_actleaky_relu_d0.0_e50_lr0.001_b16,220503,San Martin,Barranquita,3,0.6663369390463336,0.6741476058959961,0.0078106668496624,0.0078106668496624,6.1006516636416304e-05,2022
MLP_FINAL_w3_h128x64x32_actleaky_relu_d0.0_e50_lr0.001_b16,220503,San Martin,Barranquita,4,0.6581066350890139,0.6596049666404724,0.0014983315514585,0.0014983315514585,2.244997438096064e-06,2023
MLP_FINAL_w3_h128x64x32_actleaky_relu_d0.0_e50_lr0.001_b16,220503,San Martin,Barranquita,5,0.6310163034480208,0.6507160663604736,0.0196997629124527,0.0196997629124527,0.0003880806588068,2024
MLP_FINAL_w3_h128x64x32_actleaky_relu_d0.0_e50_lr0.001_b16,220504,San Martin,Caynarachi,1,0.7807769331585845,0.7797126173973083,-0.0010643157612761,0.0010643157612761,1.1327680397009185e-06,2020
MLP_FINAL_w3_h128x64x32_actleaky_relu_d0.0_e50_lr0.001_b16,220504,San Martin,Caynarachi,2,0.780681869812145,0.7773023247718811,-0.0033795450402639,0.0033795450402639,1.1421324679172614e-05,2021
MLP_FINAL_w3_h128x64x32_actleaky_relu_d0.0_e50_lr0.001_b16,220504,San Martin,Caynarachi,3,0.7709861074705111,0.7768358588218689,0.0058497513513577,0.0058497513513577,3.421959087271229e-05,2022
MLP_FINAL_w3_h128x64x32_actleaky_relu_d0.0_e50_lr0.001_b16,220504,San Martin,Caynarachi,4,0.7615587592835299,0.7649766206741333,0.0034178613906034,0.0034178613906034,1.168177648537744e-05,2023
MLP_FINAL_w3_h128x64x32_actleaky_relu_d0.0_e50_lr0.001_b16,220504,San Martin,Caynarachi,5,0.747415989515072,0.7536378502845764,0.0062218607695043,0.0062218607695043,3.8711551435097545e-05,2024
MLP_FINAL_w3_h128x64x32_actleaky_relu_d0.0_e50_lr0.001_b16,220505,San Martin,Cuñumbuqui,1,0.3374020626603831,0.3360888361930847,-0.0013132264672983,0.0013132264672983,1.72456375441295e-06,2020
MLP_FINAL_w3_h128x64x32_actleaky_relu_d0.0_e50_lr0.001_b16,220505,San Martin,Cuñumbuqui,2,0.3226346242035731,0.3368535041809082,0.0142188799773351,0.0142188799773351,0.0002021765478098,2021
MLP_FINAL_w3_h128x64x32_actleaky_relu_d0.0_e50_lr0.001_b16,220505,San Martin,Cuñumbuqui,3,0.3152045585379894,0.3176154494285583,0.0024108908905689,0.0024108908905689,5.812394886228349e-06,2022
MLP_FINAL_w3_h128x64x32_actleaky_relu_d0.0_e50_lr0.001_b16,220505,San Martin,Cuñumbuqui,4,0.309242943145118,0.3121054470539093,0.0028625039087912,0.0028625039087912,8.19392862784536e-06,2023
MLP_FINAL_w3_h128x64x32_actleaky_relu_d0.0_e50_lr0.001_b16,220505,San Martin,Cuñumbuqui,5,0.2994077413185805,0.3063565790653229,0.0069488377467423,0.0069488377467423,4.8286346030551656e-05,2024
MLP_FINAL_w3_h128x64x32_actleaky_relu_d0.0_e50_lr0.001_b16,220506,San Martin,Pinto Recodo,1,0.7941040065818105,0.7903243899345398,-0.0037796166472706,0.0037796166472706,1.4285502000325558e-05,2020
MLP_FINAL_w3_h128x64x32_actleaky_relu_d0.0_e50_lr0.001_b16,220506,San Martin,Pinto Recodo,2,0.7839612842154081,0.7932299375534058,0.0092686533379976,0.0092686533379976,8.590793469997489e-05,2021
MLP_FINAL_w3_h128x64x32_actleaky_relu_d0.0_e50_lr0.001_b16,220506,San Martin,Pinto Recodo,3,0.7766441025771346,0.7779741287231445,0.0013300261460099,0.0013300261460099,1.7689695490701236e-06,2022
MLP_FINAL_w3_h128x64x32_actleaky_relu_d0.0_e50_lr0.001_b16,220506,San Martin,Pinto Recodo,4,0.7632867121760316,0.7690370082855225,0.0057502961094908,0.0057502961094908,3.3065905346825594e-05,2023
MLP_FINAL_w3_h128x64x32_actleaky_relu_d0.0_e50_lr0.001_b16,220506,San Martin,Pinto Recodo,5,0.7511332340132209,0.7547754645347595,0.0036422305215386,0.0036422305215386,1.326584317202785e-05,2024
MLP_FINAL_w3_h128x64x32_actleaky_relu_d0.0_e50_lr0.001_b16,220507,San Martin,Rumisapa,1,0.2832593938746058,0.2901710271835327,0.0069116333089269,0.0069116333089269,4.777067499706798e-05,2020
MLP_FINAL_w3_h128x64x32_actleaky_relu_d0.0_e50_lr0.001_b16,220507,San Martin,Rumisapa,2,0.2590731733390347,0.2788432836532593,0.0197701103142245,0.0197701103142245,0.0003908572618366,2021
MLP_FINAL_w3_h128x64x32_actleaky_relu_d0.0_e50_lr0.001_b16,220507,San Martin,Rumisapa,3,0.2297557325351435,0.2508300542831421,0.0210743217479985,0.0210743217479985,0.0004441270371381,2022
MLP_FINAL_w3_h128x64x32_actleaky_relu_d0.0_e50_lr0.001_b16,220507,San Martin,Rumisapa,4,0.2048479341493398,0.2199584990739822,0.0151105649246424,0.0151105649246424,0.0002283291723418,2023
MLP_FINAL_w3_h128x64x32_actleaky_relu_d0.0_e50_lr0.001_b16,220507,San Martin,Rumisapa,5,0.1848842802929071,0.1960150748491287,0.0111307945562216,0.0111307945562216,0.0001238945874528,2024
MLP_FINAL_w3_h128x64x32_actleaky_relu_d0.0_e50_lr0.001_b16,220510,San Martin,Tabalosos,1,0.6001993283713989,0.587943971157074,-0.0122553572143249,0.0122553572143249,0.0001501937804507,2020
MLP_FINAL_w3_h128x64x32_actleaky_relu_d0.0_e50_lr0.001_b16,220510,San Martin,Tabalosos,2,0.5865875571964415,0.5998803973197937,0.0132928401233521,0.0132928401233521,0.000176699598545,2021
MLP_FINAL_w3_h128x64x32_actleaky_relu_d0.0_e50_lr0.001_b16,220510,San Martin,Tabalosos,3,0.5743529192278235,0.5807704329490662,0.0064175137212426,0.0064175137212426,4.118448236233785e-05,2022
MLP_FINAL_w3_h128x64x32_actleaky_relu_d0.0_e50_lr0.001_b16,220510,San Martin,Tabalosos,4,0.5560009622748964,0.565171480178833,0.0091705179039366,0.0091705179039366,8.40983986264224e-05,2023
MLP_FINAL_w3_h128x64x32_actleaky_relu_d0.0_e50_lr0.001_b16,220510,San Martin,Tabalosos,5,0.5390015906993185,0.5455878973007202,0.0065863066014016,0.0065863066014016,4.337943464766752e-05,2024
MLP_FINAL_w3_h128x64x32_actleaky_relu_d0.0_e50_lr0.001_b16,220511,San Martin,Zapatero,1,0.1938869565660217,0.1912193447351455,-0.0026676118308761,0.0026676118308761,7.11615288023031e-06,2020
MLP_FINAL_w3_h128x64x32_actleaky_relu_d0.0_e50_lr0.001_b16,220511,San Martin,Zapatero,2,0.1849852571969832,0.1934728622436523,0.0084876050466691,0.0084876050466691,7.203943942824362e-05,2021
MLP_FINAL_w3_h128x64x32_actleaky_relu_d0.0_e50_lr0.001_b16,220511,San Martin,Zapatero,3,0.1884481608416892,0.1828981935977935,-0.0055499672438956,0.0055499672438956,3.0802136408314285e-05,2022
MLP_FINAL_w3_h128x64x32_actleaky_relu_d0.0_e50_lr0.001_b16,220511,San Martin,Zapatero,4,0.1871903120178034,0.1868591904640197,-0.0003311215537836,0.0003311215537836,1.0964148338007865e-07,2023
MLP_FINAL_w3_h128x64x32_actleaky_relu_d0.0_e50_lr0.001_b16,220511,San Martin,Zapatero,5,0.178502497873879,0.1860288083553314,0.0075263104814524,0.0075263104814524,5.664534946322047e-05,2024
MLP_FINAL_w3_h128x64x32_actleaky_relu_d0.0_e50_lr0.001_b16,220601,San Martin,Juanjui,1,0.4664424808923571,0.4720520377159118,0.0056095568235547,0.0056095568235547,3.146712775668954e-05,2020
MLP_FINAL_w3_h128x64x32_actleaky_relu_d0.0_e50_lr0.001_b16,220601,San Martin,Juanjui,2,0.4457228009614756,0.4634491801261902,0.0177263791647145,0.0177263791647145,0.0003142245182912,2021
MLP_FINAL_w3_h128x64x32_actleaky_relu_d0.0_e50_lr0.001_b16,220601,San Martin,Juanjui,3,0.4332446234055497,0.4369804561138153,0.0037358327082656,0.0037358327082656,1.3956446024147142e-05,2022
MLP_FINAL_w3_h128x64x32_actleaky_relu_d0.0_e50_lr0.001_b16,220601,San Martin,Juanjui,4,0.4354957286467013,0.4255120754241943,-0.0099836532225069,0.0099836532225069,9.967333166727316e-05,2023
MLP_FINAL_w3_h128x64x32_actleaky_relu_d0.0_e50_lr0.001_b16,220601,San Martin,Juanjui,5,0.4154359237556996,0.4324020743370056,0.016966150581306,0.016966150581306,0.0002878502655475,2024
MLP_FINAL_w3_h128x64x32_actleaky_relu_d0.0_e50_lr0.001_b16,220605,San Martin,Pajarillo,1,0.3333567603552317,0.338309109210968,0.0049523488557363,0.0049523488557363,2.4525759188912745e-05,2020
MLP_FINAL_w3_h128x64x32_actleaky_relu_d0.0_e50_lr0.001_b16,220605,San Martin,Pajarillo,2,0.3152320544131629,0.3311070203781128,0.0158749659649499,0.0158749659649499,0.0002520145443883,2021
MLP_FINAL_w3_h128x64x32_actleaky_relu_d0.0_e50_lr0.001_b16,220605,San Martin,Pajarillo,3,0.3056933519968607,0.3093980848789215,0.0037047328820608,0.0037047328820608,1.3725045727422532e-05,2022
MLP_FINAL_w3_h128x64x32_actleaky_relu_d0.0_e50_lr0.001_b16,220605,San Martin,Pajarillo,4,0.3104666077086616,0.3017893731594085,-0.008677234549253,0.008677234549253,7.529439942275008e-05,2023
MLP_FINAL_w3_h128x64x32_actleaky_relu_d0.0_e50_lr0.001_b16,220605,San Martin,Pajarillo,5,0.2918167460257033,0.3100684881210327,0.0182517420953294,0.0182517420953294,0.0003331260895144,2024
MLP_FINAL_w3_h128x64x32_actleaky_relu_d0.0_e50_lr0.001_b16,220701,San Martin,Picota,1,0.3992403202091161,0.397820770740509,-0.001419549468607,0.001419549468607,2.015120693822592e-06,2020
MLP_FINAL_w3_h128x64x32_actleaky_relu_d0.0_e50_lr0.001_b16,220701,San Martin,Picota,2,0.3986644339160268,0.3962956070899963,-0.0023688268260304,0.0023688268260304,5.611340531721528e-06,2021
MLP_FINAL_w3_h128x64x32_actleaky_relu_d0.0_e50_lr0.001_b16,220701,San Martin,Picota,3,0.3950457441594511,0.3952358961105346,0.0001901519510835,0.0001901519510835,3.615776450088936e-08,2022
MLP_FINAL_w3_h128x64x32_actleaky_relu_d0.0_e50_lr0.001_b16,220701,San Martin,Picota,4,0.3865504002613952,0.3907830119132995,0.0042326116519043,0.0042326116519043,1.7915001395836565e-05,2023
MLP_FINAL_w3_h128x64x32_actleaky_relu_d0.0_e50_lr0.001_b16,220701,San Martin,Picota,5,0.3634250939388989,0.3809794485569,0.0175543546180011,0.0175543546180011,0.0003081553660545,2024
MLP_FINAL_w3_h128x64x32_actleaky_relu_d0.0_e50_lr0.001_b16,220702,San Martin,Buenos Aires,1,0.3520505109872239,0.3457369804382324,-0.0063135305489914,0.0063135305489914,3.98606679930486e-05,2020
MLP_FINAL_w3_h128x64x32_actleaky_relu_d0.0_e50_lr0.001_b16,220702,San Martin,Buenos Aires,2,0.3357251681892621,0.3514946699142456,0.0157695017249834,0.0157695017249834,0.0002486771846542,2021
MLP_FINAL_w3_h128x64x32_actleaky_relu_d0.0_e50_lr0.001_b16,220702,San Martin,Buenos Aires,3,0.3342472710257976,0.3296116590499878,-0.0046356119758098,0.0046356119758098,2.148889839027129e-05,2022
MLP_FINAL_w3_h128x64x32_actleaky_relu_d0.0_e50_lr0.001_b16,220702,San Martin,Buenos Aires,4,0.333747981443546,0.3315016031265259,-0.0022463783170201,0.0022463783170201,5.046215543178172e-06,2023
MLP_FINAL_w3_h128x64x32_actleaky_relu_d0.0_e50_lr0.001_b16,220702,San Martin,Buenos Aires,5,0.3216851451363488,0.3320613801479339,0.0103762350115851,0.0103762350115851,0.0001076662530156,2024
MLP_FINAL_w3_h128x64x32_actleaky_relu_d0.0_e50_lr0.001_b16,220704,San Martin,Pilluana,1,0.5112911813211786,0.49610236287117,-0.0151888184500085,0.0151888184500085,0.0002307002059073,2020
MLP_FINAL_w3_h128x64x32_actleaky_relu_d0.0_e50_lr0.001_b16,220704,San Martin,Pilluana,2,0.5091485189658083,0.5093861818313599,0.0002376628655516,0.0002376628655516,5.6483637662198954e-08,2021
MLP_FINAL_w3_h128x64x32_actleaky_relu_d0.0_e50_lr0.001_b16,220704,San Martin,Pilluana,3,0.5087719298245614,0.5061042308807373,-0.0026676989438241,0.0026676989438241,7.116617654880358e-06,2022
MLP_FINAL_w3_h128x64x32_actleaky_relu_d0.0_e50_lr0.001_b16,220704,San Martin,Pilluana,4,0.501447920318932,0.5048654079437256,0.0034174876247935,0.0034174876247935,1.167922166561704e-05,2023
MLP_FINAL_w3_h128x64x32_actleaky_relu_d0.0_e50_lr0.001_b16,220704,San Martin,Pilluana,5,0.4919942342903892,0.4960861802101135,0.0040919459197243,0.0040919459197243,1.6744021409948658e-05,2024
MLP_FINAL_w3_h128x64x32_actleaky_relu_d0.0_e50_lr0.001_b16,220705,San Martin,Pucacaca,1,0.4758609225169735,0.4742983877658844,-0.001562534751089,0.001562534751089,2.441514848361026e-06,2020
MLP_FINAL_w3_h128x64x32_actleaky_relu_d0.0_e50_lr0.001_b16,220705,San Martin,Pucacaca,2,0.4807342339189473,0.4742781519889831,-0.0064560819299641,0.0064560819299641,4.16809938864098e-05,2021
MLP_FINAL_w3_h128x64x32_actleaky_relu_d0.0_e50_lr0.001_b16,220705,San Martin,Pucacaca,3,0.4854938055574998,0.4801459908485412,-0.0053478147089585,0.0053478147089585,2.859912216135358e-05,2022
MLP_FINAL_w3_h128x64x32_actleaky_relu_d0.0_e50_lr0.001_b16,220705,San Martin,Pucacaca,4,0.4750866172044516,0.4849882125854492,0.0099015953809976,0.0099015953809976,9.804159108899316e-05,2023
MLP_FINAL_w3_h128x64x32_actleaky_relu_d0.0_e50_lr0.001_b16,220705,San Martin,Pucacaca,5,0.445457408833205,0.470514178276062,0.025056769442857,0.025056769442857,0.0006278416949124,2024
MLP_FINAL_w3_h128x64x32_actleaky_relu_d0.0_e50_lr0.001_b16,220706,San Martin,San Cristobal,1,0.3861228344597586,0.3860236406326294,-9.919382712919587e-05,9.919382712919587e-05,9.839415340536798e-09,2020
MLP_FINAL_w3_h128x64x32_actleaky_relu_d0.0_e50_lr0.001_b16,220706,San Martin,San Cristobal,2,0.3917893929108992,0.3824837505817413,-0.0093056423291578,0.0093056423291578,8.659497915821472e-05,2021
MLP_FINAL_w3_h128x64x32_actleaky_relu_d0.0_e50_lr0.001_b16,220706,San Martin,San Cristobal,3,0.4098220346486438,0.3901054263114929,-0.0197166083371508,0.0197166083371508,0.0003887446443206,2022
MLP_FINAL_w3_h128x64x32_actleaky_relu_d0.0_e50_lr0.001_b16,220706,San Martin,San Cristobal,4,0.4261429035209397,0.4096755981445312,-0.0164673053764084,0.0164673053764084,0.0002711721463598,2023
MLP_FINAL_w3_h128x64x32_actleaky_relu_d0.0_e50_lr0.001_b16,220706,San Martin,San Cristobal,5,0.4205353717203317,0.4247466325759887,0.004211260855657,0.004211260855657,1.773471799438973e-05,2024
MLP_FINAL_w3_h128x64x32_actleaky_relu_d0.0_e50_lr0.001_b16,220707,San Martin,San Hilarion,1,0.3140235575281666,0.3160898685455322,0.0020663110173656,0.0020663110173656,4.269641220486675e-06,2020
MLP_FINAL_w3_h128x64x32_actleaky_relu_d0.0_e50_lr0.001_b16,220707,San Martin,San Hilarion,2,0.3142966882895186,0.3112859725952148,-0.0030107156943037,0.0030107156943037,9.064408991927082e-06,2021
MLP_FINAL_w3_h128x64x32_actleaky_relu_d0.0_e50_lr0.001_b16,220707,San Martin,San Hilarion,3,0.3208176852167975,0.3130972683429718,-0.0077204168738256,0.0077204168738256,5.960483670565238e-05,2022
MLP_FINAL_w3_h128x64x32_actleaky_relu_d0.0_e50_lr0.001_b16,220707,San Martin,San Hilarion,4,0.3174632980539433,0.3214071989059448,0.0039439008520015,0.0039439008520015,1.5554353930418356e-05,2023
MLP_FINAL_w3_h128x64x32_actleaky_relu_d0.0_e50_lr0.001_b16,220707,San Martin,San Hilarion,5,0.3020740867190167,0.3156596422195434,0.0135855555005267,0.0135855555005267,0.0001845673182578,2024
MLP_FINAL_w3_h128x64x32_actleaky_relu_d0.0_e50_lr0.001_b16,220708,San Martin,Shamboyacu,1,0.5518028865177508,0.5740044116973877,0.0222015251796369,0.0222015251796369,0.000492907720302,2020
MLP_FINAL_w3_h128x64x32_actleaky_relu_d0.0_e50_lr0.001_b16,220708,San Martin,Shamboyacu,2,0.5357739625516944,0.5402300357818604,0.0044560732301659,0.0044560732301659,1.9856588632601576e-05,2021
MLP_FINAL_w3_h128x64x32_actleaky_relu_d0.0_e50_lr0.001_b16,220708,San Martin,Shamboyacu,3,0.5237471821065746,0.5244625210762024,0.0007153389696278,0.0007153389696278,5.117098414682087e-07,2022
MLP_FINAL_w3_h128x64x32_actleaky_relu_d0.0_e50_lr0.001_b16,220708,San Martin,Shamboyacu,4,0.5107277796243411,0.5149837136268616,0.0042559340025204,0.0042559340025204,1.8112974233809696e-05,2023
MLP_FINAL_w3_h128x64x32_actleaky_relu_d0.0_e50_lr0.001_b16,220708,San Martin,Shamboyacu,5,0.4962160524393856,0.5021341443061829,0.0059180918667972,0.0059180918667972,3.502381134385187e-05,2024
MLP_FINAL_w3_h128x64x32_actleaky_relu_d0.0_e50_lr0.001_b16,220710,San Martin,Tres Unidos,1,0.6648895512803618,0.6737262606620789,0.0088367093817171,0.0088367093817171,7.808743269692702e-05,2020
MLP_FINAL_w3_h128x64x32_actleaky_relu_d0.0_e50_lr0.001_b16,220710,San Martin,Tres Unidos,2,0.6512029673434082,0.6595188975334167,0.0083159301900085,0.0083159301900085,6.915469492509541e-05,2021
MLP_FINAL_w3_h128x64x32_actleaky_relu_d0.0_e50_lr0.001_b16,220710,San Martin,Tres Unidos,3,0.6378470466738391,0.6426569819450378,0.0048099352711987,0.0048099352711987,2.3135477313122012e-05,2022
MLP_FINAL_w3_h128x64x32_actleaky_relu_d0.0_e50_lr0.001_b16,220710,San Martin,Tres Unidos,4,0.6259431690480013,0.6287760734558105,0.0028329044078092,0.0028329044078092,8.02534738378511e-06,2023
MLP_FINAL_w3_h128x64x32_actleaky_relu_d0.0_e50_lr0.001_b16,220710,San Martin,Tres Unidos,5,0.6019796666051664,0.6174103021621704,0.0154306355570039,0.0154306355570039,0.000238104513693,2024
MLP_FINAL_w3_h128x64x32_actleaky_relu_d0.0_e50_lr0.001_b16,220802,San Martin,Awajun,1,0.5355809190581077,0.5313901305198669,-0.0041907885382407,0.0041907885382407,1.756270857224988e-05,2020
MLP_FINAL_w3_h128x64x32_actleaky_relu_d0.0_e50_lr0.001_b16,220802,San Martin,Awajun,2,0.5382086060261153,0.5326470732688904,-0.0055615327572249,0.0055615327572249,3.093064660968593e-05,2021
MLP_FINAL_w3_h128x64x32_actleaky_relu_d0.0_e50_lr0.001_b16,220802,San Martin,Awajun,3,0.5366646642848862,0.5359669327735901,-0.0006977315112961,0.0006977315112961,4.868292618556113e-07,2022
MLP_FINAL_w3_h128x64x32_actleaky_relu_d0.0_e50_lr0.001_b16,220802,San Martin,Awajun,4,0.5258711238982509,0.5334771275520325,0.0076060036537816,0.0076060036537816,5.785129158133924e-05,2023
MLP_FINAL_w3_h128x64x32_actleaky_relu_d0.0_e50_lr0.001_b16,220802,San Martin,Awajun,5,0.5191631449337984,0.5193403363227844,0.0001771913889859,0.0001771913889859,3.1396788330779295e-08,2024
MLP_FINAL_w3_h128x64x32_actleaky_relu_d0.0_e50_lr0.001_b16,220803,San Martin,Elias Soplin Vargas,1,0.6579222347659429,0.658450186252594,0.000527951486651,0.000527951486651,2.787327722570847e-07,2020
MLP_FINAL_w3_h128x64x32_actleaky_relu_d0.0_e50_lr0.001_b16,220803,San Martin,Elias Soplin Vargas,2,0.6578644753078317,0.6558058857917786,-0.002058589516053,0.002058589516053,4.23779079560369e-06,2021
MLP_FINAL_w3_h128x64x32_actleaky_relu_d0.0_e50_lr0.001_b16,220803,San Martin,Elias Soplin Vargas,3,0.6580377536821654,0.6549301147460938,-0.0031076389360716,0.0031076389360716,9.657419756988776e-06,2022
MLP_FINAL_w3_h128x64x32_actleaky_relu_d0.0_e50_lr0.001_b16,220803,San Martin,Elias Soplin Vargas,4,0.6494578487227284,0.6556079983711243,0.0061501496483958,0.0061501496483958,3.782434069766404e-05,2023
MLP_FINAL_w3_h128x64x32_actleaky_relu_d0.0_e50_lr0.001_b16,220803,San Martin,Elias Soplin Vargas,5,0.6291842789256741,0.6446505188941956,0.0154662399685214,0.0154662399685214,0.0002392045787638,2024
MLP_FINAL_w3_h128x64x32_actleaky_relu_d0.0_e50_lr0.001_b16,220804,San Martin,Nueva Cajamarca,1,0.5888559349108645,0.5843332409858704,-0.0045226939249941,0.0045226939249941,2.045476033917907e-05,2020
MLP_FINAL_w3_h128x64x32_actleaky_relu_d0.0_e50_lr0.001_b16,220804,San Martin,Nueva Cajamarca,2,0.5891461310728205,0.5848919749259949,-0.0042541561468256,0.0042541561468256,1.8097844521574647e-05,2021
MLP_FINAL_w3_h128x64x32_actleaky_relu_d0.0_e50_lr0.001_b16,220804,San Martin,Nueva Cajamarca,3,0.5879800217247769,0.5855840444564819,-0.0023959772682949,0.0023959772682949,5.740707070186327e-06,2022
MLP_FINAL_w3_h128x64x32_actleaky_relu_d0.0_e50_lr0.001_b16,220804,San Martin,Nueva Cajamarca,4,0.5816675896147047,0.5841512084007263,0.0024836187860216,0.0024836187860216,6.168362274279691e-06,2023
MLP_FINAL_w3_h128x64x32_actleaky_relu_d0.0_e50_lr0.001_b16,220804,San Martin,Nueva Cajamarca,5,0.5762816553428042,0.5761624574661255,-0.0001191978766786,0.0001191978766786,1.4208133804708053e-08,2024
MLP_FINAL_w3_h128x64x32_actleaky_relu_d0.0_e50_lr0.001_b16,220806,San Martin,Posic,1,0.3292907765430219,0.3415118455886841,0.0122210690456621,0.0122210690456621,0.0001493545286188,2020
MLP_FINAL_w3_h128x64x32_actleaky_relu_d0.0_e50_lr0.001_b16,220806,San Martin,Posic,2,0.3222881886300976,0.3234834372997284,0.0011952486696307,0.0011952486696307,1.428619382254143e-06,2021
MLP_FINAL_w3_h128x64x32_actleaky_relu_d0.0_e50_lr0.001_b16,220806,San Martin,Posic,3,0.3258233115136753,0.3187929391860962,-0.007030372327579,0.007030372327579,4.942613506438972e-05,2022
MLP_FINAL_w3_h128x64x32_actleaky_relu_d0.0_e50_lr0.001_b16,220806,San Martin,Posic,4,0.3040713113783596,0.325666069984436,0.0215947586060764,0.0215947586060764,0.0004663335992547,2023
MLP_FINAL_w3_h128x64x32_actleaky_relu_d0.0_e50_lr0.001_b16,220806,San Martin,Posic,5,0.2794607669017777,0.2974699139595032,0.0180091470577254,0.0180091470577254,0.0003243293777467,2024
MLP_FINAL_w3_h128x64x32_actleaky_relu_d0.0_e50_lr0.001_b16,220807,San Martin,San Fernando,1,0.1658237133701401,0.1667275130748748,0.0009037997047347,0.0009037997047347,8.168539062786777e-07,2020
MLP_FINAL_w3_h128x64x32_actleaky_relu_d0.0_e50_lr0.001_b16,220807,San Martin,San Fernando,2,0.159105826029883,0.163358137011528,0.004252310981645,0.004252310981645,1.808214868461887e-05,2021
MLP_FINAL_w3_h128x64x32_actleaky_relu_d0.0_e50_lr0.001_b16,220807,San Martin,San Fernando,3,0.1475103921341518,0.1550914347171783,0.0075810425830265,0.0075810425830265,5.747220664566192e-05,2022
MLP_FINAL_w3_h128x64x32_actleaky_relu_d0.0_e50_lr0.001_b16,220807,San Martin,San Fernando,4,0.132401580376562,0.1426926702260971,0.0102910898495351,0.0102910898495351,0.0001059065302912,2023
MLP_FINAL_w3_h128x64x32_actleaky_relu_d0.0_e50_lr0.001_b16,220807,San Martin,San Fernando,5,0.1213080576039535,0.1234236285090446,0.0021155709050911,0.0021155709050911,4.475640254468196e-06,2024
MLP_FINAL_w3_h128x64x32_actleaky_relu_d0.0_e50_lr0.001_b16,220808,San Martin,Yorongos,1,0.4266312916589646,0.4208897948265075,-0.005741496832457,0.005741496832457,3.296478587711382e-05,2020
MLP_FINAL_w3_h128x64x32_actleaky_relu_d0.0_e50_lr0.001_b16,220808,San Martin,Yorongos,2,0.4260115041264801,0.4247987270355224,-0.0012127770909576,0.0012127770909576,1.470828272351648e-06,2021
MLP_FINAL_w3_h128x64x32_actleaky_relu_d0.0_e50_lr0.001_b16,220808,San Martin,Yorongos,3,0.4283384257396675,0.4229484498500824,-0.0053899758895851,0.0053899758895851,2.9051840090308896e-05,2022
MLP_FINAL_w3_h128x64x32_actleaky_relu_d0.0_e50_lr0.001_b16,220808,San Martin,Yorongos,4,0.4121695825676601,0.4258135259151459,0.0136439433474857,0.0136439433474857,0.0001861571900694,2023
MLP_FINAL_w3_h128x64x32_actleaky_relu_d0.0_e50_lr0.001_b16,220808,San Martin,Yorongos,5,0.4044929159372383,0.4043188989162445,-0.0001740170209937,0.0001740170209937,3.0281923595552655e-08,2024
MLP_FINAL_w3_h128x64x32_actleaky_relu_d0.0_e50_lr0.001_b16,220809,San Martin,Yuracyacu,1,0.1502808988764045,0.1492022275924682,-0.0010786712839362,0.0010786712839362,1.163531738788654e-06,2020
MLP_FINAL_w3_h128x64x32_actleaky_relu_d0.0_e50_lr0.001_b16,220809,San Martin,Yuracyacu,2,0.1431294427883513,0.1467331200838089,0.0036036772954576,0.0036036772954576,1.298649004979662e-05,2021
MLP_FINAL_w3_h128x64x32_actleaky_relu_d0.0_e50_lr0.001_b16,220809,San Martin,Yuracyacu,3,0.1386723228617289,0.1400161534547805,0.0013438305930516,0.0013438305930516,1.8058806628216337e-06,2022
MLP_FINAL_w3_h128x64x32_actleaky_relu_d0.0_e50_lr0.001_b16,220809,San Martin,Yuracyacu,4,0.1295574409539096,0.1361744403839111,0.0066169994300015,0.0066169994300015,4.378468145664079e-05,2023
MLP_FINAL_w3_h128x64x32_actleaky_relu_d0.0_e50_lr0.001_b16,220809,San Martin,Yuracyacu,5,0.1247420316441183,0.1231908872723579,-0.0015511443717603,0.0015511443717603,2.406048862043851e-06,2024
MLP_FINAL_w3_h128x64x32_actleaky_relu_d0.0_e50_lr0.001_b16,220902,San Martin,Alberto Leveau,1,0.6091401907637412,0.6039944291114807,-0.0051457616522604,0.0051457616522604,2.647886298187408e-05,2020
MLP_FINAL_w3_h128x64x32_actleaky_relu_d0.0_e50_lr0.001_b16,220902,San Martin,Alberto Leveau,2,0.5906470870788444,0.6091054081916809,0.0184583211128365,0.0184583211128365,0.0003407096183045,2021
MLP_FINAL_w3_h128x64x32_actleaky_relu_d0.0_e50_lr0.001_b16,220902,San Martin,Alberto Leveau,3,0.6041995471076649,0.5824227333068848,-0.0217768138007801,0.0217768138007801,0.0004742296193138,2022
MLP_FINAL_w3_h128x64x32_actleaky_relu_d0.0_e50_lr0.001_b16,220902,San Martin,Alberto Leveau,4,0.5961538461538461,0.6004818677902222,0.004328021636376,0.004328021636376,1.8731771284938983e-05,2023
MLP_FINAL_w3_h128x64x32_actleaky_relu_d0.0_e50_lr0.001_b16,220902,San Martin,Alberto Leveau,5,0.5823955259726892,0.5933207273483276,0.0109252013756384,0.0109252013756384,0.0001193600250982,2024
MLP_FINAL_w3_h128x64x32_actleaky_relu_d0.0_e50_lr0.001_b16,220906,San Martin,El Porvenir,1,0.670344214080825,0.678280770778656,0.0079365566978309,0.0079365566978309,6.298893221788608e-05,2020
MLP_FINAL_w3_h128x64x32_actleaky_relu_d0.0_e50_lr0.001_b16,220906,San Martin,El Porvenir,2,0.6629443375331324,0.6641421914100647,0.0011978538769322,0.0011978538769322,1.434853910481683e-06,2021
MLP_FINAL_w3_h128x64x32_actleaky_relu_d0.0_e50_lr0.001_b16,220906,San Martin,El Porvenir,3,0.6372517337787299,0.655907928943634,0.0186561951649041,0.0186561951649041,0.0003480536180309,2022
MLP_FINAL_w3_h128x64x32_actleaky_relu_d0.0_e50_lr0.001_b16,220906,San Martin,El Porvenir,4,0.61286082567808,0.626054048538208,0.013193222860128,0.013193222860128,0.000174061129437,2023
MLP_FINAL_w3_h128x64x32_actleaky_relu_d0.0_e50_lr0.001_b16,220906,San Martin,El Porvenir,5,0.5942177117751716,0.5982123017311096,0.003994589955938,0.003994589955938,1.5956748916081102e-05,2024
MLP_FINAL_w3_h128x64x32_actleaky_relu_d0.0_e50_lr0.001_b16,220908,San Martin,Juan Guerra,1,0.2865917630692296,0.2722235918045044,-0.0143681712647252,0.0143681712647252,0.0002064443454924,2020
MLP_FINAL_w3_h128x64x32_actleaky_relu_d0.0_e50_lr0.001_b16,220908,San Martin,Juan Guerra,2,0.2870724278656172,0.2853333353996277,-0.0017390924659895,0.0017390924659895,3.024442605261518e-06,2021
MLP_FINAL_w3_h128x64x32_actleaky_relu_d0.0_e50_lr0.001_b16,220908,San Martin,Juan Guerra,3,0.2968336206537965,0.2847196459770202,-0.0121139746767762,0.0121139746767762,0.0001467483824695,2022
MLP_FINAL_w3_h128x64x32_actleaky_relu_d0.0_e50_lr0.001_b16,220908,San Martin,Juan Guerra,4,0.2977117582625816,0.2968963086605072,-0.0008154496020744,0.0008154496020744,6.649580535233201e-07,2023
MLP_FINAL_w3_h128x64x32_actleaky_relu_d0.0_e50_lr0.001_b16,220908,San Martin,Juan Guerra,5,0.2936261074932869,0.2958724796772003,0.0022463721839134,0.0022463721839134,5.046187988660023e-06,2024
MLP_FINAL_w3_h128x64x32_actleaky_relu_d0.0_e50_lr0.001_b16,220909,San Martin,La Banda De Shilcayo,1,0.7179674276651606,0.7157450914382935,-0.0022223362268671,0.0022223362268671,4.938778305246268e-06,2020
MLP_FINAL_w3_h128x64x32_actleaky_relu_d0.0_e50_lr0.001_b16,220909,San Martin,La Banda De Shilcayo,2,0.7108772140258286,0.715329110622406,0.0044518965965774,0.0044518965965774,1.981938330661752e-05,2021
MLP_FINAL_w3_h128x64x32_actleaky_relu_d0.0_e50_lr0.001_b16,220909,San Martin,La Banda De Shilcayo,3,0.7059627097410472,0.7060455083847046,8.279864365734468e-05,8.279864365734468e-05,6.855615391495945e-09,2022
MLP_FINAL_w3_h128x64x32_actleaky_relu_d0.0_e50_lr0.001_b16,220909,San Martin,La Banda De Shilcayo,4,0.7010915197313182,0.7003730535507202,-0.000718466180598,0.000718466180598,5.161936526630919e-07,2023
MLP_FINAL_w3_h128x64x32_actleaky_relu_d0.0_e50_lr0.001_b16,220909,San Martin,La Banda De Shilcayo,5,0.6972965228632735,0.696002721786499,-0.0012938010767744,0.0012938010767744,1.6739212262627495e-06,2024
MLP_FINAL_w3_h128x64x32_actleaky_relu_d0.0_e50_lr0.001_b16,220910,San Martin,Morales,1,0.110057491411344,0.1020718440413475,-0.0079856473699964,0.0079856473699964,6.377056391793186e-05,2020
MLP_FINAL_w3_h128x64x32_actleaky_relu_d0.0_e50_lr0.001_b16,220910,San Martin,Morales,2,0.1069024749351468,0.1062732189893722,-0.0006292559457745,0.0006292559457745,3.9596304529262483e-07,2021
MLP_FINAL_w3_h128x64x32_actleaky_relu_d0.0_e50_lr0.001_b16,220910,San Martin,Morales,3,0.1048692420949309,0.1012906730175018,-0.003578569077429,0.003578569077429,1.2806156641931525e-05,2022
MLP_FINAL_w3_h128x64x32_actleaky_relu_d0.0_e50_lr0.001_b16,220910,San Martin,Morales,4,0.1050269929187407,0.0984288230538368,-0.0065981698649038,0.0065981698649038,4.353584556612558e-05,2023
MLP_FINAL_w3_h128x64x32_actleaky_relu_d0.0_e50_lr0.001_b16,220910,San Martin,Morales,5,0.0945277992007291,0.0989895761013031,0.004461776900574,0.004461776900574,1.9907453110495773e-05,2024
MLP_FINAL_w3_h128x64x32_actleaky_relu_d0.0_e50_lr0.001_b16,220912,San Martin,San Antonio,1,0.7783376458304961,0.7832773327827454,0.0049396869522492,0.0049396869522492,2.4400507186221214e-05,2020
MLP_FINAL_w3_h128x64x32_actleaky_relu_d0.0_e50_lr0.001_b16,220912,San Martin,San Antonio,2,0.7660016342094512,0.7715644836425781,0.0055628494331269,0.0055628494331269,3.094529381564032e-05,2021
MLP_FINAL_w3_h128x64x32_actleaky_relu_d0.0_e50_lr0.001_b16,220912,San Martin,San Antonio,3,0.7495460529302284,0.7569271922111511,0.0073811392809227,0.0073811392809227,5.4481217084381045e-05,2022
MLP_FINAL_w3_h128x64x32_actleaky_relu_d0.0_e50_lr0.001_b16,220912,San Martin,San Antonio,4,0.7346792863952063,0.7392392754554749,0.0045599890602685,0.0045599890602685,2.079350022976889e-05,2023
MLP_FINAL_w3_h128x64x32_actleaky_relu_d0.0_e50_lr0.001_b16,220912,San Martin,San Antonio,5,0.7255776476462844,0.72408527135849,-0.0014923762877944,0.0014923762877944,2.2271869843710443e-06,2024
MLP_FINAL_w3_h128x64x32_actleaky_relu_d0.0_e50_lr0.001_b16,220913,San Martin,Sauce,1,0.6452354324260063,0.646404504776001,0.0011690723499946,0.0011690723499946,1.3667301595219845e-06,2020
MLP_FINAL_w3_h128x64x32_actleaky_relu_d0.0_e50_lr0.001_b16,220913,San Martin,Sauce,2,0.6320174009528254,0.6442188024520874,0.0122014014992619,0.0122014014992619,0.0001488741985461,2021
MLP_FINAL_w3_h128x64x32_actleaky_relu_d0.0_e50_lr0.001_b16,220913,San Martin,Sauce,3,0.6290673406306965,0.6256617307662964,-0.0034056098644,0.0034056098644,1.1598178548499151e-05,2022
MLP_FINAL_w3_h128x64x32_actleaky_relu_d0.0_e50_lr0.001_b16,220913,San Martin,Sauce,4,0.6163952904708648,0.6230646967887878,0.006669406317923,0.006669406317923,4.4480980633551366e-05,2023
MLP_FINAL_w3_h128x64x32_actleaky_relu_d0.0_e50_lr0.001_b16,220913,San Martin,Sauce,5,0.5985980608857225,0.609792947769165,0.0111948868834425,0.0111948868834425,0.000125325492333,2024
MLP_FINAL_w3_h128x64x32_actleaky_relu_d0.0_e50_lr0.001_b16,220914,San Martin,Shapaja,1,0.6892116539092298,0.6903018355369568,0.001090181627727,0.001090181627727,1.1884959814335018e-06,2020
MLP_FINAL_w3_h128x64x32_actleaky_relu_d0.0_e50_lr0.001_b16,220914,San Martin,Shapaja,2,0.6752289054007106,0.6855719685554504,0.0103430631547398,0.0103430631547398,0.0001069789554229,2021
MLP_FINAL_w3_h128x64x32_actleaky_relu_d0.0_e50_lr0.001_b16,220914,San Martin,Shapaja,3,0.6723075831101248,0.667712390422821,-0.0045951926873037,0.0045951926873037,2.1115795833450278e-05,2022
MLP_FINAL_w3_h128x64x32_actleaky_relu_d0.0_e50_lr0.001_b16,220914,San Martin,Shapaja,4,0.6692144183318577,0.6659567952156067,-0.0032576231162509,0.0032576231162509,1.061210836753285e-05,2023
MLP_FINAL_w3_h128x64x32_actleaky_relu_d0.0_e50_lr0.001_b16,220914,San Martin,Shapaja,5,0.6604915442288942,0.6652002930641174,0.0047087488352232,0.0047087488352232,2.2172315593215925e-05,2024
MLP_FINAL_w3_h128x64x32_actleaky_relu_d0.0_e50_lr0.001_b16,221001,San Martin,Tocache,1,0.6162956007522427,0.6108096837997437,-0.005485916952499,0.005485916952499,3.0095284809715955e-05,2020
MLP_FINAL_w3_h128x64x32_actleaky_relu_d0.0_e50_lr0.001_b16,221001,San Martin,Tocache,2,0.6148581104783809,0.6149951219558716,0.0001370114774906,0.0001370114774906,1.8772144964178653e-08,2021
MLP_FINAL_w3_h128x64x32_actleaky_relu_d0.0_e50_lr0.001_b16,221001,San Martin,Tocache,3,0.6148572312794367,0.6126236915588379,-0.0022335397205988,0.0022335397205988,4.988699683492608e-06,2022
MLP_FINAL_w3_h128x64x32_actleaky_relu_d0.0_e50_lr0.001_b16,221001,San Martin,Tocache,4,0.6140386970623326,0.6120204925537109,-0.0020182045086216,0.0020182045086216,4.073149438620829e-06,2023
MLP_FINAL_w3_h128x64x32_actleaky_relu_d0.0_e50_lr0.001_b16,221001,San Martin,Tocache,5,0.6039235132086453,0.6112751364707947,0.0073516232621493,0.0073516232621493,5.404636458857518e-05,2024
MLP_FINAL_w3_h128x64x32_actleaky_relu_d0.0_e50_lr0.001_b16,221002,San Martin,Nuevo Progreso,1,0.6973144095206546,0.7006958723068237,0.0033814627861691,0.0033814627861691,1.1434290574246706e-05,2020
MLP_FINAL_w3_h128x64x32_actleaky_relu_d0.0_e50_lr0.001_b16,221002,San Martin,Nuevo Progreso,2,0.6897875520077874,0.6929890513420105,0.003201499334223,0.003201499334223,1.024959798703089e-05,2021
MLP_FINAL_w3_h128x64x32_actleaky_relu_d0.0_e50_lr0.001_b16,221002,San Martin,Nuevo Progreso,3,0.6870881320936156,0.6839689612388611,-0.0031191708547545,0.0031191708547545,9.729226821150224e-06,2022
MLP_FINAL_w3_h128x64x32_actleaky_relu_d0.0_e50_lr0.001_b16,221002,San Martin,Nuevo Progreso,4,0.6772488644318729,0.682115912437439,0.004867048005566,0.004867048005566,2.368815628848429e-05,2023
MLP_FINAL_w3_h128x64x32_actleaky_relu_d0.0_e50_lr0.001_b16,221002,San Martin,Nuevo Progreso,5,0.6710181144155242,0.6713432669639587,0.0003251525484345,0.0003251525484345,1.057241797534959e-07,2024
MLP_FINAL_w3_h128x64x32_actleaky_relu_d0.0_e50_lr0.001_b16,221005,San Martin,Uchiza,1,0.5566792570085992,0.5575957298278809,0.0009164728192816,0.0009164728192816,8.39922428482045e-07,2020
MLP_FINAL_w3_h128x64x32_actleaky_relu_d0.0_e50_lr0.001_b16,221005,San Martin,Uchiza,2,0.5523026841319186,0.5528013706207275,0.0004986864888089,0.0004986864888089,2.486882141205573e-07,2021
MLP_FINAL_w3_h128x64x32_actleaky_relu_d0.0_e50_lr0.001_b16,221005,San Martin,Uchiza,3,0.548494801903648,0.5472952723503113,-0.0011995295533366,0.0011995295533366,1.4388711493281113e-06,2022
MLP_FINAL_w3_h128x64x32_actleaky_relu_d0.0_e50_lr0.001_b16,221005,San Martin,Uchiza,4,0.5418771774769189,0.5435636043548584,0.0016864268779395,0.0016864268779395,2.844035614636828e-06,2023
MLP_FINAL_w3_h128x64x32_actleaky_relu_d0.0_e50_lr0.001_b16,221005,San Martin,Uchiza,5,0.5332618072930179,0.5362811088562012,0.0030193015631833,0.0030193015631833,9.116181929441164e-06,2024
MLP_FINAL_w3_h128x64x32_actleaky_relu_d0.0_e50_lr0.001_b16,221006,San Martin,Santa Lucia,1,0.182824881859643,0.1850349456071853,0.0022100637475423,0.0022100637475423,4.88438176820104e-06,2020
MLP_FINAL_w3_h128x64x32_actleaky_relu_d0.0_e50_lr0.001_b16,221006,San Martin,Santa Lucia,2,0.1769483677998687,0.1817476749420166,0.0047993071421479,0.0047993071421479,2.3033349044671917e-05,2021
MLP_FINAL_w3_h128x64x32_actleaky_relu_d0.0_e50_lr0.001_b16,221006,San Martin,Santa Lucia,3,0.177307817874232,0.1755018830299377,-0.0018059348442942,0.0018059348442942,3.261400661836114e-06,2022
MLP_FINAL_w3_h128x64x32_actleaky_relu_d0.0_e50_lr0.001_b16,221006,San Martin,Santa Lucia,4,0.1746135911700594,0.1764090061187744,0.001795414948715,0.001795414948715,3.223514838069352e-06,2023
MLP_FINAL_w3_h128x64x32_actleaky_relu_d0.0_e50_lr0.001_b16,221006,San Martin,Santa Lucia,5,0.1692811987824865,0.1737639904022216,0.0044827916197351,0.0044827916197351,2.009542070596783e-05,2024
MLP_FINAL_w3_h128x64x32_actleaky_relu_d0.0_e50_lr0.001_b16,250102,Ucayali,Campoverde,1,0.2482192292554717,0.2636343240737915,0.0154150948183197,0.0154150948183197,0.0002376251482577,2020
MLP_FINAL_w3_h128x64x32_actleaky_relu_d0.0_e50_lr0.001_b16,250102,Ucayali,Campoverde,2,0.2337295790056501,0.240837812423706,0.0071082334180559,0.0071082334180559,5.052698232556727e-05,2021
MLP_FINAL_w3_h128x64x32_actleaky_relu_d0.0_e50_lr0.001_b16,250102,Ucayali,Campoverde,3,0.2124810715977239,0.2262158691883087,0.0137347975905848,0.0137347975905848,0.0001886446648543,2022
MLP_FINAL_w3_h128x64x32_actleaky_relu_d0.0_e50_lr0.001_b16,250102,Ucayali,Campoverde,4,0.182746636247807,0.205058068037033,0.022311431789226,0.022311431789226,0.0004977999884852,2023
MLP_FINAL_w3_h128x64x32_actleaky_relu_d0.0_e50_lr0.001_b16,250102,Ucayali,Campoverde,5,0.1587664351898177,0.1758790761232376,0.0171126409334199,0.0171126409334199,0.0002928424797161,2024
MLP_FINAL_w3_h128x64x32_actleaky_relu_d0.0_e50_lr0.001_b16,250105,Ucayali,Yarinacocha,1,0.2701689860170256,0.2748332321643829,0.0046642461473573,0.0046642461473573,2.175519212313771e-05,2020
MLP_FINAL_w3_h128x64x32_actleaky_relu_d0.0_e50_lr0.001_b16,250105,Ucayali,Yarinacocha,2,0.2625254950213657,0.2657052278518677,0.0031797328305019,0.0031797328305019,1.0110700873372204e-05,2021
MLP_FINAL_w3_h128x64x32_actleaky_relu_d0.0_e50_lr0.001_b16,250105,Ucayali,Yarinacocha,3,0.2491416954774339,0.2584709525108337,0.0093292570333998,0.0093292570333998,8.703503679524049e-05,2022
MLP_FINAL_w3_h128x64x32_actleaky_relu_d0.0_e50_lr0.001_b16,250105,Ucayali,Yarinacocha,4,0.2268933187997779,0.2432491183280944,0.0163557995283165,0.0163557995283165,0.0002675121782104,2023
MLP_FINAL_w3_h128x64x32_actleaky_relu_d0.0_e50_lr0.001_b16,250105,Ucayali,Yarinacocha,5,0.1846394586027725,0.2187336832284927,0.0340942246257202,0.0340942246257202,0.001162416152829,2024
MLP_FINAL_w3_h128x64x32_actleaky_relu_d0.0_e50_lr0.001_b16,250106,Ucayali,Nueva Requena,1,0.7304465280109362,0.7447927594184875,0.0143462314075513,0.0143462314075513,0.000205814355599,2020
MLP_FINAL_w3_h128x64x32_actleaky_relu_d0.0_e50_lr0.001_b16,250106,Ucayali,Nueva Requena,2,0.6957867457578508,0.7170696258544922,0.0212828800966413,0.0212828800966413,0.000452960985208,2021
MLP_FINAL_w3_h128x64x32_actleaky_relu_d0.0_e50_lr0.001_b16,250106,Ucayali,Nueva Requena,3,0.6512524440498282,0.6792134046554565,0.0279609606056283,0.0279609606056283,0.0007818153179895,2022
MLP_FINAL_w3_h128x64x32_actleaky_relu_d0.0_e50_lr0.001_b16,250106,Ucayali,Nueva Requena,4,0.6156661339918922,0.6306136846542358,0.0149475506623436,0.0149475506623436,0.0002234292708033,2023
MLP_FINAL_w3_h128x64x32_actleaky_relu_d0.0_e50_lr0.001_b16,250106,Ucayali,Nueva Requena,5,0.5708956922038567,0.5952950119972229,0.0243993197933661,0.0243993197933661,0.0005953268063789,2024
MLP_FINAL_w3_h128x64x32_actleaky_relu_d0.0_e50_lr0.001_b16,250302,Ucayali,Irazola,1,0.7117497004163131,0.7181336283683777,0.0063839279520645,0.0063839279520645,4.075453609715108e-05,2020
MLP_FINAL_w3_h128x64x32_actleaky_relu_d0.0_e50_lr0.001_b16,250302,Ucayali,Irazola,2,0.6837468560173523,0.7019321918487549,0.0181853358314025,0.0181853358314025,0.0003307064393008,2021
MLP_FINAL_w3_h128x64x32_actleaky_relu_d0.0_e50_lr0.001_b16,250302,Ucayali,Irazola,3,0.6615776631908061,0.6704779267311096,0.0089002635403034,0.0089002635403034,7.921469108685558e-05,2022
MLP_FINAL_w3_h128x64x32_actleaky_relu_d0.0_e50_lr0.001_b16,250302,Ucayali,Irazola,4,0.650188780050078,0.6470203995704651,-0.0031683804796128,0.0031683804796128,1.0038634863591917e-05,2023
MLP_FINAL_w3_h128x64x32_actleaky_relu_d0.0_e50_lr0.001_b16,250302,Ucayali,Irazola,5,0.6250830086667633,0.6397971510887146,0.0147141424219513,0.0147141424219513,0.0002165059872134,2024
MLP_FINAL_w3_h128x64x32_actleaky_relu_d0.0_e50_lr0.001_b16,250304,Ucayali,Neshuya,1,0.3336101290217445,0.340109258890152,0.0064991298684075,0.0064991298684075,4.223868904642655e-05,2020
MLP_FINAL_w3_h128x64x32_actleaky_relu_d0.0_e50_lr0.001_b16,250304,Ucayali,Neshuya,2,0.3085043822047768,0.3276929259300232,0.0191885437252464,0.0191885437252464,0.0003682002102956,2021
MLP_FINAL_w3_h128x64x32_actleaky_relu_d0.0_e50_lr0.001_b16,250304,Ucayali,Neshuya,3,0.2822012342442556,0.3007423877716064,0.0185411535273508,0.0185411535273508,0.0003437743741247,2022
MLP_FINAL_w3_h128x64x32_actleaky_relu_d0.0_e50_lr0.001_b16,250304,Ucayali,Neshuya,4,0.2618156569056037,0.2737717926502228,0.011956135744619,0.011956135744619,0.0001429491819437,2023
MLP_FINAL_w3_h128x64x32_actleaky_relu_d0.0_e50_lr0.001_b16,250304,Ucayali,Neshuya,5,0.2356187871530902,0.2540878653526306,0.0184690781995404,0.0184690781995404,0.0003411068495407,2024
MLP_FINAL_w3_h128x64x32_actleaky_relu_d0.0_e50_lr0.001_b16,250305,Ucayali,Alexander Von Humboldt,1,0.2588474336953667,0.2684072852134704,0.0095598515181037,0.0095598515181037,9.139076104819028e-05,2020
MLP_FINAL_w3_h128x64x32_actleaky_relu_d0.0_e50_lr0.001_b16,250305,Ucayali,Alexander Von Humboldt,2,0.237405240659667,0.2528551518917084,0.0154499112320413,0.0154499112320413,0.0002386997570779,2021
MLP_FINAL_w3_h128x64x32_actleaky_relu_d0.0_e50_lr0.001_b16,250305,Ucayali,Alexander Von Humboldt,3,0.210026732788346,0.2292662858963012,0.0192395531079552,0.0192395531079552,0.0003701604037938,2022
MLP_FINAL_w3_h128x64x32_actleaky_relu_d0.0_e50_lr0.001_b16,250305,Ucayali,Alexander Von Humboldt,4,0.1937933439231335,0.2011939585208892,0.0074006145977557,0.0074006145977557,5.476909642451608e-05,2023
MLP_FINAL_w3_h128x64x32_actleaky_relu_d0.0_e50_lr0.001_b16,250305,Ucayali,Alexander Von Humboldt,5,0.17695297870417,0.187263011932373,0.010310033228203,0.010310033228203,0.0001062967851666,2024
MLP_FINAL_w3_h128x64x32_actleaky_relu_d0.0_e50_lr0.001_b16,250306,Ucayali,Huipoca,1,0.7033036477746314,0.7188186645507812,0.0155150167761498,0.0155150167761498,0.0002407157455642,2020
MLP_FINAL_w3_h128x64x32_actleaky_relu_d0.0_e50_lr0.001_b16,250306,Ucayali,Huipoca,2,0.675192466946301,0.6901241540908813,0.0149316871445803,0.0149316871445803,0.0002229552809836,2021
MLP_FINAL_w3_h128x64x32_actleaky_relu_d0.0_e50_lr0.001_b16,250306,Ucayali,Huipoca,3,0.6463355281778198,0.6600862145423889,0.0137506863645691,0.0137506863645691,0.0001890813754967,2022
MLP_FINAL_w3_h128x64x32_actleaky_relu_d0.0_e50_lr0.001_b16,250306,Ucayali,Huipoca,4,0.633915214210732,0.6301542520523071,-0.0037609621584249,0.0037609621584249,1.4144836357104222e-05,2023
MLP_FINAL_w3_h128x64x32_actleaky_relu_d0.0_e50_lr0.001_b16,250306,Ucayali,Huipoca,5,0.6053742491879774,0.621876060962677,0.0165018117746995,0.0165018117746995,0.0002723097918476,2024
