modelo,geocode,departamento,distrito,horizonte,y_true,y_pred,error,abs_error,squared_error,anio
LSTM_FINAL_w6_h64_l1_d0.0_e50_lr0.001_b16,010102,Amazonas,Asuncion,1,0.4378221156299433,0.4399083852767944,0.0020862696468511,0.0020862696468511,4.352521039372454e-06,2020
LSTM_FINAL_w6_h64_l1_d0.0_e50_lr0.001_b16,010102,Amazonas,Asuncion,2,0.4525182425881512,0.4324286580085754,-0.0200895845795757,0.0200895845795757,0.0004035914085799,2021
LSTM_FINAL_w6_h64_l1_d0.0_e50_lr0.001_b16,010102,Amazonas,Asuncion,3,0.4470071949788233,0.450754165649414,0.0037469706705907,0.0037469706705907,1.4039789206267412e-05,2022
LSTM_FINAL_w6_h64_l1_d0.0_e50_lr0.001_b16,010102,Amazonas,Asuncion,4,0.440271470122978,0.4427090287208557,0.0024375585978776,0.0024375585978776,5.94169191808749e-06,2023
LSTM_FINAL_w6_h64_l1_d0.0_e50_lr0.001_b16,010102,Amazonas,Asuncion,5,0.4403990406694902,0.4342312216758728,-0.0061678189936174,0.0061678189936174,3.8041991138027584e-05,2024
LSTM_FINAL_w6_h64_l1_d0.0_e50_lr0.001_b16,010104,Amazonas,Cheto,1,0.5453453377506892,0.5468032956123352,0.001457957861646,0.001457957861646,2.1256411263354995e-06,2020
LSTM_FINAL_w6_h64_l1_d0.0_e50_lr0.001_b16,010104,Amazonas,Cheto,2,0.5521104676158923,0.5358511209487915,-0.0162593466671008,0.0162593466671008,0.0002643663540409,2021
LSTM_FINAL_w6_h64_l1_d0.0_e50_lr0.001_b16,010104,Amazonas,Cheto,3,0.5424875445739865,0.5471578240394592,0.0046702794654727,0.0046702794654727,2.181151028561611e-05,2022
LSTM_FINAL_w6_h64_l1_d0.0_e50_lr0.001_b16,010104,Amazonas,Cheto,4,0.5340911964796035,0.5356200337409973,0.0015288372613938,0.0015288372613938,2.3373433718262658e-06,2023
LSTM_FINAL_w6_h64_l1_d0.0_e50_lr0.001_b16,010104,Amazonas,Cheto,5,0.5357477049138869,0.5263503789901733,-0.0093973259237135,0.0093973259237135,8.830973451649895e-05,2024
LSTM_FINAL_w6_h64_l1_d0.0_e50_lr0.001_b16,010105,Amazonas,Chiliquin,1,0.5714303656767501,0.5696288347244263,-0.0018015309523238,0.0018015309523238,3.2455137721807933e-06,2020
LSTM_FINAL_w6_h64_l1_d0.0_e50_lr0.001_b16,010105,Amazonas,Chiliquin,2,0.5850451208560717,0.5656907558441162,-0.0193543650119555,0.0193543650119555,0.000374591445016,2021
LSTM_FINAL_w6_h64_l1_d0.0_e50_lr0.001_b16,010105,Amazonas,Chiliquin,3,0.5817105106161179,0.5833612680435181,0.0016507574274001,0.0016507574274001,2.725000084116839e-06,2022
LSTM_FINAL_w6_h64_l1_d0.0_e50_lr0.001_b16,010105,Amazonas,Chiliquin,4,0.5734085242936717,0.5775973796844482,0.0041888553907765,0.0041888553907765,1.7546509484837458e-05,2023
LSTM_FINAL_w6_h64_l1_d0.0_e50_lr0.001_b16,010105,Amazonas,Chiliquin,5,0.576341222941616,0.566605269908905,-0.009735953032711,0.009735953032711,9.478878145515491e-05,2024
LSTM_FINAL_w6_h64_l1_d0.0_e50_lr0.001_b16,010109,Amazonas,La Jalca,1,0.3125219422372842,0.3021759986877441,-0.01034594354954,0.01034594354954,0.0001070385479302,2020
LSTM_FINAL_w6_h64_l1_d0.0_e50_lr0.001_b16,010109,Amazonas,La Jalca,2,0.3174441682011306,0.3078634738922119,-0.0095806943089186,0.0095806943089186,9.178970344094658e-05,2021
LSTM_FINAL_w6_h64_l1_d0.0_e50_lr0.001_b16,010109,Amazonas,La Jalca,3,0.3227747884589205,0.3145378232002258,-0.0082369652586946,0.0082369652586946,6.784759667294281e-05,2022
LSTM_FINAL_w6_h64_l1_d0.0_e50_lr0.001_b16,010109,Amazonas,La Jalca,4,0.3151442634931325,0.3204880356788635,0.005343772185731,0.005343772185731,2.8555901172992383e-05,2023
LSTM_FINAL_w6_h64_l1_d0.0_e50_lr0.001_b16,010109,Amazonas,La Jalca,5,0.3206683336796326,0.3106852769851684,-0.0099830566944641,0.0099830566944641,9.966142096488534e-05,2024
LSTM_FINAL_w6_h64_l1_d0.0_e50_lr0.001_b16,010111,Amazonas,Levanto,1,0.2398626572728676,0.2291304022073745,-0.010732255065493,0.010732255065493,0.0001151812987908,2020
LSTM_FINAL_w6_h64_l1_d0.0_e50_lr0.001_b16,010111,Amazonas,Levanto,2,0.2406111513740213,0.2392520457506179,-0.0013591056234033,0.0013591056234033,1.8471680955665497e-06,2021
LSTM_FINAL_w6_h64_l1_d0.0_e50_lr0.001_b16,010111,Amazonas,Levanto,3,0.2381874561893333,0.2387442886829376,0.0005568324936043,0.0005568324936043,3.100624259336175e-07,2022
LSTM_FINAL_w6_h64_l1_d0.0_e50_lr0.001_b16,010111,Amazonas,Levanto,4,0.2314034858439568,0.2351867854595184,0.0037832996155616,0.0037832996155616,1.4313355981108698e-05,2023
LSTM_FINAL_w6_h64_l1_d0.0_e50_lr0.001_b16,010111,Amazonas,Levanto,5,0.2335776829949268,0.2274757474660873,-0.0061019355288394,0.0061019355288394,3.723361719811315e-05,2024
LSTM_FINAL_w6_h64_l1_d0.0_e50_lr0.001_b16,010112,Amazonas,Magdalena,1,0.3664946897194544,0.3587750792503357,-0.0077196104691187,0.0077196104691187,5.959238579492753e-05,2020
LSTM_FINAL_w6_h64_l1_d0.0_e50_lr0.001_b16,010112,Amazonas,Magdalena,2,0.3710304176020375,0.3625765442848205,-0.0084538733172169,0.0084538733172169,7.146797406355221e-05,2021
LSTM_FINAL_w6_h64_l1_d0.0_e50_lr0.001_b16,010112,Amazonas,Magdalena,3,0.381020834153834,0.3680159747600555,-0.0130048593937784,0.0130048593937784,0.0001691263678519,2022
LSTM_FINAL_w6_h64_l1_d0.0_e50_lr0.001_b16,010112,Amazonas,Magdalena,4,0.3749491289564544,0.3793715238571167,0.0044223949006623,0.0044223949006623,1.955757665740408e-05,2023
LSTM_FINAL_w6_h64_l1_d0.0_e50_lr0.001_b16,010112,Amazonas,Magdalena,5,0.3842240688958029,0.3707043528556824,-0.0135197160401205,0.0135197160401205,0.0001827827218054,2024
LSTM_FINAL_w6_h64_l1_d0.0_e50_lr0.001_b16,010114,Amazonas,Molinopampa,1,0.549169769416683,0.5460692048072815,-0.0031005646094015,0.0031005646094015,9.61350089707343e-06,2020
LSTM_FINAL_w6_h64_l1_d0.0_e50_lr0.001_b16,010114,Amazonas,Molinopampa,2,0.5483545626755504,0.5437830686569214,-0.0045714940186289,0.0045714940186289,2.089855756236069e-05,2021
LSTM_FINAL_w6_h64_l1_d0.0_e50_lr0.001_b16,010114,Amazonas,Molinopampa,3,0.5366255144032922,0.5431397557258606,0.0065142413225683,0.0065142413225683,4.24353400086576e-05,2022
LSTM_FINAL_w6_h64_l1_d0.0_e50_lr0.001_b16,010114,Amazonas,Molinopampa,4,0.5230152198053433,0.5287554264068604,0.005740206601517,0.005740206601517,3.2949971828100306e-05,2023
LSTM_FINAL_w6_h64_l1_d0.0_e50_lr0.001_b16,010114,Amazonas,Molinopampa,5,0.5128930694362793,0.5134706497192383,0.0005775802829589,0.0005775802829589,3.335989832629477e-07,2024
LSTM_FINAL_w6_h64_l1_d0.0_e50_lr0.001_b16,010115,Amazonas,Montevideo,1,0.6583167201178816,0.6502820253372192,-0.0080346947806623,0.0080346947806623,6.455632021840236e-05,2020
LSTM_FINAL_w6_h64_l1_d0.0_e50_lr0.001_b16,010115,Amazonas,Montevideo,2,0.6555285891768513,0.6495840549468994,-0.0059445342299518,0.0059445342299518,3.533748721106974e-05,2021
LSTM_FINAL_w6_h64_l1_d0.0_e50_lr0.001_b16,010115,Amazonas,Montevideo,3,0.6586851001126809,0.6482530832290649,-0.0104320168836159,0.0104320168836159,0.00010882697626,2022
LSTM_FINAL_w6_h64_l1_d0.0_e50_lr0.001_b16,010115,Amazonas,Montevideo,4,0.6546329201698882,0.6538256406784058,-0.0008072794914824,0.0008072794914824,6.517001773680894e-07,2023
LSTM_FINAL_w6_h64_l1_d0.0_e50_lr0.001_b16,010115,Amazonas,Montevideo,5,0.5954754268874057,0.6487277150154114,0.0532522881280056,0.0532522881280056,0.0028358061908681,2024
LSTM_FINAL_w6_h64_l1_d0.0_e50_lr0.001_b16,010117,Amazonas,Quinjalca,1,0.3444044255612828,0.3509106636047363,0.0065062380434535,0.0065062380434535,4.233113347808184e-05,2020
LSTM_FINAL_w6_h64_l1_d0.0_e50_lr0.001_b16,010117,Amazonas,Quinjalca,2,0.3485560851467638,0.3391709923744201,-0.0093850927723436,0.0093850927723436,8.80799663454964e-05,2021
LSTM_FINAL_w6_h64_l1_d0.0_e50_lr0.001_b16,010117,Amazonas,Quinjalca,3,0.3412448508637609,0.344599962234497,0.0033551113707361,0.0033551113707361,1.1256772310043246e-05,2022
LSTM_FINAL_w6_h64_l1_d0.0_e50_lr0.001_b16,010117,Amazonas,Quinjalca,4,0.339541052904005,0.3360964655876159,-0.003444587316389,0.003444587316389,1.1865181780228146e-05,2023
LSTM_FINAL_w6_h64_l1_d0.0_e50_lr0.001_b16,010117,Amazonas,Quinjalca,5,0.3426574934759635,0.3347663581371307,-0.0078911353388327,0.0078911353388327,6.227001693577567e-05,2024
LSTM_FINAL_w6_h64_l1_d0.0_e50_lr0.001_b16,010119,Amazonas,San Isidro De Maino,1,0.3787988601360589,0.3634904026985168,-0.015308457437542,0.015308457437542,0.000234348869117,2020
LSTM_FINAL_w6_h64_l1_d0.0_e50_lr0.001_b16,010119,Amazonas,San Isidro De Maino,2,0.391960005929928,0.3754028081893921,-0.0165571977405359,0.0165571977405359,0.0002741407970192,2021
LSTM_FINAL_w6_h64_l1_d0.0_e50_lr0.001_b16,010119,Amazonas,San Isidro De Maino,3,0.3945378774152103,0.391028344631195,-0.0035095327840152,0.0035095327840152,1.2316820362077644e-05,2022
LSTM_FINAL_w6_h64_l1_d0.0_e50_lr0.001_b16,010119,Amazonas,San Isidro De Maino,4,0.3774152102653643,0.392363965511322,0.0149487552459577,0.0149487552459577,0.0002234652834035,2023
LSTM_FINAL_w6_h64_l1_d0.0_e50_lr0.001_b16,010119,Amazonas,San Isidro De Maino,5,0.3873725477276845,0.3704346120357513,-0.0169379356919331,0.0169379356919331,0.000286893665504,2024
LSTM_FINAL_w6_h64_l1_d0.0_e50_lr0.001_b16,010120,Amazonas,Soloco,1,0.511268359398228,0.5111615061759949,-0.0001068532222331,0.0001068532222331,1.1417611101604515e-08,2020
LSTM_FINAL_w6_h64_l1_d0.0_e50_lr0.001_b16,010120,Amazonas,Soloco,2,0.5130760539929833,0.5048688054084778,-0.0082072485845055,0.0082072485845055,6.735892932786754e-05,2021
LSTM_FINAL_w6_h64_l1_d0.0_e50_lr0.001_b16,010120,Amazonas,Soloco,3,0.5114943212225724,0.5081215500831604,-0.003372771139412,0.003372771139412,1.137558515885075e-05,2022
LSTM_FINAL_w6_h64_l1_d0.0_e50_lr0.001_b16,010120,Amazonas,Soloco,4,0.4987691026937028,0.5064559578895569,0.0076868551958541,0.0076868551958541,5.908774280202922e-05,2023
LSTM_FINAL_w6_h64_l1_d0.0_e50_lr0.001_b16,010120,Amazonas,Soloco,5,0.5010762918475352,0.4909444451332092,-0.0101318467143259,0.0101318467143259,0.0001026543178425,2024
LSTM_FINAL_w6_h64_l1_d0.0_e50_lr0.001_b16,010202,Amazonas,Aramango,1,0.7765053590401141,0.7742586731910706,-0.0022466858490435,0.0022466858490435,5.047597304292439e-06,2020
LSTM_FINAL_w6_h64_l1_d0.0_e50_lr0.001_b16,010202,Amazonas,Aramango,2,0.7667943699796851,0.7713209390640259,0.0045265690843407,0.0045265690843407,2.048982767530984e-05,2021
LSTM_FINAL_w6_h64_l1_d0.0_e50_lr0.001_b16,010202,Amazonas,Aramango,3,0.7618062116644921,0.7581261396408081,-0.003680072023684,0.003680072023684,1.3542930099501896e-05,2022
LSTM_FINAL_w6_h64_l1_d0.0_e50_lr0.001_b16,010202,Amazonas,Aramango,4,0.7634823897477427,0.7530011534690857,-0.010481236278657,0.010481236278657,0.000109856313929,2023
LSTM_FINAL_w6_h64_l1_d0.0_e50_lr0.001_b16,010202,Amazonas,Aramango,5,0.7633451115702432,0.7569005489349365,-0.0064445626353066,0.0064445626353066,4.153238756039102e-05,2024
LSTM_FINAL_w6_h64_l1_d0.0_e50_lr0.001_b16,010203,Amazonas,Copallin,1,0.5152659741894869,0.5246638655662537,0.0093978913767667,0.0093978913767667,8.832036232950629e-05,2020
LSTM_FINAL_w6_h64_l1_d0.0_e50_lr0.001_b16,010203,Amazonas,Copallin,2,0.5184765502045955,0.5082985162734985,-0.0101780339310969,0.0101780339310969,0.0001035923747025,2021
LSTM_FINAL_w6_h64_l1_d0.0_e50_lr0.001_b16,010203,Amazonas,Copallin,3,0.521354377445029,0.5133402943611145,-0.0080140830839144,0.0080140830839144,6.422552767588441e-05,2022
LSTM_FINAL_w6_h64_l1_d0.0_e50_lr0.001_b16,010203,Amazonas,Copallin,4,0.5140968568730608,0.5173159837722778,0.0032191268992169,0.0032191268992169,1.0362777993262429e-05,2023
LSTM_FINAL_w6_h64_l1_d0.0_e50_lr0.001_b16,010203,Amazonas,Copallin,5,0.5169836773236207,0.5080762505531311,-0.0089074267704896,0.0089074267704896,7.934225167163502e-05,2024
LSTM_FINAL_w6_h64_l1_d0.0_e50_lr0.001_b16,010204,Amazonas,El Parco,1,0.2788386212299256,0.2883228063583374,0.0094841851284118,0.0094841851284118,8.994976754998783e-05,2020
LSTM_FINAL_w6_h64_l1_d0.0_e50_lr0.001_b16,010204,Amazonas,El Parco,2,0.2594496670583627,0.2699571251869201,0.0105074581285574,0.0105074581285574,0.0001104066763233,2021
LSTM_FINAL_w6_h64_l1_d0.0_e50_lr0.001_b16,010204,Amazonas,El Parco,3,0.2719839404622013,0.2511705458164215,-0.0208133946457798,0.0208133946457798,0.0004331973966809,2022
LSTM_FINAL_w6_h64_l1_d0.0_e50_lr0.001_b16,010204,Amazonas,El Parco,4,0.2830983157070114,0.2688774466514587,-0.0142208690555526,0.0142208690555526,0.0002022331166951,2023
LSTM_FINAL_w6_h64_l1_d0.0_e50_lr0.001_b16,010204,Amazonas,El Parco,5,0.2777124951037995,0.2822341322898865,0.004521637186087,0.004521637186087,2.0445202842604785e-05,2024
LSTM_FINAL_w6_h64_l1_d0.0_e50_lr0.001_b16,010206,Amazonas,La Peca,1,0.3393517861977387,0.3387286067008972,-0.0006231794968414,0.0006231794968414,3.883526852836078e-07,2020
LSTM_FINAL_w6_h64_l1_d0.0_e50_lr0.001_b16,010206,Amazonas,La Peca,2,0.34056364175487,0.3351931571960449,-0.005370484558825,0.005370484558825,2.88421043965783e-05,2021
LSTM_FINAL_w6_h64_l1_d0.0_e50_lr0.001_b16,010206,Amazonas,La Peca,3,0.3355615145616048,0.3367023468017578,0.0011408322401529,0.0011408322401529,1.3014982001724874e-06,2022
LSTM_FINAL_w6_h64_l1_d0.0_e50_lr0.001_b16,010206,Amazonas,La Peca,4,0.3283419495403973,0.3308084011077881,0.0024664515673907,0.0024664515673907,6.083383334284444e-06,2023
LSTM_FINAL_w6_h64_l1_d0.0_e50_lr0.001_b16,010206,Amazonas,La Peca,5,0.3235074193922673,0.3227874040603637,-0.0007200153319035,0.0007200153319035,5.184220781761403e-07,2024
LSTM_FINAL_w6_h64_l1_d0.0_e50_lr0.001_b16,010301,Amazonas,Jumbilla,1,0.4139305658346229,0.4077061414718628,-0.0062244243627601,0.0062244243627601,3.874345864772155e-05,2020
LSTM_FINAL_w6_h64_l1_d0.0_e50_lr0.001_b16,010301,Amazonas,Jumbilla,2,0.4207988517347328,0.4097379446029663,-0.0110609071317664,0.0110609071317664,0.0001223436665775,2021
LSTM_FINAL_w6_h64_l1_d0.0_e50_lr0.001_b16,010301,Amazonas,Jumbilla,3,0.4122092892865953,0.4180657267570495,0.0058564374704542,0.0058564374704542,3.429785984534091e-05,2022
LSTM_FINAL_w6_h64_l1_d0.0_e50_lr0.001_b16,010301,Amazonas,Jumbilla,4,0.4029637354504474,0.4068204164505005,0.003856681000053,0.003856681000053,1.4873988336170555e-05,2023
LSTM_FINAL_w6_h64_l1_d0.0_e50_lr0.001_b16,010301,Amazonas,Jumbilla,5,0.4043822467424701,0.3960845470428467,-0.0082976996996234,0.0082976996996234,6.885182030513038e-05,2024
LSTM_FINAL_w6_h64_l1_d0.0_e50_lr0.001_b16,010302,Amazonas,Chisquilla,1,0.7520271347446772,0.7445120215415955,-0.0075151132030817,0.0075151132030817,5.647692645513343e-05,2020
LSTM_FINAL_w6_h64_l1_d0.0_e50_lr0.001_b16,010302,Amazonas,Chisquilla,2,0.7532035600609103,0.7475838661193848,-0.0056196939415255,0.0056196939415255,3.158095999641847e-05,2021
LSTM_FINAL_w6_h64_l1_d0.0_e50_lr0.001_b16,010302,Amazonas,Chisquilla,3,0.7361508902900933,0.7485167384147644,0.0123658481246711,0.0123658481246711,0.0001529141998424,2022
LSTM_FINAL_w6_h64_l1_d0.0_e50_lr0.001_b16,010302,Amazonas,Chisquilla,4,0.7332483082014436,0.7257744073867798,-0.0074739008146638,0.0074739008146638,5.5859193387432426e-05,2023
LSTM_FINAL_w6_h64_l1_d0.0_e50_lr0.001_b16,010302,Amazonas,Chisquilla,5,0.7342543167662596,0.7243992686271667,-0.0098550481390928,0.0098550481390928,9.712197382383806e-05,2024
LSTM_FINAL_w6_h64_l1_d0.0_e50_lr0.001_b16,010303,Amazonas,Churuja,1,0.7446820405310971,0.7468242049217224,0.0021421643906253,0.0021421643906253,4.5888682764631135e-06,2020
LSTM_FINAL_w6_h64_l1_d0.0_e50_lr0.001_b16,010303,Amazonas,Churuja,2,0.7587421383647799,0.734957754611969,-0.0237843837528108,0.0237843837528108,0.0005656969105009,2021
LSTM_FINAL_w6_h64_l1_d0.0_e50_lr0.001_b16,010303,Amazonas,Churuja,3,0.7744793850454228,0.7555245161056519,-0.0189548689397709,0.0189548689397709,0.0003592870565238,2022
LSTM_FINAL_w6_h64_l1_d0.0_e50_lr0.001_b16,010303,Amazonas,Churuja,4,0.7756813417190775,0.7750755548477173,-0.0006057868713602,0.0006057868713602,3.669777335124507e-07,2023
LSTM_FINAL_w6_h64_l1_d0.0_e50_lr0.001_b16,010303,Amazonas,Churuja,5,0.7752341020265548,0.7734420299530029,-0.0017920720735519,0.0017920720735519,3.211522316804679e-06,2024
LSTM_FINAL_w6_h64_l1_d0.0_e50_lr0.001_b16,010304,Amazonas,Corosha,1,0.7392527509077302,0.7296912670135498,-0.0095614838941804,0.0095614838941804,9.142197425867184e-05,2020
LSTM_FINAL_w6_h64_l1_d0.0_e50_lr0.001_b16,010304,Amazonas,Corosha,2,0.741289947060617,0.733920693397522,-0.007369253663095,0.007369253663095,5.430589955103971e-05,2021
LSTM_FINAL_w6_h64_l1_d0.0_e50_lr0.001_b16,010304,Amazonas,Corosha,3,0.7341805482413593,0.7366792559623718,0.0024987077210125,0.0024987077210125,6.2435402750478405e-06,2022
LSTM_FINAL_w6_h64_l1_d0.0_e50_lr0.001_b16,010304,Amazonas,Corosha,4,0.7282906954183874,0.7269876599311829,-0.0013030354872045,0.0013030354872045,1.6979014809144313e-06,2023
LSTM_FINAL_w6_h64_l1_d0.0_e50_lr0.001_b16,010304,Amazonas,Corosha,5,0.7301615898445079,0.7201330661773682,-0.0100285236671396,0.0100285236671396,0.0001005712869423,2024
LSTM_FINAL_w6_h64_l1_d0.0_e50_lr0.001_b16,010305,Amazonas,Cuispes,1,0.6648435266230712,0.6588968634605408,-0.0059466631625304,0.0059466631625304,3.536280276859668e-05,2020
LSTM_FINAL_w6_h64_l1_d0.0_e50_lr0.001_b16,010305,Amazonas,Cuispes,2,0.6788076110716559,0.6591464281082153,-0.0196611829634405,0.0196611829634405,0.0003865621155218,2021
LSTM_FINAL_w6_h64_l1_d0.0_e50_lr0.001_b16,010305,Amazonas,Cuispes,3,0.6911022772341152,0.6774929761886597,-0.0136093010454555,0.0136093010454555,0.0001852130749458,2022
LSTM_FINAL_w6_h64_l1_d0.0_e50_lr0.001_b16,010305,Amazonas,Cuispes,4,0.6739745990167957,0.6914314031600952,0.0174568041432995,0.0174568041432995,0.0003047400108975,2023
LSTM_FINAL_w6_h64_l1_d0.0_e50_lr0.001_b16,010305,Amazonas,Cuispes,5,0.6722867341197738,0.6663269996643066,-0.0059597344554671,0.0059597344554671,3.5518434779682425e-05,2024
LSTM_FINAL_w6_h64_l1_d0.0_e50_lr0.001_b16,010306,Amazonas,Florida,1,0.493022976302558,0.4898062944412231,-0.0032166818613348,0.0032166818613348,1.0347042197040544e-05,2020
LSTM_FINAL_w6_h64_l1_d0.0_e50_lr0.001_b16,010306,Amazonas,Florida,2,0.5026181366559164,0.4881597757339477,-0.0144583609219686,0.0144583609219686,0.0002090442005499,2021
LSTM_FINAL_w6_h64_l1_d0.0_e50_lr0.001_b16,010306,Amazonas,Florida,3,0.4950221349732577,0.5002771615982056,0.0052550266249478,0.0052550266249478,2.7615304828910973e-05,2022
LSTM_FINAL_w6_h64_l1_d0.0_e50_lr0.001_b16,010306,Amazonas,Florida,4,0.4803108912081088,0.4896871447563171,0.0093762535482083,0.0093762535482083,8.791413060028898e-05,2023
LSTM_FINAL_w6_h64_l1_d0.0_e50_lr0.001_b16,010306,Amazonas,Florida,5,0.4815568598385449,0.4717363119125366,-0.0098205479260082,0.0098205479260082,9.644316156702558e-05,2024
LSTM_FINAL_w6_h64_l1_d0.0_e50_lr0.001_b16,010307,Amazonas,Jazan,1,0.3945542287505724,0.3835148811340332,-0.0110393476165391,0.0110393476165391,0.0001218671957987,2020
LSTM_FINAL_w6_h64_l1_d0.0_e50_lr0.001_b16,010307,Amazonas,Jazan,2,0.3733253490201604,0.3883006572723388,0.0149753082521784,0.0149753082521784,0.0002242598572477,2021
LSTM_FINAL_w6_h64_l1_d0.0_e50_lr0.001_b16,010307,Amazonas,Jazan,3,0.3791257177075628,0.3643215298652649,-0.0148041878422979,0.0148041878422979,0.00021916397767,2022
LSTM_FINAL_w6_h64_l1_d0.0_e50_lr0.001_b16,010307,Amazonas,Jazan,4,0.3779163290946024,0.3740565180778503,-0.003859811016752,0.003859811016752,1.4898141085040378e-05,2023
LSTM_FINAL_w6_h64_l1_d0.0_e50_lr0.001_b16,010307,Amazonas,Jazan,5,0.3614662956309368,0.3735866248607635,0.0121203292298267,0.0121203292298267,0.0001469023806393,2024
LSTM_FINAL_w6_h64_l1_d0.0_e50_lr0.001_b16,010308,Amazonas,Recta,1,0.3407029118822559,0.3395415246486664,-0.0011613872335894,0.0011613872335894,1.3488203063446597e-06,2020
LSTM_FINAL_w6_h64_l1_d0.0_e50_lr0.001_b16,010308,Amazonas,Recta,2,0.3459684070291188,0.3361387252807617,-0.009829681748357,0.009829681748357,9.662264327398423e-05,2021
LSTM_FINAL_w6_h64_l1_d0.0_e50_lr0.001_b16,010308,Amazonas,Recta,3,0.3286493687749793,0.3427622318267822,0.0141128630518029,0.0141128630518029,0.0001991729035189,2022
LSTM_FINAL_w6_h64_l1_d0.0_e50_lr0.001_b16,010308,Amazonas,Recta,4,0.3153904713569752,0.3220176696777344,0.0066271983207591,0.0066271983207591,4.391975758267353e-05,2023
LSTM_FINAL_w6_h64_l1_d0.0_e50_lr0.001_b16,010308,Amazonas,Recta,5,0.3162469073145975,0.3078651428222656,-0.0083817644923318,0.0083817644923318,7.025397600491509e-05,2024
LSTM_FINAL_w6_h64_l1_d0.0_e50_lr0.001_b16,010310,Amazonas,Shipasbamba,1,0.7187766108430315,0.7174844741821289,-0.0012921366609025,0.0012921366609025,1.6696171504484023e-06,2020
LSTM_FINAL_w6_h64_l1_d0.0_e50_lr0.001_b16,010310,Amazonas,Shipasbamba,2,0.7318407607152995,0.7132808566093445,-0.0185599041059549,0.0185599041059549,0.0003444700404222,2021
LSTM_FINAL_w6_h64_l1_d0.0_e50_lr0.001_b16,010310,Amazonas,Shipasbamba,3,0.7406684643769514,0.7304290533065796,-0.0102394110703718,0.0102394110703718,0.000104845539068,2022
LSTM_FINAL_w6_h64_l1_d0.0_e50_lr0.001_b16,010310,Amazonas,Shipasbamba,4,0.7263908600624468,0.7397527694702148,0.013361909407768,0.013361909407768,0.0001785406230214,2023
LSTM_FINAL_w6_h64_l1_d0.0_e50_lr0.001_b16,010310,Amazonas,Shipasbamba,5,0.7229562872551802,0.7186342477798462,-0.004322039475334,0.004322039475334,1.8680025226345827e-05,2024
LSTM_FINAL_w6_h64_l1_d0.0_e50_lr0.001_b16,010311,Amazonas,Valera,1,0.3705160209280853,0.3661766648292541,-0.0043393560988311,0.0043393560988311,1.883001135246289e-05,2020
LSTM_FINAL_w6_h64_l1_d0.0_e50_lr0.001_b16,010311,Amazonas,Valera,2,0.3778682077762199,0.3674126267433166,-0.0104555810329032,0.0104555810329032,0.0001093191747356,2021
LSTM_FINAL_w6_h64_l1_d0.0_e50_lr0.001_b16,010311,Amazonas,Valera,3,0.3777428216439262,0.3755385279655456,-0.0022042936783805,0.0022042936783805,4.858910620548422e-06,2022
LSTM_FINAL_w6_h64_l1_d0.0_e50_lr0.001_b16,010311,Amazonas,Valera,4,0.3744029910291921,0.3743460774421692,-5.691358702292204e-05,5.691358702292204e-05,3.2391563878157205e-09,2023
LSTM_FINAL_w6_h64_l1_d0.0_e50_lr0.001_b16,010311,Amazonas,Valera,5,0.3702310524455995,0.3698010444641113,-0.0004300079814881,0.0004300079814881,1.8490686414353769e-07,2024
LSTM_FINAL_w6_h64_l1_d0.0_e50_lr0.001_b16,010502,Amazonas,Camporredondo,1,0.631415519175432,0.6312815546989441,-0.0001339644764879,0.0001339644764879,1.7946480960689603e-08,2020
LSTM_FINAL_w6_h64_l1_d0.0_e50_lr0.001_b16,010502,Amazonas,Camporredondo,2,0.6259368243078474,0.623617947101593,-0.0023188772062543,0.0023188772062543,5.377191497685951e-06,2021
LSTM_FINAL_w6_h64_l1_d0.0_e50_lr0.001_b16,010502,Amazonas,Camporredondo,3,0.6303018972216352,0.6182931661605835,-0.0120087310610517,0.0120087310610517,0.0001442096216966,2022
LSTM_FINAL_w6_h64_l1_d0.0_e50_lr0.001_b16,010502,Amazonas,Camporredondo,4,0.6253353058802491,0.6254722476005554,0.0001369417203063,0.0001369417203063,1.875303476045332e-08,2023
LSTM_FINAL_w6_h64_l1_d0.0_e50_lr0.001_b16,010502,Amazonas,Camporredondo,5,0.6174627302433711,0.6192849278450012,0.0018221976016301,0.0018221976016301,3.320404099386707e-06,2024
LSTM_FINAL_w6_h64_l1_d0.0_e50_lr0.001_b16,010503,Amazonas,Cocabamba,1,0.4168783031572257,0.4027145504951477,-0.0141637526620779,0.0141637526620779,0.0002006118894725,2020
LSTM_FINAL_w6_h64_l1_d0.0_e50_lr0.001_b16,010503,Amazonas,Cocabamba,2,0.4340696980826385,0.4157953858375549,-0.0182743122450835,0.0182743122450835,0.0003339504880308,2021
LSTM_FINAL_w6_h64_l1_d0.0_e50_lr0.001_b16,010503,Amazonas,Cocabamba,3,0.4410895176771821,0.4348793029785156,-0.0062102146986664,0.0062102146986664,3.856676660353282e-05,2022
LSTM_FINAL_w6_h64_l1_d0.0_e50_lr0.001_b16,010503,Amazonas,Cocabamba,4,0.4439156788126476,0.4404292702674866,-0.003486408545161,0.003486408545161,1.2155044543771806e-05,2023
LSTM_FINAL_w6_h64_l1_d0.0_e50_lr0.001_b16,010503,Amazonas,Cocabamba,5,0.4519461440482609,0.4414212107658386,-0.0105249332824222,0.0105249332824222,0.0001107742205994,2024
LSTM_FINAL_w6_h64_l1_d0.0_e50_lr0.001_b16,010507,Amazonas,Longuita,1,0.2993395140277525,0.2989882826805115,-0.000351231347241,0.000351231347241,1.2336345928474277e-07,2020
LSTM_FINAL_w6_h64_l1_d0.0_e50_lr0.001_b16,010507,Amazonas,Longuita,2,0.3056262497727686,0.2954479455947876,-0.0101783041779809,0.0101783041779809,0.0001035978759395,2021
LSTM_FINAL_w6_h64_l1_d0.0_e50_lr0.001_b16,010507,Amazonas,Longuita,3,0.3026570926498212,0.3029288649559021,0.0002717723060808,0.0002717723060808,7.386018635252296e-08,2022
LSTM_FINAL_w6_h64_l1_d0.0_e50_lr0.001_b16,010507,Amazonas,Longuita,4,0.2989607950069684,0.2990358173847198,7.50223777514214e-05,7.50223777514214e-05,5.628357163476968e-09,2023
LSTM_FINAL_w6_h64_l1_d0.0_e50_lr0.001_b16,010507,Amazonas,Longuita,5,0.3003544810034539,0.2946582436561584,-0.0056962373472954,0.0056962373472954,3.244711991672365e-05,2024
LSTM_FINAL_w6_h64_l1_d0.0_e50_lr0.001_b16,010508,Amazonas,Lonya Chico,1,0.2871853254195661,0.2811721563339233,-0.0060131690856427,0.0060131690856427,3.615820245252973e-05,2020
LSTM_FINAL_w6_h64_l1_d0.0_e50_lr0.001_b16,010508,Amazonas,Lonya Chico,2,0.2995676422431437,0.2843042612075805,-0.0152633810355631,0.0152633810355631,0.0002329708006367,2021
LSTM_FINAL_w6_h64_l1_d0.0_e50_lr0.001_b16,010508,Amazonas,Lonya Chico,3,0.3008212239050348,0.2983555197715759,-0.0024657041334588,0.0024657041334588,6.079696873756148e-06,2022
LSTM_FINAL_w6_h64_l1_d0.0_e50_lr0.001_b16,010508,Amazonas,Lonya Chico,4,0.3050424682767089,0.2985614836215973,-0.0064809846551115,0.0064809846551115,4.2003162099792015e-05,2023
LSTM_FINAL_w6_h64_l1_d0.0_e50_lr0.001_b16,010508,Amazonas,Lonya Chico,5,0.3074856733524355,0.3025406002998352,-0.0049450730526002,0.0049450730526002,2.445374749555345e-05,2024
LSTM_FINAL_w6_h64_l1_d0.0_e50_lr0.001_b16,010510,Amazonas,Luya Viejo,1,0.6433223045008141,0.6416666507720947,-0.0016556537287193,0.0016556537287193,2.74118926942226e-06,2020
LSTM_FINAL_w6_h64_l1_d0.0_e50_lr0.001_b16,010510,Amazonas,Luya Viejo,2,0.6606008087810514,0.6355217695236206,-0.0250790392574308,0.0250790392574308,0.0006289582100757,2021
LSTM_FINAL_w6_h64_l1_d0.0_e50_lr0.001_b16,010510,Amazonas,Luya Viejo,3,0.658552597027467,0.6592778563499451,0.000725259322478,0.000725259322478,5.2600108484128e-07,2022
LSTM_FINAL_w6_h64_l1_d0.0_e50_lr0.001_b16,010510,Amazonas,Luya Viejo,4,0.6525917756420356,0.6549292206764221,0.0023374450343864,0.0023374450343864,5.463649288778046e-06,2023
LSTM_FINAL_w6_h64_l1_d0.0_e50_lr0.001_b16,010510,Amazonas,Luya Viejo,5,0.6565175148364056,0.6464290022850037,-0.0100885125514019,0.0100885125514019,0.0001017780854997,2024
LSTM_FINAL_w6_h64_l1_d0.0_e50_lr0.001_b16,010511,Amazonas,Maria,1,0.4967015595391303,0.4928707480430603,-0.00383081149607,0.00383081149607,1.4675116718422133e-05,2020
LSTM_FINAL_w6_h64_l1_d0.0_e50_lr0.001_b16,010511,Amazonas,Maria,2,0.4956274130295998,0.4920262098312378,-0.0036012031983619,0.0036012031983619,1.2968664475892632e-05,2021
LSTM_FINAL_w6_h64_l1_d0.0_e50_lr0.001_b16,010511,Amazonas,Maria,3,0.4888987971585785,0.4907265901565552,0.0018277929979766,0.0018277929979766,3.3408272434526384e-06,2022
LSTM_FINAL_w6_h64_l1_d0.0_e50_lr0.001_b16,010511,Amazonas,Maria,4,0.4827984556610561,0.4825822114944458,-0.0002162441666103,0.0002162441666103,4.6761539592988894e-08,2023
LSTM_FINAL_w6_h64_l1_d0.0_e50_lr0.001_b16,010511,Amazonas,Maria,5,0.4833355289158214,0.4760007858276367,-0.0073347430881846,0.0073347430881846,5.379845616967262e-05,2024
LSTM_FINAL_w6_h64_l1_d0.0_e50_lr0.001_b16,010512,Amazonas,Ocalli,1,0.7514545332305894,0.7455931305885315,-0.0058614026420579,0.0058614026420579,3.435604093232359e-05,2020
LSTM_FINAL_w6_h64_l1_d0.0_e50_lr0.001_b16,010512,Amazonas,Ocalli,2,0.7490497049560149,0.7424380779266357,-0.0066116270293791,0.0066116270293791,4.371361197561655e-05,2021
LSTM_FINAL_w6_h64_l1_d0.0_e50_lr0.001_b16,010512,Amazonas,Ocalli,3,0.7596568077326865,0.7414336204528809,-0.0182231872798056,0.0182231872798056,0.0003320845546348,2022
LSTM_FINAL_w6_h64_l1_d0.0_e50_lr0.001_b16,010512,Amazonas,Ocalli,4,0.7632873226762377,0.7565330862998962,-0.0067542363763414,0.0067542363763414,4.561970902749377e-05,2023
LSTM_FINAL_w6_h64_l1_d0.0_e50_lr0.001_b16,010512,Amazonas,Ocalli,5,0.7578053485449496,0.7601538896560669,0.0023485411111172,0.0023485411111172,5.515645350607912e-06,2024
LSTM_FINAL_w6_h64_l1_d0.0_e50_lr0.001_b16,010513,Amazonas,Ocumal,1,0.5724445595424529,0.560263454914093,-0.0121811046283598,0.0121811046283598,0.000148379309967,2020
LSTM_FINAL_w6_h64_l1_d0.0_e50_lr0.001_b16,010513,Amazonas,Ocumal,2,0.5794587516155119,0.5688009858131409,-0.0106577658023709,0.0106577658023709,0.0001135879718981,2021
LSTM_FINAL_w6_h64_l1_d0.0_e50_lr0.001_b16,010513,Amazonas,Ocumal,3,0.5660875662390396,0.5772451758384705,0.0111576095994309,0.0111576095994309,0.0001244922519733,2022
LSTM_FINAL_w6_h64_l1_d0.0_e50_lr0.001_b16,010513,Amazonas,Ocumal,4,0.5702701844309855,0.5589722990989685,-0.011297885332017,0.011297885332017,0.0001276422129754,2023
LSTM_FINAL_w6_h64_l1_d0.0_e50_lr0.001_b16,010513,Amazonas,Ocumal,5,0.5722246789132034,0.5652591586112976,-0.0069655203019057,0.0069655203019057,4.85184730762616e-05,2024
LSTM_FINAL_w6_h64_l1_d0.0_e50_lr0.001_b16,010514,Amazonas,Pisuquia,1,0.4730864680497316,0.4692974686622619,-0.0037889993874696,0.0037889993874696,1.4356516358245208e-05,2020
LSTM_FINAL_w6_h64_l1_d0.0_e50_lr0.001_b16,010514,Amazonas,Pisuquia,2,0.488435066443355,0.4722048044204712,-0.0162302620228838,0.0162302620228838,0.0002634214053314,2021
LSTM_FINAL_w6_h64_l1_d0.0_e50_lr0.001_b16,010514,Amazonas,Pisuquia,3,0.4857486032836587,0.4888708591461181,0.0031222558624594,0.0031222558624594,9.748481670662435e-06,2022
LSTM_FINAL_w6_h64_l1_d0.0_e50_lr0.001_b16,010514,Amazonas,Pisuquia,4,0.4838384332326801,0.4825678467750549,-0.0012705864576251,0.0012705864576251,1.6143899463004982e-06,2023
LSTM_FINAL_w6_h64_l1_d0.0_e50_lr0.001_b16,010514,Amazonas,Pisuquia,5,0.4960115649335566,0.4790630936622619,-0.0169484712712946,0.0169484712712946,0.0002872506784338,2024
LSTM_FINAL_w6_h64_l1_d0.0_e50_lr0.001_b16,010515,Amazonas,Providencia,1,0.7218612818261633,0.7122319936752319,-0.0096292881509313,0.0096292881509313,9.272319029366663e-05,2020
LSTM_FINAL_w6_h64_l1_d0.0_e50_lr0.001_b16,010515,Amazonas,Providencia,2,0.7229606443485895,0.7162371277809143,-0.0067235165676752,0.0067235165676752,4.520567503580324e-05,2021
LSTM_FINAL_w6_h64_l1_d0.0_e50_lr0.001_b16,010515,Amazonas,Providencia,3,0.7061190212619766,0.7178382277488708,0.0117192064868942,0.0117192064868942,0.0001373398006824,2022
LSTM_FINAL_w6_h64_l1_d0.0_e50_lr0.001_b16,010515,Amazonas,Providencia,4,0.7133030499675536,0.6959680914878845,-0.017334958479669,0.017334958479669,0.0003005007854918,2023
LSTM_FINAL_w6_h64_l1_d0.0_e50_lr0.001_b16,010515,Amazonas,Providencia,5,0.7031721189449174,0.707722008228302,0.0045498892833846,0.0045498892833846,2.070149249105824e-05,2024
LSTM_FINAL_w6_h64_l1_d0.0_e50_lr0.001_b16,010516,Amazonas,San Cristobal,1,0.1291097432817895,0.1256657987833023,-0.0034439444984872,0.0034439444984872,1.1860753708660254e-05,2020
LSTM_FINAL_w6_h64_l1_d0.0_e50_lr0.001_b16,010516,Amazonas,San Cristobal,2,0.1338637842165841,0.1291328817605972,-0.0047309024559868,0.0047309024559868,2.2381438048062584e-05,2021
LSTM_FINAL_w6_h64_l1_d0.0_e50_lr0.001_b16,010516,Amazonas,San Cristobal,3,0.1301105940049041,0.1337389945983886,0.0036284005934845,0.0036284005934845,1.3165290866799186e-05,2022
LSTM_FINAL_w6_h64_l1_d0.0_e50_lr0.001_b16,010516,Amazonas,San Cristobal,4,0.1322374017915228,0.1291924268007278,-0.0030449749907949,0.0030449749907949,9.271872694566715e-06,2023
LSTM_FINAL_w6_h64_l1_d0.0_e50_lr0.001_b16,010516,Amazonas,San Cristobal,5,0.1252564679977981,0.1314295679330825,0.0061730999352844,0.0061730999352844,3.81071628110092e-05,2024
LSTM_FINAL_w6_h64_l1_d0.0_e50_lr0.001_b16,010517,Amazonas,San Francisco Del Yeso,1,0.332585532746823,0.3312373757362366,-0.0013481570105864,0.0013481570105864,1.8175273251933589e-06,2020
LSTM_FINAL_w6_h64_l1_d0.0_e50_lr0.001_b16,010517,Amazonas,San Francisco Del Yeso,2,0.329652981427175,0.328063428401947,-0.0015895530252279,0.0015895530252279,2.5266788200113347e-06,2021
LSTM_FINAL_w6_h64_l1_d0.0_e50_lr0.001_b16,010517,Amazonas,San Francisco Del Yeso,3,0.3293792766373412,0.3250154554843902,-0.0043638211529509,0.0043638211529509,1.9042935054941894e-05,2022
LSTM_FINAL_w6_h64_l1_d0.0_e50_lr0.001_b16,010517,Amazonas,San Francisco Del Yeso,4,0.3270576735092864,0.3252023458480835,-0.0018553276612028,0.0018553276612028,3.4422407304245782e-06,2023
LSTM_FINAL_w6_h64_l1_d0.0_e50_lr0.001_b16,010517,Amazonas,San Francisco Del Yeso,5,0.3292228739002932,0.3227573037147522,-0.006465570185541,0.006465570185541,4.180359782415672e-05,2024
LSTM_FINAL_w6_h64_l1_d0.0_e50_lr0.001_b16,010518,Amazonas,San Jeronimo,1,0.4425930680359435,0.4365169405937195,-0.006076127442224,0.006076127442224,3.6919324694147833e-05,2020
LSTM_FINAL_w6_h64_l1_d0.0_e50_lr0.001_b16,010518,Amazonas,San Jeronimo,2,0.4367522464698331,0.4372774958610534,0.0005252493912203,0.0005252493912203,2.758869229773371e-07,2021
LSTM_FINAL_w6_h64_l1_d0.0_e50_lr0.001_b16,010518,Amazonas,San Jeronimo,3,0.4297261446298673,0.4307555556297302,0.0010294109998629,0.0010294109998629,1.059687006638783e-06,2022
LSTM_FINAL_w6_h64_l1_d0.0_e50_lr0.001_b16,010518,Amazonas,San Jeronimo,4,0.4264142062473256,0.4231418371200561,-0.0032723691272694,0.0032723691272694,1.0708399705106353e-05,2023
LSTM_FINAL_w6_h64_l1_d0.0_e50_lr0.001_b16,010518,Amazonas,San Jeronimo,5,0.4184467265725289,0.4204331040382385,0.0019863774657096,0.0019863774657096,3.945695436278977e-06,2024
LSTM_FINAL_w6_h64_l1_d0.0_e50_lr0.001_b16,010519,Amazonas,San Juan De Lopecancha,1,0.1621329434537292,0.1642958223819732,0.002162878928244,0.002162878928244,4.678045258242225e-06,2020
LSTM_FINAL_w6_h64_l1_d0.0_e50_lr0.001_b16,010519,Amazonas,San Juan De Lopecancha,2,0.1604649726123306,0.1597293615341186,-0.0007356110782119,0.0007356110782119,5.411236583881242e-07,2021
LSTM_FINAL_w6_h64_l1_d0.0_e50_lr0.001_b16,010519,Amazonas,San Juan De Lopecancha,3,0.1627095259668053,0.1584492772817611,-0.0042602486850441,0.0042602486850441,1.814971885842021e-05,2022
LSTM_FINAL_w6_h64_l1_d0.0_e50_lr0.001_b16,010519,Amazonas,San Juan De Lopecancha,4,0.1619270211276306,0.161329299211502,-0.0005977219161285,0.0005977219161285,3.5727148902036105e-07,2023
LSTM_FINAL_w6_h64_l1_d0.0_e50_lr0.001_b16,010519,Amazonas,San Juan De Lopecancha,5,0.1634302541081504,0.1604867726564407,-0.0029434814517096,0.0029434814517096,8.664083056558852e-06,2024
LSTM_FINAL_w6_h64_l1_d0.0_e50_lr0.001_b16,010520,Amazonas,Santa Catalina,1,0.6896047089318501,0.6831138134002686,-0.0064908955315815,0.0064908955315815,4.213172480190537e-05,2020
LSTM_FINAL_w6_h64_l1_d0.0_e50_lr0.001_b16,010520,Amazonas,Santa Catalina,2,0.6847715736040609,0.6840039491653442,-0.0007676244387166,0.0007676244387166,5.892472789151232e-07,2021
LSTM_FINAL_w6_h64_l1_d0.0_e50_lr0.001_b16,010520,Amazonas,Santa Catalina,3,0.6841073550059402,0.6780825853347778,-0.0060247696711623,0.0060247696711623,3.629784959055816e-05,2022
LSTM_FINAL_w6_h64_l1_d0.0_e50_lr0.001_b16,010520,Amazonas,Santa Catalina,4,0.6827087158440436,0.6780354380607605,-0.004673277783283,0.004673277783283,2.1839525239727226e-05,2023
LSTM_FINAL_w6_h64_l1_d0.0_e50_lr0.001_b16,010520,Amazonas,Santa Catalina,5,0.6790474133275731,0.6767691373825073,-0.0022782759450657,0.0022782759450657,5.190541281865463e-06,2024
LSTM_FINAL_w6_h64_l1_d0.0_e50_lr0.001_b16,010521,Amazonas,Santo Tomas,1,0.3135270184863327,0.3082138895988464,-0.0053131288874862,0.0053131288874862,2.822933857504089e-05,2020
LSTM_FINAL_w6_h64_l1_d0.0_e50_lr0.001_b16,010521,Amazonas,Santo Tomas,2,0.3137343972191499,0.3097294569015503,-0.0040049403175996,0.0040049403175996,1.603954694753499e-05,2021
LSTM_FINAL_w6_h64_l1_d0.0_e50_lr0.001_b16,010521,Amazonas,Santo Tomas,3,0.3136850213303839,0.3101275563240051,-0.0035574650063787,0.0035574650063787,1.265555727160949e-05,2022
LSTM_FINAL_w6_h64_l1_d0.0_e50_lr0.001_b16,010521,Amazonas,Santo Tomas,4,0.3169240796334334,0.3100481033325195,-0.0068759763009138,0.0068759763009138,4.727905009072898e-05,2023
LSTM_FINAL_w6_h64_l1_d0.0_e50_lr0.001_b16,010521,Amazonas,Santo Tomas,5,0.3171413335440038,0.3138092160224914,-0.0033321175215123,0.0033321175215123,1.1103007177169653e-05,2024
LSTM_FINAL_w6_h64_l1_d0.0_e50_lr0.001_b16,010522,Amazonas,Tingo,1,0.2183382257012394,0.2195970714092254,0.001258845707986,0.001258845707986,1.5846925165149425e-06,2020
LSTM_FINAL_w6_h64_l1_d0.0_e50_lr0.001_b16,010522,Amazonas,Tingo,2,0.2151418786692759,0.2159689664840698,0.0008270878147939,0.0008270878147939,6.840742533805998e-07,2021
LSTM_FINAL_w6_h64_l1_d0.0_e50_lr0.001_b16,010522,Amazonas,Tingo,3,0.2192025440313111,0.2121146023273468,-0.0070879417039642,0.0070879417039642,5.023891759879621e-05,2022
LSTM_FINAL_w6_h64_l1_d0.0_e50_lr0.001_b16,010522,Amazonas,Tingo,4,0.2174983692106979,0.2169603854417801,-0.0005379837689178,0.0005379837689178,2.894265356190118e-07,2023
LSTM_FINAL_w6_h64_l1_d0.0_e50_lr0.001_b16,010522,Amazonas,Tingo,5,0.2212247227658186,0.2149846106767654,-0.0062401120890531,0.0062401120890531,3.8938998883947215e-05,2024
LSTM_FINAL_w6_h64_l1_d0.0_e50_lr0.001_b16,010523,Amazonas,Trita,1,0.149990458622225,0.1489214599132537,-0.0010689987089712,0.0010689987089712,1.1427582397820985e-06,2020
LSTM_FINAL_w6_h64_l1_d0.0_e50_lr0.001_b16,010523,Amazonas,Trita,2,0.1690732141721264,0.1488189697265625,-0.0202542444455638,0.0202542444455638,0.0004102344180606,2021
LSTM_FINAL_w6_h64_l1_d0.0_e50_lr0.001_b16,010523,Amazonas,Trita,3,0.1726353285414414,0.1696980446577072,-0.0029372838837341,0.0029372838837341,8.627636613644559e-06,2022
LSTM_FINAL_w6_h64_l1_d0.0_e50_lr0.001_b16,010523,Amazonas,Trita,4,0.1740983398002671,0.1725784242153167,-0.0015199155849503,0.0015199155849503,2.3101433853748763e-06,2023
LSTM_FINAL_w6_h64_l1_d0.0_e50_lr0.001_b16,010523,Amazonas,Trita,5,0.1788054195025761,0.1729646027088165,-0.0058408167937595,0.0058408167937595,3.411514081826399e-05,2024
LSTM_FINAL_w6_h64_l1_d0.0_e50_lr0.001_b16,010601,Amazonas,San Nicolas,1,0.6677599526726058,0.6659320592880249,-0.0018278933845808,0.0018278933845808,3.3411942253945886e-06,2020
LSTM_FINAL_w6_h64_l1_d0.0_e50_lr0.001_b16,010601,Amazonas,San Nicolas,2,0.6688735384187082,0.6641305685043335,-0.0047429699143747,0.0047429699143747,2.249576360866382e-05,2021
LSTM_FINAL_w6_h64_l1_d0.0_e50_lr0.001_b16,010601,Amazonas,San Nicolas,3,0.6652195851893096,0.6645562052726746,-0.000663379916635,0.000663379916635,4.400729137946723e-07,2022
LSTM_FINAL_w6_h64_l1_d0.0_e50_lr0.001_b16,010601,Amazonas,San Nicolas,4,0.6535443346325167,0.6592995524406433,0.0057552178081266,0.0057552178081266,3.312253201897755e-05,2023
LSTM_FINAL_w6_h64_l1_d0.0_e50_lr0.001_b16,010601,Amazonas,San Nicolas,5,0.6457840339643652,0.6446767449378967,-0.0011072890264685,0.0011072890264685,1.2260889881375703e-06,2024
LSTM_FINAL_w6_h64_l1_d0.0_e50_lr0.001_b16,010602,Amazonas,Chirimoto,1,0.7118476621853498,0.7148767113685608,0.003029049183211,0.003029049183211,9.175138954311271e-06,2020
LSTM_FINAL_w6_h64_l1_d0.0_e50_lr0.001_b16,010602,Amazonas,Chirimoto,2,0.7038575530507427,0.7066277265548706,0.0027701735041278,0.0027701735041278,7.67386124297221e-06,2021
LSTM_FINAL_w6_h64_l1_d0.0_e50_lr0.001_b16,010602,Amazonas,Chirimoto,3,0.6963585207609958,0.6959947347640991,-0.0003637859968966,0.0003637859968966,1.323402515381125e-07,2022
LSTM_FINAL_w6_h64_l1_d0.0_e50_lr0.001_b16,010602,Amazonas,Chirimoto,4,0.6909855623407611,0.6875194907188416,-0.0034660716219195,0.0034660716219195,1.2013652488276273e-05,2023
LSTM_FINAL_w6_h64_l1_d0.0_e50_lr0.001_b16,010602,Amazonas,Chirimoto,5,0.6800778790102202,0.6825668215751648,0.0024889425649445,0.0024889425649445,6.1948350915929306e-06,2024
LSTM_FINAL_w6_h64_l1_d0.0_e50_lr0.001_b16,010603,Amazonas,Cochamal,1,0.8182399276224567,0.8144652843475342,-0.0037746432749224,0.0037746432749224,1.4247931852917623e-05,2020
LSTM_FINAL_w6_h64_l1_d0.0_e50_lr0.001_b16,010603,Amazonas,Cochamal,2,0.812049484211665,0.8087915182113647,-0.0032579660003002,0.0032579660003002,1.0614342459112478e-05,2021
LSTM_FINAL_w6_h64_l1_d0.0_e50_lr0.001_b16,010603,Amazonas,Cochamal,3,0.8050969131371142,0.8025052547454834,-0.0025916583916307,0.0025916583916307,6.716693218910241e-06,2022
LSTM_FINAL_w6_h64_l1_d0.0_e50_lr0.001_b16,010603,Amazonas,Cochamal,4,0.7972789583927465,0.7953671216964722,-0.0019118366962743,0.0019118366962743,3.655119553221304e-06,2023
LSTM_FINAL_w6_h64_l1_d0.0_e50_lr0.001_b16,010603,Amazonas,Cochamal,5,0.7942648664063959,0.7871994376182556,-0.0070654287881403,0.0070654287881403,4.992028396028193e-05,2024
LSTM_FINAL_w6_h64_l1_d0.0_e50_lr0.001_b16,010604,Amazonas,Huambo,1,0.2367809512907103,0.2362841665744781,-0.0004967847162321,0.0004967847162321,2.467950542818648e-07,2020
LSTM_FINAL_w6_h64_l1_d0.0_e50_lr0.001_b16,010604,Amazonas,Huambo,2,0.2369641119569572,0.2347336411476135,-0.0022304708093436,0.0022304708093436,4.9750000313342845e-06,2021
LSTM_FINAL_w6_h64_l1_d0.0_e50_lr0.001_b16,010604,Amazonas,Huambo,3,0.23359853471467,0.2342869639396667,0.0006884292249967,0.0006884292249967,4.739347978296418e-07,2022
LSTM_FINAL_w6_h64_l1_d0.0_e50_lr0.001_b16,010604,Amazonas,Huambo,4,0.2136111270104745,0.2303372621536255,0.0167261351431509,0.0167261351431509,0.0002797635968269,2023
LSTM_FINAL_w6_h64_l1_d0.0_e50_lr0.001_b16,010604,Amazonas,Huambo,5,0.2097304103943678,0.2079844325780868,-0.0017459778162809,0.0017459778162809,3.048438534945165e-06,2024
LSTM_FINAL_w6_h64_l1_d0.0_e50_lr0.001_b16,010605,Amazonas,Limabamba,1,0.806505844360474,0.804214596748352,-0.0022912476121219,0.0022912476121219,5.249815620054586e-06,2020
LSTM_FINAL_w6_h64_l1_d0.0_e50_lr0.001_b16,010605,Amazonas,Limabamba,2,0.7968726961539685,0.7972495555877686,0.0003768594338,0.0003768594338,1.4202303284410074e-07,2021
LSTM_FINAL_w6_h64_l1_d0.0_e50_lr0.001_b16,010605,Amazonas,Limabamba,3,0.7915068128792763,0.786362886428833,-0.0051439264504432,0.0051439264504432,2.645997932756979e-05,2022
LSTM_FINAL_w6_h64_l1_d0.0_e50_lr0.001_b16,010605,Amazonas,Limabamba,4,0.7833278884266339,0.7818481922149658,-0.0014796962116681,0.0014796962116681,2.1895008788249334e-06,2023
LSTM_FINAL_w6_h64_l1_d0.0_e50_lr0.001_b16,010605,Amazonas,Limabamba,5,0.7546322664207303,0.7733207941055298,0.0186885276847994,0.0186885276847994,0.0003492610670255,2024
LSTM_FINAL_w6_h64_l1_d0.0_e50_lr0.001_b16,010606,Amazonas,Longar,1,0.7045658496502363,0.7022925615310669,-0.0022732881191693,0.0022732881191693,5.167838872756662e-06,2020
LSTM_FINAL_w6_h64_l1_d0.0_e50_lr0.001_b16,010606,Amazonas,Longar,2,0.6976246337481484,0.6986252665519714,0.001000632803823,0.001000632803823,1.0012660080866974e-06,2021
LSTM_FINAL_w6_h64_l1_d0.0_e50_lr0.001_b16,010606,Amazonas,Longar,3,0.6850504373398493,0.6899504661560059,0.0049000288161565,0.0049000288161565,2.4010282399164927e-05,2022
LSTM_FINAL_w6_h64_l1_d0.0_e50_lr0.001_b16,010606,Amazonas,Longar,4,0.6701949378858484,0.6749981641769409,0.0048032262910925,0.0048032262910925,2.307098280344253e-05,2023
LSTM_FINAL_w6_h64_l1_d0.0_e50_lr0.001_b16,010606,Amazonas,Longar,5,0.6654593419900314,0.6585055589675903,-0.006953783022441,0.006953783022441,4.835509832319002e-05,2024
LSTM_FINAL_w6_h64_l1_d0.0_e50_lr0.001_b16,010608,Amazonas,Milpuc,1,0.398258279378607,0.4027193188667297,0.0044610394881227,0.0044610394881227,1.990087331459012e-05,2020
LSTM_FINAL_w6_h64_l1_d0.0_e50_lr0.001_b16,010608,Amazonas,Milpuc,2,0.4143722979542023,0.3970429897308349,-0.0173293082233673,0.0173293082233673,0.0003003049235004,2021
LSTM_FINAL_w6_h64_l1_d0.0_e50_lr0.001_b16,010608,Amazonas,Milpuc,3,0.4137310468940695,0.4141628742218017,0.0004318273277322,0.0004318273277322,1.864748409764033e-07,2022
LSTM_FINAL_w6_h64_l1_d0.0_e50_lr0.001_b16,010608,Amazonas,Milpuc,4,0.4034503444138758,0.4109402894973755,0.0074899450834997,0.0074899450834997,5.609927735384141e-05,2023
LSTM_FINAL_w6_h64_l1_d0.0_e50_lr0.001_b16,010608,Amazonas,Milpuc,5,0.3932730695240262,0.3973610997200012,0.004088030195975,0.004088030195975,1.6711990883203678e-05,2024
LSTM_FINAL_w6_h64_l1_d0.0_e50_lr0.001_b16,010609,Amazonas,Omia,1,0.712428800934716,0.7183915376663208,0.0059627367316048,0.0059627367316048,3.555422933042977e-05,2020
LSTM_FINAL_w6_h64_l1_d0.0_e50_lr0.001_b16,010609,Amazonas,Omia,2,0.7089551944232826,0.7072534561157227,-0.0017017383075599,0.0017017383075599,2.8959132674169355e-06,2021
LSTM_FINAL_w6_h64_l1_d0.0_e50_lr0.001_b16,010609,Amazonas,Omia,3,0.7032829528813171,0.7022863626480103,-0.0009965902333068,0.0009965902333068,9.93192093122688e-07,2022
LSTM_FINAL_w6_h64_l1_d0.0_e50_lr0.001_b16,010609,Amazonas,Omia,4,0.6997106643667181,0.6954939961433411,-0.004216668223377,0.004216668223377,1.7780290906037966e-05,2023
LSTM_FINAL_w6_h64_l1_d0.0_e50_lr0.001_b16,010609,Amazonas,Omia,5,0.6896845728450811,0.6922702789306641,0.0025857060855829,0.0025857060855829,6.685875961020705e-06,2024
LSTM_FINAL_w6_h64_l1_d0.0_e50_lr0.001_b16,010610,Amazonas,Santa Rosa,1,0.2150391140019337,0.2181637585163116,0.0031246445143779,0.0031246445143779,9.763403341232146e-06,2020
LSTM_FINAL_w6_h64_l1_d0.0_e50_lr0.001_b16,010610,Amazonas,Santa Rosa,2,0.2480882482200931,0.2127500176429748,-0.0353382305771182,0.0353382305771182,0.0012487905403215,2021
LSTM_FINAL_w6_h64_l1_d0.0_e50_lr0.001_b16,010610,Amazonas,Santa Rosa,3,0.2527028214819372,0.2497621774673462,-0.0029406440145909,0.0029406440145909,8.647387220549799e-06,2022
LSTM_FINAL_w6_h64_l1_d0.0_e50_lr0.001_b16,010610,Amazonas,Santa Rosa,4,0.2652280917640854,0.2527809143066406,-0.0124471774574447,0.0124471774574447,0.0001549322266571,2023
LSTM_FINAL_w6_h64_l1_d0.0_e50_lr0.001_b16,010610,Amazonas,Santa Rosa,5,0.2609211567196976,0.2648866176605224,0.0039654609408248,0.0039654609408248,1.5724880473207415e-05,2024
LSTM_FINAL_w6_h64_l1_d0.0_e50_lr0.001_b16,010611,Amazonas,Totora,1,0.2228216147023864,0.231221929192543,0.0084003144901566,0.0084003144901566,7.056528353353544e-05,2020
LSTM_FINAL_w6_h64_l1_d0.0_e50_lr0.001_b16,010611,Amazonas,Totora,2,0.2289476090335558,0.2198838889598846,-0.0090637200736711,0.0090637200736711,8.215102157386935e-05,2021
LSTM_FINAL_w6_h64_l1_d0.0_e50_lr0.001_b16,010611,Amazonas,Totora,3,0.2257474627411538,0.2266432791948318,0.000895816453678,0.000895816453678,8.024871186803377e-07,2022
LSTM_FINAL_w6_h64_l1_d0.0_e50_lr0.001_b16,010611,Amazonas,Totora,4,0.2150498308494102,0.2229347825050354,0.0078849516556251,0.0078849516556251,6.21724626115465e-05,2023
LSTM_FINAL_w6_h64_l1_d0.0_e50_lr0.001_b16,010611,Amazonas,Totora,5,0.1858370668373411,0.21088308095932,0.0250460141219789,0.0250460141219789,0.0006273028233983,2024
LSTM_FINAL_w6_h64_l1_d0.0_e50_lr0.001_b16,010701,Amazonas,Bagua Grande,1,0.4547301931986164,0.4534947276115417,-0.0012354655870746,0.0012354655870746,1.526375216845729e-06,2020
LSTM_FINAL_w6_h64_l1_d0.0_e50_lr0.001_b16,010701,Amazonas,Bagua Grande,2,0.4323132358353416,0.4503222703933716,0.0180090345580299,0.0180090345580299,0.0003243253257123,2021
LSTM_FINAL_w6_h64_l1_d0.0_e50_lr0.001_b16,010701,Amazonas,Bagua Grande,3,0.4285583282285664,0.4228090643882751,-0.0057492638402912,0.0057492638402912,3.305403470528026e-05,2022
LSTM_FINAL_w6_h64_l1_d0.0_e50_lr0.001_b16,010701,Amazonas,Bagua Grande,4,0.4343734830894661,0.420926034450531,-0.0134474486389351,0.0134474486389351,0.0001808338748967,2023
LSTM_FINAL_w6_h64_l1_d0.0_e50_lr0.001_b16,010701,Amazonas,Bagua Grande,5,0.4100356661201204,0.430136501789093,0.0201008356689726,0.0201008356689726,0.000404043594591,2024
LSTM_FINAL_w6_h64_l1_d0.0_e50_lr0.001_b16,010703,Amazonas,Cumba,1,0.3463667830297154,0.3435304164886474,-0.0028363665410679,0.0028363665410679,8.044975155289752e-06,2020
LSTM_FINAL_w6_h64_l1_d0.0_e50_lr0.001_b16,010703,Amazonas,Cumba,2,0.3446464622578766,0.3412401080131531,-0.0034063542447235,0.0034063542447235,1.160324924054594e-05,2021
LSTM_FINAL_w6_h64_l1_d0.0_e50_lr0.001_b16,010703,Amazonas,Cumba,3,0.347939309920812,0.3400782942771911,-0.0078610156436208,0.0078610156436208,6.179556694925173e-05,2022
LSTM_FINAL_w6_h64_l1_d0.0_e50_lr0.001_b16,010703,Amazonas,Cumba,4,0.3448179031595376,0.3444076180458069,-0.0004102851137307,0.0004102851137307,1.6833387454901488e-07,2023
LSTM_FINAL_w6_h64_l1_d0.0_e50_lr0.001_b16,010703,Amazonas,Cumba,5,0.3392431179779432,0.3405636548995971,0.0013205369216539,0.0013205369216539,1.7438177614513132e-06,2024
LSTM_FINAL_w6_h64_l1_d0.0_e50_lr0.001_b16,010705,Amazonas,Jamalca,1,0.5213136140630512,0.5135241746902466,-0.0077894393728046,0.0077894393728046,6.067536574259898e-05,2020
LSTM_FINAL_w6_h64_l1_d0.0_e50_lr0.001_b16,010705,Amazonas,Jamalca,2,0.4938946235631236,0.5184566974639893,0.0245620739008656,0.0245620739008656,0.0006032954743115,2021
LSTM_FINAL_w6_h64_l1_d0.0_e50_lr0.001_b16,010705,Amazonas,Jamalca,3,0.4911788668441638,0.483234167098999,-0.0079446997451647,0.0079446997451647,6.311825404082104e-05,2022
LSTM_FINAL_w6_h64_l1_d0.0_e50_lr0.001_b16,010705,Amazonas,Jamalca,4,0.4935291385467402,0.4829322695732116,-0.0105968689735285,0.0105968689735285,0.0001122936320421,2023
LSTM_FINAL_w6_h64_l1_d0.0_e50_lr0.001_b16,010705,Amazonas,Jamalca,5,0.4755670728457323,0.4881990551948547,0.0126319823491224,0.0126319823491224,0.0001595669780685,2024
LSTM_FINAL_w6_h64_l1_d0.0_e50_lr0.001_b16,010706,Amazonas,Lonya Grande,1,0.5421840893442262,0.5685470700263977,0.0263629806821714,0.0263629806821714,0.0006950067504485,2020
LSTM_FINAL_w6_h64_l1_d0.0_e50_lr0.001_b16,010706,Amazonas,Lonya Grande,2,0.5344709714280134,0.5314441323280334,-0.0030268390999799,0.0030268390999799,9.161754937167233e-06,2021
LSTM_FINAL_w6_h64_l1_d0.0_e50_lr0.001_b16,010706,Amazonas,Lonya Grande,3,0.5465375205707561,0.5248265862464905,-0.0217109343242656,0.0217109343242656,0.0004713646692325,2022
LSTM_FINAL_w6_h64_l1_d0.0_e50_lr0.001_b16,010706,Amazonas,Lonya Grande,4,0.5301883475517748,0.5428276062011719,0.012639258649397,0.012639258649397,0.0001597508592063,2023
LSTM_FINAL_w6_h64_l1_d0.0_e50_lr0.001_b16,010706,Amazonas,Lonya Grande,5,0.5252855489522954,0.5223199129104614,-0.0029656360418339,0.0029656360418339,8.794997132624683e-06,2024
LSTM_FINAL_w6_h64_l1_d0.0_e50_lr0.001_b16,010707,Amazonas,Yamon,1,0.4905221369229151,0.4960509538650512,0.0055288169421361,0.0055288169421361,3.056781677965222e-05,2020
LSTM_FINAL_w6_h64_l1_d0.0_e50_lr0.001_b16,010707,Amazonas,Yamon,2,0.4838902618571879,0.4846940636634826,0.0008038018062947,0.0008038018062947,6.460973438026964e-07,2021
LSTM_FINAL_w6_h64_l1_d0.0_e50_lr0.001_b16,010707,Amazonas,Yamon,3,0.4922310442738458,0.4771266579627991,-0.0151043863110467,0.0151043863110467,0.0002281424858333,2022
LSTM_FINAL_w6_h64_l1_d0.0_e50_lr0.001_b16,010707,Amazonas,Yamon,4,0.485277105899674,0.4886258840560913,0.0033487781564173,0.0033487781564173,1.1214315140897786e-05,2023
LSTM_FINAL_w6_h64_l1_d0.0_e50_lr0.001_b16,010707,Amazonas,Yamon,5,0.480439583552424,0.4797179698944092,-0.0007216136580148,0.0007216136580148,5.207262714335284e-07,2024
LSTM_FINAL_w6_h64_l1_d0.0_e50_lr0.001_b16,050408,Ayacucho,Llochegua,1,0.5963197911534809,0.5953179597854614,-0.0010018313680194,0.0010018313680194,1.0036660899477364e-06,2020
LSTM_FINAL_w6_h64_l1_d0.0_e50_lr0.001_b16,050408,Ayacucho,Llochegua,2,0.596406133342814,0.5886424779891968,-0.0077636553536172,0.0077636553536172,6.027434444974943e-05,2021
LSTM_FINAL_w6_h64_l1_d0.0_e50_lr0.001_b16,050408,Ayacucho,Llochegua,3,0.5938260255674459,0.590427041053772,-0.0033989845136739,0.0033989845136739,1.1553095724195204e-05,2022
LSTM_FINAL_w6_h64_l1_d0.0_e50_lr0.001_b16,050408,Ayacucho,Llochegua,4,0.5919840588616714,0.5879575610160828,-0.0040264978455886,0.0040264978455886,1.6212684900529774e-05,2023
LSTM_FINAL_w6_h64_l1_d0.0_e50_lr0.001_b16,050408,Ayacucho,Llochegua,5,0.585625210564898,0.5862945914268494,0.0006693808619513,0.0006693808619513,4.4807073834672e-07,2024
LSTM_FINAL_w6_h64_l1_d0.0_e50_lr0.001_b16,050409,Ayacucho,Canayre,1,0.6973024216195859,0.69565749168396,-0.0016449299356259,0.0016449299356259,2.705794493118317e-06,2020
LSTM_FINAL_w6_h64_l1_d0.0_e50_lr0.001_b16,050409,Ayacucho,Canayre,2,0.6945688062671865,0.6862522959709167,-0.0083165102962697,0.0083165102962697,6.916434350796136e-05,2021
LSTM_FINAL_w6_h64_l1_d0.0_e50_lr0.001_b16,050409,Ayacucho,Canayre,3,0.6886827675095855,0.6861516237258911,-0.0025311437836943,0.0025311437836943,6.406688853734526e-06,2022
LSTM_FINAL_w6_h64_l1_d0.0_e50_lr0.001_b16,050409,Ayacucho,Canayre,4,0.6859037001204479,0.6806212663650513,-0.0052824337553966,0.0052824337553966,2.790410638015353e-05,2023
LSTM_FINAL_w6_h64_l1_d0.0_e50_lr0.001_b16,050409,Ayacucho,Canayre,5,0.6771801556407601,0.6788094639778137,0.0016293083370536,0.0016293083370536,2.654645657192559e-06,2024
LSTM_FINAL_w6_h64_l1_d0.0_e50_lr0.001_b16,050502,Ayacucho,Anco,1,0.5029979361906946,0.4954211711883545,-0.00757676500234,0.00757676500234,5.740736790068514e-05,2020
LSTM_FINAL_w6_h64_l1_d0.0_e50_lr0.001_b16,050502,Ayacucho,Anco,2,0.5041596291894572,0.4990088939666748,-0.0051507352227824,0.0051507352227824,2.653007333521148e-05,2021
LSTM_FINAL_w6_h64_l1_d0.0_e50_lr0.001_b16,050502,Ayacucho,Anco,3,0.4993650265222194,0.5001755356788635,0.0008105091566441,0.0008105091566441,6.569250930039324e-07,2022
LSTM_FINAL_w6_h64_l1_d0.0_e50_lr0.001_b16,050502,Ayacucho,Anco,4,0.4933877784774838,0.4938611388206482,0.0004733603431644,0.0004733603431644,2.2407001448073706e-07,2023
LSTM_FINAL_w6_h64_l1_d0.0_e50_lr0.001_b16,050502,Ayacucho,Anco,5,0.4961942332069594,0.4868821501731872,-0.0093120830337721,0.0093120830337721,8.671489042786662e-05,2024
LSTM_FINAL_w6_h64_l1_d0.0_e50_lr0.001_b16,050507,Ayacucho,Santa Rosa,1,0.4456698632163656,0.4336795806884765,-0.011990282527889,0.011990282527889,0.0001437668750986,2020
LSTM_FINAL_w6_h64_l1_d0.0_e50_lr0.001_b16,050507,Ayacucho,Santa Rosa,2,0.4464544301130224,0.4428114891052246,-0.0036429410077977,0.0036429410077977,1.3271019186294655e-05,2021
LSTM_FINAL_w6_h64_l1_d0.0_e50_lr0.001_b16,050507,Ayacucho,Santa Rosa,3,0.4441702196338987,0.4429848790168762,-0.0011853406170224,0.0011853406170224,1.4050323783632048e-06,2022
LSTM_FINAL_w6_h64_l1_d0.0_e50_lr0.001_b16,050507,Ayacucho,Santa Rosa,4,0.4411216168354606,0.4395632147789001,-0.0015584020565604,0.0015584020565604,2.4286169698918003e-06,2023
LSTM_FINAL_w6_h64_l1_d0.0_e50_lr0.001_b16,050507,Ayacucho,Santa Rosa,5,0.4371494667186722,0.4358397722244262,-0.0013096944942459,0.0013096944942459,1.7152996682581544e-06,2024
LSTM_FINAL_w6_h64_l1_d0.0_e50_lr0.001_b16,050512,Ayacucho,Union Progreso,1,0.1262791786502575,0.1067536324262619,-0.0195255462239956,0.0195255462239956,0.0003812469553453,2020
LSTM_FINAL_w6_h64_l1_d0.0_e50_lr0.001_b16,050512,Ayacucho,Union Progreso,2,0.1276168818139255,0.1280129998922348,0.0003961180783093,0.0003961180783093,1.5690953196345618e-07,2021
LSTM_FINAL_w6_h64_l1_d0.0_e50_lr0.001_b16,050512,Ayacucho,Union Progreso,3,0.1227565603192651,0.1282647848129272,0.0055082244936621,0.0055082244936621,3.0340537072579597e-05,2022
LSTM_FINAL_w6_h64_l1_d0.0_e50_lr0.001_b16,050512,Ayacucho,Union Progreso,4,0.1165808307136646,0.1218431890010833,0.0052623582874187,0.0052623582874187,2.7692414745165093e-05,2023
LSTM_FINAL_w6_h64_l1_d0.0_e50_lr0.001_b16,050512,Ayacucho,Union Progreso,5,0.1116090339553653,0.1151387095451355,0.0035296755897702,0.0035296755897702,1.2458609769019616e-05,2024
LSTM_FINAL_w6_h64_l1_d0.0_e50_lr0.001_b16,060801,Cajamarca,Jaen,1,0.3073087760676266,0.300347089767456,-0.0069616863001705,0.0069616863001705,4.846507614198193e-05,2020
LSTM_FINAL_w6_h64_l1_d0.0_e50_lr0.001_b16,060801,Cajamarca,Jaen,2,0.3015372159222735,0.3042152523994446,0.002678036477171,0.002678036477171,7.171879373058862e-06,2021
LSTM_FINAL_w6_h64_l1_d0.0_e50_lr0.001_b16,060801,Cajamarca,Jaen,3,0.3093953062671111,0.2972387075424194,-0.0121565987246916,0.0121565987246916,0.0001477828925531,2022
LSTM_FINAL_w6_h64_l1_d0.0_e50_lr0.001_b16,060801,Cajamarca,Jaen,4,0.3223801165192708,0.3067191243171692,-0.0156609922021015,0.0156609922021015,0.0002452666767542,2023
LSTM_FINAL_w6_h64_l1_d0.0_e50_lr0.001_b16,060801,Cajamarca,Jaen,5,0.3145316267735106,0.3214980363845825,0.0069664096110719,0.0069664096110719,4.853086286923525e-05,2024
LSTM_FINAL_w6_h64_l1_d0.0_e50_lr0.001_b16,060803,Cajamarca,Chontali,1,0.4911873795807437,0.4823907017707824,-0.0087966778099612,0.0087966778099612,7.738154049226447e-05,2020
LSTM_FINAL_w6_h64_l1_d0.0_e50_lr0.001_b16,060803,Cajamarca,Chontali,2,0.4813113163785587,0.487078309059143,0.0057669926805843,0.0057669926805843,3.325820457791396e-05,2021
LSTM_FINAL_w6_h64_l1_d0.0_e50_lr0.001_b16,060803,Cajamarca,Chontali,3,0.4844621866693357,0.4746954441070556,-0.00976674256228,0.00976674256228,9.538926027785267e-05,2022
LSTM_FINAL_w6_h64_l1_d0.0_e50_lr0.001_b16,060803,Cajamarca,Chontali,4,0.5387757223230595,0.4796720147132873,-0.0591037076097721,0.0591037076097721,0.0034932482532214,2023
LSTM_FINAL_w6_h64_l1_d0.0_e50_lr0.001_b16,060803,Cajamarca,Chontali,5,0.5326125661403668,0.5472895503044128,0.014676984164046,0.014676984164046,0.0002154138641516,2024
LSTM_FINAL_w6_h64_l1_d0.0_e50_lr0.001_b16,060804,Cajamarca,Colasay,1,0.2700840435431221,0.2673075795173645,-0.0027764640257575,0.0027764640257575,7.708752486326081e-06,2020
LSTM_FINAL_w6_h64_l1_d0.0_e50_lr0.001_b16,060804,Cajamarca,Colasay,2,0.2565262986869119,0.2672075629234314,0.0106812642365194,0.0106812642365194,0.0001140894056903,2021
LSTM_FINAL_w6_h64_l1_d0.0_e50_lr0.001_b16,060804,Cajamarca,Colasay,3,0.2795208484114441,0.2513687014579773,-0.0281521469534667,0.0281521469534667,0.0007925433780895,2022
LSTM_FINAL_w6_h64_l1_d0.0_e50_lr0.001_b16,060804,Cajamarca,Colasay,4,0.3028994283857436,0.2788066267967224,-0.0240928015890211,0.0240928015890211,0.0005804630884079,2023
LSTM_FINAL_w6_h64_l1_d0.0_e50_lr0.001_b16,060804,Cajamarca,Colasay,5,0.2988213225410986,0.3048490881919861,0.0060277656508874,0.0060277656508874,3.6333958742018887e-05,2024
LSTM_FINAL_w6_h64_l1_d0.0_e50_lr0.001_b16,060807,Cajamarca,Pomahuaca,1,0.3931744081910605,0.3828928470611572,-0.0102815611299032,0.0102815611299032,0.0001057104992679,2020
LSTM_FINAL_w6_h64_l1_d0.0_e50_lr0.001_b16,060807,Cajamarca,Pomahuaca,2,0.3856299527253538,0.3904557824134826,0.0048258296881288,0.0048258296881288,2.328863217882619e-05,2021
LSTM_FINAL_w6_h64_l1_d0.0_e50_lr0.001_b16,060807,Cajamarca,Pomahuaca,3,0.3926488910493482,0.3805779218673706,-0.0120709691819775,0.0120709691819775,0.0001457082969922,2022
LSTM_FINAL_w6_h64_l1_d0.0_e50_lr0.001_b16,060807,Cajamarca,Pomahuaca,4,0.4195444204312306,0.3893191814422607,-0.0302252389889698,0.0302252389889698,0.0009135650719403,2023
LSTM_FINAL_w6_h64_l1_d0.0_e50_lr0.001_b16,060807,Cajamarca,Pomahuaca,5,0.4155077918864532,0.421342670917511,0.0058348790310577,0.0058348790310577,3.404581330707781e-05,2024
LSTM_FINAL_w6_h64_l1_d0.0_e50_lr0.001_b16,060809,Cajamarca,Sallique,1,0.2715509381389909,0.2598716616630554,-0.0116792764759354,0.0116792764759354,0.0001364054990013,2020
LSTM_FINAL_w6_h64_l1_d0.0_e50_lr0.001_b16,060809,Cajamarca,Sallique,2,0.2692995018150078,0.2689173221588135,-0.0003821796561943,0.0003821796561943,1.460612896087961e-07,2021
LSTM_FINAL_w6_h64_l1_d0.0_e50_lr0.001_b16,060809,Cajamarca,Sallique,3,0.2919427269610715,0.2661693692207336,-0.0257733577403378,0.0257733577403378,0.0006642659692114,2022
LSTM_FINAL_w6_h64_l1_d0.0_e50_lr0.001_b16,060809,Cajamarca,Sallique,4,0.2921372354987807,0.2921690344810486,3.179898226790545e-05,3.179898226790545e-05,1.011175273274565e-09,2023
LSTM_FINAL_w6_h64_l1_d0.0_e50_lr0.001_b16,060809,Cajamarca,Sallique,5,0.2989790733126992,0.2905199527740478,-0.0084591205386513,0.0084591205386513,7.155672028743281e-05,2024
LSTM_FINAL_w6_h64_l1_d0.0_e50_lr0.001_b16,060810,Cajamarca,San Felipe,1,0.3377852652054604,0.3096092939376831,-0.0281759712677773,0.0281759712677773,0.0007938853568826,2020
LSTM_FINAL_w6_h64_l1_d0.0_e50_lr0.001_b16,060810,Cajamarca,San Felipe,2,0.2851401576991212,0.3378218114376068,0.0526816537384856,0.0526816537384856,0.0027753566406216,2021
LSTM_FINAL_w6_h64_l1_d0.0_e50_lr0.001_b16,060810,Cajamarca,San Felipe,3,0.3247004064052242,0.2742142081260681,-0.050486198279156,0.050486198279156,0.0025488562166822,2022
LSTM_FINAL_w6_h64_l1_d0.0_e50_lr0.001_b16,060810,Cajamarca,San Felipe,4,0.3577373302302963,0.3238056898117065,-0.0339316404185897,0.0339316404185897,0.0011513562214964,2023
LSTM_FINAL_w6_h64_l1_d0.0_e50_lr0.001_b16,060810,Cajamarca,San Felipe,5,0.3593837924207162,0.3621893525123596,0.0028055600916434,0.0028055600916434,7.871167427822122e-06,2024
LSTM_FINAL_w6_h64_l1_d0.0_e50_lr0.001_b16,060811,Cajamarca,San Jose Del Alto,1,0.4524487129691748,0.4351032376289367,-0.017345475340238,0.017345475340238,0.0003008655147788,2020
LSTM_FINAL_w6_h64_l1_d0.0_e50_lr0.001_b16,060811,Cajamarca,San Jose Del Alto,2,0.4435348328095759,0.4489195942878723,0.0053847614782964,0.0053847614782964,2.8995656178145022e-05,2021
LSTM_FINAL_w6_h64_l1_d0.0_e50_lr0.001_b16,060811,Cajamarca,San Jose Del Alto,3,0.44199004272448,0.4378068447113037,-0.0041831980131762,0.0041831980131762,1.749914561744208e-05,2022
LSTM_FINAL_w6_h64_l1_d0.0_e50_lr0.001_b16,060811,Cajamarca,San Jose Del Alto,4,0.4792927509621835,0.43657386302948,-0.0427188879327035,0.0427188879327035,0.0018249033862068,2023
LSTM_FINAL_w6_h64_l1_d0.0_e50_lr0.001_b16,060811,Cajamarca,San Jose Del Alto,5,0.4659669503195509,0.4828349947929382,0.0168680444733873,0.0168680444733873,0.0002845309243561,2024
LSTM_FINAL_w6_h64_l1_d0.0_e50_lr0.001_b16,060812,Cajamarca,Santa Rosa,1,0.3302906702159632,0.3279582858085632,-0.0023323844073999,0.0023323844073999,5.440017023882499e-06,2020
LSTM_FINAL_w6_h64_l1_d0.0_e50_lr0.001_b16,060812,Cajamarca,Santa Rosa,2,0.3372776322757002,0.3273795247077942,-0.0098981075679059,0.0098981075679059,9.797253342583782e-05,2021
LSTM_FINAL_w6_h64_l1_d0.0_e50_lr0.001_b16,060812,Cajamarca,Santa Rosa,3,0.341499577805447,0.334983229637146,-0.0065163481683009,0.0065163481683009,4.246279345051966e-05,2022
LSTM_FINAL_w6_h64_l1_d0.0_e50_lr0.001_b16,060812,Cajamarca,Santa Rosa,4,0.3406151159961644,0.3390412330627441,-0.0015738829334202,0.0015738829334202,2.4771074881115517e-06,2023
LSTM_FINAL_w6_h64_l1_d0.0_e50_lr0.001_b16,060812,Cajamarca,Santa Rosa,5,0.332466045539765,0.3370818495750427,0.0046158040352777,0.0046158040352777,2.1305646892086142e-05,2024
LSTM_FINAL_w6_h64_l1_d0.0_e50_lr0.001_b16,060901,Cajamarca,San Ignacio,1,0.2714857228584287,0.2619871795177459,-0.0094985433406827,0.0094985433406827,9.022232559482824e-05,2020
LSTM_FINAL_w6_h64_l1_d0.0_e50_lr0.001_b16,060901,Cajamarca,San Ignacio,2,0.253338000700105,0.2692800760269165,0.0159420753268115,0.0159420753268115,0.0002541497657257,2021
LSTM_FINAL_w6_h64_l1_d0.0_e50_lr0.001_b16,060901,Cajamarca,San Ignacio,3,0.2521803270490573,0.2478815913200378,-0.0042987357290194,0.0042987357290194,1.8479128867948417e-05,2022
LSTM_FINAL_w6_h64_l1_d0.0_e50_lr0.001_b16,060901,Cajamarca,San Ignacio,4,0.3219457918687803,0.2477047145366668,-0.0742410773321134,0.0742410773321134,0.0055117375634328,2023
LSTM_FINAL_w6_h64_l1_d0.0_e50_lr0.001_b16,060901,Cajamarca,San Ignacio,5,0.3073135970395559,0.3292349278926849,0.021921330853129,0.021921330853129,0.0004805447463723,2024
LSTM_FINAL_w6_h64_l1_d0.0_e50_lr0.001_b16,060902,Cajamarca,Chirinos,1,0.362724443020998,0.3652833700180053,0.0025589269970073,0.0025589269970073,6.54810737601322e-06,2020
LSTM_FINAL_w6_h64_l1_d0.0_e50_lr0.001_b16,060902,Cajamarca,Chirinos,2,0.3540194567327901,0.3593986630439758,0.0053792063111857,0.0053792063111857,2.893586053830021e-05,2021
LSTM_FINAL_w6_h64_l1_d0.0_e50_lr0.001_b16,060902,Cajamarca,Chirinos,3,0.3544223031807354,0.3483125567436218,-0.0061097464371135,0.0061097464371135,3.732900152582226e-05,2022
LSTM_FINAL_w6_h64_l1_d0.0_e50_lr0.001_b16,060902,Cajamarca,Chirinos,4,0.4178393418339772,0.3496168851852417,-0.0682224566487355,0.0682224566487355,0.0046543035911885,2023
LSTM_FINAL_w6_h64_l1_d0.0_e50_lr0.001_b16,060902,Cajamarca,Chirinos,5,0.4075880257021038,0.426002025604248,0.0184139999021442,0.0184139999021442,0.0003390753923961,2024
LSTM_FINAL_w6_h64_l1_d0.0_e50_lr0.001_b16,060903,Cajamarca,Huarango,1,0.6402933249346798,0.6394050121307373,-0.0008883128039425,0.0008883128039425,7.890996376482325e-07,2020
LSTM_FINAL_w6_h64_l1_d0.0_e50_lr0.001_b16,060903,Cajamarca,Huarango,2,0.6322724146423067,0.635197639465332,0.0029252248230253,0.0029252248230253,8.556940265243831e-06,2021
LSTM_FINAL_w6_h64_l1_d0.0_e50_lr0.001_b16,060903,Cajamarca,Huarango,3,0.6351579800453488,0.6249547004699707,-0.0102032795753781,0.0102032795753781,0.0001041069140933,2022
LSTM_FINAL_w6_h64_l1_d0.0_e50_lr0.001_b16,060903,Cajamarca,Huarango,4,0.641054698193014,0.6298118829727173,-0.0112428152202966,0.0112428152202966,0.0001264008940777,2023
LSTM_FINAL_w6_h64_l1_d0.0_e50_lr0.001_b16,060903,Cajamarca,Huarango,5,0.6348832577356406,0.6376837491989136,0.0028004914632729,0.0028004914632729,7.842752435864902e-06,2024
LSTM_FINAL_w6_h64_l1_d0.0_e50_lr0.001_b16,060904,Cajamarca,La Coipa,1,0.3557002970623831,0.3292649388313293,-0.0264353582310537,0.0264353582310537,0.0006988281648041,2020
LSTM_FINAL_w6_h64_l1_d0.0_e50_lr0.001_b16,060904,Cajamarca,La Coipa,2,0.3503069644625371,0.3547077178955078,0.0044007534329706,0.0044007534329706,1.9366630777803356e-05,2021
LSTM_FINAL_w6_h64_l1_d0.0_e50_lr0.001_b16,060904,Cajamarca,La Coipa,3,0.3372076135988557,0.3469734787940979,0.0097658651952421,0.0097658651952421,9.53721230116429e-05,2022
LSTM_FINAL_w6_h64_l1_d0.0_e50_lr0.001_b16,060904,Cajamarca,La Coipa,4,0.3998415667290131,0.3308623731136322,-0.0689791936153809,0.0689791936153809,0.0047581291518282,2023
LSTM_FINAL_w6_h64_l1_d0.0_e50_lr0.001_b16,060904,Cajamarca,La Coipa,5,0.3897502475519859,0.4064712524414062,0.0167210048894203,0.0167210048894203,0.000279592004512,2024
LSTM_FINAL_w6_h64_l1_d0.0_e50_lr0.001_b16,060907,Cajamarca,Tabaconas,1,0.6360185969339256,0.6225973963737488,-0.0134212005601768,0.0134212005601768,0.0001801286244764,2020
LSTM_FINAL_w6_h64_l1_d0.0_e50_lr0.001_b16,060907,Cajamarca,Tabaconas,2,0.6268111558559025,0.6304663419723511,0.0036551861164485,0.0036551861164485,1.3360385545878232e-05,2021
LSTM_FINAL_w6_h64_l1_d0.0_e50_lr0.001_b16,060907,Cajamarca,Tabaconas,3,0.62729048203391,0.6192532777786255,-0.0080372042552845,0.0080372042552845,6.459665224116385e-05,2022
LSTM_FINAL_w6_h64_l1_d0.0_e50_lr0.001_b16,060907,Cajamarca,Tabaconas,4,0.6606140214429331,0.621379017829895,-0.0392350036130381,0.0392350036130381,0.0015393855085151,2023
LSTM_FINAL_w6_h64_l1_d0.0_e50_lr0.001_b16,060907,Cajamarca,Tabaconas,5,0.6547733858748567,0.6646136045455933,0.0098402186707365,0.0098402186707365,9.682990348791296e-05,2024
LSTM_FINAL_w6_h64_l1_d0.0_e50_lr0.001_b16,080408,Cusco,Yanatile,1,0.5098486022567379,0.5054579377174377,-0.0043906645393001,0.0043906645393001,1.9277935096667787e-05,2020
LSTM_FINAL_w6_h64_l1_d0.0_e50_lr0.001_b16,080408,Cusco,Yanatile,2,0.5021753958309801,0.5056157112121582,0.003440315381178,0.003440315381178,1.1835769921970345e-05,2021
LSTM_FINAL_w6_h64_l1_d0.0_e50_lr0.001_b16,080408,Cusco,Yanatile,3,0.5000893098711049,0.4958341717720032,-0.0042551380991017,0.0042551380991017,1.8106200242426985e-05,2022
LSTM_FINAL_w6_h64_l1_d0.0_e50_lr0.001_b16,080408,Cusco,Yanatile,4,0.4861674770224089,0.4941276311874389,0.00796015416503,0.00796015416503,6.336405433104513e-05,2023
LSTM_FINAL_w6_h64_l1_d0.0_e50_lr0.001_b16,080408,Cusco,Yanatile,5,0.4810746254020038,0.4777408242225647,-0.0033338011794391,0.0033338011794391,1.1114230304029534e-05,2024
LSTM_FINAL_w6_h64_l1_d0.0_e50_lr0.001_b16,080901,Cusco,Santa Ana,1,0.5770451493060892,0.57350093126297,-0.0035442180431192,0.0035442180431192,1.2561481537171822e-05,2020
LSTM_FINAL_w6_h64_l1_d0.0_e50_lr0.001_b16,080901,Cusco,Santa Ana,2,0.5819229047367682,0.5749666690826416,-0.0069562356541266,0.0069562356541266,4.838921447574239e-05,2021
LSTM_FINAL_w6_h64_l1_d0.0_e50_lr0.001_b16,080901,Cusco,Santa Ana,3,0.5887918534802451,0.5793442130088806,-0.0094476404713644,0.0094476404713644,8.92579104761641e-05,2022
LSTM_FINAL_w6_h64_l1_d0.0_e50_lr0.001_b16,080901,Cusco,Santa Ana,4,0.584359555166523,0.5866387486457825,0.0022791934792594,0.0022791934792594,5.194722915898672e-06,2023
LSTM_FINAL_w6_h64_l1_d0.0_e50_lr0.001_b16,080901,Cusco,Santa Ana,5,0.5728912616904652,0.5794886946678162,0.0065974329773509,0.0065974329773509,4.352612189063764e-05,2024
LSTM_FINAL_w6_h64_l1_d0.0_e50_lr0.001_b16,080903,Cusco,Huayopata,1,0.5421369005340279,0.5402283072471619,-0.0019085932868659,0.0019085932868659,3.642728334669921e-06,2020
LSTM_FINAL_w6_h64_l1_d0.0_e50_lr0.001_b16,080903,Cusco,Huayopata,2,0.5416436482256071,0.5377576351165771,-0.0038860131090299,0.0038860131090299,1.5101097883552366e-05,2021
LSTM_FINAL_w6_h64_l1_d0.0_e50_lr0.001_b16,080903,Cusco,Huayopata,3,0.5570627153868414,0.5368450880050659,-0.0202176273817754,0.0202176273817754,0.0004087524569483,2022
LSTM_FINAL_w6_h64_l1_d0.0_e50_lr0.001_b16,080903,Cusco,Huayopata,4,0.5489865309236314,0.5561814308166504,0.007194899893019,0.007194899893019,5.176658447056517e-05,2023
LSTM_FINAL_w6_h64_l1_d0.0_e50_lr0.001_b16,080903,Cusco,Huayopata,5,0.5366979717465078,0.5440628528594971,0.0073648811129892,0.0073648811129892,5.424147380846613e-05,2024
LSTM_FINAL_w6_h64_l1_d0.0_e50_lr0.001_b16,080904,Cusco,Maranura,1,0.5512863294719613,0.5424208641052246,-0.0088654653667367,0.0088654653667367,7.859647616880812e-05,2020
LSTM_FINAL_w6_h64_l1_d0.0_e50_lr0.001_b16,080904,Cusco,Maranura,2,0.5441462342353794,0.5489020347595215,0.004755800524142,0.004755800524142,2.26176386254297e-05,2021
LSTM_FINAL_w6_h64_l1_d0.0_e50_lr0.001_b16,080904,Cusco,Maranura,3,0.5495436801152586,0.5385316014289856,-0.0110120786862729,0.0110120786862729,0.0001212658769926,2022
LSTM_FINAL_w6_h64_l1_d0.0_e50_lr0.001_b16,080904,Cusco,Maranura,4,0.5484578347714163,0.5456050634384155,-0.0028527713330007,0.0028527713330007,8.138304278390989e-06,2023
LSTM_FINAL_w6_h64_l1_d0.0_e50_lr0.001_b16,080904,Cusco,Maranura,5,0.5441886086878222,0.5438747406005859,-0.0003138680872362,0.0003138680872362,9.851317618531913e-08,2024
LSTM_FINAL_w6_h64_l1_d0.0_e50_lr0.001_b16,080905,Cusco,Ocobamba,1,0.4700130516495526,0.474170982837677,0.0041579311881244,0.0041579311881244,1.7288391765177656e-05,2020
LSTM_FINAL_w6_h64_l1_d0.0_e50_lr0.001_b16,080905,Cusco,Ocobamba,2,0.4590803995766049,0.464623749256134,0.0055433496795291,0.0055433496795291,3.0728725669535714e-05,2021
LSTM_FINAL_w6_h64_l1_d0.0_e50_lr0.001_b16,080905,Cusco,Ocobamba,3,0.4682590150907802,0.4515174031257629,-0.0167416119650172,0.0167416119650172,0.0002802815711872,2022
LSTM_FINAL_w6_h64_l1_d0.0_e50_lr0.001_b16,080905,Cusco,Ocobamba,4,0.4559736823748138,0.4644372463226318,0.008463563947818,0.008463563947818,7.163191469880551e-05,2023
LSTM_FINAL_w6_h64_l1_d0.0_e50_lr0.001_b16,080905,Cusco,Ocobamba,5,0.4471832801393524,0.4492784142494201,0.0020951341100677,0.0020951341100677,4.389586939169537e-06,2024
LSTM_FINAL_w6_h64_l1_d0.0_e50_lr0.001_b16,080906,Cusco,Quellouno,1,0.7427899703241935,0.7391324639320374,-0.0036575063921561,0.0036575063921561,1.3377353008662863e-05,2020
LSTM_FINAL_w6_h64_l1_d0.0_e50_lr0.001_b16,080906,Cusco,Quellouno,2,0.7328648443931574,0.7359743118286133,0.0031094674354559,0.0031094674354559,9.668787732160854e-06,2021
LSTM_FINAL_w6_h64_l1_d0.0_e50_lr0.001_b16,080906,Cusco,Quellouno,3,0.7276302383843843,0.7237306833267212,-0.0038995550576631,0.0038995550576631,1.520652964774626e-05,2022
LSTM_FINAL_w6_h64_l1_d0.0_e50_lr0.001_b16,080906,Cusco,Quellouno,4,0.7151104797025662,0.718907356262207,0.0037968765596407,0.0037968765596407,1.4416271609149626e-05,2023
LSTM_FINAL_w6_h64_l1_d0.0_e50_lr0.001_b16,080906,Cusco,Quellouno,5,0.7143641393927217,0.7045667171478271,-0.0097974222448945,0.0097974222448945,9.598948264475454e-05,2024
LSTM_FINAL_w6_h64_l1_d0.0_e50_lr0.001_b16,080918,Cusco,Union Ashaninka,1,0.7492453662214257,0.7525337338447571,0.0032883676233314,0.0032883676233314,1.0813361626174206e-05,2020
LSTM_FINAL_w6_h64_l1_d0.0_e50_lr0.001_b16,080918,Cusco,Union Ashaninka,2,0.7478968406378469,0.7379016876220703,-0.0099951530157765,0.0099951530157765,9.990308380878768e-05,2021
LSTM_FINAL_w6_h64_l1_d0.0_e50_lr0.001_b16,080918,Cusco,Union Ashaninka,3,0.740380375254271,0.7394742965698242,-0.0009060786844468,0.0009060786844468,8.209785824088608e-07,2022
LSTM_FINAL_w6_h64_l1_d0.0_e50_lr0.001_b16,080918,Cusco,Union Ashaninka,4,0.7370261312394202,0.7314938306808472,-0.005532300558573,0.005532300558573,3.060634947038725e-05,2023
LSTM_FINAL_w6_h64_l1_d0.0_e50_lr0.001_b16,080918,Cusco,Union Ashaninka,5,0.7306960269705117,0.729130744934082,-0.0015652820364296,0.0015652820364296,2.450107853569489e-06,2024
LSTM_FINAL_w6_h64_l1_d0.0_e50_lr0.001_b16,081304,Cusco,Machupicchu,1,0.3685233551100532,0.3656144738197326,-0.0029088812903205,0.0029088812903205,8.461590361176771e-06,2020
LSTM_FINAL_w6_h64_l1_d0.0_e50_lr0.001_b16,081304,Cusco,Machupicchu,2,0.3739904452531332,0.3647435307502746,-0.0092469145028585,0.0092469145028585,8.550542782317537e-05,2021
LSTM_FINAL_w6_h64_l1_d0.0_e50_lr0.001_b16,081304,Cusco,Machupicchu,3,0.3811480648140779,0.3710341453552246,-0.0101139194588533,0.0101139194588533,0.0001022913668201,2022
LSTM_FINAL_w6_h64_l1_d0.0_e50_lr0.001_b16,081304,Cusco,Machupicchu,4,0.3760306562196289,0.3789486289024353,0.0029179726828064,0.0029179726828064,8.514564577604458e-06,2023
LSTM_FINAL_w6_h64_l1_d0.0_e50_lr0.001_b16,081304,Cusco,Machupicchu,5,0.3669124083894632,0.3717089891433716,0.0047965807539083,0.0047965807539083,2.3007186928764234e-05,2024
LSTM_FINAL_w6_h64_l1_d0.0_e50_lr0.001_b16,100103,Huanuco,Chinchao,1,0.6642708811506766,0.6742114424705505,0.0099405613198739,0.0099405613198739,9.881475935417464e-05,2020
LSTM_FINAL_w6_h64_l1_d0.0_e50_lr0.001_b16,100103,Huanuco,Chinchao,2,0.6620521564255579,0.6573374271392822,-0.0047147292862756,0.0047147292862756,2.2228672242865755e-05,2021
LSTM_FINAL_w6_h64_l1_d0.0_e50_lr0.001_b16,100103,Huanuco,Chinchao,3,0.6495956018973922,0.6551685929298401,0.0055729910324479,0.0055729910324479,3.105822904774477e-05,2022
LSTM_FINAL_w6_h64_l1_d0.0_e50_lr0.001_b16,100103,Huanuco,Chinchao,4,0.6588038559905568,0.6401230096817017,-0.0186808463088551,0.0186808463088551,0.000348974018815,2023
LSTM_FINAL_w6_h64_l1_d0.0_e50_lr0.001_b16,100103,Huanuco,Chinchao,5,0.6457122871445122,0.654392659664154,0.0086803725196418,0.0086803725196418,7.53488670797529e-05,2024
LSTM_FINAL_w6_h64_l1_d0.0_e50_lr0.001_b16,100113,Huanuco,San Pablo De Pillao,1,0.6673147557699998,0.714775800704956,0.0474610449349562,0.0474610449349562,0.0022525507863179,2020
LSTM_FINAL_w6_h64_l1_d0.0_e50_lr0.001_b16,100113,Huanuco,San Pablo De Pillao,2,0.670824247451122,0.6516350507736206,-0.0191891966775014,0.0191891966775014,0.0003682252691278,2021
LSTM_FINAL_w6_h64_l1_d0.0_e50_lr0.001_b16,100113,Huanuco,San Pablo De Pillao,3,0.66408917468231,0.6610039472579956,-0.0030852274243143,0.0030852274243143,9.518628259741576e-06,2022
LSTM_FINAL_w6_h64_l1_d0.0_e50_lr0.001_b16,100113,Huanuco,San Pablo De Pillao,4,0.6617064067175328,0.6551355123519897,-0.006570894365543,0.006570894365543,4.317665276312519e-05,2023
LSTM_FINAL_w6_h64_l1_d0.0_e50_lr0.001_b16,100113,Huanuco,San Pablo De Pillao,5,0.6585655528750035,0.6547181606292725,-0.003847392245731,0.003847392245731,1.4802427092511424e-05,2024
LSTM_FINAL_w6_h64_l1_d0.0_e50_lr0.001_b16,100505,Huanuco,Jircan,1,0.6996753246753247,0.7268407344818115,0.0271654098064868,0.0271654098064868,0.0007379594899543,2020
LSTM_FINAL_w6_h64_l1_d0.0_e50_lr0.001_b16,100505,Huanuco,Jircan,2,0.7141156110404402,0.686321496963501,-0.0277941140769392,0.0277941140769392,0.0007725127773219,2021
LSTM_FINAL_w6_h64_l1_d0.0_e50_lr0.001_b16,100505,Huanuco,Jircan,3,0.697205129722214,0.7093872427940369,0.0121821130718228,0.0121821130718228,0.0001484038788946,2022
LSTM_FINAL_w6_h64_l1_d0.0_e50_lr0.001_b16,100505,Huanuco,Jircan,4,0.7262927846640831,0.6874964833259583,-0.0387963013381248,0.0387963013381248,0.0015051529975185,2023
LSTM_FINAL_w6_h64_l1_d0.0_e50_lr0.001_b16,100505,Huanuco,Jircan,5,0.7219921308759577,0.7275511026382446,0.0055589717622869,0.0055589717622869,3.090216705390339e-05,2024
LSTM_FINAL_w6_h64_l1_d0.0_e50_lr0.001_b16,100507,Huanuco,Monzon,1,0.7007421880402489,0.7008762359619141,0.0001340479216651,0.0001340479216651,1.7968845302748634e-08,2020
LSTM_FINAL_w6_h64_l1_d0.0_e50_lr0.001_b16,100507,Huanuco,Monzon,2,0.6982250603821457,0.694426417350769,-0.0037986430313766,0.0037986430313766,1.4429688879826531e-05,2021
LSTM_FINAL_w6_h64_l1_d0.0_e50_lr0.001_b16,100507,Huanuco,Monzon,3,0.693855291563096,0.6916247010231018,-0.0022305905399941,0.0022305905399941,4.975534157111584e-06,2022
LSTM_FINAL_w6_h64_l1_d0.0_e50_lr0.001_b16,100507,Huanuco,Monzon,4,0.7037383494834356,0.6867099404335022,-0.0170284090499334,0.0170284090499334,0.0002899667147718,2023
LSTM_FINAL_w6_h64_l1_d0.0_e50_lr0.001_b16,100507,Huanuco,Monzon,5,0.6952081533813373,0.7005621194839478,0.0053539661026104,0.0053539661026104,2.866495302790128e-05,2024
LSTM_FINAL_w6_h64_l1_d0.0_e50_lr0.001_b16,100601,Huanuco,Rupa-Rupa,1,0.6205881655642372,0.6225315928459167,0.0019434272816795,0.0019434272816795,3.776909599176212e-06,2020
LSTM_FINAL_w6_h64_l1_d0.0_e50_lr0.001_b16,100601,Huanuco,Rupa-Rupa,2,0.6173130526964644,0.6150887608528137,-0.0022242918436506,0.0022242918436506,4.947474205731005e-06,2021
LSTM_FINAL_w6_h64_l1_d0.0_e50_lr0.001_b16,100601,Huanuco,Rupa-Rupa,3,0.6174214328534124,0.6110355257987976,-0.0063859070546148,0.0063859070546148,4.077980891017954e-05,2022
LSTM_FINAL_w6_h64_l1_d0.0_e50_lr0.001_b16,100601,Huanuco,Rupa-Rupa,4,0.6159583007346142,0.6118761897087097,-0.0040821110259045,0.0040821110259045,1.666363042781109e-05,2023
LSTM_FINAL_w6_h64_l1_d0.0_e50_lr0.001_b16,100601,Huanuco,Rupa-Rupa,5,0.5999383587857359,0.6104684472084045,0.0105300884226686,0.0105300884226686,0.0001108827621892,2024
LSTM_FINAL_w6_h64_l1_d0.0_e50_lr0.001_b16,100605,Huanuco,Luyando,1,0.3667928592925821,0.3730068802833557,0.0062140209907736,0.0062140209907736,3.861405687377512e-05,2020
LSTM_FINAL_w6_h64_l1_d0.0_e50_lr0.001_b16,100605,Huanuco,Luyando,2,0.3682184663635932,0.3632755577564239,-0.0049429086071692,0.0049429086071692,2.4432345498827636e-05,2021
LSTM_FINAL_w6_h64_l1_d0.0_e50_lr0.001_b16,100605,Huanuco,Luyando,3,0.3719567249053555,0.3642210364341736,-0.0077356884711818,0.0077356884711818,5.98408761231764e-05,2022
LSTM_FINAL_w6_h64_l1_d0.0_e50_lr0.001_b16,100605,Huanuco,Luyando,4,0.3726616084015777,0.3685627579689026,-0.0040988504326751,0.0040988504326751,1.6800574869440898e-05,2023
LSTM_FINAL_w6_h64_l1_d0.0_e50_lr0.001_b16,100605,Huanuco,Luyando,5,0.3534951133357621,0.3690641522407532,0.015569038904991,0.015569038904991,0.0002423949724251,2024
LSTM_FINAL_w6_h64_l1_d0.0_e50_lr0.001_b16,100606,Huanuco,Mariano Damaso Beraun,1,0.8509629874773215,0.8515011072158813,0.0005381197385598,0.0005381197385598,2.8957285302775737e-07,2020
LSTM_FINAL_w6_h64_l1_d0.0_e50_lr0.001_b16,100606,Huanuco,Mariano Damaso Beraun,2,0.84799867622464,0.8435600996017456,-0.0044385766228943,0.0044385766228943,1.970096243730443e-05,2021
LSTM_FINAL_w6_h64_l1_d0.0_e50_lr0.001_b16,100606,Huanuco,Mariano Damaso Beraun,3,0.8430416102781702,0.8399122953414917,-0.0031293149366784,0.0031293149366784,9.79261197291886e-06,2022
LSTM_FINAL_w6_h64_l1_d0.0_e50_lr0.001_b16,100606,Huanuco,Mariano Damaso Beraun,4,0.8419246748181286,0.8341068029403687,-0.0078178718777599,0.0078178718777599,6.111912069706991e-05,2023
LSTM_FINAL_w6_h64_l1_d0.0_e50_lr0.001_b16,100606,Huanuco,Mariano Damaso Beraun,5,0.8277177285433153,0.8339734077453613,0.006255679202046,0.006255679202046,3.913352227891164e-05,2024
LSTM_FINAL_w6_h64_l1_d0.0_e50_lr0.001_b16,100608,Huanuco,Castillo Grande,1,0.5205296332332163,0.5201337933540344,-0.0003958398791819,0.0003958398791819,1.566892099507435e-07,2020
LSTM_FINAL_w6_h64_l1_d0.0_e50_lr0.001_b16,100608,Huanuco,Castillo Grande,2,0.5248445365709209,0.5168043375015259,-0.008040199069395,0.008040199069395,6.464480107550048e-05,2021
LSTM_FINAL_w6_h64_l1_d0.0_e50_lr0.001_b16,100608,Huanuco,Castillo Grande,3,0.5311392190871018,0.5214100480079651,-0.0097291710791367,0.0097291710791367,9.465676988711064e-05,2022
LSTM_FINAL_w6_h64_l1_d0.0_e50_lr0.001_b16,100608,Huanuco,Castillo Grande,4,0.5307331105376708,0.528535008430481,-0.0021981021071898,0.0021981021071898,4.8316528736324485e-06,2023
LSTM_FINAL_w6_h64_l1_d0.0_e50_lr0.001_b16,100608,Huanuco,Castillo Grande,5,0.5058251195059013,0.5268869400024414,0.0210618204965401,0.0210618204965401,0.0004436002826284,2024
LSTM_FINAL_w6_h64_l1_d0.0_e50_lr0.001_b16,100609,Huanuco,Pueblo Nuevo,1,0.6958375035498537,0.6948707699775696,-0.0009667335722841,0.0009667335722841,9.345737997812968e-07,2020
LSTM_FINAL_w6_h64_l1_d0.0_e50_lr0.001_b16,100609,Huanuco,Pueblo Nuevo,2,0.6908856299163751,0.6905868053436279,-0.0002988245727472,0.0002988245727472,8.929612527755492e-08,2021
LSTM_FINAL_w6_h64_l1_d0.0_e50_lr0.001_b16,100609,Huanuco,Pueblo Nuevo,3,0.696901770377539,0.6840059757232666,-0.0128957946542723,0.0128957946542723,0.0001663015197651,2022
LSTM_FINAL_w6_h64_l1_d0.0_e50_lr0.001_b16,100609,Huanuco,Pueblo Nuevo,4,0.6933146948780091,0.6925798654556274,-0.0007348294223816,0.0007348294223816,5.399742799977899e-07,2023
LSTM_FINAL_w6_h64_l1_d0.0_e50_lr0.001_b16,100609,Huanuco,Pueblo Nuevo,5,0.6780785848008359,0.6875918507575989,0.0095132659567629,0.0095132659567629,9.05022291641047e-05,2024
LSTM_FINAL_w6_h64_l1_d0.0_e50_lr0.001_b16,100804,Huanuco,Umari,1,0.1879738884651622,0.2443736344575882,0.056399745992426,0.056399745992426,0.0031809313480101,2020
LSTM_FINAL_w6_h64_l1_d0.0_e50_lr0.001_b16,100804,Huanuco,Umari,2,0.1963805015927139,0.1800982803106308,-0.016282221282083,0.016282221282083,0.0002651107298787,2021
LSTM_FINAL_w6_h64_l1_d0.0_e50_lr0.001_b16,100804,Huanuco,Umari,3,0.1896507245726591,0.1917248368263244,0.0020741122536653,0.0020741122536653,4.30194164080478e-06,2022
LSTM_FINAL_w6_h64_l1_d0.0_e50_lr0.001_b16,100804,Huanuco,Umari,4,0.2097671497151061,0.1864889413118362,-0.0232782084032698,0.0232782084032698,0.000541874986466,2023
LSTM_FINAL_w6_h64_l1_d0.0_e50_lr0.001_b16,100804,Huanuco,Umari,5,0.2132666337655345,0.2097752392292022,-0.0034913945363322,0.0034913945363322,1.21898358083306e-05,2024
LSTM_FINAL_w6_h64_l1_d0.0_e50_lr0.001_b16,100901,Huanuco,Puerto Inca,1,0.6642272323979114,0.6708350777626038,0.0066078453646923,0.0066078453646923,4.366362036368668e-05,2020
LSTM_FINAL_w6_h64_l1_d0.0_e50_lr0.001_b16,100901,Huanuco,Puerto Inca,2,0.6464933855150087,0.6510071754455566,0.0045137899305479,0.0045137899305479,2.037429953711618e-05,2021
LSTM_FINAL_w6_h64_l1_d0.0_e50_lr0.001_b16,100901,Huanuco,Puerto Inca,3,0.6282767941633685,0.6329283118247986,0.0046515176614301,0.0046515176614301,2.16366165545964e-05,2022
LSTM_FINAL_w6_h64_l1_d0.0_e50_lr0.001_b16,100901,Huanuco,Puerto Inca,4,0.6187861412477837,0.614630937576294,-0.0041552036714898,0.0041552036714898,1.726571755156235e-05,2023
LSTM_FINAL_w6_h64_l1_d0.0_e50_lr0.001_b16,100901,Huanuco,Puerto Inca,5,0.600651114519684,0.6076821088790894,0.0070309943594053,0.0070309943594053,4.943488168198987e-05,2024
LSTM_FINAL_w6_h64_l1_d0.0_e50_lr0.001_b16,100902,Huanuco,Codo Del Pozuzo,1,0.7266625257202279,0.733896791934967,0.0072342662147391,0.0072342662147391,5.233460766571565e-05,2020
LSTM_FINAL_w6_h64_l1_d0.0_e50_lr0.001_b16,100902,Huanuco,Codo Del Pozuzo,2,0.7152311613604294,0.7136116623878479,-0.0016194989725815,0.0016194989725815,2.622776922192574e-06,2021
LSTM_FINAL_w6_h64_l1_d0.0_e50_lr0.001_b16,100902,Huanuco,Codo Del Pozuzo,3,0.6996186445429629,0.7029558420181274,0.0033371974751645,0.0033371974751645,1.1136886988244903e-05,2022
LSTM_FINAL_w6_h64_l1_d0.0_e50_lr0.001_b16,100902,Huanuco,Codo Del Pozuzo,4,0.6923842962401355,0.6868011355400085,-0.0055831607001269,0.0055831607001269,3.117168340344248e-05,2023
LSTM_FINAL_w6_h64_l1_d0.0_e50_lr0.001_b16,100902,Huanuco,Codo Del Pozuzo,5,0.6740932927334595,0.6818883419036865,0.0077950491702269,0.0077950491702269,6.0762791566256605e-05,2024
LSTM_FINAL_w6_h64_l1_d0.0_e50_lr0.001_b16,100903,Huanuco,Honoria,1,0.4278262440371602,0.4384094476699829,0.0105832036328227,0.0105832036328227,0.0001120041991337,2020
LSTM_FINAL_w6_h64_l1_d0.0_e50_lr0.001_b16,100903,Huanuco,Honoria,2,0.4163712599272028,0.418012797832489,0.0016415379052862,0.0016415379052862,2.694646694491424e-06,2021
LSTM_FINAL_w6_h64_l1_d0.0_e50_lr0.001_b16,100903,Huanuco,Honoria,3,0.398931786882544,0.407299280166626,0.0083674932840819,0.0083674932840819,7.00149438591571e-05,2022
LSTM_FINAL_w6_h64_l1_d0.0_e50_lr0.001_b16,100903,Huanuco,Honoria,4,0.3628479351324977,0.3892044723033905,0.0263565371708928,0.0263565371708928,0.0006946670516406,2023
LSTM_FINAL_w6_h64_l1_d0.0_e50_lr0.001_b16,100903,Huanuco,Honoria,5,0.3507942227846357,0.3493231236934662,-0.0014710990911694,0.0014710990911694,2.164132536039705e-06,2024
LSTM_FINAL_w6_h64_l1_d0.0_e50_lr0.001_b16,100904,Huanuco,Tournavista,1,0.5779380757077947,0.5864763259887695,0.0085382502809748,0.0085382502809748,7.29017178605676e-05,2020
LSTM_FINAL_w6_h64_l1_d0.0_e50_lr0.001_b16,100904,Huanuco,Tournavista,2,0.55587726757082,0.5644803643226624,0.0086030967518423,0.0086030967518423,7.401327372156027e-05,2021
LSTM_FINAL_w6_h64_l1_d0.0_e50_lr0.001_b16,100904,Huanuco,Tournavista,3,0.5343623608103693,0.541730523109436,0.0073681622990667,0.0073681622990667,5.42898156653891e-05,2022
LSTM_FINAL_w6_h64_l1_d0.0_e50_lr0.001_b16,100904,Huanuco,Tournavista,4,0.5072331932389404,0.5203306078910828,0.0130974146521423,0.0130974146521423,0.0001715422705701,2023
LSTM_FINAL_w6_h64_l1_d0.0_e50_lr0.001_b16,100904,Huanuco,Tournavista,5,0.4849192208018865,0.4921806454658508,0.0072614246639643,0.0072614246639643,5.272828815042969e-05,2024
LSTM_FINAL_w6_h64_l1_d0.0_e50_lr0.001_b16,100905,Huanuco,Yuyapichis,1,0.6091182575888785,0.6197249293327332,0.0106066717438546,0.0106066717438546,0.0001125014854818,2020
LSTM_FINAL_w6_h64_l1_d0.0_e50_lr0.001_b16,100905,Huanuco,Yuyapichis,2,0.5911847088544524,0.5931984782218933,0.0020137693674409,0.0020137693674409,4.055267065243361e-06,2021
LSTM_FINAL_w6_h64_l1_d0.0_e50_lr0.001_b16,100905,Huanuco,Yuyapichis,3,0.5691707967991864,0.5768942832946777,0.0077234864954913,0.0077234864954913,5.96522436460376e-05,2022
LSTM_FINAL_w6_h64_l1_d0.0_e50_lr0.001_b16,100905,Huanuco,Yuyapichis,4,0.5613270288556127,0.5548365116119385,-0.0064905172436742,0.0064905172436742,4.2126814090432405e-05,2023
LSTM_FINAL_w6_h64_l1_d0.0_e50_lr0.001_b16,100905,Huanuco,Yuyapichis,5,0.54344808404226,0.5507194399833679,0.0072713559411079,0.0072713559411079,5.287261722228586e-05,2024
LSTM_FINAL_w6_h64_l1_d0.0_e50_lr0.001_b16,120209,Junin,Mariscal Castilla,1,0.3902123816641754,0.3331196308135986,-0.0570927508505767,0.0570927508505767,0.003259582199686,2020
LSTM_FINAL_w6_h64_l1_d0.0_e50_lr0.001_b16,120209,Junin,Mariscal Castilla,2,0.351831091180867,0.3934590816497803,0.0416279904689133,0.0416279904689133,0.0017328895904799,2021
LSTM_FINAL_w6_h64_l1_d0.0_e50_lr0.001_b16,120209,Junin,Mariscal Castilla,3,0.3644899103139013,0.3442728519439697,-0.0202170583699315,0.0202170583699315,0.0004087294491332,2022
LSTM_FINAL_w6_h64_l1_d0.0_e50_lr0.001_b16,120209,Junin,Mariscal Castilla,4,0.356564524165421,0.3605156540870666,0.0039511299216456,0.0039511299216456,1.561142765772353e-05,2023
LSTM_FINAL_w6_h64_l1_d0.0_e50_lr0.001_b16,120209,Junin,Mariscal Castilla,5,0.3494799451918286,0.3513479828834533,0.0018680376916247,0.0018680376916247,3.4895648173307115e-06,2024
LSTM_FINAL_w6_h64_l1_d0.0_e50_lr0.001_b16,120302,Junin,Perene,1,0.5873779747024782,0.5804853439331055,-0.0068926307693727,0.0068926307693727,4.750835892290389e-05,2020
LSTM_FINAL_w6_h64_l1_d0.0_e50_lr0.001_b16,120302,Junin,Perene,2,0.57921537520221,0.5800183415412903,0.0008029663390802,0.0008029663390802,6.44754941695987e-07,2021
LSTM_FINAL_w6_h64_l1_d0.0_e50_lr0.001_b16,120302,Junin,Perene,3,0.5696841961450105,0.5713526010513306,0.00166840490632,0.00166840490632,2.783574931432752e-06,2022
LSTM_FINAL_w6_h64_l1_d0.0_e50_lr0.001_b16,120302,Junin,Perene,4,0.5572062132569662,0.561159610748291,0.0039533974913248,0.0039533974913248,1.5629351724413533e-05,2023
LSTM_FINAL_w6_h64_l1_d0.0_e50_lr0.001_b16,120302,Junin,Perene,5,0.5440639628387073,0.5476370453834534,0.003573082544746,0.003573082544746,1.2766918871569171e-05,2024
LSTM_FINAL_w6_h64_l1_d0.0_e50_lr0.001_b16,120303,Junin,Pichanaqui,1,0.6235338723844114,0.6192144155502319,-0.0043194568341794,0.0043194568341794,1.865770734233953e-05,2020
LSTM_FINAL_w6_h64_l1_d0.0_e50_lr0.001_b16,120303,Junin,Pichanaqui,2,0.6170480316539529,0.6154453754425049,-0.001602656211448,0.001602656211448,2.568506932093053e-06,2021
LSTM_FINAL_w6_h64_l1_d0.0_e50_lr0.001_b16,120303,Junin,Pichanaqui,3,0.6084595528116606,0.6091198921203613,0.0006603393087006,0.0006603393087006,4.360480026152998e-07,2022
LSTM_FINAL_w6_h64_l1_d0.0_e50_lr0.001_b16,120303,Junin,Pichanaqui,4,0.5979025867108753,0.6000270247459412,0.0021244380350659,0.0021244380350659,4.513236964834666e-06,2023
LSTM_FINAL_w6_h64_l1_d0.0_e50_lr0.001_b16,120303,Junin,Pichanaqui,5,0.5880488535044439,0.5887020230293274,0.0006531695248834,0.0006531695248834,4.266304282365097e-07,2024
LSTM_FINAL_w6_h64_l1_d0.0_e50_lr0.001_b16,120304,Junin,San Luis De Shuaro,1,0.6637352707624063,0.6393336653709412,-0.0244016053914651,0.0244016053914651,0.0005954383456807,2020
LSTM_FINAL_w6_h64_l1_d0.0_e50_lr0.001_b16,120304,Junin,San Luis De Shuaro,2,0.6560774363140168,0.6582459807395935,0.0021685444255766,0.0021685444255766,4.702584925699691e-06,2021
LSTM_FINAL_w6_h64_l1_d0.0_e50_lr0.001_b16,120304,Junin,San Luis De Shuaro,3,0.6427469628791267,0.6490663290023804,0.0063193661232536,0.0063193661232536,3.993438819972622e-05,2022
LSTM_FINAL_w6_h64_l1_d0.0_e50_lr0.001_b16,120304,Junin,San Luis De Shuaro,4,0.628280136179845,0.6332206130027771,0.004940476822932,0.004940476822932,2.4408311237929086e-05,2023
LSTM_FINAL_w6_h64_l1_d0.0_e50_lr0.001_b16,120304,Junin,San Luis De Shuaro,5,0.5973749783225782,0.6171692609786987,0.0197942826561204,0.0197942826561204,0.0003918136258703,2024
LSTM_FINAL_w6_h64_l1_d0.0_e50_lr0.001_b16,120601,Junin,Satipo,1,0.6774614812830716,0.6752447485923767,-0.0022167326906948,0.0022167326906948,4.913903821995403e-06,2020
LSTM_FINAL_w6_h64_l1_d0.0_e50_lr0.001_b16,120601,Junin,Satipo,2,0.6688019638279585,0.6705105900764465,0.0017086262484879,0.0017086262484879,2.9194036570221728e-06,2021
LSTM_FINAL_w6_h64_l1_d0.0_e50_lr0.001_b16,120601,Junin,Satipo,3,0.6549811588263073,0.6604872941970825,0.0055061353707752,0.0055061353707752,3.0317526721302487e-05,2022
LSTM_FINAL_w6_h64_l1_d0.0_e50_lr0.001_b16,120601,Junin,Satipo,4,0.6294436502071292,0.6444861888885498,0.0150425386814205,0.0150425386814205,0.000226277969982,2023
LSTM_FINAL_w6_h64_l1_d0.0_e50_lr0.001_b16,120601,Junin,Satipo,5,0.6126474134935721,0.6148094534873962,0.0021620399938241,0.0021620399938241,4.674416934895081e-06,2024
LSTM_FINAL_w6_h64_l1_d0.0_e50_lr0.001_b16,120602,Junin,Coviriali,1,0.60569872762562,0.5949453115463257,-0.0107534160792943,0.0107534160792943,0.0001156359573744,2020
LSTM_FINAL_w6_h64_l1_d0.0_e50_lr0.001_b16,120602,Junin,Coviriali,2,0.5973779742649702,0.6023772954940796,0.0049993212291093,0.0049993212291093,2.4993212751823912e-05,2021
LSTM_FINAL_w6_h64_l1_d0.0_e50_lr0.001_b16,120602,Junin,Coviriali,3,0.5809970526921141,0.5911304950714111,0.010133442379297,0.010133442379297,0.0001026866544545,2022
LSTM_FINAL_w6_h64_l1_d0.0_e50_lr0.001_b16,120602,Junin,Coviriali,4,0.5661347135360506,0.5710189342498779,0.0048842207138273,0.0048842207138273,2.3855611981379907e-05,2023
LSTM_FINAL_w6_h64_l1_d0.0_e50_lr0.001_b16,120602,Junin,Coviriali,5,0.5460516857163396,0.5549753904342651,0.0089237047179255,0.0089237047179255,7.963250589272734e-05,2024
LSTM_FINAL_w6_h64_l1_d0.0_e50_lr0.001_b16,120603,Junin,Llaylla,1,0.6767776956744159,0.6605184078216553,-0.0162592878527606,0.0162592878527606,0.0002643644414789,2020
LSTM_FINAL_w6_h64_l1_d0.0_e50_lr0.001_b16,120603,Junin,Llaylla,2,0.6766270675836981,0.6749608516693115,-0.0016662159143865,0.0016662159143865,2.7762754733549647e-06,2021
LSTM_FINAL_w6_h64_l1_d0.0_e50_lr0.001_b16,120603,Junin,Llaylla,3,0.6652134371625078,0.6731412410736084,0.0079278039111005,0.0079278039111005,6.285007485286189e-05,2022
LSTM_FINAL_w6_h64_l1_d0.0_e50_lr0.001_b16,120603,Junin,Llaylla,4,0.656025123628716,0.6574115753173828,0.0013864516886668,0.0013864516886668,1.922248285007024e-06,2023
LSTM_FINAL_w6_h64_l1_d0.0_e50_lr0.001_b16,120603,Junin,Llaylla,5,0.6417580856022281,0.6468033194541931,0.0050452338519649,0.0050452338519649,2.54543846210134e-05,2024
LSTM_FINAL_w6_h64_l1_d0.0_e50_lr0.001_b16,120604,Junin,Mazamari,1,0.7869618370595345,0.7783934473991394,-0.008568389660395,0.008568389660395,7.341730137236534e-05,2020
LSTM_FINAL_w6_h64_l1_d0.0_e50_lr0.001_b16,120604,Junin,Mazamari,2,0.7836342041928035,0.7827804088592529,-0.0008537953335505,0.0008537953335505,7.289664715927232e-07,2021
LSTM_FINAL_w6_h64_l1_d0.0_e50_lr0.001_b16,120604,Junin,Mazamari,3,0.7771746815691493,0.7777372598648071,0.0005625782956578,0.0005625782956578,3.164943387453108e-07,2022
LSTM_FINAL_w6_h64_l1_d0.0_e50_lr0.001_b16,120604,Junin,Mazamari,4,0.7606660838491036,0.7690902948379517,0.008424210988848,0.008424210988848,7.096733078462818e-05,2023
LSTM_FINAL_w6_h64_l1_d0.0_e50_lr0.001_b16,120604,Junin,Mazamari,5,0.7365834119904845,0.7486182451248169,0.0120348331343324,0.0120348331343324,0.0001448372085712,2024
LSTM_FINAL_w6_h64_l1_d0.0_e50_lr0.001_b16,120607,Junin,Rio Negro,1,0.5116514727389675,0.5195115804672241,0.0078601077282566,0.0078601077282566,6.178129349979955e-05,2020
LSTM_FINAL_w6_h64_l1_d0.0_e50_lr0.001_b16,120607,Junin,Rio Negro,2,0.4943422532528899,0.5025171637535095,0.0081749105006196,0.0081749105006196,6.68291616931412e-05,2021
LSTM_FINAL_w6_h64_l1_d0.0_e50_lr0.001_b16,120607,Junin,Rio Negro,3,0.4782368096704528,0.483580470085144,0.0053436604146912,0.0053436604146912,2.85547066275383e-05,2022
LSTM_FINAL_w6_h64_l1_d0.0_e50_lr0.001_b16,120607,Junin,Rio Negro,4,0.4546967023726962,0.4672648906707763,0.0125681882980801,0.0125681882980801,0.0001579593570959,2023
LSTM_FINAL_w6_h64_l1_d0.0_e50_lr0.001_b16,120607,Junin,Rio Negro,5,0.4379085202180451,0.4422523975372314,0.0043438773191863,0.0043438773191863,1.8869270164141504e-05,2024
LSTM_FINAL_w6_h64_l1_d0.0_e50_lr0.001_b16,120609,Junin,Vizcatán Del Ene,1,0.7585939456030942,0.7596126794815063,0.0010187338784121,0.0010187338784121,1.0378187150245894e-06,2020
LSTM_FINAL_w6_h64_l1_d0.0_e50_lr0.001_b16,120609,Junin,Vizcatán Del Ene,2,0.7539951594754276,0.7426329851150513,-0.0113621743603763,0.0113621743603763,0.0001290990061955,2021
LSTM_FINAL_w6_h64_l1_d0.0_e50_lr0.001_b16,120609,Junin,Vizcatán Del Ene,3,0.7469905002546887,0.7425323128700256,-0.004458187384663,0.004458187384663,1.9875434756769046e-05,2022
LSTM_FINAL_w6_h64_l1_d0.0_e50_lr0.001_b16,120609,Junin,Vizcatán Del Ene,4,0.742129830811867,0.7371629476547241,-0.0049668831571428,0.0049668831571428,2.466992829670969e-05,2023
LSTM_FINAL_w6_h64_l1_d0.0_e50_lr0.001_b16,120609,Junin,Vizcatán Del Ene,5,0.7316185252228167,0.7335783839225769,0.0019598586997602,0.0019598586997602,3.841046123025862e-06,2024
LSTM_FINAL_w6_h64_l1_d0.0_e50_lr0.001_b16,160101,Loreto,Iquitos,1,0.5134002372756092,0.5137559771537781,0.0003557398781688,0.0003557398781688,1.26550860919579e-07,2020
LSTM_FINAL_w6_h64_l1_d0.0_e50_lr0.001_b16,160101,Loreto,Iquitos,2,0.5002260925374876,0.5087960958480835,0.0085700033105958,0.0085700033105958,7.344495674362426e-05,2021
LSTM_FINAL_w6_h64_l1_d0.0_e50_lr0.001_b16,160101,Loreto,Iquitos,3,0.5077114573001148,0.4923077225685119,-0.0154037347316028,0.0154037347316028,0.0002372750436815,2022
LSTM_FINAL_w6_h64_l1_d0.0_e50_lr0.001_b16,160101,Loreto,Iquitos,4,0.5507127992687244,0.5032826066017151,-0.0474301926670093,0.0474301926670093,0.0022496231764296,2023
LSTM_FINAL_w6_h64_l1_d0.0_e50_lr0.001_b16,160101,Loreto,Iquitos,5,0.5545247680728164,0.557034432888031,0.0025096648152146,0.0025096648152146,6.298417484726336e-06,2024
LSTM_FINAL_w6_h64_l1_d0.0_e50_lr0.001_b16,160112,Loreto,Belen,1,0.5367406247566269,0.5364705324172974,-0.0002700923393295,0.0002700923393295,7.294987176448635e-08,2020
LSTM_FINAL_w6_h64_l1_d0.0_e50_lr0.001_b16,160112,Loreto,Belen,2,0.5371928717135241,0.531482994556427,-0.0057098771570971,0.0057098771570971,3.260269714913975e-05,2021
LSTM_FINAL_w6_h64_l1_d0.0_e50_lr0.001_b16,160112,Loreto,Belen,3,0.5417126086724844,0.5322567224502563,-0.009455886222228,0.009455886222228,8.941378424772204e-05,2022
LSTM_FINAL_w6_h64_l1_d0.0_e50_lr0.001_b16,160112,Loreto,Belen,4,0.5596631238377868,0.5380326509475708,-0.021630472890216,0.021630472890216,0.0004678773574543,2023
LSTM_FINAL_w6_h64_l1_d0.0_e50_lr0.001_b16,160112,Loreto,Belen,5,0.5613546094348826,0.5600894093513489,-0.0012652000835337,0.0012652000835337,1.600731251373686e-06,2024
LSTM_FINAL_w6_h64_l1_d0.0_e50_lr0.001_b16,160211,Loreto,Teniente Cesar Lopez Rojas,1,0.7889779389087833,0.7861500978469849,-0.0028278410617984,0.0028278410617984,7.9966850707934e-06,2020
LSTM_FINAL_w6_h64_l1_d0.0_e50_lr0.001_b16,160211,Loreto,Teniente Cesar Lopez Rojas,2,0.7833593031383286,0.7826842069625854,-0.0006750961757431,0.0006750961757431,4.557548465029969e-07,2021
LSTM_FINAL_w6_h64_l1_d0.0_e50_lr0.001_b16,160211,Loreto,Teniente Cesar Lopez Rojas,3,0.7727247016614839,0.7754603624343872,0.0027356607729033,0.0027356607729033,7.483839864402019e-06,2022
LSTM_FINAL_w6_h64_l1_d0.0_e50_lr0.001_b16,160211,Loreto,Teniente Cesar Lopez Rojas,4,0.7527025880470661,0.762572169303894,0.0098695812568279,0.0098695812568279,9.740863418512876e-05,2023
LSTM_FINAL_w6_h64_l1_d0.0_e50_lr0.001_b16,160211,Loreto,Teniente Cesar Lopez Rojas,5,0.7325767747791668,0.7387996315956116,0.0062228568164447,0.0062228568164447,3.872394695797281e-05,2024
LSTM_FINAL_w6_h64_l1_d0.0_e50_lr0.001_b16,160503,Loreto,Capelo,1,0.7554360387590008,0.7542986273765564,-0.0011374113824443,0.0011374113824443,1.2937046529140503e-06,2020
LSTM_FINAL_w6_h64_l1_d0.0_e50_lr0.001_b16,160503,Loreto,Capelo,2,0.7583418526091208,0.7487295866012573,-0.0096122660078634,0.0096122660078634,9.23956578059275e-05,2021
LSTM_FINAL_w6_h64_l1_d0.0_e50_lr0.001_b16,160503,Loreto,Capelo,3,0.7430871633034047,0.7529399394989014,0.0098527761954966,0.0098527761954966,9.707719875854496e-05,2022
LSTM_FINAL_w6_h64_l1_d0.0_e50_lr0.001_b16,160503,Loreto,Capelo,4,0.7359065250244466,0.7329838275909424,-0.0029226974335042,0.0029226974335042,8.5421602878124e-06,2023
LSTM_FINAL_w6_h64_l1_d0.0_e50_lr0.001_b16,160503,Loreto,Capelo,5,0.7223675437816695,0.7260262966156006,0.0036587528339311,0.0036587528339311,1.3386472299799102e-05,2024
LSTM_FINAL_w6_h64_l1_d0.0_e50_lr0.001_b16,160603,Loreto,Padre Marquez,1,0.8489635243443651,0.847041130065918,-0.001922394278447,0.001922394278447,3.695599761806118e-06,2020
LSTM_FINAL_w6_h64_l1_d0.0_e50_lr0.001_b16,160603,Loreto,Padre Marquez,2,0.8423531977536667,0.8397773504257202,-0.0025758473279464,0.0025758473279464,6.6349894568889576e-06,2021
LSTM_FINAL_w6_h64_l1_d0.0_e50_lr0.001_b16,160603,Loreto,Padre Marquez,3,0.8218922995838104,0.8324155211448669,0.0105232215610565,0.0105232215610565,0.000110738192023,2022
LSTM_FINAL_w6_h64_l1_d0.0_e50_lr0.001_b16,160603,Loreto,Padre Marquez,4,0.8138832851716555,0.8074155449867249,-0.0064677401849306,0.0064677401849306,4.1831663099767166e-05,2023
LSTM_FINAL_w6_h64_l1_d0.0_e50_lr0.001_b16,160603,Loreto,Padre Marquez,5,0.7825643821674573,0.8013002872467041,0.0187359050792468,0.0187359050792468,0.0003510341391385,2024
LSTM_FINAL_w6_h64_l1_d0.0_e50_lr0.001_b16,170102,Madre De Dios,Inambari,1,0.8478175829478117,0.836410641670227,-0.0114069412775846,0.0114069412775846,0.0001301183093102,2020
LSTM_FINAL_w6_h64_l1_d0.0_e50_lr0.001_b16,170102,Madre De Dios,Inambari,2,0.8411440777450233,0.8387476205825806,-0.0023964571624427,0.0023964571624427,5.74300693142313e-06,2021
LSTM_FINAL_w6_h64_l1_d0.0_e50_lr0.001_b16,170102,Madre De Dios,Inambari,3,0.8289204640856406,0.8315796852111816,0.002659221125541,0.002659221125541,7.071456994523899e-06,2022
LSTM_FINAL_w6_h64_l1_d0.0_e50_lr0.001_b16,170102,Madre De Dios,Inambari,4,0.8187924554623257,0.8173251748085022,-0.0014672806538235,0.0014672806538235,2.1529125170847488e-06,2023
LSTM_FINAL_w6_h64_l1_d0.0_e50_lr0.001_b16,170102,Madre De Dios,Inambari,5,0.7961427708008171,0.8068647980690002,0.0107220272681831,0.0107220272681831,0.0001149618687396,2024
LSTM_FINAL_w6_h64_l1_d0.0_e50_lr0.001_b16,170204,Madre De Dios,Huepetuhe,1,0.8092381784585945,0.7954339981079102,-0.0138041803506843,0.0138041803506843,0.0001905553951542,2020
LSTM_FINAL_w6_h64_l1_d0.0_e50_lr0.001_b16,170204,Madre De Dios,Huepetuhe,2,0.8052862674813119,0.8036515116691589,-0.0016347558121529,0.0016347558121529,2.672426565368012e-06,2021
LSTM_FINAL_w6_h64_l1_d0.0_e50_lr0.001_b16,170204,Madre De Dios,Huepetuhe,3,0.7968473982108246,0.7983996868133545,0.0015522886025298,0.0015522886025298,2.4095999055441434e-06,2022
LSTM_FINAL_w6_h64_l1_d0.0_e50_lr0.001_b16,170204,Madre De Dios,Huepetuhe,4,0.7871135427628699,0.7878009080886841,0.0006873653258141,0.0006873653258141,4.724710911315909e-07,2023
LSTM_FINAL_w6_h64_l1_d0.0_e50_lr0.001_b16,170204,Madre De Dios,Huepetuhe,5,0.7681001929031553,0.7765914797782898,0.0084912868751344,0.0084912868751344,7.21019527958306e-05,2024
LSTM_FINAL_w6_h64_l1_d0.0_e50_lr0.001_b16,200303,Piura,El Carmen De La Frontera,1,0.5097815107821005,0.5025390982627869,-0.0072424125193136,0.0072424125193136,5.2452539099911513e-05,2020
LSTM_FINAL_w6_h64_l1_d0.0_e50_lr0.001_b16,200303,Piura,El Carmen De La Frontera,2,0.5007951841532611,0.5057132840156555,0.0049180998623944,0.0049180998623944,2.418770625648424e-05,2021
LSTM_FINAL_w6_h64_l1_d0.0_e50_lr0.001_b16,200303,Piura,El Carmen De La Frontera,3,0.4958600258960227,0.4942620992660522,-0.0015979266299704,0.0015979266299704,2.553369514768676e-06,2022
LSTM_FINAL_w6_h64_l1_d0.0_e50_lr0.001_b16,200303,Piura,El Carmen De La Frontera,4,0.5164860046233213,0.4891310930252075,-0.0273549115981137,0.0273549115981137,0.0007482911885406,2023
LSTM_FINAL_w6_h64_l1_d0.0_e50_lr0.001_b16,200303,Piura,El Carmen De La Frontera,5,0.5125405896429467,0.5159687399864197,0.0034281503434729,0.0034281503434729,1.1752214777453986e-05,2024
LSTM_FINAL_w6_h64_l1_d0.0_e50_lr0.001_b16,200307,Piura,Sondor,1,0.3248289301941775,0.3025248348712921,-0.0223040953228854,0.0223040953228854,0.0004974726681723,2020
LSTM_FINAL_w6_h64_l1_d0.0_e50_lr0.001_b16,200307,Piura,Sondor,2,0.3176877226761883,0.323036789894104,0.0053490672179157,0.0053490672179157,2.8612520101780687e-05,2021
LSTM_FINAL_w6_h64_l1_d0.0_e50_lr0.001_b16,200307,Piura,Sondor,3,0.3361557364499998,0.3138731718063354,-0.0222825646436643,0.0222825646436643,0.000496512687099,2022
LSTM_FINAL_w6_h64_l1_d0.0_e50_lr0.001_b16,200307,Piura,Sondor,4,0.3486087360425981,0.3354015946388244,-0.0132071414037736,0.0132071414037736,0.0001744285840592,2023
LSTM_FINAL_w6_h64_l1_d0.0_e50_lr0.001_b16,200307,Piura,Sondor,5,0.345549330641541,0.3485167622566223,0.0029674316150813,0.0029674316150813,8.805650390184248e-06,2024
LSTM_FINAL_w6_h64_l1_d0.0_e50_lr0.001_b16,211205,Puno,Phara,1,0.4768846631702123,0.4698124527931213,-0.0070722103770909,0.0070722103770909,5.0016159617832735e-05,2020
LSTM_FINAL_w6_h64_l1_d0.0_e50_lr0.001_b16,211205,Puno,Phara,2,0.4763628043089484,0.4721388816833496,-0.0042239226255987,0.0042239226255987,1.7841522347045342e-05,2021
LSTM_FINAL_w6_h64_l1_d0.0_e50_lr0.001_b16,211205,Puno,Phara,3,0.4793253569213538,0.4717066884040832,-0.0076186685172705,0.0076186685172705,5.804410997604952e-05,2022
LSTM_FINAL_w6_h64_l1_d0.0_e50_lr0.001_b16,211205,Puno,Phara,4,0.4803229102061543,0.4754642248153686,-0.0048586853907856,0.0048586853907856,2.3606823726633955e-05,2023
LSTM_FINAL_w6_h64_l1_d0.0_e50_lr0.001_b16,211205,Puno,Phara,5,0.469414052856274,0.4763551950454712,0.0069411421891971,0.0069411421891971,4.817945489065287e-05,2024
LSTM_FINAL_w6_h64_l1_d0.0_e50_lr0.001_b16,220101,San Martin,Moyobamba,1,0.7150650226108247,0.7123895287513733,-0.0026754938594514,0.0026754938594514,7.158267391962296e-06,2020
LSTM_FINAL_w6_h64_l1_d0.0_e50_lr0.001_b16,220101,San Martin,Moyobamba,2,0.709031731667291,0.7094573378562927,0.0004256061890016,0.0004256061890016,1.8114062811652566e-07,2021
LSTM_FINAL_w6_h64_l1_d0.0_e50_lr0.001_b16,220101,San Martin,Moyobamba,3,0.7060309164111845,0.7018102407455444,-0.0042206756656401,0.0042206756656401,1.781410307452655e-05,2022
LSTM_FINAL_w6_h64_l1_d0.0_e50_lr0.001_b16,220101,San Martin,Moyobamba,4,0.6941648505891479,0.6988652348518372,0.0047003842626892,0.0047003842626892,2.209361221693687e-05,2023
LSTM_FINAL_w6_h64_l1_d0.0_e50_lr0.001_b16,220101,San Martin,Moyobamba,5,0.6824468632427669,0.6845798492431641,0.0021329860003971,0.0021329860003971,4.549629277890146e-06,2024
LSTM_FINAL_w6_h64_l1_d0.0_e50_lr0.001_b16,220102,San Martin,Calzada,1,0.1931102226246844,0.1945601254701614,0.001449902845477,0.001449902845477,2.1022182613223727e-06,2020
LSTM_FINAL_w6_h64_l1_d0.0_e50_lr0.001_b16,220102,San Martin,Calzada,2,0.1876232647015939,0.1911910474300384,0.0035677827284445,0.0035677827284445,1.272907359738721e-05,2021
LSTM_FINAL_w6_h64_l1_d0.0_e50_lr0.001_b16,220102,San Martin,Calzada,3,0.1836480979824877,0.1848078668117523,0.0011597688292646,0.0011597688292646,1.345063737333797e-06,2022
LSTM_FINAL_w6_h64_l1_d0.0_e50_lr0.001_b16,220102,San Martin,Calzada,4,0.1644015378830318,0.1807851791381836,0.0163836412551517,0.0163836412551517,0.0002684237007775,2023
LSTM_FINAL_w6_h64_l1_d0.0_e50_lr0.001_b16,220102,San Martin,Calzada,5,0.148669700481164,0.1600775867700576,0.0114078862888936,0.0114078862888936,0.0001301398695803,2024
LSTM_FINAL_w6_h64_l1_d0.0_e50_lr0.001_b16,220106,San Martin,Yantalo,1,0.3353433407856914,0.3388209939002991,0.0034776531146076,0.0034776531146076,1.209407118554051e-05,2020
LSTM_FINAL_w6_h64_l1_d0.0_e50_lr0.001_b16,220106,San Martin,Yantalo,2,0.321877994251038,0.3298341035842895,0.0079561093332515,0.0079561093332515,6.329967572265205e-05,2021
LSTM_FINAL_w6_h64_l1_d0.0_e50_lr0.001_b16,220106,San Martin,Yantalo,3,0.325685084637496,0.314934492111206,-0.0107505925262899,0.0107505925262899,0.0001155752396663,2022
LSTM_FINAL_w6_h64_l1_d0.0_e50_lr0.001_b16,220106,San Martin,Yantalo,4,0.3097157457681252,0.3212396502494812,0.0115239044813559,0.0115239044813559,0.0001328003744954,2023
LSTM_FINAL_w6_h64_l1_d0.0_e50_lr0.001_b16,220106,San Martin,Yantalo,5,0.2957266049185563,0.3032208383083343,0.007494233389778,0.007494233389778,5.6163534100464353e-05,2024
LSTM_FINAL_w6_h64_l1_d0.0_e50_lr0.001_b16,220201,San Martin,Bellavista,1,0.1799941833609908,0.1916010379791259,0.0116068546181351,0.0116068546181351,0.0001347190741265,2020
LSTM_FINAL_w6_h64_l1_d0.0_e50_lr0.001_b16,220201,San Martin,Bellavista,2,0.1755324790857612,0.1774127930402755,0.0018803139545143,0.0018803139545143,3.5355805675415014e-06,2021
LSTM_FINAL_w6_h64_l1_d0.0_e50_lr0.001_b16,220201,San Martin,Bellavista,3,0.1865088190512035,0.1725048869848251,-0.0140039320663783,0.0140039320663783,0.0001961101133197,2022
LSTM_FINAL_w6_h64_l1_d0.0_e50_lr0.001_b16,220201,San Martin,Bellavista,4,0.1812327853146972,0.1854677051305771,0.0042349198158798,0.0042349198158798,1.7934545846932203e-05,2023
LSTM_FINAL_w6_h64_l1_d0.0_e50_lr0.001_b16,220201,San Martin,Bellavista,5,0.1615451730450105,0.1793499290943145,0.017804756049304,0.017804756049304,0.0003170093379752,2024
LSTM_FINAL_w6_h64_l1_d0.0_e50_lr0.001_b16,220203,San Martin,Bajo Biavo,1,0.523597772021913,0.5399602651596069,0.0163624931376938,0.0163624931376938,0.000267731181681,2020
LSTM_FINAL_w6_h64_l1_d0.0_e50_lr0.001_b16,220203,San Martin,Bajo Biavo,2,0.5058841290153282,0.5129974484443665,0.0071133194290382,0.0071133194290382,5.059931329953314e-05,2021
LSTM_FINAL_w6_h64_l1_d0.0_e50_lr0.001_b16,220203,San Martin,Bajo Biavo,3,0.4932772571240682,0.4941467046737671,0.0008694475496988,0.0008694475496988,7.559390416773606e-07,2022
LSTM_FINAL_w6_h64_l1_d0.0_e50_lr0.001_b16,220203,San Martin,Bajo Biavo,4,0.4901409519413397,0.4826769232749939,-0.0074640286663458,0.0074640286663458,5.571172393203221e-05,2023
LSTM_FINAL_w6_h64_l1_d0.0_e50_lr0.001_b16,220203,San Martin,Bajo Biavo,5,0.4676027104379366,0.4825730323791504,0.0149703219412137,0.0149703219412137,0.0002241105390235,2024
LSTM_FINAL_w6_h64_l1_d0.0_e50_lr0.001_b16,220204,San Martin,Huallaga,1,0.4978598393754952,0.51255202293396,0.0146921835584647,0.0146921835584647,0.0002158602577156,2020
LSTM_FINAL_w6_h64_l1_d0.0_e50_lr0.001_b16,220204,San Martin,Huallaga,2,0.4757627241805278,0.4902111291885376,0.0144484050080098,0.0144484050080098,0.0002087564072754,2021
LSTM_FINAL_w6_h64_l1_d0.0_e50_lr0.001_b16,220204,San Martin,Huallaga,3,0.4629425218946909,0.4642943143844604,0.0013517924897695,0.0013517924897695,1.8273429353974309e-06,2022
LSTM_FINAL_w6_h64_l1_d0.0_e50_lr0.001_b16,220204,San Martin,Huallaga,4,0.466904500738762,0.452380359172821,-0.0145241415659409,0.0145241415659409,0.0002109506882274,2023
LSTM_FINAL_w6_h64_l1_d0.0_e50_lr0.001_b16,220204,San Martin,Huallaga,5,0.4480115710543708,0.4610145092010498,0.013002938146679,0.013002938146679,0.0001690764004463,2024
LSTM_FINAL_w6_h64_l1_d0.0_e50_lr0.001_b16,220205,San Martin,San Pablo,1,0.2642164528448212,0.2624771893024444,-0.0017392635423767,0.0017392635423767,3.025037669840905e-06,2020
LSTM_FINAL_w6_h64_l1_d0.0_e50_lr0.001_b16,220205,San Martin,San Pablo,2,0.2545938320327148,0.261864423751831,0.0072705917191162,0.0072705917191162,5.286150394608193e-05,2021
LSTM_FINAL_w6_h64_l1_d0.0_e50_lr0.001_b16,220205,San Martin,San Pablo,3,0.2590684017316635,0.2501801252365112,-0.0088882764951522,0.0088882764951522,7.900145905427651e-05,2022
LSTM_FINAL_w6_h64_l1_d0.0_e50_lr0.001_b16,220205,San Martin,San Pablo,4,0.2558285479587646,0.255917340517044,8.87925582794824e-05,8.87925582794824e-05,7.884118405815281e-09,2023
LSTM_FINAL_w6_h64_l1_d0.0_e50_lr0.001_b16,220205,San Martin,San Pablo,5,0.2409813440546132,0.2524346709251404,0.0114533268705271,0.0114533268705271,0.0001311786964031,2024
LSTM_FINAL_w6_h64_l1_d0.0_e50_lr0.001_b16,220301,San Martin,San Jose De Sisa,1,0.3535785136578666,0.3503243923187256,-0.0032541213391409,0.0032541213391409,1.058930568985276e-05,2020
LSTM_FINAL_w6_h64_l1_d0.0_e50_lr0.001_b16,220301,San Martin,San Jose De Sisa,2,0.3351280847890495,0.3516003489494324,0.0164722641603828,0.0164722641603828,0.0002713354865694,2021
LSTM_FINAL_w6_h64_l1_d0.0_e50_lr0.001_b16,220301,San Martin,San Jose De Sisa,3,0.3242386462775223,0.3283452987670898,0.0041066524895675,0.0041066524895675,1.6864594670071286e-05,2022
LSTM_FINAL_w6_h64_l1_d0.0_e50_lr0.001_b16,220301,San Martin,San Jose De Sisa,4,0.3118375855506192,0.3168668746948242,0.005029289144205,0.005029289144205,2.529374929601856e-05,2023
LSTM_FINAL_w6_h64_l1_d0.0_e50_lr0.001_b16,220301,San Martin,San Jose De Sisa,5,0.2961426280344016,0.3045352697372436,0.008392641702842,0.008392641702842,7.043643475228336e-05,2024
LSTM_FINAL_w6_h64_l1_d0.0_e50_lr0.001_b16,220302,San Martin,Agua Blanca,1,0.3455616758665216,0.3487895727157593,0.0032278968492376,0.0032278968492376,1.0419318069318594e-05,2020
LSTM_FINAL_w6_h64_l1_d0.0_e50_lr0.001_b16,220302,San Martin,Agua Blanca,2,0.3318985825049586,0.3434343934059143,0.0115358109009557,0.0115358109009557,0.0001330749331426,2021
LSTM_FINAL_w6_h64_l1_d0.0_e50_lr0.001_b16,220302,San Martin,Agua Blanca,3,0.3296941072456855,0.3257927000522613,-0.0039014071934241,0.0039014071934241,1.5220978088901571e-05,2022
LSTM_FINAL_w6_h64_l1_d0.0_e50_lr0.001_b16,220302,San Martin,Agua Blanca,4,0.3165952199531185,0.3242046535015106,0.0076094335483921,0.0076094335483921,5.790347892739531e-05,2023
LSTM_FINAL_w6_h64_l1_d0.0_e50_lr0.001_b16,220302,San Martin,Agua Blanca,5,0.2872274215782647,0.3099612891674042,0.0227338675891394,0.0227338675891394,0.0005168287355605,2024
LSTM_FINAL_w6_h64_l1_d0.0_e50_lr0.001_b16,220303,San Martin,San Martin,1,0.7448397920556521,0.7478995323181152,0.0030597402624631,0.0030597402624631,9.362010473738004e-06,2020
LSTM_FINAL_w6_h64_l1_d0.0_e50_lr0.001_b16,220303,San Martin,San Martin,2,0.7251274051672054,0.7419157028198242,0.0167882976526188,0.0167882976526188,0.0002818469380729,2021
LSTM_FINAL_w6_h64_l1_d0.0_e50_lr0.001_b16,220303,San Martin,San Martin,3,0.7045582547966808,0.7144906520843506,0.0099323972876698,0.0099323972876698,9.865251588011067e-05,2022
LSTM_FINAL_w6_h64_l1_d0.0_e50_lr0.001_b16,220303,San Martin,San Martin,4,0.6793997876864997,0.6901817321777344,0.0107819444912347,0.0107819444912347,0.000116250327012,2023
LSTM_FINAL_w6_h64_l1_d0.0_e50_lr0.001_b16,220303,San Martin,San Martin,5,0.6580984629458327,0.6625587940216064,0.0044603310757737,0.0044603310757737,1.9894553305512613e-05,2024
LSTM_FINAL_w6_h64_l1_d0.0_e50_lr0.001_b16,220304,San Martin,Santa Rosa,1,0.3669703848086291,0.3721054196357727,0.0051350348271436,0.0051350348271436,2.6368582675977846e-05,2020
LSTM_FINAL_w6_h64_l1_d0.0_e50_lr0.001_b16,220304,San Martin,Santa Rosa,2,0.3501940256491574,0.3646215796470642,0.0144275539979067,0.0144275539979067,0.0002081543143625,2021
LSTM_FINAL_w6_h64_l1_d0.0_e50_lr0.001_b16,220304,San Martin,Santa Rosa,3,0.3417167617493309,0.3431971073150635,0.0014803455657325,0.0014803455657325,2.1914229939840708e-06,2022
LSTM_FINAL_w6_h64_l1_d0.0_e50_lr0.001_b16,220304,San Martin,Santa Rosa,4,0.3291344923797272,0.3345794081687927,0.0054449157890655,0.0054449157890655,2.96471079500151e-05,2023
LSTM_FINAL_w6_h64_l1_d0.0_e50_lr0.001_b16,220304,San Martin,Santa Rosa,5,0.302986462746719,0.3217547535896301,0.0187682908429111,0.0187682908429111,0.0003522487411641,2024
LSTM_FINAL_w6_h64_l1_d0.0_e50_lr0.001_b16,220305,San Martin,Shatoja,1,0.3582181479624722,0.3625521063804626,0.0043339584179904,0.0043339584179904,1.878319556887025e-05,2020
LSTM_FINAL_w6_h64_l1_d0.0_e50_lr0.001_b16,220305,San Martin,Shatoja,2,0.3286972713600229,0.3537248373031616,0.0250275659431387,0.0250275659431387,0.0006263790570381,2021
LSTM_FINAL_w6_h64_l1_d0.0_e50_lr0.001_b16,220305,San Martin,Shatoja,3,0.3187996848814725,0.3188351392745971,3.545439312468979e-05,3.545439312468979e-05,1.2570139918400502e-09,2022
LSTM_FINAL_w6_h64_l1_d0.0_e50_lr0.001_b16,220305,San Martin,Shatoja,4,0.3109073981236124,0.3104674816131592,-0.0004399165104532,0.0004399165104532,1.9352653616933795e-07,2023
LSTM_FINAL_w6_h64_l1_d0.0_e50_lr0.001_b16,220305,San Martin,Shatoja,5,0.3010384587839289,0.3042827248573303,0.0032442660734014,0.0032442660734014,1.0525262355023645e-05,2024
LSTM_FINAL_w6_h64_l1_d0.0_e50_lr0.001_b16,220401,San Martin,Saposoa,1,0.6072256464322885,0.6147099137306213,0.0074842672983328,0.0074842672983328,5.6014256992894456e-05,2020
LSTM_FINAL_w6_h64_l1_d0.0_e50_lr0.001_b16,220401,San Martin,Saposoa,2,0.6000618385304732,0.60117506980896,0.0011132312784867,0.0011132312784867,1.2392838794011904e-06,2021
LSTM_FINAL_w6_h64_l1_d0.0_e50_lr0.001_b16,220401,San Martin,Saposoa,3,0.5926665585337172,0.5924525856971741,-0.0002139728365431,0.0002139728365431,4.578437477830844e-08,2022
LSTM_FINAL_w6_h64_l1_d0.0_e50_lr0.001_b16,220401,San Martin,Saposoa,4,0.5851259748861225,0.5844939351081848,-0.0006320397779376,0.0006320397779376,3.994742808955212e-07,2023
LSTM_FINAL_w6_h64_l1_d0.0_e50_lr0.001_b16,220401,San Martin,Saposoa,5,0.5671674573888597,0.5769054293632507,0.009737971974391,0.009737971974391,9.48280981740261e-05,2024
LSTM_FINAL_w6_h64_l1_d0.0_e50_lr0.001_b16,220403,San Martin,El Eslabon,1,0.4029776356917556,0.4092633128166199,0.0062856771248642,0.0062856771248642,3.950973691804202e-05,2020
LSTM_FINAL_w6_h64_l1_d0.0_e50_lr0.001_b16,220403,San Martin,El Eslabon,2,0.3985061980675984,0.3994970917701721,0.0009908937025737,0.0009908937025737,9.818703298002442e-07,2021
LSTM_FINAL_w6_h64_l1_d0.0_e50_lr0.001_b16,220403,San Martin,El Eslabon,3,0.3935078712966457,0.3931960463523865,-0.0003118249442592,0.0003118249442592,9.72347958622797e-08,2022
LSTM_FINAL_w6_h64_l1_d0.0_e50_lr0.001_b16,220403,San Martin,El Eslabon,4,0.3767471003296617,0.3876551985740661,0.0109080982444044,0.0109080982444044,0.0001189866073095,2023
LSTM_FINAL_w6_h64_l1_d0.0_e50_lr0.001_b16,220403,San Martin,El Eslabon,5,0.3564333876836102,0.3685390949249267,0.0121057072413165,0.0121057072413165,0.0001465481478124,2024
LSTM_FINAL_w6_h64_l1_d0.0_e50_lr0.001_b16,220404,San Martin,Piscoyacu,1,0.3987249571611285,0.4069364666938782,0.0082115095327496,0.0082115095327496,6.742888880643892e-05,2020
LSTM_FINAL_w6_h64_l1_d0.0_e50_lr0.001_b16,220404,San Martin,Piscoyacu,2,0.387722651022454,0.3944974541664123,0.0067748031439583,0.0067748031439583,4.5897957639387824e-05,2021
LSTM_FINAL_w6_h64_l1_d0.0_e50_lr0.001_b16,220404,San Martin,Piscoyacu,3,0.36994513661526,0.3808154463768005,0.0108703097615405,0.0108703097615405,0.0001181636343118,2022
LSTM_FINAL_w6_h64_l1_d0.0_e50_lr0.001_b16,220404,San Martin,Piscoyacu,4,0.3545774630499301,0.3609543442726135,0.0063768812226834,0.0063768812226834,4.066461412821249e-05,2023
LSTM_FINAL_w6_h64_l1_d0.0_e50_lr0.001_b16,220404,San Martin,Piscoyacu,5,0.3424492476654667,0.3455294370651245,0.0030801893996578,0.0030801893996578,9.487566737764388e-06,2024
LSTM_FINAL_w6_h64_l1_d0.0_e50_lr0.001_b16,220405,San Martin,Sacanche,1,0.3772073268435089,0.3830826878547668,0.0058753610112579,0.0058753610112579,3.4519867012610184e-05,2020
LSTM_FINAL_w6_h64_l1_d0.0_e50_lr0.001_b16,220405,San Martin,Sacanche,2,0.3649483630936049,0.3737981915473938,0.0088498284537889,0.0088498284537889,7.831946366149163e-05,2021
LSTM_FINAL_w6_h64_l1_d0.0_e50_lr0.001_b16,220405,San Martin,Sacanche,3,0.3496493519321312,0.3582870066165924,0.0086376546844612,0.0086376546844612,7.460907844799459e-05,2022
LSTM_FINAL_w6_h64_l1_d0.0_e50_lr0.001_b16,220405,San Martin,Sacanche,4,0.3251808114841358,0.3414213061332702,0.0162404946491344,0.0162404946491344,0.0002637536664485,2023
LSTM_FINAL_w6_h64_l1_d0.0_e50_lr0.001_b16,220405,San Martin,Sacanche,5,0.3092617184499051,0.3150513768196106,0.0057896583697055,0.0057896583697055,3.352014403790117e-05,2024
LSTM_FINAL_w6_h64_l1_d0.0_e50_lr0.001_b16,220501,San Martin,Lamas,1,0.4863276556889722,0.4768226146697998,-0.0095050410191723,0.0095050410191723,9.034580477614948e-05,2020
LSTM_FINAL_w6_h64_l1_d0.0_e50_lr0.001_b16,220501,San Martin,Lamas,2,0.4735718355886008,0.491739273071289,0.0181674374826882,0.0181674374826882,0.0003300557846873,2021
LSTM_FINAL_w6_h64_l1_d0.0_e50_lr0.001_b16,220501,San Martin,Lamas,3,0.458914313567991,0.4697104096412658,0.0107960960732748,0.0107960960732748,0.0001165556904233,2022
LSTM_FINAL_w6_h64_l1_d0.0_e50_lr0.001_b16,220501,San Martin,Lamas,4,0.4386409353352694,0.4504013657569885,0.0117604304217191,0.0117604304217191,0.000138307723704,2023
LSTM_FINAL_w6_h64_l1_d0.0_e50_lr0.001_b16,220501,San Martin,Lamas,5,0.4195072051847122,0.4275746345520019,0.0080674293672897,0.0080674293672897,6.50834165962094e-05,2024
LSTM_FINAL_w6_h64_l1_d0.0_e50_lr0.001_b16,220502,San Martin,Alonso De Alvarado,1,0.5448829290974816,0.5442041754722595,-0.000678753625222,0.000678753625222,4.60706483752106e-07,2020
LSTM_FINAL_w6_h64_l1_d0.0_e50_lr0.001_b16,220502,San Martin,Alonso De Alvarado,2,0.527762528311509,0.5458959341049194,0.0181334057934103,0.0181334057934103,0.0003288204056684,2021
LSTM_FINAL_w6_h64_l1_d0.0_e50_lr0.001_b16,220502,San Martin,Alonso De Alvarado,3,0.5124570640027599,0.5207850933074951,0.0083280293047351,0.0083280293047351,6.935607210052819e-05,2022
LSTM_FINAL_w6_h64_l1_d0.0_e50_lr0.001_b16,220502,San Martin,Alonso De Alvarado,4,0.4873989410370637,0.5023337602615356,0.0149348192244719,0.0149348192244719,0.0002230488252676,2023
LSTM_FINAL_w6_h64_l1_d0.0_e50_lr0.001_b16,220502,San Martin,Alonso De Alvarado,5,0.4704975325863594,0.4742282629013061,0.0037307303149467,0.0037307303149467,1.391834868286268e-05,2024
LSTM_FINAL_w6_h64_l1_d0.0_e50_lr0.001_b16,220503,San Martin,Barranquita,1,0.6822344607104468,0.6818056702613831,-0.0004287904490637,0.0004287904490637,1.8386124920828626e-07,2020
LSTM_FINAL_w6_h64_l1_d0.0_e50_lr0.001_b16,220503,San Martin,Barranquita,2,0.6784903573580665,0.6767860054969788,-0.0017043518610877,0.0017043518610877,2.9048152663932755e-06,2021
LSTM_FINAL_w6_h64_l1_d0.0_e50_lr0.001_b16,220503,San Martin,Barranquita,3,0.6663369390463336,0.6720274090766907,0.005690470030357,0.005690470030357,3.2381449166391805e-05,2022
LSTM_FINAL_w6_h64_l1_d0.0_e50_lr0.001_b16,220503,San Martin,Barranquita,4,0.6581066350890139,0.6570152640342712,-0.0010913710547426,0.0010913710547426,1.1910907791301117e-06,2023
LSTM_FINAL_w6_h64_l1_d0.0_e50_lr0.001_b16,220503,San Martin,Barranquita,5,0.6310163034480208,0.648707389831543,0.0176910863835221,0.0176910863835221,0.0003129745374292,2024
LSTM_FINAL_w6_h64_l1_d0.0_e50_lr0.001_b16,220504,San Martin,Caynarachi,1,0.7807769331585845,0.7770975828170776,-0.0036793503415069,0.0036793503415069,1.353761893554697e-05,2020
LSTM_FINAL_w6_h64_l1_d0.0_e50_lr0.001_b16,220504,San Martin,Caynarachi,2,0.780681869812145,0.774630069732666,-0.006051800079479,0.006051800079479,3.66242842019824e-05,2021
LSTM_FINAL_w6_h64_l1_d0.0_e50_lr0.001_b16,220504,San Martin,Caynarachi,3,0.7709861074705111,0.7746657729148865,0.0036796654443753,0.0036796654443753,1.3539937782530175e-05,2022
LSTM_FINAL_w6_h64_l1_d0.0_e50_lr0.001_b16,220504,San Martin,Caynarachi,4,0.7615587592835299,0.7620627284049988,0.0005039691214688,0.0005039691214688,2.5398487539411824e-07,2023
LSTM_FINAL_w6_h64_l1_d0.0_e50_lr0.001_b16,220504,San Martin,Caynarachi,5,0.747415989515072,0.751389741897583,0.0039737523825109,0.0039737523825109,1.5790707997511566e-05,2024
LSTM_FINAL_w6_h64_l1_d0.0_e50_lr0.001_b16,220505,San Martin,Cuñumbuqui,1,0.3374020626603831,0.333285391330719,-0.004116671329664,0.004116671329664,1.6946982836478306e-05,2020
LSTM_FINAL_w6_h64_l1_d0.0_e50_lr0.001_b16,220505,San Martin,Cuñumbuqui,2,0.3226346242035731,0.3348603248596191,0.012225700656046,0.012225700656046,0.0001494677565312,2021
LSTM_FINAL_w6_h64_l1_d0.0_e50_lr0.001_b16,220505,San Martin,Cuñumbuqui,3,0.3152045585379894,0.316557765007019,0.0013532064690296,0.0013532064690296,1.8311677478236768e-06,2022
LSTM_FINAL_w6_h64_l1_d0.0_e50_lr0.001_b16,220505,San Martin,Cuñumbuqui,4,0.309242943145118,0.30893075466156,-0.0003121884835579,0.0003121884835579,9.74616492662202e-08,2023
LSTM_FINAL_w6_h64_l1_d0.0_e50_lr0.001_b16,220505,San Martin,Cuñumbuqui,5,0.2994077413185805,0.3035661578178406,0.00415841649926,0.00415841649926,1.7292427781318425e-05,2024
LSTM_FINAL_w6_h64_l1_d0.0_e50_lr0.001_b16,220506,San Martin,Pinto Recodo,1,0.7941040065818105,0.7939021587371826,-0.0002018478446278,0.0002018478446278,4.074255238090661e-08,2020
LSTM_FINAL_w6_h64_l1_d0.0_e50_lr0.001_b16,220506,San Martin,Pinto Recodo,2,0.7839612842154081,0.7904596328735352,0.006498348658127,0.006498348658127,4.22285352825815e-05,2021
LSTM_FINAL_w6_h64_l1_d0.0_e50_lr0.001_b16,220506,San Martin,Pinto Recodo,3,0.7766441025771346,0.7757554650306702,-0.0008886375464643,0.0008886375464643,7.896766889862672e-07,2022
LSTM_FINAL_w6_h64_l1_d0.0_e50_lr0.001_b16,220506,San Martin,Pinto Recodo,4,0.7632867121760316,0.767082691192627,0.0037959790165953,0.0037959790165953,1.4409456694432131e-05,2023
LSTM_FINAL_w6_h64_l1_d0.0_e50_lr0.001_b16,220506,San Martin,Pinto Recodo,5,0.7511332340132209,0.751581072807312,0.0004478387940911,0.0004478387940911,2.005595854930243e-07,2024
LSTM_FINAL_w6_h64_l1_d0.0_e50_lr0.001_b16,220507,San Martin,Rumisapa,1,0.2832593938746058,0.2893434166908264,0.0060840228162206,0.0060840228162206,3.7015333628293006e-05,2020
LSTM_FINAL_w6_h64_l1_d0.0_e50_lr0.001_b16,220507,San Martin,Rumisapa,2,0.2590731733390347,0.2789681553840637,0.019894982045029,0.019894982045029,0.000395810310572,2021
LSTM_FINAL_w6_h64_l1_d0.0_e50_lr0.001_b16,220507,San Martin,Rumisapa,3,0.2297557325351435,0.2514480054378509,0.0216922729027074,0.0216922729027074,0.0004705547036855,2022
LSTM_FINAL_w6_h64_l1_d0.0_e50_lr0.001_b16,220507,San Martin,Rumisapa,4,0.2048479341493398,0.2204717844724655,0.0156238503231257,0.0156238503231257,0.0002441046989194,2023
LSTM_FINAL_w6_h64_l1_d0.0_e50_lr0.001_b16,220507,San Martin,Rumisapa,5,0.1848842802929071,0.1963599175214767,0.0114756372285696,0.0114756372285696,0.0001316902498017,2024
LSTM_FINAL_w6_h64_l1_d0.0_e50_lr0.001_b16,220510,San Martin,Tabalosos,1,0.6001993283713989,0.5985478758811951,-0.0016514524902038,0.0016514524902038,2.727295327400397e-06,2020
LSTM_FINAL_w6_h64_l1_d0.0_e50_lr0.001_b16,220510,San Martin,Tabalosos,2,0.5865875571964415,0.6023598313331604,0.0157722741367188,0.0157722741367188,0.0002487646314438,2021
LSTM_FINAL_w6_h64_l1_d0.0_e50_lr0.001_b16,220510,San Martin,Tabalosos,3,0.5743529192278235,0.5806815028190613,0.0063285835912377,0.0063285835912377,4.005097027128407e-05,2022
LSTM_FINAL_w6_h64_l1_d0.0_e50_lr0.001_b16,220510,San Martin,Tabalosos,4,0.5560009622748964,0.5651255249977112,0.0091245627228148,0.0091245627228148,8.325764488258163e-05,2023
LSTM_FINAL_w6_h64_l1_d0.0_e50_lr0.001_b16,220510,San Martin,Tabalosos,5,0.5390015906993185,0.5442615151405334,0.0052599244412149,0.0052599244412149,2.766680512729014e-05,2024
LSTM_FINAL_w6_h64_l1_d0.0_e50_lr0.001_b16,220511,San Martin,Zapatero,1,0.1938869565660217,0.191087394952774,-0.0027995616132476,0.0027995616132476,7.837545226369801e-06,2020
LSTM_FINAL_w6_h64_l1_d0.0_e50_lr0.001_b16,220511,San Martin,Zapatero,2,0.1849852571969832,0.1931618899106979,0.0081766327137147,0.0081766327137147,6.685732253499013e-05,2021
LSTM_FINAL_w6_h64_l1_d0.0_e50_lr0.001_b16,220511,San Martin,Zapatero,3,0.1884481608416892,0.1822031289339065,-0.0062450319077826,0.0062450319077826,3.900042352922327e-05,2022
LSTM_FINAL_w6_h64_l1_d0.0_e50_lr0.001_b16,220511,San Martin,Zapatero,4,0.1871903120178034,0.186284601688385,-0.0009057103294183,0.0009057103294183,8.203112008151603e-07,2023
LSTM_FINAL_w6_h64_l1_d0.0_e50_lr0.001_b16,220511,San Martin,Zapatero,5,0.178502497873879,0.1851278841495514,0.0066253862756723,0.0066253862756723,4.389574330186799e-05,2024
LSTM_FINAL_w6_h64_l1_d0.0_e50_lr0.001_b16,220601,San Martin,Juanjui,1,0.4664424808923571,0.4720242023468017,0.0055817214544446,0.0055817214544446,3.11556143950075e-05,2020
LSTM_FINAL_w6_h64_l1_d0.0_e50_lr0.001_b16,220601,San Martin,Juanjui,2,0.4457228009614756,0.4623826146125793,0.0166598136511037,0.0166598136511037,0.0002775493908895,2021
LSTM_FINAL_w6_h64_l1_d0.0_e50_lr0.001_b16,220601,San Martin,Juanjui,3,0.4332446234055497,0.4363529086112976,0.0031082852057479,0.0031082852057479,9.66143692027131e-06,2022
LSTM_FINAL_w6_h64_l1_d0.0_e50_lr0.001_b16,220601,San Martin,Juanjui,4,0.4354957286467013,0.4236736297607422,-0.011822098885959,0.011822098885959,0.0001397620220693,2023
LSTM_FINAL_w6_h64_l1_d0.0_e50_lr0.001_b16,220601,San Martin,Juanjui,5,0.4154359237556996,0.4295516610145569,0.0141157372588572,0.0141157372588572,0.000199254038361,2024
LSTM_FINAL_w6_h64_l1_d0.0_e50_lr0.001_b16,220605,San Martin,Pajarillo,1,0.3333567603552317,0.3367654681205749,0.0034087077653432,0.0034087077653432,1.1619288629511332e-05,2020
LSTM_FINAL_w6_h64_l1_d0.0_e50_lr0.001_b16,220605,San Martin,Pajarillo,2,0.3152320544131629,0.3298455774784088,0.0146135230652459,0.0146135230652459,0.0002135550563784,2021
LSTM_FINAL_w6_h64_l1_d0.0_e50_lr0.001_b16,220605,San Martin,Pajarillo,3,0.3056933519968607,0.3080518245697021,0.0023584725728414,0.0023584725728414,5.562392876845327e-06,2022
LSTM_FINAL_w6_h64_l1_d0.0_e50_lr0.001_b16,220605,San Martin,Pajarillo,4,0.3104666077086616,0.2987123131752014,-0.0117542945334601,0.0117542945334601,0.0001381634399793,2023
LSTM_FINAL_w6_h64_l1_d0.0_e50_lr0.001_b16,220605,San Martin,Pajarillo,5,0.2918167460257033,0.306432843208313,0.0146160971826097,0.0146160971826097,0.0002136302968514,2024
LSTM_FINAL_w6_h64_l1_d0.0_e50_lr0.001_b16,220701,San Martin,Picota,1,0.3992403202091161,0.3973765969276428,-0.0018637232814732,0.0018637232814732,3.4734644699055045e-06,2020
LSTM_FINAL_w6_h64_l1_d0.0_e50_lr0.001_b16,220701,San Martin,Picota,2,0.3986644339160268,0.3959410786628723,-0.0027233552531544,0.0027233552531544,7.416663834884103e-06,2021
LSTM_FINAL_w6_h64_l1_d0.0_e50_lr0.001_b16,220701,San Martin,Picota,3,0.3950457441594511,0.3945301175117492,-0.0005156266477018,0.0005156266477018,2.658708398202249e-07,2022
LSTM_FINAL_w6_h64_l1_d0.0_e50_lr0.001_b16,220701,San Martin,Picota,4,0.3865504002613952,0.3900149464607239,0.0034645461993286,0.0034645461993286,1.2003080367282784e-05,2023
LSTM_FINAL_w6_h64_l1_d0.0_e50_lr0.001_b16,220701,San Martin,Picota,5,0.3634250939388989,0.3802396655082702,0.0168145715693713,0.0168145715693713,0.0002827298170615,2024
LSTM_FINAL_w6_h64_l1_d0.0_e50_lr0.001_b16,220702,San Martin,Buenos Aires,1,0.3520505109872239,0.3432301878929138,-0.00882032309431,0.00882032309431,7.779809948801971e-05,2020
LSTM_FINAL_w6_h64_l1_d0.0_e50_lr0.001_b16,220702,San Martin,Buenos Aires,2,0.3357251681892621,0.3507032990455627,0.0149781308563006,0.0149781308563006,0.0002243444039484,2021
LSTM_FINAL_w6_h64_l1_d0.0_e50_lr0.001_b16,220702,San Martin,Buenos Aires,3,0.3342472710257976,0.3297504782676697,-0.0044967927581279,0.0044967927581279,2.022114510955172e-05,2022
LSTM_FINAL_w6_h64_l1_d0.0_e50_lr0.001_b16,220702,San Martin,Buenos Aires,4,0.333747981443546,0.3288474082946777,-0.0049005731488682,0.0049005731488682,2.4015617187408676e-05,2023
LSTM_FINAL_w6_h64_l1_d0.0_e50_lr0.001_b16,220702,San Martin,Buenos Aires,5,0.3216851451363488,0.3292901515960693,0.0076050064597205,0.0076050064597205,5.783612325239068e-05,2024
LSTM_FINAL_w6_h64_l1_d0.0_e50_lr0.001_b16,220704,San Martin,Pilluana,1,0.5112911813211786,0.5018442273139954,-0.0094469540071832,0.0094469540071832,8.924494001383483e-05,2020
LSTM_FINAL_w6_h64_l1_d0.0_e50_lr0.001_b16,220704,San Martin,Pilluana,2,0.5091485189658083,0.5130969285964966,0.0039484096306883,0.0039484096306883,1.5589938611712282e-05,2021
LSTM_FINAL_w6_h64_l1_d0.0_e50_lr0.001_b16,220704,San Martin,Pilluana,3,0.5087719298245614,0.5063770413398743,-0.0023948884846871,0.0023948884846871,5.735490854087177e-06,2022
LSTM_FINAL_w6_h64_l1_d0.0_e50_lr0.001_b16,220704,San Martin,Pilluana,4,0.501447920318932,0.5043747425079346,0.0029268221890025,0.0029268221890025,8.56628812603757e-06,2023
LSTM_FINAL_w6_h64_l1_d0.0_e50_lr0.001_b16,220704,San Martin,Pilluana,5,0.4919942342903892,0.4949744939804077,0.0029802596900185,0.0029802596900185,8.881947819949329e-06,2024
LSTM_FINAL_w6_h64_l1_d0.0_e50_lr0.001_b16,220705,San Martin,Pucacaca,1,0.4758609225169735,0.4729068875312805,-0.0029540349856929,0.0029540349856929,8.726322696698041e-06,2020
LSTM_FINAL_w6_h64_l1_d0.0_e50_lr0.001_b16,220705,San Martin,Pucacaca,2,0.4807342339189473,0.4723058342933655,-0.0084283996255818,0.0084283996255818,7.10379202485081e-05,2021
LSTM_FINAL_w6_h64_l1_d0.0_e50_lr0.001_b16,220705,San Martin,Pucacaca,3,0.4854938055574998,0.4775727987289428,-0.0079210068285569,0.0079210068285569,6.274234917804588e-05,2022
LSTM_FINAL_w6_h64_l1_d0.0_e50_lr0.001_b16,220705,San Martin,Pucacaca,4,0.4750866172044516,0.4826423525810241,0.0075557353765725,0.0075557353765725,5.708913708079007e-05,2023
LSTM_FINAL_w6_h64_l1_d0.0_e50_lr0.001_b16,220705,San Martin,Pucacaca,5,0.445457408833205,0.4688237309455871,0.0233663221123821,0.0233663221123821,0.0005459850090595,2024
LSTM_FINAL_w6_h64_l1_d0.0_e50_lr0.001_b16,220706,San Martin,San Cristobal,1,0.3861228344597586,0.3853163123130798,-0.0008065221466787,0.0008065221466787,6.504779730833095e-07,2020
LSTM_FINAL_w6_h64_l1_d0.0_e50_lr0.001_b16,220706,San Martin,San Cristobal,2,0.3917893929108992,0.3817609548568725,-0.0100284380540266,0.0100284380540266,0.0001005695698034,2021
LSTM_FINAL_w6_h64_l1_d0.0_e50_lr0.001_b16,220706,San Martin,San Cristobal,3,0.4098220346486438,0.3885648846626282,-0.0212571499860156,0.0212571499860156,0.0004518664255279,2022
LSTM_FINAL_w6_h64_l1_d0.0_e50_lr0.001_b16,220706,San Martin,San Cristobal,4,0.4261429035209397,0.4097698926925659,-0.0163730108283737,0.0163730108283737,0.000268075483586,2023
LSTM_FINAL_w6_h64_l1_d0.0_e50_lr0.001_b16,220706,San Martin,San Cristobal,5,0.4205353717203317,0.4272471070289612,0.0067117353086295,0.0067117353086295,4.504739085310403e-05,2024
LSTM_FINAL_w6_h64_l1_d0.0_e50_lr0.001_b16,220707,San Martin,San Hilarion,1,0.3140235575281666,0.3138504326343536,-0.0001731248938129,0.0001731248938129,2.997222885774073e-08,2020
LSTM_FINAL_w6_h64_l1_d0.0_e50_lr0.001_b16,220707,San Martin,San Hilarion,2,0.3142966882895186,0.3080699443817138,-0.0062267439078047,0.0062267439078047,3.877233969338363e-05,2021
LSTM_FINAL_w6_h64_l1_d0.0_e50_lr0.001_b16,220707,San Martin,San Hilarion,3,0.3208176852167975,0.3098761439323425,-0.0109415412844549,0.0109415412844549,0.0001197173256794,2022
LSTM_FINAL_w6_h64_l1_d0.0_e50_lr0.001_b16,220707,San Martin,San Hilarion,4,0.3174632980539433,0.3181356191635132,0.0006723211095698,0.0006723211095698,4.520156743732806e-07,2023
LSTM_FINAL_w6_h64_l1_d0.0_e50_lr0.001_b16,220707,San Martin,San Hilarion,5,0.3020740867190167,0.3137434720993042,0.0116693853802875,0.0116693853802875,0.0001361745551536,2024
LSTM_FINAL_w6_h64_l1_d0.0_e50_lr0.001_b16,220708,San Martin,Shamboyacu,1,0.5518028865177508,0.5718528628349304,0.0200499763171796,0.0200499763171796,0.0004020015503194,2020
LSTM_FINAL_w6_h64_l1_d0.0_e50_lr0.001_b16,220708,San Martin,Shamboyacu,2,0.5357739625516944,0.5396378636360168,0.0038639010843224,0.0038639010843224,1.4929731589428134e-05,2021
LSTM_FINAL_w6_h64_l1_d0.0_e50_lr0.001_b16,220708,San Martin,Shamboyacu,3,0.5237471821065746,0.5235510468482971,-0.0001961352582774,0.0001961352582774,3.846903953955855e-08,2022
LSTM_FINAL_w6_h64_l1_d0.0_e50_lr0.001_b16,220708,San Martin,Shamboyacu,4,0.5107277796243411,0.5129477977752686,0.0022200181509274,0.0022200181509274,4.928480590447234e-06,2023
LSTM_FINAL_w6_h64_l1_d0.0_e50_lr0.001_b16,220708,San Martin,Shamboyacu,5,0.4962160524393856,0.5006238222122192,0.0044077697728336,0.0044077697728336,1.942843437030589e-05,2024
LSTM_FINAL_w6_h64_l1_d0.0_e50_lr0.001_b16,220710,San Martin,Tres Unidos,1,0.6648895512803618,0.6701770424842834,0.0052874912039216,0.0052874912039216,2.7957563231549247e-05,2020
LSTM_FINAL_w6_h64_l1_d0.0_e50_lr0.001_b16,220710,San Martin,Tres Unidos,2,0.6512029673434082,0.6568955779075623,0.005692610564154,0.005692610564154,3.240581503511822e-05,2021
LSTM_FINAL_w6_h64_l1_d0.0_e50_lr0.001_b16,220710,San Martin,Tres Unidos,3,0.6378470466738391,0.640827476978302,0.0029804303044629,0.0029804303044629,8.882964799761014e-06,2022
LSTM_FINAL_w6_h64_l1_d0.0_e50_lr0.001_b16,220710,San Martin,Tres Unidos,4,0.6259431690480013,0.6266030073165894,0.000659838268588,0.000659838268588,4.353865406932946e-07,2023
LSTM_FINAL_w6_h64_l1_d0.0_e50_lr0.001_b16,220710,San Martin,Tres Unidos,5,0.6019796666051664,0.6150191426277161,0.0130394760225496,0.0130394760225496,0.0001700279349426,2024
LSTM_FINAL_w6_h64_l1_d0.0_e50_lr0.001_b16,220802,San Martin,Awajun,1,0.5355809190581077,0.5296539664268494,-0.0059269526312583,0.0059269526312583,3.512876749317979e-05,2020
LSTM_FINAL_w6_h64_l1_d0.0_e50_lr0.001_b16,220802,San Martin,Awajun,2,0.5382086060261153,0.5308971405029297,-0.0073114655231856,0.0073114655231856,5.3457528096732014e-05,2021
LSTM_FINAL_w6_h64_l1_d0.0_e50_lr0.001_b16,220802,San Martin,Awajun,3,0.5366646642848862,0.5342491865158081,-0.0024154777690781,0.0024154777690781,5.834532852910678e-06,2022
LSTM_FINAL_w6_h64_l1_d0.0_e50_lr0.001_b16,220802,San Martin,Awajun,4,0.5258711238982509,0.5319471955299377,0.0060760716316868,0.0060760716316868,3.691864647339013e-05,2023
LSTM_FINAL_w6_h64_l1_d0.0_e50_lr0.001_b16,220802,San Martin,Awajun,5,0.5191631449337984,0.518426239490509,-0.0007369054432894,0.0007369054432894,5.430296323495694e-07,2024
LSTM_FINAL_w6_h64_l1_d0.0_e50_lr0.001_b16,220803,San Martin,Elias Soplin Vargas,1,0.6579222347659429,0.6558789610862732,-0.0020432736796697,0.0020432736796697,4.174967330031044e-06,2020
LSTM_FINAL_w6_h64_l1_d0.0_e50_lr0.001_b16,220803,San Martin,Elias Soplin Vargas,2,0.6578644753078317,0.6527425050735474,-0.0051219702342842,0.0051219702342842,2.6234579080894263e-05,2021
LSTM_FINAL_w6_h64_l1_d0.0_e50_lr0.001_b16,220803,San Martin,Elias Soplin Vargas,3,0.6580377536821654,0.6527218818664551,-0.0053158718157103,0.0053158718157103,2.825849316106376e-05,2022
LSTM_FINAL_w6_h64_l1_d0.0_e50_lr0.001_b16,220803,San Martin,Elias Soplin Vargas,4,0.6494578487227284,0.652956485748291,0.0034986370255626,0.0034986370255626,1.2240461036637755e-05,2023
LSTM_FINAL_w6_h64_l1_d0.0_e50_lr0.001_b16,220803,San Martin,Elias Soplin Vargas,5,0.6291842789256741,0.6419745087623596,0.0127902298366855,0.0127902298366855,0.0001635899792752,2024
LSTM_FINAL_w6_h64_l1_d0.0_e50_lr0.001_b16,220804,San Martin,Nueva Cajamarca,1,0.5888559349108645,0.5833316445350647,-0.0055242903757998,0.0055242903757998,3.0517784156154546e-05,2020
LSTM_FINAL_w6_h64_l1_d0.0_e50_lr0.001_b16,220804,San Martin,Nueva Cajamarca,2,0.5891461310728205,0.5833815336227417,-0.0057645974500788,0.0057645974500788,3.323058376145553e-05,2021
LSTM_FINAL_w6_h64_l1_d0.0_e50_lr0.001_b16,220804,San Martin,Nueva Cajamarca,3,0.5879800217247769,0.5842154026031494,-0.0037646191216275,0.0037646191216275,1.4172357130923488e-05,2022
LSTM_FINAL_w6_h64_l1_d0.0_e50_lr0.001_b16,220804,San Martin,Nueva Cajamarca,4,0.5816675896147047,0.5828707218170166,0.0012031322023119,0.0012031322023119,1.4475270962399805e-06,2023
LSTM_FINAL_w6_h64_l1_d0.0_e50_lr0.001_b16,220804,San Martin,Nueva Cajamarca,5,0.5762816553428042,0.5750473141670227,-0.0012343411757814,0.0012343411757814,1.5235981382295882e-06,2024
LSTM_FINAL_w6_h64_l1_d0.0_e50_lr0.001_b16,220806,San Martin,Posic,1,0.3292907765430219,0.3398400247097015,0.0105492481666796,0.0105492481666796,0.0001112866368821,2020
LSTM_FINAL_w6_h64_l1_d0.0_e50_lr0.001_b16,220806,San Martin,Posic,2,0.3222881886300976,0.3224247992038727,0.000136610573775,0.000136610573775,1.866244886715233e-08,2021
LSTM_FINAL_w6_h64_l1_d0.0_e50_lr0.001_b16,220806,San Martin,Posic,3,0.3258233115136753,0.3158788084983825,-0.0099445030152927,0.0099445030152927,9.88931402211657e-05,2022
LSTM_FINAL_w6_h64_l1_d0.0_e50_lr0.001_b16,220806,San Martin,Posic,4,0.3040713113783596,0.3217338919639587,0.0176625805855991,0.0176625805855991,0.0003119667529427,2023
LSTM_FINAL_w6_h64_l1_d0.0_e50_lr0.001_b16,220806,San Martin,Posic,5,0.2794607669017777,0.2967158555984497,0.017255088696672,0.017255088696672,0.00029773808593,2024
LSTM_FINAL_w6_h64_l1_d0.0_e50_lr0.001_b16,220807,San Martin,San Fernando,1,0.1658237133701401,0.1665534824132919,0.0007297690431518,0.0007297690431518,5.32562856342744e-07,2020
LSTM_FINAL_w6_h64_l1_d0.0_e50_lr0.001_b16,220807,San Martin,San Fernando,2,0.159105826029883,0.1638567149639129,0.0047508889340299,0.0047508889340299,2.257094566348845e-05,2021
LSTM_FINAL_w6_h64_l1_d0.0_e50_lr0.001_b16,220807,San Martin,San Fernando,3,0.1475103921341518,0.1566964834928512,0.0091860913586994,0.0091860913586994,8.4384274450373e-05,2022
LSTM_FINAL_w6_h64_l1_d0.0_e50_lr0.001_b16,220807,San Martin,San Fernando,4,0.132401580376562,0.1445064395666122,0.0121048591900502,0.0121048591900502,0.0001465276160109,2023
LSTM_FINAL_w6_h64_l1_d0.0_e50_lr0.001_b16,220807,San Martin,San Fernando,5,0.1213080576039535,0.1290781646966934,0.0077701070927399,0.0077701070927399,6.0374564232647294e-05,2024
LSTM_FINAL_w6_h64_l1_d0.0_e50_lr0.001_b16,220808,San Martin,Yorongos,1,0.4266312916589646,0.422037124633789,-0.0045941670251755,0.0045941670251755,2.110637065521e-05,2020
LSTM_FINAL_w6_h64_l1_d0.0_e50_lr0.001_b16,220808,San Martin,Yorongos,2,0.4260115041264801,0.4250850081443786,-0.0009264959821014,0.0009264959821014,8.583948048500884e-07,2021
LSTM_FINAL_w6_h64_l1_d0.0_e50_lr0.001_b16,220808,San Martin,Yorongos,3,0.4283384257396675,0.4224585890769958,-0.0058798366626716,0.0058798366626716,3.457247917969789e-05,2022
LSTM_FINAL_w6_h64_l1_d0.0_e50_lr0.001_b16,220808,San Martin,Yorongos,4,0.4121695825676601,0.4245765209197998,0.0124069383521396,0.0124069383521396,0.0001539321192737,2023
LSTM_FINAL_w6_h64_l1_d0.0_e50_lr0.001_b16,220808,San Martin,Yorongos,5,0.4044929159372383,0.404582679271698,8.976333445970264e-05,8.976333445970264e-05,8.057456213324439e-09,2024
LSTM_FINAL_w6_h64_l1_d0.0_e50_lr0.001_b16,220809,San Martin,Yuracyacu,1,0.1502808988764045,0.1510694921016693,0.0007885932252648,0.0007885932252648,6.218792749335567e-07,2020
LSTM_FINAL_w6_h64_l1_d0.0_e50_lr0.001_b16,220809,San Martin,Yuracyacu,2,0.1431294427883513,0.1484891325235366,0.0053596897351853,0.0053596897351853,2.872627405745159e-05,2021
LSTM_FINAL_w6_h64_l1_d0.0_e50_lr0.001_b16,220809,San Martin,Yuracyacu,3,0.1386723228617289,0.1410412937402725,0.0023689708785436,0.0023689708785436,5.612023023387753e-06,2022
LSTM_FINAL_w6_h64_l1_d0.0_e50_lr0.001_b16,220809,San Martin,Yuracyacu,4,0.1295574409539096,0.1367398053407669,0.0071823643868573,0.0071823643868573,5.158635818559633e-05,2023
LSTM_FINAL_w6_h64_l1_d0.0_e50_lr0.001_b16,220809,San Martin,Yuracyacu,5,0.1247420316441183,0.1274626106023788,0.0027205789582605,0.0027205789582605,7.401549868130014e-06,2024
LSTM_FINAL_w6_h64_l1_d0.0_e50_lr0.001_b16,220902,San Martin,Alberto Leveau,1,0.6091401907637412,0.6135756969451904,0.0044355061814492,0.0044355061814492,1.967371508567476e-05,2020
LSTM_FINAL_w6_h64_l1_d0.0_e50_lr0.001_b16,220902,San Martin,Alberto Leveau,2,0.5906470870788444,0.6086739897727966,0.0180269026939522,0.0180269026939522,0.0003249692207372,2021
LSTM_FINAL_w6_h64_l1_d0.0_e50_lr0.001_b16,220902,San Martin,Alberto Leveau,3,0.6041995471076649,0.5824605226516724,-0.0217390244559925,0.0217390244559925,0.0004725851842982,2022
LSTM_FINAL_w6_h64_l1_d0.0_e50_lr0.001_b16,220902,San Martin,Alberto Leveau,4,0.5961538461538461,0.6008522510528564,0.0046984048990103,0.0046984048990103,2.2075008595043983e-05,2023
LSTM_FINAL_w6_h64_l1_d0.0_e50_lr0.001_b16,220902,San Martin,Alberto Leveau,5,0.5823955259726892,0.5899690389633179,0.0075735129906286,0.0075735129906286,5.73580990192216e-05,2024
LSTM_FINAL_w6_h64_l1_d0.0_e50_lr0.001_b16,220906,San Martin,El Porvenir,1,0.670344214080825,0.6754336357116699,0.0050894216308449,0.0050894216308449,2.5902212536512112e-05,2020
LSTM_FINAL_w6_h64_l1_d0.0_e50_lr0.001_b16,220906,San Martin,El Porvenir,2,0.6629443375331324,0.661444902420044,-0.0014994351130884,0.0014994351130884,2.248305658362652e-06,2021
LSTM_FINAL_w6_h64_l1_d0.0_e50_lr0.001_b16,220906,San Martin,El Porvenir,3,0.6372517337787299,0.6539652347564697,0.0167135009777398,0.0167135009777398,0.0002793411149329,2022
LSTM_FINAL_w6_h64_l1_d0.0_e50_lr0.001_b16,220906,San Martin,El Porvenir,4,0.61286082567808,0.6232540011405945,0.0103931754625145,0.0103931754625145,0.0001080180961946,2023
LSTM_FINAL_w6_h64_l1_d0.0_e50_lr0.001_b16,220906,San Martin,El Porvenir,5,0.5942177117751716,0.5971201062202454,0.0029023944450737,0.0029023944450737,8.42389351479517e-06,2024
LSTM_FINAL_w6_h64_l1_d0.0_e50_lr0.001_b16,220908,San Martin,Juan Guerra,1,0.2865917630692296,0.2720812559127807,-0.0145105071564488,0.0145105071564488,0.0002105548179373,2020
LSTM_FINAL_w6_h64_l1_d0.0_e50_lr0.001_b16,220908,San Martin,Juan Guerra,2,0.2870724278656172,0.2871148586273193,4.2430761702128006e-05,4.2430761702128006e-05,1.8003695386227727e-09,2021
LSTM_FINAL_w6_h64_l1_d0.0_e50_lr0.001_b16,220908,San Martin,Juan Guerra,3,0.2968336206537965,0.2852273881435394,-0.011606232510257,0.011606232510257,0.0001347046330821,2022
LSTM_FINAL_w6_h64_l1_d0.0_e50_lr0.001_b16,220908,San Martin,Juan Guerra,4,0.2977117582625816,0.2952703237533569,-0.0024414345092246,0.0024414345092246,5.960602462833166e-06,2023
LSTM_FINAL_w6_h64_l1_d0.0_e50_lr0.001_b16,220908,San Martin,Juan Guerra,5,0.2936261074932869,0.2951270937919616,0.0015009862986747,0.0015009862986747,2.252959868809443e-06,2024
LSTM_FINAL_w6_h64_l1_d0.0_e50_lr0.001_b16,220909,San Martin,La Banda De Shilcayo,1,0.7179674276651606,0.7133728861808777,-0.0045945414842829,0.0045945414842829,2.1109811450797012e-05,2020
LSTM_FINAL_w6_h64_l1_d0.0_e50_lr0.001_b16,220909,San Martin,La Banda De Shilcayo,2,0.7108772140258286,0.712451696395874,0.0015744823700454,0.0015744823700454,2.4789947335838646e-06,2021
LSTM_FINAL_w6_h64_l1_d0.0_e50_lr0.001_b16,220909,San Martin,La Banda De Shilcayo,3,0.7059627097410472,0.703374981880188,-0.0025877278608592,0.0025877278608592,6.696335481867225e-06,2022
LSTM_FINAL_w6_h64_l1_d0.0_e50_lr0.001_b16,220909,San Martin,La Banda De Shilcayo,4,0.7010915197313182,0.698125958442688,-0.0029655612886302,0.0029655612886302,8.794553756622228e-06,2023
LSTM_FINAL_w6_h64_l1_d0.0_e50_lr0.001_b16,220909,San Martin,La Banda De Shilcayo,5,0.6972965228632735,0.6932274699211121,-0.0040690529421614,0.0040690529421614,1.6557191846112524e-05,2024
LSTM_FINAL_w6_h64_l1_d0.0_e50_lr0.001_b16,220910,San Martin,Morales,1,0.110057491411344,0.1071051880717277,-0.0029523033396162,0.0029523033396162,8.716095009109212e-06,2020
LSTM_FINAL_w6_h64_l1_d0.0_e50_lr0.001_b16,220910,San Martin,Morales,2,0.1069024749351468,0.110543206334114,0.0036407313989672,0.0036407313989672,1.3254925119426176e-05,2021
LSTM_FINAL_w6_h64_l1_d0.0_e50_lr0.001_b16,220910,San Martin,Morales,3,0.1048692420949309,0.106632113456726,0.0017628713617951,0.0017628713617951,3.1077154382375794e-06,2022
LSTM_FINAL_w6_h64_l1_d0.0_e50_lr0.001_b16,220910,San Martin,Morales,4,0.1050269929187407,0.1043409928679466,-0.000686000050794,0.000686000050794,4.705960696894658e-07,2023
LSTM_FINAL_w6_h64_l1_d0.0_e50_lr0.001_b16,220910,San Martin,Morales,5,0.0945277992007291,0.1047353446483612,0.0102075454476321,0.0102075454476321,0.0001041939840654,2024
LSTM_FINAL_w6_h64_l1_d0.0_e50_lr0.001_b16,220912,San Martin,San Antonio,1,0.7783376458304961,0.7818764448165894,0.0035387989860932,0.0035387989860932,1.252309826397438e-05,2020
LSTM_FINAL_w6_h64_l1_d0.0_e50_lr0.001_b16,220912,San Martin,San Antonio,2,0.7660016342094512,0.767971932888031,0.0019702986785797,0.0019702986785797,3.882076882813247e-06,2021
LSTM_FINAL_w6_h64_l1_d0.0_e50_lr0.001_b16,220912,San Martin,San Antonio,3,0.7495460529302284,0.754407525062561,0.0048614721323326,0.0048614721323326,2.363391129344724e-05,2022
LSTM_FINAL_w6_h64_l1_d0.0_e50_lr0.001_b16,220912,San Martin,San Antonio,4,0.7346792863952063,0.7362241744995117,0.0015448881043054,0.0015448881043054,2.3866792548243933e-06,2023
LSTM_FINAL_w6_h64_l1_d0.0_e50_lr0.001_b16,220912,San Martin,San Antonio,5,0.7255776476462844,0.7212106585502625,-0.0043669890960219,0.0043669890960219,1.907059376477466e-05,2024
LSTM_FINAL_w6_h64_l1_d0.0_e50_lr0.001_b16,220913,San Martin,Sauce,1,0.6452354324260063,0.6435328722000122,-0.0017025602259941,0.0017025602259941,2.8987113231371897e-06,2020
LSTM_FINAL_w6_h64_l1_d0.0_e50_lr0.001_b16,220913,San Martin,Sauce,2,0.6320174009528254,0.6409443616867065,0.0089269607338811,0.0089269607338811,7.96906279442551e-05,2021
LSTM_FINAL_w6_h64_l1_d0.0_e50_lr0.001_b16,220913,San Martin,Sauce,3,0.6290673406306965,0.6235975027084351,-0.0054698379222614,0.0054698379222614,2.9919126895809032e-05,2022
LSTM_FINAL_w6_h64_l1_d0.0_e50_lr0.001_b16,220913,San Martin,Sauce,4,0.6163952904708648,0.6214869618415833,0.0050916713707184,0.0050916713707184,2.59251173473936e-05,2023
LSTM_FINAL_w6_h64_l1_d0.0_e50_lr0.001_b16,220913,San Martin,Sauce,5,0.5985980608857225,0.6068755388259888,0.0082774779402662,0.0082774779402662,6.85166410515941e-05,2024
LSTM_FINAL_w6_h64_l1_d0.0_e50_lr0.001_b16,220914,San Martin,Shapaja,1,0.6892116539092298,0.6883278489112854,-0.0008838049979443,0.0008838049979443,7.811112743914688e-07,2020
LSTM_FINAL_w6_h64_l1_d0.0_e50_lr0.001_b16,220914,San Martin,Shapaja,2,0.6752289054007106,0.6823490262031555,0.0071201208024449,0.0071201208024449,5.0696120241409335e-05,2021
LSTM_FINAL_w6_h64_l1_d0.0_e50_lr0.001_b16,220914,San Martin,Shapaja,3,0.6723075831101248,0.6653083562850952,-0.0069992268250296,0.0069992268250296,4.898917614821429e-05,2022
LSTM_FINAL_w6_h64_l1_d0.0_e50_lr0.001_b16,220914,San Martin,Shapaja,4,0.6692144183318577,0.6640916466712952,-0.0051227716605625,0.0051227716605625,2.6242789486262478e-05,2023
LSTM_FINAL_w6_h64_l1_d0.0_e50_lr0.001_b16,220914,San Martin,Shapaja,5,0.6604915442288942,0.6619789600372314,0.0014874158083372,0.0014874158083372,2.2124057868914728e-06,2024
LSTM_FINAL_w6_h64_l1_d0.0_e50_lr0.001_b16,221001,San Martin,Tocache,1,0.6162956007522427,0.608383059501648,-0.0079125412505947,0.0079125412505947,6.260830904236285e-05,2020
LSTM_FINAL_w6_h64_l1_d0.0_e50_lr0.001_b16,221001,San Martin,Tocache,2,0.6148581104783809,0.6124755144119263,-0.0023825960664546,0.0023825960664546,5.676764015885095e-06,2021
LSTM_FINAL_w6_h64_l1_d0.0_e50_lr0.001_b16,221001,San Martin,Tocache,3,0.6148572312794367,0.610085129737854,-0.0047721015415826,0.0047721015415826,2.2772953123175943e-05,2022
LSTM_FINAL_w6_h64_l1_d0.0_e50_lr0.001_b16,221001,San Martin,Tocache,4,0.6140386970623326,0.60994553565979,-0.0040931614025425,0.0040931614025425,1.6753970267264232e-05,2023
LSTM_FINAL_w6_h64_l1_d0.0_e50_lr0.001_b16,221001,San Martin,Tocache,5,0.6039235132086453,0.6088774800300598,0.0049539668214144,0.0049539668214144,2.454178726767537e-05,2024
LSTM_FINAL_w6_h64_l1_d0.0_e50_lr0.001_b16,221002,San Martin,Nuevo Progreso,1,0.6973144095206546,0.6976269483566284,0.0003125388359738,0.0003125388359738,9.768052399186977e-08,2020
LSTM_FINAL_w6_h64_l1_d0.0_e50_lr0.001_b16,221002,San Martin,Nuevo Progreso,2,0.6897875520077874,0.6907442808151245,0.0009567288073371,0.0009567288073371,9.153300107886772e-07,2021
LSTM_FINAL_w6_h64_l1_d0.0_e50_lr0.001_b16,221002,San Martin,Nuevo Progreso,3,0.6870881320936156,0.6816060543060303,-0.0054820777875853,0.0054820777875853,3.0053176869136797e-05,2022
LSTM_FINAL_w6_h64_l1_d0.0_e50_lr0.001_b16,221002,San Martin,Nuevo Progreso,4,0.6772488644318729,0.6796988248825073,0.0024499604506343,0.0024499604506343,6.002306209672673e-06,2023
LSTM_FINAL_w6_h64_l1_d0.0_e50_lr0.001_b16,221002,San Martin,Nuevo Progreso,5,0.6710181144155242,0.6683573722839355,-0.0026607421315886,0.0026607421315886,7.079548690810767e-06,2024
LSTM_FINAL_w6_h64_l1_d0.0_e50_lr0.001_b16,221005,San Martin,Uchiza,1,0.5566792570085992,0.5560886859893799,-0.0005905710192193,0.0005905710192193,3.487741287417612e-07,2020
LSTM_FINAL_w6_h64_l1_d0.0_e50_lr0.001_b16,221005,San Martin,Uchiza,2,0.5523026841319186,0.5515632629394531,-0.0007394211924655,0.0007394211924655,5.467436998671107e-07,2021
LSTM_FINAL_w6_h64_l1_d0.0_e50_lr0.001_b16,221005,San Martin,Uchiza,3,0.548494801903648,0.5461910367012024,-0.0023037652024455,0.0023037652024455,5.307334107999094e-06,2022
LSTM_FINAL_w6_h64_l1_d0.0_e50_lr0.001_b16,221005,San Martin,Uchiza,4,0.5418771774769189,0.5421413779258728,0.0002642004489539,0.0002642004489539,6.980187722745386e-08,2023
LSTM_FINAL_w6_h64_l1_d0.0_e50_lr0.001_b16,221005,San Martin,Uchiza,5,0.5332618072930179,0.5348110198974609,0.001549212604443,0.001549212604443,2.40005969376529e-06,2024
LSTM_FINAL_w6_h64_l1_d0.0_e50_lr0.001_b16,221006,San Martin,Santa Lucia,1,0.182824881859643,0.1841885596513748,0.0013636777917318,0.0013636777917318,1.859617119662591e-06,2020
LSTM_FINAL_w6_h64_l1_d0.0_e50_lr0.001_b16,221006,San Martin,Santa Lucia,2,0.1769483677998687,0.1806405782699585,0.0036922104700898,0.0036922104700898,1.3632418155440755e-05,2021
LSTM_FINAL_w6_h64_l1_d0.0_e50_lr0.001_b16,221006,San Martin,Santa Lucia,3,0.177307817874232,0.174217477440834,-0.0030903404333979,0.0030903404333979,9.55020399429425e-06,2022
LSTM_FINAL_w6_h64_l1_d0.0_e50_lr0.001_b16,221006,San Martin,Santa Lucia,4,0.1746135911700594,0.1751259565353393,0.0005123653652799,0.0005123653652799,2.6251826753846664e-07,2023
LSTM_FINAL_w6_h64_l1_d0.0_e50_lr0.001_b16,221006,San Martin,Santa Lucia,5,0.1692811987824865,0.1724822968244552,0.0032010980419687,0.0032010980419687,1.0247028674296148e-05,2024
LSTM_FINAL_w6_h64_l1_d0.0_e50_lr0.001_b16,250102,Ucayali,Campoverde,1,0.2482192292554717,0.2630980908870697,0.0148788616315979,0.0148788616315979,0.0002213805234522,2020
LSTM_FINAL_w6_h64_l1_d0.0_e50_lr0.001_b16,250102,Ucayali,Campoverde,2,0.2337295790056501,0.2412474751472473,0.0075178961415972,0.0075178961415972,5.65187623958421e-05,2021
LSTM_FINAL_w6_h64_l1_d0.0_e50_lr0.001_b16,250102,Ucayali,Campoverde,3,0.2124810715977239,0.227078765630722,0.0145976940329981,0.0145976940329981,0.000213092671081,2022
LSTM_FINAL_w6_h64_l1_d0.0_e50_lr0.001_b16,250102,Ucayali,Campoverde,4,0.182746636247807,0.2055592983961105,0.0228126621483035,0.0228126621483035,0.0005204175542926,2023
LSTM_FINAL_w6_h64_l1_d0.0_e50_lr0.001_b16,250102,Ucayali,Campoverde,5,0.1587664351898177,0.1750711500644683,0.0163047148746506,0.0163047148746506,0.0002658437271436,2024
LSTM_FINAL_w6_h64_l1_d0.0_e50_lr0.001_b16,250105,Ucayali,Yarinacocha,1,0.2701689860170256,0.2746393084526062,0.0044703224355805,0.0044703224355805,1.998378267805525e-05,2020
LSTM_FINAL_w6_h64_l1_d0.0_e50_lr0.001_b16,250105,Ucayali,Yarinacocha,2,0.2625254950213657,0.2654174566268921,0.0028919616055264,0.0028919616055264,8.363441927838863e-06,2021
LSTM_FINAL_w6_h64_l1_d0.0_e50_lr0.001_b16,250105,Ucayali,Yarinacocha,3,0.2491416954774339,0.2574555277824402,0.0083138323050062,0.0083138323050062,6.911980759576622e-05,2022
LSTM_FINAL_w6_h64_l1_d0.0_e50_lr0.001_b16,250105,Ucayali,Yarinacocha,4,0.2268933187997779,0.2433161735534668,0.0164228547536889,0.0164228547536889,0.0002697101582607,2023
LSTM_FINAL_w6_h64_l1_d0.0_e50_lr0.001_b16,250105,Ucayali,Yarinacocha,5,0.1846394586027725,0.2197227776050567,0.0350833190022842,0.0350833190022842,0.001230839272216,2024
LSTM_FINAL_w6_h64_l1_d0.0_e50_lr0.001_b16,250106,Ucayali,Nueva Requena,1,0.7304465280109362,0.7409329414367676,0.0104864134258313,0.0104864134258313,0.0001099648665374,2020
LSTM_FINAL_w6_h64_l1_d0.0_e50_lr0.001_b16,250106,Ucayali,Nueva Requena,2,0.6957867457578508,0.7137949466705322,0.0180082009126814,0.0180082009126814,0.0003242953001114,2021
LSTM_FINAL_w6_h64_l1_d0.0_e50_lr0.001_b16,250106,Ucayali,Nueva Requena,3,0.6512524440498282,0.6751375198364258,0.0238850757865975,0.0238850757865975,0.0005704968453315,2022
LSTM_FINAL_w6_h64_l1_d0.0_e50_lr0.001_b16,250106,Ucayali,Nueva Requena,4,0.6156661339918922,0.6264914870262146,0.0108253530343224,0.0108253530343224,0.0001171882683177,2023
LSTM_FINAL_w6_h64_l1_d0.0_e50_lr0.001_b16,250106,Ucayali,Nueva Requena,5,0.5708956922038567,0.5923000574111938,0.0214043652073371,0.0214043652073371,0.000458146849929,2024
LSTM_FINAL_w6_h64_l1_d0.0_e50_lr0.001_b16,250302,Ucayali,Irazola,1,0.7117497004163131,0.7140517234802246,0.0023020230639114,0.0023020230639114,5.299310186780369e-06,2020
LSTM_FINAL_w6_h64_l1_d0.0_e50_lr0.001_b16,250302,Ucayali,Irazola,2,0.6837468560173523,0.7001322507858276,0.0163853947684753,0.0163853947684753,0.0002684811617187,2021
LSTM_FINAL_w6_h64_l1_d0.0_e50_lr0.001_b16,250302,Ucayali,Irazola,3,0.6615776631908061,0.6674227118492126,0.0058450486584065,0.0058450486584065,3.41645938191398e-05,2022
LSTM_FINAL_w6_h64_l1_d0.0_e50_lr0.001_b16,250302,Ucayali,Irazola,4,0.650188780050078,0.6450652480125427,-0.0051235320375352,0.0051235320375352,2.625058053965e-05,2023
LSTM_FINAL_w6_h64_l1_d0.0_e50_lr0.001_b16,250302,Ucayali,Irazola,5,0.6250830086667633,0.6370922327041626,0.0120092240373993,0.0120092240373993,0.0001442214619804,2024
LSTM_FINAL_w6_h64_l1_d0.0_e50_lr0.001_b16,250304,Ucayali,Neshuya,1,0.3336101290217445,0.3389726281166076,0.0053624990948631,0.0053624990948631,2.875639654240857e-05,2020
LSTM_FINAL_w6_h64_l1_d0.0_e50_lr0.001_b16,250304,Ucayali,Neshuya,2,0.3085043822047768,0.3261140584945678,0.0176096762897911,0.0176096762897911,0.0003101006990312,2021
LSTM_FINAL_w6_h64_l1_d0.0_e50_lr0.001_b16,250304,Ucayali,Neshuya,3,0.2822012342442556,0.298882782459259,0.0166815482150034,0.0166815482150034,0.0002782740508494,2022
LSTM_FINAL_w6_h64_l1_d0.0_e50_lr0.001_b16,250304,Ucayali,Neshuya,4,0.2618156569056037,0.2718275189399719,0.0100118620343682,0.0100118620343682,0.0001002373813952,2023
LSTM_FINAL_w6_h64_l1_d0.0_e50_lr0.001_b16,250304,Ucayali,Neshuya,5,0.2356187871530902,0.2526673972606659,0.0170486101075756,0.0170486101075756,0.0002906551066001,2024
LSTM_FINAL_w6_h64_l1_d0.0_e50_lr0.001_b16,250305,Ucayali,Alexander Von Humboldt,1,0.2588474336953667,0.2687181830406189,0.0098707493452521,0.0098707493452521,9.743169263679618e-05,2020
LSTM_FINAL_w6_h64_l1_d0.0_e50_lr0.001_b16,250305,Ucayali,Alexander Von Humboldt,2,0.237405240659667,0.2523703277111053,0.0149650870514383,0.0149650870514383,0.0002239538304571,2021
LSTM_FINAL_w6_h64_l1_d0.0_e50_lr0.001_b16,250305,Ucayali,Alexander Von Humboldt,3,0.210026732788346,0.2298769056797027,0.0198501728913567,0.0198501728913567,0.0003940293638167,2022
LSTM_FINAL_w6_h64_l1_d0.0_e50_lr0.001_b16,250305,Ucayali,Alexander Von Humboldt,4,0.1937933439231335,0.2017589658498764,0.0079656219267429,0.0079656219267429,6.345113267980743e-05,2023
LSTM_FINAL_w6_h64_l1_d0.0_e50_lr0.001_b16,250305,Ucayali,Alexander Von Humboldt,5,0.17695297870417,0.1871978342533111,0.0102448555491411,0.0102448555491411,0.0001049570652227,2024
LSTM_FINAL_w6_h64_l1_d0.0_e50_lr0.001_b16,250306,Ucayali,Huipoca,1,0.7033036477746314,0.714742124080658,0.0114384763060265,0.0114384763060265,0.0001308387402035,2020
LSTM_FINAL_w6_h64_l1_d0.0_e50_lr0.001_b16,250306,Ucayali,Huipoca,2,0.675192466946301,0.6880168914794922,0.0128244245331912,0.0128244245331912,0.0001644658646075,2021
LSTM_FINAL_w6_h64_l1_d0.0_e50_lr0.001_b16,250306,Ucayali,Huipoca,3,0.6463355281778198,0.6572121381759644,0.0108766099981445,0.0108766099981445,0.0001183006450517,2022
LSTM_FINAL_w6_h64_l1_d0.0_e50_lr0.001_b16,250306,Ucayali,Huipoca,4,0.633915214210732,0.6274300813674927,-0.0064851328432393,0.0064851328432393,4.2056947994461975e-05,2023
LSTM_FINAL_w6_h64_l1_d0.0_e50_lr0.001_b16,250306,Ucayali,Huipoca,5,0.6053742491879774,0.6196590065956116,0.0142847574076341,0.0142847574076341,0.0002040542941949,2024
