modelo,window_size,hidden_size,num_layers,dropout,epochs,lr,batch_size,rmse_train,mae_train,rmse_test,mae_test,gap_rmse,gap_mae,ratio_rmse,ratio_mae
LSTM_w6_h64_l1_d0.0_e50_lr0.001_b16,6,64,1,0.0,50,0.001,16,0.01019,0.007462,0.01173,0.007968,0.00154,0.000506,1.151114,1.067813
LSTM_w7_h16_l1_d0.0_e50_lr0.001_b8,7,16,1,0.0,50,0.001,8,0.009937,0.007188,0.011741,0.007964,0.001804,0.000776,1.181544,1.107995
LSTM_w6_h32_l1_d0.0_e50_lr0.001_b16,6,32,1,0.0,50,0.001,16,0.009983,0.007214,0.011747,0.008022,0.001764,0.000807,1.17671,1.111931
LSTM_w6_h16_l1_d0.0_e50_lr0.001_b16,6,16,1,0.0,50,0.001,16,0.009972,0.00724,0.011754,0.008063,0.001781,0.000823,1.178627,1.113626
LSTM_w6_h64_l1_d0.0_e50_lr0.0005_b16,6,64,1,0.0,50,0.0005,16,0.009996,0.007284,0.011779,0.008131,0.001783,0.000847,1.178334,1.116229
