window_size,modelo,hidden_size,num_layers,dropout,epochs,lr,batch_size,rmse_train,mae_train,rmse_test,mae_test,gap_rmse,gap_mae,ratio_rmse,ratio_mae
3,LSTM_w3_h32_l2_d0.1_e50_lr0.0005_b8,32,2,0.1,50,0.0005,8,0.011234,0.008278,0.011842,0.008215,0.000608,-6.3e-05,1.054095,0.992357
4,LSTM_w4_h16_l2_d0.0_e50_lr0.0005_b8,16,2,0.0,50,0.0005,8,0.010544,0.007879,0.011801,0.008064,0.001258,0.000185,1.119296,1.023441
5,LSTM_w5_h32_l2_d0.1_e50_lr0.0005_b8,32,2,0.1,50,0.0005,8,0.01081,0.008249,0.011833,0.008219,0.001023,-3e-05,1.094644,0.996313
6,LSTM_w6_h64_l1_d0.0_e50_lr0.001_b16,64,1,0.0,50,0.001,16,0.01019,0.007462,0.01173,0.007968,0.00154,0.000506,1.151114,1.067813
7,LSTM_w7_h16_l1_d0.0_e50_lr0.001_b8,16,1,0.0,50,0.001,8,0.009937,0.007188,0.011741,0.007964,0.001804,0.000776,1.181544,1.107995
