modelo,geocode,departamento,distrito,horizonte,y_true,y_pred,error,abs_error,squared_error,anio
LSTM_FINAL_w6_h16_l2_d0.0_e50_lr0.001_b8,010102,Amazonas,Asuncion,1,0.4378221021798675,0.440316892301307,0.002494790121439494,0.002494790121439494,6.223977750032086e-06,2020
LSTM_FINAL_w6_h16_l2_d0.0_e50_lr0.001_b8,010102,Amazonas,Asuncion,2,0.4525182528641273,0.43456144520998313,-0.017956807654144147,0.017956807654144147,0.0003224469411279298,2021
LSTM_FINAL_w6_h16_l2_d0.0_e50_lr0.001_b8,010102,Amazonas,Asuncion,3,0.44700721055427073,0.4527472873074598,0.0057400767531890495,0.0057400767531890495,3.294848113250134e-05,2022
LSTM_FINAL_w6_h16_l2_d0.0_e50_lr0.001_b8,010102,Amazonas,Asuncion,4,0.44027146904012765,0.4415108886872996,0.0012394196471719465,0.0012394196471719465,1.5361610617958324e-06,2023
LSTM_FINAL_w6_h16_l2_d0.0_e50_lr0.001_b8,010102,Amazonas,Asuncion,5,0.4403990504182423,0.4367097717571261,-0.00368927866111618,0.00368927866111618,1.3610777039367193e-05,2024
LSTM_FINAL_w6_h16_l2_d0.0_e50_lr0.001_b8,010104,Amazonas,Cheto,1,0.5453453672764652,0.5504680640489896,0.0051226967725244155,0.0051226967725244155,2.6242022223232064e-05,2020
LSTM_FINAL_w6_h16_l2_d0.0_e50_lr0.001_b8,010104,Amazonas,Cheto,2,0.5521104944668311,0.5409661017695355,-0.011144392697295613,0.011144392697295613,0.0001241974885915358,2021
LSTM_FINAL_w6_h16_l2_d0.0_e50_lr0.001_b8,010104,Amazonas,Cheto,3,0.5424875617582693,0.5519834920002615,0.009495930241992245,0.009495930241992245,9.01726911607829e-05,2022
LSTM_FINAL_w6_h16_l2_d0.0_e50_lr0.001_b8,010104,Amazonas,Cheto,4,0.5340911746190175,0.537162744408305,0.003071569789287576,0.003071569789287576,9.434540970464123e-06,2023
LSTM_FINAL_w6_h16_l2_d0.0_e50_lr0.001_b8,010104,Amazonas,Cheto,5,0.5357477071328078,0.5307665786830041,-0.004981128449803696,0.004981128449803696,2.4811640633443768e-05,2024
LSTM_FINAL_w6_h16_l2_d0.0_e50_lr0.001_b8,010105,Amazonas,Chiliquin,1,0.5714303848457767,0.571828770633748,0.00039838578797135593,0.00039838578797135593,1.5871123605755817e-07,2020
LSTM_FINAL_w6_h16_l2_d0.0_e50_lr0.001_b8,010105,Amazonas,Chiliquin,2,0.5850451003702989,0.569735394938336,-0.015309705431962861,0.015309705431962861,0.00023438708041347313,2021
LSTM_FINAL_w6_h16_l2_d0.0_e50_lr0.001_b8,010105,Amazonas,Chiliquin,3,0.5817105193931944,0.5872864313444157,0.005575911951221313,0.005575911951221313,3.109079408777267e-05,2022
LSTM_FINAL_w6_h16_l2_d0.0_e50_lr0.001_b8,010105,Amazonas,Chiliquin,4,0.573408542946972,0.5788743134275519,0.005465770480579946,0.005465770480579946,2.987464694637913e-05,2023
LSTM_FINAL_w6_h16_l2_d0.0_e50_lr0.001_b8,010105,Amazonas,Chiliquin,5,0.5763412110347023,0.5709900082530895,-0.005351202781612718,0.005351202781612718,2.8635371209939695e-05,2024
LSTM_FINAL_w6_h16_l2_d0.0_e50_lr0.001_b8,010109,Amazonas,La Jalca,1,0.3125219384167383,0.2982655585975545,-0.014256379819183818,0.014256379819183818,0.00020324436554883162,2020
LSTM_FINAL_w6_h16_l2_d0.0_e50_lr0.001_b8,010109,Amazonas,La Jalca,2,0.31744416932084407,0.30871779234768065,-0.008726376973163419,0.008726376973163419,7.614965507775675e-05,2021
LSTM_FINAL_w6_h16_l2_d0.0_e50_lr0.001_b8,010109,Amazonas,La Jalca,3,0.3227747994474942,0.30854059178274634,-0.014234207664747867,0.014234207664747867,0.0002026126678431669,2022
LSTM_FINAL_w6_h16_l2_d0.0_e50_lr0.001_b8,010109,Amazonas,La Jalca,4,0.3151442594389915,0.31533140403221016,0.00018714459321866883,0.00018714459321866883,3.502309877098103e-08,2023
LSTM_FINAL_w6_h16_l2_d0.0_e50_lr0.001_b8,010109,Amazonas,La Jalca,5,0.32066834382147724,0.3010373429078779,-0.019631000913599317,0.019631000913599317,0.0003853761968697372,2024
LSTM_FINAL_w6_h16_l2_d0.0_e50_lr0.001_b8,010111,Amazonas,Levanto,1,0.23986263997153984,0.23393557005703502,-0.005927069914504812,0.005927069914504812,3.513015777142808e-05,2020
LSTM_FINAL_w6_h16_l2_d0.0_e50_lr0.001_b8,010111,Amazonas,Levanto,2,0.2406111678671134,0.24422244016929623,0.003611272302182833,0.003611272302182833,1.3041287640512899e-05,2021
LSTM_FINAL_w6_h16_l2_d0.0_e50_lr0.001_b8,010111,Amazonas,Levanto,3,0.2381874497853912,0.2395678777727266,0.0013804279873353975,0.0013804279873353975,1.9055814282188564e-06,2022
LSTM_FINAL_w6_h16_l2_d0.0_e50_lr0.001_b8,010111,Amazonas,Levanto,4,0.2314035024488546,0.23925163748236528,0.007848135033510673,0.007848135033510673,6.159322350421757e-05,2023
LSTM_FINAL_w6_h16_l2_d0.0_e50_lr0.001_b8,010111,Amazonas,Levanto,5,0.23357768599340184,0.23200183513549433,-0.0015758508579075126,0.0015758508579075126,2.4833059263678432e-06,2024
LSTM_FINAL_w6_h16_l2_d0.0_e50_lr0.001_b8,010112,Amazonas,Magdalena,1,0.3664946788681671,0.36053680518076636,-0.00595787368740075,0.00595787368740075,3.549625887502221e-05,2020
LSTM_FINAL_w6_h16_l2_d0.0_e50_lr0.001_b8,010112,Amazonas,Magdalena,2,0.37103041769833445,0.3654688917778798,-0.0055615259204546685,0.0055615259204546685,3.093057056388915e-05,2021
LSTM_FINAL_w6_h16_l2_d0.0_e50_lr0.001_b8,010112,Amazonas,Magdalena,3,0.3810208472415263,0.3683639290377626,-0.01265691820376369,0.01265691820376369,0.00016019757841676465,2022
LSTM_FINAL_w6_h16_l2_d0.0_e50_lr0.001_b8,010112,Amazonas,Magdalena,4,0.37494912200186536,0.37963034903265425,0.0046812270307888815,0.0046812270307888815,2.1913886513788487e-05,2023
LSTM_FINAL_w6_h16_l2_d0.0_e50_lr0.001_b8,010112,Amazonas,Magdalena,5,0.38422406104294604,0.3672338179857666,-0.016990243057179444,0.016990243057179444,0.0002886683591420343,2024
LSTM_FINAL_w6_h16_l2_d0.0_e50_lr0.001_b8,010114,Amazonas,Molinopampa,1,0.5491697799818486,0.5459808165534492,-0.0031889634283993606,0.0031889634283993606,1.0169487747668604e-05,2020
LSTM_FINAL_w6_h16_l2_d0.0_e50_lr0.001_b8,010114,Amazonas,Molinopampa,2,0.5483545668394921,0.5443210124795919,-0.004033554359900271,0.004033554359900271,1.6269560774270484e-05,2021
LSTM_FINAL_w6_h16_l2_d0.0_e50_lr0.001_b8,010114,Amazonas,Molinopampa,3,0.536625504241246,0.5437994557676752,0.00717395152642919,0.00717395152642919,5.14655805035557e-05,2022
LSTM_FINAL_w6_h16_l2_d0.0_e50_lr0.001_b8,010114,Amazonas,Molinopampa,4,0.5230152011426626,0.5286392913115034,0.005624090168840801,0.005624090168840801,3.1630390227251744e-05,2023
LSTM_FINAL_w6_h16_l2_d0.0_e50_lr0.001_b8,010114,Amazonas,Molinopampa,5,0.5128930814479307,0.5167438464592337,0.0038507650113029923,0.0038507650113029923,1.4828391172275335e-05,2024
LSTM_FINAL_w6_h16_l2_d0.0_e50_lr0.001_b8,010115,Amazonas,Montevideo,1,0.6583167263338214,0.6576056778341927,-0.0007110484996287747,0.0007110484996287747,5.055899688243316e-07,2020
LSTM_FINAL_w6_h16_l2_d0.0_e50_lr0.001_b8,010115,Amazonas,Montevideo,2,0.6555285999973202,0.6562681303140019,0.0007395303166817246,0.0007395303166817246,5.46905089291372e-07,2021
LSTM_FINAL_w6_h16_l2_d0.0_e50_lr0.001_b8,010115,Amazonas,Montevideo,3,0.6586850844373988,0.653948395472207,-0.00473668896519186,0.00473668896519186,2.2436222352970332e-05,2022
LSTM_FINAL_w6_h16_l2_d0.0_e50_lr0.001_b8,010115,Amazonas,Montevideo,4,0.6546329307695194,0.6573505781745895,0.0027176474050700783,0.0027176474050700783,7.38560741828413e-06,2023
LSTM_FINAL_w6_h16_l2_d0.0_e50_lr0.001_b8,010115,Amazonas,Montevideo,5,0.5954754332814817,0.6487286134984114,0.05325318021692971,0.05325318021692971,0.0028359012032167937,2024
LSTM_FINAL_w6_h16_l2_d0.0_e50_lr0.001_b8,010117,Amazonas,Quinjalca,1,0.34440442385298686,0.35010678144305185,0.005702357590064988,0.005702357590064988,3.251688208497178e-05,2020
LSTM_FINAL_w6_h16_l2_d0.0_e50_lr0.001_b8,010117,Amazonas,Quinjalca,2,0.34855606828101027,0.3425242958250398,-0.006031772455970474,0.006031772455970474,3.6382278960604086e-05,2021
LSTM_FINAL_w6_h16_l2_d0.0_e50_lr0.001_b8,010117,Amazonas,Quinjalca,3,0.34124484767822594,0.35021037348389683,0.008965525805670893,0.008965525805670893,8.038065297215071e-05,2022
LSTM_FINAL_w6_h16_l2_d0.0_e50_lr0.001_b8,010117,Amazonas,Quinjalca,4,0.33954104948177205,0.3384292743093409,-0.001111775172431162,0.001111775172431162,1.23604403403434e-06,2023
LSTM_FINAL_w6_h16_l2_d0.0_e50_lr0.001_b8,010117,Amazonas,Quinjalca,5,0.34265750542220874,0.341053690139583,-0.0016038152826257646,0.0016038152826257646,2.572223460783961e-06,2024
LSTM_FINAL_w6_h16_l2_d0.0_e50_lr0.001_b8,010119,Amazonas,San Isidro De Maino,1,0.3787988743123183,0.36583170999767933,-0.012967164314638957,0.012967164314638957,0.00016814735036284602,2020
LSTM_FINAL_w6_h16_l2_d0.0_e50_lr0.001_b8,010119,Amazonas,San Isidro De Maino,2,0.3919599976558022,0.3844337058930567,-0.007526291762745496,0.007526291762745496,5.664506769797071e-05,2021
LSTM_FINAL_w6_h16_l2_d0.0_e50_lr0.001_b8,010119,Amazonas,San Isidro De Maino,3,0.39453786079525643,0.3914227803612702,-0.003115080433986228,0.003115080433986228,9.703726110203827e-06,2022
LSTM_FINAL_w6_h16_l2_d0.0_e50_lr0.001_b8,010119,Amazonas,San Isidro De Maino,4,0.37741520315839777,0.390759571723603,0.013344368565205211,0.013344368565205211,0.000178072172404037,2023
LSTM_FINAL_w6_h16_l2_d0.0_e50_lr0.001_b8,010119,Amazonas,San Isidro De Maino,5,0.38737255745015164,0.36926535267787,-0.01810720477228167,0.01810720477228167,0.0003278708646653401,2024
LSTM_FINAL_w6_h16_l2_d0.0_e50_lr0.001_b8,010120,Amazonas,Soloco,1,0.5112683780272115,0.5147970947037143,0.0035287166765027855,0.0035287166765027855,1.2451841383028865e-05,2020
LSTM_FINAL_w6_h16_l2_d0.0_e50_lr0.001_b8,010120,Amazonas,Soloco,2,0.5130760663960691,0.5107514888882156,-0.0023245775078534203,0.0023245775078534203,5.403660590018018e-06,2021
LSTM_FINAL_w6_h16_l2_d0.0_e50_lr0.001_b8,010120,Amazonas,Soloco,3,0.5114943396648496,0.514144000455222,0.0026496607903724323,0.0026496607903724323,7.020702304037062e-06,2022
LSTM_FINAL_w6_h16_l2_d0.0_e50_lr0.001_b8,010120,Amazonas,Soloco,4,0.4987691051665165,0.5103791462326958,0.011610041066179244,0.011610041066179244,0.00013479305355836848,2023
LSTM_FINAL_w6_h16_l2_d0.0_e50_lr0.001_b8,010120,Amazonas,Soloco,5,0.5010762822022882,0.49584133968663957,-0.0052349425156486,0.0052349425156486,2.740462314214529e-05,2024
LSTM_FINAL_w6_h16_l2_d0.0_e50_lr0.001_b8,010202,Amazonas,Aramango,1,0.7765053513870049,0.7762932962457746,-0.00021205514123034952,0.00021205514123034952,4.4967382922223484e-08,2020
LSTM_FINAL_w6_h16_l2_d0.0_e50_lr0.001_b8,010202,Amazonas,Aramango,2,0.7667943768011176,0.7728877946608556,0.006093417859737937,0.006093417859737937,3.712974121337327e-05,2021
LSTM_FINAL_w6_h16_l2_d0.0_e50_lr0.001_b8,010202,Amazonas,Aramango,3,0.7618061846840143,0.759655952618761,-0.0021502320652533324,0.0021502320652533324,4.623497934443612e-06,2022
LSTM_FINAL_w6_h16_l2_d0.0_e50_lr0.001_b8,010202,Amazonas,Aramango,4,0.7634823844161817,0.7543493244487056,-0.009133059967476043,0.009133059967476043,8.34127843695135e-05,2023
LSTM_FINAL_w6_h16_l2_d0.0_e50_lr0.001_b8,010202,Amazonas,Aramango,5,0.7633451113962875,0.7588839527782524,-0.004461158618035088,0.004461158618035088,1.9901936215268736e-05,2024
LSTM_FINAL_w6_h16_l2_d0.0_e50_lr0.001_b8,010203,Amazonas,Copallin,1,0.5152660012246317,0.5255874313308155,0.010321430106183804,0.010321430106183804,0.00010653191943683742,2020
LSTM_FINAL_w6_h16_l2_d0.0_e50_lr0.001_b8,010203,Amazonas,Copallin,2,0.5184765460653046,0.5092989430345842,-0.00917760303072035,0.00917760303072035,8.422839738948735e-05,2021
LSTM_FINAL_w6_h16_l2_d0.0_e50_lr0.001_b8,010203,Amazonas,Copallin,3,0.5213543772695849,0.5178022639697446,-0.003552113299840287,0.003552113299840287,1.2617508894902253e-05,2022
LSTM_FINAL_w6_h16_l2_d0.0_e50_lr0.001_b8,010203,Amazonas,Copallin,4,0.5140968562335638,0.5195655875233268,0.005468731289762996,0.005468731289762996,2.990702191963284e-05,2023
LSTM_FINAL_w6_h16_l2_d0.0_e50_lr0.001_b8,010203,Amazonas,Copallin,5,0.5169836877772134,0.5097359660415904,-0.007247721735622936,0.007247721735622936,5.2529470357021145e-05,2024
LSTM_FINAL_w6_h16_l2_d0.0_e50_lr0.001_b8,010204,Amazonas,El Parco,1,0.2788386374116376,0.28979594703492506,0.010957309623287448,0.010957309623287448,0.00012006263418058771,2020
LSTM_FINAL_w6_h16_l2_d0.0_e50_lr0.001_b8,010204,Amazonas,El Parco,2,0.25944964991737385,0.27301673695363204,0.013567087036258196,0.013567087036258196,0.0001840658506494052,2021
LSTM_FINAL_w6_h16_l2_d0.0_e50_lr0.001_b8,010204,Amazonas,El Parco,3,0.2719839461378399,0.25478895452874056,-0.01719499160909932,0.01719499160909932,0.000295667736436996,2022
LSTM_FINAL_w6_h16_l2_d0.0_e50_lr0.001_b8,010204,Amazonas,El Parco,4,0.28309831588298834,0.2753324588500026,-0.007765857032985712,0.007765857032985712,6.030853545677365e-05,2023
LSTM_FINAL_w6_h16_l2_d0.0_e50_lr0.001_b8,010204,Amazonas,El Parco,5,0.2777124888277651,0.2862508252356183,0.008538336407853175,0.008538336407853175,7.290318861367107e-05,2024
LSTM_FINAL_w6_h16_l2_d0.0_e50_lr0.001_b8,010206,Amazonas,La Peca,1,0.3393517722225889,0.34277924405274013,0.003427471830151241,0.003427471830151241,1.1747563146480296e-05,2020
LSTM_FINAL_w6_h16_l2_d0.0_e50_lr0.001_b8,010206,Amazonas,La Peca,2,0.3405636565021005,0.33972601093172516,-0.000837645570375356,0.000837645570375356,7.016501015694555e-07,2021
LSTM_FINAL_w6_h16_l2_d0.0_e50_lr0.001_b8,010206,Amazonas,La Peca,3,0.33556150741128854,0.3412491003908298,0.005687592979541245,0.005687592979541245,3.2348713900926855e-05,2022
LSTM_FINAL_w6_h16_l2_d0.0_e50_lr0.001_b8,010206,Amazonas,La Peca,4,0.3283419662063285,0.33479981755949606,0.006457851353167565,0.006457851353167565,4.170384409960815e-05,2023
LSTM_FINAL_w6_h16_l2_d0.0_e50_lr0.001_b8,010206,Amazonas,La Peca,5,0.32350742699327306,0.3271545634177706,0.0036471364244975435,0.0036471364244975435,1.3301604098896725e-05,2024
LSTM_FINAL_w6_h16_l2_d0.0_e50_lr0.001_b8,010301,Amazonas,Jumbilla,1,0.41393055837113896,0.41336275183223997,-0.000567806538898985,0.000567806538898985,3.224042656164446e-07,2020
LSTM_FINAL_w6_h16_l2_d0.0_e50_lr0.001_b8,010301,Amazonas,Jumbilla,2,0.4207988406582136,0.4146998198180718,-0.0060990208401418,0.0060990208401418,3.719805520848399e-05,2021
LSTM_FINAL_w6_h16_l2_d0.0_e50_lr0.001_b8,010301,Amazonas,Jumbilla,3,0.4122092950285613,0.4236961115386629,0.011486816510101583,0.011486816510101583,0.0001319469535367423,2022
LSTM_FINAL_w6_h16_l2_d0.0_e50_lr0.001_b8,010301,Amazonas,Jumbilla,4,0.4029637211572999,0.4087537199611142,0.005789998803814311,0.005789998803814311,3.3524086148171156e-05,2023
LSTM_FINAL_w6_h16_l2_d0.0_e50_lr0.001_b8,010301,Amazonas,Jumbilla,5,0.4043822595068417,0.40182861285251137,-0.0025536466543303327,0.0025536466543303327,6.521111235172501e-06,2024
LSTM_FINAL_w6_h16_l2_d0.0_e50_lr0.001_b8,010302,Amazonas,Chisquilla,1,0.7520271414578154,0.7461078450476546,-0.005919296410160757,0.005919296410160757,3.5038069991342026e-05,2020
LSTM_FINAL_w6_h16_l2_d0.0_e50_lr0.001_b8,010302,Amazonas,Chisquilla,2,0.7532035654334197,0.7488918448648044,-0.004311720568615285,0.004311720568615285,1.8590934261820115e-05,2021
LSTM_FINAL_w6_h16_l2_d0.0_e50_lr0.001_b8,010302,Amazonas,Chisquilla,3,0.7361508567163325,0.7498828909527229,0.013732034236390356,0.013732034236390356,0.00018856876426939686,2022
LSTM_FINAL_w6_h16_l2_d0.0_e50_lr0.001_b8,010302,Amazonas,Chisquilla,4,0.7332482983386103,0.7290848926994689,-0.004163405639141415,0.004163405639141415,1.7333946516034538e-05,2023
LSTM_FINAL_w6_h16_l2_d0.0_e50_lr0.001_b8,010302,Amazonas,Chisquilla,5,0.7342542983269309,0.7278188715147039,-0.006435426812226974,0.006435426812226974,4.1414718255529834e-05,2024
LSTM_FINAL_w6_h16_l2_d0.0_e50_lr0.001_b8,010303,Amazonas,Churuja,1,0.7446820127281276,0.7454010114026538,0.0007189986745261834,0.0007189986745261834,5.169590939704086e-07,2020
LSTM_FINAL_w6_h16_l2_d0.0_e50_lr0.001_b8,010303,Amazonas,Churuja,2,0.7587421620399244,0.7423401183512219,-0.01640204368870246,0.01640204368870246,0.00026902703716610426,2021
LSTM_FINAL_w6_h16_l2_d0.0_e50_lr0.001_b8,010303,Amazonas,Churuja,3,0.774479394436655,0.7561342522870883,-0.01834514214956673,0.01834514214956673,0.00033654424048780977,2022
LSTM_FINAL_w6_h16_l2_d0.0_e50_lr0.001_b8,010303,Amazonas,Churuja,4,0.7756813094492317,0.7716037278410062,-0.004077581608225578,0.004077581608225578,1.662667177173949e-05,2023
LSTM_FINAL_w6_h16_l2_d0.0_e50_lr0.001_b8,010303,Amazonas,Churuja,5,0.7752341058015931,0.7718640897592318,-0.0033700160423613124,0.0033700160423613124,1.1357008125772602e-05,2024
LSTM_FINAL_w6_h16_l2_d0.0_e50_lr0.001_b8,010304,Amazonas,Corosha,1,0.7392527499554493,0.7270681604758649,-0.012184589479584451,0.012184589479584451,0.00014846422078600009,2020
LSTM_FINAL_w6_h16_l2_d0.0_e50_lr0.001_b8,010304,Amazonas,Corosha,2,0.7412899633439078,0.7308827174882405,-0.010407245855667324,0.010407245855667324,0.00010831076630030469,2021
LSTM_FINAL_w6_h16_l2_d0.0_e50_lr0.001_b8,010304,Amazonas,Corosha,3,0.7341805636095893,0.7333918936404467,-0.0007886699691426191,0.0007886699691426191,6.220003202274198e-07,2022
LSTM_FINAL_w6_h16_l2_d0.0_e50_lr0.001_b8,010304,Amazonas,Corosha,4,0.7282906702272234,0.7235656288992225,-0.00472504132800089,0.00472504132800089,2.2326015551316412e-05,2023
LSTM_FINAL_w6_h16_l2_d0.0_e50_lr0.001_b8,010304,Amazonas,Corosha,5,0.7301616113864002,0.7173461439803979,-0.012815467406002368,0.012815467406002368,0.00016423620483430905,2024
LSTM_FINAL_w6_h16_l2_d0.0_e50_lr0.001_b8,010305,Amazonas,Cuispes,1,0.6648435044414166,0.6593207955653814,-0.005522708876035232,0.005522708876035232,3.0500313329438332e-05,2020
LSTM_FINAL_w6_h16_l2_d0.0_e50_lr0.001_b8,010305,Amazonas,Cuispes,2,0.6788076206881835,0.6600975150335274,-0.01871010565465603,0.01871010565465603,0.00035006805360839147,2021
LSTM_FINAL_w6_h16_l2_d0.0_e50_lr0.001_b8,010305,Amazonas,Cuispes,3,0.6911022633031326,0.6781972113072949,-0.01290505199583769,0.01290505199583769,0.00016654036701527436,2022
LSTM_FINAL_w6_h16_l2_d0.0_e50_lr0.001_b8,010305,Amazonas,Cuispes,4,0.6739745705555057,0.6907929384029995,0.016818367847493798,0.016818367847493798,0.0002828574970536132,2023
LSTM_FINAL_w6_h16_l2_d0.0_e50_lr0.001_b8,010305,Amazonas,Cuispes,5,0.6722867484247979,0.6669044800192906,-0.005382268405507262,0.005382268405507262,2.8968813188921688e-05,2024
LSTM_FINAL_w6_h16_l2_d0.0_e50_lr0.001_b8,010306,Amazonas,Florida,1,0.49302297744687784,0.4930727196721185,4.974222524067873e-05,4.974222524067873e-05,2.474288971894416e-09,2020
LSTM_FINAL_w6_h16_l2_d0.0_e50_lr0.001_b8,010306,Amazonas,Florida,2,0.5026181350205998,0.48944820654293403,-0.013169928477665793,0.013169928477665793,0.00017344701610683244,2021
LSTM_FINAL_w6_h16_l2_d0.0_e50_lr0.001_b8,010306,Amazonas,Florida,3,0.49502214672458755,0.5033813880913057,0.008359241366718173,0.008359241366718173,6.987691622705231e-05,2022
LSTM_FINAL_w6_h16_l2_d0.0_e50_lr0.001_b8,010306,Amazonas,Florida,4,0.48031088755319157,0.4898427181980586,0.009531830644867012,0.009531830644867012,9.085579544242587e-05,2023
LSTM_FINAL_w6_h16_l2_d0.0_e50_lr0.001_b8,010306,Amazonas,Florida,5,0.48155686293982247,0.47456195834335096,-0.006994904596471507,0.006994904596471507,4.892869031373822e-05,2024
LSTM_FINAL_w6_h16_l2_d0.0_e50_lr0.001_b8,010307,Amazonas,Jazan,1,0.3945542280600848,0.3915567849759289,-0.002997443084155893,0.002997443084155893,8.984665042753991e-06,2020
LSTM_FINAL_w6_h16_l2_d0.0_e50_lr0.001_b8,010307,Amazonas,Jazan,2,0.3733253429467196,0.3949894181101008,0.021664075163381202,0.021664075163381202,0.0004693321526846303,2021
LSTM_FINAL_w6_h16_l2_d0.0_e50_lr0.001_b8,010307,Amazonas,Jazan,3,0.3791257148358761,0.37499770640401586,-0.004128008431860231,0.004128008431860231,1.704045361350916e-05,2022
LSTM_FINAL_w6_h16_l2_d0.0_e50_lr0.001_b8,010307,Amazonas,Jazan,4,0.37791632918276086,0.38031443003425824,0.0023981008514973867,0.0023981008514973867,5.7508876939524915e-06,2023
LSTM_FINAL_w6_h16_l2_d0.0_e50_lr0.001_b8,010307,Amazonas,Jazan,5,0.3614662815808687,0.37802912071170136,0.016562839130832674,0.016562839130832674,0.00027432764007384206,2024
LSTM_FINAL_w6_h16_l2_d0.0_e50_lr0.001_b8,010308,Amazonas,Recta,1,0.3407029233753817,0.344770990012381,0.004068066636999268,0.004068066636999268,1.6549166163066535e-05,2020
LSTM_FINAL_w6_h16_l2_d0.0_e50_lr0.001_b8,010308,Amazonas,Recta,2,0.34596839992584927,0.3402664966314928,-0.005701903294356492,0.005701903294356492,3.2511701178193416e-05,2021
LSTM_FINAL_w6_h16_l2_d0.0_e50_lr0.001_b8,010308,Amazonas,Recta,3,0.3286493729690261,0.3475923682708736,0.01894299530184751,0.01894299530184751,0.0003588370710058168,2022
LSTM_FINAL_w6_h16_l2_d0.0_e50_lr0.001_b8,010308,Amazonas,Recta,4,0.31539046247430474,0.32569892425204117,0.010308461777736422,0.010308461777736422,0.00010626438422305275,2023
LSTM_FINAL_w6_h16_l2_d0.0_e50_lr0.001_b8,010308,Amazonas,Recta,5,0.31624689821995333,0.3154194112063913,-0.000827487013562056,0.000827487013562056,6.847347576138502e-07,2024
LSTM_FINAL_w6_h16_l2_d0.0_e50_lr0.001_b8,010310,Amazonas,Shipasbamba,1,0.7187765823536353,0.7188533709476835,7.678859404824934e-05,7.678859404824934e-05,5.896488175906833e-09,2020
LSTM_FINAL_w6_h16_l2_d0.0_e50_lr0.001_b8,010310,Amazonas,Shipasbamba,2,0.7318407892793228,0.7159689465403224,-0.01587184273900044,0.01587184273900044,0.000251915391931561,2021
LSTM_FINAL_w6_h16_l2_d0.0_e50_lr0.001_b8,010310,Amazonas,Shipasbamba,3,0.7406684868147891,0.7300348502644258,-0.010633636550363312,0.010633636550363312,0.00011307422628522257,2022
LSTM_FINAL_w6_h16_l2_d0.0_e50_lr0.001_b8,010310,Amazonas,Shipasbamba,4,0.7263908434325863,0.7395519541567449,0.013161110724158598,0.013161110724158598,0.00017321483549356245,2023
LSTM_FINAL_w6_h16_l2_d0.0_e50_lr0.001_b8,010310,Amazonas,Shipasbamba,5,0.722956304780304,0.7233524884960221,0.0003961837157180348,0.0003961837157180348,1.569615366001486e-07,2024
LSTM_FINAL_w6_h16_l2_d0.0_e50_lr0.001_b8,010311,Amazonas,Valera,1,0.37051602876315054,0.369482733174349,-0.0010332955888015527,0.0010332955888015527,1.0676997738367475e-06,2020
LSTM_FINAL_w6_h16_l2_d0.0_e50_lr0.001_b8,010311,Amazonas,Valera,2,0.3778681990763188,0.3699785212241381,-0.007889677852180699,0.007889677852180699,6.224701661119064e-05,2021
LSTM_FINAL_w6_h16_l2_d0.0_e50_lr0.001_b8,010311,Amazonas,Valera,3,0.3777428260801201,0.37891955291953006,0.0011767268394099473,0.0011767268394099473,1.3846860545877238e-06,2022
LSTM_FINAL_w6_h16_l2_d0.0_e50_lr0.001_b8,010311,Amazonas,Valera,4,0.37440299546371825,0.37679490022652584,0.002391904762807595,0.002391904762807595,5.721208394341658e-06,2023
LSTM_FINAL_w6_h16_l2_d0.0_e50_lr0.001_b8,010311,Amazonas,Valera,5,0.37023105916071875,0.3740227120977949,0.003791652937076173,0.003791652937076173,1.437663199523837e-05,2024
LSTM_FINAL_w6_h16_l2_d0.0_e50_lr0.001_b8,010502,Amazonas,Camporredondo,1,0.6314155428630985,0.6339149137995979,0.0024993709364993233,0.0024993709364993233,6.246855078217505e-06,2020
LSTM_FINAL_w6_h16_l2_d0.0_e50_lr0.001_b8,010502,Amazonas,Camporredondo,2,0.6259368060258408,0.6261152811426237,0.00017847511678292793,0.00017847511678292793,3.185336731067976e-08,2021
LSTM_FINAL_w6_h16_l2_d0.0_e50_lr0.001_b8,010502,Amazonas,Camporredondo,3,0.6303018937208702,0.6211375819944523,-0.00916431172641785,0.00916431172641785,8.398460941895973e-05,2022
LSTM_FINAL_w6_h16_l2_d0.0_e50_lr0.001_b8,010502,Amazonas,Camporredondo,4,0.6253352743402542,0.6290512996612035,0.00371602532094939,0.00371602532094939,1.3808844185937016e-05,2023
LSTM_FINAL_w6_h16_l2_d0.0_e50_lr0.001_b8,010502,Amazonas,Camporredondo,5,0.617462752460729,0.6217395111887838,0.004276758728054775,0.004276758728054775,1.8290665217992696e-05,2024
LSTM_FINAL_w6_h16_l2_d0.0_e50_lr0.001_b8,010503,Amazonas,Cocabamba,1,0.4168783065525238,0.42230900792827875,0.005430701375754965,0.005430701375754965,2.9492517432626868e-05,2020
LSTM_FINAL_w6_h16_l2_d0.0_e50_lr0.001_b8,010503,Amazonas,Cocabamba,2,0.4340696890346062,0.42625715942724296,-0.007812529607363228,0.007812529607363228,6.103561886592702e-05,2021
LSTM_FINAL_w6_h16_l2_d0.0_e50_lr0.001_b8,010503,Amazonas,Cocabamba,3,0.44108951048875206,0.44771105341919104,0.006621542930438984,0.006621542930438984,4.384483077964649e-05,2022
LSTM_FINAL_w6_h16_l2_d0.0_e50_lr0.001_b8,010503,Amazonas,Cocabamba,4,0.4439156651618457,0.4483513516718961,0.004435686510050385,0.004435686510050385,1.9675314815442965e-05,2023
LSTM_FINAL_w6_h16_l2_d0.0_e50_lr0.001_b8,010503,Amazonas,Cocabamba,5,0.4519461368256609,0.4531828433179076,0.0012367064922466642,0.0012367064922466642,1.5294429479650485e-06,2024
LSTM_FINAL_w6_h16_l2_d0.0_e50_lr0.001_b8,010507,Amazonas,Longuita,1,0.29933951365225964,0.30454397576522135,0.005204462112961716,0.005204462112961716,2.7086425885253934e-05,2020
LSTM_FINAL_w6_h16_l2_d0.0_e50_lr0.001_b8,010507,Amazonas,Longuita,2,0.3056262343359304,0.3013926778678139,-0.004233556468116517,0.004233556468116517,1.79230003687312e-05,2021
LSTM_FINAL_w6_h16_l2_d0.0_e50_lr0.001_b8,010507,Amazonas,Longuita,3,0.30265710901759935,0.3113094484096155,0.00865233939201615,0.00865233939201615,7.486297695463441e-05,2022
LSTM_FINAL_w6_h16_l2_d0.0_e50_lr0.001_b8,010507,Amazonas,Longuita,4,0.2989608077019905,0.3037198328728463,0.004759025170855802,0.004759025170855802,2.2648320576839093e-05,2023
LSTM_FINAL_w6_h16_l2_d0.0_e50_lr0.001_b8,010507,Amazonas,Longuita,5,0.30035448598082154,0.3019018424023509,0.0015473564215293667,0.0015473564215293667,2.3943118952481673e-06,2024
LSTM_FINAL_w6_h16_l2_d0.0_e50_lr0.001_b8,010508,Amazonas,Lonya Chico,1,0.28718531150783844,0.2804644103201704,-0.006720901187668049,0.006720901187668049,4.5170512774397795e-05,2020
LSTM_FINAL_w6_h16_l2_d0.0_e50_lr0.001_b8,010508,Amazonas,Lonya Chico,2,0.2995676458138379,0.28661120792564776,-0.01295643788819012,0.01295643788819012,0.00016786928275052846,2021
LSTM_FINAL_w6_h16_l2_d0.0_e50_lr0.001_b8,010508,Amazonas,Lonya Chico,3,0.3008212243439223,0.30162431820180713,0.0008030938578848512,0.0008030938578848512,6.449597445723736e-07,2022
LSTM_FINAL_w6_h16_l2_d0.0_e50_lr0.001_b8,010508,Amazonas,Lonya Chico,4,0.30504246435061055,0.29701039003249063,-0.00803207431811992,0.00803207431811992,6.451421785180157e-05,2023
LSTM_FINAL_w6_h16_l2_d0.0_e50_lr0.001_b8,010508,Amazonas,Lonya Chico,5,0.30748566667049393,0.30476435966110604,-0.0027213070093878855,0.0027213070093878855,7.405511839343637e-06,2024
LSTM_FINAL_w6_h16_l2_d0.0_e50_lr0.001_b8,010510,Amazonas,Luya Viejo,1,0.6433222926590083,0.6407476222088382,-0.0025746704501701245,0.0025746704501701245,6.628927926979232e-06,2020
LSTM_FINAL_w6_h16_l2_d0.0_e50_lr0.001_b8,010510,Amazonas,Luya Viejo,2,0.6606007863431802,0.6361646366249952,-0.024436149718184974,0.024436149718184974,0.0005971254130495516,2021
LSTM_FINAL_w6_h16_l2_d0.0_e50_lr0.001_b8,010510,Amazonas,Luya Viejo,3,0.6585525815224429,0.6582097523138137,-0.00034282920862915844,0.00034282920862915844,1.1753186628929505e-07,2022
LSTM_FINAL_w6_h16_l2_d0.0_e50_lr0.001_b8,010510,Amazonas,Luya Viejo,4,0.6525917675322627,0.6530617364426232,0.000469968910360552,0.000469968910360552,2.2087077670548456e-07,2023
LSTM_FINAL_w6_h16_l2_d0.0_e50_lr0.001_b8,010510,Amazonas,Luya Viejo,5,0.6565175007999489,0.6467976422090969,-0.009719858590852004,0.009719858590852004,9.44756510261595e-05,2024
LSTM_FINAL_w6_h16_l2_d0.0_e50_lr0.001_b8,010511,Amazonas,Maria,1,0.4967015706943522,0.4967247176916625,2.3146997310263817e-05,2.3146997310263817e-05,5.357834844813603e-10,2020
LSTM_FINAL_w6_h16_l2_d0.0_e50_lr0.001_b8,010511,Amazonas,Maria,2,0.49562740111111814,0.4971672017116637,0.0015398006005455378,0.0015398006005455378,2.370985889440399e-06,2021
LSTM_FINAL_w6_h16_l2_d0.0_e50_lr0.001_b8,010511,Amazonas,Maria,3,0.48889878320606955,0.49621342680082353,0.007314643594753978,0.007314643594753978,5.350401091827539e-05,2022
LSTM_FINAL_w6_h16_l2_d0.0_e50_lr0.001_b8,010511,Amazonas,Maria,4,0.48279845626576595,0.48803807897366064,0.005239622707894687,0.005239622707894687,2.745364612108565e-05,2023
LSTM_FINAL_w6_h16_l2_d0.0_e50_lr0.001_b8,010511,Amazonas,Maria,5,0.4833355252832265,0.48351029978288457,0.00017477449965808134,0.00017477449965808134,3.0546125730732674e-08,2024
LSTM_FINAL_w6_h16_l2_d0.0_e50_lr0.001_b8,010512,Amazonas,Ocalli,1,0.7514545269560022,0.7455173615813103,-0.005937165374691911,0.005937165374691911,3.524993268644054e-05,2020
LSTM_FINAL_w6_h16_l2_d0.0_e50_lr0.001_b8,010512,Amazonas,Ocalli,2,0.7490497126234804,0.7424924588454455,-0.006557253778034955,0.006557253778034955,4.299757710955369e-05,2021
LSTM_FINAL_w6_h16_l2_d0.0_e50_lr0.001_b8,010512,Amazonas,Ocalli,3,0.7596567854942264,0.7412310563337161,-0.01842572916051033,0.01842572916051033,0.0003395074950964807,2022
LSTM_FINAL_w6_h16_l2_d0.0_e50_lr0.001_b8,010512,Amazonas,Ocalli,4,0.7632873148867162,0.755832473743445,-0.007454841143271218,0.007454841143271218,5.5574656471409324e-05,2023
LSTM_FINAL_w6_h16_l2_d0.0_e50_lr0.001_b8,010512,Amazonas,Ocalli,5,0.7578053538118612,0.758703294518204,0.000897940706342748,0.000897940706342748,8.062975121073132e-07,2024
LSTM_FINAL_w6_h16_l2_d0.0_e50_lr0.001_b8,010513,Amazonas,Ocumal,1,0.5724445558471863,0.5677623602831857,-0.004682195564000624,0.004682195564000624,2.1922955299547124e-05,2020
LSTM_FINAL_w6_h16_l2_d0.0_e50_lr0.001_b8,010513,Amazonas,Ocumal,2,0.579458771166097,0.5750403131898222,-0.0044184579762748255,0.0044184579762748255,1.9522770888106625e-05,2021
LSTM_FINAL_w6_h16_l2_d0.0_e50_lr0.001_b8,010513,Amazonas,Ocumal,3,0.5660875423671314,0.5828944644866381,0.01680692211950663,0.01680692211950663,0.0002824726311311612,2022
LSTM_FINAL_w6_h16_l2_d0.0_e50_lr0.001_b8,010513,Amazonas,Ocumal,4,0.5702701798579293,0.5639923463340545,-0.006277833523874787,0.006277833523874787,3.941119375348613e-05,2023
LSTM_FINAL_w6_h16_l2_d0.0_e50_lr0.001_b8,010513,Amazonas,Ocumal,5,0.572224676724311,0.5750706027252148,0.002845926000903831,0.002845926000903831,8.099294802620473e-06,2024
LSTM_FINAL_w6_h16_l2_d0.0_e50_lr0.001_b8,010514,Amazonas,Pisuquia,1,0.47308647844352253,0.4822246397732244,0.009138161329701855,0.009138161329701855,8.350599248765838e-05,2020
LSTM_FINAL_w6_h16_l2_d0.0_e50_lr0.001_b8,010514,Amazonas,Pisuquia,2,0.4884350577068684,0.4748068237301894,-0.013628233976679005,0.013628233976679005,0.00018572876132310804,2021
LSTM_FINAL_w6_h16_l2_d0.0_e50_lr0.001_b8,010514,Amazonas,Pisuquia,3,0.48574858949962,0.4991407506043173,0.013392161104697264,0.013392161104697264,0.00017934997905416625,2022
LSTM_FINAL_w6_h16_l2_d0.0_e50_lr0.001_b8,010514,Amazonas,Pisuquia,4,0.48383843694211015,0.4868144145540432,0.002975977611933023,0.002975977611933023,8.856442746726578e-06,2023
LSTM_FINAL_w6_h16_l2_d0.0_e50_lr0.001_b8,010514,Amazonas,Pisuquia,5,0.49601155545505693,0.4903806800327794,-0.005630875422277526,0.005630875422277526,3.1706758021209106e-05,2024
LSTM_FINAL_w6_h16_l2_d0.0_e50_lr0.001_b8,010515,Amazonas,Providencia,1,0.7218613006911088,0.7211537729832201,-0.0007075277078886222,0.0007075277078886222,5.005954574301275e-07,2020
LSTM_FINAL_w6_h16_l2_d0.0_e50_lr0.001_b8,010515,Amazonas,Providencia,2,0.7229606458281845,0.724318472604026,0.0013578267758415086,0.0013578267758415086,1.8436935531921463e-06,2021
LSTM_FINAL_w6_h16_l2_d0.0_e50_lr0.001_b8,010515,Amazonas,Providencia,3,0.7061189953256342,0.7252834724046617,0.019164477079027575,0.019164477079027575,0.0003672771817125733,2022
LSTM_FINAL_w6_h16_l2_d0.0_e50_lr0.001_b8,010515,Amazonas,Providencia,4,0.713303025749386,0.7031006672582162,-0.010202358491169794,0.010202358491169794,0.00010408811878234439,2023
LSTM_FINAL_w6_h16_l2_d0.0_e50_lr0.001_b8,010515,Amazonas,Providencia,5,0.7031721431163409,0.7155875652931036,0.012415422176762725,0.012415422176762725,0.0001541427078272517,2024
LSTM_FINAL_w6_h16_l2_d0.0_e50_lr0.001_b8,010516,Amazonas,San Cristobal,1,0.12910973778389828,0.12919900689060282,8.926910670453703e-05,8.926910670453703e-05,7.968973411826017e-09,2020
LSTM_FINAL_w6_h16_l2_d0.0_e50_lr0.001_b8,010516,Amazonas,San Cristobal,2,0.13386376570196146,0.13332143758070975,-0.0005423281212517117,0.0005423281212517117,2.9411979110041133e-07,2021
LSTM_FINAL_w6_h16_l2_d0.0_e50_lr0.001_b8,010516,Amazonas,San Cristobal,3,0.13011060170684874,0.13880612442981527,0.008695522722966531,0.008695522722966531,7.561211542562727e-05,2022
LSTM_FINAL_w6_h16_l2_d0.0_e50_lr0.001_b8,010516,Amazonas,San Cristobal,4,0.13223741230446795,0.13341103478987038,0.0011736224854024258,0.0011736224854024258,1.3773897382421671e-06,2023
LSTM_FINAL_w6_h16_l2_d0.0_e50_lr0.001_b8,010516,Amazonas,San Cristobal,5,0.12525647730103034,0.1370513063014407,0.011794829000410345,0.011794829000410345,0.0001391179911489209,2024
LSTM_FINAL_w6_h16_l2_d0.0_e50_lr0.001_b8,010517,Amazonas,San Francisco Del Yeso,1,0.3325855424186807,0.33759677742366107,0.005011235004980352,0.005011235004980352,2.511247627514043e-05,2020
LSTM_FINAL_w6_h16_l2_d0.0_e50_lr0.001_b8,010517,Amazonas,San Francisco Del Yeso,2,0.3296529879048775,0.3343529420143134,0.004699954109435911,0.004699954109435911,2.2089568630803507e-05,2021
LSTM_FINAL_w6_h16_l2_d0.0_e50_lr0.001_b8,010517,Amazonas,San Francisco Del Yeso,3,0.32937928735987965,0.3321121410518565,0.0027328536919768442,0.0027328536919768442,7.468489301751468e-06,2022
LSTM_FINAL_w6_h16_l2_d0.0_e50_lr0.001_b8,010517,Amazonas,San Francisco Del Yeso,4,0.32705765961929956,0.33129174609907597,0.004234086479776411,0.004234086479776411,1.79274883182254e-05,2023
LSTM_FINAL_w6_h16_l2_d0.0_e50_lr0.001_b8,010517,Amazonas,San Francisco Del Yeso,5,0.3292228834429307,0.32848267168268636,-0.0007402117602443581,0.0007402117602443581,5.479134500040511e-07,2024
LSTM_FINAL_w6_h16_l2_d0.0_e50_lr0.001_b8,010518,Amazonas,San Jeronimo,1,0.4425930652323946,0.4403085319983396,-0.0022845332340550306,0.0022845332340550306,5.2190920975019375e-06,2020
LSTM_FINAL_w6_h16_l2_d0.0_e50_lr0.001_b8,010518,Amazonas,San Jeronimo,2,0.4367522610251886,0.44433609060133805,0.007583829576149448,0.007583829576149448,5.751447104007911e-05,2021
LSTM_FINAL_w6_h16_l2_d0.0_e50_lr0.001_b8,010518,Amazonas,San Jeronimo,3,0.4297261551470763,0.43617779779222876,0.006451642645152467,0.006451642645152467,4.162369282074992e-05,2022
LSTM_FINAL_w6_h16_l2_d0.0_e50_lr0.001_b8,010518,Amazonas,San Jeronimo,4,0.4264141880007909,0.42923976218492377,0.002825574184132873,0.002825574184132873,7.98386947003815e-06,2023
LSTM_FINAL_w6_h16_l2_d0.0_e50_lr0.001_b8,010518,Amazonas,San Jeronimo,5,0.4184467246278685,0.42676776256485666,0.00832103793698813,0.00832103793698813,6.923967234879566e-05,2024
LSTM_FINAL_w6_h16_l2_d0.0_e50_lr0.001_b8,010519,Amazonas,San Juan De Lopecancha,1,0.16213294712466453,0.17191595281898697,0.009783005694322444,0.009783005694322444,9.570720041514537e-05,2020
LSTM_FINAL_w6_h16_l2_d0.0_e50_lr0.001_b8,010519,Amazonas,San Juan De Lopecancha,2,0.16046497519254965,0.16829897658179838,0.007834001389248724,0.007834001389248724,6.137157776675094e-05,2021
LSTM_FINAL_w6_h16_l2_d0.0_e50_lr0.001_b8,010519,Amazonas,San Juan De Lopecancha,3,0.1627095240946011,0.16721575894237156,0.004506234847770463,0.004506234847770463,2.0306152503260886e-05,2022
LSTM_FINAL_w6_h16_l2_d0.0_e50_lr0.001_b8,010519,Amazonas,San Juan De Lopecancha,4,0.16192702497549788,0.1669705402144266,0.0050435152389287086,0.0050435152389287086,2.543704596530611e-05,2023
LSTM_FINAL_w6_h16_l2_d0.0_e50_lr0.001_b8,010519,Amazonas,San Juan De Lopecancha,5,0.1634302642360096,0.16631135714150896,0.0028810929054993717,0.0028810929054993717,8.300696330118812e-06,2024
LSTM_FINAL_w6_h16_l2_d0.0_e50_lr0.001_b8,010520,Amazonas,Santa Catalina,1,0.6896047027389762,0.6856110648822065,-0.003993637856769761,0.003993637856769761,1.5949143331024566e-05,2020
LSTM_FINAL_w6_h16_l2_d0.0_e50_lr0.001_b8,010520,Amazonas,Santa Catalina,2,0.6847716021289975,0.6868087650401551,0.0020371629111576306,0.0020371629111576306,4.150032726596232e-06,2021
LSTM_FINAL_w6_h16_l2_d0.0_e50_lr0.001_b8,010520,Amazonas,Santa Catalina,3,0.6841073587066611,0.6805366827737557,-0.003570675932905387,0.003570675932905387,1.2749726617829757e-05,2022
LSTM_FINAL_w6_h16_l2_d0.0_e50_lr0.001_b8,010520,Amazonas,Santa Catalina,4,0.6827087336523384,0.6812267579548458,-0.0014819756974926435,0.0014819756974926435,2.196251967958807e-06,2023
LSTM_FINAL_w6_h16_l2_d0.0_e50_lr0.001_b8,010520,Amazonas,Santa Catalina,5,0.6790474004869527,0.6796965133383336,0.0006491128513809175,0.0006491128513809175,4.21347493827865e-07,2024
LSTM_FINAL_w6_h16_l2_d0.0_e50_lr0.001_b8,010521,Amazonas,Santo Tomas,1,0.31352701719431686,0.31318462966207095,-0.00034238753224591356,0.00034238753224591356,1.172292222374465e-07,2020
LSTM_FINAL_w6_h16_l2_d0.0_e50_lr0.001_b8,010521,Amazonas,Santo Tomas,2,0.3137343779465602,0.3148507086954007,0.0011163307488405438,0.0011163307488405438,1.2461943408068893e-06,2021
LSTM_FINAL_w6_h16_l2_d0.0_e50_lr0.001_b8,010521,Amazonas,Santo Tomas,3,0.31368503638489564,0.3153291577923185,0.0016441214074228716,0.0016441214074228716,2.703135202346164e-06,2022
LSTM_FINAL_w6_h16_l2_d0.0_e50_lr0.001_b8,010521,Amazonas,Santo Tomas,4,0.3169240638313292,0.31438699897035616,-0.0025370648609730484,0.0025370648609730484,6.436698108784193e-06,2023
LSTM_FINAL_w6_h16_l2_d0.0_e50_lr0.001_b8,010521,Amazonas,Santo Tomas,5,0.31714131813455587,0.3185220868436726,0.001380768709116742,0.001380768709116742,1.906522228075914e-06,2024
LSTM_FINAL_w6_h16_l2_d0.0_e50_lr0.001_b8,010522,Amazonas,Tingo,1,0.21833821026119687,0.22759021998832757,0.009252009727130694,0.009252009727130694,8.559968399092098e-05,2020
LSTM_FINAL_w6_h16_l2_d0.0_e50_lr0.001_b8,010522,Amazonas,Tingo,2,0.21514188661135486,0.2237336784808988,0.008591791869543952,0.008591791869543952,7.381888752956157e-05,2021
LSTM_FINAL_w6_h16_l2_d0.0_e50_lr0.001_b8,010522,Amazonas,Tingo,3,0.21920255832376706,0.22182215357176976,0.002619595248002704,0.002619595248002704,6.8622792633583485e-06,2022
LSTM_FINAL_w6_h16_l2_d0.0_e50_lr0.001_b8,010522,Amazonas,Tingo,4,0.21749836892823093,0.22513886558434315,0.007640496656112217,0.007640496656112217,5.837718915206197e-05,2023
LSTM_FINAL_w6_h16_l2_d0.0_e50_lr0.001_b8,010522,Amazonas,Tingo,5,0.22122472947654687,0.2223740471415488,0.0011493176650019254,0.0011493176650019254,1.320931095085478e-06,2024
LSTM_FINAL_w6_h16_l2_d0.0_e50_lr0.001_b8,010523,Amazonas,Trita,1,0.14999045571406044,0.15419763779243817,0.004207182078377725,0.004207182078377725,1.7700381040622713e-05,2020
LSTM_FINAL_w6_h16_l2_d0.0_e50_lr0.001_b8,010523,Amazonas,Trita,2,0.1690732226621986,0.15453805670994764,-0.014535165952250961,0.014535165952250961,0.00021127104925947558,2021
LSTM_FINAL_w6_h16_l2_d0.0_e50_lr0.001_b8,010523,Amazonas,Trita,3,0.17263535531192065,0.1820339006436673,0.009398545331746666,0.009398545331746666,8.833265435289704e-05,2022
LSTM_FINAL_w6_h16_l2_d0.0_e50_lr0.001_b8,010523,Amazonas,Trita,4,0.17409833892493626,0.17690878884777633,0.0028104499228400748,0.0028104499228400748,7.898628768791783e-06,2023
LSTM_FINAL_w6_h16_l2_d0.0_e50_lr0.001_b8,010523,Amazonas,Trita,5,0.1788054481917798,0.18226957916173547,0.003464130969955681,0.003464130969955681,1.2000203377006088e-05,2024
LSTM_FINAL_w6_h16_l2_d0.0_e50_lr0.001_b8,010601,Amazonas,San Nicolas,1,0.6677599566962213,0.6699370300662472,0.002177073370025817,0.002177073370025817,4.739648458475569e-06,2020
LSTM_FINAL_w6_h16_l2_d0.0_e50_lr0.001_b8,010601,Amazonas,San Nicolas,2,0.6688735490514861,0.6687685688848655,-0.00010498016662063847,0.00010498016662063847,1.1020835383697017e-08,2021
LSTM_FINAL_w6_h16_l2_d0.0_e50_lr0.001_b8,010601,Amazonas,San Nicolas,3,0.6652195981913622,0.6690860332497744,0.003866435058412221,0.003866435058412221,1.4949320060919113e-05,2022
LSTM_FINAL_w6_h16_l2_d0.0_e50_lr0.001_b8,010601,Amazonas,San Nicolas,4,0.6535443120588925,0.6639036801946225,0.010359368135730018,0.010359368135730018,0.00010731650817157844,2023
LSTM_FINAL_w6_h16_l2_d0.0_e50_lr0.001_b8,010601,Amazonas,San Nicolas,5,0.6457840201483349,0.649557917694807,0.0037738975464720603,0.0037738975464720603,1.4242302691267837e-05,2024
LSTM_FINAL_w6_h16_l2_d0.0_e50_lr0.001_b8,010602,Amazonas,Chirimoto,1,0.7118476642088117,0.7155294659197269,0.0036818017109151446,0.0036818017109151446,1.3555663838497686e-05,2020
LSTM_FINAL_w6_h16_l2_d0.0_e50_lr0.001_b8,010602,Amazonas,Chirimoto,2,0.7038575365277693,0.7085251094486551,0.004667572920885821,0.004667572920885821,2.1786236971786592e-05,2021
LSTM_FINAL_w6_h16_l2_d0.0_e50_lr0.001_b8,010602,Amazonas,Chirimoto,3,0.696358502507529,0.6977589447446855,0.0014004422371565184,0.0014004422371565184,1.961238459611954e-06,2022
LSTM_FINAL_w6_h16_l2_d0.0_e50_lr0.001_b8,010602,Amazonas,Chirimoto,4,0.6909855597833696,0.6892444210035487,-0.001741138779820961,0.001741138779820961,3.0315642505964247e-06,2023
LSTM_FINAL_w6_h16_l2_d0.0_e50_lr0.001_b8,010602,Amazonas,Chirimoto,5,0.6800778441082513,0.6839920054546981,0.003914161346446732,0.003914161346446732,1.5320659046017692e-05,2024
LSTM_FINAL_w6_h16_l2_d0.0_e50_lr0.001_b8,010603,Amazonas,Cochamal,1,0.8182399333232315,0.8103276921175326,-0.007912241205698889,0.007912241205698889,6.26035608971594e-05,2020
LSTM_FINAL_w6_h16_l2_d0.0_e50_lr0.001_b8,010603,Amazonas,Cochamal,2,0.8120494980910953,0.8039125824189323,-0.008136915672163014,0.008136915672163014,6.620939665589208e-05,2021
LSTM_FINAL_w6_h16_l2_d0.0_e50_lr0.001_b8,010603,Amazonas,Cochamal,3,0.8050969313307834,0.7970175850203374,-0.008079346310446045,0.008079346310446045,6.527583680411812e-05,2022
LSTM_FINAL_w6_h16_l2_d0.0_e50_lr0.001_b8,010603,Amazonas,Cochamal,4,0.7972789312459313,0.789444576515576,-0.00783435473035532,0.00783435473035532,6.137711404104078e-05,2023
LSTM_FINAL_w6_h16_l2_d0.0_e50_lr0.001_b8,010603,Amazonas,Cochamal,5,0.7942648558911172,0.7813251259895366,-0.012939729901580543,0.012939729901580543,0.00016743660992585762,2024
LSTM_FINAL_w6_h16_l2_d0.0_e50_lr0.001_b8,010604,Amazonas,Huambo,1,0.23678097551077298,0.24606970747433432,0.009288731963561336,0.009288731963561336,8.628054149088603e-05,2020
LSTM_FINAL_w6_h16_l2_d0.0_e50_lr0.001_b8,010604,Amazonas,Huambo,2,0.2369641071585672,0.23963132774000262,0.0026672205814354255,0.0026672205814354255,7.11406563003273e-06,2021
LSTM_FINAL_w6_h16_l2_d0.0_e50_lr0.001_b8,010604,Amazonas,Huambo,3,0.23359853311868822,0.2410816920277843,0.007483158909096066,0.007483158909096066,5.599766725878382e-05,2022
LSTM_FINAL_w6_h16_l2_d0.0_e50_lr0.001_b8,010604,Amazonas,Huambo,4,0.21361113722183328,0.23576999088898493,0.022158853667151646,0.022158853667151646,0.0004910147958422399,2023
LSTM_FINAL_w6_h16_l2_d0.0_e50_lr0.001_b8,010604,Amazonas,Huambo,5,0.20973041708725637,0.21095264921345974,0.0012222321262033708,0.0012222321262033708,1.4938513703236127e-06,2024
LSTM_FINAL_w6_h16_l2_d0.0_e50_lr0.001_b8,010605,Amazonas,Limabamba,1,0.806505853754497,0.8003895192001342,-0.006116334554362779,0.006116334554362779,3.7409548380892135e-05,2020
LSTM_FINAL_w6_h16_l2_d0.0_e50_lr0.001_b8,010605,Amazonas,Limabamba,2,0.7968726646893514,0.7934086599126481,-0.0034640047767032778,0.0034640047767032778,1.1999329093023125e-05,2021
LSTM_FINAL_w6_h16_l2_d0.0_e50_lr0.001_b8,010605,Amazonas,Limabamba,3,0.7915068266452987,0.7823569072593102,-0.009149919385988525,0.009149919385988525,8.372102477008863e-05,2022
LSTM_FINAL_w6_h16_l2_d0.0_e50_lr0.001_b8,010605,Amazonas,Limabamba,4,0.7833278886201067,0.7781100752610476,-0.005217813359059131,0.005217813359059131,2.7225576249975937e-05,2023
LSTM_FINAL_w6_h16_l2_d0.0_e50_lr0.001_b8,010605,Amazonas,Limabamba,5,0.7546323001977504,0.7692412892026197,0.014608989004869288,0.014608989004869288,0.00021342255974439176,2024
LSTM_FINAL_w6_h16_l2_d0.0_e50_lr0.001_b8,010606,Amazonas,Longar,1,0.704565821395172,0.7033951518318743,-0.0011706695632976993,0.0011706695632976993,1.3704672264316261e-06,2020
LSTM_FINAL_w6_h16_l2_d0.0_e50_lr0.001_b8,010606,Amazonas,Longar,2,0.6976246246468959,0.699598526880656,0.0019739022337601497,0.0019739022337601497,3.896290028443308e-06,2021
LSTM_FINAL_w6_h16_l2_d0.0_e50_lr0.001_b8,010606,Amazonas,Longar,3,0.6850504261200403,0.6910612126381468,0.006010786518106492,0.006010786518106492,3.612955456625077e-05,2022
LSTM_FINAL_w6_h16_l2_d0.0_e50_lr0.001_b8,010606,Amazonas,Longar,4,0.670194918596727,0.6764706099901433,0.006275691393416327,0.006275691393416327,3.938430246539976e-05,2023
LSTM_FINAL_w6_h16_l2_d0.0_e50_lr0.001_b8,010606,Amazonas,Longar,5,0.6654593401321558,0.6600849461855944,-0.005374393946561362,0.005374393946561362,2.8884110292835415e-05,2024
LSTM_FINAL_w6_h16_l2_d0.0_e50_lr0.001_b8,010608,Amazonas,Milpuc,1,0.39825826502206196,0.4095024623852167,0.01124419736315474,0.01124419736315474,0.000126431974341576,2020
LSTM_FINAL_w6_h16_l2_d0.0_e50_lr0.001_b8,010608,Amazonas,Milpuc,2,0.4143722978509513,0.39680008937196054,-0.01757220847899077,0.01757220847899077,0.0003087825108291151,2021
LSTM_FINAL_w6_h16_l2_d0.0_e50_lr0.001_b8,010608,Amazonas,Milpuc,3,0.4137310342198659,0.41923538197768584,0.0055043477578199385,0.0055043477578199385,3.0297844239017384e-05,2022
LSTM_FINAL_w6_h16_l2_d0.0_e50_lr0.001_b8,010608,Amazonas,Milpuc,4,0.40345033495764404,0.4109301876035288,0.007479852645884744,0.007479852645884744,5.5948195604149e-05,2023
LSTM_FINAL_w6_h16_l2_d0.0_e50_lr0.001_b8,010608,Amazonas,Milpuc,5,0.39327305106571386,0.4002707319137369,0.006997680848023047,0.006997680848023047,4.896753725078855e-05,2024
LSTM_FINAL_w6_h16_l2_d0.0_e50_lr0.001_b8,010609,Amazonas,Omia,1,0.7124288093744829,0.7239003060237506,0.01147149664926761,0.01147149664926761,0.000131595235374158,2020
LSTM_FINAL_w6_h16_l2_d0.0_e50_lr0.001_b8,010609,Amazonas,Omia,2,0.7089551634333009,0.7130469165437642,0.004091753110463281,0.004091753110463281,1.6742443516985934e-05,2021
LSTM_FINAL_w6_h16_l2_d0.0_e50_lr0.001_b8,010609,Amazonas,Omia,3,0.7032829534112197,0.7069826745639669,0.003699721152747193,0.003699721152747193,1.3687936608085019e-05,2022
LSTM_FINAL_w6_h16_l2_d0.0_e50_lr0.001_b8,010609,Amazonas,Omia,4,0.6997106622046844,0.6981502700201884,-0.0015603921844959956,0.0015603921844959956,2.4348237694361852e-06,2023
LSTM_FINAL_w6_h16_l2_d0.0_e50_lr0.001_b8,010609,Amazonas,Omia,5,0.6896845704483815,0.6934631497645153,0.00377857931613379,0.00377857931613379,1.42776616483141e-05,2024
LSTM_FINAL_w6_h16_l2_d0.0_e50_lr0.001_b8,010610,Amazonas,Santa Rosa,1,0.2150391400653005,0.22486222473656575,0.009823084671265248,0.009823084671265248,9.649299245884628e-05,2020
LSTM_FINAL_w6_h16_l2_d0.0_e50_lr0.001_b8,010610,Amazonas,Santa Rosa,2,0.24808826950009716,0.21638067529226512,-0.031707594207832035,0.031707594207832035,0.0010053715304485435,2021
LSTM_FINAL_w6_h16_l2_d0.0_e50_lr0.001_b8,010610,Amazonas,Santa Rosa,3,0.2527028286356754,0.2673537642776221,0.014650935641946694,0.014650935641946694,0.000214649915184464,2022
LSTM_FINAL_w6_h16_l2_d0.0_e50_lr0.001_b8,010610,Amazonas,Santa Rosa,4,0.26522808941927395,0.25407444833399756,-0.011153641085276389,0.011153641085276389,0.00012440370945916547,2023
LSTM_FINAL_w6_h16_l2_d0.0_e50_lr0.001_b8,010610,Amazonas,Santa Rosa,5,0.26092113895559704,0.27585817993924655,0.014937040983649508,0.014937040983649508,0.00022311519334722505,2024
LSTM_FINAL_w6_h16_l2_d0.0_e50_lr0.001_b8,010611,Amazonas,Totora,1,0.2228216293689445,0.23875698517184718,0.015935355802902673,0.015935355802902673,0.0002539355645651039,2020
LSTM_FINAL_w6_h16_l2_d0.0_e50_lr0.001_b8,010611,Amazonas,Totora,2,0.22894760508778594,0.2216456596890486,-0.007301945398737353,0.007301945398737353,5.33184066061416e-05,2021
LSTM_FINAL_w6_h16_l2_d0.0_e50_lr0.001_b8,010611,Amazonas,Totora,3,0.22574747040172327,0.23442378651168383,0.008676316109960558,0.008676316109960558,7.527846123996111e-05,2022
LSTM_FINAL_w6_h16_l2_d0.0_e50_lr0.001_b8,010611,Amazonas,Totora,4,0.21504984125309884,0.22627576583331493,0.011225924580216096,0.011225924580216096,0.00012602138268069993,2023
LSTM_FINAL_w6_h16_l2_d0.0_e50_lr0.001_b8,010611,Amazonas,Totora,5,0.18583706240535675,0.21507083981028807,0.029233777404931327,0.029233777404931327,0.0008546137413610734,2024
LSTM_FINAL_w6_h16_l2_d0.0_e50_lr0.001_b8,010701,Amazonas,Bagua Grande,1,0.4547301808104491,0.4540244134984306,-0.0007057673120184904,0.0007057673120184904,4.981074987138052e-07,2020
LSTM_FINAL_w6_h16_l2_d0.0_e50_lr0.001_b8,010701,Amazonas,Bagua Grande,2,0.43231323039395125,0.4503031763961596,0.017989946002208324,0.017989946002208324,0.00032363815716237123,2021
LSTM_FINAL_w6_h16_l2_d0.0_e50_lr0.001_b8,010701,Amazonas,Bagua Grande,3,0.4285583186222936,0.4200338950205108,-0.008524423601782793,0.008524423601782793,7.266579774263154e-05,2022
LSTM_FINAL_w6_h16_l2_d0.0_e50_lr0.001_b8,010701,Amazonas,Bagua Grande,4,0.43437349928961216,0.42337724642865293,-0.010996252860959232,0.010996252860959232,0.0001209175769821541,2023
LSTM_FINAL_w6_h16_l2_d0.0_e50_lr0.001_b8,010701,Amazonas,Bagua Grande,5,0.41003566673432434,0.43279511194733267,0.022759445213008322,0.022759445213008322,0.0005179923464039275,2024
LSTM_FINAL_w6_h16_l2_d0.0_e50_lr0.001_b8,010703,Amazonas,Cumba,1,0.3463667920234833,0.3481464828418938,0.0017796908184105065,0.0017796908184105065,3.1672994091346584e-06,2020
LSTM_FINAL_w6_h16_l2_d0.0_e50_lr0.001_b8,010703,Amazonas,Cumba,2,0.3446464498916477,0.34520956204155967,0.0005631121499119485,0.0005631121499119485,3.1709529337845673e-07,2021
LSTM_FINAL_w6_h16_l2_d0.0_e50_lr0.001_b8,010703,Amazonas,Cumba,3,0.34793931137952905,0.34335979611012535,-0.0045795152694037,0.0045795152694037,2.0971960102701643e-05,2022
LSTM_FINAL_w6_h16_l2_d0.0_e50_lr0.001_b8,010703,Amazonas,Cumba,4,0.3448179086636006,0.34974353416619425,0.004925625502593622,0.004925625502593622,2.4261786591800677e-05,2023
LSTM_FINAL_w6_h16_l2_d0.0_e50_lr0.001_b8,010703,Amazonas,Cumba,5,0.3392431072129999,0.343672654421324,0.004429547208324114,0.004429547208324114,1.962088847077195e-05,2024
LSTM_FINAL_w6_h16_l2_d0.0_e50_lr0.001_b8,010705,Amazonas,Jamalca,1,0.5213136077789394,0.5149478640919462,-0.006365743686993275,0.006365743686993275,4.0522692688494735e-05,2020
LSTM_FINAL_w6_h16_l2_d0.0_e50_lr0.001_b8,010705,Amazonas,Jamalca,2,0.4938946352535898,0.5218845174887842,0.027989882235194385,0.027989882235194385,0.0007834335075400503,2021
LSTM_FINAL_w6_h16_l2_d0.0_e50_lr0.001_b8,010705,Amazonas,Jamalca,3,0.4911788681279796,0.48372611548303457,-0.007452752644945049,0.007452752644945049,5.554352198673542e-05,2022
LSTM_FINAL_w6_h16_l2_d0.0_e50_lr0.001_b8,010705,Amazonas,Jamalca,4,0.49352913858200925,0.4891796231343185,-0.004349515447690744,0.004349515447690744,1.891828462970041e-05,2023
LSTM_FINAL_w6_h16_l2_d0.0_e50_lr0.001_b8,010705,Amazonas,Jamalca,5,0.4755670718240739,0.49137085223242544,0.015803780408351564,0.015803780408351564,0.0002497594751953967,2024
LSTM_FINAL_w6_h16_l2_d0.0_e50_lr0.001_b8,010706,Amazonas,Lonya Grande,1,0.5421841143088638,0.5700898023778673,0.02790568806900351,0.02790568806900351,0.0007787274266045248,2020
LSTM_FINAL_w6_h16_l2_d0.0_e50_lr0.001_b8,010706,Amazonas,Lonya Grande,2,0.5344709752957506,0.5315962906413465,-0.0028746846544041027,0.0028746846544041027,8.263811862266436e-06,2021
LSTM_FINAL_w6_h16_l2_d0.0_e50_lr0.001_b8,010706,Amazonas,Lonya Grande,3,0.546537519663558,0.5300497450114634,-0.01648777465209461,0.01648777465209461,0.0002718467129782536,2022
LSTM_FINAL_w6_h16_l2_d0.0_e50_lr0.001_b8,010706,Amazonas,Lonya Grande,4,0.5301883219625728,0.5480839438324356,0.01789562186986282,0.01789562186986282,0.0003202532821091125,2023
LSTM_FINAL_w6_h16_l2_d0.0_e50_lr0.001_b8,010706,Amazonas,Lonya Grande,5,0.5252855419737226,0.5236846453044111,-0.0016008966693115134,0.0016008966693115134,2.5628701458126973e-06,2024
LSTM_FINAL_w6_h16_l2_d0.0_e50_lr0.001_b8,010707,Amazonas,Yamon,1,0.49052214582348264,0.49891523064306237,0.008393084819579733,0.008393084819579733,7.044387278865975e-05,2020
LSTM_FINAL_w6_h16_l2_d0.0_e50_lr0.001_b8,010707,Amazonas,Yamon,2,0.48389026451084577,0.4851646901662165,0.0012744256553707256,0.0012744256553707256,1.6241607510671035e-06,2021
LSTM_FINAL_w6_h16_l2_d0.0_e50_lr0.001_b8,010707,Amazonas,Yamon,3,0.4922310390724997,0.47897170583038307,-0.013259333242116644,0.013259333242116644,0.00017580991802549947,2022
LSTM_FINAL_w6_h16_l2_d0.0_e50_lr0.001_b8,010707,Amazonas,Yamon,4,0.48527711573472526,0.4923274317882988,0.007050316053573535,0.007050316053573535,4.970695645527671e-05,2023
LSTM_FINAL_w6_h16_l2_d0.0_e50_lr0.001_b8,010707,Amazonas,Yamon,5,0.48043957312226415,0.48118096478941796,0.0007413916671538123,0.0007413916671538123,5.496616041251093e-07,2024
LSTM_FINAL_w6_h16_l2_d0.0_e50_lr0.001_b8,050408,Ayacucho,Llochegua,1,0.5963197923328813,0.6010697315895688,0.00474993925668743,0.00474993925668743,2.2561922942220333e-05,2020
LSTM_FINAL_w6_h16_l2_d0.0_e50_lr0.001_b8,050408,Ayacucho,Llochegua,2,0.5964061589947821,0.5948704691394315,-0.001535689855350575,0.001535689855350575,2.3583433318266695e-06,2021
LSTM_FINAL_w6_h16_l2_d0.0_e50_lr0.001_b8,050408,Ayacucho,Llochegua,3,0.5938259928284727,0.5958779582081297,0.002051965379657017,0.002051965379657017,4.210561919310966e-06,2022
LSTM_FINAL_w6_h16_l2_d0.0_e50_lr0.001_b8,050408,Ayacucho,Llochegua,4,0.5919840319496955,0.5930662715914168,0.001082239641721272,0.001082239641721272,1.1712426421129874e-06,2023
LSTM_FINAL_w6_h16_l2_d0.0_e50_lr0.001_b8,050408,Ayacucho,Llochegua,5,0.5856252296802887,0.5916238700978577,0.005998640417568923,0.005998640417568923,3.5983686859291466e-05,2024
LSTM_FINAL_w6_h16_l2_d0.0_e50_lr0.001_b8,050409,Ayacucho,Canayre,1,0.6973024027963737,0.6984433159907698,0.0011409131943961315,0.0011409131943961315,1.3016829171471848e-06,2020
LSTM_FINAL_w6_h16_l2_d0.0_e50_lr0.001_b8,050409,Ayacucho,Canayre,2,0.6945688171835332,0.688948346394911,-0.005620470788622267,0.005620470788622267,3.158969188575621e-05,2021
LSTM_FINAL_w6_h16_l2_d0.0_e50_lr0.001_b8,050409,Ayacucho,Canayre,3,0.6886827979340142,0.6887952865991491,0.00011248866513491329,0.00011248866513491329,1.2653699783834656e-08,2022
LSTM_FINAL_w6_h16_l2_d0.0_e50_lr0.001_b8,050409,Ayacucho,Canayre,4,0.6859037322730308,0.6835806406907237,-0.0023230915823071463,0.0023230915823071463,5.396754499786321e-06,2023
LSTM_FINAL_w6_h16_l2_d0.0_e50_lr0.001_b8,050409,Ayacucho,Canayre,5,0.6771801694093946,0.6814515964725381,0.004271427063143429,0.004271427063143429,1.82450891557541e-05,2024
LSTM_FINAL_w6_h16_l2_d0.0_e50_lr0.001_b8,050502,Ayacucho,Anco,1,0.502997935697333,0.5003505842434783,-0.0026473514538546405,0.0026473514538546405,7.008469720226279e-06,2020
LSTM_FINAL_w6_h16_l2_d0.0_e50_lr0.001_b8,050502,Ayacucho,Anco,2,0.5041596297655581,0.5033313461570907,-0.0008282836084673173,0.0008282836084673173,6.860537360556402e-07,2021
LSTM_FINAL_w6_h16_l2_d0.0_e50_lr0.001_b8,050502,Ayacucho,Anco,3,0.4993650338716992,0.5039047367474057,0.004539702875706431,0.004539702875706431,2.0608902199697237e-05,2022
LSTM_FINAL_w6_h16_l2_d0.0_e50_lr0.001_b8,050502,Ayacucho,Anco,4,0.4933877863652331,0.4990373951758204,0.005649608810587292,0.005649608810587292,3.191807971266556e-05,2023
LSTM_FINAL_w6_h16_l2_d0.0_e50_lr0.001_b8,050502,Ayacucho,Anco,5,0.496194245426468,0.4934831569156883,-0.0027110885107797245,0.0027110885107797245,7.350000913281824e-06,2024
LSTM_FINAL_w6_h16_l2_d0.0_e50_lr0.001_b8,050507,Ayacucho,Santa Rosa,1,0.4456698586336212,0.4379281991567715,-0.007741659476849683,0.007741659476849683,5.99332914554965e-05,2020
LSTM_FINAL_w6_h16_l2_d0.0_e50_lr0.001_b8,050507,Ayacucho,Santa Rosa,2,0.4464544336317253,0.4475022477542085,0.0010478141224831705,0.0010478141224831705,1.0979144352751767e-06,2021
LSTM_FINAL_w6_h16_l2_d0.0_e50_lr0.001_b8,050507,Ayacucho,Santa Rosa,3,0.44417020326147594,0.4456799856421214,0.0015097823806454747,0.0015097823806454747,2.2794428369075167e-06,2022
LSTM_FINAL_w6_h16_l2_d0.0_e50_lr0.001_b8,050507,Ayacucho,Santa Rosa,4,0.44112160774248443,0.4436723267133606,0.0025507189708761646,0.0025507189708761646,6.506167268387561e-06,2023
LSTM_FINAL_w6_h16_l2_d0.0_e50_lr0.001_b8,050507,Ayacucho,Santa Rosa,5,0.4371494669062506,0.4397330781483489,0.0025836112420982715,0.0025836112420982715,6.675047050296573e-06,2024
LSTM_FINAL_w6_h16_l2_d0.0_e50_lr0.001_b8,050512,Ayacucho,Union Progreso,1,0.1262791726566354,0.11261292296268927,-0.013666249693946142,0.013666249693946142,0.00018676638069728302,2020
LSTM_FINAL_w6_h16_l2_d0.0_e50_lr0.001_b8,050512,Ayacucho,Union Progreso,2,0.12761687160872887,0.1354410299242952,0.00782415831556632,0.00782415831556632,6.12174533470456e-05,2021
LSTM_FINAL_w6_h16_l2_d0.0_e50_lr0.001_b8,050512,Ayacucho,Union Progreso,3,0.12275656373354588,0.1282428910949318,0.005486327361385934,0.005486327361385934,3.009978791629195e-05,2022
LSTM_FINAL_w6_h16_l2_d0.0_e50_lr0.001_b8,050512,Ayacucho,Union Progreso,4,0.11658084263463242,0.12644287054356945,0.009862027908937032,0.009862027908937032,9.725959447665293e-05,2023
LSTM_FINAL_w6_h16_l2_d0.0_e50_lr0.001_b8,050512,Ayacucho,Union Progreso,5,0.11160903040168274,0.11940270042748391,0.007793670025801169,0.007793670025801169,6.07412924710716e-05,2024
LSTM_FINAL_w6_h16_l2_d0.0_e50_lr0.001_b8,060801,Cajamarca,Jaen,1,0.3073087689693652,0.30494209023770014,-0.002366678731665073,0.002366678731665073,5.601168218915798e-06,2020
LSTM_FINAL_w6_h16_l2_d0.0_e50_lr0.001_b8,060801,Cajamarca,Jaen,2,0.30153721961904284,0.3089524613197301,0.007415241700687247,0.007415241700687247,5.49858094796111e-05,2021
LSTM_FINAL_w6_h16_l2_d0.0_e50_lr0.001_b8,060801,Cajamarca,Jaen,3,0.3093953239194883,0.30097989973941325,-0.00841542418007507,0.00841542418007507,7.081936413059218e-05,2022
LSTM_FINAL_w6_h16_l2_d0.0_e50_lr0.001_b8,060801,Cajamarca,Jaen,4,0.32238013005080424,0.31276395183607386,-0.009616178214730375,0.009616178214730375,9.247088345745507e-05,2023
LSTM_FINAL_w6_h16_l2_d0.0_e50_lr0.001_b8,060801,Cajamarca,Jaen,5,0.3145316164375366,0.32680406165939924,0.01227244522186266,0.01227244522186266,0.00015061291172361964,2024
LSTM_FINAL_w6_h16_l2_d0.0_e50_lr0.001_b8,060803,Cajamarca,Chontali,1,0.4911873924821751,0.48873832217605795,-0.0024490703061171293,0.0024490703061171293,5.997945364304649e-06,2020
LSTM_FINAL_w6_h16_l2_d0.0_e50_lr0.001_b8,060803,Cajamarca,Chontali,2,0.48131131926425275,0.49279916109452954,0.01148784183027679,0.01148784183027679,0.0001319705099174572,2021
LSTM_FINAL_w6_h16_l2_d0.0_e50_lr0.001_b8,060803,Cajamarca,Chontali,3,0.48446217233044575,0.49208237711158187,0.0076202047811361195,0.0076202047811361195,5.8067520906449775e-05,2022
LSTM_FINAL_w6_h16_l2_d0.0_e50_lr0.001_b8,060803,Cajamarca,Chontali,4,0.5387757418274541,0.4939427842890197,-0.044832957538434415,0.044832957538434415,0.002009994081643063,2023
LSTM_FINAL_w6_h16_l2_d0.0_e50_lr0.001_b8,060803,Cajamarca,Chontali,5,0.5326125619716997,0.561007273343459,0.028394711371759307,0.028394711371759307,0.0008062596338855174,2024
LSTM_FINAL_w6_h16_l2_d0.0_e50_lr0.001_b8,060804,Cajamarca,Colasay,1,0.2700840562465765,0.2753639062084855,0.005279849961909,0.005279849961909,2.787681562027047e-05,2020
LSTM_FINAL_w6_h16_l2_d0.0_e50_lr0.001_b8,060804,Cajamarca,Colasay,2,0.2565262822723409,0.27451896666812503,0.01799268439578411,0.01799268439578411,0.00032373669176629294,2021
LSTM_FINAL_w6_h16_l2_d0.0_e50_lr0.001_b8,060804,Cajamarca,Colasay,3,0.2795208381337818,0.25780401419092297,-0.021716823942858843,0.021716823942858843,0.0004716204421651271,2022
LSTM_FINAL_w6_h16_l2_d0.0_e50_lr0.001_b8,060804,Cajamarca,Colasay,4,0.30289942530074054,0.29106613259701725,-0.011833292703723297,0.011833292703723297,0.00014002681621199102,2023
LSTM_FINAL_w6_h16_l2_d0.0_e50_lr0.001_b8,060804,Cajamarca,Colasay,5,0.2988213389195056,0.31259818437980147,0.013776845460295895,0.013776845460295895,0.00018980147083687559,2024
LSTM_FINAL_w6_h16_l2_d0.0_e50_lr0.001_b8,060807,Cajamarca,Pomahuaca,1,0.39317440580036056,0.38877535950112674,-0.004399046299233822,0.004399046299233822,1.9351608342802783e-05,2020
LSTM_FINAL_w6_h16_l2_d0.0_e50_lr0.001_b8,060807,Cajamarca,Pomahuaca,2,0.3856299548286035,0.39718605143423913,0.011556096605635613,0.011556096605635613,0.00013354336875878294,2021
LSTM_FINAL_w6_h16_l2_d0.0_e50_lr0.001_b8,060807,Cajamarca,Pomahuaca,3,0.39264889923964563,0.38469782837020206,-0.007951070869443577,0.007951070869443577,6.321952797091424e-05,2022
LSTM_FINAL_w6_h16_l2_d0.0_e50_lr0.001_b8,060807,Cajamarca,Pomahuaca,4,0.41954442925266383,0.3978850358589444,-0.021659393393719417,0.021659393393719417,0.00046912932218389636,2023
LSTM_FINAL_w6_h16_l2_d0.0_e50_lr0.001_b8,060807,Cajamarca,Pomahuaca,5,0.4155077973548222,0.42837837966378356,0.012870582308961376,0.012870582308961376,0.00016565188897174954,2024
LSTM_FINAL_w6_h16_l2_d0.0_e50_lr0.001_b8,060809,Cajamarca,Sallique,1,0.2715509266117641,0.2683662379797877,-0.0031846886319764067,0.0031846886319764067,1.0142241682639757e-05,2020
LSTM_FINAL_w6_h16_l2_d0.0_e50_lr0.001_b8,060809,Cajamarca,Sallique,2,0.26929951279678543,0.27873606753613656,0.009436554739351122,0.009436554739351122,8.904856534877012e-05,2021
LSTM_FINAL_w6_h16_l2_d0.0_e50_lr0.001_b8,060809,Cajamarca,Sallique,3,0.2919427214050643,0.2796108896386509,-0.012331831766413393,0.012331831766413393,0.00015207407471512244,2022
LSTM_FINAL_w6_h16_l2_d0.0_e50_lr0.001_b8,060809,Cajamarca,Sallique,4,0.29213723568421957,0.3059199869887249,0.013782751304505347,0.013782751304505347,0.00018996423352184386,2023
LSTM_FINAL_w6_h16_l2_d0.0_e50_lr0.001_b8,060809,Cajamarca,Sallique,5,0.29897908048492916,0.29312651506660525,-0.005852565418323907,0.005852565418323907,3.425252197576089e-05,2024
LSTM_FINAL_w6_h16_l2_d0.0_e50_lr0.001_b8,060810,Cajamarca,San Felipe,1,0.3377852722846797,0.3191714016042573,-0.018613870680422417,0.018613870680422417,0.0003464761817074893,2020
LSTM_FINAL_w6_h16_l2_d0.0_e50_lr0.001_b8,060810,Cajamarca,San Felipe,2,0.2851401479444825,0.34620380081876234,0.06106365287427984,0.06106365287427984,0.0037287697023505443,2021
LSTM_FINAL_w6_h16_l2_d0.0_e50_lr0.001_b8,060810,Cajamarca,San Felipe,3,0.32470042014290945,0.2838037109249124,-0.04089670921799704,0.04089670921799704,0.0016725408248614041,2022
LSTM_FINAL_w6_h16_l2_d0.0_e50_lr0.001_b8,060810,Cajamarca,San Felipe,4,0.3577373340708797,0.34341766833564796,-0.014319665735231746,0.014319665735231746,0.00020505282676877015,2023
LSTM_FINAL_w6_h16_l2_d0.0_e50_lr0.001_b8,060810,Cajamarca,San Felipe,5,0.3593837900534709,0.3622703345074713,0.0028865444540004392,0.0028865444540004392,8.332138884920694e-06,2024
LSTM_FINAL_w6_h16_l2_d0.0_e50_lr0.001_b8,060811,Cajamarca,San Jose Del Alto,1,0.4524487266917511,0.4367066358548055,-0.01574209083694561,0.01574209083694561,0.0002478134239186469,2020
LSTM_FINAL_w6_h16_l2_d0.0_e50_lr0.001_b8,060811,Cajamarca,San Jose Del Alto,2,0.4435348202359495,0.45302257788743716,0.009487757651487683,0.009487757651487683,9.001754525336307e-05,2021
LSTM_FINAL_w6_h16_l2_d0.0_e50_lr0.001_b8,060811,Cajamarca,San Jose Del Alto,3,0.4419900444664304,0.44720556110829707,0.0052155166418666465,0.0052155166418666465,2.720161384158794e-05,2022
LSTM_FINAL_w6_h16_l2_d0.0_e50_lr0.001_b8,060811,Cajamarca,San Jose Del Alto,4,0.4792927509288272,0.4460838040496059,-0.033208946879221324,0.033208946879221324,0.0011028341528269436,2023
LSTM_FINAL_w6_h16_l2_d0.0_e50_lr0.001_b8,060811,Cajamarca,San Jose Del Alto,5,0.46596693908137843,0.4958497315379201,0.029882792456541685,0.029882792456541685,0.0008929812850007446,2024
LSTM_FINAL_w6_h16_l2_d0.0_e50_lr0.001_b8,060812,Cajamarca,Santa Rosa,1,0.33029068026692177,0.33442718150466444,0.0041365012377426735,0.0041365012377426735,1.711064248984667e-05,2020
LSTM_FINAL_w6_h16_l2_d0.0_e50_lr0.001_b8,060812,Cajamarca,Santa Rosa,2,0.3372776220691707,0.33062492833439183,-0.006652693734778892,0.006652693734778892,4.425833392876632e-05,2021
LSTM_FINAL_w6_h16_l2_d0.0_e50_lr0.001_b8,060812,Cajamarca,Santa Rosa,3,0.3414995687580721,0.34079889334378544,-0.0007006754142866445,0.0007006754142866445,4.909460361857608e-07,2022
LSTM_FINAL_w6_h16_l2_d0.0_e50_lr0.001_b8,060812,Cajamarca,Santa Rosa,4,0.3406151181104043,0.34258456572235685,0.0019694476119525572,0.0019694476119525572,3.87872389622563e-06,2023
LSTM_FINAL_w6_h16_l2_d0.0_e50_lr0.001_b8,060812,Cajamarca,Santa Rosa,5,0.3324660374087157,0.34046462003766487,0.007998582628949147,0.007998582628949147,6.397732407212704e-05,2024
LSTM_FINAL_w6_h16_l2_d0.0_e50_lr0.001_b8,060901,Cajamarca,San Ignacio,1,0.2714857099389553,0.2682063511290743,-0.0032793588098810056,0.0032793588098810056,1.0754194203944166e-05,2020
LSTM_FINAL_w6_h16_l2_d0.0_e50_lr0.001_b8,060901,Cajamarca,San Ignacio,2,0.2533380097519981,0.27354788435272653,0.020209874600728428,0.020209874600728428,0.00040843903137716803,2021
LSTM_FINAL_w6_h16_l2_d0.0_e50_lr0.001_b8,060901,Cajamarca,San Ignacio,3,0.25218033809369134,0.2520594954352516,-0.00012084265843975706,0.00012084265843975706,1.4602948098787787e-08,2022
LSTM_FINAL_w6_h16_l2_d0.0_e50_lr0.001_b8,060901,Cajamarca,San Ignacio,4,0.32194578549557895,0.2561426800238811,-0.06580310547169788,0.06580310547169788,0.004330048689719395,2023
LSTM_FINAL_w6_h16_l2_d0.0_e50_lr0.001_b8,060901,Cajamarca,San Ignacio,5,0.30731358955160454,0.3414491797924132,0.034135590240808644,0.034135590240808644,0.0011652385210883904,2024
LSTM_FINAL_w6_h16_l2_d0.0_e50_lr0.001_b8,060902,Cajamarca,Chirinos,1,0.3627244535453381,0.3660848158038955,0.0033603622585574033,0.0033603622585574033,1.1292034508737013e-05,2020
LSTM_FINAL_w6_h16_l2_d0.0_e50_lr0.001_b8,060902,Cajamarca,Chirinos,2,0.35401946632844616,0.3586755430440439,0.004656076715597757,0.004656076715597757,2.1679050381531592e-05,2021
LSTM_FINAL_w6_h16_l2_d0.0_e50_lr0.001_b8,060902,Cajamarca,Chirinos,3,0.3544223004285625,0.34953998445017154,-0.00488231597839095,0.00488231597839095,2.383700931285158e-05,2022
LSTM_FINAL_w6_h16_l2_d0.0_e50_lr0.001_b8,060902,Cajamarca,Chirinos,4,0.4178393438850361,0.35252137575263,-0.06531796813240609,0.06531796813240609,0.004266436960946017,2023
LSTM_FINAL_w6_h16_l2_d0.0_e50_lr0.001_b8,060902,Cajamarca,Chirinos,5,0.40758803503128394,0.4371999126588731,0.029611877627589156,0.029611877627589156,0.0008768632966313152,2024
LSTM_FINAL_w6_h16_l2_d0.0_e50_lr0.001_b8,060903,Cajamarca,Huarango,1,0.6402933012617676,0.6414808807208787,0.0011875794591110767,0.0011875794591110767,1.4103449717025573e-06,2020
LSTM_FINAL_w6_h16_l2_d0.0_e50_lr0.001_b8,060903,Cajamarca,Huarango,2,0.6322724202851302,0.6360021501932837,0.0037297299081534563,0.0037297299081534563,1.3910885187774389e-05,2021
LSTM_FINAL_w6_h16_l2_d0.0_e50_lr0.001_b8,060903,Cajamarca,Huarango,3,0.6351580056704129,0.6261242787215154,-0.00903372694889748,0.00903372694889748,8.160822258723657e-05,2022
LSTM_FINAL_w6_h16_l2_d0.0_e50_lr0.001_b8,060903,Cajamarca,Huarango,4,0.6410546882497545,0.6322705652443208,-0.008784123005433742,0.008784123005433742,7.716081697459031e-05,2023
LSTM_FINAL_w6_h16_l2_d0.0_e50_lr0.001_b8,060903,Cajamarca,Huarango,5,0.634883282960071,0.6396830306934567,0.004799747733385651,0.004799747733385651,2.3037578304140693e-05,2024
LSTM_FINAL_w6_h16_l2_d0.0_e50_lr0.001_b8,060904,Cajamarca,La Coipa,1,0.35570028473364923,0.33096789635559853,-0.024732388378050696,0.024732388378050696,0.0006116910348827371,2020
LSTM_FINAL_w6_h16_l2_d0.0_e50_lr0.001_b8,060904,Cajamarca,La Coipa,2,0.35030696179923704,0.3552557816216106,0.004948819822373551,0.004948819822373551,2.449081763431739e-05,2021
LSTM_FINAL_w6_h16_l2_d0.0_e50_lr0.001_b8,060904,Cajamarca,La Coipa,3,0.3372076100527731,0.3445368510519914,0.007329240999218278,0.007329240999218278,5.371777362462215e-05,2022
LSTM_FINAL_w6_h16_l2_d0.0_e50_lr0.001_b8,060904,Cajamarca,La Coipa,4,0.3998415739011827,0.3336081872969848,-0.06623338660419786,0.06623338660419786,0.004386861501061137,2023
LSTM_FINAL_w6_h16_l2_d0.0_e50_lr0.001_b8,060904,Cajamarca,La Coipa,5,0.38975024023342064,0.4117984097989458,0.022048169565525133,0.022048169565525133,0.00048612178119014876,2024
LSTM_FINAL_w6_h16_l2_d0.0_e50_lr0.001_b8,060907,Cajamarca,Tabaconas,1,0.6360185679354129,0.6259066773868448,-0.010111890548568092,0.010111890548568092,0.0001022503304662207,2020
LSTM_FINAL_w6_h16_l2_d0.0_e50_lr0.001_b8,060907,Cajamarca,Tabaconas,2,0.6268111485939962,0.6350496435246294,0.008238494930633222,0.008238494930633222,6.78727987220693e-05,2021
LSTM_FINAL_w6_h16_l2_d0.0_e50_lr0.001_b8,060907,Cajamarca,Tabaconas,3,0.6272904873533429,0.615092862110792,-0.012197625242550969,0.012197625242550969,0.00014878206155771658,2022
LSTM_FINAL_w6_h16_l2_d0.0_e50_lr0.001_b8,060907,Cajamarca,Tabaconas,4,0.6606140113960254,0.6229084392851992,-0.03770557211082615,0.03770557211082615,0.0014217101682047104,2023
LSTM_FINAL_w6_h16_l2_d0.0_e50_lr0.001_b8,060907,Cajamarca,Tabaconas,5,0.6547734090980232,0.6622195176682325,0.007446108570209331,0.007446108570209331,5.544453283934485e-05,2024
LSTM_FINAL_w6_h16_l2_d0.0_e50_lr0.001_b8,080408,Cusco,Yanatile,1,0.5098485950967185,0.5094866902005827,-0.0003619048961358562,0.0003619048961358562,1.3097515384710486e-07,2020
LSTM_FINAL_w6_h16_l2_d0.0_e50_lr0.001_b8,080408,Cusco,Yanatile,2,0.5021753923044314,0.5101470736868131,0.00797168138238169,0.00797168138238169,6.354770406221086e-05,2021
LSTM_FINAL_w6_h16_l2_d0.0_e50_lr0.001_b8,080408,Cusco,Yanatile,3,0.5000892884951854,0.5019022517419908,0.0018129632468053547,0.0018129632468053547,3.2868357342670134e-06,2022
LSTM_FINAL_w6_h16_l2_d0.0_e50_lr0.001_b8,080408,Cusco,Yanatile,4,0.48616748800075904,0.5011041362079106,0.01493664820715157,0.01493664820715157,0.00022310345966420424,2023
LSTM_FINAL_w6_h16_l2_d0.0_e50_lr0.001_b8,080408,Cusco,Yanatile,5,0.48107463120016586,0.48544716114225195,0.00437252994208609,0.00437252994208609,1.9119018094439383e-05,2024
LSTM_FINAL_w6_h16_l2_d0.0_e50_lr0.001_b8,080901,Cusco,Santa Ana,1,0.5770451422348992,0.5748302992244484,-0.0022148430104508288,0.0022148430104508288,4.90552956094289e-06,2020
LSTM_FINAL_w6_h16_l2_d0.0_e50_lr0.001_b8,080901,Cusco,Santa Ana,2,0.5819228900175555,0.5783323922795389,-0.0035904977380165626,0.0035904977380165626,1.2891674006702053e-05,2021
LSTM_FINAL_w6_h16_l2_d0.0_e50_lr0.001_b8,080901,Cusco,Santa Ana,3,0.5887918474385302,0.5808285863009107,-0.00796326113761947,0.00796326113761947,6.341352794592054e-05,2022
LSTM_FINAL_w6_h16_l2_d0.0_e50_lr0.001_b8,080901,Cusco,Santa Ana,4,0.5843595239786546,0.592986542694589,0.008627018715934298,0.008627018715934298,7.442545192508067e-05,2023
LSTM_FINAL_w6_h16_l2_d0.0_e50_lr0.001_b8,080901,Cusco,Santa Ana,5,0.5728912357928277,0.5841472606185579,0.011256024825730182,0.011256024825730182,0.00012669809487745419,2024
LSTM_FINAL_w6_h16_l2_d0.0_e50_lr0.001_b8,080903,Cusco,Huayopata,1,0.5421369069905795,0.5444621312388512,0.002325224248271751,0.002325224248271751,5.40666780475093e-06,2020
LSTM_FINAL_w6_h16_l2_d0.0_e50_lr0.001_b8,080903,Cusco,Huayopata,2,0.5416436191446024,0.5435769770638016,0.0019333579191992412,0.0019333579191992412,3.7378728437304195e-06,2021
LSTM_FINAL_w6_h16_l2_d0.0_e50_lr0.001_b8,080903,Cusco,Huayopata,3,0.5570627467456682,0.5433973914463981,-0.013665355299270154,0.013665355299270154,0.0001867419354552909,2022
LSTM_FINAL_w6_h16_l2_d0.0_e50_lr0.001_b8,080903,Cusco,Huayopata,4,0.5489865552665307,0.5592099375535402,0.010223382287009475,0.010223382287009475,0.00010451754538633908,2023
LSTM_FINAL_w6_h16_l2_d0.0_e50_lr0.001_b8,080903,Cusco,Huayopata,5,0.5366979833357268,0.5471897479108561,0.010491764575129237,0.010491764575129237,0.00011007712389993677,2024
LSTM_FINAL_w6_h16_l2_d0.0_e50_lr0.001_b8,080904,Cusco,Maranura,1,0.5512863405325465,0.5456439058083548,-0.005642434724191792,0.005642434724191792,3.18370696167653e-05,2020
LSTM_FINAL_w6_h16_l2_d0.0_e50_lr0.001_b8,080904,Cusco,Maranura,2,0.5441462411347652,0.5527703842219618,0.008624143087196612,0.008624143087196612,7.437584398844111e-05,2021
LSTM_FINAL_w6_h16_l2_d0.0_e50_lr0.001_b8,080904,Cusco,Maranura,3,0.5495436795466192,0.5452059016488116,-0.004337777897807649,0.004337777897807649,1.8816317090708543e-05,2022
LSTM_FINAL_w6_h16_l2_d0.0_e50_lr0.001_b8,080904,Cusco,Maranura,4,0.5484578623261942,0.5506140649096988,0.002156202583504574,0.002156202583504574,4.649209581111799e-06,2023
LSTM_FINAL_w6_h16_l2_d0.0_e50_lr0.001_b8,080904,Cusco,Maranura,5,0.5441886199837318,0.549866414057229,0.005677794073497222,0.005677794073497222,3.223734554104018e-05,2024
LSTM_FINAL_w6_h16_l2_d0.0_e50_lr0.001_b8,080905,Cusco,Ocobamba,1,0.47001304809247074,0.4777384191752748,0.007725371082804078,0.007725371082804078,5.968135836702545e-05,2020
LSTM_FINAL_w6_h16_l2_d0.0_e50_lr0.001_b8,080905,Cusco,Ocobamba,2,0.45908039663069033,0.4692840549123593,0.01020365828166897,0.01020365828166897,0.00010411464232907177,2021
LSTM_FINAL_w6_h16_l2_d0.0_e50_lr0.001_b8,080905,Cusco,Ocobamba,3,0.46825900605259807,0.45950602123217904,-0.00875298482041903,0.00875298482041903,7.661474326648595e-05,2022
LSTM_FINAL_w6_h16_l2_d0.0_e50_lr0.001_b8,080905,Cusco,Ocobamba,4,0.45597368280933415,0.47190937302435554,0.015935690215021392,0.015935690215021392,0.0002539462226291285,2023
LSTM_FINAL_w6_h16_l2_d0.0_e50_lr0.001_b8,080905,Cusco,Ocobamba,5,0.44718328168959665,0.4532386459740918,0.006055364284495157,0.006055364284495157,3.666743661793955e-05,2024
LSTM_FINAL_w6_h16_l2_d0.0_e50_lr0.001_b8,080906,Cusco,Quellouno,1,0.7427899720571597,0.7434216954783683,0.000631723421208652,0.000631723421208652,3.9907448090356396e-07,2020
LSTM_FINAL_w6_h16_l2_d0.0_e50_lr0.001_b8,080906,Cusco,Quellouno,2,0.7328648601413784,0.7407463985287832,0.007881538387404796,0.007881538387404796,6.21186473521354e-05,2021
LSTM_FINAL_w6_h16_l2_d0.0_e50_lr0.001_b8,080906,Cusco,Quellouno,3,0.727630250460433,0.7301845028423746,0.002554252381941624,0.002554252381941624,6.52420523065446e-06,2022
LSTM_FINAL_w6_h16_l2_d0.0_e50_lr0.001_b8,080906,Cusco,Quellouno,4,0.7151104790833112,0.7247000431411232,0.009589564057812083,0.009589564057812083,9.195973881888135e-05,2023
LSTM_FINAL_w6_h16_l2_d0.0_e50_lr0.001_b8,080906,Cusco,Quellouno,5,0.7143641090923526,0.7118957059799772,-0.0024684031123753947,0.0024684031123753947,6.093013925184535e-06,2024
LSTM_FINAL_w6_h16_l2_d0.0_e50_lr0.001_b8,080918,Cusco,Union Ashaninka,1,0.7492453374032562,0.7527393256967152,0.0034939882934590383,0.0034939882934590383,1.2207954194828803e-05,2020
LSTM_FINAL_w6_h16_l2_d0.0_e50_lr0.001_b8,080918,Cusco,Union Ashaninka,2,0.747896861547413,0.7370325563510993,-0.01086430519631365,0.01086430519631365,0.00011803312739864778,2021
LSTM_FINAL_w6_h16_l2_d0.0_e50_lr0.001_b8,080918,Cusco,Union Ashaninka,3,0.7403803371423985,0.7393662734052534,-0.0010140637371450767,0.0010140637371450767,1.028325262992639e-06,2022
LSTM_FINAL_w6_h16_l2_d0.0_e50_lr0.001_b8,080918,Cusco,Union Ashaninka,4,0.7370261583532057,0.73157491271597,-0.005451245637235758,0.005451245637235758,2.971607899748188e-05,2023
LSTM_FINAL_w6_h16_l2_d0.0_e50_lr0.001_b8,080918,Cusco,Union Ashaninka,5,0.7306960271907303,0.7297513823616969,-0.0009446448290334475,0.0009446448290334475,8.923538530196313e-07,2024
LSTM_FINAL_w6_h16_l2_d0.0_e50_lr0.001_b8,081304,Cusco,Machupicchu,1,0.36852336159276755,0.3729860345298307,0.00446267293706315,0.00446267293706315,1.9915449743195842e-05,2020
LSTM_FINAL_w6_h16_l2_d0.0_e50_lr0.001_b8,081304,Cusco,Machupicchu,2,0.37399044448317187,0.372520810485758,-0.001469633997413844,0.001469633997413844,2.1598240863545942e-06,2021
LSTM_FINAL_w6_h16_l2_d0.0_e50_lr0.001_b8,081304,Cusco,Machupicchu,3,0.38114807527853445,0.377528411125071,-0.003619664153463431,0.003619664153463431,1.3101968583868137e-05,2022
LSTM_FINAL_w6_h16_l2_d0.0_e50_lr0.001_b8,081304,Cusco,Machupicchu,4,0.3760306486517109,0.38091261128899523,0.004881962637284354,0.004881962637284354,2.3833559191840402e-05,2023
LSTM_FINAL_w6_h16_l2_d0.0_e50_lr0.001_b8,081304,Cusco,Machupicchu,5,0.36691239115273416,0.3749556083350356,0.008043217182301443,0.008043217182301443,6.469334264166916e-05,2024
LSTM_FINAL_w6_h16_l2_d0.0_e50_lr0.001_b8,100103,Huanuco,Chinchao,1,0.6642708773202783,0.6741312647169349,0.009860387396656511,0.009860387396656511,9.722723961214257e-05,2020
LSTM_FINAL_w6_h16_l2_d0.0_e50_lr0.001_b8,100103,Huanuco,Chinchao,2,0.6620521475576554,0.6524141252909452,-0.009638022266710178,0.009638022266710178,9.28914732136012e-05,2021
LSTM_FINAL_w6_h16_l2_d0.0_e50_lr0.001_b8,100103,Huanuco,Chinchao,3,0.6495956116192807,0.6671660407734135,0.01757042915413276,0.01757042915413276,0.0003087199806603985,2022
LSTM_FINAL_w6_h16_l2_d0.0_e50_lr0.001_b8,100103,Huanuco,Chinchao,4,0.6588038827651507,0.6462742052177203,-0.012529677547430396,0.012529677547430396,0.00015699281944258137,2023
LSTM_FINAL_w6_h16_l2_d0.0_e50_lr0.001_b8,100103,Huanuco,Chinchao,5,0.645712317142356,0.657650047381715,0.011937730239358957,0.011937730239358957,0.00014250940326770525,2024
LSTM_FINAL_w6_h16_l2_d0.0_e50_lr0.001_b8,100113,Huanuco,San Pablo De Pillao,1,0.6673147721406201,0.7140421143896847,0.04672734224906461,0.04672734224906461,0.0021834445136612183,2020
LSTM_FINAL_w6_h16_l2_d0.0_e50_lr0.001_b8,100113,Huanuco,San Pablo De Pillao,2,0.6708242317268159,0.6571878772143489,-0.01363635451246703,0.01363635451246703,0.00018595016438967995,2021
LSTM_FINAL_w6_h16_l2_d0.0_e50_lr0.001_b8,100113,Huanuco,San Pablo De Pillao,3,0.6640891968948859,0.6700875029003361,0.00599830600545026,0.00599830600545026,3.5979674935020656e-05,2022
LSTM_FINAL_w6_h16_l2_d0.0_e50_lr0.001_b8,100113,Huanuco,San Pablo De Pillao,4,0.661706390665572,0.6604349810289322,-0.001271409636639853,0.001271409636639853,1.6164824641406833e-06,2023
LSTM_FINAL_w6_h16_l2_d0.0_e50_lr0.001_b8,100113,Huanuco,San Pablo De Pillao,5,0.6585655794274339,0.6587118121682443,0.0001462327408103814,0.0001462327408103814,2.1384014484916187e-08,2024
LSTM_FINAL_w6_h16_l2_d0.0_e50_lr0.001_b8,100505,Huanuco,Jircan,1,0.6996753154747042,0.72921740823375,0.029542092759045846,0.029542092759045846,0.000872735244584069,2020
LSTM_FINAL_w6_h16_l2_d0.0_e50_lr0.001_b8,100505,Huanuco,Jircan,2,0.714115621959172,0.7086987135058977,-0.0054169084532742495,0.0054169084532742495,2.9342897191154023e-05,2021
LSTM_FINAL_w6_h16_l2_d0.0_e50_lr0.001_b8,100505,Huanuco,Jircan,3,0.6972051204181455,0.7151862959893164,0.01798117557117085,0.01798117557117085,0.0003233226749212713,2022
LSTM_FINAL_w6_h16_l2_d0.0_e50_lr0.001_b8,100505,Huanuco,Jircan,4,0.7262927912755189,0.7044053919134735,-0.021887399362045423,0.021887399362045423,0.0004790582508336664,2023
LSTM_FINAL_w6_h16_l2_d0.0_e50_lr0.001_b8,100505,Huanuco,Jircan,5,0.7219921378551337,0.7235434946027622,0.0015513567476285184,0.0015513567476285184,2.4067077584125344e-06,2024
LSTM_FINAL_w6_h16_l2_d0.0_e50_lr0.001_b8,100507,Huanuco,Monzon,1,0.700742178468628,0.7055184163991027,0.004776237930474769,0.004776237930474769,2.281244876850591e-05,2020
LSTM_FINAL_w6_h16_l2_d0.0_e50_lr0.001_b8,100507,Huanuco,Monzon,2,0.6982250773801749,0.7004835201593089,0.0022584427791340067,0.0022584427791340067,5.100563786622536e-06,2021
LSTM_FINAL_w6_h16_l2_d0.0_e50_lr0.001_b8,100507,Huanuco,Monzon,3,0.6938552826768333,0.6977995411139628,0.003944258437129533,0.003944258437129533,1.5557174618867506e-05,2022
LSTM_FINAL_w6_h16_l2_d0.0_e50_lr0.001_b8,100507,Huanuco,Monzon,4,0.7037383343816099,0.6925049265415302,-0.011233407840079757,0.011233407840079757,0.00012618945170156533,2023
LSTM_FINAL_w6_h16_l2_d0.0_e50_lr0.001_b8,100507,Huanuco,Monzon,5,0.6952081374385326,0.7042332516979579,0.009025114259425315,0.009025114259425315,8.145268739568216e-05,2024
LSTM_FINAL_w6_h16_l2_d0.0_e50_lr0.001_b8,100601,Huanuco,Rupa-Rupa,1,0.6205881807414071,0.6252205141965772,0.004632333455170112,0.004632333455170112,2.1458513239888272e-05,2020
LSTM_FINAL_w6_h16_l2_d0.0_e50_lr0.001_b8,100601,Huanuco,Rupa-Rupa,2,0.6173130241668289,0.6178483422529132,0.0005353180860843132,0.0005353180860843132,2.8656545328897215e-07,2021
LSTM_FINAL_w6_h16_l2_d0.0_e50_lr0.001_b8,100601,Huanuco,Rupa-Rupa,3,0.6174214494092385,0.6138417380394656,-0.0035797113697728644,0.0035797113697728644,1.2814333490881118e-05,2022
LSTM_FINAL_w6_h16_l2_d0.0_e50_lr0.001_b8,100601,Huanuco,Rupa-Rupa,4,0.6159582701966818,0.614376658616805,-0.001581611579876796,0.001581611579876796,2.5014951896003747e-06,2023
LSTM_FINAL_w6_h16_l2_d0.0_e50_lr0.001_b8,100601,Huanuco,Rupa-Rupa,5,0.5999383333663989,0.613027949303445,0.01308961593704605,0.01308961593704605,0.00017133804537936996,2024
LSTM_FINAL_w6_h16_l2_d0.0_e50_lr0.001_b8,100605,Huanuco,Luyando,1,0.3667928609041188,0.3737776448017527,0.006984783897633906,0.006984783897633906,4.87872060966459e-05,2020
LSTM_FINAL_w6_h16_l2_d0.0_e50_lr0.001_b8,100605,Huanuco,Luyando,2,0.3682184534564663,0.3648477307318919,-0.003370722724574393,0.003370722724574393,1.136177168596222e-05,2021
LSTM_FINAL_w6_h16_l2_d0.0_e50_lr0.001_b8,100605,Huanuco,Luyando,3,0.37195673926712824,0.3676742324364295,-0.004282506830698751,0.004282506830698751,1.8339864754981464e-05,2022
LSTM_FINAL_w6_h16_l2_d0.0_e50_lr0.001_b8,100605,Huanuco,Luyando,4,0.3726616169167178,0.3705393745148332,-0.0021222424018845776,0.0021222424018845776,4.503912812356821e-06,2023
LSTM_FINAL_w6_h16_l2_d0.0_e50_lr0.001_b8,100605,Huanuco,Luyando,5,0.35349512074565276,0.37157431061591517,0.018079189870262413,0.018079189870262413,0.00032685710636499906,2024
LSTM_FINAL_w6_h16_l2_d0.0_e50_lr0.001_b8,100606,Huanuco,Mariano Damaso Beraun,1,0.8509630046326349,0.8508221477243741,-0.0001408569082607114,0.0001408569082607114,1.984066860476647e-08,2020
LSTM_FINAL_w6_h16_l2_d0.0_e50_lr0.001_b8,100606,Huanuco,Mariano Damaso Beraun,2,0.8479986746578927,0.8418588429199445,-0.006139831737948187,0.006139831737948187,3.769753377031585e-05,2021
LSTM_FINAL_w6_h16_l2_d0.0_e50_lr0.001_b8,100606,Huanuco,Mariano Damaso Beraun,3,0.8430416017968162,0.8405662201975864,-0.0024753815992297756,0.0024753815992297756,6.127514061805362e-06,2022
LSTM_FINAL_w6_h16_l2_d0.0_e50_lr0.001_b8,100606,Huanuco,Mariano Damaso Beraun,4,0.8419246653203645,0.8345992479766919,-0.007325417343672536,0.007325417343672536,5.366173925897839e-05,2023
LSTM_FINAL_w6_h16_l2_d0.0_e50_lr0.001_b8,100606,Huanuco,Mariano Damaso Beraun,5,0.827717728017447,0.833788330137162,0.006070602119714996,0.006070602119714996,3.68522100958882e-05,2024
LSTM_FINAL_w6_h16_l2_d0.0_e50_lr0.001_b8,100608,Huanuco,Castillo Grande,1,0.5205296274665369,0.5208708859635284,0.00034125849699151445,0.00034125849699151445,1.1645736176890748e-07,2020
LSTM_FINAL_w6_h16_l2_d0.0_e50_lr0.001_b8,100608,Huanuco,Castillo Grande,2,0.5248445271192264,0.5181979555317785,-0.006646571587447858,0.006646571587447858,4.417691386706914e-05,2021
LSTM_FINAL_w6_h16_l2_d0.0_e50_lr0.001_b8,100608,Huanuco,Castillo Grande,3,0.5311391950201401,0.5239068783257964,-0.0072323166943436545,0.0072323166943436545,5.2306404767281924e-05,2022
LSTM_FINAL_w6_h16_l2_d0.0_e50_lr0.001_b8,100608,Huanuco,Castillo Grande,4,0.5307331082889448,0.5301464705619655,-0.000586637726979311,0.000586637726979311,3.441438227154527e-07,2023
LSTM_FINAL_w6_h16_l2_d0.0_e50_lr0.001_b8,100608,Huanuco,Castillo Grande,5,0.5058251030712767,0.5280680546822644,0.02224295161098766,0.02224295161098766,0.0004947488963687385,2024
LSTM_FINAL_w6_h16_l2_d0.0_e50_lr0.001_b8,100609,Huanuco,Pueblo Nuevo,1,0.6958375010459226,0.6944017246981112,-0.001435776347811335,0.001435776347811335,2.0614537209344556e-06,2020
LSTM_FINAL_w6_h16_l2_d0.0_e50_lr0.001_b8,100609,Huanuco,Pueblo Nuevo,2,0.6908856021081919,0.689828544329975,-0.0010570577782169632,0.0010570577782169632,1.1173711464889826e-06,2021
LSTM_FINAL_w6_h16_l2_d0.0_e50_lr0.001_b8,100609,Huanuco,Pueblo Nuevo,3,0.6969018023168237,0.6830291887973279,-0.013872613519495869,0.013872613519495869,0.00019244940586129957,2022
LSTM_FINAL_w6_h16_l2_d0.0_e50_lr0.001_b8,100609,Huanuco,Pueblo Nuevo,4,0.6933146707838134,0.6916888347786544,-0.001625836005158976,0.001625836005158976,2.6433427156712975e-06,2023
LSTM_FINAL_w6_h16_l2_d0.0_e50_lr0.001_b8,100609,Huanuco,Pueblo Nuevo,5,0.6780785896500963,0.6866039029143081,0.008525313264211798,0.008525313264211798,7.268096625294562e-05,2024
LSTM_FINAL_w6_h16_l2_d0.0_e50_lr0.001_b8,100804,Huanuco,Umari,1,0.18797389274721166,0.22779556164853348,0.03982166890132183,0.03982166890132183,0.0015857653140865019,2020
LSTM_FINAL_w6_h16_l2_d0.0_e50_lr0.001_b8,100804,Huanuco,Umari,2,0.196380483399623,0.2039808758401419,0.0076003924405189105,0.0076003924405189105,5.7765965249897e-05,2021
LSTM_FINAL_w6_h16_l2_d0.0_e50_lr0.001_b8,100804,Huanuco,Umari,3,0.18965074868429121,0.20024242597825193,0.01059167729396071,0.01059167729396071,0.00011218362789940289,2022
LSTM_FINAL_w6_h16_l2_d0.0_e50_lr0.001_b8,100804,Huanuco,Umari,4,0.20976716456233746,0.19896204400137074,-0.010805120560966719,0.010805120560966719,0.00011675063033702574,2023
LSTM_FINAL_w6_h16_l2_d0.0_e50_lr0.001_b8,100804,Huanuco,Umari,5,0.21326662964294807,0.20543338541321338,-0.007833244229734693,0.007833244229734693,6.135971516267186e-05,2024
LSTM_FINAL_w6_h16_l2_d0.0_e50_lr0.001_b8,100901,Huanuco,Puerto Inca,1,0.6642272523129447,0.667363217730193,0.0031359654172483653,0.0031359654172483653,9.834279098177715e-06,2020
LSTM_FINAL_w6_h16_l2_d0.0_e50_lr0.001_b8,100901,Huanuco,Puerto Inca,2,0.6464933776583826,0.6477566983075475,0.0012633206491649007,0.0012633206491649007,1.5959790626064262e-06,2021
LSTM_FINAL_w6_h16_l2_d0.0_e50_lr0.001_b8,100901,Huanuco,Puerto Inca,3,0.628276763336323,0.6304842682091504,0.0022075048728273927,0.0022075048728273927,4.8730777635566835e-06,2022
LSTM_FINAL_w6_h16_l2_d0.0_e50_lr0.001_b8,100901,Huanuco,Puerto Inca,4,0.6187861537173325,0.613504417166301,-0.0052817365510314795,0.0052817365510314795,2.7896740994501908e-05,2023
LSTM_FINAL_w6_h16_l2_d0.0_e50_lr0.001_b8,100901,Huanuco,Puerto Inca,5,0.6006510854749344,0.6075008110442527,0.006849725569318288,0.006849725569318288,4.691874037497274e-05,2024
LSTM_FINAL_w6_h16_l2_d0.0_e50_lr0.001_b8,100902,Huanuco,Codo Del Pozuzo,1,0.7266625122662215,0.7333832998799624,0.006720787613740953,0.006720787613740953,4.516898614901381e-05,2020
LSTM_FINAL_w6_h16_l2_d0.0_e50_lr0.001_b8,100902,Huanuco,Codo Del Pozuzo,2,0.7152311829291733,0.7120362347857818,-0.003194948143391496,0.003194948143391496,1.0207693638960769e-05,2021
LSTM_FINAL_w6_h16_l2_d0.0_e50_lr0.001_b8,100902,Huanuco,Codo Del Pozuzo,3,0.6996186420850788,0.7032009404165247,0.0035822983314458545,0.0035822983314458545,1.2832861335479754e-05,2022
LSTM_FINAL_w6_h16_l2_d0.0_e50_lr0.001_b8,100902,Huanuco,Codo Del Pozuzo,4,0.6923842984116194,0.6868280978464134,-0.005556200565206004,0.005556200565206004,3.087136472079552e-05,2023
LSTM_FINAL_w6_h16_l2_d0.0_e50_lr0.001_b8,100902,Huanuco,Codo Del Pozuzo,5,0.6740933057866314,0.6821444857631553,0.008051179976523937,0.008051179976523937,6.482149901437998e-05,2024
LSTM_FINAL_w6_h16_l2_d0.0_e50_lr0.001_b8,100903,Huanuco,Honoria,1,0.42782625263648766,0.43674684102500066,0.008920588388513007,0.008920588388513007,7.957689719727308e-05,2020
LSTM_FINAL_w6_h16_l2_d0.0_e50_lr0.001_b8,100903,Huanuco,Honoria,2,0.4163712494453008,0.4157764123117508,-0.0005948371335500191,0.0005948371335500191,3.5383121545000325e-07,2021
LSTM_FINAL_w6_h16_l2_d0.0_e50_lr0.001_b8,100903,Huanuco,Honoria,3,0.39893179626777053,0.406971618851584,0.008039822583813472,0.008039822583813472,6.463874717919714e-05,2022
LSTM_FINAL_w6_h16_l2_d0.0_e50_lr0.001_b8,100903,Huanuco,Honoria,4,0.36284792102342656,0.3909071294935629,0.02805920847013632,0.02805920847013632,0.0007873191799705699,2023
LSTM_FINAL_w6_h16_l2_d0.0_e50_lr0.001_b8,100903,Huanuco,Honoria,5,0.35079421918516807,0.34748382945453693,-0.003310389730631136,0.003310389730631136,1.0958680168668084e-05,2024
LSTM_FINAL_w6_h16_l2_d0.0_e50_lr0.001_b8,100904,Huanuco,Tournavista,1,0.5779380793787868,0.5835076627384034,0.005569583359616548,0.005569583359616548,3.1020258799717555e-05,2020
LSTM_FINAL_w6_h16_l2_d0.0_e50_lr0.001_b8,100904,Huanuco,Tournavista,2,0.5558772684042086,0.5624442958496372,0.006567027445428586,0.006567027445428586,4.31258494690123e-05,2021
LSTM_FINAL_w6_h16_l2_d0.0_e50_lr0.001_b8,100904,Huanuco,Tournavista,3,0.5343623757489112,0.5406216336260417,0.006259257877130442,0.006259257877130442,3.917830917241949e-05,2022
LSTM_FINAL_w6_h16_l2_d0.0_e50_lr0.001_b8,100904,Huanuco,Tournavista,4,0.5072332036614344,0.520715136674076,0.013481933012641556,0.013481933012641556,0.00018176251775735421,2023
LSTM_FINAL_w6_h16_l2_d0.0_e50_lr0.001_b8,100904,Huanuco,Tournavista,5,0.4849192190517668,0.49263167741002534,0.0077124583582585116,0.0077124583582585116,5.9482013927871576e-05,2024
LSTM_FINAL_w6_h16_l2_d0.0_e50_lr0.001_b8,100905,Huanuco,Yuyapichis,1,0.6091182804367815,0.6154858405179006,0.00636756008111905,0.00636756008111905,4.054582138666085e-05,2020
LSTM_FINAL_w6_h16_l2_d0.0_e50_lr0.001_b8,100905,Huanuco,Yuyapichis,2,0.5911847365087061,0.5901798028533677,-0.0010049336553383803,0.0010049336553383803,1.0098916516317586e-06,2021
LSTM_FINAL_w6_h16_l2_d0.0_e50_lr0.001_b8,100905,Huanuco,Yuyapichis,3,0.5691707716242274,0.5758742739172291,0.006703502293001762,0.006703502293001762,4.493694299227988e-05,2022
LSTM_FINAL_w6_h16_l2_d0.0_e50_lr0.001_b8,100905,Huanuco,Yuyapichis,4,0.5613270407352233,0.5544275729406644,-0.006899467794558967,0.006899467794558967,4.760265584815637e-05,2023
LSTM_FINAL_w6_h16_l2_d0.0_e50_lr0.001_b8,100905,Huanuco,Yuyapichis,5,0.5434480911629409,0.5518744231722651,0.008426332009324189,0.008426332009324189,7.100307113136142e-05,2024
LSTM_FINAL_w6_h16_l2_d0.0_e50_lr0.001_b8,120209,Junin,Mariscal Castilla,1,0.3902123851621362,0.35628148037662133,-0.03393090478551486,0.03393090478551486,0.0011513062995636752,2020
LSTM_FINAL_w6_h16_l2_d0.0_e50_lr0.001_b8,120209,Junin,Mariscal Castilla,2,0.3518310734236856,0.3639115029927894,0.012080429569103823,0.012080429569103823,0.00014593677857407798,2021
LSTM_FINAL_w6_h16_l2_d0.0_e50_lr0.001_b8,120209,Junin,Mariscal Castilla,3,0.3644899097648849,0.36022317709072843,-0.004266732674156448,0.004266732674156448,1.8205007712714235e-05,2022
LSTM_FINAL_w6_h16_l2_d0.0_e50_lr0.001_b8,120209,Junin,Mariscal Castilla,4,0.35656451922229226,0.35955084468091714,0.002986325458624872,0.002986325458624872,8.918139744831053e-06,2023
LSTM_FINAL_w6_h16_l2_d0.0_e50_lr0.001_b8,120209,Junin,Mariscal Castilla,5,0.34947994170070873,0.3585372983361066,0.009057356635397862,0.009057356635397862,8.203570922078568e-05,2024
LSTM_FINAL_w6_h16_l2_d0.0_e50_lr0.001_b8,120302,Junin,Perene,1,0.5873779656199998,0.5821501388263675,-0.0052278267936323175,0.0052278267936323175,2.7330172984219957e-05,2020
LSTM_FINAL_w6_h16_l2_d0.0_e50_lr0.001_b8,120302,Junin,Perene,2,0.5792153475371665,0.5833652410338137,0.004149893496647183,0.004149893496647183,1.7221616033514588e-05,2021
LSTM_FINAL_w6_h16_l2_d0.0_e50_lr0.001_b8,120302,Junin,Perene,3,0.5696842078003561,0.573060366299275,0.003376158498918924,0.003376158498918924,1.1398446209822484e-05,2022
LSTM_FINAL_w6_h16_l2_d0.0_e50_lr0.001_b8,120302,Junin,Perene,4,0.5572062158542523,0.563773151809573,0.006566935955320652,0.006566935955320652,4.3124647841283165e-05,2023
LSTM_FINAL_w6_h16_l2_d0.0_e50_lr0.001_b8,120302,Junin,Perene,5,0.544063986795475,0.5505280705178924,0.0064640837224174685,0.0064640837224174685,4.1784378370422476e-05,2024
LSTM_FINAL_w6_h16_l2_d0.0_e50_lr0.001_b8,120303,Junin,Pichanaqui,1,0.6235338467341283,0.6197332530051239,-0.00380059372900432,0.00380059372900432,1.4444512692946963e-05,2020
LSTM_FINAL_w6_h16_l2_d0.0_e50_lr0.001_b8,120303,Junin,Pichanaqui,2,0.6170480246465798,0.6173399348778902,0.0002919102313103661,0.0002919102313103661,8.521158314367143e-08,2021
LSTM_FINAL_w6_h16_l2_d0.0_e50_lr0.001_b8,120303,Junin,Pichanaqui,3,0.6084595327305845,0.6103575044844123,0.0018979717538277763,0.0018979717538277763,3.602296778328085e-06,2022
LSTM_FINAL_w6_h16_l2_d0.0_e50_lr0.001_b8,120303,Junin,Pichanaqui,4,0.5979025964389927,0.6014535799148707,0.0035509834758780112,0.0035509834758780112,1.2609483645958683e-05,2023
LSTM_FINAL_w6_h16_l2_d0.0_e50_lr0.001_b8,120303,Junin,Pichanaqui,5,0.5880488720460596,0.5909138437635727,0.0028649717175130984,0.0028649717175130984,8.208062942149953e-06,2024
LSTM_FINAL_w6_h16_l2_d0.0_e50_lr0.001_b8,120304,Junin,San Luis De Shuaro,1,0.6637352752993761,0.64268061259019,-0.0210546627091861,0.0210546627091861,0.0004432988217975918,2020
LSTM_FINAL_w6_h16_l2_d0.0_e50_lr0.001_b8,120304,Junin,San Luis De Shuaro,2,0.6560774396903926,0.6599614408495303,0.0038840011591377843,0.0038840011591377843,1.5085465004183652e-05,2021
LSTM_FINAL_w6_h16_l2_d0.0_e50_lr0.001_b8,120304,Junin,San Luis De Shuaro,3,0.6427469902409204,0.6505366851792729,0.007789694938352465,0.007789694938352465,6.0679347232594016e-05,2022
LSTM_FINAL_w6_h16_l2_d0.0_e50_lr0.001_b8,120304,Junin,San Luis De Shuaro,4,0.6282801642444735,0.6357385072504972,0.00745834300602366,0.00745834300602366,5.5626880395502044e-05,2023
LSTM_FINAL_w6_h16_l2_d0.0_e50_lr0.001_b8,120304,Junin,San Luis De Shuaro,5,0.5973749761413011,0.6206760491030107,0.02330107296170958,0.02330107296170958,0.0005429400011669132,2024
LSTM_FINAL_w6_h16_l2_d0.0_e50_lr0.001_b8,120601,Junin,Satipo,1,0.677461504646159,0.6746923451554843,-0.0027691594906746886,0.0027691594906746886,7.668244284793701e-06,2020
LSTM_FINAL_w6_h16_l2_d0.0_e50_lr0.001_b8,120601,Junin,Satipo,2,0.6688019596194343,0.6692746038267445,0.0004726442073101911,0.0004726442073101911,2.233925467038789e-07,2021
LSTM_FINAL_w6_h16_l2_d0.0_e50_lr0.001_b8,120601,Junin,Satipo,3,0.6549811358106983,0.6595318916378938,0.004550755827195552,0.004550755827195552,2.070937859875427e-05,2022
LSTM_FINAL_w6_h16_l2_d0.0_e50_lr0.001_b8,120601,Junin,Satipo,4,0.6294436471020506,0.6431575599874051,0.013713912885354507,0.013713912885354507,0.00018807140662709237,2023
LSTM_FINAL_w6_h16_l2_d0.0_e50_lr0.001_b8,120601,Junin,Satipo,5,0.6126474135510169,0.6138372266306945,0.0011898130796775819,0.0011898130796775819,1.4156551645718519e-06,2024
LSTM_FINAL_w6_h16_l2_d0.0_e50_lr0.001_b8,120602,Junin,Coviriali,1,0.6056987019945641,0.5973453017980136,-0.008353400196550509,0.008353400196550509,6.977929484373008e-05,2020
LSTM_FINAL_w6_h16_l2_d0.0_e50_lr0.001_b8,120602,Junin,Coviriali,2,0.5973779543020563,0.6030976256063421,0.005719671304285745,0.005719671304285745,3.27146398290698e-05,2021
LSTM_FINAL_w6_h16_l2_d0.0_e50_lr0.001_b8,120602,Junin,Coviriali,3,0.5809970479831206,0.5914048617084234,0.010407813725302861,0.010407813725302861,0.00010832258654060262,2022
LSTM_FINAL_w6_h16_l2_d0.0_e50_lr0.001_b8,120602,Junin,Coviriali,4,0.5661346913210366,0.5720075990916376,0.00587290777060101,0.00587290777060101,3.449104568198573e-05,2023
LSTM_FINAL_w6_h16_l2_d0.0_e50_lr0.001_b8,120602,Junin,Coviriali,5,0.5460516819517157,0.5574300038131189,0.011378321861403196,0.011378321861403196,0.00012946620838168589,2024
LSTM_FINAL_w6_h16_l2_d0.0_e50_lr0.001_b8,120603,Junin,Llaylla,1,0.6767777138890353,0.6617983350692261,-0.014979378819809153,0.014979378819809153,0.00022438178982734703,2020
LSTM_FINAL_w6_h16_l2_d0.0_e50_lr0.001_b8,120603,Junin,Llaylla,2,0.6766270391457426,0.675206027408455,-0.001421011737287592,0.001421011737287592,2.0192743575091e-06,2021
LSTM_FINAL_w6_h16_l2_d0.0_e50_lr0.001_b8,120603,Junin,Llaylla,3,0.6652134651992986,0.6728918198311125,0.007678354631813877,0.007678354631813877,5.8957129851897625e-05,2022
LSTM_FINAL_w6_h16_l2_d0.0_e50_lr0.001_b8,120603,Junin,Llaylla,4,0.6560251073486476,0.6586759480459294,0.002650840697281831,0.002650840697281831,7.026956402365624e-06,2023
LSTM_FINAL_w6_h16_l2_d0.0_e50_lr0.001_b8,120603,Junin,Llaylla,5,0.6417580894382917,0.6494799428841868,0.007721853445895044,0.007721853445895044,5.9627020639881165e-05,2024
LSTM_FINAL_w6_h16_l2_d0.0_e50_lr0.001_b8,120604,Junin,Mazamari,1,0.7869618504690601,0.778344416130641,-0.008617434338419105,0.008617434338419105,7.426017457696472e-05,2020
LSTM_FINAL_w6_h16_l2_d0.0_e50_lr0.001_b8,120604,Junin,Mazamari,2,0.7836341848821837,0.7826921774921243,-0.0009420073900594517,0.0009420073900594517,8.873779229266199e-07,2021
LSTM_FINAL_w6_h16_l2_d0.0_e50_lr0.001_b8,120604,Junin,Mazamari,3,0.7771747056360611,0.7773168497154956,0.00014214407943458074,0.00014214407943458074,2.02049393183044e-08,2022
LSTM_FINAL_w6_h16_l2_d0.0_e50_lr0.001_b8,120604,Junin,Mazamari,4,0.760666079126433,0.7682722259792587,0.007606146852825679,0.007606146852825679,5.785346994674999e-05,2023
LSTM_FINAL_w6_h16_l2_d0.0_e50_lr0.001_b8,120604,Junin,Mazamari,5,0.7365834093273746,0.7476743323662385,0.011090923038863831,0.011090923038863831,0.00012300857385400053,2024
LSTM_FINAL_w6_h16_l2_d0.0_e50_lr0.001_b8,120607,Junin,Rio Negro,1,0.5116514565736742,0.5184473070887377,0.006795850515063484,0.006795850515063484,4.618358422308862e-05,2020
LSTM_FINAL_w6_h16_l2_d0.0_e50_lr0.001_b8,120607,Junin,Rio Negro,2,0.4943422679582864,0.5015781780054904,0.0072359100472040305,0.0072359100472040305,5.235839421122824e-05,2021
LSTM_FINAL_w6_h16_l2_d0.0_e50_lr0.001_b8,120607,Junin,Rio Negro,3,0.4782368225802187,0.4834629804680888,0.005226157887870064,0.005226157887870064,2.731272626894649e-05,2022
LSTM_FINAL_w6_h16_l2_d0.0_e50_lr0.001_b8,120607,Junin,Rio Negro,4,0.45469671435992876,0.46656069095295827,0.011863976593029513,0.011863976593029513,0.00014075394059995217,2023
LSTM_FINAL_w6_h16_l2_d0.0_e50_lr0.001_b8,120607,Junin,Rio Negro,5,0.43790853193839446,0.4416119821017483,0.0037034501633538275,0.0037034501633538275,1.3715543112445491e-05,2024
LSTM_FINAL_w6_h16_l2_d0.0_e50_lr0.001_b8,120609,Junin,Vizcatán Del Ene,1,0.7585939102070767,0.7631185945083391,0.004524684301262405,0.004524684301262405,2.047276802609046e-05,2020
LSTM_FINAL_w6_h16_l2_d0.0_e50_lr0.001_b8,120609,Junin,Vizcatán Del Ene,2,0.7539951757053417,0.7454693071908196,-0.008525868514522084,0.008525868514522084,7.2690433926919e-05,2021
LSTM_FINAL_w6_h16_l2_d0.0_e50_lr0.001_b8,120609,Junin,Vizcatán Del Ene,3,0.7469904911318139,0.7458049812420412,-0.001185509889772729,0.001185509889772729,1.405433698748948e-06,2022
LSTM_FINAL_w6_h16_l2_d0.0_e50_lr0.001_b8,120609,Junin,Vizcatán Del Ene,4,0.7421298046768738,0.7407417546170971,-0.0013880500597767131,0.0013880500597767131,1.926682968446137e-06,2023
LSTM_FINAL_w6_h16_l2_d0.0_e50_lr0.001_b8,120609,Junin,Vizcatán Del Ene,5,0.7316185251039783,0.736781658926799,0.005163133822820742,0.005163133822820742,2.6657950872355534e-05,2024
LSTM_FINAL_w6_h16_l2_d0.0_e50_lr0.001_b8,160101,Loreto,Iquitos,1,0.5134002568613278,0.509247583958298,-0.004152672903029897,0.004152672903029897,1.7244692239558752e-05,2020
LSTM_FINAL_w6_h16_l2_d0.0_e50_lr0.001_b8,160101,Loreto,Iquitos,2,0.5002260819807207,0.5032946807076236,0.0030685987269029047,0.0030685987269029047,9.416298146750128e-06,2021
LSTM_FINAL_w6_h16_l2_d0.0_e50_lr0.001_b8,160101,Loreto,Iquitos,3,0.507711471355552,0.4889087840213174,-0.01880268733423457,0.01880268733423457,0.0003535410509889851,2022
LSTM_FINAL_w6_h16_l2_d0.0_e50_lr0.001_b8,160101,Loreto,Iquitos,4,0.5507128253263949,0.5020652934240126,-0.048647531902382246,0.048647531902382246,0.0023665823601932983,2023
LSTM_FINAL_w6_h16_l2_d0.0_e50_lr0.001_b8,160101,Loreto,Iquitos,5,0.554524779602941,0.5500055515824266,-0.00451922802051441,0.00451922802051441,2.0423421901402592e-05,2024
LSTM_FINAL_w6_h16_l2_d0.0_e50_lr0.001_b8,160112,Loreto,Belen,1,0.5367406011631652,0.5323977980134371,-0.004342803149728125,0.004342803149728125,1.8859939197288524e-05,2020
LSTM_FINAL_w6_h16_l2_d0.0_e50_lr0.001_b8,160112,Loreto,Belen,2,0.5371928809343792,0.5286435093209629,-0.00854937161341629,0.00854937161341629,7.309175498428826e-05,2021
LSTM_FINAL_w6_h16_l2_d0.0_e50_lr0.001_b8,160112,Loreto,Belen,3,0.54171258217959,0.5294318109635502,-0.012280771216039765,0.012280771216039765,0.00015081734166071082,2022
LSTM_FINAL_w6_h16_l2_d0.0_e50_lr0.001_b8,160112,Loreto,Belen,4,0.5596631164516771,0.5355611162124838,-0.02410200023919329,0.02410200023919329,0.0005809064155300733,2023
LSTM_FINAL_w6_h16_l2_d0.0_e50_lr0.001_b8,160112,Loreto,Belen,5,0.5613546360446785,0.5584390229750018,-0.0029156130696766924,0.0029156130696766924,8.500799572069545e-06,2024
LSTM_FINAL_w6_h16_l2_d0.0_e50_lr0.001_b8,160211,Loreto,Teniente Cesar Lopez Rojas,1,0.7889779138684268,0.7841199784263877,-0.004857935442039052,0.004857935442039052,2.3599536759019158e-05,2020
LSTM_FINAL_w6_h16_l2_d0.0_e50_lr0.001_b8,160211,Loreto,Teniente Cesar Lopez Rojas,2,0.7833592855012886,0.7801910777080677,-0.003168207793220912,0.003168207793220912,1.003754062102572e-05,2021
LSTM_FINAL_w6_h16_l2_d0.0_e50_lr0.001_b8,160211,Loreto,Teniente Cesar Lopez Rojas,3,0.7727246772628823,0.7722757321483613,-0.0004489451145209822,0.0004489451145209822,2.015517158522578e-07,2022
LSTM_FINAL_w6_h16_l2_d0.0_e50_lr0.001_b8,160211,Loreto,Teniente Cesar Lopez Rojas,4,0.7527026034602846,0.7587140714219538,0.006011467961669181,0.006011467961669181,3.613774705417502e-05,2023
LSTM_FINAL_w6_h16_l2_d0.0_e50_lr0.001_b8,160211,Loreto,Teniente Cesar Lopez Rojas,5,0.7325767861849392,0.733534567731541,0.0009577815466018658,0.0009577815466018658,9.17345491011062e-07,2024
LSTM_FINAL_w6_h16_l2_d0.0_e50_lr0.001_b8,160503,Loreto,Capelo,1,0.7554360502605475,0.7560235555661365,0.0005875053055890422,0.0005875053055890422,3.451624840952739e-07,2020
LSTM_FINAL_w6_h16_l2_d0.0_e50_lr0.001_b8,160503,Loreto,Capelo,2,0.7583418518048548,0.7494953514747901,-0.008846500330064733,0.008846500330064733,7.826056808983543e-05,2021
LSTM_FINAL_w6_h16_l2_d0.0_e50_lr0.001_b8,160503,Loreto,Capelo,3,0.7430871824050683,0.753163713604331,0.010076531199262662,0.010076531199262662,0.00010153648100971382,2022
LSTM_FINAL_w6_h16_l2_d0.0_e50_lr0.001_b8,160503,Loreto,Capelo,4,0.7359065465798044,0.7340134080275411,-0.0018931385522632516,0.0018931385522632516,3.5839735780654002e-06,2023
LSTM_FINAL_w6_h16_l2_d0.0_e50_lr0.001_b8,160503,Loreto,Capelo,5,0.7223675249228664,0.725936863207297,0.003569338284430623,0.003569338284430623,1.2740175788702144e-05,2024
LSTM_FINAL_w6_h16_l2_d0.0_e50_lr0.001_b8,160603,Loreto,Padre Marquez,1,0.8489634977879752,0.846975297858725,-0.001988199929250145,0.001988199929250145,3.952938958670282e-06,2020
LSTM_FINAL_w6_h16_l2_d0.0_e50_lr0.001_b8,160603,Loreto,Padre Marquez,2,0.8423532176053075,0.8390915006121034,-0.0032617169932041,0.0032617169932041,1.0638797743756396e-05,2021
LSTM_FINAL_w6_h16_l2_d0.0_e50_lr0.001_b8,160603,Loreto,Padre Marquez,3,0.8218923193870263,0.8315186687778953,0.009626349390868927,0.009626349390868927,9.266660259508255e-05,2022
LSTM_FINAL_w6_h16_l2_d0.0_e50_lr0.001_b8,160603,Loreto,Padre Marquez,4,0.8138833131954339,0.8067391598394212,-0.007144153356012706,0.007144153356012706,5.103892717422761e-05,2023
LSTM_FINAL_w6_h16_l2_d0.0_e50_lr0.001_b8,160603,Loreto,Padre Marquez,5,0.7825643942048058,0.7992588781364784,0.01669448393167261,0.01669448393167261,0.00027870579374487497,2024
LSTM_FINAL_w6_h16_l2_d0.0_e50_lr0.001_b8,170102,Madre De Dios,Inambari,1,0.8478175873407863,0.8350029149522737,-0.012814672388512527,0.012814672388512527,0.00016421582842490536,2020
LSTM_FINAL_w6_h16_l2_d0.0_e50_lr0.001_b8,170102,Madre De Dios,Inambari,2,0.8411440843386968,0.8357230241274205,-0.005421060211276307,0.005421060211276307,2.938789381428312e-05,2021
LSTM_FINAL_w6_h16_l2_d0.0_e50_lr0.001_b8,170102,Madre De Dios,Inambari,3,0.8289204759054892,0.8297423473193222,0.0008218714138329419,0.0008218714138329419,6.754726208757589e-07,2022
LSTM_FINAL_w6_h16_l2_d0.0_e50_lr0.001_b8,170102,Madre De Dios,Inambari,4,0.8187924578592722,0.8158968274911034,-0.0028956303681688667,0.0028956303681688667,8.384675229061766e-06,2023
LSTM_FINAL_w6_h16_l2_d0.0_e50_lr0.001_b8,170102,Madre De Dios,Inambari,5,0.796142762917823,0.8054661727871272,0.009323409869304133,0.009323409869304133,8.692597159103771e-05,2024
LSTM_FINAL_w6_h16_l2_d0.0_e50_lr0.001_b8,170204,Madre De Dios,Huepetuhe,1,0.8092381900541393,0.7945128761092641,-0.014725313944875196,0.014725313944875196,0.0002168348707751359,2020
LSTM_FINAL_w6_h16_l2_d0.0_e50_lr0.001_b8,170204,Madre De Dios,Huepetuhe,2,0.8052862969252432,0.8026442897556252,-0.0026420071696180436,0.0026420071696180436,6.980201884313146e-06,2021
LSTM_FINAL_w6_h16_l2_d0.0_e50_lr0.001_b8,170204,Madre De Dios,Huepetuhe,3,0.7968474008002331,0.7981596844313056,0.0013122836310724972,0.0013122836310724972,1.722088328380818e-06,2022
LSTM_FINAL_w6_h16_l2_d0.0_e50_lr0.001_b8,170204,Madre De Dios,Huepetuhe,4,0.7871135347583715,0.7870135139865677,-0.00010002077180382152,0.00010002077180382152,1.0004154792232138e-08,2023
LSTM_FINAL_w6_h16_l2_d0.0_e50_lr0.001_b8,170204,Madre De Dios,Huepetuhe,5,0.7681001993376703,0.7759205466170159,0.007820347279345663,0.007820347279345663,6.115783156956912e-05,2024
LSTM_FINAL_w6_h16_l2_d0.0_e50_lr0.001_b8,200303,Piura,El Carmen De La Frontera,1,0.5097815407346726,0.49835859536182675,-0.011422945372845883,0.011422945372845883,0.00013048368099102117,2020
LSTM_FINAL_w6_h16_l2_d0.0_e50_lr0.001_b8,200303,Piura,El Carmen De La Frontera,2,0.5007951851552875,0.5029574797180488,0.002162294562761291,0.002162294562761291,4.675517776147043e-06,2021
LSTM_FINAL_w6_h16_l2_d0.0_e50_lr0.001_b8,200303,Piura,El Carmen De La Frontera,3,0.4958600383718049,0.4892414199699889,-0.0066186184018160454,0.0066186184018160454,4.380610954885798e-05,2022
LSTM_FINAL_w6_h16_l2_d0.0_e50_lr0.001_b8,200303,Piura,El Carmen De La Frontera,4,0.5164859886883592,0.4894784456010257,-0.02700754308733344,0.02700754308733344,0.0007294073836141724,2023
LSTM_FINAL_w6_h16_l2_d0.0_e50_lr0.001_b8,200303,Piura,El Carmen De La Frontera,5,0.5125405795265098,0.5123710941015404,-0.00016948542496941776,0.00016948542496941776,2.872530927706414e-08,2024
LSTM_FINAL_w6_h16_l2_d0.0_e50_lr0.001_b8,200307,Piura,Sondor,1,0.3248289227317662,0.31101218758440596,-0.01381673514736026,0.01381673514736026,0.00019090217013230032,2020
LSTM_FINAL_w6_h16_l2_d0.0_e50_lr0.001_b8,200307,Piura,Sondor,2,0.31768772229785813,0.3317599104459281,0.014072188148069986,0.014072188148069986,0.00019802647927468137,2021
LSTM_FINAL_w6_h16_l2_d0.0_e50_lr0.001_b8,200307,Piura,Sondor,3,0.33615573881722727,0.31750224345557043,-0.018653495361656836,0.018653495361656836,0.0003479528892073531,2022
LSTM_FINAL_w6_h16_l2_d0.0_e50_lr0.001_b8,200307,Piura,Sondor,4,0.3486087287252113,0.34358034405723803,-0.005028384667973285,0.005028384667973285,2.52846523691088e-05,2023
LSTM_FINAL_w6_h16_l2_d0.0_e50_lr0.001_b8,200307,Piura,Sondor,5,0.34554934999280745,0.3494471314551006,0.0038977814622931373,0.0038977814622931373,1.5192700327796027e-05,2024
LSTM_FINAL_w6_h16_l2_d0.0_e50_lr0.001_b8,211205,Puno,Phara,1,0.47688466188140716,0.4760287782312376,-0.000855883650169531,0.000855883650169531,7.325368226275203e-07,2020
LSTM_FINAL_w6_h16_l2_d0.0_e50_lr0.001_b8,211205,Puno,Phara,2,0.4763627928411909,0.4786925915948599,0.00232979875366901,0.00232979875366901,5.427962232597673e-06,2021
LSTM_FINAL_w6_h16_l2_d0.0_e50_lr0.001_b8,211205,Puno,Phara,3,0.479325352955569,0.47643638874595495,-0.002888964209614042,0.002888964209614042,8.346114204430888e-06,2022
LSTM_FINAL_w6_h16_l2_d0.0_e50_lr0.001_b8,211205,Puno,Phara,4,0.48032289799598293,0.4808246360576198,0.0005017380616368916,0.0005017380616368916,2.5174108249514524e-07,2023
LSTM_FINAL_w6_h16_l2_d0.0_e50_lr0.001_b8,211205,Puno,Phara,5,0.4694140528912562,0.48046529761675344,0.011051244725497233,0.011051244725497233,0.00012213000998283042,2024
LSTM_FINAL_w6_h16_l2_d0.0_e50_lr0.001_b8,220101,San Martin,Moyobamba,1,0.7150649990351682,0.7097526416914567,-0.0053123573437114935,0.0053123573437114935,2.8221140547285435e-05,2020
LSTM_FINAL_w6_h16_l2_d0.0_e50_lr0.001_b8,220101,San Martin,Moyobamba,2,0.7090317627374706,0.7075718708591374,-0.001459891878333175,0.001459891878333175,2.1312842964231654e-06,2021
LSTM_FINAL_w6_h16_l2_d0.0_e50_lr0.001_b8,220101,San Martin,Moyobamba,3,0.7060308998161764,0.6996100609439198,-0.00642083887225664,0.00642083887225664,4.122717182348192e-05,2022
LSTM_FINAL_w6_h16_l2_d0.0_e50_lr0.001_b8,220101,San Martin,Moyobamba,4,0.6941648725827964,0.6974295046401294,0.0032646320573330723,0.0032646320573330723,1.0657822469766768e-05,2023
LSTM_FINAL_w6_h16_l2_d0.0_e50_lr0.001_b8,220101,San Martin,Moyobamba,5,0.6824468321764342,0.6818876320173447,-0.0005592001590895013,0.0005592001590895013,3.127048179257235e-07,2024
LSTM_FINAL_w6_h16_l2_d0.0_e50_lr0.001_b8,220102,San Martin,Calzada,1,0.19311023574256087,0.19673008918590273,0.0036198534433418694,0.0036198534433418694,1.3103338951273988e-05,2020
LSTM_FINAL_w6_h16_l2_d0.0_e50_lr0.001_b8,220102,San Martin,Calzada,2,0.18762325217626274,0.19183608771234523,0.004212835536082482,0.004212835536082482,1.7747983254079374e-05,2021
LSTM_FINAL_w6_h16_l2_d0.0_e50_lr0.001_b8,220102,San Martin,Calzada,3,0.18364811425028582,0.1852541757728033,0.0016060615225174657,0.0016060615225174657,2.57943361411112e-06,2022
LSTM_FINAL_w6_h16_l2_d0.0_e50_lr0.001_b8,220102,San Martin,Calzada,4,0.16440152322196133,0.1832597166582371,0.01885819343627576,0.01885819343627576,0.0003556314596799942,2023
LSTM_FINAL_w6_h16_l2_d0.0_e50_lr0.001_b8,220102,San Martin,Calzada,5,0.14866971713508131,0.15776572676367062,0.009096009628589308,0.009096009628589308,8.273739116338939e-05,2024
LSTM_FINAL_w6_h16_l2_d0.0_e50_lr0.001_b8,220106,San Martin,Yantalo,1,0.33534333189731974,0.34194871578179675,0.006605383884477012,0.006605383884477012,4.363109626130862e-05,2020
LSTM_FINAL_w6_h16_l2_d0.0_e50_lr0.001_b8,220106,San Martin,Yantalo,2,0.3218779818610972,0.3303469372188145,0.0084689553577173,0.0084689553577173,7.172320485100857e-05,2021
LSTM_FINAL_w6_h16_l2_d0.0_e50_lr0.001_b8,220106,San Martin,Yantalo,3,0.3256850808522596,0.3163482566402319,-0.009336824212027695,0.009336824212027695,8.717628636630658e-05,2022
LSTM_FINAL_w6_h16_l2_d0.0_e50_lr0.001_b8,220106,San Martin,Yantalo,4,0.3097157538258273,0.328428698828661,0.018712945002833714,0.018712945002833714,0.0003501743106790793,2023
LSTM_FINAL_w6_h16_l2_d0.0_e50_lr0.001_b8,220106,San Martin,Yantalo,5,0.29572660083779634,0.29856009364851355,0.0028334928107172086,0.0028334928107172086,8.028681508386107e-06,2024
LSTM_FINAL_w6_h16_l2_d0.0_e50_lr0.001_b8,220201,San Martin,Bellavista,1,0.17999418862881245,0.19632521075509857,0.01633102212628612,0.01633102212628612,0.00026670228368924685,2020
LSTM_FINAL_w6_h16_l2_d0.0_e50_lr0.001_b8,220201,San Martin,Bellavista,2,0.17553249999911757,0.17676384327813982,0.0012313432790222456,0.0012313432790222456,1.5162062707932557e-06,2021
LSTM_FINAL_w6_h16_l2_d0.0_e50_lr0.001_b8,220201,San Martin,Bellavista,3,0.18650883956485775,0.17559925622960487,-0.010909583335252881,0.010909583335252881,0.00011901900854882738,2022
LSTM_FINAL_w6_h16_l2_d0.0_e50_lr0.001_b8,220201,San Martin,Bellavista,4,0.1812327754005189,0.19070766764993063,0.009474892249411726,0.009474892249411726,8.977358313796239e-05,2023
LSTM_FINAL_w6_h16_l2_d0.0_e50_lr0.001_b8,220201,San Martin,Bellavista,5,0.1615451894325708,0.17995489205003407,0.018409702617463275,0.018409702617463275,0.00033891715046343413,2024
LSTM_FINAL_w6_h16_l2_d0.0_e50_lr0.001_b8,220203,San Martin,Bajo Biavo,1,0.5235977770243322,0.5381506451294089,0.014552868105076722,0.014552868105076722,0.00021178597008375934,2020
LSTM_FINAL_w6_h16_l2_d0.0_e50_lr0.001_b8,220203,San Martin,Bajo Biavo,2,0.5058841110360703,0.5099126886495815,0.004028577613511164,0.004028577613511164,1.6229437588083305e-05,2021
LSTM_FINAL_w6_h16_l2_d0.0_e50_lr0.001_b8,220203,San Martin,Bajo Biavo,3,0.49327725054067817,0.49378232641383946,0.000505075873161287,0.000505075873161287,2.551016376496365e-07,2022
LSTM_FINAL_w6_h16_l2_d0.0_e50_lr0.001_b8,220203,San Martin,Bajo Biavo,4,0.4901409444016485,0.48285031853764593,-0.007290625864002587,0.007290625864002587,5.3153225488863466e-05,2023
LSTM_FINAL_w6_h16_l2_d0.0_e50_lr0.001_b8,220203,San Martin,Bajo Biavo,5,0.46760270018583383,0.4848756760700473,0.01727297588421345,0.01727297588421345,0.00029835569589661934,2024
LSTM_FINAL_w6_h16_l2_d0.0_e50_lr0.001_b8,220204,San Martin,Huallaga,1,0.497859835460945,0.509021133321807,0.011161297860862007,0.011161297860862007,0.0001245745699388828,2020
LSTM_FINAL_w6_h16_l2_d0.0_e50_lr0.001_b8,220204,San Martin,Huallaga,2,0.47576272499733147,0.483006612035499,0.007243887038167529,0.007243887038167529,5.2473899421731534e-05,2021
LSTM_FINAL_w6_h16_l2_d0.0_e50_lr0.001_b8,220204,San Martin,Huallaga,3,0.4629425095702099,0.4578483908370933,-0.005094118733116604,0.005094118733116604,2.5950045667089512e-05,2022
LSTM_FINAL_w6_h16_l2_d0.0_e50_lr0.001_b8,220204,San Martin,Huallaga,4,0.46690449184963045,0.44901471805112875,-0.017889773798501707,0.017889773798501707,0.00032004400656155817,2023
LSTM_FINAL_w6_h16_l2_d0.0_e50_lr0.001_b8,220204,San Martin,Huallaga,5,0.44801157633997357,0.4611651848752807,0.013153608535307115,0.013153608535307115,0.0001730174175001042,2024
LSTM_FINAL_w6_h16_l2_d0.0_e50_lr0.001_b8,220205,San Martin,San Pablo,1,0.26421644859257376,0.2674605237691008,0.003244075176527028,0.003244075176527028,1.052402375095887e-05,2020
LSTM_FINAL_w6_h16_l2_d0.0_e50_lr0.001_b8,220205,San Martin,San Pablo,2,0.25459380928332365,0.2651638065765325,0.010569997293208844,0.010569997293208844,0.00011172484277844228,2021
LSTM_FINAL_w6_h16_l2_d0.0_e50_lr0.001_b8,220205,San Martin,San Pablo,3,0.2590683948634075,0.2521622672199564,-0.00690612764345111,0.00690612764345111,4.769459902763958e-05,2022
LSTM_FINAL_w6_h16_l2_d0.0_e50_lr0.001_b8,220205,San Martin,San Pablo,4,0.255828559780159,0.26049677628663176,0.0046682165064727554,0.0046682165064727554,2.1792245351304697e-05,2023
LSTM_FINAL_w6_h16_l2_d0.0_e50_lr0.001_b8,220205,San Martin,San Pablo,5,0.24098134315352437,0.25577066231598594,0.014789319162461567,0.014789319162461567,0.00021872396128915292,2024
LSTM_FINAL_w6_h16_l2_d0.0_e50_lr0.001_b8,220301,San Martin,San Jose De Sisa,1,0.35357850924679834,0.35448163649581227,0.0009031272490139242,0.0009031272490139242,8.156388279114586e-07,2020
LSTM_FINAL_w6_h16_l2_d0.0_e50_lr0.001_b8,220301,San Martin,San Jose De Sisa,2,0.3351280966861305,0.35313759002312617,0.01800949333699564,0.01800949333699564,0.0003243418502552904,2021
LSTM_FINAL_w6_h16_l2_d0.0_e50_lr0.001_b8,220301,San Martin,San Jose De Sisa,3,0.3242386537939509,0.3281770821028224,0.003938428308871533,0.003938428308871533,1.5511217544120685e-05,2022
LSTM_FINAL_w6_h16_l2_d0.0_e50_lr0.001_b8,220301,San Martin,San Jose De Sisa,4,0.3118375924093043,0.3184347232550784,0.0065971308457740685,0.0065971308457740685,4.3522135396263673e-05,2023
LSTM_FINAL_w6_h16_l2_d0.0_e50_lr0.001_b8,220301,San Martin,San Jose De Sisa,5,0.29614263475210734,0.3068436711185449,0.010701036366437544,0.010701036366437544,0.00011451217931581883,2024
LSTM_FINAL_w6_h16_l2_d0.0_e50_lr0.001_b8,220302,San Martin,Agua Blanca,1,0.34556167907356095,0.35504148024048865,0.009479801166927704,0.009479801166927704,8.986663016448385e-05,2020
LSTM_FINAL_w6_h16_l2_d0.0_e50_lr0.001_b8,220302,San Martin,Agua Blanca,2,0.3318985715915981,0.3443281652705985,0.012429593679000428,0.012429593679000428,0.00015449479902504738,2021
LSTM_FINAL_w6_h16_l2_d0.0_e50_lr0.001_b8,220302,San Martin,Agua Blanca,3,0.32969412690514,0.3256363576375315,-0.00405776926760848,0.00405776926760848,1.646549142914786e-05,2022
LSTM_FINAL_w6_h16_l2_d0.0_e50_lr0.001_b8,220302,San Martin,Agua Blanca,4,0.31659522945438445,0.32619602471165465,0.0096007952572702,0.0096007952572702,9.217526957202198e-05,2023
LSTM_FINAL_w6_h16_l2_d0.0_e50_lr0.001_b8,220302,San Martin,Agua Blanca,5,0.2872274095768187,0.31151254382992977,0.024285134253111074,0.024285134253111074,0.0005897677456916287,2024
LSTM_FINAL_w6_h16_l2_d0.0_e50_lr0.001_b8,220303,San Martin,San Martin,1,0.7448397795322017,0.7486112163102532,0.0037714367780514735,0.0037714367780514735,1.422373537083928e-05,2020
LSTM_FINAL_w6_h16_l2_d0.0_e50_lr0.001_b8,220303,San Martin,San Martin,2,0.725127396590169,0.7415727876610498,0.016445391070880833,0.016445391070880833,0.000270450887474207,2021
LSTM_FINAL_w6_h16_l2_d0.0_e50_lr0.001_b8,220303,San Martin,San Martin,3,0.7045582498000316,0.7111292334039211,0.006570983603889524,0.006570983603889524,4.317782552258496e-05,2022
LSTM_FINAL_w6_h16_l2_d0.0_e50_lr0.001_b8,220303,San Martin,San Martin,4,0.6793997825247838,0.6879737559070975,0.008573973382313693,0.008573973382313693,7.351301956062371e-05,2023
LSTM_FINAL_w6_h16_l2_d0.0_e50_lr0.001_b8,220303,San Martin,San Martin,5,0.658098462484576,0.6612934989632443,0.003195036478668256,0.003195036478668256,1.0208258100020849e-05,2024
LSTM_FINAL_w6_h16_l2_d0.0_e50_lr0.001_b8,220304,San Martin,Santa Rosa,1,0.3669703895715092,0.3749204256562835,0.007950036084774292,0.007950036084774292,6.320307374921336e-05,2020
LSTM_FINAL_w6_h16_l2_d0.0_e50_lr0.001_b8,220304,San Martin,Santa Rosa,2,0.350194031457719,0.3622373728299604,0.01204334137224139,0.01204334137224139,0.0001450420714083411,2021
LSTM_FINAL_w6_h16_l2_d0.0_e50_lr0.001_b8,220304,San Martin,Santa Rosa,3,0.3417167599646726,0.3415318237533699,-0.00018493621130272198,0.00018493621130272198,3.420140225100503e-08,2022
LSTM_FINAL_w6_h16_l2_d0.0_e50_lr0.001_b8,220304,San Martin,Santa Rosa,4,0.3291344976889926,0.3338003039043456,0.004665806215353008,0.004665806215353008,2.1769747639226757e-05,2023
LSTM_FINAL_w6_h16_l2_d0.0_e50_lr0.001_b8,220304,San Martin,Santa Rosa,5,0.30298647340620394,0.32209126107687525,0.019104787670671308,0.019104787670671308,0.00036499291194143444,2024
LSTM_FINAL_w6_h16_l2_d0.0_e50_lr0.001_b8,220305,San Martin,Shatoja,1,0.358218130362291,0.3631067560032989,0.004888625641007893,0.004888625641007893,2.3898660657919834e-05,2020
LSTM_FINAL_w6_h16_l2_d0.0_e50_lr0.001_b8,220305,San Martin,Shatoja,2,0.3286972633082887,0.35229801369599006,0.023600750387701375,0.023600750387701375,0.0005569954188625866,2021
LSTM_FINAL_w6_h16_l2_d0.0_e50_lr0.001_b8,220305,San Martin,Shatoja,3,0.31879967414084254,0.3173056343684264,-0.0014940397724161336,0.0014940397724161336,2.2321548415612525e-06,2022
LSTM_FINAL_w6_h16_l2_d0.0_e50_lr0.001_b8,220305,San Martin,Shatoja,4,0.3109073967076637,0.3115314728177806,0.000624076110116889,0.000624076110116889,3.894709912186274e-07,2023
LSTM_FINAL_w6_h16_l2_d0.0_e50_lr0.001_b8,220305,San Martin,Shatoja,5,0.3010384534084985,0.3063743836517469,0.00533593024324841,0.00533593024324841,2.8472151560813038e-05,2024
LSTM_FINAL_w6_h16_l2_d0.0_e50_lr0.001_b8,220401,San Martin,Saposoa,1,0.6072256529671902,0.6138645222311754,0.006638869263985159,0.006638869263985159,4.4074585104286844e-05,2020
LSTM_FINAL_w6_h16_l2_d0.0_e50_lr0.001_b8,220401,San Martin,Saposoa,2,0.6000618323928004,0.5979611753467284,-0.0021006570460719853,0.0021006570460719853,4.412760025211879e-06,2021
LSTM_FINAL_w6_h16_l2_d0.0_e50_lr0.001_b8,220401,San Martin,Saposoa,3,0.5926665670839584,0.5904979360425141,-0.002168631041444269,0.002168631041444269,4.702960593915654e-06,2022
LSTM_FINAL_w6_h16_l2_d0.0_e50_lr0.001_b8,220401,San Martin,Saposoa,4,0.5851259839353855,0.5827241162153058,-0.0024018677200796645,0.0024018677200796645,5.768968544760686e-06,2023
LSTM_FINAL_w6_h16_l2_d0.0_e50_lr0.001_b8,220401,San Martin,Saposoa,5,0.5671674600530096,0.5754931892241535,0.008325729171143936,0.008325729171143936,6.93177662312371e-05,2024
LSTM_FINAL_w6_h16_l2_d0.0_e50_lr0.001_b8,220403,San Martin,El Eslabon,1,0.4029776402730329,0.4094313398681985,0.006453699595165618,0.006453699595165618,4.1650238464640866e-05,2020
LSTM_FINAL_w6_h16_l2_d0.0_e50_lr0.001_b8,220403,San Martin,El Eslabon,2,0.3985061969049323,0.3960947952846383,-0.0024114016202939625,0.0024114016202939625,5.814857774356348e-06,2021
LSTM_FINAL_w6_h16_l2_d0.0_e50_lr0.001_b8,220403,San Martin,El Eslabon,3,0.39350787146966615,0.3894739779654003,-0.004033893504265862,0.004033893504265862,1.6272296803758314e-05,2022
LSTM_FINAL_w6_h16_l2_d0.0_e50_lr0.001_b8,220403,San Martin,El Eslabon,4,0.3767470982225398,0.38504964253839774,0.008302544315857918,0.008302544315857918,6.893224211678463e-05,2023
LSTM_FINAL_w6_h16_l2_d0.0_e50_lr0.001_b8,220403,San Martin,El Eslabon,5,0.3564333918137869,0.365846260079674,0.009412868265887109,0.009412868265887109,8.860208899094458e-05,2024
LSTM_FINAL_w6_h16_l2_d0.0_e50_lr0.001_b8,220404,San Martin,Piscoyacu,1,0.39872494028853656,0.40564486085446827,0.006919920565931714,0.006919920565931714,4.78853006388047e-05,2020
LSTM_FINAL_w6_h16_l2_d0.0_e50_lr0.001_b8,220404,San Martin,Piscoyacu,2,0.38772264277079027,0.39047354209785157,0.002750899327061296,0.002750899327061296,7.56744710762629e-06,2021
LSTM_FINAL_w6_h16_l2_d0.0_e50_lr0.001_b8,220404,San Martin,Piscoyacu,3,0.3699451431088945,0.3771100426355918,0.007164899526697299,0.007164899526697299,5.1335785227667186e-05,2022
LSTM_FINAL_w6_h16_l2_d0.0_e50_lr0.001_b8,220404,San Martin,Piscoyacu,4,0.3545774550323132,0.3579051332385148,0.003327678206201612,0.003327678206201612,1.1073442244029177e-05,2023
LSTM_FINAL_w6_h16_l2_d0.0_e50_lr0.001_b8,220404,San Martin,Piscoyacu,5,0.34244924869787385,0.34484767765182733,0.0023984289539534798,0.0023984289539534798,5.752461447162383e-06,2024
LSTM_FINAL_w6_h16_l2_d0.0_e50_lr0.001_b8,220405,San Martin,Sacanche,1,0.37720733763314507,0.3844680683156686,0.007260730682523531,0.007260730682523531,5.2718210044138616e-05,2020
LSTM_FINAL_w6_h16_l2_d0.0_e50_lr0.001_b8,220405,San Martin,Sacanche,2,0.3649483572313069,0.37175235667564016,0.006803999444333242,0.006803999444333242,4.6294408438487066e-05,2021
LSTM_FINAL_w6_h16_l2_d0.0_e50_lr0.001_b8,220405,San Martin,Sacanche,3,0.3496493435226485,0.35584374122290807,0.006194397700259591,0.006194397700259591,3.83705628689813e-05,2022
LSTM_FINAL_w6_h16_l2_d0.0_e50_lr0.001_b8,220405,San Martin,Sacanche,4,0.32518079999658805,0.34000557946295684,0.014824779466368787,0.014824779466368787,0.00021977408622646962,2023
LSTM_FINAL_w6_h16_l2_d0.0_e50_lr0.001_b8,220405,San Martin,Sacanche,5,0.3092617105039118,0.3150367932652997,0.005775082761387884,0.005775082761387884,3.335158090087951e-05,2024
LSTM_FINAL_w6_h16_l2_d0.0_e50_lr0.001_b8,220501,San Martin,Lamas,1,0.486327646166965,0.4816171454564648,-0.004710500710500221,0.004710500710500221,2.2188816943623083e-05,2020
LSTM_FINAL_w6_h16_l2_d0.0_e50_lr0.001_b8,220501,San Martin,Lamas,2,0.4735718366210059,0.4871911581992384,0.013619321578232535,0.013619321578232535,0.00018548592025131034,2021
LSTM_FINAL_w6_h16_l2_d0.0_e50_lr0.001_b8,220501,San Martin,Lamas,3,0.4589143073816245,0.46439722752519724,0.005482920143572767,0.005482920143572767,3.0062413300796014e-05,2022
LSTM_FINAL_w6_h16_l2_d0.0_e50_lr0.001_b8,220501,San Martin,Lamas,4,0.4386409197169938,0.44614662305062025,0.0075057033336264345,0.0075057033336264345,5.633558253241097e-05,2023
LSTM_FINAL_w6_h16_l2_d0.0_e50_lr0.001_b8,220501,San Martin,Lamas,5,0.41950720224322385,0.4239914542264369,0.004484251983213061,0.004484251983213061,2.010851584895027e-05,2024
LSTM_FINAL_w6_h16_l2_d0.0_e50_lr0.001_b8,220502,San Martin,Alonso De Alvarado,1,0.5448829541870884,0.5469695217565368,0.002086567569448361,0.002086567569448361,4.353764221873641e-06,2020
LSTM_FINAL_w6_h16_l2_d0.0_e50_lr0.001_b8,220502,San Martin,Alonso De Alvarado,2,0.5277625322411542,0.5441461748833076,0.016383642642153418,0.016383642642153418,0.0002684237462257878,2021
LSTM_FINAL_w6_h16_l2_d0.0_e50_lr0.001_b8,220502,San Martin,Alonso De Alvarado,3,0.5124570727191902,0.5188252700762336,0.006368197357043415,0.006368197357043415,4.0553937578254735e-05,2022
LSTM_FINAL_w6_h16_l2_d0.0_e50_lr0.001_b8,220502,San Martin,Alonso De Alvarado,4,0.487398951163371,0.5027683728197563,0.015369421656385274,0.015369421656385274,0.00023621912205176466,2023
LSTM_FINAL_w6_h16_l2_d0.0_e50_lr0.001_b8,220502,San Martin,Alonso De Alvarado,5,0.4704975166075251,0.4742920215121041,0.003794504904578999,0.003794504904578999,1.439826747087408e-05,2024
LSTM_FINAL_w6_h16_l2_d0.0_e50_lr0.001_b8,220503,San Martin,Barranquita,1,0.682234461552073,0.6807035985886243,-0.0015308629634487314,0.0015308629634487314,2.343541412859032e-06,2020
LSTM_FINAL_w6_h16_l2_d0.0_e50_lr0.001_b8,220503,San Martin,Barranquita,2,0.678490345613153,0.675465379780662,-0.003024965832491011,0.003024965832491011,9.150418287738036e-06,2021
LSTM_FINAL_w6_h16_l2_d0.0_e50_lr0.001_b8,220503,San Martin,Barranquita,3,0.6663369511055468,0.6707915350551349,0.004454583949588087,0.004454583949588087,1.9843318163927797e-05,2022
LSTM_FINAL_w6_h16_l2_d0.0_e50_lr0.001_b8,220503,San Martin,Barranquita,4,0.6581066271880025,0.6559179566580867,-0.0021886705299157816,0.0021886705299157816,4.7902786885218285e-06,2023
LSTM_FINAL_w6_h16_l2_d0.0_e50_lr0.001_b8,220503,San Martin,Barranquita,5,0.6310163115803364,0.6485443713499965,0.017528059769660098,0.017528059769660098,0.00030723287928877683,2024
LSTM_FINAL_w6_h16_l2_d0.0_e50_lr0.001_b8,220504,San Martin,Caynarachi,1,0.7807769172627259,0.7753870520234278,-0.005389865239298075,0.005389865239298075,2.9050647297793695e-05,2020
LSTM_FINAL_w6_h16_l2_d0.0_e50_lr0.001_b8,220504,San Martin,Caynarachi,2,0.7806818432664138,0.772785250024005,-0.007896593242408767,0.007896593242408767,6.23561848360558e-05,2021
LSTM_FINAL_w6_h16_l2_d0.0_e50_lr0.001_b8,220504,San Martin,Caynarachi,3,0.7709860875867586,0.7726862640368704,0.0017001764501117789,0.0017001764501117789,2.89059996151469e-06,2022
LSTM_FINAL_w6_h16_l2_d0.0_e50_lr0.001_b8,220504,San Martin,Caynarachi,4,0.7615587701934786,0.7603965555780876,-0.0011622146153910107,0.0011622146153910107,1.3507428122284748e-06,2023
LSTM_FINAL_w6_h16_l2_d0.0_e50_lr0.001_b8,220504,San Martin,Caynarachi,5,0.7474159643013998,0.7498981350976054,0.002482170796205607,0.002482170796205607,6.161171861535978e-06,2024
LSTM_FINAL_w6_h16_l2_d0.0_e50_lr0.001_b8,220505,San Martin,Cuñumbuqui,1,0.3374020738546274,0.3383031820116039,0.0009011081569765267,0.0009011081569765267,8.119959105696326e-07,2020
LSTM_FINAL_w6_h16_l2_d0.0_e50_lr0.001_b8,220505,San Martin,Cuñumbuqui,2,0.3226346366021214,0.33772135540237,0.015086718800248644,0.015086718800248644,0.0002276090841577759,2021
LSTM_FINAL_w6_h16_l2_d0.0_e50_lr0.001_b8,220505,San Martin,Cuñumbuqui,3,0.31520455457495905,0.3156921526826714,0.00048759810771237255,0.00048759810771237255,2.3775191464468647e-07,2022
LSTM_FINAL_w6_h16_l2_d0.0_e50_lr0.001_b8,220505,San Martin,Cuñumbuqui,4,0.3092429329479638,0.3114147440593671,0.002171811111403299,0.002171811111403299,4.716763503614833e-06,2023
LSTM_FINAL_w6_h16_l2_d0.0_e50_lr0.001_b8,220505,San Martin,Cuñumbuqui,5,0.29940775896312455,0.30587067066571083,0.0064629117025862826,0.0064629117025862826,4.176922767542672e-05,2024
LSTM_FINAL_w6_h16_l2_d0.0_e50_lr0.001_b8,220506,San Martin,Pinto Recodo,1,0.7941039847330356,0.7931757576461314,-0.0009282270869042097,0.0009282270869042097,8.616055248626754e-07,2020
LSTM_FINAL_w6_h16_l2_d0.0_e50_lr0.001_b8,220506,San Martin,Pinto Recodo,2,0.7839613030308967,0.7916692121224084,0.007707909091511644,0.007707909091511644,5.941186256300786e-05,2021
LSTM_FINAL_w6_h16_l2_d0.0_e50_lr0.001_b8,220506,San Martin,Pinto Recodo,3,0.7766441134872768,0.7764319069141437,-0.00021220657313314462,0.00021220657313314462,4.5031629680912654e-08,2022
LSTM_FINAL_w6_h16_l2_d0.0_e50_lr0.001_b8,220506,San Martin,Pinto Recodo,4,0.7632867091591049,0.7676576900790186,0.004370980919913725,0.004370980919913725,1.9105474202249835e-05,2023
LSTM_FINAL_w6_h16_l2_d0.0_e50_lr0.001_b8,220506,San Martin,Pinto Recodo,5,0.7511332641741978,0.7520110391988168,0.0008777750246190541,0.0008777750246190541,7.704889938449811e-07,2024
LSTM_FINAL_w6_h16_l2_d0.0_e50_lr0.001_b8,220507,San Martin,Rumisapa,1,0.2832593889502737,0.2890925710850384,0.005833182134764692,0.005833182134764692,3.402601381733797e-05,2020
LSTM_FINAL_w6_h16_l2_d0.0_e50_lr0.001_b8,220507,San Martin,Rumisapa,2,0.2590731649683459,0.2782015129192289,0.019128347950882973,0.019128347950882973,0.00036589369533004886,2021
LSTM_FINAL_w6_h16_l2_d0.0_e50_lr0.001_b8,220507,San Martin,Rumisapa,3,0.22975572143711392,0.25242934261920646,0.02267362118209254,0.02267362118209254,0.0005140930975090355,2022
LSTM_FINAL_w6_h16_l2_d0.0_e50_lr0.001_b8,220507,San Martin,Rumisapa,4,0.20484792443831218,0.2234456802404109,0.018597755802098714,0.018597755802098714,0.0003458765208744964,2023
LSTM_FINAL_w6_h16_l2_d0.0_e50_lr0.001_b8,220507,San Martin,Rumisapa,5,0.18488427811154745,0.20047222389076108,0.01558794577921363,0.01558794577921363,0.00024298405361570402,2024
LSTM_FINAL_w6_h16_l2_d0.0_e50_lr0.001_b8,220510,San Martin,Tabalosos,1,0.6001993388702116,0.6009870686996241,0.0007877298294125534,0.0007877298294125534,6.205182841463305e-07,2020
LSTM_FINAL_w6_h16_l2_d0.0_e50_lr0.001_b8,220510,San Martin,Tabalosos,2,0.5865875478743123,0.6027408646626548,0.01615331678834242,0.01615331678834242,0.00026092964326454506,2021
LSTM_FINAL_w6_h16_l2_d0.0_e50_lr0.001_b8,220510,San Martin,Tabalosos,3,0.5743529196153442,0.5813388865747189,0.006985966959374701,0.006985966959374701,4.8803734357475e-05,2022
LSTM_FINAL_w6_h16_l2_d0.0_e50_lr0.001_b8,220510,San Martin,Tabalosos,4,0.556000950410826,0.5671704287492709,0.01116947833844495,0.01116947833844495,0.00012475724635299093,2023
LSTM_FINAL_w6_h16_l2_d0.0_e50_lr0.001_b8,220510,San Martin,Tabalosos,5,0.5390015843702103,0.546459730987985,0.007458146617774664,0.007458146617774664,5.5623950972223656e-05,2024
LSTM_FINAL_w6_h16_l2_d0.0_e50_lr0.001_b8,220511,San Martin,Zapatero,1,0.19388695521070687,0.19935977989409254,0.005472824683385669,0.005472824683385669,2.9951810015075446e-05,2020
LSTM_FINAL_w6_h16_l2_d0.0_e50_lr0.001_b8,220511,San Martin,Zapatero,2,0.18498525795206905,0.19777984037480928,0.01279458242274023,0.01279458242274023,0.00016370133937229327,2021
LSTM_FINAL_w6_h16_l2_d0.0_e50_lr0.001_b8,220511,San Martin,Zapatero,3,0.1884481522281518,0.18561349843951314,-0.0028346537886386747,0.0028346537886386747,8.035262101443592e-06,2022
LSTM_FINAL_w6_h16_l2_d0.0_e50_lr0.001_b8,220511,San Martin,Zapatero,4,0.18719033360478887,0.19255947791205286,0.005369144307263984,0.005369144307263984,2.882771059222525e-05,2023
LSTM_FINAL_w6_h16_l2_d0.0_e50_lr0.001_b8,220511,San Martin,Zapatero,5,0.178502508670215,0.18956607301197181,0.011063564341756815,0.011063564341756815,0.0001224024559441929,2024
LSTM_FINAL_w6_h16_l2_d0.0_e50_lr0.001_b8,220601,San Martin,Juanjui,1,0.466442492043155,0.47303878370380104,0.006596291660646014,0.006596291660646014,4.351106367230815e-05,2020
LSTM_FINAL_w6_h16_l2_d0.0_e50_lr0.001_b8,220601,San Martin,Juanjui,2,0.44572279039331475,0.4600512707272224,0.014328480333907656,0.014328480333907656,0.00020530534867917847,2021
LSTM_FINAL_w6_h16_l2_d0.0_e50_lr0.001_b8,220601,San Martin,Juanjui,3,0.4332446123121639,0.43322315314960363,-2.1459162560244494e-05,2.1459162560244494e-05,4.60495657786999e-10,2022
LSTM_FINAL_w6_h16_l2_d0.0_e50_lr0.001_b8,220601,San Martin,Juanjui,4,0.43549573588266216,0.4241533917175008,-0.011342344165161333,0.011342344165161333,0.00012864877116096934,2023
LSTM_FINAL_w6_h16_l2_d0.0_e50_lr0.001_b8,220601,San Martin,Juanjui,5,0.41543590505896466,0.4338235364765939,0.018387631417629224,0.018387631417629224,0.0003381049891505853,2024
LSTM_FINAL_w6_h16_l2_d0.0_e50_lr0.001_b8,220605,San Martin,Pajarillo,1,0.33335677248035,0.34078564305228987,0.007428870571939861,0.007428870571939861,5.518811797463407e-05,2020
LSTM_FINAL_w6_h16_l2_d0.0_e50_lr0.001_b8,220605,San Martin,Pajarillo,2,0.3152320647039689,0.3291706394364624,0.013938574732493492,0.013938574732493492,0.00019428386557330602,2021
LSTM_FINAL_w6_h16_l2_d0.0_e50_lr0.001_b8,220605,San Martin,Pajarillo,3,0.3056933691461747,0.3046460661063635,-0.0010473030398111538,0.0010473030398111538,1.0968436571976832e-06,2022
LSTM_FINAL_w6_h16_l2_d0.0_e50_lr0.001_b8,220605,San Martin,Pajarillo,4,0.3104666289158943,0.2982678300760966,-0.012198798839797742,0.012198798839797742,0.00014881069313385075,2023
LSTM_FINAL_w6_h16_l2_d0.0_e50_lr0.001_b8,220605,San Martin,Pajarillo,5,0.2918167300619291,0.3106705067343731,0.018853776672443978,0.018853776672443978,0.0003554648948143927,2024
LSTM_FINAL_w6_h16_l2_d0.0_e50_lr0.001_b8,220701,San Martin,Picota,1,0.3992403135310887,0.3974952375217947,-0.0017450760092939666,0.0017450760092939666,3.045290278213356e-06,2020
LSTM_FINAL_w6_h16_l2_d0.0_e50_lr0.001_b8,220701,San Martin,Picota,2,0.39866444324336525,0.39518044945549147,-0.0034839937878737848,0.0034839937878737848,1.2138212713943122e-05,2021
LSTM_FINAL_w6_h16_l2_d0.0_e50_lr0.001_b8,220701,San Martin,Picota,3,0.3950457507779449,0.3932619082015324,-0.0017838425764125088,0.0017838425764125088,3.1820943374220173e-06,2022
LSTM_FINAL_w6_h16_l2_d0.0_e50_lr0.001_b8,220701,San Martin,Picota,4,0.38655039579183836,0.38806102997693703,0.0015106341850986693,0.0015106341850986693,2.282015641188721e-06,2023
LSTM_FINAL_w6_h16_l2_d0.0_e50_lr0.001_b8,220701,San Martin,Picota,5,0.3634251037209743,0.3783421178354776,0.014917014114503302,0.014917014114503302,0.00022251731009229072,2024
LSTM_FINAL_w6_h16_l2_d0.0_e50_lr0.001_b8,220702,San Martin,Buenos Aires,1,0.35205051087017775,0.3477952239240084,-0.004255286946169334,0.004255286946169334,1.8107466994239138e-05,2020
LSTM_FINAL_w6_h16_l2_d0.0_e50_lr0.001_b8,220702,San Martin,Buenos Aires,2,0.33572515482092163,0.3530497721388235,0.017324617317901858,0.017324617317901858,0.00030014236521174495,2021
LSTM_FINAL_w6_h16_l2_d0.0_e50_lr0.001_b8,220702,San Martin,Buenos Aires,3,0.3342472551654796,0.32799830412223385,-0.006248951043245743,0.006248951043245743,3.904938914088206e-05,2022
LSTM_FINAL_w6_h16_l2_d0.0_e50_lr0.001_b8,220702,San Martin,Buenos Aires,4,0.33374798418192586,0.33003612323830367,-0.0037118609436221917,0.0037118609436221917,1.3777911664787828e-05,2023
LSTM_FINAL_w6_h16_l2_d0.0_e50_lr0.001_b8,220702,San Martin,Buenos Aires,5,0.32168513333287285,0.330702739093784,0.009017605760911152,0.009017605760911152,8.131721365921798e-05,2024
LSTM_FINAL_w6_h16_l2_d0.0_e50_lr0.001_b8,220704,San Martin,Pilluana,1,0.5112912063865597,0.5012984138747177,-0.00999279251184193,0.00999279251184193,9.985590218472416e-05,2020
LSTM_FINAL_w6_h16_l2_d0.0_e50_lr0.001_b8,220704,San Martin,Pilluana,2,0.5091485396067841,0.510589723335458,0.001441183728673967,0.001441183728673967,2.0770105397945986e-06,2021
LSTM_FINAL_w6_h16_l2_d0.0_e50_lr0.001_b8,220704,San Martin,Pilluana,3,0.5087719568579855,0.5022768879598719,-0.006495068898113576,0.006495068898113576,4.21859199912423e-05,2022
LSTM_FINAL_w6_h16_l2_d0.0_e50_lr0.001_b8,220704,San Martin,Pilluana,4,0.5014479165981793,0.5021833345922504,0.0007354179940710637,0.0007354179940710637,5.408396260035071e-07,2023
LSTM_FINAL_w6_h16_l2_d0.0_e50_lr0.001_b8,220704,San Martin,Pilluana,5,0.49199423112482316,0.49233964729512525,0.00034541617030209304,0.00034541617030209304,1.1931233070616455e-07,2024
LSTM_FINAL_w6_h16_l2_d0.0_e50_lr0.001_b8,220705,San Martin,Pucacaca,1,0.475860922276639,0.46993641093032534,-0.005924511346313666,0.005924511346313666,3.5099834692599365e-05,2020
LSTM_FINAL_w6_h16_l2_d0.0_e50_lr0.001_b8,220705,San Martin,Pucacaca,2,0.48073422805681293,0.4685801174024997,-0.01215411065431321,0.01215411065431321,0.0001477224057972899,2021
LSTM_FINAL_w6_h16_l2_d0.0_e50_lr0.001_b8,220705,San Martin,Pucacaca,3,0.485493808477979,0.4750513925628848,-0.010442415915094205,0.010442415915094205,0.00010904405014381275,2022
LSTM_FINAL_w6_h16_l2_d0.0_e50_lr0.001_b8,220705,San Martin,Pucacaca,4,0.4750866288737692,0.4798902696689894,0.004803640795220221,0.004803640795220221,2.3074964889503955e-05,2023
LSTM_FINAL_w6_h16_l2_d0.0_e50_lr0.001_b8,220705,San Martin,Pucacaca,5,0.4454573996739834,0.4643305343913361,0.01887313471735269,0.01887313471735269,0.00035619521405934345,2024
LSTM_FINAL_w6_h16_l2_d0.0_e50_lr0.001_b8,220706,San Martin,San Cristobal,1,0.3861228278142636,0.38516879420725614,-0.0009540336070074651,0.0009540336070074651,9.101801232996743e-07,2020
LSTM_FINAL_w6_h16_l2_d0.0_e50_lr0.001_b8,220706,San Martin,San Cristobal,2,0.3917894096172905,0.3816505010933966,-0.010138908523893875,0.010138908523893875,0.00010279746605588786,2021
LSTM_FINAL_w6_h16_l2_d0.0_e50_lr0.001_b8,220706,San Martin,San Cristobal,3,0.40982204679676504,0.39094526509441974,-0.018876781702345302,0.018876781702345302,0.0003563328874379984,2022
LSTM_FINAL_w6_h16_l2_d0.0_e50_lr0.001_b8,220706,San Martin,San Cristobal,4,0.42614289774691266,0.4134628735586457,-0.01268002418826697,0.01268002418826697,0.00016078301341503542,2023
LSTM_FINAL_w6_h16_l2_d0.0_e50_lr0.001_b8,220706,San Martin,San Cristobal,5,0.4205353870053057,0.4301774474560907,0.009642060450785028,0.009642060450785028,9.296932973659278e-05,2024
LSTM_FINAL_w6_h16_l2_d0.0_e50_lr0.001_b8,220707,San Martin,San Hilarion,1,0.31402356240362006,0.31226003694083415,-0.0017635254627859087,0.0017635254627859087,3.1100220578942535e-06,2020
LSTM_FINAL_w6_h16_l2_d0.0_e50_lr0.001_b8,220707,San Martin,San Hilarion,2,0.3142966950789824,0.30652763273738726,-0.007769062341595134,0.007769062341595134,6.0358329667591674e-05,2021
LSTM_FINAL_w6_h16_l2_d0.0_e50_lr0.001_b8,220707,San Martin,San Hilarion,3,0.32081768091629514,0.3108404638066231,-0.009977217109672032,0.009977217109672032,9.954486125353234e-05,2022
LSTM_FINAL_w6_h16_l2_d0.0_e50_lr0.001_b8,220707,San Martin,San Hilarion,4,0.31746331283722384,0.31836840870097427,0.0009050958637504269,0.0009050958637504269,8.191985225781314e-07,2023
LSTM_FINAL_w6_h16_l2_d0.0_e50_lr0.001_b8,220707,San Martin,San Hilarion,5,0.3020740709531431,0.31375875848291207,0.011684687529768978,0.011684687529768978,0.00013653192266833866,2024
LSTM_FINAL_w6_h16_l2_d0.0_e50_lr0.001_b8,220708,San Martin,Shamboyacu,1,0.5518028747530201,0.5684909685738776,0.016688093820857453,0.016688093820857453,0.00027849247537374067,2020
LSTM_FINAL_w6_h16_l2_d0.0_e50_lr0.001_b8,220708,San Martin,Shamboyacu,2,0.5357739332454752,0.5346863926984479,-0.0010875405470273103,0.0010875405470273103,1.1827444414284613e-06,2021
LSTM_FINAL_w6_h16_l2_d0.0_e50_lr0.001_b8,220708,San Martin,Shamboyacu,3,0.523747205609258,0.5224155804961412,-0.0013316251131167967,0.0013316251131167967,1.7732254418833214e-06,2022
LSTM_FINAL_w6_h16_l2_d0.0_e50_lr0.001_b8,220708,San Martin,Shamboyacu,4,0.5107277645567759,0.5123789859120585,0.0016512213552826172,0.0016512213552826172,2.726531964141363e-06,2023
LSTM_FINAL_w6_h16_l2_d0.0_e50_lr0.001_b8,220708,San Martin,Shamboyacu,5,0.4962160610849661,0.5002039886970675,0.003987927612101427,0.003987927612101427,1.5903566639360992e-05,2024
LSTM_FINAL_w6_h16_l2_d0.0_e50_lr0.001_b8,220710,San Martin,Tres Unidos,1,0.6648895775978455,0.6664042247283687,0.0015146471305231834,0.0015146471305231834,2.2941559300021134e-06,2020
LSTM_FINAL_w6_h16_l2_d0.0_e50_lr0.001_b8,220710,San Martin,Tres Unidos,2,0.6512029729322971,0.6517140934622455,0.0005111205299483945,0.0005111205299483945,2.6124419613472763e-07,2021
LSTM_FINAL_w6_h16_l2_d0.0_e50_lr0.001_b8,220710,San Martin,Tres Unidos,3,0.6378470703038281,0.6357726677639053,-0.0020744025399228594,0.0020744025399228594,4.30314589763841e-06,2022
LSTM_FINAL_w6_h16_l2_d0.0_e50_lr0.001_b8,220710,San Martin,Tres Unidos,4,0.6259431850947464,0.6225663987843971,-0.0033767863103493223,0.0033767863103493223,1.140268578576259e-05,2023
LSTM_FINAL_w6_h16_l2_d0.0_e50_lr0.001_b8,220710,San Martin,Tres Unidos,5,0.601979673274209,0.6118437328945087,0.009864059620299681,0.009864059620299681,9.729967219282669e-05,2024
LSTM_FINAL_w6_h16_l2_d0.0_e50_lr0.001_b8,220802,San Martin,Awajun,1,0.535580933285348,0.5313628587575239,-0.004218074527824078,0.004218074527824078,1.779215272227832e-05,2020
LSTM_FINAL_w6_h16_l2_d0.0_e50_lr0.001_b8,220802,San Martin,Awajun,2,0.5382086041127926,0.5323121206821773,-0.005896483430615329,0.005896483430615329,3.476851684752112e-05,2021
LSTM_FINAL_w6_h16_l2_d0.0_e50_lr0.001_b8,220802,San Martin,Awajun,3,0.5366646643735703,0.5355659991026415,-0.0010986652709288336,0.0010986652709288336,1.2070653775451273e-06,2022
LSTM_FINAL_w6_h16_l2_d0.0_e50_lr0.001_b8,220802,San Martin,Awajun,4,0.5258710979879169,0.5329328116583002,0.007061713670383329,0.007061713670383329,4.9867799962478796e-05,2023
LSTM_FINAL_w6_h16_l2_d0.0_e50_lr0.001_b8,220802,San Martin,Awajun,5,0.5191631320029675,0.519980575611059,0.0008174436080915504,0.0008174436080915504,6.682140524097322e-07,2024
LSTM_FINAL_w6_h16_l2_d0.0_e50_lr0.001_b8,220803,San Martin,Elias Soplin Vargas,1,0.6579222083690344,0.6586550504433422,0.0007328420743077935,0.0007328420743077935,5.370575058757495e-07,2020
LSTM_FINAL_w6_h16_l2_d0.0_e50_lr0.001_b8,220803,San Martin,Elias Soplin Vargas,2,0.6578644497174388,0.6547144389912052,-0.003150010726233665,0.003150010726233665,9.922567575387143e-06,2021
LSTM_FINAL_w6_h16_l2_d0.0_e50_lr0.001_b8,220803,San Martin,Elias Soplin Vargas,3,0.6580377761495263,0.6563310502696181,-0.0017067258799081664,0.0017067258799081664,2.9129132291483046e-06,2022
LSTM_FINAL_w6_h16_l2_d0.0_e50_lr0.001_b8,220803,San Martin,Elias Soplin Vargas,4,0.6494578716843527,0.6569086367855734,0.00745076510122078,0.00745076510122078,5.5513900593569495e-05,2023
LSTM_FINAL_w6_h16_l2_d0.0_e50_lr0.001_b8,220803,San Martin,Elias Soplin Vargas,5,0.6291843073491689,0.6447640127090047,0.015579705359835883,0.015579705359835883,0.00024272721909929893,2024
LSTM_FINAL_w6_h16_l2_d0.0_e50_lr0.001_b8,220804,San Martin,Nueva Cajamarca,1,0.5888559220624053,0.5853609747002284,-0.0034949473621769256,0.0034949473621769256,1.2214657064387451e-05,2020
LSTM_FINAL_w6_h16_l2_d0.0_e50_lr0.001_b8,220804,San Martin,Nueva Cajamarca,2,0.5891461349944718,0.5844009721523854,-0.00474516284208637,0.00474516284208637,2.25165703979172e-05,2021
LSTM_FINAL_w6_h16_l2_d0.0_e50_lr0.001_b8,220804,San Martin,Nueva Cajamarca,3,0.5879800336269088,0.5860143150255628,-0.001965718601345978,0.001965718601345978,3.8640496196775885e-06,2022
LSTM_FINAL_w6_h16_l2_d0.0_e50_lr0.001_b8,220804,San Martin,Nueva Cajamarca,4,0.5816676010680739,0.5843839108246691,0.0027163097565952032,0.0027163097565952032,7.378338693774292e-06,2023
LSTM_FINAL_w6_h16_l2_d0.0_e50_lr0.001_b8,220804,San Martin,Nueva Cajamarca,5,0.5762816667485862,0.5763870097208074,0.0001053429722212007,0.0001053429722212007,1.1097141796396663e-08,2024
LSTM_FINAL_w6_h16_l2_d0.0_e50_lr0.001_b8,220806,San Martin,Posic,1,0.3292907754126891,0.33885144121571553,0.009560665803026447,0.009560665803026447,9.140633059715933e-05,2020
LSTM_FINAL_w6_h16_l2_d0.0_e50_lr0.001_b8,220806,San Martin,Posic,2,0.3222881856471501,0.3219991147640173,-0.0002890708831327915,0.0002890708831327915,8.3561975475172e-08,2021
LSTM_FINAL_w6_h16_l2_d0.0_e50_lr0.001_b8,220806,San Martin,Posic,3,0.32582330032154644,0.31699355845539223,-0.008829741866154206,0.008829741866154206,7.796434142291636e-05,2022
LSTM_FINAL_w6_h16_l2_d0.0_e50_lr0.001_b8,220806,San Martin,Posic,4,0.3040713063192607,0.3261184411001167,0.02204713478085596,0.02204713478085596,0.00048607615204522857,2023
LSTM_FINAL_w6_h16_l2_d0.0_e50_lr0.001_b8,220806,San Martin,Posic,5,0.279460744907018,0.2928870255123165,0.01342628060529849,0.01342628060529849,0.0001802650108922144,2024
LSTM_FINAL_w6_h16_l2_d0.0_e50_lr0.001_b8,220807,San Martin,San Fernando,1,0.16582372117582095,0.16882982111708728,0.003006099941266327,0.003006099941266327,9.036636856881414e-06,2020
LSTM_FINAL_w6_h16_l2_d0.0_e50_lr0.001_b8,220807,San Martin,San Fernando,2,0.15910584862620902,0.16735058381317047,0.00824473518696145,0.00824473518696145,6.797565830312024e-05,2021
LSTM_FINAL_w6_h16_l2_d0.0_e50_lr0.001_b8,220807,San Martin,San Fernando,3,0.14751040496449414,0.1605857926123389,0.013075387647844772,0.013075387647844772,0.00017096576214141164,2022
LSTM_FINAL_w6_h16_l2_d0.0_e50_lr0.001_b8,220807,San Martin,San Fernando,4,0.13240158972576088,0.15031941628425755,0.017917826558496663,0.017917826558496663,0.0003210485085803684,2023
LSTM_FINAL_w6_h16_l2_d0.0_e50_lr0.001_b8,220807,San Martin,San Fernando,5,0.12130806710589881,0.1344048318906898,0.013096764784790993,0.013096764784790993,0.00017152524782814145,2024
LSTM_FINAL_w6_h16_l2_d0.0_e50_lr0.001_b8,220808,San Martin,Yorongos,1,0.42663130349143996,0.4205531171572593,-0.0060781863341806686,0.0060781863341806686,3.6944349113020635e-05,2020
LSTM_FINAL_w6_h16_l2_d0.0_e50_lr0.001_b8,220808,San Martin,Yorongos,2,0.4260114990229148,0.42270553236577807,-0.0033059666571367274,0.0033059666571367274,1.0929415538099789e-05,2021
LSTM_FINAL_w6_h16_l2_d0.0_e50_lr0.001_b8,220808,San Martin,Yorongos,3,0.4283384394994183,0.41996617972130573,-0.008372259778112567,0.008372259778112567,7.009473379220149e-05,2022
LSTM_FINAL_w6_h16_l2_d0.0_e50_lr0.001_b8,220808,San Martin,Yorongos,4,0.41216956939272503,0.4227477440086854,0.01057817461596039,0.01057817461596039,0.00011189777820574873,2023
LSTM_FINAL_w6_h16_l2_d0.0_e50_lr0.001_b8,220808,San Martin,Yorongos,5,0.4044929183698177,0.40036684069471823,-0.004126077675099482,0.004126077675099482,1.7024516980954348e-05,2024
LSTM_FINAL_w6_h16_l2_d0.0_e50_lr0.001_b8,220809,San Martin,Yuracyacu,1,0.1502809021036437,0.1529290927426264,0.002648190638982695,0.002648190638982695,7.012913660395573e-06,2020
LSTM_FINAL_w6_h16_l2_d0.0_e50_lr0.001_b8,220809,San Martin,Yuracyacu,2,0.14312942953899527,0.14992175610748715,0.00679232656849188,0.00679232656849188,4.613570021304068e-05,2021
LSTM_FINAL_w6_h16_l2_d0.0_e50_lr0.001_b8,220809,San Martin,Yuracyacu,3,0.13867230910503509,0.1423855455551078,0.00371323645007271,0.00371323645007271,1.3788124934148582e-05,2022
LSTM_FINAL_w6_h16_l2_d0.0_e50_lr0.001_b8,220809,San Martin,Yuracyacu,4,0.1295574714431968,0.14053060570032755,0.010973134257130757,0.010973134257130757,0.00012040967542501657,2023
LSTM_FINAL_w6_h16_l2_d0.0_e50_lr0.001_b8,220809,San Martin,Yuracyacu,5,0.12474203788854549,0.12735173958556478,0.0026097016970192954,0.0026097016970192954,6.81054294742539e-06,2024
LSTM_FINAL_w6_h16_l2_d0.0_e50_lr0.001_b8,220902,San Martin,Alberto Leveau,1,0.6091402191337006,0.6170274866947616,0.007887267561060951,0.007887267561060951,6.220898957976436e-05,2020
LSTM_FINAL_w6_h16_l2_d0.0_e50_lr0.001_b8,220902,San Martin,Alberto Leveau,2,0.5906471027764413,0.6077783226254712,0.017131219849029877,0.017131219849029877,0.00029347869351579526,2021
LSTM_FINAL_w6_h16_l2_d0.0_e50_lr0.001_b8,220902,San Martin,Alberto Leveau,3,0.6041995261567777,0.5796964845503592,-0.024503041606418585,0.024503041606418585,0.0006003990479658802,2022
LSTM_FINAL_w6_h16_l2_d0.0_e50_lr0.001_b8,220902,San Martin,Alberto Leveau,4,0.5961538545157183,0.6027614530917739,0.006607598576055529,0.006607598576055529,4.3660358942291057e-05,2023
LSTM_FINAL_w6_h16_l2_d0.0_e50_lr0.001_b8,220902,San Martin,Alberto Leveau,5,0.5823955531538536,0.5892816476184959,0.006886094464642278,0.006886094464642278,4.7418296975977026e-05,2024
LSTM_FINAL_w6_h16_l2_d0.0_e50_lr0.001_b8,220906,San Martin,El Porvenir,1,0.6703442304528944,0.670741146089476,0.00039691563658161844,0.00039691563658161844,1.575420225629914e-07,2020
LSTM_FINAL_w6_h16_l2_d0.0_e50_lr0.001_b8,220906,San Martin,El Porvenir,2,0.6629443212323664,0.6559201145627017,-0.007024206669664634,0.007024206669664634,4.933947933816113e-05,2021
LSTM_FINAL_w6_h16_l2_d0.0_e50_lr0.001_b8,220906,San Martin,El Porvenir,3,0.6372517283972688,0.6482555149953927,0.011003786598123844,0.011003786598123844,0.00012108331949704992,2022
LSTM_FINAL_w6_h16_l2_d0.0_e50_lr0.001_b8,220906,San Martin,El Porvenir,4,0.6128608000310595,0.616890352487445,0.004029552456385477,0.004029552456385477,1.623729299876223e-05,2023
LSTM_FINAL_w6_h16_l2_d0.0_e50_lr0.001_b8,220906,San Martin,El Porvenir,5,0.5942177156127206,0.5911916708279221,-0.0030260447847985095,0.0030260447847985095,9.156947039606257e-06,2024
LSTM_FINAL_w6_h16_l2_d0.0_e50_lr0.001_b8,220908,San Martin,Juan Guerra,1,0.28659177416478754,0.28048412170618575,-0.006107652458601787,0.006107652458601787,3.7303418555064446e-05,2020
LSTM_FINAL_w6_h16_l2_d0.0_e50_lr0.001_b8,220908,San Martin,Juan Guerra,2,0.28707241902429603,0.2922480081211226,0.005175589096826583,0.005175589096826583,2.6786722499190203e-05,2021
LSTM_FINAL_w6_h16_l2_d0.0_e50_lr0.001_b8,220908,San Martin,Juan Guerra,3,0.29683364376326477,0.2854520976642643,-0.011381546099000439,0.011381546099000439,0.0001295395916036721,2022
LSTM_FINAL_w6_h16_l2_d0.0_e50_lr0.001_b8,220908,San Martin,Juan Guerra,4,0.29771174689033986,0.30153411526503526,0.0038223683746954062,0.0038223683746954062,1.4610499991871601e-05,2023
LSTM_FINAL_w6_h16_l2_d0.0_e50_lr0.001_b8,220908,San Martin,Juan Guerra,5,0.2936260889139646,0.29519335863071305,0.0015672697167484761,0.0015672697167484761,2.4563343650368486e-06,2024
LSTM_FINAL_w6_h16_l2_d0.0_e50_lr0.001_b8,220909,San Martin,La Banda De Shilcayo,1,0.7179674438389634,0.7142731868540424,-0.003694256984920985,0.003694256984920985,1.3647534670637486e-05,2020
LSTM_FINAL_w6_h16_l2_d0.0_e50_lr0.001_b8,220909,San Martin,La Banda De Shilcayo,2,0.7108772380983255,0.7125522011366199,0.001674963038294397,0.001674963038294397,2.8055011796523977e-06,2021
LSTM_FINAL_w6_h16_l2_d0.0_e50_lr0.001_b8,220909,San Martin,La Banda De Shilcayo,3,0.7059627176019376,0.7025614939682729,-0.003401223633664685,0.003401223633664685,1.1568322206199205e-05,2022
LSTM_FINAL_w6_h16_l2_d0.0_e50_lr0.001_b8,220909,San Martin,La Banda De Shilcayo,4,0.701091531868403,0.6984570710552748,-0.0026344608131282365,0.0026344608131282365,6.940383775908289e-06,2023
LSTM_FINAL_w6_h16_l2_d0.0_e50_lr0.001_b8,220909,San Martin,La Banda De Shilcayo,5,0.6972964969521642,0.6936656268378931,-0.003630870114271101,0.003630870114271101,1.3183217786707036e-05,2024
LSTM_FINAL_w6_h16_l2_d0.0_e50_lr0.001_b8,220910,San Martin,Morales,1,0.11005750960282618,0.10969003485201523,-0.0003674747508109477,0.0003674747508109477,1.350376924835681e-07,2020
LSTM_FINAL_w6_h16_l2_d0.0_e50_lr0.001_b8,220910,San Martin,Morales,2,0.10690247638514944,0.11230521333618604,0.005402736951036602,0.005402736951036602,2.9189566562096278e-05,2021
LSTM_FINAL_w6_h16_l2_d0.0_e50_lr0.001_b8,220910,San Martin,Morales,3,0.10486925070346476,0.10860868487272302,0.00373943416925826,0.00373943416925826,1.3983367906216214e-05,2022
LSTM_FINAL_w6_h16_l2_d0.0_e50_lr0.001_b8,220910,San Martin,Morales,4,0.1050269922688884,0.10709353296919055,0.002066540700302155,0.002066540700302155,4.270590466005322e-06,2023
LSTM_FINAL_w6_h16_l2_d0.0_e50_lr0.001_b8,220910,San Martin,Morales,5,0.0945277893902417,0.10737183956789881,0.012844050177657107,0.012844050177657107,0.00016496962496617357,2024
LSTM_FINAL_w6_h16_l2_d0.0_e50_lr0.001_b8,220912,San Martin,San Antonio,1,0.7783376521723155,0.7808487717006077,0.002511119528292194,0.002511119528292194,6.3057212853704105e-06,2020
LSTM_FINAL_w6_h16_l2_d0.0_e50_lr0.001_b8,220912,San Martin,San Antonio,2,0.7660016307899244,0.7665167768846224,0.000515146094697938,0.000515146094697938,2.6537549888253695e-07,2021
LSTM_FINAL_w6_h16_l2_d0.0_e50_lr0.001_b8,220912,San Martin,San Antonio,3,0.7495460559235798,0.7524696002391661,0.0029235443155862795,0.0029235443155862795,8.547111365196847e-06,2022
LSTM_FINAL_w6_h16_l2_d0.0_e50_lr0.001_b8,220912,San Martin,San Antonio,4,0.7346792793428326,0.7343828009157876,-0.0002964784270450549,0.0002964784270450549,8.789945770310994e-08,2023
LSTM_FINAL_w6_h16_l2_d0.0_e50_lr0.001_b8,220912,San Martin,San Antonio,5,0.7255776541145142,0.720332482058348,-0.0052451720561662585,0.0052451720561662585,2.7511829898787374e-05,2024
LSTM_FINAL_w6_h16_l2_d0.0_e50_lr0.001_b8,220913,San Martin,Sauce,1,0.645235420222442,0.6448461014196512,-0.00038931880279080566,0.00038931880279080566,1.5156913020646623e-07,2020
LSTM_FINAL_w6_h16_l2_d0.0_e50_lr0.001_b8,220913,San Martin,Sauce,2,0.6320173711028281,0.6402116542275044,0.008194283124676294,0.008194283124676294,6.714627592735468e-05,2021
LSTM_FINAL_w6_h16_l2_d0.0_e50_lr0.001_b8,220913,San Martin,Sauce,3,0.6290673577525637,0.620743297487182,-0.008324060265381683,0.008324060265381683,6.928997930170618e-05,2022
LSTM_FINAL_w6_h16_l2_d0.0_e50_lr0.001_b8,220913,San Martin,Sauce,4,0.6163952963585193,0.62095860210466,0.004563305746140722,0.004563305746140722,2.0823759332760935e-05,2023
LSTM_FINAL_w6_h16_l2_d0.0_e50_lr0.001_b8,220913,San Martin,Sauce,5,0.5985980600719577,0.604928374214649,0.006330314142691251,0.006330314142691251,4.0072877145156874e-05,2024
LSTM_FINAL_w6_h16_l2_d0.0_e50_lr0.001_b8,220914,San Martin,Shapaja,1,0.6892116612352415,0.6916034271854714,0.0023917659502299404,0.0023917659502299404,5.72054436067933e-06,2020
LSTM_FINAL_w6_h16_l2_d0.0_e50_lr0.001_b8,220914,San Martin,Shapaja,2,0.6752288936257789,0.6855903691888229,0.01036147556304401,0.01036147556304401,0.00010736017584355817,2021
LSTM_FINAL_w6_h16_l2_d0.0_e50_lr0.001_b8,220914,San Martin,Shapaja,3,0.6723076081694095,0.6680167852033816,-0.004290822966027896,0.004290822966027896,1.8411161725792433e-05,2022
LSTM_FINAL_w6_h16_l2_d0.0_e50_lr0.001_b8,220914,San Martin,Shapaja,4,0.6692144222647041,0.6673667511412585,-0.0018476711234455268,0.0018476711234455268,3.413888580414455e-06,2023
LSTM_FINAL_w6_h16_l2_d0.0_e50_lr0.001_b8,220914,San Martin,Shapaja,5,0.6604915282253052,0.6653248938411138,0.004833365615808605,0.004833365615808605,2.3361423176080893e-05,2024
LSTM_FINAL_w6_h16_l2_d0.0_e50_lr0.001_b8,221001,San Martin,Tocache,1,0.6162955721408585,0.6097729394816027,-0.006522632659255789,0.006522632659255789,4.2544736807590246e-05,2020
LSTM_FINAL_w6_h16_l2_d0.0_e50_lr0.001_b8,221001,San Martin,Tocache,2,0.6148580921841407,0.6142599172390663,-0.0005981749450744145,0.0005981749450744145,3.578132649147788e-07,2021
LSTM_FINAL_w6_h16_l2_d0.0_e50_lr0.001_b8,221001,San Martin,Tocache,3,0.6148572529990126,0.6111284127532881,-0.0037288402457245073,0.0037288402457245073,1.3904249578134803e-05,2022
LSTM_FINAL_w6_h16_l2_d0.0_e50_lr0.001_b8,221001,San Martin,Tocache,4,0.6140387067773788,0.6114714249421331,-0.0025672818352456828,0.0025672818352456828,6.590936021582441e-06,2023
LSTM_FINAL_w6_h16_l2_d0.0_e50_lr0.001_b8,221001,San Martin,Tocache,5,0.6039234973462742,0.610551021836874,0.00662752449059989,0.00662752449059989,4.392408087350133e-05,2024
LSTM_FINAL_w6_h16_l2_d0.0_e50_lr0.001_b8,221002,San Martin,Nuevo Progreso,1,0.6973143785360206,0.6980436619606125,0.0007292834245918867,0.0007292834245918867,5.318543133844701e-07,2020
LSTM_FINAL_w6_h16_l2_d0.0_e50_lr0.001_b8,221002,San Martin,Nuevo Progreso,2,0.6897875693809405,0.6908863718870313,0.0010988025060907347,0.0010988025060907347,1.2073669473912792e-06,2021
LSTM_FINAL_w6_h16_l2_d0.0_e50_lr0.001_b8,221002,San Martin,Nuevo Progreso,3,0.6870881316621831,0.6809348603428607,-0.0061532713193224176,0.0061532713193224176,3.786274792919584e-05,2022
LSTM_FINAL_w6_h16_l2_d0.0_e50_lr0.001_b8,221002,San Martin,Nuevo Progreso,4,0.6772488311579923,0.6795740427869387,0.0023252116289463887,0.0023252116289463887,5.406609119387518e-06,2023
LSTM_FINAL_w6_h16_l2_d0.0_e50_lr0.001_b8,221002,San Martin,Nuevo Progreso,5,0.6710181276590347,0.6682594926856049,-0.0027586349734297633,0.0027586349734297633,7.610066916629831e-06,2024
LSTM_FINAL_w6_h16_l2_d0.0_e50_lr0.001_b8,221005,San Martin,Uchiza,1,0.5566792486066416,0.5579204444238403,0.0012411958171986148,0.0012411958171986148,1.5405670566313373e-06,2020
LSTM_FINAL_w6_h16_l2_d0.0_e50_lr0.001_b8,221005,San Martin,Uchiza,2,0.5523026599740771,0.553267650310219,0.0009649903361418355,0.0009649903361418355,9.312063488471326e-07,2021
LSTM_FINAL_w6_h16_l2_d0.0_e50_lr0.001_b8,221005,San Martin,Uchiza,3,0.548494816442726,0.5483707621660142,-0.0001240542767118047,0.0001240542767118047,1.5389463570489007e-08,2022
LSTM_FINAL_w6_h16_l2_d0.0_e50_lr0.001_b8,221005,San Martin,Uchiza,4,0.5418771507999651,0.544972090790878,0.003094939990912926,0.003094939990912926,9.578653547352103e-06,2023
LSTM_FINAL_w6_h16_l2_d0.0_e50_lr0.001_b8,221005,San Martin,Uchiza,5,0.5332618357194774,0.5375783050979197,0.0043164693784423225,0.0043164693784423225,1.8631907895030248e-05,2024
LSTM_FINAL_w6_h16_l2_d0.0_e50_lr0.001_b8,221006,San Martin,Santa Lucia,1,0.18282487994932767,0.19009189505581764,0.007267015106489971,0.007267015106489971,5.280950855795345e-05,2020
LSTM_FINAL_w6_h16_l2_d0.0_e50_lr0.001_b8,221006,San Martin,Santa Lucia,2,0.1769483630517098,0.1848437953161971,0.007895432264487301,0.007895432264487301,6.233785064310707e-05,2021
LSTM_FINAL_w6_h16_l2_d0.0_e50_lr0.001_b8,221006,San Martin,Santa Lucia,3,0.177307811911672,0.17883707222081596,0.001529260309143965,0.001529260309143965,2.338637093123095e-06,2022
LSTM_FINAL_w6_h16_l2_d0.0_e50_lr0.001_b8,221006,San Martin,Santa Lucia,4,0.17461358597423604,0.18146497098482256,0.006851385010586519,0.006851385010586519,4.694147656328964e-05,2023
LSTM_FINAL_w6_h16_l2_d0.0_e50_lr0.001_b8,221006,San Martin,Santa Lucia,5,0.1692812143807036,0.17739367380056337,0.008112459419859774,0.008112459419859774,6.581199783887159e-05,2024
LSTM_FINAL_w6_h16_l2_d0.0_e50_lr0.001_b8,250102,Ucayali,Campoverde,1,0.24821923285737452,0.2609087215395669,0.012689488682192385,0.012689488682192385,0.00016102312301548863,2020
LSTM_FINAL_w6_h16_l2_d0.0_e50_lr0.001_b8,250102,Ucayali,Campoverde,2,0.23372959743056743,0.23799800847497998,0.004268411044412557,0.004268411044412557,1.821933284406309e-05,2021
LSTM_FINAL_w6_h16_l2_d0.0_e50_lr0.001_b8,250102,Ucayali,Campoverde,3,0.21248107664713828,0.22524082973223297,0.012759753085094694,0.012759753085094694,0.00016281129879258357,2022
LSTM_FINAL_w6_h16_l2_d0.0_e50_lr0.001_b8,250102,Ucayali,Campoverde,4,0.18274664013287756,0.20410676622867524,0.021360126095797682,0.021360126095797682,0.00045625498682837717,2023
LSTM_FINAL_w6_h16_l2_d0.0_e50_lr0.001_b8,250102,Ucayali,Campoverde,5,0.15876643925471828,0.17510589109026065,0.016339451835542362,0.016339451835542362,0.00026697768628600866,2024
LSTM_FINAL_w6_h16_l2_d0.0_e50_lr0.001_b8,250105,Ucayali,Yarinacocha,1,0.2701689843054006,0.2734666916141717,0.003297707308771103,0.003297707308771103,1.087487349432235e-05,2020
LSTM_FINAL_w6_h16_l2_d0.0_e50_lr0.001_b8,250105,Ucayali,Yarinacocha,2,0.26252550948853315,0.26372146817959957,0.0011959586910664233,0.0011959586910664233,1.4303171907373125e-06,2021
LSTM_FINAL_w6_h16_l2_d0.0_e50_lr0.001_b8,250105,Ucayali,Yarinacocha,3,0.24914168029332157,0.2559953620211006,0.00685368172777906,0.00685368172777906,4.6972953225692556e-05,2022
LSTM_FINAL_w6_h16_l2_d0.0_e50_lr0.001_b8,250105,Ucayali,Yarinacocha,4,0.22689333037161113,0.24125818591050552,0.014364855538894383,0.014364855538894383,0.00020634907465330466,2023
LSTM_FINAL_w6_h16_l2_d0.0_e50_lr0.001_b8,250105,Ucayali,Yarinacocha,5,0.1846394632020099,0.2178566315716211,0.033217168369611194,0.033217168369611194,0.0011033802744950985,2024
LSTM_FINAL_w6_h16_l2_d0.0_e50_lr0.001_b8,250106,Ucayali,Nueva Requena,1,0.7304465178922058,0.7371010666677941,0.006654548775588243,0.006654548775588243,4.428301940668298e-05,2020
LSTM_FINAL_w6_h16_l2_d0.0_e50_lr0.001_b8,250106,Ucayali,Nueva Requena,2,0.6957867713584823,0.7076490127942922,0.011862241435809828,0.011862241435809828,0.0001407127718814436,2021
LSTM_FINAL_w6_h16_l2_d0.0_e50_lr0.001_b8,250106,Ucayali,Nueva Requena,3,0.6512524533065392,0.6678585010069729,0.016606047700433613,0.016606047700433613,0.0002757608202290765,2022
LSTM_FINAL_w6_h16_l2_d0.0_e50_lr0.001_b8,250106,Ucayali,Nueva Requena,4,0.6156661517465051,0.6197292022017239,0.00406305045521882,0.00406305045521882,1.6508379001653857e-05,2023
LSTM_FINAL_w6_h16_l2_d0.0_e50_lr0.001_b8,250106,Ucayali,Nueva Requena,5,0.5708956693324723,0.5878618031687923,0.016966133836320063,0.016966133836320063,0.00028784969735192454,2024
LSTM_FINAL_w6_h16_l2_d0.0_e50_lr0.001_b8,250302,Ucayali,Irazola,1,0.7117496751483706,0.7089068566563056,-0.0028428184920650246,0.0028428184920650246,8.08161697882686e-06,2020
LSTM_FINAL_w6_h16_l2_d0.0_e50_lr0.001_b8,250302,Ucayali,Irazola,2,0.6837468750620297,0.6938025212780303,0.010055646216000635,0.010055646216000635,0.0001011160208213679,2021
LSTM_FINAL_w6_h16_l2_d0.0_e50_lr0.001_b8,250302,Ucayali,Irazola,3,0.6615776356902106,0.6597912187714503,-0.0017864169187602474,0.0017864169187602474,3.1912854076328564e-06,2022
LSTM_FINAL_w6_h16_l2_d0.0_e50_lr0.001_b8,250302,Ucayali,Irazola,4,0.6501888082405503,0.6390049817293144,-0.01118382651123584,0.01118382651123584,0.0001250779754334216,2023
LSTM_FINAL_w6_h16_l2_d0.0_e50_lr0.001_b8,250302,Ucayali,Irazola,5,0.625083026648154,0.6324841347045792,0.007401108056425243,0.007401108056425243,5.4776400462882634e-05,2024
LSTM_FINAL_w6_h16_l2_d0.0_e50_lr0.001_b8,250304,Ucayali,Neshuya,1,0.33361011805374563,0.33436480418003334,0.0007546861262877069,0.0007546861262877069,5.695511492111447e-07,2020
LSTM_FINAL_w6_h16_l2_d0.0_e50_lr0.001_b8,250304,Ucayali,Neshuya,2,0.3085043743193251,0.32171427135483793,0.013209897035512841,0.013209897035512841,0.00017450137968885095,2021
LSTM_FINAL_w6_h16_l2_d0.0_e50_lr0.001_b8,250304,Ucayali,Neshuya,3,0.2822012332907614,0.2935596103086324,0.011358377017871013,0.011358377017871013,0.0001290127284801004,2022
LSTM_FINAL_w6_h16_l2_d0.0_e50_lr0.001_b8,250304,Ucayali,Neshuya,4,0.26181567244412673,0.2676893373742417,0.005873664930114986,0.005873664930114986,3.449993971126268e-05,2023
LSTM_FINAL_w6_h16_l2_d0.0_e50_lr0.001_b8,250304,Ucayali,Neshuya,5,0.23561881137268292,0.25019231483499443,0.01457350346231151,0.01457350346231151,0.00021238700316600557,2024
LSTM_FINAL_w6_h16_l2_d0.0_e50_lr0.001_b8,250305,Ucayali,Alexander Von Humboldt,1,0.2588474557172125,0.26678776230223156,0.007940306585019041,0.007940306585019041,6.304846866409674e-05,2020
LSTM_FINAL_w6_h16_l2_d0.0_e50_lr0.001_b8,250305,Ucayali,Alexander Von Humboldt,2,0.23740522829144312,0.25064608053175474,0.013240852240311629,0.013240852240311629,0.00017532016804976548,2021
LSTM_FINAL_w6_h16_l2_d0.0_e50_lr0.001_b8,250305,Ucayali,Alexander Von Humboldt,3,0.21002674408239863,0.228159831090735,0.01813308700833638,0.01813308700833638,0.0003288088444518976,2022
LSTM_FINAL_w6_h16_l2_d0.0_e50_lr0.001_b8,250305,Ucayali,Alexander Von Humboldt,4,0.1937933450561219,0.20112461776670282,0.007331272710580927,0.007331272710580927,5.374755955690861e-05,2023
LSTM_FINAL_w6_h16_l2_d0.0_e50_lr0.001_b8,250305,Ucayali,Alexander Von Humboldt,5,0.17695298172474538,0.18857204876329814,0.011619067038552755,0.011619067038552755,0.0001350027188463831,2024
LSTM_FINAL_w6_h16_l2_d0.0_e50_lr0.001_b8,250306,Ucayali,Huipoca,1,0.703303636485278,0.7102642543750892,0.0069606178898111715,0.0069606178898111715,4.8450201407959326e-05,2020
LSTM_FINAL_w6_h16_l2_d0.0_e50_lr0.001_b8,250306,Ucayali,Huipoca,2,0.6751924742531539,0.6814833845528022,0.006290910299648345,0.006290910299648345,3.957555239822163e-05,2021
LSTM_FINAL_w6_h16_l2_d0.0_e50_lr0.001_b8,250306,Ucayali,Huipoca,3,0.646335535138357,0.6506077698383154,0.00427223469995841,0.00427223469995841,1.825198933152873e-05,2022
LSTM_FINAL_w6_h16_l2_d0.0_e50_lr0.001_b8,250306,Ucayali,Huipoca,4,0.6339151788054278,0.6222691947461512,-0.011645984059276637,0.011645984059276637,0.00013562894470892553,2023
LSTM_FINAL_w6_h16_l2_d0.0_e50_lr0.001_b8,250306,Ucayali,Huipoca,5,0.6053742780717886,0.615933113571828,0.010558835500039443,0.010558835500039443,0.00011148900711689319,2024
