window_size,modelo,conv_channels,kernel_size,activation,dropout,dense_size,epochs,lr,batch_size,rmse_train,mae_train,rmse_test,mae_test,gap_rmse,gap_mae,ratio_rmse,ratio_mae
3,CNN_w3_c32_k3_actrelu_d0.0_dense16_e50_lr0.0005_b8,[32],3,relu,0.0,16,50,0.0005,8,0.011042,0.008022,0.011786,0.007998,0.000744,-2.4e-05,1.067339,0.997017
4,CNN_w4_c32_k3_actrelu_d0.0_dense32_e50_lr0.0005_b8,[32],3,relu,0.0,32,50,0.0005,8,0.010312,0.007676,0.011691,0.008003,0.001379,0.000327,1.133753,1.042562
5,CNN_w5_c16x32_k3_actrelu_d0.0_dense32_e50_lr0.001_b8,"[16, 32]",3,relu,0.0,32,50,0.001,8,0.009845,0.007168,0.011656,0.007969,0.001812,0.000801,1.184018,1.111715
6,CNN_w6_c32_k3_actrelu_d0.0_dense32_e50_lr0.001_b16,[32],3,relu,0.0,32,50,0.001,16,0.010557,0.007991,0.011683,0.008049,0.001126,5.8e-05,1.106658,1.007255
7,CNN_w7_c16_k3_actleaky_relu_d0.0_dense16_e50_lr0.0005_b8,[16],3,leaky_relu,0.0,16,50,0.0005,8,0.010253,0.007594,0.011687,0.008017,0.001434,0.000423,1.139906,1.055661
