modelo,geocode,departamento,distrito,horizonte,y_true,y_pred,error,abs_error,squared_error,anio
CNN_FINAL_w5_c16x32_k3_actrelu_d0.0_dense32_e50_lr0.001_b8,010102,Amazonas,Asuncion,1,0.4378221156299433,0.4402644634246826,0.0024423477947393413,0.0024423477947393413,5.965062750468123e-06,2020
CNN_FINAL_w5_c16x32_k3_actrelu_d0.0_dense32_e50_lr0.001_b8,010102,Amazonas,Asuncion,2,0.4525182425881512,0.43361127376556396,-0.018906968822587245,0.018906968822587245,0.0003574734700582861,2021
CNN_FINAL_w5_c16x32_k3_actrelu_d0.0_dense32_e50_lr0.001_b8,010102,Amazonas,Asuncion,3,0.4470071949788233,0.4527585804462433,0.005751385467419989,0.005751385467419989,3.307843479484985e-05,2022
CNN_FINAL_w5_c16x32_k3_actrelu_d0.0_dense32_e50_lr0.001_b8,010102,Amazonas,Asuncion,4,0.440271470122978,0.4427531361579895,0.002481666035011487,0.002481666035011487,6.158666309329636e-06,2023
CNN_FINAL_w5_c16x32_k3_actrelu_d0.0_dense32_e50_lr0.001_b8,010102,Amazonas,Asuncion,5,0.4403990406694902,0.43536457419395447,-0.005034466475535737,0.005034466475535737,2.5345852693293228e-05,2024
CNN_FINAL_w5_c16x32_k3_actrelu_d0.0_dense32_e50_lr0.001_b8,010104,Amazonas,Cheto,1,0.5453453377506892,0.5485339760780334,0.003188638327344284,0.003188638327344284,1.0167414382608955e-05,2020
CNN_FINAL_w5_c16x32_k3_actrelu_d0.0_dense32_e50_lr0.001_b8,010104,Amazonas,Cheto,2,0.5521104676158923,0.5378230214118958,-0.014287446203996579,0.014287446203996579,0.00020413111903209625,2021
CNN_FINAL_w5_c16x32_k3_actrelu_d0.0_dense32_e50_lr0.001_b8,010104,Amazonas,Cheto,3,0.5424875445739865,0.5493558645248413,0.006868319950854795,0.006868319950854795,4.717381894731002e-05,2022
CNN_FINAL_w5_c16x32_k3_actrelu_d0.0_dense32_e50_lr0.001_b8,010104,Amazonas,Cheto,4,0.5340911964796035,0.5361605882644653,0.0020693917848618737,0.0020693917848618737,4.282382359253812e-06,2023
CNN_FINAL_w5_c16x32_k3_actrelu_d0.0_dense32_e50_lr0.001_b8,010104,Amazonas,Cheto,5,0.5357477049138869,0.5280706286430359,-0.007677076270851013,0.007677076270851013,5.89375000684637e-05,2024
CNN_FINAL_w5_c16x32_k3_actrelu_d0.0_dense32_e50_lr0.001_b8,010105,Amazonas,Chiliquin,1,0.5714303656767501,0.5709153413772583,-0.0005150242994917953,0.0005150242994917953,2.6525002906701446e-07,2020
CNN_FINAL_w5_c16x32_k3_actrelu_d0.0_dense32_e50_lr0.001_b8,010105,Amazonas,Chiliquin,2,0.5850451208560717,0.5675199627876282,-0.01752515806844357,0.01752515806844357,0.00030713116532393275,2021
CNN_FINAL_w5_c16x32_k3_actrelu_d0.0_dense32_e50_lr0.001_b8,010105,Amazonas,Chiliquin,3,0.5817105106161179,0.5848449468612671,0.003134436245149197,0.003134436245149197,9.824690574904997e-06,2022
CNN_FINAL_w5_c16x32_k3_actrelu_d0.0_dense32_e50_lr0.001_b8,010105,Amazonas,Chiliquin,4,0.5734085242936717,0.577904462814331,0.004495938520659326,0.004495938520659326,2.021346318154837e-05,2023
CNN_FINAL_w5_c16x32_k3_actrelu_d0.0_dense32_e50_lr0.001_b8,010105,Amazonas,Chiliquin,5,0.576341222941616,0.5684396028518677,-0.007901620089748373,0.007901620089748373,6.24356000427151e-05,2024
CNN_FINAL_w5_c16x32_k3_actrelu_d0.0_dense32_e50_lr0.001_b8,010109,Amazonas,La Jalca,1,0.3125219422372842,0.3015739619731903,-0.010947980264093882,0.010947980264093882,0.00011985827186298914,2020
CNN_FINAL_w5_c16x32_k3_actrelu_d0.0_dense32_e50_lr0.001_b8,010109,Amazonas,La Jalca,2,0.3174441682011306,0.30837810039520264,-0.009066067805927946,0.009066067805927946,8.219358546168317e-05,2021
CNN_FINAL_w5_c16x32_k3_actrelu_d0.0_dense32_e50_lr0.001_b8,010109,Amazonas,La Jalca,3,0.3227747884589205,0.314225971698761,-0.008548816760159506,0.008548816760159506,7.308226799878407e-05,2022
CNN_FINAL_w5_c16x32_k3_actrelu_d0.0_dense32_e50_lr0.001_b8,010109,Amazonas,La Jalca,4,0.3151442634931325,0.31962549686431885,0.004481233371186333,0.004481233371186333,2.0081452527034026e-05,2023
CNN_FINAL_w5_c16x32_k3_actrelu_d0.0_dense32_e50_lr0.001_b8,010109,Amazonas,La Jalca,5,0.3206683336796326,0.3096168637275696,-0.01105146995206302,0.01105146995206302,0.0001221349881013518,2024
CNN_FINAL_w5_c16x32_k3_actrelu_d0.0_dense32_e50_lr0.001_b8,010111,Amazonas,Levanto,1,0.2398626572728676,0.22761234641075134,-0.012250310862116254,0.012250310862116254,0.00015007011621848346,2020
CNN_FINAL_w5_c16x32_k3_actrelu_d0.0_dense32_e50_lr0.001_b8,010111,Amazonas,Levanto,2,0.2406111513740213,0.2335255742073059,-0.007085577166715401,0.007085577166715401,5.020540378547865e-05,2021
CNN_FINAL_w5_c16x32_k3_actrelu_d0.0_dense32_e50_lr0.001_b8,010111,Amazonas,Levanto,3,0.2381874561893333,0.23579248785972595,-0.0023949683296073387,0.0023949683296073387,5.735873299822166e-06,2022
CNN_FINAL_w5_c16x32_k3_actrelu_d0.0_dense32_e50_lr0.001_b8,010111,Amazonas,Levanto,4,0.2314034858439568,0.23201806843280792,0.0006145825888511092,0.0006145825888511092,3.777117585189315e-07,2023
CNN_FINAL_w5_c16x32_k3_actrelu_d0.0_dense32_e50_lr0.001_b8,010111,Amazonas,Levanto,5,0.2335776829949268,0.22569219768047333,-0.007885485314453461,0.007885485314453461,6.21808786444612e-05,2024
CNN_FINAL_w5_c16x32_k3_actrelu_d0.0_dense32_e50_lr0.001_b8,010112,Amazonas,Magdalena,1,0.3664946897194544,0.3586924076080322,-0.0078022821114221985,0.0078022821114221985,6.087560614621884e-05,2020
CNN_FINAL_w5_c16x32_k3_actrelu_d0.0_dense32_e50_lr0.001_b8,010112,Amazonas,Magdalena,2,0.3710304176020375,0.3625759780406952,-0.008454439561342286,0.008454439561342286,7.147754829638955e-05,2021
CNN_FINAL_w5_c16x32_k3_actrelu_d0.0_dense32_e50_lr0.001_b8,010112,Amazonas,Magdalena,3,0.381020834153834,0.3678629994392395,-0.013157834714594474,0.013157834714594474,0.00017312861437658743,2022
CNN_FINAL_w5_c16x32_k3_actrelu_d0.0_dense32_e50_lr0.001_b8,010112,Amazonas,Magdalena,4,0.3749491289564544,0.37925130128860474,0.004302172332150356,0.004302172332150356,1.8508686775520032e-05,2023
CNN_FINAL_w5_c16x32_k3_actrelu_d0.0_dense32_e50_lr0.001_b8,010112,Amazonas,Magdalena,5,0.3842240688958029,0.3698660731315613,-0.014357995764241627,0.014357995764241627,0.0002061520423659805,2024
CNN_FINAL_w5_c16x32_k3_actrelu_d0.0_dense32_e50_lr0.001_b8,010114,Amazonas,Molinopampa,1,0.549169769416683,0.547768235206604,-0.0014015342100790473,0.0014015342100790473,1.964298142021899e-06,2020
CNN_FINAL_w5_c16x32_k3_actrelu_d0.0_dense32_e50_lr0.001_b8,010114,Amazonas,Molinopampa,2,0.5483545626755504,0.5455461740493774,-0.002808388626172942,0.002808388626172942,7.887046675617543e-06,2021
CNN_FINAL_w5_c16x32_k3_actrelu_d0.0_dense32_e50_lr0.001_b8,010114,Amazonas,Molinopampa,3,0.5366255144032922,0.5450671911239624,0.0084416767206702,0.0084416767206702,7.126190585630516e-05,2022
CNN_FINAL_w5_c16x32_k3_actrelu_d0.0_dense32_e50_lr0.001_b8,010114,Amazonas,Molinopampa,4,0.5230152198053433,0.530144989490509,0.0071297696851657655,0.0071297696851657655,5.083361576350874e-05,2023
CNN_FINAL_w5_c16x32_k3_actrelu_d0.0_dense32_e50_lr0.001_b8,010114,Amazonas,Molinopampa,5,0.5128930694362793,0.5152428150177002,0.00234974558142087,0.00234974558142087,5.5213042974069026e-06,2024
CNN_FINAL_w5_c16x32_k3_actrelu_d0.0_dense32_e50_lr0.001_b8,010115,Amazonas,Montevideo,1,0.6583167201178816,0.65196293592453,-0.0063537841933515304,0.0063537841933515304,4.0370573575683756e-05,2020
CNN_FINAL_w5_c16x32_k3_actrelu_d0.0_dense32_e50_lr0.001_b8,010115,Amazonas,Montevideo,2,0.6555285891768513,0.650336503982544,-0.005192085194307361,0.005192085194307361,2.6957748664945704e-05,2021
CNN_FINAL_w5_c16x32_k3_actrelu_d0.0_dense32_e50_lr0.001_b8,010115,Amazonas,Montevideo,3,0.6586851001126809,0.650800347328186,-0.007884752784494853,0.007884752784494853,6.216932647259934e-05,2022
CNN_FINAL_w5_c16x32_k3_actrelu_d0.0_dense32_e50_lr0.001_b8,010115,Amazonas,Montevideo,4,0.6546329201698882,0.6561297178268433,0.0014967976569550956,0.0014967976569550956,2.240403225866264e-06,2023
CNN_FINAL_w5_c16x32_k3_actrelu_d0.0_dense32_e50_lr0.001_b8,010115,Amazonas,Montevideo,5,0.5954754268874057,0.6514003276824951,0.05592490079508938,0.05592490079508938,0.0031275945289405893,2024
CNN_FINAL_w5_c16x32_k3_actrelu_d0.0_dense32_e50_lr0.001_b8,010117,Amazonas,Quinjalca,1,0.3444044255612828,0.34988322854042053,0.00547880297913772,0.00547880297913772,3.001728208420836e-05,2020
CNN_FINAL_w5_c16x32_k3_actrelu_d0.0_dense32_e50_lr0.001_b8,010117,Amazonas,Quinjalca,2,0.3485560851467638,0.3382982611656189,-0.010257823981144887,0.010257823981144887,0.00010522295282815114,2021
CNN_FINAL_w5_c16x32_k3_actrelu_d0.0_dense32_e50_lr0.001_b8,010117,Amazonas,Quinjalca,3,0.3412448508637609,0.3448711633682251,0.003626312504464213,0.003626312504464213,1.3150142380033513e-05,2022
CNN_FINAL_w5_c16x32_k3_actrelu_d0.0_dense32_e50_lr0.001_b8,010117,Amazonas,Quinjalca,4,0.339541052904005,0.3354402780532837,-0.0041007748507213004,0.0041007748507213004,1.6816354376308303e-05,2023
CNN_FINAL_w5_c16x32_k3_actrelu_d0.0_dense32_e50_lr0.001_b8,010117,Amazonas,Quinjalca,5,0.3426574934759635,0.3344936668872833,-0.0081638265886802,0.0081638265886802,6.664806457004181e-05,2024
CNN_FINAL_w5_c16x32_k3_actrelu_d0.0_dense32_e50_lr0.001_b8,010119,Amazonas,San Isidro De Maino,1,0.3787988601360589,0.36297374963760376,-0.01582511049845514,0.01582511049845514,0.0002504341222883151,2020
CNN_FINAL_w5_c16x32_k3_actrelu_d0.0_dense32_e50_lr0.001_b8,010119,Amazonas,San Isidro De Maino,2,0.391960005929928,0.3759653568267822,-0.015994649103145797,0.015994649103145797,0.00025582879993276265,2021
CNN_FINAL_w5_c16x32_k3_actrelu_d0.0_dense32_e50_lr0.001_b8,010119,Amazonas,San Isidro De Maino,3,0.3945378774152103,0.39082232117652893,-0.003715556238681361,0.003715556238681361,1.3805358162803985e-05,2022
CNN_FINAL_w5_c16x32_k3_actrelu_d0.0_dense32_e50_lr0.001_b8,010119,Amazonas,San Isidro De Maino,4,0.3774152102653643,0.39137589931488037,0.013960689049516084,0.013960689049516084,0.0001949008387372783,2023
CNN_FINAL_w5_c16x32_k3_actrelu_d0.0_dense32_e50_lr0.001_b8,010119,Amazonas,San Isidro De Maino,5,0.3873725477276845,0.36916273832321167,-0.01820980940447281,0.01820980940447281,0.0003315971585472264,2024
CNN_FINAL_w5_c16x32_k3_actrelu_d0.0_dense32_e50_lr0.001_b8,010120,Amazonas,Soloco,1,0.511268359398228,0.5125073790550232,0.0012390196567951817,0.0012390196567951817,1.5351697099248497e-06,2020
CNN_FINAL_w5_c16x32_k3_actrelu_d0.0_dense32_e50_lr0.001_b8,010120,Amazonas,Soloco,2,0.5130760539929833,0.5063527226448059,-0.006723331348177375,0.006723331348177375,4.5203184417384596e-05,2021
CNN_FINAL_w5_c16x32_k3_actrelu_d0.0_dense32_e50_lr0.001_b8,010120,Amazonas,Soloco,3,0.5114943212225724,0.5104070901870728,-0.0010872310354996806,0.0010872310354996806,1.1820713245537078e-06,2022
CNN_FINAL_w5_c16x32_k3_actrelu_d0.0_dense32_e50_lr0.001_b8,010120,Amazonas,Soloco,4,0.4987691026937028,0.5079897046089172,0.009220601915214455,0.009220601915214455,8.501949967885647e-05,2023
CNN_FINAL_w5_c16x32_k3_actrelu_d0.0_dense32_e50_lr0.001_b8,010120,Amazonas,Soloco,5,0.5010762918475352,0.4921727776527405,-0.008903514194794737,0.008903514194794737,7.927256501691137e-05,2024
CNN_FINAL_w5_c16x32_k3_actrelu_d0.0_dense32_e50_lr0.001_b8,010202,Amazonas,Aramango,1,0.7765053590401141,0.7751275897026062,-0.0013777693375078837,0.0013777693375078837,1.8982483473769125e-06,2020
CNN_FINAL_w5_c16x32_k3_actrelu_d0.0_dense32_e50_lr0.001_b8,010202,Amazonas,Aramango,2,0.7667943699796851,0.7727384567260742,0.005944086746389132,0.005944086746389132,3.533216724859894e-05,2021
CNN_FINAL_w5_c16x32_k3_actrelu_d0.0_dense32_e50_lr0.001_b8,010202,Amazonas,Aramango,3,0.7618062116644921,0.7596514225006104,-0.0021547891638817873,0.0021547891638817873,4.643116340782372e-06,2022
CNN_FINAL_w5_c16x32_k3_actrelu_d0.0_dense32_e50_lr0.001_b8,010202,Amazonas,Aramango,4,0.7634823897477427,0.7537363767623901,-0.009746012985352603,0.009746012985352603,9.498476911066156e-05,2023
CNN_FINAL_w5_c16x32_k3_actrelu_d0.0_dense32_e50_lr0.001_b8,010202,Amazonas,Aramango,5,0.7633451115702432,0.7574144005775452,-0.005930710992698041,0.005930710992698041,3.517333287890938e-05,2024
CNN_FINAL_w5_c16x32_k3_actrelu_d0.0_dense32_e50_lr0.001_b8,010203,Amazonas,Copallin,1,0.5152659741894869,0.5253080129623413,0.010042038772854367,0.010042038772854367,0.00010084254271551044,2020
CNN_FINAL_w5_c16x32_k3_actrelu_d0.0_dense32_e50_lr0.001_b8,010203,Amazonas,Copallin,2,0.5184765502045955,0.509649395942688,-0.0088271542619075,0.0088271542619075,7.791865236351173e-05,2021
CNN_FINAL_w5_c16x32_k3_actrelu_d0.0_dense32_e50_lr0.001_b8,010203,Amazonas,Copallin,3,0.521354377445029,0.5163543820381165,-0.0049999954069125385,0.0049999954069125385,2.4999954069146483e-05,2022
CNN_FINAL_w5_c16x32_k3_actrelu_d0.0_dense32_e50_lr0.001_b8,010203,Amazonas,Copallin,4,0.5140968568730608,0.5190072059631348,0.004910349090073929,0.004910349090073929,2.4111528186389862e-05,2023
CNN_FINAL_w5_c16x32_k3_actrelu_d0.0_dense32_e50_lr0.001_b8,010203,Amazonas,Copallin,5,0.5169836773236207,0.5092017650604248,-0.0077819122631959114,0.0077819122631959114,6.055815847207891e-05,2024
CNN_FINAL_w5_c16x32_k3_actrelu_d0.0_dense32_e50_lr0.001_b8,010204,Amazonas,El Parco,1,0.2788386212299256,0.2876976728439331,0.008859051614007518,0.008859051614007518,7.848279549964921e-05,2020
CNN_FINAL_w5_c16x32_k3_actrelu_d0.0_dense32_e50_lr0.001_b8,010204,Amazonas,El Parco,2,0.2594496670583627,0.2704673409461975,0.011017673887834811,0.011017673887834811,0.00012138913789867704,2021
CNN_FINAL_w5_c16x32_k3_actrelu_d0.0_dense32_e50_lr0.001_b8,010204,Amazonas,El Parco,3,0.2719839404622013,0.25262096524238586,-0.019362975219815448,0.019362975219815448,0.0003749248093631871,2022
CNN_FINAL_w5_c16x32_k3_actrelu_d0.0_dense32_e50_lr0.001_b8,010204,Amazonas,El Parco,4,0.2830983157070114,0.271267294883728,-0.011831020823283356,0.011831020823283356,0.0001399730537209644,2023
CNN_FINAL_w5_c16x32_k3_actrelu_d0.0_dense32_e50_lr0.001_b8,010204,Amazonas,El Parco,5,0.2777124951037995,0.2831976115703583,0.005485116466558804,0.005485116466558804,3.0086502651714535e-05,2024
CNN_FINAL_w5_c16x32_k3_actrelu_d0.0_dense32_e50_lr0.001_b8,010206,Amazonas,La Peca,1,0.3393517861977387,0.338070809841156,-0.001280976356582697,0.001280976356582697,1.640900426123881e-06,2020
CNN_FINAL_w5_c16x32_k3_actrelu_d0.0_dense32_e50_lr0.001_b8,010206,Amazonas,La Peca,2,0.34056364175487,0.33441460132598877,-0.006149040428881203,0.006149040428881203,3.781069819601553e-05,2021
CNN_FINAL_w5_c16x32_k3_actrelu_d0.0_dense32_e50_lr0.001_b8,010206,Amazonas,La Peca,3,0.3355615145616048,0.33645856380462646,0.0008970492430216415,0.0008970492430216415,8.046973444057e-07,2022
CNN_FINAL_w5_c16x32_k3_actrelu_d0.0_dense32_e50_lr0.001_b8,010206,Amazonas,La Peca,4,0.3283419495403973,0.330171674489975,0.0018297249495776713,0.0018297249495776713,3.3478933911070116e-06,2023
CNN_FINAL_w5_c16x32_k3_actrelu_d0.0_dense32_e50_lr0.001_b8,010206,Amazonas,La Peca,5,0.3235074193922673,0.32218244671821594,-0.00132497267405135,0.00132497267405135,1.7555525869827854e-06,2024
CNN_FINAL_w5_c16x32_k3_actrelu_d0.0_dense32_e50_lr0.001_b8,010301,Amazonas,Jumbilla,1,0.4139305658346229,0.4085746705532074,-0.005355895281415501,0.005355895281415501,2.8685614265488834e-05,2020
CNN_FINAL_w5_c16x32_k3_actrelu_d0.0_dense32_e50_lr0.001_b8,010301,Amazonas,Jumbilla,2,0.4207988517347328,0.4101916551589966,-0.010607196575736222,0.010607196575736222,0.00011251261919631023,2021
CNN_FINAL_w5_c16x32_k3_actrelu_d0.0_dense32_e50_lr0.001_b8,010301,Amazonas,Jumbilla,3,0.4122092892865953,0.4188249111175537,0.006615621830958429,0.006615621830958429,4.376645221025376e-05,2022
CNN_FINAL_w5_c16x32_k3_actrelu_d0.0_dense32_e50_lr0.001_b8,010301,Amazonas,Jumbilla,4,0.4029637354504474,0.4065411686897278,0.003577433239280392,0.003577433239280392,1.2798028581508198e-05,2023
CNN_FINAL_w5_c16x32_k3_actrelu_d0.0_dense32_e50_lr0.001_b8,010301,Amazonas,Jumbilla,5,0.4043822467424701,0.3965334892272949,-0.007848757515175164,0.007848757515175164,6.160299453201863e-05,2024
CNN_FINAL_w5_c16x32_k3_actrelu_d0.0_dense32_e50_lr0.001_b8,010302,Amazonas,Chisquilla,1,0.7520271347446772,0.7455800771713257,-0.006447057573351511,0.006447057573351511,4.1564551354109074e-05,2020
CNN_FINAL_w5_c16x32_k3_actrelu_d0.0_dense32_e50_lr0.001_b8,010302,Amazonas,Chisquilla,2,0.7532035600609103,0.748918354511261,-0.004285205549649285,0.004285205549649285,1.836298660274503e-05,2021
CNN_FINAL_w5_c16x32_k3_actrelu_d0.0_dense32_e50_lr0.001_b8,010302,Amazonas,Chisquilla,3,0.7361508902900933,0.7498411536216736,0.013690263331580299,0.013690263331580299,0.0001874233100880121,2022
CNN_FINAL_w5_c16x32_k3_actrelu_d0.0_dense32_e50_lr0.001_b8,010302,Amazonas,Chisquilla,4,0.7332483082014436,0.7275021076202393,-0.0057462005812043415,0.0057462005812043415,3.301882111943311e-05,2023
CNN_FINAL_w5_c16x32_k3_actrelu_d0.0_dense32_e50_lr0.001_b8,010302,Amazonas,Chisquilla,5,0.7342543167662596,0.7248358130455017,-0.00941850372075792,0.00941850372075792,8.870821233793079e-05,2024
CNN_FINAL_w5_c16x32_k3_actrelu_d0.0_dense32_e50_lr0.001_b8,010303,Amazonas,Churuja,1,0.7446820405310971,0.7482772469520569,0.0035952064209597845,0.0035952064209597845,1.2925509209310464e-05,2020
CNN_FINAL_w5_c16x32_k3_actrelu_d0.0_dense32_e50_lr0.001_b8,010303,Amazonas,Churuja,2,0.7587421383647799,0.7357918620109558,-0.022950276353824073,0.022950276353824073,0.0005267151847168964,2021
CNN_FINAL_w5_c16x32_k3_actrelu_d0.0_dense32_e50_lr0.001_b8,010303,Amazonas,Churuja,3,0.7744793850454228,0.7556549906730652,-0.01882439437235761,0.01882439437235761,0.0003543578234860489,2022
CNN_FINAL_w5_c16x32_k3_actrelu_d0.0_dense32_e50_lr0.001_b8,010303,Amazonas,Churuja,4,0.7756813417190775,0.7763234376907349,0.0006420959716573194,0.0006420959716573194,4.1228723681855705e-07,2023
CNN_FINAL_w5_c16x32_k3_actrelu_d0.0_dense32_e50_lr0.001_b8,010303,Amazonas,Churuja,5,0.7752341020265548,0.7753747701644897,0.0001406681379348962,0.0001406681379348962,1.978752503007098e-08,2024
CNN_FINAL_w5_c16x32_k3_actrelu_d0.0_dense32_e50_lr0.001_b8,010304,Amazonas,Corosha,1,0.7392527509077302,0.7301668524742126,-0.009085898433517592,0.009085898433517592,8.255355034419743e-05,2020
CNN_FINAL_w5_c16x32_k3_actrelu_d0.0_dense32_e50_lr0.001_b8,010304,Amazonas,Corosha,2,0.741289947060617,0.7347522377967834,-0.006537709263833569,0.006537709263833569,4.274164241841526e-05,2021
CNN_FINAL_w5_c16x32_k3_actrelu_d0.0_dense32_e50_lr0.001_b8,010304,Amazonas,Corosha,3,0.7341805482413593,0.7378039956092834,0.003623447367924193,0.003623447367924193,1.3129370828116761e-05,2022
CNN_FINAL_w5_c16x32_k3_actrelu_d0.0_dense32_e50_lr0.001_b8,010304,Amazonas,Corosha,4,0.7282906954183874,0.7285624146461487,0.0002717192277612579,0.0002717192277612579,7.383133873517435e-08,2023
CNN_FINAL_w5_c16x32_k3_actrelu_d0.0_dense32_e50_lr0.001_b8,010304,Amazonas,Corosha,5,0.7301615898445079,0.7211446166038513,-0.009016973240656534,0.009016973240656534,8.1305806422716e-05,2024
CNN_FINAL_w5_c16x32_k3_actrelu_d0.0_dense32_e50_lr0.001_b8,010305,Amazonas,Cuispes,1,0.6648435266230712,0.6614223122596741,-0.0034212143633971515,0.0034212143633971515,1.1704707720314976e-05,2020
CNN_FINAL_w5_c16x32_k3_actrelu_d0.0_dense32_e50_lr0.001_b8,010305,Amazonas,Cuispes,2,0.6788076110716559,0.6611676216125488,-0.017639989459107053,0.017639989459107053,0.0003111692281174079,2021
CNN_FINAL_w5_c16x32_k3_actrelu_d0.0_dense32_e50_lr0.001_b8,010305,Amazonas,Cuispes,3,0.6911022772341152,0.6793960332870483,-0.011706243947066874,0.011706243947066874,0.00013703614734823983,2022
CNN_FINAL_w5_c16x32_k3_actrelu_d0.0_dense32_e50_lr0.001_b8,010305,Amazonas,Cuispes,4,0.6739745990167957,0.6940951943397522,0.020120595322956514,0.020120595322956514,0.00040483835615017953,2023
CNN_FINAL_w5_c16x32_k3_actrelu_d0.0_dense32_e50_lr0.001_b8,010305,Amazonas,Cuispes,5,0.6722867341197738,0.6692240834236145,-0.003062650696159297,0.003062650696159297,9.379829286685027e-06,2024
CNN_FINAL_w5_c16x32_k3_actrelu_d0.0_dense32_e50_lr0.001_b8,010306,Amazonas,Florida,1,0.493022976302558,0.4916153848171234,-0.0014075914854345672,0.0014075914854345672,1.9813137898678915e-06,2020
CNN_FINAL_w5_c16x32_k3_actrelu_d0.0_dense32_e50_lr0.001_b8,010306,Amazonas,Florida,2,0.5026181366559164,0.48913201689720154,-0.013486119758714832,0.013486119758714832,0.0001818754261463986,2021
CNN_FINAL_w5_c16x32_k3_actrelu_d0.0_dense32_e50_lr0.001_b8,010306,Amazonas,Florida,3,0.4950221349732577,0.5017837285995483,0.006761593626290641,0.006761593626290641,4.571914836709422e-05,2022
CNN_FINAL_w5_c16x32_k3_actrelu_d0.0_dense32_e50_lr0.001_b8,010306,Amazonas,Florida,4,0.4803108912081088,0.4908224940299988,0.010511602821889954,0.010511602821889954,0.00011049379388516484,2023
CNN_FINAL_w5_c16x32_k3_actrelu_d0.0_dense32_e50_lr0.001_b8,010306,Amazonas,Florida,5,0.4815568598385449,0.47336113452911377,-0.008195725309431134,0.008195725309431134,6.716991334765007e-05,2024
CNN_FINAL_w5_c16x32_k3_actrelu_d0.0_dense32_e50_lr0.001_b8,010307,Amazonas,Jazan,1,0.3945542287505724,0.38180452585220337,-0.01274970289836902,0.01274970289836902,0.00016255492399667938,2020
CNN_FINAL_w5_c16x32_k3_actrelu_d0.0_dense32_e50_lr0.001_b8,010307,Amazonas,Jazan,2,0.3733253490201604,0.39020296931266785,0.016877620292507445,0.016877620292507445,0.0002848540667380591,2021
CNN_FINAL_w5_c16x32_k3_actrelu_d0.0_dense32_e50_lr0.001_b8,010307,Amazonas,Jazan,3,0.3791257177075628,0.36193475127220154,-0.017190966435361277,0.017190966435361277,0.000295529326981718,2022
CNN_FINAL_w5_c16x32_k3_actrelu_d0.0_dense32_e50_lr0.001_b8,010307,Amazonas,Jazan,4,0.3779163290946024,0.3730374276638031,-0.004878901430799276,0.004878901430799276,2.3803679171455223e-05,2023
CNN_FINAL_w5_c16x32_k3_actrelu_d0.0_dense32_e50_lr0.001_b8,010307,Amazonas,Jazan,5,0.3614662956309368,0.3732292056083679,0.011762909977431124,0.011762909977431124,0.0001383660511371487,2024
CNN_FINAL_w5_c16x32_k3_actrelu_d0.0_dense32_e50_lr0.001_b8,010308,Amazonas,Recta,1,0.3407029118822559,0.3394997715950012,-0.001203140287254656,0.001203140287254656,1.447546550815216e-06,2020
CNN_FINAL_w5_c16x32_k3_actrelu_d0.0_dense32_e50_lr0.001_b8,010308,Amazonas,Recta,2,0.3459684070291188,0.3356589078903198,-0.010309499138798972,0.010309499138798972,0.00010628577249289675,2021
CNN_FINAL_w5_c16x32_k3_actrelu_d0.0_dense32_e50_lr0.001_b8,010308,Amazonas,Recta,3,0.3286493687749793,0.3426664471626282,0.014017078387648874,0.014017078387648874,0.00019647848652549314,2022
CNN_FINAL_w5_c16x32_k3_actrelu_d0.0_dense32_e50_lr0.001_b8,010308,Amazonas,Recta,4,0.3153904713569752,0.32086724042892456,0.005476769071949383,0.005476769071949383,2.999499946746131e-05,2023
CNN_FINAL_w5_c16x32_k3_actrelu_d0.0_dense32_e50_lr0.001_b8,010308,Amazonas,Recta,5,0.3162469073145975,0.3076302409172058,-0.00861666639739167,0.00861666639739167,7.424693980393874e-05,2024
CNN_FINAL_w5_c16x32_k3_actrelu_d0.0_dense32_e50_lr0.001_b8,010310,Amazonas,Shipasbamba,1,0.7187766108430315,0.7183319330215454,-0.0004446778214860503,0.0004446778214860503,1.977383649215796e-07,2020
CNN_FINAL_w5_c16x32_k3_actrelu_d0.0_dense32_e50_lr0.001_b8,010310,Amazonas,Shipasbamba,2,0.7318407607152995,0.7159700393676758,-0.015870721347623684,0.015870721347623684,0.00025187979609391816,2021
CNN_FINAL_w5_c16x32_k3_actrelu_d0.0_dense32_e50_lr0.001_b8,010310,Amazonas,Shipasbamba,3,0.7406684643769514,0.7310778498649597,-0.009590614511991724,0.009590614511991724,9.197988671762625e-05,2022
CNN_FINAL_w5_c16x32_k3_actrelu_d0.0_dense32_e50_lr0.001_b8,010310,Amazonas,Shipasbamba,4,0.7263908600624468,0.7416453957557678,0.015254535693321025,0.015254535693321025,0.00023270085921880517,2023
CNN_FINAL_w5_c16x32_k3_actrelu_d0.0_dense32_e50_lr0.001_b8,010310,Amazonas,Shipasbamba,5,0.7229562872551802,0.7207431197166443,-0.002213167538535954,0.002213167538535954,4.898110553629293e-06,2024
CNN_FINAL_w5_c16x32_k3_actrelu_d0.0_dense32_e50_lr0.001_b8,010311,Amazonas,Valera,1,0.3705160209280853,0.366087406873703,-0.004428614054382274,0.004428614054382274,1.96126224426722e-05,2020
CNN_FINAL_w5_c16x32_k3_actrelu_d0.0_dense32_e50_lr0.001_b8,010311,Amazonas,Valera,2,0.3778682077762199,0.36693912744522095,-0.01092908033099893,0.01092908033099893,0.00011944479688142768,2021
CNN_FINAL_w5_c16x32_k3_actrelu_d0.0_dense32_e50_lr0.001_b8,010311,Amazonas,Valera,3,0.3777428216439262,0.3754337728023529,-0.0023090488415732913,0.0023090488415732913,5.3317065527709586e-06,2022
CNN_FINAL_w5_c16x32_k3_actrelu_d0.0_dense32_e50_lr0.001_b8,010311,Amazonas,Valera,4,0.3744029910291921,0.373869389295578,-0.0005336017336141086,0.0005336017336141086,2.8473081011598206e-07,2023
CNN_FINAL_w5_c16x32_k3_actrelu_d0.0_dense32_e50_lr0.001_b8,010311,Amazonas,Valera,5,0.3702310524455995,0.36946406960487366,-0.0007669828407258494,0.0007669828407258494,5.882626779678937e-07,2024
CNN_FINAL_w5_c16x32_k3_actrelu_d0.0_dense32_e50_lr0.001_b8,010502,Amazonas,Camporredondo,1,0.631415519175432,0.633197546005249,0.001782026829816985,0.001782026829816985,3.1756196221875737e-06,2020
CNN_FINAL_w5_c16x32_k3_actrelu_d0.0_dense32_e50_lr0.001_b8,010502,Amazonas,Camporredondo,2,0.6259368243078474,0.6260964274406433,0.00015960313279594907,0.00015960313279594907,2.547315999828135e-08,2021
CNN_FINAL_w5_c16x32_k3_actrelu_d0.0_dense32_e50_lr0.001_b8,010502,Amazonas,Camporredondo,3,0.6303018972216352,0.6205739974975586,-0.009727899724076616,0.009727899724076616,9.46320330416899e-05,2022
CNN_FINAL_w5_c16x32_k3_actrelu_d0.0_dense32_e50_lr0.001_b8,010502,Amazonas,Camporredondo,4,0.6253353058802491,0.6280916333198547,0.0027563274396056325,0.0027563274396056325,7.597340954322942e-06,2023
CNN_FINAL_w5_c16x32_k3_actrelu_d0.0_dense32_e50_lr0.001_b8,010502,Amazonas,Camporredondo,5,0.6174627302433711,0.6226838827133179,0.00522115246994681,0.00522115246994681,2.726043311443168e-05,2024
CNN_FINAL_w5_c16x32_k3_actrelu_d0.0_dense32_e50_lr0.001_b8,010503,Amazonas,Cocabamba,1,0.4168783031572257,0.40439680218696594,-0.01248150097025974,0.01248150097025974,0.00015578786647059482,2020
CNN_FINAL_w5_c16x32_k3_actrelu_d0.0_dense32_e50_lr0.001_b8,010503,Amazonas,Cocabamba,2,0.4340696980826385,0.41577228903770447,-0.018297409044934043,0.018297409044934043,0.0003347951777576341,2021
CNN_FINAL_w5_c16x32_k3_actrelu_d0.0_dense32_e50_lr0.001_b8,010503,Amazonas,Cocabamba,3,0.4410895176771821,0.43417543172836304,-0.006914085948819038,0.006914085948819038,4.780458450765685e-05,2022
CNN_FINAL_w5_c16x32_k3_actrelu_d0.0_dense32_e50_lr0.001_b8,010503,Amazonas,Cocabamba,4,0.4439156788126476,0.4399494528770447,-0.003966225935602918,0.003966225935602918,1.5730948172249246e-05,2023
CNN_FINAL_w5_c16x32_k3_actrelu_d0.0_dense32_e50_lr0.001_b8,010503,Amazonas,Cocabamba,5,0.4519461440482609,0.4420042634010315,-0.009941880647229395,0.009941880647229395,9.884099080375439e-05,2024
CNN_FINAL_w5_c16x32_k3_actrelu_d0.0_dense32_e50_lr0.001_b8,010507,Amazonas,Longuita,1,0.2993395140277525,0.2990509867668152,-0.0002885272609373102,0.0002885272609373102,8.324798030398668e-08,2020
CNN_FINAL_w5_c16x32_k3_actrelu_d0.0_dense32_e50_lr0.001_b8,010507,Amazonas,Longuita,2,0.3056262497727686,0.29497846961021423,-0.010647780162554354,0.010647780162554354,0.00011337522239008603,2021
CNN_FINAL_w5_c16x32_k3_actrelu_d0.0_dense32_e50_lr0.001_b8,010507,Amazonas,Longuita,3,0.3026570926498212,0.30301252007484436,0.00035542742502314706,0.00035542742502314706,1.2632865445858484e-07,2022
CNN_FINAL_w5_c16x32_k3_actrelu_d0.0_dense32_e50_lr0.001_b8,010507,Amazonas,Longuita,4,0.2989607950069684,0.2985518276691437,-0.0004089673378247505,0.0004089673378247505,1.6725428340746358e-07,2023
CNN_FINAL_w5_c16x32_k3_actrelu_d0.0_dense32_e50_lr0.001_b8,010507,Amazonas,Longuita,5,0.3003544810034539,0.29435813426971436,-0.005996346733739555,0.005996346733739555,3.595617415122903e-05,2024
CNN_FINAL_w5_c16x32_k3_actrelu_d0.0_dense32_e50_lr0.001_b8,010508,Amazonas,Lonya Chico,1,0.2871853254195661,0.28139081597328186,-0.005794509446284235,0.005794509446284235,3.357633972307723e-05,2020
CNN_FINAL_w5_c16x32_k3_actrelu_d0.0_dense32_e50_lr0.001_b8,010508,Amazonas,Lonya Chico,2,0.2995676422431437,0.28472983837127686,-0.01483780387186684,0.01483780387186684,0.00022016042373998657,2021
CNN_FINAL_w5_c16x32_k3_actrelu_d0.0_dense32_e50_lr0.001_b8,010508,Amazonas,Lonya Chico,3,0.3008212239050348,0.29883769154548645,-0.0019835323595483456,0.0019835323595483456,3.9344006213754275e-06,2022
CNN_FINAL_w5_c16x32_k3_actrelu_d0.0_dense32_e50_lr0.001_b8,010508,Amazonas,Lonya Chico,4,0.3050424682767089,0.29800766706466675,-0.007034801212042141,0.007034801212042141,4.9488428092949576e-05,2023
CNN_FINAL_w5_c16x32_k3_actrelu_d0.0_dense32_e50_lr0.001_b8,010508,Amazonas,Lonya Chico,5,0.3074856733524355,0.3022845685482025,-0.00520110480423297,0.00520110480423297,2.705149118461528e-05,2024
CNN_FINAL_w5_c16x32_k3_actrelu_d0.0_dense32_e50_lr0.001_b8,010510,Amazonas,Luya Viejo,1,0.6433223045008141,0.6445109248161316,0.0011886203153175234,0.0011886203153175234,1.4128182539855289e-06,2020
CNN_FINAL_w5_c16x32_k3_actrelu_d0.0_dense32_e50_lr0.001_b8,010510,Amazonas,Luya Viejo,2,0.6606008087810514,0.637683629989624,-0.022917178791427406,0.022917178791427406,0.0005251970837582502,2021
CNN_FINAL_w5_c16x32_k3_actrelu_d0.0_dense32_e50_lr0.001_b8,010510,Amazonas,Luya Viejo,3,0.658552597027467,0.661159336566925,0.002606739539458003,0.002606739539458003,6.795091026573721e-06,2022
CNN_FINAL_w5_c16x32_k3_actrelu_d0.0_dense32_e50_lr0.001_b8,010510,Amazonas,Luya Viejo,4,0.6525917756420356,0.6586365699768066,0.006044794334771009,0.006044794334771009,3.653953854967968e-05,2023
CNN_FINAL_w5_c16x32_k3_actrelu_d0.0_dense32_e50_lr0.001_b8,010510,Amazonas,Luya Viejo,5,0.6565175148364056,0.6485052108764648,-0.008012303959940792,0.008012303959940792,6.419701474648289e-05,2024
CNN_FINAL_w5_c16x32_k3_actrelu_d0.0_dense32_e50_lr0.001_b8,010511,Amazonas,Maria,1,0.4967015595391303,0.4946713149547577,-0.0020302445843726202,0.0020302445843726202,4.1218930723743536e-06,2020
CNN_FINAL_w5_c16x32_k3_actrelu_d0.0_dense32_e50_lr0.001_b8,010511,Amazonas,Maria,2,0.4956274130295998,0.4939972162246704,-0.0016301968049293736,0.0016301968049293736,2.657541622801938e-06,2021
CNN_FINAL_w5_c16x32_k3_actrelu_d0.0_dense32_e50_lr0.001_b8,010511,Amazonas,Maria,3,0.4888987971585785,0.4926612675189972,0.0037624703604187126,0.0037624703604187126,1.4156183213029317e-05,2022
CNN_FINAL_w5_c16x32_k3_actrelu_d0.0_dense32_e50_lr0.001_b8,010511,Amazonas,Maria,4,0.4827984556610561,0.4841773808002472,0.0013789251391910784,0.0013789251391910784,1.901434539493135e-06,2023
CNN_FINAL_w5_c16x32_k3_actrelu_d0.0_dense32_e50_lr0.001_b8,010511,Amazonas,Maria,5,0.4833355289158214,0.4778432846069336,-0.005492244308887784,0.005492244308887784,3.016474754851025e-05,2024
CNN_FINAL_w5_c16x32_k3_actrelu_d0.0_dense32_e50_lr0.001_b8,010512,Amazonas,Ocalli,1,0.7514545332305894,0.74629145860672,-0.005163074623869446,0.005163074623869446,2.665733957164462e-05,2020
CNN_FINAL_w5_c16x32_k3_actrelu_d0.0_dense32_e50_lr0.001_b8,010512,Amazonas,Ocalli,2,0.7490497049560149,0.7423390746116638,-0.006710630344351043,0.006710630344351043,4.5032559618524994e-05,2021
CNN_FINAL_w5_c16x32_k3_actrelu_d0.0_dense32_e50_lr0.001_b8,010512,Amazonas,Ocalli,3,0.7596568077326865,0.7418608665466309,-0.017795941186055653,0.017795941186055653,0.0003166955226975519,2022
CNN_FINAL_w5_c16x32_k3_actrelu_d0.0_dense32_e50_lr0.001_b8,010512,Amazonas,Ocalli,4,0.7632873226762377,0.7569571137428284,-0.006330208933409298,0.006330208933409298,4.007154514061488e-05,2023
CNN_FINAL_w5_c16x32_k3_actrelu_d0.0_dense32_e50_lr0.001_b8,010512,Amazonas,Ocalli,5,0.7578053485449496,0.7616331577301025,0.0038278091851529084,0.0038278091851529084,1.4652123157940973e-05,2024
CNN_FINAL_w5_c16x32_k3_actrelu_d0.0_dense32_e50_lr0.001_b8,010513,Amazonas,Ocumal,1,0.5724445595424529,0.5622082352638245,-0.010236324278628417,0.010236324278628417,0.00010478233473723758,2020
CNN_FINAL_w5_c16x32_k3_actrelu_d0.0_dense32_e50_lr0.001_b8,010513,Amazonas,Ocumal,2,0.5794587516155119,0.5700539350509644,-0.009404816564547502,0.009404816564547502,8.845057461278709e-05,2021
CNN_FINAL_w5_c16x32_k3_actrelu_d0.0_dense32_e50_lr0.001_b8,010513,Amazonas,Ocumal,3,0.5660875662390396,0.5776535868644714,0.011566020625431883,0.011566020625431883,0.00013377283310791574,2022
CNN_FINAL_w5_c16x32_k3_actrelu_d0.0_dense32_e50_lr0.001_b8,010513,Amazonas,Ocumal,4,0.5702701844309855,0.5601459741592407,-0.010124210271744816,0.010124210271744816,0.00010249963362650323,2023
CNN_FINAL_w5_c16x32_k3_actrelu_d0.0_dense32_e50_lr0.001_b8,010513,Amazonas,Ocumal,5,0.5722246789132034,0.5680992603302002,-0.004125418583003193,0.004125418583003193,1.7019078484988075e-05,2024
CNN_FINAL_w5_c16x32_k3_actrelu_d0.0_dense32_e50_lr0.001_b8,010514,Amazonas,Pisuquia,1,0.4730864680497316,0.47100627422332764,-0.0020801938264039532,0.0020801938264039532,4.3272063554091204e-06,2020
CNN_FINAL_w5_c16x32_k3_actrelu_d0.0_dense32_e50_lr0.001_b8,010514,Amazonas,Pisuquia,2,0.488435066443355,0.4708615839481354,-0.017573482495219617,0.017573482495219617,0.0003088272870097903,2021
CNN_FINAL_w5_c16x32_k3_actrelu_d0.0_dense32_e50_lr0.001_b8,010514,Amazonas,Pisuquia,3,0.4857486032836587,0.48912471532821655,0.003376112044557844,0.003376112044557844,1.1398132537408547e-05,2022
CNN_FINAL_w5_c16x32_k3_actrelu_d0.0_dense32_e50_lr0.001_b8,010514,Amazonas,Pisuquia,4,0.4838384332326801,0.4832882285118103,-0.0005502047208698069,0.0005502047208698069,3.0272523486742207e-07,2023
CNN_FINAL_w5_c16x32_k3_actrelu_d0.0_dense32_e50_lr0.001_b8,010514,Amazonas,Pisuquia,5,0.4960115649335566,0.4811056852340698,-0.014905879699486757,0.014905879699486757,0.00022218524961557142,2024
CNN_FINAL_w5_c16x32_k3_actrelu_d0.0_dense32_e50_lr0.001_b8,010515,Amazonas,Providencia,1,0.7218612818261633,0.7137846350669861,-0.008076646759177186,0.008076646759177186,6.523222287252735e-05,2020
CNN_FINAL_w5_c16x32_k3_actrelu_d0.0_dense32_e50_lr0.001_b8,010515,Amazonas,Providencia,2,0.7229606443485895,0.7171406745910645,-0.005819969757525079,0.005819969757525079,3.387204797850652e-05,2021
CNN_FINAL_w5_c16x32_k3_actrelu_d0.0_dense32_e50_lr0.001_b8,010515,Amazonas,Providencia,3,0.7061190212619766,0.719575047492981,0.013456026231004392,0.013456026231004392,0.00018106464192947826,2022
CNN_FINAL_w5_c16x32_k3_actrelu_d0.0_dense32_e50_lr0.001_b8,010515,Amazonas,Providencia,4,0.7133030499675536,0.6980528235435486,-0.015250226424004976,0.015250226424004976,0.0002325694059834196,2023
CNN_FINAL_w5_c16x32_k3_actrelu_d0.0_dense32_e50_lr0.001_b8,010515,Amazonas,Providencia,5,0.7031721189449174,0.7080497741699219,0.004877655225004496,0.004877655225004496,2.379152049401366e-05,2024
CNN_FINAL_w5_c16x32_k3_actrelu_d0.0_dense32_e50_lr0.001_b8,010516,Amazonas,San Cristobal,1,0.1291097432817895,0.12806081771850586,-0.001048925563283648,0.001048925563283648,1.1002448373099183e-06,2020
CNN_FINAL_w5_c16x32_k3_actrelu_d0.0_dense32_e50_lr0.001_b8,010516,Amazonas,San Cristobal,2,0.1338637842165841,0.12932942807674408,-0.004534356139840018,0.004534356139840018,2.0560385602904868e-05,2021
CNN_FINAL_w5_c16x32_k3_actrelu_d0.0_dense32_e50_lr0.001_b8,010516,Amazonas,San Cristobal,3,0.1301105940049041,0.13530011475086212,0.005189520745958021,0.005189520745958021,2.6931125572728692e-05,2022
CNN_FINAL_w5_c16x32_k3_actrelu_d0.0_dense32_e50_lr0.001_b8,010516,Amazonas,San Cristobal,4,0.1322374017915228,0.13032275438308716,-0.001914647408435638,0.001914647408435638,3.6658746986293046e-06,2023
CNN_FINAL_w5_c16x32_k3_actrelu_d0.0_dense32_e50_lr0.001_b8,010516,Amazonas,San Cristobal,5,0.1252564679977981,0.13107702136039734,0.0058205533625992345,0.0058205533625992345,3.387884144686526e-05,2024
CNN_FINAL_w5_c16x32_k3_actrelu_d0.0_dense32_e50_lr0.001_b8,010517,Amazonas,San Francisco Del Yeso,1,0.332585532746823,0.3307296633720398,-0.0018558693747832145,0.0018558693747832145,3.444251136258239e-06,2020
CNN_FINAL_w5_c16x32_k3_actrelu_d0.0_dense32_e50_lr0.001_b8,010517,Amazonas,San Francisco Del Yeso,2,0.329652981427175,0.3275097906589508,-0.002143190768224168,0.002143190768224168,4.593266669001299e-06,2021
CNN_FINAL_w5_c16x32_k3_actrelu_d0.0_dense32_e50_lr0.001_b8,010517,Amazonas,San Francisco Del Yeso,3,0.3293792766373412,0.32445329427719116,-0.004925982360150016,0.004925982360150016,2.4265302212509126e-05,2022
CNN_FINAL_w5_c16x32_k3_actrelu_d0.0_dense32_e50_lr0.001_b8,010517,Amazonas,San Francisco Del Yeso,4,0.3270576735092864,0.3247099816799164,-0.002347691829370002,0.002347691829370002,5.511656925690668e-06,2023
CNN_FINAL_w5_c16x32_k3_actrelu_d0.0_dense32_e50_lr0.001_b8,010517,Amazonas,San Francisco Del Yeso,5,0.3292228739002932,0.3220697045326233,-0.007153169367669909,0.007153169367669909,5.116783200257113e-05,2024
CNN_FINAL_w5_c16x32_k3_actrelu_d0.0_dense32_e50_lr0.001_b8,010518,Amazonas,San Jeronimo,1,0.4425930680359435,0.4370273947715759,-0.005565673264367577,0.005565673264367577,3.097671888569604e-05,2020
CNN_FINAL_w5_c16x32_k3_actrelu_d0.0_dense32_e50_lr0.001_b8,010518,Amazonas,San Jeronimo,2,0.4367522464698331,0.4390082359313965,0.002255989461563357,0.002255989461563357,5.089488450684925e-06,2021
CNN_FINAL_w5_c16x32_k3_actrelu_d0.0_dense32_e50_lr0.001_b8,010518,Amazonas,San Jeronimo,3,0.4297261446298673,0.43154653906822205,0.0018203944383547443,0.0018203944383547443,3.313835911192885e-06,2022
CNN_FINAL_w5_c16x32_k3_actrelu_d0.0_dense32_e50_lr0.001_b8,010518,Amazonas,San Jeronimo,4,0.4264142062473256,0.4237501919269562,-0.0026640143203694455,0.0026640143203694455,7.096972299133478e-06,2023
CNN_FINAL_w5_c16x32_k3_actrelu_d0.0_dense32_e50_lr0.001_b8,010518,Amazonas,San Jeronimo,5,0.4184467265725289,0.4213787615299225,0.002932034957393581,0.002932034957393581,8.596828991377979e-06,2024
CNN_FINAL_w5_c16x32_k3_actrelu_d0.0_dense32_e50_lr0.001_b8,010519,Amazonas,San Juan De Lopecancha,1,0.1621329434537292,0.16304552555084229,0.0009125820971130905,0.0009125820971130905,8.328060839713261e-07,2020
CNN_FINAL_w5_c16x32_k3_actrelu_d0.0_dense32_e50_lr0.001_b8,010519,Amazonas,San Juan De Lopecancha,2,0.1604649726123306,0.15770244598388672,-0.0027625266284438676,0.0027625266284438676,7.631553372861443e-06,2021
CNN_FINAL_w5_c16x32_k3_actrelu_d0.0_dense32_e50_lr0.001_b8,010519,Amazonas,San Juan De Lopecancha,3,0.1627095259668053,0.15712232887744904,-0.005587197089356261,0.005587197089356261,3.121677131531107e-05,2022
CNN_FINAL_w5_c16x32_k3_actrelu_d0.0_dense32_e50_lr0.001_b8,010519,Amazonas,San Juan De Lopecancha,4,0.1619270211276306,0.15908128023147583,-0.0028457408961547748,0.0028457408961547748,8.09824124804778e-06,2023
CNN_FINAL_w5_c16x32_k3_actrelu_d0.0_dense32_e50_lr0.001_b8,010519,Amazonas,San Juan De Lopecancha,5,0.1634302541081504,0.1587178111076355,-0.004712443000514904,0.004712443000514904,2.2207119033101914e-05,2024
CNN_FINAL_w5_c16x32_k3_actrelu_d0.0_dense32_e50_lr0.001_b8,010520,Amazonas,Santa Catalina,1,0.6896047089318501,0.6849139928817749,-0.004690716050075205,0.004690716050075205,2.2002817062433137e-05,2020
CNN_FINAL_w5_c16x32_k3_actrelu_d0.0_dense32_e50_lr0.001_b8,010520,Amazonas,Santa Catalina,2,0.6847715736040609,0.6858738660812378,0.0011022924771768583,0.0011022924771768583,1.2150487052406948e-06,2021
CNN_FINAL_w5_c16x32_k3_actrelu_d0.0_dense32_e50_lr0.001_b8,010520,Amazonas,Santa Catalina,3,0.6841073550059402,0.6801533102989197,-0.003954044707020543,0.003954044707020543,1.5634469545117173e-05,2022
CNN_FINAL_w5_c16x32_k3_actrelu_d0.0_dense32_e50_lr0.001_b8,010520,Amazonas,Santa Catalina,4,0.6827087158440436,0.6796922087669373,-0.003016507077106323,0.003016507077106323,9.099314946232531e-06,2023
CNN_FINAL_w5_c16x32_k3_actrelu_d0.0_dense32_e50_lr0.001_b8,010520,Amazonas,Santa Catalina,5,0.6790474133275731,0.6788051128387451,-0.0002423004888280067,0.0002423004888280067,5.8709526886291e-08,2024
CNN_FINAL_w5_c16x32_k3_actrelu_d0.0_dense32_e50_lr0.001_b8,010521,Amazonas,Santo Tomas,1,0.3135270184863327,0.3078788220882416,-0.00564819639809111,0.00564819639809111,3.190212255140939e-05,2020
CNN_FINAL_w5_c16x32_k3_actrelu_d0.0_dense32_e50_lr0.001_b8,010521,Amazonas,Santo Tomas,2,0.3137343972191499,0.3094547986984253,-0.004279598520724626,0.004279598520724626,1.8314963498588403e-05,2021
CNN_FINAL_w5_c16x32_k3_actrelu_d0.0_dense32_e50_lr0.001_b8,010521,Amazonas,Santo Tomas,3,0.3136850213303839,0.3096461892127991,-0.004038832117584823,0.004038832117584823,1.6312164874034705e-05,2022
CNN_FINAL_w5_c16x32_k3_actrelu_d0.0_dense32_e50_lr0.001_b8,010521,Amazonas,Santo Tomas,4,0.3169240796334334,0.3095349371433258,-0.007389142490107581,0.007389142490107581,5.459942673911326e-05,2023
CNN_FINAL_w5_c16x32_k3_actrelu_d0.0_dense32_e50_lr0.001_b8,010521,Amazonas,Santo Tomas,5,0.3171413335440038,0.31340739130973816,-0.0037339422342656525,0.0037339422342656525,1.3942324608832774e-05,2024
CNN_FINAL_w5_c16x32_k3_actrelu_d0.0_dense32_e50_lr0.001_b8,010522,Amazonas,Tingo,1,0.2183382257012394,0.2181987464427948,-0.00013947925844459697,0.00013947925844459697,1.9454463536254675e-08,2020
CNN_FINAL_w5_c16x32_k3_actrelu_d0.0_dense32_e50_lr0.001_b8,010522,Amazonas,Tingo,2,0.2151418786692759,0.2124577909708023,-0.002684087698473586,0.002684087698473586,7.204326773097233e-06,2021
CNN_FINAL_w5_c16x32_k3_actrelu_d0.0_dense32_e50_lr0.001_b8,010522,Amazonas,Tingo,3,0.2192025440313111,0.20921412110328674,-0.009988422928024349,0.009988422928024349,9.97685925890825e-05,2022
CNN_FINAL_w5_c16x32_k3_actrelu_d0.0_dense32_e50_lr0.001_b8,010522,Amazonas,Tingo,4,0.2174983692106979,0.2156916707754135,-0.0018066984352843873,0.0018066984352843873,3.2641592360590534e-06,2023
CNN_FINAL_w5_c16x32_k3_actrelu_d0.0_dense32_e50_lr0.001_b8,010522,Amazonas,Tingo,5,0.2212247227658186,0.21259017288684845,-0.008634549878970138,0.008634549878970138,7.455545161242322e-05,2024
CNN_FINAL_w5_c16x32_k3_actrelu_d0.0_dense32_e50_lr0.001_b8,010523,Amazonas,Trita,1,0.149990458622225,0.14844703674316406,-0.0015434218790609244,0.0015434218790609244,2.382151096763955e-06,2020
CNN_FINAL_w5_c16x32_k3_actrelu_d0.0_dense32_e50_lr0.001_b8,010523,Amazonas,Trita,2,0.1690732141721264,0.14897751808166504,-0.020095696090461357,0.020095696090461357,0.0004038370013601839,2021
CNN_FINAL_w5_c16x32_k3_actrelu_d0.0_dense32_e50_lr0.001_b8,010523,Amazonas,Trita,3,0.1726353285414414,0.16833345592021942,-0.004301872621221975,0.004301872621221975,1.8506108049219225e-05,2022
CNN_FINAL_w5_c16x32_k3_actrelu_d0.0_dense32_e50_lr0.001_b8,010523,Amazonas,Trita,4,0.1740983398002671,0.17357048392295837,-0.0005278558773087194,0.0005278558773087194,2.7863182720935786e-07,2023
CNN_FINAL_w5_c16x32_k3_actrelu_d0.0_dense32_e50_lr0.001_b8,010523,Amazonas,Trita,5,0.1788054195025761,0.16979031264781952,-0.009015106854756594,0.009015106854756594,8.127215160267932e-05,2024
CNN_FINAL_w5_c16x32_k3_actrelu_d0.0_dense32_e50_lr0.001_b8,010601,Amazonas,San Nicolas,1,0.6677599526726058,0.6683176755905151,0.0005577229179093424,0.0005577229179093424,3.11054853161311e-07,2020
CNN_FINAL_w5_c16x32_k3_actrelu_d0.0_dense32_e50_lr0.001_b8,010601,Amazonas,San Nicolas,2,0.6688735384187082,0.6666884422302246,-0.002185096188483615,0.002185096188483615,4.7746453529256225e-06,2021
CNN_FINAL_w5_c16x32_k3_actrelu_d0.0_dense32_e50_lr0.001_b8,010601,Amazonas,San Nicolas,3,0.6652195851893096,0.6665722727775574,0.0013526875882478029,0.0013526875882478029,1.8297637113996575e-06,2022
CNN_FINAL_w5_c16x32_k3_actrelu_d0.0_dense32_e50_lr0.001_b8,010601,Amazonas,San Nicolas,4,0.6535443346325167,0.6615864634513855,0.008042128818868788,0.008042128818868788,6.467583593927989e-05,2023
CNN_FINAL_w5_c16x32_k3_actrelu_d0.0_dense32_e50_lr0.001_b8,010601,Amazonas,San Nicolas,5,0.6457840339643652,0.6469166278839111,0.001132593919545899,0.001132593919545899,1.2827689865923422e-06,2024
CNN_FINAL_w5_c16x32_k3_actrelu_d0.0_dense32_e50_lr0.001_b8,010602,Amazonas,Chirimoto,1,0.7118476621853498,0.7162098288536072,0.0043621666682573945,0.0043621666682573945,1.9028498041655817e-05,2020
CNN_FINAL_w5_c16x32_k3_actrelu_d0.0_dense32_e50_lr0.001_b8,010602,Amazonas,Chirimoto,2,0.7038575530507427,0.7087328433990479,0.004875290348305139,0.004875290348305139,2.3768455980277245e-05,2021
CNN_FINAL_w5_c16x32_k3_actrelu_d0.0_dense32_e50_lr0.001_b8,010602,Amazonas,Chirimoto,3,0.6963585207609958,0.6973400115966797,0.0009814908356838847,0.0009814908356838847,9.633242605314504e-07,2022
CNN_FINAL_w5_c16x32_k3_actrelu_d0.0_dense32_e50_lr0.001_b8,010602,Amazonas,Chirimoto,4,0.6909855623407611,0.6889616250991821,-0.0020239372415790102,0.0020239372415790102,4.096321957850452e-06,2023
CNN_FINAL_w5_c16x32_k3_actrelu_d0.0_dense32_e50_lr0.001_b8,010602,Amazonas,Chirimoto,5,0.6800778790102202,0.6842550039291382,0.004177124918917974,0.004177124918917974,1.744837258824549e-05,2024
CNN_FINAL_w5_c16x32_k3_actrelu_d0.0_dense32_e50_lr0.001_b8,010603,Amazonas,Cochamal,1,0.8182399276224567,0.8153382539749146,-0.0029016736475421245,0.0029016736475421245,8.419709956840418e-06,2020
CNN_FINAL_w5_c16x32_k3_actrelu_d0.0_dense32_e50_lr0.001_b8,010603,Amazonas,Cochamal,2,0.812049484211665,0.8094991445541382,-0.0025503396575268233,0.0025503396575268233,6.504232368754035e-06,2021
CNN_FINAL_w5_c16x32_k3_actrelu_d0.0_dense32_e50_lr0.001_b8,010603,Amazonas,Cochamal,3,0.8050969131371142,0.8028106689453125,-0.0022862441918016785,0.0022862441918016785,5.22691250454691e-06,2022
CNN_FINAL_w5_c16x32_k3_actrelu_d0.0_dense32_e50_lr0.001_b8,010603,Amazonas,Cochamal,4,0.7972789583927465,0.7957377433776855,-0.0015412150150609927,0.0015412150150609927,2.3753437226494557e-06,2023
CNN_FINAL_w5_c16x32_k3_actrelu_d0.0_dense32_e50_lr0.001_b8,010603,Amazonas,Cochamal,5,0.7942648664063959,0.7875732183456421,-0.006691648060753841,0.006691648060753841,4.477815376899064e-05,2024
CNN_FINAL_w5_c16x32_k3_actrelu_d0.0_dense32_e50_lr0.001_b8,010604,Amazonas,Huambo,1,0.2367809512907103,0.2324061095714569,-0.004374841719253397,0.004374841719253397,1.913924006852002e-05,2020
CNN_FINAL_w5_c16x32_k3_actrelu_d0.0_dense32_e50_lr0.001_b8,010604,Amazonas,Huambo,2,0.2369641119569572,0.2348063439130783,-0.002157768043878905,0.002157768043878905,4.655962931184996e-06,2021
CNN_FINAL_w5_c16x32_k3_actrelu_d0.0_dense32_e50_lr0.001_b8,010604,Amazonas,Huambo,3,0.23359853471467,0.230219766497612,-0.003378768217057987,0.003378768217057987,1.1416074664601208e-05,2022
CNN_FINAL_w5_c16x32_k3_actrelu_d0.0_dense32_e50_lr0.001_b8,010604,Amazonas,Huambo,4,0.2136111270104745,0.22893565893173218,0.015324531921257684,0.015324531921257684,0.0002348412786056457,2023
CNN_FINAL_w5_c16x32_k3_actrelu_d0.0_dense32_e50_lr0.001_b8,010604,Amazonas,Huambo,5,0.2097304103943678,0.20503109693527222,-0.004699313459095578,0.004699313459095578,2.2083546986836842e-05,2024
CNN_FINAL_w5_c16x32_k3_actrelu_d0.0_dense32_e50_lr0.001_b8,010605,Amazonas,Limabamba,1,0.806505844360474,0.8051261901855469,-0.0013796541749271363,0.0013796541749271363,1.9034456423938771e-06,2020
CNN_FINAL_w5_c16x32_k3_actrelu_d0.0_dense32_e50_lr0.001_b8,010605,Amazonas,Limabamba,2,0.7968726961539685,0.7979664206504822,0.0010937244965136816,0.0010937244965136816,1.1962332742741065e-06,2021
CNN_FINAL_w5_c16x32_k3_actrelu_d0.0_dense32_e50_lr0.001_b8,010605,Amazonas,Limabamba,3,0.7915068128792763,0.7868984937667847,-0.004608319112491599,0.004608319112491599,2.123660504255536e-05,2022
CNN_FINAL_w5_c16x32_k3_actrelu_d0.0_dense32_e50_lr0.001_b8,010605,Amazonas,Limabamba,4,0.7833278884266339,0.7820156216621399,-0.00131226676449403,0.00131226676449403,1.72204406119563e-06,2023
CNN_FINAL_w5_c16x32_k3_actrelu_d0.0_dense32_e50_lr0.001_b8,010605,Amazonas,Limabamba,5,0.7546322664207303,0.7737182378768921,0.019085971456161754,0.019085971456161754,0.0003642743064254212,2024
CNN_FINAL_w5_c16x32_k3_actrelu_d0.0_dense32_e50_lr0.001_b8,010606,Amazonas,Longar,1,0.7045658496502363,0.7036870121955872,-0.0008788374546491173,0.0008788374546491173,7.723552716941393e-07,2020
CNN_FINAL_w5_c16x32_k3_actrelu_d0.0_dense32_e50_lr0.001_b8,010606,Amazonas,Longar,2,0.6976246337481484,0.7003471851348877,0.0027225513867392692,0.0027225513867392692,7.412286053435918e-06,2021
CNN_FINAL_w5_c16x32_k3_actrelu_d0.0_dense32_e50_lr0.001_b8,010606,Amazonas,Longar,3,0.6850504373398493,0.6916846036911011,0.006634166351251802,0.006634166351251802,4.4012163176081654e-05,2022
CNN_FINAL_w5_c16x32_k3_actrelu_d0.0_dense32_e50_lr0.001_b8,010606,Amazonas,Longar,4,0.6701949378858484,0.67673659324646,0.006541655360611576,0.006541655360611576,4.279325485701817e-05,2023
CNN_FINAL_w5_c16x32_k3_actrelu_d0.0_dense32_e50_lr0.001_b8,010606,Amazonas,Longar,5,0.6654593419900314,0.6592665910720825,-0.006192750917948908,0.006192750917948908,3.835016393175705e-05,2024
CNN_FINAL_w5_c16x32_k3_actrelu_d0.0_dense32_e50_lr0.001_b8,010608,Amazonas,Milpuc,1,0.398258279378607,0.4002280831336975,0.0019698037550904823,0.0019698037550904823,3.880126833568565e-06,2020
CNN_FINAL_w5_c16x32_k3_actrelu_d0.0_dense32_e50_lr0.001_b8,010608,Amazonas,Milpuc,2,0.4143722979542023,0.3942689597606659,-0.02010333819353638,0.02010333819353638,0.00040414420652369853,2021
CNN_FINAL_w5_c16x32_k3_actrelu_d0.0_dense32_e50_lr0.001_b8,010608,Amazonas,Milpuc,3,0.4137310468940695,0.41563114523887634,0.0019000983448068665,0.0019000983448068665,3.6103737199377936e-06,2022
CNN_FINAL_w5_c16x32_k3_actrelu_d0.0_dense32_e50_lr0.001_b8,010608,Amazonas,Milpuc,4,0.4034503444138758,0.41144436597824097,0.007994021564365184,0.007994021564365184,6.390438077153558e-05,2023
CNN_FINAL_w5_c16x32_k3_actrelu_d0.0_dense32_e50_lr0.001_b8,010608,Amazonas,Milpuc,5,0.3932730695240262,0.39742937684059143,0.004156307316565244,0.004156307316565244,1.727489050973378e-05,2024
CNN_FINAL_w5_c16x32_k3_actrelu_d0.0_dense32_e50_lr0.001_b8,010609,Amazonas,Omia,1,0.712428800934716,0.7203890085220337,0.007960207587317747,0.007960207587317747,6.336490483319102e-05,2020
CNN_FINAL_w5_c16x32_k3_actrelu_d0.0_dense32_e50_lr0.001_b8,010609,Amazonas,Omia,2,0.7089551944232826,0.7092353701591492,0.0002801757358665835,0.0002801757358665835,7.849844296838157e-08,2021
CNN_FINAL_w5_c16x32_k3_actrelu_d0.0_dense32_e50_lr0.001_b8,010609,Amazonas,Omia,3,0.7032829528813171,0.7032806277275085,-2.3251538086022094e-06,2.3251538086022094e-06,5.40634023365736e-12,2022
CNN_FINAL_w5_c16x32_k3_actrelu_d0.0_dense32_e50_lr0.001_b8,010609,Amazonas,Omia,4,0.6997106643667181,0.6971473693847656,-0.002563294981952513,0.002563294981952513,6.570481164502934e-06,2023
CNN_FINAL_w5_c16x32_k3_actrelu_d0.0_dense32_e50_lr0.001_b8,010609,Amazonas,Omia,5,0.6896845728450811,0.6938607692718506,0.004176196426769474,0.004176196426769474,1.7440616594962123e-05,2024
CNN_FINAL_w5_c16x32_k3_actrelu_d0.0_dense32_e50_lr0.001_b8,010610,Amazonas,Santa Rosa,1,0.2150391140019337,0.21848773956298828,0.0034486255610545746,0.0034486255610545746,1.189301826035898e-05,2020
CNN_FINAL_w5_c16x32_k3_actrelu_d0.0_dense32_e50_lr0.001_b8,010610,Amazonas,Santa Rosa,2,0.2480882482200931,0.21068239212036133,-0.037405856099731766,0.037405856099731766,0.00139919807055384,2021
CNN_FINAL_w5_c16x32_k3_actrelu_d0.0_dense32_e50_lr0.001_b8,010610,Amazonas,Santa Rosa,3,0.2527028214819372,0.2483934760093689,-0.004309345472568282,0.004309345472568282,1.8570458401944753e-05,2022
CNN_FINAL_w5_c16x32_k3_actrelu_d0.0_dense32_e50_lr0.001_b8,010610,Amazonas,Santa Rosa,4,0.2652280917640854,0.25378358364105225,-0.011444508123033159,0.011444508123033159,0.00013097676617817197,2023
CNN_FINAL_w5_c16x32_k3_actrelu_d0.0_dense32_e50_lr0.001_b8,010610,Amazonas,Santa Rosa,5,0.2609211567196976,0.2599235773086548,-0.000997579411042837,0.000997579411042837,9.951646813365737e-07,2024
CNN_FINAL_w5_c16x32_k3_actrelu_d0.0_dense32_e50_lr0.001_b8,010611,Amazonas,Totora,1,0.2228216147023864,0.22884739935398102,0.006025784651594618,0.006025784651594618,3.631008066739327e-05,2020
CNN_FINAL_w5_c16x32_k3_actrelu_d0.0_dense32_e50_lr0.001_b8,010611,Amazonas,Totora,2,0.2289476090335558,0.21878370642662048,-0.01016390260693531,0.01016390260693531,0.0001033049162032664,2021
CNN_FINAL_w5_c16x32_k3_actrelu_d0.0_dense32_e50_lr0.001_b8,010611,Amazonas,Totora,3,0.2257474627411538,0.223202183842659,-0.0025452788984947905,0.0025452788984947905,6.478444671122854e-06,2022
CNN_FINAL_w5_c16x32_k3_actrelu_d0.0_dense32_e50_lr0.001_b8,010611,Amazonas,Totora,4,0.2150498308494102,0.22356005012989044,0.008510219280480236,0.008510219280480236,7.242383220185754e-05,2023
CNN_FINAL_w5_c16x32_k3_actrelu_d0.0_dense32_e50_lr0.001_b8,010611,Amazonas,Totora,5,0.1858370668373411,0.20545049011707306,0.01961342327973195,0.01961342327973195,0.00038468637274993126,2024
CNN_FINAL_w5_c16x32_k3_actrelu_d0.0_dense32_e50_lr0.001_b8,010701,Amazonas,Bagua Grande,1,0.4547301931986164,0.45455342531204224,-0.00017676788657416953,0.00017676788657416953,3.1246885723898466e-08,2020
CNN_FINAL_w5_c16x32_k3_actrelu_d0.0_dense32_e50_lr0.001_b8,010701,Amazonas,Bagua Grande,2,0.4323132358353416,0.45142996311187744,0.01911672727653585,0.01911672727653585,0.00036544926176544976,2021
CNN_FINAL_w5_c16x32_k3_actrelu_d0.0_dense32_e50_lr0.001_b8,010701,Amazonas,Bagua Grande,3,0.4285583282285664,0.4230142831802368,-0.00554404504832956,0.00554404504832956,3.073643549790752e-05,2022
CNN_FINAL_w5_c16x32_k3_actrelu_d0.0_dense32_e50_lr0.001_b8,010701,Amazonas,Bagua Grande,4,0.4343734830894661,0.42290249466896057,-0.011470988420505535,0.011470988420505535,0.00013158357534337207,2023
CNN_FINAL_w5_c16x32_k3_actrelu_d0.0_dense32_e50_lr0.001_b8,010701,Amazonas,Bagua Grande,5,0.4100356661201204,0.4312693774700165,0.0212337113498961,0.0212337113498961,0.0004508704976907065,2024
CNN_FINAL_w5_c16x32_k3_actrelu_d0.0_dense32_e50_lr0.001_b8,010703,Amazonas,Cumba,1,0.3463667830297154,0.34423309564590454,-0.002133687383810867,0.002133687383810867,4.5526218518336625e-06,2020
CNN_FINAL_w5_c16x32_k3_actrelu_d0.0_dense32_e50_lr0.001_b8,010703,Amazonas,Cumba,2,0.3446464622578766,0.3408905267715454,-0.0037559354863311856,0.0037559354863311856,1.410705137748188e-05,2021
CNN_FINAL_w5_c16x32_k3_actrelu_d0.0_dense32_e50_lr0.001_b8,010703,Amazonas,Cumba,3,0.347939309920812,0.3396841287612915,-0.008255181159520508,0.008255181159520508,6.814801597650236e-05,2022
CNN_FINAL_w5_c16x32_k3_actrelu_d0.0_dense32_e50_lr0.001_b8,010703,Amazonas,Cumba,4,0.3448179031595376,0.3442578613758087,-0.0005600417837288707,0.0005600417837288707,3.136467995222152e-07,2023
CNN_FINAL_w5_c16x32_k3_actrelu_d0.0_dense32_e50_lr0.001_b8,010703,Amazonas,Cumba,5,0.3392431179779432,0.339935839176178,0.0006927211982347692,0.0006927211982347692,4.798626584838144e-07,2024
CNN_FINAL_w5_c16x32_k3_actrelu_d0.0_dense32_e50_lr0.001_b8,010705,Amazonas,Jamalca,1,0.5213136140630512,0.5139286518096924,-0.007384962253358829,0.007384962253358829,5.453766748353471e-05,2020
CNN_FINAL_w5_c16x32_k3_actrelu_d0.0_dense32_e50_lr0.001_b8,010705,Amazonas,Jamalca,2,0.4938946235631236,0.5200539827346802,0.026159359171556595,0.026159359171556595,0.0006843120722665022,2021
CNN_FINAL_w5_c16x32_k3_actrelu_d0.0_dense32_e50_lr0.001_b8,010705,Amazonas,Jamalca,3,0.4911788668441638,0.48424282670021057,-0.006936040143953215,0.006936040143953215,4.8108652878530536e-05,2022
CNN_FINAL_w5_c16x32_k3_actrelu_d0.0_dense32_e50_lr0.001_b8,010705,Amazonas,Jamalca,4,0.4935291385467402,0.48593488335609436,-0.007594255190645827,0.007594255190645827,5.767271190065108e-05,2023
CNN_FINAL_w5_c16x32_k3_actrelu_d0.0_dense32_e50_lr0.001_b8,010705,Amazonas,Jamalca,5,0.4755670728457323,0.4899744987487793,0.014407425903047,0.014407425903047,0.00020757392115178965,2024
CNN_FINAL_w5_c16x32_k3_actrelu_d0.0_dense32_e50_lr0.001_b8,010706,Amazonas,Lonya Grande,1,0.5421840893442262,0.5702921748161316,0.028108085471905353,0.028108085471905353,0.0007900644688959368,2020
CNN_FINAL_w5_c16x32_k3_actrelu_d0.0_dense32_e50_lr0.001_b8,010706,Amazonas,Lonya Grande,2,0.5344709714280134,0.5316489338874817,-0.0028220375405316744,0.0028220375405316744,7.963895880170062e-06,2021
CNN_FINAL_w5_c16x32_k3_actrelu_d0.0_dense32_e50_lr0.001_b8,010706,Amazonas,Lonya Grande,3,0.5465375205707561,0.5278338193893433,-0.018703701181412846,0.018703701181412846,0.0003498284378835843,2022
CNN_FINAL_w5_c16x32_k3_actrelu_d0.0_dense32_e50_lr0.001_b8,010706,Amazonas,Lonya Grande,4,0.5301883475517748,0.5454267263412476,0.015238378789472762,0.015238378789472762,0.00023220818813145336,2023
CNN_FINAL_w5_c16x32_k3_actrelu_d0.0_dense32_e50_lr0.001_b8,010706,Amazonas,Lonya Grande,5,0.5252855489522954,0.5219691395759583,-0.0033164093763371483,0.0033164093763371483,1.0998571151456952e-05,2024
CNN_FINAL_w5_c16x32_k3_actrelu_d0.0_dense32_e50_lr0.001_b8,010707,Amazonas,Yamon,1,0.4905221369229151,0.4982667565345764,0.007744619611661341,0.007744619611661341,5.997913292932946e-05,2020
CNN_FINAL_w5_c16x32_k3_actrelu_d0.0_dense32_e50_lr0.001_b8,010707,Amazonas,Yamon,2,0.4838902618571879,0.4850814938545227,0.0011912319973347851,0.0011912319973347851,1.4190336714742215e-06,2021
CNN_FINAL_w5_c16x32_k3_actrelu_d0.0_dense32_e50_lr0.001_b8,010707,Amazonas,Yamon,3,0.4922310442738458,0.4790453314781189,-0.01318571279572689,0.01318571279572689,0.0001738630219313958,2022
CNN_FINAL_w5_c16x32_k3_actrelu_d0.0_dense32_e50_lr0.001_b8,010707,Amazonas,Yamon,4,0.485277105899674,0.49125421047210693,0.005977104572432945,0.005977104572432945,3.572577906979882e-05,2023
CNN_FINAL_w5_c16x32_k3_actrelu_d0.0_dense32_e50_lr0.001_b8,010707,Amazonas,Yamon,5,0.480439583552424,0.480411559343338,-2.802420908598613e-05,2.802420908598613e-05,7.853562948950675e-10,2024
CNN_FINAL_w5_c16x32_k3_actrelu_d0.0_dense32_e50_lr0.001_b8,050408,Ayacucho,Llochegua,1,0.5963197911534809,0.5967949628829956,0.00047517172951472286,0.00047517172951472286,2.2578817253001295e-07,2020
CNN_FINAL_w5_c16x32_k3_actrelu_d0.0_dense32_e50_lr0.001_b8,050408,Ayacucho,Llochegua,2,0.596406133342814,0.5893203020095825,-0.007085831333231485,0.007085831333231485,5.0209005683005085e-05,2021
CNN_FINAL_w5_c16x32_k3_actrelu_d0.0_dense32_e50_lr0.001_b8,050408,Ayacucho,Llochegua,3,0.5938260255674459,0.5918936729431152,-0.0019323526243306688,0.0019323526243306688,3.7339866647576228e-06,2022
CNN_FINAL_w5_c16x32_k3_actrelu_d0.0_dense32_e50_lr0.001_b8,050408,Ayacucho,Llochegua,4,0.5919840588616714,0.5896068811416626,-0.002377177720008783,0.002377177720008783,5.6509739125061555e-06,2023
CNN_FINAL_w5_c16x32_k3_actrelu_d0.0_dense32_e50_lr0.001_b8,050408,Ayacucho,Llochegua,5,0.585625210564898,0.5877416133880615,0.002116402823163499,0.002116402823163499,4.479160909894429e-06,2024
CNN_FINAL_w5_c16x32_k3_actrelu_d0.0_dense32_e50_lr0.001_b8,050409,Ayacucho,Canayre,1,0.6973024216195859,0.6957144141197205,-0.0015880074998654292,0.0015880074998654292,2.5217678196288512e-06,2020
CNN_FINAL_w5_c16x32_k3_actrelu_d0.0_dense32_e50_lr0.001_b8,050409,Ayacucho,Canayre,2,0.6945688062671865,0.6868147850036621,-0.007754021263524424,0.007754021263524424,6.012484575518891e-05,2021
CNN_FINAL_w5_c16x32_k3_actrelu_d0.0_dense32_e50_lr0.001_b8,050409,Ayacucho,Canayre,3,0.6886827675095855,0.6876811981201172,-0.001001569389468271,0.001001569389468271,1.003141241919845e-06,2022
CNN_FINAL_w5_c16x32_k3_actrelu_d0.0_dense32_e50_lr0.001_b8,050409,Ayacucho,Canayre,4,0.6859037001204479,0.6827499866485596,-0.0031537134718883086,0.0031537134718883086,9.94590866276981e-06,2023
CNN_FINAL_w5_c16x32_k3_actrelu_d0.0_dense32_e50_lr0.001_b8,050409,Ayacucho,Canayre,5,0.6771801556407601,0.6805220246315002,0.003341868990740182,0.003341868990740182,1.1168088351270804e-05,2024
CNN_FINAL_w5_c16x32_k3_actrelu_d0.0_dense32_e50_lr0.001_b8,050502,Ayacucho,Anco,1,0.5029979361906946,0.4973112642765045,-0.0056866719141900335,0.0056866719141900335,3.233823745963774e-05,2020
CNN_FINAL_w5_c16x32_k3_actrelu_d0.0_dense32_e50_lr0.001_b8,050502,Ayacucho,Anco,2,0.5041596291894572,0.500667929649353,-0.0034916995401041984,0.0034916995401041984,1.219196567836387e-05,2021
CNN_FINAL_w5_c16x32_k3_actrelu_d0.0_dense32_e50_lr0.001_b8,050502,Ayacucho,Anco,3,0.4993650265222194,0.5017036199569702,0.002338593434750791,0.002338593434750791,5.4690192530595014e-06,2022
CNN_FINAL_w5_c16x32_k3_actrelu_d0.0_dense32_e50_lr0.001_b8,050502,Ayacucho,Anco,4,0.4933877784774838,0.49559932947158813,0.002211550994104361,0.002211550994104361,4.8909577995239875e-06,2023
CNN_FINAL_w5_c16x32_k3_actrelu_d0.0_dense32_e50_lr0.001_b8,050502,Ayacucho,Anco,5,0.4961942332069594,0.4888400435447693,-0.0073541896621900915,0.0073541896621900915,5.408410558746361e-05,2024
CNN_FINAL_w5_c16x32_k3_actrelu_d0.0_dense32_e50_lr0.001_b8,050507,Ayacucho,Santa Rosa,1,0.4456698632163656,0.4345920979976654,-0.011077765218700186,0.011077765218700186,0.00012271688224064359,2020
CNN_FINAL_w5_c16x32_k3_actrelu_d0.0_dense32_e50_lr0.001_b8,050507,Ayacucho,Santa Rosa,2,0.4464544301130224,0.4440349042415619,-0.002419525871460493,0.002419525871460493,5.854105442666657e-06,2021
CNN_FINAL_w5_c16x32_k3_actrelu_d0.0_dense32_e50_lr0.001_b8,050507,Ayacucho,Santa Rosa,3,0.4441702196338987,0.4436619281768799,-0.0005082914570188057,0.0005082914570188057,2.5836020527830045e-07,2022
CNN_FINAL_w5_c16x32_k3_actrelu_d0.0_dense32_e50_lr0.001_b8,050507,Ayacucho,Santa Rosa,4,0.4411216168354606,0.4406709372997284,-0.0004506795357321902,0.0004506795357321902,2.0311204392778253e-07,2023
CNN_FINAL_w5_c16x32_k3_actrelu_d0.0_dense32_e50_lr0.001_b8,050507,Ayacucho,Santa Rosa,5,0.4371494667186722,0.43712612986564636,-2.3336853025857085e-05,2.3336853025857085e-05,5.44608709150455e-10,2024
CNN_FINAL_w5_c16x32_k3_actrelu_d0.0_dense32_e50_lr0.001_b8,050512,Ayacucho,Union Progreso,1,0.1262791786502575,0.10437700897455215,-0.021902169675705352,0.021902169675705352,0.0004797050365033871,2020
CNN_FINAL_w5_c16x32_k3_actrelu_d0.0_dense32_e50_lr0.001_b8,050512,Ayacucho,Union Progreso,2,0.1276168818139255,0.12689189612865448,-0.0007249856852710179,0.0007249856852710179,5.256042438478874e-07,2021
CNN_FINAL_w5_c16x32_k3_actrelu_d0.0_dense32_e50_lr0.001_b8,050512,Ayacucho,Union Progreso,3,0.1227565603192651,0.13022024929523468,0.007463688975969579,0.007463688975969579,5.5706653130009825e-05,2022
CNN_FINAL_w5_c16x32_k3_actrelu_d0.0_dense32_e50_lr0.001_b8,050512,Ayacucho,Union Progreso,4,0.1165808307136646,0.12273117899894714,0.0061503482852825475,0.0061503482852825475,3.782678403027797e-05,2023
CNN_FINAL_w5_c16x32_k3_actrelu_d0.0_dense32_e50_lr0.001_b8,050512,Ayacucho,Union Progreso,5,0.1116090339553653,0.11727361381053925,0.0056645798551739485,0.0056645798551739485,3.208746493564251e-05,2024
CNN_FINAL_w5_c16x32_k3_actrelu_d0.0_dense32_e50_lr0.001_b8,060801,Cajamarca,Jaen,1,0.3073087760676266,0.3001726269721985,-0.00713614909542809,0.00713614909542809,5.092462391217915e-05,2020
CNN_FINAL_w5_c16x32_k3_actrelu_d0.0_dense32_e50_lr0.001_b8,060801,Cajamarca,Jaen,2,0.3015372159222735,0.3040671944618225,0.002529978539549005,0.002529978539549005,6.400791410578516e-06,2021
CNN_FINAL_w5_c16x32_k3_actrelu_d0.0_dense32_e50_lr0.001_b8,060801,Cajamarca,Jaen,3,0.3093953062671111,0.2966637909412384,-0.012731515325872689,0.012731515325872689,0.00016209148249293116,2022
CNN_FINAL_w5_c16x32_k3_actrelu_d0.0_dense32_e50_lr0.001_b8,060801,Cajamarca,Jaen,4,0.3223801165192708,0.30686408281326294,-0.015516033706007848,0.015516033706007848,0.00024074730196597163,2023
CNN_FINAL_w5_c16x32_k3_actrelu_d0.0_dense32_e50_lr0.001_b8,060801,Cajamarca,Jaen,5,0.3145316267735106,0.32123667001724243,0.006705043243731834,0.006705043243731834,4.495760490031392e-05,2024
CNN_FINAL_w5_c16x32_k3_actrelu_d0.0_dense32_e50_lr0.001_b8,060803,Cajamarca,Chontali,1,0.4911873795807437,0.4845801591873169,-0.006607220393426816,0.006607220393426816,4.365536132731521e-05,2020
CNN_FINAL_w5_c16x32_k3_actrelu_d0.0_dense32_e50_lr0.001_b8,060803,Cajamarca,Chontali,2,0.4813113163785587,0.48940786719322205,0.008096550814663372,0.008096550814663372,6.555413509442611e-05,2021
CNN_FINAL_w5_c16x32_k3_actrelu_d0.0_dense32_e50_lr0.001_b8,060803,Cajamarca,Chontali,3,0.4844621866693357,0.4756821393966675,-0.008780047272668234,0.008780047272668234,7.70892301102889e-05,2022
CNN_FINAL_w5_c16x32_k3_actrelu_d0.0_dense32_e50_lr0.001_b8,060803,Cajamarca,Chontali,4,0.5387757223230595,0.48209482431411743,-0.05668089800894205,0.05668089800894205,0.0032127241991000907,2023
CNN_FINAL_w5_c16x32_k3_actrelu_d0.0_dense32_e50_lr0.001_b8,060803,Cajamarca,Chontali,5,0.5326125661403668,0.5417361855506897,0.009123619410322914,0.009123619410322914,8.324043114442104e-05,2024
CNN_FINAL_w5_c16x32_k3_actrelu_d0.0_dense32_e50_lr0.001_b8,060804,Cajamarca,Colasay,1,0.2700840435431221,0.26867663860321045,-0.0014074049399116495,0.0014074049399116495,1.980788664887714e-06,2020
CNN_FINAL_w5_c16x32_k3_actrelu_d0.0_dense32_e50_lr0.001_b8,060804,Cajamarca,Colasay,2,0.2565262986869119,0.2683444023132324,0.01181810362632052,0.01181810362632052,0.00013966757332245023,2021
CNN_FINAL_w5_c16x32_k3_actrelu_d0.0_dense32_e50_lr0.001_b8,060804,Cajamarca,Colasay,3,0.2795208484114441,0.2516815662384033,-0.02783928217304077,0.02783928217304077,0.0007750256319101856,2022
CNN_FINAL_w5_c16x32_k3_actrelu_d0.0_dense32_e50_lr0.001_b8,060804,Cajamarca,Colasay,4,0.3028994283857436,0.28174981474876404,-0.021149613636979536,0.021149613636979536,0.00044730615699351076,2023
CNN_FINAL_w5_c16x32_k3_actrelu_d0.0_dense32_e50_lr0.001_b8,060804,Cajamarca,Colasay,5,0.2988213225410986,0.30555450916290283,0.006733186621804221,0.006733186621804221,4.533580208404334e-05,2024
CNN_FINAL_w5_c16x32_k3_actrelu_d0.0_dense32_e50_lr0.001_b8,060807,Cajamarca,Pomahuaca,1,0.3931744081910605,0.3825165927410126,-0.010657815450047903,0.010657815450047903,0.00011358903016727978,2020
CNN_FINAL_w5_c16x32_k3_actrelu_d0.0_dense32_e50_lr0.001_b8,060807,Cajamarca,Pomahuaca,2,0.3856299527253538,0.39029061794281006,0.0046606652174562835,0.0046606652174562835,2.1721800269206826e-05,2021
CNN_FINAL_w5_c16x32_k3_actrelu_d0.0_dense32_e50_lr0.001_b8,060807,Cajamarca,Pomahuaca,3,0.3926488910493482,0.37956565618515015,-0.013083234864198046,0.013083234864198046,0.00017117103451176724,2022
CNN_FINAL_w5_c16x32_k3_actrelu_d0.0_dense32_e50_lr0.001_b8,060807,Cajamarca,Pomahuaca,4,0.4195444204312306,0.38969308137893677,-0.029851339052293813,0.029851339052293813,0.0008911024432150017,2023
CNN_FINAL_w5_c16x32_k3_actrelu_d0.0_dense32_e50_lr0.001_b8,060807,Cajamarca,Pomahuaca,5,0.4155077918864532,0.4220823347568512,0.0065745428703979925,0.0065745428703979925,4.3224613954701076e-05,2024
CNN_FINAL_w5_c16x32_k3_actrelu_d0.0_dense32_e50_lr0.001_b8,060809,Cajamarca,Sallique,1,0.2715509381389909,0.2609206438064575,-0.010630294332533374,0.010630294332533374,0.00011300315759629118,2020
CNN_FINAL_w5_c16x32_k3_actrelu_d0.0_dense32_e50_lr0.001_b8,060809,Cajamarca,Sallique,2,0.2692995018150078,0.27097272872924805,0.0016732269142402667,0.0016732269142402667,2.799688306538005e-06,2021
CNN_FINAL_w5_c16x32_k3_actrelu_d0.0_dense32_e50_lr0.001_b8,060809,Cajamarca,Sallique,3,0.2919427269610715,0.26708412170410156,-0.024858605256969923,0.024858605256969923,0.0006179502553218527,2022
CNN_FINAL_w5_c16x32_k3_actrelu_d0.0_dense32_e50_lr0.001_b8,060809,Cajamarca,Sallique,4,0.2921372354987807,0.2938067317008972,0.0016694962021165383,0.0016694962021165383,2.7872175688815453e-06,2023
CNN_FINAL_w5_c16x32_k3_actrelu_d0.0_dense32_e50_lr0.001_b8,060809,Cajamarca,Sallique,5,0.2989790733126992,0.28997984528541565,-0.008999228027283535,0.008999228027283535,8.09861050870455e-05,2024
CNN_FINAL_w5_c16x32_k3_actrelu_d0.0_dense32_e50_lr0.001_b8,060810,Cajamarca,San Felipe,1,0.3377852652054604,0.3086138367652893,-0.02917142844017112,0.02917142844017112,0.0008509722372400245,2020
CNN_FINAL_w5_c16x32_k3_actrelu_d0.0_dense32_e50_lr0.001_b8,060810,Cajamarca,San Felipe,2,0.2851401576991212,0.33831411600112915,0.05317395830200794,0.05317395830200794,0.0028274698415036792,2021
CNN_FINAL_w5_c16x32_k3_actrelu_d0.0_dense32_e50_lr0.001_b8,060810,Cajamarca,San Felipe,3,0.3247004064052242,0.27174174785614014,-0.05295865854908405,0.05295865854908405,0.0028046195153184727,2022
CNN_FINAL_w5_c16x32_k3_actrelu_d0.0_dense32_e50_lr0.001_b8,060810,Cajamarca,San Felipe,4,0.3577373302302963,0.32626569271087646,-0.03147163751941984,0.03147163751941984,0.0009904639681537545,2023
CNN_FINAL_w5_c16x32_k3_actrelu_d0.0_dense32_e50_lr0.001_b8,060810,Cajamarca,San Felipe,5,0.3593837924207162,0.3592204451560974,-0.00016334726461880722,0.00016334726461880722,2.668232885844663e-08,2024
CNN_FINAL_w5_c16x32_k3_actrelu_d0.0_dense32_e50_lr0.001_b8,060811,Cajamarca,San Jose Del Alto,1,0.4524487129691748,0.43603235483169556,-0.01641635813747927,0.01641635813747927,0.00026949681449798185,2020
CNN_FINAL_w5_c16x32_k3_actrelu_d0.0_dense32_e50_lr0.001_b8,060811,Cajamarca,San Jose Del Alto,2,0.4435348328095759,0.4511955678462982,0.0076607350367223215,0.0076607350367223215,5.868686130286495e-05,2021
CNN_FINAL_w5_c16x32_k3_actrelu_d0.0_dense32_e50_lr0.001_b8,060811,Cajamarca,San Jose Del Alto,3,0.44199004272448,0.4377382695674896,-0.004251773156990379,0.004251773156990379,1.8077574978503936e-05,2022
CNN_FINAL_w5_c16x32_k3_actrelu_d0.0_dense32_e50_lr0.001_b8,060811,Cajamarca,San Jose Del Alto,4,0.4792927509621835,0.4379517138004303,-0.04134103716175319,0.04134103716175319,0.0017090813536094584,2023
CNN_FINAL_w5_c16x32_k3_actrelu_d0.0_dense32_e50_lr0.001_b8,060811,Cajamarca,San Jose Del Alto,5,0.4659669503195509,0.4831523299217224,0.017185379602171535,0.017185379602171535,0.00029533727207073346,2024
CNN_FINAL_w5_c16x32_k3_actrelu_d0.0_dense32_e50_lr0.001_b8,060812,Cajamarca,Santa Rosa,1,0.3302906702159632,0.3280654549598694,-0.0022252152560938154,0.0022252152560938154,4.9515829359526645e-06,2020
CNN_FINAL_w5_c16x32_k3_actrelu_d0.0_dense32_e50_lr0.001_b8,060812,Cajamarca,Santa Rosa,2,0.3372776322757002,0.3261028528213501,-0.011174779454350081,0.011174779454350081,0.0001248756958533647,2021
CNN_FINAL_w5_c16x32_k3_actrelu_d0.0_dense32_e50_lr0.001_b8,060812,Cajamarca,Santa Rosa,3,0.341499577805447,0.3343348503112793,-0.007164727494167689,0.007164727494167689,5.1333320065682404e-05,2022
CNN_FINAL_w5_c16x32_k3_actrelu_d0.0_dense32_e50_lr0.001_b8,060812,Cajamarca,Santa Rosa,4,0.3406151159961644,0.3384266793727875,-0.0021884366233769215,0.0021884366233769215,4.789254854537381e-06,2023
CNN_FINAL_w5_c16x32_k3_actrelu_d0.0_dense32_e50_lr0.001_b8,060812,Cajamarca,Santa Rosa,5,0.332466045539765,0.33626845479011536,0.003802409250350358,0.003802409250350358,1.4458316107149973e-05,2024
CNN_FINAL_w5_c16x32_k3_actrelu_d0.0_dense32_e50_lr0.001_b8,060901,Cajamarca,San Ignacio,1,0.2714857228584287,0.25825202465057373,-0.013233698207854971,0.013233698207854971,0.00017513076825658388,2020
CNN_FINAL_w5_c16x32_k3_actrelu_d0.0_dense32_e50_lr0.001_b8,060901,Cajamarca,San Ignacio,2,0.253338000700105,0.27131685614585876,0.017978855445753783,0.017978855445753783,0.00032323924313931046,2021
CNN_FINAL_w5_c16x32_k3_actrelu_d0.0_dense32_e50_lr0.001_b8,060901,Cajamarca,San Ignacio,3,0.2521803270490573,0.24818281829357147,-0.0039975087554858235,0.0039975087554858235,1.598007625018582e-05,2022
CNN_FINAL_w5_c16x32_k3_actrelu_d0.0_dense32_e50_lr0.001_b8,060901,Cajamarca,San Ignacio,4,0.3219457918687803,0.24705009162425995,-0.07489570024452036,0.07489570024452036,0.005609365915117047,2023
CNN_FINAL_w5_c16x32_k3_actrelu_d0.0_dense32_e50_lr0.001_b8,060901,Cajamarca,San Ignacio,5,0.3073135970395559,0.3305419087409973,0.023228311701441406,0.023228311701441406,0.0005395544644993198,2024
CNN_FINAL_w5_c16x32_k3_actrelu_d0.0_dense32_e50_lr0.001_b8,060902,Cajamarca,Chirinos,1,0.362724443020998,0.36463430523872375,0.0019098622177257663,0.0019098622177257663,3.6475736906963823e-06,2020
CNN_FINAL_w5_c16x32_k3_actrelu_d0.0_dense32_e50_lr0.001_b8,060902,Cajamarca,Chirinos,2,0.3540194567327901,0.3584229350090027,0.004403478276212569,0.004403478276212569,1.9390620929076018e-05,2021
CNN_FINAL_w5_c16x32_k3_actrelu_d0.0_dense32_e50_lr0.001_b8,060902,Cajamarca,Chirinos,3,0.3544223031807354,0.34780460596084595,-0.0066176972198894735,0.0066176972198894735,4.379391649413286e-05,2022
CNN_FINAL_w5_c16x32_k3_actrelu_d0.0_dense32_e50_lr0.001_b8,060902,Cajamarca,Chirinos,4,0.4178393418339772,0.3498297929763794,-0.0680095488575978,0.0680095488575978,0.004625298735813983,2023
CNN_FINAL_w5_c16x32_k3_actrelu_d0.0_dense32_e50_lr0.001_b8,060902,Cajamarca,Chirinos,5,0.4075880257021038,0.4182891249656677,0.01070109926356394,0.01070109926356394,0.0001145135254486487,2024
CNN_FINAL_w5_c16x32_k3_actrelu_d0.0_dense32_e50_lr0.001_b8,060903,Cajamarca,Huarango,1,0.6402933249346798,0.641966700553894,0.0016733756192142124,0.0016733756192142124,2.8001859629805486e-06,2020
CNN_FINAL_w5_c16x32_k3_actrelu_d0.0_dense32_e50_lr0.001_b8,060903,Cajamarca,Huarango,2,0.6322724146423067,0.6382841467857361,0.006011732143429427,0.006011732143429427,3.614092336434257e-05,2021
CNN_FINAL_w5_c16x32_k3_actrelu_d0.0_dense32_e50_lr0.001_b8,060903,Cajamarca,Huarango,3,0.6351579800453488,0.6274288296699524,-0.007729150375396454,0.007729150375396454,5.973976552549115e-05,2022
CNN_FINAL_w5_c16x32_k3_actrelu_d0.0_dense32_e50_lr0.001_b8,060903,Cajamarca,Huarango,4,0.641054698193014,0.6319952607154846,-0.009059437477529353,0.009059437477529353,8.20734074092634e-05,2023
CNN_FINAL_w5_c16x32_k3_actrelu_d0.0_dense32_e50_lr0.001_b8,060903,Cajamarca,Huarango,5,0.6348832577356406,0.6406631469726562,0.005779889237015667,0.005779889237015667,3.3407119592169555e-05,2024
CNN_FINAL_w5_c16x32_k3_actrelu_d0.0_dense32_e50_lr0.001_b8,060904,Cajamarca,La Coipa,1,0.3557002970623831,0.3286210894584656,-0.02707920760391752,0.02707920760391752,0.0007332834844560645,2020
CNN_FINAL_w5_c16x32_k3_actrelu_d0.0_dense32_e50_lr0.001_b8,060904,Cajamarca,La Coipa,2,0.3503069644625371,0.3556777238845825,0.005370759422045401,0.005370759422045401,2.8845056769489455e-05,2021
CNN_FINAL_w5_c16x32_k3_actrelu_d0.0_dense32_e50_lr0.001_b8,060904,Cajamarca,La Coipa,3,0.3372076135988557,0.3456386625766754,0.00843104897781971,0.00843104897781971,7.108258686639479e-05,2022
CNN_FINAL_w5_c16x32_k3_actrelu_d0.0_dense32_e50_lr0.001_b8,060904,Cajamarca,La Coipa,4,0.3998415667290131,0.32988572120666504,-0.06995584552234807,0.06995584552234807,0.004893820322746626,2023
CNN_FINAL_w5_c16x32_k3_actrelu_d0.0_dense32_e50_lr0.001_b8,060904,Cajamarca,La Coipa,5,0.3897502475519859,0.40213894844055176,0.012388700888565862,0.012388700888565862,0.00015347990970635258,2024
CNN_FINAL_w5_c16x32_k3_actrelu_d0.0_dense32_e50_lr0.001_b8,060907,Cajamarca,Tabaconas,1,0.6360185969339256,0.6246675848960876,-0.011351012037837949,0.011351012037837949,0.00012884547428314202,2020
CNN_FINAL_w5_c16x32_k3_actrelu_d0.0_dense32_e50_lr0.001_b8,060907,Cajamarca,Tabaconas,2,0.6268111558559025,0.6323769092559814,0.005565753400078921,0.005565753400078921,3.097761091049007e-05,2021
CNN_FINAL_w5_c16x32_k3_actrelu_d0.0_dense32_e50_lr0.001_b8,060907,Cajamarca,Tabaconas,3,0.62729048203391,0.6226544380187988,-0.004636044015111196,0.004636044015111196,2.149290411004834e-05,2022
CNN_FINAL_w5_c16x32_k3_actrelu_d0.0_dense32_e50_lr0.001_b8,060907,Cajamarca,Tabaconas,4,0.6606140214429331,0.6236809492111206,-0.036933072231812525,0.036933072231812525,0.0013640518244802814,2023
CNN_FINAL_w5_c16x32_k3_actrelu_d0.0_dense32_e50_lr0.001_b8,060907,Cajamarca,Tabaconas,5,0.6547733858748567,0.6669771671295166,0.012203781254659929,0.012203781254659929,0.00014893227691158907,2024
CNN_FINAL_w5_c16x32_k3_actrelu_d0.0_dense32_e50_lr0.001_b8,080408,Cusco,Yanatile,1,0.5098486022567379,0.5071585178375244,-0.0026900844192134787,0.0026900844192134787,7.236554182495119e-06,2020
CNN_FINAL_w5_c16x32_k3_actrelu_d0.0_dense32_e50_lr0.001_b8,080408,Cusco,Yanatile,2,0.5021753958309801,0.5073575377464294,0.005182141915449301,0.005182141915449301,2.685459483185655e-05,2021
CNN_FINAL_w5_c16x32_k3_actrelu_d0.0_dense32_e50_lr0.001_b8,080408,Cusco,Yanatile,3,0.5000893098711049,0.4975011646747589,-0.002588145196345981,0.002588145196345981,6.698495557368777e-06,2022
CNN_FINAL_w5_c16x32_k3_actrelu_d0.0_dense32_e50_lr0.001_b8,080408,Cusco,Yanatile,4,0.4861674770224089,0.4963406026363373,0.010173125613928358,0.010173125613928358,0.00010349248475676522,2023
CNN_FINAL_w5_c16x32_k3_actrelu_d0.0_dense32_e50_lr0.001_b8,080408,Cusco,Yanatile,5,0.4810746254020038,0.4789145290851593,-0.0021600963168444953,0.0021600963168444953,4.666016098045154e-06,2024
CNN_FINAL_w5_c16x32_k3_actrelu_d0.0_dense32_e50_lr0.001_b8,080901,Cusco,Santa Ana,1,0.5770451493060892,0.5734391808509827,-0.003605968455106523,0.003605968455106523,1.3003008499223324e-05,2020
CNN_FINAL_w5_c16x32_k3_actrelu_d0.0_dense32_e50_lr0.001_b8,080901,Cusco,Santa Ana,2,0.5819229047367682,0.575469434261322,-0.006453470475446199,0.006453470475446199,4.164728117745579e-05,2021
CNN_FINAL_w5_c16x32_k3_actrelu_d0.0_dense32_e50_lr0.001_b8,080901,Cusco,Santa Ana,3,0.5887918534802451,0.5804904103279114,-0.00830144315233372,0.00830144315233372,6.891395841142842e-05,2022
CNN_FINAL_w5_c16x32_k3_actrelu_d0.0_dense32_e50_lr0.001_b8,080901,Cusco,Santa Ana,4,0.584359555166523,0.5878399610519409,0.00348040588541787,0.00348040588541787,1.2113225127251347e-05,2023
CNN_FINAL_w5_c16x32_k3_actrelu_d0.0_dense32_e50_lr0.001_b8,080901,Cusco,Santa Ana,5,0.5728912616904652,0.5805312991142273,0.007640037423762069,0.007640037423762069,5.837017183648496e-05,2024
CNN_FINAL_w5_c16x32_k3_actrelu_d0.0_dense32_e50_lr0.001_b8,080903,Cusco,Huayopata,1,0.5421369005340279,0.5410770177841187,-0.0010598827499092023,0.0010598827499092023,1.1233514435550927e-06,2020
CNN_FINAL_w5_c16x32_k3_actrelu_d0.0_dense32_e50_lr0.001_b8,080903,Cusco,Huayopata,2,0.5416436482256071,0.5390227437019348,-0.0026209045236722517,0.0026209045236722517,6.8691405222056726e-06,2021
CNN_FINAL_w5_c16x32_k3_actrelu_d0.0_dense32_e50_lr0.001_b8,080903,Cusco,Huayopata,3,0.5570627153868414,0.5388271808624268,-0.01823553452441462,0.01823553452441462,0.0003325347193911176,2022
CNN_FINAL_w5_c16x32_k3_actrelu_d0.0_dense32_e50_lr0.001_b8,080903,Cusco,Huayopata,4,0.5489865309236314,0.5574352741241455,0.008448743200514142,0.008448743200514142,7.138126166823394e-05,2023
CNN_FINAL_w5_c16x32_k3_actrelu_d0.0_dense32_e50_lr0.001_b8,080903,Cusco,Huayopata,5,0.5366979717465078,0.544528603553772,0.007830631807264177,0.007830631807264177,6.131879450093742e-05,2024
CNN_FINAL_w5_c16x32_k3_actrelu_d0.0_dense32_e50_lr0.001_b8,080904,Cusco,Maranura,1,0.5512863294719613,0.5434168577194214,-0.007869471752539936,0.007869471752539936,6.192858566402397e-05,2020
CNN_FINAL_w5_c16x32_k3_actrelu_d0.0_dense32_e50_lr0.001_b8,080904,Cusco,Maranura,2,0.5441462342353794,0.5503239631652832,0.0061777289299037585,0.0061777289299037585,3.8164334731369835e-05,2021
CNN_FINAL_w5_c16x32_k3_actrelu_d0.0_dense32_e50_lr0.001_b8,080904,Cusco,Maranura,3,0.5495436801152586,0.5401177406311035,-0.009425939484155044,0.009425939484155044,8.884833515895305e-05,2022
CNN_FINAL_w5_c16x32_k3_actrelu_d0.0_dense32_e50_lr0.001_b8,080904,Cusco,Maranura,4,0.5484578347714163,0.5477827191352844,-0.0006751156361318733,0.0006751156361318733,4.5578112214974395e-07,2023
CNN_FINAL_w5_c16x32_k3_actrelu_d0.0_dense32_e50_lr0.001_b8,080904,Cusco,Maranura,5,0.5441886086878222,0.5453739166259766,0.0011853079381544118,0.0011853079381544118,1.404954908251863e-06,2024
CNN_FINAL_w5_c16x32_k3_actrelu_d0.0_dense32_e50_lr0.001_b8,080905,Cusco,Ocobamba,1,0.4700130516495526,0.47534334659576416,0.005330294946211567,0.005330294946211567,2.841204421360857e-05,2020
CNN_FINAL_w5_c16x32_k3_actrelu_d0.0_dense32_e50_lr0.001_b8,080905,Cusco,Ocobamba,2,0.4590803995766049,0.4657057225704193,0.006625322993814409,0.006625322993814409,4.389490477236592e-05,2021
CNN_FINAL_w5_c16x32_k3_actrelu_d0.0_dense32_e50_lr0.001_b8,080905,Cusco,Ocobamba,3,0.4682590150907802,0.45308804512023926,-0.01517096997054096,0.01517096997054096,0.00023015832984705557,2022
CNN_FINAL_w5_c16x32_k3_actrelu_d0.0_dense32_e50_lr0.001_b8,080905,Cusco,Ocobamba,4,0.4559736823748138,0.4670617878437042,0.011088105468890441,0.011088105468890441,0.00012294608288923811,2023
CNN_FINAL_w5_c16x32_k3_actrelu_d0.0_dense32_e50_lr0.001_b8,080905,Cusco,Ocobamba,5,0.4471832801393524,0.4492765963077545,0.0020933161684021373,0.0020933161684021373,4.381972580893805e-06,2024
CNN_FINAL_w5_c16x32_k3_actrelu_d0.0_dense32_e50_lr0.001_b8,080906,Cusco,Quellouno,1,0.7427899703241935,0.7408288717269897,-0.0019610985972037254,0.0019610985972037254,3.84590770795442e-06,2020
CNN_FINAL_w5_c16x32_k3_actrelu_d0.0_dense32_e50_lr0.001_b8,080906,Cusco,Quellouno,2,0.7328648443931574,0.7372626662254333,0.004397821832275994,0.004397821832275994,1.9340836868443384e-05,2021
CNN_FINAL_w5_c16x32_k3_actrelu_d0.0_dense32_e50_lr0.001_b8,080906,Cusco,Quellouno,3,0.7276302383843843,0.7249010801315308,-0.0027291582528535807,0.0027291582528535807,7.448304769118809e-06,2022
CNN_FINAL_w5_c16x32_k3_actrelu_d0.0_dense32_e50_lr0.001_b8,080906,Cusco,Quellouno,4,0.7151104797025662,0.719492495059967,0.0043820153574007925,0.0043820153574007925,1.9202058592496394e-05,2023
CNN_FINAL_w5_c16x32_k3_actrelu_d0.0_dense32_e50_lr0.001_b8,080906,Cusco,Quellouno,5,0.7143641393927217,0.7060874700546265,-0.008276669338095233,0.008276669338095233,6.850325533216577e-05,2024
CNN_FINAL_w5_c16x32_k3_actrelu_d0.0_dense32_e50_lr0.001_b8,080918,Cusco,Union Ashaninka,1,0.7492453662214257,0.7522984743118286,0.003053108090402934,0.003053108090402934,9.32146901168385e-06,2020
CNN_FINAL_w5_c16x32_k3_actrelu_d0.0_dense32_e50_lr0.001_b8,080918,Cusco,Union Ashaninka,2,0.7478968406378469,0.7381419539451599,-0.009754886692686981,0.009754886692686981,9.515781438716156e-05,2021
CNN_FINAL_w5_c16x32_k3_actrelu_d0.0_dense32_e50_lr0.001_b8,080918,Cusco,Union Ashaninka,3,0.740380375254271,0.7392603754997253,-0.0011199997545456863,0.0011199997545456863,1.2543994501823977e-06,2022
CNN_FINAL_w5_c16x32_k3_actrelu_d0.0_dense32_e50_lr0.001_b8,080918,Cusco,Union Ashaninka,4,0.7370261312394202,0.7322349548339844,-0.004791176405435804,0.004791176405435804,2.2955371348004755e-05,2023
CNN_FINAL_w5_c16x32_k3_actrelu_d0.0_dense32_e50_lr0.001_b8,080918,Cusco,Union Ashaninka,5,0.7306960269705117,0.7294328212738037,-0.001263205696708014,0.001263205696708014,1.5956886321955794e-06,2024
CNN_FINAL_w5_c16x32_k3_actrelu_d0.0_dense32_e50_lr0.001_b8,081304,Cusco,Machupicchu,1,0.3685233551100532,0.3654636740684509,-0.003059681041602258,0.003059681041602258,9.361648076340277e-06,2020
CNN_FINAL_w5_c16x32_k3_actrelu_d0.0_dense32_e50_lr0.001_b8,081304,Cusco,Machupicchu,2,0.3739904452531332,0.3642904758453369,-0.009699969407796272,0.009699969407796272,9.408940651218355e-05,2021
CNN_FINAL_w5_c16x32_k3_actrelu_d0.0_dense32_e50_lr0.001_b8,081304,Cusco,Machupicchu,3,0.3811480648140779,0.3709927201271057,-0.010155344686972212,0.010155344686972212,0.00010313102571121473,2022
CNN_FINAL_w5_c16x32_k3_actrelu_d0.0_dense32_e50_lr0.001_b8,081304,Cusco,Machupicchu,4,0.3760306562196289,0.3787907063961029,0.002760050176474016,0.002760050176474016,7.617876976654246e-06,2023
CNN_FINAL_w5_c16x32_k3_actrelu_d0.0_dense32_e50_lr0.001_b8,081304,Cusco,Machupicchu,5,0.3669124083894632,0.37101614475250244,0.004103736363039234,0.004103736363039234,1.6840652137330483e-05,2024
CNN_FINAL_w5_c16x32_k3_actrelu_d0.0_dense32_e50_lr0.001_b8,100103,Huanuco,Chinchao,1,0.6642708811506766,0.6767185926437378,0.012447711493061231,0.012447711493061231,0.00015494552141448865,2020
CNN_FINAL_w5_c16x32_k3_actrelu_d0.0_dense32_e50_lr0.001_b8,100103,Huanuco,Chinchao,2,0.6620521564255579,0.6600559949874878,-0.001996161438070132,0.001996161438070132,3.984660486838217e-06,2021
CNN_FINAL_w5_c16x32_k3_actrelu_d0.0_dense32_e50_lr0.001_b8,100103,Huanuco,Chinchao,3,0.6495956018973922,0.6564924716949463,0.006896869797554106,0.006896869797554106,4.756681300441401e-05,2022
CNN_FINAL_w5_c16x32_k3_actrelu_d0.0_dense32_e50_lr0.001_b8,100103,Huanuco,Chinchao,4,0.6588038559905568,0.6422621011734009,-0.016541754817155918,0.016541754817155918,0.00027362965243090103,2023
CNN_FINAL_w5_c16x32_k3_actrelu_d0.0_dense32_e50_lr0.001_b8,100103,Huanuco,Chinchao,5,0.6457122871445122,0.6559558510780334,0.010243563933521216,0.010243563933521216,0.00010493060206013665,2024
CNN_FINAL_w5_c16x32_k3_actrelu_d0.0_dense32_e50_lr0.001_b8,100113,Huanuco,San Pablo De Pillao,1,0.6673147557699998,0.7173457145690918,0.05003095879909203,0.05003095879909203,0.002503096838356444,2020
CNN_FINAL_w5_c16x32_k3_actrelu_d0.0_dense32_e50_lr0.001_b8,100113,Huanuco,San Pablo De Pillao,2,0.670824247451122,0.6544321775436401,-0.016392069907481877,0.016392069907481877,0.0002686999558517729,2021
CNN_FINAL_w5_c16x32_k3_actrelu_d0.0_dense32_e50_lr0.001_b8,100113,Huanuco,San Pablo De Pillao,3,0.66408917468231,0.6587576866149902,-0.005331488067319756,0.005331488067319756,2.842476501197295e-05,2022
CNN_FINAL_w5_c16x32_k3_actrelu_d0.0_dense32_e50_lr0.001_b8,100113,Huanuco,San Pablo De Pillao,4,0.6617064067175328,0.6578675508499146,-0.0038388558676182294,0.0038388558676182294,1.473681437234691e-05,2023
CNN_FINAL_w5_c16x32_k3_actrelu_d0.0_dense32_e50_lr0.001_b8,100113,Huanuco,San Pablo De Pillao,5,0.6585655528750035,0.6569117307662964,-0.0016538221087071259,0.0016538221087071259,2.7351275672484843e-06,2024
CNN_FINAL_w5_c16x32_k3_actrelu_d0.0_dense32_e50_lr0.001_b8,100505,Huanuco,Jircan,1,0.6996753246753247,0.7261945009231567,0.026519176247832066,0.026519176247832066,0.0007032667088635804,2020
CNN_FINAL_w5_c16x32_k3_actrelu_d0.0_dense32_e50_lr0.001_b8,100505,Huanuco,Jircan,2,0.7141156110404402,0.6903584003448486,-0.023757210695591557,0.023757210695591557,0.0005644050600347299,2021
CNN_FINAL_w5_c16x32_k3_actrelu_d0.0_dense32_e50_lr0.001_b8,100505,Huanuco,Jircan,3,0.697205129722214,0.7084138989448547,0.011208769222640691,0.011208769222640691,0.0001256365074864172,2022
CNN_FINAL_w5_c16x32_k3_actrelu_d0.0_dense32_e50_lr0.001_b8,100505,Huanuco,Jircan,4,0.7262927846640831,0.6910046935081482,-0.0352880911559349,0.0352880911559349,0.0012452493774295708,2023
CNN_FINAL_w5_c16x32_k3_actrelu_d0.0_dense32_e50_lr0.001_b8,100505,Huanuco,Jircan,5,0.7219921308759577,0.7273639440536499,0.005371813177692197,0.005371813177692197,2.885637681602754e-05,2024
CNN_FINAL_w5_c16x32_k3_actrelu_d0.0_dense32_e50_lr0.001_b8,100507,Huanuco,Monzon,1,0.7007421880402489,0.7025318145751953,0.0017896265349464091,0.0017896265349464091,3.202763134584291e-06,2020
CNN_FINAL_w5_c16x32_k3_actrelu_d0.0_dense32_e50_lr0.001_b8,100507,Huanuco,Monzon,2,0.6982250603821457,0.6961842775344849,-0.002040782847660849,0.002040782847660849,4.164794631306725e-06,2021
CNN_FINAL_w5_c16x32_k3_actrelu_d0.0_dense32_e50_lr0.001_b8,100507,Huanuco,Monzon,3,0.693855291563096,0.693112313747406,-0.0007429778156899935,0.0007429778156899935,5.52016034607474e-07,2022
CNN_FINAL_w5_c16x32_k3_actrelu_d0.0_dense32_e50_lr0.001_b8,100507,Huanuco,Monzon,4,0.7037383494834356,0.6885273456573486,-0.015211003826086977,0.015211003826086977,0.00023137463739723266,2023
CNN_FINAL_w5_c16x32_k3_actrelu_d0.0_dense32_e50_lr0.001_b8,100507,Huanuco,Monzon,5,0.6952081533813373,0.7018951177597046,0.006686964378367244,0.006686964378367244,4.471549259755242e-05,2024
CNN_FINAL_w5_c16x32_k3_actrelu_d0.0_dense32_e50_lr0.001_b8,100601,Huanuco,Rupa-Rupa,1,0.6205881655642372,0.6262435913085938,0.005655425744356513,0.005655425744356513,3.198384034993041e-05,2020
CNN_FINAL_w5_c16x32_k3_actrelu_d0.0_dense32_e50_lr0.001_b8,100601,Huanuco,Rupa-Rupa,2,0.6173130526964644,0.618243932723999,0.0009308800275346085,0.0009308800275346085,8.665376256628336e-07,2021
CNN_FINAL_w5_c16x32_k3_actrelu_d0.0_dense32_e50_lr0.001_b8,100601,Huanuco,Rupa-Rupa,3,0.6174214328534124,0.6137769222259521,-0.0036445106274602956,0.0036445106274602956,1.3282457713671038e-05,2022
CNN_FINAL_w5_c16x32_k3_actrelu_d0.0_dense32_e50_lr0.001_b8,100601,Huanuco,Rupa-Rupa,4,0.6159583007346142,0.6149168610572815,-0.0010414396773327228,0.0010414396773327228,1.0845966015228857e-06,2023
CNN_FINAL_w5_c16x32_k3_actrelu_d0.0_dense32_e50_lr0.001_b8,100601,Huanuco,Rupa-Rupa,5,0.5999383587857359,0.6137189269065857,0.013780568120849823,0.013780568120849823,0.00018990405773338244,2024
CNN_FINAL_w5_c16x32_k3_actrelu_d0.0_dense32_e50_lr0.001_b8,100605,Huanuco,Luyando,1,0.3667928592925821,0.3719419240951538,0.005149064802571712,0.005149064802571712,2.6512868341082865e-05,2020
CNN_FINAL_w5_c16x32_k3_actrelu_d0.0_dense32_e50_lr0.001_b8,100605,Huanuco,Luyando,2,0.3682184663635932,0.36201024055480957,-0.006208225808783607,0.006208225808783607,3.854206769284688e-05,2021
CNN_FINAL_w5_c16x32_k3_actrelu_d0.0_dense32_e50_lr0.001_b8,100605,Huanuco,Luyando,3,0.3719567249053555,0.3642527461051941,-0.007703978800161382,0.007703978800161382,5.9351289353336005e-05,2022
CNN_FINAL_w5_c16x32_k3_actrelu_d0.0_dense32_e50_lr0.001_b8,100605,Huanuco,Luyando,4,0.3726616084015777,0.3686153292655945,-0.004046279135983211,0.004046279135983211,1.637237484629304e-05,2023
CNN_FINAL_w5_c16x32_k3_actrelu_d0.0_dense32_e50_lr0.001_b8,100605,Huanuco,Luyando,5,0.3534951133357621,0.3687146306037903,0.015219517268028171,0.015219517268028171,0.00023163370587180767,2024
CNN_FINAL_w5_c16x32_k3_actrelu_d0.0_dense32_e50_lr0.001_b8,100606,Huanuco,Mariano Damaso Beraun,1,0.8509629874773215,0.8525241017341614,0.0015611142568399128,0.0015611142568399128,2.437077722908833e-06,2020
CNN_FINAL_w5_c16x32_k3_actrelu_d0.0_dense32_e50_lr0.001_b8,100606,Huanuco,Mariano Damaso Beraun,2,0.84799867622464,0.8448172807693481,-0.0031813954552918355,0.0031813954552918355,1.0121277042951546e-05,2021
CNN_FINAL_w5_c16x32_k3_actrelu_d0.0_dense32_e50_lr0.001_b8,100606,Huanuco,Mariano Damaso Beraun,3,0.8430416102781702,0.8407355546951294,-0.002306055583040756,0.002306055583040756,5.317892352073441e-06,2022
CNN_FINAL_w5_c16x32_k3_actrelu_d0.0_dense32_e50_lr0.001_b8,100606,Huanuco,Mariano Damaso Beraun,4,0.8419246748181286,0.8349241614341736,-0.00700051338395502,0.00700051338395502,4.900718763893337e-05,2023
CNN_FINAL_w5_c16x32_k3_actrelu_d0.0_dense32_e50_lr0.001_b8,100606,Huanuco,Mariano Damaso Beraun,5,0.8277177285433153,0.8342982530593872,0.0065805245160719394,0.0065805245160719394,4.330330290662383e-05,2024
CNN_FINAL_w5_c16x32_k3_actrelu_d0.0_dense32_e50_lr0.001_b8,100608,Huanuco,Castillo Grande,1,0.5205296332332163,0.5205751657485962,4.553251537986469e-05,4.553251537986469e-05,2.0732099568176144e-09,2020
CNN_FINAL_w5_c16x32_k3_actrelu_d0.0_dense32_e50_lr0.001_b8,100608,Huanuco,Castillo Grande,2,0.5248445365709209,0.5182557106018066,-0.006588825969114254,0.006588825969114254,4.341262765127438e-05,2021
CNN_FINAL_w5_c16x32_k3_actrelu_d0.0_dense32_e50_lr0.001_b8,100608,Huanuco,Castillo Grande,3,0.5311392190871018,0.5234643220901489,-0.007674896996952896,0.007674896996952896,5.890404391383658e-05,2022
CNN_FINAL_w5_c16x32_k3_actrelu_d0.0_dense32_e50_lr0.001_b8,100608,Huanuco,Castillo Grande,4,0.5307331105376708,0.5298691987991333,-0.0008639117385375039,0.0008639117385375039,7.463434919828925e-07,2023
CNN_FINAL_w5_c16x32_k3_actrelu_d0.0_dense32_e50_lr0.001_b8,100608,Huanuco,Castillo Grande,5,0.5058251195059013,0.5279902219772339,0.02216510247133263,0.02216510247133263,0.0004912917675646759,2024
CNN_FINAL_w5_c16x32_k3_actrelu_d0.0_dense32_e50_lr0.001_b8,100609,Huanuco,Pueblo Nuevo,1,0.6958375035498537,0.6970694065093994,0.001231902959545672,0.001231902959545672,1.5175849017373859e-06,2020
CNN_FINAL_w5_c16x32_k3_actrelu_d0.0_dense32_e50_lr0.001_b8,100609,Huanuco,Pueblo Nuevo,2,0.6908856299163751,0.6923092603683472,0.0014236304519720244,0.0014236304519720244,2.0267236637820706e-06,2021
CNN_FINAL_w5_c16x32_k3_actrelu_d0.0_dense32_e50_lr0.001_b8,100609,Huanuco,Pueblo Nuevo,3,0.696901770377539,0.6856924295425415,-0.011209340834997472,0.011209340834997472,0.00012564932195514183,2022
CNN_FINAL_w5_c16x32_k3_actrelu_d0.0_dense32_e50_lr0.001_b8,100609,Huanuco,Pueblo Nuevo,4,0.6933146948780091,0.6939948201179504,0.0006801252399413205,0.0006801252399413205,4.625703420052387e-07,2023
CNN_FINAL_w5_c16x32_k3_actrelu_d0.0_dense32_e50_lr0.001_b8,100609,Huanuco,Pueblo Nuevo,5,0.6780785848008359,0.6899798512458801,0.01190126644504419,0.01190126644504419,0.00014164014299593476,2024
CNN_FINAL_w5_c16x32_k3_actrelu_d0.0_dense32_e50_lr0.001_b8,100804,Huanuco,Umari,1,0.1879738884651622,0.23786160349845886,0.04988771503329667,0.04988771503329667,0.0024887841112434146,2020
CNN_FINAL_w5_c16x32_k3_actrelu_d0.0_dense32_e50_lr0.001_b8,100804,Huanuco,Umari,2,0.1963805015927139,0.1756700873374939,-0.020710414255219994,0.020710414255219994,0.0004289212586228196,2021
CNN_FINAL_w5_c16x32_k3_actrelu_d0.0_dense32_e50_lr0.001_b8,100804,Huanuco,Umari,3,0.1896507245726591,0.18760943412780762,-0.00204129044485149,0.00204129044485149,4.166866680241995e-06,2022
CNN_FINAL_w5_c16x32_k3_actrelu_d0.0_dense32_e50_lr0.001_b8,100804,Huanuco,Umari,4,0.2097671497151061,0.1910460889339447,-0.018721060781161397,0.018721060781161397,0.0003504781167719394,2023
CNN_FINAL_w5_c16x32_k3_actrelu_d0.0_dense32_e50_lr0.001_b8,100804,Huanuco,Umari,5,0.2132666337655345,0.1980968713760376,-0.01516976238949691,0.01516976238949691,0.000230121690953795,2024
CNN_FINAL_w5_c16x32_k3_actrelu_d0.0_dense32_e50_lr0.001_b8,100901,Huanuco,Puerto Inca,1,0.6642272323979114,0.6717544198036194,0.0075271874057080135,0.0075271874057080135,5.6658550240649334e-05,2020
CNN_FINAL_w5_c16x32_k3_actrelu_d0.0_dense32_e50_lr0.001_b8,100901,Huanuco,Puerto Inca,2,0.6464933855150087,0.651326060295105,0.004832674780096302,0.004832674780096302,2.335474553017884e-05,2021
CNN_FINAL_w5_c16x32_k3_actrelu_d0.0_dense32_e50_lr0.001_b8,100901,Huanuco,Puerto Inca,3,0.6282767941633685,0.6326016187667847,0.004324824603416211,0.004324824603416211,1.8704107850314185e-05,2022
CNN_FINAL_w5_c16x32_k3_actrelu_d0.0_dense32_e50_lr0.001_b8,100901,Huanuco,Puerto Inca,4,0.6187861412477837,0.6142139434814453,-0.004572197766338437,0.004572197766338437,2.0904992414510195e-05,2023
CNN_FINAL_w5_c16x32_k3_actrelu_d0.0_dense32_e50_lr0.001_b8,100901,Huanuco,Puerto Inca,5,0.600651114519684,0.6078777313232422,0.0072266168035581835,0.0072266168035581835,5.2223990425469494e-05,2024
CNN_FINAL_w5_c16x32_k3_actrelu_d0.0_dense32_e50_lr0.001_b8,100902,Huanuco,Codo Del Pozuzo,1,0.7266625257202279,0.7344691753387451,0.007806649618517181,0.007806649618517181,6.0943778266294444e-05,2020
CNN_FINAL_w5_c16x32_k3_actrelu_d0.0_dense32_e50_lr0.001_b8,100902,Huanuco,Codo Del Pozuzo,2,0.7152311613604294,0.7134954333305359,-0.001735728029893524,0.001735728029893524,3.0127517937580544e-06,2021
CNN_FINAL_w5_c16x32_k3_actrelu_d0.0_dense32_e50_lr0.001_b8,100902,Huanuco,Codo Del Pozuzo,3,0.6996186445429629,0.7020635008811951,0.0024448563382322153,0.0024448563382322153,5.9773225145942365e-06,2022
CNN_FINAL_w5_c16x32_k3_actrelu_d0.0_dense32_e50_lr0.001_b8,100902,Huanuco,Codo Del Pozuzo,4,0.6923842962401355,0.6869161128997803,-0.005468183340355259,0.005468183340355259,2.9901029043738803e-05,2023
CNN_FINAL_w5_c16x32_k3_actrelu_d0.0_dense32_e50_lr0.001_b8,100902,Huanuco,Codo Del Pozuzo,5,0.6740932927334595,0.6826657056808472,0.008572412947387642,0.008572412947387642,7.348626374053928e-05,2024
CNN_FINAL_w5_c16x32_k3_actrelu_d0.0_dense32_e50_lr0.001_b8,100903,Huanuco,Honoria,1,0.4278262440371602,0.43865853548049927,0.010832291443339082,0.010832291443339082,0.00011733853791343708,2020
CNN_FINAL_w5_c16x32_k3_actrelu_d0.0_dense32_e50_lr0.001_b8,100903,Huanuco,Honoria,2,0.4163712599272028,0.41804325580596924,0.0016719958787664302,0.0016719958787664302,2.7955702186119272e-06,2021
CNN_FINAL_w5_c16x32_k3_actrelu_d0.0_dense32_e50_lr0.001_b8,100903,Huanuco,Honoria,3,0.398931786882544,0.4081575274467468,0.009225740564202833,0.009225740564202833,8.511428895797762e-05,2022
CNN_FINAL_w5_c16x32_k3_actrelu_d0.0_dense32_e50_lr0.001_b8,100903,Huanuco,Honoria,4,0.3628479351324977,0.3888400197029114,0.025992084570413687,0.025992084570413687,0.0006755884603155373,2023
CNN_FINAL_w5_c16x32_k3_actrelu_d0.0_dense32_e50_lr0.001_b8,100903,Huanuco,Honoria,5,0.3507942227846357,0.3461688756942749,-0.004625347090360776,0.004625347090360776,2.13938357063089e-05,2024
CNN_FINAL_w5_c16x32_k3_actrelu_d0.0_dense32_e50_lr0.001_b8,100904,Huanuco,Tournavista,1,0.5779380757077947,0.5858240127563477,0.007885937048553004,0.007885937048553004,6.218800313374087e-05,2020
CNN_FINAL_w5_c16x32_k3_actrelu_d0.0_dense32_e50_lr0.001_b8,100904,Huanuco,Tournavista,2,0.55587726757082,0.5641350150108337,0.00825774744001373,0.00825774744001373,6.819039278305331e-05,2021
CNN_FINAL_w5_c16x32_k3_actrelu_d0.0_dense32_e50_lr0.001_b8,100904,Huanuco,Tournavista,3,0.5343623608103693,0.5426079630851746,0.008245602274805308,0.008245602274805308,6.798995687427447e-05,2022
CNN_FINAL_w5_c16x32_k3_actrelu_d0.0_dense32_e50_lr0.001_b8,100904,Huanuco,Tournavista,4,0.5072331932389404,0.5217186808586121,0.014485487619671611,0.014485487619671611,0.0002098293515796595,2023
CNN_FINAL_w5_c16x32_k3_actrelu_d0.0_dense32_e50_lr0.001_b8,100904,Huanuco,Tournavista,5,0.4849192208018865,0.493008553981781,0.00808933317989452,0.00808933317989452,6.543731129534239e-05,2024
CNN_FINAL_w5_c16x32_k3_actrelu_d0.0_dense32_e50_lr0.001_b8,100905,Huanuco,Yuyapichis,1,0.6091182575888785,0.6189162731170654,0.009798015528186932,0.009798015528186932,9.600110829059224e-05,2020
CNN_FINAL_w5_c16x32_k3_actrelu_d0.0_dense32_e50_lr0.001_b8,100905,Huanuco,Yuyapichis,2,0.5911847088544524,0.591943085193634,0.0007583763391816323,0.0007583763391816323,5.751346718305341e-07,2021
CNN_FINAL_w5_c16x32_k3_actrelu_d0.0_dense32_e50_lr0.001_b8,100905,Huanuco,Yuyapichis,3,0.5691707967991864,0.5742591619491577,0.005088365149971352,0.005088365149971352,2.589145989944298e-05,2022
CNN_FINAL_w5_c16x32_k3_actrelu_d0.0_dense32_e50_lr0.001_b8,100905,Huanuco,Yuyapichis,4,0.5613270288556127,0.5546712279319763,-0.006655800923636379,0.006655800923636379,4.4299685935078876e-05,2023
CNN_FINAL_w5_c16x32_k3_actrelu_d0.0_dense32_e50_lr0.001_b8,100905,Huanuco,Yuyapichis,5,0.54344808404226,0.5523389577865601,0.008890873744300087,0.008890873744300087,7.904763593708465e-05,2024
CNN_FINAL_w5_c16x32_k3_actrelu_d0.0_dense32_e50_lr0.001_b8,120209,Junin,Mariscal Castilla,1,0.3902123816641754,0.3326393961906433,-0.05757298547353207,0.05757298547353207,0.0033146486563355344,2020
CNN_FINAL_w5_c16x32_k3_actrelu_d0.0_dense32_e50_lr0.001_b8,120209,Junin,Mariscal Castilla,2,0.351831091180867,0.39340198040008545,0.041570889219218476,0.041570889219218476,0.001728138830476535,2021
CNN_FINAL_w5_c16x32_k3_actrelu_d0.0_dense32_e50_lr0.001_b8,120209,Junin,Mariscal Castilla,3,0.3644899103139013,0.341113805770874,-0.0233761045430273,0.0233761045430273,0.0005464422636065415,2022
CNN_FINAL_w5_c16x32_k3_actrelu_d0.0_dense32_e50_lr0.001_b8,120209,Junin,Mariscal Castilla,4,0.356564524165421,0.36109259724617004,0.00452807308074904,0.00452807308074904,2.05034458246041e-05,2023
CNN_FINAL_w5_c16x32_k3_actrelu_d0.0_dense32_e50_lr0.001_b8,120209,Junin,Mariscal Castilla,5,0.3494799451918286,0.3510717749595642,0.0015918297677355864,0.0015918297677355864,2.533922009449131e-06,2024
CNN_FINAL_w5_c16x32_k3_actrelu_d0.0_dense32_e50_lr0.001_b8,120302,Junin,Perene,1,0.5873779747024782,0.5802061557769775,-0.007171818925500673,0.007171818925500673,5.1434986700169624e-05,2020
CNN_FINAL_w5_c16x32_k3_actrelu_d0.0_dense32_e50_lr0.001_b8,120302,Junin,Perene,2,0.57921537520221,0.5807467699050903,0.0015313947028803288,0.0015313947028803288,2.3451697360099305e-06,2021
CNN_FINAL_w5_c16x32_k3_actrelu_d0.0_dense32_e50_lr0.001_b8,120302,Junin,Perene,3,0.5696841961450105,0.5724534392356873,0.0027692430906767207,0.0027692430906767207,7.668707295260756e-06,2022
CNN_FINAL_w5_c16x32_k3_actrelu_d0.0_dense32_e50_lr0.001_b8,120302,Junin,Perene,4,0.5572062132569662,0.562667727470398,0.005461514213431773,0.005461514213431773,2.9828137503517276e-05,2023
CNN_FINAL_w5_c16x32_k3_actrelu_d0.0_dense32_e50_lr0.001_b8,120302,Junin,Perene,5,0.5440639628387073,0.5493308305740356,0.005266867735328362,0.005266867735328362,2.773989574144291e-05,2024
CNN_FINAL_w5_c16x32_k3_actrelu_d0.0_dense32_e50_lr0.001_b8,120303,Junin,Pichanaqui,1,0.6235338723844114,0.6211968660354614,-0.002337006348949955,0.002337006348949955,5.461598675032398e-06,2020
CNN_FINAL_w5_c16x32_k3_actrelu_d0.0_dense32_e50_lr0.001_b8,120303,Junin,Pichanaqui,2,0.6170480316539529,0.617196798324585,0.00014876667063201676,0.00014876667063201676,2.2131522290934958e-08,2021
CNN_FINAL_w5_c16x32_k3_actrelu_d0.0_dense32_e50_lr0.001_b8,120303,Junin,Pichanaqui,3,0.6084595528116606,0.6115199327468872,0.003060379935226565,0.003060379935226565,9.365925347937353e-06,2022
CNN_FINAL_w5_c16x32_k3_actrelu_d0.0_dense32_e50_lr0.001_b8,120303,Junin,Pichanaqui,4,0.5979025867108753,0.6017006635665894,0.0037980768557140943,0.0037980768557140943,1.442538780191106e-05,2023
CNN_FINAL_w5_c16x32_k3_actrelu_d0.0_dense32_e50_lr0.001_b8,120303,Junin,Pichanaqui,5,0.5880488535044439,0.5888670086860657,0.0008181551816217603,0.0008181551816217603,6.693779012145355e-07,2024
CNN_FINAL_w5_c16x32_k3_actrelu_d0.0_dense32_e50_lr0.001_b8,120304,Junin,San Luis De Shuaro,1,0.6637352707624063,0.6416255831718445,-0.022109687590561866,0.022109687590561866,0.0004888382853522454,2020
CNN_FINAL_w5_c16x32_k3_actrelu_d0.0_dense32_e50_lr0.001_b8,120304,Junin,San Luis De Shuaro,2,0.6560774363140168,0.6586166620254517,0.0025392257114348338,0.0025392257114348338,6.447667213611738e-06,2021
CNN_FINAL_w5_c16x32_k3_actrelu_d0.0_dense32_e50_lr0.001_b8,120304,Junin,San Luis De Shuaro,3,0.6427469628791267,0.6526554822921753,0.0099085194130486,0.0099085194130486,9.817875695876097e-05,2022
CNN_FINAL_w5_c16x32_k3_actrelu_d0.0_dense32_e50_lr0.001_b8,120304,Junin,San Luis De Shuaro,4,0.628280136179845,0.6350730657577515,0.006792929577906448,0.006792929577906448,4.614389225039628e-05,2023
CNN_FINAL_w5_c16x32_k3_actrelu_d0.0_dense32_e50_lr0.001_b8,120304,Junin,San Luis De Shuaro,5,0.5973749783225782,0.6176061034202576,0.020231125097679326,0.020231125097679326,0.0004092984227179503,2024
CNN_FINAL_w5_c16x32_k3_actrelu_d0.0_dense32_e50_lr0.001_b8,120601,Junin,Satipo,1,0.6774614812830716,0.6769828796386719,-0.0004786016443997232,0.0004786016443997232,2.290595340221191e-07,2020
CNN_FINAL_w5_c16x32_k3_actrelu_d0.0_dense32_e50_lr0.001_b8,120601,Junin,Satipo,2,0.6688019638279585,0.6728405952453613,0.004038631417402794,0.004038631417402794,1.63105437256329e-05,2021
CNN_FINAL_w5_c16x32_k3_actrelu_d0.0_dense32_e50_lr0.001_b8,120601,Junin,Satipo,3,0.6549811588263073,0.6624987125396729,0.007517553713365599,0.007517553713365599,5.651361383333691e-05,2022
CNN_FINAL_w5_c16x32_k3_actrelu_d0.0_dense32_e50_lr0.001_b8,120601,Junin,Satipo,4,0.6294436502071292,0.6458016037940979,0.016357953586968677,0.016357953586968677,0.0002675826455534214,2023
CNN_FINAL_w5_c16x32_k3_actrelu_d0.0_dense32_e50_lr0.001_b8,120601,Junin,Satipo,5,0.6126474134935721,0.6146144270896912,0.0019670135961190605,0.0019670135961190605,3.869142487317238e-06,2024
CNN_FINAL_w5_c16x32_k3_actrelu_d0.0_dense32_e50_lr0.001_b8,120602,Junin,Coviriali,1,0.60569872762562,0.5969855189323425,-0.008713208693277519,0.008713208693277519,7.592000573260693e-05,2020
CNN_FINAL_w5_c16x32_k3_actrelu_d0.0_dense32_e50_lr0.001_b8,120602,Junin,Coviriali,2,0.5973779742649702,0.6055197715759277,0.008141797310957544,0.008141797310957544,6.62888634527155e-05,2021
CNN_FINAL_w5_c16x32_k3_actrelu_d0.0_dense32_e50_lr0.001_b8,120602,Junin,Coviriali,3,0.5809970526921141,0.5930122137069702,0.012015161014856113,0.012015161014856113,0.00014436409421291816,2022
CNN_FINAL_w5_c16x32_k3_actrelu_d0.0_dense32_e50_lr0.001_b8,120602,Junin,Coviriali,4,0.5661347135360506,0.5711371898651123,0.0050024763290617,0.0050024763290617,2.5024769422822625e-05,2023
CNN_FINAL_w5_c16x32_k3_actrelu_d0.0_dense32_e50_lr0.001_b8,120602,Junin,Coviriali,5,0.5460516857163396,0.5563291311264038,0.010277445410064256,0.010277445410064256,0.00010562588415685085,2024
CNN_FINAL_w5_c16x32_k3_actrelu_d0.0_dense32_e50_lr0.001_b8,120603,Junin,Llaylla,1,0.6767776956744159,0.6625818014144897,-0.014195894259926178,0.014195894259926178,0.00020152341383900503,2020
CNN_FINAL_w5_c16x32_k3_actrelu_d0.0_dense32_e50_lr0.001_b8,120603,Junin,Llaylla,2,0.6766270675836981,0.6772335767745972,0.0006065091908991072,0.0006065091908991072,3.678533986450896e-07,2021
CNN_FINAL_w5_c16x32_k3_actrelu_d0.0_dense32_e50_lr0.001_b8,120603,Junin,Llaylla,3,0.6652134371625078,0.6759162545204163,0.010702817357908456,0.010702817357908456,0.00011455029939674655,2022
CNN_FINAL_w5_c16x32_k3_actrelu_d0.0_dense32_e50_lr0.001_b8,120603,Junin,Llaylla,4,0.656025123628716,0.6595321893692017,0.0035070657404856487,0.0035070657404856487,1.2299510108088152e-05,2023
CNN_FINAL_w5_c16x32_k3_actrelu_d0.0_dense32_e50_lr0.001_b8,120603,Junin,Llaylla,5,0.6417580856022281,0.6481033563613892,0.006345270759161026,0.006345270759161026,4.026246100706394e-05,2024
CNN_FINAL_w5_c16x32_k3_actrelu_d0.0_dense32_e50_lr0.001_b8,120604,Junin,Mazamari,1,0.7869618370595345,0.778442919254303,-0.008518917805231507,0.008518917805231507,7.25719605722904e-05,2020
CNN_FINAL_w5_c16x32_k3_actrelu_d0.0_dense32_e50_lr0.001_b8,120604,Junin,Mazamari,2,0.7836342041928035,0.7829062342643738,-0.000727969928429717,0.000727969928429717,5.299402166979672e-07,2021
CNN_FINAL_w5_c16x32_k3_actrelu_d0.0_dense32_e50_lr0.001_b8,120604,Junin,Mazamari,3,0.7771746815691493,0.7790564298629761,0.0018817482938268126,0.0018817482938268126,3.5409766413201204e-06,2022
CNN_FINAL_w5_c16x32_k3_actrelu_d0.0_dense32_e50_lr0.001_b8,120604,Junin,Mazamari,4,0.7606660838491036,0.7704192399978638,0.009753156148760156,0.009753156148760156,9.512405486209804e-05,2023
CNN_FINAL_w5_c16x32_k3_actrelu_d0.0_dense32_e50_lr0.001_b8,120604,Junin,Mazamari,5,0.7365834119904845,0.7496601343154907,0.01307672232500623,0.01307672232500623,0.0001710006667653163,2024
CNN_FINAL_w5_c16x32_k3_actrelu_d0.0_dense32_e50_lr0.001_b8,120607,Junin,Rio Negro,1,0.5116514727389675,0.520993709564209,0.00934223682524149,0.00934223682524149,8.727738889889819e-05,2020
CNN_FINAL_w5_c16x32_k3_actrelu_d0.0_dense32_e50_lr0.001_b8,120607,Junin,Rio Negro,2,0.4943422532528899,0.5036011934280396,0.009258940175149666,0.009258940175149666,8.572797316700053e-05,2021
CNN_FINAL_w5_c16x32_k3_actrelu_d0.0_dense32_e50_lr0.001_b8,120607,Junin,Rio Negro,3,0.4782368096704528,0.4851944148540497,0.006957605183596893,0.006957605183596893,4.8408269890814356e-05,2022
CNN_FINAL_w5_c16x32_k3_actrelu_d0.0_dense32_e50_lr0.001_b8,120607,Junin,Rio Negro,4,0.4546967023726962,0.4685664772987366,0.013869774926040357,0.013869774926040357,0.00019237065649901778,2023
CNN_FINAL_w5_c16x32_k3_actrelu_d0.0_dense32_e50_lr0.001_b8,120607,Junin,Rio Negro,5,0.4379085202180451,0.44264131784439087,0.004732797626345764,0.004732797626345764,2.2399373371944097e-05,2024
CNN_FINAL_w5_c16x32_k3_actrelu_d0.0_dense32_e50_lr0.001_b8,120609,Junin,Vizcatán Del Ene,1,0.7585939456030942,0.7585716843605042,-2.2261242590082553e-05,2.2261242590082553e-05,4.955629216545053e-10,2020
CNN_FINAL_w5_c16x32_k3_actrelu_d0.0_dense32_e50_lr0.001_b8,120609,Junin,Vizcatán Del Ene,2,0.7539951594754276,0.7400686740875244,-0.013926485387903198,0.013926485387903198,0.0001939469952594813,2021
CNN_FINAL_w5_c16x32_k3_actrelu_d0.0_dense32_e50_lr0.001_b8,120609,Junin,Vizcatán Del Ene,3,0.7469905002546887,0.7410324811935425,-0.005958019061146236,0.005958019061146236,3.5497991132981876e-05,2022
CNN_FINAL_w5_c16x32_k3_actrelu_d0.0_dense32_e50_lr0.001_b8,120609,Junin,Vizcatán Del Ene,4,0.742129830811867,0.7368015646934509,-0.005328266118416081,0.005328266118416081,2.8390419828660766e-05,2023
CNN_FINAL_w5_c16x32_k3_actrelu_d0.0_dense32_e50_lr0.001_b8,120609,Junin,Vizcatán Del Ene,5,0.7316185252228167,0.7336112856864929,0.0019927604636762464,0.0019927604636762464,3.971094265591169e-06,2024
CNN_FINAL_w5_c16x32_k3_actrelu_d0.0_dense32_e50_lr0.001_b8,160101,Loreto,Iquitos,1,0.5134002372756092,0.5150904655456543,0.0016902282700450577,0.0016902282700450577,2.8568716048595085e-06,2020
CNN_FINAL_w5_c16x32_k3_actrelu_d0.0_dense32_e50_lr0.001_b8,160101,Loreto,Iquitos,2,0.5002260925374876,0.5098246335983276,0.009598541060840016,0.009598541060840016,9.213199049663178e-05,2021
CNN_FINAL_w5_c16x32_k3_actrelu_d0.0_dense32_e50_lr0.001_b8,160101,Loreto,Iquitos,3,0.5077114573001148,0.4939635694026947,-0.013747887897420097,0.013747887897420097,0.00018900442164002996,2022
CNN_FINAL_w5_c16x32_k3_actrelu_d0.0_dense32_e50_lr0.001_b8,160101,Loreto,Iquitos,4,0.5507127992687244,0.5062909722328186,-0.0444218270359058,0.0444218270359058,0.0019732987172079316,2023
CNN_FINAL_w5_c16x32_k3_actrelu_d0.0_dense32_e50_lr0.001_b8,160101,Loreto,Iquitos,5,0.5545247680728164,0.5537532567977905,-0.0007715112750258379,0.0007715112750258379,5.952296474919941e-07,2024
CNN_FINAL_w5_c16x32_k3_actrelu_d0.0_dense32_e50_lr0.001_b8,160112,Loreto,Belen,1,0.5367406247566269,0.536841869354248,0.0001012445976211751,0.0001012445976211751,1.0250468547473655e-08,2020
CNN_FINAL_w5_c16x32_k3_actrelu_d0.0_dense32_e50_lr0.001_b8,160112,Loreto,Belen,2,0.5371928717135241,0.5325851440429688,-0.004607727670555395,0.004607727670555395,2.1231154286001845e-05,2021
CNN_FINAL_w5_c16x32_k3_actrelu_d0.0_dense32_e50_lr0.001_b8,160112,Loreto,Belen,3,0.5417126086724844,0.5347599387168884,-0.006952669955595958,0.006952669955595958,4.8339619511446705e-05,2022
CNN_FINAL_w5_c16x32_k3_actrelu_d0.0_dense32_e50_lr0.001_b8,160112,Loreto,Belen,4,0.5596631238377868,0.5396286249160767,-0.020034498921710164,0.020034498921710164,0.00040138114704400574,2023
CNN_FINAL_w5_c16x32_k3_actrelu_d0.0_dense32_e50_lr0.001_b8,160112,Loreto,Belen,5,0.5613546094348826,0.560505747795105,-0.0008488616397775983,0.0008488616397775983,7.205660834859131e-07,2024
CNN_FINAL_w5_c16x32_k3_actrelu_d0.0_dense32_e50_lr0.001_b8,160211,Loreto,Teniente Cesar Lopez Rojas,1,0.7889779389087833,0.7872753739356995,-0.0017025649730838532,0.0017025649730838532,2.898727487572022e-06,2020
CNN_FINAL_w5_c16x32_k3_actrelu_d0.0_dense32_e50_lr0.001_b8,160211,Loreto,Teniente Cesar Lopez Rojas,2,0.7833593031383286,0.7837414741516113,0.0003821710132827505,0.0003821710132827505,1.4605468339356426e-07,2021
CNN_FINAL_w5_c16x32_k3_actrelu_d0.0_dense32_e50_lr0.001_b8,160211,Loreto,Teniente Cesar Lopez Rojas,3,0.7727247016614839,0.7765882611274719,0.0038635594659880423,0.0038635594659880423,1.4927091747225807e-05,2022
CNN_FINAL_w5_c16x32_k3_actrelu_d0.0_dense32_e50_lr0.001_b8,160211,Loreto,Teniente Cesar Lopez Rojas,4,0.7527025880470661,0.7634738087654114,0.010771220718345242,0.010771220718345242,0.0001160191957633098,2023
CNN_FINAL_w5_c16x32_k3_actrelu_d0.0_dense32_e50_lr0.001_b8,160211,Loreto,Teniente Cesar Lopez Rojas,5,0.7325767747791668,0.7389335036277771,0.006356728848610271,0.006356728848610271,4.040800165475407e-05,2024
CNN_FINAL_w5_c16x32_k3_actrelu_d0.0_dense32_e50_lr0.001_b8,160503,Loreto,Capelo,1,0.7554360387590008,0.7559152841567993,0.00047924539779853337,0.00047924539779853337,2.2967615131107448e-07,2020
CNN_FINAL_w5_c16x32_k3_actrelu_d0.0_dense32_e50_lr0.001_b8,160503,Loreto,Capelo,2,0.7583418526091208,0.7500416040420532,-0.00830024856706757,0.00830024856706757,6.889412627510724e-05,2021
CNN_FINAL_w5_c16x32_k3_actrelu_d0.0_dense32_e50_lr0.001_b8,160503,Loreto,Capelo,3,0.7430871633034047,0.7540401816368103,0.010953018333405562,0.010953018333405562,0.00011996861061191836,2022
CNN_FINAL_w5_c16x32_k3_actrelu_d0.0_dense32_e50_lr0.001_b8,160503,Loreto,Capelo,4,0.7359065250244466,0.734422504901886,-0.0014840201225606586,0.0014840201225606586,2.2023157241649524e-06,2023
CNN_FINAL_w5_c16x32_k3_actrelu_d0.0_dense32_e50_lr0.001_b8,160503,Loreto,Capelo,5,0.7223675437816695,0.7263749837875366,0.004007440005867169,0.004007440005867169,1.6059575400624656e-05,2024
CNN_FINAL_w5_c16x32_k3_actrelu_d0.0_dense32_e50_lr0.001_b8,160603,Loreto,Padre Marquez,1,0.8489635243443651,0.8479777574539185,-0.0009857668904466044,0.0009857668904466044,9.717363623007678e-07,2020
CNN_FINAL_w5_c16x32_k3_actrelu_d0.0_dense32_e50_lr0.001_b8,160603,Loreto,Padre Marquez,2,0.8423531977536667,0.8405118584632874,-0.001841339290379329,0.001841339290379329,3.3905303822946513e-06,2021
CNN_FINAL_w5_c16x32_k3_actrelu_d0.0_dense32_e50_lr0.001_b8,160603,Loreto,Padre Marquez,3,0.8218922995838104,0.8330614566802979,0.01116915709648747,0.01116915709648747,0.0001247500702460164,2022
CNN_FINAL_w5_c16x32_k3_actrelu_d0.0_dense32_e50_lr0.001_b8,160603,Loreto,Padre Marquez,4,0.8138832851716555,0.808189332485199,-0.00569395268645656,0.00569395268645656,3.242109719560588e-05,2023
CNN_FINAL_w5_c16x32_k3_actrelu_d0.0_dense32_e50_lr0.001_b8,160603,Loreto,Padre Marquez,5,0.7825643821674573,0.8009105920791626,0.018346209911705325,0.018346209911705325,0.0003365834181243547,2024
CNN_FINAL_w5_c16x32_k3_actrelu_d0.0_dense32_e50_lr0.001_b8,170102,Madre De Dios,Inambari,1,0.8478175829478117,0.83670574426651,-0.011111838681301722,0.011111838681301722,0.0001234729588792732,2020
CNN_FINAL_w5_c16x32_k3_actrelu_d0.0_dense32_e50_lr0.001_b8,170102,Madre De Dios,Inambari,2,0.8411440777450233,0.8383650183677673,-0.002779059377255977,0.002779059377255977,7.723171022314378e-06,2021
CNN_FINAL_w5_c16x32_k3_actrelu_d0.0_dense32_e50_lr0.001_b8,170102,Madre De Dios,Inambari,3,0.8289204640856406,0.8321417570114136,0.0032212929257730005,0.0032212929257730005,1.0376728113635177e-05,2022
CNN_FINAL_w5_c16x32_k3_actrelu_d0.0_dense32_e50_lr0.001_b8,170102,Madre De Dios,Inambari,4,0.8187924554623257,0.8177175521850586,-0.001074903277267114,0.001074903277267114,1.1554170554795823e-06,2023
CNN_FINAL_w5_c16x32_k3_actrelu_d0.0_dense32_e50_lr0.001_b8,170102,Madre De Dios,Inambari,5,0.7961427708008171,0.8071503639221191,0.011007593121302062,0.011007593121302062,0.00012116710632413647,2024
CNN_FINAL_w5_c16x32_k3_actrelu_d0.0_dense32_e50_lr0.001_b8,170204,Madre De Dios,Huepetuhe,1,0.8092381784585945,0.7957940101623535,-0.013444168296240955,0.013444168296240955,0.00018074566117765042,2020
CNN_FINAL_w5_c16x32_k3_actrelu_d0.0_dense32_e50_lr0.001_b8,170204,Madre De Dios,Huepetuhe,2,0.8052862674813119,0.8037787079811096,-0.0015075595002023157,0.0015075595002023157,2.272735646650256e-06,2021
CNN_FINAL_w5_c16x32_k3_actrelu_d0.0_dense32_e50_lr0.001_b8,170204,Madre De Dios,Huepetuhe,3,0.7968473982108246,0.7994163036346436,0.0025689054238189346,0.0025689054238189346,6.59927507652634e-06,2022
CNN_FINAL_w5_c16x32_k3_actrelu_d0.0_dense32_e50_lr0.001_b8,170204,Madre De Dios,Huepetuhe,4,0.7871135427628699,0.7886250615119934,0.001511518749123475,0.001511518749123475,2.2846889289517944e-06,2023
CNN_FINAL_w5_c16x32_k3_actrelu_d0.0_dense32_e50_lr0.001_b8,170204,Madre De Dios,Huepetuhe,5,0.7681001929031553,0.7773771286010742,0.009276935697918876,0.009276935697918876,8.606153594332157e-05,2024
CNN_FINAL_w5_c16x32_k3_actrelu_d0.0_dense32_e50_lr0.001_b8,200303,Piura,El Carmen De La Frontera,1,0.5097815107821005,0.5042210817337036,-0.005560429048396931,0.005560429048396931,3.09183712022564e-05,2020
CNN_FINAL_w5_c16x32_k3_actrelu_d0.0_dense32_e50_lr0.001_b8,200303,Piura,El Carmen De La Frontera,2,0.5007951841532611,0.5076741576194763,0.0068789734662152435,0.0068789734662152435,4.732027594889336e-05,2021
CNN_FINAL_w5_c16x32_k3_actrelu_d0.0_dense32_e50_lr0.001_b8,200303,Piura,El Carmen De La Frontera,3,0.4958600258960227,0.4957740604877472,-8.596540827549015e-05,8.596540827549015e-05,7.39005141997171e-09,2022
CNN_FINAL_w5_c16x32_k3_actrelu_d0.0_dense32_e50_lr0.001_b8,200303,Piura,El Carmen De La Frontera,4,0.5164860046233213,0.4911729693412781,-0.025313035282043206,0.025313035282043206,0.0006407497551899642,2023
CNN_FINAL_w5_c16x32_k3_actrelu_d0.0_dense32_e50_lr0.001_b8,200303,Piura,El Carmen De La Frontera,5,0.5125405896429467,0.5179243087768555,0.005383719133908782,0.005383719133908782,2.8984431712815526e-05,2024
CNN_FINAL_w5_c16x32_k3_actrelu_d0.0_dense32_e50_lr0.001_b8,200307,Piura,Sondor,1,0.3248289301941775,0.30165648460388184,-0.023172445590295687,0.023172445590295687,0.000536962234635214,2020
CNN_FINAL_w5_c16x32_k3_actrelu_d0.0_dense32_e50_lr0.001_b8,200307,Piura,Sondor,2,0.3176877226761883,0.32359614968299866,0.0059084270068103795,0.0059084270068103795,3.490950969480626e-05,2021
CNN_FINAL_w5_c16x32_k3_actrelu_d0.0_dense32_e50_lr0.001_b8,200307,Piura,Sondor,3,0.3361557364499998,0.31259194016456604,-0.023563796285433758,0.023563796285433758,0.0005552524953814218,2022
CNN_FINAL_w5_c16x32_k3_actrelu_d0.0_dense32_e50_lr0.001_b8,200307,Piura,Sondor,4,0.3486087360425981,0.3353239893913269,-0.013284746651271218,0.013284746651271218,0.00017648449358846182,2023
CNN_FINAL_w5_c16x32_k3_actrelu_d0.0_dense32_e50_lr0.001_b8,200307,Piura,Sondor,5,0.345549330641541,0.3477891981601715,0.002239867518630534,0.002239867518630534,5.017006501016105e-06,2024
CNN_FINAL_w5_c16x32_k3_actrelu_d0.0_dense32_e50_lr0.001_b8,211205,Puno,Phara,1,0.4768846631702123,0.4711157977581024,-0.005768865412109858,0.005768865412109858,3.3279808143037445e-05,2020
CNN_FINAL_w5_c16x32_k3_actrelu_d0.0_dense32_e50_lr0.001_b8,211205,Puno,Phara,2,0.4763628043089484,0.47404569387435913,-0.0023171104345892646,0.0023171104345892646,5.36900076608245e-06,2021
CNN_FINAL_w5_c16x32_k3_actrelu_d0.0_dense32_e50_lr0.001_b8,211205,Puno,Phara,3,0.4793253569213538,0.47317346930503845,-0.006151887616315355,0.006151887616315355,3.784572124377422e-05,2022
CNN_FINAL_w5_c16x32_k3_actrelu_d0.0_dense32_e50_lr0.001_b8,211205,Puno,Phara,4,0.4803229102061543,0.477087140083313,-0.0032357701228413194,0.0032357701228413194,1.0470208287872526e-05,2023
CNN_FINAL_w5_c16x32_k3_actrelu_d0.0_dense32_e50_lr0.001_b8,211205,Puno,Phara,5,0.469414052856274,0.4778176248073578,0.008403571951083766,0.008403571951083766,7.062002153704181e-05,2024
CNN_FINAL_w5_c16x32_k3_actrelu_d0.0_dense32_e50_lr0.001_b8,220101,San Martin,Moyobamba,1,0.7150650226108247,0.7138289213180542,-0.0012361012927705195,0.0012361012927705195,1.5279464059889496e-06,2020
CNN_FINAL_w5_c16x32_k3_actrelu_d0.0_dense32_e50_lr0.001_b8,220101,San Martin,Moyobamba,2,0.709031731667291,0.7114092111587524,0.0023774794914613873,0.0023774794914613873,5.652408732319497e-06,2021
CNN_FINAL_w5_c16x32_k3_actrelu_d0.0_dense32_e50_lr0.001_b8,220101,San Martin,Moyobamba,3,0.7060309164111845,0.7033231258392334,-0.002707790571951141,0.002707790571951141,7.3321297815474865e-06,2022
CNN_FINAL_w5_c16x32_k3_actrelu_d0.0_dense32_e50_lr0.001_b8,220101,San Martin,Moyobamba,4,0.6941648505891479,0.700203537940979,0.006038687351831107,0.006038687351831107,3.646574493316498e-05,2023
CNN_FINAL_w5_c16x32_k3_actrelu_d0.0_dense32_e50_lr0.001_b8,220101,San Martin,Moyobamba,5,0.6824468632427669,0.6865660548210144,0.004119191578247472,0.004119191578247472,1.69677392583049e-05,2024
CNN_FINAL_w5_c16x32_k3_actrelu_d0.0_dense32_e50_lr0.001_b8,220102,San Martin,Calzada,1,0.1931102226246844,0.19248932600021362,-0.0006208966244707903,0.0006208966244707903,3.855126182792216e-07,2020
CNN_FINAL_w5_c16x32_k3_actrelu_d0.0_dense32_e50_lr0.001_b8,220102,San Martin,Calzada,2,0.1876232647015939,0.18860752880573273,0.0009842641041388211,0.0009842641041388211,9.687758266961962e-07,2021
CNN_FINAL_w5_c16x32_k3_actrelu_d0.0_dense32_e50_lr0.001_b8,220102,San Martin,Calzada,3,0.1836480979824877,0.18229219317436218,-0.0013559048081255298,0.0013559048081255298,1.83847784869793e-06,2022
CNN_FINAL_w5_c16x32_k3_actrelu_d0.0_dense32_e50_lr0.001_b8,220102,San Martin,Calzada,4,0.1644015378830318,0.17930221557617188,0.014900677693140074,0.014900677693140074,0.00022203019571484221,2023
CNN_FINAL_w5_c16x32_k3_actrelu_d0.0_dense32_e50_lr0.001_b8,220102,San Martin,Calzada,5,0.148669700481164,0.15813112258911133,0.009461422107947315,0.009461422107947315,8.951850830475421e-05,2024
CNN_FINAL_w5_c16x32_k3_actrelu_d0.0_dense32_e50_lr0.001_b8,220106,San Martin,Yantalo,1,0.3353433407856914,0.33873671293258667,0.0033933721468952793,0.0033933721468952793,1.1514974527324677e-05,2020
CNN_FINAL_w5_c16x32_k3_actrelu_d0.0_dense32_e50_lr0.001_b8,220106,San Martin,Yantalo,2,0.321877994251038,0.3291437327861786,0.0072657385351405646,0.0072657385351405646,5.279095646102656e-05,2021
CNN_FINAL_w5_c16x32_k3_actrelu_d0.0_dense32_e50_lr0.001_b8,220106,San Martin,Yantalo,3,0.325685084637496,0.31435948610305786,-0.011325598534438153,0.011325598534438153,0.00012826918216326763,2022
CNN_FINAL_w5_c16x32_k3_actrelu_d0.0_dense32_e50_lr0.001_b8,220106,San Martin,Yantalo,4,0.3097157457681252,0.3214706778526306,0.011754932084505398,0.011754932084505398,0.00013817842831133443,2023
CNN_FINAL_w5_c16x32_k3_actrelu_d0.0_dense32_e50_lr0.001_b8,220106,San Martin,Yantalo,5,0.2957266049185563,0.3022420406341553,0.006515435715598983,0.006515435715598983,4.245090256410283e-05,2024
CNN_FINAL_w5_c16x32_k3_actrelu_d0.0_dense32_e50_lr0.001_b8,220201,San Martin,Bellavista,1,0.1799941833609908,0.18958649039268494,0.009592307031694142,0.009592307031694142,9.201235419028887e-05,2020
CNN_FINAL_w5_c16x32_k3_actrelu_d0.0_dense32_e50_lr0.001_b8,220201,San Martin,Bellavista,2,0.1755324790857612,0.17704173922538757,0.0015092601396263783,0.0015092601396263783,2.277866169065035e-06,2021
CNN_FINAL_w5_c16x32_k3_actrelu_d0.0_dense32_e50_lr0.001_b8,220201,San Martin,Bellavista,3,0.1865088190512035,0.1695346236228943,-0.01697419542830922,0.01697419542830922,0.0002881233104384336,2022
CNN_FINAL_w5_c16x32_k3_actrelu_d0.0_dense32_e50_lr0.001_b8,220201,San Martin,Bellavista,4,0.1812327853146972,0.18547770380973816,0.004244918495040967,0.004244918495040967,1.8019333029540866e-05,2023
CNN_FINAL_w5_c16x32_k3_actrelu_d0.0_dense32_e50_lr0.001_b8,220201,San Martin,Bellavista,5,0.1615451730450105,0.17730191349983215,0.015756740454821644,0.015756740454821644,0.00024827486976061297,2024
CNN_FINAL_w5_c16x32_k3_actrelu_d0.0_dense32_e50_lr0.001_b8,220203,San Martin,Bajo Biavo,1,0.523597772021913,0.5415196418762207,0.01792186985430766,0.01792186985430766,0.00032119341907474165,2020
CNN_FINAL_w5_c16x32_k3_actrelu_d0.0_dense32_e50_lr0.001_b8,220203,San Martin,Bajo Biavo,2,0.5058841290153282,0.5139756202697754,0.008091491254447192,0.008091491254447192,6.547223072079539e-05,2021
CNN_FINAL_w5_c16x32_k3_actrelu_d0.0_dense32_e50_lr0.001_b8,220203,San Martin,Bajo Biavo,3,0.4932772571240682,0.4961790442466736,0.0029017871226053593,0.0029017871226053593,8.42036850491829e-06,2022
CNN_FINAL_w5_c16x32_k3_actrelu_d0.0_dense32_e50_lr0.001_b8,220203,San Martin,Bajo Biavo,4,0.4901409519413397,0.48426979780197144,-0.005871154139368284,0.005871154139368284,3.447045092822134e-05,2023
CNN_FINAL_w5_c16x32_k3_actrelu_d0.0_dense32_e50_lr0.001_b8,220203,San Martin,Bajo Biavo,5,0.4676027104379366,0.4837155342102051,0.01611282377226847,0.01611282377226847,0.0002596230899161799,2024
CNN_FINAL_w5_c16x32_k3_actrelu_d0.0_dense32_e50_lr0.001_b8,220204,San Martin,Huallaga,1,0.4978598393754952,0.5135234594345093,0.01566362005901406,0.01566362005901406,0.0002453489933531476,2020
CNN_FINAL_w5_c16x32_k3_actrelu_d0.0_dense32_e50_lr0.001_b8,220204,San Martin,Huallaga,2,0.4757627241805278,0.49142518639564514,0.015662462215117356,0.015662462215117356,0.0002453127226399789,2021
CNN_FINAL_w5_c16x32_k3_actrelu_d0.0_dense32_e50_lr0.001_b8,220204,San Martin,Huallaga,3,0.4629425218946909,0.46607157588005066,0.0031290539853597865,0.0031290539853597865,9.790978843295963e-06,2022
CNN_FINAL_w5_c16x32_k3_actrelu_d0.0_dense32_e50_lr0.001_b8,220204,San Martin,Huallaga,4,0.466904500738762,0.4543628394603729,-0.012541661278389071,0.012541661278389071,0.0001572932676218438,2023
CNN_FINAL_w5_c16x32_k3_actrelu_d0.0_dense32_e50_lr0.001_b8,220204,San Martin,Huallaga,5,0.4480115710543708,0.462586909532547,0.014575338478176214,0.014575338478176214,0.00021244049175340413,2024
CNN_FINAL_w5_c16x32_k3_actrelu_d0.0_dense32_e50_lr0.001_b8,220205,San Martin,San Pablo,1,0.2642164528448212,0.2628460228443146,-0.0013704300005066283,0.0013704300005066283,1.8780783862885973e-06,2020
CNN_FINAL_w5_c16x32_k3_actrelu_d0.0_dense32_e50_lr0.001_b8,220205,San Martin,San Pablo,2,0.2545938320327148,0.2626727223396301,0.008078890306915332,0.008078890306915332,6.52684685911705e-05,2021
CNN_FINAL_w5_c16x32_k3_actrelu_d0.0_dense32_e50_lr0.001_b8,220205,San Martin,San Pablo,3,0.2590684017316635,0.25049757957458496,-0.00857082215707855,0.00857082215707855,7.345899244826861e-05,2022
CNN_FINAL_w5_c16x32_k3_actrelu_d0.0_dense32_e50_lr0.001_b8,220205,San Martin,San Pablo,4,0.2558285479587646,0.2574952244758606,0.0016666765170960107,0.0016666765170960107,2.777810612639289e-06,2023
CNN_FINAL_w5_c16x32_k3_actrelu_d0.0_dense32_e50_lr0.001_b8,220205,San Martin,San Pablo,5,0.2409813440546132,0.25424498319625854,0.013263639141645356,0.013263639141645356,0.00017592412327978676,2024
CNN_FINAL_w5_c16x32_k3_actrelu_d0.0_dense32_e50_lr0.001_b8,220301,San Martin,San Jose De Sisa,1,0.3535785136578666,0.349671334028244,-0.003907179629622559,0.003907179629622559,1.526605265813748e-05,2020
CNN_FINAL_w5_c16x32_k3_actrelu_d0.0_dense32_e50_lr0.001_b8,220301,San Martin,San Jose De Sisa,2,0.3351280847890495,0.3506806790828705,0.015552594293820998,0.015552594293820998,0.00024188318926819349,2021
CNN_FINAL_w5_c16x32_k3_actrelu_d0.0_dense32_e50_lr0.001_b8,220301,San Martin,San Jose De Sisa,3,0.3242386462775223,0.32707294821739197,0.0028343019398696656,0.0028343019398696656,8.03326748634895e-06,2022
CNN_FINAL_w5_c16x32_k3_actrelu_d0.0_dense32_e50_lr0.001_b8,220301,San Martin,San Jose De Sisa,4,0.3118375855506192,0.3168066740036011,0.004969088452981885,0.004969088452981885,2.46918400535579e-05,2023
CNN_FINAL_w5_c16x32_k3_actrelu_d0.0_dense32_e50_lr0.001_b8,220301,San Martin,San Jose De Sisa,5,0.2961426280344016,0.30450373888015747,0.00836111084575586,0.00836111084575586,6.990817457501626e-05,2024
CNN_FINAL_w5_c16x32_k3_actrelu_d0.0_dense32_e50_lr0.001_b8,220302,San Martin,Agua Blanca,1,0.3455616758665216,0.3479533791542053,0.002391703287683733,0.002391703287683733,5.720244616317177e-06,2020
CNN_FINAL_w5_c16x32_k3_actrelu_d0.0_dense32_e50_lr0.001_b8,220302,San Martin,Agua Blanca,2,0.3318985825049586,0.34185296297073364,0.00995438046577507,0.00995438046577507,9.90896904574043e-05,2021
CNN_FINAL_w5_c16x32_k3_actrelu_d0.0_dense32_e50_lr0.001_b8,220302,San Martin,Agua Blanca,3,0.3296941072456855,0.324781596660614,-0.004912510585071472,0.004912510585071472,2.413276024843926e-05,2022
CNN_FINAL_w5_c16x32_k3_actrelu_d0.0_dense32_e50_lr0.001_b8,220302,San Martin,Agua Blanca,4,0.3165952199531185,0.3243899345397949,0.00779471458667641,0.00779471458667641,6.0757575487746e-05,2023
CNN_FINAL_w5_c16x32_k3_actrelu_d0.0_dense32_e50_lr0.001_b8,220302,San Martin,Agua Blanca,5,0.2872274215782647,0.30941444635391235,0.022187024775647657,0.022187024775647657,0.000492264068395203,2024
CNN_FINAL_w5_c16x32_k3_actrelu_d0.0_dense32_e50_lr0.001_b8,220303,San Martin,San Martin,1,0.7448397920556521,0.7489251494407654,0.004085357385113286,0.004085357385113286,1.669014496409967e-05,2020
CNN_FINAL_w5_c16x32_k3_actrelu_d0.0_dense32_e50_lr0.001_b8,220303,San Martin,San Martin,2,0.7251274051672054,0.7440441250801086,0.018916719912903224,0.018916719912903224,0.00035784229226322933,2021
CNN_FINAL_w5_c16x32_k3_actrelu_d0.0_dense32_e50_lr0.001_b8,220303,San Martin,San Martin,3,0.7045582547966808,0.7160133123397827,0.011455057543101943,0.011455057543101943,0.00013121834331577672,2022
CNN_FINAL_w5_c16x32_k3_actrelu_d0.0_dense32_e50_lr0.001_b8,220303,San Martin,San Martin,4,0.6793997876864997,0.6897979974746704,0.010398209788170742,0.010398209788170742,0.00010812276679880984,2023
CNN_FINAL_w5_c16x32_k3_actrelu_d0.0_dense32_e50_lr0.001_b8,220303,San Martin,San Martin,5,0.6580984629458327,0.661574125289917,0.0034756623440842516,0.0034756623440842516,1.2080228730085234e-05,2024
CNN_FINAL_w5_c16x32_k3_actrelu_d0.0_dense32_e50_lr0.001_b8,220304,San Martin,Santa Rosa,1,0.3669703848086291,0.37135663628578186,0.004386251477152769,0.004386251477152769,1.9239202020824853e-05,2020
CNN_FINAL_w5_c16x32_k3_actrelu_d0.0_dense32_e50_lr0.001_b8,220304,San Martin,Santa Rosa,2,0.3501940256491574,0.36324888467788696,0.013054859028729549,0.013054859028729549,0.0001704293442600014,2021
CNN_FINAL_w5_c16x32_k3_actrelu_d0.0_dense32_e50_lr0.001_b8,220304,San Martin,Santa Rosa,3,0.3417167617493309,0.34227949380874634,0.0005627320594154273,0.0005627320594154273,3.1666737069392796e-07,2022
CNN_FINAL_w5_c16x32_k3_actrelu_d0.0_dense32_e50_lr0.001_b8,220304,San Martin,Santa Rosa,4,0.3291344923797272,0.33488383889198303,0.005749346512255837,0.005749346512255837,3.305498531798836e-05,2023
CNN_FINAL_w5_c16x32_k3_actrelu_d0.0_dense32_e50_lr0.001_b8,220304,San Martin,Santa Rosa,5,0.302986462746719,0.32151198387145996,0.018525521124740985,0.018525521124740985,0.00034319493294322447,2024
CNN_FINAL_w5_c16x32_k3_actrelu_d0.0_dense32_e50_lr0.001_b8,220305,San Martin,Shatoja,1,0.3582181479624722,0.36216089129447937,0.00394274333200717,0.00394274333200717,1.5545224982087005e-05,2020
CNN_FINAL_w5_c16x32_k3_actrelu_d0.0_dense32_e50_lr0.001_b8,220305,San Martin,Shatoja,2,0.3286972713600229,0.35294613242149353,0.024248861061470617,0.024248861061470617,0.0005880072627785059,2021
CNN_FINAL_w5_c16x32_k3_actrelu_d0.0_dense32_e50_lr0.001_b8,220305,San Martin,Shatoja,3,0.3187996848814725,0.3177351653575897,-0.0010645195238827565,0.0010645195238827565,1.1332018167275706e-06,2022
CNN_FINAL_w5_c16x32_k3_actrelu_d0.0_dense32_e50_lr0.001_b8,220305,San Martin,Shatoja,4,0.3109073981236124,0.3109637498855591,5.6351761946682455e-05,5.6351761946682455e-05,3.175521074495569e-09,2023
CNN_FINAL_w5_c16x32_k3_actrelu_d0.0_dense32_e50_lr0.001_b8,220305,San Martin,Shatoja,5,0.3010384587839289,0.3044188916683197,0.003380432884390827,0.003380432884390827,1.1427326485870886e-05,2024
CNN_FINAL_w5_c16x32_k3_actrelu_d0.0_dense32_e50_lr0.001_b8,220401,San Martin,Saposoa,1,0.6072256464322885,0.6185226440429688,0.01129699761068026,0.01129699761068026,0.0001276221550157155,2020
CNN_FINAL_w5_c16x32_k3_actrelu_d0.0_dense32_e50_lr0.001_b8,220401,San Martin,Saposoa,2,0.6000618385304732,0.6037185192108154,0.0036566806803421947,0.0036566806803421947,1.3371313597987857e-05,2021
CNN_FINAL_w5_c16x32_k3_actrelu_d0.0_dense32_e50_lr0.001_b8,220401,San Martin,Saposoa,3,0.5926665585337172,0.5934943556785583,0.0008277971448411581,0.0008277971448411581,6.852481130071733e-07,2022
CNN_FINAL_w5_c16x32_k3_actrelu_d0.0_dense32_e50_lr0.001_b8,220401,San Martin,Saposoa,4,0.5851259748861225,0.5848034620285034,-0.0003225128576190839,0.0003225128576190839,1.0401454332962747e-07,2023
CNN_FINAL_w5_c16x32_k3_actrelu_d0.0_dense32_e50_lr0.001_b8,220401,San Martin,Saposoa,5,0.5671674573888597,0.5772879123687744,0.010120454979914761,0.010120454979914761,0.00010242360900048149,2024
CNN_FINAL_w5_c16x32_k3_actrelu_d0.0_dense32_e50_lr0.001_b8,220403,San Martin,El Eslabon,1,0.4029776356917556,0.4073006212711334,0.004322985579377825,0.004322985579377825,1.868820431950863e-05,2020
CNN_FINAL_w5_c16x32_k3_actrelu_d0.0_dense32_e50_lr0.001_b8,220403,San Martin,El Eslabon,2,0.3985061980675984,0.399925172328949,0.0014189742613505696,0.0014189742613505696,2.0134879543753944e-06,2021
CNN_FINAL_w5_c16x32_k3_actrelu_d0.0_dense32_e50_lr0.001_b8,220403,San Martin,El Eslabon,3,0.3935078712966457,0.3947247266769409,0.001216855380295201,0.001216855380295201,1.480737016553378e-06,2022
CNN_FINAL_w5_c16x32_k3_actrelu_d0.0_dense32_e50_lr0.001_b8,220403,San Martin,El Eslabon,4,0.3767471003296617,0.3877261281013489,0.010979027771687189,0.010979027771687189,0.00012053905081147855,2023
CNN_FINAL_w5_c16x32_k3_actrelu_d0.0_dense32_e50_lr0.001_b8,220403,San Martin,El Eslabon,5,0.3564333876836102,0.36605480313301086,0.00962141544940065,0.00962141544940065,9.257163524996551e-05,2024
CNN_FINAL_w5_c16x32_k3_actrelu_d0.0_dense32_e50_lr0.001_b8,220404,San Martin,Piscoyacu,1,0.3987249571611285,0.4054592251777649,0.006734268016636402,0.006734268016636402,4.5350365719891983e-05,2020
CNN_FINAL_w5_c16x32_k3_actrelu_d0.0_dense32_e50_lr0.001_b8,220404,San Martin,Piscoyacu,2,0.387722651022454,0.39482545852661133,0.007102807504157316,0.007102807504157316,5.0449874441113476e-05,2021
CNN_FINAL_w5_c16x32_k3_actrelu_d0.0_dense32_e50_lr0.001_b8,220404,San Martin,Piscoyacu,3,0.36994513661526,0.381309449672699,0.011364313057438957,0.011364313057438957,0.00012914761126747758,2022
CNN_FINAL_w5_c16x32_k3_actrelu_d0.0_dense32_e50_lr0.001_b8,220404,San Martin,Piscoyacu,4,0.3545774630499301,0.35920414328575134,0.0046266802358212455,0.0046266802358212455,2.1406170004538938e-05,2023
CNN_FINAL_w5_c16x32_k3_actrelu_d0.0_dense32_e50_lr0.001_b8,220404,San Martin,Piscoyacu,5,0.3424492476654667,0.34450963139533997,0.002060383729873272,0.002060383729873272,4.245181114326496e-06,2024
CNN_FINAL_w5_c16x32_k3_actrelu_d0.0_dense32_e50_lr0.001_b8,220405,San Martin,Sacanche,1,0.3772073268435089,0.3813074231147766,0.004100096271267728,0.004100096271267728,1.6810789433663527e-05,2020
CNN_FINAL_w5_c16x32_k3_actrelu_d0.0_dense32_e50_lr0.001_b8,220405,San Martin,Sacanche,2,0.3649483630936049,0.37283700704574585,0.00788864395214095,0.00788864395214095,6.223070340364999e-05,2021
CNN_FINAL_w5_c16x32_k3_actrelu_d0.0_dense32_e50_lr0.001_b8,220405,San Martin,Sacanche,3,0.3496493519321312,0.35789284110069275,0.008243489168561546,0.008243489168561546,6.795511367219153e-05,2022
CNN_FINAL_w5_c16x32_k3_actrelu_d0.0_dense32_e50_lr0.001_b8,220405,San Martin,Sacanche,4,0.3251808114841358,0.34144333004951477,0.01626251856537897,0.01626251856537897,0.00026446951008929565,2023
CNN_FINAL_w5_c16x32_k3_actrelu_d0.0_dense32_e50_lr0.001_b8,220405,San Martin,Sacanche,5,0.3092617184499051,0.3146618604660034,0.0054001420160983415,0.0054001420160983415,2.9161533794030662e-05,2024
CNN_FINAL_w5_c16x32_k3_actrelu_d0.0_dense32_e50_lr0.001_b8,220501,San Martin,Lamas,1,0.4863276556889722,0.4668177366256714,-0.019509919063300796,0.019509919063300796,0.0003806369418565478,2020
CNN_FINAL_w5_c16x32_k3_actrelu_d0.0_dense32_e50_lr0.001_b8,220501,San Martin,Lamas,2,0.4735718355886008,0.4843154549598694,0.010743619371268609,0.010743619371268609,0.0001154253571946981,2021
CNN_FINAL_w5_c16x32_k3_actrelu_d0.0_dense32_e50_lr0.001_b8,220501,San Martin,Lamas,3,0.458914313567991,0.4687844514846802,0.00987013791668917,0.00987013791668917,9.741962249446523e-05,2022
CNN_FINAL_w5_c16x32_k3_actrelu_d0.0_dense32_e50_lr0.001_b8,220501,San Martin,Lamas,4,0.4386409353352694,0.4535142183303833,0.014873282995113923,0.014873282995113923,0.000221214547052745,2023
CNN_FINAL_w5_c16x32_k3_actrelu_d0.0_dense32_e50_lr0.001_b8,220501,San Martin,Lamas,5,0.4195072051847122,0.42900508642196655,0.009497881237254369,0.009497881237254369,9.020974799698857e-05,2024
CNN_FINAL_w5_c16x32_k3_actrelu_d0.0_dense32_e50_lr0.001_b8,220502,San Martin,Alonso De Alvarado,1,0.5448829290974816,0.5422849655151367,-0.0025979635823448755,0.0025979635823448755,6.749414775190218e-06,2020
CNN_FINAL_w5_c16x32_k3_actrelu_d0.0_dense32_e50_lr0.001_b8,220502,San Martin,Alonso De Alvarado,2,0.527762528311509,0.543906569480896,0.016144041169386947,0.016144041169386947,0.00026063006527886064,2021
CNN_FINAL_w5_c16x32_k3_actrelu_d0.0_dense32_e50_lr0.001_b8,220502,San Martin,Alonso De Alvarado,3,0.5124570640027599,0.5224536657333374,0.009996601730577481,0.009996601730577481,9.99320461597847e-05,2022
CNN_FINAL_w5_c16x32_k3_actrelu_d0.0_dense32_e50_lr0.001_b8,220502,San Martin,Alonso De Alvarado,4,0.4873989410370637,0.5055680871009827,0.01816914606391895,0.01816914606391895,0.00033011786869202147,2023
CNN_FINAL_w5_c16x32_k3_actrelu_d0.0_dense32_e50_lr0.001_b8,220502,San Martin,Alonso De Alvarado,5,0.4704975325863594,0.4756240248680115,0.005126492281652073,0.005126492281652073,2.6280923113838278e-05,2024
CNN_FINAL_w5_c16x32_k3_actrelu_d0.0_dense32_e50_lr0.001_b8,220503,San Martin,Barranquita,1,0.6822344607104468,0.6840323805809021,0.0017979198704553,0.0017979198704553,3.2325158605780033e-06,2020
CNN_FINAL_w5_c16x32_k3_actrelu_d0.0_dense32_e50_lr0.001_b8,220503,San Martin,Barranquita,2,0.6784903573580665,0.6790726780891418,0.0005823207310753364,0.0005823207310753364,3.390974338401143e-07,2021
CNN_FINAL_w5_c16x32_k3_actrelu_d0.0_dense32_e50_lr0.001_b8,220503,San Martin,Barranquita,3,0.6663369390463336,0.6737698316574097,0.007432892611076047,0.007432892611076047,5.52478925677889e-05,2022
CNN_FINAL_w5_c16x32_k3_actrelu_d0.0_dense32_e50_lr0.001_b8,220503,San Martin,Barranquita,4,0.6581066350890139,0.6591446995735168,0.001038064484502943,0.001038064484502943,1.0775778739863607e-06,2023
CNN_FINAL_w5_c16x32_k3_actrelu_d0.0_dense32_e50_lr0.001_b8,220503,San Martin,Barranquita,5,0.6310163034480208,0.6499579548835754,0.018941651435554596,0.018941651435554596,0.0003587861591060475,2024
CNN_FINAL_w5_c16x32_k3_actrelu_d0.0_dense32_e50_lr0.001_b8,220504,San Martin,Caynarachi,1,0.7807769331585845,0.7779701948165894,-0.0028067383419951852,0.0028067383419951852,7.87778012042588e-06,2020
CNN_FINAL_w5_c16x32_k3_actrelu_d0.0_dense32_e50_lr0.001_b8,220504,San Martin,Caynarachi,2,0.780681869812145,0.7755886912345886,-0.005093178577556423,0.005093178577556423,2.594046802287967e-05,2021
CNN_FINAL_w5_c16x32_k3_actrelu_d0.0_dense32_e50_lr0.001_b8,220504,San Martin,Caynarachi,3,0.7709861074705111,0.7756303548812866,0.004644247410775515,0.004644247410775515,2.1569034012495074e-05,2022
CNN_FINAL_w5_c16x32_k3_actrelu_d0.0_dense32_e50_lr0.001_b8,220504,San Martin,Caynarachi,4,0.7615587592835299,0.7633220553398132,0.0017632960562833366,0.0017632960562833366,3.1092129821043677e-06,2023
CNN_FINAL_w5_c16x32_k3_actrelu_d0.0_dense32_e50_lr0.001_b8,220504,San Martin,Caynarachi,5,0.747415989515072,0.7519992589950562,0.004583269479984109,0.004583269479984109,2.1006359126153805e-05,2024
CNN_FINAL_w5_c16x32_k3_actrelu_d0.0_dense32_e50_lr0.001_b8,220505,San Martin,Cuñumbuqui,1,0.3374020626603831,0.3325297236442566,-0.004872339016126492,0.004872339016126492,2.3739687488068475e-05,2020
CNN_FINAL_w5_c16x32_k3_actrelu_d0.0_dense32_e50_lr0.001_b8,220505,San Martin,Cuñumbuqui,2,0.3226346242035731,0.33396226167678833,0.011327637473215246,0.011327637473215246,0.0001283153707245903,2021
CNN_FINAL_w5_c16x32_k3_actrelu_d0.0_dense32_e50_lr0.001_b8,220505,San Martin,Cuñumbuqui,3,0.3152045585379894,0.3154110312461853,0.0002064727081959039,0.0002064727081959039,4.263097922975089e-08,2022
CNN_FINAL_w5_c16x32_k3_actrelu_d0.0_dense32_e50_lr0.001_b8,220505,San Martin,Cuñumbuqui,4,0.309242943145118,0.3088393807411194,-0.0004035624039986363,0.0004035624039986363,1.6286261392115854e-07,2023
CNN_FINAL_w5_c16x32_k3_actrelu_d0.0_dense32_e50_lr0.001_b8,220505,San Martin,Cuñumbuqui,5,0.2994077413185805,0.3035264015197754,0.00411866020119489,0.00411866020119489,1.6963361852906735e-05,2024
CNN_FINAL_w5_c16x32_k3_actrelu_d0.0_dense32_e50_lr0.001_b8,220506,San Martin,Pinto Recodo,1,0.7941040065818105,0.7948158979415894,0.0007118913597788934,0.0007118913597788934,5.067893081278419e-07,2020
CNN_FINAL_w5_c16x32_k3_actrelu_d0.0_dense32_e50_lr0.001_b8,220506,San Martin,Pinto Recodo,2,0.7839612842154081,0.7924761176109314,0.00851483339552328,0.00851483339552328,7.250238775351851e-05,2021
CNN_FINAL_w5_c16x32_k3_actrelu_d0.0_dense32_e50_lr0.001_b8,220506,San Martin,Pinto Recodo,3,0.7766441025771346,0.7773137092590332,0.0006696066818986379,0.0006696066818986379,4.483731084433037e-07,2022
CNN_FINAL_w5_c16x32_k3_actrelu_d0.0_dense32_e50_lr0.001_b8,220506,San Martin,Pinto Recodo,4,0.7632867121760316,0.7682104706764221,0.004923758500390507,0.004923758500390507,2.4243397770167774e-05,2023
CNN_FINAL_w5_c16x32_k3_actrelu_d0.0_dense32_e50_lr0.001_b8,220506,San Martin,Pinto Recodo,5,0.7511332340132209,0.7522391080856323,0.0011058740724114724,0.0011058740724114724,1.2229574640319345e-06,2024
CNN_FINAL_w5_c16x32_k3_actrelu_d0.0_dense32_e50_lr0.001_b8,220507,San Martin,Rumisapa,1,0.2832593938746058,0.29025763273239136,0.006998238857785555,0.006998238857785555,4.8975347110619664e-05,2020
CNN_FINAL_w5_c16x32_k3_actrelu_d0.0_dense32_e50_lr0.001_b8,220507,San Martin,Rumisapa,2,0.2590731733390347,0.27882298827171326,0.019749814932678578,0.019749814932678578,0.0003900551898750537,2021
CNN_FINAL_w5_c16x32_k3_actrelu_d0.0_dense32_e50_lr0.001_b8,220507,San Martin,Rumisapa,3,0.2297557325351435,0.251875102519989,0.02211936998484551,0.02211936998484551,0.0004892665285264844,2022
CNN_FINAL_w5_c16x32_k3_actrelu_d0.0_dense32_e50_lr0.001_b8,220507,San Martin,Rumisapa,4,0.2048479341493398,0.21773411333560944,0.012886179186269636,0.012886179186269636,0.0001660536140206488,2023
CNN_FINAL_w5_c16x32_k3_actrelu_d0.0_dense32_e50_lr0.001_b8,220507,San Martin,Rumisapa,5,0.1848842802929071,0.19470259547233582,0.009818315179428716,0.009818315179428716,9.639931296260034e-05,2024
CNN_FINAL_w5_c16x32_k3_actrelu_d0.0_dense32_e50_lr0.001_b8,220510,San Martin,Tabalosos,1,0.6001993283713989,0.5941140651702881,-0.006085263201110802,0.006085263201110802,3.703042822679329e-05,2020
CNN_FINAL_w5_c16x32_k3_actrelu_d0.0_dense32_e50_lr0.001_b8,220510,San Martin,Tabalosos,2,0.5865875571964415,0.604797899723053,0.018210342526611467,0.018210342526611467,0.0003316165749365141,2021
CNN_FINAL_w5_c16x32_k3_actrelu_d0.0_dense32_e50_lr0.001_b8,220510,San Martin,Tabalosos,3,0.5743529192278235,0.5816465616226196,0.007293642394796129,0.007293642394796129,5.3197219383167414e-05,2022
CNN_FINAL_w5_c16x32_k3_actrelu_d0.0_dense32_e50_lr0.001_b8,220510,San Martin,Tabalosos,4,0.5560009622748964,0.5669583082199097,0.010957345945013297,0.010957345945013297,0.00012006343015869934,2023
CNN_FINAL_w5_c16x32_k3_actrelu_d0.0_dense32_e50_lr0.001_b8,220510,San Martin,Tabalosos,5,0.5390015906993185,0.5460330247879028,0.00703143408858431,0.00703143408858431,4.944106534210546e-05,2024
CNN_FINAL_w5_c16x32_k3_actrelu_d0.0_dense32_e50_lr0.001_b8,220511,San Martin,Zapatero,1,0.1938869565660217,0.18932637572288513,-0.004560580843136569,0.004560580843136569,2.079889762678426e-05,2020
CNN_FINAL_w5_c16x32_k3_actrelu_d0.0_dense32_e50_lr0.001_b8,220511,San Martin,Zapatero,2,0.1849852571969832,0.19377057254314423,0.008785315346161032,0.008785315346161032,7.718176573149254e-05,2021
CNN_FINAL_w5_c16x32_k3_actrelu_d0.0_dense32_e50_lr0.001_b8,220511,San Martin,Zapatero,3,0.1884481608416892,0.179502472281456,-0.0089456885602332,0.0089456885602332,8.002534381668715e-05,2022
CNN_FINAL_w5_c16x32_k3_actrelu_d0.0_dense32_e50_lr0.001_b8,220511,San Martin,Zapatero,4,0.1871903120178034,0.18500488996505737,-0.002185422052746022,0.002185422052746022,4.776069548628637e-06,2023
CNN_FINAL_w5_c16x32_k3_actrelu_d0.0_dense32_e50_lr0.001_b8,220511,San Martin,Zapatero,5,0.178502497873879,0.18479031324386597,0.00628781536998696,0.00628781536998696,3.9536622127044246e-05,2024
CNN_FINAL_w5_c16x32_k3_actrelu_d0.0_dense32_e50_lr0.001_b8,220601,San Martin,Juanjui,1,0.4664424808923571,0.4719048738479614,0.0054623929556043005,0.0054623929556043005,2.9837736801435486e-05,2020
CNN_FINAL_w5_c16x32_k3_actrelu_d0.0_dense32_e50_lr0.001_b8,220601,San Martin,Juanjui,2,0.4457228009614756,0.46305665373802185,0.017333852776546255,0.017333852776546255,0.0003004624520789803,2021
CNN_FINAL_w5_c16x32_k3_actrelu_d0.0_dense32_e50_lr0.001_b8,220601,San Martin,Juanjui,3,0.4332446234055497,0.4374455213546753,0.004200897949125593,0.004200897949125593,1.764754357896761e-05,2022
CNN_FINAL_w5_c16x32_k3_actrelu_d0.0_dense32_e50_lr0.001_b8,220601,San Martin,Juanjui,4,0.4354957286467013,0.42551928758621216,-0.009976441060489116,0.009976441060489116,9.95293762334132e-05,2023
CNN_FINAL_w5_c16x32_k3_actrelu_d0.0_dense32_e50_lr0.001_b8,220601,San Martin,Juanjui,5,0.4154359237556996,0.4309687614440918,0.015532837688392198,0.015532837688392198,0.0002412690466539371,2024
CNN_FINAL_w5_c16x32_k3_actrelu_d0.0_dense32_e50_lr0.001_b8,220605,San Martin,Pajarillo,1,0.3333567603552317,0.3356313109397888,0.0022745505845571112,0.0022745505845571112,5.173580361709096e-06,2020
CNN_FINAL_w5_c16x32_k3_actrelu_d0.0_dense32_e50_lr0.001_b8,220605,San Martin,Pajarillo,2,0.3152320544131629,0.3285636007785797,0.013331546365416835,0.013331546365416835,0.00017773012849325883,2021
CNN_FINAL_w5_c16x32_k3_actrelu_d0.0_dense32_e50_lr0.001_b8,220605,San Martin,Pajarillo,3,0.3056933519968607,0.30717232823371887,0.001478976236858165,0.001478976236858165,2.187370709191139e-06,2022
CNN_FINAL_w5_c16x32_k3_actrelu_d0.0_dense32_e50_lr0.001_b8,220605,San Martin,Pajarillo,4,0.3104666077086616,0.29890915751457214,-0.011557450194089436,0.011557450194089436,0.00013357465498885793,2023
CNN_FINAL_w5_c16x32_k3_actrelu_d0.0_dense32_e50_lr0.001_b8,220605,San Martin,Pajarillo,5,0.2918167460257033,0.3068719208240509,0.015055174798347615,0.015055174798347615,0.00022665828820880114,2024
CNN_FINAL_w5_c16x32_k3_actrelu_d0.0_dense32_e50_lr0.001_b8,220701,San Martin,Picota,1,0.3992403202091161,0.3967263400554657,-0.002513980153650397,0.002513980153650397,6.320096212948074e-06,2020
CNN_FINAL_w5_c16x32_k3_actrelu_d0.0_dense32_e50_lr0.001_b8,220701,San Martin,Picota,2,0.3986644339160268,0.3963243067264557,-0.002340127189571106,0.002340127189571106,5.476195263369964e-06,2021
CNN_FINAL_w5_c16x32_k3_actrelu_d0.0_dense32_e50_lr0.001_b8,220701,San Martin,Picota,3,0.3950457441594511,0.3955744504928589,0.0005287063334077913,0.0005287063334077913,2.7953038698551054e-07,2022
CNN_FINAL_w5_c16x32_k3_actrelu_d0.0_dense32_e50_lr0.001_b8,220701,San Martin,Picota,4,0.3865504002613952,0.39003539085388184,0.0034849905924866365,0.0034849905924866365,1.2145159429720358e-05,2023
CNN_FINAL_w5_c16x32_k3_actrelu_d0.0_dense32_e50_lr0.001_b8,220701,San Martin,Picota,5,0.3634250939388989,0.3790232539176941,0.015598159978795212,0.015598159978795212,0.00024330259472408864,2024
CNN_FINAL_w5_c16x32_k3_actrelu_d0.0_dense32_e50_lr0.001_b8,220702,San Martin,Buenos Aires,1,0.3520505109872239,0.3429080843925476,-0.00914242659467629,0.00914242659467629,8.358396403904429e-05,2020
CNN_FINAL_w5_c16x32_k3_actrelu_d0.0_dense32_e50_lr0.001_b8,220702,San Martin,Buenos Aires,2,0.3357251681892621,0.35002851486206055,0.014303346672798423,0.014303346672798423,0.0002045857260422537,2021
CNN_FINAL_w5_c16x32_k3_actrelu_d0.0_dense32_e50_lr0.001_b8,220702,San Martin,Buenos Aires,3,0.3342472710257976,0.32827627658843994,-0.005970994437357657,0.005970994437357657,3.5652774570956084e-05,2022
CNN_FINAL_w5_c16x32_k3_actrelu_d0.0_dense32_e50_lr0.001_b8,220702,San Martin,Buenos Aires,4,0.333747981443546,0.32900524139404297,-0.004742740049503036,0.004742740049503036,2.249358317716006e-05,2023
CNN_FINAL_w5_c16x32_k3_actrelu_d0.0_dense32_e50_lr0.001_b8,220702,San Martin,Buenos Aires,5,0.3216851451363488,0.32917657494544983,0.007491429809101002,0.007491429809101002,5.612152058468708e-05,2024
CNN_FINAL_w5_c16x32_k3_actrelu_d0.0_dense32_e50_lr0.001_b8,220704,San Martin,Pilluana,1,0.5112911813211786,0.5003089904785156,-0.010982190842662942,0.010982190842662942,0.00012060851570466979,2020
CNN_FINAL_w5_c16x32_k3_actrelu_d0.0_dense32_e50_lr0.001_b8,220704,San Martin,Pilluana,2,0.5091485189658083,0.512239396572113,0.003090877606304776,0.003090877606304776,9.553524377156343e-06,2021
CNN_FINAL_w5_c16x32_k3_actrelu_d0.0_dense32_e50_lr0.001_b8,220704,San Martin,Pilluana,3,0.5087719298245614,0.5071631669998169,-0.0016087628247445362,0.0016087628247445362,2.5881178262800193e-06,2022
CNN_FINAL_w5_c16x32_k3_actrelu_d0.0_dense32_e50_lr0.001_b8,220704,San Martin,Pilluana,4,0.501447920318932,0.5068100690841675,0.005362148765235442,0.005362148765235442,2.8752639380515972e-05,2023
CNN_FINAL_w5_c16x32_k3_actrelu_d0.0_dense32_e50_lr0.001_b8,220704,San Martin,Pilluana,5,0.4919942342903892,0.497027188539505,0.0050329542491158175,0.0050329542491158175,2.533062847369296e-05,2024
CNN_FINAL_w5_c16x32_k3_actrelu_d0.0_dense32_e50_lr0.001_b8,220705,San Martin,Pucacaca,1,0.4758609225169735,0.47324541211128235,-0.002615510405691135,0.002615510405691135,6.840894682278605e-06,2020
CNN_FINAL_w5_c16x32_k3_actrelu_d0.0_dense32_e50_lr0.001_b8,220705,San Martin,Pucacaca,2,0.4807342339189473,0.47372955083847046,-0.007004683080476859,0.007004683080476859,4.906558505791878e-05,2021
CNN_FINAL_w5_c16x32_k3_actrelu_d0.0_dense32_e50_lr0.001_b8,220705,San Martin,Pucacaca,3,0.4854938055574998,0.47934943437576294,-0.006144371181736885,0.006144371181736885,3.775329721895872e-05,2022
CNN_FINAL_w5_c16x32_k3_actrelu_d0.0_dense32_e50_lr0.001_b8,220705,San Martin,Pucacaca,4,0.4750866172044516,0.48386213183403015,0.00877551462957854,0.00877551462957854,7.700965701394698e-05,2023
CNN_FINAL_w5_c16x32_k3_actrelu_d0.0_dense32_e50_lr0.001_b8,220705,San Martin,Pucacaca,5,0.445457408833205,0.4699164032936096,0.024458994460404615,0.024458994460404615,0.0005982424100141036,2024
CNN_FINAL_w5_c16x32_k3_actrelu_d0.0_dense32_e50_lr0.001_b8,220706,San Martin,San Cristobal,1,0.3861228344597586,0.3849542438983917,-0.0011685905613668668,0.0011685905613668668,1.365603900115729e-06,2020
CNN_FINAL_w5_c16x32_k3_actrelu_d0.0_dense32_e50_lr0.001_b8,220706,San Martin,San Cristobal,2,0.3917893929108992,0.3812808692455292,-0.010508523665370029,0.010508523665370029,0.00011042906962564194,2021
CNN_FINAL_w5_c16x32_k3_actrelu_d0.0_dense32_e50_lr0.001_b8,220706,San Martin,San Cristobal,3,0.4098220346486438,0.3884659707546234,-0.021356063894020394,0.021356063894020394,0.0004560814650454815,2022
CNN_FINAL_w5_c16x32_k3_actrelu_d0.0_dense32_e50_lr0.001_b8,220706,San Martin,San Cristobal,4,0.4261429035209397,0.41020315885543823,-0.015939744665501465,0.015939744665501465,0.0002540754600013824,2023
CNN_FINAL_w5_c16x32_k3_actrelu_d0.0_dense32_e50_lr0.001_b8,220706,San Martin,San Cristobal,5,0.4205353717203317,0.42690056562423706,0.006365193903905386,0.006365193903905386,4.051569343431429e-05,2024
CNN_FINAL_w5_c16x32_k3_actrelu_d0.0_dense32_e50_lr0.001_b8,220707,San Martin,San Hilarion,1,0.3140235575281666,0.3133321702480316,-0.0006913872801349585,0.0006913872801349585,4.780163711324156e-07,2020
CNN_FINAL_w5_c16x32_k3_actrelu_d0.0_dense32_e50_lr0.001_b8,220707,San Martin,San Hilarion,2,0.3142966882895186,0.3077552318572998,-0.006541456432218817,0.006541456432218817,4.279065225461694e-05,2021
CNN_FINAL_w5_c16x32_k3_actrelu_d0.0_dense32_e50_lr0.001_b8,220707,San Martin,San Hilarion,3,0.3208176852167975,0.30978745222091675,-0.01103023299588074,0.01103023299588074,0.0001216660399434162,2022
CNN_FINAL_w5_c16x32_k3_actrelu_d0.0_dense32_e50_lr0.001_b8,220707,San Martin,San Hilarion,4,0.3174632980539433,0.31773972511291504,0.0002764270589717399,0.0002764270589717399,7.641191893176577e-08,2023
CNN_FINAL_w5_c16x32_k3_actrelu_d0.0_dense32_e50_lr0.001_b8,220707,San Martin,San Hilarion,5,0.3020740867190167,0.3127329349517822,0.010658848232765528,0.010658848232765528,0.00011361104564912881,2024
CNN_FINAL_w5_c16x32_k3_actrelu_d0.0_dense32_e50_lr0.001_b8,220708,San Martin,Shamboyacu,1,0.5518028865177508,0.5728614926338196,0.0210586061160688,0.0210586061160688,0.0004434648915517303,2020
CNN_FINAL_w5_c16x32_k3_actrelu_d0.0_dense32_e50_lr0.001_b8,220708,San Martin,Shamboyacu,2,0.5357739625516944,0.5403745770454407,0.004600614493746269,0.004600614493746269,2.116565372006824e-05,2021
CNN_FINAL_w5_c16x32_k3_actrelu_d0.0_dense32_e50_lr0.001_b8,220708,San Martin,Shamboyacu,3,0.5237471821065746,0.5261675715446472,0.0024203894380726565,0.0024203894380726565,5.85828503193367e-06,2022
CNN_FINAL_w5_c16x32_k3_actrelu_d0.0_dense32_e50_lr0.001_b8,220708,San Martin,Shamboyacu,4,0.5107277796243411,0.5145732760429382,0.0038454964185971052,0.0038454964185971052,1.4787842705443163e-05,2023
CNN_FINAL_w5_c16x32_k3_actrelu_d0.0_dense32_e50_lr0.001_b8,220708,San Martin,Shamboyacu,5,0.4962160524393856,0.5013225674629211,0.0051065150235355405,0.0051065150235355405,2.6076495685594183e-05,2024
CNN_FINAL_w5_c16x32_k3_actrelu_d0.0_dense32_e50_lr0.001_b8,220710,San Martin,Tres Unidos,1,0.6648895512803618,0.6727566123008728,0.007867061020511046,0.007867061020511046,6.18906491004443e-05,2020
CNN_FINAL_w5_c16x32_k3_actrelu_d0.0_dense32_e50_lr0.001_b8,220710,San Martin,Tres Unidos,2,0.6512029673434082,0.6592912077903748,0.008088240446966544,0.008088240446966544,6.541963352794555e-05,2021
CNN_FINAL_w5_c16x32_k3_actrelu_d0.0_dense32_e50_lr0.001_b8,220710,San Martin,Tres Unidos,3,0.6378470466738391,0.6419548392295837,0.0041077925557446715,0.0041077925557446715,1.687395968103134e-05,2022
CNN_FINAL_w5_c16x32_k3_actrelu_d0.0_dense32_e50_lr0.001_b8,220710,San Martin,Tres Unidos,4,0.6259431690480013,0.6271224617958069,0.0011792927478055937,0.0011792927478055937,1.3907313850268676e-06,2023
CNN_FINAL_w5_c16x32_k3_actrelu_d0.0_dense32_e50_lr0.001_b8,220710,San Martin,Tres Unidos,5,0.6019796666051664,0.6156761646270752,0.013696498021908754,0.013696498021908754,0.0001875940580641504,2024
CNN_FINAL_w5_c16x32_k3_actrelu_d0.0_dense32_e50_lr0.001_b8,220802,San Martin,Awajun,1,0.5355809190581077,0.5314878225326538,-0.004093096525453865,0.004093096525453865,1.6753439166682506e-05,2020
CNN_FINAL_w5_c16x32_k3_actrelu_d0.0_dense32_e50_lr0.001_b8,220802,San Martin,Awajun,2,0.5382086060261153,0.5326218008995056,-0.005586805126609695,0.005586805126609695,3.1212391522712375e-05,2021
CNN_FINAL_w5_c16x32_k3_actrelu_d0.0_dense32_e50_lr0.001_b8,220802,San Martin,Awajun,3,0.5366646642848862,0.5357813835144043,-0.0008832807704819423,0.0008832807704819423,7.801849195031737e-07,2022
CNN_FINAL_w5_c16x32_k3_actrelu_d0.0_dense32_e50_lr0.001_b8,220802,San Martin,Awajun,4,0.5258711238982509,0.533476710319519,0.0076055864212681845,0.0076055864212681845,5.784494481137899e-05,2023
CNN_FINAL_w5_c16x32_k3_actrelu_d0.0_dense32_e50_lr0.001_b8,220802,San Martin,Awajun,5,0.5191631449337984,0.5200216770172119,0.0008585320834134658,0.0008585320834134658,7.370773382502661e-07,2024
CNN_FINAL_w5_c16x32_k3_actrelu_d0.0_dense32_e50_lr0.001_b8,220803,San Martin,Elias Soplin Vargas,1,0.6579222347659429,0.6580559015274048,0.0001336667614618703,0.0001336667614618703,1.7866803119704533e-08,2020
CNN_FINAL_w5_c16x32_k3_actrelu_d0.0_dense32_e50_lr0.001_b8,220803,San Martin,Elias Soplin Vargas,2,0.6578644753078317,0.6554720401763916,-0.0023924351314400516,0.0023924351314400516,5.723745858148577e-06,2021
CNN_FINAL_w5_c16x32_k3_actrelu_d0.0_dense32_e50_lr0.001_b8,220803,San Martin,Elias Soplin Vargas,3,0.6580377536821654,0.6548522710800171,-0.0031854826021483484,0.0031854826021483484,1.0147299408589813e-05,2022
CNN_FINAL_w5_c16x32_k3_actrelu_d0.0_dense32_e50_lr0.001_b8,220803,San Martin,Elias Soplin Vargas,4,0.6494578487227284,0.655286431312561,0.005828582589832654,0.005828582589832654,3.3972375006500326e-05,2023
CNN_FINAL_w5_c16x32_k3_actrelu_d0.0_dense32_e50_lr0.001_b8,220803,San Martin,Elias Soplin Vargas,5,0.6291842789256741,0.6445326805114746,0.01534840158580053,0.01534840158580053,0.00023557343123900424,2024
CNN_FINAL_w5_c16x32_k3_actrelu_d0.0_dense32_e50_lr0.001_b8,220804,San Martin,Nueva Cajamarca,1,0.5888559349108645,0.5842990279197693,-0.004556906991095233,0.004556906991095233,2.0765401325492612e-05,2020
CNN_FINAL_w5_c16x32_k3_actrelu_d0.0_dense32_e50_lr0.001_b8,220804,San Martin,Nueva Cajamarca,2,0.5891461310728205,0.5847988128662109,-0.004347318206609607,0.004347318206609607,1.889917558951937e-05,2021
CNN_FINAL_w5_c16x32_k3_actrelu_d0.0_dense32_e50_lr0.001_b8,220804,San Martin,Nueva Cajamarca,3,0.5879800217247769,0.5857796669006348,-0.002200354824142159,0.002200354824142159,4.841561352125671e-06,2022
CNN_FINAL_w5_c16x32_k3_actrelu_d0.0_dense32_e50_lr0.001_b8,220804,San Martin,Nueva Cajamarca,4,0.5816675896147047,0.5843418836593628,0.002674294044658132,0.002674294044658132,7.151848637293951e-06,2023
CNN_FINAL_w5_c16x32_k3_actrelu_d0.0_dense32_e50_lr0.001_b8,220804,San Martin,Nueva Cajamarca,5,0.5762816553428042,0.576595664024353,0.00031400868154884964,0.00031400868154884964,9.860145208804686e-08,2024
CNN_FINAL_w5_c16x32_k3_actrelu_d0.0_dense32_e50_lr0.001_b8,220806,San Martin,Posic,1,0.3292907765430219,0.33954519033432007,0.010254413791298156,0.010254413791298156,0.00010515300220316582,2020
CNN_FINAL_w5_c16x32_k3_actrelu_d0.0_dense32_e50_lr0.001_b8,220806,San Martin,Posic,2,0.3222881886300976,0.3215752840042114,-0.0007129046258861904,0.0007129046258861904,5.082330056099291e-07,2021
CNN_FINAL_w5_c16x32_k3_actrelu_d0.0_dense32_e50_lr0.001_b8,220806,San Martin,Posic,3,0.3258233115136753,0.3157885670661926,-0.010034744447482646,0.010034744447482646,0.0001006960961262838,2022
CNN_FINAL_w5_c16x32_k3_actrelu_d0.0_dense32_e50_lr0.001_b8,220806,San Martin,Posic,4,0.3040713113783596,0.3217301368713379,0.017658825492978314,0.017658825492978314,0.0003118341177914608,2023
CNN_FINAL_w5_c16x32_k3_actrelu_d0.0_dense32_e50_lr0.001_b8,220806,San Martin,Posic,5,0.2794607669017777,0.2954637408256531,0.016002973923875397,0.016002973923875397,0.0002560951744082359,2024
CNN_FINAL_w5_c16x32_k3_actrelu_d0.0_dense32_e50_lr0.001_b8,220807,San Martin,San Fernando,1,0.1658237133701401,0.16628125309944153,0.0004575397293014316,0.0004575397293014316,2.0934260388922732e-07,2020
CNN_FINAL_w5_c16x32_k3_actrelu_d0.0_dense32_e50_lr0.001_b8,220807,San Martin,San Fernando,2,0.159105826029883,0.160679429769516,0.0015736037396330005,0.0015736037396330005,2.476228729386964e-06,2021
CNN_FINAL_w5_c16x32_k3_actrelu_d0.0_dense32_e50_lr0.001_b8,220807,San Martin,San Fernando,3,0.1475103921341518,0.1547800749540329,0.007269682819881107,0.007269682819881107,5.2848288301674525e-05,2022
CNN_FINAL_w5_c16x32_k3_actrelu_d0.0_dense32_e50_lr0.001_b8,220807,San Martin,San Fernando,4,0.132401580376562,0.14294256269931793,0.010540982322755937,0.010540982322755937,0.00011111230832865315,2023
CNN_FINAL_w5_c16x32_k3_actrelu_d0.0_dense32_e50_lr0.001_b8,220807,San Martin,San Fernando,5,0.1213080576039535,0.12851735949516296,0.007209301891209469,0.007209301891209469,5.1974033758596424e-05,2024
CNN_FINAL_w5_c16x32_k3_actrelu_d0.0_dense32_e50_lr0.001_b8,220808,San Martin,Yorongos,1,0.4266312916589646,0.4220235347747803,-0.0046077568841843,0.0046077568841843,2.1231423503747805e-05,2020
CNN_FINAL_w5_c16x32_k3_actrelu_d0.0_dense32_e50_lr0.001_b8,220808,San Martin,Yorongos,2,0.4260115041264801,0.42462262511253357,-0.0013888790139465201,0.0013888790139465201,1.928984915381058e-06,2021
CNN_FINAL_w5_c16x32_k3_actrelu_d0.0_dense32_e50_lr0.001_b8,220808,San Martin,Yorongos,3,0.4283384257396675,0.42324429750442505,-0.005094128235242468,0.005094128235242468,2.595014247709454e-05,2022
CNN_FINAL_w5_c16x32_k3_actrelu_d0.0_dense32_e50_lr0.001_b8,220808,San Martin,Yorongos,4,0.4121695825676601,0.4259951412677765,0.01382555870011637,0.01382555870011637,0.00019114607337036344,2023
CNN_FINAL_w5_c16x32_k3_actrelu_d0.0_dense32_e50_lr0.001_b8,220808,San Martin,Yorongos,5,0.4044929159372383,0.4043276906013489,-0.00016522533588941846,0.00016522533588941846,2.729941161977115e-08,2024
CNN_FINAL_w5_c16x32_k3_actrelu_d0.0_dense32_e50_lr0.001_b8,220809,San Martin,Yuracyacu,1,0.1502808988764045,0.1506909728050232,0.00041007392861869274,0.00041007392861869274,1.681606269327687e-07,2020
CNN_FINAL_w5_c16x32_k3_actrelu_d0.0_dense32_e50_lr0.001_b8,220809,San Martin,Yuracyacu,2,0.1431294427883513,0.1469249129295349,0.0037954701411836156,0.0037954701411836156,1.4405593592616375e-05,2021
CNN_FINAL_w5_c16x32_k3_actrelu_d0.0_dense32_e50_lr0.001_b8,220809,San Martin,Yuracyacu,3,0.1386723228617289,0.13967685401439667,0.0010045311526677703,0.0010045311526677703,1.0090828366800391e-06,2022
CNN_FINAL_w5_c16x32_k3_actrelu_d0.0_dense32_e50_lr0.001_b8,220809,San Martin,Yuracyacu,4,0.1295574409539096,0.13530340790748596,0.005745966953576376,0.005745966953576376,3.301613623159177e-05,2023
CNN_FINAL_w5_c16x32_k3_actrelu_d0.0_dense32_e50_lr0.001_b8,220809,San Martin,Yuracyacu,5,0.1247420316441183,0.12772955000400543,0.0029875183598871285,0.0029875183598871285,8.925265950662678e-06,2024
CNN_FINAL_w5_c16x32_k3_actrelu_d0.0_dense32_e50_lr0.001_b8,220902,San Martin,Alberto Leveau,1,0.6091401907637412,0.6152657270431519,0.006125536279410704,0.006125536279410704,3.7522194710376726e-05,2020
CNN_FINAL_w5_c16x32_k3_actrelu_d0.0_dense32_e50_lr0.001_b8,220902,San Martin,Alberto Leveau,2,0.5906470870788444,0.6122104525566101,0.021563365477765717,0.021563365477765717,0.0004649787307276983,2021
CNN_FINAL_w5_c16x32_k3_actrelu_d0.0_dense32_e50_lr0.001_b8,220902,San Martin,Alberto Leveau,3,0.6041995471076649,0.5829160213470459,-0.021283525760618982,0.021283525760618982,0.00045298846880293184,2022
CNN_FINAL_w5_c16x32_k3_actrelu_d0.0_dense32_e50_lr0.001_b8,220902,San Martin,Alberto Leveau,4,0.5961538461538461,0.6033434271812439,0.007189581027397751,0.007189581027397751,5.1690075349517703e-05,2023
CNN_FINAL_w5_c16x32_k3_actrelu_d0.0_dense32_e50_lr0.001_b8,220902,San Martin,Alberto Leveau,5,0.5823955259726892,0.5924941897392273,0.010098663766538118,0.010098663766538118,0.00010198300986958986,2024
CNN_FINAL_w5_c16x32_k3_actrelu_d0.0_dense32_e50_lr0.001_b8,220906,San Martin,El Porvenir,1,0.670344214080825,0.6774926781654358,0.007148464084610784,0.007148464084610784,5.110053876897029e-05,2020
CNN_FINAL_w5_c16x32_k3_actrelu_d0.0_dense32_e50_lr0.001_b8,220906,San Martin,El Porvenir,2,0.6629443375331324,0.6636599898338318,0.0007156523006993654,0.0007156523006993654,5.121582154962949e-07,2021
CNN_FINAL_w5_c16x32_k3_actrelu_d0.0_dense32_e50_lr0.001_b8,220906,San Martin,El Porvenir,3,0.6372517337787299,0.6553740501403809,0.01812231636165096,0.01812231636165096,0.00032841835031176205,2022
CNN_FINAL_w5_c16x32_k3_actrelu_d0.0_dense32_e50_lr0.001_b8,220906,San Martin,El Porvenir,4,0.61286082567808,0.6238751411437988,0.011014315465718849,0.011014315465718849,0.00012131514517837343,2023
CNN_FINAL_w5_c16x32_k3_actrelu_d0.0_dense32_e50_lr0.001_b8,220906,San Martin,El Porvenir,5,0.5942177117751716,0.5954777002334595,0.0012599884582878973,0.0012599884582878973,1.5875709150187123e-06,2024
CNN_FINAL_w5_c16x32_k3_actrelu_d0.0_dense32_e50_lr0.001_b8,220908,San Martin,Juan Guerra,1,0.2865917630692296,0.2724795341491699,-0.0141122289200597,0.0141122289200597,0.00019915500509216935,2020
CNN_FINAL_w5_c16x32_k3_actrelu_d0.0_dense32_e50_lr0.001_b8,220908,San Martin,Juan Guerra,2,0.2870724278656172,0.2874997854232788,0.00042735755766160066,0.00042735755766160066,1.8263448209048834e-07,2021
CNN_FINAL_w5_c16x32_k3_actrelu_d0.0_dense32_e50_lr0.001_b8,220908,San Martin,Juan Guerra,3,0.2968336206537965,0.28509843349456787,-0.01173518715922861,0.01173518715922861,0.00013771461766212407,2022
CNN_FINAL_w5_c16x32_k3_actrelu_d0.0_dense32_e50_lr0.001_b8,220908,San Martin,Juan Guerra,4,0.2977117582625816,0.2957017421722412,-0.002010016090340405,0.002010016090340405,4.040164683427328e-06,2023
CNN_FINAL_w5_c16x32_k3_actrelu_d0.0_dense32_e50_lr0.001_b8,220908,San Martin,Juan Guerra,5,0.2936261074932869,0.29493939876556396,0.001313291272277084,0.001313291272277084,1.724733965839162e-06,2024
CNN_FINAL_w5_c16x32_k3_actrelu_d0.0_dense32_e50_lr0.001_b8,220909,San Martin,La Banda De Shilcayo,1,0.7179674276651606,0.7146093249320984,-0.0033581027330622515,0.0033581027330622515,1.1276853965800163e-05,2020
CNN_FINAL_w5_c16x32_k3_actrelu_d0.0_dense32_e50_lr0.001_b8,220909,San Martin,La Banda De Shilcayo,2,0.7108772140258286,0.7141010165214539,0.003223802495625261,0.003223802495625261,1.039290253079966e-05,2021
CNN_FINAL_w5_c16x32_k3_actrelu_d0.0_dense32_e50_lr0.001_b8,220909,San Martin,La Banda De Shilcayo,3,0.7059627097410472,0.7050609588623047,-0.0009017508787425577,0.0009017508787425577,8.131546473129749e-07,2022
CNN_FINAL_w5_c16x32_k3_actrelu_d0.0_dense32_e50_lr0.001_b8,220909,San Martin,La Banda De Shilcayo,4,0.7010915197313182,0.6994330286979675,-0.0016584910333506953,0.0016584910333506953,2.750592507704657e-06,2023
CNN_FINAL_w5_c16x32_k3_actrelu_d0.0_dense32_e50_lr0.001_b8,220909,San Martin,La Banda De Shilcayo,5,0.6972965228632735,0.6948838829994202,-0.0024126398638533164,0.0024126398638533164,5.820831112654149e-06,2024
CNN_FINAL_w5_c16x32_k3_actrelu_d0.0_dense32_e50_lr0.001_b8,220910,San Martin,Morales,1,0.110057491411344,0.10832647979259491,-0.0017310116187490843,0.0017310116187490843,2.996401224244325e-06,2020
CNN_FINAL_w5_c16x32_k3_actrelu_d0.0_dense32_e50_lr0.001_b8,220910,San Martin,Morales,2,0.1069024749351468,0.11094624549150467,0.004043770556357865,0.004043770556357865,1.6352080312466792e-05,2021
CNN_FINAL_w5_c16x32_k3_actrelu_d0.0_dense32_e50_lr0.001_b8,220910,San Martin,Morales,3,0.1048692420949309,0.10701688379049301,0.0021476416955621136,0.0021476416955621136,4.61236485251691e-06,2022
CNN_FINAL_w5_c16x32_k3_actrelu_d0.0_dense32_e50_lr0.001_b8,220910,San Martin,Morales,4,0.1050269929187407,0.10433793067932129,-0.0006890622394194051,0.0006890622394194051,4.7480676979368563e-07,2023
CNN_FINAL_w5_c16x32_k3_actrelu_d0.0_dense32_e50_lr0.001_b8,220910,San Martin,Morales,5,0.0945277992007291,0.10439813137054443,0.009870332169815338,0.009870332169815338,9.742345714249155e-05,2024
CNN_FINAL_w5_c16x32_k3_actrelu_d0.0_dense32_e50_lr0.001_b8,220912,San Martin,San Antonio,1,0.7783376458304961,0.7838867902755737,0.005549144445077592,0.005549144445077592,3.0793004072335495e-05,2020
CNN_FINAL_w5_c16x32_k3_actrelu_d0.0_dense32_e50_lr0.001_b8,220912,San Martin,San Antonio,2,0.7660016342094512,0.7690696120262146,0.0030679778167633787,0.0030679778167633787,9.412487884152187e-06,2021
CNN_FINAL_w5_c16x32_k3_actrelu_d0.0_dense32_e50_lr0.001_b8,220912,San Martin,San Antonio,3,0.7495460529302284,0.7545968294143677,0.005050776484139319,0.005050776484139319,2.551034309273474e-05,2022
CNN_FINAL_w5_c16x32_k3_actrelu_d0.0_dense32_e50_lr0.001_b8,220912,San Martin,San Antonio,4,0.7346792863952063,0.7359707355499268,0.0012914491547204587,0.0012914491547204587,1.6678409192281873e-06,2023
CNN_FINAL_w5_c16x32_k3_actrelu_d0.0_dense32_e50_lr0.001_b8,220912,San Martin,San Antonio,5,0.7255776476462844,0.7199499011039734,-0.0056277465423110185,0.0056277465423110185,3.1671531144493624e-05,2024
CNN_FINAL_w5_c16x32_k3_actrelu_d0.0_dense32_e50_lr0.001_b8,220913,San Martin,Sauce,1,0.6452354324260063,0.6462442278862,0.0010087954601936122,0.0010087954601936122,1.0176682805072418e-06,2020
CNN_FINAL_w5_c16x32_k3_actrelu_d0.0_dense32_e50_lr0.001_b8,220913,San Martin,Sauce,2,0.6320174009528254,0.6441521644592285,0.012134763506403079,0.012134763506403079,0.00014725248535633195,2021
CNN_FINAL_w5_c16x32_k3_actrelu_d0.0_dense32_e50_lr0.001_b8,220913,San Martin,Sauce,3,0.6290673406306965,0.6261237263679504,-0.0029436142627460304,0.0029436142627460304,8.664864927841856e-06,2022
CNN_FINAL_w5_c16x32_k3_actrelu_d0.0_dense32_e50_lr0.001_b8,220913,San Martin,Sauce,4,0.6163952904708648,0.6230466365814209,0.006651346110556067,0.006651346110556067,4.424040508240932e-05,2023
CNN_FINAL_w5_c16x32_k3_actrelu_d0.0_dense32_e50_lr0.001_b8,220913,San Martin,Sauce,5,0.5985980608857225,0.6090041399002075,0.010406079014484981,0.010406079014484981,0.00010828648045570472,2024
CNN_FINAL_w5_c16x32_k3_actrelu_d0.0_dense32_e50_lr0.001_b8,220914,San Martin,Shapaja,1,0.6892116539092298,0.6895138025283813,0.00030214861915156543,0.00030214861915156543,9.129378805519773e-08,2020
CNN_FINAL_w5_c16x32_k3_actrelu_d0.0_dense32_e50_lr0.001_b8,220914,San Martin,Shapaja,2,0.6752289054007106,0.6845957636833191,0.009366858282608526,0.009366858282608526,8.773803408647193e-05,2021
CNN_FINAL_w5_c16x32_k3_actrelu_d0.0_dense32_e50_lr0.001_b8,220914,San Martin,Shapaja,3,0.6723075831101248,0.6672962307929993,-0.0050113523171255725,0.0050113523171255725,2.5113652046359843e-05,2022
CNN_FINAL_w5_c16x32_k3_actrelu_d0.0_dense32_e50_lr0.001_b8,220914,San Martin,Shapaja,4,0.6692144183318577,0.6653968691825867,-0.0038175491492710156,0.0038175491492710156,1.4573681507099856e-05,2023
CNN_FINAL_w5_c16x32_k3_actrelu_d0.0_dense32_e50_lr0.001_b8,220914,San Martin,Shapaja,5,0.6604915442288942,0.6642845869064331,0.0037930426775388826,0.0037930426775388826,1.4387172753631336e-05,2024
CNN_FINAL_w5_c16x32_k3_actrelu_d0.0_dense32_e50_lr0.001_b8,221001,San Martin,Tocache,1,0.6162956007522427,0.6114883422851562,-0.004807258467086406,0.004807258467086406,2.310973396937394e-05,2020
CNN_FINAL_w5_c16x32_k3_actrelu_d0.0_dense32_e50_lr0.001_b8,221001,San Martin,Tocache,2,0.6148581104783809,0.6158738136291504,0.001015703150769487,0.001015703150769487,1.0316528904830631e-06,2021
CNN_FINAL_w5_c16x32_k3_actrelu_d0.0_dense32_e50_lr0.001_b8,221001,San Martin,Tocache,3,0.6148572312794367,0.6132752895355225,-0.0015819417439142391,0.0015819417439142391,2.5025396811384243e-06,2022
CNN_FINAL_w5_c16x32_k3_actrelu_d0.0_dense32_e50_lr0.001_b8,221001,San Martin,Tocache,4,0.6140386970623326,0.6129906177520752,-0.0010480793102574104,0.0010480793102574104,1.098470240589649e-06,2023
CNN_FINAL_w5_c16x32_k3_actrelu_d0.0_dense32_e50_lr0.001_b8,221001,San Martin,Tocache,5,0.6039235132086453,0.6119753122329712,0.008051799024325845,0.008051799024325845,6.483146752813463e-05,2024
CNN_FINAL_w5_c16x32_k3_actrelu_d0.0_dense32_e50_lr0.001_b8,221002,San Martin,Nuevo Progreso,1,0.6973144095206546,0.6997618079185486,0.002447398397893985,0.002447398397893985,5.989758918014045e-06,2020
CNN_FINAL_w5_c16x32_k3_actrelu_d0.0_dense32_e50_lr0.001_b8,221002,San Martin,Nuevo Progreso,2,0.6897875520077874,0.6923916339874268,0.00260408197963935,0.00260408197963935,6.781242956682396e-06,2021
CNN_FINAL_w5_c16x32_k3_actrelu_d0.0_dense32_e50_lr0.001_b8,221002,San Martin,Nuevo Progreso,3,0.6870881320936156,0.6832476258277893,-0.0038405062658263267,0.0038405062658263267,1.4749488377851276e-05,2022
CNN_FINAL_w5_c16x32_k3_actrelu_d0.0_dense32_e50_lr0.001_b8,221002,San Martin,Nuevo Progreso,4,0.6772488644318729,0.6812890768051147,0.004040212373241814,0.004040212373241814,1.632331602089625e-05,2023
CNN_FINAL_w5_c16x32_k3_actrelu_d0.0_dense32_e50_lr0.001_b8,221002,San Martin,Nuevo Progreso,5,0.6710181144155242,0.6705522537231445,-0.00046586069237963823,0.00046586069237963823,2.170261847044359e-07,2024
CNN_FINAL_w5_c16x32_k3_actrelu_d0.0_dense32_e50_lr0.001_b8,221005,San Martin,Uchiza,1,0.5566792570085992,0.5573552846908569,0.0006760276822577183,0.0006760276822577183,4.5701342717874246e-07,2020
CNN_FINAL_w5_c16x32_k3_actrelu_d0.0_dense32_e50_lr0.001_b8,221005,San Martin,Uchiza,2,0.5523026841319186,0.5530352592468262,0.000732575114907541,0.000732575114907541,5.36666298981797e-07,2021
CNN_FINAL_w5_c16x32_k3_actrelu_d0.0_dense32_e50_lr0.001_b8,221005,San Martin,Uchiza,3,0.548494801903648,0.5481574535369873,-0.00033734836666066137,0.00033734836666066137,1.1380392048861603e-07,2022
CNN_FINAL_w5_c16x32_k3_actrelu_d0.0_dense32_e50_lr0.001_b8,221005,San Martin,Uchiza,4,0.5418771774769189,0.5441100597381592,0.0022328822612402988,0.0022328822612402988,4.98576319256159e-06,2023
CNN_FINAL_w5_c16x32_k3_actrelu_d0.0_dense32_e50_lr0.001_b8,221005,San Martin,Uchiza,5,0.5332618072930179,0.5364323258399963,0.0031705185469784736,0.0031705185469784736,1.0052187856734491e-05,2024
CNN_FINAL_w5_c16x32_k3_actrelu_d0.0_dense32_e50_lr0.001_b8,221006,San Martin,Santa Lucia,1,0.182824881859643,0.18174612522125244,-0.001078756638390549,0.001078756638390549,1.1637158848716776e-06,2020
CNN_FINAL_w5_c16x32_k3_actrelu_d0.0_dense32_e50_lr0.001_b8,221006,San Martin,Santa Lucia,2,0.1769483677998687,0.1789056360721588,0.001957268272290119,0.001957268272290119,3.830899089713548e-06,2021
CNN_FINAL_w5_c16x32_k3_actrelu_d0.0_dense32_e50_lr0.001_b8,221006,San Martin,Santa Lucia,3,0.177307817874232,0.1715540587902069,-0.00575375908402509,0.00575375908402509,3.310574359700124e-05,2022
CNN_FINAL_w5_c16x32_k3_actrelu_d0.0_dense32_e50_lr0.001_b8,221006,San Martin,Santa Lucia,4,0.1746135911700594,0.17314346134662628,-0.001470129823433114,0.001470129823433114,2.1612816977474786e-06,2023
CNN_FINAL_w5_c16x32_k3_actrelu_d0.0_dense32_e50_lr0.001_b8,221006,San Martin,Santa Lucia,5,0.1692811987824865,0.17080563306808472,0.001524434285598203,0.001524434285598203,2.3238998911073034e-06,2024
CNN_FINAL_w5_c16x32_k3_actrelu_d0.0_dense32_e50_lr0.001_b8,250102,Ucayali,Campoverde,1,0.2482192292554717,0.26367470622062683,0.015455476965155118,0.015455476965155118,0.00023887176822044045,2020
CNN_FINAL_w5_c16x32_k3_actrelu_d0.0_dense32_e50_lr0.001_b8,250102,Ucayali,Campoverde,2,0.2337295790056501,0.24021752178668976,0.006487942781039646,0.006487942781039646,4.2093401530044455e-05,2021
CNN_FINAL_w5_c16x32_k3_actrelu_d0.0_dense32_e50_lr0.001_b8,250102,Ucayali,Campoverde,3,0.2124810715977239,0.2251904159784317,0.01270934438070781,0.01270934438070781,0.00016152743458742918,2022
CNN_FINAL_w5_c16x32_k3_actrelu_d0.0_dense32_e50_lr0.001_b8,250102,Ucayali,Campoverde,4,0.182746636247807,0.20502270758152008,0.022276071333713093,0.022276071333713093,0.0004962233540646742,2023
CNN_FINAL_w5_c16x32_k3_actrelu_d0.0_dense32_e50_lr0.001_b8,250102,Ucayali,Campoverde,5,0.1587664351898177,0.17186762392520905,0.013101188735391345,0.013101188735391345,0.00017164114628034506,2024
CNN_FINAL_w5_c16x32_k3_actrelu_d0.0_dense32_e50_lr0.001_b8,250105,Ucayali,Yarinacocha,1,0.2701689860170256,0.27494630217552185,0.004777316158496248,0.004777316158496248,2.2822749678229345e-05,2020
CNN_FINAL_w5_c16x32_k3_actrelu_d0.0_dense32_e50_lr0.001_b8,250105,Ucayali,Yarinacocha,2,0.2625254950213657,0.2659206688404083,0.0033951738190426406,0.0033951738190426406,1.1527205261512589e-05,2021
CNN_FINAL_w5_c16x32_k3_actrelu_d0.0_dense32_e50_lr0.001_b8,250105,Ucayali,Yarinacocha,3,0.2491416954774339,0.25866326689720154,0.009521571419767644,0.009521571419767644,9.066032230173603e-05,2022
CNN_FINAL_w5_c16x32_k3_actrelu_d0.0_dense32_e50_lr0.001_b8,250105,Ucayali,Yarinacocha,4,0.2268933187997779,0.2432459592819214,0.016352640482143493,0.016352640482143493,0.00026740885073823817,2023
CNN_FINAL_w5_c16x32_k3_actrelu_d0.0_dense32_e50_lr0.001_b8,250105,Ucayali,Yarinacocha,5,0.1846394586027725,0.21735018491744995,0.032710726314677446,0.032710726314677446,0.0010699916160337316,2024
CNN_FINAL_w5_c16x32_k3_actrelu_d0.0_dense32_e50_lr0.001_b8,250106,Ucayali,Nueva Requena,1,0.7304465280109362,0.7406042218208313,0.010157693809895063,0.010157693809895063,0.00010317874353558048,2020
CNN_FINAL_w5_c16x32_k3_actrelu_d0.0_dense32_e50_lr0.001_b8,250106,Ucayali,Nueva Requena,2,0.6957867457578508,0.7116667032241821,0.015879957466331307,0.015879957466331307,0.00025217304913249144,2021
CNN_FINAL_w5_c16x32_k3_actrelu_d0.0_dense32_e50_lr0.001_b8,250106,Ucayali,Nueva Requena,3,0.6512524440498282,0.6712114810943604,0.01995903704453217,0.01995903704453217,0.0003983631597450074,2022
CNN_FINAL_w5_c16x32_k3_actrelu_d0.0_dense32_e50_lr0.001_b8,250106,Ucayali,Nueva Requena,4,0.6156661339918922,0.6211031675338745,0.005437033541982328,0.005437033541982328,2.95613337366409e-05,2023
CNN_FINAL_w5_c16x32_k3_actrelu_d0.0_dense32_e50_lr0.001_b8,250106,Ucayali,Nueva Requena,5,0.5708956922038567,0.5869379043579102,0.016042212154053437,0.016042212154053437,0.0002573525707956598,2024
CNN_FINAL_w5_c16x32_k3_actrelu_d0.0_dense32_e50_lr0.001_b8,250302,Ucayali,Irazola,1,0.7117497004163131,0.7154240608215332,0.0036743604052200673,0.0036743604052200673,1.3500924387448978e-05,2020
CNN_FINAL_w5_c16x32_k3_actrelu_d0.0_dense32_e50_lr0.001_b8,250302,Ucayali,Irazola,2,0.6837468560173523,0.700135350227356,0.016388494210003657,0.016388494210003657,0.00026858274247132337,2021
CNN_FINAL_w5_c16x32_k3_actrelu_d0.0_dense32_e50_lr0.001_b8,250302,Ucayali,Irazola,3,0.6615776631908061,0.6673430800437927,0.0057654168529865935,0.0057654168529865935,3.324003148870184e-05,2022
CNN_FINAL_w5_c16x32_k3_actrelu_d0.0_dense32_e50_lr0.001_b8,250302,Ucayali,Irazola,4,0.650188780050078,0.643426775932312,-0.006762004117765952,0.006762004117765952,4.5724699688683685e-05,2023
CNN_FINAL_w5_c16x32_k3_actrelu_d0.0_dense32_e50_lr0.001_b8,250302,Ucayali,Irazola,5,0.6250830086667633,0.636475682258606,0.011392673591842706,0.011392673591842706,0.00012979301157027017,2024
CNN_FINAL_w5_c16x32_k3_actrelu_d0.0_dense32_e50_lr0.001_b8,250304,Ucayali,Neshuya,1,0.3336101290217445,0.33851632475852966,0.0049061957367851905,0.0049061957367851905,2.4070756607649178e-05,2020
CNN_FINAL_w5_c16x32_k3_actrelu_d0.0_dense32_e50_lr0.001_b8,250304,Ucayali,Neshuya,2,0.3085043822047768,0.3258076012134552,0.017303219008678428,0.017303219008678428,0.00029940138806229045,2021
CNN_FINAL_w5_c16x32_k3_actrelu_d0.0_dense32_e50_lr0.001_b8,250304,Ucayali,Neshuya,3,0.2822012342442556,0.298400342464447,0.016199108220191438,0.016199108220191438,0.00026241110712947385,2022
CNN_FINAL_w5_c16x32_k3_actrelu_d0.0_dense32_e50_lr0.001_b8,250304,Ucayali,Neshuya,4,0.2618156569056037,0.27208349108695984,0.010267834181356128,0.010267834181356128,0.00010542841877582526,2023
CNN_FINAL_w5_c16x32_k3_actrelu_d0.0_dense32_e50_lr0.001_b8,250304,Ucayali,Neshuya,5,0.2356187871530902,0.2542845606803894,0.0186657735272992,0.0186657735272992,0.00034841110137242366,2024
CNN_FINAL_w5_c16x32_k3_actrelu_d0.0_dense32_e50_lr0.001_b8,250305,Ucayali,Alexander Von Humboldt,1,0.2588474336953667,0.2685965299606323,0.0097490962652656,0.0097490962652656,9.504487798941567e-05,2020
CNN_FINAL_w5_c16x32_k3_actrelu_d0.0_dense32_e50_lr0.001_b8,250305,Ucayali,Alexander Von Humboldt,2,0.237405240659667,0.2523239254951477,0.0149186848354807,0.0149186848354807,0.0002225671572204018,2021
CNN_FINAL_w5_c16x32_k3_actrelu_d0.0_dense32_e50_lr0.001_b8,250305,Ucayali,Alexander Von Humboldt,3,0.210026732788346,0.2286563664674759,0.018629633679129898,0.018629633679129898,0.000347063251018571,2022
CNN_FINAL_w5_c16x32_k3_actrelu_d0.0_dense32_e50_lr0.001_b8,250305,Ucayali,Alexander Von Humboldt,4,0.1937933439231335,0.20035022497177124,0.006556881048637747,0.006556881048637747,4.2992689085984845e-05,2023
CNN_FINAL_w5_c16x32_k3_actrelu_d0.0_dense32_e50_lr0.001_b8,250305,Ucayali,Alexander Von Humboldt,5,0.17695297870417,0.18504539132118225,0.00809241261701224,0.00809241261701224,6.54871419639789e-05,2024
CNN_FINAL_w5_c16x32_k3_actrelu_d0.0_dense32_e50_lr0.001_b8,250306,Ucayali,Huipoca,1,0.7033036477746314,0.7153514623641968,0.012047814589565387,0.012047814589565387,0.0001451498363845446,2020
CNN_FINAL_w5_c16x32_k3_actrelu_d0.0_dense32_e50_lr0.001_b8,250306,Ucayali,Huipoca,2,0.675192466946301,0.6866962313652039,0.011503764418902884,0.011503764418902884,0.000132336595805616,2021
CNN_FINAL_w5_c16x32_k3_actrelu_d0.0_dense32_e50_lr0.001_b8,250306,Ucayali,Huipoca,3,0.6463355281778198,0.6557111144065857,0.009375586228765886,0.009375586228765886,8.790161713302453e-05,2022
CNN_FINAL_w5_c16x32_k3_actrelu_d0.0_dense32_e50_lr0.001_b8,250306,Ucayali,Huipoca,4,0.633915214210732,0.6252058148384094,-0.008709399372322624,0.008709399372322624,7.585363742661371e-05,2023
CNN_FINAL_w5_c16x32_k3_actrelu_d0.0_dense32_e50_lr0.001_b8,250306,Ucayali,Huipoca,5,0.6053742491879774,0.6180785894393921,0.012704340251414648,0.012704340251414648,0.0001614002612237144,2024
