modelo,window_size,conv_channels,kernel_size,activation,dropout,dense_size,epochs,lr,batch_size,rmse_train,mae_train,rmse_test,mae_test,gap_rmse,gap_mae,ratio_rmse,ratio_mae
CNN_w5_c16x32_k3_actrelu_d0.0_dense32_e50_lr0.001_b8,5,"[16, 32]",3,relu,0.0,32,50,0.001,8,0.009845,0.007168,0.011656,0.007969,0.001812,0.000801,1.184018,1.111715
CNN_w5_c16x32_k2_actrelu_d0.0_dense32_e50_lr0.001_b8,5,"[16, 32]",2,relu,0.0,32,50,0.001,8,0.009906,0.007279,0.011661,0.007988,0.001754,0.000709,1.177102,1.0974
CNN_w6_c32_k3_actrelu_d0.0_dense32_e50_lr0.001_b16,6,[32],3,relu,0.0,32,50,0.001,16,0.010557,0.007991,0.011683,0.008049,0.001126,5.8e-05,1.106658,1.007255
CNN_w7_c16_k3_actleaky_relu_d0.0_dense16_e50_lr0.0005_b8,7,[16],3,leaky_relu,0.0,16,50,0.0005,8,0.010253,0.007594,0.011687,0.008017,0.001434,0.000423,1.139906,1.055661
CNN_w7_c16x32_k2_actrelu_d0.0_dense16_e50_lr0.0005_b8,7,"[16, 32]",2,relu,0.0,16,50,0.0005,8,0.009947,0.007238,0.011688,0.007939,0.001741,0.000702,1.175022,1.09697
