modelo,rmse,mae
Persistencia_WF,0.013409188866586538,0.00976643224318675
