modelo,geocode,departamento,distrito,horizonte,anio,y_true,y_pred,error,abs_error,squared_error
Persistencia_WF,010102,Amazonas,Asuncion,1,2020,0.4378221156299433,0.4433076491299689,0.0054855335000256,0.0054855335000256,3.009107777990332e-05
Persistencia_WF,010102,Amazonas,Asuncion,2,2021,0.4525182425881512,0.4378221156299433,-0.0146961269582079,0.0146961269582079,0.0002159761475717
Persistencia_WF,010102,Amazonas,Asuncion,3,2022,0.4470071949788233,0.4525182425881512,0.0055110476093279,0.0055110476093279,3.03716457522789e-05
Persistencia_WF,010102,Amazonas,Asuncion,4,2023,0.440271470122978,0.4470071949788233,0.0067357248558452,0.0067357248558452,4.536998933365195e-05
Persistencia_WF,010102,Amazonas,Asuncion,5,2024,0.4403990406694902,0.440271470122978,-0.0001275705465121,0.0001275705465121,1.6274244337418866e-08
Persistencia_WF,010104,Amazonas,Cheto,1,2020,0.5453453377506892,0.5560430945094965,0.0106977567588073,0.0106977567588073,0.0001144419996706
Persistencia_WF,010104,Amazonas,Cheto,2,2021,0.5521104676158923,0.5453453377506892,-0.0067651298652031,0.0067651298652031,4.576698209306383e-05
Persistencia_WF,010104,Amazonas,Cheto,3,2022,0.5424875445739865,0.5521104676158923,0.0096229230419058,0.0096229230419058,9.260064787044192e-05
Persistencia_WF,010104,Amazonas,Cheto,4,2023,0.5340911964796035,0.5424875445739865,0.008396348094383,0.008396348094383,7.049866132204995e-05
Persistencia_WF,010104,Amazonas,Cheto,5,2024,0.5357477049138869,0.5340911964796035,-0.0016565084342834,0.0016565084342834,2.7440201928521853e-06
Persistencia_WF,010105,Amazonas,Chiliquin,1,2020,0.5714303656767501,0.5745765798579494,0.0031462141811993,0.0031462141811993,9.898663673979669e-06
Persistencia_WF,010105,Amazonas,Chiliquin,2,2021,0.5850451208560717,0.5714303656767501,-0.0136147551793216,0.0136147551793216,0.0001853615585928
Persistencia_WF,010105,Amazonas,Chiliquin,3,2022,0.5817105106161179,0.5850451208560717,0.0033346102399538,0.0033346102399538,1.1119625452405074e-05
Persistencia_WF,010105,Amazonas,Chiliquin,4,2023,0.5734085242936717,0.5817105106161179,0.0083019863224461,0.0083019863224461,6.892297689808318e-05
Persistencia_WF,010105,Amazonas,Chiliquin,5,2024,0.576341222941616,0.5734085242936717,-0.0029326986479443,0.0029326986479443,8.600721359654446e-06
Persistencia_WF,010109,Amazonas,La Jalca,1,2020,0.3125219422372842,0.3093765896927012,-0.0031453525445829,0.0031453525445829,9.893242629714627e-06
Persistencia_WF,010109,Amazonas,La Jalca,2,2021,0.3174441682011306,0.3125219422372842,-0.0049222259638463,0.0049222259638463,2.422830843916356e-05
Persistencia_WF,010109,Amazonas,La Jalca,3,2022,0.3227747884589205,0.3174441682011306,-0.0053306202577899,0.0053306202577899,2.841551233276015e-05
Persistencia_WF,010109,Amazonas,La Jalca,4,2023,0.3151442634931325,0.3227747884589205,0.0076305249657879,0.0076305249657879,5.822491125351361e-05
Persistencia_WF,010109,Amazonas,La Jalca,5,2024,0.3206683336796326,0.3151442634931325,-0.0055240701865,0.0055240701865,3.0515351425379087e-05
Persistencia_WF,010111,Amazonas,Levanto,1,2020,0.2398626572728676,0.2301322339578704,-0.0097304233149971,0.0097304233149971,9.468113788904076e-05
Persistencia_WF,010111,Amazonas,Levanto,2,2021,0.2406111513740213,0.2398626572728676,-0.0007484941011537,0.0007484941011537,5.602434194619043e-07
Persistencia_WF,010111,Amazonas,Levanto,3,2022,0.2381874561893333,0.2406111513740213,0.002423695184688,0.002423695184688,5.874298348279888e-06
Persistencia_WF,010111,Amazonas,Levanto,4,2023,0.2314034858439568,0.2381874561893333,0.0067839703453764,0.0067839703453764,4.602225364694745e-05
Persistencia_WF,010111,Amazonas,Levanto,5,2024,0.2335776829949268,0.2314034858439568,-0.0021741971509699,0.0021741971509699,4.727133251285958e-06
Persistencia_WF,010112,Amazonas,Magdalena,1,2020,0.3664946897194544,0.3639019075000328,-0.0025927822194216,0.0025927822194216,6.722519637348838e-06
Persistencia_WF,010112,Amazonas,Magdalena,2,2021,0.3710304176020375,0.3664946897194544,-0.004535727882583,0.004535727882583,2.0572827424841333e-05
Persistencia_WF,010112,Amazonas,Magdalena,3,2022,0.381020834153834,0.3710304176020375,-0.0099904165517965,0.0099904165517965,9.980842287840946e-05
Persistencia_WF,010112,Amazonas,Magdalena,4,2023,0.3749491289564544,0.381020834153834,0.0060717051973795,0.0060717051973795,3.686560400388639e-05
Persistencia_WF,010112,Amazonas,Magdalena,5,2024,0.3842240688958029,0.3749491289564544,-0.0092749399393485,0.0092749399393485,8.602451087852243e-05
Persistencia_WF,010114,Amazonas,Molinopampa,1,2020,0.549169769416683,0.5511868835325625,0.0020171141158794,0.0020171141158794,4.068749356480172e-06
Persistencia_WF,010114,Amazonas,Molinopampa,2,2021,0.5483545626755504,0.549169769416683,0.0008152067411326,0.0008152067411326,6.645620307881448e-07
Persistencia_WF,010114,Amazonas,Molinopampa,3,2022,0.5366255144032922,0.5483545626755504,0.0117290482722581,0.0117290482722581,0.0001375705733729
Persistencia_WF,010114,Amazonas,Molinopampa,4,2023,0.5230152198053433,0.5366255144032922,0.0136102945979489,0.0136102945979489,0.0001852401190429
Persistencia_WF,010114,Amazonas,Molinopampa,5,2024,0.5128930694362793,0.5230152198053433,0.0101221503690639,0.0101221503690639,0.0001024579280939
Persistencia_WF,010115,Amazonas,Montevideo,1,2020,0.6583167201178816,0.6612131981162058,0.0028964779983242,0.0028964779983242,8.38958479477654e-06
Persistencia_WF,010115,Amazonas,Montevideo,2,2021,0.6555285891768513,0.6583167201178816,0.0027881309410302,0.0027881309410302,7.773674144330247e-06
Persistencia_WF,010115,Amazonas,Montevideo,3,2022,0.6586851001126809,0.6555285891768513,-0.0031565109358295,0.0031565109358295,9.963561288011742e-06
Persistencia_WF,010115,Amazonas,Montevideo,4,2023,0.6546329201698882,0.6586851001126809,0.0040521799427927,0.0040521799427927,1.6420162288771626e-05
Persistencia_WF,010115,Amazonas,Montevideo,5,2024,0.5954754268874057,0.6546329201698882,0.0591574932824824,0.0591574932824824,0.0034996090114669
Persistencia_WF,010117,Amazonas,Quinjalca,1,2020,0.3444044255612828,0.3532792718959605,0.0088748463346776,0.0088748463346776,7.87628974641416e-05
Persistencia_WF,010117,Amazonas,Quinjalca,2,2021,0.3485560851467638,0.3444044255612828,-0.0041516595854809,0.0041516595854809,1.723627731371603e-05
Persistencia_WF,010117,Amazonas,Quinjalca,3,2022,0.3412448508637609,0.3485560851467638,0.0073112342830028,0.0073112342830028,5.345414674095691e-05
Persistencia_WF,010117,Amazonas,Quinjalca,4,2023,0.339541052904005,0.3412448508637609,0.0017037979597558,0.0017037979597558,2.902927487668343e-06
Persistencia_WF,010117,Amazonas,Quinjalca,5,2024,0.3426574934759635,0.339541052904005,-0.0031164405719585,0.0031164405719585,9.712201838549236e-06
Persistencia_WF,010119,Amazonas,San Isidro De Maino,1,2020,0.3787988601360589,0.3700522163105964,-0.0087466438254624,0.0087466438254624,7.650377820950084e-05
Persistencia_WF,010119,Amazonas,San Isidro De Maino,2,2021,0.391960005929928,0.3787988601360589,-0.0131611457938691,0.0131611457938691,0.0001732157586074
Persistencia_WF,010119,Amazonas,San Isidro De Maino,3,2022,0.3945378774152103,0.391960005929928,-0.0025778714852822,0.0025778714852822,6.645421394631407e-06
Persistencia_WF,010119,Amazonas,San Isidro De Maino,4,2023,0.3774152102653643,0.3945378774152103,0.017122667149846,0.017122667149846,0.0002931857303244
Persistencia_WF,010119,Amazonas,San Isidro De Maino,5,2024,0.3873725477276845,0.3774152102653643,-0.0099573374623201,0.0099573374623201,9.914856933852512e-05
Persistencia_WF,010120,Amazonas,Soloco,1,2020,0.511268359398228,0.51686983409645,0.005601474698222,0.005601474698222,3.1376518794821595e-05
Persistencia_WF,010120,Amazonas,Soloco,2,2021,0.5130760539929833,0.511268359398228,-0.0018076945947552,0.0018076945947552,3.2677597479074248e-06
Persistencia_WF,010120,Amazonas,Soloco,3,2022,0.5114943212225724,0.5130760539929833,0.0015817327704108,0.0015817327704108,2.501878556991578e-06
Persistencia_WF,010120,Amazonas,Soloco,4,2023,0.4987691026937028,0.5114943212225724,0.0127252185288696,0.0127252185288696,0.0001619311866074
Persistencia_WF,010120,Amazonas,Soloco,5,2024,0.5010762918475352,0.4987691026937028,-0.0023071891538324,0.0023071891538324,5.323121791562023e-06
Persistencia_WF,010202,Amazonas,Aramango,1,2020,0.7765053590401141,0.7779704286655292,0.0014650696254151,0.0014650696254151,2.1464290073140868e-06
Persistencia_WF,010202,Amazonas,Aramango,2,2021,0.7667943699796851,0.7765053590401141,0.0097109890604289,0.0097109890604289,9.430330853177169e-05
Persistencia_WF,010202,Amazonas,Aramango,3,2022,0.7618062116644921,0.7667943699796851,0.0049881583151929,0.0049881583151929,2.4881723377428542e-05
Persistencia_WF,010202,Amazonas,Aramango,4,2023,0.7634823897477427,0.7618062116644921,-0.0016761780832506,0.0016761780832506,2.80957296676966e-06
Persistencia_WF,010202,Amazonas,Aramango,5,2024,0.7633451115702432,0.7634823897477427,0.0001372781774995,0.0001372781774995,1.8845298017593437e-08
Persistencia_WF,010203,Amazonas,Copallin,1,2020,0.5152659741894869,0.5275596924322137,0.0122937182427267,0.0122937182427267,0.0001511355082315
Persistencia_WF,010203,Amazonas,Copallin,2,2021,0.5184765502045955,0.5152659741894869,-0.0032105760151085,0.0032105760151085,1.0307798348790273e-05
Persistencia_WF,010203,Amazonas,Copallin,3,2022,0.521354377445029,0.5184765502045955,-0.0028778272404335,0.0028778272404335,8.281889625781127e-06
Persistencia_WF,010203,Amazonas,Copallin,4,2023,0.5140968568730608,0.521354377445029,0.0072575205719681,0.0072575205719681,5.2671604852541e-05
Persistencia_WF,010203,Amazonas,Copallin,5,2024,0.5169836773236207,0.5140968568730608,-0.0028868204505598,0.0028868204505598,8.333732313770745e-06
Persistencia_WF,010204,Amazonas,El Parco,1,2020,0.2788386212299256,0.2974441833137485,0.0186055620838229,0.0186055620838229,0.0003461669404549
Persistencia_WF,010204,Amazonas,El Parco,2,2021,0.2594496670583627,0.2788386212299256,0.0193889541715628,0.0193889541715628,0.0003759315438669
Persistencia_WF,010204,Amazonas,El Parco,3,2022,0.2719839404622013,0.2594496670583627,-0.0125342734038386,0.0125342734038386,0.0001571080097621
Persistencia_WF,010204,Amazonas,El Parco,4,2023,0.2830983157070114,0.2719839404622013,-0.01111437524481,0.01111437524481,0.0001235293370824
Persistencia_WF,010204,Amazonas,El Parco,5,2024,0.2777124951037995,0.2830983157070114,0.0053858206032119,0.0053858206032119,2.900706356998191e-05
Persistencia_WF,010206,Amazonas,La Peca,1,2020,0.3393517861977387,0.3420075547591115,0.0026557685613727,0.0026557685613727,7.053106651576069e-06
Persistencia_WF,010206,Amazonas,La Peca,2,2021,0.34056364175487,0.3393517861977387,-0.0012118555571312,0.0012118555571312,1.4685938913499396e-06
Persistencia_WF,010206,Amazonas,La Peca,3,2022,0.3355615145616048,0.34056364175487,0.0050021271932651,0.0050021271932651,2.502127645760268e-05
Persistencia_WF,010206,Amazonas,La Peca,4,2023,0.3283419495403973,0.3355615145616048,0.0072195650212075,0.0072195650212075,5.212211909544312e-05
Persistencia_WF,010206,Amazonas,La Peca,5,2024,0.3235074193922673,0.3283419495403973,0.00483453014813,0.00483453014813,2.3372681753178e-05
Persistencia_WF,010301,Amazonas,Jumbilla,1,2020,0.4139305658346229,0.4126241898226019,-0.0013063760120209,0.0013063760120209,1.7066182847838745e-06
Persistencia_WF,010301,Amazonas,Jumbilla,2,2021,0.4207988517347328,0.4139305658346229,-0.0068682859001099,0.0068682859001099,4.717335120564853e-05
Persistencia_WF,010301,Amazonas,Jumbilla,3,2022,0.4122092892865953,0.4207988517347328,0.0085895624481375,0.0085895624481375,7.378058305045426e-05
Persistencia_WF,010301,Amazonas,Jumbilla,4,2023,0.4029637354504474,0.4122092892865953,0.0092455538361478,0.0092455538361478,8.548026573710898e-05
Persistencia_WF,010301,Amazonas,Jumbilla,5,2024,0.4043822467424701,0.4029637354504474,-0.0014185112920226,0.0014185112920226,2.0121742855958955e-06
Persistencia_WF,010302,Amazonas,Chisquilla,1,2020,0.7520271347446772,0.7494104130132431,-0.0026167217314341,0.0026167217314341,6.8472326197596e-06
Persistencia_WF,010302,Amazonas,Chisquilla,2,2021,0.7532035600609103,0.7520271347446772,-0.001176425316233,0.001176425316233,1.3839765246740934e-06
Persistencia_WF,010302,Amazonas,Chisquilla,3,2022,0.7361508902900933,0.7532035600609103,0.0170526697708169,0.0170526697708169,0.0002907935463125
Persistencia_WF,010302,Amazonas,Chisquilla,4,2023,0.7332483082014436,0.7361508902900933,0.0029025820886496,0.0029025820886496,8.424982781349971e-06
Persistencia_WF,010302,Amazonas,Chisquilla,5,2024,0.7342543167662596,0.7332483082014436,-0.001006008564816,0.001006008564816,1.0120532324832084e-06
Persistencia_WF,010303,Amazonas,Churuja,1,2020,0.7446820405310971,0.7546610761705101,0.009979035639413,0.009979035639413,9.958115229267577e-05
Persistencia_WF,010303,Amazonas,Churuja,2,2021,0.7587421383647799,0.7446820405310971,-0.0140600978336827,0.0140600978336827,0.0001976863510927
Persistencia_WF,010303,Amazonas,Churuja,3,2022,0.7744793850454228,0.7587421383647799,-0.0157372466806429,0.0157372466806429,0.0002476609330874
Persistencia_WF,010303,Amazonas,Churuja,4,2023,0.7756813417190775,0.7744793850454228,-0.0012019566736547,0.0012019566736547,1.4446998453431842e-06
Persistencia_WF,010303,Amazonas,Churuja,5,2024,0.7752341020265548,0.7756813417190775,0.0004472396925226,0.0004472396925226,2.0002334256779389e-07
Persistencia_WF,010304,Amazonas,Corosha,1,2020,0.7392527509077302,0.7368690928240805,-0.0023836580836497,0.0023836580836497,5.681825859748603e-06
Persistencia_WF,010304,Amazonas,Corosha,2,2021,0.741289947060617,0.7392527509077302,-0.0020371961528867,0.0020371961528867,4.150168165336687e-06
Persistencia_WF,010304,Amazonas,Corosha,3,2022,0.7341805482413593,0.741289947060617,0.0071093988192577,0.0071093988192577,5.054355157126366e-05
Persistencia_WF,010304,Amazonas,Corosha,4,2023,0.7282906954183874,0.7341805482413593,0.0058898528229718,0.0058898528229718,3.4690366276269245e-05
Persistencia_WF,010304,Amazonas,Corosha,5,2024,0.7301615898445079,0.7282906954183874,-0.0018708944261204,0.0018708944261204,3.5002459536884875e-06
Persistencia_WF,010305,Amazonas,Cuispes,1,2020,0.6648435266230712,0.6651847889246548,0.0003412623015836,0.0003412623015836,1.1645995848213617e-07
Persistencia_WF,010305,Amazonas,Cuispes,2,2021,0.6788076110716559,0.6648435266230712,-0.0139640844485846,0.0139640844485846,0.0001949956544872
Persistencia_WF,010305,Amazonas,Cuispes,3,2022,0.6911022772341152,0.6788076110716559,-0.0122946661624593,0.0122946661624593,0.0001511588160463
Persistencia_WF,010305,Amazonas,Cuispes,4,2023,0.6739745990167957,0.6911022772341152,0.0171276782173195,0.0171276782173195,0.000293357361116
Persistencia_WF,010305,Amazonas,Cuispes,5,2024,0.6722867341197738,0.6739745990167957,0.0016878648970218,0.0016878648970218,2.848887910598697e-06
Persistencia_WF,010306,Amazonas,Florida,1,2020,0.493022976302558,0.4948618817732017,0.0018389054706436,0.0018389054706436,3.3815733299633e-06
Persistencia_WF,010306,Amazonas,Florida,2,2021,0.5026181366559164,0.493022976302558,-0.0095951603533583,0.0095951603533583,9.20671022066607e-05
Persistencia_WF,010306,Amazonas,Florida,3,2022,0.4950221349732577,0.5026181366559164,0.0075960016826586,0.0075960016826586,5.769924156295336e-05
Persistencia_WF,010306,Amazonas,Florida,4,2023,0.4803108912081088,0.4950221349732577,0.0147112437651488,0.0147112437651488,0.0002164206931176
Persistencia_WF,010306,Amazonas,Florida,5,2024,0.4815568598385449,0.4803108912081088,-0.001245968630436,0.001245968630436,1.552437828030757e-06
Persistencia_WF,010307,Amazonas,Jazan,1,2020,0.3945542287505724,0.392311576079937,-0.0022426526706353,0.0022426526706353,5.0294910011080566e-06
Persistencia_WF,010307,Amazonas,Jazan,2,2021,0.3733253490201604,0.3945542287505724,0.0212288797304119,0.0212288797304119,0.0004506653346082
Persistencia_WF,010307,Amazonas,Jazan,3,2022,0.3791257177075628,0.3733253490201604,-0.0058003686874024,0.0058003686874024,3.3644276909798394e-05
Persistencia_WF,010307,Amazonas,Jazan,4,2023,0.3779163290946024,0.3791257177075628,0.0012093886129604,0.0012093886129604,1.4626208171583725e-06
Persistencia_WF,010307,Amazonas,Jazan,5,2024,0.3614662956309368,0.3779163290946024,0.0164500334636655,0.0164500334636655,0.0002706036009557
Persistencia_WF,010308,Amazonas,Recta,1,2020,0.3407029118822559,0.3439383366110512,0.0032354247287953,0.0032354247287953,1.0467973175700429e-05
Persistencia_WF,010308,Amazonas,Recta,2,2021,0.3459684070291188,0.3407029118822559,-0.0052654951468629,0.0052654951468629,2.772543914163696e-05
Persistencia_WF,010308,Amazonas,Recta,3,2022,0.3286493687749793,0.3459684070291188,0.0173190382541394,0.0173190382541394,0.0002999490860483
Persistencia_WF,010308,Amazonas,Recta,4,2023,0.3153904713569752,0.3286493687749793,0.0132588974180041,0.0132588974180041,0.0001757983607411
Persistencia_WF,010308,Amazonas,Recta,5,2024,0.3162469073145975,0.3153904713569752,-0.0008564359576223,0.0008564359576223,7.33482549508432e-07
Persistencia_WF,010310,Amazonas,Shipasbamba,1,2020,0.7187766108430315,0.7220550667045132,0.0032784558614817,0.0032784558614817,1.0748272835684297e-05
Persistencia_WF,010310,Amazonas,Shipasbamba,2,2021,0.7318407607152995,0.7187766108430315,-0.013064149872268,0.013064149872268,0.000170672011885
Persistencia_WF,010310,Amazonas,Shipasbamba,3,2022,0.7406684643769514,0.7318407607152995,-0.0088277036616519,0.0088277036616519,7.79283519379437e-05
Persistencia_WF,010310,Amazonas,Shipasbamba,4,2023,0.7263908600624468,0.7406684643769514,0.0142776043145046,0.0142776043145046,0.0002038499849615
Persistencia_WF,010310,Amazonas,Shipasbamba,5,2024,0.7229562872551802,0.7263908600624468,0.0034345728072665,0.0034345728072665,1.1796290368414871e-05
Persistencia_WF,010311,Amazonas,Valera,1,2020,0.3705160209280853,0.3688404062510686,-0.0016756146770166,0.0016756146770166,2.8076845458336354e-06
Persistencia_WF,010311,Amazonas,Valera,2,2021,0.3778682077762199,0.3705160209280853,-0.0073521868481346,0.0073521868481346,5.40546514498834e-05
Persistencia_WF,010311,Amazonas,Valera,3,2022,0.3777428216439262,0.3778682077762199,0.0001253861322936,0.0001253861322936,1.5721682171568503e-08
Persistencia_WF,010311,Amazonas,Valera,4,2023,0.3744029910291921,0.3777428216439262,0.003339830614734,0.003339830614734,1.1154468535115055e-05
Persistencia_WF,010311,Amazonas,Valera,5,2024,0.3702310524455995,0.3744029910291921,0.0041719385835926,0.0041719385835926,1.740507154526867e-05
Persistencia_WF,010502,Amazonas,Camporredondo,1,2020,0.631415519175432,0.6382638877599128,0.0068483685844807,0.0068483685844807,4.690015226890343e-05
Persistencia_WF,010502,Amazonas,Camporredondo,2,2021,0.6259368243078474,0.631415519175432,0.0054786948675846,0.0054786948675846,3.001609745209868e-05
Persistencia_WF,010502,Amazonas,Camporredondo,3,2022,0.6303018972216352,0.6259368243078474,-0.0043650729137878,0.0043650729137878,1.9053861542684337e-05
Persistencia_WF,010502,Amazonas,Camporredondo,4,2023,0.6253353058802491,0.6303018972216352,0.0049665913413861,0.0049665913413861,2.466702955233144e-05
Persistencia_WF,010502,Amazonas,Camporredondo,5,2024,0.6174627302433711,0.6253353058802491,0.007872575636878,0.007872575636878,6.197744715836572e-05
Persistencia_WF,010503,Amazonas,Cocabamba,1,2020,0.4168783031572257,0.4057690153758794,-0.0111092877813462,0.0111092877813462,0.0001234162750087
Persistencia_WF,010503,Amazonas,Cocabamba,2,2021,0.4340696980826385,0.4168783031572257,-0.0171913949254128,0.0171913949254128,0.0002955440594815
Persistencia_WF,010503,Amazonas,Cocabamba,3,2022,0.4410895176771821,0.4340696980826385,-0.0070198195945435,0.0070198195945435,4.9277867139937765e-05
Persistencia_WF,010503,Amazonas,Cocabamba,4,2023,0.4439156788126476,0.4410895176771821,-0.0028261611354655,0.0028261611354655,7.987186763615766e-06
Persistencia_WF,010503,Amazonas,Cocabamba,5,2024,0.4519461440482609,0.4439156788126476,-0.0080304652356132,0.0080304652356132,6.448837190039367e-05
Persistencia_WF,010507,Amazonas,Longuita,1,2020,0.2993395140277525,0.3023844149548567,0.0030449009271041,0.0030449009271041,9.271421655879944e-06
Persistencia_WF,010507,Amazonas,Longuita,2,2021,0.3056262497727686,0.2993395140277525,-0.006286735745016,0.006286735745016,3.952304632766304e-05
Persistencia_WF,010507,Amazonas,Longuita,3,2022,0.3026570926498212,0.3056262497727686,0.0029691571229473,0.0029691571229473,8.81589402074913e-06
Persistencia_WF,010507,Amazonas,Longuita,4,2023,0.2989607950069684,0.3026570926498212,0.0036962976428527,0.0036962976428527,1.3662616264559065e-05
Persistencia_WF,010507,Amazonas,Longuita,5,2024,0.3003544810034539,0.2989607950069684,-0.0013936859964854,0.0013936859964854,1.942360656799734e-06
Persistencia_WF,010508,Amazonas,Lonya Chico,1,2020,0.2871853254195661,0.2841537044617274,-0.0030316209578387,0.0030316209578387,9.190725632006896e-06
Persistencia_WF,010508,Amazonas,Lonya Chico,2,2021,0.2995676422431437,0.2871853254195661,-0.0123823168235776,0.0123823168235776,0.0001533217699194
Persistencia_WF,010508,Amazonas,Lonya Chico,3,2022,0.3008212239050348,0.2995676422431437,-0.0012535816618911,0.0012535816618911,1.571466983029655e-06
Persistencia_WF,010508,Amazonas,Lonya Chico,4,2023,0.3050424682767089,0.3008212239050348,-0.004221244371674,0.004221244371674,1.781890404539021e-05
Persistencia_WF,010508,Amazonas,Lonya Chico,5,2024,0.3074856733524355,0.3050424682767089,-0.0024432050757265,0.0024432050757265,5.9692510420562e-06
Persistencia_WF,010510,Amazonas,Luya Viejo,1,2020,0.6433223045008141,0.6492831258862455,0.0059608213854314,0.0059608213854314,3.5531391589016485e-05
Persistencia_WF,010510,Amazonas,Luya Viejo,2,2021,0.6606008087810514,0.6433223045008141,-0.0172785042802373,0.0172785042802373,0.0002985467101621
Persistencia_WF,010510,Amazonas,Luya Viejo,3,2022,0.658552597027467,0.6606008087810514,0.0020482117535843,0.0020482117535843,4.195171387521216e-06
Persistencia_WF,010510,Amazonas,Luya Viejo,4,2023,0.6525917756420356,0.658552597027467,0.0059608213854314,0.0059608213854314,3.5531391589016485e-05
Persistencia_WF,010510,Amazonas,Luya Viejo,5,2024,0.6565175148364056,0.6525917756420356,-0.00392573919437,0.00392573919437,1.5411428222212845e-05
Persistencia_WF,010511,Amazonas,Maria,1,2020,0.4967015595391303,0.4971879655057102,0.0004864059665798,0.0004864059665798,2.365907643245217e-07
Persistencia_WF,010511,Amazonas,Maria,2,2021,0.4956274130295998,0.4967015595391303,0.0010741465095305,0.0010741465095305,1.1537907239366145e-06
Persistencia_WF,010511,Amazonas,Maria,3,2022,0.4888987971585785,0.4956274130295998,0.0067286158710213,0.0067286158710213,4.527427153975978e-05
Persistencia_WF,010511,Amazonas,Maria,4,2023,0.4827984556610561,0.4888987971585785,0.0061003414975223,0.0061003414975223,3.721416638639342e-05
Persistencia_WF,010511,Amazonas,Maria,5,2024,0.4833355289158214,0.4827984556610561,-0.0005370732547652,0.0005370732547652,2.884476809841536e-07
Persistencia_WF,010512,Amazonas,Ocalli,1,2020,0.7514545332305894,0.7560314644628441,0.0045769312322546,0.0045769312322546,2.094829950478822e-05
Persistencia_WF,010512,Amazonas,Ocalli,2,2021,0.7490497049560149,0.7514545332305894,0.0024048282745745,0.0024048282745745,5.783199030193233e-06
Persistencia_WF,010512,Amazonas,Ocalli,3,2022,0.7596568077326865,0.7490497049560149,-0.0106071027766716,0.0106071027766716,0.0001125106293148
Persistencia_WF,010512,Amazonas,Ocalli,4,2023,0.7632873226762377,0.7596568077326865,-0.0036305149435511,0.0036305149435511,1.3180638755348247e-05
Persistencia_WF,010512,Amazonas,Ocalli,5,2024,0.7578053485449496,0.7632873226762377,0.005481974131288,0.005481974131288,3.0052040376111223e-05
Persistencia_WF,010513,Amazonas,Ocumal,1,2020,0.5724445595424529,0.5665590880328746,-0.0058854715095782,0.0058854715095782,3.4638774890057864e-05
Persistencia_WF,010513,Amazonas,Ocumal,2,2021,0.5794587516155119,0.5724445595424529,-0.0070141920730589,0.0070141920730589,4.9198890437763405e-05
Persistencia_WF,010513,Amazonas,Ocumal,3,2022,0.5660875662390396,0.5794587516155119,0.0133711853764723,0.0133711853764723,0.0001787885983719
Persistencia_WF,010513,Amazonas,Ocumal,4,2023,0.5702701844309855,0.5660875662390396,-0.0041826181919459,0.0041826181919459,1.7494294939597507e-05
Persistencia_WF,010513,Amazonas,Ocumal,5,2024,0.5722246789132034,0.5702701844309855,-0.0019544944822178,0.0019544944822178,3.820048681020022e-06
Persistencia_WF,010514,Amazonas,Pisuquia,1,2020,0.4730864680497316,0.4689054878421496,-0.004180980207582,0.004180980207582,1.748059549619249e-05
Persistencia_WF,010514,Amazonas,Pisuquia,2,2021,0.488435066443355,0.4730864680497316,-0.0153485983936234,0.0153485983936234,0.0002355794726487
Persistencia_WF,010514,Amazonas,Pisuquia,3,2022,0.4857486032836587,0.488435066443355,0.0026864631596962,0.0026864631596962,7.217084308405342e-06
Persistencia_WF,010514,Amazonas,Pisuquia,4,2023,0.4838384332326801,0.4857486032836587,0.0019101700509785,0.0019101700509785,3.648749623655584e-06
Persistencia_WF,010514,Amazonas,Pisuquia,5,2024,0.4960115649335566,0.4838384332326801,-0.0121731317008764,0.0121731317008764,0.0001481851354068
Persistencia_WF,010515,Amazonas,Providencia,1,2020,0.7218612818261633,0.7194106195365881,-0.0024506622895751,0.0024506622895751,6.005745657545638e-06
Persistencia_WF,010515,Amazonas,Providencia,2,2021,0.7229606443485895,0.7218612818261633,-0.0010993625224262,0.0010993625224262,1.2085979557154325e-06
Persistencia_WF,010515,Amazonas,Providencia,3,2022,0.7061190212619766,0.7229606443485895,0.0168416230866129,0.0168416230866129,0.0002836402681915
Persistencia_WF,010515,Amazonas,Providencia,4,2023,0.7133030499675536,0.7061190212619766,-0.0071840287055769,0.0071840287055769,5.161026844255427e-05
Persistencia_WF,010515,Amazonas,Providencia,5,2024,0.7031721189449174,0.7133030499675536,0.0101309310226361,0.0101309310226361,0.0001026357633854
Persistencia_WF,010516,Amazonas,San Cristobal,1,2020,0.1291097432817895,0.1251313616574088,-0.0039783816243807,0.0039783816243807,1.582752034921015e-05
Persistencia_WF,010516,Amazonas,San Cristobal,2,2021,0.1338637842165841,0.1291097432817895,-0.0047540409347945,0.0047540409347945,2.260090520970262e-05
Persistencia_WF,010516,Amazonas,San Cristobal,3,2022,0.1301105940049041,0.1338637842165841,0.0037531902116799,0.0037531902116799,1.4086436765050535e-05
Persistencia_WF,010516,Amazonas,San Cristobal,4,2023,0.1322374017915228,0.1301105940049041,-0.0021268077866186,0.0021268077866186,4.523311361221913e-06
Persistencia_WF,010516,Amazonas,San Cristobal,5,2024,0.1252564679977981,0.1322374017915228,0.0069809337937246,0.0069809337937246,4.873343663236742e-05
Persistencia_WF,010517,Amazonas,San Francisco Del Yeso,1,2020,0.332585532746823,0.3354496578690127,0.0028641251221896,0.0028641251221896,8.203212715558153e-06
Persistencia_WF,010517,Amazonas,San Francisco Del Yeso,2,2021,0.329652981427175,0.332585532746823,0.002932551319648,0.002932551319648,8.599857242369436e-06
Persistencia_WF,010517,Amazonas,San Francisco Del Yeso,3,2022,0.3293792766373412,0.329652981427175,0.0002737047898337,0.0002737047898337,7.4914311977962e-08
Persistencia_WF,010517,Amazonas,San Francisco Del Yeso,4,2023,0.3270576735092864,0.3293792766373412,0.0023216031280547,0.0023216031280547,5.389841084193806e-06
Persistencia_WF,010517,Amazonas,San Francisco Del Yeso,5,2024,0.3292228739002932,0.3270576735092864,-0.0021652003910068,0.0021652003910068,4.68809273321607e-06
Persistencia_WF,010518,Amazonas,San Jeronimo,1,2020,0.4425930680359435,0.4425673940949935,-2.5673940949988427e-05,2.5673940949988427e-05,6.591512439034926e-10
Persistencia_WF,010518,Amazonas,San Jeronimo,2,2021,0.4367522464698331,0.4425930680359435,0.0058408215661103,0.0058408215661103,3.4115196567140075e-05
Persistencia_WF,010518,Amazonas,San Jeronimo,3,2022,0.4297261446298673,0.4367522464698331,0.0070261018399658,0.0070261018399658,4.9366107065571166e-05
Persistencia_WF,010518,Amazonas,San Jeronimo,4,2023,0.4264142062473256,0.4297261446298673,0.0033119383825416,0.0033119383825416,1.0968935849752795e-05
Persistencia_WF,010518,Amazonas,San Jeronimo,5,2024,0.4184467265725289,0.4264142062473256,0.0079674796747967,0.0079674796747967,6.348073236829881e-05
Persistencia_WF,010519,Amazonas,San Juan De Lopecancha,1,2020,0.1621329434537292,0.1664470161854948,0.0043140727317655,0.0043140727317655,1.861122353496346e-05
Persistencia_WF,010519,Amazonas,San Juan De Lopecancha,2,2021,0.1604649726123306,0.1621329434537292,0.0016679708413986,0.0016679708413986,2.782126727755981e-06
Persistencia_WF,010519,Amazonas,San Juan De Lopecancha,3,2022,0.1627095259668053,0.1604649726123306,-0.0022445533544747,0.0022445533544747,5.038019761083672e-06
Persistencia_WF,010519,Amazonas,San Juan De Lopecancha,4,2023,0.1619270211276306,0.1627095259668053,0.0007825048391746,0.0007825048391746,6.123138233318096e-07
Persistencia_WF,010519,Amazonas,San Juan De Lopecancha,5,2024,0.1634302541081504,0.1619270211276306,-0.0015032329805197,0.0015032329805197,2.259709393722434e-06
Persistencia_WF,010520,Amazonas,Santa Catalina,1,2020,0.6896047089318501,0.689415703639702,-0.0001890052921481,0.0001890052921481,3.572300046001088e-08
Persistencia_WF,010520,Amazonas,Santa Catalina,2,2021,0.6847715736040609,0.6896047089318501,0.0048331353277891,0.0048331353277891,2.335919709672376e-05
Persistencia_WF,010520,Amazonas,Santa Catalina,3,2022,0.6841073550059402,0.6847715736040609,0.0006642185981207,0.0006642185981207,4.4118634608944644e-07
Persistencia_WF,010520,Amazonas,Santa Catalina,4,2023,0.6827087158440436,0.6841073550059402,0.0013986391618966,0.0013986391618966,1.956191505190941e-06
Persistencia_WF,010520,Amazonas,Santa Catalina,5,2024,0.6790474133275731,0.6827087158440436,0.0036613025164704,0.0036613025164704,1.3405136117112886e-05
Persistencia_WF,010521,Amazonas,Santo Tomas,1,2020,0.3135270184863327,0.3126086269552852,-0.0009183915310475,0.0009183915310475,8.434430042997751e-07
Persistencia_WF,010521,Amazonas,Santo Tomas,2,2021,0.3137343972191499,0.3135270184863327,-0.0002073787328172,0.0002073787328172,4.300593882488074e-08
Persistencia_WF,010521,Amazonas,Santo Tomas,3,2022,0.3136850213303839,0.3137343972191499,4.937588876602339e-05,4.937588876602339e-05,2.437978391434715e-09
Persistencia_WF,010521,Amazonas,Santo Tomas,4,2023,0.3169240796334334,0.3136850213303839,-0.0032390583030494,0.0032390583030494,1.049149869055385e-05
Persistencia_WF,010521,Amazonas,Santo Tomas,5,2024,0.3171413335440038,0.3169240796334334,-0.0002172539105704,0.0002172539105704,4.7199261658142315e-08
Persistencia_WF,010522,Amazonas,Tingo,1,2020,0.2183382257012394,0.2208985649054142,0.0025603392041748,0.0025603392041748,6.555336840434503e-06
Persistencia_WF,010522,Amazonas,Tingo,2,2021,0.2151418786692759,0.2183382257012394,0.0031963470319635,0.0031963470319635,1.0216634348741895e-05
Persistencia_WF,010522,Amazonas,Tingo,3,2022,0.2192025440313111,0.2151418786692759,-0.0040606653620351,0.0040606653620351,1.648900318243245e-05
Persistencia_WF,010522,Amazonas,Tingo,4,2023,0.2174983692106979,0.2192025440313111,0.0017041748206131,0.0017041748206131,2.9042118192120025e-06
Persistencia_WF,010522,Amazonas,Tingo,5,2024,0.2212247227658186,0.2174983692106979,-0.0037263535551206,0.0037263535551206,1.3885710817760584e-05
Persistencia_WF,010523,Amazonas,Trita,1,2020,0.149990458622225,0.1499268494370587,-6.360918516629122e-05,6.360918516629122e-05,4.046128437519523e-09
Persistencia_WF,010523,Amazonas,Trita,2,2021,0.1690732141721264,0.149990458622225,-0.0190827555499014,0.0190827555499014,0.0003641515593772
Persistencia_WF,010523,Amazonas,Trita,3,2022,0.1726353285414414,0.1690732141721264,-0.003562114369315,0.003562114369315,1.2688658780080405e-05
Persistencia_WF,010523,Amazonas,Trita,4,2023,0.1740983398002671,0.1726353285414414,-0.0014630112588256,0.0014630112588256,2.140401943450751e-06
Persistencia_WF,010523,Amazonas,Trita,5,2024,0.1788054195025761,0.1740983398002671,-0.004707079702309,0.004707079702309,2.2156599323889568e-05
Persistencia_WF,010601,Amazonas,San Nicolas,1,2020,0.6677599526726058,0.6676120545657016,-0.0001478981069041,0.0001478981069041,2.187385002584244e-08
Persistencia_WF,010601,Amazonas,San Nicolas,2,2021,0.6688735384187082,0.6677599526726058,-0.0011135857461024,0.0011135857461024,1.2400732139225058e-06
Persistencia_WF,010601,Amazonas,San Nicolas,3,2022,0.6652195851893096,0.6688735384187082,0.0036539532293986,0.0036539532293986,1.3351374202632856e-05
Persistencia_WF,010601,Amazonas,San Nicolas,4,2023,0.6535443346325167,0.6652195851893096,0.0116752505567928,0.0116752505567928,0.0001363114755638
Persistencia_WF,010601,Amazonas,San Nicolas,5,2024,0.6457840339643652,0.6535443346325167,0.0077603006681514,0.0077603006681514,6.022226646011225e-05
Persistencia_WF,010602,Amazonas,Chirimoto,1,2020,0.7118476621853498,0.716544667772071,0.0046970055867212,0.0046970055867212,2.206186148169072e-05
Persistencia_WF,010602,Amazonas,Chirimoto,2,2021,0.7038575530507427,0.7118476621853498,0.007990109134607,0.007990109134607,6.384184398293135e-05
Persistencia_WF,010602,Amazonas,Chirimoto,3,2022,0.6963585207609958,0.7038575530507427,0.0074990322897469,0.0074990322897469,5.623548528266678e-05
Persistencia_WF,010602,Amazonas,Chirimoto,4,2023,0.6909855623407611,0.6963585207609958,0.0053729584202346,0.0053729584202346,2.886868218557057e-05
Persistencia_WF,010602,Amazonas,Chirimoto,5,2024,0.6800778790102202,0.6909855623407611,0.0109076833305409,0.0109076833305409,0.0001189775556393
Persistencia_WF,010603,Amazonas,Cochamal,1,2020,0.8182399276224567,0.8236338247008035,0.0053938970783468,0.0053938970783468,2.909412569179825e-05
Persistencia_WF,010603,Amazonas,Cochamal,2,2021,0.812049484211665,0.8182399276224567,0.0061904434107916,0.0061904434107916,3.832158962221398e-05
Persistencia_WF,010603,Amazonas,Cochamal,3,2022,0.8050969131371142,0.812049484211665,0.0069525710745508,0.0069525710745508,4.833824454668086e-05
Persistencia_WF,010603,Amazonas,Cochamal,4,2023,0.7972789583927465,0.8050969131371142,0.0078179547443676,0.0078179547443676,6.112041638498047e-05
Persistencia_WF,010603,Amazonas,Cochamal,5,2024,0.7942648664063959,0.7972789583927465,0.0030140919863506,0.0030140919863506,9.08475050218296e-06
Persistencia_WF,010604,Amazonas,Huambo,1,2020,0.2367809512907103,0.2370099021235189,0.0002289508328086,0.0002289508328086,5.241848384375398e-08
Persistencia_WF,010604,Amazonas,Huambo,2,2021,0.2369641119569572,0.2367809512907103,-0.0001831606662469,0.0001831606662469,3.3547829660010685e-08
Persistencia_WF,010604,Amazonas,Huambo,3,2022,0.23359853471467,0.2369641119569572,0.0033655772422872,0.0033655772422872,1.1327110173801692e-05
Persistencia_WF,010604,Amazonas,Huambo,4,2023,0.2136111270104745,0.23359853471467,0.0199874077041954,0.0199874077041954,0.0003994964667337
Persistencia_WF,010604,Amazonas,Huambo,5,2024,0.2097304103943678,0.2136111270104745,0.0038807166161066,0.0038807166161066,1.5059961454526634e-05
Persistencia_WF,010605,Amazonas,Limabamba,1,2020,0.806505844360474,0.8127173746490927,0.0062115302886186,0.0062115302886186,3.8583108526426886e-05
Persistencia_WF,010605,Amazonas,Limabamba,2,2021,0.7968726961539685,0.806505844360474,0.0096331482065055,0.0096331482065055,9.279754436850042e-05
Persistencia_WF,010605,Amazonas,Limabamba,3,2022,0.7915068128792763,0.7968726961539685,0.0053658832746922,0.0053658832746922,2.87927033176218e-05
Persistencia_WF,010605,Amazonas,Limabamba,4,2023,0.7833278884266339,0.7915068128792763,0.0081789244526423,0.0081789244526423,6.689480520203088e-05
Persistencia_WF,010605,Amazonas,Limabamba,5,2024,0.7546322664207303,0.7833278884266339,0.0286956220059035,0.0286956220059035,0.0008234387223056
Persistencia_WF,010606,Amazonas,Longar,1,2020,0.7045658496502363,0.7070958255397822,0.0025299758895459,0.0025299758895459,6.400778001683844e-06
Persistencia_WF,010606,Amazonas,Longar,2,2021,0.6976246337481484,0.7045658496502363,0.0069412159020878,0.0069412159020878,4.818047819939724e-05
Persistencia_WF,010606,Amazonas,Longar,3,2022,0.6850504373398493,0.6976246337481484,0.0125741964082991,0.0125741964082991,0.0001581104153144
Persistencia_WF,010606,Amazonas,Longar,4,2023,0.6701949378858484,0.6850504373398493,0.0148554994540008,0.0148554994540008,0.0002206858640278
Persistencia_WF,010606,Amazonas,Longar,5,2024,0.6654593419900314,0.6701949378858484,0.0047355958958169,0.0047355958958169,2.2425868488478413e-05
Persistencia_WF,010608,Amazonas,Milpuc,1,2020,0.398258279378607,0.3992511842459094,0.0009929048673023,0.0009929048673023,9.858600755127123e-07
Persistencia_WF,010608,Amazonas,Milpuc,2,2021,0.4143722979542023,0.398258279378607,-0.0161140185755952,0.0161140185755952,0.0002596615946546
Persistencia_WF,010608,Amazonas,Milpuc,3,2022,0.4137310468940695,0.4143722979542023,0.0006412510601327,0.0006412510601327,4.1120292212143603e-07
Persistencia_WF,010608,Amazonas,Milpuc,4,2023,0.4034503444138758,0.4137310468940695,0.0102807024801936,0.0102807024801936,0.0001056928434862
Persistencia_WF,010608,Amazonas,Milpuc,5,2024,0.3932730695240262,0.4034503444138758,0.0101772748898495,0.0101772748898495,0.0001035769241835
Persistencia_WF,010609,Amazonas,Omia,1,2020,0.712428800934716,0.718807605619348,0.006378804684632,0.006378804684632,4.068914920468358e-05
Persistencia_WF,010609,Amazonas,Omia,2,2021,0.7089551944232826,0.712428800934716,0.0034736065114333,0.0034736065114333,1.2065942196272224e-05
Persistencia_WF,010609,Amazonas,Omia,3,2022,0.7032829528813171,0.7089551944232826,0.0056722415419654,0.0056722415419654,3.2174324110398466e-05
Persistencia_WF,010609,Amazonas,Omia,4,2023,0.6997106643667181,0.7032829528813171,0.003572288514599,0.003572288514599,1.2761245231535994e-05
Persistencia_WF,010609,Amazonas,Omia,5,2024,0.6896845728450811,0.6997106643667181,0.010026091521637,0.010026091521637,0.0001005225112002
Persistencia_WF,010610,Amazonas,Santa Rosa,1,2020,0.2150391140019337,0.21864287597785,0.0036037619759163,0.0036037619759163,1.2987100379060178e-05
Persistencia_WF,010610,Amazonas,Santa Rosa,2,2021,0.2480882482200931,0.2150391140019337,-0.0330491342181593,0.0330491342181593,0.0010922452725699
Persistencia_WF,010610,Amazonas,Santa Rosa,3,2022,0.2527028214819372,0.2480882482200931,-0.004614573261844,0.004614573261844,2.129428638892636e-05
Persistencia_WF,010610,Amazonas,Santa Rosa,4,2023,0.2652280917640854,0.2527028214819372,-0.0125252702821482,0.0125252702821482,0.0001568823956408
Persistencia_WF,010610,Amazonas,Santa Rosa,5,2024,0.2609211567196976,0.2652280917640854,0.0043069350443877,0.0043069350443877,1.8549689476575596e-05
Persistencia_WF,010611,Amazonas,Totora,1,2020,0.2228216147023864,0.2314162933162659,0.0085946786138794,0.0085946786138794,7.38685004758776e-05
Persistencia_WF,010611,Amazonas,Totora,2,2021,0.2289476090335558,0.2228216147023864,-0.0061259943311693,0.0061259943311693,3.752780654551954e-05
Persistencia_WF,010611,Amazonas,Totora,3,2022,0.2257474627411538,0.2289476090335558,0.003200146292402,0.003200146292402,1.0240936292774308e-05
Persistencia_WF,010611,Amazonas,Totora,4,2023,0.2150498308494102,0.2257474627411538,0.0106976318917435,0.0106976318917435,0.0001144393280912
Persistencia_WF,010611,Amazonas,Totora,5,2024,0.1858370668373411,0.2150498308494102,0.029212764012069,0.029212764012069,0.0008533855812248
Persistencia_WF,010701,Amazonas,Bagua Grande,1,2020,0.4547301931986164,0.4567317509167183,0.0020015577181018,0.0020015577181018,4.006233298893279e-06
Persistencia_WF,010701,Amazonas,Bagua Grande,2,2021,0.4323132358353416,0.4547301931986164,0.0224169573632748,0.0224169573632748,0.0005025199774268
Persistencia_WF,010701,Amazonas,Bagua Grande,3,2022,0.4285583282285664,0.4323132358353416,0.0037549076067752,0.0037549076067752,1.4099331135418376e-05
Persistencia_WF,010701,Amazonas,Bagua Grande,4,2023,0.4343734830894661,0.4285583282285664,-0.0058151548608997,0.0058151548608997,3.381602605624575e-05
Persistencia_WF,010701,Amazonas,Bagua Grande,5,2024,0.4100356661201204,0.4343734830894661,0.0243378169693457,0.0243378169693457,0.0005923293348333
Persistencia_WF,010703,Amazonas,Cumba,1,2020,0.3463667830297154,0.3498754097585344,0.0035086267288189,0.0035086267288189,1.2310461522182866e-05
Persistencia_WF,010703,Amazonas,Cumba,2,2021,0.3446464622578766,0.3463667830297154,0.0017203207718388,0.0017203207718388,2.959503558020088e-06
Persistencia_WF,010703,Amazonas,Cumba,3,2022,0.347939309920812,0.3446464622578766,-0.0032928476629354,0.0032928476629354,1.0842845731299234e-05
Persistencia_WF,010703,Amazonas,Cumba,4,2023,0.3448179031595376,0.347939309920812,0.0031214067612744,0.0031214067612744,9.7431801693297e-06
Persistencia_WF,010703,Amazonas,Cumba,5,2024,0.3392431179779432,0.3448179031595376,0.0055747851815943,0.0055747851815943,3.107822982092425e-05
Persistencia_WF,010705,Amazonas,Jamalca,1,2020,0.5213136140630512,0.5163364188052193,-0.0049771952578319,0.0049771952578319,2.477247263458448e-05
Persistencia_WF,010705,Amazonas,Jamalca,2,2021,0.4938946235631236,0.5213136140630512,0.0274189904999276,0.0274189904999276,0.0007518010400351
Persistencia_WF,010705,Amazonas,Jamalca,3,2022,0.4911788668441638,0.4938946235631236,0.0027157567189597,0.0027157567189597,7.375334556575267e-06
Persistencia_WF,010705,Amazonas,Jamalca,4,2023,0.4935291385467402,0.4911788668441638,-0.0023502717025764,0.0023502717025764,5.523777075931374e-06
Persistencia_WF,010705,Amazonas,Jamalca,5,2024,0.4755670728457323,0.4935291385467402,0.0179620657010078,0.0179620657010078,0.0003226358042473
Persistencia_WF,010706,Amazonas,Lonya Grande,1,2020,0.5421840893442262,0.5705827200765696,0.0283986307323433,0.0283986307323433,0.0008064822274719
Persistencia_WF,010706,Amazonas,Lonya Grande,2,2021,0.5344709714280134,0.5421840893442262,0.0077131179162128,0.0077131179162128,5.9492187989404045e-05
Persistencia_WF,010706,Amazonas,Lonya Grande,3,2022,0.5465375205707561,0.5344709714280134,-0.0120665491427427,0.0120665491427427,0.0001456016082142
Persistencia_WF,010706,Amazonas,Lonya Grande,4,2023,0.5301883475517748,0.5465375205707561,0.0163491730189813,0.0163491730189813,0.0002672954584045
Persistencia_WF,010706,Amazonas,Lonya Grande,5,2024,0.5252855489522954,0.5301883475517748,0.0049027985994793,0.0049027985994793,2.403743410705713e-05
Persistencia_WF,010707,Amazonas,Yamon,1,2020,0.4905221369229151,0.4994741823535598,0.0089520454306447,0.0089520454306447,8.013911739232676e-05
Persistencia_WF,010707,Amazonas,Yamon,2,2021,0.4838902618571879,0.4905221369229151,0.0066318750657271,0.0066318750657271,4.398176688741356e-05
Persistencia_WF,010707,Amazonas,Yamon,3,2022,0.4922310442738458,0.4838902618571879,-0.0083407824166578,0.0083407824166578,6.956865132202903e-05
Persistencia_WF,010707,Amazonas,Yamon,4,2023,0.485277105899674,0.4922310442738458,0.0069539383741717,0.0069539383741717,4.83572589117791e-05
Persistencia_WF,010707,Amazonas,Yamon,5,2024,0.480439583552424,0.485277105899674,0.0048375223472499,0.0048375223472499,2.340162246014305e-05
Persistencia_WF,050408,Ayacucho,Llochegua,1,2020,0.5963197911534809,0.602920736177208,0.0066009450237271,0.0066009450237271,4.357247520626757e-05
Persistencia_WF,050408,Ayacucho,Llochegua,2,2021,0.596406133342814,0.5963197911534809,-8.634218933312177e-05,8.634218933312177e-05,7.454973658836647e-09
Persistencia_WF,050408,Ayacucho,Llochegua,3,2022,0.5938260255674459,0.596406133342814,0.0025801077753681,0.0025801077753681,6.656956132514932e-06
Persistencia_WF,050408,Ayacucho,Llochegua,4,2023,0.5919840588616714,0.5938260255674459,0.0018419667057745,0.0018419667057745,3.392841345181847e-06
Persistencia_WF,050408,Ayacucho,Llochegua,5,2024,0.585625210564898,0.5919840588616714,0.0063588482967733,0.0063588482967733,4.043495166137741e-05
Persistencia_WF,050409,Ayacucho,Canayre,1,2020,0.6973024216195859,0.7076914585883247,0.0103890369687388,0.0103890369687388,0.0001079320891378
Persistencia_WF,050409,Ayacucho,Canayre,2,2021,0.6945688062671865,0.6973024216195859,0.0027336153523993,0.0027336153523993,7.472652894873447e-06
Persistencia_WF,050409,Ayacucho,Canayre,3,2022,0.6886827675095855,0.6945688062671865,0.005886038757601,0.005886038757601,3.464545225598201e-05
Persistencia_WF,050409,Ayacucho,Canayre,4,2023,0.6859037001204479,0.6886827675095855,0.0027790673891375,0.0027790673891375,7.723215553367963e-06
Persistencia_WF,050409,Ayacucho,Canayre,5,2024,0.6771801556407601,0.6859037001204479,0.0087235444796878,0.0087235444796878,7.610022828909178e-05
Persistencia_WF,050502,Ayacucho,Anco,1,2020,0.5029979361906946,0.5003299999650793,-0.0026679362256152,0.0026679362256152,7.117883703950042e-06
Persistencia_WF,050502,Ayacucho,Anco,2,2021,0.5041596291894572,0.5029979361906946,-0.0011616929987626,0.0011616929987626,1.349530623374218e-06
Persistencia_WF,050502,Ayacucho,Anco,3,2022,0.4993650265222194,0.5041596291894572,0.0047946026672378,0.0047946026672378,2.298821473668384e-05
Persistencia_WF,050502,Ayacucho,Anco,4,2023,0.4933877784774838,0.4993650265222194,0.0059772480447356,0.0059772480447356,3.572749418829615e-05
Persistencia_WF,050502,Ayacucho,Anco,5,2024,0.4961942332069594,0.4933877784774838,-0.0028064547294756,0.0028064547294756,7.876188148595991e-06
Persistencia_WF,050507,Ayacucho,Santa Rosa,1,2020,0.4456698632163656,0.438422706710961,-0.0072471565054045,0.0072471565054045,5.252127741382798e-05
Persistencia_WF,050507,Ayacucho,Santa Rosa,2,2021,0.4464544301130224,0.4456698632163656,-0.0007845668966567,0.0007845668966567,6.155452153296676e-07
Persistencia_WF,050507,Ayacucho,Santa Rosa,3,2022,0.4441702196338987,0.4464544301130224,0.0022842104791236,0.0022842104791236,5.217617512938495e-06
Persistencia_WF,050507,Ayacucho,Santa Rosa,4,2023,0.4411216168354606,0.4441702196338987,0.0030486027984381,0.0030486027984381,9.293979022644644e-06
Persistencia_WF,050507,Ayacucho,Santa Rosa,5,2024,0.4371494667186722,0.4411216168354606,0.0039721501167883,0.0039721501167883,1.5777976550301817e-05
Persistencia_WF,050512,Ayacucho,Union Progreso,1,2020,0.1262791786502575,0.1065034668806991,-0.0197757117695584,0.0197757117695584,0.0003910787759926
Persistencia_WF,050512,Ayacucho,Union Progreso,2,2021,0.1276168818139255,0.1262791786502575,-0.0013377031636679,0.0013377031636679,1.7894497540873533e-06
Persistencia_WF,050512,Ayacucho,Union Progreso,3,2022,0.1227565603192651,0.1276168818139255,0.0048603214946603,0.0048603214946603,2.3622725031457877e-05
Persistencia_WF,050512,Ayacucho,Union Progreso,4,2023,0.1165808307136646,0.1227565603192651,0.0061757296056005,0.0061757296056005,3.8139636161490574e-05
Persistencia_WF,050512,Ayacucho,Union Progreso,5,2024,0.1116090339553653,0.1165808307136646,0.0049717967582992,0.0049717967582992,2.4718763005835417e-05
Persistencia_WF,060801,Cajamarca,Jaen,1,2020,0.3073087760676266,0.3041677800694763,-0.0031409959981502,0.0031409959981502,9.865855860395976e-06
Persistencia_WF,060801,Cajamarca,Jaen,2,2021,0.3015372159222735,0.3073087760676266,0.005771560145353,0.005771560145353,3.331090651142797e-05
Persistencia_WF,060801,Cajamarca,Jaen,3,2022,0.3093953062671111,0.3015372159222735,-0.0078580903448375,0.0078580903448375,6.174958386762971e-05
Persistencia_WF,060801,Cajamarca,Jaen,4,2023,0.3223801165192708,0.3093953062671111,-0.0129848102521596,0.0129848102521596,0.0001686052972845
Persistencia_WF,060801,Cajamarca,Jaen,5,2024,0.3145316267735106,0.3223801165192708,0.0078484897457601,0.0078484897457601,6.159879128930286e-05
Persistencia_WF,060803,Cajamarca,Chontali,1,2020,0.4911873795807437,0.4876303800099704,-0.0035569995707733,0.0035569995707733,1.2652245946481602e-05
Persistencia_WF,060803,Cajamarca,Chontali,2,2021,0.4813113163785587,0.4911873795807437,0.009876063202185,0.009876063202185,9.753662437355336e-05
Persistencia_WF,060803,Cajamarca,Chontali,3,2022,0.4844621866693357,0.4813113163785587,-0.003150870290777,0.003150870290777,9.927983589301398e-06
Persistencia_WF,060803,Cajamarca,Chontali,4,2023,0.5387757223230595,0.4844621866693357,-0.0543135356537237,0.0543135356537237,0.0029499601552083
Persistencia_WF,060803,Cajamarca,Chontali,5,2024,0.5326125661403668,0.5387757223230595,0.0061631561826926,0.0061631561826926,3.798449413226322e-05
Persistencia_WF,060804,Cajamarca,Colasay,1,2020,0.2700840435431221,0.2698861202605497,-0.0001979232825723,0.0001979232825723,3.9173625784233574e-08
Persistencia_WF,060804,Cajamarca,Colasay,2,2021,0.2565262986869119,0.2700840435431221,0.0135577448562101,0.0135577448562101,0.000183812445586
Persistencia_WF,060804,Cajamarca,Colasay,3,2022,0.2795208484114441,0.2565262986869119,-0.0229945497245321,0.0229945497245321,0.0005287493170339
Persistencia_WF,060804,Cajamarca,Colasay,4,2023,0.3028994283857436,0.2795208484114441,-0.0233785799742994,0.0233785799742994,0.0005465580016147
Persistencia_WF,060804,Cajamarca,Colasay,5,2024,0.2988213225410986,0.3028994283857436,0.0040781058446449,0.0040781058446449,1.663094728012741e-05
Persistencia_WF,060807,Cajamarca,Pomahuaca,1,2020,0.3931744081910605,0.3866536163243141,-0.0065207918667463,0.0065207918667463,4.252072656942557e-05
Persistencia_WF,060807,Cajamarca,Pomahuaca,2,2021,0.3856299527253538,0.3931744081910605,0.0075444554657067,0.0075444554657067,5.691880827403172e-05
Persistencia_WF,060807,Cajamarca,Pomahuaca,3,2022,0.3926488910493482,0.3856299527253538,-0.0070189383239944,0.0070189383239944,4.9265495196037554e-05
Persistencia_WF,060807,Cajamarca,Pomahuaca,4,2023,0.4195444204312306,0.3926488910493482,-0.0268955293818823,0.0268955293818823,0.0007233695007316
Persistencia_WF,060807,Cajamarca,Pomahuaca,5,2024,0.4155077918864532,0.4195444204312306,0.0040366285447773,0.0040366285447773,1.629437000851152e-05
Persistencia_WF,060809,Cajamarca,Sallique,1,2020,0.2715509381389909,0.2641693391329295,-0.0073815990060613,0.0073815990060613,5.44880038862865e-05
Persistencia_WF,060809,Cajamarca,Sallique,2,2021,0.2692995018150078,0.2715509381389909,0.0022514363239831,0.0022514363239831,5.068965520950596e-06
Persistencia_WF,060809,Cajamarca,Sallique,3,2022,0.2919427269610715,0.2692995018150078,-0.0226432251460637,0.0226432251460637,0.0005127156450153
Persistencia_WF,060809,Cajamarca,Sallique,4,2023,0.2921372354987807,0.2919427269610715,-0.0001945085377091,0.0001945085377091,3.7833571241768414e-08
Persistencia_WF,060809,Cajamarca,Sallique,5,2024,0.2989790733126992,0.2921372354987807,-0.0068418378139185,0.0068418378139185,4.681074467196515e-05
Persistencia_WF,060810,Cajamarca,San Felipe,1,2020,0.3377852652054604,0.3138247247212476,-0.0239605404842128,0.0239605404842128,0.0005741075002956
Persistencia_WF,060810,Cajamarca,San Felipe,2,2021,0.2851401576991212,0.3377852652054604,0.0526451075063392,0.0526451075063392,0.002771507344354
Persistencia_WF,060810,Cajamarca,San Felipe,3,2022,0.3247004064052242,0.2851401576991212,-0.0395602487061029,0.0395602487061029,0.0015650132776887
Persistencia_WF,060810,Cajamarca,San Felipe,4,2023,0.3577373302302963,0.3247004064052242,-0.0330369238250721,0.0330369238250721,0.0010914383358236
Persistencia_WF,060810,Cajamarca,San Felipe,5,2024,0.3593837924207162,0.3577373302302963,-0.0016464621904199,0.0016464621904199,2.710837744482352e-06
Persistencia_WF,060811,Cajamarca,San Jose Del Alto,1,2020,0.4524487129691748,0.4424720172310299,-0.0099766957381449,0.0099766957381449,9.953445785151888e-05
Persistencia_WF,060811,Cajamarca,San Jose Del Alto,2,2021,0.4435348328095759,0.4524487129691748,0.0089138801595989,0.0089138801595989,7.945725949969145e-05
Persistencia_WF,060811,Cajamarca,San Jose Del Alto,3,2022,0.44199004272448,0.4435348328095759,0.0015447900850958,0.0015447900850958,2.386376407010576e-06
Persistencia_WF,060811,Cajamarca,San Jose Del Alto,4,2023,0.4792927509621835,0.44199004272448,-0.0373027082377034,0.0373027082377034,0.0013914920418672
Persistencia_WF,060811,Cajamarca,San Jose Del Alto,5,2024,0.4659669503195509,0.4792927509621835,0.0133258006426326,0.0133258006426326,0.0001775769627671
Persistencia_WF,060812,Cajamarca,Santa Rosa,1,2020,0.3302906702159632,0.3303937143102486,0.0001030440942854,0.0001030440942854,1.061808536710034e-08
Persistencia_WF,060812,Cajamarca,Santa Rosa,2,2021,0.3372776322757002,0.3302906702159632,-0.0069869620597369,0.0069869620597369,4.8817638824204e-05
Persistencia_WF,060812,Cajamarca,Santa Rosa,3,2022,0.341499577805447,0.3372776322757002,-0.0042219455297468,0.0042219455297468,1.7824824056149043e-05
Persistencia_WF,060812,Cajamarca,Santa Rosa,4,2023,0.3406151159961644,0.341499577805447,0.0008844618092825,0.0008844618092825,7.822726920794298e-07
Persistencia_WF,060812,Cajamarca,Santa Rosa,5,2024,0.332466045539765,0.3406151159961644,0.0081490704563993,0.0081490704563993,6.640734930336151e-05
Persistencia_WF,060901,Cajamarca,San Ignacio,1,2020,0.2714857228584287,0.2648747312096814,-0.0066109916487472,0.0066109916487472,4.37052105798064e-05
Persistencia_WF,060901,Cajamarca,San Ignacio,2,2021,0.253338000700105,0.2714857228584287,0.0181477221583237,0.0181477221583237,0.0003293398195357
Persistencia_WF,060901,Cajamarca,San Ignacio,3,2022,0.2521803270490573,0.253338000700105,0.0011576736510476,0.0011576736510476,1.3402082823300793e-06
Persistencia_WF,060901,Cajamarca,San Ignacio,4,2023,0.3219457918687803,0.2521803270490573,-0.069765464819723,0.069765464819723,0.004867220081512
Persistencia_WF,060901,Cajamarca,San Ignacio,5,2024,0.3073135970395559,0.3219457918687803,0.0146321948292243,0.0146321948292243,0.0002141011255203
Persistencia_WF,060902,Cajamarca,Chirinos,1,2020,0.362724443020998,0.3659447124527093,0.0032202694317113,0.0032202694317113,1.037013521281442e-05
Persistencia_WF,060902,Cajamarca,Chirinos,2,2021,0.3540194567327901,0.362724443020998,0.0087049862882078,0.0087049862882078,7.577678627788707e-05
Persistencia_WF,060902,Cajamarca,Chirinos,3,2022,0.3544223031807354,0.3540194567327901,-0.0004028464479453,0.0004028464479453,1.622852606221487e-07
Persistencia_WF,060902,Cajamarca,Chirinos,4,2023,0.4178393418339772,0.3544223031807354,-0.0634170386532417,0.0634170386532417,0.0040217207915467
Persistencia_WF,060902,Cajamarca,Chirinos,5,2024,0.4075880257021038,0.4178393418339772,0.0102513161318734,0.0102513161318734,0.0001050894824356
Persistencia_WF,060903,Cajamarca,Huarango,1,2020,0.6402933249346798,0.6431994945109502,0.0029061695762703,0.0029061695762703,8.44582160603923e-06
Persistencia_WF,060903,Cajamarca,Huarango,2,2021,0.6322724146423067,0.6402933249346798,0.0080209102923731,0.0080209102923731,6.43350019182979e-05
Persistencia_WF,060903,Cajamarca,Huarango,3,2022,0.6351579800453488,0.6322724146423067,-0.0028855654030421,0.0028855654030421,8.326487695234033e-06
Persistencia_WF,060903,Cajamarca,Huarango,4,2023,0.641054698193014,0.6351579800453488,-0.0058967181476651,0.0058967181476651,3.477128491300323e-05
Persistencia_WF,060903,Cajamarca,Huarango,5,2024,0.6348832577356406,0.641054698193014,0.0061714404573733,0.0061714404573733,3.808667731890507e-05
Persistencia_WF,060904,Cajamarca,La Coipa,1,2020,0.3557002970623831,0.3349521399493894,-0.0207481571129937,0.0207481571129937,0.0004304860235854
Persistencia_WF,060904,Cajamarca,La Coipa,2,2021,0.3503069644625371,0.3557002970623831,0.0053933325998459,0.0053933325998459,2.908803653256139e-05
Persistencia_WF,060904,Cajamarca,La Coipa,3,2022,0.3372076135988557,0.3503069644625371,0.0130993508636814,0.0130993508636814,0.0001715929930498
Persistencia_WF,060904,Cajamarca,La Coipa,4,2023,0.3998415667290131,0.3372076135988557,-0.0626339531301574,0.0626339531301574,0.0039230120847107
Persistencia_WF,060904,Cajamarca,La Coipa,5,2024,0.3897502475519859,0.3998415667290131,0.0100913191770272,0.0100913191770272,0.0001018347227326
Persistencia_WF,060907,Cajamarca,Tabaconas,1,2020,0.6360185969339256,0.6313152088122275,-0.0047033881216981,0.0047033881216981,2.212185982333103e-05
Persistencia_WF,060907,Cajamarca,Tabaconas,2,2021,0.6268111558559025,0.6360185969339256,0.009207441078023,0.009207441078023,8.477697120526664e-05
Persistencia_WF,060907,Cajamarca,Tabaconas,3,2022,0.62729048203391,0.6268111558559025,-0.0004793261780074,0.0004793261780074,2.2975358492327733e-07
Persistencia_WF,060907,Cajamarca,Tabaconas,4,2023,0.6606140214429331,0.62729048203391,-0.0333235394090231,0.0333235394090231,0.0011104582787447
Persistencia_WF,060907,Cajamarca,Tabaconas,5,2024,0.6547733858748567,0.6606140214429331,0.0058406355680764,0.0058406355680764,3.41130238390798e-05
Persistencia_WF,080408,Cusco,Yanatile,1,2020,0.5098486022567379,0.5093622136940051,-0.0004863885627327,0.0004863885627327,2.365738339572337e-07
Persistencia_WF,080408,Cusco,Yanatile,2,2021,0.5021753958309801,0.5098486022567379,0.0076732064257577,0.0076732064257577,5.887809685229003e-05
Persistencia_WF,080408,Cusco,Yanatile,3,2022,0.5000893098711049,0.5021753958309801,0.0020860859598752,0.0020860859598752,4.351754631988644e-06
Persistencia_WF,080408,Cusco,Yanatile,4,2023,0.4861674770224089,0.5000893098711049,0.0139218328486959,0.0139218328486959,0.000193817429867
Persistencia_WF,080408,Cusco,Yanatile,5,2024,0.4810746254020038,0.4861674770224089,0.0050928516204051,0.0050928516204051,2.5937137627463112e-05
Persistencia_WF,080901,Cusco,Santa Ana,1,2020,0.5770451493060892,0.5736752662163095,-0.0033698830897797,0.0033698830897797,1.1356112038783188e-05
Persistencia_WF,080901,Cusco,Santa Ana,2,2021,0.5819229047367682,0.5770451493060892,-0.004877755430679,0.004877755430679,2.3792498041518784e-05
Persistencia_WF,080901,Cusco,Santa Ana,3,2022,0.5887918534802451,0.5819229047367682,-0.0068689487434768,0.0068689487434768,4.7182456840512566e-05
Persistencia_WF,080901,Cusco,Santa Ana,4,2023,0.584359555166523,0.5887918534802451,0.004432298313722,0.004432298313722,1.9645268341823323e-05
Persistencia_WF,080901,Cusco,Santa Ana,5,2024,0.5728912616904652,0.584359555166523,0.0114682934760578,0.0114682934760578,0.0001315217552529
Persistencia_WF,080903,Cusco,Huayopata,1,2020,0.5421369005340279,0.5435064977770763,0.0013695972430484,0.0013695972430484,1.8757966081658189e-06
Persistencia_WF,080903,Cusco,Huayopata,2,2021,0.5416436482256071,0.5421369005340279,0.0004932523084207,0.0004932523084207,2.4329783976243665e-07
Persistencia_WF,080903,Cusco,Huayopata,3,2022,0.5570627153868414,0.5416436482256071,-0.0154190671612343,0.0154190671612343,0.0002377476321226
Persistencia_WF,080903,Cusco,Huayopata,4,2023,0.5489865309236314,0.5570627153868414,0.00807618446321,0.00807618446321,6.52247554837948e-05
Persistencia_WF,080903,Cusco,Huayopata,5,2024,0.5366979717465078,0.5489865309236314,0.0122885591771235,0.0122885591771235,0.0001510086866496
Persistencia_WF,080904,Cusco,Maranura,1,2020,0.5512863294719613,0.5448665999269041,-0.0064197295450572,0.0064197295450572,4.121292743168041e-05
Persistencia_WF,080904,Cusco,Maranura,2,2021,0.5441462342353794,0.5512863294719613,0.0071400952365818,0.0071400952365818,5.0980959987459226e-05
Persistencia_WF,080904,Cusco,Maranura,3,2022,0.5495436801152586,0.5441462342353794,-0.0053974458798791,0.0053974458798791,2.913242202622403e-05
Persistencia_WF,080904,Cusco,Maranura,4,2023,0.5484578347714163,0.5495436801152586,0.0010858453438422,0.0010858453438422,1.1790601107439204e-06
Persistencia_WF,080904,Cusco,Maranura,5,2024,0.5441886086878222,0.5484578347714163,0.0042692260835941,0.0042692260835941,1.822629135284061e-05
Persistencia_WF,080905,Cusco,Ocobamba,1,2020,0.4700130516495526,0.4769867370572827,0.00697368540773,0.00697368540773,4.863228816598744e-05
Persistencia_WF,080905,Cusco,Ocobamba,2,2021,0.4590803995766049,0.4700130516495526,0.0109326520729476,0.0109326520729476,0.0001195228813481
Persistencia_WF,080905,Cusco,Ocobamba,3,2022,0.4682590150907802,0.4590803995766049,-0.0091786155141753,0.0091786155141753,8.424698275705978e-05
Persistencia_WF,080905,Cusco,Ocobamba,4,2023,0.4559736823748138,0.4682590150907802,0.0122853327159664,0.0122853327159664,0.0001509293999419
Persistencia_WF,080905,Cusco,Ocobamba,5,2024,0.4471832801393524,0.4559736823748138,0.0087904022354614,0.0087904022354614,7.727117146120484e-05
Persistencia_WF,080906,Cusco,Quellouno,1,2020,0.7427899703241935,0.7453543760701693,0.0025644057459758,0.0025644057459758,6.576176829993845e-06
Persistencia_WF,080906,Cusco,Quellouno,2,2021,0.7328648443931574,0.7427899703241935,0.0099251259310361,0.0099251259310361,9.850812474692552e-05
Persistencia_WF,080906,Cusco,Quellouno,3,2022,0.7276302383843843,0.7328648443931574,0.005234606008773,0.005234606008773,2.740110006708253e-05
Persistencia_WF,080906,Cusco,Quellouno,4,2023,0.7151104797025662,0.7276302383843843,0.012519758681818,0.012519758681818,0.0001567443574509
Persistencia_WF,080906,Cusco,Quellouno,5,2024,0.7143641393927217,0.7151104797025662,0.0007463403098445,0.0007463403098445,5.570238580988602e-07
Persistencia_WF,080918,Cusco,Union Ashaninka,1,2020,0.7492453662214257,0.7625599226162534,0.0133145563948277,0.0133145563948277,0.000177277411991
Persistencia_WF,080918,Cusco,Union Ashaninka,2,2021,0.7478968406378469,0.7492453662214257,0.0013485255835787,0.0013485255835787,1.8185212495665049e-06
Persistencia_WF,080918,Cusco,Union Ashaninka,3,2022,0.740380375254271,0.7478968406378469,0.0075164653835758,0.0075164653835758,5.6497251862494285e-05
Persistencia_WF,080918,Cusco,Union Ashaninka,4,2023,0.7370261312394202,0.740380375254271,0.0033542440148508,0.0033542440148508,1.1250952911162743e-05
Persistencia_WF,080918,Cusco,Union Ashaninka,5,2024,0.7306960269705117,0.7370261312394202,0.0063301042689084,0.0063301042689084,4.007022005525303e-05
Persistencia_WF,081304,Cusco,Machupicchu,1,2020,0.3685233551100532,0.3689646773403945,0.0004413222303413,0.0004413222303413,1.9476531099344005e-07
Persistencia_WF,081304,Cusco,Machupicchu,2,2021,0.3739904452531332,0.3685233551100532,-0.00546709014308,0.00546709014308,2.988907463256249e-05
Persistencia_WF,081304,Cusco,Machupicchu,3,2022,0.3811480648140779,0.3739904452531332,-0.0071576195609447,0.0071576195609447,5.123151777921876e-05
Persistencia_WF,081304,Cusco,Machupicchu,4,2023,0.3760306562196289,0.3811480648140779,0.005117408594449,0.005117408594449,2.618787072254085e-05
Persistencia_WF,081304,Cusco,Machupicchu,5,2024,0.3669124083894632,0.3760306562196289,0.0091182478301656,0.0091182478301656,8.314244349232117e-05
Persistencia_WF,100103,Huanuco,Chinchao,1,2020,0.6642708811506766,0.6759066168273329,0.0116357356766563,0.0116357356766563,0.000135390344737
Persistencia_WF,100103,Huanuco,Chinchao,2,2021,0.6620521564255579,0.6642708811506766,0.0022187247251186,0.0022187247251186,4.922739405852772e-06
Persistencia_WF,100103,Huanuco,Chinchao,3,2022,0.6495956018973922,0.6620521564255579,0.0124565545281657,0.0124565545281657,0.0001551657507131
Persistencia_WF,100103,Huanuco,Chinchao,4,2023,0.6588038559905568,0.6495956018973922,-0.0092082540931646,0.0092082540931646,8.479194344428287e-05
Persistencia_WF,100103,Huanuco,Chinchao,5,2024,0.6457122871445122,0.6588038559905568,0.0130915688460445,0.0130915688460445,0.0001713891748507
Persistencia_WF,100113,Huanuco,San Pablo De Pillao,1,2020,0.6673147557699998,0.7131908429171739,0.0458760871471741,0.0458760871471741,0.0021046153719351
Persistencia_WF,100113,Huanuco,San Pablo De Pillao,2,2021,0.670824247451122,0.6673147557699998,-0.0035094916811222,0.0035094916811222,1.2316531859866245e-05
Persistencia_WF,100113,Huanuco,San Pablo De Pillao,3,2022,0.66408917468231,0.670824247451122,0.006735072768812,0.006735072768812,4.5361205201193245e-05
Persistencia_WF,100113,Huanuco,San Pablo De Pillao,4,2023,0.6617064067175328,0.66408917468231,0.0023827679647772,0.0023827679647772,5.677583173968529e-06
Persistencia_WF,100113,Huanuco,San Pablo De Pillao,5,2024,0.6585655528750035,0.6617064067175328,0.0031408538425292,0.0031408538425292,9.864962860130866e-06
Persistencia_WF,100505,Huanuco,Jircan,1,2020,0.6996753246753247,0.7305009910362985,0.0308256663609738,0.0308256663609738,0.000950221706598
Persistencia_WF,100505,Huanuco,Jircan,2,2021,0.7141156110404402,0.6996753246753247,-0.0144402863651155,0.0144402863651155,0.0002085218703065
Persistencia_WF,100505,Huanuco,Jircan,3,2022,0.697205129722214,0.7141156110404402,0.0169104813182261,0.0169104813182261,0.000285964378414
Persistencia_WF,100505,Huanuco,Jircan,4,2023,0.7262927846640831,0.697205129722214,-0.029087654941869,0.029087654941869,0.0008460916700172
Persistencia_WF,100505,Huanuco,Jircan,5,2024,0.7219921308759577,0.7262927846640831,0.0043006537881253,0.0043006537881253,1.849562300531723e-05
Persistencia_WF,100507,Huanuco,Monzon,1,2020,0.7007421880402489,0.7052251144463262,0.0044829264060772,0.0044829264060772,2.009662916230497e-05
Persistencia_WF,100507,Huanuco,Monzon,2,2021,0.6982250603821457,0.7007421880402489,0.0025171276581031,0.0025171276581031,6.335931647188055e-06
Persistencia_WF,100507,Huanuco,Monzon,3,2022,0.693855291563096,0.6982250603821457,0.0043697688190497,0.0043697688190497,1.9094879531939125e-05
Persistencia_WF,100507,Huanuco,Monzon,4,2023,0.7037383494834356,0.693855291563096,-0.0098830579203396,0.0098830579203396,9.76748338567875e-05
Persistencia_WF,100507,Huanuco,Monzon,5,2024,0.6952081533813373,0.7037383494834356,0.0085301961020982,0.0085301961020982,7.276424554025242e-05
Persistencia_WF,100601,Huanuco,Rupa-Rupa,1,2020,0.6205881655642372,0.6254652726268979,0.0048771070626606,0.0048771070626606,2.3786173300654357e-05
Persistencia_WF,100601,Huanuco,Rupa-Rupa,2,2021,0.6173130526964644,0.6205881655642372,0.0032751128677728,0.0032751128677728,1.0726364296651122e-05
Persistencia_WF,100601,Huanuco,Rupa-Rupa,3,2022,0.6174214328534124,0.6173130526964644,-0.000108380156948,0.000108380156948,1.1746258420079432e-08
Persistencia_WF,100601,Huanuco,Rupa-Rupa,4,2023,0.6159583007346142,0.6174214328534124,0.0014631321187982,0.0014631321187982,2.1407555970589896e-06
Persistencia_WF,100601,Huanuco,Rupa-Rupa,5,2024,0.5999383587857359,0.6159583007346142,0.0160199419488783,0.0160199419488783,0.0002566385400454
Persistencia_WF,100605,Huanuco,Luyando,1,2020,0.3667928592925821,0.372669528440861,0.0058766691482788,0.0058766691482788,3.4535240278332936e-05
Persistencia_WF,100605,Huanuco,Luyando,2,2021,0.3682184663635932,0.3667928592925821,-0.001425607071011,0.001425607071011,2.0323555209167944e-06
Persistencia_WF,100605,Huanuco,Luyando,3,2022,0.3719567249053555,0.3682184663635932,-0.0037382585417622,0.0037382585417622,1.3974576925058767e-05
Persistencia_WF,100605,Huanuco,Luyando,4,2023,0.3726616084015777,0.3719567249053555,-0.0007048834962222,0.0007048834962222,4.968607432464597e-07
Persistencia_WF,100605,Huanuco,Luyando,5,2024,0.3534951133357621,0.3726616084015777,0.0191664950658155,0.0191664950658155,0.0003673545331079
Persistencia_WF,100606,Huanuco,Mariano Damaso Beraun,1,2020,0.8509629874773215,0.8561280752660848,0.0051650877887633,0.0051650877887633,2.667813186563222e-05
Persistencia_WF,100606,Huanuco,Mariano Damaso Beraun,2,2021,0.84799867622464,0.8509629874773215,0.0029643112526814,0.0029643112526814,8.78714120277407e-06
Persistencia_WF,100606,Huanuco,Mariano Damaso Beraun,3,2022,0.8430416102781702,0.84799867622464,0.0049570659464698,0.0049570659464698,2.457250279765083e-05
Persistencia_WF,100606,Huanuco,Mariano Damaso Beraun,4,2023,0.8419246748181286,0.8430416102781702,0.0011169354600415,0.0011169354600415,1.24754482189822e-06
Persistencia_WF,100606,Huanuco,Mariano Damaso Beraun,5,2024,0.8277177285433153,0.8419246748181286,0.0142069462748133,0.0142069462748133,0.0002018373224554
Persistencia_WF,100608,Huanuco,Castillo Grande,1,2020,0.5205296332332163,0.521536444012014,0.0010068107787977,0.0010068107787977,1.0136679443032667e-06
Persistencia_WF,100608,Huanuco,Castillo Grande,2,2021,0.5248445365709209,0.5205296332332163,-0.0043149033377045,0.0043149033377045,1.861839081373402e-05
Persistencia_WF,100608,Huanuco,Castillo Grande,3,2022,0.5311392190871018,0.5248445365709209,-0.0062946825161809,0.0062946825161809,3.962302797951385e-05
Persistencia_WF,100608,Huanuco,Castillo Grande,4,2023,0.5307331105376708,0.5311392190871018,0.000406108549431,0.000406108549431,1.6492415392096466e-07
Persistencia_WF,100608,Huanuco,Castillo Grande,5,2024,0.5058251195059013,0.5307331105376708,0.0249079910317695,0.0249079910317695,0.0006204080172387
Persistencia_WF,100609,Huanuco,Pueblo Nuevo,1,2020,0.6958375035498537,0.6982913830230141,0.0024538794731603,0.0024538794731603,6.02152446879765e-06
Persistencia_WF,100609,Huanuco,Pueblo Nuevo,2,2021,0.6908856299163751,0.6958375035498537,0.0049518736334785,0.0049518736334785,2.4521052481940537e-05
Persistencia_WF,100609,Huanuco,Pueblo Nuevo,3,2022,0.696901770377539,0.6908856299163751,-0.0060161404611638,0.0060161404611638,3.619394604845257e-05
Persistencia_WF,100609,Huanuco,Pueblo Nuevo,4,2023,0.6933146948780091,0.696901770377539,0.0035870754995298,0.0035870754995298,1.2867110639327372e-05
Persistencia_WF,100609,Huanuco,Pueblo Nuevo,5,2024,0.6780785848008359,0.6933146948780091,0.0152361100771731,0.0152361100771731,0.0002321390502837
Persistencia_WF,100804,Huanuco,Umari,1,2020,0.1879738884651622,0.2417448068553995,0.0537709183902373,0.0537709183902373,0.0028913116645295
Persistencia_WF,100804,Huanuco,Umari,2,2021,0.1963805015927139,0.1879738884651622,-0.0084066131275516,0.0084066131275516,7.067114427632456e-05
Persistencia_WF,100804,Huanuco,Umari,3,2022,0.1896507245726591,0.1963805015927139,0.0067297770200547,0.0067297770200547,4.528989873965744e-05
Persistencia_WF,100804,Huanuco,Umari,4,2023,0.2097671497151061,0.1896507245726591,-0.0201164251424469,0.0201164251424469,0.0004046705605116
Persistencia_WF,100804,Huanuco,Umari,5,2024,0.2132666337655345,0.2097671497151061,-0.0034994840504284,0.0034994840504284,1.224638861920282e-05
Persistencia_WF,100901,Huanuco,Puerto Inca,1,2020,0.6642272323979114,0.6825822252600842,0.0183549928621727,0.0183549928621727,0.0003369057629704
Persistencia_WF,100901,Huanuco,Puerto Inca,2,2021,0.6464933855150087,0.6642272323979114,0.0177338468829026,0.0177338468829026,0.0003144893252662
Persistencia_WF,100901,Huanuco,Puerto Inca,3,2022,0.6282767941633685,0.6464933855150087,0.0182165913516402,0.0182165913516402,0.0003318442004726
Persistencia_WF,100901,Huanuco,Puerto Inca,4,2023,0.6187861412477837,0.6282767941633685,0.0094906529155847,0.0094906529155847,9.007249276409652e-05
Persistencia_WF,100901,Huanuco,Puerto Inca,5,2024,0.600651114519684,0.6187861412477837,0.0181350267280997,0.0181350267280997,0.0003288791944288
Persistencia_WF,100902,Huanuco,Codo Del Pozuzo,1,2020,0.7266625257202279,0.7443706787076856,0.0177081529874576,0.0177081529874576,0.0003135786822272
Persistencia_WF,100902,Huanuco,Codo Del Pozuzo,2,2021,0.7152311613604294,0.7266625257202279,0.0114313643597985,0.0114313643597985,0.0001306760911264
Persistencia_WF,100902,Huanuco,Codo Del Pozuzo,3,2022,0.6996186445429629,0.7152311613604294,0.0156125168174665,0.0156125168174665,0.0002437506813756
Persistencia_WF,100902,Huanuco,Codo Del Pozuzo,4,2023,0.6923842962401355,0.6996186445429629,0.0072343483028273,0.0072343483028273,5.233579536662053e-05
Persistencia_WF,100902,Huanuco,Codo Del Pozuzo,5,2024,0.6740932927334595,0.6923842962401355,0.018291003506676,0.018291003506676,0.0003345608092812
Persistencia_WF,100903,Huanuco,Honoria,1,2020,0.4278262440371602,0.4463532980800657,0.0185270540429055,0.0185270540429055,0.0003432517315087
Persistencia_WF,100903,Huanuco,Honoria,2,2021,0.4163712599272028,0.4278262440371602,0.0114549841099573,0.0114549841099573,0.0001312166609593
Persistencia_WF,100903,Huanuco,Honoria,3,2022,0.398931786882544,0.4163712599272028,0.0174394730446588,0.0174394730446588,0.0003041352200753
Persistencia_WF,100903,Huanuco,Honoria,4,2023,0.3628479351324977,0.398931786882544,0.0360838517500463,0.0360838517500463,0.0013020443571193
Persistencia_WF,100903,Huanuco,Honoria,5,2024,0.3507942227846357,0.3628479351324977,0.012053712347862,0.012053712347862,0.000145291981365
Persistencia_WF,100904,Huanuco,Tournavista,1,2020,0.5779380757077947,0.5986970409710145,0.0207589652632198,0.0207589652632198,0.0004309346387995
Persistencia_WF,100904,Huanuco,Tournavista,2,2021,0.55587726757082,0.5779380757077947,0.0220608081369746,0.0220608081369746,0.0004866792556564
Persistencia_WF,100904,Huanuco,Tournavista,3,2022,0.5343623608103693,0.55587726757082,0.0215149067604507,0.0215149067604507,0.0004628912129108
Persistencia_WF,100904,Huanuco,Tournavista,4,2023,0.5072331932389404,0.5343623608103693,0.0271291675714288,0.0271291675714288,0.0007359917331186
Persistencia_WF,100904,Huanuco,Tournavista,5,2024,0.4849192208018865,0.5072331932389404,0.0223139724370539,0.0223139724370539,0.0004979133659216
Persistencia_WF,100905,Huanuco,Yuyapichis,1,2020,0.6091182575888785,0.6342744546646679,0.0251561970757894,0.0251561970757894,0.0006328342513159
Persistencia_WF,100905,Huanuco,Yuyapichis,2,2021,0.5911847088544524,0.6091182575888785,0.017933548734426,0.017933548734426,0.00032161217021
Persistencia_WF,100905,Huanuco,Yuyapichis,3,2022,0.5691707967991864,0.5911847088544524,0.022013912055266,0.022013912055266,0.0004846123239769
Persistencia_WF,100905,Huanuco,Yuyapichis,4,2023,0.5613270288556127,0.5691707967991864,0.0078437679435736,0.0078437679435736,6.152469555263384e-05
Persistencia_WF,100905,Huanuco,Yuyapichis,5,2024,0.54344808404226,0.5613270288556127,0.0178789448133527,0.0178789448133527,0.0003196566676389
Persistencia_WF,120209,Junin,Mariscal Castilla,1,2020,0.3902123816641754,0.3415389885401096,-0.0486733931240657,0.0486733931240657,0.0023690991982098
Persistencia_WF,120209,Junin,Mariscal Castilla,2,2021,0.351831091180867,0.3902123816641754,0.0383812904833084,0.0383812904833084,0.0014731234591641
Persistencia_WF,120209,Junin,Mariscal Castilla,3,2022,0.3644899103139013,0.351831091180867,-0.0126588191330343,0.0126588191330343,0.0001602457018428
Persistencia_WF,120209,Junin,Mariscal Castilla,4,2023,0.356564524165421,0.3644899103139013,0.0079253861484803,0.0079253861484803,6.281174560252368e-05
Persistencia_WF,120209,Junin,Mariscal Castilla,5,2024,0.3494799451918286,0.356564524165421,0.0070845789735923,0.0070845789735923,5.019125923306728e-05
Persistencia_WF,120302,Junin,Perene,1,2020,0.5873779747024782,0.5897170444099356,0.0023390697074573,0.0023390697074573,5.471247096344575e-06
Persistencia_WF,120302,Junin,Perene,2,2021,0.57921537520221,0.5873779747024782,0.0081625995002682,0.0081625995002682,6.66280306017788e-05
Persistencia_WF,120302,Junin,Perene,3,2022,0.5696841961450105,0.57921537520221,0.0095311790571994,0.0095311790571994,9.084337422039774e-05
Persistencia_WF,120302,Junin,Perene,4,2023,0.5572062132569662,0.5696841961450105,0.0124779828880443,0.0124779828880443,0.0001557000569543
Persistencia_WF,120302,Junin,Perene,5,2024,0.5440639628387073,0.5572062132569662,0.0131422504182588,0.0131422504182588,0.0001727187460562
Persistencia_WF,120303,Junin,Pichanaqui,1,2020,0.6235338723844114,0.6283470637908489,0.0048131914064375,0.0048131914064375,2.316681151500423e-05
Persistencia_WF,120303,Junin,Pichanaqui,2,2021,0.6170480316539529,0.6235338723844114,0.0064858407304584,0.0064858407304584,4.2066129980873626e-05
Persistencia_WF,120303,Junin,Pichanaqui,3,2022,0.6084595528116606,0.6170480316539529,0.0085884788422923,0.0085884788422923,7.376196882450252e-05
Persistencia_WF,120303,Junin,Pichanaqui,4,2023,0.5979025867108753,0.6084595528116606,0.0105569661007853,0.0105569661007853,0.0001114495332531
Persistencia_WF,120303,Junin,Pichanaqui,5,2024,0.5880488535044439,0.5979025867108753,0.0098537332064313,0.0098537332064313,9.70960581035278e-05
Persistencia_WF,120304,Junin,San Luis De Shuaro,1,2020,0.6637352707624063,0.6522622100930076,-0.0114730606693987,0.0114730606693987,0.0001316311211237
Persistencia_WF,120304,Junin,San Luis De Shuaro,2,2021,0.6560774363140168,0.6637352707624063,0.0076578344483895,0.0076578344483895,5.864242843894126e-05
Persistencia_WF,120304,Junin,San Luis De Shuaro,3,2022,0.6427469628791267,0.6560774363140168,0.0133304734348901,0.0133304734348901,0.0001777015219983
Persistencia_WF,120304,Junin,San Luis De Shuaro,4,2023,0.628280136179845,0.6427469628791267,0.0144668266992816,0.0144668266992816,0.000209289074747
Persistencia_WF,120304,Junin,San Luis De Shuaro,5,2024,0.5973749783225782,0.628280136179845,0.0309051578572667,0.0309051578572667,0.0009551287821825
Persistencia_WF,120601,Junin,Satipo,1,2020,0.6774614812830716,0.681935386015471,0.0044739047323993,0.0044739047323993,2.0015823554585676e-05
Persistencia_WF,120601,Junin,Satipo,2,2021,0.6688019638279585,0.6774614812830716,0.008659517455113,0.008659517455113,7.498724255540784e-05
Persistencia_WF,120601,Junin,Satipo,3,2022,0.6549811588263073,0.6688019638279585,0.0138208050016512,0.0138208050016512,0.0001910146508936
Persistencia_WF,120601,Junin,Satipo,4,2023,0.6294436502071292,0.6549811588263073,0.025537508619178,0.025537508619178,0.0006521643464745
Persistencia_WF,120601,Junin,Satipo,5,2024,0.6126474134935721,0.6294436502071292,0.0167962367135571,0.0167962367135571,0.0002821135677378
Persistencia_WF,120602,Junin,Coviriali,1,2020,0.60569872762562,0.6000377399180504,-0.0056609877075696,0.0056609877075696,3.204678182525434e-05
Persistencia_WF,120602,Junin,Coviriali,2,2021,0.5973779742649702,0.60569872762562,0.0083207533606498,0.0083207533606498,6.92349364887659e-05
Persistencia_WF,120602,Junin,Coviriali,3,2022,0.5809970526921141,0.5973779742649702,0.016380921572856,0.016380921572856,0.000268334591576
Persistencia_WF,120602,Junin,Coviriali,4,2023,0.5661347135360506,0.5809970526921141,0.0148623391560634,0.0148623391560634,0.0002208891251898
Persistencia_WF,120602,Junin,Coviriali,5,2024,0.5460516857163396,0.5661347135360506,0.020083027819711,0.020083027819711,0.0004033280064072
Persistencia_WF,120603,Junin,Llaylla,1,2020,0.6767776956744159,0.6657136361052691,-0.0110640595691468,0.0110640595691468,0.0001224134141496
Persistencia_WF,120603,Junin,Llaylla,2,2021,0.6766270675836981,0.6767776956744159,0.0001506280907178,0.0001506280907178,2.268882171330896e-08
Persistencia_WF,120603,Junin,Llaylla,3,2022,0.6652134371625078,0.6766270675836981,0.0114136304211902,0.0114136304211902,0.0001302709593915
Persistencia_WF,120603,Junin,Llaylla,4,2023,0.656025123628716,0.6652134371625078,0.0091883135337917,0.0091883135337917,8.442510559526141e-05
Persistencia_WF,120603,Junin,Llaylla,5,2024,0.6417580856022281,0.656025123628716,0.0142670380264878,0.0142670380264878,0.0002035483740492
Persistencia_WF,120604,Junin,Mazamari,1,2020,0.7869618370595345,0.784021510844238,-0.0029403262152964,0.0029403262152964,8.645518252359816e-06
Persistencia_WF,120604,Junin,Mazamari,2,2021,0.7836342041928035,0.7869618370595345,0.0033276328667309,0.0033276328667309,1.1073140495748304e-05
Persistencia_WF,120604,Junin,Mazamari,3,2022,0.7771746815691493,0.7836342041928035,0.0064595226236542,0.0064595226236542,4.172543252550089e-05
Persistencia_WF,120604,Junin,Mazamari,4,2023,0.7606660838491036,0.7771746815691493,0.0165085977200456,0.0165085977200456,0.0002725337986822
Persistencia_WF,120604,Junin,Mazamari,5,2024,0.7365834119904845,0.7606660838491036,0.0240826718586191,0.0240826718586191,0.0005799750838499
Persistencia_WF,120607,Junin,Rio Negro,1,2020,0.5116514727389675,0.5263339454024744,0.0146824726635068,0.0146824726635068,0.0002155750035146
Persistencia_WF,120607,Junin,Rio Negro,2,2021,0.4943422532528899,0.5116514727389675,0.0173092194860776,0.0173092194860776,0.0002996090792172
Persistencia_WF,120607,Junin,Rio Negro,3,2022,0.4782368096704528,0.4943422532528899,0.016105443582437,0.016105443582437,0.000259385312987
Persistencia_WF,120607,Junin,Rio Negro,4,2023,0.4546967023726962,0.4782368096704528,0.0235401072977565,0.0235401072977565,0.0005541366515898
Persistencia_WF,120607,Junin,Rio Negro,5,2024,0.4379085202180451,0.4546967023726962,0.0167881821546511,0.0167881821546511,0.0002818430600577
Persistencia_WF,120609,Junin,Vizcatán Del Ene,1,2020,0.7585939456030942,0.7762451688284031,0.0176512232253088,0.0176512232253088,0.0003115656813496
Persistencia_WF,120609,Junin,Vizcatán Del Ene,2,2021,0.7539951594754276,0.7585939456030942,0.0045987861276666,0.0045987861276666,2.1148833848018955e-05
Persistencia_WF,120609,Junin,Vizcatán Del Ene,3,2022,0.7469905002546887,0.7539951594754276,0.0070046592207388,0.0070046592207388,4.906525079868243e-05
Persistencia_WF,120609,Junin,Vizcatán Del Ene,4,2023,0.742129830811867,0.7469905002546887,0.0048606694428217,0.0048606694428217,2.3626107432380694e-05
Persistencia_WF,120609,Junin,Vizcatán Del Ene,5,2024,0.7316185252228167,0.742129830811867,0.0105113055890503,0.0105113055890503,0.0001104875451864
Persistencia_WF,160101,Loreto,Iquitos,1,2020,0.5134002372756092,0.5168256607736741,0.0034254234980648,0.0034254234980648,1.1733526141094837e-05
Persistencia_WF,160101,Loreto,Iquitos,2,2021,0.5002260925374876,0.5134002372756092,0.0131741447381216,0.0131741447381216,0.0001735580895809
Persistencia_WF,160101,Loreto,Iquitos,3,2022,0.5077114573001148,0.5002260925374876,-0.0074853647626271,0.0074853647626271,5.603068562958063e-05
Persistencia_WF,160101,Loreto,Iquitos,4,2023,0.5507127992687244,0.5077114573001148,-0.0430013419686096,0.0430013419686096,0.0018491154111013
Persistencia_WF,160101,Loreto,Iquitos,5,2024,0.5545247680728164,0.5507127992687244,-0.0038119688040919,0.0038119688040919,1.4531106163370275e-05
Persistencia_WF,160112,Loreto,Belen,1,2020,0.5367406247566269,0.5405772092127213,0.0038365844560944,0.0038365844560944,1.4719380288745714e-05
Persistencia_WF,160112,Loreto,Belen,2,2021,0.5371928717135241,0.5367406247566269,-0.0004522469568972,0.0004522469568972,2.04527310022844e-07
Persistencia_WF,160112,Loreto,Belen,3,2022,0.5417126086724844,0.5371928717135241,-0.0045197369589602,0.0045197369589602,2.0428022178191167e-05
Persistencia_WF,160112,Loreto,Belen,4,2023,0.5596631238377868,0.5417126086724844,-0.0179505151653024,0.0179505151653024,0.0003222209946997
Persistencia_WF,160112,Loreto,Belen,5,2024,0.5613546094348826,0.5596631238377868,-0.0016914855970957,0.0016914855970957,2.8611235251823803e-06
Persistencia_WF,160211,Loreto,Teniente Cesar Lopez Rojas,1,2020,0.7889779389087833,0.7913259953483298,0.0023480564395464,0.0023480564395464,5.513369043295775e-06
Persistencia_WF,160211,Loreto,Teniente Cesar Lopez Rojas,2,2021,0.7833593031383286,0.7889779389087833,0.0056186357704547,0.0056186357704547,3.156906792103351e-05
Persistencia_WF,160211,Loreto,Teniente Cesar Lopez Rojas,3,2022,0.7727247016614839,0.7833593031383286,0.0106346014768446,0.0106346014768446,0.0001130947485713
Persistencia_WF,160211,Loreto,Teniente Cesar Lopez Rojas,4,2023,0.7527025880470661,0.7727247016614839,0.0200221136144177,0.0200221136144177,0.0004008850335886
Persistencia_WF,160211,Loreto,Teniente Cesar Lopez Rojas,5,2024,0.7325767747791668,0.7527025880470661,0.0201258132678993,0.0201258132678993,0.0004050483596943
Persistencia_WF,160503,Loreto,Capelo,1,2020,0.7554360387590008,0.7593997244199484,0.0039636856609476,0.0039636856609476,1.5710804018801807e-05
Persistencia_WF,160503,Loreto,Capelo,2,2021,0.7583418526091208,0.7554360387590008,-0.00290581385012,0.00290581385012,8.443754131549271e-06
Persistencia_WF,160503,Loreto,Capelo,3,2022,0.7430871633034047,0.7583418526091208,0.015254689305716,0.015254689305716,0.0002327055458139
Persistencia_WF,160503,Loreto,Capelo,4,2023,0.7359065250244466,0.7430871633034047,0.007180638278958,0.007180638278958,5.156156609323828e-05
Persistencia_WF,160503,Loreto,Capelo,5,2024,0.7223675437816695,0.7359065250244466,0.0135389812427771,0.0135389812427771,0.0001833040130922
Persistencia_WF,160603,Loreto,Padre Marquez,1,2020,0.8489635243443651,0.8549642876615233,0.0060007633171582,0.0060007633171582,3.600916038855225e-05
Persistencia_WF,160603,Loreto,Padre Marquez,2,2021,0.8423531977536667,0.8489635243443651,0.0066103265906983,0.0066103265906983,4.369641763569405e-05
Persistencia_WF,160603,Loreto,Padre Marquez,3,2022,0.8218922995838104,0.8423531977536667,0.0204608981698563,0.0204608981698563,0.0004186483539172
Persistencia_WF,160603,Loreto,Padre Marquez,4,2023,0.8138832851716555,0.8218922995838104,0.0080090144121548,0.0080090144121548,6.414431185410405e-05
Persistencia_WF,160603,Loreto,Padre Marquez,5,2024,0.7825643821674573,0.8138832851716555,0.0313189030041982,0.0313189030041982,0.0009808736853863
Persistencia_WF,170102,Madre De Dios,Inambari,1,2020,0.8478175829478117,0.8484654821114034,0.0006478991635916,0.0006478991635916,4.197733261827565e-07
Persistencia_WF,170102,Madre De Dios,Inambari,2,2021,0.8411440777450233,0.8478175829478117,0.0066735052027884,0.0066735052027884,4.4535671691644125e-05
Persistencia_WF,170102,Madre De Dios,Inambari,3,2022,0.8289204640856406,0.8411440777450233,0.0122236136593827,0.0122236136593827,0.0001494167308938
Persistencia_WF,170102,Madre De Dios,Inambari,4,2023,0.8187924554623257,0.8289204640856406,0.0101280086233148,0.0101280086233148,0.0001025765586739
Persistencia_WF,170102,Madre De Dios,Inambari,5,2024,0.7961427708008171,0.8187924554623257,0.0226496846615086,0.0226496846615086,0.0005130082152657
Persistencia_WF,170204,Madre De Dios,Huepetuhe,1,2020,0.8092381784585945,0.8042058724733321,-0.0050323059852623,0.0050323059852623,2.532410352930764e-05
Persistencia_WF,170204,Madre De Dios,Huepetuhe,2,2021,0.8052862674813119,0.8092381784585945,0.0039519109772825,0.0039519109772825,1.5617600372366205e-05
Persistencia_WF,170204,Madre De Dios,Huepetuhe,3,2022,0.7968473982108246,0.8052862674813119,0.0084388692704873,0.0084388692704873,7.12145145643751e-05
Persistencia_WF,170204,Madre De Dios,Huepetuhe,4,2023,0.7871135427628699,0.7968473982108246,0.0097338554479546,0.0097338554479546,9.474794188167714e-05
Persistencia_WF,170204,Madre De Dios,Huepetuhe,5,2024,0.7681001929031553,0.7871135427628699,0.0190133498597145,0.0190133498597145,0.0003615074728879
Persistencia_WF,200303,Piura,El Carmen De La Frontera,1,2020,0.5097815107821005,0.5071539457539336,-0.0026275650281669,0.0026275650281669,6.904097977246074e-06
Persistencia_WF,200303,Piura,El Carmen De La Frontera,2,2021,0.5007951841532611,0.5097815107821005,0.0089863266288394,0.0089863266288394,8.075406628018934e-05
Persistencia_WF,200303,Piura,El Carmen De La Frontera,3,2022,0.4958600258960227,0.5007951841532611,0.0049351582572383,0.0049351582572383,2.4355787023988284e-05
Persistencia_WF,200303,Piura,El Carmen De La Frontera,4,2023,0.5164860046233213,0.4958600258960227,-0.0206259787272986,0.0206259787272986,0.0004254309984589
Persistencia_WF,200303,Piura,El Carmen De La Frontera,5,2024,0.5125405896429467,0.5164860046233213,0.0039454149803745,0.0039454149803745,1.556629936736427e-05
Persistencia_WF,200307,Piura,Sondor,1,2020,0.3248289301941775,0.3081462182998633,-0.0166827118943142,0.0166827118943142,0.0002783128761486
Persistencia_WF,200307,Piura,Sondor,2,2021,0.3176877226761883,0.3248289301941775,0.0071412075179892,0.0071412075179892,5.099684481498612e-05
Persistencia_WF,200307,Piura,Sondor,3,2022,0.3361557364499998,0.3176877226761883,-0.0184680137738115,0.0184680137738115,0.0003410675327496
Persistencia_WF,200307,Piura,Sondor,4,2023,0.3486087360425981,0.3361557364499998,-0.0124529995925983,0.0124529995925983,0.0001550771988532
Persistencia_WF,200307,Piura,Sondor,5,2024,0.345549330641541,0.3486087360425981,0.0030594054010571,0.0030594054010571,9.359961408017644e-06
Persistencia_WF,211205,Puno,Phara,1,2020,0.4768846631702123,0.4755820231665191,-0.0013026400036931,0.0013026400036931,1.696870979221764e-06
Persistencia_WF,211205,Puno,Phara,2,2021,0.4763628043089484,0.4768846631702123,0.0005218588612638,0.0005218588612638,2.723366710796333e-07
Persistencia_WF,211205,Puno,Phara,3,2022,0.4793253569213538,0.4763628043089484,-0.0029625526124054,0.0029625526124054,8.776717981270127e-06
Persistencia_WF,211205,Puno,Phara,4,2023,0.4803229102061543,0.4793253569213538,-0.0009975532848005,0.0009975532848005,9.951125560162692e-07
Persistencia_WF,211205,Puno,Phara,5,2024,0.469414052856274,0.4803229102061543,0.0109088573498802,0.0109088573498802,0.00011900316868
Persistencia_WF,220101,San Martin,Moyobamba,1,2020,0.7150650226108247,0.7172545393143406,0.0021895167035158,0.0021895167035158,4.793983394974954e-06
Persistencia_WF,220101,San Martin,Moyobamba,2,2021,0.709031731667291,0.7150650226108247,0.0060332909435336,0.0060332909435336,3.640059960932534e-05
Persistencia_WF,220101,San Martin,Moyobamba,3,2022,0.7060309164111845,0.709031731667291,0.0030008152561065,0.0030008152561065,9.004892201281609e-06
Persistencia_WF,220101,San Martin,Moyobamba,4,2023,0.6941648505891479,0.7060309164111845,0.0118660658220366,0.0118660658220366,0.0001408035180929
Persistencia_WF,220101,San Martin,Moyobamba,5,2024,0.6824468632427669,0.6941648505891479,0.0117179873463809,0.0117179873463809,0.0001373112274499
Persistencia_WF,220102,San Martin,Calzada,1,2020,0.1931102226246844,0.1955659240727808,0.0024557014480963,0.0024557014480963,6.030469602182745e-06
Persistencia_WF,220102,San Martin,Calzada,2,2021,0.1876232647015939,0.1931102226246844,0.0054869579230905,0.0054869579230905,3.0106707249765696e-05
Persistencia_WF,220102,San Martin,Calzada,3,2022,0.1836480979824877,0.1876232647015939,0.0039751667191061,0.0039751667191061,1.5801950444689497e-05
Persistencia_WF,220102,San Martin,Calzada,4,2023,0.1644015378830318,0.1836480979824877,0.0192465600994559,0.0192465600994559,0.0003704300756619
Persistencia_WF,220102,San Martin,Calzada,5,2024,0.148669700481164,0.1644015378830318,0.0157318374018677,0.0157318374018677,0.0002474907080388
Persistencia_WF,220106,San Martin,Yantalo,1,2020,0.3353433407856914,0.3434302139891408,0.0080868732034494,0.0080868732034494,6.539751820866826e-05
Persistencia_WF,220106,San Martin,Yantalo,2,2021,0.321877994251038,0.3353433407856914,0.0134653465346533,0.0134653465346533,0.0001813155572983
Persistencia_WF,220106,San Martin,Yantalo,3,2022,0.325685084637496,0.321877994251038,-0.0038070903864579,0.0038070903864579,1.4493937210660846e-05
Persistencia_WF,220106,San Martin,Yantalo,4,2023,0.3097157457681252,0.325685084637496,0.0159693388693707,0.0159693388693707,0.0002550197839247
Persistencia_WF,220106,San Martin,Yantalo,5,2024,0.2957266049185563,0.3097157457681252,0.0139891408495689,0.0139891408495689,0.000195696061709
Persistencia_WF,220201,San Martin,Bellavista,1,2020,0.1799941833609908,0.1916171967221528,0.011623013361162,0.011623013361162,0.0001350944395937
Persistencia_WF,220201,San Martin,Bellavista,2,2021,0.1755324790857612,0.1799941833609908,0.0044617042752296,0.0044617042752296,1.9906805039602088e-05
Persistencia_WF,220201,San Martin,Bellavista,3,2022,0.1865088190512035,0.1755324790857612,-0.0109763399654423,0.0109763399654423,0.0001204800390369
Persistencia_WF,220201,San Martin,Bellavista,4,2023,0.1812327853146972,0.1865088190512035,0.0052760337365063,0.0052760337365063,2.783653198875277e-05
Persistencia_WF,220201,San Martin,Bellavista,5,2024,0.1615451730450105,0.1812327853146972,0.0196876122696866,0.0196876122696866,0.0003876020768815
Persistencia_WF,220203,San Martin,Bajo Biavo,1,2020,0.523597772021913,0.545647546639498,0.0220497746175849,0.0220497746175849,0.0004861925606862
Persistencia_WF,220203,San Martin,Bajo Biavo,2,2021,0.5058841290153282,0.523597772021913,0.0177136430065848,0.0177136430065848,0.0003137731485647
Persistencia_WF,220203,San Martin,Bajo Biavo,3,2022,0.4932772571240682,0.5058841290153282,0.0126068718912599,0.0126068718912599,0.0001589332188826
Persistencia_WF,220203,San Martin,Bajo Biavo,4,2023,0.4901409519413397,0.4932772571240682,0.0031363051827285,0.0031363051827285,9.83641019920968e-06
Persistencia_WF,220203,San Martin,Bajo Biavo,5,2024,0.4676027104379366,0.4901409519413397,0.0225382415034031,0.0225382415034031,0.0005079723300657
Persistencia_WF,220204,San Martin,Huallaga,1,2020,0.4978598393754952,0.5146731626971907,0.0168133233216954,0.0168133233216954,0.0002826878411198
Persistencia_WF,220204,San Martin,Huallaga,2,2021,0.4757627241805278,0.4978598393754952,0.0220971151949674,0.0220971151949674,0.0004882824999396
Persistencia_WF,220204,San Martin,Huallaga,3,2022,0.4629425218946909,0.4757627241805278,0.0128202022858369,0.0128202022858369,0.0001643575866497
Persistencia_WF,220204,San Martin,Huallaga,4,2023,0.466904500738762,0.4629425218946909,-0.0039619788440711,0.0039619788440711,1.5697276360867156e-05
Persistencia_WF,220204,San Martin,Huallaga,5,2024,0.4480115710543708,0.466904500738762,0.0188929296843912,0.0188929296843912,0.0003569427920593
Persistencia_WF,220205,San Martin,San Pablo,1,2020,0.2642164528448212,0.263667973662795,-0.0005484791820262,0.0005484791820262,3.008294131161492e-07
Persistencia_WF,220205,San Martin,San Pablo,2,2021,0.2545938320327148,0.2642164528448212,0.0096226208121064,0.0096226208121064,9.25948312935834e-05
Persistencia_WF,220205,San Martin,San Pablo,3,2022,0.2590684017316635,0.2545938320327148,-0.0044745696989487,0.0044745696989487,2.0021773990750005e-05
Persistencia_WF,220205,San Martin,San Pablo,4,2023,0.2558285479587646,0.2590684017316635,0.0032398537728989,0.0032398537728989,1.0496652469767408e-05
Persistencia_WF,220205,San Martin,San Pablo,5,2024,0.2409813440546132,0.2558285479587646,0.0148472039041513,0.0148472039041513,0.0002204394637714
Persistencia_WF,220301,San Martin,San Jose De Sisa,1,2020,0.3535785136578666,0.3506790782847551,-0.0028994353731114,0.0028994353731114,8.406725482850177e-06
Persistencia_WF,220301,San Martin,San Jose De Sisa,2,2021,0.3351280847890495,0.3535785136578666,0.018450428868817,0.018450428868817,0.0003404183254432
Persistencia_WF,220301,San Martin,San Jose De Sisa,3,2022,0.3242386462775223,0.3351280847890495,0.0108894385115271,0.0108894385115271,0.0001185798710963
Persistencia_WF,220301,San Martin,San Jose De Sisa,4,2023,0.3118375855506192,0.3242386462775223,0.0124010607269031,0.0124010607269031,0.0001537863071523
Persistencia_WF,220301,San Martin,San Jose De Sisa,5,2024,0.2961426280344016,0.3118375855506192,0.0156949575162175,0.0156949575162175,0.0002463316914358
Persistencia_WF,220302,San Martin,Agua Blanca,1,2020,0.3455616758665216,0.3472891934179836,0.0017275175514619,0.0017275175514619,2.98431689060926e-06
Persistencia_WF,220302,San Martin,Agua Blanca,2,2021,0.3318985825049586,0.3455616758665216,0.013663093361563,0.013663093361563,0.0001866801202067
Persistencia_WF,220302,San Martin,Agua Blanca,3,2022,0.3296941072456855,0.3318985825049586,0.002204475259273,0.002204475259273,4.859711168747142e-06
Persistencia_WF,220302,San Martin,Agua Blanca,4,2023,0.3165952199531185,0.3296941072456855,0.0130988872925669,0.0130988872925669,0.0001715808483033
Persistencia_WF,220302,San Martin,Agua Blanca,5,2024,0.2872274215782647,0.3165952199531185,0.0293677983748538,0.0293677983748538,0.000862467581386
Persistencia_WF,220303,San Martin,San Martin,1,2020,0.7448397920556521,0.7464406768090168,0.0016008847533647,0.0016008847533647,2.562831993555648e-06
Persistencia_WF,220303,San Martin,San Martin,2,2021,0.7251274051672054,0.7448397920556521,0.0197123868884466,0.0197123868884466,0.0003885781968398
Persistencia_WF,220303,San Martin,San Martin,3,2022,0.7045582547966808,0.7251274051672054,0.0205691503705246,0.0205691503705246,0.0004230899469652
Persistencia_WF,220303,San Martin,San Martin,4,2023,0.6793997876864997,0.7045582547966808,0.0251584671101811,0.0251584671101811,0.000632948467334
Persistencia_WF,220303,San Martin,San Martin,5,2024,0.6580984629458327,0.6793997876864997,0.0213013247406669,0.0213013247406669,0.0004537464357073
Persistencia_WF,220304,San Martin,Santa Rosa,1,2020,0.3669703848086291,0.3704553634105754,0.0034849786019462,0.0034849786019462,1.2145075856023572e-05
Persistencia_WF,220304,San Martin,Santa Rosa,2,2021,0.3501940256491574,0.3669703848086291,0.0167763591594716,0.0167763591594716,0.0002814462266475
Persistencia_WF,220304,San Martin,Santa Rosa,3,2022,0.3417167617493309,0.3501940256491574,0.0084772638998265,0.0084772638998265,7.186400322730166e-05
Persistencia_WF,220304,San Martin,Santa Rosa,4,2023,0.3291344923797272,0.3417167617493309,0.0125822693696037,0.0125822693696037,0.0001583135024892
Persistencia_WF,220304,San Martin,Santa Rosa,5,2024,0.302986462746719,0.3291344923797272,0.0261480296330082,0.0261480296330082,0.0006837194536886
Persistencia_WF,220305,San Martin,Shatoja,1,2020,0.3582181479624722,0.3645778127909475,0.0063596648284752,0.0063596648284752,4.0445336730545455e-05
Persistencia_WF,220305,San Martin,Shatoja,2,2021,0.3286972713600229,0.3582181479624722,0.0295208766024492,0.0295208766024492,0.000871482155377
Persistencia_WF,220305,San Martin,Shatoja,3,2022,0.3187996848814725,0.3286972713600229,0.0098975864785504,0.0098975864785504,9.79622181003844e-05
Persistencia_WF,220305,San Martin,Shatoja,4,2023,0.3109073981236124,0.3187996848814725,0.00789228675786,0.00789228675786,6.228819026829355e-05
Persistencia_WF,220305,San Martin,Shatoja,5,2024,0.3010384587839289,0.3109073981236124,0.0098689393396835,0.0098689393396835,9.739596369035307e-05
Persistencia_WF,220401,San Martin,Saposoa,1,2020,0.6072256464322885,0.6165892840247084,0.0093636375924198,0.0093636375924198,8.76777089621786e-05
Persistencia_WF,220401,San Martin,Saposoa,2,2021,0.6000618385304732,0.6072256464322885,0.0071638079018152,0.0071638079018152,5.13201436541107e-05
Persistencia_WF,220401,San Martin,Saposoa,3,2022,0.5926665585337172,0.6000618385304732,0.007395279996756,0.007395279996756,5.469016623042007e-05
Persistencia_WF,220401,San Martin,Saposoa,4,2023,0.5851259748861225,0.5926665585337172,0.0075405836475946,0.0075405836475946,5.686040174637244e-05
Persistencia_WF,220401,San Martin,Saposoa,5,2024,0.5671674573888597,0.5851259748861225,0.0179585174972628,0.0179585174972628,0.0003225083506994
Persistencia_WF,220403,San Martin,El Eslabon,1,2020,0.4029776356917556,0.4084387704970558,0.0054611348053001,0.0054611348053001,2.9823993361661183e-05
Persistencia_WF,220403,San Martin,El Eslabon,2,2021,0.3985061980675984,0.4029776356917556,0.0044714376241571,0.0044714376241571,1.9993754426728523e-05
Persistencia_WF,220403,San Martin,El Eslabon,3,2022,0.3935078712966457,0.3985061980675984,0.0049983267709526,0.0049983267709526,2.4983270509222323e-05
Persistencia_WF,220403,San Martin,El Eslabon,4,2023,0.3767471003296617,0.3935078712966457,0.016760770966984,0.016760770966984,0.0002809234434076
Persistencia_WF,220403,San Martin,El Eslabon,5,2024,0.3564333876836102,0.3767471003296617,0.0203137126460514,0.0203137126460514,0.0004126469214663
Persistencia_WF,220404,San Martin,Piscoyacu,1,2020,0.3987249571611285,0.4068137262164017,0.0080887690552732,0.0080887690552732,6.542818482954572e-05
Persistencia_WF,220404,San Martin,Piscoyacu,2,2021,0.387722651022454,0.3987249571611285,0.0110023061386744,0.0110023061386744,0.0001210507403691
Persistencia_WF,220404,San Martin,Piscoyacu,3,2022,0.36994513661526,0.387722651022454,0.0177775144071939,0.0177775144071939,0.0003160400184979
Persistencia_WF,220404,San Martin,Piscoyacu,4,2023,0.3545774630499301,0.36994513661526,0.0153676735653299,0.0153676735653299,0.0002361653908105
Persistencia_WF,220404,San Martin,Piscoyacu,5,2024,0.3424492476654667,0.3545774630499301,0.0121282153844634,0.0121282153844634,0.0001470936084119
Persistencia_WF,220405,San Martin,Sacanche,1,2020,0.3772073268435089,0.3822777308295927,0.0050704039860838,0.0050704039860838,2.570899658209476e-05
Persistencia_WF,220405,San Martin,Sacanche,2,2021,0.3649483630936049,0.3772073268435089,0.0122589637499039,0.0122589637499039,0.0001502821922214
Persistencia_WF,220405,San Martin,Sacanche,3,2022,0.3496493519321312,0.3649483630936049,0.0152990111614736,0.0152990111614736,0.0002340597425188
Persistencia_WF,220405,San Martin,Sacanche,4,2023,0.3251808114841358,0.3496493519321312,0.0244685404479954,0.0244685404479954,0.0005987094716551
Persistencia_WF,220405,San Martin,Sacanche,5,2024,0.3092617184499051,0.3251808114841358,0.0159190930342307,0.0159190930342307,0.0002534175230324
Persistencia_WF,220501,San Martin,Lamas,1,2020,0.4863276556889722,0.4682168626724061,-0.018110793016566,0.018110793016566,0.0003280008236888
Persistencia_WF,220501,San Martin,Lamas,2,2021,0.4735718355886008,0.4863276556889722,0.0127558201003714,0.0127558201003714,0.000162710946433
Persistencia_WF,220501,San Martin,Lamas,3,2022,0.458914313567991,0.4735718355886008,0.0146575220206097,0.0146575220206097,0.0002148429517846
Persistencia_WF,220501,San Martin,Lamas,4,2023,0.4386409353352694,0.458914313567991,0.0202733782327216,0.0202733782327216,0.0004110098649669
Persistencia_WF,220501,San Martin,Lamas,5,2024,0.4195072051847122,0.4386409353352694,0.0191337301505571,0.0191337301505571,0.0003660996294743
Persistencia_WF,220502,San Martin,Alonso De Alvarado,1,2020,0.5448829290974816,0.539573114940977,-0.0053098141565045,0.0053098141565045,2.8194126376616184e-05
Persistencia_WF,220502,San Martin,Alonso De Alvarado,2,2021,0.527762528311509,0.5448829290974816,0.0171204007859725,0.0171204007859725,0.0002931081230723
Persistencia_WF,220502,San Martin,Alonso De Alvarado,3,2022,0.5124570640027599,0.527762528311509,0.0153054643087491,0.0153054643087491,0.0002342572377063
Persistencia_WF,220502,San Martin,Alonso De Alvarado,4,2023,0.4873989410370637,0.5124570640027599,0.0250581229656962,0.0250581229656962,0.0006279095265639
Persistencia_WF,220502,San Martin,Alonso De Alvarado,5,2024,0.4704975325863594,0.4873989410370637,0.0169014084507043,0.0169014084507043,0.0002856576076175
Persistencia_WF,220503,San Martin,Barranquita,1,2020,0.6822344607104468,0.6856339888945945,0.0033995281841476,0.0033995281841476,1.1556791874814437e-05
Persistencia_WF,220503,San Martin,Barranquita,2,2021,0.6784903573580665,0.6822344607104468,0.0037441033523802,0.0037441033523802,1.4018309913305327e-05
Persistencia_WF,220503,San Martin,Barranquita,3,2022,0.6663369390463336,0.6784903573580665,0.0121534183117328,0.0121534183117328,0.0001477055766599
Persistencia_WF,220503,San Martin,Barranquita,4,2023,0.6581066350890139,0.6663369390463336,0.0082303039573197,0.0082303039573197,6.773790322987261e-05
Persistencia_WF,220503,San Martin,Barranquita,5,2024,0.6310163034480208,0.6581066350890139,0.027090331640993,0.027090331640993,0.0007338860684189
Persistencia_WF,220504,San Martin,Caynarachi,1,2020,0.7807769331585845,0.7826041065967672,0.0018271734381826,0.0018271734381826,3.338562773200084e-06
Persistencia_WF,220504,San Martin,Caynarachi,2,2021,0.780681869812145,0.7807769331585845,9.506334643949454e-05,9.506334643949454e-05,9.03703983627536e-09
Persistencia_WF,220504,San Martin,Caynarachi,3,2022,0.7709861074705111,0.780681869812145,0.0096957623416339,0.0096957623416339,9.400780738544688e-05
Persistencia_WF,220504,San Martin,Caynarachi,4,2023,0.7615587592835299,0.7709861074705111,0.0094273481869812,0.0094273481869812,8.887489383857792e-05
Persistencia_WF,220504,San Martin,Caynarachi,5,2024,0.747415989515072,0.7615587592835299,0.0141427697684578,0.0141427697684578,0.0002000179367236
Persistencia_WF,220505,San Martin,Cuñumbuqui,1,2020,0.3374020626603831,0.3348408121847223,-0.0025612504756608,0.0025612504756608,6.560003999072692e-06
Persistencia_WF,220505,San Martin,Cuñumbuqui,2,2021,0.3226346242035731,0.3374020626603831,0.01476743845681,0.01476743845681,0.0002180772385756
Persistencia_WF,220505,San Martin,Cuñumbuqui,3,2022,0.3152045585379894,0.3226346242035731,0.0074300656655836,0.0074300656655836,5.520587579488553e-05
Persistencia_WF,220505,San Martin,Cuñumbuqui,4,2023,0.309242943145118,0.3152045585379894,0.0059616153928713,0.0059616153928713,3.554085809252095e-05
Persistencia_WF,220505,San Martin,Cuñumbuqui,5,2024,0.2994077413185805,0.309242943145118,0.0098352018265375,0.0098352018265375,9.6731194968727e-05
Persistencia_WF,220506,San Martin,Pinto Recodo,1,2020,0.7941040065818105,0.7946313137890835,0.000527307207273,0.000527307207273,2.7805289084206e-07
Persistencia_WF,220506,San Martin,Pinto Recodo,2,2021,0.7839612842154081,0.7941040065818105,0.0101427223664023,0.0101427223664023,0.0001028748170019
Persistencia_WF,220506,San Martin,Pinto Recodo,3,2022,0.7766441025771346,0.7839612842154081,0.0073171816382735,0.0073171816382735,5.354114712748761e-05
Persistencia_WF,220506,San Martin,Pinto Recodo,4,2023,0.7632867121760316,0.7766441025771346,0.0133573904011029,0.0133573904011029,0.0001784198783274
Persistencia_WF,220506,San Martin,Pinto Recodo,5,2024,0.7511332340132209,0.7632867121760316,0.0121534781628107,0.0121534781628107,0.0001477070314539
Persistencia_WF,220507,San Martin,Rumisapa,1,2020,0.2832593938746058,0.29130365064942,0.0080442567748141,0.0080442567748141,6.47100670591439e-05
Persistencia_WF,220507,San Martin,Rumisapa,2,2021,0.2590731733390347,0.2832593938746058,0.0241862205355711,0.0241862205355711,0.0005849732637952
Persistencia_WF,220507,San Martin,Rumisapa,3,2022,0.2297557325351435,0.2590731733390347,0.0293174408038911,0.0293174408038911,0.0008595123352896
Persistencia_WF,220507,San Martin,Rumisapa,4,2023,0.2048479341493398,0.2297557325351435,0.0249077983858037,0.0249077983858037,0.0006203984204278
Persistencia_WF,220507,San Martin,Rumisapa,5,2024,0.1848842802929071,0.2048479341493398,0.0199636538564327,0.0199636538564327,0.0003985474752994
Persistencia_WF,220510,San Martin,Tabalosos,1,2020,0.6001993283713989,0.5923906639696785,-0.0078086644017203,0.0078086644017203,6.097523973869455e-05
Persistencia_WF,220510,San Martin,Tabalosos,2,2021,0.5865875571964415,0.6001993283713989,0.0136117711749573,0.0136117711749573,0.0001852803145194
Persistencia_WF,220510,San Martin,Tabalosos,3,2022,0.5743529192278235,0.5865875571964415,0.012234637968618,0.012234637968618,0.0001496863662231
Persistencia_WF,220510,San Martin,Tabalosos,4,2023,0.5560009622748964,0.5743529192278235,0.0183519569529271,0.0183519569529271,0.000336794324002
Persistencia_WF,220510,San Martin,Tabalosos,5,2024,0.5390015906993185,0.5560009622748964,0.0169993715755778,0.0169993715755778,0.0002889786339645
Persistencia_WF,220511,San Martin,Zapatero,1,2020,0.1938869565660217,0.1908721933929835,-0.0030147631730381,0.0030147631730381,9.088796989507347e-06
Persistencia_WF,220511,San Martin,Zapatero,2,2021,0.1849852571969832,0.1938869565660217,0.0089016993690385,0.0089016993690385,7.924025165674055e-05
Persistencia_WF,220511,San Martin,Zapatero,3,2022,0.1884481608416892,0.1849852571969832,-0.003462903644706,0.003462903644706,1.19917016525181e-05
Persistencia_WF,220511,San Martin,Zapatero,4,2023,0.1871903120178034,0.1884481608416892,0.0012578488238857,0.0012578488238857,1.5821836637508873e-06
Persistencia_WF,220511,San Martin,Zapatero,5,2024,0.178502497873879,0.1871903120178034,0.0086878141439243,0.0086878141439243,7.547811459937265e-05
Persistencia_WF,220601,San Martin,Juanjui,1,2020,0.4664424808923571,0.472096004882679,0.0056535239903218,0.0056535239903218,3.196233350914496e-05
Persistencia_WF,220601,San Martin,Juanjui,2,2021,0.4457228009614756,0.4664424808923571,0.0207196799308815,0.0207196799308815,0.0004293051364381
Persistencia_WF,220601,San Martin,Juanjui,3,2022,0.4332446234055497,0.4457228009614756,0.0124781775559258,0.0124781775559258,0.0001557049151172
Persistencia_WF,220601,San Martin,Juanjui,4,2023,0.4354957286467013,0.4332446234055497,-0.0022511052411515,0.0022511052411515,5.067474806740087e-06
Persistencia_WF,220601,San Martin,Juanjui,5,2024,0.4154359237556996,0.4354957286467013,0.0200598048910016,0.0200598048910016,0.000402395772265
Persistencia_WF,220605,San Martin,Pajarillo,1,2020,0.3333567603552317,0.3375911945633691,0.0042344342081374,0.0042344342081374,1.7930433063044256e-05
Persistencia_WF,220605,San Martin,Pajarillo,2,2021,0.3152320544131629,0.3333567603552317,0.0181247059420688,0.0181247059420688,0.0003285049654864
Persistencia_WF,220605,San Martin,Pajarillo,3,2022,0.3056933519968607,0.3152320544131629,0.0095387024163021,0.0095387024163021,9.098684378676884e-05
Persistencia_WF,220605,San Martin,Pajarillo,4,2023,0.3104666077086616,0.3056933519968607,-0.0047732557118008,0.0047732557118008,2.2783970090239653e-05
Persistencia_WF,220605,San Martin,Pajarillo,5,2024,0.2918167460257033,0.3104666077086616,0.0186498616829582,0.0186498616829582,0.0003478173407934
Persistencia_WF,220701,San Martin,Picota,1,2020,0.3992403202091161,0.399281163208626,4.0842999509904665e-05,4.0842999509904665e-05,1.6681506089660727e-09
Persistencia_WF,220701,San Martin,Picota,2,2021,0.3986644339160268,0.3992403202091161,0.0005758862930893,0.0005758862930893,3.3164502256813573e-07
Persistencia_WF,220701,San Martin,Picota,3,2022,0.3950457441594511,0.3986644339160268,0.0036186897565756,0.0036186897565756,1.3094915554345893e-05
Persistencia_WF,220701,San Martin,Picota,4,2023,0.3865504002613952,0.3950457441594511,0.0084953438980558,0.0084953438980558,7.217086794623555e-05
Persistencia_WF,220701,San Martin,Picota,5,2024,0.3634250939388989,0.3865504002613952,0.0231253063224963,0.0231253063224963,0.0005347797925092
Persistencia_WF,220702,San Martin,Buenos Aires,1,2020,0.3520505109872239,0.3444013945871303,-0.0076491164000935,0.0076491164000935,5.850898170218058e-05
Persistencia_WF,220702,San Martin,Buenos Aires,2,2021,0.3357251681892621,0.3520505109872239,0.0163253427979617,0.0163253427979617,0.0002665168174709
Persistencia_WF,220702,San Martin,Buenos Aires,3,2022,0.3342472710257976,0.3357251681892621,0.0014778971634645,0.0014778971634645,2.1841800257764904e-06
Persistencia_WF,220702,San Martin,Buenos Aires,4,2023,0.333747981443546,0.3342472710257976,0.0004992895822515,0.0004992895822515,2.4929008694497137e-07
Persistencia_WF,220702,San Martin,Buenos Aires,5,2024,0.3216851451363488,0.333747981443546,0.0120628363071971,0.0120628363071971,0.0001455120197742
Persistencia_WF,220704,San Martin,Pilluana,1,2020,0.5112911813211786,0.4983313205293025,-0.012959860791876,0.012959860791876,0.0001679579917448
Persistencia_WF,220704,San Martin,Pilluana,2,2021,0.5091485189658083,0.5112911813211786,0.0021426623553703,0.0021426623553703,4.591001969121028e-06
Persistencia_WF,220704,San Martin,Pilluana,3,2022,0.5087719298245614,0.5091485189658083,0.0003765891412468,0.0003765891412468,1.418193813050251e-07
Persistencia_WF,220704,San Martin,Pilluana,4,2023,0.501447920318932,0.5087719298245614,0.0073240095056293,0.0073240095056293,5.364111523854969e-05
Persistencia_WF,220704,San Martin,Pilluana,5,2024,0.4919942342903892,0.501447920318932,0.0094536860285428,0.0094536860285428,8.937217952626631e-05
Persistencia_WF,220705,San Martin,Pucacaca,1,2020,0.4758609225169735,0.4750341219290264,-0.000826800587947,0.000826800587947,6.835992122296642e-07
Persistencia_WF,220705,San Martin,Pucacaca,2,2021,0.4807342339189473,0.4758609225169735,-0.0048733114019738,0.0048733114019738,2.374916402060818e-05
Persistencia_WF,220705,San Martin,Pucacaca,3,2022,0.4854938055574998,0.4807342339189473,-0.0047595716385525,0.0047595716385525,2.2653522182513397e-05
Persistencia_WF,220705,San Martin,Pucacaca,4,2023,0.4750866172044516,0.4854938055574998,0.0104071883530482,0.0104071883530482,0.0001083095694158
Persistencia_WF,220705,San Martin,Pucacaca,5,2024,0.445457408833205,0.4750866172044516,0.0296292083712466,0.0296292083712466,0.0008778899887067
Persistencia_WF,220706,San Martin,San Cristobal,1,2020,0.3861228344597586,0.3884543871558008,0.0023315526960421,0.0023315526960421,5.436137974421571e-06
Persistencia_WF,220706,San Martin,San Cristobal,2,2021,0.3917893929108992,0.3861228344597586,-0.0056665584511406,0.0056665584511406,3.21098846801931e-05
Persistencia_WF,220706,San Martin,San Cristobal,3,2022,0.4098220346486438,0.3917893929108992,-0.0180326417377446,0.0180326417377446,0.0003251761680418
Persistencia_WF,220706,San Martin,San Cristobal,4,2023,0.4261429035209397,0.4098220346486438,-0.0163208688722958,0.0163208688722958,0.0002663707607466
Persistencia_WF,220706,San Martin,San Cristobal,5,2024,0.4205353717203317,0.4261429035209397,0.005607531800608,0.005607531800608,3.144441289483026e-05
Persistencia_WF,220707,San Martin,San Hilarion,1,2020,0.3140235575281666,0.320390918402185,0.0063673608740184,0.0063673608740184,4.054328449998039e-05
Persistencia_WF,220707,San Martin,San Hilarion,2,2021,0.3142966882895186,0.3140235575281666,-0.000273130761352,0.000273130761352,7.4600412796749e-08
Persistencia_WF,220707,San Martin,San Hilarion,3,2022,0.3208176852167975,0.3142966882895186,-0.0065209969272788,0.0065209969272788,4.252340092558041e-05
Persistencia_WF,220707,San Martin,San Hilarion,4,2023,0.3174632980539433,0.3208176852167975,0.0033543871628541,0.0033543871628541,1.1251913238320974e-05
Persistencia_WF,220707,San Martin,San Hilarion,5,2024,0.3020740867190167,0.3174632980539433,0.0153892113349266,0.0153892113349266,0.000236827825511
Persistencia_WF,220708,San Martin,Shamboyacu,1,2020,0.5518028865177508,0.5782238170500359,0.0264209305322851,0.0264209305322851,0.0006980655701918
Persistencia_WF,220708,San Martin,Shamboyacu,2,2021,0.5357739625516944,0.5518028865177508,0.0160289239660563,0.0160289239660563,0.0002569264035096
Persistencia_WF,220708,San Martin,Shamboyacu,3,2022,0.5237471821065746,0.5357739625516944,0.0120267804451198,0.0120267804451198,0.0001446434478751
Persistencia_WF,220708,San Martin,Shamboyacu,4,2023,0.5107277796243411,0.5237471821065746,0.0130194024822334,0.0130194024822334,0.0001695048409943
Persistencia_WF,220708,San Martin,Shamboyacu,5,2024,0.4962160524393856,0.5107277796243411,0.0145117271849555,0.0145117271849555,0.0002105902258905
Persistencia_WF,220710,San Martin,Tres Unidos,1,2020,0.6648895512803618,0.6754036847389318,0.0105141334585699,0.0105141334585699,0.0001105470023846
Persistencia_WF,220710,San Martin,Tres Unidos,2,2021,0.6512029673434082,0.6648895512803618,0.0136865839369535,0.0136865839369535,0.0001873225798632
Persistencia_WF,220710,San Martin,Tres Unidos,3,2022,0.6378470466738391,0.6512029673434082,0.0133559206695691,0.0133559206695691,0.0001783806169318
Persistencia_WF,220710,San Martin,Tres Unidos,4,2023,0.6259431690480013,0.6378470466738391,0.0119038776258377,0.0119038776258377,0.0001417023025309
Persistencia_WF,220710,San Martin,Tres Unidos,5,2024,0.6019796666051664,0.6259431690480013,0.0239635024428348,0.0239635024428348,0.0005742494493277
Persistencia_WF,220802,San Martin,Awajun,1,2020,0.5355809190581077,0.5349204843656138,-0.0006604346924938,0.0006604346924938,4.3617398304949e-07
Persistencia_WF,220802,San Martin,Awajun,2,2021,0.5382086060261153,0.5355809190581077,-0.0026276869680076,0.0026276869680076,6.904738801837166e-06
Persistencia_WF,220802,San Martin,Awajun,3,2022,0.5366646642848862,0.5382086060261153,0.001543941741229,0.001543941741229,2.383756100309456e-06
Persistencia_WF,220802,San Martin,Awajun,4,2023,0.5258711238982509,0.5366646642848862,0.0107935403866353,0.0107935403866353,0.0001165005140779
Persistencia_WF,220802,San Martin,Awajun,5,2024,0.5191631449337984,0.5258711238982509,0.0067079789644524,0.0067079789644524,4.499698178753603e-05
Persistencia_WF,220803,San Martin,Elias Soplin Vargas,1,2020,0.6579222347659429,0.6600383312767466,0.0021160965108036,0.0021160965108036,4.477864443035546e-06
Persistencia_WF,220803,San Martin,Elias Soplin Vargas,2,2021,0.6578644753078317,0.6579222347659429,5.775945811126171e-05,5.775945811126171e-05,3.3361550013065957e-09
Persistencia_WF,220803,San Martin,Elias Soplin Vargas,3,2022,0.6580377536821654,0.6578644753078317,-0.0001732783743337,0.0001732783743337,3.002539501175936e-08
Persistencia_WF,220803,San Martin,Elias Soplin Vargas,4,2023,0.6494578487227284,0.6580377536821654,0.008579904959437,0.008579904959437,7.36147691129726e-05
Persistencia_WF,220803,San Martin,Elias Soplin Vargas,5,2024,0.6291842789256741,0.6494578487227284,0.0202735697970543,0.0202735697970543,0.000411017632316
Persistencia_WF,220804,San Martin,Nueva Cajamarca,1,2020,0.5888559349108645,0.589391067282912,0.0005351323720474,0.0005351323720474,2.863666556131814e-07
Persistencia_WF,220804,San Martin,Nueva Cajamarca,2,2021,0.5891461310728205,0.5888559349108645,-0.000290196161956,0.000290196161956,8.42138124140072e-08
Persistencia_WF,220804,San Martin,Nueva Cajamarca,3,2022,0.5879800217247769,0.5891461310728205,0.0011661093480436,0.0011661093480436,1.359811011594717e-06
Persistencia_WF,220804,San Martin,Nueva Cajamarca,4,2023,0.5816675896147047,0.5879800217247769,0.0063124321100722,0.0063124321100722,3.984679914427137e-05
Persistencia_WF,220804,San Martin,Nueva Cajamarca,5,2024,0.5762816553428042,0.5816675896147047,0.0053859342719004,0.0053859342719004,2.9008287981232188e-05
Persistencia_WF,220806,San Martin,Posic,1,2020,0.3292907765430219,0.3443277346458957,0.0150369581028738,0.0150369581028738,0.0002261101089875
Persistencia_WF,220806,San Martin,Posic,2,2021,0.3222881886300976,0.3292907765430219,0.0070025879129242,0.0070025879129242,4.903623747823345e-05
Persistencia_WF,220806,San Martin,Posic,3,2022,0.3258233115136753,0.3222881886300976,-0.0035351228835776,0.0035351228835776,1.249709380199441e-05
Persistencia_WF,220806,San Martin,Posic,4,2023,0.3040713113783596,0.3258233115136753,0.0217520001353156,0.0217520001353156,0.0004731495098867
Persistencia_WF,220806,San Martin,Posic,5,2024,0.2794607669017777,0.3040713113783596,0.0246105444765818,0.0246105444765818,0.0006056788994338
Persistencia_WF,220807,San Martin,San Fernando,1,2020,0.1658237133701401,0.1685134422094385,0.0026897288392984,0.0026897288392984,7.234641228953576e-06
Persistencia_WF,220807,San Martin,San Fernando,2,2021,0.159105826029883,0.1658237133701401,0.0067178873402571,0.0067178873402571,4.513001031638669e-05
Persistencia_WF,220807,San Martin,San Fernando,3,2022,0.1475103921341518,0.159105826029883,0.0115954338957312,0.0115954338957312,0.0001344540872302
Persistencia_WF,220807,San Martin,San Fernando,4,2023,0.132401580376562,0.1475103921341518,0.0151088117575897,0.0151088117575897,0.0002282761927262
Persistencia_WF,220807,San Martin,San Fernando,5,2024,0.1213080576039535,0.132401580376562,0.0110935227726085,0.0110935227726085,0.0001230662475063
Persistencia_WF,220808,San Martin,Yorongos,1,2020,0.4266312916589646,0.422097056552894,-0.0045342351060705,0.0045342351060705,2.055928799712301e-05
Persistencia_WF,220808,San Martin,Yorongos,2,2021,0.4260115041264801,0.4266312916589646,0.0006197875324844,0.0006197875324844,3.841365854232049e-07
Persistencia_WF,220808,San Martin,Yorongos,3,2022,0.4283384257396675,0.4260115041264801,-0.0023269216131874,0.0023269216131874,5.414564193918778e-06
Persistencia_WF,220808,San Martin,Yorongos,4,2023,0.4121695825676601,0.4283384257396675,0.0161688431720073,0.0161688431720073,0.0002614314895209
Persistencia_WF,220808,San Martin,Yorongos,5,2024,0.4044929159372383,0.4121695825676601,0.0076766666304218,0.0076766666304218,5.8931210554631966e-05
Persistencia_WF,220809,San Martin,Yuracyacu,1,2020,0.1502808988764045,0.1530468929144691,0.0027659940380646,0.0027659940380646,7.650723018608916e-06
Persistencia_WF,220809,San Martin,Yuracyacu,2,2021,0.1431294427883513,0.1502808988764045,0.0071514560880532,0.0071514560880532,5.114332417935324e-05
Persistencia_WF,220809,San Martin,Yuracyacu,3,2022,0.1386723228617289,0.1431294427883513,0.0044571199266223,0.0044571199266223,1.9865918040294463e-05
Persistencia_WF,220809,San Martin,Yuracyacu,4,2023,0.1295574409539096,0.1386723228617289,0.0091148819078193,0.0091148819078193,8.30810721934918e-05
Persistencia_WF,220809,San Martin,Yuracyacu,5,2024,0.1247420316441183,0.1295574409539096,0.0048154093097912,0.0048154093097912,2.3188166820824555e-05
Persistencia_WF,220902,San Martin,Alberto Leveau,1,2020,0.6091401907637412,0.6093803609414671,0.0002401701777259,0.0002401701777259,5.768171426890436e-08
Persistencia_WF,220902,San Martin,Alberto Leveau,2,2021,0.5906470870788444,0.6091401907637412,0.0184931036848967,0.0184931036848967,0.0003419948839003
Persistencia_WF,220902,San Martin,Alberto Leveau,3,2022,0.6041995471076649,0.5906470870788444,-0.0135524600288204,0.0135524600288204,0.0001836691728327
Persistencia_WF,220902,San Martin,Alberto Leveau,4,2023,0.5961538461538461,0.6041995471076649,0.0080457009538187,0.0080457009538187,6.473330383827971e-05
Persistencia_WF,220902,San Martin,Alberto Leveau,5,2024,0.5823955259726892,0.5961538461538461,0.0137583201811569,0.0137583201811569,0.0001892913742072
Persistencia_WF,220906,San Martin,El Porvenir,1,2020,0.670344214080825,0.6818343560509785,0.0114901419701535,0.0114901419701535,0.0001320233624942
Persistencia_WF,220906,San Martin,El Porvenir,2,2021,0.6629443375331324,0.670344214080825,0.0073998765476925,0.0073998765476925,5.4758172921090736e-05
Persistencia_WF,220906,San Martin,El Porvenir,3,2022,0.6372517337787299,0.6629443375331324,0.0256926037544025,0.0256926037544025,0.0006601098876807
Persistencia_WF,220906,San Martin,El Porvenir,4,2023,0.61286082567808,0.6372517337787299,0.0243909081006499,0.0243909081006499,0.0005949163979743
Persistencia_WF,220906,San Martin,El Porvenir,5,2024,0.5942177117751716,0.61286082567808,0.0186431139029084,0.0186431139029084,0.0003475656959968
Persistencia_WF,220908,San Martin,Juan Guerra,1,2020,0.2865917630692296,0.2717188850425434,-0.0148728780266862,0.0148728780266862,0.0002212025007966
Persistencia_WF,220908,San Martin,Juan Guerra,2,2021,0.2870724278656172,0.2865917630692296,-0.0004806647963875,0.0004806647963875,2.3103864648632002e-07
Persistencia_WF,220908,San Martin,Juan Guerra,3,2022,0.2968336206537965,0.2870724278656172,-0.0097611927881792,0.0097611927881792,9.528088464800308e-05
Persistencia_WF,220908,San Martin,Juan Guerra,4,2023,0.2977117582625816,0.2968336206537965,-0.0008781376087851,0.0008781376087851,7.711256599628738e-07
Persistencia_WF,220908,San Martin,Juan Guerra,5,2024,0.2936261074932869,0.2977117582625816,0.0040856507692947,0.0040856507692947,1.6692542208638663e-05
Persistencia_WF,220909,San Martin,La Banda De Shilcayo,1,2020,0.7179674276651606,0.7185704956485813,0.0006030679834206,0.0006030679834206,3.636909926270987e-07
Persistencia_WF,220909,San Martin,La Banda De Shilcayo,2,2021,0.7108772140258286,0.7179674276651606,0.007090213639332,0.007090213639332,5.027112945137014e-05
Persistencia_WF,220909,San Martin,La Banda De Shilcayo,3,2022,0.7059627097410472,0.7108772140258286,0.0049145042847813,0.0049145042847813,2.415235236513426e-05
Persistencia_WF,220909,San Martin,La Banda De Shilcayo,4,2023,0.7010915197313182,0.7059627097410472,0.004871190009729,0.004871190009729,2.3728492110883816e-05
Persistencia_WF,220909,San Martin,La Banda De Shilcayo,5,2024,0.6972965228632735,0.7010915197313182,0.0037949968680447,0.0037949968680447,1.4402001228469402e-05
Persistencia_WF,220910,San Martin,Morales,1,2020,0.110057491411344,0.1064292224637173,-0.0036282689476266,0.0036282689476266,1.3164335556312084e-05
Persistencia_WF,220910,San Martin,Morales,2,2021,0.1069024749351468,0.110057491411344,0.0031550164761971,0.0031550164761971,9.95412896507573e-06
Persistencia_WF,220910,San Martin,Morales,3,2022,0.1048692420949309,0.1069024749351468,0.0020332328402159,0.0020332328402159,4.1340357825324425e-06
Persistencia_WF,220910,San Martin,Morales,4,2023,0.1050269929187407,0.1048692420949309,-0.0001577508238097,0.0001577508238097,2.4885322412669404e-08
Persistencia_WF,220910,San Martin,Morales,5,2024,0.0945277992007291,0.1050269929187407,0.0104991937180115,0.0104991937180115,0.0001102330687283
Persistencia_WF,220912,San Martin,San Antonio,1,2020,0.7783376458304961,0.7893912569794362,0.0110536111489401,0.0110536111489401,0.0001221823194319
Persistencia_WF,220912,San Martin,San Antonio,2,2021,0.7660016342094512,0.7783376458304961,0.0123360116210449,0.0123360116210449,0.0001521771827145
Persistencia_WF,220912,San Martin,San Antonio,3,2022,0.7495460529302284,0.7660016342094512,0.0164555812792228,0.0164555812792228,0.0002707861552371
Persistencia_WF,220912,San Martin,San Antonio,4,2023,0.7346792863952063,0.7495460529302284,0.014866766535022,0.014866766535022,0.0002210207472068
Persistencia_WF,220912,San Martin,San Antonio,5,2024,0.7255776476462844,0.7346792863952063,0.0091016387489218,0.0091016387489218,8.283982791587646e-05
Persistencia_WF,220913,San Martin,Sauce,1,2020,0.6452354324260063,0.6465651611085181,0.0013297286825117,0.0013297286825117,1.7681783690945656e-06
Persistencia_WF,220913,San Martin,Sauce,2,2021,0.6320174009528254,0.6452354324260063,0.0132180314731809,0.0132180314731809,0.000174716356026
Persistencia_WF,220913,San Martin,Sauce,3,2022,0.6290673406306965,0.6320174009528254,0.0029500603221289,0.0029500603221289,8.702855904199663e-06
Persistencia_WF,220913,San Martin,Sauce,4,2023,0.6163952904708648,0.6290673406306965,0.0126720501598316,0.0126720501598316,0.0001605808552532
Persistencia_WF,220913,San Martin,Sauce,5,2024,0.5985980608857225,0.6163952904708648,0.0177972295851422,0.0177972295851422,0.0003167413809062
Persistencia_WF,220914,San Martin,Shapaja,1,2020,0.6892116539092298,0.6940195078580581,0.0048078539488283,0.0048078539488283,2.311545959326409e-05
Persistencia_WF,220914,San Martin,Shapaja,2,2021,0.6752289054007106,0.6892116539092298,0.0139827485085192,0.0139827485085192,0.0001955172558524
Persistencia_WF,220914,San Martin,Shapaja,3,2022,0.6723075831101248,0.6752289054007106,0.0029213222905857,0.0029213222905857,8.534123925473034e-06
Persistencia_WF,220914,San Martin,Shapaja,4,2023,0.6692144183318577,0.6723075831101248,0.0030931647782671,0.0030931647782671,9.567668345512495e-06
Persistencia_WF,220914,San Martin,Shapaja,5,2024,0.6604915442288942,0.6692144183318577,0.0087228741029634,0.0087228741029634,7.608853261615063e-05
Persistencia_WF,221001,San Martin,Tocache,1,2020,0.6162956007522427,0.6130337726690458,-0.0032618280831968,0.0032618280831968,1.0639522444331704e-05
Persistencia_WF,221001,San Martin,Tocache,2,2021,0.6148581104783809,0.6162956007522427,0.0014374902738617,0.0014374902738617,2.0663782874471355e-06
Persistencia_WF,221001,San Martin,Tocache,3,2022,0.6148572312794367,0.6148581104783809,8.791989442036297e-07,8.791989442036297e-07,7.729907834887771e-13
Persistencia_WF,221001,San Martin,Tocache,4,2023,0.6140386970623326,0.6148572312794367,0.000818534217104,0.000818534217104,6.699982645702126e-07
Persistencia_WF,221001,San Martin,Tocache,5,2024,0.6039235132086453,0.6140386970623326,0.0101151838536872,0.0101151838536872,0.0001023169443938
Persistencia_WF,221002,San Martin,Nuevo Progreso,1,2020,0.6973144095206546,0.7023819861426919,0.0050675766220372,0.0050675766220372,2.56803328202187e-05
Persistencia_WF,221002,San Martin,Nuevo Progreso,2,2021,0.6897875520077874,0.6973144095206546,0.0075268575128671,0.0075268575128671,5.665358401900528e-05
Persistencia_WF,221002,San Martin,Nuevo Progreso,3,2022,0.6870881320936156,0.6897875520077874,0.0026994199141717,0.0026994199141717,7.28686787302715e-06
Persistencia_WF,221002,San Martin,Nuevo Progreso,4,2023,0.6772488644318729,0.6870881320936156,0.0098392676617427,0.0098392676617427,9.681118811941568e-05
Persistencia_WF,221002,San Martin,Nuevo Progreso,5,2024,0.6710181144155242,0.6772488644318729,0.0062307500163487,0.0062307500163487,3.882224576623011e-05
Persistencia_WF,221005,San Martin,Uchiza,1,2020,0.5566792570085992,0.559875943359584,0.0031966863509848,0.0031966863509848,1.0218803626572522e-05
Persistencia_WF,221005,San Martin,Uchiza,2,2021,0.5523026841319186,0.5566792570085992,0.0043765728766805,0.0043765728766805,1.9154390144896167e-05
Persistencia_WF,221005,San Martin,Uchiza,3,2022,0.548494801903648,0.5523026841319186,0.0038078822282706,0.0038078822282706,1.4499967064379564e-05
Persistencia_WF,221005,San Martin,Uchiza,4,2023,0.5418771774769189,0.548494801903648,0.006617624426729,0.006617624426729,4.379295305324145e-05
Persistencia_WF,221005,San Martin,Uchiza,5,2024,0.5332618072930179,0.5418771774769189,0.008615370183901,0.008615370183901,7.422460340565064e-05
Persistencia_WF,221006,San Martin,Santa Lucia,1,2020,0.182824881859643,0.1859544059015766,0.0031295240419336,0.0031295240419336,9.793920729040528e-06
Persistencia_WF,221006,San Martin,Santa Lucia,2,2021,0.1769483677998687,0.182824881859643,0.0058765140597742,0.0058765140597742,3.453341749472498e-05
Persistencia_WF,221006,San Martin,Santa Lucia,3,2022,0.177307817874232,0.1769483677998687,-0.0003594500743633,0.0003594500743633,1.292043559597851e-07
Persistencia_WF,221006,San Martin,Santa Lucia,4,2023,0.1746135911700594,0.177307817874232,0.0026942267041726,0.0026942267041726,7.258857533476768e-06
Persistencia_WF,221006,San Martin,Santa Lucia,5,2024,0.1692811987824865,0.1746135911700594,0.0053323923875728,0.0053323923875728,2.843440857504522e-05
Persistencia_WF,250102,Ucayali,Campoverde,1,2020,0.2482192292554717,0.2683877337282448,0.0201685044727731,0.0201685044727731,0.0004067685726682
Persistencia_WF,250102,Ucayali,Campoverde,2,2021,0.2337295790056501,0.2482192292554717,0.0144896502498216,0.0144896502498216,0.0002099499643621
Persistencia_WF,250102,Ucayali,Campoverde,3,2022,0.2124810715977239,0.2337295790056501,0.0212485074079262,0.0212485074079262,0.0004514990670646
Persistencia_WF,250102,Ucayali,Campoverde,4,2023,0.182746636247807,0.2124810715977239,0.0297344353499169,0.0297344353499169,0.0008841366455783
Persistencia_WF,250102,Ucayali,Campoverde,5,2024,0.1587664351898177,0.182746636247807,0.0239802010579892,0.0239802010579892,0.0005750500427815
Persistencia_WF,250105,Ucayali,Yarinacocha,1,2020,0.2701689860170256,0.2782698827730558,0.0081008967560302,0.0081008967560302,6.562452825186073e-05
Persistencia_WF,250105,Ucayali,Yarinacocha,2,2021,0.2625254950213657,0.2701689860170256,0.0076434909956599,0.0076434909956599,5.842295460073425e-05
Persistencia_WF,250105,Ucayali,Yarinacocha,3,2022,0.2491416954774339,0.2625254950213657,0.0133837995439317,0.0133837995439317,0.0001791260902321
Persistencia_WF,250105,Ucayali,Yarinacocha,4,2023,0.2268933187997779,0.2491416954774339,0.022248376677656,0.022248376677656,0.0004949902647908
Persistencia_WF,250105,Ucayali,Yarinacocha,5,2024,0.1846394586027725,0.2268933187997779,0.0422538601970053,0.0422538601970053,0.001785388701548
Persistencia_WF,250106,Ucayali,Nueva Requena,1,2020,0.7304465280109362,0.7549278141242681,0.0244812861133318,0.0244812861133318,0.0005993333697628
Persistencia_WF,250106,Ucayali,Nueva Requena,2,2021,0.6957867457578508,0.7304465280109362,0.0346597822530854,0.0346597822530854,0.0012013005058312
Persistencia_WF,250106,Ucayali,Nueva Requena,3,2022,0.6512524440498282,0.6957867457578508,0.0445343017080226,0.0445343017080226,0.0019833040286211
Persistencia_WF,250106,Ucayali,Nueva Requena,4,2023,0.6156661339918922,0.6512524440498282,0.035586310057936,0.035586310057936,0.0012663854635395
Persistencia_WF,250106,Ucayali,Nueva Requena,5,2024,0.5708956922038567,0.6156661339918922,0.0447704417880354,0.0447704417880354,0.0020043924578958
Persistencia_WF,250302,Ucayali,Irazola,1,2020,0.7117497004163131,0.7247700683445861,0.0130203679282729,0.0130203679282729,0.0001695299809875
Persistencia_WF,250302,Ucayali,Irazola,2,2021,0.6837468560173523,0.7117497004163131,0.0280028443989608,0.0280028443989608,0.0007841592944324
Persistencia_WF,250302,Ucayali,Irazola,3,2022,0.6615776631908061,0.6837468560173523,0.0221691928265461,0.0221691928265461,0.0004914731105805
Persistencia_WF,250302,Ucayali,Irazola,4,2023,0.650188780050078,0.6615776631908061,0.0113888831407281,0.0113888831407281,0.0001297066591931
Persistencia_WF,250302,Ucayali,Irazola,5,2024,0.6250830086667633,0.650188780050078,0.0251057713833147,0.0251057713833147,0.0006302997567512
Persistencia_WF,250304,Ucayali,Neshuya,1,2020,0.3336101290217445,0.3461552086949744,0.0125450796732299,0.0125450796732299,0.0001573790240076
Persistencia_WF,250304,Ucayali,Neshuya,2,2021,0.3085043822047768,0.3336101290217445,0.0251057468169677,0.0251057468169677,0.0006302985232376
Persistencia_WF,250304,Ucayali,Neshuya,3,2022,0.2822012342442556,0.3085043822047768,0.0263031479605211,0.0263031479605211,0.000691855592633
Persistencia_WF,250304,Ucayali,Neshuya,4,2023,0.2618156569056037,0.2822012342442556,0.0203855773386518,0.0203855773386518,0.0004155717634301
Persistencia_WF,250304,Ucayali,Neshuya,5,2024,0.2356187871530902,0.2618156569056037,0.0261968697525135,0.0261968697525135,0.0006862759848301
Persistencia_WF,250305,Ucayali,Alexander Von Humboldt,1,2020,0.2588474336953667,0.2739830993676253,0.0151356656722586,0.0151356656722586,0.0002290883753423
Persistencia_WF,250305,Ucayali,Alexander Von Humboldt,2,2021,0.237405240659667,0.2588474336953667,0.0214421930356997,0.0214421930356997,0.0004597676421802
Persistencia_WF,250305,Ucayali,Alexander Von Humboldt,3,2022,0.210026732788346,0.237405240659667,0.027378507871321,0.027378507871321,0.0007495826932599
Persistencia_WF,250305,Ucayali,Alexander Von Humboldt,4,2023,0.1937933439231335,0.210026732788346,0.0162333888652125,0.0162333888652125,0.0002635229140492
Persistencia_WF,250305,Ucayali,Alexander Von Humboldt,5,2024,0.17695297870417,0.1937933439231335,0.0168403652189634,0.0168403652189634,0.000283597900708
Persistencia_WF,250306,Ucayali,Huipoca,1,2020,0.7033036477746314,0.7267740578067229,0.0234704100320914,0.0234704100320914,0.0005508601470745
Persistencia_WF,250306,Ucayali,Huipoca,2,2021,0.675192466946301,0.7033036477746314,0.0281111808283304,0.0281111808283304,0.000790238487563
Persistencia_WF,250306,Ucayali,Huipoca,3,2022,0.6463355281778198,0.675192466946301,0.0288569387684811,0.0288569387684811,0.0008327229150878
Persistencia_WF,250306,Ucayali,Huipoca,4,2023,0.633915214210732,0.6463355281778198,0.0124203139670877,0.0124203139670877,0.000154264199041
Persistencia_WF,250306,Ucayali,Huipoca,5,2024,0.6053742491879774,0.633915214210732,0.0285409650227546,0.0285409650227546,0.0008145866844301
