departamento,rmse,mae
Ucayali,0.025117,0.023312
Cajamarca,0.021428,0.013849
Junin,0.015673,0.012911
Huanuco,0.016241,0.012463
Loreto,0.014774,0.010934
San Martin,0.012322,0.009983
Piura,0.011781,0.009892
Madre De Dios,0.01174,0.009849
Amazonas,0.009314,0.006655
Cusco,0.007684,0.006514
Ayacucho,0.006215,0.004794
Puno,0.005114,0.003339
