modelo,rmse,mae
Persistencia_WF,0.013743759856886395,0.009874186948622571
